handwheelAngle,throttle,brake,vxCG,axCG,ayCG,yawRate,rollRate,pitchRate,rollAngle,pitchAngle,chassisAccelFL,chassisAccelFR,chassisAccelRL,chassisAccelRR,wheelAccelFL,wheelAccelFR,wheelAccelRL,wheelAccelRR,deflectionFL,deflectionFR,deflectionRR,sideSlip,vyCG,longitude,latitude,time
-187.1,3.9,0.0,1.71,-0.16,-0.51,-8.86,-0.44,0.93,-0.41,0.09,10.585,11.625,8.437,8.741,10.89,10.3,12.16,10.89,-0.004,-0.003,-0.001,-7.05,-0.21,-80.3064607,26.9209057,657.85
-199.4,4.0,0.0,1.69,-0.37,-0.48,-9.42,0.74,0.31,-0.4,0.11,8.751,11.488,8.76,7.357,9.42,10.79,11.77,11.77,-0.004,-0.003,-0.001,-7.51,-0.22,-80.3064609,26.920905,657.9
-211.3,4.1,0.0,1.68,-0.32,-1.21,-10.23,1.19,-0.46,-0.36,0.09,6.818,11.517,7.809,8.692,9.12,10.59,10.69,12.75,-0.004,-0.003,-0.001,-8.3,-0.25,-80.3064611,26.9209042,657.95
-223.0,4.2,0.0,1.67,-0.52,-0.92,-11.15,-0.6,-0.34,-0.4,0.06,8.054,11.507,8.76,8.545,10.3,10.01,11.67,12.65,-0.004,-0.003,-0.001,-8.36,-0.25,-80.3064613,26.9209035,658.0
-234.2,4.2,0.0,1.65,-0.15,-0.11,-10.99,2.71,-0.34,-0.37,0.06,12.125,9.879,8.348,8.966,10.3,10.2,11.97,12.75,-0.004,-0.003,-0.001,-8.55,-0.25,-80.3064615,26.9209028,658.05
-247.6,4.3,0.0,1.67,0.39,-0.01,-10.9,2.53,-0.85,-0.33,0.07,12.567,10.497,9.163,10.31,11.48,10.79,12.07,10.59,-0.004,-0.004,-0.001,-8.57,-0.25,-80.3064617,26.9209021,658.1
-261.3,4.4,0.0,1.63,-0.09,0.02,-12.1,-2.2,-0.13,-0.44,0.06,13.508,7.828,9.604,9.467,11.28,8.44,12.07,10.79,-0.004,-0.003,-0.001,-9.61,-0.28,-80.306462,26.9209014,658.15
-274.3,4.5,0.0,1.63,0.19,-0.29,-12.87,1.07,-0.45,-0.41,0.04,13.871,7.181,9.427,10.919,10.99,8.53,10.69,11.28,-0.004,-0.003,-0.001,-9.31,-0.27,-80.3064622,26.9209007,658.2
-285.0,4.8,0.0,1.62,0.13,-0.43,-13.61,0.46,-0.26,-0.4,0.05,11.056,7.809,9.055,9.378,10.99,8.73,10.69,11.58,-0.004,-0.003,-0.001,-10.27,-0.29,-80.3064625,26.9209001,658.25
-295.7,5.0,0.0,1.6,-0.16,-0.1,-14.07,-0.83,-0.52,-0.43,0.04,13.41,7.465,8.839,9.27,11.97,8.04,11.18,12.46,-0.004,-0.003,-0.001,-10.54,-0.3,-80.3064627,26.9208994,658.3
-301.6,5.1,0.0,1.59,-0.04,0.11,-14.15,1.32,-0.4,-0.42,0.02,10.644,9.947,9.182,10.212,11.58,9.42,10.99,12.65,-0.004,-0.003,-0.001,-10.87,-0.31,-80.306463,26.9208988,658.35
-305.8,5.4,0.0,1.57,-0.15,-1.68,-14.15,-0.65,1.12,-0.44,0.06,8.78,8.123,8.231,9.329,10.2,8.63,10.89,12.95,-0.004,-0.003,-0.001,-12.0,-0.33,-80.3064633,26.9208981,658.4
-307.6,5.6,0.0,1.57,-0.31,-0.44,-14.36,0.82,0.02,-0.43,0.08,9.123,8.741,8.662,8.564,10.5,9.22,10.4,12.26,-0.004,-0.003,-0.001,-11.6,-0.32,-80.3064636,26.9208975,658.45
-307.9,5.7,0.0,1.57,-0.14,-0.33,-14.06,0.32,-0.15,-0.4,0.09,10.477,11.075,9.27,9.506,10.2,10.99,12.36,12.36,-0.004,-0.004,-0.001,-11.69,-0.32,-80.3064639,26.9208968,658.5
-308.2,5.7,0.0,1.55,-0.5,-0.37,-13.75,0.4,0.06,-0.41,0.09,7.74,9.761,9.359,8.093,10.01,9.71,12.75,11.48,-0.004,-0.003,-0.001,-11.68,-0.32,-80.3064642,26.9208962,658.55
-308.4,5.7,0.0,1.55,0.14,-0.04,-13.51,1.33,0.14,-0.39,0.1,8.113,10.251,9.182,8.711,9.91,9.81,11.58,11.67,-0.004,-0.003,-0.001,-11.05,-0.3,-80.3064645,26.9208956,658.6
-308.5,5.7,0.0,1.54,-0.18,-0.74,-14.13,0.01,0.83,-0.37,0.13,9.32,10.556,8.103,9.29,11.18,8.34,11.87,11.28,-0.004,-0.003,-0.001,-11.98,-0.33,-80.3064648,26.920895,658.65
-309.0,5.7,0.0,1.52,-0.19,-0.06,-13.9,-0.25,0.56,-0.41,0.14,9.339,9.81,9.163,8.711,11.48,8.14,11.87,10.1,-0.004,-0.003,-0.001,-11.97,-0.32,-80.3064652,26.9208944,658.7
-309.0,5.8,0.0,1.52,-0.13,-0.55,-13.93,0.75,-0.13,-0.39,0.13,11.252,8.162,8.574,8.868,11.28,9.12,11.77,12.16,-0.004,-0.003,-0.001,-11.7,-0.32,-80.3064655,26.9208938,658.75
-309.0,5.8,0.0,1.5,-0.48,0.03,-13.67,1.94,-0.39,-0.35,0.14,10.614,8.809,8.201,9.476,11.67,8.93,10.99,11.87,-0.004,-0.003,-0.001,-11.6,-0.31,-80.3064658,26.9208932,658.8
-308.9,5.6,0.0,1.51,0.06,-0.55,-13.66,0.17,-0.02,-0.36,0.15,10.144,8.348,8.083,9.516,10.89,8.93,11.87,12.36,-0.004,-0.003,-0.001,-11.92,-0.32,-80.3064662,26.9208926,658.85
-308.8,5.3,0.0,1.49,-0.72,-0.89,-13.3,-1.52,0.56,-0.39,0.17,7.397,10.448,8.623,8.093,8.93,9.12,11.97,11.67,-0.004,-0.003,-0.001,-11.74,-0.31,-80.3064665,26.9208921,658.9
-308.8,4.6,0.0,1.49,-0.26,-0.3,-13.74,1.08,0.98,-0.35,0.18,9.82,10.82,8.721,8.289,8.93,11.67,12.46,8.44,-0.004,-0.003,-0.001,-11.47,-0.3,-80.3064669,26.9208915,658.95
-308.5,3.7,0.0,1.48,-0.53,-0.3,-13.4,-2.05,0.54,-0.41,0.19,12.115,8.358,8.515,9.202,9.61,10.3,12.65,11.58,-0.004,-0.003,-0.001,-11.36,-0.3,-80.3064673,26.9208909,659.0
-308.0,3.7,0.0,1.48,0.08,-0.36,-13.03,2.68,-1.48,-0.37,0.14,7.711,9.957,9.064,9.398,10.89,9.12,10.99,12.65,-0.003,-0.003,-0.001,-11.13,-0.29,-80.3064676,26.9208904,659.05
-306.7,3.7,0.0,1.47,0.28,0.1,-13.01,0.36,-0.31,-0.4,0.16,10.124,10.408,8.427,9.457,11.48,8.93,10.2,12.95,-0.003,-0.003,-0.001,-11.47,-0.3,-80.3064681,26.9208898,659.1
-305.1,3.7,0.0,1.45,-0.39,-0.54,-13.16,-1.12,0.48,-0.46,0.16,9.427,8.888,8.927,8.643,10.5,9.81,12.65,11.58,-0.003,-0.003,-0.001,-11.6,-0.3,-80.3064685,26.9208893,659.15
-302.8,3.7,0.0,1.45,-0.13,-0.3,-13.41,0.95,-1.24,-0.46,0.13,11.556,7.819,8.917,9.212,10.5,9.52,11.48,12.75,-0.004,-0.003,-0.001,-11.34,-0.29,-80.3064689,26.9208888,659.2
-300.1,3.7,0.0,1.45,0.01,-0.31,-13.21,0.47,0.13,-0.47,0.13,9.771,9.692,9.153,9.879,11.38,9.12,12.36,11.97,-0.004,-0.003,-0.001,-11.24,-0.29,-80.3064693,26.9208882,659.25
-297.0,3.7,0.0,1.44,-0.08,-0.28,-12.8,0.08,-0.43,-0.5,0.13,10.134,8.123,8.839,9.035,11.48,10.01,12.46,11.77,-0.004,-0.003,-0.001,-11.01,-0.28,-80.3064696,26.9208877,659.3
-292.2,3.6,0.0,1.43,-0.15,-0.12,-12.5,0.29,-0.02,-0.52,0.14,9.633,9.781,8.849,8.701,10.4,9.03,12.56,10.1,-0.004,-0.003,-0.001,-11.03,-0.28,-80.30647,26.9208872,659.35
-286.8,3.7,0.0,1.42,-0.36,-0.77,-12.13,-1.99,0.81,-0.53,0.15,9.947,9.212,8.957,8.289,9.61,8.83,12.65,9.81,-0.004,-0.003,-0.001,-10.93,-0.27,-80.3064704,26.9208867,659.4
-280.3,3.7,0.0,1.4,-0.86,-0.31,-11.9,-0.81,0.68,-0.49,0.14,8.466,9.261,9.055,9.251,9.32,10.01,11.87,10.4,-0.004,-0.003,-0.001,-11.34,-0.28,-80.3064708,26.9208862,659.45
-275.0,3.7,0.0,1.34,-1.1,0.0,-11.39,1.1,0.14,-0.45,0.15,10.977,9.104,8.495,8.525,10.2,9.42,12.26,11.09,-0.004,-0.003,-0.001,-10.64,-0.25,-80.3064713,26.9208857,659.5
-271.5,3.7,0.0,1.27,-1.68,0.4,-10.16,-0.79,0.73,-0.45,0.19,9.329,10.958,8.751,8.633,10.89,9.91,12.36,10.69,-0.004,-0.004,-0.001,-9.79,-0.22,-80.3064715,26.9208852,659.55
-265.8,3.7,0.0,1.2,-1.65,-0.27,-9.59,-0.73,0.68,-0.44,0.2,10.359,9.869,8.917,8.937,10.2,9.22,11.67,11.28,-0.004,-0.004,-0.001,-10.07,-0.21,-80.3064719,26.9208848,659.6
-261.1,3.6,0.0,1.12,-1.55,0.38,-9.03,1.89,-0.61,-0.38,0.18,8.692,10.605,8.338,8.731,10.2,10.01,11.38,11.77,-0.004,-0.004,-0.001,-9.82,-0.19,-80.3064723,26.9208844,659.65
-256.5,3.6,0.0,1.03,-2.08,-0.58,-8.03,-0.07,0.43,-0.37,0.17,9.261,7.779,8.368,9.241,10.1,9.22,11.67,12.16,-0.004,-0.004,-0.001,-10.39,-0.19,-80.3064726,26.9208841,659.7
-252.7,3.7,0.0,0.95,-1.71,-0.04,-7.48,-0.39,0.55,-0.36,0.18,7.279,9.81,8.662,9.418,9.71,9.42,10.69,12.75,-0.004,-0.004,-0.001,0.0,-0.17,-80.3064729,26.9208838,659.75
-249.2,3.6,0.0,0.87,-1.78,0.2,-6.94,-0.48,-0.1,-0.37,0.17,7.799,12.017,7.573,8.074,10.4,9.71,10.4,12.16,-0.003,-0.004,-0.001,0.0,-0.15,-80.3064732,26.9208834,659.8
-246.3,3.6,0.0,0.83,-0.65,-0.26,-6.37,0.79,-0.78,-0.37,0.15,12.37,7.299,8.917,9.633,10.01,9.03,12.46,12.75,-0.003,-0.004,-0.001,0.0,-0.15,-80.3064734,26.9208831,659.85
-243.9,3.6,0.0,0.77,-1.24,0.93,-5.99,-0.01,0.18,-0.39,0.15,10.958,9.584,8.858,9.516,11.48,10.1,10.69,9.71,-0.003,-0.004,-0.001,0.0,-0.11,-80.3064737,26.9208829,659.9
-242.4,3.6,0.0,0.73,-0.54,-0.42,-4.51,-1.8,0.65,-0.4,0.17,7.662,10.34,9.192,9.741,9.71,10.1,12.75,12.26,-0.003,-0.004,-0.001,0.0,-0.12,-80.3064739,26.9208826,659.95
-240.6,3.7,0.0,0.67,-1.21,-0.12,-4.8,3.08,-1.22,-0.37,0.16,10.34,10.193,8.172,8.545,9.12,9.22,11.38,13.44,-0.003,-0.004,-0.001,0.0,-0.11,-80.3064741,26.9208823,660.0
-239.0,3.9,0.0,0.59,-1.49,0.25,-4.2,0.55,-0.29,-0.4,0.17,8.407,11.36,9.074,9.035,10.01,10.3,9.81,11.87,-0.003,-0.004,-0.001,0.0,-0.08,-80.3064743,26.9208821,660.05
-238.0,4.0,0.0,0.53,-1.29,-0.24,-3.55,-2.23,0.41,-0.43,0.19,7.564,11.066,8.976,8.721,9.71,9.52,11.38,11.48,-0.003,-0.004,-0.001,0.0,-0.09,-80.3064745,26.9208819,660.1
-236.2,4.1,0.0,0.44,-1.49,0.14,-3.11,0.01,-0.55,-0.41,0.18,11.036,8.613,8.79,8.731,9.71,10.01,12.07,10.59,-0.003,-0.004,-0.001,0.0,-0.07,-80.3064747,26.9208817,660.15
-234.8,4.2,0.0,0.37,-1.35,0.53,-2.55,-0.72,0.37,-0.41,0.19,7.976,11.429,8.888,8.937,10.79,8.93,11.77,11.77,-0.003,-0.004,-0.001,0.0,-0.05,-80.3064748,26.9208816,660.2
-233.1,4.5,0.0,0.3,-1.76,-0.36,-2.13,0.16,-0.07,-0.38,0.19,11.9,7.995,8.25,9.163,10.3,9.52,12.65,10.79,-0.003,-0.004,-0.001,0.0,-0.06,-80.3064749,26.9208815,660.25
-232.2,5.8,0.0,0.23,-1.62,0.96,-1.71,-0.21,0.04,-0.41,0.18,11.566,8.515,8.907,9.025,11.18,8.53,12.07,10.99,-0.003,-0.004,-0.001,0.0,-0.03,-80.3064751,26.9208813,660.3
-231.6,7.6,0.0,0.16,-1.57,0.39,-1.18,0.38,0.22,-0.4,0.19,11.35,8.044,8.378,9.486,11.28,8.24,11.77,11.38,-0.003,-0.004,-0.001,0.0,-0.02,-80.3064751,26.9208812,660.35
-231.2,9.0,0.0,0.08,-1.51,-0.7,-0.66,1.4,-0.25,-0.37,0.19,6.896,10.977,9.192,9.604,9.32,10.01,10.79,14.52,-0.003,-0.004,-0.001,0.0,-0.02,-80.3064752,26.9208812,660.4
-230.6,10.3,0.0,-0.0,-1.57,0.88,-0.4,3.31,-1.14,-0.35,0.19,14.038,11.095,7.21,8.692,10.99,9.81,9.32,14.42,-0.003,-0.004,-0.001,0.0,0.01,-80.3064752,26.9208812,660.45
-230.3,11.0,0.0,-0.05,0.07,-0.12,0.44,-0.18,-0.36,-0.36,0.2,9.3,12.076,9.702,9.31,11.97,10.3,10.79,10.79,-0.003,-0.004,-0.001,0.0,-0.0,-80.3064752,26.9208812,660.5
-229.3,11.5,0.0,-0.0,0.56,-0.67,0.05,0.3,-1.75,-0.41,0.16,10.173,10.242,8.692,8.652,8.24,11.38,11.58,12.36,-0.003,-0.004,-0.001,0.0,0.0,-80.3064752,26.9208812,660.55
-228.7,11.6,0.0,0.02,0.19,1.52,-0.35,1.76,-1.08,-0.4,0.12,8.545,12.233,9.849,8.348,10.69,10.5,10.2,11.28,-0.003,-0.004,-0.001,0.0,0.02,-80.3064752,26.9208812,660.6
-228.6,11.5,0.0,-0.0,-0.42,-0.72,0.61,0.11,0.3,-0.37,0.13,10.448,10.065,8.211,8.456,9.12,11.48,13.93,12.16,-0.002,-0.004,-0.001,0.0,-0.0,-80.3064752,26.9208812,660.65
-228.6,5.4,0.0,-0.0,0.36,-0.0,-0.27,0.24,0.26,-0.37,0.15,9.369,10.467,9.643,8.427,10.5,10.69,10.99,10.79,-0.002,-0.004,-0.001,0.0,-0.0,-80.3064752,26.9208812,660.7
-228.6,3.7,0.0,0.0,0.12,-0.57,-0.39,-1.44,-0.05,-0.39,0.13,8.996,11.154,9.212,9.29,10.4,9.22,13.15,9.61,-0.003,-0.004,-0.001,0.0,0.01,-80.3064752,26.9208812,660.75
-228.7,3.7,0.0,0.01,0.02,0.2,0.21,-2.62,0.53,-0.44,0.14,8.505,11.37,9.977,8.692,10.69,10.99,11.28,10.69,-0.003,-0.004,-0.001,0.0,0.01,-80.3064752,26.9208812,660.8
-228.5,3.6,0.0,0.02,-0.18,0.09,-0.03,0.94,0.31,-0.43,0.14,9.761,9.869,10.565,7.809,9.61,11.58,13.05,11.18,-0.003,-0.004,-0.001,0.0,0.01,-80.3064752,26.9208812,660.85
-228.5,3.7,0.0,0.01,0.38,0.44,0.39,1.34,-0.54,-0.41,0.13,8.966,10.869,8.26,10.153,11.48,9.71,10.79,11.09,-0.003,-0.004,-0.001,0.0,0.01,-80.3064752,26.9208812,660.9
-228.5,3.7,0.0,0.0,-0.09,-1.01,-0.36,-2.32,0.56,-0.47,0.14,10.281,5.425,8.397,8.888,10.99,7.95,11.38,13.54,-0.003,-0.004,-0.001,0.0,-0.01,-80.3064752,26.9208812,660.95
-228.5,3.7,0.0,-0.0,-0.42,0.49,-0.6,1.28,-0.11,-0.41,0.13,10.369,11.438,7.868,9.359,11.18,9.42,10.5,9.91,-0.003,-0.004,-0.001,0.0,0.0,-80.3064752,26.9208812,661.0
-228.5,3.6,0.0,0.01,0.38,0.62,0.09,0.35,-0.21,-0.42,0.13,7.357,10.938,9.241,8.77,9.81,10.01,12.46,10.69,-0.003,-0.004,-0.001,0.0,0.01,-80.3064752,26.9208812,661.05
-228.5,3.6,0.0,0.01,-0.09,0.14,-0.13,1.32,-0.01,-0.41,0.13,6.533,10.977,9.418,8.809,9.71,10.01,10.79,12.95,-0.003,-0.004,-0.001,0.0,0.03,-80.3064752,26.9208812,661.1
-228.2,3.6,0.0,0.01,0.07,0.36,0.15,1.0,-0.49,-0.41,0.13,7.917,10.644,9.388,9.192,10.2,10.01,10.59,12.56,-0.003,-0.004,-0.001,0.0,0.01,-80.3064752,26.9208811,661.15
-228.2,3.7,0.0,0.02,0.56,0.95,-0.28,1.0,-0.48,-0.43,0.14,10.291,9.987,9.231,8.692,10.89,9.71,11.67,11.28,-0.003,-0.004,-0.001,0.0,0.02,-80.3064752,26.9208811,661.2
-228.1,3.7,0.0,0.01,-0.12,-0.63,0.18,0.51,-0.05,-0.42,0.15,11.203,8.77,8.397,9.378,10.79,9.32,11.28,11.09,-0.003,-0.004,-0.001,0.0,-0.01,-80.3064752,26.9208811,661.25
-228.0,3.7,0.0,0.0,-0.02,-0.56,0.08,-1.56,0.47,-0.45,0.15,7.917,10.752,9.27,9.526,10.5,9.22,10.99,10.2,-0.003,-0.004,-0.001,0.0,-0.01,-80.3064753,26.9208811,661.3
-228.0,3.6,0.0,0.01,-0.09,0.17,-0.16,1.17,-0.27,-0.42,0.13,11.684,7.171,8.456,9.055,9.71,9.42,11.87,12.95,-0.003,-0.004,-0.001,0.0,0.01,-80.3064753,26.9208811,661.35
-228.0,3.7,0.0,0.01,0.16,0.25,0.12,1.2,-0.07,-0.41,0.13,8.888,10.202,9.123,9.378,11.77,8.53,10.2,11.38,-0.003,-0.004,-0.001,0.0,0.01,-80.3064753,26.9208811,661.4
-228.0,3.7,0.0,0.02,0.06,-0.4,0.07,-1.44,-0.18,-0.44,0.13,7.828,10.124,9.31,8.751,9.81,9.91,11.77,12.75,-0.003,-0.004,-0.001,0.0,0.02,-80.3064753,26.9208811,661.45
-228.0,3.7,0.0,0.0,-0.42,-0.19,0.16,-0.65,0.43,-0.44,0.15,8.692,10.173,8.917,8.535,9.32,9.42,11.58,10.4,-0.003,-0.004,-0.001,0.0,0.0,-80.3064753,26.9208811,661.5
-228.0,3.7,0.0,-0.0,-0.38,-0.39,0.52,-2.88,1.1,-0.47,0.15,9.545,9.908,9.575,8.809,9.42,10.5,11.28,10.89,-0.003,-0.004,-0.001,0.0,-0.0,-80.3064753,26.9208811,661.55
-228.0,3.7,0.0,0.0,-0.28,-0.04,0.48,0.19,0.02,-0.43,0.14,9.32,10.457,9.27,9.133,10.5,10.5,11.97,11.87,-0.003,-0.004,-0.001,0.0,-0.01,-80.3064753,26.9208811,661.6
-227.9,3.6,0.0,0.01,0.11,-0.14,-0.09,1.31,0.22,-0.41,0.14,10.055,9.682,9.035,9.349,10.89,9.61,11.87,11.09,-0.003,-0.004,-0.001,0.0,0.02,-80.3064753,26.9208811,661.65
-227.9,3.6,0.0,0.01,-0.17,-0.15,0.11,-0.73,-0.13,-0.44,0.14,8.613,8.996,8.917,8.338,9.42,10.69,12.46,11.58,-0.003,-0.004,-0.001,0.0,0.04,-80.3064753,26.9208811,661.7
-227.8,3.7,0.0,0.01,-0.11,-0.23,-0.19,-0.45,0.5,-0.44,0.15,10.448,7.701,9.29,9.584,10.01,9.12,11.87,11.77,-0.003,-0.004,-0.001,0.0,0.05,-80.3064753,26.9208811,661.75
-227.7,3.7,0.0,0.01,0.04,0.07,-0.3,-0.65,0.09,-0.44,0.14,8.446,8.407,9.104,9.663,9.81,10.01,11.58,11.38,-0.003,-0.004,-0.001,0.0,0.07,-80.3064753,26.9208811,661.8
-227.7,3.6,0.0,0.01,-0.64,-0.12,-0.15,-0.29,0.57,-0.47,0.15,9.594,9.869,7.819,8.123,11.28,8.63,11.09,11.28,-0.003,-0.004,-0.001,0.0,0.1,-80.3064753,26.9208811,661.85
-227.7,3.6,0.0,0.02,0.58,-0.18,-0.27,-0.45,-0.39,-0.45,0.13,10.045,8.427,9.535,10.222,10.69,9.42,12.26,12.07,-0.003,-0.004,-0.001,0.0,0.11,-80.3064753,26.9208811,661.9
-227.5,3.6,0.0,0.02,-0.35,-0.1,-0.09,2.38,-0.29,-0.41,0.14,10.556,8.976,8.486,8.652,9.61,10.01,12.65,12.07,-0.003,-0.004,-0.001,0.0,0.13,-80.3064753,26.9208811,661.95
-227.7,3.6,0.0,0.02,0.3,0.34,-0.29,-0.02,-0.16,-0.43,0.16,9.584,9.545,8.849,9.526,9.81,9.71,10.5,12.75,-0.003,-0.004,-0.001,0.0,0.15,-80.3064753,26.9208811,662.0
-227.7,3.6,0.0,0.01,-0.07,-0.14,0.15,-0.49,-0.66,-0.45,0.14,9.496,9.8,9.153,8.849,9.91,10.01,12.07,11.18,-0.003,-0.004,-0.001,0.0,0.01,-80.3064753,26.920881,662.05
-227.9,3.6,0.0,0.01,-0.05,-0.21,-0.27,0.42,-0.04,-0.41,0.15,9.015,10.212,9.055,8.996,9.52,10.79,11.58,11.67,-0.003,-0.004,-0.001,0.0,0.0,-80.3064753,26.920881,662.1
-227.7,3.6,0.0,0.01,-0.05,0.02,0.08,-0.98,0.07,-0.45,0.14,9.437,9.869,9.251,8.535,9.71,10.2,12.75,10.69,-0.003,-0.004,-0.001,0.0,0.0,-80.3064753,26.920881,662.15
-227.7,3.6,0.0,0.01,-0.06,-0.26,0.38,0.07,-0.25,-0.41,0.15,8.947,10.016,8.986,9.113,9.52,10.2,12.07,12.07,-0.003,-0.004,-0.001,0.0,0.0,-80.3064753,26.920881,662.2
-227.7,3.6,0.0,0.01,-0.05,0.08,0.29,-0.45,-0.13,-0.44,0.14,9.575,9.457,9.045,8.829,10.01,10.01,11.77,11.58,-0.003,-0.004,-0.001,0.0,0.01,-80.3064753,26.920881,662.25
-227.8,3.6,0.0,0.01,0.03,-0.15,-0.41,0.35,-0.06,-0.42,0.14,9.378,9.839,8.888,9.015,10.2,10.01,11.58,11.87,-0.003,-0.004,-0.001,0.0,0.0,-80.3064753,26.920881,662.3
-227.7,3.6,0.0,0.01,-0.08,0.02,0.13,-0.27,0.03,-0.43,0.13,9.624,9.624,9.104,9.035,10.3,10.3,12.26,11.58,-0.003,-0.004,-0.001,0.0,0.01,-80.3064753,26.920881,662.35
-227.8,3.6,0.0,0.01,0.02,-0.1,0.07,-0.2,-0.16,-0.41,0.14,9.506,9.702,8.957,9.025,10.2,9.71,11.58,11.77,-0.003,-0.004,-0.001,0.0,0.01,-80.3064753,26.920881,662.4
-227.7,3.6,0.0,0.01,-0.04,-0.07,-0.39,-0.32,-0.04,-0.39,0.15,9.496,9.643,8.957,9.025,10.01,9.81,11.38,11.48,-0.003,-0.004,-0.001,0.0,0.01,-80.3064753,26.920881,662.45
-227.8,3.6,0.0,0.01,0.0,-0.04,0.04,0.21,-0.32,-0.42,0.14,9.565,9.594,8.957,9.006,10.5,9.81,11.77,11.48,-0.003,-0.004,-0.001,0.0,0.01,-80.3064753,26.920881,662.5
-227.7,3.6,0.0,0.01,-0.01,-0.11,0.04,-0.12,-0.03,-0.41,0.12,9.516,9.633,8.917,9.006,10.3,9.71,11.58,11.48,-0.003,-0.004,-0.001,0.0,0.01,-80.3064753,26.920881,662.55
-227.8,3.6,0.0,0.01,-0.03,-0.08,0.13,0.04,0.08,-0.45,0.12,9.555,9.624,8.947,8.996,10.5,9.61,11.58,11.28,-0.003,-0.004,-0.001,0.0,0.01,-80.3064753,26.920881,662.6
-227.8,3.6,0.0,0.01,-0.04,-0.08,-0.29,0.21,0.1,-0.42,0.15,9.516,9.712,8.819,8.966,10.3,9.71,11.58,11.18,-0.003,-0.004,-0.001,0.0,0.01,-80.3064753,26.920881,662.65
-227.7,3.6,0.0,0.01,-0.0,-0.06,0.05,-0.16,0.17,-0.42,0.15,9.506,9.643,8.937,8.976,10.4,9.52,11.58,11.58,-0.003,-0.004,-0.001,0.0,0.0,-80.3064754,26.920881,662.7
-227.7,3.6,0.0,0.01,0.0,-0.07,0.15,-0.14,0.34,-0.41,0.16,9.467,9.692,8.976,9.123,9.91,10.1,11.97,11.87,-0.003,-0.004,-0.001,0.0,0.0,-80.3064754,26.920881,662.75
-227.8,3.6,0.0,0.02,-0.0,-0.08,-0.07,0.18,0.15,-0.41,0.17,9.565,9.673,8.957,8.966,10.5,9.71,11.87,11.58,-0.003,-0.004,-0.001,0.0,0.01,-80.3064754,26.920881,662.8
-227.7,3.6,0.0,0.01,-0.05,-0.08,0.11,0.23,-0.39,-0.41,0.17,9.526,9.722,8.917,9.006,10.01,9.61,11.58,11.58,-0.003,-0.004,-0.001,0.0,0.0,-80.3064754,26.920881,662.85
-227.7,3.6,0.0,0.01,-0.03,-0.09,-0.21,0.24,0.02,-0.41,0.18,9.555,9.633,8.957,9.045,10.1,9.81,11.67,11.58,-0.003,-0.004,-0.001,0.0,0.0,-80.3064754,26.920881,662.9
-227.8,3.6,0.0,0.01,0.01,-0.06,0.22,-0.08,-0.02,-0.4,0.19,9.486,9.624,8.888,9.006,10.2,9.81,11.77,11.87,-0.003,-0.004,-0.001,0.0,0.0,-80.3064754,26.920881,662.95
-227.7,3.6,0.0,0.02,-0.04,-0.04,0.19,-0.1,0.27,-0.4,0.19,9.506,9.663,8.927,9.035,10.1,9.52,12.07,11.38,-0.003,-0.004,-0.001,0.0,0.01,-80.3064754,26.920881,663.0
-227.7,3.6,0.0,0.02,-0.02,-0.05,0.18,-0.44,-0.54,-0.4,0.2,9.506,9.663,8.947,9.035,10.3,9.61,11.48,11.38,-0.003,-0.004,-0.001,0.0,0.01,-80.3064754,26.920881,663.05
-227.7,3.6,0.0,0.02,-0.0,-0.07,-0.05,0.39,0.1,-0.42,0.14,9.496,9.673,8.947,9.006,10.3,9.71,11.97,11.58,-0.003,-0.004,-0.001,0.0,0.01,-80.3064754,26.920881,663.1
-227.7,3.6,0.0,0.01,-0.02,-0.12,0.31,-0.19,-0.19,-0.42,0.13,9.516,9.643,8.976,9.015,10.2,10.01,11.58,11.58,-0.003,-0.004,-0.001,0.0,0.01,-80.3064754,26.9208809,663.15
-227.7,3.6,0.0,0.01,-0.01,-0.08,-0.12,0.18,0.66,-0.42,0.16,9.526,9.614,8.907,8.937,10.4,9.61,11.87,11.58,-0.003,-0.004,-0.001,0.0,0.0,-80.3064754,26.9208809,663.2
-227.7,3.6,0.0,0.01,-0.01,-0.03,-0.01,-0.16,0.33,-0.42,0.14,9.526,9.663,8.8,8.947,10.2,9.91,11.77,11.58,-0.003,-0.004,-0.001,0.0,0.0,-80.3064754,26.9208809,663.25
-227.7,3.6,0.0,0.02,-0.02,-0.03,-0.01,0.43,-0.36,-0.43,0.14,9.476,9.692,8.937,9.006,10.59,9.81,11.77,11.58,-0.003,-0.004,-0.001,0.0,0.01,-80.3064754,26.9208809,663.3
-227.7,3.6,0.0,0.02,-0.01,-0.04,0.1,-0.28,-0.05,-0.44,0.14,9.496,9.614,8.976,9.015,10.4,9.71,11.87,11.58,-0.003,-0.004,-0.001,0.0,0.01,-80.3064754,26.9208809,663.35
-227.8,3.6,0.0,0.02,-0.01,-0.13,0.17,0.03,0.29,-0.42,0.14,9.496,9.643,8.937,8.976,10.01,9.71,11.58,11.09,-0.003,-0.004,-0.001,0.0,0.02,-80.3064754,26.9208809,663.4
-227.7,3.6,0.0,0.02,-0.03,-0.08,0.03,0.09,0.01,-0.42,0.14,9.496,9.692,8.957,8.996,10.3,9.91,11.87,11.77,-0.003,-0.004,-0.001,0.0,0.02,-80.3064754,26.9208809,663.45
-227.7,3.6,0.0,0.01,-0.01,-0.08,-0.04,0.39,-0.13,-0.42,0.14,9.467,9.682,8.957,9.035,10.3,9.71,11.67,11.58,-0.003,-0.004,-0.001,0.0,0.0,-80.3064754,26.9208809,663.5
-227.7,3.6,0.0,0.02,-0.01,-0.02,-0.13,0.05,0.14,-0.41,0.14,9.506,9.682,8.966,9.045,10.1,9.81,11.48,11.38,-0.003,-0.004,-0.001,0.0,0.01,-80.3064754,26.9208809,663.55
-227.8,3.6,0.0,0.02,-0.0,-0.06,0.1,0.07,0.26,-0.41,0.14,9.496,9.624,8.819,8.907,10.4,9.61,11.48,11.58,-0.003,-0.004,-0.001,0.0,0.01,-80.3064754,26.9208809,663.6
-227.7,3.6,0.0,0.02,-0.03,-0.06,0.07,-0.39,0.13,-0.4,0.14,9.496,9.624,8.957,9.025,10.3,9.91,11.77,11.28,-0.003,-0.004,-0.001,0.0,0.01,-80.3064754,26.9208809,663.65
-227.8,3.6,0.0,0.02,-0.02,-0.11,-0.04,-0.18,-0.09,-0.42,0.14,9.526,9.663,8.937,8.996,10.3,9.61,12.07,11.67,-0.003,-0.004,-0.001,0.0,0.01,-80.3064754,26.9208809,663.7
-227.8,3.6,0.0,0.01,-0.01,-0.07,0.03,-0.07,-0.15,-0.41,0.15,9.516,9.663,8.917,9.006,10.1,9.81,11.77,11.38,-0.003,-0.004,-0.001,0.0,0.01,-80.3064754,26.9208809,663.75
-227.7,3.6,0.0,0.02,-0.02,-0.05,-0.08,-0.05,-0.27,-0.39,0.15,9.476,9.663,8.898,9.006,9.81,9.71,11.48,11.38,-0.003,-0.004,-0.001,0.0,0.01,-80.3064754,26.9208809,663.8
-227.7,3.6,0.0,0.02,-0.01,-0.02,0.09,-0.31,0.21,-0.43,0.14,9.506,9.653,8.957,9.006,10.2,9.71,11.87,11.58,-0.003,-0.004,-0.001,0.0,0.01,-80.3064754,26.9208809,663.85
-227.7,3.6,0.0,0.02,-0.0,-0.1,0.15,0.04,0.15,-0.44,0.15,9.526,9.682,8.927,9.025,10.2,9.81,11.87,11.67,-0.003,-0.004,-0.001,0.0,0.01,-80.3064754,26.9208809,663.9
-227.7,3.6,0.0,0.02,-0.03,-0.07,0.27,-0.14,0.05,-0.46,0.16,9.516,9.663,8.966,9.006,10.59,9.91,11.77,11.48,-0.003,-0.004,-0.001,0.0,0.01,-80.3064754,26.9208809,663.95
-227.7,3.6,0.0,0.02,-0.01,-0.09,-0.06,0.02,-0.04,-0.47,0.18,9.506,9.673,8.937,9.006,10.2,9.71,11.77,11.77,-0.003,-0.004,-0.001,0.0,0.01,-80.3064754,26.9208809,664.0
-227.8,3.6,0.0,0.02,-0.02,-0.07,-0.02,-0.22,-0.23,-0.42,0.14,9.457,9.633,8.947,9.035,10.3,9.61,11.58,11.48,-0.003,-0.004,-0.001,0.0,0.01,-80.3064754,26.9208809,664.05
-227.8,3.6,0.0,0.02,-0.02,-0.06,0.34,-0.01,0.25,-0.42,0.14,9.467,9.682,8.917,8.986,10.3,9.61,11.58,11.38,-0.003,-0.004,-0.001,0.0,0.02,-80.3064754,26.9208809,664.1
-227.7,3.6,0.0,0.02,-0.0,-0.07,-0.17,0.04,0.1,-0.41,0.15,9.535,9.692,8.937,9.025,10.1,9.71,11.87,11.67,-0.003,-0.004,-0.001,0.0,0.02,-80.3064754,26.9208809,664.15
-227.7,3.6,0.0,0.02,-0.03,-0.06,0.07,0.02,-0.04,-0.41,0.15,9.516,9.682,8.966,9.035,10.2,9.81,12.07,11.58,-0.003,-0.004,-0.001,0.0,0.02,-80.3064754,26.9208809,664.2
-227.7,3.6,0.0,0.02,-0.03,-0.06,0.41,-0.05,-0.15,-0.4,0.15,9.496,9.633,8.927,9.015,10.2,9.71,11.67,11.67,-0.003,-0.004,-0.001,0.0,0.02,-80.3064754,26.9208809,664.25
-227.7,3.6,0.0,0.02,-0.0,-0.09,-0.2,0.16,0.2,-0.4,0.15,9.427,9.663,8.937,8.996,10.2,9.71,11.87,11.28,-0.003,-0.004,-0.001,0.0,0.02,-80.3064754,26.9208809,664.3
-227.7,3.6,0.0,0.02,-0.04,-0.03,0.15,-0.29,-0.16,-0.43,0.14,9.584,9.643,8.957,8.927,10.3,9.61,11.87,11.38,-0.003,-0.004,-0.001,0.0,0.02,-80.3064754,26.9208809,664.35
-227.7,3.6,0.0,0.02,-0.03,-0.13,0.03,0.33,0.15,-0.43,0.14,9.506,9.692,8.976,8.917,10.1,9.91,11.77,11.09,-0.003,-0.004,-0.001,0.0,0.02,-80.3064754,26.9208809,664.4
-227.7,3.6,0.0,0.02,-0.05,-0.07,0.15,0.13,0.34,-0.43,0.14,9.516,9.722,8.996,9.035,10.01,9.81,11.87,11.77,-0.003,-0.004,-0.001,0.0,0.02,-80.3064754,26.9208809,664.45
-227.7,3.6,0.0,0.02,-0.0,-0.09,0.56,0.02,0.11,-0.43,0.14,9.486,9.722,8.947,9.064,10.1,10.1,11.77,11.58,-0.003,-0.004,-0.001,0.0,0.02,-80.3064754,26.9208809,664.5
-227.7,3.6,0.0,0.02,-0.03,-0.05,0.08,-0.24,-0.45,-0.44,0.16,9.565,9.624,8.898,8.966,10.2,9.61,11.58,11.38,-0.003,-0.004,-0.001,0.0,0.02,-80.3064754,26.9208809,664.55
-227.7,3.6,0.0,0.02,-0.03,-0.11,0.11,0.31,0.1,-0.43,0.16,9.535,9.643,8.927,9.025,10.3,9.71,11.67,11.48,-0.003,-0.004,-0.001,0.0,0.02,-80.3064754,26.9208809,664.6
-227.7,3.6,0.0,0.01,-0.04,-0.1,0.24,0.07,0.08,-0.43,0.14,9.555,9.604,8.937,9.015,10.3,10.1,11.87,11.58,-0.003,-0.004,-0.001,0.0,0.01,-80.3064754,26.9208809,664.65
-227.7,3.6,0.0,0.01,0.02,-0.07,0.08,-0.17,0.02,-0.43,0.14,9.516,9.624,8.917,9.015,10.3,9.81,11.77,11.38,-0.003,-0.004,-0.001,0.0,0.0,-80.3064754,26.9208809,664.7
-227.7,3.6,0.0,0.02,0.0,-0.06,-0.2,0.25,-0.11,-0.43,0.14,9.476,9.633,8.917,9.035,10.1,9.52,11.77,11.48,-0.003,-0.004,-0.001,0.0,0.01,-80.3064754,26.9208809,664.75
-227.8,3.6,0.0,0.02,-0.04,-0.02,0.1,-0.17,0.04,-0.43,0.14,9.516,9.692,8.888,8.947,10.1,9.91,11.97,11.58,-0.003,-0.004,-0.001,0.0,0.01,-80.3064754,26.9208809,664.8
-227.7,3.6,0.0,0.02,-0.05,-0.06,0.13,0.04,-0.17,-0.44,0.14,9.496,9.692,8.878,9.025,10.2,9.42,11.48,11.38,-0.003,-0.004,-0.001,0.0,0.01,-80.3064754,26.9208809,664.85
-227.7,3.6,0.0,0.02,0.0,-0.1,-0.04,0.38,-0.21,-0.43,0.13,9.486,9.624,9.015,9.035,10.01,9.52,11.97,11.58,-0.003,-0.004,-0.001,0.0,0.01,-80.3064754,26.9208809,664.9
-227.7,3.6,0.0,0.02,-0.01,-0.1,0.03,0.16,-0.21,-0.43,0.15,9.486,9.682,8.986,9.035,10.01,9.81,11.77,11.28,-0.003,-0.004,-0.001,0.0,0.01,-80.3064754,26.9208809,664.95
-227.7,3.6,0.0,0.01,-0.03,-0.06,0.04,-0.19,-0.18,-0.43,0.14,9.467,9.712,8.898,8.957,10.3,9.71,11.77,11.38,-0.003,-0.004,-0.001,0.0,0.0,-80.3064754,26.9208809,665.0
-227.7,3.6,0.0,0.01,-0.01,-0.06,-0.11,0.07,-0.09,-0.44,0.15,9.496,9.673,8.957,9.045,10.1,9.81,11.67,11.67,-0.003,-0.004,-0.001,0.0,0.0,-80.3064754,26.9208809,665.05
-227.7,3.6,0.0,0.02,-0.02,-0.03,0.08,0.09,0.1,-0.42,0.15,9.486,9.692,8.917,9.025,10.1,9.81,11.97,11.58,-0.003,-0.004,-0.001,0.0,0.01,-80.3064754,26.9208809,665.1
-227.7,3.6,0.0,0.02,-0.03,-0.05,-0.11,-0.23,-0.24,-0.44,0.13,9.506,9.653,8.937,8.966,10.01,9.71,11.97,11.38,-0.003,-0.004,-0.001,0.0,0.01,-80.3064754,26.9208809,665.15
-227.7,3.6,0.0,0.02,-0.03,-0.09,0.15,-0.11,-0.17,-0.43,0.14,9.467,9.653,8.957,9.015,10.1,9.61,11.87,11.58,-0.003,-0.004,-0.001,0.0,0.01,-80.3064754,26.9208809,665.2
-227.7,3.6,0.0,0.01,-0.01,-0.1,0.31,0.02,-0.21,-0.43,0.13,9.516,9.682,8.957,8.996,10.3,9.52,11.58,11.58,-0.003,-0.004,-0.001,0.0,0.0,-80.3064754,26.9208809,665.25
-227.7,3.6,0.0,0.01,-0.02,-0.09,0.28,-0.25,-0.1,-0.44,0.14,9.486,9.682,8.927,8.986,10.3,9.71,11.67,11.48,-0.003,-0.004,-0.001,0.0,0.0,-80.3064754,26.9208809,665.3
-227.7,3.6,0.0,0.01,-0.03,-0.04,0.44,-0.04,0.47,-0.42,0.15,9.476,9.682,8.937,9.015,10.2,9.81,11.77,11.38,-0.003,-0.004,-0.001,0.0,-0.0,-80.3064755,26.9208809,665.35
-227.8,3.6,0.0,0.02,0.01,-0.04,-0.01,-0.26,-0.29,-0.44,0.14,9.486,9.673,8.937,9.015,10.2,9.71,12.07,11.67,-0.003,-0.004,-0.001,0.0,0.01,-80.3064755,26.9208809,665.4
-227.7,3.6,0.0,0.02,-0.02,-0.06,-0.15,-0.04,0.22,-0.42,0.14,9.486,9.673,8.986,9.025,10.2,9.91,11.87,11.67,-0.003,-0.004,-0.001,0.0,0.01,-80.3064755,26.9208809,665.45
-227.7,3.6,0.0,0.02,-0.02,-0.09,-0.12,-0.52,0.19,-0.44,0.14,9.486,9.673,8.927,8.966,10.4,9.61,11.87,11.67,-0.003,-0.004,-0.001,0.0,0.02,-80.3064755,26.9208809,665.5
-227.7,3.6,0.0,0.01,-0.02,-0.11,0.06,-0.24,0.13,-0.44,0.14,9.516,9.663,8.976,8.986,10.2,9.81,11.77,11.77,-0.003,-0.004,-0.001,0.0,0.0,-80.3064755,26.9208809,665.55
-227.7,3.6,0.0,0.01,-0.01,-0.08,-0.13,-0.22,-0.02,-0.41,0.13,9.516,9.673,8.947,9.025,10.3,9.71,11.97,11.58,-0.003,-0.004,-0.001,0.0,0.0,-80.3064755,26.9208809,665.6
-227.5,3.6,0.0,0.01,-0.0,-0.06,-0.11,0.1,0.25,-0.39,0.12,9.476,9.663,8.898,8.996,10.1,9.91,11.77,11.38,-0.003,-0.004,-0.001,0.0,0.0,-80.3064755,26.9208809,665.65
-227.7,3.6,0.0,0.01,-0.04,-0.04,-0.0,0.1,-0.15,-0.41,0.14,9.476,9.633,8.927,9.015,10.1,9.81,12.26,11.67,-0.003,-0.004,-0.001,0.0,0.0,-80.3064755,26.9208809,665.7
-227.5,3.6,0.0,0.01,-0.01,-0.04,-0.14,-0.08,0.03,-0.42,0.13,9.526,9.673,9.035,9.104,10.3,9.52,12.07,11.28,-0.003,-0.004,-0.001,0.0,0.01,-80.3064755,26.9208809,665.75
-227.7,3.6,0.0,0.01,0.01,-0.07,-0.02,-0.06,0.09,-0.41,0.14,9.516,9.673,8.898,9.006,10.1,9.91,11.77,11.77,-0.003,-0.004,-0.001,0.0,0.01,-80.3064755,26.9208809,665.8
-227.8,3.6,0.0,0.02,-0.02,-0.07,-0.14,-0.14,-0.19,-0.42,0.14,9.486,9.624,8.898,8.907,10.3,9.61,11.58,11.58,-0.003,-0.004,-0.001,0.0,0.01,-80.3064755,26.9208809,665.85
-227.7,3.6,0.0,0.01,-0.01,-0.11,-0.01,-0.05,-0.56,-0.41,0.13,9.506,9.653,8.996,9.045,10.3,9.71,11.48,11.77,-0.003,-0.004,-0.001,0.0,0.0,-80.3064755,26.9208809,665.9
-227.7,3.6,0.0,0.01,-0.01,-0.08,0.34,-0.11,-0.36,-0.42,0.13,9.535,9.692,8.957,9.055,10.1,9.61,11.67,11.28,-0.003,-0.004,-0.001,0.0,0.01,-80.3064755,26.9208809,665.95
-227.7,3.6,0.0,0.01,-0.02,-0.06,0.01,0.16,0.12,-0.41,0.15,9.496,9.663,8.878,9.015,10.3,9.91,11.77,11.28,-0.003,-0.004,-0.001,0.0,0.0,-80.3064755,26.9208809,666.0
-227.7,3.6,0.0,0.01,-0.06,-0.07,0.02,0.57,-0.29,-0.41,0.13,9.457,9.624,8.937,8.996,10.2,9.81,11.48,11.77,-0.003,-0.004,-0.001,0.0,0.0,-80.3064755,26.9208809,666.05
-227.7,3.6,0.0,0.01,-0.06,-0.06,0.18,0.14,-0.04,-0.41,0.12,9.476,9.663,8.898,8.927,10.3,9.71,11.77,11.58,-0.003,-0.004,-0.001,0.0,0.01,-80.3064755,26.9208809,666.1
-227.7,3.6,0.0,0.01,-0.01,-0.06,0.16,-0.22,-0.03,-0.41,0.1,9.486,9.682,8.917,9.025,10.2,10.3,11.77,11.58,-0.003,-0.004,-0.001,0.0,0.01,-80.3064756,26.9208809,666.15
-227.7,3.6,0.0,0.01,0.01,-0.04,-0.41,-0.22,-0.15,-0.4,0.08,9.496,9.643,9.035,9.045,10.3,9.81,11.87,11.67,-0.003,-0.004,-0.001,0.0,0.01,-80.3064756,26.9208809,666.2
-227.7,3.6,0.0,0.01,-0.01,-0.1,0.05,-0.1,-0.21,-0.41,0.13,9.545,9.732,8.947,8.996,10.3,9.91,11.77,11.58,-0.003,-0.004,-0.001,0.0,0.01,-80.3064756,26.9208809,666.25
-227.7,3.6,0.0,0.01,-0.01,-0.11,-0.01,0.17,-0.04,-0.41,0.12,9.496,9.692,8.829,8.907,10.3,9.42,11.87,11.77,-0.003,-0.004,-0.001,0.0,-0.0,-80.3064756,26.9208809,666.3
-227.7,3.6,0.0,0.01,-0.05,-0.05,0.03,-0.11,-0.19,-0.41,0.12,9.516,9.565,8.937,8.996,10.1,9.71,11.87,11.38,-0.003,-0.004,-0.001,0.0,-0.0,-80.3064756,26.9208809,666.35
-227.7,3.6,0.0,0.01,-0.06,-0.08,0.01,0.22,-0.17,-0.41,0.13,9.624,9.624,8.957,9.104,10.3,9.61,11.87,11.67,-0.003,-0.004,-0.001,0.0,0.01,-80.3064756,26.9208809,666.4
-227.7,3.6,0.0,0.01,-0.08,-0.07,-0.05,-0.05,0.02,-0.4,0.12,9.535,9.653,8.996,9.035,10.2,9.81,12.07,11.67,-0.003,-0.004,-0.001,0.0,0.01,-80.3064756,26.9208809,666.45
-227.7,3.6,0.0,0.0,-0.03,-0.05,0.22,0.12,0.22,-0.41,0.13,9.535,9.594,8.966,9.074,10.2,9.61,11.58,11.58,-0.003,-0.004,-0.001,0.0,0.01,-80.3064756,26.9208809,666.5
-227.7,3.6,0.0,0.01,0.04,-0.1,-0.04,-0.14,0.0,-0.41,0.13,9.427,9.526,8.77,8.957,10.01,9.52,11.58,11.48,-0.003,-0.004,-0.001,0.0,0.0,-80.3064756,26.9208809,666.55
-227.7,3.6,0.0,0.01,0.05,-0.08,0.0,0.14,0.13,-0.41,0.13,9.535,9.624,8.898,9.055,10.3,9.61,11.58,11.67,-0.003,-0.004,-0.001,0.0,-0.0,-80.3064756,26.9208809,666.6
-227.7,3.6,0.0,0.01,-0.01,-0.08,0.03,-0.17,-0.07,-0.42,0.13,9.486,9.692,9.015,9.123,10.1,9.71,11.87,11.38,-0.003,-0.004,-0.001,0.0,-0.0,-80.3064756,26.9208809,666.65
-227.5,3.6,0.0,0.01,-0.06,-0.25,0.06,0.38,-0.27,-0.44,0.14,9.781,9.526,8.888,8.898,10.2,9.71,11.77,11.67,-0.003,-0.004,-0.001,0.0,-0.0,-80.3064756,26.9208809,666.7
-227.5,3.6,0.0,0.01,-0.03,-0.1,-0.01,0.01,-0.03,-0.46,0.15,9.565,9.594,8.898,9.035,10.1,9.71,11.58,11.67,-0.003,-0.004,-0.001,0.0,-0.01,-80.3064756,26.9208809,666.75
-227.7,3.6,0.0,0.02,0.03,-0.04,0.04,-0.35,0.38,-0.42,0.13,9.476,9.594,8.878,9.006,10.2,9.71,11.67,11.67,-0.003,-0.004,-0.001,0.0,-0.01,-80.3064756,26.9208809,666.8
-227.5,3.6,0.0,0.01,0.01,0.05,0.21,0.08,0.17,-0.42,0.14,9.437,9.565,8.947,9.045,10.2,9.71,11.58,11.58,-0.003,-0.004,-0.001,0.0,0.01,-80.3064756,26.920881,666.85
-227.5,3.6,0.0,0.02,-0.03,-0.08,-0.14,0.09,-0.05,-0.45,0.16,9.594,9.732,9.006,9.064,10.69,9.81,11.87,11.38,-0.003,-0.004,-0.001,0.0,0.01,-80.3064756,26.9208809,666.9
-227.5,3.6,0.0,0.01,-0.05,-0.11,0.18,-0.08,0.35,-0.42,0.13,9.692,9.653,9.015,9.025,10.4,9.91,11.58,11.48,-0.003,-0.004,-0.001,0.0,-0.01,-80.3064756,26.920881,666.95
-227.5,3.6,0.0,0.01,-0.05,-0.11,0.33,0.07,-0.16,-0.41,0.14,9.545,9.584,8.878,8.966,10.2,9.61,11.77,11.28,-0.003,-0.004,-0.001,0.0,-0.02,-80.3064756,26.920881,667.0
-227.5,3.6,0.0,0.01,0.05,0.01,-0.06,-0.21,0.11,-0.41,0.13,9.3,9.761,8.819,9.015,10.4,9.61,11.77,11.38,-0.003,-0.004,-0.001,0.0,-0.04,-80.3064756,26.920881,667.05
-227.4,3.6,0.0,0.01,0.09,0.06,-0.05,-0.35,-0.22,-0.43,0.14,9.555,9.663,9.055,9.143,10.3,9.71,11.77,11.38,-0.003,-0.004,-0.001,0.0,0.0,-80.3064757,26.920881,667.1
-227.4,3.6,0.0,0.01,0.0,-0.22,-0.0,-0.12,-0.3,-0.41,0.12,9.594,9.535,8.858,8.957,9.91,9.81,11.58,11.77,-0.003,-0.004,-0.001,0.0,-0.0,-80.3064757,26.920881,667.15
-227.4,3.6,0.0,0.01,-0.06,-0.13,-0.03,-0.12,-0.01,-0.42,0.13,9.604,9.682,8.741,8.839,10.3,9.81,11.77,11.48,-0.003,-0.004,-0.001,0.0,-0.0,-80.3064757,26.920881,667.2
-227.4,3.6,0.0,0.01,-0.02,-0.08,0.31,0.44,0.18,-0.4,0.13,9.575,9.614,8.858,9.172,10.4,9.61,11.58,12.07,-0.003,-0.004,-0.001,0.0,-0.01,-80.3064757,26.920881,667.25
-227.5,3.6,0.0,0.01,0.02,-0.06,-0.18,-0.0,-0.1,-0.42,0.13,9.722,9.535,8.957,9.084,10.59,9.81,12.26,11.38,-0.003,-0.004,-0.001,0.0,-0.01,-80.3064757,26.920881,667.3
-227.4,3.6,0.0,0.01,0.01,-0.06,-0.3,-0.25,0.08,-0.42,0.13,9.624,9.663,8.878,9.064,10.5,9.81,11.58,11.77,-0.003,-0.004,-0.001,0.0,-0.01,-80.3064757,26.920881,667.35
-227.4,3.6,0.0,0.01,0.03,0.01,-0.08,0.02,-0.26,-0.41,0.14,9.31,9.408,8.878,8.986,10.3,9.81,11.87,11.67,-0.003,-0.004,-0.001,0.0,-0.0,-80.3064757,26.920881,667.4
-227.4,3.6,0.0,0.01,-0.04,-0.08,0.27,0.11,-0.3,-0.41,0.12,9.565,9.633,8.839,9.074,10.2,9.81,11.87,11.58,-0.003,-0.004,-0.001,0.0,-0.0,-80.3064757,26.920881,667.45
-227.5,3.6,0.0,0.01,0.01,-0.15,0.1,-0.33,-0.13,-0.41,0.14,9.535,10.104,8.858,9.064,10.1,9.71,11.87,11.58,-0.003,-0.004,-0.001,0.0,-0.01,-80.3064757,26.920881,667.5
-227.5,3.6,0.0,0.01,-0.01,-0.1,0.01,-0.28,0.08,-0.41,0.14,9.388,9.633,9.035,9.006,10.3,9.81,11.77,11.77,-0.003,-0.004,-0.001,0.0,-0.01,-80.3064757,26.920881,667.55
-227.5,3.6,0.0,0.01,-0.04,-0.14,0.15,-0.21,0.44,-0.42,0.14,9.359,9.624,8.927,8.947,9.91,9.71,11.77,11.48,-0.003,-0.004,-0.001,0.0,-0.01,-80.3064757,26.920881,667.6
-227.4,3.6,0.0,0.0,0.0,-0.03,-0.11,0.04,0.14,-0.41,0.14,9.447,9.614,8.927,8.976,10.1,9.81,11.87,11.38,-0.003,-0.004,-0.001,0.0,-0.01,-80.3064757,26.920881,667.65
-227.5,3.6,0.0,0.0,-0.0,-0.08,-0.01,-0.25,0.19,-0.42,0.13,9.575,9.692,8.986,9.006,10.3,9.91,11.77,11.67,-0.003,-0.004,-0.001,0.0,-0.01,-80.3064757,26.920881,667.7
-227.5,3.6,0.0,0.0,-0.03,-0.03,0.0,-0.08,-0.21,-0.42,0.13,9.467,9.712,9.035,9.015,9.91,9.81,11.77,11.58,-0.003,-0.004,-0.001,0.0,-0.02,-80.3064757,26.920881,667.75
-227.5,3.6,0.0,0.0,-0.01,-0.03,0.11,0.01,0.23,-0.41,0.14,9.457,9.692,8.976,8.986,10.3,9.71,11.77,11.58,-0.003,-0.004,-0.001,0.0,-0.02,-80.3064757,26.920881,667.8
-227.5,3.6,0.0,-0.0,-0.03,-0.07,0.03,0.17,-0.22,-0.41,0.12,9.476,9.712,8.927,8.976,10.1,9.71,11.58,11.58,-0.003,-0.004,-0.001,0.0,-0.02,-80.3064757,26.920881,667.85
-227.5,3.6,0.0,-0.0,-0.04,-0.05,0.02,-0.19,0.02,-0.42,0.13,9.457,9.496,8.947,8.927,10.2,9.61,12.07,11.58,-0.003,-0.004,-0.001,0.0,-0.02,-80.3064757,26.920881,667.9
-227.4,3.6,0.0,-0.0,-0.04,-0.13,0.38,0.14,-0.17,-0.41,0.13,9.476,9.692,8.996,9.025,10.2,9.81,12.16,11.58,-0.003,-0.004,-0.001,0.0,-0.02,-80.3064757,26.920881,667.95
-227.7,3.6,0.0,-0.0,0.01,-0.04,-0.2,-0.35,0.23,-0.43,0.12,9.486,9.682,8.927,8.966,10.3,9.81,11.87,11.38,-0.003,-0.004,-0.001,0.0,-0.02,-80.3064757,26.920881,668.0
-227.5,3.6,0.0,-0.01,-0.03,-0.04,0.29,0.03,-0.19,-0.42,0.12,9.516,9.673,8.976,9.006,10.59,9.61,11.77,11.38,-0.003,-0.004,-0.001,0.0,-0.03,-80.3064757,26.920881,668.05
-227.5,3.6,0.0,-0.01,-0.01,-0.09,0.13,0.0,-0.01,-0.42,0.11,9.496,9.673,8.937,9.055,10.2,9.71,11.87,11.87,-0.003,-0.004,-0.001,0.0,-0.03,-80.3064757,26.920881,668.1
-227.5,3.6,0.0,-0.01,0.0,-0.05,0.15,-0.3,0.06,-0.43,0.12,9.535,9.633,8.957,8.966,10.5,9.52,11.77,11.48,-0.003,-0.004,-0.001,0.0,-0.03,-80.3064757,26.920881,668.15
-227.5,3.6,0.0,-0.01,-0.01,-0.12,0.27,0.13,-0.0,-0.41,0.12,9.496,9.732,8.947,9.035,10.4,9.81,12.07,11.67,-0.003,-0.004,-0.001,0.0,-0.03,-80.3064757,26.920881,668.2
-227.5,3.6,0.0,-0.01,-0.01,-0.02,0.03,-0.15,0.29,-0.41,0.13,9.516,9.633,8.976,9.006,10.1,10.01,11.97,11.77,-0.003,-0.004,-0.001,0.0,-0.03,-80.3064757,26.920881,668.25
-227.5,3.6,0.0,-0.01,-0.02,-0.09,-0.24,0.25,-0.4,-0.41,0.12,9.447,9.692,8.888,8.976,10.3,9.81,11.58,11.48,-0.003,-0.004,-0.001,0.0,-0.04,-80.3064757,26.920881,668.3
-227.5,3.6,0.0,-0.01,-0.02,-0.08,0.08,-0.24,-0.18,-0.42,0.13,9.486,9.643,8.937,8.957,10.01,9.81,11.77,11.28,-0.003,-0.004,-0.001,0.0,-0.04,-80.3064757,26.920881,668.35
-227.5,3.6,0.0,-0.02,-0.03,-0.09,-0.23,0.08,-0.22,-0.41,0.12,9.467,9.673,8.907,8.976,10.1,9.91,11.58,11.28,-0.003,-0.004,-0.001,0.0,-0.04,-80.3064758,26.920881,668.4
-227.5,3.6,0.0,0.0,-0.02,-0.05,0.08,-0.08,-0.32,-0.41,0.12,9.545,9.682,9.015,9.074,10.4,9.81,11.58,11.38,-0.003,-0.004,-0.001,0.0,-0.01,-80.3064758,26.920881,668.45
-227.5,3.6,0.0,0.01,-0.01,-0.06,0.13,0.1,-0.01,-0.42,0.12,9.516,9.702,8.947,9.025,10.3,9.81,11.87,11.58,-0.003,-0.004,-0.001,0.0,-0.0,-80.3064758,26.9208811,668.5
-227.5,3.6,0.0,0.01,0.0,-0.09,-0.1,0.18,-0.1,-0.42,0.12,9.486,9.643,8.907,8.937,10.4,9.71,11.67,11.28,-0.003,-0.004,-0.001,0.0,-0.0,-80.3064758,26.9208811,668.55
-227.5,3.6,0.0,0.01,-0.02,-0.07,-0.17,0.06,0.14,-0.41,0.13,9.457,9.614,8.927,8.986,10.4,9.81,11.77,11.58,-0.003,-0.004,-0.001,0.0,-0.0,-80.3064758,26.9208811,668.6
-227.5,3.6,0.0,0.0,-0.03,-0.07,-0.0,0.14,-0.19,-0.41,0.12,9.555,9.702,8.966,9.015,10.3,10.01,12.07,11.28,-0.003,-0.004,-0.001,0.0,-0.01,-80.3064758,26.9208811,668.65
-227.5,3.6,0.0,0.0,-0.02,-0.06,0.31,0.18,0.17,-0.42,0.12,9.535,9.692,8.947,9.025,10.59,10.01,11.97,11.58,-0.003,-0.004,-0.001,0.0,-0.01,-80.3064758,26.9208811,668.7
-227.5,3.6,0.0,0.0,-0.0,-0.07,0.14,0.15,-0.0,-0.4,0.12,9.476,9.653,8.927,9.015,10.1,9.61,11.87,11.38,-0.003,-0.004,-0.001,0.0,-0.01,-80.3064758,26.9208811,668.75
-227.5,3.6,0.0,0.0,-0.02,-0.06,0.13,0.11,0.25,-0.42,0.12,9.496,9.614,8.947,8.986,10.01,9.52,12.07,11.58,-0.003,-0.004,-0.001,0.0,-0.01,-80.3064758,26.9208811,668.8
-227.5,3.6,0.0,0.0,-0.01,-0.08,0.14,-0.4,0.0,-0.42,0.13,9.535,9.692,8.957,9.006,10.3,9.81,11.87,11.28,-0.003,-0.004,-0.001,0.0,-0.01,-80.3064758,26.9208811,668.85
-227.5,3.6,0.0,0.0,-0.05,-0.08,0.31,0.06,-0.17,-0.42,0.13,9.535,9.702,8.966,9.025,10.1,10.1,11.67,11.77,-0.003,-0.004,-0.001,0.0,-0.01,-80.3064758,26.9208811,668.9
-227.5,3.6,0.0,0.0,-0.01,-0.07,0.14,0.04,-0.09,-0.44,0.14,9.467,9.624,8.927,9.006,10.3,9.52,12.07,11.28,-0.003,-0.004,-0.001,0.0,-0.01,-80.3064758,26.9208811,668.95
-227.5,3.6,0.0,0.0,-0.01,-0.07,0.23,-0.27,-0.06,-0.42,0.12,9.486,9.633,8.947,8.986,10.1,9.71,11.87,11.58,-0.003,-0.004,-0.001,0.0,-0.01,-80.3064758,26.9208811,669.0
-227.5,3.6,0.0,0.0,-0.02,-0.06,-0.09,0.08,-0.08,-0.4,0.11,9.486,9.682,8.957,9.006,10.3,9.81,11.58,11.67,-0.003,-0.004,-0.001,0.0,-0.02,-80.3064758,26.9208811,669.05
-227.5,3.6,0.0,0.0,-0.02,-0.08,-0.24,0.1,-0.18,-0.4,0.12,9.496,9.682,8.927,8.957,9.81,10.2,11.58,11.77,-0.003,-0.004,-0.001,0.0,-0.02,-80.3064758,26.9208811,669.1
-227.4,3.6,0.0,0.0,-0.01,-0.08,-0.16,0.21,0.29,-0.4,0.12,9.486,9.692,8.947,9.006,10.1,9.81,11.87,11.28,-0.003,-0.004,-0.001,0.0,-0.02,-80.3064758,26.9208811,669.15
-227.5,3.6,0.0,0.0,-0.01,-0.08,-0.19,0.04,0.15,-0.4,0.12,9.496,9.633,8.957,9.015,10.4,9.61,11.77,11.48,-0.003,-0.004,-0.001,0.0,-0.02,-80.3064758,26.9208811,669.2
-227.5,3.6,0.0,0.0,-0.03,-0.08,0.02,-0.08,0.26,-0.41,0.13,9.506,9.653,8.947,9.015,10.4,9.71,11.67,11.58,-0.003,-0.004,-0.001,0.0,-0.02,-80.3064758,26.9208811,669.25
-227.5,3.6,0.0,0.0,-0.01,-0.06,-0.18,-0.28,0.15,-0.42,0.12,9.526,9.653,8.917,8.986,10.2,9.91,11.77,11.67,-0.003,-0.004,-0.001,0.0,-0.02,-80.3064758,26.9208811,669.3
-227.4,3.6,0.0,0.0,-0.02,-0.06,0.17,0.11,-0.1,-0.41,0.12,9.526,9.682,8.957,9.025,10.2,9.61,12.07,11.38,-0.003,-0.004,-0.001,0.0,-0.02,-80.3064758,26.9208811,669.35
-227.5,3.6,0.0,-0.0,-0.01,-0.07,-0.3,-0.05,0.14,-0.4,0.12,9.496,9.673,8.947,9.006,10.3,9.81,11.77,11.58,-0.003,-0.004,-0.001,0.0,-0.02,-80.3064758,26.9208811,669.4
-227.5,3.6,0.0,-0.0,-0.01,-0.08,-0.28,0.09,0.3,-0.4,0.12,9.467,9.663,8.947,9.006,10.2,9.71,11.97,11.48,-0.003,-0.004,-0.001,0.0,-0.02,-80.3064758,26.9208811,669.45
-227.5,3.6,0.0,0.0,0.0,-0.07,-0.08,-0.06,0.39,-0.42,0.11,9.476,9.663,8.927,8.976,10.2,9.81,11.87,11.48,-0.003,-0.004,-0.001,0.0,-0.02,-80.3064758,26.9208811,669.5
-227.4,3.6,0.0,-0.0,-0.03,-0.08,0.27,0.06,-0.31,-0.42,0.09,9.526,9.712,8.996,9.055,10.1,9.81,11.77,11.38,-0.003,-0.004,-0.001,0.0,-0.02,-80.3064758,26.9208811,669.55
-227.5,3.6,0.0,-0.0,-0.03,-0.06,0.06,-0.13,-0.15,-0.42,0.12,9.506,9.702,8.937,9.006,10.3,9.81,11.67,11.67,-0.003,-0.004,-0.001,0.0,-0.02,-80.3064758,26.9208811,669.6
-227.4,3.6,0.0,-0.0,-0.02,-0.07,-0.14,0.03,0.52,-0.4,0.13,9.486,9.663,8.927,9.006,10.3,9.91,11.77,11.67,-0.003,-0.004,-0.001,0.0,-0.02,-80.3064758,26.9208811,669.65
-227.5,3.6,0.0,-0.0,-0.02,-0.07,-0.1,0.14,-0.33,-0.43,0.12,9.476,9.653,8.947,9.015,10.4,10.01,11.77,11.38,-0.003,-0.004,-0.001,0.0,-0.03,-80.3064758,26.9208811,669.7
-227.4,3.6,0.0,-0.0,-0.01,-0.09,0.24,-0.17,0.46,-0.44,0.11,9.506,9.682,8.966,9.035,10.3,9.81,11.87,11.58,-0.003,-0.004,-0.001,0.0,-0.03,-80.3064758,26.9208811,669.75
-227.5,3.6,0.0,-0.0,-0.01,-0.07,-0.07,-0.11,0.16,-0.45,0.11,9.506,9.663,8.947,9.006,10.4,9.61,11.77,11.87,-0.003,-0.004,-0.001,0.0,-0.03,-80.3064758,26.9208811,669.8
-227.5,3.6,0.0,-0.0,-0.02,-0.07,0.03,0.12,0.32,-0.43,0.12,9.486,9.653,8.907,8.976,10.2,9.71,11.87,11.67,-0.003,-0.004,-0.001,0.0,-0.03,-80.3064758,26.9208811,669.85
-227.5,3.6,0.0,-0.0,-0.02,-0.07,0.28,-0.29,0.04,-0.45,0.12,9.496,9.663,8.927,8.996,10.2,9.91,11.67,11.87,-0.003,-0.004,-0.001,0.0,-0.03,-80.3064758,26.9208811,669.9
-227.5,3.6,0.0,-0.0,-0.02,-0.06,0.42,-0.26,0.4,-0.47,0.12,9.516,9.692,8.947,9.045,10.1,9.61,11.67,11.58,-0.003,-0.004,-0.001,0.0,-0.03,-80.3064758,26.9208811,669.95
-227.5,3.6,0.0,-0.0,-0.01,-0.08,0.02,-0.2,-0.15,-0.41,0.14,9.506,9.663,8.947,9.006,10.3,9.71,11.87,11.87,-0.003,-0.004,-0.001,0.0,-0.03,-80.3064758,26.9208811,670.0
-227.5,3.6,0.0,-0.0,-0.02,-0.07,-0.08,-0.02,0.14,-0.41,0.12,9.526,9.653,8.957,9.006,10.3,9.81,11.77,11.67,-0.003,-0.004,-0.001,0.0,-0.03,-80.3064758,26.9208811,670.05
-227.5,3.6,0.0,-0.0,-0.02,-0.07,0.16,-0.12,0.09,-0.41,0.12,9.496,9.653,8.947,8.996,10.2,9.71,11.77,11.67,-0.003,-0.004,-0.001,0.0,-0.03,-80.3064758,26.9208811,670.1
-227.5,3.6,0.0,-0.0,-0.01,-0.06,-0.37,-0.18,0.24,-0.41,0.12,9.526,9.653,8.947,8.996,10.3,9.61,11.87,11.87,-0.003,-0.004,-0.001,0.0,-0.03,-80.3064758,26.9208811,670.15
-227.5,3.6,0.0,-0.01,-0.01,-0.06,-0.19,0.04,0.42,-0.41,0.12,9.486,9.673,8.937,9.006,10.3,9.91,11.58,11.38,-0.003,-0.004,-0.001,0.0,-0.03,-80.3064758,26.9208811,670.2
-227.5,3.6,0.0,-0.0,-0.01,-0.07,-0.22,-0.24,0.35,-0.41,0.12,9.486,9.673,8.937,9.006,10.1,9.81,11.77,11.58,-0.003,-0.004,-0.001,0.0,-0.03,-80.3064758,26.9208811,670.25
-227.5,3.6,0.0,-0.01,-0.01,-0.08,-0.11,-0.02,-0.09,-0.41,0.1,9.476,9.653,8.927,8.976,10.3,9.52,11.77,11.38,-0.003,-0.004,-0.001,0.0,-0.03,-80.3064758,26.9208811,670.3
-227.4,3.6,0.0,-0.01,-0.03,-0.07,-0.08,-0.04,-0.22,-0.41,0.11,9.496,9.663,8.937,9.015,9.81,9.61,11.58,11.87,-0.003,-0.004,-0.001,0.0,-0.04,-80.3064758,26.9208811,670.35
-227.5,3.6,0.0,-0.01,-0.01,-0.09,-0.13,0.01,-0.1,-0.41,0.11,9.516,9.682,8.947,9.006,10.5,9.52,11.77,11.58,-0.003,-0.004,-0.001,0.0,-0.04,-80.3064758,26.9208811,670.4
-227.4,3.6,0.0,-0.01,-0.03,-0.07,0.22,-0.19,-0.15,-0.42,0.13,9.496,9.663,8.947,9.006,10.01,9.71,11.58,11.77,-0.003,-0.004,-0.001,0.0,-0.04,-80.3064758,26.9208811,670.45
-227.5,3.6,0.0,-0.01,-0.04,-0.05,0.17,0.34,0.1,-0.43,0.14,9.486,9.663,8.937,8.986,10.01,9.81,11.97,11.48,-0.003,-0.004,-0.001,0.0,-0.04,-80.3064758,26.9208811,670.5
-227.4,3.6,0.0,-0.01,0.0,-0.08,-0.27,0.17,-0.08,-0.41,0.12,9.506,9.682,8.966,9.025,10.2,9.81,11.87,11.58,-0.003,-0.004,-0.001,0.0,-0.04,-80.3064758,26.9208811,670.55
-227.5,3.6,0.0,-0.01,-0.02,-0.07,0.13,-0.03,0.16,-0.4,0.14,9.496,9.692,8.957,9.015,10.1,10.1,11.77,11.09,-0.003,-0.004,-0.001,0.0,-0.04,-80.3064758,26.9208811,670.6
-227.4,3.6,0.0,-0.01,-0.02,-0.06,-0.16,-0.26,0.09,-0.38,0.17,9.496,9.673,8.966,9.025,10.1,9.81,11.77,11.38,-0.003,-0.004,-0.001,0.0,-0.04,-80.3064758,26.9208811,670.65
-227.4,3.6,0.0,-0.01,-0.02,-0.06,0.13,0.22,0.12,-0.41,0.12,9.506,9.682,8.937,9.015,10.3,9.81,11.97,11.67,-0.003,-0.004,-0.001,0.0,-0.04,-80.3064758,26.9208811,670.7
-227.4,3.6,0.0,-0.01,-0.02,-0.08,0.17,-0.19,-0.46,-0.41,0.13,9.496,9.653,8.947,9.035,10.1,9.91,11.67,11.38,-0.003,-0.004,-0.001,0.0,-0.04,-80.3064758,26.9208811,670.75
-227.5,3.6,0.0,-0.01,-0.03,-0.06,0.15,-0.05,-0.33,-0.4,0.14,9.496,9.653,8.947,9.006,10.5,9.91,11.87,11.38,-0.003,-0.004,-0.001,0.0,-0.04,-80.3064758,26.9208811,670.8
-227.5,3.6,0.0,0.0,-0.0,-0.09,-0.09,0.06,0.19,-0.42,0.12,9.496,9.663,8.947,8.996,10.4,9.81,11.67,11.38,-0.003,-0.004,-0.001,0.0,-0.01,-80.3064758,26.9208811,670.85
-227.5,3.6,0.0,-0.0,-0.02,-0.06,0.18,-0.38,0.18,-0.41,0.1,9.516,9.663,8.947,9.006,10.3,9.71,11.77,11.18,-0.003,-0.004,-0.001,0.0,0.0,-80.3064758,26.9208811,670.9
-227.5,3.6,0.0,-0.0,-0.02,-0.06,0.0,0.28,-0.3,-0.41,0.11,9.506,9.663,8.937,9.025,10.2,9.91,11.77,11.38,-0.003,-0.004,-0.001,0.0,0.0,-80.3064758,26.9208811,670.95
-227.5,3.6,0.0,-0.0,-0.02,-0.05,0.01,-0.12,-0.01,-0.41,0.1,9.506,9.663,8.947,8.996,10.2,9.81,11.87,11.38,-0.003,-0.004,-0.001,0.0,0.0,-80.3064757,26.9208811,671.0
-227.5,3.6,0.0,0.0,-0.01,-0.07,-0.15,0.11,-0.2,-0.41,0.11,9.486,9.673,8.907,9.006,10.3,9.81,11.77,11.58,-0.003,-0.004,-0.001,0.0,-0.0,-80.3064757,26.9208811,671.05
-227.5,3.6,0.0,-0.0,-0.02,-0.07,0.39,-0.31,0.12,-0.43,0.11,9.496,9.653,8.947,8.996,10.2,9.61,12.16,11.48,-0.003,-0.004,-0.001,0.0,0.0,-80.3064757,26.9208811,671.1
-227.4,3.6,0.0,-0.0,0.0,-0.08,-0.04,0.11,0.15,-0.42,0.11,9.516,9.653,8.937,9.006,10.3,9.71,11.87,11.38,-0.003,-0.004,-0.001,0.0,0.0,-80.3064757,26.9208811,671.15
-227.5,3.6,0.0,0.0,-0.02,-0.07,0.05,-0.16,0.37,-0.42,0.11,9.496,9.673,8.937,8.996,10.1,9.71,11.77,11.38,-0.003,-0.004,-0.001,0.0,0.0,-80.3064757,26.9208811,671.2
-227.5,3.6,0.0,-0.0,-0.02,-0.1,0.37,0.21,0.07,-0.42,0.11,9.516,9.663,8.957,8.986,10.3,9.71,11.77,11.58,-0.003,-0.004,-0.001,0.0,0.0,-80.3064757,26.9208811,671.25
-227.5,3.6,0.0,-0.0,-0.03,-0.09,-0.08,-0.1,-0.11,-0.42,0.11,9.526,9.673,8.858,8.957,10.2,9.71,11.77,11.38,-0.003,-0.004,-0.001,0.0,0.0,-80.3064757,26.9208811,671.3
-227.5,3.6,0.0,0.0,-0.01,-0.04,0.07,0.25,0.13,-0.41,0.11,9.506,9.673,8.957,9.035,10.4,9.81,11.87,11.58,-0.003,-0.004,-0.001,0.0,0.0,-80.3064757,26.9208811,671.35
-227.5,3.6,0.0,0.0,-0.0,-0.06,-0.35,0.21,0.06,-0.41,0.11,9.506,9.673,8.947,9.035,10.2,9.61,11.77,11.48,-0.003,-0.004,-0.001,0.0,0.0,-80.3064757,26.9208811,671.4
-227.5,3.6,0.0,0.0,-0.02,-0.04,0.01,-0.21,-0.1,-0.43,0.11,9.486,9.643,8.907,8.986,10.4,9.71,11.67,11.38,-0.003,-0.004,-0.001,0.0,0.0,-80.3064757,26.9208811,671.45
-227.5,3.6,0.0,0.0,-0.02,-0.08,-0.3,-0.33,-0.07,-0.43,0.1,9.496,9.673,8.957,9.006,10.1,9.71,11.87,11.38,-0.003,-0.004,-0.001,0.0,0.0,-80.3064757,26.9208811,671.5
-227.5,3.6,0.0,-0.0,-0.01,-0.08,-0.4,-0.14,0.06,-0.42,0.11,9.526,9.663,8.947,8.986,10.2,9.81,11.77,11.58,-0.003,-0.004,-0.001,0.0,0.0,-80.3064757,26.9208811,671.55
-227.5,3.6,0.0,-0.0,-0.02,-0.07,0.02,0.02,0.11,-0.42,0.12,9.496,9.702,8.937,9.006,10.1,10.2,11.87,11.48,-0.003,-0.004,-0.001,0.0,0.0,-80.3064757,26.9208811,671.6
-227.5,3.6,0.0,0.0,-0.0,-0.06,-0.21,-0.14,0.05,-0.42,0.11,9.496,9.643,8.976,9.015,10.4,9.81,11.58,11.58,-0.003,-0.004,-0.001,0.0,0.0,-80.3064757,26.9208811,671.65
-227.5,3.6,0.0,-0.0,-0.02,-0.07,0.31,0.15,0.01,-0.41,0.11,9.506,9.663,8.937,8.996,10.2,10.01,11.87,11.67,-0.003,-0.004,-0.001,0.0,0.0,-80.3064757,26.9208811,671.7
-227.5,3.6,0.0,-0.0,-0.04,-0.07,0.42,0.13,0.15,-0.41,0.11,9.496,9.663,8.957,9.035,10.3,9.71,12.07,11.38,-0.003,-0.004,-0.001,0.0,0.0,-80.3064757,26.9208811,671.75
-227.5,3.6,0.0,-0.0,-0.02,-0.06,0.09,-0.36,0.44,-0.43,0.12,9.506,9.663,8.957,8.996,10.4,9.71,11.87,11.38,-0.003,-0.004,-0.001,0.0,0.0,-80.3064757,26.9208811,671.8
-227.5,3.6,0.0,-0.0,-0.03,-0.08,-0.07,-0.29,-0.04,-0.43,0.1,9.506,9.663,8.947,8.986,10.3,9.81,12.07,11.58,-0.003,-0.004,-0.001,0.0,0.0,-80.3064757,26.9208811,671.85
-227.5,3.6,0.0,-0.0,-0.02,-0.08,0.04,0.18,-0.1,-0.41,0.1,9.496,9.692,8.927,8.986,10.3,10.01,11.58,11.58,-0.003,-0.004,-0.001,0.0,0.0,-80.3064757,26.9208811,671.9
-227.5,3.6,0.0,-0.0,-0.01,-0.06,0.38,-0.2,0.03,-0.42,0.11,9.457,9.663,8.927,9.006,10.3,9.71,11.87,11.58,-0.003,-0.004,-0.001,0.0,0.0,-80.3064757,26.9208811,671.95
-227.5,3.6,0.0,-0.0,-0.01,-0.05,0.19,-0.17,-0.03,-0.42,0.1,9.545,9.643,8.976,9.045,10.2,9.81,11.87,11.38,-0.003,-0.004,-0.001,0.0,0.0,-80.3064757,26.9208811,672.0
-227.7,3.6,0.0,0.0,-0.01,-0.05,0.15,-0.15,0.22,-0.41,0.1,9.506,9.732,8.937,9.035,10.2,9.81,11.67,11.38,-0.003,-0.004,-0.001,0.0,0.0,-80.3064757,26.9208811,672.05
-227.5,3.6,0.0,0.0,-0.01,-0.05,-0.02,-0.23,0.08,-0.43,0.1,9.506,9.633,8.937,8.966,10.3,9.42,11.67,10.99,-0.003,-0.004,-0.001,0.0,0.0,-80.3064757,26.9208811,672.1
-227.5,3.6,0.0,0.0,-0.02,-0.11,0.03,-0.4,-0.18,-0.44,0.11,9.467,9.643,8.907,8.996,10.3,9.61,11.77,11.38,-0.003,-0.004,-0.001,0.0,0.0,-80.3064757,26.9208811,672.15
-227.5,3.6,0.0,-0.0,-0.01,-0.09,0.24,0.08,0.48,-0.45,0.11,9.516,9.653,8.937,9.015,10.2,9.71,11.97,11.38,-0.003,-0.004,-0.001,0.0,0.01,-80.3064757,26.9208811,672.2
-227.7,3.6,0.0,0.0,-0.02,-0.08,-0.08,0.28,0.33,-0.43,0.1,9.506,9.702,8.937,8.966,10.4,9.71,11.87,11.58,-0.003,-0.004,-0.001,0.0,0.0,-80.3064757,26.9208811,672.25
-227.7,3.6,0.0,-0.0,-0.02,-0.06,0.11,0.23,-0.18,-0.45,0.1,9.476,9.673,8.917,8.986,10.4,9.71,11.58,11.09,-0.003,-0.004,-0.001,0.0,0.01,-80.3064757,26.9208811,672.3
-227.5,3.6,0.0,-0.0,-0.01,-0.05,-0.04,0.04,0.05,-0.42,0.1,9.486,9.633,8.937,9.006,10.4,9.81,11.67,11.28,-0.003,-0.004,-0.001,0.0,0.01,-80.3064757,26.9208811,672.35
-227.5,3.6,0.0,0.0,-0.03,-0.06,-0.02,-0.37,0.07,-0.43,0.1,9.506,9.702,8.937,9.015,10.3,9.61,11.77,11.58,-0.003,-0.004,-0.001,0.0,0.0,-80.3064757,26.9208811,672.4
-227.5,3.6,0.0,0.0,-0.05,-0.02,-0.06,-0.2,-0.07,-0.43,0.1,9.516,9.663,8.966,9.025,10.4,9.71,11.77,11.58,-0.003,-0.004,-0.001,0.0,0.0,-80.3064757,26.9208811,672.45
-227.5,3.6,0.0,0.0,-0.0,-0.09,-0.2,-0.03,0.27,-0.42,0.1,9.467,9.663,8.947,8.996,10.1,9.91,11.67,11.77,-0.003,-0.004,-0.001,0.0,0.0,-80.3064757,26.9208811,672.5
-227.5,3.6,0.0,0.0,-0.02,-0.07,-0.01,0.05,-0.1,-0.43,0.09,9.516,9.663,8.927,8.986,9.91,9.81,11.87,11.58,-0.003,-0.004,-0.001,0.0,0.01,-80.3064757,26.9208811,672.55
-227.5,3.6,0.0,0.0,-0.0,-0.09,-0.05,-0.08,-0.24,-0.43,0.08,9.486,9.692,8.957,9.015,10.5,9.71,11.97,11.38,-0.003,-0.004,-0.001,0.0,0.01,-80.3064756,26.9208811,672.6
-227.5,3.6,0.0,0.0,-0.03,-0.06,0.01,0.29,-0.05,-0.43,0.07,9.486,9.663,8.937,9.015,10.4,10.01,11.77,11.38,-0.003,-0.004,-0.001,0.0,0.01,-80.3064756,26.9208811,672.65
-227.5,3.6,0.0,0.0,-0.01,-0.06,-0.12,-0.24,-0.27,-0.43,0.06,9.496,9.663,8.927,9.015,10.4,9.81,11.58,11.67,-0.003,-0.004,-0.001,0.0,0.0,-80.3064756,26.9208811,672.7
-227.5,3.6,0.0,0.0,-0.02,-0.07,0.08,-0.49,0.15,-0.44,0.05,9.496,9.653,8.966,9.015,10.1,9.81,11.58,11.48,-0.003,-0.004,-0.001,0.0,0.01,-80.3064756,26.9208811,672.75
-227.5,3.6,0.0,0.0,-0.01,-0.06,-0.08,0.04,0.13,-0.44,0.04,9.496,9.673,8.927,9.006,10.2,9.71,11.87,11.58,-0.003,-0.004,-0.001,0.0,0.01,-80.3064756,26.9208811,672.8
-227.5,3.6,0.0,-0.0,-0.01,-0.09,0.03,0.15,-0.24,-0.44,0.03,9.506,9.673,8.957,8.996,10.4,9.81,12.07,11.38,-0.003,-0.004,-0.001,0.0,0.01,-80.3064756,26.9208811,672.85
-227.5,3.6,0.0,0.0,-0.02,-0.06,0.03,-0.18,-0.06,-0.44,0.02,9.496,9.653,8.907,9.015,10.3,9.91,11.77,11.58,-0.003,-0.004,-0.001,0.0,0.01,-80.3064756,26.9208811,672.9
-227.5,3.6,0.0,0.0,-0.02,-0.07,-0.0,-0.24,-0.03,-0.45,0.01,9.486,9.673,8.957,8.986,10.5,9.91,11.77,11.28,-0.003,-0.004,-0.001,0.0,0.01,-80.3064756,26.9208811,672.95
-227.5,3.6,0.0,-0.0,-0.03,-0.06,0.2,-0.13,0.16,-0.45,0.0,9.506,9.682,8.937,9.035,10.3,9.81,11.67,11.58,-0.003,-0.004,-0.001,0.0,0.01,-80.3064756,26.9208811,673.0
-227.5,3.6,0.0,0.0,-0.01,-0.08,0.13,-0.08,0.25,-0.45,-0.0,9.496,9.653,8.957,8.996,10.1,9.91,11.58,11.28,-0.003,-0.004,-0.001,0.0,0.01,-80.3064756,26.9208811,673.05
-227.5,3.6,0.0,0.0,-0.03,-0.06,-0.09,0.33,0.06,-0.45,-0.01,9.486,9.653,8.947,9.006,10.4,9.71,11.77,11.28,-0.003,-0.004,-0.001,0.0,0.01,-80.3064756,26.9208811,673.1
-227.7,3.6,0.0,0.0,-0.01,-0.07,-0.02,0.43,-0.34,-0.45,-0.02,9.496,9.653,8.966,9.006,10.3,9.81,12.07,11.28,-0.003,-0.004,-0.001,0.0,0.01,-80.3064756,26.9208811,673.15
-227.5,3.6,0.0,-0.0,-0.03,-0.07,0.06,0.2,0.06,-0.46,-0.03,9.516,9.702,8.937,9.045,10.2,9.71,11.67,11.38,-0.003,-0.004,-0.001,0.0,0.01,-80.3064756,26.9208811,673.2
-227.5,3.6,0.0,-0.01,-0.03,-0.05,0.12,0.29,0.09,-0.46,-0.04,9.496,9.692,8.966,9.025,10.4,9.71,11.58,11.48,-0.003,-0.004,-0.001,0.0,0.01,-80.3064756,26.9208812,673.25
-227.5,3.6,0.0,-0.01,-0.03,-0.06,-0.15,-0.09,-0.15,-0.46,-0.05,9.476,9.653,8.937,9.006,10.1,9.91,11.87,11.77,-0.003,-0.004,-0.001,0.0,0.0,-80.3064756,26.9208812,673.3
-227.5,3.6,0.0,-0.01,-0.04,-0.05,0.19,-0.16,-0.13,-0.46,-0.06,9.486,9.663,8.947,8.976,10.01,10.01,11.97,11.48,-0.003,-0.004,-0.001,0.0,0.0,-80.3064756,26.9208812,673.35
-227.5,3.6,0.0,-0.01,-0.05,-0.05,-0.2,0.04,-0.01,-0.42,0.09,9.486,9.633,8.849,8.966,10.1,9.71,11.38,11.38,-0.003,-0.004,-0.001,0.0,0.0,-80.3064756,26.9208812,673.4
-227.5,3.6,0.0,-0.01,-0.06,-0.1,-0.1,0.18,-0.29,-0.42,0.09,9.496,9.663,8.986,9.035,10.3,9.81,11.67,11.48,-0.003,-0.004,-0.001,0.0,0.0,-80.3064756,26.9208812,673.45
-227.5,3.6,0.0,-0.01,-0.03,-0.05,0.09,0.19,0.12,-0.41,0.08,9.535,9.663,8.947,8.976,10.4,9.81,11.87,11.38,-0.003,-0.004,-0.001,0.0,-0.0,-80.3064756,26.9208812,673.5
-227.5,3.6,0.0,-0.01,-0.05,-0.05,0.34,-0.08,-0.03,-0.41,0.09,9.496,9.712,8.907,9.015,10.4,9.61,11.87,11.38,-0.003,-0.004,-0.001,0.0,-0.01,-80.3064756,26.9208812,673.55
-227.5,3.6,0.0,-0.02,-0.03,-0.04,0.02,0.03,0.4,-0.42,0.11,9.506,9.643,8.976,9.045,10.3,9.71,12.07,11.18,-0.003,-0.004,-0.001,0.0,-0.01,-80.3064756,26.9208812,673.6
-227.5,3.6,0.0,-0.02,-0.06,-0.07,0.24,0.03,-0.51,-0.42,0.09,9.516,9.702,8.937,8.996,10.1,9.81,11.87,11.58,-0.003,-0.004,-0.001,0.0,-0.01,-80.3064756,26.9208812,673.65
-227.5,3.6,0.0,-0.02,-0.06,-0.07,0.21,0.06,0.02,-0.42,0.09,9.526,9.682,8.937,8.996,10.2,9.61,11.67,11.48,-0.003,-0.004,-0.001,0.0,-0.02,-80.3064756,26.9208812,673.7
-227.5,3.6,0.0,-0.03,-0.09,-0.08,0.06,0.06,0.04,-0.4,0.07,9.408,9.633,8.947,9.025,9.91,9.71,11.87,11.58,-0.003,-0.004,-0.001,0.0,0.01,-80.3064756,26.9208812,673.75
-227.5,3.6,0.0,-0.03,-0.13,-0.07,0.25,-0.18,-0.13,-0.43,0.09,9.437,9.584,8.907,8.947,10.1,9.91,11.77,11.38,-0.003,-0.004,-0.001,0.0,0.01,-80.3064756,26.9208812,673.8
-227.5,3.6,0.0,-0.04,-0.16,-0.01,-0.12,0.15,-0.03,-0.42,0.1,9.486,9.682,8.858,8.927,10.4,9.61,11.28,11.38,-0.003,-0.004,-0.001,0.0,0.0,-80.3064756,26.9208812,673.85
-227.7,3.6,0.0,-0.05,-0.19,-0.01,0.18,-0.5,0.3,-0.45,0.11,9.565,9.732,8.966,8.947,10.2,9.81,11.77,11.58,-0.003,-0.004,-0.001,0.0,0.01,-80.3064756,26.9208812,673.9
-227.7,3.6,0.0,-0.06,-0.23,0.01,0.39,-0.49,-0.26,-0.46,0.11,9.673,9.8,8.957,9.025,10.3,9.91,11.87,11.77,-0.003,-0.004,-0.001,0.0,0.01,-80.3064756,26.9208812,673.95
-227.7,3.6,0.0,-0.07,-0.23,-0.08,0.41,-0.4,-0.22,-0.45,0.11,9.673,9.8,8.976,9.035,10.4,9.91,11.77,11.38,-0.003,-0.004,-0.001,0.0,0.01,-80.3064755,26.9208813,674.0
-227.8,3.6,0.0,-0.08,-0.24,-0.09,0.2,-0.18,0.02,-0.47,0.1,9.584,9.712,9.055,9.074,10.2,9.61,11.77,11.38,-0.003,-0.004,-0.001,0.0,0.01,-80.3064755,26.9208813,674.05
-227.9,3.6,0.0,-0.09,-0.23,-0.07,0.59,-0.17,0.35,-0.46,0.12,9.526,9.653,8.898,8.937,10.2,9.71,11.48,11.38,-0.003,-0.004,-0.001,0.0,0.01,-80.3064755,26.9208813,674.1
-227.9,3.6,0.0,-0.1,-0.25,-0.0,0.6,0.25,-0.36,-0.45,0.11,9.516,9.663,8.858,8.947,10.3,9.71,11.87,11.67,-0.003,-0.004,-0.001,0.0,0.01,-80.3064755,26.9208813,674.15
-228.0,3.6,0.0,-0.11,-0.24,0.01,0.47,0.14,-0.04,-0.45,0.1,9.584,9.751,8.898,9.006,10.1,9.91,12.26,11.67,-0.003,-0.004,-0.001,0.0,0.02,-80.3064754,26.9208814,674.2
-227.9,3.6,0.0,-0.13,-0.27,-0.01,1.06,0.14,0.07,-0.45,0.1,9.545,9.732,8.966,9.074,10.1,10.01,11.77,11.87,-0.003,-0.004,-0.001,0.0,0.02,-80.3064754,26.9208814,674.25
-227.3,3.6,0.0,-0.14,-0.24,-0.07,0.84,0.06,-0.06,-0.45,0.1,9.535,9.702,8.947,9.064,10.1,9.61,11.77,11.58,-0.003,-0.004,-0.001,0.0,0.03,-80.3064754,26.9208815,674.3
-226.0,3.6,0.0,-0.15,-0.26,-0.05,0.95,0.18,-0.12,-0.45,0.1,9.526,9.692,8.858,8.937,10.2,9.42,11.77,11.18,-0.003,-0.004,-0.001,0.0,0.02,-80.3064753,26.9208815,674.35
-223.9,3.6,0.0,-0.17,-0.27,-0.06,1.46,0.16,-0.46,-0.45,0.1,9.506,9.653,8.898,8.996,10.1,9.32,11.77,11.77,-0.003,-0.004,-0.001,0.0,0.03,-80.3064753,26.9208816,674.4
-222.3,3.6,0.0,-0.17,-0.17,-0.14,0.79,0.11,-0.01,-0.45,0.1,9.555,9.712,8.937,9.035,10.3,9.81,11.87,11.67,-0.003,-0.004,-0.001,0.0,0.03,-80.3064752,26.9208816,674.45
-221.7,3.6,0.0,-0.19,-0.25,-0.03,1.31,-0.31,-0.05,-0.46,0.1,9.604,9.732,8.898,8.986,10.5,9.81,11.67,11.38,-0.003,-0.004,-0.001,0.0,0.02,-80.3064752,26.9208817,674.5
-220.8,3.6,0.0,-0.2,-0.24,-0.04,1.37,-0.18,-0.25,-0.46,0.11,9.535,9.692,8.917,9.015,10.1,9.91,11.67,11.09,-0.003,-0.004,-0.001,0.0,0.03,-80.3064751,26.9208817,674.55
-220.2,3.6,0.0,-0.21,-0.25,-0.04,1.47,-0.15,0.22,-0.45,0.1,9.526,9.663,8.878,8.996,10.2,9.91,11.87,11.77,-0.003,-0.004,-0.001,0.0,0.04,-80.3064751,26.9208819,674.6
-219.1,3.6,0.0,-0.22,-0.24,-0.03,1.17,-0.03,-0.31,-0.45,0.1,9.545,9.692,8.917,9.015,10.3,9.91,11.67,11.58,-0.003,-0.004,-0.001,0.0,0.03,-80.306475,26.9208819,674.65
-217.2,3.6,0.0,-0.24,-0.22,-0.05,1.35,0.07,0.37,-0.45,0.12,9.545,9.741,8.937,9.015,10.4,10.1,12.07,11.48,-0.003,-0.004,-0.002,0.0,0.04,-80.3064749,26.9208819,674.7
-214.7,3.6,0.0,-0.24,-0.19,-0.05,1.33,0.15,0.65,-0.44,0.12,9.555,9.722,8.937,9.006,10.1,10.01,11.97,11.38,-0.003,-0.004,-0.002,0.0,0.04,-80.3064748,26.9208821,674.75
-211.4,3.6,0.0,-0.25,-0.17,-0.07,1.47,0.21,0.02,-0.44,0.1,9.506,9.663,8.917,8.996,10.3,9.61,11.87,11.28,-0.003,-0.004,-0.002,0.0,0.04,-80.3064747,26.9208822,674.8
-208.6,3.6,0.0,-0.26,-0.17,-0.07,1.75,0.32,0.01,-0.44,0.11,9.516,9.712,8.986,8.907,10.01,9.81,11.48,11.38,-0.003,-0.004,-0.002,0.0,0.04,-80.3064747,26.9208822,674.85
-206.2,3.6,0.0,-0.27,-0.16,-0.06,1.51,0.11,-0.27,-0.45,0.1,9.545,9.712,8.927,8.986,10.1,9.81,12.07,11.58,-0.003,-0.004,-0.002,0.0,0.04,-80.3064746,26.9208823,674.9
-202.3,3.6,0.0,-0.27,-0.16,-0.07,1.8,0.49,-0.24,-0.44,0.11,9.457,9.663,8.927,9.045,10.2,9.71,12.07,11.38,-0.003,-0.004,-0.002,0.0,0.04,-80.3064746,26.9208824,674.95
-197.7,3.6,0.0,-0.28,-0.11,-0.06,1.58,0.07,0.12,-0.44,0.1,9.506,9.682,8.966,9.015,10.1,9.91,11.87,11.38,-0.003,-0.004,-0.002,0.0,0.04,-80.3064745,26.9208825,675.0
-195.9,3.6,0.0,-0.29,-0.14,-0.08,1.39,0.2,0.29,-0.44,0.11,9.575,9.712,8.966,8.996,10.2,9.71,11.77,11.28,-0.004,-0.004,-0.002,0.0,0.04,-80.3064744,26.9208825,675.05
-196.6,3.6,0.0,-0.29,-0.13,-0.07,1.59,0.23,0.11,-0.43,0.1,9.565,9.751,8.947,9.035,10.2,9.81,11.87,11.58,-0.004,-0.004,-0.002,0.0,0.04,-80.3064743,26.9208827,675.1
-200.4,3.6,0.0,-0.29,-0.13,-0.1,1.49,0.28,0.19,-0.44,0.1,9.526,9.692,8.976,9.035,10.01,9.71,11.77,11.48,-0.004,-0.004,-0.002,0.0,0.03,-80.3064742,26.9208827,675.15
-203.7,3.6,0.0,-0.3,-0.12,-0.08,1.63,0.28,0.08,-0.43,0.1,9.447,9.584,8.858,8.927,10.01,9.81,11.58,11.38,-0.003,-0.004,-0.002,0.0,0.04,-80.3064741,26.9208828,675.2
-206.7,3.6,0.0,-0.31,-0.12,-0.03,1.75,0.12,0.26,-0.43,0.1,9.565,9.702,8.937,8.947,10.2,9.81,11.87,11.48,-0.003,-0.004,-0.002,0.0,0.04,-80.306474,26.920883,675.25
-207.9,3.6,0.0,-0.31,-0.11,-0.02,1.71,0.06,-0.08,-0.43,0.09,9.457,9.692,8.996,9.074,10.1,9.81,11.77,11.48,-0.004,-0.004,-0.002,0.0,0.04,-80.306474,26.9208831,675.3
-207.4,3.6,0.0,-0.32,-0.14,-0.02,1.84,0.03,-0.26,-0.43,0.09,9.437,9.682,8.947,9.006,10.3,9.91,11.97,11.87,-0.003,-0.004,-0.002,0.0,0.05,-80.3064739,26.9208832,675.35
-207.6,3.6,0.0,-0.32,-0.12,-0.08,1.7,0.1,0.26,-0.42,0.1,9.506,9.584,8.839,8.937,9.81,9.71,11.77,11.28,-0.003,-0.004,-0.002,0.0,0.04,-80.3064738,26.9208833,675.4
-207.9,3.6,0.0,-0.33,-0.12,-0.11,2.09,0.37,0.13,-0.42,0.09,9.584,9.624,8.957,8.996,10.2,9.71,12.07,11.67,-0.004,-0.004,-0.002,0.0,0.05,-80.3064737,26.9208834,675.45
-208.2,3.6,0.0,-0.33,-0.09,-0.08,2.01,0.01,0.32,-0.41,0.1,9.516,9.741,8.986,9.113,10.2,9.71,11.97,11.58,-0.004,-0.004,-0.002,0.0,0.04,-80.3064736,26.9208835,675.5
-207.9,3.6,0.0,-0.34,-0.09,0.02,2.05,-0.12,0.19,-0.41,0.09,9.506,9.673,8.937,9.006,10.2,9.71,11.58,11.38,-0.004,-0.004,-0.002,0.0,0.05,-80.3064735,26.9208836,675.55
-204.9,3.6,0.0,-0.34,-0.08,0.05,2.13,0.24,-0.27,-0.41,0.1,9.496,9.624,8.8,8.917,10.3,9.81,11.58,11.48,-0.004,-0.004,-0.002,0.0,0.06,-80.3064734,26.9208837,675.6
-198.7,3.6,0.0,-0.34,-0.13,-0.07,2.07,-0.36,-0.07,-0.42,0.09,9.408,9.614,8.849,9.045,10.1,9.71,11.38,11.38,-0.004,-0.004,-0.002,0.0,0.06,-80.3064733,26.9208838,675.65
-188.9,3.6,0.0,-0.35,-0.11,-0.07,1.89,-0.6,0.44,-0.43,0.1,9.506,9.604,9.094,9.104,9.91,9.81,12.07,11.48,-0.004,-0.004,-0.002,0.0,0.05,-80.3064732,26.920884,675.7
-175.8,3.6,0.0,-0.36,-0.13,-0.17,2.19,-0.41,0.23,-0.44,0.1,9.506,9.732,9.006,9.094,10.3,9.81,11.97,11.38,-0.004,-0.004,-0.002,0.0,0.05,-80.3064731,26.9208841,675.75
-163.1,3.6,0.0,-0.36,-0.12,-0.21,1.65,0.04,0.21,-0.43,0.12,9.575,9.584,8.839,8.868,10.2,9.81,11.38,10.99,-0.004,-0.004,-0.002,0.0,0.05,-80.306473,26.9208842,675.8
-151.4,3.6,0.0,-0.37,-0.09,-0.13,1.61,0.06,0.41,-0.44,0.13,9.516,9.722,8.849,8.849,10.3,9.91,11.97,11.48,-0.004,-0.004,-0.002,0.0,0.04,-80.3064729,26.9208843,675.85
-141.4,3.6,0.0,-0.37,-0.1,-0.12,1.77,0.5,0.17,-0.42,0.12,9.506,9.624,8.898,9.006,10.2,9.91,11.58,11.77,-0.004,-0.004,-0.002,0.0,0.05,-80.3064728,26.9208845,675.9
-132.3,3.6,0.0,-0.38,-0.08,-0.06,1.77,-0.36,-0.12,-0.43,0.12,9.565,9.663,9.015,9.104,10.3,9.91,11.87,11.38,-0.004,-0.004,-0.002,0.0,0.04,-80.3064727,26.9208846,675.95
-123.4,3.6,0.0,-0.38,-0.07,-0.06,1.45,-0.15,0.17,-0.41,0.12,9.476,9.702,8.927,9.025,10.3,9.81,11.67,11.77,-0.004,-0.004,-0.002,0.0,0.04,-80.3064725,26.9208848,676.0
-112.4,3.6,0.0,-0.38,-0.09,-0.13,1.59,-0.52,0.06,-0.43,0.12,9.526,9.653,8.947,8.996,9.81,9.81,11.87,11.48,-0.004,-0.004,-0.002,0.0,0.04,-80.3064725,26.9208849,676.05
-101.4,3.6,0.0,-0.38,-0.09,-0.08,1.51,-0.19,0.02,-0.44,0.13,9.516,9.673,8.986,9.094,10.01,10.2,11.38,11.58,-0.004,-0.004,-0.003,0.0,0.04,-80.3064724,26.920885,676.1
-92.1,3.6,0.0,-0.38,-0.12,-0.19,1.35,-0.06,0.21,-0.43,0.13,9.575,9.751,8.907,9.015,10.4,9.81,11.48,11.38,-0.004,-0.004,-0.003,0.0,0.04,-80.3064722,26.9208852,676.15
-85.8,3.6,0.0,-0.39,-0.14,-0.15,1.22,-0.18,-0.22,-0.44,0.13,9.614,9.722,8.858,8.888,10.2,9.81,11.48,11.48,-0.004,-0.004,-0.003,0.0,0.03,-80.3064722,26.9208853,676.2
-81.9,3.6,0.0,-0.4,-0.14,-0.16,0.97,0.05,-0.08,-0.44,0.13,9.476,9.663,8.868,8.888,10.3,9.61,11.67,11.58,-0.004,-0.004,-0.003,0.0,0.02,-80.3064721,26.9208855,676.25
-78.5,3.6,0.0,-0.4,-0.12,-0.1,1.1,0.1,-0.21,-0.44,0.13,9.565,9.663,9.006,9.035,10.01,9.71,11.87,11.67,-0.004,-0.004,-0.003,0.0,0.02,-80.306472,26.9208857,676.3
-77.6,3.6,0.0,-0.41,-0.12,-0.01,1.11,0.27,0.53,-0.42,0.14,9.496,9.81,9.074,9.221,10.2,9.81,11.77,11.48,-0.004,-0.004,-0.003,0.0,0.02,-80.3064718,26.9208858,676.35
-79.3,3.6,0.0,-0.41,-0.12,-0.05,1.5,-0.21,-0.06,-0.44,0.13,9.584,9.771,8.839,8.898,10.1,9.91,11.58,11.67,-0.004,-0.004,-0.003,0.0,0.03,-80.3064718,26.920886,676.4
-81.8,3.6,0.0,-0.42,-0.13,-0.1,1.06,0.05,0.07,-0.43,0.13,9.526,9.594,8.849,8.907,10.3,9.71,11.67,11.28,-0.004,-0.004,-0.003,0.0,0.02,-80.3064716,26.920886,676.45
-83.1,3.6,0.0,-0.43,-0.13,-0.14,1.1,0.4,-0.45,-0.43,0.12,9.476,9.565,8.966,9.123,10.01,9.71,11.77,11.77,-0.004,-0.004,-0.003,0.0,0.02,-80.3064715,26.9208862,676.5
-83.6,3.6,0.0,-0.43,-0.12,-0.09,0.78,-0.23,0.18,-0.44,0.13,9.555,9.702,8.947,9.006,10.5,9.81,11.87,11.77,-0.004,-0.004,-0.003,0.0,0.02,-80.3064714,26.9208864,676.55
-84.9,3.6,0.0,-0.43,-0.1,-0.01,1.12,0.21,0.39,-0.43,0.14,9.584,9.712,8.849,8.986,10.3,9.81,11.67,11.77,-0.004,-0.004,-0.003,0.0,0.03,-80.3064713,26.9208866,676.6
-85.1,3.6,0.0,-0.44,-0.07,0.02,1.18,-0.07,-0.1,-0.44,0.12,9.447,9.594,9.025,9.113,10.5,9.71,11.77,11.77,-0.004,-0.004,-0.003,0.0,0.03,-80.3064712,26.9208867,676.65
-85.2,3.6,0.0,-0.44,-0.06,-0.1,1.28,-0.35,0.28,-0.45,0.13,9.467,9.653,8.819,8.957,10.01,9.81,11.58,11.58,-0.004,-0.004,-0.003,0.0,0.03,-80.306471,26.9208869,676.7
-84.5,3.6,0.0,-0.45,-0.09,-0.09,1.03,0.1,0.11,-0.45,0.13,9.496,9.653,8.937,8.976,10.2,9.61,11.58,11.28,-0.004,-0.004,-0.003,0.0,0.03,-80.306471,26.9208871,676.75
-77.2,3.6,0.0,-0.45,-0.17,-0.11,1.04,-0.16,0.14,-0.46,0.13,9.476,9.614,8.986,8.986,10.3,9.61,11.67,11.48,-0.004,-0.004,-0.003,0.0,0.03,-80.3064708,26.9208872,676.8
-67.3,3.6,0.0,-0.45,-0.14,-0.1,1.06,0.11,0.11,-0.47,0.13,9.476,9.663,8.966,9.064,10.3,9.91,11.77,11.38,-0.004,-0.004,-0.003,0.0,0.03,-80.3064707,26.9208873,676.85
-61.4,3.6,0.0,-0.46,-0.1,-0.19,1.16,0.07,-0.0,-0.47,0.13,9.594,9.83,8.858,8.917,10.5,9.81,11.77,11.58,-0.004,-0.004,-0.003,0.0,0.03,-80.3064706,26.9208875,676.9
-60.4,3.6,0.0,-0.46,-0.16,-0.2,1.18,0.0,-0.1,-0.47,0.14,9.771,9.712,8.77,8.917,10.2,9.61,11.58,11.48,-0.004,-0.004,-0.003,0.0,0.01,-80.3064705,26.9208877,676.95
-57.2,3.6,0.0,-0.47,-0.11,-0.03,0.84,0.85,-0.3,-0.45,0.14,9.653,9.663,8.898,9.182,10.4,9.71,11.77,11.38,-0.004,-0.004,-0.003,0.0,0.02,-80.3064704,26.9208879,677.0
-51.5,3.6,0.0,-0.48,-0.08,-0.08,0.85,0.24,-0.26,-0.44,0.13,9.447,9.624,8.937,9.035,10.4,9.61,11.77,11.38,-0.004,-0.004,-0.003,0.0,0.02,-80.3064702,26.9208881,677.05
-44.3,3.6,0.0,-0.48,-0.01,-0.07,0.72,0.01,-0.08,-0.43,0.13,9.476,9.555,8.957,9.015,10.3,9.71,11.58,11.77,-0.004,-0.004,-0.003,0.0,0.02,-80.3064702,26.9208883,677.1
-34.9,3.6,0.0,-0.49,-0.01,-0.11,0.8,0.71,-0.12,-0.41,0.13,9.476,9.633,8.976,9.113,10.2,9.81,11.77,11.38,-0.004,-0.004,-0.003,0.0,0.03,-80.3064701,26.9208885,677.15
-23.2,3.6,0.0,-0.5,-0.04,-0.17,0.7,0.11,0.02,-0.41,0.13,9.565,9.692,9.015,9.094,10.3,9.81,12.07,11.38,-0.004,-0.004,-0.003,0.0,0.03,-80.3064699,26.9208886,677.2
-11.0,3.6,0.0,-0.47,-0.08,-0.2,0.47,0.02,0.1,-0.39,0.14,9.486,9.692,8.937,9.055,10.3,9.91,11.87,11.87,-0.004,-0.004,-0.003,0.0,0.0,-80.3064698,26.9208887,677.25
0.1,3.6,0.0,-0.47,-0.12,-0.21,0.18,-0.02,0.12,-0.37,0.15,9.575,9.584,8.858,8.888,10.2,9.71,11.87,11.67,-0.004,-0.004,-0.003,0.0,-0.0,-80.3064697,26.9208889,677.3
8.8,3.6,0.0,-0.48,-0.13,-0.19,0.21,0.27,-0.2,-0.37,0.15,9.506,9.604,8.898,8.986,10.3,9.91,11.38,11.38,-0.004,-0.004,-0.003,0.0,-0.01,-80.3064696,26.9208892,677.35
11.1,3.6,0.0,-0.49,-0.14,-0.07,-0.1,0.33,0.1,-0.34,0.15,9.476,9.653,9.015,9.084,10.3,9.91,11.87,11.77,-0.004,-0.004,-0.003,0.0,-0.01,-80.3064695,26.9208894,677.4
9.4,3.6,0.0,-0.49,-0.09,-0.03,0.02,0.35,-0.01,-0.33,0.15,9.535,9.781,8.986,9.064,10.5,10.2,12.07,11.58,-0.004,-0.004,-0.003,0.0,-0.01,-80.3064694,26.9208896,677.45
4.1,3.6,0.0,-0.5,-0.05,0.01,-0.12,0.13,-0.0,-0.33,0.17,9.643,9.79,8.819,8.888,10.4,9.71,12.16,11.18,-0.004,-0.004,-0.003,0.0,-0.01,-80.3064693,26.9208897,677.5
0.8,3.6,0.0,-0.5,-0.02,-0.03,0.43,0.03,-0.13,-0.32,0.15,9.467,9.663,8.957,8.947,10.01,9.81,12.16,11.28,-0.004,-0.004,-0.003,0.0,-0.02,-80.3064692,26.9208899,677.55
-1.3,3.6,0.0,-0.51,-0.04,-0.11,0.17,0.06,-0.33,-0.31,0.15,9.329,9.741,8.986,9.113,10.1,9.71,11.77,12.07,-0.004,-0.004,-0.003,0.0,-0.02,-80.3064691,26.9208901,677.6
-0.5,3.6,0.0,-0.51,-0.01,-0.03,0.03,-0.23,0.69,-0.32,0.17,9.555,9.663,8.976,9.025,10.1,10.01,11.87,11.48,-0.004,-0.004,-0.003,0.0,-0.02,-80.306469,26.9208903,677.65
-0.3,3.6,0.0,-0.52,0.0,-0.03,-0.37,0.03,0.04,-0.3,0.17,9.496,9.741,8.888,9.025,10.3,9.71,11.58,11.38,-0.004,-0.004,-0.003,0.0,-0.03,-80.3064688,26.9208905,677.7
-0.1,3.6,0.0,-0.52,0.02,-0.07,-0.14,0.04,0.4,-0.3,0.17,9.486,9.614,8.996,8.996,10.3,9.91,11.87,11.38,-0.004,-0.004,-0.003,0.0,-0.03,-80.3064687,26.9208906,677.75
-0.3,3.6,0.0,-0.53,-0.01,-0.08,-0.05,0.37,0.02,-0.29,0.18,9.486,9.732,8.819,9.025,10.1,9.71,11.58,11.18,-0.004,-0.004,-0.003,0.0,-0.03,-80.3064686,26.9208909,677.8
0.5,3.6,0.0,-0.53,-0.08,0.05,-0.24,-0.24,-0.05,-0.3,0.17,9.614,9.673,8.858,9.025,10.2,9.61,11.67,11.87,-0.004,-0.004,-0.003,0.0,-0.03,-80.3064685,26.9208911,677.85
10.5,3.6,0.0,-0.49,-0.08,-0.0,0.0,0.92,0.16,-0.28,0.18,9.467,9.741,8.77,9.192,10.1,9.81,11.18,11.58,-0.004,-0.004,-0.003,0.0,0.01,-80.3064684,26.9208913,677.9
26.3,3.6,0.0,-0.49,-0.11,-0.03,-0.17,-0.14,0.0,-0.29,0.18,9.614,9.722,8.957,9.113,10.2,9.42,12.07,11.38,-0.004,-0.004,-0.003,0.0,0.02,-80.3064683,26.9208915,677.95
44.0,3.6,0.0,-0.5,-0.13,-0.2,-0.21,0.03,0.12,-0.31,0.2,9.555,9.702,8.829,8.976,10.4,9.81,11.67,11.38,-0.004,-0.004,-0.003,0.0,-0.01,-80.3064682,26.9208917,678.0
55.1,3.6,0.0,-0.51,-0.13,-0.27,0.17,0.04,-0.21,-0.29,0.18,9.633,9.682,8.957,9.025,10.5,9.81,11.67,11.58,-0.004,-0.004,-0.003,0.0,-0.01,-80.306468,26.9208918,678.05
62.1,3.6,0.0,-0.51,-0.08,-0.23,-0.64,0.16,-0.23,-0.3,0.17,9.496,9.545,8.957,8.888,10.4,9.71,11.87,11.28,-0.004,-0.004,-0.003,0.0,-0.03,-80.3064679,26.9208921,678.1
68.5,3.6,0.0,-0.51,-0.08,-0.18,-0.92,0.3,-0.27,-0.28,0.16,9.457,9.584,8.927,8.957,10.01,9.81,11.67,11.67,-0.004,-0.004,-0.003,0.0,-0.04,-80.3064678,26.9208923,678.15
75.0,3.6,0.0,-0.52,-0.11,-0.04,-1.27,0.17,-0.0,-0.25,0.16,9.398,9.751,9.006,8.947,10.2,9.91,11.97,11.28,-0.004,-0.004,-0.003,0.0,-0.04,-80.3064677,26.9208925,678.2
80.9,3.6,0.0,-0.52,-0.12,0.06,-1.0,0.67,-0.05,-0.24,0.17,9.496,9.751,8.888,8.927,10.3,9.91,12.16,11.87,-0.004,-0.004,-0.004,0.0,-0.03,-80.3064676,26.9208927,678.25
87.3,3.6,0.0,-0.53,-0.08,-0.01,-0.5,0.12,-0.43,-0.22,0.16,9.614,9.781,8.937,9.055,9.71,9.32,11.87,11.09,-0.004,-0.004,-0.004,0.0,-0.02,-80.3064675,26.9208929,678.3
96.5,3.6,0.0,-0.53,-0.13,-0.12,-0.68,0.39,0.06,-0.22,0.16,9.339,9.663,9.055,9.113,9.91,9.91,11.97,11.58,-0.004,-0.004,-0.004,0.0,-0.02,-80.3064674,26.9208931,678.35
110.5,3.6,0.0,-0.53,-0.11,-0.16,-1.17,-0.54,0.29,-0.23,0.15,9.408,9.673,8.957,9.094,10.1,9.71,11.58,11.38,-0.004,-0.004,-0.004,0.0,-0.04,-80.3064672,26.9208932,678.4
126.8,3.6,0.0,-0.54,-0.12,-0.1,-1.27,-0.31,-0.1,-0.24,0.16,9.604,9.722,8.849,8.829,10.4,9.91,11.77,11.38,-0.004,-0.004,-0.004,0.0,-0.04,-80.3064671,26.9208935,678.45
140.1,3.6,0.0,-0.54,-0.1,-0.21,-1.62,0.04,-0.25,-0.23,0.16,9.545,9.732,8.976,9.015,10.4,10.1,11.67,11.87,-0.004,-0.004,-0.004,0.0,-0.05,-80.306467,26.9208937,678.5
151.0,3.6,0.0,-0.55,-0.12,-0.05,-1.71,0.06,-0.04,-0.22,0.16,9.526,9.663,9.045,9.192,10.3,9.52,11.67,11.77,-0.004,-0.004,-0.004,0.0,-0.06,-80.3064669,26.9208939,678.55
156.4,3.6,0.0,-0.55,-0.15,-0.11,-2.09,-0.07,-0.08,-0.22,0.15,9.516,9.79,8.839,9.015,9.91,9.81,12.07,11.58,-0.004,-0.004,-0.004,0.0,-0.06,-80.3064667,26.9208941,678.6
157.2,3.6,0.0,-0.56,-0.17,-0.02,-2.18,-0.17,-0.34,-0.23,0.15,9.565,9.81,8.957,9.094,10.5,9.61,11.67,11.18,-0.004,-0.004,-0.004,0.0,-0.05,-80.3064666,26.9208944,678.65
152.8,3.6,0.0,-0.56,-0.16,-0.07,-2.35,-0.09,0.29,-0.25,0.16,9.427,9.682,8.888,8.819,10.4,9.81,11.77,11.38,-0.004,-0.004,-0.004,0.0,-0.06,-80.3064665,26.9208946,678.7
150.5,3.6,0.0,-0.57,-0.12,-0.13,-2.44,0.26,-0.63,-0.24,0.15,9.3,9.614,8.849,8.976,10.59,9.61,11.58,11.48,-0.004,-0.004,-0.004,0.0,-0.06,-80.3064664,26.9208948,678.75
144.3,3.6,0.0,-0.57,-0.14,-0.07,-2.22,0.06,-0.13,-0.24,0.15,9.467,9.526,8.947,9.123,10.69,9.52,11.67,11.97,-0.004,-0.004,-0.004,0.0,-0.06,-80.3064663,26.9208951,678.8
144.3,3.6,0.0,-0.58,-0.16,0.05,-2.21,-0.05,0.36,-0.24,0.15,9.712,9.594,8.996,9.123,10.5,9.91,11.87,11.67,-0.004,-0.004,-0.004,0.0,-0.06,-80.3064661,26.9208952,678.85
145.4,3.6,0.0,-0.59,-0.17,-0.04,-2.43,0.58,-0.22,-0.22,0.15,9.427,9.653,8.849,8.927,10.2,9.91,11.48,11.67,-0.004,-0.004,-0.004,0.0,-0.06,-80.306466,26.9208955,678.9
145.4,3.6,0.0,-0.59,-0.08,-0.03,-2.3,0.35,-0.21,-0.19,0.14,9.369,9.624,8.809,9.006,10.4,9.81,11.58,11.38,-0.004,-0.004,-0.004,0.0,-0.06,-80.3064659,26.9208958,678.95
145.2,3.6,0.0,-0.6,-0.12,-0.04,-2.15,-0.0,-0.07,-0.19,0.14,9.427,9.614,8.868,8.996,10.01,9.61,11.87,11.77,-0.004,-0.004,-0.004,0.0,-0.06,-80.3064657,26.920896,679.0
145.4,3.6,0.0,-0.6,-0.13,0.07,-2.02,0.02,-0.42,-0.18,0.13,9.378,9.673,9.113,9.172,10.1,9.91,11.87,11.77,-0.004,-0.004,-0.004,0.0,-0.06,-80.3064656,26.9208963,679.05
150.9,3.6,0.0,-0.6,-0.08,-0.05,-2.42,0.15,0.15,-0.17,0.13,9.418,9.879,8.849,9.064,10.1,10.1,11.77,11.28,-0.004,-0.004,-0.004,0.0,-0.06,-80.3064655,26.9208965,679.1
166.1,3.6,0.0,-0.6,-0.13,0.08,-2.51,-0.68,0.35,-0.2,0.14,9.555,9.653,8.937,8.986,10.1,9.61,11.77,11.58,-0.004,-0.004,-0.004,0.0,-0.06,-80.3064653,26.9208967,679.15
184.2,3.6,0.0,-0.62,-0.12,-0.2,-2.25,-0.06,0.05,-0.19,0.14,9.408,9.663,8.937,9.074,10.1,9.61,11.87,11.38,-0.004,-0.004,-0.004,0.0,-0.06,-80.3064651,26.920897,679.2
193.6,3.6,0.0,-0.61,-0.07,-0.17,-2.82,-0.4,0.0,-0.22,0.14,9.535,9.584,8.888,8.829,10.2,9.91,11.77,11.38,-0.004,-0.004,-0.004,0.0,-0.07,-80.306465,26.9208972,679.25
199.2,3.6,0.0,-0.62,-0.09,-0.24,-2.98,-0.23,0.12,-0.22,0.15,9.565,9.722,8.947,8.888,10.01,9.91,11.77,11.58,-0.004,-0.004,-0.004,0.0,-0.09,-80.3064649,26.9208975,679.3
208.2,3.6,0.0,-0.62,-0.13,-0.02,-3.32,0.2,-0.0,-0.22,0.15,9.555,9.771,9.094,8.937,10.3,10.1,11.87,10.79,-0.004,-0.004,-0.004,0.0,-0.09,-80.3064648,26.9208977,679.35
218.3,3.6,0.0,-0.63,-0.14,0.02,-3.57,0.18,-0.25,-0.2,0.14,9.457,9.81,8.996,9.006,10.01,9.81,11.77,11.77,-0.004,-0.004,-0.004,0.0,-0.1,-80.3064646,26.920898,679.4
228.9,3.6,0.0,-0.63,-0.17,-0.02,-3.63,0.12,-0.26,-0.19,0.14,9.467,9.702,8.986,8.996,10.1,9.91,11.48,11.18,-0.004,-0.004,-0.004,0.0,-0.08,-80.3064644,26.9208983,679.45
240.5,3.6,0.0,-0.64,-0.18,-0.11,-3.24,0.39,0.08,-0.18,0.13,9.476,9.692,8.927,8.996,10.2,10.1,11.87,11.67,-0.004,-0.004,-0.004,0.0,-0.09,-80.3064643,26.9208985,679.5
251.4,3.6,0.0,-0.65,-0.13,-0.16,-3.87,-0.09,0.48,-0.16,0.13,9.535,9.751,8.937,9.084,10.3,10.2,11.67,11.58,-0.004,-0.004,-0.004,0.0,-0.1,-80.3064641,26.9208988,679.55
259.4,3.6,0.0,-0.65,-0.1,-0.02,-4.3,-0.09,-0.13,-0.17,0.13,9.584,9.682,9.025,9.035,10.89,10.01,11.87,11.67,-0.004,-0.004,-0.005,0.0,-0.1,-80.306464,26.920899,679.6
266.5,3.6,0.0,-0.65,-0.09,-0.05,-4.71,-0.04,0.25,-0.15,0.13,9.467,9.712,8.927,9.035,10.01,10.1,11.77,11.48,-0.004,-0.004,-0.005,0.0,-0.11,-80.3064639,26.9208993,679.65
269.5,3.6,0.0,-0.66,-0.14,-0.05,-4.38,0.04,0.07,-0.14,0.14,9.427,9.673,8.878,8.966,10.1,9.52,11.67,11.28,-0.004,-0.004,-0.005,0.0,-0.12,-80.3064636,26.9208996,679.7
270.6,3.6,0.0,-0.66,-0.11,-0.05,-4.57,0.12,-0.32,-0.14,0.13,9.535,9.761,8.898,8.819,10.1,9.81,11.87,11.58,-0.004,-0.004,-0.005,0.0,-0.12,-80.3064635,26.9208999,679.75
269.2,3.6,0.0,-0.67,-0.07,0.01,-4.69,0.19,0.07,-0.13,0.13,9.427,9.771,9.055,9.133,10.1,9.81,11.77,11.48,-0.004,-0.004,-0.005,0.0,-0.12,-80.3064634,26.9209001,679.8
268.5,3.6,0.0,-0.66,0.03,0.09,-4.76,-0.35,-0.2,-0.14,0.13,9.565,9.663,8.917,8.986,10.4,9.52,11.97,11.28,-0.004,-0.004,-0.005,0.0,-0.12,-80.3064632,26.9209004,679.85
268.3,3.6,0.0,-0.66,0.03,0.12,-4.87,0.22,-0.01,-0.13,0.13,9.398,9.712,8.819,9.015,10.3,10.01,11.77,11.38,-0.004,-0.004,-0.005,0.0,-0.11,-80.3064631,26.9209006,679.9
268.1,3.6,0.0,-0.67,-0.01,0.02,-5.07,-0.56,0.27,-0.14,0.13,9.378,9.614,8.927,9.025,10.1,9.81,11.67,11.28,-0.004,-0.004,-0.005,0.0,-0.12,-80.3064629,26.9209009,679.95
267.7,3.6,0.0,-0.66,-0.09,0.05,-5.04,-0.18,0.06,-0.15,0.12,9.565,9.506,8.77,8.692,9.91,9.71,11.38,11.48,-0.004,-0.004,-0.005,0.0,-0.12,-80.3064628,26.9209012,680.0
267.6,3.6,0.0,-0.67,-0.11,-0.1,-4.69,-0.12,0.41,-0.13,0.12,9.388,9.712,8.927,9.123,10.01,9.81,11.87,11.87,-0.004,-0.004,-0.005,0.0,-0.12,-80.3064626,26.9209015,680.05
267.6,3.6,0.0,-0.67,-0.12,0.02,-4.74,-0.13,-0.18,-0.13,0.12,9.565,9.722,9.094,9.074,10.3,10.01,11.87,11.67,-0.004,-0.004,-0.005,0.0,-0.12,-80.3064624,26.9209017,680.1
267.7,3.6,0.0,-0.68,-0.11,0.04,-4.91,0.49,0.36,-0.12,0.12,9.594,9.732,8.947,9.163,10.2,9.71,11.58,11.77,-0.004,-0.004,-0.005,0.0,-0.12,-80.3064622,26.9209021,680.15
267.9,3.6,0.0,-0.68,-0.08,0.07,-4.99,0.02,-0.03,-0.12,0.13,9.506,9.761,8.849,9.113,10.4,9.61,11.77,11.38,-0.004,-0.004,-0.005,0.0,-0.12,-80.3064621,26.9209023,680.2
267.9,3.6,0.0,-0.68,-0.09,0.07,-4.74,-0.17,0.35,-0.14,0.13,9.476,9.584,8.957,8.937,10.2,9.71,11.48,11.58,-0.004,-0.004,-0.005,0.0,-0.12,-80.3064619,26.9209026,680.25
267.9,3.6,0.0,-0.69,-0.09,-0.0,-5.3,-0.12,0.01,-0.14,0.13,9.467,9.555,8.937,9.104,10.1,9.71,11.58,12.07,-0.004,-0.004,-0.005,0.0,-0.12,-80.3064617,26.9209029,680.3
268.0,3.6,0.0,-0.69,-0.03,-0.03,-5.12,-0.09,0.23,-0.14,0.15,9.624,9.781,8.907,8.976,10.3,10.01,11.87,11.09,-0.004,-0.004,-0.005,0.0,-0.11,-80.3064615,26.9209032,680.35
268.0,3.6,0.0,-0.7,-0.03,0.03,-5.1,0.3,-0.27,-0.14,0.15,9.633,9.839,8.868,8.868,10.1,10.2,12.07,11.38,-0.004,-0.004,-0.005,0.0,-0.11,-80.3064614,26.9209034,680.4
268.3,3.6,0.0,-0.68,-0.02,-0.0,-4.74,0.08,-0.08,-0.14,0.14,9.418,9.732,9.035,9.28,10.3,9.71,11.87,11.77,-0.004,-0.004,-0.005,0.0,-0.12,-80.3064612,26.9209037,680.45
268.3,3.6,0.0,-0.69,-0.05,0.14,-4.77,0.09,-0.24,-0.15,0.13,9.427,9.486,8.917,9.045,10.3,9.71,11.58,11.87,-0.004,-0.004,-0.005,0.0,-0.12,-80.306461,26.9209039,680.5
268.4,3.6,0.0,-0.69,-0.02,0.05,-5.04,-0.13,0.03,-0.15,0.14,9.378,9.732,8.829,8.937,9.91,9.81,11.48,11.18,-0.004,-0.004,-0.005,0.0,-0.11,-80.3064609,26.9209042,680.55
268.3,3.6,0.0,-0.69,-0.07,0.04,-5.56,-0.34,0.12,-0.18,0.14,9.408,9.545,8.907,8.937,10.2,9.61,11.77,11.38,-0.004,-0.004,-0.005,0.0,-0.12,-80.3064607,26.9209045,680.6
266.1,3.6,0.0,-0.69,-0.08,-0.04,-5.01,-0.05,0.34,-0.18,0.14,9.526,9.741,8.907,8.937,10.3,9.81,11.87,11.58,-0.004,-0.004,-0.005,0.0,-0.12,-80.3064605,26.9209048,680.65
259.3,3.6,0.0,-0.69,-0.04,-0.05,-5.02,-0.3,0.24,-0.2,0.14,9.614,9.653,8.937,8.957,10.4,9.71,11.77,11.18,-0.004,-0.004,-0.005,0.0,-0.11,-80.3064602,26.9209051,680.7
251.6,3.6,0.0,-0.7,-0.0,0.05,-4.66,0.45,-0.09,-0.18,0.14,9.467,9.624,8.937,8.966,10.1,9.61,11.58,11.18,-0.004,-0.004,-0.005,0.0,-0.11,-80.3064601,26.9209053,680.75
242.8,3.6,0.0,-0.7,-0.06,0.07,-5.1,0.2,-0.15,-0.17,0.13,9.496,9.673,8.751,8.917,10.1,9.42,12.07,11.48,-0.004,-0.004,-0.005,0.0,-0.11,-80.3064599,26.9209056,680.8
235.4,3.6,0.0,-0.69,-0.1,0.2,-4.75,-0.09,-0.35,-0.17,0.12,9.467,9.633,8.898,8.976,10.1,9.71,11.58,11.38,-0.004,-0.004,-0.005,0.0,-0.11,-80.3064597,26.9209059,680.85
231.0,3.6,0.0,-0.7,-0.08,0.16,-4.39,0.17,-0.6,-0.16,0.11,9.339,9.663,8.957,9.055,10.2,10.2,11.97,11.38,-0.004,-0.004,-0.005,0.0,-0.1,-80.3064595,26.9209062,680.9
230.1,3.6,0.0,-0.7,-0.11,0.09,-4.32,-0.16,-0.31,-0.16,0.11,9.535,9.888,8.957,9.113,10.2,9.71,12.07,11.77,-0.004,-0.004,-0.005,0.0,-0.1,-80.3064594,26.9209064,680.95
232.0,3.6,0.0,-0.7,-0.1,0.09,-4.2,-0.37,0.25,-0.19,0.12,9.476,9.673,9.123,9.055,10.2,9.91,11.87,11.58,-0.004,-0.004,-0.004,0.0,-0.1,-80.3064592,26.9209067,681.0
233.1,3.6,0.0,-0.71,-0.06,-0.04,-3.93,0.11,0.53,-0.18,0.12,9.545,9.575,8.751,8.898,10.1,9.81,11.58,11.38,-0.004,-0.004,-0.004,0.0,-0.1,-80.3064589,26.920907,681.05
236.3,3.6,0.0,-0.71,-0.01,-0.11,-4.73,-0.03,-0.03,-0.19,0.12,9.526,9.624,8.829,8.966,10.3,9.52,11.58,11.38,-0.004,-0.004,-0.004,0.0,-0.11,-80.3064587,26.9209072,681.1
237.4,3.6,0.0,-0.7,-0.07,-0.02,-4.68,0.4,-0.28,-0.19,0.1,9.624,9.584,9.006,8.966,10.2,9.42,11.67,11.87,-0.004,-0.004,-0.004,0.0,-0.11,-80.3064585,26.9209075,681.15
237.6,3.6,0.0,-0.71,-0.08,-0.05,-4.46,0.34,-0.61,-0.18,0.09,9.673,9.624,9.133,9.339,10.4,9.71,11.77,11.77,-0.004,-0.004,-0.004,0.0,-0.11,-80.3064583,26.9209078,681.2
236.8,3.6,0.0,-0.7,-0.07,0.11,-4.58,0.07,-0.19,-0.17,0.09,9.839,9.751,8.947,9.182,10.3,9.61,11.87,11.87,-0.004,-0.004,-0.004,0.0,-0.11,-80.3064581,26.920908,681.25
231.0,3.6,0.0,-0.71,-0.06,0.04,-4.55,-0.33,-0.11,-0.19,0.09,9.28,9.624,9.015,9.025,10.4,9.81,12.07,11.77,-0.004,-0.004,-0.004,0.0,-0.1,-80.3064579,26.9209083,681.3
221.0,3.6,0.0,-0.7,0.03,0.1,-4.81,-0.54,0.2,-0.19,0.09,9.261,9.663,8.809,8.937,9.91,9.81,11.77,11.38,-0.004,-0.004,-0.004,0.0,-0.11,-80.3064577,26.9209086,681.35
209.3,3.6,0.0,-0.7,0.02,0.05,-4.29,0.03,0.29,-0.19,0.1,9.584,9.614,8.8,8.947,10.59,9.71,11.09,11.77,-0.004,-0.004,-0.004,0.0,-0.11,-80.3064575,26.9209088,681.4
199.0,3.6,0.0,-0.7,0.03,0.09,-4.26,0.14,-0.1,-0.18,0.09,9.584,9.594,9.006,9.182,10.4,9.91,11.87,12.16,-0.004,-0.004,-0.004,0.0,-0.1,-80.3064573,26.9209091,681.45
192.3,3.6,0.0,-0.7,0.03,0.12,-3.68,0.2,0.44,-0.18,0.1,9.437,9.702,9.064,9.3,10.4,9.81,11.97,11.77,-0.004,-0.004,-0.004,0.0,-0.09,-80.3064571,26.9209094,681.5
190.5,3.6,0.0,-0.69,0.08,0.28,-3.78,-0.19,0.53,-0.19,0.12,9.702,9.732,8.878,8.907,10.5,9.61,11.77,11.48,-0.004,-0.004,-0.004,0.0,-0.08,-80.3064568,26.9209097,681.55
192.6,3.6,0.0,-0.69,0.04,0.08,-3.69,0.29,0.15,-0.18,0.13,9.369,9.781,8.721,8.996,10.01,9.81,11.67,11.87,-0.004,-0.004,-0.004,0.0,-0.08,-80.3064567,26.9209099,681.6
193.6,3.6,0.0,-0.68,0.01,-0.04,-3.75,-0.36,-0.28,-0.19,0.12,9.29,9.604,8.917,9.231,10.01,9.91,11.77,10.99,-0.004,-0.004,-0.005,0.0,-0.07,-80.3064565,26.9209101,681.65
196.7,3.6,0.0,-0.68,-0.01,0.01,-3.57,-0.56,-0.17,-0.23,0.12,9.427,9.427,8.937,8.868,10.01,9.81,12.07,11.58,-0.004,-0.004,-0.005,0.0,-0.08,-80.3064562,26.9209104,681.7
199.0,3.6,0.0,-0.69,-0.02,-0.14,-3.76,0.04,0.53,-0.21,0.14,9.398,9.673,8.809,9.015,10.2,9.81,11.38,11.28,-0.004,-0.004,-0.005,0.0,-0.1,-80.306456,26.9209106,681.75
198.6,3.6,0.0,-0.69,-0.07,-0.21,-3.86,-0.18,0.45,-0.21,0.14,9.614,9.653,8.878,8.907,10.2,9.81,11.58,11.77,-0.004,-0.004,-0.005,0.0,-0.1,-80.3064558,26.9209109,681.8
196.3,3.6,0.0,-0.69,-0.09,0.07,-3.81,0.56,-0.31,-0.21,0.14,9.467,9.938,8.77,8.878,10.1,9.71,11.67,11.38,-0.004,-0.004,-0.005,0.0,-0.09,-80.3064555,26.9209112,681.85
183.8,3.6,0.0,-0.7,-0.15,0.1,-3.58,0.07,-0.0,-0.2,0.14,9.388,9.81,8.937,9.143,10.5,9.61,12.07,11.77,-0.004,-0.004,-0.005,0.0,-0.09,-80.3064554,26.9209114,681.9
169.1,3.6,0.0,-0.7,-0.12,0.1,-3.71,-0.43,0.07,-0.23,0.13,9.408,9.516,8.947,8.996,10.2,9.61,11.97,11.38,-0.004,-0.004,-0.005,0.0,-0.08,-80.3064551,26.9209117,681.95
155.3,3.6,0.0,-0.71,-0.07,0.08,-3.64,0.0,0.47,-0.22,0.14,9.378,9.584,9.006,9.094,9.81,9.32,12.07,11.38,-0.004,-0.004,-0.005,0.0,-0.08,-80.3064549,26.9209119,682.0
143.1,3.6,0.0,-0.71,-0.04,0.15,-3.22,-0.11,-0.1,-0.23,0.15,9.643,9.741,9.006,9.064,10.5,9.52,11.58,11.48,-0.004,-0.004,-0.005,0.0,-0.07,-80.3064547,26.9209122,682.05
135.5,3.6,0.0,-0.71,-0.0,0.15,-2.69,-0.13,0.36,-0.23,0.16,9.516,9.83,9.015,9.182,10.2,10.1,11.87,11.87,-0.004,-0.004,-0.005,0.0,-0.06,-80.3064545,26.9209124,682.1
133.0,3.6,0.0,-0.71,0.0,0.14,-2.69,-0.13,0.16,-0.23,0.16,9.565,9.81,8.868,9.025,10.01,9.91,11.67,11.67,-0.004,-0.004,-0.005,0.0,-0.06,-80.3064542,26.9209126,682.15
133.0,3.6,0.0,-0.7,-0.01,0.07,-2.61,-0.28,0.17,-0.26,0.17,9.418,9.643,8.711,8.849,10.01,9.81,11.38,11.58,-0.004,-0.004,-0.005,0.0,-0.05,-80.306454,26.9209129,682.2
135.4,3.6,0.0,-0.71,-0.06,-0.13,-2.56,0.01,-0.4,-0.26,0.16,9.467,9.604,8.809,8.878,10.79,10.01,11.87,11.48,-0.004,-0.004,-0.005,0.0,-0.05,-80.3064537,26.9209132,682.25
137.7,3.6,0.0,-0.71,-0.12,-0.05,-2.87,-0.42,-0.1,-0.29,0.15,9.447,9.476,9.182,9.035,10.4,9.81,12.07,11.28,-0.004,-0.004,-0.005,0.0,-0.05,-80.3064535,26.9209134,682.3
141.7,3.6,0.0,-0.71,-0.08,-0.12,-2.64,-0.42,0.51,-0.31,0.17,9.437,9.81,9.084,9.055,9.91,9.91,11.87,11.38,-0.004,-0.004,-0.005,0.0,-0.04,-80.3064532,26.9209137,682.35
141.9,3.6,0.0,-0.72,-0.05,-0.04,-2.43,-0.06,0.41,-0.31,0.17,9.486,9.859,8.839,8.633,10.01,9.81,12.07,10.89,-0.004,-0.004,-0.005,0.0,-0.07,-80.306453,26.9209139,682.4
140.9,3.6,0.0,-0.72,-0.09,0.03,-2.78,-0.13,0.3,-0.32,0.17,9.682,9.673,8.78,8.682,10.4,9.81,11.67,10.99,-0.004,-0.004,-0.005,0.0,-0.07,-80.3064528,26.9209141,682.45
136.3,3.6,0.0,-0.73,-0.1,0.06,-2.91,0.07,0.2,-0.33,0.16,9.437,9.761,8.907,8.957,10.2,10.01,11.87,11.58,-0.004,-0.004,-0.005,0.0,-0.06,-80.3064525,26.9209144,682.5
125.6,3.6,0.0,-0.73,-0.1,-0.04,-2.42,-0.47,0.22,-0.34,0.15,9.398,9.633,9.035,9.172,10.1,10.01,11.87,11.58,-0.004,-0.004,-0.005,0.0,-0.06,-80.3064523,26.9209146,682.55
113.0,3.6,0.0,-0.73,-0.06,0.0,-2.77,0.1,0.35,-0.33,0.15,9.545,9.506,8.858,8.966,10.1,9.81,11.87,11.58,-0.004,-0.004,-0.005,0.0,-0.06,-80.3064521,26.9209149,682.6
104.8,3.6,0.0,-0.74,-0.12,0.07,-2.69,0.2,0.35,-0.33,0.16,9.496,9.692,8.986,9.035,10.2,9.81,11.97,11.28,-0.004,-0.004,-0.005,0.0,-0.05,-80.3064518,26.9209151,682.65
93.8,3.6,0.0,-0.73,-0.01,0.09,-2.04,0.29,0.54,-0.32,0.17,9.614,9.702,8.937,9.055,10.3,9.71,11.48,11.67,-0.004,-0.004,-0.005,0.0,-0.05,-80.3064515,26.9209154,682.7
85.0,3.6,0.0,-0.74,-0.02,0.09,-2.11,-0.07,0.12,-0.32,0.17,9.506,9.692,8.986,9.104,10.3,9.71,11.77,11.28,-0.004,-0.004,-0.005,0.0,-0.04,-80.3064513,26.9209156,682.75
82.7,3.6,0.0,-0.73,-0.03,0.14,-1.92,-0.09,0.22,-0.32,0.17,9.535,9.751,8.898,8.839,10.3,9.71,11.77,11.28,-0.004,-0.004,-0.005,0.0,-0.03,-80.306451,26.9209158,682.8
85.0,3.6,0.0,-0.74,-0.02,-0.02,-1.84,-0.03,0.2,-0.31,0.17,9.506,9.712,8.809,8.868,9.71,10.01,11.87,11.58,-0.004,-0.004,-0.005,0.0,-0.03,-80.3064508,26.9209161,682.85
86.9,3.6,0.0,-0.73,-0.02,-0.05,-1.9,-0.01,0.33,-0.31,0.16,9.427,9.388,9.055,9.055,9.91,9.81,12.46,11.67,-0.004,-0.004,-0.005,0.0,-0.04,-80.3064505,26.9209163,682.9
91.0,3.6,0.0,-0.73,-0.07,-0.15,-1.6,0.59,-0.13,-0.3,0.15,9.457,9.633,9.084,9.035,10.3,9.71,11.87,11.28,-0.004,-0.004,-0.005,0.0,-0.04,-80.3064502,26.9209166,682.95
90.8,3.6,0.0,-0.72,0.03,-0.12,-1.9,0.68,0.18,-0.27,0.16,9.535,9.741,8.77,8.927,10.2,9.81,11.77,11.28,-0.004,-0.004,-0.005,0.0,-0.04,-80.30645,26.9209168,683.0
90.5,3.6,0.0,-0.72,-0.04,-0.08,-1.88,0.49,-0.22,-0.24,0.16,9.526,9.633,8.858,9.104,10.3,9.71,11.58,11.77,-0.004,-0.004,-0.005,0.0,-0.05,-80.3064497,26.920917,683.05
89.9,3.6,0.0,-0.74,-0.04,0.01,-2.31,0.18,0.34,-0.23,0.16,9.535,9.516,8.849,9.113,10.1,9.52,11.28,11.77,-0.004,-0.004,-0.005,0.0,-0.04,-80.3064494,26.9209173,683.1
85.5,3.6,0.0,-0.74,-0.11,0.12,-1.77,0.71,0.41,-0.21,0.17,9.516,9.594,8.898,9.113,10.3,9.71,11.58,11.58,-0.004,-0.004,-0.005,0.0,-0.04,-80.3064491,26.9209175,683.15
77.3,3.6,0.0,-0.75,-0.09,0.05,-1.68,-0.01,0.69,-0.21,0.19,9.408,9.81,8.898,8.986,10.2,9.81,11.58,11.67,-0.004,-0.005,-0.005,0.0,-0.03,-80.3064489,26.9209177,683.2
67.7,3.6,0.0,-0.75,-0.02,-0.07,-1.86,0.25,0.21,-0.21,0.19,9.418,9.692,8.957,9.104,10.4,10.1,11.77,11.38,-0.004,-0.005,-0.005,0.0,-0.03,-80.3064486,26.920918,683.25
58.1,3.6,0.0,-0.75,-0.03,0.03,-1.67,-0.24,0.09,-0.22,0.2,9.506,9.663,9.084,9.025,10.1,9.81,11.87,11.58,-0.005,-0.005,-0.005,0.0,-0.02,-80.3064483,26.9209182,683.3
50.0,3.6,0.0,-0.74,-0.01,0.09,-1.26,0.45,-0.11,-0.21,0.21,9.408,9.604,8.966,9.015,10.1,9.91,11.77,11.38,-0.005,-0.005,-0.005,0.0,-0.02,-80.306448,26.9209184,683.35
42.8,3.6,0.0,-0.73,-0.0,0.13,-1.12,0.24,0.28,-0.21,0.22,9.369,9.8,8.868,8.937,10.01,10.3,11.97,11.28,-0.005,-0.005,-0.005,0.0,-0.02,-80.3064478,26.9209187,683.4
36.4,3.6,0.0,-0.74,-0.04,0.09,-0.68,-0.4,-0.06,-0.23,0.23,9.476,9.8,8.829,8.868,10.2,10.1,11.58,11.28,-0.005,-0.005,-0.005,0.0,-0.01,-80.3064475,26.9209189,683.45
30.7,3.6,0.0,-0.74,-0.08,0.05,-0.98,-0.32,0.05,-0.24,0.23,9.457,9.565,9.084,8.986,10.3,9.81,12.07,11.28,-0.004,-0.005,-0.005,0.0,-0.0,-80.3064472,26.9209191,683.5
26.6,3.6,0.0,-0.74,-0.08,-0.02,-0.91,0.28,0.26,-0.22,0.23,9.447,9.682,9.015,9.035,10.5,9.71,11.77,11.48,-0.004,-0.005,-0.005,0.0,0.0,-80.3064469,26.9209194,683.55
24.3,3.6,0.0,-0.75,-0.09,-0.01,-1.18,-0.02,-0.03,-0.22,0.24,9.526,9.545,8.996,9.025,10.5,9.42,12.07,11.58,-0.004,-0.005,-0.005,0.0,-0.01,-80.3064467,26.9209196,683.6
22.7,3.6,0.0,-0.76,-0.1,0.0,-0.63,0.51,0.35,-0.2,0.26,9.496,9.663,8.819,8.996,10.3,9.81,11.67,11.48,-0.004,-0.005,-0.005,0.0,-0.01,-80.3064464,26.9209198,683.65
21.7,3.6,0.0,-0.75,-0.07,0.02,-0.32,-0.19,0.24,-0.19,0.28,9.594,9.8,8.78,9.015,10.3,9.52,11.58,11.58,-0.004,-0.005,-0.005,0.0,-0.0,-80.3064461,26.92092,683.7
21.0,3.6,0.0,-0.75,-0.04,0.15,-0.41,0.05,0.11,-0.21,0.27,9.496,9.653,9.006,9.231,10.3,9.81,11.77,11.38,-0.004,-0.005,-0.005,0.0,0.01,-80.3064459,26.9209203,683.75
20.6,3.6,0.0,-0.75,0.01,0.04,-0.67,-0.6,0.29,-0.24,0.27,9.535,9.771,8.829,9.015,10.1,9.81,11.67,10.99,-0.004,-0.005,-0.005,0.0,0.01,-80.3064456,26.9209205,683.8
20.1,3.6,0.0,-0.75,0.01,-0.07,-0.63,-0.25,-0.16,-0.26,0.27,9.506,9.535,8.858,9.006,10.4,10.01,11.77,11.48,-0.004,-0.005,-0.005,0.0,0.02,-80.3064453,26.9209207,683.85
19.7,3.6,0.0,-0.74,-0.01,-0.16,-0.18,-0.22,-0.31,-0.28,0.28,9.447,9.467,8.996,9.104,10.1,9.71,11.87,11.38,-0.004,-0.005,-0.005,0.0,0.0,-80.306445,26.920921,683.9
19.4,3.6,0.0,-0.74,0.0,-0.06,-0.24,0.0,0.08,-0.28,0.28,9.624,9.506,8.917,8.849,10.4,9.71,11.67,11.48,-0.004,-0.005,-0.005,0.0,-0.0,-80.3064447,26.9209213,683.95
19.3,3.6,0.0,-0.74,-0.03,-0.06,-0.43,0.31,-0.09,-0.27,0.28,9.427,9.692,8.917,9.064,10.01,10.01,11.87,11.48,-0.004,-0.005,-0.005,0.0,-0.0,-80.3064445,26.9209214,684.0
18.9,3.6,0.0,-0.73,-0.08,-0.01,-0.54,-0.07,-0.11,-0.26,0.3,9.408,9.594,8.986,9.006,10.01,9.91,11.97,11.09,-0.004,-0.005,-0.005,0.0,-0.0,-80.3064442,26.9209217,684.05
18.1,3.6,0.0,-0.75,-0.12,-0.01,-0.64,0.35,0.26,-0.24,0.3,9.467,9.82,8.829,8.849,9.91,10.1,11.67,11.38,-0.005,-0.005,-0.005,0.0,0.0,-80.306444,26.9209219,684.1
17.2,3.6,0.0,-0.75,-0.16,0.02,-0.33,-0.49,0.45,-0.25,0.32,9.526,9.761,8.907,8.986,10.1,9.71,11.87,11.28,-0.005,-0.005,-0.005,0.0,0.01,-80.3064436,26.9209222,684.15
16.4,3.6,0.0,-0.76,-0.16,0.02,-0.5,0.12,0.12,-0.24,0.32,9.575,9.712,8.927,8.917,10.5,9.71,12.07,11.28,-0.005,-0.004,-0.005,0.0,0.01,-80.3064434,26.9209223,684.2
16.0,3.6,0.0,-0.76,-0.15,-0.05,-0.3,-0.31,-0.11,-0.23,0.32,9.526,9.712,8.888,9.045,9.81,9.71,12.07,11.77,-0.005,-0.004,-0.005,0.0,0.02,-80.3064431,26.9209226,684.25
16.0,3.6,0.0,-0.77,-0.11,-0.08,-0.31,-0.23,-0.12,-0.24,0.32,9.575,9.732,8.976,9.064,10.5,9.71,11.77,11.58,-0.005,-0.004,-0.005,0.0,-0.0,-80.3064428,26.9209229,684.3
16.1,3.6,0.0,-0.77,-0.1,0.02,0.03,0.02,0.01,-0.25,0.33,9.604,9.859,8.868,8.947,10.01,9.71,11.77,11.58,-0.005,-0.004,-0.005,0.0,0.01,-80.3064425,26.9209231,684.35
15.7,3.6,0.0,-0.77,-0.1,-0.02,-0.36,-0.32,-0.13,-0.25,0.32,9.535,9.771,9.064,9.251,10.3,9.91,11.87,11.28,-0.005,-0.004,-0.005,0.0,0.01,-80.3064423,26.9209233,684.4
15.8,3.6,0.0,-0.77,-0.05,0.06,-0.43,-0.61,-0.22,-0.28,0.31,9.575,9.584,8.976,9.113,10.4,9.61,11.87,11.58,-0.005,-0.004,-0.005,0.0,0.01,-80.306442,26.9209235,684.45
16.5,3.6,0.0,-0.77,-0.02,-0.07,-0.58,0.03,-0.47,-0.29,0.3,9.535,9.575,8.858,8.976,10.3,9.71,11.38,11.38,-0.005,-0.004,-0.005,0.0,0.01,-80.3064418,26.9209237,684.5
18.1,3.6,0.0,-0.78,0.0,-0.1,-0.21,-0.09,0.11,-0.29,0.31,9.565,9.722,8.78,8.888,10.3,9.71,11.58,11.38,-0.005,-0.004,-0.005,0.0,0.01,-80.3064415,26.920924,684.55
20.4,3.6,0.0,-0.76,-0.02,-0.13,-0.42,0.1,-0.17,-0.3,0.29,9.457,9.604,8.937,9.015,9.81,9.61,11.97,11.38,-0.005,-0.004,-0.005,0.0,-0.0,-80.3064412,26.9209242,684.6
22.9,3.6,0.0,-0.76,-0.08,-0.05,-0.49,0.01,-0.16,-0.3,0.29,9.496,9.565,8.937,9.055,10.2,9.71,11.87,11.67,-0.005,-0.004,-0.005,0.0,-0.01,-80.3064409,26.9209245,684.65
25.5,3.6,0.0,-0.77,-0.1,-0.06,-0.8,-0.57,0.0,-0.32,0.28,9.535,9.79,8.849,9.084,10.5,9.91,11.77,11.58,-0.004,-0.004,-0.005,0.0,0.01,-80.3064407,26.9209247,684.7
27.6,3.6,0.0,-0.77,-0.06,-0.04,-0.39,-0.73,0.28,-0.33,0.28,9.555,9.732,8.947,8.947,10.5,9.61,11.58,11.77,-0.004,-0.004,-0.005,0.0,0.01,-80.3064403,26.920925,684.75
30.0,3.6,0.0,-0.78,-0.07,-0.03,-0.34,-0.29,-0.38,-0.34,0.27,9.545,9.702,8.927,8.976,10.2,9.81,11.67,11.58,-0.004,-0.004,-0.005,0.0,0.01,-80.3064401,26.9209252,684.8
33.3,3.6,0.0,-0.78,-0.04,-0.17,-0.34,0.47,-0.29,-0.34,0.26,9.437,9.781,9.015,9.104,9.91,10.1,11.77,11.77,-0.004,-0.004,-0.005,0.0,0.01,-80.3064398,26.9209254,684.85
37.7,3.6,0.0,-0.77,-0.07,-0.05,-0.55,0.12,-0.45,-0.36,0.27,9.535,9.673,9.025,8.79,10.1,10.1,12.07,11.28,-0.004,-0.004,-0.005,0.0,-0.0,-80.3064396,26.9209257,684.9
43.9,3.6,0.0,-0.77,-0.08,-0.14,-0.7,0.11,-0.47,-0.34,0.25,9.398,9.761,8.858,9.006,10.1,9.52,11.28,11.18,-0.004,-0.004,-0.005,0.0,-0.01,-80.3064393,26.9209259,684.95
49.8,3.6,0.0,-0.77,-0.09,-0.1,-0.81,-0.21,-0.14,-0.34,0.23,9.437,9.633,8.937,8.937,10.1,9.61,12.07,11.18,-0.004,-0.004,-0.005,0.0,-0.02,-80.306439,26.9209261,685.0
56.0,3.6,0.0,-0.77,-0.05,-0.04,-1.13,0.26,0.02,-0.35,0.23,9.467,9.614,9.035,9.006,10.1,9.81,11.77,11.38,-0.004,-0.004,-0.005,0.0,-0.02,-80.3064387,26.9209264,685.05
60.2,3.6,0.0,-0.78,-0.1,-0.16,-1.05,0.08,-0.13,-0.34,0.22,9.506,9.712,9.045,9.202,10.01,9.52,11.77,11.58,-0.004,-0.004,-0.005,0.0,-0.02,-80.3064384,26.9209267,685.1
63.4,3.6,0.0,-0.78,-0.05,-0.1,-1.43,0.04,0.26,-0.35,0.22,9.682,9.584,8.937,8.937,10.4,9.61,11.77,11.38,-0.004,-0.004,-0.005,0.0,-0.03,-80.3064382,26.9209269,685.15
65.3,3.6,0.0,-0.79,-0.04,-0.06,-1.4,0.69,-0.2,-0.33,0.22,9.565,9.732,8.898,9.064,10.2,9.71,11.87,11.87,-0.004,-0.004,-0.005,0.0,-0.03,-80.3064379,26.9209271,685.2
68.9,3.6,0.0,-0.78,0.02,-0.13,-1.5,-0.08,-0.06,-0.31,0.21,9.398,9.761,8.937,9.143,10.1,9.91,12.16,12.07,-0.004,-0.004,-0.005,0.0,-0.03,-80.3064376,26.9209274,685.25
73.6,3.6,0.0,-0.77,0.07,0.07,-1.56,0.13,-0.05,-0.32,0.21,9.535,9.555,9.025,8.966,10.2,9.71,12.16,11.77,-0.004,-0.004,-0.005,0.0,-0.02,-80.3064373,26.9209276,685.3
78.5,3.6,0.0,-0.77,-0.01,-0.07,-1.64,0.29,0.12,-0.31,0.21,9.408,9.722,9.025,9.153,10.4,10.1,11.77,11.77,-0.004,-0.004,-0.005,0.0,-0.02,-80.3064371,26.9209279,685.35
83.2,3.6,0.0,-0.77,0.04,-0.13,-1.34,-0.32,0.22,-0.32,0.22,9.467,9.741,9.015,9.28,10.4,9.81,11.97,11.58,-0.004,-0.004,-0.005,0.0,-0.03,-80.3064367,26.9209282,685.4
87.8,3.6,0.0,-0.76,0.14,-0.03,-1.4,-0.11,0.12,-0.33,0.24,9.741,9.584,8.849,8.829,10.69,9.32,11.67,11.28,-0.004,-0.004,-0.005,0.0,-0.03,-80.3064365,26.9209284,685.45
91.7,3.6,0.0,-0.75,0.06,-0.2,-1.55,0.35,-0.0,-0.33,0.25,9.418,9.692,8.878,9.182,10.3,10.1,11.77,11.97,-0.004,-0.004,-0.005,0.0,-0.04,-80.3064362,26.9209286,685.5
96.6,3.6,0.0,-0.75,0.03,-0.08,-2.29,-0.15,0.64,-0.34,0.27,9.457,9.457,9.074,9.143,10.3,9.61,11.77,11.38,-0.004,-0.004,-0.005,0.0,-0.04,-80.3064359,26.9209289,685.55
102.0,3.6,0.0,-0.75,-0.01,-0.04,-1.98,0.14,0.98,-0.35,0.28,9.457,9.781,8.809,8.829,10.2,10.3,11.38,11.18,-0.004,-0.004,-0.005,0.0,-0.04,-80.3064357,26.9209291,685.6
107.5,3.6,0.0,-0.75,-0.04,-0.04,-1.56,-0.51,0.18,-0.36,0.28,9.437,9.722,8.849,8.888,10.4,9.91,11.87,11.18,-0.004,-0.004,-0.005,0.0,-0.04,-80.3064354,26.9209293,685.65
111.6,3.6,0.0,-0.75,-0.06,-0.04,-1.88,-0.23,0.12,-0.36,0.29,9.427,9.673,8.937,9.074,10.4,9.91,11.77,11.77,-0.004,-0.004,-0.005,0.0,-0.03,-80.3064351,26.9209296,685.7
114.5,3.6,0.0,-0.75,-0.03,-0.09,-2.18,0.02,0.31,-0.37,0.29,9.496,9.712,9.025,9.045,10.01,9.71,11.87,11.38,-0.004,-0.004,-0.005,0.0,-0.03,-80.3064349,26.9209298,685.75
117.6,3.6,0.0,-0.75,-0.05,-0.16,-2.18,0.06,0.1,-0.38,0.3,9.31,9.633,9.143,9.035,10.1,9.71,12.16,11.28,-0.004,-0.004,-0.005,0.0,-0.05,-80.3064346,26.9209301,685.8
119.2,3.6,0.0,-0.74,-0.08,-0.12,-2.5,-0.14,0.13,-0.38,0.32,9.476,9.771,8.976,8.966,10.2,9.81,11.97,11.48,-0.004,-0.004,-0.005,0.0,-0.06,-80.3064343,26.9209304,685.85
120.4,3.6,0.0,-0.75,-0.09,0.04,-2.22,-0.06,0.22,-0.39,0.34,9.535,9.673,8.878,8.809,10.01,9.61,11.87,11.77,-0.004,-0.004,-0.005,0.0,-0.05,-80.3064341,26.9209306,685.9
121.0,3.6,0.0,-0.75,-0.06,0.01,-2.39,0.28,0.33,-0.38,0.35,9.535,9.682,8.633,8.809,10.2,9.71,11.58,11.48,-0.004,-0.004,-0.005,0.0,-0.05,-80.3064338,26.9209308,685.95
121.4,3.6,0.0,-0.75,-0.08,-0.06,-2.32,0.04,0.12,-0.38,0.35,9.516,9.643,8.996,9.094,10.3,9.61,12.16,11.77,-0.004,-0.004,-0.005,0.0,-0.05,-80.3064335,26.9209311,686.0
121.5,3.6,0.0,-0.75,-0.1,-0.06,-2.47,-0.12,-0.07,-0.39,0.35,9.506,9.565,9.212,9.251,10.4,9.71,11.77,12.07,-0.004,-0.004,-0.005,0.0,-0.05,-80.3064333,26.9209313,686.05
121.4,3.6,0.0,-0.76,-0.1,-0.12,-2.57,0.32,0.9,-0.38,0.38,9.516,9.751,8.839,8.937,10.3,10.01,11.87,11.67,-0.004,-0.004,-0.005,0.0,-0.05,-80.306433,26.9209315,686.1
121.3,3.6,0.0,-0.76,-0.1,0.01,-2.36,0.5,0.35,-0.37,0.38,9.535,9.584,8.898,8.898,10.3,10.01,11.28,11.18,-0.004,-0.004,-0.005,0.0,-0.06,-80.3064327,26.9209318,686.15
120.8,3.6,0.0,-0.75,-0.09,-0.08,-2.73,1.03,-0.03,-0.34,0.39,9.545,9.663,8.79,9.094,10.1,9.71,11.28,11.09,-0.004,-0.004,-0.005,0.0,-0.06,-80.3064324,26.9209321,686.2
120.7,3.6,0.0,-0.76,-0.13,0.05,-2.39,-0.26,0.15,-0.35,0.4,9.555,9.633,8.858,8.996,10.1,9.42,12.07,11.67,-0.004,-0.004,-0.005,0.0,-0.05,-80.3064321,26.9209323,686.25
120.3,3.6,0.0,-0.76,-0.09,-0.02,-2.68,-0.12,-0.05,-0.35,0.4,9.476,9.643,8.839,9.084,10.3,9.71,11.67,12.07,-0.004,-0.004,-0.005,0.0,-0.05,-80.3064319,26.9209325,686.3
118.4,3.6,0.0,-0.77,-0.16,-0.04,-2.54,0.05,0.5,-0.35,0.42,9.643,9.643,9.006,9.035,10.3,9.52,11.48,11.48,-0.004,-0.004,-0.005,0.0,-0.05,-80.3064316,26.9209327,686.35
118.2,3.6,0.0,-0.77,-0.09,-0.1,-2.35,0.18,0.46,-0.34,0.43,9.555,9.81,8.829,8.966,10.1,10.01,11.77,11.58,-0.004,-0.004,-0.005,0.0,-0.04,-80.3064313,26.920933,686.4
118.6,3.6,0.0,-0.76,-0.06,0.0,-2.46,-0.03,0.17,-0.34,0.42,9.604,9.702,8.858,8.957,10.2,9.81,11.58,11.38,-0.004,-0.004,-0.005,0.0,-0.06,-80.306431,26.9209332,686.45
118.4,3.6,0.0,-0.76,-0.07,0.02,-2.43,-0.41,-0.37,-0.34,0.41,9.437,9.771,8.966,9.133,9.81,9.71,11.87,11.48,-0.004,-0.004,-0.005,0.0,-0.06,-80.3064307,26.9209334,686.5
118.7,3.6,0.0,-0.77,-0.05,0.04,-2.27,-0.55,-0.27,-0.36,0.4,9.535,9.575,8.907,8.957,10.4,9.91,11.77,11.38,-0.004,-0.004,-0.005,0.0,-0.05,-80.3064304,26.9209337,686.55
118.6,3.6,0.0,-0.76,-0.02,-0.07,-2.92,-0.07,-0.09,-0.36,0.4,9.418,9.81,8.868,8.976,10.01,9.81,12.07,11.77,-0.004,-0.004,-0.005,0.0,-0.05,-80.3064301,26.9209339,686.6
118.7,3.6,0.0,-0.76,-0.02,-0.01,-2.9,-0.55,-0.04,-0.4,0.4,9.516,9.643,9.133,9.015,9.91,10.01,11.87,11.28,-0.005,-0.004,-0.005,0.0,-0.05,-80.3064298,26.9209342,686.65
118.7,3.6,0.0,-0.76,-0.01,-0.08,-2.5,0.37,0.04,-0.39,0.4,9.545,9.8,8.898,8.878,10.2,9.71,12.16,11.38,-0.005,-0.004,-0.005,0.0,-0.04,-80.3064295,26.9209344,686.7
118.7,3.6,0.0,-0.76,-0.06,-0.05,-2.56,-0.16,-0.34,-0.39,0.39,9.545,9.633,9.025,8.947,10.4,9.52,11.97,11.28,-0.005,-0.004,-0.005,0.0,-0.04,-80.3064292,26.9209346,686.75
118.7,3.6,0.0,-0.75,-0.02,-0.04,-2.8,0.67,0.17,-0.37,0.39,9.437,9.702,8.868,8.888,10.1,9.71,11.38,11.48,-0.005,-0.004,-0.005,0.0,-0.04,-80.3064289,26.9209349,686.8
118.8,3.6,0.0,-0.75,-0.01,-0.06,-2.56,-0.04,0.1,-0.35,0.38,9.535,9.673,8.868,9.113,10.3,9.42,11.77,11.48,-0.004,-0.004,-0.005,0.0,-0.03,-80.3064286,26.9209351,686.85
119.1,3.6,0.0,-0.75,-0.02,0.08,-2.67,0.21,-0.2,-0.35,0.36,9.633,9.653,8.947,8.996,10.3,9.32,11.87,11.87,-0.004,-0.004,-0.005,0.0,-0.05,-80.3064283,26.9209354,686.9
119.4,3.6,0.0,-0.75,-0.03,-0.04,-2.16,0.42,-0.07,-0.33,0.35,9.349,9.673,8.907,9.153,10.01,9.91,11.87,11.18,-0.004,-0.004,-0.005,0.0,-0.05,-80.3064281,26.9209356,686.95
119.5,3.6,0.0,-0.75,-0.08,0.01,-2.17,-0.35,0.1,-0.34,0.34,9.388,9.545,8.888,8.917,10.2,9.71,11.87,11.28,-0.004,-0.004,-0.005,0.0,-0.04,-80.3064278,26.9209358,687.0
119.5,3.6,0.0,-0.75,-0.05,-0.03,-2.31,-0.23,-0.19,-0.35,0.34,9.467,9.957,8.907,8.966,10.1,10.01,11.77,11.38,-0.004,-0.004,-0.005,0.0,-0.05,-80.3064275,26.920936,687.05
118.0,3.6,0.0,-0.75,-0.02,-0.02,-2.72,-0.16,-0.36,-0.35,0.33,9.476,9.673,9.261,9.241,10.3,9.71,12.26,11.67,-0.004,-0.004,-0.005,0.0,-0.05,-80.3064272,26.9209362,687.1
115.6,3.6,0.0,-0.75,0.03,-0.03,-2.35,-0.11,0.76,-0.37,0.35,9.565,9.761,9.104,9.202,10.1,9.71,12.07,11.67,-0.004,-0.004,-0.005,0.0,-0.05,-80.3064269,26.9209365,687.15
112.6,3.6,0.0,-0.75,0.05,0.01,-2.38,-0.21,0.16,-0.38,0.35,9.673,9.712,8.78,8.898,10.3,9.42,11.97,11.28,-0.004,-0.004,-0.005,0.0,-0.05,-80.3064266,26.9209367,687.2
108.7,3.6,0.0,-0.74,0.05,0.02,-2.55,-0.3,-0.43,-0.4,0.35,9.535,9.506,8.554,8.76,10.59,9.52,11.38,12.07,-0.004,-0.004,-0.005,0.0,-0.05,-80.3064263,26.920937,687.25
104.7,3.6,0.0,-0.73,-0.02,0.0,-2.56,-0.05,-0.42,-0.4,0.34,9.369,9.555,9.025,9.163,10.3,9.91,12.07,11.58,-0.004,-0.004,-0.005,0.0,-0.05,-80.3064261,26.9209371,687.3
99.6,3.6,0.0,-0.73,-0.0,-0.01,-2.35,0.13,-0.02,-0.4,0.33,9.535,9.643,9.055,9.045,10.3,9.91,11.87,11.58,-0.004,-0.004,-0.005,0.0,-0.04,-80.3064257,26.9209374,687.35
94.0,3.6,0.0,-0.73,-0.05,-0.03,-2.22,0.25,0.19,-0.4,0.34,9.526,9.8,8.907,9.074,10.4,9.91,11.87,11.58,-0.004,-0.004,-0.005,0.0,-0.05,-80.3064255,26.9209376,687.4
88.3,3.6,0.0,-0.73,-0.07,0.01,-2.09,-0.02,-0.06,-0.41,0.34,9.545,9.722,8.868,8.947,10.4,9.81,11.77,11.58,-0.004,-0.004,-0.005,0.0,-0.05,-80.3064252,26.9209378,687.45
82.4,3.6,0.0,-0.74,-0.08,0.04,-1.95,-0.22,-0.23,-0.42,0.33,9.388,9.535,8.839,8.996,10.01,9.32,11.67,11.87,-0.004,-0.004,-0.005,0.0,-0.03,-80.3064249,26.920938,687.5
75.4,3.6,0.0,-0.74,-0.04,0.04,-1.92,-0.27,0.16,-0.43,0.33,9.418,9.575,9.074,9.172,10.1,9.61,11.87,11.58,-0.004,-0.004,-0.005,0.0,-0.03,-80.3064246,26.9209382,687.55
70.4,3.6,0.0,-0.74,-0.0,0.05,-1.87,-0.06,0.3,-0.44,0.33,9.633,9.712,8.898,8.937,10.2,9.61,11.97,11.18,-0.004,-0.004,-0.005,0.0,-0.03,-80.3064243,26.9209384,687.6
68.4,3.6,0.0,-0.72,-0.04,0.02,-1.56,-0.1,0.5,-0.45,0.35,9.457,9.702,9.045,9.182,10.3,9.61,11.97,11.87,-0.004,-0.004,-0.005,0.0,-0.02,-80.306424,26.9209386,687.65
69.8,3.6,0.0,-0.72,-0.05,-0.02,-1.42,-0.33,-0.01,-0.46,0.35,9.457,9.79,8.937,8.868,10.1,10.2,11.77,11.09,-0.004,-0.004,-0.005,0.0,-0.02,-80.3064237,26.9209388,687.7
70.8,3.6,0.0,-0.72,-0.02,-0.08,-1.37,-0.34,0.15,-0.49,0.36,9.457,9.476,8.927,8.741,10.2,10.1,12.36,11.38,-0.004,-0.004,-0.005,0.0,-0.02,-80.3064234,26.920939,687.75
73.2,3.6,0.0,-0.72,0.02,-0.15,-1.26,0.18,0.6,-0.49,0.37,9.369,9.692,9.045,9.104,10.2,10.01,11.77,11.48,-0.004,-0.004,-0.005,0.0,-0.02,-80.3064231,26.9209392,687.8
73.4,3.6,0.0,-0.72,0.03,-0.11,-1.57,-0.17,0.32,-0.49,0.38,9.633,9.663,8.976,9.015,10.3,9.52,11.77,11.38,-0.004,-0.004,-0.005,0.0,-0.02,-80.3064228,26.9209394,687.85
72.6,3.6,0.0,-0.71,-0.0,-0.05,-1.47,0.16,0.34,-0.49,0.39,9.545,9.575,8.741,8.888,10.2,9.61,11.77,10.99,-0.004,-0.004,-0.005,0.0,-0.03,-80.3064225,26.9209396,687.9
72.5,3.6,0.0,-0.72,-0.04,-0.02,-1.65,0.27,-0.26,-0.48,0.38,9.476,9.526,8.888,8.947,10.59,9.61,11.77,11.28,-0.004,-0.004,-0.005,0.0,-0.03,-80.3064222,26.9209399,687.95
72.0,3.6,0.0,-0.72,-0.04,0.02,-1.49,0.06,0.08,-0.48,0.38,9.516,9.692,8.868,9.074,10.3,9.71,11.58,11.09,-0.004,-0.004,-0.005,0.0,-0.03,-80.3064219,26.9209401,688.0
69.6,3.6,0.0,-0.72,-0.11,-0.02,-1.32,-0.43,-0.43,-0.5,0.37,9.555,9.663,8.907,8.957,10.2,9.42,12.16,11.67,-0.004,-0.004,-0.005,0.0,-0.02,-80.3064216,26.9209403,688.05
66.6,3.6,0.0,-0.72,-0.12,-0.11,-1.31,-0.22,-0.3,-0.5,0.37,9.467,9.575,8.917,8.966,10.1,9.61,11.58,11.28,-0.004,-0.004,-0.005,0.0,-0.02,-80.3064214,26.9209404,688.1
63.0,3.6,0.0,-0.73,-0.12,-0.14,-1.31,0.26,0.12,-0.49,0.37,9.516,9.663,9.064,9.212,10.5,9.81,11.67,11.77,-0.004,-0.004,-0.005,0.0,-0.03,-80.3064211,26.9209407,688.15
59.4,3.6,0.0,-0.73,-0.01,-0.03,-1.57,-0.25,0.03,-0.5,0.37,9.692,9.771,8.898,8.907,10.2,10.01,11.77,11.28,-0.004,-0.004,-0.005,0.0,-0.03,-80.3064209,26.9209409,688.2
56.5,3.6,0.0,-0.72,-0.01,0.0,-0.88,0.42,-0.12,-0.49,0.37,9.467,9.761,8.986,9.182,9.91,9.91,11.58,11.58,-0.004,-0.004,-0.005,0.0,-0.01,-80.3064206,26.9209411,688.25
52.6,3.6,0.0,-0.72,-0.03,0.04,-1.13,-0.72,-0.0,-0.51,0.36,9.447,9.624,8.937,9.006,10.3,9.81,11.87,11.48,-0.004,-0.004,-0.005,0.0,-0.02,-80.3064203,26.9209413,688.3
49.7,3.6,0.0,-0.71,-0.03,-0.04,-1.1,0.03,0.09,-0.52,0.37,9.516,9.692,8.8,8.76,10.01,9.81,11.87,11.28,-0.004,-0.004,-0.005,0.0,-0.01,-80.3064201,26.9209415,688.35
47.5,3.6,0.0,-0.71,-0.01,-0.1,-1.33,-0.09,-0.52,-0.52,0.36,9.427,9.722,8.966,8.937,10.1,9.61,11.97,11.58,-0.004,-0.004,-0.005,0.0,-0.01,-80.3064198,26.9209417,688.4
45.2,3.6,0.0,-0.7,-0.0,-0.08,-1.0,-0.34,-0.2,-0.52,0.36,9.516,9.663,9.123,9.074,10.2,9.52,11.87,11.77,-0.004,-0.004,-0.005,0.0,-0.02,-80.3064195,26.9209419,688.45
42.7,3.6,0.0,-0.7,0.03,-0.06,-0.7,0.09,-0.05,-0.52,0.35,9.555,9.771,8.976,9.045,10.2,9.61,11.87,11.58,-0.004,-0.004,-0.005,0.0,-0.02,-80.3064192,26.920942,688.5
39.9,3.6,0.0,-0.69,0.07,-0.01,-0.97,0.5,-0.07,-0.52,0.34,9.467,9.682,8.957,9.045,10.5,9.71,11.58,11.38,-0.004,-0.004,-0.005,0.0,-0.02,-80.3064189,26.9209423,688.55
37.2,3.6,0.0,-0.69,0.08,-0.09,-0.94,-0.22,-0.56,-0.53,0.33,9.447,9.8,9.006,8.976,10.4,10.1,12.07,11.58,-0.004,-0.004,-0.005,0.0,-0.01,-80.3064187,26.9209424,688.6
35.0,3.6,0.0,-0.68,0.07,-0.01,-0.9,-0.03,-0.4,-0.53,0.32,9.437,9.614,9.202,9.123,10.1,9.61,11.87,11.38,-0.004,-0.004,-0.005,0.0,-0.01,-80.3064184,26.9209427,688.65
32.7,3.6,0.0,-0.68,0.11,-0.1,-0.37,0.22,0.43,-0.53,0.33,9.349,9.663,8.849,9.025,10.01,10.01,11.38,11.48,-0.004,-0.004,-0.005,0.0,-0.01,-80.3064181,26.9209429,688.7
30.2,3.6,0.0,-0.67,0.15,-0.05,-0.43,-0.14,0.03,-0.54,0.32,9.604,9.633,8.878,8.829,10.4,10.01,11.77,11.67,-0.004,-0.004,-0.005,0.0,-0.01,-80.3064179,26.920943,688.75
26.6,3.6,0.0,-0.66,0.11,-0.08,-0.64,-0.19,-0.16,-0.55,0.32,9.496,9.624,9.074,9.025,10.5,9.71,11.87,11.67,-0.004,-0.004,-0.005,0.0,-0.0,-80.3064176,26.9209433,688.8
23.4,3.6,0.0,-0.65,0.05,-0.14,-0.41,0.23,-0.36,-0.54,0.3,9.486,9.653,9.074,9.074,10.3,9.81,12.07,11.58,-0.004,-0.004,-0.005,0.0,-0.01,-80.3064174,26.9209434,688.85
20.3,3.6,0.0,-0.64,0.1,-0.05,-0.31,0.05,-0.05,-0.53,0.3,9.476,9.594,8.937,8.907,10.4,9.52,11.77,11.18,-0.004,-0.004,-0.005,0.0,-0.02,-80.3064172,26.9209436,688.9
18.8,3.6,0.0,-0.64,0.08,-0.04,-0.24,0.27,0.11,-0.51,0.29,9.398,9.545,8.947,8.966,10.1,10.1,11.77,11.87,-0.004,-0.004,-0.005,0.0,-0.0,-80.3064169,26.9209438,688.95
17.3,3.6,0.0,-0.62,0.08,-0.02,-0.31,-0.06,-0.07,-0.49,0.28,9.378,9.594,9.055,9.133,10.1,9.71,11.67,11.77,-0.004,-0.004,-0.005,0.0,-0.01,-80.3064167,26.9209439,689.0
15.7,3.6,0.0,-0.62,0.08,-0.04,-0.03,0.09,-0.09,-0.48,0.29,9.535,9.633,8.8,8.947,10.59,9.61,11.38,11.09,-0.004,-0.004,-0.005,0.0,-0.0,-80.3064164,26.9209442,689.05
14.9,3.6,0.0,-0.61,0.12,-0.08,-0.17,0.13,-0.06,-0.47,0.28,9.594,9.604,8.858,8.947,10.59,9.91,11.77,11.67,-0.004,-0.004,-0.005,0.0,-0.01,-80.3064162,26.9209443,689.1
14.7,3.6,0.0,-0.61,0.09,-0.1,-0.34,0.57,-0.05,-0.47,0.26,9.467,9.633,8.957,9.045,10.4,9.52,11.58,11.38,-0.004,-0.004,-0.005,0.0,0.0,-80.306416,26.9209445,689.15
14.9,3.6,0.0,-0.6,0.04,-0.12,-0.19,0.27,-0.08,-0.45,0.25,9.251,9.594,9.035,9.094,9.81,9.81,11.97,11.48,-0.004,-0.004,-0.005,0.0,-0.01,-80.3064158,26.9209446,689.2
15.1,3.6,0.0,-0.6,0.03,-0.06,-0.13,0.37,-0.41,-0.44,0.24,9.418,9.584,8.937,8.888,10.1,9.42,11.87,11.58,-0.004,-0.004,-0.005,0.0,-0.01,-80.3064155,26.9209449,689.25
15.1,3.6,0.0,-0.59,0.07,-0.04,-0.26,0.45,0.3,-0.42,0.24,9.369,9.633,8.907,9.025,9.91,9.81,11.77,11.48,-0.004,-0.004,-0.005,0.0,-0.01,-80.3064153,26.9209451,689.3
15.1,3.6,0.0,-0.59,0.06,-0.04,-0.3,0.22,0.3,-0.41,0.23,9.516,9.663,8.888,9.006,10.2,9.91,11.67,11.77,-0.004,-0.004,-0.005,0.0,-0.01,-80.3064151,26.9209452,689.35
14.8,3.6,0.0,-0.58,0.06,-0.09,-0.23,0.09,0.36,-0.41,0.24,9.555,9.663,8.947,9.055,10.4,9.61,11.87,11.77,-0.004,-0.004,-0.005,0.0,-0.01,-80.3064148,26.9209454,689.4
14.8,3.6,0.0,-0.58,0.06,-0.06,-0.24,0.02,-0.6,-0.42,0.2,9.476,9.614,8.976,9.064,10.5,9.81,11.77,11.67,-0.004,-0.004,-0.005,0.0,-0.01,-80.3064146,26.9209456,689.45
14.8,3.6,0.0,-0.57,0.11,-0.08,-0.15,-0.21,-0.04,-0.41,0.22,9.457,9.545,8.917,8.957,10.2,9.81,11.77,11.87,-0.004,-0.004,-0.005,0.0,-0.02,-80.3064144,26.9209457,689.5
14.4,3.6,0.0,-0.57,0.07,-0.08,-0.1,0.25,0.05,-0.4,0.21,9.418,9.663,8.868,9.015,10.3,10.01,11.87,11.58,-0.004,-0.004,-0.005,0.0,-0.01,-80.3064142,26.9209458,689.55
12.6,3.6,0.0,-0.56,0.08,-0.04,0.1,-0.4,0.26,-0.41,0.22,9.457,9.712,9.055,9.123,10.01,9.71,11.77,11.58,-0.004,-0.004,-0.005,0.0,-0.01,-80.3064139,26.9209461,689.6
10.8,3.6,0.0,-0.55,0.06,-0.02,-0.11,-0.31,0.11,-0.43,0.23,9.545,9.614,8.898,8.986,10.69,9.61,11.58,11.28,-0.004,-0.004,-0.005,0.0,-0.01,-80.3064138,26.9209462,689.65
8.8,3.6,0.0,-0.55,0.07,-0.05,-0.01,0.08,-0.22,-0.41,0.22,9.467,9.575,8.819,8.947,10.2,9.42,11.77,11.28,-0.004,-0.004,-0.005,0.0,-0.0,-80.3064135,26.9209463,689.7
7.1,3.6,0.0,-0.54,0.07,-0.11,-0.41,-0.17,-0.24,-0.4,0.22,9.329,9.535,9.084,9.202,10.2,9.71,11.77,11.77,-0.004,-0.004,-0.005,0.0,-0.01,-80.3064133,26.9209465,689.75
5.3,3.6,0.0,-0.54,0.08,-0.01,0.27,-0.38,-0.01,-0.41,0.25,9.663,9.653,8.947,8.878,10.69,9.81,11.58,11.28,-0.004,-0.004,-0.005,0.0,-0.01,-80.306413,26.9209467,689.8
3.3,3.6,0.0,-0.53,0.11,-0.13,-0.25,0.08,-0.62,-0.41,0.23,9.575,9.879,8.829,8.898,10.4,10.3,11.67,10.99,-0.004,-0.004,-0.005,0.0,-0.01,-80.3064129,26.9209468,689.85
1.1,3.6,0.0,-0.52,0.08,-0.06,-0.09,-0.24,-0.24,-0.41,0.21,9.378,9.604,9.123,9.113,10.01,9.71,12.07,11.67,-0.004,-0.004,-0.005,0.0,-0.02,-80.3064126,26.920947,689.9
-0.6,3.6,0.0,-0.51,0.08,0.01,-0.05,0.23,0.03,-0.42,0.23,9.388,9.447,9.045,9.123,10.2,9.61,11.87,10.99,-0.004,-0.004,-0.005,0.0,-0.02,-80.3064125,26.9209471,689.95
-2.1,3.6,0.0,-0.51,0.14,-0.06,-0.25,-0.0,0.33,-0.4,0.24,9.496,9.741,8.721,8.927,10.4,9.52,11.67,11.38,-0.004,-0.004,-0.005,0.0,-0.01,-80.3064122,26.9209472,690.0
-3.5,3.6,0.0,-0.51,0.13,-0.07,0.16,-0.58,-0.59,-0.42,0.24,9.594,9.712,8.888,8.986,10.3,9.81,11.87,11.58,-0.004,-0.004,-0.005,0.0,-0.01,-80.306412,26.9209473,690.05
-4.7,3.6,0.0,-0.49,0.14,-0.07,0.2,-0.26,-0.31,-0.43,0.22,9.378,9.526,9.113,9.133,10.3,9.61,11.87,11.87,-0.004,-0.004,-0.005,0.0,-0.01,-80.3064118,26.9209475,690.1
-6.0,3.6,0.0,-0.48,0.12,-0.07,0.14,0.17,0.08,-0.43,0.23,9.476,9.633,8.996,8.947,9.91,9.71,11.67,11.09,-0.004,-0.004,-0.005,0.0,-0.01,-80.3064116,26.9209476,690.15
-7.3,3.6,0.0,-0.47,0.12,-0.1,0.19,0.09,0.01,-0.42,0.24,9.594,9.761,8.8,8.917,10.3,9.91,11.67,11.67,-0.004,-0.004,-0.004,0.0,-0.01,-80.3064113,26.9209477,690.2
-7.9,3.6,0.0,-0.47,0.1,-0.08,0.36,-0.39,-0.21,-0.44,0.23,9.496,9.643,8.976,9.006,10.3,9.71,12.16,11.77,-0.004,-0.004,-0.004,0.0,-0.0,-80.3064112,26.9209479,690.25
-8.5,3.6,0.0,-0.46,0.09,-0.07,0.09,-0.16,-0.22,-0.41,0.23,9.349,9.516,8.907,9.025,10.1,9.71,11.67,11.58,-0.004,-0.004,-0.004,0.0,-0.01,-80.306411,26.920948,690.3
-8.8,3.6,0.0,-0.45,0.09,-0.04,0.15,-0.19,0.28,-0.43,0.24,9.437,9.555,8.79,8.849,10.4,9.61,11.48,11.77,-0.004,-0.004,-0.004,0.0,-0.01,-80.3064107,26.9209481,690.35
-9.1,3.6,0.0,-0.45,0.04,-0.07,0.03,-0.32,0.05,-0.44,0.24,9.496,9.673,8.907,8.966,10.01,9.81,11.77,11.28,-0.004,-0.004,-0.004,0.0,-0.01,-80.3064106,26.9209482,690.4
-9.4,3.6,0.0,-0.44,0.01,-0.07,0.1,-0.01,-0.36,-0.45,0.25,9.526,9.712,9.084,9.123,10.4,9.81,11.87,11.58,-0.004,-0.004,-0.004,0.0,-0.01,-80.3064104,26.9209484,690.45
-9.8,3.6,0.0,-0.44,0.01,-0.06,0.09,0.02,0.43,-0.44,0.25,9.565,9.604,8.937,8.947,10.1,9.52,11.77,11.58,-0.004,-0.004,-0.004,0.0,-0.01,-80.3064103,26.9209485,690.5
-9.9,3.6,0.0,-0.44,0.02,-0.11,0.14,0.21,0.05,-0.43,0.24,9.467,9.643,8.888,8.917,10.1,9.81,11.38,11.28,-0.004,-0.004,-0.004,0.0,-0.01,-80.3064101,26.9209486,690.55
-10.0,3.6,0.0,-0.43,0.01,-0.09,-0.05,0.37,0.31,-0.44,0.24,9.447,9.702,8.976,9.055,10.2,9.71,11.87,11.28,-0.004,-0.004,-0.004,0.0,-0.01,-80.3064099,26.9209487,690.6
-10.1,3.6,0.0,-0.44,0.01,-0.08,0.22,0.1,0.23,-0.42,0.23,9.476,9.692,9.006,9.074,10.4,10.1,11.77,11.38,-0.004,-0.004,-0.004,0.0,-0.01,-80.3064097,26.9209488,690.65
-10.2,3.6,0.0,-0.43,0.04,-0.04,0.15,-0.15,-0.18,-0.43,0.26,9.575,9.682,8.957,8.966,10.59,9.81,11.87,11.28,-0.004,-0.004,-0.004,0.0,-0.0,-80.3064096,26.9209489,690.7
-10.2,3.6,0.0,-0.43,0.04,-0.08,0.39,0.19,0.03,-0.42,0.25,9.476,9.663,8.849,8.996,10.3,9.91,11.58,11.58,-0.004,-0.004,-0.004,0.0,-0.0,-80.3064094,26.920949,690.75
-10.3,3.6,0.0,-0.43,0.05,-0.13,0.09,0.24,0.14,-0.42,0.25,9.447,9.575,8.976,9.035,10.3,9.81,11.97,11.38,-0.004,-0.004,-0.004,0.0,-0.01,-80.3064092,26.9209492,690.8
-10.3,3.6,0.0,-0.42,-0.01,-0.09,0.25,0.24,0.37,-0.44,0.26,9.496,9.653,9.006,9.055,10.4,9.81,11.77,11.38,-0.004,-0.004,-0.004,0.0,-0.01,-80.306409,26.9209493,690.85
-10.3,3.6,0.0,-0.42,0.02,-0.09,0.12,-0.0,0.26,-0.43,0.27,9.486,9.732,8.907,8.966,10.4,9.91,11.87,11.58,-0.004,-0.004,-0.004,0.0,-0.02,-80.3064089,26.9209494,690.9
-10.2,3.6,0.0,-0.42,0.03,-0.04,-0.05,-0.24,0.21,-0.43,0.26,9.496,9.624,8.966,9.045,10.5,9.71,11.77,11.48,-0.004,-0.004,-0.004,0.0,-0.02,-80.3064086,26.9209495,690.95
-10.2,3.6,0.0,-0.42,0.01,-0.07,-0.01,-0.05,0.15,-0.45,0.26,9.437,9.614,9.045,9.084,10.2,9.71,11.77,11.87,-0.004,-0.004,-0.004,0.0,-0.0,-80.3064084,26.9209496,691.0
-10.2,3.6,0.0,-0.41,0.01,-0.12,0.45,-0.1,0.19,-0.45,0.27,9.565,9.663,8.878,8.907,10.4,9.52,11.48,11.28,-0.004,-0.004,-0.004,0.0,-0.01,-80.3064083,26.9209497,691.05
-10.2,3.6,0.0,-0.41,0.02,-0.11,0.38,-0.06,-0.29,-0.44,0.27,9.545,9.663,8.858,8.947,10.3,9.61,11.87,11.38,-0.004,-0.004,-0.004,0.0,-0.01,-80.3064082,26.9209499,691.1
-10.2,3.6,0.0,-0.41,0.02,-0.08,0.27,0.01,0.32,-0.44,0.28,9.516,9.633,8.976,9.064,10.5,9.81,11.38,11.38,-0.004,-0.004,-0.004,0.0,-0.01,-80.306408,26.92095,691.15
-10.2,3.6,0.0,-0.4,0.02,-0.07,0.07,0.12,0.18,-0.44,0.26,9.506,9.663,8.947,9.035,10.3,9.71,11.67,11.58,-0.004,-0.004,-0.004,0.0,-0.01,-80.3064078,26.9209502,691.2
-10.2,3.6,0.0,-0.41,0.03,-0.05,0.2,-0.0,0.12,-0.45,0.27,9.575,9.702,8.829,8.868,10.5,9.81,11.77,11.48,-0.004,-0.004,-0.004,0.0,-0.01,-80.3064076,26.9209502,691.25
-10.2,3.6,0.0,-0.4,0.07,-0.1,-0.16,0.26,0.22,-0.44,0.25,9.526,9.781,8.966,9.045,10.01,10.01,11.67,11.48,-0.004,-0.004,-0.004,0.0,-0.01,-80.3064075,26.9209503,691.3
-10.3,3.6,0.0,-0.39,0.09,-0.09,-0.06,-0.1,-0.04,-0.44,0.24,9.398,9.614,9.104,9.113,10.2,9.71,11.58,11.38,-0.004,-0.004,-0.004,0.0,-0.01,-80.3064073,26.9209505,691.35
-10.3,3.6,0.0,-0.38,0.08,-0.08,0.06,-0.1,-0.18,-0.44,0.24,9.388,9.555,8.947,8.937,10.2,9.42,11.77,11.28,-0.004,-0.004,-0.004,0.0,-0.01,-80.3064071,26.9209506,691.4
-10.4,3.6,0.0,-0.39,0.05,-0.07,0.15,0.09,-0.29,-0.44,0.23,9.437,9.643,8.79,8.917,10.4,9.71,11.58,11.77,-0.004,-0.004,-0.004,0.0,-0.01,-80.3064069,26.9209507,691.45
-10.4,3.6,0.0,-0.37,0.06,-0.07,0.32,-0.39,0.08,-0.44,0.22,9.545,9.673,8.966,9.084,10.3,9.61,12.07,11.38,-0.004,-0.004,-0.004,0.0,-0.01,-80.3064067,26.9209507,691.5
-10.5,3.6,0.0,-0.37,0.03,-0.06,0.42,0.07,0.01,-0.46,0.22,9.535,9.624,9.035,9.074,10.4,9.81,11.77,11.67,-0.004,-0.004,-0.004,0.0,-0.01,-80.3064065,26.9209508,691.55
-10.6,3.6,0.0,-0.37,0.04,-0.13,0.19,0.21,-0.27,-0.45,0.22,9.496,9.653,8.868,8.927,10.01,9.81,11.77,11.58,-0.004,-0.004,-0.004,0.0,-0.01,-80.3064064,26.9209509,691.6
-10.6,3.6,0.0,-0.37,0.15,-0.13,0.19,-0.18,-0.06,-0.45,0.22,9.31,9.653,9.035,9.172,10.3,9.61,12.07,10.99,-0.004,-0.004,-0.004,0.0,-0.02,-80.3064062,26.9209511,691.65
-10.8,3.6,0.0,-0.35,0.31,-0.01,0.37,-0.74,-0.17,-0.47,0.22,9.476,9.565,9.055,9.025,10.4,9.81,12.07,11.28,-0.004,-0.004,-0.004,0.0,-0.01,-80.306406,26.9209511,691.7
-10.9,3.6,0.0,-0.33,0.38,0.03,0.03,-0.14,0.07,-0.47,0.23,9.476,9.624,8.849,8.898,10.4,9.71,11.38,11.09,-0.004,-0.004,-0.004,0.0,-0.0,-80.3064059,26.9209512,691.75
-10.9,3.6,0.0,-0.31,0.39,-0.17,0.17,-0.2,-0.12,-0.48,0.22,9.467,9.584,8.77,9.015,10.3,9.61,11.48,11.58,-0.004,-0.004,-0.004,0.0,-0.01,-80.3064058,26.9209513,691.8
-10.8,3.6,0.0,-0.29,0.27,-0.17,0.08,0.1,0.03,-0.49,0.21,9.526,9.359,8.976,8.917,10.3,9.61,11.77,11.67,-0.004,-0.004,-0.004,0.0,-0.01,-80.3064057,26.9209513,691.85
-10.8,3.6,0.0,-0.28,0.15,-0.25,-0.02,0.84,-0.15,-0.47,0.2,9.418,9.624,8.986,9.123,10.2,9.61,11.67,11.67,-0.004,-0.004,-0.004,0.0,-0.02,-80.3064055,26.9209514,691.9
-10.9,3.6,0.0,-0.27,0.11,-0.03,0.36,0.1,0.08,-0.44,0.21,9.427,9.673,9.064,9.202,10.2,9.71,11.67,11.58,-0.004,-0.004,-0.004,0.0,-0.02,-80.3064054,26.9209515,691.95
-10.9,3.6,0.0,-0.26,0.12,0.12,-0.2,-0.07,-0.03,-0.45,0.2,9.496,9.732,8.829,8.858,10.2,10.1,11.48,11.38,-0.004,-0.004,-0.004,0.0,-0.01,-80.3064053,26.9209516,692.0
-10.9,3.6,0.0,-0.26,0.1,-0.03,-0.18,-0.19,-0.21,-0.45,0.19,9.359,9.751,8.907,9.094,9.91,9.91,11.67,11.58,-0.004,-0.004,-0.004,0.0,0.0,-80.3064052,26.9209516,692.05
-10.9,3.6,0.0,-0.25,0.08,-0.07,0.08,0.08,-0.28,-0.45,0.18,9.427,9.575,9.113,9.055,10.01,10.01,11.87,11.97,-0.004,-0.004,-0.004,0.0,-0.0,-80.306405,26.9209517,692.1
-10.9,3.6,0.0,-0.24,0.07,-0.16,-0.09,0.21,-0.23,-0.5,0.17,9.506,9.673,8.898,8.927,10.5,9.71,11.67,11.38,-0.004,-0.004,-0.004,0.0,-0.0,-80.306405,26.9209517,692.15
-10.9,3.6,0.0,-0.24,0.1,-0.16,0.19,-0.36,0.0,-0.48,0.18,9.575,9.624,8.947,8.976,10.2,9.81,11.87,11.28,-0.004,-0.004,-0.004,0.0,-0.01,-80.3064049,26.9209518,692.2
-10.9,3.6,0.0,-0.23,0.1,-0.07,-0.09,-0.07,-0.17,-0.47,0.18,9.506,9.604,9.084,9.123,10.01,10.01,11.97,11.67,-0.004,-0.004,-0.004,0.0,-0.02,-80.3064048,26.9209518,692.25
-10.8,3.6,0.0,-0.22,0.09,-0.01,-0.39,0.11,-0.08,-0.45,0.17,9.437,9.682,8.858,8.996,10.5,9.71,11.67,11.28,-0.003,-0.004,-0.004,0.0,-0.01,-80.3064047,26.9209519,692.3
-10.8,3.6,0.0,-0.22,0.06,-0.01,0.1,-0.1,-0.18,-0.46,0.19,9.496,9.633,8.839,8.937,10.4,9.71,11.87,11.38,-0.003,-0.004,-0.004,0.0,-0.0,-80.3064046,26.9209519,692.35
-10.8,3.6,0.0,-0.22,0.04,-0.1,0.27,-0.07,-0.52,-0.46,0.17,9.476,9.614,8.986,9.064,10.1,9.91,12.07,11.87,-0.003,-0.004,-0.004,0.0,0.0,-80.3064045,26.920952,692.4
-10.8,3.6,0.0,-0.21,0.09,-0.13,0.14,-0.22,0.07,-0.48,0.15,9.467,9.624,9.025,9.064,10.1,9.81,11.67,11.48,-0.003,-0.004,-0.004,0.0,-0.0,-80.3064044,26.920952,692.45
-10.8,3.6,0.0,-0.2,0.08,-0.08,0.32,-0.0,-0.04,-0.46,0.16,9.526,9.633,8.966,9.006,10.4,10.01,11.87,11.67,-0.003,-0.004,-0.004,0.0,-0.01,-80.3064043,26.9209521,692.5
-10.7,3.6,0.0,-0.2,0.08,-0.07,0.1,0.01,0.04,-0.46,0.16,9.486,9.653,8.976,9.035,10.2,9.61,11.67,11.67,-0.003,-0.004,-0.004,0.0,-0.01,-80.3064042,26.9209521,692.55
-10.8,3.6,0.0,-0.19,0.06,-0.0,0.05,0.03,-0.61,-0.46,0.16,9.457,9.624,9.025,8.849,10.2,9.91,11.77,11.58,-0.003,-0.004,-0.004,0.0,-0.0,-80.3064041,26.9209522,692.6
-10.8,3.6,0.0,-0.19,0.07,-0.09,0.23,0.09,-0.06,-0.46,0.16,9.427,9.673,8.927,8.966,10.01,9.81,11.38,11.77,-0.003,-0.004,-0.004,0.0,-0.01,-80.3064041,26.9209522,692.65
-10.7,3.6,0.0,-0.18,0.15,-0.09,0.02,-0.02,0.29,-0.47,0.16,9.486,9.594,8.947,9.006,10.4,10.01,11.77,11.38,-0.003,-0.004,-0.004,0.0,0.0,-80.306404,26.9209522,692.7
-10.7,3.6,0.0,-0.17,0.14,-0.13,0.29,0.44,-0.06,-0.47,0.15,9.496,9.643,8.976,8.996,10.3,9.71,11.58,11.58,-0.003,-0.004,-0.004,0.0,-0.01,-80.3064039,26.9209522,692.75
-10.7,3.6,0.0,-0.16,0.15,-0.14,0.17,-0.01,-0.02,-0.47,0.16,9.476,9.653,8.986,9.035,10.4,9.61,11.87,11.28,-0.003,-0.004,-0.004,0.0,-0.01,-80.3064039,26.9209522,692.8
-10.7,3.6,0.0,-0.15,0.23,-0.14,-0.04,-0.12,-0.22,-0.48,0.14,9.457,9.663,9.006,9.015,10.3,9.61,11.97,11.38,-0.003,-0.004,-0.004,0.0,-0.01,-80.3064039,26.9209523,692.85
-10.7,3.6,0.0,-0.14,0.19,-0.06,0.17,0.01,-0.05,-0.47,0.15,9.476,9.653,8.937,9.015,10.1,9.91,11.67,11.48,-0.003,-0.004,-0.004,0.0,-0.01,-80.3064038,26.9209523,692.9
-10.7,3.6,0.0,-0.13,0.17,-0.03,-0.0,-0.24,-0.21,-0.47,0.15,9.437,9.604,8.996,9.045,10.3,9.71,11.97,11.58,-0.003,-0.004,-0.004,0.0,-0.0,-80.3064038,26.9209523,692.95
-10.7,3.6,0.0,-0.12,0.16,-0.08,0.08,-0.18,-0.02,-0.49,0.17,9.467,9.624,8.927,8.966,10.1,9.81,11.67,11.58,-0.003,-0.004,-0.004,0.0,0.0,-80.3064038,26.9209523,693.0
-10.7,3.6,0.0,-0.11,0.15,-0.11,0.68,-0.24,-0.13,-0.49,0.16,9.526,9.663,8.966,9.006,10.4,9.81,11.58,11.58,-0.003,-0.004,-0.004,0.0,-0.0,-80.3064038,26.9209524,693.05
-10.7,3.6,0.0,-0.1,0.14,-0.1,-0.14,-0.24,0.19,-0.5,0.16,9.496,9.614,9.006,9.045,10.3,9.81,11.77,11.58,-0.003,-0.004,-0.004,0.0,-0.01,-80.3064037,26.9209524,693.1
-10.8,3.6,0.0,-0.09,0.14,-0.1,0.05,-0.43,0.34,-0.5,0.17,9.496,9.663,8.947,8.986,10.2,9.81,11.77,11.58,-0.003,-0.004,-0.004,0.0,-0.01,-80.3064037,26.9209524,693.15
-10.7,3.6,0.0,-0.08,0.13,-0.07,-0.3,0.18,-0.2,-0.51,0.17,9.496,9.643,8.937,8.976,10.2,9.91,11.97,11.38,-0.003,-0.004,-0.004,0.0,-0.01,-80.3064036,26.9209524,693.2
-10.7,3.6,0.0,-0.07,0.12,-0.06,-0.22,-0.11,-0.77,-0.49,0.16,9.457,9.584,8.976,9.006,10.2,9.81,11.58,11.28,-0.003,-0.004,-0.004,0.0,-0.01,-80.3064036,26.9209524,693.25
-10.7,3.6,0.0,-0.06,0.11,-0.06,-0.3,-0.01,-0.38,-0.49,0.16,9.447,9.624,8.937,9.006,10.3,9.91,11.97,11.48,-0.003,-0.004,-0.004,0.0,-0.01,-80.3064036,26.9209524,693.3
-10.7,3.6,0.0,-0.06,0.14,-0.1,-0.03,-0.05,-0.2,-0.5,0.16,9.506,9.673,8.947,9.015,10.5,9.81,12.07,11.58,-0.003,-0.004,-0.004,0.0,-0.0,-80.3064036,26.9209524,693.35
-10.8,3.6,0.0,-0.05,0.13,-0.11,-0.24,0.12,-0.07,-0.5,0.16,9.506,9.643,8.947,9.015,10.01,9.61,11.77,11.58,-0.003,-0.004,-0.004,0.0,-0.01,-80.3064035,26.9209524,693.4
-10.8,3.6,0.0,-0.04,0.13,-0.09,0.05,-0.03,0.22,-0.51,0.16,9.427,9.594,8.966,8.966,10.1,9.71,11.87,11.48,-0.003,-0.004,-0.004,0.0,-0.01,-80.3064035,26.9209524,693.45
-10.8,3.6,0.0,-0.03,0.12,-0.07,0.19,-0.27,-0.29,-0.51,0.16,9.447,9.594,8.957,9.006,10.2,9.81,11.58,11.38,-0.003,-0.004,-0.004,0.0,-0.01,-80.3064035,26.9209524,693.5
-10.8,3.6,0.0,-0.02,0.13,-0.07,0.01,-0.02,-0.1,-0.52,0.16,9.447,9.633,8.947,9.006,10.3,9.61,11.87,11.58,-0.003,-0.004,-0.004,0.0,-0.0,-80.3064035,26.9209524,693.55
-10.8,3.6,0.0,-0.01,0.13,-0.08,0.07,0.3,0.11,-0.52,0.16,9.447,9.624,8.957,9.006,10.69,9.71,11.87,11.58,-0.003,-0.004,-0.004,0.0,-0.0,-80.3064035,26.9209524,693.6
-10.7,3.6,0.0,-0.0,0.13,-0.09,-0.08,0.29,0.14,-0.53,0.16,9.476,9.624,8.947,8.986,10.4,9.81,11.77,11.38,-0.003,-0.004,-0.004,0.0,-0.0,-80.3064035,26.9209524,693.65
-10.8,3.6,0.0,0.0,0.14,-0.1,-0.03,-0.1,-0.25,-0.5,0.16,9.506,9.624,8.957,8.986,10.1,10.01,11.97,11.38,-0.003,-0.004,-0.004,0.0,-0.01,-80.3064035,26.9209524,693.7
-10.8,3.6,0.0,0.01,0.13,-0.1,0.11,0.07,0.04,-0.51,0.17,9.467,9.624,8.976,8.976,10.1,9.61,11.87,11.28,-0.003,-0.004,-0.004,0.0,-0.0,-80.3064035,26.9209524,693.75
-10.8,3.6,0.0,0.02,0.05,-0.1,0.13,0.1,-0.37,-0.49,0.18,9.467,9.614,8.976,9.045,10.1,9.71,11.77,11.58,-0.003,-0.004,-0.004,0.0,-0.01,-80.3064035,26.9209523,693.8
-10.8,3.6,0.0,0.01,0.05,-0.07,-0.11,-0.02,-0.17,-0.48,0.2,9.486,9.663,8.937,9.006,10.1,9.81,12.07,11.28,-0.003,-0.004,-0.004,0.0,0.0,-80.3064036,26.9209523,693.85
-10.8,3.6,0.0,0.02,0.05,-0.07,0.2,-0.29,0.2,-0.5,0.17,9.545,9.682,8.907,8.966,10.1,9.91,11.87,11.28,-0.003,-0.004,-0.004,0.0,-0.0,-80.3064036,26.9209523,693.9
-10.8,3.6,0.0,0.03,0.05,-0.08,0.05,-0.47,0.26,-0.49,0.17,9.526,9.614,8.937,8.986,10.4,9.91,11.58,11.58,-0.003,-0.004,-0.004,0.0,-0.0,-80.3064036,26.9209523,693.95
-10.8,3.6,0.0,0.03,0.01,-0.09,0.45,-0.19,-0.19,-0.49,0.16,9.476,9.663,8.927,8.996,10.1,9.81,11.67,11.67,-0.003,-0.004,-0.004,0.0,0.0,-80.3064036,26.9209523,694.0
-10.8,3.6,0.0,0.03,0.01,-0.07,0.1,-0.37,0.54,-0.5,0.18,9.516,9.702,8.937,9.015,10.3,9.81,11.77,11.48,-0.003,-0.004,-0.004,0.0,-0.01,-80.3064036,26.9209523,694.05
-10.8,3.6,0.0,0.03,-0.03,-0.09,0.28,0.32,-0.04,-0.52,0.2,9.506,9.663,8.957,9.025,10.5,10.1,11.87,11.77,-0.003,-0.004,-0.004,0.0,-0.01,-80.3064036,26.9209523,694.1
-10.8,3.6,0.0,0.04,-0.01,-0.13,-0.23,0.13,0.4,-0.49,0.17,9.486,9.653,8.957,9.006,10.2,9.81,11.38,11.48,-0.003,-0.004,-0.004,0.0,-0.01,-80.3064036,26.9209523,694.15
-10.8,3.6,0.0,0.04,-0.05,-0.08,0.07,-0.26,-0.13,-0.51,0.17,9.496,9.692,8.898,8.976,10.2,9.71,11.87,11.28,-0.003,-0.004,-0.004,0.0,-0.01,-80.3064037,26.9209523,694.2
-10.8,3.6,0.0,0.04,-0.02,-0.06,0.03,-0.25,0.32,-0.51,0.18,9.467,9.673,8.957,8.986,10.3,9.81,11.87,11.58,-0.003,-0.004,-0.004,0.0,-0.0,-80.3064037,26.9209522,694.25
-10.8,3.6,0.0,0.03,-0.02,-0.02,-0.0,-0.35,0.09,-0.51,0.17,9.516,9.702,8.986,9.084,10.3,9.71,11.97,11.58,-0.003,-0.004,-0.004,0.0,0.0,-80.3064037,26.9209522,694.3
-10.8,3.6,0.0,0.03,-0.02,-0.06,0.03,-0.25,0.47,-0.52,0.17,9.496,9.692,8.888,8.996,10.01,9.61,11.87,11.67,-0.003,-0.004,-0.004,0.0,0.01,-80.3064037,26.9209522,694.35
-10.8,3.6,0.0,0.03,-0.04,-0.13,-0.09,-0.45,0.32,-0.52,0.19,9.535,9.633,8.966,8.966,10.3,9.61,11.87,11.77,-0.003,-0.004,-0.004,0.0,0.01,-80.3064037,26.9209522,694.4
-10.7,3.6,0.0,0.03,-0.05,-0.15,-0.19,-0.08,0.08,-0.52,0.19,9.496,9.653,8.917,8.947,10.2,10.01,12.07,11.58,-0.003,-0.004,-0.004,0.0,-0.01,-80.3064037,26.9209522,694.45
-10.8,3.6,0.0,0.02,-0.08,-0.11,0.15,0.21,-0.28,-0.52,0.17,9.535,9.653,8.976,9.035,10.1,10.1,11.77,11.87,-0.003,-0.004,-0.004,0.0,-0.0,-80.3064037,26.9209522,694.5
-10.7,3.6,0.0,0.02,-0.09,-0.09,0.02,0.15,-0.05,-0.51,0.17,9.565,9.761,8.947,9.055,10.01,9.91,11.77,11.58,-0.003,-0.004,-0.004,0.0,-0.01,-80.3064037,26.9209522,694.55
-10.8,3.6,0.0,0.02,-0.09,-0.11,0.04,0.36,-0.2,-0.51,0.17,9.555,9.702,8.907,8.947,10.3,9.81,11.77,11.38,-0.003,-0.004,-0.004,0.0,-0.01,-80.3064037,26.9209522,694.6
-10.8,3.6,0.0,0.01,-0.09,-0.07,-0.13,-0.07,-0.07,-0.51,0.17,9.437,9.643,8.858,8.966,10.2,9.61,11.38,11.77,-0.003,-0.004,-0.004,0.0,-0.01,-80.3064037,26.9209521,694.65
-10.8,3.6,0.0,0.01,-0.1,0.03,-0.24,0.09,0.03,-0.52,0.17,9.467,9.624,8.996,9.074,10.2,9.61,12.16,11.38,-0.003,-0.004,-0.004,0.0,0.0,-80.3064037,26.9209521,694.7
-10.8,3.6,0.0,0.01,-0.05,-0.08,0.47,-0.35,0.14,-0.52,0.17,9.565,9.8,8.907,9.025,10.4,10.01,11.38,11.28,-0.003,-0.004,-0.004,0.0,0.01,-80.3064037,26.9209521,694.75
-10.8,3.6,0.0,0.01,-0.05,-0.1,-0.03,-0.04,-0.28,-0.53,0.18,9.545,9.673,8.957,8.937,10.4,10.1,11.58,11.38,-0.003,-0.004,-0.004,0.0,0.01,-80.3064037,26.9209521,694.8
-10.7,3.6,0.0,0.01,-0.04,-0.14,0.19,-0.03,-0.54,-0.53,0.18,9.427,9.604,8.976,9.045,10.3,9.71,11.77,11.48,-0.003,-0.004,-0.004,0.0,-0.01,-80.3064037,26.9209521,694.85
-10.8,3.6,0.0,0.01,-0.02,-0.12,0.17,-0.19,-0.28,-0.53,0.18,9.545,9.624,8.976,8.966,10.5,9.91,11.87,11.77,-0.003,-0.004,-0.004,0.0,-0.01,-80.3064037,26.9209521,694.9
-10.7,3.6,0.0,0.01,0.01,-0.09,-0.04,0.34,0.08,-0.51,0.17,9.575,9.712,8.966,9.045,10.2,9.42,11.77,11.87,-0.003,-0.004,-0.004,0.0,-0.01,-80.3064037,26.9209521,694.95
-10.8,3.6,0.0,0.01,0.02,-0.06,-0.38,-0.01,-0.33,-0.51,0.17,9.496,9.673,8.907,9.035,10.4,9.91,11.77,11.48,-0.003,-0.004,-0.004,0.0,-0.01,-80.3064037,26.9209521,695.0
-10.7,3.6,0.0,0.01,0.01,-0.03,-0.13,-0.21,0.42,-0.51,0.19,9.476,9.594,8.976,8.917,10.3,9.71,11.77,11.28,-0.003,-0.004,-0.004,0.0,0.0,-80.3064037,26.9209521,695.05
-10.8,3.6,0.0,0.02,-0.0,-0.07,0.04,0.07,0.07,-0.5,0.17,9.486,9.692,8.917,9.025,10.2,10.01,11.77,11.77,-0.003,-0.004,-0.004,0.0,0.01,-80.3064037,26.9209521,695.1
-10.7,3.6,0.0,0.02,-0.01,-0.11,-0.11,0.2,0.34,-0.51,0.19,9.565,9.653,9.006,9.015,10.4,9.91,11.77,11.38,-0.003,-0.004,-0.004,0.0,-0.01,-80.3064037,26.9209521,695.15
-10.8,3.6,0.0,0.02,-0.03,-0.12,0.33,0.04,0.15,-0.51,0.18,9.496,9.663,8.947,8.976,9.91,9.81,11.77,11.48,-0.003,-0.004,-0.004,0.0,-0.0,-80.3064037,26.9209521,695.2
-10.8,3.6,0.0,0.03,-0.02,-0.1,-0.1,0.1,0.13,-0.5,0.18,9.486,9.624,8.947,8.986,10.3,9.71,11.77,11.77,-0.003,-0.004,-0.004,0.0,-0.01,-80.3064037,26.9209521,695.25
-10.8,3.6,0.0,0.02,-0.04,-0.07,-0.05,0.09,-0.06,-0.5,0.17,9.496,9.692,8.937,8.996,10.2,9.91,11.58,11.38,-0.003,-0.004,-0.004,0.0,-0.0,-80.3064037,26.9209521,695.3
-10.7,3.6,0.0,0.02,-0.02,-0.05,-0.13,-0.0,0.28,-0.51,0.16,9.506,9.663,8.898,8.986,10.1,10.01,11.77,11.28,-0.003,-0.004,-0.004,0.0,-0.0,-80.3064038,26.9209521,695.35
-10.8,3.6,0.0,0.02,-0.01,-0.06,0.23,-0.12,-0.15,-0.5,0.17,9.476,9.663,8.986,9.006,10.2,9.81,11.77,11.28,-0.003,-0.004,-0.004,0.0,-0.0,-80.3064038,26.9209521,695.4
-10.7,3.6,0.0,0.02,-0.02,-0.1,-0.13,-0.1,0.04,-0.5,0.2,9.467,9.663,8.937,9.025,10.3,9.61,11.77,11.58,-0.003,-0.004,-0.004,0.0,-0.0,-80.3064038,26.920952,695.45
-10.8,3.6,0.0,0.02,-0.03,-0.1,-0.02,-0.2,-0.05,-0.51,0.18,9.496,9.643,8.937,8.996,10.2,9.61,11.87,11.28,-0.003,-0.004,-0.004,0.0,0.0,-80.3064038,26.920952,695.5
-10.7,3.6,0.0,0.02,-0.03,-0.11,0.04,-0.19,-0.38,-0.51,0.17,9.545,9.692,8.966,9.035,10.1,9.61,11.67,11.18,-0.003,-0.004,-0.004,0.0,-0.0,-80.3064038,26.920952,695.55
-10.8,3.6,0.0,0.02,-0.03,-0.07,0.07,-0.04,0.28,-0.51,0.19,9.535,9.663,8.947,9.006,10.1,9.71,11.77,11.28,-0.003,-0.004,-0.004,0.0,0.0,-80.3064038,26.920952,695.6
-10.7,3.6,0.0,0.03,-0.0,-0.07,-0.11,-0.06,0.49,-0.5,0.19,9.506,9.663,8.917,8.996,10.01,9.61,11.58,11.67,-0.003,-0.004,-0.004,0.0,0.0,-80.3064038,26.920952,695.65
-10.7,3.6,0.0,0.03,-0.05,-0.06,0.1,-0.13,-0.08,-0.5,0.2,9.496,9.663,8.947,9.015,10.3,9.81,12.07,11.58,-0.003,-0.004,-0.004,0.0,0.0,-80.3064038,26.920952,695.7
-10.7,3.6,0.0,0.03,-0.05,-0.11,-0.08,-0.14,0.15,-0.5,0.21,9.467,9.633,8.898,8.957,10.3,9.81,11.77,11.38,-0.003,-0.004,-0.004,0.0,0.0,-80.3064038,26.920952,695.75
-10.7,3.6,0.0,0.03,-0.06,-0.08,0.05,0.34,-0.07,-0.5,0.18,9.535,9.673,8.937,8.957,10.2,9.71,11.87,11.77,-0.003,-0.004,-0.004,0.0,0.01,-80.3064038,26.920952,695.8
-10.8,3.6,0.0,0.02,-0.02,-0.13,0.02,-0.02,0.09,-0.48,0.18,9.506,9.692,8.947,9.015,9.91,9.71,11.58,11.77,-0.003,-0.004,-0.004,0.0,-0.01,-80.3064038,26.920952,695.85
-10.8,3.6,0.0,0.02,-0.01,-0.1,-0.12,-0.18,-0.35,-0.47,0.18,9.496,9.614,8.957,8.996,10.01,9.61,11.77,11.48,-0.003,-0.004,-0.004,0.0,-0.01,-80.3064038,26.920952,695.9
-10.7,3.6,0.0,0.02,0.02,-0.14,0.07,0.04,-0.12,-0.5,0.18,9.476,9.663,8.888,9.045,10.2,9.71,11.77,11.58,-0.003,-0.004,-0.004,0.0,-0.01,-80.3064038,26.920952,695.95
-10.8,3.6,0.0,0.02,-0.01,-0.05,0.23,0.08,-0.14,-0.49,0.18,9.427,9.653,8.957,8.986,10.4,9.71,11.87,11.48,-0.003,-0.004,-0.004,0.0,-0.01,-80.3064038,26.920952,696.0
-10.7,3.6,0.0,0.02,0.01,-0.04,-0.11,-0.03,0.02,-0.49,0.18,9.486,9.673,8.996,9.055,10.3,9.91,11.77,11.48,-0.003,-0.004,-0.004,0.0,-0.0,-80.3064038,26.920952,696.05
-10.7,3.6,0.0,0.02,-0.05,-0.06,0.05,0.03,-0.3,-0.48,0.17,9.526,9.702,8.907,9.025,10.4,9.61,11.77,11.58,-0.003,-0.004,-0.004,0.0,-0.0,-80.3064038,26.920952,696.1
-10.8,3.6,0.0,0.02,-0.07,-0.1,0.24,0.13,-0.07,-0.47,0.17,9.535,9.653,8.927,8.976,10.1,9.61,11.48,11.58,-0.003,-0.004,-0.004,0.0,0.0,-80.3064038,26.920952,696.15
-10.8,3.6,0.0,0.01,-0.07,-0.15,-0.03,-0.41,0.29,-0.51,0.19,9.535,9.643,8.957,8.937,10.3,9.91,11.77,11.38,-0.003,-0.004,-0.004,0.0,-0.01,-80.3064038,26.920952,696.2
-10.8,3.6,0.0,0.01,-0.04,-0.14,0.23,0.03,0.19,-0.49,0.18,9.545,9.653,9.015,9.015,10.4,9.61,11.77,11.48,-0.003,-0.004,-0.004,0.0,-0.01,-80.3064038,26.920952,696.25
-10.8,3.6,0.0,0.01,0.03,-0.03,0.09,0.12,0.37,-0.49,0.19,9.496,9.702,8.898,9.006,10.3,9.91,11.87,11.58,-0.003,-0.004,-0.004,0.0,-0.02,-80.3064038,26.9209521,696.3
-10.7,3.6,0.0,0.01,0.01,-0.02,0.19,-0.01,-0.05,-0.48,0.18,9.457,9.663,8.898,8.996,10.01,9.81,11.58,11.58,-0.003,-0.004,-0.004,0.0,-0.02,-80.3064038,26.9209521,696.35
-10.8,3.6,0.0,0.02,-0.02,-0.07,-0.22,-0.21,-0.26,-0.48,0.18,9.476,9.653,8.898,8.976,10.01,9.81,11.97,11.58,-0.003,-0.004,-0.004,0.0,-0.01,-80.3064038,26.9209521,696.4
-10.7,3.6,0.0,0.01,-0.05,-0.1,0.01,-0.12,0.15,-0.5,0.18,9.535,9.663,8.976,8.996,10.3,9.71,11.67,11.28,-0.003,-0.004,-0.004,0.0,-0.01,-80.3064038,26.9209521,696.45
-10.8,3.6,0.0,0.01,-0.04,-0.12,-0.15,0.31,-0.2,-0.49,0.18,9.535,9.682,8.947,9.035,10.1,9.71,11.87,11.58,-0.003,-0.004,-0.004,0.0,-0.01,-80.3064038,26.9209521,696.5
-10.7,3.6,0.0,0.02,-0.01,-0.1,-0.29,-0.02,0.28,-0.49,0.19,9.486,9.663,8.898,8.986,10.01,9.61,11.77,11.38,-0.003,-0.004,-0.004,0.0,-0.02,-80.3064038,26.9209521,696.55
-10.8,3.6,0.0,0.01,-0.02,-0.07,-0.02,0.3,0.02,-0.5,0.18,9.457,9.614,8.907,8.976,10.3,9.61,11.58,11.48,-0.003,-0.004,-0.004,0.0,-0.02,-80.3064038,26.9209521,696.6
-10.7,3.6,0.0,0.01,-0.05,-0.05,0.06,0.32,-0.36,-0.5,0.2,9.506,9.663,8.976,9.035,10.4,10.01,11.87,11.58,-0.003,-0.004,-0.004,0.0,-0.02,-80.3064038,26.9209521,696.65
-10.8,3.6,0.0,0.01,-0.01,-0.11,0.05,0.04,0.03,-0.51,0.21,9.545,9.682,8.937,9.035,10.3,9.61,11.67,11.58,-0.003,-0.004,-0.004,0.0,-0.02,-80.3064038,26.9209521,696.7
-10.7,3.6,0.0,0.01,-0.03,-0.12,0.2,0.11,0.23,-0.49,0.18,9.506,9.633,8.947,8.966,10.3,9.71,11.77,11.18,-0.003,-0.004,-0.004,0.0,-0.02,-80.3064038,26.9209521,696.75
-10.8,3.6,0.0,0.01,-0.03,-0.11,-0.01,-0.2,-0.5,-0.48,0.17,9.457,9.663,8.917,8.966,10.2,9.71,11.58,11.77,-0.003,-0.004,-0.004,0.0,-0.02,-80.3064038,26.9209521,696.8
-10.7,3.6,0.0,0.01,-0.02,-0.06,-0.06,0.19,0.32,-0.49,0.18,9.545,9.673,9.006,9.045,10.4,9.81,11.58,11.48,-0.003,-0.004,-0.004,0.0,-0.02,-80.3064038,26.9209521,696.85
-10.8,3.6,0.0,0.01,-0.03,-0.07,0.13,0.03,-0.22,-0.49,0.16,9.516,9.702,8.917,9.025,10.1,9.71,11.87,11.58,-0.003,-0.004,-0.004,0.0,-0.03,-80.3064038,26.9209521,696.9
-10.8,3.6,0.0,0.01,0.05,-0.15,-0.04,-0.07,0.28,-0.48,0.14,9.467,9.624,8.898,8.966,10.4,9.71,11.77,11.38,-0.003,-0.004,-0.004,0.0,-0.03,-80.3064038,26.9209521,696.95
-10.7,3.6,0.0,0.01,-0.02,-0.09,-0.13,-0.16,-0.11,-0.5,0.18,9.467,9.643,8.947,8.996,10.4,9.61,11.67,11.38,-0.003,-0.004,-0.004,0.0,-0.0,-80.3064038,26.9209521,697.0
-10.7,3.6,0.0,0.0,-0.03,-0.11,0.56,0.04,0.07,-0.49,0.18,9.516,9.692,8.966,9.015,10.5,9.81,12.16,11.38,-0.003,-0.004,-0.004,0.0,-0.0,-80.3064038,26.9209521,697.05
-10.8,3.6,0.0,0.02,-0.01,-0.07,-0.39,-0.17,-0.19,-0.5,0.18,9.555,9.702,8.937,9.015,10.3,10.01,11.77,11.67,-0.003,-0.004,-0.004,0.0,-0.01,-80.3064038,26.9209521,697.1
-10.7,3.6,0.0,0.01,-0.01,-0.07,0.14,-0.31,0.35,-0.51,0.17,9.476,9.614,8.927,9.006,10.1,9.91,11.77,11.28,-0.003,-0.004,-0.004,0.0,-0.0,-80.3064038,26.920952,697.15
-10.8,3.6,0.0,0.01,-0.01,-0.06,-0.35,0.22,-0.3,-0.52,0.16,9.486,9.653,8.917,9.006,10.2,10.01,11.87,11.67,-0.003,-0.004,-0.004,0.0,-0.0,-80.3064038,26.920952,697.2
-10.8,3.6,0.0,0.01,-0.01,-0.11,-0.09,-0.18,0.29,-0.53,0.15,9.506,9.673,8.937,9.006,10.3,9.91,11.87,11.58,-0.003,-0.004,-0.004,0.0,-0.0,-80.3064038,26.920952,697.25
-10.7,3.6,0.0,0.02,-0.02,-0.09,-0.04,-0.22,0.29,-0.51,0.19,9.516,9.653,8.966,9.025,10.4,9.91,11.58,11.38,-0.003,-0.004,-0.004,0.0,-0.01,-80.3064037,26.920952,697.3
-10.7,3.6,0.0,0.02,-0.02,-0.12,0.33,0.07,0.05,-0.5,0.18,9.506,9.692,8.937,8.986,10.2,9.71,11.48,11.48,-0.003,-0.004,-0.004,0.0,-0.01,-80.3064037,26.920952,697.35
-10.8,3.6,0.0,0.02,-0.04,-0.09,-0.04,0.09,-0.28,-0.51,0.19,9.496,9.653,8.937,8.996,10.01,9.71,11.87,11.48,-0.003,-0.004,-0.004,0.0,-0.01,-80.3064037,26.920952,697.4
-10.7,3.6,0.0,0.01,-0.05,-0.07,-0.34,0.01,0.12,-0.49,0.18,9.506,9.663,8.996,9.064,10.2,9.81,11.67,11.77,-0.003,-0.004,-0.004,0.0,-0.0,-80.3064037,26.920952,697.45
-10.8,3.6,0.0,0.01,-0.04,-0.07,-0.18,0.04,0.06,-0.51,0.17,9.535,9.692,8.947,8.976,10.2,9.91,11.87,11.28,-0.003,-0.004,-0.004,0.0,-0.0,-80.3064037,26.920952,697.5
-10.7,3.6,0.0,0.01,-0.02,-0.07,-0.31,0.07,0.02,-0.5,0.18,9.506,9.682,8.898,8.996,10.4,10.01,11.48,11.48,-0.003,-0.004,-0.004,0.0,-0.0,-80.3064037,26.920952,697.55
-10.7,3.6,0.0,0.0,-0.02,-0.07,0.03,-0.02,-0.06,-0.52,0.16,9.476,9.643,8.947,9.006,10.1,9.81,11.87,11.28,-0.003,-0.004,-0.004,0.0,-0.0,-80.3064037,26.920952,697.6
-10.7,3.6,0.0,0.0,-0.03,-0.08,0.08,0.39,-0.02,-0.5,0.18,9.545,9.682,8.966,9.015,10.2,10.01,11.67,11.48,-0.003,-0.004,-0.004,0.0,-0.0,-80.3064037,26.920952,697.65
-10.8,3.6,0.0,0.0,-0.02,-0.1,-0.27,-0.06,-0.19,-0.51,0.19,9.516,9.643,8.937,8.957,10.1,9.81,11.77,11.48,-0.003,-0.004,-0.004,0.0,-0.0,-80.3064037,26.920952,697.7
-10.8,3.6,0.0,0.0,-0.01,-0.13,-0.08,0.04,0.07,-0.52,0.16,9.476,9.624,8.927,8.976,10.3,9.81,11.48,11.48,-0.003,-0.004,-0.004,0.0,0.0,-80.3064037,26.920952,697.75
-10.8,3.6,0.0,0.0,-0.0,-0.08,-0.22,0.14,0.26,-0.54,0.14,9.506,9.663,8.937,8.996,10.3,9.71,12.07,11.58,-0.003,-0.004,-0.004,0.0,0.0,-80.3064036,26.920952,697.8
-10.7,3.6,0.0,0.0,-0.03,-0.07,-0.09,-0.13,-0.29,-0.56,0.12,9.526,9.732,8.966,9.045,10.1,9.52,11.58,11.28,-0.003,-0.004,-0.004,0.0,0.0,-80.3064036,26.920952,697.85
-10.8,3.6,0.0,-0.0,-0.05,-0.07,-0.0,-0.22,0.06,-0.58,0.09,9.496,9.673,8.937,8.986,10.3,9.81,11.77,11.48,-0.003,-0.004,-0.004,0.0,0.0,-80.3064036,26.920952,697.9
-10.7,3.6,0.0,-0.0,-0.03,-0.09,-0.21,0.16,0.4,-0.52,0.17,9.526,9.653,8.947,8.996,10.3,9.61,11.87,11.38,-0.003,-0.004,-0.004,0.0,0.01,-80.3064036,26.920952,697.95
-10.8,3.6,0.0,-0.0,0.0,-0.12,-0.17,0.05,-0.1,-0.51,0.17,9.486,9.633,8.907,8.966,10.01,9.81,11.77,11.18,-0.003,-0.004,-0.004,0.0,0.01,-80.3064036,26.920952,698.0
-10.8,3.6,0.0,-0.0,-0.02,-0.08,0.11,-0.2,-0.08,-0.51,0.17,9.535,9.692,8.947,9.006,9.91,9.81,11.87,11.58,-0.003,-0.004,-0.004,0.0,0.01,-80.3064035,26.920952,698.05
-10.8,3.6,0.0,-0.0,-0.0,-0.1,-0.22,0.06,-0.18,-0.51,0.16,9.516,9.692,8.927,8.996,10.4,9.52,11.67,11.67,-0.003,-0.004,-0.004,0.0,0.01,-80.3064035,26.920952,698.1
-10.7,3.6,0.0,-0.0,-0.05,-0.06,0.32,-0.1,-0.09,-0.51,0.16,9.447,9.624,8.966,9.006,10.59,9.61,11.87,11.38,-0.003,-0.004,-0.004,0.0,0.01,-80.3064035,26.920952,698.15
-10.7,3.6,0.0,-0.01,-0.01,-0.1,-0.15,-0.11,-0.16,-0.51,0.16,9.526,9.663,8.917,9.015,10.2,9.91,11.67,11.48,-0.003,-0.004,-0.004,0.0,0.01,-80.3064035,26.920952,698.2
-10.7,3.6,0.0,-0.01,-0.03,-0.08,-0.2,0.13,-0.05,-0.51,0.16,9.565,9.673,8.976,9.006,10.3,9.91,11.87,11.58,-0.003,-0.004,-0.004,0.0,0.01,-80.3064035,26.920952,698.25
-10.7,3.6,0.0,-0.0,-0.04,-0.1,0.23,0.09,0.03,-0.52,0.16,9.526,9.663,8.976,9.015,10.1,9.81,11.87,11.18,-0.003,-0.004,-0.004,0.0,0.0,-80.3064035,26.920952,698.3
-10.7,3.6,0.0,0.0,-0.04,-0.07,-0.16,-0.16,-0.33,-0.52,0.14,9.467,9.653,8.907,8.976,10.1,9.81,11.77,11.38,-0.003,-0.004,-0.004,0.0,-0.0,-80.3064035,26.9209521,698.35
-10.8,3.6,0.0,-0.0,-0.02,-0.09,0.02,-0.17,0.19,-0.53,0.13,9.506,9.643,8.898,8.966,10.59,9.71,11.77,11.58,-0.003,-0.004,-0.004,0.0,0.0,-80.3064035,26.9209521,698.4
-10.7,3.6,0.0,0.0,-0.03,-0.1,0.03,0.09,0.02,-0.53,0.12,9.506,9.673,8.966,9.015,10.3,9.71,11.77,11.58,-0.003,-0.004,-0.004,0.0,-0.0,-80.3064034,26.9209521,698.45
-10.8,3.6,0.0,0.0,-0.02,-0.08,-0.17,-0.34,-0.25,-0.54,0.1,9.496,9.653,8.957,8.976,10.2,9.81,11.48,11.38,-0.003,-0.004,-0.004,0.0,-0.0,-80.3064034,26.9209521,698.5
-10.7,3.6,0.0,-0.0,-0.02,-0.08,-0.05,0.35,-0.18,-0.55,0.09,9.535,9.673,8.917,8.996,10.3,9.91,11.67,11.67,-0.003,-0.004,-0.004,0.0,0.0,-80.3064034,26.9209521,698.55
-10.7,3.6,0.0,0.0,-0.04,-0.07,0.04,-0.24,-0.03,-0.55,0.08,9.496,9.663,8.957,9.006,10.4,9.81,11.67,11.58,-0.003,-0.004,-0.004,0.0,0.0,-80.3064034,26.9209521,698.6
-10.7,3.6,0.0,0.0,-0.02,-0.1,-0.08,0.06,0.21,-0.51,0.15,9.506,9.692,8.966,9.015,10.69,9.81,11.87,11.28,-0.003,-0.004,-0.004,0.0,0.0,-80.3064034,26.9209521,698.65
-10.7,3.6,0.0,0.0,-0.03,-0.14,-0.0,-0.12,0.01,-0.52,0.13,9.535,9.682,8.937,8.976,10.5,9.71,11.87,11.48,-0.003,-0.004,-0.004,0.0,-0.0,-80.3064034,26.9209521,698.7
-10.7,3.6,0.0,0.0,-0.01,-0.07,-0.21,0.09,0.16,-0.52,0.11,9.506,9.653,8.966,9.025,10.2,9.81,11.77,11.58,-0.003,-0.004,-0.004,0.0,-0.0,-80.3064034,26.9209521,698.75
-10.8,3.6,0.0,-0.0,-0.0,-0.06,-0.03,-0.08,-0.14,-0.5,0.16,9.496,9.673,8.917,9.006,10.2,9.91,11.67,11.28,-0.003,-0.004,-0.004,0.0,0.0,-80.3064034,26.9209521,698.8
-10.7,3.6,0.0,0.0,-0.0,-0.03,-0.01,-0.01,0.39,-0.5,0.16,9.457,9.663,8.937,9.006,10.2,9.71,11.58,11.28,-0.003,-0.004,-0.004,0.0,0.0,-80.3064034,26.9209521,698.85
-10.8,3.6,0.0,0.0,-0.02,-0.08,0.12,-0.52,0.1,-0.49,0.16,9.486,9.653,8.966,9.045,10.3,9.91,11.77,11.48,-0.003,-0.004,-0.004,0.0,0.0,-80.3064034,26.9209521,698.9
-10.7,3.6,0.0,0.0,-0.0,-0.1,0.03,-0.46,-0.24,-0.5,0.17,9.516,9.663,8.957,8.986,10.1,9.61,11.77,11.38,-0.003,-0.004,-0.004,0.0,0.01,-80.3064034,26.9209521,698.95
-10.8,3.6,0.0,0.01,0.07,-0.18,-0.22,-0.14,-0.25,-0.5,0.16,9.516,9.673,8.927,8.976,10.4,9.71,11.97,11.28,-0.003,-0.004,-0.004,0.0,0.01,-80.3064034,26.9209521,699.0
-10.7,3.6,0.0,0.01,0.02,-0.08,-0.0,0.01,0.16,-0.49,0.16,9.476,9.653,8.976,9.035,10.3,10.01,11.87,11.67,-0.003,-0.004,-0.004,0.0,0.01,-80.3064034,26.9209521,699.05
-10.8,3.6,0.0,0.0,0.01,-0.02,0.06,-0.34,-0.11,-0.52,0.16,9.467,9.653,8.937,9.006,10.01,9.71,11.67,11.28,-0.003,-0.004,-0.004,0.0,0.0,-80.3064033,26.9209521,699.1
-10.7,3.6,0.0,0.01,-0.0,-0.08,0.09,0.19,0.3,-0.51,0.17,9.486,9.702,8.937,8.996,10.3,9.61,11.48,11.38,-0.003,-0.004,-0.004,0.0,-0.0,-80.3064033,26.9209521,699.15
-10.7,3.6,0.0,0.01,-0.01,-0.13,0.02,-0.01,-0.11,-0.5,0.18,9.516,9.663,8.986,8.986,10.3,9.81,11.97,11.38,-0.003,-0.004,-0.004,0.0,-0.0,-80.3064033,26.9209521,699.2
-10.8,3.6,0.0,0.01,-0.0,-0.12,-0.05,-0.16,0.04,-0.52,0.14,9.496,9.663,8.947,8.976,10.3,9.81,11.77,11.58,-0.003,-0.004,-0.004,0.0,-0.0,-80.3064033,26.9209521,699.25
-10.7,3.6,0.0,0.01,-0.0,-0.1,0.16,0.09,0.14,-0.5,0.17,9.526,9.692,8.907,8.986,10.5,9.91,11.97,11.58,-0.003,-0.004,-0.004,0.0,-0.0,-80.3064033,26.9209521,699.3
-10.7,3.6,0.0,0.01,-0.01,-0.04,-0.03,0.23,0.28,-0.51,0.17,9.496,9.673,8.937,9.006,10.3,9.81,11.87,11.28,-0.003,-0.004,-0.004,0.0,-0.0,-80.3064033,26.9209521,699.35
-10.8,3.6,0.0,0.01,-0.0,-0.08,-0.01,0.03,0.31,-0.51,0.17,9.486,9.673,8.917,8.986,10.2,10.1,12.07,11.67,-0.003,-0.004,-0.004,0.0,-0.0,-80.3064033,26.9209521,699.4
-10.8,3.6,0.0,0.01,-0.03,-0.09,0.19,-0.09,-0.07,-0.51,0.14,9.506,9.633,8.927,8.976,10.1,9.61,11.77,11.67,-0.003,-0.004,-0.004,0.0,-0.0,-80.3064033,26.9209521,699.45
-10.8,3.6,0.0,0.01,-0.02,-0.12,0.18,0.06,-0.59,-0.5,0.13,9.535,9.663,8.927,9.006,10.4,9.81,12.07,11.38,-0.003,-0.004,-0.004,0.0,-0.0,-80.3064033,26.9209521,699.5
-10.7,3.6,0.0,0.01,-0.02,-0.09,0.15,-0.18,-0.04,-0.52,0.15,9.506,9.643,8.957,9.025,10.4,9.91,11.87,11.38,-0.003,-0.004,-0.004,0.0,-0.01,-80.3064033,26.9209521,699.55
-10.8,3.6,0.0,0.01,-0.03,-0.08,0.19,-0.13,0.47,-0.51,0.17,9.486,9.653,8.907,8.986,10.2,9.71,11.77,11.38,-0.003,-0.004,-0.004,0.0,-0.01,-80.3064033,26.9209521,699.6
-10.7,3.6,0.0,0.01,-0.02,-0.08,-0.02,0.14,0.29,-0.51,0.15,9.516,9.673,8.966,9.035,10.2,9.81,11.58,11.58,-0.003,-0.004,-0.004,0.0,-0.01,-80.3064033,26.9209521,699.65
-10.8,3.6,0.0,0.0,-0.04,-0.09,-0.1,0.29,-0.07,-0.51,0.15,9.506,9.663,8.957,8.996,10.3,9.71,11.77,11.48,-0.003,-0.004,-0.004,0.0,-0.0,-80.3064033,26.9209521,699.7
-10.7,3.6,0.0,-0.0,-0.04,-0.11,-0.09,-0.09,-0.11,-0.51,0.16,9.506,9.673,8.937,9.006,10.3,9.81,11.87,11.58,-0.003,-0.004,-0.004,0.0,0.0,-80.3064032,26.9209521,699.75
-10.8,3.6,0.0,-0.0,-0.05,-0.08,-0.18,0.19,-0.3,-0.5,0.17,9.526,9.682,8.996,9.015,10.2,9.71,11.87,11.38,-0.003,-0.004,-0.004,0.0,0.0,-80.3064032,26.9209521,699.8
-10.7,3.6,0.0,-0.0,-0.04,-0.08,-0.17,-0.41,-0.34,-0.51,0.16,9.506,9.692,8.957,9.045,10.3,9.71,11.58,11.38,-0.003,-0.004,-0.004,0.0,-0.0,-80.3064032,26.9209521,699.85
-10.8,3.6,0.0,-0.0,-0.04,-0.06,-0.04,0.21,0.22,-0.52,0.15,9.555,9.692,8.937,8.986,10.1,9.71,11.67,11.67,-0.003,-0.004,-0.004,0.0,0.0,-80.3064032,26.9209521,699.9
-10.7,3.6,0.0,-0.0,-0.04,-0.08,-0.01,-0.25,-0.34,-0.52,0.15,9.535,9.633,8.966,9.025,10.59,9.81,11.67,11.28,-0.003,-0.004,-0.004,0.0,0.0,-80.3064032,26.9209521,699.95
-10.8,3.6,0.0,-0.0,-0.05,-0.11,0.23,-0.27,-0.3,-0.52,0.16,9.516,9.653,8.976,9.025,10.1,9.61,11.77,11.58,-0.003,-0.004,-0.004,0.0,0.0,-80.3064032,26.9209521,700.0
-10.7,3.6,0.0,-0.0,-0.04,-0.09,-0.23,-0.15,-0.19,-0.52,0.16,9.535,9.663,8.976,9.015,10.3,9.71,11.77,11.38,-0.003,-0.004,-0.004,0.0,-0.0,-80.3064032,26.9209521,700.05
-10.8,3.6,0.0,-0.01,-0.06,-0.08,0.17,0.21,0.13,-0.53,0.16,9.496,9.663,8.927,9.006,10.3,9.71,11.67,11.28,-0.003,-0.004,-0.004,0.0,0.0,-80.3064032,26.9209521,700.1
-10.8,3.6,0.0,-0.01,-0.03,-0.08,-0.08,0.29,-0.21,-0.5,0.15,9.516,9.643,8.937,8.996,10.4,9.81,12.16,11.48,-0.003,-0.004,-0.004,0.0,0.01,-80.3064031,26.9209521,700.15
-10.8,3.6,0.0,-0.01,-0.05,-0.05,-0.18,-0.24,-0.44,-0.51,0.15,9.476,9.673,8.937,9.006,10.3,9.91,11.58,11.77,-0.003,-0.004,-0.004,0.0,0.01,-80.3064031,26.9209521,700.2
-10.7,3.6,0.0,-0.01,-0.05,-0.07,-0.12,0.01,-0.26,-0.52,0.13,9.526,9.673,8.957,9.035,10.1,10.1,11.87,11.67,-0.003,-0.004,-0.004,0.0,0.01,-80.3064031,26.9209522,700.25
-10.8,3.6,0.0,-0.01,-0.04,-0.08,0.08,0.3,-0.01,-0.49,0.15,9.467,9.614,8.917,8.966,10.3,9.91,11.77,11.58,-0.003,-0.004,-0.004,0.0,0.01,-80.3064031,26.9209522,700.3
-10.7,3.6,0.0,-0.01,-0.04,-0.11,-0.07,0.04,-0.22,-0.5,0.14,9.526,9.673,8.947,9.025,10.3,9.61,12.07,11.67,-0.003,-0.004,-0.004,0.0,0.01,-80.3064031,26.9209522,700.35
-10.8,3.6,0.0,-0.01,-0.03,-0.09,0.32,-0.07,0.09,-0.5,0.15,9.535,9.673,8.976,9.006,10.2,9.71,11.77,11.48,-0.003,-0.004,-0.004,0.0,-0.0,-80.3064031,26.9209522,700.4
-10.7,3.6,0.0,-0.01,-0.03,-0.06,-0.23,-0.16,0.22,-0.51,0.15,9.535,9.771,8.957,8.996,10.1,9.81,11.77,11.48,-0.003,-0.004,-0.004,0.0,-0.0,-80.3064031,26.9209522,700.45
-10.8,3.6,0.0,-0.01,-0.02,-0.04,-0.22,0.27,0.29,-0.52,0.14,9.545,9.516,8.898,9.006,10.4,9.61,11.38,11.77,-0.003,-0.004,-0.004,0.0,-0.0,-80.3064031,26.9209522,700.5
-10.7,3.6,0.0,-0.01,0.0,-0.11,0.13,0.16,0.25,-0.5,0.14,9.673,9.732,8.996,9.006,10.3,9.91,11.87,11.38,-0.003,-0.004,-0.004,0.0,-0.0,-80.3064031,26.9209522,700.55
-10.8,3.6,0.0,-0.01,-0.01,-0.09,-0.19,-0.19,-0.25,-0.51,0.14,9.594,9.653,9.055,9.113,10.4,9.52,11.87,11.58,-0.003,-0.004,-0.004,0.0,-0.0,-80.3064031,26.9209522,700.6
-10.8,3.6,0.0,-0.0,-0.01,-0.01,-0.07,0.46,-0.13,-0.5,0.14,9.486,9.624,8.898,9.045,10.2,9.52,11.77,11.28,-0.003,-0.004,-0.004,0.0,0.01,-80.3064031,26.9209522,700.65
-10.8,3.6,0.0,-0.0,0.0,-0.11,-0.07,-0.04,0.17,-0.54,0.14,9.535,9.653,8.858,8.996,10.3,9.71,11.77,11.48,-0.003,-0.004,-0.004,0.0,0.01,-80.306403,26.9209522,700.7
-10.8,3.6,0.0,-0.0,-0.04,-0.08,0.18,-0.2,-0.4,-0.52,0.14,9.535,9.653,8.937,9.025,9.91,9.81,11.87,11.58,-0.003,-0.004,-0.004,0.0,0.01,-80.306403,26.9209522,700.75
-10.8,3.7,0.0,0.0,-0.02,-0.08,-0.06,-0.01,0.15,-0.53,0.14,9.526,9.663,8.966,9.025,10.1,9.81,11.67,11.58,-0.003,-0.004,-0.004,0.0,0.01,-80.306403,26.9209522,700.8
-10.8,3.6,0.0,-0.02,-0.01,-0.09,0.02,-0.32,0.02,-0.51,0.14,9.516,9.643,8.937,9.006,10.2,9.81,11.87,11.28,-0.003,-0.004,-0.004,0.0,0.01,-80.306403,26.9209522,700.85
-10.8,3.6,0.0,-0.01,-0.03,-0.12,-0.09,0.17,-0.25,-0.51,0.12,9.476,9.653,8.927,8.996,10.3,9.81,12.07,11.38,-0.003,-0.004,-0.004,0.0,0.0,-80.306403,26.9209522,700.9
-10.8,3.6,0.0,-0.01,-0.0,-0.09,0.23,-0.15,0.23,-0.51,0.14,9.486,9.653,8.937,8.966,10.1,9.91,11.58,11.28,-0.003,-0.004,-0.004,0.0,-0.0,-80.306403,26.9209522,700.95
-10.8,3.6,0.0,-0.02,-0.06,-0.03,0.05,-0.27,-0.22,-0.53,0.14,9.496,9.702,8.888,8.986,10.3,9.61,11.87,11.58,-0.003,-0.004,-0.004,0.0,0.01,-80.306403,26.9209522,701.0
-10.7,3.6,0.0,-0.02,-0.08,-0.07,0.13,0.17,-0.23,-0.52,0.14,9.516,9.673,9.006,9.074,10.3,9.71,11.77,11.38,-0.003,-0.004,-0.004,0.0,0.01,-80.306403,26.9209522,701.05
-10.8,3.6,0.0,-0.02,-0.02,-0.1,-0.19,-0.0,0.33,-0.52,0.15,9.555,9.682,9.025,8.986,10.2,9.91,11.77,11.67,-0.003,-0.004,-0.004,0.0,0.01,-80.306403,26.9209522,701.1
-10.7,3.6,0.0,-0.02,-0.01,-0.13,-0.44,0.06,0.43,-0.51,0.16,9.506,9.692,8.917,9.015,10.01,9.71,11.87,11.48,-0.003,-0.004,-0.004,0.0,0.0,-80.306403,26.9209522,701.15
-10.8,3.6,0.0,-0.02,-0.0,-0.08,-0.13,-0.0,0.35,-0.51,0.15,9.467,9.624,8.917,8.937,10.1,9.52,11.87,11.38,-0.003,-0.004,-0.004,0.0,-0.0,-80.306403,26.9209522,701.2
-10.8,3.7,0.0,-0.02,-0.04,-0.08,-0.37,-0.08,-0.36,-0.51,0.15,9.457,9.673,8.966,9.055,10.3,9.71,11.77,11.67,-0.003,-0.004,-0.004,0.0,-0.0,-80.306403,26.9209522,701.25
-10.8,3.6,0.0,-0.03,-0.01,-0.07,-0.05,0.05,0.3,-0.51,0.15,9.565,9.702,8.966,9.025,10.5,9.81,11.77,11.58,-0.003,-0.004,-0.004,0.0,-0.0,-80.306403,26.9209522,701.3
-10.8,3.6,0.0,-0.03,-0.02,-0.11,0.15,-0.06,-0.05,-0.51,0.14,9.506,9.673,8.907,9.006,10.4,9.71,11.77,11.38,-0.003,-0.004,-0.004,0.0,-0.0,-80.306403,26.9209522,701.35
-10.8,3.6,0.0,-0.03,-0.02,-0.1,-0.04,0.42,0.07,-0.51,0.15,9.516,9.545,8.937,8.986,10.01,9.61,11.77,11.58,-0.003,-0.004,-0.004,0.0,-0.01,-80.306403,26.9209522,701.4
-10.7,3.6,0.0,-0.03,0.01,-0.03,-0.55,0.43,0.09,-0.5,0.15,9.496,9.663,8.976,9.084,10.4,9.71,11.67,11.77,-0.003,-0.004,-0.004,0.0,-0.01,-80.306403,26.9209522,701.45
-10.8,3.6,0.0,-0.01,-0.01,-0.05,-0.13,-0.07,0.24,-0.5,0.15,9.526,9.673,8.947,8.996,10.3,9.91,11.58,11.58,-0.003,-0.004,-0.004,0.0,0.01,-80.306403,26.9209522,701.5
-10.8,3.6,0.0,-0.0,-0.0,-0.1,-0.28,0.04,-0.01,-0.5,0.14,9.516,9.673,8.917,9.064,10.3,9.61,11.67,11.48,-0.003,-0.004,-0.004,0.0,0.01,-80.306403,26.9209522,701.55
-10.7,3.6,0.0,-0.0,-0.02,-0.1,0.13,-0.08,-0.1,-0.52,0.15,9.516,9.614,8.976,8.986,10.3,10.01,11.97,11.48,-0.003,-0.004,-0.004,0.0,0.0,-80.306403,26.9209522,701.6
-10.8,3.6,0.0,-0.0,-0.03,-0.11,-0.0,0.4,0.12,-0.5,0.15,9.496,9.673,8.898,8.986,10.2,9.91,11.77,11.67,-0.003,-0.004,-0.004,0.0,0.0,-80.306403,26.9209522,701.65
-10.8,3.6,0.0,-0.0,-0.03,-0.07,0.28,-0.28,-0.25,-0.51,0.14,9.516,9.682,8.957,8.996,10.1,9.71,11.58,11.28,-0.003,-0.004,-0.004,0.0,0.0,-80.306403,26.9209522,701.7
-10.8,3.6,0.0,-0.0,-0.01,-0.07,0.09,0.1,0.07,-0.51,0.14,9.476,9.663,8.927,8.996,10.3,9.81,11.67,11.28,-0.003,-0.004,-0.004,0.0,0.0,-80.306403,26.9209522,701.75
-10.8,3.6,0.0,0.0,-0.02,-0.08,-0.07,-0.11,0.16,-0.5,0.16,9.516,9.653,8.947,8.996,10.1,9.52,11.97,11.77,-0.003,-0.004,-0.004,0.0,0.0,-80.3064031,26.9209523,701.8
-10.8,3.6,0.0,0.0,-0.01,-0.11,0.17,0.03,0.34,-0.5,0.16,9.516,9.682,8.937,8.996,10.3,9.81,12.07,11.28,-0.003,-0.004,-0.004,0.0,0.0,-80.3064031,26.9209523,701.85
-10.8,3.6,0.0,0.0,-0.03,-0.08,-0.11,-0.24,-0.13,-0.51,0.15,9.476,9.624,8.937,8.986,10.4,9.61,11.77,11.38,-0.003,-0.004,-0.004,0.0,0.0,-80.3064031,26.9209523,701.9
-10.7,3.6,0.0,0.0,-0.01,-0.08,-0.07,0.13,-0.14,-0.5,0.16,9.496,9.633,8.966,9.035,10.2,9.91,11.87,11.48,-0.003,-0.004,-0.004,0.0,0.0,-80.3064031,26.9209523,701.95
-10.8,3.6,0.0,0.01,-0.02,-0.08,0.04,0.1,-0.06,-0.5,0.17,9.526,9.682,8.927,8.996,10.3,9.71,11.58,11.58,-0.003,-0.004,-0.004,0.0,0.0,-80.3064031,26.9209523,702.0
-10.7,3.6,0.0,0.01,-0.0,-0.11,-0.06,-0.2,0.29,-0.5,0.16,9.506,9.653,8.966,9.025,10.2,9.71,11.77,11.48,-0.003,-0.004,-0.004,0.0,-0.0,-80.3064031,26.9209523,702.05
-10.8,3.6,0.0,0.01,-0.03,-0.08,0.2,0.04,0.08,-0.51,0.17,9.496,9.653,8.937,8.986,10.5,9.81,11.77,11.38,-0.003,-0.004,-0.004,0.0,-0.0,-80.3064031,26.9209522,702.1
-10.7,3.6,0.0,0.01,0.02,-0.11,-0.12,-0.1,0.34,-0.5,0.16,9.516,9.643,8.937,8.996,10.4,9.81,11.77,11.38,-0.003,-0.004,-0.004,0.0,-0.0,-80.3064031,26.9209522,702.15
-10.8,3.6,0.0,0.01,-0.03,-0.03,0.23,-0.28,0.11,-0.51,0.15,9.486,9.673,8.937,9.035,10.01,9.71,11.77,11.58,-0.003,-0.004,-0.004,0.0,-0.0,-80.3064031,26.9209522,702.2
-10.8,3.6,0.0,0.01,0.0,-0.07,-0.29,0.15,0.09,-0.49,0.16,9.496,9.653,8.937,9.025,10.2,9.61,11.87,11.48,-0.003,-0.004,-0.004,0.0,-0.0,-80.3064031,26.9209523,702.25
-10.9,3.7,0.0,0.01,-0.0,-0.1,-0.26,0.01,-0.19,-0.52,0.16,9.526,9.663,8.937,8.986,10.2,9.81,11.97,11.48,-0.003,-0.004,-0.004,0.0,-0.0,-80.3064031,26.9209522,702.3
-10.8,3.6,0.0,0.02,-0.01,-0.11,-0.37,0.31,-0.52,-0.55,0.17,9.506,9.633,8.966,8.976,10.4,9.91,11.97,11.48,-0.003,-0.004,-0.004,0.0,-0.0,-80.3064031,26.9209522,702.35
-10.8,3.6,0.0,-0.0,0.01,-0.1,0.26,0.19,0.32,-0.57,0.18,9.486,9.663,8.947,9.006,10.2,9.61,11.67,11.38,-0.003,-0.004,-0.004,0.0,0.0,-80.3064031,26.9209522,702.4
-10.8,3.6,0.0,0.0,-0.01,-0.08,0.49,0.05,0.17,-0.49,0.15,9.476,9.682,8.947,9.045,10.3,9.81,11.77,11.48,-0.003,-0.004,-0.004,0.0,-0.0,-80.3064031,26.9209522,702.45
-10.8,3.6,0.0,0.0,-0.01,-0.07,0.05,0.01,0.1,-0.48,0.14,9.506,9.692,8.966,9.015,10.3,9.81,11.67,11.67,-0.003,-0.004,-0.004,0.0,-0.0,-80.3064031,26.9209522,702.5
-10.8,3.6,0.0,0.01,-0.01,-0.08,0.15,-0.06,0.21,-0.46,0.13,9.496,9.692,8.976,9.035,10.4,9.71,11.77,11.28,-0.003,-0.004,-0.004,0.0,-0.0,-80.3064032,26.9209522,702.55
-10.8,3.7,0.0,0.01,-0.01,-0.09,0.06,-0.02,-0.07,-0.5,0.15,9.526,9.633,8.947,8.976,10.2,9.61,11.67,11.58,-0.003,-0.004,-0.004,0.0,-0.0,-80.3064032,26.9209522,702.6
-10.7,3.6,0.0,0.01,0.0,-0.12,-0.25,-0.01,0.03,-0.49,0.15,9.506,9.673,8.937,9.045,10.1,9.71,11.97,11.48,-0.003,-0.004,-0.004,0.0,-0.0,-80.3064032,26.9209522,702.65
-10.8,3.6,0.0,0.01,-0.02,-0.05,-0.15,-0.18,0.11,-0.49,0.15,9.496,9.653,8.947,8.996,10.1,9.61,11.67,11.38,-0.003,-0.004,-0.004,0.0,-0.0,-80.3064032,26.9209522,702.7
-10.8,3.6,0.0,0.01,-0.01,-0.06,-0.06,-0.32,-0.58,-0.48,0.15,9.486,9.663,8.937,9.035,10.3,9.91,11.58,11.38,-0.003,-0.004,-0.004,0.0,-0.0,-80.3064032,26.9209522,702.75
-10.8,3.6,0.0,0.01,-0.02,-0.07,0.15,0.01,-0.06,-0.47,0.15,9.506,9.653,8.957,9.015,10.3,10.01,11.97,11.18,-0.003,-0.004,-0.004,0.0,-0.0,-80.3064032,26.9209522,702.8
-10.8,3.6,0.0,0.02,-0.01,-0.09,-0.14,0.31,-0.18,-0.46,0.15,9.486,9.682,8.957,9.015,10.2,10.01,11.77,11.48,-0.003,-0.004,-0.004,0.0,-0.01,-80.3064032,26.9209522,702.85
-10.8,3.6,0.0,0.02,-0.01,-0.09,0.01,0.05,0.05,-0.5,0.16,9.496,9.663,8.957,9.025,10.3,9.91,11.77,11.48,-0.003,-0.004,-0.004,0.0,-0.01,-80.3064033,26.9209522,702.9
-10.8,3.6,0.0,0.01,0.0,-0.09,-0.31,0.1,-0.17,-0.5,0.16,9.486,9.682,8.947,9.025,10.3,9.71,11.67,11.58,-0.003,-0.004,-0.004,0.0,-0.01,-80.3064033,26.9209522,702.95
-10.8,3.6,0.0,0.01,-0.02,-0.08,0.28,-0.09,0.2,-0.49,0.15,9.516,9.673,8.986,9.006,10.1,9.81,11.87,11.58,-0.003,-0.004,-0.004,0.0,-0.01,-80.3064033,26.9209522,703.0
-10.7,3.6,0.0,0.01,0.01,-0.1,0.03,0.01,0.36,-0.49,0.17,9.506,9.663,8.947,9.035,10.3,9.71,11.67,11.58,-0.003,-0.004,-0.004,0.0,0.0,-80.3064033,26.9209522,703.05
-10.8,3.6,0.0,0.01,-0.0,-0.1,0.18,0.06,0.19,-0.49,0.18,9.476,9.663,8.966,9.006,10.2,9.91,11.58,11.58,-0.003,-0.004,-0.004,0.0,0.0,-80.3064033,26.9209522,703.1
-10.8,3.6,0.0,0.01,0.0,-0.08,-0.02,-0.04,0.22,-0.49,0.15,9.506,9.653,8.957,9.006,10.2,9.71,11.77,11.18,-0.003,-0.004,-0.004,0.0,0.0,-80.3064033,26.9209522,703.15
-10.8,3.6,0.0,0.02,-0.0,-0.08,-0.2,0.33,-0.28,-0.49,0.16,9.496,9.653,8.937,9.015,10.3,9.61,11.77,11.58,-0.003,-0.004,-0.004,0.0,0.0,-80.3064033,26.9209522,703.2
-10.8,3.6,0.0,0.02,-0.02,-0.08,0.23,-0.09,-0.21,-0.49,0.16,9.496,9.673,8.937,9.025,10.1,9.81,11.77,11.38,-0.003,-0.004,-0.004,0.0,0.0,-80.3064034,26.9209522,703.25
-10.8,3.6,0.0,0.02,-0.01,-0.08,0.23,0.03,-0.0,-0.5,0.18,9.496,9.682,8.927,9.025,10.3,9.81,11.58,11.67,-0.003,-0.004,-0.004,0.0,0.0,-80.3064034,26.9209522,703.3
-10.8,3.6,0.0,0.02,-0.01,-0.07,-0.0,0.03,0.16,-0.51,0.21,9.516,9.653,8.957,9.006,10.3,9.81,11.87,11.77,-0.003,-0.004,-0.004,0.0,0.0,-80.3064034,26.9209522,703.35
-10.8,3.7,0.0,0.02,0.0,-0.1,0.33,0.1,-0.03,-0.49,0.16,9.506,9.663,8.898,8.966,10.1,9.52,11.77,11.87,-0.003,-0.004,-0.004,0.0,0.0,-80.3064034,26.9209522,703.4
-10.7,3.6,0.0,0.02,-0.0,-0.11,-0.43,0.08,0.14,-0.5,0.18,9.516,9.692,8.957,9.006,10.3,9.81,11.67,11.28,-0.003,-0.004,-0.004,0.0,-0.01,-80.3064034,26.9209522,703.45
-10.8,3.6,0.0,0.02,-0.01,-0.06,-0.2,-0.22,-0.09,-0.5,0.19,9.535,9.653,8.996,8.986,10.3,9.71,11.87,11.38,-0.003,-0.004,-0.004,0.0,-0.01,-80.3064035,26.9209522,703.5
-10.7,3.6,0.0,0.02,-0.01,-0.08,-0.04,0.08,-0.16,-0.49,0.17,9.486,9.663,8.937,9.025,10.3,9.61,11.67,11.28,-0.003,-0.004,-0.004,0.0,-0.01,-80.3064035,26.9209522,703.55
-10.7,3.6,0.0,0.03,-0.02,-0.09,0.16,-0.27,0.32,-0.48,0.17,9.526,9.653,8.907,8.966,10.2,9.81,11.97,11.58,-0.003,-0.004,-0.004,0.0,-0.01,-80.3064035,26.9209522,703.6
-10.7,3.6,0.0,0.03,-0.01,-0.08,-0.22,-0.3,0.18,-0.51,0.17,9.526,9.633,8.957,9.006,10.01,9.71,11.58,11.38,-0.003,-0.004,-0.004,0.0,-0.01,-80.3064035,26.9209522,703.65
-10.7,3.6,0.0,0.03,-0.02,-0.1,0.04,0.14,0.12,-0.49,0.18,9.516,9.673,8.986,8.996,10.3,9.81,11.38,11.38,-0.003,-0.004,-0.004,0.0,-0.01,-80.3064036,26.9209522,703.7
-10.7,3.6,0.0,0.03,-0.02,-0.09,-0.14,0.22,0.06,-0.49,0.18,9.496,9.682,8.947,9.025,10.3,9.71,11.77,11.38,-0.003,-0.004,-0.004,0.0,-0.01,-80.3064036,26.9209522,703.75
-10.7,3.6,0.0,0.03,-0.03,-0.08,0.17,0.2,0.05,-0.48,0.19,9.516,9.663,8.917,9.006,10.2,9.81,11.77,11.38,-0.003,-0.004,-0.004,0.0,-0.01,-80.3064036,26.9209522,703.8
-10.7,3.6,0.0,0.03,-0.01,-0.1,-0.1,-0.01,0.42,-0.49,0.19,9.486,9.682,8.976,9.035,10.2,9.81,11.77,11.18,-0.003,-0.004,-0.004,0.0,-0.01,-80.3064036,26.9209522,703.85
-10.7,3.6,0.0,0.04,-0.04,-0.07,0.05,-0.2,0.28,-0.49,0.18,9.516,9.663,8.996,9.006,10.1,10.01,11.87,11.28,-0.003,-0.004,-0.004,0.0,-0.02,-80.3064037,26.9209522,703.9
-10.7,3.6,0.0,0.04,-0.02,-0.09,-0.1,0.19,-0.36,-0.49,0.19,9.526,9.673,8.947,9.015,10.3,9.81,11.87,11.28,-0.003,-0.004,-0.004,0.0,-0.02,-80.3064037,26.9209522,703.95
-10.7,3.6,0.0,0.04,-0.04,-0.07,0.02,0.23,-0.37,-0.48,0.19,9.496,9.663,8.976,8.996,10.01,9.71,11.67,11.48,-0.003,-0.004,-0.004,0.0,-0.02,-80.3064037,26.9209521,704.0
-10.7,3.6,0.0,0.04,-0.03,-0.09,-0.02,0.01,0.19,-0.46,0.19,9.516,9.673,8.927,9.025,10.1,9.91,11.87,11.48,-0.003,-0.004,-0.004,0.0,-0.02,-80.3064037,26.9209521,704.05
-10.7,3.6,0.0,0.04,-0.04,-0.06,0.25,-0.08,0.21,-0.45,0.2,9.526,9.663,8.937,9.006,10.1,9.71,11.77,11.58,-0.003,-0.004,-0.004,0.0,-0.02,-80.3064037,26.9209521,704.1
-10.7,3.6,0.0,0.04,-0.04,-0.08,-0.21,0.17,-0.19,-0.44,0.2,9.506,9.682,8.947,9.006,10.1,9.61,11.67,11.58,-0.003,-0.004,-0.004,0.0,-0.02,-80.3064038,26.9209521,704.15
-10.7,3.6,0.0,0.04,-0.04,-0.09,-0.13,-0.56,0.28,-0.5,0.2,9.516,9.663,8.966,8.996,10.1,9.42,11.67,11.58,-0.003,-0.004,-0.004,0.0,-0.02,-80.3064038,26.9209521,704.2
-10.7,3.6,0.0,0.05,-0.05,-0.09,-0.1,-0.06,-0.05,-0.49,0.17,9.506,9.673,8.917,8.986,10.5,9.52,11.87,11.77,-0.003,-0.004,-0.004,0.0,-0.02,-80.3064038,26.9209521,704.25
-10.7,3.6,0.0,0.05,-0.06,-0.08,0.2,-0.04,-0.16,-0.49,0.18,9.516,9.663,8.937,9.006,10.3,9.91,11.77,11.67,-0.003,-0.004,-0.004,0.0,-0.02,-80.3064038,26.9209521,704.3
-10.7,3.6,0.0,0.05,-0.05,-0.07,-0.36,-0.03,-0.09,-0.5,0.2,9.496,9.663,8.957,9.015,10.2,9.71,11.67,11.58,-0.003,-0.004,-0.004,0.0,-0.03,-80.3064039,26.9209521,704.35
-10.7,3.6,0.0,0.05,-0.05,-0.09,-0.17,0.05,0.33,-0.49,0.19,9.506,9.692,8.947,8.996,10.2,9.71,11.87,11.38,-0.003,-0.004,-0.004,0.0,-0.03,-80.3064039,26.9209521,704.4
-10.7,3.6,0.0,0.05,-0.05,-0.09,-0.09,-0.12,-0.12,-0.5,0.2,9.535,9.682,8.937,8.986,10.3,9.91,11.77,11.38,-0.003,-0.004,-0.004,0.0,-0.03,-80.3064039,26.9209521,704.45
-10.7,3.6,0.0,0.02,-0.07,-0.08,-0.12,0.04,0.11,-0.5,0.2,9.506,9.702,8.957,8.976,10.3,9.71,11.77,11.58,-0.003,-0.004,-0.004,0.0,-0.01,-80.3064039,26.9209521,704.5
-10.7,3.6,0.0,0.02,-0.04,-0.08,-0.28,0.14,0.16,-0.5,0.21,9.516,9.663,8.947,9.015,10.3,9.52,11.67,11.58,-0.003,-0.004,-0.004,0.0,-0.01,-80.3064039,26.9209521,704.55
-10.7,3.6,0.0,0.01,-0.07,-0.08,0.09,0.24,-0.29,-0.51,0.23,9.516,9.663,8.957,9.006,10.3,9.81,11.67,11.38,-0.003,-0.004,-0.004,0.0,-0.01,-80.3064039,26.9209521,704.6
-10.7,3.6,0.0,0.01,-0.07,-0.09,0.11,-0.35,-0.19,-0.5,0.19,9.535,9.663,8.966,9.006,10.1,9.71,11.87,11.87,-0.003,-0.004,-0.004,0.0,-0.01,-80.306404,26.9209521,704.65
-10.7,3.6,0.0,0.01,-0.07,-0.07,-0.02,-0.36,-0.29,-0.49,0.19,9.496,9.673,8.937,9.006,10.01,9.71,11.87,11.38,-0.003,-0.004,-0.004,0.0,-0.0,-80.306404,26.9209521,704.7
-10.7,3.6,0.0,0.0,-0.07,-0.08,0.2,0.05,-0.06,-0.49,0.19,9.496,9.663,8.966,9.006,10.2,9.81,11.58,11.67,-0.003,-0.004,-0.004,0.0,-0.0,-80.306404,26.9209521,704.75
-10.7,3.6,0.0,0.0,-0.06,-0.09,-0.04,-0.21,0.37,-0.49,0.19,9.526,9.663,8.957,9.006,10.3,9.71,11.67,11.67,-0.003,-0.004,-0.004,0.0,-0.0,-80.306404,26.9209521,704.8
-10.6,3.6,0.0,0.0,-0.06,-0.1,0.15,-0.01,0.04,-0.49,0.18,9.496,9.673,8.957,8.996,10.2,9.81,11.77,11.58,-0.003,-0.004,-0.004,0.0,-0.0,-80.306404,26.9209521,704.85
-10.7,3.6,0.0,0.0,-0.07,-0.11,0.04,0.06,0.13,-0.5,0.19,9.526,9.712,8.927,9.015,10.3,9.81,11.87,11.58,-0.003,-0.004,-0.004,0.0,-0.0,-80.306404,26.9209521,704.9
-10.6,3.6,0.0,-0.0,-0.04,-0.02,0.14,0.43,-0.03,-0.48,0.19,9.526,9.682,8.976,9.035,10.3,9.81,11.87,11.38,-0.003,-0.004,-0.004,0.0,-0.0,-80.306404,26.9209521,704.95
-10.7,3.6,0.0,-0.0,-0.04,-0.11,-0.07,-0.64,0.0,-0.5,0.19,9.506,9.643,8.917,8.986,10.2,9.81,11.58,11.58,-0.003,-0.004,-0.004,0.0,-0.0,-80.306404,26.9209521,705.0
-10.6,3.6,0.0,-0.0,-0.06,-0.11,0.15,-0.27,0.01,-0.5,0.2,9.506,9.663,8.937,9.006,10.3,9.71,11.67,11.38,-0.003,-0.004,-0.004,0.0,-0.0,-80.306404,26.9209521,705.05
-10.7,3.6,0.0,0.0,-0.05,-0.09,-0.08,0.03,-0.33,-0.48,0.19,9.526,9.682,8.927,9.015,10.3,9.71,11.38,11.48,-0.003,-0.004,-0.004,0.0,-0.01,-80.306404,26.920952,705.1
-10.7,3.6,0.0,-0.01,-0.05,-0.07,0.02,0.09,0.41,-0.5,0.2,9.496,9.673,8.927,8.976,10.4,9.61,11.67,12.07,-0.003,-0.004,-0.004,0.0,-0.01,-80.306404,26.920952,705.15
-10.7,3.6,0.0,-0.01,-0.03,-0.04,-0.11,-0.38,0.55,-0.5,0.21,9.447,9.673,8.927,9.015,10.5,9.81,11.77,11.38,-0.003,-0.004,-0.004,0.0,-0.01,-80.306404,26.920952,705.2
-10.7,3.6,0.0,0.0,-0.01,-0.07,0.09,-0.14,-0.01,-0.49,0.19,9.486,9.663,8.957,9.006,10.3,9.61,12.07,11.28,-0.003,-0.004,-0.004,0.0,0.0,-80.3064041,26.920952,705.25
-10.7,3.6,0.0,0.0,-0.03,-0.11,0.12,0.1,-0.42,-0.49,0.19,9.486,9.692,8.917,8.976,10.1,9.81,11.67,11.58,-0.003,-0.004,-0.004,0.0,0.0,-80.3064041,26.920952,705.3
-10.6,3.6,0.0,0.0,-0.03,-0.1,0.05,0.26,0.28,-0.49,0.21,9.535,9.643,8.966,8.986,10.1,9.52,11.97,11.58,-0.003,-0.004,-0.004,0.0,-0.01,-80.3064041,26.920952,705.35
-10.7,3.6,0.0,0.0,-0.02,-0.09,-0.09,0.11,0.06,-0.48,0.19,9.496,9.692,8.937,9.015,10.2,10.01,11.87,11.58,-0.003,-0.004,-0.004,0.0,-0.01,-80.3064041,26.920952,705.4
-10.6,3.6,0.0,-0.01,-0.04,-0.04,-0.13,-0.22,0.15,-0.49,0.19,9.545,9.673,8.966,8.976,10.01,9.61,11.97,11.48,-0.003,-0.004,-0.004,0.0,-0.01,-80.3064041,26.920952,705.45
-10.7,3.6,0.0,0.0,-0.02,-0.09,-0.2,0.19,0.1,-0.49,0.19,9.467,9.663,8.937,9.006,10.2,9.81,11.77,11.28,-0.003,-0.004,-0.004,0.0,0.0,-80.3064041,26.920952,705.5
-10.7,3.6,0.0,-0.0,-0.04,-0.07,0.37,-0.15,0.11,-0.49,0.19,9.496,9.653,8.966,8.996,10.3,9.71,11.97,11.38,-0.003,-0.004,-0.004,0.0,0.0,-80.3064041,26.920952,705.55
-10.7,3.6,0.0,0.01,-0.02,-0.1,-0.02,-0.22,-0.1,-0.5,0.2,9.506,9.673,8.966,9.006,10.2,9.61,11.77,11.77,-0.003,-0.004,-0.004,0.0,-0.01,-80.3064041,26.920952,705.6
-10.6,3.6,0.0,0.01,-0.01,-0.06,0.12,0.52,-0.46,-0.49,0.19,9.496,9.653,8.947,8.986,10.3,9.81,11.77,11.38,-0.003,-0.004,-0.004,0.0,-0.0,-80.3064041,26.920952,705.65
-10.7,3.6,0.0,0.01,-0.02,-0.09,0.0,-0.1,0.31,-0.5,0.21,9.486,9.614,8.937,9.035,10.3,9.81,11.87,11.28,-0.003,-0.004,-0.004,0.0,-0.0,-80.3064041,26.920952,705.7
-10.6,3.6,0.0,0.01,-0.04,-0.08,-0.01,0.06,-0.11,-0.49,0.21,9.506,9.673,8.957,9.035,10.1,9.71,11.77,11.09,-0.003,-0.004,-0.004,0.0,-0.0,-80.3064041,26.920952,705.75
-10.6,3.6,0.0,0.01,-0.04,-0.05,0.21,0.17,0.29,-0.49,0.21,9.516,9.682,8.976,9.035,10.3,9.52,11.87,11.48,-0.003,-0.004,-0.004,0.0,-0.0,-80.3064041,26.920952,705.8
-10.7,3.6,0.0,0.01,-0.03,-0.1,0.22,-0.1,0.21,-0.5,0.2,9.506,9.653,8.937,9.006,10.3,9.61,11.87,11.38,-0.003,-0.004,-0.004,0.0,-0.0,-80.3064041,26.920952,705.85
-10.7,3.6,0.0,0.01,-0.02,-0.1,-0.11,-0.07,0.23,-0.49,0.21,9.496,9.643,8.947,8.976,10.2,9.91,12.07,11.38,-0.003,-0.004,-0.004,0.0,-0.0,-80.3064041,26.920952,705.9
-10.6,3.6,0.0,0.01,-0.02,-0.1,-0.03,0.37,0.15,-0.5,0.2,9.526,9.673,9.006,9.045,10.2,9.61,11.77,11.48,-0.003,-0.004,-0.004,0.0,-0.0,-80.3064041,26.920952,705.95
-10.7,3.6,0.0,0.02,-0.02,-0.08,-0.26,-0.13,-0.01,-0.5,0.2,9.535,9.692,8.947,9.025,10.3,9.81,11.58,11.48,-0.003,-0.004,-0.004,0.0,-0.0,-80.3064041,26.920952,706.0
-10.6,3.6,0.0,0.02,-0.04,-0.05,0.07,-0.1,-0.16,-0.5,0.2,9.467,9.653,8.937,9.006,10.2,10.01,11.67,11.58,-0.003,-0.004,-0.004,0.0,0.0,-80.3064041,26.920952,706.05
-10.7,3.6,0.0,0.02,-0.02,-0.07,-0.03,0.01,0.09,-0.51,0.2,9.516,9.643,8.966,9.006,10.2,9.81,12.07,11.58,-0.003,-0.004,-0.004,0.0,0.0,-80.3064041,26.920952,706.1
-10.7,3.6,0.0,0.02,-0.04,-0.09,0.33,-0.09,-0.08,-0.5,0.2,9.506,9.673,8.917,8.996,10.3,9.81,11.87,11.38,-0.003,-0.004,-0.004,0.0,0.0,-80.3064041,26.920952,706.15
-10.7,3.7,0.0,0.02,-0.02,-0.1,-0.23,0.0,0.05,-0.5,0.2,9.535,9.653,8.957,8.986,10.4,9.81,11.87,11.77,-0.003,-0.004,-0.004,0.0,0.0,-80.3064041,26.920952,706.2
-10.7,3.6,0.0,0.02,-0.03,-0.11,-0.26,0.17,0.46,-0.5,0.21,9.506,9.663,8.947,9.015,9.71,9.91,11.58,11.38,-0.003,-0.004,-0.004,0.0,0.0,-80.3064041,26.9209519,706.25
-10.7,3.6,0.0,0.02,-0.04,-0.05,0.3,-0.01,0.45,-0.49,0.19,9.486,9.663,8.937,9.035,10.3,9.61,11.77,11.38,-0.003,-0.004,-0.004,0.0,0.01,-80.3064041,26.9209519,706.3
-10.6,3.6,0.0,0.02,0.0,-0.07,-0.35,0.34,-0.13,-0.5,0.2,9.486,9.663,8.907,9.006,10.2,9.71,11.58,11.58,-0.003,-0.004,-0.004,0.0,0.01,-80.3064041,26.9209519,706.35
-10.6,3.6,0.0,0.03,-0.02,-0.06,-0.18,0.1,-0.24,-0.49,0.2,9.516,9.633,8.898,8.986,10.3,9.91,11.77,11.38,-0.003,-0.004,-0.004,0.0,0.01,-80.3064041,26.9209519,706.4
-10.6,3.6,0.0,0.03,-0.03,-0.13,-0.19,-0.05,-0.11,-0.5,0.2,9.516,9.643,8.937,9.006,9.81,9.71,11.67,11.28,-0.003,-0.004,-0.004,0.0,0.01,-80.3064041,26.9209519,706.45
-10.6,3.6,0.0,0.03,-0.04,-0.08,-0.07,-0.07,-0.03,-0.48,0.19,9.535,9.702,8.957,9.064,10.1,9.81,11.67,11.77,-0.003,-0.004,-0.004,0.0,0.01,-80.3064041,26.9209519,706.5
-10.6,3.6,0.0,0.03,-0.03,-0.05,0.08,0.03,-0.0,-0.47,0.18,9.526,9.673,8.937,8.976,10.3,9.71,11.67,11.58,-0.003,-0.004,-0.004,0.0,0.01,-80.3064041,26.9209519,706.55
-10.7,3.6,0.0,0.03,-0.03,-0.09,0.39,0.01,-0.12,-0.5,0.2,9.486,9.653,8.888,8.996,10.3,9.91,12.07,11.38,-0.003,-0.004,-0.004,0.0,0.01,-80.3064042,26.9209519,706.6
-10.6,3.6,0.0,0.03,-0.03,-0.1,-0.3,0.06,0.2,-0.49,0.19,9.516,9.663,8.947,8.996,10.01,9.91,11.67,11.48,-0.003,-0.004,-0.004,0.0,0.01,-80.3064042,26.9209519,706.65
-10.6,3.6,0.0,0.03,-0.02,-0.11,-0.07,0.29,-0.2,-0.5,0.2,9.545,9.702,8.966,9.035,10.3,9.71,11.58,11.58,-0.003,-0.004,-0.004,0.0,0.01,-80.3064042,26.9209519,706.7
-10.6,3.6,0.0,0.03,-0.02,-0.08,0.04,-0.17,0.24,-0.49,0.19,9.467,9.653,8.947,8.976,10.2,9.71,11.58,11.58,-0.003,-0.004,-0.004,0.0,0.01,-80.3064042,26.9209519,706.75
-10.6,3.6,0.0,0.03,-0.03,-0.07,-0.09,-0.1,-0.44,-0.47,0.18,9.467,9.624,8.937,8.996,9.91,9.91,11.58,11.87,-0.003,-0.004,-0.004,0.0,0.02,-80.3064042,26.9209519,706.8
-10.6,3.6,0.0,0.04,-0.03,-0.08,-0.16,0.05,-0.23,-0.46,0.17,9.496,9.692,8.976,9.025,10.3,9.61,12.07,11.77,-0.003,-0.004,-0.004,0.0,0.02,-80.3064042,26.9209519,706.85
-10.6,3.6,0.0,0.04,-0.01,-0.09,-0.1,0.28,0.3,-0.44,0.16,9.535,9.653,8.937,8.966,10.5,9.91,11.48,11.38,-0.003,-0.004,-0.004,0.0,0.02,-80.3064042,26.9209519,706.9
-10.6,3.6,0.0,0.04,-0.01,-0.12,-0.22,0.09,0.04,-0.5,0.2,9.486,9.663,8.937,9.025,10.2,9.81,11.48,11.58,-0.003,-0.004,-0.004,0.0,0.02,-80.3064042,26.9209519,706.95
-10.6,3.6,0.0,0.04,-0.04,-0.08,0.23,-0.25,0.17,-0.51,0.21,9.506,9.663,8.966,8.966,10.2,9.81,11.97,11.09,-0.003,-0.004,-0.004,0.0,0.02,-80.3064042,26.9209518,707.0
-10.6,3.6,0.0,0.04,-0.01,-0.07,-0.34,0.24,0.21,-0.49,0.21,9.516,9.692,8.947,9.045,10.1,10.01,11.28,11.28,-0.003,-0.004,-0.004,0.0,0.02,-80.3064042,26.9209518,707.05
-10.6,3.6,0.0,0.01,-0.04,-0.08,0.16,-0.22,0.45,-0.5,0.22,9.516,9.653,8.966,9.006,10.2,9.81,11.58,11.58,-0.003,-0.004,-0.004,0.0,0.0,-80.3064042,26.9209518,707.1
-10.6,3.6,0.0,0.01,-0.04,-0.09,0.03,0.16,0.02,-0.51,0.22,9.516,9.663,8.976,9.006,10.3,9.52,11.77,11.28,-0.003,-0.004,-0.004,0.0,0.0,-80.3064042,26.9209518,707.15
-10.6,3.6,0.0,0.01,-0.02,-0.1,-0.17,0.13,0.14,-0.52,0.23,9.496,9.663,8.937,8.976,10.2,9.61,11.77,11.58,-0.003,-0.004,-0.004,0.0,-0.01,-80.3064042,26.9209518,707.2
-10.6,3.6,0.0,0.01,-0.03,-0.09,-0.08,-0.13,0.11,-0.53,0.25,9.526,9.682,8.957,9.025,10.1,9.81,11.48,11.48,-0.003,-0.004,-0.004,0.0,-0.01,-80.3064042,26.9209518,707.25
-10.6,3.6,0.0,0.01,-0.03,-0.07,0.04,0.06,0.13,-0.53,0.26,9.506,9.663,8.917,8.976,10.2,9.81,11.77,11.58,-0.003,-0.004,-0.004,0.0,-0.01,-80.3064042,26.9209518,707.3
-10.6,3.6,0.0,0.01,-0.03,-0.07,0.14,0.04,-0.25,-0.54,0.27,9.496,9.673,8.966,9.045,10.4,9.61,11.87,11.67,-0.003,-0.004,-0.004,0.0,0.0,-80.3064042,26.9209518,707.35
-10.6,3.6,0.0,0.01,-0.03,-0.1,0.13,0.17,-0.09,-0.49,0.21,9.526,9.682,8.937,8.996,10.1,9.81,11.77,11.67,-0.003,-0.004,-0.004,0.0,0.0,-80.3064042,26.9209518,707.4
-10.6,3.6,0.0,0.01,-0.03,-0.1,-0.01,0.14,-0.06,-0.51,0.22,9.506,9.663,8.927,8.986,10.5,9.81,11.77,11.67,-0.003,-0.004,-0.004,0.0,-0.01,-80.3064042,26.9209518,707.45
-10.6,3.6,0.0,0.01,-0.02,-0.07,-0.0,0.25,-0.02,-0.52,0.23,9.496,9.643,8.957,9.006,10.01,9.71,11.77,11.67,-0.003,-0.004,-0.004,0.0,-0.01,-80.3064042,26.9209518,707.5
-10.6,3.6,0.0,0.01,-0.04,-0.08,0.13,-0.03,0.1,-0.51,0.22,9.535,9.682,9.015,9.064,10.1,9.81,11.77,11.77,-0.003,-0.004,-0.004,0.0,-0.01,-80.3064042,26.9209518,707.55
-10.6,3.6,0.0,0.01,-0.01,-0.06,0.11,0.05,-0.02,-0.5,0.22,9.496,9.663,8.907,9.006,10.4,9.61,12.07,11.58,-0.003,-0.004,-0.004,0.0,0.0,-80.3064042,26.9209518,707.6
-10.6,3.6,0.0,0.01,-0.05,-0.06,-0.07,0.01,-0.48,-0.48,0.22,9.476,9.633,8.947,9.015,10.3,9.91,11.77,11.77,-0.003,-0.004,-0.004,0.0,0.01,-80.3064042,26.9209518,707.65
-10.7,3.7,0.0,0.01,-0.03,-0.14,0.2,-0.21,-0.03,-0.51,0.23,9.496,9.663,8.966,9.006,10.3,10.01,11.67,11.58,-0.003,-0.004,-0.004,0.0,0.01,-80.3064043,26.9209518,707.7
-10.6,3.6,0.0,0.01,-0.04,-0.09,0.3,-0.42,0.1,-0.52,0.25,9.535,9.692,8.957,9.006,10.2,9.71,11.38,11.09,-0.003,-0.004,-0.004,0.0,-0.0,-80.3064043,26.9209518,707.75
-10.6,3.6,0.0,0.01,-0.03,-0.07,0.07,0.27,-0.4,-0.53,0.27,9.526,9.653,8.947,9.025,10.2,9.71,12.07,11.77,-0.003,-0.004,-0.004,0.0,-0.01,-80.3064043,26.9209518,707.8
-10.6,3.6,0.0,0.01,-0.03,-0.07,-0.03,-0.11,0.22,-0.5,0.21,9.437,9.633,8.927,9.035,10.2,9.81,11.87,11.38,-0.003,-0.004,-0.004,0.0,0.0,-80.3064043,26.9209518,707.85
-10.7,3.6,0.0,0.01,-0.03,-0.07,0.16,0.09,0.1,-0.51,0.22,9.506,9.614,8.917,8.957,10.4,9.61,11.67,11.38,-0.003,-0.004,-0.004,0.0,0.01,-80.3064043,26.9209518,707.9
-10.6,3.6,0.0,0.01,-0.03,-0.11,0.39,-0.08,0.08,-0.5,0.21,9.535,9.682,8.976,9.055,10.3,9.91,11.87,11.58,-0.003,-0.004,-0.004,0.0,0.01,-80.3064043,26.9209518,707.95
-10.7,3.6,0.0,0.01,-0.01,-0.1,0.25,0.32,0.45,-0.51,0.22,9.506,9.643,8.966,9.006,10.3,9.81,11.77,11.28,-0.003,-0.004,-0.004,0.0,0.01,-80.3064043,26.9209518,708.0
-10.6,3.6,0.0,0.01,-0.01,-0.11,-0.21,0.07,0.2,-0.51,0.23,9.486,9.673,8.957,9.006,10.59,9.81,11.77,11.58,-0.003,-0.004,-0.004,0.0,0.01,-80.3064043,26.9209518,708.05
-10.7,3.7,0.0,0.01,-0.04,-0.07,0.05,0.22,-0.2,-0.52,0.25,9.526,9.663,8.947,9.035,10.3,9.81,11.77,11.58,-0.003,-0.004,-0.004,0.0,0.02,-80.3064043,26.9209518,708.1
-10.6,3.6,0.0,0.01,-0.04,-0.05,0.08,-0.18,0.04,-0.5,0.22,9.506,9.712,8.937,9.035,10.1,9.81,11.77,11.58,-0.003,-0.004,-0.004,0.0,0.02,-80.3064043,26.9209518,708.15
-10.6,3.6,0.0,0.01,-0.03,-0.02,0.01,0.33,-0.51,-0.5,0.21,9.535,9.633,8.947,9.015,10.4,9.81,11.77,11.58,-0.003,-0.004,-0.004,0.0,0.0,-80.3064043,26.9209518,708.2
-10.6,3.6,0.0,0.01,0.01,-0.14,0.11,-0.18,0.19,-0.49,0.21,9.496,9.584,9.143,9.035,10.3,9.71,11.87,10.99,-0.003,-0.004,-0.004,0.0,0.0,-80.3064043,26.9209518,708.25
-10.6,3.6,0.0,0.02,0.07,0.03,0.29,0.12,-0.41,-0.49,0.23,9.663,9.535,9.251,8.986,10.3,9.81,11.87,11.38,-0.003,-0.004,-0.004,0.0,-0.0,-80.3064043,26.9209518,708.3
-10.6,3.6,0.0,0.02,-0.04,-0.06,0.01,-0.31,-0.11,-0.51,0.22,9.329,9.663,8.731,8.858,10.1,9.91,11.38,11.38,-0.003,-0.004,-0.004,0.0,-0.01,-80.3064043,26.9209518,708.35
-10.6,3.6,0.0,0.01,-0.07,0.12,0.26,-0.05,-0.02,-0.51,0.21,9.535,9.457,9.202,8.966,10.01,9.61,12.36,11.28,-0.003,-0.004,-0.004,0.0,0.01,-80.3064043,26.9209518,708.4
-10.6,3.6,0.0,0.01,-0.06,-0.21,-0.02,0.2,0.09,-0.49,0.21,9.418,9.947,8.809,9.045,10.3,9.91,11.87,11.77,-0.003,-0.004,-0.004,0.0,0.02,-80.3064043,26.9209518,708.45
-10.6,3.6,0.0,0.01,-0.06,-0.13,0.03,-1.01,0.37,-0.53,0.23,9.653,9.584,9.123,8.849,10.2,9.71,12.07,11.87,-0.004,-0.004,-0.004,0.0,-0.0,-80.3064043,26.9209518,708.5
-10.6,3.6,0.0,0.01,-0.02,-0.14,0.02,0.51,0.22,-0.52,0.22,9.437,9.732,8.907,9.025,10.01,9.91,11.87,11.58,-0.004,-0.004,-0.004,0.0,0.0,-80.3064043,26.9209518,708.55
-10.6,3.6,0.0,0.02,-0.03,-0.16,0.0,-0.25,0.04,-0.5,0.22,9.457,9.663,8.711,8.898,10.4,10.01,11.58,11.38,-0.004,-0.004,-0.004,0.0,-0.02,-80.3064043,26.9209518,708.6
-10.6,3.6,0.0,0.01,-0.02,0.03,0.01,0.24,-0.3,-0.54,0.23,9.486,9.663,8.996,9.006,10.3,9.81,11.97,11.58,-0.004,-0.004,-0.004,0.0,0.01,-80.3064043,26.9209518,708.65
-10.7,3.7,0.0,0.01,-0.03,-0.1,-0.22,-0.16,0.25,-0.49,0.23,9.408,9.761,8.976,9.143,10.3,9.81,11.77,11.87,-0.004,-0.004,-0.004,0.0,0.01,-80.3064043,26.9209518,708.7
-10.6,3.7,0.0,0.01,-0.01,-0.05,-0.04,-0.66,0.4,-0.53,0.23,9.594,9.604,8.947,8.849,10.2,9.61,11.58,11.58,-0.004,-0.004,-0.004,0.0,0.02,-80.3064043,26.9209518,708.75
-10.6,3.6,0.0,0.01,-0.03,-0.14,0.06,0.28,-0.39,-0.51,0.22,9.467,9.673,8.917,9.035,10.3,10.1,11.58,11.58,-0.004,-0.004,-0.004,0.0,0.03,-80.3064043,26.9209518,708.8
-10.6,3.6,0.0,0.01,-0.03,-0.1,-0.13,-0.12,0.02,-0.53,0.22,9.526,9.633,8.976,8.996,10.3,9.81,12.16,11.48,-0.004,-0.004,-0.004,0.0,0.04,-80.3064043,26.9209518,708.85
-10.6,3.7,0.0,0.01,-0.05,-0.1,0.07,0.1,-0.14,-0.54,0.21,9.516,9.732,8.878,8.957,10.1,10.1,11.58,11.58,-0.004,-0.004,-0.004,0.0,0.05,-80.3064043,26.9209518,708.9
-10.6,3.6,0.0,0.01,-0.05,-0.04,0.03,-0.44,0.02,-0.53,0.22,9.506,9.643,8.966,9.035,10.5,9.61,11.87,11.58,-0.004,-0.004,-0.004,0.0,0.06,-80.3064043,26.9209518,708.95
-10.6,3.7,0.0,0.02,-0.02,-0.09,0.05,-0.05,-0.36,-0.52,0.21,9.526,9.663,8.917,8.966,10.3,9.71,11.38,11.48,-0.004,-0.004,-0.004,0.0,0.07,-80.3064043,26.9209518,709.0
-10.6,3.6,0.0,0.01,-0.01,-0.09,0.02,0.11,-0.12,-0.5,0.22,9.516,9.702,8.966,9.006,10.2,9.81,11.87,11.28,-0.004,-0.004,-0.004,0.0,0.08,-80.3064043,26.9209518,709.05
-10.7,3.7,0.0,0.02,-0.05,-0.1,-0.18,-0.11,-0.38,-0.51,0.21,9.496,9.682,8.927,8.976,10.1,9.61,12.07,11.67,-0.004,-0.004,-0.004,0.0,0.08,-80.3064043,26.9209518,709.1
-10.6,3.6,0.0,0.02,-0.03,-0.07,-0.04,-0.21,-0.45,-0.51,0.21,9.476,9.653,8.927,9.015,10.3,9.61,11.67,11.38,-0.004,-0.004,-0.004,0.0,0.09,-80.3064043,26.9209518,709.15
-10.6,3.6,0.0,0.02,-0.03,-0.02,0.02,-0.22,-0.2,-0.53,0.22,9.526,9.663,8.957,8.966,10.2,9.61,12.07,11.48,-0.004,-0.004,-0.004,0.0,0.1,-80.3064043,26.9209518,709.2
-10.6,3.6,0.0,0.02,-0.06,-0.15,0.18,-0.38,0.34,-0.5,0.22,9.506,9.712,8.957,9.035,10.3,10.01,11.77,11.58,-0.004,-0.004,-0.004,0.0,0.11,-80.3064043,26.9209518,709.25
-10.6,3.6,0.0,0.02,-0.06,-0.08,-0.26,0.05,-0.35,-0.53,0.21,9.506,9.653,8.966,8.966,10.5,10.01,11.87,11.67,-0.004,-0.004,-0.004,0.0,0.12,-80.3064043,26.9209518,709.3
-10.6,3.6,0.0,0.02,-0.02,-0.14,-0.05,-0.05,-0.02,-0.5,0.22,9.447,9.692,8.937,9.006,10.4,9.81,11.77,11.77,-0.004,-0.004,-0.004,0.0,0.13,-80.3064043,26.9209517,709.35
-10.6,3.6,0.0,0.02,-0.02,-0.07,-0.11,0.26,0.57,-0.51,0.23,9.545,9.624,8.937,8.976,10.3,9.81,11.87,11.38,-0.004,-0.004,-0.004,0.0,0.14,-80.3064043,26.9209518,709.4
-10.6,3.6,0.0,0.02,-0.02,-0.1,0.09,0.15,0.14,-0.51,0.22,9.457,9.702,8.898,9.015,10.3,9.81,11.67,11.58,-0.004,-0.004,-0.004,0.0,0.15,-80.3064043,26.9209518,709.45
-10.6,3.6,0.0,0.02,-0.02,-0.07,-0.1,-0.28,0.14,-0.53,0.22,9.535,9.624,8.888,8.947,10.4,9.91,11.67,11.38,-0.004,-0.004,-0.004,0.0,0.16,-80.3064043,26.9209517,709.5
-10.6,3.6,0.0,0.02,-0.04,-0.08,-0.24,-0.03,-0.15,-0.51,0.22,9.506,9.673,8.888,8.996,10.4,9.61,11.48,11.87,-0.004,-0.004,-0.004,0.0,0.17,-80.3064043,26.9209517,709.55
-10.6,3.7,0.0,0.02,-0.02,-0.12,-0.22,-0.58,0.28,-0.53,0.23,9.535,9.643,8.976,9.006,10.3,9.61,11.87,11.87,-0.004,-0.004,-0.004,0.0,0.17,-80.3064043,26.9209517,709.6
-10.6,3.6,0.0,0.02,-0.05,-0.16,0.06,-0.47,0.15,-0.53,0.22,9.496,9.712,8.888,9.025,10.3,9.61,11.77,11.58,-0.004,-0.004,-0.004,0.0,0.18,-80.3064043,26.9209517,709.65
-10.6,3.6,0.0,0.02,-0.03,-0.08,0.32,-0.19,0.44,-0.52,0.23,9.496,9.682,8.957,8.976,10.2,9.71,11.87,11.58,-0.004,-0.004,-0.004,0.0,0.19,-80.3064043,26.9209517,709.7
-10.6,3.6,0.0,0.02,-0.02,-0.04,0.08,0.44,-0.1,-0.53,0.25,9.476,9.663,8.976,8.996,10.4,9.71,11.87,11.38,-0.004,-0.004,-0.004,0.0,0.2,-80.3064043,26.9209517,709.75
-10.7,3.7,0.0,0.02,-0.03,-0.12,-0.09,-0.26,-0.19,-0.52,0.23,9.526,9.673,8.917,8.966,10.4,9.61,11.87,11.67,-0.004,-0.004,-0.004,0.0,0.21,-80.3064043,26.9209517,709.8
-10.6,3.6,0.0,0.02,-0.03,-0.07,-0.09,-0.2,-0.14,-0.52,0.22,9.496,9.633,8.937,8.986,10.1,9.81,11.77,11.38,-0.004,-0.004,-0.004,0.0,0.22,-80.3064043,26.9209517,709.85
-10.7,3.7,0.0,0.02,-0.02,-0.1,-0.54,0.07,0.29,-0.52,0.23,9.496,9.663,8.937,9.055,10.5,9.71,11.58,11.38,-0.004,-0.004,-0.004,0.0,0.23,-80.3064043,26.9209517,709.9
-10.6,3.6,0.0,0.02,-0.03,-0.08,0.33,0.03,0.15,-0.52,0.22,9.526,9.682,8.976,9.006,10.69,10.01,12.07,11.77,-0.004,-0.004,-0.004,0.0,0.24,-80.3064043,26.9209517,709.95
-10.6,3.7,0.0,0.02,-0.04,-0.08,0.19,0.02,0.16,-0.52,0.23,9.496,9.663,8.898,8.996,9.81,9.81,11.58,11.77,-0.004,-0.004,-0.004,0.0,0.25,-80.3064043,26.9209517,710.0
-10.6,3.6,0.0,0.02,-0.03,-0.07,-0.13,-0.14,-0.14,-0.52,0.23,9.457,9.653,8.966,9.045,10.1,9.52,11.58,11.38,-0.004,-0.004,-0.004,0.0,0.26,-80.3064043,26.9209517,710.05
-10.6,3.6,0.0,0.02,0.01,-0.04,-0.2,0.29,-0.21,-0.51,0.24,9.526,9.663,8.947,8.986,10.1,9.71,11.77,11.67,-0.004,-0.004,-0.004,0.0,0.26,-80.3064043,26.9209517,710.1
-10.6,3.6,0.0,0.02,-0.05,-0.11,0.22,-0.27,-0.22,-0.51,0.24,9.526,9.682,8.947,8.986,10.3,9.71,11.58,11.38,-0.004,-0.004,-0.004,0.0,0.27,-80.3064043,26.9209517,710.15
-10.6,3.6,0.0,0.03,-0.04,-0.11,0.09,0.46,0.2,-0.51,0.25,9.486,9.663,8.957,9.025,10.1,9.81,11.77,11.38,-0.004,-0.004,-0.004,0.0,0.28,-80.3064043,26.9209517,710.2
-10.6,3.6,0.0,0.03,-0.03,-0.05,0.24,-0.16,0.22,-0.51,0.25,9.506,9.702,8.898,8.966,10.4,9.71,11.97,11.58,-0.004,-0.004,-0.004,0.0,0.29,-80.3064043,26.9209517,710.25
-10.6,3.6,0.0,0.03,-0.03,-0.08,0.03,-0.27,0.25,-0.53,0.23,9.535,9.673,8.986,9.006,10.1,10.01,11.67,11.77,-0.004,-0.004,-0.004,0.0,0.3,-80.3064043,26.9209517,710.3
-10.6,3.6,0.0,0.03,-0.01,-0.09,0.12,0.01,-0.06,-0.53,0.24,9.535,9.663,8.976,8.996,10.1,9.71,11.77,11.28,-0.004,-0.004,-0.004,0.0,0.31,-80.3064043,26.9209517,710.35
-10.6,3.6,0.0,0.03,0.01,-0.09,-0.07,0.14,0.08,-0.51,0.22,9.535,9.653,8.996,8.976,10.3,9.52,11.87,11.28,-0.004,-0.004,-0.004,0.0,0.32,-80.3064043,26.9209517,710.4
-10.6,3.6,0.0,0.03,-0.04,-0.1,-0.1,0.35,0.48,-0.5,0.22,9.565,9.732,8.858,8.957,10.3,9.81,11.87,11.18,-0.004,-0.004,-0.004,0.0,0.33,-80.3064043,26.9209517,710.45
-10.6,3.6,0.0,0.03,-0.02,-0.05,0.07,-0.03,0.06,-0.47,0.23,9.467,9.594,8.937,9.055,10.59,10.01,12.07,11.77,-0.004,-0.004,-0.004,0.0,0.34,-80.3064043,26.9209517,710.5
-10.6,3.6,0.0,0.03,-0.05,-0.12,0.01,-0.27,0.06,-0.52,0.23,9.516,9.682,8.937,8.996,10.2,9.71,11.67,11.38,-0.004,-0.004,-0.004,0.0,0.35,-80.3064043,26.9209517,710.55
-10.6,3.7,0.0,0.03,-0.02,-0.07,0.02,-0.08,0.5,-0.52,0.23,9.535,9.702,8.907,8.957,10.2,9.71,11.87,11.38,-0.004,-0.004,-0.004,0.0,0.35,-80.3064043,26.9209517,710.6
-10.6,3.6,0.0,0.03,-0.03,-0.07,-0.08,0.11,-0.25,-0.53,0.21,9.467,9.614,9.015,9.055,10.1,9.81,11.58,11.48,-0.004,-0.004,-0.004,0.0,0.36,-80.3064043,26.9209517,710.65
-10.6,3.7,0.0,0.03,-0.02,-0.09,-0.13,-0.14,-0.07,-0.52,0.23,9.496,9.663,8.917,8.976,10.3,9.81,11.77,11.58,-0.004,-0.004,-0.004,0.0,0.37,-80.3064043,26.9209517,710.7
-10.6,3.6,0.0,0.03,-0.01,-0.1,-0.22,0.18,-0.08,-0.53,0.22,9.526,9.682,8.927,8.966,10.4,9.61,11.67,11.67,-0.004,-0.004,-0.004,0.0,0.38,-80.3064043,26.9209517,710.75
-10.6,3.6,0.0,0.03,-0.04,-0.08,0.04,0.18,-0.04,-0.54,0.23,9.496,9.663,8.976,9.045,10.2,9.42,11.77,11.58,-0.004,-0.004,-0.004,0.0,0.39,-80.3064043,26.9209517,710.8
-10.6,3.7,0.0,0.03,-0.04,-0.07,0.07,0.1,0.08,-0.52,0.23,9.526,9.692,8.898,8.996,10.2,9.71,11.58,11.58,-0.004,-0.004,-0.004,0.0,0.4,-80.3064043,26.9209517,710.85
-10.7,3.7,0.0,0.03,-0.05,-0.06,0.12,-0.12,-0.43,-0.52,0.26,9.516,9.673,8.888,8.947,10.3,9.61,11.87,11.77,-0.004,-0.004,-0.004,0.0,0.41,-80.3064043,26.9209517,710.9
-10.6,3.6,0.0,0.03,-0.03,-0.05,0.2,-0.13,-0.03,-0.52,0.21,9.496,9.918,8.888,8.937,10.1,10.01,11.87,11.38,-0.004,-0.004,-0.004,0.0,0.42,-80.3064043,26.9209517,710.95
-10.6,3.7,0.0,0.03,-0.07,-0.09,0.07,0.43,0.04,-0.53,0.2,9.457,9.692,9.015,8.878,10.2,9.71,12.07,11.58,-0.004,-0.004,-0.004,0.0,0.43,-80.3064043,26.9209517,711.0
-10.5,3.6,0.0,0.03,0.02,-0.11,-0.29,-0.01,-0.12,-0.5,0.22,9.476,9.663,9.055,8.986,10.01,9.81,11.87,11.28,-0.004,-0.004,-0.004,0.0,0.43,-80.3064043,26.9209517,711.05
-10.6,3.7,0.0,0.03,0.02,-0.1,0.03,0.13,-0.1,-0.51,0.21,9.633,9.633,9.006,8.868,10.5,10.1,12.07,11.28,-0.004,-0.004,-0.004,0.0,0.44,-80.3064043,26.9209517,711.1
-10.6,3.6,0.0,0.03,-0.01,-0.08,0.04,-0.42,0.34,-0.5,0.2,9.437,9.643,8.957,9.035,10.4,9.61,11.77,11.38,-0.004,-0.004,-0.004,0.0,0.45,-80.3064043,26.9209517,711.15
-10.6,3.7,0.0,0.03,-0.05,-0.04,0.08,-0.08,-0.43,-0.49,0.19,9.565,9.624,8.907,9.045,10.5,9.81,11.77,11.48,-0.004,-0.004,-0.004,0.0,0.46,-80.3064043,26.9209517,711.2
-10.5,3.6,0.0,0.03,-0.16,-0.01,-0.24,-0.68,0.43,-0.53,0.23,9.447,9.918,8.809,8.947,10.01,9.91,11.58,11.38,-0.004,-0.004,-0.004,0.0,0.47,-80.3064043,26.9209517,711.25
-10.6,3.6,0.0,0.03,-0.07,-0.12,0.21,0.25,0.01,-0.52,0.21,9.467,9.624,9.035,8.898,10.2,9.81,11.77,11.18,-0.004,-0.004,-0.004,0.0,0.48,-80.3064043,26.9209517,711.3
-10.6,3.6,0.0,0.04,-0.02,-0.04,-0.05,-0.05,-0.07,-0.54,0.21,9.526,9.692,9.104,8.966,10.01,9.91,12.07,11.58,-0.004,-0.004,-0.004,0.0,0.49,-80.3064043,26.9209517,711.35
-10.5,3.6,0.0,0.01,0.03,-0.13,0.14,-0.31,-0.02,-0.52,0.2,9.565,9.722,8.947,8.878,10.3,9.81,11.77,11.38,-0.004,-0.004,-0.004,0.0,0.0,-80.3064042,26.9209516,711.4
-10.5,3.6,0.0,0.02,-0.01,-0.1,-0.21,0.42,-0.4,-0.52,0.21,9.526,9.427,8.927,8.957,10.2,9.61,11.58,11.48,-0.004,-0.004,-0.004,0.0,-0.0,-80.3064042,26.9209516,711.45
-10.6,3.6,0.0,0.02,-0.1,-0.08,-0.16,-0.13,-0.43,-0.5,0.19,9.594,9.516,8.947,9.172,10.4,9.42,11.58,11.67,-0.004,-0.004,-0.004,0.0,-0.0,-80.3064042,26.9209516,711.5
-10.5,3.6,0.0,0.02,-0.05,-0.09,0.04,0.21,0.31,-0.48,0.17,9.633,9.653,8.76,9.182,10.5,9.61,11.58,11.48,-0.004,-0.004,-0.004,0.0,-0.0,-80.3064042,26.9209516,711.55
-10.6,3.6,0.0,0.02,0.0,-0.08,0.2,-0.54,-0.16,-0.53,0.21,9.476,9.584,8.868,9.074,10.01,9.52,11.48,11.97,-0.004,-0.004,-0.004,0.0,-0.0,-80.3064042,26.9209516,711.6
-10.5,3.6,0.0,0.01,-0.01,-0.11,0.0,0.78,-0.35,-0.55,0.2,9.427,9.614,8.957,9.045,10.01,9.61,11.38,11.58,-0.004,-0.004,-0.004,0.0,0.0,-80.3064042,26.9209516,711.65
-10.6,3.6,0.0,0.01,-0.04,-0.09,-0.0,0.19,-0.08,-0.51,0.21,9.496,9.673,8.927,9.015,10.4,9.81,11.58,11.48,-0.004,-0.004,-0.004,0.0,-0.0,-80.3064042,26.9209516,711.7
-10.5,3.6,0.0,0.02,-0.08,-0.1,0.26,-0.42,0.03,-0.53,0.21,9.506,9.722,9.015,9.064,10.3,9.91,11.67,11.67,-0.004,-0.004,-0.004,0.0,-0.0,-80.3064042,26.9209516,711.75
-10.6,3.6,0.0,0.02,-0.01,-0.09,-0.06,0.1,-0.38,-0.55,0.21,9.476,9.732,9.015,9.035,10.1,9.71,11.77,10.99,-0.004,-0.004,-0.004,0.0,-0.01,-80.3064042,26.9209516,711.8
-10.5,3.6,0.0,0.01,0.0,-0.06,-0.13,-0.25,-0.17,-0.57,0.22,9.427,9.594,8.966,8.907,10.1,9.91,11.87,11.28,-0.003,-0.004,-0.004,0.0,0.0,-80.3064042,26.9209516,711.85
-10.6,3.6,0.0,0.02,-0.04,-0.12,0.02,0.11,0.17,-0.52,0.21,9.437,9.732,8.937,8.937,10.4,9.91,11.87,11.38,-0.003,-0.004,-0.004,0.0,0.0,-80.3064042,26.9209516,711.9
-10.5,3.6,0.0,0.02,-0.07,-0.09,-0.16,0.08,-0.0,-0.53,0.19,9.535,9.702,9.015,9.035,10.01,9.91,11.87,11.58,-0.004,-0.004,-0.004,0.0,0.0,-80.3064042,26.9209516,711.95
-10.5,3.6,0.0,0.02,-0.02,-0.09,0.15,0.5,-0.13,-0.53,0.18,9.535,9.682,8.976,8.996,10.3,9.81,11.87,11.58,-0.004,-0.004,-0.004,0.0,0.01,-80.3064042,26.9209516,712.0
-10.5,3.6,0.0,0.02,0.01,-0.07,0.14,-0.22,0.38,-0.53,0.16,9.486,9.643,8.937,9.006,10.3,9.81,11.67,11.38,-0.003,-0.004,-0.004,0.0,0.01,-80.3064042,26.9209516,712.05
-10.5,3.6,0.0,0.03,-0.02,-0.08,-0.1,-0.25,0.42,-0.53,0.22,9.486,9.624,8.898,9.006,10.1,9.81,11.87,11.48,-0.003,-0.004,-0.004,0.0,0.01,-80.3064042,26.9209516,712.1
-10.5,3.6,0.0,0.03,-0.06,-0.05,-0.09,0.36,0.08,-0.52,0.21,9.506,9.682,8.986,9.035,10.3,9.81,11.87,11.58,-0.003,-0.004,-0.004,0.0,0.01,-80.3064042,26.9209516,712.15
-10.6,3.6,0.0,0.03,-0.01,-0.11,0.05,0.18,0.18,-0.53,0.2,9.535,9.673,8.957,9.045,10.4,10.1,12.07,11.28,-0.004,-0.004,-0.004,0.0,0.01,-80.3064042,26.9209516,712.2
-10.5,3.6,0.0,0.04,-0.01,-0.09,-0.01,0.32,0.54,-0.53,0.2,9.496,9.643,8.966,9.006,10.4,9.71,11.77,11.28,-0.003,-0.004,-0.004,0.0,0.01,-80.3064042,26.9209516,712.25
-10.6,3.6,0.0,0.04,-0.03,-0.08,-0.3,-0.15,0.2,-0.52,0.21,9.418,9.575,8.966,8.957,10.1,9.71,11.97,11.58,-0.003,-0.004,-0.004,0.0,0.01,-80.3064042,26.9209516,712.3
-10.5,3.6,0.0,0.04,-0.05,-0.07,-0.06,-0.08,-0.02,-0.51,0.22,9.467,9.624,8.966,9.074,10.2,9.61,11.97,11.58,-0.004,-0.004,-0.004,0.0,0.01,-80.3064042,26.9209516,712.35
-10.5,3.6,0.0,0.04,-0.01,-0.08,-0.08,0.02,0.05,-0.52,0.23,9.496,9.624,8.898,9.015,10.4,9.71,11.67,11.77,-0.004,-0.004,-0.004,0.0,0.02,-80.3064042,26.9209516,712.4
-10.5,3.6,0.0,0.05,0.01,-0.07,0.24,0.12,0.3,-0.51,0.24,9.496,9.624,8.937,9.025,10.2,9.71,11.67,11.38,-0.004,-0.004,-0.004,0.0,0.02,-80.3064042,26.9209516,712.45
-10.6,3.6,0.0,0.05,-0.03,-0.12,0.13,0.2,0.13,-0.5,0.23,9.545,9.643,8.878,9.045,10.3,9.81,11.77,11.67,-0.004,-0.004,-0.004,0.0,0.02,-80.3064042,26.9209516,712.5
-10.5,3.6,0.0,0.05,-0.04,-0.11,-0.19,0.22,0.19,-0.5,0.24,9.496,9.624,8.927,9.006,10.2,9.81,11.67,11.67,-0.004,-0.004,-0.004,0.0,0.02,-80.3064042,26.9209516,712.55
-10.5,3.6,0.0,0.06,-0.03,-0.08,0.17,0.34,0.41,-0.5,0.26,9.496,9.663,8.937,9.035,10.4,9.91,11.67,11.77,-0.004,-0.004,-0.004,0.0,0.02,-80.3064042,26.9209516,712.6
-10.5,3.6,0.0,0.06,-0.01,-0.07,0.13,0.4,0.33,-0.49,0.26,9.506,9.702,8.927,9.055,10.2,9.71,11.77,11.58,-0.004,-0.004,-0.004,0.0,0.02,-80.3064042,26.9209516,712.65
-10.5,3.6,0.0,0.06,-0.03,-0.09,0.26,-0.16,0.36,-0.5,0.27,9.545,9.712,8.937,8.976,10.3,9.81,11.67,11.38,-0.004,-0.004,-0.004,0.0,0.02,-80.3064042,26.9209516,712.7
-10.4,3.6,0.0,0.06,-0.05,-0.09,0.12,0.29,-0.11,-0.49,0.26,9.516,9.702,8.957,8.996,10.4,9.91,11.87,11.28,-0.004,-0.004,-0.004,0.0,0.02,-80.3064042,26.9209516,712.75
-10.5,3.6,0.0,0.07,-0.04,-0.09,0.08,0.04,-0.0,-0.5,0.26,9.526,9.682,8.947,8.986,10.59,9.91,11.67,11.77,-0.004,-0.004,-0.004,0.0,0.02,-80.3064042,26.9209516,712.8
-10.4,3.6,0.0,0.07,-0.07,-0.07,0.16,-0.03,0.1,-0.49,0.27,9.506,9.633,8.976,9.035,10.3,9.61,12.07,11.58,-0.004,-0.004,-0.004,0.0,0.03,-80.3064042,26.9209516,712.85
-10.4,3.6,0.0,0.07,-0.06,-0.11,-0.3,0.22,0.3,-0.49,0.28,9.486,9.633,8.927,9.006,10.1,9.71,11.77,11.58,-0.004,-0.004,-0.004,0.0,0.02,-80.3064042,26.9209516,712.9
-10.4,3.6,0.0,0.08,-0.05,-0.1,-0.11,0.08,0.13,-0.49,0.26,9.486,9.643,8.898,8.976,10.2,9.71,11.77,11.38,-0.004,-0.004,-0.004,0.0,0.03,-80.3064042,26.9209516,712.95
-10.5,3.6,0.0,0.08,-0.04,-0.08,0.15,0.06,-0.35,-0.49,0.26,9.496,9.653,8.927,9.006,10.3,9.71,11.38,11.58,-0.004,-0.004,-0.004,0.0,0.03,-80.3064042,26.9209516,713.0
-10.4,3.6,0.0,0.08,-0.01,-0.05,-0.38,-0.13,0.16,-0.5,0.25,9.496,9.692,8.966,9.074,10.2,9.61,11.77,11.38,-0.004,-0.004,-0.004,0.0,0.03,-80.3064042,26.9209516,713.05
-10.5,3.6,0.0,0.08,-0.02,-0.07,-0.18,-0.15,-0.2,-0.49,0.26,9.526,9.702,8.996,9.015,10.3,9.91,11.77,11.87,-0.004,-0.004,-0.004,0.0,0.03,-80.3064042,26.9209516,713.1
-10.5,3.6,0.0,0.09,-0.04,-0.09,0.15,-0.12,-0.32,-0.49,0.26,9.496,9.673,8.937,8.957,10.3,10.01,11.58,11.58,-0.004,-0.004,-0.004,0.0,0.03,-80.3064042,26.9209516,713.15
-10.5,3.6,0.0,0.09,-0.05,-0.09,0.07,-0.06,-0.28,-0.49,0.26,9.496,9.624,8.966,8.986,10.01,9.61,11.77,11.58,-0.004,-0.004,-0.004,0.0,0.03,-80.3064042,26.9209516,713.2
-10.5,3.6,0.0,0.09,-0.05,-0.09,-0.03,0.11,-0.32,-0.49,0.26,9.516,9.702,8.917,8.996,10.4,10.01,11.77,11.87,-0.004,-0.004,-0.004,0.0,0.03,-80.3064042,26.9209516,713.25
-10.5,3.6,0.0,0.1,0.0,-0.12,-0.21,-0.19,-0.12,-0.5,0.26,9.486,9.673,8.957,8.966,10.1,9.71,11.87,11.67,-0.004,-0.004,-0.004,0.0,0.03,-80.3064042,26.9209516,713.3
-10.4,3.6,0.0,0.1,-0.05,-0.09,-0.14,0.33,-0.32,-0.48,0.26,9.486,9.682,8.986,9.055,10.1,9.91,11.87,11.58,-0.004,-0.004,-0.004,0.0,0.03,-80.3064042,26.9209516,713.35
-10.4,3.6,0.0,0.1,-0.01,-0.08,0.44,-0.11,-0.17,-0.5,0.27,9.506,9.643,8.947,9.006,10.1,9.81,11.67,11.48,-0.004,-0.004,-0.004,0.0,0.04,-80.3064042,26.9209516,713.4
-10.4,3.6,0.0,0.1,-0.03,-0.08,0.07,0.04,-0.04,-0.48,0.26,9.535,9.682,8.927,9.035,10.1,10.01,11.87,11.38,-0.004,-0.004,-0.004,0.0,0.04,-80.3064042,26.9209516,713.45
-10.4,3.6,0.0,0.11,-0.05,-0.07,0.01,0.03,0.01,-0.47,0.28,9.486,9.653,8.947,9.025,9.91,9.81,11.77,11.38,-0.004,-0.004,-0.004,0.0,0.04,-80.3064042,26.9209516,713.5
-10.4,3.6,0.0,0.11,-0.04,-0.07,-0.05,-0.28,0.1,-0.5,0.26,9.486,9.614,8.957,9.015,10.5,10.01,11.97,11.28,-0.004,-0.004,-0.004,0.0,0.04,-80.3064042,26.9209516,713.55
-10.5,3.7,0.0,0.11,-0.03,-0.09,-0.14,0.18,-0.41,-0.48,0.26,9.496,9.682,8.927,9.015,10.5,10.1,11.87,11.58,-0.004,-0.004,-0.004,0.0,0.04,-80.3064042,26.9209516,713.6
-10.4,3.6,0.0,0.11,-0.04,-0.09,0.34,-0.06,-0.06,-0.48,0.27,9.555,9.692,8.927,9.006,10.4,9.61,11.67,11.58,-0.004,-0.004,-0.004,0.0,0.04,-80.3064042,26.9209516,713.65
-10.4,3.6,0.0,0.12,-0.04,-0.09,-0.03,0.43,0.2,-0.48,0.27,9.545,9.712,8.957,9.035,10.4,9.81,11.97,11.48,-0.004,-0.005,-0.004,0.0,0.04,-80.3064042,26.9209516,713.7
-10.4,3.6,0.0,0.12,-0.06,-0.11,0.19,-0.0,0.08,-0.49,0.28,9.526,9.663,8.996,9.055,10.2,10.01,11.48,11.38,-0.004,-0.004,-0.004,0.0,0.04,-80.3064042,26.9209516,713.75
-10.4,3.7,0.0,0.12,-0.06,-0.1,-0.05,0.17,-0.06,-0.5,0.26,9.535,9.673,8.907,8.986,10.3,9.81,11.58,11.48,-0.004,-0.004,-0.004,0.0,0.04,-80.3064042,26.9209516,713.8
-10.4,3.6,0.0,0.13,-0.04,-0.07,0.16,-0.09,-0.29,-0.48,0.26,9.486,9.663,8.976,9.006,10.3,9.71,11.77,11.28,-0.004,-0.004,-0.004,0.0,0.05,-80.3064042,26.9209516,713.85
-10.4,3.6,0.0,0.13,-0.02,-0.06,-0.36,-0.04,-0.01,-0.48,0.26,9.486,9.663,9.025,9.045,10.01,9.81,11.87,11.38,-0.004,-0.004,-0.004,0.0,0.05,-80.3064042,26.9209516,713.9
-10.4,3.6,0.0,0.13,-0.03,-0.1,0.04,-0.23,-0.15,-0.49,0.26,9.526,9.702,8.927,9.006,10.3,9.81,11.58,11.58,-0.004,-0.004,-0.004,0.0,0.05,-80.3064042,26.9209516,713.95
-10.4,3.6,0.0,0.14,-0.05,-0.08,-0.09,0.26,-0.35,-0.49,0.25,9.486,9.633,8.947,9.006,10.3,9.91,11.48,11.77,-0.004,-0.004,-0.004,0.0,0.05,-80.3064042,26.9209516,714.0
-10.4,3.6,0.0,0.14,-0.03,-0.1,0.08,0.09,-0.0,-0.49,0.27,9.476,9.633,8.976,9.055,10.3,9.71,11.58,11.58,-0.004,-0.004,-0.004,0.0,0.05,-80.3064041,26.9209516,714.05
-10.5,3.7,0.0,0.14,-0.03,-0.08,-0.14,0.08,-0.27,-0.49,0.26,9.506,9.653,8.898,8.957,10.3,9.91,11.87,11.48,-0.004,-0.004,-0.004,0.0,0.05,-80.3064041,26.9209516,714.1
-10.4,3.6,0.0,0.15,-0.05,-0.06,-0.42,-0.04,0.21,-0.49,0.27,9.506,9.692,8.957,9.006,10.2,9.91,11.77,11.38,-0.004,-0.004,-0.004,0.0,0.05,-80.3064041,26.9209516,714.15
-10.4,3.6,0.0,0.15,-0.03,-0.08,0.09,-0.44,0.32,-0.5,0.27,9.496,9.663,8.976,9.025,10.1,9.71,11.87,11.58,-0.004,-0.004,-0.004,0.0,0.05,-80.3064041,26.9209516,714.2
-10.4,3.7,0.0,0.01,-0.03,-0.09,0.13,0.13,-0.4,-0.49,0.25,9.516,9.673,8.976,9.006,10.4,9.52,11.97,11.67,-0.004,-0.004,-0.004,0.0,0.0,-80.3064041,26.9209516,714.25
-10.4,3.7,0.0,0.01,-0.03,-0.11,0.04,0.5,0.36,-0.48,0.27,9.496,9.673,8.966,8.986,10.3,9.91,11.77,11.38,-0.004,-0.004,-0.004,0.0,0.0,-80.3064041,26.9209516,714.3
-10.4,3.6,0.0,0.01,-0.04,-0.09,-0.17,0.03,0.04,-0.49,0.26,9.486,9.663,8.976,8.996,10.2,9.91,11.87,11.58,-0.004,-0.004,-0.004,0.0,0.0,-80.3064041,26.9209516,714.35
-10.4,3.6,0.0,0.01,-0.04,-0.07,-0.01,0.21,0.15,-0.49,0.26,9.516,9.702,8.927,9.015,10.3,9.71,11.87,11.28,-0.004,-0.004,-0.004,0.0,0.0,-80.3064041,26.9209516,714.4
-10.4,3.6,0.0,0.0,-0.05,-0.05,0.09,-0.48,0.2,-0.5,0.26,9.496,9.663,8.996,9.045,10.3,9.71,11.87,11.58,-0.004,-0.004,-0.004,0.0,0.01,-80.3064041,26.9209516,714.45
-10.4,3.6,0.0,0.0,-0.03,-0.09,-0.04,0.15,0.07,-0.48,0.26,9.496,9.712,8.898,9.025,10.1,10.01,11.87,11.58,-0.004,-0.004,-0.004,0.0,0.01,-80.3064041,26.9209516,714.5
-10.4,3.6,0.0,0.0,-0.03,-0.05,0.26,-0.23,0.02,-0.49,0.25,9.516,9.673,9.015,8.976,10.3,9.71,12.07,11.77,-0.004,-0.004,-0.004,0.0,0.01,-80.3064041,26.9209516,714.55
-10.4,3.6,0.0,0.01,-0.03,-0.11,0.03,0.58,-0.12,-0.51,0.25,9.467,9.653,9.104,8.907,10.3,9.71,11.67,12.07,-0.004,-0.004,-0.004,0.0,0.01,-80.3064041,26.9209516,714.6
-10.3,3.6,0.0,0.01,-0.05,-0.08,0.21,0.02,0.25,-0.52,0.25,9.486,9.673,9.094,9.133,10.3,9.91,11.97,11.28,-0.004,-0.004,-0.004,0.0,0.0,-80.3064041,26.9209516,714.65
-10.4,3.6,0.0,0.01,-0.05,-0.1,0.05,-0.21,0.16,-0.5,0.24,9.467,9.663,8.878,8.937,10.4,9.81,11.87,11.58,-0.004,-0.004,-0.004,0.0,0.01,-80.3064041,26.9209516,714.7
-10.4,3.6,0.0,0.01,-0.01,-0.07,0.13,0.18,-0.23,-0.51,0.23,9.555,9.653,9.015,9.045,10.5,9.91,11.87,11.58,-0.004,-0.004,-0.004,0.0,0.01,-80.3064041,26.9209516,714.75
-10.4,3.6,0.0,0.01,-0.03,-0.09,-0.18,0.22,0.34,-0.51,0.26,9.457,9.673,8.878,9.006,10.3,9.61,11.58,11.77,-0.004,-0.004,-0.004,0.0,0.0,-80.3064041,26.9209516,714.8
-10.4,3.6,0.0,0.01,-0.03,-0.08,0.07,-0.2,-0.24,-0.49,0.24,9.545,9.653,9.015,8.986,10.1,9.61,11.77,11.28,-0.004,-0.004,-0.004,0.0,0.01,-80.3064041,26.9209516,714.85
-10.4,3.7,0.0,0.0,-0.04,-0.12,0.09,0.17,0.04,-0.5,0.27,9.476,9.663,8.917,9.035,10.2,9.91,11.77,11.87,-0.004,-0.004,-0.004,0.0,0.01,-80.3064041,26.9209516,714.9
-10.4,3.6,0.0,0.0,-0.04,-0.07,0.01,-0.3,0.17,-0.5,0.25,9.496,9.584,8.976,9.015,10.3,9.71,11.67,11.38,-0.004,-0.004,-0.004,0.0,0.01,-80.3064041,26.9209516,714.95
-10.4,3.6,0.0,0.0,-0.03,-0.09,-0.02,-0.05,-0.12,-0.48,0.26,9.427,9.673,8.868,9.015,10.2,10.01,11.58,11.38,-0.004,-0.004,-0.004,0.0,0.0,-80.3064041,26.9209516,715.0
-10.4,3.6,0.0,0.0,-0.02,-0.05,0.08,-0.07,-0.03,-0.46,0.26,9.526,9.614,8.986,8.966,10.4,10.1,11.58,11.28,-0.004,-0.004,-0.004,0.0,0.0,-80.3064041,26.9209516,715.05
-10.4,3.6,0.0,0.01,-0.04,-0.11,-0.29,0.04,-0.29,-0.48,0.25,9.467,9.673,8.898,9.015,10.2,9.71,11.87,11.38,-0.004,-0.004,-0.004,0.0,0.01,-80.3064041,26.9209516,715.1
-10.4,3.6,0.0,0.0,-0.03,-0.1,0.13,0.05,-0.22,-0.48,0.24,9.526,9.643,8.996,9.035,10.1,9.61,12.07,11.38,-0.004,-0.004,-0.004,0.0,0.01,-80.3064041,26.9209516,715.15
-10.5,3.7,0.0,0.01,-0.04,-0.1,-0.19,0.04,0.01,-0.48,0.25,9.467,9.712,8.878,8.966,10.2,10.01,11.77,11.28,-0.004,-0.004,-0.004,0.0,0.01,-80.3064041,26.9209516,715.2
-10.4,3.6,0.0,0.01,-0.06,-0.06,0.29,0.05,-0.03,-0.48,0.25,9.516,9.633,9.006,8.996,10.1,9.52,11.87,11.48,-0.004,-0.004,-0.004,0.0,0.0,-80.3064041,26.9209516,715.25
-10.5,3.7,0.0,0.01,0.03,-0.15,0.09,0.12,-0.12,-0.48,0.25,9.476,9.692,8.907,9.006,10.3,9.91,11.38,11.38,-0.004,-0.004,-0.004,0.0,0.0,-80.3064041,26.9209516,715.3
-10.4,3.6,0.0,0.01,0.0,-0.12,-0.07,0.09,0.2,-0.49,0.25,9.526,9.682,9.025,9.035,10.3,9.61,11.58,11.67,-0.004,-0.004,-0.004,0.0,0.0,-80.3064041,26.9209516,715.35
-10.5,3.7,0.0,0.02,-0.04,-0.07,-0.15,0.3,0.1,-0.49,0.23,9.535,9.673,8.937,8.986,10.01,10.01,12.16,10.99,-0.004,-0.004,-0.004,0.0,0.01,-80.3064041,26.9209516,715.4
-10.4,3.6,0.0,0.0,-0.05,-0.1,0.01,-0.13,-0.31,-0.48,0.26,9.506,9.663,8.937,9.025,9.91,9.81,11.87,11.38,-0.004,-0.004,-0.004,0.0,0.01,-80.3064041,26.9209516,715.45
-10.5,3.7,0.0,-0.0,-0.06,-0.09,0.06,0.18,-0.4,-0.48,0.25,9.486,9.663,8.937,8.986,10.3,9.81,11.58,11.38,-0.004,-0.004,-0.004,0.0,-0.0,-80.3064041,26.9209516,715.5
-10.5,3.7,0.0,-0.0,-0.02,-0.07,-0.16,-0.09,0.22,-0.48,0.25,9.496,9.643,8.917,8.957,10.2,9.81,11.97,11.58,-0.004,-0.004,-0.004,0.0,-0.0,-80.3064041,26.9209516,715.55
-10.5,3.7,0.0,-0.0,-0.02,-0.08,-0.08,-0.05,0.17,-0.47,0.25,9.486,9.673,8.957,9.064,10.2,9.81,11.58,11.48,-0.004,-0.004,-0.004,0.0,-0.0,-80.3064041,26.9209516,715.6
-10.4,3.7,0.0,0.0,-0.03,-0.06,-0.34,0.11,-0.17,-0.47,0.25,9.535,9.682,8.937,8.996,10.1,9.81,11.87,11.48,-0.004,-0.004,-0.004,0.0,-0.0,-80.3064041,26.9209516,715.65
-10.4,3.7,0.0,-0.0,-0.07,-0.07,0.24,0.21,-0.23,-0.47,0.25,9.496,9.663,8.927,9.006,10.1,9.71,11.67,11.38,-0.004,-0.004,-0.004,0.0,0.0,-80.3064041,26.9209516,715.7
-10.4,3.7,0.0,0.0,-0.03,-0.1,-0.04,-0.08,0.07,-0.48,0.25,9.486,9.653,8.986,9.035,10.2,9.91,11.77,11.38,-0.004,-0.004,-0.004,0.0,0.0,-80.3064041,26.9209516,715.75
-10.4,3.7,0.0,0.0,-0.04,-0.09,0.16,0.29,-0.33,-0.47,0.25,9.535,9.692,8.937,8.996,10.4,9.71,11.48,11.38,-0.004,-0.004,-0.004,0.0,0.0,-80.3064041,26.9209516,715.8
-10.4,3.7,0.0,0.0,-0.03,-0.09,-0.04,0.37,-0.03,-0.47,0.25,9.506,9.673,8.976,9.015,10.4,9.81,11.87,11.58,-0.004,-0.004,-0.004,0.0,0.0,-80.3064041,26.9209516,715.85
-10.4,3.7,0.0,0.01,-0.04,-0.1,0.07,0.4,-0.53,-0.47,0.24,9.476,9.653,8.927,9.015,10.3,9.61,11.87,11.18,-0.004,-0.004,-0.004,0.0,-0.01,-80.3064041,26.9209516,715.9
-10.4,3.7,0.0,0.01,-0.01,-0.06,-0.25,0.21,0.29,-0.47,0.26,9.516,9.643,8.947,8.996,10.1,9.71,11.77,11.48,-0.004,-0.004,-0.004,0.0,-0.01,-80.3064041,26.9209516,715.95
-10.4,3.7,0.0,0.01,-0.02,-0.06,0.12,-0.22,0.13,-0.47,0.25,9.506,9.682,8.976,9.035,10.1,9.81,11.87,11.38,-0.004,-0.004,-0.004,0.0,-0.01,-80.3064041,26.9209516,716.0
-10.4,3.6,0.0,0.01,-0.03,-0.08,-0.31,-0.19,-0.05,-0.47,0.25,9.535,9.673,8.947,9.035,10.3,9.61,11.58,11.58,-0.004,-0.004,-0.004,0.0,-0.0,-80.3064041,26.9209516,716.05
-10.4,3.7,0.0,0.01,-0.04,-0.09,0.3,0.25,0.04,-0.47,0.26,9.516,9.673,8.976,9.015,10.3,9.61,11.87,11.48,-0.004,-0.004,-0.004,0.0,-0.0,-80.3064041,26.9209516,716.1
-10.4,3.7,0.0,0.01,-0.05,-0.09,-0.04,-0.35,-0.17,-0.46,0.26,9.506,9.653,8.957,9.006,10.3,9.61,12.07,11.67,-0.004,-0.004,-0.004,0.0,-0.01,-80.3064041,26.9209517,716.15
-10.4,3.7,0.0,0.01,-0.05,-0.08,-0.02,-0.32,-0.11,-0.48,0.24,9.496,9.673,8.917,9.006,10.01,9.71,11.67,11.48,-0.004,-0.004,-0.004,0.0,-0.01,-80.3064041,26.9209517,716.2
-10.5,3.7,0.0,0.01,-0.03,-0.05,-0.03,-0.1,-0.22,-0.47,0.24,9.535,9.702,8.937,8.986,10.5,9.61,11.67,11.28,-0.004,-0.004,-0.004,0.0,-0.01,-80.3064041,26.9209517,716.25
-10.4,3.7,0.0,0.01,-0.05,-0.08,0.4,0.17,0.26,-0.47,0.24,9.555,9.712,8.957,9.035,10.2,9.81,11.67,11.48,-0.004,-0.004,-0.004,0.0,-0.01,-80.3064041,26.9209517,716.3
-10.4,3.6,0.0,0.01,-0.05,-0.09,0.07,-0.05,-0.24,-0.49,0.24,9.565,9.732,8.976,9.025,10.2,10.01,11.77,11.77,-0.004,-0.004,-0.004,0.0,-0.01,-80.3064041,26.9209517,716.35
-10.4,3.7,0.0,-0.0,-0.08,-0.1,0.14,0.01,-0.05,-0.49,0.23,9.545,9.692,8.878,8.976,10.2,9.91,11.87,11.58,-0.004,-0.004,-0.004,0.0,0.0,-80.3064041,26.9209517,716.4
-10.4,3.6,0.0,-0.0,-0.1,-0.1,-0.13,0.21,-0.11,-0.49,0.2,9.486,9.643,8.937,9.006,10.3,9.42,11.77,11.18,-0.004,-0.004,-0.004,0.0,-0.0,-80.3064041,26.9209517,716.45
-10.4,3.6,0.0,-0.0,-0.06,-0.05,0.02,-0.16,-0.52,-0.48,0.2,9.418,9.604,8.996,9.074,10.1,9.71,11.87,11.38,-0.004,-0.004,-0.004,0.0,0.0,-80.3064041,26.9209517,716.5
-10.4,3.6,0.0,-0.0,0.01,-0.06,0.02,0.09,0.05,-0.49,0.17,9.427,9.545,8.986,9.045,10.4,9.81,11.87,11.18,-0.004,-0.004,-0.004,0.0,-0.0,-80.3064041,26.9209517,716.55
-10.4,3.7,0.0,-0.01,-0.01,-0.11,0.64,-0.21,0.17,-0.5,0.15,9.516,9.692,8.907,8.917,10.3,10.01,11.87,11.58,-0.004,-0.004,-0.004,0.0,0.0,-80.3064041,26.9209517,716.6
-10.4,3.7,0.0,-0.01,-0.05,-0.1,-0.05,0.21,0.21,-0.48,0.21,9.535,9.722,8.937,9.006,10.1,9.81,11.77,11.48,-0.004,-0.004,-0.004,0.0,0.0,-80.3064041,26.9209517,716.65
-10.4,3.7,0.0,-0.01,-0.05,-0.07,0.12,0.15,-0.1,-0.48,0.2,9.467,9.624,8.966,9.025,10.2,9.81,12.07,11.28,-0.004,-0.004,-0.004,0.0,0.0,-80.3064041,26.9209517,716.7
-10.4,3.7,0.0,-0.01,-0.01,-0.06,-0.36,-0.33,-0.04,-0.49,0.19,9.506,9.673,8.937,9.006,10.2,9.91,11.77,11.38,-0.004,-0.004,-0.004,0.0,0.0,-80.3064041,26.9209517,716.75
-10.4,3.7,0.0,-0.01,0.0,-0.08,0.12,-0.28,0.5,-0.49,0.22,9.516,9.692,8.937,8.976,10.3,9.91,11.77,11.38,-0.004,-0.004,-0.004,0.0,0.0,-80.306404,26.9209517,716.8
-10.4,3.6,0.0,-0.02,-0.03,-0.08,0.09,-0.07,-0.32,-0.47,0.2,9.526,9.643,9.015,9.045,10.1,9.91,11.97,11.58,-0.004,-0.004,-0.004,0.0,0.01,-80.306404,26.9209517,716.85
-10.4,3.7,0.0,-0.02,-0.04,-0.08,0.06,-0.13,0.42,-0.46,0.19,9.496,9.624,8.888,8.996,10.1,9.61,11.87,11.67,-0.004,-0.004,-0.004,0.0,0.01,-80.306404,26.9209517,716.9
-10.4,3.7,0.0,-0.02,-0.03,-0.09,0.0,0.29,0.28,-0.45,0.19,9.496,9.643,8.937,9.045,10.3,9.71,11.87,11.28,-0.004,-0.004,-0.004,0.0,0.01,-80.306404,26.9209517,716.95
-10.4,3.7,0.0,-0.02,-0.04,-0.09,0.09,0.05,-0.0,-0.43,0.18,9.526,9.692,8.957,9.006,10.3,9.71,12.16,11.28,-0.004,-0.004,-0.004,0.0,0.01,-80.306404,26.9209517,717.0
-10.4,3.7,0.0,-0.02,-0.02,-0.07,-0.09,-0.0,0.09,-0.42,0.18,9.496,9.653,8.966,9.035,10.2,9.81,11.87,11.77,-0.004,-0.004,-0.004,0.0,0.01,-80.306404,26.9209517,717.05
-10.4,3.7,0.0,-0.03,-0.04,-0.07,0.04,-0.08,-0.24,-0.41,0.17,9.526,9.663,8.957,9.006,10.2,9.52,11.77,11.58,-0.004,-0.004,-0.004,0.0,0.01,-80.306404,26.9209517,717.1
-10.4,3.7,0.0,-0.03,-0.03,-0.07,0.06,-0.09,0.5,-0.4,0.17,9.516,9.673,8.927,9.025,10.1,9.91,11.97,11.58,-0.004,-0.004,-0.004,0.0,0.01,-80.306404,26.9209517,717.15
-10.4,3.7,0.0,-0.03,-0.04,-0.08,0.01,-0.08,0.07,-0.38,0.16,9.516,9.663,8.966,9.006,10.5,9.81,11.97,11.58,-0.004,-0.004,-0.004,0.0,0.01,-80.306404,26.9209517,717.2
-10.4,3.7,0.0,-0.03,-0.03,-0.1,-0.25,0.24,0.07,-0.37,0.16,9.476,9.682,8.957,9.006,10.2,9.61,11.58,11.48,-0.004,-0.004,-0.004,0.0,0.01,-80.306404,26.9209516,717.25
-10.5,3.7,0.0,-0.04,-0.03,-0.07,0.43,0.0,0.02,-0.36,0.15,9.516,9.653,8.937,8.966,10.3,9.52,11.87,11.58,-0.004,-0.004,-0.004,0.0,0.01,-80.306404,26.9209516,717.3
-10.5,3.7,0.0,-0.04,-0.04,-0.06,0.05,0.28,0.38,-0.35,0.15,9.476,9.673,8.937,9.015,10.3,9.61,11.77,11.38,-0.004,-0.004,-0.004,0.0,0.01,-80.306404,26.9209516,717.35
-10.4,3.6,0.0,-0.04,-0.03,-0.09,-0.02,0.16,-0.07,-0.5,0.2,9.526,9.673,8.986,9.035,10.2,9.52,11.97,11.48,-0.004,-0.004,-0.004,0.0,0.01,-80.306404,26.9209516,717.4
-10.4,3.7,0.0,-0.04,-0.04,-0.09,-0.04,-0.31,0.05,-0.47,0.2,9.526,9.663,8.927,8.957,10.3,9.71,11.97,11.58,-0.004,-0.004,-0.004,0.0,0.02,-80.306404,26.9209516,717.45
-10.4,3.7,0.0,-0.04,-0.04,-0.07,0.09,0.1,0.32,-0.48,0.19,9.476,9.643,8.947,8.976,10.01,9.81,11.58,11.87,-0.004,-0.004,-0.004,0.0,0.02,-80.306404,26.9209516,717.5
-10.4,3.6,0.0,-0.05,-0.02,-0.07,0.05,-0.16,-0.13,-0.47,0.17,9.496,9.653,8.986,9.064,10.2,9.91,11.67,11.58,-0.004,-0.004,-0.004,0.0,0.02,-80.306404,26.9209516,717.55
-10.4,3.7,0.0,-0.05,-0.02,-0.09,-0.21,0.03,0.25,-0.48,0.21,9.516,9.712,8.917,8.986,10.5,9.81,11.87,11.77,-0.004,-0.004,-0.004,0.0,0.02,-80.306404,26.9209516,717.6
-10.4,3.6,0.0,-0.05,-0.05,-0.09,0.37,-0.26,-0.23,-0.49,0.19,9.516,9.653,8.957,9.025,10.1,9.61,11.77,11.58,-0.004,-0.004,-0.004,0.0,0.02,-80.306404,26.9209516,717.65
-10.4,3.7,0.0,-0.05,-0.02,-0.1,0.39,-0.14,-0.03,-0.48,0.18,9.506,9.663,8.966,9.006,10.1,9.91,11.67,11.48,-0.004,-0.004,-0.004,0.0,0.02,-80.306404,26.9209516,717.7
-10.4,3.6,0.0,-0.05,-0.03,-0.09,0.11,-0.15,-0.36,-0.48,0.21,9.476,9.682,8.937,9.035,10.1,9.71,11.87,11.48,-0.004,-0.004,-0.004,0.0,0.02,-80.306404,26.9209516,717.75
-10.4,3.6,0.0,-0.06,-0.03,-0.06,0.04,0.19,-0.38,-0.48,0.19,9.486,9.633,8.947,9.035,10.3,9.71,11.67,11.58,-0.004,-0.004,-0.004,0.0,0.02,-80.306404,26.9209516,717.8
-10.4,3.6,0.0,-0.06,-0.04,-0.05,0.16,-0.22,0.16,-0.48,0.18,9.535,9.692,8.996,9.074,10.1,10.01,11.87,11.67,-0.004,-0.004,-0.004,0.0,0.02,-80.306404,26.9209516,717.85
-10.5,3.7,0.0,-0.06,-0.04,-0.1,0.26,-0.15,0.18,-0.48,0.2,9.476,9.692,8.907,8.976,10.3,9.71,11.87,11.38,-0.004,-0.004,-0.004,0.0,0.02,-80.306404,26.9209516,717.9
-10.4,3.6,0.0,-0.06,-0.04,-0.08,-0.27,0.05,-0.38,-0.48,0.19,9.467,9.633,8.927,9.035,10.2,9.81,11.87,11.58,-0.004,-0.004,-0.004,0.0,0.02,-80.306404,26.9209516,717.95
-10.5,3.7,0.0,-0.06,-0.02,-0.08,-0.15,-0.22,0.01,-0.49,0.2,9.516,9.653,8.986,9.055,10.2,9.81,11.67,11.18,-0.004,-0.004,-0.004,0.0,0.02,-80.306404,26.9209516,718.0
-10.4,3.7,0.0,-0.06,-0.01,-0.1,-0.33,-0.0,0.51,-0.48,0.21,9.526,9.702,8.947,9.006,10.5,9.81,11.67,11.28,-0.004,-0.004,-0.004,0.0,0.02,-80.306404,26.9209516,718.05
-10.4,3.7,0.0,-0.07,-0.04,-0.07,-0.03,0.08,-0.2,-0.49,0.19,9.486,9.663,8.907,8.986,10.5,9.52,11.48,11.58,-0.004,-0.004,-0.004,0.0,0.03,-80.306404,26.9209516,718.1
-10.4,3.6,0.0,-0.07,-0.02,-0.07,-0.04,-0.26,0.32,-0.49,0.21,9.467,9.643,8.966,9.015,10.4,9.71,11.77,11.38,-0.004,-0.004,-0.004,0.0,0.03,-80.306404,26.9209516,718.15
-10.5,3.7,0.0,-0.07,-0.02,-0.07,-0.23,0.03,-0.08,-0.48,0.16,9.526,9.653,8.957,9.006,10.4,9.71,11.58,11.38,-0.004,-0.004,-0.004,0.0,0.03,-80.306404,26.9209516,718.2
-10.4,3.6,0.0,-0.07,-0.02,-0.1,-0.14,0.18,0.11,-0.48,0.13,9.535,9.702,8.947,9.015,10.1,9.91,11.87,11.67,-0.004,-0.004,-0.004,0.0,0.03,-80.306404,26.9209516,718.25
-10.5,3.7,0.0,-0.08,-0.06,-0.08,0.12,0.13,-0.21,-0.48,0.09,9.486,9.653,8.937,8.976,10.3,9.81,11.67,11.77,-0.004,-0.004,-0.004,0.0,0.03,-80.306404,26.9209516,718.3
-10.4,3.7,0.0,-0.08,-0.02,-0.1,-0.19,-0.04,0.18,-0.48,0.2,9.496,9.653,8.937,8.986,10.2,9.81,11.67,11.28,-0.004,-0.004,-0.004,0.0,0.03,-80.306404,26.9209516,718.35
-10.5,3.7,0.0,-0.08,-0.02,-0.08,-0.18,-0.17,0.09,-0.48,0.19,9.506,9.673,8.927,9.006,10.3,9.71,11.77,11.87,-0.004,-0.004,-0.004,0.0,0.03,-80.306404,26.9209516,718.4
-10.4,3.7,0.0,-0.08,-0.04,-0.06,-0.18,-0.2,-0.21,-0.49,0.2,9.496,9.673,8.947,9.025,10.3,9.81,11.58,11.58,-0.004,-0.004,-0.004,0.0,0.03,-80.306404,26.9209516,718.45
-10.5,3.7,0.0,-0.08,-0.03,-0.09,0.1,0.02,-0.32,-0.5,0.2,9.467,9.663,8.898,8.957,10.2,9.91,11.77,11.38,-0.004,-0.004,-0.004,0.0,0.03,-80.306404,26.9209516,718.5
-10.4,3.7,0.0,-0.09,-0.03,-0.08,0.13,0.13,-0.12,-0.48,0.18,9.506,9.633,8.976,9.045,10.2,9.52,11.58,11.67,-0.004,-0.004,-0.004,0.0,0.03,-80.306404,26.9209516,718.55
-10.5,3.7,0.0,-0.09,-0.03,-0.1,-0.16,-0.01,-0.38,-0.5,0.2,9.526,9.692,8.966,8.996,10.1,9.91,11.77,11.48,-0.004,-0.004,-0.004,0.0,0.03,-80.306404,26.9209516,718.6
-10.4,3.6,0.0,-0.09,-0.04,-0.09,0.21,-0.05,0.06,-0.47,0.2,9.545,9.673,8.976,9.025,10.1,9.71,11.38,11.28,-0.004,-0.004,-0.004,0.0,0.03,-80.306404,26.9209516,718.65
-10.4,3.6,0.0,-0.09,-0.04,-0.09,-0.14,0.13,-0.19,-0.46,0.2,9.516,9.624,8.917,8.966,10.2,9.81,11.67,11.28,-0.004,-0.004,-0.004,0.0,0.04,-80.306404,26.9209516,718.7
-10.4,3.6,0.0,-0.1,-0.04,-0.05,-0.22,-0.12,-0.57,-0.48,0.19,9.526,9.673,8.976,9.015,10.3,9.81,11.77,11.87,-0.004,-0.004,-0.004,0.0,0.04,-80.306404,26.9209516,718.75
-10.4,3.7,0.0,-0.1,-0.02,-0.1,0.17,0.44,0.26,-0.48,0.19,9.516,9.702,8.927,9.006,10.3,9.81,11.67,11.87,-0.004,-0.004,-0.004,0.0,0.04,-80.306404,26.9209516,718.8
-10.4,3.6,0.0,-0.1,-0.05,-0.06,-0.12,-0.03,-0.1,-0.49,0.17,9.496,9.663,8.937,9.006,10.3,9.91,11.87,11.09,-0.004,-0.004,-0.004,0.0,0.04,-80.3064039,26.9209516,718.85
-10.4,3.6,0.0,-0.1,-0.01,-0.08,-0.15,0.17,-0.08,-0.48,0.19,9.467,9.633,8.937,9.006,10.2,9.61,11.58,11.48,-0.004,-0.004,-0.004,0.0,0.04,-80.3064039,26.9209516,718.9
-10.4,3.6,0.0,-0.1,-0.01,-0.07,-0.11,0.04,0.17,-0.48,0.19,9.506,9.682,8.976,9.045,10.4,9.52,11.67,11.38,-0.004,-0.004,-0.004,0.0,0.04,-80.3064039,26.9209516,718.95
-10.4,3.6,0.0,-0.11,-0.0,-0.12,-0.22,0.08,0.05,-0.5,0.21,9.535,9.663,8.957,9.006,10.3,9.81,11.77,11.38,-0.004,-0.004,-0.004,0.0,0.04,-80.3064039,26.9209516,719.0
-10.4,3.7,0.0,-0.0,-0.04,-0.09,0.16,-0.4,0.01,-0.5,0.19,9.486,9.643,8.947,9.006,10.5,9.71,11.58,11.87,-0.004,-0.004,-0.004,0.0,0.0,-80.3064039,26.9209516,719.05
-10.5,3.7,0.0,-0.0,-0.05,-0.06,0.09,0.09,-0.31,-0.48,0.19,9.496,9.663,8.927,9.006,10.2,9.52,11.77,11.09,-0.004,-0.004,-0.004,0.0,0.0,-80.3064039,26.9209516,719.1
-10.4,3.6,0.0,-0.0,-0.03,-0.06,0.28,0.19,0.36,-0.48,0.2,9.516,9.702,8.957,9.025,10.4,9.81,11.87,11.58,-0.004,-0.004,-0.004,0.0,0.0,-80.3064039,26.9209516,719.15
-10.4,3.7,0.0,0.0,-0.03,-0.06,-0.18,-0.23,-0.43,-0.49,0.19,9.516,9.653,8.947,9.006,10.5,9.81,11.48,11.77,-0.004,-0.004,-0.004,0.0,-0.0,-80.3064039,26.9209515,719.2
-10.5,3.7,0.0,0.0,-0.04,-0.09,-0.09,-0.01,-0.32,-0.48,0.19,9.486,9.653,8.917,8.957,10.4,9.91,11.87,11.58,-0.004,-0.004,-0.004,0.0,0.0,-80.3064039,26.9209515,719.25
-10.4,3.6,0.0,0.0,-0.02,-0.1,0.02,-0.14,0.23,-0.49,0.19,9.496,9.673,8.957,8.996,10.3,10.01,11.87,11.58,-0.004,-0.004,-0.004,0.0,0.0,-80.3064039,26.9209515,719.3
-10.4,3.7,0.0,0.0,-0.03,-0.11,0.09,0.18,-0.3,-0.49,0.19,9.545,9.702,8.966,8.996,10.3,9.81,11.77,11.58,-0.004,-0.004,-0.004,0.0,0.0,-80.3064039,26.9209515,719.35
-10.4,3.7,0.0,0.0,0.01,-0.16,-0.24,-0.05,-0.24,-0.48,0.19,9.506,9.663,8.937,9.006,10.2,10.01,11.77,11.38,-0.004,-0.004,-0.004,0.0,0.0,-80.3064039,26.9209515,719.4
-10.4,3.7,0.0,0.0,-0.05,-0.05,0.07,0.14,0.1,-0.49,0.19,9.486,9.633,8.898,8.996,10.5,9.91,11.87,11.77,-0.004,-0.004,-0.004,0.0,0.01,-80.3064039,26.9209515,719.45
-10.5,3.7,0.0,0.0,-0.01,-0.07,-0.08,-0.06,0.16,-0.48,0.19,9.496,9.653,8.947,9.025,10.3,9.61,11.77,11.38,-0.004,-0.004,-0.004,0.0,0.01,-80.3064039,26.9209515,719.5
-10.4,3.6,0.0,0.0,-0.01,-0.09,0.02,0.23,-0.14,-0.48,0.19,9.545,9.663,8.986,9.025,10.4,9.91,11.97,11.38,-0.004,-0.004,-0.004,0.0,0.01,-80.3064039,26.9209515,719.55
-10.4,3.7,0.0,0.0,-0.01,-0.1,-0.04,0.14,0.25,-0.48,0.19,9.496,9.663,8.957,9.006,10.4,9.61,11.77,11.58,-0.004,-0.004,-0.004,0.0,0.01,-80.3064039,26.9209515,719.6
-10.4,3.6,0.0,0.0,-0.03,-0.1,-0.19,0.35,-0.07,-0.48,0.19,9.496,9.663,8.957,8.976,10.2,9.81,11.58,11.28,-0.004,-0.004,-0.004,0.0,0.01,-80.3064039,26.9209515,719.65
-10.4,3.7,0.0,0.0,-0.04,-0.09,0.02,-0.19,-0.13,-0.49,0.19,9.516,9.653,8.917,8.986,10.3,9.91,11.58,11.28,-0.004,-0.004,-0.004,0.0,0.01,-80.3064039,26.9209515,719.7
-10.4,3.7,0.0,0.0,-0.04,-0.08,0.13,0.36,0.21,-0.48,0.19,9.516,9.682,8.986,9.025,10.1,9.81,11.77,11.28,-0.004,-0.004,-0.004,0.0,0.02,-80.3064038,26.9209515,719.75
-10.4,3.7,0.0,0.0,-0.03,-0.06,0.05,0.06,-0.03,-0.48,0.19,9.496,9.692,8.976,9.035,10.4,9.61,11.87,11.38,-0.004,-0.004,-0.004,0.0,0.02,-80.3064038,26.9209515,719.8
-10.4,3.6,0.0,0.0,-0.02,-0.1,0.03,0.04,0.03,-0.48,0.19,9.467,9.653,8.927,8.966,10.5,9.71,11.67,11.28,-0.004,-0.004,-0.004,0.0,0.02,-80.3064038,26.9209515,719.85
-10.4,3.7,0.0,0.0,-0.04,-0.08,0.5,0.09,-0.42,-0.49,0.19,9.476,9.663,8.996,9.035,10.3,9.91,11.87,11.38,-0.004,-0.004,-0.004,0.0,0.02,-80.3064038,26.9209515,719.9
-10.4,3.6,0.0,0.0,-0.03,-0.1,-0.28,-0.19,-0.07,-0.48,0.2,9.535,9.673,8.957,9.015,10.3,9.71,11.77,11.58,-0.004,-0.004,-0.004,0.0,0.02,-80.3064038,26.9209515,719.95
-10.4,3.6,0.0,0.0,-0.04,-0.09,-0.07,0.05,0.09,-0.47,0.19,9.516,9.663,8.937,8.966,10.4,9.71,11.97,11.38,-0.004,-0.004,-0.004,0.0,0.02,-80.3064038,26.9209515,720.0
-10.4,3.7,0.0,-0.01,-0.03,-0.06,-0.01,0.11,-0.2,-0.49,0.19,9.457,9.633,8.947,9.035,10.3,9.91,11.87,11.38,-0.004,-0.004,-0.004,0.0,0.01,-80.3064038,26.9209515,720.05
-10.4,3.6,0.0,-0.01,-0.01,-0.07,0.12,-0.19,-0.16,-0.49,0.18,9.496,9.643,8.957,9.015,10.1,10.01,11.77,11.58,-0.004,-0.004,-0.004,0.0,0.01,-80.3064038,26.9209515,720.1
-10.4,3.6,0.0,-0.01,-0.01,-0.06,-0.41,-0.36,0.31,-0.5,0.2,9.526,9.692,8.957,9.045,10.5,10.01,11.67,11.58,-0.004,-0.004,-0.004,0.0,0.0,-80.3064038,26.9209515,720.15
-10.4,3.6,0.0,-0.01,-0.03,-0.1,-0.01,0.21,-0.31,-0.48,0.19,9.486,9.643,8.966,9.015,10.4,9.61,11.87,11.77,-0.004,-0.004,-0.004,0.0,0.01,-80.3064038,26.9209514,720.2
-10.4,3.7,0.0,-0.0,-0.04,-0.11,-0.24,0.04,-0.18,-0.49,0.19,9.486,9.653,8.947,8.996,10.2,9.52,11.67,11.18,-0.004,-0.004,-0.004,0.0,0.01,-80.3064038,26.9209514,720.25
-10.4,3.7,0.0,0.0,-0.01,-0.09,-0.21,0.05,-0.21,-0.47,0.21,9.496,9.663,8.927,8.986,10.2,9.91,12.07,11.58,-0.004,-0.004,-0.004,0.0,-0.0,-80.3064038,26.9209514,720.3
-10.4,3.6,0.0,-0.01,-0.02,-0.06,-0.16,0.23,0.28,-0.48,0.2,9.516,9.633,8.996,9.035,10.4,9.71,12.07,11.48,-0.004,-0.004,-0.004,0.0,0.0,-80.3064038,26.9209514,720.35
-10.4,3.7,0.0,-0.01,-0.04,-0.07,0.15,-0.14,-0.01,-0.48,0.2,9.506,9.712,8.917,8.986,10.1,10.01,11.48,11.09,-0.004,-0.004,-0.004,0.0,0.01,-80.3064038,26.9209514,720.4
-10.4,3.7,0.0,-0.01,-0.04,-0.07,0.12,-0.1,-0.03,-0.48,0.19,9.496,9.673,8.947,8.996,10.2,9.81,11.77,11.38,-0.004,-0.004,-0.004,0.0,0.01,-80.3064038,26.9209514,720.45
-10.5,3.7,0.0,-0.01,-0.02,-0.1,-0.19,-0.01,0.35,-0.48,0.19,9.506,9.653,8.927,8.976,10.2,9.81,11.77,11.28,-0.004,-0.004,-0.004,0.0,0.01,-80.3064038,26.9209514,720.5
-10.4,3.6,0.0,-0.01,-0.03,-0.1,0.04,0.14,0.02,-0.48,0.19,9.526,9.712,8.986,9.035,10.3,9.91,11.87,11.48,-0.004,-0.004,-0.004,0.0,0.01,-80.3064038,26.9209514,720.55
-10.4,3.7,0.0,-0.01,-0.03,-0.08,0.13,0.16,0.13,-0.48,0.19,9.516,9.682,8.937,8.996,10.3,9.81,11.77,11.38,-0.004,-0.004,-0.004,0.0,0.01,-80.3064038,26.9209514,720.6
-10.4,3.6,0.0,-0.0,-0.03,-0.07,-0.09,0.19,-0.01,-0.47,0.2,9.476,9.643,8.937,9.025,10.2,9.91,11.67,11.58,-0.004,-0.004,-0.004,0.0,0.01,-80.3064037,26.9209514,720.65
-10.4,3.6,0.0,-0.01,-0.03,-0.07,-0.13,-0.27,-0.22,-0.49,0.18,9.516,9.673,8.957,9.015,10.3,10.01,11.67,11.58,-0.004,-0.004,-0.004,0.0,0.01,-80.3064037,26.9209514,720.7
-10.4,3.6,0.0,-0.0,-0.05,-0.08,-0.08,-0.17,0.29,-0.49,0.2,9.516,9.682,8.957,8.996,10.4,10.01,11.87,11.38,-0.004,-0.004,-0.004,0.0,0.01,-80.3064037,26.9209514,720.75
-10.4,3.6,0.0,-0.0,-0.01,-0.11,-0.01,0.26,0.35,-0.48,0.2,9.486,9.624,8.976,9.006,10.1,9.61,11.97,11.38,-0.004,-0.004,-0.004,0.0,0.01,-80.3064037,26.9209514,720.8
-10.4,3.6,0.0,-0.0,-0.01,-0.09,0.14,-0.0,0.44,-0.48,0.2,9.496,9.643,8.957,9.025,10.3,9.71,11.67,11.77,-0.004,-0.004,-0.004,0.0,0.01,-80.3064037,26.9209514,720.85
-10.4,3.7,0.0,-0.0,-0.03,-0.08,0.03,0.36,-0.1,-0.48,0.22,9.545,9.702,8.917,9.006,10.2,10.01,11.67,11.58,-0.004,-0.004,-0.004,0.0,0.01,-80.3064037,26.9209514,720.9
-10.4,3.7,0.0,-0.0,-0.03,-0.08,-0.24,0.07,-0.23,-0.48,0.18,9.496,9.682,8.937,9.025,10.4,9.42,11.87,11.58,-0.004,-0.004,-0.004,0.0,0.01,-80.3064037,26.9209514,720.95
-10.4,3.7,0.0,-0.0,-0.05,-0.07,0.26,0.28,0.01,-0.48,0.21,9.486,9.633,8.947,9.015,10.2,9.71,11.77,11.58,-0.004,-0.004,-0.004,0.0,0.02,-80.3064037,26.9209514,721.0
-10.4,3.6,0.0,-0.0,-0.03,-0.11,0.2,0.3,-0.31,-0.47,0.23,9.516,9.682,8.957,9.006,10.3,9.71,11.87,11.28,-0.004,-0.004,-0.004,0.0,0.02,-80.3064037,26.9209514,721.05
-10.5,3.7,0.0,-0.0,-0.02,-0.09,-0.04,-0.08,0.23,-0.47,0.24,9.535,9.702,8.937,8.966,10.4,9.81,11.67,11.67,-0.004,-0.004,-0.004,0.0,0.02,-80.3064037,26.9209514,721.1
-10.4,3.7,0.0,-0.0,-0.04,-0.09,0.16,-0.22,-0.01,-0.46,0.26,9.476,9.643,8.947,9.025,10.1,9.91,11.77,11.48,-0.004,-0.004,-0.004,0.0,0.02,-80.3064037,26.9209514,721.15
-10.4,3.7,0.0,-0.0,-0.02,-0.07,0.02,-0.24,0.27,-0.47,0.2,9.516,9.663,8.947,9.025,10.2,9.61,11.38,11.38,-0.004,-0.004,-0.004,0.0,0.02,-80.3064037,26.9209514,721.2
-10.4,3.7,0.0,-0.01,-0.04,-0.07,0.26,0.19,0.14,-0.48,0.19,9.526,9.692,8.976,9.006,10.2,9.81,11.58,11.58,-0.004,-0.004,-0.004,0.0,0.01,-80.3064037,26.9209513,721.25
-10.4,3.7,0.0,-0.01,-0.04,-0.1,0.38,0.11,0.34,-0.48,0.18,9.535,9.682,8.917,8.986,10.1,9.61,11.77,11.58,-0.004,-0.004,-0.004,0.0,0.01,-80.3064037,26.9209513,721.3
-10.4,3.7,0.0,-0.01,-0.06,-0.1,0.21,-0.08,-0.11,-0.47,0.17,9.486,9.643,8.957,8.986,10.5,9.81,11.77,11.58,-0.004,-0.004,-0.004,0.0,0.01,-80.3064037,26.9209513,721.35
-10.4,3.7,0.0,-0.01,-0.03,-0.07,-0.06,0.26,0.01,-0.48,0.19,9.486,9.692,8.976,9.015,10.3,9.81,11.87,11.38,-0.004,-0.004,-0.004,0.0,0.01,-80.3064037,26.9209513,721.4
-10.4,3.6,0.0,-0.01,-0.03,-0.06,0.04,0.05,-0.1,-0.48,0.19,9.526,9.663,8.937,9.025,10.1,9.71,11.77,11.58,-0.004,-0.004,-0.004,0.0,0.01,-80.3064037,26.9209513,721.45
-10.4,3.7,0.0,-0.01,-0.03,-0.08,0.13,0.22,-0.04,-0.49,0.19,9.486,9.653,8.947,9.015,10.2,9.81,11.87,11.58,-0.004,-0.004,-0.004,0.0,0.01,-80.3064037,26.9209513,721.5
-10.4,3.7,0.0,-0.01,-0.03,-0.1,-0.13,0.28,0.17,-0.48,0.19,9.506,9.663,8.966,9.006,10.2,9.81,11.77,11.38,-0.004,-0.004,-0.004,0.0,0.0,-80.3064037,26.9209513,721.55
-10.5,3.7,0.0,-0.01,-0.02,-0.1,-0.12,0.13,0.04,-0.48,0.19,9.516,9.692,8.917,8.996,10.2,9.71,11.48,11.38,-0.004,-0.004,-0.004,0.0,0.0,-80.3064037,26.9209513,721.6
-10.4,3.6,0.0,-0.01,-0.05,-0.1,-0.14,0.41,-0.34,-0.48,0.19,9.516,9.663,8.907,8.996,10.1,9.81,12.07,11.48,-0.004,-0.004,-0.004,0.0,0.0,-80.3064036,26.9209513,721.65
-10.4,3.6,0.0,-0.01,-0.03,-0.06,-0.22,-0.1,0.22,-0.48,0.19,9.476,9.633,8.947,9.006,10.2,9.71,11.87,11.38,-0.004,-0.004,-0.004,0.0,0.0,-80.3064036,26.9209513,721.7
-10.4,3.7,0.0,-0.01,-0.02,-0.07,0.01,-0.03,-0.2,-0.49,0.21,9.496,9.663,8.937,9.025,10.3,9.91,11.48,11.67,-0.004,-0.004,-0.004,0.0,0.0,-80.3064036,26.9209513,721.75
-10.4,3.7,0.0,-0.01,-0.01,-0.09,-0.0,0.41,0.44,-0.48,0.2,9.496,9.682,8.937,9.006,10.2,9.71,11.87,11.77,-0.004,-0.004,-0.004,0.0,0.0,-80.3064036,26.9209513,721.8
-10.4,3.6,0.0,-0.01,-0.02,-0.08,-0.42,-0.29,0.33,-0.49,0.2,9.516,9.663,8.957,9.025,10.3,9.71,11.58,11.38,-0.004,-0.004,-0.004,0.0,-0.0,-80.3064036,26.9209513,721.85
-10.4,3.7,0.0,-0.01,-0.02,-0.09,0.1,-0.31,0.27,-0.5,0.21,9.506,9.692,8.937,8.976,10.2,9.91,11.58,11.58,-0.004,-0.004,-0.004,0.0,-0.0,-80.3064036,26.9209513,721.9
-10.4,3.6,0.0,-0.01,-0.07,-0.08,0.15,0.01,-0.05,-0.51,0.23,9.486,9.663,8.917,8.986,10.01,9.81,11.77,11.58,-0.004,-0.004,-0.004,0.0,-0.0,-80.3064036,26.9209513,721.95
-10.4,3.7,0.0,-0.01,-0.04,-0.09,0.19,-0.02,0.12,-0.48,0.19,9.496,9.643,8.986,9.035,10.2,9.71,11.97,11.77,-0.004,-0.004,-0.004,0.0,-0.0,-80.3064036,26.9209513,722.0
-10.4,3.7,0.0,-0.01,-0.02,-0.07,-0.05,0.02,0.24,-0.48,0.19,9.516,9.692,8.937,9.055,10.3,9.81,11.58,11.38,-0.004,-0.004,-0.004,0.0,-0.0,-80.3064036,26.9209513,722.05
-10.5,3.7,0.0,-0.01,-0.01,-0.09,0.04,-0.12,-0.13,-0.49,0.19,9.516,9.682,8.927,8.966,10.4,9.71,11.48,11.28,-0.004,-0.004,-0.004,0.0,-0.0,-80.3064036,26.9209513,722.1
-10.4,3.7,0.0,-0.01,-0.06,-0.09,0.13,-0.08,-0.16,-0.48,0.2,9.467,9.643,8.957,9.025,10.1,9.71,11.77,11.38,-0.004,-0.004,-0.004,0.0,-0.0,-80.3064036,26.9209513,722.15
-10.4,3.6,0.0,-0.01,-0.03,-0.08,-0.05,0.04,0.15,-0.5,0.2,9.526,9.692,8.966,9.015,10.4,9.71,11.58,11.58,-0.004,-0.004,-0.004,0.0,-0.0,-80.3064035,26.9209512,722.2
-10.4,3.7,0.0,-0.01,-0.02,-0.1,0.04,-0.07,0.16,-0.49,0.19,9.526,9.702,8.986,9.006,10.2,9.81,11.97,11.38,-0.004,-0.004,-0.004,0.0,-0.01,-80.3064035,26.9209512,722.25
-10.4,3.6,0.0,-0.01,-0.05,-0.07,-0.11,0.24,0.07,-0.48,0.19,9.506,9.663,8.937,8.996,10.2,9.71,11.58,11.58,-0.004,-0.004,-0.004,0.0,-0.01,-80.3064035,26.9209512,722.3
-10.4,3.6,0.0,-0.01,-0.04,-0.08,-0.05,0.31,-0.29,-0.48,0.18,9.476,9.624,8.937,8.996,10.1,9.81,11.77,11.58,-0.004,-0.004,-0.004,0.0,-0.01,-80.3064035,26.9209512,722.35
-10.4,3.6,0.0,-0.01,-0.03,-0.07,0.05,-0.01,0.09,-0.48,0.21,9.476,9.692,8.937,9.015,10.4,9.81,11.58,11.48,-0.004,-0.004,-0.004,0.0,0.01,-80.3064035,26.9209512,722.4
-10.4,3.6,0.0,-0.01,-0.01,-0.07,0.02,-0.17,-0.3,-0.49,0.18,9.545,9.692,9.015,9.084,10.3,9.52,11.67,11.38,-0.004,-0.004,-0.004,0.0,0.0,-80.3064035,26.9209512,722.45
-10.4,3.7,0.0,-0.01,-0.01,-0.09,0.09,0.03,-0.16,-0.48,0.2,9.476,9.663,8.888,9.006,10.3,9.81,11.58,11.28,-0.004,-0.004,-0.004,0.0,0.01,-80.3064035,26.9209512,722.5
-10.4,3.6,0.0,-0.01,-0.03,-0.1,0.15,0.27,-0.05,-0.48,0.2,9.476,9.614,8.917,9.006,10.3,9.81,11.67,11.77,-0.004,-0.004,-0.004,0.0,0.0,-80.3064035,26.9209512,722.55
-10.4,3.7,0.0,-0.01,-0.07,-0.08,-0.04,0.02,-0.07,-0.48,0.19,9.535,9.722,8.927,8.996,10.3,9.91,11.77,11.38,-0.004,-0.004,-0.004,0.0,0.01,-80.3064035,26.9209512,722.6
-10.4,3.7,0.0,-0.01,-0.1,-0.1,-0.09,-0.02,-0.12,-0.48,0.18,9.555,9.692,8.927,9.015,10.01,9.71,11.77,11.38,-0.004,-0.004,-0.004,0.0,0.01,-80.3064035,26.9209512,722.65
-10.4,3.7,0.0,-0.0,-0.05,-0.07,0.05,0.07,-0.29,-0.48,0.18,9.486,9.614,9.015,9.055,10.3,9.81,11.97,11.58,-0.004,-0.004,-0.004,0.0,0.01,-80.3064035,26.9209512,722.7
-10.4,3.6,0.0,-0.0,0.0,-0.07,-0.12,0.11,-0.08,-0.47,0.19,9.486,9.663,8.927,9.006,10.4,9.81,11.77,11.28,-0.004,-0.004,-0.004,0.0,0.01,-80.3064035,26.9209512,722.75
-10.4,3.7,0.0,-0.0,-0.0,-0.07,0.16,-0.09,0.17,-0.48,0.19,9.506,9.663,8.907,8.976,10.1,9.91,12.07,11.38,-0.004,-0.004,-0.004,0.0,0.01,-80.3064035,26.9209512,722.8
-10.4,3.6,0.0,-0.01,0.01,-0.1,0.09,-0.43,-0.04,-0.48,0.18,9.457,9.624,8.976,9.055,10.2,9.91,11.87,11.48,-0.004,-0.004,-0.004,0.0,0.01,-80.3064035,26.9209512,722.85
-10.4,3.6,0.0,-0.0,-0.02,-0.07,-0.02,-0.22,0.0,-0.47,0.16,9.516,9.682,8.976,9.045,10.1,9.71,11.97,11.58,-0.004,-0.004,-0.004,0.0,0.01,-80.3064034,26.9209512,722.9
-10.4,3.6,0.0,-0.0,-0.01,-0.08,-0.24,0.03,0.32,-0.48,0.2,9.535,9.712,8.966,9.035,10.2,9.61,11.67,11.58,-0.004,-0.004,-0.004,0.0,0.01,-80.3064034,26.9209512,722.95
-10.4,3.7,0.0,-0.0,-0.03,-0.07,0.16,-0.1,-0.36,-0.48,0.18,9.486,9.663,8.966,8.996,10.3,9.52,11.77,11.58,-0.004,-0.004,-0.004,0.0,0.01,-80.3064034,26.9209512,723.0
-10.4,3.6,0.0,-0.0,-0.03,-0.07,-0.13,0.03,0.3,-0.48,0.2,9.476,9.643,8.966,9.006,10.3,9.71,11.97,11.09,-0.004,-0.004,-0.004,0.0,0.01,-80.3064034,26.9209512,723.05
-10.4,3.7,0.0,-0.0,-0.06,-0.07,0.04,-0.09,0.25,-0.48,0.19,9.526,9.722,8.907,8.986,10.4,9.81,11.58,11.48,-0.004,-0.004,-0.004,0.0,0.01,-80.3064034,26.9209512,723.1
-10.4,3.7,0.0,-0.0,-0.06,-0.08,-0.25,0.11,-0.02,-0.49,0.18,9.526,9.673,8.976,9.055,10.4,9.91,11.77,11.28,-0.004,-0.004,-0.004,0.0,0.01,-80.3064034,26.9209512,723.15
-10.4,3.7,0.0,-0.0,-0.05,-0.1,0.0,-0.19,-0.08,-0.48,0.18,9.516,9.663,8.937,8.986,10.2,9.61,11.38,11.58,-0.004,-0.004,-0.004,0.0,0.01,-80.3064034,26.9209512,723.2
-10.4,3.7,0.0,-0.0,-0.05,-0.1,0.39,0.19,-0.4,-0.48,0.18,9.486,9.633,8.937,9.006,10.4,9.91,11.67,11.87,-0.004,-0.004,-0.004,0.0,0.01,-80.3064034,26.9209512,723.25
-10.4,3.7,0.0,-0.0,-0.01,-0.08,-0.2,-0.27,0.39,-0.49,0.2,9.516,9.663,8.947,9.035,10.3,9.71,11.38,11.58,-0.004,-0.004,-0.004,0.0,0.01,-80.3064034,26.9209512,723.3
-10.4,3.7,0.0,-0.0,-0.01,-0.08,-0.09,0.01,0.05,-0.48,0.19,9.486,9.692,8.927,9.025,10.2,9.71,11.58,11.48,-0.004,-0.004,-0.004,0.0,0.01,-80.3064034,26.9209512,723.35
-10.4,3.7,0.0,-0.0,-0.01,-0.08,-0.3,-0.06,-0.52,-0.48,0.18,9.486,9.633,8.947,8.986,10.2,9.71,12.07,11.38,-0.004,-0.004,-0.004,0.0,0.01,-80.3064034,26.9209512,723.4
-10.4,3.6,0.0,-0.0,-0.02,-0.07,-0.06,-0.06,0.04,-0.49,0.18,9.506,9.653,8.937,9.006,10.3,9.81,11.48,11.28,-0.004,-0.004,-0.004,0.0,0.01,-80.3064034,26.9209512,723.45
-10.4,3.7,0.0,-0.0,-0.03,-0.08,-0.0,0.15,0.02,-0.48,0.19,9.526,9.673,8.937,9.015,10.2,9.71,11.77,11.87,-0.004,-0.004,-0.004,0.0,0.01,-80.3064034,26.9209512,723.5
-10.4,3.6,0.0,-0.0,-0.05,-0.1,0.26,0.3,-0.3,-0.48,0.18,9.535,9.682,8.996,9.074,10.2,9.91,11.87,11.58,-0.004,-0.004,-0.004,0.0,0.01,-80.3064034,26.9209512,723.55
-10.4,3.7,0.0,-0.0,-0.06,-0.09,-0.16,0.25,0.19,-0.48,0.19,9.526,9.682,8.927,9.006,10.01,9.91,11.87,11.58,-0.004,-0.004,-0.004,0.0,0.01,-80.3064034,26.9209512,723.6
-10.4,3.6,0.0,-0.0,-0.05,-0.08,0.4,0.1,-0.01,-0.47,0.2,9.486,9.643,8.898,8.986,10.4,9.71,11.67,11.38,-0.004,-0.004,-0.004,0.0,0.01,-80.3064034,26.9209512,723.65
-10.4,3.7,0.0,0.0,-0.03,-0.06,-0.16,-0.03,-0.12,-0.48,0.17,9.486,9.653,8.927,9.006,10.4,9.71,11.67,11.77,-0.004,-0.004,-0.004,0.0,0.01,-80.3064034,26.9209512,723.7
-10.4,3.6,0.0,-0.01,-0.03,-0.09,-0.13,0.06,0.01,-0.48,0.21,9.516,9.682,8.976,9.045,10.2,9.81,11.58,11.28,-0.004,-0.004,-0.004,0.0,0.0,-80.3064034,26.9209512,723.75
-10.4,3.6,0.0,-0.01,-0.01,-0.11,0.13,0.22,0.22,-0.48,0.17,9.506,9.673,8.927,8.976,10.3,9.81,11.48,11.48,-0.004,-0.004,-0.004,0.0,0.0,-80.3064034,26.9209512,723.8
-10.4,3.6,0.0,-0.01,-0.02,-0.09,-0.11,0.04,-0.05,-0.48,0.18,9.467,9.633,8.966,9.015,10.2,9.71,11.77,11.58,-0.004,-0.004,-0.004,0.0,0.0,-80.3064034,26.9209512,723.85
-10.4,3.7,0.0,-0.01,-0.02,-0.09,-0.03,0.14,0.05,-0.49,0.2,9.486,9.653,8.917,8.996,10.1,9.81,11.87,11.48,-0.004,-0.004,-0.004,0.0,0.0,-80.3064034,26.9209512,723.9
-10.4,3.6,0.0,-0.01,-0.04,-0.06,0.27,-0.4,-0.12,-0.49,0.18,9.545,9.702,8.996,9.055,10.2,9.52,11.87,11.58,-0.004,-0.004,-0.004,0.0,0.01,-80.3064034,26.9209512,723.95
-10.4,3.6,0.0,-0.01,-0.04,-0.06,0.05,0.18,-0.09,-0.48,0.2,9.506,9.682,8.927,8.996,10.3,9.81,11.97,11.58,-0.004,-0.004,-0.004,0.0,0.01,-80.3064034,26.9209512,724.0
-10.4,3.6,0.0,-0.01,-0.02,-0.09,0.0,-0.05,0.23,-0.48,0.19,9.476,9.633,8.957,8.996,10.1,9.52,11.48,11.28,-0.004,-0.004,-0.004,0.0,0.01,-80.3064034,26.9209512,724.05
-10.5,3.7,0.0,-0.01,-0.04,-0.1,-0.08,0.14,0.18,-0.48,0.2,9.496,9.673,8.966,9.006,10.3,10.01,11.58,11.58,-0.004,-0.004,-0.004,0.0,0.0,-80.3064034,26.9209512,724.1
-10.4,3.6,0.0,-0.01,-0.01,-0.1,-0.13,0.13,-0.1,-0.48,0.18,9.545,9.692,8.996,9.055,10.5,9.91,11.67,11.48,-0.004,-0.004,-0.004,0.0,0.01,-80.3064034,26.9209512,724.15
-10.5,3.7,0.0,-0.01,-0.03,-0.08,-0.16,0.33,0.15,-0.47,0.19,9.486,9.663,8.937,8.976,10.3,9.61,11.67,11.58,-0.004,-0.004,-0.004,0.0,0.01,-80.3064034,26.9209512,724.2
-10.4,3.7,0.0,-0.01,-0.04,-0.06,-0.15,-0.06,0.07,-0.49,0.17,9.476,9.633,8.907,8.996,10.1,10.01,11.77,11.77,-0.004,-0.004,-0.004,0.0,0.01,-80.3064034,26.9209512,724.25
-10.5,3.7,0.0,-0.01,-0.03,-0.06,-0.24,0.13,0.04,-0.47,0.19,9.496,9.663,8.937,9.015,10.1,9.81,11.58,11.38,-0.004,-0.004,-0.004,0.0,0.01,-80.3064034,26.9209512,724.3
-10.5,3.7,0.0,-0.01,-0.02,-0.09,0.34,-0.03,0.1,-0.48,0.19,9.526,9.673,8.937,8.996,10.3,9.91,11.77,11.77,-0.004,-0.004,-0.004,0.0,0.01,-80.3064034,26.9209512,724.35
-10.4,3.7,0.0,-0.01,-0.02,-0.11,0.06,0.37,-0.08,-0.47,0.19,9.506,9.653,8.937,8.986,10.3,9.71,11.87,11.28,-0.004,-0.004,-0.004,0.0,0.01,-80.3064034,26.9209512,724.4
-10.4,3.6,0.0,-0.01,-0.02,-0.1,0.09,0.0,0.18,-0.47,0.19,9.476,9.663,8.937,9.015,10.3,9.52,11.77,11.58,-0.004,-0.004,-0.004,0.0,0.01,-80.3064034,26.9209512,724.45
-10.5,3.7,0.0,-0.01,-0.03,-0.06,-0.25,-0.16,0.19,-0.48,0.19,9.516,9.673,8.927,9.015,10.3,9.81,11.48,11.58,-0.004,-0.004,-0.004,0.0,-0.0,-80.3064034,26.9209512,724.5
-10.5,3.7,0.0,-0.01,-0.04,-0.07,-0.28,0.16,-0.18,-0.47,0.2,9.516,9.702,8.937,9.025,10.3,9.91,11.77,11.48,-0.004,-0.004,-0.004,0.0,-0.0,-80.3064034,26.9209512,724.55
-10.4,3.7,0.0,-0.01,-0.04,-0.09,0.04,0.11,-0.32,-0.47,0.19,9.476,9.633,8.937,8.976,10.3,9.61,11.87,11.28,-0.004,-0.004,-0.004,0.0,-0.0,-80.3064035,26.9209512,724.6
-10.4,3.7,0.0,-0.01,-0.02,-0.09,-0.0,0.23,-0.02,-0.48,0.2,9.486,9.633,8.957,8.986,10.2,9.91,11.87,11.48,-0.004,-0.004,-0.004,0.0,-0.0,-80.3064035,26.9209513,724.65
-10.5,3.7,0.0,-0.01,-0.01,-0.1,0.18,0.24,0.06,-0.47,0.2,9.486,9.673,8.966,8.986,10.3,9.91,11.87,11.38,-0.004,-0.004,-0.004,0.0,-0.01,-80.3064035,26.9209513,724.7
-10.4,3.7,0.0,-0.01,-0.04,-0.08,0.35,0.08,0.16,-0.46,0.22,9.516,9.682,8.957,9.035,10.2,9.71,11.58,11.58,-0.004,-0.004,-0.004,0.0,-0.01,-80.3064035,26.9209513,724.75
-10.5,3.7,0.0,-0.01,-0.05,-0.07,-0.02,0.07,-0.41,-0.45,0.23,9.486,9.633,8.927,8.957,10.2,10.01,11.67,11.67,-0.004,-0.004,-0.004,0.0,-0.0,-80.3064035,26.9209513,724.8
-10.3,3.6,0.0,-0.01,-0.04,-0.08,-0.05,0.18,-0.27,-0.44,0.25,9.506,9.643,8.966,9.025,10.3,9.71,11.77,11.48,-0.004,-0.004,-0.004,0.0,-0.0,-80.3064035,26.9209513,724.85
-10.4,3.6,0.0,-0.0,-0.03,-0.09,0.01,-0.08,-0.13,-0.43,0.26,9.506,9.663,8.976,9.006,10.3,9.81,11.87,11.58,-0.004,-0.004,-0.004,0.0,-0.01,-80.3064035,26.9209513,724.9
-10.4,3.6,0.0,-0.01,-0.03,-0.08,0.09,-0.2,-0.33,-0.42,0.28,9.506,9.663,8.966,9.015,10.01,9.91,11.58,11.67,-0.004,-0.004,-0.004,0.0,-0.01,-80.3064035,26.9209513,724.95
-10.4,3.6,0.0,-0.01,-0.04,-0.09,0.17,-0.2,-0.29,-0.41,0.29,9.526,9.702,8.976,9.025,10.3,9.91,11.67,11.77,-0.004,-0.004,-0.004,0.0,-0.01,-80.3064035,26.9209513,725.0
-10.4,3.6,0.0,-0.01,-0.06,-0.09,0.34,0.1,-0.12,-0.4,0.3,9.467,9.673,8.917,8.996,10.5,9.71,11.87,11.28,-0.004,-0.004,-0.004,0.0,-0.01,-80.3064035,26.9209513,725.05
-10.4,3.7,0.0,-0.01,-0.05,-0.09,0.08,-0.27,-0.39,-0.39,0.32,9.506,9.653,8.947,8.986,10.1,9.71,11.67,11.38,-0.004,-0.004,-0.004,0.0,-0.01,-80.3064035,26.9209513,725.1
-10.4,3.6,0.0,-0.01,-0.03,-0.07,0.18,0.26,0.21,-0.38,0.33,9.496,9.663,8.986,9.045,10.3,9.91,11.87,11.28,-0.004,-0.004,-0.004,0.0,-0.01,-80.3064035,26.9209513,725.15
-10.4,3.7,0.0,-0.01,-0.01,-0.11,-0.11,0.02,-0.07,-0.37,0.35,9.516,9.673,8.966,8.986,10.3,9.71,11.97,11.58,-0.004,-0.004,-0.004,0.0,-0.01,-80.3064035,26.9209513,725.2
-10.4,3.7,0.0,-0.01,-0.04,-0.06,-0.24,0.04,-0.21,-0.36,0.36,9.467,9.653,8.937,8.986,10.1,9.81,12.07,11.67,-0.004,-0.004,-0.004,0.0,-0.01,-80.3064035,26.9209513,725.25
-10.4,3.6,0.0,-0.01,-0.02,-0.08,-0.18,-0.13,0.49,-0.47,0.2,9.496,9.673,8.957,9.015,10.2,9.81,11.67,11.58,-0.004,-0.004,-0.004,0.0,-0.01,-80.3064035,26.9209513,725.3
-10.4,3.6,0.0,-0.01,-0.04,-0.07,-0.16,0.04,-0.43,-0.46,0.19,9.545,9.692,8.957,9.025,10.3,9.81,11.77,11.87,-0.004,-0.004,-0.004,0.0,-0.01,-80.3064036,26.9209513,725.35
-10.4,3.6,0.0,-0.01,-0.03,-0.11,-0.01,0.33,-0.08,-0.46,0.19,9.486,9.673,8.966,9.025,10.5,9.91,11.87,11.18,-0.004,-0.004,-0.004,0.0,-0.01,-80.3064036,26.9209513,725.4
-10.4,3.6,0.0,-0.01,-0.04,-0.05,-0.2,0.16,-0.14,-0.48,0.19,9.486,9.663,8.957,9.015,10.3,9.71,11.77,11.77,-0.004,-0.004,-0.004,0.0,-0.01,-80.3064036,26.9209513,725.45
-10.5,3.7,0.0,-0.01,0.05,-0.15,-0.02,-0.38,-0.13,-0.48,0.19,9.486,9.663,8.937,8.996,10.3,9.61,11.87,11.38,-0.004,-0.004,-0.004,0.0,-0.01,-80.3064036,26.9209513,725.5
-10.4,3.6,0.0,-0.01,0.0,-0.14,-0.09,0.22,0.18,-0.46,0.2,9.506,9.673,8.937,9.035,10.2,9.71,11.58,11.38,-0.004,-0.004,-0.004,0.0,-0.02,-80.3064036,26.9209513,725.55
-10.4,3.6,0.0,-0.01,-0.05,-0.07,0.15,-0.18,0.04,-0.47,0.2,9.486,9.692,8.947,9.015,10.2,9.81,11.58,11.38,-0.004,-0.004,-0.004,0.0,-0.01,-80.3064036,26.9209513,725.6
-10.4,3.7,0.0,-0.01,-0.03,-0.11,0.2,0.31,-0.24,-0.46,0.19,9.486,9.653,8.947,9.006,10.01,9.81,11.77,11.58,-0.004,-0.004,-0.004,0.0,-0.02,-80.3064036,26.9209513,725.65
-10.4,3.6,0.0,-0.01,-0.02,-0.07,-0.5,-0.18,-0.3,-0.47,0.19,9.486,9.663,8.947,9.035,10.3,9.52,11.58,11.67,-0.004,-0.004,-0.004,0.0,-0.02,-80.3064036,26.9209513,725.7
-10.4,3.6,0.0,-0.02,-0.02,-0.08,-0.24,-0.03,0.03,-0.46,0.2,9.496,9.692,8.937,9.006,10.2,9.81,11.67,11.48,-0.004,-0.004,-0.004,0.0,-0.02,-80.3064036,26.9209513,725.75
-10.4,3.7,0.0,-0.02,-0.03,-0.08,0.11,0.15,0.24,-0.47,0.2,9.516,9.663,8.937,9.006,10.3,9.81,11.87,11.48,-0.004,-0.004,-0.004,0.0,-0.02,-80.3064036,26.9209513,725.8
-10.5,3.7,0.0,-0.02,-0.01,-0.09,-0.38,-0.15,0.2,-0.46,0.2,9.516,9.663,8.898,8.996,10.1,9.71,11.67,11.77,-0.004,-0.004,-0.004,0.0,-0.02,-80.3064036,26.9209513,725.85
-10.4,3.6,0.0,-0.02,-0.04,-0.06,-0.16,-0.22,0.12,-0.48,0.19,9.496,9.663,8.937,8.996,10.2,9.71,11.77,11.77,-0.004,-0.004,-0.004,0.0,-0.02,-80.3064036,26.9209513,725.9
-10.4,3.6,0.0,-0.02,-0.03,-0.1,0.27,-0.26,-0.21,-0.48,0.19,9.496,9.673,8.947,9.025,10.4,9.81,11.97,11.77,-0.004,-0.004,-0.004,0.0,-0.02,-80.3064036,26.9209513,725.95
-10.4,3.7,0.0,-0.02,-0.04,-0.08,0.15,0.13,-0.22,-0.46,0.19,9.496,9.663,8.957,9.025,10.3,9.91,11.58,11.77,-0.004,-0.004,-0.004,0.0,-0.02,-80.3064036,26.9209514,726.0
-10.4,3.6,0.0,-0.02,-0.01,-0.09,-0.0,0.14,0.24,-0.47,0.2,9.506,9.653,8.957,9.006,10.1,9.81,11.77,11.67,-0.004,-0.004,-0.004,0.0,-0.02,-80.3064036,26.9209514,726.05
-10.5,3.7,0.0,-0.02,-0.04,-0.07,0.13,-0.13,0.05,-0.47,0.21,9.516,9.653,8.927,9.006,10.3,9.91,11.97,11.18,-0.004,-0.004,-0.004,0.0,-0.02,-80.3064036,26.9209514,726.1
-10.4,3.6,0.0,-0.02,-0.03,-0.08,-0.27,-0.21,-0.11,-0.48,0.19,9.506,9.663,8.976,9.025,10.1,9.61,11.77,11.18,-0.004,-0.004,-0.004,0.0,-0.03,-80.3064036,26.9209514,726.15
-10.4,3.7,0.0,-0.02,-0.02,-0.07,-0.18,-0.04,0.01,-0.48,0.19,9.526,9.653,8.976,9.006,10.3,9.81,11.58,11.48,-0.004,-0.004,-0.004,0.0,-0.02,-80.3064036,26.9209514,726.2
-10.4,3.6,0.0,-0.02,-0.02,-0.1,-0.16,0.17,0.01,-0.48,0.2,9.506,9.663,8.937,9.006,10.3,9.71,11.77,11.67,-0.004,-0.004,-0.004,0.0,-0.03,-80.3064036,26.9209514,726.25
-10.5,3.7,0.0,-0.03,-0.04,-0.08,0.53,-0.12,0.08,-0.47,0.2,9.516,9.663,8.947,9.006,10.1,9.91,11.77,11.77,-0.004,-0.004,-0.004,0.0,-0.02,-80.3064036,26.9209514,726.3
-10.4,3.6,0.0,-0.02,-0.03,-0.09,0.11,-0.26,-0.04,-0.47,0.19,9.496,9.682,8.976,9.006,10.3,9.61,11.87,11.38,-0.004,-0.004,-0.004,0.0,-0.03,-80.3064036,26.9209514,726.35
-10.4,3.6,0.0,-0.03,-0.05,-0.07,0.22,0.21,0.07,-0.47,0.19,9.506,9.663,8.937,9.025,10.1,9.61,11.87,11.48,-0.004,-0.004,-0.004,0.0,-0.03,-80.3064036,26.9209514,726.4
-10.4,3.6,0.0,-0.03,-0.02,-0.08,0.0,-0.19,0.3,-0.47,0.21,9.496,9.643,8.957,8.996,10.5,9.71,11.58,11.28,-0.004,-0.004,-0.004,0.0,-0.03,-80.3064036,26.9209514,726.45
-10.5,3.7,0.0,-0.03,-0.03,-0.09,0.01,0.25,0.29,-0.48,0.2,9.506,9.663,8.957,8.976,10.1,9.81,11.87,11.48,-0.004,-0.004,-0.004,0.0,-0.03,-80.3064036,26.9209513,726.5
-10.4,3.6,0.0,-0.03,-0.03,-0.09,0.13,0.12,0.58,-0.47,0.21,9.526,9.653,8.976,9.025,10.3,9.81,11.87,11.38,-0.004,-0.004,-0.004,0.0,-0.03,-80.3064036,26.9209513,726.55
-10.5,3.7,0.0,-0.03,-0.03,-0.08,-0.05,-0.02,-0.01,-0.47,0.2,9.516,9.653,8.966,9.006,10.2,9.71,11.58,11.58,-0.004,-0.004,-0.004,0.0,-0.03,-80.3064036,26.9209513,726.6
-10.4,3.6,0.0,-0.03,-0.01,-0.07,-0.34,-0.04,0.39,-0.47,0.21,9.496,9.663,8.927,9.015,10.2,9.71,11.77,11.38,-0.004,-0.004,-0.004,0.0,-0.03,-80.3064036,26.9209513,726.65
-10.4,3.6,0.0,-0.03,-0.03,-0.07,0.01,-0.19,-0.05,-0.47,0.2,9.526,9.653,8.947,8.996,10.2,9.81,12.07,11.28,-0.004,-0.004,-0.004,0.0,-0.03,-80.3064036,26.9209513,726.7
-10.4,3.6,0.0,-0.03,-0.03,-0.08,0.05,-0.31,0.19,-0.48,0.2,9.516,9.682,8.957,9.015,10.4,9.71,11.58,11.18,-0.004,-0.004,-0.004,0.0,-0.03,-80.3064036,26.9209513,726.75
-10.4,3.6,0.0,-0.03,-0.01,-0.09,-0.08,-0.16,0.12,-0.48,0.18,9.496,9.663,8.976,9.015,10.5,9.71,11.77,11.67,-0.004,-0.004,-0.004,0.0,-0.03,-80.3064036,26.9209513,726.8
-10.4,3.6,0.0,-0.03,-0.03,-0.07,-0.24,0.16,0.01,-0.47,0.19,9.516,9.663,8.947,9.006,10.2,9.61,11.87,11.58,-0.004,-0.004,-0.004,0.0,-0.04,-80.3064035,26.9209513,726.85
-10.5,3.7,0.0,-0.03,-0.03,-0.08,0.12,-0.21,0.26,-0.48,0.2,9.506,9.682,8.927,8.986,10.2,9.91,11.77,11.58,-0.004,-0.004,-0.004,0.0,-0.04,-80.3064035,26.9209513,726.9
-10.4,3.7,0.0,-0.03,-0.03,-0.1,0.11,0.01,0.12,-0.47,0.18,9.506,9.643,8.927,9.006,10.59,9.71,11.58,11.48,-0.004,-0.004,-0.004,0.0,-0.04,-80.3064035,26.9209513,726.95
-10.4,3.7,0.0,-0.03,-0.02,-0.07,-0.18,-0.2,0.05,-0.47,0.19,9.496,9.682,8.986,9.035,10.4,9.81,11.87,11.58,-0.004,-0.004,-0.004,0.0,-0.04,-80.3064035,26.9209513,727.0
-10.4,3.6,0.0,-0.03,-0.03,-0.08,-0.15,0.07,0.14,-0.47,0.19,9.496,9.663,8.966,9.025,10.3,9.71,11.97,11.58,-0.004,-0.004,-0.004,0.0,-0.04,-80.3064035,26.9209513,727.05
-10.5,3.7,0.0,-0.04,-0.03,-0.11,0.26,0.32,-0.3,-0.48,0.19,9.506,9.653,8.947,8.966,10.4,9.61,11.87,11.48,-0.004,-0.004,-0.004,0.0,-0.04,-80.3064035,26.9209513,727.1
-10.4,3.6,0.0,-0.04,-0.04,-0.08,-0.01,0.29,-0.11,-0.47,0.2,9.486,9.692,8.996,9.015,10.3,9.91,11.67,11.28,-0.004,-0.004,-0.004,0.0,-0.04,-80.3064035,26.9209513,727.15
-10.5,3.7,0.0,-0.04,-0.04,-0.08,0.4,0.01,-0.16,-0.47,0.19,9.476,9.673,8.957,8.986,10.4,9.81,11.77,11.48,-0.004,-0.004,-0.004,0.0,-0.04,-80.3064035,26.9209513,727.2
-10.4,3.7,0.0,-0.04,-0.04,-0.09,-0.22,-0.0,-0.03,-0.47,0.19,9.535,9.643,8.917,8.957,10.1,9.81,11.77,11.38,-0.004,-0.004,-0.004,0.0,-0.04,-80.3064035,26.9209513,727.25
-10.5,3.7,0.0,-0.04,-0.02,-0.08,-0.13,-0.01,-0.06,-0.47,0.19,9.496,9.663,8.937,9.015,10.1,9.71,12.16,11.58,-0.004,-0.004,-0.004,0.0,-0.04,-80.3064035,26.9209513,727.3
-10.4,3.6,0.0,-0.04,-0.03,-0.09,-0.14,0.16,0.12,-0.45,0.17,9.496,9.673,8.947,9.025,10.2,10.01,11.77,11.28,-0.004,-0.004,-0.004,0.0,-0.04,-80.3064035,26.9209513,727.35
-10.4,3.6,0.0,-0.04,-0.03,-0.08,0.27,-0.11,0.1,-0.47,0.2,9.526,9.663,8.957,9.006,10.1,10.01,11.87,11.67,-0.004,-0.004,-0.004,0.0,-0.04,-80.3064035,26.9209513,727.4
-10.4,3.6,0.0,-0.04,-0.03,-0.1,0.26,-0.04,-0.24,-0.47,0.19,9.486,9.653,8.957,9.035,10.3,9.81,11.77,11.58,-0.004,-0.004,-0.004,0.0,-0.04,-80.3064035,26.9209513,727.45
-10.4,3.7,0.0,-0.04,-0.04,-0.08,0.1,0.17,-0.27,-0.47,0.19,9.496,9.653,8.937,8.986,10.4,9.91,11.77,11.48,-0.004,-0.004,-0.004,0.0,-0.05,-80.3064035,26.9209513,727.5
-10.4,3.7,0.0,-0.04,-0.07,-0.04,0.2,0.13,0.03,-0.47,0.19,9.516,9.663,8.966,9.006,10.01,9.81,11.87,11.38,-0.004,-0.004,-0.004,0.0,-0.05,-80.3064035,26.9209513,727.55
-10.4,3.7,0.0,-0.04,-0.01,-0.13,-0.12,0.13,-0.33,-0.47,0.19,9.496,9.633,8.966,9.015,10.2,9.61,11.48,11.58,-0.004,-0.004,-0.004,0.0,-0.05,-80.3064035,26.9209513,727.6
-10.4,3.6,0.0,-0.04,-0.04,-0.07,-0.01,-0.1,0.05,-0.48,0.19,9.496,9.682,8.957,9.035,10.1,9.71,11.58,11.09,-0.004,-0.004,-0.004,0.0,-0.05,-80.3064035,26.9209513,727.65
-10.4,3.6,0.0,-0.05,-0.02,-0.09,-0.05,0.13,-0.35,-0.47,0.19,9.506,9.663,8.937,9.006,10.2,9.91,11.58,11.77,-0.004,-0.004,-0.004,0.0,-0.05,-80.3064035,26.9209513,727.7
-10.4,3.6,0.0,-0.05,-0.03,-0.08,0.1,-0.39,0.34,-0.49,0.21,9.496,9.643,8.996,9.055,10.3,9.91,11.58,11.28,-0.004,-0.004,-0.004,0.0,-0.05,-80.3064035,26.9209513,727.75
-10.5,3.7,0.0,-0.05,-0.03,-0.08,0.19,-0.4,-0.03,-0.49,0.19,9.496,9.673,8.927,8.986,10.3,9.91,11.58,11.38,-0.004,-0.004,-0.004,0.0,-0.05,-80.3064035,26.9209513,727.8
-10.4,3.6,0.0,-0.05,-0.03,-0.09,0.04,0.33,-0.13,-0.47,0.19,9.506,9.653,8.976,9.045,10.3,9.91,11.97,11.38,-0.004,-0.004,-0.004,0.0,-0.05,-80.3064035,26.9209513,727.85
-10.4,3.6,0.0,-0.05,-0.03,-0.09,0.13,-0.18,-0.12,-0.45,0.18,9.516,9.653,8.947,9.015,10.2,9.42,11.87,11.28,-0.004,-0.004,-0.004,0.0,-0.05,-80.3064035,26.9209513,727.9
-10.5,3.7,0.0,-0.05,-0.06,-0.07,-0.05,0.3,-0.32,-0.47,0.19,9.506,9.673,8.957,8.976,10.5,9.81,11.87,11.77,-0.004,-0.004,-0.004,0.0,-0.05,-80.3064035,26.9209513,727.95
-10.5,3.7,0.0,-0.05,-0.03,-0.07,0.11,-0.22,0.0,-0.49,0.19,9.486,9.673,8.957,9.006,10.01,9.61,11.87,11.77,-0.004,-0.004,-0.004,0.0,-0.05,-80.3064035,26.9209513,728.0
-10.5,3.7,0.0,-0.05,-0.04,-0.09,0.2,0.14,-0.19,-0.47,0.19,9.476,9.663,8.937,9.006,10.4,9.81,11.77,11.48,-0.004,-0.004,-0.004,0.0,-0.05,-80.3064035,26.9209513,728.05
-10.5,3.7,0.0,-0.05,-0.03,-0.1,0.13,-0.06,0.37,-0.47,0.19,9.516,9.673,8.937,8.986,10.2,10.1,12.07,11.58,-0.004,-0.004,-0.004,0.0,-0.05,-80.3064035,26.9209513,728.1
-10.4,3.6,0.0,-0.05,-0.03,-0.11,0.07,0.28,-0.51,-0.47,0.19,9.516,9.653,8.966,9.035,10.3,9.81,11.67,11.38,-0.004,-0.004,-0.004,0.0,-0.06,-80.3064035,26.9209512,728.15
-10.5,3.7,0.0,-0.05,-0.05,-0.06,-0.04,-0.08,-0.32,-0.47,0.19,9.496,9.712,8.927,9.035,10.2,9.71,11.87,11.38,-0.004,-0.004,-0.004,0.0,-0.06,-80.3064035,26.9209512,728.2
-10.4,3.6,0.0,-0.05,-0.03,-0.09,-0.14,0.04,-0.09,-0.48,0.21,9.496,9.663,8.957,8.976,10.3,9.81,11.58,11.28,-0.004,-0.004,-0.004,0.0,-0.06,-80.3064035,26.9209512,728.25
-10.5,3.7,0.0,-0.05,-0.06,-0.07,0.12,0.1,0.37,-0.47,0.21,9.486,9.633,8.917,9.006,10.3,9.71,11.48,11.38,-0.004,-0.004,-0.004,0.0,-0.06,-80.3064034,26.9209512,728.3
-10.4,3.6,0.0,-0.06,-0.02,-0.08,0.02,-0.33,0.12,-0.48,0.19,9.506,9.673,8.976,9.025,10.3,9.71,11.77,11.58,-0.004,-0.004,-0.004,0.0,-0.06,-80.3064034,26.9209512,728.35
-10.5,3.7,0.0,-0.06,-0.02,-0.09,0.13,-0.11,-0.07,-0.48,0.2,9.506,9.663,8.976,9.015,10.01,9.91,11.87,11.48,-0.004,-0.004,-0.004,0.0,-0.06,-80.3064034,26.9209512,728.4
-10.4,3.6,0.0,-0.06,-0.0,-0.08,-0.03,-0.27,0.16,-0.49,0.2,9.535,9.673,9.006,9.035,10.4,10.01,11.87,11.48,-0.004,-0.004,-0.004,0.0,-0.06,-80.3064034,26.9209512,728.45
-10.4,3.7,0.0,-0.06,-0.04,-0.1,0.09,0.15,-0.15,-0.48,0.21,9.496,9.663,8.898,8.976,10.4,9.81,11.87,11.38,-0.004,-0.004,-0.004,0.0,-0.06,-80.3064034,26.9209512,728.5
-10.5,3.7,0.0,-0.06,-0.05,-0.08,0.03,-0.04,-0.02,-0.49,0.18,9.506,9.624,8.927,8.966,10.1,9.61,11.58,11.28,-0.004,-0.004,-0.004,0.0,-0.06,-80.3064034,26.9209512,728.55
-10.4,3.6,0.0,-0.06,-0.03,-0.09,-0.13,0.38,-0.36,-0.47,0.19,9.535,9.653,8.966,9.055,9.91,9.91,12.16,11.38,-0.004,-0.004,-0.004,0.0,-0.06,-80.3064034,26.9209512,728.6
-10.4,3.6,0.0,-0.06,-0.02,-0.09,0.04,0.16,-0.16,-0.47,0.2,9.496,9.682,8.957,9.055,10.1,9.91,11.58,11.58,-0.004,-0.004,-0.004,0.0,-0.06,-80.3064034,26.9209512,728.65
-10.4,3.7,0.0,-0.06,-0.02,-0.06,-0.42,0.17,0.03,-0.47,0.2,9.486,9.643,8.917,8.986,10.2,9.71,11.77,11.28,-0.004,-0.004,-0.004,0.0,-0.07,-80.3064034,26.9209512,728.7
-10.4,3.7,0.0,-0.06,-0.02,-0.09,-0.01,0.18,-0.08,-0.47,0.2,9.506,9.682,8.957,9.015,10.1,9.91,11.97,11.38,-0.004,-0.004,-0.004,0.0,-0.07,-80.3064034,26.9209512,728.75
-10.4,3.6,0.0,-0.06,-0.06,-0.06,0.15,-0.36,0.11,-0.49,0.2,9.535,9.702,8.966,9.006,10.5,9.71,11.97,11.58,-0.004,-0.004,-0.004,0.0,-0.07,-80.3064034,26.9209512,728.8
-10.4,3.6,0.0,-0.06,-0.07,-0.1,0.22,0.13,-0.45,-0.48,0.19,9.516,9.673,8.996,9.006,10.3,9.71,11.97,11.38,-0.004,-0.004,-0.004,0.0,-0.07,-80.3064034,26.9209512,728.85
-10.5,3.6,0.0,-0.06,-0.02,-0.07,0.09,-0.17,-0.14,-0.48,0.19,9.457,9.624,8.947,9.015,10.2,9.81,12.07,11.38,-0.004,-0.004,-0.004,0.0,-0.07,-80.3064034,26.9209512,728.9
-10.4,3.6,0.0,-0.06,0.0,-0.08,-0.14,0.03,0.39,-0.48,0.21,9.496,9.673,9.025,9.045,10.59,9.91,11.77,11.48,-0.004,-0.004,-0.004,0.0,-0.07,-80.3064034,26.9209512,728.95
-10.5,3.6,0.0,-0.07,-0.02,-0.07,-0.01,-0.25,-0.29,-0.49,0.19,9.565,9.692,8.937,8.986,10.4,9.81,11.77,11.28,-0.004,-0.004,-0.004,0.0,-0.07,-80.3064034,26.9209512,729.0
-10.4,3.6,0.0,-0.07,-0.05,-0.1,0.14,0.3,-0.21,-0.49,0.19,9.467,9.653,8.898,8.957,10.4,9.71,11.87,11.58,-0.004,-0.004,-0.004,0.0,-0.07,-80.3064034,26.9209512,729.05
-10.4,3.7,0.0,-0.07,-0.04,-0.09,0.11,0.03,-0.03,-0.48,0.19,9.437,9.643,8.957,9.035,10.3,9.61,11.97,11.58,-0.004,-0.004,-0.004,0.0,-0.07,-80.3064034,26.9209512,729.1
-10.5,3.6,0.0,-0.07,-0.0,-0.05,-0.18,-0.04,0.1,-0.48,0.21,9.555,9.702,8.976,9.035,10.3,9.81,11.67,11.67,-0.004,-0.004,-0.004,0.0,-0.07,-80.3064034,26.9209512,729.15
-10.5,3.7,0.0,-0.07,-0.03,-0.07,-0.04,-0.0,-0.08,-0.48,0.2,9.535,9.682,8.937,8.976,10.2,9.71,11.87,11.28,-0.004,-0.004,-0.004,0.0,-0.07,-80.3064034,26.9209512,729.2
-10.5,3.7,0.0,-0.07,-0.06,-0.1,-0.02,-0.0,-0.37,-0.48,0.19,9.486,9.633,8.917,8.976,10.1,9.52,11.87,11.58,-0.004,-0.004,-0.004,0.0,-0.07,-80.3064034,26.9209512,729.25
-10.5,3.7,0.0,-0.07,-0.03,-0.07,0.23,0.15,0.14,-0.48,0.2,9.506,9.663,8.957,9.015,10.3,9.81,11.67,11.58,-0.004,-0.004,-0.004,0.0,-0.07,-80.3064034,26.9209512,729.3
-10.4,3.6,0.0,-0.07,-0.01,-0.09,0.22,-0.0,0.11,-0.48,0.2,9.565,9.702,8.986,9.025,10.3,9.91,12.07,11.38,-0.004,-0.004,-0.004,0.0,-0.07,-80.3064034,26.9209512,729.35
-10.4,3.6,0.0,-0.07,-0.01,-0.08,0.17,-0.14,0.39,-0.48,0.21,9.496,9.653,8.937,8.976,10.3,9.71,11.58,11.58,-0.004,-0.004,-0.004,0.0,-0.07,-80.3064034,26.9209512,729.4
-10.5,3.7,0.0,-0.07,-0.03,-0.09,-0.05,0.22,0.26,-0.48,0.21,9.447,9.633,8.927,9.015,10.4,9.81,11.58,11.48,-0.004,-0.004,-0.004,0.0,-0.08,-80.3064034,26.9209512,729.45
-10.5,3.6,0.0,-0.07,-0.03,-0.08,-0.16,-0.04,0.21,-0.48,0.2,9.516,9.673,8.907,8.996,10.1,9.81,11.87,11.87,-0.004,-0.004,-0.004,0.0,-0.08,-80.3064034,26.9209512,729.5
-10.4,3.6,0.0,-0.07,-0.01,-0.09,-0.47,-0.29,-0.11,-0.49,0.2,9.526,9.692,9.006,9.055,10.4,9.71,11.58,11.58,-0.004,-0.004,-0.004,0.0,-0.08,-80.3064033,26.9209512,729.55
-10.5,3.7,0.0,-0.07,-0.07,-0.04,-0.06,-0.04,-0.08,-0.48,0.21,9.496,9.663,8.927,8.986,10.4,9.91,11.87,11.77,-0.004,-0.004,-0.004,0.0,-0.08,-80.3064033,26.9209512,729.6
-10.2,3.6,0.0,-0.08,-0.04,-0.09,0.33,0.13,-0.21,-0.48,0.2,9.496,9.633,9.035,9.104,10.2,9.81,11.67,11.28,-0.004,-0.004,-0.004,0.0,-0.08,-80.3064033,26.9209512,729.65
-10.3,3.6,0.0,-0.08,-0.03,-0.07,-0.11,-0.13,-0.18,-0.48,0.2,9.535,9.692,9.045,9.084,10.3,9.91,11.58,11.28,-0.004,-0.004,-0.004,0.0,-0.08,-80.3064033,26.9209512,729.7
-10.4,3.6,0.0,-0.08,-0.04,-0.1,0.0,-0.14,-0.11,-0.48,0.21,9.526,9.682,9.006,9.055,10.4,9.61,11.77,11.28,-0.004,-0.004,-0.004,0.0,-0.08,-80.3064033,26.9209512,729.75
-10.4,3.6,0.0,-0.08,-0.04,-0.1,0.18,0.23,-0.24,-0.48,0.2,9.496,9.653,8.947,9.006,10.2,9.91,11.77,11.28,-0.004,-0.004,-0.004,0.0,-0.08,-80.3064033,26.9209512,729.8
-10.4,3.7,0.0,-0.08,-0.03,-0.08,0.02,0.01,-0.19,-0.48,0.19,9.486,9.653,8.937,9.006,10.4,9.71,11.58,11.38,-0.004,-0.004,-0.004,0.0,-0.08,-80.3064033,26.9209512,729.85
-10.5,3.7,0.0,-0.08,-0.02,-0.09,-0.05,0.16,-0.04,-0.48,0.2,9.526,9.663,8.947,9.006,10.1,9.61,11.87,11.48,-0.004,-0.004,-0.004,0.0,-0.08,-80.3064033,26.9209512,729.9
-10.4,3.6,0.0,-0.08,-0.04,-0.07,0.11,-0.14,-0.14,-0.48,0.2,9.516,9.663,8.957,9.035,10.3,9.71,11.77,11.58,-0.004,-0.004,-0.004,0.0,-0.08,-80.3064033,26.9209512,729.95
-10.4,3.6,0.0,-0.08,-0.05,-0.08,0.22,0.21,-0.12,-0.48,0.19,9.516,9.663,8.927,9.025,10.3,9.71,11.77,11.58,-0.004,-0.004,-0.004,0.0,-0.08,-80.3064033,26.9209512,730.0
-10.4,3.6,0.0,-0.08,-0.03,-0.09,0.0,-0.4,-0.2,-0.48,0.22,9.486,9.643,8.927,9.015,10.3,9.81,11.87,11.28,-0.004,-0.004,-0.004,0.0,-0.09,-80.3064033,26.9209512,730.05
-10.5,3.7,0.0,-0.08,-0.03,-0.07,-0.06,-0.12,-0.62,-0.48,0.2,9.506,9.633,8.937,9.015,10.2,10.01,12.07,11.58,-0.004,-0.004,-0.004,0.0,-0.09,-80.3064033,26.9209512,730.1
-10.4,3.6,0.0,-0.08,-0.01,-0.1,0.37,0.25,0.18,-0.48,0.2,9.486,9.673,8.976,9.025,10.2,10.01,11.48,11.67,-0.004,-0.004,-0.004,0.0,-0.09,-80.3064033,26.9209512,730.15
-10.5,3.7,0.0,-0.08,-0.05,-0.07,-0.12,-0.04,0.08,-0.48,0.2,9.496,9.692,8.976,9.035,10.2,9.81,11.87,11.48,-0.004,-0.004,-0.004,0.0,-0.09,-80.3064033,26.9209512,730.2
-10.4,3.6,0.0,-0.08,-0.05,-0.09,0.08,-0.2,0.14,-0.48,0.2,9.506,9.663,8.966,9.006,10.2,9.91,11.87,11.58,-0.004,-0.004,-0.004,0.0,-0.09,-80.3064033,26.9209512,730.25
-10.5,3.7,0.0,-0.08,-0.04,-0.08,-0.21,0.06,-0.04,-0.49,0.21,9.496,9.673,8.957,8.986,10.2,9.91,11.87,11.38,-0.004,-0.004,-0.004,0.0,-0.09,-80.3064033,26.9209512,730.3
-10.4,3.6,0.0,-0.09,-0.02,-0.1,-0.03,0.12,-0.42,-0.48,0.19,9.496,9.663,8.976,8.986,10.1,9.81,11.77,11.67,-0.004,-0.004,-0.004,0.0,-0.09,-80.3064033,26.9209512,730.35
-10.4,3.6,0.0,-0.01,-0.03,-0.08,0.22,0.17,-0.14,-0.49,0.2,9.496,9.692,8.966,9.035,10.3,10.01,11.77,11.28,-0.004,-0.004,-0.004,0.0,-0.01,-80.3064033,26.9209512,730.4
-10.5,3.7,0.0,-0.0,-0.02,-0.08,0.12,0.03,-0.06,-0.47,0.21,9.467,9.653,8.927,8.966,10.1,9.91,11.48,11.77,-0.004,-0.004,-0.004,0.0,-0.01,-80.3064032,26.9209512,730.45
-10.5,3.6,0.0,0.0,-0.01,-0.07,-0.09,0.19,0.25,-0.48,0.2,9.506,9.643,8.966,8.976,10.3,9.81,11.77,11.58,-0.004,-0.004,-0.004,0.0,0.0,-80.3064032,26.9209512,730.5
-10.4,3.6,0.0,0.0,-0.03,-0.1,0.0,-0.1,-0.23,-0.46,0.18,9.516,9.692,8.957,8.986,10.4,9.52,11.87,11.28,-0.004,-0.004,-0.004,0.0,0.0,-80.3064032,26.9209512,730.55
-10.5,3.7,0.0,-0.0,-0.06,-0.11,0.19,-0.03,-0.59,-0.49,0.2,9.496,9.633,8.976,9.006,10.2,9.81,11.87,11.48,-0.004,-0.004,-0.004,0.0,-0.01,-80.3064032,26.9209512,730.6
-10.4,3.7,0.0,-0.01,-0.07,-0.06,-0.14,-0.16,0.1,-0.49,0.2,9.486,9.643,8.986,9.015,10.2,9.52,11.97,11.28,-0.004,-0.004,-0.004,0.0,-0.01,-80.3064032,26.9209512,730.65
-10.4,3.7,0.0,-0.01,-0.03,-0.09,-0.13,-0.02,0.15,-0.49,0.2,9.526,9.702,8.966,9.006,10.5,10.01,11.58,11.67,-0.004,-0.004,-0.004,0.0,-0.01,-80.3064032,26.9209512,730.7
-10.4,3.6,0.0,-0.01,-0.05,-0.08,-0.04,0.22,-0.18,-0.5,0.21,9.467,9.692,8.947,9.015,10.5,9.71,11.58,11.77,-0.004,-0.004,-0.004,0.0,-0.0,-80.3064032,26.9209512,730.75
-10.5,3.7,0.0,-0.01,-0.03,-0.09,0.19,-0.4,0.15,-0.5,0.2,9.476,9.643,9.035,9.045,10.2,9.71,11.97,11.58,-0.004,-0.004,-0.004,0.0,0.0,-80.3064032,26.9209512,730.8
-10.4,3.6,0.0,-0.01,-0.02,-0.09,-0.16,-0.13,0.18,-0.49,0.2,9.545,9.722,9.123,9.133,10.2,9.81,11.77,11.58,-0.004,-0.004,-0.004,0.0,0.0,-80.3064032,26.9209512,730.85
-10.5,3.7,0.0,-0.0,0.0,-0.13,0.05,0.07,0.31,-0.49,0.19,9.516,9.692,8.927,8.937,10.3,9.91,12.07,11.77,-0.004,-0.004,-0.004,0.0,-0.01,-80.3064032,26.9209512,730.9
-10.4,3.6,0.0,-0.0,-0.05,-0.1,0.31,0.07,-0.12,-0.49,0.2,9.427,9.643,8.976,9.015,10.1,9.91,11.67,11.77,-0.004,-0.004,-0.004,0.0,-0.01,-80.3064032,26.9209512,730.95
-10.4,3.6,0.0,-0.0,-0.02,-0.08,-0.2,-0.24,0.01,-0.5,0.2,9.447,9.682,9.064,9.123,10.3,9.71,11.58,11.67,-0.004,-0.004,-0.004,0.0,-0.01,-80.3064032,26.9209511,731.0
-10.4,3.6,0.0,-0.0,-0.04,-0.05,-0.17,-0.59,-0.26,-0.5,0.2,9.535,9.761,9.025,9.104,10.5,10.1,11.58,11.09,-0.004,-0.004,-0.004,0.0,0.0,-80.3064032,26.9209511,731.05
-10.5,3.7,0.0,-0.01,-0.04,-0.1,-0.02,0.33,-0.39,-0.46,0.22,9.486,9.633,8.947,9.045,10.2,10.01,11.77,11.38,-0.004,-0.004,-0.004,0.0,0.01,-80.3064032,26.9209511,731.1
-10.4,3.6,0.0,-0.01,-0.05,-0.1,-0.23,-0.19,-0.03,-0.49,0.2,9.437,9.555,9.035,9.113,10.1,10.01,11.58,11.38,-0.004,-0.004,-0.004,0.0,0.0,-80.3064032,26.9209511,731.15
-10.5,3.7,0.0,-0.01,-0.01,-0.13,0.02,-0.07,0.33,-0.51,0.2,9.496,9.624,8.996,9.055,10.1,9.61,11.77,11.87,-0.004,-0.004,-0.004,0.0,-0.01,-80.3064032,26.9209511,731.2
-10.5,3.7,0.0,-0.0,-0.0,-0.1,-0.1,-0.03,0.04,-0.48,0.2,9.535,9.732,8.996,9.045,10.3,9.91,11.67,11.38,-0.004,-0.004,-0.004,0.0,-0.01,-80.3064032,26.9209511,731.25
-10.5,3.7,0.0,-0.0,-0.04,-0.08,0.07,-0.41,-0.21,-0.5,0.2,9.467,9.682,8.917,9.045,10.3,9.71,11.67,11.38,-0.004,-0.004,-0.004,0.0,-0.01,-80.3064032,26.9209511,731.3
-10.4,3.6,0.0,-0.0,-0.05,-0.07,-0.13,-0.05,0.01,-0.48,0.2,9.496,9.653,8.888,9.025,10.3,9.81,11.77,11.38,-0.004,-0.004,-0.004,0.0,-0.01,-80.3064032,26.9209512,731.35
-10.5,3.7,0.0,0.0,-0.02,-0.08,-0.18,-0.53,0.05,-0.5,0.2,9.516,9.673,8.888,8.927,10.2,9.91,11.87,11.58,-0.004,-0.004,-0.004,0.0,0.0,-80.3064032,26.9209512,731.4
-10.4,3.6,0.0,-0.0,-0.01,-0.11,0.02,0.3,-0.12,-0.48,0.2,9.516,9.692,8.996,9.035,10.3,9.61,11.87,11.38,-0.004,-0.004,-0.004,0.0,0.0,-80.3064032,26.9209512,731.45
-10.5,3.6,0.0,-0.01,-0.05,-0.07,0.15,0.06,-0.04,-0.48,0.2,9.545,9.663,8.947,9.035,10.5,9.71,11.87,11.67,-0.004,-0.004,-0.004,0.0,-0.01,-80.3064032,26.9209512,731.5
-10.5,3.6,0.0,-0.0,-0.02,-0.07,0.11,0.02,0.32,-0.48,0.22,9.516,9.643,8.907,8.947,10.3,9.91,12.07,11.87,-0.004,-0.004,-0.004,0.0,-0.01,-80.3064032,26.9209512,731.55
-10.4,3.6,0.0,-0.0,-0.04,-0.06,-0.08,-0.16,0.36,-0.48,0.22,9.496,9.673,8.966,9.035,10.4,9.71,11.77,11.77,-0.004,-0.004,-0.004,0.0,-0.01,-80.3064032,26.9209512,731.6
-10.5,3.7,0.0,-0.0,-0.03,-0.07,0.16,0.05,0.18,-0.47,0.18,9.506,9.663,8.966,9.045,10.2,9.71,11.28,11.38,-0.004,-0.004,-0.004,0.0,-0.01,-80.3064032,26.9209512,731.65
-10.4,3.6,0.0,0.0,-0.01,-0.1,-0.17,-0.27,-0.11,-0.5,0.21,9.516,9.682,8.937,9.006,10.4,10.01,12.07,11.09,-0.004,-0.004,-0.004,0.0,-0.0,-80.3064032,26.9209512,731.7
-10.4,3.6,0.0,-0.0,-0.03,-0.07,-0.23,-0.05,-0.01,-0.48,0.2,9.496,9.653,8.937,9.015,10.3,9.91,11.58,11.28,-0.004,-0.004,-0.004,0.0,-0.01,-80.3064032,26.9209512,731.75
-10.5,3.7,0.0,-0.0,-0.02,-0.06,-0.34,-0.39,0.26,-0.5,0.22,9.486,9.682,8.947,9.015,10.2,9.91,11.97,11.48,-0.004,-0.004,-0.004,0.0,-0.01,-80.3064033,26.9209511,731.8
-10.4,3.6,0.0,-0.0,-0.03,-0.07,-0.1,-0.07,0.12,-0.49,0.22,9.555,9.712,8.957,9.035,10.1,9.61,11.77,11.28,-0.004,-0.004,-0.004,0.0,-0.01,-80.3064033,26.9209511,731.85
-10.5,3.7,0.0,-0.0,-0.03,-0.07,0.11,-0.15,-0.01,-0.48,0.22,9.516,9.643,8.937,9.006,10.2,9.52,11.87,11.58,-0.004,-0.004,-0.004,0.0,0.0,-80.3064033,26.9209511,731.9
-10.4,3.6,0.0,-0.0,-0.04,-0.1,0.19,0.18,0.07,-0.47,0.22,9.457,9.624,8.966,9.015,10.2,9.71,11.77,11.48,-0.004,-0.004,-0.004,0.0,0.0,-80.3064033,26.9209511,731.95
-10.5,3.7,0.0,-0.0,-0.03,-0.1,-0.09,0.05,0.01,-0.48,0.22,9.506,9.643,8.927,8.996,10.4,9.91,11.67,11.58,-0.004,-0.004,-0.004,0.0,0.0,-80.3064033,26.9209511,732.0
-10.5,3.6,0.0,-0.0,-0.02,-0.09,-0.06,-0.26,-0.1,-0.49,0.23,9.516,9.663,8.966,9.025,10.3,9.71,11.87,11.28,-0.004,-0.004,-0.004,0.0,-0.01,-80.3064033,26.9209512,732.05
-10.4,3.7,0.0,0.0,-0.04,-0.07,-0.0,0.25,0.07,-0.49,0.24,9.516,9.663,8.947,8.996,10.2,9.52,12.07,11.48,-0.004,-0.004,-0.004,0.0,0.0,-80.3064033,26.9209511,732.1
-10.4,3.6,0.0,0.0,-0.04,-0.08,0.23,0.09,0.03,-0.49,0.25,9.496,9.673,8.917,9.006,10.2,9.81,11.77,11.48,-0.004,-0.004,-0.004,0.0,0.0,-80.3064033,26.9209511,732.15
-10.5,3.7,0.0,-0.0,-0.02,-0.1,0.4,0.24,0.1,-0.49,0.23,9.516,9.673,8.957,9.035,10.4,9.91,11.87,11.48,-0.004,-0.004,-0.004,0.0,0.0,-80.3064033,26.9209511,732.2
-10.5,3.7,0.0,0.0,-0.05,-0.07,-0.18,-0.18,0.24,-0.48,0.22,9.535,9.673,8.937,9.006,10.3,10.01,11.87,11.28,-0.004,-0.004,-0.004,0.0,0.0,-80.3064033,26.9209511,732.25
-10.5,3.7,0.0,-0.01,-0.03,-0.11,0.21,0.3,-0.13,-0.48,0.21,9.486,9.682,8.957,9.006,10.01,9.52,11.97,11.38,-0.004,-0.004,-0.004,0.0,-0.01,-80.3064033,26.9209511,732.3
-10.4,3.6,0.0,-0.0,-0.03,-0.08,0.03,-0.07,0.35,-0.49,0.22,9.476,9.624,8.976,9.035,10.4,9.91,11.87,11.38,-0.004,-0.004,-0.004,0.0,-0.01,-80.3064033,26.9209511,732.35
-10.5,3.7,0.0,0.0,-0.01,-0.08,-0.14,-0.06,-0.2,-0.49,0.2,9.516,9.663,8.976,9.015,10.01,9.71,11.87,11.28,-0.004,-0.004,-0.004,0.0,-0.0,-80.3064033,26.9209511,732.4
-10.4,3.6,0.0,-0.0,-0.01,-0.07,-0.08,0.15,0.57,-0.48,0.22,9.496,9.673,8.976,9.006,10.2,9.61,11.58,11.48,-0.004,-0.004,-0.004,0.0,0.0,-80.3064033,26.9209511,732.45
-10.5,3.7,0.0,-0.0,-0.04,-0.08,-0.03,-0.27,-0.1,-0.5,0.21,9.486,9.653,8.937,8.986,10.1,9.71,11.97,10.99,-0.004,-0.004,-0.004,0.0,0.0,-80.3064033,26.9209511,732.5
-10.4,3.6,0.0,-0.0,-0.03,-0.08,0.07,-0.15,0.05,-0.49,0.21,9.526,9.643,8.957,9.025,10.1,9.81,11.67,11.58,-0.004,-0.004,-0.004,0.0,0.0,-80.3064033,26.9209511,732.55
-10.5,3.7,0.0,-0.0,-0.03,-0.11,0.11,0.09,0.01,-0.5,0.22,9.526,9.663,8.966,9.006,10.3,9.71,11.87,11.58,-0.004,-0.004,-0.004,0.0,0.0,-80.3064033,26.9209511,732.6
-10.5,3.7,0.0,-0.0,-0.03,-0.1,0.12,0.07,0.05,-0.5,0.2,9.516,9.663,8.947,9.006,10.3,9.81,11.87,11.77,-0.004,-0.004,-0.004,0.0,0.0,-80.3064033,26.9209511,732.65
-10.5,3.6,0.0,-0.0,-0.04,-0.08,0.05,0.02,0.08,-0.49,0.23,9.516,9.663,8.937,9.006,10.2,9.71,11.58,11.28,-0.004,-0.004,-0.004,0.0,0.0,-80.3064033,26.9209511,732.7
-10.5,3.6,0.0,-0.0,-0.03,-0.08,0.08,-0.04,-0.16,-0.48,0.21,9.516,9.682,8.947,9.025,10.3,9.81,11.77,11.28,-0.004,-0.004,-0.004,0.0,0.0,-80.3064033,26.9209511,732.75
-10.5,3.7,0.0,-0.0,-0.03,-0.07,0.02,-0.1,-0.09,-0.47,0.21,9.516,9.673,8.947,9.015,10.2,9.91,11.87,11.38,-0.004,-0.004,-0.004,0.0,0.0,-80.3064033,26.9209511,732.8
-10.4,3.6,0.0,-0.0,-0.03,-0.11,-0.27,-0.28,-0.33,-0.48,0.22,9.496,9.653,8.976,9.035,10.4,9.81,11.67,11.38,-0.004,-0.004,-0.004,0.0,0.0,-80.3064033,26.9209511,732.85
-10.5,3.6,0.0,-0.0,-0.03,-0.09,0.06,-0.14,0.33,-0.49,0.22,9.506,9.692,8.937,8.996,10.3,9.81,11.58,11.58,-0.004,-0.004,-0.004,0.0,0.0,-80.3064033,26.9209511,732.9
-10.4,3.6,0.0,-0.0,-0.04,-0.07,0.28,-0.31,0.44,-0.5,0.22,9.506,9.682,8.976,9.035,10.1,9.81,11.97,11.38,-0.004,-0.004,-0.004,0.0,0.0,-80.3064033,26.9209511,732.95
-10.4,3.6,0.0,-0.0,-0.02,-0.08,0.03,-0.25,0.0,-0.5,0.21,9.506,9.653,8.957,8.986,10.59,9.61,11.87,11.48,-0.004,-0.004,-0.004,0.0,0.0,-80.3064033,26.9209511,733.0
-10.4,3.6,0.0,-0.0,-0.04,-0.07,0.0,0.16,0.34,-0.47,0.21,9.476,9.653,8.966,8.986,10.2,9.71,11.58,11.28,-0.004,-0.004,-0.004,0.0,0.0,-80.3064033,26.9209511,733.05
-10.5,3.7,0.0,-0.0,-0.03,-0.08,-0.15,-0.06,-0.33,-0.46,0.22,9.526,9.673,8.957,9.035,10.1,9.61,11.48,11.38,-0.004,-0.004,-0.004,0.0,0.0,-80.3064033,26.9209511,733.1
-10.5,3.7,0.0,-0.0,-0.03,-0.1,0.11,0.05,-0.06,-0.48,0.21,9.535,9.653,8.927,8.996,10.1,9.71,11.77,11.48,-0.004,-0.004,-0.004,0.0,0.01,-80.3064033,26.9209511,733.15
-10.5,3.7,0.0,-0.0,-0.03,-0.08,0.02,-0.61,-0.4,-0.5,0.2,9.506,9.673,8.927,9.006,10.2,9.42,11.87,11.28,-0.004,-0.004,-0.004,0.0,0.01,-80.3064033,26.9209511,733.2
-10.5,3.7,0.0,-0.0,-0.05,-0.06,0.0,-0.13,-0.14,-0.46,0.23,9.476,9.653,8.937,9.015,10.5,9.61,11.67,11.48,-0.004,-0.004,-0.004,0.0,0.01,-80.3064033,26.9209511,733.25
-10.5,3.7,0.0,-0.0,-0.02,-0.09,-0.04,-0.16,-0.37,-0.49,0.21,9.506,9.682,8.937,9.006,10.2,9.81,11.97,11.38,-0.004,-0.004,-0.004,0.0,0.01,-80.3064033,26.9209511,733.3
-10.4,3.6,0.0,-0.0,-0.02,-0.07,-0.19,-0.0,0.0,-0.49,0.21,9.516,9.653,8.937,8.966,10.3,9.71,11.87,11.58,-0.004,-0.004,-0.004,0.0,0.01,-80.3064033,26.9209511,733.35
-10.5,3.7,0.0,-0.0,-0.03,-0.08,-0.26,-0.11,0.01,-0.49,0.21,9.486,9.663,8.957,8.996,10.3,9.71,11.77,11.38,-0.004,-0.004,-0.004,0.0,0.01,-80.3064033,26.9209511,733.4
-10.4,3.7,0.0,-0.0,-0.03,-0.08,-0.21,0.03,0.05,-0.48,0.21,9.535,9.682,8.957,9.035,10.5,9.81,11.87,11.48,-0.004,-0.004,-0.004,0.0,0.01,-80.3064033,26.9209511,733.45
-10.5,3.7,0.0,-0.0,-0.03,-0.08,0.26,-0.01,-0.08,-0.48,0.21,9.535,9.663,8.937,9.015,10.3,9.71,11.58,11.38,-0.004,-0.004,-0.004,0.0,0.01,-80.3064033,26.9209511,733.5
-10.4,3.7,0.0,-0.0,-0.02,-0.07,-0.08,0.02,0.15,-0.48,0.21,9.496,9.633,8.966,9.035,10.3,9.81,11.67,11.48,-0.004,-0.004,-0.004,0.0,0.01,-80.3064033,26.9209511,733.55
-10.4,3.6,0.0,-0.0,-0.03,-0.1,-0.04,0.12,-0.13,-0.47,0.21,9.516,9.692,8.917,8.966,10.4,9.81,11.67,11.18,-0.004,-0.004,-0.004,0.0,0.01,-80.3064033,26.9209511,733.6
-10.4,3.6,0.0,-0.0,-0.05,-0.07,-0.13,-0.14,-0.03,-0.48,0.21,9.496,9.682,8.947,9.015,10.1,9.81,11.58,11.28,-0.004,-0.004,-0.004,0.0,0.01,-80.3064033,26.9209511,733.65
-10.4,3.6,0.0,-0.0,0.03,-0.17,-0.12,-0.2,0.26,-0.5,0.22,9.496,9.633,8.927,9.006,10.3,9.81,11.77,11.38,-0.004,-0.004,-0.004,0.0,0.01,-80.3064033,26.9209511,733.7
-10.4,3.6,0.0,-0.0,0.02,-0.09,-0.5,0.22,0.12,-0.48,0.21,9.526,9.643,8.966,9.025,10.1,9.71,11.58,11.48,-0.004,-0.004,-0.004,0.0,0.01,-80.3064033,26.9209511,733.75
-10.5,3.7,0.0,-0.01,-0.04,-0.07,0.05,-0.08,0.09,-0.49,0.21,9.496,9.702,8.927,8.986,10.3,9.91,11.67,11.38,-0.004,-0.004,-0.004,0.0,0.01,-80.3064033,26.9209511,733.8
-10.4,3.6,0.0,-0.0,-0.03,-0.09,-0.28,0.26,-0.03,-0.48,0.21,9.506,9.673,8.966,9.015,10.5,9.81,11.77,11.58,-0.004,-0.004,-0.004,0.0,0.01,-80.3064033,26.9209511,733.85
-10.4,3.6,0.0,-0.01,-0.02,-0.1,0.04,-0.25,-0.21,-0.5,0.21,9.496,9.624,8.986,9.015,10.4,9.81,11.77,11.77,-0.004,-0.004,-0.004,0.0,0.01,-80.3064033,26.9209511,733.9
-10.4,3.7,0.0,-0.01,-0.0,-0.08,-0.2,-0.38,0.5,-0.5,0.22,9.486,9.663,8.957,9.025,10.4,9.71,11.97,11.28,-0.004,-0.004,-0.004,0.0,0.01,-80.3064033,26.9209511,733.95
-10.4,3.6,0.0,-0.01,-0.04,-0.07,-0.07,-0.22,0.04,-0.5,0.21,9.496,9.663,8.947,9.006,10.3,9.61,11.77,11.38,-0.004,-0.004,-0.004,0.0,0.01,-80.3064033,26.9209511,734.0
-10.4,3.6,0.0,-0.01,-0.04,-0.08,0.1,-0.07,0.24,-0.49,0.21,9.496,9.663,8.966,9.035,10.5,9.81,11.77,11.48,-0.004,-0.004,-0.004,0.0,0.01,-80.3064033,26.9209511,734.05
-10.5,3.6,0.0,-0.01,-0.05,-0.07,0.46,-0.06,0.1,-0.48,0.21,9.516,9.673,8.937,8.986,10.4,9.61,11.77,11.38,-0.004,-0.004,-0.004,0.0,0.01,-80.3064033,26.9209511,734.1
-10.4,3.6,0.0,-0.01,-0.02,-0.09,-0.21,0.16,-0.05,-0.48,0.21,9.506,9.663,8.957,9.025,10.3,9.71,11.67,11.77,-0.004,-0.004,-0.004,0.0,0.01,-80.3064033,26.9209511,734.15
-10.5,3.7,0.0,-0.01,-0.03,-0.07,-0.06,-0.03,-0.27,-0.47,0.22,9.496,9.653,8.937,9.015,10.2,9.91,11.87,11.58,-0.004,-0.004,-0.004,0.0,0.01,-80.3064033,26.9209511,734.2
-10.5,3.7,0.0,-0.01,-0.02,-0.09,0.33,0.4,0.19,-0.45,0.23,9.496,9.663,8.917,9.015,10.3,9.71,11.58,11.77,-0.004,-0.004,-0.004,0.0,0.01,-80.3064033,26.9209511,734.25
-10.4,3.6,0.0,-0.01,-0.05,-0.07,0.01,0.09,-0.22,-0.48,0.22,9.506,9.663,8.917,9.006,10.4,9.81,11.87,11.38,-0.004,-0.004,-0.004,0.0,0.01,-80.3064033,26.9209511,734.3
-10.4,3.6,0.0,-0.01,-0.02,-0.08,-0.35,-0.1,-0.01,-0.49,0.23,9.496,9.692,8.966,9.006,10.3,9.81,11.77,11.28,-0.004,-0.004,-0.004,0.0,0.01,-80.3064033,26.9209511,734.35
-10.5,3.7,0.0,-0.01,-0.04,-0.08,0.24,-0.08,-0.28,-0.49,0.24,9.526,9.673,8.937,8.976,10.3,9.81,11.77,11.28,-0.004,-0.004,-0.004,0.0,0.02,-80.3064033,26.9209511,734.4
-10.4,3.6,0.0,-0.01,-0.03,-0.11,0.05,0.03,0.27,-0.49,0.24,9.535,9.673,8.966,9.035,10.2,9.71,11.87,11.38,-0.004,-0.004,-0.004,0.0,0.01,-80.3064033,26.9209511,734.45
-10.5,3.7,0.0,-0.01,-0.02,-0.08,-0.04,-0.06,0.24,-0.49,0.25,9.496,9.653,8.927,8.996,10.4,9.61,11.58,11.58,-0.004,-0.004,-0.004,0.0,0.02,-80.3064033,26.9209511,734.5
-10.4,3.6,0.0,-0.01,-0.02,-0.07,-0.3,0.24,0.05,-0.49,0.26,9.516,9.682,8.966,9.015,10.2,9.71,11.87,11.48,-0.004,-0.004,-0.004,0.0,0.01,-80.3064033,26.9209511,734.55
-10.4,3.6,0.0,-0.01,-0.04,-0.06,-0.3,-0.14,0.02,-0.48,0.21,9.535,9.682,8.976,9.015,10.3,9.91,11.87,11.48,-0.004,-0.004,-0.004,0.0,0.02,-80.3064033,26.9209511,734.6
-10.4,3.6,0.0,-0.01,-0.02,-0.09,-0.08,-0.17,0.01,-0.49,0.21,9.486,9.663,8.966,9.025,10.3,9.71,11.97,11.38,-0.004,-0.004,-0.004,0.0,0.02,-80.3064033,26.9209511,734.65
-10.4,3.7,0.0,-0.01,-0.03,-0.08,0.0,-0.11,-0.2,-0.49,0.21,9.506,9.653,8.957,9.006,10.3,9.71,11.77,11.58,-0.004,-0.004,-0.004,0.0,0.02,-80.3064033,26.9209511,734.7
-10.4,3.6,0.0,-0.01,-0.03,-0.09,-0.02,0.02,0.23,-0.5,0.21,9.486,9.653,8.986,9.006,10.1,10.01,11.58,11.58,-0.004,-0.004,-0.004,0.0,0.02,-80.3064033,26.920951,734.75
-10.4,3.7,0.0,-0.01,-0.04,-0.09,0.26,0.03,0.15,-0.47,0.2,9.476,9.692,8.947,9.015,10.3,9.81,11.87,11.28,-0.004,-0.004,-0.004,0.0,0.02,-80.3064033,26.920951,734.8
-10.4,3.6,0.0,-0.01,-0.04,-0.08,0.31,-0.1,0.09,-0.49,0.21,9.496,9.653,8.957,9.006,10.2,9.71,11.87,11.28,-0.004,-0.004,-0.004,0.0,0.02,-80.3064033,26.920951,734.85
-10.4,3.6,0.0,-0.01,-0.03,-0.09,0.13,0.14,-0.08,-0.47,0.21,9.506,9.682,8.957,9.045,10.5,9.71,11.77,11.38,-0.004,-0.004,-0.004,0.0,0.02,-80.3064033,26.920951,734.9
-10.4,3.6,0.0,-0.01,-0.03,-0.08,-0.13,0.19,-0.12,-0.48,0.21,9.486,9.673,9.015,9.074,10.3,9.81,11.87,11.77,-0.004,-0.004,-0.004,0.0,0.02,-80.3064033,26.920951,734.95
-10.5,3.7,0.0,-0.01,-0.04,-0.09,0.26,-0.09,-0.05,-0.46,0.21,9.496,9.673,8.976,9.015,10.3,9.52,11.77,11.58,-0.004,-0.004,-0.004,0.0,0.02,-80.3064033,26.920951,735.0
-10.4,3.6,0.0,-0.01,-0.03,-0.09,-0.08,0.23,-0.04,-0.49,0.2,9.476,9.663,8.976,9.025,10.3,9.61,11.87,11.38,-0.004,-0.004,-0.004,0.0,0.02,-80.3064033,26.920951,735.05
-10.5,3.6,0.0,-0.01,-0.04,-0.07,0.38,0.07,-0.2,-0.48,0.21,9.506,9.673,8.898,8.986,10.3,9.61,11.87,11.77,-0.004,-0.004,-0.004,0.0,0.02,-80.3064033,26.920951,735.1
-10.4,3.6,0.0,-0.01,-0.04,-0.06,-0.4,0.08,-0.05,-0.48,0.23,9.506,9.643,8.966,9.064,10.2,9.81,11.38,11.38,-0.004,-0.004,-0.004,0.0,0.02,-80.3064033,26.920951,735.15
-10.4,3.6,0.0,-0.01,-0.03,-0.1,-0.0,-0.26,-0.2,-0.5,0.21,9.535,9.653,8.957,8.996,10.2,10.1,11.87,11.38,-0.004,-0.004,-0.004,0.0,0.02,-80.3064033,26.920951,735.2
-10.5,3.7,0.0,-0.01,-0.03,-0.07,-0.11,-0.0,-0.18,-0.48,0.21,9.535,9.663,8.947,9.015,10.3,9.71,11.77,11.48,-0.004,-0.004,-0.004,0.0,0.02,-80.3064033,26.920951,735.25
-10.5,3.7,0.0,-0.01,-0.03,-0.11,0.27,0.13,-0.14,-0.51,0.24,9.486,9.633,8.947,9.006,10.4,9.52,11.97,11.58,-0.004,-0.004,-0.004,0.0,0.02,-80.3064033,26.920951,735.3
-10.4,3.6,0.0,-0.01,-0.01,-0.08,0.14,0.05,0.39,-0.52,0.26,9.526,9.673,8.937,9.006,10.3,9.81,11.67,11.77,-0.004,-0.004,-0.004,0.0,0.02,-80.3064033,26.920951,735.35
-10.5,3.7,0.0,0.01,-0.01,-0.1,-0.15,-0.01,-0.13,-0.49,0.21,9.516,9.653,8.927,8.976,10.59,9.81,11.87,11.58,-0.004,-0.004,-0.004,0.0,-0.01,-80.3064033,26.920951,735.4
-10.5,3.7,0.0,0.01,-0.04,-0.06,-0.01,0.01,-0.22,-0.49,0.21,9.506,9.673,8.947,9.025,10.2,9.71,11.87,11.48,-0.004,-0.004,-0.004,0.0,-0.01,-80.3064033,26.920951,735.45
-10.5,3.7,0.0,0.01,-0.03,-0.09,-0.06,0.09,-0.2,-0.48,0.21,9.526,9.653,8.898,8.986,10.3,9.81,11.67,11.38,-0.004,-0.004,-0.004,0.0,-0.01,-80.3064033,26.920951,735.5
-10.4,3.6,0.0,0.0,-0.04,-0.08,-0.2,-0.0,-0.16,-0.48,0.2,9.496,9.673,8.966,9.006,10.3,9.71,11.58,11.48,-0.004,-0.004,-0.004,0.0,-0.0,-80.3064033,26.920951,735.55
-10.5,3.6,0.0,-0.0,-0.04,-0.07,-0.0,0.1,0.32,-0.49,0.2,9.526,9.673,8.957,9.035,10.5,9.61,11.87,11.77,-0.004,-0.004,-0.004,0.0,0.0,-80.3064033,26.920951,735.6
-10.4,3.6,0.0,-0.0,-0.03,-0.06,0.09,0.41,-0.2,-0.49,0.19,9.496,9.673,8.966,9.025,10.3,9.81,11.58,11.58,-0.004,-0.004,-0.004,0.0,0.0,-80.3064033,26.920951,735.65
-10.5,3.6,0.0,-0.0,-0.02,-0.12,0.25,0.07,0.11,-0.5,0.21,9.486,9.633,8.947,8.957,10.01,9.91,11.77,11.38,-0.004,-0.004,-0.004,0.0,0.0,-80.3064032,26.920951,735.7
-10.4,3.6,0.0,-0.0,-0.06,-0.07,-0.02,-0.04,0.42,-0.51,0.22,9.526,9.663,8.976,9.055,10.3,10.1,11.58,11.48,-0.004,-0.004,-0.004,0.0,0.0,-80.3064032,26.920951,735.75
-10.5,3.7,0.0,-0.0,-0.02,-0.1,-0.12,0.18,-0.12,-0.52,0.22,9.476,9.682,8.888,8.996,10.2,9.91,11.67,11.28,-0.004,-0.004,-0.004,0.0,0.0,-80.3064032,26.920951,735.8
-10.4,3.6,0.0,-0.0,-0.02,-0.05,0.05,-0.01,0.12,-0.53,0.22,9.496,9.633,8.947,9.006,10.3,9.91,11.77,11.48,-0.004,-0.004,-0.004,0.0,0.0,-80.3064032,26.920951,735.85
-10.5,3.7,0.0,-0.0,-0.03,-0.08,-0.04,-0.1,0.39,-0.54,0.22,9.486,9.692,8.986,9.025,10.59,9.81,11.77,11.38,-0.004,-0.004,-0.004,0.0,0.0,-80.3064032,26.920951,735.9
-10.4,3.6,0.0,-0.0,-0.05,-0.11,0.23,-0.04,0.14,-0.55,0.22,9.535,9.673,8.957,9.006,10.4,10.01,11.58,11.38,-0.004,-0.004,-0.004,0.0,0.0,-80.3064032,26.920951,735.95
-10.5,3.6,0.0,-0.0,-0.04,-0.09,0.13,-0.22,0.1,-0.5,0.19,9.506,9.653,8.927,9.015,10.1,9.81,11.77,11.38,-0.004,-0.004,-0.004,0.0,0.0,-80.3064032,26.9209509,736.0
-10.5,3.7,0.0,-0.0,-0.05,-0.08,0.12,0.14,-0.04,-0.5,0.22,9.467,9.653,8.947,9.006,10.2,9.81,11.58,11.38,-0.004,-0.004,-0.004,0.0,0.0,-80.3064032,26.9209509,736.05
-10.5,3.7,0.0,-0.0,-0.0,-0.07,0.12,-0.29,0.06,-0.5,0.23,9.496,9.702,8.927,8.996,10.3,10.01,11.87,11.77,-0.004,-0.004,-0.004,0.0,0.0,-80.3064032,26.9209509,736.1
-10.5,3.7,0.0,-0.0,-0.04,-0.07,0.13,-0.03,-0.06,-0.49,0.21,9.506,9.643,8.966,9.025,10.4,9.91,11.58,11.28,-0.004,-0.004,-0.004,0.0,0.0,-80.3064032,26.9209509,736.15
-10.4,3.6,0.0,-0.0,-0.03,-0.1,-0.0,0.19,0.28,-0.5,0.2,9.496,9.673,8.937,8.976,10.2,9.81,11.58,11.48,-0.004,-0.004,-0.004,0.0,0.01,-80.3064032,26.9209509,736.2
-10.5,3.7,0.0,-0.0,-0.04,-0.11,0.12,-0.03,0.11,-0.49,0.21,9.516,9.633,8.907,8.937,10.59,9.71,11.58,11.38,-0.004,-0.004,-0.004,0.0,0.0,-80.3064032,26.9209509,736.25
-10.4,3.6,0.0,-0.0,-0.02,-0.08,-0.07,-0.07,-0.19,-0.5,0.21,9.506,9.643,9.006,9.035,10.5,10.01,11.77,11.77,-0.004,-0.004,-0.004,0.0,0.01,-80.3064032,26.9209509,736.3
-10.4,3.6,0.0,0.01,-0.0,-0.05,-0.17,-0.07,0.08,-0.49,0.22,9.496,9.692,8.966,9.015,10.5,9.91,11.77,11.09,-0.004,-0.004,-0.004,0.0,0.01,-80.3064032,26.9209509,736.35
-10.5,3.7,0.0,0.01,-0.02,-0.08,-0.12,-0.1,-0.01,-0.51,0.2,9.535,9.682,8.947,9.006,10.2,10.01,11.97,11.77,-0.004,-0.004,-0.004,0.0,0.01,-80.3064032,26.9209509,736.4
-10.4,3.6,0.0,0.01,-0.04,-0.1,-0.08,-0.29,0.08,-0.5,0.23,9.506,9.673,8.986,9.064,10.4,9.91,11.67,11.38,-0.004,-0.004,-0.004,0.0,0.01,-80.3064032,26.9209509,736.45
-10.5,3.6,0.0,0.01,-0.05,-0.12,0.36,-0.42,-0.44,-0.5,0.21,9.496,9.614,8.927,8.966,10.3,9.91,11.77,11.77,-0.004,-0.004,-0.004,0.0,-0.01,-80.3064032,26.9209509,736.5
-10.5,3.7,0.0,0.01,-0.04,-0.07,-0.07,0.1,0.23,-0.49,0.22,9.506,9.682,8.927,8.996,10.2,9.81,11.67,11.38,-0.004,-0.004,-0.004,0.0,-0.01,-80.3064032,26.9209509,736.55
-10.4,3.6,0.0,0.0,-0.04,-0.03,-0.31,-0.14,-0.19,-0.49,0.21,9.506,9.673,8.976,9.025,10.59,9.91,11.77,11.38,-0.004,-0.004,-0.004,0.0,0.0,-80.3064032,26.9209509,736.6
-10.4,3.6,0.0,0.0,-0.03,-0.05,-0.16,0.32,0.02,-0.48,0.22,9.506,9.682,8.976,9.025,10.5,9.61,11.77,11.48,-0.004,-0.004,-0.004,0.0,0.01,-80.3064032,26.9209509,736.65
-10.4,3.6,0.0,0.0,-0.02,-0.09,0.07,0.04,-0.07,-0.49,0.21,9.506,9.653,8.898,8.966,10.2,9.81,11.67,11.58,-0.004,-0.004,-0.004,0.0,0.01,-80.3064032,26.9209509,736.7
-10.4,3.6,0.0,0.0,-0.04,-0.12,0.05,-0.1,-0.03,-0.49,0.2,9.506,9.643,8.966,8.996,10.3,9.71,11.87,11.09,-0.004,-0.004,-0.004,0.0,0.01,-80.3064032,26.9209509,736.75
-10.4,3.7,0.0,0.0,-0.02,-0.14,-0.02,0.1,0.12,-0.49,0.21,9.516,9.653,8.937,9.006,10.1,9.81,11.77,11.38,-0.004,-0.004,-0.004,0.0,-0.0,-80.3064032,26.9209509,736.8
-10.4,3.6,0.0,-0.0,-0.04,-0.06,0.08,0.3,-0.24,-0.49,0.21,9.506,9.682,8.986,9.025,10.3,9.71,11.77,11.67,-0.004,-0.004,-0.004,0.0,0.0,-80.3064032,26.9209509,736.85
-10.4,3.6,0.0,0.0,-0.02,-0.07,-0.03,-0.03,-0.12,-0.49,0.21,9.467,9.673,8.927,8.996,10.2,9.71,11.58,11.58,-0.004,-0.004,-0.004,0.0,0.01,-80.3064032,26.9209509,736.9
-10.4,3.6,0.0,0.01,-0.04,-0.07,0.17,0.11,-0.37,-0.49,0.21,9.516,9.633,8.947,9.006,10.1,9.71,11.58,11.38,-0.004,-0.004,-0.004,0.0,0.01,-80.3064032,26.9209509,736.95
-10.5,3.7,0.0,0.01,-0.02,-0.08,-0.26,-0.2,-0.2,-0.49,0.19,9.506,9.692,8.966,9.006,10.59,9.71,11.77,11.18,-0.004,-0.004,-0.004,0.0,0.01,-80.3064032,26.9209509,737.0
-10.4,3.6,0.0,0.01,-0.03,-0.1,-0.28,-0.34,-0.18,-0.48,0.17,9.526,9.663,8.966,9.006,10.1,9.91,11.97,11.38,-0.004,-0.004,-0.004,0.0,0.01,-80.3064032,26.9209509,737.05
-10.5,3.7,0.0,0.01,-0.04,-0.1,0.11,-0.25,-0.09,-0.49,0.23,9.506,9.643,8.947,8.976,10.1,9.61,11.67,11.48,-0.004,-0.004,-0.004,0.0,0.01,-80.3064032,26.9209509,737.1
-10.4,3.6,0.0,0.01,-0.06,-0.04,0.02,0.03,-0.03,-0.48,0.19,9.476,9.633,8.957,9.035,10.3,9.81,11.67,11.28,-0.004,-0.004,-0.004,0.0,0.01,-80.3064032,26.9209509,737.15
-10.4,3.7,0.0,0.0,-0.06,-0.03,0.06,0.22,0.09,-0.47,0.16,9.506,9.682,8.927,9.006,10.2,9.81,11.87,11.58,-0.004,-0.004,-0.004,0.0,0.01,-80.3064032,26.9209509,737.2
-10.5,3.7,0.0,0.0,-0.0,-0.1,-0.32,0.0,0.13,-0.49,0.21,9.506,9.673,8.966,9.006,10.01,9.61,12.16,11.67,-0.004,-0.004,-0.004,0.0,0.01,-80.3064032,26.9209509,737.25
-10.4,3.6,0.0,0.0,-0.04,-0.09,-0.19,-0.24,0.0,-0.49,0.21,9.496,9.643,8.937,8.996,10.5,9.81,11.87,11.28,-0.004,-0.004,-0.004,0.0,0.01,-80.3064032,26.9209509,737.3
-10.5,3.7,0.0,0.0,-0.01,-0.11,-0.13,0.05,0.23,-0.49,0.21,9.506,9.673,8.947,8.996,10.01,9.91,11.58,11.38,-0.004,-0.004,-0.004,0.0,-0.0,-80.3064032,26.9209509,737.35
-10.5,3.7,0.0,0.0,-0.04,-0.06,-0.11,0.07,-0.14,-0.49,0.21,9.496,9.673,8.947,8.996,10.3,9.52,11.67,11.58,-0.004,-0.004,-0.004,0.0,0.01,-80.3064032,26.9209509,737.4
-10.4,3.6,0.0,0.01,-0.02,-0.08,0.08,-0.0,0.31,-0.49,0.21,9.506,9.682,8.957,9.035,10.2,9.81,11.67,11.09,-0.004,-0.004,-0.004,0.0,0.01,-80.3064032,26.9209509,737.45
-10.5,3.7,0.0,0.01,-0.03,-0.07,-0.03,0.08,0.23,-0.49,0.21,9.516,9.682,8.957,8.996,10.59,9.91,11.58,11.48,-0.004,-0.004,-0.004,0.0,0.01,-80.3064032,26.9209509,737.5
-10.4,3.7,0.0,0.01,-0.02,-0.1,-0.03,0.29,0.14,-0.49,0.21,9.496,9.663,8.976,9.035,10.1,9.61,11.87,11.28,-0.004,-0.004,-0.004,0.0,0.01,-80.3064032,26.9209509,737.55
-10.5,3.7,0.0,0.01,-0.04,-0.1,0.11,0.24,-0.35,-0.49,0.21,9.506,9.653,8.937,9.006,10.3,10.01,11.77,11.48,-0.004,-0.004,-0.004,0.0,0.01,-80.3064032,26.9209509,737.6
-10.5,3.7,0.0,0.01,-0.03,-0.09,-0.01,0.29,-0.04,-0.5,0.23,9.526,9.673,8.947,8.986,10.2,9.52,11.87,11.28,-0.004,-0.004,-0.004,0.0,0.01,-80.3064032,26.9209509,737.65
-10.4,3.6,0.0,0.01,-0.03,-0.07,-0.1,0.16,0.02,-0.49,0.21,9.486,9.663,8.966,9.006,10.4,9.81,11.77,11.58,-0.004,-0.004,-0.004,0.0,0.01,-80.3064032,26.9209509,737.7
-10.4,3.6,0.0,0.01,-0.03,-0.07,-0.13,0.08,0.12,-0.5,0.21,9.486,9.653,8.986,9.035,10.3,9.81,11.67,11.28,-0.004,-0.004,-0.004,0.0,0.01,-80.3064032,26.9209509,737.75
-10.5,3.7,0.0,0.01,-0.03,-0.09,0.11,0.08,-0.09,-0.49,0.21,9.526,9.653,8.957,8.986,10.2,9.81,11.77,11.58,-0.004,-0.004,-0.004,0.0,0.01,-80.3064032,26.9209509,737.8
-10.4,3.6,0.0,0.01,-0.02,-0.11,0.0,-0.08,-0.12,-0.5,0.23,9.496,9.663,8.976,9.015,10.3,9.81,11.58,11.48,-0.004,-0.004,-0.004,0.0,0.01,-80.3064032,26.9209508,737.85
-10.4,3.6,0.0,0.01,-0.04,-0.05,-0.01,0.21,-0.01,-0.51,0.24,9.496,9.663,8.957,9.025,10.3,9.91,12.07,11.48,-0.004,-0.004,-0.004,0.0,0.02,-80.3064032,26.9209508,737.9
-10.4,3.6,0.0,0.01,-0.05,-0.11,0.13,0.1,-0.02,-0.49,0.21,9.516,9.692,8.947,9.025,10.2,10.01,11.77,11.48,-0.004,-0.004,-0.004,0.0,0.02,-80.3064032,26.9209508,737.95
-10.5,3.7,0.0,0.01,-0.05,-0.07,-0.01,0.29,0.07,-0.5,0.22,9.516,9.682,8.937,8.986,10.2,9.81,11.77,11.48,-0.004,-0.004,-0.004,0.0,0.02,-80.3064032,26.9209508,738.0
-10.3,3.6,0.0,0.01,-0.01,-0.09,-0.12,0.06,-0.27,-0.5,0.21,9.476,9.673,8.966,9.035,10.2,9.71,11.58,11.38,-0.004,-0.004,-0.004,0.0,0.02,-80.3064032,26.9209508,738.05
-10.5,3.7,0.0,0.01,-0.01,-0.11,0.29,-0.1,-0.1,-0.49,0.21,9.476,9.643,8.937,8.986,10.3,9.71,11.58,11.38,-0.004,-0.004,-0.004,0.0,0.02,-80.3064032,26.9209508,738.1
-10.4,3.6,0.0,0.01,-0.02,-0.08,-0.01,-0.47,0.05,-0.5,0.22,9.486,9.604,8.996,9.006,10.01,9.61,11.58,11.67,-0.004,-0.004,-0.004,0.0,0.0,-80.3064032,26.9209508,738.15
-10.4,3.6,0.0,0.02,-0.01,-0.1,0.05,0.44,0.29,-0.49,0.22,9.516,9.692,8.986,9.064,10.4,10.01,11.77,11.67,-0.004,-0.004,-0.004,0.0,-0.0,-80.3064032,26.9209508,738.2
-10.4,3.6,0.0,0.02,0.02,-0.08,0.08,0.17,0.15,-0.49,0.22,9.516,9.643,8.976,9.006,10.4,9.71,11.67,11.77,-0.004,-0.004,-0.004,0.0,-0.0,-80.3064032,26.9209508,738.25
-10.4,3.7,0.0,0.01,0.01,-0.11,-0.51,0.01,-0.14,-0.48,0.21,9.467,9.526,8.927,8.986,10.2,9.71,11.77,11.58,-0.004,-0.004,-0.004,0.0,-0.01,-80.3064032,26.9209509,738.3
-10.6,3.6,0.0,0.01,-0.04,-0.06,-0.43,0.22,-0.15,-0.48,0.21,9.506,9.653,9.133,9.172,10.3,9.91,12.07,11.58,-0.004,-0.004,-0.004,0.0,0.0,-80.3064032,26.9209509,738.35
-11.2,3.7,0.0,0.01,-0.04,-0.01,0.04,0.19,0.15,-0.47,0.22,9.643,9.781,8.898,9.025,10.4,9.81,11.67,11.48,-0.004,-0.004,-0.004,0.0,0.0,-80.3064032,26.9209509,738.4
-11.3,3.7,0.0,0.01,-0.07,0.01,0.09,0.25,-0.03,-0.46,0.23,9.506,9.702,8.839,8.937,10.59,9.71,11.67,11.38,-0.003,-0.004,-0.004,0.0,0.01,-80.3064032,26.9209508,738.45
-11.1,3.7,0.0,0.0,-0.08,-0.07,-0.07,0.08,-0.36,-0.47,0.21,9.486,9.624,8.996,9.045,10.2,9.81,11.87,11.58,-0.003,-0.004,-0.004,0.0,0.01,-80.3064032,26.9209508,738.5
-11.0,3.6,0.0,0.0,-0.03,-0.16,-0.18,0.25,0.13,-0.49,0.22,9.575,9.682,8.976,9.006,10.3,9.71,11.48,11.38,-0.003,-0.004,-0.004,0.0,0.01,-80.3064032,26.9209508,738.55
-11.7,3.7,0.0,0.01,-0.02,-0.15,-0.21,0.05,0.02,-0.5,0.21,9.604,9.692,8.986,8.986,10.3,9.71,11.77,11.48,-0.004,-0.004,-0.004,0.0,-0.01,-80.3064032,26.9209508,738.6
-12.5,3.6,0.0,0.01,-0.06,-0.09,0.23,0.18,0.05,-0.51,0.21,9.486,9.624,9.006,9.074,10.1,9.71,12.07,11.48,-0.004,-0.004,-0.004,0.0,-0.01,-80.3064032,26.9209508,738.65
-12.7,3.7,0.0,0.0,-0.04,-0.05,-0.1,-0.23,-0.21,-0.52,0.21,9.467,9.653,8.917,8.966,10.3,9.61,11.77,11.58,-0.004,-0.004,-0.004,0.0,-0.0,-80.3064032,26.9209508,738.7
-12.5,3.6,0.0,0.01,-0.01,-0.08,-0.07,-0.15,0.07,-0.49,0.21,9.496,9.673,8.888,8.986,10.5,10.01,11.87,11.38,-0.004,-0.004,-0.004,0.0,-0.01,-80.3064032,26.9209508,738.75
-12.4,3.7,0.0,0.01,-0.03,-0.07,0.28,-0.1,-0.41,-0.47,0.22,9.535,9.663,8.947,9.045,10.4,9.71,11.77,11.58,-0.003,-0.004,-0.004,0.0,-0.0,-80.3064032,26.9209508,738.8
-12.3,3.6,0.0,0.01,-0.01,-0.08,-0.07,0.21,0.31,-0.45,0.23,9.496,9.643,8.927,9.035,10.3,9.91,11.58,11.58,-0.003,-0.004,-0.004,0.0,0.0,-80.3064032,26.9209508,738.85
-12.3,3.7,0.0,0.01,-0.05,-0.07,-0.2,-0.01,-0.17,-0.44,0.24,9.516,9.633,8.927,9.015,10.2,9.52,11.87,11.58,-0.003,-0.004,-0.004,0.0,0.01,-80.3064032,26.9209508,738.9
-12.0,3.6,0.0,0.01,-0.04,-0.13,0.39,0.36,0.1,-0.48,0.21,9.535,9.682,9.015,9.084,10.1,9.81,11.87,11.58,-0.004,-0.004,-0.004,0.0,-0.0,-80.3064032,26.9209508,738.95
-11.5,3.7,0.0,0.01,-0.03,-0.1,-0.21,0.18,-0.1,-0.47,0.22,9.516,9.653,8.888,8.976,10.3,9.71,11.77,11.58,-0.003,-0.004,-0.004,0.0,-0.01,-80.3064032,26.9209508,739.0
-11.2,3.6,0.0,0.01,0.01,-0.06,-0.04,-0.18,0.23,-0.45,0.22,9.437,9.633,8.937,8.986,10.4,9.52,11.77,11.58,-0.003,-0.004,-0.004,0.0,-0.01,-80.3064032,26.9209508,739.05
-10.9,3.7,0.0,0.01,-0.03,-0.03,-0.26,0.2,0.17,-0.48,0.2,9.486,9.663,8.957,9.035,10.2,9.81,11.87,11.58,-0.003,-0.004,-0.004,0.0,-0.01,-80.3064032,26.9209508,739.1
-10.3,3.6,0.0,0.0,-0.04,-0.08,-0.16,0.11,-0.43,-0.48,0.2,9.545,9.722,8.976,9.015,10.5,9.81,11.18,11.67,-0.003,-0.004,-0.004,0.0,-0.0,-80.3064032,26.9209508,739.15
-9.9,3.7,0.0,-0.0,-0.06,-0.08,0.13,0.03,0.22,-0.48,0.21,9.476,9.692,8.917,9.015,10.2,9.71,11.87,11.38,-0.003,-0.004,-0.004,0.0,0.0,-80.3064032,26.9209508,739.2
-9.8,3.7,0.0,-0.0,-0.04,-0.12,0.01,-0.31,-0.05,-0.5,0.2,9.506,9.643,9.015,9.015,10.3,9.81,11.67,11.58,-0.004,-0.004,-0.004,0.0,0.0,-80.3064032,26.9209508,739.25
-9.8,3.7,0.0,-0.0,-0.0,-0.11,0.08,-0.15,0.2,-0.49,0.2,9.516,9.692,8.986,9.035,10.2,9.81,11.67,11.38,-0.004,-0.004,-0.004,0.0,0.0,-80.3064032,26.9209508,739.3
-9.8,3.6,0.0,0.01,0.0,-0.11,-0.08,-0.16,-0.19,-0.49,0.2,9.516,9.682,8.927,8.957,10.2,9.71,11.87,11.38,-0.004,-0.004,-0.004,0.0,-0.01,-80.3064032,26.9209508,739.35
-9.9,3.7,0.0,0.01,-0.04,-0.05,0.42,-0.05,0.17,-0.49,0.2,9.427,9.614,8.947,8.966,10.2,9.81,11.87,11.58,-0.003,-0.004,-0.004,0.0,-0.01,-80.3064031,26.9209508,739.4
-9.8,3.6,0.0,0.01,-0.02,-0.02,0.21,0.04,0.12,-0.5,0.19,9.535,9.633,8.976,9.084,10.2,9.52,11.87,11.77,-0.003,-0.004,-0.004,0.0,0.0,-80.3064031,26.9209508,739.45
-9.9,3.7,0.0,0.0,-0.02,-0.07,0.14,-0.17,-0.05,-0.49,0.2,9.535,9.692,8.888,8.986,10.3,9.71,11.67,11.58,-0.003,-0.004,-0.004,0.0,0.01,-80.3064031,26.9209508,739.5
-9.9,3.7,0.0,0.01,-0.04,-0.09,-0.19,0.18,-0.74,-0.49,0.2,9.486,9.594,8.917,9.015,10.4,9.71,11.87,11.58,-0.003,-0.004,-0.004,0.0,0.01,-80.3064031,26.9209508,739.55
-9.9,3.7,0.0,-0.0,-0.06,-0.1,0.16,-0.14,0.55,-0.5,0.2,9.437,9.584,8.898,8.966,10.2,9.81,11.67,11.58,-0.004,-0.004,-0.004,0.0,0.0,-80.3064031,26.9209508,739.6
-9.8,3.6,0.0,-0.0,-0.04,-0.15,-0.17,-0.35,-0.08,-0.5,0.21,9.486,9.751,8.888,9.035,10.2,9.91,11.48,11.67,-0.004,-0.004,-0.004,0.0,-0.0,-80.3064031,26.9209508,739.65
-9.9,3.6,0.0,-0.0,-0.02,-0.05,-0.14,0.26,0.37,-0.51,0.21,9.643,9.663,9.123,9.045,10.3,9.81,11.87,11.28,-0.004,-0.004,-0.004,0.0,-0.0,-80.3064031,26.9209508,739.7
-9.9,3.7,0.0,-0.0,0.0,-0.1,-0.01,0.72,-0.22,-0.5,0.2,9.535,9.761,8.937,9.064,10.1,9.52,11.38,11.77,-0.004,-0.004,-0.004,0.0,-0.0,-80.3064031,26.9209508,739.75
-9.9,3.7,0.0,0.01,0.03,-0.06,0.28,-0.0,-0.19,-0.5,0.2,9.437,9.614,8.849,8.878,10.3,9.71,11.97,11.38,-0.004,-0.004,-0.004,0.0,-0.0,-80.3064031,26.9209508,739.8
-9.7,3.6,0.0,0.01,-0.02,-0.05,0.33,-0.19,-0.04,-0.5,0.2,9.398,9.604,8.927,9.015,10.1,9.91,11.67,11.28,-0.004,-0.004,-0.004,0.0,0.0,-80.3064031,26.9209508,739.85
-9.8,3.7,0.0,0.01,-0.1,-0.12,0.09,0.24,0.07,-0.5,0.2,9.496,9.594,9.123,9.094,10.2,9.91,11.87,11.67,-0.004,-0.004,-0.004,0.0,0.0,-80.3064031,26.9209508,739.9
-9.8,3.6,0.0,-0.0,-0.16,-0.13,0.27,0.19,0.02,-0.5,0.21,9.624,9.722,8.986,8.986,10.2,9.52,11.87,10.99,-0.004,-0.004,-0.004,0.0,-0.0,-80.3064031,26.9209508,739.95
-9.7,3.6,0.0,-0.01,-0.05,-0.08,-0.1,0.18,-0.16,-0.5,0.2,9.437,9.653,8.917,9.074,10.01,9.81,11.97,11.28,-0.004,-0.004,-0.004,0.0,-0.01,-80.3064031,26.9209508,740.0
-9.6,3.7,0.0,-0.01,0.01,-0.04,-0.09,0.18,0.12,-0.5,0.19,9.496,9.643,8.986,9.055,10.3,9.91,11.58,11.58,-0.004,-0.004,-0.004,0.0,-0.01,-80.3064031,26.9209508,740.05
-9.4,3.7,0.0,-0.02,0.07,0.01,-0.36,-0.1,0.12,-0.5,0.21,9.437,9.692,8.868,8.957,10.1,9.71,11.67,11.77,-0.004,-0.004,-0.004,0.0,-0.02,-80.3064031,26.9209508,740.1
-9.3,3.6,0.0,0.01,0.09,-0.07,0.07,-0.3,0.06,-0.51,0.2,9.447,9.643,8.957,9.025,10.5,9.71,11.87,11.48,-0.004,-0.004,-0.004,0.0,0.01,-80.3064031,26.9209508,740.15
-9.3,3.6,0.0,0.02,0.05,-0.2,0.14,-0.06,0.6,-0.52,0.21,9.604,9.653,9.113,9.104,10.69,9.71,11.77,11.77,-0.004,-0.004,-0.004,0.0,0.0,-80.3064031,26.9209508,740.2
-9.6,3.6,0.0,0.02,0.0,-0.24,-0.43,-0.28,0.13,-0.52,0.21,9.516,9.682,8.692,8.8,10.59,9.91,11.58,11.58,-0.004,-0.004,-0.004,0.0,-0.01,-80.3064031,26.9209508,740.25
-9.9,3.6,0.0,0.01,-0.09,-0.01,-0.1,0.28,0.06,-0.52,0.2,9.447,9.555,8.937,8.927,9.91,9.81,11.38,11.38,-0.004,-0.004,-0.004,0.0,-0.0,-80.3064031,26.9209508,740.3
-10.0,3.6,0.0,0.01,-0.14,0.04,-0.03,0.04,-0.18,-0.51,0.2,9.496,9.732,9.153,9.251,10.3,9.71,11.58,11.58,-0.004,-0.004,-0.004,0.0,0.0,-80.3064031,26.9209508,740.35
-10.1,3.7,0.0,-0.0,-0.11,-0.11,0.26,0.16,-0.27,-0.51,0.2,9.614,9.79,8.858,9.006,10.2,9.91,11.77,11.38,-0.004,-0.004,-0.004,0.0,0.0,-80.3064031,26.9209508,740.4
-10.0,3.6,0.0,-0.0,-0.06,-0.1,0.1,-0.41,-0.07,-0.52,0.2,9.516,9.633,8.878,8.917,10.4,9.52,11.67,11.38,-0.004,-0.004,-0.004,0.0,0.0,-80.3064031,26.9209508,740.45
-10.0,3.7,0.0,-0.01,-0.01,-0.18,-0.1,0.39,0.1,-0.51,0.2,9.467,9.535,9.015,9.055,10.2,9.71,11.58,11.48,-0.004,-0.004,-0.004,0.0,0.0,-80.3064031,26.9209508,740.5
-10.0,3.7,0.0,-0.01,-0.01,-0.13,-0.09,0.41,0.38,-0.51,0.2,9.584,9.702,8.976,9.035,10.3,9.81,11.58,11.77,-0.004,-0.004,-0.004,0.0,0.0,-80.3064031,26.9209508,740.55
-10.2,3.6,0.0,0.01,0.0,-0.02,-0.01,-0.05,-0.58,-0.49,0.18,9.506,9.702,8.868,8.898,10.1,9.81,11.38,11.48,-0.004,-0.004,-0.004,0.0,-0.01,-80.3064031,26.9209508,740.6
-10.3,3.7,0.0,0.01,-0.02,-0.0,0.22,0.09,-0.26,-0.48,0.17,9.457,9.594,9.006,9.094,10.4,9.91,11.97,11.67,-0.004,-0.004,-0.004,0.0,-0.0,-80.3064031,26.9209508,740.65
-10.3,3.6,0.0,0.0,-0.01,-0.1,0.01,-0.01,-0.11,-0.5,0.2,9.467,9.663,8.858,9.025,10.3,9.81,11.67,11.77,-0.004,-0.004,-0.004,0.0,0.0,-80.3064031,26.9209508,740.7
-10.3,3.6,0.0,0.01,-0.04,-0.12,-0.15,-0.54,0.13,-0.52,0.2,9.555,9.692,8.878,8.917,10.2,9.81,11.67,11.28,-0.004,-0.004,-0.004,0.0,-0.0,-80.3064031,26.9209508,740.75
-10.3,3.7,0.0,0.01,-0.06,-0.12,-0.01,-0.0,-0.03,-0.52,0.2,9.545,9.653,9.025,9.064,10.1,9.81,11.77,11.28,-0.004,-0.004,-0.004,0.0,-0.01,-80.3064031,26.9209508,740.8
-10.3,3.7,0.0,0.0,-0.05,-0.09,-0.1,0.21,-0.23,-0.51,0.2,9.506,9.682,8.966,9.035,10.01,9.91,11.77,11.58,-0.004,-0.004,-0.004,0.0,-0.0,-80.3064031,26.9209509,740.85
-10.2,3.6,0.0,0.0,-0.04,-0.04,-0.03,0.19,-0.17,-0.52,0.2,9.565,9.682,8.996,9.045,10.2,9.91,11.77,11.38,-0.004,-0.004,-0.004,0.0,-0.0,-80.3064031,26.9209509,740.9
-10.1,3.6,0.0,-0.0,-0.05,-0.1,-0.01,0.43,0.31,-0.51,0.2,9.476,9.653,8.917,9.015,10.2,9.91,11.48,11.28,-0.004,-0.004,-0.004,0.0,0.0,-80.3064031,26.9209509,740.95
-10.2,3.7,0.0,-0.0,-0.01,-0.1,0.02,-0.09,0.23,-0.52,0.2,9.437,9.594,8.898,8.957,10.2,9.81,11.87,11.58,-0.004,-0.004,-0.004,0.0,0.0,-80.3064031,26.9209509,741.0
-10.1,3.6,0.0,-0.0,0.01,-0.08,0.07,0.07,-0.52,-0.52,0.2,9.506,9.663,9.035,9.064,10.4,9.81,12.07,11.18,-0.004,-0.004,-0.004,0.0,-0.0,-80.3064031,26.9209509,741.05
-10.2,3.6,0.0,0.01,0.03,-0.1,-0.09,0.04,-0.41,-0.52,0.2,9.535,9.722,9.035,9.064,10.59,9.81,11.97,11.28,-0.004,-0.004,-0.004,0.0,-0.01,-80.3064031,26.9209509,741.1
-10.2,3.7,0.0,0.01,0.01,-0.11,0.22,-0.07,0.0,-0.52,0.21,9.486,9.663,8.917,8.957,10.3,10.01,11.77,11.48,-0.004,-0.004,-0.004,0.0,-0.0,-80.3064031,26.9209509,741.15
-10.2,3.7,0.0,0.01,-0.05,-0.09,-0.17,0.13,-0.23,-0.52,0.22,9.457,9.604,8.917,9.015,10.3,9.81,12.16,11.77,-0.004,-0.004,-0.004,0.0,-0.01,-80.3064031,26.9209509,741.2
-10.2,3.7,0.0,0.01,-0.08,-0.07,-0.23,0.07,-0.13,-0.52,0.21,9.535,9.663,8.947,9.025,10.3,9.91,11.77,11.28,-0.004,-0.004,-0.004,0.0,-0.01,-80.3064031,26.9209509,741.25
-10.2,3.7,0.0,0.01,-0.04,-0.08,-0.43,-0.29,0.09,-0.52,0.21,9.555,9.682,8.898,8.976,10.4,10.01,11.87,11.48,-0.004,-0.004,-0.004,0.0,-0.0,-80.3064031,26.9209509,741.3
-10.2,3.7,0.0,0.0,-0.05,-0.11,0.12,-0.05,-0.25,-0.52,0.22,9.516,9.614,8.986,9.025,10.59,9.71,11.97,11.48,-0.004,-0.004,-0.004,0.0,-0.0,-80.3064031,26.9209509,741.35
-10.2,3.7,0.0,-0.0,-0.02,-0.14,0.28,0.16,0.19,-0.52,0.21,9.496,9.633,8.966,8.996,10.3,9.71,11.67,11.28,-0.004,-0.004,-0.004,0.0,0.0,-80.3064031,26.9209509,741.4
-10.2,3.7,0.0,-0.0,0.02,-0.09,-0.01,0.08,-0.02,-0.52,0.21,9.476,9.682,8.927,9.035,10.3,9.81,11.58,11.28,-0.004,-0.004,-0.004,0.0,0.0,-80.3064031,26.9209509,741.45
-10.2,3.7,0.0,-0.01,0.01,-0.05,-0.17,0.04,0.13,-0.53,0.21,9.476,9.624,8.888,8.996,10.01,9.81,11.87,11.38,-0.004,-0.004,-0.004,0.0,0.0,-80.3064031,26.9209509,741.5
-10.2,3.6,0.0,0.01,-0.0,-0.09,-0.3,0.06,-0.12,-0.51,0.21,9.467,9.663,8.976,9.064,10.2,9.61,11.77,11.38,-0.004,-0.004,-0.004,0.0,-0.01,-80.3064031,26.9209509,741.55
-10.2,3.7,0.0,0.01,-0.01,-0.1,0.19,0.23,-0.0,-0.51,0.21,9.565,9.663,8.937,8.966,10.3,9.81,11.48,11.38,-0.004,-0.004,-0.004,0.0,-0.0,-80.3064031,26.9209509,741.6
-10.1,3.6,0.0,0.01,-0.03,-0.12,0.27,0.19,0.14,-0.5,0.21,9.467,9.682,8.927,8.947,10.4,9.71,11.77,11.67,-0.004,-0.004,-0.004,0.0,-0.0,-80.3064031,26.9209509,741.65
-10.2,3.6,0.0,0.01,-0.08,-0.04,-0.05,-0.15,0.19,-0.49,0.21,9.476,9.643,9.035,9.064,10.5,9.61,11.77,11.38,-0.004,-0.004,-0.004,0.0,-0.0,-80.3064031,26.9209509,741.7
-10.2,3.6,0.0,0.02,-0.1,-0.09,-0.2,0.24,0.04,-0.51,0.21,9.506,9.751,8.927,9.045,10.2,9.61,11.58,11.38,-0.004,-0.004,-0.004,0.0,-0.0,-80.3064031,26.9209509,741.75
-10.2,3.7,0.0,-0.0,-0.11,-0.07,-0.25,0.13,0.24,-0.53,0.21,9.565,9.722,8.878,8.907,10.5,9.91,11.58,11.28,-0.004,-0.004,-0.004,0.0,-0.0,-80.3064031,26.9209509,741.8
-10.2,3.7,0.0,-0.0,0.03,-0.26,-0.4,-0.13,-0.41,-0.56,0.19,9.486,9.633,9.015,9.035,10.3,9.91,11.87,11.77,-0.004,-0.004,-0.004,0.0,-0.01,-80.3064031,26.9209509,741.85
-10.2,3.7,0.0,-0.01,-0.01,-0.18,-0.11,0.52,0.04,-0.53,0.21,9.447,9.604,8.907,8.976,10.3,9.61,11.77,11.58,-0.004,-0.004,-0.004,0.0,-0.01,-80.3064031,26.920951,741.9
-10.1,3.6,0.0,-0.01,0.02,-0.04,-0.24,0.31,0.18,-0.52,0.21,9.604,9.663,9.045,9.074,10.4,9.81,11.87,11.28,-0.004,-0.004,-0.004,0.0,-0.01,-80.3064032,26.920951,741.95
-10.2,3.7,0.0,0.0,-0.01,-0.09,-0.07,0.12,-0.1,-0.51,0.22,9.516,9.692,8.966,9.035,10.3,9.52,11.58,11.38,-0.004,-0.004,-0.004,0.0,-0.01,-80.3064032,26.920951,742.0
-10.4,3.7,0.0,0.01,-0.08,-0.11,0.04,0.37,-0.24,-0.5,0.21,9.584,9.633,9.084,9.006,10.4,9.61,11.97,11.58,-0.004,-0.004,-0.004,0.0,-0.01,-80.3064032,26.920951,742.05
-11.5,3.7,0.0,0.01,-0.08,-0.07,0.15,1.07,-0.19,-0.47,0.2,9.751,9.771,9.202,9.153,10.5,9.91,11.87,11.09,-0.004,-0.004,-0.004,0.0,-0.0,-80.3064032,26.920951,742.1
-12.6,3.7,0.0,0.0,-0.0,-0.18,0.0,0.16,0.15,-0.44,0.21,9.418,9.712,8.682,8.858,10.2,9.81,11.38,11.38,-0.003,-0.004,-0.004,0.0,-0.01,-80.3064032,26.920951,742.15
-12.8,3.7,0.0,0.0,0.0,-0.02,-0.45,0.66,-0.04,-0.42,0.21,9.359,9.555,8.721,8.878,10.01,9.32,11.77,11.38,-0.003,-0.004,-0.004,0.0,-0.01,-80.3064032,26.920951,742.2
-11.4,3.7,0.0,0.0,0.0,0.06,0.05,-0.1,-0.07,-0.41,0.2,9.359,9.575,8.996,9.084,10.1,9.61,11.77,11.77,-0.003,-0.004,-0.004,0.0,-0.01,-80.3064032,26.920951,742.25
-10.5,3.7,0.0,-0.0,-0.01,0.05,0.21,-0.49,0.2,-0.42,0.2,9.457,9.702,9.123,9.074,10.1,9.81,12.16,11.38,-0.003,-0.004,-0.004,0.0,0.0,-80.3064032,26.920951,742.3
-9.8,3.7,0.0,-0.0,-0.02,-0.15,0.19,0.16,-0.08,-0.45,0.21,9.584,9.781,8.858,9.006,10.4,9.81,11.87,11.58,-0.003,-0.004,-0.004,0.0,0.01,-80.3064032,26.920951,742.35
-10.0,3.7,0.0,0.0,-0.03,-0.32,0.03,-0.58,-0.18,-0.44,0.2,9.682,9.751,8.868,8.888,10.1,9.81,11.97,11.48,-0.003,-0.004,-0.004,0.0,-0.02,-80.3064032,26.920951,742.4
-10.2,3.7,0.0,0.0,0.0,-0.09,0.03,-0.02,0.01,-0.44,0.19,9.575,9.633,9.261,9.192,10.4,9.61,11.97,11.77,-0.003,-0.004,-0.004,0.0,-0.01,-80.3064032,26.920951,742.45
-10.4,3.7,0.0,0.0,-0.02,-0.02,0.15,0.52,0.22,-0.42,0.2,9.486,9.692,8.849,8.947,10.3,9.91,11.77,11.48,-0.003,-0.004,-0.004,0.0,-0.01,-80.3064032,26.920951,742.5
-10.4,3.7,0.0,0.0,0.01,0.11,0.02,0.1,0.27,-0.4,0.21,9.496,9.8,8.898,9.055,10.3,9.81,11.48,11.48,-0.003,-0.004,-0.004,0.0,-0.01,-80.3064032,26.920951,742.55
-10.4,3.7,0.0,0.01,-0.03,-0.0,-0.03,-0.13,-0.06,-0.37,0.22,9.467,9.624,8.957,9.074,10.2,9.61,11.58,11.28,-0.003,-0.004,-0.004,0.0,0.0,-80.3064032,26.920951,742.6
-10.4,3.7,0.0,0.01,-0.02,-0.22,-0.01,-0.34,-0.16,-0.44,0.21,9.476,9.643,8.917,8.947,10.5,9.71,11.67,11.38,-0.003,-0.004,-0.004,0.0,0.01,-80.3064032,26.920951,742.65
-10.4,3.7,0.0,0.0,-0.06,-0.13,0.0,-0.02,-0.04,-0.45,0.2,9.614,9.624,9.006,8.927,10.4,9.42,11.87,11.28,-0.003,-0.004,-0.004,0.0,-0.01,-80.3064032,26.920951,742.7
-10.4,3.7,0.0,0.0,-0.08,-0.08,0.0,0.16,0.2,-0.44,0.19,9.496,9.712,8.947,9.074,10.5,9.91,11.58,11.58,-0.003,-0.004,-0.004,0.0,-0.02,-80.3064032,26.920951,742.75
-10.4,3.7,0.0,0.0,-0.03,0.02,-0.13,0.14,0.32,-0.44,0.21,9.496,9.682,8.937,9.074,10.1,10.01,11.48,11.38,-0.003,-0.004,-0.004,0.0,-0.03,-80.3064032,26.920951,742.8
-10.3,3.7,0.0,0.0,-0.02,0.01,-0.16,0.12,0.23,-0.44,0.21,9.476,9.643,8.927,8.966,10.59,9.52,11.58,11.38,-0.003,-0.004,-0.004,0.0,-0.03,-80.3064032,26.9209511,742.85
-10.4,3.7,0.0,0.01,-0.05,-0.09,-0.09,-0.05,0.47,-0.44,0.19,9.496,9.712,8.986,9.015,10.2,10.01,11.48,11.58,-0.003,-0.004,-0.004,0.0,-0.0,-80.3064032,26.9209511,742.9
-10.5,3.7,0.0,0.0,-0.05,-0.17,0.28,-0.23,0.14,-0.46,0.19,9.604,9.673,8.976,9.025,10.2,9.81,11.38,11.28,-0.003,-0.004,-0.004,0.0,-0.01,-80.3064032,26.9209511,742.95
-10.5,3.7,0.0,0.0,-0.05,-0.16,0.04,0.44,-0.03,-0.46,0.2,9.575,9.643,8.927,8.907,10.3,9.71,11.67,11.77,-0.003,-0.004,-0.004,0.0,-0.02,-80.3064032,26.9209511,743.0
-10.4,3.7,0.0,-0.0,-0.08,-0.03,-0.12,0.66,0.09,-0.44,0.17,9.575,9.702,9.006,9.074,10.3,9.71,11.87,11.58,-0.003,-0.004,-0.004,0.0,-0.02,-80.3064032,26.9209511,743.05
-10.4,3.7,0.0,-0.0,-0.05,-0.03,-0.16,-0.0,-0.25,-0.42,0.19,9.486,9.702,8.878,9.015,10.1,9.81,11.67,11.48,-0.003,-0.003,-0.004,0.0,-0.01,-80.3064032,26.9209511,743.1
-10.4,3.7,0.0,-0.01,-0.04,-0.03,0.0,-0.38,-0.42,-0.42,0.18,9.408,9.663,8.858,9.035,10.59,9.61,11.77,11.58,-0.003,-0.003,-0.004,0.0,-0.0,-80.3064032,26.9209511,743.15
-10.4,3.7,0.0,-0.01,-0.01,-0.11,0.11,-0.03,-0.47,-0.43,0.18,9.506,9.633,8.957,9.015,10.4,10.01,11.87,11.58,-0.003,-0.003,-0.004,0.0,-0.0,-80.3064032,26.9209511,743.2
-10.4,3.7,0.0,0.0,-0.03,-0.12,0.27,-0.04,0.0,-0.43,0.17,9.506,9.614,8.996,9.006,10.3,9.81,11.97,11.48,-0.003,-0.003,-0.004,0.0,-0.01,-80.3064032,26.9209511,743.25
-10.4,3.7,0.0,0.0,0.02,-0.1,-0.13,0.13,-0.04,-0.43,0.19,9.565,9.682,8.986,8.937,10.3,10.01,12.07,11.28,-0.003,-0.003,-0.004,0.0,-0.02,-80.3064032,26.9209511,743.3
-10.3,3.7,0.0,0.01,0.0,-0.04,0.0,0.36,-0.12,-0.42,0.2,9.506,9.692,8.927,9.064,10.4,9.71,11.87,11.48,-0.003,-0.003,-0.004,0.0,-0.02,-80.3064032,26.9209511,743.35
-10.4,3.7,0.0,0.01,-0.01,-0.03,-0.04,0.01,-0.18,-0.42,0.18,9.467,9.653,8.976,9.035,10.2,9.71,11.38,11.77,-0.003,-0.003,-0.004,0.0,-0.02,-80.3064032,26.9209511,743.4
-10.3,3.7,0.0,0.01,-0.04,-0.05,0.35,-0.12,0.03,-0.41,0.19,9.457,9.643,8.966,9.035,10.3,9.61,11.67,11.18,-0.003,-0.003,-0.004,0.0,-0.02,-80.3064032,26.9209511,743.45
-10.4,3.7,0.0,0.0,-0.04,-0.1,0.04,0.05,-0.42,-0.41,0.18,9.526,9.643,8.976,9.006,10.3,9.81,11.87,11.58,-0.003,-0.003,-0.004,0.0,-0.01,-80.3064032,26.9209511,743.5
-10.4,3.7,0.0,0.0,-0.03,-0.13,0.01,-0.16,-0.18,-0.42,0.19,9.545,9.682,8.966,9.015,10.1,10.01,11.58,11.48,-0.003,-0.003,-0.004,0.0,-0.01,-80.3064032,26.9209511,743.55
-10.4,3.7,0.0,0.0,-0.04,-0.06,0.41,-0.11,0.11,-0.41,0.2,9.535,9.663,8.957,9.025,10.4,9.81,11.58,11.38,-0.003,-0.003,-0.004,0.0,-0.01,-80.3064032,26.9209511,743.6
-10.4,3.7,0.0,0.0,-0.01,-0.06,-0.02,0.13,-0.04,-0.4,0.2,9.496,9.663,8.976,9.006,10.3,9.81,11.58,11.58,-0.003,-0.003,-0.004,0.0,-0.02,-80.3064032,26.9209511,743.65
-10.4,3.7,0.0,0.0,-0.03,-0.03,-0.14,0.37,-0.21,-0.39,0.19,9.565,9.673,8.976,9.045,10.1,10.01,11.77,11.38,-0.003,-0.003,-0.004,0.0,-0.02,-80.3064032,26.9209511,743.7
-10.4,3.7,0.0,0.0,-0.01,-0.08,0.04,0.25,0.05,-0.4,0.19,9.457,9.712,8.966,9.045,10.2,10.01,11.77,11.48,-0.003,-0.003,-0.004,0.0,-0.02,-80.3064032,26.9209511,743.75
-10.4,3.7,0.0,0.0,-0.04,-0.09,-0.08,-0.08,0.11,-0.38,0.2,9.496,9.663,9.015,9.035,10.3,9.91,12.16,11.28,-0.003,-0.003,-0.004,0.0,-0.02,-80.3064032,26.9209511,743.8
-10.3,3.7,0.0,0.0,-0.02,-0.07,-0.11,0.23,0.18,-0.38,0.2,9.516,9.673,8.986,9.045,10.2,9.71,11.87,11.09,-0.003,-0.003,-0.004,0.0,-0.02,-80.3064032,26.9209511,743.85
-10.3,3.7,0.0,0.0,-0.01,-0.07,0.02,0.01,0.28,-0.37,0.21,9.506,9.663,8.947,8.986,10.4,9.71,11.87,11.38,-0.003,-0.003,-0.004,0.0,-0.03,-80.3064032,26.9209511,743.9
-10.3,3.7,0.0,0.0,-0.01,-0.06,0.02,0.24,0.49,-0.35,0.21,9.506,9.682,8.888,8.996,10.4,9.71,11.77,11.28,-0.003,-0.003,-0.003,0.0,-0.03,-80.3064032,26.9209511,743.95
-10.4,3.7,0.0,0.0,-0.03,-0.06,-0.19,0.13,0.14,-0.33,0.21,9.437,9.663,8.839,8.888,10.3,9.81,11.67,11.38,-0.002,-0.003,-0.003,0.0,-0.03,-80.3064032,26.9209511,744.0
-10.4,3.7,0.0,0.0,-0.04,-0.06,0.17,0.14,-0.31,-0.37,0.2,9.476,9.643,8.947,9.035,10.3,9.71,11.97,11.38,-0.002,-0.003,-0.003,0.0,-0.01,-80.3064032,26.9209511,744.05
-10.4,3.7,0.0,0.0,-0.04,-0.06,0.06,-0.15,0.11,-0.37,0.21,9.565,9.692,8.966,9.006,10.5,9.71,11.77,11.58,-0.003,-0.003,-0.003,0.0,-0.01,-80.3064032,26.9209511,744.1
-10.4,3.7,0.0,0.0,-0.04,-0.09,-0.09,-0.12,-0.03,-0.37,0.21,9.545,9.712,8.957,9.035,10.4,9.71,11.87,11.28,-0.003,-0.003,-0.003,0.0,-0.01,-80.3064032,26.9209511,744.15
-10.4,3.7,0.0,0.0,-0.05,-0.05,-0.03,-0.18,-0.01,-0.37,0.21,9.526,9.614,8.957,8.986,10.3,9.61,11.97,11.48,-0.003,-0.003,-0.003,0.0,-0.01,-80.3064032,26.9209511,744.2
-10.4,3.7,0.0,0.0,-0.03,-0.07,0.09,0.17,-0.09,-0.36,0.21,9.486,9.653,8.947,9.055,10.1,9.52,11.87,11.58,-0.002,-0.003,-0.003,0.0,-0.01,-80.3064032,26.9209511,744.25
-10.4,3.7,0.0,0.0,-0.02,-0.05,0.2,0.24,-0.05,-0.36,0.21,9.526,9.692,8.957,9.025,10.3,9.81,11.38,11.38,-0.002,-0.003,-0.003,0.0,-0.01,-80.3064032,26.9209511,744.3
-10.3,3.7,0.0,0.0,-0.02,-0.04,-0.19,-0.01,0.02,-0.36,0.21,9.506,9.653,8.927,9.006,10.4,9.91,11.67,11.38,-0.002,-0.003,-0.003,0.0,-0.01,-80.3064032,26.9209512,744.35
-10.4,3.7,0.0,0.0,0.0,-0.1,-0.35,0.16,-0.3,-0.36,0.21,9.476,9.633,8.927,9.006,10.3,9.61,11.97,11.77,-0.002,-0.003,-0.003,0.0,-0.01,-80.3064032,26.9209511,744.4
-10.4,3.7,0.0,0.0,-0.05,-0.05,0.04,0.08,-0.16,-0.35,0.22,9.496,9.653,8.966,9.015,10.4,9.71,11.87,11.48,-0.002,-0.003,-0.003,0.0,-0.01,-80.3064032,26.9209511,744.45
-10.4,3.7,0.0,0.0,-0.0,-0.09,-0.05,-0.01,-0.29,-0.36,0.21,9.526,9.692,8.937,9.035,10.2,9.91,11.87,11.38,-0.002,-0.003,-0.003,0.0,-0.01,-80.3064032,26.9209511,744.5
-10.3,3.7,0.0,0.0,-0.02,-0.06,0.03,-0.15,0.08,-0.36,0.2,9.486,9.663,8.986,9.015,10.2,9.81,11.77,11.28,-0.002,-0.003,-0.003,0.0,-0.0,-80.3064032,26.9209511,744.55
-10.4,3.7,0.0,0.0,-0.02,-0.06,-0.06,-0.18,0.18,-0.36,0.22,9.486,9.673,8.927,8.996,10.4,9.61,11.97,11.58,-0.002,-0.003,-0.003,0.0,-0.0,-80.3064032,26.9209511,744.6
-10.3,3.7,0.0,0.01,-0.04,-0.05,-0.17,-0.2,-0.14,-0.36,0.22,9.506,9.653,8.966,8.986,10.2,9.71,11.87,11.38,-0.002,-0.003,-0.003,0.0,-0.0,-80.3064032,26.9209511,744.65
-10.4,3.7,0.0,0.0,-0.02,-0.06,-0.03,-0.29,0.15,-0.37,0.22,9.526,9.663,8.957,9.006,10.4,9.61,11.97,11.38,-0.002,-0.003,-0.003,0.0,0.0,-80.3064032,26.9209511,744.7
-10.3,3.7,0.0,0.01,-0.04,-0.06,0.06,-0.12,0.07,-0.36,0.2,9.516,9.653,8.996,9.035,10.5,9.71,11.58,11.67,-0.002,-0.003,-0.003,0.0,0.0,-80.3064032,26.9209511,744.75
-10.4,3.7,0.0,0.01,-0.06,-0.06,0.06,-0.03,-0.16,-0.36,0.21,9.486,9.712,8.937,9.035,10.1,9.81,11.97,11.38,-0.002,-0.003,-0.003,0.0,0.0,-80.3064032,26.9209511,744.8
-10.3,3.7,0.0,0.01,-0.05,-0.06,-0.19,-0.28,-0.19,-0.37,0.21,9.526,9.653,8.966,9.025,10.2,9.61,11.87,11.58,-0.002,-0.003,-0.003,0.0,0.0,-80.3064032,26.9209511,744.85
-10.4,3.7,0.0,0.01,-0.05,-0.06,0.17,0.17,0.46,-0.36,0.21,9.506,9.663,8.907,8.996,10.2,9.71,11.87,11.77,-0.002,-0.003,-0.003,0.0,0.01,-80.3064032,26.9209511,744.9
-10.4,3.7,0.0,0.01,-0.02,-0.07,0.02,0.09,0.58,-0.37,0.22,9.496,9.653,8.947,9.035,10.3,9.61,11.77,11.38,-0.002,-0.003,-0.003,0.0,0.01,-80.3064032,26.9209511,744.95
-10.3,3.7,0.0,0.01,-0.02,-0.06,-0.13,-0.15,-0.05,-0.38,0.21,9.516,9.663,8.947,9.015,10.4,9.81,12.07,11.28,-0.002,-0.003,-0.003,0.0,0.01,-80.3064032,26.9209511,745.0
-10.3,3.7,0.0,0.01,-0.03,-0.06,-0.19,0.36,-0.03,-0.38,0.21,9.496,9.673,8.957,9.055,10.5,9.52,11.87,11.38,-0.002,-0.003,-0.003,0.0,0.01,-80.3064032,26.9209511,745.05
-10.4,3.7,0.0,0.01,-0.02,-0.07,-0.31,-0.15,-0.09,-0.37,0.19,9.496,9.682,8.937,9.006,10.2,9.91,11.87,11.38,-0.002,-0.003,-0.003,0.0,0.01,-80.3064032,26.9209511,745.1
-10.3,3.7,0.0,0.01,-0.03,-0.05,-0.04,-0.11,-0.06,-0.37,0.21,9.506,9.653,8.957,9.006,10.5,9.81,11.87,11.58,-0.002,-0.003,-0.003,0.0,0.01,-80.3064032,26.9209511,745.15
-10.4,3.7,0.0,0.01,-0.04,-0.05,0.0,-0.04,-0.47,-0.37,0.21,9.496,9.663,8.957,9.015,10.2,9.81,11.97,11.48,-0.002,-0.003,-0.003,0.0,0.01,-80.3064032,26.9209511,745.2
-10.4,3.7,0.0,0.01,-0.03,-0.07,0.0,-0.16,0.13,-0.38,0.19,9.516,9.673,8.927,9.006,10.2,9.81,11.58,11.77,-0.002,-0.003,-0.003,0.0,0.01,-80.3064032,26.9209511,745.25
-10.3,3.7,0.0,0.01,-0.02,-0.06,0.23,-0.38,0.37,-0.37,0.22,9.535,9.624,8.976,8.986,10.3,9.42,11.87,11.38,-0.002,-0.003,-0.003,0.0,0.02,-80.3064032,26.9209511,745.3
-10.3,3.7,0.0,0.01,-0.03,-0.07,0.33,-0.18,0.16,-0.37,0.21,9.516,9.682,8.937,9.035,10.2,10.01,11.77,11.38,-0.002,-0.003,-0.003,0.0,0.02,-80.3064032,26.9209511,745.35
-10.4,3.7,0.0,0.01,-0.03,-0.06,-0.21,0.01,-0.23,-0.37,0.21,9.506,9.682,8.937,9.006,10.1,9.81,11.38,11.58,-0.002,-0.003,-0.003,0.0,0.02,-80.3064032,26.9209511,745.4
-10.3,3.7,0.0,0.01,-0.03,-0.05,0.1,-0.12,0.08,-0.37,0.21,9.516,9.663,8.976,9.045,10.1,9.71,11.67,11.58,-0.002,-0.003,-0.003,0.0,0.02,-80.3064031,26.9209511,745.45
-10.4,3.7,0.0,-0.0,-0.04,-0.05,-0.21,-0.38,0.06,-0.37,0.21,9.496,9.653,8.927,9.006,10.2,9.81,12.07,11.28,-0.002,-0.003,-0.003,0.0,-0.01,-80.3064031,26.9209511,745.5
-10.3,3.7,0.0,-0.0,-0.03,-0.06,0.06,-0.23,-0.06,-0.37,0.21,9.506,9.663,8.957,9.025,10.3,9.81,12.07,11.28,-0.002,-0.003,-0.003,0.0,-0.01,-80.3064031,26.9209511,745.55
-10.3,3.7,0.0,-0.0,-0.01,-0.08,-0.15,-0.02,0.29,-0.38,0.21,9.516,9.673,8.957,9.025,10.2,9.61,12.07,11.48,-0.002,-0.003,-0.003,0.0,-0.01,-80.3064031,26.9209511,745.6
-10.3,3.7,0.0,-0.01,-0.04,-0.07,-0.15,0.25,0.02,-0.36,0.21,9.535,9.663,8.957,8.996,10.3,9.61,11.87,11.38,-0.002,-0.003,-0.003,0.0,-0.01,-80.3064031,26.9209511,745.65
-10.3,3.7,0.0,-0.01,-0.03,-0.05,0.17,-0.09,0.29,-0.37,0.21,9.486,9.663,8.927,9.035,10.59,9.42,11.58,11.28,-0.002,-0.003,-0.003,0.0,-0.0,-80.3064031,26.9209511,745.7
-10.3,3.7,0.0,-0.0,-0.03,-0.05,-0.04,0.13,-0.03,-0.38,0.21,9.506,9.653,8.976,9.035,10.1,9.81,11.77,11.58,-0.002,-0.003,-0.003,0.0,-0.01,-80.3064031,26.9209511,745.75
-10.3,3.7,0.0,-0.0,-0.03,-0.07,-0.0,-0.12,-0.18,-0.37,0.21,9.486,9.663,8.927,9.015,10.3,9.81,11.77,11.58,-0.002,-0.003,-0.003,0.0,-0.01,-80.3064031,26.9209511,745.8
-10.3,3.7,0.0,-0.01,-0.03,-0.08,-0.1,-0.07,-0.06,-0.37,0.21,9.526,9.653,8.986,9.015,10.2,9.61,11.77,11.58,-0.002,-0.003,-0.003,0.0,-0.0,-80.3064031,26.9209511,745.85
-10.3,3.7,0.0,-0.01,-0.03,-0.07,0.08,0.13,0.02,-0.37,0.21,9.506,9.682,8.957,9.025,10.1,9.81,11.77,11.58,-0.002,-0.003,-0.003,0.0,-0.0,-80.3064031,26.9209511,745.9
-10.3,3.7,0.0,-0.01,-0.12,0.04,0.2,0.45,-0.4,-0.38,0.21,9.506,9.663,8.966,9.025,10.01,9.71,11.58,11.28,-0.002,-0.003,-0.003,0.0,-0.0,-80.3064031,26.9209511,745.95
-10.4,3.7,0.0,-0.01,-0.02,-0.06,-0.08,0.19,0.3,-0.38,0.22,9.506,9.673,8.937,9.015,10.2,9.71,11.77,11.58,-0.002,-0.003,-0.003,0.0,-0.0,-80.3064031,26.9209511,746.0
-10.3,3.7,0.0,0.0,-0.02,-0.06,-0.25,-0.28,-0.14,-0.37,0.21,9.516,9.663,8.986,9.055,10.2,9.81,11.97,11.77,-0.002,-0.003,-0.003,0.0,-0.0,-80.3064031,26.9209511,746.05
-10.3,3.7,0.0,-0.0,-0.04,-0.08,0.19,-0.04,-0.2,-0.37,0.21,9.486,9.673,8.927,9.006,10.3,9.91,11.77,11.58,-0.002,-0.003,-0.003,0.0,-0.01,-80.3064031,26.9209511,746.1
-10.3,3.7,0.0,-0.0,-0.05,-0.06,0.17,-0.04,-0.09,-0.36,0.21,9.526,9.643,8.996,9.035,10.2,9.71,11.67,11.38,-0.002,-0.003,-0.003,0.0,-0.01,-80.3064031,26.9209511,746.15
-10.4,3.7,0.0,-0.0,-0.02,-0.06,0.1,-0.0,0.45,-0.36,0.22,9.526,9.673,8.947,9.015,10.1,9.61,11.67,11.38,-0.002,-0.003,-0.003,0.0,-0.01,-80.3064031,26.9209511,746.2
-10.3,3.7,0.0,0.0,-0.04,-0.04,-0.04,-0.12,-0.19,-0.36,0.21,9.496,9.692,8.927,8.986,10.59,9.81,12.07,11.58,-0.002,-0.003,-0.003,0.0,-0.0,-80.3064031,26.9209511,746.25
-10.3,3.7,0.0,0.0,-0.03,-0.07,0.36,0.21,-0.31,-0.36,0.21,9.506,9.663,8.957,8.986,10.4,9.71,11.67,11.58,-0.002,-0.003,-0.003,0.0,0.0,-80.3064031,26.9209511,746.3
-10.3,3.7,0.0,0.0,-0.03,-0.08,-0.08,0.24,-0.14,-0.36,0.24,9.496,9.663,8.966,9.035,10.1,9.61,11.67,11.38,-0.002,-0.003,-0.003,0.0,0.0,-80.3064031,26.9209511,746.35
-10.3,3.7,0.0,0.0,-0.03,-0.04,-0.09,-0.01,-0.31,-0.36,0.21,9.526,9.643,8.947,8.996,10.4,9.71,11.77,11.28,-0.002,-0.003,-0.003,0.0,0.0,-80.3064031,26.9209511,746.4
-10.3,3.7,0.0,0.0,-0.03,-0.08,0.03,-0.21,0.42,-0.36,0.22,9.496,9.682,8.917,8.996,10.2,9.81,11.67,11.09,-0.002,-0.003,-0.003,0.0,0.0,-80.3064031,26.9209511,746.45
-10.4,3.7,0.0,0.0,-0.03,-0.02,-0.08,-0.31,-0.09,-0.36,0.23,9.516,9.643,8.966,9.035,10.2,9.61,11.67,11.58,-0.002,-0.003,-0.003,0.0,0.0,-80.3064031,26.9209511,746.5
-10.3,3.7,0.0,0.0,-0.03,-0.1,0.4,0.16,0.21,-0.36,0.22,9.516,9.702,8.986,9.055,10.1,9.91,11.87,11.28,-0.002,-0.003,-0.003,0.0,0.0,-80.3064031,26.9209511,746.55
-10.3,3.7,0.0,0.0,-0.03,-0.05,0.18,-0.19,0.13,-0.36,0.23,9.516,9.653,8.937,9.006,10.1,9.52,11.87,11.48,-0.002,-0.003,-0.003,0.0,0.0,-80.3064031,26.9209511,746.6
-10.3,3.7,0.0,0.0,-0.04,-0.05,0.34,-0.12,0.07,-0.36,0.22,9.486,9.643,8.907,8.996,10.5,9.71,12.07,11.38,-0.002,-0.003,-0.003,0.0,0.0,-80.3064031,26.9209511,746.65
-10.3,3.7,0.0,0.0,-0.02,-0.08,0.03,0.47,-0.12,-0.37,0.23,9.447,9.663,8.937,9.025,10.4,9.81,11.77,11.67,-0.002,-0.003,-0.003,0.0,0.0,-80.3064031,26.9209511,746.7
-10.3,3.7,0.0,0.01,-0.03,-0.07,-0.07,-0.06,-0.28,-0.38,0.23,9.506,9.653,8.937,9.006,10.2,9.52,11.77,11.48,-0.002,-0.003,-0.003,0.0,0.0,-80.3064031,26.9209511,746.75
-10.4,3.7,0.0,0.01,-0.05,-0.06,0.38,-0.01,0.23,-0.36,0.22,9.506,9.653,8.927,9.025,10.4,9.71,11.67,11.58,-0.002,-0.003,-0.003,0.0,0.0,-80.306403,26.9209511,746.8
-10.3,3.7,0.0,0.01,-0.02,-0.08,0.06,-0.09,0.21,-0.36,0.23,9.486,9.673,8.966,9.025,10.3,9.52,12.07,11.58,-0.002,-0.003,-0.003,0.0,0.0,-80.306403,26.9209511,746.85
-10.3,3.7,0.0,0.01,-0.03,-0.05,-0.38,-0.02,0.58,-0.36,0.22,9.496,9.673,8.937,9.025,10.2,10.01,11.87,11.58,-0.002,-0.003,-0.003,0.0,0.0,-80.306403,26.9209511,746.9
-10.3,3.7,0.0,0.01,-0.02,-0.05,0.13,-0.27,0.31,-0.36,0.22,9.496,9.633,8.937,8.996,10.2,9.91,11.58,11.58,-0.002,-0.003,-0.003,0.0,0.0,-80.306403,26.9209511,746.95
-10.3,3.7,0.0,0.01,-0.04,-0.06,-0.03,-0.0,-0.17,-0.35,0.21,9.496,9.673,8.937,9.006,10.1,10.01,12.07,11.48,-0.002,-0.003,-0.003,0.0,0.0,-80.306403,26.9209511,747.0
-10.3,3.7,0.0,0.01,-0.03,-0.06,0.06,-0.04,-0.16,-0.35,0.23,9.486,9.663,8.957,9.035,10.3,9.71,11.77,11.48,-0.002,-0.003,-0.003,0.0,0.01,-80.306403,26.9209511,747.05
-10.3,3.7,0.0,0.01,-0.02,-0.07,-0.33,-0.02,-0.03,-0.37,0.22,9.496,9.663,8.947,9.025,10.3,9.61,11.87,11.77,-0.002,-0.003,-0.003,0.0,0.0,-80.306403,26.9209511,747.1
-10.3,3.7,0.0,0.01,-0.01,-0.05,-0.12,0.22,-0.1,-0.35,0.22,9.545,9.653,8.976,9.035,10.5,9.91,11.58,11.58,-0.002,-0.003,-0.003,0.0,0.0,-80.306403,26.9209511,747.15
-10.3,3.7,0.0,0.01,-0.04,-0.06,0.18,0.14,0.52,-0.35,0.22,9.516,9.702,8.907,9.006,10.3,9.61,11.97,11.77,-0.002,-0.003,-0.003,0.0,0.0,-80.306403,26.920951,747.2
-10.4,3.7,0.0,0.01,-0.02,-0.06,-0.18,0.04,-0.04,-0.35,0.22,9.496,9.673,8.966,8.996,10.2,9.91,11.87,11.58,-0.002,-0.003,-0.003,0.0,0.0,-80.306403,26.920951,747.25
-10.4,3.7,0.0,0.01,-0.04,-0.07,0.34,0.09,0.06,-0.35,0.23,9.486,9.663,8.898,9.006,10.4,9.71,11.87,11.28,-0.002,-0.003,-0.003,0.0,0.01,-80.306403,26.920951,747.3
-10.3,3.7,0.0,0.01,-0.01,-0.07,-0.09,-0.17,0.09,-0.36,0.21,9.506,9.663,8.986,9.045,10.1,9.71,11.87,11.77,-0.002,-0.003,-0.003,0.0,0.0,-80.306403,26.920951,747.35
-10.3,3.7,0.0,0.01,-0.04,-0.05,0.23,-0.13,0.26,-0.35,0.22,9.535,9.663,8.937,9.006,10.2,9.81,11.58,11.58,-0.002,-0.003,-0.003,0.0,0.01,-80.306403,26.920951,747.4
-10.3,3.7,0.0,0.01,-0.04,-0.06,-0.02,-0.0,-0.03,-0.36,0.23,9.496,9.682,8.937,9.006,10.3,9.81,11.67,11.28,-0.002,-0.003,-0.003,0.0,0.0,-80.306403,26.920951,747.45
-10.3,3.7,0.0,0.01,-0.02,-0.05,0.18,0.08,-0.23,-0.35,0.24,9.506,9.673,8.947,8.996,10.1,10.01,12.07,11.28,-0.002,-0.003,-0.003,0.0,0.01,-80.306403,26.920951,747.5
-10.4,3.7,0.0,0.01,-0.04,-0.07,0.06,0.1,0.34,-0.35,0.23,9.486,9.682,8.898,8.966,10.3,9.71,11.67,11.38,-0.002,-0.003,-0.003,0.0,0.01,-80.306403,26.920951,747.55
-10.4,3.7,0.0,0.01,-0.04,-0.04,-0.15,-0.32,-0.2,-0.36,0.25,9.526,9.673,8.947,9.015,10.5,9.61,11.77,11.38,-0.002,-0.003,-0.003,0.0,0.01,-80.306403,26.920951,747.6
-10.3,3.7,0.0,0.01,-0.02,-0.08,-0.01,-0.22,0.08,-0.35,0.23,9.496,9.702,8.966,9.055,10.3,9.81,11.77,11.58,-0.002,-0.003,-0.003,0.0,0.01,-80.306403,26.920951,747.65
-10.3,3.7,0.0,0.01,-0.03,-0.03,0.06,-0.09,0.0,-0.36,0.22,9.506,9.653,8.966,8.986,10.3,9.91,11.67,11.38,-0.002,-0.003,-0.003,0.0,0.01,-80.306403,26.920951,747.7
-10.3,3.7,0.0,0.02,-0.03,-0.07,0.25,0.03,0.25,-0.36,0.22,9.535,9.575,8.957,8.888,10.2,9.71,11.67,11.38,-0.002,-0.003,-0.003,0.0,0.01,-80.306403,26.920951,747.75
-10.4,3.7,0.0,0.02,-0.04,-0.13,0.09,0.15,-0.01,-0.33,0.21,9.467,9.771,8.917,9.163,10.3,9.61,11.97,11.67,-0.002,-0.003,-0.003,0.0,0.01,-80.306403,26.920951,747.8
-10.3,3.7,0.0,0.02,-0.03,0.01,0.16,-0.21,0.01,-0.36,0.22,9.633,9.643,9.035,8.996,10.4,9.61,11.77,11.18,-0.002,-0.003,-0.003,0.0,0.01,-80.306403,26.920951,747.85
-10.3,3.7,0.0,0.02,-0.06,-0.08,0.36,0.21,-0.2,-0.38,0.22,9.467,9.663,8.839,8.986,10.1,9.71,11.97,11.48,-0.002,-0.003,-0.003,0.0,0.01,-80.306403,26.920951,747.9
-10.3,3.7,0.0,0.02,-0.04,-0.08,0.07,0.03,-0.3,-0.34,0.22,9.476,9.624,9.025,9.084,10.2,9.61,11.58,12.07,-0.002,-0.003,-0.003,0.0,0.01,-80.306403,26.920951,747.95
-10.3,3.7,0.0,0.02,-0.01,-0.05,-0.13,-0.11,0.2,-0.36,0.23,9.378,9.633,8.986,9.074,10.2,9.71,12.07,11.28,-0.002,-0.003,-0.003,0.0,0.01,-80.306403,26.920951,748.0
-10.3,3.7,0.0,0.02,-0.05,-0.14,0.29,0.14,0.25,-0.34,0.22,9.506,9.8,8.966,9.006,10.2,9.81,11.97,11.38,-0.002,-0.003,-0.003,0.0,0.01,-80.306403,26.920951,748.05
-10.4,3.7,0.0,0.02,-0.01,0.07,-0.02,-0.09,-0.01,-0.33,0.21,9.457,9.663,8.986,9.025,9.81,9.91,11.87,11.58,-0.002,-0.003,-0.003,0.0,0.01,-80.306403,26.920951,748.1
-10.3,3.7,0.0,0.02,-0.04,-0.06,-0.11,-0.37,0.47,-0.36,0.24,9.565,9.643,8.927,9.015,10.59,9.71,11.77,11.09,-0.002,-0.003,-0.003,0.0,0.01,-80.306403,26.920951,748.15
-10.3,3.7,0.0,0.02,-0.03,-0.08,0.04,-0.11,0.0,-0.34,0.23,9.506,9.692,8.907,8.976,10.59,9.81,12.16,11.28,-0.002,-0.003,-0.003,0.0,0.01,-80.306403,26.9209509,748.2
-10.4,3.7,0.0,0.02,-0.03,-0.05,-0.35,-0.2,0.01,-0.35,0.22,9.506,9.604,9.035,9.055,10.2,9.61,11.77,11.38,-0.002,-0.003,-0.003,0.0,0.01,-80.306403,26.9209509,748.25
-10.3,3.7,0.0,0.02,-0.02,-0.06,0.11,0.41,0.06,-0.34,0.22,9.506,9.682,8.917,8.966,10.3,9.81,11.77,11.28,-0.002,-0.003,-0.003,0.0,0.01,-80.306403,26.9209509,748.3
-10.4,3.7,0.0,0.02,-0.03,-0.04,0.1,-0.36,-0.19,-0.32,0.22,9.496,9.712,8.878,9.006,10.3,9.71,11.77,11.58,-0.002,-0.003,-0.003,0.0,0.01,-80.306403,26.9209509,748.35
-10.3,3.7,0.0,0.02,-0.03,-0.03,0.16,0.14,0.46,-0.3,0.23,9.496,9.604,8.957,9.035,10.2,9.71,11.87,11.28,-0.002,-0.003,-0.003,0.0,0.01,-80.306403,26.9209509,748.4
-10.3,3.7,0.0,0.02,-0.03,-0.09,0.54,-0.01,0.41,-0.34,0.23,9.486,9.673,8.917,9.035,10.3,9.91,11.58,11.58,-0.002,-0.003,-0.003,0.0,0.01,-80.306403,26.9209509,748.45
-10.4,3.7,0.0,0.02,-0.04,-0.07,-0.26,-0.04,-0.24,-0.35,0.21,9.535,9.643,8.966,8.986,10.1,9.91,11.77,11.38,-0.002,-0.003,-0.003,0.0,0.01,-80.306403,26.9209509,748.5
-10.3,3.7,0.0,0.02,-0.04,-0.06,0.08,0.0,-0.2,-0.36,0.2,9.506,9.643,8.947,9.025,10.2,9.61,11.97,11.58,-0.002,-0.003,-0.003,0.0,0.01,-80.306403,26.9209509,748.55
-10.3,3.7,0.0,0.02,-0.02,-0.06,-0.05,0.11,0.1,-0.38,0.19,9.496,9.673,8.907,9.006,10.2,9.81,11.87,11.67,-0.002,-0.003,-0.003,0.0,0.01,-80.306403,26.9209509,748.6
-10.3,3.7,0.0,0.02,-0.04,-0.04,-0.12,0.1,0.12,-0.39,0.18,9.526,9.692,8.937,9.015,10.4,10.01,11.58,11.67,-0.002,-0.003,-0.003,0.0,0.01,-80.306403,26.9209509,748.65
-10.3,3.7,0.0,0.03,-0.02,-0.06,-0.17,0.03,0.05,-0.41,0.16,9.516,9.673,8.976,9.035,10.2,9.91,11.48,11.48,-0.002,-0.003,-0.003,0.0,0.01,-80.306403,26.9209509,748.7
-10.3,3.7,0.0,0.02,-0.03,-0.08,-0.03,-0.1,-0.14,-0.34,0.22,9.496,9.663,8.937,9.025,10.3,9.91,11.58,11.28,-0.002,-0.003,-0.003,0.0,0.01,-80.306403,26.9209509,748.75
-10.3,3.7,0.0,0.03,-0.04,-0.07,0.05,-0.04,-0.15,-0.35,0.21,9.496,9.653,8.937,8.966,10.4,10.01,11.58,11.58,-0.002,-0.003,-0.003,0.0,0.01,-80.306403,26.9209509,748.8
-10.3,3.7,0.0,0.03,-0.04,-0.06,0.04,-0.14,-0.07,-0.34,0.22,9.496,9.653,8.986,9.055,10.5,10.01,11.67,11.58,-0.002,-0.003,-0.003,0.0,0.01,-80.306403,26.9209509,748.85
-10.3,3.7,0.0,0.03,-0.02,-0.06,0.0,0.31,0.11,-0.33,0.22,9.486,9.692,8.947,8.996,10.4,9.81,11.87,11.58,-0.002,-0.003,-0.003,0.0,0.01,-80.306403,26.9209509,748.9
-10.3,3.7,0.0,0.03,-0.04,-0.03,0.05,0.09,0.02,-0.33,0.22,9.496,9.653,8.986,9.015,10.59,9.91,11.87,11.48,-0.002,-0.003,-0.003,0.0,0.01,-80.306403,26.9209509,748.95
-10.3,3.7,0.0,0.03,-0.04,-0.07,0.17,-0.03,0.09,-0.34,0.23,9.486,9.663,8.927,9.025,10.5,9.71,11.77,11.58,-0.002,-0.003,-0.003,0.0,0.01,-80.306403,26.9209509,749.0
-10.3,3.7,0.0,0.03,-0.02,-0.08,0.01,0.08,0.05,-0.34,0.21,9.535,9.643,8.927,9.015,10.3,9.81,11.97,11.58,-0.002,-0.003,-0.003,0.0,0.01,-80.306403,26.9209509,749.05
-10.3,3.7,0.0,0.03,-0.03,-0.04,-0.07,-0.26,0.11,-0.34,0.23,9.496,9.673,8.957,9.025,10.3,10.01,11.77,11.58,-0.002,-0.003,-0.003,0.0,0.01,-80.306403,26.9209508,749.1
-10.3,3.7,0.0,0.03,-0.05,-0.05,0.29,-0.05,-0.14,-0.34,0.24,9.486,9.663,8.937,9.006,10.3,9.91,11.87,11.38,-0.002,-0.003,-0.003,0.0,0.01,-80.306403,26.9209508,749.15
-10.3,3.7,0.0,0.03,-0.03,-0.05,0.19,-0.32,0.03,-0.35,0.22,9.486,9.673,8.937,8.966,10.2,9.61,11.77,11.28,-0.002,-0.003,-0.003,0.0,0.01,-80.306403,26.9209508,749.2
-10.3,3.7,0.0,0.03,-0.03,-0.06,-0.02,0.02,0.04,-0.34,0.22,9.486,9.673,8.957,9.006,10.4,9.71,11.77,11.58,-0.002,-0.003,-0.003,0.0,0.01,-80.3064029,26.9209508,749.25
-10.4,3.7,0.0,0.03,-0.05,-0.06,0.18,0.07,-0.25,-0.34,0.22,9.496,9.653,8.937,9.006,10.3,9.81,11.77,11.48,-0.002,-0.003,-0.003,0.0,0.01,-80.306403,26.9209508,749.3
-10.3,3.7,0.0,0.03,-0.02,-0.07,-0.3,-0.07,0.22,-0.34,0.23,9.506,9.643,8.976,9.015,10.1,9.71,11.67,11.18,-0.002,-0.003,-0.003,0.0,0.01,-80.306403,26.9209508,749.35
-10.4,3.7,0.0,0.03,-0.04,-0.07,0.21,0.29,-0.17,-0.34,0.22,9.506,9.682,8.917,8.986,10.2,9.81,11.77,11.58,-0.002,-0.003,-0.003,0.0,0.01,-80.306403,26.9209508,749.4
-10.3,3.7,0.0,0.03,-0.03,-0.05,0.02,-0.26,-0.08,-0.35,0.22,9.496,9.663,8.966,9.015,10.1,9.52,11.77,11.58,-0.002,-0.003,-0.003,0.0,0.01,-80.306403,26.9209508,749.45
-10.3,3.7,0.0,0.03,-0.03,-0.05,-0.09,-0.27,0.01,-0.34,0.23,9.496,9.673,8.966,9.006,10.5,9.61,11.58,11.38,-0.002,-0.003,-0.003,0.0,0.01,-80.306403,26.9209508,749.5
-10.3,3.7,0.0,0.03,-0.03,-0.08,-0.07,0.2,0.24,-0.34,0.23,9.496,9.673,8.957,9.025,10.1,9.71,11.77,11.58,-0.002,-0.003,-0.003,0.0,0.01,-80.306403,26.9209508,749.55
-10.3,3.7,0.0,0.03,-0.04,-0.07,0.25,0.0,0.03,-0.35,0.21,9.516,9.663,8.957,9.035,10.2,9.91,12.07,11.58,-0.002,-0.003,-0.003,0.0,0.02,-80.306403,26.9209508,749.6
-10.4,3.7,0.0,0.03,-0.03,-0.05,-0.05,0.15,0.37,-0.34,0.23,9.486,9.673,8.927,8.996,10.3,9.91,11.77,11.38,-0.002,-0.003,-0.003,0.0,0.02,-80.306403,26.9209508,749.65
-10.3,3.7,0.0,0.03,-0.02,-0.06,-0.11,0.01,-0.0,-0.34,0.23,9.486,9.663,8.966,9.006,10.2,9.81,11.67,11.48,-0.002,-0.003,-0.003,0.0,0.02,-80.306403,26.9209508,749.7
-10.3,3.7,0.0,0.04,-0.04,-0.05,0.08,0.01,-0.19,-0.35,0.24,9.506,9.653,8.957,9.035,10.3,9.81,11.48,11.58,-0.002,-0.003,-0.003,0.0,0.02,-80.306403,26.9209508,749.75
-10.4,3.7,0.0,0.04,-0.02,-0.08,-0.17,0.16,0.04,-0.34,0.23,9.476,9.673,8.927,9.015,10.4,9.81,11.38,11.58,-0.002,-0.003,-0.003,0.0,0.02,-80.306403,26.9209508,749.8
-10.3,3.7,0.0,0.04,-0.03,-0.05,-0.12,-0.0,0.21,-0.35,0.24,9.486,9.643,8.957,9.006,10.3,9.91,11.77,11.38,-0.002,-0.003,-0.003,0.0,0.02,-80.306403,26.9209508,749.85
-10.4,3.7,0.0,0.04,-0.03,-0.07,-0.02,-0.06,-0.04,-0.34,0.23,9.516,9.663,8.947,8.996,10.1,9.71,11.58,11.48,-0.002,-0.003,-0.003,0.0,0.02,-80.306403,26.9209508,749.9
-10.3,3.7,0.0,0.04,-0.04,-0.04,0.18,-0.12,0.26,-0.34,0.23,9.496,9.663,8.947,9.015,10.3,9.91,11.67,11.48,-0.002,-0.003,-0.003,0.0,0.02,-80.306403,26.9209508,749.95
-10.3,3.7,0.0,0.04,-0.0,-0.09,-0.16,0.21,-0.0,-0.34,0.23,9.506,9.663,8.937,8.996,10.3,9.91,11.97,11.58,-0.002,-0.003,-0.003,0.0,0.02,-80.306403,26.9209508,750.0
-10.3,3.7,0.0,0.04,-0.03,-0.07,0.09,-0.07,-0.09,-0.33,0.23,9.486,9.673,8.947,9.025,10.2,9.71,11.87,11.38,-0.002,-0.003,-0.003,0.0,0.02,-80.306403,26.9209508,750.05
-10.3,3.7,0.0,0.04,-0.04,-0.05,0.06,-0.16,0.15,-0.32,0.23,9.506,9.653,8.947,9.006,10.5,9.81,11.58,11.58,-0.002,-0.003,-0.003,0.0,0.02,-80.306403,26.9209508,750.1
-10.3,3.7,0.0,0.04,-0.02,-0.06,-0.4,-0.14,-0.08,-0.34,0.23,9.496,9.643,8.966,9.025,10.3,9.81,11.58,11.58,-0.002,-0.003,-0.003,0.0,0.02,-80.306403,26.9209508,750.15
-10.4,3.7,0.0,0.04,-0.03,-0.06,0.0,0.35,0.07,-0.35,0.22,9.496,9.682,8.917,8.996,10.1,9.91,11.97,11.48,-0.002,-0.003,-0.003,0.0,0.02,-80.306403,26.9209508,750.2
-10.3,3.7,0.0,0.01,-0.01,-0.05,0.06,-0.09,0.29,-0.34,0.23,9.486,9.653,8.976,9.025,10.2,9.61,11.77,11.38,-0.002,-0.003,-0.003,0.0,0.01,-80.306403,26.9209507,750.25
-10.4,3.7,0.0,0.01,-0.03,-0.06,-0.37,-0.1,0.27,-0.34,0.23,9.476,9.663,8.947,9.025,10.3,9.61,11.77,11.38,-0.002,-0.003,-0.003,0.0,0.01,-80.306403,26.9209507,750.3
-10.1,3.6,0.0,0.01,-0.03,-0.06,-0.08,-0.12,-0.47,-0.34,0.22,9.506,9.653,9.055,9.104,10.2,9.81,11.58,11.09,-0.002,-0.003,-0.003,0.0,0.01,-80.306403,26.9209507,750.35
-10.4,3.7,0.0,0.01,-0.03,-0.06,0.02,-0.1,-0.02,-0.34,0.23,9.516,9.633,8.937,9.006,10.4,9.81,11.77,11.38,-0.002,-0.003,-0.003,0.0,0.01,-80.3064029,26.9209507,750.4
-10.3,3.7,0.0,0.01,-0.04,-0.05,0.07,0.28,-0.04,-0.34,0.22,9.496,9.663,8.937,9.035,10.59,9.81,11.87,11.58,-0.002,-0.003,-0.003,0.0,0.01,-80.3064029,26.9209507,750.45
-10.4,3.7,0.0,0.01,-0.02,-0.07,0.1,-0.0,0.12,-0.33,0.21,9.496,9.673,8.937,8.976,10.1,9.52,11.67,11.58,-0.002,-0.003,-0.003,0.0,0.01,-80.3064029,26.9209507,750.5
-10.3,3.7,0.0,0.01,-0.04,-0.04,0.01,-0.24,-0.15,-0.34,0.24,9.506,9.643,8.976,9.035,10.01,9.61,11.77,11.67,-0.002,-0.003,-0.003,0.0,0.01,-80.3064029,26.9209507,750.55
-10.4,3.7,0.0,0.01,-0.03,-0.06,0.04,0.21,-0.15,-0.34,0.24,9.486,9.673,8.937,9.006,10.4,9.81,11.48,11.77,-0.002,-0.003,-0.003,0.0,0.01,-80.3064029,26.9209507,750.6
-10.2,3.7,0.0,0.01,-0.03,-0.06,-0.07,0.14,0.07,-0.34,0.23,9.526,9.663,8.966,9.045,10.2,9.81,11.97,11.48,-0.002,-0.003,-0.003,0.0,0.01,-80.306403,26.9209507,750.65
-10.4,3.7,0.0,0.01,-0.03,-0.05,0.38,-0.2,0.2,-0.34,0.23,9.506,9.663,8.947,9.015,10.3,9.52,11.87,11.58,-0.002,-0.003,-0.003,0.0,0.01,-80.3064029,26.9209507,750.7
-10.3,3.7,0.0,0.01,-0.03,-0.07,-0.16,0.05,-0.1,-0.35,0.24,9.506,9.682,8.957,9.035,10.5,9.81,11.67,11.38,-0.002,-0.003,-0.003,0.0,0.01,-80.3064029,26.9209507,750.75
-10.3,3.7,0.0,0.01,-0.04,-0.05,0.1,-0.08,-0.06,-0.36,0.25,9.496,9.653,8.957,9.025,10.5,9.71,11.58,11.38,-0.002,-0.003,-0.003,0.0,0.01,-80.3064029,26.9209507,750.8
-10.3,3.7,0.0,0.01,-0.01,-0.06,-0.22,-0.0,0.36,-0.34,0.22,9.496,9.663,8.937,9.006,10.1,9.71,11.77,11.48,-0.002,-0.003,-0.003,0.0,0.01,-80.3064029,26.9209507,750.85
-10.3,3.7,0.0,0.01,-0.03,-0.05,0.02,-0.1,-0.04,-0.34,0.24,9.516,9.643,8.957,8.996,10.4,9.71,11.67,11.38,-0.002,-0.003,-0.003,0.0,0.01,-80.3064029,26.9209507,750.9
-10.3,3.7,0.0,0.01,-0.03,-0.06,-0.11,-0.06,0.02,-0.34,0.23,9.516,9.653,8.947,9.035,10.5,10.1,12.07,11.67,-0.002,-0.003,-0.003,0.0,0.01,-80.3064029,26.9209507,750.95
-10.4,3.7,0.0,0.01,-0.03,-0.08,0.14,0.18,0.13,-0.34,0.23,9.496,9.653,8.947,9.035,10.3,9.61,11.67,11.58,-0.002,-0.003,-0.003,0.0,0.01,-80.3064029,26.9209507,751.0
-10.3,3.7,0.0,0.01,-0.04,-0.05,-0.18,0.03,0.21,-0.33,0.24,9.506,9.663,8.976,9.006,10.3,9.81,11.77,11.58,-0.002,-0.003,-0.003,0.0,0.01,-80.3064029,26.9209507,751.05
-10.3,3.7,0.0,0.01,-0.01,-0.06,-0.12,0.05,0.26,-0.34,0.23,9.486,9.643,8.937,9.006,10.2,9.81,11.87,11.58,-0.002,-0.003,-0.003,0.0,0.02,-80.3064029,26.9209507,751.1
-10.3,3.7,0.0,0.01,-0.04,-0.06,-0.04,-0.16,0.12,-0.34,0.23,9.506,9.653,8.966,9.035,10.4,9.91,11.58,11.77,-0.002,-0.003,-0.003,0.0,0.02,-80.3064029,26.9209507,751.15
-10.3,3.7,0.0,0.01,-0.04,-0.06,0.02,-0.15,-0.04,-0.35,0.24,9.535,9.673,8.947,9.015,10.1,9.61,11.87,11.67,-0.002,-0.003,-0.003,0.0,0.02,-80.3064029,26.9209507,751.2
-10.3,3.7,0.0,0.01,-0.02,-0.04,0.01,-0.3,0.25,-0.36,0.24,9.496,9.653,8.927,8.986,10.2,9.71,12.07,11.38,-0.002,-0.003,-0.003,0.0,0.02,-80.3064029,26.9209507,751.25
-10.4,3.7,0.0,0.01,-0.04,-0.07,0.29,0.1,-0.18,-0.34,0.22,9.496,9.653,8.947,8.996,10.1,9.81,11.87,11.38,-0.002,-0.003,-0.003,0.0,0.02,-80.3064029,26.9209507,751.3
-10.3,3.7,0.0,0.01,-0.04,-0.06,0.23,-0.07,-0.41,-0.34,0.22,9.516,9.682,8.957,9.035,10.4,10.1,11.87,11.67,-0.002,-0.003,-0.003,0.0,0.02,-80.3064029,26.9209507,751.35
-10.4,3.7,0.0,0.01,-0.03,-0.06,-0.07,-0.12,-0.26,-0.34,0.22,9.486,9.663,8.927,8.996,10.3,10.01,11.87,11.58,-0.002,-0.003,-0.003,0.0,0.02,-80.3064029,26.9209507,751.4
-10.3,3.7,0.0,0.01,-0.03,-0.04,-0.12,-0.04,0.11,-0.34,0.23,9.506,9.663,8.957,9.035,10.5,9.91,11.87,11.58,-0.002,-0.003,-0.003,0.0,0.02,-80.3064029,26.9209507,751.45
-10.4,3.7,0.0,0.01,-0.03,-0.07,0.0,-0.15,-0.28,-0.34,0.24,9.506,9.682,8.927,9.015,10.4,9.61,11.58,11.38,-0.002,-0.003,-0.003,0.0,0.02,-80.3064029,26.9209507,751.5
-10.3,3.7,0.0,0.01,-0.04,-0.05,-0.07,-0.12,0.07,-0.34,0.23,9.516,9.663,8.976,9.025,10.59,9.71,11.67,11.58,-0.002,-0.003,-0.003,0.0,0.02,-80.3064029,26.9209507,751.55
-10.4,3.7,0.0,0.01,-0.03,-0.06,0.12,-0.11,0.13,-0.34,0.23,9.496,9.633,8.927,9.015,10.1,9.91,11.87,11.58,-0.002,-0.003,-0.003,0.0,0.02,-80.3064029,26.9209507,751.6
-10.3,3.7,0.0,0.01,-0.04,-0.05,0.08,-0.2,0.04,-0.34,0.23,9.496,9.673,8.937,8.996,10.2,9.91,11.48,11.48,-0.002,-0.003,-0.003,0.0,0.02,-80.3064029,26.9209507,751.65
-10.3,3.7,0.0,0.01,-0.03,-0.08,-0.02,0.46,0.09,-0.34,0.23,9.506,9.673,8.947,9.035,10.4,9.91,11.67,11.28,-0.002,-0.003,-0.003,0.0,0.02,-80.3064029,26.9209507,751.7
-10.3,3.7,0.0,0.01,-0.03,-0.07,-0.08,0.11,-0.1,-0.34,0.23,9.486,9.663,8.966,9.045,10.3,9.71,11.77,11.58,-0.002,-0.003,-0.003,0.0,0.02,-80.3064029,26.9209507,751.75
-10.4,3.7,0.0,0.01,-0.03,-0.06,-0.28,0.16,0.14,-0.34,0.23,9.496,9.673,8.907,9.015,10.5,9.81,11.77,11.38,-0.002,-0.003,-0.003,0.0,0.02,-80.3064029,26.9209506,751.8
-10.3,3.7,0.0,0.01,-0.03,-0.05,0.23,0.02,0.04,-0.34,0.23,9.496,9.682,8.937,9.035,10.3,9.81,11.67,11.38,-0.002,-0.003,-0.003,0.0,0.03,-80.3064029,26.9209506,751.85
-10.3,3.7,0.0,0.01,-0.03,-0.05,-0.06,0.15,-0.19,-0.34,0.22,9.506,9.663,8.976,9.045,10.3,9.42,11.38,11.58,-0.002,-0.003,-0.003,0.0,0.02,-80.3064029,26.9209506,751.9
-10.3,3.7,0.0,0.01,-0.04,-0.06,0.12,0.03,-0.36,-0.34,0.22,9.506,9.673,8.976,8.996,10.2,9.81,11.87,11.38,-0.002,-0.003,-0.003,0.0,0.03,-80.3064029,26.9209506,751.95
-10.3,3.7,0.0,0.0,-0.04,-0.09,0.31,0.15,0.05,-0.33,0.22,9.506,9.663,8.966,9.055,10.1,9.91,11.38,11.28,-0.002,-0.003,-0.003,0.0,-0.0,-80.3064029,26.9209506,752.0
-10.3,3.7,0.0,0.0,-0.06,-0.02,0.09,0.04,0.4,-0.33,0.23,9.496,9.663,8.957,9.035,10.2,9.91,11.77,11.38,-0.002,-0.003,-0.003,0.0,0.01,-80.3064029,26.9209506,752.05
-10.3,3.7,0.0,0.01,-0.03,-0.05,-0.1,-0.01,0.3,-0.33,0.23,9.506,9.673,8.937,8.996,10.4,9.91,11.77,11.48,-0.002,-0.003,-0.003,0.0,0.01,-80.3064029,26.9209506,752.1
-10.4,3.7,0.0,0.0,-0.03,-0.07,0.04,0.12,0.21,-0.33,0.24,9.516,9.682,8.937,9.006,10.1,9.61,11.67,11.48,-0.002,-0.003,-0.003,0.0,0.01,-80.3064029,26.9209506,752.15
-10.3,3.7,0.0,0.01,-0.04,-0.05,-0.07,-0.16,0.07,-0.33,0.24,9.496,9.673,8.937,8.986,10.01,9.61,11.67,11.38,-0.002,-0.003,-0.003,0.0,0.01,-80.3064029,26.9209506,752.2
-10.3,3.7,0.0,0.0,-0.03,-0.06,0.07,0.03,-0.1,-0.33,0.25,9.486,9.663,8.917,8.996,10.1,9.52,11.87,10.99,-0.002,-0.003,-0.003,0.0,0.01,-80.3064029,26.9209506,752.25
-10.4,3.7,0.0,0.01,-0.02,-0.07,0.01,0.16,0.16,-0.33,0.23,9.506,9.653,8.917,8.986,10.1,9.42,11.58,11.48,-0.002,-0.003,-0.003,0.0,0.01,-80.3064029,26.9209506,752.3
-10.3,3.7,0.0,-0.0,-0.05,-0.05,0.11,0.6,-0.29,-0.32,0.22,9.516,9.673,8.996,9.045,10.4,9.71,11.77,11.48,-0.002,-0.003,-0.003,0.0,0.0,-80.3064029,26.9209506,752.35
-10.3,3.7,0.0,0.0,-0.04,-0.05,0.26,-0.29,-0.02,-0.34,0.25,9.496,9.663,8.907,8.996,10.3,9.61,11.77,11.48,-0.002,-0.003,-0.003,0.0,0.01,-80.3064029,26.9209506,752.4
-10.3,3.7,0.0,0.01,-0.03,-0.06,-0.11,-0.11,0.0,-0.33,0.23,9.496,9.653,8.917,9.035,10.4,9.91,11.58,11.38,-0.002,-0.003,-0.003,0.0,0.01,-80.3064029,26.9209506,752.45
-10.4,3.7,0.0,0.01,-0.02,-0.06,0.2,-0.19,0.17,-0.33,0.23,9.496,9.673,8.937,8.986,10.5,9.52,11.87,11.48,-0.002,-0.003,-0.003,0.0,0.01,-80.3064028,26.9209506,752.5
-10.3,3.7,0.0,0.01,-0.04,-0.05,0.06,-0.25,0.05,-0.33,0.22,9.496,9.663,8.976,9.025,10.3,9.91,11.87,11.48,-0.002,-0.003,-0.003,0.0,0.01,-80.3064028,26.9209506,752.55
-10.3,3.7,0.0,0.01,-0.05,-0.05,-0.0,-0.17,-0.18,-0.33,0.24,9.516,9.682,8.947,9.006,10.4,9.71,11.67,11.38,-0.002,-0.003,-0.003,0.0,0.01,-80.3064028,26.9209506,752.6
-10.3,3.7,0.0,0.0,-0.02,-0.05,0.11,-0.0,0.13,-0.33,0.23,9.506,9.663,8.966,9.035,10.3,9.81,12.07,11.48,-0.002,-0.003,-0.003,0.0,0.01,-80.3064028,26.9209506,752.65
-10.3,3.7,0.0,0.0,-0.03,-0.06,0.06,0.21,-0.03,-0.33,0.22,9.506,9.682,8.927,9.006,10.3,9.91,11.38,11.38,-0.002,-0.003,-0.003,0.0,0.01,-80.3064028,26.9209506,752.7
-10.3,3.7,0.0,0.0,-0.03,-0.05,-0.26,-0.38,-0.28,-0.33,0.22,9.506,9.663,8.976,9.015,10.3,9.81,11.87,11.48,-0.002,-0.003,-0.003,0.0,0.01,-80.3064028,26.9209506,752.75
-10.3,3.7,0.0,-0.0,-0.03,-0.06,0.03,0.04,-0.01,-0.33,0.22,9.516,9.663,8.986,9.025,10.2,9.91,11.67,11.58,-0.002,-0.003,-0.003,0.0,0.0,-80.3064028,26.9209506,752.8
-10.3,3.7,0.0,0.0,-0.03,-0.05,-0.12,-0.09,0.15,-0.33,0.23,9.526,9.663,8.957,9.015,9.91,9.61,11.77,11.77,-0.002,-0.003,-0.003,0.0,-0.0,-80.3064028,26.9209506,752.85
-10.3,3.7,0.0,0.0,-0.04,-0.07,0.05,0.34,-0.04,-0.34,0.24,9.496,9.682,8.937,9.015,10.59,9.81,11.77,11.38,-0.002,-0.003,-0.003,0.0,-0.0,-80.3064028,26.9209506,752.9
-10.3,3.7,0.0,0.0,-0.03,-0.05,0.06,-0.32,0.09,-0.34,0.24,9.535,9.663,8.976,9.035,10.3,9.81,11.97,11.38,-0.002,-0.003,-0.003,0.0,0.0,-80.3064028,26.9209506,752.95
-10.3,3.7,0.0,0.0,-0.03,-0.05,-0.13,0.15,0.27,-0.33,0.23,9.506,9.682,8.927,9.064,10.3,9.81,11.58,11.28,-0.002,-0.003,-0.003,0.0,-0.0,-80.3064028,26.9209506,753.0
-10.3,3.7,0.0,0.0,-0.04,-0.07,0.14,-0.04,-0.3,-0.33,0.22,9.496,9.633,8.976,9.064,10.3,9.81,11.38,11.38,-0.002,-0.003,-0.003,0.0,-0.0,-80.3064028,26.9209506,753.05
-10.3,3.7,0.0,0.0,-0.05,-0.06,0.01,0.25,-0.09,-0.34,0.23,9.496,9.673,8.966,9.025,10.1,9.91,11.77,11.38,-0.002,-0.003,-0.003,0.0,0.0,-80.3064028,26.9209506,753.1
-10.3,3.7,0.0,0.0,-0.03,-0.05,0.3,0.19,0.1,-0.34,0.23,9.535,9.653,9.123,8.986,10.1,9.71,11.58,11.28,-0.002,-0.003,-0.003,0.0,0.0,-80.3064028,26.9209506,753.15
-10.3,3.7,0.0,0.0,-0.04,-0.05,-0.07,0.18,-0.22,-0.32,0.23,9.526,9.692,8.966,8.976,10.1,9.52,11.87,11.58,-0.002,-0.003,-0.003,0.0,0.0,-80.3064028,26.9209506,753.2
-10.3,3.7,0.0,0.0,-0.03,-0.04,-0.21,-0.08,0.34,-0.32,0.24,9.526,9.663,8.907,9.006,10.1,9.91,11.77,11.38,-0.002,-0.003,-0.003,0.0,0.0,-80.3064028,26.9209507,753.25
-10.4,3.7,0.0,0.0,-0.03,-0.06,-0.12,0.09,-0.14,-0.32,0.23,9.476,9.653,8.937,8.986,10.5,9.81,11.58,11.38,-0.002,-0.003,-0.003,0.0,0.0,-80.3064028,26.9209507,753.3
-10.3,3.7,0.0,0.0,-0.04,-0.04,-0.07,-0.16,0.18,-0.32,0.24,9.496,9.663,8.976,8.986,10.3,9.61,11.67,11.09,-0.002,-0.003,-0.003,0.0,0.0,-80.3064028,26.9209507,753.35
-10.3,3.7,0.0,0.0,-0.02,-0.07,-0.19,-0.0,-0.11,-0.32,0.24,9.506,9.692,8.937,9.006,10.1,9.61,11.87,11.28,-0.002,-0.003,-0.003,0.0,0.0,-80.3064028,26.9209507,753.4
-10.3,3.7,0.0,0.0,-0.03,-0.06,0.06,-0.05,-0.1,-0.32,0.23,9.526,9.643,8.966,9.025,10.2,9.71,11.77,11.38,-0.002,-0.003,-0.003,0.0,0.0,-80.3064028,26.9209507,753.45
-10.4,3.7,0.0,0.01,-0.05,-0.04,0.15,-0.12,-0.09,-0.32,0.25,9.496,9.673,8.927,9.006,10.2,9.71,11.77,11.48,-0.002,-0.003,-0.003,0.0,0.0,-80.3064028,26.9209507,753.5
-10.3,3.7,0.0,0.01,-0.02,-0.04,-0.22,-0.18,0.1,-0.32,0.23,9.496,9.673,8.976,9.015,10.3,10.01,11.67,11.58,-0.002,-0.003,-0.003,0.0,0.0,-80.3064028,26.9209507,753.55
-10.3,3.7,0.0,0.01,-0.04,-0.05,0.27,-0.04,0.04,-0.32,0.24,9.535,9.673,8.927,8.996,10.4,9.71,11.87,11.48,-0.002,-0.003,-0.003,0.0,0.01,-80.3064028,26.9209507,753.6
-10.3,3.7,0.0,0.01,-0.03,-0.06,-0.04,0.26,-0.02,-0.31,0.25,9.506,9.673,8.966,9.025,10.2,9.71,11.58,11.18,-0.002,-0.003,-0.003,0.0,0.01,-80.3064028,26.9209507,753.65
-10.4,3.7,0.0,0.01,-0.04,-0.06,0.11,-0.15,-0.17,-0.32,0.25,9.506,9.663,8.917,9.006,10.4,9.81,11.77,11.48,-0.002,-0.003,-0.003,0.0,0.01,-80.3064028,26.9209507,753.7
-10.3,3.7,0.0,0.01,-0.03,-0.06,-0.31,0.06,-0.08,-0.31,0.27,9.496,9.663,8.966,9.025,10.4,9.71,11.77,11.28,-0.002,-0.003,-0.003,0.0,0.0,-80.3064028,26.9209507,753.75
-10.3,3.7,0.0,0.01,-0.03,-0.03,-0.22,-0.21,0.27,-0.32,0.24,9.476,9.673,8.947,9.006,10.4,9.81,11.87,11.28,-0.002,-0.003,-0.003,0.0,0.01,-80.3064028,26.9209507,753.8
-10.3,3.7,0.0,0.01,-0.03,-0.06,0.02,0.09,0.19,-0.32,0.25,9.496,9.682,8.957,9.025,10.2,9.81,11.58,11.58,-0.002,-0.003,-0.003,0.0,0.01,-80.3064028,26.9209507,753.85
-10.3,3.7,0.0,0.01,-0.04,-0.06,-0.1,0.18,-0.2,-0.31,0.23,9.526,9.663,8.986,8.996,10.4,9.81,11.97,11.38,-0.002,-0.003,-0.003,0.0,0.01,-80.3064028,26.9209507,753.9
-10.3,3.7,0.0,0.01,-0.03,-0.05,0.08,-0.09,0.34,-0.32,0.24,9.496,9.663,8.976,9.035,10.3,9.61,11.58,11.38,-0.002,-0.003,-0.003,0.0,-0.0,-80.3064028,26.9209507,753.95
-10.3,3.7,0.0,0.01,-0.03,-0.06,-0.34,0.08,0.14,-0.33,0.26,9.516,9.643,8.986,8.996,10.4,9.71,11.77,11.28,-0.002,-0.003,-0.003,0.0,-0.0,-80.3064029,26.9209507,754.0
-10.3,3.7,0.0,0.01,-0.04,-0.05,0.12,-0.07,0.46,-0.32,0.25,9.535,9.643,8.957,9.035,10.01,9.61,11.77,11.48,-0.002,-0.003,-0.003,0.0,-0.0,-80.3064029,26.9209507,754.05
-10.3,3.7,0.0,0.01,0.01,-0.1,-0.05,-0.01,-0.08,-0.29,0.25,9.526,9.673,9.025,9.055,10.1,9.71,11.87,11.48,-0.002,-0.003,-0.003,0.0,-0.01,-80.3064029,26.9209507,754.1
-10.3,3.7,0.0,0.01,-0.03,-0.07,-0.38,0.52,-0.02,-0.29,0.24,9.496,9.614,8.976,9.015,10.3,9.81,11.38,11.58,-0.002,-0.003,-0.003,0.0,-0.01,-80.3064029,26.9209507,754.15
-10.3,3.7,0.0,0.01,-0.04,-0.04,0.01,0.01,-0.2,-0.29,0.26,9.457,9.584,8.976,8.966,10.3,9.71,11.67,11.38,-0.002,-0.003,-0.003,0.0,-0.01,-80.3064029,26.9209507,754.2
-10.3,3.7,0.0,0.01,-0.05,-0.06,-0.15,-0.02,-0.3,-0.28,0.26,9.467,9.545,8.888,9.006,10.5,9.42,11.38,11.58,-0.002,-0.003,-0.003,0.0,-0.01,-80.3064029,26.9209507,754.25
-10.4,3.7,0.0,0.01,-0.02,-0.03,-0.12,0.15,0.09,-0.25,0.27,9.535,9.624,8.888,8.966,10.01,9.91,11.58,11.09,-0.002,-0.003,-0.003,0.0,-0.01,-80.3064029,26.9209507,754.3
-10.3,3.7,0.0,0.01,-0.04,-0.02,0.05,0.08,-0.14,-0.26,0.26,9.467,9.682,8.966,9.025,10.4,9.81,11.87,11.38,-0.002,-0.003,-0.003,0.0,-0.01,-80.3064029,26.9209507,754.35
-10.3,3.7,0.0,0.01,-0.04,-0.05,-0.0,0.17,0.43,-0.25,0.26,9.486,9.663,8.917,9.015,10.4,9.61,11.77,11.87,-0.002,-0.003,-0.003,0.0,-0.01,-80.3064029,26.9209507,754.4
-10.3,3.7,0.0,0.01,-0.04,-0.05,0.1,0.23,0.09,-0.23,0.26,9.506,9.673,8.937,9.015,10.4,9.81,11.87,11.28,-0.002,-0.003,-0.003,0.0,-0.0,-80.3064029,26.9209507,754.45
-10.4,3.7,0.0,0.01,-0.04,-0.04,-0.11,0.07,-0.05,-0.26,0.25,9.506,9.663,8.888,8.976,10.4,9.71,11.77,11.38,-0.002,-0.003,-0.003,0.0,-0.0,-80.3064029,26.9209507,754.5
-10.3,3.7,0.0,0.01,-0.06,-0.06,-0.29,-0.15,0.04,-0.25,0.25,9.241,9.741,9.153,9.025,9.91,9.71,11.77,11.09,-0.002,-0.003,-0.003,0.0,-0.01,-80.3064029,26.9209507,754.55
-10.3,3.7,0.0,0.01,0.05,0.15,0.15,-0.12,0.5,-0.27,0.24,9.447,9.575,8.633,8.751,9.91,9.71,12.65,10.79,-0.002,-0.003,-0.003,0.0,-0.0,-80.3064029,26.9209507,754.6
-10.3,3.7,0.0,0.01,-0.07,-0.05,0.22,-0.41,0.19,-0.26,0.24,9.339,9.692,9.113,9.025,10.2,9.71,11.87,11.28,-0.002,-0.003,-0.003,0.0,0.0,-80.3064029,26.9209507,754.65
-10.3,3.7,0.0,0.02,-0.02,0.02,-0.15,-0.04,-0.17,-0.26,0.25,9.516,9.712,9.064,9.035,10.1,9.91,11.58,11.48,-0.002,-0.003,-0.003,0.0,0.01,-80.3064029,26.9209507,754.7
-10.3,3.7,0.0,0.02,-0.04,-0.13,0.11,-0.26,-0.08,-0.27,0.25,9.545,9.673,9.055,8.996,10.3,9.81,11.97,11.58,-0.002,-0.003,-0.003,0.0,0.02,-80.3064029,26.9209507,754.75
-10.4,3.7,0.0,0.03,-0.04,-0.08,0.01,0.39,0.17,-0.27,0.27,9.516,9.702,8.947,9.035,10.2,9.71,11.87,11.58,-0.002,-0.003,-0.003,0.0,0.03,-80.3064029,26.9209507,754.8
-10.2,3.7,0.0,0.0,-0.05,-0.09,-0.18,-0.12,-0.08,-0.28,0.24,9.643,9.555,8.976,8.996,10.4,9.52,11.87,11.28,-0.002,-0.003,-0.003,0.0,-0.01,-80.3064029,26.9209507,754.85
-10.3,3.7,0.0,0.01,-0.07,0.01,0.03,-0.08,-0.05,-0.26,0.27,9.418,9.663,8.868,9.055,10.1,10.1,11.58,11.48,-0.002,-0.003,-0.003,0.0,-0.0,-80.3064029,26.9209507,754.9
-10.3,3.7,0.0,0.01,-0.02,0.01,-0.13,0.27,0.05,-0.27,0.26,9.457,9.624,8.868,8.966,10.2,9.71,11.28,11.09,-0.002,-0.003,-0.003,0.0,0.0,-80.3064029,26.9209508,754.95
-10.3,3.7,0.0,0.01,-0.04,-0.07,0.57,-0.01,-0.05,-0.26,0.25,9.526,9.653,8.927,9.055,10.3,9.71,11.58,11.58,-0.002,-0.003,-0.003,0.0,0.01,-80.3064029,26.9209508,755.0
-10.3,3.7,0.0,0.01,-0.02,-0.08,-0.02,-0.15,-0.07,-0.26,0.27,9.506,9.643,8.957,9.064,10.4,9.61,11.77,11.77,-0.002,-0.003,-0.003,0.0,0.01,-80.3064029,26.9209508,755.05
-10.3,3.7,0.0,0.0,-0.05,-0.09,0.23,-0.01,0.36,-0.26,0.26,9.565,9.673,8.976,9.035,10.4,9.71,11.97,11.58,-0.002,-0.003,-0.003,0.0,-0.01,-80.3064029,26.9209508,755.1
-10.3,3.7,0.0,0.0,-0.09,-0.13,0.01,0.46,0.18,-0.25,0.26,9.408,9.771,8.574,8.917,10.1,9.81,11.28,11.38,-0.002,-0.003,-0.003,0.0,-0.01,-80.3064029,26.9209508,755.15
-10.3,3.7,0.0,0.0,-0.08,-0.01,0.04,0.38,0.21,-0.24,0.26,9.369,9.712,8.888,9.015,10.4,9.81,11.87,11.28,-0.002,-0.003,-0.003,0.0,-0.01,-80.3064029,26.9209508,755.2
-10.3,3.7,0.0,0.0,-0.07,0.03,-0.06,0.08,0.21,-0.24,0.26,9.535,9.663,9.045,9.153,10.4,9.91,12.07,11.28,-0.002,-0.003,-0.003,0.0,-0.01,-80.3064029,26.9209508,755.25
-10.3,3.7,0.0,0.01,0.0,0.03,0.14,0.17,-0.08,-0.24,0.23,9.476,9.692,8.937,9.104,10.3,9.81,11.87,11.48,-0.002,-0.003,-0.003,0.0,-0.0,-80.3064029,26.9209508,755.3
-10.3,3.7,0.0,0.01,-0.02,0.0,0.17,-0.25,-0.59,-0.25,0.25,9.555,9.692,8.957,9.055,10.4,9.81,11.77,11.28,-0.002,-0.003,-0.003,0.0,0.0,-80.3064029,26.9209508,755.35
-10.3,3.7,0.0,0.01,0.01,-0.11,0.05,-0.04,0.02,-0.26,0.27,9.486,9.624,8.957,8.947,10.3,9.81,11.67,11.38,-0.002,-0.003,-0.003,0.0,0.01,-80.3064029,26.9209508,755.4
-10.2,3.7,0.0,0.0,-0.02,-0.15,0.0,0.26,-0.08,-0.26,0.25,9.476,9.614,9.015,9.025,10.2,9.61,11.77,11.48,-0.002,-0.003,-0.003,0.0,-0.01,-80.3064029,26.9209508,755.45
-10.3,3.7,0.0,0.01,-0.05,-0.09,0.1,-0.03,0.28,-0.26,0.26,9.535,9.604,8.937,9.006,10.4,9.61,11.77,11.18,-0.002,-0.003,-0.003,0.0,-0.02,-80.3064029,26.9209508,755.5
-10.3,3.7,0.0,0.01,0.04,0.09,0.0,0.17,-0.04,-0.26,0.26,9.535,9.722,8.907,9.163,10.2,10.01,11.77,11.87,-0.002,-0.003,-0.003,0.0,-0.01,-80.3064029,26.9209508,755.55
-10.3,3.7,0.0,0.01,-0.05,-0.18,-0.16,-0.14,0.11,-0.27,0.24,9.496,9.8,9.221,9.094,10.2,9.81,11.67,11.38,-0.002,-0.003,-0.003,0.0,0.0,-80.3064029,26.9209508,755.6
-10.2,3.7,0.0,0.01,0.01,0.03,-0.01,-0.05,0.27,-0.27,0.26,9.506,9.692,9.035,8.917,10.2,9.81,11.87,11.18,-0.002,-0.003,-0.003,0.0,0.01,-80.3064029,26.9209508,755.65
-10.3,3.7,0.0,0.0,-0.05,-0.1,0.18,-0.07,-0.15,-0.27,0.25,9.486,9.673,8.898,8.937,10.3,9.71,11.77,11.28,-0.002,-0.003,-0.003,0.0,-0.01,-80.306403,26.9209508,755.7
-10.3,3.7,0.0,0.0,-0.07,-0.08,-0.19,0.43,-0.22,-0.27,0.27,9.516,9.741,8.996,8.996,10.2,9.91,11.77,11.58,-0.002,-0.003,-0.003,0.0,-0.01,-80.306403,26.9209508,755.75
-10.3,3.7,0.0,0.0,-0.04,-0.01,-0.07,-0.54,0.46,-0.27,0.26,9.457,9.712,8.966,9.035,10.3,9.71,11.58,11.48,-0.002,-0.003,-0.003,0.0,-0.01,-80.306403,26.9209508,755.8
-10.3,3.7,0.0,0.0,-0.07,-0.03,0.19,-0.35,0.33,-0.27,0.26,9.476,9.643,8.937,8.976,10.2,9.61,11.67,11.38,-0.002,-0.003,-0.003,0.0,-0.01,-80.306403,26.9209508,755.85
-10.3,3.7,0.0,0.01,-0.02,-0.02,-0.15,0.1,0.24,-0.26,0.26,9.496,9.673,8.957,8.996,10.1,9.81,11.87,11.58,-0.002,-0.003,-0.003,0.0,-0.0,-80.306403,26.9209508,755.9
-10.2,3.7,0.0,0.0,-0.03,-0.1,-0.2,0.1,-0.15,-0.27,0.25,9.535,9.741,8.986,9.084,10.4,9.91,11.77,11.67,-0.002,-0.003,-0.003,0.0,-0.01,-80.306403,26.9209508,755.95
-10.3,3.7,0.0,0.0,-0.03,-0.08,0.1,0.29,0.02,-0.26,0.26,9.526,9.633,9.015,9.006,10.2,9.71,12.07,11.38,-0.002,-0.003,-0.003,0.0,-0.01,-80.306403,26.9209509,756.0
-10.3,3.7,0.0,0.01,-0.06,-0.02,0.09,0.03,-0.34,-0.25,0.26,9.447,9.663,8.947,9.035,10.3,9.91,11.87,11.38,-0.002,-0.003,-0.003,0.0,-0.02,-80.306403,26.9209509,756.05
-10.3,3.7,0.0,0.0,-0.03,-0.05,-0.13,0.02,-0.31,-0.23,0.26,9.526,9.594,8.927,9.025,10.3,9.81,11.77,11.67,-0.002,-0.003,-0.003,0.0,-0.01,-80.306403,26.9209509,756.1
-10.3,3.7,0.0,0.0,0.04,-0.12,0.04,0.01,-0.33,-0.22,0.26,9.467,9.692,8.927,9.064,10.5,9.81,11.87,11.58,-0.002,-0.003,-0.003,0.0,-0.01,-80.306403,26.9209509,756.15
-10.3,3.7,0.0,0.0,-0.04,-0.03,-0.12,0.1,0.04,-0.26,0.27,9.545,9.643,9.015,8.996,10.3,9.61,11.77,11.09,-0.002,-0.003,-0.003,0.0,-0.01,-80.306403,26.9209509,756.2
-10.3,3.7,0.0,0.0,-0.06,-0.07,-0.01,0.02,0.26,-0.26,0.28,9.496,9.624,8.819,8.957,10.1,9.91,11.77,11.38,-0.002,-0.003,-0.003,0.0,-0.01,-80.306403,26.9209509,756.25
-10.3,3.7,0.0,0.0,-0.06,-0.05,0.17,-0.04,0.03,-0.26,0.26,9.486,9.643,8.927,8.937,10.1,9.81,12.07,11.58,-0.002,-0.003,-0.003,0.0,-0.01,-80.3064029,26.9209509,756.3
-10.3,3.7,0.0,-0.0,-0.06,-0.03,0.11,0.08,-0.33,-0.25,0.26,9.516,9.732,8.937,9.055,10.01,9.91,11.67,11.28,-0.002,-0.003,-0.003,0.0,-0.01,-80.3064029,26.9209509,756.35
-10.2,3.7,0.0,-0.0,-0.01,-0.02,-0.21,-0.18,0.26,-0.26,0.26,9.535,9.663,8.937,8.996,10.3,9.52,11.77,11.48,-0.002,-0.003,-0.003,0.0,-0.01,-80.3064029,26.9209509,756.4
-10.3,3.7,0.0,-0.0,-0.04,-0.05,0.26,0.02,0.05,-0.27,0.26,9.506,9.633,9.015,9.015,10.3,9.71,11.97,11.38,-0.002,-0.003,-0.003,0.0,-0.01,-80.3064029,26.9209509,756.45
-10.3,3.7,0.0,-0.0,-0.03,-0.08,-0.11,-0.07,0.13,-0.26,0.26,9.496,9.663,8.966,9.064,10.1,9.91,11.77,11.38,-0.002,-0.003,-0.003,0.0,-0.01,-80.3064029,26.9209509,756.5
-10.2,3.7,0.0,-0.0,-0.04,-0.04,-0.13,-0.15,0.15,-0.24,0.25,9.467,9.663,8.868,8.966,10.3,9.91,11.58,11.38,-0.002,-0.003,-0.003,0.0,-0.01,-80.3064029,26.9209509,756.55
-10.3,3.7,0.0,-0.0,-0.04,-0.02,-0.3,0.12,0.01,-0.26,0.26,9.545,9.604,9.006,9.064,10.01,9.32,11.87,11.58,-0.002,-0.003,-0.003,0.0,-0.01,-80.3064029,26.9209509,756.6
-10.3,3.7,0.0,-0.01,-0.03,-0.06,-0.0,-0.25,0.1,-0.25,0.27,9.476,9.692,8.947,9.015,10.3,9.81,11.67,11.38,-0.002,-0.003,-0.003,0.0,-0.01,-80.3064029,26.9209509,756.65
-10.3,3.7,0.0,-0.01,-0.04,-0.01,0.19,0.04,0.07,-0.25,0.26,9.496,9.692,9.123,8.937,10.3,9.71,11.48,11.48,-0.002,-0.003,-0.003,0.0,-0.01,-80.3064029,26.9209509,756.7
-10.3,3.7,0.0,0.01,0.22,-0.49,0.36,0.55,-0.36,-0.24,0.26,9.3,9.545,9.987,9.31,10.2,10.2,12.16,12.07,-0.002,-0.003,-0.003,0.0,-0.03,-80.3064029,26.9209509,756.75
-10.3,3.7,0.0,0.0,0.09,0.37,-0.11,-0.53,0.02,-0.23,0.26,9.437,10.055,9.074,8.898,9.61,9.91,12.85,11.67,-0.002,-0.003,-0.003,0.0,-0.01,-80.3064029,26.9209509,756.8
-10.3,3.7,0.0,0.01,0.0,0.04,-0.28,0.27,-0.11,-0.25,0.26,9.535,9.476,9.055,9.006,10.2,10.01,11.77,11.87,-0.002,-0.003,-0.003,0.0,0.01,-80.3064029,26.9209509,756.85
-10.3,3.7,0.0,0.02,0.04,-0.02,0.13,0.15,-0.51,-0.26,0.25,9.624,9.957,8.898,8.809,10.5,9.71,11.77,11.48,-0.002,-0.003,-0.003,0.0,0.03,-80.3064029,26.9209509,756.9
-10.2,3.7,0.0,0.01,-0.06,-0.25,0.39,-1.0,0.21,-0.28,0.26,9.869,9.643,9.123,9.153,10.89,10.01,11.58,11.28,-0.002,-0.003,-0.003,0.0,-0.02,-80.3064029,26.9209509,756.95
-10.3,3.7,0.0,0.01,-0.01,-0.09,0.02,0.11,-0.27,-0.27,0.25,9.682,9.633,8.986,9.006,10.69,9.81,11.87,11.58,-0.002,-0.003,-0.003,0.0,-0.03,-80.3064029,26.9209509,757.0
-10.3,3.7,0.0,0.01,-0.03,0.07,-0.51,-0.11,-0.36,-0.27,0.25,9.506,9.722,8.888,9.055,10.69,9.71,11.77,11.48,-0.002,-0.003,-0.003,0.0,-0.05,-80.3064029,26.9209509,757.05
-10.2,3.7,0.0,0.0,-0.03,0.03,-0.07,-0.39,-0.28,-0.27,0.25,9.369,9.516,8.937,9.015,10.1,9.71,12.07,11.38,-0.002,-0.003,-0.003,0.0,-0.01,-80.3064029,26.9209509,757.1
-10.3,3.7,0.0,0.01,-0.06,0.01,0.03,0.01,-0.17,-0.28,0.26,9.467,9.565,8.898,8.976,10.1,9.32,11.38,11.48,-0.002,-0.003,-0.003,0.0,0.0,-80.3064029,26.9209509,757.15
-10.3,3.7,0.0,0.0,-0.02,-0.14,0.26,-0.14,-0.14,-0.28,0.26,9.663,9.643,8.937,8.996,10.4,9.71,12.07,11.28,-0.002,-0.003,-0.003,0.0,-0.01,-80.3064029,26.9209509,757.2
-10.3,3.7,0.0,0.0,-0.05,-0.12,-0.05,0.06,0.28,-0.28,0.26,9.643,9.663,9.015,9.064,10.79,9.81,11.77,11.28,-0.002,-0.003,-0.003,0.0,-0.01,-80.3064029,26.9209509,757.25
-10.3,3.7,0.0,0.0,-0.02,-0.05,-0.09,0.12,-0.09,-0.28,0.25,9.545,9.653,8.937,9.055,10.3,9.91,11.58,11.97,-0.002,-0.003,-0.003,0.0,-0.02,-80.3064029,26.9209509,757.3
-10.3,3.7,0.0,0.0,-0.07,0.08,0.02,-0.2,-0.08,-0.27,0.27,9.476,9.653,8.927,9.035,10.3,9.81,11.77,11.38,-0.002,-0.003,-0.003,0.0,-0.01,-80.3064029,26.9209509,757.35
-10.3,3.7,0.0,0.0,-0.09,0.08,-0.05,0.23,0.25,-0.27,0.26,9.496,9.653,8.907,9.055,10.3,9.91,11.58,11.67,-0.002,-0.003,-0.003,0.0,-0.01,-80.3064029,26.9209509,757.4
-10.2,3.7,0.0,0.01,-0.02,-0.1,0.02,0.03,-0.05,-0.28,0.26,9.506,9.633,8.937,9.006,10.2,9.81,11.77,11.77,-0.002,-0.003,-0.003,0.0,-0.0,-80.3064029,26.9209509,757.45
-10.3,3.7,0.0,0.0,-0.04,-0.13,-0.17,0.15,0.23,-0.28,0.26,9.545,9.653,8.966,8.976,10.4,9.71,11.58,11.58,-0.002,-0.003,-0.003,0.0,-0.01,-80.3064029,26.9209509,757.5
-10.2,3.7,0.0,0.0,-0.05,-0.09,0.18,0.05,-0.05,-0.29,0.25,9.526,9.682,8.976,9.015,10.4,9.81,12.07,11.38,-0.002,-0.003,-0.003,0.0,-0.02,-80.3064029,26.920951,757.55
-10.3,3.7,0.0,0.0,-0.03,-0.0,0.15,-0.44,0.12,-0.28,0.28,9.506,9.702,8.927,9.015,10.01,10.01,11.77,11.58,-0.002,-0.003,-0.003,0.0,-0.02,-80.3064029,26.920951,757.6
-10.3,3.7,0.0,0.0,-0.05,0.05,0.07,0.17,-0.63,-0.27,0.25,9.496,9.702,8.966,9.064,10.3,9.91,11.77,11.58,-0.002,-0.003,-0.003,0.0,-0.01,-80.3064029,26.920951,757.65
-10.3,3.7,0.0,0.01,-0.03,-0.06,0.16,0.17,-0.03,-0.29,0.26,9.476,9.673,8.927,9.045,10.4,9.61,11.77,11.58,-0.002,-0.003,-0.003,0.0,-0.0,-80.3064029,26.920951,757.7
-10.3,3.7,0.0,0.0,-0.05,-0.11,0.25,0.15,0.16,-0.28,0.26,9.535,9.604,8.966,9.015,10.1,9.61,11.77,11.18,-0.002,-0.003,-0.003,0.0,-0.01,-80.3064029,26.9209509,757.75
-10.3,3.7,0.0,0.0,-0.03,-0.11,0.0,-0.18,-0.12,-0.29,0.26,9.535,9.663,8.907,8.996,10.2,9.61,11.67,11.48,-0.002,-0.003,-0.003,0.0,-0.01,-80.3064029,26.9209509,757.8
-10.2,3.7,0.0,0.0,-0.03,-0.06,0.17,-0.13,0.49,-0.28,0.26,9.526,9.643,8.937,9.055,10.4,9.91,11.87,11.18,-0.002,-0.003,-0.003,0.0,-0.02,-80.3064029,26.920951,757.85
-10.3,3.7,0.0,0.0,-0.05,0.0,0.17,-0.13,-0.05,-0.28,0.25,9.496,9.653,8.957,9.045,10.2,9.81,11.58,11.58,-0.002,-0.003,-0.003,0.0,-0.02,-80.3064029,26.920951,757.9
-10.2,3.7,0.0,0.0,-0.04,0.01,-0.11,-0.24,-0.17,-0.28,0.25,9.496,9.682,8.937,9.025,10.4,9.71,11.87,11.38,-0.002,-0.003,-0.003,0.0,-0.03,-80.3064029,26.920951,757.95
-10.3,3.7,0.0,0.01,-0.02,-0.06,0.19,-0.41,0.24,-0.28,0.26,9.506,9.663,8.976,9.035,10.2,9.81,11.97,11.58,-0.002,-0.003,-0.003,0.0,-0.0,-80.3064029,26.920951,758.0
-10.2,3.7,0.0,0.0,-0.05,-0.09,0.2,0.29,-0.14,-0.28,0.26,9.526,9.663,8.986,9.006,10.2,9.81,11.97,11.38,-0.002,-0.003,-0.003,0.0,-0.01,-80.3064029,26.920951,758.05
-10.3,3.7,0.0,0.0,-0.03,-0.09,0.13,0.1,0.34,-0.29,0.26,9.516,9.663,8.917,8.986,10.2,9.81,11.87,11.38,-0.002,-0.003,-0.003,0.0,-0.01,-80.3064029,26.9209509,758.1
-10.2,3.7,0.0,0.0,-0.05,-0.01,-0.06,-0.01,-0.15,-0.28,0.26,9.486,9.692,8.957,9.074,10.01,9.81,11.48,11.48,-0.002,-0.003,-0.003,0.0,-0.01,-80.3064029,26.9209509,758.15
-10.3,3.7,0.0,0.0,-0.08,0.04,0.32,0.07,-0.39,-0.28,0.25,9.486,9.663,8.927,9.015,10.2,9.71,11.77,11.48,-0.002,-0.003,-0.003,0.0,-0.01,-80.3064029,26.9209509,758.2
-10.3,3.7,0.0,0.01,-0.05,-0.06,-0.08,0.37,-0.65,-0.28,0.25,9.467,9.653,8.927,9.006,10.01,9.52,11.77,11.38,-0.002,-0.003,-0.003,0.0,-0.0,-80.3064029,26.9209509,758.25
-10.3,3.7,0.0,0.01,-0.02,-0.09,-0.2,-0.03,0.38,-0.29,0.26,9.516,9.643,8.947,8.976,10.2,9.61,11.77,11.28,-0.002,-0.003,-0.003,0.0,-0.0,-80.3064028,26.9209509,758.3
-10.3,3.7,0.0,0.0,-0.05,-0.07,0.04,0.11,-0.16,-0.3,0.25,9.526,9.643,8.937,9.006,10.3,9.61,11.67,11.58,-0.002,-0.003,-0.003,0.0,-0.01,-80.3064028,26.9209509,758.35
-10.3,3.7,0.0,0.0,-0.05,-0.04,-0.01,0.03,-0.1,-0.29,0.25,9.486,9.643,8.937,9.006,10.3,9.81,11.67,11.58,-0.002,-0.003,-0.003,0.0,-0.01,-80.3064028,26.9209509,758.4
-10.2,3.7,0.0,0.01,-0.04,-0.03,0.11,-0.01,-0.31,-0.29,0.25,9.476,9.653,8.966,9.015,10.4,9.61,11.77,11.77,-0.002,-0.003,-0.003,0.0,-0.0,-80.3064028,26.9209509,758.45
-10.3,3.7,0.0,0.01,-0.03,-0.03,-0.11,0.45,0.53,-0.28,0.26,9.506,9.692,8.927,9.035,10.3,9.71,11.58,11.28,-0.002,-0.003,-0.003,0.0,-0.0,-80.3064028,26.9209509,758.5
-10.2,3.7,0.0,0.01,-0.02,-0.08,0.11,0.05,0.55,-0.29,0.26,9.496,9.692,8.976,9.035,10.5,9.81,11.87,11.48,-0.002,-0.003,-0.003,0.0,-0.0,-80.3064028,26.9209509,758.55
-10.3,3.7,0.0,0.01,-0.04,-0.06,0.03,0.31,0.26,-0.29,0.24,9.467,9.692,8.937,9.006,10.1,9.52,11.77,11.38,-0.002,-0.003,-0.003,0.0,0.0,-80.3064028,26.9209509,758.6
-10.2,3.7,0.0,0.01,-0.03,-0.08,0.01,-0.06,-0.34,-0.28,0.23,9.496,9.633,8.957,8.996,10.4,9.52,11.77,11.18,-0.002,-0.003,-0.003,0.0,0.0,-80.3064028,26.9209509,758.65
-10.3,3.7,0.0,0.01,-0.04,-0.02,0.0,-0.07,0.2,-0.29,0.25,9.496,9.663,8.937,9.006,10.2,9.71,11.77,11.38,-0.002,-0.003,-0.003,0.0,0.01,-80.3064028,26.9209509,758.7
-10.2,3.7,0.0,0.01,-0.01,-0.04,-0.04,0.13,0.4,-0.3,0.25,9.486,9.663,8.947,9.045,10.01,9.52,12.07,11.87,-0.002,-0.003,-0.003,0.0,0.01,-80.3064028,26.9209509,758.75
-10.3,3.7,0.0,-0.0,-0.04,-0.03,0.14,-0.31,-0.27,-0.29,0.25,9.516,9.692,8.937,9.006,10.2,10.1,11.87,11.48,-0.002,-0.003,-0.003,0.0,0.0,-80.3064028,26.9209509,758.8
-10.2,3.7,0.0,-0.0,-0.04,-0.08,0.29,-0.18,-0.1,-0.29,0.24,9.506,9.682,8.947,9.006,10.5,9.81,11.38,11.38,-0.002,-0.003,-0.003,0.0,0.0,-80.3064028,26.9209509,758.85
-10.3,3.7,0.0,0.0,-0.04,-0.07,-0.35,-0.0,-0.21,-0.29,0.22,9.516,9.653,8.937,9.025,10.3,9.91,12.07,11.58,-0.002,-0.003,-0.003,0.0,-0.0,-80.3064028,26.9209509,758.9
-10.3,3.7,0.0,-0.0,-0.04,-0.04,0.02,-0.2,-0.11,-0.3,0.25,9.496,9.692,8.976,9.025,10.4,9.71,11.87,11.87,-0.002,-0.003,-0.003,0.0,0.0,-80.3064027,26.9209509,758.95
-10.3,3.7,0.0,-0.0,-0.04,-0.03,-0.26,0.14,-0.03,-0.29,0.25,9.496,9.653,8.927,8.986,10.3,10.01,11.77,11.48,-0.002,-0.003,-0.003,0.0,0.0,-80.3064027,26.9209509,759.0
-10.3,3.7,0.0,-0.0,-0.03,-0.05,-0.05,-0.0,-0.08,-0.29,0.26,9.496,9.653,8.937,9.045,10.2,9.91,11.97,11.38,-0.002,-0.003,-0.003,0.0,0.0,-80.3064027,26.9209509,759.05
-10.3,3.7,0.0,-0.0,-0.04,-0.05,0.05,-0.18,0.23,-0.3,0.25,9.506,9.643,8.907,9.015,10.2,10.01,11.28,11.28,-0.002,-0.003,-0.003,0.0,0.0,-80.3064027,26.9209509,759.1
-10.2,3.7,0.0,-0.0,-0.06,-0.07,0.18,0.01,0.51,-0.3,0.26,9.496,9.682,8.937,9.025,10.5,9.61,11.58,11.58,-0.002,-0.003,-0.003,0.0,0.0,-80.3064027,26.9209509,759.15
-10.3,3.7,0.0,-0.0,-0.04,-0.05,-0.22,0.27,0.15,-0.3,0.25,9.496,9.673,8.927,9.006,10.5,9.42,11.87,11.28,-0.002,-0.003,-0.003,0.0,0.0,-80.3064027,26.9209509,759.2
-10.3,3.7,0.0,-0.0,-0.02,-0.03,-0.18,-0.03,0.33,-0.3,0.25,9.506,9.673,8.917,9.006,10.4,9.61,11.77,11.38,-0.002,-0.003,-0.003,0.0,0.0,-80.3064027,26.9209509,759.25
-10.3,3.7,0.0,0.0,-0.05,-0.04,0.12,0.1,-0.52,-0.3,0.25,9.486,9.673,8.937,9.006,10.1,9.71,11.87,11.28,-0.002,-0.003,-0.003,0.0,-0.0,-80.3064027,26.9209509,759.3
-10.3,3.7,0.0,-0.0,-0.05,-0.06,0.13,0.07,0.32,-0.3,0.26,9.516,9.682,8.947,9.006,10.1,9.61,11.67,11.67,-0.002,-0.003,-0.003,0.0,0.0,-80.3064027,26.9209509,759.35
-10.3,3.7,0.0,-0.0,-0.04,-0.06,-0.13,0.04,-0.02,-0.3,0.25,9.496,9.673,8.937,9.006,10.3,9.71,11.87,11.38,-0.002,-0.003,-0.003,0.0,0.0,-80.3064027,26.9209509,759.4
-10.2,3.7,0.0,-0.0,-0.05,-0.06,0.37,-0.11,0.0,-0.3,0.25,9.516,9.633,8.976,9.015,10.4,9.71,11.58,11.28,-0.002,-0.003,-0.003,0.0,-0.0,-80.3064027,26.9209509,759.45
-10.3,3.7,0.0,-0.0,-0.04,-0.05,0.15,0.1,0.53,-0.3,0.26,9.496,9.673,8.937,9.006,10.2,9.71,11.77,11.67,-0.002,-0.003,-0.003,0.0,-0.0,-80.3064027,26.9209509,759.5
-10.2,3.7,0.0,-0.0,-0.03,-0.03,-0.18,-0.2,0.12,-0.3,0.25,9.496,9.653,8.957,9.045,10.3,9.71,11.87,11.38,-0.002,-0.003,-0.003,0.0,-0.0,-80.3064027,26.9209508,759.55
-10.3,3.7,0.0,-0.0,-0.02,-0.04,0.11,-0.33,0.32,-0.29,0.26,9.506,9.663,8.927,9.025,10.3,10.01,11.87,11.48,-0.002,-0.003,-0.003,0.0,-0.0,-80.3064027,26.9209508,759.6
-10.2,3.7,0.0,-0.0,-0.05,-0.04,-0.26,0.09,-0.11,-0.3,0.26,9.516,9.653,8.947,9.006,10.2,9.81,11.77,11.58,-0.002,-0.003,-0.003,0.0,-0.0,-80.3064027,26.9209508,759.65
-10.3,3.7,0.0,-0.0,-0.03,-0.07,0.12,-0.14,0.35,-0.29,0.25,9.526,9.663,8.937,9.006,10.4,9.81,11.77,11.38,-0.002,-0.003,-0.003,0.0,-0.0,-80.3064027,26.9209508,759.7
-10.2,3.7,0.0,-0.0,-0.05,-0.03,0.2,0.27,-0.31,-0.3,0.25,9.535,9.682,8.947,8.976,10.3,9.81,12.07,11.48,-0.002,-0.003,-0.003,0.0,-0.0,-80.3064027,26.9209508,759.75
-10.3,3.7,0.0,-0.0,-0.05,-0.01,0.23,0.0,0.1,-0.3,0.25,9.467,9.643,8.898,8.986,10.2,9.81,12.07,11.38,-0.002,-0.003,-0.003,0.0,-0.0,-80.3064027,26.9209508,759.8
-10.2,3.7,0.0,0.0,-0.04,-0.04,0.2,-0.16,-0.12,-0.31,0.25,9.476,9.663,8.917,9.045,10.2,9.61,11.77,11.38,-0.002,-0.003,-0.003,0.0,0.01,-80.3064027,26.9209508,759.85
-10.3,3.7,0.0,0.01,-0.06,-0.06,-0.06,0.2,-0.54,-0.3,0.25,9.526,9.663,8.917,9.006,10.3,9.61,11.77,11.58,-0.002,-0.003,-0.003,0.0,0.01,-80.3064026,26.9209508,759.9
-10.3,3.7,0.0,-0.0,-0.05,-0.07,0.25,-0.01,-0.24,-0.31,0.25,9.516,9.643,8.947,9.064,10.1,10.01,11.67,11.58,-0.002,-0.003,-0.003,0.0,0.0,-80.3064026,26.9209508,759.95
-10.3,3.7,0.0,0.0,-0.04,-0.05,0.13,-0.17,0.06,-0.3,0.25,9.496,9.624,8.957,9.074,10.1,9.71,12.07,11.38,-0.002,-0.003,-0.003,0.0,0.01,-80.3064026,26.9209508,760.0
-10.3,3.7,0.0,0.01,-0.03,-0.04,-0.1,0.16,0.02,-0.3,0.25,9.506,9.673,8.937,9.006,10.3,9.81,12.07,11.48,-0.002,-0.003,-0.003,0.0,0.01,-80.3064026,26.9209508,760.05
-10.2,3.7,0.0,0.01,-0.04,-0.04,0.01,-0.14,-0.4,-0.3,0.25,9.506,9.663,8.976,9.035,10.3,9.61,11.87,11.38,-0.002,-0.003,-0.003,0.0,0.01,-80.3064026,26.9209508,760.1
-10.2,3.7,0.0,0.01,-0.03,-0.06,-0.18,0.18,0.24,-0.3,0.26,9.486,9.682,8.966,9.025,10.1,9.81,11.67,11.18,-0.002,-0.003,-0.003,0.0,0.01,-80.3064026,26.9209508,760.15
-10.3,3.7,0.0,0.01,-0.08,0.01,-0.08,-0.2,-0.03,-0.31,0.25,9.496,9.643,8.957,9.006,10.1,9.61,11.77,11.38,-0.002,-0.003,-0.003,0.0,0.01,-80.3064026,26.9209507,760.2
-10.3,3.7,0.0,0.01,-0.07,-0.02,0.15,-0.37,0.31,-0.31,0.26,9.486,9.653,8.966,8.986,10.2,9.52,11.77,11.58,-0.002,-0.003,-0.003,0.0,0.01,-80.3064026,26.9209507,760.25
-10.3,3.7,0.0,0.01,-0.03,-0.06,-0.14,0.2,-0.0,-0.31,0.24,9.496,9.663,8.957,9.006,10.3,9.91,11.77,11.28,-0.002,-0.003,-0.003,0.0,0.01,-80.3064026,26.9209507,760.3
-10.3,3.7,0.0,0.01,-0.04,-0.03,-0.05,0.05,-0.37,-0.31,0.25,9.516,9.673,8.927,9.025,10.3,9.81,11.67,11.38,-0.002,-0.003,-0.003,0.0,0.01,-80.3064026,26.9209507,760.35
-10.3,3.7,0.0,0.01,-0.04,-0.05,-0.11,-0.09,0.1,-0.31,0.26,9.476,9.673,8.957,9.025,10.2,10.01,11.58,11.48,-0.002,-0.003,-0.003,0.0,0.01,-80.3064026,26.9209507,760.4
-10.3,3.7,0.0,0.01,-0.04,-0.05,-0.03,0.23,-0.04,-0.32,0.25,9.506,9.663,8.966,9.025,10.1,9.61,11.58,11.48,-0.002,-0.003,-0.003,0.0,0.01,-80.3064026,26.9209507,760.45
-10.3,3.7,0.0,0.01,-0.03,-0.07,0.06,0.13,0.01,-0.32,0.25,9.506,9.673,8.937,9.006,10.1,9.61,11.77,11.38,-0.002,-0.003,-0.003,0.0,0.02,-80.3064026,26.9209507,760.5
-10.3,3.7,0.0,0.01,-0.05,-0.04,0.4,-0.37,0.01,-0.31,0.25,9.496,9.653,8.937,9.035,10.2,9.52,11.87,11.58,-0.002,-0.003,-0.003,0.0,0.02,-80.3064026,26.9209507,760.55
-10.3,3.7,0.0,0.01,-0.04,-0.04,-0.16,0.09,-0.01,-0.31,0.27,9.516,9.673,8.957,9.015,10.1,9.81,11.97,11.77,-0.002,-0.003,-0.003,0.0,0.02,-80.3064026,26.9209507,760.6
-10.2,3.7,0.0,0.01,-0.04,-0.04,-0.07,-0.01,-0.35,-0.31,0.25,9.506,9.663,8.947,9.055,10.2,9.81,11.67,11.58,-0.002,-0.003,-0.003,0.0,0.02,-80.3064026,26.9209507,760.65
-10.3,3.7,0.0,0.02,-0.04,-0.04,0.02,-0.07,-0.11,-0.31,0.23,9.526,9.653,8.947,9.035,10.01,9.61,12.07,11.77,-0.002,-0.003,-0.003,0.0,0.02,-80.3064026,26.9209507,760.7
-10.2,3.7,0.0,0.02,-0.03,-0.06,-0.35,-0.19,-0.13,-0.32,0.25,9.545,9.624,8.986,9.084,10.2,9.71,11.48,11.09,-0.002,-0.003,-0.003,0.0,0.02,-80.3064026,26.9209507,760.75
-10.3,3.7,0.0,0.02,-0.05,-0.03,-0.18,-0.29,0.21,-0.31,0.25,9.545,9.702,8.898,9.006,10.5,9.71,11.87,11.38,-0.002,-0.003,-0.003,0.0,0.02,-80.3064025,26.9209506,760.8
-10.2,3.7,0.0,0.02,-0.04,-0.04,0.36,-0.11,0.14,-0.31,0.26,9.516,9.673,8.907,9.025,10.3,9.71,11.97,11.38,-0.002,-0.003,-0.003,0.0,0.02,-80.3064025,26.9209506,760.85
-10.2,3.7,0.0,-0.0,-0.03,-0.04,-0.03,-0.12,0.13,-0.31,0.26,9.516,9.673,8.966,9.045,10.3,10.1,11.38,11.28,-0.002,-0.003,-0.003,0.0,0.01,-80.3064025,26.9209506,760.9
-10.2,3.7,0.0,-0.0,-0.04,-0.03,-0.18,-0.03,0.1,-0.3,0.25,9.516,9.702,8.966,9.035,10.4,9.81,11.77,11.58,-0.002,-0.003,-0.003,0.0,0.01,-80.3064025,26.9209506,760.95
-10.2,3.7,0.0,-0.0,-0.04,-0.06,-0.03,-0.51,-0.38,-0.32,0.25,9.486,9.673,8.976,9.025,10.3,9.61,11.77,11.38,-0.002,-0.003,-0.003,0.0,0.01,-80.3064025,26.9209506,761.0
-10.2,3.7,0.0,-0.0,-0.04,-0.04,-0.04,-0.13,0.24,-0.32,0.25,9.526,9.673,8.996,9.045,10.3,9.71,11.87,11.67,-0.002,-0.003,-0.003,0.0,0.01,-80.3064025,26.9209506,761.05
-10.3,3.7,0.0,-0.01,-0.02,-0.07,0.2,-0.09,-0.23,-0.31,0.25,9.526,9.673,8.957,8.986,10.3,9.91,11.77,11.48,-0.002,-0.003,-0.003,0.0,0.01,-80.3064025,26.9209506,761.1
-10.3,3.7,0.0,-0.01,-0.06,-0.03,-0.05,0.02,-0.1,-0.32,0.25,9.506,9.663,8.917,9.015,10.3,9.61,11.67,11.48,-0.002,-0.003,-0.003,0.0,0.01,-80.3064025,26.9209506,761.15
-10.3,3.7,0.0,-0.01,-0.03,-0.05,0.11,0.04,0.19,-0.31,0.25,9.506,9.653,8.927,8.996,10.2,9.91,11.77,11.38,-0.002,-0.003,-0.003,0.0,0.01,-80.3064025,26.9209506,761.2
-10.3,3.7,0.0,0.0,-0.04,-0.05,0.07,-0.03,-0.12,-0.33,0.26,9.535,9.653,8.976,8.947,10.4,9.71,11.97,11.58,-0.002,-0.003,-0.003,0.0,0.02,-80.3064025,26.9209506,761.25
-10.3,3.7,0.0,-0.0,-0.04,-0.06,0.05,0.06,0.17,-0.31,0.26,9.526,9.692,8.917,9.015,10.4,9.81,11.58,11.67,-0.002,-0.003,-0.003,0.0,0.01,-80.3064025,26.9209506,761.3
-10.2,3.7,0.0,-0.0,-0.03,-0.05,-0.06,0.48,0.33,-0.31,0.26,9.496,9.663,8.966,9.045,10.3,9.71,11.77,11.58,-0.002,-0.003,-0.003,0.0,0.01,-80.3064025,26.9209506,761.35
-10.3,3.7,0.0,0.0,-0.03,-0.02,0.0,-0.24,0.25,-0.32,0.24,9.506,9.653,8.927,9.025,10.2,9.81,11.77,11.38,-0.002,-0.003,-0.003,0.0,0.02,-80.3064025,26.9209506,761.4
-10.3,3.7,0.0,0.01,-0.04,-0.04,-0.18,-0.02,-0.26,-0.31,0.25,9.526,9.663,8.937,9.006,10.4,9.71,11.87,11.38,-0.002,-0.003,-0.003,0.0,0.02,-80.3064025,26.9209506,761.45
-10.3,3.7,0.0,0.01,-0.04,-0.05,-0.04,-0.03,0.29,-0.3,0.24,9.506,9.663,8.937,9.015,10.2,9.81,11.87,11.58,-0.002,-0.003,-0.003,0.0,0.02,-80.3064025,26.9209505,761.5
-10.3,3.7,0.0,0.01,-0.05,-0.07,0.45,0.1,-0.28,-0.31,0.25,9.516,9.663,8.947,9.025,10.3,9.52,11.77,11.38,-0.002,-0.003,-0.003,0.0,0.03,-80.3064025,26.9209505,761.55
-10.3,3.7,0.0,0.01,-0.04,-0.06,0.01,-0.21,0.03,-0.32,0.25,9.526,9.653,8.957,9.006,10.3,9.91,12.07,11.77,-0.002,-0.003,-0.003,0.0,0.03,-80.3064025,26.9209505,761.6
-10.3,3.7,0.0,0.01,-0.04,-0.04,0.05,-0.33,0.23,-0.32,0.25,9.506,9.682,8.917,8.966,10.01,9.91,11.67,11.58,-0.002,-0.003,-0.003,0.0,0.03,-80.3064025,26.9209505,761.65
-10.3,3.7,0.0,0.01,-0.04,-0.01,0.04,0.27,0.01,-0.31,0.25,9.476,9.663,8.927,9.006,10.5,9.61,11.38,11.58,-0.002,-0.003,-0.003,0.0,0.03,-80.3064025,26.9209505,761.7
-10.2,3.7,0.0,0.01,-0.02,-0.03,0.08,-0.09,-0.01,-0.31,0.24,9.506,9.682,8.976,9.045,10.1,9.81,11.87,11.28,-0.002,-0.003,-0.003,0.0,0.03,-80.3064025,26.9209505,761.75
-10.2,3.7,0.0,0.01,-0.03,-0.04,0.17,-0.06,-0.19,-0.33,0.26,9.516,9.653,8.966,9.006,10.2,9.71,11.87,11.38,-0.002,-0.003,-0.003,0.0,0.03,-80.3064024,26.9209505,761.8
-10.2,3.7,0.0,0.01,-0.02,-0.1,0.07,0.34,0.04,-0.34,0.27,9.516,9.653,8.947,9.015,10.3,9.81,11.58,11.28,-0.002,-0.003,-0.003,0.0,0.03,-80.3064024,26.9209505,761.85
-10.3,3.7,0.0,0.01,-0.03,-0.06,-0.11,-0.14,0.22,-0.32,0.25,9.516,9.682,8.957,9.025,10.59,9.52,12.07,11.58,-0.002,-0.003,-0.003,0.0,0.03,-80.3064024,26.9209505,761.9
-10.3,3.7,0.0,0.01,-0.04,-0.04,0.12,-0.19,-0.06,-0.33,0.26,9.526,9.673,8.937,9.025,10.3,9.52,12.07,11.38,-0.002,-0.003,-0.003,0.0,0.03,-80.3064024,26.9209505,761.95
-10.3,3.7,0.0,0.01,-0.04,-0.02,0.18,0.09,-0.01,-0.31,0.25,9.476,9.663,8.947,9.006,10.1,9.71,12.07,11.38,-0.002,-0.003,-0.003,0.0,0.04,-80.3064024,26.9209505,762.0
-10.2,3.7,0.0,0.01,-0.05,-0.03,-0.27,-0.01,-0.45,-0.31,0.24,9.486,9.663,8.957,9.035,10.5,9.91,11.97,11.28,-0.002,-0.003,-0.003,0.0,0.04,-80.3064024,26.9209505,762.05
-10.3,3.7,0.0,0.02,-0.03,-0.06,-0.42,-0.02,-0.21,-0.31,0.25,9.535,9.673,8.907,9.015,10.1,9.52,11.77,11.48,-0.002,-0.003,-0.003,0.0,0.04,-80.3064024,26.9209505,762.1
-10.2,3.7,0.0,0.02,-0.04,-0.06,-0.22,-0.09,0.19,-0.32,0.25,9.506,9.653,8.957,9.035,10.2,9.81,11.87,11.67,-0.002,-0.003,-0.003,0.0,0.04,-80.3064024,26.9209504,762.15
-10.3,3.7,0.0,0.02,-0.05,-0.07,0.07,0.26,0.13,-0.31,0.25,9.496,9.673,8.937,9.045,10.4,9.61,11.87,11.58,-0.002,-0.003,-0.003,0.0,0.04,-80.3064024,26.9209504,762.2
-10.3,3.7,0.0,0.02,-0.06,0.01,-0.26,-0.12,-0.12,-0.32,0.25,9.506,9.653,8.937,9.006,10.4,9.81,11.87,11.38,-0.002,-0.003,-0.003,0.0,0.04,-80.3064024,26.9209504,762.25
-10.3,3.7,0.0,0.02,-0.06,0.0,-0.09,0.35,-0.13,-0.31,0.26,9.496,9.673,8.898,8.966,10.3,9.61,11.87,11.58,-0.002,-0.003,-0.003,0.0,0.04,-80.3064024,26.9209504,762.3
-10.3,3.7,0.0,0.02,-0.02,-0.05,-0.23,0.1,-0.26,-0.3,0.27,9.496,9.663,8.966,9.035,10.2,9.71,11.87,11.38,-0.002,-0.003,-0.003,0.0,0.04,-80.3064024,26.9209504,762.35
-10.3,3.7,0.0,0.02,-0.04,-0.09,0.22,0.18,0.01,-0.34,0.25,9.526,9.653,8.947,8.986,10.1,9.71,11.58,11.48,-0.002,-0.003,-0.003,0.0,0.05,-80.3064024,26.9209504,762.4
-10.3,3.7,0.0,0.02,-0.04,-0.09,-0.04,-0.01,-0.22,-0.31,0.25,9.516,9.663,8.917,8.976,10.4,9.71,11.77,11.28,-0.002,-0.003,-0.003,0.0,0.05,-80.3064024,26.9209504,762.45
-10.2,3.7,0.0,0.02,-0.04,-0.02,0.08,-0.17,-0.2,-0.31,0.25,9.496,9.653,8.976,9.035,10.2,9.91,11.87,11.67,-0.002,-0.003,-0.003,0.0,0.05,-80.3064024,26.9209504,762.5
-10.2,3.7,0.0,0.02,-0.0,-0.02,-0.16,0.16,0.47,-0.31,0.24,9.486,9.702,8.937,9.025,10.3,9.71,11.87,11.58,-0.002,-0.003,-0.003,0.0,0.05,-80.3064024,26.9209504,762.55
-10.3,3.7,0.0,0.02,-0.05,-0.02,-0.15,0.22,-0.11,-0.31,0.25,9.526,9.663,8.927,9.006,10.2,9.71,11.77,11.58,-0.002,-0.003,-0.003,0.0,0.05,-80.3064024,26.9209504,762.6
-10.2,3.7,0.0,0.02,-0.03,-0.09,0.48,0.0,-0.18,-0.32,0.26,9.506,9.653,8.996,9.055,10.59,9.71,11.97,11.67,-0.002,-0.003,-0.003,0.0,0.05,-80.3064024,26.9209504,762.65
-10.3,3.7,0.0,0.02,-0.04,-0.08,-0.04,0.12,0.44,-0.34,0.26,9.486,9.692,8.947,9.006,10.2,9.71,11.87,11.67,-0.002,-0.003,-0.003,0.0,0.05,-80.3064023,26.9209503,762.7
-10.2,3.7,0.0,0.02,-0.03,-0.06,-0.03,-0.12,0.43,-0.29,0.25,9.526,9.663,8.966,9.025,10.4,9.61,11.67,11.18,-0.002,-0.003,-0.003,0.0,0.05,-80.3064023,26.9209503,762.75
-10.2,3.7,0.0,0.03,-0.02,-0.0,-0.0,0.17,0.13,-0.31,0.25,9.457,9.653,8.937,9.025,10.3,9.81,12.07,11.58,-0.002,-0.003,-0.003,0.0,0.06,-80.3064023,26.9209503,762.8
-10.2,3.7,0.0,0.03,-0.03,-0.0,-0.09,0.33,0.16,-0.29,0.24,9.457,9.653,8.917,9.025,10.2,9.91,12.07,11.38,-0.002,-0.003,-0.003,0.0,0.06,-80.3064023,26.9209503,762.85
-10.3,3.7,0.0,0.01,-0.03,-0.05,-0.01,-0.1,-0.21,-0.28,0.23,9.496,9.682,8.986,9.045,10.3,10.01,11.67,11.28,-0.002,-0.003,-0.003,0.0,0.03,-80.3064023,26.9209503,762.9
-10.2,3.7,0.0,0.0,-0.04,-0.09,-0.03,0.15,-0.14,-0.26,0.22,9.535,9.692,8.976,9.045,10.3,9.81,12.07,11.38,-0.002,-0.003,-0.003,0.0,0.02,-80.3064023,26.9209503,762.95
-10.3,3.7,0.0,0.01,-0.04,-0.08,0.06,0.29,-0.13,-0.31,0.25,9.486,9.643,8.917,8.996,10.3,9.71,11.87,11.48,-0.002,-0.003,-0.003,0.0,0.02,-80.3064023,26.9209503,763.0
-10.2,3.7,0.0,0.01,-0.05,-0.03,-0.05,-0.16,-0.52,-0.32,0.23,9.516,9.633,8.976,9.045,10.4,9.71,11.77,11.48,-0.002,-0.003,-0.003,0.0,0.02,-80.3064023,26.9209503,763.05
-10.3,3.7,0.0,0.01,-0.02,-0.02,-0.12,-0.3,0.22,-0.31,0.25,9.506,9.692,8.937,9.015,10.4,9.52,11.97,11.48,-0.002,-0.003,-0.003,0.0,0.02,-80.3064023,26.9209503,763.1
-10.2,3.7,0.0,0.01,-0.03,-0.04,-0.18,-0.05,0.0,-0.32,0.23,9.506,9.643,8.937,9.015,10.2,9.81,11.87,11.38,-0.002,-0.003,-0.003,0.0,0.03,-80.3064023,26.9209503,763.15
-10.3,3.7,0.0,0.01,-0.04,-0.06,0.18,0.07,-0.01,-0.33,0.21,9.476,9.643,8.947,9.015,10.2,10.01,11.77,11.48,-0.002,-0.003,-0.003,0.0,0.03,-80.3064023,26.9209503,763.2
-10.3,3.7,0.0,0.01,-0.04,-0.07,0.01,0.05,0.09,-0.31,0.24,9.516,9.653,8.927,9.035,10.3,9.91,11.38,11.58,-0.002,-0.003,-0.003,0.0,0.03,-80.3064023,26.9209503,763.25
-10.3,3.7,0.0,0.01,-0.02,-0.06,-0.16,0.22,0.06,-0.3,0.25,9.506,9.663,8.957,9.006,10.3,9.61,11.58,11.18,-0.002,-0.003,-0.003,0.0,0.02,-80.3064023,26.9209503,763.3
-10.3,3.7,0.0,0.01,-0.04,-0.01,-0.17,0.0,0.17,-0.31,0.26,9.506,9.663,8.937,9.025,10.5,9.61,11.87,11.28,-0.002,-0.003,-0.003,0.0,0.03,-80.3064024,26.9209502,763.35
-10.3,3.7,0.0,0.01,-0.03,-0.04,0.25,0.01,0.29,-0.3,0.25,9.506,9.653,8.937,9.015,10.2,9.71,11.87,11.58,-0.002,-0.003,-0.003,0.0,0.03,-80.3064024,26.9209502,763.4
-10.2,3.7,0.0,0.01,-0.05,-0.04,-0.04,-0.11,-0.23,-0.31,0.26,9.506,9.663,8.937,9.015,10.5,9.52,11.48,11.38,-0.002,-0.003,-0.003,0.0,0.03,-80.3064024,26.9209502,763.45
-10.3,3.7,0.0,0.01,-0.03,-0.07,-0.19,0.09,-0.09,-0.3,0.25,9.486,9.653,8.947,9.015,10.2,9.71,11.77,11.58,-0.002,-0.003,-0.003,0.0,0.03,-80.3064024,26.9209502,763.5
-10.3,3.7,0.0,0.01,-0.04,-0.04,-0.06,0.02,0.19,-0.3,0.26,9.496,9.663,8.976,9.025,10.5,10.01,11.77,11.38,-0.002,-0.003,-0.003,0.0,0.03,-80.3064024,26.9209502,763.55
-10.3,3.7,0.0,0.01,-0.01,-0.05,-0.28,0.17,-0.03,-0.3,0.25,9.506,9.692,8.927,9.015,10.2,9.81,11.97,11.58,-0.002,-0.003,-0.003,0.0,0.03,-80.3064024,26.9209502,763.6
-10.2,3.7,0.0,0.01,-0.04,-0.03,-0.02,-0.1,-0.14,-0.31,0.25,9.496,9.673,8.957,9.015,10.2,9.91,11.58,11.58,-0.002,-0.003,-0.003,0.0,0.03,-80.3064024,26.9209502,763.65
-10.3,3.7,0.0,0.01,-0.03,-0.05,-0.13,-0.17,0.03,-0.31,0.25,9.516,9.653,8.937,8.996,10.2,10.01,11.48,11.38,-0.002,-0.003,-0.003,0.0,0.03,-80.3064024,26.9209502,763.7
-10.2,3.7,0.0,0.01,-0.02,-0.06,-0.13,-0.19,0.59,-0.3,0.26,9.506,9.663,8.947,9.035,10.3,9.71,11.67,11.58,-0.002,-0.003,-0.003,0.0,0.03,-80.3064024,26.9209502,763.75
-10.3,3.7,0.0,0.0,-0.06,-0.03,0.27,-0.32,0.01,-0.3,0.25,9.506,9.682,8.937,9.015,10.1,9.81,11.67,11.48,-0.002,-0.003,-0.003,0.0,0.02,-80.3064024,26.9209502,763.8
-10.2,3.7,0.0,0.01,-0.03,-0.05,-0.19,-0.18,-0.11,-0.3,0.27,9.486,9.692,8.927,9.035,10.2,9.91,11.87,11.28,-0.002,-0.003,-0.003,0.0,0.03,-80.3064024,26.9209502,763.85
-10.3,3.7,0.0,0.01,-0.05,-0.03,0.22,-0.06,-0.38,-0.29,0.27,9.496,9.663,8.947,9.025,10.1,9.81,11.58,11.38,-0.002,-0.003,-0.003,0.0,0.03,-80.3064024,26.9209502,763.9
-10.2,3.7,0.0,0.01,-0.04,-0.04,-0.01,0.09,-0.1,-0.29,0.28,9.506,9.673,8.966,9.045,10.1,10.01,11.58,11.77,-0.002,-0.003,-0.003,0.0,0.03,-80.3064024,26.9209502,763.95
-10.3,3.7,0.0,0.01,-0.04,-0.06,-0.02,-0.25,0.01,-0.28,0.29,9.506,9.682,8.947,8.986,10.4,9.91,11.77,11.48,-0.002,-0.003,-0.003,0.0,0.03,-80.3064024,26.9209502,764.0
-10.2,3.7,0.0,0.0,-0.05,-0.06,0.03,-0.11,0.0,-0.31,0.26,9.496,9.653,8.947,9.006,10.2,9.61,11.77,11.38,-0.002,-0.003,-0.003,0.0,0.02,-80.3064024,26.9209502,764.05
-10.3,3.7,0.0,0.0,-0.03,-0.03,-0.08,0.06,0.16,-0.29,0.26,9.506,9.633,8.947,8.996,10.5,9.91,11.87,11.38,-0.002,-0.004,-0.003,0.0,0.02,-80.3064024,26.9209502,764.1
-10.2,3.7,0.0,0.01,-0.03,-0.05,-0.14,-0.29,-0.27,-0.29,0.26,9.486,9.702,8.986,9.084,10.3,10.01,11.67,11.58,-0.002,-0.004,-0.003,0.0,0.03,-80.3064024,26.9209502,764.15
-10.3,3.7,0.0,0.01,-0.02,-0.06,-0.08,-0.3,0.36,-0.3,0.26,9.526,9.673,8.957,9.015,10.5,9.52,11.77,11.38,-0.002,-0.004,-0.003,0.0,0.02,-80.3064024,26.9209502,764.2
-10.3,3.7,0.0,0.01,-0.04,-0.1,0.11,0.01,-0.01,-0.31,0.26,9.516,9.653,8.917,8.986,10.5,9.61,12.16,11.28,-0.002,-0.003,-0.003,0.0,0.01,-80.3064024,26.9209502,764.25
-10.3,3.7,0.0,0.01,-0.11,0.01,0.14,-0.26,0.01,-0.31,0.27,9.496,9.653,8.966,8.996,10.4,9.91,11.87,11.38,-0.002,-0.003,-0.003,0.0,0.01,-80.3064024,26.9209502,764.3
-10.2,3.7,0.0,0.0,-0.06,-0.0,0.18,0.21,0.15,-0.31,0.26,9.526,9.653,8.976,8.996,10.3,9.61,11.58,11.28,-0.002,-0.003,-0.003,0.0,0.02,-80.3064024,26.9209502,764.35
-10.3,3.7,0.0,0.0,-0.04,-0.02,-0.08,0.09,-0.02,-0.3,0.26,9.447,9.692,8.868,8.966,10.1,9.81,11.97,11.28,-0.002,-0.003,-0.003,0.0,0.02,-80.3064024,26.9209501,764.4
-10.3,3.7,0.0,0.01,-0.05,-0.05,0.09,0.4,-0.02,-0.33,0.26,9.496,9.653,8.927,9.006,10.3,9.71,11.77,11.77,-0.002,-0.003,-0.003,0.0,0.03,-80.3064024,26.9209501,764.45
-10.2,3.7,0.0,0.01,-0.02,-0.08,-0.28,-0.23,0.22,-0.31,0.26,9.516,9.682,8.947,9.006,10.2,9.91,11.77,11.28,-0.002,-0.003,-0.003,0.0,0.02,-80.3064024,26.9209502,764.5
-10.2,3.7,0.0,0.01,-0.04,-0.08,-0.03,0.01,-0.01,-0.32,0.25,9.535,9.673,8.947,9.006,10.4,9.61,11.48,11.58,-0.002,-0.003,-0.003,0.0,0.02,-80.3064024,26.9209502,764.55
-10.2,3.7,0.0,0.01,-0.03,-0.04,0.08,-0.18,-0.1,-0.31,0.25,9.476,9.643,8.966,9.015,10.2,9.61,11.67,11.48,-0.002,-0.003,-0.003,0.0,0.01,-80.3064024,26.9209502,764.6
-10.2,3.7,0.0,0.01,-0.04,-0.02,-0.15,0.15,-0.19,-0.31,0.25,9.506,9.673,8.937,9.035,10.1,9.71,11.67,11.38,-0.002,-0.003,-0.003,0.0,0.02,-80.3064024,26.9209502,764.65
-10.2,3.7,0.0,0.0,-0.04,-0.02,-0.07,0.14,-0.5,-0.31,0.25,9.506,9.682,8.947,9.015,10.3,9.71,11.87,11.48,-0.002,-0.003,-0.003,0.0,0.02,-80.3064024,26.9209501,764.7
-10.3,3.7,0.0,0.01,-0.02,-0.07,-0.21,0.22,0.13,-0.31,0.26,9.496,9.643,8.957,9.015,10.59,9.71,11.87,10.99,-0.002,-0.003,-0.003,0.0,0.02,-80.3064024,26.9209502,764.75
-10.2,3.7,0.0,0.01,-0.05,-0.07,0.29,-0.12,-0.35,-0.31,0.25,9.496,9.653,8.957,9.035,10.4,9.71,11.77,11.28,-0.002,-0.003,-0.003,0.0,0.02,-80.3064025,26.9209502,764.8
-10.2,3.7,0.0,0.01,-0.03,-0.05,-0.3,0.23,0.21,-0.31,0.26,9.516,9.663,8.966,9.006,10.2,9.81,11.58,11.09,-0.002,-0.003,-0.003,0.0,0.01,-80.3064025,26.9209502,764.85
-10.3,3.7,0.0,0.01,-0.04,-0.03,-0.03,-0.34,0.06,-0.31,0.26,9.506,9.663,8.927,9.025,10.1,9.81,11.67,11.48,-0.002,-0.003,-0.003,0.0,0.01,-80.3064025,26.9209502,764.9
-10.2,3.7,0.0,0.01,-0.04,-0.03,-0.03,0.08,0.25,-0.33,0.26,9.516,9.653,8.976,9.015,10.01,9.81,11.77,11.38,-0.002,-0.003,-0.003,0.0,0.01,-80.3064025,26.9209502,764.95
-10.3,3.7,0.0,0.01,-0.03,-0.02,0.18,-0.04,-0.23,-0.31,0.25,9.516,9.633,8.907,8.966,10.2,9.81,11.77,11.28,-0.002,-0.003,-0.003,0.0,0.01,-80.3064025,26.9209502,765.0
-10.2,3.7,0.0,0.01,0.01,-0.01,-0.24,0.36,0.44,-0.3,0.26,9.447,9.594,8.888,8.976,10.3,9.81,11.48,11.58,-0.002,-0.003,-0.003,0.0,0.03,-80.3064025,26.9209502,765.05
-10.3,3.7,0.0,0.01,-0.07,-0.16,0.05,0.07,-0.15,-0.28,0.25,9.506,9.732,9.074,9.192,10.5,9.91,11.77,11.38,-0.002,-0.003,-0.003,0.0,0.01,-80.3064025,26.9209502,765.1
-10.2,3.7,0.0,0.01,-0.06,-0.09,0.16,-0.13,-0.06,-0.32,0.25,9.643,9.673,9.055,8.966,10.2,9.61,11.48,11.48,-0.002,-0.003,-0.003,0.0,0.01,-80.3064025,26.9209502,765.15
-10.3,3.7,0.0,0.01,-0.04,-0.01,0.2,0.55,0.43,-0.3,0.26,9.496,9.614,8.76,8.809,10.3,9.71,11.87,11.09,-0.002,-0.003,-0.003,0.0,0.0,-80.3064025,26.9209502,765.2
-10.3,3.7,0.0,0.01,-0.05,0.01,0.05,0.42,-0.04,-0.28,0.25,9.369,9.624,8.907,9.084,10.3,9.91,11.87,11.67,-0.002,-0.003,-0.003,0.0,0.02,-80.3064025,26.9209502,765.25
-10.3,3.7,0.0,0.0,-0.03,0.03,0.04,-0.13,-0.13,-0.26,0.25,9.506,9.643,9.064,9.163,10.3,9.81,11.77,11.67,-0.002,-0.004,-0.003,0.0,0.02,-80.3064025,26.9209502,765.3
-10.2,3.7,0.0,0.01,-0.01,-0.11,0.29,-0.08,0.2,-0.24,0.25,9.604,9.751,8.907,8.996,10.3,9.71,11.38,11.48,-0.002,-0.004,-0.003,0.0,0.02,-80.3064025,26.9209502,765.35
-10.3,3.7,0.0,0.01,-0.04,-0.09,0.06,-0.2,0.24,-0.29,0.26,9.535,9.614,8.878,8.907,10.4,9.91,11.58,11.38,-0.002,-0.004,-0.003,0.0,0.01,-80.3064025,26.9209502,765.4
-10.2,3.7,0.0,0.01,-0.04,-0.06,-0.46,0.04,-0.12,-0.28,0.25,9.427,9.584,9.006,9.074,10.3,9.61,11.58,11.48,-0.002,-0.004,-0.003,0.0,0.01,-80.3064025,26.9209502,765.45
-10.3,3.7,0.0,0.01,-0.03,-0.0,-0.08,0.06,0.38,-0.28,0.23,9.486,9.692,8.878,8.996,10.3,9.91,11.58,11.58,-0.002,-0.004,-0.003,0.0,0.02,-80.3064025,26.9209502,765.5
-10.2,3.7,0.0,0.01,-0.05,0.01,0.11,0.06,-0.0,-0.27,0.25,9.535,9.732,8.957,9.025,10.3,9.81,11.67,11.48,-0.002,-0.004,-0.003,0.0,0.02,-80.3064025,26.9209502,765.55
-10.3,3.7,0.0,0.01,-0.04,-0.06,0.1,0.16,0.04,-0.27,0.25,9.476,9.653,8.986,9.055,10.1,9.71,11.87,11.48,-0.002,-0.004,-0.003,0.0,0.02,-80.3064025,26.9209502,765.6
-10.2,3.7,0.0,0.01,-0.03,-0.07,-0.04,-0.07,0.0,-0.26,0.25,9.496,9.604,8.927,8.996,10.4,9.81,11.67,11.09,-0.002,-0.004,-0.003,0.0,0.02,-80.3064025,26.9209502,765.65
-10.2,3.7,0.0,0.01,-0.02,-0.06,-0.54,0.03,-0.1,-0.27,0.26,9.545,9.692,8.947,9.006,10.3,9.61,11.48,11.67,-0.002,-0.004,-0.003,0.0,0.01,-80.3064025,26.9209502,765.7
-10.2,3.7,0.0,0.01,-0.06,-0.04,0.19,-0.1,0.04,-0.27,0.24,9.496,9.702,8.986,9.074,10.3,9.71,11.87,11.28,-0.002,-0.004,-0.003,0.0,0.01,-80.3064025,26.9209502,765.75
-10.2,3.7,0.0,0.01,-0.02,-0.0,0.21,-0.5,-0.16,-0.27,0.25,9.496,9.643,8.927,8.996,10.3,9.91,11.87,11.38,-0.002,-0.004,-0.003,0.0,0.02,-80.3064025,26.9209502,765.8
-10.3,3.7,0.0,0.01,-0.04,-0.01,-0.02,0.36,-0.52,-0.26,0.25,9.447,9.643,8.937,9.006,10.2,9.91,11.77,11.58,-0.002,-0.004,-0.003,0.0,0.02,-80.3064025,26.9209502,765.85
-10.2,3.7,0.0,0.01,-0.03,-0.07,0.07,0.07,-0.02,-0.28,0.26,9.535,9.663,8.976,9.025,10.4,10.01,11.77,11.48,-0.002,-0.004,-0.003,0.0,0.02,-80.3064025,26.9209502,765.9
-10.2,3.7,0.0,0.01,-0.04,-0.06,-0.07,0.26,0.03,-0.27,0.26,9.535,9.673,8.986,9.006,10.4,9.52,11.77,11.18,-0.002,-0.004,-0.003,0.0,0.01,-80.3064025,26.9209502,765.95
-10.3,3.7,0.0,0.01,-0.05,-0.05,-0.16,0.24,-0.27,-0.26,0.25,9.467,9.663,8.898,8.996,10.2,9.91,11.77,11.48,-0.002,-0.004,-0.003,0.0,0.01,-80.3064025,26.9209502,766.0
-10.2,3.7,0.0,0.01,-0.03,-0.02,-0.14,-0.32,-0.03,-0.26,0.25,9.496,9.663,9.006,9.064,10.5,10.01,11.97,11.38,-0.002,-0.004,-0.003,0.0,0.01,-80.3064025,26.9209502,766.05
-10.2,3.7,0.0,0.01,-0.04,-0.02,-0.1,0.22,0.12,-0.25,0.24,9.535,9.692,8.957,9.025,10.3,9.61,11.58,11.58,-0.002,-0.004,-0.003,0.0,0.01,-80.3064025,26.9209502,766.1
-10.0,3.6,0.0,0.01,-0.03,-0.05,0.14,-0.31,0.17,-0.26,0.26,9.486,9.673,9.055,9.104,10.4,9.52,11.28,10.99,-0.002,-0.004,-0.003,0.0,0.01,-80.3064025,26.9209502,766.15
-10.2,3.7,0.0,0.01,-0.03,-0.06,0.04,0.16,-0.06,-0.25,0.24,9.467,9.643,8.976,9.055,10.1,9.71,11.87,11.09,-0.002,-0.004,-0.003,0.0,0.01,-80.3064025,26.9209502,766.2
-10.2,3.7,0.0,0.01,-0.05,-0.02,0.04,0.0,0.21,-0.24,0.22,9.496,9.663,8.937,9.025,10.2,9.81,11.77,11.28,-0.002,-0.004,-0.003,0.0,0.01,-80.3064025,26.9209501,766.25
-10.3,3.7,0.0,0.01,-0.04,-0.06,0.19,-0.13,-0.28,-0.26,0.25,9.506,9.682,8.927,8.996,10.3,9.52,11.58,11.58,-0.002,-0.004,-0.003,0.0,0.01,-80.3064025,26.9209501,766.3
-10.2,3.7,0.0,0.01,-0.15,0.09,0.24,0.04,-0.12,-0.26,0.26,9.506,9.663,8.947,9.006,10.3,9.91,11.67,11.28,-0.002,-0.004,-0.003,0.0,0.01,-80.3064025,26.9209502,766.35
-10.2,3.7,0.0,0.01,-0.06,-0.02,0.05,0.0,0.06,-0.26,0.25,9.506,9.673,8.947,9.025,10.5,9.61,11.87,11.09,-0.002,-0.004,-0.003,0.0,0.0,-80.3064025,26.9209502,766.4
-10.2,3.7,0.0,0.01,-0.03,-0.05,0.3,-0.12,-0.09,-0.25,0.25,9.496,9.653,8.937,8.996,10.3,9.81,11.58,11.18,-0.002,-0.004,-0.003,0.0,0.02,-80.3064025,26.9209502,766.45
-10.2,3.7,0.0,0.01,-0.04,-0.05,0.41,-0.37,0.25,-0.25,0.25,9.535,9.682,8.898,9.006,10.1,9.71,11.87,11.67,-0.002,-0.004,-0.003,0.0,0.02,-80.3064025,26.9209502,766.5
-10.2,3.7,0.0,0.01,-0.05,-0.04,0.09,0.25,-0.27,-0.24,0.25,9.496,9.663,8.976,9.025,10.1,9.61,11.67,11.28,-0.002,-0.004,-0.003,0.0,0.02,-80.3064025,26.9209502,766.55
-10.2,3.7,0.0,0.01,-0.04,-0.02,0.15,-0.21,-0.08,-0.22,0.25,9.516,9.682,8.947,9.035,10.4,9.91,11.77,11.38,-0.002,-0.004,-0.003,0.0,0.02,-80.3064025,26.9209502,766.6
-10.2,3.7,0.0,0.01,-0.02,-0.05,0.07,0.14,0.22,-0.21,0.25,9.506,9.663,8.966,9.015,10.4,9.61,11.67,11.28,-0.002,-0.004,-0.003,0.0,0.02,-80.3064025,26.9209502,766.65
-10.2,3.7,0.0,0.01,-0.04,-0.05,0.04,0.17,0.25,-0.2,0.25,9.486,9.663,8.957,9.006,10.1,9.61,11.87,11.38,-0.002,-0.004,-0.003,0.0,0.02,-80.3064025,26.9209502,766.7
-10.2,3.7,0.0,0.01,-0.04,-0.04,-0.15,0.1,-0.11,-0.19,0.25,9.486,9.663,8.937,9.015,10.2,9.81,11.38,11.28,-0.002,-0.004,-0.003,0.0,0.02,-80.3064025,26.9209502,766.75
-10.2,3.7,0.0,0.01,-0.04,-0.04,-0.12,-0.08,-0.49,-0.18,0.25,9.496,9.673,8.947,9.006,10.1,9.91,11.97,11.67,-0.002,-0.004,-0.003,0.0,0.02,-80.3064025,26.9209502,766.8
-10.2,3.7,0.0,0.01,-0.04,-0.04,-0.0,0.44,-0.35,-0.17,0.25,9.496,9.682,8.957,9.055,10.1,9.81,11.58,11.48,-0.002,-0.004,-0.003,0.0,0.02,-80.3064025,26.9209502,766.85
-10.2,3.7,0.0,0.01,-0.04,-0.04,-0.08,-0.07,0.24,-0.16,0.25,9.506,9.663,8.907,9.015,10.5,9.71,11.77,11.28,-0.002,-0.004,-0.003,0.0,0.02,-80.3064025,26.9209502,766.9
-10.2,3.7,0.0,0.01,-0.03,-0.05,-0.01,0.2,0.36,-0.15,0.25,9.506,9.653,8.957,8.996,10.1,9.81,11.58,11.38,-0.002,-0.004,-0.003,0.0,0.02,-80.3064025,26.9209502,766.95
-10.2,3.7,0.0,0.01,-0.04,-0.05,-0.03,0.03,-0.09,-0.14,0.25,9.506,9.673,8.976,9.045,10.3,9.52,11.97,11.28,-0.002,-0.004,-0.003,0.0,0.02,-80.3064025,26.9209502,767.0
-10.2,3.7,0.0,0.01,-0.04,-0.04,0.01,-0.03,-0.18,-0.13,0.25,9.516,9.673,8.957,9.035,10.3,9.91,11.77,11.48,-0.002,-0.004,-0.003,0.0,0.02,-80.3064025,26.9209502,767.05
-10.2,3.7,0.0,0.01,-0.05,-0.03,-0.02,-0.09,0.01,-0.25,0.25,9.496,9.663,8.947,9.035,10.5,9.81,11.48,11.38,-0.002,-0.004,-0.003,0.0,0.02,-80.3064025,26.9209502,767.1
-10.2,3.7,0.0,0.01,-0.04,-0.05,-0.04,0.36,-0.13,-0.25,0.26,9.496,9.663,8.927,9.035,9.81,9.81,11.77,11.28,-0.002,-0.004,-0.003,0.0,0.02,-80.3064025,26.9209502,767.15
-10.2,3.7,0.0,0.01,-0.03,-0.05,-0.07,-0.0,0.12,-0.24,0.29,9.496,9.653,8.927,9.015,10.4,9.71,11.67,11.38,-0.002,-0.004,-0.003,0.0,0.02,-80.3064025,26.9209502,767.2
-10.3,3.7,0.0,0.01,-0.04,-0.05,-0.18,0.04,-0.04,-0.23,0.31,9.486,9.663,8.966,9.025,10.1,9.81,11.67,11.67,-0.002,-0.004,-0.003,0.0,0.02,-80.3064025,26.9209502,767.25
-10.2,3.7,0.0,0.01,-0.05,-0.03,0.07,-0.39,-0.06,-0.25,0.24,9.496,9.663,8.947,9.006,10.3,9.61,11.77,11.18,-0.002,-0.004,-0.003,0.0,0.02,-80.3064025,26.9209502,767.3
-10.1,3.7,0.0,0.01,-0.03,-0.03,-0.01,-0.23,0.08,-0.25,0.25,9.486,9.673,8.976,9.045,10.5,9.91,11.58,11.58,-0.002,-0.004,-0.003,0.0,0.02,-80.3064025,26.9209502,767.35
-10.2,3.7,0.0,0.01,-0.04,-0.02,-0.08,-0.05,0.07,-0.25,0.24,9.496,9.682,8.947,9.015,10.4,9.81,11.87,11.48,-0.002,-0.004,-0.003,0.0,0.02,-80.3064025,26.9209502,767.4
-10.2,3.7,0.0,0.02,-0.03,-0.05,-0.1,-0.06,-0.17,-0.25,0.24,9.506,9.673,8.957,9.006,10.1,9.91,11.58,11.38,-0.002,-0.004,-0.003,0.0,0.02,-80.3064025,26.9209502,767.45
-10.2,3.7,0.0,0.0,-0.05,-0.05,0.36,-0.23,0.16,-0.25,0.25,9.496,9.673,8.947,9.025,10.3,9.81,11.77,11.28,-0.002,-0.004,-0.003,0.0,0.01,-80.3064025,26.9209502,767.5
-10.2,3.7,0.0,0.0,-0.03,-0.05,-0.26,0.0,-0.21,-0.26,0.24,9.496,9.653,8.947,9.015,10.3,9.81,11.97,11.38,-0.002,-0.004,-0.003,0.0,0.01,-80.3064024,26.9209502,767.55
-10.3,3.7,0.0,0.0,-0.03,-0.02,0.06,0.06,0.18,-0.26,0.24,9.506,9.673,8.907,8.986,10.5,9.71,11.77,11.58,-0.002,-0.004,-0.003,0.0,0.01,-80.3064024,26.9209502,767.6
-10.2,3.7,0.0,0.0,-0.03,-0.05,0.24,0.24,-0.16,-0.25,0.24,9.486,9.653,8.927,9.015,10.3,10.01,11.77,11.58,-0.002,-0.004,-0.003,0.0,0.01,-80.3064024,26.9209502,767.65
-10.2,3.7,0.0,0.01,-0.05,-0.04,0.02,-0.21,-0.07,-0.25,0.24,9.526,9.663,8.947,9.015,10.3,9.61,11.58,11.58,-0.002,-0.004,-0.003,0.0,0.01,-80.3064024,26.9209502,767.7
-10.2,3.7,0.0,0.01,-0.04,-0.04,0.01,0.23,-0.1,-0.26,0.24,9.496,9.682,8.937,9.015,10.3,9.81,11.67,11.58,-0.002,-0.004,-0.003,0.0,0.01,-80.3064024,26.9209502,767.75
-10.2,3.7,0.0,0.01,-0.03,-0.05,-0.22,0.22,0.27,-0.25,0.24,9.506,9.663,8.947,9.025,10.4,9.71,11.77,11.58,-0.002,-0.004,-0.003,0.0,0.0,-80.3064024,26.9209502,767.8
-10.2,3.7,0.0,0.01,-0.03,-0.03,-0.22,0.05,0.19,-0.24,0.24,9.496,9.643,8.947,9.006,10.2,10.01,11.77,11.48,-0.002,-0.004,-0.003,0.0,0.0,-80.3064024,26.9209502,767.85
-10.2,3.7,0.0,0.01,-0.03,-0.04,0.04,0.23,0.28,-0.24,0.24,9.496,9.653,8.927,8.996,10.4,9.61,11.77,11.48,-0.002,-0.004,-0.003,0.0,0.0,-80.3064024,26.9209502,767.9
-10.2,3.7,0.0,0.01,-0.03,-0.03,-0.03,0.14,0.31,-0.24,0.24,9.486,9.663,8.947,9.035,10.2,9.71,11.77,11.28,-0.002,-0.004,-0.003,0.0,0.0,-80.3064024,26.9209503,767.95
-10.3,3.7,0.0,0.01,-0.04,-0.03,-0.31,-0.11,-0.55,-0.25,0.23,9.486,9.653,8.927,8.996,10.4,9.71,11.97,11.28,-0.002,-0.004,-0.003,0.0,0.0,-80.3064024,26.9209503,768.0
-10.2,3.7,0.0,-0.0,-0.06,-0.05,0.25,0.16,-0.06,-0.24,0.24,9.496,9.682,8.996,9.064,10.01,9.91,11.77,11.38,-0.002,-0.004,-0.003,0.0,0.01,-80.3064024,26.9209503,768.05
-10.2,3.7,0.0,-0.0,-0.04,-0.03,-0.1,-0.02,-0.19,-0.25,0.24,9.526,9.663,8.947,9.025,10.1,9.91,11.67,11.48,-0.002,-0.004,-0.003,0.0,0.01,-80.3064024,26.9209503,768.1
-10.2,3.7,0.0,-0.0,-0.02,-0.05,-0.02,0.08,0.21,-0.24,0.24,9.486,9.663,8.927,9.006,10.3,9.91,11.77,11.48,-0.002,-0.004,-0.003,0.0,0.01,-80.3064024,26.9209503,768.15
-10.2,3.7,0.0,-0.0,-0.04,-0.03,0.09,-0.02,0.22,-0.24,0.24,9.496,9.663,8.947,9.035,10.2,9.61,11.58,11.58,-0.002,-0.004,-0.003,0.0,0.01,-80.3064024,26.9209503,768.2
-10.2,3.7,0.0,-0.01,-0.03,-0.04,0.0,0.23,0.19,-0.24,0.23,9.526,9.643,8.937,8.986,10.2,10.01,12.07,11.58,-0.002,-0.004,-0.003,0.0,0.01,-80.3064024,26.9209503,768.25
-10.3,3.7,0.0,-0.0,-0.03,-0.05,-0.44,0.01,0.19,-0.24,0.23,9.496,9.673,8.907,8.986,10.2,10.01,11.77,11.18,-0.002,-0.004,-0.003,0.0,0.01,-80.3064024,26.9209503,768.3
-10.2,3.7,0.0,-0.01,-0.04,-0.06,0.23,0.32,-0.59,-0.24,0.23,9.506,9.653,8.966,9.025,10.2,10.1,11.58,11.38,-0.002,-0.004,-0.003,0.0,0.01,-80.3064024,26.9209503,768.35
-10.3,3.7,0.0,-0.01,-0.04,-0.04,0.34,-0.02,0.05,-0.24,0.24,9.476,9.682,8.917,8.996,10.5,9.91,11.87,11.48,-0.002,-0.004,-0.003,0.0,0.01,-80.3064023,26.9209503,768.4
-10.2,3.7,0.0,-0.01,-0.02,-0.02,-0.11,-0.01,0.39,-0.24,0.24,9.506,9.682,8.947,9.025,10.4,9.81,11.77,11.38,-0.002,-0.004,-0.003,0.0,0.01,-80.3064023,26.9209503,768.45
-10.2,3.7,0.0,-0.01,-0.04,-0.03,-0.03,-0.05,0.07,-0.25,0.24,9.486,9.673,8.947,9.015,10.3,10.01,11.87,11.67,-0.002,-0.004,-0.003,0.0,0.01,-80.3064023,26.9209503,768.5
-10.2,3.7,0.0,-0.01,-0.04,-0.04,0.04,-0.01,-0.14,-0.24,0.22,9.516,9.682,8.937,9.035,10.4,9.81,11.77,11.77,-0.002,-0.004,-0.003,0.0,0.01,-80.3064023,26.9209503,768.55
-10.3,3.7,0.0,-0.01,-0.04,-0.05,0.07,0.06,0.31,-0.24,0.23,9.526,9.673,8.937,9.006,10.3,9.81,11.87,11.58,-0.002,-0.004,-0.003,0.0,0.01,-80.3064023,26.9209503,768.6
-10.2,3.7,0.0,-0.01,-0.03,-0.06,0.02,0.35,-0.24,-0.24,0.25,9.496,9.633,8.947,9.025,10.3,9.81,11.58,11.67,-0.002,-0.004,-0.003,0.0,0.01,-80.3064023,26.9209503,768.65
-10.3,3.7,0.0,-0.01,-0.05,-0.03,0.1,0.16,0.21,-0.24,0.26,9.496,9.673,8.917,8.986,10.5,9.81,11.77,11.87,-0.002,-0.004,-0.003,0.0,0.01,-80.3064023,26.9209503,768.7
-10.2,3.7,0.0,-0.01,-0.04,-0.03,-0.18,-0.01,-0.64,-0.24,0.23,9.486,9.673,8.966,9.035,10.2,9.71,11.87,11.48,-0.002,-0.004,-0.003,0.0,0.01,-80.3064023,26.9209503,768.75
-10.2,3.7,0.0,-0.01,-0.05,-0.03,0.21,0.35,0.01,-0.24,0.2,9.496,9.682,8.927,9.006,10.59,9.81,11.58,11.48,-0.002,-0.004,-0.003,0.0,0.01,-80.3064023,26.9209503,768.8
-10.2,3.7,0.0,-0.02,-0.01,-0.06,-0.02,0.07,0.1,-0.24,0.17,9.486,9.692,8.957,9.025,10.4,9.52,11.77,11.38,-0.002,-0.004,-0.003,0.0,0.01,-80.3064023,26.9209503,768.85
-10.3,3.7,0.0,-0.01,-0.02,-0.02,-0.42,-0.01,0.11,-0.24,0.13,9.506,9.643,8.927,9.006,10.5,9.71,11.87,11.48,-0.002,-0.004,-0.003,0.0,0.01,-80.3064023,26.9209502,768.9
-10.2,3.7,0.0,-0.02,-0.02,-0.04,-0.01,-0.39,0.54,-0.24,0.23,9.506,9.682,8.927,9.035,10.3,9.91,11.48,11.38,-0.002,-0.004,-0.003,0.0,0.01,-80.3064023,26.9209502,768.95
-10.3,3.7,0.0,-0.0,-0.03,-0.03,-0.15,-0.0,-0.33,-0.26,0.26,9.506,9.663,8.937,8.996,10.2,10.01,11.77,11.67,-0.002,-0.004,-0.003,0.0,0.01,-80.3064023,26.9209502,769.0
-10.2,3.7,0.0,-0.0,-0.04,-0.06,0.22,-0.11,0.2,-0.28,0.29,9.486,9.653,8.937,9.015,10.2,9.81,11.77,11.48,-0.002,-0.004,-0.003,0.0,0.01,-80.3064023,26.9209502,769.05
-10.3,3.7,0.0,-0.0,-0.03,-0.05,0.01,0.04,-0.09,-0.3,0.31,9.506,9.663,8.957,9.025,10.2,9.61,11.77,11.58,-0.002,-0.004,-0.003,0.0,0.01,-80.3064023,26.9209502,769.1
-10.2,3.7,0.0,-0.0,-0.04,-0.03,-0.04,0.37,-0.14,-0.32,0.34,9.496,9.653,8.957,9.006,10.3,9.91,11.67,11.09,-0.002,-0.004,-0.003,0.0,0.01,-80.3064023,26.9209502,769.15
-10.2,3.7,0.0,-0.0,-0.04,-0.03,0.08,0.12,-0.24,-0.23,0.23,9.486,9.673,8.927,9.006,10.5,9.52,11.77,11.58,-0.002,-0.004,-0.003,0.0,0.01,-80.3064023,26.9209502,769.2
-10.3,3.7,0.0,-0.0,-0.03,-0.02,0.09,0.05,0.1,-0.25,0.23,9.506,9.643,8.947,9.015,10.2,9.91,11.77,11.18,-0.002,-0.004,-0.003,0.0,0.01,-80.3064023,26.9209502,769.25
-10.2,3.7,0.0,-0.0,-0.04,-0.04,0.15,-0.31,-0.21,-0.24,0.24,9.506,9.663,8.927,9.006,10.4,10.1,11.67,11.48,-0.002,-0.004,-0.003,0.0,0.01,-80.3064022,26.9209502,769.3
-10.3,3.7,0.0,-0.0,-0.05,-0.06,0.36,-0.61,-0.25,-0.24,0.23,9.496,9.653,8.917,9.006,10.4,9.81,11.77,11.38,-0.002,-0.004,-0.003,0.0,0.01,-80.3064022,26.9209502,769.35
-10.2,3.7,0.0,-0.0,-0.04,-0.05,0.08,0.1,-0.08,-0.27,0.22,9.496,9.663,8.947,9.025,10.5,9.71,11.77,11.58,-0.002,-0.004,-0.003,0.0,0.01,-80.3064022,26.9209502,769.4
-10.2,3.7,0.0,-0.0,-0.02,-0.03,-0.23,0.01,0.16,-0.31,0.21,9.496,9.663,8.937,9.025,10.3,9.71,11.87,11.58,-0.002,-0.004,-0.003,0.0,0.01,-80.3064022,26.9209502,769.45
-10.3,3.7,0.0,-0.0,-0.05,-0.01,0.08,0.01,0.2,-0.25,0.23,9.486,9.653,8.917,8.996,10.1,9.91,11.77,11.38,-0.002,-0.004,-0.003,0.0,0.01,-80.3064022,26.9209502,769.5
-10.2,3.7,0.0,-0.0,-0.04,-0.04,-0.08,-0.13,-0.08,-0.24,0.23,9.516,9.643,8.937,9.015,10.2,9.81,11.97,11.58,-0.002,-0.004,-0.003,0.0,0.01,-80.3064022,26.9209502,769.55
-10.2,3.7,0.0,-0.0,-0.04,-0.06,-0.05,-0.25,-0.31,-0.24,0.23,9.526,9.673,8.947,9.006,10.1,9.61,11.58,11.58,-0.002,-0.004,-0.003,0.0,0.01,-80.3064022,26.9209502,769.6
-10.3,3.7,0.0,-0.0,-0.05,-0.05,0.48,-0.3,0.02,-0.24,0.23,9.486,9.633,8.917,8.986,10.2,9.81,11.87,11.58,-0.002,-0.004,-0.003,0.0,0.01,-80.3064022,26.9209502,769.65
-10.2,3.7,0.0,-0.0,-0.04,-0.04,-0.12,-0.0,-0.03,-0.23,0.23,9.476,9.663,8.917,9.006,10.3,9.52,12.16,11.38,-0.002,-0.004,-0.003,0.0,0.01,-80.3064022,26.9209502,769.7
-10.3,3.7,0.0,-0.0,-0.05,-0.02,0.14,-0.0,-0.08,-0.25,0.23,9.496,9.643,8.937,9.006,10.2,9.81,11.77,11.48,-0.002,-0.004,-0.003,0.0,0.01,-80.3064022,26.9209502,769.75
-10.3,3.7,0.0,-0.0,-0.04,-0.04,0.1,-0.15,-0.1,-0.23,0.24,9.496,9.673,8.888,8.986,10.4,9.71,11.87,11.58,-0.002,-0.004,-0.003,0.0,0.01,-80.3064022,26.9209503,769.8
-10.2,3.7,0.0,-0.0,-0.04,-0.04,0.21,0.04,0.53,-0.23,0.23,9.476,9.643,8.966,9.045,10.4,9.71,11.97,11.28,-0.002,-0.004,-0.003,0.0,0.01,-80.3064022,26.9209503,769.85
-10.2,3.7,0.0,-0.0,-0.02,-0.06,-0.16,0.21,0.38,-0.24,0.23,9.516,9.692,8.976,9.035,10.2,9.81,11.87,11.77,-0.002,-0.004,-0.003,0.0,0.01,-80.3064022,26.9209503,769.9
-10.2,3.7,0.0,-0.0,-0.02,-0.06,0.06,0.22,0.13,-0.25,0.24,9.506,9.673,8.907,9.006,10.2,9.81,11.77,11.58,-0.002,-0.004,-0.003,0.0,0.01,-80.3064022,26.9209503,769.95
-10.3,3.7,0.0,-0.0,-0.04,-0.03,-0.14,0.29,0.06,-0.27,0.24,9.506,9.653,8.927,9.015,10.3,9.71,11.58,11.38,-0.002,-0.004,-0.003,0.0,0.01,-80.3064022,26.9209503,770.0
-10.2,3.7,0.0,-0.0,-0.04,-0.02,-0.24,-0.03,-0.24,-0.23,0.23,9.526,9.663,8.966,9.015,10.01,10.01,11.87,11.58,-0.002,-0.004,-0.003,0.0,0.01,-80.3064022,26.9209503,770.05
-10.3,3.7,0.0,-0.0,-0.04,-0.05,0.05,0.04,-0.05,-0.24,0.23,9.526,9.712,8.927,9.006,10.4,9.71,11.97,11.38,-0.002,-0.004,-0.003,0.0,0.01,-80.3064022,26.9209503,770.1
-10.2,3.7,0.0,0.0,-0.03,-0.05,-0.33,-0.03,-0.28,-0.23,0.23,9.486,9.653,8.937,9.015,10.59,9.52,11.77,11.38,-0.002,-0.004,-0.003,0.0,0.0,-80.3064022,26.9209503,770.15
-10.3,3.7,0.0,-0.01,-0.05,-0.04,-0.09,0.16,0.17,-0.23,0.23,9.506,9.673,8.937,9.006,10.5,9.91,11.87,11.38,-0.002,-0.004,-0.003,0.0,0.0,-80.3064022,26.9209503,770.2
-10.3,3.7,0.0,-0.01,-0.03,-0.04,-0.0,0.17,-0.38,-0.23,0.22,9.506,9.673,8.917,9.015,10.01,9.91,11.77,11.58,-0.002,-0.004,-0.003,0.0,0.01,-80.3064022,26.9209503,770.25
-10.3,3.7,0.0,-0.01,-0.04,-0.02,0.03,-0.12,-0.1,-0.23,0.22,9.496,9.663,8.947,9.006,10.01,9.91,11.58,11.28,-0.002,-0.004,-0.003,0.0,0.0,-80.3064022,26.9209503,770.3
-10.2,3.7,0.0,-0.01,-0.04,-0.02,-0.18,-0.06,0.35,-0.23,0.23,9.476,9.673,8.937,9.025,10.5,9.81,11.77,11.58,-0.002,-0.004,-0.003,0.0,0.0,-80.3064022,26.9209503,770.35
-10.3,3.7,0.0,-0.01,0.04,-0.15,0.14,-0.18,0.28,-0.23,0.24,9.516,9.643,8.937,9.006,10.2,9.52,11.67,11.77,-0.002,-0.004,-0.003,0.0,0.01,-80.3064022,26.9209503,770.4
-10.3,3.7,0.0,-0.01,0.12,-0.26,0.15,0.11,-0.13,-0.23,0.23,9.476,9.673,8.947,9.006,10.4,9.71,11.77,11.67,-0.002,-0.004,-0.003,0.0,0.01,-80.3064022,26.9209503,770.45
-10.3,3.7,0.0,-0.01,-0.07,0.01,0.17,-0.01,0.04,-0.22,0.23,9.506,9.663,8.917,8.986,10.5,9.61,11.67,11.28,-0.002,-0.004,-0.003,0.0,0.01,-80.3064022,26.9209503,770.5
-10.2,3.7,0.0,-0.01,-0.02,-0.05,0.18,0.22,0.09,-0.22,0.23,9.496,9.673,8.937,9.006,10.4,9.81,11.77,11.58,-0.002,-0.004,-0.003,0.0,0.0,-80.3064022,26.9209503,770.55
-10.3,3.7,0.0,-0.01,-0.03,-0.03,0.03,0.02,0.33,-0.22,0.23,9.496,9.663,8.898,8.986,10.2,9.81,12.07,11.38,-0.002,-0.004,-0.003,0.0,0.0,-80.3064022,26.9209503,770.6
-10.2,3.7,0.0,-0.01,-0.05,-0.04,0.1,0.11,0.09,-0.22,0.23,9.506,9.663,8.966,9.006,10.3,9.71,11.77,11.38,-0.002,-0.004,-0.003,0.0,0.01,-80.3064022,26.9209503,770.65
-10.3,3.7,0.0,-0.01,-0.02,-0.06,-0.03,-0.2,0.31,-0.22,0.23,9.516,9.673,8.947,9.015,10.2,9.91,11.58,11.38,-0.002,-0.004,-0.003,0.0,0.01,-80.3064022,26.9209503,770.7
-10.2,3.7,0.0,-0.01,-0.04,-0.02,-0.25,-0.32,0.09,-0.22,0.24,9.496,9.663,8.937,9.045,10.3,9.61,11.58,11.58,-0.002,-0.004,-0.003,0.0,0.01,-80.3064022,26.9209504,770.75
-10.3,3.7,0.0,-0.01,-0.04,-0.05,0.04,0.1,-0.05,-0.23,0.22,9.486,9.653,8.937,9.006,10.5,9.52,11.77,11.67,-0.002,-0.004,-0.003,0.0,0.01,-80.3064022,26.9209504,770.8
-10.3,3.7,0.0,-0.01,-0.04,-0.03,0.04,0.12,0.05,-0.22,0.23,9.496,9.663,8.937,8.996,10.3,9.71,12.07,11.38,-0.002,-0.004,-0.003,0.0,0.01,-80.3064022,26.9209504,770.85
-10.2,3.7,0.0,-0.01,-0.04,-0.03,-0.06,-0.21,0.13,-0.22,0.23,9.516,9.682,8.947,8.996,10.2,9.81,11.58,11.48,-0.002,-0.004,-0.003,0.0,0.01,-80.3064022,26.9209504,770.9
-10.2,3.7,0.0,-0.01,-0.03,-0.04,0.0,-0.08,0.27,-0.22,0.23,9.486,9.663,8.957,9.015,10.2,9.81,11.87,11.48,-0.002,-0.004,-0.003,0.0,0.01,-80.3064022,26.9209504,770.95
-10.3,3.7,0.0,-0.01,-0.04,-0.04,-0.23,0.27,-0.15,-0.22,0.22,9.486,9.673,8.927,9.006,10.3,9.71,11.67,11.38,-0.002,-0.004,-0.003,0.0,0.01,-80.3064022,26.9209504,771.0
-10.2,3.7,0.0,-0.01,-0.04,-0.04,-0.02,-0.1,0.11,-0.22,0.23,9.496,9.682,8.957,8.996,10.3,9.71,11.48,11.48,-0.002,-0.004,-0.003,0.0,0.01,-80.3064022,26.9209504,771.05
-10.3,3.7,0.0,-0.0,-0.03,-0.03,-0.4,-0.09,-0.21,-0.22,0.22,9.506,9.692,8.937,8.986,10.4,9.91,11.67,11.58,-0.002,-0.004,-0.003,0.0,0.0,-80.3064022,26.9209504,771.1
-10.2,3.7,0.0,-0.01,-0.04,-0.04,-0.1,0.09,-0.09,-0.22,0.23,9.467,9.663,8.947,9.006,10.3,9.71,11.67,11.77,-0.002,-0.004,-0.003,0.0,0.01,-80.3064022,26.9209504,771.15
-10.3,3.7,0.0,-0.01,-0.04,-0.05,0.27,0.05,0.3,-0.22,0.23,9.506,9.673,8.947,9.006,10.5,9.71,11.87,11.38,-0.002,-0.004,-0.003,0.0,0.01,-80.3064022,26.9209504,771.2
-10.2,3.7,0.0,-0.01,-0.05,-0.04,0.2,0.23,0.11,-0.22,0.23,9.496,9.653,8.937,9.035,10.4,9.71,11.58,11.38,-0.002,-0.004,-0.003,0.0,0.01,-80.3064022,26.9209504,771.25
-10.2,3.7,0.0,-0.01,-0.04,-0.04,0.02,0.22,-0.01,-0.22,0.23,9.476,9.663,8.966,9.035,10.01,9.71,11.38,11.58,-0.002,-0.004,-0.003,0.0,0.01,-80.3064022,26.9209504,771.3
-10.2,3.7,0.0,-0.01,-0.04,-0.05,0.08,0.0,0.19,-0.23,0.23,9.496,9.663,8.917,8.996,10.2,9.81,11.77,11.58,-0.002,-0.004,-0.003,0.0,0.01,-80.3064022,26.9209504,771.35
-10.3,3.7,0.0,-0.01,-0.04,-0.05,-0.1,0.31,-0.18,-0.22,0.22,9.496,9.653,8.937,9.006,10.2,9.71,11.77,11.58,-0.002,-0.004,-0.003,0.0,0.01,-80.3064021,26.9209504,771.4
-10.2,3.7,0.0,-0.01,-0.04,-0.03,-0.06,-0.18,0.24,-0.22,0.22,9.476,9.673,8.937,9.025,10.2,9.71,11.77,11.28,-0.002,-0.004,-0.003,0.0,0.01,-80.3064021,26.9209504,771.45
-10.2,3.7,0.0,-0.0,-0.03,-0.02,-0.37,-0.01,0.37,-0.22,0.23,9.486,9.653,8.917,8.986,10.1,9.71,11.38,11.67,-0.002,-0.004,-0.003,0.0,0.01,-80.3064021,26.9209504,771.5
-10.2,3.7,0.0,-0.01,-0.03,-0.05,0.27,-0.05,-0.37,-0.22,0.22,9.506,9.663,8.937,9.035,10.3,9.81,11.87,11.87,-0.002,-0.004,-0.003,0.0,0.01,-80.3064021,26.9209504,771.55
-10.2,3.7,0.0,-0.0,-0.05,-0.03,0.25,0.06,0.12,-0.22,0.23,9.516,9.673,8.947,9.015,10.1,9.81,11.58,11.38,-0.002,-0.004,-0.003,0.0,0.01,-80.3064021,26.9209504,771.6
-10.2,3.7,0.0,-0.01,-0.04,-0.05,0.0,0.25,0.1,-0.22,0.23,9.476,9.643,8.947,9.015,10.4,9.81,11.67,11.38,-0.002,-0.004,-0.003,0.0,0.01,-80.3064021,26.9209504,771.65
-10.2,3.7,0.0,-0.01,-0.04,-0.04,0.36,-0.16,-0.13,-0.23,0.23,9.526,9.643,8.957,9.035,10.3,9.71,11.87,11.38,-0.002,-0.004,-0.003,0.0,0.01,-80.3064021,26.9209504,771.7
-10.1,3.7,0.0,-0.0,-0.04,-0.04,0.05,0.53,0.34,-0.22,0.23,9.496,9.653,8.986,9.064,10.4,9.91,11.67,11.77,-0.002,-0.004,-0.003,0.0,0.01,-80.3064021,26.9209504,771.75
-10.2,3.7,0.0,-0.0,-0.03,-0.05,-0.2,0.49,0.15,-0.22,0.23,9.496,9.643,8.947,9.015,10.3,9.91,11.77,11.58,-0.002,-0.004,-0.003,0.0,0.01,-80.3064021,26.9209504,771.8
-10.2,3.7,0.0,-0.01,-0.05,-0.02,0.14,0.0,0.02,-0.2,0.24,9.516,9.663,8.966,9.006,10.4,10.01,11.87,11.77,-0.002,-0.004,-0.003,0.0,0.01,-80.3064021,26.9209504,771.85
-10.3,3.7,0.0,-0.0,-0.02,-0.06,-0.08,-0.06,0.14,-0.22,0.23,9.506,9.663,8.917,8.966,10.59,9.61,11.77,11.38,-0.002,-0.004,-0.003,0.0,0.01,-80.3064021,26.9209504,771.9
-10.2,3.7,0.0,-0.0,-0.04,-0.03,-0.01,-0.05,0.18,-0.23,0.21,9.496,9.673,8.966,9.025,10.1,9.91,11.97,11.38,-0.002,-0.004,-0.003,0.0,0.01,-80.3064021,26.9209504,771.95
-10.2,3.7,0.0,-0.0,-0.04,-0.03,-0.18,0.07,0.03,-0.22,0.23,9.516,9.643,8.937,9.015,10.5,9.71,11.58,11.48,-0.002,-0.004,-0.003,0.0,0.01,-80.3064021,26.9209504,772.0
-10.2,3.7,0.0,-0.01,-0.04,-0.05,0.07,0.23,-0.0,-0.22,0.22,9.486,9.643,8.937,9.015,10.2,9.52,11.67,11.38,-0.002,-0.004,-0.003,0.0,-0.0,-80.3064021,26.9209504,772.05
-10.2,3.7,0.0,-0.01,-0.03,-0.03,0.16,-0.18,0.16,-0.22,0.23,9.496,9.643,8.966,9.035,10.2,9.91,11.67,11.48,-0.002,-0.004,-0.003,0.0,-0.0,-80.3064021,26.9209504,772.1
-10.2,3.7,0.0,-0.01,-0.03,-0.04,0.07,0.13,0.27,-0.22,0.23,9.506,9.682,8.966,9.015,10.3,9.61,11.87,11.28,-0.002,-0.004,-0.003,0.0,-0.0,-80.3064021,26.9209504,772.15
-10.2,3.7,0.0,-0.01,-0.04,-0.05,0.03,-0.03,0.11,-0.22,0.23,9.516,9.673,8.937,8.996,10.3,9.71,11.77,11.77,-0.002,-0.004,-0.003,0.0,-0.0,-80.3064021,26.9209504,772.2
-10.2,3.7,0.0,-0.01,-0.05,-0.03,0.11,0.13,-0.4,-0.22,0.22,9.506,9.653,8.966,9.035,10.3,9.52,11.77,11.28,-0.002,-0.004,-0.003,0.0,-0.0,-80.3064021,26.9209505,772.25
-10.2,3.7,0.0,-0.01,-0.03,-0.06,0.21,0.01,-0.14,-0.22,0.23,9.496,9.702,8.937,9.015,10.3,9.61,11.87,11.58,-0.002,-0.004,-0.003,0.0,-0.0,-80.3064021,26.9209505,772.3
-10.2,3.7,0.0,-0.01,-0.04,-0.03,0.35,0.32,-0.14,-0.22,0.23,9.496,9.663,8.976,9.045,10.1,10.01,11.87,11.58,-0.002,-0.004,-0.003,0.0,-0.0,-80.3064021,26.9209505,772.35
-10.2,3.7,0.0,-0.01,-0.03,-0.04,-0.05,0.0,0.26,-0.22,0.23,9.496,9.682,8.976,9.006,10.1,9.61,11.87,11.09,-0.002,-0.004,-0.003,0.0,-0.0,-80.306402,26.9209505,772.4
-10.2,3.7,0.0,-0.01,-0.04,-0.05,0.08,0.32,-0.16,-0.22,0.22,9.516,9.653,8.957,9.015,10.2,9.91,11.48,11.09,-0.002,-0.004,-0.003,0.0,-0.01,-80.306402,26.9209505,772.45
-10.2,3.7,0.0,-0.01,0.0,-0.09,-0.01,0.04,0.25,-0.22,0.22,9.516,9.663,8.976,9.015,10.1,9.71,11.77,11.28,-0.002,-0.004,-0.003,0.0,-0.01,-80.306402,26.9209505,772.5
-10.2,3.7,0.0,-0.01,-0.04,-0.04,-0.14,0.37,0.13,-0.22,0.22,9.486,9.673,8.966,9.025,10.1,9.81,11.77,11.48,-0.002,-0.004,-0.003,0.0,-0.01,-80.306402,26.9209505,772.55
-10.3,3.7,0.0,-0.01,-0.04,-0.04,0.01,-0.01,-0.1,-0.23,0.24,9.496,9.653,8.937,9.006,10.5,9.91,11.77,11.28,-0.002,-0.004,-0.003,0.0,-0.01,-80.306402,26.9209505,772.6
-10.2,3.7,0.0,-0.01,-0.04,-0.02,-0.07,-0.02,0.12,-0.22,0.22,9.516,9.663,8.947,9.006,10.3,9.71,11.58,11.28,-0.002,-0.004,-0.003,0.0,-0.01,-80.3064021,26.9209505,772.65
-10.2,3.7,0.0,-0.01,-0.02,-0.04,-0.06,0.07,0.34,-0.22,0.23,9.496,9.673,8.907,9.006,10.3,9.81,11.38,11.38,-0.002,-0.004,-0.003,0.0,-0.01,-80.306402,26.9209505,772.7
-10.2,3.7,0.0,-0.01,-0.03,-0.04,-0.19,0.06,0.5,-0.22,0.23,9.506,9.663,8.947,9.035,10.2,10.01,11.77,11.38,-0.002,-0.004,-0.003,0.0,-0.01,-80.306402,26.9209505,772.75
-10.2,3.7,0.0,-0.01,-0.03,-0.04,-0.23,0.05,0.27,-0.22,0.23,9.506,9.673,8.947,9.015,10.3,10.01,11.58,11.48,-0.002,-0.004,-0.003,0.0,-0.01,-80.3064021,26.9209505,772.8
-10.2,3.7,0.0,-0.01,-0.04,-0.04,0.11,-0.11,-0.41,-0.22,0.22,9.486,9.663,8.947,9.045,10.1,9.91,11.58,11.38,-0.002,-0.004,-0.003,0.0,-0.01,-80.3064021,26.9209505,772.85
-10.2,3.7,0.0,-0.01,-0.03,-0.03,-0.01,0.2,-0.17,-0.23,0.23,9.496,9.663,8.976,9.025,10.4,9.81,11.77,11.48,-0.002,-0.004,-0.003,0.0,-0.01,-80.3064021,26.9209505,772.9
-10.2,3.7,0.0,-0.01,-0.04,-0.03,-0.29,0.02,-0.08,-0.22,0.23,9.496,9.682,8.927,9.015,10.3,9.81,11.58,11.58,-0.002,-0.004,-0.003,0.0,-0.01,-80.3064021,26.9209505,772.95
-10.2,3.7,0.0,-0.01,-0.03,-0.04,-0.17,-0.01,0.15,-0.23,0.24,9.496,9.702,8.937,8.996,10.1,9.81,11.77,11.58,-0.002,-0.004,-0.003,0.0,-0.01,-80.3064021,26.9209505,773.0
-10.1,3.7,0.0,-0.01,-0.05,-0.05,0.34,0.02,-0.56,-0.22,0.22,9.467,9.653,8.976,9.035,10.4,9.81,11.77,11.77,-0.002,-0.004,-0.003,0.0,-0.01,-80.3064021,26.9209505,773.05
-10.2,3.7,0.0,-0.01,-0.04,-0.05,0.04,0.0,0.26,-0.22,0.22,9.506,9.653,8.957,9.025,10.69,9.91,11.77,11.48,-0.002,-0.004,-0.003,0.0,-0.01,-80.3064021,26.9209505,773.1
-10.2,3.7,0.0,-0.01,-0.03,-0.04,0.1,-0.07,0.17,-0.22,0.23,9.516,9.624,8.957,9.035,10.3,9.71,11.48,11.38,-0.002,-0.004,-0.003,0.0,-0.01,-80.3064021,26.9209505,773.15
-10.2,3.7,0.0,-0.01,-0.04,-0.03,-0.07,0.01,-0.68,-0.22,0.22,9.516,9.663,8.927,9.006,10.3,9.81,11.77,11.28,-0.002,-0.004,-0.003,0.0,-0.01,-80.3064021,26.9209506,773.2
-10.2,3.7,0.0,-0.01,-0.04,-0.03,0.01,-0.1,-0.1,-0.22,0.22,9.496,9.663,8.937,9.035,10.5,9.91,11.77,11.58,-0.002,-0.004,-0.003,0.0,-0.01,-80.3064021,26.9209506,773.25
-10.2,3.7,0.0,-0.01,-0.02,-0.05,-0.0,-0.16,0.38,-0.22,0.23,9.506,9.653,8.976,9.006,10.2,9.52,11.77,11.87,-0.002,-0.004,-0.003,0.0,-0.01,-80.306402,26.9209506,773.3
-10.2,3.7,0.0,-0.01,-0.03,-0.03,-0.18,-0.14,0.2,-0.22,0.23,9.496,9.663,8.947,9.025,10.2,9.71,11.97,11.38,-0.002,-0.004,-0.003,0.0,-0.01,-80.306402,26.9209506,773.35
-10.3,3.7,0.0,-0.01,-0.03,-0.04,-0.21,0.16,-0.11,-0.21,0.22,9.486,9.682,8.957,9.015,10.1,10.1,11.87,11.58,-0.002,-0.004,-0.003,0.0,-0.02,-80.306402,26.9209506,773.4
-10.2,3.7,0.0,-0.01,-0.03,-0.04,0.04,-0.11,-0.17,-0.22,0.22,9.506,9.682,8.957,9.035,10.1,9.81,11.67,11.38,-0.002,-0.004,-0.003,0.0,-0.02,-80.306402,26.9209506,773.45
-10.2,3.7,0.0,-0.01,-0.05,-0.03,0.17,-0.02,-0.25,-0.21,0.24,9.496,9.663,8.927,9.006,10.3,9.81,11.77,11.48,-0.002,-0.004,-0.003,0.0,-0.01,-80.3064021,26.9209506,773.5
-10.2,3.7,0.0,-0.01,-0.04,-0.05,0.15,0.08,0.15,-0.22,0.22,9.496,9.663,8.947,9.045,10.3,9.81,11.77,11.67,-0.002,-0.004,-0.003,0.0,-0.02,-80.3064021,26.9209506,773.55
-10.2,3.7,0.0,-0.01,-0.04,-0.05,0.37,0.22,0.05,-0.22,0.22,9.535,9.643,8.947,9.006,10.4,9.91,11.58,11.28,-0.002,-0.004,-0.003,0.0,-0.02,-80.3064021,26.9209506,773.6
-10.2,3.7,0.0,-0.01,-0.04,-0.04,0.22,-0.17,-0.05,-0.22,0.22,9.496,9.663,8.957,9.006,10.3,9.71,11.58,11.38,-0.002,-0.004,-0.003,0.0,-0.02,-80.3064021,26.9209506,773.65
-10.2,3.7,0.0,-0.01,-0.03,-0.03,-0.12,0.2,0.2,-0.21,0.22,9.516,9.663,8.937,9.006,10.2,9.61,11.58,11.38,-0.002,-0.004,-0.003,0.0,-0.02,-80.3064021,26.9209506,773.7
-10.2,3.7,0.0,-0.01,-0.03,-0.03,-0.36,-0.01,0.15,-0.22,0.23,9.476,9.673,8.937,9.035,10.3,9.81,11.58,11.48,-0.002,-0.004,-0.003,0.0,-0.02,-80.306402,26.9209506,773.75
-10.2,3.7,0.0,-0.01,-0.03,-0.04,0.08,-0.47,0.55,-0.22,0.23,9.506,9.663,8.966,9.035,10.5,9.81,11.58,11.58,-0.002,-0.004,-0.003,0.0,-0.02,-80.306402,26.9209506,773.8
-10.2,3.7,0.0,-0.01,-0.03,-0.04,-0.07,-0.08,0.1,-0.22,0.21,9.526,9.663,8.966,9.006,10.5,10.01,11.87,11.58,-0.002,-0.004,-0.003,0.0,-0.02,-80.306402,26.9209506,773.85
-10.2,3.7,0.0,-0.01,-0.05,-0.04,0.03,0.17,-0.09,-0.22,0.22,9.467,9.653,8.937,8.996,10.4,9.61,11.87,11.38,-0.002,-0.004,-0.003,0.0,-0.02,-80.306402,26.9209506,773.9
-10.1,3.7,0.0,-0.01,-0.04,-0.04,0.16,-0.1,0.03,-0.22,0.22,9.496,9.663,8.976,9.045,10.5,9.91,11.77,11.67,-0.002,-0.004,-0.003,0.0,-0.02,-80.306402,26.9209506,773.95
-10.3,3.7,0.0,-0.01,-0.04,-0.03,0.0,-0.26,-0.02,-0.22,0.22,9.516,9.682,8.937,8.996,10.4,9.71,11.58,11.38,-0.002,-0.004,-0.003,0.0,-0.02,-80.306402,26.9209506,774.0
-10.3,3.7,0.0,-0.01,-0.04,-0.03,0.1,0.19,-0.07,-0.22,0.22,9.457,9.673,8.937,8.966,10.2,9.71,11.77,11.28,-0.002,-0.004,-0.003,0.0,-0.02,-80.306402,26.9209507,774.05
-10.2,3.7,0.0,-0.01,-0.03,-0.04,0.03,-0.18,-0.16,-0.22,0.23,9.486,9.682,8.937,9.025,10.5,9.81,11.77,11.58,-0.002,-0.004,-0.003,0.0,-0.02,-80.306402,26.9209507,774.1
-10.2,3.7,0.0,-0.01,-0.04,-0.04,0.03,-0.21,0.14,-0.23,0.2,9.496,9.673,8.966,9.045,10.3,9.71,11.58,11.77,-0.002,-0.004,-0.003,0.0,-0.02,-80.306402,26.9209507,774.15
-10.2,3.7,0.0,-0.01,-0.05,-0.03,0.08,0.04,-0.21,-0.22,0.22,9.526,9.663,8.947,9.015,10.2,9.71,11.87,11.38,-0.002,-0.004,-0.003,0.0,-0.02,-80.306402,26.9209507,774.2
-10.2,3.7,0.0,-0.01,-0.04,-0.06,0.25,0.11,-0.12,-0.21,0.22,9.496,9.653,8.898,9.025,10.01,9.71,11.87,11.18,-0.002,-0.004,-0.003,0.0,-0.02,-80.306402,26.9209507,774.25
-10.3,3.7,0.0,-0.02,-0.04,-0.03,0.36,0.2,0.28,-0.21,0.23,9.506,9.653,8.947,8.996,10.3,10.01,11.58,11.38,-0.002,-0.004,-0.003,0.0,-0.01,-80.306402,26.9209507,774.3
-10.2,3.7,0.0,-0.01,-0.04,-0.04,0.23,0.01,0.24,-0.21,0.23,9.506,9.673,8.937,8.996,10.5,9.81,11.67,11.38,-0.002,-0.004,-0.003,0.0,-0.0,-80.306402,26.9209507,774.35
-10.3,3.7,0.0,-0.02,-0.05,-0.05,-0.01,-0.09,-0.25,-0.22,0.22,9.486,9.633,8.976,9.025,10.5,9.91,11.97,11.48,-0.002,-0.004,-0.003,0.0,-0.01,-80.306402,26.9209507,774.4
-10.2,3.7,0.0,-0.02,-0.03,-0.05,-0.05,0.28,0.19,-0.21,0.22,9.506,9.643,8.976,8.976,10.4,9.81,11.58,11.18,-0.002,-0.004,-0.003,0.0,-0.01,-80.306402,26.9209507,774.45
-10.3,3.7,0.0,-0.02,0.01,-0.09,-0.08,0.26,0.18,-0.21,0.22,9.506,9.673,8.927,9.025,10.3,9.81,11.97,11.58,-0.002,-0.004,-0.003,0.0,-0.01,-80.306402,26.9209507,774.5
-10.2,3.7,0.0,-0.02,-0.03,-0.03,0.02,-0.09,-0.02,-0.21,0.22,9.496,9.673,8.986,9.035,10.5,9.71,11.77,11.58,-0.002,-0.004,-0.003,0.0,-0.01,-80.306402,26.9209507,774.55
-10.3,3.7,0.0,-0.02,-0.05,-0.03,0.23,-0.02,-0.4,-0.22,0.21,9.506,9.653,8.937,8.976,10.59,9.81,11.67,11.58,-0.002,-0.004,-0.003,0.0,-0.01,-80.306402,26.9209507,774.6
-10.2,3.7,0.0,-0.02,-0.03,-0.04,-0.21,-0.13,0.24,-0.22,0.23,9.486,9.663,8.957,9.035,10.5,9.61,11.97,11.58,-0.002,-0.004,-0.003,0.0,-0.01,-80.306402,26.9209507,774.65
-10.2,3.7,0.0,-0.02,-0.04,-0.04,-0.06,-0.1,0.21,-0.21,0.22,9.486,9.643,8.966,9.035,10.2,9.71,11.87,11.28,-0.002,-0.004,-0.003,0.0,-0.01,-80.306402,26.9209507,774.7
-10.2,3.7,0.0,-0.02,-0.04,-0.04,-0.26,-0.03,0.04,-0.22,0.23,9.496,9.663,8.966,9.006,10.3,9.61,11.58,11.58,-0.002,-0.004,-0.003,0.0,-0.01,-80.306402,26.9209507,774.75
-10.2,3.7,0.0,-0.02,-0.04,-0.04,-0.19,-0.09,-0.09,-0.21,0.22,9.506,9.663,8.927,9.015,10.5,9.81,11.77,11.09,-0.002,-0.004,-0.003,0.0,-0.01,-80.306402,26.9209507,774.8
-10.2,3.7,0.0,-0.02,-0.04,-0.02,-0.12,-0.03,-0.22,-0.21,0.22,9.486,9.663,8.976,9.055,10.3,9.71,12.16,11.38,-0.002,-0.004,-0.003,0.0,-0.02,-80.306402,26.9209507,774.85
-10.2,3.7,0.0,-0.02,-0.03,-0.06,0.08,0.3,0.14,-0.21,0.23,9.516,9.682,8.937,9.006,10.2,9.61,11.77,11.58,-0.002,-0.004,-0.003,0.0,-0.02,-80.306402,26.9209507,774.9
-10.2,3.7,0.0,-0.02,-0.04,-0.03,-0.0,-0.12,-0.33,-0.22,0.22,9.496,9.653,8.937,9.015,10.1,9.81,11.77,11.48,-0.002,-0.004,-0.003,0.0,-0.02,-80.306402,26.9209507,774.95
-10.2,3.7,0.0,-0.02,-0.05,-0.04,0.31,-0.16,-0.07,-0.22,0.23,9.535,9.653,8.937,9.025,10.3,9.81,11.67,11.58,-0.002,-0.004,-0.003,0.0,-0.02,-80.306402,26.9209507,775.0
-10.2,3.7,0.0,-0.03,-0.03,-0.04,0.07,-0.13,0.23,-0.22,0.23,9.526,9.643,8.966,9.025,10.3,9.91,11.87,11.28,-0.002,-0.004,-0.003,0.0,-0.02,-80.306402,26.9209507,775.05
-10.3,3.7,0.0,-0.02,-0.03,-0.03,-0.24,-0.18,0.3,-0.22,0.23,9.516,9.663,8.937,9.006,10.4,9.81,11.87,11.58,-0.002,-0.004,-0.003,0.0,-0.02,-80.306402,26.9209507,775.1
-10.2,3.7,0.0,-0.03,-0.05,-0.05,0.2,0.35,0.12,-0.21,0.23,9.496,9.663,8.966,9.006,10.3,9.91,11.58,11.67,-0.002,-0.004,-0.003,0.0,-0.02,-80.306402,26.9209507,775.15
-10.2,3.7,0.0,-0.03,-0.04,-0.05,-0.21,-0.16,-0.22,-0.22,0.22,9.496,9.673,8.927,9.025,10.2,9.81,11.77,11.38,-0.002,-0.004,-0.003,0.0,-0.02,-80.306402,26.9209507,775.2
-10.3,3.7,0.0,-0.03,-0.04,-0.05,0.18,-0.04,-0.29,-0.22,0.22,9.496,9.653,8.966,9.006,10.3,9.81,11.58,11.58,-0.002,-0.004,-0.003,0.0,-0.02,-80.306402,26.9209507,775.25
-10.2,3.7,0.0,-0.03,-0.05,-0.01,-0.13,-0.08,-0.01,-0.22,0.22,9.516,9.673,8.927,9.015,10.1,9.52,11.58,11.77,-0.002,-0.004,-0.003,0.0,-0.02,-80.306402,26.9209507,775.3
-10.2,3.7,0.0,-0.03,-0.04,-0.05,0.27,0.38,-0.01,-0.21,0.23,9.476,9.663,8.957,9.025,10.4,9.71,11.58,11.77,-0.002,-0.004,-0.003,0.0,-0.02,-80.306402,26.9209507,775.35
-10.2,3.7,0.0,-0.03,-0.04,-0.02,-0.06,0.18,0.21,-0.21,0.23,9.506,9.663,8.937,9.025,10.3,9.71,11.87,11.18,-0.002,-0.004,-0.003,0.0,-0.02,-80.306402,26.9209507,775.4
-10.2,3.7,0.0,-0.03,-0.04,-0.05,0.04,-0.15,0.06,-0.22,0.23,9.486,9.673,8.966,9.006,10.3,9.71,11.58,11.58,-0.002,-0.004,-0.003,0.0,-0.02,-80.306402,26.9209507,775.45
-10.3,3.7,0.0,-0.03,-0.04,-0.05,0.17,-0.4,0.07,-0.22,0.23,9.496,9.643,8.947,9.006,10.2,9.91,11.77,11.58,-0.002,-0.004,-0.003,0.0,-0.02,-80.306402,26.9209507,775.5
-10.2,3.7,0.0,-0.03,-0.05,-0.04,0.14,0.06,0.06,-0.23,0.23,9.496,9.682,8.957,9.045,10.3,9.71,11.87,11.48,-0.002,-0.004,-0.003,0.0,-0.02,-80.306402,26.9209507,775.55
-10.3,3.7,0.0,-0.03,-0.03,-0.02,0.01,-0.01,-0.22,-0.21,0.22,9.516,9.663,8.937,8.996,10.4,9.81,11.67,11.58,-0.002,-0.004,-0.003,0.0,-0.03,-80.306402,26.9209508,775.6
-10.3,3.7,0.0,-0.03,-0.03,-0.04,0.04,-0.25,-0.3,-0.22,0.23,9.506,9.663,8.937,9.006,10.2,9.91,11.77,11.28,-0.002,-0.004,-0.003,0.0,-0.03,-80.306402,26.9209508,775.65
-10.2,3.7,0.0,-0.03,-0.05,-0.02,0.02,0.25,-0.17,-0.22,0.22,9.496,9.673,8.937,8.986,10.4,9.71,11.77,11.58,-0.002,-0.004,-0.003,0.0,-0.03,-80.306402,26.9209508,775.7
-10.2,3.7,0.0,-0.03,-0.03,-0.06,0.01,-0.26,0.14,-0.22,0.23,9.506,9.682,8.957,9.064,10.4,9.91,11.77,11.58,-0.002,-0.004,-0.003,0.0,-0.03,-80.306402,26.9209508,775.75
-10.3,3.7,0.0,-0.03,-0.05,-0.03,0.05,-0.05,0.43,-0.22,0.23,9.506,9.692,8.957,9.025,10.3,10.01,11.77,11.28,-0.002,-0.004,-0.003,0.0,-0.03,-80.306402,26.9209508,775.8
-10.2,3.7,0.0,-0.03,-0.03,-0.04,0.26,-0.19,0.19,-0.22,0.23,9.516,9.682,8.986,9.015,10.4,9.71,11.48,11.48,-0.002,-0.004,-0.003,0.0,-0.03,-80.306402,26.9209508,775.85
-10.2,3.7,0.0,-0.03,-0.04,-0.03,0.21,0.02,-0.19,-0.23,0.21,9.486,9.663,8.937,9.006,10.3,9.81,11.67,11.58,-0.002,-0.004,-0.003,0.0,-0.03,-80.306402,26.9209508,775.9
-10.2,3.7,0.0,-0.03,-0.05,-0.05,0.28,0.11,-0.17,-0.23,0.23,9.496,9.682,8.966,9.006,10.3,9.91,11.87,11.38,-0.002,-0.004,-0.003,0.0,-0.03,-80.306402,26.9209508,775.95
-10.2,3.7,0.0,-0.03,-0.04,-0.05,-0.01,-0.04,-0.2,-0.24,0.23,9.496,9.682,8.937,9.035,10.4,9.71,11.58,11.77,-0.002,-0.004,-0.003,0.0,-0.03,-80.306402,26.9209508,776.0
-10.3,3.7,0.0,-0.04,-0.03,-0.03,0.08,-0.1,0.51,-0.22,0.23,9.506,9.653,8.966,9.015,10.3,9.81,11.67,11.38,-0.002,-0.004,-0.003,0.0,-0.03,-80.306402,26.9209508,776.05
-10.3,3.7,0.0,-0.03,-0.03,-0.04,0.07,-0.23,0.3,-0.22,0.22,9.506,9.673,8.947,9.015,10.2,9.81,11.58,11.38,-0.002,-0.004,-0.003,0.0,-0.03,-80.306402,26.9209508,776.1
-10.3,3.7,0.0,-0.04,-0.03,-0.03,-0.06,0.05,0.23,-0.23,0.24,9.486,9.673,8.927,9.006,10.2,9.71,12.07,11.38,-0.002,-0.004,-0.003,0.0,-0.03,-80.306402,26.9209508,776.15
-10.3,3.7,0.0,-0.04,-0.04,-0.04,0.03,0.35,0.18,-0.23,0.23,9.506,9.673,8.927,8.976,10.3,9.91,11.77,11.38,-0.002,-0.004,-0.003,0.0,-0.03,-80.306402,26.9209508,776.2
-10.2,3.7,0.0,-0.04,-0.03,-0.07,0.0,0.3,0.28,-0.22,0.23,9.496,9.692,8.937,9.015,10.2,9.81,11.67,11.28,-0.002,-0.004,-0.003,0.0,-0.03,-80.306402,26.9209508,776.25
-10.2,3.7,0.0,-0.04,-0.05,-0.03,0.17,0.13,0.1,-0.21,0.23,9.496,9.643,8.957,9.025,10.2,9.71,11.77,11.58,-0.002,-0.004,-0.003,0.0,-0.03,-80.306402,26.9209508,776.3
-10.2,3.7,0.0,-0.01,-0.04,-0.04,-0.01,0.43,-0.04,-0.23,0.23,9.496,9.682,8.976,9.045,10.3,9.81,11.67,11.38,-0.002,-0.004,-0.003,0.0,-0.0,-80.306402,26.9209508,776.35
-10.3,3.7,0.0,-0.01,-0.03,-0.05,0.17,-0.27,0.04,-0.22,0.23,9.506,9.682,8.966,9.025,10.4,9.71,11.87,11.48,-0.002,-0.004,-0.003,0.0,-0.0,-80.306402,26.9209508,776.4
-10.2,3.7,0.0,-0.01,-0.04,-0.03,0.36,0.09,0.04,-0.22,0.23,9.486,9.682,8.986,9.045,10.2,9.81,11.58,11.38,-0.002,-0.004,-0.003,0.0,0.0,-80.306402,26.9209508,776.45
-10.3,3.7,0.0,-0.01,-0.03,-0.03,-0.55,0.18,-0.01,-0.22,0.23,9.516,9.673,8.937,9.006,10.59,9.71,11.87,11.38,-0.002,-0.004,-0.003,0.0,0.0,-80.306402,26.9209508,776.5
-10.2,3.7,0.0,-0.01,-0.1,0.03,0.11,-0.26,0.08,-0.22,0.23,9.516,9.682,8.937,9.055,10.3,10.1,11.87,11.67,-0.002,-0.004,-0.003,0.0,0.0,-80.306402,26.9209508,776.55
-10.2,3.7,0.0,-0.01,-0.03,-0.04,0.04,-0.06,-0.01,-0.23,0.23,9.486,9.663,8.957,9.025,10.2,9.81,11.77,11.38,-0.002,-0.004,-0.003,0.0,0.0,-80.306402,26.9209508,776.6
-10.2,3.7,0.0,-0.01,-0.04,-0.03,-0.04,0.05,-0.08,-0.21,0.23,9.496,9.692,8.947,9.045,10.5,9.71,11.87,11.38,-0.002,-0.004,-0.003,0.0,0.0,-80.306402,26.9209508,776.65
-10.2,3.7,0.0,-0.01,-0.04,-0.03,-0.04,-0.07,0.32,-0.22,0.23,9.486,9.673,8.937,9.015,10.01,9.71,11.77,11.48,-0.002,-0.004,-0.003,0.0,0.01,-80.306402,26.9209507,776.7
-10.2,3.7,0.0,-0.01,-0.04,-0.05,0.22,-0.04,0.32,-0.21,0.23,9.476,9.653,8.947,9.035,10.2,9.61,11.87,11.48,-0.002,-0.004,-0.003,0.0,0.01,-80.306402,26.9209507,776.75
-10.2,3.7,0.0,-0.01,-0.05,-0.04,0.2,0.24,-0.29,-0.21,0.23,9.506,9.643,8.947,8.996,10.5,9.61,11.87,11.48,-0.002,-0.004,-0.003,0.0,0.01,-80.306402,26.9209507,776.8
-10.2,3.7,0.0,-0.01,-0.03,-0.04,0.15,0.22,-0.05,-0.22,0.23,9.496,9.653,8.957,8.986,10.4,9.71,11.87,11.48,-0.002,-0.004,-0.003,0.0,0.01,-80.306402,26.9209507,776.85
-10.2,3.7,0.0,-0.01,-0.05,-0.03,-0.0,0.05,-0.06,-0.21,0.23,9.496,9.673,8.957,9.015,10.3,9.42,11.77,11.38,-0.002,-0.004,-0.003,0.0,0.01,-80.306402,26.9209507,776.9
-10.2,3.7,0.0,-0.0,-0.04,-0.03,-0.22,-0.08,0.06,-0.23,0.23,9.496,9.643,8.947,9.035,10.2,9.71,11.77,11.28,-0.002,-0.004,-0.003,0.0,0.01,-80.3064019,26.9209507,776.95
-10.3,3.7,0.0,-0.0,-0.04,-0.05,-0.03,0.09,0.06,-0.2,0.23,9.476,9.692,8.917,9.006,10.3,9.71,11.77,11.38,-0.002,-0.004,-0.003,0.0,0.01,-80.3064019,26.9209507,777.0
-10.2,3.7,0.0,-0.0,-0.03,-0.04,-0.04,0.05,0.46,-0.23,0.23,9.496,9.663,8.976,9.055,10.5,9.91,11.67,11.48,-0.002,-0.004,-0.003,0.0,0.01,-80.3064019,26.9209507,777.05
-10.2,3.7,0.0,-0.0,-0.05,-0.05,0.17,0.08,-0.16,-0.22,0.23,9.496,9.653,8.947,9.025,10.2,9.61,11.67,11.18,-0.002,-0.004,-0.003,0.0,0.01,-80.3064019,26.9209507,777.1
-10.2,3.7,0.0,-0.0,-0.05,-0.03,0.17,-0.11,-0.25,-0.22,0.23,9.486,9.673,8.937,9.006,10.3,10.01,11.48,11.38,-0.002,-0.004,-0.003,0.0,0.02,-80.3064019,26.9209508,777.15
-10.2,3.7,0.0,-0.0,-0.05,-0.05,0.4,0.11,-0.26,-0.21,0.23,9.496,9.682,8.917,9.045,10.2,9.81,11.77,11.38,-0.002,-0.004,-0.003,0.0,0.02,-80.3064019,26.9209508,777.2
-10.3,3.7,0.0,-0.0,-0.05,-0.03,0.01,-0.24,0.07,-0.21,0.22,9.535,9.643,8.937,8.996,10.4,9.71,11.77,11.77,-0.002,-0.004,-0.003,0.0,0.02,-80.3064019,26.9209508,777.25
-10.2,3.7,0.0,-0.0,-0.03,-0.04,-0.11,-0.01,-0.34,-0.21,0.23,9.496,9.663,8.917,9.006,10.4,9.81,11.77,11.28,-0.002,-0.004,-0.003,0.0,0.02,-80.3064019,26.9209507,777.3
-10.3,3.7,0.0,-0.0,-0.03,-0.02,-0.17,0.03,0.27,-0.23,0.23,9.506,9.653,8.947,8.976,10.5,9.71,11.58,11.48,-0.002,-0.004,-0.003,0.0,0.02,-80.3064019,26.9209508,777.35
-10.2,3.7,0.0,0.0,-0.02,-0.06,-0.14,0.17,-0.15,-0.21,0.23,9.486,9.682,8.927,9.006,10.3,9.61,11.67,11.38,-0.002,-0.004,-0.003,0.0,0.02,-80.3064019,26.9209507,777.4
-10.2,3.7,0.0,0.0,-0.05,-0.03,0.18,0.22,-0.42,-0.21,0.23,9.516,9.663,8.966,9.045,10.3,9.91,11.48,11.48,-0.002,-0.004,-0.003,0.0,0.02,-80.3064019,26.9209507,777.45
-10.2,3.7,0.0,0.0,-0.03,-0.04,0.01,0.07,-0.4,-0.22,0.23,9.526,9.673,8.937,9.015,10.2,9.81,11.77,11.38,-0.002,-0.004,-0.003,0.0,0.02,-80.3064019,26.9209507,777.5
-10.2,3.7,0.0,0.0,-0.05,-0.03,0.18,-0.0,0.36,-0.21,0.24,9.496,9.663,8.927,9.035,10.2,9.81,11.87,11.48,-0.002,-0.004,-0.003,0.0,0.02,-80.3064019,26.9209507,777.55
-10.2,3.7,0.0,0.0,-0.03,-0.05,-0.04,-0.19,-0.31,-0.21,0.25,9.506,9.663,8.937,9.015,10.2,10.01,11.58,11.58,-0.002,-0.004,-0.003,0.0,0.02,-80.3064019,26.9209507,777.6
-10.2,3.7,0.0,0.0,-0.02,-0.04,-0.09,-0.11,0.15,-0.22,0.24,9.496,9.682,8.966,9.045,10.3,9.91,11.87,11.18,-0.002,-0.004,-0.003,0.0,0.02,-80.3064019,26.9209507,777.65
-10.2,3.7,0.0,0.0,-0.04,-0.05,0.28,0.22,-0.32,-0.21,0.23,9.476,9.653,8.947,9.006,10.2,9.71,11.77,11.38,-0.002,-0.004,-0.003,0.0,0.03,-80.3064019,26.9209507,777.7
-10.2,3.7,0.0,0.0,-0.06,-0.03,-0.03,-0.07,-0.18,-0.22,0.26,9.476,9.643,8.976,9.035,10.4,9.91,11.58,11.58,-0.002,-0.004,-0.003,0.0,0.03,-80.3064019,26.9209507,777.75
-10.2,3.7,0.0,0.0,-0.03,-0.05,0.05,0.21,0.23,-0.21,0.24,9.526,9.673,8.947,8.976,10.5,9.81,11.77,11.28,-0.002,-0.004,-0.003,0.0,0.03,-80.3064019,26.9209507,777.8
-10.2,3.7,0.0,0.0,-0.06,-0.04,0.29,0.06,-0.27,-0.22,0.23,9.506,9.633,8.966,9.006,10.5,9.91,11.58,11.38,-0.002,-0.004,-0.003,0.0,0.03,-80.3064019,26.9209507,777.85
-10.2,3.7,0.0,0.01,-0.04,-0.05,-0.09,0.04,-0.34,-0.23,0.24,9.496,9.633,8.927,8.986,10.3,9.61,12.07,11.58,-0.002,-0.004,-0.003,0.0,0.03,-80.3064019,26.9209507,777.9
-10.2,3.7,0.0,0.01,-0.03,-0.05,-0.28,0.34,0.53,-0.21,0.24,9.526,9.682,8.976,9.045,10.1,9.61,11.87,11.48,-0.002,-0.004,-0.003,0.0,0.03,-80.3064019,26.9209507,777.95
-10.2,3.7,0.0,0.01,-0.03,-0.03,0.13,-0.12,0.05,-0.21,0.24,9.506,9.682,8.937,9.015,10.4,9.71,11.67,11.28,-0.002,-0.004,-0.003,0.0,0.03,-80.3064019,26.9209507,778.0
-10.2,3.7,0.0,0.01,-0.05,-0.02,-0.12,-0.14,-0.23,-0.22,0.24,9.486,9.663,8.937,9.025,10.1,9.61,11.67,11.58,-0.002,-0.004,-0.003,0.0,0.03,-80.3064019,26.9209507,778.05
-10.2,3.7,0.0,0.01,-0.03,-0.05,0.21,0.25,-0.36,-0.21,0.24,9.526,9.663,8.966,9.035,10.1,9.81,11.38,11.28,-0.002,-0.004,-0.003,0.0,0.03,-80.3064019,26.9209507,778.1
-10.2,3.7,0.0,0.01,-0.03,-0.05,0.01,0.25,-0.07,-0.21,0.24,9.526,9.692,8.976,8.996,10.5,9.52,11.77,11.38,-0.002,-0.004,-0.003,0.0,0.03,-80.3064019,26.9209507,778.15
-10.2,3.7,0.0,0.01,-0.04,-0.02,-0.13,-0.14,0.28,-0.22,0.24,9.476,9.663,8.927,8.996,10.4,9.81,11.67,11.18,-0.002,-0.004,-0.003,0.0,0.03,-80.3064019,26.9209507,778.2
-10.2,3.7,0.0,0.01,-0.04,-0.05,0.07,0.03,-0.04,-0.21,0.24,9.506,9.663,8.927,9.006,10.4,9.91,11.87,11.67,-0.002,-0.004,-0.003,0.0,0.04,-80.3064019,26.9209507,778.25
-10.3,3.7,0.0,0.01,-0.04,-0.04,0.18,0.02,0.12,-0.21,0.23,9.506,9.673,8.937,9.015,10.59,9.71,11.58,11.58,-0.002,-0.004,-0.003,0.0,0.04,-80.3064019,26.9209507,778.3
-10.2,3.7,0.0,0.01,-0.05,-0.04,0.1,0.2,0.09,-0.21,0.24,9.526,9.643,8.976,9.006,10.2,9.71,11.87,11.38,-0.002,-0.004,-0.003,0.0,0.04,-80.3064019,26.9209507,778.35
-10.2,3.7,0.0,0.01,-0.04,-0.05,-0.17,-0.12,-0.26,-0.22,0.23,9.496,9.653,8.947,9.015,10.2,9.81,11.87,11.67,-0.002,-0.004,-0.003,0.0,0.04,-80.3064019,26.9209507,778.4
-10.3,3.7,0.0,0.01,-0.03,-0.04,0.15,-0.01,0.36,-0.22,0.24,9.496,9.653,8.907,8.976,10.1,9.61,11.87,11.48,-0.002,-0.004,-0.003,0.0,0.04,-80.3064019,26.9209507,778.45
-10.2,3.7,0.0,0.01,-0.06,-0.01,0.21,0.06,-0.24,-0.21,0.23,9.496,9.673,8.957,9.035,10.01,9.91,11.77,11.48,-0.002,-0.004,-0.003,0.0,0.04,-80.3064019,26.9209507,778.5
-10.2,3.7,0.0,0.01,0.0,-0.09,0.28,-0.06,0.43,-0.22,0.24,9.506,9.643,8.976,9.045,10.4,9.71,11.97,11.77,-0.002,-0.004,-0.003,0.0,0.04,-80.3064019,26.9209507,778.55
-10.2,3.7,0.0,0.01,0.02,-0.11,-0.13,-0.22,0.05,-0.22,0.24,9.486,9.653,8.937,8.996,10.59,9.71,11.87,11.38,-0.002,-0.004,-0.003,0.0,0.04,-80.3064019,26.9209507,778.6
-10.2,3.7,0.0,0.01,-0.06,-0.02,0.11,-0.03,-0.13,-0.22,0.24,9.496,9.673,8.976,9.035,10.69,9.71,11.38,11.28,-0.002,-0.004,-0.003,0.0,0.04,-80.3064019,26.9209507,778.65
-10.2,3.7,0.0,0.01,-0.02,-0.04,-0.17,0.3,0.25,-0.22,0.24,9.516,9.663,8.976,9.025,10.3,9.61,12.26,11.48,-0.002,-0.004,-0.003,0.0,0.04,-80.3064019,26.9209507,778.7
-10.2,3.7,0.0,0.02,-0.04,-0.03,-0.22,0.41,-0.06,-0.21,0.23,9.486,9.633,8.937,9.006,10.4,9.71,11.97,11.58,-0.002,-0.004,-0.003,0.0,0.05,-80.3064019,26.9209507,778.75
-10.2,3.7,0.0,0.02,-0.04,-0.04,-0.08,-0.31,0.34,-0.22,0.24,9.476,9.673,8.927,9.015,10.2,9.61,11.67,11.38,-0.002,-0.004,-0.003,0.0,0.05,-80.3064019,26.9209507,778.8
-10.1,3.7,0.0,0.02,-0.03,-0.03,0.12,-0.09,0.01,-0.22,0.22,9.516,9.663,8.947,9.035,10.4,9.61,11.77,11.48,-0.002,-0.004,-0.003,0.0,0.05,-80.3064019,26.9209506,778.85
-10.2,3.7,0.0,0.02,-0.03,-0.03,-0.08,-0.18,0.41,-0.22,0.24,9.496,9.663,8.937,9.035,10.3,9.81,11.77,11.28,-0.002,-0.004,-0.003,0.0,0.05,-80.3064019,26.9209506,778.9
-10.2,3.7,0.0,0.02,-0.04,-0.02,-0.13,-0.14,0.13,-0.22,0.24,9.496,9.633,8.976,9.006,10.3,9.71,11.67,11.58,-0.002,-0.004,-0.003,0.0,0.05,-80.3064019,26.9209506,778.95
-10.2,3.7,0.0,0.02,-0.02,-0.03,-0.01,-0.3,0.19,-0.22,0.24,9.496,9.682,8.937,9.015,10.5,9.81,11.77,11.38,-0.002,-0.004,-0.003,0.0,0.05,-80.3064019,26.9209506,779.0
-10.2,3.7,0.0,0.02,-0.04,-0.03,0.34,0.01,0.12,-0.22,0.24,9.526,9.682,8.957,9.035,10.3,9.61,11.97,11.28,-0.002,-0.004,-0.003,0.0,0.05,-80.3064019,26.9209506,779.05
-10.2,3.7,0.0,0.02,-0.04,-0.03,0.21,-0.28,0.14,-0.22,0.24,9.486,9.663,8.947,8.996,10.2,10.01,11.87,11.48,-0.002,-0.004,-0.003,0.0,0.05,-80.3064019,26.9209506,779.1
-10.2,3.7,0.0,0.02,-0.03,-0.05,-0.04,0.43,0.27,-0.22,0.24,9.467,9.643,8.966,9.025,10.3,9.71,11.67,11.58,-0.002,-0.004,-0.003,0.0,0.05,-80.3064019,26.9209506,779.15
-10.2,3.7,0.0,0.02,-0.04,-0.04,-0.1,-0.16,-0.17,-0.22,0.23,9.516,9.682,8.966,9.015,10.3,9.71,11.67,11.28,-0.002,-0.004,-0.003,0.0,0.05,-80.3064019,26.9209506,779.2
-10.2,3.7,0.0,-0.01,-0.03,-0.03,0.06,-0.23,0.08,-0.22,0.24,9.506,9.643,8.937,9.025,10.2,9.71,11.48,11.48,-0.002,-0.004,-0.003,0.0,0.01,-80.3064019,26.9209506,779.25
-10.2,3.7,0.0,-0.01,-0.03,-0.04,0.2,0.02,0.4,-0.22,0.24,9.476,9.663,8.947,8.996,10.5,9.81,11.87,11.38,-0.002,-0.004,-0.003,0.0,0.01,-80.3064019,26.9209506,779.3
-10.2,3.7,0.0,-0.01,-0.04,-0.04,-0.14,0.27,-0.06,-0.22,0.24,9.496,9.673,8.947,9.006,10.59,9.71,11.77,11.58,-0.002,-0.004,-0.003,0.0,0.01,-80.3064019,26.9209506,779.35
-10.3,3.7,0.0,-0.01,-0.03,-0.05,0.18,0.25,0.08,-0.22,0.25,9.506,9.663,8.937,8.976,10.3,9.91,11.97,11.48,-0.002,-0.004,-0.003,0.0,0.01,-80.3064019,26.9209506,779.4
-10.2,3.7,0.0,-0.0,-0.05,-0.04,0.05,0.18,0.07,-0.22,0.25,9.516,9.663,8.957,9.015,10.2,9.91,11.87,11.38,-0.002,-0.004,-0.003,0.0,0.01,-80.3064019,26.9209506,779.45
-10.2,3.7,0.0,-0.0,-0.04,-0.05,0.27,-0.07,0.31,-0.23,0.28,9.506,9.653,8.907,8.986,10.4,9.71,11.77,11.38,-0.002,-0.004,-0.003,0.0,0.01,-80.3064019,26.9209506,779.5
-10.3,3.7,0.0,-0.0,-0.04,-0.04,0.01,-0.02,-0.06,-0.24,0.31,9.516,9.653,8.966,9.015,9.91,9.52,11.48,11.48,-0.002,-0.004,-0.003,0.0,0.01,-80.3064019,26.9209505,779.55
-10.3,3.7,0.0,-0.0,-0.03,-0.03,-0.16,0.45,-0.23,-0.25,0.34,9.516,9.633,8.907,8.996,10.3,9.81,11.87,11.38,-0.002,-0.004,-0.003,0.0,0.01,-80.3064019,26.9209505,779.6
-10.2,3.7,0.0,-0.0,-0.04,-0.03,-0.03,-0.16,0.21,-0.26,0.37,9.476,9.653,8.898,9.015,10.3,9.81,11.58,11.28,-0.002,-0.004,-0.003,0.0,0.01,-80.3064019,26.9209505,779.65
-10.2,3.7,0.0,0.0,-0.04,-0.03,-0.26,0.04,0.11,-0.27,0.4,9.496,9.624,8.947,9.015,10.2,10.1,11.58,11.58,-0.002,-0.004,-0.003,0.0,0.01,-80.3064019,26.9209505,779.7
-10.2,3.7,0.0,-0.01,-0.04,-0.05,0.02,0.04,-0.13,-0.27,0.43,9.526,9.682,8.937,9.025,10.5,9.71,11.67,11.48,-0.002,-0.004,-0.003,0.0,0.0,-80.3064019,26.9209505,779.75
-10.2,3.7,0.0,-0.01,-0.04,-0.06,0.25,0.01,-0.32,-0.22,0.24,9.486,9.663,8.927,8.986,10.2,9.71,11.58,11.58,-0.002,-0.004,-0.003,0.0,0.01,-80.3064019,26.9209505,779.8
-10.2,3.7,0.0,-0.01,-0.04,-0.03,-0.24,0.28,-0.28,-0.22,0.24,9.516,9.643,8.976,9.055,10.1,9.81,11.87,11.38,-0.002,-0.004,-0.003,0.0,0.0,-80.3064019,26.9209505,779.85
-10.2,3.7,0.0,-0.01,-0.04,-0.02,0.06,-0.33,0.04,-0.22,0.24,9.506,9.673,8.937,8.996,10.4,9.81,11.48,11.38,-0.002,-0.004,-0.003,0.0,0.0,-80.3064019,26.9209505,779.9
-10.2,3.7,0.0,-0.01,-0.03,-0.04,0.02,-0.43,-0.08,-0.21,0.24,9.496,9.673,8.947,9.025,10.5,9.91,11.87,11.58,-0.002,-0.004,-0.003,0.0,0.01,-80.3064019,26.9209505,779.95
-10.2,3.7,0.0,-0.01,-0.04,-0.04,0.13,-0.11,0.31,-0.2,0.24,9.496,9.643,8.937,9.025,10.2,9.71,11.38,11.38,-0.002,-0.004,-0.003,0.0,0.01,-80.3064019,26.9209505,780.0
-10.2,3.7,0.0,-0.0,-0.02,-0.05,-0.39,0.07,0.47,-0.22,0.25,9.486,9.633,8.947,9.015,10.2,9.91,11.77,11.58,-0.002,-0.004,-0.003,0.0,0.0,-80.3064019,26.9209505,780.05
-10.2,3.7,0.0,-0.01,-0.03,-0.04,-0.02,-0.12,0.18,-0.22,0.25,9.506,9.653,8.937,9.006,10.4,9.81,11.38,11.38,-0.002,-0.004,-0.003,0.0,0.01,-80.3064019,26.9209505,780.1
-10.2,3.7,0.0,-0.01,-0.04,-0.03,0.11,-0.09,-0.13,-0.22,0.24,9.496,9.663,8.957,9.025,10.59,9.81,11.38,11.58,-0.002,-0.004,-0.003,0.0,0.01,-80.3064019,26.9209505,780.15
-10.2,3.7,0.0,-0.0,-0.03,-0.05,-0.09,-0.0,0.2,-0.22,0.26,9.467,9.682,8.927,9.006,10.2,9.71,11.58,11.58,-0.002,-0.004,-0.003,0.0,0.0,-80.3064019,26.9209505,780.2
-10.3,3.7,0.0,-0.0,-0.05,-0.0,-0.05,0.03,-0.24,-0.22,0.24,9.506,9.643,8.947,8.996,10.01,9.61,11.87,11.38,-0.002,-0.004,-0.003,0.0,0.0,-80.3064019,26.9209505,780.25
-10.2,3.7,0.0,-0.0,-0.03,-0.06,0.1,0.19,0.03,-0.22,0.25,9.486,9.673,8.937,9.045,10.5,9.42,11.77,11.28,-0.002,-0.004,-0.003,0.0,0.0,-80.3064019,26.9209504,780.3
-10.2,3.7,0.0,0.0,-0.06,-0.05,0.11,0.21,-0.0,-0.22,0.25,9.506,9.663,8.927,8.966,10.3,9.61,11.58,11.28,-0.002,-0.004,-0.003,0.0,-0.0,-80.3064019,26.9209504,780.35
-10.2,3.7,0.0,-0.0,-0.03,-0.06,0.06,-0.02,-0.15,-0.22,0.24,9.496,9.663,8.957,9.006,10.2,10.1,11.77,11.38,-0.002,-0.004,-0.003,0.0,-0.0,-80.3064019,26.9209504,780.4
-10.2,3.7,0.0,-0.0,-0.04,-0.04,0.1,-0.06,-0.22,-0.22,0.24,9.506,9.663,8.947,9.025,10.3,9.71,11.67,11.58,-0.002,-0.004,-0.003,0.0,-0.0,-80.3064019,26.9209504,780.45
-10.3,3.7,0.0,0.0,-0.04,-0.02,-0.03,0.26,-0.17,-0.21,0.26,9.516,9.673,8.947,8.986,10.4,9.71,11.87,11.67,-0.002,-0.004,-0.003,0.0,-0.0,-80.3064019,26.9209504,780.5
-10.2,3.7,0.0,0.0,-0.03,-0.03,-0.14,-0.37,0.16,-0.22,0.25,9.476,9.663,8.937,9.006,10.3,9.81,11.77,11.77,-0.002,-0.004,-0.003,0.0,-0.0,-80.3064019,26.9209504,780.55
-10.3,3.7,0.0,0.0,-0.0,-0.08,0.09,-0.04,-0.25,-0.21,0.27,9.506,9.624,8.976,9.045,10.4,9.71,11.77,11.48,-0.002,-0.004,-0.003,0.0,-0.0,-80.3064019,26.9209504,780.6
-10.2,3.7,0.0,0.0,-0.01,-0.08,0.23,-0.31,-0.23,-0.19,0.28,9.506,9.663,8.898,9.015,10.4,9.52,11.67,11.58,-0.002,-0.004,-0.003,0.0,-0.01,-80.3064019,26.9209504,780.65
-10.2,3.7,0.0,0.0,-0.04,-0.04,-0.02,0.29,-0.0,-0.18,0.29,9.506,9.663,8.927,9.015,10.01,9.91,11.58,11.38,-0.002,-0.004,-0.003,0.0,-0.01,-80.3064019,26.9209504,780.7
-10.2,3.7,0.0,0.0,-0.04,-0.02,-0.09,-0.01,-0.04,-0.16,0.3,9.496,9.663,8.947,9.006,10.2,9.71,11.67,11.58,-0.002,-0.004,-0.003,0.0,-0.01,-80.3064019,26.9209504,780.75
-10.2,3.7,0.0,0.0,-0.02,-0.03,-0.12,-0.11,0.19,-0.15,0.32,9.516,9.673,8.917,9.015,10.1,9.91,11.87,11.38,-0.002,-0.004,-0.003,0.0,-0.01,-80.3064019,26.9209504,780.8
-10.2,3.7,0.0,0.0,-0.03,-0.04,0.27,0.42,0.22,-0.13,0.33,9.496,9.643,8.966,9.025,10.1,9.71,11.77,11.28,-0.002,-0.004,-0.003,0.0,-0.01,-80.3064019,26.9209504,780.85
-10.2,3.7,0.0,0.0,-0.03,-0.04,-0.08,-0.1,-0.19,-0.12,0.34,9.476,9.653,8.947,9.045,10.1,9.71,11.77,11.58,-0.002,-0.004,-0.003,0.0,-0.01,-80.3064019,26.9209504,780.9
-10.2,3.7,0.0,0.0,-0.02,-0.04,-0.04,0.04,0.47,-0.22,0.24,9.545,9.673,8.986,9.025,10.5,9.52,11.87,11.38,-0.002,-0.004,-0.003,0.0,-0.01,-80.3064019,26.9209504,780.95
-10.2,3.7,0.0,0.0,-0.04,-0.03,-0.07,-0.03,0.01,-0.21,0.22,9.496,9.673,8.947,9.035,10.3,9.61,11.77,11.28,-0.002,-0.004,-0.003,0.0,-0.01,-80.3064019,26.9209504,781.0
-10.2,3.7,0.0,0.0,-0.05,-0.04,0.1,0.07,-0.15,-0.2,0.2,9.467,9.663,8.957,9.006,10.59,9.71,11.77,11.38,-0.002,-0.004,-0.003,0.0,-0.01,-80.3064019,26.9209504,781.05
-10.2,3.7,0.0,0.0,-0.04,-0.03,0.26,-0.16,-0.09,-0.19,0.18,9.516,9.663,8.937,9.025,10.59,9.91,11.77,11.48,-0.002,-0.004,-0.003,0.0,-0.01,-80.3064019,26.9209504,781.1
-10.2,3.7,0.0,0.0,-0.03,-0.05,-0.41,0.07,0.15,-0.22,0.25,9.516,9.673,8.996,9.045,10.3,9.71,11.48,11.18,-0.002,-0.004,-0.003,0.0,-0.02,-80.3064019,26.9209504,781.15
-10.2,3.7,0.0,0.0,-0.04,-0.05,0.06,-0.08,-0.09,-0.22,0.26,9.516,9.663,8.947,9.025,10.2,9.91,11.87,11.38,-0.002,-0.004,-0.003,0.0,-0.01,-80.3064019,26.9209504,781.2
-10.2,3.7,0.0,0.0,-0.05,-0.04,0.22,0.2,-0.37,-0.22,0.25,9.506,9.673,8.976,9.025,10.4,9.81,11.77,11.58,-0.002,-0.004,-0.003,0.0,-0.02,-80.3064019,26.9209504,781.25
-10.2,3.7,0.0,0.0,-0.04,-0.02,0.34,0.31,0.02,-0.22,0.25,9.496,9.682,8.947,9.045,10.4,9.91,11.77,11.28,-0.002,-0.004,-0.003,0.0,-0.02,-80.3064019,26.9209504,781.3
-10.2,3.7,0.0,0.0,-0.04,-0.03,-0.05,0.39,0.22,-0.21,0.25,9.516,9.692,8.917,9.006,10.1,9.71,11.67,11.58,-0.002,-0.004,-0.003,0.0,-0.02,-80.3064019,26.9209504,781.35
-10.2,3.7,0.0,0.01,-0.03,-0.05,-0.26,-0.04,0.17,-0.22,0.25,9.486,9.653,8.917,8.966,10.3,9.81,11.77,11.38,-0.002,-0.004,-0.003,0.0,-0.02,-80.3064019,26.9209504,781.4
-10.2,3.7,0.0,0.0,-0.08,0.01,-0.25,-0.05,-0.19,-0.22,0.25,9.486,9.663,8.966,9.045,10.2,9.91,11.77,11.48,-0.002,-0.004,-0.003,0.0,-0.0,-80.3064019,26.9209504,781.45
-10.3,3.7,0.0,0.0,-0.04,-0.01,-0.41,0.21,-0.1,-0.21,0.25,9.506,9.692,8.927,8.996,10.2,9.71,11.58,11.38,-0.002,-0.004,-0.003,0.0,-0.0,-80.3064019,26.9209504,781.5
-10.2,3.7,0.0,0.0,-0.04,-0.02,-0.39,-0.27,0.19,-0.22,0.26,9.486,9.673,8.966,9.015,10.2,9.91,11.77,11.77,-0.002,-0.004,-0.003,0.0,-0.0,-80.3064019,26.9209504,781.55
-10.2,3.7,0.0,-0.0,-0.04,-0.01,-0.05,-0.22,0.05,-0.22,0.26,9.496,9.633,8.917,8.966,10.3,9.81,11.67,11.38,-0.002,-0.004,-0.003,0.0,0.0,-80.306402,26.9209504,781.6
-10.2,3.7,0.0,0.0,-0.03,-0.06,-0.04,-0.13,-0.55,-0.21,0.26,9.506,9.712,8.947,9.035,10.5,9.81,11.67,11.67,-0.002,-0.004,-0.003,0.0,0.0,-80.306402,26.9209503,781.65
-10.2,3.7,0.0,-0.0,-0.02,-0.04,-0.07,-0.15,0.17,-0.22,0.26,9.526,9.692,8.976,9.035,10.3,9.81,11.87,11.38,-0.002,-0.004,-0.003,0.0,0.0,-80.306402,26.9209503,781.7
-10.2,3.7,0.0,0.0,-0.04,-0.02,-0.34,0.04,-0.24,-0.21,0.25,9.506,9.663,8.976,9.045,10.4,9.81,11.77,11.28,-0.002,-0.004,-0.003,0.0,-0.0,-80.306402,26.9209503,781.75
-10.3,3.7,0.0,-0.0,-0.04,-0.04,-0.03,0.49,0.11,-0.21,0.26,9.506,9.653,8.888,8.947,10.01,9.71,11.87,11.38,-0.002,-0.004,-0.003,0.0,-0.0,-80.306402,26.9209503,781.8
-10.2,3.7,0.0,-0.0,-0.04,-0.03,0.18,-0.04,0.14,-0.19,0.27,9.506,9.653,8.937,9.015,10.4,9.71,11.87,11.48,-0.002,-0.004,-0.003,0.0,0.0,-80.306402,26.9209503,781.85
-10.2,3.7,0.0,-0.0,-0.04,-0.05,-0.09,0.15,0.15,-0.16,0.27,9.506,9.673,8.957,9.074,10.4,9.71,11.87,11.38,-0.002,-0.004,-0.003,0.0,-0.0,-80.306402,26.9209503,781.9
-10.2,3.7,0.0,-0.0,-0.03,-0.05,-0.07,0.18,0.23,-0.14,0.28,9.535,9.663,8.937,8.976,10.01,9.71,11.87,11.28,-0.002,-0.004,-0.003,0.0,0.0,-80.306402,26.9209503,781.95
-10.2,3.7,0.0,0.01,-0.04,-0.05,0.05,0.19,0.15,-0.11,0.28,9.476,9.682,8.907,8.996,10.3,9.81,11.58,11.58,-0.002,-0.004,-0.003,0.0,-0.0,-80.306402,26.9209503,782.0
-10.2,3.7,0.0,0.0,-0.05,-0.01,0.0,-0.04,-0.48,-0.09,0.29,9.506,9.673,8.986,9.064,10.3,9.71,11.97,11.48,-0.002,-0.004,-0.003,0.0,-0.0,-80.306402,26.9209503,782.05
-10.2,3.7,0.0,0.0,-0.03,-0.02,-0.36,0.1,-0.33,-0.21,0.26,9.516,9.692,8.898,9.006,10.3,9.91,11.87,11.48,-0.002,-0.004,-0.003,0.0,0.0,-80.306402,26.9209503,782.1
-10.2,3.7,0.0,-0.0,-0.04,-0.04,0.05,0.25,-0.07,-0.22,0.25,9.496,9.663,8.976,9.015,10.3,9.61,11.58,11.28,-0.002,-0.004,-0.003,0.0,0.0,-80.306402,26.9209503,782.15
-10.2,3.7,0.0,0.0,-0.05,-0.07,0.09,-0.09,-0.09,-0.21,0.26,9.476,9.624,8.957,9.035,10.3,9.61,11.87,11.38,-0.002,-0.004,-0.003,0.0,-0.0,-80.306402,26.9209503,782.2
-10.2,3.7,0.0,0.01,-0.04,-0.06,0.09,0.13,0.01,-0.21,0.26,9.526,9.692,8.947,9.006,10.2,9.61,12.07,11.28,-0.002,-0.004,-0.003,0.0,-0.01,-80.306402,26.9209503,782.25
-10.2,3.7,0.0,0.01,-0.04,-0.02,-0.05,0.04,0.05,-0.21,0.26,9.496,9.633,8.937,8.976,10.1,9.81,11.58,11.48,-0.002,-0.004,-0.003,0.0,-0.01,-80.306402,26.9209503,782.3
-10.2,3.7,0.0,0.01,-0.04,-0.02,0.24,0.23,0.07,-0.22,0.26,9.457,9.624,8.947,9.055,10.1,10.01,11.97,11.38,-0.002,-0.004,-0.003,0.0,-0.0,-80.3064021,26.9209503,782.35
-10.3,3.7,0.0,0.01,-0.02,-0.05,-0.15,0.19,-0.12,-0.22,0.26,9.496,9.673,8.927,9.015,10.3,9.91,11.58,11.18,-0.002,-0.004,-0.003,0.0,-0.01,-80.3064021,26.9209503,782.4
-10.2,3.7,0.0,0.01,-0.04,-0.05,0.22,0.14,-0.19,-0.23,0.27,9.526,9.663,8.957,9.025,10.3,9.71,11.87,11.58,-0.002,-0.004,-0.003,0.0,-0.0,-80.3064021,26.9209503,782.45
-10.2,3.7,0.0,0.01,-0.03,-0.04,0.17,0.01,-0.16,-0.23,0.27,9.467,9.633,8.937,8.976,10.4,10.1,11.77,11.38,-0.002,-0.004,-0.003,0.0,-0.01,-80.3064021,26.9209503,782.5
-10.2,3.7,0.0,0.01,-0.05,-0.05,-0.04,0.2,-0.15,-0.24,0.27,9.486,9.663,8.917,9.006,10.2,9.81,12.07,11.58,-0.002,-0.004,-0.003,0.0,-0.0,-80.3064021,26.9209503,782.55
-10.3,3.7,0.0,0.01,-0.05,-0.02,0.05,0.16,0.36,-0.21,0.26,9.535,9.692,8.976,9.015,10.2,9.71,11.67,11.77,-0.002,-0.004,-0.003,0.0,-0.0,-80.3064021,26.9209503,782.6
-10.2,3.7,0.0,0.01,0.02,-0.11,-0.23,0.13,-0.41,-0.2,0.28,9.535,9.682,8.937,8.996,10.1,9.42,11.58,11.28,-0.002,-0.004,-0.003,0.0,-0.01,-80.3064021,26.9209503,782.65
-10.2,3.7,0.0,0.01,-0.07,-0.02,0.14,0.33,-0.4,-0.2,0.25,9.467,9.643,8.966,9.015,10.3,9.71,11.77,11.38,-0.002,-0.004,-0.003,0.0,-0.0,-80.3064021,26.9209503,782.7
-10.2,3.7,0.0,0.01,-0.03,-0.04,-0.18,0.1,-0.07,-0.22,0.25,9.506,9.673,8.976,9.045,10.4,9.81,11.67,11.58,-0.002,-0.004,-0.003,0.0,-0.0,-80.3064021,26.9209503,782.75
-10.2,3.7,0.0,0.01,-0.04,-0.02,-0.09,0.18,-0.44,-0.23,0.23,9.496,9.702,8.927,8.996,10.4,9.71,11.97,11.28,-0.002,-0.004,-0.003,0.0,-0.0,-80.3064021,26.9209503,782.8
-10.2,3.7,0.0,0.01,-0.03,-0.05,0.23,0.21,-0.08,-0.22,0.26,9.476,9.653,8.976,9.015,10.01,9.71,11.77,11.58,-0.002,-0.004,-0.003,0.0,-0.0,-80.3064021,26.9209503,782.85
-10.3,3.7,0.0,0.01,-0.03,-0.05,0.04,0.15,-0.29,-0.23,0.26,9.506,9.653,8.937,8.996,10.3,9.71,12.16,11.28,-0.002,-0.004,-0.003,0.0,-0.0,-80.3064021,26.9209503,782.9
-10.2,3.7,0.0,0.01,-0.05,-0.04,0.01,-0.14,-0.37,-0.26,0.27,9.516,9.673,8.917,8.966,10.1,9.81,11.58,11.58,-0.002,-0.004,-0.003,0.0,-0.0,-80.3064021,26.9209503,782.95
-10.2,3.7,0.0,0.01,-0.05,-0.03,0.01,-0.28,0.04,-0.28,0.27,9.496,9.643,8.986,9.055,10.2,9.71,12.16,11.38,-0.002,-0.004,-0.003,0.0,-0.0,-80.3064021,26.9209503,783.0
-10.2,3.7,0.0,0.01,-0.04,-0.04,-0.23,0.28,0.19,-0.2,0.26,9.506,9.673,8.957,9.035,10.5,9.81,11.67,11.67,-0.002,-0.004,-0.003,0.0,-0.0,-80.3064021,26.9209503,783.05
-10.2,3.7,0.0,0.01,-0.03,-0.02,-0.11,0.03,0.12,-0.21,0.26,9.496,9.692,8.927,8.976,10.4,9.91,11.77,11.48,-0.002,-0.004,-0.003,0.0,-0.0,-80.3064021,26.9209503,783.1
-10.2,3.7,0.0,0.01,-0.04,-0.04,0.12,-0.12,-0.16,-0.22,0.26,9.476,9.643,8.976,9.035,10.3,9.81,11.77,11.28,-0.002,-0.004,-0.003,0.0,-0.0,-80.3064021,26.9209503,783.15
-10.2,3.7,0.0,0.01,-0.03,-0.04,-0.14,0.11,0.14,-0.21,0.26,9.496,9.663,8.947,9.025,10.59,9.61,11.87,11.18,-0.002,-0.004,-0.003,0.0,-0.0,-80.3064021,26.9209503,783.2
-10.2,3.7,0.0,0.01,-0.02,-0.05,0.1,-0.36,0.07,-0.21,0.26,9.516,9.653,8.937,8.996,10.2,9.91,11.67,11.38,-0.002,-0.004,-0.003,0.0,0.0,-80.3064021,26.9209503,783.25
-10.2,3.7,0.0,0.01,-0.05,-0.04,0.25,0.05,0.43,-0.21,0.26,9.506,9.673,8.957,9.025,10.5,9.91,11.97,11.87,-0.002,-0.004,-0.003,0.0,0.0,-80.3064021,26.9209503,783.3
-10.2,3.7,0.0,0.01,-0.05,-0.04,0.25,-0.02,0.15,-0.2,0.26,9.496,9.673,8.947,9.015,10.2,9.81,11.58,11.28,-0.002,-0.004,-0.003,0.0,0.0,-80.3064021,26.9209503,783.35
-10.2,3.7,0.0,0.01,-0.04,-0.03,0.3,0.19,-0.11,-0.2,0.26,9.516,9.643,8.947,8.986,10.2,9.61,11.48,11.38,-0.002,-0.004,-0.003,0.0,0.0,-80.3064021,26.9209503,783.4
-10.2,3.7,0.0,0.01,-0.04,-0.03,-0.04,0.05,-0.02,-0.19,0.26,9.486,9.643,8.976,9.055,10.1,9.71,11.58,11.48,-0.002,-0.004,-0.003,0.0,0.0,-80.3064021,26.9209503,783.45
-10.2,3.7,0.0,0.01,-0.05,-0.05,0.27,0.21,0.04,-0.2,0.26,9.506,9.653,8.917,8.996,10.3,9.71,11.77,11.58,-0.002,-0.004,-0.003,0.0,0.0,-80.3064021,26.9209503,783.5
-10.2,3.7,0.0,0.01,-0.04,-0.04,0.01,0.03,0.03,-0.19,0.26,9.486,9.673,8.957,9.035,10.3,9.61,11.77,11.28,-0.002,-0.004,-0.003,0.0,0.0,-80.3064021,26.9209503,783.55
-10.2,3.7,0.0,0.01,-0.04,-0.05,0.03,-0.05,-0.14,-0.2,0.26,9.506,9.653,8.957,9.006,10.1,9.71,11.77,11.38,-0.002,-0.004,-0.003,0.0,0.0,-80.3064021,26.9209503,783.6
-10.2,3.7,0.0,0.01,-0.03,-0.03,-0.07,-0.12,0.24,-0.2,0.26,9.516,9.682,8.927,9.006,10.3,9.91,12.07,11.67,-0.002,-0.004,-0.003,0.0,0.0,-80.3064021,26.9209503,783.65
-10.3,3.7,0.0,0.02,-0.04,-0.02,-0.03,0.02,-0.32,-0.22,0.26,9.496,9.663,8.927,8.996,10.3,9.81,11.77,11.77,-0.002,-0.004,-0.003,0.0,0.0,-80.3064021,26.9209503,783.7
-10.2,3.7,0.0,0.02,-0.05,-0.05,-0.05,0.34,-0.17,-0.2,0.26,9.496,9.643,8.957,9.045,10.2,9.71,11.58,11.28,-0.002,-0.004,-0.003,0.0,0.0,-80.3064021,26.9209503,783.75
-10.2,3.7,0.0,0.02,-0.04,-0.05,-0.14,-0.29,-0.14,-0.21,0.26,9.535,9.682,8.927,9.006,10.4,9.91,11.77,11.28,-0.002,-0.004,-0.003,0.0,0.0,-80.3064021,26.9209503,783.8
-10.2,3.7,0.0,0.02,-0.05,-0.04,0.1,-0.06,0.03,-0.2,0.27,9.516,9.673,8.947,9.015,10.4,10.1,11.77,11.28,-0.002,-0.004,-0.003,0.0,0.01,-80.3064021,26.9209503,783.85
-10.3,3.7,0.0,0.02,-0.03,-0.02,0.22,-0.0,0.44,-0.2,0.26,9.496,9.633,8.947,9.006,10.5,9.91,11.97,11.28,-0.002,-0.004,-0.003,0.0,0.01,-80.3064021,26.9209503,783.9
-10.2,3.7,0.0,0.02,-0.04,-0.01,-0.04,-0.08,-0.1,-0.21,0.25,9.516,9.663,8.947,8.996,10.2,9.71,11.97,11.38,-0.002,-0.004,-0.003,0.0,0.01,-80.3064021,26.9209503,783.95
-10.2,3.7,0.0,0.02,-0.03,-0.04,0.04,0.07,-0.21,-0.23,0.25,9.506,9.663,8.947,9.045,10.2,9.71,11.67,11.38,-0.002,-0.004,-0.003,0.0,0.01,-80.3064021,26.9209503,784.0
-10.2,3.7,0.0,0.02,-0.05,-0.04,0.16,-0.13,0.07,-0.21,0.26,9.526,9.653,8.937,9.006,10.2,9.81,11.77,11.48,-0.002,-0.004,-0.003,0.0,0.01,-80.3064021,26.9209503,784.05
-10.2,3.7,0.0,0.02,-0.03,-0.06,-0.15,0.23,-0.28,-0.2,0.26,9.496,9.682,8.917,9.015,10.3,9.81,11.77,11.58,-0.002,-0.004,-0.003,0.0,0.01,-80.3064021,26.9209503,784.1
-10.2,3.7,0.0,0.02,-0.03,-0.02,0.06,-0.24,-0.17,-0.21,0.26,9.516,9.663,8.986,9.055,10.2,9.71,11.87,11.48,-0.002,-0.004,-0.003,0.0,0.01,-80.3064021,26.9209503,784.15
-10.2,3.7,0.0,0.02,-0.04,-0.01,-0.06,-0.24,0.02,-0.2,0.26,9.467,9.673,8.966,9.006,10.3,9.71,11.77,11.38,-0.002,-0.004,-0.003,0.0,0.01,-80.3064021,26.9209503,784.2
-10.2,3.7,0.0,0.02,-0.03,-0.04,0.1,0.04,0.12,-0.2,0.26,9.496,9.673,8.907,9.006,10.3,9.81,11.77,11.38,-0.002,-0.004,-0.003,0.0,0.01,-80.3064021,26.9209503,784.25
-10.2,3.7,0.0,0.02,-0.05,-0.03,0.13,0.18,-0.02,-0.2,0.26,9.496,9.653,8.947,9.025,10.4,9.61,11.87,11.38,-0.002,-0.004,-0.003,0.0,0.01,-80.3064021,26.9209503,784.3
-10.2,3.7,0.0,0.02,-0.03,-0.05,-0.38,-0.22,-0.07,-0.2,0.26,9.496,9.663,8.976,9.045,10.2,10.2,11.77,11.58,-0.002,-0.004,-0.003,0.0,0.01,-80.3064021,26.9209503,784.35
-10.2,3.7,0.0,0.02,-0.06,-0.04,-0.16,-0.26,0.14,-0.2,0.27,9.516,9.663,8.927,9.025,10.3,9.52,11.77,11.18,-0.002,-0.004,-0.003,0.0,0.01,-80.3064021,26.9209503,784.4
-10.2,3.7,0.0,0.02,-0.04,-0.03,0.16,0.26,-0.03,-0.2,0.26,9.486,9.633,8.966,9.035,10.3,9.71,11.58,11.38,-0.002,-0.004,-0.003,0.0,0.01,-80.3064021,26.9209503,784.45
-10.2,3.7,0.0,0.02,-0.05,-0.03,0.29,0.2,-0.09,-0.2,0.26,9.486,9.663,8.927,9.035,10.2,9.71,11.77,11.38,-0.002,-0.004,-0.003,0.0,0.01,-80.3064021,26.9209503,784.5
-10.2,3.7,0.0,0.02,-0.03,-0.05,-0.24,-0.04,-0.45,-0.2,0.26,9.506,9.673,8.957,9.025,10.4,9.91,11.87,11.28,-0.002,-0.004,-0.003,0.0,0.01,-80.3064021,26.9209503,784.55
-10.2,3.7,0.0,0.02,-0.05,-0.06,-0.12,0.04,0.48,-0.2,0.26,9.496,9.653,8.937,9.006,10.3,9.91,11.67,11.48,-0.002,-0.004,-0.003,0.0,0.01,-80.3064021,26.9209503,784.6
-10.2,3.7,0.0,0.02,-0.02,-0.05,0.01,-0.37,-0.16,-0.2,0.26,9.496,9.643,8.966,9.025,10.2,10.01,11.58,11.28,-0.002,-0.004,-0.003,0.0,0.01,-80.3064021,26.9209503,784.65
-10.2,3.7,0.0,0.02,-0.06,0.01,0.12,0.15,0.02,-0.21,0.26,9.496,9.673,8.957,9.006,10.3,9.71,11.77,11.38,-0.002,-0.004,-0.003,0.0,0.01,-80.3064022,26.9209503,784.7
-10.2,3.7,0.0,0.02,-0.03,-0.02,-0.07,0.12,-0.2,-0.2,0.26,9.516,9.663,8.947,9.006,10.3,9.61,11.58,11.18,-0.002,-0.004,-0.003,0.0,0.01,-80.3064022,26.9209503,784.75
-10.2,3.7,0.0,0.02,-0.05,-0.03,0.05,-0.04,-0.45,-0.2,0.26,9.506,9.663,8.937,9.006,10.5,9.81,11.97,11.38,-0.002,-0.004,-0.003,0.0,0.01,-80.3064022,26.9209503,784.8
-10.2,3.7,0.0,0.02,-0.04,-0.04,-0.21,0.03,0.21,-0.2,0.26,9.496,9.653,8.976,9.035,10.59,10.01,11.58,11.48,-0.002,-0.004,-0.003,0.0,0.01,-80.3064022,26.9209503,784.85
-10.2,3.7,0.0,0.02,-0.03,-0.04,-0.16,-0.01,0.38,-0.2,0.26,9.506,9.673,8.947,9.025,10.1,9.42,11.67,11.67,-0.002,-0.004,-0.003,0.0,0.01,-80.3064022,26.9209504,784.9
-10.2,3.7,0.0,0.02,-0.04,-0.03,0.1,-0.12,0.14,-0.22,0.25,9.496,9.653,8.957,9.045,10.5,9.71,11.77,11.09,-0.002,-0.004,-0.003,0.0,0.01,-80.3064022,26.9209504,784.95
-10.2,3.7,0.0,0.02,-0.03,-0.05,-0.05,0.22,-0.24,-0.23,0.23,9.496,9.663,8.937,8.996,10.3,9.91,11.77,11.28,-0.002,-0.004,-0.003,0.0,0.02,-80.3064022,26.9209504,785.0
-10.2,3.7,0.0,0.03,-0.04,-0.02,-0.07,-0.17,-0.26,-0.25,0.21,9.486,9.673,8.966,9.025,10.59,9.71,11.77,11.67,-0.002,-0.004,-0.003,0.0,0.01,-80.3064022,26.9209504,785.05
-10.2,3.7,0.0,0.03,-0.03,-0.04,0.17,0.1,0.34,-0.26,0.19,9.506,9.643,8.927,9.025,10.3,9.91,11.67,11.38,-0.002,-0.004,-0.003,0.0,0.02,-80.3064022,26.9209504,785.1
-10.2,3.7,0.0,0.03,-0.05,-0.03,0.14,-0.28,0.25,-0.28,0.17,9.476,9.673,8.917,8.996,10.4,9.81,12.07,11.28,-0.002,-0.004,-0.003,0.0,0.02,-80.3064022,26.9209504,785.15
-10.2,3.7,0.0,0.03,-0.02,-0.05,-0.04,-0.24,0.19,-0.29,0.16,9.526,9.663,8.927,9.006,10.5,9.91,11.77,11.38,-0.002,-0.004,-0.003,0.0,0.02,-80.3064022,26.9209504,785.2
-10.2,3.7,0.0,0.03,-0.04,-0.02,-0.12,0.06,0.11,-0.21,0.26,9.496,9.692,8.937,8.996,10.3,9.81,12.07,11.48,-0.002,-0.004,-0.003,0.0,0.02,-80.3064022,26.9209504,785.25
-10.2,3.7,0.0,0.03,-0.04,-0.03,0.29,-0.09,-0.35,-0.19,0.25,9.476,9.682,8.947,9.025,10.4,9.61,12.07,11.48,-0.002,-0.004,-0.003,0.0,0.02,-80.3064022,26.9209504,785.3
-10.2,3.7,0.0,0.03,-0.03,-0.02,0.02,-0.45,0.53,-0.21,0.26,9.496,9.673,8.976,9.035,9.91,9.91,11.48,11.38,-0.002,-0.004,-0.003,0.0,0.02,-80.3064022,26.9209504,785.35
-10.2,3.7,0.0,0.03,-0.02,-0.05,0.02,0.13,0.27,-0.2,0.25,9.496,9.663,8.966,9.025,10.4,9.81,11.97,11.48,-0.002,-0.004,-0.003,0.0,0.02,-80.3064022,26.9209504,785.4
-10.2,3.7,0.0,0.03,-0.02,-0.04,-0.01,-0.03,0.63,-0.21,0.26,9.526,9.663,8.957,9.006,10.2,9.61,11.87,11.48,-0.002,-0.004,-0.003,0.0,0.02,-80.3064022,26.9209504,785.45
-10.2,3.7,0.0,0.03,-0.03,-0.04,-0.15,-0.19,0.47,-0.21,0.26,9.486,9.653,8.947,8.996,10.2,9.91,11.87,11.28,-0.002,-0.004,-0.003,0.0,0.02,-80.3064022,26.9209504,785.5
-10.1,3.7,0.0,0.03,-0.03,-0.04,0.1,0.19,0.13,-0.2,0.26,9.506,9.682,8.957,9.006,10.4,9.71,12.07,11.48,-0.002,-0.004,-0.003,0.0,0.02,-80.3064022,26.9209504,785.55
-10.2,3.7,0.0,0.03,-0.04,-0.04,0.1,0.28,0.28,-0.22,0.28,9.506,9.663,8.917,9.015,10.3,9.71,11.77,11.48,-0.002,-0.004,-0.003,0.0,0.02,-80.3064022,26.9209504,785.6
-10.1,3.7,0.0,0.03,-0.04,-0.04,0.0,-0.1,0.04,-0.23,0.25,9.486,9.643,8.976,9.015,10.3,9.61,11.58,11.28,-0.002,-0.004,-0.003,0.0,0.02,-80.3064022,26.9209504,785.65
-10.2,3.7,0.0,0.03,-0.03,-0.03,-0.32,0.1,0.51,-0.22,0.25,9.506,9.663,8.927,8.996,10.2,9.81,11.67,11.48,-0.002,-0.004,-0.003,0.0,0.02,-80.3064022,26.9209504,785.7
-10.1,3.7,0.0,0.03,-0.04,-0.04,-0.1,-0.39,-0.11,-0.21,0.26,9.516,9.663,8.957,9.025,10.2,9.91,11.67,11.18,-0.002,-0.004,-0.003,0.0,0.02,-80.3064022,26.9209504,785.75
-10.2,3.7,0.0,0.03,-0.03,-0.03,-0.16,-0.25,0.14,-0.21,0.26,9.506,9.673,8.937,9.006,10.3,9.71,11.48,11.38,-0.002,-0.004,-0.003,0.0,0.02,-80.3064022,26.9209504,785.8
-10.2,3.7,0.0,0.03,-0.04,-0.04,0.39,0.05,0.17,-0.23,0.27,9.506,9.643,8.976,9.035,10.4,9.61,11.77,11.48,-0.002,-0.004,-0.003,0.0,0.02,-80.3064022,26.9209504,785.85
-10.2,3.7,0.0,0.03,-0.04,-0.04,0.04,0.09,-0.32,-0.22,0.25,9.486,9.673,8.907,9.035,10.4,9.61,11.87,11.77,-0.002,-0.004,-0.003,0.0,0.02,-80.3064022,26.9209504,785.9
-10.2,3.7,0.0,0.03,-0.04,-0.02,-0.17,-0.06,0.26,-0.22,0.24,9.526,9.663,8.976,9.025,10.3,9.52,11.67,11.38,-0.002,-0.004,-0.003,0.0,0.02,-80.3064022,26.9209504,785.95
-10.2,3.7,0.0,0.03,-0.03,-0.06,0.02,-0.28,-0.14,-0.21,0.26,9.496,9.692,8.947,9.025,10.4,9.61,11.87,11.28,-0.002,-0.004,-0.003,0.0,0.02,-80.3064022,26.9209504,786.0
-10.1,3.7,0.0,0.03,-0.05,-0.03,0.14,-0.31,0.36,-0.19,0.25,9.516,9.653,8.957,9.006,10.5,9.91,11.77,11.38,-0.002,-0.004,-0.003,0.0,0.02,-80.3064022,26.9209504,786.05
-10.2,3.7,0.0,0.03,-0.03,-0.06,0.22,0.1,-0.03,-0.18,0.25,9.506,9.663,8.937,9.006,10.4,9.71,11.87,11.38,-0.002,-0.004,-0.003,0.0,0.02,-80.3064022,26.9209504,786.1
-10.1,3.7,0.0,0.03,-0.03,-0.04,0.06,0.02,-0.06,-0.21,0.26,9.496,9.673,8.966,9.045,10.3,9.71,12.07,11.38,-0.002,-0.004,-0.003,0.0,0.02,-80.3064022,26.9209504,786.15
-10.2,3.7,0.0,0.03,-0.03,-0.02,-0.04,0.17,-0.1,-0.22,0.26,9.496,9.673,8.966,9.055,10.4,9.61,11.77,11.38,-0.002,-0.004,-0.003,0.0,0.02,-80.3064022,26.9209504,786.2
-10.2,3.7,0.0,0.03,-0.03,-0.0,-0.27,0.16,0.12,-0.24,0.25,9.506,9.663,8.927,8.986,10.2,9.71,11.58,11.58,-0.002,-0.004,-0.003,0.0,0.02,-80.3064022,26.9209504,786.25
-10.2,3.7,0.0,0.03,-0.04,-0.07,0.31,0.13,-0.38,-0.21,0.26,9.496,9.663,8.917,9.006,10.3,9.81,11.67,11.48,-0.002,-0.004,-0.003,0.0,0.03,-80.3064022,26.9209504,786.3
-10.2,3.7,0.0,0.03,-0.04,-0.04,0.28,-0.06,0.24,-0.21,0.27,9.506,9.643,8.927,8.996,10.2,9.81,12.07,11.38,-0.002,-0.004,-0.003,0.0,0.03,-80.3064022,26.9209504,786.35
-10.2,3.7,0.0,0.04,-0.04,-0.05,-0.09,-0.13,-0.22,-0.21,0.26,9.516,9.732,8.937,9.035,10.5,9.81,11.77,11.38,-0.002,-0.004,-0.003,0.0,0.03,-80.3064022,26.9209504,786.4
-10.2,3.7,0.0,0.03,-0.05,-0.02,0.22,0.18,0.4,-0.22,0.25,9.496,9.663,8.966,9.035,10.1,9.81,11.58,11.67,-0.002,-0.004,-0.003,0.0,0.03,-80.3064022,26.9209504,786.45
-10.2,3.7,0.0,0.04,-0.04,-0.02,0.07,-0.08,-0.09,-0.22,0.25,9.496,9.663,8.907,8.996,10.3,10.1,11.67,11.28,-0.002,-0.004,-0.003,0.0,0.03,-80.3064022,26.9209504,786.5
-10.1,3.7,0.0,0.04,-0.04,-0.03,0.12,-0.06,-0.21,-0.23,0.24,9.486,9.624,8.966,9.006,10.2,9.81,11.87,11.38,-0.002,-0.004,-0.003,0.0,0.03,-80.3064022,26.9209504,786.55
-10.2,3.7,0.0,0.04,-0.02,-0.07,-0.16,0.1,0.25,-0.21,0.27,9.506,9.682,8.957,9.006,10.01,9.81,11.58,11.38,-0.002,-0.004,-0.003,0.0,0.03,-80.3064022,26.9209504,786.6
-10.2,3.7,0.0,0.04,-0.05,-0.04,0.06,-0.22,-0.27,-0.21,0.26,9.516,9.643,8.976,9.006,10.4,9.91,11.48,11.48,-0.002,-0.004,-0.003,0.0,0.03,-80.3064022,26.9209504,786.65
-10.2,3.7,0.0,0.04,-0.02,-0.05,-0.01,-0.02,0.15,-0.21,0.26,9.486,9.643,8.907,9.015,10.1,9.81,11.97,11.18,-0.002,-0.004,-0.003,0.0,0.03,-80.3064022,26.9209504,786.7
-10.1,3.7,0.0,0.04,-0.11,0.07,0.21,0.14,-0.1,-0.21,0.25,9.496,9.653,8.996,9.055,10.2,9.71,11.67,11.48,-0.002,-0.004,-0.003,0.0,0.03,-80.3064022,26.9209504,786.75
-10.2,3.7,0.0,0.04,-0.07,0.02,0.14,0.27,0.24,-0.2,0.26,9.496,9.663,8.937,9.035,10.4,9.91,11.77,11.28,-0.002,-0.004,-0.003,0.0,0.03,-80.3064022,26.9209504,786.8
-10.1,3.7,0.0,0.04,-0.03,-0.05,-0.15,-0.09,-0.23,-0.22,0.25,9.516,9.643,8.966,9.035,10.2,9.81,11.77,11.28,-0.002,-0.004,-0.003,0.0,0.03,-80.3064022,26.9209504,786.85
-10.2,3.7,0.0,0.04,-0.04,-0.05,0.1,0.08,-0.27,-0.23,0.24,9.476,9.673,8.917,9.006,10.3,9.91,11.58,11.48,-0.002,-0.004,-0.003,0.0,0.03,-80.3064022,26.9209504,786.9
-10.1,3.7,0.0,0.04,-0.03,-0.05,-0.17,0.22,0.08,-0.2,0.26,9.516,9.673,8.976,9.035,10.4,9.71,11.87,11.58,-0.002,-0.004,-0.003,0.0,0.03,-80.3064022,26.9209504,786.95
-10.2,3.7,0.0,0.04,-0.04,-0.02,-0.06,-0.02,0.02,-0.21,0.26,9.506,9.643,8.937,8.966,10.4,9.91,12.07,11.38,-0.002,-0.004,-0.003,0.0,0.03,-80.3064022,26.9209504,787.0
-10.1,3.7,0.0,0.04,-0.05,-0.04,0.41,0.76,0.19,-0.2,0.26,9.486,9.653,8.927,9.035,10.2,10.01,11.38,11.38,-0.002,-0.004,-0.003,0.0,0.03,-80.3064022,26.9209505,787.05
-10.2,3.7,0.0,0.04,-0.02,-0.05,-0.04,-0.04,0.05,-0.23,0.26,9.506,9.673,8.957,9.015,10.5,9.71,11.77,11.48,-0.002,-0.004,-0.003,0.0,0.03,-80.3064022,26.9209505,787.1
-10.1,3.7,0.0,0.04,-0.04,-0.04,0.11,0.13,0.31,-0.26,0.26,9.506,9.692,8.947,9.015,10.59,9.71,11.77,11.38,-0.002,-0.004,-0.003,0.0,0.03,-80.3064022,26.9209505,787.15
-10.2,3.7,0.0,0.04,-0.04,-0.06,-0.03,0.02,-0.19,-0.21,0.27,9.486,9.653,8.937,9.015,10.3,9.71,11.87,11.28,-0.002,-0.004,-0.003,0.0,0.03,-80.3064022,26.9209505,787.2
-10.2,3.7,0.0,0.04,-0.04,-0.02,-0.16,0.25,-0.06,-0.22,0.3,9.496,9.663,8.917,9.025,10.01,9.71,11.48,11.38,-0.002,-0.004,-0.003,0.0,0.03,-80.3064022,26.9209505,787.25
-10.2,3.7,0.0,0.04,-0.03,-0.03,-0.04,0.13,-0.28,-0.21,0.25,9.506,9.673,8.947,9.025,10.2,9.61,11.58,11.48,-0.002,-0.004,-0.003,0.0,0.03,-80.3064022,26.9209505,787.3
-10.1,3.7,0.0,0.04,-0.04,-0.05,0.03,0.17,-0.44,-0.2,0.26,9.496,9.643,8.976,9.035,10.3,9.71,11.77,11.58,-0.002,-0.004,-0.003,0.0,0.03,-80.3064022,26.9209505,787.35
-10.2,3.7,0.0,0.04,-0.06,-0.03,-0.02,0.05,-0.14,-0.22,0.27,9.506,9.663,8.937,8.976,10.4,9.71,11.87,11.38,-0.002,-0.004,-0.003,0.0,0.03,-80.3064022,26.9209505,787.4
-10.1,3.7,0.0,0.04,-0.03,-0.06,0.04,-0.05,-0.24,-0.21,0.25,9.496,9.663,8.937,8.996,10.4,9.91,11.58,11.58,-0.002,-0.004,-0.003,0.0,0.04,-80.3064022,26.9209505,787.45
-10.2,3.7,0.0,0.04,-0.03,-0.05,0.4,0.17,0.12,-0.21,0.26,9.476,9.663,8.966,9.055,10.3,9.81,11.87,11.38,-0.002,-0.004,-0.003,0.0,0.04,-80.3064022,26.9209505,787.5
-10.2,3.7,0.0,0.04,-0.04,-0.02,-0.13,-0.22,-0.11,-0.22,0.27,9.535,9.673,8.937,8.996,10.4,9.91,11.77,11.58,-0.002,-0.004,-0.003,0.0,0.04,-80.3064022,26.9209505,787.55
-10.2,3.7,0.0,0.04,-0.04,-0.02,-0.07,-0.09,0.07,-0.23,0.26,9.496,9.663,8.927,8.976,10.4,10.01,11.77,11.28,-0.002,-0.004,-0.003,0.0,0.04,-80.3064022,26.9209505,787.6
-10.1,3.7,0.0,0.04,-0.03,-0.05,0.25,0.17,-0.0,-0.21,0.26,9.476,9.643,8.976,9.015,10.2,9.71,11.38,11.58,-0.002,-0.004,-0.003,0.0,0.04,-80.3064022,26.9209505,787.65
-10.2,3.7,0.0,0.04,-0.05,-0.05,0.22,0.15,-0.02,-0.22,0.26,9.516,9.682,8.966,9.035,10.3,9.91,11.87,11.28,-0.002,-0.004,-0.003,0.0,0.04,-80.3064022,26.9209505,787.7
-10.1,3.7,0.0,0.0,-0.03,-0.06,-0.03,0.03,0.04,-0.22,0.26,9.526,9.673,8.957,9.035,10.2,9.71,11.87,11.58,-0.002,-0.004,-0.003,0.0,-0.01,-80.3064022,26.9209505,787.75
-10.2,3.7,0.0,0.0,-0.05,-0.02,0.4,0.0,-0.03,-0.21,0.26,9.476,9.663,8.937,9.006,10.2,9.71,11.87,11.77,-0.002,-0.004,-0.003,0.0,-0.01,-80.3064022,26.9209505,787.8
-10.1,3.7,0.0,0.01,-0.04,-0.02,0.15,-0.03,-0.68,-0.21,0.25,9.476,9.663,8.947,9.025,10.1,9.81,11.87,11.38,-0.002,-0.004,-0.003,0.0,-0.0,-80.3064022,26.9209505,787.85
-10.2,3.7,0.0,0.01,-0.04,-0.03,0.01,-0.01,0.17,-0.21,0.27,9.486,9.663,8.937,9.025,10.4,10.01,11.77,11.28,-0.002,-0.004,-0.003,0.0,-0.0,-80.3064022,26.9209505,787.9
-10.2,3.7,0.0,0.01,-0.03,-0.06,0.17,-0.27,0.11,-0.21,0.26,9.496,9.663,8.957,8.966,10.3,9.71,11.87,11.67,-0.002,-0.004,-0.003,0.0,-0.0,-80.3064022,26.9209505,787.95
-10.2,3.7,0.0,0.0,-0.04,-0.06,-0.2,0.27,0.15,-0.21,0.26,9.516,9.663,8.927,9.006,10.4,9.71,11.58,11.38,-0.002,-0.004,-0.003,0.0,-0.01,-80.3064022,26.9209505,788.0
-10.1,3.7,0.0,0.0,-0.04,-0.03,0.15,0.4,-0.01,-0.2,0.26,9.506,9.663,8.957,9.006,10.3,9.81,11.77,11.38,-0.002,-0.004,-0.003,0.0,-0.01,-80.3064022,26.9209505,788.05
-10.2,3.7,0.0,0.0,-0.02,-0.02,-0.16,-0.39,-0.02,-0.21,0.25,9.506,9.673,8.927,9.055,10.4,9.91,11.77,11.28,-0.002,-0.004,-0.003,0.0,-0.02,-80.3064022,26.9209505,788.1
-10.1,3.7,0.0,0.01,-0.06,-0.02,0.33,0.06,0.15,-0.21,0.26,9.506,9.663,8.976,9.035,10.4,9.61,11.58,11.38,-0.002,-0.004,-0.003,0.0,-0.0,-80.3064022,26.9209505,788.15
-10.2,3.7,0.0,0.01,-0.04,-0.05,-0.02,-0.35,-0.25,-0.21,0.25,9.526,9.653,8.947,9.015,10.5,9.91,11.87,11.38,-0.002,-0.004,-0.003,0.0,-0.0,-80.3064022,26.9209505,788.2
-10.2,3.7,0.0,0.0,-0.05,-0.04,0.0,-0.05,-0.17,-0.2,0.27,9.535,9.663,8.957,9.006,10.3,9.71,11.97,11.58,-0.002,-0.004,-0.003,0.0,-0.01,-80.3064021,26.9209505,788.25
-10.2,3.7,0.0,0.0,-0.03,-0.06,0.31,-0.22,-0.14,-0.18,0.28,9.496,9.663,8.947,9.006,10.2,9.81,11.77,11.48,-0.002,-0.004,-0.003,0.0,-0.01,-80.3064022,26.9209505,788.3
-10.2,3.7,0.0,0.0,-0.04,-0.03,-0.05,0.08,0.06,-0.16,0.3,9.496,9.653,8.957,9.025,10.3,9.71,11.38,11.48,-0.002,-0.004,-0.003,0.0,-0.01,-80.3064021,26.9209505,788.35
-10.2,3.7,0.0,0.0,-0.04,-0.01,-0.34,-0.08,-0.22,-0.14,0.31,9.516,9.663,8.937,8.986,10.2,9.81,11.87,11.58,-0.002,-0.004,-0.003,0.0,-0.01,-80.3064021,26.9209505,788.4
-10.1,3.7,0.0,0.01,-0.03,-0.04,-0.17,0.04,-0.21,-0.12,0.32,9.516,9.673,8.937,8.996,10.3,9.52,11.87,11.28,-0.002,-0.004,-0.003,0.0,-0.0,-80.3064021,26.9209505,788.45
-10.2,3.7,0.0,0.0,-0.03,-0.06,0.04,0.08,0.18,-0.1,0.34,9.496,9.643,8.927,9.035,10.1,9.61,11.87,11.38,-0.002,-0.004,-0.003,0.0,-0.01,-80.3064021,26.9209505,788.5
-10.1,3.7,0.0,0.0,-0.05,-0.04,0.04,0.29,-0.12,-0.21,0.27,9.496,9.643,8.937,9.035,10.3,9.71,11.87,11.58,-0.002,-0.004,-0.003,0.0,-0.01,-80.3064021,26.9209505,788.55
-10.2,3.7,0.0,0.0,-0.02,-0.05,-0.27,-0.0,0.17,-0.21,0.29,9.496,9.682,8.947,8.976,10.4,9.81,11.58,11.09,-0.002,-0.004,-0.003,0.0,-0.01,-80.3064021,26.9209505,788.6
-10.2,3.7,0.0,0.0,-0.04,-0.02,-0.16,0.04,0.15,-0.22,0.25,9.516,9.653,8.947,9.025,10.5,9.32,11.58,11.38,-0.002,-0.004,-0.003,0.0,-0.01,-80.3064021,26.9209505,788.65
-10.2,3.7,0.0,-0.0,-0.04,-0.03,0.36,-0.36,0.15,-0.25,0.22,9.496,9.653,8.947,9.006,10.3,9.52,11.77,11.48,-0.002,-0.004,-0.003,0.0,-0.01,-80.3064021,26.9209505,788.7
-10.2,3.7,0.0,0.0,-0.02,-0.06,0.02,0.37,0.09,-0.28,0.2,9.516,9.682,8.937,9.025,10.59,9.61,11.87,11.38,-0.002,-0.004,-0.003,0.0,-0.01,-80.3064021,26.9209505,788.75
-10.2,3.7,0.0,0.01,-0.13,0.09,-0.14,0.12,0.1,-0.3,0.17,9.516,9.663,8.986,9.035,10.2,10.01,11.67,11.58,-0.002,-0.004,-0.003,0.0,-0.01,-80.3064021,26.9209505,788.8
-10.2,3.7,0.0,0.01,-0.06,-0.02,0.1,-0.4,0.18,-0.33,0.15,9.496,9.653,8.927,8.996,10.4,9.71,11.87,11.28,-0.002,-0.004,-0.003,0.0,-0.0,-80.3064021,26.9209505,788.85
-10.2,3.7,0.0,0.01,-0.03,-0.05,-0.05,0.15,-0.28,-0.35,0.12,9.486,9.633,8.917,9.006,10.2,9.71,11.77,11.18,-0.002,-0.004,-0.003,0.0,-0.0,-80.3064021,26.9209505,788.9
-10.1,3.7,0.0,0.01,-0.04,-0.03,0.12,0.11,-0.06,-0.22,0.28,9.506,9.653,9.006,9.045,10.4,9.61,11.58,11.28,-0.002,-0.004,-0.003,0.0,-0.0,-80.3064021,26.9209505,788.95
-10.2,3.7,0.0,0.01,-0.04,-0.05,-0.13,-0.14,-0.11,-0.21,0.26,9.545,9.663,8.917,9.006,10.3,9.61,11.87,11.58,-0.002,-0.004,-0.003,0.0,-0.0,-80.3064021,26.9209505,789.0
-10.2,3.7,0.0,0.01,-0.04,-0.05,-0.01,-0.38,-0.22,-0.21,0.25,9.506,9.643,8.937,9.006,10.4,9.81,11.77,11.28,-0.002,-0.004,-0.003,0.0,-0.0,-80.3064021,26.9209505,789.05
-10.2,3.7,0.0,0.01,-0.05,-0.01,-0.07,-0.12,-0.16,-0.21,0.25,9.476,9.682,8.937,8.996,10.2,9.52,11.77,11.58,-0.002,-0.004,-0.003,0.0,-0.0,-80.3064021,26.9209505,789.1
-10.2,3.7,0.0,0.01,-0.03,-0.04,0.09,-0.01,-0.16,-0.21,0.25,9.526,9.682,8.966,9.015,10.4,9.81,11.67,11.48,-0.002,-0.004,-0.003,0.0,-0.0,-80.3064021,26.9209505,789.15
-10.2,3.7,0.0,0.01,-0.03,-0.02,0.07,-0.06,-0.06,-0.21,0.25,9.516,9.673,8.966,9.015,10.4,10.01,11.77,11.38,-0.002,-0.004,-0.003,0.0,-0.0,-80.3064021,26.9209505,789.2
-10.2,3.7,0.0,0.01,-0.04,-0.04,-0.01,0.09,-0.26,-0.21,0.24,9.496,9.673,8.927,8.996,10.2,9.71,11.67,11.58,-0.002,-0.004,-0.003,0.0,-0.0,-80.3064021,26.9209505,789.25
-10.2,3.7,0.0,0.01,-0.03,-0.04,0.11,0.34,-0.18,-0.21,0.24,9.516,9.663,8.937,9.015,10.4,9.91,11.87,11.58,-0.002,-0.004,-0.003,0.0,-0.0,-80.3064021,26.9209505,789.3
-10.1,3.7,0.0,0.01,-0.04,-0.02,-0.15,-0.26,0.29,-0.21,0.26,9.496,9.663,8.937,9.025,10.3,9.81,11.67,11.38,-0.002,-0.004,-0.003,0.0,-0.0,-80.3064021,26.9209505,789.35
-10.2,3.7,0.0,0.01,-0.04,-0.05,0.28,0.32,0.19,-0.21,0.25,9.506,9.663,8.927,8.996,10.4,9.91,11.87,11.58,-0.002,-0.004,-0.003,0.0,0.0,-80.3064021,26.9209505,789.4
-10.1,3.7,0.0,0.02,-0.02,-0.05,-0.28,-0.02,0.01,-0.21,0.24,9.496,9.653,8.966,9.035,10.4,9.91,11.67,11.58,-0.002,-0.004,-0.003,0.0,-0.0,-80.3064021,26.9209505,789.45
-10.2,3.7,0.0,0.02,-0.04,-0.02,0.25,-0.21,0.2,-0.2,0.23,9.496,9.663,8.937,9.035,10.3,9.52,11.58,11.09,-0.002,-0.004,-0.003,0.0,0.0,-80.3064021,26.9209505,789.5
-10.1,3.7,0.0,0.02,-0.04,-0.04,-0.05,0.04,0.07,-0.2,0.22,9.496,9.653,8.976,9.035,10.3,9.61,11.87,11.38,-0.002,-0.004,-0.003,0.0,0.0,-80.3064021,26.9209505,789.55
-10.2,3.7,0.0,0.02,-0.04,-0.04,0.25,0.18,0.36,-0.2,0.22,9.506,9.673,8.917,8.996,10.1,9.61,11.87,11.38,-0.002,-0.004,-0.003,0.0,0.0,-80.306402,26.9209505,789.6
-10.1,3.7,0.0,0.02,-0.04,-0.03,-0.01,0.01,-0.36,-0.2,0.21,9.486,9.673,8.976,9.035,10.1,9.81,12.07,11.28,-0.002,-0.004,-0.003,0.0,0.0,-80.306402,26.9209505,789.65
-10.2,3.7,0.0,0.02,-0.02,-0.03,0.08,-0.08,0.34,-0.21,0.25,9.506,9.653,8.947,9.015,10.1,9.61,11.77,11.48,-0.002,-0.004,-0.003,0.0,0.0,-80.306402,26.9209505,789.7
-10.1,3.7,0.0,0.02,-0.05,-0.03,0.05,0.02,-0.1,-0.19,0.23,9.506,9.663,8.976,9.035,10.2,9.91,11.87,11.48,-0.002,-0.004,-0.003,0.0,0.0,-80.306402,26.9209505,789.75
-10.2,3.7,0.0,0.02,-0.04,-0.04,-0.22,-0.07,0.34,-0.17,0.2,9.496,9.624,8.937,9.015,10.3,9.91,11.77,11.48,-0.002,-0.004,-0.003,0.0,0.0,-80.306402,26.9209505,789.8
-10.2,3.7,0.0,0.02,-0.05,-0.03,-0.01,-0.11,-0.21,-0.15,0.18,9.486,9.673,8.937,8.976,10.1,9.91,11.77,11.28,-0.002,-0.004,-0.003,0.0,0.0,-80.306402,26.9209505,789.85
-10.2,3.7,0.0,0.02,-0.04,-0.04,0.25,-0.25,0.07,-0.13,0.16,9.506,9.663,8.937,9.015,10.4,9.71,11.58,11.28,-0.002,-0.004,-0.003,0.0,0.0,-80.306402,26.9209505,789.9
-10.1,3.7,0.0,0.02,-0.04,-0.03,0.05,-0.33,0.05,-0.22,0.25,9.496,9.663,8.976,9.035,10.5,9.91,11.58,11.67,-0.002,-0.004,-0.003,0.0,0.0,-80.306402,26.9209505,789.95
-10.2,3.7,0.0,0.02,-0.03,-0.03,-0.17,-0.06,0.18,-0.21,0.25,9.496,9.682,8.937,9.006,10.4,9.52,11.67,11.58,-0.002,-0.004,-0.003,0.0,0.0,-80.306402,26.9209505,790.0
-10.2,3.7,0.0,0.02,-0.04,-0.06,0.07,0.13,-0.3,-0.21,0.25,9.476,9.643,8.937,9.015,10.01,9.81,11.58,11.28,-0.002,-0.004,-0.003,0.0,0.01,-80.306402,26.9209505,790.05
-10.2,3.7,0.0,0.03,-0.06,-0.03,0.13,-0.1,0.15,-0.21,0.25,9.486,9.663,8.917,9.015,10.3,9.81,11.97,11.48,-0.002,-0.004,-0.003,0.0,0.0,-80.306402,26.9209505,790.1
-10.2,3.7,0.0,0.03,-0.01,-0.04,-0.08,-0.44,0.41,-0.22,0.25,9.476,9.673,8.927,9.006,10.2,9.71,11.87,11.28,-0.002,-0.004,-0.003,0.0,0.0,-80.306402,26.9209505,790.15
-10.2,3.7,0.0,0.03,-0.04,-0.02,0.12,0.12,0.15,-0.21,0.25,9.476,9.653,8.937,9.006,10.4,9.81,12.07,11.58,-0.002,-0.004,-0.003,0.0,0.01,-80.306402,26.9209505,790.2
-10.2,3.7,0.0,-0.0,-0.03,-0.04,-0.0,-0.14,0.04,-0.22,0.25,9.506,9.663,8.927,8.996,10.3,9.81,11.58,11.28,-0.002,-0.004,-0.003,0.0,0.0,-80.306402,26.9209505,790.25
-10.2,3.7,0.0,0.0,-0.04,-0.02,-0.22,-0.05,-0.36,-0.21,0.25,9.496,9.673,8.917,9.035,10.5,9.52,11.77,11.38,-0.002,-0.004,-0.003,0.0,-0.0,-80.306402,26.9209505,790.3
-10.1,3.7,0.0,0.0,-0.03,-0.03,-0.16,-0.1,-0.1,-0.21,0.25,9.506,9.663,8.976,9.074,10.4,9.81,11.97,11.38,-0.002,-0.004,-0.003,0.0,0.0,-80.306402,26.9209505,790.35
-10.2,3.7,0.0,0.0,-0.02,-0.02,-0.41,-0.42,-0.2,-0.22,0.25,9.496,9.643,8.927,8.996,10.5,9.61,11.58,11.77,-0.002,-0.004,-0.003,0.0,-0.0,-80.306402,26.9209505,790.4
-10.2,3.7,0.0,-0.0,-0.06,-0.04,0.31,-0.06,-0.21,-0.21,0.26,9.496,9.673,8.927,9.015,10.59,9.61,11.38,11.18,-0.002,-0.004,-0.003,0.0,0.0,-80.306402,26.9209505,790.45
-10.2,3.7,0.0,0.0,-0.03,-0.05,-0.01,0.33,0.06,-0.21,0.25,9.496,9.663,8.957,9.025,10.4,9.81,12.07,11.58,-0.002,-0.004,-0.003,0.0,0.0,-80.306402,26.9209505,790.5
-10.2,3.7,0.0,0.0,-0.05,-0.04,0.23,-0.06,0.62,-0.21,0.25,9.506,9.673,8.947,9.035,10.2,9.81,11.58,11.58,-0.002,-0.004,-0.003,0.0,0.0,-80.306402,26.9209505,790.55
-10.2,3.7,0.0,0.0,-0.04,-0.07,0.11,0.21,0.06,-0.22,0.25,9.496,9.643,8.947,9.006,10.1,9.61,11.58,11.58,-0.002,-0.004,-0.003,0.0,0.0,-80.3064019,26.9209505,790.6
-10.1,3.7,0.0,0.0,-0.04,-0.03,0.13,0.24,0.09,-0.23,0.27,9.496,9.663,8.976,9.045,10.3,9.81,11.77,11.58,-0.002,-0.004,-0.003,0.0,0.0,-80.3064019,26.9209505,790.65
-10.2,3.7,0.0,0.0,-0.04,-0.04,0.18,-0.06,0.11,-0.21,0.25,9.506,9.692,8.957,9.035,10.4,9.91,12.07,11.28,-0.002,-0.004,-0.003,0.0,0.0,-80.3064019,26.9209505,790.7
-10.1,3.7,0.0,0.0,-0.05,-0.03,-0.06,-0.05,-0.09,-0.21,0.26,9.496,9.663,8.986,9.064,10.3,9.71,11.97,11.58,-0.002,-0.004,-0.003,0.0,0.0,-80.3064019,26.9209505,790.75
-10.2,3.7,0.0,0.0,-0.04,-0.05,0.03,0.36,0.19,-0.21,0.25,9.486,9.653,8.927,9.015,10.3,9.71,11.77,11.38,-0.002,-0.004,-0.003,0.0,0.01,-80.3064019,26.9209505,790.8
-10.2,3.7,0.0,0.0,-0.04,-0.06,0.05,-0.03,0.02,-0.21,0.24,9.496,9.673,8.917,9.006,10.5,9.52,11.87,11.28,-0.002,-0.004,-0.003,0.0,0.0,-80.3064019,26.9209505,790.85
-10.2,3.7,0.0,0.0,-0.07,-0.02,-0.11,0.01,0.12,-0.21,0.24,9.496,9.682,8.937,9.015,10.3,9.91,11.58,11.58,-0.002,-0.004,-0.003,0.0,0.01,-80.3064019,26.9209505,790.9
-10.2,3.7,0.0,0.0,-0.06,-0.02,-0.01,-0.1,0.04,-0.21,0.26,9.496,9.663,8.966,9.006,10.3,10.01,11.58,11.28,-0.002,-0.004,-0.003,0.0,0.01,-80.3064019,26.9209505,790.95
-10.2,3.7,0.0,0.0,-0.04,-0.02,0.08,0.0,-0.18,-0.22,0.25,9.496,9.673,8.907,9.015,10.2,9.71,11.97,11.38,-0.002,-0.004,-0.003,0.0,0.01,-80.3064019,26.9209505,791.0
-10.2,3.7,0.0,0.0,-0.05,-0.03,0.01,-0.27,-0.02,-0.22,0.25,9.506,9.653,8.966,9.035,10.3,9.71,11.58,11.67,-0.002,-0.004,-0.003,0.0,0.01,-80.3064019,26.9209505,791.05
-10.2,3.7,0.0,0.0,-0.04,-0.06,0.05,0.06,-0.31,-0.24,0.25,9.496,9.673,8.947,8.986,10.59,9.91,11.87,11.38,-0.002,-0.004,-0.003,0.0,0.01,-80.3064019,26.9209505,791.1
-10.2,3.7,0.0,0.0,-0.04,-0.04,0.38,0.1,-0.0,-0.25,0.25,9.496,9.663,8.966,9.006,10.4,9.81,11.97,11.38,-0.002,-0.004,-0.003,0.0,0.01,-80.3064019,26.9209505,791.15
-10.2,3.7,0.0,0.0,-0.02,-0.04,-0.18,-0.1,0.15,-0.24,0.26,9.486,9.653,8.898,9.006,10.5,9.81,11.67,11.38,-0.002,-0.004,-0.003,0.0,0.01,-80.3064019,26.9209505,791.2
-10.2,3.7,0.0,0.0,-0.02,-0.06,0.2,0.05,0.24,-0.26,0.27,9.535,9.732,8.976,9.084,10.59,9.81,11.67,11.18,-0.002,-0.004,-0.003,0.0,0.01,-80.3064019,26.9209505,791.25
-10.2,3.7,0.0,0.0,-0.01,-0.05,-0.25,-0.69,0.34,-0.25,0.25,9.526,9.722,8.937,9.035,10.4,9.71,11.58,10.99,-0.002,-0.004,-0.003,0.0,0.01,-80.3064019,26.9209505,791.3
-10.2,3.7,0.0,0.0,-0.02,-0.01,0.05,-0.52,-0.03,-0.27,0.25,9.506,9.614,8.947,8.927,10.59,9.81,11.87,11.38,-0.002,-0.004,-0.003,0.0,0.0,-80.3064019,26.9209505,791.35
-10.3,3.7,0.0,0.0,-0.04,-0.01,-0.03,-0.17,-0.51,-0.27,0.25,9.427,9.555,8.878,8.917,10.2,9.61,11.77,11.09,-0.002,-0.003,-0.003,0.0,0.0,-80.3064019,26.9209505,791.4
-10.2,3.7,0.0,0.0,-0.06,-0.09,0.01,0.09,-0.47,-0.26,0.25,9.467,9.663,8.957,9.035,10.3,9.81,11.77,11.18,-0.002,-0.003,-0.003,0.0,0.0,-80.3064019,26.9209505,791.45
-10.2,3.7,0.0,0.0,-0.05,-0.06,0.06,-0.38,-0.16,-0.27,0.25,9.565,9.732,9.015,9.074,10.5,9.61,11.67,11.58,-0.002,-0.003,-0.003,0.0,0.01,-80.3064019,26.9209505,791.5
-10.2,3.7,0.0,0.0,-0.04,-0.06,-0.02,0.42,0.61,-0.27,0.26,9.545,9.682,8.947,8.996,10.5,9.61,11.87,11.48,-0.002,-0.003,-0.003,0.0,0.01,-80.3064019,26.9209505,791.55
-10.2,3.7,0.0,0.01,-0.04,-0.02,-0.23,-0.15,0.05,-0.27,0.22,9.437,9.604,8.898,8.966,10.2,9.52,11.58,11.58,-0.002,-0.003,-0.003,0.0,0.01,-80.3064019,26.9209505,791.6
-10.2,3.7,0.0,0.01,-0.03,-0.03,0.26,-0.0,-0.05,-0.26,0.25,9.496,9.663,8.976,9.055,10.4,9.61,11.58,11.58,-0.002,-0.003,-0.003,0.0,0.01,-80.3064019,26.9209505,791.65
-10.2,3.7,0.0,0.01,-0.03,-0.06,-0.28,0.0,0.08,-0.28,0.26,9.555,9.732,8.947,9.035,10.59,10.01,11.87,11.58,-0.002,-0.003,-0.003,0.0,0.01,-80.3064019,26.9209505,791.7
-10.2,3.7,0.0,0.01,-0.04,-0.07,-0.04,-0.17,0.45,-0.29,0.27,9.516,9.653,8.976,9.035,10.2,9.52,11.77,11.58,-0.002,-0.003,-0.003,0.0,0.01,-80.3064019,26.9209505,791.75
-10.3,3.7,0.0,0.01,-0.05,-0.06,0.1,-0.33,0.01,-0.31,0.29,9.467,9.624,8.937,8.986,10.3,9.61,11.97,11.38,-0.002,-0.003,-0.003,0.0,0.02,-80.3064019,26.9209505,791.8
-10.2,3.7,0.0,0.01,-0.05,-0.03,-0.17,-0.18,-0.06,-0.32,0.3,9.486,9.702,8.957,9.015,10.4,9.71,11.67,11.48,-0.002,-0.003,-0.003,0.0,0.02,-80.3064018,26.9209505,791.85
-10.3,3.7,0.0,0.01,-0.03,-0.02,0.06,0.12,0.34,-0.34,0.32,9.516,9.702,8.937,9.045,10.3,9.71,11.77,11.48,-0.002,-0.003,-0.003,0.0,0.02,-80.3064018,26.9209505,791.9
-10.2,3.7,0.0,0.01,-0.05,-0.01,-0.01,-0.07,-0.1,-0.36,0.33,9.476,9.643,8.937,9.035,10.2,9.91,11.67,11.38,-0.002,-0.003,-0.003,0.0,0.02,-80.3064018,26.9209505,791.95
-10.3,3.7,0.0,0.01,-0.03,-0.07,0.43,0.01,-0.14,-0.27,0.25,9.486,9.653,8.907,8.966,10.3,9.81,11.87,11.58,-0.002,-0.003,-0.003,0.0,0.03,-80.3064018,26.9209505,792.0
-10.2,3.7,0.0,0.02,-0.04,-0.06,-0.11,0.02,0.03,-0.27,0.25,9.535,9.663,8.986,9.035,10.3,9.71,11.77,11.18,-0.002,-0.003,-0.003,0.0,0.03,-80.3064018,26.9209505,792.05
-10.3,3.7,0.0,0.02,-0.05,-0.06,0.04,0.03,0.11,-0.28,0.25,9.486,9.682,8.947,9.015,10.4,9.81,11.58,11.58,-0.002,-0.003,-0.003,0.0,0.03,-80.3064018,26.9209505,792.1
-10.3,3.7,0.0,0.02,-0.02,-0.02,-0.08,0.05,0.33,-0.27,0.26,9.476,9.663,8.937,9.015,10.5,9.71,11.77,11.28,-0.002,-0.003,-0.003,0.0,0.03,-80.3064018,26.9209505,792.15
-10.2,3.7,0.0,0.02,-0.02,-0.03,0.01,-0.06,0.06,-0.27,0.27,9.496,9.682,8.937,9.035,10.3,10.01,11.67,11.58,-0.002,-0.003,-0.003,0.0,0.03,-80.3064018,26.9209505,792.2
-10.3,3.7,0.0,0.02,-0.04,-0.04,0.32,-0.11,0.17,-0.26,0.28,9.535,9.663,8.937,9.006,10.4,9.61,11.87,11.48,-0.002,-0.003,-0.003,0.0,0.03,-80.3064018,26.9209505,792.25
-10.3,3.7,0.0,0.02,-0.04,-0.08,0.17,0.35,-0.27,-0.27,0.25,9.506,9.673,8.937,8.996,10.2,9.71,11.97,11.38,-0.002,-0.003,-0.003,0.0,0.03,-80.3064018,26.9209505,792.3
-10.2,3.7,0.0,0.02,-0.04,-0.06,-0.13,-0.11,-0.41,-0.25,0.24,9.506,9.663,8.966,8.996,10.3,9.61,11.58,11.18,-0.002,-0.003,-0.003,0.0,0.04,-80.3064018,26.9209505,792.35
-10.3,3.7,0.0,0.02,-0.03,-0.04,0.17,-0.38,-0.2,-0.24,0.22,9.496,9.643,8.927,9.035,10.2,9.61,11.77,11.77,-0.002,-0.003,-0.003,0.0,0.04,-80.3064018,26.9209505,792.4
-10.2,3.7,0.0,0.02,-0.05,-0.03,0.26,0.12,-0.02,-0.22,0.21,9.486,9.692,8.966,9.035,10.1,9.61,11.48,11.09,-0.002,-0.003,-0.003,0.0,0.04,-80.3064018,26.9209505,792.45
-10.2,3.7,0.0,0.03,-0.05,-0.04,0.34,0.18,-0.08,-0.2,0.2,9.467,9.673,8.927,8.986,9.91,9.71,11.77,11.58,-0.002,-0.003,-0.003,0.0,0.04,-80.3064018,26.9209505,792.5
-10.2,3.7,0.0,0.03,-0.03,-0.04,-0.13,-0.23,0.03,-0.28,0.25,9.476,9.663,8.976,9.015,10.1,9.91,11.67,11.58,-0.002,-0.003,-0.003,0.0,0.04,-80.3064018,26.9209505,792.55
-10.3,3.7,0.0,0.03,-0.03,-0.08,0.26,0.01,0.09,-0.27,0.25,9.496,9.692,8.947,9.025,10.1,9.81,11.67,11.67,-0.002,-0.003,-0.003,0.0,0.05,-80.3064018,26.9209505,792.6
-10.2,3.7,0.0,0.03,-0.04,-0.05,0.04,0.02,0.21,-0.27,0.25,9.496,9.653,8.957,9.015,10.1,9.91,11.58,11.28,-0.002,-0.003,-0.003,0.0,0.05,-80.3064018,26.9209505,792.65
-10.3,3.7,0.0,0.03,-0.04,-0.03,0.12,-0.12,0.27,-0.26,0.25,9.457,9.682,8.937,9.006,10.59,9.71,11.77,11.28,-0.002,-0.003,-0.003,0.0,0.05,-80.3064018,26.9209505,792.7
-10.2,3.7,0.0,0.03,-0.03,-0.02,-0.04,-0.1,-0.01,-0.28,0.24,9.506,9.682,8.957,9.035,10.59,10.01,11.97,11.28,-0.002,-0.003,-0.003,0.0,0.05,-80.3064018,26.9209505,792.75
-10.3,3.7,0.0,0.0,-0.04,-0.03,-0.17,-0.16,-0.15,-0.27,0.25,9.496,9.673,8.937,9.025,10.59,9.52,11.58,11.38,-0.002,-0.003,-0.003,0.0,0.0,-80.3064018,26.9209505,792.8
-10.2,3.7,0.0,0.0,-0.04,-0.07,-0.07,0.1,-0.51,-0.27,0.25,9.476,9.653,8.966,9.045,10.4,9.71,11.67,11.38,-0.002,-0.003,-0.003,0.0,-0.0,-80.3064018,26.9209504,792.85
-10.3,3.7,0.0,0.0,-0.04,-0.07,-0.0,0.09,-0.07,-0.27,0.25,9.516,9.663,8.937,9.025,10.3,9.81,11.87,11.28,-0.002,-0.003,-0.003,0.0,0.0,-80.3064018,26.9209504,792.9
-10.2,3.7,0.0,0.0,-0.03,-0.03,-0.35,0.04,-0.1,-0.27,0.25,9.476,9.682,8.917,9.015,10.3,10.01,11.97,11.38,-0.002,-0.003,-0.003,0.0,0.0,-80.3064018,26.9209504,792.95
-10.3,3.7,0.0,0.0,-0.04,-0.03,0.03,0.16,-0.29,-0.27,0.25,9.486,9.663,8.937,9.035,10.2,10.1,11.97,11.48,-0.002,-0.003,-0.003,0.0,0.0,-80.3064018,26.9209504,793.0
-10.2,3.7,0.0,0.0,-0.03,-0.03,0.06,-0.14,0.36,-0.27,0.26,9.506,9.663,8.937,9.006,10.4,10.01,11.77,11.38,-0.002,-0.003,-0.003,0.0,0.0,-80.3064018,26.9209504,793.05
-10.3,3.7,0.0,0.0,-0.03,-0.06,-0.09,0.02,-0.21,-0.27,0.25,9.496,9.643,8.937,9.006,10.3,9.71,11.77,11.38,-0.002,-0.003,-0.003,0.0,0.0,-80.3064018,26.9209504,793.1
-10.2,3.7,0.0,0.0,-0.05,-0.06,0.03,-0.46,-0.24,-0.25,0.25,9.506,9.663,8.947,9.045,10.1,10.01,11.58,11.58,-0.002,-0.003,-0.003,0.0,0.0,-80.3064018,26.9209504,793.15
-10.2,3.7,0.0,0.0,-0.04,-0.05,-0.15,-0.01,-0.32,-0.27,0.25,9.486,9.682,8.957,9.025,10.3,9.71,11.58,11.38,-0.002,-0.003,-0.003,0.0,0.0,-80.3064018,26.9209504,793.2
-10.2,3.7,0.0,0.0,-0.02,-0.04,-0.26,-0.02,-0.09,-0.27,0.25,9.496,9.663,8.937,9.006,9.91,9.71,11.58,11.38,-0.002,-0.003,-0.003,0.0,0.0,-80.3064018,26.9209504,793.25
-10.3,3.7,0.0,0.0,-0.06,-0.03,0.15,-0.13,-0.16,-0.27,0.27,9.496,9.682,8.917,9.006,10.3,9.71,11.58,11.38,-0.002,-0.003,-0.003,0.0,0.01,-80.3064018,26.9209504,793.3
-10.3,3.7,0.0,0.0,-0.04,-0.06,0.31,0.4,-0.16,-0.27,0.25,9.496,9.673,8.927,9.006,10.3,9.91,11.77,11.58,-0.002,-0.003,-0.003,0.0,0.01,-80.3064018,26.9209504,793.35
-10.3,3.7,0.0,0.0,-0.03,-0.06,0.17,0.1,0.04,-0.27,0.25,9.506,9.682,8.937,9.025,10.3,9.61,11.77,11.28,-0.002,-0.003,-0.003,0.0,0.01,-80.3064018,26.9209504,793.4
-10.2,3.7,0.0,0.0,-0.04,-0.04,-0.16,-0.4,-0.37,-0.27,0.25,9.496,9.673,8.947,9.035,10.5,9.61,11.58,11.58,-0.002,-0.003,-0.003,0.0,0.01,-80.3064018,26.9209504,793.45
-10.3,3.7,0.0,0.0,-0.05,-0.04,0.14,-0.36,0.04,-0.27,0.25,9.506,9.653,8.947,8.996,10.3,9.32,11.87,11.09,-0.002,-0.003,-0.003,0.0,0.01,-80.3064018,26.9209504,793.5
-10.2,3.7,0.0,0.0,-0.04,-0.03,-0.01,-0.36,-0.13,-0.27,0.25,9.486,9.682,8.957,9.045,10.3,9.61,11.67,11.38,-0.002,-0.003,-0.003,0.0,0.01,-80.3064018,26.9209504,793.55
-10.3,3.7,0.0,0.0,-0.05,-0.03,0.03,-0.13,-0.59,-0.27,0.25,9.506,9.663,8.927,8.996,10.5,9.71,12.07,11.77,-0.002,-0.003,-0.003,0.0,0.01,-80.3064018,26.9209504,793.6
-10.2,3.7,0.0,0.0,-0.03,-0.07,0.16,-0.16,0.25,-0.28,0.26,9.496,9.663,8.937,9.025,10.1,9.71,11.48,11.58,-0.002,-0.003,-0.003,0.0,0.01,-80.3064018,26.9209504,793.65
-10.3,3.7,0.0,0.01,-0.04,-0.05,-0.24,0.25,0.52,-0.27,0.26,9.506,9.643,8.957,9.015,10.2,9.71,11.77,11.28,-0.002,-0.003,-0.003,0.0,0.01,-80.3064018,26.9209504,793.7
-10.2,3.7,0.0,0.0,-0.03,-0.06,0.2,0.06,0.21,-0.28,0.24,9.506,9.673,8.957,9.035,10.4,9.42,11.67,11.38,-0.002,-0.003,-0.003,0.0,0.01,-80.3064018,26.9209504,793.75
-10.3,3.7,0.0,0.01,-0.04,-0.04,0.32,0.0,0.27,-0.27,0.26,9.506,9.663,8.947,9.015,10.3,9.61,11.87,11.28,-0.002,-0.003,-0.003,0.0,0.01,-80.3064018,26.9209504,793.8
-10.2,3.7,0.0,0.01,-0.04,-0.04,0.12,0.03,-0.33,-0.27,0.24,9.496,9.653,8.966,9.045,10.2,9.81,11.77,11.38,-0.002,-0.003,-0.003,0.0,0.01,-80.3064018,26.9209504,793.85
-10.3,3.7,0.0,0.01,-0.05,-0.05,0.27,0.09,-0.05,-0.27,0.25,9.516,9.692,8.947,9.015,10.2,9.61,11.58,11.28,-0.002,-0.003,-0.003,0.0,0.01,-80.3064018,26.9209504,793.9
-10.2,3.7,0.0,0.01,-0.04,-0.06,0.22,0.05,0.35,-0.27,0.26,9.526,9.663,8.937,9.006,10.4,9.61,11.77,11.48,-0.002,-0.003,-0.003,0.0,0.01,-80.3064018,26.9209504,793.95
-10.3,3.7,0.0,0.01,-0.04,-0.06,-0.06,0.28,0.17,-0.27,0.26,9.516,9.663,8.957,9.006,10.3,9.91,11.97,11.28,-0.002,-0.003,-0.003,0.0,0.01,-80.3064018,26.9209504,794.0
-10.2,3.7,0.0,0.01,-0.04,-0.04,-0.13,-0.23,0.23,-0.28,0.26,9.516,9.663,8.957,9.035,10.3,9.52,11.77,11.77,-0.002,-0.003,-0.003,0.0,0.01,-80.3064018,26.9209504,794.05
-10.3,3.7,0.0,0.01,-0.04,-0.03,0.01,-0.36,-0.35,-0.28,0.25,9.516,9.653,8.947,9.025,10.1,9.81,11.77,11.38,-0.002,-0.003,-0.003,0.0,0.01,-80.3064018,26.9209504,794.1
-10.2,3.7,0.0,0.01,-0.04,-0.04,0.27,-0.0,-0.22,-0.28,0.25,9.496,9.663,8.966,9.025,10.3,9.71,11.77,11.58,-0.002,-0.003,-0.003,0.0,0.01,-80.3064018,26.9209504,794.15
-10.3,3.7,0.0,0.01,-0.04,-0.06,0.08,0.18,-0.04,-0.27,0.26,9.535,9.673,8.947,9.025,10.2,9.71,11.58,11.28,-0.002,-0.003,-0.003,0.0,0.01,-80.3064018,26.9209504,794.2
-10.3,3.7,0.0,0.01,-0.04,-0.04,0.07,-0.33,-0.05,-0.28,0.25,9.516,9.673,8.937,9.015,10.59,9.91,11.87,11.58,-0.002,-0.003,-0.003,0.0,0.01,-80.3064018,26.9209504,794.25
-10.3,3.7,0.0,0.01,-0.03,-0.04,-0.17,-0.16,-0.12,-0.28,0.25,9.496,9.663,8.937,8.996,10.3,9.91,11.67,11.58,-0.002,-0.003,-0.003,0.0,0.01,-80.3064018,26.9209504,794.3
-10.2,3.7,0.0,0.01,-0.04,-0.03,0.04,0.11,-0.15,-0.29,0.25,9.496,9.663,8.957,9.035,10.4,9.81,11.87,11.77,-0.002,-0.003,-0.003,0.0,0.01,-80.3064018,26.9209504,794.35
-10.3,3.7,0.0,0.01,-0.03,-0.04,-0.22,0.01,-0.2,-0.26,0.25,9.506,9.682,8.937,9.006,10.2,9.42,11.67,11.67,-0.002,-0.003,-0.003,0.0,0.01,-80.3064018,26.9209504,794.4
-10.3,3.7,0.0,0.01,-0.03,-0.05,-0.17,0.04,0.47,-0.28,0.26,9.486,9.663,8.917,9.006,10.69,9.81,11.67,11.77,-0.002,-0.003,-0.003,0.0,0.01,-80.3064018,26.9209504,794.45
-10.3,3.7,0.0,0.01,-0.04,-0.06,-0.04,-0.04,0.0,-0.28,0.25,9.506,9.663,8.947,9.006,10.4,9.71,11.77,11.38,-0.002,-0.003,-0.003,0.0,0.01,-80.3064017,26.9209504,794.5
-10.2,3.7,0.0,0.01,-0.04,-0.06,0.35,0.16,0.15,-0.27,0.25,9.476,9.663,8.966,9.006,10.3,9.91,11.58,11.58,-0.002,-0.003,-0.003,0.0,0.02,-80.3064017,26.9209504,794.55
-10.2,3.7,0.0,0.01,-0.04,-0.02,-0.01,-0.23,0.0,-0.29,0.27,9.506,9.663,8.947,9.035,10.1,9.61,11.58,11.87,-0.002,-0.003,-0.003,0.0,0.02,-80.3064017,26.9209504,794.6
-10.2,3.7,0.0,0.01,-0.03,-0.04,-0.05,-0.15,-0.34,-0.28,0.25,9.516,9.682,8.937,9.015,10.3,9.81,11.77,11.38,-0.002,-0.003,-0.003,0.0,0.02,-80.3064017,26.9209504,794.65
-10.3,3.7,0.0,0.01,-0.03,-0.04,-0.21,-0.03,0.4,-0.28,0.26,9.526,9.653,8.957,9.015,10.3,9.71,11.77,11.58,-0.002,-0.003,-0.003,0.0,0.02,-80.3064017,26.9209503,794.7
-10.2,3.7,0.0,0.01,-0.04,-0.05,0.03,0.25,0.24,-0.28,0.25,9.506,9.663,8.986,9.045,10.01,9.71,11.48,11.38,-0.002,-0.003,-0.003,0.0,0.02,-80.3064017,26.9209503,794.75
-10.3,3.7,0.0,0.01,-0.02,-0.06,-0.15,-0.19,0.02,-0.28,0.25,9.506,9.682,8.957,9.025,10.3,9.71,11.77,11.28,-0.002,-0.003,-0.003,0.0,0.02,-80.3064017,26.9209503,794.8
-10.3,3.7,0.0,0.01,-0.04,-0.05,-0.12,0.2,0.16,-0.28,0.24,9.526,9.682,8.937,9.025,10.5,9.61,11.58,11.28,-0.002,-0.003,-0.003,0.0,0.02,-80.3064017,26.9209503,794.85
-10.3,3.7,0.0,0.01,-0.04,-0.06,0.26,0.2,-0.14,-0.28,0.24,9.506,9.663,8.947,9.025,10.4,9.81,11.58,11.38,-0.002,-0.003,-0.003,0.0,0.02,-80.3064017,26.9209503,794.9
-10.2,3.7,0.0,0.01,-0.02,-0.05,0.02,-0.08,-0.05,-0.28,0.25,9.496,9.653,8.957,9.006,10.4,9.52,11.38,11.48,-0.002,-0.003,-0.003,0.0,0.02,-80.3064017,26.9209503,794.95
-10.3,3.7,0.0,0.01,-0.05,-0.05,0.49,-0.04,-0.34,-0.29,0.25,9.496,9.663,8.937,8.986,10.3,9.42,11.87,11.38,-0.002,-0.003,-0.003,0.0,0.02,-80.3064017,26.9209503,795.0
-10.3,3.7,0.0,0.01,-0.05,-0.06,0.11,-0.08,-0.16,-0.29,0.25,9.486,9.633,8.937,9.006,10.5,9.91,11.38,11.58,-0.002,-0.003,-0.003,0.0,0.02,-80.3064017,26.9209503,795.05
-10.3,3.7,0.0,0.01,-0.05,-0.05,0.22,0.11,-0.18,-0.29,0.24,9.496,9.663,8.937,9.006,10.1,9.61,11.58,11.58,-0.002,-0.003,-0.003,0.0,0.02,-80.3064017,26.9209503,795.1
-10.3,3.7,0.0,0.01,-0.04,-0.04,0.12,-0.11,-0.38,-0.28,0.25,9.506,9.653,8.937,8.996,10.3,9.52,11.77,11.28,-0.002,-0.003,-0.003,0.0,0.02,-80.3064017,26.9209503,795.15
-10.2,3.7,0.0,0.01,-0.04,-0.03,0.03,-0.25,-0.15,-0.28,0.25,9.476,9.673,8.947,9.035,10.2,9.81,11.58,11.28,-0.002,-0.003,-0.003,0.0,0.02,-80.3064017,26.9209503,795.2
-10.3,3.7,0.0,0.01,-0.04,-0.04,-0.06,0.13,0.1,-0.3,0.24,9.506,9.643,8.937,9.015,10.4,9.91,12.07,11.48,-0.002,-0.003,-0.003,0.0,0.02,-80.3064017,26.9209503,795.25
-10.3,3.7,0.0,0.01,-0.04,-0.05,-0.01,-0.19,0.05,-0.29,0.25,9.486,9.673,8.937,8.996,10.3,9.71,11.87,11.58,-0.002,-0.003,-0.003,0.0,0.02,-80.3064017,26.9209503,795.3
-10.2,3.7,0.0,0.01,-0.04,-0.06,0.13,0.32,0.25,-0.28,0.25,9.486,9.663,8.976,9.015,10.4,9.71,11.38,11.38,-0.002,-0.003,-0.003,0.0,0.02,-80.3064017,26.9209503,795.35
-10.3,3.7,0.0,0.02,-0.02,-0.04,-0.45,-0.39,-0.17,-0.28,0.25,9.506,9.663,8.937,9.006,10.5,9.81,11.87,11.58,-0.002,-0.003,-0.003,0.0,0.02,-80.3064017,26.9209503,795.4
-10.3,3.7,0.0,0.02,-0.03,-0.03,-0.21,0.08,0.25,-0.28,0.25,9.496,9.663,8.917,8.986,10.4,9.81,12.07,11.48,-0.002,-0.003,-0.003,0.0,0.02,-80.3064017,26.9209503,795.45
-10.4,3.7,0.0,0.02,-0.03,-0.05,0.13,0.19,-0.04,-0.28,0.25,9.496,9.663,8.907,9.006,10.4,9.81,11.58,11.58,-0.002,-0.003,-0.003,0.0,0.02,-80.3064017,26.9209503,795.5
-10.3,3.7,0.0,0.02,-0.04,-0.04,-0.12,-0.13,0.22,-0.29,0.26,9.476,9.682,8.947,9.006,10.4,9.81,12.07,11.38,-0.002,-0.003,-0.003,0.0,0.02,-80.3064017,26.9209503,795.55
-10.3,3.7,0.0,0.02,-0.04,-0.06,0.17,0.33,0.15,-0.27,0.25,9.506,9.692,8.917,8.966,10.5,9.81,11.48,11.48,-0.002,-0.003,-0.003,0.0,0.03,-80.3064017,26.9209503,795.6
-10.2,3.7,0.0,0.02,-0.04,-0.05,-0.18,-0.17,-0.18,-0.28,0.25,9.506,9.653,8.966,9.035,10.5,9.91,11.77,11.67,-0.002,-0.003,-0.003,0.0,0.02,-80.3064017,26.9209503,795.65
-10.3,3.7,0.0,0.02,-0.03,-0.06,0.31,0.13,0.28,-0.27,0.26,9.467,9.633,8.937,8.996,10.4,9.71,11.58,11.38,-0.002,-0.003,-0.003,0.0,0.03,-80.3064017,26.9209503,795.7
-10.2,3.7,0.0,0.02,-0.03,-0.02,-0.12,-0.16,0.09,-0.27,0.26,9.506,9.663,8.976,9.035,10.3,9.91,11.87,11.67,-0.002,-0.003,-0.003,0.0,0.03,-80.3064017,26.9209503,795.75
-10.3,3.7,0.0,0.02,-0.04,-0.05,-0.01,0.08,0.03,-0.27,0.26,9.496,9.663,8.927,9.025,10.2,9.91,11.67,11.48,-0.002,-0.003,-0.003,0.0,0.03,-80.3064017,26.9209503,795.8
-10.2,3.7,0.0,0.02,-0.03,-0.06,-0.14,0.46,0.26,-0.27,0.26,9.506,9.663,8.966,9.025,10.3,9.71,12.07,11.28,-0.002,-0.003,-0.003,0.0,0.03,-80.3064017,26.9209503,795.85
-10.3,3.7,0.0,0.0,-0.05,-0.06,0.25,-0.08,-0.33,-0.27,0.25,9.506,9.663,8.937,9.006,10.5,9.61,11.77,11.58,-0.002,-0.003,-0.003,0.0,0.0,-80.3064017,26.9209503,795.9
-10.2,3.7,0.0,0.0,-0.04,-0.04,-0.22,-0.01,-0.02,-0.28,0.26,9.496,9.692,8.947,9.035,10.3,9.42,11.87,11.38,-0.002,-0.003,-0.003,0.0,-0.0,-80.3064017,26.9209503,795.95
-10.3,3.7,0.0,0.0,-0.03,-0.04,-0.04,-0.37,-0.04,-0.27,0.26,9.506,9.653,8.927,9.006,10.3,9.81,11.77,11.28,-0.002,-0.003,-0.003,0.0,-0.0,-80.3064017,26.9209503,796.0
-10.2,3.7,0.0,0.0,-0.04,-0.03,-0.1,-0.02,-0.02,-0.27,0.25,9.496,9.692,8.966,9.025,10.5,9.71,11.97,11.77,-0.002,-0.003,-0.003,0.0,-0.0,-80.3064017,26.9209503,796.05
-10.3,3.7,0.0,0.0,-0.04,-0.06,0.19,0.1,0.05,-0.26,0.25,9.496,9.663,8.947,8.996,10.5,9.52,11.77,11.38,-0.002,-0.003,-0.003,0.0,-0.0,-80.3064017,26.9209503,796.1
-10.2,3.7,0.0,0.0,-0.02,-0.06,-0.18,0.46,-0.03,-0.28,0.25,9.506,9.692,8.957,9.015,10.2,9.71,11.77,11.48,-0.002,-0.003,-0.003,0.0,-0.0,-80.3064017,26.9209503,796.15
-10.3,3.7,0.0,0.0,-0.07,-0.04,0.37,-0.23,-0.26,-0.27,0.25,9.476,9.663,8.937,9.025,10.1,9.81,11.77,11.58,-0.002,-0.003,-0.003,0.0,-0.0,-80.3064017,26.9209503,796.2
-10.2,3.7,0.0,0.01,-0.04,-0.05,0.31,-0.49,-0.11,-0.27,0.27,9.467,9.653,8.937,9.015,10.4,9.52,11.67,11.38,-0.002,-0.003,-0.003,0.0,-0.0,-80.3064017,26.9209503,796.25
-10.3,3.7,0.0,0.01,-0.05,-0.04,0.23,-0.29,-0.44,-0.27,0.25,9.506,9.653,8.947,9.006,10.3,9.71,12.07,11.58,-0.002,-0.003,-0.003,0.0,-0.0,-80.3064017,26.9209503,796.3
-10.2,3.7,0.0,0.01,-0.05,-0.05,0.24,-0.21,-0.29,-0.27,0.25,9.496,9.682,8.947,9.025,10.59,9.61,11.87,11.48,-0.002,-0.003,-0.003,0.0,-0.01,-80.3064017,26.9209503,796.35
-10.3,3.7,0.0,0.01,-0.03,-0.05,0.1,-0.08,-0.28,-0.27,0.25,9.506,9.673,8.937,9.006,10.4,9.61,11.77,11.28,-0.002,-0.003,-0.003,0.0,-0.01,-80.3064017,26.9209503,796.4
-10.2,3.7,0.0,0.01,-0.04,-0.06,0.03,0.31,0.1,-0.27,0.26,9.496,9.653,8.937,9.025,10.4,9.81,11.87,11.28,-0.002,-0.003,-0.003,0.0,-0.01,-80.3064017,26.9209503,796.45
-10.3,3.7,0.0,0.01,-0.04,-0.05,0.03,-0.08,0.07,-0.28,0.25,9.516,9.653,8.927,9.015,10.2,9.71,11.58,11.38,-0.002,-0.003,-0.003,0.0,-0.01,-80.3064017,26.9209503,796.5
-10.3,3.7,0.0,0.01,-0.04,-0.03,-0.13,-0.13,0.04,-0.3,0.24,9.486,9.673,8.937,9.006,10.2,9.61,12.07,11.09,-0.002,-0.003,-0.003,0.0,-0.01,-80.3064016,26.9209503,796.55
-10.2,3.7,0.0,0.01,-0.04,-0.06,-0.09,-0.23,-0.12,-0.27,0.25,9.476,9.633,8.907,9.006,10.1,9.71,11.58,11.48,-0.002,-0.003,-0.003,0.0,-0.01,-80.3064016,26.9209503,796.6
-10.2,3.7,0.0,0.01,-0.05,-0.03,0.06,-0.32,-0.12,-0.27,0.25,9.486,9.663,8.937,9.006,10.2,9.71,12.07,11.28,-0.002,-0.003,-0.003,0.0,-0.01,-80.3064016,26.9209503,796.65
-10.3,3.7,0.0,0.01,-0.04,-0.07,0.25,0.05,-0.25,-0.27,0.25,9.526,9.663,8.937,8.996,10.3,10.01,11.97,11.38,-0.002,-0.003,-0.003,0.0,-0.01,-80.3064016,26.9209503,796.7
-10.2,3.7,0.0,0.01,-0.05,-0.05,0.41,0.16,-0.06,-0.27,0.25,9.526,9.643,8.957,9.025,10.4,9.61,11.38,11.87,-0.002,-0.003,-0.003,0.0,-0.01,-80.3064016,26.9209503,796.75
-10.3,3.7,0.0,0.01,-0.03,-0.04,-0.01,0.06,0.45,-0.27,0.25,9.506,9.663,8.937,9.006,10.3,9.81,11.77,11.38,-0.002,-0.003,-0.003,0.0,-0.01,-80.3064016,26.9209502,796.8
-10.2,3.7,0.0,0.02,-0.04,-0.05,0.24,0.29,0.29,-0.27,0.25,9.496,9.653,8.937,9.035,10.1,9.71,12.07,11.38,-0.002,-0.003,-0.003,0.0,-0.01,-80.3064016,26.9209502,796.85
-10.2,3.7,0.0,0.02,-0.04,-0.05,0.18,0.18,0.25,-0.27,0.25,9.486,9.673,8.947,9.015,10.2,9.61,12.26,11.58,-0.002,-0.003,-0.003,0.0,-0.01,-80.3064016,26.9209502,796.9
-10.2,3.7,0.0,0.02,-0.01,-0.08,-0.06,-0.06,-0.14,-0.27,0.25,9.516,9.653,8.937,9.015,10.2,9.81,11.48,11.67,-0.002,-0.003,-0.003,0.0,-0.01,-80.3064016,26.9209502,796.95
-10.2,3.7,0.0,0.02,0.02,-0.11,-0.22,-0.31,0.04,-0.28,0.25,9.506,9.653,8.947,9.015,10.3,9.71,11.58,11.28,-0.002,-0.003,-0.003,0.0,-0.01,-80.3064016,26.9209502,797.0
-10.2,3.7,0.0,0.02,-0.04,-0.04,0.11,-0.26,-0.19,-0.28,0.25,9.496,9.663,8.947,9.035,10.3,9.71,11.87,11.67,-0.002,-0.003,-0.003,0.0,-0.01,-80.3064016,26.9209502,797.05
-10.3,3.7,0.0,-0.0,-0.05,-0.04,0.26,0.03,-0.02,-0.29,0.25,9.496,9.663,8.927,9.006,10.4,9.71,12.07,11.38,-0.002,-0.003,-0.003,0.0,0.0,-80.3064016,26.9209502,797.1
-10.2,3.7,0.0,-0.0,-0.03,-0.06,-0.04,0.15,-0.08,-0.27,0.25,9.506,9.682,8.966,9.006,10.2,9.71,11.77,11.48,-0.002,-0.003,-0.003,0.0,0.0,-80.3064016,26.9209502,797.15
-10.3,3.7,0.0,-0.0,-0.03,-0.03,-0.35,-0.32,0.03,-0.28,0.25,9.496,9.702,8.937,9.006,10.69,9.71,11.77,11.58,-0.002,-0.003,-0.003,0.0,0.0,-80.3064016,26.9209502,797.2
-10.2,3.7,0.0,0.0,-0.03,-0.05,-0.31,0.09,-0.31,-0.3,0.25,9.496,9.663,8.957,9.015,10.4,9.81,11.48,11.28,-0.002,-0.003,-0.003,0.0,-0.0,-80.3064016,26.9209502,797.25
-10.3,3.7,0.0,-0.0,-0.03,-0.05,-0.2,0.21,0.41,-0.27,0.25,9.516,9.633,8.957,9.006,10.01,9.81,11.58,11.58,-0.002,-0.003,-0.003,0.0,-0.0,-80.3064016,26.9209502,797.3
-10.2,3.7,0.0,-0.0,-0.04,-0.04,-0.2,0.29,-0.0,-0.29,0.25,9.526,9.663,8.957,9.006,10.3,9.91,11.87,11.58,-0.002,-0.003,-0.003,0.0,0.0,-80.3064016,26.9209502,797.35
-10.3,3.7,0.0,-0.0,-0.02,-0.05,-0.42,-0.11,0.31,-0.28,0.25,9.486,9.653,8.937,9.015,10.3,9.71,11.77,11.38,-0.002,-0.003,-0.003,0.0,-0.0,-80.3064016,26.9209502,797.4
-10.2,3.7,0.0,-0.0,-0.05,-0.03,-0.05,-0.0,0.08,-0.27,0.25,9.496,9.673,8.937,9.006,10.2,9.71,11.58,11.28,-0.002,-0.003,-0.003,0.0,0.0,-80.3064016,26.9209502,797.45
-10.3,3.7,0.0,-0.0,-0.04,-0.07,0.27,-0.0,-0.06,-0.29,0.25,9.496,9.673,8.937,9.025,10.4,9.71,11.77,11.28,-0.002,-0.003,-0.003,0.0,0.0,-80.3064016,26.9209502,797.5
-10.2,3.7,0.0,-0.0,-0.05,-0.06,0.13,0.2,0.07,-0.27,0.26,9.506,9.653,8.966,9.015,10.4,9.71,11.87,11.38,-0.002,-0.003,-0.003,0.0,-0.0,-80.3064016,26.9209502,797.55
-10.1,3.7,0.0,-0.0,-0.04,-0.05,0.04,0.01,-0.11,-0.27,0.25,9.496,9.663,9.015,9.094,10.3,9.71,11.77,11.38,-0.002,-0.003,-0.003,0.0,0.0,-80.3064016,26.9209502,797.6
-10.3,3.7,0.0,0.0,-0.04,-0.04,-0.03,-0.18,0.12,-0.27,0.26,9.506,9.673,8.957,9.015,10.4,9.52,11.67,11.38,-0.002,-0.003,-0.003,0.0,0.0,-80.3064016,26.9209502,797.65
-10.3,3.7,0.0,0.0,-0.04,-0.04,0.03,0.06,-0.06,-0.26,0.26,9.506,9.633,8.957,9.006,10.59,9.81,11.67,11.38,-0.002,-0.003,-0.003,0.0,0.0,-80.3064016,26.9209502,797.7
-10.2,3.7,0.0,0.0,-0.04,-0.05,0.01,-0.02,0.27,-0.27,0.26,9.516,9.653,8.986,9.035,10.5,9.61,11.77,11.48,-0.002,-0.003,-0.003,0.0,0.0,-80.3064016,26.9209502,797.75
-10.2,3.7,0.0,0.0,-0.04,-0.06,0.05,0.25,0.19,-0.27,0.26,9.506,9.643,8.957,9.025,10.1,9.81,11.48,11.38,-0.002,-0.003,-0.003,0.0,0.0,-80.3064016,26.9209501,797.8
-10.3,3.7,0.0,0.0,-0.05,-0.06,0.19,0.27,-0.02,-0.27,0.26,9.506,9.673,8.937,9.006,10.3,10.1,11.97,11.38,-0.002,-0.003,-0.003,0.0,0.0,-80.3064016,26.9209501,797.85
-10.3,3.7,0.0,0.01,-0.04,-0.05,0.11,0.04,-0.07,-0.26,0.26,9.496,9.673,8.937,8.996,10.3,9.71,11.87,11.28,-0.002,-0.003,-0.003,0.0,0.01,-80.3064016,26.9209501,797.9
-10.2,3.7,0.0,0.01,-0.04,-0.05,0.33,0.05,0.17,-0.25,0.26,9.496,9.663,8.976,9.035,10.1,9.81,11.67,11.58,-0.002,-0.003,-0.003,0.0,0.01,-80.3064017,26.9209501,797.95
-10.3,3.7,0.0,0.01,-0.04,-0.04,-0.24,-0.45,-0.04,-0.23,0.26,9.496,9.673,8.957,8.996,10.3,9.71,11.28,11.58,-0.002,-0.003,-0.003,0.0,0.01,-80.3064017,26.9209501,798.0
-10.2,3.7,0.0,0.01,-0.05,-0.06,0.14,0.16,-0.28,-0.22,0.26,9.516,9.663,8.966,9.035,10.59,9.81,11.67,11.58,-0.002,-0.003,-0.003,0.0,0.0,-80.3064017,26.9209501,798.05
-10.2,3.7,0.0,0.01,-0.04,-0.04,-0.04,-0.12,0.31,-0.2,0.26,9.486,9.692,8.937,9.006,10.5,9.61,11.77,11.18,-0.002,-0.003,-0.003,0.0,0.0,-80.3064017,26.9209501,798.1
-10.2,3.7,0.0,0.01,-0.04,-0.05,-0.06,-0.02,-0.16,-0.19,0.26,9.476,9.663,8.976,9.025,10.3,9.81,11.87,11.48,-0.002,-0.003,-0.003,0.0,0.0,-80.3064017,26.9209501,798.15
-10.3,3.7,0.0,0.01,-0.05,-0.05,0.08,0.03,-0.15,-0.18,0.25,9.496,9.653,8.947,8.996,10.3,9.81,11.77,11.38,-0.002,-0.003,-0.003,0.0,0.0,-80.3064017,26.9209501,798.2
-10.2,3.7,0.0,0.01,-0.04,-0.05,0.05,-0.06,-0.12,-0.16,0.25,9.496,9.653,8.927,9.025,10.01,9.71,11.58,11.28,-0.002,-0.003,-0.003,0.0,0.0,-80.3064017,26.9209501,798.25
-10.3,3.7,0.0,0.01,-0.05,-0.04,0.16,0.07,-0.14,-0.15,0.25,9.526,9.643,8.947,9.006,10.2,9.52,11.77,11.77,-0.002,-0.003,-0.003,0.0,0.0,-80.3064017,26.9209501,798.3
-10.2,3.7,0.0,0.01,-0.03,-0.05,0.03,-0.32,0.15,-0.14,0.25,9.496,9.663,8.976,9.015,10.4,9.71,11.77,11.28,-0.002,-0.003,-0.003,0.0,0.0,-80.3064017,26.9209501,798.35
-10.3,3.7,0.0,0.01,-0.03,-0.04,-0.22,0.1,0.04,-0.12,0.25,9.496,9.682,8.957,9.025,10.4,9.81,11.77,11.38,-0.002,-0.003,-0.003,0.0,0.0,-80.3064017,26.9209501,798.4
-10.3,3.7,0.0,0.01,-0.05,-0.04,-0.05,-0.26,-0.14,-0.11,0.25,9.496,9.673,8.947,9.006,10.4,9.52,11.77,11.48,-0.002,-0.003,-0.003,0.0,0.0,-80.3064017,26.9209501,798.45
-10.3,3.7,0.0,0.01,-0.04,-0.04,-0.08,-0.04,-0.37,-0.1,0.25,9.496,9.663,8.927,8.986,10.3,9.71,12.07,11.18,-0.002,-0.003,-0.003,0.0,0.0,-80.3064017,26.9209501,798.5
-10.2,3.7,0.0,0.01,-0.03,-0.06,0.03,0.17,0.35,-0.08,0.25,9.516,9.643,8.976,9.055,10.2,9.61,12.07,11.58,-0.002,-0.003,-0.003,0.0,0.0,-80.3064017,26.9209501,798.55
-10.3,3.7,0.0,0.01,-0.03,-0.05,0.05,0.03,-0.3,-0.07,0.25,9.496,9.673,8.947,9.006,10.2,9.91,11.87,11.28,-0.002,-0.003,-0.003,0.0,0.0,-80.3064017,26.9209501,798.6
-10.3,3.7,0.0,0.01,-0.05,-0.05,0.08,-0.27,-0.5,-0.06,0.25,9.506,9.643,8.937,9.006,10.1,9.81,11.77,11.09,-0.002,-0.003,-0.003,0.0,0.0,-80.3064017,26.92095,798.65
-10.3,3.7,0.0,0.01,-0.04,-0.04,-0.15,0.0,-0.12,-0.04,0.25,9.486,9.643,8.937,9.006,10.3,9.71,11.87,11.48,-0.002,-0.003,-0.003,0.0,0.0,-80.3064017,26.92095,798.7
-10.2,3.7,0.0,0.01,-0.04,-0.06,0.31,0.23,-0.11,-0.03,0.24,9.516,9.663,8.966,9.025,10.5,9.61,11.87,11.58,-0.002,-0.003,-0.003,0.0,0.0,-80.3064017,26.92095,798.75
-10.3,3.7,0.0,0.01,-0.04,-0.06,0.09,0.2,0.01,-0.27,0.26,9.486,9.653,8.937,9.006,10.3,9.52,11.87,11.58,-0.002,-0.003,-0.003,0.0,-0.0,-80.3064017,26.92095,798.8
-10.2,3.7,0.0,0.01,-0.03,-0.05,-0.26,-0.21,0.22,-0.28,0.26,9.516,9.643,8.986,9.025,10.3,9.91,11.77,11.48,-0.002,-0.003,-0.003,0.0,-0.0,-80.3064017,26.92095,798.85
-10.3,3.7,0.0,0.01,-0.04,-0.04,-0.17,0.29,-0.21,-0.28,0.26,9.526,9.682,8.937,8.986,10.01,9.81,11.58,11.28,-0.002,-0.003,-0.003,0.0,-0.0,-80.3064017,26.92095,798.9
-10.3,3.7,0.0,0.01,-0.05,-0.06,0.07,-0.07,0.01,-0.27,0.28,9.526,9.653,8.957,9.025,10.5,9.71,11.87,11.38,-0.002,-0.003,-0.003,0.0,-0.0,-80.3064017,26.92095,798.95
-10.3,3.7,0.0,0.01,-0.05,-0.05,0.39,0.07,-0.17,-0.27,0.27,9.476,9.663,8.957,8.996,10.3,9.61,11.77,11.58,-0.002,-0.003,-0.003,0.0,-0.0,-80.3064017,26.92095,799.0
-10.2,3.7,0.0,0.02,-0.02,-0.05,-0.31,-0.24,-0.12,-0.27,0.25,9.506,9.673,8.947,9.015,10.4,10.2,11.77,11.38,-0.002,-0.003,-0.003,0.0,-0.0,-80.3064017,26.92095,799.05
-10.3,3.7,0.0,0.02,-0.04,-0.03,-0.14,-0.17,0.29,-0.27,0.26,9.506,9.663,8.966,9.015,10.1,9.71,11.77,11.38,-0.002,-0.003,-0.003,0.0,-0.0,-80.3064017,26.92095,799.1
-10.2,3.7,0.0,0.02,-0.03,-0.06,0.13,0.15,-0.19,-0.27,0.25,9.516,9.673,8.976,9.045,10.3,9.81,11.87,11.48,-0.002,-0.003,-0.003,0.0,-0.0,-80.3064017,26.92095,799.15
-10.3,3.7,0.0,0.02,-0.05,-0.03,0.03,-0.07,-0.1,-0.28,0.25,9.496,9.663,8.927,8.996,10.1,10.01,11.58,11.28,-0.002,-0.003,-0.003,0.0,-0.0,-80.3064017,26.92095,799.2
-10.2,3.7,0.0,0.02,-0.05,-0.06,0.29,-0.17,0.0,-0.29,0.24,9.486,9.663,8.966,9.006,10.1,10.1,11.77,11.38,-0.002,-0.003,-0.003,0.0,-0.0,-80.3064017,26.92095,799.25
-10.3,3.7,0.0,0.02,-0.04,-0.04,0.11,-0.09,-0.13,-0.27,0.24,9.506,9.673,8.917,8.996,10.1,9.52,11.77,11.38,-0.002,-0.003,-0.003,0.0,-0.0,-80.3064017,26.92095,799.3
-10.2,3.7,0.0,0.02,-0.04,-0.03,-0.13,0.05,-0.19,-0.27,0.27,9.526,9.653,8.947,9.006,10.3,9.81,11.77,11.48,-0.002,-0.003,-0.003,0.0,-0.01,-80.3064017,26.92095,799.35
-10.2,3.7,0.0,0.02,-0.06,-0.03,0.01,-0.35,-0.6,-0.28,0.25,9.496,9.663,8.917,9.035,10.2,9.81,11.87,11.38,-0.002,-0.003,-0.003,0.0,-0.01,-80.3064017,26.92095,799.4
-10.2,3.7,0.0,0.02,-0.04,-0.04,-0.06,0.07,-0.18,-0.27,0.25,9.526,9.653,8.927,9.035,10.2,9.81,11.77,11.38,-0.002,-0.003,-0.003,0.0,-0.01,-80.3064018,26.92095,799.45
-10.3,3.7,0.0,0.02,-0.04,-0.06,-0.16,-0.09,0.18,-0.27,0.25,9.526,9.633,8.937,9.015,10.3,10.01,11.58,11.58,-0.002,-0.003,-0.003,0.0,-0.01,-80.3064018,26.92095,799.5
-10.2,3.7,0.0,0.02,-0.04,-0.01,-0.03,-0.02,0.35,-0.27,0.26,9.486,9.663,8.907,9.006,10.5,9.81,11.67,11.38,-0.002,-0.003,-0.003,0.0,-0.01,-80.3064018,26.92095,799.55
-10.2,3.7,0.0,0.02,-0.04,-0.06,0.22,-0.02,0.18,-0.27,0.26,9.526,9.653,8.957,9.035,10.3,9.61,11.87,11.48,-0.002,-0.003,-0.003,0.0,-0.01,-80.3064018,26.92095,799.6
-10.2,3.7,0.0,0.02,-0.03,-0.05,-0.09,-0.19,-0.35,-0.27,0.25,9.467,9.682,8.937,9.025,10.59,9.81,11.77,11.18,-0.002,-0.003,-0.003,0.0,-0.01,-80.3064018,26.9209501,799.65
-10.2,3.7,0.0,0.02,-0.04,-0.04,0.12,-0.01,-0.23,-0.27,0.25,9.535,9.653,8.937,8.986,10.4,9.71,11.87,11.38,-0.002,-0.003,-0.003,0.0,-0.01,-80.3064018,26.9209501,799.7
-10.3,3.7,0.0,0.01,-0.03,-0.05,-0.19,0.2,-0.27,-0.27,0.25,9.496,9.673,8.947,9.015,10.2,9.61,11.67,11.58,-0.002,-0.003,-0.003,0.0,-0.01,-80.3064018,26.9209501,799.75
-10.3,3.7,0.0,0.01,-0.04,-0.04,0.11,-0.02,-0.13,-0.26,0.26,9.516,9.682,8.917,9.025,10.2,9.71,11.87,11.48,-0.002,-0.003,-0.003,0.0,-0.01,-80.3064018,26.9209501,799.8
-10.2,3.7,0.0,0.01,-0.05,-0.04,-0.21,-0.31,-0.47,-0.27,0.25,9.506,9.653,8.966,9.025,10.3,9.71,11.67,11.38,-0.002,-0.003,-0.003,0.0,-0.01,-80.3064018,26.9209501,799.85
-10.3,3.7,0.0,0.01,-0.03,-0.04,-0.41,0.09,0.07,-0.27,0.25,9.496,9.663,8.937,9.006,10.2,9.81,11.77,11.48,-0.002,-0.003,-0.003,0.0,-0.01,-80.3064018,26.9209501,799.9
-10.2,3.7,0.0,0.01,-0.04,-0.05,-0.15,0.21,-0.12,-0.27,0.25,9.486,9.663,8.937,9.025,10.3,9.52,11.48,11.28,-0.002,-0.003,-0.003,0.0,-0.01,-80.3064018,26.9209501,799.95
-10.2,3.7,0.0,0.01,-0.04,-0.04,0.01,-0.18,-0.08,-0.27,0.25,9.486,9.663,8.966,9.025,10.3,9.71,11.87,11.28,-0.002,-0.003,-0.003,0.0,-0.01,-80.3064018,26.9209501,800.0
-10.2,3.7,0.0,0.01,-0.04,-0.04,0.27,-0.08,0.37,-0.27,0.25,9.496,9.673,8.947,8.996,10.3,9.71,11.67,11.77,-0.002,-0.003,-0.003,0.0,-0.01,-80.3064018,26.9209501,800.05
-10.2,3.7,0.0,0.01,-0.04,-0.05,0.35,0.26,-0.21,-0.27,0.25,9.496,9.682,8.957,9.025,10.2,9.81,11.77,11.58,-0.002,-0.003,-0.003,0.0,-0.01,-80.3064018,26.9209501,800.1
-10.2,3.7,0.0,0.01,-0.05,-0.05,0.21,-0.24,-0.48,-0.28,0.25,9.496,9.643,8.957,9.015,10.4,9.71,11.67,11.28,-0.002,-0.003,-0.003,0.0,-0.01,-80.3064018,26.9209501,800.15
-10.3,3.7,0.0,0.01,-0.05,-0.03,-0.02,-0.39,-0.16,-0.28,0.25,9.496,9.692,8.937,9.025,10.4,9.71,11.77,11.58,-0.002,-0.003,-0.003,0.0,-0.01,-80.3064018,26.9209501,800.2
-10.3,3.7,0.0,0.01,-0.03,-0.06,0.06,-0.16,-0.13,-0.28,0.25,9.516,9.663,8.976,9.006,10.4,10.01,11.28,11.38,-0.002,-0.003,-0.003,0.0,-0.01,-80.3064018,26.9209501,800.25
-10.3,3.7,0.0,0.01,-0.05,-0.04,0.07,-0.08,0.13,-0.28,0.25,9.476,9.643,8.937,9.006,10.4,9.71,11.87,11.38,-0.002,-0.003,-0.003,0.0,-0.01,-80.3064018,26.9209501,800.3
-10.2,3.7,0.0,0.01,-0.03,-0.06,-0.18,-0.08,0.08,-0.27,0.25,9.486,9.663,8.966,9.006,10.4,9.81,11.58,11.77,-0.002,-0.003,-0.003,0.0,-0.01,-80.3064018,26.9209501,800.35
-10.3,3.7,0.0,0.01,-0.05,-0.03,0.04,0.27,-0.11,-0.27,0.25,9.496,9.702,8.947,9.006,10.5,9.61,11.38,11.38,-0.002,-0.003,-0.003,0.0,-0.01,-80.3064018,26.9209501,800.4
-10.2,3.7,0.0,0.01,-0.03,-0.06,-0.05,-0.05,-0.36,-0.28,0.25,9.526,9.663,8.996,9.035,10.2,9.61,11.77,11.28,-0.002,-0.003,-0.003,0.0,-0.01,-80.3064018,26.9209501,800.45
-10.3,3.7,0.0,0.01,-0.03,-0.05,0.11,0.12,0.36,-0.28,0.25,9.506,9.663,8.937,9.006,10.4,9.71,11.97,11.58,-0.002,-0.003,-0.003,0.0,-0.01,-80.3064018,26.9209501,800.5
-10.2,3.7,0.0,0.01,-0.04,-0.05,0.18,0.01,0.46,-0.27,0.25,9.516,9.653,8.976,9.015,10.69,9.71,11.87,11.38,-0.002,-0.003,-0.003,0.0,-0.01,-80.3064018,26.9209501,800.55
-10.2,3.7,0.0,0.01,-0.06,-0.03,0.12,-0.09,-0.41,-0.27,0.25,9.516,9.673,8.957,9.025,10.5,9.71,11.58,11.38,-0.002,-0.003,-0.003,0.0,-0.02,-80.3064018,26.9209501,800.6
-10.2,3.7,0.0,0.01,-0.05,-0.06,0.19,-0.27,-0.19,-0.28,0.23,9.516,9.673,8.966,9.015,10.4,9.71,11.77,11.58,-0.002,-0.003,-0.003,0.0,-0.02,-80.3064018,26.9209501,800.65
-10.2,3.7,0.0,0.01,-0.02,-0.05,-0.31,0.09,0.26,-0.27,0.25,9.516,9.653,8.927,9.006,10.5,9.52,11.87,10.99,-0.002,-0.003,-0.003,0.0,-0.02,-80.3064018,26.9209501,800.7
-10.2,3.7,0.0,0.01,-0.03,-0.04,-0.26,-0.2,0.32,-0.27,0.25,9.496,9.663,8.966,9.015,10.3,9.52,12.07,11.28,-0.002,-0.003,-0.003,0.0,-0.02,-80.3064018,26.9209501,800.75
-10.3,3.7,0.0,0.01,-0.04,-0.04,-0.1,0.05,0.18,-0.27,0.25,9.506,9.663,8.917,9.006,10.2,9.61,11.77,11.58,-0.002,-0.003,-0.003,0.0,-0.02,-80.3064018,26.9209501,800.8
-10.3,3.7,0.0,0.01,-0.02,-0.05,-0.19,0.58,0.28,-0.28,0.25,9.516,9.663,8.947,9.006,10.69,9.91,11.77,11.38,-0.002,-0.003,-0.003,0.0,-0.02,-80.3064017,26.9209501,800.85
-10.3,3.7,0.0,0.01,-0.03,-0.03,-0.25,-0.09,0.13,-0.27,0.25,9.496,9.682,8.966,9.015,10.59,9.81,11.87,11.58,-0.002,-0.003,-0.003,0.0,-0.02,-80.3064017,26.9209501,800.9
-10.2,3.7,0.0,0.01,-0.02,-0.07,-0.25,-0.04,-0.02,-0.27,0.25,9.496,9.633,8.957,9.035,10.3,9.71,11.58,11.77,-0.002,-0.003,-0.003,0.0,-0.02,-80.3064017,26.9209501,800.95
-10.3,3.7,0.0,0.01,-0.04,-0.04,-0.13,0.12,0.27,-0.27,0.25,9.526,9.643,8.927,8.996,10.2,9.81,11.77,11.58,-0.002,-0.003,-0.003,0.0,-0.02,-80.3064017,26.9209501,801.0
-10.2,3.7,0.0,0.01,-0.03,-0.03,-0.13,-0.31,0.15,-0.27,0.27,9.506,9.673,8.917,9.015,10.2,9.91,11.77,11.28,-0.002,-0.003,-0.003,0.0,-0.02,-80.3064017,26.9209501,801.05
-10.2,3.7,0.0,0.01,-0.03,-0.03,-0.29,-0.1,-0.03,-0.27,0.25,9.496,9.643,8.937,9.015,10.59,9.61,11.58,11.77,-0.002,-0.003,-0.003,0.0,-0.02,-80.3064017,26.9209501,801.1
-10.3,3.7,0.0,0.0,-0.04,-0.07,0.16,0.14,-0.45,-0.27,0.24,9.516,9.653,8.947,9.006,10.2,9.61,11.67,11.28,-0.002,-0.003,-0.003,0.0,-0.0,-80.3064017,26.9209501,801.15
-10.2,3.7,0.0,0.01,-0.04,-0.04,-0.23,-0.21,0.25,-0.28,0.25,9.506,9.663,8.966,9.025,10.4,9.91,11.77,11.09,-0.002,-0.003,-0.003,0.0,-0.01,-80.3064017,26.9209501,801.2
-10.3,3.7,0.0,-0.0,-0.02,-0.05,-0.26,0.28,0.01,-0.27,0.25,9.476,9.673,8.947,9.006,10.2,9.71,11.77,11.18,-0.002,-0.003,-0.003,0.0,-0.0,-80.3064017,26.9209501,801.25
-10.3,3.7,0.0,-0.0,-0.04,-0.04,-0.07,-0.13,-0.06,-0.27,0.25,9.506,9.663,8.937,9.006,10.1,9.71,11.77,11.18,-0.002,-0.003,-0.003,0.0,-0.0,-80.3064017,26.9209501,801.3
-10.3,3.7,0.0,-0.0,-0.04,-0.05,0.31,0.15,0.13,-0.27,0.25,9.506,9.673,8.917,9.035,10.4,10.01,11.77,11.58,-0.002,-0.003,-0.003,0.0,-0.0,-80.3064017,26.9209501,801.35
-10.3,3.7,0.0,-0.0,-0.04,-0.05,-0.03,-0.08,-0.1,-0.27,0.26,9.506,9.673,8.957,9.015,10.4,9.81,11.77,11.58,-0.002,-0.003,-0.003,0.0,-0.0,-80.3064017,26.9209501,801.4
-10.2,3.7,0.0,-0.0,-0.05,-0.06,-0.19,0.22,-0.21,-0.27,0.25,9.486,9.653,8.966,9.035,10.2,9.52,11.97,11.58,-0.002,-0.003,-0.003,0.0,-0.0,-80.3064017,26.9209502,801.45
-10.3,3.7,0.0,-0.0,-0.04,-0.05,0.28,0.01,-0.12,-0.27,0.25,9.545,9.663,8.937,9.025,10.4,9.81,11.58,11.58,-0.002,-0.003,-0.003,0.0,-0.0,-80.3064017,26.9209502,801.5
-10.2,3.7,0.0,-0.0,-0.04,-0.05,-0.07,-0.11,-0.03,-0.29,0.25,9.526,9.663,8.947,9.045,10.4,9.71,12.07,11.38,-0.002,-0.003,-0.003,0.0,-0.0,-80.3064017,26.9209502,801.55
-10.3,3.7,0.0,-0.0,-0.03,-0.05,0.13,-0.18,0.37,-0.27,0.26,9.496,9.653,8.917,9.006,10.59,9.91,11.48,11.67,-0.002,-0.003,-0.003,0.0,-0.0,-80.3064017,26.9209502,801.6
-10.2,3.7,0.0,-0.0,-0.04,-0.04,0.09,0.14,0.34,-0.27,0.25,9.516,9.673,8.966,9.006,10.3,9.81,11.38,11.58,-0.002,-0.003,-0.003,0.0,-0.0,-80.3064017,26.9209502,801.65
-10.2,3.7,0.0,-0.0,-0.04,-0.06,-0.09,0.19,-0.25,-0.27,0.25,9.496,9.653,8.986,9.035,10.3,9.71,11.67,11.38,-0.002,-0.003,-0.003,0.0,-0.0,-80.3064017,26.9209502,801.7
-10.2,3.7,0.0,-0.0,-0.02,-0.06,0.01,-0.01,0.27,-0.29,0.26,9.516,9.663,8.947,9.025,10.4,9.81,11.77,11.38,-0.002,-0.003,-0.003,0.0,-0.0,-80.3064017,26.9209502,801.75
-10.2,3.7,0.0,-0.0,-0.05,-0.04,0.18,-0.09,-0.37,-0.27,0.26,9.496,9.663,8.976,9.025,10.4,9.91,11.67,11.77,-0.002,-0.003,-0.003,0.0,-0.0,-80.3064017,26.9209502,801.8
-10.2,3.7,0.0,-0.0,-0.02,-0.05,-0.19,0.16,0.17,-0.27,0.25,9.506,9.673,8.976,9.006,10.3,9.71,12.07,11.28,-0.002,-0.003,-0.003,0.0,-0.01,-80.3064017,26.9209502,801.85
-10.3,3.7,0.0,-0.0,-0.04,-0.03,-0.02,-0.02,0.16,-0.27,0.25,9.516,9.663,8.927,8.996,10.4,9.81,11.87,11.58,-0.002,-0.003,-0.003,0.0,-0.01,-80.3064017,26.9209502,801.9
-10.2,3.7,0.0,-0.0,-0.04,-0.05,-0.06,-0.11,-0.36,-0.27,0.25,9.516,9.653,8.966,9.035,10.2,9.71,11.97,11.28,-0.002,-0.003,-0.003,0.0,-0.01,-80.3064017,26.9209502,801.95
-10.2,3.7,0.0,-0.0,-0.03,-0.06,0.15,-0.09,0.06,-0.29,0.25,9.496,9.663,8.957,9.035,10.1,9.81,11.77,11.28,-0.002,-0.003,-0.003,0.0,-0.01,-80.3064017,26.9209502,802.0
-10.2,3.7,0.0,-0.0,-0.03,-0.03,0.06,-0.18,0.22,-0.27,0.26,9.496,9.663,8.937,9.015,10.3,9.91,12.07,11.58,-0.002,-0.003,-0.003,0.0,-0.01,-80.3064017,26.9209502,802.05
-10.3,3.7,0.0,-0.0,-0.03,-0.06,0.03,-0.14,-0.07,-0.28,0.27,9.496,9.653,8.937,9.006,10.4,9.61,11.77,11.48,-0.002,-0.003,-0.003,0.0,-0.01,-80.3064017,26.9209502,802.1
-10.2,3.7,0.0,-0.01,-0.05,-0.04,0.08,-0.04,0.21,-0.27,0.25,9.516,9.653,8.947,9.035,10.2,9.91,11.77,11.67,-0.002,-0.003,-0.003,0.0,-0.01,-80.3064017,26.9209502,802.15
-10.3,3.7,0.0,-0.0,-0.03,-0.06,-0.1,0.38,-0.06,-0.27,0.25,9.496,9.663,8.947,9.006,10.2,9.61,11.87,11.38,-0.002,-0.003,-0.003,0.0,-0.01,-80.3064017,26.9209502,802.2
-10.2,3.7,0.0,-0.01,-0.04,-0.03,0.29,-0.09,0.34,-0.27,0.26,9.496,9.663,8.996,9.025,10.1,9.81,11.48,11.09,-0.002,-0.003,-0.003,0.0,-0.01,-80.3064017,26.9209502,802.25
-10.3,3.7,0.0,-0.0,-0.04,-0.06,-0.15,0.03,-0.05,-0.27,0.24,9.496,9.653,8.957,9.006,10.1,9.81,11.87,11.38,-0.002,-0.003,-0.003,0.0,-0.01,-80.3064017,26.9209502,802.3
-10.3,3.7,0.0,-0.01,-0.04,-0.03,-0.18,0.04,-0.03,-0.28,0.23,9.476,9.673,8.927,8.996,10.4,9.71,11.77,11.58,-0.002,-0.003,-0.003,0.0,-0.01,-80.3064017,26.9209502,802.35
-10.2,3.7,0.0,-0.01,-0.04,-0.05,0.1,0.2,-0.17,-0.28,0.25,9.486,9.663,8.947,9.025,10.1,9.81,11.77,11.28,-0.002,-0.003,-0.003,0.0,-0.01,-80.3064017,26.9209502,802.4
-10.2,3.7,0.0,-0.01,-0.04,-0.05,0.03,0.29,-0.21,-0.27,0.24,9.496,9.663,8.957,9.015,10.3,9.71,11.58,11.28,-0.002,-0.003,-0.003,0.0,-0.01,-80.3064017,26.9209502,802.45
-10.2,3.7,0.0,-0.0,-0.03,-0.07,-0.24,0.06,0.19,-0.27,0.24,9.496,9.663,8.927,8.996,10.3,9.71,11.87,11.38,-0.002,-0.003,-0.003,0.0,-0.01,-80.3064016,26.9209503,802.5
-10.2,3.7,0.0,-0.01,-0.04,-0.02,0.01,-0.16,0.09,-0.27,0.24,9.535,9.653,8.947,9.015,10.3,9.91,11.77,11.28,-0.002,-0.003,-0.003,0.0,-0.01,-80.3064016,26.9209503,802.55
-10.3,3.7,0.0,-0.01,-0.04,-0.06,0.03,0.07,-0.03,-0.27,0.26,9.526,9.663,8.927,9.025,10.3,9.91,11.58,11.38,-0.002,-0.003,-0.003,0.0,-0.01,-80.3064016,26.9209503,802.6
-10.2,3.7,0.0,-0.01,-0.05,-0.04,0.23,0.25,-0.46,-0.27,0.24,9.496,9.673,8.937,9.025,10.3,9.61,11.67,11.58,-0.002,-0.003,-0.003,0.0,-0.01,-80.3064016,26.9209503,802.65
-10.2,3.7,0.0,-0.01,-0.02,-0.05,-0.18,0.03,0.07,-0.27,0.24,9.496,9.653,8.937,9.025,10.3,9.52,11.67,11.38,-0.002,-0.003,-0.003,0.0,-0.01,-80.3064016,26.9209503,802.7
-10.2,3.7,0.0,-0.01,-0.05,-0.02,0.1,-0.22,-0.11,-0.27,0.24,9.506,9.673,8.976,9.035,10.1,9.61,11.58,11.38,-0.002,-0.003,-0.003,0.0,-0.01,-80.3064016,26.9209503,802.75
-10.3,3.7,0.0,-0.01,-0.03,-0.05,-0.27,-0.08,-0.3,-0.28,0.24,9.506,9.653,8.937,9.006,10.5,9.81,11.77,11.48,-0.002,-0.003,-0.003,0.0,-0.01,-80.3064016,26.9209503,802.8
-10.2,3.7,0.0,-0.01,-0.05,-0.05,-0.01,0.13,-0.13,-0.27,0.24,9.496,9.682,8.966,9.015,10.59,9.71,11.77,11.28,-0.002,-0.003,-0.003,0.0,-0.02,-80.3064016,26.9209503,802.85
-10.3,3.7,0.0,-0.01,-0.04,-0.05,0.02,0.09,-0.07,-0.28,0.23,9.496,9.663,8.937,9.006,10.1,9.81,11.77,11.28,-0.002,-0.003,-0.003,0.0,-0.02,-80.3064016,26.9209503,802.9
-10.3,3.7,0.0,-0.01,-0.04,-0.05,-0.09,0.31,-0.14,-0.27,0.24,9.496,9.653,8.966,9.015,10.59,9.71,11.87,10.99,-0.002,-0.003,-0.003,0.0,-0.02,-80.3064016,26.9209503,802.95
-10.3,3.7,0.0,-0.01,-0.03,-0.05,0.04,0.12,0.04,-0.29,0.24,9.496,9.682,8.898,8.986,10.3,10.2,11.97,11.38,-0.002,-0.003,-0.003,0.0,-0.02,-80.3064016,26.9209503,803.0
-10.3,3.7,0.0,-0.01,-0.04,-0.05,0.07,0.27,0.14,-0.27,0.24,9.506,9.643,8.957,9.006,10.1,9.81,11.77,11.58,-0.002,-0.003,-0.003,0.0,-0.02,-80.3064016,26.9209503,803.05
-10.3,3.7,0.0,-0.01,-0.03,-0.06,-0.05,0.29,-0.13,-0.27,0.24,9.496,9.673,8.917,9.006,10.3,9.71,11.58,11.38,-0.002,-0.003,-0.003,0.0,-0.02,-80.3064016,26.9209503,803.1
-10.2,3.7,0.0,-0.01,-0.04,-0.04,0.02,-0.07,0.34,-0.28,0.24,9.526,9.663,8.966,9.006,10.5,10.01,11.38,11.28,-0.002,-0.003,-0.003,0.0,-0.02,-80.3064016,26.9209503,803.15
-10.3,3.7,0.0,-0.01,-0.05,-0.07,0.38,0.2,-0.41,-0.27,0.24,9.496,9.663,8.937,8.996,10.4,9.71,11.58,11.28,-0.002,-0.003,-0.003,0.0,-0.02,-80.3064016,26.9209503,803.2
-10.3,3.7,0.0,-0.01,-0.04,-0.04,0.17,0.35,-0.01,-0.27,0.24,9.506,9.643,8.957,9.015,10.4,9.81,11.77,11.38,-0.002,-0.003,-0.003,0.0,-0.02,-80.3064016,26.9209503,803.25
-10.3,3.7,0.0,-0.01,-0.02,-0.04,0.1,-0.36,0.54,-0.28,0.24,9.516,9.653,8.947,9.006,10.59,9.52,11.67,11.38,-0.002,-0.003,-0.003,0.0,-0.02,-80.3064016,26.9209503,803.3
-10.2,3.7,0.0,-0.01,-0.04,-0.05,-0.06,0.14,-0.34,-0.29,0.24,9.526,9.663,8.957,9.035,10.2,9.91,11.67,11.28,-0.002,-0.003,-0.003,0.0,-0.02,-80.3064016,26.9209503,803.35
-10.3,3.7,0.0,-0.0,-0.03,-0.06,-0.25,0.02,-0.29,-0.28,0.24,9.496,9.673,8.947,9.025,10.1,9.91,11.67,11.58,-0.002,-0.003,-0.003,0.0,-0.01,-80.3064016,26.9209503,803.4
-10.2,3.7,0.0,-0.0,-0.05,-0.02,-0.1,0.18,0.01,-0.27,0.24,9.486,9.673,8.937,9.006,10.2,9.91,11.87,11.67,-0.002,-0.003,-0.003,0.0,-0.01,-80.3064016,26.9209504,803.45
-10.3,3.7,0.0,-0.0,-0.03,-0.04,0.14,0.22,0.27,-0.29,0.24,9.506,9.663,8.937,8.986,10.2,9.71,11.67,11.58,-0.002,-0.003,-0.003,0.0,-0.01,-80.3064016,26.9209504,803.5
-10.3,3.7,0.0,-0.0,-0.05,-0.05,-0.01,-0.28,-0.2,-0.28,0.24,9.526,9.673,8.927,8.996,10.1,9.61,11.77,11.28,-0.002,-0.003,-0.003,0.0,-0.01,-80.3064016,26.9209504,803.55
-10.3,3.7,0.0,-0.01,-0.04,-0.06,-0.17,-0.04,0.07,-0.3,0.23,9.496,9.663,8.947,9.006,10.3,10.01,11.67,11.58,-0.002,-0.003,-0.003,0.0,-0.01,-80.3064016,26.9209504,803.6
-10.3,3.7,0.0,-0.01,-0.05,-0.04,-0.05,0.01,-0.51,-0.27,0.24,9.486,9.663,8.957,9.025,10.3,9.81,11.87,11.48,-0.002,-0.003,-0.003,0.0,-0.01,-80.3064015,26.9209504,803.65
-10.3,3.7,0.0,-0.01,-0.03,-0.06,0.13,0.02,0.16,-0.27,0.24,9.476,9.653,8.947,9.025,10.2,9.81,11.87,11.58,-0.002,-0.003,-0.003,0.0,-0.01,-80.3064015,26.9209504,803.7
-10.2,3.7,0.0,-0.01,-0.04,-0.04,-0.04,-0.03,0.18,-0.27,0.24,9.496,9.653,8.957,9.025,10.3,9.61,11.87,11.38,-0.002,-0.003,-0.003,0.0,-0.01,-80.3064015,26.9209504,803.75
-10.3,3.7,0.0,-0.01,-0.04,-0.04,0.06,-0.12,0.12,-0.28,0.24,9.506,9.673,8.957,9.006,10.2,9.81,11.58,11.38,-0.002,-0.003,-0.003,0.0,-0.01,-80.3064015,26.9209504,803.8
-10.2,3.7,0.0,-0.01,-0.04,-0.08,0.29,0.12,-0.28,-0.28,0.23,9.496,9.663,8.947,9.035,10.4,9.91,11.77,11.38,-0.002,-0.003,-0.003,0.0,-0.01,-80.3064015,26.9209504,803.85
-10.3,3.7,0.0,-0.01,-0.05,-0.05,-0.01,-0.0,-0.27,-0.27,0.24,9.496,9.643,8.947,9.006,10.4,9.71,11.77,11.77,-0.002,-0.003,-0.003,0.0,-0.01,-80.3064015,26.9209504,803.9
-10.2,3.7,0.0,-0.01,-0.04,-0.03,-0.29,-0.09,-0.31,-0.27,0.25,9.496,9.653,8.957,9.035,10.4,9.81,11.67,11.38,-0.002,-0.003,-0.003,0.0,-0.01,-80.3064015,26.9209504,803.95
-10.3,3.7,0.0,-0.01,-0.04,-0.04,0.06,-0.13,-0.08,-0.27,0.24,9.516,9.682,8.927,9.015,10.3,9.71,11.87,11.48,-0.002,-0.003,-0.003,0.0,-0.01,-80.3064015,26.9209504,804.0
-10.3,3.7,0.0,-0.01,-0.04,-0.03,0.17,0.01,0.02,-0.28,0.23,9.526,9.673,8.917,9.015,10.3,9.71,11.58,11.48,-0.002,-0.003,-0.003,0.0,-0.01,-80.3064015,26.9209504,804.05
-10.3,3.7,0.0,-0.01,-0.04,-0.05,-0.0,-0.15,0.03,-0.28,0.23,9.496,9.673,8.937,9.006,10.01,9.71,11.77,11.18,-0.002,-0.003,-0.003,0.0,-0.01,-80.3064015,26.9209504,804.1
-10.2,3.7,0.0,-0.01,-0.05,-0.05,0.14,-0.32,-0.18,-0.28,0.23,9.496,9.653,8.966,9.015,10.2,9.91,11.67,11.38,-0.002,-0.003,-0.003,0.0,-0.0,-80.3064015,26.9209504,804.15
-10.3,3.7,0.0,-0.01,-0.04,-0.06,-0.09,0.22,-0.07,-0.27,0.24,9.506,9.682,8.937,8.996,10.5,9.61,11.77,11.58,-0.002,-0.003,-0.003,0.0,-0.01,-80.3064015,26.9209504,804.2
-10.2,3.7,0.0,-0.01,-0.04,-0.04,0.05,-0.11,0.0,-0.27,0.23,9.516,9.673,8.947,9.025,10.2,10.01,11.87,11.38,-0.002,-0.003,-0.003,0.0,-0.01,-80.3064015,26.9209504,804.25
-10.3,3.7,0.0,-0.01,-0.04,-0.05,0.26,0.07,0.15,-0.27,0.24,9.486,9.673,8.937,8.996,10.2,9.42,11.58,11.38,-0.002,-0.003,-0.003,0.0,-0.01,-80.3064015,26.9209505,804.3
-10.2,3.7,0.0,-0.01,-0.04,-0.04,-0.38,-0.04,-0.35,-0.27,0.23,9.496,9.653,8.927,9.006,10.2,9.71,11.77,11.38,-0.002,-0.003,-0.003,0.0,-0.01,-80.3064015,26.9209505,804.35
-10.2,3.7,0.0,-0.01,-0.03,-0.07,0.0,0.14,-0.36,-0.27,0.23,9.535,9.663,8.976,9.015,10.2,9.52,11.97,11.38,-0.002,-0.003,-0.003,0.0,-0.01,-80.3064015,26.9209505,804.4
-10.2,3.7,0.0,-0.01,-0.04,-0.04,-0.1,-0.19,0.21,-0.28,0.24,9.496,9.624,8.947,9.006,10.4,9.91,11.58,11.38,-0.002,-0.003,-0.003,0.0,-0.01,-80.3064015,26.9209505,804.45
-10.3,3.7,0.0,-0.01,-0.04,-0.04,0.14,-0.24,-0.46,-0.28,0.23,9.486,9.663,8.917,9.025,10.3,9.52,11.77,11.38,-0.002,-0.003,-0.003,0.0,-0.01,-80.3064015,26.9209505,804.5
-10.2,3.7,0.0,-0.01,-0.05,-0.02,-0.09,0.2,-0.06,-0.27,0.24,9.526,9.663,8.976,9.055,10.5,9.61,11.67,11.58,-0.002,-0.003,-0.003,0.0,-0.01,-80.3064015,26.9209505,804.55
-10.3,3.7,0.0,-0.0,-0.03,-0.06,-0.11,-0.24,-0.07,-0.28,0.24,9.506,9.653,8.927,9.006,10.2,9.81,11.77,11.18,-0.002,-0.003,-0.003,0.0,-0.01,-80.3064015,26.9209505,804.6
-10.3,3.7,0.0,-0.0,-0.04,-0.04,-0.33,-0.01,-0.32,-0.27,0.23,9.506,9.673,8.937,8.986,10.3,9.91,11.87,11.38,-0.002,-0.003,-0.003,0.0,-0.01,-80.3064015,26.9209505,804.65
-10.3,3.7,0.0,-0.01,-0.04,-0.06,0.59,-0.21,0.17,-0.28,0.23,9.516,9.663,8.937,8.996,10.3,9.71,11.67,11.09,-0.002,-0.003,-0.003,0.0,-0.01,-80.3064015,26.9209505,804.7
-10.2,3.7,0.0,-0.0,-0.04,-0.05,-0.18,0.04,0.17,-0.27,0.24,9.516,9.653,8.947,9.006,10.1,9.81,11.87,11.09,-0.002,-0.003,-0.003,0.0,-0.01,-80.3064015,26.9209505,804.75
-10.3,3.7,0.0,-0.0,-0.05,-0.01,-0.36,-0.14,-0.24,-0.28,0.24,9.516,9.673,8.957,9.006,10.5,9.71,11.87,11.48,-0.002,-0.003,-0.003,0.0,-0.01,-80.3064015,26.9209505,804.8
-10.2,3.7,0.0,-0.0,-0.03,-0.06,0.18,-0.04,0.28,-0.27,0.23,9.496,9.673,8.937,9.015,10.1,9.52,11.58,11.38,-0.002,-0.003,-0.003,0.0,-0.01,-80.3064015,26.9209505,804.85
-10.2,3.7,0.0,-0.0,-0.04,-0.04,-0.09,0.11,-0.2,-0.27,0.23,9.496,9.682,8.966,9.006,10.2,10.01,11.67,11.38,-0.002,-0.003,-0.003,0.0,-0.01,-80.3064015,26.9209506,804.9
-10.2,3.7,0.0,-0.0,-0.02,-0.07,-0.06,0.05,-0.03,-0.28,0.23,9.526,9.653,8.966,9.025,10.5,9.71,11.67,11.38,-0.002,-0.003,-0.003,0.0,-0.01,-80.3064015,26.9209506,804.95
-10.2,3.7,0.0,-0.0,-0.05,-0.05,0.14,-0.04,-0.05,-0.28,0.23,9.486,9.673,8.947,8.986,10.4,9.71,11.67,11.58,-0.002,-0.003,-0.003,0.0,-0.01,-80.3064015,26.9209506,805.0
-10.2,3.7,0.0,-0.01,-0.02,-0.04,-0.12,0.17,-0.03,-0.27,0.23,9.506,9.624,8.986,9.035,10.5,9.91,11.67,11.87,-0.002,-0.003,-0.003,0.0,-0.0,-80.3064015,26.9209506,805.05
-10.3,3.7,0.0,-0.01,-0.03,-0.03,-0.06,0.08,0.03,-0.26,0.23,9.496,9.663,8.917,8.996,10.3,9.71,11.97,11.38,-0.002,-0.003,-0.003,0.0,-0.0,-80.3064015,26.9209506,805.1
-10.3,3.7,0.0,-0.01,-0.03,-0.05,-0.1,0.27,-0.38,-0.27,0.23,9.496,9.663,8.937,8.996,10.2,9.71,11.87,11.38,-0.002,-0.003,-0.003,0.0,-0.0,-80.3064015,26.9209506,805.15
-10.3,3.7,0.0,-0.01,-0.05,-0.06,0.08,0.04,-0.27,-0.27,0.23,9.496,9.682,8.937,9.025,10.5,9.61,11.87,11.48,-0.002,-0.003,-0.003,0.0,0.0,-80.3064015,26.9209506,805.2
-10.2,3.7,0.0,-0.01,-0.02,-0.06,-0.07,-0.26,0.28,-0.28,0.23,9.496,9.663,8.937,9.035,10.2,9.91,11.58,11.28,-0.002,-0.003,-0.003,0.0,0.0,-80.3064015,26.9209506,805.25
-10.3,3.7,0.0,-0.01,-0.03,-0.03,-0.02,-0.05,0.04,-0.28,0.23,9.506,9.673,8.937,9.006,10.5,9.91,11.87,11.48,-0.002,-0.003,-0.003,0.0,0.0,-80.3064015,26.9209506,805.3
-10.2,3.7,0.0,-0.01,-0.03,-0.04,0.09,0.04,-0.02,-0.29,0.21,9.476,9.673,8.957,9.035,10.4,9.71,11.87,11.58,-0.002,-0.003,-0.003,0.0,0.0,-80.3064014,26.9209506,805.35
-10.3,3.7,0.0,-0.02,-0.04,-0.03,0.23,-0.32,-0.1,-0.28,0.23,9.496,9.682,8.937,9.025,10.4,9.81,11.67,11.58,-0.002,-0.003,-0.003,0.0,0.0,-80.3064014,26.9209506,805.4
-10.2,3.7,0.0,-0.02,-0.03,-0.04,-0.11,-0.2,0.09,-0.28,0.23,9.526,9.663,8.947,9.045,10.5,9.32,11.77,11.28,-0.002,-0.003,-0.003,0.0,0.0,-80.3064014,26.9209506,805.45
-10.2,3.7,0.0,-0.01,-0.03,-0.06,-0.12,0.16,-0.04,-0.29,0.24,9.496,9.653,8.917,9.006,10.4,9.81,11.77,11.28,-0.002,-0.003,-0.003,0.0,0.0,-80.3064014,26.9209506,805.5
-10.3,3.7,0.0,-0.01,-0.05,-0.05,-0.07,0.13,-0.35,-0.3,0.24,9.526,9.663,8.957,9.015,10.2,9.91,11.77,11.28,-0.002,-0.003,-0.003,0.0,0.0,-80.3064014,26.9209506,805.55
-10.3,3.7,0.0,-0.02,-0.05,-0.04,0.34,0.28,-0.13,-0.27,0.23,9.496,9.663,8.937,9.006,10.4,9.71,11.77,11.77,-0.002,-0.003,-0.003,0.0,0.01,-80.3064014,26.9209506,805.6
-10.2,3.7,0.0,-0.02,-0.03,-0.04,0.02,-0.1,0.07,-0.29,0.23,9.486,9.663,8.957,9.025,10.2,9.81,11.87,11.38,-0.002,-0.003,-0.003,0.0,0.01,-80.3064014,26.9209506,805.65
-10.2,3.7,0.0,-0.02,-0.04,-0.05,0.26,-0.19,-0.25,-0.28,0.23,9.496,9.643,8.937,9.025,10.3,9.71,11.77,11.18,-0.002,-0.003,-0.003,0.0,0.0,-80.3064014,26.9209506,805.7
-10.2,3.7,0.0,-0.02,-0.04,-0.05,0.14,0.08,0.21,-0.28,0.23,9.496,9.653,8.947,9.015,10.4,9.81,11.87,11.58,-0.002,-0.003,-0.003,0.0,0.01,-80.3064014,26.9209506,805.75
-10.3,3.7,0.0,-0.02,-0.03,-0.06,-0.1,0.31,-0.21,-0.28,0.23,9.506,9.682,8.937,9.015,10.3,9.81,11.97,11.58,-0.002,-0.003,-0.003,0.0,0.01,-80.3064014,26.9209506,805.8
-10.2,3.7,0.0,-0.02,-0.03,-0.04,-0.04,0.03,-0.22,-0.27,0.22,9.476,9.643,8.947,9.045,10.59,9.91,11.87,11.48,-0.002,-0.003,-0.003,0.0,0.01,-80.3064014,26.9209506,805.85
-10.3,3.7,0.0,-0.02,-0.03,-0.03,-0.03,-0.03,0.09,-0.29,0.23,9.516,9.663,8.917,8.996,10.5,9.61,11.77,11.28,-0.002,-0.003,-0.003,0.0,0.01,-80.3064014,26.9209506,805.9
-10.3,3.7,0.0,-0.02,-0.05,-0.05,0.11,-0.03,-0.37,-0.29,0.23,9.506,9.663,8.947,8.996,10.3,9.81,11.77,11.09,-0.002,-0.003,-0.003,0.0,0.01,-80.3064014,26.9209506,805.95
-10.3,3.7,0.0,-0.02,-0.04,-0.06,-0.08,0.27,-0.39,-0.27,0.23,9.526,9.663,8.947,9.025,10.5,9.61,11.58,11.38,-0.002,-0.003,-0.003,0.0,0.01,-80.3064014,26.9209506,806.0
-10.2,3.7,0.0,-0.02,-0.04,-0.05,0.08,-0.16,-0.02,-0.3,0.24,9.496,9.673,8.957,9.035,10.2,9.91,11.77,11.77,-0.002,-0.003,-0.003,0.0,0.01,-80.3064014,26.9209506,806.05
-10.3,3.7,0.0,-0.02,-0.05,-0.04,0.3,-0.05,-0.07,-0.31,0.25,9.486,9.663,8.947,9.006,10.2,9.81,11.58,11.38,-0.002,-0.003,-0.003,0.0,0.01,-80.3064014,26.9209506,806.1
-10.2,3.7,0.0,-0.02,-0.05,-0.05,-0.03,-0.08,0.08,-0.28,0.24,9.486,9.673,8.947,9.015,10.3,9.71,11.67,11.87,-0.002,-0.003,-0.003,0.0,0.01,-80.3064014,26.9209506,806.15
-10.3,3.7,0.0,-0.02,-0.04,-0.04,0.07,0.29,0.19,-0.27,0.24,9.496,9.682,8.927,8.986,10.4,9.61,11.77,11.58,-0.002,-0.003,-0.003,0.0,0.01,-80.3064014,26.9209506,806.2
-10.3,3.7,0.0,-0.02,-0.05,-0.07,0.37,0.32,-0.25,-0.28,0.23,9.496,9.682,8.947,9.006,10.3,9.71,11.67,11.58,-0.002,-0.003,-0.003,0.0,0.01,-80.3064014,26.9209506,806.25
-10.3,3.7,0.0,-0.02,-0.04,-0.06,-0.11,0.0,-0.1,-0.28,0.24,9.516,9.653,8.937,9.006,10.2,9.81,11.77,11.38,-0.002,-0.003,-0.003,0.0,0.01,-80.3064014,26.9209506,806.3
-10.3,3.7,0.0,-0.02,-0.03,-0.03,-0.23,0.04,-0.06,-0.28,0.23,9.496,9.663,8.937,9.006,10.3,10.2,11.77,11.38,-0.002,-0.003,-0.003,0.0,0.01,-80.3064014,26.9209506,806.35
-10.3,3.7,0.0,-0.02,-0.04,-0.05,0.03,0.01,-0.12,-0.28,0.26,9.476,9.643,8.927,9.015,10.2,10.1,11.87,11.67,-0.002,-0.003,-0.003,0.0,0.01,-80.3064014,26.9209506,806.4
-10.2,3.7,0.0,-0.02,-0.05,-0.05,0.1,-0.17,-0.35,-0.28,0.23,9.506,9.643,8.957,9.015,10.2,9.81,11.87,11.28,-0.002,-0.003,-0.003,0.0,0.01,-80.3064014,26.9209506,806.45
-10.3,3.7,0.0,-0.02,-0.05,-0.05,0.19,-0.19,-0.02,-0.28,0.24,9.516,9.663,8.937,9.015,10.5,9.71,12.07,11.67,-0.002,-0.003,-0.003,0.0,0.01,-80.3064014,26.9209506,806.5
-10.2,3.7,0.0,-0.02,-0.04,-0.07,0.03,0.08,0.43,-0.28,0.24,9.526,9.663,8.947,9.006,9.91,9.61,11.67,11.38,-0.002,-0.003,-0.003,0.0,0.01,-80.3064014,26.9209506,806.55
-10.2,3.7,0.0,-0.02,-0.05,-0.03,-0.29,-0.28,-0.09,-0.29,0.24,9.506,9.663,8.937,9.015,10.2,9.81,11.97,11.38,-0.002,-0.003,-0.003,0.0,0.01,-80.3064014,26.9209506,806.6
-10.2,3.7,0.0,-0.02,-0.03,-0.07,-0.05,0.3,-0.15,-0.28,0.24,9.535,9.663,8.947,9.015,10.5,9.81,11.87,11.48,-0.002,-0.003,-0.003,0.0,0.01,-80.3064014,26.9209506,806.65
-10.3,3.7,0.0,-0.03,-0.04,-0.03,0.1,-0.03,-0.03,-0.28,0.25,9.516,9.653,8.937,9.015,10.4,9.71,11.77,11.48,-0.002,-0.003,-0.003,0.0,0.02,-80.3064014,26.9209506,806.7
-10.2,3.7,0.0,-0.03,-0.04,-0.05,0.04,-0.0,0.35,-0.28,0.24,9.516,9.653,8.966,9.035,10.2,9.81,11.87,11.58,-0.002,-0.003,-0.003,0.0,0.02,-80.3064013,26.9209506,806.75
-10.3,3.7,0.0,-0.03,-0.05,-0.06,0.22,-0.36,-0.25,-0.28,0.24,9.506,9.653,8.937,9.015,10.3,10.01,11.77,11.58,-0.002,-0.003,-0.003,0.0,0.02,-80.3064013,26.9209506,806.8
-10.3,3.7,0.0,-0.03,-0.04,-0.04,0.02,0.03,-0.2,-0.29,0.23,9.496,9.633,8.947,9.015,10.2,10.01,11.48,11.58,-0.002,-0.003,-0.003,0.0,0.02,-80.3064013,26.9209505,806.85
-10.3,3.7,0.0,-0.03,-0.05,-0.06,0.15,-0.08,-0.04,-0.3,0.22,9.506,9.663,8.976,9.006,10.4,9.61,11.87,11.77,-0.002,-0.003,-0.003,0.0,0.02,-80.3064013,26.9209505,806.9
-10.2,3.7,0.0,-0.03,-0.05,-0.04,0.11,-0.07,-0.06,-0.31,0.21,9.516,9.663,8.957,9.015,10.2,9.61,11.87,11.58,-0.002,-0.003,-0.003,0.0,0.02,-80.3064013,26.9209505,806.95
-10.3,3.7,0.0,-0.03,-0.03,-0.05,0.32,-0.51,0.11,-0.28,0.24,9.506,9.653,8.927,9.015,10.3,9.81,11.67,11.38,-0.002,-0.003,-0.003,0.0,0.02,-80.3064013,26.9209505,807.0
-10.3,3.7,0.0,-0.03,-0.04,-0.06,-0.11,-0.14,-0.03,-0.27,0.25,9.496,9.663,8.947,9.035,10.59,9.61,11.77,11.38,-0.002,-0.003,-0.003,0.0,0.02,-80.3064013,26.9209505,807.05
-10.3,3.7,0.0,-0.03,-0.04,-0.05,0.3,-0.05,-0.58,-0.28,0.23,9.496,9.663,8.937,9.025,10.4,9.81,11.58,11.58,-0.002,-0.003,-0.003,0.0,0.02,-80.3064013,26.9209505,807.1
-10.3,3.7,0.0,-0.03,-0.04,-0.05,-0.13,0.15,-0.45,-0.28,0.23,9.516,9.663,8.937,9.006,10.2,9.81,11.97,11.48,-0.002,-0.003,-0.003,0.0,0.02,-80.3064013,26.9209505,807.15
-10.3,3.7,0.0,-0.03,-0.03,-0.05,-0.18,-0.18,0.38,-0.29,0.24,9.506,9.663,8.947,9.015,10.59,9.52,11.77,11.28,-0.002,-0.003,-0.003,0.0,0.02,-80.3064013,26.9209505,807.2
-10.3,3.7,0.0,-0.03,-0.01,-0.04,-0.31,0.08,0.01,-0.28,0.24,9.476,9.643,8.937,9.015,10.4,9.52,11.77,11.38,-0.002,-0.003,-0.003,0.0,0.02,-80.3064013,26.9209505,807.25
-10.3,3.7,0.0,-0.03,-0.05,-0.04,-0.02,0.08,0.16,-0.27,0.22,9.506,9.663,8.917,9.006,10.3,9.91,11.87,11.38,-0.002,-0.003,-0.003,0.0,0.02,-80.3064013,26.9209505,807.3
-10.2,3.7,0.0,-0.01,-0.04,-0.06,-0.03,-0.26,-0.25,-0.29,0.24,9.486,9.663,8.937,9.006,10.3,9.91,11.87,11.38,-0.002,-0.003,-0.003,0.0,-0.0,-80.3064013,26.9209505,807.35
-10.3,3.7,0.0,-0.01,-0.05,-0.04,-0.05,0.26,0.12,-0.28,0.25,9.496,9.673,8.947,9.025,10.3,9.81,11.77,11.38,-0.002,-0.003,-0.003,0.0,0.0,-80.3064013,26.9209505,807.4
-10.2,3.7,0.0,-0.01,-0.03,-0.07,0.13,-0.04,-0.24,-0.28,0.23,9.516,9.633,8.947,9.035,10.3,9.71,11.87,11.58,-0.002,-0.003,-0.003,0.0,0.01,-80.3064013,26.9209505,807.45
-10.3,3.7,0.0,-0.01,-0.06,-0.03,0.13,0.15,-0.08,-0.28,0.24,9.506,9.682,8.937,8.986,10.2,10.1,11.97,11.38,-0.002,-0.003,-0.003,0.0,0.01,-80.3064013,26.9209505,807.5
-10.2,3.7,0.0,-0.01,-0.03,-0.06,-0.08,-0.37,-0.19,-0.29,0.23,9.535,9.663,8.937,9.006,10.2,9.52,11.87,11.67,-0.002,-0.003,-0.003,0.0,0.01,-80.3064013,26.9209505,807.55
-10.2,3.7,0.0,-0.01,-0.05,-0.04,0.04,-0.1,-0.2,-0.29,0.24,9.496,9.663,8.937,9.015,10.2,9.52,11.67,11.38,-0.002,-0.003,-0.003,0.0,0.01,-80.3064013,26.9209505,807.6
-10.3,3.7,0.0,-0.01,-0.03,-0.04,-0.4,-0.21,-0.23,-0.28,0.24,9.496,9.692,8.917,8.996,10.3,9.81,12.07,11.48,-0.002,-0.003,-0.003,0.0,0.01,-80.3064013,26.9209505,807.65
-10.3,3.7,0.0,-0.01,-0.05,-0.05,0.2,0.07,-0.25,-0.28,0.24,9.526,9.643,8.957,9.006,10.2,9.81,11.67,11.48,-0.002,-0.003,-0.003,0.0,0.01,-80.3064013,26.9209505,807.7
-10.2,3.7,0.0,-0.0,-0.04,-0.05,-0.07,0.03,-0.01,-0.29,0.24,9.486,9.682,8.976,9.045,10.3,9.61,11.77,11.87,-0.002,-0.003,-0.003,0.0,0.01,-80.3064013,26.9209505,807.75
-10.2,3.7,0.0,-0.0,-0.03,-0.04,-0.13,-0.1,0.03,-0.3,0.24,9.516,9.663,8.937,8.996,10.5,9.71,11.67,11.58,-0.002,-0.003,-0.003,0.0,0.01,-80.3064013,26.9209505,807.8
-10.2,3.7,0.0,-0.0,-0.05,-0.05,0.17,-0.18,0.16,-0.29,0.24,9.506,9.673,8.957,9.035,10.4,9.81,11.67,11.28,-0.002,-0.003,-0.003,0.0,0.01,-80.3064013,26.9209505,807.85
-10.3,3.7,0.0,-0.01,-0.04,-0.05,0.1,-0.18,-0.18,-0.3,0.25,9.516,9.633,8.957,9.006,10.3,9.61,11.77,11.09,-0.002,-0.003,-0.003,0.0,0.01,-80.3064013,26.9209505,807.9
-10.3,3.7,0.0,-0.0,-0.02,-0.04,-0.23,0.12,0.43,-0.29,0.24,9.506,9.663,8.937,9.035,10.3,9.81,11.77,11.58,-0.002,-0.003,-0.003,0.0,0.01,-80.3064013,26.9209505,807.95
-10.3,3.7,0.0,-0.0,-0.04,-0.05,0.01,-0.21,0.1,-0.29,0.26,9.506,9.633,8.937,8.976,10.4,9.91,11.87,11.38,-0.002,-0.003,-0.003,0.0,0.01,-80.3064013,26.9209505,808.0
-10.3,3.7,0.0,-0.0,-0.05,-0.05,0.37,0.09,-0.01,-0.28,0.29,9.526,9.663,8.917,9.006,10.1,9.42,11.48,11.58,-0.002,-0.003,-0.003,0.0,0.01,-80.3064013,26.9209505,808.05
-10.3,3.7,0.0,-0.0,-0.03,-0.04,-0.1,-0.09,0.0,-0.27,0.31,9.506,9.682,8.947,9.006,10.3,9.71,11.67,11.48,-0.002,-0.003,-0.003,0.0,0.01,-80.3064013,26.9209505,808.1
-10.0,3.6,0.0,-0.0,-0.03,-0.07,0.09,0.2,0.02,-0.3,0.24,9.476,9.663,9.055,9.133,10.3,9.71,11.58,11.38,-0.002,-0.003,-0.003,0.0,0.01,-80.3064013,26.9209505,808.15
-10.3,3.7,0.0,-0.01,-0.04,-0.04,-0.17,-0.04,-0.04,-0.31,0.24,9.506,9.663,8.947,8.996,10.2,9.61,11.87,11.28,-0.002,-0.003,-0.003,0.0,0.0,-80.3064013,26.9209505,808.2
-10.2,3.7,0.0,-0.01,-0.03,-0.04,-0.22,-0.11,-0.06,-0.33,0.24,9.496,9.643,8.917,9.015,10.5,9.81,11.77,11.58,-0.002,-0.003,-0.003,0.0,0.01,-80.3064013,26.9209505,808.25
-10.3,3.7,0.0,-0.01,-0.03,-0.05,0.09,0.28,-0.06,-0.34,0.24,9.496,9.643,8.966,9.015,10.2,9.81,11.97,11.67,-0.002,-0.003,-0.003,0.0,0.01,-80.3064013,26.9209505,808.3
-10.3,3.7,0.0,-0.01,-0.04,-0.04,0.03,-0.3,-0.32,-0.29,0.24,9.506,9.653,8.947,8.996,10.2,9.52,11.97,11.67,-0.002,-0.003,-0.003,0.0,0.01,-80.3064013,26.9209505,808.35
-10.3,3.7,0.0,-0.0,-0.04,-0.05,0.09,0.12,-0.04,-0.31,0.22,9.496,9.663,8.957,9.006,10.3,9.71,11.87,11.58,-0.002,-0.003,-0.003,0.0,0.01,-80.3064013,26.9209504,808.4
-10.2,3.7,0.0,-0.0,-0.03,-0.04,-0.23,-0.19,0.31,-0.32,0.21,9.506,9.663,8.976,9.015,10.3,9.71,12.07,11.09,-0.002,-0.003,-0.003,0.0,0.01,-80.3064013,26.9209504,808.45
-10.3,3.7,0.0,-0.0,-0.03,-0.06,0.14,0.38,-0.3,-0.34,0.19,9.486,9.663,8.937,9.006,10.2,9.81,11.77,11.28,-0.002,-0.003,-0.003,0.0,0.01,-80.3064013,26.9209504,808.5
-10.2,3.7,0.0,-0.0,-0.05,-0.04,-0.15,0.06,0.14,-0.35,0.18,9.496,9.682,8.966,9.006,10.59,9.91,11.77,11.48,-0.002,-0.003,-0.003,0.0,0.01,-80.3064013,26.9209504,808.55
-10.3,3.7,0.0,-0.0,-0.05,-0.07,0.09,-0.16,-0.36,-0.29,0.25,9.506,9.663,8.937,9.006,10.5,9.71,12.07,11.58,-0.002,-0.003,-0.003,0.0,0.01,-80.3064013,26.9209504,808.6
-10.3,3.7,0.0,-0.0,-0.04,-0.04,0.21,-0.13,0.03,-0.3,0.27,9.496,9.673,8.957,9.006,10.1,9.61,11.77,11.48,-0.002,-0.003,-0.003,0.0,0.01,-80.3064013,26.9209504,808.65
-10.3,3.7,0.0,0.0,-0.03,-0.06,0.04,0.26,0.07,-0.3,0.3,9.486,9.643,8.947,9.006,10.5,9.71,11.77,11.38,-0.002,-0.003,-0.003,0.0,0.01,-80.3064013,26.9209504,808.7
-10.2,3.7,0.0,0.0,-0.04,-0.04,-0.21,0.18,-0.01,-0.29,0.23,9.506,9.673,8.937,9.045,10.3,9.81,11.48,11.58,-0.002,-0.003,-0.003,0.0,0.01,-80.3064013,26.9209504,808.75
-10.3,3.7,0.0,0.0,-0.03,-0.06,-0.09,0.16,0.38,-0.29,0.24,9.516,9.663,8.947,8.996,10.5,9.71,11.87,11.48,-0.002,-0.003,-0.003,0.0,0.01,-80.3064013,26.9209504,808.8
-10.2,3.7,0.0,0.0,-0.03,-0.05,0.24,0.03,0.48,-0.3,0.24,9.496,9.663,8.947,9.015,10.1,10.1,11.87,11.09,-0.002,-0.003,-0.003,0.0,0.01,-80.3064013,26.9209504,808.85
-10.3,3.7,0.0,0.0,-0.04,-0.03,-0.05,-0.26,-0.27,-0.29,0.27,9.496,9.663,8.907,9.025,10.2,9.71,11.77,11.38,-0.002,-0.003,-0.003,0.0,0.01,-80.3064013,26.9209504,808.9
-10.2,3.7,0.0,0.0,-0.04,-0.08,0.11,0.04,0.14,-0.28,0.3,9.496,9.653,8.986,9.006,10.3,9.71,11.77,11.58,-0.002,-0.003,-0.003,0.0,0.01,-80.3064013,26.9209504,808.95
-10.3,3.7,0.0,0.0,-0.03,-0.04,-0.24,-0.09,-0.27,-0.28,0.34,9.506,9.673,8.947,9.006,10.5,9.71,11.77,11.28,-0.002,-0.003,-0.003,0.0,0.01,-80.3064013,26.9209504,809.0
-10.2,3.7,0.0,0.0,-0.04,-0.04,-0.11,0.12,0.33,-0.29,0.24,9.496,9.653,8.937,9.015,10.4,9.91,11.87,11.28,-0.002,-0.003,-0.003,0.0,0.01,-80.3064013,26.9209504,809.05
-10.3,3.7,0.0,0.01,-0.03,-0.05,-0.04,-0.08,-0.05,-0.29,0.26,9.516,9.663,8.947,8.976,10.5,9.71,11.58,11.67,-0.002,-0.003,-0.003,0.0,0.01,-80.3064013,26.9209504,809.1
-10.3,3.7,0.0,0.0,-0.04,-0.05,0.21,0.12,-0.03,-0.28,0.28,9.516,9.663,8.927,8.986,10.3,9.52,11.48,11.28,-0.002,-0.003,-0.003,0.0,0.01,-80.3064013,26.9209504,809.15
-10.3,3.7,0.0,0.01,-0.07,-0.0,-0.36,0.1,0.05,-0.27,0.29,9.486,9.663,8.966,9.015,10.5,9.71,11.58,11.28,-0.002,-0.003,-0.003,0.0,0.01,-80.3064013,26.9209504,809.2
-10.3,3.7,0.0,0.01,-0.07,-0.02,0.11,-0.29,-0.19,-0.27,0.31,9.496,9.673,8.947,9.015,10.59,10.01,11.77,11.67,-0.002,-0.003,-0.003,0.0,0.01,-80.3064013,26.9209504,809.25
-10.2,3.7,0.0,0.01,-0.03,-0.07,0.06,0.26,-0.04,-0.26,0.32,9.496,9.653,8.966,9.015,10.4,9.61,11.87,11.38,-0.002,-0.003,-0.003,0.0,0.01,-80.3064013,26.9209504,809.3
-10.2,3.7,0.0,0.01,-0.04,-0.04,0.09,0.0,-0.28,-0.26,0.34,9.496,9.673,8.957,9.025,10.1,9.61,11.87,11.38,-0.002,-0.003,-0.003,0.0,0.01,-80.3064013,26.9209504,809.35
-10.3,3.7,0.0,0.01,-0.03,-0.06,-0.09,0.09,0.29,-0.29,0.24,9.516,9.673,8.917,9.015,10.3,9.61,11.87,11.38,-0.002,-0.003,-0.003,0.0,0.01,-80.3064013,26.9209504,809.4
-10.2,3.7,0.0,0.01,-0.03,-0.03,-0.16,-0.07,0.19,-0.29,0.26,9.496,9.633,8.957,9.045,10.4,9.81,11.77,11.48,-0.002,-0.003,-0.003,0.0,0.01,-80.3064013,26.9209504,809.45
-10.3,3.7,0.0,0.01,-0.05,-0.05,0.04,-0.28,0.2,-0.28,0.27,9.476,9.663,8.937,9.035,10.4,9.71,11.58,11.38,-0.002,-0.003,-0.003,0.0,0.01,-80.3064013,26.9209504,809.5
-10.2,3.7,0.0,0.01,-0.03,-0.07,0.16,-0.09,-0.08,-0.28,0.29,9.486,9.633,8.976,9.006,10.3,9.52,11.77,11.38,-0.002,-0.003,-0.003,0.0,0.01,-80.3064013,26.9209504,809.55
-10.3,3.7,0.0,0.01,-0.05,-0.03,0.0,0.13,0.03,-0.27,0.3,9.486,9.673,8.917,9.025,10.5,9.71,11.87,11.58,-0.002,-0.003,-0.003,0.0,0.01,-80.3064012,26.9209504,809.6
-10.3,3.7,0.0,0.01,-0.04,-0.07,0.61,-0.14,0.16,-0.29,0.24,9.506,9.673,8.937,9.006,10.3,9.91,11.87,11.38,-0.002,-0.003,-0.003,0.0,0.01,-80.3064013,26.9209504,809.65
-10.3,3.7,0.0,0.01,-0.04,-0.04,-0.1,0.08,-0.09,-0.29,0.24,9.496,9.673,8.937,9.006,10.59,9.91,11.58,11.58,-0.002,-0.003,-0.003,0.0,0.01,-80.3064013,26.9209504,809.7
-10.2,3.7,0.0,0.01,-0.03,-0.05,0.11,0.12,-0.13,-0.28,0.25,9.506,9.653,8.966,9.015,10.2,9.71,11.77,11.28,-0.002,-0.003,-0.003,0.0,0.01,-80.3064012,26.9209504,809.75
-10.3,3.7,0.0,0.01,-0.06,-0.04,0.06,-0.02,-0.16,-0.27,0.25,9.496,9.702,8.947,9.006,10.59,9.61,11.77,11.48,-0.002,-0.003,-0.003,0.0,0.01,-80.3064012,26.9209504,809.8
-10.2,3.7,0.0,0.01,-0.02,-0.05,-0.14,-0.07,0.0,-0.26,0.26,9.516,9.663,8.957,9.025,10.5,9.61,12.07,11.38,-0.002,-0.003,-0.003,0.0,0.01,-80.3064012,26.9209504,809.85
-10.3,3.7,0.0,0.02,-0.05,-0.04,0.21,-0.31,-0.1,-0.25,0.26,9.535,9.663,8.947,9.015,10.3,9.81,11.67,11.38,-0.002,-0.003,-0.003,0.0,0.01,-80.3064012,26.9209504,809.9
-10.2,3.7,0.0,0.02,-0.03,-0.06,-0.24,0.08,0.24,-0.24,0.27,9.506,9.692,8.947,9.015,10.3,9.61,11.77,11.18,-0.002,-0.003,-0.003,0.0,0.01,-80.3064012,26.9209504,809.95
-10.2,3.7,0.0,0.02,-0.04,-0.05,-0.09,-0.42,0.02,-0.3,0.24,9.506,9.682,8.947,8.996,10.4,9.81,11.77,11.38,-0.002,-0.003,-0.003,0.0,0.01,-80.3064012,26.9209504,810.0
-10.2,3.7,0.0,0.02,-0.02,-0.05,-0.06,0.33,0.1,-0.28,0.24,9.496,9.682,8.957,9.035,10.3,9.71,11.77,11.18,-0.002,-0.003,-0.003,0.0,0.01,-80.3064012,26.9209504,810.05
-10.3,3.7,0.0,0.02,-0.05,-0.05,0.27,0.22,-0.18,-0.29,0.24,9.516,9.673,8.947,8.986,10.4,9.52,11.67,11.28,-0.002,-0.003,-0.003,0.0,0.01,-80.3064012,26.9209504,810.1
-10.2,3.7,0.0,0.02,-0.03,-0.05,-0.23,0.05,-0.22,-0.29,0.24,9.496,9.653,8.976,9.045,10.4,9.42,11.87,11.38,-0.002,-0.003,-0.003,0.0,0.01,-80.3064012,26.9209504,810.15
-10.2,3.7,0.0,0.02,-0.03,-0.04,0.05,-0.16,-0.58,-0.29,0.23,9.496,9.624,8.917,9.006,10.3,9.91,12.07,11.77,-0.002,-0.003,-0.003,0.0,0.01,-80.3064012,26.9209504,810.2
-10.3,3.7,0.0,0.02,-0.04,-0.05,-0.28,0.21,0.04,-0.29,0.24,9.496,9.682,8.957,8.996,10.2,9.81,11.48,11.28,-0.002,-0.003,-0.003,0.0,0.01,-80.3064012,26.9209504,810.25
-10.3,3.7,0.0,0.02,-0.03,-0.04,-0.05,-0.29,-0.17,-0.3,0.24,9.496,9.653,8.937,9.055,10.4,9.81,11.28,11.48,-0.002,-0.003,-0.003,0.0,0.01,-80.3064012,26.9209504,810.3
-10.3,3.7,0.0,0.02,-0.03,-0.03,0.0,0.28,0.21,-0.29,0.24,9.476,9.663,8.917,9.035,10.3,9.81,11.38,11.38,-0.002,-0.003,-0.003,0.0,0.01,-80.3064012,26.9209504,810.35
-10.3,3.7,0.0,0.02,-0.04,-0.04,-0.19,-0.05,-0.01,-0.29,0.23,9.496,9.673,8.937,9.006,10.4,9.61,11.67,11.58,-0.002,-0.003,-0.003,0.0,0.01,-80.3064012,26.9209504,810.4
-10.3,3.7,0.0,0.02,-0.04,-0.05,-0.2,-0.04,-0.22,-0.29,0.24,9.506,9.673,8.957,9.006,10.4,10.01,11.87,11.28,-0.002,-0.003,-0.003,0.0,0.01,-80.3064012,26.9209504,810.45
-10.3,3.7,0.0,0.02,-0.03,-0.04,-0.53,-0.14,-0.07,-0.3,0.24,9.506,9.643,8.927,8.966,10.3,9.71,11.58,11.48,-0.002,-0.003,-0.003,0.0,0.01,-80.3064012,26.9209504,810.5
-10.3,3.7,0.0,0.02,-0.04,-0.06,0.29,0.01,0.03,-0.3,0.24,9.526,9.663,8.937,9.015,10.1,9.91,11.87,11.38,-0.002,-0.003,-0.003,0.0,0.01,-80.3064012,26.9209504,810.55
-10.3,3.7,0.0,0.02,-0.05,-0.07,0.03,-0.04,-0.04,-0.31,0.24,9.496,9.643,8.927,9.006,10.3,9.91,11.87,11.48,-0.002,-0.003,-0.003,0.0,0.01,-80.3064012,26.9209504,810.6
-10.2,3.7,0.0,0.03,-0.05,-0.04,0.04,0.14,-0.0,-0.31,0.24,9.496,9.653,8.966,9.006,10.2,9.52,11.58,11.28,-0.002,-0.003,-0.003,0.0,0.01,-80.3064012,26.9209504,810.65
-10.2,3.7,0.0,0.03,-0.03,-0.06,0.04,0.21,0.11,-0.29,0.24,9.496,9.633,8.937,9.015,10.4,9.71,11.77,11.58,-0.002,-0.003,-0.003,0.0,0.01,-80.3064012,26.9209504,810.7
-10.2,3.7,0.0,-0.01,-0.06,-0.04,-0.18,-0.14,-0.22,-0.31,0.24,9.496,9.643,8.966,9.035,10.2,9.91,11.58,11.77,-0.002,-0.003,-0.003,0.0,0.0,-80.3064012,26.9209504,810.75
-10.3,3.7,0.0,-0.01,-0.02,-0.05,-0.06,0.09,0.16,-0.31,0.24,9.506,9.682,8.917,9.015,10.2,9.61,11.87,11.67,-0.002,-0.003,-0.003,0.0,0.01,-80.3064012,26.9209504,810.8
-10.2,3.7,0.0,-0.01,-0.05,-0.03,0.02,-0.17,0.11,-0.3,0.25,9.496,9.692,8.937,8.996,10.3,9.91,11.87,11.28,-0.002,-0.003,-0.003,0.0,0.01,-80.3064012,26.9209504,810.85
-10.3,3.7,0.0,-0.0,-0.06,-0.06,0.17,-0.2,-0.25,-0.3,0.24,9.516,9.682,8.957,9.006,10.5,9.91,11.67,11.67,-0.002,-0.003,-0.003,0.0,0.01,-80.3064012,26.9209504,810.9
-10.2,3.7,0.0,-0.0,-0.03,-0.05,0.04,-0.39,-0.27,-0.3,0.24,9.506,9.653,8.957,9.025,10.3,10.01,11.97,11.38,-0.002,-0.003,-0.003,0.0,0.01,-80.3064012,26.9209504,810.95
-10.3,3.7,0.0,-0.0,-0.04,-0.03,-0.36,-0.15,0.15,-0.3,0.24,9.496,9.653,8.927,9.015,10.2,9.81,11.77,11.38,-0.002,-0.003,-0.003,0.0,0.01,-80.3064012,26.9209504,811.0
-10.2,3.7,0.0,-0.0,-0.03,-0.07,0.15,-0.09,0.12,-0.3,0.24,9.486,9.653,8.947,9.006,10.3,9.71,11.87,11.38,-0.002,-0.003,-0.003,0.0,0.01,-80.3064012,26.9209504,811.05
-10.3,3.7,0.0,-0.0,-0.03,-0.04,-0.09,-0.17,0.03,-0.29,0.24,9.496,9.663,8.957,9.015,10.3,9.61,11.87,11.38,-0.002,-0.003,-0.003,0.0,0.01,-80.3064012,26.9209504,811.1
-10.2,3.7,0.0,-0.0,-0.04,-0.04,0.03,-0.03,-0.16,-0.3,0.24,9.516,9.673,8.957,9.015,10.3,9.81,11.77,11.28,-0.002,-0.003,-0.003,0.0,0.02,-80.3064012,26.9209504,811.15
-10.2,3.7,0.0,0.0,-0.03,-0.05,-0.35,0.12,0.29,-0.28,0.24,9.496,9.682,8.947,9.025,10.3,10.01,11.77,11.58,-0.002,-0.003,-0.003,0.0,0.01,-80.3064012,26.9209504,811.2
-10.3,3.7,0.0,0.0,-0.04,-0.04,-0.17,0.04,0.06,-0.27,0.24,9.506,9.653,8.966,9.015,10.3,9.81,11.87,11.28,-0.002,-0.003,-0.003,0.0,0.02,-80.3064012,26.9209504,811.25
-10.3,3.7,0.0,0.0,-0.04,-0.05,-0.07,0.22,-0.01,-0.29,0.24,9.476,9.643,8.917,9.015,10.2,9.81,11.48,11.58,-0.002,-0.003,-0.003,0.0,0.02,-80.3064012,26.9209504,811.3
-10.2,3.7,0.0,0.0,-0.05,-0.04,0.04,-0.08,-0.2,-0.31,0.24,9.516,9.663,8.957,9.025,10.3,9.71,11.48,11.18,-0.002,-0.003,-0.003,0.0,0.02,-80.3064012,26.9209504,811.35
-10.3,3.7,0.0,0.0,-0.03,-0.06,-0.05,-0.23,0.07,-0.3,0.24,9.526,9.653,8.947,8.996,10.1,9.71,11.58,11.38,-0.002,-0.003,-0.003,0.0,0.02,-80.3064012,26.9209504,811.4
-10.3,3.7,0.0,0.0,-0.04,-0.04,-0.0,0.18,-0.07,-0.29,0.24,9.506,9.673,8.947,8.996,10.2,9.81,11.58,11.77,-0.002,-0.003,-0.003,0.0,0.02,-80.3064012,26.9209504,811.45
-10.3,3.7,0.0,0.0,-0.04,-0.06,-0.11,0.06,-0.4,-0.29,0.25,9.506,9.673,8.957,9.015,10.5,9.71,11.87,11.48,-0.002,-0.003,-0.003,0.0,0.02,-80.3064012,26.9209504,811.5
-10.3,3.7,0.0,0.0,-0.05,-0.04,0.0,-0.14,-0.14,-0.29,0.24,9.486,9.663,8.947,9.006,10.4,9.71,11.67,11.58,-0.002,-0.003,-0.003,0.0,0.02,-80.3064012,26.9209504,811.55
-10.3,3.7,0.0,0.01,-0.03,-0.05,0.11,0.25,0.03,-0.28,0.24,9.516,9.682,8.937,9.015,10.2,9.71,11.58,11.38,-0.002,-0.003,-0.003,0.0,0.03,-80.3064012,26.9209504,811.6
-10.3,3.7,0.0,0.01,-0.04,-0.05,-0.07,-0.04,0.14,-0.28,0.24,9.506,9.682,8.957,9.025,10.2,10.01,11.87,11.58,-0.002,-0.003,-0.003,0.0,0.03,-80.3064012,26.9209504,811.65
-10.3,3.7,0.0,0.01,-0.04,-0.05,0.17,0.17,-0.15,-0.27,0.24,9.496,9.663,8.937,9.006,10.1,9.71,11.77,11.77,-0.002,-0.003,-0.003,0.0,0.03,-80.3064012,26.9209504,811.7
-10.2,3.7,0.0,0.01,-0.03,-0.05,-0.11,0.19,0.17,-0.26,0.23,9.476,9.653,8.996,9.025,10.4,10.01,11.67,11.38,-0.002,-0.003,-0.003,0.0,0.03,-80.3064012,26.9209504,811.75
-10.3,3.7,0.0,0.01,-0.03,-0.05,-0.06,-0.09,-0.06,-0.26,0.23,9.506,9.653,8.947,9.015,10.01,9.91,11.67,11.38,-0.002,-0.003,-0.003,0.0,0.03,-80.3064012,26.9209504,811.8
-10.2,3.7,0.0,0.01,-0.04,-0.04,0.0,-0.03,0.08,-0.25,0.23,9.506,9.663,8.937,9.035,10.2,10.01,11.77,11.09,-0.002,-0.003,-0.003,0.0,0.03,-80.3064012,26.9209504,811.85
-10.3,3.7,0.0,0.01,-0.04,-0.06,0.19,-0.01,0.08,-0.24,0.23,9.496,9.663,8.937,9.025,10.4,9.61,11.87,11.58,-0.002,-0.003,-0.003,0.0,0.03,-80.3064012,26.9209504,811.9
-10.3,3.7,0.0,0.01,-0.06,-0.04,0.33,-0.11,0.11,-0.3,0.23,9.506,9.643,8.937,9.035,10.3,9.71,11.67,11.28,-0.002,-0.003,-0.003,0.0,0.03,-80.3064012,26.9209504,811.95
-10.3,3.7,0.0,0.01,-0.03,-0.05,0.1,-0.22,0.1,-0.3,0.22,9.506,9.663,8.976,9.006,10.1,9.91,11.87,11.58,-0.002,-0.003,-0.003,0.0,0.04,-80.3064012,26.9209504,812.0
-10.2,3.7,0.0,0.01,-0.04,-0.06,0.1,-0.13,0.27,-0.3,0.21,9.516,9.653,8.947,9.035,10.3,9.81,11.77,11.38,-0.002,-0.003,-0.003,0.0,0.03,-80.3064012,26.9209504,812.05
-10.3,3.7,0.0,0.01,-0.04,-0.05,0.03,-0.04,0.02,-0.31,0.2,9.506,9.643,8.937,9.006,10.2,9.81,11.87,11.77,-0.002,-0.003,-0.003,0.0,0.04,-80.3064012,26.9209504,812.1
-10.2,3.7,0.0,0.01,-0.04,-0.03,-0.01,0.15,-0.33,-0.3,0.23,9.496,9.663,8.957,9.025,10.2,9.81,11.97,11.38,-0.002,-0.003,-0.003,0.0,0.04,-80.3064012,26.9209505,812.15
-10.3,3.7,0.0,0.01,-0.03,-0.07,0.02,-0.35,0.27,-0.29,0.25,9.476,9.673,8.947,9.015,10.1,9.91,11.87,11.28,-0.002,-0.003,-0.003,0.0,0.04,-80.3064012,26.9209505,812.2
-10.3,3.7,0.0,0.01,-0.04,-0.04,-0.04,0.26,-0.12,-0.29,0.24,9.506,9.663,8.937,8.976,10.4,9.52,11.77,11.38,-0.002,-0.003,-0.003,0.0,0.04,-80.3064012,26.9209505,812.25
-10.3,3.7,0.0,0.02,-0.04,-0.06,0.02,0.05,-0.25,-0.29,0.24,9.486,9.663,8.937,9.015,10.3,9.71,11.58,11.48,-0.002,-0.003,-0.003,0.0,0.04,-80.3064012,26.9209505,812.3
-10.2,3.7,0.0,0.01,-0.05,-0.03,0.19,-0.03,-0.28,-0.29,0.24,9.496,9.643,8.957,9.025,10.4,9.71,11.58,11.48,-0.002,-0.003,-0.003,0.0,0.04,-80.3064012,26.9209505,812.35
-10.3,3.7,0.0,0.02,-0.03,-0.05,-0.01,-0.29,-0.2,-0.29,0.24,9.506,9.673,8.927,9.015,10.5,9.61,11.87,11.58,-0.002,-0.003,-0.003,0.0,0.04,-80.3064013,26.9209505,812.4
-10.2,3.7,0.0,0.02,-0.05,-0.06,0.03,0.09,0.07,-0.29,0.23,9.506,9.673,8.966,9.025,10.3,9.81,11.67,11.28,-0.002,-0.003,-0.003,0.0,0.05,-80.3064013,26.9209505,812.45
-10.3,3.7,0.0,0.02,-0.04,-0.05,0.01,0.43,0.06,-0.28,0.24,9.506,9.633,8.947,9.025,10.1,9.81,11.77,11.28,-0.002,-0.003,-0.003,0.0,0.05,-80.3064013,26.9209505,812.5
-10.3,3.7,0.0,0.02,-0.05,-0.04,0.07,-0.01,-0.43,-0.29,0.24,9.496,9.682,8.927,9.015,10.3,9.81,11.77,11.28,-0.002,-0.003,-0.003,0.0,0.05,-80.3064013,26.9209505,812.55
-10.3,3.7,0.0,0.02,-0.04,-0.06,0.21,0.34,0.16,-0.28,0.24,9.486,9.653,8.927,9.006,10.2,10.01,11.58,11.48,-0.002,-0.003,-0.003,0.0,0.05,-80.3064013,26.9209505,812.6
-10.3,3.7,0.0,0.02,-0.03,-0.03,0.04,0.03,0.24,-0.28,0.24,9.506,9.682,8.917,9.006,10.3,9.81,11.67,11.28,-0.002,-0.003,-0.003,0.0,0.05,-80.3064013,26.9209505,812.65
-10.3,3.7,0.0,0.02,-0.03,-0.05,0.15,0.1,-0.04,-0.28,0.26,9.486,9.663,8.947,9.015,10.4,9.91,11.67,11.28,-0.002,-0.003,-0.003,0.0,0.05,-80.3064013,26.9209505,812.7
-10.2,3.7,0.0,0.02,-0.05,-0.05,0.2,-0.01,-0.15,-0.28,0.24,9.496,9.643,8.976,9.025,10.3,9.81,11.48,11.38,-0.002,-0.003,-0.003,0.0,0.05,-80.3064013,26.9209505,812.75
-10.3,3.7,0.0,0.02,-0.04,-0.04,-0.07,0.04,0.03,-0.27,0.25,9.496,9.673,8.937,9.015,10.4,9.71,11.58,11.67,-0.002,-0.003,-0.003,0.0,0.05,-80.3064013,26.9209505,812.8
-10.3,3.7,0.0,0.02,-0.05,-0.07,-0.04,0.08,-0.13,-0.26,0.24,9.506,9.653,8.966,9.015,10.2,9.71,12.07,11.38,-0.002,-0.003,-0.003,0.0,0.05,-80.3064013,26.9209505,812.85
-10.3,3.7,0.0,0.02,-0.04,-0.05,0.12,0.17,-0.26,-0.24,0.23,9.486,9.663,8.937,9.035,10.5,9.91,11.58,11.77,-0.002,-0.003,-0.003,0.0,0.06,-80.3064013,26.9209506,812.9
-10.2,3.7,0.0,0.02,-0.02,-0.05,-0.2,0.22,-0.01,-0.29,0.24,9.516,9.663,8.966,9.035,10.3,9.61,11.77,11.77,-0.002,-0.003,-0.003,0.0,0.06,-80.3064013,26.9209506,812.95
-10.3,3.7,0.0,0.02,-0.04,-0.04,0.02,0.11,-0.17,-0.29,0.26,9.526,9.673,8.976,9.025,10.1,9.71,12.16,11.48,-0.002,-0.003,-0.003,0.0,0.06,-80.3064013,26.9209506,813.0
-10.2,3.7,0.0,0.02,-0.04,-0.05,0.22,0.1,0.13,-0.29,0.29,9.516,9.663,8.937,9.015,10.4,10.01,11.87,11.58,-0.002,-0.003,-0.003,0.0,0.06,-80.3064013,26.9209506,813.05
-10.3,3.7,0.0,0.03,-0.04,-0.06,0.04,0.21,0.14,-0.29,0.31,9.496,9.663,8.937,9.006,10.2,9.91,11.58,11.58,-0.002,-0.003,-0.003,0.0,0.06,-80.3064013,26.9209506,813.1
-10.3,3.7,0.0,0.03,-0.04,-0.04,-0.09,0.21,0.53,-0.28,0.25,9.486,9.663,8.937,9.035,10.2,9.91,11.77,11.58,-0.002,-0.003,-0.003,0.0,0.06,-80.3064013,26.9209506,813.15
-10.2,3.7,0.0,0.03,-0.02,-0.05,0.1,0.04,0.26,-0.27,0.28,9.486,9.653,8.937,9.006,10.3,9.71,11.58,11.38,-0.002,-0.003,-0.003,0.0,0.06,-80.3064013,26.9209506,813.2
-10.3,3.7,0.0,0.03,-0.03,-0.05,-0.19,0.18,0.26,-0.28,0.25,9.496,9.673,8.927,9.006,10.3,9.81,11.87,11.28,-0.002,-0.003,-0.003,0.0,0.06,-80.3064013,26.9209506,813.25
-10.1,3.7,0.0,0.03,-0.06,-0.04,0.27,0.14,-0.11,-0.28,0.24,9.496,9.663,9.035,9.074,10.5,10.1,11.48,11.28,-0.002,-0.003,-0.003,0.0,0.07,-80.3064013,26.9209506,813.3
-10.0,3.6,0.0,0.03,-0.04,-0.06,0.16,0.04,-0.03,-0.28,0.26,9.496,9.663,9.055,9.113,10.5,9.91,11.38,11.18,-0.002,-0.003,-0.003,0.0,0.07,-80.3064013,26.9209506,813.35
-10.3,3.7,0.0,0.03,-0.04,-0.04,-0.05,-0.53,-0.13,-0.28,0.24,9.486,9.673,8.917,8.996,10.1,9.71,11.58,11.77,-0.002,-0.003,-0.003,0.0,0.07,-80.3064013,26.9209506,813.4
-10.3,3.7,0.0,0.03,-0.04,-0.06,0.23,0.29,0.03,-0.28,0.25,9.496,9.663,8.957,9.025,10.5,9.81,11.58,11.38,-0.002,-0.003,-0.003,0.0,0.07,-80.3064013,26.9209506,813.45
-10.3,3.7,0.0,0.03,-0.03,-0.04,0.01,-0.45,0.08,-0.27,0.25,9.496,9.692,8.927,8.996,10.2,9.81,11.77,11.48,-0.002,-0.003,-0.003,0.0,0.07,-80.3064013,26.9209506,813.5
-10.3,3.7,0.0,0.03,-0.04,-0.04,-0.04,-0.43,0.2,-0.29,0.25,9.496,9.673,8.957,9.015,10.5,9.81,11.58,11.67,-0.002,-0.003,-0.003,0.0,0.07,-80.3064013,26.9209506,813.55
-10.3,3.7,0.0,0.03,-0.05,-0.04,-0.02,0.28,-0.11,-0.28,0.26,9.506,9.663,8.947,9.015,10.3,9.81,11.87,11.58,-0.002,-0.003,-0.003,0.0,0.07,-80.3064013,26.9209506,813.6
-10.3,3.7,0.0,0.03,-0.03,-0.05,-0.16,-0.11,-0.36,-0.28,0.24,9.496,9.643,8.947,9.006,10.3,9.71,11.77,11.38,-0.002,-0.003,-0.003,0.0,0.07,-80.3064013,26.9209506,813.65
-10.3,3.7,0.0,0.03,-0.04,-0.05,0.1,0.37,0.09,-0.28,0.25,9.526,9.692,8.927,8.976,10.3,9.91,11.77,11.38,-0.002,-0.003,-0.003,0.0,0.07,-80.3064013,26.9209506,813.7
-10.3,3.7,0.0,0.03,-0.05,-0.05,0.12,-0.39,0.04,-0.29,0.25,9.506,9.663,8.937,9.035,10.1,9.61,11.67,11.38,-0.002,-0.003,-0.003,0.0,0.08,-80.3064013,26.9209506,813.75
-10.3,3.7,0.0,0.04,-0.02,-0.04,-0.19,0.09,0.12,-0.28,0.25,9.516,9.692,8.937,9.015,10.01,9.71,11.77,11.28,-0.002,-0.003,-0.003,0.0,0.08,-80.3064013,26.9209506,813.8
-10.3,3.7,0.0,0.04,-0.04,-0.04,-0.02,-0.01,-0.03,-0.29,0.24,9.496,9.682,8.947,9.035,10.5,9.61,11.77,11.58,-0.002,-0.003,-0.003,0.0,0.08,-80.3064013,26.9209506,813.85
-10.3,3.7,0.0,0.04,-0.05,-0.06,0.26,-0.04,0.1,-0.28,0.26,9.496,9.663,8.957,9.025,10.4,9.71,11.87,11.48,-0.002,-0.003,-0.003,0.0,0.08,-80.3064013,26.9209506,813.9
-10.3,3.7,0.0,0.04,-0.03,-0.06,0.07,0.12,0.21,-0.29,0.25,9.506,9.653,8.937,9.025,10.2,9.61,11.77,11.38,-0.002,-0.003,-0.003,0.0,0.08,-80.3064013,26.9209506,813.95
-10.2,3.7,0.0,0.04,-0.04,-0.04,-0.0,-0.23,0.18,-0.29,0.25,9.486,9.682,8.966,9.035,10.3,9.61,11.97,11.38,-0.002,-0.003,-0.003,0.0,0.08,-80.3064013,26.9209506,814.0
-10.3,3.7,0.0,0.04,-0.02,-0.04,-0.04,-0.12,0.03,-0.29,0.25,9.496,9.653,8.957,9.015,10.3,9.61,12.07,11.28,-0.002,-0.003,-0.003,0.0,0.08,-80.3064013,26.9209506,814.05
-10.3,3.7,0.0,0.04,-0.04,-0.04,0.08,0.09,-0.06,-0.28,0.24,9.496,9.692,8.927,9.006,10.3,9.61,11.77,11.58,-0.002,-0.003,-0.003,0.0,0.08,-80.3064013,26.9209506,814.1
-10.3,3.7,0.0,0.04,-0.03,-0.06,0.06,0.06,0.24,-0.29,0.25,9.506,9.653,8.976,9.045,10.4,9.81,11.77,11.38,-0.002,-0.003,-0.003,0.0,0.09,-80.3064013,26.9209506,814.15
-10.3,3.7,0.0,0.04,-0.03,-0.04,-0.27,-0.15,-0.14,-0.3,0.25,9.506,9.663,8.937,9.025,10.4,9.81,12.07,11.38,-0.002,-0.003,-0.003,0.0,0.09,-80.3064013,26.9209506,814.2
-10.3,3.7,0.0,0.0,-0.03,-0.05,0.16,0.27,0.21,-0.28,0.25,9.496,9.663,8.947,8.996,10.1,9.81,11.77,11.38,-0.002,-0.003,-0.003,0.0,-0.0,-80.3064013,26.9209506,814.25
-10.3,3.7,0.0,0.0,-0.05,-0.05,-0.16,-0.25,-0.41,-0.29,0.24,9.496,9.653,8.937,9.015,10.3,9.71,11.77,11.58,-0.002,-0.003,-0.003,0.0,-0.0,-80.3064013,26.9209506,814.3
-10.2,3.7,0.0,0.0,-0.03,-0.03,0.18,0.06,0.32,-0.29,0.25,9.496,9.663,8.957,9.006,10.5,9.91,11.77,11.58,-0.002,-0.003,-0.003,0.0,0.0,-80.3064013,26.9209506,814.35
-10.3,3.7,0.0,-0.0,-0.05,-0.05,0.33,0.37,-0.28,-0.28,0.24,9.516,9.663,8.976,9.015,10.3,9.61,11.67,11.38,-0.002,-0.003,-0.003,0.0,0.0,-80.3064013,26.9209506,814.4
-10.3,3.7,0.0,0.0,-0.04,-0.06,0.15,-0.24,0.19,-0.29,0.26,9.486,9.653,8.957,9.035,10.2,9.81,11.38,11.48,-0.002,-0.003,-0.003,0.0,-0.0,-80.3064013,26.9209506,814.45
-10.3,3.7,0.0,0.0,-0.04,-0.03,0.09,0.04,0.27,-0.3,0.27,9.516,9.702,8.937,8.976,10.1,9.61,11.38,11.38,-0.002,-0.003,-0.003,0.0,0.0,-80.3064013,26.9209506,814.5
-10.3,3.7,0.0,0.0,-0.04,-0.06,0.13,0.13,-0.06,-0.28,0.24,9.486,9.624,8.937,9.015,10.4,9.81,11.67,11.38,-0.002,-0.003,-0.003,0.0,0.0,-80.3064013,26.9209506,814.55
-10.3,3.7,0.0,0.0,-0.02,-0.04,-0.04,-0.23,0.22,-0.29,0.25,9.526,9.663,8.907,9.035,10.2,9.81,11.77,11.38,-0.002,-0.003,-0.003,0.0,0.0,-80.3064013,26.9209506,814.6
-10.3,3.7,0.0,0.0,-0.02,-0.03,-0.54,-0.23,0.21,-0.29,0.24,9.535,9.682,8.937,9.006,10.2,9.91,11.77,11.58,-0.002,-0.003,-0.003,0.0,-0.0,-80.3064013,26.9209506,814.65
-10.3,3.7,0.0,0.0,-0.04,-0.05,-0.45,-0.02,-0.14,-0.3,0.23,9.496,9.633,8.947,9.035,10.2,9.81,11.77,11.38,-0.002,-0.003,-0.003,0.0,-0.0,-80.3064013,26.9209506,814.7
-10.3,3.7,0.0,-0.01,-0.03,-0.04,0.04,-0.13,0.29,-0.29,0.23,9.516,9.663,8.966,9.025,10.5,9.81,11.67,11.28,-0.002,-0.003,-0.003,0.0,0.0,-80.3064013,26.9209506,814.75
-10.3,3.7,0.0,-0.01,-0.04,-0.04,0.18,-0.14,0.18,-0.3,0.24,9.516,9.682,8.917,8.966,10.4,9.91,11.67,11.38,-0.002,-0.003,-0.003,0.0,0.01,-80.3064013,26.9209506,814.8
-10.3,3.7,0.0,-0.01,-0.05,-0.06,0.14,-0.17,-0.31,-0.31,0.24,9.467,9.643,8.957,9.035,10.1,9.81,11.48,11.77,-0.002,-0.003,-0.003,0.0,0.01,-80.3064013,26.9209506,814.85
-10.3,3.7,0.0,-0.01,-0.05,-0.04,0.03,0.1,-0.33,-0.29,0.24,9.496,9.682,8.937,8.996,10.4,9.61,11.77,11.48,-0.002,-0.003,-0.003,0.0,0.0,-80.3064013,26.9209506,814.9
-10.2,3.7,0.0,-0.01,-0.04,-0.07,0.21,-0.18,-0.22,-0.29,0.22,9.506,9.663,8.966,9.025,10.2,9.91,11.87,11.48,-0.002,-0.003,-0.003,0.0,0.01,-80.3064013,26.9209506,814.95
-10.3,3.7,0.0,-0.01,-0.05,-0.03,0.02,-0.0,-0.2,-0.3,0.21,9.486,9.624,8.937,9.015,10.3,9.71,11.77,11.38,-0.002,-0.003,-0.003,0.0,0.01,-80.3064013,26.9209506,815.0
-10.3,3.7,0.0,-0.01,-0.03,-0.05,0.08,0.16,0.03,-0.3,0.19,9.516,9.673,8.957,9.035,10.4,10.01,11.58,11.28,-0.002,-0.003,-0.003,0.0,0.01,-80.3064013,26.9209506,815.05
-10.3,3.7,0.0,-0.01,-0.03,-0.05,-0.2,0.17,0.02,-0.3,0.25,9.496,9.653,8.917,8.986,10.2,9.71,11.87,11.58,-0.002,-0.003,-0.003,0.0,0.01,-80.3064013,26.9209507,815.1
-10.2,3.7,0.0,-0.0,-0.03,-0.05,-0.36,0.09,0.03,-0.3,0.24,9.516,9.643,8.976,9.055,10.4,9.81,11.87,11.48,-0.002,-0.003,-0.003,0.0,0.01,-80.3064013,26.9209507,815.15
-10.3,3.7,0.0,-0.01,-0.04,-0.04,0.13,-0.17,-0.15,-0.29,0.24,9.516,9.682,8.947,9.015,10.2,10.01,11.67,11.28,-0.002,-0.003,-0.003,0.0,0.01,-80.3064013,26.9209507,815.2
-10.3,3.7,0.0,-0.0,-0.03,-0.05,0.07,0.22,0.21,-0.28,0.24,9.516,9.673,8.937,9.006,10.5,9.91,11.77,11.58,-0.002,-0.003,-0.003,0.0,0.01,-80.3064013,26.9209507,815.25
-10.3,3.7,0.0,-0.0,-0.05,-0.03,-0.02,0.04,-0.13,-0.28,0.24,9.496,9.673,8.937,9.025,10.2,9.71,11.97,11.28,-0.002,-0.003,-0.003,0.0,0.01,-80.3064013,26.9209507,815.3
-10.3,3.7,0.0,-0.0,-0.02,-0.06,0.11,0.36,-0.25,-0.28,0.24,9.516,9.663,8.957,9.015,10.2,9.91,11.77,11.48,-0.002,-0.003,-0.003,0.0,0.01,-80.3064013,26.9209507,815.35
-10.3,3.7,0.0,-0.0,-0.04,-0.06,0.08,0.03,0.19,-0.28,0.24,9.506,9.673,8.927,9.006,10.4,9.61,11.77,11.18,-0.002,-0.003,-0.003,0.0,0.01,-80.3064013,26.9209507,815.4
-10.3,3.7,0.0,-0.0,-0.03,-0.06,-0.12,0.01,0.11,-0.28,0.24,9.506,9.663,8.957,8.996,10.2,9.81,11.87,11.67,-0.002,-0.003,-0.003,0.0,-0.0,-80.3064013,26.9209507,815.45
-10.3,3.7,0.0,-0.0,-0.04,-0.05,0.04,0.3,0.03,-0.28,0.24,9.506,9.663,8.937,9.006,10.3,9.71,11.67,11.28,-0.002,-0.003,-0.003,0.0,-0.0,-80.3064013,26.9209507,815.5
-10.3,3.7,0.0,-0.0,-0.04,-0.04,0.04,0.2,0.06,-0.28,0.24,9.496,9.663,8.957,9.015,10.2,9.81,11.77,11.77,-0.002,-0.003,-0.003,0.0,-0.0,-80.3064013,26.9209507,815.55
-10.3,3.7,0.0,-0.01,-0.04,-0.05,-0.07,-0.06,0.19,-0.28,0.25,9.506,9.643,8.927,8.996,10.1,9.71,11.97,11.58,-0.002,-0.003,-0.003,0.0,0.01,-80.3064013,26.9209507,815.6
-10.2,3.7,0.0,-0.0,-0.04,-0.04,-0.01,-0.3,-0.02,-0.28,0.26,9.496,9.663,8.937,9.015,10.01,9.91,11.77,11.28,-0.002,-0.003,-0.003,0.0,0.0,-80.3064013,26.9209507,815.65
-10.3,3.7,0.0,0.0,-0.03,-0.07,0.14,-0.13,-0.1,-0.28,0.24,9.496,9.663,8.947,9.025,10.2,10.01,11.67,11.77,-0.002,-0.003,-0.003,0.0,0.0,-80.3064013,26.9209507,815.7
-10.2,3.7,0.0,0.0,-0.05,-0.04,0.08,-0.1,0.32,-0.28,0.25,9.506,9.692,8.966,9.055,10.4,9.61,11.38,11.58,-0.002,-0.003,-0.003,0.0,-0.0,-80.3064013,26.9209507,815.75
-10.3,3.7,0.0,0.0,-0.03,-0.06,0.33,0.1,0.18,-0.28,0.25,9.496,9.663,8.947,9.025,10.3,9.71,11.58,11.38,-0.002,-0.003,-0.003,0.0,0.0,-80.3064013,26.9209507,815.8
-10.3,3.7,0.0,0.0,-0.06,-0.05,0.23,0.38,-0.11,-0.28,0.24,9.486,9.673,8.937,8.986,10.4,9.61,11.58,11.09,-0.002,-0.003,-0.003,0.0,-0.0,-80.3064013,26.9209507,815.85
-10.3,3.7,0.0,0.0,-0.03,-0.05,0.06,-0.53,-0.05,-0.28,0.24,9.506,9.643,8.947,9.006,10.5,9.81,11.58,11.67,-0.002,-0.003,-0.003,0.0,-0.0,-80.3064013,26.9209507,815.9
-10.3,3.7,0.0,0.0,-0.05,-0.04,-0.03,-0.03,-0.67,-0.28,0.24,9.516,9.682,8.937,9.006,10.59,9.71,11.87,11.58,-0.002,-0.003,-0.003,0.0,-0.0,-80.3064013,26.9209507,815.95
-10.3,3.7,0.0,-0.01,-0.03,-0.06,0.08,0.26,0.09,-0.28,0.21,9.496,9.692,8.917,9.006,10.3,9.71,11.67,11.67,-0.002,-0.003,-0.003,0.0,-0.01,-80.3064013,26.9209507,816.0
-10.3,3.7,0.0,0.0,-0.05,-0.04,-0.03,0.03,0.06,-0.29,0.25,9.496,9.653,8.947,9.015,10.4,9.91,11.97,11.48,-0.002,-0.003,-0.003,0.0,-0.0,-80.3064013,26.9209507,816.05
-10.3,3.7,0.0,-0.0,-0.04,-0.05,0.16,-0.3,-0.36,-0.29,0.27,9.496,9.673,8.947,9.015,10.5,9.81,11.67,11.77,-0.002,-0.003,-0.003,0.0,0.0,-80.3064013,26.9209507,816.1
-10.3,3.7,0.0,0.0,-0.03,-0.06,-0.01,0.08,-0.42,-0.3,0.29,9.506,9.692,8.966,9.035,10.3,9.61,11.77,11.28,-0.002,-0.003,-0.003,0.0,-0.0,-80.3064013,26.9209507,816.15
-10.3,3.7,0.0,-0.0,-0.06,-0.05,0.3,0.1,-0.1,-0.28,0.24,9.496,9.653,8.927,9.006,10.3,10.01,11.77,11.38,-0.002,-0.003,-0.003,0.0,-0.01,-80.3064013,26.9209507,816.2
-10.3,3.7,0.0,-0.01,-0.03,-0.05,0.13,-0.06,-0.14,-0.29,0.24,9.496,9.653,8.976,9.015,10.2,9.81,11.67,11.38,-0.002,-0.003,-0.003,0.0,-0.01,-80.3064013,26.9209507,816.25
-10.3,3.7,0.0,-0.01,-0.03,-0.04,-0.29,-0.09,-0.15,-0.3,0.24,9.496,9.643,8.966,9.015,10.3,9.81,11.58,11.38,-0.002,-0.003,-0.003,0.0,-0.0,-80.3064013,26.9209508,816.3
-10.2,3.7,0.0,-0.01,-0.04,-0.04,-0.13,-0.02,-0.05,-0.31,0.24,9.496,9.673,8.957,9.015,10.1,9.52,12.07,11.18,-0.002,-0.003,-0.003,0.0,-0.0,-80.3064013,26.9209508,816.35
-10.3,3.7,0.0,-0.01,-0.03,-0.05,0.02,-0.06,0.26,-0.31,0.24,9.506,9.663,8.947,9.015,10.5,9.71,11.77,11.28,-0.002,-0.003,-0.003,0.0,-0.0,-80.3064013,26.9209508,816.4
-10.3,3.7,0.0,-0.01,-0.04,-0.05,-0.02,-0.05,-0.19,-0.32,0.24,9.486,9.663,8.937,9.025,10.2,9.52,11.77,11.48,-0.002,-0.003,-0.003,0.0,-0.0,-80.3064013,26.9209508,816.45
-10.3,3.7,0.0,-0.01,-0.04,-0.05,-0.01,0.07,-0.03,-0.33,0.24,9.496,9.653,8.947,9.035,10.5,9.71,11.77,11.38,-0.002,-0.003,-0.003,0.0,-0.0,-80.3064013,26.9209508,816.5
-10.3,3.7,0.0,-0.01,-0.04,-0.03,-0.22,-0.11,0.05,-0.28,0.24,9.476,9.663,8.986,9.006,10.3,9.91,11.87,11.58,-0.002,-0.003,-0.003,0.0,-0.0,-80.3064013,26.9209508,816.55
-10.3,3.7,0.0,-0.01,-0.03,-0.06,0.02,0.46,-0.04,-0.28,0.24,9.516,9.663,8.898,9.006,10.2,9.81,11.67,11.58,-0.002,-0.003,-0.003,0.0,0.0,-80.3064013,26.9209508,816.6
-10.2,3.7,0.0,-0.01,-0.05,-0.03,0.22,-0.45,-0.07,-0.28,0.24,9.496,9.663,8.947,9.006,10.2,9.91,11.77,11.38,-0.002,-0.003,-0.003,0.0,0.0,-80.3064013,26.9209508,816.65
-10.3,3.7,0.0,-0.01,-0.05,-0.05,0.11,-0.08,-0.18,-0.31,0.24,9.516,9.673,8.937,9.015,10.4,10.01,11.87,11.38,-0.002,-0.003,-0.003,0.0,0.0,-80.3064013,26.9209508,816.7
-10.2,3.7,0.0,-0.01,-0.02,-0.05,-0.11,0.15,0.12,-0.29,0.24,9.496,9.673,8.986,9.015,10.3,9.71,12.07,11.58,-0.002,-0.003,-0.003,0.0,0.0,-80.3064013,26.9209508,816.75
-10.3,3.7,0.0,-0.01,-0.04,-0.04,-0.28,0.3,0.08,-0.28,0.24,9.496,9.673,8.947,9.015,10.4,9.91,11.77,11.48,-0.002,-0.003,-0.003,0.0,0.0,-80.3064013,26.9209508,816.8
-10.3,3.7,0.0,-0.01,-0.04,-0.06,0.22,-0.18,0.09,-0.26,0.23,9.486,9.682,8.966,8.996,10.5,9.71,11.87,11.67,-0.002,-0.003,-0.003,0.0,0.0,-80.3064013,26.9209508,816.85
-10.3,3.7,0.0,-0.01,-0.04,-0.04,-0.32,0.15,0.4,-0.28,0.24,9.516,9.673,8.917,8.996,10.59,9.71,11.38,11.67,-0.002,-0.003,-0.003,0.0,0.0,-80.3064013,26.9209508,816.9
-10.3,3.7,0.0,-0.01,-0.03,-0.06,-0.06,-0.06,-0.06,-0.29,0.23,9.506,9.653,8.976,9.035,10.3,9.52,11.67,11.58,-0.002,-0.003,-0.003,0.0,0.0,-80.3064013,26.9209508,816.95
-10.3,3.7,0.0,-0.01,-0.06,-0.03,0.32,-0.42,-0.16,-0.28,0.25,9.506,9.653,8.927,9.035,10.2,9.71,11.67,11.28,-0.002,-0.003,-0.003,0.0,0.01,-80.3064013,26.9209508,817.0
-10.3,3.7,0.0,-0.01,-0.02,-0.05,-0.26,-0.48,0.02,-0.29,0.24,9.516,9.673,8.937,9.006,10.2,9.91,12.07,11.38,-0.002,-0.003,-0.003,0.0,0.01,-80.3064013,26.9209508,817.05
-10.3,3.7,0.0,-0.01,-0.04,-0.05,-0.05,0.19,0.23,-0.26,0.24,9.516,9.663,8.966,9.025,10.4,10.01,11.77,11.67,-0.002,-0.003,-0.003,0.0,0.01,-80.3064013,26.9209508,817.1
-10.2,3.7,0.0,-0.01,-0.03,-0.04,-0.2,-0.3,0.34,-0.23,0.25,9.516,9.653,8.957,9.015,10.3,9.61,11.77,11.28,-0.002,-0.003,-0.003,0.0,0.01,-80.3064013,26.9209508,817.15
-10.3,3.7,0.0,-0.01,-0.05,-0.05,0.36,0.12,-0.45,-0.28,0.23,9.486,9.663,8.947,9.015,10.1,9.61,11.58,11.38,-0.002,-0.003,-0.003,0.0,0.01,-80.3064013,26.9209508,817.2
-10.3,3.7,0.0,-0.01,-0.05,-0.06,0.61,0.12,0.46,-0.28,0.24,9.506,9.643,8.937,9.025,10.3,9.71,11.48,11.38,-0.002,-0.003,-0.003,0.0,0.01,-80.3064013,26.9209509,817.25
-10.3,3.7,0.0,-0.01,-0.04,-0.06,0.23,-0.27,0.08,-0.28,0.25,9.506,9.673,8.937,9.006,10.2,9.71,11.38,11.28,-0.002,-0.003,-0.003,0.0,0.01,-80.3064013,26.9209509,817.3
-10.3,3.7,0.0,-0.01,-0.03,-0.03,-0.29,-0.12,-0.01,-0.28,0.26,9.516,9.673,8.957,9.025,10.4,9.81,11.58,11.28,-0.002,-0.003,-0.003,0.0,0.01,-80.3064013,26.9209509,817.35
-10.3,3.7,0.0,-0.01,-0.02,-0.05,-0.45,-0.09,0.17,-0.28,0.24,9.496,9.663,8.937,9.035,10.2,9.81,12.07,11.48,-0.002,-0.003,-0.003,0.0,0.01,-80.3064013,26.9209509,817.4
-10.3,3.7,0.0,-0.01,-0.04,-0.04,0.09,-0.08,-0.17,-0.28,0.23,9.496,9.663,8.947,9.035,10.4,9.81,12.07,11.38,-0.002,-0.003,-0.003,0.0,0.01,-80.3064013,26.9209509,817.45
-10.3,3.7,0.0,-0.01,-0.04,-0.05,0.21,0.06,0.14,-0.29,0.26,9.516,9.673,8.947,9.015,10.3,9.71,11.77,11.58,-0.002,-0.003,-0.003,0.0,0.01,-80.3064013,26.9209509,817.5
-10.3,3.7,0.0,-0.01,-0.03,-0.05,0.08,0.03,0.03,-0.29,0.29,9.496,9.653,8.937,9.006,10.3,9.81,11.87,11.58,-0.002,-0.003,-0.003,0.0,0.01,-80.3064013,26.9209509,817.55
-10.2,3.7,0.0,-0.01,-0.03,-0.05,-0.25,0.41,-0.05,-0.3,0.32,9.496,9.653,8.937,9.025,10.3,9.81,11.87,11.38,-0.002,-0.003,-0.003,0.0,0.01,-80.3064013,26.9209509,817.6
-10.3,3.7,0.0,-0.01,-0.04,-0.06,0.09,0.14,-0.29,-0.3,0.35,9.496,9.682,8.937,9.035,10.3,9.81,11.77,11.38,-0.002,-0.003,-0.003,0.0,-0.01,-80.3064013,26.9209509,817.65
-10.3,3.7,0.0,-0.01,-0.04,-0.03,-0.15,-0.09,-0.13,-0.28,0.24,9.506,9.682,8.937,9.006,10.4,9.91,11.58,11.48,-0.002,-0.003,-0.003,0.0,-0.01,-80.3064013,26.9209509,817.7
-10.2,3.7,0.0,-0.0,-0.05,-0.03,-0.25,-0.28,-0.09,-0.28,0.24,9.516,9.692,8.947,9.006,10.5,10.01,12.07,11.28,-0.002,-0.003,-0.003,0.0,-0.01,-80.3064013,26.9209509,817.75
-10.3,3.7,0.0,-0.01,-0.03,-0.06,0.37,-0.19,0.18,-0.28,0.24,9.496,9.673,8.937,9.035,10.2,9.91,11.67,11.28,-0.002,-0.003,-0.003,0.0,-0.01,-80.3064013,26.9209509,817.8
-10.2,3.7,0.0,-0.0,-0.04,-0.05,0.01,0.18,-0.0,-0.27,0.24,9.496,9.663,8.947,9.025,10.3,9.71,11.77,11.28,-0.002,-0.003,-0.003,0.0,-0.01,-80.3064013,26.9209509,817.85
-10.3,3.7,0.0,-0.0,-0.04,-0.05,-0.07,0.04,-0.11,-0.27,0.24,9.516,9.663,8.927,9.006,10.3,9.81,11.58,11.28,-0.002,-0.003,-0.003,0.0,-0.01,-80.3064014,26.9209509,817.9
-10.3,3.7,0.0,-0.0,-0.04,-0.05,0.07,0.01,-0.04,-0.26,0.23,9.516,9.663,8.917,8.986,10.4,9.91,11.77,11.58,-0.002,-0.003,-0.003,0.0,-0.01,-80.3064014,26.9209509,817.95
-10.3,3.7,0.0,-0.0,-0.03,-0.03,0.09,0.25,0.28,-0.25,0.22,9.506,9.673,8.898,8.986,10.1,9.71,11.77,11.38,-0.002,-0.003,-0.003,0.0,-0.01,-80.3064014,26.9209509,818.0
-10.3,3.7,0.0,-0.0,-0.03,-0.06,0.13,-0.01,0.25,-0.24,0.21,9.506,9.663,8.966,9.035,10.3,9.91,11.77,11.48,-0.002,-0.003,-0.003,0.0,-0.01,-80.3064014,26.9209509,818.05
-10.3,3.7,0.0,-0.0,-0.05,-0.04,-0.37,0.05,-0.06,-0.23,0.2,9.476,9.673,8.927,9.006,10.5,9.91,11.28,11.28,-0.002,-0.003,-0.003,0.0,-0.01,-80.3064014,26.9209509,818.1
-10.3,3.7,0.0,-0.0,-0.03,-0.06,-0.2,-0.13,0.05,-0.27,0.25,9.516,9.663,8.937,9.015,10.1,10.01,11.87,11.48,-0.002,-0.003,-0.003,0.0,-0.01,-80.3064014,26.9209509,818.15
-10.3,3.7,0.0,-0.0,-0.04,-0.05,0.04,0.27,0.23,-0.28,0.23,9.496,9.682,8.957,9.015,10.1,10.01,12.07,11.28,-0.002,-0.003,-0.003,0.0,-0.01,-80.3064014,26.9209509,818.2
-10.3,3.7,0.0,-0.0,-0.03,-0.06,0.33,0.3,0.28,-0.27,0.24,9.496,9.643,8.907,9.006,10.4,10.1,11.67,11.58,-0.002,-0.003,-0.003,0.0,-0.01,-80.3064014,26.920951,818.25
-10.3,3.7,0.0,-0.0,-0.04,-0.05,-0.13,0.15,-0.01,-0.27,0.24,9.486,9.673,8.947,8.996,10.2,9.81,11.77,11.67,-0.002,-0.003,-0.003,0.0,-0.01,-80.3064014,26.920951,818.3
-10.3,3.7,0.0,-0.0,-0.03,-0.04,0.12,-0.18,0.19,-0.27,0.23,9.496,9.663,8.957,9.015,10.3,9.81,11.58,11.58,-0.002,-0.003,-0.003,0.0,-0.01,-80.3064014,26.920951,818.35
-10.3,3.7,0.0,-0.0,-0.04,-0.05,0.18,-0.36,-0.04,-0.27,0.24,9.476,9.663,8.947,9.025,10.4,9.61,11.87,11.28,-0.002,-0.003,-0.003,0.0,-0.01,-80.3064014,26.920951,818.4
-10.3,3.7,0.0,-0.0,-0.04,-0.05,0.03,0.3,0.22,-0.27,0.25,9.486,9.643,8.957,9.025,10.2,9.81,11.77,11.67,-0.002,-0.003,-0.003,0.0,-0.01,-80.3064014,26.920951,818.45
-10.3,3.7,0.0,-0.0,-0.02,-0.06,-0.13,0.0,0.48,-0.27,0.25,9.506,9.663,8.927,9.025,10.5,9.71,11.77,11.28,-0.002,-0.003,-0.003,0.0,-0.01,-80.3064015,26.920951,818.5
-10.0,3.6,0.0,-0.0,-0.06,-0.04,0.08,0.27,-0.49,-0.27,0.24,9.516,9.673,9.025,9.143,10.3,9.81,11.58,11.38,-0.002,-0.003,-0.003,0.0,-0.01,-80.3064015,26.920951,818.55
-10.2,3.7,0.0,-0.01,-0.03,-0.07,0.09,0.21,0.08,-0.28,0.26,9.506,9.643,8.976,9.035,10.3,9.81,11.58,11.28,-0.002,-0.003,-0.003,0.0,-0.01,-80.3064015,26.920951,818.6
-10.3,3.7,0.0,-0.0,-0.03,-0.04,0.06,-0.0,0.26,-0.29,0.28,9.506,9.673,8.937,9.025,10.2,9.81,11.87,11.58,-0.002,-0.003,-0.003,0.0,-0.01,-80.3064015,26.920951,818.65
-10.3,3.7,0.0,-0.0,-0.04,-0.05,0.06,-0.06,-0.07,-0.28,0.26,9.496,9.663,8.957,9.015,10.2,9.81,11.87,11.09,-0.002,-0.003,-0.003,0.0,-0.0,-80.3064015,26.920951,818.7
-10.2,3.7,0.0,-0.0,-0.03,-0.05,-0.18,0.44,0.17,-0.26,0.25,9.496,9.663,8.937,9.025,10.2,9.81,11.77,11.48,-0.002,-0.003,-0.003,0.0,-0.01,-80.3064015,26.920951,818.75
-10.3,3.7,0.0,-0.0,-0.06,-0.04,-0.1,0.45,-0.38,-0.26,0.25,9.516,9.663,8.957,9.006,10.3,9.61,11.67,11.38,-0.002,-0.003,-0.003,0.0,-0.0,-80.3064015,26.920951,818.8
-10.3,3.7,0.0,-0.0,-0.03,-0.06,-0.04,0.16,-0.09,-0.29,0.26,9.486,9.663,8.927,9.035,10.2,9.81,11.87,11.38,-0.002,-0.003,-0.003,0.0,-0.0,-80.3064015,26.920951,818.85
-10.3,3.7,0.0,-0.0,-0.04,-0.04,0.04,-0.03,-0.07,-0.28,0.25,9.496,9.663,8.937,9.025,10.2,10.01,11.77,11.67,-0.002,-0.003,-0.003,0.0,-0.0,-80.3064015,26.920951,818.9
-10.3,3.7,0.0,-0.0,-0.04,-0.04,0.08,-0.06,0.4,-0.3,0.25,9.486,9.663,8.976,9.006,10.4,9.71,11.38,11.38,-0.002,-0.003,-0.003,0.0,-0.0,-80.3064015,26.920951,818.95
-10.3,3.7,0.0,-0.0,-0.02,-0.06,-0.13,0.23,-0.13,-0.27,0.24,9.496,9.663,8.927,9.025,10.01,9.71,11.58,11.58,-0.002,-0.003,-0.003,0.0,-0.0,-80.3064015,26.920951,819.0
-10.3,3.7,0.0,-0.0,-0.03,-0.05,-0.13,-0.11,0.18,-0.27,0.25,9.496,9.633,8.937,9.025,10.4,9.91,11.67,11.58,-0.002,-0.003,-0.003,0.0,-0.0,-80.3064015,26.920951,819.05
-10.3,3.7,0.0,-0.0,-0.04,-0.05,-0.04,-0.16,0.26,-0.28,0.26,9.496,9.673,8.947,9.015,10.3,9.91,11.77,11.38,-0.002,-0.003,-0.003,0.0,-0.0,-80.3064016,26.920951,819.1
-10.3,3.7,0.0,0.0,-0.02,-0.05,-0.14,0.12,0.39,-0.26,0.25,9.486,9.663,8.927,8.996,10.4,9.61,11.58,11.58,-0.002,-0.003,-0.003,0.0,-0.01,-80.3064016,26.920951,819.15
-10.3,3.7,0.0,0.0,-0.04,-0.03,0.1,-0.38,0.2,-0.28,0.25,9.496,9.673,8.927,9.025,10.2,9.81,11.77,11.38,-0.002,-0.003,-0.003,0.0,-0.01,-80.3064016,26.920951,819.2
-10.3,3.7,0.0,0.0,-0.03,-0.04,-0.08,-0.08,0.16,-0.27,0.26,9.506,9.663,8.927,8.996,10.3,9.61,11.77,11.28,-0.002,-0.003,-0.003,0.0,-0.01,-80.3064016,26.920951,819.25
-10.3,3.7,0.0,0.0,-0.04,-0.05,0.15,0.12,0.11,-0.28,0.25,9.506,9.682,8.927,8.996,10.3,9.81,11.77,11.38,-0.002,-0.003,-0.003,0.0,-0.01,-80.3064016,26.920951,819.3
-10.3,3.7,0.0,0.0,-0.04,-0.06,0.18,0.18,-0.12,-0.26,0.25,9.486,9.663,8.937,9.006,10.4,9.61,11.87,11.28,-0.002,-0.003,-0.003,0.0,-0.01,-80.3064016,26.920951,819.35
-10.3,3.7,0.0,0.0,-0.03,-0.04,0.08,-0.06,0.06,-0.27,0.25,9.496,9.663,8.947,9.035,10.3,9.61,11.87,11.48,-0.002,-0.003,-0.003,0.0,-0.01,-80.3064016,26.920951,819.4
-10.3,3.7,0.0,0.0,-0.05,-0.03,0.0,-0.13,0.3,-0.26,0.26,9.506,9.643,8.937,9.006,10.2,9.71,11.48,11.18,-0.002,-0.003,-0.003,0.0,-0.01,-80.3064016,26.920951,819.45
-10.3,3.7,0.0,0.0,-0.03,-0.05,0.17,-0.13,0.01,-0.27,0.26,9.496,9.663,8.907,8.996,10.3,9.91,11.77,11.38,-0.002,-0.003,-0.003,0.0,-0.02,-80.3064016,26.920951,819.5
-10.3,3.7,0.0,0.0,-0.04,-0.05,0.24,0.03,-0.25,-0.27,0.25,9.476,9.673,8.937,9.006,10.2,9.61,11.87,11.58,-0.002,-0.003,-0.003,0.0,-0.01,-80.3064016,26.920951,819.55
-10.3,3.7,0.0,0.0,-0.02,-0.04,-0.34,0.14,-0.12,-0.26,0.26,9.496,9.663,8.927,9.006,10.5,9.61,11.77,11.38,-0.002,-0.003,-0.003,0.0,-0.01,-80.3064016,26.920951,819.6
-10.3,3.7,0.0,0.0,-0.04,-0.05,-0.11,0.22,-0.02,-0.27,0.25,9.496,9.643,8.947,9.035,10.2,9.91,11.87,11.77,-0.002,-0.003,-0.003,0.0,-0.01,-80.3064016,26.920951,819.65
-10.3,3.7,0.0,0.0,-0.04,-0.05,0.19,0.21,0.14,-0.26,0.26,9.496,9.643,8.976,9.006,10.5,9.81,11.77,11.58,-0.002,-0.003,-0.003,0.0,-0.01,-80.3064016,26.920951,819.7
-10.2,3.7,0.0,0.0,-0.03,-0.06,-0.11,0.36,-0.1,-0.26,0.26,9.506,9.663,8.996,9.045,10.2,10.01,11.77,11.97,-0.002,-0.003,-0.003,0.0,-0.01,-80.3064017,26.920951,819.75
-10.3,3.7,0.0,0.0,-0.03,-0.05,-0.25,0.09,-0.28,-0.27,0.25,9.496,9.653,8.976,9.035,10.3,9.71,11.67,11.28,-0.002,-0.003,-0.003,0.0,-0.01,-80.3064017,26.920951,819.8
-10.3,3.7,0.0,0.0,-0.02,-0.05,-0.26,0.13,0.16,-0.27,0.25,9.496,9.682,8.937,9.006,10.4,9.91,11.67,11.38,-0.002,-0.003,-0.003,0.0,-0.01,-80.3064017,26.920951,819.85
-10.3,3.7,0.0,0.0,-0.04,-0.05,0.15,-0.17,-0.04,-0.26,0.25,9.496,9.673,8.917,9.025,10.3,9.81,11.67,11.58,-0.002,-0.003,-0.003,0.0,-0.01,-80.3064017,26.920951,819.9
-10.3,3.7,0.0,0.0,-0.03,-0.05,0.04,0.18,0.42,-0.26,0.26,9.545,9.663,8.966,9.035,10.3,9.61,11.87,11.18,-0.002,-0.003,-0.003,0.0,-0.01,-80.3064017,26.920951,819.95
-10.3,3.7,0.0,0.0,-0.03,-0.06,0.01,-0.33,-0.05,-0.27,0.25,9.496,9.673,8.927,9.015,10.3,9.61,11.58,11.09,-0.002,-0.003,-0.003,0.0,-0.01,-80.3064017,26.920951,820.0
-10.3,3.7,0.0,0.01,-0.05,-0.04,0.24,0.03,-0.1,-0.26,0.26,9.506,9.663,8.907,9.006,10.1,9.61,11.48,11.38,-0.002,-0.003,-0.003,0.0,-0.01,-80.3064017,26.920951,820.05
-10.4,3.7,0.0,0.01,-0.04,-0.05,-0.2,0.0,-0.0,-0.26,0.25,9.506,9.653,8.907,8.986,10.1,9.91,11.87,11.48,-0.002,-0.003,-0.003,0.0,-0.01,-80.3064017,26.920951,820.1
-10.3,3.7,0.0,0.01,-0.04,-0.04,-0.05,-0.41,-0.33,-0.27,0.26,9.506,9.653,8.937,9.006,10.4,9.61,11.67,11.77,-0.002,-0.003,-0.003,0.0,-0.01,-80.3064017,26.920951,820.15
-10.3,3.7,0.0,0.01,-0.03,-0.04,-0.06,0.02,0.01,-0.26,0.26,9.496,9.653,8.937,9.015,10.3,9.91,11.58,11.58,-0.002,-0.003,-0.003,0.0,-0.01,-80.3064017,26.920951,820.2
-10.3,3.7,0.0,0.01,-0.03,-0.04,0.1,0.04,0.3,-0.26,0.26,9.496,9.663,8.957,9.015,10.4,9.91,11.87,11.48,-0.002,-0.003,-0.003,0.0,-0.01,-80.3064017,26.920951,820.25
-10.3,3.7,0.0,0.01,-0.03,-0.08,0.11,-0.13,0.24,-0.27,0.26,9.496,9.673,8.937,9.006,10.3,10.01,11.58,11.38,-0.002,-0.003,-0.003,0.0,-0.01,-80.3064017,26.920951,820.3
-10.3,3.7,0.0,0.01,-0.01,-0.06,-0.39,-0.15,-0.15,-0.25,0.27,9.516,9.653,8.937,8.976,10.4,9.61,11.77,11.58,-0.002,-0.003,-0.003,0.0,-0.01,-80.3064017,26.920951,820.35
-10.3,3.7,0.0,0.01,-0.04,-0.03,-0.2,-0.0,0.25,-0.24,0.29,9.506,9.663,8.957,9.015,10.3,9.71,11.87,11.58,-0.002,-0.003,-0.003,0.0,-0.01,-80.3064017,26.920951,820.4
-10.3,3.7,0.0,0.01,-0.04,-0.05,0.03,0.25,0.14,-0.26,0.26,9.496,9.673,8.927,9.045,10.5,9.81,11.77,11.58,-0.002,-0.003,-0.003,0.0,-0.01,-80.3064017,26.920951,820.45
-10.3,3.7,0.0,0.0,-0.05,-0.05,0.03,0.16,-0.35,-0.26,0.26,9.496,9.663,8.947,9.006,10.5,9.91,11.67,11.48,-0.002,-0.003,-0.003,0.0,-0.01,-80.3064017,26.920951,820.5
-10.3,3.7,0.0,0.0,-0.04,-0.04,0.18,-0.31,-0.05,-0.25,0.24,9.506,9.643,8.937,9.006,10.3,9.81,12.07,11.58,-0.002,-0.003,-0.003,0.0,-0.01,-80.3064017,26.920951,820.55
-10.3,3.7,0.0,0.0,-0.05,-0.05,0.18,0.25,-0.16,-0.26,0.26,9.516,9.682,8.947,9.006,10.1,9.81,12.07,11.28,-0.002,-0.003,-0.003,0.0,-0.01,-80.3064017,26.920951,820.6
-10.3,3.7,0.0,0.0,-0.03,-0.05,0.1,-0.3,0.1,-0.27,0.26,9.486,9.633,8.947,9.035,10.3,9.81,12.07,11.38,-0.002,-0.003,-0.003,0.0,-0.01,-80.3064017,26.920951,820.65
-10.3,3.7,0.0,0.0,-0.03,-0.03,-0.37,0.01,0.05,-0.25,0.26,9.526,9.643,8.917,8.986,10.4,9.91,11.77,11.28,-0.002,-0.003,-0.003,0.0,-0.01,-80.3064017,26.920951,820.7
-10.2,3.7,0.0,0.0,-0.04,-0.05,-0.15,0.45,0.03,-0.26,0.26,9.506,9.673,8.957,9.015,10.3,9.81,11.97,11.38,-0.002,-0.003,-0.003,0.0,-0.01,-80.3064017,26.920951,820.75
-10.3,3.7,0.0,0.0,-0.03,-0.05,-0.15,0.18,0.16,-0.25,0.26,9.506,9.663,8.937,9.006,10.4,9.71,11.87,11.77,-0.002,-0.003,-0.003,0.0,-0.01,-80.3064018,26.920951,820.8
-10.3,3.7,0.0,0.0,-0.04,-0.04,-0.04,-0.02,-0.21,-0.26,0.26,9.486,9.663,8.947,9.006,10.2,9.91,11.87,11.38,-0.002,-0.003,-0.003,0.0,-0.01,-80.3064018,26.920951,820.85
-10.3,3.7,0.0,0.0,-0.04,-0.05,0.2,-0.02,0.16,-0.28,0.26,9.516,9.653,8.927,9.006,10.4,10.1,11.58,11.58,-0.002,-0.003,-0.003,0.0,-0.01,-80.3064018,26.920951,820.9
-10.3,3.7,0.0,0.01,-0.03,-0.05,-0.19,-0.11,0.08,-0.27,0.26,9.516,9.663,8.937,9.006,10.1,9.81,11.58,11.48,-0.002,-0.003,-0.003,0.0,-0.01,-80.3064017,26.920951,820.95
-10.3,3.7,0.0,0.0,-0.04,-0.04,0.04,-0.2,-0.04,-0.27,0.26,9.486,9.692,8.957,9.006,10.4,9.71,11.77,11.58,-0.002,-0.003,-0.003,0.0,-0.01,-80.3064018,26.920951,821.0
-10.3,3.7,0.0,0.01,-0.03,-0.06,0.34,0.14,0.23,-0.26,0.26,9.496,9.643,8.917,9.006,10.4,9.91,12.07,11.58,-0.002,-0.003,-0.003,0.0,-0.01,-80.3064017,26.920951,821.05
-10.3,3.7,0.0,0.01,-0.04,-0.04,-0.13,0.12,0.11,-0.26,0.26,9.486,9.663,8.917,8.996,10.5,9.81,11.67,11.67,-0.002,-0.003,-0.003,0.0,-0.01,-80.3064017,26.920951,821.1
-10.2,3.7,0.0,0.01,-0.03,-0.06,-0.1,0.37,0.01,-0.26,0.26,9.516,9.643,8.966,9.045,10.3,9.81,11.97,11.67,-0.002,-0.003,-0.003,0.0,-0.01,-80.3064017,26.920951,821.15
-10.3,3.7,0.0,0.01,-0.04,-0.04,0.01,-0.04,-0.26,-0.28,0.26,9.506,9.673,8.937,9.006,10.2,9.81,11.58,11.58,-0.002,-0.003,-0.003,0.0,-0.01,-80.3064017,26.920951,821.2
-10.3,3.7,0.0,0.01,-0.04,-0.04,-0.01,-0.0,-0.01,-0.26,0.26,9.516,9.663,8.937,9.035,10.4,9.91,11.67,11.48,-0.002,-0.003,-0.003,0.0,-0.01,-80.3064017,26.920951,821.25
-10.3,3.7,0.0,0.01,-0.02,-0.05,-0.13,-0.07,0.07,-0.24,0.26,9.496,9.663,8.937,9.006,10.2,10.2,11.67,11.77,-0.002,-0.003,-0.003,0.0,-0.01,-80.3064017,26.920951,821.3
-10.3,3.7,0.0,0.01,-0.04,-0.04,0.2,0.08,-0.21,-0.28,0.24,9.516,9.673,8.937,9.055,10.3,9.81,11.58,11.28,-0.002,-0.003,-0.003,0.0,-0.01,-80.3064017,26.920951,821.35
-10.3,3.7,0.0,0.01,-0.04,-0.05,0.21,0.1,0.33,-0.29,0.23,9.516,9.682,8.937,8.966,10.5,9.71,11.87,11.28,-0.002,-0.003,-0.003,0.0,-0.01,-80.3064017,26.920951,821.4
-10.3,3.7,0.0,0.01,-0.03,-0.06,-0.13,0.08,-0.21,-0.29,0.21,9.506,9.653,8.986,9.035,10.2,9.81,11.87,11.28,-0.002,-0.003,-0.003,0.0,-0.01,-80.3064017,26.920951,821.45
-10.3,3.7,0.0,0.01,-0.05,-0.04,0.03,-0.13,-0.09,-0.3,0.19,9.516,9.673,8.917,8.986,10.3,9.81,11.97,11.38,-0.002,-0.003,-0.003,0.0,-0.02,-80.3064017,26.9209509,821.5
-10.3,3.7,0.0,0.01,-0.03,-0.06,-0.02,0.17,-0.15,-0.28,0.26,9.476,9.673,8.907,8.996,10.3,9.61,11.77,11.48,-0.002,-0.003,-0.003,0.0,-0.02,-80.3064017,26.9209509,821.55
-10.3,3.7,0.0,0.01,-0.06,-0.03,-0.03,-0.35,-0.29,-0.28,0.25,9.476,9.653,8.957,9.035,10.1,9.52,11.67,11.38,-0.002,-0.003,-0.003,0.0,-0.02,-80.3064017,26.9209509,821.6
-10.3,3.7,0.0,0.01,-0.03,-0.06,0.25,0.01,0.4,-0.29,0.24,9.486,9.673,8.966,9.006,10.1,9.71,11.67,11.18,-0.002,-0.003,-0.003,0.0,-0.01,-80.3064017,26.9209509,821.65
-10.3,3.7,0.0,0.01,-0.05,-0.06,0.19,-0.06,0.07,-0.27,0.26,9.496,9.682,8.907,8.996,10.5,9.71,11.77,11.38,-0.002,-0.003,-0.003,0.0,-0.02,-80.3064017,26.9209509,821.7
-10.3,3.7,0.0,0.01,-0.05,-0.03,-0.08,-0.04,-0.13,-0.27,0.26,9.506,9.663,8.937,8.996,10.2,9.81,11.67,11.77,-0.002,-0.003,-0.003,0.0,-0.02,-80.3064017,26.9209509,821.75
-10.3,3.7,0.0,0.01,-0.03,-0.04,-0.12,-0.33,-0.02,-0.26,0.26,9.526,9.673,8.937,8.996,10.4,9.91,11.77,11.48,-0.002,-0.003,-0.003,0.0,-0.02,-80.3064017,26.9209509,821.8
-10.3,3.7,0.0,0.01,-0.04,-0.04,0.03,0.06,-0.02,-0.25,0.26,9.526,9.673,8.937,9.006,10.3,9.81,11.58,11.58,-0.002,-0.003,-0.003,0.0,-0.02,-80.3064017,26.9209509,821.85
-10.3,3.7,0.0,0.01,-0.04,-0.05,0.07,-0.42,-0.42,-0.24,0.26,9.486,9.653,8.957,9.025,10.4,9.71,11.38,11.58,-0.002,-0.003,-0.003,0.0,-0.02,-80.3064017,26.9209509,821.9
-10.3,3.7,0.0,0.01,-0.04,-0.04,-0.12,0.1,0.04,-0.22,0.26,9.506,9.653,8.937,9.055,10.4,9.91,11.58,11.58,-0.002,-0.003,-0.003,0.0,-0.02,-80.3064017,26.9209509,821.95
-10.3,3.7,0.0,0.01,-0.02,-0.05,-0.12,-0.15,0.24,-0.21,0.26,9.506,9.663,8.957,9.055,10.3,9.61,11.87,11.38,-0.002,-0.003,-0.003,0.0,-0.02,-80.3064017,26.9209509,822.0
-10.3,3.7,0.0,0.01,-0.04,-0.04,-0.07,-0.09,-0.14,-0.28,0.26,9.526,9.653,8.957,9.045,10.1,9.71,11.58,11.38,-0.002,-0.003,-0.003,0.0,-0.02,-80.3064017,26.9209509,822.05
-10.3,3.7,0.0,0.01,-0.05,-0.05,0.31,0.1,0.21,-0.29,0.25,9.506,9.692,8.937,9.035,10.4,9.42,11.67,11.38,-0.002,-0.003,-0.003,0.0,-0.01,-80.3064017,26.9209509,822.1
-10.3,3.7,0.0,0.01,-0.03,-0.04,-0.03,0.18,-0.04,-0.27,0.25,9.496,9.653,8.966,9.045,10.3,9.91,11.87,11.58,-0.002,-0.003,-0.003,0.0,-0.01,-80.3064017,26.9209509,822.15
-10.3,3.7,0.0,0.01,-0.03,-0.07,0.06,-0.09,0.21,-0.28,0.24,9.545,9.682,8.947,9.025,10.59,9.91,11.58,11.38,-0.002,-0.003,-0.003,0.0,-0.02,-80.3064017,26.9209509,822.2
-10.3,3.7,0.0,0.01,-0.04,-0.05,0.38,0.04,-0.02,-0.28,0.23,9.476,9.663,8.927,8.986,10.4,9.81,11.97,11.67,-0.002,-0.003,-0.003,0.0,-0.02,-80.3064017,26.9209509,822.25
-10.3,3.7,0.0,0.01,-0.03,-0.03,-0.09,0.12,0.16,-0.27,0.26,9.476,9.643,8.937,9.015,10.2,9.81,11.58,11.58,-0.002,-0.003,-0.003,0.0,-0.02,-80.3064017,26.9209509,822.3
-10.3,3.7,0.0,0.0,-0.04,-0.03,0.39,-0.17,0.19,-0.27,0.26,9.496,9.673,8.986,8.966,10.3,9.91,11.58,11.28,-0.002,-0.003,-0.003,0.0,-0.0,-80.3064017,26.9209509,822.35
-10.3,3.7,0.0,0.0,-0.04,-0.07,0.2,0.31,0.19,-0.27,0.26,9.476,9.673,8.937,9.064,10.3,9.81,11.58,11.38,-0.002,-0.003,-0.003,0.0,-0.01,-80.3064017,26.9209509,822.4
-10.3,3.7,0.0,0.0,-0.04,-0.01,-0.24,-0.5,-0.16,-0.27,0.26,9.545,9.673,9.006,9.025,10.3,9.61,11.87,11.48,-0.002,-0.003,-0.003,0.0,-0.01,-80.3064017,26.9209509,822.45
-10.3,3.7,0.0,0.01,-0.03,-0.04,-0.27,-0.05,-0.05,-0.3,0.25,9.526,9.682,8.849,8.947,10.3,9.81,11.38,11.38,-0.002,-0.003,-0.003,0.0,-0.01,-80.3064016,26.9209509,822.5
-10.3,3.7,0.0,0.0,-0.04,-0.06,-0.23,0.13,0.01,-0.28,0.28,9.526,9.663,8.898,8.947,10.4,9.91,11.87,11.28,-0.002,-0.003,-0.003,0.0,-0.01,-80.3064016,26.9209509,822.55
-10.3,3.7,0.0,0.01,-0.03,-0.05,0.13,-0.04,0.08,-0.27,0.28,9.565,9.663,8.898,9.006,10.5,9.91,11.67,11.58,-0.002,-0.003,-0.003,0.0,-0.0,-80.3064016,26.9209509,822.6
-10.3,3.7,0.0,0.01,-0.03,-0.08,-0.2,0.05,0.58,-0.28,0.26,9.535,9.663,8.858,8.966,10.4,9.81,11.58,11.09,-0.002,-0.003,-0.003,0.0,-0.0,-80.3064016,26.9209509,822.65
-10.3,3.7,0.0,0.01,-0.03,-0.06,-0.12,0.03,-0.0,-0.29,0.26,9.526,9.673,8.888,9.015,10.5,9.61,11.87,11.67,-0.002,-0.003,-0.003,0.0,-0.0,-80.3064016,26.9209509,822.7
-10.2,3.7,0.0,0.01,-0.03,-0.03,-0.04,0.28,-0.13,-0.29,0.27,9.476,9.643,8.898,9.035,10.2,9.91,11.58,11.48,-0.002,-0.003,-0.003,0.0,-0.0,-80.3064016,26.9209509,822.75
-10.3,3.7,0.0,0.01,-0.02,-0.04,-0.17,0.03,0.24,-0.29,0.26,9.486,9.712,8.907,9.015,10.3,9.81,11.67,11.28,-0.002,-0.003,-0.003,0.0,-0.0,-80.3064016,26.9209509,822.8
-10.2,3.7,0.0,0.01,-0.05,0.01,0.22,0.58,-0.38,-0.28,0.25,9.467,9.663,9.006,9.074,10.4,9.81,11.58,11.38,-0.002,-0.003,-0.003,0.0,0.0,-80.3064016,26.9209509,822.85
-10.3,3.7,0.0,0.01,-0.04,-0.04,0.33,0.13,-0.48,-0.3,0.29,9.408,9.702,8.947,9.104,10.59,9.71,11.58,11.38,-0.002,-0.003,-0.003,0.0,0.0,-80.3064016,26.9209508,822.9
-10.3,3.7,0.0,0.01,-0.04,-0.02,-0.13,-0.18,-0.12,-0.31,0.31,9.427,9.682,9.035,9.113,10.4,9.52,11.58,11.58,-0.002,-0.003,-0.003,0.0,0.0,-80.3064016,26.9209508,822.95
-10.3,3.7,0.0,0.01,-0.03,-0.03,-0.07,-0.1,0.27,-0.28,0.26,9.418,9.692,9.064,9.094,10.3,10.1,11.58,11.48,-0.002,-0.003,-0.003,0.0,0.0,-80.3064016,26.9209508,823.0
-10.3,3.7,0.0,0.01,-0.04,-0.04,-0.0,-0.16,0.0,-0.29,0.27,9.447,9.682,9.084,9.025,10.3,9.71,11.87,11.28,-0.002,-0.003,-0.003,0.0,0.0,-80.3064016,26.9209508,823.05
-10.3,3.7,0.0,0.01,-0.02,-0.04,-0.14,-0.08,0.0,-0.29,0.29,9.486,9.633,9.094,9.094,10.2,9.81,11.77,11.38,-0.002,-0.003,-0.003,0.0,0.0,-80.3064016,26.9209508,823.1
-10.3,3.7,0.0,0.01,-0.03,-0.04,-0.07,-0.33,0.31,-0.28,0.27,9.535,9.614,9.084,9.045,10.59,9.91,11.58,11.38,-0.002,-0.003,-0.003,0.0,0.01,-80.3064016,26.9209508,823.15
-10.3,3.7,0.0,0.01,-0.03,-0.06,0.05,-0.12,0.11,-0.27,0.29,9.545,9.633,9.015,9.025,10.3,9.91,11.87,11.28,-0.002,-0.003,-0.003,0.0,0.01,-80.3064016,26.9209508,823.2
-10.3,3.7,0.0,0.01,-0.05,-0.04,-0.03,-0.16,-0.07,-0.26,0.3,9.545,9.653,9.006,8.986,10.5,9.81,11.87,11.48,-0.002,-0.003,-0.003,0.0,0.01,-80.3064016,26.9209508,823.25
-10.3,3.7,0.0,0.01,-0.05,-0.06,0.03,-0.09,-0.12,-0.28,0.27,9.516,9.653,8.966,9.015,10.3,9.42,11.87,11.38,-0.002,-0.003,-0.003,0.0,0.01,-80.3064016,26.9209508,823.3
-10.3,3.7,0.0,0.01,-0.03,-0.04,-0.26,0.26,-0.5,-0.28,0.25,9.535,9.653,8.976,8.966,10.5,9.91,11.87,11.18,-0.002,-0.003,-0.003,0.0,0.01,-80.3064016,26.9209508,823.35
-10.3,3.7,0.0,0.01,-0.05,-0.04,-0.21,0.13,-0.25,-0.29,0.27,9.486,9.643,8.957,8.986,10.3,9.81,11.67,11.48,-0.002,-0.003,-0.003,0.0,0.01,-80.3064016,26.9209508,823.4
-10.3,3.7,0.0,0.01,-0.04,-0.05,0.19,-0.12,-0.15,-0.29,0.27,9.476,9.653,8.986,9.035,10.2,9.81,11.58,11.38,-0.002,-0.003,-0.003,0.0,0.01,-80.3064015,26.9209508,823.45
-10.3,3.7,0.0,0.01,-0.04,-0.05,0.13,0.21,0.03,-0.28,0.26,9.516,9.702,8.986,9.006,10.2,9.71,11.38,11.58,-0.002,-0.003,-0.003,0.0,0.01,-80.3064015,26.9209508,823.5
-10.3,3.7,0.0,0.01,-0.05,-0.03,-0.05,-0.09,-0.27,-0.28,0.26,9.476,9.673,8.976,9.025,10.3,9.71,11.77,11.58,-0.002,-0.003,-0.003,0.0,0.01,-80.3064016,26.9209508,823.55
-10.3,3.7,0.0,0.01,-0.03,-0.03,-0.42,0.04,-0.15,-0.28,0.26,9.437,9.633,8.996,9.035,10.3,9.81,11.67,11.28,-0.002,-0.003,-0.003,0.0,0.01,-80.3064016,26.9209508,823.6
-10.3,3.7,0.0,0.01,-0.03,-0.02,0.06,0.19,0.25,-0.27,0.28,9.486,9.682,8.947,9.006,10.3,9.71,11.58,11.38,-0.002,-0.003,-0.003,0.0,0.01,-80.3064016,26.9209508,823.65
-10.3,3.7,0.0,0.01,-0.04,-0.04,-0.03,-0.17,0.13,-0.26,0.29,9.496,9.692,8.947,9.015,10.3,9.71,11.58,11.38,-0.002,-0.003,-0.003,0.0,0.02,-80.3064016,26.9209508,823.7
-10.2,3.7,0.0,0.01,-0.04,-0.04,-0.25,-0.16,-0.14,-0.25,0.31,9.476,9.673,8.966,9.045,10.4,9.71,11.77,11.18,-0.002,-0.003,-0.003,0.0,0.02,-80.3064016,26.9209508,823.75
-10.3,3.7,0.0,0.01,-0.07,-0.05,-0.03,-0.02,-0.52,-0.29,0.25,9.555,9.643,8.917,8.996,10.59,9.71,12.16,11.38,-0.002,-0.003,-0.003,0.0,0.02,-80.3064015,26.9209508,823.8
-10.2,3.7,0.0,0.01,-0.03,-0.05,0.11,-0.1,-0.27,-0.3,0.24,9.496,9.682,8.927,8.996,10.4,9.91,11.87,11.48,-0.002,-0.003,-0.003,0.0,0.02,-80.3064016,26.9209508,823.85
-10.3,3.7,0.0,0.01,-0.05,-0.02,-0.17,-0.18,-0.33,-0.28,0.26,9.476,9.624,9.015,9.064,10.5,9.71,11.97,11.48,-0.002,-0.003,-0.003,0.0,0.02,-80.3064016,26.9209508,823.9
-10.3,3.7,0.0,0.01,-0.04,-0.07,0.16,-0.02,-0.32,-0.29,0.24,9.496,9.673,8.888,8.986,10.4,9.81,11.67,11.38,-0.002,-0.003,-0.003,0.0,0.02,-80.3064016,26.9209508,823.95
-10.3,3.7,0.0,0.01,-0.04,-0.04,0.0,-0.01,-0.02,-0.3,0.23,9.486,9.633,8.927,8.996,10.2,9.91,11.97,11.28,-0.002,-0.003,-0.003,0.0,0.02,-80.3064016,26.9209508,824.0
-10.3,3.7,0.0,0.01,-0.07,-0.05,0.26,0.09,-0.36,-0.31,0.21,9.486,9.673,8.986,9.055,10.2,9.91,11.87,11.77,-0.002,-0.003,-0.003,0.0,0.02,-80.3064015,26.9209508,824.05
-10.3,3.7,0.0,0.01,-0.02,-0.05,0.34,0.08,0.08,-0.32,0.19,9.526,9.692,8.917,8.996,10.5,9.81,11.58,11.38,-0.002,-0.003,-0.003,0.0,0.02,-80.3064015,26.9209508,824.1
-10.3,3.7,0.0,0.01,-0.04,-0.03,-0.03,-0.28,0.17,-0.33,0.18,9.496,9.653,8.947,9.006,10.3,9.71,11.77,11.67,-0.002,-0.003,-0.003,0.0,0.02,-80.3064015,26.9209508,824.15
-10.3,3.7,0.0,0.01,-0.04,-0.05,0.2,0.32,0.44,-0.34,0.16,9.486,9.663,8.957,9.035,10.1,9.91,11.58,11.38,-0.002,-0.003,-0.003,0.0,0.03,-80.3064015,26.9209508,824.2
-10.3,3.7,0.0,0.02,-0.03,-0.05,-0.09,-0.17,0.13,-0.35,0.15,9.467,9.663,8.937,8.996,10.4,9.91,11.97,11.28,-0.002,-0.003,-0.003,0.0,0.03,-80.3064015,26.9209508,824.25
-10.3,3.7,0.0,0.01,-0.05,-0.04,0.01,-0.34,-0.16,-0.36,0.13,9.467,9.673,8.927,9.015,10.5,9.91,11.87,11.38,-0.002,-0.003,-0.003,0.0,0.03,-80.3064015,26.9209508,824.3
-10.2,3.7,0.0,0.02,-0.04,-0.04,-0.11,0.18,-0.08,-0.28,0.26,9.516,9.643,8.957,9.015,10.1,9.91,11.38,11.28,-0.002,-0.003,-0.003,0.0,0.03,-80.3064015,26.9209508,824.35
-10.3,3.7,0.0,0.02,-0.03,-0.05,0.18,0.04,0.09,-0.29,0.28,9.476,9.673,8.907,8.986,10.4,9.71,11.67,11.67,-0.002,-0.003,-0.003,0.0,0.03,-80.3064015,26.9209508,824.4
-10.3,3.7,0.0,0.02,-0.04,-0.05,0.11,0.0,0.19,-0.29,0.3,9.516,9.653,8.957,9.035,10.3,9.42,11.58,11.67,-0.002,-0.003,-0.003,0.0,0.03,-80.3064015,26.9209508,824.45
-10.3,3.7,0.0,0.02,-0.03,-0.06,-0.1,0.02,0.21,-0.3,0.33,9.506,9.702,8.947,9.015,10.4,9.61,11.38,11.48,-0.002,-0.003,-0.003,0.0,0.03,-80.3064015,26.9209508,824.5
-10.3,3.7,0.0,0.02,-0.04,-0.06,0.26,0.17,-0.15,-0.31,0.35,9.506,9.643,8.947,9.006,10.4,9.91,11.87,11.77,-0.002,-0.003,-0.003,0.0,0.03,-80.3064015,26.9209508,824.55
-10.3,3.7,0.0,0.02,-0.03,-0.04,-0.21,-0.04,0.22,-0.31,0.38,9.467,9.673,8.937,9.045,10.01,9.61,11.87,11.18,-0.002,-0.003,-0.003,0.0,0.03,-80.3064015,26.9209508,824.6
-10.3,3.7,0.0,0.02,-0.04,-0.05,0.09,-0.07,0.09,-0.32,0.4,9.486,9.663,8.957,9.015,10.2,9.61,11.87,11.38,-0.002,-0.003,-0.003,0.0,0.03,-80.3064015,26.9209508,824.65
-10.3,3.7,0.0,0.02,-0.04,-0.04,-0.04,-0.0,-0.1,-0.33,0.43,9.506,9.663,8.898,9.006,10.3,9.81,11.77,11.09,-0.002,-0.003,-0.003,0.0,0.04,-80.3064015,26.9209508,824.7
-10.2,3.7,0.0,0.02,-0.04,-0.05,0.09,-0.15,-0.08,-0.33,0.45,9.506,9.673,8.986,9.064,10.3,9.81,11.97,11.58,-0.002,-0.003,-0.003,0.0,0.04,-80.3064015,26.9209508,824.75
-10.3,3.7,0.0,0.02,-0.05,-0.04,0.06,-0.2,0.29,-0.34,0.47,9.496,9.663,8.966,9.025,10.3,9.71,11.58,11.38,-0.002,-0.003,-0.003,0.0,0.04,-80.3064015,26.9209507,824.8
-10.3,3.7,0.0,0.02,-0.05,-0.06,0.17,0.19,-0.06,-0.34,0.5,9.496,9.663,8.907,9.015,10.3,9.81,11.77,11.18,-0.002,-0.003,-0.003,0.0,0.04,-80.3064015,26.9209507,824.85
-10.3,3.7,0.0,0.02,-0.04,-0.04,0.08,-0.03,-0.05,-0.35,0.52,9.506,9.653,8.937,9.025,10.4,9.71,11.77,11.38,-0.002,-0.003,-0.003,0.0,0.04,-80.3064015,26.9209507,824.9
-10.3,3.7,0.0,0.01,-0.05,-0.03,0.14,-0.35,-0.19,-0.36,0.55,9.516,9.653,8.937,9.035,10.3,9.61,11.58,11.67,-0.002,-0.003,-0.003,0.0,-0.0,-80.3064015,26.9209507,824.95
-10.3,3.7,0.0,0.01,-0.08,0.03,-0.06,-0.23,0.17,-0.36,0.57,9.526,9.663,8.898,8.976,10.4,9.81,11.58,11.58,-0.002,-0.003,-0.003,0.0,-0.01,-80.3064015,26.9209507,825.0
-10.2,3.7,0.0,0.01,-0.04,-0.06,0.1,-0.08,0.05,-0.37,0.6,9.476,9.643,8.986,9.064,10.2,9.52,11.77,11.48,-0.002,-0.003,-0.003,0.0,-0.0,-80.3064015,26.9209507,825.05
-10.3,3.7,0.0,0.01,-0.04,-0.06,0.05,0.08,-0.01,-0.28,0.26,9.506,9.653,8.937,8.996,10.59,9.81,11.77,11.58,-0.002,-0.003,-0.003,0.0,-0.01,-80.3064015,26.9209507,825.1
-10.3,3.7,0.0,0.01,-0.05,-0.03,-0.14,0.02,-0.05,-0.28,0.26,9.506,9.682,8.947,9.015,10.5,9.81,11.58,11.48,-0.002,-0.003,-0.003,0.0,-0.01,-80.3064015,26.9209507,825.15
-10.3,3.7,0.0,0.01,-0.05,-0.05,-0.01,0.01,0.23,-0.28,0.27,9.496,9.653,8.957,9.035,10.4,9.91,11.97,11.18,-0.002,-0.003,-0.003,0.0,-0.0,-80.3064015,26.9209507,825.2
-10.3,3.7,0.0,0.01,-0.02,-0.07,0.04,0.2,0.17,-0.28,0.28,9.486,9.663,8.907,8.986,10.4,9.81,11.77,11.58,-0.002,-0.003,-0.003,0.0,-0.0,-80.3064015,26.9209507,825.25
-10.3,3.7,0.0,0.01,-0.03,-0.04,0.0,-0.16,-0.01,-0.28,0.26,9.506,9.633,8.937,8.996,10.3,9.81,11.58,11.48,-0.002,-0.003,-0.003,0.0,-0.01,-80.3064015,26.9209507,825.3
-10.3,3.7,0.0,0.01,-0.05,-0.05,0.16,-0.02,-0.36,-0.28,0.26,9.486,9.633,8.986,9.045,10.59,9.91,11.58,11.48,-0.002,-0.003,-0.003,0.0,-0.0,-80.3064015,26.9209507,825.35
-10.3,3.7,0.0,0.01,-0.02,-0.02,-0.01,-0.18,0.08,-0.28,0.26,9.516,9.653,8.966,9.006,10.3,9.81,11.87,11.38,-0.002,-0.003,-0.003,0.0,-0.0,-80.3064015,26.9209507,825.4
-10.3,3.7,0.0,0.01,-0.03,-0.06,0.13,-0.4,-0.01,-0.27,0.23,9.535,9.663,8.947,8.986,10.5,9.81,11.87,11.09,-0.002,-0.003,-0.003,0.0,-0.0,-80.3064015,26.9209507,825.45
-10.3,3.7,0.0,0.01,-0.04,-0.05,-0.09,0.24,0.16,-0.29,0.26,9.486,9.663,8.927,9.015,10.2,9.91,11.58,11.58,-0.002,-0.003,-0.003,0.0,-0.0,-80.3064015,26.9209507,825.5
-10.3,3.7,0.0,0.01,-0.05,-0.07,0.32,0.28,-0.09,-0.28,0.26,9.545,9.653,8.957,9.015,10.2,9.81,11.58,11.58,-0.002,-0.003,-0.003,0.0,-0.0,-80.3064015,26.9209507,825.55
-10.3,3.7,0.0,0.01,-0.04,-0.06,0.0,0.17,-0.54,-0.28,0.26,9.506,9.663,8.927,9.006,10.59,9.81,11.67,11.38,-0.002,-0.003,-0.003,0.0,-0.0,-80.3064015,26.9209507,825.6
-10.3,3.7,0.0,0.01,-0.04,-0.03,-0.06,-0.29,0.1,-0.27,0.23,9.467,9.633,8.976,9.035,10.3,9.52,11.48,11.28,-0.002,-0.003,-0.003,0.0,-0.0,-80.3064015,26.9209506,825.65
-10.3,3.7,0.0,0.01,-0.02,-0.05,-0.45,-0.06,-0.33,-0.28,0.26,9.506,9.663,8.927,9.006,10.3,9.81,11.87,11.48,-0.002,-0.003,-0.003,0.0,-0.01,-80.3064015,26.9209506,825.7
-10.3,3.7,0.0,0.01,-0.03,-0.04,0.05,-0.13,0.41,-0.28,0.27,9.526,9.663,8.957,8.986,10.4,9.91,11.58,11.77,-0.002,-0.003,-0.003,0.0,-0.0,-80.3064015,26.9209506,825.75
-10.3,3.7,0.0,0.01,-0.04,-0.05,-0.31,-0.05,-0.25,-0.29,0.29,9.496,9.673,8.996,9.045,10.3,9.71,11.28,11.48,-0.002,-0.003,-0.003,0.0,-0.01,-80.3064015,26.9209506,825.8
-10.2,3.7,0.0,0.01,-0.05,-0.03,0.13,-0.12,-0.41,-0.3,0.31,9.526,9.673,8.947,9.015,10.5,9.71,11.77,11.28,-0.002,-0.003,-0.003,0.0,-0.0,-80.3064015,26.9209506,825.85
-10.3,3.7,0.0,0.01,-0.03,-0.05,0.26,0.07,0.11,-0.28,0.27,9.496,9.712,8.907,8.986,10.2,9.71,11.67,11.58,-0.002,-0.003,-0.003,0.0,0.0,-80.3064015,26.9209506,825.9
-10.2,3.7,0.0,0.01,-0.04,-0.04,-0.17,-0.1,0.26,-0.28,0.27,9.496,9.663,8.976,9.025,10.1,9.52,11.77,11.38,-0.002,-0.003,-0.003,0.0,0.0,-80.3064015,26.9209506,825.95
-10.3,3.7,0.0,0.01,-0.03,-0.05,-0.14,-0.23,0.18,-0.28,0.26,9.506,9.633,8.917,8.996,10.4,9.81,11.87,11.38,-0.002,-0.003,-0.003,0.0,0.0,-80.3064015,26.9209506,826.0
-10.3,3.7,0.0,0.01,-0.04,-0.07,0.18,0.06,0.21,-0.28,0.27,9.486,9.663,8.976,9.015,10.5,10.01,11.87,11.38,-0.002,-0.003,-0.003,0.0,0.0,-80.3064015,26.9209506,826.05
-10.3,3.7,0.0,0.02,-0.04,-0.06,-0.13,0.26,-0.0,-0.28,0.27,9.496,9.633,8.917,9.006,10.5,9.81,11.87,11.67,-0.002,-0.003,-0.003,0.0,0.0,-80.3064015,26.9209506,826.1
-10.3,3.7,0.0,0.02,-0.04,-0.04,0.12,0.3,-0.17,-0.28,0.26,9.476,9.702,8.927,9.015,10.1,9.91,11.58,11.58,-0.002,-0.003,-0.003,0.0,0.01,-80.3064015,26.9209506,826.15
-10.3,3.7,0.0,0.02,-0.04,-0.04,-0.25,0.24,-0.08,-0.28,0.26,9.526,9.633,8.957,9.006,10.3,9.91,11.77,11.09,-0.002,-0.003,-0.003,0.0,0.0,-80.3064015,26.9209506,826.2
-10.3,3.7,0.0,0.02,-0.03,-0.04,0.07,-0.24,0.09,-0.28,0.26,9.467,9.673,8.917,9.015,10.5,9.71,11.38,10.99,-0.002,-0.003,-0.003,0.0,0.01,-80.3064015,26.9209506,826.25
-10.3,3.7,0.0,0.02,-0.03,-0.07,-0.24,-0.19,0.16,-0.28,0.26,9.496,9.682,8.947,8.976,10.4,9.91,11.77,11.28,-0.002,-0.003,-0.003,0.0,0.01,-80.3064015,26.9209506,826.3
-10.3,3.7,0.0,0.02,-0.05,-0.04,-0.21,0.12,-0.15,-0.28,0.26,9.496,9.653,8.957,9.045,10.3,9.71,11.77,11.48,-0.002,-0.003,-0.003,0.0,0.01,-80.3064015,26.9209506,826.35
-10.3,3.7,0.0,0.02,-0.04,-0.05,0.28,-0.28,-0.35,-0.28,0.26,9.467,9.673,8.937,9.006,10.2,10.01,11.87,11.38,-0.002,-0.003,-0.003,0.0,0.01,-80.3064015,26.9209505,826.4
-10.3,3.7,0.0,0.02,-0.04,-0.03,0.1,-0.14,-0.17,-0.28,0.26,9.496,9.653,8.937,8.996,10.3,9.91,12.07,11.38,-0.002,-0.003,-0.003,0.0,0.01,-80.3064015,26.9209505,826.45
-10.3,3.7,0.0,0.02,-0.04,-0.04,-0.05,0.06,0.21,-0.28,0.25,9.516,9.663,8.947,9.025,10.4,9.91,11.77,11.28,-0.002,-0.003,-0.003,0.0,0.01,-80.3064015,26.9209505,826.5
-10.4,3.7,0.0,0.02,-0.02,-0.04,-0.42,-0.28,-0.07,-0.28,0.26,9.496,9.673,8.927,8.996,10.4,9.61,11.97,11.48,-0.002,-0.003,-0.003,0.0,0.01,-80.3064015,26.9209505,826.55
-10.3,3.7,0.0,0.02,-0.03,-0.05,0.06,0.01,0.28,-0.28,0.26,9.496,9.653,8.957,9.006,10.3,9.81,11.77,11.28,-0.002,-0.003,-0.003,0.0,0.01,-80.3064015,26.9209505,826.6
-10.3,3.7,0.0,0.03,-0.04,-0.04,-0.07,-0.03,0.11,-0.28,0.25,9.486,9.653,8.976,9.035,10.4,9.91,11.38,11.38,-0.002,-0.003,-0.003,0.0,0.01,-80.3064015,26.9209505,826.65
-10.3,3.7,0.0,0.02,-0.03,-0.04,0.05,-0.41,0.08,-0.28,0.26,9.516,9.673,8.927,9.025,10.3,9.61,11.77,11.58,-0.002,-0.003,-0.003,0.0,0.01,-80.3064015,26.9209505,826.7
-10.3,3.7,0.0,0.03,-0.04,-0.03,-0.2,-0.05,-0.31,-0.28,0.26,9.496,9.663,8.937,9.035,10.4,10.01,11.67,11.38,-0.002,-0.003,-0.003,0.0,0.01,-80.3064015,26.9209505,826.75
-10.3,3.7,0.0,0.03,-0.03,-0.05,-0.16,0.03,-0.08,-0.28,0.28,9.496,9.673,8.966,9.006,10.59,9.81,11.58,11.09,-0.002,-0.003,-0.003,0.0,0.01,-80.3064015,26.9209505,826.8
-10.3,3.7,0.0,0.03,-0.04,-0.04,0.04,0.24,0.4,-0.28,0.27,9.486,9.692,8.957,9.025,10.2,9.71,11.58,11.77,-0.002,-0.003,-0.003,0.0,0.01,-80.3064015,26.9209505,826.85
-10.3,3.7,0.0,0.03,-0.04,-0.05,-0.08,0.17,-0.18,-0.28,0.26,9.486,9.673,8.957,9.025,10.1,9.61,11.58,11.58,-0.002,-0.003,-0.003,0.0,0.01,-80.3064015,26.9209505,826.9
-10.3,3.7,0.0,0.03,-0.02,-0.03,-0.04,-0.02,0.33,-0.28,0.27,9.506,9.673,8.957,9.025,10.3,9.61,11.67,11.28,-0.002,-0.003,-0.003,0.0,0.01,-80.3064015,26.9209505,826.95
-10.3,3.7,0.0,0.03,-0.04,-0.05,0.01,-0.02,0.16,-0.28,0.27,9.496,9.653,8.927,9.035,10.4,9.71,11.77,11.28,-0.002,-0.003,-0.003,0.0,0.01,-80.3064015,26.9209505,827.0
-10.3,3.7,0.0,0.03,-0.04,-0.04,-0.23,0.04,0.3,-0.28,0.27,9.516,9.673,8.947,8.986,10.59,9.81,12.16,11.09,-0.002,-0.003,-0.003,0.0,0.01,-80.3064015,26.9209505,827.05
-10.3,3.7,0.0,0.03,-0.02,-0.06,-0.09,-0.17,0.17,-0.28,0.27,9.516,9.653,8.947,9.025,10.2,9.61,11.58,11.38,-0.002,-0.003,-0.003,0.0,0.01,-80.3064015,26.9209505,827.1
-10.3,3.7,0.0,0.03,-0.05,-0.06,0.01,0.28,-0.36,-0.28,0.26,9.496,9.673,8.947,9.015,10.2,10.01,11.87,11.28,-0.002,-0.003,-0.003,0.0,0.01,-80.3064015,26.9209505,827.15
-10.3,3.7,0.0,0.03,-0.04,-0.05,0.24,0.44,0.11,-0.27,0.27,9.486,9.673,8.937,9.015,10.4,9.61,11.87,11.38,-0.002,-0.003,-0.003,0.0,0.02,-80.3064015,26.9209505,827.2
-10.3,3.7,0.0,0.04,-0.03,-0.05,-0.15,0.19,0.48,-0.27,0.27,9.516,9.673,8.957,9.035,10.5,9.42,11.77,11.28,-0.002,-0.003,-0.003,0.0,0.02,-80.3064015,26.9209505,827.25
-10.3,3.7,0.0,0.04,-0.04,-0.05,0.1,-0.12,-0.25,-0.29,0.27,9.496,9.702,8.927,9.015,10.3,9.81,11.77,11.48,-0.002,-0.003,-0.003,0.0,0.02,-80.3064015,26.9209505,827.3
-10.2,3.7,0.0,0.04,-0.03,-0.06,0.03,0.12,0.5,-0.28,0.27,9.496,9.663,8.937,9.035,10.5,9.61,11.58,11.48,-0.002,-0.003,-0.003,0.0,0.02,-80.3064015,26.9209505,827.35
-10.3,3.7,0.0,0.04,-0.04,-0.04,-0.2,-0.33,0.11,-0.28,0.27,9.506,9.673,8.917,9.006,10.59,9.61,11.77,11.38,-0.002,-0.003,-0.003,0.0,0.02,-80.3064015,26.9209505,827.4
-10.2,3.7,0.0,0.04,-0.05,-0.05,0.44,0.01,-0.39,-0.28,0.27,9.506,9.663,8.957,9.025,10.2,9.71,11.77,11.38,-0.002,-0.003,-0.003,0.0,0.02,-80.3064015,26.9209505,827.45
-10.3,3.7,0.0,0.04,-0.03,-0.04,0.09,-0.24,-0.05,-0.28,0.27,9.496,9.653,8.937,8.996,10.1,10.01,11.77,11.67,-0.002,-0.003,-0.003,0.0,0.02,-80.3064015,26.9209504,827.5
-10.3,3.7,0.0,0.04,-0.04,-0.05,0.15,-0.04,-0.12,-0.29,0.27,9.496,9.673,8.927,8.996,10.3,9.91,11.97,11.58,-0.002,-0.003,-0.003,0.0,0.02,-80.3064015,26.9209504,827.55
-10.3,3.7,0.0,0.04,-0.03,-0.05,-0.23,-0.24,0.53,-0.28,0.27,9.516,9.673,8.927,8.996,10.5,9.71,11.77,11.58,-0.002,-0.003,-0.003,0.0,0.02,-80.3064015,26.9209504,827.6
-10.3,3.7,0.0,0.04,-0.04,-0.06,0.06,0.19,0.16,-0.28,0.27,9.486,9.682,8.937,9.025,10.3,9.81,11.87,11.38,-0.002,-0.003,-0.003,0.0,0.02,-80.3064015,26.9209504,827.65
-10.3,3.7,0.0,0.04,-0.04,-0.05,0.01,0.2,-0.22,-0.28,0.27,9.506,9.663,8.927,9.015,10.2,9.91,11.48,11.28,-0.002,-0.003,-0.003,0.0,0.02,-80.3064015,26.9209504,827.7
-10.3,3.7,0.0,0.04,-0.05,-0.04,0.15,-0.05,0.09,-0.28,0.27,9.476,9.682,8.937,9.035,10.4,9.81,11.77,11.58,-0.002,-0.003,-0.003,0.0,0.02,-80.3064015,26.9209504,827.75
-10.3,3.7,0.0,0.04,-0.02,-0.06,-0.1,0.06,0.04,-0.28,0.28,9.476,9.663,8.917,9.006,10.3,9.71,11.87,11.48,-0.002,-0.003,-0.003,0.0,0.02,-80.3064015,26.9209504,827.8
-10.3,3.7,0.0,0.04,-0.05,-0.02,-0.08,-0.39,-0.13,-0.28,0.27,9.516,9.653,8.957,9.025,10.3,9.71,11.38,11.38,-0.002,-0.003,-0.003,0.0,0.02,-80.3064015,26.9209504,827.85
-10.3,3.7,0.0,0.05,-0.03,-0.06,-0.16,-0.13,-0.12,-0.28,0.28,9.506,9.663,8.927,8.966,10.3,9.81,11.77,11.38,-0.002,-0.003,-0.003,0.0,0.02,-80.3064015,26.9209504,827.9
-10.3,3.7,0.0,0.05,-0.05,-0.04,-0.01,0.15,-0.23,-0.28,0.27,9.516,9.643,8.927,9.015,10.3,9.81,11.87,11.48,-0.002,-0.003,-0.003,0.0,0.02,-80.3064015,26.9209504,827.95
-10.3,3.7,0.0,0.05,-0.03,-0.04,-0.02,-0.25,-0.03,-0.28,0.27,9.496,9.653,8.927,9.006,10.3,9.91,11.67,11.48,-0.002,-0.003,-0.003,0.0,0.02,-80.3064015,26.9209504,828.0
-10.3,3.7,0.0,0.05,-0.04,-0.05,-0.15,-0.33,-0.47,-0.28,0.27,9.486,9.682,8.957,9.006,10.4,9.71,11.87,11.58,-0.002,-0.003,-0.003,0.0,0.02,-80.3064015,26.9209504,828.05
-10.3,3.7,0.0,0.05,-0.05,-0.06,0.25,-0.14,-0.04,-0.28,0.27,9.506,9.663,8.947,9.015,10.4,9.81,11.67,11.48,-0.002,-0.003,-0.003,0.0,0.03,-80.3064015,26.9209504,828.1
-10.3,3.7,0.0,0.05,-0.05,-0.05,-0.08,-0.1,-0.28,-0.28,0.27,9.526,9.673,8.957,9.015,10.4,9.81,11.48,11.09,-0.002,-0.003,-0.003,0.0,0.02,-80.3064015,26.9209504,828.15
-10.3,3.7,0.0,0.05,-0.04,-0.03,-0.15,-0.12,0.04,-0.28,0.27,9.526,9.663,8.947,9.025,10.2,9.81,11.67,11.48,-0.002,-0.003,-0.003,0.0,0.03,-80.3064015,26.9209504,828.2
-10.3,3.7,0.0,0.05,-0.04,-0.04,0.05,-0.14,0.33,-0.28,0.27,9.496,9.633,8.917,9.006,10.3,9.71,11.67,11.38,-0.002,-0.003,-0.003,0.0,0.03,-80.3064015,26.9209504,828.25
-10.3,3.7,0.0,0.05,-0.05,-0.04,0.14,-0.34,0.03,-0.28,0.27,9.516,9.663,8.927,9.006,10.5,10.01,11.38,11.38,-0.002,-0.003,-0.003,0.0,0.03,-80.3064015,26.9209504,828.3
-10.3,3.7,0.0,0.05,-0.04,-0.05,-0.06,0.06,-0.23,-0.3,0.27,9.506,9.643,8.947,9.025,10.2,9.81,11.67,11.28,-0.002,-0.003,-0.003,0.0,0.03,-80.3064015,26.9209504,828.35
-10.3,3.7,0.0,0.05,-0.03,-0.07,0.17,0.26,-0.06,-0.28,0.28,9.506,9.663,8.917,8.996,10.3,9.81,11.58,11.28,-0.002,-0.003,-0.003,0.0,0.03,-80.3064015,26.9209504,828.4
-10.3,3.7,0.0,0.06,-0.04,-0.04,-0.05,0.39,-0.07,-0.29,0.27,9.506,9.653,8.957,9.025,10.2,9.71,11.87,11.58,-0.002,-0.003,-0.003,0.0,0.03,-80.3064015,26.9209504,828.45
-10.3,3.7,0.0,0.06,-0.02,-0.06,0.18,-0.18,0.11,-0.28,0.27,9.526,9.673,8.927,9.025,10.4,9.81,11.87,11.58,-0.002,-0.003,-0.003,0.0,0.03,-80.3064015,26.9209504,828.5
-10.4,3.7,0.0,0.06,-0.04,-0.04,-0.06,-0.05,0.01,-0.28,0.27,9.506,9.653,8.898,8.957,10.2,9.91,11.77,11.48,-0.002,-0.003,-0.003,0.0,0.03,-80.3064015,26.9209504,828.55
-10.3,3.7,0.0,0.06,-0.04,-0.06,0.17,0.44,-0.23,-0.28,0.27,9.506,9.673,8.947,8.996,10.4,9.61,11.58,11.58,-0.002,-0.003,-0.003,0.0,0.03,-80.3064015,26.9209504,828.6
-10.3,3.7,0.0,0.06,-0.04,-0.06,0.24,-0.07,0.03,-0.28,0.27,9.486,9.663,8.937,9.006,10.4,9.71,11.87,11.77,-0.002,-0.003,-0.003,0.0,0.03,-80.3064015,26.9209504,828.65
-10.3,3.7,0.0,0.06,-0.05,-0.04,0.05,0.24,-0.34,-0.27,0.27,9.506,9.663,8.907,8.976,10.2,9.81,11.77,11.67,-0.002,-0.003,-0.003,0.0,0.03,-80.3064015,26.9209504,828.7
-10.3,3.7,0.0,0.06,-0.03,-0.05,-0.05,-0.27,-0.13,-0.28,0.27,9.496,9.653,8.937,9.015,10.3,9.61,11.58,10.99,-0.002,-0.003,-0.003,0.0,0.03,-80.3064014,26.9209504,828.75
-10.3,3.7,0.0,0.06,-0.05,-0.04,0.06,0.27,-0.12,-0.28,0.27,9.506,9.663,8.937,8.986,10.4,9.81,11.77,11.38,-0.002,-0.003,-0.003,0.0,0.03,-80.3064014,26.9209504,828.8
-10.3,3.7,0.0,0.06,-0.03,-0.06,-0.18,0.4,0.13,-0.27,0.27,9.496,9.663,8.947,9.015,10.2,9.61,11.77,11.09,-0.002,-0.003,-0.003,0.0,0.03,-80.3064014,26.9209504,828.85
-10.3,3.7,0.0,0.06,-0.05,-0.04,0.35,-0.18,0.18,-0.28,0.27,9.516,9.663,8.927,9.006,10.5,9.52,11.77,11.38,-0.002,-0.003,-0.003,0.0,0.03,-80.3064014,26.9209504,828.9
-10.3,3.7,0.0,0.06,-0.03,-0.05,-0.13,-0.31,0.21,-0.28,0.27,9.496,9.663,8.927,9.025,10.4,9.81,11.87,11.09,-0.002,-0.003,-0.003,0.0,0.03,-80.3064014,26.9209504,828.95
-10.3,3.7,0.0,0.07,-0.04,-0.04,-0.17,-0.18,0.02,-0.28,0.27,9.486,9.643,8.937,8.986,10.2,9.71,11.87,11.67,-0.002,-0.003,-0.003,0.0,0.03,-80.3064014,26.9209504,829.0
-10.2,3.7,0.0,0.07,-0.04,-0.05,-0.18,-0.07,0.2,-0.28,0.27,9.496,9.663,8.966,9.035,10.4,9.91,11.38,11.28,-0.002,-0.003,-0.003,0.0,0.03,-80.3064014,26.9209504,829.05
-10.3,3.7,0.0,0.07,-0.03,-0.05,0.14,0.02,-0.13,-0.27,0.27,9.506,9.653,8.917,9.015,10.2,9.81,11.67,11.38,-0.002,-0.003,-0.003,0.0,0.03,-80.3064014,26.9209504,829.1
-10.3,3.7,0.0,0.07,-0.04,-0.04,-0.18,0.08,-0.02,-0.28,0.27,9.506,9.673,8.947,9.015,10.2,9.81,11.58,11.28,-0.002,-0.003,-0.003,0.0,0.03,-80.3064014,26.9209504,829.15
-10.3,3.7,0.0,0.07,-0.05,-0.06,0.12,0.3,-0.36,-0.27,0.27,9.496,9.643,8.947,8.996,10.1,9.61,11.77,11.58,-0.002,-0.003,-0.003,0.0,0.04,-80.3064014,26.9209504,829.2
-10.3,3.7,0.0,0.07,-0.05,-0.05,0.25,0.01,-0.13,-0.28,0.27,9.496,9.673,8.937,8.996,10.5,9.81,12.07,11.28,-0.002,-0.003,-0.003,0.0,0.04,-80.3064014,26.9209504,829.25
-10.3,3.7,0.0,0.07,-0.04,-0.04,-0.16,-0.06,-0.17,-0.28,0.27,9.496,9.673,8.937,9.015,10.3,10.01,11.58,11.38,-0.002,-0.003,-0.003,0.0,0.04,-80.3064014,26.9209504,829.3
-10.3,3.7,0.0,0.07,-0.04,-0.05,0.18,0.41,-0.06,-0.27,0.27,9.506,9.682,8.927,9.015,10.4,9.91,12.07,11.58,-0.002,-0.003,-0.003,0.0,0.04,-80.3064014,26.9209503,829.35
-10.3,3.7,0.0,0.07,-0.02,-0.05,-0.15,0.11,0.36,-0.31,0.27,9.496,9.643,8.937,9.006,10.5,9.81,11.58,11.28,-0.002,-0.003,-0.003,0.0,0.04,-80.3064014,26.9209503,829.4
-10.3,3.7,0.0,0.07,-0.04,-0.04,0.03,0.06,0.15,-0.35,0.27,9.496,9.663,8.947,8.986,10.2,9.81,11.58,11.38,-0.002,-0.003,-0.003,0.0,0.04,-80.3064014,26.9209503,829.45
-10.3,3.7,0.0,0.07,-0.02,-0.05,-0.22,-0.1,0.14,-0.28,0.27,9.516,9.643,8.937,9.015,10.4,9.81,11.58,11.58,-0.002,-0.003,-0.003,0.0,0.04,-80.3064014,26.9209503,829.5
-10.3,3.7,0.0,0.07,-0.05,-0.04,0.15,0.02,0.07,-0.29,0.28,9.526,9.663,8.907,8.976,10.3,9.81,11.77,11.58,-0.002,-0.003,-0.003,0.0,0.04,-80.3064014,26.9209503,829.55
-10.3,3.7,0.0,0.08,-0.04,-0.04,0.04,-0.02,-0.02,-0.28,0.27,9.486,9.682,8.966,9.015,10.4,9.91,11.48,11.38,-0.002,-0.003,-0.003,0.0,0.04,-80.3064014,26.9209503,829.6
-10.3,3.7,0.0,0.08,-0.03,-0.07,0.11,0.02,-0.24,-0.28,0.28,9.506,9.643,8.937,9.006,10.1,9.91,11.77,11.48,-0.002,-0.003,-0.003,0.0,0.04,-80.3064014,26.9209503,829.65
-10.3,3.7,0.0,0.08,-0.05,-0.02,-0.25,-0.41,-0.39,-0.28,0.27,9.516,9.663,8.927,9.006,10.3,9.61,11.87,11.58,-0.002,-0.003,-0.003,0.0,0.04,-80.3064014,26.9209503,829.7
-10.3,3.7,0.0,0.08,-0.02,-0.05,-0.23,0.01,0.2,-0.28,0.27,9.496,9.673,8.927,9.006,10.3,10.01,11.87,11.38,-0.002,-0.003,-0.003,0.0,0.04,-80.3064014,26.9209503,829.75
-10.3,3.7,0.0,0.08,-0.04,-0.04,0.06,-0.19,-0.01,-0.28,0.27,9.535,9.673,8.927,9.015,10.4,9.61,11.58,11.38,-0.002,-0.003,-0.003,0.0,0.04,-80.3064014,26.9209503,829.8
-10.3,3.7,0.0,0.08,-0.05,-0.05,0.14,-0.04,-0.12,-0.28,0.27,9.526,9.653,8.966,8.996,10.4,9.71,11.58,11.38,-0.002,-0.003,-0.003,0.0,0.04,-80.3064014,26.9209503,829.85
-10.3,3.7,0.0,0.08,-0.03,-0.05,0.15,-0.14,0.13,-0.28,0.27,9.506,9.663,8.917,8.976,10.4,9.71,11.48,11.38,-0.002,-0.003,-0.003,0.0,0.04,-80.3064013,26.9209503,829.9
-10.3,3.7,0.0,0.08,-0.05,-0.05,0.01,-0.01,-0.46,-0.28,0.27,9.516,9.633,8.937,9.006,10.4,9.91,12.07,11.77,-0.002,-0.003,-0.003,0.0,0.04,-80.3064013,26.9209503,829.95
-10.3,3.7,0.0,0.08,-0.03,-0.04,0.01,0.16,0.06,-0.28,0.27,9.496,9.673,8.957,9.015,10.4,9.71,11.77,11.58,-0.002,-0.003,-0.003,0.0,0.05,-80.3064013,26.9209503,830.0
-10.3,3.7,0.0,0.08,-0.03,-0.07,0.28,0.38,0.22,-0.29,0.26,9.486,9.663,8.937,8.986,10.5,9.71,11.67,11.58,-0.002,-0.003,-0.003,0.0,0.05,-80.3064013,26.9209503,830.05
-10.3,3.7,0.0,0.08,-0.04,-0.03,-0.26,-0.2,0.33,-0.28,0.27,9.496,9.663,8.966,9.015,10.3,9.81,11.87,11.48,-0.002,-0.003,-0.003,0.0,0.04,-80.3064013,26.9209503,830.1
-10.3,3.7,0.0,0.08,-0.03,-0.06,0.11,0.2,-0.1,-0.27,0.27,9.496,9.663,8.947,9.006,10.5,10.1,11.48,11.28,-0.002,-0.003,-0.003,0.0,0.05,-80.3064013,26.9209503,830.15
-10.3,3.7,0.0,0.09,-0.04,-0.05,0.07,-0.02,0.14,-0.28,0.27,9.496,9.643,8.937,8.996,10.4,9.81,11.38,11.58,-0.002,-0.003,-0.003,0.0,0.05,-80.3064013,26.9209503,830.2
-10.3,3.7,0.0,0.09,-0.05,-0.05,-0.01,-0.11,-0.16,-0.28,0.26,9.486,9.663,8.937,9.006,10.2,9.71,11.67,11.28,-0.002,-0.003,-0.003,0.0,0.05,-80.3064013,26.9209503,830.25
-10.3,3.7,0.0,0.09,-0.02,-0.06,-0.1,0.09,0.04,-0.29,0.28,9.496,9.663,8.947,9.006,10.4,9.61,11.77,11.48,-0.002,-0.003,-0.003,0.0,0.05,-80.3064013,26.9209502,830.3
-10.3,3.7,0.0,0.01,-0.02,-0.03,-0.37,-0.28,0.31,-0.28,0.27,9.506,9.673,8.917,8.996,10.59,9.61,11.87,11.58,-0.002,-0.003,-0.003,0.0,0.0,-80.3064013,26.9209502,830.35
-10.3,3.7,0.0,0.01,-0.05,-0.05,-0.11,-0.04,-0.23,-0.3,0.29,9.496,9.663,8.937,9.006,10.01,9.91,11.48,11.38,-0.002,-0.003,-0.003,0.0,0.0,-80.3064013,26.9209502,830.4
-10.3,3.7,0.0,0.01,-0.04,-0.04,0.0,-0.1,0.06,-0.28,0.27,9.506,9.653,8.957,8.986,10.69,9.81,11.87,11.38,-0.002,-0.003,-0.003,0.0,0.0,-80.3064013,26.9209502,830.45
-10.4,3.7,0.0,0.01,-0.03,-0.04,-0.05,0.05,-0.0,-0.28,0.27,9.496,9.643,8.937,9.006,10.5,9.81,11.87,11.48,-0.002,-0.003,-0.003,0.0,0.0,-80.3064013,26.9209502,830.5
-10.3,3.7,0.0,0.01,-0.05,-0.04,-0.03,0.1,-0.19,-0.28,0.28,9.526,9.663,8.927,8.996,10.2,9.71,11.97,11.87,-0.002,-0.003,-0.003,0.0,0.0,-80.3064013,26.9209502,830.55
-10.3,3.7,0.0,0.01,-0.04,-0.05,0.19,-0.04,-0.15,-0.28,0.27,9.476,9.643,8.927,9.006,10.4,9.91,11.58,11.67,-0.002,-0.003,-0.003,0.0,0.0,-80.3064013,26.9209502,830.6
-10.3,3.7,0.0,0.01,-0.04,-0.06,0.06,0.32,0.04,-0.28,0.28,9.506,9.663,8.917,9.006,10.3,9.52,11.87,11.58,-0.002,-0.003,-0.003,0.0,0.0,-80.3064013,26.9209502,830.65
-10.3,3.7,0.0,0.01,-0.04,-0.06,0.17,0.56,0.21,-0.28,0.27,9.516,9.673,8.927,8.996,10.2,9.81,11.38,11.58,-0.002,-0.003,-0.003,0.0,0.0,-80.3064013,26.9209502,830.7
-10.3,3.7,0.0,0.01,-0.03,-0.05,-0.17,0.11,0.13,-0.28,0.27,9.516,9.682,8.966,9.035,10.3,9.71,11.77,11.58,-0.002,-0.003,-0.003,0.0,0.0,-80.3064013,26.9209502,830.75
-10.4,3.7,0.0,0.01,-0.04,-0.04,-0.36,0.49,0.48,-0.28,0.27,9.506,9.673,8.927,8.976,10.5,9.91,11.97,11.58,-0.002,-0.003,-0.003,0.0,0.0,-80.3064013,26.9209502,830.8
-10.3,3.7,0.0,0.01,-0.02,-0.06,-0.04,0.06,-0.03,-0.28,0.27,9.486,9.663,8.927,8.996,10.5,9.61,11.87,11.48,-0.002,-0.003,-0.003,0.0,0.0,-80.3064013,26.9209502,830.85
-10.3,3.7,0.0,0.01,-0.04,-0.05,0.02,-0.03,0.06,-0.27,0.27,9.516,9.643,8.917,8.986,10.2,9.91,11.87,11.38,-0.002,-0.003,-0.003,0.0,0.0,-80.3064013,26.9209502,830.9
-10.3,3.7,0.0,0.01,-0.04,-0.04,0.06,0.13,0.33,-0.28,0.27,9.496,9.643,8.917,9.006,10.3,9.81,11.77,11.38,-0.002,-0.003,-0.003,0.0,0.0,-80.3064013,26.9209502,830.95
-10.3,3.7,0.0,0.01,-0.04,-0.05,0.32,-0.06,0.15,-0.28,0.27,9.496,9.643,8.957,9.006,10.4,9.61,11.87,11.48,-0.002,-0.003,-0.003,0.0,0.0,-80.3064013,26.9209502,831.0
-10.3,3.7,0.0,0.01,-0.04,-0.05,0.23,-0.2,0.01,-0.28,0.27,9.506,9.692,8.937,8.996,10.2,9.81,11.87,11.48,-0.002,-0.003,-0.003,0.0,0.0,-80.3064013,26.9209502,831.05
-10.3,3.7,0.0,0.01,-0.04,-0.04,0.03,-0.09,-0.2,-0.28,0.27,9.496,9.643,8.937,8.986,10.3,9.71,11.38,11.28,-0.002,-0.003,-0.003,0.0,0.0,-80.3064013,26.9209502,831.1
-10.3,3.7,0.0,0.01,-0.04,-0.05,-0.16,0.22,0.06,-0.29,0.27,9.496,9.663,8.927,9.006,10.5,9.61,11.77,11.28,-0.002,-0.003,-0.003,0.0,0.0,-80.3064013,26.9209502,831.15
-10.3,3.7,0.0,0.01,-0.03,-0.04,-0.13,-0.18,0.06,-0.28,0.27,9.506,9.663,8.947,9.045,10.2,9.91,11.67,11.38,-0.002,-0.003,-0.003,0.0,0.0,-80.3064013,26.9209502,831.2
-10.3,3.7,0.0,0.01,-0.05,-0.05,0.0,-0.13,-0.33,-0.27,0.27,9.486,9.673,8.957,8.986,10.2,9.71,11.87,11.48,-0.002,-0.003,-0.003,0.0,0.0,-80.3064013,26.9209502,831.25
-10.3,3.7,0.0,0.01,-0.03,-0.03,-0.02,0.06,0.16,-0.28,0.27,9.476,9.643,8.966,9.006,10.2,9.81,11.58,11.09,-0.002,-0.003,-0.003,0.0,0.0,-80.3064013,26.9209502,831.3
-10.3,3.7,0.0,0.01,-0.03,-0.05,0.02,-0.08,0.36,-0.28,0.25,9.496,9.673,8.947,9.015,10.3,9.61,11.77,11.48,-0.002,-0.003,-0.003,0.0,0.0,-80.3064013,26.9209501,831.35
-10.3,3.7,0.0,0.01,-0.03,-0.04,-0.29,0.24,0.24,-0.26,0.28,9.496,9.682,8.957,9.006,10.1,9.81,11.87,11.58,-0.002,-0.003,-0.003,0.0,0.0,-80.3064013,26.9209501,831.4
-10.3,3.7,0.0,0.01,-0.03,-0.05,0.02,-0.21,0.02,-0.28,0.27,9.506,9.653,8.976,9.006,10.3,9.61,11.38,11.38,-0.002,-0.003,-0.003,0.0,0.0,-80.3064014,26.9209501,831.45
-10.3,3.7,0.0,0.01,-0.05,-0.02,-0.16,-0.04,-0.01,-0.28,0.27,9.486,9.663,8.937,9.015,10.1,9.81,11.58,11.58,-0.002,-0.003,-0.003,0.0,0.0,-80.3064014,26.9209501,831.5
-10.3,3.7,0.0,0.01,-0.02,-0.07,-0.01,0.0,-0.4,-0.27,0.27,9.516,9.682,8.927,9.006,10.1,9.52,11.67,11.38,-0.002,-0.003,-0.003,0.0,0.0,-80.3064014,26.9209501,831.55
-10.3,3.7,0.0,0.01,-0.04,-0.03,-0.1,0.12,0.14,-0.28,0.27,9.506,9.673,8.957,9.015,10.3,9.71,11.58,11.28,-0.002,-0.003,-0.003,0.0,0.0,-80.3064014,26.9209501,831.6
-10.3,3.7,0.0,0.02,-0.02,-0.05,-0.05,0.07,0.34,-0.28,0.27,9.496,9.663,8.937,9.015,10.2,9.81,11.77,11.38,-0.002,-0.003,-0.003,0.0,0.01,-80.3064014,26.9209501,831.65
-10.3,3.7,0.0,0.02,-0.05,-0.06,0.34,-0.12,-0.1,-0.29,0.27,9.486,9.663,8.927,9.006,10.2,9.61,11.77,11.58,-0.002,-0.003,-0.003,0.0,0.01,-80.3064014,26.92095,831.7
-10.2,3.7,0.0,0.02,-0.04,-0.06,0.19,-0.11,0.13,-0.29,0.27,9.496,9.673,8.966,9.055,10.2,9.61,11.77,11.58,-0.002,-0.003,-0.003,0.0,0.01,-80.3064014,26.92095,831.75
-10.3,3.7,0.0,0.02,-0.05,-0.05,0.05,-0.13,-0.19,-0.28,0.27,9.486,9.653,8.937,9.006,10.4,9.81,11.67,11.58,-0.002,-0.003,-0.003,0.0,0.01,-80.3064014,26.92095,831.8
-10.3,3.7,0.0,0.02,-0.04,-0.05,0.12,-0.02,0.1,-0.28,0.27,9.506,9.643,8.966,8.996,10.1,9.52,11.48,11.28,-0.002,-0.003,-0.003,0.0,0.01,-80.3064014,26.92095,831.85
-10.4,3.7,0.0,0.02,-0.04,-0.04,-0.01,-0.24,-0.21,-0.29,0.27,9.496,9.663,8.937,8.986,10.1,9.81,11.87,11.67,-0.002,-0.003,-0.003,0.0,0.01,-80.3064014,26.9209499,831.9
-10.3,3.7,0.0,0.02,-0.04,-0.04,0.08,-0.13,-0.16,-0.29,0.27,9.496,9.663,8.937,9.015,10.2,9.91,11.58,11.58,-0.002,-0.003,-0.003,0.0,0.02,-80.3064014,26.9209499,831.95
-10.3,3.7,0.0,0.02,-0.04,-0.05,-0.05,-0.09,-0.3,-0.29,0.27,9.476,9.673,8.947,8.986,10.3,9.91,11.77,11.58,-0.002,-0.003,-0.003,0.0,0.02,-80.3064014,26.9209499,832.0
-10.3,3.7,0.0,0.02,-0.04,-0.04,0.03,0.01,0.04,-0.3,0.26,9.496,9.653,8.937,8.996,10.2,9.71,11.87,11.28,-0.002,-0.003,-0.003,0.0,0.02,-80.3064014,26.9209499,832.05
-10.3,3.7,0.0,0.02,-0.03,-0.04,0.06,0.12,-0.13,-0.3,0.27,9.496,9.673,8.947,9.015,9.91,9.61,12.16,11.28,-0.002,-0.003,-0.003,0.0,0.02,-80.3064014,26.9209499,832.1
-10.3,3.7,0.0,0.02,-0.04,-0.04,-0.11,-0.04,-0.05,-0.31,0.27,9.526,9.663,8.957,9.015,10.4,9.71,11.97,11.58,-0.002,-0.003,-0.003,0.0,0.02,-80.3064014,26.9209498,832.15
-10.3,3.7,0.0,0.02,-0.04,-0.06,-0.03,-0.06,-0.12,-0.33,0.27,9.516,9.643,8.937,9.025,10.2,10.01,11.87,11.38,-0.002,-0.003,-0.003,0.0,0.01,-80.3064014,26.9209498,832.2
-10.3,3.7,0.0,0.02,-0.04,-0.06,-0.32,0.15,-0.19,-0.29,0.28,9.506,9.673,8.937,9.025,10.5,9.61,11.58,11.58,-0.002,-0.003,-0.003,0.0,0.01,-80.3064014,26.9209498,832.25
-10.3,3.7,0.0,0.02,-0.04,-0.03,-0.13,-0.01,-0.63,-0.29,0.3,9.496,9.663,8.937,9.025,10.2,9.81,11.87,11.18,-0.002,-0.003,-0.003,0.0,0.01,-80.3064014,26.9209498,832.3
-10.3,3.7,0.0,0.02,-0.04,-0.05,0.05,0.26,-0.19,-0.29,0.32,9.506,9.663,8.947,8.976,10.5,9.52,11.67,11.28,-0.002,-0.003,-0.003,0.0,0.01,-80.3064015,26.9209497,832.35
-10.3,3.7,0.0,0.02,-0.04,-0.05,0.02,0.06,0.33,-0.3,0.27,9.486,9.663,8.937,9.006,10.3,9.71,11.58,11.38,-0.002,-0.003,-0.003,0.0,0.01,-80.3064015,26.9209497,832.4
-10.3,3.7,0.0,0.02,-0.04,-0.06,0.13,0.3,0.35,-0.29,0.27,9.496,9.663,8.966,8.996,10.1,9.71,11.58,11.28,-0.002,-0.003,-0.003,0.0,0.01,-80.3064015,26.9209497,832.45
-10.3,3.7,0.0,0.02,-0.04,-0.04,-0.02,-0.36,0.0,-0.29,0.28,9.506,9.663,8.966,9.006,10.4,9.71,11.77,11.58,-0.002,-0.003,-0.003,0.0,0.01,-80.3064015,26.9209497,832.5
-10.3,3.7,0.0,0.02,-0.04,-0.05,-0.13,-0.29,-0.24,-0.29,0.28,9.496,9.682,8.947,9.025,10.4,9.71,11.77,11.09,-0.002,-0.003,-0.003,0.0,0.01,-80.3064015,26.9209496,832.55
-10.3,3.7,0.0,0.02,-0.04,-0.05,0.5,-0.29,0.14,-0.29,0.28,9.476,9.682,8.976,9.035,10.4,9.91,11.77,11.38,-0.002,-0.003,-0.003,0.0,0.01,-80.3064015,26.9209496,832.6
-10.3,3.7,0.0,0.02,-0.02,-0.05,-0.17,0.04,0.16,-0.29,0.27,9.496,9.673,8.966,9.035,10.5,9.91,11.67,11.28,-0.002,-0.003,-0.003,0.0,0.01,-80.3064015,26.9209496,832.65
-10.3,3.7,0.0,0.02,-0.03,-0.04,-0.06,0.21,0.21,-0.29,0.28,9.516,9.682,8.907,8.986,10.5,9.91,11.87,11.38,-0.002,-0.003,-0.003,0.0,0.01,-80.3064015,26.9209496,832.7
-10.2,3.7,0.0,0.02,-0.04,-0.05,0.02,0.0,0.1,-0.29,0.29,9.506,9.643,8.957,9.035,10.2,9.71,11.58,11.38,-0.002,-0.003,-0.003,0.0,0.02,-80.3064015,26.9209495,832.75
-10.3,3.7,0.0,0.03,-0.04,-0.06,0.23,-0.04,0.37,-0.29,0.28,9.506,9.663,8.966,9.055,10.2,9.61,11.58,11.48,-0.002,-0.003,-0.003,0.0,0.02,-80.3064015,26.9209495,832.8
-10.3,3.7,0.0,0.03,-0.03,-0.06,0.17,0.2,0.33,-0.29,0.28,9.535,9.653,8.957,9.035,10.2,9.71,11.58,11.28,-0.002,-0.003,-0.003,0.0,0.02,-80.3064015,26.9209495,832.85
-10.3,3.7,0.0,0.03,-0.04,-0.06,-0.04,0.6,0.26,-0.29,0.28,9.535,9.673,9.015,9.074,10.2,9.81,11.87,11.48,-0.002,-0.003,-0.003,0.0,0.02,-80.3064015,26.9209495,832.9
-10.3,3.7,0.0,0.02,-0.03,-0.06,0.07,-0.11,0.17,-0.29,0.28,9.526,9.653,9.006,9.035,10.5,9.71,11.77,11.48,-0.002,-0.003,-0.003,0.0,0.02,-80.3064015,26.9209495,832.95
-10.3,3.7,0.0,0.02,-0.03,-0.04,0.37,0.07,0.29,-0.29,0.28,9.506,9.682,8.898,9.006,10.69,9.42,11.77,11.48,-0.002,-0.003,-0.003,0.0,0.02,-80.3064015,26.9209494,833.0
-10.3,3.7,0.0,0.02,-0.05,-0.05,-0.07,0.09,0.13,-0.3,0.3,9.516,9.633,8.937,9.055,10.3,9.61,11.87,11.48,-0.002,-0.003,-0.003,0.0,0.02,-80.3064015,26.9209494,833.05
-10.3,3.7,0.0,0.02,-0.05,-0.06,-0.12,-0.11,-0.24,-0.3,0.27,9.516,9.673,8.917,9.035,10.59,9.61,11.77,11.58,-0.002,-0.003,-0.003,0.0,0.02,-80.3064015,26.9209494,833.1
-10.3,3.7,0.0,0.02,-0.02,-0.06,0.37,0.0,0.46,-0.29,0.28,9.516,9.663,8.927,8.976,10.2,9.91,11.38,11.28,-0.002,-0.003,-0.003,0.0,0.02,-80.3064015,26.9209494,833.15
-10.3,3.7,0.0,0.02,-0.05,-0.04,-0.05,-0.27,0.16,-0.29,0.28,9.476,9.643,8.937,9.015,10.2,9.81,12.07,11.28,-0.002,-0.003,-0.003,0.0,0.02,-80.3064015,26.9209494,833.2
-10.3,3.7,0.0,0.02,-0.04,-0.06,0.36,0.23,-0.29,-0.29,0.27,9.506,9.653,8.927,9.015,10.2,9.71,11.77,11.77,-0.002,-0.003,-0.003,0.0,0.02,-80.3064015,26.9209494,833.25
-10.3,3.7,0.0,0.03,-0.05,-0.04,0.34,0.12,-0.09,-0.28,0.26,9.506,9.692,8.927,9.015,10.3,9.71,11.77,11.28,-0.002,-0.003,-0.003,0.0,0.02,-80.3064015,26.9209494,833.3
-10.3,3.7,0.0,0.03,-0.04,-0.05,0.01,-0.01,0.38,-0.29,0.28,9.486,9.673,8.947,9.035,10.2,9.91,11.77,11.48,-0.002,-0.003,-0.003,0.0,0.02,-80.3064015,26.9209494,833.35
-10.3,3.7,0.0,0.03,-0.03,-0.05,-0.17,-0.2,0.02,-0.29,0.27,9.496,9.663,8.937,9.015,10.2,9.61,11.87,11.38,-0.002,-0.003,-0.003,0.0,0.02,-80.3064015,26.9209494,833.4
-10.3,3.7,0.0,0.03,-0.03,-0.05,-0.0,-0.2,0.28,-0.29,0.27,9.496,9.673,8.947,9.015,10.4,9.91,11.48,11.28,-0.002,-0.003,-0.003,0.0,0.02,-80.3064015,26.9209494,833.45
-10.3,3.7,0.0,0.03,-0.04,-0.05,0.04,0.17,-0.0,-0.28,0.25,9.506,9.663,8.966,9.006,10.5,9.61,11.67,11.77,-0.002,-0.003,-0.003,0.0,0.02,-80.3064015,26.9209493,833.5
-10.3,3.7,0.0,0.03,-0.04,-0.04,-0.02,-0.04,0.0,-0.26,0.23,9.486,9.682,8.917,9.035,10.1,9.81,11.87,11.28,-0.002,-0.003,-0.003,0.0,0.02,-80.3064015,26.9209493,833.55
-10.3,3.7,0.0,0.03,-0.03,-0.05,-0.1,0.01,0.05,-0.29,0.27,9.486,9.663,8.947,8.996,10.4,9.81,11.87,11.38,-0.002,-0.003,-0.003,0.0,0.02,-80.3064015,26.9209493,833.6
-10.3,3.7,0.0,0.03,-0.05,-0.05,0.2,-0.04,-0.09,-0.29,0.26,9.496,9.653,8.957,9.035,10.2,9.61,11.87,11.09,-0.002,-0.003,-0.003,0.0,0.02,-80.3064015,26.9209493,833.65
-10.3,3.7,0.0,0.03,-0.02,-0.05,-0.18,-0.17,0.0,-0.3,0.24,9.506,9.682,8.947,9.015,10.5,9.71,11.77,11.38,-0.002,-0.003,-0.003,0.0,0.02,-80.3064015,26.9209493,833.7
-10.3,3.7,0.0,0.03,-0.04,-0.05,0.16,0.16,-0.08,-0.29,0.27,9.486,9.633,8.966,9.045,10.4,9.61,11.77,11.38,-0.002,-0.003,-0.003,0.0,0.02,-80.3064016,26.9209493,833.75
-10.3,3.7,0.0,0.04,-0.05,-0.05,0.09,0.04,-0.32,-0.29,0.27,9.496,9.663,8.947,9.035,10.2,9.71,11.87,11.38,-0.002,-0.003,-0.003,0.0,0.02,-80.3064016,26.9209493,833.8
-10.3,3.7,0.0,0.04,-0.03,-0.04,-0.09,-0.37,0.24,-0.29,0.27,9.506,9.653,8.957,9.035,10.3,9.71,11.67,11.58,-0.002,-0.003,-0.003,0.0,0.02,-80.3064016,26.9209493,833.85
-10.3,3.7,0.0,0.04,-0.04,-0.05,0.27,0.18,-0.19,-0.29,0.27,9.496,9.653,8.937,9.006,10.2,10.01,11.77,10.99,-0.002,-0.003,-0.003,0.0,0.02,-80.3064016,26.9209492,833.9
-10.3,3.7,0.0,0.04,-0.04,-0.03,0.0,-0.4,-0.15,-0.3,0.28,9.496,9.682,8.957,9.035,10.4,9.71,11.67,11.48,-0.002,-0.003,-0.003,0.0,0.02,-80.3064016,26.9209492,833.95
-10.3,3.7,0.0,0.04,-0.04,-0.05,-0.18,0.05,-0.46,-0.29,0.27,9.516,9.673,8.947,9.015,10.3,9.81,11.58,11.28,-0.002,-0.003,-0.003,0.0,0.02,-80.3064016,26.9209492,834.0
-10.3,3.7,0.0,0.04,-0.05,-0.06,0.29,0.25,0.12,-0.29,0.27,9.486,9.633,8.947,9.015,10.3,9.61,11.77,11.28,-0.002,-0.003,-0.003,0.0,0.02,-80.3064016,26.9209492,834.05
-10.3,3.7,0.0,0.04,-0.04,-0.04,0.03,0.19,0.1,-0.29,0.27,9.486,9.663,8.937,9.035,10.4,9.71,11.87,11.58,-0.002,-0.003,-0.003,0.0,0.02,-80.3064016,26.9209492,834.1
-10.3,3.7,0.0,0.04,-0.04,-0.06,-0.06,0.06,-0.27,-0.29,0.27,9.486,9.673,8.947,9.015,10.4,9.61,11.67,11.58,-0.002,-0.003,-0.003,0.0,0.02,-80.3064016,26.9209492,834.15
-10.3,3.7,0.0,0.04,-0.04,-0.03,0.13,-0.2,0.37,-0.29,0.27,9.506,9.673,8.957,9.035,10.1,9.61,11.77,11.58,-0.002,-0.003,-0.003,0.0,0.02,-80.3064016,26.9209492,834.2
-10.2,3.7,0.0,0.05,-0.03,-0.06,0.21,-0.39,0.15,-0.29,0.25,9.496,9.663,9.006,9.045,10.5,9.81,11.87,11.38,-0.002,-0.003,-0.003,0.0,0.02,-80.3064016,26.9209491,834.25
-10.2,3.7,0.0,0.05,-0.04,-0.06,0.18,0.2,0.22,-0.29,0.27,9.526,9.653,8.996,9.084,10.5,10.01,11.77,11.38,-0.002,-0.003,-0.003,0.0,0.02,-80.3064016,26.9209491,834.3
-10.3,3.7,0.0,0.05,-0.05,-0.04,0.05,-0.06,-0.35,-0.28,0.28,9.496,9.643,8.937,9.015,10.3,10.1,11.58,11.77,-0.002,-0.003,-0.003,0.0,0.02,-80.3064016,26.9209491,834.35
-10.3,3.7,0.0,0.05,-0.04,-0.05,0.22,0.2,-0.37,-0.29,0.27,9.506,9.643,8.947,9.015,10.4,9.71,11.77,11.38,-0.002,-0.003,-0.003,0.0,0.02,-80.3064016,26.9209491,834.4
-10.3,3.7,0.0,0.05,-0.04,-0.05,0.16,0.06,-0.04,-0.3,0.26,9.496,9.643,8.947,9.015,10.5,9.71,11.58,11.48,-0.002,-0.003,-0.003,0.0,0.02,-80.3064016,26.9209491,834.45
-10.3,3.7,0.0,0.05,-0.05,-0.05,0.01,-0.14,-0.37,-0.31,0.24,9.506,9.643,8.937,9.025,10.4,9.71,11.58,11.38,-0.002,-0.003,-0.003,0.0,0.02,-80.3064016,26.9209491,834.5
-10.3,3.7,0.0,0.05,-0.03,-0.05,0.03,-0.52,-0.09,-0.28,0.29,9.496,9.682,8.976,9.015,10.3,9.61,11.77,11.58,-0.002,-0.003,-0.003,0.0,0.02,-80.3064016,26.920949,834.55
-10.3,3.7,0.0,0.05,-0.04,-0.04,-0.13,-0.08,0.09,-0.27,0.31,9.496,9.653,8.957,9.045,10.3,9.71,11.77,11.28,-0.002,-0.003,-0.003,0.0,0.02,-80.3064016,26.920949,834.6
-10.3,3.7,0.0,0.05,-0.03,-0.06,0.14,0.37,0.19,-0.29,0.27,9.506,9.673,8.947,9.035,10.2,9.81,11.58,11.58,-0.002,-0.003,-0.003,0.0,0.02,-80.3064016,26.920949,834.65
-10.3,3.7,0.0,0.05,-0.05,-0.02,-0.01,-0.18,-0.14,-0.3,0.27,9.486,9.673,8.927,9.015,10.3,9.91,11.67,11.38,-0.002,-0.003,-0.003,0.0,0.02,-80.3064017,26.920949,834.7
-10.3,3.7,0.0,0.06,-0.03,-0.06,-0.0,0.02,0.28,-0.29,0.27,9.496,9.663,8.937,9.035,10.4,9.91,11.77,11.18,-0.002,-0.003,-0.003,0.0,0.02,-80.3064017,26.920949,834.75
-10.3,3.7,0.0,0.06,-0.04,-0.04,-0.0,0.05,-0.04,-0.28,0.27,9.496,9.673,8.947,9.006,10.5,10.1,11.87,11.38,-0.002,-0.003,-0.003,0.0,0.02,-80.3064017,26.9209489,834.8
-10.3,3.7,0.0,0.06,-0.03,-0.06,-0.29,0.36,-0.15,-0.29,0.27,9.506,9.682,8.957,9.035,10.3,9.81,11.77,11.58,-0.002,-0.003,-0.003,0.0,0.02,-80.3064017,26.9209489,834.85
-10.3,3.7,0.0,0.06,-0.04,-0.05,0.09,-0.05,-0.04,-0.29,0.27,9.496,9.663,8.966,9.025,10.3,9.71,11.77,11.38,-0.002,-0.003,-0.003,0.0,0.02,-80.3064017,26.9209489,834.9
-10.3,3.7,0.0,0.06,-0.04,-0.03,-0.31,-0.02,-0.14,-0.29,0.27,9.486,9.673,8.937,9.015,10.01,9.71,11.38,11.67,-0.002,-0.003,-0.003,0.0,0.02,-80.3064017,26.9209489,834.95
-10.3,3.7,0.0,0.06,-0.03,-0.06,-0.34,-0.05,0.01,-0.3,0.27,9.496,9.663,8.947,9.035,10.2,9.91,11.77,11.48,-0.002,-0.003,-0.003,0.0,0.02,-80.3064017,26.9209489,835.0
-10.3,3.7,0.0,0.06,-0.04,-0.04,-0.18,0.04,-0.16,-0.29,0.27,9.506,9.673,8.947,9.025,10.4,9.81,11.77,11.28,-0.002,-0.003,-0.003,0.0,0.02,-80.3064017,26.9209488,835.05
-10.3,3.7,0.0,0.06,-0.03,-0.05,0.09,-0.13,0.17,-0.3,0.27,9.486,9.633,8.947,8.986,10.1,9.81,11.97,11.58,-0.002,-0.003,-0.003,0.0,0.02,-80.3064018,26.9209488,835.1
-10.4,3.7,0.0,0.03,-0.04,-0.04,-0.01,0.16,0.27,-0.31,0.28,9.486,9.663,8.947,9.006,10.4,9.71,11.97,11.77,-0.002,-0.003,-0.003,0.0,0.03,-80.3064018,26.9209488,835.15
-10.3,3.7,0.0,0.03,-0.03,-0.05,0.3,0.19,0.3,-0.3,0.28,9.526,9.663,8.947,9.006,10.3,9.71,11.77,11.58,-0.002,-0.003,-0.003,0.0,0.03,-80.3064018,26.9209487,835.2
-10.3,3.7,0.0,0.03,-0.03,-0.04,-0.27,-0.1,-0.04,-0.3,0.27,9.496,9.643,8.937,9.035,10.2,9.81,11.77,11.09,-0.002,-0.003,-0.003,0.0,0.03,-80.3064018,26.9209487,835.25
-10.3,3.7,0.0,0.03,-0.04,-0.04,-0.09,0.09,0.1,-0.29,0.27,9.506,9.673,8.937,8.996,10.3,9.71,11.58,11.38,-0.002,-0.003,-0.003,0.0,0.03,-80.3064018,26.9209487,835.3
-10.3,3.7,0.0,0.03,-0.03,-0.05,0.08,0.18,0.18,-0.29,0.27,9.496,9.643,8.966,9.006,10.3,9.81,11.77,11.48,-0.002,-0.003,-0.003,0.0,0.03,-80.3064018,26.9209487,835.35
-10.3,3.7,0.0,0.03,-0.04,-0.04,-0.01,-0.0,-0.2,-0.29,0.27,9.506,9.663,8.966,9.035,10.3,9.52,12.07,11.48,-0.002,-0.003,-0.003,0.0,0.03,-80.3064018,26.9209487,835.4
-10.3,3.7,0.0,0.03,-0.03,-0.04,-0.09,-0.01,0.08,-0.29,0.27,9.476,9.663,8.976,9.025,10.4,9.52,11.77,11.48,-0.002,-0.003,-0.003,0.0,0.03,-80.3064019,26.9209487,835.45
-10.3,3.7,0.0,0.03,-0.03,-0.04,-0.22,-0.26,-0.14,-0.29,0.27,9.496,9.663,8.937,9.035,10.3,9.81,11.67,11.28,-0.002,-0.003,-0.003,0.0,0.03,-80.3064019,26.9209487,835.5
-10.3,3.7,0.0,0.03,-0.04,-0.04,-0.0,-0.24,-0.02,-0.29,0.27,9.496,9.692,8.957,9.015,10.2,9.91,11.58,11.38,-0.002,-0.003,-0.003,0.0,0.03,-80.3064019,26.9209487,835.55
-10.3,3.7,0.0,0.04,-0.04,-0.05,0.13,-0.05,0.13,-0.29,0.28,9.506,9.633,8.937,9.015,10.5,9.71,11.77,11.38,-0.002,-0.003,-0.003,0.0,0.02,-80.3064019,26.9209487,835.6
-10.3,3.7,0.0,0.04,-0.03,-0.05,-0.15,-0.29,-0.11,-0.29,0.27,9.516,9.653,8.957,9.025,10.3,9.81,11.97,11.38,-0.002,-0.003,-0.003,0.0,0.02,-80.3064019,26.9209487,835.65
-10.3,3.7,0.0,0.03,-0.04,-0.05,-0.19,0.27,0.23,-0.29,0.28,9.486,9.663,8.927,9.006,10.3,9.81,11.67,11.28,-0.002,-0.003,-0.003,0.0,0.01,-80.3064019,26.9209487,835.7
-10.3,3.7,0.0,0.03,-0.03,-0.06,-0.32,0.23,-0.12,-0.3,0.27,9.516,9.663,8.966,9.015,10.3,9.71,11.67,11.38,-0.002,-0.003,-0.003,0.0,0.01,-80.3064019,26.9209488,835.75
-10.3,3.7,0.0,0.03,-0.04,-0.03,-0.21,-0.04,-0.08,-0.31,0.26,9.516,9.643,8.957,9.015,10.5,9.71,11.67,11.48,-0.002,-0.003,-0.003,0.0,0.01,-80.3064019,26.9209488,835.8
-10.3,3.7,0.0,0.03,-0.03,-0.05,0.26,-0.17,0.02,-0.28,0.28,9.476,9.663,8.947,9.045,10.5,9.81,11.77,11.28,-0.002,-0.003,-0.003,0.0,0.01,-80.3064019,26.9209488,835.85
-10.3,3.7,0.0,0.03,-0.05,-0.04,-0.06,0.28,-0.08,-0.28,0.27,9.516,9.673,8.947,9.006,10.3,10.1,11.77,11.48,-0.002,-0.003,-0.003,0.0,0.01,-80.3064019,26.9209488,835.9
-10.3,3.7,0.0,0.03,-0.03,-0.06,0.27,-0.12,0.17,-0.28,0.27,9.486,9.682,8.927,9.015,10.2,9.61,11.77,11.58,-0.002,-0.003,-0.003,0.0,0.01,-80.3064019,26.9209489,835.95
-10.3,3.7,0.0,0.03,-0.05,-0.04,-0.07,0.24,-0.2,-0.28,0.29,9.516,9.653,8.937,9.006,10.4,10.01,11.58,11.38,-0.002,-0.003,-0.003,0.0,0.01,-80.3064019,26.9209489,836.0
-10.3,3.7,0.0,0.03,-0.06,-0.06,0.42,-0.43,-0.3,-0.28,0.31,9.496,9.653,8.937,9.006,10.4,9.81,11.97,11.48,-0.002,-0.003,-0.003,0.0,0.01,-80.306402,26.9209489,836.05
-10.3,3.7,0.0,0.03,-0.04,-0.07,0.02,-0.21,-0.35,-0.28,0.26,9.526,9.673,8.947,8.996,10.4,9.81,11.87,11.28,-0.002,-0.003,-0.003,0.0,0.0,-80.306402,26.920949,836.1
-10.3,3.7,0.0,0.03,-0.05,0.0,0.14,-0.09,0.19,-0.27,0.27,9.496,9.663,8.957,9.045,10.5,9.71,11.87,11.38,-0.002,-0.003,-0.003,0.0,0.0,-80.306402,26.920949,836.15
-10.4,3.7,0.0,0.03,-0.05,-0.06,0.32,-0.16,-0.11,-0.27,0.28,9.496,9.663,8.898,8.966,10.1,9.81,11.87,11.58,-0.002,-0.003,-0.003,0.0,0.0,-80.306402,26.920949,836.2
-10.3,3.7,0.0,0.03,-0.03,-0.06,-0.15,-0.5,0.06,-0.28,0.29,9.496,9.653,8.937,9.006,10.5,9.81,11.77,11.38,-0.002,-0.003,-0.003,0.0,0.0,-80.306402,26.9209491,836.25
-10.3,3.7,0.0,0.03,-0.04,-0.03,-0.27,0.03,-0.04,-0.27,0.27,9.506,9.663,8.927,9.035,10.4,9.81,11.58,11.28,-0.002,-0.003,-0.003,0.0,0.0,-80.306402,26.9209491,836.3
-10.3,3.7,0.0,0.03,-0.05,-0.04,-0.15,0.1,-0.09,-0.27,0.27,9.506,9.673,8.937,8.996,10.2,9.71,11.67,11.38,-0.002,-0.003,-0.003,0.0,0.0,-80.306402,26.9209491,836.35
-10.3,3.7,0.0,0.03,-0.02,-0.05,-0.19,-0.24,0.05,-0.27,0.27,9.496,9.663,8.937,9.006,10.3,9.81,11.38,11.38,-0.002,-0.003,-0.003,0.0,0.0,-80.306402,26.9209492,836.4
-10.3,3.7,0.0,0.03,-0.07,-0.04,0.27,-0.1,-0.14,-0.27,0.27,9.506,9.653,8.937,9.015,10.2,9.61,11.67,11.38,-0.002,-0.003,-0.003,0.0,0.0,-80.306402,26.9209492,836.45
-10.3,3.7,0.0,0.02,-0.04,-0.05,0.07,0.16,-0.14,-0.26,0.27,9.496,9.663,8.947,9.015,10.4,10.01,11.67,11.48,-0.002,-0.003,-0.003,0.0,-0.0,-80.306402,26.9209492,836.5
-10.3,3.7,0.0,0.02,-0.05,-0.07,0.44,-0.1,-0.17,-0.26,0.26,9.496,9.663,8.947,9.035,10.4,9.71,11.58,11.38,-0.002,-0.003,-0.003,0.0,-0.0,-80.306402,26.9209493,836.55
-10.3,3.7,0.0,0.02,-0.03,-0.03,0.17,0.01,-0.02,-0.26,0.26,9.467,9.673,8.937,8.996,10.5,9.81,11.48,11.38,-0.002,-0.003,-0.003,0.0,-0.0,-80.3064021,26.9209493,836.6
-10.3,3.7,0.0,0.02,-0.04,-0.05,0.13,-0.03,-0.37,-0.26,0.26,9.506,9.682,8.937,9.015,10.59,9.91,11.67,11.28,-0.002,-0.003,-0.003,0.0,-0.01,-80.3064021,26.9209493,836.65
-10.3,3.7,0.0,0.02,-0.04,-0.04,-0.04,0.01,-0.0,-0.25,0.26,9.496,9.653,8.937,8.996,10.1,9.81,11.97,11.48,-0.002,-0.003,-0.003,0.0,-0.01,-80.3064021,26.9209494,836.7
-10.3,3.7,0.0,0.02,-0.04,-0.05,-0.15,0.1,-0.23,-0.25,0.25,9.496,9.663,8.966,9.035,10.4,9.81,11.58,11.48,-0.002,-0.003,-0.003,0.0,-0.01,-80.3064021,26.9209494,836.75
-10.3,3.7,0.0,0.02,-0.04,-0.05,0.19,-0.28,0.07,-0.26,0.26,9.496,9.663,8.947,9.025,10.5,10.01,11.58,11.67,-0.002,-0.003,-0.003,0.0,-0.01,-80.3064021,26.9209494,836.8
-10.3,3.7,0.0,0.03,-0.03,-0.05,-0.06,0.16,0.08,-0.25,0.26,9.486,9.673,8.947,9.035,10.5,9.91,11.58,11.18,-0.002,-0.003,-0.003,0.0,-0.01,-80.3064021,26.9209494,836.85
-10.3,3.7,0.0,0.03,-0.04,-0.04,-0.33,-0.33,-0.01,-0.26,0.26,9.496,9.673,8.947,9.025,10.3,9.71,11.87,11.58,-0.002,-0.003,-0.003,0.0,-0.01,-80.3064021,26.9209494,836.9
-10.3,3.7,0.0,0.03,-0.05,-0.02,-0.0,-0.24,-0.05,-0.26,0.26,9.486,9.663,8.927,9.035,10.4,9.52,11.58,11.38,-0.002,-0.003,-0.003,0.0,-0.01,-80.3064021,26.9209494,836.95
-10.3,3.7,0.0,0.03,-0.01,-0.05,-0.51,0.16,0.15,-0.24,0.26,9.506,9.653,8.957,9.025,10.5,9.71,11.28,11.28,-0.002,-0.003,-0.003,0.0,-0.01,-80.3064021,26.9209494,837.0
-10.3,3.7,0.0,0.02,-0.05,-0.04,-0.09,0.14,-0.27,-0.27,0.26,9.506,9.663,8.947,8.996,10.4,9.61,11.58,11.28,-0.002,-0.003,-0.003,0.0,-0.01,-80.3064021,26.9209494,837.05
-10.3,3.7,0.0,0.02,-0.04,-0.06,0.02,-0.29,0.06,-0.29,0.27,9.516,9.663,8.937,9.025,10.3,10.01,11.87,11.58,-0.002,-0.003,-0.003,0.0,-0.01,-80.3064021,26.9209494,837.1
-10.3,3.7,0.0,0.02,-0.04,-0.06,0.22,-0.13,-0.11,-0.3,0.27,9.506,9.682,8.937,9.015,10.3,9.81,11.77,11.38,-0.002,-0.003,-0.003,0.0,-0.01,-80.3064021,26.9209495,837.15
-10.3,3.7,0.0,0.02,-0.07,0.02,-0.54,-0.18,0.16,-0.32,0.28,9.467,9.663,8.957,9.045,10.59,9.81,11.87,11.38,-0.002,-0.003,-0.003,0.0,-0.01,-80.3064021,26.9209495,837.2
-10.4,3.7,0.0,0.02,-0.1,0.04,0.25,-0.33,-0.14,-0.27,0.27,9.496,9.663,8.937,8.986,10.4,10.01,11.87,11.38,-0.002,-0.003,-0.003,0.0,-0.01,-80.3064021,26.9209495,837.25
-10.4,3.7,0.0,0.02,-0.03,-0.07,0.27,-0.0,0.15,-0.28,0.28,9.496,9.663,8.927,8.986,10.5,9.81,11.77,11.28,-0.002,-0.003,-0.003,0.0,-0.01,-80.3064021,26.9209495,837.3
-10.3,3.7,0.0,0.02,-0.04,-0.05,-0.02,0.19,-0.0,-0.26,0.27,9.467,9.653,8.966,9.055,10.4,9.71,11.38,11.48,-0.002,-0.003,-0.003,0.0,-0.02,-80.3064021,26.9209495,837.35
-10.3,3.7,0.0,0.02,-0.05,-0.07,0.36,-0.08,-0.04,-0.26,0.27,9.506,9.653,8.927,9.006,10.2,9.61,11.77,11.38,-0.002,-0.003,-0.003,0.0,-0.01,-80.306402,26.9209495,837.4
-10.3,3.7,0.0,0.02,-0.04,-0.04,0.03,-0.39,-0.1,-0.26,0.25,9.496,9.653,8.927,8.996,10.4,9.71,11.77,11.28,-0.002,-0.003,-0.003,0.0,-0.02,-80.306402,26.9209496,837.45
-10.3,3.7,0.0,0.02,-0.03,-0.05,-0.06,-0.12,0.44,-0.26,0.26,9.496,9.663,8.947,9.055,10.4,9.81,11.97,11.38,-0.002,-0.003,-0.003,0.0,-0.02,-80.306402,26.9209496,837.5
-10.4,3.7,0.0,0.02,-0.04,-0.06,0.24,0.28,-0.31,-0.27,0.25,9.506,9.653,8.937,8.996,10.3,9.71,11.97,11.28,-0.002,-0.003,-0.003,0.0,-0.02,-80.306402,26.9209496,837.55
-10.3,3.7,0.0,0.02,-0.05,-0.04,0.26,-0.09,0.13,-0.26,0.26,9.486,9.653,8.947,8.996,10.4,9.91,11.87,11.48,-0.002,-0.003,-0.003,0.0,-0.02,-80.306402,26.9209496,837.6
-10.3,3.7,0.0,0.02,-0.05,-0.05,0.16,-0.15,-0.4,-0.26,0.25,9.516,9.643,8.937,9.035,10.3,9.71,11.77,11.48,-0.002,-0.003,-0.003,0.0,-0.02,-80.306402,26.9209496,837.65
-10.3,3.7,0.0,0.02,-0.02,-0.06,-0.22,-0.13,0.04,-0.26,0.24,9.486,9.653,8.966,9.015,10.3,9.81,11.77,11.58,-0.002,-0.003,-0.003,0.0,-0.02,-80.306402,26.9209496,837.7
-10.3,3.7,0.0,0.02,-0.05,-0.03,0.04,-0.03,-0.18,-0.27,0.23,9.496,9.663,8.937,9.006,10.2,9.91,11.77,11.38,-0.002,-0.003,-0.003,0.0,-0.02,-80.3064019,26.9209497,837.75
-10.3,3.7,0.0,0.01,-0.03,-0.05,-0.05,-0.02,0.07,-0.27,0.22,9.486,9.663,8.937,9.025,10.3,9.71,11.87,11.28,-0.002,-0.003,-0.003,0.0,-0.02,-80.3064019,26.9209497,837.8
-10.3,3.7,0.0,0.01,-0.02,-0.05,-0.46,-0.07,-0.43,-0.27,0.21,9.516,9.663,8.927,8.996,10.4,9.91,11.58,11.28,-0.002,-0.003,-0.003,0.0,-0.02,-80.3064019,26.9209497,837.85
-10.3,3.7,0.0,0.01,-0.05,-0.05,0.04,0.13,0.19,-0.27,0.2,9.496,9.653,8.927,9.015,10.59,9.71,11.77,11.38,-0.002,-0.003,-0.003,0.0,-0.02,-80.3064019,26.9209497,837.9
-10.3,3.7,0.0,0.01,-0.04,-0.03,-0.17,0.01,-0.43,-0.27,0.2,9.526,9.673,8.927,9.025,10.2,9.91,11.67,11.28,-0.002,-0.003,-0.003,0.0,-0.02,-80.3064019,26.9209497,837.95
-10.3,3.7,0.0,0.01,-0.04,-0.05,0.16,-0.17,0.18,-0.27,0.25,9.516,9.653,8.937,9.025,10.4,10.01,11.87,11.48,-0.002,-0.003,-0.003,0.0,-0.02,-80.3064019,26.9209497,838.0
-10.3,3.7,0.0,0.01,-0.04,-0.04,0.02,-0.21,-0.36,-0.26,0.24,9.496,9.682,8.937,9.006,10.5,10.01,11.58,11.38,-0.002,-0.003,-0.003,0.0,-0.02,-80.3064018,26.9209497,838.05
-10.3,3.7,0.0,0.01,-0.04,-0.06,-0.17,-0.13,0.29,-0.26,0.25,9.506,9.663,8.966,9.025,10.5,9.71,11.67,11.28,-0.002,-0.003,-0.003,0.0,-0.02,-80.3064018,26.9209498,838.1
-10.3,3.7,0.0,0.01,-0.04,-0.07,0.13,-0.0,0.09,-0.26,0.25,9.486,9.653,8.937,9.025,10.3,9.81,11.77,11.18,-0.002,-0.003,-0.003,0.0,-0.01,-80.3064018,26.9209498,838.15
-10.3,3.7,0.0,0.0,-0.04,-0.02,-0.09,0.19,0.18,-0.26,0.25,9.516,9.682,8.966,9.006,10.3,9.61,11.58,11.67,-0.002,-0.003,-0.003,0.0,-0.01,-80.3064018,26.9209498,838.2
-10.3,3.7,0.0,0.0,-0.04,-0.03,0.23,-0.08,-0.45,-0.26,0.24,9.486,9.663,8.957,9.045,10.5,9.71,11.67,11.28,-0.002,-0.003,-0.003,0.0,-0.01,-80.3064018,26.9209498,838.25
-10.3,3.7,0.0,0.0,-0.05,-0.05,0.21,0.16,0.06,-0.26,0.24,9.516,9.643,8.966,9.015,10.3,9.71,11.87,11.77,-0.002,-0.003,-0.003,0.0,-0.01,-80.3064017,26.9209498,838.3
-10.4,3.7,0.0,0.0,-0.04,-0.07,0.33,-0.31,-0.33,-0.27,0.24,9.526,9.643,8.947,8.996,10.1,9.91,11.77,11.38,-0.002,-0.003,-0.003,0.0,-0.01,-80.3064017,26.9209498,838.35
-10.3,3.7,0.0,0.0,-0.05,-0.06,0.23,0.0,-0.4,-0.27,0.24,9.506,9.673,8.937,9.015,10.2,9.81,11.77,11.48,-0.002,-0.003,-0.003,0.0,-0.01,-80.3064017,26.9209498,838.4
-10.3,3.7,0.0,0.0,-0.03,-0.05,0.18,-0.14,0.53,-0.27,0.24,9.506,9.682,8.947,9.035,10.2,9.81,11.77,11.77,-0.002,-0.003,-0.003,0.0,-0.01,-80.3064017,26.9209498,838.45
-10.3,3.7,0.0,0.0,-0.04,-0.04,-0.03,0.03,-0.24,-0.25,0.21,9.526,9.673,8.907,9.025,10.1,9.81,11.38,11.58,-0.002,-0.003,-0.003,0.0,-0.0,-80.3064017,26.9209499,838.5
-10.3,3.7,0.0,0.0,-0.04,-0.03,0.31,-0.2,-0.04,-0.24,0.19,9.496,9.673,8.947,9.006,10.2,9.91,11.87,11.58,-0.002,-0.003,-0.003,0.0,-0.0,-80.3064017,26.9209499,838.55
-10.3,3.7,0.0,0.01,-0.03,-0.05,-0.26,-0.03,0.13,-0.22,0.17,9.486,9.653,8.937,9.025,10.1,9.91,11.87,11.28,-0.002,-0.003,-0.003,0.0,-0.0,-80.3064017,26.9209499,838.6
-10.3,3.7,0.0,0.01,-0.03,-0.06,-0.21,0.28,0.04,-0.21,0.14,9.496,9.673,8.937,9.025,10.3,9.91,11.97,11.38,-0.002,-0.003,-0.003,0.0,-0.0,-80.3064016,26.9209499,838.65
-10.3,3.7,0.0,0.01,-0.05,-0.06,0.32,0.05,-0.13,-0.19,0.12,9.516,9.673,8.947,9.006,10.3,9.71,11.48,11.38,-0.002,-0.003,-0.003,0.0,0.0,-80.3064016,26.9209499,838.7
-10.3,3.7,0.0,0.01,-0.04,-0.05,0.08,0.12,0.58,-0.17,0.1,9.526,9.673,8.947,9.015,10.3,10.1,11.77,11.48,-0.002,-0.003,-0.003,0.0,0.0,-80.3064016,26.9209499,838.75
-10.3,3.7,0.0,0.01,-0.03,-0.02,-0.21,-0.03,0.12,-0.16,0.08,9.496,9.663,8.947,9.015,10.4,9.71,11.77,11.28,-0.002,-0.003,-0.003,0.0,0.0,-80.3064016,26.9209499,838.8
-10.3,3.7,0.0,0.01,-0.04,-0.04,-0.07,-0.15,-0.03,-0.14,0.05,9.486,9.633,8.966,9.025,10.1,9.71,11.77,11.28,-0.002,-0.003,-0.003,0.0,0.01,-80.3064016,26.9209499,838.85
-10.3,3.7,0.0,0.01,-0.04,-0.05,-0.19,0.0,-0.16,-0.13,0.03,9.496,9.673,8.957,9.006,10.5,9.91,11.87,11.58,-0.002,-0.003,-0.003,0.0,0.01,-80.3064016,26.92095,838.9
-10.4,3.7,0.0,0.01,-0.05,-0.06,0.24,-0.11,0.16,-0.11,0.01,9.526,9.653,8.937,9.015,10.3,9.71,11.67,11.28,-0.002,-0.003,-0.003,0.0,0.01,-80.3064015,26.92095,838.95
-10.3,3.7,0.0,0.01,-0.06,-0.05,0.23,-0.06,0.32,-0.1,-0.01,9.506,9.653,8.907,9.025,10.4,9.81,12.16,11.38,-0.002,-0.003,-0.003,0.0,0.01,-80.3064015,26.92095,839.0
-10.4,3.7,0.0,-0.0,-0.02,-0.07,-0.51,0.27,-0.29,-0.27,0.24,9.496,9.653,8.927,9.006,10.3,9.81,11.77,11.38,-0.002,-0.003,-0.003,0.0,-0.01,-80.3064015,26.92095,839.05
-10.3,3.7,0.0,-0.0,-0.04,-0.04,0.01,-0.05,-0.44,-0.28,0.23,9.496,9.663,8.947,9.015,10.59,9.91,11.77,11.58,-0.002,-0.003,-0.003,0.0,-0.01,-80.3064015,26.92095,839.1
-10.3,3.7,0.0,-0.0,-0.05,-0.05,0.3,-0.12,0.15,-0.28,0.24,9.516,9.663,8.927,9.006,10.3,9.91,11.58,11.38,-0.002,-0.003,-0.003,0.0,-0.0,-80.3064015,26.92095,839.15
-10.3,3.7,0.0,-0.0,-0.01,-0.07,0.08,-0.03,0.32,-0.28,0.24,9.486,9.663,8.947,9.025,10.3,10.01,11.87,11.58,-0.002,-0.003,-0.003,0.0,-0.0,-80.3064015,26.92095,839.2
-10.3,3.7,0.0,-0.0,-0.05,-0.03,0.1,-0.18,0.33,-0.28,0.24,9.496,9.663,8.947,9.025,10.4,9.61,11.87,11.48,-0.002,-0.003,-0.003,0.0,-0.0,-80.3064015,26.92095,839.25
-10.3,3.7,0.0,-0.0,-0.03,-0.07,0.22,0.18,-0.22,-0.29,0.23,9.506,9.673,8.947,9.015,10.4,9.61,11.58,11.58,-0.002,-0.003,-0.003,0.0,-0.0,-80.3064014,26.92095,839.3
-10.3,3.7,0.0,-0.0,-0.05,-0.02,0.04,0.28,-0.24,-0.28,0.23,9.457,9.663,8.957,9.006,10.5,9.91,11.58,11.38,-0.002,-0.003,-0.003,0.0,0.0,-80.3064014,26.92095,839.35
-10.4,3.7,0.0,0.0,-0.02,-0.08,0.0,0.31,0.01,-0.29,0.24,9.496,9.682,8.937,9.006,10.3,10.1,11.77,11.77,-0.002,-0.003,-0.003,0.0,0.0,-80.3064014,26.9209501,839.4
-10.1,3.7,0.0,0.0,-0.05,-0.03,-0.01,0.07,0.18,-0.28,0.24,9.496,9.673,9.015,9.104,10.3,9.52,11.87,11.67,-0.002,-0.003,-0.003,0.0,0.0,-80.3064014,26.9209501,839.45
-10.3,3.7,0.0,0.0,-0.03,-0.06,0.04,-0.13,0.22,-0.28,0.24,9.506,9.663,8.947,9.045,10.2,9.81,11.87,11.58,-0.002,-0.003,-0.003,0.0,0.0,-80.3064014,26.9209501,839.5
-10.4,3.7,0.0,0.0,-0.04,-0.04,0.01,-0.12,-0.36,-0.28,0.23,9.476,9.643,8.927,9.015,10.5,10.01,11.77,11.38,-0.002,-0.003,-0.003,0.0,0.0,-80.3064014,26.9209501,839.55
-10.3,3.7,0.0,0.0,-0.02,-0.05,-0.21,0.03,-0.31,-0.28,0.23,9.516,9.653,8.947,9.015,10.4,9.91,11.87,11.28,-0.002,-0.003,-0.003,0.0,0.0,-80.3064014,26.9209501,839.6
-10.3,3.7,0.0,0.0,-0.05,-0.02,-0.12,-0.4,0.03,-0.28,0.23,9.516,9.702,8.957,9.025,10.3,9.52,11.58,11.67,-0.002,-0.003,-0.003,0.0,0.01,-80.3064013,26.9209501,839.65
-10.3,3.7,0.0,0.0,-0.03,-0.06,-0.19,-0.1,-0.5,-0.28,0.23,9.496,9.663,8.966,9.006,10.4,9.61,11.77,11.58,-0.002,-0.003,-0.003,0.0,0.01,-80.3064013,26.9209501,839.7
-10.3,3.7,0.0,0.01,-0.04,-0.04,-0.14,-0.07,-0.31,-0.28,0.23,9.506,9.663,8.976,9.035,10.2,9.52,11.67,11.48,-0.002,-0.003,-0.003,0.0,0.01,-80.3064013,26.9209501,839.75
-10.3,3.7,0.0,0.01,-0.03,-0.03,-0.23,-0.01,-0.65,-0.28,0.23,9.496,9.682,8.947,9.055,10.3,9.91,11.77,11.18,-0.002,-0.003,-0.003,0.0,0.01,-80.3064013,26.9209501,839.8
-10.3,3.7,0.0,0.01,-0.05,-0.04,-0.09,-0.07,-0.01,-0.28,0.22,9.496,9.692,8.966,9.035,10.4,9.91,11.87,11.67,-0.002,-0.003,-0.003,0.0,0.01,-80.3064013,26.9209501,839.85
-10.3,3.7,0.0,0.01,-0.03,-0.06,-0.08,0.08,-0.09,-0.28,0.22,9.486,9.673,8.966,9.025,10.3,9.71,11.87,11.77,-0.002,-0.003,-0.003,0.0,0.01,-80.3064013,26.9209501,839.9
-10.3,3.7,0.0,0.01,-0.03,-0.06,-0.11,0.04,0.3,-0.28,0.24,9.516,9.633,8.937,9.025,10.3,10.01,11.67,11.58,-0.002,-0.003,-0.003,0.0,0.01,-80.3064013,26.9209501,839.95
-10.3,3.7,0.0,0.01,-0.05,-0.05,0.17,0.06,0.19,-0.28,0.24,9.486,9.653,8.917,9.025,10.4,10.01,11.58,11.38,-0.002,-0.003,-0.003,0.0,0.01,-80.3064013,26.9209501,840.0
-10.4,3.7,0.0,0.01,-0.03,-0.05,0.3,-0.11,0.16,-0.28,0.25,9.496,9.653,8.927,9.015,10.2,9.71,11.87,11.87,-0.002,-0.003,-0.003,0.0,0.02,-80.3064013,26.9209501,840.05
-10.3,3.7,0.0,0.01,-0.04,-0.03,-0.08,-0.12,-0.03,-0.29,0.24,9.506,9.663,8.927,9.025,10.4,9.91,11.67,11.58,-0.002,-0.003,-0.003,0.0,0.01,-80.3064013,26.9209501,840.1
-10.3,3.7,0.0,0.01,-0.04,-0.07,0.26,0.16,-0.2,-0.28,0.24,9.496,9.653,8.976,9.015,10.4,9.91,11.77,11.58,-0.002,-0.003,-0.003,0.0,0.02,-80.3064013,26.9209501,840.15
-10.3,3.7,0.0,0.01,-0.05,-0.05,-0.08,-0.03,0.02,-0.28,0.24,9.496,9.673,8.947,9.045,10.3,9.71,11.77,11.48,-0.002,-0.003,-0.003,0.0,0.02,-80.3064013,26.9209501,840.2
-10.3,3.7,0.0,0.01,-0.04,-0.06,0.09,-0.09,-0.12,-0.28,0.24,9.486,9.653,8.966,9.006,10.59,9.61,11.67,11.58,-0.002,-0.003,-0.003,0.0,0.02,-80.3064013,26.9209502,840.25
-10.3,3.7,0.0,0.01,-0.05,-0.04,0.19,-0.04,-0.52,-0.28,0.23,9.516,9.673,8.937,9.035,10.5,9.71,11.77,11.48,-0.002,-0.003,-0.003,0.0,0.02,-80.3064013,26.9209502,840.3
-10.3,3.7,0.0,0.01,-0.03,-0.04,0.06,0.08,0.2,-0.28,0.24,9.486,9.643,8.937,9.015,10.2,9.61,11.87,11.28,-0.002,-0.003,-0.003,0.0,0.02,-80.3064013,26.9209502,840.35
-10.3,3.7,0.0,0.01,-0.03,-0.06,-0.02,-0.03,-0.14,-0.28,0.23,9.496,9.633,8.957,9.015,10.2,9.81,11.58,11.38,-0.002,-0.003,-0.003,0.0,0.02,-80.3064012,26.9209502,840.4
-10.3,3.7,0.0,0.01,-0.04,-0.05,-0.2,0.1,0.35,-0.28,0.24,9.506,9.663,8.947,9.025,10.4,9.71,11.77,11.58,-0.002,-0.003,-0.003,0.0,0.02,-80.3064012,26.9209502,840.45
-10.3,3.7,0.0,0.01,-0.04,-0.05,0.07,0.04,-0.26,-0.28,0.26,9.486,9.653,8.937,9.006,10.2,9.71,11.77,11.58,-0.002,-0.003,-0.003,0.0,0.02,-80.3064012,26.9209502,840.5
-10.4,3.7,0.0,-0.01,-0.03,-0.05,0.24,0.22,-0.06,-0.28,0.23,9.496,9.692,8.947,9.006,10.2,9.81,11.77,11.77,-0.002,-0.003,-0.003,0.0,-0.0,-80.3064012,26.9209502,840.55
-10.3,3.7,0.0,-0.01,-0.05,-0.03,-0.14,0.11,0.06,-0.29,0.24,9.496,9.663,8.957,9.035,10.3,9.71,11.87,11.28,-0.002,-0.003,-0.003,0.0,-0.0,-80.3064012,26.9209502,840.6
-10.3,3.7,0.0,-0.01,-0.04,-0.06,0.1,0.24,-0.17,-0.27,0.23,9.496,9.673,8.947,9.025,10.3,9.81,11.77,11.77,-0.002,-0.003,-0.003,0.0,0.0,-80.3064012,26.9209503,840.65
-10.4,3.7,0.0,-0.01,-0.05,-0.05,0.2,-0.08,-0.13,-0.28,0.23,9.506,9.682,8.957,9.006,10.4,9.81,11.77,11.38,-0.002,-0.003,-0.003,0.0,0.0,-80.3064012,26.9209503,840.7
-10.3,3.7,0.0,-0.01,-0.05,-0.05,0.12,-0.04,0.27,-0.28,0.24,9.506,9.653,8.966,9.045,10.3,10.1,11.48,11.38,-0.002,-0.003,-0.003,0.0,0.0,-80.3064012,26.9209503,840.75
-10.3,3.7,0.0,-0.01,-0.03,-0.05,-0.1,-0.24,-0.09,-0.28,0.24,9.496,9.653,8.976,9.025,10.3,9.81,11.67,11.28,-0.002,-0.003,-0.003,0.0,-0.0,-80.3064012,26.9209503,840.8
-10.3,3.7,0.0,-0.01,-0.05,-0.04,0.13,0.16,0.01,-0.28,0.25,9.496,9.673,8.937,9.035,10.5,9.61,11.77,11.48,-0.002,-0.003,-0.003,0.0,0.0,-80.3064012,26.9209503,840.85
-10.4,3.7,0.0,-0.01,-0.03,-0.05,-0.28,-0.09,-0.12,-0.28,0.23,9.506,9.663,8.947,9.015,10.5,9.81,11.67,11.38,-0.002,-0.003,-0.003,0.0,0.0,-80.3064011,26.9209503,840.9
-10.3,3.7,0.0,-0.01,-0.04,-0.05,0.19,0.19,0.3,-0.28,0.24,9.526,9.673,8.937,9.035,10.69,9.71,11.58,11.38,-0.002,-0.003,-0.003,0.0,0.0,-80.3064011,26.9209503,840.95
-10.3,3.7,0.0,-0.01,-0.04,-0.07,0.12,0.34,-0.12,-0.31,0.22,9.506,9.673,8.947,9.006,10.4,9.61,11.67,11.38,-0.002,-0.003,-0.003,0.0,0.0,-80.3064011,26.9209503,841.0
-10.3,3.7,0.0,-0.01,-0.03,-0.05,-0.23,0.04,0.27,-0.28,0.24,9.516,9.663,8.937,9.015,10.1,9.81,11.77,11.77,-0.002,-0.003,-0.003,0.0,0.0,-80.3064011,26.9209503,841.05
-10.3,3.7,0.0,-0.01,-0.03,-0.05,0.06,-0.0,0.34,-0.28,0.22,9.526,9.673,8.937,9.015,10.3,9.71,11.77,11.67,-0.002,-0.003,-0.003,0.0,0.0,-80.3064011,26.9209503,841.1
-10.3,3.7,0.0,-0.01,-0.03,-0.05,-0.08,-0.16,-0.01,-0.28,0.25,9.516,9.663,8.947,9.015,10.3,9.91,11.58,11.09,-0.002,-0.003,-0.003,0.0,0.0,-80.306401,26.9209503,841.15
-10.3,3.7,0.0,-0.01,-0.05,-0.05,0.11,0.12,0.08,-0.29,0.22,9.496,9.663,8.937,8.996,10.3,9.91,11.58,11.38,-0.002,-0.003,-0.003,0.0,0.0,-80.306401,26.9209504,841.2
-10.3,3.7,0.0,-0.01,-0.04,-0.06,0.26,-0.07,-0.1,-0.29,0.21,9.496,9.653,8.937,9.015,10.4,9.91,11.67,11.58,-0.002,-0.003,-0.003,0.0,0.01,-80.306401,26.9209504,841.25
-10.3,3.7,0.0,-0.01,-0.05,-0.05,0.22,0.16,-0.2,-0.3,0.21,9.506,9.653,8.927,9.015,10.4,10.01,11.87,11.67,-0.002,-0.003,-0.003,0.0,0.01,-80.306401,26.9209504,841.3
-10.3,3.7,0.0,-0.01,-0.04,-0.06,0.17,0.08,-0.09,-0.31,0.2,9.496,9.663,8.957,9.025,9.91,9.61,11.58,11.77,-0.002,-0.003,-0.003,0.0,0.01,-80.306401,26.9209504,841.35
-10.3,3.7,0.0,-0.01,-0.05,-0.03,0.31,0.05,-0.12,-0.31,0.19,9.496,9.673,8.947,9.015,10.2,9.71,11.77,11.38,-0.002,-0.003,-0.003,0.0,0.01,-80.306401,26.9209504,841.4
-10.3,3.7,0.0,-0.01,-0.03,-0.05,0.22,0.15,0.04,-0.32,0.18,9.486,9.673,8.966,9.035,10.4,9.81,11.38,11.38,-0.002,-0.003,-0.003,0.0,0.01,-80.306401,26.9209504,841.45
-10.3,3.7,0.0,-0.01,-0.05,-0.06,0.33,0.12,-0.39,-0.32,0.17,9.496,9.682,8.937,9.006,10.4,9.81,11.38,11.48,-0.002,-0.003,-0.003,0.0,0.01,-80.306401,26.9209504,841.5
-10.4,3.7,0.0,-0.01,-0.03,-0.06,-0.01,0.05,0.17,-0.33,0.16,9.506,9.702,8.937,8.986,10.1,9.81,11.77,11.77,-0.002,-0.003,-0.003,0.0,0.01,-80.3064009,26.9209504,841.55
-10.4,3.7,0.0,-0.01,-0.05,-0.04,0.09,0.19,-0.14,-0.34,0.15,9.496,9.663,8.937,9.025,10.4,9.81,11.77,11.48,-0.002,-0.003,-0.003,0.0,0.01,-80.3064009,26.9209504,841.6
-10.3,3.7,0.0,-0.01,-0.03,-0.05,-0.13,0.0,-0.17,-0.34,0.14,9.496,9.663,8.937,9.035,10.3,9.71,11.77,11.28,-0.002,-0.003,-0.003,0.0,0.01,-80.3064009,26.9209504,841.65
-10.4,3.7,0.0,-0.01,-0.03,-0.04,-0.07,-0.08,0.27,-0.35,0.13,9.506,9.663,8.927,9.006,10.2,9.61,11.58,11.48,-0.002,-0.003,-0.003,0.0,0.01,-80.3064009,26.9209504,841.7
-10.3,3.7,0.0,-0.01,-0.02,-0.05,0.06,-0.35,-0.17,-0.28,0.22,9.496,9.692,8.947,9.015,10.59,9.71,11.77,11.18,-0.002,-0.003,-0.003,0.0,0.01,-80.3064009,26.9209504,841.75
-10.3,3.7,0.0,-0.01,-0.04,-0.05,0.34,0.07,-0.14,-0.28,0.24,9.516,9.663,8.947,9.025,10.59,9.71,11.48,11.28,-0.002,-0.003,-0.003,0.0,0.01,-80.3064009,26.9209505,841.8
-10.3,3.7,0.0,-0.01,-0.03,-0.06,0.17,-0.1,-0.02,-0.28,0.25,9.506,9.673,8.947,9.064,10.4,9.71,12.07,11.28,-0.002,-0.003,-0.003,0.0,0.01,-80.3064009,26.9209505,841.85
-10.3,3.7,0.0,-0.01,0.01,-0.1,-0.13,-0.16,-0.09,-0.27,0.26,9.526,9.682,8.957,9.015,10.2,9.81,11.38,11.67,-0.002,-0.003,-0.003,0.0,0.01,-80.3064009,26.9209505,841.9
-10.3,3.7,0.0,-0.01,-0.04,-0.04,-0.17,0.1,0.38,-0.28,0.23,9.516,9.673,8.947,9.015,10.4,9.81,11.77,11.18,-0.002,-0.003,-0.003,0.0,0.01,-80.3064009,26.9209505,841.95
-10.3,3.7,0.0,-0.01,-0.04,-0.04,-0.13,0.13,-0.06,-0.28,0.25,9.516,9.682,8.976,9.035,10.59,9.81,11.58,11.38,-0.002,-0.003,-0.003,0.0,0.01,-80.3064009,26.9209505,842.0
-10.3,3.7,0.0,-0.01,-0.04,-0.06,0.26,0.14,0.08,-0.27,0.27,9.486,9.663,8.927,9.015,10.5,9.81,11.58,11.38,-0.002,-0.003,-0.003,0.0,0.02,-80.3064009,26.9209505,842.05
-10.3,3.7,0.0,-0.01,-0.03,-0.05,-0.28,0.46,-0.14,-0.27,0.29,9.535,9.643,8.937,9.006,10.2,9.71,11.87,11.58,-0.002,-0.003,-0.003,0.0,0.01,-80.3064009,26.9209505,842.1
-10.4,3.7,0.0,-0.01,-0.04,-0.05,0.04,0.25,0.05,-0.26,0.31,9.476,9.653,8.937,9.006,10.5,9.91,11.48,11.28,-0.002,-0.003,-0.003,0.0,0.01,-80.3064009,26.9209505,842.15
-10.3,3.7,0.0,-0.01,-0.03,-0.05,-0.0,0.26,-0.02,-0.26,0.33,9.496,9.673,8.927,9.035,10.3,9.81,11.77,11.58,-0.002,-0.003,-0.003,0.0,0.02,-80.3064009,26.9209505,842.2
-10.3,3.7,0.0,-0.01,-0.02,-0.07,0.05,0.36,0.22,-0.28,0.24,9.496,9.673,8.947,8.996,10.4,9.61,11.67,11.28,-0.002,-0.003,-0.003,0.0,0.02,-80.3064009,26.9209505,842.25
-10.3,3.7,0.0,-0.01,-0.05,-0.05,0.07,0.1,-0.24,-0.28,0.23,9.486,9.673,8.927,9.025,10.4,9.81,11.87,11.58,-0.002,-0.003,-0.003,0.0,0.02,-80.3064009,26.9209505,842.3
-10.3,3.7,0.0,-0.01,-0.02,-0.05,-0.0,-0.24,0.16,-0.28,0.24,9.496,9.663,8.976,9.015,10.3,9.91,11.67,11.58,-0.002,-0.003,-0.003,0.0,0.02,-80.3064009,26.9209505,842.35
-10.3,3.7,0.0,-0.01,-0.04,-0.05,0.02,0.26,0.25,-0.29,0.23,9.526,9.673,8.917,9.015,10.5,10.01,11.67,11.58,-0.002,-0.003,-0.003,0.0,0.02,-80.3064009,26.9209505,842.4
-10.4,3.7,0.0,-0.01,-0.03,-0.04,-0.08,-0.32,0.02,-0.28,0.23,9.506,9.643,8.927,9.015,10.5,9.71,11.58,11.38,-0.002,-0.003,-0.003,0.0,0.02,-80.3064009,26.9209505,842.45
-10.3,3.7,0.0,-0.01,-0.03,-0.04,-0.37,-0.35,0.44,-0.28,0.24,9.496,9.643,8.957,9.035,10.2,9.81,11.87,11.09,-0.002,-0.003,-0.003,0.0,0.02,-80.3064009,26.9209505,842.5
-10.3,3.7,0.0,-0.01,-0.03,-0.05,-0.09,-0.33,0.15,-0.28,0.23,9.506,9.663,8.937,9.006,10.4,9.71,11.97,11.28,-0.002,-0.003,-0.003,0.0,0.02,-80.3064009,26.9209505,842.55
-10.3,3.7,0.0,-0.01,-0.03,-0.04,0.12,-0.41,0.24,-0.28,0.24,9.496,9.663,8.976,9.035,10.4,9.52,11.67,11.58,-0.002,-0.003,-0.003,0.0,0.02,-80.3064009,26.9209505,842.6
-10.3,3.7,0.0,-0.01,-0.04,-0.05,0.01,-0.16,-0.05,-0.29,0.24,9.526,9.653,8.947,9.015,10.2,9.81,11.67,11.58,-0.002,-0.003,-0.003,0.0,0.02,-80.3064009,26.9209505,842.65
-10.4,3.7,0.0,-0.01,-0.03,-0.06,-0.03,0.23,0.35,-0.27,0.23,9.486,9.673,8.927,9.015,10.3,9.61,11.77,11.58,-0.002,-0.003,-0.003,0.0,0.02,-80.3064009,26.9209505,842.7
-10.3,3.7,0.0,-0.01,-0.04,-0.04,0.0,-0.09,0.5,-0.28,0.24,9.506,9.643,8.947,9.006,10.4,9.91,11.77,11.38,-0.002,-0.003,-0.003,0.0,0.02,-80.3064009,26.9209505,842.75
-10.3,3.7,0.0,-0.01,-0.03,-0.06,0.29,-0.11,-0.1,-0.29,0.27,9.506,9.682,8.947,9.035,10.3,9.91,11.77,11.58,-0.002,-0.003,-0.003,0.0,0.02,-80.3064009,26.9209505,842.8
-10.3,3.7,0.0,-0.01,-0.04,-0.04,0.2,-0.09,-0.08,-0.28,0.22,9.486,9.633,8.927,9.025,10.3,9.81,11.48,11.48,-0.002,-0.003,-0.003,0.0,0.02,-80.3064009,26.9209505,842.85
-10.3,3.7,0.0,-0.01,-0.04,-0.06,0.04,0.08,0.26,-0.28,0.24,9.506,9.663,8.937,9.025,10.3,9.71,11.77,11.58,-0.002,-0.003,-0.003,0.0,0.02,-80.3064009,26.9209505,842.9
-10.4,3.7,0.0,-0.01,-0.05,-0.04,-0.0,0.15,-0.24,-0.28,0.25,9.496,9.663,8.947,9.035,10.5,9.91,11.77,11.48,-0.002,-0.003,-0.003,0.0,0.02,-80.3064009,26.9209505,842.95
-10.3,3.7,0.0,-0.01,-0.03,-0.05,0.13,-0.26,0.09,-0.27,0.26,9.496,9.643,8.937,9.006,10.2,9.71,11.77,11.28,-0.002,-0.003,-0.003,0.0,0.02,-80.3064009,26.9209505,843.0
-10.3,3.7,0.0,-0.01,-0.05,-0.04,-0.26,-0.15,-0.1,-0.27,0.27,9.506,9.663,8.957,9.025,10.2,9.81,11.58,11.09,-0.002,-0.003,-0.003,0.0,0.02,-80.3064009,26.9209505,843.05
-10.3,3.7,0.0,-0.01,-0.03,-0.04,-0.1,0.21,0.09,-0.28,0.24,9.516,9.682,8.937,9.015,10.3,9.61,11.67,11.18,-0.002,-0.003,-0.003,0.0,0.02,-80.3064009,26.9209505,843.1
-10.3,3.7,0.0,-0.01,-0.03,-0.06,0.04,0.31,-0.08,-0.28,0.24,9.486,9.692,8.937,9.015,10.3,9.71,11.58,10.99,-0.002,-0.003,-0.003,0.0,-0.0,-80.3064009,26.9209505,843.15
-10.3,3.7,0.0,-0.01,-0.04,-0.04,-0.14,0.04,-0.14,-0.28,0.23,9.496,9.643,8.957,8.996,10.3,9.81,12.07,11.58,-0.002,-0.003,-0.003,0.0,-0.0,-80.3064009,26.9209505,843.2
-10.3,3.7,0.0,-0.01,-0.05,-0.06,0.27,0.43,-0.09,-0.29,0.25,9.506,9.663,8.957,9.045,10.3,9.81,11.87,11.58,-0.002,-0.003,-0.003,0.0,-0.0,-80.3064009,26.9209505,843.25
-10.3,3.7,0.0,-0.01,-0.03,-0.05,-0.03,-0.01,-0.35,-0.28,0.23,9.516,9.653,8.966,9.015,10.3,9.52,11.48,11.48,-0.002,-0.003,-0.003,0.0,-0.0,-80.3064009,26.9209505,843.3
-10.4,3.7,0.0,-0.01,-0.04,-0.03,0.19,-0.04,0.18,-0.28,0.26,9.506,9.673,8.947,8.996,10.2,10.01,11.48,11.28,-0.002,-0.003,-0.003,0.0,-0.0,-80.3064009,26.9209505,843.35
-10.3,3.7,0.0,-0.01,-0.02,-0.03,-0.47,-0.3,-0.05,-0.28,0.24,9.496,9.663,8.937,9.035,10.1,9.71,12.07,11.48,-0.002,-0.003,-0.003,0.0,-0.0,-80.3064009,26.9209505,843.4
-10.3,3.7,0.0,-0.01,-0.04,-0.05,0.09,-0.25,-0.19,-0.28,0.23,9.496,9.643,8.966,9.045,10.2,9.91,11.77,11.38,-0.002,-0.003,-0.003,0.0,-0.0,-80.3064009,26.9209505,843.45
-10.3,3.7,0.0,-0.01,-0.03,-0.07,-0.06,-0.13,0.57,-0.28,0.24,9.516,9.653,8.937,9.006,10.2,9.61,11.77,11.87,-0.002,-0.003,-0.003,0.0,-0.0,-80.3064009,26.9209505,843.5
-10.4,3.7,0.0,-0.01,-0.03,-0.05,-0.22,-0.27,0.37,-0.29,0.24,9.506,9.653,8.937,9.006,10.4,9.71,11.58,11.58,-0.002,-0.003,-0.003,0.0,-0.0,-80.3064009,26.9209505,843.55
-10.3,3.7,0.0,-0.01,-0.03,-0.04,0.02,-0.1,0.23,-0.28,0.24,9.496,9.673,8.947,9.015,10.3,9.91,11.67,11.77,-0.002,-0.003,-0.003,0.0,0.0,-80.3064009,26.9209505,843.6
-10.3,3.7,0.0,-0.02,-0.04,-0.05,0.13,0.17,-0.16,-0.28,0.23,9.506,9.663,8.917,9.015,10.1,9.81,11.77,11.58,-0.002,-0.003,-0.003,0.0,0.0,-80.3064009,26.9209505,843.65
-10.4,3.7,0.0,-0.02,-0.04,-0.04,0.05,0.04,0.07,-0.29,0.24,9.496,9.673,8.917,9.015,10.3,9.81,11.48,11.48,-0.002,-0.003,-0.003,0.0,0.0,-80.3064009,26.9209505,843.7
-10.4,3.7,0.0,-0.02,-0.04,-0.05,0.28,-0.01,0.14,-0.28,0.24,9.506,9.663,8.917,9.006,10.1,9.91,11.67,11.77,-0.002,-0.003,-0.003,0.0,0.0,-80.3064009,26.9209506,843.75
-10.3,3.7,0.0,-0.02,-0.04,-0.07,0.15,0.36,-0.24,-0.28,0.23,9.486,9.653,8.937,9.006,10.4,9.81,11.67,11.38,-0.002,-0.003,-0.003,0.0,0.0,-80.3064008,26.9209506,843.8
-10.3,3.7,0.0,-0.02,-0.05,-0.04,0.08,-0.15,-0.05,-0.28,0.23,9.486,9.653,8.937,9.015,10.4,9.61,11.58,11.67,-0.002,-0.003,-0.003,0.0,0.0,-80.3064008,26.9209506,843.85
-10.3,3.7,0.0,-0.02,-0.02,-0.05,-0.42,0.14,-0.04,-0.28,0.23,9.496,9.682,8.937,9.015,10.3,9.61,11.87,11.18,-0.002,-0.003,-0.003,0.0,0.0,-80.3064008,26.9209506,843.9
-10.3,3.7,0.0,-0.02,0.01,-0.1,-0.19,0.09,-0.18,-0.28,0.23,9.486,9.663,8.957,9.035,10.2,9.91,11.87,11.28,-0.002,-0.003,-0.003,0.0,0.0,-80.3064008,26.9209506,843.95
-10.3,3.7,0.0,-0.02,-0.05,-0.06,0.42,0.44,0.09,-0.28,0.24,9.506,9.682,8.947,9.006,10.3,9.71,12.07,11.38,-0.002,-0.003,-0.003,0.0,0.01,-80.3064008,26.9209506,844.0
-10.3,3.7,0.0,-0.02,-0.02,-0.06,-0.13,0.01,0.17,-0.29,0.24,9.496,9.643,8.927,9.015,10.2,9.81,11.87,11.38,-0.002,-0.003,-0.003,0.0,0.01,-80.3064008,26.9209506,844.05
-10.3,3.7,0.0,-0.02,-0.05,-0.04,-0.18,-0.02,-0.09,-0.28,0.23,9.516,9.673,8.937,8.996,10.4,9.81,11.58,11.58,-0.002,-0.003,-0.003,0.0,0.01,-80.3064008,26.9209506,844.1
-10.3,3.7,0.0,-0.02,-0.03,-0.06,0.35,0.07,-0.13,-0.28,0.23,9.496,9.682,8.937,9.025,10.3,9.61,11.67,11.87,-0.002,-0.003,-0.003,0.0,0.01,-80.3064008,26.9209506,844.15
-10.4,3.7,0.0,-0.02,-0.03,-0.04,-0.03,0.25,0.08,-0.28,0.23,9.526,9.653,8.966,8.996,10.4,9.71,12.07,11.38,-0.002,-0.003,-0.003,0.0,0.01,-80.3064008,26.9209506,844.2
-10.3,3.7,0.0,-0.03,-0.05,-0.05,0.24,0.12,0.1,-0.28,0.23,9.486,9.663,8.927,9.006,10.2,9.61,11.87,11.77,-0.002,-0.003,-0.003,0.0,0.01,-80.3064008,26.9209506,844.25
-10.3,3.7,0.0,-0.03,-0.02,-0.06,-0.0,-0.35,0.38,-0.29,0.23,9.516,9.663,8.927,9.006,10.4,9.61,11.58,11.48,-0.002,-0.003,-0.003,0.0,0.01,-80.3064008,26.9209506,844.3
-10.3,3.7,0.0,-0.03,-0.04,-0.04,-0.13,0.06,-0.26,-0.28,0.23,9.506,9.673,8.947,9.015,10.2,9.81,11.38,11.48,-0.002,-0.003,-0.003,0.0,0.01,-80.3064008,26.9209506,844.35
-10.3,3.7,0.0,-0.03,-0.04,-0.04,-0.3,-0.05,-0.55,-0.28,0.23,9.506,9.663,8.947,9.006,10.1,9.81,11.67,11.58,-0.002,-0.003,-0.003,0.0,0.01,-80.3064008,26.9209506,844.4
-10.3,3.7,0.0,-0.03,-0.03,-0.04,0.04,-0.09,0.07,-0.27,0.23,9.486,9.663,8.937,9.035,10.2,9.91,11.87,11.38,-0.002,-0.003,-0.003,0.0,0.01,-80.3064008,26.9209506,844.45
-10.3,3.7,0.0,-0.03,-0.05,-0.05,0.17,-0.19,-0.65,-0.28,0.23,9.506,9.663,8.966,9.035,10.3,9.91,11.77,11.58,-0.002,-0.003,-0.003,0.0,0.01,-80.3064008,26.9209506,844.5
-10.4,3.7,0.0,-0.03,-0.04,-0.06,0.04,0.2,0.03,-0.28,0.23,9.516,9.653,8.927,8.986,10.3,9.71,11.67,11.77,-0.002,-0.003,-0.003,0.0,0.01,-80.3064008,26.9209506,844.55
-10.3,3.7,0.0,-0.03,-0.04,-0.04,0.11,-0.48,0.05,-0.27,0.23,9.496,9.653,8.947,8.996,10.3,10.01,11.67,11.48,-0.002,-0.003,-0.003,0.0,0.01,-80.3064008,26.9209506,844.6
-10.4,3.7,0.0,-0.03,-0.04,-0.06,0.2,0.06,0.13,-0.26,0.23,9.496,9.643,8.937,9.006,10.4,9.91,11.87,11.58,-0.002,-0.003,-0.003,0.0,0.01,-80.3064008,26.9209506,844.65
-10.3,3.7,0.0,-0.03,-0.04,-0.05,0.28,0.19,-0.3,-0.25,0.24,9.516,9.673,8.957,8.996,10.4,9.61,11.67,11.28,-0.002,-0.003,-0.003,0.0,0.01,-80.3064008,26.9209506,844.7
-10.1,3.7,0.0,-0.03,-0.04,-0.05,0.02,-0.16,0.11,-0.29,0.23,9.496,9.673,9.035,9.104,10.4,9.81,11.77,11.67,-0.002,-0.003,-0.003,0.0,0.01,-80.3064008,26.9209506,844.75
-10.4,3.7,0.0,-0.03,-0.05,-0.04,0.18,0.22,-0.39,-0.28,0.23,9.486,9.663,8.917,9.015,10.4,9.81,11.77,11.58,-0.002,-0.003,-0.003,0.0,0.01,-80.3064009,26.9209507,844.8
-10.3,3.7,0.0,-0.01,-0.03,-0.06,-0.19,-0.05,-0.35,-0.28,0.26,9.486,9.653,8.957,9.006,10.3,10.01,11.87,11.28,-0.002,-0.003,-0.003,0.0,-0.0,-80.3064009,26.9209507,844.85
-10.3,3.7,0.0,-0.01,-0.04,-0.05,0.02,0.01,0.02,-0.28,0.28,9.496,9.673,8.927,9.006,10.2,9.71,11.77,11.58,-0.002,-0.003,-0.003,0.0,-0.0,-80.3064009,26.9209507,844.9
-10.3,3.7,0.0,-0.01,-0.04,-0.04,-0.13,-0.02,-0.1,-0.27,0.22,9.476,9.663,8.947,9.025,10.1,9.61,11.87,11.28,-0.002,-0.003,-0.003,0.0,-0.0,-80.3064009,26.9209507,844.95
-10.3,3.7,0.0,-0.01,-0.04,-0.05,0.03,0.4,-0.42,-0.27,0.23,9.476,9.653,8.966,9.035,10.4,9.71,11.77,11.38,-0.002,-0.003,-0.003,0.0,-0.0,-80.3064009,26.9209507,845.0
-10.4,3.7,0.0,-0.01,-0.04,-0.05,-0.05,-0.04,0.15,-0.28,0.24,9.506,9.633,8.927,9.015,10.5,9.91,12.07,11.58,-0.002,-0.003,-0.003,0.0,-0.0,-80.3064009,26.9209507,845.05
-10.3,3.7,0.0,-0.01,-0.05,-0.05,0.15,-0.07,0.09,-0.29,0.24,9.496,9.663,8.957,9.015,10.3,9.91,11.67,11.48,-0.002,-0.003,-0.003,0.0,-0.0,-80.3064009,26.9209507,845.1
-10.3,3.7,0.0,-0.01,-0.04,-0.06,0.33,0.05,-0.06,-0.27,0.24,9.506,9.663,8.966,9.006,10.3,9.71,11.58,11.38,-0.002,-0.003,-0.003,0.0,-0.0,-80.3064009,26.9209507,845.15
-10.3,3.7,0.0,-0.01,-0.04,-0.04,0.01,0.03,-0.06,-0.26,0.24,9.496,9.633,8.937,9.025,10.2,9.91,11.87,11.28,-0.002,-0.003,-0.003,0.0,-0.0,-80.3064009,26.9209507,845.2
-10.3,3.7,0.0,-0.01,-0.03,-0.05,-0.04,-0.08,-0.15,-0.28,0.24,9.486,9.643,8.957,9.015,10.2,9.81,11.77,11.48,-0.002,-0.003,-0.003,0.0,-0.0,-80.3064009,26.9209507,845.25
-10.3,3.7,0.0,-0.01,-0.05,-0.05,0.22,0.15,-0.1,-0.27,0.24,9.496,9.673,8.957,9.015,10.3,9.91,11.77,11.28,-0.002,-0.003,-0.003,0.0,-0.0,-80.3064009,26.9209507,845.3
-10.3,3.7,0.0,-0.01,-0.03,-0.05,0.25,-0.01,0.2,-0.26,0.24,9.476,9.643,8.947,9.015,10.1,9.91,11.38,11.48,-0.002,-0.003,-0.003,0.0,-0.0,-80.3064009,26.9209507,845.35
-10.3,3.7,0.0,-0.0,-0.05,-0.06,0.2,0.05,-0.0,-0.27,0.25,9.506,9.673,8.966,9.045,10.4,9.61,11.77,11.77,-0.002,-0.003,-0.003,0.0,-0.0,-80.3064009,26.9209507,845.4
-10.3,3.7,0.0,-0.0,-0.05,-0.04,0.17,-0.04,-0.12,-0.27,0.24,9.486,9.673,8.947,9.045,10.3,9.81,11.67,11.28,-0.002,-0.003,-0.003,0.0,-0.0,-80.3064009,26.9209507,845.45
-10.3,3.7,0.0,-0.0,-0.04,-0.05,-0.3,-0.09,-0.03,-0.26,0.26,9.496,9.643,8.966,9.035,10.4,9.61,11.28,11.38,-0.002,-0.003,-0.003,0.0,-0.0,-80.3064009,26.9209507,845.5
-10.3,3.7,0.0,-0.0,-0.04,-0.05,0.08,0.05,-0.04,-0.25,0.27,9.516,9.653,8.947,9.006,10.5,9.81,11.77,11.58,-0.002,-0.003,-0.003,0.0,-0.0,-80.306401,26.9209507,845.55
-10.3,3.7,0.0,-0.0,-0.05,-0.05,0.15,-0.03,-0.11,-0.24,0.28,9.506,9.673,8.966,9.025,10.1,9.71,11.67,11.38,-0.002,-0.003,-0.003,0.0,-0.0,-80.306401,26.9209507,845.6
-10.3,3.7,0.0,-0.0,-0.03,-0.05,0.04,-0.16,-0.09,-0.23,0.29,9.516,9.663,8.947,9.025,10.3,9.81,11.77,11.58,-0.002,-0.003,-0.003,0.0,-0.0,-80.306401,26.9209507,845.65
-10.3,3.7,0.0,0.0,-0.06,-0.05,-0.02,0.04,-0.58,-0.22,0.3,9.496,9.653,8.937,9.006,10.3,9.81,11.87,11.28,-0.002,-0.003,-0.003,0.0,-0.0,-80.306401,26.9209507,845.7
-10.3,3.7,0.0,-0.01,-0.03,-0.06,0.12,-0.11,-0.04,-0.21,0.31,9.506,9.653,8.966,9.006,10.3,9.91,11.77,11.28,-0.002,-0.003,-0.003,0.0,-0.0,-80.306401,26.9209507,845.75
-10.3,3.7,0.0,-0.0,-0.03,-0.04,-0.41,-0.09,0.57,-0.2,0.32,9.516,9.663,8.957,9.025,10.59,9.52,11.67,11.48,-0.002,-0.003,-0.003,0.0,-0.01,-80.306401,26.9209507,845.8
-10.4,3.7,0.0,-0.0,-0.03,-0.05,-0.06,0.09,-0.1,-0.19,0.33,9.476,9.663,8.898,9.006,10.4,9.81,11.38,11.58,-0.002,-0.003,-0.003,0.0,-0.01,-80.306401,26.9209507,845.85
-10.3,3.7,0.0,-0.0,-0.04,-0.03,0.17,0.15,0.31,-0.27,0.24,9.506,9.643,8.966,9.045,10.3,9.71,11.58,11.58,-0.002,-0.003,-0.003,0.0,-0.01,-80.306401,26.9209507,845.9
-10.3,3.7,0.0,-0.0,0.02,-0.11,-0.13,-0.13,0.47,-0.27,0.25,9.526,9.673,8.907,9.025,10.2,9.52,11.48,11.28,-0.002,-0.003,-0.003,0.0,-0.01,-80.306401,26.9209508,845.95
-10.3,3.7,0.0,-0.0,0.04,-0.14,-0.19,-0.19,0.19,-0.27,0.25,9.506,9.643,8.957,9.035,10.3,9.81,11.67,11.77,-0.002,-0.003,-0.003,0.0,-0.01,-80.306401,26.9209508,846.0
-10.3,3.7,0.0,-0.0,-0.06,-0.03,0.15,-0.22,0.33,-0.27,0.25,9.496,9.653,8.927,9.015,10.3,9.61,11.97,11.77,-0.002,-0.003,-0.003,0.0,-0.01,-80.306401,26.9209508,846.05
-10.3,3.7,0.0,-0.0,-0.02,-0.06,-0.15,0.1,0.39,-0.27,0.25,9.486,9.643,8.966,9.006,10.4,9.52,11.97,11.38,-0.002,-0.003,-0.003,0.0,-0.01,-80.3064011,26.9209508,846.1
-10.3,3.7,0.0,0.0,-0.03,-0.04,0.19,-0.27,0.06,-0.27,0.25,9.496,9.673,8.937,9.015,10.3,9.71,11.58,11.58,-0.002,-0.003,-0.003,0.0,-0.01,-80.3064011,26.9209508,846.15
-10.3,3.7,0.0,0.0,-0.04,-0.05,-0.16,0.19,-0.0,-0.26,0.25,9.486,9.663,8.947,9.006,10.5,9.81,11.87,11.77,-0.002,-0.003,-0.003,0.0,-0.01,-80.3064011,26.9209508,846.2
-10.3,3.7,0.0,0.0,-0.02,-0.05,-0.26,-0.07,0.27,-0.26,0.25,9.496,9.663,8.947,9.035,10.4,9.52,11.38,11.09,-0.002,-0.003,-0.003,0.0,-0.01,-80.3064011,26.9209508,846.25
-10.3,3.7,0.0,0.0,-0.05,-0.05,0.15,-0.0,-0.1,-0.26,0.25,9.486,9.673,8.957,9.025,10.4,9.61,11.58,11.58,-0.002,-0.003,-0.003,0.0,-0.01,-80.3064011,26.9209508,846.3
-10.3,3.7,0.0,0.0,-0.05,-0.05,0.25,-0.15,-0.19,-0.26,0.25,9.496,9.653,8.957,9.025,10.1,9.91,11.87,11.77,-0.002,-0.003,-0.003,0.0,-0.01,-80.3064011,26.9209508,846.35
-10.3,3.7,0.0,-0.01,-0.04,-0.05,-0.05,0.08,-0.21,-0.26,0.26,9.496,9.663,8.957,9.006,10.1,9.71,11.48,11.18,-0.002,-0.003,-0.003,0.0,-0.01,-80.3064011,26.9209508,846.4
-10.3,3.7,0.0,-0.01,-0.04,-0.06,0.26,0.16,0.28,-0.26,0.28,9.506,9.663,8.947,9.035,10.4,9.81,11.38,11.67,-0.002,-0.003,-0.003,0.0,-0.01,-80.3064011,26.9209508,846.45
-10.3,3.7,0.0,-0.01,-0.04,-0.05,-0.06,-0.02,0.17,-0.26,0.3,9.506,9.663,8.937,9.006,10.4,9.71,11.77,11.48,-0.002,-0.003,-0.003,0.0,-0.02,-80.3064012,26.9209508,846.5
-10.4,3.7,0.0,-0.01,-0.04,-0.04,-0.04,-0.12,-0.08,-0.26,0.32,9.506,9.663,8.927,9.015,10.4,9.52,11.87,11.38,-0.002,-0.003,-0.003,0.0,-0.02,-80.3064012,26.9209508,846.55
-10.3,3.7,0.0,-0.01,-0.04,-0.05,0.07,0.04,-0.23,-0.26,0.34,9.496,9.673,8.947,9.015,10.4,10.01,11.58,11.58,-0.002,-0.003,-0.003,0.0,-0.01,-80.3064012,26.9209508,846.6
-10.3,3.7,0.0,-0.01,-0.04,-0.06,0.08,0.33,0.01,-0.26,0.36,9.526,9.653,8.927,8.996,10.4,9.81,11.77,11.28,-0.002,-0.003,-0.003,0.0,-0.01,-80.3064012,26.9209509,846.65
-10.3,3.7,0.0,-0.0,-0.05,-0.04,0.14,-0.29,0.02,-0.26,0.39,9.506,9.663,8.917,9.035,10.3,9.81,11.77,11.38,-0.002,-0.003,-0.003,0.0,-0.02,-80.3064012,26.9209509,846.7
-10.3,3.7,0.0,-0.0,-0.03,-0.05,0.16,0.16,-0.03,-0.26,0.41,9.486,9.653,8.947,9.035,10.59,9.71,11.58,11.18,-0.002,-0.003,-0.003,0.0,-0.02,-80.3064013,26.9209509,846.75
-10.3,3.7,0.0,-0.0,-0.04,-0.04,0.06,-0.37,-0.08,-0.26,0.25,9.467,9.663,8.966,9.035,10.69,9.61,11.67,11.58,-0.002,-0.003,-0.003,0.0,-0.02,-80.3064013,26.9209509,846.8
-10.3,3.7,0.0,-0.0,-0.04,-0.05,0.21,-0.22,0.04,-0.25,0.27,9.516,9.663,8.957,9.025,10.3,9.91,11.67,11.58,-0.002,-0.003,-0.003,0.0,-0.02,-80.3064013,26.9209509,846.85
-10.4,3.7,0.0,-0.0,-0.04,-0.04,-0.13,-0.13,-0.18,-0.25,0.27,9.506,9.663,8.937,9.006,10.1,9.61,11.38,11.38,-0.002,-0.003,-0.003,0.0,-0.02,-80.3064013,26.9209509,846.9
-10.4,3.7,0.0,-0.0,-0.04,-0.04,-0.09,0.14,-0.29,-0.25,0.25,9.476,9.653,8.907,8.976,10.3,9.81,11.77,11.58,-0.002,-0.003,-0.003,0.0,-0.02,-80.3064013,26.9209509,846.95
-10.3,3.7,0.0,-0.0,-0.03,-0.05,0.27,-0.01,-0.05,-0.25,0.26,9.516,9.643,8.966,9.035,10.4,9.91,11.58,11.58,-0.002,-0.003,-0.003,0.0,-0.02,-80.3064013,26.9209509,847.0
-10.3,3.7,0.0,-0.0,-0.03,-0.05,-0.1,0.18,-0.31,-0.26,0.28,9.506,9.673,8.957,9.025,10.1,9.71,11.77,11.58,-0.002,-0.003,-0.003,0.0,-0.02,-80.3064014,26.9209509,847.05
-10.3,3.7,0.0,-0.0,-0.04,-0.04,-0.04,-0.13,0.09,-0.25,0.25,9.496,9.653,8.947,9.035,10.2,9.91,11.77,11.58,-0.002,-0.003,-0.003,0.0,-0.02,-80.3064014,26.9209509,847.1
-10.3,3.7,0.0,-0.0,-0.03,-0.05,0.19,-0.19,-0.06,-0.24,0.26,9.496,9.673,8.937,8.986,10.3,9.71,11.87,11.58,-0.002,-0.003,-0.003,0.0,-0.02,-80.3064014,26.9209509,847.15
-10.3,3.7,0.0,-0.0,-0.03,-0.04,-0.07,0.06,0.65,-0.25,0.26,9.476,9.673,8.937,9.015,10.4,9.81,11.18,11.48,-0.002,-0.003,-0.003,0.0,-0.02,-80.3064014,26.9209509,847.2
-10.3,3.7,0.0,-0.0,-0.03,-0.04,-0.19,-0.04,0.1,-0.25,0.27,9.506,9.663,8.976,9.025,10.4,10.1,11.77,11.48,-0.002,-0.003,-0.003,0.0,-0.02,-80.3064014,26.9209509,847.25
-10.3,3.7,0.0,-0.0,-0.04,-0.06,-0.16,-0.05,0.09,-0.26,0.3,9.496,9.663,8.947,9.015,10.4,9.81,11.87,11.28,-0.002,-0.003,-0.003,0.0,-0.02,-80.3064014,26.9209509,847.3
-10.3,3.7,0.0,-0.0,-0.04,-0.04,0.1,-0.31,0.11,-0.26,0.32,9.486,9.643,8.947,9.035,10.3,9.71,11.77,11.28,-0.002,-0.003,-0.003,0.0,-0.02,-80.3064014,26.9209509,847.35
-10.3,3.7,0.0,-0.0,-0.05,-0.06,0.11,-0.01,-0.33,-0.26,0.35,9.496,9.663,8.966,9.025,10.5,9.71,11.77,11.38,-0.002,-0.003,-0.003,0.0,-0.01,-80.3064014,26.9209509,847.4
-10.3,3.7,0.0,0.0,-0.03,-0.05,-0.1,0.04,-0.18,-0.27,0.37,9.496,9.663,8.937,9.015,10.3,9.61,11.97,11.18,-0.002,-0.003,-0.003,0.0,-0.02,-80.3064014,26.9209509,847.45
-10.3,3.7,0.0,0.0,-0.04,-0.03,-0.09,0.21,-0.02,-0.25,0.26,9.486,9.663,8.937,9.035,10.5,9.81,11.77,11.28,-0.002,-0.003,-0.003,0.0,-0.02,-80.3064014,26.9209509,847.5
-10.3,3.7,0.0,-0.0,-0.04,-0.04,0.42,-0.05,-0.03,-0.25,0.26,9.506,9.663,8.947,8.996,10.3,9.81,11.87,11.38,-0.002,-0.003,-0.003,0.0,-0.01,-80.3064014,26.9209509,847.55
-10.3,3.7,0.0,-0.0,-0.03,-0.06,-0.13,-0.15,0.19,-0.25,0.26,9.496,9.663,8.947,9.006,10.4,10.01,11.58,11.38,-0.002,-0.003,-0.003,0.0,-0.01,-80.3064014,26.9209509,847.6
-10.3,3.7,0.0,-0.0,-0.03,-0.06,0.24,-0.24,0.03,-0.26,0.26,9.516,9.653,8.966,9.025,10.2,9.81,11.77,11.58,-0.002,-0.003,-0.003,0.0,-0.01,-80.3064014,26.9209509,847.65
-10.3,3.7,0.0,0.0,-0.06,-0.04,0.23,-0.18,-0.15,-0.24,0.26,9.486,9.663,8.937,9.006,10.2,9.61,11.58,11.67,-0.002,-0.003,-0.003,0.0,-0.01,-80.3064014,26.9209509,847.7
-10.3,3.7,0.0,0.0,-0.01,-0.05,-0.12,-0.14,0.18,-0.25,0.26,9.496,9.682,8.957,9.025,10.2,10.1,11.87,11.38,-0.002,-0.003,-0.003,0.0,-0.01,-80.3064014,26.9209509,847.75
-10.3,3.7,0.0,0.0,-0.04,-0.01,-0.27,-0.23,-0.07,-0.23,0.26,9.496,9.653,8.937,9.015,10.3,9.91,11.58,11.38,-0.002,-0.003,-0.003,0.0,-0.01,-80.3064015,26.9209509,847.8
-10.3,3.7,0.0,0.0,-0.02,-0.05,-0.64,-0.07,0.09,-0.25,0.26,9.506,9.673,8.986,9.025,10.3,9.71,11.58,11.67,-0.002,-0.003,-0.003,0.0,-0.01,-80.3064015,26.9209509,847.85
-10.3,3.7,0.0,0.0,-0.05,-0.07,0.19,-0.04,-0.07,-0.24,0.27,9.486,9.682,8.976,8.996,10.2,9.71,11.58,11.48,-0.002,-0.003,-0.003,0.0,-0.03,-80.3064015,26.9209509,847.9
-10.3,3.7,0.0,0.0,-0.04,-0.05,0.02,0.45,-0.01,-0.25,0.26,9.486,9.653,8.947,9.015,10.59,9.91,11.58,11.38,-0.002,-0.003,-0.003,0.0,-0.03,-80.3064015,26.9209509,847.95
-10.4,3.7,0.0,0.0,-0.03,-0.04,-0.06,-0.08,-0.06,-0.26,0.26,9.516,9.643,8.937,9.006,10.4,9.81,11.97,11.28,-0.002,-0.003,-0.003,0.0,-0.03,-80.3064015,26.9209509,848.0
-10.4,3.7,0.0,-0.0,-0.01,-0.08,0.14,0.16,-0.44,-0.27,0.26,9.516,9.653,8.927,8.976,10.3,10.01,11.58,11.58,-0.002,-0.003,-0.003,0.0,-0.02,-80.3064015,26.9209509,848.05
-10.3,3.7,0.0,-0.01,-0.04,-0.03,-0.06,0.17,0.21,-0.26,0.26,9.496,9.663,8.927,9.015,10.5,10.01,11.58,11.58,-0.002,-0.003,-0.003,0.0,-0.02,-80.3064014,26.9209509,848.1
-10.3,3.7,0.0,-0.0,-0.04,-0.05,-0.16,-0.34,-0.25,-0.26,0.26,9.496,9.643,8.966,9.045,10.3,9.71,12.07,11.09,-0.002,-0.003,-0.003,0.0,-0.02,-80.3064014,26.9209509,848.15
-10.3,3.7,0.0,-0.01,-0.04,-0.07,0.06,0.02,-0.22,-0.26,0.26,9.506,9.663,8.937,9.015,10.3,9.81,11.77,11.67,-0.002,-0.003,-0.003,0.0,-0.02,-80.3064014,26.9209509,848.2
-10.3,3.7,0.0,-0.01,-0.04,-0.05,0.02,-0.18,-0.09,-0.25,0.27,9.506,9.663,8.957,9.035,10.4,9.71,11.77,11.38,-0.002,-0.003,-0.003,0.0,-0.02,-80.3064014,26.9209509,848.25
-10.3,3.7,0.0,-0.0,-0.04,-0.03,-0.09,-0.33,-0.31,-0.25,0.28,9.506,9.653,8.937,9.025,10.5,9.81,11.67,11.38,-0.002,-0.003,-0.003,0.0,-0.02,-80.3064014,26.9209509,848.3
-10.3,3.7,0.0,0.0,-0.04,-0.03,-0.08,-0.11,-0.14,-0.26,0.26,9.526,9.673,8.917,9.006,10.5,9.81,11.87,11.38,-0.002,-0.003,-0.003,0.0,-0.01,-80.3064014,26.9209509,848.35
-10.3,3.7,0.0,0.0,-0.02,-0.04,-0.34,0.08,0.23,-0.26,0.26,9.506,9.673,8.947,8.996,10.1,9.71,11.97,11.09,-0.002,-0.003,-0.003,0.0,-0.01,-80.3064014,26.9209508,848.4
-10.3,3.7,0.0,0.0,-0.04,-0.05,-0.04,-0.0,-0.24,-0.27,0.26,9.496,9.663,8.957,9.045,10.3,9.91,11.87,11.28,-0.002,-0.003,-0.003,0.0,-0.01,-80.3064014,26.9209508,848.45
-10.3,3.7,0.0,0.0,-0.04,-0.06,0.09,-0.07,0.17,-0.28,0.27,9.506,9.663,8.957,9.006,10.3,9.61,11.97,11.38,-0.002,-0.003,-0.003,0.0,-0.01,-80.3064014,26.9209508,848.5
-10.4,3.7,0.0,0.0,-0.04,-0.05,-0.03,-0.02,-0.22,-0.26,0.27,9.506,9.663,8.927,9.006,10.2,9.81,11.77,11.38,-0.002,-0.003,-0.003,0.0,-0.01,-80.3064014,26.9209508,848.55
-10.3,3.7,0.0,0.0,-0.04,-0.04,-0.09,-0.14,-0.51,-0.26,0.28,9.506,9.673,8.927,9.006,10.3,10.01,11.38,11.28,-0.002,-0.003,-0.003,0.0,-0.01,-80.3064014,26.9209508,848.6
-10.3,3.7,0.0,0.0,-0.03,-0.06,0.27,0.47,-0.03,-0.26,0.26,9.486,9.663,8.966,8.996,10.2,9.52,11.77,11.58,-0.002,-0.003,-0.003,0.0,-0.01,-80.3064014,26.9209508,848.65
-10.3,3.7,0.0,0.0,-0.04,-0.05,0.13,0.28,0.15,-0.24,0.26,9.526,9.653,8.976,9.006,10.5,9.91,11.48,11.28,-0.002,-0.003,-0.003,0.0,-0.01,-80.3064014,26.9209508,848.7
-10.3,3.7,0.0,0.0,-0.04,-0.05,-0.02,0.11,-0.23,-0.26,0.26,9.526,9.692,8.947,9.035,10.2,9.52,11.87,11.28,-0.002,-0.003,-0.003,0.0,-0.01,-80.3064014,26.9209508,848.75
-10.3,3.7,0.0,0.0,-0.03,-0.05,-0.03,-0.19,0.23,-0.27,0.26,9.496,9.653,8.957,9.015,10.1,9.81,11.58,11.67,-0.002,-0.003,-0.003,0.0,-0.01,-80.3064014,26.9209508,848.8
-10.3,3.7,0.0,0.01,-0.04,-0.02,-0.06,-0.29,-0.07,-0.27,0.26,9.467,9.673,8.937,9.045,10.3,9.71,11.77,11.28,-0.002,-0.003,-0.003,0.0,-0.01,-80.3064014,26.9209508,848.85
-10.3,3.7,0.0,0.01,-0.04,-0.05,-0.04,0.01,0.11,-0.26,0.26,9.506,9.663,8.947,9.035,10.5,10.1,11.87,11.28,-0.002,-0.003,-0.003,0.0,-0.01,-80.3064014,26.9209508,848.9
-10.3,3.7,0.0,0.01,-0.02,-0.05,-0.19,0.12,0.15,-0.27,0.26,9.496,9.633,8.947,9.015,10.4,9.81,11.97,11.28,-0.002,-0.003,-0.003,0.0,-0.01,-80.3064014,26.9209508,848.95
-10.3,3.7,0.0,0.0,-0.06,-0.06,0.66,0.05,-0.32,-0.27,0.26,9.496,9.663,8.927,9.006,10.3,9.81,11.58,11.38,-0.002,-0.003,-0.003,0.0,-0.01,-80.3064014,26.9209507,849.0
-10.3,3.7,0.0,0.01,-0.03,-0.06,-0.11,-0.3,0.25,-0.27,0.26,9.496,9.663,8.957,9.006,10.3,9.71,11.77,11.58,-0.002,-0.003,-0.003,0.0,-0.01,-80.3064014,26.9209507,849.05
-10.3,3.7,0.0,0.01,-0.05,-0.04,0.26,-0.01,0.05,-0.27,0.27,9.476,9.673,8.947,9.045,10.4,9.81,11.77,11.48,-0.002,-0.003,-0.003,0.0,-0.01,-80.3064013,26.9209507,849.1
-10.3,3.7,0.0,0.01,-0.03,-0.04,0.23,-0.13,0.05,-0.27,0.29,9.496,9.643,8.917,9.006,10.5,9.71,11.87,11.48,-0.002,-0.003,-0.003,0.0,-0.01,-80.3064013,26.9209507,849.15
-10.3,3.7,0.0,0.01,-0.05,-0.05,0.04,0.13,0.18,-0.27,0.27,9.526,9.653,8.976,9.006,10.5,9.81,11.77,11.38,-0.002,-0.003,-0.003,0.0,-0.01,-80.3064013,26.9209507,849.2
-10.3,3.7,0.0,0.01,-0.03,-0.06,0.18,0.12,0.26,-0.27,0.28,9.516,9.663,8.937,9.025,10.3,9.91,11.38,11.38,-0.002,-0.003,-0.003,0.0,-0.0,-80.3064013,26.9209507,849.25
-10.3,3.7,0.0,0.01,-0.05,-0.03,-0.42,-0.13,-0.08,-0.27,0.3,9.496,9.643,8.927,9.006,10.01,9.61,11.58,11.38,-0.002,-0.003,-0.003,0.0,-0.01,-80.3064013,26.9209507,849.3
-10.3,3.7,0.0,0.01,-0.04,-0.05,0.19,0.04,-0.05,-0.27,0.27,9.496,9.673,8.927,9.006,10.3,9.91,12.07,11.38,-0.002,-0.003,-0.003,0.0,-0.0,-80.3064013,26.9209507,849.35
-10.3,3.7,0.0,0.01,-0.04,-0.05,0.21,-0.09,-0.43,-0.27,0.25,9.506,9.663,8.966,9.025,10.2,9.71,11.58,11.38,-0.002,-0.003,-0.003,0.0,-0.0,-80.3064013,26.9209507,849.4
-10.3,3.7,0.0,0.01,-0.04,-0.04,0.1,0.04,-0.07,-0.28,0.26,9.526,9.673,8.957,9.025,10.3,9.61,11.48,11.18,-0.002,-0.003,-0.003,0.0,-0.0,-80.3064012,26.9209506,849.45
-10.3,3.7,0.0,0.01,-0.04,-0.05,0.21,-0.18,0.15,-0.28,0.26,9.506,9.663,8.947,9.015,10.59,9.81,11.77,11.58,-0.002,-0.003,-0.003,0.0,-0.0,-80.3064012,26.9209506,849.5
-10.4,3.7,0.0,0.01,-0.03,-0.04,-0.37,0.06,0.17,-0.29,0.26,9.486,9.663,8.927,8.986,10.2,9.81,11.97,11.58,-0.002,-0.003,-0.003,0.0,-0.01,-80.3064012,26.9209506,849.55
-10.3,3.7,0.0,0.01,-0.04,-0.04,-0.04,0.18,-0.33,-0.28,0.25,9.486,9.653,8.966,9.035,10.1,9.71,11.87,11.58,-0.002,-0.003,-0.003,0.0,-0.01,-80.3064012,26.9209506,849.6
-10.3,3.7,0.0,0.01,-0.04,-0.04,0.09,-0.51,0.02,-0.29,0.26,9.506,9.663,8.927,9.006,10.2,9.81,11.87,11.38,-0.002,-0.003,-0.003,0.0,-0.01,-80.3064012,26.9209506,849.65
-10.3,3.7,0.0,0.01,-0.03,-0.06,-0.03,0.26,0.23,-0.28,0.26,9.496,9.663,8.937,9.006,10.5,9.61,11.77,11.38,-0.002,-0.003,-0.003,0.0,-0.0,-80.3064012,26.9209506,849.7
-10.3,3.7,0.0,0.01,-0.04,-0.05,-0.08,0.35,0.11,-0.28,0.26,9.506,9.702,8.957,9.006,10.2,9.91,11.58,11.38,-0.002,-0.003,-0.003,0.0,-0.01,-80.3064012,26.9209506,849.75
-10.3,3.7,0.0,0.0,-0.04,-0.07,0.45,0.07,0.16,-0.28,0.26,9.506,9.673,8.937,9.055,10.5,9.81,11.58,11.48,-0.002,-0.003,-0.003,0.0,-0.0,-80.3064012,26.9209506,849.8
-10.3,3.7,0.0,0.01,-0.04,-0.04,0.05,-0.35,-0.22,-0.28,0.26,9.486,9.653,8.937,8.996,10.1,9.91,11.67,11.18,-0.002,-0.003,-0.003,0.0,-0.0,-80.3064012,26.9209506,849.85
-10.3,3.7,0.0,0.01,-0.03,-0.04,0.06,0.02,0.22,-0.29,0.26,9.486,9.663,8.937,9.025,10.3,9.91,11.67,11.48,-0.002,-0.003,-0.003,0.0,-0.0,-80.3064012,26.9209506,849.9
-10.3,3.7,0.0,0.01,-0.04,-0.04,-0.03,-0.08,-0.17,-0.28,0.26,9.486,9.663,8.947,9.035,10.4,9.61,11.87,11.48,-0.002,-0.003,-0.003,0.0,-0.01,-80.3064012,26.9209505,849.95
-10.3,3.7,0.0,0.01,-0.03,-0.06,-0.28,0.27,-0.02,-0.27,0.26,9.486,9.663,8.947,9.025,10.4,9.81,11.77,11.58,-0.002,-0.003,-0.003,0.0,-0.01,-80.3064012,26.9209505,850.0
-10.4,3.7,0.0,0.0,-0.06,-0.05,0.41,0.21,-0.52,-0.27,0.26,9.526,9.653,8.927,9.006,10.2,9.91,11.87,11.58,-0.002,-0.003,-0.003,0.0,-0.0,-80.3064012,26.9209505,850.05
-10.3,3.7,0.0,0.0,-0.04,-0.07,0.25,-0.02,0.16,-0.28,0.26,9.526,9.673,8.947,9.055,10.5,9.91,11.58,11.48,-0.002,-0.003,-0.003,0.0,-0.0,-80.3064012,26.9209505,850.1
-10.4,3.7,0.0,0.01,-0.04,-0.04,-0.14,0.31,0.14,-0.27,0.26,9.496,9.682,8.917,9.006,10.4,9.71,12.07,11.28,-0.002,-0.003,-0.003,0.0,-0.01,-80.3064012,26.9209505,850.15
-10.4,3.7,0.0,0.01,-0.04,-0.04,-0.04,0.05,0.02,-0.27,0.26,9.496,9.673,8.898,8.996,10.4,9.61,11.67,11.38,-0.002,-0.003,-0.003,0.0,-0.01,-80.3064012,26.9209505,850.2
-10.3,3.7,0.0,0.0,-0.04,-0.05,0.13,0.17,-0.18,-0.27,0.26,9.506,9.653,8.937,9.035,10.3,9.81,11.77,10.99,-0.002,-0.003,-0.003,0.0,-0.0,-80.3064012,26.9209505,850.25
-10.4,3.7,0.0,0.0,-0.04,-0.05,-0.3,-0.25,-0.34,-0.28,0.26,9.496,9.663,8.927,9.006,10.5,9.81,11.77,11.38,-0.002,-0.003,-0.003,0.0,-0.0,-80.3064012,26.9209505,850.3
-10.3,3.7,0.0,0.0,-0.04,-0.06,-0.12,0.3,0.26,-0.27,0.26,9.486,9.633,8.927,9.015,10.4,9.81,11.77,11.38,-0.002,-0.003,-0.003,0.0,-0.0,-80.3064012,26.9209505,850.35
-10.3,3.7,0.0,0.0,-0.03,-0.05,-0.09,-0.18,-0.12,-0.28,0.26,9.526,9.653,8.937,9.015,10.5,9.71,11.77,11.58,-0.002,-0.003,-0.003,0.0,-0.0,-80.3064012,26.9209505,850.4
-10.3,3.7,0.0,0.0,-0.05,-0.03,-0.03,0.39,-0.14,-0.27,0.26,9.496,9.663,8.966,9.055,10.2,10.01,11.67,11.58,-0.002,-0.003,-0.003,0.0,-0.0,-80.3064012,26.9209505,850.45
-10.3,3.7,0.0,0.0,-0.03,-0.04,-0.31,-0.04,-0.16,-0.28,0.26,9.496,9.653,8.947,9.025,10.4,9.71,11.77,11.28,-0.002,-0.003,-0.003,0.0,-0.0,-80.3064012,26.9209504,850.5
-10.4,3.7,0.0,0.0,-0.05,-0.06,0.09,-0.01,-0.01,-0.28,0.26,9.516,9.643,8.907,9.006,10.3,9.91,12.07,11.28,-0.002,-0.003,-0.003,0.0,-0.0,-80.3064012,26.9209504,850.55
-10.4,3.7,0.0,0.0,-0.03,-0.06,-0.31,-0.05,-0.3,-0.28,0.26,9.516,9.673,8.927,8.996,10.3,10.01,11.77,11.58,-0.002,-0.003,-0.003,0.0,-0.0,-80.3064012,26.9209504,850.6
-10.3,3.7,0.0,0.01,-0.04,-0.03,0.21,-0.27,0.03,-0.28,0.26,9.516,9.682,8.957,9.025,10.5,9.91,11.77,11.38,-0.002,-0.003,-0.003,0.0,-0.0,-80.3064013,26.9209504,850.65
-10.4,3.7,0.0,0.01,-0.03,-0.03,0.07,0.13,0.26,-0.27,0.26,9.496,9.663,8.927,9.025,10.5,9.71,11.97,11.38,-0.002,-0.003,-0.003,0.0,-0.0,-80.3064013,26.9209504,850.7
-10.3,3.7,0.0,0.01,-0.05,-0.04,-0.11,-0.01,-0.43,-0.27,0.26,9.476,9.643,8.937,9.025,10.2,9.71,11.38,11.58,-0.002,-0.003,-0.003,0.0,-0.0,-80.3064013,26.9209504,850.75
-10.3,3.7,0.0,0.01,-0.05,-0.06,0.08,0.06,-0.06,-0.27,0.27,9.486,9.673,8.937,9.006,10.4,9.81,11.38,11.28,-0.002,-0.003,-0.003,0.0,-0.0,-80.3064013,26.9209504,850.8
-10.3,3.7,0.0,0.01,-0.04,-0.07,0.19,-0.15,0.13,-0.28,0.27,9.526,9.663,8.927,9.035,10.2,9.71,12.07,11.58,-0.002,-0.003,-0.003,0.0,-0.0,-80.3064013,26.9209504,850.85
-10.3,3.7,0.0,0.01,-0.04,-0.05,-0.08,-0.02,0.23,-0.27,0.27,9.506,9.663,8.957,9.025,10.2,9.71,11.58,11.38,-0.002,-0.003,-0.003,0.0,-0.0,-80.3064014,26.9209504,850.9
-10.3,3.7,0.0,0.01,-0.04,-0.04,-0.1,0.25,0.03,-0.27,0.28,9.506,9.653,8.947,8.976,10.2,9.81,11.87,11.38,-0.002,-0.003,-0.003,0.0,-0.0,-80.3064014,26.9209504,850.95
-10.3,3.7,0.0,0.01,-0.05,-0.03,0.4,-0.13,0.09,-0.26,0.3,9.506,9.663,8.917,9.025,10.3,9.81,11.97,11.38,-0.002,-0.003,-0.003,0.0,0.0,-80.3064014,26.9209504,851.0
-10.4,3.7,0.0,0.01,-0.04,-0.04,0.0,0.15,-0.18,-0.26,0.32,9.496,9.663,8.937,9.006,10.3,10.01,11.87,11.58,-0.002,-0.003,-0.003,0.0,0.0,-80.3064014,26.9209503,851.05
-10.3,3.7,0.0,0.01,-0.02,-0.07,0.0,-0.09,0.05,-0.25,0.33,9.516,9.653,8.937,8.996,10.3,9.81,11.48,11.38,-0.002,-0.003,-0.003,0.0,-0.01,-80.3064015,26.9209503,851.1
-10.3,3.7,0.0,0.01,-0.04,-0.07,-0.04,0.07,0.01,-0.25,0.35,9.506,9.673,8.937,8.996,10.4,9.81,11.97,11.58,-0.002,-0.003,-0.003,0.0,-0.01,-80.3064015,26.9209503,851.15
-10.3,3.7,0.0,0.02,-0.04,-0.04,-0.21,-0.18,-0.08,-0.27,0.27,9.516,9.663,8.947,9.015,10.5,10.1,11.58,11.58,-0.002,-0.003,-0.003,0.0,-0.01,-80.3064015,26.9209504,851.2
-10.4,3.7,0.0,0.02,-0.04,-0.01,0.13,-0.22,-0.12,-0.27,0.27,9.486,9.663,8.927,8.996,10.3,9.61,11.58,11.28,-0.002,-0.003,-0.003,0.0,-0.01,-80.3064016,26.9209504,851.25
-10.3,3.7,0.0,0.02,-0.05,-0.03,0.34,0.14,-0.14,-0.26,0.27,9.516,9.663,8.947,9.035,10.3,9.71,11.67,11.38,-0.002,-0.003,-0.003,0.0,-0.01,-80.3064016,26.9209504,851.3
-10.3,3.7,0.0,0.02,-0.02,-0.07,-0.23,-0.34,-0.19,-0.27,0.27,9.486,9.663,8.947,9.015,10.4,9.81,12.07,11.48,-0.002,-0.003,-0.003,0.0,-0.01,-80.3064016,26.9209503,851.35
-10.3,3.7,0.0,0.02,-0.06,-0.07,0.0,-0.12,-0.01,-0.27,0.28,9.496,9.663,8.947,9.006,10.4,9.81,11.58,11.38,-0.002,-0.003,-0.003,0.0,-0.01,-80.3064016,26.9209503,851.4
-10.4,3.7,0.0,0.02,-0.03,-0.05,-0.21,-0.33,-0.07,-0.28,0.27,9.496,9.663,8.937,9.006,10.2,10.01,11.58,11.58,-0.002,-0.003,-0.003,0.0,-0.01,-80.3064015,26.9209503,851.45
-10.3,3.7,0.0,0.02,-0.04,-0.02,-0.01,0.06,-0.19,-0.29,0.27,9.476,9.673,8.947,9.035,10.1,10.01,11.58,11.38,-0.002,-0.003,-0.003,0.0,-0.01,-80.3064015,26.9209503,851.5
-10.4,3.7,0.0,0.01,-0.04,-0.03,0.0,-0.07,0.04,-0.3,0.27,9.506,9.682,8.927,9.035,10.4,9.71,11.58,11.67,-0.002,-0.003,-0.003,0.0,0.0,-80.3064015,26.9209503,851.55
-10.4,3.7,0.0,0.01,-0.03,-0.05,-0.11,0.36,0.02,-0.31,0.27,9.496,9.653,8.937,9.025,10.4,9.71,11.77,11.38,-0.002,-0.003,-0.003,0.0,0.0,-80.3064015,26.9209503,851.6
-10.3,3.7,0.0,0.01,-0.04,-0.07,-0.13,0.03,-0.02,-0.28,0.28,9.506,9.663,8.957,9.035,10.5,9.71,11.67,11.38,-0.002,-0.003,-0.003,0.0,0.01,-80.3064015,26.9209503,851.65
-10.3,3.7,0.0,0.01,-0.03,-0.08,-0.0,0.16,0.06,-0.27,0.27,9.486,9.643,8.957,8.996,10.2,9.71,11.77,11.38,-0.002,-0.003,-0.003,0.0,0.01,-80.3064015,26.9209503,851.7
-10.3,3.7,0.0,0.01,-0.05,-0.02,-0.15,-0.06,-0.25,-0.28,0.28,9.496,9.663,8.937,9.006,10.59,9.81,11.77,11.28,-0.002,-0.003,-0.003,0.0,0.01,-80.3064015,26.9209502,851.75
-10.3,3.7,0.0,0.01,-0.03,-0.03,0.05,0.07,0.35,-0.27,0.27,9.496,9.673,8.957,9.015,10.4,10.01,11.77,11.67,-0.002,-0.003,-0.003,0.0,0.01,-80.3064015,26.9209502,851.8
-10.3,3.7,0.0,0.01,-0.03,-0.05,0.23,0.16,0.12,-0.27,0.29,9.496,9.663,8.966,9.025,10.1,9.61,11.67,11.48,-0.002,-0.003,-0.003,0.0,0.01,-80.3064015,26.9209502,851.85
-10.3,3.7,0.0,0.01,-0.05,-0.07,0.13,-0.1,-0.23,-0.27,0.26,9.516,9.653,8.957,9.025,10.59,9.71,11.58,11.09,-0.002,-0.003,-0.003,0.0,0.01,-80.3064015,26.9209502,851.9
-10.3,3.7,0.0,0.01,-0.05,-0.06,0.19,-0.21,-0.11,-0.27,0.26,9.496,9.673,8.937,9.025,10.5,10.01,11.97,11.77,-0.002,-0.003,-0.003,0.0,0.01,-80.3064015,26.9209502,851.95
-10.3,3.7,0.0,0.02,-0.04,-0.06,-0.05,-0.22,-0.06,-0.27,0.27,9.496,9.643,8.947,9.015,10.69,9.81,11.58,11.38,-0.002,-0.003,-0.003,0.0,0.01,-80.3064014,26.9209502,852.0
-10.4,3.7,0.0,0.02,-0.04,-0.04,0.22,0.06,0.18,-0.26,0.28,9.496,9.682,8.898,8.986,10.3,9.81,11.58,11.38,-0.002,-0.003,-0.003,0.0,0.02,-80.3064014,26.9209502,852.05
-10.3,3.7,0.0,0.02,0.01,-0.09,-0.09,0.09,-0.36,-0.25,0.3,9.506,9.653,8.937,9.045,10.2,9.81,11.48,11.28,-0.002,-0.003,-0.003,0.0,0.02,-80.3064014,26.9209502,852.1
-10.3,3.7,0.0,0.02,-0.05,-0.06,-0.16,0.02,0.19,-0.27,0.29,9.506,9.643,8.937,9.015,10.59,9.91,11.67,11.28,-0.002,-0.003,-0.003,0.0,0.02,-80.3064014,26.9209502,852.15
-10.3,3.7,0.0,0.02,-0.03,-0.07,-0.33,0.02,-0.05,-0.29,0.27,9.496,9.643,8.976,9.025,10.2,9.61,11.87,11.58,-0.002,-0.003,-0.003,0.0,0.02,-80.3064014,26.9209501,852.2
-10.3,3.7,0.0,0.02,-0.04,-0.04,-0.27,-0.12,0.2,-0.29,0.28,9.506,9.663,8.937,9.035,10.2,9.52,11.77,11.38,-0.002,-0.003,-0.003,0.0,0.02,-80.3064014,26.9209501,852.25
-10.4,3.7,0.0,0.02,-0.03,-0.03,0.03,-0.05,-0.31,-0.28,0.26,9.486,9.663,8.927,9.006,10.2,9.71,11.67,11.38,-0.002,-0.003,-0.003,0.0,0.02,-80.3064014,26.9209501,852.3
-10.4,3.7,0.0,0.02,-0.03,-0.04,0.18,0.08,-0.05,-0.29,0.25,9.486,9.692,8.907,9.006,10.59,9.61,11.58,11.67,-0.002,-0.003,-0.003,0.0,0.03,-80.3064014,26.9209501,852.35
-10.3,3.7,0.0,0.02,-0.03,-0.03,-0.23,-0.2,0.18,-0.31,0.24,9.476,9.673,8.937,9.025,10.3,9.81,11.58,11.38,-0.002,-0.003,-0.003,0.0,0.03,-80.3064014,26.9209501,852.4
-10.3,3.7,0.0,0.02,-0.04,-0.06,0.13,0.23,-0.16,-0.28,0.26,9.496,9.692,8.947,9.025,10.4,9.61,11.77,11.38,-0.002,-0.003,-0.003,0.0,0.03,-80.3064014,26.9209501,852.45
-10.3,3.7,0.0,0.02,-0.02,-0.06,-0.06,0.27,0.35,-0.27,0.25,9.496,9.663,8.937,9.015,10.3,9.71,11.87,11.48,-0.002,-0.003,-0.003,0.0,0.03,-80.3064013,26.9209501,852.5
-10.4,3.7,0.0,0.02,-0.04,-0.05,0.17,0.14,0.5,-0.26,0.24,9.496,9.673,8.957,9.006,10.59,9.71,11.77,11.28,-0.002,-0.003,-0.003,0.0,0.03,-80.3064013,26.9209501,852.55
-10.3,3.7,0.0,0.02,-0.05,-0.03,0.02,-0.08,-0.49,-0.25,0.24,9.496,9.673,8.957,9.015,10.2,9.81,11.38,11.58,-0.002,-0.003,-0.003,0.0,0.03,-80.3064013,26.9209501,852.6
-10.3,3.7,0.0,0.01,-0.03,-0.04,0.04,-0.16,-0.18,-0.24,0.23,9.496,9.653,8.937,9.006,10.5,9.71,11.67,11.28,-0.002,-0.003,-0.003,0.0,0.0,-80.3064013,26.9209501,852.65
-10.3,3.7,0.0,0.01,-0.05,-0.03,-0.18,-0.02,0.03,-0.23,0.22,9.496,9.663,8.957,9.035,10.4,9.61,12.07,11.48,-0.002,-0.003,-0.003,0.0,0.0,-80.3064013,26.9209501,852.7
-10.3,3.7,0.0,0.01,-0.03,-0.06,-0.08,-0.32,-0.04,-0.21,0.21,9.496,9.653,8.957,9.025,10.5,9.71,11.87,11.28,-0.002,-0.003,-0.003,0.0,0.0,-80.3064013,26.9209501,852.75
-10.3,3.7,0.0,0.01,-0.04,-0.05,0.19,0.28,0.38,-0.2,0.21,9.516,9.653,8.957,8.996,10.2,9.71,11.77,11.58,-0.002,-0.003,-0.003,0.0,0.0,-80.3064013,26.9209501,852.8
-10.3,3.7,0.0,0.01,-0.04,-0.04,-0.14,0.09,-0.24,-0.19,0.2,9.496,9.682,8.937,9.025,10.69,9.71,11.77,11.48,-0.002,-0.003,-0.003,0.0,0.0,-80.3064013,26.9209501,852.85
-10.3,3.7,0.0,0.01,-0.04,-0.04,0.11,-0.14,-0.2,-0.18,0.19,9.496,9.682,8.937,9.015,10.3,9.81,11.48,11.38,-0.002,-0.003,-0.003,0.0,0.01,-80.3064013,26.9209501,852.9
-10.3,3.7,0.0,0.01,-0.03,-0.05,-0.2,0.08,0.08,-0.17,0.18,9.496,9.663,8.957,9.025,10.1,9.91,11.87,11.09,-0.002,-0.003,-0.003,0.0,0.01,-80.3064013,26.9209501,852.95
-10.3,3.7,0.0,0.01,-0.04,-0.04,0.1,0.0,0.02,-0.29,0.23,9.516,9.663,8.947,8.996,10.4,9.61,11.67,11.58,-0.002,-0.003,-0.003,0.0,0.01,-80.3064013,26.9209501,853.0
-10.4,3.7,0.0,0.01,-0.02,-0.06,-0.2,-0.08,0.11,-0.28,0.25,9.526,9.663,8.937,9.006,10.3,9.81,11.77,11.58,-0.002,-0.003,-0.003,0.0,0.01,-80.3064013,26.9209501,853.05
-10.3,3.7,0.0,0.01,-0.04,-0.04,0.12,0.0,0.19,-0.28,0.25,9.496,9.673,8.957,9.025,10.4,9.61,11.87,11.58,-0.002,-0.003,-0.003,0.0,0.01,-80.3064013,26.9209501,853.1
-10.4,3.7,0.0,0.01,-0.04,-0.04,0.19,0.07,-0.01,-0.27,0.24,9.506,9.663,8.917,8.996,10.2,9.71,11.87,11.38,-0.002,-0.003,-0.003,0.0,0.01,-80.3064013,26.9209501,853.15
-10.3,3.7,0.0,0.01,-0.03,-0.06,0.23,-0.07,-0.2,-0.26,0.24,9.516,9.663,8.947,9.035,10.4,9.91,11.87,11.38,-0.002,-0.003,-0.003,0.0,0.01,-80.3064013,26.9209501,853.2
-10.4,3.7,0.0,0.01,-0.04,-0.04,-0.23,-0.26,-0.13,-0.25,0.23,9.516,9.643,8.957,9.035,10.2,9.71,11.87,11.48,-0.002,-0.003,-0.003,0.0,0.01,-80.3064013,26.9209501,853.25
-10.3,3.7,0.0,0.01,-0.05,-0.06,0.17,-0.25,0.24,-0.28,0.24,9.516,9.673,8.957,9.006,10.3,9.91,11.87,11.38,-0.002,-0.003,-0.003,0.0,0.01,-80.3064013,26.9209501,853.3
-10.3,3.7,0.0,0.01,-0.05,-0.05,0.27,0.27,-0.27,-0.29,0.22,9.516,9.673,8.937,9.006,10.3,9.61,11.87,11.09,-0.002,-0.003,-0.003,0.0,0.01,-80.3064013,26.9209501,853.35
-10.4,3.7,0.0,0.01,-0.04,-0.04,-0.29,-0.09,-0.18,-0.29,0.2,9.506,9.643,8.947,8.996,10.59,9.61,11.97,11.38,-0.002,-0.003,-0.003,0.0,0.01,-80.3064013,26.9209501,853.4
-10.3,3.7,0.0,0.01,-0.04,-0.04,-0.14,0.2,0.05,-0.29,0.19,9.506,9.663,8.947,9.025,10.3,10.01,11.58,11.48,-0.002,-0.003,-0.003,0.0,0.0,-80.3064013,26.9209502,853.45
-10.3,3.7,0.0,0.01,-0.04,-0.04,0.01,-0.16,0.36,-0.29,0.17,9.496,9.673,8.966,9.025,10.1,9.81,11.77,11.28,-0.002,-0.003,-0.003,0.0,0.0,-80.3064013,26.9209502,853.5
-10.3,3.7,0.0,0.01,-0.04,-0.04,0.23,-0.22,-0.21,-0.28,0.28,9.496,9.673,8.947,9.035,10.3,9.71,11.77,11.58,-0.002,-0.003,-0.003,0.0,0.0,-80.3064013,26.9209502,853.55
-10.3,3.7,0.0,0.01,-0.03,-0.06,0.08,0.04,-0.13,-0.29,0.25,9.506,9.653,8.927,9.035,10.4,9.81,11.87,11.48,-0.002,-0.003,-0.003,0.0,0.0,-80.3064013,26.9209502,853.6
-10.3,3.7,0.0,0.01,-0.04,-0.04,0.08,-0.28,0.11,-0.3,0.24,9.496,9.663,8.947,9.035,10.4,9.61,11.97,11.28,-0.002,-0.003,-0.003,0.0,-0.0,-80.3064013,26.9209502,853.65
-10.3,3.7,0.0,0.01,-0.04,-0.05,0.36,-0.11,-0.04,-0.32,0.23,9.516,9.682,8.927,9.006,10.2,9.91,11.67,11.58,-0.002,-0.003,-0.003,0.0,-0.0,-80.3064013,26.9209502,853.7
-10.3,3.7,0.0,0.0,-0.04,-0.05,-0.09,0.21,-0.02,-0.33,0.22,9.506,9.673,8.947,9.035,10.2,9.52,11.48,11.28,-0.002,-0.003,-0.003,0.0,-0.0,-80.3064013,26.9209502,853.75
-10.3,3.7,0.0,0.01,-0.04,-0.05,-0.09,-0.21,-0.2,-0.35,0.21,9.516,9.663,8.947,9.006,10.2,9.61,11.87,11.58,-0.002,-0.003,-0.003,0.0,-0.01,-80.3064013,26.9209502,853.8
-10.3,3.7,0.0,0.01,-0.04,-0.05,0.1,0.19,0.11,-0.27,0.25,9.516,9.663,8.937,9.015,10.4,9.91,11.58,11.77,-0.002,-0.003,-0.003,0.0,-0.0,-80.3064013,26.9209502,853.85
-10.3,3.7,0.0,0.01,-0.03,-0.06,0.0,-0.26,0.18,-0.28,0.25,9.486,9.643,8.937,9.006,10.4,9.81,11.77,11.28,-0.002,-0.003,-0.003,0.0,-0.01,-80.3064013,26.9209502,853.9
-10.3,3.7,0.0,0.01,-0.05,-0.04,-0.0,0.14,-0.3,-0.27,0.25,9.476,9.673,8.937,9.025,10.5,9.81,11.48,11.28,-0.002,-0.003,-0.003,0.0,-0.01,-80.3064013,26.9209502,853.95
-10.3,3.7,0.0,0.01,-0.02,-0.04,0.07,0.06,0.51,-0.27,0.25,9.496,9.673,8.937,8.996,10.5,9.91,11.67,11.28,-0.002,-0.003,-0.003,0.0,-0.0,-80.3064013,26.9209502,854.0
-10.4,3.7,0.0,0.01,-0.05,-0.05,0.1,0.51,-0.15,-0.27,0.25,9.506,9.663,8.917,9.015,10.3,9.81,11.77,11.38,-0.002,-0.003,-0.003,0.0,-0.0,-80.3064013,26.9209502,854.05
-10.3,3.7,0.0,0.01,-0.02,-0.05,-0.24,0.01,0.12,-0.26,0.25,9.496,9.682,8.937,8.996,10.4,9.91,12.16,11.48,-0.002,-0.003,-0.003,0.0,-0.01,-80.3064013,26.9209502,854.1
-10.3,3.7,0.0,0.01,-0.05,-0.06,0.01,-0.16,-0.1,-0.23,0.24,9.506,9.653,8.927,9.025,10.3,9.71,11.77,11.48,-0.002,-0.003,-0.003,0.0,-0.01,-80.3064013,26.9209502,854.15
-10.4,3.7,0.0,0.01,-0.04,-0.05,-0.04,-0.1,-0.11,-0.21,0.24,9.516,9.663,8.957,8.986,10.3,9.81,11.77,11.38,-0.002,-0.003,-0.003,0.0,-0.0,-80.3064014,26.9209502,854.2
-10.4,3.7,0.0,0.01,-0.04,-0.04,0.14,0.27,0.34,-0.18,0.23,9.496,9.663,8.947,9.025,10.4,9.91,11.77,11.77,-0.002,-0.003,-0.003,0.0,-0.0,-80.3064014,26.9209503,854.25
-10.3,3.7,0.0,0.01,-0.03,-0.05,-0.11,-0.07,-0.15,-0.27,0.25,9.506,9.653,8.947,9.006,10.4,9.71,11.77,11.58,-0.002,-0.003,-0.003,0.0,-0.01,-80.3064014,26.9209503,854.3
-10.3,3.7,0.0,0.01,-0.04,-0.05,-0.27,0.09,0.01,-0.27,0.25,9.496,9.663,8.947,9.015,10.5,9.61,11.97,11.58,-0.002,-0.003,-0.003,0.0,-0.01,-80.3064014,26.9209503,854.35
-10.3,3.7,0.0,0.01,-0.04,-0.06,-0.19,0.13,0.23,-0.27,0.26,9.506,9.663,8.966,9.025,10.2,9.91,11.58,11.38,-0.002,-0.003,-0.003,0.0,-0.01,-80.3064014,26.9209503,854.4
-10.3,3.7,0.0,0.01,-0.03,-0.05,-0.18,-0.17,0.07,-0.27,0.26,9.486,9.673,8.957,9.025,10.01,9.71,11.67,11.58,-0.002,-0.003,-0.003,0.0,-0.01,-80.3064014,26.9209503,854.45
-10.4,3.7,0.0,0.01,-0.03,-0.03,-0.09,-0.23,0.03,-0.27,0.25,9.486,9.682,8.917,9.015,10.59,9.81,11.87,11.18,-0.002,-0.003,-0.003,0.0,-0.0,-80.3064014,26.9209503,854.5
-10.3,3.7,0.0,0.01,-0.03,-0.04,-0.21,0.13,-0.25,-0.27,0.25,9.486,9.673,8.937,8.996,10.2,9.52,11.87,11.58,-0.002,-0.003,-0.003,0.0,-0.01,-80.3064014,26.9209503,854.55
-10.3,3.7,0.0,0.01,-0.04,-0.06,0.22,0.17,0.46,-0.27,0.26,9.496,9.643,8.947,8.996,10.4,9.91,11.87,11.58,-0.002,-0.003,-0.003,0.0,-0.01,-80.3064014,26.9209503,854.6
-10.3,3.7,0.0,0.01,-0.03,-0.06,-0.37,0.41,0.09,-0.27,0.26,9.506,9.653,8.957,9.025,10.2,9.52,12.16,11.28,-0.002,-0.003,-0.003,0.0,-0.01,-80.3064015,26.9209503,854.65
-10.3,3.7,0.0,0.01,-0.03,-0.04,-0.27,0.14,0.33,-0.27,0.26,9.506,9.692,8.937,8.996,10.1,9.81,12.07,11.38,-0.002,-0.003,-0.003,0.0,-0.01,-80.3064015,26.9209503,854.7
-10.3,3.7,0.0,0.01,-0.03,-0.04,-0.08,-0.16,-0.03,-0.27,0.24,9.486,9.673,8.947,9.015,10.2,9.71,11.58,11.18,-0.002,-0.003,-0.003,0.0,-0.01,-80.3064015,26.9209503,854.75
-10.3,3.7,0.0,0.01,-0.03,-0.04,-0.16,-0.12,0.03,-0.27,0.25,9.486,9.663,8.927,9.015,10.4,9.61,11.58,11.38,-0.002,-0.003,-0.003,0.0,-0.0,-80.3064015,26.9209503,854.8
-10.3,3.7,0.0,0.01,-0.04,-0.04,0.2,-0.07,-0.23,-0.27,0.25,9.496,9.653,8.957,9.025,10.3,10.01,11.77,11.28,-0.002,-0.003,-0.003,0.0,-0.01,-80.3064015,26.9209503,854.85
-10.3,3.7,0.0,0.01,-0.04,-0.05,0.02,0.05,-0.35,-0.27,0.25,9.486,9.663,8.937,9.035,10.4,9.71,11.77,11.28,-0.002,-0.003,-0.003,0.0,-0.01,-80.3064015,26.9209504,854.9
-10.3,3.7,0.0,0.01,-0.04,-0.05,-0.04,-0.24,0.16,-0.27,0.23,9.516,9.663,8.907,9.006,10.1,9.81,11.58,11.48,-0.002,-0.003,-0.003,0.0,-0.01,-80.3064015,26.9209504,854.95
-10.3,3.7,0.0,0.01,-0.03,-0.03,-0.24,-0.05,-0.01,-0.27,0.21,9.496,9.663,8.937,9.015,10.1,9.71,11.58,11.48,-0.002,-0.003,-0.003,0.0,-0.01,-80.3064015,26.9209504,855.0
-10.3,3.7,0.0,0.01,-0.03,-0.05,-0.02,0.05,-0.08,-0.26,0.25,9.496,9.663,8.937,9.006,10.4,10.1,11.87,11.38,-0.002,-0.003,-0.003,0.0,-0.01,-80.3064015,26.9209504,855.05
-10.3,3.7,0.0,0.01,-0.04,-0.04,0.13,0.13,0.11,-0.26,0.25,9.496,9.663,8.947,9.025,10.3,9.71,11.87,11.28,-0.002,-0.003,-0.003,0.0,-0.01,-80.3064015,26.9209504,855.1
-10.3,3.7,0.0,0.01,-0.04,-0.04,0.05,-0.42,0.06,-0.27,0.25,9.506,9.663,8.957,9.035,10.5,9.91,11.77,11.18,-0.002,-0.003,-0.003,0.0,-0.0,-80.3064015,26.9209504,855.15
-10.3,3.7,0.0,0.01,-0.04,-0.05,-0.09,-0.16,-0.17,-0.3,0.25,9.496,9.673,8.937,9.006,10.4,9.61,11.97,11.58,-0.002,-0.003,-0.003,0.0,-0.01,-80.3064015,26.9209504,855.2
-10.3,3.7,0.0,0.01,-0.04,-0.05,0.04,-0.12,-0.03,-0.27,0.25,9.506,9.673,8.947,9.045,10.5,9.91,11.48,11.18,-0.002,-0.003,-0.003,0.0,-0.01,-80.3064015,26.9209504,855.25
-10.3,3.7,0.0,0.01,-0.04,-0.04,0.0,-0.05,0.13,-0.26,0.24,9.496,9.663,8.937,9.015,10.5,9.61,11.97,11.28,-0.002,-0.003,-0.003,0.0,-0.01,-80.3064015,26.9209504,855.3
-10.3,3.7,0.0,0.01,-0.02,-0.04,-0.24,-0.03,-0.07,-0.27,0.25,9.506,9.653,8.966,9.045,10.4,9.81,11.87,11.48,-0.002,-0.003,-0.003,0.0,-0.01,-80.3064015,26.9209504,855.35
-10.3,3.7,0.0,0.01,-0.04,-0.04,0.05,-0.01,0.11,-0.27,0.25,9.486,9.673,8.957,9.035,10.4,9.71,11.87,11.48,-0.002,-0.003,-0.003,0.0,-0.01,-80.3064015,26.9209504,855.4
-10.3,3.7,0.0,0.01,-0.04,-0.03,-0.11,-0.23,-0.14,-0.27,0.25,9.516,9.663,8.957,9.035,10.4,9.91,11.67,11.28,-0.002,-0.003,-0.003,0.0,-0.01,-80.3064015,26.9209504,855.45
-10.3,3.7,0.0,0.01,-0.02,-0.05,-0.22,-0.11,0.3,-0.27,0.26,9.506,9.663,8.957,9.025,10.4,9.91,11.77,11.67,-0.002,-0.003,-0.003,0.0,-0.01,-80.3064015,26.9209504,855.5
-10.4,3.7,0.0,0.01,-0.04,-0.06,-0.02,-0.02,-0.07,-0.28,0.25,9.496,9.663,8.927,8.966,10.3,9.81,11.77,11.77,-0.002,-0.003,-0.003,0.0,-0.01,-80.3064015,26.9209504,855.55
-10.3,3.7,0.0,0.01,-0.04,-0.04,0.08,-0.21,-0.43,-0.27,0.25,9.496,9.643,8.947,9.035,10.3,9.71,11.77,11.58,-0.002,-0.003,-0.003,0.0,-0.0,-80.3064015,26.9209504,855.6
-10.3,3.7,0.0,0.01,-0.05,-0.05,0.31,-0.17,-0.17,-0.27,0.25,9.506,9.663,8.986,9.006,10.3,9.61,11.77,11.58,-0.002,-0.003,-0.003,0.0,-0.0,-80.3064015,26.9209504,855.65
-10.3,3.7,0.0,0.01,-0.04,-0.04,0.08,0.01,0.42,-0.27,0.25,9.496,9.663,8.966,9.006,10.5,9.71,11.77,11.77,-0.002,-0.003,-0.003,0.0,-0.0,-80.3064015,26.9209504,855.7
-10.3,3.7,0.0,0.01,-0.03,-0.06,0.04,0.11,0.02,-0.27,0.26,9.476,9.663,8.947,9.035,10.4,10.01,11.77,11.38,-0.002,-0.003,-0.003,0.0,-0.0,-80.3064015,26.9209504,855.75
-10.3,3.7,0.0,0.01,-0.04,-0.03,-0.17,-0.33,-0.13,-0.27,0.25,9.506,9.673,8.937,9.035,10.2,9.61,11.58,11.58,-0.002,-0.003,-0.003,0.0,-0.0,-80.3064015,26.9209504,855.8
-10.3,3.7,0.0,0.01,-0.04,-0.05,0.12,-0.02,-0.3,-0.27,0.26,9.486,9.663,8.957,9.035,10.5,9.71,11.48,11.58,-0.002,-0.003,-0.003,0.0,-0.0,-80.3064015,26.9209504,855.85
-10.3,3.7,0.0,0.01,-0.04,-0.04,0.04,-0.16,0.19,-0.27,0.28,9.516,9.653,8.937,9.025,10.4,9.71,11.67,11.38,-0.002,-0.003,-0.003,0.0,-0.01,-80.3064015,26.9209504,855.9
-10.3,3.7,0.0,0.01,-0.04,-0.05,0.16,0.02,-0.06,-0.27,0.25,9.516,9.663,8.957,9.006,10.3,10.01,11.67,11.58,-0.002,-0.003,-0.003,0.0,-0.01,-80.3064015,26.9209504,855.95
-10.3,3.7,0.0,0.0,-0.04,-0.04,-0.23,0.13,0.02,-0.28,0.25,9.506,9.653,8.957,9.006,10.4,9.81,11.67,11.58,-0.002,-0.003,-0.003,0.0,-0.0,-80.3064015,26.9209504,856.0
-10.4,3.7,0.0,0.0,-0.03,-0.05,-0.03,-0.08,0.11,-0.27,0.25,9.506,9.663,8.927,9.025,10.3,9.91,11.77,11.58,-0.002,-0.003,-0.003,0.0,-0.0,-80.3064015,26.9209504,856.05
-10.3,3.7,0.0,0.0,-0.04,-0.04,-0.17,-0.38,-0.04,-0.27,0.25,9.496,9.663,8.937,9.006,10.3,9.91,12.16,11.38,-0.002,-0.003,-0.003,0.0,-0.01,-80.3064015,26.9209504,856.1
-10.3,3.7,0.0,0.0,-0.03,-0.06,-0.27,0.4,0.25,-0.27,0.25,9.516,9.663,8.927,9.015,10.3,9.71,11.58,11.48,-0.002,-0.003,-0.003,0.0,-0.01,-80.3064015,26.9209504,856.15
-10.3,3.7,0.0,0.0,-0.05,-0.04,-0.3,-0.08,0.01,-0.27,0.26,9.506,9.673,8.937,9.015,10.3,9.71,11.58,11.28,-0.002,-0.003,-0.003,0.0,-0.01,-80.3064015,26.9209504,856.2
-10.3,3.7,0.0,0.0,-0.03,-0.05,0.07,0.04,-0.37,-0.27,0.25,9.516,9.673,8.957,9.035,10.01,9.61,11.58,11.48,-0.002,-0.003,-0.003,0.0,-0.01,-80.3064016,26.9209504,856.25
-10.3,3.7,0.0,0.0,-0.04,-0.05,0.07,0.09,-0.03,-0.27,0.26,9.516,9.653,8.947,9.006,10.5,9.81,11.97,11.09,-0.002,-0.003,-0.003,0.0,-0.01,-80.3064016,26.9209504,856.3
-10.3,3.7,0.0,0.0,-0.05,-0.05,0.14,0.02,-0.21,-0.27,0.25,9.506,9.673,8.937,9.006,10.4,9.81,11.58,11.18,-0.002,-0.003,-0.003,0.0,-0.01,-80.3064016,26.9209504,856.35
-10.4,3.7,0.0,0.0,-0.03,-0.04,-0.14,0.31,0.08,-0.27,0.26,9.496,9.663,8.937,9.006,10.5,9.61,11.77,11.58,-0.002,-0.003,-0.003,0.0,-0.01,-80.3064016,26.9209504,856.4
-10.3,3.7,0.0,0.0,-0.02,-0.06,-0.21,0.23,0.26,-0.27,0.26,9.496,9.663,8.947,9.025,10.5,9.71,11.87,11.38,-0.002,-0.003,-0.003,0.0,-0.01,-80.3064016,26.9209504,856.45
-10.3,3.7,0.0,0.0,-0.06,-0.04,0.26,0.13,-0.16,-0.27,0.25,9.506,9.653,8.937,9.035,10.5,9.81,11.58,11.38,-0.002,-0.003,-0.003,0.0,-0.01,-80.3064016,26.9209504,856.5
-10.4,3.7,0.0,0.0,-0.02,-0.06,-0.4,-0.07,-0.22,-0.27,0.25,9.506,9.653,8.898,8.996,10.3,9.81,11.77,11.67,-0.002,-0.003,-0.003,0.0,-0.01,-80.3064016,26.9209504,856.55
-10.4,3.7,0.0,0.0,-0.05,-0.05,-0.11,0.41,0.21,-0.27,0.26,9.496,9.643,8.917,9.006,10.5,10.1,11.58,11.58,-0.002,-0.003,-0.003,0.0,-0.01,-80.3064016,26.9209504,856.6
-10.4,3.7,0.0,0.0,-0.04,-0.05,0.13,0.03,-0.1,-0.27,0.25,9.496,9.663,8.937,8.986,10.4,9.91,11.77,11.58,-0.002,-0.003,-0.003,0.0,-0.01,-80.3064016,26.9209504,856.65
-10.3,3.7,0.0,0.0,-0.05,-0.05,0.33,-0.14,-0.23,-0.27,0.25,9.506,9.663,8.937,9.035,10.2,9.71,11.77,11.28,-0.002,-0.003,-0.003,0.0,-0.01,-80.3064016,26.9209504,856.7
-10.3,3.7,0.0,0.0,-0.04,-0.05,0.04,0.19,0.09,-0.27,0.25,9.486,9.663,8.966,9.025,10.1,9.81,11.77,11.48,-0.002,-0.003,-0.003,0.0,-0.01,-80.3064016,26.9209504,856.75
-10.3,3.7,0.0,0.0,-0.04,-0.06,-0.13,0.26,-0.0,-0.27,0.25,9.486,9.663,8.947,9.006,10.5,9.81,11.77,11.38,-0.002,-0.003,-0.003,0.0,-0.01,-80.3064016,26.9209504,856.8
-10.3,3.7,0.0,0.0,-0.04,-0.05,0.06,0.13,0.16,-0.27,0.25,9.496,9.673,8.976,9.035,10.3,9.91,11.58,11.38,-0.002,-0.003,-0.003,0.0,-0.01,-80.3064016,26.9209504,856.85
-10.3,3.7,0.0,0.0,-0.03,-0.04,0.04,-0.06,0.12,-0.28,0.25,9.506,9.663,8.966,9.045,10.4,9.81,11.77,11.38,-0.002,-0.003,-0.003,0.0,-0.01,-80.3064016,26.9209504,856.9
-10.3,3.7,0.0,0.0,-0.04,-0.05,0.09,0.04,-0.46,-0.29,0.26,9.496,9.653,8.937,9.015,10.3,9.61,11.58,11.28,-0.002,-0.003,-0.003,0.0,-0.01,-80.3064016,26.9209504,856.95
-10.3,3.7,0.0,0.0,-0.04,-0.05,-0.06,-0.06,-0.05,-0.29,0.26,9.496,9.653,8.937,9.006,10.3,9.81,11.48,11.58,-0.002,-0.003,-0.003,0.0,-0.01,-80.3064016,26.9209504,857.0
-10.4,3.7,0.0,0.0,-0.03,-0.04,-0.25,-0.14,0.05,-0.29,0.27,9.486,9.673,8.917,8.976,10.5,9.81,11.58,11.58,-0.002,-0.003,-0.003,0.0,-0.01,-80.3064015,26.9209504,857.05
-10.3,3.7,0.0,0.0,-0.04,-0.06,-0.16,0.3,0.2,-0.28,0.25,9.496,9.653,8.947,8.996,10.3,9.71,11.77,11.38,-0.002,-0.003,-0.003,0.0,-0.01,-80.3064015,26.9209504,857.1
-10.4,3.7,0.0,-0.0,-0.04,-0.04,0.13,0.13,0.24,-0.29,0.25,9.506,9.692,8.917,8.996,10.2,9.71,11.77,11.58,-0.002,-0.003,-0.003,0.0,-0.01,-80.3064015,26.9209504,857.15
-10.3,3.7,0.0,0.0,-0.04,-0.06,0.47,0.02,-0.02,-0.3,0.25,9.506,9.643,8.937,8.996,10.4,9.71,11.38,11.28,-0.002,-0.003,-0.003,0.0,-0.01,-80.3064015,26.9209504,857.2
-10.3,3.7,0.0,-0.0,-0.05,-0.04,0.07,0.02,-0.37,-0.29,0.26,9.496,9.653,8.957,9.015,10.59,9.71,11.77,11.38,-0.002,-0.003,-0.003,0.0,-0.01,-80.3064015,26.9209504,857.25
-10.3,3.7,0.0,-0.0,-0.04,-0.05,-0.0,-0.15,0.04,-0.29,0.28,9.506,9.653,8.947,9.015,10.4,9.81,11.87,11.38,-0.002,-0.003,-0.003,0.0,-0.01,-80.3064015,26.9209504,857.3
-10.3,3.7,0.0,-0.0,-0.03,-0.05,-0.05,-0.33,0.04,-0.3,0.29,9.496,9.682,8.957,8.996,10.4,9.71,11.77,11.09,-0.002,-0.003,-0.003,0.0,-0.01,-80.3064015,26.9209504,857.35
-10.3,3.7,0.0,-0.0,-0.05,-0.03,-0.02,-0.28,-0.11,-0.31,0.31,9.496,9.663,8.957,9.015,10.4,9.91,11.58,11.28,-0.002,-0.003,-0.003,0.0,-0.01,-80.3064015,26.9209504,857.4
-10.3,3.7,0.0,-0.0,-0.02,-0.05,-0.21,-0.11,0.29,-0.31,0.32,9.506,9.663,8.957,9.025,10.5,10.01,11.67,11.38,-0.002,-0.003,-0.003,0.0,-0.01,-80.3064015,26.9209504,857.45
-10.3,3.7,0.0,-0.0,-0.04,-0.05,0.11,0.47,0.24,-0.32,0.33,9.506,9.663,8.966,9.015,10.4,9.71,11.77,11.18,-0.002,-0.003,-0.003,0.0,-0.01,-80.3064015,26.9209504,857.5
-10.4,3.7,0.0,-0.0,-0.04,-0.04,-0.12,-0.3,0.02,-0.33,0.35,9.496,9.682,8.917,8.996,10.5,9.61,11.77,11.58,-0.002,-0.003,-0.003,0.0,-0.01,-80.3064015,26.9209504,857.55
-10.3,3.7,0.0,0.01,-0.04,-0.06,0.12,0.16,-0.16,-0.33,0.36,9.506,9.663,8.927,9.025,10.4,9.71,11.58,11.38,-0.002,-0.003,-0.003,0.0,-0.0,-80.3064015,26.9209504,857.6
-10.3,3.7,0.0,0.01,-0.04,-0.04,0.01,-0.14,0.02,-0.34,0.38,9.496,9.663,8.976,9.015,10.69,9.61,11.77,11.58,-0.002,-0.003,-0.003,0.0,-0.0,-80.3064015,26.9209504,857.65
-10.4,3.7,0.0,0.01,-0.03,-0.05,-0.12,0.04,0.01,-0.34,0.39,9.496,9.682,8.917,8.986,10.3,9.71,11.87,11.48,-0.002,-0.003,-0.003,0.0,-0.01,-80.3064015,26.9209504,857.7
-10.3,3.7,0.0,0.01,-0.04,-0.04,-0.17,0.1,-0.16,-0.35,0.41,9.496,9.663,8.957,9.035,10.4,9.71,12.16,11.38,-0.002,-0.003,-0.003,0.0,-0.01,-80.3064015,26.9209504,857.75
-10.3,3.7,0.0,0.01,-0.04,-0.06,0.1,0.03,0.11,-0.36,0.42,9.496,9.692,8.957,9.035,10.5,9.52,11.58,11.38,-0.002,-0.003,-0.003,0.0,-0.01,-80.3064015,26.9209504,857.8
-10.3,3.7,0.0,0.01,-0.03,-0.04,-0.18,-0.09,0.4,-0.36,0.44,9.486,9.663,8.957,8.996,10.01,9.61,12.07,11.38,-0.002,-0.003,-0.003,0.0,-0.01,-80.3064015,26.9209504,857.85
-10.3,3.7,0.0,0.01,-0.03,-0.05,-0.04,-0.07,-0.35,-0.37,0.45,9.486,9.643,8.947,9.035,10.2,9.81,11.77,11.28,-0.002,-0.003,-0.003,0.0,-0.01,-80.3064015,26.9209504,857.9
-10.3,3.7,0.0,0.01,-0.03,-0.03,0.01,-0.3,0.16,-0.38,0.46,9.506,9.663,8.937,9.006,10.59,9.61,11.87,11.28,-0.002,-0.003,-0.003,0.0,-0.01,-80.3064015,26.9209504,857.95
-10.3,3.7,0.0,0.01,-0.04,-0.06,0.13,0.2,-0.06,-0.38,0.48,9.486,9.663,8.957,9.006,10.3,9.81,11.97,11.09,-0.002,-0.003,-0.003,0.0,-0.01,-80.3064015,26.9209504,858.0
-10.4,3.7,0.0,0.01,-0.05,-0.03,-0.03,-0.06,0.05,-0.39,0.49,9.506,9.653,8.927,8.966,10.3,9.71,11.77,11.28,-0.002,-0.003,-0.003,0.0,-0.01,-80.3064015,26.9209504,858.05
-10.3,3.7,0.0,0.01,-0.03,-0.05,0.19,-0.04,0.38,-0.4,0.51,9.516,9.663,8.947,9.035,10.2,9.81,11.67,11.28,-0.002,-0.003,-0.003,0.0,-0.01,-80.3064015,26.9209504,858.1
-10.3,3.7,0.0,0.01,-0.04,-0.05,-0.08,0.11,-0.01,-0.4,0.52,9.496,9.663,8.947,9.025,10.2,9.81,11.77,11.48,-0.002,-0.003,-0.003,0.0,-0.01,-80.3064015,26.9209504,858.15
-10.3,3.7,0.0,0.01,-0.03,-0.03,-0.04,0.0,0.29,-0.41,0.54,9.496,9.663,8.957,9.015,10.4,9.91,11.58,11.87,-0.002,-0.003,-0.003,0.0,-0.01,-80.3064015,26.9209504,858.2
-10.3,3.7,0.0,0.01,0.03,-0.14,-0.23,-0.32,-0.16,-0.29,0.26,9.496,9.663,8.957,9.025,10.2,9.81,11.77,11.48,-0.002,-0.003,-0.003,0.0,-0.01,-80.3064015,26.9209504,858.25
-10.3,3.7,0.0,0.01,-0.04,-0.03,-0.21,-0.04,0.23,-0.28,0.25,9.486,9.663,8.947,9.015,10.3,9.91,11.77,11.48,-0.002,-0.003,-0.003,0.0,-0.01,-80.3064015,26.9209504,858.3
-10.3,3.7,0.0,0.01,-0.02,-0.05,-0.11,-0.27,0.28,-0.28,0.25,9.516,9.643,8.957,9.025,10.4,10.01,11.77,11.58,-0.002,-0.003,-0.003,0.0,-0.01,-80.3064015,26.9209504,858.35
-10.3,3.7,0.0,0.01,-0.04,-0.03,-0.34,-0.22,0.37,-0.28,0.25,9.486,9.663,8.927,9.025,10.4,9.91,11.48,11.28,-0.002,-0.003,-0.003,0.0,-0.01,-80.3064015,26.9209504,858.4
-10.3,3.7,0.0,0.01,-0.04,-0.06,0.04,-0.12,-0.71,-0.28,0.25,9.486,9.663,8.947,9.035,10.2,9.81,11.48,11.38,-0.002,-0.003,-0.003,0.0,-0.01,-80.3064015,26.9209504,858.45
-10.3,3.7,0.0,0.01,-0.04,-0.04,0.01,-0.16,-0.43,-0.28,0.26,9.496,9.653,8.937,9.045,10.2,9.81,11.87,11.38,-0.002,-0.003,-0.003,0.0,-0.01,-80.3064015,26.9209504,858.5
-10.4,3.7,0.0,0.01,-0.06,-0.04,-0.13,0.09,-0.43,-0.29,0.26,9.496,9.663,8.937,9.006,10.59,9.61,12.07,11.09,-0.002,-0.003,-0.003,0.0,-0.01,-80.3064015,26.9209504,858.55
-10.3,3.7,0.0,0.01,-0.04,-0.06,0.14,-0.07,0.04,-0.27,0.26,9.476,9.643,8.947,9.006,10.1,9.91,11.87,11.48,-0.002,-0.003,-0.003,0.0,-0.01,-80.3064015,26.9209504,858.6
-10.3,3.7,0.0,0.01,-0.04,-0.05,0.15,0.12,0.08,-0.28,0.25,9.516,9.673,8.957,9.035,10.5,9.61,11.77,11.48,-0.002,-0.003,-0.003,0.0,-0.01,-80.3064015,26.9209504,858.65
-10.3,3.7,0.0,0.01,-0.04,-0.04,-0.15,-0.07,-0.28,-0.28,0.26,9.486,9.673,8.966,9.025,10.3,9.91,11.77,11.58,-0.002,-0.003,-0.003,0.0,-0.02,-80.3064015,26.9209504,858.7
-10.4,3.7,0.0,0.01,-0.02,-0.05,-0.25,0.01,-0.04,-0.27,0.26,9.496,9.653,8.937,9.006,10.1,9.71,11.67,11.77,-0.002,-0.003,-0.003,0.0,-0.02,-80.3064015,26.9209504,858.75
-10.4,3.7,0.0,0.01,-0.05,-0.04,0.11,-0.07,-0.22,-0.27,0.27,9.506,9.663,8.937,9.006,10.4,9.81,11.87,11.38,-0.002,-0.003,-0.003,0.0,-0.02,-80.3064015,26.9209504,858.8
-10.3,3.7,0.0,0.01,-0.03,-0.06,0.05,-0.24,0.11,-0.26,0.28,9.496,9.663,8.947,9.035,10.5,9.81,11.77,11.09,-0.002,-0.003,-0.003,0.0,-0.02,-80.3064016,26.9209504,858.85
-10.3,3.7,0.0,0.01,-0.04,-0.05,-0.05,-0.18,-0.05,-0.26,0.29,9.496,9.653,8.966,9.045,10.2,9.91,12.07,11.58,-0.002,-0.003,-0.003,0.0,-0.02,-80.3064016,26.9209504,858.9
-10.3,3.7,0.0,0.01,-0.04,-0.04,-0.09,-0.18,-0.44,-0.25,0.29,9.496,9.682,8.937,9.025,10.3,9.71,11.77,11.58,-0.002,-0.003,-0.003,0.0,-0.02,-80.3064016,26.9209504,858.95
-10.3,3.7,0.0,0.01,-0.03,-0.06,0.12,0.16,0.11,-0.25,0.3,9.486,9.663,8.966,9.035,10.3,9.81,11.97,11.58,-0.002,-0.003,-0.003,0.0,-0.02,-80.3064016,26.9209504,859.0
-10.3,3.7,0.0,0.01,-0.05,-0.04,-0.24,0.03,-0.12,-0.24,0.31,9.486,9.653,8.927,9.015,10.4,9.91,11.97,11.18,-0.002,-0.003,-0.003,0.0,-0.02,-80.3064016,26.9209504,859.05
-10.3,3.7,0.0,0.01,-0.04,-0.06,-0.01,0.34,-0.31,-0.24,0.32,9.486,9.663,8.947,9.015,10.2,10.01,11.87,11.28,-0.002,-0.003,-0.003,0.0,-0.01,-80.3064016,26.9209504,859.1
-10.3,3.7,0.0,0.01,-0.05,-0.05,0.09,-0.07,0.18,-0.23,0.32,9.516,9.663,8.937,9.025,10.3,9.61,11.58,11.48,-0.002,-0.003,-0.003,0.0,-0.01,-80.3064016,26.9209504,859.15
-10.3,3.7,0.0,0.01,-0.03,-0.06,0.13,-0.16,-0.04,-0.22,0.33,9.506,9.663,8.947,9.025,10.4,9.61,11.67,11.58,-0.002,-0.003,-0.003,0.0,-0.0,-80.3064016,26.9209504,859.2
-10.3,3.7,0.0,0.01,-0.04,-0.05,-0.17,0.05,-0.05,-0.22,0.34,9.516,9.653,8.927,9.006,10.5,9.71,11.77,11.77,-0.002,-0.003,-0.003,0.0,-0.0,-80.3064016,26.9209504,859.25
-10.3,3.7,0.0,0.01,-0.05,-0.04,0.39,-0.12,-0.27,-0.21,0.35,9.506,9.663,8.937,9.035,10.59,9.71,11.67,11.38,-0.002,-0.003,-0.003,0.0,-0.0,-80.3064016,26.9209504,859.3
-10.3,3.7,0.0,0.01,-0.03,-0.07,-0.0,0.06,0.2,-0.29,0.26,9.506,9.643,8.947,9.006,10.3,9.61,11.77,11.58,-0.002,-0.003,-0.003,0.0,-0.0,-80.3064016,26.9209504,859.35
-10.3,3.7,0.0,0.01,-0.04,-0.05,-0.09,0.04,0.08,-0.31,0.27,9.486,9.663,8.966,9.045,10.2,10.01,11.48,11.58,-0.002,-0.003,-0.003,0.0,-0.0,-80.3064016,26.9209504,859.4
-10.3,3.7,0.0,0.01,-0.05,-0.04,0.2,0.01,-0.19,-0.33,0.28,9.496,9.673,8.957,9.015,10.3,9.61,11.58,11.77,-0.002,-0.003,-0.003,0.0,-0.0,-80.3064016,26.9209504,859.45
-10.3,3.7,0.0,0.01,-0.04,-0.07,0.5,0.0,-0.19,-0.28,0.25,9.506,9.663,8.937,9.006,10.2,9.71,11.58,11.28,-0.002,-0.003,-0.003,0.0,-0.0,-80.3064016,26.9209504,859.5
-10.4,3.7,0.0,0.01,-0.04,-0.05,0.2,0.28,0.12,-0.28,0.26,9.486,9.663,8.917,8.986,10.5,9.52,11.87,11.67,-0.002,-0.003,-0.003,0.0,-0.01,-80.3064016,26.9209504,859.55
-10.3,3.7,0.0,0.01,-0.04,-0.05,0.08,-0.12,0.01,-0.27,0.27,9.506,9.673,8.957,9.015,10.5,9.71,11.48,11.58,-0.002,-0.003,-0.003,0.0,-0.01,-80.3064016,26.9209504,859.6
-10.3,3.7,0.0,0.01,-0.04,-0.04,-0.17,0.03,0.04,-0.27,0.29,9.506,9.633,8.937,9.006,10.3,9.71,11.58,11.28,-0.002,-0.003,-0.003,0.0,-0.0,-80.3064016,26.9209504,859.65
-10.3,3.7,0.0,0.01,-0.03,-0.06,-0.08,-0.19,-0.04,-0.26,0.3,9.496,9.643,8.947,9.006,10.2,9.91,11.77,11.28,-0.002,-0.003,-0.003,0.0,-0.0,-80.3064016,26.9209504,859.7
-10.3,3.7,0.0,0.01,-0.05,-0.03,-0.22,0.09,-0.12,-0.25,0.31,9.496,9.663,8.957,9.035,10.3,9.81,11.77,11.48,-0.002,-0.003,-0.003,0.0,-0.0,-80.3064016,26.9209504,859.75
-10.3,3.7,0.0,0.0,-0.03,-0.06,0.02,0.01,-0.04,-0.28,0.25,9.496,9.663,8.937,9.045,10.3,9.71,11.97,11.38,-0.002,-0.003,-0.003,0.0,0.0,-80.3064016,26.9209504,859.8
-10.3,3.7,0.0,0.0,-0.03,-0.03,-0.19,-0.01,-0.05,-0.28,0.25,9.496,9.653,8.947,9.035,10.5,9.71,12.07,11.48,-0.002,-0.003,-0.003,0.0,0.0,-80.3064016,26.9209504,859.85
-10.3,3.7,0.0,0.0,-0.04,-0.04,0.39,-0.1,0.38,-0.28,0.25,9.506,9.682,8.966,9.055,10.4,9.91,11.77,11.58,-0.002,-0.003,-0.003,0.0,0.0,-80.3064016,26.9209504,859.9
-10.3,3.7,0.0,0.0,-0.04,-0.07,-0.04,0.13,-0.26,-0.28,0.25,9.506,9.673,8.957,9.006,10.1,9.91,11.67,11.48,-0.002,-0.003,-0.003,0.0,0.0,-80.3064016,26.9209504,859.95
-10.3,3.7,0.0,0.0,-0.05,-0.04,-0.05,-0.19,-0.16,-0.28,0.26,9.486,9.682,8.937,9.025,10.4,9.81,11.77,11.38,-0.002,-0.003,-0.003,0.0,0.0,-80.3064016,26.9209504,860.0
-10.3,3.7,0.0,0.0,-0.04,-0.04,-0.04,-0.14,-0.25,-0.28,0.27,9.486,9.653,8.947,9.015,10.1,9.61,11.77,11.48,-0.002,-0.003,-0.003,0.0,0.0,-80.3064016,26.9209504,860.05
-10.3,3.7,0.0,0.0,-0.03,-0.06,0.12,-0.08,-0.22,-0.28,0.24,9.476,9.663,8.947,9.025,10.5,9.91,11.87,11.38,-0.002,-0.003,-0.003,0.0,0.0,-80.3064015,26.9209504,860.1
-10.3,3.7,0.0,0.01,-0.05,-0.05,0.27,0.14,-0.35,-0.28,0.24,9.496,9.643,8.966,9.025,10.4,9.91,11.48,11.28,-0.002,-0.003,-0.003,0.0,0.0,-80.3064015,26.9209504,860.15
-10.3,3.7,0.0,0.01,-0.04,-0.05,-0.06,0.04,-0.38,-0.28,0.24,9.496,9.653,8.937,9.035,10.1,9.91,11.77,11.38,-0.002,-0.003,-0.003,0.0,0.0,-80.3064015,26.9209504,860.2
-10.3,3.7,0.0,0.01,-0.04,-0.05,-0.03,0.12,0.02,-0.28,0.25,9.496,9.663,8.917,9.015,10.4,9.52,11.67,11.67,-0.002,-0.003,-0.003,0.0,0.0,-80.3064015,26.9209504,860.25
-10.3,3.7,0.0,0.01,-0.03,-0.04,-0.06,-0.12,0.17,-0.27,0.25,9.486,9.682,8.957,9.035,10.5,9.81,11.58,11.48,-0.002,-0.003,-0.003,0.0,0.0,-80.3064015,26.9209504,860.3
-10.3,3.7,0.0,0.01,-0.05,-0.03,0.01,-0.27,-0.3,-0.29,0.25,9.506,9.633,8.937,9.025,10.3,10.1,11.38,11.58,-0.002,-0.003,-0.003,0.0,0.01,-80.3064015,26.9209504,860.35
-10.3,3.7,0.0,0.01,-0.04,-0.06,0.18,0.33,-0.02,-0.28,0.25,9.496,9.643,8.947,8.996,10.3,9.61,11.58,11.58,-0.002,-0.003,-0.003,0.0,0.01,-80.3064015,26.9209504,860.4
-10.3,3.7,0.0,0.01,-0.03,-0.05,-0.01,-0.07,-0.22,-0.29,0.25,9.516,9.673,8.976,9.035,10.3,9.71,11.58,11.28,-0.002,-0.003,-0.003,0.0,0.01,-80.3064015,26.9209504,860.45
-10.3,3.7,0.0,0.01,-0.04,-0.04,-0.03,-0.14,0.29,-0.29,0.25,9.516,9.633,8.976,9.035,10.4,9.91,11.48,11.48,-0.002,-0.003,-0.003,0.0,0.01,-80.3064015,26.9209504,860.5
-10.4,3.7,0.0,0.01,-0.04,-0.06,0.12,-0.02,-0.16,-0.29,0.25,9.486,9.673,8.937,9.025,10.2,9.71,11.58,11.77,-0.002,-0.003,-0.003,0.0,0.01,-80.3064015,26.9209504,860.55
-10.3,3.7,0.0,0.01,-0.03,-0.03,-0.24,-0.04,0.22,-0.29,0.25,9.506,9.653,8.957,9.025,10.2,9.71,11.77,11.58,-0.002,-0.003,-0.003,0.0,0.01,-80.3064015,26.9209504,860.6
-10.3,3.7,0.0,0.01,-0.03,-0.05,-0.19,0.01,0.07,-0.29,0.25,9.506,9.682,8.927,8.986,10.3,9.71,11.77,11.28,-0.002,-0.003,-0.003,0.0,0.01,-80.3064015,26.9209504,860.65
-10.3,3.7,0.0,0.01,-0.05,-0.05,0.06,0.28,-0.27,-0.28,0.26,9.516,9.673,8.937,9.025,10.2,9.71,11.77,11.48,-0.002,-0.003,-0.003,0.0,0.01,-80.3064015,26.9209504,860.7
-10.3,3.7,0.0,0.01,-0.04,-0.05,-0.15,-0.19,-0.42,-0.29,0.25,9.496,9.633,8.947,9.035,10.3,9.81,11.58,11.38,-0.002,-0.003,-0.003,0.0,0.01,-80.3064015,26.9209504,860.75
-10.3,3.7,0.0,0.01,-0.04,-0.05,-0.03,-0.11,0.21,-0.28,0.25,9.506,9.653,8.966,8.986,10.2,9.81,11.67,11.38,-0.002,-0.003,-0.003,0.0,0.01,-80.3064015,26.9209504,860.8
-10.3,3.7,0.0,0.02,-0.04,-0.04,-0.11,0.09,0.31,-0.28,0.25,9.486,9.663,8.937,9.025,10.1,9.81,11.77,11.77,-0.002,-0.003,-0.003,0.0,0.01,-80.3064015,26.9209504,860.85
-10.4,3.7,0.0,0.02,-0.03,-0.05,0.2,0.13,0.14,-0.28,0.25,9.526,9.653,8.937,9.015,10.3,9.61,11.38,11.38,-0.002,-0.003,-0.003,0.0,0.01,-80.3064015,26.9209504,860.9
-10.3,3.7,0.0,0.02,-0.04,-0.04,0.19,-0.18,-0.08,-0.29,0.25,9.476,9.663,8.947,9.015,10.3,9.81,11.58,11.58,-0.002,-0.003,-0.003,0.0,0.01,-80.3064016,26.9209504,860.95
-10.2,3.7,0.0,0.02,-0.04,-0.06,-0.04,-0.16,-0.25,-0.28,0.24,9.486,9.653,8.986,9.055,10.2,9.71,11.58,11.48,-0.002,-0.003,-0.003,0.0,0.01,-80.3064016,26.9209504,861.0
-10.3,3.7,0.0,0.02,-0.04,-0.05,0.0,0.31,0.29,-0.28,0.25,9.486,9.643,8.937,8.986,10.3,9.81,11.48,11.67,-0.002,-0.003,-0.003,0.0,0.01,-80.3064016,26.9209504,861.05
-10.3,3.7,0.0,0.02,-0.03,-0.06,0.0,-0.13,0.07,-0.27,0.27,9.506,9.663,8.976,9.025,10.1,9.71,11.87,11.87,-0.002,-0.003,-0.003,0.0,0.01,-80.3064016,26.9209504,861.1
-10.3,3.7,0.0,0.02,-0.04,-0.03,-0.11,-0.49,0.44,-0.29,0.25,9.486,9.673,8.937,9.035,10.5,9.81,11.58,11.38,-0.002,-0.003,-0.003,0.0,0.01,-80.3064016,26.9209504,861.15
-10.3,3.7,0.0,0.02,-0.03,-0.07,0.35,0.21,0.08,-0.28,0.24,9.496,9.663,8.937,9.035,10.3,9.91,11.58,11.38,-0.002,-0.003,-0.003,0.0,0.01,-80.3064016,26.9209504,861.2
-10.3,3.7,0.0,0.02,-0.05,-0.04,0.04,0.28,-0.01,-0.29,0.27,9.506,9.653,8.947,9.045,10.5,9.81,11.77,11.58,-0.002,-0.003,-0.003,0.0,0.02,-80.3064016,26.9209504,861.25
-10.3,3.7,0.0,0.02,-0.03,-0.07,0.07,0.17,-0.09,-0.3,0.3,9.496,9.663,8.937,9.006,10.3,9.81,11.87,11.38,-0.002,-0.003,-0.003,0.0,0.02,-80.3064016,26.9209504,861.3
-10.3,3.7,0.0,0.02,-0.04,-0.04,-0.01,0.14,-0.18,-0.28,0.25,9.496,9.643,8.937,9.015,10.4,9.81,11.58,11.48,-0.002,-0.003,-0.003,0.0,0.02,-80.3064016,26.9209504,861.35
-10.3,3.7,0.0,0.02,-0.03,-0.04,-0.1,-0.19,-0.05,-0.29,0.25,9.506,9.643,8.947,9.035,10.59,9.91,11.67,11.58,-0.002,-0.003,-0.003,0.0,0.02,-80.3064016,26.9209504,861.4
-10.3,3.7,0.0,0.02,-0.04,-0.04,0.1,-0.08,-0.09,-0.28,0.26,9.506,9.663,8.966,9.035,10.3,9.52,11.67,11.67,-0.002,-0.003,-0.003,0.0,0.02,-80.3064016,26.9209504,861.45
-10.3,3.7,0.0,0.03,-0.03,-0.04,-0.04,-0.16,-0.04,-0.28,0.24,9.506,9.643,8.957,9.015,10.4,9.91,11.87,11.28,-0.002,-0.003,-0.003,0.0,0.02,-80.3064016,26.9209504,861.5
-10.4,3.7,0.0,0.03,-0.04,-0.06,0.37,-0.04,-0.01,-0.29,0.25,9.486,9.663,8.917,9.006,10.1,10.1,11.77,11.77,-0.002,-0.003,-0.003,0.0,0.02,-80.3064016,26.9209504,861.55
-10.3,3.7,0.0,0.03,-0.03,-0.04,-0.22,0.16,0.18,-0.28,0.25,9.506,9.682,8.966,9.015,10.5,9.61,11.77,11.28,-0.002,-0.003,-0.003,0.0,0.02,-80.3064016,26.9209504,861.6
-10.3,3.7,0.0,0.03,-0.04,-0.05,0.06,-0.06,-0.24,-0.28,0.24,9.496,9.663,8.937,9.035,10.4,10.01,11.77,11.38,-0.002,-0.003,-0.003,0.0,0.02,-80.3064016,26.9209504,861.65
-10.3,3.7,0.0,0.03,-0.04,-0.03,-0.11,-0.11,-0.25,-0.28,0.24,9.506,9.653,8.937,9.035,10.2,10.2,11.77,11.38,-0.002,-0.003,-0.003,0.0,0.02,-80.3064016,26.9209504,861.7
-10.3,3.7,0.0,0.03,-0.03,-0.05,0.12,-0.41,-0.16,-0.29,0.24,9.506,9.653,8.917,9.035,10.59,9.81,11.77,11.38,-0.002,-0.003,-0.003,0.0,0.02,-80.3064016,26.9209504,861.75
-10.3,3.7,0.0,0.03,-0.06,-0.04,0.13,0.19,-0.01,-0.28,0.25,9.516,9.643,8.947,9.015,10.4,9.71,11.77,11.28,-0.002,-0.003,-0.003,0.0,0.02,-80.3064016,26.9209504,861.8
-10.3,3.7,0.0,0.03,-0.03,-0.05,-0.04,-0.15,0.19,-0.29,0.25,9.496,9.663,8.966,9.015,10.4,9.81,11.77,11.18,-0.002,-0.003,-0.003,0.0,0.02,-80.3064016,26.9209504,861.85
-10.3,3.7,0.0,0.03,-0.03,-0.04,-0.03,0.2,-0.22,-0.28,0.24,9.476,9.653,8.976,9.015,10.4,9.52,11.67,11.38,-0.002,-0.003,-0.003,0.0,0.02,-80.3064016,26.9209504,861.9
-10.4,3.7,0.0,0.03,-0.05,-0.05,0.05,-0.15,-0.37,-0.29,0.24,9.506,9.663,8.917,9.006,10.2,9.81,11.67,11.58,-0.002,-0.003,-0.003,0.0,0.02,-80.3064016,26.9209504,861.95
-10.3,3.7,0.0,0.03,-0.04,-0.05,0.03,0.08,-0.07,-0.28,0.24,9.506,9.673,8.947,9.025,10.2,9.91,11.77,11.28,-0.002,-0.003,-0.003,0.0,0.02,-80.3064016,26.9209504,862.0
-10.3,3.7,0.0,0.03,-0.04,-0.05,-0.05,-0.01,0.0,-0.28,0.24,9.496,9.643,8.947,8.996,10.5,9.91,11.77,11.38,-0.002,-0.003,-0.003,0.0,0.02,-80.3064016,26.9209504,862.05
-10.3,3.7,0.0,0.03,-0.04,-0.05,0.19,-0.21,-0.03,-0.29,0.24,9.516,9.633,8.966,9.025,10.5,9.71,11.58,11.58,-0.002,-0.003,-0.003,0.0,0.02,-80.3064016,26.9209504,862.1
-10.3,3.7,0.0,0.04,-0.05,-0.05,0.04,0.02,0.15,-0.28,0.25,9.506,9.682,8.927,9.006,10.59,9.71,11.58,11.28,-0.002,-0.003,-0.003,0.0,0.02,-80.3064016,26.9209504,862.15
-10.3,3.7,0.0,0.04,-0.04,-0.06,-0.03,0.39,-0.33,-0.28,0.24,9.516,9.663,8.917,9.006,10.3,9.81,11.67,11.38,-0.002,-0.003,-0.003,0.0,0.03,-80.3064016,26.9209504,862.2
-10.3,3.7,0.0,0.04,-0.03,-0.05,-0.05,-0.01,0.17,-0.3,0.24,9.486,9.663,8.937,9.045,10.3,9.71,11.67,11.58,-0.002,-0.003,-0.003,0.0,0.03,-80.3064016,26.9209504,862.25
-10.3,3.7,0.0,0.04,-0.04,-0.04,-0.09,0.18,-0.34,-0.28,0.24,9.516,9.673,8.957,9.035,10.4,9.91,11.97,11.28,-0.002,-0.003,-0.003,0.0,0.03,-80.3064016,26.9209504,862.3
-10.3,3.7,0.0,0.04,-0.04,-0.06,-0.11,0.16,0.31,-0.27,0.23,9.506,9.653,8.917,9.006,10.4,9.61,11.67,11.58,-0.002,-0.003,-0.003,0.0,0.03,-80.3064016,26.9209504,862.35
-10.3,3.7,0.0,0.04,-0.04,-0.04,0.03,-0.19,0.05,-0.3,0.24,9.506,9.682,8.976,9.055,10.4,9.71,11.77,11.58,-0.002,-0.003,-0.003,0.0,0.03,-80.3064016,26.9209504,862.4
-10.3,3.7,0.0,0.04,-0.03,-0.06,0.37,-0.57,0.14,-0.3,0.24,9.486,9.673,8.986,9.035,10.69,10.01,11.58,11.48,-0.002,-0.003,-0.003,0.0,0.03,-80.3064016,26.9209504,862.45
-10.3,3.7,0.0,0.04,-0.04,-0.02,-0.17,0.27,0.07,-0.28,0.24,9.506,9.673,8.937,9.035,10.2,9.61,11.77,11.28,-0.002,-0.003,-0.003,0.0,0.03,-80.3064016,26.9209504,862.5
-10.4,3.7,0.0,0.04,-0.02,-0.06,-0.06,0.02,0.32,-0.29,0.25,9.506,9.653,8.927,9.015,10.4,9.91,11.58,11.67,-0.002,-0.003,-0.003,0.0,0.03,-80.3064016,26.9209504,862.55
-10.3,3.7,0.0,0.04,-0.04,-0.05,-0.09,-0.19,0.0,-0.3,0.24,9.506,9.663,8.957,9.025,10.3,9.52,11.77,11.09,-0.002,-0.003,-0.003,0.0,0.03,-80.3064016,26.9209504,862.6
-10.3,3.7,0.0,0.04,-0.05,-0.04,0.24,-0.0,0.19,-0.29,0.25,9.486,9.673,8.966,9.035,10.01,9.61,11.58,11.48,-0.002,-0.003,-0.003,0.0,0.03,-80.3064016,26.9209504,862.65
-10.3,3.7,0.0,0.04,-0.03,-0.06,-0.08,0.17,-0.03,-0.29,0.23,9.506,9.653,8.947,9.035,10.3,9.81,11.77,11.58,-0.002,-0.003,-0.003,0.0,0.03,-80.3064016,26.9209504,862.7
-10.3,3.7,0.0,0.04,-0.05,-0.03,0.11,0.1,-0.36,-0.28,0.24,9.496,9.692,8.937,9.035,10.59,9.81,11.77,11.09,-0.002,-0.003,-0.003,0.0,0.03,-80.3064016,26.9209504,862.75
-10.3,3.7,0.0,0.04,-0.03,-0.06,0.19,0.41,-0.17,-0.28,0.24,9.476,9.682,8.957,9.035,10.2,9.71,11.58,11.38,-0.002,-0.003,-0.003,0.0,0.03,-80.3064016,26.9209504,862.8
-10.3,3.7,0.0,0.05,-0.05,-0.05,0.2,0.14,-0.24,-0.28,0.25,9.476,9.643,8.927,9.025,10.3,9.71,11.77,11.28,-0.002,-0.003,-0.003,0.0,0.03,-80.3064016,26.9209504,862.85
-10.3,3.7,0.0,0.05,-0.03,-0.04,-0.23,-0.01,-0.21,-0.28,0.23,9.486,9.653,8.947,9.006,10.4,9.71,11.77,11.38,-0.002,-0.003,-0.003,0.0,0.03,-80.3064016,26.9209504,862.9
-10.3,3.7,0.0,0.05,-0.03,-0.05,0.28,0.32,-0.03,-0.28,0.24,9.476,9.692,8.947,9.006,10.3,10.01,11.48,11.48,-0.002,-0.003,-0.003,0.0,0.03,-80.3064016,26.9209504,862.95
-10.4,3.7,0.0,0.05,-0.04,-0.06,0.2,0.01,0.48,-0.28,0.25,9.486,9.653,8.927,9.006,10.3,9.81,11.58,11.48,-0.002,-0.003,-0.003,0.0,0.03,-80.3064016,26.9209504,863.0
-10.4,3.7,0.0,0.05,-0.03,-0.05,-0.07,0.13,-0.15,-0.29,0.26,9.516,9.673,8.927,9.015,10.3,9.81,11.58,11.38,-0.002,-0.003,-0.003,0.0,0.03,-80.3064016,26.9209504,863.05
-10.3,3.7,0.0,0.05,-0.04,-0.04,0.04,0.16,-0.01,-0.28,0.25,9.496,9.663,8.957,9.015,10.1,9.91,11.77,11.28,-0.002,-0.003,-0.003,0.0,0.04,-80.3064016,26.9209504,863.1
-10.3,3.7,0.0,0.05,-0.02,-0.06,-0.26,0.27,-0.06,-0.28,0.27,9.496,9.663,8.937,9.006,10.5,9.81,11.87,11.38,-0.002,-0.003,-0.003,0.0,0.03,-80.3064016,26.9209504,863.15
-10.3,3.7,0.0,0.05,-0.05,-0.03,-0.01,-0.29,-0.19,-0.27,0.26,9.496,9.673,8.947,9.006,10.1,9.61,11.58,11.48,-0.002,-0.003,-0.003,0.0,0.04,-80.3064016,26.9209504,863.2
-10.3,3.7,0.0,0.05,-0.02,-0.06,-0.11,0.12,0.33,-0.28,0.25,9.516,9.633,8.907,8.986,10.5,9.81,11.77,11.28,-0.002,-0.003,-0.003,0.0,0.04,-80.3064016,26.9209504,863.25
-10.3,3.7,0.0,0.05,-0.05,-0.04,-0.07,0.04,-0.23,-0.28,0.25,9.496,9.653,8.957,8.996,10.2,9.81,11.48,11.58,-0.002,-0.003,-0.003,0.0,0.04,-80.3064016,26.9209504,863.3
-10.3,3.7,0.0,0.05,-0.03,-0.06,0.27,-0.18,0.29,-0.29,0.25,9.496,9.682,8.917,9.015,10.3,9.81,11.38,11.18,-0.002,-0.003,-0.003,0.0,0.04,-80.3064016,26.9209504,863.35
-10.3,3.7,0.0,0.05,-0.05,-0.04,0.02,0.03,0.02,-0.27,0.24,9.516,9.653,8.966,9.025,10.4,9.61,11.77,11.48,-0.002,-0.003,-0.003,0.0,0.04,-80.3064016,26.9209504,863.4
-10.3,3.7,0.0,0.05,-0.05,-0.05,-0.09,0.2,-0.14,-0.26,0.23,9.496,9.663,8.937,9.035,10.3,9.71,11.77,11.77,-0.002,-0.003,-0.003,0.0,0.04,-80.3064016,26.9209504,863.45
-10.3,3.7,0.0,0.06,-0.04,-0.04,-0.06,0.08,-0.16,-0.28,0.25,9.506,9.692,8.986,9.025,10.3,9.71,11.48,11.18,-0.002,-0.003,-0.003,0.0,0.04,-80.3064016,26.9209504,863.5
-10.4,3.7,0.0,0.06,-0.04,-0.06,0.25,0.03,-0.26,-0.28,0.26,9.496,9.682,8.917,8.986,10.4,9.81,11.67,11.38,-0.002,-0.003,-0.003,0.0,0.04,-80.3064016,26.9209504,863.55
-10.3,3.7,0.0,0.06,-0.04,-0.04,-0.0,0.05,0.22,-0.28,0.25,9.476,9.663,8.976,9.035,10.1,9.71,11.58,11.28,-0.002,-0.003,-0.003,0.0,0.04,-80.3064016,26.9209504,863.6
-10.3,3.7,0.0,0.06,-0.03,-0.05,-0.28,0.49,0.2,-0.28,0.25,9.506,9.653,8.966,9.064,10.1,9.52,11.38,11.38,-0.002,-0.003,-0.003,0.0,0.04,-80.3064016,26.9209504,863.65
-10.3,3.7,0.0,0.06,-0.04,-0.04,0.1,-0.08,0.02,-0.28,0.25,9.496,9.653,8.996,9.035,10.4,9.81,11.67,11.38,-0.002,-0.003,-0.003,0.0,0.04,-80.3064016,26.9209504,863.7
-10.3,3.7,0.0,0.06,-0.05,-0.03,0.09,-0.2,-0.05,-0.29,0.25,9.496,9.643,8.966,9.025,10.2,9.71,11.77,11.48,-0.002,-0.003,-0.003,0.0,0.04,-80.3064016,26.9209504,863.75
-10.3,3.7,0.0,0.06,-0.03,-0.05,0.04,-0.27,-0.05,-0.29,0.25,9.506,9.653,8.966,9.006,10.1,9.71,11.77,11.38,-0.002,-0.003,-0.003,0.0,0.04,-80.3064016,26.9209504,863.8
-10.3,3.7,0.0,0.06,-0.06,-0.05,0.17,-0.09,0.08,-0.28,0.25,9.506,9.673,8.966,9.055,10.4,10.1,11.67,11.48,-0.002,-0.003,-0.003,0.0,0.04,-80.3064016,26.9209503,863.85
-10.3,3.7,0.0,0.06,-0.03,-0.06,-0.06,0.03,-0.21,-0.28,0.26,9.535,9.633,8.927,8.996,10.2,9.61,11.58,11.38,-0.002,-0.003,-0.003,0.0,0.04,-80.3064016,26.9209503,863.9
-10.3,3.7,0.0,0.06,-0.05,-0.05,-0.14,-0.09,-0.21,-0.26,0.28,9.535,9.643,8.898,9.006,10.1,9.81,11.58,11.38,-0.002,-0.003,-0.003,0.0,0.04,-80.3064016,26.9209503,863.95
-10.3,3.7,0.0,0.06,-0.02,-0.07,-0.17,-0.14,0.1,-0.29,0.25,9.506,9.663,8.868,8.996,10.2,9.52,11.58,11.28,-0.002,-0.003,-0.003,0.0,0.04,-80.3064016,26.9209503,864.0
-10.4,3.7,0.0,0.06,-0.04,-0.06,0.23,0.15,-0.09,-0.28,0.24,9.486,9.692,8.868,8.986,10.5,9.71,12.07,11.67,-0.002,-0.003,-0.003,0.0,0.04,-80.3064016,26.9209503,864.05
-10.4,3.7,0.0,0.06,-0.05,-0.05,-0.17,0.04,0.26,-0.27,0.25,9.486,9.682,8.878,8.986,10.2,10.01,11.58,11.77,-0.002,-0.003,-0.003,0.0,0.04,-80.3064016,26.9209503,864.1
-10.3,3.7,0.0,0.06,-0.03,-0.06,0.02,-0.1,-0.37,-0.29,0.24,9.476,9.653,8.937,8.996,10.4,9.81,11.97,11.38,-0.002,-0.003,-0.003,0.0,0.05,-80.3064016,26.9209503,864.15
-10.3,3.7,0.0,0.06,-0.05,-0.04,0.25,0.14,0.15,-0.3,0.25,9.486,9.673,8.937,9.035,10.5,9.91,11.38,11.38,-0.002,-0.003,-0.003,0.0,0.05,-80.3064016,26.9209503,864.2
-10.3,3.7,0.0,0.06,-0.03,-0.06,0.13,0.23,-0.05,-0.28,0.25,9.476,9.673,8.937,9.015,10.3,9.61,11.77,11.58,-0.002,-0.003,-0.003,0.0,0.05,-80.3064016,26.9209503,864.25
-10.3,3.7,0.0,0.07,-0.04,-0.05,-0.21,0.12,-0.26,-0.28,0.24,9.506,9.643,8.957,9.006,10.4,9.81,11.58,11.38,-0.002,-0.003,-0.003,0.0,0.05,-80.3064016,26.9209503,864.3
-10.3,3.7,0.0,0.07,-0.04,-0.05,-0.11,-0.13,-0.02,-0.29,0.25,9.526,9.663,8.937,9.015,10.3,9.61,11.58,11.28,-0.002,-0.003,-0.003,0.0,0.05,-80.3064016,26.9209503,864.35
-10.3,3.7,0.0,-0.0,-0.03,-0.06,-0.2,0.04,0.23,-0.28,0.25,9.516,9.653,8.917,8.996,10.1,9.91,11.58,11.48,-0.002,-0.003,-0.003,0.0,0.0,-80.3064016,26.9209503,864.4
-10.3,3.7,0.0,0.0,-0.05,-0.06,0.07,-0.28,-0.26,-0.29,0.25,9.516,9.653,8.927,9.015,10.4,9.81,11.67,11.38,-0.002,-0.003,-0.003,0.0,-0.0,-80.3064016,26.9209503,864.45
-10.3,3.7,0.0,0.0,-0.03,-0.06,0.12,-0.25,0.03,-0.29,0.25,9.486,9.653,8.937,9.015,10.59,9.61,11.77,11.28,-0.002,-0.003,-0.003,0.0,0.0,-80.3064016,26.9209503,864.5
-10.4,3.7,0.0,0.0,-0.05,-0.05,0.24,-0.04,-0.02,-0.29,0.25,9.516,9.663,8.937,9.006,10.4,9.61,11.87,11.18,-0.002,-0.003,-0.003,0.0,-0.0,-80.3064016,26.9209503,864.55
-10.3,3.7,0.0,0.0,-0.04,-0.05,-0.09,0.18,-0.13,-0.28,0.24,9.496,9.692,8.957,9.035,10.5,9.61,11.58,11.28,-0.002,-0.003,-0.003,0.0,-0.0,-80.3064016,26.9209503,864.6
-10.3,3.7,0.0,0.0,-0.04,-0.05,0.03,0.04,-0.01,-0.29,0.25,9.496,9.673,8.937,9.035,10.3,9.91,11.67,11.38,-0.002,-0.003,-0.003,0.0,-0.0,-80.3064016,26.9209503,864.65
-10.3,3.7,0.0,0.0,-0.04,-0.04,0.05,0.19,0.09,-0.28,0.25,9.506,9.682,8.937,9.035,10.2,9.81,11.38,11.38,-0.002,-0.003,-0.003,0.0,-0.0,-80.3064016,26.9209504,864.7
-10.3,3.7,0.0,0.0,-0.04,-0.04,-0.23,-0.03,-0.08,-0.28,0.26,9.496,9.643,8.947,9.015,10.69,9.71,11.58,11.28,-0.002,-0.003,-0.003,0.0,-0.0,-80.3064016,26.9209504,864.75
-10.3,3.7,0.0,0.0,-0.04,-0.05,0.13,-0.14,-0.17,-0.28,0.25,9.496,9.673,8.937,9.006,10.4,9.91,11.58,11.38,-0.002,-0.003,-0.003,0.0,0.0,-80.3064015,26.9209504,864.8
-10.3,3.7,0.0,0.0,-0.05,-0.04,-0.12,-0.06,-0.32,-0.27,0.25,9.506,9.663,8.976,9.035,10.3,9.91,11.58,11.28,-0.002,-0.003,-0.003,0.0,0.0,-80.3064015,26.9209504,864.85
-10.3,3.7,0.0,-0.0,-0.04,-0.06,0.08,-0.02,-0.43,-0.28,0.24,9.516,9.653,8.927,9.025,10.4,9.81,11.77,11.09,-0.002,-0.003,-0.003,0.0,0.0,-80.3064015,26.9209504,864.9
-10.3,3.7,0.0,0.0,-0.05,-0.03,0.13,-0.18,-0.12,-0.28,0.24,9.506,9.653,8.966,9.015,10.3,9.91,11.67,11.09,-0.002,-0.003,-0.003,0.0,0.0,-80.3064015,26.9209504,864.95
-10.3,3.7,0.0,0.0,-0.03,-0.06,-0.1,0.07,0.07,-0.28,0.25,9.486,9.653,8.966,9.025,10.5,9.91,11.87,11.48,-0.002,-0.003,-0.003,0.0,0.0,-80.3064015,26.9209504,865.0
-10.3,3.7,0.0,0.0,-0.04,-0.06,-0.01,0.11,-0.13,-0.27,0.24,9.486,9.673,8.927,9.035,10.1,9.52,11.67,11.18,-0.002,-0.003,-0.003,0.0,0.0,-80.3064015,26.9209504,865.05
-10.3,3.7,0.0,0.0,-0.04,-0.05,-0.06,-0.22,-0.1,-0.28,0.26,9.506,9.692,8.957,9.006,10.1,9.71,11.87,11.28,-0.002,-0.003,-0.003,0.0,0.0,-80.3064015,26.9209504,865.1
-10.4,3.7,0.0,0.0,-0.03,-0.06,0.33,0.01,0.11,-0.28,0.24,9.506,9.673,8.888,8.996,10.3,10.01,11.67,11.38,-0.002,-0.003,-0.003,0.0,0.0,-80.3064015,26.9209504,865.15
-10.4,3.7,0.0,0.0,-0.05,-0.03,0.32,-0.29,0.28,-0.28,0.25,9.486,9.673,8.907,8.976,10.3,9.91,11.77,11.48,-0.002,-0.003,-0.003,0.0,0.0,-80.3064015,26.9209504,865.2
-10.3,3.7,0.0,0.0,-0.02,-0.07,0.21,-0.01,-0.17,-0.28,0.24,9.506,9.653,8.917,9.015,10.01,9.61,11.58,11.67,-0.002,-0.003,-0.003,0.0,0.0,-80.3064015,26.9209504,865.25
-10.3,3.7,0.0,0.0,-0.05,-0.02,-0.18,0.13,-0.2,-0.28,0.26,9.476,9.663,8.937,9.035,10.3,9.91,11.77,11.67,-0.002,-0.003,-0.003,0.0,0.0,-80.3064015,26.9209504,865.3
-10.3,3.7,0.0,0.0,-0.03,-0.05,-0.02,0.05,-0.04,-0.29,0.24,9.496,9.673,8.937,9.015,10.2,9.61,11.38,11.18,-0.002,-0.003,-0.003,0.0,-0.0,-80.3064015,26.9209504,865.35
-10.3,3.7,0.0,0.0,-0.04,-0.04,-0.09,-0.18,0.39,-0.28,0.25,9.506,9.673,8.947,9.025,10.3,9.71,11.77,11.67,-0.002,-0.003,-0.003,0.0,0.0,-80.3064015,26.9209504,865.4
-10.3,3.7,0.0,0.0,-0.04,-0.05,-0.05,-0.04,0.03,-0.28,0.25,9.486,9.692,8.966,9.035,10.59,9.52,11.77,11.09,-0.002,-0.003,-0.003,0.0,0.0,-80.3064015,26.9209504,865.45
-10.3,3.7,0.0,0.0,-0.04,-0.05,0.0,-0.06,0.01,-0.29,0.25,9.526,9.663,8.947,9.006,10.3,9.71,11.58,11.58,-0.002,-0.003,-0.003,0.0,0.0,-80.3064015,26.9209504,865.5
-10.4,3.7,0.0,0.0,-0.05,-0.05,0.21,-0.18,0.07,-0.28,0.25,9.467,9.663,8.937,9.015,10.01,9.81,11.77,11.18,-0.002,-0.003,-0.003,0.0,0.0,-80.3064015,26.9209504,865.55
-10.3,3.7,0.0,0.0,-0.05,-0.05,0.19,0.23,-0.1,-0.28,0.26,9.486,9.663,8.937,9.025,10.4,9.71,11.87,11.67,-0.002,-0.003,-0.003,0.0,0.0,-80.3064015,26.9209504,865.6
-10.3,3.7,0.0,0.01,-0.02,-0.05,-0.23,-0.31,0.3,-0.29,0.25,9.506,9.653,8.937,9.015,10.3,10.1,11.58,11.58,-0.002,-0.003,-0.003,0.0,0.0,-80.3064015,26.9209504,865.65
-10.3,3.7,0.0,0.01,-0.04,-0.04,-0.17,0.04,-0.12,-0.29,0.26,9.516,9.673,8.917,9.035,10.1,9.91,11.97,11.28,-0.002,-0.003,-0.003,0.0,0.0,-80.3064015,26.9209504,865.7
-10.3,3.7,0.0,0.01,-0.03,-0.05,-0.02,-0.03,-0.15,-0.28,0.24,9.486,9.663,8.966,9.015,10.4,10.01,11.77,11.38,-0.002,-0.003,-0.003,0.0,0.0,-80.3064015,26.9209504,865.75
-10.3,3.7,0.0,0.01,-0.04,-0.06,0.02,0.1,-0.25,-0.28,0.24,9.496,9.663,8.937,9.025,10.5,9.61,11.77,11.38,-0.002,-0.003,-0.003,0.0,-0.0,-80.3064015,26.9209504,865.8
-10.3,3.7,0.0,0.01,-0.05,-0.03,0.11,-0.48,-0.13,-0.3,0.24,9.486,9.682,8.966,9.035,10.1,9.71,11.67,11.48,-0.002,-0.003,-0.003,0.0,0.0,-80.3064015,26.9209504,865.85
-10.3,3.7,0.0,0.01,-0.03,-0.05,-0.12,0.02,0.12,-0.29,0.26,9.506,9.663,8.957,9.035,10.5,9.91,11.67,11.77,-0.002,-0.003,-0.003,0.0,-0.0,-80.3064014,26.9209504,865.9
-10.3,3.7,0.0,0.01,-0.04,-0.04,0.08,-0.13,0.01,-0.3,0.25,9.496,9.643,8.937,9.015,10.3,9.61,11.67,11.58,-0.002,-0.003,-0.003,0.0,-0.0,-80.3064014,26.9209504,865.95
-10.3,3.7,0.0,0.01,-0.03,-0.04,-0.43,-0.11,0.42,-0.29,0.25,9.496,9.673,8.966,9.015,10.1,9.81,11.77,11.48,-0.002,-0.003,-0.003,0.0,-0.0,-80.3064014,26.9209504,866.0
-10.3,3.7,0.0,0.01,-0.04,-0.05,0.04,-0.04,-0.04,-0.29,0.25,9.486,9.673,8.927,9.015,10.4,9.91,11.77,11.28,-0.002,-0.003,-0.003,0.0,0.0,-80.3064014,26.9209504,866.05
-10.3,3.7,0.0,0.01,-0.04,-0.04,0.14,0.15,0.08,-0.3,0.25,9.476,9.653,8.976,9.035,10.4,9.81,11.77,11.58,-0.002,-0.003,-0.003,0.0,0.0,-80.3064014,26.9209504,866.1
-10.3,3.7,0.0,0.01,-0.03,-0.03,-0.01,-0.03,0.2,-0.3,0.23,9.496,9.663,8.957,9.035,10.59,9.81,11.77,11.38,-0.002,-0.003,-0.003,0.0,0.0,-80.3064014,26.9209504,866.15
-10.3,3.7,0.0,0.01,-0.03,-0.06,-0.11,0.2,-0.0,-0.3,0.26,9.486,9.663,8.966,9.025,10.1,9.81,11.58,11.18,-0.002,-0.003,-0.003,0.0,-0.0,-80.3064014,26.9209504,866.2
-10.4,3.7,0.0,0.01,-0.05,-0.05,0.09,0.08,-0.33,-0.28,0.24,9.506,9.673,8.907,9.015,10.3,9.81,11.87,11.58,-0.002,-0.003,-0.003,0.0,0.0,-80.3064014,26.9209504,866.25
-10.3,3.7,0.0,0.01,-0.04,-0.04,0.17,0.17,0.14,-0.28,0.25,9.467,9.682,8.947,9.006,10.59,9.91,11.77,11.58,-0.002,-0.003,-0.003,0.0,0.0,-80.3064014,26.9209504,866.3
-10.3,3.7,0.0,0.01,-0.03,-0.05,0.04,-0.11,0.06,-0.29,0.25,9.506,9.673,8.937,9.045,10.2,9.61,11.38,11.48,-0.002,-0.003,-0.003,0.0,0.0,-80.3064014,26.9209504,866.35
-10.3,3.7,0.0,0.01,-0.05,-0.05,0.41,-0.02,-0.06,-0.29,0.26,9.496,9.673,8.947,9.025,10.4,10.1,11.87,11.48,-0.002,-0.003,-0.003,0.0,0.0,-80.3064014,26.9209504,866.4
-10.3,3.7,0.0,0.01,-0.05,-0.05,0.36,0.1,0.14,-0.28,0.25,9.506,9.624,8.947,9.045,10.2,9.81,11.87,11.58,-0.002,-0.003,-0.003,0.0,0.0,-80.3064014,26.9209504,866.45
-10.3,3.7,0.0,0.01,-0.03,-0.04,-0.16,-0.1,-0.06,-0.28,0.26,9.476,9.673,8.966,9.035,10.5,10.2,11.58,11.58,-0.002,-0.003,-0.003,0.0,0.0,-80.3064014,26.9209505,866.5
-10.4,3.7,0.0,0.01,-0.03,-0.05,-0.2,0.07,-0.12,-0.28,0.24,9.496,9.653,8.917,9.006,10.3,9.81,11.58,11.48,-0.002,-0.003,-0.003,0.0,0.0,-80.3064014,26.9209505,866.55
-10.3,3.7,0.0,0.01,-0.05,-0.03,0.05,-0.16,-0.25,-0.28,0.24,9.506,9.692,8.957,9.006,10.3,9.71,11.77,11.28,-0.002,-0.003,-0.003,0.0,0.0,-80.3064014,26.9209505,866.6
-10.3,3.7,0.0,0.01,-0.03,-0.05,-0.24,-0.37,-0.13,-0.28,0.26,9.506,9.682,8.947,9.006,10.5,9.81,11.58,11.58,-0.002,-0.003,-0.003,0.0,0.0,-80.3064014,26.9209505,866.65
-10.3,3.7,0.0,0.01,-0.06,-0.03,-0.04,0.21,-0.34,-0.28,0.24,9.526,9.663,8.927,9.015,10.59,9.71,11.77,11.38,-0.002,-0.003,-0.003,0.0,0.0,-80.3064014,26.9209505,866.7
-10.3,3.7,0.0,0.01,-0.02,-0.06,-0.36,-0.05,0.04,-0.3,0.25,9.496,9.653,8.986,9.035,10.2,9.91,11.58,11.38,-0.002,-0.003,-0.003,0.0,0.0,-80.3064014,26.9209505,866.75
-10.3,3.7,0.0,0.01,-0.05,-0.03,0.28,-0.14,0.08,-0.28,0.25,9.506,9.673,8.937,8.996,10.5,9.81,11.87,11.48,-0.002,-0.003,-0.003,0.0,0.0,-80.3064014,26.9209505,866.8
-10.3,3.7,0.0,0.01,-0.03,-0.07,0.04,0.16,-0.01,-0.28,0.25,9.506,9.653,8.937,9.035,10.3,9.61,12.07,11.28,-0.002,-0.003,-0.003,0.0,0.0,-80.3064014,26.9209505,866.85
-10.3,3.7,0.0,0.01,-0.03,-0.03,-0.35,0.09,0.03,-0.28,0.25,9.496,9.663,8.986,9.035,10.4,9.81,11.77,11.38,-0.002,-0.003,-0.003,0.0,0.0,-80.3064014,26.9209505,866.9
-10.3,3.7,0.0,0.01,-0.03,-0.05,-0.11,0.08,0.15,-0.29,0.26,9.506,9.663,8.937,9.015,10.5,9.91,11.58,11.58,-0.002,-0.003,-0.003,0.0,0.0,-80.3064014,26.9209505,866.95
-10.3,3.7,0.0,0.01,-0.04,-0.04,0.15,-0.21,-0.07,-0.28,0.23,9.476,9.673,8.957,9.035,10.5,9.81,11.58,11.28,-0.002,-0.003,-0.003,0.0,0.0,-80.3064014,26.9209505,867.0
-10.3,3.7,0.0,0.01,-0.05,-0.06,0.51,0.01,0.15,-0.28,0.25,9.516,9.653,8.947,9.015,10.3,9.81,12.07,11.77,-0.002,-0.003,-0.003,0.0,0.0,-80.3064014,26.9209505,867.05
-10.3,3.7,0.0,0.01,-0.04,-0.04,0.19,-0.28,0.13,-0.28,0.25,9.476,9.673,8.976,9.025,10.59,9.71,11.77,11.28,-0.002,-0.003,-0.003,0.0,0.0,-80.3064014,26.9209505,867.1
-10.3,3.7,0.0,0.01,-0.04,-0.04,-0.04,-0.57,-0.4,-0.29,0.24,9.496,9.653,8.947,9.015,10.4,10.01,11.97,11.28,-0.002,-0.003,-0.003,0.0,0.0,-80.3064014,26.9209505,867.15
-10.3,3.7,0.0,0.01,-0.03,-0.05,0.17,0.17,0.19,-0.28,0.25,9.516,9.663,8.927,9.006,10.2,9.81,11.67,11.38,-0.002,-0.003,-0.003,0.0,0.0,-80.3064014,26.9209505,867.2
-10.3,3.7,0.0,0.01,-0.05,-0.06,-0.01,0.06,-0.29,-0.28,0.24,9.496,9.673,8.927,9.015,10.2,9.81,11.58,11.77,-0.002,-0.003,-0.003,0.0,0.0,-80.3064014,26.9209505,867.25
-10.4,3.7,0.0,0.01,-0.03,-0.05,-0.01,0.08,-0.14,-0.28,0.24,9.496,9.682,8.898,8.996,10.2,9.71,11.67,11.58,-0.002,-0.003,-0.003,0.0,0.0,-80.3064014,26.9209505,867.3
-10.3,3.7,0.0,0.01,-0.03,-0.06,-0.05,-0.0,0.09,-0.28,0.25,9.516,9.653,8.937,9.006,10.4,9.71,11.87,11.38,-0.002,-0.003,-0.003,0.0,0.0,-80.3064014,26.9209505,867.35
-10.3,3.7,0.0,0.01,-0.04,-0.04,-0.33,0.24,-0.02,-0.27,0.23,9.516,9.653,8.927,9.015,10.3,9.71,11.58,11.09,-0.002,-0.003,-0.003,0.0,0.0,-80.3064014,26.9209505,867.4
-10.3,3.7,0.0,0.02,-0.03,-0.06,0.08,-0.18,0.1,-0.28,0.25,9.506,9.663,8.947,9.025,10.69,9.71,11.48,11.28,-0.002,-0.003,-0.003,0.0,0.0,-80.3064014,26.9209505,867.45
-10.3,3.7,0.0,0.02,-0.07,-0.02,0.05,-0.09,0.0,-0.28,0.24,9.506,9.682,8.957,8.996,10.3,9.81,11.58,11.67,-0.002,-0.003,-0.003,0.0,0.0,-80.3064014,26.9209505,867.5
-10.4,3.7,0.0,0.01,-0.04,-0.04,0.02,-0.03,-0.32,-0.28,0.24,9.506,9.673,8.917,9.006,10.59,10.01,11.77,11.58,-0.002,-0.003,-0.003,0.0,0.0,-80.3064014,26.9209505,867.55
-10.3,3.7,0.0,0.02,-0.02,-0.05,-0.05,0.02,0.32,-0.28,0.26,9.496,9.653,8.937,9.035,10.4,9.71,11.48,11.28,-0.002,-0.003,-0.003,0.0,0.0,-80.3064014,26.9209505,867.6
-10.3,3.7,0.0,0.02,-0.04,-0.04,-0.06,-0.21,0.02,-0.28,0.24,9.486,9.653,8.957,9.015,10.2,9.71,11.87,11.38,-0.002,-0.003,-0.003,0.0,-0.0,-80.3064014,26.9209505,867.65
-10.3,3.7,0.0,0.02,-0.03,-0.07,-0.08,0.07,-0.01,-0.28,0.25,9.486,9.653,8.927,9.035,10.3,9.81,11.77,11.38,-0.002,-0.003,-0.003,0.0,0.0,-80.3064014,26.9209505,867.7
-10.3,3.7,0.0,0.02,-0.05,-0.02,-0.41,-0.04,-0.11,-0.28,0.25,9.476,9.673,8.966,9.025,10.3,9.71,11.77,11.09,-0.002,-0.003,-0.003,0.0,0.0,-80.3064014,26.9209505,867.75
-10.3,3.7,0.0,0.02,-0.03,-0.05,-0.23,-0.02,0.13,-0.29,0.25,9.516,9.653,8.957,9.006,10.3,9.81,11.38,11.58,-0.002,-0.003,-0.003,0.0,0.0,-80.3064014,26.9209505,867.8
-10.3,3.7,0.0,0.02,-0.04,-0.04,0.07,0.37,-0.29,-0.29,0.25,9.516,9.653,8.947,9.045,10.2,9.52,11.58,11.58,-0.002,-0.003,-0.003,0.0,0.0,-80.3064014,26.9209505,867.85
-10.3,3.7,0.0,0.02,-0.02,-0.08,0.09,0.16,0.16,-0.29,0.26,9.486,9.673,8.947,9.015,10.3,9.61,11.28,11.18,-0.002,-0.003,-0.003,0.0,0.0,-80.3064014,26.9209505,867.9
-10.3,3.7,0.0,0.02,-0.08,0.0,0.08,0.16,0.03,-0.29,0.25,9.496,9.663,8.937,9.035,10.5,9.91,11.67,11.28,-0.002,-0.003,-0.003,0.0,0.0,-80.3064014,26.9209505,867.95
