handwheelAngle,throttle,brake,vxCG,axCG,ayCG,yawRate,rollRate,pitchRate,rollAngle,pitchAngle,chassisAccelFL,chassisAccelFR,chassisAccelRL,chassisAccelRR,wheelAccelFL,wheelAccelFR,wheelAccelRL,wheelAccelRR,deflectionFL,deflectionFR,deflectionRR,sideSlip,vyCG,longitude,latitude,time
-2.0,1.0,0.0,0.0,0.2,-0.19,-0.14,0.29,0.22,-1.0,0.4,9.535,9.702,9.722,9.771,10.01,9.71,9.61,10.1,-0.001,0.001,-0.004,0.0,-0.0,,,0.0
-2.0,1.0,0.0,0.0,-0.11,0.19,-0.23,-0.09,-0.09,-1.0,0.4,9.535,9.722,9.702,9.79,10.2,9.81,9.71,9.71,-0.001,0.001,-0.004,0.0,-0.0,,,0.05
-2.0,1.0,0.0,-0.0,-0.04,0.1,0.12,-0.25,-0.03,-1.0,0.4,9.535,9.692,9.741,9.79,10.1,9.71,9.71,10.01,-0.001,0.001,-0.004,0.0,0.0,,,0.1
-2.0,1.0,0.0,-0.0,-0.07,0.13,0.23,-0.31,0.19,-1.0,0.4,9.565,9.722,9.732,9.79,9.91,9.81,9.61,10.1,-0.001,0.001,-0.004,0.0,0.0,,,0.15
-2.0,1.0,0.0,-0.0,-0.04,0.08,-0.08,0.07,0.03,-1.0,0.4,9.516,9.702,9.682,9.741,10.2,10.01,9.61,9.91,-0.001,0.001,-0.004,0.0,0.0,,,0.2
-2.0,1.0,0.0,-0.0,-0.06,0.13,-0.06,0.2,-0.11,-1.0,0.4,9.555,9.692,9.751,9.79,10.2,9.71,9.91,10.01,-0.001,0.001,-0.004,0.0,0.0,,,0.25
-2.0,1.0,0.0,-0.0,-0.05,0.13,0.21,-0.17,-0.03,-1.0,0.4,9.565,9.722,9.722,9.79,10.01,9.91,9.81,10.01,-0.001,0.001,-0.004,0.0,0.0,,,0.3
-2.0,1.0,0.0,-0.0,-0.06,0.11,0.3,-0.19,-0.02,-1.0,0.4,9.516,9.722,9.741,9.771,10.2,9.91,9.91,9.91,-0.001,0.001,-0.004,0.0,0.0,,,0.35
-2.0,1.0,0.0,-0.0,-0.06,0.12,0.34,-0.4,0.06,-1.0,0.4,9.526,9.712,9.741,9.741,10.01,9.91,9.71,9.71,-0.001,0.001,-0.004,0.0,0.0,,,0.4
-2.0,1.0,0.0,-0.0,-0.05,0.12,0.01,-0.11,-0.06,-1.0,0.4,9.545,9.732,9.741,9.79,10.1,9.81,9.81,9.71,-0.001,0.001,-0.004,0.0,0.0,,,0.45
-2.0,1.0,0.0,-0.0,-0.06,0.12,-0.03,-0.21,0.17,-1.0,0.4,9.555,9.712,9.751,9.771,10.5,9.81,9.91,9.71,-0.001,0.001,-0.004,0.0,0.0,,,0.5
-2.0,1.0,0.0,0.0,-0.04,0.13,-0.77,-0.12,-0.21,-1.0,0.4,9.555,9.741,9.751,9.79,10.1,9.81,9.81,10.01,-0.001,0.001,-0.004,0.0,-0.0,,,0.55
-2.0,1.0,0.0,0.0,-0.0,0.06,0.02,0.16,0.52,-1.0,0.4,9.535,9.722,9.702,9.741,10.01,9.91,9.81,9.81,-0.001,0.001,-0.004,0.0,-0.0,,,0.6
-2.0,1.0,0.0,-0.0,-0.06,0.11,-0.05,0.15,-0.1,-1.0,0.4,9.535,9.692,9.741,9.79,10.01,9.71,9.81,9.81,-0.001,0.001,-0.004,0.0,0.0,,,0.65
-2.0,1.0,0.0,0.0,-0.04,0.12,-0.11,0.3,0.03,-1.0,0.4,9.545,9.712,9.722,9.79,10.2,9.81,9.61,9.81,-0.001,0.001,-0.004,0.0,-0.0,,,0.7
-2.0,1.0,0.0,0.0,-0.07,0.11,0.26,0.29,-0.1,-1.0,0.4,9.535,9.722,9.702,9.79,10.01,9.91,9.71,9.81,-0.001,0.001,-0.004,0.0,-0.0,,,0.75
-2.0,1.0,0.0,-0.0,-0.07,0.11,-0.13,0.03,-0.21,-1.0,0.4,9.535,9.712,9.712,9.741,10.3,9.71,9.81,9.81,-0.001,0.001,-0.004,0.0,0.0,,,0.8
-2.0,1.0,0.0,0.0,-0.05,0.1,-0.09,0.08,0.17,-1.0,0.4,9.526,9.702,9.702,9.771,10.3,9.81,9.91,9.71,-0.001,0.001,-0.004,0.0,-0.0,,,0.85
-2.0,1.0,0.0,0.0,-0.05,0.09,0.07,-0.22,-0.17,-1.0,0.4,9.565,9.702,9.741,9.771,10.1,9.81,9.71,9.61,-0.001,0.001,-0.004,0.0,-0.0,,,0.9
-2.0,1.0,0.0,-0.0,-0.04,0.1,0.41,0.01,0.18,-1.0,0.4,9.516,9.722,9.741,9.79,10.01,9.61,9.61,9.71,-0.001,0.001,-0.004,0.0,0.0,,,0.95
-2.0,1.0,0.0,-0.0,-0.07,0.1,0.17,-0.06,-0.1,-1.0,0.4,9.535,9.712,9.712,9.741,9.91,9.71,9.81,9.81,-0.001,0.001,-0.004,0.0,0.0,,,1.0
-2.0,1.0,0.0,-0.0,-0.05,0.13,0.19,-0.08,0.04,-1.0,0.4,9.555,9.712,9.781,9.81,10.1,9.81,9.81,9.91,-0.001,0.001,-0.004,0.0,0.0,,,1.05
-2.0,1.0,0.0,-0.0,-0.03,0.09,-0.0,0.06,0.15,-1.0,0.4,9.535,9.722,9.741,9.771,10.2,9.71,9.81,9.81,-0.001,0.001,-0.004,0.0,0.0,,,1.1
-2.0,1.0,0.0,-0.0,-0.07,0.13,0.21,0.27,0.21,-1.0,0.4,9.516,9.692,9.741,9.741,10.01,9.71,9.81,9.81,-0.001,0.001,-0.004,0.0,0.0,,,1.15
-2.0,1.0,0.0,-0.0,-0.04,0.09,-0.1,-0.09,-0.07,-1.0,0.4,9.535,9.702,9.732,9.771,10.3,9.91,9.61,9.71,-0.001,0.001,-0.004,0.0,0.0,,,1.2
-2.0,1.0,0.0,-0.0,-0.07,0.12,0.08,0.03,0.25,-1.0,0.4,9.584,9.722,9.751,9.771,10.1,9.61,9.91,9.71,-0.001,0.001,-0.004,0.0,0.0,,,1.25
-2.0,1.0,0.0,-0.0,-0.05,0.11,-0.05,0.14,-0.08,-1.0,0.4,9.555,9.722,9.722,9.79,9.91,9.91,9.81,9.71,-0.001,0.001,-0.004,0.0,0.0,,,1.3
-2.0,1.0,0.0,0.0,-0.05,0.12,-0.16,0.02,0.06,-1.0,0.4,9.496,9.692,9.682,9.771,10.3,9.81,9.81,9.81,-0.001,0.001,-0.004,0.0,-0.0,,,1.35
-2.0,1.0,0.0,-0.0,-0.07,0.13,0.26,0.2,-0.04,-1.0,0.4,9.555,9.732,9.702,9.771,10.1,9.91,9.91,9.71,-0.001,0.001,-0.004,0.0,0.0,,,1.4
-2.0,1.0,0.0,0.0,-0.05,0.11,-0.13,0.11,0.04,-1.0,0.4,9.545,9.702,9.722,9.771,10.3,9.81,9.81,9.71,-0.001,0.001,-0.004,0.0,-0.0,,,1.45
-2.0,1.0,0.0,-0.0,-0.04,0.09,-0.07,0.05,0.04,-1.0,0.4,9.535,9.722,9.751,9.771,10.4,10.01,9.71,9.81,-0.001,0.001,-0.004,0.0,0.0,,,1.5
-2.0,1.0,0.0,-0.0,-0.05,0.11,0.33,0.01,0.11,-1.0,0.4,9.516,9.702,9.712,9.741,10.1,9.81,9.81,9.91,-0.001,0.001,-0.004,0.0,0.0,,,1.55
-2.0,1.0,0.0,-0.0,-0.06,0.13,-0.07,-0.04,-0.09,-1.0,0.4,9.516,9.722,9.732,9.771,10.01,10.01,9.91,9.71,-0.001,0.001,-0.004,0.0,0.0,,,1.6
-2.0,1.0,0.0,-0.0,-0.06,0.12,-0.04,0.05,0.1,-1.0,0.4,9.545,9.732,9.732,9.771,10.3,9.52,9.42,9.91,-0.001,0.001,-0.004,0.0,0.0,,,1.65
-2.0,1.0,0.0,-0.0,-0.06,0.11,-0.03,0.08,-0.19,-1.0,0.4,9.535,9.682,9.741,9.771,10.1,9.81,9.81,9.81,-0.001,0.001,-0.004,0.0,0.0,,,1.7
-2.0,1.0,0.0,0.0,-0.05,0.11,-0.1,-0.04,-0.26,-1.0,0.4,9.516,9.712,9.722,9.771,10.4,9.81,9.61,9.71,-0.001,0.001,-0.004,0.0,-0.0,,,1.75
-2.0,1.0,0.0,0.0,-0.07,0.14,-0.11,0.21,-0.13,-1.0,0.4,9.565,9.712,9.741,9.79,10.3,9.91,9.91,9.81,-0.001,0.001,-0.004,0.0,-0.0,,,1.8
-2.0,1.0,0.0,0.0,-0.05,0.09,0.02,-0.0,-0.08,-1.0,0.4,9.545,9.712,9.712,9.771,10.2,9.71,9.81,10.1,-0.001,0.001,-0.004,0.0,-0.0,,,1.85
-2.0,1.0,0.0,-0.0,-0.06,0.11,0.09,-0.07,-0.08,-1.0,0.4,9.545,9.682,9.741,9.771,10.2,9.91,9.71,9.81,-0.001,0.001,-0.004,0.0,0.0,,,1.9
-2.0,1.0,0.0,-0.0,-0.04,0.1,-0.31,0.07,0.02,-1.0,0.4,9.545,9.722,9.692,9.771,10.01,9.81,10.01,9.91,-0.001,0.001,-0.004,0.0,0.0,,,1.95
-2.0,1.0,0.0,-0.0,-0.05,0.13,-0.18,0.13,-0.13,-1.0,0.4,9.526,9.732,9.712,9.771,9.91,9.91,9.71,10.1,-0.001,0.001,-0.004,0.0,0.0,,,2.0
-2.0,1.0,0.0,0.0,-0.06,0.12,-0.09,-0.26,0.14,-1.0,0.4,9.535,9.712,9.712,9.79,10.4,9.61,9.81,9.81,-0.001,0.001,-0.004,0.0,-0.0,,,2.05
-2.0,1.0,0.0,-0.0,-0.04,0.18,0.38,0.07,-0.01,-1.0,0.4,9.555,9.761,9.702,9.79,10.4,9.81,9.61,9.91,-0.001,0.001,-0.004,0.0,0.0,,,2.1
-2.0,1.0,0.0,-0.0,-0.05,0.08,0.19,-0.02,0.16,-1.0,0.4,9.535,9.732,9.741,9.771,10.3,9.71,10.1,9.91,-0.001,0.001,-0.004,0.0,0.0,,,2.15
-2.0,1.0,0.0,0.0,-0.06,0.14,0.12,0.04,0.12,-1.0,0.4,9.555,9.722,9.732,9.741,10.1,9.71,9.61,10.01,-0.001,0.001,-0.004,0.0,-0.0,,,2.2
-2.0,1.0,0.0,-0.0,-0.04,0.07,0.13,-0.04,0.04,-1.0,0.4,9.545,9.702,9.712,9.771,10.1,9.91,9.91,9.91,-0.001,0.001,-0.004,0.0,0.0,,,2.25
-2.0,1.0,0.0,-0.0,-0.06,0.13,-0.13,-0.28,0.11,-1.0,0.4,9.526,9.712,9.712,9.771,10.01,9.81,10.01,9.71,-0.001,0.001,-0.004,0.0,0.0,,,2.3
-2.0,1.0,0.0,0.0,-0.02,0.09,-0.22,0.35,0.39,-1.0,0.4,9.545,9.702,9.81,9.79,10.1,9.81,9.52,10.01,-0.001,0.001,-0.004,0.0,-0.0,,,2.35
-2.0,1.0,0.0,-0.0,-0.06,0.14,-0.0,0.15,0.13,-1.0,0.4,9.526,9.702,9.741,9.79,10.2,9.81,9.52,10.1,-0.001,0.001,-0.004,0.0,0.0,,,2.4
-2.0,1.0,0.0,0.0,-0.05,0.14,-0.12,0.07,0.07,-1.0,0.4,9.516,9.702,9.692,9.722,10.1,9.61,9.91,9.91,-0.001,0.001,-0.004,0.0,-0.0,,,2.45
-2.0,1.0,0.0,-0.0,-0.05,0.11,0.2,-0.06,0.13,-1.0,0.4,9.516,9.682,9.732,9.79,10.01,9.91,9.71,9.71,-0.001,0.001,-0.004,0.0,0.0,,,2.5
-2.0,1.0,0.0,0.0,-0.07,0.1,-0.08,0.0,0.03,-1.0,0.4,9.575,9.732,9.761,9.79,10.2,9.81,9.61,9.71,-0.001,0.001,-0.004,0.0,-0.0,,,2.55
-2.0,1.0,0.0,-0.0,-0.07,0.09,0.23,-0.08,0.22,-1.0,0.4,9.555,9.722,9.712,9.771,10.3,9.71,9.91,10.01,-0.001,0.001,-0.004,0.0,0.0,,,2.6
-2.0,1.0,0.0,-0.0,-0.06,0.11,0.07,-0.21,0.06,-1.0,0.4,9.496,9.692,9.702,9.771,9.91,9.81,9.61,9.61,-0.001,0.001,-0.004,0.0,0.0,,,2.65
-2.0,1.0,0.0,-0.0,-0.06,0.16,0.22,0.12,0.24,-1.0,0.4,9.584,9.741,9.712,9.741,10.01,9.81,10.1,9.71,-0.001,0.001,-0.004,0.0,0.0,,,2.7
-2.0,1.0,0.0,0.0,-0.07,0.1,0.22,0.24,-0.29,-1.0,0.4,9.516,9.702,9.702,9.741,9.91,9.61,9.91,9.81,-0.001,0.001,-0.004,0.0,-0.0,,,2.75
-2.0,1.0,0.0,0.0,-0.05,0.11,-0.24,-0.16,0.16,-1.0,0.4,9.545,9.722,9.741,9.79,10.2,9.52,9.91,10.01,-0.001,0.001,-0.004,0.0,-0.0,,,2.8
-2.0,1.0,0.0,-0.0,-0.03,0.1,0.04,-0.1,-0.14,-1.0,0.4,9.555,9.712,9.712,9.722,10.01,9.71,9.81,10.01,-0.001,0.001,-0.004,0.0,0.0,,,2.85
-2.0,1.0,0.0,-0.0,-0.04,0.11,0.18,0.17,-0.28,-1.0,0.4,9.496,9.692,9.722,9.79,9.91,9.81,9.81,10.01,-0.001,0.001,-0.004,0.0,0.0,,,2.9
-2.0,1.0,0.0,-0.0,-0.06,0.13,0.06,-0.13,0.16,-1.0,0.4,9.545,9.722,9.692,9.741,10.3,9.61,9.71,9.91,-0.001,0.001,-0.004,0.0,0.0,,,2.95
-2.0,1.0,0.0,-0.0,-0.07,0.13,0.01,0.04,-0.2,-1.0,0.4,9.565,9.741,9.741,9.81,9.91,9.71,9.61,10.1,-0.001,0.001,-0.004,0.0,0.0,,,3.0
-2.0,1.0,0.0,-0.0,-0.04,0.08,-0.02,-0.02,0.09,-1.0,0.4,9.545,9.722,9.761,9.81,10.1,9.71,9.91,9.91,-0.001,0.001,-0.004,0.0,0.0,,,3.05
-2.0,1.0,0.0,-0.0,-0.08,0.17,-0.06,-0.06,0.58,-1.0,0.4,9.535,9.722,9.702,9.79,10.01,9.81,9.91,10.1,-0.001,0.001,-0.004,0.0,0.0,,,3.1
-2.0,1.0,0.0,-0.0,-0.09,0.18,0.14,-0.25,-0.11,-1.0,0.4,9.506,9.682,9.722,9.79,10.1,9.91,9.91,10.1,-0.001,0.001,-0.004,0.0,0.0,,,3.15
-2.0,1.0,0.0,-0.0,-0.05,0.11,0.14,-0.04,0.16,-1.0,0.4,9.545,9.712,9.722,9.79,10.01,9.71,9.61,9.81,-0.001,0.001,-0.004,0.0,0.0,,,3.2
-2.0,1.0,0.0,-0.0,-0.08,0.11,0.11,0.02,0.09,-1.0,0.4,9.565,9.741,9.712,9.771,9.71,9.61,9.81,9.81,-0.001,0.001,-0.004,0.0,0.0,,,3.25
-2.0,1.0,0.0,-0.0,-0.06,0.08,0.63,-0.22,-0.1,-1.0,0.4,9.535,9.722,9.761,9.79,10.01,9.61,9.81,9.91,-0.001,0.001,-0.004,0.0,0.0,,,3.3
-2.0,1.0,0.0,-0.0,-0.05,0.11,0.25,-0.03,-0.12,-1.0,0.4,9.545,9.712,9.702,9.771,10.4,9.71,9.61,9.91,-0.001,0.001,-0.004,0.0,0.0,,,3.35
-2.0,1.0,0.0,0.0,-0.04,0.12,-0.03,0.22,-0.24,-1.0,0.4,9.526,9.692,9.673,9.741,9.91,10.01,9.71,9.91,-0.001,0.001,-0.004,0.0,-0.0,,,3.4
-2.0,1.0,0.0,0.0,-0.05,0.12,0.13,0.06,-0.0,-1.0,0.4,9.545,9.712,9.732,9.771,10.1,9.61,9.71,9.91,-0.001,0.001,-0.004,0.0,-0.0,,,3.45
-2.0,1.0,0.0,-0.0,-0.07,0.1,0.24,-0.03,-0.45,-1.0,0.4,9.545,9.722,9.692,9.771,9.91,9.61,9.91,10.1,-0.001,0.001,-0.004,0.0,0.0,,,3.5
-2.0,1.0,0.0,-0.0,-0.07,0.12,0.11,-0.31,0.03,-1.0,0.4,9.535,9.702,9.732,9.771,10.01,9.52,9.81,9.91,-0.001,0.001,-0.004,0.0,0.0,,,3.55
-2.0,1.0,0.0,-0.0,-0.06,0.13,0.0,-0.18,0.12,-1.0,0.4,9.516,9.712,9.732,9.771,10.2,9.81,9.91,9.81,-0.001,0.001,-0.004,0.0,0.0,,,3.6
-2.0,1.0,0.0,0.0,-0.05,0.12,0.08,0.09,-0.09,-1.0,0.4,9.535,9.732,9.722,9.771,10.2,9.91,9.91,10.01,-0.001,0.001,-0.004,0.0,-0.0,,,3.65
-2.0,1.0,0.0,-0.0,-0.07,0.12,0.21,-0.05,-0.16,-1.0,0.4,9.526,9.692,9.741,9.771,10.2,9.61,9.81,9.81,-0.001,0.001,-0.004,0.0,0.0,,,3.7
-2.0,1.0,0.0,0.0,-0.06,0.12,-0.1,0.18,0.11,-1.0,0.4,9.545,9.722,9.732,9.771,10.4,9.52,9.91,10.01,-0.001,0.001,-0.004,0.0,-0.0,,,3.75
-2.0,1.0,0.0,0.0,-0.03,0.1,-0.05,0.13,0.17,-1.0,0.4,9.526,9.732,9.741,9.79,10.1,9.32,9.61,9.91,-0.001,0.001,-0.004,0.0,-0.0,,,3.8
-2.0,1.0,0.0,-0.0,-0.07,0.13,0.14,0.26,-0.11,-1.0,0.4,9.526,9.751,9.732,9.741,10.1,9.61,9.91,9.81,-0.001,0.001,-0.004,0.0,0.0,,,3.85
-2.0,1.0,0.0,-0.0,-0.02,0.1,-0.06,-0.07,-0.05,-1.0,0.4,9.535,9.732,9.722,9.741,10.3,9.71,9.71,9.91,-0.001,0.001,-0.004,0.0,0.0,,,3.9
-2.0,1.0,0.0,-0.0,-0.03,0.08,0.08,-0.26,0.14,-1.0,0.4,9.545,9.741,9.712,9.79,10.1,10.01,9.71,9.91,-0.001,0.001,-0.004,0.0,0.0,,,3.95
-2.0,1.0,0.0,-0.0,-0.06,0.12,0.03,-0.22,-0.31,-1.0,0.4,9.516,9.682,9.732,9.771,10.4,9.81,10.01,9.81,-0.001,0.001,-0.004,0.0,0.0,,,4.0
-2.0,1.0,0.0,-0.0,-0.06,0.11,0.0,-0.13,0.11,-1.0,0.4,9.535,9.722,9.702,9.771,10.4,9.81,9.91,9.91,-0.001,0.001,-0.004,0.0,0.0,,,4.05
-2.0,1.0,0.0,0.0,-0.06,0.12,-0.27,0.38,0.13,-1.0,0.4,9.535,9.722,9.712,9.771,10.1,10.1,9.61,10.2,-0.001,0.001,-0.004,0.0,-0.0,,,4.1
-2.0,1.0,0.0,0.0,-0.05,0.11,-0.08,-0.04,0.07,-1.0,0.4,9.516,9.692,9.722,9.741,10.5,9.81,9.71,9.91,-0.001,0.001,-0.004,0.0,-0.0,,,4.15
-2.0,1.0,0.0,-0.0,-0.05,0.12,0.01,0.12,0.09,-1.0,0.4,9.535,9.722,9.732,9.771,10.2,9.61,9.91,9.91,-0.001,0.001,-0.004,0.0,0.0,,,4.2
-2.0,1.0,0.0,-0.0,-0.05,0.11,0.19,0.04,-0.34,-1.0,0.4,9.545,9.732,9.741,9.79,10.1,9.81,10.01,9.81,-0.001,0.001,-0.004,0.0,0.0,,,4.25
-2.0,1.0,0.0,-0.0,-0.03,0.11,-0.03,0.0,0.33,-1.0,0.4,9.535,9.692,9.741,9.722,10.01,9.81,10.1,9.81,-0.001,0.001,-0.004,0.0,0.0,,,4.3
-2.0,1.0,0.0,-0.0,-0.07,0.12,0.37,0.22,0.05,-1.0,0.4,9.535,9.712,9.712,9.771,10.1,9.81,9.61,9.71,-0.001,0.001,-0.004,0.0,0.0,,,4.35
-2.0,1.0,0.0,-0.0,-0.07,0.11,0.09,0.09,-0.09,-1.0,0.4,9.535,9.722,9.722,9.79,10.1,9.81,9.91,9.71,-0.001,0.001,-0.004,0.0,0.0,,,4.4
-2.0,1.0,0.0,-0.0,-0.05,0.12,0.3,-0.24,0.09,-1.0,0.4,9.535,9.732,9.712,9.771,10.2,9.81,9.91,9.81,-0.001,0.001,-0.004,0.0,0.0,,,4.45
-2.0,1.0,0.0,0.0,-0.06,0.11,0.1,-0.22,0.08,-1.0,0.4,9.545,9.702,9.722,9.771,10.01,9.81,9.71,10.01,-0.001,0.001,-0.004,0.0,-0.0,,,4.5
-2.0,1.0,0.0,-0.0,-0.07,0.1,0.29,0.2,0.06,-1.0,0.4,9.535,9.702,9.702,9.79,10.4,9.71,9.81,10.01,-0.001,0.001,-0.004,0.0,0.0,,,4.55
-2.0,1.0,0.0,-0.0,-0.06,0.13,-0.11,-0.34,0.14,-1.0,0.4,9.565,9.722,9.702,9.771,10.1,9.71,9.91,9.61,-0.001,0.001,-0.004,0.0,0.0,,,4.6
-2.0,1.0,0.0,-0.0,-0.05,0.1,0.22,-0.08,0.14,-1.0,0.4,9.555,9.712,9.732,9.79,10.3,10.01,10.01,9.91,-0.001,0.001,-0.004,0.0,0.0,,,4.65
-2.0,1.0,0.0,0.0,0.04,0.01,-0.05,-0.09,-0.13,-1.0,0.4,9.535,9.732,9.712,9.771,10.01,9.61,9.71,10.01,-0.001,0.001,-0.004,0.0,-0.0,,,4.7
-2.0,1.0,0.0,0.0,-0.07,0.12,0.1,0.41,-0.01,-1.0,0.4,9.506,9.702,9.732,9.79,10.2,9.71,9.91,9.91,-0.001,0.001,-0.004,0.0,-0.0,,,4.75
-2.0,1.0,0.0,-0.0,-0.06,0.11,0.12,0.12,0.25,-1.0,0.4,9.545,9.712,9.741,9.741,10.1,9.61,9.91,10.01,-0.001,0.001,-0.004,0.0,0.0,,,4.8
-2.0,1.0,0.0,-0.0,-0.06,0.11,0.35,0.0,-0.1,-1.0,0.4,9.535,9.732,9.702,9.741,10.2,9.91,9.52,9.52,-0.001,0.001,-0.004,0.0,0.0,,,4.85
-2.0,1.0,0.0,-0.0,-0.06,0.1,0.15,0.15,-0.04,-1.0,0.4,9.545,9.682,9.741,9.771,9.91,9.71,9.81,10.1,-0.001,0.001,-0.004,0.0,0.0,,,4.9
-2.0,1.0,0.0,0.0,-0.06,0.11,0.08,-0.03,-0.34,-1.0,0.4,9.535,9.702,9.722,9.79,10.1,9.71,9.61,9.81,-0.001,0.001,-0.004,0.0,-0.0,,,4.95
-2.0,1.0,0.0,-0.0,-0.06,0.13,0.0,-0.34,-0.13,-1.0,0.4,9.535,9.722,9.741,9.79,10.4,9.81,10.01,10.1,-0.001,0.001,-0.004,0.0,0.0,,,5.0
-2.0,1.0,0.0,-0.0,-0.06,0.12,0.14,-0.13,0.16,-1.0,0.4,9.545,9.722,9.761,9.771,10.2,9.81,9.52,9.91,-0.001,0.001,-0.004,0.0,0.0,,,5.05
-2.0,1.0,0.0,-0.0,-0.06,0.11,0.27,0.07,-0.16,-1.0,0.4,9.535,9.732,9.722,9.771,10.3,9.81,9.91,9.81,-0.001,0.001,-0.004,0.0,0.0,,,5.1
-2.0,1.0,0.0,-0.0,-0.06,0.11,0.21,0.3,-0.09,-1.0,0.4,9.535,9.692,9.771,9.771,10.3,10.01,9.81,9.91,-0.001,0.001,-0.004,0.0,0.0,,,5.15
-2.0,1.0,0.0,-0.0,-0.05,0.1,0.14,-0.04,-0.17,-1.0,0.4,9.526,9.712,9.702,9.771,10.2,9.71,9.91,9.91,-0.001,0.001,-0.004,0.0,0.0,,,5.2
-2.0,1.0,0.0,-0.0,-0.06,0.11,-0.0,-0.05,-0.18,-1.0,0.4,9.535,9.712,9.712,9.741,10.1,9.61,10.01,9.81,-0.001,0.001,-0.004,0.0,0.0,,,5.25
-2.0,1.0,0.0,-0.0,-0.06,0.13,-0.02,-0.18,0.06,-1.0,0.4,9.565,9.712,9.702,9.771,10.2,9.61,9.91,9.81,-0.001,0.001,-0.004,0.0,0.0,,,5.3
-2.0,1.0,0.0,0.0,-0.06,0.14,-0.5,-0.01,0.19,-1.0,0.4,9.555,9.722,9.702,9.81,10.3,9.42,10.01,9.81,-0.001,0.001,-0.004,0.0,-0.0,,,5.35
-2.0,1.0,0.0,-0.0,-0.03,0.1,0.08,0.07,0.37,-1.0,0.4,9.575,9.712,9.712,9.79,10.01,9.52,9.61,10.01,-0.001,0.001,-0.004,0.0,0.0,,,5.4
-2.0,1.0,0.0,-0.0,-0.05,0.12,0.11,0.12,-0.14,-1.0,0.4,9.545,9.712,9.761,9.79,10.2,9.52,9.52,10.2,-0.001,0.001,-0.004,0.0,0.0,,,5.45
-2.0,1.0,0.0,0.0,-0.05,0.12,0.07,0.11,0.18,-1.0,0.4,9.526,9.702,9.732,9.771,10.3,9.81,9.61,9.81,-0.001,0.001,-0.004,0.0,-0.0,,,5.5
-2.0,1.0,0.0,-0.0,-0.08,0.13,0.07,0.02,-0.01,-1.0,0.4,9.526,9.712,9.741,9.771,10.2,9.91,9.81,9.81,-0.001,0.001,-0.004,0.0,0.0,,,5.55
-2.0,1.0,0.0,0.0,-0.05,0.1,-0.0,0.05,0.14,-1.0,0.4,9.526,9.712,9.741,9.771,10.01,9.81,9.81,10.1,-0.001,0.001,-0.004,0.0,-0.0,,,5.6
-2.0,1.0,0.0,0.0,-0.07,0.13,-0.12,-0.03,0.03,-1.0,0.4,9.526,9.712,9.771,9.771,10.01,9.71,10.1,9.91,-0.001,0.001,-0.004,0.0,-0.0,,,5.65
-2.0,1.0,0.0,-0.0,-0.07,0.11,0.04,-0.07,-0.44,-1.0,0.4,9.565,9.712,9.732,9.79,10.1,9.81,9.81,9.91,-0.001,0.001,-0.004,0.0,0.0,,,5.7
-2.0,1.0,0.0,-0.0,-0.07,0.12,-0.18,0.14,-0.27,-1.0,0.4,9.526,9.692,9.712,9.741,10.2,9.71,9.81,9.81,-0.001,0.001,-0.004,0.0,0.0,,,5.75
-2.0,1.0,0.0,0.0,-0.04,0.11,-0.22,0.04,0.54,-1.0,0.4,9.555,9.722,9.732,9.81,10.2,9.71,9.91,10.2,-0.001,0.001,-0.004,0.0,-0.0,,,5.8
-2.0,1.0,0.0,0.0,-0.04,0.11,-0.12,-0.06,0.12,-1.0,0.4,9.535,9.712,9.712,9.771,9.91,9.91,9.81,9.91,-0.001,0.001,-0.004,0.0,-0.0,,,5.85
-2.0,1.0,0.0,-0.0,-0.05,0.12,-0.04,0.01,0.14,-1.0,0.4,9.535,9.732,9.702,9.79,10.5,10.1,9.81,9.81,-0.001,0.001,-0.004,0.0,0.0,,,5.9
-2.0,1.0,0.0,0.0,-0.04,0.1,-0.04,0.19,0.1,-1.0,0.4,9.535,9.692,9.722,9.771,10.1,9.81,9.81,9.91,-0.001,0.001,-0.004,0.0,-0.0,,,5.95
-2.0,1.0,0.0,-0.0,-0.07,0.13,0.08,0.11,-0.06,-1.0,0.4,9.545,9.702,9.732,9.79,10.01,9.91,9.61,9.91,-0.001,0.001,-0.004,0.0,0.0,,,6.0
-2.0,1.0,0.0,-0.0,-0.05,0.1,0.22,0.03,0.11,-1.0,0.4,9.565,9.732,9.722,9.741,10.2,9.81,9.91,9.91,-0.001,0.001,-0.004,0.0,0.0,,,6.05
-2.0,1.0,0.0,-0.0,-0.07,0.11,0.08,0.01,-0.07,-1.0,0.4,9.545,9.712,9.722,9.771,10.2,9.81,9.71,10.01,-0.001,0.001,-0.004,0.0,0.0,,,6.1
-2.0,1.0,0.0,-0.0,-0.04,0.11,0.23,0.22,-0.01,-1.0,0.4,9.535,9.692,9.761,9.771,9.91,9.61,9.81,9.81,-0.001,0.001,-0.004,0.0,0.0,,,6.15
-2.0,1.0,0.0,-0.0,-0.05,0.13,0.15,-0.25,0.3,-1.0,0.4,9.545,9.732,9.732,9.79,9.91,9.81,9.91,9.71,-0.001,0.001,-0.004,0.0,0.0,,,6.2
-2.0,1.0,0.0,0.0,-0.05,0.12,-0.08,-0.09,0.21,-1.0,0.4,9.516,9.702,9.761,9.79,10.4,9.81,9.91,9.81,-0.001,0.001,-0.004,0.0,-0.0,,,6.25
-2.0,1.0,0.0,0.0,-0.04,0.1,-0.14,0.35,0.41,-1.0,0.4,9.565,9.712,9.761,9.79,10.01,9.81,9.81,9.91,-0.001,0.001,-0.004,0.0,-0.0,,,6.3
-2.0,1.0,0.0,0.0,-0.06,0.11,-0.16,0.0,0.07,-1.0,0.4,9.535,9.722,9.751,9.79,10.1,9.71,9.61,9.81,-0.001,0.001,-0.004,0.0,-0.0,,,6.35
-2.0,1.0,0.0,-0.0,-0.05,0.13,0.09,-0.22,-0.2,-1.0,0.4,9.506,9.692,9.751,9.79,10.2,9.71,9.81,10.1,-0.001,0.001,-0.004,0.0,0.0,,,6.4
-2.0,1.0,0.0,-0.0,-0.04,0.11,-0.06,0.0,0.28,-1.0,0.4,9.526,9.682,9.692,9.771,10.01,9.52,9.81,10.1,-0.001,0.001,-0.004,0.0,0.0,,,6.45
-2.0,1.0,0.0,0.0,-0.08,0.12,-0.01,-0.03,-0.13,-1.0,0.4,9.555,9.732,9.722,9.771,10.01,9.61,9.81,9.91,-0.001,0.001,-0.004,0.0,-0.0,,,6.5
-2.0,1.0,0.0,-0.0,-0.06,0.1,0.19,0.12,0.0,-1.0,0.4,9.535,9.712,9.692,9.771,10.1,9.71,9.81,9.91,-0.001,0.001,-0.004,0.0,0.0,,,6.55
-2.0,1.0,0.0,-0.0,-0.05,0.1,0.36,0.22,0.31,-1.0,0.4,9.526,9.702,9.722,9.741,10.3,9.91,9.81,9.71,-0.001,0.001,-0.004,0.0,0.0,,,6.6
-2.0,1.0,0.0,-0.0,-0.04,0.12,-0.03,0.36,0.4,-1.0,0.4,9.526,9.722,9.741,9.771,10.1,9.71,9.81,10.01,-0.001,0.001,-0.004,0.0,0.0,,,6.65
-2.0,1.0,0.0,-0.0,-0.06,0.12,0.16,0.13,0.14,-1.0,0.4,9.565,9.722,9.722,9.79,10.1,9.71,9.61,10.01,-0.001,0.001,-0.004,0.0,0.0,,,6.7
-2.0,1.0,0.0,-0.0,-0.06,0.11,-0.11,-0.0,0.22,-1.0,0.4,9.545,9.702,9.702,9.771,10.1,9.61,9.91,9.81,-0.001,0.001,-0.004,0.0,0.0,,,6.75
-2.0,1.0,0.0,-0.0,-0.06,0.11,0.34,0.11,0.13,-1.0,0.4,9.535,9.712,9.751,9.771,10.1,9.71,9.91,10.1,-0.001,0.001,-0.004,0.0,0.0,,,6.8
-2.0,1.0,0.0,0.0,-0.02,0.1,-0.27,0.2,0.24,-1.0,0.4,9.565,9.712,9.741,9.79,10.4,9.52,10.1,9.81,-0.001,0.001,-0.004,0.0,-0.0,,,6.85
-2.0,1.0,0.0,0.0,-0.06,0.15,-0.17,-0.26,0.01,-1.0,0.4,9.516,9.702,9.741,9.771,10.2,9.61,9.81,9.91,-0.001,0.001,-0.004,0.0,-0.0,,,6.9
-2.0,1.0,0.0,-0.0,-0.06,0.11,0.3,-0.24,-0.1,-1.0,0.4,9.545,9.702,9.732,9.741,9.71,9.81,9.52,9.91,-0.001,0.001,-0.004,0.0,0.0,,,6.95
-2.0,1.0,0.0,-0.0,-0.07,0.13,0.08,-0.17,-0.29,-1.0,0.4,9.545,9.732,9.732,9.79,10.2,9.81,10.1,9.81,-0.001,0.001,-0.004,0.0,0.0,,,7.0
-2.0,1.0,0.0,-0.0,-0.06,0.1,0.31,-0.11,-0.04,-1.0,0.4,9.545,9.732,9.722,9.79,10.2,9.81,9.81,10.01,-0.001,0.001,-0.004,0.0,0.0,,,7.05
-2.0,1.0,0.0,-0.0,-0.06,0.13,0.05,-0.09,0.04,-1.0,0.4,9.535,9.732,9.732,9.771,10.4,9.71,9.91,9.81,-0.001,0.001,-0.004,0.0,0.0,,,7.1
-2.0,1.0,0.0,-0.0,-0.07,0.13,0.23,0.06,0.13,-1.0,0.4,9.516,9.722,9.702,9.81,10.2,9.71,10.1,10.01,-0.001,0.001,-0.004,0.0,0.0,,,7.15
-2.0,1.0,0.0,-0.0,-0.05,0.11,-0.03,0.15,-0.05,-1.0,0.4,9.535,9.741,9.732,9.79,9.91,9.81,9.81,9.81,-0.001,0.001,-0.004,0.0,0.0,,,7.2
-2.0,1.0,0.0,-0.0,-0.05,0.1,0.28,0.1,0.19,-1.0,0.4,9.535,9.692,9.732,9.79,10.1,9.61,9.81,9.81,-0.001,0.001,-0.004,0.0,0.0,,,7.25
-2.0,1.0,0.0,0.0,-0.06,0.12,0.03,-0.05,0.16,-1.0,0.4,9.526,9.702,9.702,9.741,10.01,9.81,9.91,9.81,-0.001,0.001,-0.004,0.0,-0.0,,,7.3
-2.0,1.0,0.0,-0.0,-0.07,0.11,0.22,0.19,-0.34,-1.0,0.4,9.535,9.732,9.692,9.771,10.3,9.71,9.61,10.01,-0.001,0.001,-0.004,0.0,0.0,,,7.35
-2.0,1.0,0.0,0.0,-0.05,0.11,-0.16,0.11,-0.01,-1.0,0.4,9.555,9.732,9.751,9.79,10.3,9.61,9.61,9.81,-0.001,0.001,-0.004,0.0,-0.0,,,7.4
-2.0,1.0,0.0,0.0,-0.06,0.11,0.21,0.47,-0.37,-1.0,0.4,9.545,9.722,9.702,9.771,10.01,9.81,9.91,10.01,-0.001,0.001,-0.004,0.0,-0.0,,,7.45
-2.0,1.0,0.0,-0.0,-0.03,0.11,-0.02,-0.04,0.07,-1.0,0.4,9.526,9.682,9.732,9.771,9.81,9.91,9.71,10.01,-0.001,0.001,-0.004,0.0,0.0,,,7.5
-2.0,1.0,0.0,-0.0,-0.06,0.12,0.1,-0.09,-0.18,-1.0,0.4,9.526,9.663,9.741,9.741,10.01,9.81,9.71,10.1,-0.001,0.001,-0.004,0.0,0.0,,,7.55
-2.0,1.0,0.0,-0.0,-0.06,0.11,0.21,-0.28,-0.05,-1.0,0.4,9.535,9.692,9.732,9.79,10.1,9.71,9.91,10.1,-0.001,0.001,-0.004,0.0,0.0,,,7.6
-2.0,1.0,0.0,-0.0,-0.07,0.13,0.15,-0.13,0.08,-1.0,0.4,9.526,9.712,9.722,9.79,10.1,9.71,10.01,9.91,-0.001,0.001,-0.004,0.0,0.0,,,7.65
-2.0,1.0,0.0,0.0,-0.06,0.14,-0.0,-0.05,-0.08,-1.0,0.4,9.545,9.702,9.722,9.79,10.2,9.61,9.91,9.61,-0.001,0.001,-0.004,0.0,-0.0,,,7.7
-2.0,1.0,0.0,0.0,-0.07,0.09,-0.1,0.03,-0.2,-1.0,0.4,9.555,9.702,9.732,9.79,9.91,9.81,9.91,10.2,-0.001,0.001,-0.004,0.0,-0.0,,,7.75
-2.0,1.0,0.0,-0.0,-0.06,0.13,0.09,0.28,0.15,-1.0,0.4,9.516,9.722,9.722,9.771,10.2,9.71,9.61,9.91,-0.001,0.001,-0.004,0.0,0.0,,,7.8
-2.0,1.0,0.0,-0.0,-0.01,0.08,0.01,0.03,-0.19,-1.0,0.4,9.535,9.722,9.722,9.771,10.3,9.81,9.71,10.1,-0.001,0.001,-0.004,0.0,0.0,,,7.85
-2.0,1.0,0.0,0.0,-0.07,0.14,-0.08,0.34,-0.11,-1.0,0.4,9.555,9.732,9.702,9.771,10.1,9.61,9.81,9.71,-0.001,0.001,-0.004,0.0,-0.0,,,7.9
-2.0,1.0,0.0,0.0,-0.07,0.12,0.03,0.05,0.02,-1.0,0.4,9.555,9.722,9.702,9.771,10.3,9.91,9.71,9.81,-0.001,0.001,-0.004,0.0,-0.0,,,7.95
-2.0,1.0,0.0,0.0,-0.06,0.12,0.07,-0.35,0.11,-1.0,0.4,9.535,9.712,9.722,9.771,10.01,9.81,9.52,9.91,-0.001,0.001,-0.004,0.0,-0.0,,,8.0
-2.0,1.0,0.0,-0.0,-0.05,0.09,0.04,-0.24,0.01,-1.0,0.4,9.526,9.722,9.722,9.79,10.2,9.71,9.61,9.91,-0.001,0.001,-0.004,0.0,0.0,,,8.05
-2.0,1.0,0.0,-0.0,-0.06,0.12,0.39,0.06,0.13,-1.0,0.4,9.526,9.722,9.79,9.79,10.1,9.61,9.52,10.01,-0.001,0.001,-0.004,0.0,0.0,,,8.1
-2.0,1.0,0.0,-0.0,-0.05,0.12,0.12,0.06,-0.02,-1.0,0.4,9.526,9.682,9.722,9.771,10.3,9.71,9.71,10.1,-0.001,0.001,-0.004,0.0,0.0,,,8.15
-2.0,1.0,0.0,-0.0,-0.06,0.13,0.23,-0.47,0.44,-1.0,0.4,9.526,9.712,9.732,9.79,10.1,9.91,10.1,10.01,-0.001,0.001,-0.004,0.0,0.0,,,8.2
-2.0,1.0,0.0,-0.0,-0.06,0.12,-0.13,0.01,0.2,-1.0,0.4,9.555,9.702,9.741,9.79,10.3,9.81,9.91,9.81,-0.001,0.001,-0.004,0.0,0.0,,,8.25
-2.0,1.0,0.0,-0.0,-0.04,0.11,-0.1,0.1,0.18,-1.0,0.4,9.535,9.712,9.722,9.741,10.01,9.71,9.81,10.01,-0.001,0.001,-0.004,0.0,0.0,,,8.3
-2.0,1.0,0.0,-0.0,-0.06,0.13,-0.05,0.31,-0.09,-1.0,0.4,9.535,9.702,9.732,9.79,9.91,9.71,9.91,9.81,-0.001,0.001,-0.004,0.0,0.0,,,8.35
-2.0,1.0,0.0,-0.0,-0.03,0.1,-0.01,-0.01,-0.29,-1.0,0.4,9.545,9.722,9.732,9.741,10.1,10.01,9.91,9.81,-0.001,0.001,-0.004,0.0,0.0,,,8.4
-2.0,1.0,0.0,-0.0,-0.09,0.13,0.27,-0.19,0.16,-1.0,0.4,9.516,9.722,9.702,9.741,10.2,9.91,10.2,9.81,-0.001,0.001,-0.004,0.0,0.0,,,8.45
-2.0,1.0,0.0,-0.0,-0.05,0.1,0.08,0.19,0.13,-1.0,0.4,9.555,9.702,9.702,9.79,9.91,9.42,9.91,10.01,-0.001,0.001,-0.004,0.0,0.0,,,8.5
-2.0,1.0,0.0,0.0,-0.05,0.12,0.01,0.29,0.23,-1.0,0.4,9.535,9.712,9.732,9.79,10.2,9.91,9.91,9.91,-0.001,0.001,-0.004,0.0,-0.0,,,8.55
-2.0,1.0,0.0,-0.0,-0.06,0.11,-0.06,-0.15,-0.27,-1.0,0.4,9.545,9.751,9.692,9.79,10.2,9.81,10.1,9.81,-0.001,0.001,-0.004,0.0,0.0,,,8.6
-2.0,1.0,0.0,-0.0,-0.05,0.12,-0.04,0.35,-0.03,-1.0,0.4,9.555,9.732,9.702,9.771,10.01,9.52,9.91,9.81,-0.001,0.001,-0.004,0.0,0.0,,,8.65
-2.0,1.0,0.0,0.0,-0.04,0.11,-0.2,-0.03,-0.06,-1.0,0.4,9.545,9.722,9.712,9.79,10.3,9.71,9.81,9.52,-0.001,0.001,-0.004,0.0,-0.0,,,8.7
-2.0,1.0,0.0,-0.0,-0.06,0.13,0.19,0.08,0.13,-1.0,0.4,9.555,9.722,9.741,9.79,9.81,9.42,9.81,10.01,-0.001,0.001,-0.004,0.0,0.0,,,8.75
-2.0,1.0,0.0,0.0,-0.06,0.1,0.01,0.29,0.0,-1.0,0.4,9.516,9.712,9.732,9.771,10.01,9.71,9.81,10.01,-0.001,0.001,-0.004,0.0,-0.0,,,8.8
-2.0,1.0,0.0,-0.0,-0.05,0.13,0.08,-0.22,0.53,-1.0,0.4,9.526,9.692,9.732,9.771,10.1,9.71,10.01,10.1,-0.001,0.001,-0.004,0.0,0.0,,,8.85
-2.0,1.0,0.0,-0.0,-0.05,0.09,0.19,0.25,-0.07,-1.0,0.4,9.526,9.712,9.741,9.771,10.2,9.71,10.1,9.81,-0.001,0.001,-0.004,0.0,0.0,,,8.9
-2.0,1.0,0.0,-0.0,-0.07,0.1,0.3,0.04,-0.05,-1.0,0.4,9.545,9.712,9.751,9.771,10.1,9.71,9.71,9.91,-0.001,0.001,-0.004,0.0,0.0,,,8.95
-2.0,1.0,0.0,-0.0,-0.05,0.12,0.21,-0.18,0.24,-1.0,0.4,9.526,9.712,9.732,9.771,10.1,9.91,9.42,9.61,-0.001,0.001,-0.004,0.0,0.0,,,9.0
-2.0,1.0,0.0,-0.0,-0.07,0.14,0.02,-0.05,-0.08,-1.0,0.4,9.516,9.702,9.722,9.79,10.01,9.81,9.91,9.91,-0.001,0.001,-0.004,0.0,0.0,,,9.05
-2.0,1.0,0.0,-0.0,-0.05,0.13,-0.12,0.07,0.29,-1.0,0.4,9.535,9.722,9.751,9.771,10.1,9.61,9.71,9.81,-0.001,0.001,-0.004,0.0,0.0,,,9.1
-2.0,1.0,0.0,-0.0,-0.04,0.11,0.14,-0.02,-0.0,-1.0,0.4,9.535,9.722,9.722,9.771,10.2,9.52,9.91,9.91,-0.001,0.001,-0.004,0.0,0.0,,,9.15
-2.0,1.0,0.0,0.0,-0.06,0.11,0.08,-0.12,0.08,-1.0,0.4,9.545,9.712,9.732,9.771,10.01,9.81,10.2,9.71,-0.001,0.001,-0.004,0.0,-0.0,,,9.2
-2.0,1.0,0.0,0.0,-0.05,0.11,0.05,0.12,0.28,-1.0,0.4,9.535,9.712,9.692,9.79,10.3,9.81,9.61,9.81,-0.001,0.001,-0.004,0.0,-0.0,,,9.25
-2.0,1.0,0.0,0.0,-0.07,0.12,0.22,0.12,0.36,-1.0,0.4,9.545,9.722,9.663,9.79,9.91,9.91,9.91,10.1,-0.001,0.001,-0.004,0.0,-0.0,,,9.3
-2.0,1.0,0.0,-0.0,-0.05,0.12,0.28,0.27,-0.14,-1.0,0.4,9.545,9.732,9.722,9.79,10.01,9.81,9.91,10.01,-0.001,0.001,-0.004,0.0,0.0,,,9.35
-2.0,1.0,0.0,0.0,-0.06,0.13,-0.17,-0.14,0.22,-1.0,0.4,9.516,9.722,9.712,9.771,10.01,9.71,9.71,9.91,-0.001,0.001,-0.004,0.0,-0.0,,,9.4
-2.0,1.0,0.0,-0.0,-0.03,0.06,0.26,0.16,-0.28,-1.0,0.4,9.545,9.732,9.712,9.771,10.2,9.81,9.52,9.91,-0.001,0.001,-0.004,0.0,0.0,,,9.45
-2.0,1.0,0.0,-0.0,-0.19,0.32,-0.41,-0.18,0.11,-1.0,0.4,9.565,9.712,9.741,9.771,10.1,9.91,9.81,9.91,-0.001,0.001,-0.004,0.0,0.0,,,9.5
-2.0,1.0,0.0,0.0,-0.13,0.23,-0.2,0.1,0.27,-1.0,0.4,9.526,9.722,9.732,9.771,9.91,9.81,9.61,9.71,-0.001,0.001,-0.004,0.0,-0.0,,,9.55
-2.0,1.0,0.0,0.0,-0.03,0.09,0.11,0.01,0.36,-1.0,0.4,9.526,9.702,9.741,9.79,10.01,9.81,9.71,10.01,-0.001,0.001,-0.004,0.0,-0.0,,,9.6
-2.0,1.0,0.0,-0.0,-0.07,0.13,-0.06,0.0,0.08,-1.0,0.4,9.545,9.732,9.741,9.741,10.01,9.71,9.61,9.91,-0.001,0.001,-0.004,0.0,0.0,,,9.65
-2.0,1.0,0.0,-0.0,-0.06,0.11,0.16,-0.15,0.05,-1.0,0.4,9.516,9.712,9.732,9.771,10.1,9.91,9.81,10.01,-0.001,0.001,-0.004,0.0,0.0,,,9.7
-2.0,1.0,0.0,-0.0,-0.06,0.12,0.02,0.05,0.23,-1.0,0.4,9.526,9.702,9.722,9.771,10.1,9.81,9.81,9.81,-0.001,0.001,-0.004,0.0,0.0,,,9.75
-2.0,1.0,0.0,-0.0,-0.04,0.12,-0.14,-0.43,-0.21,-1.0,0.4,9.535,9.722,9.712,9.771,10.1,9.61,9.91,10.01,-0.001,0.001,-0.004,0.0,0.0,,,9.8
-2.0,1.0,0.0,-0.0,-0.07,0.12,0.41,-0.11,0.07,-1.0,0.4,9.555,9.702,9.682,9.79,10.01,9.81,9.81,9.81,-0.001,0.001,-0.004,0.0,0.0,,,9.85
-2.0,1.0,0.0,0.0,-0.03,0.1,-0.46,0.03,0.12,-1.0,0.4,9.535,9.722,9.722,9.771,10.1,9.61,9.91,10.1,-0.001,0.001,-0.004,0.0,-0.0,,,9.9
-2.0,1.0,0.0,-0.0,-0.08,0.14,0.0,0.08,-0.37,-1.0,0.4,9.545,9.741,9.741,9.79,10.1,9.81,9.81,9.81,-0.001,0.001,-0.004,0.0,0.0,,,9.95
-2.0,1.0,0.0,-0.0,-0.04,0.11,-0.09,-0.33,-0.05,-1.0,0.4,9.526,9.692,9.722,9.771,9.91,9.71,9.81,9.81,-0.001,0.001,-0.004,0.0,0.0,,,10.0
-2.0,1.0,0.0,-0.0,-0.07,0.11,0.31,-0.14,-0.13,-1.0,0.4,9.545,9.712,9.741,9.79,10.1,9.81,9.81,10.01,-0.001,0.001,-0.004,0.0,0.0,,,10.05
-2.0,1.0,0.0,-0.0,-0.05,0.11,0.13,0.32,-0.25,-1.0,0.4,9.535,9.712,9.751,9.771,10.2,9.61,9.91,9.81,-0.001,0.001,-0.004,0.0,0.0,,,10.1
-2.0,1.0,0.0,-0.0,-0.05,0.11,0.02,0.11,-0.26,-1.0,0.4,9.535,9.702,9.722,9.79,10.3,9.61,9.61,9.91,-0.001,0.001,-0.004,0.0,0.0,,,10.15
-2.0,1.0,0.0,-0.0,-0.09,0.13,0.49,0.05,-0.18,-1.0,0.4,9.535,9.702,9.732,9.741,10.4,9.81,9.81,9.91,-0.001,0.001,-0.004,0.0,0.0,,,10.2
-2.0,1.0,0.0,-0.0,-0.06,0.11,0.16,0.13,-0.17,-1.0,0.4,9.545,9.702,9.761,9.771,10.4,9.81,9.61,10.1,-0.001,0.001,-0.004,0.0,0.0,,,10.25
-2.0,1.0,0.0,-0.0,-0.04,0.1,-0.11,0.33,-0.17,-1.0,0.4,9.555,9.712,9.722,9.771,10.4,9.71,9.61,9.81,-0.001,0.001,-0.004,0.0,0.0,,,10.3
-2.0,1.0,0.0,-0.0,-0.05,0.12,-0.0,0.08,0.24,-1.0,0.4,9.535,9.712,9.722,9.771,10.1,9.91,9.91,10.2,-0.001,0.001,-0.004,0.0,0.0,,,10.35
-2.0,1.0,0.0,0.0,-0.06,0.13,0.18,-0.13,0.13,-1.0,0.4,9.535,9.712,9.732,9.771,10.1,9.71,9.81,9.91,-0.001,0.001,-0.004,0.0,-0.0,,,10.4
-2.0,1.0,0.0,-0.0,-0.06,0.11,0.32,-0.3,0.43,-1.0,0.4,9.555,9.712,9.722,9.771,10.3,9.61,9.52,9.91,-0.001,0.001,-0.004,0.0,0.0,,,10.45
-2.0,1.0,0.0,-0.0,-0.06,0.12,-0.1,0.3,-0.13,-1.0,0.4,9.526,9.702,9.702,9.741,10.2,9.61,9.71,9.91,-0.001,0.001,-0.004,0.0,0.0,,,10.5
-2.0,1.0,0.0,-0.0,-0.07,0.11,0.46,-0.01,-0.21,-1.0,0.4,9.545,9.702,9.732,9.771,10.2,9.81,9.91,10.1,-0.001,0.001,-0.004,0.0,0.0,,,10.55
-2.0,1.0,0.0,-0.0,-0.05,0.1,0.01,0.2,0.28,-1.0,0.4,9.555,9.702,9.682,9.771,9.91,9.71,10.1,9.71,-0.001,0.001,-0.004,0.0,0.0,,,10.6
-2.0,1.0,0.0,-0.0,-0.05,0.1,0.11,0.19,0.09,-1.0,0.4,9.545,9.702,9.712,9.771,10.01,9.81,9.91,9.81,-0.001,0.001,-0.004,0.0,0.0,,,10.65
-2.0,1.0,0.0,-0.0,-0.06,0.13,0.08,0.13,-0.12,-1.0,0.4,9.526,9.732,9.722,9.771,10.01,9.81,9.91,9.91,-0.001,0.001,-0.004,0.0,0.0,,,10.7
-2.0,1.0,0.0,-0.0,-0.05,0.09,0.22,0.18,-0.25,-1.0,0.4,9.535,9.702,9.722,9.79,10.2,9.61,9.91,10.01,-0.001,0.001,-0.004,0.0,0.0,,,10.75
-2.0,1.0,0.0,0.0,-0.07,0.11,0.18,0.02,-0.18,-1.0,0.4,9.565,9.732,9.732,9.771,10.1,9.52,9.81,9.61,-0.001,0.001,-0.004,0.0,-0.0,,,10.8
-2.0,1.0,0.0,-0.0,-0.06,0.11,0.07,-0.05,-0.01,-1.0,0.4,9.565,9.702,9.741,9.79,9.81,9.71,9.81,9.81,-0.001,0.001,-0.004,0.0,0.0,,,10.85
-2.0,1.0,0.0,0.0,-0.05,0.11,0.01,-0.11,0.1,-1.0,0.4,9.555,9.712,9.751,9.771,10.2,9.81,9.81,9.91,-0.001,0.001,-0.004,0.0,-0.0,,,10.9
-2.0,1.0,0.0,-0.0,-0.06,0.14,0.08,-0.03,-0.06,-1.0,0.4,9.506,9.702,9.732,9.79,10.2,9.81,9.71,9.71,-0.001,0.001,-0.004,0.0,0.0,,,10.95
-2.0,1.0,0.0,0.0,-0.04,0.1,-0.34,-0.26,0.0,-1.0,0.4,9.535,9.712,9.702,9.771,10.1,9.81,9.81,9.91,-0.001,0.001,-0.004,0.0,-0.0,,,11.0
-1.9,1.0,0.0,-0.0,-0.07,0.13,-0.13,0.01,0.12,-1.0,0.4,9.555,9.702,9.751,9.771,10.1,9.81,9.91,9.81,-0.001,0.001,-0.004,0.0,0.0,,,11.05
-2.0,1.0,0.0,-0.0,-0.04,0.08,0.06,0.42,0.03,-1.0,0.4,9.545,9.702,9.722,9.771,10.1,9.81,9.81,9.81,-0.001,0.001,-0.004,0.0,0.0,,,11.1
-2.0,1.0,0.0,-0.0,-0.06,0.14,-0.11,0.17,-0.01,-1.0,0.4,9.535,9.702,9.702,9.771,9.91,10.01,9.91,9.91,-0.001,0.001,-0.004,0.0,0.0,,,11.15
-2.0,1.0,0.0,-0.0,-0.04,0.1,0.07,0.08,-0.01,-1.0,0.4,9.535,9.712,9.741,9.771,10.1,9.71,9.81,10.3,-0.001,0.001,-0.004,0.0,0.0,,,11.2
-2.0,1.0,0.0,0.0,-0.07,0.12,-0.23,0.17,-0.18,-1.0,0.4,9.535,9.732,9.722,9.771,10.2,9.81,10.01,9.61,-0.001,0.001,-0.004,0.0,-0.0,,,11.25
-2.0,1.0,0.0,-0.0,-0.05,0.1,0.14,0.13,0.06,-1.0,0.4,9.506,9.692,9.722,9.771,10.01,9.61,9.42,9.71,-0.001,0.001,-0.004,0.0,0.0,,,11.3
-2.0,1.0,0.0,0.0,-0.03,0.09,-0.14,0.07,0.17,-1.0,0.4,9.526,9.692,9.722,9.771,10.2,9.81,9.81,9.81,-0.001,0.001,-0.004,0.0,-0.0,,,11.35
-2.0,1.0,0.0,-0.0,-0.09,0.14,0.32,0.28,0.08,-1.0,0.4,9.555,9.722,9.741,9.79,10.1,9.91,9.91,10.01,-0.001,0.001,-0.004,0.0,0.0,,,11.4
-2.0,1.0,0.0,0.0,-0.02,0.09,0.02,-0.11,0.31,-1.0,0.4,9.526,9.702,9.732,9.771,10.2,9.81,9.71,9.91,-0.001,0.001,-0.004,0.0,-0.0,,,11.45
-2.0,1.0,0.0,0.0,-0.07,0.13,-0.07,-0.11,-0.07,-1.0,0.4,9.526,9.702,9.722,9.771,10.1,9.52,9.81,10.2,-0.001,0.001,-0.004,0.0,-0.0,,,11.5
-2.0,1.0,0.0,-0.0,-0.06,0.1,0.28,0.24,0.25,-1.0,0.4,9.575,9.702,9.761,9.79,10.2,9.81,9.91,9.71,-0.001,0.001,-0.004,0.0,0.0,,,11.55
-2.0,1.0,0.0,0.0,-0.05,0.12,-0.26,-0.42,-0.08,-1.0,0.4,9.516,9.732,9.741,9.771,10.1,9.52,9.42,10.1,-0.001,0.001,-0.004,0.0,-0.0,,,11.6
-2.0,1.0,0.0,0.0,-0.06,0.13,-0.11,0.04,0.08,-1.0,0.4,9.506,9.712,9.741,9.771,10.1,10.01,9.91,9.91,-0.001,0.001,-0.004,0.0,-0.0,,,11.65
-2.0,1.0,0.0,0.0,-0.05,0.11,0.02,0.06,-0.06,-1.0,0.4,9.516,9.732,9.692,9.81,10.01,9.81,9.91,9.91,-0.001,0.001,-0.004,0.0,-0.0,,,11.7
-2.0,1.0,0.0,0.0,-0.04,0.11,-0.35,0.2,0.32,-1.0,0.4,9.545,9.663,9.702,9.722,10.1,9.71,9.61,9.81,-0.001,0.001,-0.004,0.0,-0.0,,,11.75
-2.0,1.0,0.0,-0.0,-0.08,0.12,-0.23,-0.34,-0.18,-1.0,0.4,9.535,9.732,9.751,9.81,10.01,9.61,9.91,9.91,-0.001,0.001,-0.004,0.0,0.0,,,11.8
-2.0,1.0,0.0,-0.0,-0.03,0.11,0.22,0.24,0.04,-1.0,0.4,9.565,9.722,9.682,9.741,10.01,9.71,9.81,9.71,-0.001,0.001,-0.004,0.0,0.0,,,11.85
-2.0,1.0,0.0,-0.0,-0.08,0.13,0.09,-0.14,-0.06,-1.0,0.4,9.545,9.692,9.732,9.79,10.1,9.52,9.81,9.81,-0.001,0.001,-0.004,0.0,0.0,,,11.9
-2.0,1.0,0.0,-0.0,-0.04,0.1,0.2,0.41,0.02,-1.0,0.4,9.555,9.722,9.702,9.771,10.1,9.81,9.81,10.01,-0.001,0.001,-0.004,0.0,0.0,,,11.95
-2.0,1.0,0.0,-0.0,-0.06,0.13,-0.01,0.08,0.06,-1.0,0.4,9.575,9.722,9.732,9.771,10.01,10.01,9.91,9.91,-0.001,0.001,-0.004,0.0,0.0,,,12.0
-2.0,1.0,0.0,0.0,-0.04,0.09,-0.11,0.13,0.09,-1.0,0.4,9.526,9.741,9.732,9.771,10.01,10.01,9.81,10.1,-0.001,0.001,-0.004,0.0,-0.0,,,12.05
-2.0,1.0,0.0,-0.0,-0.08,0.17,0.16,-0.1,-0.09,-1.0,0.4,9.535,9.673,9.722,9.79,9.91,9.61,9.42,9.81,-0.001,0.001,-0.004,0.0,0.0,,,12.1
-2.0,1.0,0.0,0.0,-0.02,0.07,-0.17,-0.24,-0.06,-1.0,0.4,9.506,9.712,9.751,9.79,10.2,9.81,10.1,9.81,-0.001,0.001,-0.004,0.0,-0.0,,,12.15
-2.0,1.0,0.0,-0.0,-0.08,0.14,0.18,-0.04,-0.24,-1.0,0.4,9.506,9.732,9.741,9.771,10.2,9.71,10.1,10.01,-0.001,0.001,-0.004,0.0,0.0,,,12.2
-2.0,1.0,0.0,0.0,-0.05,0.1,0.02,0.01,-0.17,-1.0,0.4,9.535,9.673,9.722,9.741,10.3,10.01,9.81,9.81,-0.001,0.001,-0.004,0.0,-0.0,,,12.25
-2.0,1.0,0.0,-0.0,-0.06,0.1,0.28,0.21,0.02,-1.0,0.4,9.545,9.712,9.732,9.771,9.91,9.81,10.1,10.01,-0.001,0.001,-0.004,0.0,0.0,,,12.3
-2.0,1.0,0.0,-0.0,-0.05,0.14,-0.17,0.04,0.09,-1.0,0.4,9.535,9.722,9.741,9.722,10.01,9.91,9.91,9.42,-0.001,0.001,-0.004,0.0,0.0,,,12.35
-2.0,1.0,0.0,-0.0,-0.05,0.12,0.12,-0.15,0.34,-1.0,0.4,9.535,9.692,9.741,9.771,10.2,10.1,9.81,9.81,-0.001,0.001,-0.004,0.0,0.0,,,12.4
-2.0,1.0,0.0,0.0,-0.05,0.1,-0.03,-0.24,0.13,-1.0,0.4,9.526,9.722,9.712,9.771,10.3,9.61,9.52,10.01,-0.001,0.001,-0.004,0.0,-0.0,,,12.45
-2.0,1.0,0.0,-0.0,-0.08,0.13,0.03,-0.02,0.27,-1.0,0.4,9.555,9.732,9.732,9.771,10.1,9.71,9.91,9.91,-0.001,0.001,-0.004,0.0,0.0,,,12.5
-2.0,1.0,0.0,0.0,-0.05,0.11,-0.03,0.23,-0.1,-1.0,0.4,9.526,9.732,9.732,9.79,10.3,9.91,9.91,9.91,-0.001,0.001,-0.004,0.0,-0.0,,,12.55
-2.0,1.0,0.0,0.0,-0.05,0.12,0.16,-0.05,0.07,-1.0,0.4,9.526,9.712,9.692,9.771,10.3,9.71,9.81,9.91,-0.001,0.001,-0.004,0.0,-0.0,,,12.6
-2.0,1.0,0.0,-0.0,-0.05,0.13,-0.08,-0.18,0.21,-1.0,0.4,9.555,9.722,9.732,9.771,10.1,9.61,9.91,9.91,-0.001,0.001,-0.004,0.0,0.0,,,12.65
-2.0,1.0,0.0,0.0,-0.05,0.11,-0.11,-0.19,-0.01,-1.0,0.4,9.545,9.712,9.702,9.771,10.01,9.52,9.61,9.81,-0.001,0.001,-0.004,0.0,-0.0,,,12.7
-2.0,1.0,0.0,-0.0,-0.05,0.12,-0.2,0.03,0.3,-1.0,0.4,9.526,9.712,9.751,9.771,10.4,9.81,9.61,10.1,-0.001,0.001,-0.004,0.0,0.0,,,12.75
-2.0,1.0,0.0,-0.0,-0.05,0.1,0.17,-0.14,-0.25,-1.0,0.4,9.516,9.741,9.741,9.741,9.91,9.81,9.52,9.91,-0.001,0.001,-0.004,0.0,0.0,,,12.8
-2.0,1.0,0.0,0.0,-0.06,0.14,-0.15,0.32,-0.04,-1.0,0.4,9.535,9.732,9.761,9.771,10.5,9.91,9.81,9.81,-0.001,0.001,-0.004,0.0,-0.0,,,12.85
-2.0,1.0,0.0,-0.0,-0.04,0.11,-0.27,-0.04,0.19,-1.0,0.4,9.526,9.722,9.732,9.741,10.3,9.61,9.71,10.1,-0.001,0.001,-0.004,0.0,0.0,,,12.9
-2.0,1.0,0.0,-0.0,-0.07,0.13,0.05,-0.02,0.2,-1.0,0.4,9.535,9.712,9.722,9.771,10.01,9.52,9.61,10.1,-0.001,0.001,-0.004,0.0,0.0,,,12.95
-2.0,1.0,0.0,-0.0,-0.05,0.11,0.12,-0.28,0.16,-1.0,0.4,9.535,9.702,9.741,9.771,10.1,9.81,9.71,9.81,-0.001,0.001,-0.004,0.0,0.0,,,13.0
-2.0,1.0,0.0,0.0,-0.03,0.09,-0.29,0.26,-0.04,-1.0,0.4,9.545,9.741,9.732,9.771,10.3,9.91,9.81,9.81,-0.001,0.001,-0.004,0.0,-0.0,,,13.05
-2.0,1.0,0.0,-0.0,-0.09,0.15,-0.02,-0.06,-0.04,-1.0,0.4,9.535,9.702,9.712,9.771,10.2,9.71,9.91,9.81,-0.001,0.001,-0.004,0.0,0.0,,,13.1
-2.0,1.0,0.0,-0.0,-0.08,0.14,-0.09,-0.14,0.09,-1.0,0.4,9.545,9.702,9.712,9.79,10.2,9.81,9.91,10.1,-0.001,0.001,-0.004,0.0,0.0,,,13.15
-2.0,1.0,0.0,0.0,-0.02,0.11,-0.47,-0.22,0.02,-1.0,0.4,9.545,9.712,9.741,9.771,10.01,9.61,9.61,10.01,-0.001,0.001,-0.004,0.0,-0.0,,,13.2
-2.0,1.0,0.0,0.0,-0.04,0.1,-0.14,-0.2,0.1,-1.0,0.4,9.535,9.722,9.751,9.79,10.2,9.61,10.01,9.81,-0.001,0.001,-0.004,0.0,-0.0,,,13.25
-2.0,1.0,0.0,0.0,-0.07,0.13,-0.45,-0.1,-0.21,-1.0,0.4,9.526,9.702,9.682,9.741,10.1,9.81,9.61,9.81,-0.001,0.001,-0.004,0.0,-0.0,,,13.3
-2.0,1.0,0.0,-0.0,-0.04,0.11,0.2,0.22,0.07,-1.0,0.4,9.555,9.702,9.741,9.81,10.01,10.01,9.61,9.81,-0.001,0.001,-0.004,0.0,0.0,,,13.35
-2.0,1.0,0.0,-0.0,-0.05,0.12,0.47,-0.37,0.02,-1.0,0.4,9.555,9.732,9.751,9.81,10.1,9.81,9.52,9.81,-0.001,0.001,-0.004,0.0,0.0,,,13.4
-2.0,1.0,0.0,-0.0,-0.06,0.12,0.03,0.07,-0.08,-1.0,0.4,9.526,9.692,9.682,9.771,10.2,10.1,9.91,10.1,-0.001,0.001,-0.004,0.0,0.0,,,13.45
-2.0,1.0,0.0,0.0,-0.06,0.13,-0.09,-0.03,-0.1,-1.0,0.4,9.506,9.702,9.741,9.771,10.01,9.91,9.91,9.91,-0.001,0.001,-0.004,0.0,-0.0,,,13.5
-2.0,1.0,0.0,-0.0,-0.06,0.11,0.27,-0.09,-0.15,-1.0,0.4,9.565,9.732,9.751,9.79,10.01,9.91,9.71,9.71,-0.001,0.001,-0.004,0.0,0.0,,,13.55
-2.0,1.0,0.0,-0.0,-0.06,0.12,0.4,-0.25,0.15,-1.0,0.4,9.535,9.692,9.751,9.741,10.2,9.71,9.71,9.91,-0.001,0.001,-0.004,0.0,0.0,,,13.6
-2.0,1.0,0.0,0.0,-0.05,0.11,-0.02,0.03,-0.03,-1.0,0.4,9.496,9.682,9.702,9.771,10.2,9.71,9.91,10.1,-0.001,0.001,-0.004,0.0,-0.0,,,13.65
-2.0,1.0,0.0,-0.0,-0.06,0.11,0.06,0.14,-0.13,-1.0,0.4,9.555,9.771,9.722,9.79,10.3,9.81,9.81,10.1,-0.001,0.001,-0.004,0.0,0.0,,,13.7
-2.0,1.0,0.0,0.0,-0.06,0.12,-0.0,-0.12,-0.16,-1.0,0.4,9.575,9.732,9.722,9.79,10.59,10.01,9.61,9.61,-0.001,0.001,-0.004,0.0,-0.0,,,13.75
-2.0,1.0,0.0,0.0,-0.08,0.14,-0.39,-0.19,-0.15,-1.0,0.4,9.526,9.682,9.712,9.79,10.1,9.61,9.61,10.01,-0.001,0.001,-0.004,0.0,-0.0,,,13.8
-2.0,1.0,0.0,-0.0,-0.05,0.08,0.11,0.12,0.09,-1.0,0.4,9.555,9.732,9.673,9.741,10.2,9.81,9.81,9.91,-0.001,0.001,-0.004,0.0,0.0,,,13.85
-2.0,1.0,0.0,-0.0,-0.08,0.12,0.21,0.25,-0.12,-1.0,0.4,9.545,9.732,9.741,9.771,10.01,9.81,9.71,9.81,-0.001,0.001,-0.004,0.0,0.0,,,13.9
-2.0,1.0,0.0,-0.0,-0.05,0.12,0.36,0.01,-0.28,-1.0,0.4,9.555,9.732,9.732,9.771,9.91,9.71,9.71,10.01,-0.001,0.001,-0.004,0.0,0.0,,,13.95
-2.0,1.0,0.0,-0.0,-0.04,0.11,0.28,0.27,0.18,-1.0,0.4,9.535,9.712,9.712,9.771,9.91,9.61,10.01,10.01,-0.001,0.001,-0.004,0.0,0.0,,,14.0
-2.0,1.0,0.0,-0.0,-0.05,0.1,0.57,0.32,-0.01,-1.0,0.4,9.545,9.722,9.722,9.79,10.2,9.52,9.91,9.91,-0.001,0.001,-0.004,0.0,0.0,,,14.05
-2.0,1.0,0.0,-0.0,-0.06,0.12,-0.06,0.06,0.33,-1.0,0.4,9.545,9.732,9.692,9.741,10.1,9.81,9.91,9.91,-0.001,0.001,-0.004,0.0,0.0,,,14.1
-2.0,1.0,0.0,-0.0,-0.07,0.11,0.18,-0.27,-0.07,-1.0,0.4,9.545,9.732,9.781,9.81,10.01,9.61,9.61,9.81,-0.001,0.001,-0.004,0.0,0.0,,,14.15
-2.0,1.0,0.0,0.0,-0.06,0.12,-0.24,-0.07,-0.32,-1.0,0.4,9.526,9.722,9.702,9.741,10.2,9.91,9.91,9.71,-0.001,0.001,-0.004,0.0,-0.0,,,14.2
-2.0,1.0,0.0,0.0,-0.06,0.13,-0.01,0.01,0.19,-1.0,0.4,9.496,9.692,9.712,9.771,9.81,9.81,9.81,9.81,-0.001,0.001,-0.004,0.0,-0.0,,,14.25
-2.0,1.0,0.0,0.0,-0.05,0.12,0.22,-0.2,0.13,-1.0,0.4,9.555,9.722,9.751,9.79,10.2,9.71,9.81,9.81,-0.001,0.001,-0.004,0.0,-0.0,,,14.3
-2.0,1.0,0.0,-0.0,-0.05,0.08,0.38,0.13,-0.19,-1.0,0.4,9.575,9.722,9.732,9.771,10.1,9.81,9.81,9.71,-0.001,0.001,-0.004,0.0,0.0,,,14.35
-2.0,1.0,0.0,0.0,-0.06,0.1,-0.19,0.1,-0.39,-1.0,0.4,9.535,9.692,9.741,9.79,10.01,9.91,9.61,9.91,-0.001,0.001,-0.004,0.0,-0.0,,,14.4
-2.0,1.0,0.0,-0.0,-0.05,0.11,0.51,-0.15,0.14,-1.0,0.4,9.545,9.761,9.712,9.741,10.2,9.71,9.61,9.91,-0.001,0.001,-0.004,0.0,0.0,,,14.45
-2.0,1.0,0.0,-0.0,-0.08,0.13,0.11,0.05,-0.07,-1.0,0.4,9.526,9.732,9.732,9.79,10.1,9.81,9.71,9.91,-0.001,0.001,-0.004,0.0,0.0,,,14.5
-2.0,1.0,0.0,-0.0,-0.07,0.12,0.45,-0.02,0.06,-1.0,0.4,9.555,9.712,9.692,9.741,9.91,9.81,9.81,9.91,-0.001,0.001,-0.004,0.0,0.0,,,14.55
-2.0,1.0,0.0,0.0,-0.05,0.12,-0.36,-0.06,0.01,-1.0,0.4,9.535,9.722,9.732,9.771,10.2,9.71,9.81,9.71,-0.001,0.001,-0.004,0.0,-0.0,,,14.6
-2.0,1.0,0.0,0.0,-0.04,0.09,0.07,-0.28,-0.2,-1.0,0.4,9.535,9.722,9.702,9.741,10.4,9.71,10.01,10.01,-0.001,0.001,-0.004,0.0,-0.0,,,14.65
-2.0,1.0,0.0,0.0,-0.11,0.19,0.07,-0.08,0.11,-1.0,0.4,9.535,9.732,9.761,9.79,10.3,9.91,9.91,10.01,-0.001,0.001,-0.004,0.0,-0.0,,,14.7
-2.0,1.0,0.0,-0.0,-0.09,0.15,0.15,0.06,0.1,-1.0,0.4,9.535,9.702,9.732,9.771,9.81,9.71,9.61,10.01,-0.001,0.001,-0.004,0.0,0.0,,,14.75
-2.0,1.0,0.0,-0.0,-0.03,0.12,-0.11,-0.12,0.06,-1.0,0.4,9.545,9.712,9.751,9.81,10.1,9.32,9.81,9.91,-0.001,0.001,-0.004,0.0,0.0,,,14.8
-2.0,1.0,0.0,-0.0,-0.07,0.13,0.14,-0.27,0.19,-1.0,0.4,9.545,9.712,9.751,9.771,9.91,9.71,9.91,9.81,-0.001,0.001,-0.004,0.0,0.0,,,14.85
-2.0,1.0,0.0,0.0,-0.05,0.09,-0.07,-0.03,0.0,-1.0,0.4,9.535,9.692,9.732,9.741,9.91,9.71,9.91,9.91,-0.001,0.001,-0.004,0.0,-0.0,,,14.9
-2.0,1.0,0.0,-0.0,-0.06,0.12,-0.02,-0.27,0.23,-1.0,0.4,9.516,9.732,9.751,9.771,10.01,9.81,9.81,10.01,-0.001,0.001,-0.004,0.0,0.0,,,14.95
-2.0,1.0,0.0,-0.0,-0.04,0.12,-0.12,0.18,0.32,-1.0,0.4,9.555,9.741,9.741,9.79,9.91,9.61,9.61,10.01,-0.001,0.001,-0.004,0.0,0.0,,,15.0
-2.0,1.0,0.0,0.0,-0.06,0.13,-0.09,0.37,0.02,-1.0,0.4,9.516,9.692,9.702,9.771,10.2,9.91,9.61,9.81,-0.001,0.001,-0.004,0.0,-0.0,,,15.05
-2.0,1.0,0.0,-0.0,-0.05,0.11,-0.08,0.11,0.03,-1.0,0.4,9.535,9.712,9.751,9.79,10.1,9.61,9.61,9.91,-0.001,0.001,-0.004,0.0,0.0,,,15.1
-2.0,1.0,0.0,-0.0,-0.06,0.1,0.35,0.02,-0.05,-1.0,0.4,9.545,9.732,9.702,9.79,10.01,9.81,9.81,10.01,-0.001,0.001,-0.004,0.0,0.0,,,15.15
-2.0,1.0,0.0,-0.0,-0.06,0.1,0.38,-0.02,-0.28,-1.0,0.4,9.535,9.692,9.741,9.741,10.3,9.71,9.61,10.1,-0.001,0.001,-0.004,0.0,0.0,,,15.2
-2.0,1.0,0.0,-0.0,-0.07,0.12,0.42,0.13,-0.03,-1.0,0.4,9.526,9.722,9.722,9.741,10.3,9.91,9.61,10.01,-0.001,0.001,-0.004,0.0,0.0,,,15.25
-2.0,1.0,0.0,-0.0,-0.05,0.12,-0.02,-0.26,-0.11,-1.0,0.4,9.545,9.732,9.741,9.771,10.1,9.81,9.71,10.01,-0.001,0.001,-0.004,0.0,0.0,,,15.3
-2.0,1.0,0.0,0.0,-0.08,0.13,-0.2,-0.07,-0.14,-1.0,0.4,9.545,9.692,9.732,9.771,10.1,9.61,9.71,9.81,-0.001,0.001,-0.004,0.0,-0.0,,,15.35
-2.0,1.0,0.0,-0.0,-0.05,0.1,0.05,0.12,0.27,-1.0,0.4,9.535,9.732,9.712,9.79,10.2,10.1,9.81,9.91,-0.001,0.001,-0.004,0.0,0.0,,,15.4
-2.0,1.0,0.0,0.0,-0.04,0.1,-0.38,0.12,-0.07,-1.0,0.4,9.535,9.712,9.732,9.771,10.2,9.81,9.81,9.81,-0.001,0.001,-0.004,0.0,-0.0,,,15.45
-2.0,1.0,0.0,-0.0,-0.09,0.18,0.09,-0.07,0.12,-1.0,0.4,9.526,9.722,9.732,9.771,10.1,9.61,9.91,10.1,-0.001,0.001,-0.004,0.0,0.0,,,15.5
-2.0,1.0,0.0,0.0,-0.06,0.14,-0.38,-0.18,0.19,-1.0,0.4,9.555,9.702,9.722,9.771,10.2,9.52,9.91,9.91,-0.001,0.001,-0.004,0.0,-0.0,,,15.55
-2.0,1.0,0.0,-0.0,-0.06,0.11,0.27,0.01,-0.19,-1.0,0.4,9.555,9.673,9.741,9.79,10.4,9.91,10.1,9.91,-0.001,0.001,-0.004,0.0,0.0,,,15.6
-2.0,1.0,0.0,-0.0,-0.06,0.12,0.03,0.19,0.24,-1.0,0.4,9.526,9.732,9.722,9.79,10.2,9.81,9.61,9.61,-0.001,0.001,-0.004,0.0,0.0,,,15.65
-2.0,1.0,0.0,-0.0,-0.05,0.12,0.05,-0.3,0.04,-1.0,0.4,9.535,9.702,9.722,9.771,10.1,9.81,9.81,9.91,-0.001,0.001,-0.004,0.0,0.0,,,15.7
-2.0,1.0,0.0,-0.0,-0.05,0.12,0.07,-0.01,0.2,-1.0,0.4,9.545,9.712,9.722,9.79,10.2,9.61,9.61,9.81,-0.001,0.001,-0.004,0.0,0.0,,,15.75
-2.0,1.0,0.0,-0.0,-0.06,0.11,0.39,0.04,0.31,-1.0,0.4,9.555,9.732,9.712,9.79,10.1,9.81,9.91,10.01,-0.001,0.001,-0.004,0.0,0.0,,,15.8
-2.0,1.0,0.0,-0.0,-0.07,0.12,0.21,0.01,0.03,-1.0,0.4,9.526,9.722,9.682,9.741,10.01,9.71,9.81,9.91,-0.001,0.001,-0.004,0.0,0.0,,,15.85
-2.0,1.0,0.0,0.0,-0.04,0.1,-0.28,0.13,0.32,-1.0,0.4,9.545,9.702,9.702,9.771,10.3,9.71,9.71,9.81,-0.001,0.001,-0.004,0.0,-0.0,,,15.9
-2.0,1.0,0.0,-0.0,-0.06,0.13,-0.01,-0.3,-0.25,-1.0,0.4,9.535,9.702,9.722,9.771,10.2,9.61,9.71,10.2,-0.001,0.001,-0.004,0.0,0.0,,,15.95
-2.0,1.0,0.0,-0.0,-0.04,0.09,0.22,0.26,-0.25,-1.0,0.4,9.526,9.692,9.741,9.79,10.1,9.81,9.81,10.01,-0.001,0.001,-0.004,0.0,0.0,,,16.0
-2.0,1.0,0.0,0.0,-0.06,0.14,-0.37,-0.21,0.03,-1.0,0.4,9.535,9.722,9.712,9.771,10.1,9.81,9.81,9.71,-0.001,0.001,-0.004,0.0,-0.0,,,16.05
-2.0,1.0,0.0,-0.0,-0.06,0.13,0.04,-0.25,-0.02,-1.0,0.4,9.516,9.712,9.732,9.722,10.2,9.61,9.81,10.1,-0.001,0.001,-0.004,0.0,0.0,,,16.1
-2.0,1.0,0.0,-0.0,-0.03,0.09,-0.02,-0.04,0.38,-1.0,0.4,9.526,9.732,9.761,9.79,10.1,9.81,9.71,10.01,-0.001,0.001,-0.004,0.0,0.0,,,16.15
-2.0,1.0,0.0,0.0,-0.06,0.11,0.08,-0.2,-0.16,-1.0,0.4,9.555,9.722,9.722,9.771,10.01,9.81,9.71,10.1,-0.001,0.001,-0.004,0.0,-0.0,,,16.2
-2.0,1.0,0.0,-0.0,-0.09,0.1,0.03,0.04,-0.13,-1.0,0.4,9.565,9.692,9.751,9.741,10.2,9.81,9.91,9.61,-0.001,0.001,-0.004,0.0,0.0,,,16.25
-2.0,1.0,0.0,0.0,-0.09,0.12,0.08,0.31,0.04,-1.0,0.4,9.545,9.712,9.741,9.741,10.01,9.91,9.71,10.01,-0.001,0.001,-0.004,0.0,-0.0,,,16.3
-2.0,1.0,0.0,-0.0,-0.07,0.13,0.14,-0.02,-0.08,-1.0,0.4,9.575,9.761,9.741,9.771,9.91,9.81,9.71,9.91,-0.001,0.001,-0.004,0.0,0.0,,,16.35
-2.0,1.0,0.0,0.0,-0.03,0.1,-0.16,0.0,0.34,-1.0,0.4,9.506,9.692,9.702,9.771,10.2,9.61,9.81,9.91,-0.001,0.001,-0.004,0.0,-0.0,,,16.4
-2.0,1.0,0.0,0.0,-0.03,0.13,-0.05,0.01,0.04,-1.0,0.4,9.506,9.663,9.712,9.79,10.1,9.81,9.71,10.01,-0.001,0.001,-0.004,0.0,-0.0,,,16.45
-2.0,1.0,0.0,0.0,-0.05,0.1,-0.15,-0.29,-0.1,-1.0,0.4,9.545,9.732,9.732,9.771,10.2,9.61,10.01,10.1,-0.001,0.001,-0.004,0.0,-0.0,,,16.5
-2.0,1.0,0.0,-0.0,-0.08,0.11,0.02,0.36,-0.18,-1.0,0.4,9.545,9.702,9.692,9.741,10.01,9.42,9.91,10.01,-0.001,0.001,-0.004,0.0,0.0,,,16.55
-2.0,1.0,0.0,-0.0,-0.07,0.12,0.19,-0.08,-0.08,-1.0,0.4,9.545,9.702,9.692,9.79,10.01,10.01,9.91,9.61,-0.001,0.001,-0.004,0.0,0.0,,,16.6
-2.0,1.0,0.0,-0.0,-0.06,0.12,-0.1,-0.3,-0.13,-1.0,0.4,9.594,9.702,9.712,9.771,10.2,10.1,9.71,9.91,-0.001,0.001,-0.004,0.0,0.0,,,16.65
-2.0,1.0,0.0,-0.0,-0.04,0.11,0.2,0.1,0.18,-1.0,0.4,9.545,9.712,9.722,9.771,10.3,10.01,9.91,9.91,-0.001,0.001,-0.004,0.0,0.0,,,16.7
-2.0,1.0,0.0,-0.0,-0.05,0.12,0.04,0.07,-0.01,-1.0,0.4,9.486,9.702,9.761,9.81,10.2,9.52,9.91,9.81,-0.001,0.001,-0.004,0.0,0.0,,,16.75
-2.0,1.0,0.0,0.0,-0.05,0.11,0.19,-0.17,0.35,-1.0,0.4,9.555,9.732,9.771,9.79,10.01,9.71,9.91,9.81,-0.001,0.001,-0.004,0.0,-0.0,,,16.8
-2.0,1.0,0.0,-0.0,-0.08,0.13,0.01,0.45,0.11,-1.0,0.4,9.565,9.702,9.741,9.771,10.01,9.71,9.81,10.1,-0.001,0.001,-0.004,0.0,0.0,,,16.85
-2.0,1.0,0.0,0.0,-0.03,0.09,-0.18,0.27,0.08,-1.0,0.4,9.526,9.702,9.722,9.771,10.01,9.81,9.91,10.01,-0.001,0.001,-0.004,0.0,-0.0,,,16.9
-2.0,1.0,0.0,-0.0,-0.06,0.13,-0.09,-0.18,0.3,-1.0,0.4,9.545,9.712,9.712,9.79,9.91,9.81,9.91,9.91,-0.001,0.001,-0.004,0.0,0.0,,,16.95
-2.0,1.0,0.0,-0.0,-0.06,0.12,0.28,-0.2,0.0,-1.0,0.4,9.555,9.722,9.702,9.741,10.2,10.01,10.01,10.2,-0.001,0.001,-0.004,0.0,0.0,,,17.0
-2.0,1.0,0.0,0.0,-0.03,0.1,-0.22,0.09,0.17,-1.0,0.4,9.526,9.702,9.712,9.79,10.01,9.61,9.81,9.61,-0.001,0.001,-0.004,0.0,-0.0,,,17.05
-2.0,1.0,0.0,0.0,-0.12,0.18,-0.1,-0.23,0.03,-1.0,0.4,9.526,9.712,9.702,9.79,10.3,9.91,9.81,10.1,-0.001,0.001,-0.004,0.0,-0.0,,,17.1
-2.0,1.0,0.0,-0.0,-0.08,0.15,0.14,-0.21,-0.28,-1.0,0.4,9.565,9.692,9.722,9.771,10.01,9.91,9.81,9.91,-0.001,0.001,-0.004,0.0,0.0,,,17.15
-2.0,1.0,0.0,-0.0,-0.06,0.11,0.3,0.09,0.18,-1.0,0.4,9.555,9.712,9.751,9.79,10.01,9.91,9.91,10.1,-0.001,0.001,-0.004,0.0,0.0,,,17.2
-2.0,1.0,0.0,-0.0,-0.04,0.12,0.05,0.05,0.05,-1.0,0.4,9.516,9.682,9.702,9.741,10.3,9.71,9.91,9.81,-0.001,0.001,-0.004,0.0,0.0,,,17.25
-2.0,1.0,0.0,0.0,-0.06,0.12,-0.4,-0.04,-0.03,-1.0,0.4,9.516,9.722,9.771,9.771,10.01,9.71,9.81,9.71,-0.001,0.001,-0.004,0.0,-0.0,,,17.3
-2.0,1.0,0.0,-0.0,-0.06,0.11,0.04,0.12,-0.33,-1.0,0.4,9.545,9.702,9.741,9.771,10.2,9.71,9.91,9.91,-0.001,0.001,-0.004,0.0,0.0,,,17.35
-2.0,1.0,0.0,-0.0,-0.04,0.13,-0.04,-0.02,0.4,-1.0,0.4,9.545,9.722,9.751,9.79,10.4,9.52,9.61,9.91,-0.001,0.001,-0.004,0.0,0.0,,,17.4
-2.0,1.0,0.0,-0.0,-0.04,0.1,-0.03,0.16,-0.22,-1.0,0.4,9.545,9.692,9.741,9.771,10.01,9.61,9.91,10.2,-0.001,0.001,-0.004,0.0,0.0,,,17.45
-2.0,1.0,0.0,-0.0,-0.07,0.13,0.04,-0.2,0.1,-1.0,0.4,9.535,9.732,9.741,9.771,10.1,9.71,9.91,10.1,-0.001,0.001,-0.004,0.0,0.0,,,17.5
-2.0,1.0,0.0,-0.0,-0.05,0.09,0.3,-0.09,0.04,-1.0,0.4,9.535,9.663,9.741,9.741,10.2,10.1,9.81,9.61,-0.001,0.001,-0.004,0.0,0.0,,,17.55
-2.0,1.0,0.0,-0.0,-0.06,0.14,-0.06,-0.1,0.05,-1.0,0.4,9.535,9.712,9.741,9.771,10.1,9.61,9.91,10.1,-0.001,0.001,-0.004,0.0,0.0,,,17.6
-2.0,1.0,0.0,-0.0,-0.03,0.11,-0.02,0.09,0.11,-1.0,0.4,9.535,9.712,9.741,9.741,10.01,9.81,9.52,9.81,-0.001,0.001,-0.004,0.0,0.0,,,17.65
-2.0,1.0,0.0,0.0,-0.06,0.12,-0.13,-0.18,-0.09,-1.0,0.4,9.535,9.682,9.732,9.741,9.81,9.91,9.81,10.01,-0.001,0.001,-0.004,0.0,-0.0,,,17.7
-2.0,1.0,0.0,-0.0,-0.07,0.1,0.03,-0.08,-0.15,-1.0,0.4,9.565,9.712,9.702,9.79,10.1,9.61,9.61,9.91,-0.001,0.001,-0.004,0.0,0.0,,,17.75
-2.0,1.0,0.0,-0.0,-0.08,0.1,0.24,0.16,-0.19,-1.0,0.4,9.545,9.741,9.712,9.771,10.01,9.81,9.81,9.91,-0.001,0.001,-0.004,0.0,0.0,,,17.8
-2.0,1.0,0.0,0.0,-0.06,0.11,-0.03,0.19,-0.04,-1.0,0.4,9.516,9.712,9.741,9.771,10.2,9.61,10.01,10.01,-0.001,0.001,-0.004,0.0,-0.0,,,17.85
-2.0,1.0,0.0,-0.0,-0.08,0.15,0.14,-0.13,0.3,-1.0,0.4,9.535,9.702,9.741,9.771,9.81,10.01,9.91,10.1,-0.001,0.001,-0.004,0.0,0.0,,,17.9
-2.0,1.0,0.0,0.0,-0.03,0.12,-0.62,0.03,0.16,-1.0,0.4,9.545,9.722,9.741,9.741,10.01,9.61,9.61,9.81,-0.001,0.001,-0.004,0.0,-0.0,,,17.95
-2.0,1.0,0.0,-0.0,-0.06,0.12,-0.02,0.12,-0.12,-1.0,0.4,9.526,9.692,9.732,9.771,10.01,9.61,9.91,10.2,-0.001,0.001,-0.004,0.0,0.0,,,18.0
-2.0,1.0,0.0,-0.0,-0.06,0.11,0.11,-0.1,-0.07,-1.0,0.4,9.545,9.712,9.741,9.741,10.01,9.91,9.81,9.81,-0.001,0.001,-0.004,0.0,0.0,,,18.05
-2.0,1.0,0.0,-0.0,-0.07,0.13,0.03,-0.02,-0.26,-1.0,0.4,9.565,9.732,9.732,9.771,10.1,9.81,9.71,10.1,-0.001,0.001,-0.004,0.0,0.0,,,18.1
-2.0,1.0,0.0,-0.0,-0.06,0.12,0.39,0.16,0.17,-1.0,0.4,9.535,9.702,9.732,9.79,10.2,9.81,9.81,9.91,-0.001,0.001,-0.004,0.0,0.0,,,18.15
-2.0,1.0,0.0,0.0,-0.03,0.11,-0.45,0.01,0.23,-1.0,0.4,9.555,9.712,9.741,9.741,10.01,9.91,9.81,9.61,-0.001,0.001,-0.004,0.0,-0.0,,,18.2
-2.0,1.0,0.0,-0.0,-0.06,0.11,0.22,-0.01,0.06,-1.0,0.4,9.565,9.722,9.741,9.79,9.91,9.81,9.42,10.1,-0.001,0.001,-0.004,0.0,0.0,,,18.25
-2.0,1.0,0.0,-0.0,-0.05,0.12,-0.04,-0.14,0.34,-1.0,0.4,9.545,9.702,9.722,9.771,9.81,9.71,9.81,9.91,-0.001,0.001,-0.004,0.0,0.0,,,18.3
-2.0,1.0,0.0,0.0,-0.05,0.11,-0.32,0.09,-0.13,-1.0,0.4,9.535,9.702,9.712,9.79,9.91,9.81,9.91,9.91,-0.001,0.001,-0.004,0.0,-0.0,,,18.35
-2.0,1.0,0.0,-0.0,-0.07,0.14,-0.05,-0.17,-0.29,-1.0,0.4,9.545,9.702,9.722,9.771,10.01,10.1,9.91,10.01,-0.001,0.001,-0.004,0.0,0.0,,,18.4
-2.0,1.0,0.0,0.0,-0.04,0.09,-0.2,-0.38,-0.0,-1.0,0.4,9.545,9.702,9.712,9.771,10.1,9.81,9.81,9.91,-0.001,0.001,-0.004,0.0,-0.0,,,18.45
-2.0,1.0,0.0,-0.0,-0.08,0.14,0.01,-0.22,-0.24,-1.0,0.4,9.516,9.732,9.692,9.741,10.2,9.61,9.81,9.81,-0.001,0.001,-0.004,0.0,0.0,,,18.5
-2.0,1.0,0.0,0.0,-0.04,0.11,-0.25,0.13,-0.05,-1.0,0.4,9.535,9.712,9.712,9.79,10.01,9.71,9.81,10.01,-0.001,0.001,-0.004,0.0,-0.0,,,18.55
-2.0,1.0,0.0,-0.0,-0.05,0.12,-0.07,0.02,0.13,-1.0,0.4,9.545,9.712,9.741,9.79,10.2,9.91,9.81,9.91,-0.001,0.001,-0.004,0.0,0.0,,,18.6
-2.0,1.0,0.0,0.0,-0.04,0.1,0.11,0.01,-0.1,-1.0,0.4,9.516,9.673,9.732,9.79,10.4,9.61,9.91,10.01,-0.001,0.001,-0.004,0.0,-0.0,,,18.65
-2.0,1.0,0.0,-0.0,-0.1,0.17,-0.08,-0.09,0.12,-1.0,0.4,9.535,9.702,9.702,9.81,10.2,9.52,9.42,9.81,-0.001,0.001,-0.004,0.0,0.0,,,18.7
-2.0,1.0,0.0,-0.0,-0.08,0.12,0.25,-0.07,0.01,-1.0,0.4,9.565,9.712,9.751,9.771,9.91,9.71,9.81,10.1,-0.001,0.001,-0.004,0.0,0.0,,,18.75
-2.0,1.0,0.0,-0.0,-0.06,0.12,0.09,0.18,-0.23,-1.0,0.4,9.526,9.692,9.771,9.771,10.1,9.61,9.91,9.61,-0.001,0.001,-0.004,0.0,0.0,,,18.8
-2.0,1.0,0.0,-0.0,-0.04,0.11,0.16,-0.29,0.2,-1.0,0.4,9.526,9.732,9.741,9.771,9.91,9.81,9.61,10.01,-0.001,0.001,-0.004,0.0,0.0,,,18.85
-2.0,1.0,0.0,-0.0,-0.05,0.13,-0.08,-0.06,0.08,-1.0,0.4,9.545,9.722,9.732,9.771,10.1,9.71,9.81,9.91,-0.001,0.001,-0.004,0.0,0.0,,,18.9
-2.0,1.0,0.0,-0.0,-0.06,0.1,0.04,-0.25,-0.11,-1.0,0.4,9.535,9.722,9.702,9.771,10.1,9.52,9.61,10.1,-0.001,0.001,-0.004,0.0,0.0,,,18.95
-2.0,1.0,0.0,-0.0,-0.06,0.11,0.14,0.1,0.41,-1.0,0.4,9.545,9.702,9.712,9.771,10.4,9.61,9.91,9.52,-0.001,0.001,-0.004,0.0,0.0,,,19.0
-2.0,1.0,0.0,0.0,-0.05,0.09,0.07,0.11,0.04,-1.0,0.4,9.565,9.712,9.722,9.79,10.4,9.91,9.91,10.1,-0.001,0.001,-0.004,0.0,-0.0,,,19.05
-2.0,1.0,0.0,-0.0,-0.06,0.13,0.36,-0.17,0.21,-1.0,0.4,9.555,9.741,9.732,9.79,10.1,9.52,9.61,9.81,-0.001,0.001,-0.004,0.0,0.0,,,19.1
-2.0,1.0,0.0,0.0,-0.03,0.11,-0.28,0.02,0.21,-1.0,0.4,9.526,9.712,9.692,9.771,10.2,9.61,9.91,9.81,-0.001,0.001,-0.004,0.0,-0.0,,,19.15
-2.0,1.0,0.0,-0.0,-0.07,0.11,-0.0,-0.0,-0.09,-1.0,0.4,9.535,9.692,9.722,9.741,10.2,9.61,10.01,9.91,-0.001,0.001,-0.004,0.0,0.0,,,19.2
-2.0,1.0,0.0,-0.0,-0.06,0.11,-0.07,-0.12,0.0,-1.0,0.4,9.555,9.732,9.781,9.79,10.2,9.81,9.81,10.01,-0.001,0.001,-0.004,0.0,0.0,,,19.25
-2.0,1.0,0.0,0.0,-0.03,0.13,-0.12,-0.11,0.0,-1.0,0.4,9.526,9.712,9.741,9.741,10.2,10.01,9.61,10.2,-0.001,0.001,-0.004,0.0,-0.0,,,19.3
-2.0,1.0,0.0,-0.0,-0.05,0.15,0.17,0.07,0.15,-1.0,0.4,9.555,9.673,9.751,9.722,10.1,10.01,10.3,9.81,-0.001,0.001,-0.004,0.0,0.0,,,19.35
-2.0,1.0,0.0,-0.0,-0.08,0.1,0.09,0.17,-0.01,-1.0,0.4,9.535,9.692,9.741,9.771,10.01,10.01,9.81,10.01,-0.001,0.001,-0.004,0.0,0.0,,,19.4
-2.0,1.0,0.0,-0.0,-0.08,0.08,0.03,0.15,0.16,-1.0,0.4,9.526,9.692,9.751,9.771,10.01,9.81,9.61,9.91,-0.001,0.001,-0.004,0.0,0.0,,,19.45
-2.0,1.0,0.0,0.0,-0.02,0.09,0.04,0.01,-0.39,-1.0,0.4,9.526,9.722,9.682,9.771,10.1,9.71,9.91,9.81,-0.001,0.001,-0.004,0.0,-0.0,,,19.5
-2.0,1.0,0.0,0.0,0.0,0.15,-0.23,0.32,0.15,-1.0,0.4,9.535,9.702,9.732,9.79,10.3,9.71,9.81,10.01,-0.001,0.001,-0.004,0.0,-0.0,,,19.55
-2.0,1.0,0.0,-0.0,-0.09,0.1,0.18,-0.1,-0.17,-1.0,0.4,9.447,9.781,9.712,9.879,10.2,9.91,9.91,10.1,-0.001,0.001,-0.004,0.0,0.0,,,19.6
-2.0,1.0,0.0,-0.0,-0.06,0.11,0.26,-0.06,0.15,-1.0,0.4,9.555,9.692,9.702,9.741,10.2,9.52,10.1,9.81,-0.001,0.001,-0.004,0.0,0.0,,,19.65
-2.0,1.0,0.0,0.0,-0.02,0.1,-0.46,0.07,-0.09,-1.0,0.4,9.555,9.624,9.682,9.741,10.3,9.91,9.61,9.81,-0.001,0.001,-0.004,0.0,-0.0,,,19.7
-2.1,1.0,0.0,0.0,-0.04,0.1,-0.08,-0.09,-0.04,-1.0,0.4,9.526,9.761,9.692,9.771,10.1,9.81,9.81,9.81,-0.001,0.001,-0.004,0.0,-0.0,,,19.75
-2.1,1.0,0.0,-0.0,-0.04,0.12,0.24,-0.31,0.13,-1.0,0.4,9.545,9.722,9.771,9.771,10.4,9.81,9.81,9.91,-0.001,0.001,-0.004,0.0,0.0,,,19.8
-2.2,1.0,0.0,-0.0,-0.07,0.14,0.3,-0.28,-0.06,-1.0,0.4,9.565,9.761,9.751,9.81,10.1,9.81,9.91,10.1,-0.001,0.001,-0.004,0.0,0.0,,,19.85
-2.4,1.0,0.0,0.0,-0.12,0.11,-0.2,0.13,-0.18,-1.0,0.4,9.398,9.653,9.712,9.692,9.91,9.91,9.91,9.91,-0.001,0.001,-0.004,0.0,-0.0,,,19.9
-2.6,1.0,0.0,0.0,-0.03,0.06,-0.6,-0.01,0.24,-1.0,0.4,9.624,9.732,9.849,9.879,10.2,9.91,10.01,9.91,-0.001,0.001,-0.004,0.0,-0.0,,,19.95
-2.5,1.0,0.0,-0.0,-0.03,0.06,-0.05,-0.04,-0.07,-1.0,0.4,9.545,9.722,9.751,9.722,10.1,9.81,9.91,10.01,-0.001,0.001,-0.004,0.0,0.0,,,20.0
-2.4,1.0,0.0,0.0,0.01,0.15,-0.21,-0.1,0.02,-1.0,0.4,9.496,9.741,9.702,9.771,10.1,9.71,9.81,9.91,-0.001,0.001,-0.004,0.0,-0.0,,,20.05
-2.3,1.0,0.0,-0.0,-0.05,0.22,-0.09,-0.2,-0.27,-1.0,0.4,9.555,9.702,9.741,9.81,10.3,9.71,9.71,9.71,-0.001,0.001,-0.004,0.0,0.0,,,20.1
-2.3,1.0,0.0,-0.0,-0.11,0.1,0.27,-0.16,-0.1,-1.0,0.4,9.516,9.761,9.692,9.771,10.2,9.81,9.52,9.81,-0.001,0.001,-0.004,0.0,0.0,,,20.15
-2.3,1.0,0.0,-0.0,-0.07,0.04,0.51,-0.16,-0.18,-1.0,0.4,9.555,9.692,9.702,9.771,10.2,9.61,9.81,9.81,-0.001,0.001,-0.004,0.0,0.0,,,20.2
-2.3,1.0,0.0,-0.0,-0.04,0.1,0.0,0.26,0.0,-1.0,0.4,9.545,9.682,9.741,9.79,10.01,9.71,9.81,9.81,-0.001,0.001,-0.004,0.0,0.0,,,20.25
-2.2,1.0,0.0,-0.0,-0.04,0.16,0.19,0.37,-0.01,-1.0,0.4,9.555,9.712,9.751,9.741,10.1,9.91,9.71,9.91,-0.001,0.001,-0.004,0.0,0.0,,,20.3
-2.3,1.0,0.0,-0.0,-0.08,0.16,0.18,-0.33,-0.08,-1.0,0.4,9.535,9.751,9.732,9.771,10.01,9.81,9.61,10.01,-0.001,0.001,-0.004,0.0,0.0,,,20.35
-2.2,1.0,0.0,-0.0,-0.05,0.09,0.0,-0.49,0.2,-1.0,0.4,9.565,9.712,9.741,9.741,10.3,9.91,9.81,9.91,-0.001,0.001,-0.004,0.0,0.0,,,20.4
-2.2,1.0,0.0,-0.0,-0.05,0.06,0.69,0.4,-0.38,-1.0,0.4,9.535,9.692,9.741,9.79,10.3,9.61,9.81,10.01,-0.001,0.001,-0.004,0.0,0.0,,,20.45
-2.2,1.0,0.0,0.0,-0.04,0.11,0.11,0.18,-0.17,-1.0,0.4,9.516,9.692,9.663,9.771,10.2,9.91,9.91,9.71,-0.001,0.001,-0.004,0.0,-0.0,,,20.5
-2.2,1.0,0.0,-0.0,-0.06,0.14,0.5,-0.15,0.11,-1.0,0.4,9.575,9.712,9.712,9.879,9.81,9.81,9.71,10.01,-0.001,0.001,-0.004,0.0,0.0,,,20.55
-2.2,1.0,0.0,-0.0,-0.07,0.13,0.27,-0.27,0.12,-1.0,0.4,9.604,9.732,9.722,9.741,10.01,9.81,9.71,9.81,-0.001,0.001,-0.004,0.0,0.0,,,20.6
-2.2,1.0,0.0,-0.0,-0.2,0.34,0.18,0.89,0.42,-1.0,0.4,8.554,11.272,9.888,9.074,9.71,9.32,10.2,10.99,-0.001,0.001,-0.003,0.0,0.0,,,20.65
-2.0,1.0,0.0,0.0,0.29,0.87,-0.2,2.22,-4.03,-1.0,0.4,9.663,9.535,10.693,8.643,11.48,9.12,9.42,10.01,-0.001,0.001,-0.003,0.0,-0.0,,,20.7
-2.0,1.0,0.0,-0.0,-0.08,-0.05,0.34,1.63,3.32,-1.0,0.4,10.075,9.633,9.555,10.281,9.91,10.2,9.12,9.81,-0.001,0.001,-0.003,0.0,0.0,,,20.75
-2.2,1.0,0.0,0.0,0.04,0.4,-0.28,0.89,-2.51,-1.0,0.4,9.29,9.496,9.408,9.996,10.5,9.61,8.83,9.81,-0.001,0.001,-0.004,0.0,-0.0,,,20.8
-2.1,1.0,0.0,0.0,0.15,0.45,-0.34,0.12,1.28,-1.0,0.4,9.467,9.496,9.555,9.996,10.5,9.42,9.81,9.91,-0.001,0.001,-0.004,0.0,-0.0,,,20.85
-2.1,1.0,0.0,-0.0,-0.22,0.1,0.36,-0.17,-0.15,-1.0,0.4,9.604,9.653,9.535,9.928,10.1,9.42,9.71,9.91,-0.001,0.001,-0.004,0.0,0.0,,,20.9
-2.1,1.0,0.0,0.0,0.02,0.19,-0.05,0.34,-0.33,-1.0,0.4,9.604,9.702,9.584,9.898,10.01,9.81,9.81,9.71,-0.001,0.001,-0.004,0.0,-0.0,,,20.95
-2.1,1.0,0.0,0.0,-0.07,-0.18,-0.12,0.06,0.34,-1.0,0.4,9.624,9.653,9.692,9.741,10.2,9.81,9.81,10.01,-0.001,0.001,-0.004,0.0,-0.0,,,21.0
-2.1,1.0,0.0,-0.0,-0.0,0.11,0.03,0.01,-0.14,-1.0,0.4,9.555,9.457,9.692,9.79,9.91,9.61,9.52,10.01,-0.001,0.001,-0.004,0.0,0.0,,,21.05
-2.1,1.0,0.0,-0.0,-0.1,0.27,0.09,0.1,0.11,-1.0,0.4,9.584,9.712,9.584,9.79,10.2,9.52,9.61,10.01,-0.001,0.001,-0.004,0.0,0.0,,,21.1
-2.1,1.0,0.0,0.0,-0.03,0.18,0.07,-0.16,0.09,-1.0,0.4,9.673,9.771,9.702,9.947,10.1,10.01,9.91,10.01,-0.001,0.001,-0.004,0.0,-0.0,,,21.15
-2.1,1.0,0.0,-0.0,-0.06,0.11,0.13,0.23,-0.47,-1.0,0.4,9.535,9.673,9.682,9.741,10.2,9.71,9.61,9.71,-0.001,0.001,-0.004,0.0,0.0,,,21.2
-2.1,1.0,0.0,0.0,-0.03,0.0,-0.26,-0.01,-0.09,-1.0,0.4,9.565,9.584,9.712,9.741,10.2,9.71,9.91,9.91,-0.001,0.001,-0.004,0.0,-0.0,,,21.25
-2.1,1.0,0.0,0.0,-0.05,0.05,-0.21,-0.11,0.06,-1.0,0.4,9.565,9.663,9.79,9.81,10.3,9.71,10.2,9.71,-0.001,0.001,-0.004,0.0,-0.0,,,21.3
-2.2,1.0,0.0,-0.0,-0.06,0.16,0.08,0.13,0.16,-1.0,0.4,9.565,9.692,9.712,9.771,10.01,9.71,9.81,10.01,-0.001,0.001,-0.004,0.0,0.0,,,21.35
-2.1,1.0,0.0,-0.0,-0.08,0.22,-0.04,-0.43,0.05,-1.0,0.4,9.506,9.771,9.682,9.79,10.01,9.71,10.1,10.1,-0.001,0.001,-0.004,0.0,0.0,,,21.4
-2.1,1.0,0.0,0.0,-0.02,0.06,-0.27,-0.09,0.29,-1.0,0.4,9.565,9.751,9.741,9.849,9.91,10.3,9.81,9.91,-0.001,0.001,-0.004,0.0,-0.0,,,21.45
-2.1,1.0,0.0,-0.0,-0.04,0.04,0.16,-0.06,-0.27,-1.0,0.4,9.594,9.692,9.741,9.692,10.3,9.71,9.91,9.81,-0.001,0.001,-0.004,0.0,0.0,,,21.5
-2.1,1.0,0.0,-0.0,-0.05,0.06,0.21,-0.07,0.04,-1.0,0.4,9.535,9.673,9.673,9.692,10.01,9.71,9.61,9.81,-0.001,0.001,-0.004,0.0,0.0,,,21.55
-2.1,1.0,0.0,0.0,-0.07,0.14,0.02,0.14,0.26,-1.0,0.4,9.545,9.732,9.79,9.81,10.2,9.71,10.1,10.01,-0.001,0.001,-0.004,0.0,-0.0,,,21.6
-2.1,1.0,0.0,0.0,-0.04,0.12,-0.01,0.14,-0.07,-1.0,0.4,9.516,9.761,9.722,9.81,10.1,9.71,9.81,9.81,-0.001,0.001,-0.004,0.0,-0.0,,,21.65
-2.1,1.0,0.0,0.0,-0.08,0.17,0.16,-0.09,-0.03,-1.0,0.4,9.526,9.692,9.663,9.741,10.2,9.81,9.91,9.81,-0.001,0.001,-0.004,0.0,-0.0,,,21.7
-2.1,1.0,0.0,-0.0,-0.03,0.02,0.01,-0.03,0.06,-1.0,0.4,9.545,9.722,9.81,9.771,10.3,9.91,9.81,9.81,-0.001,0.001,-0.004,0.0,0.0,,,21.75
-2.1,1.0,0.0,0.0,-0.04,-0.01,-0.0,-0.09,0.01,-1.0,0.4,9.594,9.722,9.81,9.81,10.4,9.71,9.81,9.81,-0.001,0.001,-0.004,0.0,-0.0,,,21.8
-2.2,1.0,0.0,0.0,-0.07,0.18,0.1,-0.03,-0.0,-1.0,0.4,9.545,9.682,9.633,9.673,10.3,9.81,9.81,9.81,-0.001,0.001,-0.004,0.0,-0.0,,,21.85
-2.2,1.0,0.0,-0.0,-0.02,0.3,-0.03,0.36,-0.13,-1.0,0.4,9.418,9.712,9.643,9.771,10.4,9.52,9.91,10.2,-0.001,0.001,-0.004,0.0,0.0,,,21.9
-2.1,1.0,0.0,-0.0,-0.06,0.16,0.16,-0.24,-0.19,-1.0,0.4,9.486,9.751,9.8,9.928,10.3,9.71,9.81,9.71,-0.001,0.001,-0.004,0.0,0.0,,,21.95
-2.2,1.0,0.0,-0.0,-0.08,-0.05,-0.09,-0.13,0.36,-1.0,0.4,9.663,9.692,9.839,9.692,10.3,9.81,9.81,10.01,-0.001,0.001,-0.004,0.0,0.0,,,22.0
-2.1,1.0,0.0,0.0,-0.02,-0.01,0.04,0.3,-0.13,-1.0,0.4,9.545,9.643,9.584,9.624,10.1,9.61,9.61,9.91,-0.001,0.001,-0.004,0.0,-0.0,,,22.05
-2.2,1.0,0.0,0.0,-0.05,0.18,-0.07,0.02,0.33,-1.0,0.4,9.427,9.692,9.781,9.879,10.01,9.91,9.81,10.01,-0.001,0.001,-0.004,0.0,-0.0,,,22.1
-2.1,1.0,0.0,-0.0,-0.08,0.28,-0.01,0.05,0.03,-1.0,0.4,9.535,9.781,9.653,9.79,10.3,9.61,9.81,9.81,-0.001,0.001,-0.004,0.0,0.0,,,22.15
-2.1,1.0,0.0,-0.0,-0.06,0.12,0.16,-0.06,-0.08,-1.0,0.4,9.614,9.771,9.682,9.771,9.91,10.01,9.91,9.71,-0.001,0.001,-0.004,0.0,0.0,,,22.2
-2.1,1.0,0.0,0.0,-0.04,-0.06,0.01,-0.09,-0.02,-1.0,0.4,9.516,9.673,9.79,9.81,10.1,9.81,9.91,9.81,-0.001,0.001,-0.004,0.0,-0.0,,,22.25
-2.1,1.0,0.0,0.0,-0.05,0.06,0.06,-0.25,-0.18,-1.0,0.4,9.535,9.692,9.761,9.722,10.1,9.81,9.61,9.91,-0.001,0.001,-0.004,0.0,-0.0,,,22.3
-2.1,1.0,0.0,-0.0,-0.03,0.17,-0.19,0.24,0.25,-1.0,0.4,9.535,9.751,9.722,9.81,10.1,9.91,9.81,9.81,-0.001,0.001,-0.004,0.0,0.0,,,22.35
-2.1,1.0,0.0,0.0,-0.07,0.21,-0.08,0.06,0.06,-1.0,0.4,9.555,9.761,9.712,9.81,10.1,9.91,9.71,9.91,-0.001,0.001,-0.004,0.0,-0.0,,,22.4
-2.1,1.0,0.0,-0.0,-0.04,0.13,0.2,-0.07,0.3,-1.0,0.4,9.516,9.663,9.712,9.722,9.91,9.71,9.81,9.81,-0.001,0.001,-0.004,0.0,0.0,,,22.45
-2.1,1.0,0.0,0.0,-0.04,0.04,-0.11,0.02,0.12,-1.0,0.4,9.427,9.575,9.604,9.643,10.4,9.91,9.71,9.61,-0.001,0.001,-0.004,0.0,-0.0,,,22.5
-2.1,1.0,0.0,-0.0,-0.07,0.05,0.54,-0.13,-0.12,-1.0,0.4,9.643,9.839,9.849,9.879,10.59,9.81,9.81,10.1,-0.001,0.001,-0.004,0.0,0.0,,,22.55
-2.1,1.0,0.0,-0.0,-0.07,0.14,-0.14,-0.09,-0.3,-1.0,0.4,9.575,9.781,9.732,9.79,10.2,9.61,9.91,10.01,-0.001,0.001,-0.004,0.0,0.0,,,22.6
-2.1,1.0,0.0,-0.0,-0.03,0.15,0.27,0.24,0.45,-1.0,0.4,9.437,9.692,9.643,9.771,9.91,9.71,9.61,9.81,-0.001,0.001,-0.004,0.0,0.0,,,22.65
-2.1,1.0,0.0,-0.0,-0.06,0.13,0.12,-0.29,0.09,-1.0,0.4,9.486,9.663,9.741,9.79,10.2,9.71,9.81,9.91,-0.001,0.001,-0.004,0.0,0.0,,,22.7
-2.1,1.0,0.0,0.0,-0.06,0.1,-0.02,0.48,0.28,-1.0,0.4,9.653,9.732,9.751,9.741,10.1,9.71,9.91,10.01,-0.001,0.001,-0.004,0.0,-0.0,,,22.75
-2.1,1.0,0.0,-0.0,-0.05,0.05,0.08,0.1,0.2,-1.0,0.4,9.555,9.692,9.781,9.722,10.3,9.71,10.2,9.81,-0.001,0.001,-0.004,0.0,0.0,,,22.8
-2.1,1.0,0.0,-0.0,-0.04,0.11,-0.19,0.07,-0.25,-1.0,0.4,9.457,9.682,9.751,9.722,10.2,10.1,10.01,9.91,-0.001,0.001,-0.004,0.0,0.0,,,22.85
-2.1,1.0,0.0,-0.0,-0.06,0.14,0.17,-0.05,0.0,-1.0,0.4,9.535,9.732,9.741,9.771,10.01,9.71,9.71,10.01,-0.001,0.001,-0.004,0.0,0.0,,,22.9
-2.1,1.0,0.0,-0.0,-0.05,0.12,0.06,0.08,0.05,-1.0,0.4,9.555,9.771,9.712,9.79,10.4,9.81,9.81,9.91,-0.001,0.001,-0.004,0.0,0.0,,,22.95
-2.1,1.0,0.0,-0.0,-0.09,0.12,0.26,0.21,-0.11,-1.0,0.4,9.545,9.673,9.751,9.79,9.91,9.71,9.81,9.91,-0.001,0.001,-0.004,0.0,0.0,,,23.0
-2.1,1.0,0.0,-0.0,-0.07,0.11,0.28,-0.16,0.04,-1.0,0.4,9.535,9.741,9.712,9.741,10.2,9.61,9.71,10.01,-0.001,0.001,-0.004,0.0,0.0,,,23.05
-2.1,1.0,0.0,-0.0,0.01,0.01,0.05,0.03,0.24,-1.0,0.4,9.545,9.702,9.741,9.771,10.01,9.71,9.52,10.2,-0.001,0.001,-0.004,0.0,0.0,,,23.1
-2.1,1.0,0.0,0.0,-0.01,0.08,-0.04,0.33,0.04,-1.0,0.4,9.545,9.692,9.751,9.79,9.91,9.61,9.81,9.91,-0.001,0.001,-0.004,0.0,-0.0,,,23.15
-2.1,1.0,0.0,0.0,-0.05,0.13,-0.24,-0.1,-0.02,-1.0,0.4,9.545,9.692,9.751,9.771,10.4,10.01,9.91,10.01,-0.001,0.001,-0.004,0.0,-0.0,,,23.2
-2.1,1.0,0.0,-0.0,-0.06,0.12,0.01,0.34,0.0,-1.0,0.4,9.526,9.732,9.771,9.771,10.4,9.61,9.81,10.01,-0.001,0.001,-0.004,0.0,0.0,,,23.25
-2.1,1.0,0.0,-0.0,-0.07,0.11,-0.1,-0.01,-0.31,-1.0,0.4,9.526,9.673,9.722,9.722,10.2,9.91,9.91,10.01,-0.001,0.001,-0.004,0.0,0.0,,,23.3
-2.1,1.0,0.0,-0.0,-0.04,0.1,0.16,0.2,0.46,-1.0,0.4,9.535,9.712,9.712,9.741,10.01,9.61,9.91,10.01,-0.001,0.001,-0.004,0.0,0.0,,,23.35
-2.1,1.0,0.0,0.0,-0.04,0.1,-0.2,0.0,-0.06,-1.0,0.4,9.526,9.702,9.702,9.771,10.01,10.01,9.71,10.01,-0.001,0.001,-0.004,0.0,-0.0,,,23.4
-2.1,1.0,0.0,-0.0,-0.07,0.14,0.03,0.1,-0.13,-1.0,0.4,9.545,9.702,9.751,9.79,10.2,9.71,9.61,10.1,-0.001,0.001,-0.004,0.0,0.0,,,23.45
-2.1,1.0,0.0,-0.0,-0.06,0.12,0.06,0.14,0.22,-1.0,0.4,9.575,9.761,9.712,9.849,10.2,9.71,9.71,9.91,-0.001,0.001,-0.004,0.0,0.0,,,23.5
-2.1,1.0,0.0,-0.0,-0.05,0.11,0.52,-0.07,0.16,-1.0,0.4,9.535,9.692,9.702,9.673,10.01,9.81,9.61,9.81,-0.001,0.001,-0.004,0.0,0.0,,,23.55
-2.1,1.0,0.0,0.0,-0.04,0.09,-0.38,-0.31,-0.04,-1.0,0.4,9.506,9.663,9.741,9.79,10.2,9.81,9.91,10.01,-0.001,0.001,-0.004,0.0,-0.0,,,23.6
-2.1,1.0,0.0,-0.0,-0.06,0.13,-0.03,-0.16,-0.24,-1.0,0.4,9.565,9.751,9.781,9.79,10.01,9.61,9.91,10.1,-0.001,0.001,-0.004,0.0,0.0,,,23.65
-2.1,1.0,0.0,-0.0,-0.05,0.11,0.07,0.0,0.1,-1.0,0.4,9.545,9.712,9.712,9.741,10.1,9.71,10.01,10.2,-0.001,0.001,-0.004,0.0,0.0,,,23.7
-2.1,1.0,0.0,-0.0,-0.06,0.11,0.02,0.32,0.27,-1.0,0.4,9.516,9.712,9.722,9.771,9.81,9.81,10.1,9.91,-0.001,0.001,-0.004,0.0,0.0,,,23.75
-2.1,1.0,0.0,0.0,-0.05,0.13,-0.39,-0.16,0.2,-1.0,0.4,9.584,9.761,9.702,9.771,9.81,9.81,9.81,9.71,-0.001,0.001,-0.004,0.0,-0.0,,,23.8
-2.1,1.0,0.0,0.0,-0.06,0.12,-0.06,0.12,0.06,-1.0,0.4,9.535,9.741,9.712,9.79,10.3,9.91,9.52,9.91,-0.001,0.001,-0.004,0.0,-0.0,,,23.85
-2.1,1.0,0.0,-0.0,-0.08,0.13,0.06,0.04,-0.32,-1.0,0.4,9.526,9.692,9.712,9.79,10.2,9.71,10.1,10.1,-0.001,0.001,-0.004,0.0,0.0,,,23.9
-2.1,1.0,0.0,-0.0,-0.07,0.14,0.03,-0.08,0.14,-1.0,0.4,9.516,9.732,9.741,9.79,10.01,9.71,9.52,9.91,-0.001,0.001,-0.004,0.0,0.0,,,23.95
-2.1,1.0,0.0,0.0,-0.05,0.11,-0.09,-0.06,0.34,-1.0,0.4,9.535,9.722,9.761,9.81,10.2,9.42,9.61,10.01,-0.001,0.001,-0.004,0.0,-0.0,,,24.0
-2.1,1.0,0.0,-0.0,-0.04,0.07,0.24,-0.11,0.03,-1.0,0.4,9.545,9.712,9.732,9.771,10.1,9.61,9.81,9.81,-0.001,0.001,-0.004,0.0,0.0,,,24.05
-2.1,1.0,0.0,-0.0,-0.06,0.14,-0.0,0.14,-0.09,-1.0,0.4,9.526,9.702,9.761,9.741,9.91,10.1,9.91,10.01,-0.001,0.001,-0.004,0.0,0.0,,,24.1
-2.1,1.0,0.0,-0.0,-0.05,0.1,0.4,0.15,0.09,-1.0,0.4,9.535,9.732,9.771,9.81,10.3,9.71,10.1,9.71,-0.001,0.001,-0.004,0.0,0.0,,,24.15
-2.1,1.0,0.0,-0.0,-0.05,0.12,-0.32,-0.24,-0.23,-1.0,0.4,9.535,9.741,9.673,9.771,10.2,9.81,9.91,9.81,-0.001,0.001,-0.004,0.0,0.0,,,24.2
-2.1,1.0,0.0,0.0,-0.06,0.13,-0.35,-0.26,-0.29,-1.0,0.4,9.496,9.673,9.732,9.741,10.2,9.81,9.71,9.81,-0.001,0.001,-0.004,0.0,-0.0,,,24.25
-2.1,1.0,0.0,0.0,-0.06,0.1,-0.16,0.2,0.27,-1.0,0.4,9.545,9.732,9.702,9.79,10.2,9.81,9.61,10.01,-0.001,0.001,-0.004,0.0,-0.0,,,24.3
-2.1,1.0,0.0,0.0,-0.03,0.09,0.14,-0.14,0.19,-1.0,0.4,9.565,9.761,9.722,9.79,10.3,9.91,9.91,9.81,-0.001,0.001,-0.004,0.0,-0.0,,,24.35
-2.1,1.0,0.0,0.0,-0.06,0.13,-0.24,0.09,-0.14,-1.0,0.4,9.506,9.712,9.732,9.79,9.91,9.61,10.01,9.81,-0.001,0.001,-0.004,0.0,-0.0,,,24.4
-2.1,1.0,0.0,0.0,-0.05,0.12,0.01,0.1,-0.0,-1.0,0.4,9.516,9.722,9.722,9.741,10.1,9.71,9.42,9.81,-0.001,0.001,-0.004,0.0,-0.0,,,24.45
-2.1,1.0,0.0,0.0,-0.04,0.11,-0.09,-0.13,0.02,-1.0,0.4,9.526,9.692,9.741,9.771,10.2,9.52,10.1,9.91,-0.001,0.001,-0.004,0.0,-0.0,,,24.5
-2.1,1.0,0.0,-0.0,-0.08,0.11,0.18,0.04,0.12,-1.0,0.4,9.555,9.682,9.741,9.771,10.2,9.81,10.01,9.81,-0.001,0.001,-0.004,0.0,0.0,,,24.55
-2.1,1.0,0.0,0.0,-0.05,0.1,-0.17,-0.21,0.18,-1.0,0.4,9.545,9.712,9.722,9.79,9.91,9.61,9.71,10.2,-0.001,0.001,-0.004,0.0,-0.0,,,24.6
-2.1,1.0,0.0,-0.0,-0.08,0.15,-0.08,0.11,0.01,-1.0,0.4,9.526,9.722,9.682,9.741,10.2,9.61,9.61,9.71,-0.001,0.001,-0.004,0.0,0.0,,,24.65
-2.1,1.0,0.0,0.0,-0.01,0.07,-0.03,-0.16,0.26,-1.0,0.4,9.516,9.702,9.712,9.79,10.2,9.81,9.61,9.91,-0.001,0.001,-0.004,0.0,-0.0,,,24.7
-2.1,1.0,0.0,-0.0,-0.01,0.06,0.35,0.18,0.25,-1.0,0.4,9.516,9.771,9.682,9.79,10.1,9.81,9.81,9.81,-0.001,0.001,-0.004,0.0,0.0,,,24.75
-2.1,1.0,0.0,-0.0,-0.05,0.11,-0.1,0.08,0.07,-1.0,0.4,9.535,9.702,9.761,9.771,10.1,9.91,9.81,10.1,-0.001,0.001,-0.004,0.0,0.0,,,24.8
-2.1,1.0,0.0,-0.0,-0.06,0.09,0.24,0.44,0.22,-1.0,0.4,9.545,9.732,9.732,9.79,10.2,9.81,9.71,9.81,-0.001,0.001,-0.004,0.0,0.0,,,24.85
-2.1,1.0,0.0,-0.0,-0.06,0.13,0.06,0.1,-0.07,-1.0,0.4,9.565,9.732,9.741,9.771,10.1,9.81,9.61,9.81,-0.001,0.001,-0.004,0.0,0.0,,,24.9
-2.1,1.0,0.0,-0.0,-0.05,0.12,0.13,0.09,-0.0,-1.0,0.4,9.535,9.682,9.751,9.79,10.1,9.61,9.71,9.91,-0.001,0.001,-0.004,0.0,0.0,,,24.95
-2.1,1.0,0.0,0.0,-0.05,0.09,0.13,0.04,-0.23,-1.0,0.4,9.506,9.692,9.702,9.741,10.01,9.81,9.61,9.81,-0.001,0.001,-0.004,0.0,-0.0,,,25.0
-2.1,1.0,0.0,0.0,-0.06,0.11,-0.22,0.06,0.16,-1.0,0.4,9.555,9.702,9.722,9.771,9.91,9.71,10.01,9.91,-0.001,0.001,-0.004,0.0,-0.0,,,25.05
-2.1,1.0,0.0,0.0,-0.06,0.11,0.04,0.01,0.02,-1.0,0.4,9.565,9.712,9.702,9.81,10.01,9.91,10.01,9.81,-0.001,0.001,-0.004,0.0,-0.0,,,25.1
-2.1,1.0,0.0,-0.0,-0.06,0.11,0.31,-0.0,-0.08,-1.0,0.4,9.516,9.702,9.722,9.79,10.4,9.81,9.91,9.91,-0.001,0.001,-0.004,0.0,0.0,,,25.15
-2.1,1.0,0.0,-0.0,-0.05,0.14,-0.08,0.12,-0.2,-1.0,0.4,9.535,9.702,9.722,9.692,10.3,9.81,9.81,9.81,-0.001,0.001,-0.004,0.0,0.0,,,25.2
-2.1,1.0,0.0,0.0,-0.04,0.08,0.3,0.02,-0.07,-1.0,0.4,9.565,9.741,9.8,9.81,10.1,9.81,9.81,9.81,-0.001,0.001,-0.004,0.0,-0.0,,,25.25
-2.1,1.0,0.0,-0.0,-0.05,0.12,0.18,0.09,-0.24,-1.0,0.4,9.555,9.692,9.712,9.722,10.2,9.61,9.81,9.91,-0.001,0.001,-0.004,0.0,0.0,,,25.3
-2.1,1.0,0.0,-0.0,-0.07,0.11,0.34,0.13,-0.24,-1.0,0.4,9.545,9.712,9.732,9.79,10.3,9.81,9.81,9.81,-0.001,0.001,-0.004,0.0,0.0,,,25.35
-2.1,1.0,0.0,-0.0,-0.07,0.12,0.24,-0.13,0.09,-1.0,0.4,9.516,9.741,9.702,9.79,10.2,9.61,9.81,10.01,-0.001,0.001,-0.004,0.0,0.0,,,25.4
-2.1,1.0,0.0,-0.0,-0.09,0.15,-0.06,0.12,-0.26,-1.0,0.4,9.545,9.692,9.722,9.741,10.1,9.52,9.91,9.71,-0.001,0.001,-0.004,0.0,0.0,,,25.45
-2.1,1.0,0.0,-0.0,-0.06,0.09,0.2,-0.05,-0.15,-1.0,0.4,9.555,9.732,9.722,9.79,10.2,9.61,9.61,10.01,-0.001,0.001,-0.004,0.0,0.0,,,25.5
-2.1,1.0,0.0,-0.0,-0.08,0.09,0.23,0.21,-0.11,-1.0,0.4,9.565,9.702,9.712,9.741,10.5,9.71,10.01,9.81,-0.001,0.001,-0.004,0.0,0.0,,,25.55
-2.1,1.0,0.0,-0.0,-0.05,0.08,0.27,-0.0,-0.18,-1.0,0.4,9.545,9.712,9.702,9.741,10.2,9.91,9.81,9.81,-0.001,0.001,-0.004,0.0,0.0,,,25.6
-2.1,1.0,0.0,-0.0,-0.04,0.13,-0.04,0.3,0.04,-1.0,0.4,9.496,9.722,9.741,9.771,10.2,9.81,9.81,9.61,-0.001,0.001,-0.004,0.0,0.0,,,25.65
-2.1,1.0,0.0,-0.0,-0.0,0.13,-0.07,0.38,-0.0,-1.0,0.4,9.526,9.702,9.79,9.81,10.1,9.71,9.91,10.01,-0.001,0.001,-0.004,0.0,0.0,,,25.7
-2.1,1.0,0.0,-0.0,-0.04,0.14,-0.09,-0.34,0.09,-1.0,0.4,9.535,9.732,9.712,9.741,10.1,9.81,9.81,9.81,-0.001,0.001,-0.004,0.0,0.0,,,25.75
-2.1,1.0,0.0,0.0,-0.07,0.1,-0.03,-0.29,-0.1,-1.0,0.4,9.526,9.682,9.761,9.741,9.91,9.81,9.81,9.91,-0.001,0.001,-0.004,0.0,-0.0,,,25.8
-2.1,1.0,0.0,-0.0,-0.11,0.1,0.23,0.25,-0.14,-1.0,0.4,9.565,9.722,9.712,9.771,10.1,9.61,9.61,9.91,-0.001,0.001,-0.004,0.0,0.0,,,25.85
-2.1,1.0,0.0,-0.0,-0.05,0.1,-0.06,0.11,0.19,-1.0,0.4,9.565,9.732,9.702,9.741,10.3,9.71,9.81,10.01,-0.001,0.001,-0.004,0.0,0.0,,,25.9
-2.1,1.0,0.0,-0.0,-0.06,0.12,0.07,-0.05,-0.08,-1.0,0.4,9.535,9.702,9.712,9.79,9.91,9.91,9.61,10.01,-0.001,0.001,-0.004,0.0,0.0,,,25.95
-2.1,1.0,0.0,-0.0,-0.06,0.14,0.06,-0.06,0.18,-1.0,0.4,9.516,9.673,9.741,9.741,10.01,9.81,9.61,9.91,-0.001,0.001,-0.004,0.0,0.0,,,26.0
-2.1,1.0,0.0,-0.0,-0.02,0.08,0.19,-0.03,0.26,-1.0,0.4,9.545,9.722,9.732,9.79,10.1,9.81,9.81,10.01,-0.001,0.001,-0.004,0.0,0.0,,,26.05
-2.1,1.0,0.0,-0.0,-0.04,0.11,0.04,-0.21,0.15,-1.0,0.4,9.545,9.692,9.781,9.741,10.1,10.01,9.71,10.01,-0.001,0.001,-0.004,0.0,0.0,,,26.1
-2.1,1.0,0.0,0.0,-0.04,0.07,-0.05,0.13,-0.2,-1.0,0.4,9.555,9.692,9.81,9.849,10.1,9.71,9.91,10.01,-0.001,0.001,-0.004,0.0,-0.0,,,26.15
-2.1,1.0,0.0,0.0,-0.07,0.16,-0.05,0.1,-0.2,-1.0,0.4,9.575,9.751,9.663,9.692,10.2,9.91,10.01,9.81,-0.001,0.001,-0.004,0.0,-0.0,,,26.2
-2.1,1.0,0.0,0.0,-0.08,0.13,0.06,0.17,-0.34,-1.0,0.4,9.555,9.692,9.761,9.849,10.1,9.81,9.61,10.1,-0.001,0.001,-0.004,0.0,-0.0,,,26.25
-2.1,1.0,0.0,-0.0,-0.06,0.1,0.12,-0.1,0.01,-1.0,0.4,9.565,9.722,9.732,9.79,10.01,9.52,9.91,9.71,-0.001,0.001,-0.004,0.0,0.0,,,26.3
-2.1,1.0,0.0,0.0,-0.06,0.1,-0.08,0.4,-0.34,-1.0,0.4,9.535,9.771,9.682,9.741,10.2,9.91,9.91,9.71,-0.001,0.001,-0.004,0.0,-0.0,,,26.35
-2.1,1.0,0.0,0.0,-0.05,0.1,-0.1,0.04,0.16,-1.0,0.4,9.467,9.663,9.712,9.79,10.01,9.81,9.91,10.01,-0.001,0.001,-0.004,0.0,-0.0,,,26.4
-2.1,1.0,0.0,0.0,-0.06,0.12,0.17,-0.17,0.15,-1.0,0.4,9.526,9.702,9.692,9.771,10.3,9.61,9.91,10.2,-0.001,0.001,-0.004,0.0,-0.0,,,26.45
-2.1,1.0,0.0,-0.0,-0.06,0.11,0.6,-0.02,-0.11,-1.0,0.4,9.565,9.732,9.712,9.771,10.1,9.61,9.91,10.01,-0.001,0.001,-0.004,0.0,0.0,,,26.5
-2.1,1.0,0.0,-0.0,-0.07,0.12,-0.07,-0.22,-0.34,-1.0,0.4,9.535,9.673,9.722,9.771,10.3,9.91,9.91,9.91,-0.001,0.001,-0.004,0.0,0.0,,,26.55
-2.1,1.0,0.0,-0.0,-0.06,0.09,0.15,0.16,-0.09,-1.0,0.4,9.526,9.702,9.702,9.771,9.91,9.91,9.81,10.01,-0.001,0.001,-0.004,0.0,0.0,,,26.6
-2.1,1.0,0.0,-0.0,-0.06,0.14,0.05,-0.06,-0.04,-1.0,0.4,9.545,9.702,9.771,9.79,10.1,9.71,9.81,9.81,-0.001,0.001,-0.004,0.0,0.0,,,26.65
-2.1,1.0,0.0,0.0,-0.05,0.12,0.05,-0.02,0.05,-1.0,0.4,9.506,9.712,9.702,9.79,10.4,9.91,9.81,9.91,-0.001,0.001,-0.004,0.0,-0.0,,,26.7
-2.1,1.0,0.0,0.0,-0.04,0.1,0.11,-0.27,0.45,-1.0,0.4,9.545,9.732,9.732,9.771,10.2,9.71,9.91,9.81,-0.001,0.001,-0.004,0.0,-0.0,,,26.75
-2.1,1.0,0.0,-0.0,-0.06,0.11,0.12,-0.31,-0.05,-1.0,0.4,9.565,9.722,9.741,9.741,9.91,9.81,10.1,9.81,-0.001,0.001,-0.004,0.0,0.0,,,26.8
-2.1,1.0,0.0,-0.0,-0.04,0.12,0.07,0.29,0.12,-1.0,0.4,9.545,9.741,9.712,9.79,10.01,9.81,9.71,9.81,-0.001,0.001,-0.004,0.0,0.0,,,26.85
-2.1,1.0,0.0,-0.0,-0.06,0.13,0.25,0.04,-0.06,-1.0,0.4,9.555,9.722,9.673,9.741,10.01,9.71,9.81,9.81,-0.001,0.001,-0.004,0.0,0.0,,,26.9
-2.1,1.0,0.0,-0.0,-0.06,0.13,0.24,-0.2,0.22,-1.0,0.4,9.535,9.722,9.702,9.79,10.2,9.71,9.52,9.91,-0.001,0.001,-0.004,0.0,0.0,,,26.95
-2.1,1.0,0.0,-0.0,-0.05,0.09,0.42,-0.16,0.1,-1.0,0.4,9.545,9.682,9.741,9.771,10.01,10.1,9.91,9.91,-0.001,0.001,-0.004,0.0,0.0,,,27.0
-2.1,1.0,0.0,0.0,-0.08,0.15,-0.34,-0.14,-0.28,-1.0,0.4,9.516,9.702,9.712,9.771,10.01,9.61,9.61,9.71,-0.001,0.001,-0.004,0.0,-0.0,,,27.05
-2.1,1.0,0.0,-0.0,0.01,0.01,0.33,-0.4,0.17,-1.0,0.4,9.535,9.692,9.741,9.771,10.2,9.81,9.81,9.91,-0.001,0.001,-0.004,0.0,0.0,,,27.1
-2.1,1.0,0.0,0.0,0.01,0.04,-0.12,-0.1,-0.09,-1.0,0.4,9.535,9.751,9.692,9.79,10.1,9.91,9.91,10.01,-0.001,0.001,-0.004,0.0,-0.0,,,27.15
-2.1,1.0,0.0,-0.0,-0.08,0.15,-0.11,0.09,-0.42,-1.0,0.4,9.565,9.722,9.732,9.771,10.3,9.91,9.91,9.91,-0.001,0.001,-0.004,0.0,0.0,,,27.2
-2.1,1.0,0.0,-0.0,-0.05,0.13,0.09,-0.16,-0.07,-1.0,0.4,9.516,9.741,9.653,9.771,10.1,9.81,9.71,10.01,-0.001,0.001,-0.004,0.0,0.0,,,27.25
-2.1,1.0,0.0,0.0,-0.05,0.12,-0.17,-0.25,-0.06,-1.0,0.4,9.545,9.732,9.722,9.771,10.1,10.01,9.81,10.01,-0.001,0.001,-0.004,0.0,-0.0,,,27.3
-2.1,1.0,0.0,-0.0,-0.09,0.11,0.3,-0.35,-0.24,-1.0,0.4,9.545,9.702,9.771,9.849,10.01,9.91,9.91,10.01,-0.001,0.001,-0.004,0.0,0.0,,,27.35
-2.1,1.0,0.0,0.0,-0.05,0.08,0.07,-0.02,-0.03,-1.0,0.4,9.555,9.712,9.732,9.771,10.01,9.52,10.1,9.91,-0.0,0.001,-0.004,0.0,-0.0,,,27.4
-2.1,1.0,0.0,-0.0,-0.06,0.11,0.12,0.22,-0.17,-1.0,0.4,9.476,9.663,9.663,9.692,10.3,9.81,9.42,9.91,-0.0,0.001,-0.004,0.0,0.0,,,27.45
-2.1,1.0,0.0,-0.0,-0.07,0.2,0.0,0.05,0.14,-1.0,0.4,9.526,9.682,9.81,9.879,10.1,9.81,10.01,10.01,-0.0,0.001,-0.004,0.0,0.0,,,27.5
-2.1,1.0,0.0,-0.0,-0.04,0.14,0.04,0.03,-0.01,-1.0,0.4,9.535,9.732,9.663,9.771,9.71,9.71,9.81,10.01,-0.001,0.001,-0.004,0.0,0.0,,,27.55
-2.1,1.0,0.0,0.0,-0.05,0.03,-0.11,-0.34,0.02,-1.0,0.4,9.653,9.673,9.702,9.771,10.2,9.81,10.01,10.01,-0.001,0.001,-0.004,0.0,-0.0,,,27.6
-2.1,1.0,0.0,0.0,-0.09,0.06,0.14,-0.31,-0.21,-1.0,0.4,9.496,9.692,9.722,9.771,10.01,9.71,9.81,10.01,-0.001,0.001,-0.004,0.0,-0.0,,,27.65
-2.1,1.0,0.0,-0.0,-0.03,0.09,0.41,-0.36,0.31,-1.0,0.4,9.575,9.702,9.81,9.771,10.1,9.81,10.1,9.91,-0.001,0.001,-0.004,0.0,0.0,,,27.7
-2.1,1.0,0.0,-0.0,-0.06,0.22,0.2,0.05,-0.26,-1.0,0.4,9.476,9.761,9.741,9.81,10.1,9.81,9.81,10.2,-0.001,0.001,-0.004,0.0,0.0,,,27.75
-2.1,1.0,0.0,-0.0,-0.06,0.11,0.18,0.04,0.18,-1.0,0.4,9.545,9.722,9.751,9.81,10.2,9.71,9.91,9.91,-0.001,0.001,-0.004,0.0,0.0,,,27.8
-2.1,1.0,0.0,-0.0,-0.06,0.09,0.21,0.01,-0.0,-1.0,0.4,9.565,9.692,9.692,9.741,10.1,9.81,9.81,10.01,-0.001,0.001,-0.004,0.0,0.0,,,27.85
-2.1,1.0,0.0,-0.0,-0.03,0.05,0.12,-0.07,-0.07,-1.0,0.4,9.516,9.682,9.732,9.81,10.1,9.71,9.81,9.91,-0.001,0.001,-0.004,0.0,0.0,,,27.9
-2.1,1.0,0.0,0.0,0.0,0.11,-0.07,-0.09,0.5,-1.0,0.4,9.535,9.722,9.751,9.79,10.3,9.61,9.91,9.81,-0.001,0.001,-0.004,0.0,-0.0,,,27.95
-2.1,1.0,0.0,-0.0,-0.02,0.16,0.08,0.19,0.23,-1.0,0.4,9.545,9.702,9.741,9.771,10.3,10.01,9.81,9.91,-0.001,0.001,-0.004,0.0,0.0,,,28.0
-2.1,1.0,0.0,-0.0,-0.02,0.11,0.31,-0.03,0.22,-1.0,0.4,9.516,9.712,9.702,9.722,9.91,9.61,9.81,9.91,-0.001,0.001,-0.004,0.0,0.0,,,28.05
-2.1,1.0,0.0,0.0,-0.07,0.07,-0.22,-0.19,0.25,-1.0,0.4,9.594,9.732,9.722,9.692,10.3,9.71,9.81,9.91,-0.001,0.001,-0.004,0.0,-0.0,,,28.1
-2.1,1.0,0.0,-0.0,-0.11,0.06,0.1,0.24,0.13,-1.0,0.4,9.575,9.722,9.712,9.771,10.01,9.81,9.81,10.01,-0.001,0.001,-0.004,0.0,0.0,,,28.15
-2.1,1.0,0.0,-0.0,-0.07,0.12,-0.1,0.13,0.05,-1.0,0.4,9.545,9.702,9.722,9.79,10.01,9.71,9.91,9.71,-0.001,0.001,-0.004,0.0,0.0,,,28.2
-2.1,1.0,0.0,0.0,-0.06,0.16,-0.33,-0.42,0.01,-1.0,0.4,9.506,9.722,9.702,9.741,10.3,9.61,9.81,9.61,-0.001,0.001,-0.004,0.0,-0.0,,,28.25
-2.1,1.0,0.0,0.0,-0.05,0.14,-0.23,-0.24,-0.1,-1.0,0.4,9.506,9.682,9.781,9.771,10.1,9.91,10.01,10.01,-0.001,0.001,-0.004,0.0,-0.0,,,28.3
-2.1,1.0,0.0,-0.0,-0.02,0.06,0.05,0.06,0.11,-1.0,0.4,9.545,9.712,9.732,9.771,10.3,9.81,10.1,9.71,-0.001,0.001,-0.004,0.0,0.0,,,28.35
-2.1,1.0,0.0,0.0,-0.05,0.11,0.13,-0.13,0.15,-1.0,0.4,9.535,9.692,9.751,9.771,10.2,9.71,9.71,9.71,-0.001,0.001,-0.004,0.0,-0.0,,,28.4
-2.1,1.0,0.0,-0.0,-0.06,0.13,-0.16,0.25,-0.13,-1.0,0.4,9.506,9.692,9.741,9.771,10.01,9.71,9.71,10.01,-0.001,0.001,-0.004,0.0,0.0,,,28.45
-2.1,1.0,0.0,-0.0,-0.04,0.14,0.11,-0.08,0.1,-1.0,0.4,9.526,9.732,9.702,9.771,10.1,10.01,9.61,10.01,-0.001,0.001,-0.004,0.0,0.0,,,28.5
-2.1,1.0,0.0,0.0,-0.06,0.12,-0.23,0.11,0.17,-1.0,0.4,9.565,9.722,9.712,9.79,10.1,9.61,9.81,10.1,-0.001,0.001,-0.004,0.0,-0.0,,,28.55
-2.1,1.0,0.0,-0.0,-0.06,0.08,0.3,0.03,0.09,-1.0,0.4,9.545,9.702,9.692,9.771,10.3,9.81,9.61,9.91,-0.001,0.001,-0.004,0.0,0.0,,,28.6
-2.1,1.0,0.0,0.0,-0.06,0.09,0.04,-0.04,0.07,-1.0,0.4,9.535,9.722,9.702,9.741,10.1,9.71,9.81,9.81,-0.001,0.001,-0.004,0.0,-0.0,,,28.65
-2.1,1.0,0.0,-0.0,-0.08,0.17,0.19,-0.12,-0.04,-1.0,0.4,9.535,9.692,9.741,9.771,10.3,9.71,9.61,9.81,-0.001,0.001,-0.004,0.0,0.0,,,28.7
-2.1,1.0,0.0,-0.0,-0.05,0.15,0.37,0.09,-0.01,-1.0,0.4,9.545,9.732,9.741,9.79,10.2,9.91,9.81,9.91,-0.001,0.001,-0.004,0.0,0.0,,,28.75
-2.1,1.0,0.0,-0.0,-0.05,0.12,-0.03,-0.28,0.22,-1.0,0.4,9.535,9.702,9.732,9.741,10.3,10.01,9.71,9.91,-0.001,0.001,-0.004,0.0,0.0,,,28.8
-2.1,1.0,0.0,-0.0,-0.04,0.09,-0.28,0.03,0.24,-1.0,0.4,9.565,9.732,9.741,9.79,10.4,9.91,9.81,9.91,-0.001,0.001,-0.004,0.0,0.0,,,28.85
-2.1,1.0,0.0,0.0,-0.07,0.12,-0.26,0.03,0.14,-1.0,0.4,9.545,9.732,9.663,9.771,9.81,9.81,9.81,10.01,-0.001,0.001,-0.004,0.0,-0.0,,,28.9
-2.1,1.0,0.0,-0.0,-0.06,0.14,-0.1,-0.09,-0.24,-1.0,0.4,9.526,9.722,9.653,9.741,10.2,9.71,9.71,10.01,-0.001,0.001,-0.004,0.0,0.0,,,28.95
-2.1,1.0,0.0,-0.0,-0.05,0.14,0.28,0.05,0.26,-1.0,0.4,9.516,9.692,9.732,9.849,10.01,9.81,9.71,10.01,-0.001,0.001,-0.004,0.0,0.0,,,29.0
-2.1,1.0,0.0,0.0,-0.03,0.04,-0.21,0.25,0.18,-1.0,0.4,9.545,9.702,9.722,9.771,10.3,9.61,9.61,10.2,-0.001,0.001,-0.004,0.0,-0.0,,,29.05
-2.1,1.0,0.0,-0.0,-0.07,0.13,0.3,0.18,0.33,-1.0,0.4,9.516,9.692,9.722,9.741,10.1,9.81,9.61,9.61,-0.001,0.001,-0.004,0.0,0.0,,,29.1
-2.1,1.0,0.0,-0.0,-0.03,0.09,0.25,0.03,-0.07,-1.0,0.4,9.516,9.702,9.722,9.741,10.01,10.01,9.81,9.81,-0.001,0.001,-0.004,0.0,0.0,,,29.15
-2.1,1.0,0.0,-0.0,-0.06,0.13,0.2,0.08,0.0,-1.0,0.4,9.545,9.732,9.751,9.79,10.1,9.81,9.91,10.01,-0.001,0.001,-0.004,0.0,0.0,,,29.2
-2.1,1.0,0.0,0.0,-0.06,0.14,-0.12,-0.11,0.08,-1.0,0.4,9.516,9.712,9.741,9.722,10.01,9.42,9.91,9.91,-0.001,0.001,-0.004,0.0,-0.0,,,29.25
-2.1,1.0,0.0,-0.0,-0.05,0.1,0.12,-0.17,0.13,-1.0,0.4,9.535,9.722,9.692,9.741,10.3,9.91,10.1,9.91,-0.001,0.001,-0.004,0.0,0.0,,,29.3
-2.1,1.0,0.0,-0.0,-0.07,0.1,0.05,-0.22,-0.17,-1.0,0.4,9.565,9.712,9.663,9.771,9.91,9.81,9.81,9.81,-0.001,0.001,-0.004,0.0,0.0,,,29.35
-2.1,1.0,0.0,-0.0,-0.06,0.09,0.45,0.06,0.41,-1.0,0.4,9.535,9.732,9.682,9.771,10.01,9.71,9.71,10.1,-0.001,0.001,-0.004,0.0,0.0,,,29.4
-2.1,1.0,0.0,0.0,-0.04,0.15,-0.04,-0.1,-0.1,-1.0,0.4,9.555,9.692,9.722,9.79,10.01,9.71,9.81,9.91,-0.001,0.001,-0.004,0.0,-0.0,,,29.45
-2.1,1.0,0.0,0.0,-0.01,0.07,0.05,0.26,0.12,-1.0,0.4,9.555,9.722,9.722,9.81,9.91,9.91,9.61,10.01,-0.001,0.001,-0.004,0.0,-0.0,,,29.5
-2.1,1.0,0.0,-0.0,-0.06,0.09,0.21,0.07,-0.03,-1.0,0.4,9.516,9.702,9.741,9.771,9.91,9.91,9.91,10.1,-0.001,0.001,-0.004,0.0,0.0,,,29.55
-2.1,1.0,0.0,-0.0,-0.06,0.09,0.22,-0.09,-0.39,-1.0,0.4,9.545,9.722,9.771,9.771,10.2,9.71,9.61,9.91,-0.001,0.001,-0.004,0.0,0.0,,,29.6
-2.1,1.0,0.0,-0.0,-0.07,0.11,0.18,-0.03,-0.15,-1.0,0.4,9.526,9.751,9.741,9.771,10.1,9.61,9.91,10.01,-0.001,0.001,-0.004,0.0,0.0,,,29.65
-2.1,1.0,0.0,0.0,-0.06,0.14,-0.12,-0.3,-0.18,-1.0,0.4,9.516,9.722,9.741,9.771,10.1,9.52,9.42,10.1,-0.001,0.001,-0.004,0.0,-0.0,,,29.7
-2.1,1.0,0.0,0.0,-0.04,0.13,-0.4,-0.04,0.28,-1.0,0.4,9.535,9.722,9.732,9.81,10.1,9.71,9.91,10.01,-0.001,0.001,-0.004,0.0,-0.0,,,29.75
-2.1,1.0,0.0,0.0,-0.04,0.1,-0.42,-0.01,0.12,-1.0,0.4,9.565,9.732,9.712,9.741,10.3,9.81,9.71,9.81,-0.001,0.001,-0.004,0.0,-0.0,,,29.8
-2.1,1.0,0.0,-0.0,-0.07,0.08,0.27,0.09,-0.17,-1.0,0.4,9.516,9.682,9.702,9.771,10.1,9.52,9.81,10.2,-0.001,0.001,-0.004,0.0,0.0,,,29.85
-2.1,1.0,0.0,-0.0,-0.04,0.08,0.21,-0.27,-0.05,-1.0,0.4,9.555,9.692,9.702,9.771,10.01,9.71,9.81,9.91,-0.001,0.001,-0.004,0.0,0.0,,,29.9
-2.1,1.0,0.0,-0.0,-0.06,0.15,0.32,0.13,-0.01,-1.0,0.4,9.545,9.722,9.722,9.79,10.2,9.52,9.81,10.1,-0.001,0.001,-0.004,0.0,0.0,,,29.95
-2.1,1.0,0.0,0.0,-0.05,0.12,0.19,0.02,-0.01,-1.0,0.4,9.506,9.692,9.732,9.81,10.2,9.91,10.1,9.91,-0.001,0.001,-0.004,0.0,-0.0,,,30.0
-2.1,1.0,0.0,0.0,-0.07,0.12,0.18,-0.46,0.15,-1.0,0.4,9.526,9.702,9.741,9.771,10.2,10.01,9.81,9.71,-0.001,0.001,-0.004,0.0,-0.0,,,30.05
-2.1,1.0,0.0,0.0,-0.06,0.09,0.26,0.06,0.37,-1.0,0.4,9.565,9.712,9.732,9.81,10.1,9.91,10.1,9.71,-0.001,0.001,-0.004,0.0,-0.0,,,30.1
-2.1,1.0,0.0,-0.0,-0.06,0.12,-0.02,-0.44,0.32,-1.0,0.4,9.565,9.712,9.722,9.79,10.1,9.71,9.81,9.91,-0.001,0.001,-0.004,0.0,0.0,,,30.15
-2.1,1.0,0.0,-0.0,-0.06,0.12,0.31,-0.12,-0.14,-1.0,0.4,9.526,9.702,9.692,9.79,10.01,10.01,9.81,9.81,-0.001,0.001,-0.004,0.0,0.0,,,30.2
-2.1,1.0,0.0,-0.0,-0.06,0.13,0.12,0.18,-0.13,-1.0,0.4,9.506,9.692,9.732,9.771,10.01,9.71,9.91,10.01,-0.001,0.001,-0.004,0.0,0.0,,,30.25
-2.1,1.0,0.0,-0.0,-0.06,0.11,0.03,0.21,-0.15,-1.0,0.4,9.545,9.722,9.712,9.81,10.4,9.91,9.91,9.91,-0.001,0.001,-0.004,0.0,0.0,,,30.3
-2.1,1.0,0.0,-0.0,-0.06,0.12,-0.01,-0.06,-0.38,-1.0,0.4,9.555,9.722,9.732,9.771,10.2,9.71,9.81,10.01,-0.001,0.001,-0.004,0.0,0.0,,,30.35
-2.1,1.0,0.0,-0.0,-0.05,0.1,0.27,0.12,-0.02,-1.0,0.4,9.545,9.722,9.732,9.79,10.2,9.81,9.71,10.01,-0.001,0.001,-0.004,0.0,0.0,,,30.4
-2.1,1.0,0.0,0.0,-0.04,0.11,-0.18,0.06,0.07,-1.0,0.4,9.526,9.712,9.751,9.771,10.2,9.71,9.71,9.81,-0.001,0.001,-0.004,0.0,-0.0,,,30.45
-2.1,1.0,0.0,0.0,-0.05,0.14,-0.25,0.3,-0.36,-1.0,0.4,9.545,9.692,9.702,9.722,10.1,9.71,9.71,9.81,-0.001,0.001,-0.004,0.0,-0.0,,,30.5
-2.1,1.0,0.0,0.0,-0.04,0.11,-0.12,0.19,-0.05,-1.0,0.4,9.516,9.732,9.771,9.771,10.1,9.81,9.81,10.1,-0.001,0.001,-0.004,0.0,-0.0,,,30.55
-2.1,1.0,0.0,-0.0,-0.06,0.11,0.17,-0.18,-0.09,-1.0,0.4,9.545,9.741,9.702,9.771,10.2,9.91,9.91,9.81,-0.001,0.001,-0.004,0.0,0.0,,,30.6
-2.1,1.0,0.0,-0.0,-0.07,0.09,0.04,0.1,-0.16,-1.0,0.4,9.526,9.692,9.702,9.741,10.3,9.81,9.81,9.71,-0.001,0.001,-0.004,0.0,0.0,,,30.65
-2.1,1.0,0.0,0.0,-0.06,0.13,-0.2,-0.09,0.1,-1.0,0.4,9.535,9.732,9.722,9.79,10.3,9.71,9.91,10.01,-0.001,0.001,-0.004,0.0,-0.0,,,30.7
-2.1,1.0,0.0,0.0,-0.06,0.14,-0.17,0.06,-0.13,-1.0,0.4,9.535,9.712,9.712,9.741,10.3,9.52,9.81,10.01,-0.001,0.001,-0.004,0.0,-0.0,,,30.75
-2.1,1.0,0.0,-0.0,-0.04,0.09,0.36,-0.01,-0.2,-1.0,0.4,9.506,9.682,9.712,9.771,9.91,9.81,10.1,9.71,-0.001,0.001,-0.004,0.0,0.0,,,30.8
-2.1,1.0,0.0,0.0,-0.03,0.1,-0.47,-0.0,0.16,-1.0,0.4,9.545,9.712,9.761,9.79,10.01,9.81,9.61,9.81,-0.001,0.001,-0.004,0.0,-0.0,,,30.85
-2.1,1.0,0.0,-0.0,-0.06,0.09,0.25,0.17,-0.07,-1.0,0.4,9.584,9.732,9.751,9.79,10.2,9.81,9.81,9.91,-0.001,0.001,-0.004,0.0,0.0,,,30.9
-2.1,1.0,0.0,-0.0,-0.06,0.13,0.03,0.09,-0.01,-1.0,0.4,9.506,9.682,9.673,9.771,10.01,9.91,9.91,9.71,-0.001,0.001,-0.004,0.0,0.0,,,30.95
-2.1,1.0,0.0,-0.0,-0.05,0.12,-0.02,0.07,-0.06,-1.0,0.4,9.526,9.712,9.732,9.771,10.01,9.61,9.91,9.81,-0.001,0.001,-0.004,0.0,0.0,,,31.0
-2.1,1.0,0.0,-0.0,-0.05,0.08,0.16,0.14,-0.04,-1.0,0.4,9.526,9.722,9.692,9.79,10.3,10.01,9.61,9.81,-0.001,0.001,-0.004,0.0,0.0,,,31.05
-2.1,1.0,0.0,0.0,-0.07,0.14,-0.31,-0.17,0.06,-1.0,0.4,9.535,9.712,9.673,9.771,9.81,9.91,9.71,9.91,-0.001,0.001,-0.004,0.0,-0.0,,,31.1
-2.1,1.0,0.0,0.0,-0.06,0.13,-0.22,-0.03,0.04,-1.0,0.4,9.526,9.702,9.741,9.849,10.4,10.01,9.81,9.91,-0.001,0.001,-0.004,0.0,-0.0,,,31.15
-2.1,1.0,0.0,0.0,-0.05,0.14,-0.25,-0.23,0.01,-1.0,0.4,9.535,9.732,9.663,9.722,10.3,10.01,9.61,9.81,-0.001,0.001,-0.004,0.0,-0.0,,,31.2
-2.1,1.0,0.0,0.0,-0.06,0.14,-0.11,0.32,0.32,-1.0,0.4,9.535,9.712,9.751,9.771,10.2,9.61,10.1,9.91,-0.001,0.001,-0.004,0.0,-0.0,,,31.25
-2.1,1.0,0.0,0.0,-0.05,0.07,-0.2,-0.03,-0.17,-1.0,0.4,9.545,9.722,9.781,9.741,10.2,9.71,9.81,9.81,-0.001,0.001,-0.004,0.0,-0.0,,,31.3
-2.1,1.0,0.0,0.0,-0.04,0.07,-0.13,0.18,0.24,-1.0,0.4,9.565,9.732,9.751,9.771,10.1,9.42,9.71,10.01,-0.001,0.001,-0.004,0.0,-0.0,,,31.35
-2.1,1.0,0.0,-0.0,-0.05,0.11,0.32,-0.03,-0.03,-1.0,0.4,9.486,9.682,9.741,9.79,9.81,9.71,9.61,9.91,-0.001,0.001,-0.004,0.0,0.0,,,31.4
-2.1,1.0,0.0,-0.0,-0.07,0.14,0.09,-0.12,-0.09,-1.0,0.4,9.545,9.732,9.682,9.741,10.2,9.81,9.61,9.81,-0.001,0.001,-0.004,0.0,0.0,,,31.45
-2.1,1.0,0.0,-0.0,-0.09,0.12,0.45,-0.07,-0.22,-1.0,0.4,9.575,9.771,9.741,9.81,10.1,9.81,9.81,9.91,-0.001,0.001,-0.004,0.0,0.0,,,31.5
-2.1,1.0,0.0,-0.0,-0.02,0.07,0.01,-0.12,-0.2,-1.0,0.4,9.565,9.682,9.712,9.741,10.2,9.81,9.81,9.71,-0.001,0.001,-0.004,0.0,0.0,,,31.55
-2.1,1.0,0.0,-0.0,-0.06,0.08,0.34,0.18,-0.23,-1.0,0.4,9.535,9.702,9.781,9.771,10.2,9.81,9.91,9.91,-0.001,0.001,-0.004,0.0,0.0,,,31.6
-2.1,1.0,0.0,0.0,-0.06,0.13,-0.09,0.01,-0.04,-1.0,0.4,9.506,9.702,9.732,9.771,10.3,9.71,9.91,9.81,-0.001,0.001,-0.004,0.0,-0.0,,,31.65
-2.1,1.0,0.0,-0.0,-0.06,0.14,-0.1,-0.29,-0.04,-1.0,0.4,9.545,9.722,9.741,9.79,10.2,9.71,9.91,9.91,-0.001,0.001,-0.004,0.0,0.0,,,31.7
-2.1,1.0,0.0,-0.0,-0.05,0.11,-0.0,0.24,-0.14,-1.0,0.4,9.535,9.682,9.761,9.771,10.01,9.81,9.91,9.91,-0.001,0.001,-0.004,0.0,0.0,,,31.75
-2.1,1.0,0.0,-0.0,-0.02,0.09,0.11,-0.22,0.32,-1.0,0.4,9.526,9.692,9.702,9.771,10.1,9.61,9.81,10.01,-0.001,0.001,-0.004,0.0,0.0,,,31.8
-2.1,1.0,0.0,0.0,-0.07,0.1,-0.28,-0.21,0.01,-1.0,0.4,9.565,9.722,9.682,9.741,9.81,9.61,9.81,9.71,-0.001,0.001,-0.004,0.0,-0.0,,,31.85
-2.1,1.0,0.0,0.0,-0.07,0.12,-0.12,0.16,-0.05,-1.0,0.4,9.565,9.741,9.781,9.879,10.3,9.81,9.91,10.01,-0.001,0.001,-0.004,0.0,-0.0,,,31.9
-2.1,1.0,0.0,0.0,-0.05,0.14,-0.02,-0.08,0.1,-1.0,0.4,9.535,9.712,9.692,9.771,10.01,9.71,9.91,10.2,-0.001,0.001,-0.004,0.0,-0.0,,,31.95
-2.1,1.0,0.0,-0.0,-0.03,0.11,0.07,0.31,0.11,-1.0,0.4,9.526,9.692,9.682,9.741,10.3,9.71,9.52,9.91,-0.001,0.001,-0.004,0.0,0.0,,,32.0
-2.1,1.0,0.0,0.0,-0.04,0.09,-0.3,0.11,0.25,-1.0,0.4,9.535,9.682,9.741,9.79,10.1,9.81,9.91,9.81,-0.001,0.001,-0.004,0.0,-0.0,,,32.05
-2.1,1.0,0.0,-0.0,-0.06,0.1,0.29,0.05,0.25,-1.0,0.4,9.555,9.732,9.741,9.741,10.4,9.61,9.61,9.81,-0.001,0.001,-0.004,0.0,0.0,,,32.1
-2.1,1.0,0.0,-0.0,-0.06,0.12,0.01,-0.03,0.14,-1.0,0.4,9.516,9.722,9.771,9.79,10.01,9.42,10.1,9.71,-0.001,0.001,-0.004,0.0,0.0,,,32.15
-2.1,1.0,0.0,-0.0,-0.05,0.15,-0.21,-0.06,0.01,-1.0,0.4,9.516,9.741,9.712,9.79,10.2,9.52,9.71,9.81,-0.001,0.001,-0.004,0.0,0.0,,,32.2
-2.1,1.0,0.0,-0.0,-0.06,0.15,0.04,-0.08,-0.09,-1.0,0.4,9.526,9.692,9.732,9.771,10.3,9.71,9.91,9.91,-0.001,0.001,-0.004,0.0,0.0,,,32.25
-2.1,1.0,0.0,-0.0,-0.04,0.08,-0.1,0.1,0.0,-1.0,0.4,9.506,9.712,9.722,9.79,10.2,9.81,9.81,9.81,-0.001,0.001,-0.004,0.0,0.0,,,32.3
-2.1,1.0,0.0,-0.0,-0.05,0.1,0.34,-0.28,0.04,-1.0,0.4,9.565,9.712,9.712,9.741,10.2,9.91,9.91,9.52,-0.001,0.001,-0.004,0.0,0.0,,,32.35
-2.1,1.0,0.0,0.0,-0.11,0.14,0.06,0.23,-0.04,-1.0,0.4,9.565,9.781,9.722,9.79,10.1,9.81,9.81,10.01,-0.001,0.001,-0.004,0.0,-0.0,,,32.4
-2.1,1.0,0.0,-0.0,-0.04,0.14,0.18,-0.31,0.11,-1.0,0.4,9.506,9.692,9.692,9.771,10.2,9.81,9.81,10.1,-0.001,0.001,-0.004,0.0,0.0,,,32.45
-2.1,1.0,0.0,-0.0,-0.05,0.11,0.33,-0.16,-0.15,-1.0,0.4,9.535,9.673,9.722,9.771,10.2,9.71,9.61,9.81,-0.001,0.001,-0.004,0.0,0.0,,,32.5
-2.1,1.0,0.0,0.0,-0.05,0.06,0.02,0.11,-0.08,-1.0,0.4,9.545,9.722,9.741,9.771,10.2,9.81,9.81,9.81,-0.001,0.001,-0.004,0.0,-0.0,,,32.55
-2.1,1.0,0.0,-0.0,-0.08,0.12,-0.03,0.17,-0.31,-1.0,0.4,9.526,9.722,9.741,9.771,10.01,9.71,9.52,9.81,-0.001,0.001,-0.004,0.0,0.0,,,32.6
-2.1,1.0,0.0,-0.0,-0.06,0.12,0.0,0.01,-0.21,-1.0,0.4,9.535,9.751,9.732,9.81,10.2,9.52,10.01,10.1,-0.001,0.001,-0.004,0.0,0.0,,,32.65
-2.1,1.0,0.0,-0.0,-0.06,0.11,0.26,0.08,-0.14,-1.0,0.4,9.535,9.722,9.722,9.771,10.1,9.81,9.52,9.91,-0.001,0.001,-0.004,0.0,0.0,,,32.7
-2.1,1.0,0.0,-0.0,-0.05,0.09,0.03,0.03,-0.29,-1.0,0.4,9.565,9.702,9.712,9.741,10.01,9.61,9.81,10.01,-0.001,0.001,-0.004,0.0,0.0,,,32.75
-2.1,1.0,0.0,-0.0,-0.05,0.11,0.15,-0.15,0.32,-1.0,0.4,9.516,9.692,9.741,9.771,10.01,9.61,9.81,9.61,-0.001,0.001,-0.004,0.0,0.0,,,32.8
-2.1,1.0,0.0,-0.0,-0.08,0.13,0.21,0.01,-0.05,-1.0,0.4,9.555,9.722,9.732,9.81,10.3,9.81,10.01,10.01,-0.001,0.001,-0.004,0.0,0.0,,,32.85
-2.1,1.0,0.0,-0.0,-0.05,0.13,0.1,0.18,-0.03,-1.0,0.4,9.545,9.702,9.751,9.79,10.1,10.1,9.61,9.81,-0.001,0.001,-0.004,0.0,0.0,,,32.9
-2.1,1.0,0.0,-0.0,-0.05,0.09,0.29,0.37,-0.15,-1.0,0.4,9.545,9.751,9.732,9.79,10.1,9.52,9.91,9.81,-0.001,0.001,-0.004,0.0,0.0,,,32.95
-2.1,1.0,0.0,0.0,-0.02,0.12,-0.44,-0.08,-0.23,-1.0,0.4,9.555,9.732,9.732,9.79,10.3,9.81,9.81,9.81,-0.001,0.001,-0.004,0.0,-0.0,,,33.0
-2.1,1.0,0.0,0.0,-0.1,0.15,0.09,0.09,0.33,-1.0,0.4,9.535,9.722,9.702,9.741,10.1,9.71,9.91,9.81,-0.001,0.001,-0.004,0.0,-0.0,,,33.05
-2.1,1.0,0.0,0.0,0.01,0.04,0.13,-0.39,0.1,-1.0,0.4,9.486,9.702,9.692,9.79,10.1,9.71,9.81,9.91,-0.001,0.001,-0.004,0.0,-0.0,,,33.1
-2.1,1.0,0.0,-0.0,-0.02,0.02,0.02,0.21,0.25,-1.0,0.4,9.545,9.722,9.751,9.79,10.1,9.81,10.01,10.1,-0.001,0.001,-0.004,0.0,0.0,,,33.15
-2.1,1.0,0.0,-0.0,-0.05,0.07,0.15,0.01,0.3,-1.0,0.4,9.565,9.712,9.702,9.741,10.01,9.71,9.52,9.71,-0.001,0.001,-0.004,0.0,0.0,,,33.2
-2.1,1.0,0.0,0.0,-0.07,0.12,-0.02,0.15,-0.11,-1.0,0.4,9.526,9.712,9.702,9.771,10.3,9.91,9.52,9.71,-0.001,0.001,-0.004,0.0,-0.0,,,33.25
-2.1,1.0,0.0,0.0,0.05,-0.0,-0.24,-0.35,0.01,-1.0,0.4,9.535,9.712,9.741,9.81,10.2,9.91,9.91,10.01,-0.001,0.0,-0.004,0.0,-0.0,,,33.3
-2.1,1.0,0.0,0.0,-0.05,0.12,-0.07,0.08,-0.11,-1.0,0.4,9.545,9.741,9.751,9.79,9.91,9.71,9.91,10.01,-0.001,0.0,-0.004,0.0,-0.0,,,33.35
-2.1,1.0,0.0,-0.0,-0.03,0.11,0.01,0.01,-0.1,-1.0,0.4,9.516,9.692,9.732,9.741,10.01,9.91,9.61,10.2,-0.001,0.0,-0.004,0.0,0.0,,,33.4
-2.1,1.0,0.0,0.0,-0.06,0.12,0.03,-0.17,0.01,-1.0,0.4,9.506,9.692,9.732,9.722,10.01,9.91,9.81,10.01,-0.001,0.0,-0.004,0.0,-0.0,,,33.45
-2.1,1.0,0.0,0.0,-0.06,0.09,0.31,0.0,-0.17,-1.0,0.4,9.575,9.702,9.761,9.79,10.2,9.71,9.61,10.1,-0.001,0.0,-0.004,0.0,-0.0,,,33.5
-2.1,1.0,0.0,0.0,-0.07,0.12,-0.2,-0.35,-0.15,-1.0,0.4,9.555,9.722,9.722,9.771,10.01,9.61,9.61,9.71,-0.001,0.0,-0.004,0.0,-0.0,,,33.55
-2.1,1.0,0.0,-0.0,-0.06,0.13,-0.0,0.14,0.11,-1.0,0.4,9.526,9.712,9.712,9.741,10.2,9.81,9.61,9.81,-0.001,0.0,-0.004,0.0,0.0,,,33.6
-2.1,1.0,0.0,0.0,-0.04,0.13,-0.17,0.14,0.08,-1.0,0.4,9.565,9.692,9.712,9.771,9.91,9.81,9.71,10.01,-0.001,0.0,-0.004,0.0,-0.0,,,33.65
-2.1,1.0,0.0,-0.0,-0.06,0.1,0.16,0.4,0.07,-1.0,0.4,9.526,9.732,9.741,9.771,10.3,9.61,9.71,9.81,-0.001,0.0,-0.004,0.0,0.0,,,33.7
-2.1,1.0,0.0,0.0,-0.05,0.07,0.09,0.12,0.38,-1.0,0.4,9.545,9.732,9.712,9.771,10.4,9.81,9.61,9.71,-0.001,0.0,-0.004,0.0,-0.0,,,33.75
-2.1,1.0,0.0,0.0,-0.06,0.1,0.04,0.32,-0.15,-1.0,0.4,9.565,9.702,9.712,9.79,10.1,9.91,9.61,10.1,-0.001,0.0,-0.004,0.0,-0.0,,,33.8
-2.1,1.0,0.0,0.0,-0.06,0.13,0.1,-0.26,0.02,-1.0,0.4,9.545,9.712,9.751,9.771,10.4,9.91,9.61,9.81,-0.001,0.0,-0.004,0.0,-0.0,,,33.85
-2.1,1.0,0.0,0.0,-0.09,0.19,-0.24,0.05,0.25,-1.0,0.4,9.535,9.702,9.712,9.722,10.3,9.61,9.81,10.01,-0.001,0.0,-0.004,0.0,-0.0,,,33.9
-2.1,1.0,0.0,0.0,-0.11,0.15,-0.07,-0.34,-0.04,-1.0,0.4,9.526,9.712,9.741,9.741,10.3,9.71,9.52,9.91,-0.001,0.0,-0.004,0.0,-0.0,,,33.95
-2.1,1.0,0.0,0.0,-0.04,0.06,-0.05,-0.23,0.02,-1.0,0.4,9.555,9.712,9.722,9.771,10.2,9.71,9.61,9.81,-0.001,0.0,-0.004,0.0,-0.0,,,34.0
-2.1,1.0,0.0,-0.0,-0.08,0.11,0.26,0.2,-0.02,-1.0,0.4,9.535,9.692,9.722,9.741,10.1,9.71,9.81,10.01,-0.001,0.0,-0.004,0.0,0.0,,,34.05
-2.1,1.0,0.0,0.0,-0.06,0.12,-0.16,-0.25,0.04,-1.0,0.4,9.526,9.722,9.732,9.79,10.01,9.61,9.91,9.91,-0.001,0.0,-0.004,0.0,-0.0,,,34.1
-2.1,1.0,0.0,-0.0,-0.07,0.13,0.45,0.05,-0.1,-1.0,0.4,9.555,9.732,9.732,9.79,10.1,9.81,9.91,9.71,-0.001,0.0,-0.004,0.0,0.0,,,34.15
-2.1,1.0,0.0,0.0,-0.02,0.09,-0.39,0.12,0.01,-1.0,0.4,9.526,9.702,9.712,9.79,10.4,9.61,9.52,9.71,-0.001,0.0,-0.004,0.0,-0.0,,,34.2
-2.1,1.0,0.0,-0.0,-0.07,0.13,0.01,-0.15,0.08,-1.0,0.4,9.545,9.682,9.732,9.771,9.91,9.81,9.81,10.01,-0.001,0.0,-0.004,0.0,0.0,,,34.25
-2.1,1.0,0.0,0.0,-0.06,0.08,-0.17,0.52,0.2,-1.0,0.4,9.555,9.732,9.761,9.79,10.3,9.81,9.91,9.81,-0.001,0.0,-0.004,0.0,-0.0,,,34.3
-2.1,1.0,0.0,-0.0,-0.05,0.12,-0.01,0.26,-0.14,-1.0,0.4,9.535,9.732,9.712,9.79,10.01,9.81,9.61,9.81,-0.001,0.0,-0.004,0.0,0.0,,,34.35
-2.1,1.0,0.0,0.0,-0.06,0.13,-0.18,-0.03,-0.35,-1.0,0.4,9.535,9.702,9.732,9.741,10.1,9.91,9.61,10.01,-0.001,0.0,-0.004,0.0,-0.0,,,34.4
-2.1,1.0,0.0,0.0,-0.07,0.13,0.14,-0.09,0.42,-1.0,0.4,9.545,9.751,9.732,9.771,10.01,9.61,9.91,9.71,-0.001,0.0,-0.004,0.0,-0.0,,,34.45
-2.1,1.0,0.0,-0.0,-0.06,0.11,0.07,0.03,-0.27,-1.0,0.4,9.545,9.722,9.741,9.79,10.2,9.91,9.91,10.01,-0.001,0.0,-0.004,0.0,0.0,,,34.5
-2.1,1.0,0.0,-0.0,-0.05,0.09,0.32,0.59,0.15,-1.0,0.4,9.526,9.712,9.702,9.722,10.4,9.71,9.71,9.71,-0.001,0.0,-0.004,0.0,0.0,,,34.55
-2.1,1.0,0.0,-0.0,-0.06,0.1,0.28,-0.04,0.33,-1.0,0.4,9.535,9.761,9.712,9.79,10.1,9.61,9.61,10.1,-0.001,0.0,-0.004,0.0,0.0,,,34.6
-2.1,1.0,0.0,-0.0,-0.05,0.11,0.07,0.19,-0.03,-1.0,0.4,9.535,9.732,9.732,9.79,10.2,9.71,9.52,9.91,-0.001,0.0,-0.004,0.0,0.0,,,34.65
-2.1,1.0,0.0,-0.0,-0.03,0.09,-0.04,0.3,0.2,-1.0,0.4,9.516,9.692,9.741,9.771,10.2,9.61,9.81,9.91,-0.001,0.0,-0.004,0.0,0.0,,,34.7
-2.1,1.0,0.0,-0.0,-0.06,0.11,-0.07,0.02,0.12,-1.0,0.4,9.545,9.673,9.741,9.771,10.01,9.71,9.81,9.91,-0.001,0.0,-0.004,0.0,0.0,,,34.75
-2.1,1.0,0.0,-0.0,-0.08,0.12,0.32,-0.08,-0.01,-1.0,0.4,9.555,9.712,9.741,9.79,10.01,9.71,9.71,9.71,-0.001,0.0,-0.004,0.0,0.0,,,34.8
-2.1,1.0,0.0,0.0,-0.06,0.11,-0.24,-0.02,-0.14,-1.0,0.4,9.545,9.732,9.741,9.741,10.3,9.71,10.1,9.81,-0.001,0.0,-0.004,0.0,-0.0,,,34.85
-2.1,1.0,0.0,0.0,-0.05,0.1,-0.2,0.01,0.14,-1.0,0.4,9.526,9.702,9.741,9.741,10.1,9.81,10.1,9.81,-0.001,0.0,-0.004,0.0,-0.0,,,34.9
-2.1,1.0,0.0,0.0,-0.04,0.08,-0.0,-0.12,0.3,-1.0,0.4,9.545,9.722,9.722,9.741,10.1,9.71,10.1,10.01,-0.001,0.0,-0.004,0.0,-0.0,,,34.95
-2.1,1.0,0.0,0.0,-0.05,0.12,-0.09,0.04,-0.07,-1.0,0.4,9.545,9.702,9.722,9.771,10.2,9.71,9.42,9.81,-0.001,0.0,-0.004,0.0,-0.0,,,35.0
-2.1,1.0,0.0,-0.0,-0.06,0.11,0.55,0.13,0.18,-1.0,0.4,9.555,9.682,9.732,9.771,10.2,9.61,9.81,9.91,-0.001,0.0,-0.004,0.0,0.0,,,35.05
-2.1,1.0,0.0,0.0,-0.06,0.15,-0.39,0.12,-0.09,-1.0,0.4,9.545,9.751,9.732,9.771,10.2,9.81,9.91,10.2,-0.001,0.0,-0.004,0.0,-0.0,,,35.1
-2.1,1.0,0.0,-0.0,-0.06,0.1,0.09,0.05,0.13,-1.0,0.4,9.535,9.692,9.741,9.79,10.1,9.61,10.01,9.91,-0.001,0.0,-0.004,0.0,0.0,,,35.15
-2.1,1.0,0.0,0.0,-0.05,0.09,-0.0,0.28,0.17,-1.0,0.4,9.565,9.702,9.751,9.79,10.1,9.61,9.91,10.01,-0.001,0.0,-0.004,0.0,-0.0,,,35.2
-2.1,1.0,0.0,-0.0,-0.06,0.11,0.12,0.11,0.26,-1.0,0.4,9.535,9.722,9.741,9.741,10.2,9.71,9.61,9.91,-0.001,0.0,-0.004,0.0,0.0,,,35.25
-2.1,1.0,0.0,-0.0,-0.06,0.12,0.13,0.02,-0.18,-1.0,0.4,9.526,9.712,9.692,9.771,10.2,9.91,9.81,9.91,-0.001,0.0,-0.004,0.0,0.0,,,35.3
-2.1,1.0,0.0,-0.0,-0.11,0.19,-0.02,-0.13,0.22,-1.0,0.4,9.526,9.741,9.722,9.79,10.1,9.91,9.91,9.91,-0.001,0.0,-0.004,0.0,0.0,,,35.35
-2.1,1.0,0.0,-0.0,-0.06,0.12,-0.3,-0.21,-0.19,-1.0,0.4,9.535,9.722,9.712,9.771,10.1,9.71,9.61,9.91,-0.001,0.0,-0.004,0.0,0.0,,,35.4
-2.1,1.0,0.0,-0.0,-0.06,0.11,0.06,-0.3,0.22,-1.0,0.4,9.545,9.722,9.722,9.771,10.3,9.71,9.61,9.91,-0.001,0.0,-0.004,0.0,0.0,,,35.45
-2.1,1.0,0.0,0.0,-0.01,0.06,-0.33,0.06,-0.08,-1.0,0.4,9.555,9.702,9.751,9.771,10.1,9.61,9.61,10.01,-0.001,0.0,-0.004,0.0,-0.0,,,35.5
-2.1,1.0,0.0,-0.0,-0.03,0.1,-0.08,-0.41,0.12,-1.0,0.4,9.535,9.692,9.722,9.741,10.1,9.71,9.61,9.81,-0.001,0.0,-0.004,0.0,0.0,,,35.55
-2.1,1.0,0.0,0.0,-0.05,0.11,0.2,-0.07,0.02,-1.0,0.4,9.535,9.692,9.751,9.741,10.2,10.01,9.91,10.01,-0.001,0.0,-0.004,0.0,-0.0,,,35.6
-2.1,1.0,0.0,-0.0,-0.07,0.13,0.17,-0.14,-0.18,-1.0,0.4,9.545,9.712,9.741,9.771,9.91,9.61,9.91,9.81,-0.001,0.0,-0.004,0.0,0.0,,,35.65
-2.1,1.0,0.0,-0.0,-0.04,0.09,0.48,0.12,-0.01,-1.0,0.4,9.526,9.712,9.741,9.771,10.3,9.71,9.52,9.91,-0.001,0.0,-0.004,0.0,0.0,,,35.7
-2.1,1.0,0.0,0.0,-0.07,0.12,-0.13,0.19,0.07,-1.0,0.4,9.545,9.712,9.682,9.771,10.2,9.71,10.01,9.91,-0.001,0.0,-0.004,0.0,-0.0,,,35.75
-2.1,1.0,0.0,0.0,-0.06,0.1,0.07,0.05,0.16,-1.0,0.4,9.565,9.732,9.741,9.771,10.01,9.71,9.91,10.1,-0.001,0.0,-0.004,0.0,-0.0,,,35.8
-2.1,1.0,0.0,0.0,-0.06,0.12,-0.28,-0.2,0.02,-1.0,0.4,9.535,9.712,9.722,9.79,10.2,9.71,9.81,10.01,-0.001,0.0,-0.004,0.0,-0.0,,,35.85
-2.1,1.0,0.0,-0.0,-0.06,0.1,0.66,-0.15,-0.02,-1.0,0.4,9.516,9.702,9.722,9.741,10.1,9.81,9.81,9.91,-0.001,0.0,-0.004,0.0,0.0,,,35.9
-2.1,1.0,0.0,0.0,-0.06,0.11,-0.02,0.02,-0.29,-1.0,0.4,9.535,9.702,9.722,9.771,10.01,9.71,9.61,10.1,-0.001,0.0,-0.004,0.0,-0.0,,,35.95
-2.1,1.0,0.0,0.0,-0.04,0.11,-0.22,-0.04,0.25,-1.0,0.4,9.535,9.682,9.771,9.79,9.91,9.71,9.52,9.81,-0.001,0.0,-0.004,0.0,-0.0,,,36.0
-2.1,1.0,0.0,-0.0,-0.07,0.12,0.09,-0.02,-0.17,-1.0,0.4,9.535,9.732,9.732,9.79,10.01,9.71,9.71,9.81,-0.001,0.0,-0.004,0.0,0.0,,,36.05
-2.1,1.0,0.0,0.0,-0.04,0.11,-0.41,0.11,0.27,-1.0,0.4,9.535,9.712,9.712,9.741,10.2,9.81,9.91,9.81,-0.001,0.0,-0.004,0.0,-0.0,,,36.1
-2.1,1.0,0.0,0.0,-0.05,0.12,-0.35,-0.15,-0.15,-1.0,0.4,9.545,9.732,9.741,9.81,10.3,9.81,9.52,10.1,-0.001,0.0,-0.004,0.0,-0.0,,,36.15
-2.1,1.0,0.0,-0.0,-0.05,0.1,-0.14,-0.22,-0.13,-1.0,0.4,9.535,9.702,9.702,9.79,10.01,9.81,10.01,9.91,-0.001,0.0,-0.004,0.0,0.0,,,36.2
-2.1,1.0,0.0,-0.0,-0.07,0.11,0.31,0.18,0.01,-1.0,0.4,9.545,9.732,9.722,9.79,10.2,9.71,9.71,10.01,-0.001,0.0,-0.004,0.0,0.0,,,36.25
-2.1,1.0,0.0,0.0,-0.06,0.12,-0.03,-0.06,0.05,-1.0,0.4,9.526,9.741,9.712,9.771,10.2,10.01,9.61,9.91,-0.001,0.0,-0.004,0.0,-0.0,,,36.3
-2.1,1.0,0.0,-0.0,-0.07,0.11,0.32,0.09,-0.23,-1.0,0.4,9.545,9.732,9.712,9.771,10.4,9.81,9.91,9.81,-0.001,0.0,-0.004,0.0,0.0,,,36.35
-2.1,1.0,0.0,-0.0,-0.04,0.11,-0.09,0.06,0.31,-1.0,0.4,9.526,9.673,9.771,9.79,10.2,9.81,9.91,9.81,-0.001,0.0,-0.004,0.0,0.0,,,36.4
-2.1,1.0,0.0,-0.0,-0.05,0.09,0.24,0.04,-0.05,-1.0,0.4,9.545,9.702,9.751,9.771,10.2,9.71,9.91,9.81,-0.001,0.0,-0.004,0.0,0.0,,,36.45
-2.1,1.0,0.0,0.0,-0.08,0.11,-0.11,0.06,-0.16,-1.0,0.4,9.526,9.722,9.722,9.771,10.2,9.81,9.81,9.91,-0.001,0.0,-0.004,0.0,-0.0,,,36.5
-2.1,1.0,0.0,0.0,-0.05,0.12,-0.08,0.0,-0.01,-1.0,0.4,9.526,9.692,9.722,9.79,9.91,9.81,9.81,9.91,-0.001,0.0,-0.004,0.0,-0.0,,,36.55
-2.1,1.0,0.0,0.0,-0.06,0.12,0.18,-0.13,-0.08,-1.0,0.4,9.565,9.722,9.741,9.79,9.91,9.61,9.81,9.91,-0.001,0.0,-0.004,0.0,-0.0,,,36.6
-2.1,1.0,0.0,-0.0,-0.05,0.08,0.12,0.06,-0.38,-1.0,0.4,9.535,9.722,9.702,9.771,10.01,9.61,9.81,10.01,-0.001,0.0,-0.004,0.0,0.0,,,36.65
-2.1,1.0,0.0,-0.0,-0.07,0.1,0.02,-0.04,-0.03,-1.0,0.4,9.526,9.692,9.702,9.741,10.1,9.71,9.71,9.91,-0.001,0.0,-0.004,0.0,0.0,,,36.7
-2.1,1.0,0.0,-0.0,-0.04,0.12,0.05,0.01,0.15,-1.0,0.4,9.565,9.712,9.751,9.81,10.1,9.71,9.91,10.1,-0.001,0.0,-0.004,0.0,0.0,,,36.75
-2.1,1.0,0.0,-0.0,-0.07,0.12,0.61,-0.08,-0.01,-1.0,0.4,9.555,9.751,9.741,9.79,10.4,9.71,9.91,9.81,-0.001,0.0,-0.004,0.0,0.0,,,36.8
-2.1,1.0,0.0,-0.0,-0.07,0.12,0.38,0.02,0.08,-1.0,0.4,9.535,9.741,9.732,9.79,10.2,9.81,9.81,10.01,-0.001,0.0,-0.004,0.0,0.0,,,36.85
-2.1,1.0,0.0,-0.0,-0.06,0.11,-0.15,0.02,-0.0,-1.0,0.4,9.535,9.722,9.741,9.741,10.01,9.71,9.81,9.91,-0.001,0.0,-0.004,0.0,0.0,,,36.9
-2.1,1.0,0.0,-0.0,-0.05,0.08,0.04,0.06,0.08,-1.0,0.4,9.565,9.732,9.751,9.771,10.1,9.81,9.81,10.01,-0.001,0.0,-0.004,0.0,0.0,,,36.95
-2.1,1.0,0.0,-0.0,-0.06,0.1,0.29,-0.3,-0.0,-1.0,0.4,9.535,9.712,9.722,9.771,10.1,9.71,9.81,9.81,-0.001,0.0,-0.004,0.0,0.0,,,37.0
-2.1,1.0,0.0,0.0,-0.05,0.11,0.13,0.03,-0.01,-1.0,0.4,9.516,9.702,9.712,9.771,10.2,10.01,9.71,10.2,-0.001,0.0,-0.004,0.0,-0.0,,,37.05
-2.1,1.0,0.0,-0.0,-0.05,0.1,0.27,-0.24,-0.05,-1.0,0.4,9.526,9.741,9.692,9.771,10.2,9.91,9.81,9.91,-0.001,0.0,-0.004,0.0,0.0,,,37.1
-2.1,1.0,0.0,0.0,-0.04,0.1,-0.14,-0.16,-0.01,-1.0,0.4,9.535,9.712,9.741,9.771,10.1,9.81,9.91,9.91,-0.001,0.0,-0.004,0.0,-0.0,,,37.15
-2.1,1.0,0.0,-0.0,-0.07,0.12,0.04,-0.04,-0.22,-1.0,0.4,9.526,9.732,9.741,9.771,10.2,9.81,9.81,10.01,-0.001,0.0,-0.004,0.0,0.0,,,37.2
-2.1,1.0,0.0,0.0,-0.05,0.07,-0.0,0.29,0.09,-1.0,0.4,9.555,9.741,9.751,9.79,10.4,9.71,9.81,9.81,-0.001,0.0,-0.004,0.0,-0.0,,,37.25
-2.1,1.0,0.0,0.0,-0.06,0.12,-0.23,-0.21,0.14,-1.0,0.4,9.545,9.692,9.741,9.741,9.91,9.81,9.61,9.81,-0.001,0.0,-0.004,0.0,-0.0,,,37.3
-2.1,1.0,0.0,-0.0,-0.08,0.09,0.14,-0.05,0.2,-1.0,0.4,9.575,9.751,9.79,9.79,10.1,9.81,9.81,9.71,-0.001,0.0,-0.004,0.0,0.0,,,37.35
-2.1,1.0,0.0,-0.0,-0.02,0.09,-0.05,-0.2,0.03,-1.0,0.4,9.555,9.692,9.692,9.741,10.1,10.01,10.01,9.81,-0.001,0.0,-0.004,0.0,0.0,,,37.4
-2.1,1.0,0.0,-0.0,-0.07,0.13,0.18,0.02,-0.07,-1.0,0.4,9.526,9.682,9.702,9.771,10.2,9.91,9.81,9.81,-0.001,0.0,-0.004,0.0,0.0,,,37.45
-2.1,1.0,0.0,-0.0,-0.05,0.11,0.11,-0.56,0.14,-1.0,0.4,9.526,9.732,9.741,9.79,10.3,9.81,9.91,10.1,-0.001,0.0,-0.004,0.0,0.0,,,37.5
-2.1,1.0,0.0,-0.0,-0.06,0.09,0.13,0.05,0.03,-1.0,0.4,9.545,9.741,9.722,9.771,10.01,9.91,9.81,9.91,-0.001,0.0,-0.004,0.0,0.0,,,37.55
-2.1,1.0,0.0,-0.0,-0.05,0.1,-0.09,0.13,-0.19,-1.0,0.4,9.496,9.682,9.741,9.79,10.01,9.81,9.42,10.01,-0.001,0.0,-0.004,0.0,0.0,,,37.6
-2.1,1.0,0.0,-0.0,-0.05,0.1,0.21,-0.2,0.24,-1.0,0.4,9.565,9.732,9.722,9.771,10.5,9.81,9.71,10.01,-0.001,0.0,-0.004,0.0,0.0,,,37.65
-2.1,1.0,0.0,-0.0,-0.05,0.09,0.02,0.06,0.08,-1.0,0.4,9.555,9.741,9.751,9.79,10.3,9.91,9.91,9.81,-0.001,0.0,-0.004,0.0,0.0,,,37.7
-2.1,1.0,0.0,0.0,-0.07,0.14,0.14,0.03,0.18,-1.0,0.4,9.545,9.732,9.741,9.771,10.01,9.52,9.81,9.91,-0.001,0.0,-0.004,0.0,-0.0,,,37.75
-2.1,1.0,0.0,0.0,-0.06,0.12,0.19,-0.03,-0.25,-1.0,0.4,9.535,9.741,9.712,9.722,10.2,9.52,9.71,9.81,-0.001,0.0,-0.004,0.0,-0.0,,,37.8
-2.1,1.0,0.0,0.0,-0.06,0.12,-0.16,-0.0,-0.18,-1.0,0.4,9.496,9.673,9.732,9.79,10.1,9.81,9.71,9.91,-0.001,0.0,-0.004,0.0,-0.0,,,37.85
-2.1,1.0,0.0,-0.0,-0.01,0.01,0.35,-0.1,-0.12,-1.0,0.4,9.565,9.732,9.682,9.771,10.2,9.61,9.61,10.1,-0.001,0.0,-0.004,0.0,0.0,,,37.9
-2.1,1.0,0.0,0.0,-0.0,0.04,-0.24,-0.11,-0.09,-1.0,0.4,9.545,9.741,9.732,9.771,10.2,9.91,9.81,9.71,-0.001,0.0,-0.004,0.0,-0.0,,,37.95
-2.1,1.0,0.0,-0.0,-0.08,0.15,0.23,-0.02,-0.08,-1.0,0.4,9.506,9.692,9.712,9.771,10.2,9.91,9.91,10.01,-0.001,0.0,-0.004,0.0,0.0,,,38.0
-2.1,1.0,0.0,0.0,-0.04,0.11,-0.43,0.03,0.0,-1.0,0.4,9.516,9.712,9.741,9.771,10.2,9.91,9.71,10.01,-0.001,0.0,-0.004,0.0,-0.0,,,38.05
-2.1,1.0,0.0,-0.0,-0.06,0.12,0.16,0.02,-0.11,-1.0,0.4,9.555,9.722,9.771,9.79,10.2,10.01,9.61,9.91,-0.001,0.0,-0.004,0.0,0.0,,,38.1
-2.1,1.0,0.0,-0.0,-0.06,0.09,0.44,0.18,0.11,-1.0,0.4,9.496,9.663,9.732,9.741,9.81,9.81,9.81,9.81,-0.001,0.0,-0.004,0.0,0.0,,,38.15
-2.1,1.0,0.0,-0.0,-0.06,0.11,-0.07,-0.09,0.06,-1.0,0.4,9.516,9.712,9.751,9.741,10.1,9.71,10.1,9.81,-0.001,0.0,-0.004,0.0,0.0,,,38.2
-2.1,1.0,0.0,-0.0,-0.05,0.08,0.05,-0.07,-0.17,-1.0,0.4,9.584,9.751,9.732,9.79,10.1,9.81,9.81,10.01,-0.001,0.0,-0.004,0.0,0.0,,,38.25
-2.1,1.0,0.0,-0.0,-0.07,0.14,0.22,-0.35,-0.0,-1.0,0.4,9.526,9.722,9.702,9.741,10.01,9.61,9.81,9.81,-0.001,0.0,-0.004,0.0,0.0,,,38.3
-2.1,1.0,0.0,-0.0,-0.06,0.11,0.27,0.26,0.26,-1.0,0.4,9.516,9.722,9.722,9.771,9.81,9.81,9.71,9.91,-0.001,0.0,-0.004,0.0,0.0,,,38.35
-2.1,1.0,0.0,-0.0,-0.06,0.11,0.01,-0.04,-0.08,-1.0,0.4,9.575,9.692,9.732,9.79,10.4,9.81,9.61,10.01,-0.001,0.0,-0.004,0.0,0.0,,,38.4
-2.1,1.0,0.0,0.0,-0.05,0.09,0.24,-0.09,0.45,-1.0,0.4,9.526,9.712,9.741,9.741,10.3,9.81,9.71,9.81,-0.001,0.0,-0.004,0.0,-0.0,,,38.45
-2.1,1.0,0.0,-0.0,-0.05,0.14,0.02,0.34,0.0,-1.0,0.4,9.526,9.682,9.722,9.79,10.3,9.52,9.61,9.81,-0.001,0.0,-0.004,0.0,0.0,,,38.5
-2.1,1.0,0.0,-0.0,-0.05,0.11,0.15,-0.06,0.04,-1.0,0.4,9.594,9.771,9.771,9.771,10.01,9.91,9.81,9.81,-0.001,0.0,-0.004,0.0,0.0,,,38.55
-2.1,1.0,0.0,0.0,-0.07,0.12,-0.23,-0.24,-0.01,-1.0,0.4,9.565,9.741,9.722,9.771,10.2,9.61,9.61,10.3,-0.001,0.0,-0.004,0.0,-0.0,,,38.6
-2.1,1.0,0.0,-0.0,-0.03,0.08,0.11,-0.11,0.1,-1.0,0.4,9.526,9.722,9.722,9.771,10.01,9.71,10.1,10.1,-0.001,0.0,-0.004,0.0,0.0,,,38.65
-2.1,1.0,0.0,-0.0,-0.07,0.14,0.29,0.19,0.19,-1.0,0.4,9.555,9.732,9.722,9.741,10.1,9.71,9.91,9.81,-0.001,0.0,-0.004,0.0,0.0,,,38.7
-2.1,1.0,0.0,-0.0,-0.06,0.13,0.06,0.1,0.11,-1.0,0.4,9.526,9.751,9.732,9.771,10.3,9.61,9.71,10.01,-0.001,0.0,-0.004,0.0,0.0,,,38.75
-2.1,1.0,0.0,-0.0,-0.08,0.12,0.02,0.11,-0.16,-1.0,0.4,9.535,9.722,9.702,9.79,10.2,9.71,9.91,10.01,-0.001,0.0,-0.004,0.0,0.0,,,38.8
-2.1,1.0,0.0,-0.0,-0.06,0.08,-0.0,0.06,0.31,-1.0,0.4,9.545,9.722,9.702,9.79,10.01,9.71,9.91,9.81,-0.001,0.0,-0.004,0.0,0.0,,,38.85
-2.1,1.0,0.0,-0.0,-0.09,0.12,-0.12,-0.09,0.04,-1.0,0.4,9.516,9.712,9.722,9.771,10.01,9.91,9.81,9.71,-0.001,0.0,-0.004,0.0,0.0,,,38.9
-2.1,1.0,0.0,0.0,-0.06,0.11,0.05,0.16,-0.16,-1.0,0.4,9.545,9.702,9.741,9.771,10.1,9.81,10.01,9.71,-0.001,0.0,-0.004,0.0,-0.0,,,38.95
-2.1,1.0,0.0,-0.0,-0.08,0.16,-0.05,0.02,-0.21,-1.0,0.4,9.526,9.712,9.741,9.771,10.3,9.91,9.71,10.1,-0.001,0.0,-0.004,0.0,0.0,,,39.0
-2.1,1.0,0.0,-0.0,-0.02,0.11,0.03,-0.03,-0.06,-1.0,0.4,9.496,9.692,9.751,9.771,10.2,9.61,9.91,9.91,-0.001,0.0,-0.004,0.0,0.0,,,39.05
-2.1,1.0,0.0,-0.0,-0.03,0.08,0.09,-0.07,0.08,-1.0,0.4,9.555,9.712,9.732,9.771,10.3,9.91,9.81,9.91,-0.001,0.0,-0.004,0.0,0.0,,,39.1
-2.1,1.0,0.0,-0.0,-0.01,0.08,0.11,-0.01,0.15,-1.0,0.4,9.545,9.673,9.732,9.771,10.01,9.91,9.61,9.81,-0.001,0.0,-0.004,0.0,0.0,,,39.15
-2.1,1.0,0.0,-0.0,-0.06,0.14,0.43,0.19,0.13,-1.0,0.4,9.526,9.692,9.732,9.741,10.3,9.71,10.1,9.81,-0.001,0.0,-0.004,0.0,0.0,,,39.2
-2.1,1.0,0.0,-0.0,-0.05,0.14,0.39,-0.36,0.31,-1.0,0.4,9.555,9.751,9.692,9.79,10.3,9.81,9.91,9.81,-0.001,0.0,-0.004,0.0,0.0,,,39.25
-2.1,1.0,0.0,-0.0,-0.07,0.11,-0.06,-0.2,0.19,-1.0,0.4,9.575,9.702,9.732,9.79,10.1,9.81,9.81,9.91,-0.001,0.0,-0.004,0.0,0.0,,,39.3
-2.1,1.0,0.0,-0.0,-0.08,0.09,0.25,-0.27,0.01,-1.0,0.4,9.604,9.722,9.722,9.79,9.91,9.91,9.91,10.01,-0.001,0.0,-0.004,0.0,0.0,,,39.35
-2.1,1.0,0.0,-0.0,-0.03,0.03,0.45,0.04,-0.01,-1.0,0.4,9.535,9.712,9.732,9.79,10.01,9.91,9.91,9.91,-0.001,0.0,-0.004,0.0,0.0,,,39.4
-2.1,1.0,0.0,0.0,-0.07,0.08,0.14,0.01,0.43,-1.0,0.4,9.575,9.702,9.741,9.771,10.2,9.71,9.71,9.91,-0.001,0.0,-0.004,0.0,-0.0,,,39.45
-2.1,1.0,0.0,-0.0,-0.03,0.08,0.22,0.28,0.0,-1.0,0.4,9.535,9.722,9.722,9.79,10.2,9.91,9.91,10.01,-0.001,0.0,-0.004,0.0,0.0,,,39.5
-2.1,1.0,0.0,-0.0,-0.02,0.07,0.13,-0.02,0.02,-1.0,0.4,9.535,9.682,9.79,9.771,10.2,9.81,10.01,10.01,-0.001,0.0,-0.004,0.0,0.0,,,39.55
-2.1,1.0,0.0,0.0,-0.06,0.12,0.06,0.46,0.01,-1.0,0.4,9.486,9.712,9.702,9.79,9.91,9.71,9.52,9.81,-0.001,0.0,-0.004,0.0,-0.0,,,39.6
-2.1,1.0,0.0,-0.0,-0.06,0.12,0.38,-0.07,0.13,-1.0,0.4,9.526,9.712,9.702,9.79,10.2,9.81,9.81,9.91,-0.001,0.0,-0.004,0.0,0.0,,,39.65
-2.1,1.0,0.0,-0.0,-0.08,0.1,0.18,-0.09,0.13,-1.0,0.4,9.565,9.722,9.712,9.741,10.5,9.91,9.61,10.2,-0.001,0.0,-0.004,0.0,0.0,,,39.7
-2.1,1.0,0.0,0.0,-0.04,0.16,-0.17,0.31,-0.1,-1.0,0.4,9.388,9.741,9.692,9.81,10.01,9.71,9.91,10.01,-0.001,0.0,-0.004,0.0,-0.0,,,39.75
-2.1,1.0,0.0,0.0,-0.05,0.27,-0.01,0.19,0.52,-1.0,0.4,9.359,9.761,9.732,9.879,10.2,9.52,9.12,10.1,-0.001,0.0,-0.004,0.0,-0.0,,,39.8
-2.1,1.0,0.0,0.0,0.01,0.1,-0.15,-0.15,-0.22,-1.0,0.4,9.624,9.79,9.643,9.81,10.01,9.81,9.71,9.81,-0.001,0.0,-0.004,0.0,-0.0,,,39.85
-2.1,1.0,0.0,-0.0,-0.07,0.05,0.15,-0.29,0.29,-1.0,0.4,9.555,9.682,9.692,9.771,10.4,9.81,9.81,9.91,-0.001,0.0,-0.004,0.0,0.0,,,39.9
-2.1,1.0,0.0,-0.0,-0.01,0.1,0.27,0.08,0.07,-1.0,0.4,9.535,9.604,9.702,9.771,10.3,9.61,10.01,9.81,-0.001,0.0,-0.004,0.0,0.0,,,39.95
-2.1,1.0,0.0,-0.0,-0.04,0.05,0.44,-0.3,0.07,-1.0,0.4,9.682,9.722,9.692,9.741,9.91,9.81,9.71,9.71,-0.001,0.0,-0.004,0.0,0.0,,,40.0
-2.1,1.0,0.0,0.0,-0.06,0.22,-0.17,0.37,-0.0,-1.0,0.4,9.457,9.741,9.83,9.692,10.2,10.01,10.01,10.01,-0.001,0.0,-0.004,0.0,-0.0,,,40.05
-2.1,1.0,0.0,0.0,-0.12,0.13,-0.04,0.26,-0.09,-1.0,0.4,9.604,9.457,9.781,9.741,10.2,9.22,9.71,10.2,-0.001,0.0,-0.004,0.0,-0.0,,,40.1
-2.1,1.0,0.0,0.0,-0.07,0.06,0.04,0.04,-0.12,-1.0,0.4,9.614,9.741,9.673,9.79,10.3,9.52,9.81,9.91,-0.001,0.0,-0.004,0.0,-0.0,,,40.15
-2.1,1.0,0.0,0.0,-0.08,0.15,-0.05,0.53,0.22,-1.0,0.4,9.535,9.781,9.741,9.81,10.1,9.81,9.91,10.01,-0.001,0.0,-0.004,0.0,-0.0,,,40.2
-2.1,1.0,0.0,0.0,-0.07,0.19,0.07,0.12,0.18,-1.0,0.4,9.535,9.761,9.722,9.849,10.01,9.91,9.71,10.01,-0.001,0.0,-0.004,0.0,-0.0,,,40.25
-2.1,1.0,0.0,-0.0,-0.04,0.09,0.5,0.07,-0.11,-1.0,0.4,9.565,9.702,9.663,9.741,10.2,9.61,9.81,9.91,-0.001,0.0,-0.004,0.0,0.0,,,40.3
-2.1,1.0,0.0,-0.0,-0.08,0.09,0.38,0.0,0.02,-1.0,0.4,9.506,9.653,9.722,9.79,10.3,9.71,9.81,10.1,-0.001,0.0,-0.004,0.0,0.0,,,40.35
-2.1,1.0,0.0,0.0,-0.05,0.07,0.04,0.04,-0.12,-1.0,0.4,9.535,9.673,9.781,9.79,9.91,9.81,9.81,9.71,-0.001,0.0,-0.004,0.0,-0.0,,,40.4
-2.1,1.0,0.0,0.0,-0.05,0.1,-0.09,-0.3,0.02,-1.0,0.4,9.555,9.722,9.702,9.79,10.3,9.91,9.91,10.01,-0.001,0.0,-0.004,0.0,-0.0,,,40.45
-2.1,1.0,0.0,0.0,-0.07,0.11,-0.16,-0.11,0.2,-1.0,0.4,9.535,9.751,9.741,9.79,10.1,9.81,9.61,10.01,-0.001,0.0,-0.004,0.0,-0.0,,,40.5
-2.1,1.0,0.0,-0.0,-0.07,0.15,0.4,0.18,-0.09,-1.0,0.4,9.476,9.712,9.673,9.771,10.2,9.91,9.81,9.91,-0.001,0.0,-0.004,0.0,0.0,,,40.55
-2.1,1.0,0.0,-0.0,-0.05,0.13,0.1,-0.16,-0.19,-1.0,0.4,9.565,9.79,9.712,9.771,10.3,9.81,9.81,9.91,-0.001,0.0,-0.004,0.0,0.0,,,40.6
-2.1,1.0,0.0,-0.0,-0.06,0.12,-0.03,-0.1,-0.27,-1.0,0.4,9.575,9.702,9.771,9.79,10.01,9.91,9.61,9.71,-0.001,0.0,-0.004,0.0,0.0,,,40.65
-2.1,1.0,0.0,-0.0,-0.07,0.09,0.41,0.13,-0.06,-1.0,0.4,9.496,9.682,9.702,9.771,10.2,9.81,9.71,9.91,-0.001,0.0,-0.004,0.0,0.0,,,40.7
-2.1,1.0,0.0,0.0,-0.04,0.09,-0.13,0.26,0.12,-1.0,0.4,9.545,9.732,9.751,9.741,10.3,9.91,9.71,9.81,-0.001,0.0,-0.004,0.0,-0.0,,,40.75
-2.1,1.0,0.0,0.0,-0.05,0.13,-0.37,0.01,0.01,-1.0,0.4,9.575,9.702,9.79,9.81,10.3,9.91,9.81,9.91,-0.001,0.0,-0.004,0.0,-0.0,,,40.8
-2.1,1.0,0.0,0.0,-0.06,0.12,-0.04,-0.08,0.0,-1.0,0.4,9.535,9.702,9.751,9.741,9.91,9.91,9.81,10.01,-0.001,0.0,-0.004,0.0,-0.0,,,40.85
-2.1,1.0,0.0,-0.0,-0.06,0.11,0.01,-0.07,0.04,-1.0,0.4,9.545,9.692,9.722,9.722,10.2,9.61,9.61,9.91,-0.001,0.0,-0.004,0.0,0.0,,,40.9
-2.1,1.0,0.0,-0.0,-0.05,0.14,-0.11,-0.16,-0.23,-1.0,0.4,9.535,9.702,9.712,9.79,10.2,10.01,9.61,9.81,-0.001,0.0,-0.004,0.0,0.0,,,40.95
-2.1,1.0,0.0,-0.0,-0.06,0.13,0.09,0.1,-0.12,-1.0,0.4,9.535,9.741,9.673,9.79,9.81,9.91,9.61,9.91,-0.001,0.0,-0.004,0.0,0.0,,,41.0
-2.1,1.0,0.0,-0.0,-0.07,0.11,0.17,0.14,-0.04,-1.0,0.4,9.535,9.722,9.722,9.771,9.81,9.91,9.91,9.81,-0.001,0.0,-0.004,0.0,0.0,,,41.05
-2.1,1.0,0.0,-0.0,-0.04,0.04,0.08,0.05,0.12,-1.0,0.4,9.545,9.732,9.712,9.79,10.1,9.81,9.61,10.2,-0.001,0.0,-0.004,0.0,0.0,,,41.1
-2.1,1.0,0.0,-0.0,-0.04,0.09,0.25,-0.11,0.05,-1.0,0.4,9.555,9.722,9.781,9.722,10.2,9.52,9.71,10.01,-0.001,0.0,-0.004,0.0,0.0,,,41.15
-2.1,1.0,0.0,-0.0,-0.04,0.15,0.23,0.13,-0.08,-1.0,0.4,9.535,9.732,9.702,9.81,10.01,9.91,10.01,9.81,-0.001,0.0,-0.004,0.0,0.0,,,41.2
-2.1,1.0,0.0,-0.0,-0.06,0.12,0.36,-0.26,-0.01,-1.0,0.4,9.535,9.692,9.741,9.771,9.91,9.81,9.91,9.71,-0.001,0.0,-0.004,0.0,0.0,,,41.25
-2.1,1.0,0.0,-0.0,-0.06,0.06,-0.07,0.04,-0.19,-1.0,0.4,9.526,9.692,9.79,9.722,10.3,10.01,9.81,10.1,-0.001,0.001,-0.004,0.0,0.0,,,41.3
-2.1,1.0,0.0,0.0,-0.06,0.07,-0.18,0.01,0.0,-1.0,0.4,9.506,9.712,9.732,9.81,10.01,9.81,9.81,10.2,-0.001,0.001,-0.004,0.0,-0.0,,,41.35
-2.1,1.0,0.0,0.0,-0.07,0.1,-0.01,0.11,-0.13,-1.0,0.4,9.467,9.741,9.702,9.79,10.1,9.71,9.52,10.1,-0.001,0.001,-0.004,0.0,-0.0,,,41.4
-2.1,1.0,0.0,-0.0,-0.09,0.22,-0.07,-0.14,0.06,-1.0,0.4,9.476,9.761,9.692,9.79,10.1,9.91,9.91,10.01,-0.001,0.001,-0.004,0.0,0.0,,,41.45
-2.1,1.0,0.0,-0.0,-0.08,0.17,-0.07,0.07,0.3,-1.0,0.4,9.467,9.732,9.692,9.81,10.2,9.71,9.42,10.01,-0.001,0.001,-0.004,0.0,0.0,,,41.5
-2.1,1.0,0.0,-0.0,-0.04,0.06,0.01,0.09,0.08,-1.0,0.4,9.496,9.722,9.732,9.771,10.1,9.71,9.91,9.81,-0.001,0.001,-0.004,0.0,0.0,,,41.55
-2.1,1.0,0.0,0.0,-0.06,0.1,-0.16,-0.34,0.03,-1.0,0.4,9.555,9.712,9.741,9.79,10.01,9.71,9.91,9.91,-0.001,0.001,-0.004,0.0,-0.0,,,41.6
-2.1,1.0,0.0,-0.0,-0.07,0.11,0.46,-0.07,-0.23,-1.0,0.4,9.565,9.692,9.741,9.741,10.3,9.71,9.91,9.81,-0.001,0.001,-0.004,0.0,0.0,,,41.65
-2.1,1.0,0.0,0.0,-0.05,0.13,-0.18,-0.11,-0.19,-1.0,0.4,9.516,9.732,9.732,9.741,10.3,9.52,9.81,9.61,-0.001,0.001,-0.004,0.0,-0.0,,,41.7
-2.1,1.0,0.0,-0.0,-0.07,0.13,0.21,0.04,0.08,-1.0,0.4,9.565,9.722,9.682,9.771,10.3,9.81,9.81,10.01,-0.001,0.001,-0.004,0.0,0.0,,,41.75
-2.1,1.0,0.0,-0.0,-0.07,0.1,0.13,0.09,-0.32,-1.0,0.4,9.565,9.712,9.722,9.771,10.01,9.91,9.81,10.01,-0.001,0.001,-0.004,0.0,0.0,,,41.8
-2.1,1.0,0.0,0.0,-0.04,0.07,-0.04,0.42,0.18,-1.0,0.4,9.545,9.692,9.673,9.741,10.1,9.81,9.81,10.01,-0.001,0.001,-0.004,0.0,-0.0,,,41.85
-2.1,1.0,0.0,-0.0,-0.14,0.27,-0.31,-0.27,0.3,-1.0,0.4,9.535,9.741,9.732,9.79,10.2,9.81,9.71,9.81,-0.001,0.001,-0.004,0.0,0.0,,,41.9
-2.1,1.0,0.0,-0.0,-0.14,0.22,0.22,0.17,0.1,-1.0,0.4,9.535,9.702,9.751,9.79,10.3,9.81,9.52,10.01,-0.001,0.001,-0.004,0.0,0.0,,,41.95
-2.1,1.0,0.0,-0.0,-0.02,0.11,-0.08,0.09,0.06,-1.0,0.4,9.516,9.741,9.741,9.771,10.01,10.01,9.61,10.01,-0.001,0.001,-0.004,0.0,0.0,,,42.0
-2.1,1.0,0.0,0.0,-0.05,0.12,-0.28,-0.07,0.14,-1.0,0.4,9.496,9.732,9.732,9.771,9.91,9.91,9.71,10.2,-0.001,0.001,-0.004,0.0,-0.0,,,42.05
-2.1,1.0,0.0,0.0,-0.06,0.09,-0.03,0.2,-0.31,-1.0,0.4,9.545,9.692,9.741,9.79,10.1,9.71,9.91,9.91,-0.001,0.001,-0.004,0.0,-0.0,,,42.1
-2.1,1.0,0.0,-0.0,-0.07,0.11,0.34,0.13,-0.05,-1.0,0.4,9.526,9.722,9.732,9.771,10.2,9.81,9.71,10.01,-0.001,0.001,-0.004,0.0,0.0,,,42.15
-2.1,1.0,0.0,-0.0,-0.06,0.11,0.04,0.07,-0.2,-1.0,0.4,9.535,9.712,9.702,9.771,10.2,9.61,9.81,10.1,-0.001,0.001,-0.004,0.0,0.0,,,42.2
-2.1,1.0,0.0,-0.0,-0.06,0.12,0.17,0.31,-0.14,-1.0,0.4,9.535,9.732,9.732,9.81,10.1,9.91,9.61,10.1,-0.001,0.001,-0.004,0.0,0.0,,,42.25
-2.1,1.0,0.0,0.0,-0.05,0.11,-0.02,-0.1,0.11,-1.0,0.4,9.535,9.712,9.732,9.771,10.1,9.71,9.91,10.01,-0.001,0.001,-0.004,0.0,-0.0,,,42.3
-2.1,1.0,0.0,0.0,-0.03,0.11,-0.37,0.03,-0.02,-1.0,0.4,9.516,9.722,9.732,9.81,10.1,9.71,10.01,10.2,-0.001,0.001,-0.004,0.0,-0.0,,,42.35
-2.1,1.0,0.0,-0.0,-0.05,0.12,0.02,-0.2,0.02,-1.0,0.4,9.535,9.722,9.712,9.79,10.2,9.52,9.61,9.81,-0.001,0.001,-0.004,0.0,0.0,,,42.4
-2.1,1.0,0.0,-0.0,-0.05,0.12,-0.03,0.04,0.02,-1.0,0.4,9.545,9.702,9.741,9.771,10.3,9.81,9.91,9.81,-0.001,0.001,-0.004,0.0,0.0,,,42.45
-2.1,1.0,0.0,0.0,-0.05,0.1,-0.14,0.22,0.1,-1.0,0.4,9.555,9.712,9.741,9.79,10.01,9.42,9.71,9.81,-0.001,0.001,-0.004,0.0,-0.0,,,42.5
-2.1,1.0,0.0,-0.0,-0.07,0.13,0.34,-0.08,0.16,-1.0,0.4,9.516,9.732,9.702,9.771,10.1,9.71,9.71,10.01,-0.001,0.001,-0.004,0.0,0.0,,,42.55
-2.1,1.0,0.0,0.0,-0.06,0.13,-0.07,0.17,-0.06,-1.0,0.4,9.584,9.712,9.712,9.79,10.4,9.91,9.91,9.71,-0.001,0.001,-0.004,0.0,-0.0,,,42.6
-2.1,1.0,0.0,-0.0,-0.05,0.1,-0.06,0.11,-0.21,-1.0,0.4,9.555,9.751,9.702,9.741,10.3,10.01,9.61,9.81,-0.001,0.001,-0.004,0.0,0.0,,,42.65
-2.1,1.0,0.0,-0.0,-0.12,0.22,-0.23,-0.13,0.25,-1.0,0.4,9.535,9.722,9.702,9.79,10.01,9.61,9.81,9.71,-0.001,0.001,-0.004,0.0,0.0,,,42.7
-2.1,1.0,0.0,0.0,-0.1,0.18,-0.03,0.13,-0.31,-1.0,0.4,9.535,9.751,9.722,9.79,10.1,10.1,9.91,9.52,-0.001,0.001,-0.004,0.0,-0.0,,,42.75
-2.1,1.0,0.0,0.0,-0.02,0.09,0.03,-0.15,-0.26,-1.0,0.4,9.535,9.712,9.741,9.79,10.4,9.61,9.61,9.91,-0.001,0.001,-0.004,0.0,-0.0,,,42.8
-2.1,1.0,0.0,0.0,-0.06,0.13,-0.2,0.11,-0.04,-1.0,0.4,9.545,9.732,9.741,9.81,9.91,9.81,9.91,10.01,-0.001,0.001,-0.004,0.0,-0.0,,,42.85
-2.1,1.0,0.0,0.0,-0.07,0.13,0.19,-0.18,0.01,-1.0,0.4,9.535,9.712,9.741,9.79,10.1,9.81,9.52,9.91,-0.001,0.001,-0.004,0.0,-0.0,,,42.9
-2.1,1.0,0.0,-0.0,-0.04,0.11,-0.21,0.26,0.01,-1.0,0.4,9.526,9.702,9.751,9.79,10.1,9.71,9.91,9.91,-0.001,0.001,-0.004,0.0,0.0,,,42.95
-2.1,1.0,0.0,0.0,-0.08,0.09,-0.15,0.01,-0.24,-1.0,0.4,9.545,9.702,9.712,9.722,10.3,9.81,9.71,9.91,-0.001,0.001,-0.004,0.0,-0.0,,,43.0
-2.1,1.0,0.0,-0.0,-0.06,0.11,0.12,0.34,0.12,-1.0,0.4,9.555,9.702,9.722,9.79,10.4,10.1,9.71,9.91,-0.001,0.001,-0.004,0.0,0.0,,,43.05
-2.1,1.0,0.0,-0.0,-0.06,0.12,0.09,-0.23,-0.04,-1.0,0.4,9.535,9.732,9.741,9.771,10.2,9.52,10.01,10.2,-0.001,0.001,-0.004,0.0,0.0,,,43.1
-2.1,1.0,0.0,0.0,-0.07,0.11,0.09,0.27,-0.32,-1.0,0.4,9.545,9.692,9.722,9.741,10.3,9.81,9.61,9.61,-0.001,0.001,-0.004,0.0,-0.0,,,43.15
-2.1,1.0,0.0,0.0,-0.07,0.13,-0.01,0.13,-0.08,-1.0,0.4,9.565,9.692,9.741,9.771,9.91,9.71,9.81,9.81,-0.001,0.001,-0.004,0.0,-0.0,,,43.2
-2.1,1.0,0.0,-0.0,-0.04,0.11,-0.11,-0.1,0.1,-1.0,0.4,9.545,9.732,9.741,9.741,10.1,9.91,9.81,9.91,-0.001,0.001,-0.004,0.0,0.0,,,43.25
-2.1,1.0,0.0,0.0,-0.06,0.11,0.04,0.18,-0.24,-1.0,0.4,9.526,9.702,9.771,9.81,10.3,9.61,9.81,9.81,-0.001,0.001,-0.004,0.0,-0.0,,,43.3
-2.1,1.0,0.0,-0.0,-0.07,0.11,0.61,-0.12,-0.07,-1.0,0.4,9.555,9.702,9.722,9.741,10.01,9.71,9.81,9.81,-0.001,0.001,-0.004,0.0,0.0,,,43.35
-2.1,1.0,0.0,-0.0,-0.04,0.11,-0.03,-0.0,-0.07,-1.0,0.4,9.545,9.712,9.702,9.79,10.1,9.61,9.91,10.01,-0.001,0.001,-0.004,0.0,0.0,,,43.4
-2.1,1.0,0.0,-0.0,-0.09,0.12,0.4,0.0,-0.17,-1.0,0.4,9.545,9.722,9.732,9.741,10.2,9.81,9.61,9.81,-0.001,0.001,-0.004,0.0,0.0,,,43.45
-2.1,1.0,0.0,-0.0,-0.08,0.13,0.28,-0.05,0.09,-1.0,0.4,9.545,9.751,9.673,9.79,10.4,9.91,9.71,10.1,-0.001,0.001,-0.004,0.0,0.0,,,43.5
-2.1,1.0,0.0,0.0,-0.05,0.08,0.08,0.07,0.02,-1.0,0.4,9.565,9.712,9.732,9.771,10.3,9.91,9.71,9.81,-0.001,0.001,-0.004,0.0,-0.0,,,43.55
-2.1,1.0,0.0,-0.0,-0.05,0.13,0.04,-0.47,-0.17,-1.0,0.4,9.535,9.741,9.741,9.849,10.3,9.91,9.71,9.81,-0.001,0.001,-0.004,0.0,0.0,,,43.6
-2.1,1.0,0.0,0.0,-0.06,0.12,-0.04,0.06,-0.18,-1.0,0.4,9.535,9.751,9.741,9.79,10.3,9.81,9.81,9.81,-0.001,0.001,-0.004,0.0,-0.0,,,43.65
-2.1,1.0,0.0,-0.0,-0.05,0.11,0.03,-0.03,-0.46,-1.0,0.4,9.555,9.741,9.741,9.79,10.1,9.61,9.81,9.81,-0.001,0.001,-0.004,0.0,0.0,,,43.7
-2.1,1.0,0.0,-0.0,-0.06,0.12,0.11,-0.16,-0.25,-1.0,0.4,9.545,9.692,9.732,9.741,10.01,9.81,9.71,9.91,-0.001,0.001,-0.004,0.0,0.0,,,43.75
-2.1,1.0,0.0,0.0,-0.06,0.09,-0.05,0.05,-0.18,-1.0,0.4,9.535,9.682,9.741,9.771,10.1,9.81,9.91,9.81,-0.001,0.001,-0.004,0.0,-0.0,,,43.8
-2.1,1.0,0.0,-0.0,-0.05,0.11,0.05,-0.34,0.08,-1.0,0.4,9.535,9.702,9.702,9.741,10.01,9.91,9.81,9.91,-0.001,0.001,-0.004,0.0,0.0,,,43.85
-2.1,1.0,0.0,-0.0,-0.07,0.12,0.22,0.05,-0.25,-1.0,0.4,9.535,9.732,9.741,9.79,10.3,9.61,9.61,10.01,-0.001,0.001,-0.004,0.0,0.0,,,43.9
-2.1,1.0,0.0,-0.0,-0.06,0.13,0.45,-0.31,0.38,-1.0,0.4,9.526,9.732,9.682,9.771,10.2,9.71,9.81,9.91,-0.001,0.001,-0.004,0.0,0.0,,,43.95
-2.1,1.0,0.0,0.0,-0.06,0.12,-0.11,0.09,-0.1,-1.0,0.4,9.565,9.732,9.732,9.79,10.3,9.81,9.61,10.01,-0.001,0.001,-0.004,0.0,-0.0,,,44.0
-2.1,1.0,0.0,-0.0,-0.05,0.11,-0.14,-0.28,-0.09,-1.0,0.4,9.535,9.702,9.751,9.79,10.1,9.52,9.61,9.91,-0.001,0.001,-0.004,0.0,0.0,,,44.05
-2.1,1.0,0.0,-0.0,-0.04,0.11,-0.1,0.0,0.33,-1.0,0.4,9.535,9.722,9.751,9.741,10.2,9.91,9.52,10.01,-0.001,0.001,-0.004,0.0,0.0,,,44.1
-2.1,1.0,0.0,-0.0,-0.04,0.1,-0.01,-0.12,0.0,-1.0,0.4,9.526,9.682,9.722,9.722,10.01,9.81,9.91,9.91,-0.001,0.001,-0.004,0.0,0.0,,,44.15
-2.1,1.0,0.0,-0.0,-0.08,0.14,0.21,-0.0,-0.15,-1.0,0.4,9.584,9.712,9.751,9.741,10.01,9.81,9.91,9.71,-0.001,0.001,-0.004,0.0,0.0,,,44.2
-2.1,1.0,0.0,0.0,-0.05,0.1,-0.1,0.14,0.05,-1.0,0.4,9.535,9.712,9.741,9.741,10.01,9.81,9.91,9.91,-0.001,0.001,-0.004,0.0,-0.0,,,44.25
-2.1,1.0,0.0,0.0,-0.06,0.1,0.09,0.07,-0.01,-1.0,0.4,9.545,9.692,9.673,9.771,10.2,9.91,9.81,9.81,-0.001,0.001,-0.004,0.0,-0.0,,,44.3
-2.1,1.0,0.0,-0.0,-0.06,0.11,0.01,-0.02,0.33,-1.0,0.4,9.545,9.712,9.722,9.79,10.1,9.52,9.81,10.01,-0.001,0.001,-0.004,0.0,0.0,,,44.35
-2.1,1.0,0.0,-0.0,-0.07,0.13,0.28,-0.03,0.05,-1.0,0.4,9.575,9.732,9.702,9.741,10.2,9.71,9.52,10.01,-0.001,0.001,-0.004,0.0,0.0,,,44.4
-2.1,1.0,0.0,-0.0,-0.05,0.11,0.09,0.14,0.04,-1.0,0.4,9.545,9.702,9.673,9.79,10.2,9.52,9.52,10.01,-0.001,0.001,-0.004,0.0,0.0,,,44.45
-2.1,1.0,0.0,-0.0,-0.04,0.12,0.14,-0.02,0.44,-1.0,0.4,9.496,9.722,9.741,9.771,10.3,9.71,9.71,9.91,-0.001,0.001,-0.004,0.0,0.0,,,44.5
-2.1,1.0,0.0,0.0,-0.05,0.08,0.05,0.15,-0.15,-1.0,0.4,9.545,9.712,9.751,9.771,10.1,9.71,9.81,10.01,-0.001,0.001,-0.004,0.0,-0.0,,,44.55
-2.1,1.0,0.0,-0.0,-0.07,0.14,-0.02,-0.13,0.17,-1.0,0.4,9.535,9.702,9.722,9.741,10.2,9.71,9.81,10.1,-0.001,0.001,-0.004,0.0,0.0,,,44.6
-2.1,1.0,0.0,-0.0,-0.04,0.1,0.23,-0.0,-0.08,-1.0,0.4,9.555,9.702,9.732,9.771,10.2,9.81,9.91,10.01,-0.001,0.001,-0.004,0.0,0.0,,,44.65
-2.1,1.0,0.0,-0.0,-0.05,0.07,0.35,0.12,0.11,-1.0,0.4,9.526,9.732,9.722,9.79,10.2,9.71,9.91,10.01,-0.001,0.001,-0.004,0.0,0.0,,,44.7
-2.1,1.0,0.0,-0.0,-0.08,0.12,-0.07,0.42,-0.08,-1.0,0.4,9.545,9.692,9.682,9.741,10.2,9.71,9.81,10.01,-0.001,0.001,-0.004,0.0,0.0,,,44.75
-2.1,1.0,0.0,-0.0,-0.05,0.13,0.06,-0.06,0.27,-1.0,0.4,9.545,9.722,9.741,9.79,10.2,9.81,9.91,9.81,-0.001,0.001,-0.004,0.0,0.0,,,44.8
-2.1,1.0,0.0,-0.0,-0.04,0.1,-0.07,0.4,0.13,-1.0,0.4,9.535,9.702,9.741,9.771,10.1,9.71,9.81,9.91,-0.001,0.001,-0.004,0.0,0.0,,,44.85
-2.1,1.0,0.0,-0.0,-0.06,0.12,-0.07,-0.13,0.08,-1.0,0.4,9.555,9.702,9.732,9.771,10.1,9.71,9.81,9.71,-0.001,0.001,-0.004,0.0,0.0,,,44.9
-2.1,1.0,0.0,-0.0,-0.05,0.07,0.28,0.03,0.2,-1.0,0.4,9.535,9.712,9.771,9.81,10.2,9.71,9.71,9.81,-0.001,0.001,-0.004,0.0,0.0,,,44.95
-2.1,1.0,0.0,-0.0,-0.06,0.12,0.27,0.18,-0.23,-1.0,0.4,9.535,9.702,9.751,9.771,10.2,9.71,9.91,9.81,-0.001,0.001,-0.004,0.0,0.0,,,45.0
-2.1,1.0,0.0,0.0,-0.06,0.1,0.03,0.19,-0.1,-1.0,0.4,9.526,9.712,9.722,9.79,9.91,9.71,9.52,10.1,-0.001,0.001,-0.004,0.0,-0.0,,,45.05
-2.1,1.0,0.0,-0.0,-0.05,0.1,0.29,-0.1,0.42,-1.0,0.4,9.526,9.741,9.702,9.771,10.2,9.61,9.61,10.01,-0.001,0.001,-0.004,0.0,0.0,,,45.1
-2.1,1.0,0.0,-0.0,-0.08,0.09,0.12,-0.22,-0.27,-1.0,0.4,9.555,9.702,9.673,9.692,10.3,9.71,9.61,9.81,-0.001,0.001,-0.004,0.0,0.0,,,45.15
-2.1,1.0,0.0,-0.0,-0.07,0.11,0.1,-0.4,0.08,-1.0,0.4,9.565,9.741,9.692,9.771,10.2,9.71,9.91,10.01,-0.001,0.001,-0.004,0.0,0.0,,,45.2
-2.1,1.0,0.0,-0.0,-0.06,0.13,0.21,-0.0,0.14,-1.0,0.4,9.565,9.732,9.771,9.81,10.1,9.81,9.81,9.91,-0.001,0.001,-0.004,0.0,0.0,,,45.25
-2.1,1.0,0.0,0.0,-0.04,0.11,0.13,0.25,0.52,-1.0,0.4,9.496,9.741,9.692,9.741,10.1,10.01,9.71,10.1,-0.001,0.001,-0.004,0.0,-0.0,,,45.3
-2.1,1.0,0.0,0.0,-0.04,0.13,-0.07,0.08,-0.04,-1.0,0.4,9.535,9.663,9.771,9.771,10.01,9.81,10.01,9.91,-0.001,0.001,-0.004,0.0,-0.0,,,45.35
-2.1,1.0,0.0,-0.0,-0.1,0.15,0.05,0.15,0.01,-1.0,0.4,9.555,9.741,9.741,9.741,10.1,9.71,9.71,10.01,-0.001,0.001,-0.004,0.0,0.0,,,45.4
-2.1,1.0,0.0,-0.0,-0.05,0.1,0.05,0.08,-0.41,-1.0,0.4,9.545,9.663,9.771,9.771,10.2,9.91,9.61,9.71,-0.001,0.001,-0.004,0.0,0.0,,,45.45
-2.1,1.0,0.0,-0.0,-0.04,0.12,-0.2,-0.12,0.02,-1.0,0.4,9.526,9.732,9.702,9.771,10.1,9.71,9.71,9.91,-0.001,0.001,-0.004,0.0,0.0,,,45.5
-2.1,1.0,0.0,-0.0,-0.13,0.22,0.21,0.31,-0.2,-1.0,0.4,9.526,9.722,9.722,9.771,10.2,9.81,9.91,9.81,-0.001,0.001,-0.004,0.0,0.0,,,45.55
-2.1,1.0,0.0,-0.0,-0.08,0.1,-0.16,0.34,-0.28,-1.0,0.4,9.535,9.692,9.682,9.741,10.4,9.71,9.81,10.01,-0.001,0.001,-0.004,0.0,0.0,,,45.6
-2.1,1.0,0.0,0.0,-0.06,0.08,0.09,-0.14,-0.09,-1.0,0.4,9.545,9.692,9.732,9.79,9.91,9.61,9.91,9.71,-0.001,0.001,-0.004,0.0,-0.0,,,45.65
-2.1,1.0,0.0,-0.0,-0.05,0.1,-0.01,-0.02,-0.2,-1.0,0.4,9.555,9.692,9.712,9.79,10.01,9.81,9.61,10.01,-0.001,0.001,-0.004,0.0,0.0,,,45.7
-2.1,1.0,0.0,0.0,-0.06,0.13,-0.14,-0.18,-0.04,-1.0,0.4,9.535,9.702,9.722,9.79,10.1,9.81,9.71,10.01,-0.001,0.001,-0.004,0.0,-0.0,,,45.75
-2.1,1.0,0.0,-0.0,-0.05,0.1,-0.17,0.11,-0.04,-1.0,0.4,9.565,9.712,9.741,9.741,10.3,9.71,9.81,10.01,-0.001,0.001,-0.004,0.0,0.0,,,45.8
-2.1,1.0,0.0,-0.0,-0.05,0.13,0.23,0.04,-0.06,-1.0,0.4,9.535,9.702,9.761,9.79,10.1,9.61,9.61,10.01,-0.001,0.001,-0.004,0.0,0.0,,,45.85
-2.1,1.0,0.0,0.0,-0.04,0.08,-0.05,0.04,-0.06,-1.0,0.4,9.545,9.692,9.741,9.741,10.1,9.71,9.91,9.91,-0.001,0.001,-0.004,0.0,-0.0,,,45.9
-2.1,1.0,0.0,-0.0,-0.06,0.12,0.18,-0.09,0.02,-1.0,0.4,9.545,9.702,9.682,9.771,10.2,9.71,9.91,10.1,-0.001,0.001,-0.004,0.0,0.0,,,45.95
-2.1,1.0,0.0,0.0,-0.07,0.12,-0.24,-0.19,-0.3,-1.0,0.4,9.545,9.722,9.722,9.771,10.2,9.61,9.91,9.91,-0.001,0.001,-0.004,0.0,-0.0,,,46.0
-2.1,1.0,0.0,-0.0,-0.05,0.11,0.22,0.04,0.19,-1.0,0.4,9.555,9.741,9.702,9.771,10.2,9.71,9.71,9.81,-0.001,0.001,-0.004,0.0,0.0,,,46.05
-2.1,1.0,0.0,-0.0,-0.06,0.1,0.43,0.12,-0.34,-1.0,0.4,9.535,9.712,9.712,9.81,10.3,9.71,9.81,9.81,-0.001,0.001,-0.004,0.0,0.0,,,46.1
-2.1,1.0,0.0,0.0,-0.05,0.12,-0.14,0.19,-0.02,-1.0,0.4,9.526,9.722,9.732,9.79,10.01,9.81,10.1,10.1,-0.001,0.001,-0.004,0.0,-0.0,,,46.15
-2.1,1.0,0.0,-0.0,-0.05,0.1,0.16,-0.02,-0.07,-1.0,0.4,9.545,9.722,9.761,9.771,10.01,9.61,9.81,9.91,-0.001,0.001,-0.004,0.0,0.0,,,46.2
-2.1,1.0,0.0,-0.0,-0.05,0.12,-0.08,0.08,0.11,-1.0,0.4,9.526,9.722,9.741,9.79,10.01,9.61,9.81,10.01,-0.001,0.001,-0.004,0.0,0.0,,,46.25
-2.1,1.0,0.0,-0.0,-0.05,0.11,0.21,0.14,0.19,-1.0,0.4,9.516,9.732,9.741,9.771,10.1,9.81,9.61,9.81,-0.001,0.001,-0.004,0.0,0.0,,,46.3
-2.1,1.0,0.0,0.0,-0.07,0.11,-0.1,0.22,-0.42,-1.0,0.4,9.526,9.712,9.722,9.771,10.2,9.61,9.61,10.01,-0.001,0.001,-0.004,0.0,-0.0,,,46.35
-2.1,1.0,0.0,0.0,-0.05,0.1,-0.0,-0.08,0.02,-1.0,0.4,9.545,9.712,9.712,9.741,10.1,9.42,9.71,9.91,-0.001,0.001,-0.004,0.0,-0.0,,,46.4
-2.1,1.0,0.0,-0.0,-0.06,0.12,-0.17,-0.17,0.08,-1.0,0.4,9.565,9.722,9.732,9.741,10.1,9.81,9.81,10.01,-0.001,0.001,-0.004,0.0,0.0,,,46.45
-2.1,1.0,0.0,-0.0,-0.05,0.11,0.0,0.14,-0.18,-1.0,0.4,9.555,9.722,9.761,9.79,9.91,9.61,9.71,10.01,-0.001,0.001,-0.004,0.0,0.0,,,46.5
-2.1,1.0,0.0,0.0,-0.06,0.11,0.04,-0.05,0.14,-1.0,0.4,9.535,9.712,9.761,9.771,10.1,9.52,9.81,9.71,-0.001,0.001,-0.004,0.0,-0.0,,,46.55
-2.1,1.0,0.0,0.0,-0.04,0.11,-0.25,-0.19,-0.11,-1.0,0.4,9.555,9.682,9.751,9.79,10.2,9.71,9.91,10.01,-0.001,0.001,-0.004,0.0,-0.0,,,46.6
-2.1,1.0,0.0,0.0,-0.05,0.12,-0.09,-0.34,0.15,-1.0,0.4,9.555,9.722,9.741,9.771,10.1,10.01,9.91,9.81,-0.001,0.001,-0.004,0.0,-0.0,,,46.65
-2.1,1.0,0.0,-0.0,-0.06,0.09,0.32,0.16,-0.04,-1.0,0.4,9.545,9.712,9.741,9.771,10.2,9.71,9.61,10.01,-0.001,0.001,-0.004,0.0,0.0,,,46.7
-2.1,1.0,0.0,-0.0,-0.05,0.11,-0.15,0.23,-0.15,-1.0,0.4,9.545,9.722,9.741,9.771,10.4,9.61,9.61,9.91,-0.001,0.001,-0.004,0.0,0.0,,,46.75
-2.1,1.0,0.0,0.0,-0.04,0.1,-0.21,-0.11,-0.04,-1.0,0.4,9.555,9.732,9.712,9.79,10.2,9.52,9.32,9.91,-0.001,0.001,-0.004,0.0,-0.0,,,46.8
-2.1,1.0,0.0,-0.0,-0.05,0.12,0.11,0.18,0.22,-1.0,0.4,9.545,9.702,9.673,9.79,10.2,9.81,9.81,10.01,-0.001,0.001,-0.004,0.0,0.0,,,46.85
-2.1,1.0,0.0,-0.0,-0.06,0.1,0.23,0.27,-0.32,-1.0,0.4,9.535,9.722,9.722,9.771,10.2,9.91,9.61,9.71,-0.001,0.001,-0.004,0.0,0.0,,,46.9
-2.1,1.0,0.0,-0.0,-0.06,0.1,0.18,-0.47,-0.05,-1.0,0.4,9.535,9.722,9.712,9.771,10.3,9.52,9.81,10.01,-0.001,0.001,-0.004,0.0,0.0,,,46.95
-2.1,1.0,0.0,-0.0,-0.07,0.11,0.25,0.37,-0.31,-1.0,0.4,9.545,9.722,9.732,9.79,10.2,9.91,10.01,10.01,-0.001,0.001,-0.004,0.0,0.0,,,47.0
-2.1,1.0,0.0,0.0,-0.04,0.12,0.06,0.02,-0.04,-1.0,0.4,9.516,9.732,9.732,9.79,10.4,9.91,10.1,9.81,-0.001,0.001,-0.004,0.0,-0.0,,,47.05
-2.1,1.0,0.0,-0.0,-0.05,0.11,0.36,0.04,0.11,-1.0,0.4,9.526,9.663,9.702,9.771,10.2,9.61,9.42,9.91,-0.001,0.001,-0.004,0.0,0.0,,,47.1
-2.1,1.0,0.0,-0.0,-0.06,0.11,0.07,-0.09,-0.08,-1.0,0.4,9.526,9.663,9.741,9.79,10.1,9.81,9.91,9.81,-0.001,0.001,-0.004,0.0,0.0,,,47.15
-2.1,1.0,0.0,-0.0,-0.05,0.12,-0.19,0.01,0.04,-1.0,0.4,9.555,9.702,9.781,9.79,10.3,9.71,9.81,9.91,-0.001,0.001,-0.004,0.0,0.0,,,47.2
-2.1,1.0,0.0,0.0,-0.06,0.11,-0.09,-0.03,0.14,-1.0,0.4,9.535,9.722,9.712,9.771,10.3,9.91,9.61,10.1,-0.001,0.001,-0.004,0.0,-0.0,,,47.25
-2.1,1.0,0.0,-0.0,-0.09,0.11,0.18,0.1,-0.09,-1.0,0.4,9.496,9.682,9.702,9.771,10.1,9.61,9.91,9.91,-0.001,0.001,-0.004,0.0,0.0,,,47.3
-2.1,1.0,0.0,0.0,-0.07,0.12,0.18,0.09,-0.23,-1.0,0.4,9.545,9.702,9.741,9.81,10.2,9.71,10.01,10.01,-0.001,0.001,-0.004,0.0,-0.0,,,47.35
-2.1,1.0,0.0,0.0,-0.04,0.11,-0.19,-0.04,-0.28,-1.0,0.4,9.555,9.712,9.761,9.79,10.2,9.61,9.81,9.71,-0.001,0.001,-0.004,0.0,-0.0,,,47.4
-2.1,1.0,0.0,-0.0,-0.05,0.11,-0.09,0.05,0.12,-1.0,0.4,9.526,9.712,9.702,9.771,10.4,9.81,9.61,9.91,-0.001,0.001,-0.004,0.0,0.0,,,47.45
-2.1,1.0,0.0,0.0,-0.05,0.1,0.12,0.13,0.07,-1.0,0.4,9.545,9.712,9.741,9.771,10.3,9.71,9.71,9.71,-0.001,0.001,-0.004,0.0,-0.0,,,47.5
-2.1,1.0,0.0,0.0,-0.05,0.11,0.14,0.27,0.18,-1.0,0.4,9.555,9.732,9.741,9.81,10.2,9.91,10.01,9.71,-0.001,0.001,-0.004,0.0,-0.0,,,47.55
-2.1,1.0,0.0,-0.0,-0.05,0.12,0.26,0.34,0.13,-1.0,0.4,9.555,9.712,9.732,9.771,10.01,9.71,9.91,10.01,-0.001,0.001,-0.004,0.0,0.0,,,47.6
-2.1,1.0,0.0,-0.0,-0.06,0.1,0.01,-0.08,0.0,-1.0,0.4,9.545,9.722,9.741,9.771,10.1,9.81,9.91,9.91,-0.001,0.001,-0.004,0.0,0.0,,,47.65
-2.1,1.0,0.0,-0.0,-0.06,0.11,0.2,0.0,-0.11,-1.0,0.4,9.535,9.712,9.712,9.741,9.91,9.61,9.61,9.91,-0.001,0.001,-0.004,0.0,0.0,,,47.7
-2.1,1.0,0.0,-0.0,-0.06,0.12,0.19,0.31,0.26,-1.0,0.4,9.545,9.712,9.722,9.771,10.3,9.81,9.61,9.91,-0.001,0.001,-0.004,0.0,0.0,,,47.75
-2.1,1.0,0.0,0.0,-0.05,0.11,-0.16,0.25,-0.24,-1.0,0.4,9.526,9.751,9.741,9.81,10.3,9.81,10.1,9.91,-0.001,0.001,-0.004,0.0,-0.0,,,47.8
-2.1,1.0,0.0,-0.0,-0.04,0.13,0.09,-0.16,0.15,-1.0,0.4,9.545,9.732,9.732,9.771,10.2,9.91,9.91,9.91,-0.001,0.001,-0.004,0.0,0.0,,,47.85
-2.1,1.0,0.0,-0.0,-0.07,0.14,-0.04,-0.06,0.13,-1.0,0.4,9.516,9.692,9.682,9.771,9.81,9.81,9.61,9.81,-0.001,0.001,-0.004,0.0,0.0,,,47.9
-2.1,1.0,0.0,0.0,-0.05,0.09,0.01,-0.03,-0.2,-1.0,0.4,9.535,9.702,9.79,9.81,10.3,9.91,9.81,10.01,-0.001,0.001,-0.004,0.0,-0.0,,,47.95
-2.1,1.0,0.0,-0.0,-0.04,0.1,0.15,0.06,-0.15,-1.0,0.4,9.526,9.732,9.741,9.771,10.3,9.61,9.91,10.1,-0.001,0.001,-0.004,0.0,0.0,,,48.0
-2.1,1.0,0.0,0.0,-0.07,0.14,-0.14,-0.12,0.05,-1.0,0.4,9.496,9.682,9.712,9.741,10.2,9.81,9.52,9.91,-0.001,0.001,-0.004,0.0,-0.0,,,48.05
-2.1,1.0,0.0,-0.0,-0.06,0.1,0.1,0.24,-0.02,-1.0,0.4,9.526,9.702,9.741,9.771,10.3,9.61,9.91,9.91,-0.001,0.001,-0.004,0.0,0.0,,,48.1
-2.1,1.0,0.0,-0.0,-0.05,0.11,0.38,0.18,-0.09,-1.0,0.4,9.594,9.722,9.702,9.79,9.91,9.52,9.91,9.71,-0.001,0.001,-0.004,0.0,0.0,,,48.15
-2.1,1.0,0.0,-0.0,-0.06,0.1,0.01,-0.27,0.13,-1.0,0.4,9.545,9.702,9.741,9.79,10.01,9.52,9.91,9.91,-0.001,0.001,-0.004,0.0,0.0,,,48.2
-2.1,1.0,0.0,-0.0,-0.05,0.12,0.06,-0.08,-0.2,-1.0,0.4,9.555,9.712,9.712,9.741,10.01,9.81,9.61,9.91,-0.001,0.001,-0.004,0.0,0.0,,,48.25
-2.1,1.0,0.0,-0.0,-0.07,0.13,0.3,-0.23,-0.11,-1.0,0.4,9.545,9.722,9.692,9.81,10.01,10.01,9.61,9.81,-0.001,0.001,-0.004,0.0,0.0,,,48.3
-2.1,1.0,0.0,0.0,-0.04,0.1,-0.16,-0.08,0.27,-1.0,0.4,9.555,9.722,9.741,9.79,10.1,9.42,9.81,9.91,-0.001,0.001,-0.004,0.0,-0.0,,,48.35
-2.1,1.0,0.0,-0.0,-0.07,0.13,0.58,-0.28,0.21,-1.0,0.4,9.545,9.712,9.722,9.741,10.1,9.91,9.61,9.81,-0.001,0.001,-0.004,0.0,0.0,,,48.4
-2.1,1.0,0.0,-0.0,-0.03,0.09,0.04,0.34,-0.06,-1.0,0.4,9.535,9.732,9.751,9.771,10.01,9.91,9.81,10.01,-0.001,0.001,-0.004,0.0,0.0,,,48.45
-2.1,1.0,0.0,-0.0,-0.06,0.12,0.01,-0.12,0.34,-1.0,0.4,9.555,9.702,9.712,9.771,10.4,9.91,9.71,9.91,-0.001,0.001,-0.004,0.0,0.0,,,48.5
-2.1,1.0,0.0,-0.0,-0.06,0.12,-0.08,0.11,-0.07,-1.0,0.4,9.535,9.712,9.702,9.771,10.01,9.81,9.91,9.81,-0.001,0.001,-0.004,0.0,0.0,,,48.55
-2.1,1.0,0.0,0.0,-0.05,0.11,-0.13,-0.13,-0.14,-1.0,0.4,9.565,9.732,9.692,9.81,10.01,9.81,9.81,9.91,-0.001,0.001,-0.004,0.0,-0.0,,,48.6
-2.1,1.0,0.0,-0.0,-0.07,0.13,0.2,-0.02,0.19,-1.0,0.4,9.545,9.741,9.712,9.741,10.2,9.61,9.91,9.81,-0.001,0.001,-0.004,0.0,0.0,,,48.65
-2.1,1.0,0.0,-0.0,-0.03,0.07,0.28,0.13,-0.05,-1.0,0.4,9.535,9.702,9.712,9.81,10.3,9.61,9.61,9.71,-0.001,0.001,-0.004,0.0,0.0,,,48.7
-2.1,1.0,0.0,-0.0,-0.03,0.06,0.19,0.0,-0.33,-1.0,0.4,9.516,9.722,9.732,9.771,10.1,9.81,9.71,9.91,-0.001,0.001,-0.004,0.0,0.0,,,48.75
-2.1,1.0,0.0,-0.0,-0.05,0.11,0.11,-0.02,-0.21,-1.0,0.4,9.535,9.692,9.732,9.771,10.2,9.61,9.91,10.1,-0.001,0.001,-0.004,0.0,0.0,,,48.8
-2.1,1.0,0.0,0.0,-0.05,0.11,-0.32,-0.07,0.37,-1.0,0.4,9.506,9.702,9.722,9.741,10.1,9.81,9.81,9.81,-0.001,0.001,-0.004,0.0,-0.0,,,48.85
-2.1,1.0,0.0,0.0,-0.04,0.13,-0.32,-0.09,0.28,-1.0,0.4,9.545,9.702,9.771,9.79,10.1,9.71,9.52,9.81,-0.001,0.001,-0.004,0.0,-0.0,,,48.9
-2.1,1.0,0.0,0.0,-0.07,0.12,0.02,0.11,0.14,-1.0,0.4,9.545,9.712,9.722,9.741,10.2,9.61,9.81,10.01,-0.001,0.001,-0.004,0.0,-0.0,,,48.95
-2.1,1.0,0.0,-0.0,-0.05,0.1,0.02,0.11,0.15,-1.0,0.4,9.526,9.692,9.722,9.741,10.1,10.1,9.61,9.91,-0.001,0.001,-0.004,0.0,0.0,,,49.0
-2.1,1.0,0.0,-0.0,-0.06,0.1,0.36,0.05,0.35,-1.0,0.4,9.555,9.702,9.722,9.771,10.1,9.61,9.91,10.01,-0.001,0.001,-0.004,0.0,0.0,,,49.05
-2.1,1.0,0.0,-0.0,-0.05,0.09,0.3,-0.06,-0.13,-1.0,0.4,9.545,9.712,9.722,9.771,10.1,9.71,9.81,9.71,-0.001,0.001,-0.004,0.0,0.0,,,49.1
-2.1,1.0,0.0,-0.0,-0.06,0.13,-0.16,0.01,0.26,-1.0,0.4,9.545,9.712,9.702,9.771,10.2,9.71,9.91,10.01,-0.001,0.001,-0.004,0.0,0.0,,,49.15
-2.1,1.0,0.0,-0.0,-0.05,0.11,0.19,-0.29,0.01,-1.0,0.4,9.535,9.712,9.732,9.79,10.1,9.81,9.91,9.61,-0.001,0.001,-0.004,0.0,0.0,,,49.2
-2.1,1.0,0.0,-0.0,-0.06,0.12,-0.02,-0.37,-0.09,-1.0,0.4,9.555,9.722,9.722,9.771,9.91,9.52,9.52,9.61,-0.001,0.001,-0.004,0.0,0.0,,,49.25
-2.1,1.0,0.0,0.0,-0.06,0.11,-0.1,0.07,0.25,-1.0,0.4,9.535,9.692,9.722,9.771,10.2,9.81,9.81,10.1,-0.001,0.001,-0.004,0.0,-0.0,,,49.3
-2.1,1.0,0.0,-0.0,-0.05,0.12,0.22,-0.17,0.09,-1.0,0.4,9.565,9.712,9.722,9.741,10.01,10.1,10.01,10.1,-0.001,0.001,-0.004,0.0,0.0,,,49.35
-2.1,1.0,0.0,-0.0,-0.06,0.13,0.12,-0.21,0.37,-1.0,0.4,9.565,9.751,9.722,9.741,9.81,9.81,9.71,9.91,-0.001,0.001,-0.004,0.0,0.0,,,49.4
-2.1,1.0,0.0,-0.0,-0.07,0.1,0.31,-0.06,0.18,-1.0,0.4,9.535,9.722,9.682,9.741,10.1,9.52,9.91,9.71,-0.001,0.001,-0.004,0.0,0.0,,,49.45
-2.1,1.0,0.0,0.0,-0.07,0.13,-0.22,0.12,-0.12,-1.0,0.4,9.526,9.722,9.741,9.79,10.1,9.81,9.81,10.1,-0.001,0.001,-0.004,0.0,-0.0,,,49.5
-2.1,1.0,0.0,0.0,-0.06,0.15,0.04,-0.19,0.13,-1.0,0.4,9.555,9.722,9.771,9.81,10.01,9.61,9.81,9.91,-0.001,0.001,-0.004,0.0,-0.0,,,49.55
-2.1,1.0,0.0,-0.0,-0.06,0.11,0.1,0.15,0.36,-1.0,0.4,9.516,9.702,9.682,9.771,10.2,9.81,9.81,10.01,-0.001,0.001,-0.004,0.0,0.0,,,49.6
-2.1,1.0,0.0,0.0,-0.1,0.2,0.01,-0.11,0.05,-1.0,0.4,9.535,9.682,9.732,9.79,10.01,9.91,9.81,10.01,-0.001,0.001,-0.004,0.0,-0.0,,,49.65
-2.1,1.0,0.0,-0.0,-0.06,0.09,0.29,-0.07,-0.08,-1.0,0.4,9.545,9.722,9.741,9.771,10.3,9.71,9.61,9.81,-0.001,0.001,-0.004,0.0,0.0,,,49.7
-2.1,1.0,0.0,-0.0,-0.05,0.09,0.1,0.18,0.09,-1.0,0.4,9.535,9.692,9.751,9.771,10.3,9.81,10.1,10.1,-0.001,0.001,-0.004,0.0,0.0,,,49.75
-2.1,1.0,0.0,-0.0,-0.06,0.12,-0.24,-0.03,0.0,-1.0,0.4,9.555,9.692,9.722,9.741,10.1,9.81,9.81,9.91,-0.001,0.001,-0.004,0.0,0.0,,,49.8
-2.1,1.0,0.0,-0.0,-0.05,0.12,0.07,0.42,0.15,-1.0,0.4,9.545,9.722,9.702,9.849,9.91,9.61,9.81,9.91,-0.001,0.001,-0.004,0.0,0.0,,,49.85
-2.1,1.0,0.0,-0.0,-0.04,0.11,-0.24,-0.21,-0.04,-1.0,0.4,9.555,9.692,9.722,9.741,10.2,9.81,9.61,10.01,-0.001,0.001,-0.004,0.0,0.0,,,49.9
-2.1,1.0,0.0,-0.0,-0.08,0.09,0.09,0.26,-0.03,-1.0,0.4,9.545,9.722,9.741,9.771,10.3,9.81,9.61,9.81,-0.001,0.001,-0.004,0.0,0.0,,,49.95
-2.1,1.0,0.0,0.0,-0.05,0.09,-0.22,0.14,0.05,-1.0,0.4,9.584,9.741,9.712,9.771,10.01,9.81,9.81,10.2,-0.001,0.001,-0.004,0.0,-0.0,,,50.0
-2.1,1.0,0.0,-0.0,-0.05,0.15,0.06,0.2,0.18,-1.0,0.4,9.506,9.682,9.741,9.81,10.01,9.71,9.61,9.81,-0.001,0.001,-0.004,0.0,0.0,,,50.05
-2.1,1.0,0.0,-0.0,-0.04,0.12,0.22,0.01,0.15,-1.0,0.4,9.545,9.722,9.722,9.79,10.01,9.81,9.71,9.81,-0.001,0.001,-0.004,0.0,0.0,,,50.1
-2.1,1.0,0.0,-0.0,-0.07,0.1,0.42,-0.01,0.14,-1.0,0.4,9.565,9.722,9.732,9.741,10.4,9.91,9.61,9.81,-0.001,0.001,-0.004,0.0,0.0,,,50.15
-2.1,1.0,0.0,0.0,-0.07,0.08,0.12,-0.04,0.26,-1.0,0.4,9.545,9.692,9.722,9.79,10.3,9.61,9.71,10.1,-0.001,0.001,-0.004,0.0,-0.0,,,50.2
-2.1,1.0,0.0,0.0,-0.06,0.1,0.03,0.15,-0.06,-1.0,0.4,9.555,9.751,9.712,9.741,10.2,9.71,9.61,10.2,-0.001,0.001,-0.004,0.0,-0.0,,,50.25
-2.1,1.0,0.0,0.0,-0.04,0.14,-0.24,0.1,0.1,-1.0,0.4,9.526,9.732,9.702,9.81,9.91,9.42,9.61,9.81,-0.001,0.001,-0.004,0.0,-0.0,,,50.3
-2.1,1.0,0.0,-0.0,-0.09,0.16,0.3,-0.05,0.04,-1.0,0.4,9.535,9.732,9.702,9.79,10.3,9.61,9.71,9.81,-0.001,0.001,-0.004,0.0,0.0,,,50.35
-2.1,1.0,0.0,-0.0,-0.04,0.09,0.06,-0.0,-0.11,-1.0,0.4,9.545,9.761,9.761,9.81,10.1,9.91,10.01,9.81,-0.001,0.001,-0.004,0.0,0.0,,,50.4
-2.1,1.0,0.0,-0.0,-0.04,0.1,-0.17,-0.06,-0.04,-1.0,0.4,9.526,9.692,9.751,9.741,10.3,9.91,9.81,9.61,-0.001,0.001,-0.004,0.0,0.0,,,50.45
-2.1,1.0,0.0,-0.0,-0.06,0.11,-0.02,-0.21,0.1,-1.0,0.4,9.506,9.702,9.741,9.771,10.2,9.61,9.61,10.1,-0.001,0.001,-0.004,0.0,0.0,,,50.5
-2.1,1.0,0.0,-0.0,-0.05,0.11,0.13,-0.12,0.01,-1.0,0.4,9.535,9.702,9.761,9.771,10.3,9.61,10.01,9.71,-0.001,0.001,-0.004,0.0,0.0,,,50.55
-2.1,1.0,0.0,0.0,-0.06,0.12,-0.11,0.21,0.02,-1.0,0.4,9.545,9.702,9.722,9.741,9.81,9.91,9.81,9.91,-0.001,0.001,-0.004,0.0,-0.0,,,50.6
-2.1,1.0,0.0,-0.0,-0.06,0.12,0.12,-0.1,0.05,-1.0,0.4,9.486,9.712,9.722,9.741,10.2,9.81,9.81,9.91,-0.001,0.001,-0.004,0.0,0.0,,,50.65
-2.1,1.0,0.0,0.0,-0.05,0.13,-0.13,0.11,0.15,-1.0,0.4,9.565,9.722,9.692,9.771,10.1,9.52,9.81,10.01,-0.001,0.001,-0.004,0.0,-0.0,,,50.7
-2.1,1.0,0.0,0.0,-0.05,0.09,-0.25,0.32,-0.04,-1.0,0.4,9.535,9.732,9.732,9.771,10.4,9.81,9.61,10.01,-0.001,0.001,-0.004,0.0,-0.0,,,50.75
-2.1,1.0,0.0,0.0,-0.06,0.09,-0.03,-0.13,-0.08,-1.0,0.4,9.535,9.702,9.741,9.79,10.01,9.71,9.71,10.1,-0.001,0.001,-0.004,0.0,-0.0,,,50.8
-2.1,1.0,0.0,-0.0,-0.06,0.11,-0.08,0.38,-0.24,-1.0,0.4,9.565,9.712,9.702,9.741,10.1,9.81,9.81,9.81,-0.001,0.001,-0.004,0.0,0.0,,,50.85
-2.1,1.0,0.0,0.0,-0.05,0.11,0.04,0.14,-0.1,-1.0,0.4,9.545,9.692,9.761,9.79,10.1,9.91,9.81,10.01,-0.001,0.001,-0.004,0.0,-0.0,,,50.9
-2.1,1.0,0.0,-0.0,-0.07,0.15,0.22,-0.24,-0.09,-1.0,0.4,9.535,9.702,9.732,9.79,10.2,10.01,9.61,10.01,-0.001,0.001,-0.004,0.0,0.0,,,50.95
-2.1,1.0,0.0,0.0,-0.06,0.11,0.06,-0.2,0.2,-1.0,0.4,9.535,9.702,9.722,9.771,10.2,9.71,10.1,9.71,-0.001,0.001,-0.004,0.0,-0.0,,,51.0
-2.1,1.0,0.0,0.0,-0.07,0.09,0.24,0.16,-0.17,-1.0,0.4,9.535,9.712,9.722,9.79,10.4,9.52,9.91,10.01,-0.001,0.001,-0.004,0.0,-0.0,,,51.05
-2.1,1.0,0.0,-0.0,-0.03,0.07,0.1,0.11,0.33,-1.0,0.4,9.565,9.722,9.702,9.771,10.3,9.81,9.81,10.01,-0.001,0.001,-0.004,0.0,0.0,,,51.1
-2.1,1.0,0.0,0.0,-0.05,0.11,-0.23,-0.21,0.15,-1.0,0.4,9.535,9.722,9.712,9.79,10.01,9.61,9.71,9.71,-0.001,0.001,-0.004,0.0,-0.0,,,51.15
-2.1,1.0,0.0,-0.0,-0.06,0.14,0.08,0.43,0.0,-1.0,0.4,9.535,9.712,9.722,9.771,10.01,9.71,9.81,9.91,-0.001,0.001,-0.004,0.0,0.0,,,51.2
-2.1,1.0,0.0,0.0,-0.04,0.11,-0.25,0.31,0.03,-1.0,0.4,9.545,9.732,9.712,9.771,10.01,9.81,9.91,9.71,-0.001,0.001,-0.004,0.0,-0.0,,,51.25
-2.1,1.0,0.0,-0.0,-0.06,0.08,0.35,-0.03,-0.1,-1.0,0.4,9.526,9.663,9.732,9.741,10.2,9.61,9.71,9.91,-0.001,0.001,-0.004,0.0,0.0,,,51.3
-2.1,1.0,0.0,-0.0,-0.05,0.1,0.13,-0.05,0.01,-1.0,0.4,9.526,9.722,9.741,9.771,10.2,9.91,9.81,10.01,-0.001,0.001,-0.004,0.0,0.0,,,51.35
-2.1,1.0,0.0,-0.0,-0.06,0.12,-0.05,0.19,0.16,-1.0,0.4,9.535,9.712,9.751,9.79,10.3,9.81,9.91,9.71,-0.001,0.001,-0.004,0.0,0.0,,,51.4
-2.1,1.0,0.0,0.0,-0.03,0.12,-0.4,0.07,-0.19,-1.0,0.4,9.526,9.712,9.722,9.771,10.3,9.71,9.91,10.01,-0.001,0.001,-0.004,0.0,-0.0,,,51.45
-2.1,1.0,0.0,-0.0,-0.07,0.15,0.18,0.17,0.03,-1.0,0.4,9.526,9.722,9.712,9.771,10.1,9.71,9.81,9.91,-0.001,0.001,-0.004,0.0,0.0,,,51.5
-2.1,1.0,0.0,0.0,-0.09,0.09,0.08,-0.19,0.22,-1.0,0.4,9.565,9.722,9.732,9.771,10.1,9.71,9.81,10.01,-0.001,0.001,-0.004,0.0,-0.0,,,51.55
-2.1,1.0,0.0,0.0,-0.04,0.08,-0.21,0.05,0.15,-1.0,0.4,9.545,9.682,9.761,9.771,10.01,9.61,9.91,9.71,-0.001,0.001,-0.004,0.0,-0.0,,,51.6
-2.1,1.0,0.0,-0.0,0.04,-0.03,-0.05,0.04,-0.32,-1.0,0.4,9.526,9.732,9.712,9.741,10.1,9.81,9.91,10.01,-0.001,0.001,-0.004,0.0,0.0,,,51.65
-2.1,1.0,0.0,0.0,-0.03,0.1,-0.03,0.24,0.1,-1.0,0.4,9.526,9.702,9.712,9.771,10.01,9.91,9.32,10.01,-0.001,0.001,-0.004,0.0,-0.0,,,51.7
-2.1,1.0,0.0,-0.0,-0.07,0.2,0.09,-0.03,0.5,-1.0,0.4,9.526,9.722,9.741,9.79,10.01,9.52,9.81,10.01,-0.001,0.001,-0.004,0.0,0.0,,,51.75
-2.1,1.0,0.0,0.0,-0.03,0.12,-0.77,-0.03,0.02,-1.0,0.4,9.545,9.722,9.732,9.771,10.2,9.52,9.81,9.81,-0.001,0.001,-0.004,0.0,-0.0,,,51.8
-2.1,1.0,0.0,-0.0,-0.07,0.08,0.23,0.1,0.18,-1.0,0.4,9.555,9.722,9.741,9.741,10.01,9.71,9.81,9.81,-0.001,0.001,-0.004,0.0,0.0,,,51.85
-2.1,1.0,0.0,0.0,-0.06,0.06,-0.04,0.05,0.18,-1.0,0.4,9.535,9.702,9.761,9.771,10.1,9.81,9.71,9.91,-0.001,0.001,-0.004,0.0,-0.0,,,51.9
-2.1,1.0,0.0,0.0,-0.07,0.13,0.13,0.21,-0.27,-1.0,0.4,9.496,9.732,9.702,9.79,10.1,9.61,10.1,9.91,-0.001,0.001,-0.004,0.0,-0.0,,,51.95
-2.1,1.0,0.0,-0.0,-0.07,0.14,0.3,-0.0,0.18,-1.0,0.4,9.526,9.702,9.663,9.771,9.91,9.81,9.61,9.91,-0.001,0.001,-0.004,0.0,0.0,,,52.0
-2.1,1.0,0.0,-0.0,-0.08,0.12,-0.08,-0.16,-0.08,-1.0,0.4,9.555,9.722,9.614,9.692,9.81,9.91,9.61,9.61,-0.001,0.001,-0.004,0.0,0.0,,,52.05
-2.1,1.0,0.0,-0.0,-0.03,0.06,0.11,0.1,0.13,-1.0,0.4,9.584,9.771,9.879,9.879,10.3,9.81,10.1,10.01,-0.001,0.001,-0.004,0.0,0.0,,,52.1
-2.1,1.0,0.0,-0.0,-0.0,0.1,0.27,-0.53,-0.42,-1.0,0.4,9.516,9.771,9.712,9.575,9.91,9.81,9.91,9.71,-0.001,0.001,-0.004,0.0,0.0,,,52.15
-2.1,1.0,0.0,0.0,-0.09,0.08,-0.08,0.02,0.11,-1.0,0.4,9.427,9.771,9.781,9.741,10.1,9.61,10.1,9.91,-0.001,0.001,-0.004,0.0,-0.0,,,52.2
-2.1,1.0,0.0,-0.0,-0.08,0.09,-0.01,-0.2,-0.27,-1.0,0.4,9.526,9.81,9.839,9.79,10.1,9.91,9.81,10.1,-0.001,0.001,-0.004,0.0,0.0,,,52.25
-2.1,1.0,0.0,-0.0,-0.06,0.11,0.21,-0.28,-0.04,-1.0,0.4,9.565,9.712,9.712,9.722,10.01,9.42,9.61,9.81,-0.001,0.001,-0.004,0.0,0.0,,,52.3
-2.1,1.0,0.0,-0.0,-0.07,0.13,0.2,0.18,-0.14,-1.0,0.4,9.457,9.624,9.741,9.741,9.71,10.01,9.91,9.91,-0.001,0.001,-0.004,0.0,0.0,,,52.35
-2.1,1.0,0.0,0.0,-0.08,0.12,-0.22,-0.12,0.02,-1.0,0.4,9.516,9.692,9.663,9.79,10.3,9.61,9.61,10.01,-0.001,0.001,-0.004,0.0,-0.0,,,52.4
-2.1,1.0,0.0,-0.0,-0.05,0.12,-0.01,0.15,0.33,-1.0,0.4,9.594,9.761,9.682,9.771,10.3,9.81,9.61,9.81,-0.001,0.001,-0.004,0.0,0.0,,,52.45
-2.1,1.0,0.0,0.0,-0.06,0.05,0.16,0.17,-0.01,-1.0,0.4,9.516,9.722,9.741,9.849,10.2,9.71,9.61,9.91,-0.001,0.001,-0.004,0.0,-0.0,,,52.5
-2.1,1.0,0.0,-0.0,-0.04,0.09,0.05,0.46,0.31,-1.0,0.4,9.565,9.712,9.732,9.79,10.3,9.81,9.91,10.01,-0.001,0.001,-0.004,0.0,0.0,,,52.55
-2.1,1.0,0.0,-0.0,-0.02,0.11,-0.06,0.2,0.12,-1.0,0.4,9.526,9.761,9.751,9.79,10.3,9.61,9.91,10.01,-0.001,0.001,-0.004,0.0,0.0,,,52.6
-2.1,1.0,0.0,-0.0,-0.06,0.13,0.37,-0.04,-0.05,-1.0,0.4,9.506,9.692,9.751,9.771,10.1,9.81,9.81,9.91,-0.001,0.001,-0.004,0.0,0.0,,,52.65
-2.1,1.0,0.0,-0.0,-0.08,0.14,0.24,-0.22,0.04,-1.0,0.4,9.516,9.741,9.751,9.771,9.91,10.01,9.81,10.01,-0.001,0.001,-0.004,0.0,0.0,,,52.7
-2.1,1.0,0.0,-0.0,-0.08,0.14,0.22,-0.27,0.08,-1.0,0.4,9.516,9.702,9.741,9.771,10.1,9.91,9.52,9.91,-0.001,0.001,-0.004,0.0,0.0,,,52.75
-2.1,1.0,0.0,-0.0,-0.05,0.09,0.35,0.0,-0.32,-1.0,0.4,9.516,9.682,9.732,9.722,10.1,9.71,9.81,9.81,-0.001,0.001,-0.004,0.0,0.0,,,52.8
-2.1,1.0,0.0,0.0,-0.06,0.13,-0.14,-0.0,-0.33,-1.0,0.4,9.535,9.732,9.702,9.771,9.81,9.71,9.71,9.91,-0.001,0.001,-0.004,0.0,-0.0,,,52.85
-2.1,1.0,0.0,0.0,-0.05,0.12,-0.13,0.1,-0.13,-1.0,0.4,9.555,9.741,9.751,9.771,10.2,9.81,9.71,10.01,-0.001,0.001,-0.004,0.0,-0.0,,,52.9
-2.1,1.0,0.0,-0.0,-0.06,0.12,-0.07,0.08,-0.07,-1.0,0.4,9.535,9.722,9.751,9.741,10.2,9.81,9.52,10.1,-0.001,0.001,-0.004,0.0,0.0,,,52.95
-2.1,1.0,0.0,0.0,-0.04,0.11,-0.41,-0.18,0.26,-1.0,0.4,9.535,9.702,9.712,9.741,10.2,9.81,10.1,9.91,-0.001,0.001,-0.004,0.0,-0.0,,,53.0
-2.1,1.0,0.0,-0.0,-0.06,0.12,0.03,-0.17,0.19,-1.0,0.4,9.575,9.732,9.741,9.771,10.1,9.91,10.01,9.71,-0.001,0.001,-0.004,0.0,0.0,,,53.05
-2.1,1.0,0.0,0.0,-0.06,0.13,-0.42,-0.09,-0.03,-1.0,0.4,9.575,9.732,9.712,9.741,10.01,9.71,9.81,9.71,-0.001,0.001,-0.004,0.0,-0.0,,,53.1
-2.1,1.0,0.0,-0.0,-0.04,0.11,-0.02,0.18,0.1,-1.0,0.4,9.535,9.673,9.732,9.771,10.01,9.81,9.91,10.1,-0.001,0.001,-0.004,0.0,0.0,,,53.15
-2.1,1.0,0.0,-0.0,-0.05,0.09,0.22,0.19,-0.28,-1.0,0.4,9.555,9.712,9.712,9.741,10.1,9.91,10.01,9.71,-0.001,0.001,-0.004,0.0,0.0,,,53.2
-2.1,1.0,0.0,-0.0,-0.06,0.11,0.16,0.36,0.21,-1.0,0.4,9.555,9.732,9.712,9.741,10.01,9.71,9.61,9.91,-0.001,0.001,-0.004,0.0,0.0,,,53.25
-2.1,1.0,0.0,0.0,-0.05,0.12,-0.2,-0.12,-0.13,-1.0,0.4,9.535,9.702,9.732,9.79,10.1,9.81,9.71,9.71,-0.001,0.001,-0.004,0.0,-0.0,,,53.3
-2.1,1.0,0.0,0.0,-0.05,0.11,-0.13,0.0,0.16,-1.0,0.4,9.555,9.722,9.702,9.771,10.1,9.81,9.61,9.81,-0.001,0.001,-0.004,0.0,-0.0,,,53.35
-2.1,1.0,0.0,0.0,-0.07,0.12,0.04,-0.11,-0.1,-1.0,0.4,9.545,9.702,9.712,9.771,10.01,9.61,9.81,9.81,-0.001,0.001,-0.004,0.0,-0.0,,,53.4
-2.1,1.0,0.0,0.0,-0.02,0.09,-0.21,0.23,0.34,-1.0,0.4,9.535,9.751,9.722,9.771,10.1,9.71,9.81,9.81,-0.001,0.001,-0.004,0.0,-0.0,,,53.45
-2.1,1.0,0.0,-0.0,-0.12,0.2,0.26,-0.07,-0.01,-1.0,0.4,9.516,9.732,9.751,9.771,10.1,10.01,9.81,9.81,-0.001,0.001,-0.004,0.0,0.0,,,53.5
-2.1,1.0,0.0,-0.0,-0.05,0.11,-0.12,0.08,-0.19,-1.0,0.4,9.516,9.712,9.722,9.771,10.4,9.71,10.1,9.91,-0.001,0.001,-0.004,0.0,0.0,,,53.55
-2.1,1.0,0.0,-0.0,-0.06,0.14,-0.05,0.22,0.17,-1.0,0.4,9.535,9.712,9.741,9.741,10.01,9.81,9.91,9.81,-0.001,0.001,-0.004,0.0,0.0,,,53.6
-2.1,1.0,0.0,0.0,-0.05,0.09,0.09,0.08,0.31,-1.0,0.4,9.555,9.732,9.732,9.741,10.01,9.71,9.81,9.91,-0.001,0.001,-0.004,0.0,-0.0,,,53.65
-2.1,1.0,0.0,0.0,-0.07,0.11,-0.12,0.17,-0.1,-1.0,0.4,9.526,9.692,9.702,9.741,10.1,9.91,9.71,10.1,-0.001,0.001,-0.004,0.0,-0.0,,,53.7
-2.1,1.0,0.0,-0.0,-0.06,0.11,0.2,0.1,-0.02,-1.0,0.4,9.516,9.712,9.732,9.771,10.3,9.91,9.61,9.91,-0.001,0.001,-0.004,0.0,0.0,,,53.75
-2.1,1.0,0.0,0.0,-0.05,0.13,-0.31,-0.16,-0.17,-1.0,0.4,9.545,9.732,9.751,9.771,10.1,9.81,9.71,9.91,-0.001,0.001,-0.004,0.0,-0.0,,,53.8
-2.1,1.0,0.0,-0.0,-0.04,0.09,0.23,-0.09,-0.35,-1.0,0.4,9.565,9.732,9.712,9.79,10.3,9.71,9.81,9.81,-0.001,0.001,-0.004,0.0,0.0,,,53.85
-2.1,1.0,0.0,0.0,-0.06,0.11,-0.09,0.02,0.33,-1.0,0.4,9.506,9.673,9.751,9.771,10.2,9.61,10.01,10.1,-0.001,0.001,-0.004,0.0,-0.0,,,53.9
-2.1,1.0,0.0,-0.0,-0.05,0.13,0.34,0.14,-0.05,-1.0,0.4,9.535,9.702,9.732,9.79,10.01,9.61,9.81,10.1,-0.001,0.001,-0.004,0.0,0.0,,,53.95
-2.1,1.0,0.0,-0.0,-0.04,0.12,-0.08,0.19,0.1,-1.0,0.4,9.545,9.722,9.751,9.771,10.1,9.71,9.61,10.01,-0.001,0.001,-0.004,0.0,0.0,,,54.0
-2.1,1.0,0.0,0.0,-0.06,0.1,-0.03,-0.19,-0.24,-1.0,0.4,9.545,9.692,9.722,9.771,10.2,9.52,9.81,9.71,-0.001,0.001,-0.004,0.0,-0.0,,,54.05
-2.1,1.0,0.0,-0.0,-0.08,0.1,0.46,-0.05,0.37,-1.0,0.4,9.565,9.702,9.702,9.741,10.1,9.81,9.81,10.01,-0.001,0.001,-0.004,0.0,0.0,,,54.1
-2.1,1.0,0.0,-0.0,-0.05,0.1,0.07,-0.06,0.09,-1.0,0.4,9.584,9.751,9.702,9.771,10.2,10.01,10.01,9.81,-0.001,0.001,-0.004,0.0,0.0,,,54.15
-2.1,1.0,0.0,-0.0,-0.04,0.15,-0.01,0.0,0.08,-1.0,0.4,9.496,9.702,9.702,9.741,9.91,9.71,9.61,10.01,-0.001,0.001,-0.004,0.0,0.0,,,54.2
-2.1,1.0,0.0,-0.0,-0.04,0.14,0.0,0.08,-0.02,-1.0,0.4,9.476,9.692,9.732,9.81,9.91,9.81,9.91,9.81,-0.001,0.001,-0.004,0.0,0.0,,,54.25
-2.1,1.0,0.0,-0.0,-0.02,0.08,0.02,-0.23,0.02,-1.0,0.4,9.535,9.741,9.712,9.849,10.1,9.91,9.81,9.61,-0.001,0.001,-0.004,0.0,0.0,,,54.3
-2.1,1.0,0.0,-0.0,-0.0,0.03,0.21,0.24,-0.02,-1.0,0.4,9.467,9.712,9.692,9.849,10.1,9.91,9.61,10.1,-0.001,0.001,-0.004,0.0,0.0,,,54.35
-2.1,1.0,0.0,-0.0,0.07,0.05,0.35,-0.07,0.23,-1.0,0.4,9.604,9.663,9.722,9.79,10.4,9.61,9.42,9.81,-0.001,0.001,-0.004,0.0,0.0,,,54.4
-2.1,1.0,0.0,0.0,-0.03,0.09,-0.15,-0.04,0.13,-1.0,0.4,9.555,9.712,9.682,9.722,10.2,9.91,9.81,9.91,-0.001,0.001,-0.004,0.0,-0.0,,,54.45
-2.1,1.0,0.0,-0.0,-0.0,0.04,0.08,-0.06,0.06,-1.0,0.4,9.565,9.702,9.82,9.81,10.1,9.71,9.91,10.01,-0.001,0.001,-0.004,0.0,0.0,,,54.5
-2.1,1.0,0.0,0.0,-0.06,0.1,-0.15,-0.14,0.02,-1.0,0.4,9.624,9.732,9.692,9.673,10.3,9.71,9.71,9.91,-0.001,0.001,-0.004,0.0,-0.0,,,54.55
-2.1,1.0,0.0,-0.0,-0.05,0.09,-0.19,-0.24,-0.31,-1.0,0.4,9.526,9.741,9.771,9.741,10.1,9.81,9.52,9.81,-0.001,0.001,-0.004,0.0,0.0,,,54.6
-2.1,1.0,0.0,-0.0,-0.05,0.1,0.12,-0.08,-0.08,-1.0,0.4,9.467,9.771,9.761,9.771,10.1,9.71,9.61,9.91,-0.001,0.001,-0.004,0.0,0.0,,,54.65
-2.1,1.0,0.0,-0.0,-0.07,0.12,-0.02,0.28,0.33,-1.0,0.4,9.516,9.722,9.761,9.741,10.01,9.81,9.42,9.91,-0.001,0.001,-0.004,0.0,0.0,,,54.7
-2.1,1.0,0.0,-0.0,-0.07,0.12,0.24,-0.13,0.04,-1.0,0.4,9.437,9.692,9.692,9.79,9.91,9.61,9.61,9.91,-0.001,0.001,-0.004,0.0,0.0,,,54.75
-2.1,1.0,0.0,0.0,-0.03,0.11,-0.06,-0.02,0.07,-1.0,0.4,9.545,9.673,9.761,9.771,10.01,9.61,9.81,9.91,-0.001,0.001,-0.004,0.0,-0.0,,,54.8
-2.1,1.0,0.0,-0.0,-0.05,0.11,0.23,0.17,0.38,-1.0,0.4,9.545,9.712,9.692,9.771,10.1,9.81,9.81,9.61,-0.001,0.001,-0.004,0.0,0.0,,,54.85
-2.1,1.0,0.0,-0.0,-0.07,0.13,0.37,-0.07,0.13,-1.0,0.4,9.555,9.692,9.761,9.722,9.81,9.81,10.01,9.91,-0.001,0.001,-0.004,0.0,0.0,,,54.9
-2.1,1.0,0.0,-0.0,-0.07,0.08,0.11,0.17,0.08,-1.0,0.4,9.545,9.771,9.741,9.79,10.01,9.91,9.81,9.61,-0.001,0.001,-0.004,0.0,0.0,,,54.95
-2.1,1.0,0.0,-0.0,-0.03,0.13,0.15,0.1,0.28,-1.0,0.4,9.516,9.722,9.722,9.81,10.01,9.81,9.81,10.01,-0.001,0.001,-0.004,0.0,0.0,,,55.0
-2.1,1.0,0.0,-0.0,-0.05,0.15,0.02,-0.23,-0.13,-1.0,0.4,9.506,9.702,9.682,9.79,10.2,9.81,9.81,10.01,-0.001,0.001,-0.004,0.0,0.0,,,55.05
-2.1,1.0,0.0,-0.0,-0.07,0.12,0.11,-0.07,0.11,-1.0,0.4,9.555,9.751,9.702,9.79,10.1,9.81,9.81,9.61,-0.001,0.001,-0.004,0.0,0.0,,,55.1
-2.1,1.0,0.0,-0.0,-0.05,0.08,0.21,-0.03,0.09,-1.0,0.4,9.584,9.712,9.79,9.79,10.4,9.81,10.01,9.91,-0.001,0.001,-0.004,0.0,0.0,,,55.15
-2.1,1.0,0.0,-0.0,-0.04,0.09,0.11,0.21,0.01,-1.0,0.4,9.506,9.673,9.741,9.741,10.4,9.52,9.81,10.01,-0.001,0.001,-0.004,0.0,0.0,,,55.2
-2.1,1.0,0.0,0.0,-0.03,0.13,-0.06,-0.05,-0.18,-1.0,0.4,9.516,9.682,9.722,9.771,9.91,9.81,9.91,9.61,-0.001,0.001,-0.004,0.0,-0.0,,,55.25
-2.1,1.0,0.0,0.0,-0.08,0.14,-0.09,-0.21,-0.18,-1.0,0.4,9.555,9.771,9.722,9.741,10.2,9.71,9.81,10.2,-0.001,0.001,-0.004,0.0,-0.0,,,55.3
-2.1,1.0,0.0,-0.0,-0.09,0.14,0.01,-0.03,-0.08,-1.0,0.4,9.545,9.692,9.712,9.771,10.01,9.81,9.61,9.81,-0.001,0.001,-0.004,0.0,0.0,,,55.35
-2.1,1.0,0.0,0.0,0.02,0.01,0.07,-0.35,-0.19,-1.0,0.4,9.506,9.712,9.722,9.771,10.3,10.01,9.81,9.71,-0.001,0.001,-0.004,0.0,-0.0,,,55.4
-2.1,1.0,0.0,-0.0,-0.04,0.12,0.13,-0.18,-0.15,-1.0,0.4,9.545,9.712,9.712,9.771,10.01,9.91,9.81,9.71,-0.001,0.001,-0.004,0.0,0.0,,,55.45
-2.1,1.0,0.0,0.0,-0.06,0.12,-0.19,0.06,-0.18,-1.0,0.4,9.535,9.702,9.722,9.79,10.01,9.91,9.91,9.91,-0.001,0.001,-0.004,0.0,-0.0,,,55.5
-2.1,1.0,0.0,-0.0,-0.08,0.09,0.43,-0.07,0.0,-1.0,0.4,9.545,9.732,9.712,9.771,10.2,9.81,9.61,9.91,-0.001,0.001,-0.004,0.0,0.0,,,55.55
-2.1,1.0,0.0,-0.0,-0.07,0.09,0.44,0.2,-0.18,-1.0,0.4,9.682,9.633,9.79,9.771,10.5,9.61,9.91,10.2,-0.001,0.001,-0.004,0.0,0.0,,,55.6
-2.1,1.0,0.0,-0.0,-0.05,0.01,-0.01,-0.16,0.08,-1.0,0.4,9.486,9.761,9.79,9.879,10.01,9.71,9.91,10.1,-0.001,0.001,-0.004,0.0,0.0,,,55.65
-2.1,1.0,0.0,0.0,-0.03,0.09,0.02,-0.0,-0.03,-1.0,0.4,9.575,9.633,9.682,9.741,10.1,9.81,9.61,9.91,-0.001,0.001,-0.004,0.0,-0.0,,,55.7
-2.1,1.0,0.0,-0.0,0.06,-0.03,0.4,-0.29,-0.01,-1.0,0.4,9.516,9.673,9.732,9.741,10.4,9.71,10.1,9.81,-0.001,0.001,-0.004,0.0,0.0,,,55.75
-2.1,1.0,0.0,-0.0,-0.07,0.12,0.04,-0.01,0.05,-1.0,0.4,9.486,9.682,9.732,9.79,10.01,9.81,10.01,9.81,-0.001,0.001,-0.004,0.0,0.0,,,55.8
-2.1,1.0,0.4,0.0,-0.03,0.11,-0.08,0.17,0.09,-1.0,0.4,9.555,9.702,9.741,9.722,10.3,9.61,9.91,10.1,-0.001,0.001,-0.004,0.0,-0.0,,,55.85
-2.1,1.0,6.6,-0.0,-0.09,0.15,0.2,0.14,-0.15,-1.0,0.4,9.516,9.761,9.722,9.722,10.1,9.71,9.61,9.81,-0.001,0.001,-0.004,0.0,0.0,,,55.9
-2.1,1.0,22.0,-0.0,-0.05,0.09,-0.11,-0.1,0.03,-1.0,0.4,9.545,9.771,9.781,9.79,10.2,9.91,9.61,9.91,-0.001,0.001,-0.004,0.0,0.0,,,55.95
-2.2,1.0,28.2,-0.0,-0.03,0.08,-0.08,0.1,0.14,-1.0,0.4,9.535,9.692,9.741,9.741,10.1,9.91,9.91,9.91,-0.001,0.001,-0.004,0.0,0.0,,,56.0
-2.3,1.0,30.3,-0.0,-0.05,0.15,-0.07,0.17,0.07,-1.0,0.4,9.526,9.702,9.781,9.771,10.1,9.81,9.91,9.91,-0.001,0.001,-0.004,0.0,0.0,,,56.05
-2.3,1.0,43.6,0.0,-0.07,0.13,0.06,0.08,0.27,-1.0,0.4,9.535,9.761,9.712,9.692,10.2,9.91,9.61,9.61,-0.001,0.001,-0.004,0.0,-0.0,,,56.1
-2.3,1.0,56.0,0.0,-0.08,0.18,0.09,-0.01,-0.21,-1.0,0.4,9.506,9.712,9.751,9.771,9.91,9.81,9.61,9.91,-0.001,0.001,-0.004,0.0,-0.0,,,56.15
-2.3,1.0,53.5,-0.0,-0.02,0.09,0.21,-0.33,0.11,-1.0,0.4,9.506,9.702,9.712,9.771,10.1,9.61,10.1,10.01,-0.001,0.001,-0.004,0.0,0.0,,,56.2
-2.2,1.0,55.6,-0.0,-0.05,0.07,0.3,0.04,0.02,-1.0,0.4,9.516,9.712,9.712,9.722,10.01,9.61,9.91,9.71,-0.001,0.001,-0.004,0.0,0.0,,,56.25
-2.2,1.0,62.7,-0.0,-0.09,0.08,0.2,-0.13,0.17,-1.0,0.4,9.555,9.751,9.741,9.741,10.3,9.71,9.81,10.01,-0.001,0.001,-0.004,0.0,0.0,,,56.3
-2.2,1.0,66.8,-0.0,-0.04,0.13,0.18,-0.08,-0.02,-1.0,0.4,9.506,9.692,9.702,9.81,10.2,9.81,9.91,9.81,-0.001,0.001,-0.004,0.0,0.0,,,56.35
-2.2,1.0,69.7,0.0,-0.05,0.13,-0.25,-0.04,0.11,-1.0,0.4,9.496,9.732,9.771,9.81,9.91,9.81,9.91,10.01,-0.001,0.001,-0.004,0.0,-0.0,,,56.4
-2.3,1.0,70.1,-0.0,-0.06,0.12,-0.07,0.08,0.14,-1.0,0.4,9.584,9.781,9.673,9.722,10.2,10.01,9.91,9.71,-0.001,0.001,-0.004,0.0,0.0,,,56.45
-2.3,1.0,58.1,0.0,-0.03,0.13,-0.02,0.06,-0.09,-1.0,0.4,9.506,9.673,9.79,9.81,10.01,9.81,9.91,9.81,-0.001,0.001,-0.004,0.0,-0.0,,,56.5
-2.2,1.0,27.4,0.0,-0.05,0.11,-0.0,-0.13,0.02,-1.0,0.4,9.526,9.702,9.761,9.741,9.91,9.91,10.1,9.81,-0.001,0.001,-0.004,0.0,-0.0,,,56.55
-2.2,1.0,12.4,-0.0,-0.08,0.1,0.08,0.28,0.09,-1.0,0.4,9.565,9.771,9.702,9.722,10.3,10.01,9.81,9.81,-0.001,0.001,-0.004,0.0,0.0,,,56.6
-2.1,1.0,5.4,-0.0,-0.05,0.08,0.15,0.02,0.18,-1.0,0.4,9.555,9.712,9.741,9.79,10.2,9.81,9.81,9.61,-0.001,0.001,-0.004,0.0,0.0,,,56.65
-2.1,1.0,4.1,0.0,-0.03,0.13,0.37,0.27,-0.16,-1.0,0.4,9.516,9.692,9.663,9.79,10.1,9.71,10.1,9.91,-0.001,0.001,-0.004,0.0,-0.0,,,56.7
-2.1,1.0,2.9,-0.0,-0.09,0.15,0.02,-0.14,-0.2,-1.0,0.4,9.506,9.712,9.692,9.722,10.2,9.71,9.81,9.81,-0.001,0.001,-0.004,0.0,0.0,,,56.75
-2.1,1.0,2.5,-0.0,-0.06,0.12,0.46,0.09,0.07,-1.0,0.4,9.545,9.751,9.741,9.81,10.1,9.81,9.91,9.71,-0.001,0.001,-0.004,0.0,0.0,,,56.8
-2.1,1.0,3.3,-0.0,-0.05,0.09,0.26,-0.25,0.11,-1.0,0.4,9.565,9.692,9.781,9.79,10.1,9.81,9.81,9.91,-0.001,0.001,-0.004,0.0,0.0,,,56.85
-2.1,1.0,5.4,0.0,-0.05,0.07,-0.33,0.28,-0.36,-1.0,0.4,9.516,9.692,9.722,9.741,10.2,9.91,9.61,9.71,-0.001,0.001,-0.004,0.0,-0.0,,,56.9
-2.1,1.0,7.1,0.0,-0.04,0.07,0.35,0.04,-0.09,-1.0,0.4,9.535,9.692,9.741,9.771,10.1,9.81,9.61,10.1,-0.001,0.001,-0.004,0.0,-0.0,,,56.95
-2.1,1.0,7.1,0.0,-0.08,0.14,0.08,0.25,-0.02,-1.0,0.4,9.545,9.741,9.761,9.79,10.1,9.81,9.81,9.91,-0.001,0.001,-0.004,0.0,-0.0,,,57.0
-2.1,1.0,7.1,-0.0,-0.04,0.12,0.23,-0.32,0.28,-1.0,0.4,9.555,9.732,9.673,9.722,10.2,10.1,9.81,10.01,-0.001,0.001,-0.004,0.0,0.0,,,57.05
-2.1,1.0,9.1,0.0,-0.05,0.15,-0.15,-0.01,0.09,-1.0,0.4,9.496,9.712,9.702,9.81,10.2,9.61,9.81,10.2,-0.001,0.001,-0.004,0.0,-0.0,,,57.1
-2.1,1.0,12.9,0.0,-0.04,0.12,-0.29,0.04,-0.11,-1.0,0.4,9.526,9.722,9.702,9.771,10.2,9.81,9.61,9.91,-0.001,0.001,-0.004,0.0,-0.0,,,57.15
-2.1,1.0,13.3,-0.0,-0.07,0.07,0.2,-0.17,0.07,-1.0,0.4,9.545,9.702,9.722,9.741,10.2,9.71,9.81,10.01,-0.001,0.001,-0.004,0.0,0.0,,,57.2
-2.1,1.0,12.9,-0.0,-0.07,0.05,0.45,0.04,-0.1,-1.0,0.4,9.565,9.702,9.751,9.79,10.1,9.81,9.81,9.91,-0.001,0.001,-0.004,0.0,0.0,,,57.25
-2.1,1.0,11.2,-0.0,-0.03,0.12,0.08,0.11,0.13,-1.0,0.4,9.555,9.702,9.751,9.79,10.3,9.71,9.61,9.81,-0.001,0.001,-0.004,0.0,0.0,,,57.3
-2.1,1.0,4.6,-0.0,-0.07,0.19,0.15,0.26,0.07,-1.0,0.4,9.506,9.712,9.712,9.79,10.2,9.81,9.71,10.1,-0.001,0.001,-0.004,0.0,0.0,,,57.35
-2.1,1.0,0.0,-0.0,-0.04,0.12,-0.11,0.32,-0.12,-1.0,0.4,9.535,9.741,9.702,9.79,10.2,10.1,9.42,9.81,-0.001,0.001,-0.004,0.0,0.0,,,57.4
-2.1,1.0,0.0,-0.0,-0.08,0.13,0.15,0.04,-0.3,-1.0,0.4,9.526,9.663,9.722,9.692,10.1,9.71,10.1,9.81,-0.001,0.001,-0.004,0.0,0.0,,,57.45
-2.1,1.0,0.0,0.0,-0.05,0.05,-0.21,-0.08,0.09,-1.0,0.4,9.575,9.732,9.702,9.771,10.59,9.91,9.81,9.91,-0.001,0.001,-0.004,0.0,-0.0,,,57.5
-2.1,1.0,0.0,-0.0,-0.08,0.1,0.14,0.04,0.13,-1.0,0.4,9.584,9.732,9.732,9.771,10.2,9.61,9.81,10.01,-0.001,0.001,-0.004,0.0,0.0,,,57.55
-2.1,1.0,0.0,-0.0,0.02,0.13,-0.27,-0.21,0.01,-1.0,0.4,9.437,9.633,9.643,9.741,10.1,9.71,9.71,9.91,-0.001,0.001,-0.004,0.0,0.0,,,57.6
-2.1,1.0,0.0,-0.0,-0.13,0.14,0.14,0.06,-0.0,-1.0,0.4,9.633,9.8,9.751,9.879,10.1,9.61,9.61,10.01,-0.001,0.001,-0.004,0.0,0.0,,,57.65
-2.1,1.0,0.0,-0.0,-0.04,0.15,0.12,0.2,-0.24,-1.0,0.4,9.584,9.702,9.712,9.741,10.2,10.01,9.91,9.91,-0.001,0.001,-0.004,0.0,0.0,,,57.7
-2.1,1.0,0.0,-0.0,-0.0,0.09,0.24,0.16,-0.29,-1.0,0.4,9.437,9.643,9.673,9.81,10.01,9.52,9.91,10.1,-0.001,0.001,-0.004,0.0,0.0,,,57.75
-2.1,1.0,0.0,0.0,0.07,0.06,-0.25,-0.07,0.1,-1.0,0.4,9.506,9.771,9.692,9.849,10.01,9.71,9.91,9.91,-0.001,0.001,-0.004,0.0,-0.0,,,57.8
-2.1,1.0,0.0,-0.0,-0.1,0.11,0.14,0.14,0.39,-1.0,0.4,9.604,9.692,9.761,9.771,10.2,10.01,9.81,9.91,-0.001,0.001,-0.004,0.0,0.0,,,57.85
-2.1,1.0,0.0,0.0,-0.03,0.1,-0.1,-0.31,0.0,-1.0,0.4,9.437,9.624,9.692,9.771,10.3,9.52,10.3,9.91,-0.001,0.001,-0.004,0.0,-0.0,,,57.9
-2.1,1.0,0.0,-0.0,-0.09,0.13,-0.04,0.03,0.11,-1.0,0.4,9.369,9.761,9.741,9.879,10.1,9.71,10.1,9.91,-0.001,0.001,-0.004,0.0,0.0,,,57.95
-2.1,1.0,0.0,0.0,0.07,0.16,-0.45,0.27,-0.07,-1.0,0.4,9.486,9.653,9.594,9.692,10.2,9.81,9.81,10.01,-0.001,0.001,-0.004,0.0,-0.0,,,58.0
-2.1,1.0,0.0,0.0,-0.04,0.2,-0.2,-0.27,-0.12,-1.0,0.4,9.427,9.692,9.545,9.741,10.1,9.61,9.61,9.91,-0.001,0.001,-0.004,0.0,-0.0,,,58.05
-2.1,1.0,0.0,-0.0,-0.17,0.04,0.08,0.05,-0.09,-1.0,0.4,9.682,9.967,9.938,9.879,10.4,9.91,9.52,9.91,-0.001,0.0,-0.004,0.0,0.0,,,58.1
-2.1,1.0,0.0,-0.0,-0.08,0.01,0.12,0.01,0.11,-1.0,0.4,9.594,9.839,9.8,9.771,9.91,9.81,9.91,10.01,-0.001,0.0,-0.004,0.0,0.0,,,58.15
-2.1,1.0,0.0,0.0,-0.04,0.06,-0.35,-0.14,0.22,-1.0,0.4,9.369,9.643,9.633,9.624,10.01,9.61,9.71,10.01,-0.001,0.001,-0.004,0.0,-0.0,,,58.2
-2.1,1.0,0.0,0.0,-0.02,0.22,-0.43,0.46,0.4,-1.0,0.4,9.418,9.702,9.771,9.81,10.1,9.81,9.81,9.91,-0.001,0.001,-0.004,0.0,-0.0,,,58.25
-2.1,1.0,0.0,-0.0,-0.04,0.27,0.11,-0.45,0.27,-1.0,0.4,9.535,9.82,9.702,9.79,10.01,9.71,9.91,9.91,-0.001,0.001,-0.004,0.0,0.0,,,58.3
-2.1,1.0,0.0,0.0,-0.1,0.08,0.03,0.19,-0.14,-1.0,0.4,9.526,9.771,9.712,9.771,9.91,9.81,10.01,9.81,-0.001,0.001,-0.004,0.0,-0.0,,,58.35
-2.1,1.0,0.0,-0.0,-0.1,0.02,0.01,-0.23,0.09,-1.0,0.4,9.545,9.692,9.8,9.741,9.91,9.71,10.01,9.91,-0.001,0.001,-0.004,0.0,0.0,,,58.4
-2.1,1.0,0.0,-0.0,-0.02,0.05,0.05,0.2,0.06,-1.0,0.4,9.526,9.732,9.712,9.741,10.01,9.81,9.71,9.91,-0.001,0.001,-0.004,0.0,0.0,,,58.45
-2.1,1.0,0.0,-0.0,-0.03,0.16,0.17,0.05,0.13,-1.0,0.4,9.457,9.692,9.741,9.771,10.01,9.81,10.01,9.91,-0.001,0.001,-0.004,0.0,0.0,,,58.5
-2.1,1.0,0.0,0.0,-0.04,0.17,-0.02,0.09,0.47,-1.0,0.4,9.496,9.741,9.781,9.849,10.2,9.81,9.81,9.81,-0.001,0.001,-0.004,0.0,-0.0,,,58.55
-2.1,1.0,0.0,-0.0,-0.07,0.14,0.01,-0.08,0.27,-1.0,0.4,9.565,9.751,9.722,9.722,10.1,9.91,9.81,9.91,-0.001,0.001,-0.004,0.0,0.0,,,58.6
-2.1,1.0,0.0,-0.0,-0.06,0.04,0.17,0.24,-0.16,-1.0,0.4,9.506,9.692,9.81,9.741,10.2,9.81,9.61,9.81,-0.001,0.001,-0.004,0.0,0.0,,,58.65
-2.1,1.0,0.0,0.0,-0.01,0.02,-0.15,-0.07,-0.13,-1.0,0.4,9.545,9.732,9.751,9.741,10.1,9.81,9.81,9.91,-0.001,0.001,-0.004,0.0,-0.0,,,58.7
-2.1,1.0,0.0,0.0,-0.04,0.11,0.04,0.27,0.18,-1.0,0.4,9.516,9.702,9.692,9.741,10.4,9.81,9.91,10.01,-0.001,0.001,-0.004,0.0,-0.0,,,58.75
-2.1,1.0,0.0,-0.0,-0.06,0.16,0.32,0.12,0.28,-1.0,0.4,9.545,9.722,9.741,9.79,10.2,9.61,9.91,10.1,-0.001,0.001,-0.004,0.0,0.0,,,58.8
-2.1,1.0,0.0,0.0,-0.06,0.15,-0.36,-0.33,-0.14,-1.0,0.4,9.575,9.732,9.702,9.79,10.2,9.91,9.61,9.81,-0.001,0.001,-0.004,0.0,-0.0,,,58.85
-2.1,1.0,0.0,0.0,-0.07,0.07,0.15,0.13,-0.07,-1.0,0.4,9.535,9.702,9.712,9.771,10.2,9.52,9.91,10.1,-0.001,0.001,-0.004,0.0,-0.0,,,58.9
-2.1,1.0,0.0,0.0,-0.05,0.09,-0.06,-0.06,-0.09,-1.0,0.4,9.535,9.692,9.741,9.741,10.1,9.91,10.1,10.01,-0.001,0.001,-0.004,0.0,-0.0,,,58.95
-2.1,1.0,0.0,0.0,-0.04,0.1,-0.12,0.04,0.07,-1.0,0.4,9.545,9.732,9.741,9.79,10.1,9.91,9.61,9.91,-0.001,0.001,-0.004,0.0,-0.0,,,59.0
-2.1,1.0,0.0,-0.0,-0.07,0.13,0.1,0.54,-0.01,-1.0,0.4,9.555,9.761,9.741,9.741,10.3,9.61,9.81,9.81,-0.001,0.001,-0.004,0.0,0.0,,,59.05
-2.1,1.0,0.0,-0.0,-0.06,0.13,-0.06,0.1,-0.01,-1.0,0.4,9.526,9.732,9.712,9.79,10.2,9.61,9.61,9.91,-0.001,0.001,-0.004,0.0,0.0,,,59.1
-2.1,1.0,0.0,-0.0,-0.06,0.1,0.26,0.15,0.07,-1.0,0.4,9.526,9.712,9.741,9.79,10.01,9.81,9.91,9.91,-0.001,0.001,-0.004,0.0,0.0,,,59.15
-2.1,1.0,0.0,-0.0,-0.06,0.08,0.21,-0.01,-0.26,-1.0,0.4,9.545,9.722,9.722,9.771,10.1,10.01,9.91,9.91,-0.001,0.001,-0.004,0.0,0.0,,,59.2
-2.1,1.0,0.0,-0.0,-0.06,0.1,0.12,-0.33,0.06,-1.0,0.4,9.535,9.732,9.673,9.741,10.1,10.01,9.71,10.1,-0.001,0.001,-0.004,0.0,0.0,,,59.25
-2.1,1.0,0.0,-0.0,-0.04,0.14,-0.07,0.34,-0.01,-1.0,0.4,9.535,9.722,9.732,9.79,10.01,9.81,9.52,9.91,-0.001,0.001,-0.004,0.0,0.0,,,59.3
-2.1,1.0,0.0,-0.0,-0.05,0.14,0.07,-0.16,0.34,-1.0,0.4,9.535,9.722,9.722,9.79,10.2,9.52,10.01,9.91,-0.001,0.001,-0.004,0.0,0.0,,,59.35
-2.1,1.0,0.0,0.0,-0.05,0.1,-0.08,0.12,-0.01,-1.0,0.4,9.565,9.722,9.712,9.771,10.3,9.81,9.91,9.91,-0.001,0.001,-0.004,0.0,-0.0,,,59.4
-2.1,1.0,0.0,0.0,-0.04,0.1,-0.25,-0.15,-0.02,-1.0,0.4,9.535,9.692,9.761,9.741,10.2,9.71,9.61,9.91,-0.001,0.001,-0.004,0.0,-0.0,,,59.45
-2.1,1.0,0.0,-0.0,-0.09,0.18,-0.14,-0.23,0.29,-1.0,0.4,9.526,9.722,9.702,9.771,10.1,9.91,9.81,9.91,-0.001,0.001,-0.004,0.0,0.0,,,59.5
-2.1,1.0,0.0,-0.0,-0.07,0.14,0.46,-0.0,0.12,-1.0,0.4,9.555,9.722,9.741,9.771,10.01,9.52,9.81,9.71,-0.001,0.001,-0.004,0.0,0.0,,,59.55
-2.1,1.0,0.0,0.0,-0.05,0.11,-0.49,0.08,0.44,-1.0,0.4,9.565,9.722,9.692,9.722,10.3,9.61,9.91,10.01,-0.001,0.001,-0.004,0.0,-0.0,,,59.6
-2.1,1.0,0.0,0.0,-0.04,0.14,-0.52,-0.18,-0.01,-1.0,0.4,9.516,9.702,9.712,9.771,9.91,9.91,10.01,9.71,-0.001,0.001,-0.004,0.0,-0.0,,,59.65
-2.1,1.0,0.0,-0.0,-0.03,0.11,-0.26,0.01,0.12,-1.0,0.4,9.535,9.702,9.732,9.79,10.2,9.81,9.71,10.1,-0.001,0.001,-0.004,0.0,0.0,,,59.7
-2.1,1.0,0.0,-0.0,-0.07,0.09,0.26,-0.11,0.09,-1.0,0.4,9.555,9.722,9.712,9.741,10.1,9.81,10.2,10.01,-0.001,0.001,-0.004,0.0,0.0,,,59.75
-2.1,1.0,0.0,-0.0,-0.08,0.12,0.13,0.04,-0.01,-1.0,0.4,9.555,9.692,9.692,9.79,9.91,9.71,9.81,10.01,-0.001,0.001,-0.004,0.0,0.0,,,59.8
-2.1,1.0,0.0,0.0,-0.05,0.1,-0.13,0.34,-0.13,-1.0,0.4,9.526,9.781,9.761,9.79,10.2,9.91,9.61,9.91,-0.001,0.001,-0.004,0.0,-0.0,,,59.85
-2.1,1.0,0.0,0.0,-0.05,0.13,0.02,0.19,-0.17,-1.0,0.4,9.516,9.732,9.771,9.928,10.2,9.81,9.81,10.01,-0.001,0.001,-0.004,0.0,-0.0,,,59.9
-2.1,1.0,0.0,0.0,-0.05,0.07,0.14,-0.14,-0.04,-1.0,0.4,9.496,9.702,9.82,9.741,10.01,9.81,9.71,9.91,-0.001,0.001,-0.004,0.0,-0.0,,,59.95
-2.1,1.0,0.0,0.0,-0.05,0.09,-0.36,0.1,0.19,-1.0,0.4,9.535,9.771,9.781,9.81,10.1,9.71,9.81,10.01,-0.001,0.001,-0.004,0.0,-0.0,,,60.0
-2.1,1.0,0.0,0.0,-0.03,0.05,-0.11,-0.19,0.06,-1.0,0.4,9.526,9.732,9.81,9.79,10.2,9.81,9.91,10.2,-0.001,0.001,-0.004,0.0,-0.0,,,60.05
-2.1,1.0,0.0,-0.0,-0.05,0.12,-0.25,-0.01,-0.24,-1.0,0.4,9.526,9.79,9.702,9.741,10.1,9.71,9.71,9.91,-0.001,0.001,-0.004,0.0,0.0,,,60.1
-2.1,1.0,0.0,-0.0,-0.06,0.13,-0.17,0.13,-0.01,-1.0,0.4,9.506,9.732,9.751,9.81,10.2,10.01,9.61,9.81,-0.001,0.001,-0.004,0.0,0.0,,,60.15
-2.1,1.0,0.0,-0.0,-0.04,0.15,0.44,-0.09,-0.09,-1.0,0.4,9.506,9.673,9.702,9.81,10.2,9.71,10.1,9.91,-0.001,0.001,-0.004,0.0,0.0,,,60.2
-2.1,1.0,0.0,-0.0,-0.07,0.09,-0.0,0.12,0.28,-1.0,0.4,9.545,9.722,9.771,9.771,10.3,9.61,9.81,10.3,-0.001,0.001,-0.004,0.0,0.0,,,60.25
-2.1,1.0,0.0,-0.0,-0.04,0.09,0.31,0.22,-0.0,-1.0,0.4,9.496,9.682,9.722,9.849,10.1,9.81,10.1,10.1,-0.001,0.001,-0.004,0.0,0.0,,,60.3
-2.1,1.0,0.0,-0.0,-0.04,0.09,-0.07,0.17,-0.16,-1.0,0.4,9.565,9.722,9.722,9.771,9.91,9.71,9.71,10.01,-0.001,0.001,-0.004,0.0,0.0,,,60.35
-2.1,1.0,0.0,0.0,-0.03,0.18,-0.06,0.28,-0.02,-1.0,0.4,9.526,9.682,9.82,9.81,10.4,9.81,9.81,10.01,-0.001,0.001,-0.004,0.0,-0.0,,,60.4
-2.1,1.0,0.0,0.0,-0.05,0.14,-0.31,-0.27,0.28,-1.0,0.4,9.545,9.741,9.702,9.673,10.2,9.61,9.61,10.01,-0.001,0.001,-0.004,0.0,-0.0,,,60.45
-2.1,1.0,0.0,-0.0,-0.08,0.06,0.14,-0.13,-0.1,-1.0,0.4,9.545,9.732,9.682,9.771,10.4,9.91,9.61,9.71,-0.001,0.001,-0.004,0.0,0.0,,,60.5
-2.1,1.0,0.0,0.0,-0.02,0.11,-0.18,0.21,0.01,-1.0,0.4,9.506,9.673,9.732,9.79,10.1,9.61,9.91,9.71,-0.001,0.001,-0.004,0.0,-0.0,,,60.55
-2.1,1.0,0.0,-0.0,-0.09,0.16,0.04,0.22,-0.0,-1.0,0.4,9.526,9.771,9.751,9.879,10.2,9.81,9.71,9.71,-0.001,0.001,-0.004,0.0,0.0,,,60.6
-2.1,1.0,0.0,-0.0,-0.06,0.11,0.22,0.25,0.01,-1.0,0.4,9.545,9.751,9.771,9.81,10.01,9.81,9.91,10.1,-0.001,0.001,-0.004,0.0,0.0,,,60.65
-2.1,1.0,0.0,-0.0,-0.03,0.1,0.31,-0.14,-0.13,-1.0,0.4,9.506,9.673,9.722,9.692,9.81,9.91,10.01,10.01,-0.001,0.001,-0.004,0.0,0.0,,,60.7
-2.1,1.0,0.0,-0.0,-0.06,0.05,0.1,-0.1,0.46,-1.0,0.4,9.545,9.741,9.761,9.741,10.01,9.61,9.81,10.01,-0.001,0.001,-0.004,0.0,0.0,,,60.75
-2.1,1.0,0.0,-0.0,-0.06,0.1,0.09,-0.0,0.07,-1.0,0.4,9.506,9.751,9.702,9.692,10.4,9.71,9.81,9.71,-0.001,0.001,-0.004,0.0,0.0,,,60.8
-2.1,1.0,0.0,0.0,-0.06,0.14,0.13,0.23,0.36,-1.0,0.4,9.526,9.722,9.653,9.692,10.01,9.61,10.01,10.01,-0.001,0.001,-0.004,0.0,-0.0,,,60.85
-2.1,1.0,0.0,-0.0,-0.06,0.16,0.1,-0.12,-0.13,-1.0,0.4,9.516,9.702,9.771,9.81,10.01,9.71,9.91,9.81,-0.001,0.001,-0.004,0.0,0.0,,,60.9
-2.1,1.0,0.0,-0.0,0.13,0.17,-0.08,-0.21,0.13,-1.0,0.4,10.369,7.848,9.81,10.016,10.4,9.12,9.81,10.01,-0.001,0.001,-0.004,0.0,0.0,,,60.95
-2.1,1.2,0.0,-0.0,0.24,-0.04,0.32,-2.7,0.06,-1.0,0.4,8.652,9.575,9.869,10.31,10.01,10.69,9.12,9.03,-0.001,0.001,-0.004,0.0,0.0,,,61.0
-2.1,4.0,0.0,0.0,-0.18,0.34,-0.49,0.73,0.23,-1.0,0.4,9.83,9.113,9.418,9.849,10.79,8.93,10.2,11.48,-0.001,0.001,-0.004,0.0,-0.0,,,61.05
-2.1,9.4,0.0,0.0,-0.2,0.15,-0.25,-2.15,0.08,-1.0,0.4,9.359,10.065,9.781,9.996,9.81,10.2,9.42,9.22,-0.001,0.001,-0.004,0.0,-0.0,,,61.1
-2.1,11.6,0.0,0.0,-0.02,0.11,-0.05,1.47,-0.21,-1.0,0.4,9.526,9.624,9.614,9.849,10.59,10.01,10.4,10.3,-0.001,0.001,-0.004,0.0,-0.0,,,61.15
-2.1,12.3,0.0,-0.0,0.12,0.27,0.08,-1.88,-0.17,-1.0,0.4,9.329,9.751,9.869,10.183,9.81,9.91,9.71,9.42,-0.001,0.001,-0.004,0.0,0.0,,,61.2
-2.0,12.4,0.0,0.0,0.01,0.26,-0.09,1.5,-0.37,-1.0,0.4,11.272,7.828,9.231,10.477,10.79,9.61,9.32,10.4,-0.001,0.001,-0.004,0.0,-0.0,,,61.25
-2.1,12.7,0.0,-0.0,-0.1,0.23,0.21,-0.59,0.9,-1.0,0.4,9.025,10.497,10.242,9.555,9.81,9.42,11.28,8.73,-0.001,0.001,-0.004,0.0,0.0,,,61.3
-2.0,12.7,0.0,0.0,-0.32,0.5,-0.24,1.2,-1.36,-1.0,0.4,11.291,7.603,8.898,10.045,10.2,9.91,7.55,10.59,-0.001,0.001,-0.004,0.0,-0.0,,,61.35
-2.2,12.7,0.0,-0.0,0.31,0.03,0.26,-1.21,0.68,-1.0,0.4,8.289,11.232,10.614,9.526,10.2,9.12,11.77,9.42,-0.001,0.001,-0.004,0.0,0.0,,,61.4
-2.0,12.7,0.0,-0.0,-0.63,-0.78,0.06,0.11,1.82,-1.0,0.4,9.192,9.476,9.32,9.575,9.03,11.58,10.1,9.52,-0.001,0.001,-0.004,0.0,0.0,,,61.45
-2.2,12.8,0.0,0.0,0.14,1.25,-0.47,-3.61,-3.2,-1.0,0.4,7.564,9.359,10.261,9.947,10.01,9.52,10.4,9.22,-0.001,0.001,-0.004,0.0,-0.0,,,61.5
-2.0,12.8,0.0,-0.0,0.0,-0.38,0.28,-0.11,2.92,-1.0,0.4,10.928,8.996,8.858,10.35,10.5,9.81,9.61,9.12,-0.001,0.001,-0.004,0.0,0.0,,,61.55
-2.0,12.7,0.0,-0.0,0.09,-0.21,0.0,-0.59,-0.56,-1.0,0.4,11.703,7.632,9.575,9.79,10.3,11.09,9.81,8.53,-0.001,0.001,-0.004,0.0,0.0,,,61.6
-2.0,12.7,0.0,0.0,-0.49,0.65,-0.05,2.04,-1.19,-1.0,0.4,12.145,6.357,9.074,10.565,11.18,8.04,8.83,11.28,-0.001,0.001,-0.004,0.0,-0.0,,,61.65
-2.2,12.7,0.0,-0.0,0.21,0.54,0.24,-1.5,1.69,-1.0,0.4,4.699,13.273,9.81,10.663,10.99,9.71,8.73,9.03,-0.001,0.001,-0.004,0.0,0.0,,,61.7
-2.1,12.7,0.0,0.0,-0.32,-0.0,-0.27,2.63,-3.39,-1.0,0.4,7.671,8.446,7.75,7.642,8.04,10.59,8.44,13.15,-0.001,0.0,-0.004,0.0,-0.0,,,61.75
-2.0,13.1,0.0,0.0,0.3,-0.14,0.12,-0.66,0.73,-1.0,0.4,9.133,10.006,10.369,9.673,10.99,9.12,8.44,9.91,-0.001,0.0,-0.004,0.0,-0.0,,,61.8
-2.0,13.6,0.0,0.0,-1.15,-0.1,-0.12,1.73,0.8,-1.0,0.4,10.32,8.162,7.681,9.555,10.89,9.42,10.2,8.04,-0.001,0.0,-0.004,0.0,-0.0,,,61.85
-2.0,13.7,0.0,0.0,-0.95,0.9,-0.06,-0.24,-1.89,-1.0,0.4,7.789,11.448,9.781,10.663,11.09,9.71,7.46,9.22,-0.0,0.0,-0.004,0.0,-0.0,,,61.9
-1.9,8.5,0.0,0.0,-0.5,0.0,-0.35,0.48,0.16,-1.0,0.4,8.937,8.103,10.516,11.193,10.69,9.81,12.07,9.81,-0.0,0.0,-0.004,0.0,-0.0,,,61.95
-2.0,1.0,0.0,-0.0,-0.14,-0.63,0.13,0.18,-0.92,-1.0,0.4,5.984,14.793,8.427,8.907,9.71,9.61,10.4,9.91,-0.001,0.0,-0.004,0.0,0.0,,,62.0
-2.0,1.1,0.0,-0.0,0.92,0.84,0.46,-2.9,0.22,-1.0,0.4,8.034,9.231,9.8,8.976,8.73,10.2,10.79,7.46,-0.001,0.001,-0.004,0.0,0.0,,,62.05
-1.9,1.0,0.0,-0.0,-0.63,-0.02,0.19,0.9,-0.12,-1.0,0.4,9.83,9.584,9.172,9.104,9.52,9.71,10.59,9.22,-0.001,0.001,-0.004,0.0,0.0,,,62.1
-2.0,1.0,0.0,0.0,-0.37,0.4,-0.47,-0.23,0.19,-1.0,0.4,10.771,10.82,10.114,8.839,9.71,10.2,9.42,9.42,-0.001,0.001,-0.004,0.0,-0.0,,,62.15
-2.0,1.0,0.0,0.0,0.12,0.83,-0.24,0.4,0.18,-1.0,0.4,7.593,11.134,9.682,8.672,9.61,8.93,9.12,9.12,-0.001,0.001,-0.004,0.0,-0.0,,,62.2
-2.1,1.1,0.0,-0.0,-0.36,0.43,-0.04,-1.96,0.96,-1.0,0.4,8.966,10.006,9.486,9.575,8.93,9.61,10.79,10.1,-0.001,0.001,-0.004,0.0,0.0,,,62.25
-2.0,1.0,0.0,-0.0,-0.48,-0.07,0.02,2.78,0.4,-1.0,0.4,9.055,11.232,9.81,9.388,8.93,11.38,11.18,9.03,-0.001,0.001,-0.004,0.0,0.0,,,62.3
-2.1,1.0,0.0,0.0,0.11,0.02,-0.17,-0.42,-0.85,-1.0,0.4,8.78,9.28,10.006,10.261,11.67,8.34,7.55,10.99,-0.001,0.001,-0.004,0.0,-0.0,,,62.35
-2.1,1.0,0.0,0.0,0.02,-0.19,-0.39,-2.29,-0.02,-1.0,0.4,8.132,10.35,10.183,9.849,9.91,9.61,9.22,9.81,-0.001,0.001,-0.004,0.0,-0.0,,,62.4
-2.0,1.0,0.0,-0.0,-0.3,-0.08,-0.07,0.26,-0.04,-1.0,0.4,10.026,9.898,8.751,10.31,10.79,8.93,9.52,10.3,-0.001,0.001,-0.004,0.0,0.0,,,62.45
-2.0,1.0,0.0,-0.0,-0.09,-0.21,0.41,0.09,-0.04,-1.0,0.4,9.888,9.467,10.526,9.31,9.03,10.3,10.4,10.59,-0.001,0.001,-0.004,0.0,0.0,,,62.5
-2.0,1.1,0.0,0.0,-0.09,0.45,-0.04,1.88,0.21,-1.0,0.4,10.82,9.663,9.682,10.094,11.38,9.22,9.81,9.61,-0.001,0.001,-0.004,0.0,-0.0,,,62.55
-2.1,1.2,0.0,0.0,0.27,0.5,-0.39,0.41,-0.67,-1.0,0.4,10.771,8.515,9.437,10.114,10.5,9.32,9.71,9.81,-0.001,0.001,-0.004,0.0,-0.0,,,62.6
-2.0,1.4,0.0,-0.0,0.02,-0.11,-0.03,-1.74,0.56,-1.0,0.4,9.555,9.692,9.604,9.898,9.81,10.1,8.83,10.5,-0.001,0.001,-0.004,0.0,0.0,,,62.65
-2.0,1.8,0.0,-0.0,0.12,-0.33,0.22,0.18,-0.14,-1.0,0.4,11.036,9.143,10.202,10.045,9.42,9.81,10.01,10.99,-0.001,0.001,-0.004,0.0,0.0,,,62.7
-2.0,2.0,0.0,-0.0,-0.02,0.02,0.14,0.86,-0.65,-1.0,0.4,11.144,8.25,9.898,9.575,10.2,9.81,10.1,9.52,-0.001,0.001,-0.004,0.0,0.0,,,62.75
-2.0,2.2,0.0,-0.0,-0.42,0.26,0.08,0.88,0.05,-1.0,0.4,7.848,11.026,10.183,9.339,10.1,10.01,9.91,9.32,-0.001,0.001,-0.004,0.0,0.0,,,62.8
-2.0,2.4,0.0,-0.0,-0.57,0.59,0.4,-0.1,0.7,-1.0,0.4,7.053,12.282,9.741,9.27,9.32,10.59,10.4,9.91,-0.001,0.001,-0.004,0.0,0.0,,,62.85
-2.0,2.5,0.0,-0.0,-0.06,-0.16,0.09,-0.83,0.97,-1.0,0.4,9.32,9.928,10.33,9.879,10.5,9.81,10.69,9.22,-0.001,0.001,-0.004,0.0,0.0,,,62.9
-2.0,2.6,0.0,-0.0,0.09,-0.21,-0.04,1.14,-1.45,-1.0,0.4,9.496,9.163,10.261,9.006,8.83,11.18,10.3,8.63,-0.001,0.001,-0.004,0.0,0.0,,,62.95
-2.0,2.9,0.0,0.0,-0.07,0.02,-0.07,-1.66,1.46,-1.0,0.4,10.163,9.378,9.192,10.016,10.79,8.83,9.81,10.3,-0.001,0.001,-0.004,0.0,-0.0,,,63.0
-2.1,3.9,0.0,0.0,-0.29,0.33,-0.14,0.53,-1.47,-1.0,0.4,8.829,10.242,10.134,9.692,9.42,10.5,10.1,10.1,-0.001,0.001,-0.004,0.0,-0.0,,,63.05
-2.0,7.3,0.0,0.0,0.16,-0.13,-0.16,0.82,0.38,-1.0,0.4,9.172,8.986,8.809,10.399,9.81,10.69,9.03,10.89,-0.001,0.001,-0.004,0.0,-0.0,,,63.1
-1.9,9.0,0.0,0.0,0.28,-0.06,-0.06,-1.08,-0.71,-1.0,0.4,9.398,9.947,9.751,9.31,10.5,9.03,9.42,9.91,-0.001,0.001,-0.004,0.0,-0.0,,,63.15
-2.0,9.4,0.0,-0.0,0.24,-0.29,0.03,0.03,-0.3,-1.0,0.4,9.545,9.722,10.212,10.428,8.83,11.18,9.22,9.71,-0.001,0.001,-0.004,0.0,0.0,,,63.2
-2.0,9.4,0.0,0.0,0.17,-0.21,-0.33,0.75,-0.59,-1.0,0.4,8.554,8.633,9.29,9.055,9.91,9.61,9.03,9.52,-0.001,0.001,-0.004,0.0,-0.0,,,63.25
-1.9,4.0,0.0,0.0,0.15,0.43,-0.07,-0.85,0.36,-1.0,0.4,12.056,8.751,8.672,10.663,11.48,8.53,9.22,10.69,-0.001,0.0,-0.004,0.0,-0.0,,,63.3
-2.1,1.1,0.0,0.0,0.48,-0.25,-0.06,0.17,-0.83,-1.0,0.4,10.497,8.888,8.623,10.448,10.59,9.22,8.24,10.5,-0.001,0.001,-0.004,0.0,-0.0,,,63.35
-2.1,1.1,0.0,0.0,-0.65,1.82,-0.19,1.29,-0.88,-1.0,0.4,10.094,10.977,9.584,9.172,11.38,7.75,8.73,11.67,-0.001,0.001,-0.004,0.0,-0.0,,,63.4
-1.9,1.1,0.0,-0.0,-0.29,0.2,0.21,-0.03,1.71,-1.0,0.4,9.329,9.565,10.771,10.516,8.83,10.5,10.69,8.83,-0.001,0.001,-0.004,0.0,0.0,,,63.45
-2.0,1.1,0.0,-0.0,-0.1,-0.36,0.1,0.7,-0.68,-1.0,0.4,7.995,9.741,10.703,9.476,10.2,11.09,10.79,9.71,-0.001,0.001,-0.004,0.0,0.0,,,63.5
-1.9,1.2,0.0,-0.0,0.09,-0.52,-0.15,-2.68,0.11,-1.0,0.4,9.555,7.505,9.839,9.408,8.93,9.52,10.69,8.04,-0.001,0.001,-0.004,0.0,0.0,,,63.55
-2.0,1.2,0.0,-0.0,-0.28,0.2,0.22,0.73,-0.07,-1.0,0.4,10.86,8.231,9.329,9.741,10.1,9.42,8.53,9.52,-0.001,0.001,-0.004,0.0,0.0,,,63.6
-2.1,1.2,0.0,-0.0,0.13,0.38,0.35,0.81,-0.17,-1.0,0.4,9.604,9.545,8.898,10.016,10.4,9.61,9.32,10.3,-0.001,0.001,-0.004,0.0,0.0,,,63.65
-2.0,1.2,0.0,-0.0,0.1,0.4,0.34,-0.36,0.52,-1.0,0.4,8.868,11.075,9.526,9.741,10.99,9.22,9.81,9.81,-0.001,0.001,-0.004,0.0,0.0,,,63.7
-2.0,1.2,0.0,-0.0,-0.25,-0.6,0.19,-1.17,-0.03,-1.0,0.4,8.8,10.251,10.183,9.457,8.44,10.59,10.4,10.1,-0.001,0.001,-0.004,0.0,0.0,,,63.75
-2.0,1.2,0.0,0.0,-0.17,0.4,-0.18,1.02,1.28,-1.0,0.4,11.105,9.339,9.977,9.692,10.89,9.12,10.69,9.32,-0.001,0.001,-0.004,0.0,-0.0,,,63.8
-2.1,1.2,0.0,-0.0,0.25,0.51,0.11,1.08,-0.42,-1.0,0.4,10.869,8.535,9.702,9.996,10.59,10.4,11.28,8.83,-0.001,0.001,-0.004,0.0,0.0,,,63.85
-2.0,1.4,0.0,0.0,-0.01,0.38,-0.2,1.63,0.41,-1.0,0.4,10.33,10.026,9.437,9.879,10.2,9.71,9.32,10.79,-0.001,0.001,-0.004,0.0,-0.0,,,63.9
-2.1,1.5,0.0,0.0,0.13,-0.49,-0.12,-0.67,-0.57,-1.0,0.4,11.468,8.28,10.104,9.898,9.52,9.71,9.52,10.1,-0.001,0.001,-0.004,0.0,-0.0,,,63.95
-2.0,1.6,0.0,-0.0,-0.18,0.42,-0.2,0.18,-0.98,-1.0,0.4,8.652,10.006,10.242,9.879,10.3,9.81,10.1,10.4,-0.001,0.001,-0.004,0.0,0.0,,,64.0
-2.0,1.7,0.0,-0.0,-0.68,0.67,0.1,0.5,0.21,-1.0,0.4,9.045,9.712,9.682,9.771,10.79,9.52,9.03,9.81,-0.001,0.001,-0.004,0.0,0.0,,,64.05
-2.0,1.8,0.0,0.0,-0.02,0.45,-0.06,0.96,0.89,-1.0,0.4,8.358,10.752,9.31,10.114,10.2,9.42,10.2,11.18,-0.001,0.001,-0.004,0.0,-0.0,,,64.1
-2.0,1.9,0.0,-0.0,0.31,-0.23,-0.06,-0.46,-0.74,-1.0,0.4,11.134,8.446,10.045,9.526,10.01,10.3,10.69,8.73,-0.001,0.001,-0.004,0.0,0.0,,,64.15
-2.0,2.0,0.0,0.0,-0.45,0.64,-0.26,-0.33,0.01,-1.0,0.4,8.574,11.183,10.114,9.79,10.01,9.81,9.91,10.01,-0.001,0.001,-0.004,0.0,-0.0,,,64.2
-2.0,2.0,0.0,-0.0,-0.11,0.23,-0.01,-0.11,-0.47,-1.0,0.4,10.467,8.417,10.006,10.016,9.71,10.3,10.99,9.42,-0.001,0.001,-0.004,0.0,0.0,,,64.25
-2.0,2.0,0.0,-0.0,-0.62,-0.16,0.2,0.04,0.68,-1.0,0.4,7.613,10.713,9.496,9.339,10.01,9.71,8.44,10.59,-0.001,0.001,-0.004,0.0,0.0,,,64.3
-2.0,2.0,0.0,-0.0,0.21,-0.04,-0.05,1.11,-1.07,-1.0,0.4,9.045,10.153,9.996,8.976,8.53,11.38,10.89,8.24,-0.001,0.001,-0.004,0.0,0.0,,,64.35
-2.0,2.1,0.0,0.0,-0.03,-0.27,-0.36,0.04,2.29,-1.0,0.4,10.291,10.006,9.928,9.947,10.3,10.1,10.3,9.71,-0.001,0.001,-0.004,0.0,-0.0,,,64.4
-2.0,2.2,0.0,-0.0,0.06,0.52,0.12,-1.06,-1.02,-1.0,0.4,7.956,10.919,10.565,9.996,9.12,11.18,11.48,9.22,-0.001,0.001,-0.004,0.0,0.0,,,64.45
-2.0,2.2,0.0,-0.0,-0.1,-0.05,0.23,-0.21,0.94,-1.0,0.4,7.907,11.507,10.193,9.123,8.93,10.3,10.5,9.32,-0.001,0.001,-0.004,0.0,0.0,,,64.5
-2.0,2.3,0.0,0.0,-0.43,0.37,0.06,-2.09,1.01,-1.0,0.4,8.858,10.977,10.124,10.183,10.2,9.81,10.01,9.12,-0.001,0.001,-0.004,0.0,-0.0,,,64.55
-2.0,2.3,0.0,-0.0,0.04,-0.06,0.07,1.07,0.21,-1.0,0.4,9.673,9.28,9.977,9.741,9.61,10.3,10.69,10.01,-0.001,0.001,-0.004,0.0,0.0,,,64.6
-2.0,2.4,0.0,-0.0,-0.06,0.3,0.13,-0.24,-1.01,-1.0,0.4,10.83,8.26,9.8,9.27,9.32,10.2,10.1,9.81,-0.001,0.001,-0.004,0.0,0.0,,,64.65
-2.0,2.4,0.0,0.0,-0.08,0.23,-0.02,-1.3,1.92,-1.0,0.4,8.858,10.428,9.967,9.898,10.2,11.09,10.5,8.04,-0.001,0.001,-0.004,0.0,-0.0,,,64.7
-2.0,2.4,0.0,-0.0,-0.12,-0.02,0.3,0.42,-0.99,-1.0,0.4,10.507,9.682,9.967,9.692,10.1,9.81,10.79,9.71,-0.001,0.001,-0.004,0.0,0.0,,,64.75
-2.0,2.4,0.0,-0.0,-0.46,0.1,0.19,0.44,0.02,-1.0,0.4,9.8,9.673,10.134,9.849,10.1,9.91,8.83,9.32,-0.001,0.001,-0.004,0.0,0.0,,,64.8
-2.0,2.4,0.0,-0.0,-0.26,0.6,0.17,0.02,0.05,-1.0,0.4,7.907,11.164,8.741,10.094,11.67,8.44,8.73,11.18,-0.001,0.001,-0.004,0.0,0.0,,,64.85
-2.0,2.5,0.0,0.0,0.47,0.07,0.07,0.52,0.97,-1.0,0.4,11.654,8.054,9.359,9.575,9.52,10.59,10.4,10.3,-0.001,0.001,-0.004,0.0,-0.0,,,64.9
-2.0,2.5,0.0,0.0,0.02,0.06,-0.17,-0.26,-0.59,-1.0,0.4,9.663,9.947,10.879,9.457,10.5,9.42,10.79,8.83,-0.001,0.001,-0.004,0.0,-0.0,,,64.95
-2.0,2.5,0.0,-0.0,-0.72,-0.03,0.22,0.12,0.52,-1.0,0.4,8.446,10.281,10.232,9.457,9.22,10.79,10.2,9.91,-0.001,0.001,-0.004,0.0,0.0,,,65.0
-2.0,2.5,0.0,-0.0,-0.03,0.65,0.22,0.37,-0.36,-1.0,0.4,7.995,11.144,9.643,9.79,9.91,9.32,10.1,9.91,-0.001,0.001,-0.004,0.0,0.0,,,65.05
-2.0,2.5,0.0,0.0,-0.07,-0.18,-0.04,0.53,0.6,-1.0,0.4,9.457,8.996,9.663,9.673,10.59,9.32,10.1,10.69,-0.001,0.001,-0.004,0.0,-0.0,,,65.1
-2.0,2.5,0.0,0.0,0.25,-0.19,-0.17,-0.42,-0.93,-1.0,0.4,10.673,9.545,9.329,10.144,10.3,9.91,9.81,8.34,-0.001,0.001,-0.004,0.0,-0.0,,,65.15
-2.0,2.6,0.0,-0.0,-0.23,0.36,0.14,0.86,0.09,-1.0,0.4,10.673,9.378,9.781,9.624,10.4,9.03,9.52,9.91,-0.001,0.001,-0.004,0.0,0.0,,,65.2
-2.0,2.6,0.0,-0.0,-0.01,0.62,0.11,-1.31,0.16,-1.0,0.4,7.426,11.821,9.486,10.31,10.01,10.01,8.53,10.2,-0.001,0.001,-0.004,0.0,0.0,,,65.25
-2.0,2.6,0.0,-0.0,0.31,-0.37,0.25,-0.99,0.56,-1.0,0.4,8.378,10.467,9.496,9.526,9.22,10.59,10.2,10.1,-0.001,0.001,-0.004,0.0,0.0,,,65.3
-2.0,2.6,0.0,-0.0,0.01,-0.42,0.07,-0.15,-1.21,-1.0,0.4,11.674,8.28,9.094,9.555,10.99,8.34,9.42,10.3,-0.001,0.001,-0.004,0.0,0.0,,,65.35
-2.0,2.6,0.0,0.0,0.16,0.75,-0.21,0.07,0.57,-1.0,0.4,11.38,7.701,9.849,10.33,10.99,9.03,9.03,8.93,-0.001,0.001,-0.004,0.0,-0.0,,,65.4
-2.0,2.6,0.0,0.0,0.2,0.05,-0.36,2.12,0.09,-1.0,0.4,10.124,10.742,9.3,9.741,9.22,10.5,10.69,9.32,-0.001,0.001,-0.004,0.0,-0.0,,,65.45
-2.0,2.6,0.0,0.0,-0.33,0.68,0.06,-0.79,-0.88,-1.0,0.4,9.506,9.516,8.996,9.408,10.99,9.42,9.32,9.91,-0.001,0.001,-0.004,0.0,-0.0,,,65.5
-2.0,2.6,0.0,0.0,0.05,-0.13,0.06,-0.89,1.58,-1.0,0.4,8.25,9.388,10.193,9.928,9.42,11.09,10.79,9.61,-0.001,0.001,-0.004,0.0,-0.0,,,65.55
-2.0,2.6,0.0,0.0,-0.19,0.42,-0.2,-0.36,-0.94,-1.0,0.4,9.378,8.858,10.055,9.624,10.89,8.34,9.32,10.3,-0.001,0.001,-0.004,0.0,-0.0,,,65.6
-2.0,2.6,0.0,-0.0,-0.25,0.4,0.06,-0.01,1.16,-1.0,0.4,10.624,10.075,9.879,9.408,9.81,9.32,10.5,9.12,-0.001,0.001,-0.004,0.0,0.0,,,65.65
-2.0,2.6,0.0,-0.0,-0.6,0.36,0.2,0.46,-0.26,-1.0,0.4,9.261,10.35,9.359,9.555,12.07,8.44,9.42,10.89,-0.001,0.001,-0.004,0.0,0.0,,,65.7
-2.0,2.6,0.0,-0.0,0.39,-0.14,0.15,0.81,0.56,-1.0,0.4,8.201,10.045,10.094,9.624,8.53,11.09,9.81,10.2,-0.001,0.001,-0.004,0.0,0.0,,,65.75
-2.1,2.6,0.0,0.0,-0.03,0.42,-0.14,0.1,-1.4,-1.0,0.4,9.869,10.467,9.476,9.055,10.79,8.24,9.52,11.09,-0.001,0.001,-0.004,0.0,-0.0,,,65.8
-1.9,2.6,0.0,-0.0,-0.36,0.24,0.16,0.01,1.53,-1.0,0.4,10.614,9.761,10.163,9.673,10.99,9.61,10.79,8.44,-0.001,0.001,-0.004,0.0,0.0,,,65.85
-2.0,2.6,0.0,0.0,-0.1,0.56,-0.02,1.49,0.39,-1.0,0.4,10.575,9.025,9.947,9.996,10.3,10.2,10.69,9.91,-0.001,0.001,-0.004,0.0,-0.0,,,65.9
-2.0,2.6,0.0,-0.0,-0.4,0.05,0.14,1.45,0.44,-1.0,0.4,11.468,8.682,9.633,10.33,10.59,9.32,9.32,9.61,-0.001,0.001,-0.004,0.0,0.0,,,65.95
-2.1,2.7,0.0,-0.0,0.54,-0.21,-0.33,-0.56,-0.61,-1.0,0.4,9.918,8.034,9.212,9.81,10.69,9.61,10.01,10.01,-0.001,0.001,-0.004,0.0,0.0,,,66.0
-2.0,2.6,0.0,-0.0,-0.44,0.63,0.01,-0.77,-0.08,-1.0,0.4,10.84,8.446,9.015,10.065,11.58,8.04,7.95,11.58,-0.001,0.001,-0.004,0.0,0.0,,,66.05
-2.1,2.6,0.0,-0.0,0.16,0.42,0.18,-0.42,0.4,-1.0,0.4,8.231,11.311,10.909,9.947,8.83,10.99,11.18,9.71,-0.001,0.001,-0.004,0.0,0.0,,,66.1
-2.0,2.6,0.0,-0.0,0.19,-0.64,0.25,0.03,-0.38,-1.0,0.4,7.73,9.3,9.918,9.457,8.73,10.4,10.4,9.61,-0.001,0.001,-0.004,0.0,0.0,,,66.15
-2.0,2.6,0.0,0.0,-0.24,0.31,-0.22,-1.73,0.01,-1.0,0.4,7.828,11.37,9.987,9.575,10.59,8.73,8.44,10.3,-0.001,0.001,-0.004,0.0,-0.0,,,66.2
-2.1,2.7,0.0,0.0,-0.12,0.35,-0.17,0.99,0.02,-1.0,0.4,8.868,9.967,9.398,9.476,9.91,9.42,10.69,11.18,-0.001,0.001,-0.004,0.0,-0.0,,,66.25
-2.0,2.6,0.0,0.0,0.14,0.49,-0.03,1.13,-0.13,-1.0,0.4,10.399,8.417,9.781,10.065,11.18,8.93,9.52,9.03,-0.001,0.001,-0.004,0.0,-0.0,,,66.3
-2.0,2.7,0.0,0.0,-0.03,0.21,-0.21,1.1,0.79,-1.0,0.4,12.684,7.907,9.074,9.947,11.18,9.52,10.4,9.71,-0.001,0.001,-0.004,0.0,-0.0,,,66.35
-2.0,2.6,0.0,0.0,0.13,0.19,-0.15,-0.62,-0.75,-1.0,0.4,10.32,9.82,9.398,10.163,10.59,9.12,8.83,10.1,-0.001,0.001,-0.004,0.0,-0.0,,,66.4
-2.0,2.6,0.0,0.0,-0.07,0.11,0.23,-0.79,-0.03,-1.0,0.4,6.72,13.077,9.388,9.555,9.42,10.01,9.32,11.48,-0.001,0.001,-0.004,0.0,-0.0,,,66.45
-2.0,2.7,0.0,0.0,0.02,-0.27,-0.09,-1.27,0.31,-1.0,0.4,8.083,9.761,10.359,10.045,8.34,10.69,9.91,9.32,-0.001,0.001,-0.004,0.0,-0.0,,,66.5
-2.0,2.7,0.0,-0.0,-0.11,0.62,-0.11,1.66,-0.11,-1.0,0.4,9.967,9.153,10.33,9.996,10.99,8.83,10.3,9.42,-0.001,0.001,-0.004,0.0,0.0,,,66.55
-2.0,2.6,0.0,-0.0,-0.08,0.63,0.23,1.55,0.16,-1.0,0.4,11.017,7.622,9.928,9.692,10.79,9.71,11.09,8.34,-0.001,0.001,-0.004,0.0,0.0,,,66.6
-2.0,2.6,0.0,-0.0,0.33,0.11,0.04,-0.2,0.23,-1.0,0.4,8.976,10.526,9.594,9.996,10.01,9.81,9.42,9.81,-0.001,0.001,-0.004,0.0,0.0,,,66.65
-2.0,2.6,0.0,-0.0,0.52,-1.06,0.39,-2.92,-0.4,-1.0,0.4,7.279,10.565,9.81,9.104,7.65,11.28,10.2,9.52,-0.001,0.001,-0.004,0.0,0.0,,,66.7
-2.0,2.6,0.0,-0.0,-0.18,0.16,0.09,-0.03,1.14,-1.0,0.4,9.79,9.879,10.153,9.771,11.09,8.63,9.91,10.69,-0.001,0.001,-0.004,0.0,0.0,,,66.75
-1.9,2.6,0.0,0.0,-0.17,0.56,-0.14,2.83,-0.09,-1.0,0.4,12.782,7.475,9.918,9.526,11.58,9.03,11.38,8.24,-0.001,0.001,-0.004,0.0,-0.0,,,66.8
-2.0,2.7,0.0,-0.0,0.35,0.41,0.08,0.05,0.48,-1.0,0.4,6.386,11.556,10.075,9.437,9.32,10.59,9.42,9.91,-0.001,0.001,-0.004,0.0,0.0,,,66.85
-2.0,2.7,0.0,-0.0,0.08,-0.41,0.41,-3.23,-0.95,-1.0,0.4,8.456,10.536,9.996,9.27,7.85,10.99,10.4,10.4,-0.001,0.001,-0.004,0.0,0.0,,,66.9
-2.0,2.7,0.0,-0.0,-0.21,0.54,0.07,-0.02,1.4,-1.0,0.4,11.537,8.574,10.134,10.016,11.77,8.63,9.81,8.63,-0.001,0.001,-0.004,0.0,0.0,,,66.95
-2.0,2.7,0.0,-0.0,-0.26,1.04,0.18,1.56,-0.51,-1.0,0.4,7.524,10.173,9.457,8.074,11.38,9.91,12.16,8.44,-0.001,0.001,-0.004,0.0,0.0,,,67.0
-2.1,2.7,0.0,-0.0,0.31,-0.69,0.3,-0.14,1.03,-1.0,0.4,7.23,11.958,9.094,9.359,7.55,12.07,8.93,11.48,-0.0,0.0,-0.004,0.0,0.0,,,67.05
-2.1,2.7,0.0,0.0,-0.13,1.16,-0.46,0.78,-0.92,-1.0,0.4,13.479,9.074,9.898,10.281,11.48,8.73,9.81,9.22,-0.0,0.001,-0.004,0.0,-0.0,,,67.1
-2.1,2.6,0.0,-0.0,-0.55,0.51,0.14,1.57,0.53,-1.0,0.4,7.554,10.35,9.702,9.143,10.89,9.81,11.28,8.53,-0.0,0.001,-0.004,0.0,0.0,,,67.15
-2.0,2.6,0.0,-0.0,-0.17,-0.28,0.15,-2.56,-0.7,-1.0,0.4,8.034,10.938,9.898,8.858,7.95,10.69,9.61,11.58,-0.001,0.001,-0.004,0.0,0.0,,,67.2
-2.0,2.7,0.0,-0.0,-0.11,-0.18,0.23,-0.27,0.88,-1.0,0.4,10.418,10.605,10.31,9.074,10.4,9.22,10.69,9.52,-0.001,0.001,-0.004,0.0,0.0,,,67.25
-2.0,2.6,0.0,0.0,0.05,1.12,-0.08,2.62,-0.3,-1.0,0.4,10.399,10.546,10.026,9.692,10.89,9.71,10.69,8.73,-0.0,0.001,-0.004,0.0,-0.0,,,67.3
-2.0,2.7,0.0,0.0,0.07,0.31,0.18,-0.49,0.61,-1.0,0.4,8.044,11.311,9.496,9.604,10.01,10.69,10.4,9.22,-0.0,0.001,-0.004,0.0,-0.0,,,67.35
-2.0,2.7,0.0,-0.0,-0.07,-0.43,0.23,-2.52,-0.83,-1.0,0.4,8.299,10.242,9.918,9.221,8.24,10.79,9.42,10.59,-0.0,0.001,-0.004,0.0,0.0,,,67.4
-2.0,2.6,0.0,-0.0,-0.31,0.79,-0.32,-0.16,-0.35,-1.0,0.4,10.605,9.006,9.849,10.31,11.09,8.34,10.01,10.69,-0.0,0.001,-0.004,0.0,0.0,,,67.45
-2.0,2.7,0.0,0.0,-0.2,0.68,0.11,2.7,0.81,-1.0,0.4,11.36,8.672,9.28,9.741,12.65,9.03,10.1,9.12,-0.001,0.001,-0.004,0.0,-0.0,,,67.5
-2.0,2.7,0.0,0.0,-0.0,-0.93,-0.2,-0.53,-0.66,-1.0,0.4,8.064,9.849,9.8,9.192,7.46,11.38,9.91,9.71,-0.001,0.001,-0.004,0.0,-0.0,,,67.55
-2.0,2.6,0.0,-0.0,0.44,0.05,0.12,-1.69,-0.01,-1.0,0.4,9.712,9.584,9.702,10.281,9.32,9.61,9.32,10.5,-0.0,0.001,-0.004,0.0,0.0,,,67.6
-2.0,2.6,0.0,-0.0,-0.11,0.43,0.45,1.99,-0.52,-1.0,0.4,11.282,8.623,9.496,10.065,12.56,8.14,9.52,9.42,-0.0,0.001,-0.004,0.0,0.0,,,67.65
-2.1,2.6,0.0,0.0,-0.09,-0.27,0.02,-0.6,-0.52,-1.0,0.4,7.348,10.644,9.378,9.898,9.32,10.4,8.83,11.28,-0.001,0.001,-0.004,0.0,-0.0,,,67.7
-2.0,2.7,0.0,0.0,-0.33,-0.16,0.0,-0.65,0.01,-1.0,0.4,9.565,9.29,9.918,9.006,9.52,9.32,9.42,10.2,-0.001,0.001,-0.004,0.0,-0.0,,,67.75
-2.0,2.6,0.0,-0.0,-0.35,0.87,-0.03,2.87,0.98,-1.0,0.4,12.037,8.79,9.869,10.497,13.15,7.65,9.81,9.71,-0.001,0.001,-0.004,0.0,0.0,,,67.8
-2.0,2.7,0.0,-0.0,0.32,0.02,-0.03,0.97,-0.83,-1.0,0.4,9.643,9.624,9.388,9.898,9.71,10.99,9.61,9.71,-0.001,0.001,-0.004,0.0,0.0,,,67.85
-2.1,2.7,0.0,0.0,-0.13,-0.03,0.07,-2.19,-0.77,-1.0,0.4,7.23,12.469,9.486,9.457,9.32,9.91,8.63,11.48,-0.001,0.001,-0.004,0.0,-0.0,,,67.9
-2.0,2.6,0.0,0.0,-0.45,-0.4,-0.11,-0.8,0.79,-1.0,0.4,8.966,10.428,9.781,9.643,9.52,10.5,10.1,9.22,-0.001,0.001,-0.004,0.0,-0.0,,,67.95
-2.0,2.7,0.0,-0.0,0.12,-0.01,-0.04,-2.62,-0.79,-1.0,0.4,11.586,8.211,9.81,9.526,10.59,9.32,11.28,10.2,-0.001,0.001,-0.004,0.0,0.0,,,68.0
-1.9,2.6,0.0,-0.0,-0.1,0.57,0.23,1.2,-0.06,-1.0,0.4,10.987,9.82,10.016,9.604,11.77,9.81,11.48,8.04,-0.001,0.001,-0.004,0.0,0.0,,,68.05
-2.0,2.6,0.0,-0.0,0.11,0.13,0.32,-0.83,0.69,-1.0,0.4,7.642,10.251,9.692,9.506,9.03,10.5,9.61,10.2,-0.001,0.001,-0.004,0.0,0.0,,,68.1
-2.1,2.6,0.0,-0.0,0.34,-0.9,-0.15,-2.63,-1.13,-1.0,0.4,8.132,10.614,9.781,10.261,8.93,9.91,9.22,10.1,-0.0,0.001,-0.004,0.0,0.0,,,68.15
-2.0,2.6,0.0,-0.0,-0.3,-0.16,0.36,-0.43,0.57,-1.0,0.4,8.692,10.075,10.183,9.476,10.5,9.03,9.81,10.3,-0.0,0.001,-0.004,0.0,0.0,,,68.2
-2.0,2.6,0.0,0.0,-0.5,0.91,-0.24,1.43,-0.46,-1.0,0.4,8.417,10.624,10.114,8.888,9.52,9.71,10.2,10.59,-0.0,0.001,-0.004,0.0,-0.0,,,68.25
-2.0,2.6,0.0,-0.0,0.02,0.66,0.21,0.01,0.91,-1.0,0.4,11.134,9.692,10.193,10.094,10.89,10.1,11.28,8.53,-0.001,0.001,-0.004,0.0,0.0,,,68.3
-2.0,2.6,0.0,-0.0,0.03,-0.2,0.24,0.1,-0.31,-1.0,0.4,10.418,8.907,8.976,9.555,11.58,8.93,10.1,9.91,-0.001,0.001,-0.004,0.0,0.0,,,68.35
-2.0,2.6,0.0,-0.0,0.17,-0.18,0.14,-1.37,-0.25,-1.0,0.4,9.418,10.153,9.594,9.692,9.42,9.81,8.24,10.69,-0.001,0.001,-0.004,0.0,0.0,,,68.4
-2.1,2.6,0.0,-0.0,-0.2,0.27,0.32,-1.62,-0.04,-1.0,0.4,9.055,11.174,10.045,9.643,10.79,9.32,9.91,10.2,-0.001,0.001,-0.004,0.0,0.0,,,68.45
-2.0,2.7,0.0,-0.0,-0.07,-0.02,0.26,-0.1,0.8,-1.0,0.4,7.446,9.584,9.977,9.359,9.52,10.3,8.83,10.01,-0.001,0.001,-0.004,0.0,0.0,,,68.5
-2.0,2.6,0.0,0.0,-0.07,0.48,-0.0,1.15,-0.27,-1.0,0.4,7.465,11.674,9.849,9.27,9.91,8.93,8.83,11.67,-0.001,0.001,-0.004,0.0,-0.0,,,68.55
-2.0,2.6,0.0,-0.0,-0.1,0.42,0.07,-0.86,0.23,-1.0,0.4,9.29,10.958,10.31,9.928,11.18,9.32,10.01,9.81,-0.001,0.001,-0.004,0.0,0.0,,,68.6
-2.0,2.7,0.0,0.0,0.02,0.31,-0.05,1.73,-0.37,-1.0,0.4,11.34,7.299,9.202,9.996,10.3,9.91,10.01,9.22,-0.001,0.001,-0.004,0.0,-0.0,,,68.65
-2.1,2.7,0.0,0.0,0.1,0.21,-0.01,0.04,0.41,-1.0,0.4,11.056,8.446,9.27,10.644,12.46,8.24,9.03,10.3,-0.0,0.001,-0.004,0.0,-0.0,,,68.7
-2.0,2.6,0.0,0.0,0.02,-0.37,-0.02,-0.87,-1.55,-1.0,0.4,10.114,8.957,8.858,10.183,9.61,10.3,9.12,10.59,-0.0,0.001,-0.004,0.0,-0.0,,,68.75
-2.0,2.6,0.0,0.0,0.04,-0.7,0.06,-0.99,0.36,-1.0,0.4,7.475,10.232,9.869,9.849,8.73,10.2,8.93,10.79,-0.0,0.001,-0.004,0.0,-0.0,,,68.8
-2.0,2.6,0.0,-0.0,-0.27,0.03,0.04,-0.89,0.14,-1.0,0.4,10.722,9.378,11.282,10.899,10.79,9.22,10.69,9.91,-0.0,0.001,-0.004,0.0,0.0,,,68.85
-2.1,2.6,0.0,-0.0,-0.31,0.67,0.36,1.98,1.01,-1.0,0.4,9.938,8.957,10.183,9.879,10.59,9.42,12.26,9.71,-0.0,0.001,-0.004,0.0,0.0,,,68.9
-2.1,2.6,0.0,0.0,-0.26,0.6,0.02,0.29,-1.06,-1.0,0.4,9.163,10.507,9.074,9.977,10.69,9.12,9.42,10.1,-0.0,0.0,-0.004,0.0,-0.0,,,68.95
-2.1,2.6,0.0,0.0,0.19,-1.4,0.36,-1.74,0.46,-1.0,0.4,6.367,11.213,10.193,9.604,7.16,11.48,8.44,10.99,-0.0,0.0,-0.004,0.0,-0.0,,,69.0
-2.0,2.6,0.0,-0.0,0.09,-0.23,0.22,-1.55,-0.29,-1.0,0.4,11.556,8.162,9.83,9.81,10.89,8.93,9.81,9.42,-0.001,0.001,-0.004,0.0,0.0,,,69.05
-2.0,2.6,0.0,-0.0,-0.19,0.58,-0.05,2.65,0.79,-1.0,0.4,9.771,9.879,10.261,9.879,11.77,9.22,11.18,9.32,-0.001,0.001,-0.004,0.0,0.0,,,69.1
-2.0,2.6,0.0,0.0,-0.17,0.49,-0.63,0.96,0.3,-1.0,0.4,9.82,9.575,9.339,9.771,9.91,10.1,9.61,10.99,-0.0,0.001,-0.004,0.0,-0.0,,,69.15
-2.0,2.6,0.0,0.0,0.13,0.32,0.04,-1.85,-0.0,-1.0,0.4,7.956,12.184,9.476,9.898,10.4,9.22,9.03,9.81,-0.0,0.001,-0.004,0.0,-0.0,,,69.2
-2.0,2.7,0.0,-0.0,0.34,-0.55,-0.02,-0.35,-1.08,-1.0,0.4,7.083,10.085,10.144,9.526,8.44,10.5,9.32,11.09,-0.0,0.001,-0.004,0.0,0.0,,,69.25
-2.0,2.7,0.0,-0.0,-0.04,0.41,0.39,0.36,1.11,-1.0,0.4,10.516,8.466,10.085,9.947,10.79,8.53,9.61,9.52,-0.001,0.001,-0.004,0.0,0.0,,,69.3
-2.0,2.6,0.0,0.0,-0.09,0.42,-0.2,2.25,-0.32,-1.0,0.4,11.174,8.937,9.526,10.045,9.91,9.52,10.99,9.42,-0.001,0.001,-0.004,0.0,-0.0,,,69.35
-2.0,2.6,0.0,-0.0,-0.07,0.6,0.19,0.38,0.36,-1.0,0.4,9.83,11.625,9.957,9.604,10.89,9.71,10.01,10.69,-0.001,0.001,-0.004,0.0,0.0,,,69.4
-2.0,2.6,0.0,-0.0,0.19,-0.51,0.07,-0.08,-0.55,-1.0,0.4,10.35,8.064,9.349,9.722,9.42,10.01,10.2,9.42,-0.001,0.001,-0.004,0.0,0.0,,,69.45
-2.0,2.6,0.0,-0.0,0.2,0.14,0.25,-1.39,-0.05,-1.0,0.4,8.427,10.251,9.594,10.232,10.59,9.03,8.14,9.71,-0.001,0.001,-0.004,0.0,0.0,,,69.5
-2.0,2.6,0.0,0.0,-0.53,0.06,0.08,-0.41,0.78,-1.0,0.4,7.495,11.811,9.79,9.555,9.32,10.69,9.81,10.79,-0.001,0.001,-0.004,0.0,-0.0,,,69.55
-2.0,2.6,0.0,0.0,-0.34,0.25,-0.28,0.83,-0.77,-1.0,0.4,8.868,10.389,9.947,9.673,8.83,10.2,10.3,10.59,-0.001,0.001,-0.004,0.0,-0.0,,,69.6
-2.0,2.6,0.0,-0.0,-0.2,0.48,0.37,1.34,0.54,-1.0,0.4,11.38,8.515,9.055,9.947,12.07,8.44,10.4,9.91,-0.001,0.001,-0.004,0.0,0.0,,,69.65
-2.0,2.6,0.0,0.0,0.14,0.39,-0.08,2.56,-0.36,-1.0,0.4,11.684,7.132,9.123,10.144,10.69,9.71,9.91,8.93,-0.001,0.001,-0.004,0.0,-0.0,,,69.7
-2.0,2.6,0.0,0.0,0.08,0.44,-0.09,-0.0,-0.56,-1.0,0.4,9.996,10.722,9.682,9.81,10.4,9.42,9.42,11.09,-0.001,0.001,-0.004,0.0,-0.0,,,69.75
-1.9,2.6,0.0,-0.0,0.15,-0.18,-0.11,-0.35,0.62,-1.0,0.4,10.85,8.986,8.966,9.506,10.79,10.1,10.69,9.61,-0.001,0.001,-0.004,0.0,0.0,,,69.8
-1.7,2.6,0.0,0.0,-0.09,0.08,-0.24,-0.07,-0.18,-1.0,0.4,9.702,9.427,9.79,9.771,10.3,10.01,8.44,9.22,-0.001,0.001,-0.004,0.0,-0.0,,,69.85
-1.6,2.6,0.0,-0.0,0.14,0.21,0.05,0.29,-0.43,-1.0,0.4,10.163,8.878,9.771,9.359,9.61,10.1,9.81,10.2,-0.001,0.001,-0.004,0.0,0.0,,,69.9
-1.6,2.6,0.0,-0.0,0.05,-0.14,-0.07,-0.23,0.42,-1.0,0.4,7.201,11.282,9.938,10.016,9.81,10.1,9.03,9.91,-0.001,0.001,-0.004,0.0,0.0,,,69.95
-1.6,2.6,0.0,0.0,-0.02,0.23,-0.24,-1.0,-0.52,-1.0,0.4,7.985,10.379,9.418,9.849,8.34,11.09,9.61,10.3,-0.001,0.001,-0.004,0.0,-0.0,,,70.0
-1.5,2.6,0.0,-0.0,-0.09,0.15,0.07,-0.76,0.42,-1.0,0.4,8.957,9.221,9.918,9.849,10.01,9.91,10.01,9.12,-0.001,0.001,-0.004,0.0,0.0,,,70.05
-1.6,2.6,0.0,0.0,-0.11,0.4,0.18,0.47,-0.59,-1.0,0.4,9.427,10.124,9.614,9.359,9.91,9.42,10.1,10.1,-0.001,0.001,-0.004,0.0,-0.0,,,70.1
-1.6,2.6,0.0,0.0,-0.18,0.03,0.02,-0.36,0.39,-1.0,0.4,8.829,10.438,9.673,10.144,10.5,9.71,9.42,10.69,-0.001,0.001,-0.004,0.0,-0.0,,,70.15
-1.6,2.6,0.0,-0.0,-0.02,-0.14,0.21,-0.26,-0.03,-1.0,0.4,8.849,9.153,9.682,9.526,10.59,9.42,10.1,10.01,-0.001,0.001,-0.004,0.0,0.0,,,70.2
-1.6,2.6,0.0,-0.0,0.09,0.23,0.1,-0.24,-0.19,-1.0,0.4,10.31,9.928,9.81,9.81,10.4,9.22,9.81,9.81,-0.001,0.001,-0.004,0.0,0.0,,,70.25
-1.6,2.6,0.0,-0.0,-0.05,-0.04,0.18,1.17,0.02,-1.0,0.4,10.036,8.986,9.408,10.163,10.5,9.81,10.4,10.3,-0.001,0.001,-0.004,0.0,0.0,,,70.3
-1.6,2.6,0.0,0.0,-0.16,0.28,-0.0,-1.27,-0.17,-1.0,0.4,8.221,9.908,9.938,9.692,10.59,8.63,9.03,10.59,-0.001,0.001,-0.004,0.0,-0.0,,,70.35
-1.6,2.6,0.0,-0.0,-0.26,0.78,-0.02,1.19,-0.48,-1.0,0.4,10.281,9.81,9.447,9.006,10.89,8.93,10.3,10.01,-0.001,0.001,-0.004,0.0,0.0,,,70.4
-1.7,2.6,0.0,-0.0,-0.01,-0.03,-0.1,0.45,1.15,-1.0,0.4,8.633,10.193,10.026,9.928,10.1,10.1,10.79,9.22,-0.001,0.001,-0.004,0.0,0.0,,,70.45
-1.6,2.6,0.0,-0.0,0.02,0.02,-0.02,0.06,-0.93,-1.0,0.4,7.956,9.849,9.839,10.045,9.91,10.01,10.4,10.59,-0.001,0.001,-0.004,0.0,0.0,,,70.5
-1.6,2.6,0.0,-0.0,-0.22,0.21,0.2,-0.18,0.57,-1.0,0.4,7.426,11.36,10.35,10.212,9.12,10.2,10.4,9.91,-0.001,0.001,-0.004,0.0,0.0,,,70.55
-1.6,2.6,0.0,0.0,-0.3,0.22,0.1,0.14,0.67,-1.0,0.4,8.662,9.879,9.653,9.506,10.99,9.42,9.81,10.3,-0.001,0.001,-0.004,0.0,-0.0,,,70.6
-1.6,2.6,0.0,0.0,-0.15,0.36,-0.06,0.07,-0.11,-1.0,0.4,9.369,9.702,9.682,9.947,10.59,9.03,10.2,10.5,-0.001,0.001,-0.004,0.0,-0.0,,,70.65
-1.6,2.6,0.0,-0.0,0.12,-0.04,-0.07,-0.68,0.59,-1.0,0.4,11.223,9.074,9.084,9.408,10.01,10.3,9.81,8.34,-0.001,0.001,-0.004,0.0,0.0,,,70.7
-1.6,2.6,0.0,-0.0,0.41,-0.22,0.05,1.43,0.03,-1.0,0.4,11.546,8.172,9.584,9.771,9.12,11.09,11.38,8.14,-0.001,0.001,-0.004,0.0,0.0,,,70.75
-1.6,2.6,0.0,0.0,-0.23,0.33,-0.12,-0.78,0.49,-1.0,0.4,10.232,9.8,9.81,10.261,11.18,9.52,9.12,10.5,-0.001,0.001,-0.004,0.0,-0.0,,,70.8
-1.7,2.6,0.0,-0.0,-0.0,0.03,0.07,0.75,0.01,-1.0,0.4,11.232,8.093,10.153,9.741,9.22,10.59,10.2,9.81,-0.001,0.001,-0.004,0.0,0.0,,,70.85
-1.7,2.6,0.0,-0.0,0.31,0.53,-0.07,0.98,-1.13,-1.0,0.4,9.535,8.476,9.702,9.104,10.59,8.83,9.91,10.3,-0.001,0.001,-0.004,0.0,0.0,,,70.9
-1.9,2.6,0.0,-0.0,-0.4,0.37,0.18,0.28,0.97,-1.0,0.4,7.603,10.82,10.752,10.144,9.32,10.2,10.5,9.32,-0.001,0.001,-0.004,0.0,0.0,,,70.95
-1.9,2.7,0.0,-0.0,-0.35,0.44,-0.04,0.23,0.76,-1.0,0.4,8.643,10.693,9.751,9.457,10.69,9.52,10.59,10.4,-0.001,0.001,-0.004,0.0,0.0,,,71.0
-1.9,2.7,0.0,-0.0,0.12,0.17,-0.05,-0.41,-0.31,-1.0,0.4,9.594,10.026,9.535,9.81,10.2,9.61,10.1,10.59,-0.001,0.001,-0.004,0.0,0.0,,,71.05
-1.9,2.7,0.0,-0.0,0.47,-0.24,0.23,-1.12,0.38,-1.0,0.4,10.752,9.457,9.339,8.927,9.91,10.2,10.59,8.44,-0.001,0.001,-0.004,0.0,0.0,,,71.1
-1.9,2.7,0.0,-0.0,0.06,-0.32,-0.0,1.0,0.42,-1.0,0.4,9.859,10.487,9.781,10.144,9.32,10.79,10.59,7.95,-0.001,0.001,-0.004,0.0,0.0,,,71.15
-1.9,2.7,0.0,-0.0,-0.36,0.86,0.15,-0.17,0.21,-1.0,0.4,10.173,9.82,9.888,9.879,10.69,9.32,11.28,9.81,-0.001,0.001,-0.004,0.0,0.0,,,71.2
-1.9,2.7,0.0,-0.0,-0.1,0.26,0.21,-0.33,0.19,-1.0,0.4,9.771,9.212,10.045,9.977,10.3,9.91,10.5,9.22,-0.001,0.001,-0.004,0.0,0.0,,,71.25
-1.9,2.8,0.0,-0.0,0.41,0.02,0.15,-0.27,-1.55,-1.0,0.4,7.799,11.517,9.614,9.192,9.61,9.42,9.71,9.81,-0.001,0.001,-0.004,0.0,0.0,,,71.3
-1.9,3.1,0.0,-0.0,0.05,0.28,0.03,-1.06,1.2,-1.0,0.4,5.808,12.714,9.888,9.741,9.81,10.3,9.03,9.71,-0.001,0.001,-0.004,0.0,0.0,,,71.35
-1.9,3.5,0.0,-0.0,-0.61,-0.52,0.3,-0.4,1.74,-1.0,0.4,9.015,9.898,9.32,10.516,9.61,10.79,11.09,9.71,-0.001,0.001,-0.004,0.0,0.0,,,71.4
-2.0,3.6,0.0,0.0,-0.03,0.29,-0.26,-0.38,-1.65,-1.0,0.4,8.731,10.153,9.82,9.555,11.38,8.44,9.61,11.38,-0.001,0.001,-0.004,0.0,-0.0,,,71.45
-1.9,3.8,0.0,-0.0,0.4,0.0,0.22,-0.45,-0.56,-1.0,0.4,6.661,11.066,9.673,9.408,8.34,10.59,7.75,9.42,-0.001,0.001,-0.004,0.0,0.0,,,71.5
-1.9,4.0,0.0,-0.0,-0.35,-0.23,0.28,-0.96,0.75,-1.0,0.4,8.044,10.968,9.27,9.506,10.59,9.52,8.24,11.48,-0.001,0.001,-0.004,0.0,0.0,,,71.55
-1.9,4.2,0.0,0.0,-0.12,-0.08,0.09,0.74,0.59,-1.0,0.4,11.468,7.907,9.83,10.045,9.42,10.89,10.4,9.81,-0.001,0.001,-0.004,0.0,-0.0,,,71.6
-1.9,4.2,0.0,-0.0,0.05,0.9,0.2,0.4,-0.73,-1.0,0.4,8.79,11.007,9.261,10.31,12.85,7.75,8.53,11.38,-0.001,0.0,-0.004,0.0,0.0,,,71.65
-1.9,4.3,0.0,-0.0,0.16,0.23,-0.02,-0.96,-0.01,-1.0,0.4,12.9,7.063,8.613,9.221,8.83,10.4,9.71,10.59,-0.001,0.001,-0.004,0.0,0.0,,,71.7
-2.0,4.3,0.0,-0.0,0.15,-0.28,0.31,0.22,0.58,-1.0,0.4,7.995,11.242,10.261,9.359,9.52,9.61,10.01,9.03,-0.001,0.001,-0.004,0.0,0.0,,,71.75
-2.0,4.3,0.0,0.0,-0.13,-0.58,-0.27,-1.58,0.44,-1.0,0.4,5.239,11.458,9.516,9.928,9.91,10.89,9.42,9.03,-0.001,0.001,-0.004,0.0,-0.0,,,71.8
-1.9,4.3,0.0,0.0,-0.05,-0.61,0.07,-0.76,-0.82,-1.0,0.4,7.112,9.437,9.761,8.574,9.52,9.61,9.03,10.99,-0.001,0.001,-0.004,0.0,-0.0,,,71.85
-1.7,4.3,0.0,-0.0,0.59,0.27,0.04,-1.76,0.53,-1.0,0.4,12.547,7.161,8.741,9.074,10.89,8.04,9.52,9.81,-0.001,0.001,-0.004,0.0,0.0,,,71.9
-2.0,4.3,0.0,0.0,-0.27,0.04,0.29,1.35,-0.32,-1.0,0.4,9.898,9.859,9.163,9.879,10.3,10.2,9.12,11.28,-0.001,0.001,-0.004,0.0,-0.0,,,71.95
-1.9,4.1,0.0,0.0,0.6,-0.1,-0.43,2.51,0.17,-1.0,0.4,8.917,9.457,9.359,9.339,10.89,10.5,9.22,11.09,-0.001,0.001,-0.004,0.0,-0.0,,,72.0
-2.0,3.9,0.0,-0.0,-1.51,0.36,0.16,-1.02,-0.87,-1.0,0.4,8.927,12.4,9.496,9.506,10.3,9.32,9.03,10.89,-0.001,0.001,-0.004,0.0,0.0,,,72.05
-1.9,3.7,0.0,-0.0,0.15,-0.38,0.24,1.37,0.68,-1.0,0.4,9.938,7.868,10.271,9.624,8.24,11.67,11.28,8.73,-0.001,0.001,-0.004,0.0,0.0,,,72.1
-1.9,3.4,0.0,-0.0,0.75,-0.57,0.16,-0.33,-0.52,-1.0,0.4,9.908,7.877,9.506,9.408,9.91,10.1,8.73,10.2,-0.001,0.001,-0.004,0.0,0.0,,,72.15
-2.0,2.7,0.0,-0.0,0.17,-0.35,0.28,-0.65,0.46,-1.0,0.4,8.495,9.918,8.77,8.976,10.69,8.73,10.3,10.59,-0.001,0.001,-0.004,0.0,0.0,,,72.2
-1.9,2.0,0.0,-0.0,0.28,-0.66,0.08,-0.11,0.1,-1.0,0.4,9.624,8.123,9.732,9.996,10.69,9.32,9.42,9.22,-0.001,0.001,-0.004,0.0,0.0,,,72.25
-2.0,1.7,0.0,0.0,-0.23,0.47,-0.09,-0.37,-1.66,-1.0,0.4,12.292,7.171,8.623,9.172,11.67,7.46,9.61,11.67,-0.001,0.001,-0.004,0.0,-0.0,,,72.3
-2.0,1.5,0.0,-0.0,0.34,-0.46,0.25,1.38,1.09,-1.0,0.4,8.456,8.986,10.801,10.35,9.52,10.4,10.01,8.93,-0.001,0.001,-0.004,0.0,0.0,,,72.35
-1.9,1.1,0.0,-0.0,-0.62,0.03,0.18,-0.22,-1.17,-1.0,0.4,8.554,11.743,9.761,9.025,10.01,10.4,10.4,11.48,-0.001,0.001,-0.004,0.0,0.0,,,72.4
-1.9,1.2,0.0,-0.0,-0.31,-0.48,0.26,-3.23,1.07,-1.0,0.4,8.26,7.995,10.575,10.261,8.63,10.01,10.4,7.46,-0.001,0.001,-0.004,0.0,0.0,,,72.45
-1.9,1.2,0.0,-0.0,-0.19,0.41,0.16,1.99,0.15,-1.0,0.4,10.82,9.172,9.378,9.79,10.1,9.71,10.3,10.59,-0.001,0.001,-0.004,0.0,0.0,,,72.5
-1.9,1.2,0.0,-0.0,-0.08,0.48,0.22,1.42,-0.7,-1.0,0.4,10.585,9.29,9.947,10.448,9.61,9.52,9.71,10.79,-0.001,0.001,-0.004,0.0,0.0,,,72.55
-2.0,1.2,0.0,-0.0,0.16,-0.27,0.37,-1.72,-0.46,-1.0,0.4,8.554,9.32,9.879,9.526,9.71,9.91,9.12,11.18,-0.001,0.001,-0.004,0.0,0.0,,,72.6
-1.9,1.2,0.0,-0.0,0.17,0.31,0.2,-0.74,0.17,-1.0,0.4,9.378,10.193,9.526,9.575,10.89,8.73,9.61,9.03,-0.001,0.001,-0.004,0.0,0.0,,,72.65
-1.9,1.2,0.0,-0.0,-0.31,-0.37,0.23,-0.47,0.51,-1.0,0.4,8.113,10.536,9.849,9.359,8.44,11.38,10.2,10.4,-0.001,0.001,-0.004,0.0,0.0,,,72.7
-2.0,1.2,0.0,-0.0,-0.29,0.17,-0.06,0.53,1.14,-1.0,0.4,10.673,9.888,9.565,9.457,10.3,9.71,10.79,9.61,-0.001,0.001,-0.004,0.0,0.0,,,72.75
-1.9,1.2,0.0,-0.0,0.07,0.57,0.27,1.87,-1.53,-1.0,0.4,10.654,9.457,9.516,9.526,11.77,9.32,9.32,9.61,-0.001,0.001,-0.004,0.0,0.0,,,72.8
-2.0,1.2,0.0,-0.0,0.36,-0.21,0.3,-1.19,1.3,-1.0,0.4,8.711,9.692,9.663,9.555,9.22,10.89,9.22,9.22,-0.001,0.001,-0.004,0.0,0.0,,,72.85
-1.9,1.2,0.0,-0.0,0.07,-0.34,0.04,-0.8,-1.15,-1.0,0.4,10.212,9.496,9.682,9.771,10.59,9.91,10.5,9.42,-0.001,0.001,-0.004,0.0,0.0,,,72.9
-1.9,1.3,0.0,-0.0,0.04,-0.22,0.01,0.51,0.64,-1.0,0.4,10.654,9.545,9.879,10.379,9.32,10.1,9.61,8.53,-0.001,0.001,-0.004,0.0,0.0,,,72.95
-2.0,1.4,0.0,-0.0,-0.28,0.6,0.25,1.63,-1.1,-1.0,0.4,9.918,9.28,9.673,9.476,10.5,9.22,10.4,10.69,-0.001,0.001,-0.004,0.0,0.0,,,73.0
-2.0,1.4,0.0,-0.0,0.0,0.72,-0.0,-0.88,0.27,-1.0,0.4,8.456,9.241,9.359,9.898,10.01,9.22,8.73,10.3,-0.001,0.001,-0.004,0.0,0.0,,,73.05
-2.0,1.4,0.0,0.0,0.23,-0.26,-0.03,-0.63,0.55,-1.0,0.4,10.173,9.123,9.27,9.947,10.01,9.71,10.3,10.2,-0.001,0.001,-0.004,0.0,-0.0,,,73.1
-2.0,1.4,0.0,-0.0,-0.08,-0.3,0.44,0.91,-0.97,-1.0,0.4,10.958,8.182,9.839,9.996,9.91,10.2,9.91,9.32,-0.001,0.001,-0.004,0.0,0.0,,,73.15
-2.0,1.4,0.0,-0.0,-0.19,-0.15,0.4,0.2,0.56,-1.0,0.4,9.663,9.084,9.486,9.977,10.99,9.12,9.03,10.89,-0.001,0.001,-0.004,0.0,0.0,,,73.2
-2.0,1.4,0.0,0.0,0.3,0.63,0.14,0.82,-1.19,-1.0,0.4,10.457,10.634,9.741,9.692,9.81,9.61,9.32,10.2,-0.001,0.001,-0.004,0.0,-0.0,,,73.25
-2.0,1.3,0.0,-0.0,-0.35,-0.62,0.22,0.98,1.1,-1.0,0.4,9.938,10.222,8.976,9.977,11.58,9.12,9.03,10.2,-0.001,0.001,-0.004,0.0,0.0,,,73.3
-2.0,1.4,0.0,-0.0,-0.47,0.3,0.1,1.29,-1.99,-1.0,0.4,11.223,9.28,8.751,8.976,11.48,8.04,9.32,11.28,-0.001,0.001,-0.004,0.0,0.0,,,73.35
-2.0,1.4,0.0,0.0,0.52,0.11,-0.25,1.76,0.54,-1.0,0.4,11.193,7.877,10.791,9.29,8.93,9.71,9.81,9.81,-0.001,0.001,-0.004,0.0,-0.0,,,73.4
-2.0,1.5,0.0,-0.0,-0.24,0.57,0.09,-1.58,0.91,-1.0,0.4,10.968,10.006,9.771,10.428,12.65,8.14,9.12,9.22,-0.001,0.001,-0.004,0.0,0.0,,,73.45
-1.9,2.8,0.0,0.0,-0.05,0.02,0.14,1.84,-0.22,-1.0,0.4,11.674,7.524,9.624,9.506,8.53,11.48,11.38,8.53,-0.001,0.001,-0.004,0.0,-0.0,,,73.5
-1.9,5.6,0.0,-0.0,-0.29,0.07,0.25,-0.55,-0.66,-1.0,0.4,11.556,8.172,9.212,10.163,11.18,8.34,9.42,10.4,-0.001,0.001,-0.004,0.0,0.0,,,73.55
-2.0,7.1,0.0,-0.0,-0.29,0.77,0.06,0.2,0.2,-1.0,0.4,11.684,7.554,9.378,10.183,11.18,8.83,9.81,9.03,-0.001,0.001,-0.004,0.0,0.0,,,73.6
-1.9,7.2,0.0,0.0,-0.19,0.3,-0.13,2.85,-0.08,-1.0,0.4,12.41,8.162,8.829,10.183,10.59,9.42,10.4,9.91,-0.001,0.001,-0.004,0.0,-0.0,,,73.65
-1.9,5.9,0.0,-0.0,0.15,0.54,0.22,0.58,0.06,-1.0,0.4,10.369,9.879,10.055,9.506,10.1,10.2,9.42,8.34,-0.001,0.001,-0.004,0.0,0.0,,,73.7
-2.0,2.1,0.0,-0.0,-0.04,-0.68,0.26,0.92,-0.3,-1.0,0.4,8.064,9.339,9.535,9.055,7.95,11.48,10.5,10.89,-0.001,0.0,-0.004,0.0,0.0,,,73.75
-2.0,2.0,0.0,0.0,-0.45,0.41,-0.24,-1.17,0.8,-1.0,0.4,8.986,10.379,10.026,9.604,10.69,9.61,9.81,7.55,-0.001,0.001,-0.004,0.0,-0.0,,,73.8
-1.9,4.9,0.0,0.0,-0.48,0.86,-0.43,1.43,-0.1,-1.0,0.4,11.242,8.397,8.623,10.614,10.69,10.1,9.61,10.1,-0.001,0.001,-0.004,0.0,-0.0,,,73.85
-1.9,8.2,0.0,-0.0,0.03,0.35,0.06,1.05,-0.54,-1.0,0.4,9.084,10.713,10.683,9.624,11.38,8.63,10.1,10.59,-0.001,0.0,-0.004,0.0,0.0,,,73.9
-2.0,8.5,0.0,0.0,0.04,-0.45,-0.13,-0.6,-0.12,-1.0,0.4,7.76,11.075,9.31,10.546,10.2,9.52,8.34,10.89,-0.0,0.0,-0.004,0.0,-0.0,,,73.95
-1.9,8.3,0.0,0.0,0.28,0.09,-0.07,-0.1,-0.1,-1.0,0.4,11.821,7.593,9.918,10.065,8.83,10.79,10.2,9.91,-0.0,0.0,-0.004,0.0,-0.0,,,74.0
-1.9,5.0,0.0,0.0,0.1,0.59,-0.44,0.84,-0.48,-1.0,0.4,10.536,7.23,9.055,9.722,10.2,8.83,10.01,8.44,-0.0,0.0,-0.004,0.0,-0.0,,,74.05
-1.9,1.3,0.0,-0.0,0.59,0.12,0.07,0.9,0.58,-1.0,0.4,9.025,12.635,8.672,8.976,7.95,12.85,9.81,9.22,-0.0,0.0,-0.004,0.0,0.0,,,74.1
-2.1,1.1,0.0,0.0,-0.1,0.35,-0.05,0.24,-1.29,-1.0,0.4,8.907,9.751,10.438,9.506,11.58,8.73,10.5,10.1,-0.001,0.001,-0.004,0.0,-0.0,,,74.15
-1.9,1.1,0.0,-0.0,-0.14,0.65,0.2,-1.54,0.87,-1.0,0.4,10.869,10.507,8.78,9.339,9.12,10.5,9.42,8.83,-0.001,0.001,-0.004,0.0,0.0,,,74.2
-1.9,1.2,0.0,-0.0,-0.14,-0.04,-0.1,1.23,-0.62,-1.0,0.4,9.427,7.102,9.908,10.212,10.89,9.22,11.09,10.5,-0.001,0.001,-0.004,0.0,0.0,,,74.25
-2.0,1.2,0.0,0.0,-0.05,0.25,-0.18,1.66,-0.89,-1.0,0.4,10.026,10.977,9.094,9.898,10.2,8.73,9.81,10.99,-0.001,0.001,-0.004,0.0,-0.0,,,74.3
-2.1,1.2,0.0,0.0,-0.44,-0.2,0.01,-1.74,-0.11,-1.0,0.4,7.348,11.075,9.359,10.428,10.4,9.52,6.38,9.03,-0.001,0.001,-0.004,0.0,-0.0,,,74.35
-2.0,1.4,0.0,-0.0,-0.11,0.2,-0.28,-1.58,0.37,-1.0,0.4,7.21,11.556,9.133,10.016,10.89,9.61,9.12,10.4,-0.001,0.001,-0.004,0.0,0.0,,,74.4
-2.0,1.5,0.0,-0.0,0.02,0.34,-0.24,0.64,0.08,-1.0,0.4,10.222,9.908,9.437,10.065,10.3,9.81,10.89,10.5,-0.001,0.001,-0.004,0.0,0.0,,,74.45
-2.0,1.4,0.0,-0.0,0.02,0.13,0.25,0.25,0.1,-1.0,0.4,10.418,8.505,9.702,9.192,8.53,11.09,10.01,9.81,-0.001,0.001,-0.004,0.0,0.0,,,74.5
-1.9,1.5,0.0,0.0,0.13,-0.01,-0.12,0.68,0.59,-1.0,0.4,9.565,11.007,9.722,9.722,11.18,9.22,9.61,8.34,-0.001,0.001,-0.004,0.0,-0.0,,,74.55
-2.0,2.0,0.0,-0.0,-0.39,-0.47,0.1,-0.66,-0.55,-1.0,0.4,8.044,10.771,10.036,9.457,8.04,11.58,11.09,10.3,-0.001,0.001,-0.004,0.0,0.0,,,74.6
-2.0,3.3,0.0,-0.0,-0.23,0.33,0.22,0.34,0.01,-1.0,0.4,11.056,9.408,9.8,9.575,11.38,8.73,9.42,9.52,-0.001,0.001,-0.004,0.0,0.0,,,74.65
-2.0,5.1,0.0,-0.0,-0.12,0.47,0.4,1.42,0.19,-1.0,0.4,9.457,9.996,9.83,9.31,10.5,9.91,10.2,9.81,-0.001,0.001,-0.004,0.0,0.0,,,74.7
-2.0,6.0,0.0,0.0,-0.21,-0.16,-0.13,-1.78,0.45,-1.0,0.4,6.553,13.136,9.908,9.31,8.34,11.77,10.79,9.03,-0.001,0.001,-0.004,0.0,-0.0,,,74.75
-1.9,6.4,0.0,-0.0,0.12,-0.06,0.37,-1.21,-0.76,-1.0,0.4,10.438,9.751,9.761,9.29,8.93,11.28,9.42,9.52,-0.001,0.001,-0.004,0.0,0.0,,,74.8
-2.0,5.9,0.0,-0.0,-0.02,-0.28,0.12,-0.02,0.25,-1.0,0.4,9.888,8.652,10.408,9.29,10.1,9.32,10.2,9.32,-0.001,0.001,-0.004,0.0,0.0,,,74.85
-2.0,2.3,0.0,-0.0,0.21,-0.41,0.58,-0.81,0.36,-1.0,0.4,7.868,9.82,8.917,9.81,9.42,11.28,10.1,8.04,-0.001,0.001,-0.004,0.0,0.0,,,74.9
-2.0,1.2,0.0,0.0,0.43,-0.14,-0.11,-0.92,-0.2,-1.0,0.4,8.368,8.701,10.359,10.065,10.2,9.81,9.03,11.38,-0.001,0.001,-0.004,0.0,-0.0,,,74.95
-1.9,1.2,0.0,0.0,0.27,-0.01,-0.05,-2.05,0.85,-1.0,0.4,11.174,8.093,9.241,9.722,10.59,9.03,10.2,10.01,-0.001,0.001,-0.004,0.0,-0.0,,,75.0
-2.0,1.1,0.0,0.0,-0.12,0.14,-0.33,-1.96,0.46,-1.0,0.4,10.801,10.644,9.79,10.016,10.79,9.81,9.52,9.03,-0.001,0.001,-0.004,0.0,-0.0,,,75.05
-2.0,1.0,0.0,-0.0,-0.41,0.66,0.25,-0.08,0.54,-1.0,0.4,8.701,11.605,9.8,9.604,10.01,10.3,10.1,9.71,-0.001,0.001,-0.004,0.0,0.0,,,75.1
-1.9,1.1,0.0,0.0,-0.36,0.68,-0.03,1.16,0.4,-1.0,0.4,10.271,10.526,9.369,9.575,9.81,10.2,10.79,9.52,-0.001,0.001,-0.004,0.0,-0.0,,,75.15
-2.0,1.2,0.0,0.0,-0.33,-0.19,-0.15,0.32,-0.03,-1.0,0.4,9.398,8.741,10.232,9.575,8.93,10.5,10.5,9.52,-0.001,0.001,-0.004,0.0,-0.0,,,75.2
-2.0,1.2,0.0,-0.0,0.16,0.42,-0.08,0.2,0.47,-1.0,0.4,10.173,9.781,9.888,9.81,11.28,9.12,10.01,9.12,-0.001,0.001,-0.004,0.0,0.0,,,75.25
-2.0,1.5,0.0,-0.0,0.1,0.27,0.29,-0.8,-0.59,-1.0,0.4,7.985,11.232,9.879,9.437,9.22,10.69,9.81,9.61,-0.001,0.001,-0.004,0.0,0.0,,,75.3
-2.0,1.7,0.0,0.0,0.02,-0.2,-0.14,-1.36,0.12,-1.0,0.4,8.545,9.633,10.477,9.692,9.32,10.69,10.1,9.91,-0.001,0.001,-0.004,0.0,-0.0,,,75.35
-2.0,1.9,0.0,-0.0,-0.05,0.45,-0.16,1.55,-0.66,-1.0,0.4,9.859,9.888,9.8,9.624,10.99,8.14,9.71,10.59,-0.001,0.001,-0.004,0.0,0.0,,,75.4
-2.0,2.0,0.0,-0.0,-0.06,0.45,0.41,0.63,0.52,-1.0,0.4,9.977,9.113,9.526,10.016,9.71,10.5,10.79,9.61,-0.001,0.001,-0.004,0.0,0.0,,,75.45
-2.1,2.1,0.0,0.0,0.27,0.15,-0.05,-0.8,-0.67,-1.0,0.4,8.682,10.614,9.751,9.408,10.5,9.03,9.81,10.5,-0.001,0.001,-0.004,0.0,-0.0,,,75.5
-2.0,2.1,0.0,0.0,0.11,-0.23,0.38,0.85,0.03,-1.0,0.4,10.202,9.898,10.085,9.339,9.71,9.22,9.52,10.59,-0.001,0.001,-0.004,0.0,-0.0,,,75.55
-2.1,2.1,0.0,-0.0,0.05,0.18,0.58,-0.1,-0.38,-1.0,0.4,8.201,11.429,9.771,9.241,10.79,9.12,9.03,10.89,-0.001,0.001,-0.004,0.0,0.0,,,75.6
-2.0,2.0,0.0,0.0,0.08,0.05,-0.27,0.72,1.11,-1.0,0.4,8.662,10.183,9.918,9.388,9.91,9.81,9.32,8.93,-0.001,0.001,-0.004,0.0,-0.0,,,75.65
-2.1,1.7,0.0,0.0,0.17,0.03,-0.12,-0.06,-0.47,-1.0,0.4,9.888,8.917,9.653,9.79,10.5,9.12,9.32,11.09,-0.001,0.001,-0.004,0.0,-0.0,,,75.7
-2.1,1.6,0.0,-0.0,-0.07,0.06,0.09,-1.53,0.61,-1.0,0.4,9.418,9.879,10.124,10.114,10.2,9.91,8.73,10.59,-0.001,0.001,-0.004,0.0,0.0,,,75.75
-2.1,1.6,0.0,0.0,0.17,-0.0,-0.49,0.2,-0.66,-1.0,0.4,10.546,8.388,9.457,9.81,10.4,9.52,9.81,10.5,-0.001,0.001,-0.004,0.0,-0.0,,,75.8
-2.1,2.1,0.0,-0.0,0.1,0.42,0.0,0.51,-1.02,-1.0,0.4,9.369,9.408,9.476,9.575,9.32,9.52,9.71,9.52,-0.001,0.001,-0.004,0.0,0.0,,,75.85
-2.1,7.9,0.0,-0.0,-0.03,-0.62,0.08,-0.73,1.81,-1.0,0.4,8.76,9.957,9.781,9.879,9.81,10.3,9.81,9.91,-0.001,0.001,-0.004,0.0,0.0,,,75.9
-2.0,18.7,0.0,0.0,0.27,0.39,-0.0,-0.0,-1.07,-1.0,0.4,12.174,9.673,10.261,9.879,10.2,10.5,10.4,9.12,-0.001,0.001,-0.004,0.0,-0.0,,,75.95
-2.1,21.5,0.0,0.0,-0.22,-0.52,-0.42,2.07,0.76,-1.0,0.4,11.017,6.985,9.094,9.624,9.91,9.81,9.91,9.91,-0.001,0.001,-0.004,0.0,-0.0,,,76.0
-2.0,20.4,0.0,0.0,0.46,-0.31,-0.47,1.48,-0.89,-1.0,0.4,11.017,8.054,9.418,10.762,8.83,10.4,9.81,9.22,-0.001,0.001,-0.004,0.0,-0.0,,,76.05
-2.1,4.2,0.0,-0.0,0.03,-0.98,-0.05,-0.27,0.3,-1.0,0.4,9.79,10.654,10.006,10.428,8.93,10.59,11.28,8.44,-0.001,0.0,-0.005,0.0,0.0,,,76.1
-2.2,1.1,0.0,-0.0,-0.52,0.35,0.28,-0.5,-0.62,-1.0,0.4,10.173,7.465,10.055,9.104,10.4,10.2,12.46,7.85,-0.001,0.001,-0.005,0.0,0.0,,,76.15
-2.2,1.1,0.0,-0.0,0.59,0.52,0.44,1.09,0.44,-1.0,0.4,9.82,10.83,9.447,9.055,8.44,11.38,11.09,8.83,-0.001,0.001,-0.004,0.0,0.0,,,76.2
-2.3,1.1,0.0,-0.0,0.12,-0.46,0.5,-0.64,-0.35,-1.0,0.4,7.72,11.34,10.065,9.339,9.81,11.28,8.83,10.2,-0.001,0.001,-0.004,0.0,0.0,,,76.25
-2.3,1.1,0.0,-0.0,0.3,-0.55,-0.04,-3.13,0.16,-1.0,0.4,7.475,11.605,10.673,9.339,9.32,10.3,9.32,9.03,-0.001,0.001,-0.004,0.0,0.0,,,76.3
-2.3,1.1,0.0,-0.0,-0.27,0.37,-0.06,0.37,0.76,-1.0,0.4,9.153,10.889,9.427,9.928,10.2,10.4,10.4,10.01,-0.001,0.001,-0.004,0.0,0.0,,,76.35
-2.3,1.2,0.0,-0.0,0.07,0.45,-0.05,1.08,-0.27,-1.0,0.4,9.604,8.397,9.79,9.31,8.93,10.1,10.4,10.01,-0.001,0.001,-0.004,0.0,0.0,,,76.4
-2.3,1.2,0.0,0.0,0.24,0.38,0.1,0.14,0.22,-1.0,0.4,10.644,9.251,9.457,10.261,11.48,8.93,9.42,9.52,-0.001,0.001,-0.004,0.0,-0.0,,,76.45
-2.3,1.3,0.0,-0.0,0.21,-0.48,0.29,-0.95,-0.53,-1.0,0.4,6.553,11.36,9.938,9.575,8.73,10.79,9.81,10.69,-0.001,0.001,-0.004,0.0,0.0,,,76.5
-2.3,1.5,0.0,-0.0,-0.25,-0.45,0.14,-2.43,0.1,-1.0,0.4,9.3,10.487,10.183,9.006,9.03,10.4,9.52,10.3,-0.001,0.001,-0.004,0.0,0.0,,,76.55
-2.3,1.6,0.0,-0.0,0.07,0.25,0.0,1.55,-0.03,-1.0,0.4,8.211,10.301,10.251,9.771,10.4,9.32,10.4,9.12,-0.001,0.001,-0.004,0.0,0.0,,,76.6
-2.3,1.8,0.0,-0.0,-0.25,0.32,0.11,0.86,0.28,-1.0,0.4,7.701,10.605,9.712,9.575,10.5,9.52,9.81,10.3,-0.001,0.001,-0.004,0.0,0.0,,,76.65
-2.3,1.9,0.0,-0.0,-0.03,-0.09,0.34,-0.84,0.82,-1.0,0.4,8.407,10.732,9.427,9.996,9.42,9.81,9.71,9.42,-0.001,0.001,-0.004,0.0,0.0,,,76.7
-2.3,2.0,0.0,-0.0,0.27,-0.28,0.17,0.08,0.09,-1.0,0.4,10.605,9.163,9.594,9.977,10.4,9.61,10.1,10.2,-0.001,0.001,-0.004,0.0,0.0,,,76.75
-2.4,2.1,0.0,-0.0,0.18,-0.25,-0.11,-1.86,-0.52,-1.0,0.4,10.075,9.859,9.967,9.741,10.89,9.42,9.22,9.91,-0.001,0.001,-0.004,0.0,0.0,,,76.8
-2.3,2.3,0.0,-0.0,0.25,0.27,-0.14,1.27,-0.03,-1.0,0.4,8.417,10.438,9.496,9.388,9.81,9.91,9.52,9.91,-0.001,0.001,-0.004,0.0,0.0,,,76.85
-2.3,2.5,0.0,0.0,0.12,0.23,-0.1,-1.04,1.48,-1.0,0.4,9.074,9.908,9.408,9.476,10.3,9.12,9.12,10.69,-0.001,0.001,-0.004,0.0,-0.0,,,76.9
-2.3,3.3,0.0,0.0,0.34,-0.0,-0.0,0.44,0.22,-1.0,0.4,9.996,8.28,10.006,9.526,10.3,9.81,9.61,10.5,-0.001,0.001,-0.004,0.0,-0.0,,,76.95
-2.3,4.3,0.0,-0.0,0.22,-0.36,0.32,-0.32,-0.05,-1.0,0.4,10.114,8.574,10.34,10.163,10.5,9.91,10.1,10.3,-0.001,0.001,-0.004,0.0,0.0,,,77.0
-2.4,5.0,0.0,-0.0,0.16,0.38,-0.27,-0.93,-0.67,-1.0,0.4,9.437,10.418,10.242,9.977,10.5,9.71,10.01,10.89,-0.001,0.001,-0.005,0.0,0.0,,,77.05
-2.3,5.1,0.0,0.0,-0.41,0.12,0.03,1.65,1.66,-1.0,0.4,11.527,7.416,9.624,10.232,9.71,9.81,10.2,8.53,-0.001,0.001,-0.005,0.0,-0.0,,,77.1
-2.3,5.1,0.0,-0.0,0.57,0.28,0.2,-0.87,-0.38,-1.0,0.4,8.338,11.193,10.144,9.771,10.89,8.83,10.2,9.71,-0.001,0.001,-0.005,0.0,0.0,,,77.15
-2.1,5.1,0.0,-0.0,-0.21,0.14,0.31,-0.89,1.73,-1.0,0.4,11.105,8.701,9.32,9.339,9.52,10.59,9.32,10.79,-0.001,0.001,-0.005,0.0,0.0,,,77.2
-2.2,5.1,0.0,0.0,0.1,-0.33,-0.4,-0.82,-0.76,-1.0,0.4,11.478,7.613,9.81,10.811,10.59,8.34,9.03,10.59,-0.001,0.001,-0.005,0.0,-0.0,,,77.25
-2.1,5.1,0.0,-0.0,0.39,0.12,0.06,-0.85,0.23,-1.0,0.4,11.331,7.22,9.182,9.526,9.71,9.03,9.42,10.69,-0.001,0.001,-0.005,0.0,0.0,,,77.3
-2.1,4.6,0.0,-0.0,-0.28,0.07,0.1,-0.99,1.35,-1.0,0.4,8.986,11.38,9.898,10.212,9.61,11.09,9.71,10.2,-0.001,0.001,-0.005,0.0,0.0,,,77.35
-2.1,4.5,0.0,0.0,0.72,-0.02,-0.4,1.24,-0.28,-1.0,0.4,8.172,8.849,9.094,9.977,9.61,10.1,8.14,10.2,-0.001,0.001,-0.005,0.0,-0.0,,,77.4
-2.0,4.4,0.0,-0.0,0.15,-0.29,0.43,-1.76,-1.11,-1.0,0.4,6.543,12.253,9.8,9.928,10.3,9.03,9.61,11.28,-0.001,0.001,-0.005,0.0,0.0,,,77.45
-2.0,4.3,0.0,-0.0,-0.07,-0.68,0.35,-0.16,0.76,-1.0,0.4,9.133,9.908,9.241,10.183,9.71,11.67,10.69,9.12,-0.001,0.001,-0.005,0.0,0.0,,,77.5
-2.0,4.2,0.0,-0.0,0.2,-0.54,0.21,-0.61,-0.2,-1.0,0.4,6.641,13.037,9.064,9.221,10.2,8.93,10.1,10.59,-0.001,0.001,-0.005,0.0,0.0,,,77.55
-2.0,4.1,0.0,0.0,-0.23,-0.16,-0.2,0.41,0.13,-1.0,0.4,8.917,9.006,10.114,9.79,9.03,12.07,8.93,8.63,-0.001,0.001,-0.005,0.0,-0.0,,,77.6
-2.0,4.0,0.0,0.0,0.33,-0.21,-0.22,-0.9,-0.41,-1.0,0.4,6.69,12.135,10.075,9.879,9.81,8.44,8.44,10.69,-0.001,0.001,-0.005,0.0,-0.0,,,77.65
-2.0,3.9,0.0,0.0,-0.17,-0.19,-0.2,-1.76,1.21,-1.0,0.4,8.486,8.103,9.732,10.144,10.3,10.59,9.42,10.59,-0.001,0.001,-0.005,0.0,-0.0,,,77.7
-2.0,3.7,0.0,0.0,0.38,0.11,-0.19,-1.86,0.79,-1.0,0.4,7.642,10.958,9.879,9.849,9.81,9.32,9.42,10.3,-0.001,0.001,-0.005,0.0,-0.0,,,77.75
-1.9,3.6,0.0,-0.0,-0.09,-0.77,-0.01,-1.8,0.97,-1.0,0.4,8.957,7.809,9.172,10.045,9.81,10.59,9.91,10.89,-0.001,0.001,-0.005,0.0,0.0,,,77.8
-2.1,3.5,0.0,-0.0,-0.23,0.49,0.01,-1.98,0.11,-1.0,0.4,8.113,10.624,9.516,9.388,9.81,9.61,10.1,9.81,-0.001,0.001,-0.005,0.0,0.0,,,77.85
-2.1,3.5,0.0,0.0,-0.49,-0.52,-0.17,-0.96,1.14,-1.0,0.4,8.711,9.378,9.094,9.526,10.3,10.01,10.4,10.79,-0.001,0.001,-0.005,0.0,-0.0,,,77.9
-2.1,3.5,0.0,-0.0,0.15,0.17,-0.0,-0.55,1.03,-1.0,0.4,9.349,9.457,10.045,10.516,10.4,8.34,10.3,10.5,-0.002,0.001,-0.005,0.0,0.0,,,77.95
-1.9,3.5,0.0,-0.0,-0.32,0.1,0.31,-0.36,1.27,-1.0,0.4,8.466,10.428,9.476,10.83,10.1,11.18,9.42,8.44,-0.002,0.001,-0.005,0.0,0.0,,,78.0
-2.1,3.6,0.0,-0.0,-0.91,0.07,0.25,1.18,0.0,-1.0,0.4,8.623,11.174,8.839,9.241,10.59,9.81,9.22,10.89,-0.002,0.001,-0.005,0.0,0.0,,,78.05
-2.1,3.6,0.0,-0.0,-0.34,0.38,0.1,1.79,0.88,-1.0,0.4,10.065,8.407,9.859,9.006,9.22,9.32,10.69,9.42,-0.002,0.001,-0.005,0.0,0.0,,,78.1
-2.0,3.6,0.0,0.0,-0.04,-0.32,-0.02,-0.76,0.46,-1.0,0.4,10.173,8.466,9.722,10.33,10.3,10.4,8.53,9.91,-0.001,0.001,-0.005,0.0,-0.0,,,78.15
-2.1,3.7,0.0,0.0,-0.1,0.12,-0.07,-0.94,0.9,-1.0,0.4,7.887,11.144,9.732,9.27,10.5,10.1,9.22,10.5,-0.001,0.001,-0.005,0.0,-0.0,,,78.2
-2.0,3.7,0.0,-0.0,-0.38,-0.13,-0.17,-0.92,1.19,-1.0,0.4,9.741,10.163,10.242,10.565,9.42,11.48,10.4,9.52,-0.001,0.001,-0.005,0.0,0.0,,,78.25
-2.1,3.7,0.0,-0.0,0.2,-0.56,-0.03,1.08,-0.92,-1.0,0.4,8.731,10.948,10.202,9.241,9.91,10.01,9.32,9.81,-0.001,0.001,-0.005,0.0,0.0,,,78.3
-2.1,3.7,0.0,-0.0,-0.36,0.31,0.28,-2.03,1.5,-1.0,0.4,8.603,12.292,9.692,10.879,10.3,10.79,8.93,8.53,-0.001,0.001,-0.005,0.0,0.0,,,78.35
-2.0,3.7,0.0,0.0,-0.09,0.65,-0.13,2.78,0.38,-1.0,0.4,9.123,9.673,9.437,8.623,10.1,9.52,10.1,11.09,-0.001,0.001,-0.005,0.0,-0.0,,,78.4
-2.1,3.8,0.0,0.0,-0.0,0.34,0.13,-1.84,-0.32,-1.0,0.4,10.35,9.094,9.987,11.38,10.5,9.12,10.69,9.32,-0.001,0.001,-0.005,0.0,-0.0,,,78.45
-2.2,3.8,0.0,0.0,0.14,0.28,-0.27,1.57,0.05,-1.0,0.4,10.968,6.298,9.055,8.809,11.09,7.75,9.61,10.69,-0.001,0.001,-0.005,0.0,-0.0,,,78.5
-2.3,3.8,0.0,-0.0,-0.49,-0.41,-0.03,-1.24,0.77,-1.0,0.4,9.133,8.427,9.967,10.31,10.5,8.63,9.32,10.99,-0.001,0.001,-0.005,0.0,0.0,,,78.55
-2.1,3.7,0.0,-0.0,0.19,-0.32,0.34,1.42,0.5,-1.0,0.4,10.006,8.25,9.732,9.339,9.71,11.28,9.91,9.91,-0.001,0.001,-0.005,0.0,0.0,,,78.6
-2.4,3.7,0.0,-0.0,0.38,-0.38,0.15,0.93,-1.82,-1.0,0.4,9.133,10.86,9.594,9.27,10.1,9.81,9.22,10.69,-0.001,0.001,-0.005,0.0,0.0,,,78.65
-2.3,3.8,0.0,0.0,-0.15,0.18,-0.13,-0.89,1.02,-1.0,0.4,8.8,12.576,10.134,10.144,9.52,10.79,9.42,8.44,-0.001,0.001,-0.005,0.0,-0.0,,,78.7
-2.3,3.8,0.0,0.0,0.28,0.8,-0.11,2.43,0.43,-1.0,0.4,9.241,9.526,9.486,9.339,9.22,9.61,10.1,9.61,-0.001,0.001,-0.005,0.0,-0.0,,,78.75
-2.3,3.8,0.0,-0.0,-0.31,0.22,0.26,-2.35,-0.08,-1.0,0.4,9.29,9.565,10.232,11.409,10.3,8.93,10.69,8.83,-0.001,0.001,-0.005,0.0,0.0,,,78.8
-2.3,3.8,0.0,-0.0,-0.02,-0.13,0.13,2.19,-0.1,-1.0,0.4,10.673,7.505,8.751,8.76,10.5,8.73,9.12,10.4,-0.001,0.001,-0.005,0.0,0.0,,,78.85
-2.4,3.9,0.0,0.0,-0.0,-0.54,0.08,-0.45,0.06,-1.0,0.4,8.495,10.124,10.261,9.29,9.91,10.2,9.42,9.42,-0.001,0.001,-0.005,0.0,-0.0,,,78.9
-2.5,3.8,0.0,-0.0,-0.54,0.06,0.22,0.35,0.53,-1.0,0.4,8.437,10.86,11.036,9.741,9.91,13.34,10.79,9.03,-0.001,0.001,-0.005,0.0,0.0,,,78.95
-3.8,3.9,0.0,0.0,0.25,0.22,-0.42,-1.01,-1.45,-1.0,0.4,9.202,10.683,9.104,9.359,10.3,9.71,9.81,10.4,-0.001,0.0,-0.005,0.0,-0.0,,,79.0
-4.9,4.0,0.0,0.0,-0.69,0.74,-0.15,-3.65,0.56,-1.0,0.4,9.957,10.124,10.605,11.193,11.18,9.03,9.03,9.12,-0.001,0.0,-0.005,0.0,-0.0,,,79.05
-6.0,4.0,0.0,-0.0,-0.7,0.65,-0.02,1.61,-0.82,-1.0,0.4,9.535,9.241,9.163,9.29,10.1,8.73,9.91,11.28,-0.001,0.0,-0.005,0.0,0.0,,,79.1
-7.2,4.0,0.0,-0.0,-0.88,-0.32,0.55,-1.45,-0.65,-1.0,0.4,10.968,8.868,9.467,10.232,10.2,9.22,9.91,10.2,-0.001,0.0,-0.004,0.0,0.0,,,79.15
-7.6,4.0,0.0,-0.0,-0.78,0.7,0.12,0.56,-2.07,-1.0,0.4,10.35,8.132,8.76,9.055,10.2,8.04,9.52,10.1,-0.001,0.0,-0.004,0.0,0.0,,,79.2
-7.2,4.0,0.0,-0.0,-0.86,-0.87,0.23,-1.33,0.55,-1.0,0.4,7.897,11.154,9.692,10.163,9.52,10.1,9.52,10.01,-0.001,0.0,-0.004,0.0,0.0,,,79.25
-6.6,4.0,0.0,-0.0,-0.65,-0.18,0.04,2.01,-1.77,-1.0,0.4,9.996,8.456,9.143,8.672,9.81,9.32,9.32,10.4,-0.001,0.0,-0.004,0.0,0.0,,,79.3
-6.2,4.1,0.0,0.0,-0.99,-0.57,0.26,-0.5,-0.46,-1.0,0.4,10.379,8.731,9.231,11.213,9.61,9.32,8.53,11.09,-0.001,0.0,-0.004,0.0,-0.0,,,79.35
-5.8,4.2,0.0,-0.0,-0.23,-0.92,0.1,-0.13,-0.43,-1.0,0.4,7.632,9.643,9.692,9.555,9.91,9.22,8.53,10.3,-0.001,0.0,-0.004,0.0,0.0,,,79.4
-5.4,4.3,0.0,-0.0,-0.8,-0.34,0.37,-0.4,0.52,-1.0,0.4,10.516,9.898,8.613,9.388,10.69,10.01,10.3,9.71,-0.001,0.0,-0.004,0.0,0.0,,,79.45
-5.3,4.4,0.0,0.0,-0.75,0.24,-0.18,1.14,-1.04,-1.0,0.4,10.379,8.142,9.957,9.388,10.2,8.24,9.91,10.4,-0.001,-0.0,-0.004,0.0,-0.0,,,79.5
-5.1,4.7,0.0,0.0,-0.47,-0.18,-0.03,-2.0,1.18,-1.0,0.4,8.652,10.624,10.104,9.771,9.81,9.32,10.4,10.4,-0.001,0.0,-0.004,0.0,-0.0,,,79.55
-5.1,4.9,0.0,-0.0,-1.02,-0.45,0.49,1.23,-0.26,-1.0,0.4,10.879,9.339,9.526,9.457,10.69,7.95,10.1,9.61,-0.001,0.0,-0.004,0.0,0.0,,,79.6
-5.2,5.1,0.0,-0.0,0.1,0.68,0.25,0.28,0.37,-1.0,0.4,9.614,9.025,9.761,9.624,11.28,8.34,8.73,9.81,-0.001,0.0,-0.004,0.0,0.0,,,79.65
-5.3,5.1,0.0,0.0,-0.87,-0.17,-0.13,0.84,1.18,-1.0,0.4,9.378,10.065,10.016,10.546,9.32,11.28,9.61,9.81,-0.001,0.0,-0.004,0.0,-0.0,,,79.7
-5.4,5.2,0.0,0.0,-0.71,-0.47,-0.25,-0.23,-0.37,-1.0,0.4,9.908,8.093,9.839,9.359,10.4,8.44,9.42,11.18,-0.001,0.0,-0.004,0.0,-0.0,,,79.75
-5.7,5.2,0.0,0.0,-0.41,1.32,-0.17,-0.74,1.02,-1.0,0.4,7.652,9.172,9.624,9.437,9.42,9.61,10.1,8.63,-0.001,0.0,-0.004,0.0,-0.0,,,79.8
-5.9,5.3,0.0,0.0,-0.34,-0.51,-0.17,-0.65,1.67,-1.0,0.4,8.083,7.809,9.555,9.947,10.4,7.65,9.52,10.1,-0.001,0.0,-0.004,0.0,-0.0,,,79.85
-6.2,5.3,0.0,0.0,0.16,0.66,-0.12,-0.3,0.63,-1.0,0.4,7.632,5.984,11.154,9.624,10.5,10.2,10.2,11.09,-0.001,0.0,-0.004,0.0,-0.0,,,79.9
-6.5,5.3,0.0,0.0,0.0,0.66,0.03,0.59,1.75,-1.0,0.4,8.731,9.624,9.614,9.555,9.42,10.89,10.01,8.73,-0.001,0.0,-0.004,0.0,-0.0,,,79.95
-6.7,5.3,0.0,0.0,-0.19,0.16,-0.18,1.93,-0.17,-1.0,0.4,8.427,12.557,9.261,8.672,9.22,9.81,10.99,8.14,-0.001,0.0,-0.004,0.0,-0.0,,,80.0
-6.8,5.3,0.0,-0.0,0.28,-0.58,0.29,0.13,0.61,-1.0,0.4,6.955,14.117,9.506,10.163,9.03,9.61,10.1,9.61,-0.001,0.001,-0.005,0.0,0.0,,,80.05
-6.8,5.3,0.0,-0.0,0.63,0.14,-0.06,-1.56,0.04,-1.0,0.4,8.594,10.202,9.084,10.879,9.91,8.34,10.2,9.91,-0.001,0.001,-0.005,0.0,0.0,,,80.1
-6.7,5.3,0.0,-0.0,0.74,1.04,0.11,1.82,0.27,-1.0,0.4,10.016,11.389,9.584,10.212,10.4,8.53,9.91,9.61,-0.001,0.001,-0.005,0.0,0.0,,,80.15
-6.8,5.3,0.0,-0.0,0.69,0.01,0.25,3.13,-0.99,-1.0,0.4,6.798,11.654,9.741,9.947,10.4,9.52,9.32,10.89,-0.001,0.001,-0.005,0.0,0.0,,,80.2
-6.7,5.3,0.0,-0.0,0.85,-0.31,-0.1,-1.79,-0.08,-1.0,0.4,8.633,8.25,9.32,10.35,10.99,9.81,8.34,10.79,-0.001,0.001,-0.005,0.0,0.0,,,80.25
-6.7,5.3,0.0,-0.0,0.86,0.41,-0.02,-0.58,0.24,-1.0,0.4,8.682,8.132,10.428,10.693,9.61,10.99,10.99,9.71,-0.001,0.001,-0.005,0.0,0.0,,,80.3
-6.7,5.3,0.0,0.0,1.41,0.7,0.07,-1.64,-0.62,-1.0,0.4,10.791,9.771,10.251,9.898,10.5,9.22,10.99,9.03,-0.001,0.001,-0.005,0.0,-0.0,,,80.35
-7.0,5.4,0.0,-0.0,1.24,0.1,0.2,0.36,-0.4,-1.0,0.4,10.958,8.025,11.075,8.907,10.3,10.01,9.91,9.32,-0.001,0.001,-0.005,0.0,0.0,,,80.4
-7.4,5.4,0.0,0.0,0.95,1.19,0.04,0.55,-0.59,-1.0,0.4,9.408,10.35,10.742,9.81,10.01,9.42,9.71,9.42,-0.001,0.001,-0.005,0.0,-0.0,,,80.45
-7.9,5.4,0.0,-0.0,1.46,-0.08,-0.1,-0.56,-0.32,-1.0,0.4,9.673,7.407,10.585,9.437,9.61,9.81,9.32,10.1,-0.001,0.001,-0.005,0.0,0.0,,,80.5
-8.0,5.4,0.0,-0.0,1.16,0.5,-0.02,-0.58,-0.75,-1.0,0.4,12.213,6.632,9.388,10.614,11.28,9.81,10.3,10.3,-0.001,0.0,-0.005,0.0,0.0,,,80.55
-7.4,5.4,0.0,-0.0,0.79,0.62,0.51,-2.19,-2.28,-1.0,0.4,9.682,11.517,10.085,9.741,10.89,9.71,9.52,9.61,-0.001,0.0,-0.005,0.0,0.0,,,80.6
-5.6,5.4,0.0,-0.0,0.16,0.74,0.53,0.08,-1.21,-1.0,0.4,9.055,9.064,8.868,10.094,11.38,10.5,9.91,8.73,-0.001,0.0,-0.005,0.0,0.0,,,80.65
-4.0,5.4,0.0,0.0,0.85,0.89,-0.08,1.59,-3.61,-1.0,0.4,8.466,9.476,8.966,9.741,10.4,9.71,9.03,10.99,-0.001,0.001,-0.005,0.0,-0.0,,,80.7
-2.6,5.4,0.0,0.0,0.48,-0.49,-0.58,2.12,-0.1,-1.0,0.4,11.821,5.386,10.271,9.104,9.12,9.52,11.38,10.59,-0.001,0.001,-0.005,0.0,-0.0,,,80.75
-1.6,5.4,0.0,0.0,1.72,0.21,-0.91,1.57,-2.24,-1.0,0.4,10.134,4.532,9.673,9.673,9.32,8.24,9.91,10.1,-0.0,0.002,-0.005,0.0,-0.0,,,80.8
-1.7,5.4,0.0,-0.0,1.65,0.23,0.22,0.36,-0.09,-1.0,0.4,6.533,10.516,10.536,10.399,9.22,7.95,10.5,11.09,-0.0,0.002,-0.006,0.0,0.0,,,80.85
-1.3,5.1,0.0,-0.0,1.03,-0.82,0.53,2.63,2.63,-1.0,0.4,9.025,9.163,10.085,9.879,9.22,6.97,11.77,9.42,0.0,0.003,-0.006,0.0,0.0,,,80.9
-0.4,4.8,0.0,0.0,1.85,0.96,-0.5,3.39,1.2,-1.0,0.4,7.475,7.407,10.948,10.163,8.53,7.95,9.81,9.32,0.0,0.004,-0.006,0.0,-0.0,,,80.95
-2.0,4.5,0.0,0.0,1.17,-0.03,-0.92,2.44,8.27,-1.0,0.4,10.163,5.111,9.153,8.594,12.65,8.24,9.61,9.71,0.001,0.003,-0.006,0.0,-0.01,,,81.0
-6.1,4.2,0.0,0.0,0.37,1.1,-0.69,-0.04,4.61,-1.0,0.4,10.202,13.028,9.516,8.672,10.69,8.93,9.61,8.53,-0.001,0.0,-0.005,0.0,-0.0,,,81.05
-6.3,3.9,0.0,-0.0,0.7,1.42,0.93,-0.54,2.45,-1.0,0.4,10.801,10.379,10.654,7.426,9.81,12.36,10.2,8.93,-0.003,-0.002,-0.005,0.0,0.01,,,81.1
-6.1,3.6,0.0,-0.0,-0.03,0.36,0.85,1.37,0.64,-1.0,0.4,11.075,12.665,11.036,10.781,10.59,10.99,10.69,9.22,-0.004,-0.002,-0.005,0.0,0.01,,,81.15
-5.4,3.5,0.0,0.0,0.97,0.33,-0.67,1.64,-1.82,-1.0,0.4,8.741,5.523,10.418,9.506,9.81,9.32,10.59,10.59,-0.003,-0.001,-0.005,0.0,-0.01,,,81.2
-5.6,3.1,0.0,0.01,-0.03,0.42,-1.36,1.38,2.03,-1.0,0.4,9.084,10.045,9.781,9.643,9.03,9.42,8.44,9.71,-0.002,0.0,-0.005,0.0,-0.01,,,81.25
-5.6,2.8,0.0,0.0,0.46,0.41,-0.55,0.24,0.1,-1.0,0.4,9.918,7.475,9.006,8.692,10.5,9.91,9.03,10.4,-0.001,0.0,-0.004,0.0,-0.0,,,81.3
-5.4,2.7,0.0,-0.0,0.03,0.62,0.66,0.1,-0.56,-1.0,0.4,11.311,8.456,9.153,8.338,10.5,8.53,9.12,10.79,-0.002,0.0,-0.004,0.0,0.01,,,81.35
-5.1,2.7,0.0,-0.0,0.56,-0.3,0.77,-0.43,-1.36,-1.0,0.4,8.093,9.879,9.329,11.448,10.89,8.93,9.42,10.99,-0.002,0.0,-0.004,0.0,0.0,,,81.4
-4.4,2.6,0.0,0.0,-0.62,-0.8,-0.22,-0.01,-0.76,-1.0,0.4,10.212,7.976,9.83,9.928,10.01,9.22,11.38,10.2,-0.002,0.0,-0.004,0.0,-0.0,,,81.45
-3.8,2.6,0.0,0.0,0.07,-0.19,-0.71,1.39,-0.57,-1.0,0.4,8.427,10.183,11.419,10.35,10.1,10.89,10.99,8.73,-0.002,0.0,-0.004,0.0,-0.0,,,81.5
-2.7,2.6,0.0,-0.0,-0.36,-0.12,0.15,-0.62,-0.18,-1.0,0.4,10.055,9.133,9.231,9.123,10.59,9.32,9.91,9.61,-0.002,0.0,-0.004,0.0,0.0,,,81.55
-1.7,2.5,0.0,-0.0,-0.41,-0.1,0.13,0.08,0.03,-1.0,0.4,6.975,10.114,10.114,8.456,9.12,9.71,8.44,8.53,-0.002,0.0,-0.004,0.0,0.0,,,81.6
-0.2,2.7,0.0,-0.0,-0.32,0.3,0.22,-1.65,0.08,-1.0,0.4,7.652,9.437,10.879,10.144,9.32,10.01,11.28,11.18,-0.002,0.0,-0.004,0.0,0.0,,,81.65
2.3,2.7,0.0,0.0,-0.21,0.09,-0.21,-0.12,1.1,-1.0,0.4,9.81,9.143,9.516,10.232,10.3,10.01,10.69,10.01,-0.001,0.0,-0.004,0.0,-0.0,,,81.7
5.2,2.6,0.0,-0.0,-0.14,-0.8,0.37,-2.04,-0.13,-1.0,0.4,9.231,9.506,9.486,9.673,10.01,9.42,10.01,9.42,-0.002,-0.0,-0.004,0.0,0.0,,,81.75
8.5,2.6,0.0,-0.0,-0.04,-0.21,0.39,-1.02,-0.49,-1.0,0.4,7.534,10.86,9.977,9.526,10.1,9.03,8.73,8.93,-0.002,-0.0,-0.004,0.0,0.0,,,81.8
12.6,2.7,0.0,-0.0,-0.01,0.8,0.63,2.18,-0.47,-1.0,0.4,10.938,9.261,10.31,10.379,11.38,8.93,9.32,10.99,-0.002,-0.0,-0.004,0.0,0.0,,,81.85
17.0,2.7,0.0,-0.0,-0.57,-0.31,0.46,1.53,-0.62,-1.0,0.4,9.035,9.074,10.261,10.428,9.52,9.91,9.22,9.81,-0.002,-0.0,-0.004,0.0,0.01,,,81.9
21.7,2.9,0.0,-0.0,0.21,0.82,0.23,1.63,-0.32,-1.0,0.4,11.036,9.221,8.515,10.183,10.5,10.1,9.61,10.5,-0.001,-0.0,-0.004,0.0,0.0,,,81.95
26.9,3.1,0.0,-0.0,-0.15,0.21,0.57,0.88,-0.18,-1.0,0.4,6.828,9.732,9.388,8.927,10.01,9.42,9.22,10.69,-0.001,-0.0,-0.003,0.0,0.0,,,82.0
32.6,3.5,0.0,-0.0,-0.14,0.88,0.12,-0.31,0.44,-1.0,0.4,11.105,9.663,9.27,11.066,9.52,9.52,10.5,10.89,-0.001,-0.0,-0.004,0.0,0.0,,,82.05
37.2,3.6,0.0,-0.01,-0.3,0.87,1.08,0.34,0.59,-1.0,0.4,6.239,11.046,10.193,10.281,10.1,9.52,10.69,9.81,-0.001,-0.0,-0.004,0.0,0.01,,,82.1
39.9,3.9,0.0,-0.01,-0.26,0.03,1.14,-2.02,0.79,-1.0,0.4,10.418,9.81,9.849,9.79,9.42,10.89,10.59,9.81,-0.001,-0.0,-0.004,0.0,0.01,,,82.15
41.4,4.2,0.0,-0.01,0.04,0.3,1.14,-1.16,0.25,-1.0,0.4,10.84,8.731,9.624,8.888,10.79,9.42,10.69,8.04,-0.002,0.0,-0.004,0.0,0.01,,,82.2
43.5,4.4,0.0,-0.01,0.3,0.24,1.15,0.38,0.29,-1.0,0.4,9.339,8.721,9.712,9.437,9.12,10.1,10.4,10.01,-0.002,0.0,-0.004,0.0,0.01,,,82.25
46.4,4.6,0.0,-0.01,0.06,-0.08,1.21,-0.2,-0.15,-1.0,0.4,8.044,10.369,10.104,9.575,10.89,10.01,9.12,10.01,-0.002,0.0,-0.004,0.0,0.01,,,82.3
50.2,4.7,0.0,-0.01,0.32,0.95,1.03,1.34,-1.13,-1.0,0.4,9.977,10.634,8.996,9.771,10.79,9.42,9.81,10.01,-0.002,0.0,-0.004,0.0,0.01,,,82.35
54.8,4.7,0.0,-0.01,-0.08,0.69,1.75,1.17,-1.58,-1.0,0.4,10.242,10.771,8.623,9.123,10.79,8.63,9.71,10.3,-0.002,0.0,-0.004,0.0,0.01,,,82.4
59.4,4.7,0.0,-0.01,0.14,0.64,1.65,1.15,0.01,-1.0,0.4,10.467,10.977,9.035,10.045,10.89,10.89,9.91,8.93,-0.002,0.0,-0.004,0.0,0.01,,,82.45
64.0,4.7,0.0,-0.01,0.06,0.58,1.78,1.28,-3.07,-1.0,0.4,7.583,10.575,9.869,9.437,9.81,8.44,9.03,10.89,-0.001,0.0,-0.004,0.0,0.01,,,82.5
69.3,5.1,0.0,-0.01,-0.25,0.49,1.81,0.24,1.63,-1.0,0.4,8.584,7.387,10.732,10.693,9.71,8.93,9.81,8.63,-0.001,0.0,-0.004,0.0,0.02,,,82.55
74.1,4.9,0.0,-0.01,0.59,0.39,2.6,3.14,-1.33,-1.0,0.4,7.22,13.332,11.468,9.388,9.61,12.26,9.12,9.22,-0.001,0.0,-0.004,0.0,0.02,,,82.6
79.1,5.0,0.0,-0.01,0.89,0.75,2.67,1.82,-0.84,-1.0,0.4,8.947,9.938,9.977,10.86,10.01,10.2,9.42,9.52,-0.001,0.0,-0.004,0.0,0.02,,,82.65
84.9,4.9,0.0,-0.02,1.95,1.49,2.87,-1.19,-0.74,-1.0,0.4,8.858,11.429,8.132,9.771,9.32,9.42,8.14,8.73,-0.001,0.0,-0.004,0.0,0.02,,,82.7
91.9,5.0,0.0,-0.02,-0.04,0.66,3.34,-0.08,0.42,-1.0,0.4,9.673,8.191,10.261,12.125,10.89,9.32,11.18,9.52,-0.001,0.001,-0.004,0.0,0.02,,,82.75
98.8,4.9,0.0,-0.02,0.96,0.77,3.54,1.17,-1.45,-1.0,0.4,9.349,10.536,10.497,9.388,10.3,9.03,9.91,10.99,-0.001,0.001,-0.004,0.0,0.03,,,82.8
106.5,4.9,0.0,-0.02,0.76,1.74,3.35,0.4,1.37,-1.0,0.4,8.034,9.908,11.095,11.262,10.01,10.79,10.99,2.16,-0.001,0.001,-0.007,0.0,0.03,,,82.85
111.3,4.9,0.0,-0.02,-0.89,1.02,3.3,-3.47,3.92,-1.0,0.4,10.634,11.438,13.234,14.44,12.36,10.99,10.99,2.06,-0.002,0.0,-0.011,0.0,0.02,,,82.9
115.0,4.7,0.0,-0.03,0.2,1.48,6.46,4.48,3.15,-1.0,0.4,10.85,9.967,13.057,9.673,12.07,10.1,3.04,4.12,-0.002,-0.0,-0.009,0.0,0.04,,,82.95
120.0,4.7,0.0,-0.04,2.03,-0.39,7.35,3.28,2.41,-1.0,0.4,9.31,13.244,3.669,4.679,9.32,12.16,3.34,0.59,-0.001,-0.001,-0.002,0.0,0.05,,,83.0
128.6,4.5,0.0,-0.04,1.03,0.79,6.68,2.02,-5.81,-1.0,0.4,8.957,9.202,3.08,7.76,10.1,9.42,5.69,29.72,0.0,-0.0,0.006,0.0,0.05,,,83.05
138.6,4.4,0.0,-0.02,2.55,2.78,4.51,-3.83,-10.76,-1.0,0.4,6.7,10.605,7.407,7.357,10.4,9.03,27.86,5.69,0.002,0.001,0.003,0.0,0.03,,,83.1
145.7,4.3,0.0,-0.03,0.72,2.2,6.33,4.34,-5.82,-1.0,0.4,7.632,4.032,13.852,10.399,10.2,7.26,-4.51,12.36,0.003,0.002,-0.002,0.0,0.04,,,83.15
153.0,4.2,0.0,-0.05,1.45,-0.07,8.89,1.19,-4.17,-1.0,0.4,7.465,10.742,11.036,14.892,9.22,10.2,13.34,10.79,0.003,0.001,-0.008,0.0,0.06,,,83.2
162.1,4.3,0.0,-0.05,1.89,2.01,9.59,-9.03,0.63,-1.0,0.4,12.155,7.662,12.89,13.626,10.5,8.34,16.28,14.72,0.001,0.0,-0.009,0.0,0.07,,,83.25
169.3,4.1,0.0,-0.05,1.4,1.14,9.44,1.25,5.15,-1.0,0.4,10.085,13.008,11.036,9.575,11.18,10.4,13.54,10.89,-0.001,-0.0,-0.008,0.0,0.07,,,83.3
178.1,4.0,0.0,-0.05,1.87,-1.07,8.79,1.03,2.72,-1.0,0.4,8.044,13.136,9.682,9.388,9.91,11.87,12.36,8.73,-0.001,-0.001,-0.007,0.0,0.06,,,83.35
187.1,4.1,0.0,-0.05,1.25,0.51,10.01,-1.15,-0.26,-1.0,0.4,6.573,10.634,11.978,8.074,7.65,10.2,11.18,7.06,-0.0,-0.0,-0.006,0.0,0.07,,,83.4
196.9,4.1,0.0,-0.07,1.56,0.94,12.4,1.52,0.25,-1.0,0.4,5.484,11.743,10.879,7.475,8.93,10.59,10.1,9.81,0.001,0.0,-0.005,0.0,0.09,,,83.45
205.6,4.0,0.0,-0.07,1.02,1.97,13.27,3.22,-1.83,-1.0,0.4,8.211,9.682,8.132,10.045,9.81,8.53,9.61,9.12,0.002,0.0,-0.005,0.0,0.1,,,83.5
211.9,4.0,0.0,-0.08,1.52,1.94,14.39,-1.1,-0.74,-1.0,0.4,9.015,7.613,10.35,10.781,10.4,8.83,8.53,11.18,0.002,0.0,-0.005,0.0,0.1,,,83.55
213.9,3.9,0.0,-0.08,1.39,0.25,15.11,1.87,2.5,-1.0,0.4,6.318,10.644,6.21,13.724,9.81,9.71,6.87,12.07,0.002,0.0,-0.005,0.0,0.1,,,83.6
218.4,3.8,0.0,-0.08,1.17,2.09,15.16,-1.23,-3.32,-1.0,0.4,11.939,7.22,9.182,8.721,11.58,8.14,8.44,10.1,0.002,-0.0,-0.005,0.0,0.11,,,83.65
225.4,3.8,0.0,-0.08,0.42,0.82,15.73,-0.08,3.6,-1.0,0.4,8.652,9.467,11.232,7.691,7.55,9.71,12.95,8.53,0.002,-0.0,-0.004,0.0,0.11,,,83.7
232.0,3.8,0.0,-0.09,0.72,0.35,16.39,3.62,3.17,-1.0,0.4,6.249,11.556,9.928,11.811,10.4,10.79,9.91,10.2,0.002,-0.0,-0.004,0.0,0.12,,,83.75
240.1,3.8,0.0,-0.1,1.7,1.3,17.6,2.68,-0.15,-1.0,0.4,9.996,8.388,8.27,11.811,7.85,11.09,11.87,9.32,0.001,-0.0,-0.005,0.0,0.13,,,83.8
247.3,3.8,0.0,-0.1,2.15,2.64,18.56,-0.27,-0.63,-1.0,0.4,7.299,12.645,9.359,9.692,9.03,10.5,10.1,8.44,0.002,-0.0,-0.005,0.0,0.13,,,83.85
254.3,3.8,0.0,-0.11,1.1,3.18,20.06,0.42,0.57,-1.0,0.4,10.242,9.006,7.348,11.713,10.1,8.83,6.57,12.65,0.002,-0.001,-0.004,0.0,0.14,,,83.9
259.0,3.6,0.0,-0.11,0.5,1.8,21.25,-2.66,0.85,-1.0,0.4,6.69,10.261,9.27,13.695,10.3,10.79,6.08,11.18,0.003,-0.001,-0.006,0.0,0.15,,,83.95
261.3,3.6,0.0,-0.11,0.12,1.77,21.52,-4.12,3.33,-1.0,0.4,10.31,6.789,12.145,8.839,11.67,10.01,14.91,8.04,0.002,-0.001,-0.006,0.0,0.15,,,84.0
262.0,3.5,0.0,-0.12,1.22,0.38,21.61,-2.87,2.6,-1.0,0.4,10.399,8.731,8.898,10.448,10.59,10.99,7.06,11.09,0.002,-0.001,-0.005,0.0,0.15,,,84.05
263.1,3.5,0.0,-0.12,1.58,1.24,22.83,-2.66,0.19,-1.0,0.4,12.351,9.418,8.211,8.927,11.38,9.22,7.75,9.03,0.001,-0.001,-0.003,0.0,0.16,,,84.1
264.4,3.4,0.0,-0.13,2.29,2.13,23.51,-1.93,-5.75,-1.0,0.4,6.769,11.272,9.732,6.739,9.61,7.95,9.32,9.71,0.002,-0.0,-0.002,0.0,0.17,,,84.15
265.4,3.2,0.0,-0.13,0.71,3.0,23.89,1.64,-2.86,-1.0,0.4,9.633,7.387,10.457,10.094,9.71,7.16,8.24,8.93,0.002,-0.0,-0.002,0.0,0.17,,,84.2
266.3,3.0,0.0,-0.13,1.11,1.48,24.29,4.96,-0.57,-1.0,0.4,8.24,9.035,9.408,10.379,10.69,7.95,9.71,10.4,0.003,0.0,-0.003,0.0,0.17,,,84.25
266.2,3.0,0.0,-0.14,0.76,1.65,24.98,2.45,0.04,-1.0,0.4,6.622,9.3,11.036,10.477,8.34,9.22,9.61,9.12,0.003,0.0,-0.004,0.0,0.18,,,84.3
266.1,2.7,0.0,-0.13,0.83,1.77,24.67,2.94,3.24,-1.0,0.4,9.447,9.025,9.398,11.213,10.79,11.28,10.4,9.71,0.002,0.0,-0.004,0.0,0.18,,,84.35
264.7,2.7,0.0,-0.13,1.59,3.15,24.47,3.04,-2.21,-1.0,0.4,10.762,8.937,9.261,9.673,11.87,9.03,8.24,9.81,0.002,0.0,-0.005,0.0,0.17,,,84.4
262.1,2.5,0.0,-0.14,1.59,2.67,25.48,0.37,0.55,-1.0,0.4,12.537,9.584,9.133,11.694,11.58,9.32,9.61,9.61,0.001,-0.0,-0.005,0.0,0.18,,,84.45
256.8,2.4,0.0,-0.14,0.26,1.92,25.62,0.17,-2.92,-1.0,0.4,10.516,9.369,9.123,10.163,10.2,8.63,8.44,10.2,0.001,-0.0,-0.004,0.0,0.18,,,84.5
250.3,2.3,0.0,-0.14,0.35,0.94,26.45,1.86,1.92,-1.0,0.4,7.22,8.476,10.565,10.83,9.42,9.22,9.42,9.42,0.002,0.0,-0.004,0.0,0.19,,,84.55
240.3,2.3,0.0,-0.14,0.85,0.16,25.43,0.43,0.83,-1.0,0.4,7.465,9.133,8.437,8.338,8.63,9.71,9.32,13.34,0.003,0.0,-0.004,0.0,0.18,,,84.6
229.1,2.2,0.0,-0.13,1.36,1.4,23.99,-4.75,3.55,-1.0,0.4,10.222,7.868,7.397,10.114,10.3,8.14,7.16,13.15,0.002,0.0,-0.005,0.0,0.17,,,84.65
217.7,2.1,0.0,-0.12,0.89,2.3,22.38,-2.69,1.08,-1.0,0.4,9.27,10.663,9.692,9.898,10.69,8.24,7.95,12.07,0.001,-0.001,-0.004,0.0,0.16,,,84.7
205.7,2.1,0.0,-0.12,-0.28,1.71,21.73,-1.94,3.52,-1.0,0.4,11.664,10.565,8.643,8.957,10.4,10.69,9.81,10.99,0.0,-0.001,-0.004,0.0,0.15,,,84.75
192.6,2.0,0.0,-0.11,-0.34,0.82,20.68,-2.76,-0.47,-1.0,0.4,9.996,8.976,10.82,9.673,8.53,8.83,9.12,10.99,0.0,-0.0,-0.004,0.0,0.15,,,84.8
180.6,2.0,0.0,-0.1,0.14,0.18,19.46,-2.72,0.82,-1.0,0.4,8.495,9.006,10.762,10.212,9.61,9.22,9.71,10.5,-0.0,0.0,-0.004,0.0,0.14,,,84.85
162.9,2.0,0.0,-0.1,-0.4,0.11,18.0,1.48,2.4,-1.0,0.4,8.966,10.301,10.359,9.31,12.07,14.22,9.42,8.34,-0.0,0.0,-0.004,0.0,0.13,,,84.9
145.8,2.0,0.0,-0.09,0.22,0.41,15.81,-0.13,2.35,-1.0,0.4,10.251,11.546,8.162,9.771,12.36,9.03,10.59,8.53,-0.0,-0.001,-0.003,0.0,0.11,,,84.95
133.7,2.0,0.0,-0.08,-0.37,0.83,14.43,1.71,0.47,-1.0,0.4,10.909,8.937,8.574,8.79,11.97,9.22,10.1,10.79,-0.0,-0.001,-0.001,0.0,0.1,,,85.0
120.0,2.0,0.0,-0.07,0.33,0.88,12.83,3.59,-2.24,-1.0,0.4,8.829,10.31,9.427,9.604,10.69,8.14,8.93,12.16,0.0,-0.001,-0.001,0.0,0.09,,,85.05
105.6,2.0,0.0,-0.06,-0.16,0.16,11.91,-0.07,0.43,-1.0,0.4,7.77,10.026,10.516,10.477,9.71,9.61,9.42,9.42,0.001,-0.001,-0.001,0.0,0.08,,,85.1
87.4,2.0,0.0,-0.06,-0.03,0.9,10.6,-2.37,-0.42,-1.0,0.4,9.349,7.338,10.889,9.624,9.71,11.28,8.83,8.14,0.001,-0.001,-0.001,0.0,0.07,,,85.15
71.0,2.0,0.0,-0.05,0.11,0.53,8.26,-1.82,2.47,-1.0,0.4,9.045,10.301,8.486,10.261,10.59,8.83,7.55,8.53,0.001,-0.001,-0.0,0.0,0.06,,,85.2
55.8,2.0,0.0,-0.04,-0.05,0.01,7.04,-1.67,0.61,-1.0,0.4,9.928,10.899,9.329,8.721,12.26,8.73,6.87,9.52,0.0,-0.001,0.001,0.0,0.05,,,85.25
40.7,2.0,0.0,-0.03,0.3,-0.69,4.82,0.38,0.26,-1.0,0.4,10.242,8.172,9.133,9.221,9.91,10.5,9.03,8.24,0.0,-0.0,0.002,0.0,0.03,,,85.3
29.2,2.0,0.0,-0.02,0.22,-0.28,3.05,0.39,-1.95,-1.0,0.4,8.545,10.889,8.24,9.692,10.4,8.73,8.44,9.61,0.0,-0.0,0.001,0.0,0.02,,,85.35
22.9,2.0,0.0,-0.01,-0.26,-0.19,2.05,-1.04,0.25,-1.0,0.4,10.34,9.614,9.712,9.221,10.2,8.34,10.69,9.22,0.0,0.0,0.001,0.0,0.01,,,85.4
19.8,2.0,0.0,-0.01,0.23,1.1,1.29,3.01,-2.74,-1.0,0.4,7.74,9.398,11.674,10.477,7.65,15.21,11.09,9.71,0.0,0.001,-0.0,0.0,0.01,,,85.45
12.6,2.0,0.0,-0.01,-0.16,0.77,1.61,0.47,1.65,-1.0,0.4,9.8,12.537,8.839,8.505,7.06,11.67,8.83,9.52,-0.001,-0.0,-0.001,0.0,0.01,,,85.5
4.4,2.1,0.0,-0.01,1.12,0.28,1.03,-2.59,-1.48,-1.0,0.4,11.311,11.468,9.3,9.741,11.77,11.28,10.79,8.83,-0.002,-0.002,-0.001,0.0,0.01,,,85.55
-5.3,2.0,0.0,0.0,3.27,0.4,-0.45,0.41,-7.18,-1.0,0.4,9.555,12.596,11.488,10.879,9.61,12.85,9.32,10.3,-0.001,-0.001,-0.002,0.0,-0.0,,,85.6
-14.5,2.0,0.0,0.0,-0.91,0.27,-0.64,-2.33,-3.0,-1.0,0.4,8.025,6.19,11.595,10.977,9.61,5.79,13.54,11.87,0.001,0.0,-0.002,0.0,-0.01,,,85.65
-20.1,2.2,0.0,0.01,-0.74,-0.79,-1.33,0.87,3.34,-1.0,0.4,6.769,5.817,9.496,12.527,9.71,10.2,9.52,11.18,0.002,0.001,-0.001,0.0,-0.01,,,85.7
-24.4,2.2,0.0,0.02,0.01,-0.82,-2.86,-6.59,2.4,-1.0,0.4,5.307,11.674,9.231,10.163,7.95,11.67,9.22,8.14,0.0,-0.0,0.001,0.0,-0.02,,,85.75
-26.3,2.2,0.0,0.02,-1.11,-0.33,-3.64,-3.75,4.23,-1.0,0.4,5.955,12.419,9.27,8.123,5.3,10.1,11.77,9.61,-0.0,-0.001,0.003,0.0,-0.03,,,85.8
-26.8,2.1,0.0,0.02,-0.33,0.01,-3.15,-2.62,-0.26,-1.0,0.4,6.102,12.272,8.211,8.858,12.46,11.77,8.14,10.79,0.001,-0.002,0.003,0.0,-0.02,,,85.85
-27.7,2.1,0.0,0.01,-0.71,0.73,-2.05,-2.39,0.81,-1.0,0.4,7.622,13.43,9.28,7.475,9.52,10.01,9.03,10.5,-0.001,-0.002,0.004,0.0,-0.01,,,85.9
-28.2,2.3,0.0,0.01,1.1,-0.75,-2.25,0.9,-2.16,-1.0,0.4,8.348,12.459,8.476,8.142,13.73,10.2,6.57,11.28,-0.001,-0.003,0.003,0.0,-0.02,,,85.95
-28.5,2.4,0.0,0.02,0.92,-0.81,-3.58,-2.22,-4.74,-1.0,0.4,6.19,10.742,12.037,11.831,11.87,9.71,10.69,11.28,-0.0,-0.002,0.002,0.0,-0.02,,,86.0
-30.1,2.4,0.0,0.02,-0.34,-0.44,-4.11,0.52,-1.41,-1.0,0.4,4.464,11.801,12.4,11.144,9.22,9.52,9.61,8.83,0.0,-0.001,0.002,0.0,-0.03,,,86.05
-32.2,2.5,0.0,0.02,-0.16,-0.55,-4.02,4.35,0.12,-1.0,0.4,7.191,11.203,6.73,7.495,9.32,11.18,9.12,12.16,0.001,-0.001,0.005,0.0,-0.03,,,86.1
-34.3,2.5,0.0,0.02,-0.2,-0.76,-3.79,1.47,0.6,-1.0,0.4,6.494,12.419,9.526,11.949,9.03,11.67,6.47,9.71,0.002,-0.001,0.004,0.0,-0.02,,,86.15
-36.2,2.6,0.0,0.02,-0.81,0.66,-3.78,-0.28,0.79,-1.0,0.4,12.302,9.143,10.114,9.604,11.38,10.99,10.1,12.36,0.001,-0.001,0.004,0.0,-0.03,,,86.2
-38.4,2.7,0.0,0.03,1.27,0.17,-5.06,0.51,1.98,-1.0,0.4,13.862,11.075,7.946,7.456,9.52,11.28,8.83,11.67,-0.0,-0.002,0.003,0.0,-0.03,,,86.25
-39.9,2.8,0.0,0.03,0.35,0.08,-5.17,-1.81,0.17,-1.0,0.4,12.115,10.32,8.594,7.593,10.69,10.89,10.1,10.79,-0.001,-0.001,0.003,0.0,-0.04,,,86.3
-42.2,2.9,0.0,0.03,-0.33,0.66,-4.75,0.52,-1.57,-1.0,0.4,12.841,7.475,9.163,8.907,11.87,8.04,10.2,10.5,-0.0,-0.001,0.003,0.0,-0.03,,,86.35
-43.9,3.0,0.0,0.03,1.52,0.04,-5.62,-0.83,-1.22,-1.0,0.4,11.998,11.223,8.819,8.172,12.16,9.42,7.85,10.69,-0.0,-0.0,0.003,0.0,-0.04,,,86.4
-45.3,2.9,0.0,0.03,-0.3,-0.3,-6.2,-1.06,-1.36,-1.0,0.4,11.694,8.701,8.721,8.338,13.24,9.03,4.61,9.91,-0.0,0.0,0.002,0.0,-0.04,,,86.45
-45.9,3.0,0.0,0.04,0.28,0.58,-6.96,-1.92,-3.53,-1.0,0.4,14.98,8.986,10.114,8.093,13.83,9.81,16.09,8.44,-0.001,0.0,0.002,0.0,-0.05,,,86.5
-46.5,2.9,0.0,0.04,1.71,-0.08,-6.42,2.58,-2.48,-1.0,0.4,11.213,12.047,12.263,10.065,12.95,11.97,4.32,8.73,-0.001,0.0,-0.0,0.0,-0.05,,,86.55
-46.8,3.0,0.0,0.02,0.43,-1.14,-4.66,2.45,-4.66,-1.0,0.4,5.474,11.046,12.184,12.665,8.24,9.12,8.24,11.28,-0.001,0.001,-0.002,0.0,-0.03,,,86.6
-47.0,3.0,0.0,0.03,0.4,-1.08,-5.08,1.75,0.09,-1.0,0.4,8.231,10.389,8.289,9.241,10.4,11.58,6.87,9.12,-0.0,0.001,-0.003,0.0,-0.04,,,86.65
-48.4,3.0,0.0,0.04,2.72,-0.29,-6.82,0.75,0.2,-1.0,0.4,8.525,9.741,8.103,6.808,10.99,8.83,8.83,10.59,-0.001,0.0,-0.002,0.0,-0.05,,,86.7
-48.7,3.0,0.0,0.04,0.4,-0.21,-7.35,1.12,-1.47,-1.0,0.4,9.231,8.025,10.32,10.31,7.55,9.12,8.34,10.5,-0.0,0.0,-0.001,0.0,-0.05,,,86.75
-49.2,2.9,0.0,0.04,2.53,-0.27,-7.54,-0.53,-2.78,-1.0,0.4,8.584,11.007,10.585,8.907,9.61,11.97,6.87,10.2,0.001,0.001,-0.002,0.0,-0.05,,,86.8
-49.7,2.7,0.0,0.03,0.12,-0.88,-6.05,-1.36,-3.3,-1.0,0.4,4.699,9.987,11.468,10.144,8.83,8.24,12.36,11.67,0.001,0.002,-0.002,0.0,-0.04,,,86.85
-49.4,2.5,0.0,0.04,-0.26,-0.41,-6.72,-0.63,2.51,-1.0,0.4,6.798,8.054,9.467,11.095,10.3,6.87,10.2,8.63,0.001,0.002,-0.001,0.0,-0.05,,,86.9
-49.3,2.3,0.0,0.04,-0.05,-0.58,-7.67,2.22,3.73,-1.0,0.4,13.479,9.113,8.319,9.771,13.34,9.71,11.58,8.24,-0.0,0.0,-0.0,0.0,-0.05,,,86.95
-50.1,2.2,0.0,0.04,0.02,0.01,-7.54,1.17,-0.51,-1.0,0.4,10.516,10.467,8.878,7.495,10.3,10.5,9.42,9.03,-0.002,-0.001,0.0,0.0,-0.05,,,87.0
-50.4,2.1,0.0,0.04,-0.08,-1.18,-7.18,-1.42,0.54,-1.0,0.4,8.8,10.045,10.713,9.849,7.65,10.2,8.93,12.07,-0.002,-0.001,-0.001,0.0,-0.05,,,87.05
-51.2,2.0,0.0,0.04,-0.51,-0.19,-6.86,-1.09,-1.31,-1.0,0.4,8.044,9.29,11.615,10.83,9.42,9.22,11.77,11.09,-0.001,-0.0,-0.001,0.0,-0.05,,,87.1
-51.9,2.0,0.0,0.04,-0.31,0.24,-6.81,-0.81,3.5,-1.0,0.4,11.703,8.613,10.202,8.858,12.46,9.22,11.77,8.63,-0.001,-0.0,-0.001,0.0,-0.05,,,87.15
-51.7,2.0,0.0,0.04,-0.22,-0.53,-7.22,1.65,0.99,-1.0,0.4,10.958,10.281,8.976,8.839,9.81,9.52,10.2,12.26,-0.002,-0.0,0.001,0.0,-0.05,,,87.2
-51.6,2.0,0.0,0.04,0.0,-0.52,-7.52,0.75,0.78,-1.0,0.4,9.81,8.201,9.781,10.997,8.44,10.4,9.42,12.65,-0.001,-0.0,0.0,0.0,-0.05,,,87.25
-51.7,2.0,0.0,0.04,-0.28,-0.05,-7.02,-0.65,0.54,-1.0,0.4,10.32,8.25,10.703,10.644,10.69,9.61,9.42,9.81,-0.0,-0.0,-0.0,0.0,-0.05,,,87.3
-51.8,2.0,0.0,0.04,-0.06,0.2,-6.58,-2.42,3.55,-1.0,0.4,9.849,10.359,9.702,9.27,10.3,12.07,9.91,6.87,-0.0,-0.0,0.0,0.0,-0.05,,,87.35
-51.5,2.4,0.0,0.03,-0.38,0.1,-6.44,-0.02,0.73,-1.0,0.4,10.379,10.663,7.367,8.741,9.61,11.38,9.12,9.81,-0.0,-0.001,0.002,0.0,-0.04,,,87.4
-51.1,3.2,0.0,0.03,-0.3,-0.59,-6.5,-3.96,1.1,-1.0,0.4,9.83,9.83,7.348,8.525,9.03,9.03,10.4,10.3,-0.0,-0.001,0.002,0.0,-0.05,,,87.45
-51.0,4.4,0.0,0.04,-0.24,0.35,-7.12,-2.29,-3.84,-1.0,0.4,7.917,10.565,10.536,8.456,8.73,8.63,13.34,10.1,-0.0,-0.001,0.003,0.0,-0.05,,,87.5
-50.6,5.1,0.0,0.04,-0.34,-1.12,-6.74,0.83,-0.06,-1.0,0.4,7.21,7.299,11.488,11.546,6.97,10.1,5.4,11.38,0.001,-0.0,0.003,0.0,-0.05,,,87.55
-50.2,5.1,0.0,0.03,-0.58,-1.47,-5.63,-3.17,2.29,-1.0,0.4,7.338,9.751,10.919,11.232,11.87,11.28,7.16,8.04,0.002,-0.001,0.003,0.0,-0.04,,,87.6
-49.5,5.1,0.0,0.03,0.15,0.17,-5.63,-1.35,0.95,-1.0,0.4,12.213,10.428,8.672,9.359,10.89,9.61,7.85,10.4,0.001,-0.002,0.004,0.0,-0.04,,,87.65
-49.1,3.9,0.0,0.03,0.29,-0.06,-6.37,-1.54,-1.66,-1.0,0.4,10.33,8.996,8.201,9.074,10.3,9.12,6.87,10.1,0.001,-0.002,0.005,0.0,-0.05,,,87.7
-48.8,3.2,0.0,0.03,-0.02,-0.74,-6.34,-2.52,-1.26,-1.0,0.4,6.965,11.586,10.271,10.045,9.91,8.34,9.32,8.14,0.002,-0.002,0.006,0.0,-0.04,,,87.75
-48.7,2.6,0.0,0.03,-0.54,-1.15,-5.59,0.06,0.09,-1.0,0.4,5.082,11.949,11.291,10.045,7.85,9.91,10.5,8.93,0.002,-0.002,0.006,0.0,-0.04,,,87.8
-48.2,2.4,0.0,0.03,0.05,-1.14,-5.34,-2.4,2.09,-1.0,0.4,9.006,8.839,11.036,9.506,10.99,9.71,10.59,12.16,0.002,-0.002,0.007,0.0,-0.04,,,87.85
-47.9,2.3,0.0,0.03,0.78,-0.4,-5.28,-2.96,1.88,-1.0,0.4,14.058,6.906,8.378,9.192,11.38,5.79,9.32,8.34,0.002,-0.002,0.008,0.0,-0.04,,,87.9
-48.5,2.0,0.0,0.04,0.13,0.09,-6.54,-3.41,1.08,-1.0,0.4,10.771,13.106,8.525,9.123,12.75,11.58,9.12,9.12,0.002,-0.002,0.008,0.0,-0.05,,,87.95
-48.3,2.0,0.0,0.03,-0.19,-0.72,-6.29,-3.6,0.23,-1.0,0.4,7.328,12.037,10.624,10.163,7.85,12.95,12.46,9.22,0.001,-0.002,0.008,0.0,-0.04,,,88.0
-48.4,2.0,0.0,0.03,-0.41,-0.72,-5.94,-3.37,1.58,-1.0,0.4,6.759,11.036,11.036,9.673,9.81,10.79,12.65,11.77,0.002,-0.001,0.007,0.0,-0.04,,,88.05
-48.2,2.0,0.0,0.03,-0.66,-0.12,-5.45,-0.21,2.97,-1.0,0.4,8.338,10.526,10.457,8.721,11.58,9.03,12.07,10.59,0.001,-0.001,0.008,0.0,-0.04,,,88.1
-47.5,2.0,0.0,0.03,-0.45,-0.14,-5.73,1.74,2.79,-1.0,0.4,11.232,11.615,7.995,8.907,9.81,7.65,10.1,9.81,-0.0,-0.002,0.008,0.0,-0.04,,,88.15
-47.0,2.0,0.0,0.03,-0.45,-0.61,-5.87,-0.3,-0.12,-1.0,0.4,12.361,7.691,8.613,9.359,10.3,10.99,10.69,10.2,-0.0,-0.001,0.007,0.0,-0.04,,,88.2
-47.4,2.0,0.0,0.04,0.09,-0.52,-6.5,-1.94,-0.06,-1.0,0.4,8.545,11.262,10.86,9.27,10.79,8.73,10.69,10.5,-0.0,-0.001,0.006,0.0,-0.05,,,88.25
-47.6,2.0,0.0,0.03,-0.2,0.15,-6.47,0.91,1.33,-1.0,0.4,10.379,8.937,10.497,10.094,10.59,9.12,9.32,10.5,-0.0,-0.0,0.005,0.0,-0.04,,,88.3
-47.6,2.0,0.0,0.03,-0.26,-1.15,-6.02,0.66,0.75,-1.0,0.4,7.956,10.379,10.026,10.399,9.32,10.99,7.16,10.2,-0.0,0.0,0.004,0.0,-0.04,,,88.35
-47.7,2.0,0.0,0.03,-0.54,-0.41,-5.83,0.49,2.07,-1.0,0.4,10.536,6.798,8.849,10.732,10.69,9.12,10.79,9.61,-0.0,0.0,0.004,0.0,-0.04,,,88.4
-47.8,2.0,0.0,0.03,0.14,-0.21,-6.05,-0.29,2.29,-1.0,0.4,10.428,10.84,9.467,9.123,12.26,10.3,8.24,9.91,-0.001,-0.0,0.004,0.0,-0.04,,,88.45
-47.9,2.0,0.0,0.03,-0.09,-0.8,-6.27,-2.13,1.34,-1.0,0.4,9.427,9.682,10.183,9.506,10.5,10.5,9.03,7.65,-0.001,-0.0,0.003,0.0,-0.05,,,88.5
-48.0,2.0,0.0,0.03,-0.36,-0.71,-6.17,-3.28,-0.42,-1.0,0.4,8.564,10.389,10.124,9.692,9.32,10.3,9.91,10.69,-0.001,0.0,0.003,0.0,-0.04,,,88.55
-47.7,1.9,0.0,0.03,-0.62,-0.66,-5.72,-1.03,1.81,-1.0,0.4,10.791,8.849,8.898,9.555,11.77,9.91,12.16,16.48,-0.001,0.0,0.004,0.0,-0.04,,,88.6
-47.4,2.0,0.0,0.03,-0.02,0.13,-5.34,0.82,-2.21,-1.0,0.4,9.957,9.084,9.182,9.172,10.2,8.53,7.36,14.42,-0.002,0.0,0.003,0.0,-0.04,,,88.65
-47.2,2.0,0.0,0.03,-0.39,-0.69,-5.01,-0.53,2.19,-1.0,0.4,8.515,10.968,9.163,9.506,10.69,9.42,8.24,9.03,-0.002,-0.0,0.003,0.0,-0.04,,,88.7
-46.9,2.0,0.0,0.03,0.05,-0.43,-5.26,-0.46,-0.38,-1.0,0.4,8.486,9.3,10.997,10.811,9.52,11.18,10.2,8.93,-0.001,-0.0,0.003,0.0,-0.04,,,88.75
-46.5,2.0,0.0,0.03,-0.33,-0.19,-5.01,0.22,1.14,-1.0,0.4,8.24,10.32,9.947,9.624,10.01,11.28,8.44,9.03,-0.001,-0.0,0.003,0.0,-0.04,,,88.8
-45.5,1.9,0.0,0.02,-0.19,-0.22,-4.63,-1.2,1.09,-1.0,0.4,8.917,10.546,9.486,9.074,10.2,9.32,9.91,6.38,-0.001,-0.001,0.003,0.0,-0.03,,,88.85
-45.3,2.0,0.0,0.02,-0.57,-0.96,-4.14,0.17,0.96,-1.0,0.4,8.643,10.85,9.781,9.977,6.57,10.5,11.58,10.01,-0.001,-0.001,0.004,0.0,-0.03,,,88.9
-44.5,1.9,0.0,0.03,-0.07,-0.96,-4.94,2.87,-0.63,-1.0,0.4,11.183,10.036,9.938,9.928,9.81,8.83,9.81,9.52,-0.001,-0.001,0.004,0.0,-0.03,,,88.95
-43.7,2.0,0.0,0.03,-0.14,-0.95,-5.41,2.96,-0.43,-1.0,0.4,11.468,9.31,8.966,9.506,11.67,10.89,8.83,10.89,-0.001,-0.001,0.004,0.0,-0.04,,,89.0
-43.7,1.9,0.0,0.03,-0.38,0.14,-5.13,2.32,-2.13,-1.0,0.4,8.378,11.125,9.839,9.359,8.24,10.1,8.14,10.2,-0.001,-0.001,0.003,0.0,-0.04,,,89.05
-43.9,2.0,0.0,0.03,-0.43,0.17,-4.72,-1.04,-0.79,-1.0,0.4,8.397,9.192,9.486,9.722,9.81,9.32,8.44,10.5,-0.0,-0.001,0.003,0.0,-0.04,,,89.1
-44.5,2.0,0.0,0.03,0.13,-0.1,-4.61,-2.87,-1.18,-1.0,0.4,9.27,8.996,9.888,9.624,11.87,8.63,10.1,10.89,-0.0,-0.0,0.003,0.0,-0.03,,,89.15
-45.1,2.0,0.0,0.03,-0.06,-0.56,-4.96,-1.14,-2.19,-1.0,0.4,8.976,10.869,9.79,9.506,12.26,10.5,11.58,9.71,-0.001,-0.0,0.003,0.0,-0.03,,,89.2
-46.4,2.0,0.0,0.03,-0.58,-0.73,-4.58,-1.72,0.4,-1.0,0.4,10.183,10.408,10.212,9.643,10.99,10.1,9.12,10.4,-0.002,-0.0,0.003,0.0,-0.03,,,89.25
-48.2,2.0,0.0,0.03,-0.62,-0.16,-5.62,1.62,-1.72,-1.0,0.4,10.497,9.113,10.35,10.595,10.2,10.01,10.79,9.22,-0.002,-0.0,0.002,0.0,-0.04,,,89.3
-52.1,2.0,0.0,0.03,-0.34,-0.42,-5.76,-0.21,-0.86,-1.0,0.4,8.682,10.742,9.486,9.996,10.5,8.73,9.52,10.69,-0.001,-0.0,0.002,0.0,-0.04,,,89.35
-56.1,2.1,0.0,0.03,-0.09,-0.09,-6.02,-3.14,-1.0,-1.0,0.4,11.331,7.809,8.907,9.849,10.3,8.93,8.04,10.3,-0.001,-0.0,0.002,0.0,-0.04,,,89.4
-59.7,2.2,0.0,0.03,-0.5,-0.87,-6.13,-0.65,-0.03,-1.0,0.4,7.642,10.222,8.819,8.76,6.87,9.61,9.61,9.22,-0.001,0.0,0.002,0.0,-0.04,,,89.45
-62.4,2.3,0.0,0.04,-0.1,-0.37,-6.81,-1.46,-0.88,-1.0,0.4,10.369,10.811,10.663,9.771,10.99,11.18,11.67,10.2,-0.001,0.0,0.002,0.0,-0.05,,,89.5
-65.3,2.3,0.0,0.04,-0.69,-1.09,-7.56,-1.1,0.13,-1.0,0.4,8.613,9.074,11.566,9.977,10.3,10.5,13.24,10.4,-0.002,0.0,0.001,0.0,-0.05,,,89.55
-68.7,2.4,0.0,0.04,0.3,-0.52,-7.72,0.12,1.1,-1.0,0.4,11.331,10.232,10.251,10.016,9.22,8.14,12.26,9.61,-0.002,-0.001,0.001,0.0,-0.05,,,89.6
-72.6,2.4,0.0,0.04,-0.36,-1.2,-7.23,0.31,0.54,-1.0,0.4,8.711,10.477,10.153,10.144,8.63,11.09,11.09,10.5,-0.002,-0.001,0.001,0.0,-0.05,,,89.65
-76.7,2.5,0.0,0.04,-0.1,-0.29,-7.43,-1.24,1.59,-1.0,0.4,12.341,6.053,9.879,10.31,12.75,7.85,9.03,9.71,-0.001,-0.0,0.002,0.0,-0.05,,,89.7
-80.4,2.4,0.0,0.05,-0.35,-1.35,-8.34,2.71,1.23,-1.0,0.4,8.996,9.388,8.976,9.947,11.97,9.42,5.98,10.01,-0.0,-0.0,0.002,0.0,-0.06,,,89.75
-83.6,2.5,0.0,0.05,-0.07,-0.54,-9.3,-1.09,-0.07,-1.0,0.4,10.35,10.016,8.113,8.554,12.85,9.71,9.81,10.3,-0.0,-0.0,0.002,0.0,-0.07,,,89.8
-85.8,2.5,0.0,0.05,-0.03,-0.1,-9.85,-1.84,1.03,-1.0,0.4,10.919,7.76,10.369,10.261,10.5,6.67,8.63,9.81,-0.001,-0.001,0.002,0.0,-0.07,,,89.85
-86.2,2.5,0.0,0.05,-0.76,-1.72,-9.05,1.55,2.08,-1.0,0.4,9.82,9.614,10.271,10.762,9.91,6.57,9.91,10.01,-0.001,-0.001,0.002,0.0,-0.06,,,89.9
-86.6,2.6,0.0,0.05,0.09,-0.41,-8.28,0.14,0.54,-1.0,0.4,10.654,9.153,10.585,10.065,10.1,9.61,10.1,7.95,-0.001,-0.002,0.003,0.0,-0.06,,,89.95
-86.5,2.6,0.0,0.05,-0.39,-1.18,-8.29,-1.76,1.73,-1.0,0.4,10.291,9.506,9.31,8.211,10.79,10.79,8.34,8.63,-0.001,-0.002,0.004,0.0,-0.06,,,90.0
-85.7,2.6,0.0,0.05,-0.37,-0.75,-9.09,-1.53,-0.94,-1.0,0.4,10.34,10.271,8.937,9.104,10.01,9.91,9.61,9.12,-0.0,-0.002,0.004,0.0,-0.06,,,90.05
-84.6,2.7,0.0,0.05,-0.11,-0.58,-9.03,0.27,0.05,-1.0,0.4,10.899,9.202,9.957,9.241,10.59,10.89,8.53,8.63,-0.0,-0.001,0.004,0.0,-0.06,,,90.1
-83.3,2.7,0.0,0.05,-0.27,-0.8,-8.79,-0.16,-1.24,-1.0,0.4,10.006,8.182,9.722,10.212,9.71,8.83,10.69,10.01,-0.0,-0.001,0.004,0.0,-0.06,,,90.15
-82.0,2.7,0.0,0.05,-0.59,-0.52,-8.56,-0.0,0.81,-1.0,0.4,8.692,11.38,9.702,9.741,12.65,9.71,8.93,9.81,-0.0,-0.001,0.004,0.0,-0.06,,,90.2
-81.3,2.7,0.0,0.05,-0.29,-0.42,-8.49,0.6,0.45,-1.0,0.4,10.673,10.654,8.809,8.476,12.36,9.91,8.44,10.89,-0.001,-0.001,0.004,0.0,-0.06,,,90.25
-80.8,2.7,0.0,0.05,-0.12,-0.69,-8.58,1.49,-1.95,-1.0,0.4,10.83,9.702,9.398,9.898,11.28,9.52,10.01,11.87,-0.001,-0.001,0.003,0.0,-0.06,,,90.3
-80.6,2.7,0.0,0.05,-0.25,-0.6,-8.93,-1.06,-0.4,-1.0,0.4,10.752,7.779,10.163,10.114,8.44,9.81,11.28,10.1,-0.001,-0.0,0.002,0.0,-0.06,,,90.35
-80.8,2.7,0.0,0.05,-0.45,-0.67,-8.99,0.61,0.71,-1.0,0.4,10.32,7.711,10.055,10.261,9.22,10.01,8.04,9.42,-0.001,0.0,0.002,0.0,-0.06,,,90.4
-81.0,2.7,0.0,0.05,0.08,-0.21,-8.39,-0.68,-0.43,-1.0,0.4,9.094,10.065,8.996,9.172,10.2,9.12,11.09,9.52,-0.001,0.0,0.002,0.0,-0.06,,,90.45
-81.0,2.8,0.0,0.04,-0.14,-0.66,-7.74,-0.24,0.84,-1.0,0.4,9.172,10.232,9.712,9.555,9.71,11.09,9.91,7.85,-0.001,0.0,0.003,0.0,-0.06,,,90.5
-80.9,2.8,0.0,0.04,0.08,-1.0,-8.31,-0.22,-1.04,-1.0,0.4,10.408,9.025,10.457,9.81,10.3,10.01,11.87,9.71,-0.001,-0.0,0.002,0.0,-0.06,,,90.55
-80.7,2.8,0.0,0.05,-0.46,-0.27,-8.67,-3.31,0.8,-1.0,0.4,10.016,9.977,9.575,10.016,9.03,9.42,10.3,10.2,-0.001,-0.0,0.002,0.0,-0.06,,,90.6
-80.7,2.8,0.0,0.05,-0.03,-0.03,-8.53,0.94,-0.72,-1.0,0.4,10.487,8.672,9.938,10.595,11.48,10.69,9.52,9.32,-0.001,-0.0,0.002,0.0,-0.06,,,90.65
-80.7,2.8,0.0,0.05,-0.07,-0.63,-8.59,0.4,-0.36,-1.0,0.4,11.321,9.084,9.457,10.948,11.77,9.61,9.32,10.2,-0.001,0.0,0.002,0.0,-0.06,,,90.7
-80.7,2.9,0.0,0.04,-0.14,-0.8,-8.29,-0.25,-1.62,-1.0,0.4,11.38,8.437,9.702,9.996,10.69,10.5,10.1,9.52,-0.001,0.0,0.002,0.0,-0.06,,,90.75
-80.7,2.9,0.0,0.04,-0.05,-0.77,-8.0,-0.51,-0.86,-1.0,0.4,8.76,10.497,10.526,10.094,9.61,9.12,9.61,9.03,-0.001,0.0,0.001,0.0,-0.06,,,90.8
-80.7,2.9,0.0,0.04,0.13,-1.9,-8.0,-0.78,0.6,-1.0,0.4,8.643,9.457,10.663,8.672,7.85,10.79,11.38,8.63,-0.001,0.0,0.001,0.0,-0.06,,,90.85
-80.6,2.9,0.0,0.04,-0.47,-0.81,-7.91,0.01,0.04,-1.0,0.4,10.124,11.232,9.81,8.79,10.59,11.58,8.44,8.63,-0.001,-0.0,0.002,0.0,-0.06,,,90.9
-80.6,2.9,0.0,0.04,-0.66,-0.12,-8.1,2.68,-1.52,-1.0,0.4,10.32,9.535,9.82,9.849,9.12,9.52,13.64,8.73,-0.001,-0.0,0.002,0.0,-0.06,,,90.95
-80.6,2.9,0.0,0.04,-0.18,-0.79,-7.9,0.43,-0.25,-1.0,0.4,10.448,7.691,11.478,10.781,8.73,11.28,10.4,11.38,-0.001,-0.0,0.002,0.0,-0.06,,,91.0
-80.7,2.9,0.0,0.04,-0.33,-1.14,-7.36,0.6,1.2,-1.0,0.4,8.015,10.938,9.31,10.399,11.58,10.1,8.73,9.32,-0.0,-0.0,0.002,0.0,-0.05,,,91.05
-80.8,2.9,0.0,0.04,-0.05,0.29,-7.3,0.09,-0.32,-1.0,0.4,11.85,8.289,7.514,8.26,10.89,8.93,9.22,10.1,-0.0,-0.0,0.003,0.0,-0.05,,,91.1
-80.8,2.9,0.0,0.04,0.06,-0.88,-8.02,-0.42,-0.36,-1.0,0.4,10.114,7.338,9.604,9.555,9.32,10.59,8.83,9.81,-0.0,-0.0,0.003,0.0,-0.06,,,91.15
-80.6,2.9,0.0,0.04,-0.16,-0.57,-7.6,-1.74,-1.29,-1.0,0.4,7.436,11.546,9.898,10.163,11.77,10.01,8.24,9.61,-0.0,-0.0,0.003,0.0,-0.05,,,91.2
-80.5,2.8,0.0,0.04,-0.35,-0.14,-7.29,0.55,-1.18,-1.0,0.4,10.516,8.751,10.703,10.114,12.36,8.53,10.01,10.69,-0.0,-0.0,0.003,0.0,-0.05,,,91.25
-80.6,2.8,0.0,0.04,-0.35,-0.56,-7.88,-0.14,-1.02,-1.0,0.4,9.859,9.604,10.006,9.996,9.81,10.1,10.5,9.71,-0.001,-0.0,0.003,0.0,-0.05,,,91.3
-80.8,2.8,0.0,0.04,-0.58,-1.11,-7.78,0.56,-0.13,-1.0,0.4,7.23,10.919,10.585,9.408,9.91,9.91,9.81,10.89,-0.001,-0.0,0.003,0.0,-0.06,,,91.35
-81.5,2.8,0.0,0.04,-0.47,-0.63,-8.01,1.2,-0.57,-1.0,0.4,6.975,11.9,9.604,9.575,8.83,9.71,9.61,10.4,-0.001,-0.0,0.003,0.0,-0.06,,,91.4
-82.8,2.8,0.0,0.04,0.17,0.31,-7.89,-1.03,-0.46,-1.0,0.4,9.447,9.506,9.457,9.879,10.4,8.53,10.69,10.5,-0.001,0.0,0.003,0.0,-0.05,,,91.45
-83.5,2.9,0.0,0.04,-0.1,-1.01,-7.8,-0.5,0.82,-1.0,0.4,10.703,7.426,9.8,10.114,10.3,10.1,9.91,9.32,-0.001,0.001,0.003,0.0,-0.06,,,91.5
-83.7,2.8,0.0,0.04,0.11,-0.67,-7.96,1.67,-0.48,-1.0,0.4,6.269,13.342,9.83,9.643,10.2,9.61,10.99,7.46,-0.001,0.0,0.002,0.0,-0.06,,,91.55
-83.8,2.8,0.0,0.04,-0.14,-0.69,-7.5,0.42,0.91,-1.0,0.4,10.448,11.272,10.055,9.123,9.32,10.1,8.73,10.4,-0.002,0.0,0.002,0.0,-0.06,,,91.6
-83.9,2.9,0.0,0.04,-0.36,-0.45,-7.79,0.43,-0.83,-1.0,0.4,11.841,6.857,9.751,10.693,8.53,9.91,8.83,9.12,-0.002,0.001,0.002,0.0,-0.06,,,91.65
-84.4,2.9,0.0,0.04,-0.25,-1.16,-7.59,-0.37,1.09,-1.0,0.4,9.722,8.466,10.242,9.79,10.01,9.81,7.65,9.52,-0.002,0.001,0.001,0.0,-0.06,,,91.7
-84.7,2.9,0.0,0.04,-0.27,-0.28,-7.82,1.37,1.24,-1.0,0.4,7.799,11.478,9.81,10.281,10.4,9.71,9.03,10.4,-0.002,0.001,0.001,0.0,-0.06,,,91.75
-84.9,2.9,0.0,0.04,-0.02,0.19,-8.13,0.61,1.85,-1.0,0.4,9.584,9.977,9.82,9.81,9.91,9.42,11.28,8.93,-0.002,0.001,0.0,0.0,-0.06,,,91.8
-85.0,2.9,0.0,0.04,-0.0,0.05,-7.87,0.97,1.39,-1.0,0.4,9.751,9.192,9.32,8.358,9.22,9.32,10.59,9.52,-0.002,0.001,0.0,0.0,-0.06,,,91.85
-84.7,2.9,0.0,0.04,-0.48,-1.04,-7.69,-0.07,3.2,-1.0,0.4,12.527,6.847,9.604,9.879,9.52,9.52,11.58,8.53,-0.002,0.001,-0.0,0.0,-0.05,,,91.9
-84.6,2.9,0.0,0.04,-0.59,-0.66,-7.46,-0.37,1.04,-1.0,0.4,10.359,8.388,10.33,8.721,11.38,9.12,9.71,9.81,-0.002,0.001,-0.0,0.0,-0.05,,,91.95
-84.2,2.9,0.0,0.04,-0.18,-0.05,-7.35,0.52,1.33,-1.0,0.4,7.475,12.557,9.241,9.81,9.42,9.22,9.81,10.69,-0.002,0.001,-0.0,0.0,-0.05,,,92.0
-83.9,2.9,0.0,0.04,-0.37,-0.47,-7.63,0.58,-0.48,-1.0,0.4,10.565,8.27,10.114,10.516,9.71,8.44,9.42,10.69,-0.002,0.001,-0.0,0.0,-0.05,,,92.05
-83.8,2.9,0.0,0.04,0.03,0.27,-7.74,-1.76,1.15,-1.0,0.4,10.251,8.682,10.242,10.732,11.48,9.32,9.61,9.42,-0.002,0.001,-0.001,0.0,-0.05,,,92.1
-83.3,2.9,0.0,0.04,-0.12,-0.83,-7.12,0.58,2.46,-1.0,0.4,10.144,9.437,9.928,9.074,10.1,9.81,10.79,9.03,-0.002,0.001,-0.001,0.0,-0.05,,,92.15
-82.6,2.9,0.0,0.04,0.06,-1.03,-7.08,0.86,0.16,-1.0,0.4,6.73,12.606,9.614,10.016,10.99,10.69,9.32,9.52,-0.002,0.001,-0.0,0.0,-0.05,,,92.2
-81.4,2.9,0.0,0.04,-0.5,-0.57,-7.38,2.16,0.9,-1.0,0.4,8.388,10.879,10.359,8.809,10.4,9.71,10.1,9.52,-0.002,0.0,-0.0,0.0,-0.05,,,92.25
-80.9,2.9,0.0,0.04,-0.09,-0.12,-7.08,1.3,-1.35,-1.0,0.4,8.025,11.144,9.565,9.408,8.93,9.12,9.22,9.91,-0.002,0.0,-0.0,0.0,-0.05,,,92.3
-80.3,2.9,0.0,0.04,-0.74,-0.5,-7.24,1.69,0.67,-1.0,0.4,10.497,9.692,9.584,9.408,9.71,8.34,7.65,8.14,-0.001,0.0,-0.0,0.0,-0.05,,,92.35
-79.9,2.9,0.0,0.04,-0.4,0.24,-7.03,0.55,-0.81,-1.0,0.4,12.684,9.418,9.388,9.074,11.48,9.22,10.3,8.34,-0.001,0.0,0.0,0.0,-0.05,,,92.4
-79.6,2.9,0.0,0.04,-0.09,-0.58,-6.54,1.07,2.13,-1.0,0.4,12.243,8.495,8.711,9.722,9.12,10.1,8.53,9.42,-0.001,0.0,0.001,0.0,-0.05,,,92.45
-79.3,3.0,0.0,0.04,-0.52,-0.96,-6.82,-0.08,-0.02,-1.0,0.4,11.576,8.093,9.496,9.006,10.1,9.22,8.73,8.04,-0.001,-0.0,0.001,0.0,-0.05,,,92.5
-79.2,3.0,0.0,0.04,-0.22,-0.32,-6.74,-0.83,-0.53,-1.0,0.4,8.25,8.358,9.996,10.045,8.83,9.32,11.09,8.63,-0.001,-0.0,0.001,0.0,-0.05,,,92.55
-79.3,3.0,0.0,0.04,-0.03,-0.83,-7.1,-0.08,0.32,-1.0,0.4,6.583,11.007,9.437,10.546,10.3,10.3,10.2,9.81,-0.001,-0.0,0.001,0.0,-0.05,,,92.6
-79.0,3.0,0.0,0.04,-0.1,-0.05,-6.62,0.72,1.08,-1.0,0.4,8.996,11.242,11.164,8.574,11.67,9.81,9.81,9.71,-0.001,-0.0,0.001,0.0,-0.05,,,92.65
-78.7,3.0,0.0,0.04,0.45,0.36,-6.55,0.81,-0.29,-1.0,0.4,11.203,9.732,8.986,9.388,10.59,9.91,9.03,9.42,-0.001,-0.001,0.001,0.0,-0.05,,,92.7
-78.3,3.0,0.0,0.04,0.47,-0.5,-6.32,-0.91,-0.22,-1.0,0.4,11.978,6.936,8.476,8.741,10.01,8.34,10.5,9.32,-0.001,-0.0,0.002,0.0,-0.05,,,92.75
-78.3,3.0,0.0,0.04,0.03,-0.8,-6.95,-0.61,-2.19,-1.0,0.4,10.781,7.701,10.114,8.093,9.81,9.32,11.09,10.01,-0.0,0.0,0.002,0.0,-0.05,,,92.8
-78.1,3.0,0.0,0.04,-0.02,-0.53,-6.78,0.04,-0.63,-1.0,0.4,6.896,10.094,11.252,9.457,9.71,9.22,8.44,9.03,-0.0,0.0,0.002,0.0,-0.05,,,92.85
-78.2,3.0,0.0,0.03,-0.44,-0.07,-6.55,-0.38,1.17,-1.0,0.4,7.819,12.547,8.329,10.948,10.1,9.42,8.53,11.28,-0.0,-0.0,0.002,0.0,-0.05,,,92.9
-77.9,3.1,0.0,0.04,0.21,0.35,-6.72,-0.68,-0.42,-1.0,0.4,13.911,7.475,9.575,10.094,9.22,9.81,10.1,12.16,-0.001,-0.0,0.002,0.0,-0.05,,,92.95
-77.9,3.1,0.0,0.04,0.16,-0.46,-6.9,-0.49,-0.68,-1.0,0.4,10.036,9.938,10.457,10.183,8.73,10.4,9.03,11.28,-0.001,-0.0,0.002,0.0,-0.05,,,93.0
-77.9,3.1,0.0,0.04,0.01,-0.89,-7.01,-0.24,-0.33,-1.0,0.4,6.7,11.752,7.956,12.096,8.83,10.89,8.63,10.5,-0.001,-0.0,0.001,0.0,-0.05,,,93.05
-77.9,3.1,0.0,0.04,0.43,-0.58,-7.08,-1.32,-1.07,-1.0,0.4,10.683,8.162,9.555,9.408,9.61,9.42,9.61,8.44,-0.001,-0.0,0.001,0.0,-0.05,,,93.1
-77.9,3.2,0.0,0.04,-0.14,-0.71,-6.53,-0.53,-0.13,-1.0,0.4,11.399,5.955,10.271,7.789,9.91,9.71,10.69,10.59,-0.001,0.0,0.002,0.0,-0.05,,,93.15
-77.9,3.2,0.0,0.04,0.37,-0.33,-6.46,-1.46,-0.28,-1.0,0.4,6.023,11.517,9.516,10.379,10.99,9.03,9.42,11.38,-0.001,0.0,0.002,0.0,-0.05,,,93.2
-77.9,3.2,0.0,0.04,-0.04,0.07,-7.1,1.81,0.37,-1.0,0.4,11.841,8.711,9.918,9.81,11.38,10.01,11.77,9.12,-0.001,0.0,0.001,0.0,-0.05,,,93.25
-77.9,3.2,0.0,0.04,0.28,0.22,-7.11,-0.8,-0.77,-1.0,0.4,10.075,9.545,10.016,9.741,8.04,9.52,10.59,10.79,-0.001,0.0,0.001,0.0,-0.05,,,93.3
-77.9,3.2,0.0,0.04,0.03,-1.31,-6.83,0.92,0.51,-1.0,0.4,7.475,11.223,8.839,9.771,9.91,9.22,8.14,9.52,-0.001,0.0,0.001,0.0,-0.05,,,93.35
-77.0,3.2,0.0,0.04,-0.08,-0.3,-6.7,1.39,-0.29,-1.0,0.4,9.584,9.741,9.849,9.172,10.59,9.12,9.32,10.4,-0.001,0.0,0.001,0.0,-0.05,,,93.4
-76.8,3.3,0.0,0.04,0.37,0.44,-6.87,0.13,0.44,-1.0,0.4,12.155,7.24,8.368,12.047,11.77,8.34,8.83,12.65,-0.001,0.0,0.001,0.0,-0.05,,,93.45
-76.6,3.3,0.0,0.04,0.33,-0.57,-6.69,1.15,1.41,-1.0,0.4,11.115,7.407,10.114,9.025,8.73,9.91,12.16,8.53,-0.001,0.0,0.001,0.0,-0.05,,,93.5
-76.7,3.2,0.0,0.04,-0.06,-0.25,-6.97,1.05,-0.79,-1.0,0.4,6.651,12.831,10.271,8.839,9.61,10.5,7.46,9.12,-0.001,0.001,0.0,0.0,-0.05,,,93.55
-76.8,3.2,0.0,0.04,-0.12,-0.9,-6.63,1.34,1.44,-1.0,0.4,6.651,11.164,10.271,10.232,10.3,10.3,10.3,10.99,-0.001,0.001,0.0,0.0,-0.05,,,93.6
-76.7,3.2,0.0,0.04,-0.23,-0.31,-6.59,2.35,1.06,-1.0,0.4,8.682,11.399,11.115,8.388,9.81,11.87,8.44,8.83,-0.001,0.001,-0.0,0.0,-0.05,,,93.65
-76.6,3.2,0.0,0.04,0.06,0.9,-6.28,0.49,-0.33,-1.0,0.4,11.37,11.978,7.701,11.429,9.03,10.4,7.85,10.1,-0.002,0.0,-0.0,0.0,-0.05,,,93.7
-76.4,3.2,0.0,0.04,-0.47,-0.57,-6.79,1.36,1.37,-1.0,0.4,14.038,7.573,10.742,7.122,10.1,11.18,10.89,7.46,-0.002,0.001,-0.0,0.0,-0.05,,,93.75
-76.4,3.3,0.0,0.04,-0.02,0.26,-7.21,-0.07,-1.81,-1.0,0.4,11.046,8.701,8.672,9.692,10.59,9.12,10.1,10.89,-0.002,0.001,-0.0,0.0,-0.05,,,93.8
-76.3,3.2,0.0,0.04,0.04,-0.37,-6.92,-0.83,2.45,-1.0,0.4,12.243,8.123,10.654,8.456,9.12,10.99,10.2,8.73,-0.001,0.001,-0.0,0.0,-0.05,,,93.85
-76.3,3.3,0.0,0.04,-0.05,-0.69,-6.74,-0.82,-0.35,-1.0,0.4,10.085,10.153,8.397,11.046,9.22,10.1,7.95,9.71,-0.001,0.001,-0.0,0.0,-0.05,,,93.9
-76.4,3.4,0.0,0.04,-0.22,-0.64,-7.2,-1.5,0.6,-1.0,0.4,10.605,8.603,9.947,9.025,9.81,10.99,9.42,10.4,-0.001,0.001,-0.0,0.0,-0.05,,,93.95
-76.2,3.4,0.0,0.04,0.17,-1.23,-6.97,-1.71,-0.02,-1.0,0.4,8.211,9.025,11.115,10.899,6.87,10.01,10.1,9.91,-0.001,0.001,-0.0,0.0,-0.05,,,94.0
-76.1,3.4,0.0,0.04,0.17,-1.11,-6.94,-1.47,0.09,-1.0,0.4,8.348,8.652,9.771,10.644,9.12,10.3,10.2,10.99,-0.001,0.001,-0.0,0.0,-0.05,,,94.05
-76.1,3.3,0.0,0.04,0.26,-1.17,-6.92,-0.94,0.15,-1.0,0.4,8.574,7.77,11.801,8.407,10.1,8.34,10.89,10.59,-0.001,0.001,-0.0,0.0,-0.05,,,94.1
-76.0,3.3,0.0,0.04,0.53,-0.77,-6.49,0.66,0.12,-1.0,0.4,8.103,8.476,9.771,10.565,9.42,8.93,8.44,10.69,-0.001,0.001,-0.0,0.0,-0.05,,,94.15
-76.0,3.3,0.0,0.04,0.64,-0.56,-6.91,1.1,1.11,-1.0,0.4,5.886,10.497,10.301,10.212,8.53,10.01,9.22,10.3,-0.001,0.001,-0.0,0.0,-0.05,,,94.2
-76.0,3.3,0.0,0.04,0.11,-0.63,-6.66,0.68,1.82,-1.0,0.4,7.014,10.987,10.703,8.044,8.93,9.52,12.36,8.83,-0.001,0.001,-0.0,0.0,-0.05,,,94.25
-76.2,3.2,0.0,0.04,0.37,0.18,-6.47,1.65,2.09,-1.0,0.4,8.888,11.635,8.652,9.359,10.5,9.22,9.52,10.89,-0.001,0.001,-0.0,0.0,-0.05,,,94.3
-76.2,3.2,0.0,0.04,0.13,0.47,-6.89,1.2,1.7,-1.0,0.4,8.839,10.771,9.241,10.565,10.3,9.32,8.53,10.3,-0.001,0.001,-0.0,0.0,-0.05,,,94.35
-75.5,3.1,0.0,0.04,0.38,-0.04,-6.73,2.78,1.04,-1.0,0.4,9.722,12.341,11.282,8.388,9.22,10.79,11.58,8.93,-0.001,0.0,-0.0,0.0,-0.05,,,94.4
-74.2,3.2,0.0,0.04,0.12,-0.05,-6.62,1.07,2.09,-1.0,0.4,10.575,9.859,10.026,9.604,10.01,10.2,9.42,9.52,-0.001,0.0,-0.0,0.0,-0.05,,,94.45
-72.5,3.2,0.0,0.04,0.5,0.27,-7.08,1.91,0.51,-1.0,0.4,12.763,8.849,9.064,8.741,11.97,9.03,8.73,11.97,-0.001,-0.0,0.0,0.0,-0.05,,,94.5
-71.0,3.3,0.0,0.04,-0.15,-0.0,-6.76,1.48,1.26,-1.0,0.4,12.625,7.338,8.397,10.693,10.99,9.32,9.81,9.71,-0.001,-0.0,0.0,0.0,-0.05,,,94.55
-70.5,3.3,0.0,0.03,-0.25,0.47,-6.18,0.48,-0.17,-1.0,0.4,10.811,8.692,9.83,10.33,9.32,9.03,8.34,10.4,-0.0,0.0,0.0,0.0,-0.05,,,94.6
-69.0,3.3,0.0,0.03,0.09,-0.22,-6.28,-1.58,1.45,-1.0,0.4,8.633,8.427,9.575,9.996,8.63,9.03,9.42,8.63,-0.0,0.0,0.0,0.0,-0.04,,,94.65
-67.1,3.3,0.0,0.03,-0.52,-0.45,-6.19,0.66,1.92,-1.0,0.4,7.985,10.281,10.408,9.241,9.61,9.03,10.5,11.77,-0.0,0.0,0.001,0.0,-0.04,,,94.7
-64.3,3.4,0.0,0.03,0.11,-0.91,-6.32,-0.58,2.03,-1.0,0.4,7.151,8.025,10.526,9.79,9.61,9.52,9.12,9.91,-0.0,0.0,0.001,0.0,-0.04,,,94.75
-61.4,3.4,0.0,0.03,-0.48,-0.38,-6.11,-0.4,0.84,-1.0,0.4,7.642,10.86,10.595,9.476,9.12,9.12,10.99,11.97,-0.001,-0.0,0.001,0.0,-0.04,,,94.8
-58.9,3.3,0.0,0.03,-0.36,-1.09,-5.75,1.14,1.82,-1.0,0.4,8.24,9.457,11.399,10.114,8.73,11.38,9.42,11.18,-0.001,-0.0,0.0,0.0,-0.04,,,94.85
-56.6,3.4,0.0,0.03,-0.27,-0.3,-5.45,-1.16,-0.17,-1.0,0.4,8.182,9.732,12.429,9.339,8.73,9.81,11.77,9.22,-0.001,-0.0,0.0,0.0,-0.04,,,94.9
-55.1,3.3,0.0,0.03,0.31,-0.62,-4.8,0.71,2.23,-1.0,0.4,7.936,9.516,10.281,10.183,9.61,10.1,8.63,10.01,-0.0,-0.0,0.0,0.0,-0.03,,,94.95
-52.9,3.2,0.0,0.03,-0.02,-0.14,-5.37,-0.25,2.13,-1.0,0.4,8.083,10.811,10.036,9.074,10.2,9.42,8.83,8.83,-0.0,-0.0,0.001,0.0,-0.04,,,95.0
-50.8,3.2,0.0,0.03,-0.0,-0.65,-5.17,-0.07,1.21,-1.0,0.4,6.906,10.144,8.751,9.339,10.5,9.91,10.59,8.83,-0.001,0.0,0.001,0.0,-0.04,,,95.05
-48.9,3.2,0.0,0.03,0.27,-0.45,-5.58,-0.2,-0.13,-1.0,0.4,7.613,10.006,8.711,9.457,12.07,9.52,6.87,10.89,-0.0,0.0,0.001,0.0,-0.04,,,95.1
-46.6,3.1,0.0,0.03,0.1,-0.15,-4.81,-0.31,0.75,-1.0,0.4,6.053,11.664,10.575,8.741,9.22,10.59,9.03,8.93,-0.001,0.0,0.001,0.0,-0.03,,,95.15
-45.1,3.1,0.0,0.02,-0.27,-0.36,-4.16,-0.94,0.06,-1.0,0.4,7.073,11.272,9.732,9.575,9.81,8.93,9.81,9.81,-0.001,-0.0,0.001,0.0,-0.03,,,95.2
-42.7,3.1,0.0,0.02,-0.03,0.17,-4.39,-2.23,0.15,-1.0,0.4,9.172,9.653,8.986,9.575,10.79,8.83,8.53,8.63,-0.001,-0.0,0.001,0.0,-0.03,,,95.25
-41.2,3.0,0.0,0.02,-0.12,0.19,-4.13,0.13,-1.68,-1.0,0.4,7.171,12.351,10.055,9.388,10.4,9.81,11.38,10.89,-0.001,-0.0,0.001,0.0,-0.03,,,95.3
-38.7,2.9,0.0,0.02,-0.13,-0.51,-3.76,0.77,-0.16,-1.0,0.4,9.29,10.418,9.898,9.849,9.52,10.3,11.77,10.4,-0.001,-0.0,0.001,0.0,-0.03,,,95.35
-36.8,2.8,0.0,0.02,-0.3,0.51,-3.55,0.21,0.12,-1.0,0.4,9.084,12.616,9.408,8.976,10.99,11.67,9.12,8.24,-0.001,-0.0,0.001,0.0,-0.03,,,95.4
-35.2,2.7,0.0,0.02,-0.44,-0.09,-3.45,2.43,-0.96,-1.0,0.4,9.261,11.488,8.682,9.722,8.44,10.89,7.75,9.03,-0.001,-0.0,0.001,0.0,-0.03,,,95.45
-33.7,2.7,0.0,0.02,-0.18,0.39,-3.61,-2.07,-2.21,-1.0,0.4,7.554,11.929,9.192,9.879,11.38,8.34,8.14,9.42,-0.001,-0.0,0.0,0.0,-0.03,,,95.5
-31.5,2.6,0.0,0.02,-0.27,0.24,-3.51,-0.33,-1.78,-1.0,0.4,8.78,9.947,8.662,9.025,10.1,8.93,9.12,10.2,-0.001,0.0,0.0,0.0,-0.02,,,95.55
-29.6,2.6,0.0,0.02,0.08,0.06,-2.98,0.23,-1.39,-1.0,0.4,9.987,8.034,10.144,10.183,10.59,8.24,10.2,10.4,-0.001,0.001,0.0,0.0,-0.02,,,95.6
-27.4,2.5,0.0,0.02,-0.5,-0.42,-2.85,0.05,0.39,-1.0,0.4,13.508,5.415,9.83,10.516,10.59,9.71,10.4,10.99,-0.001,0.001,0.0,0.0,-0.02,,,95.65
-24.6,2.4,0.0,0.01,0.17,-0.21,-2.46,2.56,-1.49,-1.0,0.4,6.484,11.998,9.722,10.094,10.3,10.99,9.42,12.36,-0.001,0.0,0.0,0.0,-0.02,,,95.7
-22.0,2.4,0.0,0.01,-0.55,-0.35,-2.16,0.84,0.49,-1.0,0.4,7.132,11.644,10.781,10.86,11.87,10.79,10.1,8.53,-0.001,0.0,-0.001,0.0,-0.02,,,95.75
-20.3,2.3,0.0,0.01,-0.25,0.72,-2.23,1.17,-1.24,-1.0,0.4,11.017,8.819,9.83,10.065,11.18,9.12,8.34,9.91,-0.001,0.0,-0.001,0.0,-0.02,,,95.8
-18.6,2.3,0.0,0.01,-0.18,-0.19,-1.77,0.48,1.96,-1.0,0.4,11.546,8.299,8.947,9.074,9.03,10.79,9.32,9.42,-0.001,0.0,-0.001,0.0,-0.01,,,95.85
-16.8,2.3,0.0,0.01,-0.49,0.35,-1.39,0.38,0.53,-1.0,0.4,8.388,10.026,9.143,9.388,10.59,9.61,7.95,10.01,-0.001,-0.0,-0.0,0.0,-0.01,,,95.9
-14.9,2.2,0.0,0.01,-0.31,0.55,-1.65,-0.22,-0.52,-1.0,0.4,11.046,8.858,9.977,9.849,11.09,9.03,9.32,9.71,-0.001,0.0,-0.0,0.0,-0.01,,,95.95
-13.1,2.2,0.0,0.01,-0.56,-0.69,-0.88,0.36,0.3,-1.0,0.4,6.759,10.968,10.958,10.144,8.83,10.69,11.58,9.71,-0.001,0.0,-0.001,0.0,-0.01,,,96.0
-11.7,2.2,0.0,0.01,-0.25,0.25,-1.68,-0.22,0.8,-1.0,0.4,11.478,8.976,10.055,9.741,11.28,10.4,12.95,9.81,-0.001,0.0,-0.001,0.0,-0.01,,,96.05
-10.0,2.2,0.0,0.01,-0.08,0.46,-1.23,0.19,1.49,-1.0,0.4,7.475,12.056,9.614,9.506,9.71,9.61,9.03,8.83,-0.002,-0.0,-0.001,0.0,-0.01,,,96.1
-9.5,2.2,0.0,0.0,-0.46,-0.31,-0.68,-0.22,-1.62,-1.0,0.4,9.604,9.045,8.594,9.575,9.32,9.32,9.52,9.61,-0.001,0.0,-0.001,0.0,-0.01,,,96.15
-8.9,2.2,0.0,0.0,-0.44,0.62,-0.92,0.16,0.34,-1.0,0.4,10.86,7.877,9.839,10.114,11.58,7.55,7.95,10.1,-0.001,0.0,-0.001,0.0,-0.0,,,96.2
-8.7,2.2,0.0,0.0,-0.29,0.41,-0.64,2.16,-0.0,-1.0,0.4,9.624,9.879,9.055,9.849,11.28,8.93,10.1,11.18,-0.001,0.0,-0.001,0.0,-0.01,,,96.25
-8.5,2.3,0.0,0.0,-0.09,-0.25,-0.24,-1.02,1.34,-1.0,0.4,8.809,11.34,9.849,9.996,11.09,11.09,8.53,10.79,-0.001,-0.0,-0.001,0.0,-0.0,,,96.3
-8.0,2.3,0.0,0.0,-0.42,-0.67,-0.54,-1.33,-0.32,-1.0,0.4,8.937,10.457,10.565,9.457,10.4,10.99,12.07,7.85,-0.001,-0.0,-0.001,0.0,-0.01,,,96.35
-7.7,2.3,0.0,0.0,-0.46,0.43,-0.61,3.33,0.88,-1.0,0.4,8.025,10.575,10.271,9.31,10.89,8.83,9.22,10.4,-0.001,-0.0,-0.0,0.0,-0.0,,,96.4
-7.4,2.3,0.0,0.0,-0.44,0.17,-0.78,1.92,0.83,-1.0,0.4,8.358,11.232,9.584,9.241,9.42,8.93,7.95,7.95,-0.001,-0.0,-0.0,0.0,-0.01,,,96.45
-7.1,2.3,0.0,0.0,-0.53,0.44,-0.84,-0.57,0.36,-1.0,0.4,8.368,9.388,9.28,9.025,9.03,10.89,9.32,7.55,-0.0,-0.0,0.0,0.0,-0.01,,,96.5
-7.2,2.4,0.0,0.0,0.03,0.2,-0.87,1.68,-0.75,-1.0,0.4,7.75,10.869,9.172,9.604,9.42,10.01,9.12,9.03,-0.0,-0.0,0.0,0.0,-0.01,,,96.55
-7.1,2.4,0.0,0.0,-0.32,-0.14,-0.37,-0.03,1.44,-1.0,0.4,8.437,10.438,9.839,9.526,9.03,9.91,8.93,9.91,-0.0,-0.0,0.0,0.0,-0.0,,,96.6
-6.7,2.3,0.0,0.0,-0.28,-0.31,-0.0,-0.68,0.42,-1.0,0.4,9.633,9.437,9.928,9.771,8.73,9.91,11.09,9.52,-0.001,-0.0,0.0,0.0,-0.0,,,96.65
-6.6,2.3,0.0,0.0,0.3,0.34,-1.0,0.43,0.18,-1.0,0.4,10.104,8.358,10.065,9.996,10.3,9.91,9.61,9.22,-0.0,-0.0,0.0,0.0,-0.01,,,96.7
-6.5,2.3,0.0,0.0,-0.39,0.3,-0.59,1.21,1.2,-1.0,0.4,9.476,9.732,9.221,10.379,9.81,9.42,8.24,10.4,-0.001,-0.0,0.0,0.0,-0.0,,,96.75
-6.0,2.3,0.0,0.0,-0.13,-0.06,-0.25,0.6,1.05,-1.0,0.4,8.182,11.772,9.398,10.781,10.01,11.48,9.91,9.03,-0.001,-0.001,0.0,0.0,-0.0,,,96.8
-6.6,2.3,0.0,0.0,-0.27,-0.0,-0.29,-0.88,-0.02,-1.0,0.4,7.25,13.047,10.036,9.31,7.75,8.83,9.03,10.89,-0.001,-0.002,0.0,0.0,-0.0,,,96.85
-6.5,2.3,0.0,0.0,-0.09,0.08,-0.51,-2.53,0.49,-1.0,0.4,8.132,10.909,9.888,8.721,8.83,11.28,11.38,10.4,-0.001,-0.001,0.001,0.0,-0.0,,,96.9
-6.0,2.3,0.0,0.0,-0.34,0.1,-0.41,-1.52,0.28,-1.0,0.4,10.232,10.703,9.682,9.221,12.26,10.01,8.24,8.83,-0.001,-0.002,0.001,0.0,-0.0,,,96.95
-4.4,2.3,0.0,0.0,-0.37,-0.08,-0.37,0.85,-0.55,-1.0,0.4,11.164,9.575,9.427,9.604,9.61,10.59,11.48,10.5,-0.002,-0.002,0.001,0.0,-0.0,,,97.0
-2.6,2.4,0.0,0.0,0.1,-0.27,-0.28,1.52,-2.91,-1.0,0.4,9.251,8.643,9.947,10.065,10.01,9.32,11.67,10.4,-0.001,-0.001,0.001,0.0,-0.0,,,97.05
-1.0,2.4,0.0,0.0,-0.59,0.23,-0.43,0.88,-2.08,-1.0,0.4,7.877,11.919,9.545,10.183,8.44,9.81,9.22,10.4,-0.001,-0.001,0.0,0.0,-0.0,,,97.1
-0.1,2.4,0.0,0.0,-0.23,0.44,-0.11,-2.27,0.63,-1.0,0.4,8.839,10.791,9.329,10.261,10.69,10.5,8.24,10.89,-0.001,-0.001,0.0,0.0,-0.0,,,97.15
1.6,2.4,0.0,0.0,-0.46,1.01,-0.4,-0.09,-1.17,-1.0,0.4,9.938,9.457,9.437,9.388,8.73,8.14,10.1,9.42,-0.001,-0.001,0.0,0.0,-0.0,,,97.2
4.5,2.4,0.0,-0.0,0.05,-0.11,0.65,-0.92,-1.09,-1.0,0.4,10.144,6.377,9.771,9.692,8.63,8.53,10.2,9.52,-0.0,-0.001,0.0,0.0,0.0,,,97.25
5.4,2.5,0.0,-0.0,-0.0,-0.22,0.42,-1.99,-0.27,-1.0,0.4,8.613,8.613,9.692,10.114,10.79,9.32,8.93,8.44,0.0,-0.0,0.001,0.0,0.0,,,97.3
7.4,2.5,0.0,-0.0,-0.26,-0.07,0.68,1.28,0.81,-1.0,0.4,10.045,8.858,9.496,9.741,11.58,9.81,11.09,9.52,0.0,-0.0,0.001,0.0,0.0,,,97.35
9.4,2.5,0.0,-0.0,0.06,0.62,0.13,0.96,0.13,-1.0,0.4,8.064,11.782,9.908,8.907,9.61,10.5,8.63,8.83,-0.0,-0.001,0.001,0.0,0.0,,,97.4
12.0,2.5,0.0,-0.0,-0.21,0.06,0.93,1.09,0.7,-1.0,0.4,10.193,9.457,9.957,8.76,10.1,11.18,10.89,8.83,-0.0,-0.001,0.001,0.0,0.0,,,97.45
13.3,2.5,0.0,-0.0,-0.24,0.25,0.61,-1.6,-1.04,-1.0,0.4,10.134,9.682,9.702,9.006,10.4,9.71,11.28,8.34,-0.0,-0.002,0.001,0.0,0.01,,,97.5
14.1,2.5,0.0,-0.01,-0.0,0.29,1.76,-1.04,-1.27,-1.0,0.4,9.79,9.761,9.849,10.045,9.03,9.22,10.2,7.75,-0.0,-0.002,0.001,0.0,0.01,,,97.55
15.4,2.5,0.0,-0.01,-0.18,0.78,1.49,-1.19,-2.63,-1.0,0.4,9.192,9.437,9.496,9.408,9.42,7.36,9.81,12.07,0.0,-0.002,0.002,0.0,0.01,,,97.6
17.7,2.5,0.0,-0.01,-0.31,0.11,1.38,-1.62,-0.36,-1.0,0.4,7.711,10.153,9.908,10.31,11.09,11.09,9.61,12.85,0.001,-0.001,0.002,0.0,0.01,,,97.65
18.5,2.5,0.0,-0.01,-0.37,0.02,1.02,-1.58,-0.13,-1.0,0.4,8.78,11.125,10.036,10.399,10.89,10.69,7.46,7.46,-0.0,-0.002,0.001,0.0,0.01,,,97.7
19.5,2.5,0.0,-0.01,0.21,0.27,1.38,-1.49,-0.97,-1.0,0.4,12.263,8.711,9.741,8.594,12.85,9.81,12.16,9.91,-0.001,-0.002,0.002,0.0,0.01,,,97.75
20.9,2.5,0.0,-0.01,-0.4,-0.25,1.67,1.41,-0.65,-1.0,0.4,9.702,9.29,11.154,11.311,11.97,8.53,12.95,6.87,-0.001,-0.002,0.001,0.0,0.01,,,97.8
21.8,2.5,0.0,-0.01,-0.14,-0.0,2.0,3.99,0.95,-1.0,0.4,11.488,9.006,9.182,10.997,9.61,11.09,9.12,8.73,-0.0,-0.002,0.001,0.0,0.02,,,97.85
22.2,2.5,0.0,-0.01,-0.1,0.39,1.54,-0.86,1.28,-1.0,0.4,10.546,9.879,8.868,9.624,9.71,10.5,10.4,7.06,-0.0,-0.002,0.002,0.0,0.01,,,97.9
22.6,2.5,0.0,-0.01,-0.72,0.59,0.84,-1.72,0.35,-1.0,0.4,9.29,9.879,9.526,9.643,10.01,9.71,10.1,9.61,0.0,-0.002,0.002,0.0,0.01,,,97.95
23.1,2.5,0.0,-0.01,-0.32,-0.09,1.44,0.82,-0.1,-1.0,0.4,7.564,11.35,9.888,10.399,11.38,10.4,11.77,9.81,0.001,-0.002,0.002,0.0,0.01,,,98.0
23.7,2.5,0.0,-0.01,-0.53,0.28,2.11,-3.35,0.66,-1.0,0.4,7.544,11.046,10.732,10.428,10.89,10.59,10.1,10.3,0.0,-0.002,0.002,0.0,0.01,,,98.05
24.9,2.5,0.0,-0.01,0.02,0.41,2.51,-1.31,2.33,-1.0,0.4,9.251,11.448,9.751,7.926,10.99,9.32,6.47,7.46,-0.0,-0.002,0.003,0.0,0.02,,,98.1
25.6,2.5,0.0,-0.01,-0.43,-0.83,1.94,0.7,-0.38,-1.0,0.4,7.23,13.597,8.24,7.642,9.81,11.38,10.69,11.18,-0.0,-0.002,0.004,0.0,0.01,,,98.15
25.9,2.6,0.0,-0.01,-0.37,0.01,1.54,-2.2,-2.49,-1.0,0.4,8.731,9.153,10.585,10.379,9.52,12.16,11.48,10.3,0.0,-0.001,0.004,0.0,0.01,,,98.2
25.8,2.6,0.0,-0.01,-0.2,1.0,1.67,-0.26,-1.33,-1.0,0.4,8.123,10.163,10.536,10.35,9.71,8.63,12.36,11.87,0.001,-0.002,0.003,0.0,0.01,,,98.25
25.6,2.6,0.0,-0.01,-0.43,0.15,1.75,-2.21,0.94,-1.0,0.4,6.386,13.665,10.32,9.741,11.09,10.79,8.93,10.01,0.001,-0.002,0.003,0.0,0.01,,,98.3
25.6,2.6,0.0,-0.01,-0.41,-0.27,1.69,-2.51,-0.7,-1.0,0.4,10.153,9.496,9.29,9.31,10.1,11.28,10.69,10.1,0.0,-0.002,0.003,0.0,0.01,,,98.35
25.9,2.6,0.0,-0.01,-0.23,0.28,1.93,-2.05,-1.41,-1.0,0.4,7.828,11.703,10.713,10.045,11.28,9.03,10.5,9.81,-0.0,-0.002,0.003,0.0,0.01,,,98.4
26.5,2.5,0.0,-0.01,-0.58,-0.68,1.52,-1.82,-0.77,-1.0,0.4,6.877,11.85,10.35,9.055,10.1,9.12,10.1,10.1,-0.0,-0.002,0.003,0.0,0.01,,,98.45
27.2,2.6,0.0,-0.01,-0.03,-0.67,1.42,-0.33,-2.87,-1.0,0.4,8.015,9.467,9.496,9.055,8.24,10.5,10.5,10.2,0.0,-0.001,0.004,0.0,0.01,,,98.5
28.1,2.6,0.0,-0.01,-0.5,0.58,1.65,-0.96,-0.72,-1.0,0.4,7.74,10.34,11.085,10.428,10.69,9.52,10.89,9.52,0.001,-0.001,0.003,0.0,0.01,,,98.55
29.2,2.6,0.0,-0.01,-0.73,0.14,2.79,0.1,1.04,-1.0,0.4,6.926,11.958,10.938,9.526,8.44,10.69,11.09,9.71,-0.0,-0.001,0.003,0.0,0.02,,,98.6
29.3,2.5,0.0,-0.01,-0.11,-0.26,1.79,-1.33,-0.34,-1.0,0.4,7.652,12.155,10.045,8.692,10.5,10.69,9.22,8.83,-0.0,-0.002,0.002,0.0,0.01,,,98.65
29.3,0.9,0.0,-0.01,-0.04,-0.1,2.01,0.12,-0.35,-1.0,0.4,8.564,11.38,9.928,8.643,11.58,7.85,10.69,9.12,-0.001,-0.002,0.003,0.0,0.01,,,98.7
30.5,0.9,0.0,-0.01,-0.41,-0.51,2.04,2.79,-0.64,-1.0,0.4,7.789,9.104,10.85,10.614,9.71,10.2,9.42,10.1,-0.0,-0.001,0.002,0.0,0.01,,,98.75
32.0,0.9,0.0,-0.01,-0.22,0.2,2.1,0.98,-0.01,-1.0,0.4,9.565,9.633,10.232,8.888,10.2,10.4,9.61,9.71,-0.0,-0.0,0.002,0.0,0.02,,,98.8
34.3,0.9,0.0,-0.01,-0.23,0.7,2.41,1.05,1.23,-1.0,0.4,8.623,11.458,9.32,8.809,11.38,10.2,7.95,11.38,-0.001,-0.001,0.002,0.0,0.02,,,98.85
35.7,0.9,0.0,-0.01,-0.21,0.28,2.45,2.6,-0.23,-1.0,0.4,9.692,9.987,9.545,9.025,11.87,10.4,10.99,10.99,-0.001,-0.001,0.001,0.0,0.02,,,98.9
37.3,0.9,0.0,-0.01,0.12,-0.34,1.94,1.02,-1.21,-1.0,0.4,8.603,8.77,9.643,10.663,7.26,9.81,9.42,6.97,-0.001,-0.0,-0.001,0.0,0.01,,,98.95
39.8,0.8,0.0,-0.01,-0.26,0.12,2.33,0.01,0.44,-1.0,0.4,8.289,8.221,9.869,9.928,9.71,9.81,8.14,11.09,-0.001,0.0,-0.001,0.0,0.02,,,99.0
42.5,0.8,0.0,-0.02,-0.21,1.03,3.07,0.04,1.62,-1.0,0.4,10.34,9.015,9.633,9.408,12.95,9.03,8.44,10.01,-0.001,0.0,-0.001,0.0,0.02,,,99.05
45.6,0.9,5.0,-0.02,-0.58,0.33,3.26,-0.28,1.9,-1.0,0.4,9.584,9.81,10.104,10.016,10.5,8.73,9.42,11.28,-0.002,0.0,-0.001,0.0,0.02,,,99.1
49.8,0.8,13.7,-0.02,-0.49,0.15,3.15,0.15,0.46,-1.0,0.4,10.663,10.84,9.408,9.006,10.3,11.77,7.85,9.42,-0.002,-0.0,-0.001,0.0,0.02,,,99.15
54.4,0.8,18.3,-0.02,-1.64,0.05,2.97,-0.32,1.51,-1.0,0.4,7.622,9.888,9.947,10.016,8.14,9.81,10.1,10.69,-0.002,-0.0,-0.002,0.0,0.02,,,99.2
59.2,0.9,20.3,-0.02,-1.36,0.33,4.19,-0.48,0.39,-1.0,0.4,6.681,11.331,10.33,10.045,9.52,9.91,9.61,10.89,-0.002,-0.0,-0.003,0.0,0.03,,,99.25
64.9,0.8,28.6,-0.02,-1.86,0.56,4.13,-1.5,0.76,-1.0,0.4,6.524,12.959,10.124,9.849,10.59,10.01,10.2,11.28,-0.003,-0.0,-0.003,0.0,0.03,,,99.3
70.5,0.8,38.6,-0.03,-1.57,0.14,4.81,-0.53,0.71,-1.0,0.4,10.899,8.79,9.987,9.172,9.91,9.32,10.4,10.01,-0.003,-0.0,-0.004,0.0,0.03,,,99.35
75.9,0.8,24.9,-0.03,-2.0,0.4,4.75,-1.03,2.72,-1.0,0.4,11.321,9.261,9.182,10.379,11.18,9.32,6.77,9.12,-0.003,-0.0,-0.004,0.0,0.04,,,99.4
82.1,0.8,13.3,-0.03,-1.85,0.66,4.78,1.36,0.58,-1.0,0.4,10.32,9.064,8.76,9.143,10.79,7.75,9.61,9.12,-0.003,-0.0,-0.004,0.0,0.03,,,99.45
88.8,0.8,0.8,-0.03,-1.36,0.47,5.28,-0.41,0.62,-1.0,0.4,7.73,11.007,9.369,9.457,11.38,9.42,9.81,10.59,-0.002,0.0,-0.004,0.0,0.04,,,99.5
92.8,0.8,0.4,-0.03,-0.86,-0.03,5.28,0.39,0.45,-1.0,0.4,8.643,10.722,9.888,9.947,11.28,9.71,9.03,10.3,-0.002,-0.0,-0.004,0.0,0.04,,,99.55
96.7,0.8,0.0,-0.03,-0.43,0.01,6.02,0.64,-0.01,-1.0,0.4,8.966,10.585,9.545,10.35,10.89,9.81,9.32,10.79,-0.003,-0.0,-0.004,0.0,0.04,,,99.6
101.2,0.8,0.0,-0.03,-0.47,0.38,6.23,1.23,0.21,-1.0,0.4,9.349,9.869,10.399,9.741,10.3,9.71,10.3,9.32,-0.003,0.0,-0.004,0.0,0.04,,,99.65
105.6,0.8,0.0,-0.03,-0.4,0.08,5.96,2.81,-0.45,-1.0,0.4,7.132,11.036,10.055,9.025,9.52,9.32,9.03,8.93,-0.002,0.0,-0.004,0.0,0.04,,,99.7
110.0,1.6,0.0,-0.03,-0.04,-0.07,5.75,3.54,-0.61,-1.0,0.4,6.828,11.242,8.741,9.408,9.42,10.4,8.53,10.79,-0.002,0.0,-0.003,0.0,0.04,,,99.75
115.0,31.1,0.0,-0.03,0.05,0.58,5.58,0.22,-1.55,-1.0,0.4,6.965,11.242,10.085,9.79,10.01,9.61,9.32,9.91,-0.001,0.0,-0.004,0.0,0.04,,,99.8
119.0,40.2,0.0,-0.04,-0.32,0.53,6.98,0.97,1.86,-1.0,0.4,9.251,8.397,11.674,9.996,8.14,9.12,9.52,9.71,-0.001,0.0,-0.004,0.0,0.05,,,99.85
122.7,28.8,0.0,-0.04,0.13,0.88,7.08,0.34,2.45,-1.0,0.4,10.35,10.84,10.457,11.478,8.93,11.28,10.3,5.59,-0.001,-0.0,-0.004,0.0,0.05,,,99.9
126.0,1.5,0.0,-0.04,0.09,0.89,7.2,3.37,-2.02,-1.0,0.4,9.113,11.939,9.565,8.24,9.32,10.1,12.36,9.71,-0.001,-0.001,-0.003,0.0,0.05,,,99.95
129.9,0.8,0.0,-0.04,-0.73,0.04,7.18,-0.2,3.56,-1.0,0.4,9.555,10.928,9.408,9.29,11.09,9.03,12.36,8.73,-0.001,-0.001,-0.002,0.0,0.05,,,100.0
135.2,1.0,0.0,-0.04,-0.09,1.04,7.0,1.35,-4.25,-1.0,0.4,10.889,8.329,8.741,9.143,9.81,8.73,10.4,11.67,-0.001,-0.001,-0.002,0.0,0.05,,,100.05
138.6,1.1,0.0,-0.04,-0.47,0.03,7.9,-1.57,1.92,-1.0,0.4,8.623,9.064,10.32,10.045,10.3,9.81,10.3,10.3,-0.0,-0.001,-0.002,0.0,0.05,,,100.1
142.2,1.2,0.0,-0.04,-0.64,0.57,7.98,-0.15,-1.92,-1.0,0.4,6.808,11.89,9.722,8.79,10.01,9.71,10.3,10.2,-0.0,-0.001,-0.001,0.0,0.06,,,100.15
146.1,1.2,0.0,-0.05,0.1,0.8,8.31,-1.53,0.0,-1.0,0.4,10.153,9.781,9.565,9.29,9.52,11.28,11.38,10.01,-0.001,-0.001,-0.001,0.0,0.06,,,100.2
149.1,1.2,0.0,-0.04,-0.2,0.47,8.19,0.47,-1.5,-1.0,0.4,9.378,10.928,9.957,9.408,10.59,9.61,10.79,9.03,-0.001,-0.001,-0.001,0.0,0.06,,,100.25
150.6,1.2,0.0,-0.04,0.03,0.29,7.91,0.66,-0.52,-1.0,0.4,8.829,10.281,9.437,10.614,10.01,10.4,10.59,9.52,-0.001,-0.001,-0.001,0.0,0.06,,,100.3
151.1,1.5,0.0,-0.04,-0.26,0.44,8.29,-2.0,-2.63,-1.0,0.4,8.486,10.045,9.977,10.281,9.52,9.61,9.71,11.67,-0.0,-0.001,-0.001,0.0,0.06,,,100.35
152.4,1.9,0.0,-0.05,-0.36,0.67,8.51,-0.07,1.9,-1.0,0.4,11.036,8.662,9.251,9.849,10.1,8.44,9.61,10.69,-0.0,-0.001,-0.001,0.0,0.06,,,100.4
155.7,2.3,0.0,-0.05,-0.53,0.46,8.05,1.37,-0.15,-1.0,0.4,9.79,9.388,9.202,10.428,8.63,10.4,9.42,8.24,-0.0,-0.001,-0.001,0.0,0.06,,,100.45
158.4,2.4,0.0,-0.05,-0.34,0.93,8.29,0.93,-0.7,-1.0,0.4,10.35,9.359,9.349,9.643,8.44,9.61,10.2,9.52,-0.0,-0.001,-0.001,0.0,0.06,,,100.5
161.3,2.4,0.0,-0.05,-0.4,0.72,8.45,-1.27,-0.3,-1.0,0.4,8.937,10.418,9.604,9.879,8.93,9.61,10.4,10.01,-0.0,-0.001,-0.001,0.0,0.06,,,100.55
165.5,2.4,0.0,-0.05,-0.4,0.64,8.61,0.83,-0.2,-1.0,0.4,9.182,10.094,9.172,9.123,10.59,10.5,10.2,9.42,-0.0,-0.001,-0.001,0.0,0.06,,,100.6
169.3,2.4,0.0,-0.05,-0.39,0.62,9.21,0.37,-1.01,-1.0,0.4,11.468,9.055,9.064,10.31,9.32,9.71,9.91,10.69,-0.0,-0.001,-0.0,0.0,0.06,,,100.65
173.0,2.4,0.0,-0.05,-0.71,1.08,9.68,-0.17,-1.57,-1.0,0.4,8.025,10.536,9.967,10.094,9.91,8.53,10.5,10.69,-0.0,-0.001,-0.0,0.0,0.07,,,100.7
177.8,2.5,0.0,-0.05,-0.12,0.45,9.05,-1.14,1.39,-1.0,0.4,8.397,8.878,10.094,10.546,10.59,10.1,10.1,8.63,-0.0,-0.001,-0.001,0.0,0.07,,,100.75
182.9,2.6,0.0,-0.05,-0.3,0.75,9.29,1.96,-1.66,-1.0,0.4,10.242,9.496,9.163,8.741,10.5,9.22,8.83,10.3,-0.0,-0.001,-0.001,0.0,0.07,,,100.8
187.0,2.7,0.0,-0.05,-0.45,0.57,9.96,-0.21,1.65,-1.0,0.4,10.781,7.809,9.3,10.516,9.42,9.71,9.52,9.71,-0.0,-0.001,-0.0,0.0,0.07,,,100.85
189.1,2.8,0.0,-0.06,-0.48,0.93,10.2,3.59,-1.81,-1.0,0.4,10.673,9.526,9.526,10.183,11.67,8.83,8.34,9.61,-0.0,-0.001,-0.0,0.0,0.07,,,100.9
191.7,2.9,0.0,-0.06,0.27,-0.56,10.88,-0.3,-0.04,-1.0,0.4,8.692,10.32,10.722,9.741,10.01,11.67,8.83,10.5,-0.0,-0.001,-0.0,0.0,0.08,,,100.95
194.4,2.9,0.0,-0.06,-0.53,0.4,10.05,-0.6,1.31,-1.0,0.4,11.134,9.192,9.947,9.741,10.99,10.89,9.52,8.53,-0.0,-0.001,-0.001,0.0,0.07,,,101.0
197.1,2.9,0.0,-0.05,-0.43,1.38,9.87,1.39,0.31,-1.0,0.4,10.222,9.535,9.221,9.221,10.1,9.12,10.99,8.14,-0.0,-0.001,-0.0,0.0,0.07,,,101.05
200.0,3.0,0.0,-0.06,-0.01,0.78,10.38,2.21,0.6,-1.0,0.4,9.31,8.495,9.526,9.673,9.81,10.69,9.42,10.79,0.0,-0.001,-0.0,0.0,0.07,,,101.1
202.7,2.9,0.0,-0.06,-0.4,0.24,11.18,-0.25,-0.16,-1.0,0.4,7.112,11.458,9.29,10.614,11.48,9.03,8.14,9.61,0.0,-0.001,-0.0,0.0,0.08,,,101.15
204.6,2.9,0.0,-0.06,-0.1,0.54,10.36,0.26,0.89,-1.0,0.4,12.743,7.348,8.515,9.879,10.79,9.81,10.99,11.09,0.0,-0.001,-0.0,0.0,0.07,,,101.2
206.2,3.0,0.0,-0.06,0.19,0.49,10.62,-0.43,-0.59,-1.0,0.4,8.476,9.83,9.898,9.643,10.59,10.5,7.85,11.48,-0.0,-0.001,-0.0,0.0,0.07,,,101.25
207.7,2.9,0.0,-0.06,-0.4,0.24,10.35,0.33,1.67,-1.0,0.4,7.622,10.742,10.291,10.399,9.91,9.61,8.73,9.12,-0.001,-0.001,-0.001,0.0,0.07,,,101.3
209.1,2.9,0.0,-0.06,-0.3,1.2,10.58,1.36,0.29,-1.0,0.4,10.35,10.968,9.938,11.36,10.3,10.99,8.14,9.12,-0.001,-0.0,-0.001,0.0,0.07,,,101.35
209.5,2.9,0.0,-0.06,-0.02,0.41,10.86,0.98,1.57,-1.0,0.4,12.38,8.78,8.986,9.977,10.5,10.3,10.5,10.01,-0.001,-0.0,-0.002,0.0,0.08,,,101.4
209.9,3.0,0.0,-0.06,-0.18,0.53,10.89,-0.54,-0.91,-1.0,0.4,9.3,9.928,10.742,8.623,11.09,8.44,10.4,9.22,-0.001,-0.0,-0.002,0.0,0.08,,,101.45
210.7,3.0,0.0,-0.06,-0.34,0.24,10.83,-0.99,1.0,-1.0,0.4,7.073,11.085,10.242,9.849,10.79,10.01,9.42,10.01,-0.001,-0.0,-0.002,0.0,0.08,,,101.5
211.8,3.0,0.0,-0.06,-0.55,1.05,11.48,0.22,0.84,-1.0,0.4,7.289,9.888,9.928,9.624,11.48,8.24,9.32,9.91,-0.0,0.0,-0.002,0.0,0.08,,,101.55
213.4,3.1,0.0,-0.06,-0.03,0.89,11.18,0.88,3.39,-1.0,0.4,10.791,8.79,9.015,8.927,11.77,8.44,7.75,9.52,-0.001,0.0,-0.002,0.0,0.08,,,101.6
214.0,3.1,0.0,-0.06,0.56,0.68,10.94,1.22,1.89,-1.0,0.4,12.675,8.201,8.751,9.555,9.52,10.2,9.61,9.81,-0.001,0.0,-0.002,0.0,0.08,,,101.65
213.9,3.2,0.0,-0.06,0.29,1.26,10.59,-0.9,0.52,-1.0,0.4,11.075,10.163,9.81,9.643,10.1,9.52,10.2,10.59,-0.001,-0.0,-0.002,0.0,0.08,,,101.7
213.9,3.4,0.0,-0.06,-0.32,0.29,11.28,1.75,1.49,-1.0,0.4,11.193,8.083,9.241,10.114,9.52,10.2,10.4,9.32,-0.001,-0.0,-0.002,0.0,0.08,,,101.75
213.6,3.5,0.0,-0.06,-0.07,1.22,11.59,-1.49,-2.59,-1.0,0.4,6.936,10.448,10.507,10.31,9.03,10.01,8.93,10.99,-0.001,-0.0,-0.003,0.0,0.08,,,101.8
212.6,3.5,0.0,-0.06,0.21,0.31,11.66,-1.19,1.02,-1.0,0.4,7.289,10.114,10.173,9.526,9.03,10.69,10.1,11.48,-0.001,-0.0,-0.003,0.0,0.08,,,101.85
209.2,3.5,0.0,-0.06,-0.44,-0.25,11.34,-1.63,-1.22,-1.0,0.4,8.388,11.762,9.172,10.399,10.01,10.01,8.83,10.79,-0.001,-0.001,-0.002,0.0,0.08,,,101.9
208.4,3.6,0.0,-0.06,-0.09,0.34,11.13,-2.76,-1.16,-1.0,0.4,6.995,11.988,10.036,9.476,11.18,10.2,8.44,9.22,-0.001,-0.002,-0.001,0.0,0.08,,,101.95
209.5,3.7,0.0,-0.06,0.13,0.39,11.76,-2.77,-2.76,-1.0,0.4,6.543,10.497,10.86,8.476,7.95,10.01,9.61,9.42,-0.0,-0.002,-0.0,0.0,0.08,,,102.0
211.6,3.8,0.0,-0.07,-0.1,0.32,12.63,0.43,-1.4,-1.0,0.4,8.191,8.574,10.281,10.516,6.38,11.38,7.95,10.1,0.001,-0.001,0.001,0.0,0.09,,,102.05
213.5,3.8,0.0,-0.07,0.48,0.67,12.26,0.59,-0.87,-1.0,0.4,7.926,9.712,11.026,9.055,8.24,10.59,10.01,10.3,0.002,-0.001,0.001,0.0,0.09,,,102.1
215.1,3.8,0.0,-0.06,0.36,0.63,11.82,-0.42,1.34,-1.0,0.4,11.556,8.319,9.79,10.163,9.61,9.61,10.59,10.4,0.002,-0.001,0.001,0.0,0.08,,,102.15
216.7,3.6,0.0,-0.06,0.97,1.69,11.82,0.47,-0.52,-1.0,0.4,11.723,9.427,9.192,9.79,10.4,9.71,11.28,11.48,0.002,-0.002,0.001,0.0,0.08,,,102.2
217.1,3.5,0.0,-0.07,0.67,1.17,12.39,0.37,-0.38,-1.0,0.4,10.251,10.644,8.289,10.183,10.5,10.4,8.34,10.79,0.002,-0.002,0.001,0.0,0.09,,,102.25
217.1,3.5,0.0,-0.07,0.48,1.19,12.71,-1.96,-0.75,-1.0,0.4,7.338,12.586,8.594,9.506,10.79,10.69,8.53,9.03,0.002,-0.003,0.001,0.0,0.09,,,102.3
217.6,3.6,0.0,-0.07,0.72,0.55,13.53,-0.53,-2.47,-1.0,0.4,7.858,10.634,9.3,9.741,9.81,9.52,9.12,10.01,0.002,-0.003,0.002,0.0,0.1,,,102.35
218.0,3.8,0.0,-0.07,0.94,0.05,13.81,-1.77,-1.53,-1.0,0.4,7.318,9.722,10.408,10.399,10.01,9.61,7.65,10.3,0.002,-0.002,0.002,0.0,0.1,,,102.4
218.4,3.8,0.0,-0.07,0.72,0.22,12.83,-0.74,-2.48,-1.0,0.4,7.77,9.202,10.016,9.555,10.3,9.32,9.71,9.91,0.002,-0.002,0.003,0.0,0.09,,,102.45
218.2,3.8,0.0,-0.07,1.17,0.46,13.78,0.08,-1.1,-1.0,0.4,6.082,10.242,11.635,10.86,10.1,9.71,10.4,10.4,0.003,-0.002,0.003,0.0,0.1,,,102.5
217.7,3.8,0.0,-0.07,0.8,0.44,13.81,-0.21,-0.4,-1.0,0.4,7.622,11.075,9.261,8.741,10.69,9.42,11.87,10.3,0.003,-0.002,0.003,0.0,0.1,,,102.55
217.4,3.7,0.0,-0.07,0.59,1.26,13.76,1.43,-1.24,-1.0,0.4,9.447,9.987,9.006,10.899,11.58,9.03,9.81,9.52,0.002,-0.002,0.003,0.0,0.1,,,102.6
217.4,3.7,0.0,-0.08,1.48,1.36,14.09,1.3,-1.26,-1.0,0.4,11.36,10.359,9.231,7.544,10.4,9.42,11.28,8.53,0.002,-0.002,0.003,0.0,0.1,,,102.65
217.3,3.7,0.0,-0.08,0.98,-0.11,14.18,3.5,-2.07,-1.0,0.4,11.968,5.808,9.673,8.809,9.42,10.1,9.12,10.99,0.002,-0.002,0.004,0.0,0.1,,,102.7
217.1,3.7,0.0,-0.08,1.02,1.07,14.49,1.92,-4.75,-1.0,0.4,5.337,9.408,10.752,10.693,9.71,8.73,10.1,10.59,0.003,-0.001,0.003,0.0,0.1,,,102.75
216.9,3.7,0.0,-0.08,1.4,1.64,15.35,2.13,-0.14,-1.0,0.4,8.917,9.241,9.908,9.643,9.32,9.52,11.18,10.1,0.004,-0.001,0.002,0.0,0.11,,,102.8
216.7,3.7,0.0,-0.08,1.33,1.1,15.47,-1.89,0.12,-1.0,0.4,8.623,7.809,10.036,12.312,9.12,10.69,7.65,7.55,0.004,-0.001,0.002,0.0,0.11,,,102.85
216.6,3.7,0.0,-0.09,1.27,1.62,15.88,-0.9,0.87,-1.0,0.4,7.779,11.115,9.673,9.673,9.42,10.3,10.5,9.12,0.003,-0.002,0.002,0.0,0.11,,,102.9
216.3,3.7,0.0,-0.09,1.51,0.29,16.43,-1.9,1.4,-1.0,0.4,12.017,10.242,9.79,9.673,10.1,10.2,10.01,14.03,0.002,-0.002,0.001,0.0,0.12,,,102.95
215.7,3.7,0.0,-0.09,1.44,1.48,15.97,-3.48,-1.61,-1.0,0.4,9.045,10.732,10.673,10.399,11.28,8.34,10.2,10.01,0.002,-0.002,-0.001,0.0,0.12,,,103.0
214.9,3.7,0.0,-0.09,1.96,1.87,16.73,-2.93,0.31,-1.0,0.4,9.81,10.585,12.096,8.957,9.91,10.01,10.01,11.38,0.002,-0.001,-0.002,0.0,0.12,,,103.05
214.2,3.7,0.0,-0.09,1.43,1.21,16.87,-2.72,0.05,-1.0,0.4,8.858,11.595,10.83,9.221,11.67,9.61,10.1,8.53,0.002,-0.001,-0.002,0.0,0.12,,,103.1
213.8,3.7,0.0,-0.09,1.48,1.41,16.81,-4.14,-1.54,-1.0,0.4,10.438,7.632,8.731,9.673,8.34,9.91,10.69,7.46,0.002,-0.001,-0.002,0.0,0.12,,,103.15
213.0,3.7,0.0,-0.09,1.53,1.74,17.48,-1.6,0.24,-1.0,0.4,7.142,9.879,10.928,10.899,10.5,9.91,10.89,8.14,0.002,-0.0,-0.001,0.0,0.12,,,103.2
212.2,3.7,0.0,-0.1,0.43,-0.53,18.13,1.2,0.34,-1.0,0.4,9.673,6.72,9.045,12.429,8.44,9.81,10.89,8.53,0.002,0.0,-0.001,0.0,0.13,,,103.25
211.1,3.6,0.0,-0.1,1.55,0.83,18.8,-0.15,0.65,-1.0,0.4,7.632,10.134,9.055,9.526,10.99,10.5,12.07,8.63,0.002,0.0,-0.002,0.0,0.13,,,103.3
209.1,3.6,0.0,-0.1,1.17,1.14,18.11,-1.71,-1.57,-1.0,0.4,9.025,9.251,8.79,9.143,9.71,9.03,8.14,9.42,0.001,-0.0,-0.002,0.0,0.13,,,103.35
206.4,3.6,0.0,-0.1,1.9,1.67,18.31,-2.07,-2.13,-1.0,0.4,11.007,9.192,8.486,9.055,11.18,8.83,9.61,11.58,0.001,-0.0,-0.002,0.0,0.13,,,103.4
204.1,3.6,0.0,-0.1,0.65,1.26,18.96,-0.05,-1.93,-1.0,0.4,7.956,9.594,10.654,12.625,10.2,8.83,9.32,10.89,0.001,-0.0,-0.003,0.0,0.14,,,103.45
203.0,3.5,0.0,-0.1,1.64,1.0,19.55,-2.08,0.08,-1.0,0.4,8.976,10.35,9.261,10.045,8.83,10.69,10.2,11.58,0.001,0.0,-0.003,0.0,0.14,,,103.5
202.3,3.5,0.0,-0.1,1.26,0.8,19.34,-0.32,-1.17,-1.0,0.4,8.79,9.516,11.88,8.623,8.93,8.34,13.83,9.03,0.001,0.0,-0.003,0.0,0.14,,,103.55
201.9,3.4,0.0,-0.1,1.72,1.34,19.32,1.49,0.01,-1.0,0.4,8.26,9.545,10.114,9.947,8.34,10.89,10.2,10.01,0.001,0.0,-0.003,0.0,0.14,,,103.6
200.8,3.3,0.0,-0.11,0.73,0.99,20.03,0.94,1.65,-1.0,0.4,10.34,9.074,10.065,12.625,10.69,7.55,11.28,10.2,0.001,0.0,-0.003,0.0,0.14,,,103.65
199.2,3.2,0.0,-0.11,1.73,1.12,20.31,2.0,1.65,-1.0,0.4,6.965,11.664,10.83,10.732,8.53,9.32,8.53,10.59,0.001,-0.0,-0.003,0.0,0.15,,,103.7
196.9,3.1,0.0,-0.11,0.94,1.67,20.48,1.44,3.27,-1.0,0.4,9.388,9.81,9.094,9.221,10.69,11.48,8.73,12.16,0.002,-0.0,-0.003,0.0,0.15,,,103.75
194.4,3.0,0.0,-0.11,1.56,2.48,19.73,1.35,-0.54,-1.0,0.4,9.869,10.193,8.878,7.976,13.64,9.91,10.2,8.44,0.002,-0.0,-0.003,0.0,0.14,,,103.8
191.5,2.8,0.0,-0.1,0.87,1.81,19.36,0.75,-0.07,-1.0,0.4,7.289,11.988,9.486,10.614,12.75,10.59,9.61,9.61,0.002,-0.0,-0.002,0.0,0.14,,,103.85
189.9,2.7,0.0,-0.11,1.27,1.02,20.15,-1.35,-2.58,-1.0,0.4,6.877,8.682,10.075,9.898,8.04,9.42,9.61,8.83,0.002,0.0,-0.003,0.0,0.14,,,103.9
187.2,2.7,0.0,-0.11,0.65,0.61,20.92,-2.16,2.79,-1.0,0.4,7.868,8.172,10.968,9.879,8.53,11.28,12.07,7.85,0.002,0.001,-0.003,0.0,0.15,,,103.95
184.7,2.4,0.0,-0.11,1.25,2.01,20.92,-0.25,-1.65,-1.0,0.4,7.995,10.663,9.3,10.448,9.32,9.71,10.1,10.3,0.002,0.0,-0.003,0.0,0.15,,,104.0
181.4,2.4,0.0,-0.11,1.09,1.79,20.93,-0.88,1.88,-1.0,0.4,11.331,9.084,8.407,9.526,13.15,8.93,8.04,11.58,0.002,0.0,-0.003,0.0,0.15,,,104.05
178.9,2.2,0.0,-0.11,0.45,1.27,20.22,-0.13,0.35,-1.0,0.4,9.692,9.29,9.32,10.281,10.2,8.44,10.59,10.69,0.001,-0.0,-0.003,0.0,0.14,,,104.1
176.5,2.1,0.0,-0.11,0.31,1.14,20.13,2.8,1.16,-1.0,0.4,8.319,8.545,9.182,11.497,10.01,9.81,7.06,11.09,0.001,0.0,-0.003,0.0,0.14,,,104.15
172.1,2.0,0.0,-0.11,0.44,-1.29,20.62,-1.32,3.12,-1.0,0.4,8.79,7.701,11.134,8.554,10.2,9.12,10.69,9.52,0.002,0.0,-0.004,0.0,0.15,,,104.2
168.6,2.0,0.0,-0.11,1.31,2.3,21.0,1.9,-0.24,-1.0,0.4,9.369,10.654,10.183,8.338,8.53,13.83,7.46,6.28,0.001,0.0,-0.004,0.0,0.15,,,104.25
164.3,2.0,0.0,-0.11,-0.02,1.45,20.42,1.22,1.0,-1.0,0.4,10.32,9.084,10.938,10.261,6.18,10.79,7.55,9.22,0.001,0.0,-0.004,0.0,0.14,,,104.3
159.4,2.0,0.0,-0.11,0.01,1.89,20.05,-1.23,-1.06,-1.0,0.4,10.045,11.939,8.682,10.163,11.58,8.53,8.04,8.63,0.001,0.0,-0.004,0.0,0.14,,,104.35
155.9,2.0,0.0,-0.1,0.74,1.35,18.93,-1.47,-1.04,-1.0,0.4,10.801,6.828,10.575,10.86,12.56,7.95,2.55,12.56,0.001,0.0,-0.003,0.0,0.13,,,104.4
151.6,2.0,0.0,-0.09,1.63,0.97,17.43,0.11,-1.22,-1.0,0.4,8.093,10.899,10.536,9.977,10.89,11.18,8.34,5.59,0.001,0.0,-0.005,0.0,0.12,,,104.45
146.5,2.0,0.0,-0.1,0.17,0.2,18.06,0.22,2.65,-1.0,0.4,7.77,7.181,10.016,10.762,8.83,10.3,9.81,9.03,0.001,0.001,-0.004,0.0,0.13,,,104.5
141.8,2.0,0.0,-0.1,0.41,2.26,18.49,-0.09,-0.01,-1.0,0.4,9.3,12.047,9.584,8.26,8.44,11.09,10.2,8.63,0.001,0.0,-0.004,0.0,0.13,,,104.55
140.0,2.0,0.0,-0.1,0.66,1.16,17.98,1.03,2.02,-1.0,0.4,7.75,10.418,8.809,9.643,8.93,11.67,9.61,11.77,0.001,-0.0,-0.003,0.0,0.13,,,104.6
139.9,1.9,0.0,-0.09,-0.28,1.7,16.38,0.7,-0.65,-1.0,0.4,7.77,10.624,12.164,11.998,10.4,10.2,9.71,11.77,0.001,0.0,-0.004,0.0,0.12,,,104.65
139.4,2.0,0.0,-0.09,-0.1,2.22,17.23,1.1,1.77,-1.0,0.4,9.849,8.751,8.829,10.663,11.28,9.42,7.16,10.3,0.001,-0.0,-0.004,0.0,0.12,,,104.7
139.4,1.9,0.0,-0.1,0.56,1.47,18.11,-0.49,0.99,-1.0,0.4,9.241,9.761,8.162,6.543,6.77,9.91,8.24,9.61,-0.0,-0.0,-0.003,0.0,0.13,,,104.75
139.5,1.9,0.0,-0.1,0.13,1.39,18.52,0.11,0.36,-1.0,0.4,10.585,10.134,10.389,9.928,9.22,9.91,10.3,10.79,0.0,-0.0,-0.002,0.0,0.13,,,104.8
139.6,1.9,0.0,-0.1,-0.18,1.32,17.64,1.83,-1.86,-1.0,0.4,9.035,8.162,9.359,12.478,9.81,8.44,8.73,9.81,0.001,-0.0,-0.003,0.0,0.13,,,104.85
139.4,1.9,0.0,-0.1,-0.22,2.36,17.96,-0.75,0.69,-1.0,0.4,11.125,9.221,8.868,10.065,11.58,6.47,8.14,9.03,0.001,-0.0,-0.003,0.0,0.13,,,104.9
139.4,1.8,0.0,-0.09,-1.18,1.16,17.67,2.25,1.08,-1.0,0.4,6.543,10.683,9.526,9.408,10.79,10.89,10.99,10.2,0.001,-0.0,-0.002,0.0,0.12,,,104.95
139.0,2.0,0.0,-0.09,-2.3,1.06,16.91,0.75,1.35,-1.0,0.4,7.465,10.301,8.034,9.31,7.06,10.3,11.67,11.18,-0.0,-0.001,-0.002,0.0,0.12,,,105.0
138.7,1.9,0.0,-0.09,-0.4,0.56,16.88,0.27,-0.05,-1.0,0.4,10.752,9.947,9.418,10.497,8.83,12.65,10.1,10.99,-0.001,-0.002,-0.002,0.0,0.12,,,105.05
138.4,1.9,0.0,-0.1,0.53,1.66,17.6,-2.46,-1.49,-1.0,0.4,10.31,11.34,9.133,8.927,10.69,10.4,11.77,12.56,-0.0,-0.002,-0.002,0.0,0.13,,,105.1
138.4,2.0,0.0,-0.09,0.96,1.8,16.58,-1.16,-1.35,-1.0,0.4,10.507,7.877,9.849,8.927,11.09,7.85,11.87,11.28,0.001,-0.001,-0.002,0.0,0.12,,,105.15
137.4,1.8,0.0,-0.09,-0.44,1.57,16.69,2.12,-2.08,-1.0,0.4,8.692,10.134,10.428,9.006,8.63,10.4,14.32,9.81,0.002,-0.0,-0.002,0.0,0.12,,,105.2
136.0,1.8,0.0,-0.09,-1.16,0.53,17.64,2.65,2.68,-1.0,0.4,5.346,10.026,9.359,7.976,7.75,8.73,9.12,10.99,0.001,-0.0,-0.001,0.0,0.12,,,105.25
133.8,2.0,0.0,-0.09,-0.7,1.05,16.06,-0.1,2.39,-1.0,0.4,8.093,9.898,8.77,9.388,9.61,7.16,7.65,6.57,0.001,-0.001,-0.001,0.0,0.12,,,105.3
129.3,2.0,0.0,-0.09,0.03,0.93,15.82,-0.16,0.89,-1.0,0.4,11.664,9.79,8.603,9.074,10.3,10.99,13.05,9.32,0.001,-0.001,-0.001,0.0,0.11,,,105.35
123.5,2.0,0.0,-0.08,0.41,2.17,15.78,-1.12,-0.95,-1.0,0.4,9.575,11.605,9.81,9.692,10.01,10.99,11.28,9.12,0.001,-0.001,-0.001,0.0,0.11,,,105.4
117.9,2.2,0.0,-0.08,0.09,0.58,15.12,-0.27,-0.06,-1.0,0.4,5.631,9.202,9.839,9.947,5.69,9.12,12.07,9.91,0.001,-0.0,-0.001,0.0,0.11,,,105.45
113.4,2.3,0.0,-0.08,-0.19,1.04,14.45,-0.52,2.71,-1.0,0.4,8.907,8.005,10.222,11.782,6.97,6.97,9.61,9.71,0.002,0.0,-0.001,0.0,0.1,,,105.5
106.2,2.4,0.0,-0.08,-0.07,1.33,14.49,-2.58,3.62,-1.0,0.4,8.299,9.918,9.506,9.339,11.58,9.71,9.32,8.34,0.002,0.001,-0.001,0.0,0.1,,,105.55
96.3,2.6,0.0,-0.07,-0.46,0.39,13.16,-1.07,6.82,-1.0,0.4,7.132,7.505,9.741,8.643,9.03,6.87,9.22,11.09,0.001,0.001,-0.0,0.0,0.09,,,105.6
87.0,2.7,0.0,-0.06,-0.35,0.4,11.06,1.02,5.54,-1.0,0.4,10.379,7.269,11.036,10.144,10.4,6.28,11.28,11.77,0.001,0.002,-0.001,0.0,0.08,,,105.65
80.0,2.7,0.0,-0.05,-0.17,-0.75,9.14,2.31,9.06,-1.0,0.4,12.233,11.203,8.643,8.025,1.57,11.18,11.09,1.77,-0.002,-0.001,-0.001,0.0,0.07,,,105.7
75.9,2.7,0.0,-0.05,0.25,2.04,9.85,-4.1,2.58,-1.0,0.4,11.37,13.763,8.996,8.505,23.25,17.36,10.5,10.89,-0.002,-0.003,-0.0,0.0,0.07,,,105.75
74.6,2.7,0.0,-0.06,0.29,0.92,10.9,-0.32,-0.66,-1.0,0.4,10.722,13.508,10.507,10.644,13.34,11.87,7.16,9.91,-0.004,-0.005,-0.001,0.0,0.08,,,105.8
72.7,2.7,0.0,-0.06,0.07,0.77,10.0,1.21,-3.12,-1.0,0.4,11.478,10.585,10.526,10.614,11.28,7.65,10.99,8.24,-0.003,-0.004,-0.002,0.0,0.07,,,105.85
68.6,2.7,0.0,-0.05,-0.17,0.0,9.5,2.29,-2.56,-1.0,0.4,6.514,10.055,10.369,10.045,7.75,8.44,9.71,10.3,-0.002,-0.003,-0.002,0.0,0.07,,,105.9
60.1,2.8,0.0,-0.05,1.01,0.35,8.59,-1.27,-0.13,-1.0,0.4,8.721,9.624,9.584,10.33,9.52,11.38,12.85,9.32,-0.001,-0.001,-0.002,0.0,0.06,,,105.95
50.0,2.8,0.0,-0.04,0.85,1.13,6.8,-1.47,-4.11,-1.0,0.4,8.437,7.259,8.623,9.074,11.48,8.63,6.28,11.18,0.0,0.0,-0.001,0.0,0.05,,,106.0
37.6,2.8,0.0,-0.03,1.39,-0.94,6.14,-1.06,0.59,-1.0,0.4,8.711,10.271,7.21,7.838,10.59,10.4,11.58,9.61,0.001,0.0,0.001,0.0,0.04,,,106.05
25.4,2.8,0.0,-0.02,1.65,0.2,4.0,-1.41,-5.39,-1.0,0.4,11.193,7.77,9.104,6.69,13.05,10.5,10.1,5.59,0.001,0.001,0.001,0.0,0.03,,,106.1
12.4,2.8,0.0,-0.02,1.31,-0.4,2.67,1.74,-5.88,-1.0,0.4,9.349,9.31,9.476,7.357,8.14,8.53,5.89,8.14,-0.0,0.0,0.002,0.0,0.02,,,106.15
1.5,2.8,0.0,-0.01,0.76,-2.46,2.21,4.53,-2.86,-1.0,0.4,9.732,8.701,7.966,9.29,7.75,10.5,12.07,14.72,0.0,-0.0,0.004,0.0,0.01,,,106.2
-5.9,2.8,0.0,0.0,-0.61,1.04,-0.13,2.64,-5.4,-1.0,0.4,9.163,9.476,14.058,15.225,10.79,13.34,4.91,-5.69,0.001,-0.0,-0.002,0.0,-0.0,,,106.25
-11.6,2.8,0.0,0.02,2.51,0.62,-2.81,-4.63,-2.2,-1.0,0.4,8.564,13.842,14.695,11.713,9.42,15.3,24.13,8.93,-0.001,-0.001,-0.004,0.0,-0.02,,,106.3
-13.5,2.8,0.0,0.02,-0.09,0.49,-3.21,0.86,-0.08,-1.0,0.4,9.427,9.575,13.155,12.145,7.26,10.4,17.46,12.75,-0.001,-0.001,-0.005,0.0,-0.02,,,106.35
-14.6,2.8,0.0,0.01,0.57,-1.27,-1.78,-1.12,0.93,-1.0,0.4,5.68,11.488,11.821,11.644,9.71,6.67,8.24,10.69,-0.001,-0.001,-0.005,0.0,-0.01,,,106.4
-16.0,2.8,0.0,0.01,-0.06,-1.7,-1.05,-1.02,6.93,-1.0,0.4,11.448,6.945,7.554,7.456,12.75,8.44,12.36,9.61,-0.001,-0.0,-0.003,0.0,-0.01,,,106.45
-18.0,2.8,0.0,0.01,2.7,0.57,-2.85,2.01,-3.63,-1.0,0.4,9.094,9.8,9.8,9.055,13.83,10.01,11.58,11.97,-0.001,0.0,-0.001,0.0,-0.02,,,106.5
-19.7,2.8,0.0,0.02,0.08,-1.58,-3.48,1.02,3.25,-1.0,0.4,9.83,10.026,8.437,8.976,9.81,7.75,10.4,11.09,-0.001,0.0,-0.001,0.0,-0.03,,,106.55
-22.4,2.8,0.0,0.02,2.7,-0.63,-4.48,1.02,-3.32,-1.0,0.4,6.877,9.378,9.457,9.476,11.18,8.04,6.87,12.07,-0.0,0.001,-0.002,0.0,-0.03,,,106.6
-23.6,2.7,0.0,0.02,-0.27,-0.81,-3.82,-0.88,4.35,-1.0,0.4,9.113,8.24,10.251,10.065,10.79,8.04,14.32,10.3,-0.0,0.001,-0.003,0.0,-0.03,,,106.65
-23.5,2.7,0.0,0.02,1.19,-0.21,-4.1,3.07,1.13,-1.0,0.4,8.809,11.782,10.114,8.093,10.79,8.93,10.99,8.14,-0.001,-0.0,-0.002,0.0,-0.03,,,106.7
-23.3,2.7,0.0,0.02,1.85,-1.27,-4.33,-1.54,2.13,-1.0,0.4,10.585,11.517,9.761,7.877,11.28,12.07,9.91,9.71,-0.001,-0.0,-0.002,0.0,-0.03,,,106.75
-23.1,2.7,0.0,0.03,0.66,-0.17,-4.62,1.92,-2.22,-1.0,0.4,5.945,10.693,13.518,10.977,8.04,10.99,16.58,11.48,-0.001,0.0,-0.002,0.0,-0.03,,,106.8
-23.0,2.7,0.0,0.02,-0.12,-0.56,-4.75,1.56,4.66,-1.0,0.4,7.367,9.947,10.124,10.094,7.36,10.4,12.65,9.71,-0.001,0.0,-0.003,0.0,-0.03,,,106.85
-22.4,2.7,0.0,0.02,0.66,0.15,-4.77,1.28,1.06,-1.0,0.4,8.338,10.369,9.202,6.926,7.95,11.48,11.28,7.06,-0.002,0.0,-0.002,0.0,-0.03,,,106.9
-22.2,2.5,0.0,0.03,-0.21,-0.02,-4.93,2.37,2.32,-1.0,0.4,10.153,8.917,8.76,10.114,9.71,7.55,10.4,11.87,-0.001,0.0,-0.001,0.0,-0.03,,,106.95
-21.7,2.4,0.0,0.02,-0.54,-0.33,-4.33,0.12,0.9,-1.0,0.4,9.633,9.692,9.898,10.35,11.18,11.18,10.5,10.01,-0.001,0.0,-0.001,0.0,-0.03,,,107.0
-21.3,2.4,0.0,5.54,0.08,-0.25,-4.04,-0.96,0.21,2.3,-1.1,7.426,13.626,9.545,9.104,10.59,14.22,11.28,9.71,-0.002,-0.0,-0.001,-0.9,-0.09,-121.7540823,36.5854455,107.05
-19.9,2.3,0.0,5.53,0.06,0.42,-4.11,1.13,-0.75,2.35,-1.1,11.193,9.771,10.291,9.339,8.93,11.28,9.42,10.01,-0.002,-0.001,-0.001,-0.81,-0.08,-121.7540848,36.585447,107.1
-16.9,2.2,0.0,5.49,-0.46,-0.24,-3.57,1.29,-0.62,2.42,-1.1,7.142,12.272,10.487,10.094,9.42,9.81,11.09,10.69,-0.002,-0.001,-0.002,-1.24,-0.12,-121.7540872,36.5854485,107.15
-12.4,2.2,0.0,5.46,-0.27,-0.55,-3.67,0.94,-0.9,2.46,-1.14,8.28,9.339,11.438,10.497,8.53,8.93,8.14,8.34,-0.002,-0.001,-0.002,-1.49,-0.14,-121.7540896,36.58545,107.2
-7.4,2.2,0.0,5.44,0.16,0.72,-2.28,1.32,0.83,2.45,-0.99,8.692,10.045,9.084,9.055,8.24,11.97,6.97,8.93,-0.002,-0.001,-0.002,-1.19,-0.11,-121.754092,36.5854516,107.25
-2.2,2.1,0.0,5.42,0.0,0.27,-1.28,1.21,-1.41,2.59,-0.78,8.996,9.81,9.241,9.771,8.83,10.99,7.16,7.95,-0.002,-0.001,-0.002,-1.42,-0.13,-121.7540943,36.5854531,107.3
3.9,2.1,0.0,5.39,-0.6,0.45,-0.4,3.16,-1.25,2.73,-0.73,11.056,7.583,8.672,9.947,11.77,8.93,5.98,12.26,-0.001,-0.001,-0.001,-1.5,-0.14,-121.7540966,36.5854546,107.35
9.3,2.1,0.0,5.38,-0.78,1.18,0.61,2.01,-2.0,2.81,-0.64,8.025,9.692,10.82,10.86,7.65,14.52,8.83,10.79,-0.001,0.0,-0.002,-1.34,-0.13,-121.754099,36.5854561,107.4
10.6,2.1,0.0,5.36,-0.16,0.5,0.6,2.27,-0.12,2.89,-0.46,10.82,8.741,7.956,10.144,9.42,8.34,8.14,11.28,-0.001,-0.001,-0.002,-1.47,-0.14,-121.7541013,36.5854577,107.45
10.5,2.1,0.0,5.34,-0.39,0.77,1.33,-1.9,0.87,2.73,-0.4,12.056,7.622,8.898,10.399,9.32,7.06,8.83,9.61,-0.002,-0.001,-0.002,-1.4,-0.13,-121.7541037,36.5854592,107.5
10.4,2.1,0.0,5.33,-0.33,0.2,1.46,-0.58,-1.17,2.61,-0.43,10.84,9.261,10.065,10.83,7.75,9.81,6.67,12.85,-0.002,-0.001,-0.002,-1.66,-0.15,-121.7541061,36.5854607,107.55
8.8,2.1,0.0,5.32,-0.01,-0.21,1.93,1.46,0.78,2.6,-0.34,10.585,11.38,10.565,10.997,11.67,10.59,9.03,12.16,-0.002,-0.001,-0.003,-2.04,-0.19,-121.7541083,36.5854622,107.6
7.7,2.1,0.0,5.31,-0.12,0.15,1.17,0.64,1.12,2.56,-0.28,12.076,9.682,9.202,10.928,10.69,9.52,10.1,11.18,-0.002,-0.001,-0.003,-2.24,-0.21,-121.7541106,36.5854637,107.65
6.6,2.1,0.0,5.3,-0.02,-0.06,0.5,-0.58,-1.43,2.43,-0.3,11.37,8.564,8.28,8.858,11.58,9.61,7.46,10.5,-0.002,-0.001,-0.002,-2.47,-0.23,-121.7541129,36.5854652,107.7
6.0,2.1,0.0,5.27,-0.19,0.39,0.38,0.74,-0.92,2.39,-0.32,7.799,9.722,10.526,9.172,9.71,6.87,7.85,6.18,-0.001,-0.0,-0.002,-2.44,-0.23,-121.7541152,36.5854667,107.75
5.8,2.1,0.0,5.27,0.21,0.23,0.43,3.21,-3.5,2.46,-0.43,8.495,10.683,9.526,9.575,10.5,6.47,7.75,12.07,-0.001,-0.001,-0.002,-2.58,-0.24,-121.7541175,36.5854682,107.8
6.7,2.1,0.0,5.24,-0.54,0.26,0.92,-1.14,-1.08,2.26,-0.37,10.31,8.8,9.32,9.192,10.69,11.97,9.42,7.06,-0.001,-0.001,-0.002,-2.85,-0.26,-121.7541198,36.5854696,107.85
6.5,2.1,0.0,5.24,-0.05,0.4,1.2,0.2,-0.54,2.16,-0.39,8.613,10.026,10.114,10.762,10.01,11.77,8.14,9.12,-0.0,-0.001,-0.0,-2.76,-0.25,-121.7541221,36.5854711,107.9
6.7,2.1,0.0,5.22,-0.19,0.18,1.33,1.21,-0.97,2.15,-0.44,10.811,9.633,8.819,11.046,14.72,5.59,8.53,11.58,-0.0,-0.001,-0.0,-2.89,-0.26,-121.7541244,36.5854726,107.95
7.7,2.1,0.0,5.2,-0.4,0.38,0.85,-2.32,-0.28,1.88,-0.47,9.408,8.819,9.633,10.663,10.3,4.71,5.2,8.73,-0.001,-0.001,-0.001,-2.75,-0.25,-121.7541266,36.585474,108.0
8.0,2.1,0.0,5.19,-0.73,0.28,1.13,0.57,-0.15,1.86,-0.51,8.947,8.682,9.79,10.144,8.53,11.48,9.12,11.18,-0.0,-0.001,-0.0,-2.77,-0.25,-121.754129,36.5854754,108.05
7.8,2.1,0.0,5.16,-0.87,0.62,1.15,0.55,0.46,1.85,-0.48,8.064,10.565,10.399,10.448,10.89,11.48,8.73,9.71,-0.0,-0.001,-0.001,-2.9,-0.26,-121.7541312,36.5854769,108.1
7.5,2.1,0.0,5.14,-0.38,0.6,1.15,-0.64,0.54,1.68,-0.42,9.575,10.35,9.633,9.074,9.52,13.24,8.73,6.87,-0.001,-0.001,-0.0,-2.95,-0.27,-121.7541335,36.5854783,108.15
7.4,2.2,0.0,5.13,-0.36,0.66,1.34,1.74,0.32,1.72,-0.38,8.79,10.82,9.329,10.183,10.4,10.4,9.42,10.59,-0.001,-0.002,0.0,-3.02,-0.27,-121.7541358,36.5854797,108.2
7.5,2.1,0.0,5.12,-0.29,0.39,0.93,0.18,-0.23,1.69,-0.41,9.28,9.771,9.31,9.31,8.53,9.52,9.91,12.85,-0.0,-0.001,0.001,-3.15,-0.28,-121.7541381,36.5854812,108.25
7.2,2.2,0.0,5.1,-0.62,0.78,1.13,1.58,0.06,1.74,-0.4,7.966,10.222,9.653,9.947,8.14,8.63,10.99,9.03,-0.0,-0.001,0.0,-3.06,-0.27,-121.7541403,36.5854826,108.3
7.5,2.1,0.0,5.09,-0.31,1.0,0.96,-2.21,0.85,1.55,-0.37,10.085,10.467,9.918,9.722,10.1,12.36,9.12,8.24,-0.0,-0.001,0.0,-2.95,-0.26,-121.7541426,36.5854839,108.35
6.7,2.1,0.0,5.06,-0.51,0.37,0.29,-2.41,0.87,1.43,-0.36,9.516,9.27,10.713,10.713,11.09,8.04,11.38,12.95,-0.0,-0.001,0.0,-3.01,-0.27,-121.7541449,36.5854852,108.4
5.8,2.2,0.0,5.05,-0.68,-0.48,0.66,-2.19,2.74,1.27,-0.34,9.506,6.887,9.575,10.065,9.71,8.93,9.71,10.59,-0.0,-0.0,0.0,-3.06,-0.27,-121.7541471,36.5854867,108.45
5.2,2.2,0.0,5.03,-0.34,-0.2,0.99,-0.75,1.91,1.21,-0.26,10.516,10.045,8.388,7.858,9.22,9.71,10.2,10.2,-0.001,-0.001,0.001,-3.3,-0.29,-121.7541494,36.585488,108.5
4.0,2.1,0.0,5.01,-0.57,-0.37,0.47,0.66,1.4,1.21,-0.2,9.594,10.516,9.27,9.241,10.2,9.71,9.32,10.5,-0.002,-0.001,0.001,-3.54,-0.31,-121.7541516,36.5854893,108.55
2.0,2.2,0.0,5.01,-0.18,0.1,0.46,1.72,-1.67,1.3,-0.3,8.966,10.673,10.595,11.026,9.91,9.81,9.32,11.77,-0.002,-0.001,0.001,-3.51,-0.31,-121.7541538,36.5854908,108.6
-1.7,2.2,0.0,4.98,-0.38,0.34,-0.06,0.95,-0.42,1.35,-0.3,8.545,9.682,9.898,10.713,8.04,9.52,9.81,6.38,-0.001,-0.001,-0.0,-3.54,-0.31,-121.7541561,36.5854921,108.65
-3.5,2.2,0.0,4.97,0.06,0.21,-0.73,0.47,0.56,1.35,-0.29,8.731,9.771,9.653,9.025,7.95,9.91,11.28,9.32,-0.001,-0.001,0.0,-3.33,-0.29,-121.7541582,36.5854934,108.7
-4.0,2.2,0.0,4.96,-0.02,0.28,-0.94,0.84,0.77,1.34,-0.28,7.465,10.771,9.624,7.691,8.73,10.3,9.71,10.79,-0.001,-0.001,0.001,-3.28,-0.28,-121.7541605,36.5854949,108.75
-4.2,2.2,0.0,4.95,0.1,0.13,-0.75,0.08,-0.84,1.39,-0.32,9.751,11.007,9.8,10.114,8.14,11.09,11.58,10.69,-0.001,-0.0,-0.0,-3.4,-0.29,-121.7541627,36.5854962,108.8
-4.5,2.2,0.0,4.92,-0.53,-0.01,-1.17,-0.18,-0.6,1.4,-0.33,9.526,7.593,10.173,11.262,11.77,3.73,10.99,12.85,-0.001,-0.0,-0.001,-3.68,-0.32,-121.7541648,36.5854975,108.85
-6.6,2.3,0.0,4.9,-0.77,0.08,-0.84,0.02,3.74,1.38,-0.16,10.732,10.222,6.602,9.143,11.09,0.29,7.65,11.48,-0.002,-0.002,-0.001,-3.51,-0.3,-121.7541671,36.5854988,108.9
-8.1,2.3,0.0,4.9,-0.09,0.7,-0.64,-2.24,-1.39,1.25,-0.25,12.106,10.703,8.554,8.976,11.58,4.02,6.97,10.69,-0.003,-0.004,-0.0,-3.31,-0.28,-121.7541693,36.5855002,108.95
-8.9,2.4,0.0,4.9,-0.07,0.9,-0.66,-2.83,-5.73,1.13,-0.44,9.545,9.555,11.507,11.193,9.52,9.52,9.32,10.01,-0.002,-0.003,-0.0,-3.11,-0.27,-121.754171,36.5855012,109.0
-8.7,2.4,0.0,4.86,-0.01,-0.23,-1.04,-1.72,-3.32,0.99,-0.58,9.486,7.613,11.792,10.899,10.01,9.22,11.48,6.47,-0.001,-0.002,0.0,-3.44,-0.29,-121.7541736,36.5855028,109.05
-8.3,2.5,0.0,4.84,-0.29,-0.9,-1.08,0.47,2.25,1.0,-0.55,8.289,8.682,9.633,9.898,8.63,8.34,9.52,9.12,0.0,-0.001,0.002,-3.53,-0.3,-121.7541757,36.5855042,109.1
-7.6,2.5,0.0,4.82,-0.12,-0.1,-0.9,0.26,1.37,1.04,-0.52,8.77,8.201,9.084,7.593,9.03,9.71,9.32,1.37,0.0,-0.001,0.002,-3.69,-0.31,-121.7541778,36.5855055,109.15
-7.4,2.5,0.0,4.82,-0.07,-0.08,-1.54,3.28,-0.18,1.19,-0.49,8.466,9.064,8.672,10.477,9.03,9.81,10.1,10.5,0.0,-0.001,0.003,-3.66,-0.31,-121.75418,36.5855068,109.2
-7.6,2.5,0.0,4.81,0.67,0.35,-1.65,-1.3,-1.63,1.15,-0.45,9.418,9.221,9.624,10.497,12.95,10.01,12.07,9.32,0.001,-0.001,0.002,-3.47,-0.29,-121.7541821,36.5855082,109.25
-8.4,2.5,0.0,4.79,-0.11,0.11,-1.38,-1.63,1.57,1.06,-0.33,11.576,10.301,9.957,10.163,9.61,6.18,6.08,10.59,-0.001,-0.003,0.002,-3.31,-0.28,-121.7541842,36.5855095,109.3
-8.4,2.5,0.0,4.77,-0.59,-0.16,-0.67,-1.46,1.72,1.04,-0.26,9.682,13.293,9.839,10.762,8.44,10.1,10.79,6.87,-0.002,-0.004,0.002,-3.15,-0.26,-121.7541863,36.5855107,109.35
-8.2,2.5,0.0,4.76,-0.37,0.59,-1.2,-1.32,-3.18,1.01,-0.4,8.397,11.321,11.713,10.781,9.81,10.99,8.83,15.01,-0.001,-0.004,0.002,-3.24,-0.27,-121.7541885,36.5855121,109.4
-8.0,2.5,0.0,4.73,-0.28,-0.03,-1.41,-1.68,-3.09,0.94,-0.49,8.662,10.82,10.673,12.576,11.09,9.22,7.36,18.15,-0.001,-0.004,0.001,-3.38,-0.28,-121.7541905,36.5855134,109.45
-8.3,2.5,0.0,4.7,-0.53,0.91,-1.76,-5.97,1.08,0.61,-0.33,11.546,8.898,9.172,9.192,7.36,8.93,7.75,11.67,-0.001,-0.003,0.002,-2.99,-0.25,-121.7541926,36.5855147,109.5
-7.4,2.5,0.0,4.7,-0.23,-0.1,-1.16,-1.64,1.32,0.46,-0.31,9.996,9.859,8.338,8.005,6.67,10.5,10.1,7.46,-0.001,-0.002,0.003,-2.7,-0.22,-121.7541947,36.585516,109.55
-6.7,2.5,0.0,4.69,0.28,-0.82,-1.39,0.86,-1.38,0.51,-0.4,7.053,12.645,8.623,8.26,10.5,10.01,10.59,9.22,-0.001,-0.002,0.003,-3.07,-0.25,-121.7541967,36.5855173,109.6
-5.8,2.5,0.0,4.67,-0.14,-0.25,-0.9,-0.2,-3.16,0.43,-0.55,8.613,8.692,8.417,8.191,10.5,8.83,6.97,11.87,0.0,-0.001,0.004,-3.31,-0.27,-121.7541988,36.5855186,109.65
-5.8,2.5,0.0,4.66,0.04,0.26,-0.88,-0.4,-2.07,0.42,-0.64,9.3,8.888,10.497,10.614,13.54,10.1,8.04,6.97,0.001,-0.001,0.004,-3.32,-0.27,-121.7542009,36.5855199,109.7
-5.6,2.5,0.0,4.64,-0.06,0.38,-0.55,-0.06,-1.52,0.41,-0.68,10.291,11.115,9.83,8.907,8.04,11.97,9.32,8.44,-0.001,-0.002,0.003,-3.14,-0.25,-121.7542029,36.5855212,109.75
-4.7,2.5,0.0,4.62,-0.53,0.28,-0.93,1.09,-0.64,0.45,-0.73,10.585,11.733,10.32,10.614,9.32,11.87,10.69,14.72,-0.002,-0.003,0.002,-3.06,-0.25,-121.7542049,36.5855225,109.8
-4.4,2.5,0.0,4.6,-0.14,0.35,-1.49,1.37,-3.26,0.5,-0.91,12.184,9.663,10.909,10.595,7.36,9.32,13.15,9.91,-0.003,-0.003,0.0,-3.24,-0.26,-121.754207,36.5855238,109.85
-4.8,2.5,0.0,4.57,-0.31,-0.1,-1.39,2.72,-3.29,0.61,-1.05,10.173,7.691,10.575,10.879,11.87,7.85,9.22,9.32,-0.002,-0.001,-0.0,-3.38,-0.27,-121.7542089,36.5855251,109.9
-4.8,2.5,0.0,4.55,-0.51,-0.56,-1.05,1.85,-0.48,0.7,-1.04,10.359,8.456,9.388,10.144,13.34,7.16,6.67,13.64,-0.002,-0.0,-0.0,-4.08,-0.32,-121.7542109,36.5855263,109.95
-4.7,2.5,0.0,4.54,-0.35,0.19,-1.97,5.27,-0.01,0.96,-1.08,9.476,9.594,9.545,10.379,12.46,10.4,10.1,4.32,-0.002,0.001,-0.003,-3.99,-0.32,-121.7542129,36.5855277,110.0
-4.9,2.5,0.0,4.53,-0.01,0.29,-1.93,2.15,1.23,1.05,-1.04,9.074,7.603,9.584,9.025,8.73,7.75,11.87,9.42,-0.002,0.001,-0.004,-3.85,-0.3,-121.7542148,36.5855289,110.05
-7.4,2.5,0.0,4.5,-0.16,-0.07,-1.97,2.48,1.9,1.22,-1.0,10.281,10.291,7.917,9.221,11.09,3.63,5.2,10.3,-0.002,0.0,-0.004,-3.8,-0.3,-121.7542168,36.5855302,110.1
-8.1,2.5,0.0,4.46,-0.81,0.07,-1.7,-1.73,1.17,1.2,-0.97,10.811,10.32,9.241,9.849,10.89,9.12,10.1,8.24,-0.004,0.001,-0.004,-3.82,-0.3,-121.7542187,36.5855315,110.15
-8.3,2.6,0.0,4.46,-0.32,0.25,-1.57,-0.49,-0.63,1.18,-1.01,9.359,11.389,10.301,9.192,9.52,10.1,10.1,10.2,-0.004,0.0,-0.005,-3.72,-0.29,-121.7542206,36.5855328,110.2
-8.6,2.6,0.0,4.44,-0.17,0.56,-2.32,-0.89,-3.41,1.1,-1.13,7.613,12.027,11.066,9.673,9.71,12.56,15.3,11.38,-0.003,0.001,-0.005,-3.49,-0.27,-121.7542225,36.585534,110.25
-8.8,2.6,0.0,4.41,-0.47,-0.79,-1.81,-1.97,1.39,0.96,-1.1,7.73,8.584,11.488,9.741,9.12,9.52,11.09,9.12,-0.003,0.001,-0.006,-3.66,-0.28,-121.7542244,36.5855353,110.3
-7.7,2.6,0.0,4.39,-0.43,-0.08,-1.22,1.34,1.85,1.0,-1.08,9.555,7.102,11.242,9.898,6.77,7.06,6.18,10.69,-0.003,0.002,-0.005,-3.56,-0.27,-121.7542264,36.5855366,110.35
-5.4,2.6,0.0,4.36,-0.04,-0.81,-1.35,6.43,2.24,1.33,-0.96,9.329,10.104,9.712,9.928,11.18,9.71,4.51,9.12,-0.003,0.002,-0.005,-4.01,-0.31,-121.7542282,36.5855378,110.4
-3.0,2.7,0.0,4.35,0.11,-0.55,-1.49,7.15,3.57,1.68,-0.74,10.811,10.094,9.349,8.074,10.01,18.05,7.85,8.24,-0.003,0.002,-0.004,-4.35,-0.33,-121.75423,36.5855391,110.45
-2.0,2.7,0.0,4.34,0.14,0.53,-1.36,6.05,3.58,2.0,-0.59,9.869,10.065,8.751,9.339,8.83,7.75,6.47,10.4,-0.002,-0.0,-0.004,-4.06,-0.31,-121.7542319,36.5855404,110.5
-0.7,2.7,0.0,4.32,-0.13,0.88,-0.81,3.7,0.27,2.19,-0.61,9.32,8.329,8.142,9.192,11.28,5.3,8.53,9.52,-0.001,-0.0,-0.003,-3.58,-0.27,-121.7542337,36.5855416,110.55
0.6,2.7,0.0,4.3,0.03,0.66,0.18,1.45,1.37,2.24,-0.53,9.055,8.515,8.77,10.281,11.58,5.89,7.85,6.57,-0.001,-0.001,-0.003,-2.92,-0.22,-121.7542355,36.5855429,110.6
2.2,2.7,0.0,4.27,-0.63,-0.2,0.26,-0.57,0.92,2.22,-0.47,9.329,10.114,11.311,10.879,12.26,8.63,11.87,8.63,-0.001,-0.001,-0.003,-3.09,-0.23,-121.7542374,36.5855442,110.65
3.4,2.7,0.0,4.27,-0.3,0.47,0.2,-0.72,1.51,2.16,-0.4,11.644,9.388,11.448,9.575,9.03,8.73,7.36,9.71,-0.002,-0.001,-0.003,-2.82,-0.21,-121.7542392,36.5855453,110.7
4.0,2.7,0.0,4.25,-0.64,1.02,0.44,2.58,1.69,2.17,-0.3,10.075,10.389,8.456,10.183,10.01,8.83,7.36,12.07,-0.001,-0.001,-0.002,-2.5,-0.19,-121.754241,36.5855466,110.75
6.0,2.7,0.0,4.24,0.1,0.02,0.07,0.83,1.42,2.21,-0.21,10.006,8.878,7.416,9.996,11.48,7.75,8.83,8.44,-0.001,-0.001,-0.002,-2.92,-0.22,-121.7542429,36.5855479,110.8
6.9,2.7,0.0,4.22,-0.12,0.91,0.27,0.57,0.75,2.13,-0.13,6.789,11.87,10.516,9.673,11.09,9.03,8.44,8.44,-0.001,-0.0,-0.002,-2.37,-0.17,-121.7542446,36.585549,110.85
9.5,2.7,0.0,4.19,-0.4,-0.41,0.89,-1.37,2.68,2.14,0.04,9.879,9.771,8.839,8.672,8.83,12.75,7.85,8.73,-0.001,0.0,-0.002,-2.47,-0.18,-121.7542464,36.5855503,110.9
11.1,2.7,0.0,4.18,-0.26,1.31,0.64,3.62,3.19,2.3,0.18,10.673,10.35,8.152,9.172,10.2,11.18,8.53,10.89,-0.001,-0.001,-0.001,-2.1,-0.15,-121.7542482,36.5855514,110.95
12.3,2.7,0.0,4.18,-0.39,-0.05,1.78,-3.61,0.79,2.19,0.14,10.251,9.339,8.24,8.574,11.58,8.44,10.1,6.08,-0.0,-0.001,0.0,-2.9,-0.21,-121.7542501,36.5855526,111.0
13.7,2.7,0.0,4.16,-0.16,1.13,2.6,1.01,-1.02,2.29,0.05,9.182,9.879,10.889,10.565,8.14,9.52,6.67,14.42,0.0,-0.001,0.001,-2.69,-0.2,-121.7542519,36.5855538,111.05
13.7,2.7,0.0,4.15,0.02,1.39,1.35,-0.11,-0.14,2.27,0.06,10.82,10.222,9.221,11.213,12.65,7.75,7.06,13.93,0.0,-0.002,0.0,-2.4,-0.17,-121.7542536,36.5855549,111.1
12.6,2.8,0.0,4.13,-0.06,1.06,0.79,-3.22,1.54,2.09,0.08,8.849,9.172,9.771,9.104,9.12,8.04,10.99,10.99,0.0,-0.002,0.0,-2.6,-0.19,-121.7542555,36.5855561,111.15
11.4,2.8,0.0,4.12,-0.78,1.2,1.01,-1.52,1.08,1.99,-0.0,9.006,9.535,9.153,10.614,10.89,8.53,11.87,10.3,0.0,-0.001,0.0,-2.82,-0.2,-121.7542573,36.5855572,111.2
9.7,2.8,0.0,4.11,-0.32,0.63,1.6,-0.51,0.68,1.94,0.0,7.868,9.81,10.467,9.526,7.55,11.18,13.54,10.69,0.0,-0.001,0.001,-3.16,-0.23,-121.7542591,36.5855584,111.25
8.8,2.8,0.0,4.09,0.23,-0.56,1.99,-2.78,1.49,1.78,0.05,10.016,10.497,9.604,9.555,11.67,9.12,7.75,7.26,0.0,-0.002,0.002,-4.07,-0.29,-121.7542609,36.5855596,111.3
8.1,2.8,0.0,4.07,0.12,0.04,1.1,-1.65,0.91,1.71,0.09,10.026,9.624,9.015,8.289,9.42,10.1,9.81,10.69,-0.0,-0.002,0.003,-4.14,-0.3,-121.7542627,36.5855607,111.35
7.7,2.8,0.0,4.06,-0.55,1.25,0.49,0.4,-0.09,1.73,0.08,8.819,11.321,9.898,10.065,9.81,9.42,10.69,6.08,-0.0,-0.002,0.003,-3.9,-0.28,-121.7542644,36.5855619,111.4
7.5,2.8,0.0,4.06,0.05,0.78,-0.06,0.87,-1.27,1.76,-0.03,8.466,8.25,9.663,9.241,10.1,9.61,10.69,9.22,0.0,-0.002,0.004,-4.06,-0.29,-121.7542663,36.5855631,111.45
7.2,2.7,0.0,4.04,-0.41,0.53,0.64,0.04,-0.76,1.73,-0.08,5.003,11.448,9.398,10.762,9.32,9.12,10.4,13.54,0.001,-0.002,0.004,-4.11,-0.29,-121.754268,36.5855642,111.5
7.5,2.7,0.0,4.03,-0.25,0.09,0.51,-1.98,-0.35,1.66,-0.08,11.488,9.261,10.369,10.114,8.04,11.58,10.89,9.12,0.0,-0.002,0.004,-4.27,-0.3,-121.7542697,36.5855654,111.55
7.6,2.8,0.0,4.01,-0.37,1.01,0.12,-2.68,-0.07,1.54,-0.04,7.74,10.811,10.31,9.025,9.81,10.4,9.71,10.69,-0.0,-0.003,0.004,-3.53,-0.25,-121.7542716,36.5855665,111.6
8.0,2.8,0.0,4.01,-0.45,1.04,0.18,-3.3,-1.38,1.44,-0.05,10.536,10.085,9.663,9.31,11.87,9.03,10.2,10.79,-0.0,-0.002,0.004,-3.24,-0.23,-121.7542733,36.5855676,111.65
8.2,2.8,0.0,4.01,-0.09,-0.44,0.45,-3.24,-1.95,1.29,-0.11,9.32,8.388,11.331,9.741,10.2,10.01,10.59,9.42,0.0,-0.002,0.004,-3.59,-0.25,-121.754275,36.5855688,111.7
8.4,2.7,0.0,3.98,-0.5,-0.45,0.68,-1.61,1.7,1.24,-0.01,5.405,12.498,9.741,9.221,8.24,11.09,9.12,9.12,0.0,-0.002,0.004,-3.16,-0.22,-121.7542768,36.58557,111.75
8.6,2.7,0.0,3.98,-0.13,0.08,0.68,-1.95,0.46,1.19,-0.02,12.881,7.877,8.966,8.574,9.61,11.38,11.09,8.24,0.0,-0.002,0.004,-3.0,-0.21,-121.7542785,36.5855711,111.8
8.7,2.8,0.0,3.97,-0.46,-0.1,0.55,-0.63,-0.74,1.15,-0.04,9.839,9.172,9.398,9.898,9.61,9.71,9.12,11.28,-0.0,-0.002,0.004,-2.96,-0.2,-121.7542803,36.5855722,111.85
8.6,2.8,0.0,3.98,0.02,0.35,0.36,-2.21,-0.8,1.08,-0.04,7.377,9.633,10.644,10.281,8.93,8.93,9.81,11.09,0.0,-0.002,0.003,-2.56,-0.18,-121.7542821,36.5855734,111.9
8.6,2.8,0.0,3.96,0.06,1.18,0.4,-1.42,1.56,0.95,0.03,8.888,9.261,9.938,10.045,10.3,8.73,9.91,10.2,0.0,-0.002,0.003,-2.04,-0.14,-121.7542838,36.5855745,111.95
8.7,2.7,0.0,3.96,0.15,-0.33,0.19,-2.23,1.49,0.83,0.11,12.439,9.32,9.702,9.29,10.2,8.63,9.42,8.53,-0.0,-0.002,0.003,-2.08,-0.14,-121.7542855,36.5855756,112.0
9.1,2.7,0.0,3.94,0.44,0.2,0.8,-1.08,1.26,0.81,0.18,9.594,10.153,9.898,9.624,9.52,10.99,9.22,9.03,-0.0,-0.002,0.003,-2.16,-0.15,-121.7542873,36.5855768,112.05
9.3,2.7,0.0,3.94,-0.41,1.06,1.23,-2.93,-0.05,0.72,0.19,9.702,10.408,8.584,9.388,9.32,9.42,9.03,10.3,0.0,-0.002,0.004,-1.88,-0.13,-121.754289,36.5855778,112.1
9.4,2.7,0.0,3.92,-0.42,0.47,0.99,-2.53,-0.4,0.61,0.18,13.381,6.808,9.261,10.86,10.1,7.85,10.1,12.56,0.0,-0.002,0.004,-1.71,-0.12,-121.7542908,36.585579,112.15
9.1,2.8,0.0,3.92,-0.42,0.32,0.72,-1.32,0.45,0.57,0.22,6.847,9.192,11.007,11.448,6.57,9.03,9.91,12.16,0.001,-0.002,0.003,-1.29,-0.09,-121.7542925,36.5855802,112.2
9.3,2.7,0.0,3.92,0.09,0.47,1.05,-1.1,2.35,0.41,0.34,8.721,14.617,10.977,8.191,-6.87,11.48,9.81,8.83,-0.002,-0.003,0.004,-1.03,-0.07,-121.7542942,36.5855812,112.25
9.4,2.7,0.0,3.92,-0.04,-0.45,0.96,0.51,-0.04,0.45,0.37,11.958,11.066,8.338,7.495,7.95,17.46,10.5,8.63,-0.002,-0.004,0.004,-1.36,-0.09,-121.754296,36.5855824,112.3
9.8,2.7,0.0,3.92,0.56,0.1,0.69,-3.36,-3.25,0.32,0.25,10.546,9.633,10.84,9.457,9.52,13.34,8.44,10.89,-0.001,-0.004,0.004,-1.16,-0.08,-121.7542978,36.5855835,112.35
9.6,2.8,0.0,3.9,-0.23,0.73,1.06,-1.12,-4.22,0.26,0.08,4.934,9.496,10.271,11.762,17.85,9.71,7.06,13.34,0.002,-0.003,0.004,-0.84,-0.06,-121.7542995,36.5855845,112.4
10.9,2.8,0.0,3.9,0.33,0.84,1.47,-5.37,-0.56,-0.0,0.07,11.066,8.76,9.241,9.29,6.28,7.75,9.42,8.93,0.001,-0.003,0.005,-0.14,-0.01,-121.7543012,36.5855857,112.45
12.7,2.8,0.0,3.87,-0.66,0.7,1.76,-0.65,-0.42,-0.08,0.03,13.302,7.662,8.643,8.574,7.55,8.83,9.12,8.93,-0.0,-0.003,0.006,-0.06,-0.0,-121.754303,36.5855868,112.5
14.8,2.8,0.0,3.87,-0.89,-0.63,1.19,-1.12,-2.52,-0.12,-0.1,10.752,10.036,9.79,10.281,12.95,9.12,9.12,9.71,-0.0,-0.003,0.006,-0.36,-0.02,-121.7543047,36.5855878,112.55
15.3,2.8,0.0,3.87,-0.11,0.33,0.87,1.04,-2.65,-0.09,-0.23,8.025,11.497,9.643,10.565,10.3,10.59,8.44,11.09,0.0,-0.002,0.005,-0.13,-0.01,-121.7543064,36.585589,112.6
15.7,2.8,0.0,3.86,-0.21,0.03,1.68,0.44,-2.1,-0.1,-0.35,9.957,7.877,9.055,10.428,10.3,8.14,8.44,9.71,0.0,-0.002,0.005,-0.26,-0.02,-121.7543082,36.5855901,112.65
15.7,2.8,0.0,3.86,-0.46,0.65,2.12,-1.77,-1.64,-0.17,-0.44,11.301,7.357,9.732,9.849,10.69,9.12,11.77,9.22,0.0,-0.002,0.004,0.08,0.01,-121.7543099,36.5855911,112.7
15.7,2.8,0.0,3.86,0.13,0.18,1.45,-1.95,-1.13,-0.28,-0.5,4.993,12.204,9.633,10.86,7.55,9.12,10.2,12.07,-0.0,-0.002,0.004,0.39,0.03,-121.7543116,36.5855922,112.75
15.9,2.8,0.0,3.87,0.42,-0.68,0.95,-2.38,-0.22,-0.34,-0.56,10.094,10.261,10.33,9.408,8.93,10.3,8.24,9.42,-0.001,-0.002,0.003,0.98,0.07,-121.7543134,36.5855932,112.8
15.9,2.8,0.0,3.85,-0.02,0.65,1.18,-5.37,-2.75,-0.41,-0.64,12.567,9.8,11.595,9.143,10.3,11.97,32.86,7.65,-0.001,-0.002,0.003,0.46,0.03,-121.7543151,36.5855943,112.85
15.4,2.8,0.0,3.87,0.41,0.57,1.08,2.43,-5.28,-0.35,-0.85,8.525,10.104,8.083,8.456,8.63,10.01,14.32,15.79,-0.001,-0.002,0.003,0.84,0.06,-121.7543169,36.5855955,112.9
15.7,2.8,0.0,3.84,-0.64,-0.46,1.89,-0.06,0.48,-0.38,-0.75,10.291,6.887,10.938,11.193,10.89,8.34,11.38,-1.67,-0.0,-0.002,-0.0,0.12,0.01,-121.7543187,36.5855964,112.95
15.4,2.8,0.0,3.86,0.54,0.05,0.99,-2.68,1.59,-0.54,-0.73,6.857,11.35,9.32,8.692,10.2,8.14,5.98,12.85,-0.001,-0.002,0.001,0.67,0.05,-121.7543204,36.5855975,113.0
15.5,2.8,0.0,3.88,0.61,0.05,0.89,-3.14,-0.51,-0.66,-0.75,11.644,8.211,10.605,10.644,10.4,7.85,16.58,11.58,-0.001,-0.001,0.0,1.03,0.07,-121.7543221,36.5855985,113.05
14.9,2.8,0.0,3.86,0.14,-0.07,0.41,-3.56,-2.47,-0.88,-0.84,7.956,9.928,10.624,10.399,10.89,7.95,14.52,10.5,-0.001,-0.001,-0.0,1.37,0.09,-121.7543239,36.5855996,113.1
15.1,2.8,0.0,3.85,0.05,-1.7,1.92,1.06,2.72,-0.79,-0.73,11.419,9.359,9.781,8.623,8.83,10.3,11.77,9.22,-0.001,-0.001,0.0,0.72,0.05,-121.7543257,36.5856006,113.15
15.0,2.8,0.0,3.87,0.76,-1.88,2.26,0.62,1.17,-0.74,-0.71,7.946,10.742,9.506,8.643,9.52,8.73,10.1,10.4,-0.001,-0.001,0.001,-0.27,-0.02,-121.7543274,36.5856018,113.2
15.1,2.8,0.0,3.86,0.08,0.18,1.5,-0.07,-1.24,-0.75,-0.75,10.31,10.055,10.114,9.879,7.46,11.87,11.28,7.26,-0.001,-0.001,0.001,0.33,0.02,-121.7543292,36.5856028,113.25
14.9,2.8,0.0,3.87,0.25,0.63,0.56,1.82,0.14,-0.65,-0.72,9.104,9.27,9.447,9.624,9.91,8.14,10.4,8.93,-0.001,-0.001,0.0,0.69,0.05,-121.7543309,36.5856038,113.3
14.2,2.8,0.0,3.89,0.55,-0.55,0.58,1.28,0.29,-0.59,-0.71,7.279,10.006,10.379,9.437,9.03,9.52,11.87,11.77,-0.001,-0.0,0.0,0.41,0.03,-121.7543327,36.585605,113.35
14.0,2.8,0.0,3.89,0.27,0.11,1.42,1.64,1.33,-0.48,-0.66,13.087,6.612,8.917,10.183,8.14,10.89,8.53,11.09,-0.001,-0.0,0.0,0.62,0.04,-121.7543345,36.5856059,113.4
13.7,2.8,0.0,3.89,0.76,0.73,1.11,1.37,0.24,-0.49,-0.61,9.663,8.535,9.447,9.849,11.48,9.12,8.73,12.65,-0.001,-0.0,0.0,0.57,0.04,-121.7543362,36.585607,113.45
13.6,2.9,0.0,3.89,-0.03,0.47,1.45,0.55,0.58,-0.48,-0.55,9.31,10.928,10.144,9.879,8.63,8.44,9.03,11.48,-0.001,-0.001,-0.0,0.82,0.06,-121.754338,36.5856081,113.5
13.4,2.9,0.0,3.9,-0.02,-0.17,0.81,1.99,2.65,-0.43,-0.39,8.25,10.085,10.065,10.732,9.12,8.24,8.44,9.61,-0.002,-0.001,-0.001,0.65,0.04,-121.7543398,36.5856091,113.55
13.1,2.8,0.0,3.91,-0.1,0.2,0.84,-1.75,0.9,-0.57,-0.36,10.762,8.083,8.947,11.311,8.63,8.83,10.79,11.97,-0.001,-0.001,-0.001,0.65,0.04,-121.7543416,36.5856101,113.6
12.1,2.9,0.0,3.92,0.5,-0.05,0.87,0.67,0.51,-0.56,-0.32,10.732,7.485,9.094,9.359,10.2,8.73,9.03,10.4,-0.001,0.0,-0.001,0.82,0.06,-121.7543433,36.5856112,113.65
11.5,2.9,0.0,3.92,-0.54,-0.1,1.21,-0.14,2.5,-0.61,-0.2,9.692,9.633,8.692,10.86,13.73,10.01,7.65,10.59,-0.001,0.0,-0.001,0.64,0.04,-121.7543452,36.5856122,113.7
11.3,2.9,0.0,3.94,0.13,0.18,1.04,-2.02,0.51,-0.69,-0.13,7.77,13.685,9.29,8.672,7.26,10.3,10.69,12.26,-0.002,-0.001,-0.001,0.65,0.05,-121.754347,36.5856133,113.75
11.4,2.9,0.0,3.95,-0.05,-0.15,0.79,-0.22,0.92,-0.71,-0.08,8.25,10.801,11.782,9.673,8.63,12.16,12.16,11.67,-0.002,-0.001,-0.001,0.73,0.05,-121.7543488,36.5856144,113.8
11.4,2.9,0.0,3.96,0.3,-0.45,1.12,-0.36,2.14,-0.72,-0.02,8.289,10.83,10.762,9.643,9.03,11.09,11.28,8.44,-0.002,-0.001,-0.001,0.61,0.04,-121.7543506,36.5856154,113.85
11.3,2.9,0.0,3.98,0.48,0.28,1.05,0.71,-0.07,-0.64,-0.04,10.251,9.074,8.623,9.241,9.03,9.03,10.89,10.1,-0.001,-0.001,-0.001,0.68,0.05,-121.7543524,36.5856165,113.9
11.3,2.9,0.0,4.0,0.83,0.04,1.53,0.11,-1.66,-0.61,-0.07,11.007,8.966,8.574,8.476,11.09,8.53,10.4,8.24,-0.0,-0.0,0.0,0.54,0.04,-121.7543543,36.5856176,113.95
11.2,2.9,0.0,3.99,-0.2,0.54,1.41,1.14,0.45,-0.54,0.0,9.32,8.77,9.3,9.408,10.01,9.12,10.69,10.3,-0.0,-0.0,0.001,0.8,0.06,-121.754356,36.5856187,114.0
11.4,2.9,0.0,4.01,0.74,-1.17,1.03,-0.66,0.12,-0.48,-0.0,8.142,9.29,9.427,10.663,9.52,8.83,9.03,8.34,-0.0,-0.001,0.001,0.48,0.03,-121.7543578,36.5856197,114.05
11.2,2.9,0.0,4.03,0.32,-0.17,1.2,-0.66,0.41,-0.45,0.02,7.652,10.242,11.262,10.35,10.89,10.2,8.14,8.63,0.0,-0.001,0.001,0.47,0.03,-121.7543597,36.5856208,114.1
11.3,2.9,0.0,4.05,0.56,1.0,0.96,-1.48,-0.31,-0.53,0.04,10.026,9.722,9.849,10.516,10.01,10.59,8.14,8.53,-0.0,-0.001,0.001,1.12,0.08,-121.7543615,36.5856219,114.15
11.2,2.9,0.0,4.05,0.04,0.11,1.0,3.83,0.9,-0.44,0.12,10.438,9.682,9.506,9.437,10.2,9.91,8.83,10.1,-0.0,-0.001,0.001,0.98,0.07,-121.7543634,36.5856229,114.2
11.2,2.9,0.0,4.07,0.7,-1.18,1.23,-1.63,0.75,-0.52,0.13,9.074,10.085,8.819,9.388,11.38,7.85,6.77,8.53,-0.0,-0.001,0.001,0.31,0.02,-121.7543653,36.585624,114.25
11.7,2.9,0.0,4.08,0.46,0.61,0.81,1.88,-1.31,-0.46,0.01,7.799,11.664,9.163,8.456,8.53,9.32,10.01,10.79,-0.001,-0.001,0.001,0.92,0.07,-121.7543671,36.5856251,114.3
11.5,2.9,0.0,4.08,-0.14,-0.45,0.43,-0.45,-3.88,-0.44,-0.15,10.595,7.995,11.86,11.949,9.71,8.83,8.14,9.42,-0.002,-0.001,-0.002,0.77,0.05,-121.7543689,36.5856261,114.35
10.9,2.9,0.0,4.09,0.23,0.07,0.4,2.33,-1.96,-0.31,-0.23,10.045,8.015,11.448,10.663,10.3,8.34,9.81,11.18,-0.001,-0.0,-0.003,0.94,0.07,-121.7543709,36.5856272,114.4
10.4,2.9,0.0,4.09,-0.36,-0.6,1.02,-2.44,2.13,-0.35,-0.1,8.986,9.476,8.623,9.879,10.4,8.44,9.91,7.95,-0.001,-0.0,-0.003,0.51,0.04,-121.7543727,36.5856283,114.45
9.7,2.9,0.0,4.12,0.51,-0.02,0.93,-2.39,0.22,-0.4,-0.02,10.389,10.359,9.614,7.622,9.91,11.09,10.2,9.32,-0.001,-0.0,-0.001,0.8,0.06,-121.7543746,36.5856293,114.5
8.7,2.9,0.0,4.12,-0.01,0.45,0.58,2.05,0.4,-0.3,0.01,11.792,8.397,9.025,9.575,10.1,11.09,10.79,9.12,-0.001,-0.0,-0.001,1.15,0.08,-121.7543765,36.5856305,114.55
5.8,2.9,0.0,4.16,0.37,0.35,0.7,-1.53,-0.71,-0.35,-0.06,7.456,10.526,9.427,9.849,11.48,8.34,10.99,8.63,-0.001,-0.0,-0.001,0.85,0.06,-121.7543784,36.5856316,114.6
2.4,2.9,0.0,4.16,0.16,-0.59,-0.09,0.38,-0.17,-0.34,-0.11,12.037,7.887,9.28,8.907,8.24,10.79,10.1,8.63,-0.001,0.0,-0.002,0.7,0.05,-121.7543802,36.5856326,114.65
-0.8,2.9,0.0,4.15,-0.33,-0.17,0.21,3.39,0.33,-0.21,-0.12,9.839,9.104,9.398,9.437,12.65,10.2,9.81,8.53,-0.001,-0.0,-0.002,0.72,0.05,-121.7543822,36.5856338,114.7
-2.4,2.9,0.0,4.18,0.1,0.43,-0.63,-0.17,-1.07,-0.33,-0.21,10.968,8.603,11.605,9.27,12.07,7.36,10.4,9.52,-0.001,0.0,-0.002,0.72,0.05,-121.754384,36.5856349,114.75
-3.5,2.9,0.0,4.19,-0.14,0.06,-1.11,0.92,-0.55,-0.32,-0.23,10.251,9.467,9.79,11.762,11.09,10.79,10.99,10.89,-0.001,0.0,-0.002,0.53,0.04,-121.754386,36.5856359,114.8
-4.9,2.9,0.0,4.21,0.09,-0.8,-0.5,0.62,-0.58,-0.29,-0.26,7.789,10.232,10.507,9.506,8.73,10.5,11.87,9.52,-0.001,0.0,-0.002,0.13,0.01,-121.7543879,36.5856371,114.85
-5.8,2.9,0.0,4.23,0.54,-0.19,-0.74,0.84,-0.39,-0.3,-0.27,10.33,6.975,11.978,10.31,10.1,9.32,7.55,9.12,-0.001,0.0,-0.002,0.52,0.04,-121.7543898,36.5856382,114.9
-6.2,2.8,0.0,4.22,0.03,-0.6,-0.38,2.92,2.63,-0.18,-0.11,8.221,12.125,10.094,9.104,9.12,10.59,7.55,3.92,-0.001,-0.0,-0.002,0.29,0.02,-121.7543918,36.5856392,114.95
-6.5,2.8,0.0,4.21,-0.19,-0.65,-0.91,-0.03,2.59,-0.18,0.02,8.672,10.104,8.986,8.574,9.52,10.01,9.91,9.81,-0.001,-0.001,-0.0,0.09,0.01,-121.7543936,36.5856404,115.0
-6.8,2.8,0.0,4.25,0.07,-0.12,-0.98,-0.06,-0.06,-0.12,0.0,9.967,9.781,7.73,9.928,11.28,6.47,10.69,8.44,-0.001,-0.0,-0.0,0.24,0.02,-121.7543955,36.5856416,115.05
-6.7,2.8,0.0,4.28,0.64,-0.53,-0.95,0.96,-1.62,-0.09,-0.02,7.25,8.348,11.321,10.595,8.93,9.32,12.07,10.69,-0.001,-0.0,-0.001,0.41,0.03,-121.7543975,36.5856426,115.1
-6.3,2.8,0.0,4.28,0.05,0.28,-0.88,-1.24,0.15,-0.13,0.03,10.065,9.839,10.036,9.476,11.48,8.93,10.2,9.81,-0.0,-0.0,-0.001,0.53,0.04,-121.7543994,36.5856438,115.15
-5.6,2.8,0.0,4.31,0.01,0.16,-0.62,-0.42,2.78,-0.09,0.18,7.475,11.046,10.202,9.673,11.67,11.48,9.81,9.91,-0.0,-0.001,-0.0,-0.12,-0.01,-121.7544013,36.585645,115.2
-4.7,2.8,0.0,4.3,-0.28,0.1,-1.25,-0.27,1.98,-0.06,0.25,12.164,8.574,9.055,9.996,11.09,10.89,8.83,10.1,-0.001,-0.001,0.0,0.55,0.04,-121.7544033,36.5856462,115.25
-4.4,2.8,0.0,4.33,0.38,0.1,-0.97,1.65,1.13,0.01,0.31,7.956,11.968,10.006,10.35,7.85,9.91,8.24,9.32,-0.001,-0.001,0.0,0.65,0.05,-121.7544052,36.5856472,115.3
-4.7,2.8,0.0,4.35,0.89,0.67,-1.08,-0.29,1.09,-0.06,0.3,7.671,10.722,9.673,9.408,8.83,11.18,9.61,9.71,-0.001,-0.001,0.0,0.97,0.07,-121.7544071,36.5856484,115.35
-4.9,2.8,0.0,4.35,0.15,0.45,-0.79,-0.76,2.11,-0.16,0.29,12.351,6.269,9.996,9.977,10.69,7.16,8.53,7.75,-0.001,-0.001,0.0,0.98,0.07,-121.7544091,36.5856496,115.4
-4.8,2.7,0.0,4.37,0.57,-0.39,-0.52,2.18,0.32,-0.06,0.29,9.202,11.056,8.79,10.399,10.01,9.42,9.12,8.63,-0.001,-0.001,0.0,0.93,0.07,-121.754411,36.5856507,115.45
-4.8,2.8,0.0,4.38,0.71,0.06,-0.77,1.26,-0.87,-0.11,0.27,9.025,8.574,9.349,10.928,9.91,11.18,7.75,9.12,-0.001,-0.001,0.0,0.84,0.06,-121.754413,36.5856519,115.5
-4.9,2.7,0.0,4.38,-0.43,0.14,-1.11,0.6,-0.03,-0.14,0.24,10.968,7.436,9.113,9.771,10.3,10.2,9.61,8.14,-0.0,-0.001,0.001,0.82,0.06,-121.754415,36.5856531,115.55
-5.0,2.7,0.0,4.4,0.28,-0.52,-0.73,2.04,-0.43,-0.06,0.22,7.034,11.321,10.31,9.722,8.53,9.42,8.73,10.2,0.0,-0.001,0.001,0.64,0.05,-121.7544169,36.5856542,115.6
-4.8,2.7,0.0,4.4,0.09,0.05,-0.47,0.25,1.03,-0.13,0.26,9.987,9.035,10.526,9.81,11.28,11.77,8.44,9.12,0.0,-0.001,0.001,0.71,0.05,-121.7544189,36.5856555,115.65
-4.5,2.7,0.0,4.4,0.0,-0.29,-1.02,0.25,0.96,-0.2,0.28,10.075,9.741,9.192,9.771,10.69,9.81,9.42,9.03,-0.0,-0.001,0.002,0.96,0.07,-121.7544209,36.5856567,115.7
-4.4,2.7,0.0,4.4,-0.08,-0.34,-0.89,-0.08,-0.82,-0.2,0.24,8.535,10.556,8.751,9.643,8.93,11.48,8.24,10.3,-0.001,-0.001,0.002,0.91,0.07,-121.7544229,36.5856578,115.75
-4.5,2.7,0.0,4.42,0.56,-0.87,-1.28,-1.2,-2.38,-0.24,0.17,9.869,8.603,8.535,9.977,10.89,9.52,9.03,9.12,-0.0,-0.001,0.001,0.75,0.06,-121.7544249,36.585659,115.8
-5.0,2.7,0.0,4.41,-0.49,-0.13,-1.28,-1.56,0.75,-0.35,0.21,8.348,9.261,12.037,10.212,11.48,7.75,10.99,10.69,-0.001,-0.001,0.001,1.17,0.09,-121.7544268,36.5856602,115.85
-5.0,2.6,0.0,4.37,-0.66,-0.22,-1.0,-1.02,2.2,-0.4,0.29,9.918,10.928,10.291,9.771,10.79,11.18,9.32,10.89,-0.001,-0.001,0.001,1.15,0.09,-121.7544287,36.5856613,115.9
-5.3,2.6,0.0,4.4,0.51,-0.94,-0.71,-1.63,2.26,-0.36,0.37,9.3,10.722,8.77,9.624,10.4,10.89,11.09,8.34,-0.001,-0.001,0.001,0.86,0.07,-121.7544308,36.5856626,115.95
-5.8,2.5,0.0,4.39,0.44,-0.13,-0.96,0.93,0.51,-0.35,0.37,10.32,7.936,9.172,8.005,8.34,11.18,11.97,11.67,-0.001,-0.001,0.001,0.99,0.08,-121.7544327,36.5856638,116.0
-6.6,2.4,0.0,4.38,-0.01,0.27,-1.26,1.04,-0.07,-0.3,0.37,7.554,12.684,9.3,9.898,11.09,7.75,8.44,10.59,-0.001,-0.001,0.001,1.21,0.09,-121.7544346,36.5856649,116.05
-6.7,2.4,0.0,4.36,-0.48,0.12,-1.13,0.03,0.0,-0.28,0.38,13.106,6.641,8.8,9.722,13.34,10.4,10.5,10.3,-0.001,-0.001,0.001,1.07,0.08,-121.7544365,36.5856662,116.1
-7.2,2.4,0.0,4.35,-0.12,0.3,-1.48,1.0,-0.31,-0.3,0.39,8.711,9.839,8.966,9.526,11.48,8.63,8.44,9.52,-0.001,-0.001,0.001,1.05,0.08,-121.7544385,36.5856674,116.15
-7.9,2.3,0.0,4.34,-0.15,-0.41,-1.75,0.12,-0.13,-0.3,0.38,10.144,9.261,9.575,9.898,7.55,11.87,11.38,8.93,-0.001,-0.001,0.001,1.09,0.08,-121.7544404,36.5856685,116.2
-8.6,2.3,0.0,4.34,-0.08,-0.41,-1.48,-1.78,0.29,-0.35,0.34,8.152,10.516,9.957,9.741,11.38,10.79,11.77,8.14,-0.001,-0.0,0.001,1.01,0.08,-121.7544423,36.5856697,116.25
-9.8,2.3,0.0,4.33,-0.3,0.15,-1.1,-3.07,0.02,-0.47,0.37,11.38,8.348,9.584,9.575,9.52,2.16,10.79,10.99,-0.001,-0.002,0.001,1.21,0.09,-121.7544443,36.5856709,116.3
-10.4,2.3,0.0,4.32,0.12,0.17,-1.27,-3.08,-0.36,-0.62,0.36,10.242,10.134,10.33,10.693,13.73,6.87,7.16,9.22,-0.002,-0.002,0.001,1.58,0.12,-121.7544462,36.585672,116.35
-10.4,2.2,0.0,4.3,-0.38,-0.25,-1.1,0.41,1.37,-0.56,0.38,8.368,10.703,10.732,9.408,9.03,9.22,10.1,10.89,-0.001,-0.001,0.001,1.09,0.08,-121.7544481,36.5856732,116.4
-9.7,2.2,0.0,4.3,-0.52,0.3,-1.14,-0.12,0.65,-0.56,0.34,11.066,7.456,9.339,9.879,10.4,9.81,10.1,10.1,-0.001,-0.001,0.001,0.94,0.07,-121.7544501,36.5856745,116.45
-9.2,2.2,0.0,4.31,0.35,0.62,-1.3,1.06,0.01,-0.52,0.34,9.182,10.605,8.289,9.31,10.59,8.73,10.69,8.93,-0.001,-0.001,0.001,1.18,0.09,-121.7544519,36.5856756,116.5
-9.1,2.2,0.0,4.28,-0.51,0.22,-1.03,0.36,0.51,-0.55,0.35,8.849,9.712,9.839,8.525,12.36,10.99,12.07,9.52,-0.001,-0.002,0.002,1.0,0.07,-121.7544538,36.5856768,116.55
-9.2,2.2,0.0,4.27,-0.02,-0.12,-0.96,-1.48,0.19,-0.61,0.33,11.762,9.624,11.38,10.261,9.52,10.79,8.93,10.69,-0.002,-0.002,0.001,1.16,0.09,-121.7544557,36.585678,116.6
-9.4,2.2,0.0,4.26,-0.1,0.03,-0.96,2.98,-1.68,-0.46,0.26,11.242,9.212,9.457,10.31,10.69,7.95,9.03,11.58,-0.002,-0.002,0.001,1.1,0.08,-121.7544576,36.5856791,116.65
-9.7,2.2,0.0,4.24,-0.69,-0.42,-1.48,-1.39,-1.36,-0.55,0.21,9.859,8.711,9.172,10.31,12.56,9.12,10.5,11.28,-0.001,-0.002,0.002,0.61,0.05,-121.7544595,36.5856803,116.7
-9.9,2.2,0.0,4.24,-0.07,-0.02,-1.42,-1.28,-0.97,-0.55,0.2,9.261,10.497,8.849,9.359,9.52,8.53,7.46,10.89,-0.001,-0.002,0.002,0.61,0.05,-121.7544613,36.5856815,116.75
-10.0,2.2,0.0,4.22,-0.46,-0.18,-1.55,-0.52,-1.42,-0.56,0.14,9.418,9.594,8.407,8.957,8.93,9.32,13.05,9.03,-0.001,-0.002,0.002,0.8,0.06,-121.7544633,36.5856826,116.8
-10.4,2.2,0.0,4.22,-0.15,-0.49,-1.68,-1.83,-1.08,-0.65,0.05,8.25,9.035,10.84,12.164,8.83,9.22,11.77,18.15,-0.001,-0.001,0.002,0.74,0.05,-121.7544651,36.5856838,116.85
-10.2,2.3,0.0,4.19,-0.92,0.58,-1.58,-2.65,-0.82,-0.72,-0.01,8.015,9.732,9.702,9.388,7.26,9.71,9.42,11.48,-0.001,-0.001,0.0,1.08,0.08,-121.7544669,36.585685,116.9
-10.4,2.2,0.0,4.19,-0.28,0.32,-1.51,-0.07,-1.45,-0.73,-0.04,10.006,9.682,9.27,8.76,9.61,9.22,11.09,8.73,-0.001,-0.001,0.001,1.12,0.08,-121.7544688,36.5856861,116.95
-10.4,2.2,0.0,4.18,-0.23,-0.42,-0.97,1.86,-0.42,-0.72,0.0,8.437,10.673,8.113,9.526,11.09,7.55,8.24,9.81,-0.001,-0.001,0.001,0.73,0.05,-121.7544707,36.5856872,117.0
-10.2,2.3,0.0,4.17,-0.26,-0.26,-1.17,2.12,-1.09,-0.67,-0.07,10.379,9.408,8.711,9.437,9.52,8.44,10.69,11.18,-0.002,-0.001,0.001,0.61,0.04,-121.7544725,36.5856884,117.05
-10.4,2.3,0.0,4.15,-0.45,-0.02,-1.89,-1.25,-1.75,-0.71,-0.19,8.976,8.417,9.633,10.644,9.32,9.32,13.54,7.85,-0.002,-0.001,-0.0,0.56,0.04,-121.7544744,36.5856895,117.1
-10.9,2.3,0.0,4.14,-0.22,-0.07,-2.0,-0.02,-1.21,-0.65,-0.28,10.987,7.142,11.193,10.516,9.61,9.52,12.46,10.79,-0.001,-0.001,-0.001,0.78,0.06,-121.7544761,36.5856907,117.15
-11.0,2.3,0.0,4.13,-0.12,-0.49,-1.91,-0.25,1.43,-0.61,-0.26,10.016,10.34,10.301,10.33,11.38,10.2,12.85,11.58,-0.001,-0.001,-0.001,0.69,0.05,-121.7544779,36.5856919,117.2
-10.8,2.4,0.0,4.12,-0.38,0.65,-1.03,-1.4,0.05,-0.65,-0.25,9.967,9.437,8.937,8.957,10.4,10.3,11.28,9.81,-0.001,-0.001,-0.001,0.86,0.06,-121.7544798,36.585693,117.25
-10.8,2.4,0.0,4.09,-0.16,-0.37,-1.89,0.37,-0.39,-0.64,-0.21,10.987,8.878,8.868,9.624,10.5,10.99,10.79,10.3,-0.002,-0.001,-0.001,0.72,0.05,-121.7544815,36.5856942,117.3
-10.9,2.4,0.0,4.09,0.1,0.15,-1.59,-0.77,0.98,-0.72,-0.21,10.232,7.809,10.997,10.546,10.01,9.52,9.12,8.63,-0.001,-0.001,-0.001,0.94,0.07,-121.7544833,36.5856954,117.35
-10.6,2.4,0.0,4.08,-0.09,-0.2,-1.43,0.51,0.61,-0.71,-0.19,10.144,8.603,8.456,10.33,10.89,10.99,9.32,12.07,-0.001,-0.001,-0.001,0.88,0.06,-121.7544851,36.5856965,117.4
-10.0,2.4,0.0,4.05,-0.37,-0.09,-1.11,-0.59,1.2,-0.73,-0.1,8.456,10.791,9.869,9.643,7.85,11.58,12.56,9.71,-0.001,-0.001,-0.0,0.73,0.05,-121.7544869,36.5856976,117.45
-9.4,2.4,0.0,4.05,-0.36,0.35,-1.03,0.35,0.04,-0.79,-0.08,8.613,11.291,10.399,8.554,9.42,11.18,13.54,10.5,-0.001,-0.001,0.0,0.95,0.07,-121.7544886,36.5856988,117.5
-8.2,2.4,0.0,4.04,0.13,-0.49,-1.51,1.18,-1.11,-0.74,-0.1,9.496,11.203,9.064,9.947,10.5,8.44,9.81,10.5,-0.002,-0.001,0.0,0.84,0.06,-121.7544904,36.5856999,117.55
-7.8,2.4,0.0,4.01,-0.72,-0.43,-0.99,1.72,-0.48,-0.66,-0.09,9.526,9.947,9.928,10.379,9.52,10.79,10.01,9.91,-0.002,-0.001,-0.0,0.66,0.05,-121.7544922,36.5857011,117.6
-7.2,2.4,0.0,4.01,-0.29,0.03,-1.04,0.05,-0.31,-0.63,-0.16,10.31,9.506,10.036,9.81,10.01,9.52,11.09,8.83,-0.001,-0.001,-0.0,0.69,0.05,-121.7544939,36.5857022,117.65
-6.7,2.4,0.0,3.99,-0.2,0.02,-1.06,0.27,-0.08,-0.63,-0.17,10.614,8.613,9.025,9.339,9.81,9.32,9.81,8.93,-0.001,-0.001,0.0,0.93,0.06,-121.7544956,36.5857033,117.7
-5.4,2.4,0.0,3.98,-0.27,0.09,-0.54,1.62,-0.8,-0.57,-0.2,9.427,9.722,9.712,9.928,11.09,8.83,8.83,9.71,-0.0,-0.001,0.001,0.94,0.07,-121.7544974,36.5857045,117.75
-4.1,2.4,0.0,3.98,0.15,-0.46,-0.65,1.61,0.13,-0.53,-0.15,10.036,8.731,9.006,10.281,10.3,10.2,9.91,8.34,-0.001,-0.001,0.001,0.79,0.05,-121.7544991,36.5857056,117.8
-2.6,2.4,0.0,3.96,-0.11,-0.39,-0.94,-2.6,0.45,-0.65,-0.13,8.172,10.644,10.673,9.977,9.52,11.38,10.2,8.14,-0.001,-0.001,0.0,0.75,0.05,-121.7545008,36.5857067,117.85
-1.5,2.4,0.0,3.94,0.18,-0.14,-0.78,-0.07,-0.04,-0.63,-0.14,9.643,10.389,10.261,9.074,11.38,9.22,9.91,9.22,-0.002,-0.001,0.001,1.26,0.09,-121.7545026,36.5857079,117.9
-0.3,2.4,0.0,3.93,-0.27,-0.37,-0.31,0.76,-0.37,-0.54,-0.18,8.515,11.399,10.104,10.399,10.79,10.4,8.83,8.34,-0.001,-0.001,0.0,0.75,0.05,-121.7545043,36.585709,117.95
1.3,2.4,0.0,3.92,-0.42,0.39,-0.54,-1.46,-0.29,-0.61,-0.21,8.545,9.516,9.153,9.388,7.85,8.83,7.46,10.01,-0.002,-0.001,0.0,0.94,0.06,-121.754506,36.5857101,118.0
2.3,2.4,0.0,3.91,-0.32,0.22,-0.51,1.15,-0.93,-0.56,-0.27,9.476,9.467,9.486,8.976,10.5,9.52,11.09,9.03,-0.001,-0.001,0.0,0.98,0.07,-121.7545077,36.5857111,118.05
3.1,2.4,0.0,3.89,-0.07,0.43,0.01,-0.42,-1.3,-0.57,-0.32,10.987,9.153,9.987,9.104,11.58,10.01,10.2,10.69,-0.001,-0.001,-0.0,1.06,0.07,-121.7545094,36.5857122,118.1
4.1,2.4,0.0,3.88,0.27,-0.46,0.19,-2.22,0.61,-0.63,-0.34,10.958,8.162,9.879,10.428,9.91,9.42,10.99,9.03,-0.001,-0.001,-0.0,0.99,0.07,-121.7545111,36.5857134,118.15
5.9,2.4,0.0,3.86,-0.39,-0.28,0.4,2.92,-0.49,-0.6,-0.34,11.282,8.868,9.29,10.281,9.81,7.55,10.3,13.05,-0.002,-0.001,-0.0,0.98,0.07,-121.7545128,36.5857145,118.2
7.4,2.4,0.0,3.85,-0.05,-0.42,0.65,1.1,-0.36,-0.52,-0.35,10.919,9.624,9.584,11.262,12.16,8.53,8.83,12.56,-0.002,-0.001,-0.0,0.74,0.05,-121.7545145,36.5857155,118.25
8.4,2.4,0.0,3.83,-0.16,0.53,0.13,0.4,-1.37,-0.52,-0.35,11.743,9.408,8.613,8.976,12.56,8.83,9.12,10.59,-0.001,-0.001,-0.0,0.89,0.06,-121.7545162,36.5857166,118.3
8.8,2.4,0.0,3.82,-0.27,1.03,0.63,-0.02,-1.5,-0.58,-0.38,8.662,10.83,9.28,8.338,9.52,10.89,9.22,7.65,-0.001,-0.001,0.0,1.39,0.09,-121.7545178,36.5857177,118.35
9.7,2.4,0.0,3.81,-0.72,-0.55,0.77,0.38,-0.59,-0.54,-0.44,7.613,11.272,10.379,9.476,8.53,10.5,8.73,9.71,-0.001,-0.0,0.0,1.11,0.07,-121.7545195,36.5857188,118.4
10.9,2.4,0.0,3.79,-0.39,-0.63,0.85,-0.86,-1.56,-0.51,-0.53,8.191,8.966,10.703,10.163,8.63,10.89,10.1,10.01,-0.001,-0.0,-0.0,0.92,0.06,-121.7545212,36.5857199,118.45
12.1,2.4,0.0,3.77,-0.42,0.1,1.59,-1.26,1.34,-0.54,-0.49,8.456,10.556,10.948,9.643,10.5,10.4,9.71,9.03,-0.001,-0.001,-0.0,1.05,0.07,-121.7545228,36.5857209,118.5
13.7,2.4,0.0,3.76,-0.22,0.32,1.31,1.45,-0.33,-0.48,-0.48,8.535,12.733,9.81,7.926,8.73,9.61,9.12,11.48,-0.002,-0.001,-0.0,1.18,0.08,-121.7545245,36.585722,118.55
15.0,2.4,0.0,3.75,-0.11,0.07,1.2,-0.33,-0.88,-0.41,-0.5,8.554,10.487,9.035,9.457,8.93,8.63,9.81,9.42,-0.001,-0.001,-0.0,1.07,0.07,-121.7545262,36.5857231,118.6
16.9,2.4,0.0,3.74,-0.36,0.89,1.45,-0.09,-1.02,-0.44,-0.55,9.712,8.731,9.113,9.643,9.12,9.32,10.5,9.12,-0.0,-0.001,-0.0,1.32,0.09,-121.7545278,36.5857241,118.65
18.8,2.4,0.0,3.72,-0.47,0.51,2.3,-0.97,1.75,-0.47,-0.51,7.966,9.516,10.497,9.388,10.99,9.52,10.3,7.85,-0.0,-0.001,-0.0,1.52,0.1,-121.7545294,36.5857252,118.7
21.0,2.4,0.0,3.7,-0.26,-0.34,1.75,1.21,1.01,-0.44,-0.48,10.153,8.907,9.663,9.692,10.4,12.16,10.1,11.58,-0.001,-0.001,0.0,1.43,0.09,-121.7545311,36.5857262,118.75
22.7,2.4,0.0,3.69,-0.3,0.01,1.95,-0.57,0.12,-0.41,-0.43,9.604,11.223,10.134,10.183,10.69,10.3,9.22,9.61,-0.001,-0.001,-0.0,1.23,0.08,-121.7545327,36.5857272,118.8
23.7,2.4,0.0,3.68,-0.04,0.16,2.09,0.71,0.54,-0.42,-0.4,9.947,9.702,10.065,8.476,10.59,8.63,9.32,9.61,-0.001,-0.001,0.0,1.4,0.09,-121.7545344,36.5857283,118.85
24.9,2.4,0.0,3.66,-0.27,0.18,2.54,0.28,0.66,-0.39,-0.39,8.692,9.545,8.947,11.232,9.42,9.81,10.2,8.93,-0.001,-0.001,-0.0,1.49,0.09,-121.754536,36.5857293,118.9
25.3,2.4,0.0,3.65,-0.12,0.45,2.23,-1.43,0.55,-0.45,-0.38,11.546,8.231,10.32,10.065,11.18,10.89,13.44,10.01,-0.001,-0.001,-0.0,1.52,0.1,-121.7545376,36.5857303,118.95
25.4,2.4,0.0,3.63,-0.23,0.52,1.93,0.43,0.96,-0.47,-0.33,9.712,9.045,9.987,9.947,12.75,10.2,11.09,9.81,-0.001,-0.001,-0.0,1.75,0.11,-121.7545393,36.5857313,119.0
26.2,2.4,0.0,3.62,-0.07,-0.62,3.07,1.81,2.21,-0.41,-0.24,10.663,9.202,8.545,8.76,11.28,8.93,9.91,8.93,-0.001,-0.001,-0.0,1.39,0.09,-121.7545409,36.5857323,119.05
26.5,2.4,0.0,3.61,-0.11,0.05,2.12,0.22,-0.52,-0.38,-0.24,10.497,9.79,9.133,9.241,10.3,10.01,10.2,12.07,-0.001,-0.001,0.0,1.17,0.07,-121.7545425,36.5857333,119.1
26.5,2.5,0.0,3.59,-0.24,0.86,2.25,1.77,-1.59,-0.35,-0.3,9.83,7.779,9.81,10.948,9.52,10.01,10.1,11.58,-0.001,-0.001,0.0,1.48,0.09,-121.7545441,36.5857343,119.15
26.4,2.4,0.0,3.58,-0.22,0.34,2.17,-1.5,1.87,-0.4,-0.25,9.172,9.437,10.006,10.399,11.97,10.59,10.3,7.26,-0.0,-0.001,-0.0,1.57,0.1,-121.7545457,36.5857353,119.2
26.4,2.5,0.0,3.56,-0.39,-0.11,2.14,-0.65,1.18,-0.43,-0.2,9.565,10.565,8.476,8.407,8.34,12.26,10.69,5.89,-0.001,-0.001,-0.0,1.57,0.1,-121.7545473,36.5857362,119.25
26.7,2.5,0.0,3.55,-0.02,0.56,2.67,-0.07,0.15,-0.44,-0.17,7.544,12.194,9.879,8.338,9.22,10.5,9.03,8.34,-0.001,-0.001,0.0,1.69,0.1,-121.7545489,36.5857372,119.3
26.8,2.5,0.0,3.53,-0.31,-0.65,2.96,-0.88,-0.8,-0.47,-0.21,8.417,9.879,9.81,9.29,8.44,9.03,9.52,9.91,-0.001,-0.001,0.0,1.72,0.11,-121.7545505,36.5857382,119.35
26.7,2.5,0.0,3.52,-0.27,0.38,2.47,-0.63,-1.79,-0.47,-0.27,9.506,8.966,10.438,8.643,10.79,8.14,10.01,9.81,-0.001,-0.001,0.0,1.47,0.09,-121.7545521,36.5857391,119.4
26.7,2.5,0.0,3.51,-0.34,-0.09,2.86,0.32,1.11,-0.4,-0.26,7.877,10.33,9.653,10.516,9.22,9.03,9.03,9.32,-0.001,-0.001,0.0,1.37,0.08,-121.7545537,36.5857401,119.45
26.3,2.5,0.0,3.5,-0.59,0.25,2.41,-0.84,-1.44,-0.4,-0.29,8.849,10.732,9.732,9.771,9.81,10.2,10.79,10.99,-0.001,-0.001,-0.0,1.26,0.08,-121.7545553,36.585741,119.5
26.2,2.5,0.0,3.49,0.0,0.21,2.19,-1.55,-0.02,-0.45,-0.27,10.085,9.231,9.771,10.163,12.36,10.4,11.58,9.32,-0.001,-0.001,-0.0,1.65,0.1,-121.7545569,36.5857419,119.55
26.2,2.5,0.0,3.47,-0.23,0.16,2.19,0.04,-0.06,-0.43,-0.26,10.683,8.437,9.575,9.123,10.1,8.04,8.83,9.12,-0.001,-0.001,-0.0,1.69,0.1,-121.7545585,36.5857429,119.6
26.1,2.5,0.0,3.46,-0.27,-0.33,2.35,1.6,0.45,-0.36,-0.27,10.516,9.476,9.506,10.232,10.2,9.32,9.61,11.28,-0.001,-0.001,-0.0,1.32,0.08,-121.7545601,36.5857438,119.65
25.8,2.5,0.0,3.44,0.01,0.09,2.01,2.31,-0.7,-0.33,-0.31,10.065,9.369,9.535,10.33,10.79,9.12,9.32,11.38,-0.001,-0.001,-0.0,1.03,0.06,-121.7545616,36.5857447,119.7
25.3,2.5,0.0,3.43,-0.24,0.17,1.6,0.95,-0.88,-0.33,-0.32,10.977,8.064,9.015,10.899,10.2,11.28,9.12,12.65,-0.001,-0.0,-0.0,1.27,0.08,-121.7545632,36.5857456,119.75
25.0,2.5,0.0,3.43,-0.03,0.5,2.54,-0.34,1.08,-0.33,-0.27,10.948,8.976,10.281,10.663,10.4,10.59,10.89,10.79,-0.001,-0.001,-0.0,1.38,0.08,-121.7545648,36.5857465,119.8
24.4,2.5,0.0,3.41,-0.09,0.26,2.29,-0.1,1.14,-0.34,-0.23,10.31,10.948,9.329,9.388,10.2,9.91,9.52,8.83,-0.002,-0.001,-0.0,1.68,0.1,-121.7545663,36.5857474,119.85
23.8,2.5,0.0,3.4,-0.2,-0.66,1.66,0.39,0.86,-0.33,-0.22,12.743,8.78,9.614,9.722,10.2,11.38,11.38,8.44,-0.002,-0.001,-0.0,1.23,0.07,-121.7545679,36.5857483,119.9
23.4,2.5,0.0,3.39,-0.0,0.89,2.06,-0.28,-3.25,-0.37,-0.31,10.389,8.672,10.389,10.35,9.91,9.32,9.32,10.2,-0.001,-0.001,-0.0,1.42,0.08,-121.7545694,36.5857492,119.95
22.8,2.5,0.0,3.36,-0.04,-0.08,2.21,1.31,-0.0,-0.41,-0.39,10.869,8.064,8.809,10.114,9.81,8.63,10.69,10.99,-0.001,-0.001,0.0,1.56,0.09,-121.754571,36.5857501,120.0
22.4,2.5,0.0,3.35,-0.27,0.17,2.08,0.89,-0.07,-0.36,-0.36,10.614,7.985,9.781,10.428,11.67,9.12,10.79,8.14,-0.0,-0.001,0.0,1.38,0.08,-121.7545725,36.585751,120.05
22.1,2.5,0.0,3.34,-0.39,-0.02,1.84,1.0,0.71,-0.36,-0.33,8.809,9.81,9.869,9.408,6.57,9.52,12.36,8.14,-0.0,-0.001,0.0,1.26,0.07,-121.7545741,36.5857518,120.1
21.9,2.5,0.0,3.33,-0.01,-0.13,1.33,-2.96,1.88,-0.44,-0.27,9.604,9.682,9.781,8.858,12.07,9.81,10.5,9.22,-0.001,-0.001,0.0,1.16,0.07,-121.7545756,36.5857527,120.15
21.6,2.5,0.0,3.32,-0.2,0.22,1.55,-1.56,0.12,-0.46,-0.24,10.065,9.81,9.682,9.27,9.52,9.32,9.61,7.65,-0.001,-0.001,0.0,1.45,0.08,-121.7545771,36.5857536,120.2
21.2,2.5,0.0,3.3,-0.43,0.24,2.16,1.69,0.69,-0.4,-0.22,8.603,10.467,10.418,9.643,11.09,9.03,10.5,10.3,-0.001,-0.001,0.0,1.41,0.08,-121.7545787,36.5857544,120.25
20.6,2.5,0.0,3.29,-0.41,-0.58,2.03,0.77,1.08,-0.36,-0.21,7.936,9.476,9.771,9.624,9.71,8.63,11.77,7.85,-0.001,-0.001,0.0,0.91,0.05,-121.7545802,36.5857553,120.3
19.5,2.6,0.0,3.27,-0.41,0.04,1.57,-0.21,-0.05,-0.37,-0.18,8.731,9.143,9.467,8.623,10.59,9.61,9.61,9.12,-0.001,-0.0,0.0,0.99,0.06,-121.7545817,36.5857561,120.35
18.3,2.5,0.0,3.27,-0.17,-0.08,1.11,0.29,1.22,-0.3,-0.13,7.25,12.831,9.614,9.143,9.03,10.3,8.44,7.46,-0.001,-0.001,0.0,0.99,0.06,-121.7545832,36.5857569,120.4
16.9,2.6,0.0,3.26,-0.41,-0.62,1.27,-1.55,0.85,-0.27,-0.1,10.919,11.007,10.614,10.261,9.52,11.18,10.69,9.61,-0.002,-0.001,-0.0,0.78,0.04,-121.7545847,36.5857578,120.45
15.2,2.6,0.0,3.24,-0.4,0.45,1.72,-0.12,-1.43,-0.27,-0.15,9.555,11.164,10.065,9.771,9.32,9.22,11.48,9.22,-0.002,-0.002,-0.0,1.09,0.06,-121.7545862,36.5857586,120.5
13.3,2.6,0.0,3.24,0.06,-0.21,1.52,-1.47,-0.31,-0.3,-0.18,9.006,8.574,10.457,8.672,10.01,10.69,11.18,7.16,-0.001,-0.001,0.0,1.04,0.06,-121.7545877,36.5857594,120.55
11.8,2.5,0.0,3.21,-0.5,-0.44,1.08,1.18,-0.34,-0.27,-0.2,11.144,9.074,9.221,10.428,9.22,9.42,9.22,9.12,-0.001,-0.001,0.001,0.89,0.05,-121.7545892,36.5857603,120.6
9.7,2.6,0.0,3.2,-0.19,-0.08,1.09,-0.86,-0.1,-0.27,-0.2,10.556,8.711,10.114,10.477,11.87,8.63,9.32,11.18,-0.001,-0.001,0.001,0.64,0.04,-121.7545906,36.5857611,120.65
8.4,2.6,0.0,3.18,-0.48,0.22,0.12,-0.84,1.67,-0.3,-0.14,7.799,11.703,9.094,9.643,9.52,8.04,10.59,10.99,-0.001,-0.001,0.001,0.76,0.04,-121.7545921,36.5857619,120.7
7.2,2.6,0.0,3.17,0.0,0.03,-0.24,-0.18,0.21,-0.32,-0.1,11.331,9.839,8.643,9.575,11.28,8.14,11.09,9.52,-0.001,-0.001,0.0,0.45,0.02,-121.7545936,36.5857627,120.75
5.6,2.6,0.0,3.16,0.05,0.15,0.21,-1.77,1.33,-0.41,-0.07,10.82,8.505,9.584,9.104,12.95,8.34,9.03,8.14,-0.002,-0.001,0.0,0.86,0.05,-121.754595,36.5857635,120.8
4.0,2.6,0.0,3.15,-0.14,-0.39,0.29,0.68,-1.62,-0.41,-0.13,9.27,10.242,9.457,9.996,10.01,7.85,11.28,9.81,-0.002,-0.001,0.0,0.7,0.04,-121.7545965,36.5857643,120.85
2.6,2.6,0.0,3.15,-0.13,-0.64,0.34,0.72,-0.66,-0.39,-0.16,8.957,8.711,10.781,9.575,10.01,9.52,9.91,11.38,-0.002,-0.0,0.0,0.36,0.02,-121.754598,36.5857651,120.9
1.3,2.6,0.0,3.13,-0.29,-0.09,0.03,0.25,1.33,-0.34,-0.13,6.072,10.82,9.575,9.339,8.14,10.59,11.18,10.89,-0.001,-0.0,-0.0,0.14,0.01,-121.7545994,36.5857659,120.95
-0.6,2.6,0.0,3.12,-0.48,0.45,-0.24,-0.4,-0.32,-0.35,-0.12,9.545,10.585,9.496,8.721,10.1,9.81,9.61,10.59,-0.001,-0.001,0.0,0.19,0.01,-121.7546008,36.5857667,121.0
-2.1,2.6,0.0,3.11,-0.4,-0.04,0.0,0.63,-0.2,-0.3,-0.13,9.094,10.448,9.476,9.221,10.3,10.1,8.93,9.12,-0.001,-0.001,0.0,0.44,0.02,-121.7546022,36.5857675,121.05
-3.0,2.6,0.0,3.1,-0.24,-0.29,-0.39,1.73,-1.87,-0.22,-0.2,10.281,9.251,10.183,10.379,10.5,10.99,9.81,9.22,-0.001,-0.001,-0.0,0.16,0.01,-121.7546037,36.5857683,121.1
-4.4,2.6,0.0,3.08,-0.3,0.25,0.12,-0.51,-1.66,-0.23,-0.26,10.134,10.35,10.987,11.546,9.91,10.79,9.52,11.38,-0.001,-0.001,-0.0,0.21,0.01,-121.7546051,36.5857691,121.15
-5.4,2.6,0.0,3.07,-0.26,-0.27,-0.5,-0.35,-0.01,-0.23,-0.27,10.026,10.006,9.967,10.516,10.01,10.89,9.03,10.1,-0.001,-0.001,-0.0,0.21,0.01,-121.7546065,36.5857699,121.2
-6.6,2.6,0.0,3.06,-0.05,0.23,-0.78,0.52,-1.12,-0.21,-0.3,11.949,7.936,9.339,9.624,9.42,9.42,9.32,10.59,-0.001,-0.002,0.0,0.11,0.01,-121.7546079,36.5857707,121.25
-8.1,2.6,0.0,3.05,0.19,0.07,-0.91,-1.55,-0.22,-0.27,-0.36,10.35,8.545,9.457,9.437,11.48,8.63,11.09,7.06,-0.001,-0.001,0.0,0.45,0.02,-121.7546093,36.5857715,121.3
-8.9,2.6,0.0,3.05,0.09,-0.11,-0.89,0.41,-0.42,-0.28,-0.4,9.055,9.006,10.055,8.26,10.2,9.61,9.91,9.52,-0.0,-0.001,0.001,0.35,0.02,-121.7546107,36.5857723,121.35
-9.2,2.6,0.0,3.05,-0.12,-0.19,-1.23,-1.3,1.06,-0.33,-0.39,8.819,8.456,9.163,9.722,8.53,9.32,10.4,10.99,-0.0,-0.001,0.001,-0.23,-0.01,-121.7546121,36.585773,121.4
-9.4,2.7,0.0,3.05,0.08,-0.05,-1.43,0.42,0.44,-0.32,-0.37,10.036,7.73,9.555,8.721,10.59,8.93,8.83,10.89,-0.001,-0.0,0.001,-0.12,-0.01,-121.7546135,36.5857738,121.45
-9.8,2.7,0.0,3.05,0.17,0.67,-1.12,1.22,1.4,-0.32,-0.33,8.78,9.947,8.898,9.104,10.59,9.52,11.38,10.69,-0.001,-0.0,0.0,0.14,0.01,-121.7546148,36.5857746,121.5
-10.0,2.7,0.0,3.06,0.29,-0.52,-1.08,0.57,0.14,-0.27,-0.31,7.897,9.212,10.114,10.31,10.3,10.79,10.2,8.53,-0.001,-0.0,0.0,-0.26,-0.01,-121.7546162,36.5857754,121.55
-10.4,2.7,0.0,3.06,0.3,-0.45,-1.09,-0.61,1.17,-0.26,-0.26,10.575,7.681,9.908,9.947,10.2,8.73,10.1,9.91,-0.001,-0.001,-0.0,-0.51,-0.03,-121.7546176,36.5857762,121.6
-10.6,2.7,0.0,3.07,0.02,0.08,-1.11,0.25,0.96,-0.22,-0.23,10.987,9.457,9.006,10.546,10.2,9.12,10.4,8.24,-0.001,-0.001,-0.0,-0.3,-0.02,-121.754619,36.585777,121.65
-10.8,2.7,0.0,3.07,0.09,0.03,-1.29,1.8,0.26,-0.14,-0.21,9.967,10.251,10.016,9.31,9.32,9.81,10.2,7.85,-0.002,-0.001,-0.0,-0.26,-0.01,-121.7546204,36.5857778,121.7
-10.9,2.7,0.0,3.07,-0.02,-0.36,-1.54,1.51,0.48,-0.09,-0.2,8.662,9.496,9.163,9.643,9.81,10.4,9.61,8.04,-0.001,-0.0,-0.0,-0.3,-0.02,-121.7546218,36.5857786,121.75
-11.1,2.7,0.0,3.07,-0.09,-0.48,-0.92,-0.85,-1.01,-0.09,-0.22,10.497,7.299,9.859,10.781,9.91,10.79,10.1,8.93,-0.001,-0.0,-0.0,-0.35,-0.02,-121.7546232,36.5857794,121.8
-11.3,2.7,0.0,3.08,-0.0,0.58,-1.06,1.68,0.35,-0.05,-0.21,9.28,10.399,10.31,9.27,9.61,9.22,9.03,9.32,-0.001,-0.0,-0.0,-0.1,-0.01,-121.7546246,36.5857802,121.85
-11.3,2.8,0.0,3.09,0.18,-0.3,-1.21,0.5,2.0,-0.02,-0.15,7.946,10.222,9.221,9.241,9.42,10.69,9.61,9.81,-0.001,-0.0,-0.0,-0.32,-0.02,-121.754626,36.585781,121.9
-11.3,2.8,0.0,3.08,-0.1,-0.35,-1.2,0.8,0.46,0.01,-0.15,10.663,8.809,10.026,10.428,12.95,10.69,10.79,11.87,-0.001,-0.0,-0.0,-0.39,-0.02,-121.7546273,36.5857818,121.95
-11.3,2.8,0.0,3.08,0.2,0.17,-1.43,0.29,0.12,0.06,-0.14,10.516,9.329,10.968,11.026,12.26,10.2,11.77,9.03,-0.001,-0.0,-0.001,-0.39,-0.02,-121.7546287,36.5857826,122.0
-11.2,2.8,0.0,3.08,-0.31,-0.27,-1.44,-0.0,1.8,0.02,-0.04,10.114,8.643,9.761,8.594,10.89,10.2,9.61,8.14,-0.002,-0.0,-0.001,-0.07,-0.0,-121.7546301,36.5857834,122.05
-11.2,2.8,0.0,3.08,0.15,0.04,-1.38,0.01,0.63,0.03,-0.02,9.624,10.399,8.751,10.065,9.32,8.73,9.03,10.01,-0.002,-0.0,-0.001,-0.19,-0.01,-121.7546315,36.5857842,122.1
-11.7,2.8,0.0,3.09,0.33,-0.26,-1.2,-1.4,-1.08,0.03,-0.07,7.858,10.094,9.947,10.045,8.44,10.1,9.91,10.4,-0.002,-0.0,-0.001,-0.32,-0.02,-121.7546329,36.585785,122.15
-12.1,2.8,0.0,3.09,0.06,-0.71,-1.4,-3.03,0.06,-0.04,-0.09,9.398,7.681,9.015,7.838,8.63,9.03,10.4,7.85,-0.001,0.0,-0.001,-0.45,-0.02,-121.7546343,36.5857859,122.2
-12.2,2.8,0.0,3.09,-0.25,0.42,-1.44,-0.14,-1.17,-0.06,-0.15,10.016,9.643,8.957,9.81,8.34,8.73,8.44,10.1,-0.002,0.0,-0.001,-0.25,-0.01,-121.7546357,36.5857867,122.25
-12.1,2.8,0.0,3.1,-0.45,0.21,-0.91,0.8,-0.49,-0.02,-0.18,8.368,12.733,10.359,11.095,9.22,11.28,9.61,8.93,-0.002,-0.0,-0.001,-0.51,-0.03,-121.7546371,36.5857875,122.3
-12.1,2.8,0.0,3.1,0.21,-0.13,-0.69,1.79,-2.89,0.06,-0.28,11.684,10.34,9.29,10.663,10.3,9.03,10.99,11.58,-0.002,-0.001,-0.001,-0.75,-0.04,-121.7546385,36.5857883,122.35
-12.2,2.8,0.0,3.12,0.6,0.28,-1.31,-1.11,-2.17,0.03,-0.38,7.475,10.791,9.8,9.388,10.1,9.12,10.01,9.42,-0.001,-0.001,-0.001,-0.57,-0.03,-121.7546398,36.5857892,122.4
-12.2,2.8,0.0,3.1,0.06,-0.52,-0.97,-0.0,-1.56,0.03,-0.47,9.074,9.496,8.397,9.192,8.04,9.91,9.22,9.42,-0.001,-0.001,-0.001,-0.42,-0.02,-121.7546412,36.58579,122.45
-12.1,2.8,0.0,3.11,0.22,-0.35,-1.02,-1.26,-1.2,0.05,-0.53,8.751,9.633,9.879,9.643,9.71,10.2,10.69,10.2,-0.0,-0.0,-0.0,-0.5,-0.03,-121.7546426,36.5857908,122.5
-12.1,2.8,0.0,3.12,0.12,0.35,-0.97,3.62,-0.32,0.18,-0.57,10.173,10.075,9.722,9.692,10.5,9.32,11.28,10.59,-0.0,-0.001,0.0,-0.53,-0.03,-121.754644,36.5857916,122.55
-12.0,2.8,0.0,3.12,0.58,0.82,-0.93,1.41,-1.25,0.16,-0.62,8.917,10.83,10.016,8.358,8.04,8.34,9.91,9.12,-0.001,-0.001,0.0,-0.4,-0.02,-121.7546454,36.5857925,122.6
-11.9,2.8,0.0,3.12,0.62,-0.23,-0.96,-0.35,-0.64,0.16,-0.66,8.172,11.811,10.075,8.839,10.3,11.28,7.85,9.71,-0.001,-0.001,0.0,-0.32,-0.02,-121.7546468,36.5857933,122.65
-11.7,2.8,0.0,3.12,-0.09,-0.49,-1.26,-0.15,-2.67,0.23,-0.74,8.643,11.576,8.652,10.261,9.42,10.89,10.3,12.75,-0.001,-0.001,0.0,-0.46,-0.03,-121.7546482,36.5857941,122.7
-11.7,2.8,0.0,3.13,0.29,0.44,-1.29,2.36,-1.5,0.32,-0.82,11.733,9.251,9.859,11.232,10.99,8.44,10.4,9.71,-0.001,-0.001,0.0,-0.79,-0.04,-121.7546496,36.585795,122.75
-11.7,2.8,0.0,3.13,0.35,0.19,-1.24,2.33,-1.13,0.36,-0.89,7.299,10.732,9.221,10.261,9.71,8.93,10.59,8.93,-0.0,-0.001,0.0,-0.52,-0.03,-121.754651,36.5857958,122.8
-12.0,2.9,0.0,3.13,0.49,0.02,-1.4,-2.74,-1.32,0.29,-0.95,7.681,9.938,10.683,9.81,8.83,10.5,9.22,9.12,0.0,-0.0,0.0,-0.49,-0.03,-121.7546524,36.5857967,122.85
-12.1,2.9,0.0,3.12,-0.1,0.28,-0.78,-2.91,2.62,0.27,-0.88,8.8,8.711,10.909,9.526,8.53,11.67,11.48,9.12,0.0,-0.0,0.0,-0.17,-0.01,-121.7546538,36.5857975,122.9
-12.1,2.8,0.0,3.15,0.39,0.64,-1.23,1.78,2.14,0.35,-0.82,12.488,8.388,9.712,9.437,11.87,9.71,9.12,9.22,-0.0,-0.001,0.0,-0.03,-0.0,-121.7546552,36.5857984,122.95
-12.0,2.8,0.0,3.14,0.46,0.08,-1.16,1.14,0.63,0.28,-0.78,8.358,11.213,9.133,8.927,11.67,10.4,9.12,9.81,-0.001,-0.001,0.0,-0.37,-0.02,-121.7546566,36.5857992,123.0
-12.0,2.8,0.0,3.14,0.64,-0.51,-0.88,-2.8,0.67,0.19,-0.74,10.889,9.486,9.094,10.399,10.1,10.79,8.93,11.28,-0.001,-0.001,0.0,-0.53,-0.03,-121.754658,36.5858,123.05
-11.9,2.9,0.0,3.14,0.15,0.44,-1.71,1.31,-0.37,0.2,-0.73,8.721,9.751,10.487,11.762,10.99,10.59,9.32,10.69,-0.001,-0.001,-0.0,-0.12,-0.01,-121.7546594,36.5858009,123.1
-11.9,2.8,0.0,3.13,-0.15,0.27,-1.15,0.96,0.76,0.21,-0.68,8.123,10.173,10.183,9.624,9.81,10.1,8.53,9.61,-0.001,-0.001,-0.0,-0.12,-0.01,-121.7546608,36.5858017,123.15
-11.9,2.9,0.0,3.14,-0.5,-0.45,-1.32,-3.01,1.84,0.12,-0.6,12.979,7.102,9.182,9.359,9.71,9.52,10.2,11.38,-0.001,-0.001,-0.0,-0.31,-0.02,-121.7546622,36.5858026,123.2
-12.0,2.9,0.0,3.16,0.67,0.67,-1.15,-0.48,1.34,0.1,-0.54,6.494,9.987,9.918,9.643,12.26,9.91,8.44,9.52,-0.0,-0.001,0.0,-0.15,-0.01,-121.7546636,36.5858034,123.25
-11.9,2.9,0.0,3.15,-0.16,-0.28,-0.99,0.02,1.19,0.07,-0.48,9.545,9.614,9.427,8.643,9.61,11.38,8.34,10.1,-0.0,-0.001,0.0,-0.19,-0.01,-121.754665,36.5858043,123.3
-11.7,2.9,0.0,3.15,0.06,-0.07,-1.17,-1.87,1.21,0.06,-0.42,10.997,9.074,9.163,10.546,8.24,10.3,9.03,10.01,-0.001,-0.001,0.0,-0.09,-0.01,-121.7546663,36.5858052,123.35
-11.9,2.8,0.0,3.16,0.56,0.08,-1.19,0.64,0.12,0.07,-0.42,6.22,11.644,9.31,9.624,8.93,10.69,8.34,10.2,-0.001,-0.001,0.0,-0.09,-0.0,-121.7546677,36.585806,123.4
-11.7,2.8,0.0,3.15,-0.36,-0.51,-1.43,-1.37,0.4,0.03,-0.39,13.342,5.837,9.28,11.38,8.04,9.81,8.44,10.99,-0.0,-0.001,0.0,-0.2,-0.01,-121.7546691,36.5858069,123.45
-11.7,2.8,0.0,3.17,0.75,0.51,-1.11,-3.14,1.81,-0.02,-0.32,6.818,10.83,9.614,11.88,14.42,12.85,9.81,9.81,0.001,-0.001,0.001,0.02,0.0,-121.7546705,36.5858078,123.5
-12.5,2.8,0.0,3.16,-0.26,-0.49,-1.37,-2.2,1.27,-0.08,-0.21,11.468,10.575,8.721,10.144,9.32,5.4,8.53,11.09,-0.0,-0.002,0.001,-0.03,-0.0,-121.7546719,36.5858086,123.55
-12.1,2.9,0.0,3.16,0.12,0.16,-0.75,-2.78,2.15,-0.22,-0.16,12.272,8.966,11.193,9.388,3.43,8.73,10.5,8.34,-0.002,-0.002,0.002,0.18,0.01,-121.7546733,36.5858095,123.6
-12.1,2.8,0.0,3.16,0.04,-0.26,-1.01,2.73,-0.94,-0.13,-0.22,7.73,10.713,10.173,8.79,8.44,10.99,9.52,7.85,-0.001,-0.002,0.002,0.21,0.01,-121.7546747,36.5858104,123.65
-11.8,2.8,0.0,3.17,-0.1,-0.56,-1.52,-0.94,-1.25,-0.09,-0.29,13.979,7.053,9.3,9.575,10.59,10.01,10.79,9.81,-0.001,-0.002,0.002,-0.45,-0.02,-121.7546761,36.5858112,123.7
-12.0,2.8,0.0,3.18,0.38,0.79,-1.76,-0.08,-2.14,-0.1,-0.39,7.926,9.987,9.221,10.212,11.87,10.01,9.91,8.34,-0.001,-0.001,0.002,-0.1,-0.01,-121.7546775,36.5858121,123.75
-12.0,2.8,0.0,3.17,-0.5,0.5,-1.69,2.12,-2.41,-0.05,-0.51,10.84,9.555,10.35,10.497,10.4,8.73,9.12,9.81,-0.0,-0.001,0.002,0.1,0.01,-121.7546789,36.585813,123.8
-11.9,2.8,0.0,3.18,0.11,0.39,-1.5,-0.53,-0.7,-0.08,-0.55,8.182,8.77,10.968,10.663,8.83,7.36,10.1,8.93,-0.0,-0.001,0.002,0.17,0.01,-121.7546803,36.5858139,123.85
-11.7,2.8,0.0,3.18,0.33,-0.68,-0.86,1.81,0.52,-0.07,-0.55,10.045,9.967,9.29,8.476,8.83,9.52,9.52,9.22,-0.001,-0.001,0.002,-0.02,-0.0,-121.7546817,36.5858148,123.9
-11.4,2.8,0.0,3.19,0.72,-0.04,-0.98,-0.31,-1.25,-0.08,-0.61,11.115,9.182,8.319,9.81,11.67,8.73,8.63,8.34,-0.001,-0.001,0.002,0.07,0.0,-121.7546831,36.5858156,123.95
-11.2,2.8,0.0,3.19,-0.16,-0.27,-1.59,1.79,-1.23,-0.03,-0.67,7.367,11.007,9.202,10.045,8.83,9.52,9.03,10.3,-0.0,-0.001,0.002,-0.15,-0.01,-121.7546845,36.5858165,124.0
-11.0,2.9,0.0,3.2,0.59,-0.3,-1.95,-1.1,-2.17,-0.08,-0.75,9.928,8.407,8.564,10.663,9.71,10.2,9.22,10.89,-0.0,-0.001,0.002,-0.01,-0.0,-121.7546859,36.5858174,124.05
-11.2,2.9,0.0,3.22,0.04,0.07,-1.53,-1.82,-0.67,-0.11,-0.76,8.25,11.046,9.025,10.879,10.59,8.14,9.42,11.38,-0.0,-0.001,0.002,0.1,0.01,-121.7546873,36.5858183,124.1
-11.2,2.9,0.0,3.21,0.46,0.02,-1.25,-2.82,0.99,-0.2,-0.73,10.624,8.594,9.869,9.81,11.77,10.5,10.89,9.71,-0.001,-0.001,0.001,0.47,0.03,-121.7546887,36.5858192,124.15
-11.0,2.8,0.0,3.21,0.23,0.27,-1.29,-1.32,1.23,-0.27,-0.69,10.134,11.811,9.025,9.849,10.99,10.59,8.44,7.75,-0.001,-0.001,0.001,0.61,0.03,-121.7546901,36.5858201,124.2
-11.0,2.9,0.0,3.23,0.49,-0.56,-1.63,-2.5,-0.9,-0.4,-0.69,11.203,7.828,9.064,8.309,9.52,10.01,8.44,9.12,-0.002,-0.001,0.001,0.28,0.02,-121.7546915,36.585821,124.25
-10.7,2.9,0.0,3.23,-0.08,0.2,-1.35,-0.51,-0.75,-0.46,-0.75,7.181,10.144,12.086,11.811,11.18,10.5,4.71,16.48,-0.001,-0.001,0.001,0.08,0.0,-121.7546929,36.5858219,124.3
-10.2,2.9,0.0,3.23,-0.21,-0.87,-1.32,-1.84,-0.26,-0.52,-0.75,11.183,7.289,11.419,10.595,9.03,11.28,13.64,8.63,-0.001,-0.0,-0.001,0.05,0.0,-121.7546943,36.5858228,124.35
-10.1,2.9,0.0,3.24,0.15,0.52,-1.16,-0.73,1.47,-0.54,-0.63,7.073,11.272,10.605,10.35,9.81,9.81,10.2,6.97,-0.001,-0.001,0.0,0.39,0.02,-121.7546957,36.5858237,124.4
-9.8,2.9,0.0,3.24,0.39,-0.36,-0.31,0.89,2.75,-0.46,-0.55,8.701,10.565,8.662,9.29,5.59,11.67,8.53,9.03,-0.001,-0.002,0.001,0.0,0.0,-121.7546971,36.5858246,124.45
-9.3,2.8,0.0,3.25,0.08,0.13,-0.92,-2.19,1.52,-0.51,-0.53,6.69,12.743,10.075,9.27,12.07,10.3,12.07,8.73,-0.0,-0.002,0.001,-0.1,-0.01,-121.7546986,36.5858255,124.5
-8.2,2.8,0.0,3.23,-0.44,0.09,-1.26,0.52,0.13,-0.52,-0.5,14.156,7.917,8.898,9.123,10.99,9.71,10.89,9.42,-0.0,-0.002,0.001,0.42,0.02,-121.7547,36.5858264,124.55
-7.4,2.8,0.0,3.25,0.19,0.26,-0.54,-0.58,0.79,-0.54,-0.46,8.486,10.379,10.183,9.692,10.59,10.1,11.87,7.55,-0.0,-0.002,0.001,0.53,0.03,-121.7547014,36.5858273,124.6
-6.3,2.9,0.0,3.25,0.29,-0.76,-0.51,-1.6,0.32,-0.61,-0.44,11.34,8.142,9.349,10.663,10.3,10.59,9.91,10.69,0.0,-0.002,0.002,0.29,0.02,-121.7547028,36.5858282,124.65
-5.4,2.9,0.0,3.25,0.21,-0.23,-0.46,-0.52,-0.7,-0.64,-0.45,7.838,10.899,9.398,9.192,10.89,11.18,9.03,10.3,0.0,-0.001,0.003,0.4,0.02,-121.7547042,36.5858292,124.7
-4.7,2.9,0.0,3.26,0.1,-0.36,-0.26,0.05,0.53,-0.62,-0.43,11.154,7.711,8.937,7.74,11.09,9.42,12.46,10.79,0.0,-0.001,0.003,0.26,0.01,-121.7547056,36.5858301,124.75
-4.0,2.8,0.0,3.27,0.43,-0.32,-1.24,1.22,0.0,-0.57,-0.44,5.876,13.852,10.977,10.065,8.24,10.99,10.69,7.55,-0.0,-0.002,0.002,0.06,0.0,-121.7547071,36.585831,124.8
-3.8,2.8,0.0,3.29,-0.32,0.1,-0.68,0.17,-1.54,-0.59,-0.52,12.027,8.044,8.78,10.879,8.83,9.81,11.58,10.69,-0.0,-0.002,0.002,0.26,0.01,-121.7547085,36.5858319,124.85
-4.0,2.8,0.0,3.29,0.61,0.23,-0.38,-2.52,-0.13,-0.69,-0.56,7.044,11.036,10.222,9.104,10.59,9.42,10.01,7.55,-0.0,-0.002,0.002,0.61,0.03,-121.7547099,36.5858329,124.9
-3.9,2.9,0.0,3.29,0.0,-0.64,-0.08,1.02,-2.09,-0.69,-0.64,11.301,7.534,10.242,10.663,9.12,9.81,11.09,9.42,0.0,-0.001,0.002,0.51,0.03,-121.7547114,36.5858338,124.95
-4.0,2.9,0.0,3.29,0.59,-0.24,-0.55,-2.15,0.37,-0.73,-0.63,8.584,9.329,9.722,10.928,10.99,8.44,11.09,9.61,0.0,-0.001,0.002,0.5,0.03,-121.7547128,36.5858347,125.0
-3.9,2.8,0.0,3.32,0.02,-0.13,-0.44,-0.36,0.91,-0.85,-0.6,8.299,10.222,9.624,7.142,6.97,10.59,9.91,8.73,-0.0,-0.001,0.003,0.49,0.03,-121.7547142,36.5858356,125.05
-3.8,2.9,0.0,3.34,0.92,-0.09,-1.39,-1.16,-1.66,-0.86,-0.65,10.232,11.056,8.917,10.399,12.36,11.28,9.32,10.1,-0.0,-0.001,0.003,0.56,0.03,-121.7547157,36.5858366,125.1
-3.5,2.8,0.0,3.34,0.08,-0.22,-0.3,1.26,0.03,-0.82,-0.66,9.516,10.045,11.095,10.261,11.48,9.71,9.52,9.12,-0.001,-0.001,0.002,0.5,0.03,-121.7547171,36.5858375,125.15
-3.8,2.9,0.0,3.35,0.57,-0.94,-0.76,-1.84,-2.16,-0.88,-0.73,10.036,10.703,9.045,11.095,9.22,11.87,9.42,11.77,-0.001,-0.001,0.001,0.18,0.01,-121.7547186,36.5858385,125.2
-4.0,2.9,0.0,3.35,0.03,0.2,-0.73,-2.97,-0.2,-0.97,-0.73,7.877,9.408,10.889,9.879,11.38,10.1,12.36,9.81,-0.0,-0.001,0.001,0.56,0.03,-121.75472,36.5858394,125.25
-3.9,2.8,0.0,3.36,0.04,-0.69,-0.76,0.68,-0.65,-1.0,-0.75,8.25,10.134,9.074,9.388,8.83,10.4,12.07,11.09,-0.0,-0.0,0.001,0.8,0.05,-121.7547215,36.5858404,125.3
-3.8,2.9,0.0,3.39,0.91,0.1,-0.45,-2.45,0.31,-1.06,-0.72,9.486,9.653,10.408,10.33,9.52,10.99,10.59,10.79,-0.001,-0.0,0.001,0.72,0.04,-121.754723,36.5858413,125.35
-3.8,2.8,0.0,3.38,-0.14,-0.67,-0.55,2.0,1.3,-1.01,-0.66,7.603,11.203,10.301,9.221,8.63,10.01,9.12,10.59,-0.001,-0.001,0.001,0.41,0.02,-121.7547244,36.5858423,125.4
-3.6,2.9,0.0,3.41,0.87,-0.35,-0.9,-2.61,-0.68,-1.09,-0.67,10.408,10.477,9.633,10.35,9.42,10.79,10.89,11.77,-0.001,-0.001,0.001,0.31,0.02,-121.7547259,36.5858433,125.45
-3.8,2.9,0.0,3.42,0.29,0.34,-0.19,-0.58,-0.15,-1.12,-0.69,7.897,10.281,10.663,10.693,10.2,9.32,11.18,9.03,-0.001,-0.001,0.001,0.7,0.04,-121.7547274,36.5858442,125.5
-3.6,2.8,0.0,3.42,0.02,-0.58,-0.09,2.26,1.36,-1.05,-0.65,7.877,10.193,10.428,8.79,6.67,10.89,12.16,9.52,-0.0,-0.0,0.001,0.61,0.04,-121.7547289,36.5858452,125.55
-3.2,2.9,0.0,3.44,0.68,-0.51,-0.29,-0.74,1.7,-1.07,-0.6,11.801,7.446,10.124,9.221,11.38,9.91,7.75,10.59,-0.0,-0.0,0.001,0.37,0.02,-121.7547304,36.5858462,125.6
-2.9,2.9,0.0,3.45,0.34,0.36,-1.16,3.05,1.08,-1.0,-0.53,9.192,10.595,7.76,8.456,13.73,7.26,8.53,10.01,-0.001,-0.001,0.001,0.49,0.03,-121.7547318,36.5858472,125.65
-1.9,2.9,0.0,3.46,0.15,-0.34,-0.62,-0.65,-0.25,-1.01,-0.53,8.957,10.536,8.947,8.142,8.73,10.69,11.09,9.42,-0.002,-0.001,0.001,0.43,0.03,-121.7547333,36.5858482,125.7
-1.7,2.9,0.0,3.48,-0.26,-0.09,-0.36,0.6,-1.05,-0.93,-0.57,10.791,8.858,9.486,9.849,8.53,10.79,12.16,8.53,-0.002,-0.0,-0.0,0.66,0.04,-121.7547348,36.5858492,125.75
-2.1,2.9,0.0,3.5,0.59,0.75,-0.51,3.14,-1.35,-0.85,-0.65,10.585,9.221,9.732,9.849,10.79,9.12,10.4,10.79,-0.001,0.0,-0.0,0.73,0.04,-121.7547363,36.5858502,125.8
-2.0,2.8,0.0,3.52,0.5,-0.19,-0.67,1.13,0.17,-0.8,-0.66,6.632,11.144,9.496,9.408,11.09,10.89,6.77,10.89,-0.001,0.001,-0.001,0.52,0.03,-121.7547379,36.5858512,125.85
-2.0,2.9,0.0,3.54,0.69,-0.88,-0.8,-0.32,0.59,-0.75,-0.62,9.261,9.329,9.378,9.476,11.09,9.81,8.14,11.38,-0.001,0.0,-0.001,0.18,0.01,-121.7547394,36.5858522,125.9
-2.1,2.9,0.0,3.55,0.45,0.14,-0.34,-2.47,-1.29,-0.79,-0.63,7.985,11.272,10.193,9.339,8.73,11.28,8.63,9.42,-0.002,-0.0,-0.001,0.54,0.03,-121.7547409,36.5858532,125.95
-2.0,2.9,0.0,3.56,0.21,-0.24,-0.57,2.11,-0.22,-0.73,-0.65,9.83,8.289,9.712,9.722,8.34,10.01,8.83,9.81,-0.002,-0.0,-0.001,0.72,0.04,-121.7547424,36.5858543,126.0
-1.9,2.9,0.0,3.58,0.37,0.08,-0.27,-0.09,-2.35,-0.7,-0.76,5.209,12.841,9.575,10.713,8.93,8.83,10.69,7.85,-0.001,0.0,-0.001,0.69,0.04,-121.754744,36.5858553,126.05
-2.0,2.9,0.0,3.6,0.5,-0.75,-0.08,-0.67,-0.04,-0.74,-0.79,8.849,8.24,10.889,8.839,8.73,10.1,10.2,11.87,-0.001,0.001,-0.001,0.49,0.03,-121.7547455,36.5858563,126.1
-2.0,2.9,0.0,3.63,0.29,-0.25,-0.61,-1.61,-0.84,-0.77,-0.81,10.094,8.407,8.819,10.212,10.01,9.03,10.69,10.01,-0.001,0.001,-0.002,0.8,0.05,-121.7547471,36.5858573,126.15
-2.2,2.9,0.0,3.65,0.67,-0.03,-0.62,-0.29,0.31,-0.74,-0.78,7.848,11.644,9.898,9.643,11.38,8.93,7.95,10.89,-0.002,0.0,-0.002,0.85,0.05,-121.7547487,36.5858584,126.2
-2.0,2.9,0.0,3.66,0.67,-0.94,-0.26,0.19,1.16,-0.76,-0.73,10.418,10.428,8.692,9.104,8.93,9.81,7.65,11.58,-0.002,0.0,-0.002,0.63,0.04,-121.7547502,36.5858594,126.25
-2.0,2.9,0.0,3.69,0.55,-0.46,-0.75,0.85,-2.69,-0.71,-0.81,10.889,9.418,9.761,10.595,10.3,10.5,8.24,9.32,-0.002,0.0,-0.002,0.57,0.04,-121.7547518,36.5858605,126.3
-2.0,2.9,0.0,3.7,0.21,0.15,0.02,3.33,-1.01,-0.58,-0.87,7.819,11.144,11.409,11.615,9.32,12.07,10.79,9.12,-0.001,0.0,-0.002,0.61,0.04,-121.7547534,36.5858616,126.35
-2.0,2.9,0.0,3.71,0.24,-0.28,-0.42,1.37,1.44,-0.51,-0.84,6.798,10.153,11.242,10.497,10.79,10.99,11.09,9.22,-0.001,0.0,-0.002,0.33,0.02,-121.754755,36.5858626,126.4
-2.0,2.9,0.0,3.74,0.77,-0.17,-0.57,1.46,0.45,-0.44,-0.81,12.164,7.671,9.437,8.76,11.18,9.03,9.22,11.28,-0.001,-0.0,-0.002,0.39,0.03,-121.7547566,36.5858638,126.45
-1.9,2.9,0.0,3.76,0.77,0.5,-0.58,0.01,1.21,-0.43,-0.78,9.153,10.301,8.289,7.711,10.59,8.53,9.32,10.99,-0.001,-0.001,-0.001,0.77,0.05,-121.7547582,36.5858649,126.5
-1.5,2.9,0.0,3.78,0.44,-0.27,0.3,4.23,-1.29,-0.32,-0.85,9.565,7.495,9.673,9.996,10.3,10.79,9.71,10.3,-0.0,-0.001,-0.0,0.63,0.04,-121.7547598,36.585866,126.55
-1.3,2.9,0.0,3.8,0.89,0.11,-0.27,-2.53,-0.11,-0.38,-0.88,10.693,9.663,10.742,11.448,11.28,8.63,7.36,14.22,-0.0,-0.001,-0.001,0.63,0.04,-121.7547614,36.5858671,126.6
-1.1,2.8,0.0,3.8,0.31,0.42,-0.7,1.33,2.2,-0.37,-0.81,12.527,8.731,8.329,10.713,11.18,9.22,7.85,9.81,-0.001,-0.001,-0.001,0.71,0.05,-121.7547631,36.5858682,126.65
-1.0,2.9,0.0,3.82,0.36,0.56,-0.74,0.9,0.14,-0.39,-0.77,11.546,8.015,8.456,11.046,9.22,9.81,7.85,10.59,-0.001,-0.001,-0.0,0.43,0.03,-121.7547647,36.5858692,126.7
-1.0,2.9,0.0,3.83,0.25,0.43,-0.34,0.7,-1.17,-0.39,-0.81,9.977,10.556,9.447,10.428,11.77,10.79,9.42,10.69,-0.001,-0.0,-0.0,0.79,0.05,-121.7547664,36.5858703,126.75
-0.5,2.8,0.0,3.83,0.39,-0.78,-0.06,2.12,0.62,-0.31,-0.82,10.31,8.996,9.035,10.094,11.18,10.01,8.93,11.18,-0.001,-0.0,-0.0,0.47,0.03,-121.754768,36.5858715,126.8
-0.7,2.8,0.0,3.82,-0.03,-0.58,-0.47,0.67,-0.83,-0.24,-0.86,9.732,8.937,10.271,10.713,8.63,8.73,9.91,10.69,-0.001,-0.0,-0.001,0.34,0.02,-121.7547696,36.5858726,126.85
-1.0,2.7,0.0,3.81,-0.04,0.16,-0.47,-1.23,-0.35,-0.25,-0.88,6.945,9.133,10.889,9.526,8.24,8.93,10.4,8.63,-0.001,-0.0,-0.001,0.58,0.04,-121.7547713,36.5858737,126.9
-1.1,2.7,0.0,3.79,-0.7,-0.09,-0.29,0.63,1.12,-0.23,-0.85,11.046,7.495,9.575,9.722,10.4,9.32,10.5,10.1,-0.001,-0.0,-0.001,0.83,0.05,-121.7547729,36.5858748,126.95
-1.0,2.7,0.0,3.78,-0.23,0.74,-0.47,0.94,0.58,-0.23,-0.83,10.605,10.457,10.408,9.624,10.99,9.03,10.5,9.12,-0.002,-0.001,-0.001,0.97,0.06,-121.7547745,36.5858758,127.0
-0.8,2.7,0.0,3.77,0.15,-0.7,-0.13,1.02,-1.66,-0.22,-0.88,8.28,12.115,9.83,9.29,9.03,9.71,9.42,11.28,-0.002,-0.001,-0.001,0.64,0.04,-121.7547762,36.5858769,127.05
-1.0,2.7,0.0,3.75,0.09,-0.14,-0.3,-2.2,-0.47,-0.28,-0.91,12.007,6.612,9.712,9.29,10.01,9.42,10.89,9.32,-0.001,-0.001,-0.001,0.83,0.05,-121.7547778,36.585878,127.1
-1.2,2.6,0.0,3.74,-0.19,0.09,-0.44,1.18,0.49,-0.25,-0.9,9.182,11.213,8.564,10.614,10.89,10.3,7.65,10.1,-0.001,-0.001,-0.001,0.77,0.05,-121.7547794,36.5858791,127.15
-1.3,2.6,0.0,3.74,-0.06,-0.17,-0.58,0.16,-1.07,-0.28,-0.9,11.468,7.299,9.27,10.565,10.99,9.81,8.63,12.07,-0.001,-0.001,-0.001,0.66,0.04,-121.754781,36.5858802,127.2
-1.4,2.6,0.0,3.72,-0.22,0.78,-0.59,-1.21,0.0,-0.34,-0.92,7.259,10.536,10.605,10.33,12.85,7.65,12.75,9.12,-0.001,-0.001,-0.001,1.06,0.07,-121.7547826,36.5858813,127.25
-1.2,2.6,0.0,3.7,-0.46,-0.67,0.06,3.28,0.47,-0.29,-0.9,10.968,9.143,10.134,8.957,10.1,9.91,10.89,9.71,-0.001,-0.001,-0.001,0.75,0.05,-121.7547842,36.5858823,127.3
-1.0,2.5,0.0,3.7,-0.06,0.06,0.19,1.23,0.05,-0.24,-0.87,7.789,10.889,9.486,9.947,10.1,10.2,11.28,6.08,-0.001,-0.001,-0.001,0.72,0.05,-121.7547858,36.5858834,127.35
-1.2,2.5,0.0,3.69,0.32,0.11,-0.48,-0.28,0.78,-0.21,-0.84,10.899,6.622,9.143,9.31,10.69,8.83,12.36,9.22,-0.001,-0.0,-0.0,0.59,0.04,-121.7547874,36.5858845,127.4
-1.4,2.5,0.0,3.69,0.1,0.16,-0.72,2.27,1.3,-0.11,-0.82,7.024,11.88,9.388,8.476,9.91,9.81,10.99,9.91,-0.001,-0.0,-0.0,0.53,0.03,-121.7547889,36.5858855,127.45
-1.4,2.5,0.0,3.68,-0.53,-0.26,-0.21,0.72,0.08,-0.09,-0.8,10.997,7.838,9.663,10.997,9.22,10.01,7.36,10.4,-0.001,-0.001,-0.0,0.54,0.03,-121.7547905,36.5858866,127.5
-1.4,2.4,0.0,3.68,0.23,1.1,-0.5,0.83,-0.04,-0.07,-0.76,8.437,12.635,10.134,10.399,11.38,8.14,7.36,11.38,-0.001,-0.001,-0.001,1.01,0.06,-121.7547921,36.5858877,127.55
-1.4,2.4,0.0,3.69,0.3,-0.64,-0.2,0.66,0.21,-0.14,-0.73,7.985,11.164,8.751,9.172,8.73,10.2,9.81,10.99,-0.001,-0.001,-0.0,0.73,0.05,-121.7547937,36.5858887,127.6
-1.4,2.4,0.0,3.67,-0.33,-0.1,-0.57,-0.49,-0.67,-0.07,-0.74,11.576,6.995,10.84,11.046,8.73,9.71,9.81,9.91,-0.001,-0.001,-0.0,0.81,0.05,-121.7547953,36.5858898,127.65
-1.4,2.4,0.0,3.67,0.06,0.74,-0.11,0.57,1.93,-0.09,-0.69,8.868,8.505,10.33,8.888,11.67,8.63,12.07,8.83,-0.0,-0.0,-0.0,0.72,0.05,-121.7547968,36.5858909,127.7
-1.4,2.4,0.0,3.68,0.12,-0.1,-0.47,1.2,2.48,-0.09,-0.59,8.466,10.82,7.887,8.623,18.05,11.67,10.01,9.52,-0.001,-0.001,-0.0,0.8,0.05,-121.7547984,36.5858919,127.75
3.1,2.4,0.0,3.67,0.74,-0.29,-0.67,1.63,-1.81,-0.01,-0.6,10.026,14.107,10.104,8.427,3.34,13.24,11.18,10.1,-0.004,-0.001,-0.001,0.73,0.05,-121.7548,36.585893,127.8
1.9,2.4,0.0,3.68,-0.24,-0.66,-1.12,1.33,-1.8,0.17,-0.71,8.858,11.595,9.849,10.448,8.24,11.18,8.53,8.04,-0.003,-0.002,-0.003,0.39,0.03,-121.7548016,36.585894,127.85
0.8,2.4,0.0,3.68,-0.38,1.15,0.49,-1.78,-2.56,0.08,-0.87,9.231,9.369,11.026,10.065,8.24,8.34,8.73,8.63,-0.002,-0.001,-0.003,0.86,0.05,-121.7548032,36.5858951,127.9
0.2,2.4,0.0,3.68,0.23,0.41,0.74,0.31,-1.79,0.05,-0.94,8.417,9.182,9.673,9.006,10.59,9.52,8.44,10.59,-0.001,0.0,-0.002,1.31,0.08,-121.7548047,36.5858962,127.95
0.2,2.4,0.0,3.68,0.17,-1.26,-0.25,-0.92,0.69,0.07,-0.89,9.064,9.761,7.711,9.879,11.87,8.63,7.06,9.71,-0.0,0.0,-0.001,0.75,0.05,-121.7548063,36.5858972,128.0
0.1,2.5,0.0,3.69,0.33,-0.78,-0.67,-1.7,0.64,0.02,-0.86,8.584,9.447,10.31,10.045,9.71,10.1,8.83,9.22,-0.001,0.0,-0.001,0.47,0.03,-121.7548079,36.5858983,128.05
-0.1,2.4,0.0,3.69,0.35,0.4,-0.37,1.14,-1.45,0.07,-0.88,8.594,10.997,10.055,9.055,9.61,10.01,9.52,10.89,-0.001,-0.0,-0.001,0.72,0.05,-121.7548095,36.5858993,128.1
-0.3,2.5,0.0,3.7,0.22,-0.45,0.35,0.78,1.7,0.14,-0.85,8.976,8.849,9.79,10.35,10.79,9.42,9.81,10.69,-0.001,-0.001,-0.001,0.45,0.03,-121.7548111,36.5859004,128.15
-0.4,2.5,0.0,3.7,0.27,0.27,0.04,0.27,-0.68,0.12,-0.86,9.614,8.289,10.34,11.144,11.28,10.1,9.32,9.91,-0.001,-0.001,-0.001,0.77,0.05,-121.7548127,36.5859015,128.2
-0.5,2.4,0.0,3.72,0.85,0.07,-0.24,1.24,0.75,0.15,-0.83,9.722,9.751,9.045,8.407,10.2,9.52,9.52,11.09,-0.001,-0.001,-0.001,0.79,0.05,-121.7548142,36.5859025,128.25
-0.4,2.4,0.0,3.72,0.27,-0.31,-0.6,-1.23,0.15,0.14,-0.83,10.418,9.987,8.682,11.478,12.26,8.73,6.47,10.3,-0.001,-0.001,-0.001,0.59,0.04,-121.7548158,36.5859036,128.3
-0.3,2.5,0.0,3.73,0.3,0.4,0.22,-0.74,-0.94,0.09,-0.85,10.026,9.957,9.987,8.907,9.81,10.5,8.14,7.85,-0.002,-0.001,-0.001,0.66,0.04,-121.7548174,36.5859047,128.35
-0.4,2.5,0.0,3.75,0.57,0.07,-0.36,0.85,-1.42,0.07,-0.91,9.084,9.761,10.31,9.526,9.61,10.01,15.79,10.5,-0.002,-0.0,-0.001,0.73,0.05,-121.7548191,36.5859058,128.4
-0.5,2.4,0.0,3.73,-0.25,-0.5,0.07,5.2,-0.81,0.26,-0.99,10.173,7.622,12.675,12.047,9.42,9.61,-0.98,13.34,-0.001,-0.0,-0.002,0.57,0.04,-121.7548207,36.5859068,128.45
-0.1,2.5,0.0,3.72,0.09,-1.1,0.89,1.16,3.46,0.43,-0.86,8.28,11.586,10.33,12.763,11.38,10.59,8.04,12.56,-0.001,-0.001,-0.002,-0.26,-0.02,-121.7548223,36.5859079,128.5
-0.5,2.5,0.0,3.73,0.04,1.63,-1.02,-6.06,3.53,0.25,-0.68,9.231,10.968,9.555,7.877,10.99,10.4,13.24,3.34,-0.001,-0.001,-0.002,0.44,0.03,-121.7548238,36.585909,128.55
-1.0,2.5,0.0,3.75,0.64,0.69,-1.68,1.58,1.91,0.24,-0.59,9.947,10.34,8.407,6.906,9.71,10.59,11.67,11.28,-0.001,-0.001,0.0,1.47,0.1,-121.7548254,36.5859101,128.6
-0.5,2.5,0.0,3.76,0.34,-0.74,-0.06,0.09,-1.02,0.35,-0.61,8.858,9.682,8.849,9.221,9.81,8.93,9.91,10.99,-0.001,-0.001,-0.0,0.89,0.06,-121.7548271,36.5859112,128.65
0.1,2.5,0.0,3.76,0.21,0.39,0.67,-0.03,-0.94,0.28,-0.66,10.82,8.26,9.447,10.781,10.5,8.63,8.63,9.22,-0.001,0.0,-0.0,0.56,0.04,-121.7548287,36.5859122,128.7
0.4,2.5,0.0,3.76,0.05,0.39,-0.14,3.31,0.83,0.32,-0.64,8.662,8.996,10.497,10.781,10.89,10.1,9.03,10.2,-0.001,0.0,-0.0,0.56,0.04,-121.7548303,36.5859133,128.75
0.6,2.5,0.0,3.76,0.29,-0.75,-0.68,0.15,0.8,0.41,-0.58,10.919,10.909,10.32,8.907,7.75,11.28,10.01,8.93,-0.001,-0.001,-0.0,0.3,0.02,-121.7548319,36.5859144,128.8
0.4,2.4,0.0,3.78,0.26,0.81,-0.84,-1.8,-1.2,0.37,-0.59,7.779,12.733,10.428,9.31,12.07,10.3,9.81,10.1,-0.001,-0.001,-0.0,0.65,0.04,-121.7548335,36.5859155,128.85
0.8,2.5,0.0,3.79,0.33,-0.21,-0.09,1.14,0.7,0.41,-0.62,11.036,10.134,10.585,9.172,11.77,10.59,9.81,9.03,-0.001,-0.001,-0.001,0.72,0.05,-121.7548351,36.5859166,128.9
1.3,2.5,0.0,3.8,0.6,0.39,0.17,-1.71,-2.49,0.36,-0.72,9.329,9.486,11.105,11.026,10.5,8.24,10.89,9.32,-0.001,-0.001,-0.001,0.78,0.05,-121.7548368,36.5859177,128.95
2.0,2.5,0.0,3.8,-0.0,0.11,-0.13,0.54,0.83,0.33,-0.74,8.809,9.418,11.125,10.546,10.4,7.46,9.32,12.26,-0.001,-0.0,-0.001,0.77,0.05,-121.7548384,36.5859188,129.0
3.3,2.5,0.0,3.8,0.07,0.07,0.19,1.4,1.04,0.37,-0.69,9.535,9.31,9.486,10.497,11.28,10.2,8.53,9.32,-0.001,-0.001,-0.001,0.52,0.03,-121.75484,36.5859199,129.05
5.2,2.5,0.0,3.8,0.02,0.1,0.07,-0.03,0.58,0.38,-0.65,12.145,10.163,8.515,8.025,10.2,12.56,10.5,9.91,-0.001,-0.001,-0.0,0.51,0.03,-121.7548416,36.585921,129.1
7.8,2.5,0.0,3.78,-0.53,1.03,0.26,0.15,-0.86,0.36,-0.66,9.202,9.408,9.035,10.448,9.61,9.61,10.1,8.83,-0.001,-0.002,-0.0,0.9,0.06,-121.7548432,36.5859221,129.15
10.8,2.5,0.0,3.78,0.12,0.35,1.02,0.14,-0.4,0.36,-0.7,9.084,9.594,10.065,9.898,9.52,9.42,9.42,10.89,-0.001,-0.001,-0.0,1.0,0.07,-121.7548449,36.5859232,129.2
15.0,2.5,0.0,3.77,0.14,-0.28,1.38,0.15,0.57,0.36,-0.69,9.908,8.525,9.496,9.388,9.32,10.3,9.22,9.12,-0.001,-0.001,-0.0,1.06,0.07,-121.7548465,36.5859243,129.25
17.5,2.5,0.0,3.75,-0.31,0.6,1.42,0.14,-1.43,0.38,-0.72,9.712,9.113,9.457,9.29,11.67,9.03,9.81,11.09,-0.001,-0.001,0.0,1.31,0.09,-121.7548481,36.5859254,129.3
19.6,2.5,0.0,3.74,-0.26,0.58,1.91,1.45,0.52,0.42,-0.72,8.809,9.722,9.575,9.673,11.18,8.83,9.61,11.28,-0.0,-0.001,0.001,1.34,0.09,-121.7548497,36.5859265,129.35
21.3,2.5,0.0,3.74,0.18,1.13,1.67,2.74,-1.95,0.48,-0.79,8.083,10.771,9.388,10.065,9.81,9.52,10.5,10.3,-0.001,-0.001,0.0,1.41,0.09,-121.7548514,36.5859276,129.4
21.6,2.5,0.0,3.72,-0.03,-0.04,2.1,-0.01,1.34,0.51,-0.76,9.006,9.476,9.673,10.86,9.61,9.52,11.48,7.85,-0.001,-0.001,-0.0,1.46,0.09,-121.754853,36.5859286,129.45
21.4,2.5,0.0,3.7,0.08,0.05,1.29,-1.68,-0.01,0.46,-0.78,7.505,9.133,10.673,9.457,11.09,10.1,11.87,8.73,-0.001,-0.001,-0.0,1.46,0.09,-121.7548546,36.5859297,129.5
21.2,2.5,0.0,3.7,-0.06,0.08,1.49,-1.69,1.54,0.38,-0.73,10.006,9.251,9.839,8.643,9.61,11.28,11.38,10.79,-0.001,-0.001,0.0,1.61,0.1,-121.7548562,36.5859307,129.55
21.3,2.5,0.0,3.7,-0.31,0.72,2.02,1.68,0.23,0.43,-0.71,10.879,10.31,9.202,10.928,10.01,10.4,9.91,9.91,-0.001,-0.001,0.0,1.64,0.11,-121.7548578,36.5859318,129.6
21.2,2.5,0.0,3.69,0.22,0.1,1.92,-0.64,0.51,0.39,-0.71,11.38,9.182,10.34,9.555,10.79,9.81,10.4,8.34,-0.001,-0.001,0.0,1.39,0.09,-121.7548595,36.5859329,129.65
20.8,2.5,0.0,3.69,0.18,-0.16,1.53,-0.0,-1.29,0.36,-0.76,9.83,8.662,10.899,9.643,10.4,9.22,11.77,10.89,-0.001,-0.001,0.0,1.32,0.08,-121.7548611,36.5859338,129.7
20.4,2.5,0.0,3.68,0.2,-0.19,1.63,-1.32,-0.38,0.37,-0.77,8.378,9.761,9.869,11.262,8.73,10.4,10.2,11.48,-0.001,-0.001,-0.0,1.32,0.09,-121.7548627,36.5859348,129.75
19.8,2.5,0.0,3.69,0.1,0.81,1.59,-0.06,1.17,0.36,-0.74,8.113,10.457,10.869,9.31,10.2,9.22,10.2,7.65,-0.001,-0.001,-0.0,1.61,0.1,-121.7548643,36.5859359,129.8
19.1,2.5,0.0,3.69,0.17,-0.1,1.85,-0.18,0.76,0.35,-0.72,8.221,10.016,9.535,7.475,7.85,10.5,10.1,10.59,-0.001,-0.001,-0.0,1.51,0.1,-121.7548659,36.5859369,129.85
19.0,2.5,0.0,3.68,0.43,-0.16,1.6,-0.9,-1.18,0.38,-0.75,9.663,9.859,10.094,10.428,11.67,10.1,9.03,11.18,-0.001,-0.001,-0.0,1.09,0.07,-121.7548676,36.585938,129.9
18.6,2.5,0.0,3.68,0.22,-0.03,1.64,-0.85,0.04,0.39,-0.75,11.35,8.24,11.223,10.212,11.28,8.93,10.2,10.69,-0.001,-0.001,-0.001,1.27,0.08,-121.7548692,36.585939,129.95
17.9,2.5,0.0,3.69,-0.05,0.29,1.19,0.95,0.13,0.45,-0.76,9.202,9.437,9.682,10.693,8.63,9.42,8.83,9.03,-0.001,-0.001,-0.001,1.42,0.09,-121.7548708,36.58594,130.0
16.8,2.5,0.0,3.69,0.34,0.31,1.4,-0.99,0.15,0.43,-0.76,8.858,10.389,9.535,9.408,10.4,8.93,9.12,9.52,-0.001,-0.001,-0.001,1.35,0.09,-121.7548724,36.5859411,130.05
15.9,2.5,0.0,3.7,0.16,0.16,1.43,-0.14,-0.09,0.41,-0.75,9.879,9.231,9.506,8.839,11.18,8.73,10.99,9.52,-0.001,-0.0,-0.0,1.37,0.09,-121.7548741,36.5859421,130.1
15.1,2.5,0.0,3.69,0.2,0.26,1.53,2.56,-0.9,0.46,-0.78,10.114,9.643,9.555,9.457,10.69,10.69,10.4,11.18,-0.001,-0.001,-0.001,1.07,0.07,-121.7548757,36.5859431,130.15
14.3,2.5,0.0,3.7,0.21,0.11,1.31,0.18,0.25,0.46,-0.79,10.958,9.8,9.81,10.33,9.61,9.61,12.16,8.14,-0.001,-0.001,-0.001,1.05,0.07,-121.7548773,36.5859442,130.2
12.8,2.5,0.0,3.7,-0.16,0.2,1.26,-0.19,-0.17,0.44,-0.79,9.31,9.084,9.869,9.221,8.93,10.01,11.09,9.12,-0.001,-0.001,-0.001,1.13,0.07,-121.754879,36.5859452,130.25
11.4,2.5,0.0,3.7,0.35,0.07,1.11,0.27,0.54,0.46,-0.78,8.486,9.624,9.29,9.31,9.12,10.5,10.4,9.22,-0.001,-0.001,-0.001,1.29,0.08,-121.7548806,36.5859462,130.3
10.2,2.5,0.0,3.71,-0.01,-0.03,1.01,-0.57,0.61,0.47,-0.77,9.633,7.367,9.938,9.31,10.1,8.63,9.03,10.3,-0.001,-0.0,-0.001,1.04,0.07,-121.7548823,36.5859473,130.35
8.9,2.5,0.0,3.7,0.04,-0.19,0.73,0.33,0.15,0.49,-0.76,8.368,10.977,10.34,9.604,10.79,7.36,10.89,9.71,-0.001,-0.001,-0.001,1.03,0.07,-121.7548839,36.5859483,130.4
8.4,2.5,0.0,3.7,0.06,0.16,0.64,1.05,1.6,0.53,-0.7,9.202,10.497,9.28,10.144,9.42,9.52,10.4,9.42,-0.001,-0.001,-0.001,1.01,0.07,-121.7548855,36.5859493,130.45
8.1,2.5,0.0,3.71,0.07,0.39,0.56,1.82,-0.68,0.59,-0.73,9.987,10.713,9.957,9.437,9.71,10.99,9.22,9.03,-0.001,-0.001,-0.001,1.1,0.07,-121.7548872,36.5859503,130.5
7.4,2.5,0.0,3.72,-0.03,-0.16,0.28,0.79,-0.86,0.65,-0.76,8.446,10.408,10.634,10.232,9.03,8.24,12.16,11.18,-0.001,-0.001,-0.001,0.88,0.06,-121.7548888,36.5859515,130.55
6.5,2.5,0.0,3.71,-0.03,0.99,0.02,-0.28,0.11,0.59,-0.79,8.172,9.27,9.584,10.33,10.01,10.3,10.4,12.36,-0.0,-0.001,-0.001,1.19,0.08,-121.7548905,36.5859525,130.6
6.2,2.5,0.0,3.72,0.17,0.1,0.36,-0.82,1.48,0.54,-0.74,10.32,8.927,8.858,8.309,9.32,9.22,9.71,11.38,-0.001,-0.001,-0.001,1.21,0.08,-121.7548921,36.5859535,130.65
6.2,2.5,0.0,3.71,-0.27,-0.07,0.33,-0.23,-0.11,0.54,-0.69,9.202,9.594,9.957,9.977,10.01,9.52,9.32,9.42,-0.001,-0.001,-0.001,1.06,0.07,-121.7548938,36.5859546,130.7
6.2,2.5,0.0,3.71,-0.03,0.34,0.81,0.02,-0.04,0.52,-0.72,10.065,9.673,10.605,10.546,10.2,8.63,7.95,9.52,-0.001,-0.001,-0.001,1.1,0.07,-121.7548954,36.5859556,130.75
6.2,2.5,0.0,3.7,-0.15,-0.2,0.57,0.3,2.61,0.53,-0.66,9.8,9.957,9.918,10.045,10.69,9.81,9.91,8.44,-0.001,-0.001,-0.001,0.94,0.06,-121.7548971,36.5859566,130.8
6.1,2.5,0.0,3.69,0.16,0.34,0.2,1.38,-1.77,0.56,-0.71,9.28,10.379,8.613,8.672,10.59,10.1,8.53,10.5,-0.001,-0.001,-0.0,0.99,0.06,-121.7548987,36.5859576,130.85
6.0,2.5,0.0,3.68,0.0,-0.13,0.5,-1.0,1.35,0.52,-0.66,10.899,9.231,9.192,10.477,11.48,9.91,9.52,10.59,-0.001,-0.001,-0.0,1.08,0.07,-121.7549004,36.5859585,130.9
6.1,2.5,0.0,3.67,0.08,0.53,0.33,0.08,-1.4,0.53,-0.69,10.418,9.359,9.624,9.673,11.58,9.91,9.42,11.09,-0.001,-0.001,-0.0,1.12,0.07,-121.754902,36.5859596,130.95
6.2,2.5,0.0,3.67,0.09,-0.0,0.72,1.2,1.37,0.55,-0.65,9.663,10.251,8.976,9.555,9.81,9.71,10.69,11.58,-0.001,-0.001,0.0,1.04,0.07,-121.7549036,36.5859606,131.0
6.2,2.5,0.0,3.65,-0.22,-0.08,0.12,-0.01,-1.54,0.56,-0.73,10.605,9.006,9.761,8.643,10.59,7.85,9.12,11.48,-0.001,-0.001,0.0,1.07,0.07,-121.7549052,36.5859616,131.05
6.1,2.5,0.0,3.65,-0.04,0.57,0.21,-1.22,0.19,0.56,-0.74,6.426,10.693,9.388,11.026,10.1,8.24,11.97,9.81,-0.0,-0.001,0.0,1.09,0.07,-121.7549069,36.5859626,131.1
6.0,2.5,0.0,3.65,0.13,0.27,0.22,0.18,-0.02,0.51,-0.74,7.112,9.476,10.497,10.399,8.04,10.01,9.32,10.99,-0.0,-0.001,0.0,1.15,0.07,-121.7549085,36.5859636,131.15
5.9,2.5,0.0,3.63,-0.24,-0.26,0.33,-2.51,1.86,0.48,-0.66,9.113,10.379,8.8,10.379,9.22,11.67,8.34,9.91,-0.001,-0.001,0.0,1.13,0.07,-121.7549101,36.5859646,131.2
5.1,2.5,0.0,3.64,0.17,0.15,0.17,-1.56,-0.35,0.42,-0.66,9.967,10.212,9.624,9.123,10.99,9.22,11.18,9.12,-0.001,-0.001,0.0,1.14,0.07,-121.7549117,36.5859656,131.25
3.3,2.5,0.0,3.64,0.4,0.06,0.39,0.92,-0.31,0.43,-0.69,9.398,9.604,9.633,10.31,9.42,8.53,10.2,10.2,-0.001,-0.001,0.0,1.26,0.08,-121.7549134,36.5859666,131.3
0.2,2.5,0.0,3.63,-0.16,-0.04,0.71,0.47,0.05,0.45,-0.71,9.104,9.221,9.329,9.104,10.2,8.63,10.3,9.22,-0.0,-0.001,0.0,0.63,0.04,-121.754915,36.5859676,131.35
-5.6,2.5,0.0,3.64,0.4,0.07,-0.19,0.24,0.59,0.43,-0.7,7.436,10.565,9.712,9.055,10.01,9.03,9.61,10.2,-0.0,-0.001,0.001,0.78,0.05,-121.7549166,36.5859686,131.4
-12.6,2.5,0.0,3.62,-0.22,-0.34,-0.83,0.36,-0.1,0.41,-0.67,6.004,12.969,8.495,10.065,7.95,10.3,6.87,11.28,-0.001,-0.001,0.001,0.76,0.05,-121.7549182,36.5859695,131.45
-17.6,2.5,0.0,3.63,0.59,-0.79,-1.76,-3.18,-0.11,0.34,-0.68,8.888,10.389,11.183,9.849,11.38,9.71,9.42,9.61,-0.001,-0.001,0.001,0.43,0.03,-121.7549198,36.5859705,131.5
-21.6,2.5,0.0,3.62,-0.16,-0.54,-2.05,-0.9,-0.05,0.31,-0.67,10.467,10.281,9.231,9.555,12.16,9.12,10.1,8.63,-0.001,-0.001,0.001,0.14,0.01,-121.7549214,36.5859716,131.55
-23.6,2.5,0.0,3.62,0.07,-0.45,-2.8,0.87,0.36,0.36,-0.68,9.938,9.231,10.212,9.849,8.83,10.01,10.5,9.32,-0.001,-0.001,0.001,-0.13,-0.01,-121.754923,36.5859726,131.6
-23.9,2.5,0.0,3.63,0.3,-0.05,-2.74,0.62,0.32,0.39,-0.7,8.809,9.741,10.261,9.575,10.5,9.22,10.3,8.63,-0.0,-0.001,0.001,-0.31,-0.02,-121.7549245,36.5859737,131.65
-23.7,2.5,0.0,3.63,0.1,-0.0,-3.32,0.09,-0.05,0.36,-0.69,9.32,8.584,9.329,9.476,11.67,8.63,9.12,10.1,-0.0,-0.001,0.001,-0.22,-0.01,-121.7549261,36.5859747,131.7
-23.4,2.5,0.0,3.62,0.33,-0.02,-3.33,-0.97,-1.1,0.35,-0.68,10.536,10.153,9.172,10.144,11.18,9.61,9.03,11.67,-0.001,-0.001,0.0,0.08,0.0,-121.7549277,36.5859757,131.75
-23.0,2.5,0.0,3.62,-0.19,-0.01,-2.72,-1.64,1.3,0.27,-0.62,10.791,9.29,8.162,11.38,11.28,8.93,8.24,10.99,-0.001,-0.001,0.0,0.26,0.02,-121.7549292,36.5859767,131.8
-22.8,2.5,0.0,3.62,-0.22,-0.05,-2.52,-0.64,-1.32,0.2,-0.67,10.82,8.731,10.026,9.692,11.48,8.63,8.73,11.18,-0.001,-0.001,0.0,0.21,0.01,-121.7549308,36.5859777,131.85
-22.1,2.5,0.0,3.61,0.04,-0.26,-2.49,-0.49,0.76,0.19,-0.63,8.427,10.036,9.212,9.849,10.59,8.83,8.14,11.09,-0.001,-0.001,0.0,0.12,0.01,-121.7549324,36.5859788,131.9
-21.6,2.5,0.0,3.63,0.64,-0.28,-2.84,0.28,0.27,0.2,-0.62,11.409,7.456,8.711,8.123,9.71,10.01,8.24,10.01,-0.001,-0.001,0.001,-0.16,-0.01,-121.7549339,36.5859798,131.95
-21.1,2.5,0.0,3.62,0.15,-0.12,-3.0,-0.63,0.62,0.2,-0.59,10.33,9.643,10.153,9.81,10.4,9.12,10.79,8.53,-0.001,-0.001,0.001,-0.11,-0.01,-121.7549355,36.5859808,132.0
-20.7,2.5,0.0,3.61,0.03,0.1,-2.74,0.69,-0.41,0.23,-0.62,8.672,10.958,9.241,9.388,9.71,10.1,10.5,9.32,-0.001,-0.001,0.001,0.06,0.0,-121.754937,36.5859819,132.05
-20.3,2.5,0.0,3.62,0.17,-0.03,-2.59,1.34,-1.17,0.28,-0.65,9.015,9.3,10.114,8.692,9.12,10.01,10.01,10.2,-0.001,-0.001,0.0,0.08,0.01,-121.7549386,36.5859829,132.1
-20.1,2.5,0.0,3.63,0.3,0.12,-2.7,-1.64,-0.28,0.25,-0.68,9.113,9.182,10.251,9.673,9.71,10.01,8.24,10.2,-0.001,-0.001,0.0,0.1,0.01,-121.7549401,36.5859839,132.15
-19.6,2.5,0.0,3.63,0.21,-0.1,-2.44,-0.6,-0.01,0.22,-0.68,9.614,8.083,9.27,8.525,10.1,9.91,9.61,10.89,-0.0,-0.001,0.001,0.23,0.01,-121.7549417,36.585985,132.2
-18.8,2.5,0.0,3.63,0.32,-0.41,-2.46,-0.88,0.69,0.22,-0.66,11.497,8.947,9.859,10.281,11.58,9.03,7.85,9.61,-0.0,-0.001,0.001,0.24,0.02,-121.7549432,36.585986,132.25
-17.3,2.5,0.0,3.62,-0.15,-0.22,-2.13,0.2,-1.01,0.23,-0.65,5.945,13.391,8.858,10.713,8.34,12.16,8.83,13.34,-0.001,-0.001,0.0,0.19,0.01,-121.7549448,36.5859871,132.3
-15.3,2.5,0.0,3.63,0.29,-0.2,-2.33,-1.39,0.1,0.18,-0.64,10.742,10.457,9.928,10.644,8.53,10.69,10.2,9.52,-0.001,-0.001,0.0,0.17,0.01,-121.7549463,36.5859881,132.35
-14.2,2.5,0.0,3.64,0.22,0.61,-2.02,-2.8,-1.06,0.1,-0.67,8.917,10.84,9.388,9.947,9.91,10.1,8.83,8.73,-0.001,-0.001,0.0,0.55,0.03,-121.7549479,36.5859892,132.4
-11.7,2.5,0.0,3.63,0.06,-0.27,-1.15,0.05,2.3,0.11,-0.64,8.819,8.917,11.174,8.888,9.12,10.99,11.09,8.44,-0.001,-0.001,0.0,0.59,0.04,-121.7549494,36.5859902,132.45
-9.5,2.5,0.0,3.65,0.38,-0.07,-1.08,-0.66,-0.08,0.11,-0.66,9.869,10.026,9.516,9.555,11.58,9.12,9.52,8.53,-0.001,-0.001,0.0,0.46,0.03,-121.7549509,36.5859913,132.5
-7.7,2.5,0.0,3.64,0.12,0.27,-1.26,-0.69,1.23,0.07,-0.62,9.467,10.418,8.917,8.24,12.65,7.36,9.81,9.71,-0.001,-0.001,0.0,0.55,0.04,-121.7549525,36.5859924,132.55
-5.0,2.5,0.0,3.64,0.29,-0.1,-1.15,0.63,-0.45,0.09,-0.63,9.938,9.3,9.427,10.33,10.99,9.12,8.14,11.38,-0.001,-0.001,0.0,0.59,0.04,-121.754954,36.5859934,132.6
-2.6,2.5,0.0,3.66,0.23,0.12,-0.56,0.51,-0.99,0.11,-0.67,9.761,9.692,11.174,10.448,10.89,10.1,10.3,10.59,-0.001,-0.001,0.0,0.73,0.05,-121.7549556,36.5859945,132.65
-0.7,2.5,0.0,3.66,-0.08,0.18,-0.11,0.3,0.75,0.11,-0.63,9.329,9.771,10.467,9.457,11.28,8.73,8.73,10.4,-0.001,-0.001,0.0,0.78,0.05,-121.7549572,36.5859956,132.7
0.6,2.5,0.0,3.67,0.24,0.57,-0.2,0.6,0.47,0.13,-0.62,9.771,9.771,9.349,9.996,11.18,10.4,8.93,9.91,-0.0,-0.001,0.0,0.95,0.06,-121.7549587,36.5859966,132.75
1.2,2.5,0.0,3.67,0.27,0.14,-0.23,0.57,1.0,0.13,-0.57,10.977,8.947,8.594,8.289,10.1,9.71,10.3,9.71,-0.001,-0.001,0.001,0.82,0.05,-121.7549603,36.5859977,132.8
1.4,2.5,0.0,3.68,0.57,0.12,-0.43,0.08,-1.39,0.11,-0.61,10.477,8.662,9.957,9.996,9.12,9.32,7.75,11.67,-0.001,-0.001,0.001,1.22,0.08,-121.7549618,36.5859988,132.85
1.3,2.5,0.0,3.68,0.4,0.1,-0.3,0.28,-0.35,0.11,-0.6,10.153,9.663,10.163,10.428,9.03,9.12,7.65,9.52,-0.001,-0.001,0.0,0.89,0.06,-121.7549634,36.5859998,132.9
1.3,2.5,0.0,3.69,0.09,0.37,-0.06,-2.3,0.58,0.02,-0.61,9.879,9.3,9.31,10.281,10.5,9.32,7.75,9.32,-0.001,-0.001,0.0,1.04,0.07,-121.754965,36.5860009,132.95
1.4,2.5,0.0,3.7,0.02,-0.29,0.04,-0.29,0.21,-0.0,-0.6,9.624,10.045,10.075,9.31,9.61,10.01,10.5,8.24,-0.001,-0.001,0.0,0.95,0.06,-121.7549666,36.586002,133.0
1.4,2.5,0.0,3.71,0.62,-0.02,0.32,-0.61,-0.97,0.01,-0.61,8.966,10.791,10.271,8.338,9.42,9.91,11.67,9.61,-0.001,-0.001,0.0,0.85,0.06,-121.7549681,36.5860031,133.05
1.5,2.5,0.0,3.71,0.57,-0.1,0.24,-0.76,1.86,0.02,-0.57,10.752,9.476,9.359,10.065,11.48,11.28,9.81,9.61,-0.001,-0.001,0.0,0.98,0.06,-121.7549697,36.5860041,133.1
1.5,2.5,0.0,3.72,-0.11,0.29,-0.48,1.59,-1.14,0.01,-0.58,9.908,9.849,10.134,10.065,11.87,8.83,9.81,9.32,-0.001,-0.001,0.0,0.95,0.06,-121.7549713,36.5860052,133.15
1.4,2.6,0.0,3.73,0.31,0.36,-0.31,0.0,0.14,0.02,-0.6,9.202,9.437,9.3,9.643,8.93,9.22,9.42,11.48,-0.001,-0.001,0.0,0.88,0.06,-121.7549729,36.5860063,133.2
1.5,2.5,0.0,3.73,0.47,-0.12,0.32,-0.56,-0.21,-0.01,-0.61,9.3,8.957,9.526,9.27,9.81,9.71,10.2,10.99,-0.001,-0.001,0.0,0.96,0.06,-121.7549745,36.5860074,133.25
1.5,2.5,0.0,3.73,0.47,0.24,-0.17,-0.45,0.82,-0.04,-0.57,11.193,8.633,8.495,9.849,11.97,9.61,9.61,9.81,-0.001,-0.001,0.0,1.0,0.07,-121.7549761,36.5860085,133.3
1.5,2.5,0.0,3.75,0.28,0.25,-0.03,1.99,-0.47,-0.01,-0.55,9.418,11.203,10.144,9.81,9.81,11.38,9.61,9.22,-0.001,-0.001,0.0,0.95,0.06,-121.7549777,36.5860096,133.35
1.5,2.5,0.0,3.74,0.05,-0.3,-0.19,-0.78,-0.03,-0.02,-0.59,8.486,11.223,10.781,9.506,8.44,10.01,11.28,8.73,-0.001,-0.001,0.0,0.7,0.05,-121.7549792,36.5860107,133.4
1.5,2.5,0.0,3.74,-0.18,-0.05,-0.26,-0.81,0.45,-0.05,-0.59,9.329,8.535,10.193,9.996,10.2,8.83,10.2,10.69,-0.001,-0.001,0.0,0.84,0.05,-121.7549808,36.5860118,133.45
1.5,2.4,0.0,3.73,0.14,-0.04,-0.65,-0.24,-0.07,-0.05,-0.6,9.545,8.701,9.339,9.408,10.69,9.12,9.03,9.52,-0.001,-0.001,0.0,0.96,0.06,-121.7549824,36.5860129,133.5
1.5,2.4,0.0,3.72,-0.22,-0.02,-0.1,-1.53,1.75,-0.1,-0.53,8.898,9.231,9.908,8.957,10.5,9.71,10.1,9.71,-0.001,-0.001,0.0,0.9,0.06,-121.754984,36.586014,133.55
1.5,2.4,0.0,3.72,0.07,0.4,-0.38,0.46,-1.11,-0.1,-0.57,9.555,10.82,10.32,9.339,12.07,7.65,9.91,9.81,-0.001,-0.001,0.0,1.01,0.07,-121.7549856,36.586015,133.6
2.0,2.4,0.0,3.69,-0.4,-0.9,0.04,0.5,1.95,-0.08,-0.52,11.586,6.739,9.722,9.79,9.71,9.12,9.61,9.81,-0.001,-0.001,0.0,0.59,0.04,-121.7549872,36.5860161,133.65
2.0,2.3,0.0,3.68,-0.09,0.67,-0.72,0.09,-2.75,-0.05,-0.57,9.869,10.006,9.614,10.144,10.99,10.2,8.14,12.26,-0.001,-0.001,0.0,0.75,0.05,-121.7549887,36.5860172,133.7
1.9,2.3,0.0,3.67,0.09,-0.31,-0.08,1.59,1.1,-0.04,-0.54,10.605,7.446,8.957,9.977,9.42,10.2,8.53,10.89,-0.001,-0.001,0.0,0.68,0.04,-121.7549903,36.5860183,133.75
1.7,2.3,0.0,3.66,-0.12,0.21,-0.1,0.09,-3.18,-0.06,-0.59,6.533,10.987,10.771,10.016,10.3,9.61,9.32,10.79,-0.001,-0.001,0.0,0.84,0.05,-121.7549919,36.5860194,133.8
1.9,2.3,0.0,3.66,-0.31,-0.29,0.44,-2.24,3.03,-0.11,-0.51,10.114,9.977,9.015,9.928,9.81,10.69,8.34,8.14,-0.001,-0.001,0.0,1.01,0.06,-121.7549934,36.5860204,133.85
2.1,2.3,0.0,3.63,-0.06,0.05,-0.22,1.17,-0.51,-0.09,-0.51,9.467,11.537,10.104,9.604,9.42,9.42,10.2,9.12,-0.001,-0.001,0.0,0.87,0.05,-121.754995,36.5860215,133.9
2.4,2.3,0.0,3.62,-0.25,-0.68,0.25,-0.34,-1.16,-0.08,-0.55,9.104,9.643,9.064,11.026,8.93,10.79,10.2,11.97,-0.001,-0.001,0.0,0.67,0.04,-121.7549965,36.5860225,133.95
2.6,2.3,0.0,3.62,-0.14,-0.23,0.14,-1.14,-0.58,-0.11,-0.57,8.231,10.291,11.056,9.643,9.22,10.4,10.69,10.01,-0.001,-0.001,0.0,0.61,0.04,-121.7549981,36.5860236,134.0
2.6,2.3,0.0,3.6,0.31,0.07,-0.24,-0.19,0.32,-0.1,-0.57,8.819,10.075,8.839,10.163,9.12,10.4,8.44,10.59,-0.001,-0.001,0.0,0.96,0.06,-121.7549996,36.5860247,134.05
2.6,2.3,0.0,3.6,0.05,0.39,-0.09,-0.32,-0.76,-0.12,-0.55,8.78,9.888,9.025,9.025,11.97,9.81,7.75,10.79,-0.001,-0.001,0.0,1.02,0.06,-121.7550012,36.5860257,134.1
2.7,2.3,0.0,3.6,0.13,-0.4,0.0,-1.17,0.29,-0.18,-0.55,10.075,9.329,10.104,9.771,12.46,10.01,9.42,10.99,-0.001,-0.001,0.0,0.99,0.06,-121.7550027,36.5860268,134.15
3.2,2.3,0.0,3.59,0.05,-0.5,0.12,1.14,-1.4,-0.16,-0.58,10.31,8.594,10.222,10.811,10.2,8.93,9.71,10.69,-0.001,-0.001,0.0,0.81,0.05,-121.7550042,36.5860278,134.2
3.6,2.3,0.0,3.57,0.14,-0.49,0.09,1.22,0.18,-0.11,-0.56,9.28,9.035,9.055,10.163,10.5,9.42,8.93,11.97,-0.001,-0.001,0.0,0.58,0.04,-121.7550058,36.5860289,134.25
3.9,2.3,0.0,3.57,0.17,0.43,-0.07,-0.52,-0.72,-0.13,-0.57,11.164,9.545,9.663,9.31,12.16,9.12,10.4,8.53,-0.001,-0.001,0.0,0.77,0.05,-121.7550073,36.5860299,134.3
3.9,2.3,0.0,3.55,0.18,0.07,-0.06,0.94,1.17,-0.1,-0.55,9.604,9.83,9.722,9.408,10.01,10.01,10.4,8.73,-0.001,-0.001,0.0,0.95,0.06,-121.7550088,36.586031,134.35
3.9,2.3,0.0,3.55,-0.05,-0.05,0.09,-0.25,-1.79,-0.12,-0.59,10.202,8.505,9.378,10.261,10.01,8.53,9.52,10.3,-0.001,-0.001,0.0,1.01,0.06,-121.7550103,36.586032,134.4
4.0,2.4,0.0,3.55,0.11,-0.33,0.23,-0.69,0.74,-0.14,-0.57,9.31,9.771,9.064,10.094,9.61,8.24,9.42,10.2,-0.001,-0.001,0.0,0.92,0.06,-121.7550119,36.586033,134.45
4.4,2.4,0.0,3.54,-0.12,-0.33,0.23,1.31,-1.95,-0.12,-0.6,9.977,9.192,8.721,9.221,10.01,8.73,9.61,10.5,-0.001,-0.001,0.0,0.92,0.06,-121.7550134,36.5860341,134.5
4.7,2.4,0.0,3.53,0.22,-0.14,0.04,-0.86,-0.9,-0.16,-0.64,9.565,9.516,10.987,10.644,10.4,8.63,10.69,8.83,-0.001,-0.001,0.0,0.86,0.05,-121.7550149,36.5860351,134.55
4.9,2.4,0.0,3.52,-0.13,0.09,0.25,0.47,-0.87,-0.13,-0.65,8.603,9.143,9.918,10.379,9.03,10.5,7.65,11.09,-0.001,-0.001,0.0,0.98,0.06,-121.7550164,36.5860361,134.6
5.2,2.4,0.0,3.51,0.37,-0.23,0.37,-0.28,1.21,-0.14,-0.62,10.134,10.281,8.78,9.575,10.99,10.4,10.5,10.1,-0.001,-0.001,0.0,0.87,0.05,-121.7550179,36.5860372,134.65
5.2,2.4,0.0,3.52,0.29,0.45,0.37,-1.29,-0.19,-0.21,-0.61,8.76,9.839,9.673,9.006,11.97,10.4,8.53,9.12,-0.001,-0.001,0.0,1.12,0.07,-121.7550194,36.5860382,134.7
5.9,2.4,0.0,3.51,0.22,-0.06,0.63,0.36,-0.3,-0.21,-0.62,7.887,11.998,10.104,10.399,10.01,10.69,8.44,10.69,-0.001,-0.001,0.0,1.15,0.07,-121.7550209,36.5860392,134.75
6.1,2.4,0.0,3.49,-0.24,-0.73,0.37,-0.65,-1.38,-0.22,-0.65,10.86,9.369,9.182,11.644,10.01,9.12,9.52,11.38,-0.001,-0.001,0.0,0.83,0.05,-121.7550224,36.5860402,134.8
6.5,2.4,0.0,3.49,-0.03,-0.06,0.36,-0.76,0.45,-0.22,-0.63,9.928,7.789,8.976,10.948,10.01,10.89,9.32,9.32,-0.001,-0.001,0.0,0.85,0.05,-121.7550239,36.5860412,134.85
6.8,2.4,0.0,3.49,0.02,0.17,0.29,1.42,0.14,-0.2,-0.61,7.485,10.693,9.565,10.065,9.61,10.3,10.3,8.63,-0.001,-0.001,0.0,0.88,0.05,-121.7550254,36.5860423,134.9
6.9,2.4,0.0,3.49,0.06,-0.15,0.57,-0.82,0.04,-0.23,-0.59,9.349,11.488,8.809,9.457,8.44,10.5,10.79,8.93,-0.001,-0.001,0.0,1.12,0.07,-121.7550269,36.5860433,134.95
6.9,2.4,0.0,3.48,-0.12,0.31,-0.05,-1.2,0.05,-0.24,-0.59,9.633,10.251,9.996,10.497,9.42,9.52,9.61,9.61,-0.001,-0.001,0.0,1.12,0.07,-121.7550284,36.5860443,135.0
7.7,2.4,0.0,3.47,-0.48,-0.0,0.5,-0.4,0.77,-0.23,-0.59,9.947,10.673,9.182,9.849,8.73,10.2,11.38,10.2,-0.001,-0.001,0.0,0.97,0.06,-121.7550299,36.5860453,135.05
8.0,2.4,0.0,3.47,0.18,0.11,0.82,-0.06,-1.4,-0.24,-0.62,8.584,9.663,9.035,9.692,8.93,10.5,10.5,8.44,-0.001,-0.001,0.0,1.08,0.07,-121.7550314,36.5860463,135.1
8.6,2.4,0.0,3.47,0.02,-0.2,0.42,0.03,1.02,-0.25,-0.59,11.125,8.476,9.898,9.898,10.2,9.32,11.48,8.44,-0.0,-0.001,0.001,1.1,0.07,-121.7550329,36.5860473,135.15
8.9,2.4,0.0,3.46,0.09,0.24,0.78,-0.87,0.86,-0.25,-0.58,9.545,9.006,10.399,9.947,10.5,9.91,9.32,8.83,-0.0,-0.001,0.001,0.9,0.05,-121.7550344,36.5860483,135.2
9.7,2.4,0.0,3.46,-0.01,0.13,1.03,1.37,-0.6,-0.24,-0.58,9.898,10.242,10.075,10.212,12.07,7.55,10.01,10.69,-0.001,-0.001,0.0,1.01,0.06,-121.7550359,36.5860493,135.25
11.1,2.4,0.0,3.44,0.12,0.1,0.81,-2.65,0.87,-0.35,-0.55,11.007,7.936,10.291,9.408,9.71,9.12,7.06,9.42,-0.001,-0.001,0.0,1.14,0.07,-121.7550374,36.5860503,135.3
13.2,2.4,0.0,3.44,-0.46,-0.13,0.55,1.52,-1.05,-0.33,-0.58,11.36,9.182,8.907,9.555,10.99,9.71,9.22,11.77,-0.001,-0.001,0.0,1.14,0.07,-121.7550389,36.5860512,135.35
14.4,2.4,0.0,3.44,-0.06,0.16,1.05,-0.28,0.0,-0.35,-0.6,9.535,7.534,10.909,9.055,9.71,10.79,8.44,9.71,-0.001,-0.001,0.0,1.17,0.07,-121.7550404,36.5860522,135.4
16.8,2.4,0.0,3.43,-0.15,0.02,1.47,1.51,-0.08,-0.33,-0.6,7.887,10.713,9.437,10.094,9.61,10.3,10.99,10.89,-0.0,-0.001,0.0,1.21,0.07,-121.7550419,36.5860532,135.45
18.9,2.4,0.0,3.43,-0.05,-0.12,1.24,-0.85,1.26,-0.34,-0.55,9.535,8.996,9.516,9.241,10.01,9.71,10.1,8.44,-0.001,-0.001,0.0,1.29,0.08,-121.7550434,36.5860541,135.5
20.6,2.4,0.0,3.43,-0.22,0.2,1.4,-0.29,-0.6,-0.35,-0.55,10.242,10.183,9.888,9.692,10.2,9.91,10.1,8.93,-0.001,-0.001,0.0,1.39,0.08,-121.7550449,36.5860551,135.55
22.2,2.4,0.0,3.43,0.09,0.5,1.68,0.43,-0.95,-0.36,-0.56,10.722,9.781,10.938,10.565,10.01,8.44,9.91,8.83,-0.001,-0.001,0.0,1.59,0.1,-121.7550464,36.5860561,135.6
23.6,2.4,0.0,3.42,-0.19,0.29,1.89,-0.81,0.16,-0.39,-0.57,9.702,9.153,9.673,9.771,11.97,9.81,9.32,8.73,-0.001,-0.001,0.0,1.74,0.1,-121.7550479,36.5860571,135.65
25.2,2.4,0.0,3.41,-0.05,-0.03,1.96,-0.99,-0.4,-0.43,-0.58,10.085,8.937,8.025,9.359,11.09,9.61,9.61,10.2,-0.0,-0.001,0.001,1.62,0.1,-121.7550494,36.586058,135.7
26.2,2.4,0.0,3.41,0.04,0.24,2.29,-0.42,0.09,-0.44,-0.56,10.065,9.869,9.094,9.928,11.09,9.03,7.85,10.3,-0.0,-0.001,0.001,1.49,0.09,-121.7550509,36.586059,135.75
26.7,2.5,0.0,3.4,0.29,-0.12,2.42,2.14,-0.0,-0.37,-0.6,11.703,8.211,9.732,9.526,8.34,8.44,10.2,10.89,-0.001,-0.001,0.001,1.56,0.09,-121.7550524,36.58606,135.8
26.9,2.4,0.0,3.4,-0.34,0.09,2.08,-1.03,-0.21,-0.41,-0.6,9.526,9.32,10.605,10.094,12.16,8.93,5.49,11.28,-0.001,-0.001,0.0,1.55,0.09,-121.7550539,36.5860609,135.85
27.0,2.4,0.0,3.4,-0.19,0.49,2.3,-0.07,0.02,-0.42,-0.57,11.232,8.79,9.369,9.624,10.01,9.81,6.77,10.2,-0.001,-0.001,0.0,1.75,0.1,-121.7550554,36.5860619,135.9
27.0,2.5,0.0,3.4,-0.35,0.04,2.26,0.58,-0.03,-0.4,-0.57,8.829,11.527,8.868,10.565,9.22,10.59,9.91,8.53,-0.001,-0.001,0.0,1.59,0.09,-121.7550569,36.5860628,135.95
26.5,2.5,0.0,3.4,0.09,-0.23,2.54,0.23,-0.63,-0.4,-0.6,9.908,8.535,10.418,9.055,9.61,9.52,11.28,8.73,-0.001,-0.001,0.0,1.55,0.09,-121.7550584,36.5860638,136.0
26.1,2.5,0.0,3.39,-0.01,0.36,2.58,-0.22,0.85,-0.44,-0.57,8.721,10.713,10.713,9.79,10.01,9.61,9.42,9.22,-0.001,-0.0,0.0,1.69,0.1,-121.7550599,36.5860647,136.05
25.4,2.5,0.0,3.39,-0.11,0.12,2.4,1.53,-0.87,-0.39,-0.59,10.183,9.918,8.083,9.192,9.12,10.59,8.44,11.09,-0.001,-0.001,0.0,1.56,0.09,-121.7550614,36.5860657,136.1
25.0,2.5,0.0,3.39,0.18,-0.45,1.92,-1.5,-0.11,-0.41,-0.6,8.858,10.83,10.418,10.781,9.52,10.2,11.09,9.61,-0.001,-0.001,-0.0,1.56,0.09,-121.7550629,36.5860666,136.15
23.8,2.5,0.0,3.39,0.26,-0.16,2.15,0.81,-1.8,-0.4,-0.68,8.888,10.134,9.957,9.79,9.32,9.03,8.53,11.48,-0.001,-0.001,-0.0,1.67,0.1,-121.7550644,36.5860676,136.2
23.2,2.5,0.0,3.39,0.22,-0.25,1.9,-0.27,-0.6,-0.41,-0.72,10.104,9.261,8.947,8.888,10.2,9.52,8.73,10.2,-0.001,-0.001,-0.0,1.72,0.1,-121.755066,36.5860685,136.25
22.7,2.5,0.0,3.39,0.4,0.04,1.98,-0.91,-1.56,-0.42,-0.78,9.918,9.545,8.917,9.741,9.42,9.81,9.32,10.3,-0.001,-0.0,-0.0,1.5,0.09,-121.7550675,36.5860694,136.3
22.4,2.6,0.0,3.39,-0.09,0.11,1.99,-1.06,0.22,-0.43,-0.78,8.427,10.84,10.565,9.604,9.52,10.69,10.1,8.63,-0.001,-0.001,-0.0,1.4,0.08,-121.755069,36.5860704,136.35
22.2,2.6,0.0,3.39,-0.02,0.55,1.54,-0.36,-0.84,-0.46,-0.83,9.771,8.701,10.762,9.928,11.18,9.71,11.67,10.2,-0.001,-0.001,-0.0,1.71,0.1,-121.7550705,36.5860713,136.4
22.2,2.6,0.0,3.38,-0.28,-0.24,1.7,0.27,1.43,-0.48,-0.81,10.742,9.486,9.172,10.35,10.1,9.61,11.18,7.95,-0.001,-0.001,-0.0,1.68,0.1,-121.755072,36.5860722,136.45
21.8,2.6,0.0,3.38,0.21,0.22,1.93,0.93,-1.49,-0.45,-0.85,10.379,9.624,9.015,9.476,10.3,9.61,10.01,9.22,-0.002,-0.001,-0.0,1.64,0.1,-121.7550735,36.5860731,136.5
21.7,2.6,0.0,3.4,0.04,0.08,1.75,-0.19,0.42,-0.46,-0.85,10.703,8.132,10.379,9.996,12.56,8.44,8.04,9.81,-0.001,-0.0,-0.0,1.37,0.08,-121.7550751,36.5860741,136.55
21.7,2.6,0.0,3.38,0.22,-0.24,1.79,2.59,-2.41,-0.39,-0.93,11.154,8.809,8.79,8.672,10.99,9.71,11.38,10.2,-0.001,-0.0,-0.0,1.17,0.07,-121.7550766,36.586075,136.6
21.0,2.6,0.0,3.39,0.27,0.73,1.68,-0.05,-0.92,-0.37,-0.97,7.789,11.409,9.918,10.781,11.38,9.32,9.91,8.24,-0.001,-0.0,-0.001,1.58,0.09,-121.7550781,36.5860759,136.65
20.6,2.6,0.0,3.39,-0.22,-0.32,2.42,1.73,0.41,-0.33,-0.98,9.83,9.702,9.506,10.065,11.97,11.48,9.22,8.93,-0.001,-0.001,-0.001,1.37,0.08,-121.7550796,36.5860768,136.7
20.0,2.6,0.0,3.39,0.54,0.69,1.69,0.68,-3.32,-0.33,-1.07,9.467,9.751,9.329,9.172,11.28,10.1,8.73,11.48,-0.001,-0.001,-0.001,1.6,0.09,-121.7550812,36.5860778,136.75
19.4,2.6,0.0,3.38,0.1,-0.06,1.68,-0.36,-0.26,-0.37,-1.11,10.526,6.906,9.378,11.046,10.4,7.75,9.32,11.58,-0.001,-0.001,-0.0,1.57,0.09,-121.7550827,36.5860787,136.8
18.1,2.6,0.0,3.38,0.12,-0.24,1.76,0.41,-1.03,-0.34,-1.14,7.976,9.202,10.84,10.693,9.32,11.09,8.83,8.73,-0.0,-0.0,-0.0,1.4,0.08,-121.7550842,36.5860796,136.85
18.0,2.6,0.0,3.38,0.21,-0.16,1.08,-0.97,1.52,-0.35,-1.09,7.21,12.38,9.781,8.76,8.83,11.67,10.1,11.18,-0.0,-0.0,0.0,1.26,0.07,-121.7550858,36.5860805,136.9
17.6,2.6,0.0,3.38,-0.17,0.47,1.94,-0.13,0.49,-0.37,-1.06,10.31,8.741,9.172,10.663,8.83,6.18,8.93,8.93,-0.0,-0.001,0.0,1.37,0.08,-121.7550873,36.5860814,136.95
17.6,2.6,0.0,3.39,0.01,0.03,1.79,1.18,1.86,-0.34,-1.02,9.81,9.565,10.428,9.457,10.1,9.22,9.52,9.61,-0.0,-0.001,0.0,1.54,0.09,-121.7550888,36.5860823,137.0
17.2,2.6,0.0,3.38,0.22,-0.21,1.38,0.57,-0.93,-0.32,-0.99,10.35,10.144,9.084,9.928,12.16,9.71,9.81,10.4,-0.001,-0.001,0.0,1.4,0.08,-121.7550904,36.5860832,137.05
16.8,2.6,0.0,3.39,0.12,0.01,0.99,-1.11,1.19,-0.4,-0.93,10.624,9.192,8.8,10.663,10.01,10.2,6.97,8.93,-0.001,-0.001,-0.0,1.44,0.08,-121.7550919,36.5860841,137.1
16.2,2.6,0.0,3.4,0.05,-0.17,0.83,0.49,-1.29,-0.37,-0.94,8.574,10.536,9.692,9.025,9.22,9.22,10.2,9.12,-0.001,-0.001,-0.0,1.43,0.08,-121.7550935,36.5860851,137.15
14.9,2.6,0.0,3.4,0.07,-0.24,1.14,-0.19,0.73,-0.37,-0.94,11.978,7.102,9.898,9.27,11.28,7.65,11.67,10.1,-0.0,-0.0,-0.0,1.43,0.09,-121.755095,36.586086,137.2
13.7,2.6,0.0,3.4,0.12,0.5,1.51,-0.07,1.37,-0.42,-0.89,8.211,8.986,10.418,9.879,11.58,9.22,7.75,9.52,-0.0,-0.0,-0.0,1.52,0.09,-121.7550966,36.5860869,137.25
13.0,2.6,0.0,3.41,0.23,-0.52,1.25,0.96,1.75,-0.38,-0.81,10.251,10.644,9.261,10.114,9.61,9.71,10.01,10.69,-0.001,-0.001,-0.0,1.14,0.07,-121.7550981,36.5860878,137.3
13.0,2.6,0.0,3.42,0.39,-0.26,0.85,0.96,0.78,-0.33,-0.74,10.144,10.467,10.781,10.016,10.01,10.69,8.63,10.2,-0.001,-0.002,0.0,1.05,0.06,-121.7550996,36.5860887,137.35
12.7,2.6,0.0,3.43,0.37,0.27,0.7,-0.03,0.29,-0.36,-0.71,8.839,10.556,9.957,8.79,10.79,9.91,11.09,10.5,-0.001,-0.001,0.0,1.18,0.07,-121.7551012,36.5860896,137.4
12.5,2.6,0.0,3.42,-0.16,-0.22,0.38,1.11,-0.25,-0.39,-0.71,10.938,8.338,8.898,11.164,10.69,8.63,9.32,10.79,-0.001,-0.001,0.0,1.27,0.08,-121.7551028,36.5860905,137.45
12.0,2.6,0.0,3.43,0.34,0.01,1.0,-1.97,0.66,-0.45,-0.67,8.809,8.996,9.555,9.673,9.22,10.89,7.65,7.75,-0.001,-0.001,0.0,1.49,0.09,-121.7551043,36.5860914,137.5
12.1,2.6,0.0,3.44,0.05,-0.69,1.37,-0.44,1.03,-0.46,-0.63,7.044,12.567,10.036,8.79,8.73,11.87,9.32,9.12,-0.001,-0.001,0.001,1.14,0.07,-121.7551059,36.5860923,137.55
12.1,2.6,0.0,3.44,0.06,-0.3,1.24,-0.89,-0.78,-0.45,-0.66,9.143,10.928,10.958,8.692,7.65,11.09,12.16,9.22,-0.001,-0.001,0.001,1.03,0.06,-121.7551074,36.5860932,137.6
11.8,2.6,0.0,3.45,0.28,0.14,0.7,-0.42,1.35,-0.43,-0.67,10.663,7.416,11.085,9.555,10.01,9.42,11.38,10.69,-0.001,-0.001,0.0,1.2,0.07,-121.755109,36.5860941,137.65
11.5,2.6,0.0,3.45,0.55,0.6,0.84,0.54,-2.27,-0.41,-0.73,9.663,9.82,9.908,8.456,11.28,7.85,9.61,13.05,-0.001,-0.001,0.0,1.4,0.08,-121.7551106,36.5860951,137.7
11.5,2.6,0.0,3.46,0.43,-0.51,0.99,-0.77,0.44,-0.41,-0.73,10.575,8.711,8.368,9.624,11.18,7.55,8.83,13.64,-0.001,-0.001,0.0,1.09,0.07,-121.7551121,36.586096,137.75
11.3,2.6,0.0,3.47,0.51,0.44,0.44,-0.69,-1.77,-0.44,-0.81,9.682,7.897,9.32,11.576,11.87,7.46,7.65,12.16,-0.0,-0.001,0.0,1.18,0.07,-121.7551137,36.5860969,137.8
11.3,2.6,0.0,3.47,-0.01,-0.03,1.16,1.6,1.18,-0.46,-0.78,10.771,7.877,9.251,11.88,10.69,9.71,10.5,11.09,-0.0,-0.0,0.0,1.29,0.08,-121.7551153,36.5860978,137.85
11.4,2.6,0.0,3.48,0.57,0.16,1.05,0.75,0.21,-0.43,-0.72,11.429,8.378,8.299,10.614,12.26,10.99,9.42,8.93,-0.0,-0.001,0.0,1.11,0.07,-121.7551169,36.5860987,137.9
11.3,2.6,0.0,3.48,0.22,0.45,0.98,-1.05,0.98,-0.49,-0.65,9.329,10.85,7.76,9.408,8.83,9.03,9.42,12.75,-0.001,-0.001,0.001,1.19,0.07,-121.7551184,36.5860996,137.95
11.2,2.6,0.0,3.5,0.42,0.25,0.68,0.86,-1.62,-0.47,-0.7,9.555,9.29,9.486,10.428,11.38,10.3,9.81,9.81,-0.001,-0.001,0.001,1.35,0.08,-121.75512,36.5861005,138.0
11.1,2.6,0.0,3.51,0.04,-0.29,1.03,-0.67,0.91,-0.5,-0.68,8.692,10.202,9.82,11.497,10.01,10.4,9.61,9.03,-0.001,-0.001,0.0,1.29,0.08,-121.7551216,36.5861014,138.05
10.7,2.6,0.0,3.52,0.12,-0.01,0.67,0.37,-0.67,-0.52,-0.68,10.752,10.134,9.506,11.095,7.75,10.5,9.81,8.93,-0.001,-0.001,-0.0,1.12,0.07,-121.7551232,36.5861023,138.1
10.3,2.6,0.0,3.52,0.33,-0.4,1.23,0.01,-0.09,-0.51,-0.66,10.791,9.614,8.113,10.811,11.77,10.89,9.81,11.48,-0.001,-0.001,0.0,1.1,0.07,-121.7551248,36.5861033,138.15
10.0,2.6,0.0,3.52,-0.11,-0.45,0.85,0.32,0.22,-0.46,-0.63,10.026,10.634,8.652,10.163,11.28,9.42,8.44,11.58,-0.001,-0.001,0.0,0.78,0.05,-121.7551264,36.5861042,138.2
9.1,2.6,0.0,3.53,0.18,0.07,0.7,1.85,-2.12,-0.42,-0.7,10.683,9.614,9.182,9.055,10.01,8.83,8.73,11.48,-0.001,-0.001,0.0,0.87,0.05,-121.755128,36.5861051,138.25
8.5,2.6,0.0,3.53,-0.06,-0.12,0.39,0.6,-0.52,-0.4,-0.72,8.24,9.79,10.536,10.663,9.91,10.99,7.46,9.71,-0.001,-0.001,-0.0,0.79,0.05,-121.7551297,36.586106,138.3
7.9,2.7,0.0,3.53,0.04,-0.29,0.28,-1.3,0.86,-0.44,-0.71,9.663,7.426,10.516,10.065,7.65,10.59,9.91,9.52,-0.001,-0.0,-0.0,1.02,0.06,-121.7551313,36.5861069,138.35
7.7,2.6,0.0,3.55,0.42,0.16,0.09,-0.67,0.49,-0.46,-0.67,9.79,9.28,10.163,8.809,9.22,10.01,9.12,8.53,-0.001,-0.0,-0.0,1.12,0.07,-121.7551329,36.5861079,138.4
7.4,2.6,0.0,3.55,0.18,-0.49,0.78,-0.21,2.2,-0.47,-0.61,10.389,9.81,9.349,9.29,9.32,10.99,12.75,8.14,-0.001,-0.001,-0.0,0.89,0.06,-121.7551345,36.5861088,138.45
7.2,2.6,0.0,3.55,0.25,-0.17,0.32,0.36,-1.3,-0.49,-0.65,9.163,10.31,9.055,10.86,9.42,10.89,10.2,8.83,-0.001,-0.001,-0.0,0.76,0.05,-121.7551361,36.5861097,138.5
7.2,2.6,0.0,3.56,0.56,-0.32,0.9,2.67,-1.34,-0.43,-0.68,10.232,10.732,9.045,8.123,9.61,10.89,9.12,9.12,-0.001,-0.001,-0.0,0.81,0.05,-121.7551378,36.5861106,138.55
7.1,2.6,0.0,3.58,0.15,-0.28,0.79,-1.39,-1.55,-0.45,-0.74,8.182,10.497,9.339,10.33,9.42,9.81,9.81,8.04,-0.001,-0.001,-0.0,0.73,0.05,-121.7551395,36.5861116,138.6
7.1,2.6,0.0,3.58,0.06,0.24,0.59,1.72,-2.02,-0.42,-0.84,10.016,8.829,10.271,9.692,9.61,8.44,6.18,8.73,-0.001,-0.0,-0.0,0.99,0.06,-121.7551411,36.5861125,138.65
6.9,2.6,0.0,3.58,0.39,-0.39,-0.05,-0.91,-0.39,-0.41,-0.87,9.584,10.928,9.045,9.692,11.67,9.22,10.2,10.4,-0.001,-0.001,-0.001,0.87,0.05,-121.7551427,36.5861134,138.7
7.0,2.6,0.0,3.59,0.22,-0.06,0.56,-0.18,-1.27,-0.38,-0.91,11.586,6.877,10.546,10.094,11.38,8.44,9.32,8.73,-0.001,-0.001,-0.001,0.68,0.04,-121.7551444,36.5861143,138.75
7.0,2.6,0.0,3.58,0.12,0.23,0.05,1.88,0.37,-0.31,-0.89,8.486,9.692,10.556,9.79,10.1,9.61,7.95,8.34,-0.001,-0.0,-0.001,0.59,0.04,-121.755146,36.5861153,138.8
6.9,2.6,0.0,3.59,0.11,-0.09,0.38,2.54,0.47,-0.22,-0.88,8.535,10.222,8.338,9.104,9.91,10.99,10.89,12.36,-0.001,-0.0,-0.0,0.58,0.04,-121.7551477,36.5861162,138.85
6.5,2.6,0.0,3.59,0.01,0.49,-0.1,-2.25,0.28,-0.3,-0.86,9.604,9.977,9.378,11.262,9.42,10.1,11.97,10.59,-0.001,-0.0,-0.001,0.84,0.05,-121.7551493,36.5861171,138.9
5.3,2.6,0.0,3.58,0.07,0.41,0.24,0.2,2.18,-0.32,-0.77,11.262,10.193,9.947,9.339,10.89,9.12,11.09,8.53,-0.001,-0.001,-0.001,1.1,0.07,-121.7551509,36.5861181,138.95
5.0,2.6,0.0,3.59,-0.06,-0.01,0.61,-0.44,1.92,-0.35,-0.7,9.045,11.272,9.575,9.457,11.18,8.14,9.42,9.81,-0.002,-0.001,-0.001,1.14,0.07,-121.7551526,36.586119,139.0
4.5,2.6,0.0,3.59,0.35,-0.32,0.54,0.49,-0.03,-0.37,-0.7,6.798,11.517,9.535,10.144,9.32,9.22,10.5,9.81,-0.001,-0.0,-0.001,0.85,0.05,-121.7551542,36.5861199,139.05
4.0,2.6,0.0,3.59,0.31,-0.46,0.57,-0.37,-0.15,-0.37,-0.69,6.602,11.321,10.497,8.907,10.5,9.12,9.91,12.95,-0.001,-0.0,-0.0,0.67,0.04,-121.7551559,36.5861208,139.1
3.6,2.6,0.0,3.59,0.19,-0.19,0.07,1.08,1.35,-0.31,-0.61,9.555,10.516,10.134,10.065,10.89,9.22,8.73,9.71,-0.001,-0.001,-0.0,0.46,0.03,-121.7551575,36.5861218,139.15
3.3,2.6,0.0,3.59,0.19,0.79,-0.17,0.0,0.89,-0.3,-0.56,8.574,11.183,9.879,9.025,9.52,9.71,9.03,9.61,-0.001,-0.001,-0.0,0.74,0.05,-121.7551592,36.5861227,139.2
3.0,2.6,0.0,3.6,0.32,0.16,0.35,1.0,1.29,-0.29,-0.5,8.603,11.772,9.251,8.388,11.18,10.99,9.52,10.59,-0.001,-0.001,-0.0,0.88,0.06,-121.7551608,36.5861236,139.25
3.0,2.6,0.0,3.6,0.2,-0.05,-0.15,-0.05,-0.27,-0.31,-0.43,10.82,9.555,9.516,9.27,10.79,11.18,8.93,8.73,-0.001,-0.001,-0.0,0.84,0.05,-121.7551624,36.5861246,139.3
2.6,2.6,0.0,3.6,-0.17,-0.13,0.13,0.85,-0.59,-0.25,-0.44,9.594,9.339,9.045,10.016,9.91,9.32,8.53,9.52,-0.001,-0.001,0.0,0.7,0.04,-121.7551641,36.5861255,139.35
2.5,2.6,0.0,3.6,0.36,0.21,0.09,1.51,1.29,-0.23,-0.43,10.036,8.535,9.967,9.104,9.32,9.12,9.52,9.12,-0.001,-0.001,0.0,0.55,0.03,-121.7551657,36.5861264,139.4
2.2,2.6,0.0,3.59,-0.02,0.33,-0.15,0.56,0.45,-0.23,-0.4,10.399,8.858,9.545,9.849,10.89,10.59,9.42,8.14,-0.001,-0.001,0.0,0.64,0.04,-121.7551674,36.5861274,139.45
2.0,2.6,0.0,3.61,0.82,-0.09,-0.13,-0.37,-0.64,-0.18,-0.4,12.066,7.348,8.907,9.408,10.4,11.18,9.22,10.2,-0.0,-0.001,0.001,0.59,0.04,-121.755169,36.5861283,139.5
1.9,2.6,0.0,3.61,-0.03,-0.1,0.0,-2.1,-0.11,-0.28,-0.39,12.38,8.309,9.192,9.074,13.44,8.53,9.81,11.28,-0.001,-0.001,0.001,0.59,0.04,-121.7551707,36.5861292,139.55
1.4,2.6,0.0,3.61,0.26,0.45,-0.41,-0.39,-1.22,-0.35,-0.44,12.017,8.986,9.898,10.595,10.99,9.32,10.3,9.71,-0.001,-0.001,0.0,0.97,0.06,-121.7551723,36.5861302,139.6
1.3,2.6,0.0,3.61,0.04,-0.29,-0.15,1.55,-1.54,-0.35,-0.48,9.535,9.231,8.907,11.743,11.28,10.01,9.22,7.65,-0.001,-0.001,0.0,0.78,0.05,-121.755174,36.5861311,139.65
1.4,2.6,0.0,3.61,-0.32,-0.75,-0.5,-0.8,-0.09,-0.4,-0.48,9.8,8.564,9.957,10.261,9.81,10.89,9.03,5.98,-0.001,-0.001,0.0,0.51,0.03,-121.7551757,36.5861321,139.7
1.3,2.6,0.0,3.62,0.03,-0.43,-0.02,0.46,-1.06,-0.38,-0.49,8.476,11.625,9.231,8.672,6.47,11.28,10.79,10.01,-0.001,-0.001,0.001,0.42,0.03,-121.7551773,36.586133,139.75
1.0,2.6,0.0,3.62,0.12,0.45,-0.37,-0.89,-1.6,-0.42,-0.58,9.202,10.968,9.996,8.927,9.52,10.3,12.46,11.28,-0.001,-0.001,0.001,0.62,0.04,-121.755179,36.586134,139.8
1.0,2.6,0.0,3.63,0.2,0.05,-0.25,3.0,-1.09,-0.36,-0.63,7.936,11.105,11.458,10.448,9.32,9.61,11.09,11.18,-0.001,-0.001,0.0,0.82,0.05,-121.7551806,36.5861349,139.85
0.7,2.6,0.0,3.64,0.21,-0.8,0.05,-0.43,0.3,-0.29,-0.61,8.289,10.801,8.191,10.546,8.63,8.83,9.42,10.99,-0.0,-0.001,0.0,0.45,0.03,-121.7551823,36.5861358,139.9
0.6,2.6,0.0,3.64,0.38,-0.48,-0.28,-0.74,0.77,-0.34,-0.58,10.614,9.212,9.202,8.957,9.81,10.69,9.61,9.22,-0.001,-0.001,0.001,0.38,0.02,-121.7551839,36.5861368,139.95
0.3,2.6,0.0,3.64,-0.01,0.22,-0.57,-0.91,0.22,-0.37,-0.59,10.742,9.212,9.369,11.448,10.79,10.89,11.09,9.81,-0.001,-0.001,0.001,0.62,0.04,-121.7551856,36.5861377,140.0
-0.2,2.6,0.0,3.64,-0.21,0.16,-0.24,-0.36,0.36,-0.34,-0.57,8.476,11.998,11.556,11.232,9.81,9.71,11.77,7.26,-0.001,-0.001,-0.0,0.66,0.04,-121.7551873,36.5861387,140.05
-0.4,2.6,0.0,3.65,0.22,-0.52,-0.36,-1.58,1.64,-0.41,-0.54,9.898,9.732,9.143,10.33,9.03,10.2,9.12,9.03,-0.001,-0.001,-0.0,0.53,0.03,-121.755189,36.5861396,140.1
-0.6,2.6,0.0,3.65,0.24,-0.27,-0.43,-1.4,-0.13,-0.44,-0.54,11.958,9.045,8.966,8.741,11.38,10.1,9.71,7.46,-0.001,-0.001,0.0,0.55,0.04,-121.7551906,36.5861406,140.15
-0.7,2.6,0.0,3.66,0.11,0.11,-0.31,-0.65,0.52,-0.46,-0.54,10.742,9.761,7.946,9.928,10.59,8.34,11.28,9.03,-0.001,-0.001,0.001,0.63,0.04,-121.7551923,36.5861415,140.2
-1.0,2.6,0.0,3.66,0.03,0.4,-0.08,1.24,-0.97,-0.48,-0.61,8.211,9.8,11.998,10.732,9.71,9.91,12.16,8.24,-0.001,-0.001,0.0,0.66,0.04,-121.755194,36.5861425,140.25
-1.0,2.6,0.0,3.66,-0.13,-0.5,0.37,-0.47,0.24,-0.49,-0.61,6.21,12.488,9.82,11.115,10.1,9.42,10.5,11.97,-0.001,-0.001,0.0,0.56,0.04,-121.7551957,36.5861434,140.3
-0.8,2.6,0.0,3.67,0.19,-0.65,0.04,-1.07,1.63,-0.49,-0.53,6.681,11.115,10.889,8.888,8.63,9.32,9.03,7.75,-0.001,-0.001,0.0,0.29,0.02,-121.7551973,36.5861444,140.35
-1.0,2.6,0.0,3.67,0.35,-0.11,-0.33,0.67,-0.14,-0.44,-0.53,8.172,10.673,9.369,9.055,9.12,9.32,7.65,9.91,-0.001,-0.001,0.0,0.44,0.03,-121.755199,36.5861453,140.4
-1.1,2.6,0.0,3.67,0.25,0.06,-0.45,0.42,1.36,-0.36,-0.5,7.014,11.644,10.663,10.35,9.32,8.24,8.63,8.73,-0.001,-0.0,0.0,0.34,0.02,-121.7552007,36.5861463,140.45
-1.2,2.6,0.0,3.67,0.18,0.03,-0.26,0.56,0.32,-0.35,-0.49,7.299,11.095,9.614,7.711,10.3,8.04,8.63,9.71,-0.001,-0.0,0.0,0.39,0.02,-121.7552024,36.5861472,140.5
-1.2,2.6,0.0,3.69,0.41,-0.09,-0.21,-1.81,0.47,-0.4,-0.45,10.928,9.31,8.594,9.241,10.89,10.59,8.93,10.5,-0.001,-0.0,0.0,0.57,0.04,-121.7552041,36.5861482,140.55
-1.2,2.6,0.0,3.7,0.39,0.3,-0.46,1.32,-1.35,-0.31,-0.46,8.858,10.281,9.947,9.673,10.2,9.03,9.32,11.28,-0.001,-0.001,0.0,0.46,0.03,-121.7552058,36.5861493,140.6
-1.1,2.6,0.0,3.69,0.08,-0.5,-0.23,-0.96,2.73,-0.34,-0.4,10.173,8.388,9.202,11.193,9.91,10.1,10.2,7.55,-0.001,-0.001,-0.001,0.38,0.02,-121.7552074,36.5861502,140.65
-1.3,2.6,0.0,3.71,0.5,-0.03,-1.06,0.92,-1.01,-0.34,-0.42,11.291,7.495,10.016,9.771,9.03,10.4,10.2,10.89,-0.001,-0.0,-0.001,0.54,0.03,-121.7552091,36.5861512,140.7
-1.4,2.6,0.0,3.71,0.24,0.31,-0.39,-0.86,1.35,-0.36,-0.35,9.732,10.114,9.123,8.76,10.1,8.14,9.32,10.99,-0.001,-0.0,-0.001,0.49,0.03,-121.7552108,36.5861521,140.75
-1.4,2.6,0.0,3.72,0.51,-0.46,-0.38,0.45,1.88,-0.37,-0.29,13.44,6.533,8.751,9.692,13.05,8.93,9.71,10.3,-0.001,-0.0,-0.001,0.38,0.02,-121.7552125,36.5861531,140.8
-1.2,2.6,0.0,3.72,0.15,0.34,-0.39,0.39,0.64,-0.36,-0.23,11.007,9.261,10.879,11.664,12.16,8.44,9.42,9.12,-0.001,-0.0,-0.001,0.31,0.02,-121.7552142,36.5861541,140.85
-1.1,2.6,0.0,3.72,0.23,0.29,-0.2,0.76,2.81,-0.36,-0.11,9.702,9.369,9.908,10.428,9.71,10.89,9.22,7.06,-0.002,-0.001,-0.001,0.49,0.03,-121.7552159,36.5861551,140.9
-1.2,2.6,0.0,3.74,0.45,-0.12,-0.27,-0.3,0.52,-0.38,-0.03,10.085,10.762,9.212,8.976,11.18,10.3,10.4,9.22,-0.002,-0.001,-0.001,0.4,0.03,-121.7552176,36.586156,140.95
-1.2,2.6,0.0,3.74,-0.21,-0.36,-0.14,0.11,0.28,-0.34,-0.01,6.524,12.312,9.947,9.172,9.12,10.69,9.32,8.34,-0.001,-0.001,-0.001,0.49,0.03,-121.7552193,36.586157,141.0
-1.1,2.6,0.0,3.76,-0.04,-0.24,0.17,1.13,0.24,-0.31,-0.03,8.113,10.35,10.222,9.575,8.93,8.83,10.01,10.79,-0.001,-0.0,-0.0,0.17,0.01,-121.755221,36.586158,141.05
-1.1,2.6,0.0,3.76,0.29,0.18,-0.2,1.47,-1.83,-0.26,-0.07,9.074,8.486,9.8,10.045,10.59,6.77,9.03,9.42,-0.0,-0.0,-0.0,0.41,0.03,-121.7552227,36.586159,141.1
-0.7,2.6,0.0,3.77,0.24,-0.13,0.14,-1.14,4.45,-0.26,0.05,8.074,9.378,9.212,9.31,9.52,8.83,9.22,9.22,0.0,-0.0,-0.0,0.25,0.02,-121.7552245,36.58616,141.15
-1.2,2.6,0.0,3.78,0.5,-0.05,-0.33,0.11,1.76,-0.26,0.11,7.505,5.857,9.28,8.809,6.28,5.0,11.48,8.53,0.001,0.0,-0.0,0.36,0.02,-121.7552262,36.586161,141.2
-1.5,2.6,0.0,3.8,0.03,-0.14,-0.6,-2.94,7.19,-0.34,0.39,11.752,7.024,8.338,10.644,19.03,11.09,6.18,10.2,0.001,-0.0,0.0,0.52,0.03,-121.7552279,36.586162,141.25
-1.7,2.6,0.0,3.81,0.26,0.43,-0.53,-0.63,2.86,-0.39,0.6,13.626,11.478,8.515,8.456,16.38,13.83,10.4,9.61,-0.002,-0.003,0.001,0.61,0.04,-121.7552296,36.586163,141.3
-1.3,2.6,0.0,3.82,-0.11,-0.31,-0.62,-0.99,-0.21,-0.45,0.62,12.851,11.674,9.996,11.026,10.99,10.79,12.85,9.12,-0.004,-0.005,0.001,0.45,0.03,-121.7552314,36.5861639,141.35
-1.3,2.6,0.0,3.82,-0.44,-0.41,0.08,-0.52,-4.03,-0.47,0.43,10.026,9.957,10.399,10.997,8.83,8.83,7.75,11.58,-0.004,-0.004,0.001,0.29,0.02,-121.7552331,36.586165,141.4
-1.2,2.6,0.0,3.83,0.59,-0.09,-0.39,2.46,-4.16,-0.4,0.22,9.526,8.603,9.761,9.339,7.06,10.2,9.61,10.4,-0.002,-0.002,0.001,0.15,0.01,-121.7552349,36.586166,141.45
-1.3,2.6,0.0,3.83,-0.03,0.04,-0.47,-0.08,-3.56,-0.37,0.07,6.524,9.123,9.957,7.956,7.16,10.59,8.83,10.99,-0.0,-0.001,0.001,0.25,0.02,-121.7552366,36.586167,141.5
-1.9,2.6,0.0,3.85,0.53,-0.29,-0.52,-0.08,-1.18,-0.34,-0.0,8.319,7.151,9.133,7.642,10.4,8.04,9.22,9.71,0.001,-0.0,0.001,0.19,0.01,-121.7552384,36.586168,141.55
-2.5,2.6,0.0,3.85,-0.18,-0.15,-0.48,-0.64,-0.53,-0.37,-0.05,8.692,10.242,9.506,9.977,9.52,9.71,9.91,11.58,0.001,-0.0,0.001,0.29,0.02,-121.7552401,36.586169,141.6
-3.8,2.6,0.0,3.86,0.12,0.09,-0.22,-1.09,-0.87,-0.42,-0.07,10.016,10.31,10.497,11.193,8.63,11.18,9.03,8.53,-0.0,-0.001,0.001,0.47,0.03,-121.7552419,36.58617,141.65
-3.9,2.6,0.0,3.87,0.2,0.13,-0.58,-1.53,-0.89,-0.48,-0.07,10.144,10.271,10.379,10.781,9.81,8.93,9.32,9.12,-0.001,-0.002,0.001,0.47,0.03,-121.7552436,36.586171,141.7
-3.8,2.6,0.0,3.88,0.32,-0.73,-0.9,0.74,-0.04,-0.44,-0.09,9.476,10.742,8.77,8.741,9.22,11.67,8.53,6.38,-0.001,-0.002,0.001,0.15,0.01,-121.7552454,36.586172,141.75
-3.9,2.6,0.0,3.9,0.36,-0.14,-0.97,0.12,-3.68,-0.43,-0.23,9.182,11.036,7.328,8.427,10.2,9.81,6.47,8.83,-0.001,-0.001,0.001,0.22,0.01,-121.7552471,36.5861731,141.8
-4.1,2.6,0.0,3.92,0.91,0.51,-1.01,-1.21,-6.34,-0.54,-0.48,10.271,8.407,7.583,6.161,6.38,10.69,7.06,5.2,-0.0,-0.001,0.002,0.41,0.03,-121.7552489,36.5861741,141.85
-4.2,2.6,0.0,3.93,-0.04,-1.07,-0.68,-3.78,-5.72,-0.62,-0.8,8.584,8.309,12.4,11.998,10.1,10.69,21.58,14.32,0.0,-0.0,0.001,0.35,0.02,-121.7552507,36.5861751,141.9
-4.2,2.6,0.0,3.92,-0.11,0.27,-0.66,0.68,-4.84,-0.57,-1.04,7.259,9.378,14.48,12.792,10.01,8.63,10.79,16.48,-0.0,0.0,-0.003,0.54,0.04,-121.7552525,36.5861762,141.95
-3.9,2.6,0.0,3.9,-0.02,-0.51,-0.5,-0.31,3.39,-0.59,-0.96,9.839,8.711,11.811,12.125,9.42,7.75,11.38,9.52,-0.001,-0.001,-0.005,0.1,0.01,-121.7552542,36.5861772,142.0
-3.5,2.6,0.0,3.91,0.33,0.24,-0.74,-0.74,2.98,-0.66,-0.77,11.183,10.467,9.957,8.123,11.18,8.63,8.34,6.67,-0.002,-0.002,-0.003,0.18,0.01,-121.755256,36.5861782,142.05
-3.8,2.6,0.0,3.93,0.54,0.03,-0.46,0.48,2.42,-0.63,-0.66,12.518,10.232,9.035,8.888,9.12,12.16,10.99,7.26,-0.002,-0.002,-0.001,0.26,0.02,-121.7552578,36.5861793,142.1
-4.2,2.6,0.0,3.93,0.31,-0.06,-0.91,0.88,-1.53,-0.58,-0.72,9.408,8.78,10.045,8.858,8.73,10.3,10.01,12.07,-0.002,-0.001,0.001,0.37,0.03,-121.7552596,36.5861803,142.15
-4.7,2.6,0.0,3.94,0.08,-0.47,-0.59,1.02,-2.06,-0.51,-0.81,7.475,9.3,9.29,10.144,10.69,10.2,9.91,9.42,-0.0,0.0,0.0,0.03,0.0,-121.7552613,36.5861813,142.2
-5.2,2.6,0.0,3.95,0.4,-0.33,-1.35,-0.77,-0.51,-0.5,-0.84,5.611,10.693,10.605,9.555,7.85,8.93,9.03,8.04,-0.0,0.0,-0.0,-0.06,-0.0,-121.7552631,36.5861824,142.25
-6.1,2.6,0.0,3.95,0.21,-0.52,-1.17,-0.74,1.68,-0.52,-0.79,8.701,9.702,10.909,9.928,10.01,10.5,8.93,8.83,-0.001,-0.0,-0.0,-0.04,-0.0,-121.7552649,36.5861834,142.3
-6.6,2.6,0.0,3.95,0.02,0.13,-0.94,-1.75,1.0,-0.56,-0.74,8.701,11.075,9.604,9.025,8.83,11.77,8.83,10.79,-0.001,-0.0,-0.001,0.3,0.02,-121.7552667,36.5861845,142.35
-7.0,2.6,0.0,3.95,0.67,-0.22,-1.19,1.05,2.2,-0.49,-0.66,12.459,8.034,8.809,8.26,10.89,8.73,10.01,11.09,-0.001,-0.001,-0.0,0.15,0.01,-121.7552685,36.5861855,142.4
-7.2,2.6,0.0,3.96,0.25,-0.04,-1.67,-0.48,-0.05,-0.5,-0.64,10.094,9.457,8.898,10.35,11.97,7.46,9.12,9.22,-0.001,-0.0,-0.0,-0.05,-0.0,-121.7552702,36.5861866,142.45
-7.8,2.6,0.0,3.97,0.38,0.12,-1.6,2.24,0.36,-0.47,-0.65,9.398,9.673,10.094,10.379,8.34,10.2,10.69,8.04,-0.001,0.0,-0.001,0.07,0.0,-121.755272,36.5861876,142.5
-7.8,2.6,0.0,3.96,0.14,-0.38,-1.4,1.83,-0.12,-0.41,-0.63,7.456,10.359,9.437,10.693,9.61,8.44,7.55,9.61,-0.001,-0.0,-0.001,-0.35,-0.02,-121.7552738,36.5861887,142.55
-7.8,2.6,0.0,3.98,-0.08,-0.19,-0.79,-0.01,0.76,-0.49,-0.58,8.25,9.8,9.369,9.388,9.22,11.77,13.24,11.09,-0.001,0.0,-0.001,0.01,0.0,-121.7552756,36.5861898,142.6
-7.4,2.6,0.0,3.98,0.16,0.54,-1.17,-0.55,-0.17,-0.47,-0.57,8.064,9.3,10.85,10.595,10.89,8.93,8.24,9.32,-0.001,0.0,-0.001,0.33,0.02,-121.7552773,36.5861908,142.65
-7.0,2.6,0.0,3.98,0.32,-0.29,-0.69,2.01,2.53,-0.42,-0.46,9.584,10.055,8.692,8.211,10.3,11.28,10.4,9.32,-0.001,-0.0,-0.001,0.19,0.01,-121.7552791,36.5861919,142.7
-6.3,2.6,0.0,3.99,0.53,-0.36,-1.29,-1.58,1.19,-0.45,-0.42,9.418,10.32,9.81,9.457,9.22,9.42,10.5,8.93,-0.001,-0.001,-0.0,-0.01,-0.0,-121.7552809,36.586193,142.75
-6.2,2.6,0.0,4.0,0.39,-0.68,-0.51,-0.02,1.1,-0.44,-0.39,11.056,8.613,8.888,8.79,9.22,11.18,11.87,13.34,-0.001,-0.001,0.001,0.13,0.01,-121.7552827,36.586194,142.8
-5.3,2.6,0.0,4.02,0.24,0.2,-0.81,-1.38,0.07,-0.45,-0.41,8.917,9.516,10.663,10.86,8.73,11.67,10.59,11.67,-0.001,-0.001,0.0,-0.02,-0.0,-121.7552845,36.5861951,142.85
-4.7,2.6,0.0,4.02,0.35,0.77,-1.03,1.96,1.55,-0.41,-0.39,10.075,10.369,10.762,9.604,6.97,9.32,13.54,9.61,-0.001,-0.001,0.0,0.28,0.02,-121.7552863,36.5861962,142.9
-4.9,2.6,0.0,4.03,0.49,-0.15,-0.13,-1.52,2.17,-0.48,-0.34,8.378,10.418,9.221,7.691,8.24,9.42,12.26,9.61,-0.0,-0.001,0.001,0.34,0.02,-121.7552881,36.5861973,142.95
-5.0,2.6,0.0,4.03,0.37,-0.63,-0.45,-3.53,-0.04,-0.59,-0.34,10.173,7.102,9.712,9.074,10.99,10.89,9.61,13.24,-0.0,-0.001,0.001,0.18,0.01,-121.7552899,36.5861984,143.0
-5.0,2.6,0.0,4.04,0.47,-0.28,-0.03,-1.47,-0.54,-0.65,-0.32,10.281,8.996,9.839,8.957,9.71,7.95,8.44,12.85,-0.0,-0.001,0.002,0.31,0.02,-121.7552917,36.5861995,143.05
-4.7,2.6,0.0,4.05,0.06,-0.62,-0.08,-0.96,0.87,-0.69,-0.3,9.486,9.722,10.585,8.907,9.52,9.71,8.83,9.32,-0.001,-0.002,0.002,0.08,0.01,-121.7552935,36.5862005,143.1
-4.5,2.6,0.0,4.06,-0.25,-0.36,-0.64,1.45,-0.99,-0.62,-0.31,7.789,10.32,10.448,10.713,9.71,8.53,6.97,9.61,-0.001,-0.001,0.002,0.09,0.01,-121.7552953,36.5862016,143.15
-4.2,2.6,0.0,4.06,-0.08,-0.24,-0.67,2.1,2.17,-0.53,-0.26,11.684,8.829,9.055,9.359,11.58,12.26,9.03,9.81,-0.0,-0.001,0.002,-0.08,-0.01,-121.7552971,36.5862027,143.2
-4.4,2.6,0.0,4.08,0.87,0.32,-1.5,1.78,-1.89,-0.47,-0.29,9.565,9.555,9.369,7.907,10.89,9.52,10.59,7.65,-0.0,-0.002,0.002,0.06,0.0,-121.7552989,36.5862038,143.25
-4.8,2.6,0.0,4.11,-0.09,0.07,-1.19,-0.28,-0.84,-0.49,-0.34,9.673,9.476,9.81,10.399,12.16,8.63,11.48,10.59,0.0,-0.001,0.002,0.13,0.01,-121.7553007,36.5862049,143.3
-4.5,2.6,0.0,4.09,0.17,-0.13,-0.57,0.54,-1.64,-0.49,-0.43,8.966,8.868,11.036,12.027,10.79,6.97,9.32,8.83,0.001,-0.001,0.001,0.4,0.03,-121.7553025,36.5862061,143.35
-4.9,2.6,0.0,4.08,-0.09,-0.36,-0.6,-0.71,2.4,-0.57,-0.34,9.32,10.84,8.868,10.879,10.1,11.38,7.46,11.38,-0.0,-0.001,0.001,0.27,0.02,-121.7553044,36.5862072,143.4
-5.1,2.6,0.0,4.11,0.53,-0.03,-1.28,-4.6,0.34,-0.72,-0.27,9.663,11.154,7.966,9.006,10.1,10.99,7.46,6.28,-0.001,-0.001,0.001,0.28,0.02,-121.7553062,36.5862083,143.45
-5.1,2.6,0.0,4.13,0.07,-0.0,-0.92,-1.06,-0.21,-0.81,-0.25,10.065,10.281,9.359,9.643,10.1,12.36,7.95,9.71,-0.001,-0.001,0.002,0.4,0.03,-121.755308,36.5862094,143.5
-5.0,2.6,0.0,4.12,0.01,-0.74,-0.43,-2.94,-0.63,-0.91,-0.32,9.633,9.123,9.996,10.016,10.3,10.3,8.83,7.75,-0.001,-0.001,0.001,0.24,0.02,-121.7553098,36.5862105,143.55
-4.8,2.6,0.0,4.14,0.4,-0.52,-0.8,-0.67,-1.43,-0.96,-0.37,11.89,7.338,10.428,9.241,10.79,10.01,9.71,11.38,-0.001,-0.001,0.001,0.22,0.02,-121.7553117,36.5862116,143.6
-4.5,2.6,0.0,4.14,0.32,-0.48,-1.32,-0.62,-0.28,-0.99,-0.41,10.752,7.966,10.791,10.732,9.12,8.63,9.03,10.01,-0.002,-0.001,0.0,0.25,0.02,-121.7553135,36.5862127,143.65
-4.7,2.6,0.0,4.14,0.11,-0.5,-1.08,0.21,-1.23,-0.98,-0.46,10.271,10.104,10.35,9.947,9.71,10.4,9.61,8.04,-0.001,-0.001,-0.0,0.21,0.02,-121.7553153,36.5862138,143.7
-5.0,2.6,0.0,4.15,0.21,0.0,-0.39,0.81,-1.37,-0.9,-0.52,7.995,11.036,10.016,8.927,11.48,10.5,9.12,8.63,-0.001,-0.0,0.0,0.22,0.02,-121.7553172,36.586215,143.75
-4.9,2.6,0.0,4.16,0.12,-0.85,-0.52,3.88,-1.74,-0.72,-0.61,10.84,8.132,9.624,9.643,10.99,8.63,10.69,14.13,-0.001,-0.0,0.0,-0.17,-0.01,-121.755319,36.5862161,143.8
-4.4,2.6,0.0,4.15,0.57,-0.61,-1.09,1.96,-1.21,-0.55,-0.68,12.9,7.132,9.251,9.879,9.52,8.14,9.81,7.06,-0.001,-0.0,-0.002,-0.09,-0.01,-121.7553208,36.5862173,143.85
-4.9,2.6,0.0,4.16,0.02,0.35,-1.6,0.51,0.21,-0.49,-0.69,9.153,9.251,9.957,10.065,10.89,8.24,9.22,9.03,-0.001,-0.0,-0.002,0.2,0.01,-121.7553227,36.5862184,143.9
-5.1,2.6,0.0,4.18,0.21,0.65,-0.98,0.43,-1.24,-0.51,-0.75,9.839,8.221,10.016,8.388,10.4,8.63,8.73,6.87,-0.001,0.0,-0.002,0.39,0.03,-121.7553245,36.5862196,143.95
-5.3,2.6,0.0,4.19,0.12,-0.72,-0.42,0.12,-0.43,-0.51,-0.78,7.446,11.438,9.221,10.762,9.52,10.69,14.22,12.65,-0.001,0.0,-0.001,0.32,0.02,-121.7553264,36.5862207,144.0
-5.2,2.6,0.0,4.18,0.45,-0.74,0.04,-2.45,-2.08,-0.6,-0.84,10.536,9.339,11.723,9.879,11.67,10.01,11.87,13.34,-0.001,0.0,-0.002,0.33,0.02,-121.7553282,36.5862218,144.05
-5.3,2.6,0.0,4.18,0.18,-0.13,-0.76,-2.01,1.89,-0.69,-0.76,8.446,10.781,10.536,10.232,10.59,11.28,10.79,11.48,-0.002,0.0,-0.002,0.33,0.02,-121.7553301,36.586223,144.1
-5.2,2.6,0.0,4.19,0.17,-0.06,-1.49,2.13,-1.44,-0.64,-0.77,10.477,10.889,8.495,9.31,12.26,7.95,8.93,10.2,-0.002,-0.001,-0.002,0.26,0.02,-121.7553319,36.5862241,144.15
-5.1,2.6,0.0,4.2,0.65,-0.96,-0.56,-0.45,0.7,-0.66,-0.78,12.282,7.387,9.192,9.27,10.99,8.14,12.65,10.79,-0.002,-0.0,-0.002,0.16,0.01,-121.7553338,36.5862253,144.2
-5.2,2.6,0.0,4.17,-0.42,-0.24,-0.61,-0.08,-0.02,-0.61,-0.81,9.741,7.671,10.32,11.066,12.26,7.95,10.99,8.14,-0.001,0.0,-0.002,0.09,0.01,-121.7553356,36.5862264,144.25
-4.9,2.6,0.0,4.18,0.32,-0.14,-0.33,2.41,2.02,-0.55,-0.72,8.623,10.134,10.713,9.476,11.97,11.58,9.32,10.89,-0.001,-0.0,-0.002,0.11,0.01,-121.7553375,36.5862276,144.3
-4.5,2.6,0.0,4.18,0.08,-0.06,-0.6,1.55,1.39,-0.51,-0.62,12.037,9.182,9.81,10.045,13.15,9.61,8.73,13.44,-0.002,-0.001,-0.001,0.11,0.01,-121.7553393,36.5862287,144.35
-4.5,2.6,0.0,4.18,0.57,-0.17,-1.06,0.37,-1.72,-0.45,-0.65,9.486,10.919,10.899,10.212,9.32,9.61,13.54,9.52,-0.001,-0.001,-0.001,0.16,0.01,-121.7553411,36.5862299,144.4
-4.7,2.6,0.0,4.17,-0.09,-0.89,-0.27,0.95,2.07,-0.38,-0.59,8.633,9.663,9.025,9.192,9.61,11.48,9.91,8.34,-0.001,-0.001,-0.001,-0.05,-0.0,-121.755343,36.5862311,144.45
-4.8,2.6,0.0,4.18,0.09,0.37,-0.69,0.4,-0.17,-0.35,-0.61,10.879,10.193,8.927,10.163,8.93,12.07,9.32,8.73,-0.001,-0.001,-0.0,0.2,0.01,-121.7553448,36.5862322,144.5
-4.9,2.6,0.0,4.19,0.11,0.74,-0.84,-0.13,0.88,-0.38,-0.57,11.036,8.849,8.751,8.79,9.52,7.26,9.32,13.15,-0.001,-0.001,-0.0,0.43,0.03,-121.7553466,36.5862334,144.55
-4.9,2.6,0.0,4.19,-0.07,-0.11,-0.69,-0.64,-0.38,-0.38,-0.62,7.534,10.85,10.703,10.86,11.48,8.93,10.69,9.81,-0.001,-0.001,-0.0,0.36,0.03,-121.7553485,36.5862345,144.6
-4.8,2.6,0.0,4.18,0.22,-0.05,-0.37,0.18,-0.45,-0.37,-0.63,8.083,11.713,10.301,9.055,9.61,9.81,10.69,10.2,-0.001,-0.001,0.0,0.24,0.02,-121.7553503,36.5862357,144.65
-5.0,2.6,0.0,4.18,0.19,-0.45,-0.6,-0.7,-0.5,-0.4,-0.65,9.79,10.153,9.987,9.771,8.04,10.69,11.77,11.38,-0.001,-0.001,0.0,-0.34,-0.02,-121.7553522,36.5862369,144.7
-5.0,2.6,0.0,4.18,0.11,0.42,-0.47,-1.54,0.37,-0.46,-0.64,9.231,8.348,9.859,10.83,11.77,10.89,9.61,9.81,0.0,-0.001,0.0,0.33,0.02,-121.755354,36.586238,144.75
-4.9,2.6,0.0,4.19,0.35,0.15,-0.6,1.07,1.55,-0.52,-0.57,11.733,7.259,7.779,8.309,8.34,8.14,8.04,11.18,-0.0,-0.001,0.002,0.42,0.03,-121.7553559,36.5862392,144.8
-5.0,2.6,0.0,4.2,0.71,-0.23,-0.48,-0.55,-1.01,-0.55,-0.58,10.565,9.163,9.663,9.408,10.59,10.79,9.61,10.01,-0.0,-0.001,0.002,0.29,0.02,-121.7553577,36.5862404,144.85
-4.8,2.6,0.0,4.21,-0.15,-0.58,-0.8,-2.73,-0.55,-0.63,-0.6,10.34,10.036,10.526,11.762,10.89,9.81,12.26,10.69,-0.0,-0.001,0.002,0.17,0.01,-121.7553596,36.5862415,144.9
-4.8,2.6,0.0,4.2,0.12,-0.36,-1.23,1.02,-1.2,-0.63,-0.63,9.565,11.174,11.223,9.29,10.5,10.89,11.28,9.71,-0.001,-0.001,0.001,0.21,0.02,-121.7553614,36.5862427,144.95
-4.8,2.6,0.0,4.22,0.4,-0.75,-0.98,-0.86,0.13,-0.66,-0.63,10.997,11.331,9.221,8.24,8.24,10.99,10.1,9.32,-0.001,-0.001,0.001,0.12,0.01,-121.7553632,36.5862439,145.0
-4.8,2.6,0.0,4.22,0.13,-0.18,-1.0,-1.08,-0.96,-0.66,-0.72,8.907,8.809,11.399,9.192,9.61,9.52,10.5,8.83,-0.001,-0.001,0.001,0.11,0.01,-121.7553651,36.586245,145.05
-4.7,2.6,0.0,4.21,0.06,-0.5,-0.09,2.37,0.6,-0.56,-0.73,8.858,9.143,10.507,9.81,11.09,9.52,10.2,11.48,-0.0,-0.0,0.001,0.17,0.01,-121.7553669,36.5862462,145.1
-4.3,2.6,0.0,4.21,0.06,-0.31,-0.91,-1.45,1.03,-0.53,-0.69,10.889,9.329,9.025,7.956,12.46,9.81,10.01,10.01,-0.001,-0.001,0.001,-0.13,-0.01,-121.7553688,36.5862474,145.15
-3.8,2.6,0.0,4.23,0.29,0.93,-0.92,0.92,-1.4,-0.51,-0.73,9.771,9.712,9.3,9.771,6.87,9.12,11.38,8.34,-0.001,-0.001,0.001,0.39,0.03,-121.7553706,36.5862486,145.2
-1.5,2.6,0.0,4.22,-0.05,-0.22,-0.41,0.36,0.82,-0.48,-0.75,10.055,9.496,10.075,10.163,13.05,10.3,11.97,9.61,-0.001,-0.001,0.0,0.32,0.02,-121.7553725,36.5862498,145.25
1.5,2.6,0.0,4.23,0.36,-0.06,-0.37,1.58,-3.82,-0.42,-0.84,9.604,10.487,9.32,10.045,11.38,8.04,5.69,12.75,-0.001,-0.001,0.0,0.37,0.03,-121.7553743,36.5862509,145.3
3.2,2.6,0.0,4.24,0.13,-0.29,-0.06,-1.6,-0.35,-0.44,-0.85,8.888,8.907,6.739,10.065,10.79,7.85,12.26,13.93,-0.001,-0.0,-0.0,0.39,0.03,-121.7553762,36.5862521,145.35
3.1,2.6,0.0,4.24,0.24,1.05,0.08,-2.47,-1.59,-0.6,-0.92,10.379,6.494,10.418,9.143,10.59,7.46,10.5,10.59,-0.001,0.0,-0.0,0.92,0.07,-121.755378,36.5862533,145.4
3.3,2.6,0.0,4.24,0.2,-0.7,0.16,-1.13,1.4,-0.67,-0.86,10.82,8.25,10.457,11.046,11.18,11.58,10.99,10.4,-0.001,-0.0,-0.0,0.85,0.06,-121.7553799,36.5862545,145.45
3.8,2.6,0.0,4.25,0.13,-0.88,0.57,-2.58,-0.84,-0.72,-0.87,7.132,11.664,10.948,10.713,9.81,11.67,10.1,8.63,-0.001,-0.001,-0.001,0.55,0.04,-121.7553818,36.5862557,145.5
4.3,2.6,0.0,4.25,-0.06,-0.4,0.93,-0.54,0.96,-0.78,-0.82,10.369,10.968,11.762,10.065,8.04,10.89,9.81,10.5,-0.002,-0.001,-0.0,0.59,0.04,-121.7553836,36.5862568,145.55
4.3,2.6,0.0,4.25,0.43,-0.46,0.63,3.88,-0.68,-0.6,-0.81,10.732,10.605,8.898,9.006,9.61,11.09,6.38,8.93,-0.002,-0.001,-0.0,0.45,0.03,-121.7553855,36.586258,145.6
4.5,2.6,0.0,4.27,0.06,-0.42,0.02,-0.85,0.23,-0.49,-0.82,10.124,11.331,8.486,7.956,7.55,9.71,11.09,9.12,-0.002,-0.001,-0.0,0.12,0.01,-121.7553874,36.5862592,145.65
4.2,2.6,0.0,4.28,0.4,0.22,-0.42,2.78,-3.16,-0.35,-0.97,8.751,9.928,10.32,9.771,10.3,10.4,12.36,10.59,-0.001,-0.0,-0.001,0.32,0.02,-121.7553892,36.5862604,145.7
4.0,2.6,0.0,4.26,0.04,0.43,0.2,1.27,-1.02,-0.26,-1.02,8.751,7.269,11.321,9.771,10.99,8.34,7.65,12.36,-0.001,0.0,-0.001,0.6,0.04,-121.7553911,36.5862616,145.75
4.0,2.6,0.0,4.27,0.07,-0.48,0.35,3.41,1.67,-0.1,-0.94,7.367,11.429,9.015,10.094,9.71,8.04,7.16,10.99,-0.001,-0.0,-0.001,0.39,0.03,-121.755393,36.5862628,145.8
3.9,2.6,0.0,4.27,0.67,-0.18,0.47,-0.31,1.17,-0.12,-0.87,12.733,7.151,8.142,10.33,11.77,8.83,9.61,13.24,-0.001,-0.0,-0.001,0.29,0.02,-121.7553949,36.586264,145.85
3.3,2.6,0.0,4.27,0.12,0.68,0.35,-0.84,0.92,-0.15,-0.8,10.546,10.144,10.369,9.977,11.97,10.69,11.58,9.42,-0.001,-0.001,-0.001,0.6,0.04,-121.7553968,36.5862652,145.9
3.0,2.6,0.0,4.3,0.14,-0.1,-0.02,-1.28,0.92,-0.2,-0.76,8.927,11.164,8.917,8.505,9.22,11.48,12.46,7.16,-0.001,-0.001,-0.001,0.66,0.05,-121.7553986,36.5862664,145.95
2.4,2.6,0.0,4.3,0.45,-0.1,-0.37,0.47,-1.56,-0.27,-0.82,9.094,8.711,10.781,9.849,10.01,9.22,10.4,9.32,-0.001,-0.0,-0.001,0.67,0.05,-121.7554005,36.5862675,146.0
2.3,2.6,0.0,4.3,0.34,-0.38,-0.56,-2.49,0.38,-0.37,-0.83,8.731,8.937,10.202,10.163,9.91,9.81,10.1,12.36,-0.001,0.0,-0.001,0.55,0.04,-121.7554024,36.5862687,146.05
1.4,2.6,0.0,4.3,-0.01,-0.68,0.26,-1.34,0.99,-0.42,-0.79,10.144,10.202,11.586,9.722,12.95,12.07,15.01,8.34,-0.002,-0.0,-0.001,0.36,0.03,-121.7554043,36.5862699,146.1
1.3,2.6,0.0,4.3,-0.02,-0.19,-0.09,1.76,-0.05,-0.4,-0.78,11.615,9.849,10.153,8.741,18.34,14.42,12.65,10.3,-0.002,-0.001,-0.001,0.27,0.02,-121.7554062,36.5862711,146.15
2.0,2.6,0.0,4.31,0.32,-0.69,0.02,2.39,-2.02,-0.23,-0.82,10.418,10.899,11.036,10.644,9.52,2.94,10.5,8.83,-0.003,-0.003,-0.001,0.04,0.0,-121.7554081,36.5862723,146.2
1.6,2.6,0.0,4.3,0.12,-0.44,0.0,1.2,-2.12,-0.14,-0.95,9.025,9.31,9.251,8.309,8.63,7.65,10.79,8.73,-0.002,-0.002,-0.001,-0.15,-0.01,-121.75541,36.5862735,146.25
0.8,2.6,0.0,4.3,-0.01,0.02,0.34,0.63,-3.52,-0.05,-1.13,6.798,10.732,9.359,8.839,10.89,11.09,7.55,8.73,-0.001,-0.002,-0.0,0.13,0.01,-121.7554119,36.5862748,146.3
0.6,2.6,0.0,4.3,0.11,0.37,-0.21,-1.14,-2.78,-0.06,-1.28,9.457,8.044,9.143,9.643,10.59,10.79,10.79,15.3,-0.0,-0.001,0.0,0.41,0.03,-121.7554138,36.586276,146.35
1.0,2.6,0.0,4.31,0.75,0.4,0.02,-0.01,-3.3,-0.08,-1.43,9.859,7.308,10.085,10.065,10.4,8.83,10.2,11.09,0.0,-0.0,0.0,0.6,0.04,-121.7554157,36.5862772,146.4
1.0,2.6,0.0,4.3,0.3,-0.6,-0.37,-0.58,0.48,-0.07,-1.45,10.055,6.112,9.31,10.379,9.22,10.79,9.32,9.22,0.001,0.0,0.0,0.33,0.02,-121.7554176,36.5862784,146.45
0.7,2.6,0.0,4.31,0.35,0.29,-0.1,-1.91,-1.06,-0.18,-1.5,10.614,7.985,9.673,9.692,9.91,10.1,11.38,10.5,-0.0,0.0,0.0,0.32,0.02,-121.7554195,36.5862796,146.5
0.4,2.6,0.0,4.31,0.46,0.07,-0.62,1.33,-0.41,-0.2,-1.49,10.85,9.045,10.261,10.477,10.59,10.1,9.32,12.36,-0.001,-0.0,0.0,0.41,0.03,-121.7554214,36.5862808,146.55
0.7,2.6,0.0,4.32,0.56,-0.85,0.15,1.95,-1.01,-0.1,-1.48,10.565,10.114,8.525,10.997,13.15,10.1,9.32,12.26,-0.001,-0.001,0.0,0.02,0.0,-121.7554233,36.586282,146.6
0.6,2.6,0.0,4.32,0.21,0.28,-0.04,-1.15,-1.5,-0.19,-1.5,9.535,11.517,10.055,9.947,9.03,10.1,10.79,10.89,-0.002,-0.001,-0.0,0.16,0.01,-121.7554252,36.5862832,146.65
0.4,2.6,0.0,4.32,0.08,-0.38,-0.27,-0.63,0.42,-0.21,-1.51,9.388,10.006,11.419,10.614,8.24,9.81,14.42,6.67,-0.002,-0.001,-0.001,0.25,0.02,-121.7554271,36.5862844,146.7
0.2,2.6,0.0,4.3,-0.33,0.03,-0.11,2.88,1.15,-0.07,-1.52,7.426,11.654,11.762,11.144,8.73,11.58,9.61,14.91,-0.001,-0.001,-0.001,0.34,0.03,-121.755429,36.5862856,146.75
0.3,2.6,0.0,4.31,0.09,0.13,-0.32,-2.67,2.41,-0.11,-1.4,10.507,9.457,10.183,10.644,8.93,11.28,10.2,11.58,-0.001,-0.001,-0.001,0.22,0.02,-121.7554308,36.5862868,146.8
-0.1,2.6,0.0,4.31,0.45,0.85,-0.76,-1.24,2.59,-0.16,-1.26,9.045,10.144,8.26,8.123,9.61,9.61,10.4,10.01,-0.001,-0.001,-0.0,0.46,0.03,-121.7554327,36.586288,146.85
-0.1,2.6,0.0,4.3,-0.03,-0.26,-0.43,0.4,2.36,-0.16,-1.19,10.045,7.456,10.173,10.811,10.4,9.42,7.16,8.14,-0.001,-0.001,-0.0,0.48,0.04,-121.7554346,36.5862892,146.9
-0.3,2.6,0.0,4.31,0.2,-0.21,-0.41,-2.27,0.29,-0.23,-1.14,7.671,9.486,9.104,7.24,10.79,9.91,9.52,7.16,-0.001,-0.0,-0.0,0.41,0.03,-121.7554365,36.5862904,146.95
-0.2,2.6,0.0,4.31,0.22,-0.36,0.11,-0.31,1.74,-0.23,-1.06,7.338,10.301,9.673,9.624,8.73,11.28,11.77,8.44,-0.001,-0.0,0.001,0.34,0.03,-121.7554384,36.5862916,147.0
-0.1,2.6,0.0,4.33,0.51,-0.21,-0.0,0.27,-1.79,-0.22,-1.11,6.504,10.948,10.801,9.055,10.5,10.2,10.1,9.81,-0.0,-0.0,0.001,0.36,0.03,-121.7554403,36.5862928,147.05
0.3,2.6,0.0,4.32,0.37,-0.35,0.03,-0.88,2.26,-0.18,-1.03,11.527,9.81,8.751,9.81,10.4,8.83,10.1,8.14,-0.001,-0.001,0.0,0.24,0.02,-121.7554422,36.586294,147.1
0.2,2.6,0.0,4.33,0.66,0.58,-0.65,0.92,-1.61,-0.16,-1.08,10.82,9.584,9.212,10.428,9.91,8.24,9.03,9.52,-0.001,-0.001,0.0,0.43,0.03,-121.7554441,36.5862953,147.15
0.1,2.6,0.0,4.33,0.31,0.26,-0.63,0.49,0.42,-0.16,-1.09,10.762,8.388,8.878,9.996,10.2,8.93,10.79,9.32,-0.001,-0.001,0.0,0.35,0.03,-121.755446,36.5862965,147.2
-0.1,2.6,0.0,4.33,0.31,-0.19,-0.15,0.65,-1.62,-0.15,-1.14,10.644,8.662,10.202,11.144,11.09,10.01,10.1,9.32,-0.001,-0.001,0.0,0.42,0.03,-121.7554479,36.5862977,147.25
0.2,2.6,0.0,4.33,0.14,-0.47,-0.14,-0.48,2.04,-0.14,-1.05,8.888,10.909,9.32,9.339,8.44,8.73,10.5,11.87,-0.001,-0.001,0.0,0.3,0.02,-121.7554498,36.5862989,147.3
0.1,2.6,0.0,4.34,0.32,-0.13,0.08,-0.06,-0.02,-0.16,-1.01,9.339,9.81,9.516,8.79,9.91,10.1,9.61,10.1,-0.001,-0.001,0.0,0.3,0.02,-121.7554517,36.5863001,147.35
-0.1,2.6,0.0,4.34,0.08,0.22,-0.96,-0.43,1.68,-0.18,-0.98,9.604,9.251,9.79,9.506,9.42,10.99,7.85,8.83,-0.001,-0.001,0.0,0.59,0.04,-121.7554536,36.5863013,147.4
-0.2,2.6,0.0,4.37,0.51,-0.22,-0.22,-0.44,0.7,-0.17,-0.95,9.977,9.849,8.878,8.907,9.81,10.99,9.32,9.32,-0.001,-0.001,0.0,0.37,0.03,-121.7554555,36.5863025,147.45
-0.2,2.6,0.0,4.35,0.03,0.43,-0.44,-1.2,0.47,-0.23,-0.94,10.075,9.035,9.79,9.526,10.89,10.4,11.58,9.32,-0.001,-0.001,0.0,0.54,0.04,-121.7554574,36.5863038,147.5
-0.1,2.6,0.0,4.35,0.15,-0.28,-0.11,1.46,0.56,-0.2,-0.95,9.143,10.507,10.546,9.898,9.03,9.61,9.91,9.61,-0.001,-0.001,0.0,0.5,0.04,-121.7554593,36.586305,147.55
-0.2,2.6,0.0,4.36,0.18,-0.23,-0.29,-0.73,-0.45,-0.16,-0.96,6.318,11.644,9.869,9.025,8.63,10.89,9.81,10.1,-0.001,-0.001,-0.0,0.21,0.02,-121.7554612,36.5863062,147.6
-0.4,2.6,0.0,4.37,0.75,0.2,-0.42,-1.36,-0.24,-0.18,-1.0,7.142,10.742,9.418,9.388,9.71,10.2,10.5,9.61,-0.001,-0.0,0.0,0.34,0.03,-121.7554631,36.5863074,147.65
-0.5,2.6,0.0,4.38,0.15,0.05,-0.09,0.28,0.03,-0.16,-1.02,10.114,8.564,9.987,10.094,11.18,8.93,6.47,12.56,-0.001,-0.0,-0.0,0.59,0.05,-121.755465,36.5863087,147.7
-0.3,2.6,0.0,4.37,0.25,0.39,-0.12,-0.28,0.83,-0.12,-0.98,9.643,9.329,10.144,10.546,10.89,7.95,8.73,13.05,-0.001,-0.001,-0.0,0.62,0.05,-121.7554669,36.5863099,147.75
-0.2,2.6,0.0,4.38,0.56,-0.21,0.53,1.18,1.0,-0.1,-0.92,10.742,7.789,10.075,9.722,8.93,9.61,8.24,10.69,-0.001,-0.001,-0.0,0.37,0.03,-121.7554688,36.5863111,147.8
-0.3,2.6,0.0,4.38,-0.0,-0.27,-0.2,-1.75,-0.17,-0.17,-0.92,8.456,10.202,9.212,8.692,11.18,10.2,9.03,9.81,-0.001,-0.001,0.0,0.35,0.03,-121.7554707,36.5863123,147.85
-0.1,2.6,0.0,4.39,-0.09,-0.04,-0.19,-0.12,0.58,-0.2,-0.93,9.084,11.105,9.261,9.771,10.5,10.4,10.3,8.63,-0.001,-0.001,0.0,0.47,0.04,-121.7554726,36.5863136,147.9
0.4,2.6,0.0,4.41,0.34,0.27,-0.2,0.01,-0.95,-0.22,-0.99,9.27,10.045,9.771,9.771,11.48,9.52,11.77,10.5,-0.0,-0.001,0.0,0.57,0.04,-121.7554745,36.5863148,147.95
0.6,2.6,0.0,4.4,0.01,-0.22,-0.24,-1.31,1.41,-0.25,-0.97,9.82,7.72,11.134,11.38,8.93,10.2,9.22,9.32,-0.001,-0.001,-0.0,0.57,0.04,-121.7554764,36.586316,148.0
0.6,2.6,0.0,4.41,0.4,0.07,-0.22,1.37,-1.06,-0.17,-0.99,7.377,10.556,10.919,10.144,9.52,8.83,10.79,10.89,-0.001,-0.001,-0.0,0.49,0.04,-121.7554784,36.5863173,148.05
1.0,2.6,0.0,4.4,0.06,-0.2,-0.47,0.27,1.94,-0.15,-0.9,8.172,11.488,9.81,9.722,10.59,9.52,9.03,11.09,-0.0,-0.001,0.0,0.28,0.02,-121.7554803,36.5863185,148.1
0.8,2.6,0.0,4.42,0.49,0.75,-0.43,-0.78,-0.36,-0.18,-0.9,7.201,12.91,9.673,8.976,10.2,10.69,10.2,10.69,-0.001,-0.001,0.0,0.57,0.04,-121.7554822,36.5863198,148.15
0.8,2.6,0.0,4.42,0.05,0.22,0.23,2.13,1.44,-0.09,-0.86,10.359,8.868,9.29,9.476,9.52,7.16,10.5,9.81,-0.001,-0.001,-0.0,0.7,0.05,-121.7554841,36.586321,148.2
0.8,2.6,0.0,4.43,0.34,0.13,0.02,-0.53,-0.99,-0.11,-0.9,10.86,7.387,9.329,9.947,12.65,7.85,9.12,9.12,-0.001,-0.001,-0.0,0.58,0.05,-121.7554861,36.5863223,148.25
1.0,2.6,0.0,4.42,0.17,0.14,-0.21,0.24,0.02,-0.1,-0.89,9.8,9.545,9.143,8.741,10.4,10.2,7.55,9.22,-0.001,-0.001,0.0,0.6,0.05,-121.755488,36.5863235,148.3
0.8,2.6,0.0,4.45,0.28,-0.17,-0.11,-0.64,-0.32,-0.14,-0.91,9.771,8.358,9.682,9.526,11.87,10.3,9.42,10.5,-0.001,-0.001,0.0,0.4,0.03,-121.7554899,36.5863248,148.35
0.8,2.6,0.0,4.44,0.34,-0.04,-0.26,-1.63,-0.76,-0.18,-0.91,8.211,9.447,9.545,9.722,12.36,9.61,10.1,11.09,-0.001,-0.001,-0.0,0.47,0.04,-121.7554919,36.586326,148.4
0.7,2.6,0.0,4.45,0.41,0.04,-0.32,-0.7,-0.46,-0.22,-0.92,8.28,9.722,10.31,9.339,9.12,9.91,11.48,7.75,-0.001,-0.0,-0.0,0.63,0.05,-121.7554938,36.5863272,148.45
0.7,2.6,0.0,4.45,0.23,-0.2,-0.06,-0.51,1.73,-0.19,-0.88,7.456,9.28,10.791,9.771,9.32,9.71,9.03,9.52,-0.001,-0.0,-0.001,0.37,0.03,-121.7554957,36.5863285,148.5
0.7,2.6,0.0,4.46,0.38,-0.19,-0.32,-0.47,2.37,-0.19,-0.81,9.388,9.565,9.31,7.789,11.38,10.59,9.61,8.53,-0.001,0.0,-0.0,0.36,0.03,-121.7554977,36.5863298,148.55
0.6,2.6,0.0,4.47,0.21,-0.32,-0.16,-0.17,1.87,-0.17,-0.73,10.654,9.084,8.751,9.692,10.01,11.48,8.93,7.46,-0.001,-0.0,-0.0,0.33,0.03,-121.7554996,36.586331,148.6
0.5,2.6,0.0,4.48,0.34,0.75,-0.17,1.97,0.04,-0.09,-0.71,10.438,9.771,9.771,10.045,11.09,10.69,11.09,9.03,-0.001,-0.001,-0.0,0.55,0.04,-121.7555016,36.5863323,148.65
0.5,2.6,0.0,4.48,0.31,-0.37,-0.14,0.46,1.12,-0.08,-0.68,10.301,9.486,10.477,9.692,11.38,8.44,10.2,9.91,-0.001,-0.001,-0.0,0.44,0.03,-121.7555035,36.5863335,148.7
0.6,2.6,0.0,4.47,0.01,-0.27,-0.52,0.75,-0.48,-0.03,-0.69,8.937,10.232,10.389,10.399,12.16,9.61,8.73,11.58,-0.001,-0.001,-0.0,0.43,0.03,-121.7555055,36.5863348,148.75
0.5,2.6,0.0,4.47,0.36,-0.12,-0.29,-0.58,-0.76,-0.03,-0.68,9.565,9.957,8.829,9.172,11.28,8.34,9.22,11.28,-0.001,-0.001,-0.0,0.37,0.03,-121.7555074,36.5863361,148.8
0.5,2.6,0.0,4.45,-0.1,0.29,-0.21,0.58,-0.21,-0.03,-0.67,9.398,8.427,8.525,8.623,11.67,8.53,7.65,11.77,-0.001,-0.001,-0.0,0.53,0.04,-121.7555094,36.5863373,148.85
0.5,2.6,0.0,4.45,-0.15,-0.09,-0.26,0.95,-0.19,0.01,-0.68,8.368,9.329,8.319,9.741,11.48,9.32,7.85,12.56,-0.001,-0.0,-0.0,0.41,0.03,-121.7555113,36.5863386,148.9
0.5,2.5,0.0,4.43,-0.51,-0.61,-0.45,0.54,0.06,0.0,-0.68,9.614,8.015,9.163,10.477,10.2,8.73,8.93,12.07,-0.001,0.0,-0.0,0.23,0.02,-121.7555132,36.5863398,148.95
0.2,2.5,0.0,4.43,-0.1,0.08,-0.35,1.03,0.03,0.02,-0.65,8.113,9.761,8.545,10.281,8.24,9.22,7.46,7.65,-0.001,0.0,-0.0,0.42,0.03,-121.7555152,36.5863411,149.0
0.1,2.5,0.0,4.4,-0.13,-0.44,0.15,0.72,0.64,0.07,-0.57,8.701,11.321,7.74,8.123,9.52,12.07,10.79,9.91,-0.002,-0.001,-0.0,0.3,0.02,-121.7555171,36.5863423,149.05
-0.4,2.4,0.0,4.41,0.05,-0.06,-0.03,-1.39,-0.26,0.08,-0.59,8.221,10.359,10.104,9.104,9.22,11.28,10.69,8.93,-0.002,-0.001,-0.0,0.35,0.03,-121.755519,36.5863436,149.1
-0.6,2.4,0.0,4.38,-0.44,0.25,-0.48,1.67,-2.16,0.17,-0.7,8.123,9.918,10.153,9.79,8.34,10.59,10.3,8.44,-0.002,-0.001,-0.0,0.41,0.03,-121.7555209,36.5863448,149.15
-0.8,2.4,0.0,4.36,-0.49,0.47,-0.27,0.04,-0.81,0.2,-0.75,8.957,9.476,10.193,10.281,9.12,8.73,11.48,9.91,-0.001,-0.001,-0.001,0.5,0.04,-121.7555228,36.5863461,149.2
-0.8,2.4,0.0,4.34,-0.7,-0.26,-0.59,0.01,1.06,0.22,-0.73,8.721,8.947,10.919,10.614,5.98,8.93,11.09,8.53,-0.001,-0.001,-0.001,0.36,0.03,-121.7555247,36.5863473,149.25
-1.1,2.4,0.0,4.33,-0.04,0.56,-0.31,1.1,-0.99,0.25,-0.74,11.419,9.221,9.526,9.388,9.81,8.14,10.99,10.79,-0.001,-0.001,-0.001,0.48,0.04,-121.7555266,36.5863485,149.3
-0.8,2.4,0.0,4.3,-0.28,0.08,-0.19,-1.28,2.49,0.22,-0.63,10.094,9.614,9.447,9.624,9.12,10.1,10.01,8.53,-0.001,-0.001,-0.001,0.39,0.03,-121.7555285,36.5863497,149.35
-1.2,2.4,0.0,4.29,-0.35,0.13,-0.46,1.29,0.44,0.26,-0.6,11.085,8.348,9.045,10.065,9.61,9.52,10.5,9.12,-0.001,-0.0,-0.001,0.43,0.03,-121.7555303,36.586351,149.4
-1.5,2.4,0.0,4.28,-0.08,0.37,-0.27,0.53,1.53,0.26,-0.54,9.153,8.829,9.584,9.879,10.99,7.65,9.81,9.52,-0.001,-0.0,-0.001,0.5,0.04,-121.7555322,36.5863522,149.45
-1.5,2.4,0.0,4.26,-0.04,-0.44,-0.15,0.25,1.95,0.25,-0.46,11.723,8.957,9.094,9.79,13.24,9.03,10.1,11.67,-0.001,-0.001,-0.001,0.27,0.02,-121.7555341,36.5863534,149.5
-1.7,2.4,0.0,4.25,0.16,0.08,-0.29,-0.53,-0.38,0.24,-0.44,10.507,10.193,10.467,9.27,11.97,10.69,10.99,10.69,-0.002,-0.002,-0.0,0.4,0.03,-121.7555359,36.5863546,149.55
-1.7,2.4,0.0,4.24,-0.2,-0.16,-0.22,-0.13,0.24,0.26,-0.44,9.369,11.537,9.516,9.172,10.59,10.1,12.26,8.93,-0.002,-0.002,-0.0,0.37,0.03,-121.7555377,36.5863558,149.6
-1.6,2.4,0.0,4.22,-0.2,-0.01,-0.59,1.7,-2.37,0.33,-0.53,8.996,9.761,9.643,9.947,9.22,9.81,10.99,10.4,-0.001,-0.002,-0.0,0.33,0.02,-121.7555396,36.586357,149.65
-1.6,2.4,0.0,4.19,-0.58,0.46,-0.07,-0.26,-0.68,0.32,-0.59,9.869,10.202,9.947,9.673,10.2,7.65,9.81,9.61,-0.001,-0.002,0.0,0.35,0.03,-121.7555414,36.5863582,149.7
-1.5,2.4,0.0,4.17,-0.46,0.08,-0.06,0.19,-1.67,0.33,-0.67,8.711,9.535,10.418,10.497,11.97,8.24,10.79,9.91,-0.0,-0.002,0.0,0.33,0.02,-121.7555432,36.5863594,149.75
-1.4,2.4,0.0,4.16,-0.2,0.58,-0.53,-0.6,-1.89,0.3,-0.72,7.122,11.586,10.065,9.849,8.93,7.75,9.03,11.28,-0.0,-0.001,0.001,0.48,0.03,-121.755545,36.5863606,149.8
-1.5,2.4,0.0,4.13,-0.2,-0.79,-0.31,-2.33,0.93,0.26,-0.69,7.475,9.408,9.3,8.456,7.65,10.79,9.71,8.24,0.0,-0.001,0.001,0.31,0.02,-121.7555468,36.5863617,149.85
-1.7,2.4,0.0,4.12,-0.29,0.16,-0.37,-2.11,0.4,0.18,-0.7,8.231,9.526,8.692,8.554,9.32,10.59,10.59,9.32,0.0,-0.001,0.002,0.46,0.03,-121.7555486,36.5863629,149.9
-2.2,2.4,0.0,4.11,-0.31,0.69,-0.1,-0.41,-1.17,0.11,-0.73,9.869,10.516,9.751,9.457,8.73,10.4,9.52,11.48,-0.0,-0.001,0.002,0.77,0.05,-121.7555504,36.5863641,149.95
-2.6,2.4,0.0,4.1,0.14,-0.67,0.2,-0.46,0.09,0.11,-0.73,9.261,9.957,10.085,10.33,10.3,8.73,9.22,12.56,-0.001,-0.002,0.002,0.34,0.02,-121.7555522,36.5863652,150.0
-2.9,2.4,0.0,4.08,-0.37,-0.41,-0.31,-1.26,-1.29,0.05,-0.78,11.556,9.251,9.418,10.977,11.18,9.22,9.61,12.56,-0.001,-0.002,0.002,0.18,0.01,-121.7555539,36.5863664,150.05
-3.2,2.4,0.0,4.07,-0.06,0.25,-0.46,0.84,-1.8,0.03,-0.83,10.438,9.241,9.614,9.457,10.79,9.32,10.4,11.67,-0.001,-0.002,0.002,0.41,0.03,-121.7555557,36.5863676,150.1
-3.2,2.4,0.0,4.05,-0.54,0.02,-0.54,-0.74,0.38,-0.03,-0.85,8.495,10.575,9.839,9.947,10.01,9.81,10.1,10.69,-0.0,-0.002,0.002,0.43,0.03,-121.7555575,36.5863687,150.15
-3.2,2.4,0.0,4.03,-0.21,-0.52,-0.28,1.59,-1.09,0.02,-0.9,10.242,8.201,10.153,11.193,9.32,12.07,8.53,10.5,-0.0,-0.002,0.002,0.22,0.02,-121.7555592,36.5863699,150.2
-3.3,2.4,0.0,4.01,-0.07,0.07,-0.19,-2.52,1.74,-0.08,-0.84,10.291,9.153,10.457,9.79,9.81,9.71,9.71,10.2,-0.0,-0.002,0.002,0.46,0.03,-121.755561,36.586371,150.25
-3.5,2.4,0.0,3.99,-0.08,-0.26,-0.83,-0.52,1.33,-0.11,-0.8,10.134,8.358,10.448,10.232,9.42,8.83,11.09,9.52,-0.0,-0.002,0.002,0.43,0.03,-121.7555627,36.5863722,150.3
-3.8,2.4,0.0,3.98,0.08,-0.22,-0.93,1.01,1.18,-0.1,-0.72,10.879,7.034,9.006,9.104,10.3,9.22,8.44,9.22,-0.0,-0.001,0.002,0.5,0.03,-121.7555644,36.5863733,150.35
-4.0,2.4,0.0,3.97,-0.01,0.33,-1.09,-1.32,2.22,-0.18,-0.62,9.908,8.594,8.466,8.809,11.28,7.46,7.36,9.81,-0.0,-0.001,0.002,0.53,0.04,-121.7555661,36.5863744,150.4
-4.4,2.4,0.0,3.96,-0.17,-0.04,-0.58,1.16,1.02,-0.21,-0.57,12.017,8.182,8.633,9.408,11.18,10.59,9.12,11.28,-0.001,-0.001,0.002,0.43,0.03,-121.7555679,36.5863756,150.45
-4.8,2.5,0.0,3.95,0.19,0.07,-0.61,-0.56,-0.9,-0.23,-0.57,10.987,10.104,10.016,10.928,11.87,10.4,10.3,9.81,-0.001,-0.001,0.002,0.34,0.02,-121.7555696,36.5863767,150.5
-4.9,2.5,0.0,3.93,-0.21,-0.17,-0.47,0.48,0.24,-0.2,-0.55,10.291,9.496,10.222,9.996,12.65,10.3,10.79,6.87,-0.001,-0.001,0.001,0.31,0.02,-121.7555713,36.5863778,150.55
-4.9,2.5,0.0,3.93,0.03,-0.14,-1.26,-0.64,0.45,-0.22,-0.55,11.664,7.956,9.712,10.045,10.99,9.91,10.99,9.61,-0.002,-0.001,0.001,0.22,0.01,-121.755573,36.586379,150.6
-4.8,2.5,0.0,3.91,0.07,0.33,-0.91,1.86,-2.07,-0.15,-0.61,11.811,9.104,8.446,9.849,11.97,8.53,9.03,10.4,-0.001,-0.001,0.001,0.36,0.02,-121.7555746,36.5863801,150.65
-4.8,2.5,0.0,3.88,-0.08,-0.09,-0.63,-0.39,0.99,-0.18,-0.61,11.272,7.77,9.722,11.046,11.97,9.03,10.99,9.71,-0.001,-0.001,0.001,0.31,0.02,-121.7555763,36.5863812,150.7
-4.7,2.5,0.0,3.87,-0.3,0.41,-0.85,1.62,-0.88,-0.18,-0.65,9.947,7.75,9.427,9.79,10.3,9.91,10.2,9.52,-0.001,-0.0,0.001,0.41,0.03,-121.755578,36.5863823,150.75
-4.8,2.5,0.0,3.86,-0.01,-0.01,-0.73,0.61,0.14,-0.15,-0.66,10.938,6.7,9.604,11.066,9.71,8.83,9.81,9.81,-0.001,-0.0,0.0,0.44,0.03,-121.7555797,36.5863834,150.8
-4.9,2.5,0.0,3.84,-0.23,-0.15,-1.01,0.15,1.41,-0.15,-0.58,10.055,8.338,8.917,9.192,11.18,8.34,10.01,12.07,-0.001,0.0,-0.0,0.24,0.02,-121.7555813,36.5863845,150.85
-5.0,2.5,0.0,3.82,0.12,-0.23,-1.23,-0.63,2.26,-0.19,-0.48,11.193,7.514,9.221,9.898,10.69,9.61,8.34,7.46,-0.001,0.0,-0.0,0.21,0.01,-121.755583,36.5863856,150.9
-5.3,2.5,0.0,3.83,0.03,-0.01,-0.98,1.72,0.66,-0.18,-0.4,11.9,8.633,8.535,8.907,10.79,10.69,7.06,9.52,-0.002,-0.0,-0.0,0.41,0.03,-121.7555846,36.5863868,150.95
-5.6,2.5,0.0,3.82,0.15,-0.19,-0.77,0.87,-1.04,-0.16,-0.41,9.888,9.682,10.055,10.144,10.89,10.69,10.69,9.32,-0.002,-0.0,-0.0,0.33,0.02,-121.7555863,36.5863879,151.0
-5.7,2.5,0.0,3.82,-0.14,-0.22,-0.51,0.22,-0.3,-0.17,-0.44,9.771,7.701,10.153,11.026,9.91,10.69,10.2,10.2,-0.002,-0.0,-0.0,0.21,0.01,-121.7555879,36.586389,151.05
-5.6,2.5,0.0,3.81,0.38,-0.03,-0.49,1.63,0.33,-0.08,-0.43,11.762,7.514,10.614,9.604,9.91,8.93,9.42,7.85,-0.001,-0.0,-0.0,0.18,0.01,-121.7555895,36.5863901,151.1
-5.9,2.5,0.0,3.8,-0.47,-0.39,-0.79,-0.47,2.79,-0.08,-0.33,11.389,8.927,9.977,9.643,11.38,9.22,9.91,8.53,-0.001,-0.0,-0.0,0.3,0.02,-121.7555911,36.5863912,151.15
-6.0,2.5,0.0,3.79,-0.11,0.44,-1.03,0.88,0.42,-0.06,-0.31,10.713,8.77,9.653,9.849,10.79,10.59,12.65,9.22,-0.002,-0.001,-0.0,0.43,0.03,-121.7555928,36.5863923,151.2
-6.0,2.5,0.0,3.78,-0.09,0.09,-0.63,1.32,0.24,-0.02,-0.3,10.036,10.497,9.359,10.879,9.42,10.3,11.87,10.99,-0.001,-0.001,-0.0,0.35,0.02,-121.7555944,36.5863934,151.25
-5.8,2.5,0.0,3.76,-0.32,-0.3,-0.4,0.65,0.13,-0.0,-0.28,8.025,10.359,10.477,10.497,8.93,9.91,11.09,10.89,-0.001,-0.001,-0.0,0.28,0.02,-121.755596,36.5863945,151.3
-5.7,2.5,0.0,3.75,-0.47,-0.26,-0.66,1.88,1.86,0.01,-0.2,10.124,8.437,8.878,9.849,9.32,9.22,10.1,11.77,-0.001,-0.001,0.0,0.19,0.01,-121.7555976,36.5863956,151.35
-5.8,2.5,0.0,3.75,0.1,0.37,-1.23,-1.57,0.33,-0.04,-0.14,8.545,9.575,9.879,9.31,9.22,9.81,9.22,10.1,-0.0,-0.001,0.001,0.36,0.02,-121.7555992,36.5863967,151.4
-5.9,2.5,0.0,3.75,0.26,0.24,-1.26,0.21,1.78,-0.06,-0.03,10.153,9.977,8.682,8.044,9.91,10.69,7.95,11.09,-0.0,-0.001,0.001,0.42,0.03,-121.7556008,36.5863977,151.45
-5.8,2.5,0.0,3.74,-0.32,-0.38,-0.65,-1.91,0.79,-0.13,0.02,9.545,9.584,9.741,9.692,9.32,9.22,7.06,9.81,-0.001,-0.001,0.001,0.36,0.02,-121.7556024,36.5863988,151.5
-5.3,2.5,0.0,3.74,-0.3,-0.64,-0.5,1.36,0.58,-0.1,0.03,9.408,9.467,9.545,10.428,8.93,10.69,11.28,9.42,-0.001,-0.001,0.001,0.44,0.03,-121.755604,36.5863999,151.55
-5.1,2.5,0.0,3.72,-0.1,-0.51,-0.57,0.59,0.29,0.01,0.06,10.781,10.428,10.369,10.879,10.01,10.59,11.58,8.63,-0.001,-0.001,0.001,0.19,0.01,-121.7556056,36.586401,151.6
-5.3,2.5,0.0,3.73,0.05,0.24,-0.97,0.37,-0.25,0.0,0.05,9.967,10.379,10.379,9.388,10.1,9.52,11.28,8.83,-0.001,-0.002,0.001,0.3,0.02,-121.7556071,36.5864021,151.65
-5.3,2.5,0.0,3.72,-0.36,0.31,-1.05,0.11,0.96,-0.0,0.07,9.555,9.859,9.064,9.29,10.3,9.91,12.26,10.59,-0.001,-0.001,0.001,0.48,0.03,-121.7556087,36.5864032,151.7
-5.3,2.5,0.0,3.72,0.18,0.2,-0.47,0.09,-1.51,0.02,-0.0,8.064,10.614,8.809,9.388,12.07,9.32,9.42,9.61,-0.0,-0.001,0.001,0.53,0.03,-121.7556103,36.5864043,151.75
-5.4,2.5,0.0,3.72,-0.06,-0.09,-0.36,0.27,0.08,0.02,-0.01,9.947,8.535,9.781,9.771,10.99,7.16,9.22,10.89,-0.0,-0.001,0.001,0.59,0.04,-121.7556119,36.5864053,151.8
-5.3,2.5,0.0,3.7,-0.09,-0.24,-0.58,-0.49,0.6,0.01,0.03,8.662,8.26,10.801,10.212,9.42,9.71,6.67,10.99,-0.001,-0.001,0.001,0.34,0.02,-121.7556135,36.5864064,151.85
-5.2,2.5,0.0,3.7,-0.2,0.14,-1.05,-0.43,2.29,0.01,0.11,10.752,8.907,9.27,11.095,9.52,10.89,10.79,9.71,-0.001,-0.001,0.001,0.32,0.02,-121.755615,36.5864075,151.9
-5.4,2.5,0.0,3.69,0.0,0.05,-1.05,-2.31,1.51,-0.08,0.18,9.741,9.938,9.839,9.27,11.67,8.83,10.69,9.42,-0.001,-0.001,0.001,0.43,0.03,-121.7556166,36.5864086,151.95
-5.4,2.5,0.0,3.69,-0.29,-0.08,-0.97,-0.72,0.16,-0.16,0.23,8.858,10.889,8.957,9.506,11.97,10.79,7.36,9.42,-0.002,-0.001,0.001,0.69,0.04,-121.7556182,36.5864097,152.0
-5.2,2.5,0.0,3.7,0.2,-0.46,-0.32,0.05,-2.09,-0.14,0.17,8.083,11.026,9.996,9.977,10.3,10.5,7.46,9.71,-0.001,-0.001,0.001,0.57,0.04,-121.7556197,36.5864108,152.05
-5.1,2.5,0.0,3.7,-0.21,-0.24,-0.48,-0.95,-0.31,-0.19,0.14,9.123,9.633,10.222,9.074,10.99,9.22,10.79,9.32,-0.001,-0.0,0.001,0.36,0.02,-121.7556213,36.5864118,152.1
-5.0,2.5,0.0,3.68,-0.26,0.07,-0.9,0.07,0.25,-0.19,0.12,9.839,9.604,9.516,10.212,10.4,8.63,10.79,10.5,-0.001,-0.0,0.001,0.49,0.03,-121.7556229,36.5864129,152.15
-5.1,2.5,0.0,3.69,0.15,-0.3,-1.02,1.48,1.23,-0.12,0.13,9.732,9.516,10.261,9.928,10.01,9.52,10.79,8.73,-0.001,-0.001,0.001,0.34,0.02,-121.7556244,36.586414,152.2
-5.1,2.5,0.0,3.68,0.02,-0.31,-0.45,2.22,-0.87,-0.06,0.11,9.457,9.221,9.663,10.428,9.81,9.52,9.91,11.67,-0.001,-0.001,0.0,0.25,0.02,-121.755626,36.5864151,152.25
-5.1,2.5,0.0,3.68,-0.11,0.29,-0.37,-1.29,1.32,-0.11,0.16,9.859,8.643,10.487,10.261,10.2,9.81,9.03,8.53,-0.001,-0.001,0.0,0.39,0.02,-121.7556275,36.5864162,152.3
-4.9,2.5,0.0,3.67,-0.08,0.27,-0.43,2.3,0.33,-0.05,0.18,9.643,9.987,9.172,8.554,9.81,9.03,9.81,11.58,-0.001,-0.001,0.001,0.63,0.04,-121.7556291,36.5864173,152.35
-4.5,2.5,0.0,3.67,-0.14,-0.44,-0.73,-1.1,1.1,-0.05,0.22,8.721,8.907,9.378,10.144,9.61,9.81,10.01,8.73,-0.0,-0.001,0.001,0.34,0.02,-121.7556306,36.5864184,152.4
-3.0,2.5,0.0,3.67,-0.03,0.74,-0.86,0.8,-0.68,-0.05,0.21,7.505,11.595,10.997,8.672,14.22,16.68,9.32,9.61,-0.001,-0.001,0.001,0.51,0.03,-121.7556322,36.5864194,152.45
-1.4,2.5,0.0,3.66,-0.05,-0.99,-1.05,1.0,-0.19,0.05,0.22,11.733,12.047,8.24,10.31,15.01,4.32,7.75,11.18,-0.003,-0.004,0.0,0.18,0.01,-121.7556337,36.5864205,152.5
-1.0,2.5,0.0,3.64,-0.29,0.68,-0.94,-1.06,-5.52,0.02,-0.01,11.262,10.82,10.84,10.899,11.09,7.06,8.14,9.12,-0.004,-0.004,-0.001,0.5,0.03,-121.7556353,36.5864216,152.55
-1.0,2.5,0.0,3.64,-0.47,0.49,-0.08,1.28,-3.16,0.02,-0.23,8.819,10.369,9.8,9.898,10.79,11.18,10.2,10.2,-0.003,-0.002,-0.001,0.75,0.05,-121.7556368,36.5864227,152.6
-0.7,2.5,0.0,3.63,-0.57,0.13,-0.01,-0.25,-4.68,0.02,-0.45,9.732,9.457,10.006,8.76,8.83,11.67,8.14,8.63,-0.002,-0.001,-0.001,0.75,0.05,-121.7556383,36.5864238,152.65
-0.5,2.5,0.0,3.62,-0.02,0.03,0.04,-0.7,-3.37,0.02,-0.63,7.956,11.066,9.015,8.79,7.55,11.58,12.65,10.01,-0.002,-0.001,-0.0,0.61,0.04,-121.7556399,36.5864248,152.7
-0.8,2.5,0.0,3.6,-0.02,-0.43,-0.36,1.62,-4.68,0.08,-0.87,8.643,9.369,9.81,9.555,10.89,8.83,10.99,11.38,-0.001,-0.0,-0.0,0.41,0.03,-121.7556414,36.5864259,152.75
-1.1,2.5,0.0,3.6,0.15,0.14,-0.39,-0.02,-1.9,0.07,-1.0,9.643,7.044,9.869,10.595,11.58,9.12,10.89,10.5,-0.0,-0.0,-0.0,0.32,0.02,-121.7556429,36.586427,152.8
-1.1,2.5,0.0,3.59,0.15,0.65,0.03,0.39,-2.6,0.03,-1.1,10.418,8.299,8.78,9.771,10.79,8.14,9.42,11.58,-0.0,-0.001,-0.0,0.55,0.03,-121.7556444,36.586428,152.85
-0.8,2.5,0.0,3.57,0.42,-0.27,0.06,-1.07,-0.23,-0.05,-1.14,11.929,7.22,10.212,10.094,10.01,9.42,9.03,10.1,-0.0,-0.001,-0.0,0.9,0.06,-121.7556459,36.5864291,152.9
-0.6,2.6,0.0,3.57,0.07,-0.74,-0.3,-0.22,-0.64,-0.03,-1.18,11.684,8.26,9.31,9.643,10.89,9.42,9.12,10.5,-0.0,-0.001,0.0,0.47,0.03,-121.7556474,36.5864301,152.95
-0.7,2.5,0.0,3.58,0.41,0.15,-0.49,-1.68,-0.79,-0.07,-1.23,9.231,9.094,9.192,9.624,10.99,10.69,10.4,9.81,-0.001,-0.001,0.0,0.48,0.03,-121.755649,36.5864312,153.0
-0.8,2.5,0.0,3.58,0.31,0.24,-0.53,1.42,-1.82,-0.07,-1.31,10.624,9.633,10.124,8.957,9.42,10.79,9.91,10.5,-0.001,-0.001,0.0,0.49,0.03,-121.7556505,36.5864323,153.05
-0.6,2.5,0.0,3.58,0.15,-0.19,-0.26,-0.62,-1.29,-0.09,-1.39,8.741,11.056,11.017,10.232,9.61,9.52,12.26,7.95,-0.001,-0.001,0.0,0.62,0.04,-121.755652,36.5864333,153.1
-0.5,2.5,0.0,3.56,-0.36,-0.02,0.19,1.68,-0.93,-0.06,-1.48,6.818,10.281,13.008,12.763,9.52,9.42,3.43,20.31,-0.001,-0.001,-0.001,0.51,0.03,-121.7556535,36.5864344,153.15
-0.5,2.5,0.0,3.54,0.07,-0.2,-0.21,-0.43,1.58,-0.02,-1.4,9.575,11.075,10.32,11.595,10.3,9.91,12.16,12.16,-0.001,-0.001,-0.003,0.17,0.01,-121.7556549,36.5864354,153.2
-0.5,2.5,0.0,3.52,0.05,0.11,-0.42,-2.35,5.1,-0.07,-1.18,10.713,10.222,8.868,9.81,11.28,9.52,6.57,6.28,-0.001,-0.001,-0.002,0.34,0.02,-121.7556564,36.5864365,153.25
-0.7,2.6,0.0,3.53,0.34,0.45,-0.54,1.57,1.62,-0.04,-1.06,11.605,8.554,8.417,9.388,12.75,8.24,11.77,11.67,-0.001,-0.001,0.0,0.42,0.03,-121.7556579,36.5864375,153.3
-0.4,2.6,0.0,3.51,0.11,-0.03,-0.02,0.72,2.02,-0.04,-0.96,9.094,8.191,10.212,10.899,12.85,8.63,10.3,11.38,-0.0,-0.001,0.0,0.68,0.04,-121.7556593,36.5864386,153.35
-0.1,2.6,0.0,3.5,-0.04,-0.47,0.48,1.62,2.71,0.03,-0.8,9.535,9.938,8.417,9.476,10.79,10.1,8.14,11.38,-0.0,-0.001,0.001,0.09,0.01,-121.7556608,36.5864396,153.4
-0.1,2.6,0.0,3.51,0.11,-0.22,-0.12,1.44,3.0,0.06,-0.6,7.328,12.253,7.534,8.26,10.3,10.99,9.61,10.59,-0.0,-0.001,0.001,0.07,0.0,-121.7556623,36.5864407,153.45
-0.4,2.6,0.0,3.5,-0.07,-0.38,-0.98,0.43,2.72,0.03,-0.46,8.515,10.291,8.849,8.044,8.93,11.28,9.81,8.73,-0.0,-0.001,0.001,0.13,0.01,-121.7556638,36.5864417,153.5
-0.6,2.6,0.0,3.51,0.05,0.32,-0.69,-3.29,1.46,-0.09,-0.39,8.594,10.438,9.81,8.643,9.32,11.77,9.32,7.55,-0.001,-0.001,0.001,0.62,0.04,-121.7556652,36.5864428,153.55
-0.6,2.6,0.0,3.52,0.17,0.18,-0.17,-0.94,0.36,-0.12,-0.35,8.466,11.213,9.584,7.926,10.3,10.4,11.77,8.24,-0.001,-0.001,0.001,0.76,0.05,-121.7556667,36.5864438,153.6
-0.2,2.6,0.0,3.51,-0.05,-0.29,0.3,-0.76,0.02,-0.14,-0.36,8.427,12.988,10.457,10.663,9.12,10.1,11.18,9.91,-0.002,-0.001,0.001,0.54,0.03,-121.7556682,36.5864449,153.65
0.2,2.6,0.0,3.51,0.03,-0.55,0.03,0.38,-1.18,-0.13,-0.41,10.86,8.966,10.997,10.261,8.53,9.81,10.69,8.34,-0.002,-0.001,0.0,0.03,0.0,-121.7556697,36.5864459,153.7
0.2,2.6,0.0,3.52,0.13,0.08,-0.56,-1.12,-0.16,-0.21,-0.42,10.045,7.917,11.242,9.741,9.91,10.2,11.58,8.83,-0.001,-0.001,0.0,0.28,0.02,-121.7556711,36.5864469,153.75
0.2,2.6,0.0,3.52,0.07,-0.16,-0.36,1.28,0.02,-0.13,-0.4,6.818,10.948,10.212,9.457,8.83,11.18,10.1,8.83,-0.001,-0.001,0.0,0.27,0.02,-121.7556726,36.586448,153.8
0.1,2.6,0.0,3.52,0.08,-0.02,0.15,-2.02,0.06,-0.17,-0.41,7.985,10.104,10.006,9.359,9.32,9.52,10.4,10.2,-0.0,-0.001,0.001,0.44,0.03,-121.7556741,36.586449,153.85
0.2,2.6,0.0,3.52,0.05,0.06,-0.16,-0.83,1.3,-0.18,-0.39,7.681,8.927,11.654,10.183,11.28,11.18,11.38,10.1,-0.0,-0.001,0.0,0.45,0.03,-121.7556756,36.5864501,153.9
0.5,2.6,0.0,3.53,0.17,-0.26,0.28,-1.09,0.93,-0.2,-0.36,9.555,9.996,10.281,9.457,9.71,9.52,11.77,10.5,-0.001,-0.001,0.0,0.34,0.02,-121.7556771,36.5864511,153.95
0.7,2.6,0.0,3.53,0.62,-0.3,-0.06,-0.71,1.36,-0.18,-0.31,10.242,10.045,9.8,9.241,10.1,8.83,9.91,9.12,-0.001,-0.001,0.0,0.25,0.02,-121.7556785,36.5864522,154.0
0.6,2.6,0.0,3.54,0.35,0.06,-0.44,2.13,-0.02,-0.1,-0.31,10.703,9.408,7.877,9.977,9.91,9.03,10.4,9.61,-0.001,-0.001,0.0,0.32,0.02,-121.75568,36.5864532,154.05
0.5,2.6,0.0,3.54,0.09,0.41,-0.69,0.01,-1.99,-0.13,-0.37,7.485,10.605,9.918,8.839,11.38,8.83,10.2,10.5,-0.001,-0.001,0.0,0.36,0.02,-121.7556815,36.5864543,154.1
0.5,2.7,0.0,3.56,0.08,-0.25,-0.11,1.33,0.06,-0.1,-0.38,8.878,9.476,10.399,8.888,11.38,10.01,10.5,9.22,-0.001,-0.0,0.0,0.31,0.02,-121.7556831,36.5864553,154.15
0.5,2.7,0.0,3.56,0.05,0.0,0.26,0.76,-0.37,-0.06,-0.39,7.799,12.135,11.262,10.644,8.14,11.97,11.58,12.16,-0.001,-0.001,0.0,0.28,0.02,-121.7556846,36.5864564,154.2
0.6,2.7,0.0,3.57,0.27,0.33,-0.22,-0.22,0.1,-0.05,-0.4,10.134,10.369,10.016,9.575,9.12,8.14,9.61,10.3,-0.001,-0.002,-0.0,0.28,0.02,-121.7556861,36.5864575,154.25
0.5,2.7,0.0,3.56,0.33,0.2,-0.55,-0.62,-0.07,-0.05,-0.42,9.555,9.722,9.182,10.86,9.81,8.34,11.28,10.99,-0.001,-0.001,-0.0,0.43,0.03,-121.7556876,36.5864585,154.3
0.4,2.7,0.0,3.57,0.07,-0.23,-0.57,-0.46,2.36,-0.1,-0.37,10.987,7.652,9.476,10.33,10.1,8.93,12.16,10.3,-0.001,-0.001,-0.0,0.4,0.02,-121.7556891,36.5864596,154.35
0.3,2.7,0.0,3.57,0.22,0.06,-0.55,-1.25,1.2,-0.12,-0.32,10.86,9.359,9.241,8.927,10.4,10.3,11.28,7.06,-0.001,-0.001,-0.0,0.47,0.03,-121.7556906,36.5864606,154.4
0.2,2.7,0.0,3.57,0.08,0.27,-0.26,-0.36,1.4,-0.15,-0.26,10.722,8.662,9.261,9.673,11.77,10.2,9.32,8.34,-0.001,-0.001,0.0,0.24,0.01,-121.7556921,36.5864617,154.45
0.3,2.7,0.0,3.57,-0.04,-0.18,-0.4,-0.69,-0.78,-0.17,-0.27,10.693,8.888,10.251,9.722,8.93,10.3,8.83,9.32,-0.002,-0.001,0.0,0.39,0.02,-121.7556935,36.5864627,154.5
0.5,2.7,0.0,3.58,0.08,-0.6,0.16,0.02,-0.33,-0.19,-0.3,10.791,7.789,9.781,10.644,8.93,8.83,10.59,11.28,-0.002,-0.001,-0.0,0.22,0.01,-121.755695,36.5864638,154.55
0.5,2.7,0.0,3.57,-0.32,-0.96,0.05,0.66,-0.05,-0.07,-0.3,9.241,10.575,9.251,9.055,9.71,9.61,9.91,10.89,-0.001,-0.001,-0.0,-0.04,-0.0,-121.7556965,36.5864649,154.6
0.1,2.7,0.0,3.58,0.22,0.3,-0.01,-0.83,-0.64,-0.12,-0.32,6.69,10.771,11.085,9.506,9.42,11.18,11.38,8.53,-0.001,-0.001,-0.0,0.32,0.02,-121.755698,36.5864659,154.65
-0.2,2.7,0.0,3.58,-0.05,-0.37,-0.16,0.85,-0.71,-0.13,-0.34,8.348,10.34,10.261,8.888,10.2,13.05,11.67,8.73,-0.001,-0.001,-0.0,0.35,0.02,-121.7556995,36.586467,154.7
-0.3,2.7,0.0,3.59,-0.24,-0.96,0.12,-0.68,-0.95,-0.07,-0.39,10.183,11.242,8.8,11.595,9.42,7.95,9.03,10.1,-0.002,-0.002,-0.0,0.2,0.01,-121.755701,36.5864681,154.75
-0.7,2.7,0.0,3.58,-0.13,0.27,-0.06,-1.31,-3.23,-0.1,-0.54,9.545,9.133,10.86,9.575,10.01,8.34,5.98,10.1,-0.001,-0.002,-0.0,0.27,0.02,-121.7557025,36.5864692,154.8
-1.9,2.7,0.0,3.59,0.09,-0.53,0.04,0.13,-0.62,-0.15,-0.63,9.398,9.506,11.252,10.899,8.63,9.61,11.09,10.89,-0.001,-0.001,0.0,0.26,0.02,-121.755704,36.5864702,154.85
-3.0,2.7,0.0,3.57,-0.18,-0.39,-0.3,0.57,-2.17,-0.06,-0.69,10.889,9.113,9.015,12.194,9.91,10.4,8.73,12.65,-0.0,-0.001,0.0,0.19,0.01,-121.7557055,36.5864713,154.9
-4.3,2.7,0.0,3.57,0.03,0.53,-0.84,-2.07,0.4,-0.14,-0.66,8.397,9.771,9.653,8.976,11.87,9.22,11.09,9.22,-0.001,-0.001,0.0,0.2,0.01,-121.755707,36.5864724,154.95
-5.6,2.7,0.0,3.58,0.42,-0.59,-0.57,-0.17,0.85,-0.19,-0.65,9.506,9.722,8.947,8.505,11.48,11.28,13.34,8.83,-0.001,-0.001,0.001,0.18,0.01,-121.7557085,36.5864734,155.0
-6.5,2.7,0.0,3.58,0.53,-0.36,-0.43,-0.43,-2.15,-0.18,-0.74,8.172,11.537,9.722,8.976,9.61,10.89,10.3,8.93,-0.001,-0.001,0.001,0.32,0.02,-121.75571,36.5864745,155.05
-7.9,2.7,0.0,3.58,0.31,-0.92,-0.25,-1.4,-1.0,-0.22,-0.83,8.427,8.486,10.271,10.163,8.53,8.63,9.03,10.59,-0.001,-0.001,0.001,0.1,0.01,-121.7557115,36.5864756,155.1
-10.6,2.7,0.0,3.57,-0.13,-0.2,-1.11,2.07,-0.91,-0.16,-0.87,8.692,9.594,10.193,9.555,8.63,8.73,10.1,11.77,-0.001,-0.001,0.001,-0.16,-0.01,-121.755713,36.5864766,155.15
-13.0,2.7,0.0,3.58,0.32,-0.06,-1.42,-0.89,-0.8,-0.17,-0.88,9.104,10.251,10.673,9.526,9.71,11.48,9.22,9.61,-0.0,-0.001,0.001,-0.11,-0.01,-121.7557145,36.5864777,155.2
-16.3,2.7,0.0,3.56,-0.52,-0.16,-1.58,-1.65,1.57,-0.25,-0.82,10.487,9.584,9.123,9.643,10.4,9.81,9.81,9.22,-0.001,-0.001,0.001,-0.2,-0.01,-121.755716,36.5864788,155.25
-19.5,2.7,0.0,3.58,0.46,-0.02,-1.93,0.49,-1.79,-0.21,-0.89,9.565,10.771,9.565,10.614,8.93,10.1,10.99,9.32,-0.001,-0.001,0.001,0.01,0.0,-121.7557175,36.5864799,155.3
-22.3,2.7,0.0,3.57,0.11,-0.62,-1.77,-1.29,0.78,-0.23,-0.89,9.781,10.163,9.908,9.457,10.3,10.01,12.07,9.61,-0.001,-0.001,0.001,-0.54,-0.03,-121.7557189,36.586481,155.35
-26.0,2.7,0.0,3.56,0.45,-0.1,-2.55,-1.5,1.09,-0.28,-0.87,8.996,9.751,11.223,10.281,10.89,7.85,9.42,10.59,-0.001,-0.001,0.001,-0.6,-0.04,-121.7557204,36.586482,155.4
-29.1,2.7,0.0,3.55,-0.23,-0.98,-3.26,-1.12,2.1,-0.28,-0.77,10.31,10.33,10.457,10.094,9.81,11.18,10.1,9.71,-0.001,-0.001,0.0,-0.8,-0.05,-121.7557218,36.5864831,155.45
-33.3,2.7,0.0,3.55,-0.25,-0.05,-3.99,-1.63,0.06,-0.34,-0.72,11.38,8.132,8.996,9.506,10.69,9.52,9.03,8.34,-0.002,-0.002,0.001,-0.8,-0.05,-121.7557232,36.5864842,155.5
-37.5,2.7,0.0,3.55,-0.54,0.15,-4.07,1.3,0.07,-0.34,-0.72,10.144,7.819,8.8,11.193,11.87,9.42,7.85,9.03,-0.001,-0.001,0.001,-0.79,-0.05,-121.7557246,36.5864853,155.55
-41.4,2.7,0.0,3.56,0.06,-0.16,-4.45,-0.06,0.2,-0.4,-0.73,11.036,9.898,8.221,10.428,11.18,8.93,8.63,10.5,-0.001,-0.001,0.001,-1.11,-0.07,-121.7557261,36.5864864,155.6
-45.4,2.7,0.0,3.55,0.27,-0.82,-4.55,0.08,-0.45,-0.4,-0.75,6.082,12.056,10.104,10.31,10.01,10.69,9.22,9.32,-0.001,-0.0,0.001,-1.35,-0.08,-121.7557275,36.5864875,155.65
-51.1,2.7,0.0,3.54,0.33,-1.87,-5.69,-1.2,0.33,-0.42,-0.72,9.329,9.251,9.408,8.692,8.14,10.1,11.87,11.09,-0.001,-0.0,0.001,-2.01,-0.12,-121.7557289,36.5864886,155.7
-56.3,2.7,0.0,3.53,-0.1,-0.84,-6.01,-1.87,0.84,-0.43,-0.68,8.495,10.752,10.35,8.554,9.32,10.4,8.73,9.12,-0.001,-0.001,0.001,-1.86,-0.11,-121.7557303,36.5864897,155.75
-63.3,2.7,0.0,3.52,-0.29,-0.44,-6.46,2.73,1.74,-0.38,-0.63,11.978,10.34,8.711,8.574,11.77,9.81,9.22,8.04,-0.002,-0.001,0.001,-2.03,-0.12,-121.7557317,36.5864909,155.8
-69.7,2.6,0.0,3.5,0.33,-0.53,-7.67,1.54,-1.56,-0.39,-0.67,8.79,11.86,9.251,10.546,11.38,10.5,8.34,10.5,-0.002,-0.001,0.001,-2.47,-0.15,-121.755733,36.586492,155.85
-74.7,2.6,0.0,3.49,0.13,-1.85,-7.99,-2.21,-1.26,-0.45,-0.72,7.887,11.164,9.604,9.81,8.53,11.38,9.81,8.14,-0.002,-0.001,0.001,-2.95,-0.18,-121.7557343,36.5864931,155.9
-79.1,2.6,0.0,3.47,-0.13,-1.32,-8.57,-2.37,-1.88,-0.44,-0.78,9.486,9.732,10.193,10.045,9.61,9.81,10.79,10.3,-0.002,-0.001,0.001,-2.91,-0.18,-121.7557357,36.5864942,155.95
-82.0,2.6,0.0,3.45,-0.31,-0.38,-9.35,2.04,0.04,-0.35,-0.83,11.066,7.936,8.809,9.025,11.38,7.55,10.59,10.4,-0.002,-0.0,0.001,-2.94,-0.18,-121.7557369,36.5864954,156.0
-85.6,2.5,0.0,3.45,-0.04,-0.24,-9.13,2.99,-1.18,-0.31,-0.89,7.357,10.35,9.918,9.241,11.48,9.81,9.42,10.2,-0.001,-0.0,0.001,-3.1,-0.19,-121.7557382,36.5864965,156.05
-90.1,2.5,0.0,3.43,-0.39,-1.07,-9.63,-2.6,-2.33,-0.39,-0.96,10.31,9.732,10.173,10.114,10.99,10.99,10.99,10.2,-0.001,-0.0,0.001,-3.37,-0.2,-121.7557395,36.5864977,156.1
-95.0,2.5,0.0,3.41,-0.41,-0.64,-10.29,-0.49,1.27,-0.37,-0.93,12.056,9.682,10.771,11.262,9.52,10.1,5.98,8.73,-0.002,-0.001,0.0,-3.27,-0.19,-121.7557407,36.5864988,156.15
-101.3,2.4,0.0,3.39,-0.05,-0.81,-10.77,2.83,-0.2,-0.29,-0.95,7.622,13.087,9.879,9.143,10.2,10.79,8.14,9.32,-0.002,-0.001,0.0,-3.77,-0.22,-121.7557419,36.5865,156.2
-108.9,2.4,0.0,3.39,0.31,-1.17,-11.35,-3.33,-1.96,-0.38,-1.01,9.918,9.378,9.467,9.555,7.85,11.38,9.71,8.73,-0.002,-0.0,0.0,-4.06,-0.24,-121.7557431,36.5865011,156.25
-116.2,2.4,0.0,3.37,-0.2,-0.75,-12.01,-1.69,-0.26,-0.43,-1.06,11.801,7.259,9.653,9.221,10.4,8.53,11.38,8.14,-0.002,0.0,0.001,-4.13,-0.24,-121.7557442,36.5865023,156.3
-123.4,2.4,0.0,3.35,-0.37,-0.75,-12.5,1.77,-0.84,-0.38,-1.11,9.32,8.937,10.35,10.693,9.81,9.32,10.3,8.73,-0.002,0.0,0.001,-4.45,-0.26,-121.7557454,36.5865035,156.35
-129.5,2.4,0.0,3.33,-0.11,-1.74,-12.56,-1.75,0.48,-0.41,-1.1,8.603,10.094,9.682,9.526,9.61,9.91,10.59,9.22,-0.002,-0.0,0.001,-4.92,-0.29,-121.7557465,36.5865047,156.4
-134.0,2.4,0.0,3.31,-0.55,-1.32,-13.69,-3.11,-0.8,-0.45,-1.13,11.448,7.446,11.409,10.713,9.81,10.1,9.03,8.24,-0.002,-0.0,0.001,-4.99,-0.29,-121.7557475,36.5865058,156.45
-137.5,2.4,0.0,3.3,-0.39,-0.55,-14.12,1.58,-0.58,-0.35,-1.17,10.418,9.849,9.604,10.065,11.09,8.44,11.18,9.52,-0.002,-0.001,0.001,-4.95,-0.29,-121.7557486,36.586507,156.5
-140.4,2.4,0.0,3.3,0.4,-0.96,-14.48,1.15,-0.34,-0.31,-1.2,10.222,8.809,10.114,9.006,10.69,9.61,10.99,8.63,-0.002,-0.0,0.001,-5.23,-0.3,-121.7557496,36.5865082,156.55
-142.8,2.4,0.0,3.29,0.11,-1.06,-14.37,-0.04,-0.33,-0.3,-1.23,10.565,8.554,9.614,9.339,12.07,9.12,10.59,10.2,-0.001,-0.0,0.001,-5.34,-0.31,-121.7557506,36.5865094,156.6
-144.5,2.4,0.0,3.27,0.01,-1.1,-14.56,0.12,-0.28,-0.21,-1.25,10.045,8.692,9.653,10.163,11.38,9.42,9.32,11.38,-0.001,-0.001,0.001,-5.52,-0.32,-121.7557516,36.5865106,156.65
-148.3,2.4,0.0,3.27,0.04,-0.62,-14.84,0.1,0.1,-0.18,-1.25,9.947,10.369,9.79,9.624,9.22,7.95,9.32,10.3,-0.001,-0.001,0.001,-5.55,-0.32,-121.7557525,36.5865119,156.7
-152.7,2.4,0.0,3.24,-0.26,-0.59,-14.57,-0.16,0.04,-0.2,-1.25,9.241,9.624,10.34,9.123,10.1,9.91,8.24,9.91,-0.001,-0.001,0.001,-5.45,-0.31,-121.7557535,36.5865131,156.75
-158.5,2.5,0.0,3.24,0.27,-1.07,-15.36,-0.83,0.54,-0.22,-1.24,9.643,8.907,10.271,9.143,10.79,9.91,10.1,9.32,-0.001,-0.001,0.001,-5.5,-0.31,-121.7557544,36.5865143,156.8
-165.5,2.4,0.0,3.23,-0.04,-0.86,-16.08,-2.07,0.33,-0.32,-1.23,10.614,9.123,9.339,9.643,10.1,9.61,9.81,9.42,-0.001,-0.0,0.001,-5.74,-0.33,-121.7557552,36.5865155,156.85
-171.6,2.5,0.0,3.22,-0.05,-1.0,-16.03,-1.98,1.06,-0.39,-1.2,9.369,10.301,10.899,9.771,10.3,9.32,7.26,11.18,-0.001,-0.0,0.002,-5.87,-0.33,-121.755756,36.5865168,156.9
-174.8,2.5,0.0,3.2,-0.25,-1.79,-16.35,0.14,2.78,-0.38,-1.1,9.957,8.966,8.672,10.497,8.93,10.2,7.06,9.61,-0.001,-0.001,0.002,-6.56,-0.37,-121.7557568,36.586518,156.95
-177.4,2.6,0.0,3.2,0.12,-1.0,-17.71,0.15,-1.61,-0.34,-1.12,10.644,9.741,8.937,9.879,10.5,10.69,9.12,9.32,-0.001,-0.001,0.002,-6.81,-0.38,-121.7557576,36.5865193,157.0
-180.4,2.6,0.0,3.19,-0.03,-0.66,-17.51,0.49,0.91,-0.35,-1.08,9.555,9.673,10.408,9.771,9.91,10.1,13.15,9.12,-0.001,-0.001,0.002,-6.66,-0.37,-121.7557584,36.5865205,157.05
-183.6,2.6,0.0,3.17,-0.3,-0.93,-17.38,0.02,-0.28,-0.34,-1.09,8.976,10.84,9.408,10.399,10.3,10.2,12.26,9.42,-0.001,-0.001,0.002,-6.52,-0.36,-121.7557591,36.5865218,157.1
-185.8,2.6,0.0,3.17,-0.22,-1.11,-17.15,-1.55,1.18,-0.41,-1.06,8.927,9.918,11.674,9.771,11.09,10.2,10.1,8.73,-0.001,-0.001,0.002,-6.46,-0.36,-121.7557598,36.5865231,157.15
-188.2,2.6,0.0,3.17,0.05,-1.43,-17.54,1.47,0.51,-0.37,-1.05,11.743,8.446,10.094,10.811,12.56,10.69,10.1,10.1,-0.001,-0.001,0.002,-6.61,-0.37,-121.7557605,36.5865243,157.2
-190.6,2.6,0.0,3.15,-0.05,-1.02,-17.83,-0.96,0.12,-0.4,-1.04,11.546,9.192,9.977,9.221,10.69,9.42,10.1,8.34,-0.001,-0.001,0.002,-7.01,-0.39,-121.7557611,36.5865256,157.25
-192.2,2.6,0.0,3.14,-0.11,-1.26,-18.27,0.6,1.11,-0.35,-1.02,10.722,9.329,9.555,9.437,8.73,9.12,11.38,9.32,-0.001,-0.001,0.003,-7.13,-0.39,-121.7557618,36.5865269,157.3
-194.1,2.7,0.0,3.14,-0.07,-1.54,-18.3,1.13,-0.41,-0.27,-1.06,7.809,9.849,9.614,9.104,9.03,10.4,9.61,8.63,-0.0,-0.0,0.003,-7.42,-0.41,-121.7557624,36.5865282,157.35
-194.9,2.7,0.0,3.14,0.12,-0.83,-18.07,-0.53,0.81,-0.26,-1.04,6.435,11.193,9.241,8.907,8.53,10.79,9.42,9.32,0.0,-0.0,0.003,-7.21,-0.4,-121.7557629,36.5865295,157.4
-195.8,2.7,0.0,3.13,-0.11,-0.79,-18.03,-1.04,1.16,-0.29,-1.02,9.938,9.771,10.497,9.506,9.91,10.79,10.79,11.38,-0.0,-0.001,0.003,-7.08,-0.39,-121.7557635,36.5865308,157.45
-196.4,2.7,0.0,3.13,0.01,-0.34,-18.44,-3.2,0.1,-0.41,-1.01,8.074,11.968,11.448,9.555,9.61,11.09,12.26,10.3,-0.0,-0.001,0.003,-6.81,-0.37,-121.755764,36.5865321,157.5
-197.0,2.7,0.0,3.12,0.11,-0.92,-18.11,-1.11,1.85,-0.51,-0.96,12.076,8.829,10.163,8.074,10.3,10.4,10.4,10.2,-0.001,-0.001,0.003,-6.79,-0.37,-121.7557645,36.5865334,157.55
-196.8,2.7,0.0,3.12,-0.01,-1.27,-18.35,-1.64,0.61,-0.59,-0.94,9.545,9.28,9.28,10.163,11.87,8.83,8.83,10.3,-0.001,-0.001,0.003,-7.06,-0.39,-121.7557649,36.5865347,157.6
-196.6,2.7,0.0,3.11,0.01,-1.66,-18.74,-0.89,0.52,-0.61,-0.92,10.781,8.554,8.142,9.604,10.1,8.73,10.5,9.71,-0.001,-0.0,0.003,-7.4,-0.4,-121.7557654,36.586536,157.65
-196.5,2.7,0.0,3.11,-0.03,-0.61,-19.17,0.09,-1.61,-0.64,-0.95,9.408,8.456,10.997,10.379,10.89,9.32,8.44,10.69,-0.0,-0.0,0.003,-7.34,-0.4,-121.7557658,36.5865373,157.7
-196.4,2.7,0.0,3.11,-0.43,-1.23,-18.44,1.24,1.72,-0.61,-0.9,11.389,8.231,10.202,9.947,8.53,10.1,9.61,10.3,-0.001,-0.0,0.003,-7.28,-0.4,-121.7557662,36.5865387,157.75
-196.2,2.7,0.0,3.1,-0.37,-0.93,-18.6,0.41,0.24,-0.58,-0.88,9.349,11.262,9.025,10.183,10.99,9.71,12.36,10.3,-0.001,-0.001,0.003,-7.27,-0.4,-121.7557665,36.58654,157.8
-196.2,2.7,0.0,3.1,-0.04,-0.67,-17.63,0.4,0.26,-0.58,-0.86,11.36,9.408,9.967,9.79,11.38,10.01,10.4,10.01,-0.001,-0.0,0.003,-7.12,-0.39,-121.7557669,36.5865413,157.85
-196.1,2.7,0.0,3.08,-0.51,-1.45,-18.37,1.78,-1.19,-0.5,-0.89,10.281,8.388,8.976,10.663,9.61,10.4,9.03,11.77,-0.001,-0.0,0.003,-7.33,-0.4,-121.7557671,36.5865427,157.9
-196.2,2.7,0.0,3.09,-0.16,-1.45,-18.41,-1.11,0.71,-0.49,-0.87,9.79,8.515,9.104,10.33,9.22,8.53,8.73,8.93,-0.001,0.0,0.002,-7.61,-0.41,-121.7557673,36.586544,157.95
-196.6,2.7,0.0,3.08,-0.24,-0.93,-18.75,0.56,0.35,-0.49,-0.85,10.114,8.162,10.251,8.976,10.2,11.38,11.58,7.85,-0.0,0.0,0.002,-7.44,-0.4,-121.7557676,36.5865454,158.0
-196.6,2.8,0.0,3.09,-0.01,-0.94,-18.18,0.45,1.1,-0.48,-0.81,11.713,9.094,9.202,9.31,10.1,9.03,9.91,10.2,-0.001,-0.0,0.002,-7.25,-0.39,-121.7557678,36.5865467,158.05
-196.1,2.7,0.0,3.09,-0.2,-1.04,-18.19,-0.72,0.66,-0.5,-0.8,10.399,8.652,9.427,10.016,9.52,10.2,10.1,7.95,-0.001,-0.0,0.002,-7.34,-0.4,-121.755768,36.5865481,158.1
-195.5,2.8,0.0,3.1,0.16,-0.89,-18.17,-1.19,-0.85,-0.54,-0.85,11.458,9.486,10.291,9.879,11.28,7.46,10.4,11.09,-0.001,-0.0,0.002,-7.41,-0.4,-121.7557682,36.5865494,158.15
-195.3,2.8,0.0,3.1,0.49,-0.93,-18.1,-2.16,1.9,-0.61,-0.81,7.711,10.663,9.722,11.546,9.71,9.32,8.44,10.79,-0.0,0.0,0.002,-7.32,-0.4,-121.7557684,36.5865508,158.2
-194.8,2.8,0.0,3.08,0.01,-1.46,-18.39,-0.9,1.26,-0.63,-0.75,9.663,8.77,9.545,9.928,8.83,10.69,9.91,9.81,-0.0,0.0,0.002,-7.52,-0.41,-121.7557685,36.5865521,158.25
-194.5,2.8,0.0,3.09,-0.16,-0.46,-17.64,-5.33,1.95,-0.82,-0.66,7.328,9.064,10.183,7.161,9.42,9.42,10.89,10.59,-0.0,0.0,0.003,-7.0,-0.38,-121.7557686,36.5865535,158.3
-191.5,2.8,0.0,3.09,-0.67,-0.92,-18.04,-1.19,2.0,-0.88,-0.57,12.969,6.651,8.231,10.065,11.09,8.83,8.73,11.67,-0.0,-0.0,0.003,-7.0,-0.38,-121.7557687,36.5865548,158.35
-185.0,2.8,0.0,3.1,-0.03,0.02,-17.21,0.83,0.81,-0.94,-0.54,8.839,10.085,10.899,9.879,9.71,8.83,9.32,10.2,-0.0,-0.001,0.003,-6.66,-0.36,-121.7557688,36.5865562,158.4
-175.7,2.8,0.0,3.11,0.15,-0.78,-16.41,0.57,2.17,-0.96,-0.47,8.132,8.917,8.034,11.38,6.18,9.22,10.99,10.2,0.001,-0.001,0.003,-7.06,-0.39,-121.7557688,36.5865576,158.45
-164.2,2.8,0.0,3.11,0.03,-0.38,-15.64,-4.93,1.99,-1.14,-0.38,9.908,9.653,11.507,8.809,6.57,10.69,12.16,10.1,0.0,-0.001,0.004,-6.4,-0.35,-121.7557688,36.586559,158.5
-152.6,2.8,0.0,3.11,-0.46,-0.92,-14.96,0.91,2.2,-1.05,-0.27,15.225,6.72,9.938,9.408,12.36,10.59,9.32,11.87,-0.001,-0.002,0.004,-5.91,-0.32,-121.7557688,36.5865603,158.55
-141.5,2.8,0.0,3.12,-0.3,0.25,-14.24,3.77,0.26,-0.86,-0.25,10.261,9.663,10.35,9.722,14.42,7.75,9.12,12.16,-0.0,-0.002,0.004,-5.69,-0.31,-121.7557688,36.5865617,158.6
-133.4,2.8,0.0,3.12,-0.02,-0.68,-13.29,3.96,0.59,-0.78,-0.23,8.388,10.036,9.251,10.016,10.99,10.3,7.55,10.3,-0.0,-0.001,0.004,-5.54,-0.3,-121.7557687,36.5865631,158.65
-127.6,2.8,0.0,3.13,0.14,-1.78,-12.56,0.29,0.61,-0.66,-0.2,6.632,12.831,10.614,9.673,8.63,11.09,11.87,8.63,-0.0,-0.001,0.003,-5.76,-0.32,-121.7557687,36.5865645,158.7
-121.7,2.8,0.0,3.15,0.5,-1.22,-12.82,-0.0,0.68,-0.59,-0.19,10.693,8.378,9.839,8.672,10.2,11.18,9.32,8.14,-0.001,-0.0,0.003,-5.44,-0.3,-121.7557686,36.5865659,158.75
-117.6,2.8,0.0,3.16,0.28,0.03,-12.07,3.93,1.89,-0.44,-0.13,6.21,12.223,10.928,8.976,11.87,9.91,10.59,9.52,-0.001,-0.0,0.002,-4.73,-0.26,-121.7557686,36.5865673,158.8
-113.2,2.8,0.0,3.17,0.63,-1.78,-11.72,0.97,0.39,-0.39,-0.11,7.524,10.222,8.996,10.094,3.14,10.59,10.99,11.48,-0.001,-0.0,0.002,-5.11,-0.28,-121.7557685,36.5865687,158.85
-110.5,2.8,0.0,3.2,0.59,0.25,-10.85,-6.69,3.01,-0.51,0.0,7.838,7.269,9.427,9.692,21.48,9.81,9.32,11.09,0.001,0.0,0.002,-4.46,-0.25,-121.7557683,36.5865701,158.9
-101.6,2.8,0.0,3.21,0.46,0.66,-10.24,2.95,2.98,-0.52,0.19,13.253,8.27,8.535,7.407,16.28,6.97,8.04,9.61,-0.002,-0.001,0.002,-3.54,-0.2,-121.7557682,36.5865715,158.95
-89.4,2.8,0.0,3.23,0.28,-0.88,-10.03,4.89,1.55,-0.39,0.29,10.575,13.901,8.554,8.692,4.41,10.99,7.06,11.18,-0.006,-0.002,0.001,-3.55,-0.2,-121.7557681,36.5865729,159.0
-81.4,2.8,0.0,3.27,0.91,-1.49,-10.3,4.5,-2.82,-0.12,0.16,11.125,9.977,10.006,10.183,9.12,14.52,9.03,10.2,-0.006,-0.002,-0.002,-3.98,-0.23,-121.7557679,36.5865743,159.05
-76.2,2.8,0.0,3.32,1.29,-0.02,-10.0,3.89,-6.34,0.11,-0.11,10.144,7.416,9.3,10.477,9.52,7.26,10.89,12.95,-0.005,-0.0,-0.005,-3.87,-0.22,-121.7557678,36.5865759,159.1
-70.5,2.8,0.0,3.34,0.56,0.62,-8.76,2.42,-2.33,0.19,-0.29,8.839,6.828,8.074,10.065,11.87,6.67,8.44,10.69,-0.003,0.001,-0.007,-3.11,-0.18,-121.7557676,36.5865773,159.15
-63.3,2.8,0.0,3.37,0.1,0.39,-7.43,1.5,-2.96,0.26,-0.43,8.947,8.858,6.082,10.212,10.59,8.53,6.87,9.91,-0.003,0.002,-0.008,-2.46,-0.14,-121.7557674,36.5865788,159.2
-58.0,2.8,0.0,3.41,1.06,1.22,-7.58,1.62,-3.85,0.21,-0.55,11.86,6.18,12.704,10.183,11.09,9.12,7.36,11.38,-0.004,0.002,-0.008,-1.44,-0.09,-121.7557672,36.5865803,159.25
-52.9,2.8,0.0,3.44,1.01,-0.64,-6.7,4.29,-0.86,0.33,-0.59,9.604,11.026,11.85,9.31,10.3,9.61,6.67,9.81,-0.004,0.002,-0.01,-1.58,-0.09,-121.7557671,36.5865818,159.3
-48.2,2.8,0.0,3.46,0.71,-1.41,-5.17,-0.71,1.49,0.37,-0.56,8.397,12.351,8.741,8.839,9.71,10.69,8.14,8.34,-0.004,0.002,-0.01,-2.36,-0.14,-121.7557669,36.5865833,159.35
-43.7,2.8,0.0,3.49,0.53,-0.25,-5.35,-0.43,-2.07,0.38,-0.66,10.428,7.897,9.957,8.358,8.53,10.3,13.05,6.57,-0.004,0.002,-0.009,-2.02,-0.12,-121.7557667,36.5865849,159.4
-41.1,2.8,0.0,3.54,0.53,0.12,-4.75,4.32,-2.4,0.62,-0.77,8.662,7.004,11.635,11.576,7.95,9.52,12.16,9.52,-0.003,0.003,-0.009,-1.57,-0.1,-121.7557664,36.5865864,159.45
-39.8,2.8,0.0,3.57,0.59,0.49,-4.41,4.02,-2.07,0.82,-0.86,9.555,9.006,9.025,11.232,10.1,9.61,10.79,11.97,-0.002,0.003,-0.009,-1.48,-0.09,-121.7557662,36.586588,159.5
-38.7,2.8,0.0,3.61,0.35,0.05,-4.29,1.44,1.37,0.88,-0.84,9.849,9.624,8.515,8.123,10.5,10.89,2.16,11.09,-0.003,0.002,-0.009,-1.58,-0.1,-121.755766,36.5865896,159.55
-37.4,2.8,0.0,3.66,0.76,0.41,-4.94,-0.79,-3.91,0.88,-0.96,7.485,11.331,6.023,7.809,8.83,9.32,25.02,8.83,-0.003,0.002,-0.009,-1.57,-0.1,-121.7557657,36.5865912,159.6
-36.5,2.8,0.0,3.71,1.01,1.24,-5.33,-3.05,-4.07,0.7,-1.18,9.094,6.995,11.919,12.459,12.26,6.87,4.61,14.32,-0.003,0.003,-0.01,-0.71,-0.05,-121.7557655,36.5865929,159.65
-35.4,2.8,0.0,3.7,-0.28,-0.55,-3.71,3.52,-0.4,0.82,-1.26,10.899,5.062,11.232,11.762,11.97,9.52,8.24,11.09,-0.003,0.002,-0.011,-1.15,-0.07,-121.7557652,36.5865945,159.7
-31.6,2.8,0.0,3.72,0.54,-0.01,-1.54,5.24,1.51,1.03,-1.18,13.489,7.603,10.909,11.694,15.3,12.95,16.97,13.24,-0.003,0.001,-0.01,-1.58,-0.1,-121.7557648,36.5865962,159.75
-27.5,2.8,0.0,3.73,0.57,0.29,-2.66,7.29,4.28,1.29,-0.97,9.565,12.782,7.828,7.573,8.04,12.95,9.81,8.83,-0.004,-0.001,-0.008,-1.79,-0.12,-121.7557645,36.5865978,159.8
-24.7,2.8,0.0,3.77,0.7,0.27,-3.92,7.83,-2.13,1.65,-1.0,9.692,12.184,6.72,8.476,8.34,10.99,12.16,13.93,-0.003,-0.001,-0.007,-1.55,-0.1,-121.7557642,36.5865995,159.85
-21.2,2.8,0.0,3.79,-0.08,1.1,-3.12,2.79,-1.62,1.85,-1.08,7.809,10.791,8.751,10.948,8.44,12.36,10.01,11.67,-0.002,-0.001,-0.007,-1.0,-0.07,-121.7557639,36.5866012,159.9
-16.7,2.8,0.0,3.82,0.28,1.38,-1.76,0.34,-1.38,1.94,-1.18,9.163,8.132,9.369,10.713,8.73,10.4,8.53,10.99,-0.0,-0.001,-0.007,-0.44,-0.03,-121.7557637,36.5866028,159.95
-12.1,2.8,0.0,3.82,0.09,1.28,-0.58,-0.88,0.41,1.91,-1.21,9.408,9.555,10.144,10.183,11.87,8.34,9.03,10.69,-0.0,-0.001,-0.006,0.1,0.01,-121.7557634,36.5866045,160.0
-8.0,2.8,0.0,3.84,0.48,0.51,-0.65,0.21,-0.1,1.86,-1.23,7.76,9.859,9.879,9.947,13.05,8.73,7.46,11.67,-0.0,-0.001,-0.004,0.07,0.0,-121.7557631,36.5866062,160.05
-1.5,2.8,0.0,3.85,0.57,0.46,-0.97,2.86,-0.2,1.95,-1.24,9.545,9.113,8.201,9.241,10.69,10.5,6.87,9.32,-0.001,-0.0,-0.003,0.1,0.01,-121.7557628,36.5866079,160.1
0.5,2.8,0.0,3.86,0.5,-0.09,-1.3,1.49,-0.81,2.02,-1.26,8.966,8.76,8.613,10.232,10.01,8.83,9.32,11.97,-0.0,-0.0,-0.002,-0.21,-0.01,-121.7557626,36.5866097,160.15
1.3,2.8,0.0,3.88,0.55,0.88,-0.08,1.69,0.09,2.05,-1.33,8.103,10.173,9.761,8.741,10.2,7.55,9.61,10.2,-0.0,-0.0,-0.002,0.08,0.01,-121.7557623,36.5866114,160.2
1.5,2.7,0.0,3.9,1.09,0.47,0.42,-0.57,-0.54,2.0,-1.38,8.554,11.478,9.231,8.142,8.04,9.22,11.38,9.81,-0.0,-0.0,-0.002,0.27,0.02,-121.755762,36.5866131,160.25
1.4,2.7,0.0,3.92,1.2,0.2,-0.36,-2.44,-1.03,1.94,-1.43,10.193,8.917,9.898,10.045,11.09,9.32,11.77,8.63,-0.0,-0.0,-0.002,0.36,0.02,-121.7557617,36.5866148,160.3
2.0,2.7,0.0,3.92,0.28,0.52,-0.78,-1.27,-0.07,1.87,-1.46,9.045,10.408,11.134,9.898,11.87,9.81,11.58,9.61,-0.0,-0.0,-0.002,0.58,0.04,-121.7557614,36.5866166,160.35
3.4,2.7,0.0,3.94,0.66,0.05,-0.01,0.69,-0.05,1.85,-1.46,9.869,10.399,9.3,9.898,11.58,8.14,14.13,9.61,-0.0,-0.001,-0.002,0.28,0.02,-121.7557611,36.5866183,160.4
4.5,2.7,0.0,3.94,0.67,0.17,0.43,-0.78,0.47,1.8,-1.44,10.742,10.438,9.81,11.282,10.79,9.32,7.36,7.55,-0.0,-0.001,-0.002,0.25,0.02,-121.7557608,36.5866201,160.45
6.7,2.7,0.0,3.96,0.68,0.33,1.27,-0.65,0.84,1.75,-1.41,7.995,10.919,8.947,10.183,10.59,8.63,9.22,9.81,0.001,-0.001,-0.001,0.35,0.02,-121.7557605,36.5866218,160.5
9.4,2.7,0.0,3.98,0.1,0.05,0.65,-1.17,2.34,1.67,-1.34,6.955,9.977,10.075,9.555,11.18,8.83,8.93,13.15,0.002,-0.001,0.0,0.43,0.03,-121.7557602,36.5866236,160.55
13.6,2.7,0.0,3.99,0.63,0.37,0.39,-2.21,2.33,1.63,-1.24,6.308,10.614,11.223,10.33,7.85,8.73,8.53,9.81,0.001,-0.001,-0.0,0.76,0.05,-121.75576,36.5866253,160.6
18.7,2.7,0.0,4.01,1.03,0.66,1.32,-1.56,3.19,1.58,-1.1,8.083,10.742,9.682,7.76,8.53,10.99,10.5,10.89,0.0,-0.002,0.0,0.98,0.07,-121.7557597,36.5866271,160.65
21.6,2.7,0.0,4.03,0.51,0.58,1.92,-0.81,1.88,1.58,-1.01,7.946,10.457,9.192,9.898,11.28,8.83,5.98,8.04,0.001,-0.002,0.0,0.96,0.07,-121.7557594,36.5866289,160.7
26.2,2.7,0.0,4.03,0.59,0.86,3.12,0.63,1.59,1.5,-0.95,10.722,7.671,9.653,10.428,11.58,8.24,6.77,14.03,0.002,-0.002,0.002,0.9,0.06,-121.7557592,36.5866307,160.75
29.9,2.7,0.0,4.06,1.03,1.25,3.74,-1.77,0.9,1.37,-0.89,9.938,8.927,8.456,8.24,11.97,9.61,8.24,10.89,0.002,-0.002,0.003,1.31,0.09,-121.7557589,36.5866325,160.8
32.7,2.7,0.0,4.08,0.72,0.5,2.88,-0.44,2.05,1.35,-0.81,11.026,7.593,9.575,10.928,10.79,10.79,8.53,11.09,0.002,-0.002,0.003,1.48,0.11,-121.7557586,36.5866343,160.85
34.1,2.7,0.0,4.1,0.96,0.52,3.28,-0.02,-0.2,1.32,-0.78,10.389,8.849,8.643,9.339,10.59,10.2,7.16,10.1,0.002,-0.002,0.004,1.46,0.1,-121.7557584,36.5866362,160.9
34.1,2.7,0.0,4.11,0.72,0.44,3.66,-4.02,2.57,1.15,-0.69,10.644,8.407,9.251,10.045,8.73,8.63,10.79,10.3,0.002,-0.002,0.004,1.44,0.1,-121.7557582,36.586638,160.95
34.2,2.7,0.0,4.12,0.49,0.32,3.55,0.66,-0.1,1.11,-0.7,9.575,9.938,9.957,9.241,11.48,10.3,10.5,12.36,0.001,-0.002,0.004,1.85,0.13,-121.755758,36.5866398,161.0
35.3,2.7,0.0,4.13,0.41,0.63,3.47,-1.89,0.36,0.98,-0.69,8.172,11.733,10.124,9.575,11.18,10.99,10.4,10.99,0.001,-0.002,0.003,1.52,0.11,-121.7557578,36.5866417,161.05
36.8,2.7,0.0,4.14,0.08,0.49,3.74,-3.22,1.83,0.82,-0.62,10.399,8.898,9.192,8.172,8.73,8.93,9.12,10.3,0.0,-0.002,0.003,1.74,0.13,-121.7557576,36.5866436,161.1
40.1,2.7,0.0,4.15,0.46,0.62,4.22,0.07,0.45,0.78,-0.6,9.427,8.466,8.8,7.877,8.14,8.73,10.99,9.22,0.0,-0.001,0.003,1.84,0.13,-121.7557574,36.5866454,161.15
44.0,2.7,0.0,4.16,0.16,0.5,4.37,0.08,1.02,0.83,-0.58,10.605,9.349,9.163,10.065,9.52,11.28,12.65,10.89,0.001,-0.001,0.003,1.75,0.13,-121.7557572,36.5866473,161.2
46.6,2.7,0.0,4.16,0.27,1.45,4.77,-2.5,0.09,0.74,-0.57,10.065,10.134,9.751,10.477,11.28,9.42,12.36,13.15,0.001,-0.002,0.002,1.93,0.14,-121.755757,36.5866492,161.25
49.8,2.7,0.0,4.18,0.5,0.63,5.55,-0.07,1.22,0.71,-0.51,9.427,9.869,9.781,9.977,9.81,10.5,8.73,10.3,0.0,-0.002,0.002,2.2,0.16,-121.7557569,36.586651,161.3
53.8,2.7,0.0,4.18,0.34,0.48,5.77,-1.63,0.72,0.65,-0.47,10.703,7.946,10.291,9.221,9.61,10.4,9.03,9.42,-0.0,-0.001,0.002,2.16,0.16,-121.7557568,36.5866529,161.35
56.7,2.7,0.0,4.19,0.16,1.13,5.53,0.59,-0.69,0.6,-0.47,10.055,8.289,9.633,10.114,10.99,7.75,8.83,11.28,-0.0,-0.001,0.002,2.39,0.17,-121.7557566,36.5866548,161.4
59.2,2.7,0.0,4.21,0.6,0.85,5.97,1.27,0.2,0.62,-0.48,8.76,9.231,10.202,9.643,10.99,6.77,10.2,11.28,-0.0,-0.0,0.001,2.51,0.18,-121.7557565,36.5866567,161.45
62.0,2.7,0.0,4.22,0.25,-0.02,6.58,1.63,0.86,0.67,-0.47,10.624,6.867,8.888,10.33,10.4,9.61,9.61,8.93,-0.001,0.0,0.0,2.33,0.17,-121.7557564,36.5866586,161.5
64.0,2.7,0.0,4.22,0.4,1.33,7.33,1.34,-0.93,0.73,-0.47,9.967,8.652,9.359,9.555,9.81,8.14,8.53,10.89,-0.001,-0.0,-0.0,2.25,0.17,-121.7557564,36.5866605,161.55
64.7,2.7,0.0,4.24,0.52,1.05,6.86,4.86,0.38,0.89,-0.44,11.772,9.045,9.545,9.172,11.48,9.32,9.32,10.4,-0.001,-0.0,-0.001,2.27,0.17,-121.7557563,36.5866624,161.6
65.5,2.7,0.0,4.24,0.16,0.8,6.74,1.22,0.81,0.94,-0.42,11.87,8.525,9.27,12.429,12.07,9.42,8.14,9.12,-0.001,-0.001,-0.002,2.25,0.17,-121.7557562,36.5866643,161.65
65.6,2.7,0.0,4.25,0.01,1.79,7.3,-0.07,-1.36,0.88,-0.45,10.713,8.966,8.172,10.663,12.26,8.53,8.63,8.34,-0.001,-0.001,-0.002,2.57,0.19,-121.7557562,36.5866663,161.7
65.7,2.7,0.0,4.26,0.27,1.4,8.11,0.66,0.15,0.79,-0.44,10.369,9.673,8.682,9.928,11.48,9.61,7.85,12.65,-0.001,-0.001,-0.002,2.96,0.22,-121.7557562,36.5866682,161.75
66.4,2.7,0.0,4.24,-0.08,0.21,7.85,-1.39,-0.78,0.79,-0.47,11.223,8.711,9.113,10.33,10.2,9.12,10.79,10.3,-0.001,-0.001,-0.002,2.71,0.2,-121.7557562,36.5866701,161.8
67.6,2.6,0.0,4.23,-0.01,1.01,7.57,-1.78,-1.6,0.67,-0.55,8.79,10.919,9.261,9.849,10.79,8.44,8.83,8.93,-0.001,-0.001,-0.002,2.65,0.2,-121.7557562,36.586672,161.85
68.7,2.6,0.0,4.22,0.28,0.62,8.14,2.04,-0.36,0.67,-0.61,9.496,8.78,10.977,8.927,9.32,8.44,10.99,9.12,-0.001,-0.001,-0.002,3.01,0.22,-121.7557562,36.586674,161.9
69.5,2.6,0.0,4.2,-0.12,-0.04,8.37,0.5,0.05,0.72,-0.64,9.967,7.622,8.927,10.928,12.36,7.85,9.61,10.1,-0.0,-0.001,-0.002,2.46,0.18,-121.7557563,36.5866759,161.95
71.1,2.6,0.0,4.19,0.15,1.29,8.62,0.93,-0.79,0.78,-0.65,9.388,10.536,9.261,9.555,14.03,7.75,5.79,11.97,0.0,-0.001,-0.001,2.63,0.19,-121.7557563,36.5866778,162.0
71.8,2.6,0.0,4.19,-0.42,0.08,8.39,1.14,1.89,0.86,-0.59,9.839,10.045,8.652,9.673,10.99,11.28,7.36,8.34,-0.0,-0.001,-0.0,2.66,0.19,-121.7557564,36.5866797,162.05
71.7,2.6,0.0,4.17,-0.4,0.81,8.19,1.98,-2.45,0.96,-0.67,9.643,10.673,10.193,9.172,7.55,10.3,12.16,8.53,-0.0,-0.002,-0.0,2.51,0.18,-121.7557565,36.5866816,162.1
71.9,2.6,0.0,4.16,-0.22,1.41,8.79,1.78,-0.24,1.03,-0.73,9.967,8.495,11.272,11.331,7.36,9.22,10.2,10.01,-0.0,-0.002,-0.0,2.82,0.2,-121.7557566,36.5866835,162.15
71.4,2.6,0.0,4.15,-0.35,1.3,8.28,2.85,-0.03,1.14,-0.79,11.282,9.81,9.898,10.83,8.04,10.2,10.3,10.4,-0.001,-0.002,-0.001,2.54,0.18,-121.7557568,36.5866853,162.2
71.2,2.6,0.0,4.14,0.67,1.38,8.02,-3.12,-1.1,1.0,-0.85,8.211,10.497,10.86,9.928,10.79,8.04,9.52,10.69,-0.001,-0.001,-0.002,2.67,0.19,-121.7557569,36.5866872,162.25
71.1,2.6,0.0,4.13,0.3,-0.12,8.05,-1.57,0.52,0.94,-0.83,8.8,10.085,9.692,8.907,8.44,9.81,11.38,9.52,-0.001,-0.001,-0.002,2.66,0.19,-121.7557571,36.5866891,162.3
70.8,2.6,0.0,4.11,-0.03,-0.25,8.07,-3.59,-0.88,0.87,-0.85,8.574,11.213,10.948,9.643,9.12,10.2,11.09,9.91,-0.0,-0.001,-0.001,2.72,0.2,-121.7557573,36.5866909,162.35
70.8,2.6,0.0,4.09,-0.18,0.6,8.52,0.32,1.95,0.85,-0.81,11.389,7.465,12.027,10.379,9.81,9.71,10.1,10.3,-0.001,-0.001,-0.001,2.72,0.19,-121.7557575,36.5866928,162.4
70.6,2.5,0.0,4.08,-0.39,1.04,8.04,3.03,0.98,0.92,-0.75,9.163,10.654,8.329,11.144,7.85,7.95,7.06,13.34,-0.001,-0.001,-0.001,2.62,0.19,-121.7557577,36.5866947,162.45
70.4,2.5,0.0,4.08,0.27,1.21,7.57,0.88,0.56,0.88,-0.68,10.467,10.457,8.103,9.457,10.3,9.91,8.14,10.01,-0.001,-0.001,-0.001,2.48,0.18,-121.7557579,36.5866965,162.5
70.1,2.5,0.0,4.08,0.59,0.71,7.4,-0.82,-0.37,0.84,-0.67,9.133,10.487,9.163,8.79,10.01,11.48,12.07,7.55,-0.001,-0.001,-0.001,2.74,0.2,-121.7557582,36.5866983,162.55
69.9,2.5,0.0,4.07,0.06,0.25,7.52,-0.28,-1.38,0.88,-0.75,7.564,9.094,10.026,9.31,10.2,10.4,11.38,8.83,-0.0,-0.0,-0.001,2.8,0.2,-121.7557584,36.5867002,162.6
69.6,2.5,0.0,4.06,-0.42,0.69,8.37,-0.81,-0.9,0.87,-0.82,8.76,8.907,11.331,10.428,10.1,10.59,10.1,11.28,0.0,-0.0,-0.001,2.4,0.17,-121.7557587,36.586702,162.65
69.5,2.5,0.0,4.04,-0.34,1.27,8.57,2.1,1.06,0.92,-0.8,7.102,11.311,10.742,11.026,9.12,10.69,9.61,8.73,-0.0,-0.001,-0.002,2.63,0.19,-121.7557591,36.5867038,162.7
69.9,2.4,0.0,4.02,-0.75,0.14,8.22,1.03,3.52,0.94,-0.67,9.888,10.016,10.82,10.948,8.63,11.87,9.81,7.85,-0.001,-0.001,-0.002,2.36,0.17,-121.7557594,36.5867056,162.75
69.6,2.4,0.0,4.02,-0.34,0.93,7.86,-0.37,1.28,0.93,-0.6,9.663,10.144,9.918,9.339,9.12,9.61,9.81,9.32,-0.001,-0.001,-0.001,2.59,0.18,-121.7557597,36.5867075,162.8
69.7,2.4,0.0,4.02,-0.13,0.8,8.04,2.25,1.01,1.05,-0.54,10.693,9.967,8.594,9.81,8.34,11.09,8.44,8.04,-0.001,-0.001,-0.001,2.53,0.18,-121.75576,36.5867093,162.85
69.7,2.4,0.0,4.02,-0.15,0.46,8.17,-0.23,1.35,1.09,-0.5,9.977,9.467,9.859,10.016,10.2,9.22,10.4,8.44,-0.001,-0.001,-0.001,2.37,0.17,-121.7557604,36.5867111,162.9
69.1,2.4,0.0,4.01,0.16,0.98,7.58,1.16,0.53,1.12,-0.51,9.457,9.79,9.359,10.094,9.81,8.44,9.61,10.5,-0.001,-0.001,-0.002,2.48,0.17,-121.7557607,36.5867129,162.95
69.0,2.4,0.0,4.01,0.63,0.49,7.07,-0.2,0.75,1.1,-0.48,11.9,8.731,9.869,10.065,9.61,9.12,8.24,13.64,-0.001,-0.001,-0.002,2.42,0.17,-121.7557611,36.5867147,163.0
68.7,2.4,0.0,3.99,0.21,0.69,7.52,0.52,-0.96,1.12,-0.49,10.153,9.084,9.467,9.476,11.77,6.97,10.2,11.58,-0.002,-0.001,-0.002,2.56,0.18,-121.7557615,36.5867165,163.05
68.6,2.4,0.0,4.0,0.24,0.16,7.47,2.17,-0.38,1.18,-0.51,9.133,9.28,9.398,10.183,9.81,8.73,10.69,10.99,-0.001,-0.0,-0.002,2.4,0.17,-121.7557619,36.5867182,163.1
68.3,2.4,0.0,3.98,-0.29,0.03,7.41,0.51,1.0,1.22,-0.5,7.514,9.457,8.338,10.281,10.3,11.67,11.77,8.63,-0.001,-0.0,-0.002,2.03,0.14,-121.7557623,36.58672,163.15
68.3,2.4,0.0,3.97,-0.2,0.9,7.63,-1.64,-0.52,1.14,-0.54,8.574,11.291,10.477,10.33,9.61,9.32,10.69,10.89,-0.001,-0.001,-0.002,2.27,0.16,-121.7557627,36.5867218,163.2
68.2,2.4,0.0,3.95,-0.33,1.28,7.86,-1.13,0.98,1.08,-0.51,9.732,10.968,10.968,10.016,9.91,9.91,9.61,9.42,-0.001,-0.002,-0.002,2.6,0.18,-121.7557632,36.5867235,163.25
68.5,2.4,0.0,3.95,-0.35,1.02,7.51,-1.77,-1.79,1.03,-0.6,9.476,11.566,9.888,10.114,10.2,9.03,8.83,9.81,-0.001,-0.002,-0.002,2.74,0.19,-121.7557636,36.5867253,163.3
68.7,2.4,0.0,3.95,-0.3,0.87,7.58,-2.08,-1.0,0.93,-0.67,8.947,10.811,9.781,9.79,10.3,6.97,8.44,7.95,-0.001,-0.001,-0.001,2.64,0.18,-121.7557641,36.586727,163.35
68.8,2.4,0.0,3.93,-0.46,0.15,8.47,-1.34,-0.23,0.86,-0.73,8.76,8.407,10.183,10.614,9.61,9.42,11.38,9.32,-0.0,-0.001,-0.0,2.52,0.17,-121.7557646,36.5867288,163.4
69.0,2.4,0.0,3.92,-0.03,0.79,8.0,1.99,-1.76,0.96,-0.78,7.681,10.536,10.359,9.555,7.55,12.16,10.2,9.42,0.0,-0.001,0.0,2.4,0.16,-121.7557651,36.5867305,163.45
69.5,2.4,0.0,3.92,-0.37,0.55,7.58,-0.64,0.97,1.02,-0.77,9.633,11.664,8.898,8.476,15.21,10.89,10.99,8.93,-0.0,-0.001,0.0,2.13,0.15,-121.7557656,36.5867323,163.5
72.7,2.4,0.0,3.9,-0.86,0.6,7.71,4.5,0.12,1.2,-0.8,12.204,10.713,9.182,8.191,10.1,9.61,10.1,10.99,-0.003,-0.002,0.0,2.21,0.15,-121.7557661,36.586734,163.55
71.4,2.4,0.0,3.89,-0.24,0.76,6.71,4.77,-4.37,1.5,-1.0,9.055,11.252,9.526,12.027,11.97,10.4,11.67,7.65,-0.003,-0.003,-0.002,2.21,0.15,-121.7557666,36.5867357,163.6
71.5,2.4,0.0,3.89,0.27,1.28,7.45,1.19,-3.19,1.58,-1.18,8.152,9.869,9.584,10.83,9.32,9.61,12.65,8.53,-0.001,-0.002,-0.002,2.26,0.15,-121.7557672,36.5867374,163.65
71.8,2.4,0.0,3.86,-0.22,1.07,8.18,0.25,-1.92,1.55,-1.34,9.575,8.79,10.428,8.358,11.18,10.3,11.38,10.99,-0.001,-0.001,-0.002,2.59,0.17,-121.7557677,36.5867391,163.7
71.8,2.4,0.0,3.85,-0.0,0.66,7.34,3.32,-1.71,1.7,-1.45,9.702,9.182,9.849,9.457,9.91,10.1,10.1,11.38,-0.001,-0.001,-0.002,2.63,0.18,-121.7557683,36.5867408,163.75
71.8,2.4,0.0,3.84,-0.18,0.78,6.8,-1.03,0.69,1.68,-1.49,9.094,10.222,10.742,10.212,7.36,14.52,9.42,8.44,-0.001,-0.0,-0.003,2.32,0.16,-121.7557689,36.5867425,163.8
71.8,2.4,0.0,3.83,0.5,1.15,6.7,-1.92,-1.16,1.62,-1.54,12.714,10.34,9.074,9.996,10.79,6.47,10.69,9.42,-0.002,-0.002,-0.003,2.34,0.16,-121.7557695,36.5867442,163.85
71.3,2.4,0.0,3.81,0.13,1.05,7.37,-3.61,-2.35,1.38,-1.65,11.664,8.937,10.006,10.232,10.79,8.73,8.83,8.53,-0.002,-0.002,-0.003,2.88,0.19,-121.7557701,36.5867459,163.9
71.4,2.4,0.0,3.8,-0.16,0.29,7.89,-1.65,-3.74,1.28,-1.83,7.77,9.947,10.762,10.183,9.32,13.44,9.91,9.22,-0.001,-0.001,-0.003,2.96,0.2,-121.7557707,36.5867475,163.95
71.9,2.4,0.0,3.78,-0.03,0.1,8.08,-5.15,-0.33,1.07,-1.87,8.711,10.977,10.085,9.526,12.16,10.3,11.77,10.2,-0.0,-0.001,-0.002,2.76,0.18,-121.7557714,36.5867491,164.0
72.0,2.4,0.0,3.76,0.14,0.58,7.93,-3.78,-2.15,0.84,-1.99,10.251,8.633,10.193,8.074,10.79,7.36,10.89,10.89,-0.001,-0.001,-0.001,2.69,0.18,-121.755772,36.5867508,164.05
73.2,2.4,0.0,3.75,0.25,0.23,8.21,0.74,-1.13,0.85,-2.07,9.192,9.123,8.574,9.457,12.26,8.63,10.2,11.18,-0.0,-0.001,-0.0,2.78,0.18,-121.7557727,36.5867524,164.1
74.7,2.4,0.0,3.74,0.12,0.49,7.79,1.87,-1.5,0.91,-2.16,10.251,8.074,9.81,10.399,11.09,8.83,11.97,12.07,0.0,-0.001,-0.0,2.44,0.16,-121.7557733,36.586754,164.15
76.5,2.4,0.0,3.71,0.04,1.17,8.45,5.36,-1.33,1.08,-2.22,10.232,9.476,10.457,11.527,10.89,8.53,4.71,13.73,0.001,-0.002,-0.0,2.33,0.15,-121.755774,36.5867556,164.2
78.5,2.4,0.0,3.7,0.18,0.21,8.35,1.12,1.56,1.12,-2.16,9.957,9.045,10.467,11.262,10.2,10.3,7.36,13.44,0.0,-0.002,-0.0,2.0,0.13,-121.7557747,36.5867572,164.25
80.3,2.4,0.0,3.68,0.1,1.17,7.52,-0.48,-0.2,1.12,-2.12,9.633,9.781,8.554,9.928,8.53,9.61,9.81,9.42,0.0,-0.002,-0.0,2.64,0.17,-121.7557754,36.5867588,164.3
81.1,2.4,0.0,3.68,-0.02,0.66,7.83,1.07,1.39,1.14,-2.08,9.594,10.507,9.977,9.408,7.75,10.3,10.89,8.34,0.0,-0.002,0.0,3.02,0.19,-121.7557761,36.5867604,164.35
82.1,2.4,0.0,3.66,0.29,0.3,8.83,2.88,-0.86,1.25,-2.12,8.888,9.153,9.957,8.907,10.59,11.18,10.69,10.99,0.001,-0.002,0.001,3.07,0.2,-121.7557768,36.5867619,164.4
83.2,2.4,0.0,3.64,-0.11,0.62,9.32,-1.07,0.92,1.25,-2.09,6.602,12.459,10.909,11.831,9.42,10.69,10.5,13.44,0.001,-0.003,0.001,2.58,0.16,-121.7557776,36.5867635,164.45
83.2,2.4,0.0,3.62,0.0,1.41,8.1,-4.36,1.25,1.04,-2.05,11.89,7.956,9.339,8.927,10.79,9.32,7.85,10.3,0.0,-0.002,0.0,3.05,0.19,-121.7557783,36.5867651,164.5
82.9,2.4,0.0,3.61,-0.14,0.99,7.28,-1.98,0.36,0.95,-2.01,9.888,9.81,9.388,9.31,13.15,8.73,9.42,7.16,0.0,-0.002,0.001,3.39,0.21,-121.7557791,36.5867666,164.55
82.8,2.4,0.0,3.59,-0.21,0.15,8.15,0.56,0.07,0.92,-2.0,8.751,9.673,8.152,10.232,9.03,10.59,7.65,8.73,0.0,-0.002,0.001,3.19,0.2,-121.7557799,36.5867681,164.6
82.8,2.4,0.0,3.59,-0.28,0.06,8.84,-3.75,0.01,0.76,-2.01,8.957,8.388,8.996,10.144,9.61,10.4,12.95,7.26,0.0,-0.001,0.001,2.7,0.17,-121.7557807,36.5867696,164.65
82.6,2.4,0.0,3.58,-0.0,1.04,7.98,-2.77,-0.66,0.57,-2.03,8.309,10.183,11.36,9.388,10.01,9.22,10.3,8.93,0.0,-0.001,0.001,3.16,0.2,-121.7557815,36.5867711,164.7
82.4,2.4,0.0,3.57,0.02,0.82,8.09,-1.59,1.47,0.48,-1.97,7.622,10.516,8.446,8.79,9.81,10.2,9.12,8.34,0.0,-0.001,0.001,3.31,0.21,-121.7557823,36.5867726,164.75
82.4,2.4,0.0,3.55,0.01,0.63,8.53,0.12,0.47,0.4,-1.96,10.232,10.771,8.937,8.172,10.4,9.12,8.73,8.83,-0.001,-0.001,0.001,3.34,0.21,-121.7557831,36.586774,164.8
82.5,2.4,0.0,3.54,0.07,0.44,8.46,-0.41,-0.3,0.33,-1.97,9.624,9.79,10.212,10.546,9.61,9.61,9.52,8.73,-0.001,-0.001,0.0,2.96,0.18,-121.755784,36.5867755,164.85
82.6,2.4,0.0,3.54,0.43,0.67,8.35,0.97,-1.82,0.35,-2.05,7.671,10.987,10.379,8.456,9.12,10.89,10.2,11.18,-0.001,-0.001,0.0,2.85,0.18,-121.7557849,36.586777,164.9
82.5,2.4,0.0,3.52,0.15,-0.06,7.83,0.61,0.4,0.38,-2.06,8.917,8.25,10.771,9.506,9.22,10.2,10.5,9.22,-0.0,-0.001,0.0,2.56,0.16,-121.7557858,36.5867784,164.95
82.1,2.4,0.0,3.52,0.02,0.64,8.29,0.15,0.25,0.43,-2.06,9.663,9.996,10.428,10.614,9.42,8.34,9.61,9.22,-0.0,-0.001,0.0,2.64,0.16,-121.7557866,36.5867799,165.0
81.3,2.4,0.0,3.5,0.23,0.87,8.43,-0.16,0.87,0.41,-2.02,9.486,10.418,10.507,9.722,9.61,9.81,9.91,9.42,-0.0,-0.001,0.0,2.94,0.18,-121.7557875,36.5867813,165.05
80.2,2.4,0.0,3.48,-0.29,0.67,7.88,-2.64,1.37,0.3,-1.98,10.428,9.565,11.066,10.948,12.36,10.01,10.79,10.01,-0.0,-0.001,0.0,3.04,0.18,-121.7557884,36.5867827,165.1
80.0,2.4,0.0,3.47,0.17,0.47,8.21,0.32,-1.77,0.28,-2.0,10.301,9.81,10.438,7.789,7.95,9.71,10.99,9.91,-0.001,-0.002,0.0,3.23,0.2,-121.7557893,36.5867841,165.15
79.5,2.4,0.0,3.46,0.32,-0.45,8.16,-0.07,1.34,0.33,-1.97,7.583,11.664,9.663,8.025,7.75,9.61,10.4,10.59,-0.001,-0.001,0.0,2.62,0.16,-121.7557902,36.5867855,165.2
78.8,2.5,0.0,3.45,0.41,0.42,7.53,1.74,-0.8,0.34,-2.01,10.516,8.319,8.957,8.976,9.32,10.2,9.22,8.63,-0.001,-0.001,0.0,2.51,0.15,-121.7557911,36.5867869,165.25
77.4,2.5,0.0,3.44,0.26,0.9,7.64,2.02,0.23,0.38,-2.0,8.162,10.036,8.76,10.497,9.61,10.59,9.32,11.38,0.0,-0.001,0.001,2.66,0.16,-121.755792,36.5867882,165.3
75.0,2.4,0.0,3.43,0.05,0.23,7.56,1.21,-0.28,0.4,-1.99,7.868,10.83,8.937,11.448,10.01,9.52,9.32,12.65,0.0,-0.001,0.0,2.62,0.16,-121.7557929,36.5867896,165.35
72.4,2.4,0.0,3.41,-0.04,0.99,6.95,-2.4,0.28,0.25,-1.97,10.389,8.751,10.624,10.281,10.2,9.22,8.93,10.1,-0.0,-0.001,0.0,2.84,0.17,-121.7557938,36.586791,165.4
70.5,2.4,0.0,3.4,0.1,0.52,6.26,-2.08,1.18,0.19,-1.93,8.8,10.036,9.712,9.172,10.3,11.18,12.56,9.81,-0.0,-0.001,0.0,2.9,0.17,-121.7557948,36.5867923,165.45
68.1,2.4,0.0,3.4,0.12,0.4,6.23,-1.68,0.58,0.07,-1.9,10.82,9.771,8.78,10.281,10.3,9.42,10.99,10.3,-0.001,-0.001,-0.0,2.73,0.16,-121.7557957,36.5867937,165.5
64.8,2.4,0.0,3.38,-0.05,0.08,6.14,-1.82,0.71,-0.01,-1.89,10.173,9.31,11.144,9.898,10.1,10.3,8.83,7.36,-0.001,-0.0,-0.0,2.55,0.15,-121.7557967,36.586795,165.55
62.0,2.4,0.0,3.38,0.21,0.21,5.98,2.02,0.32,0.08,-1.87,8.751,9.967,9.996,9.104,10.3,10.4,9.03,9.22,-0.001,-0.001,-0.0,2.09,0.12,-121.7557976,36.5867963,165.6
59.9,2.5,0.0,3.36,-0.08,-0.05,6.02,0.27,1.16,0.09,-1.84,10.83,8.662,8.937,10.065,8.93,9.71,9.42,9.71,-0.001,-0.001,0.0,1.68,0.1,-121.7557985,36.5867977,165.65
57.1,2.4,0.0,3.36,0.28,0.55,4.85,-0.12,-0.86,0.11,-1.86,9.329,9.172,10.006,9.526,12.95,10.01,9.22,10.99,-0.0,-0.001,0.0,1.86,0.11,-121.7557995,36.586799,165.7
54.5,2.4,0.0,3.34,0.06,0.66,5.07,0.33,0.03,0.11,-1.83,9.251,10.575,7.926,10.516,10.1,10.2,6.28,11.18,-0.001,-0.001,-0.0,2.02,0.12,-121.7558004,36.5868003,165.75
51.2,2.4,0.0,3.34,0.02,0.28,4.71,-2.39,0.11,0.02,-1.82,9.869,10.673,9.682,9.31,10.59,9.03,12.85,10.2,-0.001,-0.001,-0.0,1.91,0.11,-121.7558014,36.5868016,165.8
49.0,2.4,0.0,3.33,0.08,0.45,4.5,0.6,-1.12,-0.05,-1.87,9.898,9.398,11.125,11.576,9.52,10.01,9.81,10.4,-0.001,-0.001,-0.0,2.14,0.12,-121.7558023,36.5868029,165.85
47.6,2.4,0.0,3.32,0.13,-0.74,4.72,2.96,2.71,0.06,-1.78,9.427,9.888,9.339,9.29,10.99,10.5,9.42,10.59,-0.001,-0.001,-0.0,1.5,0.09,-121.7558033,36.5868042,165.9
45.8,2.4,0.0,3.31,0.53,0.47,4.47,-0.19,0.41,0.06,-1.76,10.919,10.565,8.427,8.388,11.58,10.69,10.69,9.42,-0.001,-0.001,0.0,1.16,0.07,-121.7558042,36.5868055,165.95
43.3,2.4,0.0,3.3,-0.07,0.05,3.68,2.93,0.32,0.16,-1.75,8.427,9.751,9.094,8.123,8.73,11.67,9.32,9.32,-0.001,-0.001,0.0,1.17,0.07,-121.7558052,36.5868068,166.0
40.3,2.4,0.0,3.29,0.22,0.61,3.18,1.26,-1.68,0.25,-1.85,8.437,9.771,10.771,11.144,10.59,8.53,11.58,10.01,-0.0,-0.001,-0.001,1.36,0.08,-121.7558061,36.586808,166.05
37.1,2.5,0.0,3.27,-0.04,0.69,3.72,-3.59,1.53,0.09,-1.83,10.977,7.76,9.79,10.86,10.69,9.03,11.97,11.48,-0.001,-0.001,-0.001,1.63,0.09,-121.7558071,36.5868093,166.1
33.3,2.4,0.0,3.27,0.29,0.49,3.06,-1.57,-1.27,0.02,-1.84,9.624,9.947,9.251,9.29,9.71,8.63,8.63,10.99,-0.001,-0.001,-0.001,1.78,0.1,-121.755808,36.5868106,166.15
30.2,2.4,0.0,3.25,0.2,-0.26,3.6,-4.15,0.54,-0.16,-1.83,7.77,10.457,10.781,9.741,9.71,7.46,10.5,10.89,-0.0,-0.001,-0.0,1.35,0.08,-121.755809,36.5868118,166.2
26.9,2.4,0.0,3.24,0.06,-0.35,3.17,0.02,-0.13,-0.23,-1.85,7.269,9.408,11.301,9.771,8.14,13.64,10.1,10.3,-0.001,0.0,0.001,1.22,0.07,-121.7558099,36.5868131,166.25
24.7,2.4,0.0,3.23,0.44,-0.81,2.34,3.01,1.42,-0.04,-1.75,11.595,9.123,8.711,9.476,11.09,9.03,9.71,10.89,-0.001,-0.001,0.001,0.48,0.03,-121.7558109,36.5868143,166.3
21.4,2.5,0.0,3.22,0.12,-0.39,1.35,2.06,0.12,0.07,-1.71,12.066,9.437,8.427,10.977,9.32,10.3,7.85,10.01,-0.003,-0.001,0.0,-0.15,-0.01,-121.7558118,36.5868156,166.35
17.1,2.5,0.0,3.22,0.14,0.35,0.9,2.68,-3.56,0.19,-1.84,8.957,11.075,9.339,10.928,11.48,10.99,8.63,7.95,-0.003,-0.001,-0.001,0.12,0.01,-121.7558127,36.5868168,166.4
15.1,2.4,0.0,3.19,-0.2,-0.01,1.44,3.4,-1.8,0.32,-1.92,8.76,11.115,9.751,9.359,8.04,10.59,10.79,9.03,-0.002,-0.001,-0.002,0.32,0.02,-121.7558136,36.586818,166.45
12.5,2.5,0.0,3.18,0.25,0.23,0.91,-0.4,-2.05,0.33,-2.04,9.947,9.084,9.359,9.604,9.81,8.93,8.93,9.71,-0.002,-0.001,-0.002,0.31,0.02,-121.7558146,36.5868193,166.5
7.1,2.5,0.0,3.16,-0.32,0.01,1.08,-1.63,-0.47,0.26,-2.1,10.948,7.514,10.565,8.888,11.58,10.69,9.12,10.3,-0.002,0.0,-0.002,0.46,0.03,-121.7558155,36.5868205,166.55
2.0,2.5,0.0,3.14,-0.03,-0.38,0.26,1.99,-2.26,0.36,-2.19,9.565,8.545,9.457,8.957,7.46,10.3,8.24,9.32,-0.003,0.0,-0.002,0.2,0.01,-121.7558164,36.5868217,166.6
-5.3,2.5,0.0,3.14,0.13,-0.35,-0.35,2.88,-0.85,0.49,-2.25,9.349,9.8,9.437,9.506,13.15,10.79,12.46,8.24,-0.002,0.0,-0.002,-0.44,-0.02,-121.7558173,36.5868229,166.65
-9.7,2.5,0.0,3.12,0.14,0.4,-0.62,1.9,-1.05,0.51,-2.3,9.467,10.369,10.408,9.123,11.77,9.91,11.77,9.81,-0.003,0.0,-0.003,-0.55,-0.03,-121.7558182,36.5868241,166.7
-13.4,2.4,0.0,3.09,-0.03,-0.58,-1.09,5.63,-0.71,0.78,-2.34,7.858,13.803,10.036,9.673,6.67,9.32,8.14,10.79,-0.005,-0.0,-0.004,-0.87,-0.05,-121.7558191,36.5868253,166.75
-21.9,2.5,0.0,3.08,0.15,0.02,-2.11,4.55,-2.97,1.05,-2.47,8.829,9.064,9.624,11.262,8.63,7.85,5.49,10.99,-0.004,0.0,-0.005,-1.2,-0.06,-121.75582,36.5868265,166.8
-31.5,2.5,0.0,3.06,0.19,0.29,-2.69,-0.32,-1.9,1.1,-2.59,9.643,6.573,10.399,9.879,12.36,9.32,12.95,11.09,-0.003,0.002,-0.006,-1.38,-0.07,-121.7558208,36.5868277,166.85
-43.3,2.5,0.0,3.05,0.16,-0.41,-3.48,1.41,-1.52,1.16,-2.6,8.652,9.457,8.182,11.576,10.4,11.67,7.95,12.85,-0.003,0.002,-0.006,-1.47,-0.08,-121.7558217,36.5868289,166.9
-54.4,2.5,0.0,3.03,0.23,-0.77,-4.25,-4.32,0.0,1.05,-2.56,9.369,11.723,9.261,10.065,11.87,10.69,8.44,9.12,-0.003,0.001,-0.006,-2.0,-0.11,-121.7558224,36.5868301,166.95
-63.6,2.5,0.0,3.02,0.17,-0.47,-5.13,-7.89,0.04,0.69,-2.55,10.202,10.801,7.671,7.789,9.42,10.1,8.44,4.22,-0.003,-0.0,-0.005,-2.24,-0.12,-121.7558233,36.5868312,167.0
-70.5,2.5,0.0,3.04,0.44,-0.35,-6.06,-5.27,-4.15,0.41,-2.79,10.281,8.309,10.389,9.241,13.64,9.71,14.52,13.73,-0.002,0.0,-0.002,-2.03,-0.11,-121.755824,36.5868324,167.05
-70.4,2.4,0.0,2.99,-0.42,-1.83,-5.96,0.46,-1.88,0.41,-2.93,9.702,8.643,10.624,11.88,4.02,9.91,13.73,8.93,-0.003,0.001,-0.002,-3.35,-0.17,-121.7558248,36.5868336,167.1
-71.9,2.5,0.0,2.98,-0.07,-0.92,-6.99,4.45,-0.63,0.61,-3.0,8.25,9.28,12.37,9.771,7.85,11.18,13.73,7.85,-0.002,0.001,-0.003,-4.05,-0.21,-121.7558255,36.5868348,167.15
-76.9,2.5,0.0,2.96,0.3,0.04,-7.09,3.39,2.17,0.81,-2.92,7.544,11.438,10.958,9.143,11.58,9.12,12.16,7.55,-0.002,0.001,-0.003,-4.54,-0.24,-121.7558263,36.5868359,167.2
-78.9,2.5,0.0,2.95,0.66,0.4,-7.96,6.38,0.82,1.09,-2.84,10.202,9.437,7.534,10.094,4.81,10.99,6.87,11.28,-0.003,0.001,-0.003,-3.86,-0.2,-121.7558269,36.5868371,167.25
-81.9,2.5,0.0,2.94,-0.07,-0.52,-7.93,3.35,1.04,1.42,-2.79,9.614,11.88,9.006,9.673,8.24,11.28,10.4,8.93,-0.003,-0.001,-0.004,-4.14,-0.21,-121.7558276,36.5868383,167.3
-84.0,2.5,0.0,2.92,0.06,0.29,-7.92,-2.8,-1.1,1.4,-2.82,11.36,8.898,11.468,10.546,10.3,9.91,12.16,9.03,-0.003,-0.001,-0.004,-3.89,-0.2,-121.7558283,36.5868394,167.35
-86.9,2.6,0.0,2.92,0.47,0.42,-6.96,2.75,-0.97,1.46,-2.84,7.789,9.79,9.418,10.163,9.42,7.65,8.83,11.77,-0.002,-0.001,-0.003,-3.35,-0.17,-121.755829,36.5868406,167.4
-90.1,2.6,0.0,2.91,0.52,-1.24,-8.13,0.45,1.57,1.53,-2.79,9.143,9.702,5.955,10.899,8.83,11.18,12.95,9.32,-0.002,-0.0,-0.003,-4.12,-0.21,-121.7558296,36.5868418,167.45
-91.4,2.6,0.0,2.89,0.1,-0.7,-8.55,-4.08,-0.73,1.4,-2.8,8.132,9.79,9.987,9.408,8.14,5.69,12.95,10.01,-0.002,-0.001,-0.002,-4.39,-0.22,-121.7558303,36.5868429,167.5
-95.0,2.6,0.0,2.89,0.24,-0.42,-7.98,2.46,0.36,1.48,-2.8,10.212,8.721,9.575,12.292,10.89,9.32,7.55,11.87,-0.001,-0.001,-0.001,-4.14,-0.21,-121.7558309,36.5868441,167.55
-98.5,2.6,0.0,2.87,0.43,-0.48,-7.46,0.15,1.27,1.6,-2.68,8.957,11.389,9.506,9.29,11.28,9.22,10.2,8.93,-0.001,-0.003,-0.0,-4.57,-0.23,-121.7558315,36.5868452,167.6
-101.3,2.6,0.0,2.86,0.46,0.12,-8.03,-1.51,0.23,1.57,-2.64,9.359,12.635,10.065,7.073,12.07,10.89,11.09,9.91,-0.001,-0.003,0.002,-5.24,-0.26,-121.7558321,36.5868464,167.65
-104.8,2.6,0.0,2.89,1.22,-0.42,-9.41,1.84,-1.87,1.66,-2.73,10.565,7.946,9.673,6.995,10.59,8.24,8.24,12.36,-0.001,-0.002,0.004,-4.63,-0.23,-121.7558327,36.5868476,167.7
-108.1,2.6,0.0,2.88,0.62,-0.86,-9.91,2.16,-3.23,1.86,-2.88,4.424,12.675,11.409,8.358,8.93,10.1,11.97,10.69,0.0,-0.001,0.004,-5.01,-0.25,-121.7558332,36.5868488,167.75
-115.3,2.6,0.0,2.87,0.05,-1.3,-10.54,-1.93,-1.96,1.85,-2.95,8.858,9.584,10.016,8.888,10.1,10.59,8.83,12.46,-0.0,-0.0,0.002,-5.82,-0.29,-121.7558338,36.5868499,167.8
-124.5,2.6,0.0,2.86,0.49,0.6,-11.6,-0.71,-1.62,1.84,-2.99,7.691,9.83,12.439,10.065,9.22,10.69,6.77,9.32,-0.001,-0.0,-0.001,-5.41,-0.27,-121.7558343,36.5868511,167.85
-137.5,2.7,0.0,2.86,0.11,0.06,-12.27,-1.31,0.73,1.78,-2.93,12.027,9.604,11.409,10.448,9.22,10.3,11.48,3.14,-0.002,0.0,-0.003,-4.88,-0.24,-121.7558348,36.5868523,167.9
-148.6,2.7,0.0,2.87,1.0,-0.87,-12.6,-0.92,0.4,1.71,-2.87,9.084,9.82,11.546,8.289,8.44,10.4,13.54,7.95,-0.003,0.0,-0.004,-5.27,-0.26,-121.7558354,36.5868535,167.95
-155.0,2.7,0.0,2.85,0.68,-1.77,-12.67,-1.33,3.28,1.69,-2.72,10.036,10.85,9.035,8.927,10.5,10.99,6.87,9.22,-0.003,0.0,-0.002,-6.48,-0.32,-121.7558358,36.5868547,168.0
-159.8,2.7,0.0,2.88,1.26,-1.55,-13.73,-2.09,-0.46,1.65,-2.71,10.869,10.556,8.407,7.357,10.1,11.09,8.14,7.95,-0.002,0.0,-0.001,-7.23,-0.37,-121.7558363,36.5868559,168.05
-162.7,2.7,0.0,2.87,0.85,-0.34,-13.9,0.23,-4.52,1.7,-2.87,7.73,12.527,10.919,9.692,9.91,9.32,7.36,9.32,-0.002,-0.0,-0.0,-7.02,-0.35,-121.7558367,36.5868571,168.1
-164.3,2.7,0.0,2.88,0.88,-1.17,-13.63,0.69,-1.61,1.84,-2.96,9.113,9.604,10.634,8.574,6.67,8.63,8.73,10.79,-0.001,-0.001,-0.0,-7.31,-0.37,-121.7558371,36.5868583,168.15
-166.4,2.7,0.0,2.87,0.55,0.14,-13.71,0.23,-4.74,1.87,-3.14,8.319,9.624,10.801,12.164,10.79,9.32,7.95,12.46,0.0,-0.0,-0.0,-7.06,-0.36,-121.7558374,36.5868595,168.2
-168.4,2.7,0.0,2.86,-0.25,-0.33,-14.28,0.31,-0.61,1.86,-3.12,9.712,7.583,10.34,11.576,8.73,9.03,9.52,11.87,0.0,-0.0,-0.0,-7.1,-0.36,-121.7558378,36.5868607,168.25
-171.0,2.7,0.0,2.86,0.89,-0.23,-14.98,-0.17,-1.84,1.84,-3.1,10.928,8.907,9.153,9.055,9.03,10.2,9.03,8.63,-0.0,-0.0,-0.0,-6.99,-0.35,-121.7558382,36.5868619,168.3
-173.7,2.7,0.0,2.89,0.65,-1.17,-14.82,-1.82,1.4,1.79,-3.02,9.996,9.535,7.514,8.289,9.22,11.48,8.34,9.32,-0.0,-0.0,0.002,-7.18,-0.36,-121.7558385,36.5868632,168.35
-176.8,2.7,0.0,2.89,0.53,-0.77,-14.87,-2.69,-2.76,1.78,-3.13,6.7,10.389,9.457,11.066,8.93,10.79,9.22,4.02,-0.0,-0.0,0.001,-7.41,-0.38,-121.7558388,36.5868644,168.4
-179.5,2.7,0.0,2.9,0.06,-0.69,-15.42,-2.64,2.09,1.66,-3.12,11.036,9.104,9.486,10.899,10.69,11.09,12.85,11.28,-0.0,0.0,0.0,-7.5,-0.38,-121.7558391,36.5868657,168.45
-180.2,2.7,0.0,2.89,0.19,0.53,-16.72,0.79,-0.34,1.72,-3.09,10.703,9.702,10.575,12.527,9.71,9.91,11.48,14.62,-0.001,-0.0,-0.001,-6.95,-0.35,-121.7558392,36.5868669,168.5
-181.4,2.8,0.0,2.89,0.58,-0.54,-16.37,-0.07,2.02,1.76,-2.96,11.046,9.388,9.202,10.379,11.38,9.22,9.61,11.77,-0.001,-0.0,-0.001,-7.31,-0.37,-121.7558395,36.5868682,168.55
-183.6,2.7,0.0,2.89,0.65,-0.43,-15.66,2.45,0.74,1.81,-2.85,7.603,11.066,10.693,8.976,11.28,8.83,8.83,12.07,-0.001,-0.0,-0.0,-7.42,-0.38,-121.7558397,36.5868694,168.6
-185.6,2.7,0.0,2.89,0.36,-1.8,-15.12,2.77,1.99,1.95,-2.74,10.045,10.055,9.781,7.74,10.2,9.61,8.34,11.28,-0.0,-0.0,0.001,-8.27,-0.42,-121.7558399,36.5868707,168.65
-187.7,2.7,0.0,2.89,0.19,-0.52,-15.67,-0.07,-0.63,2.0,-2.69,9.535,10.82,11.174,6.975,9.42,11.18,12.36,7.06,0.0,-0.0,0.002,-8.46,-0.43,-121.75584,36.5868719,168.7
-189.4,2.8,0.0,2.89,0.48,-0.09,-16.64,1.62,1.27,2.13,-2.63,12.243,6.71,9.378,8.005,10.99,9.71,11.48,7.46,0.001,-0.0,0.003,-8.09,-0.41,-121.7558401,36.5868732,168.75
-190.7,2.8,0.0,2.91,0.39,-0.31,-17.13,1.46,-0.47,2.27,-2.63,8.819,9.682,10.693,7.093,11.48,10.69,12.46,7.55,0.001,-0.0,0.003,-7.91,-0.4,-121.7558403,36.5868744,168.8
-191.5,2.8,0.0,2.91,0.38,-1.06,-16.14,0.11,1.17,2.34,-2.61,8.505,9.614,10.35,10.948,8.34,10.4,13.44,8.73,0.001,-0.001,0.003,-8.18,-0.42,-121.7558403,36.5868757,168.85
-191.9,2.8,0.0,2.93,0.5,-1.13,-16.45,0.66,-1.65,2.45,-2.67,10.222,7.828,10.801,10.428,9.52,10.1,10.79,8.63,0.001,-0.001,0.002,-8.36,-0.43,-121.7558404,36.586877,168.9
-192.3,2.8,0.0,2.93,0.59,0.41,-17.01,-0.76,0.61,2.44,-2.63,9.565,9.761,10.045,10.899,9.91,7.85,10.69,12.07,0.0,-0.001,0.002,-8.24,-0.43,-121.7558405,36.5868783,168.95
-192.8,2.8,0.0,2.93,0.28,-0.47,-17.5,-1.22,3.73,2.44,-2.48,8.388,10.565,11.968,10.497,9.22,10.1,10.3,12.46,0.0,-0.0,0.001,-7.86,-0.4,-121.7558405,36.5868796,169.0
-194.2,2.8,0.0,2.93,0.13,-0.86,-17.74,-3.27,1.39,2.33,-2.35,10.094,11.007,10.968,7.357,11.67,10.01,11.87,9.32,-0.0,-0.0,0.001,-7.84,-0.4,-121.7558405,36.5868808,169.05
-196.0,2.8,0.0,2.96,0.93,-0.77,-17.5,-4.58,2.01,2.18,-2.19,10.516,10.457,9.741,9.192,11.77,9.71,8.14,9.32,-0.001,-0.0,0.002,-7.49,-0.39,-121.7558405,36.5868821,169.1
-197.5,2.8,0.0,2.97,0.97,-1.03,-17.28,-0.49,-0.37,2.16,-2.17,8.692,12.194,8.142,9.437,11.28,9.42,7.85,11.38,-0.001,-0.0,0.002,-7.84,-0.41,-121.7558404,36.5868834,169.15
-198.6,2.8,0.0,2.97,0.02,-1.47,-17.11,-3.15,0.67,2.1,-2.15,7.23,11.35,11.919,8.123,9.42,8.93,11.09,10.4,-0.0,0.0,0.002,-8.41,-0.44,-121.7558404,36.5868847,169.2
-199.8,2.8,0.0,2.98,0.19,-0.43,-17.56,0.25,-0.2,2.14,-2.12,6.014,9.761,12.204,7.74,9.52,8.24,13.54,8.34,-0.0,0.0,0.002,-8.4,-0.44,-121.7558403,36.586886,169.25
-200.6,2.8,0.0,3.0,1.01,-0.42,-17.96,-0.44,0.42,2.15,-2.06,7.868,10.35,8.407,10.732,10.5,8.34,6.77,11.38,-0.0,0.0,0.002,-8.34,-0.44,-121.7558401,36.5868873,169.3
-201.1,2.8,0.0,3.01,0.68,-0.76,-17.9,-0.0,1.24,2.21,-1.98,8.849,10.448,9.329,9.741,10.89,9.03,8.83,11.48,-0.0,-0.0,0.002,-8.42,-0.45,-121.75584,36.5868886,169.35
-201.2,2.8,0.0,3.02,0.2,-0.07,-17.8,0.12,-0.38,2.19,-1.95,10.301,9.29,10.536,9.879,11.48,9.22,9.52,8.24,-0.0,0.0,0.001,-8.13,-0.43,-121.7558398,36.5868899,169.4
-201.2,2.8,0.0,3.04,0.59,-0.28,-18.13,-0.74,-0.06,2.15,-1.88,11.694,8.064,8.201,9.025,10.3,8.44,7.16,11.77,-0.0,0.0,0.002,-8.01,-0.43,-121.7558396,36.5868912,169.45
-201.2,2.8,0.0,3.06,1.0,-0.52,-18.17,0.54,-0.9,2.18,-1.85,13.067,6.406,9.123,9.771,11.38,7.85,8.24,10.69,-0.0,-0.0,0.002,-8.05,-0.43,-121.7558394,36.5868925,169.5
-201.2,2.8,0.0,3.06,0.49,-1.39,-18.2,-1.67,1.36,2.15,-1.77,12.243,8.329,9.31,9.104,11.28,8.44,9.91,10.01,-0.0,-0.0,0.002,-8.46,-0.46,-121.755839,36.5868939,169.55
-201.2,2.8,0.0,3.08,0.05,-0.69,-18.43,-0.25,-1.25,2.13,-1.78,10.232,7.151,9.584,10.732,10.5,8.04,11.48,8.14,0.001,-0.0,0.002,-8.53,-0.46,-121.7558388,36.5868952,169.6
-201.2,2.8,0.0,3.11,0.64,0.49,-18.44,0.65,-2.22,2.12,-1.78,8.682,8.957,10.35,10.614,10.59,8.93,10.5,10.69,0.001,-0.0,0.003,-7.73,-0.42,-121.7558385,36.5868965,169.65
-201.1,2.8,0.0,3.14,0.92,-0.17,-18.94,0.83,2.0,2.14,-1.66,8.731,11.409,10.291,8.594,10.99,9.91,8.14,10.2,0.001,-0.0,0.003,-7.81,-0.43,-121.7558381,36.5868978,169.7
-200.7,2.8,0.0,3.16,1.08,-1.22,-18.86,-1.46,1.83,2.12,-1.57,10.202,9.967,9.104,8.554,9.81,10.5,10.99,8.93,0.001,-0.0,0.003,-8.25,-0.46,-121.7558378,36.5868992,169.75
-200.6,2.8,0.0,3.18,0.57,-1.0,-18.68,-1.56,-0.03,2.06,-1.53,10.212,8.525,8.731,9.81,9.61,9.81,9.61,10.1,0.001,-0.0,0.003,-8.33,-0.47,-121.7558374,36.5869005,169.8
-200.3,2.8,0.0,3.2,0.6,-0.3,-19.0,0.13,0.39,2.05,-1.47,9.938,10.173,8.731,8.839,9.03,10.4,11.48,8.93,0.001,-0.001,0.004,-8.25,-0.46,-121.755837,36.5869019,169.85
-200.3,2.8,0.0,3.24,1.18,-0.54,-19.17,0.24,0.35,2.02,-1.4,10.124,10.801,10.703,8.554,11.09,10.3,10.79,9.91,0.001,-0.001,0.004,-8.01,-0.46,-121.7558365,36.5869033,169.9
-199.9,2.8,0.0,3.28,1.66,-0.95,-19.24,-1.93,2.0,1.96,-1.32,9.82,9.8,11.576,7.573,8.14,10.2,7.75,9.91,0.001,-0.0,0.004,-7.84,-0.45,-121.7558361,36.5869047,169.95
-199.7,2.8,0.0,3.31,1.1,-1.64,-19.73,-3.06,1.14,1.91,-1.24,8.005,12.272,10.762,10.663,12.07,10.1,10.1,10.5,0.001,-0.0,0.004,-8.15,-0.47,-121.7558356,36.5869061,170.0
-199.1,2.8,0.0,3.34,1.07,-1.82,-19.37,-1.01,0.77,1.91,-1.16,13.273,7.416,9.722,11.213,10.59,9.61,11.77,10.99,0.001,-0.0,0.004,-8.1,-0.47,-121.755835,36.5869075,170.05
-198.6,2.8,0.0,3.35,-0.24,-1.33,-19.76,-0.15,-1.7,1.92,-1.15,7.819,9.29,11.438,11.36,9.22,10.1,9.12,7.46,0.001,-0.0,0.004,-8.22,-0.48,-121.7558345,36.5869088,170.1
-198.6,2.8,0.0,3.39,0.17,-1.4,-20.15,-1.29,-0.15,1.92,-1.06,9.476,10.193,12.047,9.879,8.83,11.18,9.42,7.65,0.001,-0.0,0.004,-8.12,-0.48,-121.7558339,36.5869102,170.15
-198.3,2.8,0.0,3.42,0.07,-0.86,-20.07,-2.52,-0.45,1.86,-0.98,9.526,9.722,11.154,7.926,9.91,11.97,11.48,5.59,0.001,0.0,0.004,-7.94,-0.48,-121.7558333,36.5869116,170.2
-197.3,2.8,0.0,3.47,0.4,-0.58,-20.28,0.61,-1.38,1.87,-0.92,9.957,10.762,9.643,9.123,10.79,10.69,10.99,10.01,0.001,0.0,0.004,-7.56,-0.46,-121.7558326,36.586913,170.25
-194.6,2.8,0.0,3.5,0.41,-1.79,-19.47,-0.8,1.11,1.87,-0.83,10.144,8.456,9.575,12.145,8.73,10.4,10.99,10.01,0.0,0.0,0.004,-7.98,-0.49,-121.755832,36.5869144,170.3
-190.7,2.8,0.0,3.53,-0.11,-1.08,-20.55,-1.22,-0.73,1.85,-0.8,8.76,10.919,10.085,12.047,9.91,10.59,10.3,8.93,0.0,0.0,0.003,-7.93,-0.49,-121.7558312,36.5869158,170.35
-186.4,2.9,0.0,3.58,0.26,-0.94,-20.12,-0.62,0.79,1.81,-0.69,13.45,6.661,8.211,11.527,10.4,10.59,10.1,9.52,0.0,0.0,0.003,-7.6,-0.48,-121.7558303,36.5869172,170.4
-182.5,2.9,0.0,3.62,-0.13,-0.21,-19.82,0.0,-1.75,1.8,-0.67,8.407,9.143,11.026,11.743,9.71,11.87,13.15,9.61,0.0,0.0,0.003,-7.2,-0.46,-121.7558295,36.5869186,170.45
-176.7,2.8,0.0,3.65,0.02,-0.38,-19.6,-1.39,-0.68,1.75,-0.61,7.514,10.614,11.095,9.074,11.67,10.3,9.32,10.5,0.001,0.001,0.003,-6.95,-0.45,-121.7558286,36.58692,170.5
-169.8,2.8,0.0,3.71,0.69,-0.15,-19.28,0.01,1.42,1.72,-0.53,11.537,6.524,8.829,9.692,9.61,10.79,8.24,9.52,-0.0,0.001,0.003,-6.71,-0.44,-121.7558276,36.5869214,170.55
-161.1,2.9,0.0,3.76,0.99,-0.18,-19.86,2.31,0.81,1.75,-0.48,10.045,9.123,7.73,8.672,10.69,6.38,7.46,11.09,-0.0,0.001,0.003,-6.45,-0.43,-121.7558267,36.5869229,170.6
-152.8,2.9,0.0,3.82,1.41,-0.69,-19.02,2.6,4.4,1.78,-0.37,7.181,9.182,10.173,8.858,9.91,8.53,12.85,9.32,0.0,0.001,0.002,-6.44,-0.43,-121.7558257,36.5869243,170.65
-145.7,2.9,0.0,3.86,1.27,-1.16,-17.91,-0.92,-0.14,1.75,-0.37,8.064,11.223,10.497,8.005,10.5,9.81,13.34,10.89,0.0,0.001,0.002,-6.13,-0.41,-121.7558247,36.5869258,170.7
-138.3,2.9,0.0,3.92,1.38,-1.74,-16.9,-2.29,2.39,1.69,-0.24,12.596,8.76,10.526,9.928,10.3,10.4,10.99,7.75,-0.0,0.001,0.002,-5.91,-0.41,-121.7558237,36.5869272,170.75
-129.4,2.8,0.0,3.95,0.47,-0.3,-16.4,0.41,-2.28,1.69,-0.25,8.564,10.045,11.488,10.261,10.69,11.09,12.16,8.53,-0.001,0.001,0.002,-5.33,-0.37,-121.7558226,36.5869287,170.8
-121.4,2.8,0.0,4.0,0.88,-0.17,-15.61,1.9,-0.52,1.75,-0.22,8.427,10.193,9.418,8.574,10.59,9.81,12.07,9.42,-0.0,0.001,0.002,-5.04,-0.35,-121.7558215,36.5869302,170.85
-117.3,2.8,0.0,4.04,0.99,0.05,-15.59,0.85,-0.7,1.78,-0.22,10.791,7.593,9.015,9.722,9.71,9.03,8.44,11.77,-0.0,0.0,0.002,-4.95,-0.35,-121.7558203,36.5869317,170.9
-114.9,2.9,0.0,4.11,0.95,-0.58,-15.11,-0.36,0.29,1.75,-0.22,10.222,9.83,8.682,9.192,8.63,10.01,9.12,11.18,-0.0,-0.0,0.002,-4.85,-0.35,-121.7558191,36.5869333,170.95
-111.1,2.9,0.0,4.15,1.08,-0.55,-14.8,-0.12,0.25,1.69,-0.21,7.858,11.026,9.771,10.928,10.4,10.5,9.12,12.26,0.0,0.0,0.002,-4.53,-0.33,-121.7558179,36.5869348,171.0
-104.9,2.9,0.0,4.22,1.91,-1.22,-15.17,-1.34,-0.36,1.64,-0.2,8.417,10.585,11.909,9.741,9.91,10.99,10.01,9.32,0.0,0.0,0.002,-4.49,-0.33,-121.7558166,36.5869363,171.05
-98.7,2.9,0.0,4.26,1.18,-1.04,-14.27,-1.42,1.52,1.59,-0.14,10.879,8.751,9.153,10.428,9.71,8.83,11.58,8.34,0.0,0.0,0.002,-4.37,-0.33,-121.7558153,36.5869378,171.1
-92.5,2.9,0.0,4.3,0.52,0.21,-13.51,-0.2,-2.02,1.57,-0.16,10.163,7.642,10.389,9.555,10.89,10.2,12.36,11.48,0.0,0.001,0.003,-4.0,-0.3,-121.7558139,36.5869394,171.15
-85.1,2.8,0.0,4.36,0.86,0.44,-12.3,0.02,0.44,1.59,-0.11,6.357,11.586,9.682,9.192,10.79,10.69,10.4,10.59,0.0,0.0,0.002,-3.75,-0.29,-121.7558125,36.5869409,171.2
-75.7,2.8,0.0,4.41,1.11,0.12,-11.79,1.16,0.92,1.62,-0.09,10.153,7.956,9.506,8.338,8.04,9.71,9.81,9.42,0.0,0.0,0.002,-3.43,-0.26,-121.7558111,36.5869425,171.25
-68.2,2.8,0.0,4.47,1.17,1.03,-11.24,0.86,-1.26,1.63,-0.14,11.026,8.751,9.261,10.477,11.18,6.87,10.1,11.58,0.0,-0.0,0.001,-2.81,-0.22,-121.7558097,36.586944,171.3
-61.0,2.8,0.0,4.55,2.17,0.0,-9.48,0.3,2.52,1.62,-0.06,7.603,9.555,9.575,6.955,10.1,8.34,10.59,10.79,0.001,-0.0,0.001,-2.61,-0.21,-121.7558083,36.5869456,171.35
-52.3,2.7,0.0,4.59,1.78,-0.84,-7.83,-3.16,1.8,1.52,-0.01,9.476,10.212,12.047,10.693,8.93,9.32,10.2,11.18,0.001,-0.0,0.002,-2.43,-0.19,-121.7558068,36.5869472,171.4
-42.7,2.7,0.0,4.65,1.65,-0.54,-7.09,-2.96,-0.12,1.43,0.03,10.997,9.133,12.469,10.516,10.2,11.09,8.53,9.91,0.001,-0.001,0.002,-1.99,-0.16,-121.7558052,36.5869489,171.45
-32.4,2.7,0.0,4.65,0.55,-0.66,-5.86,-3.05,1.95,1.45,0.13,8.044,11.438,11.694,11.095,9.22,9.61,14.03,11.58,-0.0,-0.002,0.001,-1.75,-0.14,-121.7558037,36.5869505,171.5
-24.5,2.6,0.0,4.66,0.53,1.11,-5.3,0.29,1.45,1.48,0.19,6.151,11.115,10.497,9.055,9.42,9.71,10.5,3.83,-0.001,-0.002,-0.0,-1.11,-0.09,-121.7558021,36.5869522,171.55
-21.1,2.5,0.0,4.66,0.23,0.94,-3.42,1.13,1.16,1.45,0.23,9.82,9.702,8.8,7.76,11.97,9.91,11.28,10.3,-0.001,-0.001,0.001,-0.57,-0.05,-121.7558006,36.5869539,171.6
-18.2,2.5,0.0,4.65,-0.23,-0.03,-2.74,1.24,-1.1,1.48,0.19,8.545,9.329,8.731,9.928,9.81,9.91,9.42,8.24,-0.001,-0.001,0.001,-0.75,-0.06,-121.7557991,36.5869555,171.65
-16.9,2.4,0.0,4.64,0.04,0.24,-2.56,-1.43,-0.75,1.43,0.14,8.721,9.427,9.221,9.692,10.89,9.22,7.95,11.18,-0.0,-0.0,0.001,-0.84,-0.07,-121.7557975,36.5869572,171.7
-16.5,2.4,0.0,4.64,0.15,0.29,-2.34,1.02,-0.41,1.42,0.13,9.555,7.377,10.261,9.172,10.2,10.5,10.01,9.71,-0.0,0.0,0.001,-0.74,-0.06,-121.755796,36.5869588,171.75
-16.1,2.4,0.0,4.63,-0.13,-0.08,-2.32,1.35,2.25,1.49,0.21,7.583,12.027,10.055,9.172,11.18,9.71,8.14,10.59,-0.0,-0.001,0.001,-0.72,-0.06,-121.7557944,36.5869605,171.8
-15.6,2.4,0.0,4.64,-0.08,-0.59,-2.4,-1.61,-0.17,1.47,0.25,8.633,10.889,9.81,9.741,12.46,10.59,7.36,10.01,-0.001,-0.001,0.001,-0.91,-0.07,-121.7557928,36.5869621,171.85
-15.2,2.3,0.0,4.64,-0.43,0.71,-2.83,-1.51,-0.61,1.38,0.24,9.594,10.35,8.191,9.457,9.91,10.4,11.97,10.1,-0.001,-0.001,0.001,-0.49,-0.04,-121.7557913,36.5869638,171.9
-15.1,2.3,0.0,4.64,-0.17,0.41,-2.81,-1.38,-1.84,1.35,0.16,9.722,8.368,10.987,11.311,8.63,8.63,11.87,10.89,-0.001,-0.0,0.0,-0.38,-0.03,-121.7557897,36.5869655,171.95
-15.0,2.3,0.0,4.63,-0.62,0.18,-2.84,0.44,0.14,1.33,0.13,9.555,9.496,10.997,10.614,10.01,8.53,12.75,8.04,-0.001,-0.0,-0.001,-0.41,-0.03,-121.7557882,36.5869671,172.0
-14.9,2.3,0.0,4.64,0.13,0.12,-2.42,-0.97,0.73,1.29,0.18,10.791,8.015,11.075,8.554,12.36,7.75,10.99,8.63,-0.001,-0.0,-0.001,-0.43,-0.03,-121.7557866,36.5869688,172.05
-14.4,2.3,0.0,4.63,-0.2,-0.7,-1.8,3.12,2.52,1.43,0.3,9.329,11.615,8.554,9.025,12.85,7.55,8.53,12.07,-0.001,-0.001,-0.001,-0.75,-0.06,-121.755785,36.5869704,172.1
-14.3,2.3,0.0,4.64,0.38,-0.92,-2.07,-0.11,-1.13,1.46,0.31,11.34,10.163,8.486,8.24,9.52,8.63,8.83,9.71,-0.002,-0.001,-0.0,-1.14,-0.09,-121.7557834,36.586972,172.15
-14.5,2.3,0.0,4.64,0.05,0.7,-2.46,0.55,-2.93,1.48,0.22,9.084,9.496,9.977,10.212,11.58,8.34,10.2,11.28,-0.001,-0.001,-0.0,-0.66,-0.05,-121.7557818,36.5869737,172.2
-14.5,2.3,0.0,4.64,0.23,0.4,-1.9,1.47,-0.83,1.52,0.18,7.22,9.732,9.241,9.673,10.4,9.81,10.69,9.91,-0.0,-0.0,-0.0,-0.51,-0.04,-121.7557802,36.5869753,172.25
-14.3,2.3,0.0,4.63,-0.06,-0.16,-1.8,-0.31,-1.05,1.47,0.15,7.161,11.468,10.938,9.928,7.46,10.99,8.53,10.69,-0.001,-0.0,-0.0,-0.51,-0.04,-121.7557786,36.586977,172.3
-14.2,2.3,0.0,4.64,0.09,-0.11,-2.17,-0.87,-0.71,1.45,0.12,9.496,10.016,9.722,9.947,8.73,10.01,9.22,8.63,-0.001,-0.001,-0.0,-0.51,-0.04,-121.7557769,36.5869786,172.35
-14.1,2.3,0.0,4.65,0.12,0.08,-2.28,0.55,-1.45,1.49,0.05,10.212,8.731,8.682,9.79,11.18,8.14,10.89,10.4,-0.0,-0.001,0.0,-0.66,-0.05,-121.7557753,36.5869803,172.4
-14.0,2.3,0.0,4.65,0.01,-0.26,-1.83,-2.16,1.7,1.39,0.09,11.193,9.192,10.35,10.163,9.71,10.5,12.36,9.81,-0.0,-0.001,0.0,-0.84,-0.07,-121.7557737,36.5869819,172.45
-14.0,2.3,0.0,4.65,0.3,0.18,-2.14,-1.28,-0.96,1.36,0.07,10.507,9.712,9.231,8.839,10.4,12.85,9.91,6.87,-0.001,-0.001,0.0,-0.6,-0.05,-121.755772,36.5869835,172.5
-13.7,2.3,0.0,4.65,0.08,0.0,-2.31,-1.07,-0.15,1.35,0.09,9.624,11.301,8.76,8.976,9.81,9.71,11.09,8.73,-0.001,-0.001,0.001,-0.72,-0.06,-121.7557704,36.5869852,172.55
-13.4,2.3,0.0,4.67,0.21,0.5,-2.49,-2.4,-1.03,1.22,0.02,10.036,8.8,9.781,10.094,10.99,9.81,10.4,11.38,-0.001,-0.001,0.001,-0.6,-0.05,-121.7557687,36.5869868,172.6
-13.2,2.3,0.0,4.67,0.31,-0.05,-1.58,0.24,-0.6,1.19,-0.03,10.663,8.152,10.762,8.957,6.77,8.53,9.22,10.99,-0.001,-0.001,0.001,-0.54,-0.04,-121.7557671,36.5869884,172.65
-12.5,2.3,0.0,4.66,0.05,-0.7,-1.53,1.28,1.0,1.25,0.02,10.261,10.016,9.957,10.977,12.46,10.59,9.91,11.18,-0.0,-0.001,0.001,-0.85,-0.07,-121.7557654,36.58699,172.7
-12.1,2.3,0.0,4.67,0.52,0.47,-2.45,-3.35,-0.54,1.16,0.05,11.144,9.977,8.613,8.927,12.07,10.1,11.18,9.42,-0.001,-0.002,0.001,-0.74,-0.06,-121.7557637,36.5869917,172.75
-12.2,2.3,0.0,4.66,-0.26,-0.06,-2.8,0.89,-0.4,1.17,0.04,9.682,7.74,9.418,9.947,9.91,9.12,10.69,9.03,-0.001,-0.001,0.001,-0.67,-0.05,-121.7557621,36.5869933,172.8
-11.9,2.3,0.0,4.67,0.04,-0.09,-1.55,0.84,-0.83,1.21,0.0,8.927,10.34,11.252,11.262,11.67,10.79,9.32,12.26,-0.001,-0.001,0.001,-0.59,-0.05,-121.7557604,36.5869949,172.85
-11.8,2.3,0.0,4.65,-0.25,-0.49,-1.51,-2.11,2.21,1.17,0.08,9.369,10.526,9.457,8.76,8.83,9.32,11.28,10.69,-0.001,-0.002,0.001,-0.75,-0.06,-121.7557587,36.5869965,172.9
-11.5,2.3,0.0,4.65,-0.18,0.9,-1.69,-1.62,-2.24,1.06,0.04,7.897,10.928,9.123,8.211,9.61,6.28,8.24,8.83,-0.001,-0.002,0.001,-0.39,-0.03,-121.755757,36.5869981,172.95
-10.6,2.3,0.0,4.65,0.07,-0.13,-1.68,-0.7,1.83,0.98,0.05,9.947,8.917,8.643,8.721,9.91,8.93,9.91,8.44,-0.001,-0.001,0.002,-0.41,-0.03,-121.7557554,36.5869997,173.0
-9.0,2.3,0.0,4.64,-0.33,0.11,-1.55,-0.62,-2.53,0.92,-0.03,7.887,10.654,10.094,10.094,10.3,10.2,10.89,11.77,-0.0,-0.001,0.002,-0.51,-0.04,-121.7557537,36.5870013,173.05
-7.2,2.3,0.0,4.62,-0.3,-0.4,-1.38,-1.39,0.67,0.87,-0.01,9.104,9.349,10.085,10.781,12.26,11.48,10.01,10.59,-0.0,-0.001,0.001,-0.53,-0.04,-121.7557521,36.5870029,173.1
-4.4,2.3,0.0,4.61,-0.15,0.6,-1.0,0.51,0.52,0.84,0.04,9.153,10.281,10.614,9.604,10.2,10.5,10.5,9.81,-0.001,-0.001,0.001,-0.3,-0.02,-121.7557504,36.5870045,173.15
-2.5,2.3,0.0,4.6,-0.04,0.6,-0.71,-0.53,0.31,0.8,0.05,9.977,10.644,8.28,8.123,8.93,10.01,10.99,6.97,-0.001,-0.002,0.001,-0.14,-0.01,-121.7557487,36.5870061,173.2
-0.8,2.3,0.0,4.6,-0.14,-0.07,-0.49,-0.08,-1.89,0.79,-0.04,9.369,9.084,9.241,11.144,10.2,9.32,10.3,9.61,-0.001,-0.001,0.001,-0.12,-0.01,-121.7557471,36.5870076,173.25
1.0,2.3,0.0,4.58,-0.09,0.37,-0.15,0.65,-0.66,0.8,-0.08,11.478,8.093,10.35,10.693,10.69,10.89,10.4,10.3,-0.001,-0.001,0.001,-0.11,-0.01,-121.7557455,36.5870092,173.3
1.7,2.3,0.0,4.56,-0.52,-0.08,-0.01,0.48,0.0,0.83,-0.06,9.83,9.535,10.163,10.232,9.42,12.07,10.5,7.36,-0.001,-0.001,0.001,-0.18,-0.01,-121.7557438,36.5870108,173.35
2.1,2.3,0.0,4.57,-0.21,0.06,-0.2,-1.11,0.7,0.84,-0.06,10.193,9.172,9.879,10.065,10.5,11.28,11.38,9.61,-0.001,-0.001,0.001,-0.18,-0.01,-121.7557422,36.5870124,173.4
2.4,2.3,0.0,4.55,-0.08,0.42,0.07,0.32,0.94,0.81,-0.03,8.829,9.015,10.026,8.976,8.14,10.4,7.85,9.32,-0.001,-0.001,0.001,0.1,0.01,-121.7557405,36.5870139,173.45
2.4,2.3,0.0,4.53,0.02,-0.23,-0.4,-1.12,0.65,0.82,0.0,7.985,10.801,9.231,9.074,7.46,8.63,6.77,9.91,-0.001,-0.001,0.001,-0.09,-0.01,-121.7557389,36.5870155,173.5
2.4,2.3,0.0,4.53,-0.32,0.85,-0.04,-3.29,0.72,0.68,0.03,10.34,9.663,10.379,8.692,11.09,7.95,10.99,8.53,-0.001,-0.001,0.001,0.22,0.02,-121.7557373,36.5870171,173.55
2.7,2.3,0.0,4.51,-0.27,0.07,0.35,2.01,0.21,0.73,0.03,11.733,9.329,9.555,10.428,11.38,9.71,9.32,10.69,-0.002,-0.001,0.001,0.19,0.01,-121.7557357,36.5870186,173.6
2.6,2.3,0.0,4.51,-0.04,-0.05,0.28,1.11,-2.42,0.77,-0.04,9.781,9.339,9.908,10.33,11.18,9.42,8.73,10.69,-0.001,-0.001,0.0,-0.08,-0.01,-121.7557341,36.5870202,173.65
2.3,2.3,0.0,4.49,-0.08,0.11,-0.28,-2.81,0.52,0.65,-0.03,9.947,8.113,9.692,9.604,12.07,9.03,9.42,10.89,-0.001,-0.001,0.0,0.02,0.0,-121.7557325,36.5870217,173.7
2.3,2.3,0.0,4.47,-0.08,0.0,-0.15,1.42,-0.22,0.72,-0.03,8.564,10.271,9.457,9.898,9.81,10.2,9.52,10.01,-0.001,-0.001,0.0,0.3,0.02,-121.7557309,36.5870233,173.75
2.3,2.3,0.0,4.47,-0.34,0.23,-0.05,-0.59,-0.59,0.69,-0.04,9.938,9.457,9.506,10.35,10.3,8.34,9.61,10.89,-0.001,-0.001,0.0,-0.02,-0.0,-121.7557293,36.5870249,173.8
2.1,2.3,0.0,4.45,-0.56,0.53,0.46,-2.26,1.66,0.59,0.0,11.154,8.957,10.399,10.448,10.69,8.63,9.91,10.4,-0.001,-0.001,0.0,0.12,0.01,-121.7557277,36.5870264,173.85
2.1,2.3,0.0,4.45,-0.19,0.15,-0.0,1.48,-0.19,0.63,0.0,9.486,9.241,9.015,9.104,10.99,10.1,10.01,7.85,-0.001,-0.001,0.0,0.15,0.01,-121.7557262,36.587028,173.9
2.2,2.3,0.0,4.45,0.19,-0.13,-0.18,0.27,0.55,0.66,0.05,8.957,10.144,9.741,9.025,9.71,10.4,11.87,7.55,-0.001,-0.001,0.001,-0.02,-0.0,-121.7557246,36.5870295,173.95
2.0,2.3,0.0,4.43,-0.39,0.34,-0.25,0.35,1.22,0.69,0.08,8.319,11.389,9.8,8.888,9.71,9.81,6.38,7.55,-0.001,-0.001,0.001,-0.12,-0.01,-121.755723,36.587031,174.0
1.5,2.3,0.0,4.41,0.14,0.08,-0.14,0.89,-1.76,0.76,-0.0,10.683,10.31,9.378,9.879,10.89,9.32,9.03,12.75,-0.001,-0.002,0.0,-0.46,-0.04,-121.7557214,36.5870326,174.05
1.3,2.3,0.0,4.41,-0.47,-0.04,-0.29,-2.37,-0.69,0.67,-0.05,9.575,8.849,10.86,11.232,10.5,9.52,11.18,11.09,-0.001,-0.001,0.0,-0.1,-0.01,-121.7557199,36.5870341,174.1
1.0,2.3,0.0,4.39,-0.34,1.06,-0.43,2.37,-2.48,0.72,-0.1,9.722,9.349,10.34,10.065,11.97,10.01,10.2,10.2,-0.001,-0.001,0.0,0.3,0.02,-121.7557183,36.5870356,174.15
1.3,2.3,0.0,4.39,-0.13,-0.48,0.24,0.88,2.46,0.72,0.01,8.711,10.968,9.32,9.643,9.61,10.4,10.3,8.14,-0.001,-0.001,0.0,0.1,0.01,-121.7557167,36.5870371,174.2
1.4,2.3,0.0,4.37,-0.08,-1.0,-0.33,0.86,-1.65,0.74,-0.06,11.075,9.751,8.427,9.947,8.53,9.03,9.71,11.48,-0.001,-0.002,0.0,-0.39,-0.03,-121.7557152,36.5870387,174.25
1.1,2.3,0.0,4.36,-0.1,0.33,0.1,-4.44,-0.17,0.57,-0.11,9.015,7.799,10.938,9.898,10.69,8.24,10.3,10.1,-0.0,-0.001,0.0,-0.1,-0.01,-121.7557136,36.5870402,174.3
1.1,2.3,0.0,4.35,-0.36,0.5,-0.26,0.35,0.9,0.57,-0.08,7.564,10.722,10.124,9.526,9.32,9.71,10.99,9.03,-0.0,-0.001,0.0,0.33,0.02,-121.7557121,36.5870417,174.35
1.3,2.3,0.0,4.34,-0.22,0.13,0.13,-0.78,1.06,0.55,-0.02,10.418,10.31,9.653,9.123,9.32,10.69,10.5,10.89,-0.001,-0.001,0.001,0.2,0.01,-121.7557105,36.5870432,174.4
1.4,2.3,0.0,4.33,-0.44,-0.33,-0.2,-2.09,1.12,0.51,0.01,9.928,9.879,9.29,8.554,7.75,11.28,11.67,7.36,-0.001,-0.001,0.001,-0.13,-0.01,-121.755709,36.5870447,174.45
1.2,2.3,0.0,4.33,-0.12,0.8,-0.33,1.22,-2.17,0.54,-0.09,8.76,11.458,10.379,9.025,8.04,9.71,12.95,9.61,-0.001,-0.001,0.001,0.12,0.01,-121.7557075,36.5870462,174.5
1.3,2.3,0.0,4.32,0.02,-0.16,0.37,3.16,-0.59,0.65,-0.14,8.427,9.241,10.82,10.693,9.12,7.75,10.2,10.4,-0.001,-0.001,0.0,-0.07,-0.01,-121.7557059,36.5870477,174.55
1.6,2.4,0.0,4.31,0.18,0.15,0.09,0.77,-0.29,0.69,-0.14,9.859,9.82,10.134,10.595,11.97,9.03,8.73,10.99,-0.0,-0.001,-0.0,-0.2,-0.02,-121.7557044,36.5870492,174.6
1.5,2.4,0.0,4.3,-0.46,0.33,-0.63,-0.25,2.69,0.66,0.01,10.507,9.555,9.378,8.76,10.59,9.12,9.32,10.99,-0.001,-0.001,0.0,0.04,0.0,-121.7557029,36.5870507,174.65
1.4,2.4,0.0,4.29,0.14,0.46,-0.52,1.32,-0.81,0.74,0.04,8.309,11.625,9.369,9.359,9.61,10.4,10.5,11.18,-0.001,-0.001,0.0,0.1,0.01,-121.7557013,36.5870521,174.7
1.5,2.4,0.0,4.28,-0.26,0.03,0.13,-0.41,0.88,0.72,0.07,10.065,9.663,10.202,10.33,9.52,10.4,11.87,11.09,-0.001,-0.001,0.0,0.01,0.0,-121.7556998,36.5870536,174.75
1.5,2.4,0.0,4.27,-0.3,-0.02,0.17,-0.4,0.16,0.72,0.07,9.761,10.085,10.379,11.331,9.81,10.1,10.1,8.83,-0.001,-0.001,-0.001,-0.06,-0.0,-121.7556983,36.5870551,174.8
1.4,2.4,0.0,4.25,0.04,-0.27,-0.18,-0.25,1.46,0.72,0.15,10.026,9.898,7.936,8.505,9.81,10.2,9.42,8.93,-0.001,-0.001,-0.001,-0.16,-0.01,-121.7556968,36.5870566,174.85
1.3,2.4,0.0,4.25,0.02,0.41,-0.67,-1.29,-0.12,0.62,0.15,10.418,8.456,9.506,9.31,9.03,9.42,7.46,11.18,-0.002,-0.001,-0.0,0.16,0.01,-121.7556953,36.587058,174.9
1.4,2.4,0.0,4.24,-0.13,-0.39,-0.44,1.71,-1.43,0.69,0.12,8.456,10.379,9.545,8.907,9.03,10.01,11.18,11.77,-0.002,-0.001,-0.0,0.02,0.0,-121.7556938,36.5870595,174.95
1.3,2.4,0.0,4.22,-0.27,0.03,0.18,-0.2,-1.08,0.71,0.06,7.701,10.477,10.663,10.644,9.91,9.71,12.75,9.12,-0.001,-0.0,-0.001,-0.16,-0.01,-121.7556922,36.5870609,175.0
1.1,2.4,0.0,4.21,-0.24,0.54,0.07,-2.77,1.8,0.62,0.09,8.368,10.781,11.409,9.221,9.91,9.12,14.03,9.42,-0.001,-0.0,-0.001,-0.07,-0.01,-121.7556907,36.5870624,175.05
1.3,2.4,0.0,4.2,0.05,0.26,0.08,0.87,1.42,0.67,0.14,10.654,9.987,8.976,8.142,8.63,7.95,9.42,8.04,-0.001,-0.001,-0.001,0.26,0.02,-121.7556892,36.5870638,175.1
1.5,2.4,0.0,4.2,-0.21,0.1,-0.47,-0.99,0.46,0.69,0.16,10.232,11.556,8.682,8.741,9.61,10.5,8.53,9.91,-0.001,-0.001,0.0,0.05,0.0,-121.7556877,36.5870653,175.15
1.6,2.4,0.0,4.2,-0.03,0.44,-0.06,-0.17,-0.96,0.72,0.1,9.064,10.467,10.448,8.839,10.89,9.71,10.5,9.42,-0.001,-0.001,0.001,-0.08,-0.01,-121.7556863,36.5870667,175.2
1.6,2.4,0.0,4.18,-0.26,0.05,0.43,0.25,-0.15,0.74,0.04,9.555,8.407,10.644,10.261,9.61,10.2,13.24,9.91,-0.001,-0.001,0.0,-0.12,-0.01,-121.7556848,36.5870681,175.25
1.7,2.4,0.0,4.17,0.01,0.05,0.09,-0.47,0.34,0.79,0.05,10.075,9.673,10.31,9.457,8.34,9.32,11.18,10.99,-0.001,-0.001,0.0,-0.1,-0.01,-121.7556833,36.5870696,175.3
1.6,2.4,0.0,4.15,-0.05,0.4,-0.03,-0.13,1.41,0.8,0.11,12.537,9.31,8.682,9.643,12.07,8.53,8.24,9.32,-0.001,-0.002,0.0,-0.0,-0.0,-121.7556818,36.587071,175.35
2.0,2.4,0.0,4.16,0.05,0.51,-0.23,0.32,0.08,0.74,0.09,10.183,9.231,9.3,9.506,11.28,8.83,9.81,11.77,-0.001,-0.002,0.001,0.13,0.01,-121.7556803,36.5870724,175.4
2.0,2.4,0.0,4.14,-0.2,-0.15,-0.02,-0.02,-1.06,0.75,0.08,9.751,8.329,9.035,10.781,10.1,9.81,8.83,9.81,-0.001,-0.001,0.001,0.08,0.01,-121.7556788,36.5870738,175.45
2.0,2.4,0.0,4.14,0.31,0.13,0.4,-1.72,-0.31,0.68,0.06,12.213,6.318,10.006,9.977,11.38,7.55,10.5,11.48,-0.0,-0.001,0.001,0.12,0.01,-121.7556773,36.5870752,175.5
2.2,2.4,0.0,4.13,-0.25,0.3,0.04,0.86,0.93,0.71,0.11,10.379,8.623,10.35,9.898,11.09,8.24,8.93,7.55,-0.0,-0.001,0.001,0.12,0.01,-121.7556759,36.5870767,175.55
2.4,2.4,0.0,4.12,0.19,-0.12,-0.03,1.78,2.6,0.79,0.21,10.663,8.525,8.79,9.221,10.89,12.16,10.1,9.12,-0.001,-0.001,0.001,-0.17,-0.01,-121.7556744,36.5870781,175.6
3.0,2.4,0.0,4.13,0.22,0.23,-0.07,0.13,-0.66,0.78,0.21,12.38,8.711,8.407,10.281,11.38,8.63,9.42,11.09,-0.001,-0.002,0.001,-0.16,-0.01,-121.7556729,36.5870795,175.65
3.2,2.4,0.0,4.1,-0.06,0.4,-0.07,0.49,-0.11,0.73,0.17,10.84,8.044,9.673,10.477,10.59,8.44,10.01,9.03,-0.001,-0.001,0.001,0.09,0.01,-121.7556715,36.5870809,175.7
3.3,2.4,0.0,4.09,-0.16,0.05,0.43,0.65,-0.82,0.75,0.15,8.407,9.437,9.732,10.516,10.2,9.71,12.07,10.59,-0.001,-0.001,0.001,0.27,0.02,-121.75567,36.5870823,175.75
3.6,2.4,0.0,4.08,-0.36,-0.04,0.69,0.06,0.3,0.75,0.17,9.82,8.594,9.898,10.762,10.89,11.28,11.09,8.53,-0.001,-0.001,0.0,0.12,0.01,-121.7556685,36.5870837,175.8
3.6,2.5,0.0,4.07,-0.2,0.06,0.03,-0.59,0.8,0.7,0.2,10.742,8.898,9.123,8.741,11.28,10.01,9.42,9.22,-0.001,-0.001,0.0,0.11,0.01,-121.7556671,36.5870851,175.85
3.8,2.4,0.0,4.08,-0.15,-0.15,0.11,1.25,0.06,0.75,0.22,11.399,9.27,8.682,9.27,10.59,9.12,9.91,10.69,-0.001,-0.001,0.001,0.23,0.02,-121.7556656,36.5870865,175.9
3.5,2.4,0.0,4.06,-0.27,0.04,0.26,0.24,-1.85,0.78,0.15,9.015,9.879,9.614,10.928,9.52,8.44,11.48,11.38,-0.001,-0.001,-0.0,0.03,0.0,-121.7556642,36.5870879,175.95
3.5,2.5,0.0,4.06,-0.15,0.16,0.35,-3.0,0.62,0.66,0.17,11.183,7.132,10.565,10.281,11.28,9.12,9.42,9.22,-0.001,-0.0,-0.0,0.15,0.01,-121.7556627,36.5870893,176.0
3.8,2.5,0.0,4.05,-0.52,-0.31,0.08,1.04,0.47,0.7,0.21,12.429,8.76,8.76,10.762,10.89,8.63,8.93,11.28,-0.001,-0.001,-0.0,0.18,0.01,-121.7556613,36.5870907,176.05
3.9,2.5,0.0,4.05,0.14,-0.09,0.29,0.33,-0.25,0.74,0.22,10.85,10.055,9.81,10.497,10.5,10.3,7.65,10.01,-0.002,-0.001,-0.0,0.1,0.01,-121.7556598,36.5870921,176.1
4.0,2.4,0.0,4.03,0.09,0.37,0.37,-0.14,-1.07,0.71,0.19,10.477,10.526,9.182,9.104,10.89,9.22,7.55,8.83,-0.002,-0.001,-0.0,0.14,0.01,-121.7556584,36.5870935,176.15
4.4,2.4,0.0,4.02,0.13,-0.03,0.45,1.45,-1.0,0.75,0.13,12.37,6.867,9.123,9.879,10.3,9.42,9.81,9.61,-0.001,-0.001,0.0,0.31,0.02,-121.755657,36.5870949,176.2
5.4,2.4,0.0,4.02,0.08,0.23,0.18,-0.41,-1.51,0.81,0.05,9.133,9.692,10.438,10.811,13.15,8.14,8.63,11.58,-0.001,-0.001,-0.0,-0.13,-0.01,-121.7556555,36.5870963,176.25
6.8,2.4,0.0,4.02,0.25,0.45,0.32,1.48,-0.1,0.84,0.06,10.006,9.27,10.261,9.898,12.65,9.52,9.81,11.67,-0.001,-0.001,-0.0,0.16,0.01,-121.7556541,36.5870977,176.3
8.5,2.4,0.0,4.0,0.04,0.29,0.23,-0.73,1.39,0.8,0.14,12.988,7.426,9.163,9.506,12.56,9.81,9.32,8.83,-0.001,-0.001,-0.0,0.32,0.02,-121.7556527,36.587099,176.35
9.0,2.5,0.0,4.0,-0.42,0.36,0.18,1.49,-0.24,0.86,0.13,9.987,9.8,8.211,9.81,10.4,9.42,8.83,10.2,-0.001,-0.001,-0.0,0.29,0.02,-121.7556513,36.5871004,176.4
10.5,2.5,0.0,3.98,-0.06,0.45,0.75,1.7,-0.13,0.89,0.09,9.643,8.574,9.476,10.045,10.2,10.99,9.61,10.3,-0.001,-0.001,0.0,0.36,0.02,-121.7556499,36.5871018,176.45
11.8,2.5,0.0,3.98,-0.02,0.06,1.08,-2.09,-0.73,0.81,0.04,11.075,8.476,10.487,10.163,11.48,9.81,10.59,8.73,-0.001,-0.001,-0.0,0.26,0.02,-121.7556485,36.5871032,176.5
13.0,2.4,0.0,3.97,-0.01,0.34,1.3,0.45,0.23,0.83,0.06,8.584,10.026,10.291,9.31,11.18,10.59,11.09,8.73,-0.001,-0.001,-0.0,0.48,0.03,-121.755647,36.5871046,176.55
13.6,2.4,0.0,3.96,-0.15,0.02,1.17,0.05,1.78,0.86,0.09,9.486,9.663,9.388,9.555,10.5,8.73,10.2,8.83,-0.001,-0.001,-0.0,0.39,0.03,-121.7556457,36.587106,176.6
13.7,2.5,0.0,3.96,-0.13,0.25,1.44,2.1,-1.01,0.9,0.03,10.732,9.015,8.77,9.408,10.2,9.12,10.99,10.3,-0.001,-0.001,0.0,0.39,0.03,-121.7556443,36.5871073,176.65
14.1,2.5,0.0,3.93,-0.07,0.85,1.93,-0.64,-0.42,0.87,0.01,9.663,9.113,10.634,9.339,11.38,8.93,11.58,10.4,-0.001,-0.001,0.0,0.37,0.03,-121.7556429,36.5871087,176.7
14.3,2.5,0.0,3.94,-0.18,0.18,0.94,2.04,1.22,0.96,0.03,9.908,9.849,9.221,9.074,10.3,11.28,11.18,9.52,-0.001,-0.001,0.0,0.58,0.04,-121.7556415,36.5871101,176.75
14.4,2.5,0.0,3.92,-0.09,0.62,1.68,0.24,-0.73,0.97,0.02,10.065,9.28,10.094,9.624,10.99,10.1,9.71,9.81,-0.001,-0.001,0.0,0.34,0.02,-121.7556401,36.5871115,176.8
14.5,2.5,0.0,3.92,-0.24,0.7,1.26,-0.82,0.68,0.91,0.04,9.594,10.536,10.281,9.408,11.09,10.1,9.22,9.42,-0.001,-0.001,0.0,0.61,0.04,-121.7556387,36.5871128,176.85
14.5,2.4,0.0,3.9,0.03,0.17,1.55,-0.05,0.45,0.91,0.03,9.133,10.016,9.79,9.692,7.85,9.71,8.83,10.79,-0.001,-0.001,0.0,0.88,0.06,-121.7556374,36.5871142,176.9
14.2,2.5,0.0,3.9,-0.09,0.14,1.02,-0.83,-0.41,0.86,-0.0,7.622,9.908,10.075,9.879,9.42,9.91,8.63,8.34,-0.001,-0.001,0.0,0.56,0.04,-121.755636,36.5871156,176.95
14.4,2.5,0.0,3.89,0.15,0.34,1.58,-0.67,0.05,0.83,-0.01,9.221,10.34,9.673,9.221,11.38,10.59,7.55,10.4,-0.0,-0.001,0.001,0.65,0.04,-121.7556346,36.5871169,177.0
14.6,2.4,0.0,3.88,-0.16,0.38,1.26,-1.03,-1.0,0.81,-0.03,9.202,9.82,9.172,10.448,9.42,9.81,7.95,9.52,-0.001,-0.001,0.001,0.47,0.03,-121.7556333,36.5871183,177.05
14.6,2.5,0.0,3.87,0.02,0.58,1.22,0.18,-0.24,0.8,-0.05,7.662,10.359,10.487,9.604,8.73,11.77,10.4,7.26,-0.001,-0.001,0.0,0.66,0.04,-121.7556319,36.5871197,177.1
14.4,2.5,0.0,3.86,-0.21,0.42,1.16,0.36,1.77,0.84,0.0,7.936,11.723,9.722,9.437,8.34,9.81,8.63,9.42,-0.001,-0.001,0.0,0.44,0.03,-121.7556306,36.587121,177.15
14.4,2.5,0.0,3.85,-0.29,0.13,1.4,-1.68,-0.29,0.78,-0.01,10.369,9.918,10.232,9.055,10.3,10.79,10.2,9.91,-0.001,-0.001,0.001,0.59,0.04,-121.7556293,36.5871224,177.2
14.4,2.5,0.0,3.84,-0.52,0.84,1.59,0.96,-1.25,0.81,-0.05,10.045,10.516,9.898,9.741,11.77,9.32,9.32,9.81,-0.001,-0.001,0.001,0.64,0.04,-121.7556279,36.5871237,177.25
14.6,2.5,0.0,3.85,-0.45,0.06,1.97,1.21,-0.68,0.88,-0.08,7.926,10.919,9.584,10.516,11.28,10.89,10.4,11.38,-0.001,-0.001,0.001,0.37,0.03,-121.7556266,36.5871251,177.3
14.6,2.5,0.0,3.83,-0.26,-0.37,1.32,-0.23,-0.54,0.87,-0.1,10.134,10.565,10.075,10.232,9.71,10.01,9.12,8.73,-0.001,-0.002,0.001,0.24,0.02,-121.7556253,36.5871265,177.35
14.5,2.5,0.0,3.82,-0.4,0.73,1.1,0.02,-1.83,0.87,-0.16,6.926,12.096,9.771,10.045,7.85,10.4,7.95,10.89,-0.001,-0.001,0.001,0.66,0.04,-121.755624,36.5871278,177.4
14.2,2.4,0.0,3.82,-0.01,0.09,1.43,-0.19,0.52,0.84,-0.15,6.955,9.074,10.153,8.927,9.52,11.48,9.32,9.52,0.0,-0.001,0.001,0.81,0.05,-121.7556227,36.5871292,177.45
14.5,2.4,0.0,3.8,-0.64,-0.14,1.65,-1.62,0.24,0.76,-0.14,8.123,10.016,10.163,9.996,10.59,10.3,8.83,9.12,0.0,-0.001,0.001,0.58,0.04,-121.7556214,36.5871305,177.5
14.6,2.5,0.0,3.79,-0.15,0.49,1.39,-0.31,0.29,0.72,-0.13,8.957,10.251,10.026,9.604,10.2,8.93,7.26,10.2,-0.0,-0.001,0.001,0.73,0.05,-121.7556202,36.5871319,177.55
14.8,2.5,0.0,3.78,-0.28,0.11,1.65,0.23,0.35,0.73,-0.1,7.76,10.507,10.507,10.232,9.91,10.2,10.2,9.52,-0.001,-0.001,0.001,0.62,0.04,-121.7556189,36.5871332,177.6
14.8,2.5,0.0,3.77,-0.27,-0.56,1.44,-3.61,1.27,0.63,-0.07,8.741,11.301,10.055,10.399,10.5,9.42,9.61,9.12,-0.001,-0.001,0.0,0.34,0.02,-121.7556176,36.5871346,177.65
14.6,2.5,0.0,3.77,0.04,0.75,1.56,-1.08,-0.46,0.57,-0.09,9.967,8.672,11.262,8.554,9.81,9.12,9.12,7.75,-0.001,-0.001,0.001,0.8,0.05,-121.7556163,36.5871359,177.7
14.8,2.5,0.0,3.77,-0.0,-1.08,1.91,2.38,1.17,0.71,-0.05,9.535,10.556,8.113,9.192,7.55,10.3,9.61,14.32,-0.001,-0.001,0.002,0.47,0.03,-121.755615,36.5871373,177.75
14.8,2.5,0.0,3.77,-0.05,-0.42,1.62,-1.96,-0.83,0.73,-0.09,10.752,9.172,9.653,10.399,10.1,9.91,10.69,10.1,-0.0,-0.001,0.002,0.03,0.0,-121.7556137,36.5871387,177.8
14.8,2.5,0.0,3.76,-0.14,1.17,1.37,-1.75,0.25,0.62,-0.11,9.722,10.644,10.869,8.839,10.01,9.52,10.1,10.3,-0.001,-0.001,0.001,0.64,0.04,-121.7556124,36.58714,177.85
14.6,2.5,0.0,3.74,0.17,-0.27,1.11,3.05,-1.17,0.74,-0.14,12.135,9.349,8.466,9.996,10.5,7.85,10.5,12.26,-0.001,-0.002,0.001,1.17,0.08,-121.7556111,36.5871414,177.9
14.1,2.5,0.0,3.75,-0.02,0.05,1.26,-1.09,-1.43,0.75,-0.17,10.163,8.456,9.565,11.88,10.89,7.75,10.79,10.1,-0.001,-0.001,0.001,0.52,0.03,-121.7556098,36.5871427,177.95
13.5,2.5,0.0,3.73,-0.15,0.12,1.62,-0.57,1.64,0.69,-0.14,8.299,9.702,11.183,9.928,10.5,9.22,9.22,10.79,-0.0,-0.0,0.001,0.45,0.03,-121.7556086,36.5871441,178.0
13.1,2.5,0.0,3.73,0.04,-0.18,0.88,-0.44,2.36,0.67,-0.06,8.623,10.84,9.349,8.907,8.63,8.83,9.12,9.71,-0.001,-0.0,0.001,0.46,0.03,-121.7556073,36.5871454,178.05
12.7,2.5,0.0,3.74,0.33,0.08,0.88,1.25,-0.57,0.7,-0.06,11.301,9.673,8.564,8.594,11.48,10.1,10.89,10.59,-0.001,-0.001,0.001,0.54,0.04,-121.7556061,36.5871468,178.1
12.1,2.5,0.0,3.74,-0.14,0.31,0.97,-0.67,-0.34,0.66,-0.06,9.182,10.673,9.761,10.212,11.87,9.42,11.87,10.99,-0.001,-0.001,0.001,0.33,0.02,-121.7556048,36.5871482,178.15
11.1,2.5,0.0,3.74,0.2,0.08,1.08,0.94,0.27,0.67,-0.07,10.477,8.407,10.104,9.81,10.79,10.01,9.61,10.5,-0.001,-0.0,0.0,0.47,0.03,-121.7556036,36.5871496,178.2
10.3,2.6,0.0,3.74,-0.06,-0.13,0.59,0.94,-1.19,0.69,-0.1,8.849,9.261,10.634,10.565,10.79,8.63,8.24,11.77,-0.001,-0.0,0.0,0.36,0.02,-121.7556023,36.587151,178.25
8.7,2.6,0.0,3.75,0.32,0.38,0.56,-0.34,-0.63,0.7,-0.11,9.084,10.752,10.948,10.595,8.04,10.59,7.36,8.24,-0.001,-0.0,-0.0,0.38,0.03,-121.755601,36.5871524,178.3
8.0,2.6,0.0,3.75,-0.09,0.02,0.61,-0.04,-0.0,0.75,-0.1,9.849,10.399,8.888,8.123,10.79,10.01,9.81,9.32,-0.001,-0.0,-0.0,0.62,0.04,-121.7555998,36.5871538,178.35
7.1,2.6,0.0,3.75,-0.04,-0.02,0.26,0.86,-0.54,0.77,-0.11,8.093,11.85,9.182,10.33,10.69,10.99,7.36,9.71,-0.001,-0.001,0.0,0.33,0.02,-121.7555985,36.5871552,178.4
6.0,2.6,0.0,3.76,0.06,0.21,-0.01,0.53,-1.62,0.84,-0.2,7.269,11.262,10.026,11.311,7.06,11.18,12.75,8.63,-0.001,-0.0,-0.001,0.04,0.0,-121.7555973,36.5871566,178.45
4.7,2.6,0.0,3.75,-0.09,0.19,0.41,-0.94,0.15,0.79,-0.22,9.025,8.348,11.34,11.144,9.81,9.81,11.58,8.63,-0.001,-0.0,-0.001,0.34,0.02,-121.755596,36.587158,178.5
3.5,2.6,0.0,3.75,0.11,0.21,-0.14,0.3,2.52,0.78,-0.14,10.124,8.27,10.173,9.643,12.56,9.71,9.32,9.03,-0.001,-0.0,-0.001,0.4,0.03,-121.7555948,36.5871593,178.55
2.5,2.6,0.0,3.76,0.1,0.43,-0.36,-0.09,1.67,0.76,-0.07,11.684,8.79,8.672,8.191,11.18,10.59,8.83,8.53,-0.001,-0.0,-0.0,0.14,0.01,-121.7555935,36.5871607,178.6
2.0,2.6,0.0,3.76,0.23,0.25,-0.12,2.43,-0.43,0.86,-0.05,11.272,9.418,7.76,10.281,9.42,11.09,8.14,10.89,-0.001,-0.001,0.0,-0.13,-0.01,-121.7555922,36.5871621,178.65
1.5,2.6,0.0,3.77,0.17,-0.21,-0.2,-1.33,-1.07,0.85,-0.11,11.664,9.055,9.133,10.997,9.81,9.52,8.24,10.79,-0.001,-0.001,-0.0,-0.25,-0.02,-121.755591,36.5871635,178.7
1.0,2.6,0.0,3.76,0.06,-0.13,0.06,-0.99,-0.23,0.84,-0.16,11.144,8.348,10.016,10.399,9.22,8.83,10.5,10.3,-0.001,-0.0,-0.0,-0.11,-0.01,-121.7555897,36.5871648,178.75
-0.6,2.6,0.0,3.78,0.01,0.46,-0.23,1.54,-0.04,0.9,-0.17,9.427,9.212,9.722,10.86,10.69,10.1,10.4,9.52,-0.001,-0.0,-0.0,0.34,0.02,-121.7555884,36.5871662,178.8
-1.0,2.6,0.0,3.77,-0.15,-0.14,0.38,1.43,0.31,0.94,-0.15,9.29,10.173,10.909,10.33,10.59,10.2,11.77,9.71,-0.001,-0.001,-0.0,0.05,0.0,-121.7555872,36.5871676,178.85
-0.8,2.6,0.0,3.76,-0.06,-0.43,0.16,-0.33,-0.47,0.95,-0.12,7.926,10.251,10.33,8.554,10.2,10.59,8.63,7.95,-0.001,-0.001,-0.0,-0.23,-0.01,-121.7555859,36.5871689,178.9
-1.2,2.6,0.0,3.76,0.2,-0.47,-0.42,0.33,-0.95,0.99,-0.2,8.947,9.604,9.28,10.094,8.83,9.22,9.61,11.18,-0.001,-0.001,-0.0,-0.14,-0.01,-121.7555846,36.5871703,178.95
-1.4,2.6,0.0,3.77,0.17,0.34,-0.47,1.74,-1.41,1.05,-0.25,8.839,10.32,9.094,11.026,10.3,9.12,10.5,10.69,-0.0,-0.001,-0.0,-0.13,-0.01,-121.7555834,36.5871716,179.0
-1.5,2.6,0.0,3.76,-0.3,0.47,-0.43,-0.3,0.75,1.04,-0.23,6.229,11.546,9.879,10.732,9.81,9.32,7.85,11.77,-0.0,-0.001,-0.0,0.03,0.0,-121.7555821,36.587173,179.05
-1.5,2.6,0.0,3.77,-0.0,0.08,-0.47,-0.12,1.21,1.02,-0.18,8.721,10.575,10.065,9.575,9.61,10.2,8.44,9.52,-0.001,-0.001,-0.0,-0.15,-0.01,-121.7555808,36.5871744,179.1
-1.5,2.6,0.0,3.77,0.11,0.28,-0.58,-1.64,-0.66,0.94,-0.15,7.966,11.115,10.34,9.437,9.22,10.2,6.67,9.32,-0.001,-0.001,0.0,0.13,0.01,-121.7555795,36.5871757,179.15
-1.6,2.6,0.0,3.77,0.26,0.35,-0.2,-1.64,1.19,0.91,-0.12,8.898,11.35,10.173,8.839,10.3,9.81,10.3,9.42,-0.001,-0.001,0.0,0.19,0.01,-121.7555782,36.5871771,179.2
-1.4,2.6,0.0,3.78,0.06,-0.03,-0.69,-0.58,-0.92,0.87,-0.17,9.741,10.781,8.652,8.594,9.42,9.32,7.85,9.03,-0.001,-0.001,0.001,0.04,0.0,-121.755577,36.5871784,179.25
-1.2,2.6,0.0,3.79,-0.0,-0.06,-0.1,-0.55,-0.36,0.87,-0.2,10.85,8.986,8.319,10.86,10.69,10.2,10.79,9.61,-0.0,-0.001,0.001,-0.13,-0.01,-121.7555757,36.5871798,179.3
-1.0,2.6,0.0,3.78,0.01,0.54,-0.17,-0.66,-0.38,0.87,-0.23,9.3,9.516,9.869,11.164,8.34,9.12,11.87,9.81,-0.0,-0.001,0.001,0.02,0.0,-121.7555744,36.5871812,179.35
-0.7,2.6,0.0,3.77,0.1,0.92,0.16,1.05,1.59,0.87,-0.2,12.017,8.751,9.584,9.879,10.89,11.18,10.1,8.24,-0.001,-0.001,0.001,0.21,0.01,-121.7555731,36.5871825,179.4
-0.4,2.6,0.0,3.78,0.13,0.28,-0.17,1.53,-0.47,0.95,-0.2,11.144,8.849,9.192,9.947,11.97,10.3,9.52,10.1,-0.001,-0.001,0.001,-0.03,-0.0,-121.7555718,36.5871839,179.45
-0.4,2.6,0.0,3.79,0.63,0.38,-0.5,0.24,-1.52,0.95,-0.26,12.056,7.652,9.987,10.35,10.59,7.26,8.73,11.28,-0.001,-0.001,0.001,-0.11,-0.01,-121.7555705,36.5871852,179.5
-0.5,2.6,0.0,3.78,-0.16,-0.24,-0.59,-0.03,0.62,0.95,-0.26,10.968,6.887,9.506,11.026,11.97,7.06,10.2,11.77,-0.0,-0.001,0.001,-0.18,-0.01,-121.7555692,36.5871866,179.55
-0.4,2.6,0.0,3.78,0.2,0.78,-0.69,-0.38,0.78,0.93,-0.25,10.742,8.093,10.006,9.898,12.56,9.22,8.73,8.93,-0.0,-0.001,0.001,0.05,0.0,-121.7555679,36.5871879,179.6
-0.4,2.6,0.0,3.78,0.24,0.21,-0.34,-0.07,-0.09,0.87,-0.2,12.547,7.917,9.123,9.722,10.1,9.22,8.14,11.38,-0.001,-0.001,0.001,-0.01,-0.0,-121.7555666,36.5871893,179.65
-0.1,2.7,0.0,3.79,0.17,0.41,-0.23,-1.8,-0.46,0.84,-0.2,11.713,8.878,8.78,9.172,10.3,7.95,10.79,9.81,-0.001,-0.001,0.001,0.13,0.01,-121.7555653,36.5871906,179.7
0.1,2.6,0.0,3.79,0.2,-0.13,0.28,-0.63,0.26,0.83,-0.21,10.448,7.23,8.662,10.212,10.01,9.61,10.4,10.59,-0.0,-0.001,0.001,-0.03,-0.0,-121.755564,36.587192,179.75
0.4,2.6,0.0,3.79,0.13,0.6,0.05,0.33,-0.79,0.8,-0.25,10.879,8.123,9.987,10.762,9.12,8.63,10.2,8.93,-0.0,-0.001,0.001,0.07,0.0,-121.7555627,36.5871934,179.8
0.6,2.6,0.0,3.79,0.02,0.13,-0.36,-1.42,0.81,0.77,-0.24,10.026,9.427,9.202,10.261,11.38,9.22,10.1,8.04,-0.0,-0.001,0.001,-0.02,-0.0,-121.7555615,36.5871947,179.85
0.6,2.6,0.0,3.79,0.19,0.28,-0.45,-1.13,0.33,0.72,-0.22,7.838,10.997,9.8,10.212,13.15,8.24,9.91,10.3,-0.001,-0.001,0.001,0.04,0.0,-121.7555602,36.5871961,179.9
1.3,2.6,0.0,3.81,0.5,-0.27,-0.26,1.62,-1.39,0.71,-0.26,11.752,8.633,9.3,10.477,10.99,8.83,10.1,11.58,-0.001,-0.001,0.001,0.07,0.0,-121.7555589,36.5871974,179.95
2.0,2.6,0.0,3.79,-0.1,0.25,-0.44,0.17,-0.48,0.73,-0.25,9.496,9.025,10.605,10.477,9.91,7.95,8.93,9.42,-0.001,-0.001,0.0,0.16,0.01,-121.7555576,36.5871988,180.0
2.3,2.7,0.0,3.79,-0.1,0.11,0.04,1.56,0.43,0.76,-0.25,9.31,8.849,9.624,9.575,9.61,9.03,10.1,10.4,-0.001,-0.001,0.001,0.05,0.0,-121.7555563,36.5872001,180.05
2.9,2.6,0.0,3.79,0.27,0.5,-0.1,-0.3,-0.99,0.74,-0.28,9.584,9.673,9.545,9.506,9.81,10.5,8.83,10.1,-0.0,-0.001,0.001,0.1,0.01,-121.755555,36.5872015,180.1
3.3,2.6,0.0,3.79,-0.0,-0.27,-0.05,0.4,0.18,0.78,-0.25,9.584,10.83,9.996,10.065,10.5,10.4,8.83,10.01,-0.001,-0.001,0.001,-0.01,-0.0,-121.7555537,36.5872029,180.15
3.3,2.6,0.0,3.8,0.1,-0.28,0.25,-1.08,-0.25,0.77,-0.27,8.368,10.811,11.075,10.379,9.03,10.99,10.59,8.24,-0.001,-0.002,0.0,0.24,0.02,-121.7555524,36.5872042,180.2
3.4,2.6,0.0,3.79,-0.07,0.14,0.45,-1.07,0.51,0.69,-0.26,8.417,9.83,10.732,8.623,10.4,9.61,10.5,9.32,-0.001,-0.001,0.0,0.25,0.02,-121.7555511,36.5872056,180.25
3.8,2.6,0.0,3.8,0.14,-0.19,0.02,-0.54,-1.0,0.67,-0.27,8.064,11.644,9.545,8.476,9.81,9.71,8.44,10.99,-0.001,-0.001,0.001,0.18,0.01,-121.7555498,36.5872069,180.3
3.9,2.6,0.0,3.8,0.26,-0.29,0.37,-0.81,0.02,0.66,-0.28,10.33,9.359,9.172,7.877,9.12,9.61,11.87,10.1,-0.0,-0.001,0.001,0.06,0.0,-121.7555486,36.5872083,180.35
4.1,2.7,0.0,3.8,-0.33,-0.21,0.1,-0.19,0.06,0.62,-0.27,6.563,10.408,10.83,9.31,9.52,11.38,12.75,9.61,-0.001,-0.001,0.001,0.08,0.01,-121.7555473,36.5872097,180.4
4.8,2.6,0.0,3.81,0.2,0.1,0.07,-0.12,0.16,0.59,-0.29,10.281,10.359,9.32,7.671,7.46,9.81,11.38,9.71,-0.001,-0.001,0.001,0.17,0.01,-121.755546,36.587211,180.45
4.9,2.6,0.0,3.8,-0.24,0.35,0.24,-0.85,-1.48,0.6,-0.34,8.338,10.428,10.242,9.624,9.81,10.89,11.58,10.5,-0.001,-0.001,0.0,0.39,0.03,-121.7555447,36.5872124,180.5
4.8,2.6,0.0,3.8,-0.25,-0.28,0.47,1.32,1.09,0.66,-0.31,9.006,9.467,9.467,8.957,9.32,11.28,10.5,11.09,-0.001,-0.001,0.0,0.04,0.0,-121.7555434,36.5872137,180.55
5.0,2.6,0.0,3.8,0.15,0.12,0.22,-1.32,-1.17,0.63,-0.35,8.466,10.565,8.79,9.104,9.42,9.81,8.83,10.69,-0.001,-0.001,0.001,0.06,0.0,-121.7555421,36.5872151,180.6
5.0,2.6,0.0,3.81,0.06,0.26,0.5,-0.58,0.63,0.66,-0.32,9.506,10.457,8.309,9.624,9.61,10.5,6.87,11.28,-0.001,-0.001,0.001,0.33,0.02,-121.7555408,36.5872165,180.65
5.0,2.7,0.0,3.8,-0.23,0.01,0.36,-1.18,-1.0,0.66,-0.35,8.79,8.682,10.094,10.163,8.93,10.59,8.73,10.5,-0.001,-0.001,0.0,0.19,0.01,-121.7555395,36.5872178,180.7
5.0,2.6,0.0,3.8,0.24,-0.01,0.32,0.17,-1.49,0.68,-0.41,9.516,10.399,9.535,10.477,8.24,10.1,9.81,10.4,-0.001,-0.001,-0.0,0.18,0.01,-121.7555382,36.5872192,180.75
4.8,2.6,0.0,3.79,-0.19,0.05,-0.08,-3.57,1.97,0.59,-0.35,9.457,8.839,9.81,10.83,9.61,10.3,9.42,7.36,-0.001,-0.001,-0.0,0.3,0.02,-121.755537,36.5872206,180.8
4.8,2.6,0.0,3.79,-0.17,0.13,0.3,-0.24,-0.03,0.61,-0.33,9.31,10.693,7.887,9.604,10.4,10.59,10.3,9.22,-0.001,-0.001,0.0,0.29,0.02,-121.7555357,36.5872219,180.85
4.8,2.6,0.0,3.81,0.4,0.4,0.34,1.04,-0.71,0.61,-0.33,9.3,12.263,8.446,9.555,7.16,9.52,10.79,10.4,-0.001,-0.001,0.0,0.28,0.02,-121.7555344,36.5872233,180.9
4.8,2.6,0.0,3.8,-0.1,-0.21,0.56,-2.05,0.69,0.57,-0.33,8.751,9.732,10.065,10.016,9.71,10.69,10.5,10.89,-0.001,-0.001,0.0,0.1,0.01,-121.7555331,36.5872246,180.95
4.8,2.6,0.0,3.8,0.26,0.14,0.23,1.29,-1.11,0.61,-0.36,10.457,9.781,8.966,10.31,9.42,7.95,8.83,11.77,-0.001,-0.001,0.0,0.12,0.01,-121.7555318,36.587226,181.0
4.5,2.7,0.0,3.79,-0.14,0.43,0.04,-0.84,-1.54,0.56,-0.39,10.575,7.936,9.673,11.331,12.16,8.14,6.97,13.15,-0.001,-0.001,-0.0,0.28,0.02,-121.7555305,36.5872274,181.05
4.7,2.6,0.0,3.79,-0.28,-0.18,0.29,1.53,1.93,0.59,-0.33,10.644,7.407,8.152,10.879,10.1,9.81,8.24,10.01,-0.001,-0.001,-0.0,0.21,0.01,-121.7555292,36.5872287,181.1
4.7,2.6,0.0,3.8,0.32,0.06,0.05,2.0,-0.61,0.61,-0.32,11.458,9.928,8.162,9.408,10.2,9.03,8.63,10.2,-0.001,-0.001,0.0,0.06,0.0,-121.755528,36.5872301,181.15
4.8,2.6,0.0,3.8,0.39,-0.05,0.27,-0.63,0.01,0.65,-0.35,9.408,9.457,10.801,10.33,8.83,10.89,10.99,8.04,-0.001,-0.001,-0.0,0.05,0.0,-121.7555267,36.5872315,181.2
4.7,2.6,0.0,3.8,0.07,-0.49,0.13,-0.15,-0.08,0.65,-0.35,9.457,9.643,9.761,10.948,8.83,10.2,10.4,10.69,-0.001,-0.001,-0.0,-0.12,-0.01,-121.7555254,36.5872328,181.25
4.4,2.7,0.0,3.8,0.22,0.78,0.38,-1.14,0.43,0.63,-0.35,8.378,8.584,10.624,9.79,9.71,10.1,9.91,8.53,-0.0,-0.001,-0.0,0.29,0.02,-121.7555241,36.5872342,181.3
4.7,2.6,0.0,3.8,0.19,0.13,0.41,-1.07,2.46,0.59,-0.27,7.485,10.86,9.702,9.31,9.71,9.03,8.34,9.91,-0.0,-0.001,0.0,0.43,0.03,-121.7555229,36.5872356,181.35
4.9,2.6,0.0,3.79,0.34,-0.33,0.41,-0.73,0.35,0.58,-0.24,9.682,10.036,9.663,8.858,11.28,10.4,8.73,8.93,-0.001,-0.001,0.0,0.22,0.01,-121.7555216,36.5872369,181.4
5.0,2.6,0.0,3.8,0.01,0.51,0.11,-0.68,-1.54,0.55,-0.27,8.986,10.487,11.242,10.183,13.83,9.91,9.52,9.32,-0.001,-0.001,0.0,0.44,0.03,-121.7555204,36.5872383,181.45
5.3,2.6,0.0,3.79,-0.32,-0.01,0.15,1.7,0.42,0.59,-0.26,10.399,9.947,9.526,10.232,10.89,9.12,8.63,11.67,-0.001,-0.001,0.0,0.09,0.01,-121.755519,36.5872397,181.5
5.2,2.7,0.0,3.8,0.17,0.24,0.01,0.74,-2.47,0.61,-0.35,10.291,7.377,10.134,10.31,8.93,10.2,9.12,11.77,-0.001,-0.001,0.0,0.09,0.01,-121.7555177,36.587241,181.55
5.0,2.7,0.0,3.8,-0.47,0.26,0.53,-1.34,1.39,0.55,-0.31,9.869,7.485,10.114,10.762,10.2,8.34,9.12,9.32,-0.0,-0.001,0.0,0.17,0.01,-121.7555164,36.5872424,181.6
5.0,2.6,0.0,3.79,0.12,0.18,0.21,0.17,-0.26,0.56,-0.29,11.301,8.201,9.987,9.123,12.26,10.2,9.52,11.09,-0.0,-0.001,0.0,0.21,0.01,-121.7555152,36.5872437,181.65
5.1,2.7,0.0,3.79,0.47,0.08,0.2,0.2,0.55,0.6,-0.27,10.222,10.869,9.006,8.505,12.26,10.89,11.09,9.81,-0.001,-0.001,0.0,0.4,0.03,-121.755514,36.5872451,181.7
5.2,2.6,0.0,3.81,0.63,-0.34,0.33,-0.96,-0.09,0.55,-0.27,11.272,8.78,9.535,8.721,11.09,8.73,12.95,11.18,-0.001,-0.001,0.0,0.06,0.0,-121.7555126,36.5872465,181.75
5.3,2.6,0.0,3.79,0.02,0.21,0.2,2.54,-1.39,0.63,-0.33,7.976,10.457,9.594,10.33,11.77,9.12,10.01,11.67,-0.001,-0.001,0.0,0.16,0.01,-121.7555114,36.5872478,181.8
5.6,2.6,0.0,3.78,0.35,0.13,0.52,1.15,1.33,0.68,-0.29,7.74,9.702,8.701,10.31,10.2,9.12,10.69,10.59,-0.001,-0.001,0.0,0.13,0.01,-121.7555101,36.5872492,181.85
5.4,2.7,0.0,3.79,-0.03,0.31,0.14,0.86,-0.99,0.66,-0.28,10.242,9.516,8.927,9.074,11.77,8.34,9.03,10.2,-0.001,-0.001,0.0,0.04,0.0,-121.7555089,36.5872506,181.9
5.2,2.6,0.0,3.79,0.05,0.31,0.44,-2.86,0.51,0.59,-0.27,11.684,9.339,8.535,10.644,10.69,9.03,9.81,9.12,-0.001,-0.001,0.0,0.42,0.03,-121.7555076,36.5872519,181.95
5.6,2.6,0.0,3.77,-0.63,-0.09,0.07,1.42,-0.6,0.65,-0.3,10.713,10.251,8.152,10.693,9.42,10.4,8.14,9.22,-0.001,-0.001,0.0,0.25,0.02,-121.7555063,36.5872533,182.0
5.4,2.6,0.0,3.79,0.46,1.12,0.23,0.69,-1.25,0.61,-0.37,8.456,9.673,10.683,10.35,9.91,9.61,7.26,10.1,-0.001,-0.001,-0.0,0.54,0.04,-121.7555051,36.5872547,182.05
5.3,2.6,0.0,3.78,0.13,-0.41,0.35,-0.29,0.19,0.59,-0.35,10.457,9.221,9.888,10.781,11.58,9.32,7.95,10.1,-0.001,-0.0,-0.0,0.07,0.0,-121.7555038,36.587256,182.1
5.7,2.6,0.0,3.79,0.54,-0.47,0.22,-0.99,0.91,0.58,-0.34,8.77,10.026,10.202,9.388,9.12,11.48,11.28,8.04,-0.001,-0.0,-0.0,0.06,0.0,-121.7555025,36.5872574,182.15
5.8,2.6,0.0,3.78,0.09,0.16,0.66,0.43,1.58,0.62,-0.29,7.956,11.095,10.183,8.927,10.01,10.1,9.81,8.73,-0.001,-0.001,-0.0,0.14,0.01,-121.7555013,36.5872588,182.2
6.0,2.6,0.0,3.77,0.02,0.27,0.61,0.81,0.21,0.66,-0.29,9.055,11.438,9.663,10.163,10.69,9.32,11.09,10.4,-0.001,-0.001,-0.0,0.25,0.02,-121.7555,36.5872601,182.25
6.5,2.6,0.0,3.78,-0.36,0.76,0.46,1.22,-1.77,0.68,-0.36,7.828,10.487,10.85,10.281,10.4,9.22,12.36,10.1,-0.001,-0.001,-0.0,0.41,0.03,-121.7554987,36.5872615,182.3
6.9,2.6,0.0,3.77,-0.37,-0.19,0.69,1.63,1.05,0.7,-0.36,9.064,8.751,10.055,10.016,8.93,10.69,12.36,10.3,-0.001,-0.0,-0.0,0.17,0.01,-121.7554975,36.5872628,182.35
7.1,2.6,0.0,3.77,-0.11,0.81,0.42,0.27,-1.2,0.71,-0.4,8.594,11.252,11.115,10.232,9.61,10.4,9.12,9.42,-0.001,-0.001,-0.0,0.28,0.02,-121.7554962,36.5872642,182.4
8.1,2.6,0.0,3.77,-0.01,-0.06,0.68,-1.43,2.06,0.65,-0.33,10.065,9.859,9.732,8.643,7.55,10.79,9.61,8.73,-0.001,-0.001,-0.001,0.14,0.01,-121.7554949,36.5872656,182.45
8.6,2.6,0.0,3.78,-0.49,0.1,0.98,0.49,-0.41,0.69,-0.35,10.301,9.133,9.261,10.928,9.61,11.38,9.12,9.32,-0.001,-0.001,-0.0,0.35,0.02,-121.7554937,36.5872669,182.5
9.6,2.6,0.0,3.76,0.08,0.25,0.96,0.82,-2.19,0.75,-0.41,11.066,9.869,9.064,9.741,12.07,7.95,9.42,10.89,-0.001,-0.001,-0.0,0.33,0.02,-121.7554924,36.5872683,182.55
10.3,2.5,0.0,3.75,-0.04,-0.49,0.93,-1.07,1.44,0.73,-0.38,11.949,6.896,10.713,10.379,10.3,8.73,6.57,10.1,-0.001,-0.001,-0.0,0.18,0.01,-121.7554911,36.5872697,182.6
10.3,2.4,0.0,3.74,0.01,0.38,0.6,1.62,-1.05,0.8,-0.4,9.741,9.231,8.976,9.741,11.67,9.61,8.93,11.67,-0.001,-0.001,-0.0,0.27,0.02,-121.7554899,36.587271,182.65
9.8,2.4,0.0,3.73,0.32,0.45,0.98,-1.12,0.63,0.76,-0.35,7.426,12.194,9.476,9.437,11.87,9.03,12.07,9.42,-0.001,-0.001,-0.0,0.49,0.03,-121.7554887,36.5872724,182.7
9.8,2.3,0.0,3.71,-0.19,-0.63,0.65,1.04,0.32,0.75,-0.35,9.339,10.31,9.398,9.437,9.61,10.01,10.5,10.59,-0.001,-0.001,-0.0,0.33,0.02,-121.7554874,36.5872737,182.75
10.2,2.3,0.0,3.7,-0.23,0.03,1.17,-1.88,-1.68,0.72,-0.41,9.339,9.957,10.663,9.928,9.12,10.2,8.44,9.52,-0.001,-0.001,-0.0,0.45,0.03,-121.7554862,36.5872751,182.8
10.3,2.3,0.0,3.68,-0.44,-0.05,0.88,-0.73,0.24,0.75,-0.4,11.821,8.015,9.682,9.996,10.1,9.61,10.89,10.99,-0.001,-0.001,-0.0,0.39,0.02,-121.755485,36.5872764,182.85
10.4,2.3,0.0,3.66,-0.44,0.51,0.92,1.94,-1.08,0.81,-0.45,9.329,9.663,9.153,10.261,11.09,7.65,7.75,9.91,-0.001,-0.001,-0.0,0.36,0.02,-121.7554837,36.5872778,182.9
10.3,2.3,0.0,3.65,-0.05,0.5,0.66,2.39,0.78,0.88,-0.42,11.87,8.123,9.349,10.428,11.28,9.32,9.52,11.97,-0.001,-0.001,-0.0,0.37,0.02,-121.7554825,36.5872791,182.95
9.8,2.3,0.0,3.64,0.03,0.52,0.61,-0.61,-1.45,0.86,-0.44,8.27,10.565,9.221,9.898,12.56,10.01,7.95,10.79,-0.001,-0.001,-0.0,0.32,0.02,-121.7554813,36.5872804,183.0
9.9,2.3,0.0,3.62,-0.03,-0.09,0.89,-0.73,1.04,0.84,-0.39,8.368,9.702,9.771,8.907,9.32,9.91,10.5,10.3,-0.001,-0.001,-0.0,0.61,0.04,-121.7554801,36.5872817,183.05
9.9,2.3,0.0,3.62,0.1,-0.33,0.61,0.41,-0.82,0.87,-0.41,8.603,10.418,10.183,10.045,9.71,8.53,9.42,11.38,-0.001,-0.001,-0.0,0.3,0.02,-121.7554789,36.5872831,183.1
9.5,2.3,0.0,3.59,-0.48,0.18,1.07,0.55,0.6,0.91,-0.4,7.858,9.584,10.359,9.476,8.83,10.2,9.91,8.63,-0.001,-0.001,-0.0,0.28,0.02,-121.7554777,36.5872844,183.15
9.4,2.3,0.0,3.59,-0.86,0.23,0.62,1.59,0.48,0.94,-0.37,9.221,10.183,8.78,9.388,10.2,10.4,9.81,8.24,-0.001,-0.001,-0.0,0.06,0.0,-121.7554765,36.5872857,183.2
9.0,2.3,0.0,3.58,-0.02,0.8,0.87,0.58,-0.63,0.93,-0.37,9.192,10.301,9.996,9.221,9.52,10.5,8.53,10.69,-0.001,-0.001,-0.0,0.46,0.03,-121.7554753,36.587287,183.25
8.8,2.3,0.0,3.56,-0.31,0.24,0.86,-0.85,-0.68,0.91,-0.39,9.643,11.232,9.839,9.624,9.32,9.52,11.87,11.77,-0.002,-0.001,-0.001,0.49,0.03,-121.7554742,36.5872883,183.3
8.8,2.3,0.0,3.54,-0.2,-0.21,0.72,-1.74,-0.62,0.88,-0.44,10.575,9.643,11.272,10.565,9.03,9.52,9.42,10.1,-0.002,-0.001,-0.001,0.6,0.04,-121.755473,36.5872896,183.35
8.4,2.3,0.0,3.53,-0.59,0.2,0.89,-0.79,0.2,0.89,-0.45,9.349,9.545,9.79,10.33,10.69,9.71,9.32,9.32,-0.001,-0.001,-0.001,0.41,0.03,-121.7554718,36.5872909,183.4
8.0,2.3,0.0,3.52,-0.17,0.25,1.07,1.42,0.45,0.95,-0.42,9.437,9.408,9.496,8.338,9.61,10.79,9.91,10.99,-0.001,-0.001,-0.001,0.19,0.01,-121.7554707,36.5872922,183.45
7.4,2.3,0.0,3.51,0.03,0.07,0.12,0.42,-1.13,0.96,-0.44,8.878,10.202,9.8,9.643,10.69,9.91,8.53,11.67,-0.001,-0.001,-0.001,0.13,0.01,-121.7554695,36.5872935,183.5
6.6,2.3,0.0,3.49,-0.29,0.24,0.37,0.24,0.04,0.97,-0.44,8.662,10.83,10.399,10.762,12.36,9.22,9.81,11.67,-0.001,-0.001,-0.001,0.12,0.01,-121.7554683,36.5872947,183.55
5.6,2.3,0.0,3.47,-0.01,-0.06,0.71,0.32,0.05,0.95,-0.43,8.594,11.87,9.663,9.29,10.89,9.91,8.44,10.59,-0.002,-0.001,-0.001,0.13,0.01,-121.7554672,36.587296,183.6
4.7,2.3,0.0,3.46,-0.24,-0.25,0.15,0.99,-0.5,0.98,-0.42,9.231,10.428,9.437,9.006,9.81,10.2,7.85,9.42,-0.002,-0.001,-0.001,0.2,0.01,-121.755466,36.5872972,183.65
2.9,2.3,0.0,3.45,-0.15,0.02,-0.22,1.4,-0.62,1.02,-0.44,9.192,9.261,9.398,9.457,8.34,9.61,9.12,10.3,-0.001,-0.001,-0.001,-0.01,-0.0,-121.7554649,36.5872985,183.7
1.6,2.3,0.0,3.43,-0.34,0.11,-0.03,-0.94,0.21,1.01,-0.46,9.506,8.25,9.879,9.192,9.91,10.01,9.12,8.93,-0.001,-0.0,-0.001,-0.03,-0.0,-121.7554637,36.5872998,183.75
1.0,2.3,0.0,3.42,-0.26,0.03,0.01,0.58,1.09,1.03,-0.44,10.732,8.201,9.702,9.624,10.89,10.3,9.12,9.61,-0.001,-0.001,-0.001,0.05,0.0,-121.7554626,36.587301,183.8
0.1,2.3,0.0,3.41,0.17,0.04,0.02,-1.06,-0.14,1.01,-0.43,10.644,9.467,9.133,9.928,10.01,9.52,8.63,11.18,-0.001,-0.001,-0.001,-0.05,-0.0,-121.7554615,36.5873023,183.85
-0.6,2.3,0.0,3.4,-0.08,0.04,-0.1,0.77,-1.47,1.0,-0.47,8.868,10.271,10.301,10.144,9.32,10.69,11.18,11.77,-0.001,-0.002,-0.001,0.11,0.01,-121.7554603,36.5873035,183.9
-1.7,2.3,0.0,3.39,-0.42,-0.06,-0.37,0.13,-0.78,0.99,-0.5,8.152,9.859,10.516,10.477,9.12,10.79,11.67,10.5,-0.001,-0.001,-0.001,-0.0,-0.0,-121.7554592,36.5873048,183.95
-3.1,2.3,0.0,3.37,-0.26,-0.07,-0.18,0.32,1.0,1.0,-0.49,8.643,10.399,10.016,9.722,10.5,9.91,10.1,10.3,-0.001,-0.001,-0.0,-0.2,-0.01,-121.7554581,36.587306,184.0
-5.3,2.4,0.0,3.36,-0.19,0.51,-0.46,-0.34,-0.43,1.02,-0.47,9.212,10.065,8.701,9.604,9.61,9.22,9.12,9.42,-0.001,-0.001,-0.0,-0.44,-0.03,-121.755457,36.5873072,184.05
-6.2,2.4,0.0,3.35,-0.41,0.42,-0.66,0.05,0.43,1.0,-0.49,11.497,8.692,8.937,9.241,9.42,8.24,10.79,9.81,-0.001,-0.001,0.0,-0.27,-0.02,-121.7554558,36.5873084,184.1
-6.2,2.4,0.0,3.33,0.03,0.34,-1.11,0.4,-1.23,0.99,-0.52,10.055,10.173,9.83,10.477,10.69,8.83,11.09,10.59,-0.001,-0.001,0.0,-0.22,-0.01,-121.7554547,36.5873097,184.15
-5.8,2.4,0.0,3.33,-0.27,-0.12,-0.96,0.83,0.89,0.99,-0.52,9.535,9.938,10.614,9.506,10.59,9.03,11.09,10.3,-0.001,-0.002,0.0,-0.27,-0.02,-121.7554536,36.5873109,184.2
-5.9,2.4,0.0,3.31,0.0,0.55,-0.55,0.14,-1.82,0.98,-0.53,8.574,9.967,9.457,9.722,9.61,8.83,9.91,10.5,-0.001,-0.002,0.0,-0.27,-0.02,-121.7554525,36.5873121,184.25
-5.8,2.4,0.0,3.31,-0.06,0.1,-0.68,-1.76,1.19,0.92,-0.52,10.919,8.28,9.506,9.29,10.59,8.44,10.2,8.93,-0.001,-0.001,0.0,-0.21,-0.01,-121.7554514,36.5873133,184.3
-5.9,2.4,0.0,3.29,-0.19,-0.17,-0.35,0.33,-0.54,0.93,-0.51,10.811,8.231,8.858,10.31,10.89,9.91,9.42,9.32,-0.0,-0.001,0.001,-0.23,-0.01,-121.7554503,36.5873145,184.35
-5.9,2.4,0.0,3.28,-0.23,-0.23,-0.68,-0.57,0.42,0.92,-0.5,9.692,10.065,9.81,10.261,9.32,11.48,11.58,10.2,-0.001,-0.002,0.001,-0.06,-0.0,-121.7554492,36.5873157,184.4
-6.1,2.4,0.0,3.26,-0.24,-0.53,-0.62,-0.48,-0.54,0.93,-0.5,10.546,10.457,9.29,10.379,8.93,11.18,12.16,10.01,-0.001,-0.002,0.001,-0.31,-0.02,-121.7554481,36.5873168,184.45
-6.1,2.4,0.0,3.25,0.04,0.12,-1.1,-0.45,-0.78,0.89,-0.54,6.622,11.262,10.33,9.81,9.52,9.12,10.59,9.12,-0.001,-0.002,0.001,-0.41,-0.02,-121.7554471,36.587318,184.5
-6.2,2.4,0.0,3.24,-0.05,0.31,-0.79,-0.51,-0.5,0.84,-0.56,7.652,11.026,10.507,9.879,9.03,10.01,10.4,9.61,-0.001,-0.001,0.001,-0.06,-0.0,-121.755446,36.5873192,184.55
-6.5,2.4,0.0,3.23,-0.25,0.37,-0.61,0.45,0.95,0.82,-0.55,10.516,9.045,10.291,9.172,10.3,8.73,9.52,9.91,-0.001,-0.001,0.001,0.04,0.0,-121.7554449,36.5873204,184.6
-6.5,2.4,0.0,3.21,-0.49,-0.0,-0.26,-0.31,0.91,0.83,-0.51,9.918,9.427,9.447,9.123,11.18,9.32,9.32,10.4,-0.001,-0.001,0.001,-0.12,-0.01,-121.7554438,36.5873215,184.65
-6.3,2.4,0.0,3.2,-0.05,-0.3,-1.06,0.23,0.56,0.85,-0.51,10.438,8.319,9.369,10.144,10.89,7.75,8.63,10.99,-0.001,-0.001,0.001,-0.51,-0.03,-121.7554428,36.5873227,184.7
-6.3,2.4,0.0,3.2,0.05,0.54,-0.91,1.26,-1.19,0.86,-0.52,9.153,10.065,10.497,10.516,11.09,8.53,8.53,10.01,-0.001,-0.001,0.001,-0.32,-0.02,-121.7554417,36.5873238,184.75
-6.3,2.4,0.0,3.18,-0.22,-0.45,-0.59,0.59,1.01,0.91,-0.5,9.575,11.134,9.172,9.898,11.48,8.14,8.24,11.18,-0.001,-0.001,0.0,-0.35,-0.02,-121.7554406,36.587325,184.8
-6.6,2.4,0.0,3.16,0.06,0.5,-1.35,0.99,-1.62,0.93,-0.5,10.34,9.143,8.957,10.477,9.52,8.44,9.42,9.71,-0.001,-0.001,0.0,-0.31,-0.02,-121.7554396,36.5873261,184.85
-6.6,2.4,0.0,3.15,-0.23,0.3,-0.43,-0.68,0.86,0.89,-0.48,9.123,8.623,9.692,10.094,9.32,9.42,9.03,10.1,-0.001,-0.001,0.0,-0.13,-0.01,-121.7554385,36.5873273,184.9
-6.6,2.4,0.0,3.14,-0.31,-0.15,-0.92,-0.19,0.23,0.86,-0.46,9.594,9.781,9.467,9.771,9.52,9.81,11.09,8.63,-0.001,-0.001,0.0,-0.23,-0.01,-121.7554375,36.5873284,184.95
-6.5,2.4,0.0,3.13,-0.08,-0.35,-0.46,-1.05,-0.22,0.84,-0.44,7.799,12.223,9.996,9.476,9.52,9.52,9.71,9.32,-0.001,-0.001,0.0,-0.15,-0.01,-121.7554364,36.5873295,185.0
-6.5,2.4,0.0,3.12,-0.17,-0.01,-0.91,-0.04,0.33,0.83,-0.42,10.144,10.144,9.212,8.976,9.22,9.91,9.91,9.91,-0.002,-0.001,-0.0,-0.29,-0.02,-121.7554354,36.5873306,185.05
-6.3,2.4,0.0,3.1,-0.18,0.28,-1.12,0.23,0.65,0.81,-0.43,9.408,9.27,10.654,9.074,9.22,9.71,10.5,9.12,-0.002,-0.001,-0.0,-0.16,-0.01,-121.7554343,36.5873317,185.1
-6.6,2.4,0.0,3.1,-0.11,0.11,-0.43,0.18,0.52,0.79,-0.44,9.879,8.407,10.183,9.898,10.3,10.5,10.4,10.2,-0.001,-0.001,-0.0,-0.21,-0.01,-121.7554333,36.5873329,185.15
-6.6,2.4,0.0,3.08,-0.25,0.46,-0.94,-1.2,0.39,0.76,-0.44,10.114,8.858,9.467,9.692,11.38,9.52,9.32,11.28,-0.001,-0.001,-0.0,-0.17,-0.01,-121.7554323,36.587334,185.2
-6.6,2.4,0.0,3.07,0.13,0.41,-0.79,1.35,-0.15,0.77,-0.43,8.623,9.516,9.898,10.212,11.18,9.12,9.81,11.09,-0.001,-0.001,-0.0,-0.22,-0.01,-121.7554312,36.5873351,185.25
-6.5,2.4,0.0,3.05,-0.22,0.16,-0.91,0.72,0.3,0.77,-0.41,8.966,10.271,10.183,9.476,7.95,10.1,8.73,10.3,-0.002,-0.001,-0.0,-0.29,-0.02,-121.7554302,36.5873362,185.3
-6.5,2.4,0.0,3.04,-0.25,0.14,-0.6,0.23,-0.29,0.79,-0.41,9.261,10.86,9.398,9.79,9.32,11.28,8.83,10.1,-0.001,-0.001,-0.0,-0.35,-0.02,-121.7554292,36.5873373,185.35
-6.3,2.4,0.0,3.04,-0.1,0.09,-0.52,1.09,-0.5,0.8,-0.43,9.32,10.065,10.467,9.506,10.89,10.4,10.99,9.91,-0.001,-0.001,-0.0,-0.14,-0.01,-121.7554281,36.5873383,185.4
-6.1,2.4,0.0,3.02,-0.3,-0.13,-0.79,-0.41,-0.92,0.84,-0.46,10.477,9.663,8.79,9.977,9.91,11.28,10.99,9.71,-0.001,-0.001,-0.0,-0.21,-0.01,-121.7554271,36.5873394,185.45
-6.3,2.4,0.0,3.01,-0.26,0.42,-0.58,0.15,0.17,0.86,-0.47,9.859,8.319,10.202,10.31,9.32,10.5,9.42,8.44,-0.001,-0.001,-0.0,-0.23,-0.01,-121.7554261,36.5873405,185.5
-6.2,2.4,0.0,2.99,-0.22,0.08,-0.47,-0.17,1.34,0.84,-0.45,9.565,9.055,9.575,9.996,10.1,10.01,10.5,9.12,-0.001,-0.001,-0.0,-0.15,-0.01,-121.7554251,36.5873416,185.55
-6.0,2.4,0.0,2.98,-0.12,0.17,-0.74,0.48,0.53,0.86,-0.43,9.712,9.251,9.182,10.31,10.79,10.01,10.2,8.93,-0.001,-0.001,-0.0,-0.16,-0.01,-121.7554241,36.5873427,185.6
-5.6,2.4,0.0,2.97,-0.08,0.19,-0.76,0.65,0.49,0.86,-0.41,8.623,10.389,9.957,10.35,9.91,10.59,9.61,9.81,-0.001,-0.001,0.0,-0.26,-0.01,-121.755423,36.5873437,185.65
-5.3,2.4,0.0,2.96,-0.12,-0.14,-0.47,0.12,-1.38,0.88,-0.42,7.897,11.792,10.183,10.045,10.2,10.01,10.2,9.91,-0.001,-0.001,0.0,-0.26,-0.01,-121.755422,36.5873448,185.7
-5.1,2.4,0.0,2.94,-0.23,0.18,-0.55,-1.15,0.24,0.85,-0.41,10.212,9.633,9.673,9.437,10.5,9.32,10.1,10.69,-0.001,-0.001,0.0,-0.21,-0.01,-121.755421,36.5873459,185.75
-5.0,2.4,0.0,2.93,-0.25,0.33,-1.01,1.26,0.51,0.88,-0.41,9.81,9.074,9.3,9.241,10.4,9.03,8.53,9.61,-0.001,-0.001,0.0,-0.2,-0.01,-121.75542,36.5873469,185.8
-5.0,2.4,0.0,2.92,-0.3,0.38,-0.53,0.61,0.19,0.89,-0.41,11.429,7.701,9.182,9.879,11.09,9.32,7.65,11.67,-0.001,-0.001,0.0,-0.32,-0.02,-121.755419,36.587348,185.85
-4.8,2.4,0.0,2.91,0.07,0.9,-1.13,-0.67,-0.04,0.87,-0.41,11.546,8.397,8.741,10.713,11.97,7.55,9.03,11.18,-0.001,-0.001,0.0,-0.27,-0.01,-121.755418,36.587349,185.9
-4.7,2.4,0.0,2.91,0.22,0.12,-0.56,0.61,-0.22,0.86,-0.42,10.075,10.163,9.918,10.948,9.22,8.44,10.79,10.79,-0.001,-0.001,0.0,-0.32,-0.02,-121.755417,36.58735,185.95
-4.3,2.4,0.0,2.89,-0.1,-0.04,-0.45,-1.06,0.7,0.86,-0.41,9.221,10.889,9.967,9.692,10.3,10.01,9.03,10.69,-0.001,-0.001,0.0,-0.22,-0.01,-121.755416,36.5873511,186.0
-3.8,2.4,0.0,2.88,-0.23,-0.03,-0.36,1.56,0.02,0.88,-0.4,11.448,9.31,8.917,9.192,9.03,10.59,8.83,9.91,-0.001,-0.001,0.0,-0.42,-0.02,-121.755415,36.5873521,186.05
-3.5,2.4,0.0,2.87,0.1,0.5,-1.11,1.05,-2.05,0.92,-0.46,8.976,10.026,9.123,10.212,9.22,9.32,9.71,10.1,-0.001,-0.001,0.0,-0.32,-0.02,-121.755414,36.5873532,186.1
-3.4,2.4,0.0,2.86,-0.38,0.06,-0.69,0.35,-0.52,0.9,-0.5,8.142,10.045,10.938,9.977,8.44,9.03,9.81,9.03,-0.001,-0.001,0.0,-0.68,-0.03,-121.755413,36.5873542,186.15
-3.3,2.4,0.0,2.84,-0.11,-0.05,-0.31,-1.53,1.13,0.89,-0.48,8.829,9.457,9.427,9.604,9.61,8.93,11.09,9.81,-0.0,-0.001,0.0,-0.27,-0.01,-121.755412,36.5873552,186.2
-3.3,2.4,0.0,2.83,-0.18,0.53,-0.44,0.69,1.19,0.88,-0.43,8.682,10.271,8.947,9.722,9.91,10.4,10.69,10.3,-0.001,-0.001,0.0,0.0,0.0,-121.755411,36.5873562,186.25
-3.1,2.4,0.0,2.81,-0.43,-0.22,-0.31,-1.63,1.51,0.84,-0.37,10.987,10.752,9.418,9.996,9.61,10.79,10.2,8.34,-0.001,-0.001,0.0,-0.06,-0.0,-121.75541,36.5873572,186.3
-3.1,2.4,0.0,2.81,-0.25,0.51,-0.36,-1.08,0.29,0.82,-0.36,10.477,10.036,9.555,10.261,10.79,10.2,10.5,10.1,-0.001,-0.001,0.0,-0.02,-0.0,-121.7554091,36.5873583,186.35
-3.0,2.4,0.0,2.8,-0.18,0.08,-0.39,-0.38,0.44,0.82,-0.35,11.193,8.623,9.81,9.575,9.91,9.61,10.3,10.01,-0.001,-0.001,0.0,-0.09,-0.0,-121.7554081,36.5873593,186.4
-3.1,2.4,0.0,2.8,0.16,0.17,-0.58,0.18,-0.21,0.82,-0.39,10.222,8.25,9.486,9.722,10.69,8.34,9.42,11.48,-0.001,-0.001,0.0,-0.25,-0.01,-121.7554071,36.5873603,186.45
-3.1,2.4,0.0,2.78,-0.24,0.42,-0.87,0.53,-0.59,0.81,-0.41,9.045,9.633,9.633,10.35,10.99,8.63,8.73,10.01,-0.001,-0.001,0.0,-0.36,-0.02,-121.7554062,36.5873613,186.5
-3.0,2.4,0.0,2.77,0.23,0.09,-0.71,-0.55,-0.31,0.78,-0.41,8.113,10.575,9.143,9.977,10.01,9.81,9.61,10.01,-0.001,-0.001,0.0,-0.17,-0.01,-121.7554052,36.5873623,186.55
-3.0,2.4,0.0,2.76,-0.18,-0.56,-0.44,-0.24,-0.29,0.77,-0.4,8.505,11.752,10.045,9.437,8.83,10.3,8.14,10.1,-0.001,-0.001,0.0,-0.27,-0.01,-121.7554042,36.5873633,186.6
-3.0,2.4,0.0,2.75,-0.41,-0.1,-0.61,-0.73,-0.78,0.72,-0.39,10.242,9.653,9.496,9.241,6.87,10.59,10.5,11.18,-0.001,-0.001,0.0,-0.17,-0.01,-121.7554033,36.5873643,186.65
-3.0,2.4,0.0,2.74,-0.35,0.04,0.14,0.54,1.09,0.7,-0.39,10.055,10.222,10.595,9.692,10.2,10.2,10.2,9.42,-0.001,-0.001,0.0,0.03,0.0,-121.7554023,36.5873653,186.7
-2.5,2.4,0.0,2.72,-0.1,-0.14,-0.13,0.5,0.62,0.73,-0.37,11.625,8.652,9.624,9.741,11.18,9.71,9.71,8.44,-0.001,-0.001,0.0,-0.24,-0.01,-121.7554014,36.5873662,186.75
-2.4,2.4,0.0,2.72,-0.13,0.27,-0.38,-1.05,-0.5,0.76,-0.4,8.878,10.536,8.78,8.957,10.69,8.53,8.83,11.09,-0.001,-0.001,0.0,-0.38,-0.02,-121.7554004,36.5873672,186.8
-2.5,2.4,0.0,2.71,-0.37,0.37,-0.74,0.5,0.2,0.78,-0.42,10.134,8.721,8.966,10.33,9.52,8.44,10.4,10.01,-0.001,-0.001,0.0,-0.52,-0.02,-121.7553995,36.5873682,186.85
-2.6,2.4,0.0,2.69,-0.11,0.8,-0.42,0.22,-0.57,0.79,-0.45,10.212,9.143,9.879,10.477,11.28,8.73,9.81,9.52,-0.0,-0.001,0.0,-0.15,-0.01,-121.7553985,36.5873692,186.9
-2.6,2.4,0.0,2.68,-0.08,0.11,-0.24,0.01,1.76,0.8,-0.41,9.408,10.35,9.398,11.095,10.1,9.81,9.81,10.69,-0.001,-0.002,0.0,-0.08,-0.0,-121.7553976,36.5873701,186.95
-2.4,2.4,0.0,2.67,-0.15,-0.12,-0.61,0.07,-0.1,0.73,-0.36,10.938,9.339,9.987,9.879,9.52,10.79,9.61,8.44,-0.001,-0.002,0.0,-0.34,-0.02,-121.7553967,36.5873711,187.0
-2.3,2.4,0.0,2.65,-0.03,0.07,-0.33,-1.42,-1.43,0.7,-0.37,8.652,10.556,9.594,8.76,8.24,10.99,9.71,9.91,-0.001,-0.002,0.0,0.02,0.0,-121.7553958,36.587372,187.05
-2.2,2.4,0.0,2.65,-0.56,-0.36,-0.17,0.26,0.24,0.7,-0.37,8.888,9.682,10.222,9.408,9.42,10.3,10.2,10.99,-0.001,-0.002,0.0,-0.11,-0.0,-121.7553948,36.587373,187.1
-2.2,2.4,0.0,2.64,-0.03,0.48,-0.25,-0.73,-1.31,0.69,-0.4,9.712,8.907,9.712,10.232,11.09,10.2,9.12,11.18,-0.001,-0.001,0.0,-0.23,-0.01,-121.7553939,36.587374,187.15
-2.1,2.4,0.0,2.62,-0.18,-0.28,-0.28,0.79,0.39,0.71,-0.41,8.858,9.967,10.438,10.183,9.32,9.52,8.24,9.61,-0.001,-0.001,0.0,-0.49,-0.02,-121.755393,36.5873749,187.2
-2.0,2.4,0.0,2.61,-0.07,0.06,-0.22,-0.38,-0.2,0.71,-0.4,10.006,9.967,9.329,8.888,9.71,10.2,10.2,8.44,-0.001,-0.001,0.0,-0.31,-0.01,-121.7553921,36.5873758,187.25
-2.1,2.4,0.0,2.6,-0.32,-0.09,-0.5,0.14,1.53,0.72,-0.38,10.183,10.33,9.584,10.163,10.1,10.5,9.91,11.28,-0.001,-0.002,0.0,-0.27,-0.01,-121.7553912,36.5873768,187.3
-2.2,2.4,0.0,2.6,-0.06,0.38,-0.17,-0.22,-1.19,0.7,-0.41,10.104,8.289,9.869,10.379,10.99,9.71,9.71,9.52,-0.001,-0.002,0.0,-0.2,-0.01,-121.7553903,36.5873777,187.35
-2.1,2.4,0.0,2.58,-0.17,0.55,0.02,-1.45,0.13,0.66,-0.41,10.742,8.064,9.437,9.977,11.38,8.73,9.71,8.44,-0.001,-0.001,0.0,0.04,0.0,-121.7553894,36.5873786,187.4
-2.0,2.4,0.0,2.57,-0.36,-0.02,-0.17,-0.78,0.45,0.62,-0.4,10.34,10.457,9.388,9.604,11.77,8.83,9.61,10.4,-0.001,-0.001,0.0,-0.11,-0.01,-121.7553885,36.5873796,187.45
-1.7,2.4,0.0,2.56,-0.3,0.07,-0.16,-0.8,0.5,0.6,-0.39,10.153,9.673,9.427,9.506,9.91,10.1,10.5,10.01,-0.001,-0.001,0.0,-0.04,-0.0,-121.7553876,36.5873805,187.5
-1.5,2.4,0.0,2.55,-0.19,0.28,-0.16,0.94,-0.61,0.64,-0.42,10.977,8.211,9.349,10.516,10.1,10.79,10.1,7.95,-0.001,-0.001,0.0,-0.23,-0.01,-121.7553867,36.5873814,187.55
-1.7,2.4,0.0,2.54,-0.03,0.32,-0.11,-1.3,0.42,0.63,-0.43,10.33,8.996,9.682,9.526,10.99,9.71,10.59,8.63,-0.001,-0.001,0.0,-0.32,-0.01,-121.7553858,36.5873823,187.6
-2.4,2.4,0.0,2.53,-0.15,-0.19,-0.1,0.67,-0.61,0.66,-0.45,10.016,9.8,9.565,9.555,9.32,9.22,9.91,11.09,-0.001,-0.001,0.0,-0.25,-0.01,-121.7553849,36.5873832,187.65
-3.1,2.4,0.0,2.51,-0.15,0.18,-0.23,-1.4,0.66,0.63,-0.44,11.017,8.849,9.378,10.065,10.69,9.42,9.91,10.5,-0.001,-0.001,0.0,-0.27,-0.01,-121.7553841,36.5873841,187.7
-3.3,2.4,0.0,2.51,0.23,0.46,-0.08,0.65,0.1,0.63,-0.43,9.879,9.781,9.692,10.762,10.99,9.61,10.79,9.91,-0.001,-0.002,0.0,-0.05,-0.0,-121.7553832,36.587385,187.75
-3.5,2.4,0.0,2.49,-0.22,-0.31,-0.62,-0.75,0.76,0.59,-0.41,9.3,9.555,10.418,9.673,11.67,10.5,11.09,9.42,-0.001,-0.002,0.0,-0.35,-0.02,-121.7553823,36.5873859,187.8
-3.8,2.4,0.0,2.47,-0.21,0.07,-0.56,-0.27,-0.28,0.56,-0.41,9.261,10.016,10.055,10.016,9.12,9.91,9.52,8.93,-0.001,-0.002,0.0,-0.28,-0.01,-121.7553815,36.5873868,187.85
-4.4,2.4,0.0,2.46,-0.35,0.15,-0.4,-0.0,0.23,0.54,-0.41,10.163,9.879,9.575,8.741,8.93,8.73,8.83,9.12,-0.001,-0.001,0.0,-0.24,-0.01,-121.7553806,36.5873877,187.9
-5.8,2.4,0.0,2.46,0.09,0.06,-0.39,0.09,0.09,0.54,-0.42,8.976,10.026,9.329,9.143,10.2,9.32,9.71,10.01,-0.001,-0.001,0.0,-0.33,-0.01,-121.7553798,36.5873885,187.95
-7.2,2.4,0.0,2.44,0.04,-0.24,-0.41,-0.43,0.02,0.53,-0.42,9.575,9.938,9.359,9.339,11.09,8.83,8.93,10.5,-0.001,-0.001,0.0,-0.21,-0.01,-121.755379,36.5873894,188.0
-9.2,2.4,0.0,2.44,0.07,0.1,-0.21,0.97,-1.0,0.55,-0.42,8.829,10.879,9.123,10.281,10.3,10.01,9.03,12.07,-0.001,-0.001,0.0,-0.42,-0.02,-121.7553781,36.5873903,188.05
-12.1,2.4,0.0,2.43,-0.33,0.73,-0.67,-0.22,0.27,0.52,-0.41,10.193,9.31,9.486,9.928,11.09,8.83,10.2,10.89,-0.001,-0.001,0.0,-0.39,-0.02,-121.7553773,36.5873911,188.1
-15.5,2.4,0.0,2.41,-0.45,-0.3,-0.49,0.79,0.28,0.54,-0.39,10.418,9.633,9.182,9.722,8.04,9.81,9.03,9.22,-0.001,-0.002,0.0,-0.67,-0.03,-121.7553764,36.587392,188.15
-20.2,2.4,0.0,2.4,-0.01,-0.11,-0.89,-1.45,-0.69,0.51,-0.4,9.633,9.006,9.496,9.476,9.52,9.61,8.34,9.42,-0.001,-0.001,0.0,-0.8,-0.03,-121.7553756,36.5873928,188.2
-25.2,2.4,0.0,2.38,-0.27,0.01,-1.54,0.2,-0.2,0.5,-0.42,9.663,9.133,9.329,10.045,8.93,8.93,9.91,10.1,-0.001,-0.001,0.0,-0.92,-0.04,-121.7553748,36.5873937,188.25
-30.8,2.4,0.0,2.37,-0.06,-0.19,-2.66,-1.13,0.19,0.5,-0.43,11.017,9.673,9.555,10.516,9.71,9.32,11.28,10.4,-0.001,-0.001,0.0,-1.37,-0.06,-121.755374,36.5873945,188.3
-37.5,2.4,0.0,2.34,0.02,-0.41,-2.19,0.54,0.55,0.47,-0.44,9.172,9.879,10.408,9.849,10.69,10.01,11.38,8.53,-0.001,-0.001,0.0,-1.19,-0.05,-121.7553731,36.5873953,188.35
-45.0,2.4,0.0,2.34,-0.01,-0.59,-2.98,-1.05,0.76,0.48,-0.42,7.956,11.134,9.859,8.927,11.77,8.53,10.01,10.89,-0.001,-0.001,0.0,-1.68,-0.07,-121.7553723,36.5873961,188.4
-52.9,2.4,0.0,2.32,0.01,-0.57,-3.57,0.43,-1.03,0.5,-0.42,8.937,9.947,9.133,10.33,10.01,9.32,8.44,9.61,-0.001,-0.001,0.0,-2.12,-0.09,-121.7553715,36.5873969,188.45
-60.9,2.4,0.0,2.32,-0.38,0.17,-3.81,0.44,0.62,0.46,-0.42,8.103,9.898,10.153,9.643,9.61,10.4,10.4,10.5,-0.001,-0.001,0.0,-2.15,-0.09,-121.7553707,36.5873977,188.5
-68.2,2.4,0.0,2.3,-0.58,-0.27,-4.69,0.23,-0.8,0.46,-0.4,8.839,10.713,10.526,10.016,9.22,9.71,9.61,10.1,-0.001,-0.001,0.0,-2.56,-0.1,-121.7553698,36.5873985,188.55
-73.9,2.4,0.0,2.29,-0.23,-0.57,-5.42,-0.55,0.77,0.45,-0.4,10.114,10.968,10.124,9.241,10.59,10.59,10.01,9.71,-0.001,-0.002,0.0,-3.14,-0.13,-121.755369,36.5873993,188.6
-79.5,2.4,0.0,2.27,-0.53,0.04,-6.09,0.07,-0.86,0.43,-0.41,10.713,9.673,10.163,9.476,9.32,9.61,9.22,9.32,-0.001,-0.002,0.0,-3.24,-0.13,-121.7553682,36.5874,188.65
-83.5,2.4,0.0,2.26,-0.13,-0.28,-5.72,0.03,0.57,0.42,-0.41,9.006,10.153,10.418,10.899,9.03,10.01,9.71,8.83,-0.001,-0.002,0.0,-3.31,-0.13,-121.7553673,36.5874008,188.7
-88.1,2.4,0.0,2.24,-0.36,-0.49,-5.86,-1.01,-0.05,0.38,-0.42,10.291,8.27,9.133,9.006,9.61,9.52,11.87,8.83,-0.001,-0.001,0.0,-3.47,-0.14,-121.7553665,36.5874015,188.75
-93.4,2.4,0.0,2.23,-0.45,-0.38,-6.09,-1.54,0.59,0.33,-0.41,10.86,8.613,9.692,9.604,10.3,9.71,10.4,11.18,-0.001,-0.001,0.001,-3.49,-0.14,-121.7553657,36.5874022,188.8
-98.3,2.4,0.0,2.21,-0.49,-0.17,-6.78,-1.03,0.76,0.31,-0.38,10.899,10.163,9.437,9.339,10.99,8.73,9.32,10.69,-0.001,-0.001,0.001,-3.82,-0.15,-121.7553648,36.587403,188.85
-104.8,2.4,0.0,2.2,-0.11,-0.44,-7.43,-0.52,-0.12,0.29,-0.38,10.958,7.887,9.064,10.144,10.99,9.61,9.81,8.93,-0.001,-0.001,0.001,-4.27,-0.16,-121.755364,36.5874037,188.9
-110.5,2.4,0.0,2.19,-0.25,-0.75,-7.65,-1.5,-0.36,0.25,-0.38,10.202,9.702,9.251,9.476,11.97,8.63,9.32,10.01,-0.001,-0.001,0.001,-4.34,-0.17,-121.7553631,36.5874044,188.95
-116.4,2.4,0.0,2.17,-0.48,-0.28,-7.96,-1.15,-0.32,0.24,-0.38,9.996,9.094,9.27,9.575,10.89,9.61,10.3,9.91,-0.001,-0.001,0.001,-4.54,-0.17,-121.7553623,36.587405,189.0
-120.9,2.4,0.0,2.16,-0.45,-0.5,-7.82,-0.81,0.9,0.22,-0.37,9.741,8.8,9.447,9.27,12.16,10.01,7.95,10.1,-0.001,-0.002,0.001,-4.97,-0.19,-121.7553614,36.5874057,189.05
-127.1,2.4,0.0,2.14,-0.3,-0.32,-8.33,0.38,-1.84,0.22,-0.39,10.536,9.722,9.359,9.741,9.71,10.01,9.81,9.42,-0.001,-0.001,0.001,-5.23,-0.2,-121.7553606,36.5874064,189.1
-133.8,2.4,0.0,2.13,-0.2,-0.5,-8.7,-2.5,-0.47,0.18,-0.44,9.624,10.889,9.751,9.722,10.69,9.32,8.73,10.99,-0.001,-0.001,0.001,-5.11,-0.19,-121.7553597,36.587407,189.15
-140.9,2.4,0.0,2.11,-0.61,-0.56,-9.3,0.38,0.22,0.18,-0.46,9.938,8.809,9.712,10.045,9.91,10.1,10.79,9.71,-0.001,-0.001,0.001,-5.3,-0.2,-121.7553589,36.5874076,189.2
-148.0,2.4,0.0,2.09,-0.33,-0.27,-9.59,-0.21,-0.79,0.18,-0.49,10.448,7.926,10.153,9.996,10.1,9.32,11.38,7.95,-0.001,-0.001,0.001,-5.53,-0.2,-121.755358,36.5874083,189.25
-154.3,2.4,0.0,2.07,-0.31,-0.33,-9.73,-1.23,1.25,0.15,-0.47,11.468,8.986,9.584,9.673,11.38,9.81,10.5,9.03,-0.001,-0.001,0.001,-6.11,-0.22,-121.7553572,36.5874089,189.3
-161.1,2.4,0.0,2.06,-0.38,-0.52,-10.2,-0.42,-0.18,0.15,-0.46,10.222,9.614,9.565,9.31,11.67,10.59,10.79,9.32,-0.001,-0.001,0.001,-6.19,-0.22,-121.7553563,36.5874095,189.35
-166.1,2.4,0.0,2.05,0.12,-0.45,-10.56,0.46,-0.53,0.18,-0.48,11.105,9.055,9.378,9.977,10.79,10.3,9.03,9.12,-0.001,-0.001,0.001,-6.54,-0.23,-121.7553555,36.5874101,189.4
-170.6,2.4,0.0,2.03,-0.29,-0.04,-10.7,-0.48,-1.1,0.16,-0.52,11.056,8.76,9.202,9.673,11.38,8.44,10.1,9.52,-0.001,-0.001,0.001,-6.78,-0.24,-121.7553546,36.5874106,189.45
-175.0,2.4,0.0,2.01,-0.51,0.03,-10.6,-0.79,0.21,0.16,-0.54,12.243,7.838,9.957,10.232,10.79,7.95,9.42,10.99,-0.001,-0.001,0.001,-6.43,-0.23,-121.7553538,36.5874112,189.5
-178.3,2.4,0.0,2.0,-0.06,-0.59,-10.75,0.68,-0.61,0.2,-0.55,10.212,9.673,9.192,10.595,10.4,10.1,11.77,10.3,-0.001,-0.001,0.001,-6.89,-0.24,-121.7553529,36.5874117,189.55
-182.3,2.4,0.0,1.98,-0.29,-0.52,-10.95,-1.74,0.26,0.14,-0.55,9.535,10.016,9.212,8.957,9.61,9.61,10.5,10.1,-0.001,-0.001,0.001,-6.96,-0.24,-121.7553521,36.5874123,189.6
-184.9,2.4,0.0,1.97,-0.46,-0.39,-10.78,-0.13,-0.18,0.13,-0.54,10.006,8.584,9.928,10.163,8.73,11.18,10.4,9.52,-0.001,-0.001,0.001,-6.94,-0.24,-121.7553512,36.5874128,189.65
-186.8,2.4,0.0,1.96,-0.38,-0.34,-10.64,0.11,-0.69,0.13,-0.57,9.182,10.909,10.202,10.065,9.22,9.03,8.63,10.3,-0.001,-0.001,0.001,-7.17,-0.25,-121.7553503,36.5874133,189.7
-188.9,2.4,0.0,1.94,-0.42,-0.6,-10.9,-1.65,0.32,0.1,-0.57,9.604,9.074,10.045,9.457,8.83,10.3,10.4,8.34,-0.001,-0.001,0.001,-7.08,-0.24,-121.7553495,36.5874138,189.75
-190.7,2.4,0.0,1.93,-0.57,-0.55,-11.56,-2.25,1.0,0.04,-0.56,9.565,9.035,9.888,9.359,9.71,9.61,10.79,10.2,-0.001,-0.001,0.001,-7.21,-0.24,-121.7553486,36.5874143,189.8
-191.3,2.4,0.0,1.92,0.03,-0.08,-11.1,1.32,-0.52,0.05,-0.55,10.457,8.417,9.673,10.212,8.53,9.32,10.79,9.03,-0.001,-0.001,0.001,-7.31,-0.25,-121.7553477,36.5874148,189.85
-191.6,2.4,0.0,1.9,-0.19,-0.77,-10.66,-1.41,0.92,0.02,-0.54,9.064,9.604,9.79,8.888,10.79,9.71,10.79,9.32,-0.001,-0.001,0.001,-7.29,-0.24,-121.7553469,36.5874152,189.9
-191.9,2.4,0.0,1.89,-0.48,-0.61,-11.0,-0.25,-0.26,0.02,-0.54,9.781,10.251,9.82,9.476,10.59,9.22,8.83,9.52,-0.001,-0.001,0.001,-7.5,-0.25,-121.755346,36.5874157,189.95
-191.6,2.4,0.0,1.87,-0.2,0.05,-11.28,0.98,-0.58,0.09,-0.55,8.623,10.31,9.516,9.977,10.79,10.01,10.1,9.52,-0.001,-0.001,0.001,-7.95,-0.26,-121.7553451,36.5874161,190.0
-191.5,2.4,0.0,1.86,-0.27,-0.08,-10.84,-1.19,0.39,0.12,-0.55,8.701,10.977,9.575,9.457,10.01,9.52,9.42,9.71,-0.001,-0.001,0.001,-7.69,-0.25,-121.7553443,36.5874166,190.05
-191.3,2.4,0.0,1.85,-0.25,-0.01,-10.72,0.96,-0.65,0.13,-0.57,7.357,10.82,10.114,9.476,9.03,8.44,10.2,8.63,-0.001,-0.0,0.001,-7.33,-0.24,-121.7553434,36.587417,190.1
-190.9,2.4,0.0,1.83,-0.17,-0.45,-10.44,0.35,-0.74,0.16,-0.58,8.711,9.3,9.859,9.977,10.2,11.09,10.79,8.63,-0.001,-0.0,0.001,-7.26,-0.23,-121.7553425,36.5874174,190.15
-190.4,2.4,0.0,1.82,-0.2,-0.47,-10.74,0.25,1.04,0.16,-0.56,8.996,10.497,10.379,10.065,9.03,8.83,8.73,10.3,-0.001,-0.0,0.001,-7.42,-0.24,-121.7553417,36.5874178,190.2
-189.5,2.4,0.0,1.8,-0.47,-0.18,-10.41,0.56,-0.18,0.14,-0.53,10.477,9.702,9.653,9.643,10.01,10.3,10.1,10.1,-0.001,-0.0,0.001,-7.27,-0.23,-121.7553408,36.5874182,190.25
-188.3,2.4,0.0,1.79,-0.28,-0.5,-9.95,1.75,-0.51,0.17,-0.51,8.594,10.85,10.516,9.692,9.81,10.59,9.03,8.83,-0.001,-0.0,0.001,-7.25,-0.23,-121.7553399,36.5874186,190.3
-186.8,2.4,0.0,1.78,-0.67,-0.23,-10.37,-0.34,0.74,0.18,-0.49,8.692,10.359,9.781,9.055,8.34,9.91,9.91,10.4,-0.001,-0.0,0.001,-7.64,-0.24,-121.7553391,36.587419,190.35
-185.2,2.4,0.0,1.77,-0.19,-0.04,-10.33,2.41,-0.88,0.23,-0.49,9.888,9.555,9.967,9.947,8.14,9.52,10.1,8.34,-0.001,-0.0,0.001,-7.26,-0.22,-121.7553382,36.5874194,190.4
-182.1,2.4,0.0,1.75,0.09,-0.24,-10.01,0.7,0.46,0.28,-0.48,7.514,11.331,9.673,9.359,8.63,8.83,10.5,9.03,-0.001,-0.0,0.001,-7.28,-0.22,-121.7553373,36.5874197,190.45
-178.5,2.4,0.0,1.74,-0.36,-0.59,-9.97,0.36,1.35,0.29,-0.46,7.976,10.742,10.438,8.927,9.12,10.89,10.01,9.61,-0.001,0.0,0.001,-7.43,-0.23,-121.7553365,36.5874201,190.5
-175.0,2.4,0.0,1.73,0.0,0.38,-9.07,1.7,-1.07,0.34,-0.46,10.457,10.104,9.996,10.31,8.93,10.5,10.01,9.32,-0.001,0.0,0.0,-7.35,-0.22,-121.7553356,36.5874204,190.55
-171.5,2.4,0.0,1.72,-0.19,-0.06,-9.22,-1.5,1.56,0.34,-0.43,10.016,10.271,9.682,9.643,11.09,9.61,9.81,10.69,-0.001,0.0,0.0,-6.81,-0.21,-121.7553348,36.5874208,190.6
-168.0,2.4,0.0,1.71,-0.19,-0.4,-9.0,0.64,0.89,0.35,-0.4,10.448,9.545,9.741,9.624,10.2,9.61,10.3,9.52,-0.001,0.0,0.0,-6.95,-0.21,-121.7553339,36.5874211,190.65
-164.8,2.4,0.0,1.71,0.12,-0.03,-8.67,0.14,0.58,0.36,-0.38,11.399,9.516,9.192,10.212,10.79,10.1,9.32,10.2,-0.001,0.0,0.0,-6.77,-0.2,-121.7553331,36.5874215,190.7
-161.9,2.4,0.0,1.69,-0.2,-0.04,-8.57,1.64,0.56,0.39,-0.35,9.898,9.349,9.643,10.183,11.28,9.91,9.91,10.01,-0.001,0.0,-0.0,-6.43,-0.19,-121.7553322,36.5874218,190.75
-157.4,2.4,0.0,1.69,0.09,-0.09,-8.83,-1.05,0.08,0.35,-0.33,10.232,9.643,9.516,10.114,10.3,8.73,9.91,11.18,-0.001,0.0,-0.0,-6.35,-0.19,-121.7553314,36.5874221,190.8
-152.7,2.4,0.0,1.67,-0.04,-0.06,-8.26,0.3,0.48,0.36,-0.32,11.105,9.074,8.947,10.065,10.79,8.93,9.42,10.99,-0.001,0.0,-0.0,-5.95,-0.17,-121.7553306,36.5874224,190.85
-147.4,2.4,0.0,1.67,0.01,0.17,-8.08,0.0,0.73,0.37,-0.28,9.996,8.564,9.231,10.183,12.16,9.71,8.63,11.28,-0.001,0.0,-0.0,-6.15,-0.18,-121.7553297,36.5874227,190.9
-142.1,2.4,0.0,1.66,0.13,-0.25,-7.97,-0.57,1.15,0.35,-0.24,10.408,10.045,9.575,10.399,11.67,8.83,9.91,10.79,-0.001,0.0,-0.0,-5.85,-0.17,-121.7553289,36.587423,190.95
-136.5,2.4,0.0,1.65,0.11,0.0,-7.75,1.24,0.19,0.37,-0.2,10.497,10.036,9.3,10.183,10.5,10.2,9.32,10.1,-0.001,0.0,-0.0,-5.98,-0.17,-121.755328,36.5874233,191.0
-130.7,2.4,0.0,1.64,-0.22,-0.19,-7.07,0.47,0.84,0.4,-0.16,8.966,10.34,9.604,9.947,9.32,9.81,9.12,8.24,-0.001,-0.0,-0.0,-5.79,-0.17,-121.7553272,36.5874236,191.05
-123.9,2.4,0.0,1.63,-0.16,0.14,-7.3,0.02,0.89,0.41,-0.13,8.741,9.584,9.82,9.879,9.81,10.89,9.91,9.91,-0.001,0.0,-0.0,-5.32,-0.15,-121.7553264,36.5874239,191.1
-115.7,2.4,0.0,1.63,-0.0,0.03,-6.54,0.83,-1.34,0.44,-0.13,9.221,10.34,9.82,9.771,9.42,9.61,11.48,10.5,-0.001,0.0,-0.0,-5.25,-0.15,-121.7553256,36.5874242,191.15
-106.7,2.4,0.0,1.61,-0.05,0.01,-6.06,0.51,0.74,0.46,-0.1,9.427,9.781,9.29,9.221,10.1,9.52,9.81,10.2,-0.001,0.0,-0.0,-4.59,-0.13,-121.7553247,36.5874245,191.2
-95.8,2.4,0.0,1.61,-0.01,-0.03,-5.22,-0.02,0.26,0.47,-0.08,9.761,10.153,10.036,10.33,11.38,8.93,9.91,11.28,-0.001,0.0,-0.0,-4.65,-0.13,-121.7553239,36.5874248,191.25
-87.0,2.4,0.0,1.59,-0.16,0.29,-4.87,-0.42,-0.13,0.47,-0.06,8.898,10.193,9.32,9.79,11.18,8.44,8.73,10.5,-0.001,0.0,-0.0,-4.1,-0.11,-121.7553231,36.5874251,191.3
-78.0,2.4,0.0,1.57,-0.18,0.31,-4.68,0.97,0.18,0.49,-0.03,8.927,9.398,9.28,10.144,10.79,10.01,9.22,10.4,-0.001,0.0,-0.0,-3.53,-0.1,-121.7553223,36.5874254,191.35
-70.6,2.4,0.0,1.57,-0.51,0.07,-3.86,-0.23,0.53,0.49,-0.01,8.466,10.222,9.467,9.31,9.12,10.4,9.32,10.69,-0.001,-0.0,-0.0,-3.51,-0.1,-121.7553215,36.5874256,191.4
-64.8,2.4,0.0,1.56,-0.12,0.58,-3.35,0.21,-0.72,0.47,-0.0,10.006,9.535,9.594,10.399,9.12,10.3,9.32,9.71,-0.001,-0.0,-0.0,-2.76,-0.08,-121.7553207,36.5874259,191.45
-59.2,2.4,0.0,1.56,-0.31,-0.18,-3.46,0.94,0.74,0.5,0.02,11.458,7.887,9.869,9.241,9.32,10.01,10.5,8.73,-0.001,-0.0,-0.0,-2.85,-0.08,-121.7553199,36.5874262,191.5
-52.2,2.4,0.0,1.54,-0.18,0.38,-3.29,-0.61,-0.69,0.53,0.03,9.761,10.016,9.584,9.996,10.69,10.2,10.59,9.12,-0.001,-0.0,-0.0,-2.86,-0.08,-121.7553191,36.5874265,191.55
-45.0,2.4,0.0,1.53,-0.71,0.14,-2.08,1.06,1.23,0.56,0.06,10.124,8.692,10.016,9.457,10.5,10.01,11.09,9.22,-0.001,-0.0,-0.0,-2.4,-0.06,-121.7553183,36.5874268,191.6
-36.4,2.4,0.0,1.51,0.02,0.16,-2.33,1.19,-0.06,0.63,0.07,10.124,9.231,9.251,10.045,9.52,11.28,11.09,7.65,-0.001,-0.0,-0.0,-2.05,-0.05,-121.7553175,36.587427,191.65
-27.9,2.4,0.0,1.52,-0.27,0.64,-1.42,-0.5,-0.11,0.65,0.06,9.673,9.604,9.751,9.79,9.91,10.01,11.28,9.03,-0.001,-0.001,-0.0,-1.42,-0.04,-121.7553168,36.5874273,191.7
-19.0,2.4,0.0,1.51,-0.18,-0.08,-1.36,-0.17,1.96,0.67,0.08,10.497,9.251,10.595,10.183,10.79,9.22,10.3,9.61,-0.001,-0.001,-0.0,-1.18,-0.03,-121.755316,36.5874276,191.75
-9.8,2.5,0.0,1.49,0.02,0.49,-0.7,0.58,-0.99,0.7,0.07,9.761,9.467,9.81,9.575,10.5,9.61,10.5,9.52,-0.001,-0.001,-0.0,-0.98,-0.03,-121.7553152,36.5874279,191.8
0.3,2.5,0.0,1.5,-0.23,0.56,-0.27,-0.09,0.6,0.72,0.07,10.389,9.839,9.526,9.476,10.59,9.22,9.12,10.2,-0.001,-0.001,0.0,-0.37,-0.01,-121.7553144,36.5874282,191.85
8.6,2.6,0.0,1.48,0.03,-0.22,0.41,1.35,0.5,0.75,0.06,8.535,10.614,9.79,10.546,10.3,9.61,9.91,10.2,-0.001,-0.001,0.0,-0.42,-0.01,-121.7553137,36.5874284,191.9
12.8,2.6,0.0,1.47,-0.33,0.43,0.35,-0.5,0.23,0.76,0.07,7.877,10.556,9.869,9.947,9.71,10.1,9.81,10.79,-0.001,-0.001,-0.0,-0.21,-0.01,-121.7553129,36.5874287,191.95
15.1,2.6,0.0,1.47,-0.1,0.76,0.32,1.63,-0.17,0.78,0.09,8.603,9.987,9.575,9.996,9.42,10.79,10.1,9.61,-0.001,-0.001,0.0,0.25,0.01,-121.7553122,36.587429,192.0
20.8,2.6,0.0,1.46,-0.21,0.11,0.53,0.16,0.11,0.8,0.09,8.191,10.34,9.947,9.221,10.3,9.32,9.32,9.81,-0.001,-0.001,0.0,0.42,0.01,-121.7553114,36.5874293,192.05
28.3,2.7,0.0,1.45,-0.4,-0.14,0.58,0.28,-0.02,0.82,0.08,7.338,11.546,9.781,9.408,9.42,9.81,9.52,10.01,-0.001,-0.001,0.0,0.59,0.01,-121.7553107,36.5874296,192.1
36.6,2.7,0.0,1.44,0.11,0.0,1.02,-0.23,0.14,0.86,0.09,8.545,9.084,9.859,9.408,9.12,10.4,9.12,9.22,-0.0,-0.001,0.0,0.34,0.01,-121.7553099,36.5874298,192.15
44.7,2.7,0.0,1.45,-0.07,0.61,2.07,1.17,0.03,0.88,0.1,7.838,10.006,10.153,9.055,10.2,10.3,9.81,9.71,-0.001,-0.001,0.0,1.22,0.03,-121.7553092,36.5874301,192.2
52.8,2.7,0.0,1.45,-0.25,0.19,2.19,1.33,0.27,0.93,0.12,7.593,12.145,9.918,9.506,9.81,9.81,9.32,10.89,-0.001,-0.001,0.0,1.91,0.05,-121.7553084,36.5874304,192.25
60.1,2.8,0.0,1.44,0.07,0.44,1.89,-0.42,-0.51,0.94,0.1,8.476,10.948,10.202,9.898,9.61,10.4,10.4,9.03,-0.001,-0.001,0.0,1.55,0.04,-121.7553077,36.5874307,192.3
66.4,2.9,0.0,1.43,-0.34,0.29,2.13,0.65,0.36,0.96,0.11,9.408,9.732,9.771,9.506,10.5,10.2,9.22,9.03,-0.001,-0.001,0.0,2.07,0.05,-121.755307,36.587431,192.35
72.1,2.9,0.0,1.44,0.08,-0.23,2.53,0.81,-0.02,1.0,0.12,6.965,11.615,9.555,9.879,10.69,10.01,8.44,10.2,-0.001,-0.001,0.0,1.81,0.05,-121.7553062,36.5874313,192.4
77.2,3.0,0.0,1.44,-0.17,0.5,2.8,-0.48,-0.88,1.0,0.13,9.251,9.555,9.094,9.339,9.71,10.2,10.2,9.91,-0.001,-0.001,-0.0,2.31,0.06,-121.7553055,36.5874316,192.45
81.1,3.1,0.0,1.44,0.2,0.42,3.01,-1.01,0.47,0.97,0.12,8.515,10.301,10.242,9.074,10.79,9.81,8.83,9.71,-0.001,-0.001,-0.0,2.56,0.06,-121.7553048,36.5874319,192.5
83.5,3.1,0.0,1.43,-0.17,0.53,3.12,1.27,-0.61,0.98,0.1,8.77,10.183,10.163,9.604,9.42,10.5,9.91,10.01,-0.001,-0.001,-0.0,3.07,0.08,-121.7553041,36.5874322,192.55
85.2,3.1,0.0,1.44,0.52,0.27,3.13,-0.12,-0.24,0.96,0.09,9.535,9.496,9.751,9.996,9.52,10.59,9.71,9.52,-0.001,-0.0,-0.0,2.7,0.07,-121.7553033,36.5874325,192.6
86.3,3.2,0.0,1.45,-0.02,-0.25,2.96,-2.11,0.29,0.94,0.09,11.448,9.859,8.662,9.624,11.67,8.93,9.12,10.3,-0.001,-0.0,-0.0,2.92,0.07,-121.7553026,36.5874328,192.65
87.2,3.3,0.0,1.45,-0.43,-0.02,3.26,0.82,-0.48,0.96,0.09,8.319,8.966,10.222,9.29,9.03,10.59,8.83,9.71,-0.001,-0.0,-0.0,2.73,0.07,-121.7553019,36.5874331,192.7
87.9,3.3,0.0,1.45,0.3,0.66,3.45,1.42,-0.02,0.96,0.07,9.614,10.742,9.888,10.144,8.04,11.48,10.01,10.69,-0.001,-0.0,-0.001,2.77,0.07,-121.7553012,36.5874334,192.75
89.8,3.3,0.0,1.45,-0.2,0.04,3.71,1.96,0.12,0.99,0.07,11.115,9.83,9.947,9.81,10.4,8.14,11.09,9.22,-0.001,-0.0,-0.001,2.76,0.07,-121.7553005,36.5874338,192.8
92.9,3.4,0.0,1.46,0.14,0.15,3.78,-1.01,-0.81,0.97,0.06,12.939,7.201,9.682,9.81,10.1,10.79,10.1,10.1,-0.001,-0.0,-0.001,2.99,0.08,-121.7552998,36.5874341,192.85
96.0,3.3,0.0,1.46,0.23,-0.11,3.47,-0.33,0.21,0.99,0.08,9.163,9.869,9.771,11.213,11.58,9.22,8.83,9.61,-0.001,-0.0,-0.001,3.11,0.08,-121.7552991,36.5874344,192.9
99.8,3.2,0.0,1.46,0.34,-0.45,4.04,2.67,1.18,1.03,0.1,10.418,10.722,9.32,10.35,11.28,10.2,9.61,9.42,-0.001,-0.0,-0.001,2.95,0.08,-121.7552984,36.5874348,192.95
103.7,3.3,0.0,1.45,0.06,0.62,4.05,0.91,-0.55,1.03,0.11,10.781,8.819,10.006,9.977,9.71,10.5,10.79,9.22,-0.001,-0.0,-0.001,3.37,0.09,-121.7552977,36.5874351,193.0
107.6,3.4,0.0,1.45,-0.16,1.02,4.15,0.75,1.51,1.02,0.13,13.126,7.161,9.526,9.172,10.4,9.91,10.3,10.59,-0.001,-0.0,-0.001,3.81,0.1,-121.7552969,36.5874354,193.05
110.5,3.3,0.0,1.46,0.47,1.02,4.51,1.38,0.52,1.03,0.16,10.752,8.662,9.771,9.722,10.69,10.1,8.73,7.75,-0.001,-0.0,-0.001,3.79,0.1,-121.7552962,36.5874358,193.1
113.9,3.3,0.0,1.47,0.26,1.04,4.3,-0.8,0.63,0.99,0.17,10.516,9.104,9.261,8.525,9.91,9.42,8.44,11.18,-0.001,-0.0,-0.001,4.16,0.11,-121.7552955,36.5874361,193.15
118.1,3.3,0.0,1.47,0.22,0.43,5.08,0.82,1.76,0.98,0.19,12.998,6.995,9.486,10.35,10.4,9.12,10.2,9.52,-0.001,-0.0,-0.001,4.06,0.1,-121.7552948,36.5874365,193.2
122.7,3.2,0.0,1.47,0.51,1.17,4.6,2.4,-0.51,0.97,0.19,10.811,8.976,9.624,9.624,11.38,9.03,10.69,9.71,-0.001,-0.0,-0.001,4.16,0.11,-121.7552941,36.5874369,193.25
126.3,3.2,0.0,1.48,0.12,0.66,5.45,1.51,1.82,0.98,0.25,14.146,8.142,9.28,10.114,10.3,9.91,9.42,9.81,-0.001,-0.0,-0.001,4.37,0.11,-121.7552934,36.5874372,193.3
128.9,3.1,0.0,1.48,0.53,0.54,5.3,0.31,-0.61,0.96,0.26,9.869,11.36,9.643,9.437,10.5,10.01,10.69,9.52,-0.001,-0.0,-0.001,4.36,0.11,-121.7552927,36.5874376,193.35
130.5,3.0,0.0,1.48,0.05,0.16,5.48,0.48,2.11,0.98,0.3,11.213,10.82,9.31,8.672,9.52,10.89,9.91,10.4,-0.001,-0.0,-0.001,4.68,0.12,-121.755292,36.587438,193.4
130.7,3.0,0.0,1.48,0.77,-0.28,5.64,0.53,-0.81,1.0,0.29,8.613,12.017,10.114,10.094,10.3,9.61,10.2,9.22,-0.001,-0.0,-0.001,4.91,0.13,-121.7552913,36.5874383,193.45
130.9,3.1,0.0,1.49,0.27,-0.54,5.16,-2.33,1.54,1.0,0.3,6.249,12.38,9.692,9.192,9.61,10.01,9.91,10.1,-0.001,-0.0,-0.001,4.36,0.11,-121.7552906,36.5874387,193.5
131.0,3.1,0.0,1.48,-0.07,-0.34,5.5,-0.29,0.39,1.01,0.31,6.926,10.379,10.31,9.241,8.24,10.1,9.81,9.32,-0.001,-0.0,-0.001,4.39,0.11,-121.7552899,36.5874391,193.55
131.3,3.2,0.0,1.48,0.31,0.3,5.29,-0.95,0.64,1.04,0.35,7.191,9.251,9.545,10.114,10.01,10.1,8.63,10.2,-0.001,-0.0,-0.001,4.64,0.12,-121.7552892,36.5874395,193.6
131.4,3.3,0.0,1.49,0.19,0.53,5.31,-0.14,0.68,1.07,0.37,10.261,8.24,9.575,9.29,10.4,9.22,10.59,11.18,-0.001,-0.0,-0.001,4.5,0.12,-121.7552885,36.5874399,193.65
131.3,3.2,0.0,1.48,0.05,0.46,5.16,0.47,-0.09,1.1,0.36,9.741,8.152,9.751,10.732,9.61,8.83,9.91,9.32,-0.001,-0.0,-0.001,4.43,0.11,-121.7552877,36.5874403,193.7
131.4,3.2,0.0,1.48,-0.83,1.09,5.08,2.21,-0.05,1.11,0.35,11.625,7.377,8.937,10.114,8.83,9.22,10.59,9.71,-0.001,-0.0,-0.001,5.02,0.13,-121.755287,36.5874406,193.75
131.6,3.0,0.0,1.48,-0.64,1.14,5.65,1.12,0.18,1.14,0.35,11.664,7.083,9.839,10.016,10.4,9.12,10.5,9.81,-0.001,-0.0,-0.001,4.85,0.13,-121.7552863,36.587441,193.8
131.6,2.8,0.0,1.49,-0.05,0.45,5.6,1.6,-0.07,1.15,0.35,11.105,9.663,9.094,9.555,9.71,8.83,10.99,9.22,-0.001,-0.0,-0.001,4.69,0.12,-121.7552857,36.5874414,193.85
131.7,2.7,0.0,1.49,-0.56,0.31,5.34,1.03,0.62,1.14,0.37,9.938,10.811,9.015,9.506,8.83,10.1,10.5,9.52,-0.001,-0.0,-0.001,4.44,0.12,-121.755285,36.5874418,193.9
131.7,2.7,0.0,1.49,-0.41,0.16,5.19,-0.46,0.4,1.14,0.38,9.074,12.007,9.261,9.741,10.4,9.52,9.32,9.81,-0.001,-0.0,-0.001,4.52,0.12,-121.7552843,36.5874422,193.95
131.7,2.7,0.0,1.49,-0.72,-0.19,5.41,1.84,-0.31,1.17,0.4,9.575,11.409,9.055,9.692,10.4,9.52,9.91,9.12,-0.001,-0.001,-0.001,4.29,0.11,-121.7552836,36.5874426,194.0
131.7,2.6,0.0,1.49,-0.26,0.34,5.42,1.19,-0.58,1.17,0.39,9.27,12.017,9.055,9.643,10.1,9.03,9.32,9.52,-0.001,-0.001,-0.001,4.61,0.12,-121.7552829,36.587443,194.05
131.7,2.6,0.0,1.48,-0.48,0.2,5.3,2.62,0.33,1.22,0.41,10.487,11.595,8.927,9.928,9.71,10.2,9.81,9.22,-0.001,-0.001,-0.001,4.53,0.12,-121.7552822,36.5874435,194.1
131.7,2.5,0.0,1.49,-0.02,0.78,4.97,1.49,-0.87,1.23,0.39,11.998,8.015,9.565,9.29,9.22,7.85,10.2,8.93,-0.001,-0.0,-0.001,4.39,0.11,-121.7552815,36.5874439,194.15
131.6,2.4,0.0,1.49,-0.07,0.76,5.15,0.79,-0.14,1.26,0.38,11.095,7.397,9.231,9.996,9.32,9.32,10.1,10.2,-0.001,-0.0,-0.001,4.74,0.12,-121.7552808,36.5874443,194.2
131.6,2.4,0.0,1.48,-0.5,0.52,5.27,-0.19,0.75,1.29,0.41,10.418,8.338,9.643,9.928,9.91,10.01,10.3,9.42,-0.001,-0.0,-0.001,4.76,0.12,-121.7552801,36.5874447,194.25
131.4,2.3,0.0,1.48,-0.28,0.06,5.37,-0.32,0.89,1.3,0.44,8.711,10.497,10.153,9.388,10.59,10.69,10.5,10.01,-0.001,-0.0,-0.001,4.45,0.12,-121.7552795,36.5874451,194.3
131.3,2.3,0.0,1.48,-0.27,0.36,5.46,0.44,0.38,1.31,0.45,8.751,10.173,9.653,9.643,9.61,9.61,9.22,10.5,-0.001,-0.001,-0.001,4.72,0.12,-121.7552788,36.5874455,194.35
131.4,2.2,0.0,1.47,0.05,1.1,5.66,-0.15,0.78,1.31,0.45,10.526,8.868,9.908,10.516,10.01,9.42,9.81,10.89,-0.001,-0.001,-0.001,5.13,0.13,-121.7552781,36.5874459,194.4
131.4,2.2,0.0,1.47,0.07,0.06,5.24,0.37,0.88,1.32,0.47,8.437,10.84,10.791,9.977,10.3,9.42,9.91,8.93,-0.001,-0.001,-0.001,4.74,0.12,-121.7552775,36.5874464,194.45
131.6,2.2,0.0,1.47,-0.64,0.63,5.24,0.74,0.74,1.34,0.5,11.684,9.163,9.447,9.408,9.91,9.61,9.42,10.79,-0.001,-0.001,-0.001,4.53,0.12,-121.7552768,36.5874468,194.5
131.4,2.1,0.0,1.46,-0.14,0.27,5.19,-0.47,-0.49,1.34,0.49,7.848,10.752,9.869,9.457,10.5,9.61,9.32,9.71,-0.001,-0.001,-0.001,4.66,0.12,-121.7552761,36.5874472,194.55
131.4,2.0,0.0,1.46,-0.6,0.7,4.66,0.46,0.05,1.35,0.47,11.429,9.064,8.907,9.879,10.1,10.5,10.99,9.71,-0.001,-0.001,-0.001,5.16,0.13,-121.7552755,36.5874476,194.6
131.3,2.0,0.0,1.45,-0.12,-0.15,5.25,0.13,-0.88,1.36,0.44,8.27,9.751,9.849,9.79,10.79,9.03,9.32,9.32,-0.001,-0.001,-0.001,4.66,0.12,-121.7552748,36.5874481,194.65
131.3,2.0,0.0,1.44,-0.41,0.16,4.66,-2.15,0.52,1.34,0.45,9.261,9.83,9.987,9.741,9.03,10.2,10.99,9.42,-0.001,-0.001,-0.001,4.63,0.12,-121.7552742,36.5874485,194.7
131.3,2.0,0.0,1.44,-0.2,0.79,5.09,1.69,0.4,1.34,0.45,10.624,8.976,9.604,10.232,10.01,9.52,10.69,9.91,-0.001,-0.001,-0.001,4.95,0.12,-121.7552736,36.5874489,194.75
131.3,2.0,0.0,1.43,0.28,0.81,5.08,1.88,0.02,1.36,0.45,11.34,8.731,9.28,10.183,11.67,8.93,9.42,9.71,-0.001,-0.001,-0.001,4.99,0.12,-121.755273,36.5874493,194.8
131.2,2.0,0.0,1.42,-0.02,-0.47,5.43,-2.86,-1.54,1.36,0.42,8.809,10.477,9.467,9.526,10.5,9.91,9.61,10.1,-0.001,-0.001,-0.001,4.37,0.11,-121.7552723,36.5874498,194.85
131.2,2.0,0.0,1.42,-0.51,0.33,4.81,0.14,0.8,1.39,0.41,8.182,9.398,9.8,9.81,9.42,10.5,8.83,11.38,-0.001,-0.001,-0.001,4.6,0.11,-121.7552717,36.5874502,194.9
131.2,2.0,0.0,1.41,-0.32,0.83,4.56,1.9,-0.19,1.41,0.4,8.545,10.34,9.8,10.045,10.69,7.85,9.91,9.81,-0.001,-0.001,-0.001,5.0,0.12,-121.7552711,36.5874506,194.95
131.3,2.0,0.0,1.41,-0.14,0.79,4.9,1.48,-0.82,1.42,0.38,8.907,10.134,9.839,9.849,10.69,9.22,8.83,10.01,-0.001,-0.001,-0.001,5.11,0.13,-121.7552705,36.5874511,195.0
131.4,2.1,0.0,1.4,-0.25,-0.16,5.15,-0.12,-0.69,1.45,0.37,8.917,10.673,9.555,10.163,10.2,10.3,9.12,9.81,-0.001,-0.001,-0.001,4.67,0.11,-121.7552699,36.5874515,195.05
131.4,2.1,0.0,1.39,-0.22,-0.08,5.07,-0.8,-0.26,1.46,0.36,8.623,10.565,10.026,9.388,8.93,10.1,10.4,9.42,-0.001,-0.001,-0.001,4.39,0.11,-121.7552693,36.5874519,195.1
131.7,2.1,0.0,1.38,-0.45,0.29,5.11,1.75,0.78,1.51,0.37,8.652,10.85,9.261,9.996,9.03,10.69,10.79,9.12,-0.001,-0.001,-0.001,4.47,0.11,-121.7552687,36.5874523,195.15
132.5,2.2,0.0,1.37,-0.21,0.73,4.79,-0.31,-0.0,1.54,0.37,8.446,9.8,9.653,9.025,9.91,9.71,10.99,8.93,-0.001,-0.001,-0.001,5.16,0.12,-121.7552681,36.5874528,195.2
134.1,2.2,0.0,1.36,-0.26,0.61,4.6,-1.26,1.44,1.53,0.39,9.781,9.31,9.486,9.437,10.69,8.83,10.1,10.79,-0.001,-0.001,-0.001,5.32,0.13,-121.7552676,36.5874532,195.25
136.1,2.2,0.0,1.36,-0.3,0.54,4.95,0.65,0.34,1.52,0.4,8.495,10.222,10.036,10.114,9.81,9.61,9.91,10.4,-0.001,-0.001,-0.001,5.5,0.13,-121.755267,36.5874536,195.3
137.9,2.3,0.0,1.36,-0.29,0.46,5.14,0.03,-0.35,1.49,0.4,10.153,9.898,9.604,9.506,10.5,9.52,9.52,9.81,-0.001,-0.001,-0.001,5.86,0.14,-121.7552664,36.5874541,195.35
138.4,2.3,0.0,1.34,-0.14,-0.01,5.36,-0.81,0.84,1.45,0.42,9.839,9.81,9.79,9.692,10.4,10.3,10.2,10.01,-0.001,-0.0,-0.001,5.55,0.13,-121.7552659,36.5874545,195.4
138.6,2.3,0.0,1.35,-0.15,0.27,4.41,-0.65,-0.27,1.44,0.41,9.045,9.918,9.506,9.624,9.32,10.3,9.91,10.5,-0.001,-0.0,-0.001,5.23,0.12,-121.7552653,36.5874549,195.45
138.8,2.3,0.0,1.34,-0.26,0.55,5.08,0.94,-0.17,1.45,0.41,9.467,10.193,9.879,9.29,10.01,9.61,9.52,9.91,-0.001,-0.0,-0.001,5.13,0.12,-121.7552648,36.5874554,195.5
139.0,2.3,0.0,1.33,-0.1,0.53,4.92,0.8,0.36,1.47,0.4,9.506,10.281,9.545,9.977,9.42,10.69,10.01,9.81,-0.001,-0.0,-0.001,5.4,0.13,-121.7552642,36.5874558,195.55
139.0,2.3,0.0,1.33,-0.27,0.65,4.99,-0.63,0.26,1.48,0.38,9.781,9.408,10.153,9.81,10.5,9.03,10.4,10.5,-0.001,-0.0,-0.001,5.5,0.13,-121.7552637,36.5874562,195.6
139.2,2.3,0.0,1.31,-0.33,0.06,4.88,0.64,-0.9,1.51,0.38,9.732,10.497,9.398,10.065,10.3,9.61,10.89,9.32,-0.001,-0.0,-0.001,5.21,0.12,-121.7552631,36.5874567,195.65
139.2,2.4,0.0,1.32,0.02,0.28,4.92,-0.58,0.25,1.51,0.37,9.624,10.301,9.418,9.575,9.81,9.71,10.5,8.73,-0.001,-0.0,-0.001,5.18,0.12,-121.7552626,36.5874571,195.7
139.1,2.4,0.0,1.3,-0.12,0.18,4.86,0.08,-0.13,1.51,0.35,8.446,9.418,9.437,9.457,10.01,9.71,9.61,10.69,-0.001,-0.0,-0.001,5.69,0.13,-121.755262,36.5874576,195.75
139.1,2.4,0.0,1.3,-0.14,0.51,4.87,0.06,0.2,1.52,0.35,9.516,8.545,9.467,10.428,10.01,9.81,8.53,9.91,-0.001,-0.0,-0.001,5.67,0.13,-121.7552615,36.587458,195.8
139.1,2.4,0.0,1.3,-0.01,0.3,5.04,0.33,0.22,1.53,0.34,7.848,11.085,9.594,9.722,10.2,8.73,8.44,10.3,-0.001,-0.0,-0.001,5.4,0.12,-121.755261,36.5874585,195.85
139.1,2.4,0.0,1.29,-0.34,0.68,4.91,-0.15,-0.43,1.54,0.34,10.251,9.153,9.27,9.81,9.12,10.1,9.42,10.5,-0.001,-0.0,-0.001,5.32,0.12,-121.7552605,36.5874589,195.9
139.0,2.4,0.0,1.29,-0.3,0.43,4.78,0.55,0.55,1.55,0.33,9.241,10.801,10.202,10.212,10.3,10.3,9.52,9.61,-0.001,-0.001,-0.001,5.52,0.12,-121.7552599,36.5874594,195.95
139.2,2.4,0.0,1.27,-0.41,0.4,4.59,0.64,-0.28,1.53,0.33,10.045,9.624,9.261,9.457,10.4,9.12,8.83,9.32,-0.001,-0.001,-0.001,6.51,0.15,-121.7552594,36.5874598,196.0
140.2,2.4,0.0,1.27,-0.02,0.15,4.4,-0.26,0.2,1.52,0.33,9.957,8.594,9.32,10.33,9.81,10.2,8.83,9.12,-0.001,-0.001,-0.001,6.03,0.13,-121.7552589,36.5874603,196.05
143.0,2.5,0.0,1.27,0.03,0.47,4.77,-1.13,-0.07,1.52,0.33,8.858,10.399,9.565,9.81,10.5,9.61,8.63,11.09,-0.001,-0.001,-0.001,6.19,0.14,-121.7552584,36.5874607,196.1
145.8,2.5,0.0,1.26,-0.62,0.4,4.69,0.53,0.66,1.51,0.35,11.595,9.692,9.094,9.673,9.91,10.01,9.52,9.42,-0.001,-0.001,-0.001,5.67,0.13,-121.7552579,36.5874612,196.15
148.5,2.5,0.0,1.26,0.24,0.69,4.9,-0.17,-0.73,1.49,0.34,9.526,10.045,10.114,9.898,11.28,9.52,10.01,9.52,-0.001,-0.001,-0.001,6.12,0.14,-121.7552574,36.5874616,196.2
151.2,2.6,0.0,1.26,-0.25,-0.05,5.23,0.53,0.3,1.5,0.34,10.261,9.702,9.555,9.025,10.79,9.52,10.1,9.81,-0.001,-0.001,-0.001,6.25,0.14,-121.7552569,36.5874621,196.25
154.3,2.6,0.0,1.25,-0.02,0.61,5.6,0.58,-0.81,1.5,0.31,10.585,8.79,9.457,9.879,10.3,9.71,10.3,10.1,-0.001,-0.001,-0.001,6.46,0.14,-121.7552564,36.5874625,196.3
157.0,2.7,0.0,1.25,-0.06,-0.02,5.42,-0.79,0.84,1.51,0.3,10.369,9.732,9.722,10.163,11.48,8.24,9.91,10.89,-0.001,-0.001,-0.001,6.39,0.14,-121.7552559,36.587463,196.35
160.5,2.7,0.0,1.24,-0.28,0.43,5.41,-0.48,-0.35,1.5,0.29,9.839,9.035,9.398,9.947,10.89,8.93,7.95,10.99,-0.001,-0.001,-0.001,6.43,0.14,-121.7552554,36.5874634,196.4
164.0,2.8,0.0,1.24,-0.34,0.31,5.2,0.12,0.04,1.52,0.31,10.575,8.751,9.035,10.35,10.4,8.93,8.14,10.79,-0.001,-0.001,-0.001,6.36,0.14,-121.7552549,36.5874639,196.45
168.9,2.8,0.0,1.24,0.19,0.68,5.33,1.1,-1.14,1.54,0.31,9.594,10.222,9.545,10.045,10.59,10.4,8.04,10.3,-0.001,-0.001,-0.001,6.31,0.14,-121.7552544,36.5874643,196.5
173.1,2.8,0.0,1.24,-0.53,0.29,5.29,0.49,-0.31,1.55,0.31,10.467,9.516,9.869,9.006,8.44,10.4,11.28,8.14,-0.001,-0.001,-0.001,6.56,0.14,-121.7552539,36.5874648,196.55
177.7,2.9,0.0,1.23,-0.4,0.4,5.76,0.34,-0.72,1.56,0.29,9.3,9.938,9.928,9.643,9.12,10.89,11.77,7.26,-0.001,-0.001,-0.001,7.18,0.16,-121.7552535,36.5874652,196.6
182.7,2.9,0.0,1.22,-0.64,0.32,5.73,-0.18,0.51,1.57,0.28,9.192,9.555,10.212,9.673,8.63,10.59,11.67,7.85,-0.001,-0.001,-0.001,7.47,0.16,-121.755253,36.5874657,196.65
187.4,2.9,0.0,1.22,-0.01,0.65,5.81,-0.57,-0.47,1.57,0.27,10.379,9.172,10.418,9.221,9.22,10.4,10.99,8.63,-0.001,-0.001,-0.001,7.87,0.17,-121.7552526,36.5874661,196.7
192.2,3.0,0.0,1.22,-0.39,0.57,6.25,-1.49,0.46,1.56,0.27,8.741,9.79,8.996,9.506,10.3,9.81,10.99,9.91,-0.001,-0.0,-0.001,7.65,0.16,-121.7552521,36.5874666,196.75
197.2,3.0,0.0,1.22,-0.31,0.29,6.53,-1.53,-0.04,1.53,0.26,6.818,10.359,9.732,9.879,11.09,10.3,10.1,10.2,-0.001,-0.0,-0.001,7.87,0.17,-121.7552517,36.587467,196.8
201.8,3.0,0.0,1.22,-0.08,0.74,6.36,1.7,-1.0,1.58,0.24,9.359,10.595,9.741,9.928,9.03,11.09,9.42,10.99,-0.001,-0.0,-0.001,8.06,0.17,-121.7552512,36.5874675,196.85
207.4,3.0,0.0,1.22,0.06,0.59,6.68,1.11,2.12,1.58,0.26,9.732,9.516,10.153,9.673,9.03,9.91,11.28,9.42,-0.001,-0.0,-0.001,7.83,0.17,-121.7552508,36.587468,196.9
211.2,3.0,0.0,1.22,0.18,0.77,6.41,-0.29,-0.51,1.59,0.26,10.144,9.526,9.163,10.261,11.67,7.55,9.52,10.2,-0.001,-0.001,-0.001,8.24,0.18,-121.7552504,36.5874684,196.95
214.0,3.0,0.0,1.21,-0.43,-0.18,6.68,-2.0,0.88,1.62,0.29,7.387,10.997,9.153,9.221,9.61,10.69,9.12,11.28,-0.001,-0.001,-0.001,8.7,0.19,-121.7552499,36.5874689,197.0
218.1,3.1,0.0,1.2,-0.07,0.58,7.09,1.47,-0.36,1.65,0.29,11.743,9.663,9.722,10.144,10.1,9.52,9.91,9.42,-0.001,-0.001,-0.001,8.42,0.18,-121.7552495,36.5874694,197.05
222.4,3.1,0.0,1.2,-0.05,1.22,7.29,1.95,0.95,1.67,0.29,11.821,8.201,8.947,9.879,9.61,9.61,8.93,10.2,-0.001,-0.001,-0.001,8.79,0.19,-121.7552491,36.5874698,197.1
227.1,3.1,0.0,1.2,-0.0,-0.43,7.19,-1.08,-0.45,1.68,0.27,8.172,11.075,10.045,9.388,10.2,10.2,8.73,9.12,-0.001,-0.001,-0.001,8.68,0.18,-121.7552486,36.5874703,197.15
231.8,3.1,0.0,1.2,-0.04,0.48,6.93,-0.43,-0.66,1.7,0.26,9.928,9.526,9.81,9.604,11.28,9.03,10.1,9.71,-0.001,-0.001,-0.001,9.07,0.19,-121.7552482,36.5874708,197.2
237.6,3.1,0.0,1.19,-0.57,0.59,7.61,0.47,1.1,1.73,0.27,13.41,7.171,9.064,10.595,10.69,8.53,9.71,10.79,-0.001,-0.001,-0.001,9.31,0.2,-121.7552478,36.5874712,197.25
241.7,3.1,0.0,1.2,0.29,1.01,7.35,1.26,0.16,1.74,0.25,9.447,9.28,10.212,10.546,10.69,9.91,9.81,10.3,-0.001,-0.001,-0.001,9.51,0.2,-121.7552474,36.5874717,197.3
244.9,3.0,0.0,1.19,-0.22,0.82,7.87,-1.57,0.12,1.72,0.23,6.406,11.478,9.575,9.575,10.1,10.5,8.24,11.38,-0.001,-0.001,-0.001,9.9,0.21,-121.755247,36.5874722,197.35
246.2,3.0,0.0,1.19,0.07,0.08,7.95,-0.7,-0.55,1.72,0.2,8.074,10.281,10.114,9.79,10.79,9.52,9.03,10.1,-0.001,-0.001,-0.001,10.22,0.21,-121.7552466,36.5874726,197.4
246.2,3.0,0.0,1.2,0.61,0.32,8.0,1.26,-0.68,1.74,0.17,8.623,10.085,9.879,9.388,9.71,9.32,9.71,9.22,-0.001,-0.001,-0.001,9.71,0.21,-121.7552463,36.5874731,197.45
246.2,3.0,0.0,1.18,-0.2,-0.32,8.45,0.37,0.46,1.72,0.17,9.516,11.026,9.437,10.065,10.1,9.61,8.83,10.2,-0.001,-0.001,-0.001,9.59,0.2,-121.7552459,36.5874736,197.5
246.2,3.0,0.0,1.19,0.06,0.27,8.12,1.08,-0.79,1.72,0.16,10.899,8.888,9.084,10.183,10.1,10.01,9.71,8.73,-0.001,-0.001,-0.001,9.6,0.2,-121.7552455,36.5874741,197.55
246.4,3.1,0.0,1.2,0.01,1.0,8.05,1.99,-0.05,1.72,0.16,12.096,7.907,8.957,9.879,10.1,9.71,10.2,10.5,-0.001,-0.001,-0.001,9.62,0.2,-121.7552451,36.5874745,197.6
246.4,3.0,0.0,1.2,-0.28,1.13,7.95,1.16,0.27,1.72,0.16,12.135,8.309,8.878,10.144,9.71,10.3,9.61,8.73,-0.001,-0.001,-0.001,10.04,0.21,-121.7552447,36.587475,197.65
246.8,3.1,0.0,1.19,-0.71,0.84,8.25,0.34,-0.72,1.73,0.13,11.232,8.397,10.271,10.183,9.12,9.81,10.4,10.4,-0.001,-0.001,-0.001,9.67,0.2,-121.7552444,36.5874755,197.7
247.3,3.1,0.0,1.19,-0.53,0.69,8.02,-0.24,-0.06,1.72,0.11,10.457,9.447,10.016,9.722,9.22,10.2,11.48,9.81,-0.001,-0.001,-0.001,9.86,0.21,-121.755244,36.587476,197.75
248.5,3.1,0.0,1.19,-0.03,0.96,7.7,-0.7,-0.04,1.7,0.09,10.34,7.505,10.683,10.83,9.52,10.1,10.5,10.1,-0.001,-0.001,-0.001,9.78,0.2,-121.7552436,36.5874764,197.8
250.3,3.1,0.0,1.2,0.14,0.71,8.15,-0.58,0.38,1.69,0.06,8.692,8.878,10.722,9.741,9.32,9.71,10.4,9.91,-0.0,-0.001,-0.001,9.74,0.21,-121.7552433,36.5874769,197.85
252.4,3.1,0.0,1.19,0.02,0.6,8.31,-2.03,0.46,1.68,0.06,8.211,9.045,10.33,9.692,9.52,9.52,10.1,11.09,-0.0,-0.001,-0.001,9.97,0.21,-121.7552429,36.5874774,197.9
253.9,3.1,0.0,1.19,-0.07,-0.19,8.58,-0.02,-0.46,1.68,0.03,5.386,11.282,10.752,8.809,8.93,10.4,9.71,10.59,-0.0,-0.001,-0.0,9.51,0.2,-121.7552426,36.5874779,197.95
255.8,3.0,0.0,1.19,-0.45,-0.45,8.16,-1.79,0.54,1.69,0.02,6.936,11.723,9.692,9.408,9.32,10.2,10.01,9.32,-0.0,-0.001,-0.0,9.33,0.19,-121.7552422,36.5874784,198.0
256.8,3.0,0.0,1.18,-0.2,0.15,8.06,-0.12,-1.11,1.7,-0.03,7.436,11.694,10.507,9.526,10.5,10.1,10.5,8.53,-0.0,-0.001,-0.0,9.46,0.2,-121.7552419,36.5874789,198.05
257.3,3.0,0.0,1.19,0.28,0.12,8.14,-1.83,0.89,1.67,-0.04,7.191,12.272,8.839,9.771,10.1,9.91,9.52,9.91,0.0,-0.001,-0.0,9.52,0.2,-121.7552416,36.5874793,198.1
259.6,3.0,0.0,1.19,0.27,0.15,8.69,-0.97,-0.34,1.66,-0.08,9.859,11.026,10.134,9.575,10.4,9.91,10.69,10.4,0.0,-0.001,-0.0,9.86,0.21,-121.7552412,36.5874798,198.15
262.6,3.0,0.0,1.18,0.5,0.11,8.99,-2.49,0.04,1.61,-0.12,8.79,10.516,9.859,9.692,11.28,9.61,10.1,10.69,0.0,-0.001,-0.0,10.12,0.21,-121.7552409,36.5874803,198.2
266.5,3.0,0.0,1.18,0.26,0.08,8.52,-0.09,0.21,1.6,-0.13,10.781,10.232,9.781,9.526,10.89,10.59,10.01,8.53,-0.0,-0.001,-0.0,9.91,0.21,-121.7552406,36.5874808,198.25
271.3,3.0,0.0,1.18,-0.02,0.38,8.66,0.29,-1.54,1.59,-0.19,9.339,10.438,9.32,9.555,10.3,10.79,9.91,10.89,-0.0,-0.001,-0.0,10.13,0.21,-121.7552403,36.5874813,198.3
275.6,3.0,0.0,1.17,-0.41,0.65,9.14,-0.59,0.48,1.56,-0.21,11.468,8.437,8.888,9.624,10.1,8.53,9.81,9.81,-0.0,-0.001,-0.0,10.11,0.21,-121.75524,36.5874817,198.35
279.4,3.0,0.0,1.16,-0.39,0.94,9.38,0.89,-1.43,1.55,-0.3,12.164,8.28,9.084,10.379,11.38,8.44,10.3,9.81,0.0,-0.001,-0.0,10.78,0.22,-121.7552397,36.5874822,198.4
283.4,3.0,0.0,1.15,0.29,0.83,9.88,0.91,-0.63,1.56,-0.35,12.773,8.338,8.858,9.604,10.69,10.01,10.5,10.2,0.0,-0.001,0.0,10.74,0.22,-121.7552394,36.5874827,198.45
288.1,3.1,0.0,1.15,0.23,0.62,8.82,-1.02,-0.7,1.55,-0.42,10.556,8.839,9.437,9.143,9.32,10.01,10.01,10.01,0.0,-0.001,0.0,10.61,0.22,-121.7552391,36.5874832,198.5
293.3,3.1,0.0,1.14,0.32,1.38,8.94,0.8,-1.53,1.54,-0.49,12.115,8.476,9.045,10.33,10.3,9.32,10.1,10.01,0.0,-0.001,0.0,11.1,0.22,-121.7552389,36.5874837,198.55
298.1,3.1,0.0,1.14,-0.07,0.79,9.63,1.17,-0.75,1.52,-0.55,10.026,10.32,9.682,9.555,9.81,10.69,9.03,9.71,0.0,-0.001,0.0,11.29,0.23,-121.7552386,36.5874842,198.6
303.4,3.1,0.0,1.13,-0.12,0.91,9.47,-0.89,-0.95,1.48,-0.61,7.456,10.036,10.34,9.526,9.52,10.59,9.81,9.42,0.0,-0.001,0.0,11.74,0.23,-121.7552383,36.5874847,198.65
308.4,3.1,0.0,1.11,0.08,0.29,9.84,-1.47,-1.32,1.44,-0.68,8.319,10.094,11.056,9.31,9.81,9.52,9.81,9.81,0.0,-0.002,0.0,11.89,0.23,-121.7552381,36.5874851,198.7
312.3,3.0,0.0,1.1,-0.04,0.17,10.02,-1.26,-1.36,1.39,-0.76,8.015,10.673,9.928,8.976,11.09,8.63,8.83,10.1,0.0,-0.002,0.001,11.6,0.23,-121.7552379,36.5874856,198.75
317.0,3.0,0.0,1.09,-0.33,-0.45,9.78,-0.68,-1.71,1.36,-0.84,7.573,12.822,9.27,9.898,10.69,9.61,9.42,10.01,0.001,-0.002,0.001,11.43,0.22,-121.7552376,36.5874861,198.8
321.4,3.0,0.0,1.07,-0.33,0.19,9.7,-1.43,-1.94,1.33,-0.92,11.311,9.231,8.309,8.79,10.5,7.75,9.81,8.73,0.001,-0.002,0.001,11.7,0.22,-121.7552374,36.5874866,198.85
325.7,3.1,0.0,1.05,-0.43,0.75,9.55,0.38,-1.53,1.26,-1.02,11.664,7.711,9.369,9.476,10.2,9.12,9.22,10.59,0.001,-0.002,0.002,11.84,0.22,-121.7552372,36.587487,198.9
330.7,3.1,0.0,1.02,-0.59,1.0,9.78,-1.52,-2.42,1.18,-1.14,12.419,7.946,9.231,10.546,10.59,9.12,9.81,10.3,0.001,-0.003,0.003,12.3,0.22,-121.755237,36.5874875,198.95
332.7,3.1,0.0,1.01,-0.09,1.0,9.93,-2.98,-1.59,1.07,-1.27,11.576,6.965,10.261,10.016,10.5,9.12,10.01,9.61,0.001,-0.003,0.003,12.87,0.23,-121.7552368,36.587488,199.0
333.1,3.1,0.0,0.97,0.27,0.37,10.12,-1.44,-2.24,1.0,-1.39,7.122,11.115,9.957,9.928,10.3,10.01,9.22,9.22,0.002,-0.003,0.004,13.64,0.24,-121.7552366,36.5874884,199.05
333.6,3.1,0.0,0.97,0.1,-0.08,9.76,-1.64,-1.83,0.9,-1.52,5.798,12.047,9.771,9.506,9.12,10.69,10.69,10.5,0.002,-0.003,0.005,0.0,0.23,-121.7552365,36.5874888,199.1
335.2,3.1,0.0,0.95,-0.21,-0.12,9.26,-0.8,-2.16,0.82,-1.63,7.848,10.33,9.398,9.624,9.12,10.1,10.5,10.01,0.002,-0.003,0.006,0.0,0.21,-121.7552363,36.5874892,199.15
338.1,3.2,0.0,0.94,-0.1,0.37,9.02,-0.33,-2.48,0.74,-1.74,13.322,6.72,8.319,9.339,10.3,9.22,10.89,9.52,0.002,-0.003,0.006,0.0,0.21,-121.7552361,36.5874897,199.2
341.9,3.4,0.0,0.93,-0.03,0.08,9.51,-0.52,-1.61,0.69,-1.83,11.752,9.408,9.977,10.065,10.59,10.69,10.69,9.52,0.002,-0.003,0.006,0.0,0.21,-121.755236,36.5874901,199.25
345.4,3.5,0.0,0.92,0.42,0.31,9.7,-1.13,-2.82,0.65,-1.95,7.554,10.271,10.732,9.741,9.81,10.01,10.3,9.12,0.002,-0.003,0.007,0.0,0.21,-121.7552359,36.5874905,199.3
349.6,3.5,0.0,0.91,0.25,0.58,9.48,-0.51,-1.89,0.62,-2.07,9.329,9.261,10.389,9.692,10.69,9.12,9.91,9.81,0.002,-0.003,0.007,0.0,0.21,-121.7552358,36.5874909,199.35
352.6,3.6,0.0,0.91,-0.11,0.9,9.67,0.23,-1.55,0.57,-2.16,10.497,9.015,9.722,9.241,9.61,9.32,9.52,10.01,0.002,-0.003,0.007,0.0,0.22,-121.7552356,36.5874913,199.4
352.6,3.7,0.0,0.91,0.87,-0.05,9.43,-0.99,-2.46,0.55,-2.29,5.729,11.841,10.153,9.476,9.71,9.32,9.32,8.93,0.003,-0.003,0.007,0.0,0.22,-121.7552355,36.5874917,199.45
352.6,3.8,0.0,0.9,0.15,0.22,9.77,-0.04,-0.56,0.53,-2.35,12.066,7.456,8.986,9.437,10.2,8.83,9.03,10.4,0.003,-0.003,0.007,0.0,0.22,-121.7552354,36.5874921,199.5
352.6,3.9,0.0,0.91,0.97,0.96,10.1,0.92,-2.98,0.52,-2.47,10.35,7.887,9.81,10.33,10.89,9.03,9.42,9.81,0.003,-0.003,0.007,0.0,0.23,-121.7552353,36.5874926,199.55
352.6,4.0,0.0,0.92,0.32,0.05,10.24,0.62,-0.6,0.49,-2.55,6.308,12.733,9.771,9.898,9.91,9.91,9.03,10.2,0.003,-0.003,0.007,0.0,0.22,-121.7552352,36.587493,199.6
352.6,4.1,0.0,0.93,0.74,0.76,10.44,-0.5,-2.34,0.47,-2.65,7.161,9.839,9.624,9.555,9.81,10.5,8.24,10.2,0.003,-0.003,0.007,0.0,0.23,-121.7552351,36.5874934,199.65
352.6,4.3,0.0,0.95,0.45,-0.39,10.96,0.53,-1.77,0.48,-2.74,8.976,10.232,9.447,9.604,11.09,9.61,10.1,9.32,0.003,-0.003,0.007,0.0,0.23,-121.755235,36.5874938,199.7
352.6,4.3,0.0,0.97,0.72,0.95,10.93,3.55,-1.75,0.47,-2.82,14.264,6.426,9.133,10.35,10.79,9.91,11.09,9.22,0.003,-0.003,0.007,0.0,0.24,-121.7552349,36.5874942,199.75
352.6,4.5,0.0,1.0,1.13,0.43,11.18,1.39,-2.35,0.5,-2.92,12.037,8.917,8.829,10.928,10.5,10.4,9.52,9.42,0.003,-0.003,0.007,13.44,0.24,-121.7552348,36.5874947,199.8
352.6,4.6,0.0,1.01,0.72,0.6,11.91,0.7,-0.88,0.51,-3.0,11.635,7.554,9.849,10.477,9.22,10.01,10.59,9.81,0.003,-0.002,0.006,13.84,0.25,-121.7552348,36.5874952,199.85
352.6,4.7,0.0,1.05,0.59,1.02,11.4,2.25,-2.22,0.55,-3.11,12.939,7.181,10.448,10.183,10.01,9.52,10.4,10.1,0.003,-0.002,0.006,13.71,0.26,-121.7552347,36.5874956,199.9
352.6,4.8,0.0,1.08,0.88,0.56,11.96,2.49,-0.69,0.57,-3.17,10.124,8.584,10.948,9.849,9.81,9.32,10.1,9.61,0.003,-0.002,0.006,13.86,0.27,-121.7552346,36.5874961,199.95
352.6,4.9,0.0,1.09,0.63,1.45,12.44,0.32,-2.22,0.57,-3.25,10.232,8.28,9.516,10.614,9.12,9.12,10.4,10.89,0.002,-0.002,0.006,14.39,0.28,-121.7552345,36.5874966,200.0
352.6,4.9,0.0,1.11,0.22,0.76,13.03,1.97,1.0,0.58,-3.26,12.253,7.034,9.938,10.281,10.59,9.52,10.79,10.99,0.002,-0.001,0.005,14.5,0.29,-121.7552345,36.5874971,200.05
352.6,4.7,0.0,1.12,0.19,0.45,13.37,1.78,-1.81,0.58,-3.31,9.035,11.35,9.516,9.437,10.1,10.2,9.91,9.81,0.002,-0.002,0.005,14.43,0.29,-121.7552344,36.5874977,200.1
352.6,4.8,0.0,1.14,1.04,1.14,13.26,2.16,0.23,0.56,-3.32,7.485,9.506,9.702,10.762,9.52,10.1,9.52,9.71,0.001,-0.002,0.004,14.57,0.3,-121.7552344,36.5874982,200.15
352.6,4.8,0.0,1.16,0.77,-0.92,13.0,0.62,-1.35,0.53,-3.37,9.339,12.9,9.27,8.289,9.52,11.87,10.1,9.12,0.001,-0.002,0.004,13.79,0.28,-121.7552343,36.5874987,200.2
352.6,4.7,0.0,1.15,1.02,0.51,12.91,-3.14,-1.09,0.47,-3.42,9.81,8.525,10.909,10.693,9.81,8.83,10.79,10.2,0.001,-0.002,0.004,14.16,0.29,-121.7552343,36.5874993,200.25
352.6,4.6,0.0,1.14,0.54,0.22,13.27,-0.79,-0.02,0.42,-3.47,8.417,11.203,9.32,9.624,9.61,9.12,10.01,9.61,0.001,-0.002,0.004,14.36,0.29,-121.7552343,36.5874998,200.3
352.6,4.4,0.0,1.15,0.4,-0.43,13.09,-0.35,-0.64,0.35,-3.51,8.486,10.232,9.653,10.281,9.71,10.01,10.5,9.71,0.001,-0.002,0.004,14.61,0.3,-121.7552343,36.5875004,200.35
352.6,4.2,0.0,1.16,1.52,-1.16,13.36,-1.03,-0.8,0.23,-3.56,9.398,9.359,9.064,9.722,10.99,9.52,9.61,9.81,0.001,-0.001,0.004,13.93,0.29,-121.7552343,36.5875009,200.4
352.6,4.0,0.0,1.15,0.74,-0.67,13.06,-1.13,-0.29,0.13,-3.58,10.948,8.074,9.27,8.907,10.4,8.93,8.73,11.28,0.001,-0.001,0.004,14.14,0.29,-121.7552343,36.5875015,200.45
352.6,3.9,0.0,1.17,0.06,0.95,12.99,-0.51,-1.93,0.02,-3.61,10.006,9.27,9.378,10.183,10.69,8.04,8.14,8.93,0.001,-0.001,0.004,13.75,0.29,-121.7552343,36.587502,200.5
349.5,3.7,0.0,1.17,0.57,1.09,13.34,-0.65,0.76,-0.08,-3.61,6.896,9.839,9.535,9.604,9.32,10.3,9.12,10.2,0.001,-0.001,0.004,13.71,0.29,-121.7552343,36.5875026,200.55
342.7,3.6,0.0,1.18,0.85,0.56,12.78,-0.69,-0.71,-0.14,-3.63,8.034,10.703,10.036,8.672,10.1,10.69,9.61,9.22,0.001,-0.001,0.004,13.36,0.28,-121.7552344,36.5875031,200.6
337.2,3.5,0.0,1.19,1.02,-0.51,12.58,-0.84,-0.13,-0.19,-3.65,7.063,10.418,9.251,8.976,10.1,10.79,8.93,8.93,0.001,-0.001,0.004,12.96,0.27,-121.7552344,36.5875037,200.65
333.0,3.2,0.0,1.2,0.8,-0.69,12.0,0.61,-0.19,-0.21,-3.66,10.291,9.928,8.976,10.281,10.3,11.38,9.71,10.2,0.001,-0.001,0.004,12.15,0.26,-121.7552344,36.5875043,200.7
327.9,3.0,0.0,1.21,0.4,-0.28,12.04,0.64,-1.61,-0.24,-3.68,8.76,9.025,10.31,9.006,10.5,10.2,9.61,10.89,0.001,-0.001,0.004,12.28,0.26,-121.7552345,36.5875048,200.75
324.5,2.9,0.0,1.23,1.3,-0.3,12.4,0.33,1.2,-0.27,-3.67,9.83,10.202,10.006,10.399,10.59,9.52,9.12,10.5,0.001,-0.001,0.004,12.18,0.26,-121.7552345,36.5875054,200.8
321.6,2.9,0.0,1.23,0.55,0.38,12.18,1.26,-1.46,-0.28,-3.7,9.732,6.906,9.908,9.172,10.3,10.4,10.59,9.42,0.001,-0.001,0.003,12.35,0.27,-121.7552346,36.587506,200.85
319.1,2.7,0.0,1.24,0.22,-0.53,11.96,-3.1,0.27,-0.34,-3.68,9.084,11.046,10.722,10.379,10.2,10.4,8.93,11.18,0.001,-0.001,0.003,11.61,0.25,-121.7552347,36.5875066,200.9
316.7,2.7,0.0,1.23,0.01,0.36,11.24,1.03,0.55,-0.36,-3.65,7.25,9.035,9.467,9.879,10.2,10.69,10.01,10.69,0.001,-0.001,0.002,11.81,0.26,-121.7552348,36.5875072,200.95
313.5,2.7,0.0,1.22,0.38,1.22,11.64,0.27,1.09,-0.44,-3.59,7.936,8.417,10.958,10.045,8.93,9.81,10.5,8.53,0.001,-0.001,0.001,12.33,0.27,-121.7552349,36.5875077,201.0
309.0,2.7,0.0,1.21,0.29,1.05,11.41,-1.62,1.77,-0.59,-3.53,11.507,6.563,9.928,10.379,9.12,9.22,10.4,11.09,0.0,-0.001,0.001,12.64,0.27,-121.755235,36.5875083,201.05
300.9,2.7,0.0,1.19,0.53,-0.01,10.63,-5.0,2.17,-0.75,-3.43,12.135,6.759,10.065,10.065,10.79,8.24,10.69,10.01,-0.0,-0.0,-0.0,12.03,0.25,-121.7552351,36.5875089,201.1
293.7,2.7,0.0,1.18,0.63,-0.3,9.96,-2.87,2.75,-0.88,-3.31,10.546,8.466,10.026,9.29,10.01,9.71,9.42,10.3,-0.001,0.0,-0.001,11.42,0.24,-121.7552352,36.5875094,201.15
287.1,2.7,0.0,1.17,0.55,-0.53,9.32,-2.17,2.56,-0.99,-3.2,8.093,11.752,9.722,9.575,9.52,10.5,8.14,10.01,-0.001,0.0,-0.001,10.87,0.22,-121.7552353,36.58751,201.2
282.9,2.8,0.0,1.15,0.54,-0.61,9.4,-0.09,1.83,-1.06,-3.09,5.327,12.312,10.251,9.526,9.12,11.18,10.2,8.73,-0.001,0.001,-0.002,10.54,0.21,-121.7552354,36.5875105,201.25
280.1,2.9,0.0,1.13,0.24,-0.4,9.12,0.55,0.79,-1.1,-3.01,9.437,9.938,9.28,10.379,10.1,10.1,9.81,9.52,-0.002,0.001,-0.003,10.11,0.2,-121.7552355,36.5875111,201.3
274.4,2.9,0.0,1.13,0.17,0.16,8.78,0.73,1.5,-1.14,-2.92,12.557,8.211,9.163,10.183,10.01,10.1,9.81,10.01,-0.002,0.001,-0.004,10.17,0.2,-121.7552356,36.5875116,201.35
266.9,2.9,0.0,1.11,0.1,-0.79,8.07,-0.69,2.04,-1.18,-2.82,8.319,10.575,10.83,9.29,9.91,9.91,10.01,9.61,-0.002,0.001,-0.004,9.64,0.19,-121.7552358,36.5875122,201.4
257.6,3.0,0.0,1.1,0.4,-0.23,7.94,0.13,0.55,-1.21,-2.73,7.642,10.742,8.986,10.477,10.01,9.91,9.52,9.81,-0.002,0.001,-0.005,9.75,0.19,-121.7552359,36.5875127,201.45
248.1,3.0,0.0,1.09,0.23,0.1,7.74,-0.66,2.88,-1.27,-2.64,10.85,8.839,9.761,9.172,9.71,10.5,9.91,10.01,-0.002,0.002,-0.005,9.56,0.18,-121.755236,36.5875133,201.5
239.1,3.0,0.0,1.1,0.54,-0.69,7.38,0.46,0.36,-1.28,-2.58,6.7,11.694,9.928,9.457,9.52,11.09,9.81,9.91,-0.003,0.002,-0.006,8.92,0.17,-121.7552361,36.5875138,201.55
232.0,3.0,0.0,1.1,0.77,-0.24,7.31,0.57,0.95,-1.26,-2.53,8.672,9.32,9.633,10.261,9.42,10.1,9.22,10.89,-0.003,0.002,-0.006,8.49,0.16,-121.7552362,36.5875143,201.6
225.2,3.0,0.0,1.1,-0.07,0.01,6.82,-0.13,1.87,-1.26,-2.47,9.143,10.045,9.82,9.192,9.32,9.32,8.63,11.58,-0.003,0.002,-0.007,8.06,0.16,-121.7552363,36.5875148,201.65
219.7,3.0,0.0,1.11,0.62,-0.29,6.3,1.21,-0.08,-1.24,-2.44,8.986,10.075,9.82,10.094,10.59,8.24,8.93,9.12,-0.003,0.002,-0.007,8.05,0.16,-121.7552365,36.5875153,201.7
214.9,3.0,0.0,1.11,0.7,0.3,6.51,0.65,1.13,-1.26,-2.38,12.312,7.691,9.163,9.359,9.52,9.81,9.52,10.1,-0.003,0.002,-0.007,8.21,0.16,-121.7552366,36.5875158,201.75
210.9,3.0,0.0,1.11,0.64,-1.0,6.68,-0.54,0.97,-1.26,-2.32,8.692,10.899,8.515,10.045,10.59,9.81,9.81,9.42,-0.003,0.002,-0.007,7.85,0.15,-121.7552367,36.5875164,201.8
207.4,3.0,0.0,1.11,0.56,0.35,6.19,0.54,0.55,-1.25,-2.27,10.82,9.064,9.172,10.997,9.61,10.3,9.52,9.81,-0.003,0.002,-0.007,7.46,0.15,-121.7552368,36.5875169,201.85
203.5,3.0,0.0,1.12,0.53,-1.02,6.5,1.1,0.46,-1.23,-2.22,8.819,11.095,11.615,8.839,10.01,10.1,10.1,8.63,-0.003,0.002,-0.007,7.01,0.14,-121.7552369,36.5875174,201.9
199.9,3.0,0.0,1.13,0.44,0.65,6.1,1.21,1.33,-1.19,-2.17,11.242,7.456,8.623,10.261,9.03,9.91,8.93,10.59,-0.003,0.002,-0.007,7.06,0.14,-121.7552371,36.587518,201.95
196.5,3.0,0.0,1.14,0.38,-0.59,6.16,1.57,1.03,-1.15,-2.12,8.721,10.428,9.898,9.604,11.77,8.93,9.32,10.89,-0.003,0.002,-0.007,6.9,0.14,-121.7552372,36.5875185,202.0
194.5,3.0,0.0,1.15,0.77,0.28,6.22,-0.26,0.81,-1.12,-2.06,9.81,7.897,9.555,10.065,9.03,10.1,8.53,10.69,-0.003,0.002,-0.007,6.71,0.13,-121.7552373,36.587519,202.05
193.2,2.9,0.0,1.14,0.02,-0.12,6.32,2.76,1.13,-1.07,-2.0,7.711,11.272,9.908,9.006,10.3,10.01,9.42,9.61,-0.003,0.002,-0.007,7.11,0.14,-121.7552375,36.5875196,202.1
192.0,2.9,0.0,1.14,0.43,-0.29,6.27,-1.02,1.28,-1.07,-1.93,10.516,8.682,8.613,10.016,8.53,10.3,9.12,10.1,-0.003,0.002,-0.007,6.81,0.14,-121.7552376,36.5875201,202.15
191.1,2.9,0.0,1.14,0.41,-0.21,5.89,0.34,1.16,-1.03,-1.87,8.476,9.987,10.33,9.741,10.69,10.1,10.99,8.24,-0.002,0.002,-0.007,6.77,0.14,-121.7552377,36.5875206,202.2
190.2,2.9,0.0,1.13,-0.12,-0.06,5.74,-0.57,1.65,-1.01,-1.79,7.907,11.017,9.977,9.898,9.22,10.01,10.3,10.79,-0.002,0.002,-0.007,6.65,0.13,-121.7552379,36.5875212,202.25
189.3,2.8,0.0,1.12,0.17,-0.05,5.85,-0.26,1.97,-1.03,-1.72,9.015,10.605,9.82,10.516,10.59,8.83,8.73,11.67,-0.002,0.001,-0.006,7.06,0.14,-121.755238,36.5875217,202.3
187.9,2.8,0.0,1.11,0.27,0.03,5.7,-0.38,2.16,-1.07,-1.62,11.576,7.201,9.398,10.094,8.93,10.3,10.2,10.5,-0.002,0.001,-0.006,6.5,0.13,-121.7552382,36.5875222,202.35
187.0,2.8,0.0,1.11,0.24,-0.1,5.64,-1.84,0.9,-1.14,-1.52,7.289,11.046,9.202,10.546,10.2,9.71,10.2,9.12,-0.001,0.001,-0.006,7.01,0.14,-121.7552383,36.5875228,202.4
184.8,2.7,0.0,1.11,0.07,0.34,5.98,-1.95,3.9,-1.26,-1.38,9.437,9.82,10.82,9.526,9.03,10.5,10.5,9.71,-0.001,0.001,-0.005,7.31,0.14,-121.7552385,36.5875233,202.45
184.3,2.7,0.0,1.1,0.24,-0.73,5.74,-0.67,0.39,-1.34,-1.29,9.437,10.124,9.81,9.575,10.1,9.22,8.34,9.03,-0.001,0.001,-0.004,6.92,0.13,-121.7552386,36.5875238,202.5
185.2,2.7,0.0,1.09,0.09,0.22,5.6,-0.43,2.56,-1.37,-1.17,13.302,6.671,9.712,9.506,12.07,9.22,9.81,10.1,-0.001,0.001,-0.004,6.85,0.13,-121.7552388,36.5875243,202.55
187.2,2.6,0.0,1.08,0.06,-0.46,5.58,1.19,0.03,-1.37,-1.11,8.172,11.546,9.055,10.183,10.59,9.71,7.95,9.22,-0.002,0.001,-0.004,6.27,0.12,-121.755239,36.5875248,202.6
191.4,2.6,0.0,1.07,-0.25,0.08,5.08,1.76,0.44,-1.32,-1.08,12.763,9.408,9.604,10.065,9.91,10.89,9.91,10.3,-0.002,0.001,-0.004,6.45,0.12,-121.7552391,36.5875253,202.65
196.1,2.6,0.0,1.06,-0.18,-0.28,5.41,0.78,0.22,-1.28,-1.05,8.358,9.918,9.633,9.624,9.61,9.42,9.42,8.63,-0.002,0.001,-0.004,6.47,0.12,-121.7552393,36.5875258,202.7
201.5,2.6,0.0,1.05,0.12,0.71,5.54,0.95,0.25,-1.26,-1.03,10.899,8.574,9.506,9.692,9.42,10.01,10.5,9.61,-0.002,0.001,-0.004,7.71,0.14,-121.7552394,36.5875263,202.75
207.7,2.5,0.0,1.03,-0.3,-0.39,5.82,0.95,0.97,-1.2,-1.01,7.603,10.35,10.144,9.849,9.12,9.61,9.61,8.63,-0.002,0.001,-0.004,8.04,0.15,-121.7552396,36.5875268,202.8
214.0,2.6,0.0,1.03,0.05,0.55,5.59,-0.3,-0.32,-1.18,-1.0,9.888,8.8,10.045,9.604,9.61,9.71,11.18,10.01,-0.002,0.001,-0.004,7.7,0.14,-121.7552397,36.5875273,202.85
220.0,2.5,0.0,1.03,-0.45,-0.28,6.44,1.47,1.46,-1.14,-0.97,8.182,12.047,9.81,9.692,10.59,8.93,9.03,9.03,-0.002,0.001,-0.004,7.72,0.14,-121.7552399,36.5875277,202.9
226.3,2.5,0.0,1.02,0.06,-0.39,5.98,1.33,-0.44,-1.06,-0.96,8.554,10.526,9.849,9.408,8.93,10.79,9.91,10.01,-0.002,0.001,-0.004,7.6,0.14,-121.7552401,36.5875282,202.95
233.9,2.5,0.0,1.02,0.33,0.75,6.64,1.78,0.53,-0.99,-0.96,10.899,8.652,9.938,9.555,11.38,8.93,10.1,9.61,-0.002,0.001,-0.004,8.17,0.15,-121.7552402,36.5875287,203.0
243.4,2.5,0.0,1.02,0.47,-0.53,6.79,1.6,-0.67,-0.93,-0.97,8.858,10.526,9.594,9.849,10.59,8.83,10.1,9.32,-0.002,0.001,-0.004,8.29,0.15,-121.7552404,36.5875291,203.05
255.3,2.5,0.0,1.02,-0.05,0.02,7.08,-0.52,0.36,-0.85,-0.97,7.946,11.232,10.153,10.163,9.71,9.81,10.1,10.4,-0.002,0.001,-0.004,8.96,0.16,-121.7552406,36.5875296,203.1
266.3,2.6,0.0,1.02,-0.13,0.45,6.91,3.11,0.01,-0.77,-0.97,9.212,9.074,9.918,9.123,9.03,9.91,9.91,10.1,-0.002,0.001,-0.004,9.63,0.17,-121.7552408,36.5875301,203.15
277.1,2.6,0.0,1.02,0.19,0.59,7.77,2.92,-0.38,-0.69,-0.98,8.486,10.762,9.555,9.457,10.3,8.73,8.63,11.67,-0.002,0.001,-0.004,9.99,0.18,-121.755241,36.5875305,203.2
286.9,2.6,0.0,1.02,0.3,-0.25,7.52,1.73,0.44,-0.62,-0.99,8.927,9.947,10.271,9.359,9.52,10.1,9.32,10.1,-0.002,0.001,-0.004,10.09,0.18,-121.7552412,36.587531,203.25
294.9,2.6,0.0,1.03,0.23,0.34,8.14,0.52,-0.83,-0.55,-1.01,9.673,9.526,9.565,9.947,9.81,8.93,9.12,10.89,-0.002,0.001,-0.004,10.22,0.19,-121.7552414,36.5875315,203.3
301.1,2.6,0.0,1.03,0.48,0.31,9.13,2.2,0.37,-0.46,-1.0,7.858,10.722,9.947,10.261,10.69,8.93,9.12,9.71,-0.002,0.001,-0.004,11.02,0.2,-121.7552416,36.587532,203.35
304.3,2.6,0.0,1.05,-0.0,-0.2,8.52,2.06,1.71,-0.36,-0.96,9.486,9.3,9.879,9.359,10.69,10.69,8.14,10.99,-0.002,0.001,-0.004,10.89,0.2,-121.7552418,36.5875324,203.4
306.5,2.6,0.0,1.05,0.51,0.58,8.41,1.7,-0.83,-0.28,-0.96,10.32,10.045,9.123,10.33,10.59,10.99,9.03,10.01,-0.002,0.001,-0.004,10.73,0.2,-121.7552421,36.5875329,203.45
307.1,2.6,0.0,1.05,0.22,0.59,9.22,0.86,-0.39,-0.25,-0.97,10.369,11.507,9.408,9.241,11.18,9.03,9.71,9.32,-0.002,0.0,-0.004,10.92,0.2,-121.7552423,36.5875334,203.5
307.4,2.6,0.0,1.06,0.25,0.07,8.89,0.52,-1.18,-0.23,-1.02,6.779,11.134,10.153,9.928,10.3,9.71,8.83,10.69,-0.002,0.0,-0.005,11.48,0.22,-121.7552425,36.5875339,203.55
307.8,2.6,0.0,1.05,0.12,0.26,9.52,-0.06,-1.82,-0.23,-1.08,9.212,8.966,9.839,10.261,9.71,9.61,8.83,10.79,-0.002,0.001,-0.005,11.97,0.22,-121.7552428,36.5875344,203.6
308.5,2.6,0.0,1.05,0.08,0.21,9.52,1.5,-0.64,-0.25,-1.12,8.338,9.408,10.232,9.741,10.01,9.81,9.22,9.61,-0.002,0.001,-0.004,11.98,0.22,-121.7552431,36.5875349,203.65
309.3,2.6,0.0,1.04,0.09,-0.29,8.91,-0.17,-0.67,-0.24,-1.16,7.554,10.477,9.908,9.506,10.59,9.81,9.22,10.79,-0.002,0.001,-0.004,11.67,0.21,-121.7552433,36.5875353,203.7
309.6,2.6,0.0,1.04,-0.07,-0.0,8.85,2.28,0.35,-0.19,-1.17,9.369,9.869,9.938,10.33,9.61,9.81,9.32,10.4,-0.002,0.001,-0.004,10.73,0.2,-121.7552436,36.5875358,203.75
309.7,2.6,0.0,1.03,0.08,0.2,8.89,0.18,-1.22,-0.2,-1.23,9.427,9.427,9.869,9.437,9.42,10.01,10.4,10.01,-0.002,0.001,-0.004,11.04,0.2,-121.7552439,36.5875363,203.8
309.7,2.6,0.0,1.03,-0.23,0.43,9.14,0.87,-0.51,-0.17,-1.25,9.888,9.702,9.31,9.673,9.71,9.22,9.91,10.5,-0.002,0.001,-0.004,11.51,0.21,-121.7552442,36.5875368,203.85
309.6,2.6,0.0,1.02,-0.11,0.61,9.46,0.57,-0.74,-0.17,-1.29,10.104,8.849,9.32,10.114,10.5,9.61,10.1,9.22,-0.002,0.001,-0.004,11.87,0.21,-121.7552444,36.5875372,203.9
309.4,2.5,0.0,1.02,0.18,0.17,8.61,-0.4,-1.77,-0.21,-1.34,11.438,8.132,9.545,10.232,10.01,9.71,9.81,9.71,-0.002,0.001,-0.004,12.03,0.22,-121.7552447,36.5875377,203.95
308.4,2.5,0.0,1.01,0.46,-0.42,8.51,0.43,-0.53,-0.19,-1.37,10.33,9.32,9.879,10.281,9.22,10.2,9.61,10.1,-0.002,0.001,-0.004,11.78,0.21,-121.755245,36.5875381,204.0
306.5,2.5,0.0,1.0,-0.36,-0.01,8.48,0.02,-0.22,-0.22,-1.38,10.516,9.045,9.437,9.506,9.42,10.01,10.1,9.91,-0.002,0.001,-0.004,11.16,0.2,-121.7552453,36.5875385,204.05
301.2,2.5,0.0,1.0,0.02,-0.06,8.76,1.74,-0.28,-0.2,-1.4,9.378,9.692,10.016,9.879,9.81,10.5,10.1,8.93,-0.002,0.001,-0.004,11.52,0.2,-121.7552455,36.587539,204.1
295.3,2.5,0.0,1.0,-0.06,0.44,8.43,1.27,-1.21,-0.19,-1.43,9.594,9.682,9.771,10.045,9.42,10.4,10.89,9.71,-0.002,0.001,-0.004,10.72,0.19,-121.7552458,36.5875394,204.15
289.4,2.4,0.0,0.99,0.14,0.23,8.32,-1.81,0.1,-0.26,-1.46,9.918,9.977,10.212,9.771,10.69,10.2,10.01,9.91,-0.002,0.001,-0.004,11.12,0.2,-121.7552461,36.5875398,204.2
279.1,2.4,0.0,0.98,-0.01,-0.23,8.05,0.91,-0.57,-0.26,-1.48,8.613,9.398,10.222,9.692,9.12,9.91,10.1,10.4,-0.001,0.001,-0.004,0.0,0.19,-121.7552464,36.5875402,204.25
267.5,2.4,0.0,0.98,0.11,0.01,7.48,-1.3,-0.49,-0.27,-1.5,9.27,10.094,9.839,9.31,10.5,9.32,9.42,10.89,-0.001,0.001,-0.004,0.0,0.17,-121.7552467,36.5875406,204.3
253.3,2.4,0.0,0.96,0.19,0.12,7.18,0.92,0.27,-0.29,-1.52,7.22,10.987,10.713,9.771,9.81,9.22,9.42,9.71,-0.001,0.001,-0.004,0.0,0.16,-121.7552469,36.587541,204.35
236.3,2.4,0.0,0.95,0.07,-0.56,6.9,-0.72,-0.12,-0.32,-1.53,7.299,10.84,9.957,9.123,9.32,9.91,9.61,10.3,-0.001,0.001,-0.004,0.0,0.15,-121.7552472,36.5875414,204.4
220.9,2.4,0.0,0.94,0.01,-0.08,6.07,1.64,-1.09,-0.29,-1.55,8.054,9.957,10.34,10.33,9.32,10.69,9.12,10.3,-0.001,0.0,-0.003,0.0,0.13,-121.7552475,36.5875418,204.45
206.5,2.4,0.0,0.92,-0.55,0.18,5.24,-0.97,1.31,-0.33,-1.55,9.516,9.849,10.153,9.359,9.91,8.73,8.93,10.4,-0.001,0.0,-0.003,0.0,0.12,-121.7552478,36.5875422,204.5
191.1,2.3,0.0,0.9,-0.17,-0.21,4.92,1.07,-0.93,-0.34,-1.58,7.711,9.987,10.683,9.506,10.4,9.91,10.1,9.52,-0.001,0.001,-0.003,0.0,0.11,-121.755248,36.5875425,204.55
173.8,2.3,0.0,0.88,0.04,-0.19,4.58,-0.74,-0.47,-0.38,-1.6,9.732,9.918,9.378,9.123,8.34,9.71,9.42,10.79,-0.002,0.001,-0.003,0.0,0.11,-121.7552483,36.5875429,204.6
155.1,2.3,0.0,0.87,0.21,0.06,4.01,-0.48,-0.2,-0.43,-1.63,9.418,10.771,10.085,9.722,10.5,9.71,9.03,9.91,-0.002,0.001,-0.003,0.0,0.1,-121.7552485,36.5875433,204.65
134.5,2.3,0.0,0.86,0.12,-0.59,3.48,0.12,0.11,-0.47,-1.64,10.654,8.79,9.898,9.81,11.09,9.42,9.61,10.4,-0.002,0.001,-0.003,0.0,0.08,-121.7552488,36.5875436,204.7
116.6,2.2,0.0,0.84,0.3,-0.03,2.72,-0.92,-1.88,-0.52,-1.7,11.154,9.28,9.104,10.713,11.38,9.22,9.42,10.2,-0.002,0.001,-0.003,0.0,0.08,-121.755249,36.587544,204.75
105.3,2.2,0.0,0.83,-0.01,-0.79,2.74,0.08,0.07,-0.57,-1.72,10.762,9.29,10.026,9.947,9.91,10.4,8.53,10.99,-0.002,0.001,-0.003,0.0,0.07,-121.7552492,36.5875443,204.8
99.2,2.2,0.0,0.82,-0.09,0.04,2.42,-0.5,-1.32,-0.62,-1.76,11.193,8.074,9.123,10.399,10.2,9.32,9.52,9.91,-0.002,0.001,-0.004,0.0,0.06,-121.7552495,36.5875446,204.85
96.3,2.1,0.0,0.79,0.04,-0.18,1.97,0.35,-0.94,-0.63,-1.81,10.791,9.231,9.81,10.016,10.89,8.93,9.81,9.61,-0.002,0.001,-0.004,0.0,0.06,-121.7552497,36.587545,204.9
91.0,2.1,0.0,0.78,-0.12,-0.67,2.29,-0.96,1.39,-0.65,-1.8,9.967,9.212,10.546,9.673,10.4,10.3,10.5,9.81,-0.002,0.001,-0.004,0.0,0.05,-121.7552499,36.5875453,204.95
81.4,2.2,0.0,0.75,-0.37,-0.23,2.32,1.53,-0.31,-0.6,-1.8,10.781,8.348,9.771,9.643,10.4,10.59,10.59,8.83,-0.002,0.001,-0.004,0.0,0.04,-121.7552501,36.5875456,205.0
71.8,2.1,0.0,0.75,-0.02,0.21,1.54,0.14,-0.63,-0.59,-1.81,9.526,10.114,10.036,9.437,11.09,9.61,10.69,9.61,-0.002,0.001,-0.004,0.0,0.03,-121.7552503,36.587546,205.05
59.2,2.1,0.0,0.73,-0.42,-0.52,1.59,0.69,0.39,-0.58,-1.83,10.909,8.858,9.771,9.526,9.91,9.81,10.79,9.81,-0.002,0.001,-0.004,0.0,0.03,-121.7552505,36.5875462,205.1
44.0,2.2,0.0,0.7,0.16,-0.05,1.33,0.4,-0.85,-0.54,-1.87,9.751,9.849,9.624,10.281,10.1,9.61,9.81,9.52,-0.002,0.0,-0.004,0.0,0.03,-121.7552506,36.5875465,205.15
28.8,2.2,0.0,0.67,-0.22,-0.19,0.69,-0.4,0.65,-0.56,-1.87,9.938,9.506,10.379,9.575,10.1,9.12,9.12,10.3,-0.002,0.0,-0.003,0.0,0.03,-121.7552508,36.5875467,205.2
19.0,2.2,0.0,0.65,-0.01,-0.47,0.88,-0.16,-0.36,-0.55,-1.88,9.467,10.026,9.957,9.604,10.89,9.81,8.93,10.5,-0.002,0.0,-0.003,0.0,0.02,-121.7552509,36.587547,205.25
13.5,2.1,0.0,0.62,-0.03,-0.18,-0.07,1.0,-0.16,-0.51,-1.89,9.074,9.732,9.918,9.221,10.2,10.1,9.91,10.1,-0.002,0.0,-0.003,0.0,0.0,-121.7552511,36.5875472,205.3
7.1,2.1,0.0,0.6,0.0,-0.28,0.09,-0.37,0.0,-0.48,-1.91,9.957,9.81,9.535,9.476,10.5,9.61,9.81,10.59,-0.002,0.0,-0.003,0.0,-0.0,-121.7552512,36.5875475,205.35
0.3,2.1,0.0,0.58,-0.21,0.12,0.09,0.43,-0.44,-0.45,-1.91,10.281,9.486,9.231,10.261,10.69,8.63,9.81,9.71,-0.002,0.0,-0.003,0.0,-0.01,-121.7552513,36.5875477,205.4
-5.7,2.1,0.0,0.56,0.06,-0.3,0.02,-0.12,0.29,-0.42,-1.95,9.908,9.663,9.496,9.81,10.4,9.81,9.42,10.3,-0.002,-0.0,-0.003,0.0,0.0,-121.7552515,36.587548,205.45
-8.7,2.1,0.0,0.53,-0.34,0.01,-0.48,1.06,-1.16,-0.4,-1.94,9.908,9.839,9.526,9.692,10.1,10.1,10.01,9.52,-0.001,-0.0,-0.003,0.0,0.0,-121.7552516,36.5875482,205.5
-9.8,2.1,0.0,0.51,0.12,-0.11,-0.11,0.5,0.2,-0.39,-1.94,9.653,8.917,9.8,10.281,10.1,10.1,9.22,9.71,-0.001,-0.0,-0.003,0.0,-0.01,-121.7552517,36.5875484,205.55
-10.2,2.2,0.0,0.5,0.1,-0.17,-0.09,0.45,-0.56,-0.39,-1.96,9.133,9.692,9.712,10.163,10.3,9.22,9.42,9.81,-0.001,-0.0,-0.003,0.0,-0.0,-121.7552518,36.5875486,205.6
-10.1,2.1,0.0,0.47,-0.07,-0.01,0.29,0.07,-0.6,-0.38,-1.96,9.977,9.633,9.879,9.849,10.01,9.61,10.1,10.1,-0.001,-0.0,-0.003,0.0,-0.0,-121.7552519,36.5875488,205.65
-10.2,2.1,0.0,0.46,-0.08,-0.37,-0.1,0.73,0.33,-0.36,-1.97,9.673,9.722,9.839,9.849,10.2,10.5,10.4,9.71,-0.001,-0.0,-0.002,0.0,-0.02,-121.755252,36.5875489,205.7
-10.3,2.1,0.0,0.43,0.1,0.43,-0.01,-0.34,-1.01,-0.35,-1.99,9.182,9.3,9.83,9.408,10.5,9.12,8.63,10.4,-0.001,-0.0,-0.002,0.0,-0.0,-121.7552521,36.5875492,205.75
-10.5,2.1,0.0,0.41,-0.39,-0.02,0.03,0.31,1.27,-0.33,-1.97,10.605,9.771,9.113,9.437,10.3,9.03,9.81,9.71,-0.001,-0.0,-0.002,0.0,-0.01,-121.7552522,36.5875493,205.8
-10.6,2.1,0.0,0.4,-0.01,0.02,0.0,0.2,-0.88,-0.31,-2.0,8.584,10.801,10.193,9.555,10.59,9.61,10.69,9.32,-0.001,-0.0,-0.002,0.0,-0.01,-121.7552523,36.5875494,205.85
-10.7,2.1,0.0,0.37,-0.07,-0.05,0.15,0.58,0.18,-0.29,-1.99,9.692,9.702,9.506,9.722,9.91,10.2,9.52,9.91,-0.001,-0.0,-0.002,0.0,-0.01,-121.7552523,36.5875496,205.9
-10.8,2.1,0.0,0.34,-0.0,-0.16,-0.1,0.05,0.48,-0.28,-2.02,9.32,9.006,9.555,9.604,9.71,9.32,8.53,10.2,-0.001,-0.0,-0.002,0.0,-0.0,-121.7552525,36.5875498,205.95
-10.8,2.2,0.0,0.34,0.15,0.13,0.11,-0.24,-0.32,-0.27,-2.02,8.623,9.967,10.232,9.437,10.69,9.32,9.71,10.1,-0.001,-0.0,-0.002,0.0,0.0,-121.7552525,36.5875499,206.0
-10.8,2.2,0.0,0.31,-0.47,0.1,-0.21,0.42,0.9,-0.26,-2.01,10.34,9.467,9.692,9.506,9.71,9.71,10.1,10.2,-0.001,-0.001,-0.002,0.0,-0.01,-121.7552526,36.58755,206.05
-10.7,2.2,0.0,0.29,0.16,0.36,-0.11,-0.03,-1.79,-0.24,-2.04,8.966,10.026,10.33,9.849,10.2,9.52,9.52,9.81,-0.001,-0.001,-0.002,0.0,-0.0,-121.7552526,36.5875501,206.1
-10.7,2.1,0.0,0.27,-0.41,0.07,-0.06,0.25,1.43,-0.23,-2.02,9.741,9.526,9.957,9.457,9.71,10.01,10.89,9.71,-0.001,-0.001,-0.002,0.0,-0.01,-121.7552527,36.5875502,206.15
-10.7,2.2,0.0,0.25,-0.02,-0.07,-0.3,0.44,-1.21,-0.21,-2.05,8.074,11.409,10.075,9.643,10.2,10.01,10.1,9.12,-0.001,-0.001,-0.002,0.0,-0.01,-121.7552527,36.5875503,206.2
-10.6,2.2,0.0,0.23,0.17,-0.01,-0.05,-0.06,0.71,-0.22,-2.04,9.074,9.722,9.79,9.977,10.1,10.79,9.91,9.61,-0.001,-0.001,-0.002,0.0,-0.0,-121.7552528,36.5875504,206.25
-10.6,2.2,0.0,0.22,0.04,-0.41,0.01,-0.27,-0.49,-0.21,-2.08,8.584,9.781,10.35,9.143,9.22,10.4,10.3,9.81,-0.001,-0.001,-0.002,0.0,-0.01,-121.7552528,36.5875505,206.3
-10.5,2.2,0.0,0.19,-0.05,-0.24,0.45,0.52,-0.27,-0.18,-2.08,9.182,9.408,10.261,10.428,9.71,10.3,10.2,9.61,-0.001,-0.001,-0.002,0.0,-0.01,-121.7552529,36.5875506,206.35
-10.4,2.2,0.0,0.18,-0.01,-0.47,0.39,-0.28,0.9,-0.17,-2.08,9.839,9.378,9.624,9.575,9.81,9.61,9.61,10.1,-0.001,-0.001,-0.002,0.0,-0.01,-121.7552529,36.5875507,206.4
-10.3,2.3,0.0,0.17,0.24,0.54,0.06,1.35,-2.02,-0.14,-2.1,10.016,9.123,9.467,10.065,10.4,9.22,9.52,9.52,-0.001,-0.001,-0.002,0.0,-0.0,-121.7552529,36.5875507,206.45
-10.2,2.3,0.0,0.15,-0.11,0.04,-0.04,0.05,1.84,-0.15,-2.09,10.261,10.32,10.173,9.643,10.3,9.91,10.2,9.91,-0.001,-0.001,-0.002,0.0,-0.01,-121.755253,36.5875508,206.5
-10.2,2.3,0.0,0.13,-0.04,0.15,-0.63,0.14,-2.58,-0.15,-2.11,9.565,9.771,9.712,9.898,10.2,10.3,9.12,9.81,-0.001,-0.001,-0.002,0.0,-0.01,-121.755253,36.5875509,206.55
-10.1,2.3,0.0,0.11,-0.08,-0.63,0.37,-0.42,1.37,-0.16,-2.09,8.917,10.399,9.526,9.643,10.01,10.4,9.81,9.71,-0.001,-0.001,-0.002,0.0,-0.01,-121.755253,36.587551,206.6
-10.1,2.3,0.0,0.09,0.06,-0.28,-0.17,0.02,-1.06,-0.15,-2.11,9.006,10.163,9.447,9.624,9.91,10.2,9.52,10.01,-0.001,-0.001,-0.001,0.0,-0.02,-121.755253,36.587551,206.65
-10.1,2.4,0.0,0.07,-0.17,-0.26,-0.18,0.01,0.44,-0.15,-2.1,9.633,10.497,9.732,9.79,10.3,10.1,9.32,9.32,-0.001,-0.001,-0.001,0.0,-0.02,-121.755253,36.587551,206.7
-10.1,2.4,0.0,0.06,0.17,-0.49,-0.23,-0.2,-0.35,-0.13,-2.12,8.937,10.359,9.594,9.947,9.91,10.1,9.22,10.1,-0.001,-0.001,-0.001,0.0,-0.01,-121.7552531,36.587551,206.75
-10.0,2.5,0.0,0.04,-0.06,-0.42,0.11,0.47,-0.23,-0.14,-2.11,9.869,9.584,9.604,9.741,10.01,10.3,9.12,9.22,-0.001,-0.001,-0.001,0.0,-0.01,-121.7552531,36.587551,206.8
-10.0,2.6,0.0,0.01,0.06,-0.35,0.24,-0.09,0.23,-0.13,-2.13,8.603,10.075,9.427,10.232,10.2,9.12,8.93,10.89,-0.001,-0.001,-0.001,0.0,-0.0,-121.7552531,36.587551,206.85
-9.9,2.7,0.0,-0.01,-0.0,-0.2,-0.19,0.7,0.41,-0.15,-2.09,10.045,8.427,9.575,10.428,9.42,10.4,8.73,10.3,-0.001,-0.001,-0.001,0.0,-0.01,-121.7552531,36.587551,206.9
-9.9,3.1,0.0,-0.03,0.5,-0.3,-0.17,0.19,-0.65,-0.15,-2.11,9.025,8.957,9.594,9.879,10.2,9.22,8.53,10.99,-0.001,-0.001,-0.001,0.0,-0.01,-121.7552531,36.587551,206.95
-9.8,4.0,0.0,-0.06,-0.01,-0.04,-0.14,-0.13,0.36,-0.16,-2.07,9.918,8.809,9.31,10.163,10.3,9.71,9.52,10.01,-0.001,-0.001,-0.001,0.0,-0.0,-121.755253,36.587551,207.0
-9.7,4.8,0.0,-0.07,0.17,0.03,0.02,0.27,0.8,-0.15,-2.1,9.476,10.752,9.751,9.996,10.1,9.81,9.42,9.91,-0.001,-0.001,-0.001,0.0,-0.01,-121.755253,36.587551,207.05
-9.6,5.4,0.0,-0.09,-0.09,0.21,0.11,-1.19,-1.41,-0.17,-2.1,7.907,10.82,9.496,8.741,10.5,8.73,8.53,10.79,-0.001,-0.001,-0.001,0.0,0.0,-121.755253,36.5875509,207.1
-9.5,5.5,0.0,-0.1,-0.11,-0.09,-0.29,-1.03,1.71,-0.16,-2.09,8.741,9.163,9.624,9.898,8.83,10.2,9.32,9.71,-0.001,-0.001,-0.001,0.0,-0.01,-121.755253,36.5875509,207.15
-9.4,5.5,0.0,-0.11,0.3,0.35,0.02,-1.31,-0.85,-0.18,-2.1,9.094,9.565,9.996,9.947,11.18,8.14,8.24,10.69,-0.001,-0.001,-0.001,0.0,0.0,-121.755253,36.5875509,207.2
-9.0,5.1,0.0,-0.13,-0.88,0.23,0.22,3.29,1.5,-0.18,-2.07,15.774,5.729,9.81,10.163,11.48,8.83,11.58,10.1,-0.001,-0.001,-0.001,0.0,0.0,-121.7552529,36.5875508,207.25
-9.0,4.6,0.0,-0.14,0.72,0.32,0.05,0.05,-2.54,-0.19,-2.1,10.045,9.113,9.692,9.81,10.59,9.42,7.85,9.81,-0.001,-0.001,-0.001,0.0,-0.01,-121.7552529,36.5875507,207.3
-8.8,4.4,0.0,-0.16,-0.25,-0.18,0.27,-0.92,1.47,-0.23,-2.06,8.79,10.703,9.81,9.339,8.93,11.38,9.42,9.52,-0.001,-0.001,-0.001,0.0,-0.01,-121.7552528,36.5875507,207.35
-8.7,4.1,0.0,-0.17,0.46,0.5,0.05,0.19,-0.51,-0.24,-2.07,8.456,10.251,10.614,8.957,9.81,9.81,10.4,10.01,-0.001,-0.001,-0.001,0.0,0.01,-121.7552528,36.5875506,207.4
-8.3,3.8,0.0,-0.19,-0.12,0.2,-0.13,-1.51,0.8,-0.25,-2.05,11.743,8.299,9.663,9.339,10.2,10.5,10.59,9.71,-0.001,-0.001,-0.002,0.0,-0.0,-121.7552527,36.5875505,207.45
-8.2,3.6,0.0,-0.2,-0.15,-0.32,0.08,-4.41,-0.21,-0.33,-2.05,9.113,8.839,10.408,8.839,9.71,10.01,9.91,8.83,-0.001,-0.001,-0.002,0.0,-0.0,-121.7552527,36.5875504,207.5
-7.8,3.6,0.0,-0.22,-0.22,0.42,0.09,-0.11,1.33,-0.29,-2.02,10.556,9.692,9.879,10.163,10.59,8.34,9.42,9.81,-0.001,-0.001,-0.002,0.0,-0.0,-121.7552526,36.5875504,207.55
-7.5,3.5,0.0,-0.23,0.03,0.61,0.01,1.24,0.49,-0.31,-2.03,9.712,8.682,9.79,10.379,9.03,10.1,10.79,10.59,-0.001,-0.0,-0.002,0.0,0.0,-121.7552526,36.5875503,207.6
-7.5,3.5,0.0,-0.26,-0.51,-0.54,0.04,-0.78,-0.21,-0.34,-2.03,9.113,9.584,9.359,9.741,10.3,10.69,10.01,10.01,-0.002,-0.0,-0.002,0.0,-0.01,-121.7552525,36.5875501,207.65
-7.5,3.5,0.0,-0.28,-0.44,-0.5,0.09,-1.81,-0.41,-0.36,-2.03,9.526,10.251,9.79,9.79,10.1,9.71,9.12,9.91,-0.002,-0.0,-0.002,0.0,-0.0,-121.7552524,36.58755,207.7
-7.4,3.5,0.0,-0.3,0.31,0.09,0.14,0.31,0.96,-0.37,-2.01,10.183,7.632,10.84,10.595,10.69,8.34,10.4,9.42,-0.002,-0.0,-0.002,0.0,0.0,-121.7552524,36.5875499,207.75
-7.2,3.4,0.0,-0.31,0.18,0.1,0.12,1.08,-0.29,-0.38,-2.01,8.623,8.525,9.584,9.025,10.3,9.81,9.42,11.09,-0.002,-0.0,-0.002,0.0,0.0,-121.7552523,36.5875498,207.8
-7.1,3.1,0.0,-0.34,-0.63,-0.56,0.21,-2.9,0.33,-0.42,-2.0,9.231,11.87,9.535,10.183,10.4,10.69,9.52,9.61,-0.002,-0.0,-0.002,0.0,-0.0,-121.7552522,36.5875496,207.85
-7.0,3.0,0.0,-0.35,0.12,0.09,0.17,3.1,0.09,-0.4,-2.0,10.497,9.457,9.29,9.977,10.2,9.32,9.81,9.91,-0.002,-0.0,-0.002,0.0,-0.0,-121.7552521,36.5875495,207.9
-7.0,2.9,0.0,-0.37,-0.07,0.13,0.12,-3.16,0.03,-0.46,-1.99,9.673,8.319,8.966,9.741,10.59,9.22,9.81,11.09,-0.002,-0.0,-0.002,0.0,-0.0,-121.755252,36.5875494,207.95
-7.1,2.7,0.0,-0.39,-0.74,-0.68,0.05,-0.29,0.75,-0.47,-1.98,8.662,12.478,9.918,9.476,10.69,9.61,10.69,8.93,-0.002,-0.0,-0.002,0.0,-0.0,-121.7552519,36.5875492,208.0
-7.1,2.8,0.0,-0.41,0.04,0.48,0.19,0.09,0.33,-0.49,-1.97,8.79,8.564,9.888,10.114,8.63,10.01,9.42,10.79,-0.002,-0.0,-0.002,0.0,0.01,-121.7552519,36.587549,208.05
-7.0,2.8,0.0,-0.43,0.24,0.31,-0.24,0.87,-0.35,-0.5,-1.98,10.399,10.448,9.977,10.094,11.09,9.71,10.4,9.81,-0.002,-0.0,-0.002,0.0,0.0,-121.7552518,36.5875488,208.1
-7.0,2.7,0.0,-0.45,-0.21,-0.91,0.36,-0.69,0.8,-0.53,-1.96,8.584,12.056,9.535,9.849,10.5,10.59,9.91,9.32,-0.002,-0.0,-0.002,0.0,-0.0,-121.7552516,36.5875487,208.15
-6.8,2.8,0.0,-0.46,0.35,0.08,-0.01,0.11,-0.54,-0.52,-1.96,7.642,9.663,10.036,10.045,10.1,10.3,8.53,10.2,-0.002,0.0,-0.002,0.0,0.01,-121.7552515,36.5875485,208.2
-6.7,2.9,0.0,-0.48,0.33,-0.09,0.15,1.12,0.52,-0.55,-1.96,8.829,9.378,10.526,9.506,10.2,9.81,10.01,9.91,-0.002,0.0,-0.002,0.0,0.0,-121.7552514,36.5875483,208.25
-6.7,2.9,0.0,-0.5,0.38,-0.32,0.05,0.62,-0.78,-0.55,-1.96,8.77,9.192,9.653,9.81,9.81,10.59,9.12,9.71,-0.002,0.0,-0.003,0.0,0.0,-121.7552513,36.5875481,208.3
-6.6,2.9,0.0,-0.5,0.63,-0.03,-0.33,-2.46,0.97,-0.6,-1.95,7.72,10.153,10.261,9.526,10.2,10.59,8.83,9.61,-0.002,0.0,-0.003,0.0,0.0,-121.7552511,36.5875478,208.35
-6.7,2.9,0.0,-0.53,0.36,-0.13,-0.05,-0.65,-0.24,-0.6,-1.95,7.603,10.546,10.301,9.741,9.71,10.69,8.93,9.61,-0.002,0.0,-0.003,0.0,0.01,-121.7552511,36.5875476,208.4
-6.7,2.8,0.0,-0.53,0.31,-0.87,-0.05,-1.15,0.47,-0.62,-1.95,5.621,12.527,9.673,9.575,9.91,10.3,9.42,10.01,-0.002,0.0,-0.003,0.0,-0.0,-121.7552509,36.5875474,208.45
-6.6,2.8,0.0,-0.55,0.06,-0.17,-0.09,0.85,-0.39,-0.63,-1.94,7.779,10.654,9.8,9.506,9.42,10.3,9.03,10.4,-0.002,0.0,-0.003,0.0,0.0,-121.7552508,36.5875472,208.5
-6.7,2.8,0.0,-0.56,0.39,-0.17,-0.12,-0.61,0.28,-0.67,-1.96,8.829,11.154,10.968,9.437,11.09,9.52,9.12,9.52,-0.002,0.0,-0.004,0.0,-0.0,-121.7552507,36.5875469,208.55
-6.7,2.8,0.0,-0.58,-0.38,-0.58,-0.2,0.37,0.1,-0.67,-1.93,11.488,9.3,8.623,9.575,10.69,9.12,9.61,9.03,-0.002,0.001,-0.004,0.0,-0.0,-121.7552505,36.5875466,208.6
-6.7,2.8,0.0,-0.59,0.3,0.24,-0.29,0.62,-0.15,-0.68,-1.93,12.498,8.329,9.437,10.045,10.4,9.81,9.61,9.81,-0.002,0.001,-0.004,0.0,0.0,-121.7552504,36.5875463,208.65
-6.8,2.8,0.0,-0.6,-0.09,-0.19,-0.12,0.28,-0.16,-0.69,-1.92,9.594,10.045,9.418,9.526,9.52,10.01,9.32,10.2,-0.002,0.001,-0.004,0.0,-0.01,-121.7552502,36.5875459,208.7
-7.1,2.8,0.0,-0.62,0.01,-0.64,-0.28,-1.17,0.74,-0.7,-1.91,7.171,9.839,9.938,9.506,9.03,10.4,8.93,9.52,-0.002,0.001,-0.004,0.0,0.0,-121.75525,36.5875456,208.75
-7.7,2.8,0.0,-0.64,0.01,-0.15,0.11,-0.79,-0.3,-0.71,-1.91,7.76,11.389,9.771,9.947,10.5,10.3,10.5,9.52,-0.002,0.001,-0.004,0.0,-0.0,-121.7552498,36.5875453,208.8
-9.0,2.8,0.0,-0.64,0.15,-0.33,0.47,-0.24,1.15,-0.72,-1.9,9.104,11.321,9.614,9.006,10.4,10.01,9.91,10.5,-0.002,0.001,-0.004,0.0,0.01,-121.7552497,36.5875449,208.85
-10.4,2.8,0.0,-0.67,0.12,0.14,-0.07,-0.69,1.22,-0.74,-1.89,11.105,7.514,9.879,9.722,9.71,9.32,11.09,9.42,-0.002,0.001,-0.005,0.0,0.01,-121.7552495,36.5875446,208.9
-11.8,2.8,0.0,-0.67,0.3,0.28,0.15,-0.2,-0.17,-0.71,-1.9,11.203,8.378,10.153,10.31,10.2,9.52,9.81,10.4,-0.002,0.001,-0.005,0.0,0.01,-121.7552493,36.5875443,208.95
-12.5,2.8,0.0,-0.68,0.33,-0.76,0.29,0.82,2.16,-0.7,-1.85,7.593,11.841,10.722,9.643,10.3,10.01,9.91,9.71,-0.002,0.001,-0.005,0.0,0.0,-121.7552492,36.587544,209.0
-12.7,2.8,0.0,-0.69,0.0,-0.09,-0.06,1.18,-1.06,-0.66,-1.82,10.153,8.584,9.241,9.526,10.3,9.03,10.5,9.91,-0.002,0.001,-0.005,0.0,-0.0,-121.755249,36.5875437,209.05
-12.9,2.8,0.0,-0.69,-0.12,0.26,0.25,1.42,1.27,-0.6,-1.79,12.027,7.181,9.918,9.81,10.69,8.83,9.81,10.5,-0.002,0.001,-0.005,0.0,0.01,-121.7552488,36.5875434,209.1
-12.8,2.8,0.0,-0.7,0.18,0.01,0.17,1.93,1.16,-0.54,-1.74,9.761,9.28,9.751,9.81,10.3,10.01,10.01,10.2,-0.002,0.001,-0.005,0.0,0.0,-121.7552486,36.5875432,209.15
-12.7,2.8,0.0,-0.7,0.56,0.14,0.46,0.33,0.11,-0.5,-1.72,7.161,11.154,9.28,9.643,10.3,9.71,9.12,9.91,-0.002,0.0,-0.004,0.0,0.0,-121.7552485,36.5875429,209.2
-12.3,2.7,0.0,-0.72,0.07,-0.34,0.4,0.04,0.58,-0.49,-1.7,9.202,10.899,9.359,10.045,10.69,9.22,8.44,10.4,-0.002,0.0,-0.004,0.0,0.01,-121.7552483,36.5875426,209.25
-12.2,2.8,0.0,-0.73,0.36,-0.12,0.84,1.75,0.02,-0.47,-1.67,11.017,8.535,8.79,9.575,9.42,10.3,9.91,9.12,-0.002,0.0,-0.004,0.0,0.01,-121.7552481,36.5875423,209.3
-12.0,2.8,0.0,-0.74,-0.2,0.32,0.39,-1.28,0.36,-0.49,-1.66,12.292,7.22,9.584,10.094,9.81,9.91,9.61,10.2,-0.002,0.0,-0.004,0.0,0.01,-121.755248,36.5875421,209.35
-11.9,2.8,0.0,-0.75,-0.02,-0.56,0.5,0.14,0.88,-0.5,-1.63,8.25,9.869,10.526,9.31,9.61,10.69,10.69,9.12,-0.002,0.0,-0.004,0.0,0.01,-121.7552478,36.5875418,209.4
-11.7,2.8,0.0,-0.76,-0.12,0.11,-0.01,-0.68,-0.82,-0.5,-1.64,6.573,11.331,9.908,9.849,9.32,10.1,9.52,9.81,-0.002,0.0,-0.004,0.0,0.01,-121.7552476,36.5875415,209.45
-11.3,2.7,0.0,-0.78,-0.02,-0.26,0.04,0.0,2.07,-0.5,-1.6,11.066,9.045,9.633,9.575,10.99,9.91,10.69,9.52,-0.002,0.0,-0.004,0.0,0.01,-121.7552474,36.5875412,209.5
-10.8,2.8,0.0,-0.79,0.07,0.18,0.17,-0.05,-0.38,-0.48,-1.57,11.075,8.751,9.163,10.094,9.91,10.1,9.81,10.01,-0.002,0.0,-0.004,0.0,0.0,-121.7552472,36.5875409,209.55
-9.8,2.7,0.0,-0.8,0.4,0.26,0.07,-0.12,0.09,-0.52,-1.58,7.819,10.948,10.448,9.722,10.4,10.2,9.91,10.2,-0.002,0.0,-0.004,0.0,0.02,-121.755247,36.5875406,209.6
-9.2,2.7,0.0,-0.81,-0.37,-0.41,0.47,-0.21,-0.06,-0.53,-1.56,8.456,10.35,9.575,9.388,10.5,8.83,10.1,9.71,-0.002,0.0,-0.004,0.0,0.01,-121.7552469,36.5875403,209.65
-8.6,2.7,0.0,-0.82,-0.37,0.09,0.09,-0.25,0.32,-0.53,-1.55,11.939,8.015,9.467,9.408,10.3,9.22,9.91,10.5,-0.002,0.0,-0.004,0.0,0.01,-121.7552467,36.5875399,209.7
-8.3,2.7,0.0,-0.82,0.28,0.09,0.12,-1.48,1.25,-0.53,-1.52,9.476,8.966,9.987,10.114,9.91,9.52,9.32,10.69,-0.002,0.0,-0.004,0.0,0.01,-121.7552465,36.5875396,209.75
-7.8,2.7,0.0,-0.84,0.39,-0.1,0.44,0.13,0.37,-0.52,-1.51,7.534,10.202,9.781,10.448,10.69,9.52,8.93,9.91,-0.002,0.0,-0.004,0.0,0.01,-121.7552462,36.5875393,209.8
-6.7,2.6,0.0,-0.85,0.03,-0.45,0.22,1.06,0.06,-0.51,-1.49,8.27,11.919,9.839,9.741,10.99,9.61,8.24,10.59,-0.002,0.0,-0.004,0.0,0.0,-121.755246,36.5875389,209.85
-5.3,2.6,0.0,-0.85,0.2,-0.23,0.11,0.07,0.36,-0.49,-1.47,12.213,7.357,8.652,9.221,10.1,9.61,9.61,9.61,-0.002,0.0,-0.004,0.0,0.0,-121.7552458,36.5875386,209.9
-4.2,2.6,0.0,-0.86,0.02,0.28,-0.04,0.3,-0.78,-0.51,-1.47,10.595,8.152,10.036,10.065,9.91,9.52,10.2,10.01,-0.002,0.0,-0.004,0.0,0.01,-121.7552456,36.5875383,209.95
-3.3,2.5,0.0,-0.86,0.14,-0.62,0.37,-0.03,1.87,-0.52,-1.42,7.338,10.507,10.546,9.604,9.22,10.79,10.2,9.91,-0.002,0.0,-0.004,0.0,0.01,-121.7552454,36.5875379,210.0
-2.7,2.5,0.0,-0.86,0.24,0.0,-0.03,-0.69,-0.98,-0.53,-1.42,7.357,10.556,9.771,9.977,10.5,9.61,10.1,8.93,-0.002,0.0,-0.004,0.0,0.01,-121.7552452,36.5875375,210.05
-2.5,2.4,0.0,-0.86,0.2,-0.11,-0.11,0.06,1.06,-0.53,-1.38,11.517,8.858,9.359,9.457,10.59,9.22,10.5,10.5,-0.002,0.0,-0.004,0.0,0.01,-121.755245,36.5875372,210.1
-2.3,2.4,0.0,-0.87,0.14,0.06,0.35,-0.53,0.33,-0.53,-1.35,10.242,9.123,9.202,9.977,9.71,9.91,9.12,10.01,-0.002,0.0,-0.004,0.0,0.0,-121.7552448,36.5875368,210.15
-2.0,2.4,0.0,-0.88,0.5,-0.19,-0.05,0.57,-0.21,-0.56,-1.35,7.809,9.987,9.624,10.114,9.81,8.93,9.61,9.81,-0.002,0.0,-0.004,0.0,0.0,-121.7552445,36.5875365,210.2
-1.9,2.3,0.0,-0.88,-0.02,0.45,0.1,-0.49,0.46,-0.58,-1.31,11.664,7.102,9.202,9.771,9.81,9.52,9.81,10.79,-0.002,0.0,-0.004,0.0,0.02,-121.7552443,36.5875362,210.25
-1.9,2.3,0.0,-0.88,0.47,-0.21,0.1,-0.09,1.07,-0.57,-1.28,7.524,10.516,9.987,9.722,9.81,9.81,9.52,9.61,-0.002,0.0,-0.004,0.0,0.0,-121.7552441,36.5875358,210.3
-1.6,2.3,0.0,-0.89,0.24,0.17,0.29,-0.06,1.04,-0.6,-1.24,9.682,8.888,9.251,9.947,10.3,9.91,9.32,10.3,-0.002,0.0,-0.004,0.0,0.02,-121.7552439,36.5875354,210.35
-1.6,2.3,0.0,-0.89,0.03,-0.54,0.08,-1.58,0.72,-0.61,-1.21,7.72,10.938,10.487,9.172,9.71,10.59,10.3,10.79,-0.002,0.0,-0.004,0.0,-0.01,-121.7552436,36.5875351,210.4
-1.4,2.3,0.0,-0.88,0.72,0.48,0.03,0.36,1.31,-0.6,-1.18,10.614,8.731,9.261,9.996,11.09,9.22,9.81,9.81,-0.002,0.0,-0.004,0.0,0.01,-121.7552434,36.5875347,210.45
-1.4,2.3,0.0,-0.9,0.13,-0.73,-0.1,-0.4,0.06,-0.61,-1.16,6.926,12.096,10.271,9.457,9.81,10.01,9.22,9.81,-0.002,0.0,-0.004,0.0,-0.0,-121.7552432,36.5875343,210.5
-1.4,2.3,0.0,-0.89,0.3,0.42,-0.2,-0.56,1.58,-0.61,-1.12,11.615,7.122,8.515,10.497,10.01,9.71,10.01,10.79,-0.002,0.0,-0.004,0.0,0.01,-121.755243,36.587534,210.55
-1.4,2.3,0.0,-0.89,0.02,0.16,0.18,0.88,-0.51,-0.62,-1.11,10.438,9.349,10.487,9.947,12.85,7.95,9.42,9.32,-0.002,0.0,-0.004,0.0,0.01,-121.7552428,36.5875337,210.6
-1.3,2.2,0.0,-0.89,-0.28,-0.48,-0.13,-1.84,0.88,-0.65,-1.08,8.319,9.712,9.879,8.858,9.32,10.1,10.69,10.3,-0.002,0.001,-0.004,0.0,-0.0,-121.7552425,36.5875333,210.65
-1.4,2.3,0.0,-0.9,0.13,0.47,-0.04,1.2,-0.09,-0.64,-1.06,9.516,10.487,9.526,10.399,10.69,10.1,8.73,10.89,-0.002,0.001,-0.004,0.0,0.0,-121.7552423,36.5875329,210.7
-1.4,2.2,0.0,-0.9,0.28,-0.09,0.34,1.02,1.05,-0.68,-1.02,9.947,10.075,9.437,10.212,12.56,9.03,9.12,9.91,-0.002,0.001,-0.004,0.0,0.0,-121.755242,36.5875325,210.75
-1.5,2.2,0.0,-0.89,0.3,-0.87,0.21,-3.1,-0.53,-0.72,-0.99,7.407,12.027,9.369,9.879,10.2,9.81,8.83,10.4,-0.002,0.001,-0.005,0.0,-0.0,-121.7552419,36.5875322,210.8
-1.7,2.2,0.0,-0.9,-0.09,-0.29,-0.26,-0.25,1.05,-0.73,-0.97,9.604,10.144,9.359,9.192,9.32,10.69,9.81,10.1,-0.002,0.001,-0.005,0.0,-0.0,-121.7552417,36.5875319,210.85
-2.2,2.2,0.0,-0.9,0.04,0.73,-0.34,2.58,0.19,-0.74,-0.95,10.536,9.349,9.967,10.261,10.59,9.81,9.32,10.2,-0.002,0.001,-0.005,0.0,0.01,-121.7552414,36.5875315,210.9
-2.7,2.2,0.0,-0.9,0.37,-0.42,0.09,-0.3,-0.41,-0.79,-0.93,11.291,7.828,9.741,9.741,10.79,9.91,10.01,8.63,-0.002,0.001,-0.005,0.0,0.0,-121.7552412,36.5875311,210.95
-2.9,2.2,0.0,-0.89,0.36,-0.53,0.2,-2.39,1.19,-0.83,-0.91,9.869,10.193,9.457,9.771,10.99,9.61,10.01,9.42,-0.002,0.001,-0.005,0.0,-0.0,-121.755241,36.5875308,211.0
-2.0,2.2,0.0,-0.9,-0.26,-0.65,0.55,-1.9,-0.5,-0.92,-0.91,9.516,9.771,9.702,9.408,9.71,11.09,10.1,8.93,-0.002,0.001,-0.005,0.0,0.0,-121.7552408,36.5875304,211.05
-1.0,2.2,0.0,-0.88,0.26,0.35,0.27,-0.39,-0.45,-0.99,-0.94,8.397,10.35,10.32,9.408,9.22,11.48,10.2,9.22,-0.002,0.001,-0.005,0.0,0.02,-121.7552406,36.58753,211.1
-0.5,2.2,0.0,-0.88,-0.09,0.0,0.01,-1.83,0.43,-1.09,-0.95,8.515,10.899,10.222,9.123,9.91,8.83,10.2,9.81,-0.002,0.001,-0.005,0.0,0.02,-121.7552404,36.5875297,211.15
-0.4,2.2,0.0,-0.88,-0.0,-0.13,-0.18,-1.03,-0.7,-1.18,-0.98,8.849,9.741,9.8,9.476,9.61,8.93,9.32,9.61,-0.002,0.001,-0.005,0.0,0.02,-121.7552401,36.5875293,211.2
-0.6,2.2,0.0,-0.87,0.17,-0.17,-0.13,-1.97,-0.04,-1.26,-0.99,8.162,9.526,9.987,9.81,10.4,9.52,8.63,10.5,-0.002,0.001,-0.005,0.0,0.02,-121.7552399,36.587529,211.25
-1.0,2.2,0.0,-0.87,-0.07,-0.55,-0.0,-1.2,0.01,-1.31,-0.98,8.741,11.399,9.653,9.79,10.5,9.22,9.61,10.79,-0.002,0.001,-0.005,0.0,0.0,-121.7552397,36.5875286,211.3
-1.5,2.2,0.0,-0.87,-0.0,-0.19,0.34,-0.72,0.31,-1.37,-0.97,9.369,9.781,9.633,9.526,9.61,10.5,8.73,9.91,-0.002,0.001,-0.005,0.0,0.0,-121.7552395,36.5875283,211.35
-2.2,2.2,0.0,-0.88,0.19,0.15,0.04,-0.85,-1.01,-1.42,-0.98,8.28,10.144,9.722,9.79,10.69,9.81,8.44,11.09,-0.002,0.001,-0.005,0.0,0.02,-121.7552393,36.5875279,211.4
-2.7,2.2,0.0,-0.88,0.03,-0.38,0.08,-0.79,0.11,-1.48,-0.97,8.132,11.625,10.144,9.526,9.71,9.32,9.71,9.91,-0.002,0.001,-0.005,0.0,0.02,-121.7552391,36.5875276,211.45
-3.0,2.2,0.0,-0.87,0.29,-0.63,0.2,-1.48,-1.04,-1.54,-0.98,8.044,10.34,9.8,9.457,8.63,10.4,8.73,9.12,-0.002,0.001,-0.005,0.0,0.01,-121.7552389,36.5875272,211.5
-3.2,2.2,0.0,-0.87,0.26,-0.13,0.05,-1.04,-0.04,-1.59,-0.97,8.711,9.113,9.82,9.31,10.79,10.4,9.03,9.32,-0.002,0.001,-0.004,0.0,0.01,-121.7552387,36.5875268,211.55
-3.5,2.2,0.0,-0.88,-0.13,-0.45,0.24,-0.47,-0.52,-1.62,-0.99,8.868,10.153,9.869,9.624,10.4,9.42,8.73,10.59,-0.002,0.0,-0.004,0.0,0.01,-121.7552385,36.5875265,211.6
-3.8,2.2,0.0,-0.87,0.24,-0.36,0.39,-1.12,0.0,-1.66,-0.98,10.418,9.212,9.447,9.437,10.2,9.61,9.81,9.52,-0.002,0.0,-0.004,0.0,0.0,-121.7552383,36.5875261,211.65
-4.0,2.2,0.0,-0.88,-0.02,-0.33,0.28,-0.51,-0.44,-1.69,-1.0,11.272,7.917,9.888,9.476,10.1,9.52,9.81,10.5,-0.002,0.0,-0.004,0.0,0.02,-121.7552381,36.5875258,211.7
-4.0,2.0,0.0,-0.88,0.24,-0.11,0.15,-1.63,0.34,-1.73,-1.0,10.045,8.8,9.996,10.565,11.28,9.91,8.83,9.81,-0.002,0.0,-0.004,0.0,0.01,-121.7552379,36.5875255,211.75
-3.9,0.9,0.0,-0.87,-0.1,-0.55,-0.03,-0.21,0.89,-1.78,-1.0,10.202,8.525,10.045,9.604,10.2,10.1,10.5,9.61,-0.002,0.0,-0.004,0.0,0.02,-121.7552377,36.5875251,211.8
-3.8,0.9,0.0,-0.87,0.31,-0.07,0.09,-1.41,-1.98,-1.83,-1.04,9.535,9.32,9.8,9.506,11.67,9.81,10.1,10.1,-0.002,0.0,-0.004,0.0,0.02,-121.7552375,36.5875248,211.85
-3.4,0.8,0.0,-0.86,0.29,-0.39,-0.07,0.51,-0.09,-1.85,-1.06,9.015,10.938,10.467,9.977,11.18,9.61,10.2,10.5,-0.002,0.001,-0.004,0.0,0.01,-121.7552373,36.5875244,211.9
-2.5,0.8,0.0,-0.86,0.17,-0.39,-0.02,0.59,-1.79,-1.85,-1.12,9.378,9.898,9.81,10.144,10.2,10.79,9.61,10.4,-0.002,0.001,-0.004,0.0,0.0,-121.7552371,36.5875241,211.95
-1.1,0.8,0.0,-0.85,0.37,-0.45,-0.29,-0.14,-0.92,-1.85,-1.19,8.957,10.085,10.114,9.457,10.89,9.91,8.83,10.01,-0.002,0.001,-0.004,0.0,0.01,-121.7552369,36.5875237,212.0
0.4,0.8,0.0,-0.85,0.27,-0.54,-0.05,1.18,-1.34,-1.8,-1.24,9.398,10.271,9.761,9.555,10.3,9.03,9.22,10.01,-0.002,0.001,-0.005,0.0,0.0,-121.7552367,36.5875234,212.05
1.4,0.7,0.0,-0.84,0.24,-0.18,-0.14,-0.84,-0.71,-1.8,-1.3,7.779,9.849,9.584,9.555,9.61,9.91,9.71,9.81,-0.002,0.002,-0.005,0.0,0.01,-121.7552365,36.587523,212.1
2.3,0.9,0.0,-0.85,0.42,0.19,-0.03,0.18,-0.38,-1.78,-1.34,7.308,8.623,9.977,10.016,9.71,9.22,9.22,10.01,-0.002,0.002,-0.005,0.0,0.02,-121.7552363,36.5875227,212.15
2.9,0.9,0.0,-0.86,0.2,0.04,-0.15,0.44,0.36,-1.77,-1.36,10.212,9.094,10.369,9.79,10.2,10.01,9.91,9.61,-0.002,0.002,-0.005,0.0,0.01,-121.7552361,36.5875224,212.2
3.4,0.8,0.0,-0.85,0.06,-0.06,-0.14,0.91,-1.04,-1.79,-1.4,11.301,9.006,10.497,9.879,10.1,10.4,10.2,10.1,-0.003,0.002,-0.005,0.0,0.02,-121.7552359,36.587522,212.25
3.6,0.8,0.0,-0.86,0.23,-0.13,-0.31,0.95,-0.31,-1.81,-1.44,9.329,8.388,10.497,10.693,9.52,10.5,9.61,10.01,-0.003,0.002,-0.006,0.0,0.01,-121.7552357,36.5875216,212.3
3.8,0.8,0.0,-0.86,0.7,-0.15,-0.06,-1.35,-0.71,-1.85,-1.49,5.072,11.586,9.957,10.477,10.1,9.61,9.32,10.01,-0.003,0.002,-0.006,0.0,0.01,-121.7552354,36.5875213,212.35
3.3,0.8,0.0,-0.87,0.33,-0.51,-0.11,-2.68,-0.3,-1.88,-1.53,5.641,10.948,8.751,9.977,8.83,9.52,9.12,10.4,-0.003,0.002,-0.006,0.0,0.01,-121.7552352,36.587521,212.4
3.3,0.7,0.0,-0.87,0.68,-0.13,-0.23,-1.83,-1.36,-1.93,-1.59,7.357,11.075,8.937,10.045,10.89,9.61,9.22,10.69,-0.003,0.002,-0.006,0.0,0.01,-121.755235,36.5875206,212.45
3.3,0.8,0.0,-0.86,-0.0,-0.39,0.1,-1.07,-1.19,-1.93,-1.64,12.135,7.132,9.261,9.408,10.89,9.52,9.81,10.69,-0.003,0.002,-0.007,0.0,0.01,-121.7552348,36.5875202,212.5
3.1,0.7,0.0,-0.84,1.13,-0.21,0.11,0.75,-0.76,-1.94,-1.67,10.291,9.123,10.634,10.732,11.48,9.91,9.32,9.12,-0.003,0.002,-0.007,0.0,0.01,-121.7552346,36.5875199,212.55
2.9,0.8,0.0,-0.82,1.2,-0.87,-0.17,2.0,-1.1,-1.93,-1.69,7.642,10.987,9.359,9.624,8.63,10.3,9.12,10.1,-0.003,0.002,-0.007,0.0,0.01,-121.7552344,36.5875195,212.6
2.6,0.7,0.0,-0.79,0.6,-0.47,-0.25,-2.84,-0.45,-1.95,-1.71,9.231,9.27,9.113,9.339,9.42,10.2,9.61,10.69,-0.003,0.002,-0.007,0.0,-0.01,-121.7552342,36.5875192,212.65
2.4,0.7,0.0,-0.78,0.4,0.05,-0.28,-0.04,0.06,-1.94,-1.74,9.555,9.457,10.291,9.977,10.4,10.1,10.69,8.63,-0.002,0.002,-0.007,0.0,0.01,-121.755234,36.5875189,212.7
2.2,0.8,0.0,-0.75,0.55,-0.09,-0.06,1.11,-0.73,-1.92,-1.78,8.27,10.094,9.947,9.673,9.91,10.01,10.4,9.81,-0.002,0.002,-0.007,0.0,0.01,-121.7552338,36.5875186,212.75
1.9,0.7,0.0,-0.73,0.58,-0.55,-0.41,-2.03,-0.32,-1.93,-1.8,7.524,11.252,10.045,9.879,10.1,9.81,9.42,11.38,-0.002,0.002,-0.007,0.0,0.01,-121.7552336,36.5875183,212.8
1.3,0.7,0.0,-0.71,0.65,-0.17,-0.18,-1.66,-0.57,-1.95,-1.83,8.397,10.595,9.702,9.143,10.99,9.52,8.73,10.5,-0.003,0.002,-0.007,0.0,0.01,-121.7552334,36.587518,212.85
0.7,0.7,0.0,-0.69,0.98,-0.97,0.19,1.43,0.19,-1.92,-1.85,9.761,10.173,9.555,9.977,10.01,10.3,9.42,9.32,-0.002,0.002,-0.007,0.0,0.01,-121.7552333,36.5875177,212.9
-1.1,0.7,0.0,-0.68,0.96,-0.38,0.03,-0.7,-3.12,-1.94,-1.92,7.72,10.663,10.163,9.526,9.03,10.69,9.42,10.3,-0.002,0.002,-0.007,0.0,0.0,-121.7552331,36.5875175,212.95
-2.3,0.7,0.0,-0.65,0.65,-0.38,-0.21,-1.6,1.25,-1.97,-1.92,7.809,10.693,10.193,9.476,8.63,10.89,9.91,10.01,-0.002,0.002,-0.007,0.0,0.03,-121.755233,36.5875172,213.0
-2.9,0.7,0.4,-0.63,0.44,-0.3,-0.04,-0.74,-1.42,-1.97,-1.96,7.779,11.399,9.918,9.604,10.2,10.1,9.61,10.1,-0.002,0.002,-0.006,0.0,0.02,-121.7552328,36.5875169,213.05
-3.3,0.7,0.4,-0.62,0.97,-0.54,0.13,-1.32,-0.09,-2.0,-1.99,9.565,9.947,9.888,9.692,10.1,10.1,9.22,10.2,-0.002,0.002,-0.006,0.0,0.02,-121.7552327,36.5875167,213.1
-3.8,0.7,0.4,-0.6,1.25,-0.81,-0.11,-0.01,-0.92,-2.0,-2.03,10.32,9.869,9.398,10.065,10.3,9.81,9.03,10.2,-0.002,0.002,-0.006,0.0,0.01,-121.7552325,36.5875165,213.15
-4.1,0.7,0.0,-0.58,1.3,-0.77,0.19,0.01,-1.3,-2.01,-2.06,9.555,10.703,9.584,9.977,10.3,10.2,9.12,9.81,-0.002,0.002,-0.006,0.0,0.01,-121.7552324,36.5875163,213.2
-4.3,0.7,0.0,-0.55,0.99,-0.36,0.41,-0.04,-0.84,-2.02,-2.09,9.79,9.839,9.673,9.575,9.91,10.4,9.61,10.3,-0.002,0.002,-0.006,0.0,0.01,-121.7552322,36.5875161,213.25
-4.4,0.7,0.0,-0.53,1.03,-0.81,0.15,0.17,-0.15,-2.01,-2.11,9.712,10.242,9.761,10.016,10.1,10.5,9.81,9.42,-0.002,0.002,-0.006,0.0,0.01,-121.7552321,36.5875158,213.3
-4.7,0.7,0.0,-0.52,1.02,-0.09,0.19,0.32,-1.69,-2.03,-2.15,10.261,9.241,9.575,9.722,9.91,10.01,9.32,9.61,-0.002,0.002,-0.007,0.0,0.02,-121.755232,36.5875157,213.35
-4.9,0.7,0.4,-0.5,1.14,-0.5,0.04,-0.16,0.3,-2.04,-2.17,10.938,9.163,9.741,9.928,10.4,10.1,9.71,9.32,-0.002,0.002,-0.007,0.0,0.02,-121.7552318,36.5875155,213.4
-5.1,0.7,0.4,-0.47,1.15,-0.52,-0.14,1.01,-1.36,-2.03,-2.21,11.644,7.936,9.153,9.928,9.81,9.91,9.71,9.03,-0.002,0.002,-0.007,0.0,0.01,-121.7552317,36.5875153,213.45
-5.3,0.7,0.4,-0.45,0.82,-0.22,-0.01,0.03,-0.55,-2.06,-2.24,10.418,8.682,9.437,9.996,10.3,9.81,10.01,9.61,-0.002,0.002,-0.007,0.0,0.01,-121.7552316,36.5875152,213.5
-5.6,0.7,0.4,-0.43,0.61,-0.23,0.26,0.46,-1.59,-2.06,-2.27,7.456,10.713,10.114,9.79,10.59,9.03,9.32,10.5,-0.002,0.002,-0.007,0.0,0.02,-121.7552315,36.587515,213.55
-5.6,0.7,0.4,-0.41,0.83,-0.11,0.2,0.78,0.41,-2.05,-2.29,10.546,8.917,9.555,10.33,10.2,10.3,9.42,9.81,-0.002,0.002,-0.007,0.0,0.01,-121.7552314,36.5875148,213.6
-5.8,0.7,0.8,-0.37,1.24,-0.44,0.16,0.76,-0.82,-2.06,-2.33,11.046,7.946,9.575,10.33,10.3,9.71,9.81,9.22,-0.003,0.002,-0.007,0.0,0.01,-121.7552313,36.5875147,213.65
-5.9,0.7,0.4,-0.35,0.96,-0.01,-0.14,0.28,-2.02,-2.07,-2.35,8.427,9.869,10.271,9.624,11.18,8.93,9.12,10.69,-0.002,0.002,-0.007,0.0,0.02,-121.7552312,36.5875145,213.7
-5.9,0.7,0.8,-0.33,0.79,-0.58,-0.07,-0.36,2.45,-2.05,-2.33,11.595,7.387,8.633,10.516,10.1,10.1,9.91,9.81,-0.002,0.002,-0.007,0.0,0.01,-121.7552311,36.5875144,213.75
-6.1,0.7,0.8,-0.29,1.27,-0.25,-0.08,0.4,-3.1,-2.09,-2.38,9.153,9.398,9.81,9.624,10.59,9.12,9.03,10.5,-0.002,0.002,-0.007,0.0,0.01,-121.755231,36.5875143,213.8
-6.1,0.7,0.8,-0.27,0.84,-0.11,-0.14,-0.06,0.64,-2.09,-2.37,7.554,10.654,9.732,9.928,9.81,10.2,8.73,10.99,-0.002,0.002,-0.007,0.0,0.02,-121.755231,36.5875142,213.85
-6.1,0.7,0.8,-0.23,1.37,-0.53,-0.03,-0.96,0.15,-2.1,-2.4,7.995,10.84,9.849,9.947,9.81,10.5,9.42,10.5,-0.002,0.002,-0.007,0.0,0.0,-121.7552309,36.5875141,213.9
-6.1,0.7,0.8,-0.19,1.47,-0.61,0.05,-0.98,0.1,-2.13,-2.4,12.007,6.72,9.506,10.163,9.81,10.5,9.61,9.52,-0.003,0.002,-0.007,0.0,0.01,-121.7552309,36.587514,213.95
-6.2,0.7,0.8,-0.15,1.35,-0.37,0.17,0.92,-2.24,-2.09,-2.44,8.348,9.732,9.682,9.928,10.5,9.91,9.32,10.79,-0.002,0.002,-0.007,0.0,0.01,-121.7552308,36.5875139,214.0
-6.2,0.7,0.8,-0.11,1.01,-0.45,0.18,-0.88,1.33,-2.13,-2.41,6.985,11.154,10.183,9.928,9.42,10.69,9.81,10.2,-0.002,0.002,-0.007,0.0,0.01,-121.7552308,36.5875139,214.05
-6.2,0.7,0.8,-0.06,1.74,-0.36,0.34,0.44,-1.49,-2.11,-2.45,7.436,11.713,9.957,9.879,9.22,11.58,9.52,9.42,-0.002,0.002,-0.007,0.0,0.01,-121.7552307,36.5875138,214.1
-6.3,0.7,1.7,-0.02,1.43,-0.7,0.23,-1.14,0.65,-2.13,-2.45,8.76,10.271,10.134,9.506,9.52,11.38,10.1,10.01,-0.002,0.003,-0.007,0.0,0.01,-121.7552307,36.5875138,214.15
-6.3,0.7,2.1,0.04,1.52,-0.38,0.16,-0.12,0.34,-2.13,-2.45,10.713,7.819,9.633,9.692,8.83,10.59,10.5,10.01,-0.002,0.003,-0.007,0.0,0.0,-121.7552307,36.5875138,214.2
-6.5,0.7,3.7,0.03,0.12,-0.42,-0.18,1.03,-0.55,-2.11,-2.46,6.798,11.909,9.987,9.643,10.2,9.42,9.03,10.4,-0.002,0.002,-0.007,0.0,0.01,-121.7552307,36.5875138,214.25
-6.5,0.7,7.5,0.01,-0.43,-0.67,0.18,0.08,3.59,-2.11,-2.4,9.496,10.232,9.682,9.241,9.12,11.18,10.59,8.24,-0.003,0.002,-0.007,0.0,-0.0,-121.7552306,36.5875138,214.3
-6.6,0.7,11.6,0.02,0.92,0.09,0.36,-1.02,-3.16,-2.11,-2.43,6.269,12.831,10.301,9.741,9.91,10.69,10.4,10.89,-0.003,0.002,-0.007,0.0,0.0,-121.7552306,36.5875138,214.35
-6.5,0.7,14.5,0.02,0.08,-0.18,0.51,-2.02,2.96,-2.13,-2.41,10.418,9.084,10.271,9.408,10.2,9.61,10.4,10.2,-0.003,0.002,-0.007,0.0,0.01,-121.7552306,36.5875138,214.4
-6.5,0.7,12.9,0.01,0.77,-0.55,-0.3,1.02,-0.23,-2.08,-2.43,11.026,8.898,8.917,10.261,10.79,9.52,9.12,9.42,-0.003,0.002,-0.008,0.0,0.0,-121.7552306,36.5875138,214.45
-6.5,0.7,8.3,0.01,0.55,-0.24,-0.3,0.23,0.32,-2.11,-2.43,11.203,7.956,9.104,9.575,10.1,9.81,9.81,10.01,-0.003,0.002,-0.007,0.0,0.0,-121.7552306,36.5875138,214.5
-6.5,0.7,9.1,0.03,0.65,0.08,-0.35,0.69,-1.65,-2.1,-2.45,7.897,10.703,9.977,9.692,11.38,8.44,9.12,11.09,-0.003,0.002,-0.007,0.0,0.01,-121.7552306,36.5875138,214.55
-6.5,0.7,12.0,0.02,0.12,-0.38,-0.07,-0.23,2.82,-2.09,-2.42,12.086,7.21,9.123,10.516,9.61,9.91,9.12,10.1,-0.003,0.002,-0.008,0.0,-0.0,-121.7552305,36.5875138,214.6
-6.5,0.7,13.7,0.02,0.83,0.28,-0.29,0.34,-3.25,-2.11,-2.47,7.887,10.899,9.565,9.643,11.87,7.85,9.03,11.18,-0.003,0.002,-0.008,0.0,0.02,-121.7552305,36.5875138,214.65
-6.5,0.7,14.5,0.01,-0.08,-1.13,0.12,-0.45,3.41,-2.09,-2.41,9.153,10.379,9.516,9.692,9.52,10.01,10.01,9.91,-0.003,0.002,-0.008,0.0,0.0,-121.7552305,36.5875138,214.7
-6.5,0.7,12.4,0.02,1.02,0.49,-0.24,-0.31,-4.26,-2.1,-2.47,11.409,7.583,9.467,10.163,10.79,9.22,8.53,11.09,-0.003,0.002,-0.008,0.0,-0.0,-121.7552305,36.5875138,214.75
-6.5,0.7,9.5,0.01,0.42,-0.7,0.32,1.38,3.89,-2.1,-2.43,10.212,9.045,9.545,9.81,10.59,8.63,9.91,9.32,-0.003,0.002,-0.008,0.0,0.0,-121.7552305,36.5875138,214.8
-6.5,0.7,7.9,0.02,-0.02,-0.57,-0.11,-1.45,-1.9,-2.11,-2.44,8.211,10.075,9.594,9.771,10.89,8.83,9.32,10.2,-0.003,0.002,-0.008,0.0,-0.01,-121.7552305,36.5875138,214.85
-6.5,0.7,6.6,0.02,0.26,-0.07,0.16,-1.69,0.93,-2.13,-2.44,7.564,10.879,9.947,9.575,10.89,8.34,9.22,11.48,-0.003,0.002,-0.008,0.0,0.0,-121.7552305,36.5875139,214.9
-6.5,0.7,6.6,0.03,0.47,-0.89,-0.08,-1.47,0.01,-2.11,-2.43,8.554,10.418,10.094,9.604,11.09,8.73,9.42,11.18,-0.003,0.002,-0.008,0.0,-0.0,-121.7552305,36.5875139,214.95
-6.5,0.7,6.6,0.02,0.87,-0.32,0.06,-1.1,0.19,-2.11,-2.44,11.752,7.946,9.624,10.163,10.69,9.22,8.73,11.09,-0.003,0.002,-0.008,0.0,-0.0,-121.7552305,36.5875139,215.0
-6.5,0.7,6.2,0.02,0.54,-0.9,0.07,0.79,0.56,-2.09,-2.43,7.534,11.203,10.222,9.575,10.1,8.93,10.4,9.52,-0.003,0.002,-0.008,0.0,-0.0,-121.7552305,36.587514,215.05
-6.5,0.7,6.2,0.02,-0.09,-0.19,-0.12,-3.09,-0.61,-2.12,-2.42,8.662,10.144,10.202,9.408,10.59,9.03,10.01,10.2,-0.003,0.002,-0.008,0.0,-0.01,-121.7552305,36.587514,215.1
-6.5,0.7,5.0,0.02,0.46,0.05,0.01,0.65,-0.11,-2.1,-2.43,7.25,11.272,10.036,9.771,10.2,9.42,9.32,11.48,-0.003,0.002,-0.008,0.0,0.01,-121.7552305,36.587514,215.15
-6.5,0.7,5.4,0.02,0.29,-0.76,0.32,-1.73,0.83,-2.11,-2.42,9.938,9.624,9.928,9.81,10.4,9.42,9.22,10.5,-0.003,0.002,-0.008,0.0,0.0,-121.7552305,36.587514,215.2
-6.5,0.7,6.6,0.02,0.12,-0.28,-0.03,0.37,-0.56,-2.11,-2.44,10.575,8.751,9.81,9.624,9.71,10.2,10.79,8.93,-0.003,0.002,-0.008,0.0,-0.0,-121.7552305,36.587514,215.25
-6.5,0.7,7.5,0.02,0.35,-0.45,-0.06,-0.8,-1.08,-2.11,-2.43,7.151,11.468,10.242,9.437,10.1,9.61,9.71,9.91,-0.003,0.002,-0.008,0.0,-0.0,-121.7552305,36.5875141,215.3
-6.5,0.7,7.9,0.02,0.17,0.44,0.44,0.08,0.35,-2.11,-2.41,10.801,8.486,9.79,9.359,10.4,9.61,9.42,10.89,-0.003,0.002,-0.008,0.0,0.01,-121.7552305,36.5875141,215.35
-6.6,0.7,7.5,0.03,0.74,-0.7,0.49,0.32,1.03,-2.09,-2.42,8.898,10.899,9.996,9.692,10.99,8.53,9.81,9.81,-0.003,0.002,-0.008,0.0,-0.0,-121.7552306,36.5875141,215.4
-6.6,0.7,7.1,0.02,0.15,-0.47,-0.22,-0.47,0.45,-2.09,-2.36,11.801,7.868,9.565,10.33,9.81,10.2,9.32,9.32,-0.003,0.002,-0.008,0.0,-0.0,-121.7552306,36.5875142,215.45
-6.8,0.7,6.2,0.03,0.73,0.12,-0.63,-0.12,-2.72,-2.11,-2.44,7.102,11.242,9.712,9.624,11.09,8.44,9.32,11.58,-0.003,0.002,-0.008,0.0,0.01,-121.7552306,36.5875142,215.5
-6.9,0.7,5.4,0.02,0.07,-0.71,0.0,0.68,2.68,-2.08,-2.38,12.017,7.946,9.064,10.261,9.91,10.4,9.52,9.42,-0.003,0.002,-0.008,0.0,-0.0,-121.7552306,36.5875142,215.55
-7.0,0.7,4.6,0.03,1.14,0.24,0.11,1.27,-2.74,-2.1,-2.43,11.811,7.76,9.467,10.144,10.69,9.71,10.99,9.03,-0.003,0.002,-0.008,0.0,0.01,-121.7552306,36.5875142,215.6
-7.0,0.7,4.6,0.03,0.34,-0.6,0.23,1.27,1.79,-2.09,-2.4,11.841,8.044,9.113,10.232,10.69,10.2,9.42,9.42,-0.003,0.002,-0.008,0.0,0.01,-121.7552307,36.5875142,215.65
-7.1,0.7,4.1,0.03,0.25,-0.08,-0.38,1.42,-1.27,-2.09,-2.41,9.486,8.996,9.633,9.692,9.61,9.91,10.59,9.42,-0.003,0.002,-0.008,0.0,-0.01,-121.7552307,36.5875142,215.7
-7.1,0.7,5.0,0.03,0.11,0.01,-0.23,-0.4,0.1,-2.1,-2.4,10.997,8.034,9.702,9.722,10.89,8.83,8.93,10.01,-0.003,0.002,-0.008,0.0,-0.0,-121.7552307,36.5875143,215.75
-7.2,0.7,5.8,0.03,0.64,0.18,-0.19,1.94,0.23,-2.1,-2.4,10.968,8.24,9.732,9.476,9.81,10.01,11.38,9.42,-0.003,0.002,-0.008,0.0,0.0,-121.7552307,36.5875143,215.8
-7.1,0.7,5.8,0.03,0.2,-0.62,-0.04,0.68,0.34,-2.1,-2.4,10.193,9.074,9.771,9.457,9.61,10.69,10.99,8.73,-0.003,0.002,-0.008,0.0,0.0,-121.7552307,36.5875143,215.85
-7.1,0.7,6.6,0.03,0.36,-0.04,0.13,-0.44,-1.47,-2.11,-2.41,7.367,11.007,10.055,9.771,10.89,8.63,9.32,10.5,-0.003,0.002,-0.008,0.0,0.01,-121.7552307,36.5875143,215.9
-7.1,0.7,7.9,0.03,-0.03,-0.67,0.21,-0.12,3.19,-2.11,-2.38,9.427,9.987,9.653,9.339,9.22,10.79,10.3,8.83,-0.003,0.002,-0.008,0.0,0.01,-121.7552308,36.5875144,215.95
-7.1,0.7,7.9,0.03,0.74,0.41,0.1,1.3,-2.81,-2.08,-2.41,10.879,8.564,9.624,9.928,10.3,10.2,9.61,10.1,-0.003,0.002,-0.008,0.0,0.01,-121.7552308,36.5875144,216.0
-7.2,0.7,6.6,0.03,0.42,-0.39,-0.16,0.06,2.33,-2.12,-2.4,10.771,8.505,10.134,9.192,9.42,10.69,11.97,8.24,-0.003,0.002,-0.008,0.0,0.02,-121.7552308,36.5875144,216.05
-7.2,0.7,4.6,0.03,0.11,-0.73,-0.43,0.8,-1.78,-2.09,-2.4,6.72,11.919,10.183,9.437,10.1,9.91,10.3,9.81,-0.003,0.002,-0.008,0.0,0.0,-121.7552308,36.5875144,216.1
-7.2,0.7,3.7,0.05,0.22,-0.52,0.17,-2.31,1.21,-2.12,-2.39,7.514,10.879,10.595,9.104,9.52,10.01,9.81,10.89,-0.003,0.002,-0.008,0.0,0.0,-121.7552308,36.5875145,216.15
-7.2,0.7,4.1,0.03,0.74,-0.29,0.09,0.64,-0.84,-2.11,-2.4,10.585,9.123,9.898,9.604,10.59,9.42,9.03,10.01,-0.003,0.002,-0.008,0.0,0.01,-121.7552308,36.5875145,216.2
-7.2,0.7,4.6,0.04,0.64,-0.37,0.02,0.62,0.77,-2.08,-2.4,12.331,7.642,9.388,10.144,10.1,9.52,10.1,9.42,-0.003,0.002,-0.008,0.0,0.0,-121.7552308,36.5875145,216.25
-7.4,0.7,4.1,0.03,0.21,-0.21,-0.23,1.13,-0.86,-2.11,-2.4,10.251,9.143,9.712,9.575,9.81,10.01,10.4,9.32,-0.003,0.002,-0.008,0.0,0.0,-121.7552309,36.5875145,216.3
-7.4,0.7,3.3,0.05,0.34,-0.09,-0.01,-0.73,-0.5,-2.1,-2.41,7.299,11.311,9.918,9.241,10.69,8.93,9.81,10.99,-0.003,0.002,-0.008,0.0,0.01,-121.7552309,36.5875146,216.35
-7.2,0.7,2.9,0.04,0.29,-0.47,0.24,-0.35,2.14,-2.1,-2.37,11.527,7.632,9.378,9.996,9.32,10.59,10.01,9.42,-0.003,0.002,-0.008,0.0,0.0,-121.7552309,36.5875146,216.4
-7.4,0.7,3.3,0.04,0.75,-0.25,-0.09,0.29,-2.8,-2.1,-2.41,9.006,9.006,9.643,9.947,10.89,8.53,9.03,10.2,-0.003,0.002,-0.008,0.0,0.0,-121.7552309,36.5875146,216.45
-7.4,0.7,3.3,0.04,-0.04,-0.67,0.22,-1.59,2.66,-2.13,-2.37,8.289,10.134,10.085,9.624,10.59,9.03,9.91,10.2,-0.003,0.002,-0.008,0.0,0.0,-121.7552309,36.5875147,216.5
-7.4,0.7,2.5,0.05,0.46,-0.36,-0.13,-0.27,-2.02,-2.1,-2.4,6.867,11.478,9.938,10.144,9.91,9.91,8.93,11.67,-0.003,0.002,-0.008,0.0,0.01,-121.7552309,36.5875147,216.55
-7.4,0.7,2.9,0.06,0.59,-0.39,0.0,-1.57,1.72,-2.12,-2.38,11.105,8.495,10.153,9.879,10.4,9.91,9.91,9.71,-0.003,0.002,-0.008,0.0,0.0,-121.755231,36.5875147,216.6
-7.4,0.7,2.9,0.04,0.43,-0.8,-0.13,0.89,-0.19,-2.1,-2.39,8.888,10.507,10.31,9.506,9.71,9.71,10.3,8.73,-0.003,0.002,-0.008,0.0,-0.0,-121.755231,36.5875148,216.65
-7.2,0.7,2.9,0.04,0.26,-0.13,0.07,1.0,-1.14,-2.09,-2.38,11.066,8.093,10.144,9.849,9.42,10.89,9.22,10.3,-0.003,0.002,-0.008,0.0,0.0,-121.755231,36.5875148,216.7
-7.4,0.7,2.5,0.05,0.43,-0.42,0.08,0.18,1.2,-2.12,-2.39,8.721,11.036,10.605,9.074,9.22,10.5,11.87,8.04,-0.003,0.002,-0.008,0.0,-0.0,-121.755231,36.5875148,216.75
-7.4,0.7,2.1,0.05,-0.03,-0.32,-0.16,0.81,-1.01,-2.1,-2.38,10.467,8.466,9.967,9.722,10.1,10.4,9.81,9.91,-0.003,0.002,-0.008,0.0,0.01,-121.755231,36.5875148,216.8
-7.4,0.7,2.1,0.05,0.28,-0.57,-0.05,-0.09,1.72,-2.09,-2.39,9.467,10.399,9.888,9.643,9.52,10.2,10.79,9.03,-0.003,0.002,-0.008,0.0,-0.0,-121.755231,36.5875147,216.85
-7.4,0.7,2.1,0.05,0.14,-0.24,0.04,-0.51,-1.44,-2.13,-2.4,8.711,9.526,10.408,9.437,11.09,8.53,9.91,10.3,-0.003,0.002,-0.008,0.0,0.01,-121.755231,36.5875147,216.9
-7.4,0.7,2.1,0.05,1.0,-0.74,0.16,-0.2,1.65,-2.07,-2.39,9.888,10.497,9.457,10.065,9.71,10.3,9.61,10.5,-0.003,0.002,-0.008,0.0,-0.0,-121.755231,36.5875147,216.95
-7.4,0.7,1.7,0.04,0.9,-0.33,0.06,0.3,-1.8,-2.11,-2.41,10.438,8.986,9.565,9.673,10.2,9.52,10.1,10.1,-0.003,0.002,-0.008,0.0,0.01,-121.755231,36.5875147,217.0
-7.4,0.7,1.2,0.04,0.81,-0.69,0.4,-0.24,-0.07,-2.07,-2.43,8.976,10.359,9.447,10.232,10.5,9.42,8.73,10.59,-0.003,0.002,-0.008,0.0,0.02,-121.7552309,36.5875147,217.05
-7.4,0.7,1.2,0.04,0.53,-0.13,0.06,0.19,-0.11,-2.09,-2.38,11.782,8.093,9.113,10.565,10.79,9.52,8.73,10.3,-0.003,0.002,-0.008,0.0,0.0,-121.7552309,36.5875147,217.1
-7.4,0.7,1.2,0.05,0.59,0.08,-0.31,1.92,0.43,-2.09,-2.41,11.34,8.348,9.28,10.114,9.91,9.42,10.1,9.42,-0.003,0.002,-0.008,0.0,0.01,-121.7552309,36.5875147,217.15
-7.4,0.7,1.2,0.04,0.45,-0.1,0.0,1.17,-0.39,-2.1,-2.4,11.841,7.181,9.712,9.977,10.3,9.71,10.1,9.12,-0.003,0.002,-0.008,0.0,0.0,-121.7552309,36.5875146,217.2
-7.4,0.7,0.8,0.04,0.33,-0.3,-0.19,1.72,0.05,-2.1,-2.42,9.408,9.898,9.526,9.643,9.81,9.71,11.28,9.61,-0.003,0.002,-0.008,0.0,0.0,-121.7552309,36.5875146,217.25
-7.4,0.7,0.8,0.04,0.3,-0.47,0.08,-0.45,-1.17,-2.1,-2.41,7.308,11.291,10.134,9.722,11.09,9.03,9.52,10.59,-0.003,0.002,-0.008,0.0,0.0,-121.7552309,36.5875146,217.3
-7.4,0.7,0.8,0.04,0.46,-0.12,0.03,0.06,1.7,-2.1,-2.41,11.409,8.113,9.447,9.741,9.81,10.1,9.42,9.91,-0.003,0.002,-0.008,0.0,0.0,-121.7552309,36.5875146,217.35
-7.4,0.7,1.2,0.05,0.55,-0.08,-0.39,1.46,-0.91,-2.09,-2.42,11.38,7.603,9.555,9.977,10.01,9.81,10.2,8.53,-0.003,0.002,-0.008,0.0,0.0,-121.7552309,36.5875146,217.4
-7.4,0.7,1.2,0.04,0.27,-0.36,0.22,0.73,-0.46,-2.11,-2.43,8.132,10.654,10.183,9.339,10.99,8.73,10.2,10.69,-0.003,0.002,-0.008,0.0,0.0,-121.7552308,36.5875146,217.45
-7.4,0.7,0.8,0.04,0.27,-0.3,0.08,-0.16,0.97,-2.09,-2.4,11.429,8.132,9.418,9.898,9.61,10.01,9.03,10.3,-0.003,0.002,-0.008,0.0,-0.0,-121.7552308,36.5875146,217.5
-7.4,0.7,1.2,0.04,0.75,0.33,-0.1,1.33,-0.85,-2.11,-2.44,10.585,8.829,9.535,9.575,10.3,9.22,10.01,9.12,-0.003,0.002,-0.008,0.0,0.0,-121.7552308,36.5875145,217.55
-7.4,0.7,0.8,0.03,0.16,-0.74,-0.5,0.73,0.2,-2.09,-2.42,7.426,11.291,9.584,9.555,10.3,9.32,9.32,10.5,-0.003,0.002,-0.008,0.0,0.0,-121.7552308,36.5875145,217.6
-7.4,0.7,0.8,0.03,-0.22,-0.16,0.06,-3.01,0.58,-2.13,-2.42,9.241,9.486,9.81,9.692,10.1,8.83,9.81,10.4,-0.003,0.002,-0.008,0.0,-0.01,-121.7552308,36.5875145,217.65
-7.5,0.7,1.2,0.03,0.44,-0.3,0.27,0.48,-0.16,-2.11,-2.43,8.182,10.369,10.055,9.879,10.69,9.03,9.81,10.01,-0.003,0.002,-0.008,0.0,0.01,-121.7552308,36.5875145,217.7
-7.4,0.7,0.8,0.04,0.4,-0.53,0.04,-0.33,-0.7,-2.1,-2.43,10.193,9.329,9.378,9.849,10.69,9.61,8.44,12.07,-0.003,0.002,-0.008,0.0,0.0,-121.7552308,36.5875144,217.75
-7.4,0.7,0.8,0.03,0.57,-0.65,-0.1,-0.11,1.65,-2.11,-2.43,11.066,8.427,9.535,9.849,9.61,10.3,10.79,8.83,-0.003,0.002,-0.008,0.0,0.0,-121.7552308,36.5875144,217.8
-7.4,0.7,1.2,0.03,0.12,-0.5,0.18,-0.08,-1.99,-2.1,-2.44,8.27,9.928,10.016,9.692,10.5,9.32,9.32,9.91,-0.003,0.002,-0.008,0.0,-0.0,-121.7552307,36.5875144,217.85
-7.4,0.7,1.2,0.03,0.2,-0.03,0.32,-1.44,0.64,-2.13,-2.43,6.847,11.301,10.359,9.27,10.69,9.12,9.32,11.48,-0.003,0.002,-0.008,0.0,0.01,-121.7552307,36.5875144,217.9
-7.4,0.7,0.8,0.03,0.56,-0.45,0.24,-0.21,0.91,-2.1,-2.42,11.026,8.211,9.359,10.114,10.3,10.3,9.91,10.3,-0.003,0.002,-0.008,0.0,0.0,-121.7552307,36.5875144,217.95
-7.4,0.7,1.2,0.03,0.51,-0.34,-0.26,0.82,-0.29,-2.11,-2.44,9.977,9.673,10.291,9.575,9.81,9.52,10.4,8.24,-0.003,0.002,-0.008,0.0,0.01,-121.7552307,36.5875144,218.0
-7.4,0.7,1.2,0.03,0.3,0.04,-0.52,0.08,-1.65,-2.1,-2.43,10.644,8.829,9.584,9.741,11.38,9.22,8.24,11.67,-0.003,0.002,-0.008,0.0,0.01,-121.7552307,36.5875144,218.05
-7.4,0.7,0.8,0.03,0.56,-0.28,-0.06,0.71,2.0,-2.09,-2.43,12.547,7.25,9.31,10.399,10.99,9.22,9.42,9.71,-0.003,0.002,-0.008,0.0,-0.0,-121.7552307,36.5875144,218.1
-7.5,0.7,0.8,0.02,0.2,-0.41,-0.47,2.48,-1.61,-2.1,-2.44,9.81,9.3,9.751,9.928,10.2,9.22,10.01,9.71,-0.003,0.002,-0.008,0.0,-0.0,-121.7552307,36.5875144,218.15
-7.4,0.7,0.8,0.03,0.53,0.01,-0.25,-0.09,-1.31,-2.09,-2.44,7.74,11.017,9.869,10.094,10.59,9.81,7.95,12.07,-0.003,0.002,-0.008,0.0,0.01,-121.7552307,36.5875144,218.2
-7.4,0.7,0.8,0.03,0.38,-0.04,-0.02,0.41,2.11,-2.11,-2.42,11.919,7.416,9.741,9.771,9.91,10.59,10.1,9.32,-0.003,0.002,-0.008,0.0,-0.0,-121.7552307,36.5875144,218.25
-7.5,0.7,0.8,0.02,0.4,-0.72,-0.02,2.28,-1.84,-2.09,-2.44,8.034,10.448,9.545,9.996,10.5,9.52,9.32,8.93,-0.003,0.002,-0.008,0.0,-0.0,-121.7552306,36.5875143,218.3
-7.4,0.7,0.8,0.02,-0.15,-0.17,-0.09,-2.85,0.65,-2.13,-2.43,6.494,11.635,10.369,9.359,10.2,9.81,9.32,11.38,-0.003,0.002,-0.008,0.0,-0.0,-121.7552306,36.5875143,218.35
-7.4,0.7,0.8,0.03,0.58,-0.19,0.11,0.93,1.4,-2.1,-2.42,10.84,8.309,9.437,9.771,9.03,11.09,10.1,8.63,-0.003,0.002,-0.008,0.0,0.01,-121.7552306,36.5875143,218.4
-7.4,0.7,0.8,0.03,0.73,-0.72,-0.32,-0.77,-0.56,-2.12,-2.45,7.456,11.399,10.31,9.104,9.81,9.61,11.09,8.83,-0.003,0.002,-0.008,0.0,-0.01,-121.7552306,36.5875143,218.45
-7.4,0.7,0.8,0.02,0.1,-0.52,0.2,-1.3,1.04,-2.12,-2.42,10.614,8.711,9.859,9.31,9.81,10.59,10.1,10.3,-0.003,0.002,-0.008,0.0,-0.0,-121.7552306,36.5875143,218.5
-7.4,0.7,0.8,0.02,0.7,-0.35,-0.34,0.61,0.45,-2.09,-2.44,11.154,8.299,9.957,10.045,10.2,9.52,10.5,8.44,-0.003,0.002,-0.008,0.0,-0.0,-121.7552306,36.5875143,218.55
-7.4,0.7,0.8,0.02,-0.03,-0.02,0.07,0.31,-0.12,-2.1,-2.43,10.605,8.152,9.977,9.624,10.5,8.93,9.91,9.12,-0.003,0.002,-0.008,0.0,0.0,-121.7552306,36.5875143,218.6
-7.5,0.7,0.8,0.02,0.09,-0.01,0.36,0.77,-0.03,-2.1,-2.44,8.064,10.467,9.663,9.555,10.2,9.12,10.2,10.59,-0.003,0.002,-0.008,0.0,0.0,-121.7552306,36.5875142,218.65
-7.4,0.7,0.8,0.03,0.12,-0.19,-0.02,-1.51,-0.32,-2.12,-2.44,9.074,9.928,9.614,9.555,11.28,8.83,9.03,11.48,-0.003,0.002,-0.008,0.0,-0.0,-121.7552306,36.5875142,218.7
-7.4,0.7,0.8,0.02,0.45,-0.81,-0.08,-0.24,1.59,-2.1,-2.44,10.075,9.349,9.555,9.879,9.81,10.01,10.3,9.71,-0.003,0.002,-0.008,0.0,-0.0,-121.7552306,36.5875142,218.75
-7.5,0.7,0.8,0.02,0.4,-0.41,-0.18,-1.09,-2.97,-2.12,-2.46,7.112,11.448,10.085,9.879,10.99,9.12,8.63,11.48,-0.003,0.002,-0.008,0.0,-0.0,-121.7552306,36.5875142,218.8
-7.4,0.7,0.8,0.02,0.57,-0.36,0.25,-0.69,2.44,-2.12,-2.43,11.811,7.21,9.653,10.094,9.61,10.3,9.12,10.4,-0.003,0.002,-0.008,0.0,-0.0,-121.7552306,36.5875142,218.85
-7.5,0.7,0.8,0.02,0.74,-1.03,-0.2,0.92,-2.07,-2.08,-2.46,8.005,10.526,9.516,10.595,10.99,8.83,9.32,10.4,-0.003,0.002,-0.008,0.0,-0.0,-121.7552306,36.5875141,218.9
-7.5,0.7,0.8,0.01,-0.13,-0.74,-0.11,-2.51,0.83,-2.13,-2.43,8.741,9.643,9.751,9.575,10.69,9.52,9.12,10.69,-0.003,0.002,-0.008,0.0,-0.01,-121.7552305,36.5875141,218.95
-7.4,0.7,0.8,0.01,0.74,0.06,0.06,0.5,-1.95,-2.1,-2.45,10.291,9.437,9.398,10.144,10.79,10.1,8.73,11.28,-0.003,0.002,-0.008,0.0,0.0,-121.7552305,36.5875141,219.0
-7.4,0.7,0.8,0.02,1.06,-0.65,0.01,0.59,1.32,-2.09,-2.44,11.703,8.446,9.418,10.565,10.69,9.81,9.91,9.32,-0.003,0.002,-0.008,0.0,-0.01,-121.7552305,36.5875141,219.05
-7.5,0.7,0.8,0.01,0.52,-0.32,0.09,2.39,-0.79,-2.11,-2.44,11.478,7.946,9.064,9.81,9.42,10.3,10.2,9.32,-0.003,0.002,-0.008,0.0,0.0,-121.7552305,36.5875141,219.1
-7.4,0.7,0.8,0.01,0.63,-0.05,-0.11,-0.24,-1.3,-2.11,-2.46,7.505,11.164,9.692,10.094,11.18,9.32,9.03,10.59,-0.003,0.002,-0.008,0.0,0.0,-121.7552305,36.5875141,219.15
-7.4,0.7,0.8,0.01,-0.11,-0.68,0.15,0.1,3.18,-2.11,-2.42,10.036,9.741,9.839,9.27,9.22,10.79,10.79,8.53,-0.003,0.002,-0.008,0.0,-0.0,-121.7552305,36.587514,219.2
-7.5,0.7,0.8,0.01,0.75,0.06,-0.53,0.73,-3.35,-2.1,-2.47,9.378,9.221,9.712,10.065,9.71,10.69,9.52,9.91,-0.003,0.002,-0.008,0.0,0.0,-121.7552305,36.587514,219.25
-7.4,0.7,0.8,0.01,0.19,-0.8,0.62,-0.7,1.96,-2.13,-2.45,9.575,9.682,10.222,9.476,9.71,10.4,10.2,9.32,-0.003,0.002,-0.008,0.0,0.01,-121.7552305,36.587514,219.3
-7.4,0.7,0.8,0.01,0.16,-0.5,0.33,-0.4,-0.56,-2.14,-2.45,9.212,9.781,10.291,9.31,10.1,10.2,10.79,8.73,-0.003,0.002,-0.008,0.0,-0.0,-121.7552305,36.587514,219.35
-7.4,0.7,0.8,0.01,0.33,-0.38,0.33,0.5,0.78,-2.1,-2.45,9.035,10.32,10.085,9.526,9.42,10.79,10.01,9.42,-0.003,0.002,-0.008,0.0,0.0,-121.7552305,36.5875139,219.4
-7.4,0.7,0.8,0.01,0.45,-0.3,0.12,-0.37,0.09,-2.11,-2.45,9.084,9.928,10.134,9.339,9.52,10.4,10.69,9.03,-0.003,0.002,-0.008,0.0,-0.02,-121.7552305,36.5875139,219.45
-7.4,0.7,0.8,0.0,0.41,-0.24,-0.5,-0.1,0.75,-2.11,-2.45,8.711,9.732,10.065,9.437,9.71,10.4,10.5,9.81,-0.003,0.002,-0.008,0.0,0.01,-121.7552305,36.5875139,219.5
-7.5,0.7,0.8,0.01,0.35,-0.27,0.07,-0.76,0.15,-2.12,-2.45,9.378,9.859,9.918,9.692,10.01,10.2,10.01,9.91,-0.003,0.002,-0.008,0.0,-0.01,-121.7552305,36.5875139,219.55
-7.4,0.7,0.8,0.01,0.47,-0.32,-0.01,-0.09,0.51,-2.11,-2.45,9.467,9.957,10.124,9.624,10.3,9.91,10.1,9.61,-0.003,0.002,-0.008,0.0,0.0,-121.7552304,36.5875139,219.6
-7.5,0.7,0.8,-0.0,0.33,-0.41,0.23,-0.27,-0.33,-2.11,-2.46,9.398,9.682,9.879,9.604,10.3,9.71,10.2,10.2,-0.003,0.002,-0.008,0.0,0.0,-121.7552304,36.5875139,219.65
-7.5,0.7,0.8,-0.0,0.37,-0.26,0.38,-0.08,0.03,-2.13,-2.46,9.437,9.378,9.918,9.673,10.3,9.61,9.91,9.81,-0.003,0.002,-0.008,0.0,0.01,-121.7552304,36.5875139,219.7
-7.5,0.7,0.8,-0.01,0.38,-0.38,-0.07,0.19,0.23,-2.1,-2.46,9.388,9.692,9.565,9.643,10.2,9.61,9.61,10.1,-0.003,0.002,-0.008,0.0,0.02,-121.7552304,36.5875138,219.75
-7.5,0.7,0.8,0.0,0.34,-0.18,-0.38,-0.31,0.08,-2.12,-2.46,9.457,9.516,9.869,9.79,10.2,9.61,9.81,10.01,-0.003,0.002,-0.008,0.0,0.01,-121.7552304,36.5875138,219.8
-7.5,0.7,0.8,-0.0,0.46,-0.49,0.09,0.13,0.09,-2.11,-2.47,9.83,9.329,9.79,9.898,10.5,9.61,9.52,9.81,-0.003,0.002,-0.008,0.0,0.0,-121.7552304,36.5875138,219.85
-7.5,0.7,0.8,-0.0,0.41,-0.46,-0.33,-0.16,-0.2,-2.12,-2.47,9.859,9.594,9.741,9.555,10.3,9.71,9.81,9.91,-0.003,0.002,-0.008,0.0,-0.0,-121.7552304,36.5875138,219.9
-7.4,0.7,0.8,-0.01,0.38,-0.28,0.13,0.02,0.09,-2.12,-2.48,9.27,9.555,9.859,9.81,10.1,9.42,9.71,10.1,-0.003,0.002,-0.008,0.0,0.0,-121.7552304,36.5875138,219.95
-7.5,0.7,0.4,-0.01,0.37,-0.25,0.09,0.4,-0.1,-2.1,-2.46,9.408,9.575,9.761,9.722,10.01,9.61,9.61,10.01,-0.003,0.002,-0.008,0.0,0.0,-121.7552304,36.5875138,220.0
-7.5,0.7,0.4,0.0,0.35,-0.26,-0.2,-0.17,0.09,-2.11,-2.46,9.339,9.751,9.663,9.643,10.3,9.52,9.71,10.1,-0.003,0.002,-0.008,0.0,0.01,-121.7552304,36.5875137,220.05
-7.5,0.7,0.4,-0.0,0.38,-0.58,0.11,-0.3,-0.22,-2.11,-2.46,10.32,9.006,9.624,9.624,10.3,9.91,9.81,9.61,-0.003,0.002,-0.008,0.0,-0.0,-121.7552304,36.5875137,220.1
-7.4,0.7,0.4,-0.01,0.47,-0.51,0.26,0.45,-0.29,-2.11,-2.46,9.839,9.182,9.81,9.81,10.1,9.81,9.71,9.81,-0.003,0.002,-0.008,0.0,-0.01,-121.7552304,36.5875137,220.15
-7.4,0.7,0.0,-0.01,0.27,-0.24,0.32,0.27,-0.29,-2.11,-2.47,9.339,9.143,9.849,9.898,10.5,9.71,9.42,10.2,-0.003,0.002,-0.008,0.0,-0.01,-121.7552304,36.5875137,220.2
-7.5,0.7,0.0,-0.01,0.26,-0.28,-0.08,0.51,0.18,-2.1,-2.46,9.418,9.29,9.781,10.183,10.4,9.52,9.52,10.3,-0.003,0.002,-0.008,0.0,0.0,-121.7552304,36.5875137,220.25
-7.5,0.7,0.0,-0.01,0.33,-0.43,-0.1,-0.03,-0.31,-2.12,-2.46,9.584,9.408,9.761,9.849,10.01,9.71,9.81,9.81,-0.003,0.002,-0.008,0.0,0.0,-121.7552304,36.5875137,220.3
-7.5,0.7,0.0,-0.02,0.27,-0.42,0.29,0.41,0.22,-2.13,-2.45,9.32,10.124,9.751,9.879,10.01,9.81,9.91,10.1,-0.003,0.002,-0.008,0.0,0.01,-121.7552304,36.5875136,220.35
-7.5,0.7,0.0,-0.03,0.31,-0.47,0.06,0.05,-0.27,-2.14,-2.43,9.888,9.192,9.849,9.898,10.1,10.01,9.61,10.01,-0.003,0.002,-0.008,0.0,0.0,-121.7552303,36.5875136,220.4
-7.5,0.7,0.0,-0.03,0.24,-0.48,-0.01,-0.28,-0.24,-2.11,-2.46,10.202,8.937,9.771,9.879,10.1,9.61,10.2,9.61,-0.003,0.002,-0.008,0.0,0.01,-121.7552303,36.5875136,220.45
-7.5,0.7,0.0,-0.05,0.25,-0.35,-0.15,0.24,-0.03,-2.11,-2.44,9.653,9.427,9.732,9.624,10.1,9.81,9.61,10.2,-0.003,0.002,-0.008,0.0,0.01,-121.7552303,36.5875136,220.5
-7.5,0.7,0.0,-0.04,0.42,-0.3,0.33,-0.11,-0.22,-2.11,-2.47,9.545,9.555,9.771,9.555,10.1,9.81,10.01,9.91,-0.003,0.002,-0.008,0.0,0.01,-121.7552303,36.5875135,220.55
-7.6,0.7,0.0,-0.05,0.48,-0.36,-0.02,0.23,-0.19,-2.13,-2.47,9.045,10.369,9.918,9.692,10.01,9.52,9.61,10.01,-0.003,0.002,-0.008,0.0,0.02,-121.7552303,36.5875135,220.6
-7.5,0.7,0.0,-0.03,0.53,-0.51,-0.06,0.01,-0.27,-2.15,-2.46,9.006,10.124,9.947,9.741,10.01,9.81,9.32,9.91,-0.003,0.002,-0.008,0.0,-0.0,-121.7552303,36.5875135,220.65
-7.5,0.7,0.0,-0.02,0.4,-0.37,0.14,0.14,-0.08,-2.17,-2.45,9.888,8.996,9.938,9.79,10.5,9.81,10.2,10.5,-0.003,0.002,-0.008,0.0,-0.01,-121.7552303,36.5875135,220.7
-7.5,0.7,0.0,-0.02,0.49,-0.3,-0.33,0.02,-0.19,-2.12,-2.47,9.427,9.594,9.741,9.506,10.1,9.81,10.4,9.81,-0.003,0.002,-0.008,0.0,-0.0,-121.7552303,36.5875134,220.75
-7.6,0.7,0.0,-0.01,0.56,-0.42,0.42,0.15,-0.13,-2.12,-2.48,9.81,9.064,9.81,9.771,9.81,9.61,10.2,9.52,-0.003,0.002,-0.008,0.0,0.01,-121.7552303,36.5875134,220.8
-7.6,0.7,0.0,0.0,0.49,-0.39,0.07,0.02,0.01,-2.11,-2.48,9.751,9.28,9.879,9.898,10.01,9.71,9.81,10.01,-0.003,0.002,-0.008,0.0,0.01,-121.7552303,36.5875134,220.85
-7.6,0.7,0.0,-0.01,0.34,-0.28,-0.11,-0.12,0.09,-2.12,-2.47,9.182,9.987,9.849,9.771,10.3,10.01,9.61,9.71,-0.003,0.002,-0.008,0.0,0.01,-121.7552303,36.5875134,220.9
-7.7,0.7,0.0,-0.01,0.39,-0.23,0.13,0.44,0.38,-2.14,-2.47,9.241,9.888,9.545,9.506,10.01,9.81,9.61,9.91,-0.003,0.002,-0.008,0.0,0.01,-121.7552303,36.5875134,220.95
-7.6,0.7,0.0,-0.02,0.54,-0.34,0.24,-0.46,-0.05,-2.13,-2.48,9.31,9.584,9.869,9.947,10.1,9.91,9.91,9.91,-0.003,0.002,-0.008,0.0,0.02,-121.7552303,36.5875134,221.0
-7.6,0.7,0.0,-0.02,0.53,-0.43,0.28,0.24,-0.22,-2.12,-2.48,9.839,9.192,9.702,9.722,9.91,9.71,9.52,10.01,-0.003,0.002,-0.008,0.0,0.02,-121.7552303,36.5875133,221.05
-7.7,0.7,0.0,-0.03,0.4,-0.31,0.04,-0.17,-0.1,-2.13,-2.47,9.437,9.771,9.702,9.81,10.3,10.01,10.01,9.81,-0.003,0.002,-0.008,0.0,0.03,-121.7552303,36.5875133,221.1
-7.6,0.7,0.0,-0.03,0.33,-0.28,0.17,0.73,0.33,-2.13,-2.47,9.663,9.663,9.751,9.526,10.2,9.81,9.71,9.91,-0.003,0.002,-0.008,0.0,0.03,-121.7552303,36.5875133,221.15
-7.6,0.7,0.0,-0.04,0.4,-0.13,-0.1,0.2,0.12,-2.13,-2.47,9.486,9.29,9.859,9.79,10.2,9.71,9.71,10.01,-0.003,0.002,-0.008,0.0,0.04,-121.7552303,36.5875133,221.2
-7.6,0.7,0.0,-0.04,0.39,-0.24,-0.01,0.13,-0.18,-2.12,-2.47,9.418,9.584,9.682,9.643,10.4,9.81,9.71,10.01,-0.003,0.002,-0.008,0.0,0.04,-121.7552303,36.5875133,221.25
-7.7,0.7,0.0,-0.05,0.4,-0.38,0.04,-0.12,-0.2,-2.13,-2.47,9.447,9.751,9.781,9.692,10.01,9.71,9.81,10.3,-0.003,0.002,-0.008,0.0,0.05,-121.7552303,36.5875133,221.3
-7.6,0.7,0.0,-0.05,0.4,-0.43,-0.37,-0.15,-0.1,-2.13,-2.46,9.467,9.29,9.996,9.771,10.5,9.52,9.91,10.1,-0.003,0.002,-0.008,0.0,0.05,-121.7552303,36.5875133,221.35
-7.6,0.7,0.0,-0.02,0.33,-0.38,0.06,0.16,-0.19,-2.14,-2.47,9.496,9.496,10.026,9.526,10.4,9.71,9.81,10.01,-0.003,0.002,-0.008,0.0,0.01,-121.7552303,36.5875133,221.4
-7.7,0.7,0.0,-0.02,0.39,-0.42,-0.29,0.07,0.03,-2.11,-2.47,9.594,9.604,9.781,9.722,10.01,10.01,9.61,9.81,-0.003,0.002,-0.008,0.0,0.01,-121.7552303,36.5875133,221.45
-7.6,0.7,0.0,-0.02,0.38,-0.22,-0.09,-0.34,0.05,-2.09,-2.48,9.437,9.918,9.81,9.771,9.91,9.91,10.1,9.71,-0.003,0.002,-0.008,0.0,0.01,-121.7552303,36.5875132,221.5
-7.6,0.7,0.0,-0.03,0.43,-0.16,-0.26,-0.02,-0.09,-2.14,-2.47,9.221,9.535,9.8,9.771,10.2,9.71,10.01,10.3,-0.003,0.002,-0.008,0.0,0.01,-121.7552303,36.5875132,221.55
-7.6,0.7,0.0,-0.03,0.5,-0.4,-0.27,-0.06,0.24,-2.13,-2.47,9.614,9.437,9.859,9.722,10.2,9.81,9.91,9.81,-0.003,0.002,-0.008,0.0,0.01,-121.7552303,36.5875132,221.6
-7.6,0.7,0.0,-0.04,0.5,-0.3,-0.35,0.02,-0.08,-2.13,-2.47,9.751,9.732,9.81,9.741,10.01,9.61,9.52,10.01,-0.003,0.002,-0.008,0.0,0.01,-121.7552303,36.5875132,221.65
-7.7,0.7,0.0,-0.04,0.47,-0.42,0.3,-0.25,0.28,-2.14,-2.47,9.329,9.888,9.771,9.624,10.01,9.52,9.42,9.91,-0.003,0.002,-0.008,0.0,0.02,-121.7552303,36.5875132,221.7
-7.6,0.7,0.0,-0.05,0.34,-0.29,-0.36,-0.09,0.19,-2.13,-2.47,9.32,9.3,9.722,9.771,10.3,9.71,9.61,9.91,-0.003,0.002,-0.008,0.0,0.02,-121.7552303,36.5875132,221.75
-7.6,0.7,0.0,-0.05,0.46,-0.31,-0.27,0.13,-0.09,-2.13,-2.47,9.79,9.388,9.82,9.81,10.2,9.71,9.91,10.01,-0.003,0.002,-0.008,0.0,0.02,-121.7552303,36.5875132,221.8
-7.7,0.7,0.0,-0.02,0.41,-0.38,-0.12,-0.12,0.19,-2.13,-2.47,9.82,9.457,9.614,9.624,9.91,9.81,10.01,9.71,-0.003,0.002,-0.008,0.0,0.01,-121.7552304,36.5875132,221.85
-7.6,0.7,0.0,-0.02,0.42,-0.35,0.21,-0.25,0.01,-2.14,-2.47,9.584,9.369,9.81,9.79,10.3,9.81,9.91,9.91,-0.003,0.002,-0.008,0.0,0.01,-121.7552304,36.5875132,221.9
-7.6,0.7,0.0,-0.02,0.44,-0.34,0.05,0.1,-0.0,-2.12,-2.47,9.369,9.643,9.781,9.741,10.01,9.61,9.81,9.81,-0.003,0.002,-0.008,0.0,0.02,-121.7552304,36.5875132,221.95
-7.6,0.7,0.0,-0.02,0.36,-0.3,-0.1,-0.46,0.12,-2.14,-2.47,9.388,9.653,9.781,9.673,10.2,9.81,9.81,9.71,-0.003,0.002,-0.008,0.0,0.02,-121.7552304,36.5875132,222.0
-7.7,0.7,0.0,-0.02,0.48,-0.21,-0.07,-0.07,-0.1,-2.14,-2.47,9.535,9.712,9.879,9.722,10.3,9.81,10.01,10.01,-0.003,0.002,-0.008,0.0,0.03,-121.7552304,36.5875132,222.05
-7.6,0.7,0.0,-0.03,0.34,-0.45,0.16,0.19,0.0,-2.12,-2.47,9.388,9.81,9.908,9.692,10.1,9.81,9.61,10.2,-0.003,0.002,-0.008,0.0,0.04,-121.7552304,36.5875132,222.1
-7.6,0.7,0.0,-0.03,0.44,-0.17,0.1,-0.04,-0.0,-2.14,-2.47,9.506,9.682,9.761,9.526,10.1,9.71,9.91,10.01,-0.003,0.002,-0.008,0.0,0.04,-121.7552304,36.5875132,222.15
-7.6,0.7,0.0,-0.04,0.48,-0.3,-0.25,-0.4,-0.17,-2.14,-2.47,9.418,9.624,9.643,9.673,10.3,9.81,9.52,9.91,-0.003,0.002,-0.008,0.0,0.05,-121.7552304,36.5875132,222.2
-7.6,0.7,0.0,-0.04,0.37,-0.44,-0.34,0.22,0.25,-2.12,-2.47,9.545,9.388,9.702,9.692,10.2,9.91,9.71,10.01,-0.003,0.002,-0.008,0.0,0.05,-121.7552304,36.5875132,222.25
-7.7,0.7,0.0,-0.04,0.41,-0.41,0.33,0.12,0.05,-2.12,-2.47,9.467,9.771,9.771,10.016,10.1,9.81,9.81,9.71,-0.003,0.002,-0.008,0.0,0.06,-121.7552304,36.5875132,222.3
-7.6,0.7,0.0,-0.05,0.46,-0.31,0.09,0.24,0.03,-2.15,-2.47,9.329,10.036,9.849,9.771,10.01,9.91,10.2,9.71,-0.003,0.002,-0.008,0.0,0.07,-121.7552305,36.5875132,222.35
-7.6,0.7,0.0,-0.05,0.4,-0.31,0.1,0.29,0.16,-2.12,-2.46,9.359,9.8,9.741,9.928,10.2,9.61,9.81,9.81,-0.003,0.002,-0.008,0.0,0.07,-121.7552305,36.5875132,222.4
-7.6,0.7,0.0,-0.06,0.41,-0.28,0.08,-0.16,0.01,-2.15,-2.46,9.516,9.584,9.81,9.81,10.1,9.81,10.2,10.1,-0.003,0.002,-0.008,0.0,0.08,-121.7552305,36.5875132,222.45
-7.6,0.7,0.0,-0.06,0.45,-0.42,0.14,0.22,0.27,-2.17,-2.46,9.526,9.633,9.898,9.575,10.1,9.52,9.61,10.01,-0.003,0.002,-0.008,0.0,0.08,-121.7552305,36.5875132,222.5
-7.6,0.7,0.0,-0.06,0.32,-0.45,0.16,-0.28,-0.22,-2.19,-2.46,9.751,9.163,9.682,9.79,10.2,9.71,9.91,9.52,-0.003,0.002,-0.008,0.0,0.09,-121.7552305,36.5875132,222.55
-7.6,0.7,0.0,-0.07,0.43,-0.41,0.0,-0.19,0.12,-2.22,-2.45,9.594,9.506,9.673,9.996,10.59,9.71,10.1,9.71,-0.003,0.002,-0.008,0.0,0.1,-121.7552305,36.5875132,222.6
-7.6,0.7,0.0,-0.0,0.46,-0.46,0.03,0.14,-0.13,-2.15,-2.46,9.928,9.055,9.751,9.624,10.1,10.2,9.81,9.91,-0.003,0.002,-0.008,0.0,0.01,-121.7552305,36.5875132,222.65
-7.6,0.7,0.0,-0.01,0.31,-0.26,-0.03,0.24,-0.23,-2.18,-2.46,9.673,9.437,9.8,9.692,10.2,10.01,9.42,9.81,-0.003,0.002,-0.008,0.0,0.02,-121.7552305,36.5875132,222.7
-7.6,0.7,0.0,-0.0,0.48,-0.3,-0.36,-0.06,-0.09,-2.21,-2.47,9.663,9.437,9.839,9.643,10.2,9.52,9.61,9.91,-0.003,0.002,-0.008,0.0,0.01,-121.7552305,36.5875132,222.75
-7.6,0.7,0.0,-0.0,0.38,-0.37,0.16,0.12,-0.08,-2.24,-2.47,9.427,9.663,9.682,9.722,10.3,9.91,9.81,9.71,-0.003,0.002,-0.008,0.0,0.01,-121.7552306,36.5875132,222.8
-7.6,0.7,0.0,-0.01,0.51,-0.29,-0.04,0.09,0.11,-2.13,-2.46,9.398,9.771,9.888,9.643,10.1,9.81,9.61,10.01,-0.003,0.002,-0.008,0.0,0.01,-121.7552306,36.5875132,222.85
-7.6,0.7,0.0,0.0,0.36,-0.35,-0.21,0.11,-0.12,-2.13,-2.46,9.369,9.682,9.83,9.879,10.1,9.81,10.1,10.1,-0.003,0.002,-0.008,0.0,0.01,-121.7552306,36.5875132,222.9
-7.6,0.7,0.0,-0.0,0.39,-0.43,0.29,-0.15,-0.1,-2.13,-2.47,9.575,9.506,9.79,9.79,10.1,9.71,9.61,9.52,-0.003,0.002,-0.008,0.0,0.01,-121.7552306,36.5875132,222.95
-7.6,0.7,0.0,-0.01,0.51,-0.49,-0.24,-0.32,-0.28,-2.14,-2.46,9.457,9.879,9.849,9.673,10.01,9.81,9.91,10.1,-0.003,0.002,-0.008,0.0,0.02,-121.7552306,36.5875132,223.0
-7.7,0.7,0.0,-0.01,0.39,-0.37,0.18,-0.15,-0.13,-2.13,-2.46,9.427,9.506,9.81,9.722,10.5,9.81,9.71,9.52,-0.003,0.002,-0.008,0.0,0.01,-121.7552306,36.5875132,223.05
-7.6,0.7,0.0,-0.01,0.37,-0.37,-0.06,-0.07,-0.05,-2.13,-2.46,9.614,9.476,9.79,9.692,10.2,10.01,9.91,10.2,-0.003,0.002,-0.008,0.0,0.02,-121.7552306,36.5875132,223.1
-7.6,0.7,0.0,-0.0,0.6,-0.41,-0.3,0.06,-0.24,-2.12,-2.46,9.437,9.79,9.692,9.673,10.01,9.71,9.61,10.01,-0.003,0.002,-0.008,0.0,0.01,-121.7552306,36.5875132,223.15
-7.6,0.7,0.0,-0.0,0.42,-0.38,-0.04,0.08,0.29,-2.13,-2.45,9.516,9.663,9.624,9.741,10.4,9.81,9.32,9.42,-0.003,0.002,-0.008,0.0,0.01,-121.7552306,36.5875132,223.2
-7.6,0.7,0.0,-0.0,0.41,-0.24,-0.06,0.12,-0.3,-2.13,-2.46,9.27,9.839,9.859,9.849,10.1,10.1,9.71,10.01,-0.003,0.002,-0.008,0.0,0.01,-121.7552306,36.5875132,223.25
-7.6,0.7,0.0,-0.0,0.41,-0.31,0.19,0.44,0.4,-2.12,-2.45,9.398,9.81,9.928,9.898,10.1,9.81,9.61,10.1,-0.003,0.002,-0.008,0.0,0.01,-121.7552306,36.5875132,223.3
-7.6,0.7,0.0,0.0,0.51,-0.25,-0.07,0.24,0.05,-2.14,-2.46,9.496,9.555,9.712,9.771,10.1,9.52,10.2,9.81,-0.003,0.002,-0.008,0.0,0.02,-121.7552307,36.5875132,223.35
-7.6,0.7,0.0,0.0,0.4,-0.35,-0.15,0.13,0.04,-2.12,-2.46,9.81,9.192,9.741,9.624,10.2,9.81,9.61,9.71,-0.003,0.002,-0.008,0.0,0.02,-121.7552307,36.5875132,223.4
-7.6,0.7,0.0,-0.0,0.41,-0.35,0.29,-0.13,-0.0,-2.14,-2.45,9.702,9.496,9.869,9.624,10.3,9.71,9.81,9.52,-0.003,0.002,-0.008,0.0,0.02,-121.7552307,36.5875132,223.45
-7.6,0.7,0.0,0.0,0.51,-0.35,0.05,0.2,-0.08,-2.12,-2.46,9.32,9.79,9.722,9.741,9.81,9.42,9.81,10.1,-0.003,0.002,-0.008,0.0,0.02,-121.7552307,36.5875132,223.5
-7.6,0.7,0.0,0.0,0.36,-0.38,-0.37,-0.36,0.16,-2.14,-2.45,9.359,9.535,9.888,9.526,9.81,9.81,9.71,10.1,-0.003,0.002,-0.008,0.0,0.02,-121.7552307,36.5875132,223.55
-7.6,0.7,0.0,-0.0,0.46,-0.41,0.21,-0.11,0.27,-2.12,-2.45,9.604,9.388,9.682,9.624,10.4,9.91,9.71,9.42,-0.003,0.002,-0.008,0.0,0.02,-121.7552307,36.5875132,223.6
-7.7,0.7,0.0,-0.0,0.39,-0.33,0.19,-0.31,-0.0,-2.13,-2.44,9.673,9.486,9.732,9.555,10.4,9.91,9.22,9.91,-0.003,0.002,-0.008,0.0,0.02,-121.7552307,36.5875132,223.65
-7.6,0.7,0.0,-0.0,0.52,-0.35,-0.35,0.13,0.1,-2.12,-2.45,9.418,9.741,9.751,9.898,9.81,9.81,9.81,10.01,-0.003,0.002,-0.008,0.0,0.02,-121.7552307,36.5875133,223.7
-7.6,0.7,0.0,0.0,0.3,-0.26,0.05,0.13,-0.06,-2.12,-2.45,9.486,9.545,9.81,9.79,10.01,9.71,9.81,9.81,-0.003,0.002,-0.008,0.0,0.02,-121.7552306,36.5875133,223.75
-7.6,0.7,0.0,-0.0,0.41,-0.38,0.2,0.36,0.11,-2.12,-2.45,9.555,9.594,9.781,9.643,10.1,9.81,9.61,9.91,-0.003,0.002,-0.008,0.0,0.01,-121.7552306,36.5875133,223.8
-7.6,0.7,0.0,-0.01,0.3,-0.33,0.16,-0.05,0.08,-2.12,-2.45,9.447,9.516,9.722,9.624,10.2,10.01,9.81,10.01,-0.003,0.002,-0.008,0.0,0.01,-121.7552306,36.5875133,223.85
-7.6,0.7,0.0,-0.01,0.37,-0.35,-0.02,-0.22,-0.09,-2.12,-2.45,9.437,9.437,9.908,9.79,10.01,9.61,9.91,9.61,-0.003,0.002,-0.008,0.0,0.01,-121.7552306,36.5875133,223.9
-7.6,0.7,0.0,-0.01,0.41,-0.36,0.19,0.18,0.21,-2.11,-2.45,9.27,9.839,9.702,9.81,10.2,9.81,10.01,9.91,-0.003,0.002,-0.008,0.0,0.01,-121.7552306,36.5875133,223.95
-7.6,0.7,0.0,0.0,0.46,-0.42,-0.22,0.19,-0.03,-2.13,-2.45,9.643,9.437,9.839,9.898,10.2,9.91,9.81,10.01,-0.003,0.002,-0.008,0.0,0.01,-121.7552306,36.5875133,224.0
-7.6,0.7,0.0,0.01,0.5,-0.35,-0.04,0.22,0.12,-2.13,-2.45,9.761,9.476,9.663,9.643,10.3,9.61,9.81,9.91,-0.003,0.002,-0.008,0.0,0.01,-121.7552306,36.5875133,224.05
-7.6,0.7,0.0,0.01,0.5,-0.34,0.25,0.14,-0.23,-2.11,-2.46,9.447,9.8,9.781,9.604,10.2,9.81,9.81,10.2,-0.003,0.002,-0.008,0.0,0.0,-121.7552306,36.5875134,224.1
-7.6,0.7,0.0,0.01,0.42,-0.33,0.5,0.15,-0.12,-2.11,-2.45,9.614,9.486,9.839,9.575,10.2,9.71,9.52,9.91,-0.003,0.002,-0.008,0.0,0.0,-121.7552306,36.5875134,224.15
-7.6,0.7,0.0,0.01,0.43,-0.28,-0.19,0.14,-0.16,-2.11,-2.46,9.486,9.594,9.692,9.506,10.1,9.52,9.61,9.81,-0.003,0.002,-0.008,0.0,-0.0,-121.7552305,36.5875134,224.2
-7.6,0.7,0.0,0.01,0.43,-0.38,-0.22,-0.13,0.1,-2.1,-2.46,9.594,9.388,9.859,9.506,10.2,9.81,9.52,10.1,-0.003,0.002,-0.008,0.0,-0.0,-121.7552305,36.5875134,224.25
-7.6,0.7,0.0,0.02,0.51,-0.38,0.25,-0.0,0.11,-2.09,-2.47,9.369,9.633,9.839,9.673,10.1,9.81,9.61,9.91,-0.003,0.002,-0.008,0.0,-0.0,-121.7552305,36.5875134,224.3
-7.6,0.7,0.0,0.02,0.44,-0.31,0.15,0.13,-0.3,-2.12,-2.45,9.27,9.741,9.663,9.898,10.2,9.81,9.91,10.01,-0.003,0.002,-0.008,0.0,-0.0,-121.7552305,36.5875134,224.35
-7.6,0.7,0.0,0.02,0.47,-0.39,-0.05,-0.0,-0.13,-2.13,-2.45,9.192,10.045,9.81,9.977,10.3,9.91,10.01,10.01,-0.003,0.002,-0.008,0.0,-0.01,-121.7552305,36.5875134,224.4
-7.6,0.7,0.0,0.02,0.47,-0.48,0.06,0.06,-0.08,-2.13,-2.45,9.221,9.869,9.82,10.065,10.1,9.81,10.01,10.2,-0.003,0.002,-0.008,0.0,-0.01,-121.7552305,36.5875134,224.45
-7.6,0.7,0.0,0.02,0.47,-0.39,-0.38,-0.18,-0.32,-2.14,-2.45,9.457,9.839,9.918,9.947,10.4,9.71,9.61,9.81,-0.003,0.002,-0.008,0.0,-0.01,-121.7552305,36.5875134,224.5
-7.6,0.7,0.0,0.03,0.42,-0.29,-0.04,0.0,0.12,-2.14,-2.45,9.467,9.663,9.81,9.928,10.1,9.91,9.91,9.61,-0.003,0.002,-0.008,0.0,-0.01,-121.7552305,36.5875134,224.55
-7.6,0.7,0.0,0.03,0.41,-0.31,0.27,0.22,-0.28,-2.15,-2.45,9.369,9.555,9.751,9.673,10.4,9.71,9.61,9.91,-0.003,0.002,-0.008,0.0,-0.01,-121.7552305,36.5875135,224.6
-7.6,0.7,0.0,0.03,0.38,-0.36,-0.02,-0.02,0.11,-2.12,-2.45,9.388,9.761,9.996,9.575,10.1,9.61,10.01,9.81,-0.003,0.002,-0.008,0.0,-0.02,-121.7552305,36.5875135,224.65
-7.6,0.7,0.0,0.03,0.42,-0.43,-0.3,0.13,-0.18,-2.1,-2.45,9.692,9.369,9.692,9.81,10.2,9.91,9.71,10.01,-0.003,0.002,-0.008,0.0,-0.02,-121.7552305,36.5875135,224.7
-7.6,0.7,0.0,0.04,0.47,-0.45,-0.17,-0.12,-0.18,-2.1,-2.45,9.486,9.692,9.771,9.575,10.3,9.91,9.91,10.1,-0.003,0.002,-0.008,0.0,-0.02,-121.7552305,36.5875135,224.75
-7.6,0.7,0.0,0.04,0.41,-0.37,0.23,-0.0,-0.03,-2.1,-2.45,9.427,9.624,9.761,9.722,10.01,10.01,9.81,10.01,-0.003,0.002,-0.008,0.0,-0.02,-121.7552304,36.5875135,224.8
-7.6,0.7,0.0,0.04,0.42,-0.31,-0.06,0.13,0.08,-2.09,-2.47,9.565,9.633,9.898,9.643,10.1,9.61,9.91,9.91,-0.003,0.002,-0.008,0.0,-0.02,-121.7552304,36.5875135,224.85
-7.6,0.7,0.0,0.04,0.47,-0.35,-0.03,-0.14,0.03,-2.11,-2.45,9.486,9.555,9.839,9.457,10.3,9.71,9.42,9.71,-0.003,0.002,-0.008,0.0,-0.03,-121.7552304,36.5875135,224.9
-7.6,0.7,0.0,0.04,0.36,-0.29,0.25,-0.12,-0.25,-2.12,-2.45,9.388,9.437,9.761,9.604,10.3,9.91,9.32,9.91,-0.003,0.002,-0.008,0.0,-0.03,-121.7552304,36.5875135,224.95
-7.6,0.7,0.0,0.04,0.38,-0.38,0.18,0.07,0.04,-2.1,-2.46,9.516,9.476,9.82,9.692,10.2,10.01,9.91,9.91,-0.003,0.002,-0.008,0.0,-0.03,-121.7552304,36.5875135,225.0
-7.6,0.7,0.0,0.05,0.43,-0.37,-0.07,0.11,-0.01,-2.11,-2.45,9.594,9.604,9.83,9.643,10.1,10.1,9.71,9.81,-0.003,0.002,-0.008,0.0,-0.03,-121.7552304,36.5875135,225.05
-7.6,0.7,0.0,0.0,0.44,-0.32,0.04,0.03,-0.03,-2.1,-2.45,9.565,9.584,9.81,9.741,10.2,9.71,9.32,9.81,-0.003,0.002,-0.008,0.0,0.01,-121.7552304,36.5875136,225.1
-7.6,0.7,0.0,0.0,0.37,-0.31,0.09,-0.06,0.21,-2.1,-2.45,9.506,9.584,9.81,9.692,10.01,9.71,9.52,9.81,-0.003,0.002,-0.008,0.0,0.01,-121.7552304,36.5875136,225.15
-7.6,0.7,0.0,0.01,0.39,-0.36,0.38,0.27,-0.04,-2.1,-2.45,9.653,9.555,9.839,9.673,10.2,9.81,9.61,9.91,-0.003,0.002,-0.008,0.0,0.0,-121.7552304,36.5875136,225.2
-7.6,0.7,0.0,0.01,0.32,-0.35,-0.21,-0.31,0.32,-2.12,-2.45,9.496,9.555,9.957,9.849,10.01,9.71,9.91,10.01,-0.003,0.002,-0.008,0.0,0.0,-121.7552304,36.5875136,225.25
-7.6,0.7,0.0,0.01,0.4,-0.36,-0.05,-0.22,-0.04,-2.12,-2.45,9.545,9.526,9.879,9.771,10.1,9.91,9.71,9.91,-0.003,0.002,-0.008,0.0,0.0,-121.7552304,36.5875136,225.3
-7.6,0.7,0.0,0.01,0.42,-0.35,-0.3,0.12,-0.15,-2.1,-2.45,9.496,9.594,9.712,9.692,10.3,9.81,9.91,9.81,-0.003,0.002,-0.008,0.0,0.0,-121.7552304,36.5875136,225.35
-7.6,0.7,0.0,0.01,0.34,-0.32,-0.1,-0.14,0.0,-2.11,-2.45,9.437,9.584,9.673,10.016,10.3,9.71,9.81,10.01,-0.003,0.002,-0.008,0.0,-0.0,-121.7552304,36.5875136,225.4
-7.6,0.7,0.0,0.01,0.46,-0.36,-0.05,0.05,-0.2,-2.1,-2.46,9.447,9.643,9.947,9.928,10.01,9.71,9.91,10.3,-0.003,0.002,-0.008,0.0,-0.0,-121.7552304,36.5875136,225.45
-7.6,0.7,0.0,0.01,0.42,-0.37,-0.26,-0.04,-0.03,-2.12,-2.45,9.594,9.526,9.722,9.643,10.1,10.1,9.42,10.01,-0.003,0.002,-0.008,0.0,-0.0,-121.7552304,36.5875136,225.5
-7.6,0.7,0.0,0.01,0.46,-0.37,-0.26,0.5,-0.08,-2.1,-2.45,9.526,9.624,9.575,9.506,10.1,9.71,9.61,10.1,-0.003,0.002,-0.008,0.0,-0.0,-121.7552304,36.5875136,225.55
-7.6,0.7,0.0,0.0,0.33,-0.26,0.23,-0.09,0.07,-2.1,-2.44,9.369,9.653,9.839,9.879,10.2,9.81,9.81,10.01,-0.003,0.002,-0.008,0.0,-0.0,-121.7552304,36.5875136,225.6
-7.7,0.7,0.0,0.01,0.44,-0.3,0.13,-0.06,0.16,-2.1,-2.43,9.457,9.594,10.036,9.692,10.3,10.01,9.61,10.01,-0.003,0.002,-0.008,0.0,0.0,-121.7552303,36.5875136,225.65
-7.6,0.7,0.0,0.01,0.43,-0.41,0.06,0.1,-0.08,-2.1,-2.43,9.447,9.633,9.692,9.555,10.2,9.81,10.1,9.71,-0.003,0.002,-0.008,0.0,-0.01,-121.7552303,36.5875136,225.7
-7.6,0.7,0.0,0.01,0.38,-0.3,0.15,0.09,0.1,-2.1,-2.42,9.526,9.663,9.653,9.643,9.91,9.61,9.71,9.81,-0.003,0.002,-0.008,0.0,-0.01,-121.7552303,36.5875136,225.75
-7.6,0.7,0.0,0.01,0.41,-0.35,-0.1,-0.08,0.01,-2.1,-2.42,9.476,9.614,9.957,9.771,10.2,10.01,9.91,9.61,-0.003,0.002,-0.008,0.0,-0.01,-121.7552303,36.5875136,225.8
-7.6,0.7,0.0,0.01,0.4,-0.34,-0.27,-0.19,-0.03,-2.1,-2.41,9.555,9.594,9.692,9.81,10.4,10.01,9.91,9.81,-0.003,0.002,-0.008,0.0,-0.02,-121.7552303,36.5875136,225.85
-7.6,0.7,0.0,0.01,0.42,-0.37,0.04,-0.15,-0.02,-2.1,-2.41,9.418,9.673,9.82,9.79,10.2,10.1,9.71,9.91,-0.003,0.002,-0.008,0.0,-0.02,-121.7552303,36.5875137,225.9
-7.6,0.7,0.0,0.0,0.37,-0.39,0.23,0.23,0.05,-2.1,-2.4,9.427,9.722,9.928,9.722,10.01,9.91,9.61,9.91,-0.003,0.002,-0.008,0.0,-0.02,-121.7552303,36.5875137,225.95
-7.6,0.7,0.0,0.0,0.42,-0.33,-0.02,0.15,0.1,-2.1,-2.39,9.427,9.594,9.849,9.741,9.81,9.81,9.91,9.71,-0.003,0.002,-0.008,0.0,-0.03,-121.7552303,36.5875137,226.0
-7.6,0.7,0.0,0.0,0.36,-0.34,-0.01,0.52,0.34,-2.09,-2.39,9.555,9.516,9.741,9.624,10.2,9.81,9.32,9.91,-0.003,0.002,-0.008,0.0,-0.03,-121.7552303,36.5875137,226.05
-7.6,0.7,0.0,0.0,0.34,-0.3,0.03,0.27,0.17,-2.09,-2.38,9.418,9.761,9.869,9.643,10.2,9.81,9.91,9.81,-0.003,0.002,-0.008,0.0,-0.03,-121.7552303,36.5875137,226.1
-7.6,0.7,0.0,0.0,0.41,-0.36,-0.05,0.37,-0.14,-2.12,-2.45,9.467,9.643,9.771,9.643,10.1,9.81,9.52,9.81,-0.003,0.002,-0.008,0.0,-0.04,-121.7552303,36.5875137,226.15
-7.6,0.7,0.0,0.0,0.37,-0.37,-0.14,-0.35,-0.03,-2.13,-2.44,9.447,9.633,9.781,9.604,10.1,9.71,9.81,10.01,-0.003,0.002,-0.008,0.0,-0.04,-121.7552303,36.5875137,226.2
-7.6,0.7,0.0,0.0,0.42,-0.38,0.02,0.3,-0.02,-2.15,-2.43,9.467,9.682,9.81,9.722,10.2,9.91,9.42,9.81,-0.003,0.002,-0.008,0.0,-0.04,-121.7552303,36.5875137,226.25
-7.7,0.7,0.0,0.0,0.43,-0.38,-0.19,-0.17,0.04,-2.17,-2.43,9.388,9.633,9.869,9.771,10.2,9.81,9.71,9.81,-0.003,0.002,-0.008,0.0,-0.05,-121.7552303,36.5875137,226.3
-7.6,0.7,0.0,0.0,0.46,-0.42,0.23,0.27,0.49,-2.19,-2.42,9.437,9.722,9.81,9.898,10.1,9.81,9.61,9.91,-0.003,0.002,-0.008,0.0,-0.05,-121.7552303,36.5875137,226.35
-7.6,0.7,0.0,0.0,0.39,-0.35,0.2,0.31,-0.29,-2.21,-2.41,9.418,9.604,9.761,9.643,10.4,9.61,9.91,10.01,-0.003,0.002,-0.008,0.0,-0.05,-121.7552303,36.5875137,226.4
-7.6,0.7,0.0,-0.0,0.33,-0.34,0.04,-0.12,0.17,-2.1,-2.45,9.496,9.614,9.79,9.81,10.3,10.01,10.01,9.71,-0.003,0.002,-0.008,0.0,-0.06,-121.7552303,36.5875137,226.45
-7.7,0.7,0.0,0.0,0.43,-0.34,0.09,-0.31,-0.15,-2.1,-2.44,9.506,9.594,9.918,9.643,10.4,9.81,9.52,9.61,-0.003,0.002,-0.008,0.0,-0.06,-121.7552303,36.5875137,226.5
-7.6,0.7,0.0,0.0,0.37,-0.37,-0.11,-0.2,0.2,-2.09,-2.42,9.535,9.732,9.781,9.771,10.1,9.81,9.81,10.01,-0.003,0.002,-0.008,0.0,-0.06,-121.7552303,36.5875137,226.55
-7.6,0.7,0.0,0.0,0.41,-0.3,-0.17,0.33,0.02,-2.1,-2.45,9.476,9.506,9.928,9.526,10.3,9.71,9.61,9.91,-0.003,0.002,-0.008,0.0,-0.07,-121.7552303,36.5875137,226.6
-7.6,0.7,0.0,-0.0,0.4,-0.41,0.53,-0.19,0.01,-2.09,-2.45,9.467,9.643,9.692,9.741,10.01,9.81,9.61,9.61,-0.003,0.002,-0.008,0.0,-0.07,-121.7552303,36.5875137,226.65
-7.6,0.7,0.0,-0.0,0.43,-0.33,0.06,0.06,-0.05,-2.11,-2.45,9.486,9.643,9.81,9.79,10.1,9.71,9.61,10.01,-0.003,0.002,-0.008,0.0,-0.07,-121.7552303,36.5875137,226.7
-7.6,0.7,0.0,-0.0,0.39,-0.38,-0.05,-0.14,0.11,-2.12,-2.46,9.535,9.663,9.653,9.771,10.2,9.71,9.42,10.01,-0.003,0.002,-0.008,0.0,-0.08,-121.7552303,36.5875137,226.75
-7.6,0.7,0.0,-0.0,0.42,-0.37,-0.11,0.16,-0.11,-2.1,-2.45,9.457,9.663,10.094,9.898,10.3,9.91,9.42,10.1,-0.003,0.002,-0.008,0.0,-0.08,-121.7552303,36.5875137,226.8
-7.6,0.7,0.0,-0.0,0.42,-0.38,-0.11,-0.07,0.08,-2.1,-2.44,9.418,9.584,9.82,9.849,10.01,9.61,10.1,10.2,-0.003,0.002,-0.008,0.0,-0.08,-121.7552303,36.5875137,226.85
-7.6,0.7,0.0,-0.0,0.43,-0.32,0.1,0.07,-0.13,-2.11,-2.44,9.516,9.575,9.859,9.771,10.1,9.81,9.71,10.01,-0.003,0.002,-0.008,0.0,-0.09,-121.7552303,36.5875137,226.9
-7.6,0.7,0.0,-0.0,0.46,-0.34,-0.12,-0.11,0.23,-2.11,-2.45,9.516,9.633,9.8,9.771,9.71,9.91,9.91,10.1,-0.003,0.002,-0.008,0.0,-0.09,-121.7552303,36.5875137,226.95
-7.6,0.7,0.0,-0.0,0.36,-0.32,0.09,-0.07,-0.16,-2.1,-2.46,9.447,9.565,9.82,9.722,10.4,9.91,9.61,10.01,-0.003,0.002,-0.008,0.0,-0.09,-121.7552303,36.5875137,227.0
-7.7,0.7,0.0,-0.01,0.38,-0.41,0.36,-0.0,-0.09,-2.1,-2.46,9.437,9.673,10.114,9.575,10.2,9.81,10.01,10.01,-0.003,0.002,-0.008,0.0,-0.1,-121.7552303,36.5875137,227.05
-7.6,0.7,0.0,-0.0,0.46,-0.39,-0.0,0.06,-0.14,-2.1,-2.45,9.594,9.604,9.722,9.771,10.3,9.91,9.81,9.81,-0.003,0.002,-0.008,0.0,-0.1,-121.7552303,36.5875137,227.1
-7.6,0.7,0.0,-0.01,0.41,-0.32,0.16,-0.21,0.22,-2.11,-2.45,9.398,9.633,9.781,9.79,10.4,9.81,9.71,9.61,-0.003,0.002,-0.008,0.0,-0.1,-121.7552303,36.5875137,227.15
-7.6,0.7,0.0,-0.01,0.39,-0.35,0.02,0.24,0.04,-2.11,-2.46,9.467,9.584,9.81,9.673,9.91,9.91,10.01,9.71,-0.003,0.002,-0.008,0.0,-0.11,-121.7552303,36.5875137,227.2
-7.6,0.7,0.0,-0.01,0.38,-0.34,-0.09,-0.12,-0.21,-2.11,-2.46,9.565,9.526,9.741,9.692,10.3,9.91,9.61,9.91,-0.003,0.002,-0.008,0.0,-0.11,-121.7552303,36.5875137,227.25
-7.6,0.7,0.0,-0.01,0.47,-0.35,0.1,0.09,0.25,-2.1,-2.45,9.506,9.575,9.663,9.849,10.01,9.81,9.81,9.71,-0.003,0.002,-0.008,0.0,-0.11,-121.7552303,36.5875137,227.3
-7.6,0.7,0.0,-0.01,0.42,-0.36,-0.1,0.41,0.14,-2.1,-2.45,9.378,9.545,9.692,9.741,10.1,9.81,9.61,10.1,-0.003,0.002,-0.008,0.0,-0.12,-121.7552303,36.5875137,227.35
-7.6,0.7,0.0,-0.01,0.44,-0.36,-0.44,-0.29,0.1,-2.12,-2.46,9.486,9.673,9.781,9.741,10.2,9.71,9.81,9.71,-0.003,0.002,-0.008,0.0,-0.12,-121.7552303,36.5875137,227.4
-7.6,0.7,0.0,-0.01,0.36,-0.3,0.04,-0.13,-0.29,-2.1,-2.46,9.476,9.575,9.879,9.741,10.1,9.61,9.42,10.01,-0.003,0.002,-0.008,0.0,-0.12,-121.7552303,36.5875137,227.45
-7.6,0.7,0.0,-0.01,0.5,-0.43,0.07,0.09,-0.09,-2.12,-2.46,9.476,9.476,9.977,9.722,10.1,10.01,9.61,9.81,-0.003,0.002,-0.008,0.0,-0.13,-121.7552304,36.5875137,227.5
-7.6,0.7,0.0,-0.01,0.35,-0.29,-0.23,0.12,0.02,-2.1,-2.46,9.427,9.712,9.633,9.741,10.4,9.52,9.81,10.01,-0.003,0.002,-0.008,0.0,-0.13,-121.7552304,36.5875137,227.55
-7.6,0.7,0.0,-0.01,0.43,-0.36,0.1,-0.08,0.31,-2.1,-2.45,9.535,9.555,9.918,9.722,10.1,9.71,9.91,10.1,-0.003,0.002,-0.008,0.0,-0.13,-121.7552303,36.5875137,227.6
-7.7,0.7,0.0,-0.01,0.37,-0.31,-0.51,-0.01,0.08,-2.1,-2.46,9.437,9.682,9.702,9.879,10.3,9.81,9.61,9.81,-0.003,0.002,-0.008,0.0,-0.14,-121.7552303,36.5875137,227.65
-7.6,0.7,0.0,-0.01,0.45,-0.38,-0.13,-0.02,0.21,-2.1,-2.45,9.388,9.584,9.859,9.604,10.1,9.81,9.81,9.81,-0.003,0.002,-0.008,0.0,-0.14,-121.7552303,36.5875137,227.7
-7.6,0.7,0.0,-0.01,0.35,-0.37,0.42,-0.35,0.14,-2.11,-2.46,9.545,9.594,9.516,9.692,10.2,9.61,9.81,9.81,-0.003,0.002,-0.008,0.0,-0.14,-121.7552303,36.5875137,227.75
-7.6,0.7,0.0,-0.01,0.49,-0.37,0.1,0.03,0.06,-2.1,-2.46,9.575,9.575,9.888,9.849,10.2,9.81,9.91,9.81,-0.003,0.002,-0.008,0.0,-0.15,-121.7552303,36.5875137,227.8
-7.6,0.7,0.0,0.01,0.45,-0.4,0.27,-0.15,0.1,-2.1,-2.46,9.535,9.663,9.653,9.741,9.81,9.61,9.81,9.91,-0.003,0.002,-0.008,0.0,-0.0,-121.7552303,36.5875137,227.85
-7.6,0.7,0.0,0.01,0.41,-0.34,-0.11,0.08,-0.17,-2.1,-2.46,9.447,9.565,9.839,9.81,10.1,9.61,9.81,10.1,-0.003,0.002,-0.008,0.0,-0.01,-121.7552303,36.5875137,227.9
-7.7,0.7,0.0,0.01,0.46,-0.38,0.34,-0.11,-0.38,-2.1,-2.46,9.418,9.516,9.81,9.849,9.91,9.91,9.91,9.91,-0.003,0.002,-0.008,0.0,-0.0,-121.7552303,36.5875137,227.95
-7.6,0.7,0.0,0.01,0.42,-0.38,0.03,-0.02,0.25,-2.1,-2.45,9.624,9.584,9.663,9.879,9.91,9.71,9.71,10.01,-0.003,0.002,-0.008,0.0,-0.01,-121.7552303,36.5875137,228.0
-7.6,0.7,0.0,0.01,0.41,-0.39,-0.27,0.22,-0.14,-2.1,-2.46,9.496,9.663,9.947,9.771,10.1,9.81,9.81,9.81,-0.003,0.002,-0.008,0.0,-0.01,-121.7552303,36.5875137,228.05
-7.6,0.7,0.0,0.01,0.37,-0.39,0.04,-0.18,-0.21,-2.11,-2.46,9.604,9.614,9.663,9.526,10.2,9.71,9.42,10.1,-0.003,0.002,-0.008,0.0,-0.0,-121.7552303,36.5875137,228.1
-7.6,0.7,0.0,0.01,0.41,-0.33,0.31,0.07,0.18,-2.1,-2.46,9.467,9.584,9.928,9.741,10.01,9.71,9.42,9.91,-0.003,0.002,-0.008,0.0,-0.0,-121.7552303,36.5875137,228.15
-7.6,0.7,0.0,0.01,0.42,-0.34,0.1,0.25,-0.14,-2.1,-2.46,9.526,9.633,9.81,9.604,10.1,9.71,9.71,9.71,-0.003,0.002,-0.008,0.0,-0.0,-121.7552303,36.5875137,228.2
-7.6,0.7,0.0,0.01,0.46,-0.34,0.11,-0.05,0.07,-2.1,-2.47,9.526,9.624,9.584,9.526,10.3,9.71,10.01,9.81,-0.003,0.002,-0.008,0.0,-0.0,-121.7552303,36.5875137,228.25
-7.6,0.7,0.0,0.01,0.39,-0.35,0.05,-0.4,-0.04,-2.09,-2.47,9.516,9.643,9.732,9.506,10.1,9.71,10.1,9.81,-0.003,0.002,-0.008,0.0,-0.0,-121.7552303,36.5875137,228.3
-7.6,0.7,0.0,0.01,0.42,-0.35,-0.01,0.16,0.21,-2.1,-2.46,9.457,9.584,9.869,9.624,10.3,9.91,9.42,9.71,-0.003,0.002,-0.008,0.0,-0.0,-121.7552303,36.5875137,228.35
-7.6,0.7,0.0,0.01,0.37,-0.38,0.04,-0.25,-0.05,-2.1,-2.47,9.457,9.643,10.036,9.575,10.2,9.61,9.71,9.91,-0.003,0.002,-0.008,0.0,-0.01,-121.7552303,36.5875137,228.4
-7.7,0.7,0.0,0.01,0.45,-0.42,-0.01,0.25,-0.02,-2.1,-2.46,9.486,9.653,9.83,9.575,10.2,9.71,9.42,9.61,-0.003,0.002,-0.008,0.0,-0.0,-121.7552303,36.5875137,228.45
-7.6,0.7,0.0,0.01,0.42,-0.33,-0.15,-0.07,0.03,-2.1,-2.46,9.378,9.633,9.732,9.692,10.3,9.71,9.91,9.81,-0.003,0.002,-0.008,0.0,-0.0,-121.7552303,36.5875137,228.5
-7.6,0.7,0.0,0.01,0.45,-0.28,-0.09,-0.07,0.21,-2.1,-2.46,9.476,9.604,9.79,9.849,9.81,9.71,9.91,10.01,-0.003,0.002,-0.008,0.0,-0.0,-121.7552303,36.5875137,228.55
-7.6,0.7,0.0,0.01,0.41,-0.42,0.32,0.07,-0.02,-2.1,-2.46,9.516,9.633,9.888,9.643,10.3,9.91,9.42,10.3,-0.003,0.002,-0.008,0.0,-0.0,-121.7552303,36.5875137,228.6
-7.6,0.7,0.0,0.01,0.41,-0.35,0.08,0.02,0.27,-2.1,-2.46,9.447,9.555,9.79,9.79,10.01,9.71,10.1,9.52,-0.003,0.002,-0.008,0.0,-0.01,-121.7552303,36.5875137,228.65
-7.6,0.7,0.0,0.01,0.42,-0.32,-0.19,-0.28,-0.32,-2.11,-2.46,9.447,9.575,9.741,9.624,10.3,9.91,9.81,9.81,-0.003,0.002,-0.008,0.0,-0.01,-121.7552302,36.5875137,228.7
-7.6,0.7,0.0,0.01,0.36,-0.37,-0.01,0.03,0.27,-2.11,-2.46,9.506,9.643,9.83,9.604,10.2,9.81,9.91,10.01,-0.003,0.002,-0.008,0.0,-0.01,-121.7552302,36.5875137,228.75
-7.6,0.7,0.0,0.0,0.42,-0.36,-0.06,-0.04,0.12,-2.1,-2.46,9.545,9.575,9.741,9.575,9.81,9.81,9.61,9.91,-0.003,0.002,-0.008,0.0,-0.0,-121.7552302,36.5875137,228.8
-7.6,0.7,0.0,0.01,0.41,-0.38,0.01,0.04,0.08,-2.11,-2.45,9.535,9.614,9.761,9.692,10.4,9.71,9.42,9.91,-0.003,0.002,-0.008,0.0,-0.0,-121.7552302,36.5875137,228.85
-7.6,0.7,0.0,0.01,0.41,-0.34,-0.05,-0.04,0.29,-2.1,-2.46,9.418,9.712,9.82,9.741,10.01,10.01,9.81,10.2,-0.003,0.002,-0.008,0.0,-0.01,-121.7552302,36.5875137,228.9
-7.6,0.7,0.0,0.01,0.37,-0.3,0.03,0.19,-0.18,-2.11,-2.45,9.339,9.643,9.761,9.741,10.3,9.91,10.2,10.2,-0.003,0.002,-0.008,0.0,-0.01,-121.7552302,36.5875137,228.95
-7.6,0.7,0.0,-0.0,0.46,-0.36,0.12,-0.2,0.59,-2.11,-2.46,9.565,9.633,9.722,9.673,10.01,9.71,9.61,9.91,-0.003,0.002,-0.008,0.0,0.0,-121.7552302,36.5875137,229.0
-7.6,0.7,0.0,0.01,0.41,-0.34,-0.04,-0.19,-0.15,-2.1,-2.46,9.418,9.584,9.879,9.741,10.4,9.71,10.1,9.91,-0.003,0.002,-0.008,0.0,-0.0,-121.7552302,36.5875137,229.05
-7.6,0.7,0.0,0.0,0.4,-0.38,-0.28,-0.05,0.5,-2.1,-2.46,9.506,9.604,10.036,9.555,9.91,9.71,9.52,9.81,-0.003,0.002,-0.008,0.0,0.0,-121.7552302,36.5875137,229.1
-7.6,0.7,0.0,-0.0,0.46,-0.38,0.45,0.22,0.09,-2.1,-2.46,9.535,9.535,9.771,9.771,10.3,9.81,9.81,9.52,-0.003,0.002,-0.008,0.0,0.0,-121.7552302,36.5875137,229.15
-7.6,0.7,0.0,0.01,0.45,-0.35,0.05,0.05,-0.36,-2.1,-2.47,9.467,9.712,9.653,9.643,10.4,9.91,10.01,9.81,-0.003,0.002,-0.008,0.0,-0.0,-121.7552302,36.5875137,229.2
-7.7,0.7,0.0,0.0,0.46,-0.28,-0.18,0.19,0.18,-2.1,-2.46,9.526,9.555,9.575,9.879,10.2,9.81,9.81,9.81,-0.003,0.002,-0.008,0.0,0.0,-121.7552302,36.5875137,229.25
-7.6,0.7,0.0,0.0,0.46,-0.37,0.12,0.09,0.4,-2.1,-2.46,9.633,9.565,9.722,9.81,10.1,9.71,10.2,10.01,-0.003,0.002,-0.008,0.0,0.0,-121.7552302,36.5875137,229.3
-7.6,0.7,0.0,0.0,0.46,-0.36,0.06,0.25,0.18,-2.1,-2.46,9.408,9.594,9.839,9.741,10.3,9.91,9.61,10.01,-0.003,0.002,-0.008,0.0,0.01,-121.7552302,36.5875137,229.35
-7.6,0.7,0.0,0.0,0.43,-0.37,-0.02,-0.1,0.16,-2.1,-2.46,9.565,9.555,9.918,9.771,10.4,9.81,9.81,9.91,-0.003,0.002,-0.008,0.0,0.01,-121.7552302,36.5875137,229.4
-7.6,0.7,0.0,-0.0,0.42,-0.4,0.19,0.03,0.03,-2.1,-2.46,9.535,9.614,9.722,9.81,10.1,9.81,9.81,9.81,-0.003,0.002,-0.008,0.0,0.0,-121.7552302,36.5875137,229.45
-7.6,0.7,0.0,-0.0,0.4,-0.27,-0.3,-0.13,0.01,-2.1,-2.46,9.457,9.692,9.839,9.849,10.3,9.71,9.81,9.91,-0.003,0.002,-0.008,0.0,0.0,-121.7552302,36.5875137,229.5
-7.6,0.7,0.0,-0.01,0.48,-0.36,0.27,-0.09,-0.13,-2.11,-2.46,9.467,9.633,9.849,9.741,10.2,9.91,10.1,9.91,-0.003,0.002,-0.008,0.0,0.01,-121.7552302,36.5875137,229.55
-7.6,0.7,0.0,-0.01,0.42,-0.37,-0.28,-0.0,0.06,-2.12,-2.46,9.486,9.516,9.947,9.575,10.01,9.81,9.91,9.91,-0.003,0.002,-0.008,0.0,0.01,-121.7552302,36.5875137,229.6
-7.6,0.7,0.0,-0.01,0.4,-0.37,-0.08,0.09,-0.17,-2.12,-2.46,9.447,9.565,9.918,9.741,9.91,9.52,9.61,10.01,-0.003,0.002,-0.008,0.0,0.01,-121.7552302,36.5875137,229.65
-7.6,0.7,0.0,-0.01,0.41,-0.41,-0.17,0.05,0.04,-2.1,-2.46,9.32,9.722,9.702,9.575,10.01,9.81,9.81,9.71,-0.003,0.002,-0.008,0.0,0.01,-121.7552302,36.5875137,229.7
-7.6,0.7,0.0,-0.02,0.38,-0.36,0.02,0.16,-0.05,-2.11,-2.46,9.457,9.633,9.869,9.624,10.1,9.81,9.81,9.91,-0.003,0.002,-0.008,0.0,0.01,-121.7552302,36.5875137,229.75
-7.6,0.7,0.0,-0.02,0.46,-0.4,-0.0,0.15,-0.23,-2.12,-2.46,9.535,9.575,9.741,9.741,10.2,9.81,9.81,9.81,-0.003,0.002,-0.008,0.0,0.02,-121.7552302,36.5875137,229.8
-7.6,0.7,0.0,-0.02,0.4,-0.29,-0.19,0.04,-0.11,-2.13,-2.45,9.663,9.575,9.741,9.555,10.1,9.71,9.52,10.2,-0.003,0.002,-0.008,0.0,0.02,-121.7552302,36.5875137,229.85
-7.6,0.7,0.0,-0.03,0.42,-0.35,-0.17,0.51,-0.11,-2.1,-2.47,9.565,9.624,9.722,9.771,10.1,10.01,10.01,9.71,-0.003,0.002,-0.008,0.0,0.02,-121.7552302,36.5875137,229.9
-7.6,0.7,0.0,-0.03,0.42,-0.3,0.07,0.01,0.06,-2.1,-2.45,9.486,9.575,9.781,9.741,10.1,9.71,9.91,9.91,-0.003,0.002,-0.008,0.0,0.03,-121.7552302,36.5875137,229.95
-7.6,0.7,0.0,-0.03,0.47,-0.38,0.05,-0.25,0.16,-2.1,-2.46,9.555,9.555,9.869,9.692,10.2,9.81,9.52,9.81,-0.003,0.002,-0.008,0.0,0.03,-121.7552302,36.5875137,230.0
-7.6,0.7,0.0,-0.04,0.4,-0.36,0.04,-0.11,-0.2,-2.1,-2.47,9.378,9.506,9.81,9.947,10.2,10.01,9.71,9.91,-0.003,0.002,-0.008,0.0,0.03,-121.7552302,36.5875137,230.05
-7.6,0.7,0.0,-0.04,0.4,-0.33,0.25,-0.1,-0.12,-2.1,-2.46,9.457,9.604,9.79,9.79,10.2,9.71,9.81,10.01,-0.003,0.002,-0.008,0.0,0.03,-121.7552302,36.5875137,230.1
-7.6,0.7,0.0,-0.04,0.38,-0.37,-0.17,0.02,-0.41,-2.11,-2.46,9.594,9.633,9.82,9.741,10.2,9.91,9.42,10.1,-0.003,0.002,-0.008,0.0,0.03,-121.7552302,36.5875137,230.15
-7.6,0.7,0.0,-0.04,0.54,-0.4,-0.27,0.2,0.23,-2.1,-2.46,9.467,9.653,9.653,9.879,10.2,9.71,9.61,10.01,-0.003,0.002,-0.008,0.0,0.04,-121.7552302,36.5875137,230.2
-7.6,0.7,0.0,-0.05,0.39,-0.29,-0.19,0.2,0.3,-2.1,-2.46,9.427,9.624,9.732,9.79,10.2,9.81,9.81,9.81,-0.003,0.002,-0.008,0.0,0.04,-121.7552302,36.5875137,230.25
-7.6,0.7,0.0,-0.05,0.49,-0.43,0.08,0.1,0.35,-2.1,-2.46,9.594,9.653,9.741,9.741,10.3,9.81,9.42,10.01,-0.003,0.002,-0.008,0.0,0.04,-121.7552302,36.5875137,230.3
-7.6,0.7,0.0,-0.05,0.46,-0.4,0.06,-0.09,-0.04,-2.1,-2.46,9.467,9.594,9.79,9.79,10.2,9.71,9.61,9.81,-0.003,0.002,-0.008,0.0,0.04,-121.7552302,36.5875137,230.35
-7.6,0.7,0.0,-0.06,0.41,-0.27,0.07,0.13,-0.2,-2.11,-2.46,9.516,9.526,9.526,9.81,10.2,9.71,9.71,9.81,-0.003,0.002,-0.008,0.0,0.05,-121.7552302,36.5875137,230.4
-7.6,0.7,0.0,-0.06,0.37,-0.34,-0.11,-0.07,0.16,-2.1,-2.46,9.516,9.653,9.535,9.849,10.4,9.91,10.1,9.71,-0.003,0.002,-0.008,0.0,0.05,-121.7552302,36.5875137,230.45
-7.6,0.7,0.0,-0.06,0.48,-0.35,-0.09,0.04,0.01,-2.11,-2.45,9.516,9.575,9.732,9.741,10.1,9.71,9.81,9.81,-0.003,0.002,-0.008,0.0,0.05,-121.7552302,36.5875137,230.5
-7.6,0.7,0.0,-0.07,0.42,-0.37,-0.1,-0.02,0.07,-2.1,-2.46,9.594,9.604,9.741,9.771,10.4,9.61,9.91,9.61,-0.003,0.002,-0.008,0.0,0.06,-121.7552302,36.5875137,230.55
-7.7,0.7,0.0,-0.07,0.47,-0.37,-0.07,0.05,0.07,-2.11,-2.46,9.516,9.555,9.79,9.771,10.01,10.01,9.81,9.81,-0.003,0.002,-0.008,0.0,0.06,-121.7552302,36.5875137,230.6
-7.7,0.7,0.0,-0.07,0.38,-0.33,-0.11,-0.27,-0.0,-2.12,-2.46,9.516,9.555,9.859,9.604,10.2,9.91,9.71,10.01,-0.003,0.002,-0.008,0.0,0.06,-121.7552302,36.5875137,230.65
-7.6,0.7,0.0,-0.07,0.37,-0.36,-0.18,0.03,-0.04,-2.1,-2.46,9.447,9.555,9.908,9.692,10.01,9.71,9.81,9.81,-0.003,0.002,-0.008,0.0,0.06,-121.7552302,36.5875137,230.7
-7.6,0.7,0.0,-0.08,0.39,-0.37,0.36,0.06,0.01,-2.1,-2.47,9.437,9.575,9.849,9.555,10.4,9.71,9.81,9.81,-0.003,0.002,-0.008,0.0,0.07,-121.7552302,36.5875137,230.75
-7.6,0.7,0.0,-0.08,0.39,-0.36,-0.27,0.04,0.24,-2.1,-2.46,9.486,9.594,9.771,9.722,10.2,9.91,9.91,9.91,-0.003,0.002,-0.008,0.0,0.07,-121.7552302,36.5875137,230.8
-7.6,0.7,0.0,-0.08,0.38,-0.35,-0.29,0.15,0.16,-2.1,-2.46,9.418,9.732,9.722,9.722,10.3,9.91,9.61,9.91,-0.003,0.002,-0.008,0.0,0.07,-121.7552302,36.5875137,230.85
-7.6,0.7,0.0,-0.09,0.41,-0.35,0.0,0.11,-0.04,-2.11,-2.47,9.408,9.575,9.79,9.722,10.2,10.01,9.91,10.01,-0.003,0.002,-0.008,0.0,0.07,-121.7552302,36.5875137,230.9
-7.6,0.7,0.0,-0.09,0.4,-0.43,0.05,-0.55,-0.05,-2.12,-2.46,9.535,9.692,9.81,9.526,10.2,9.81,9.61,10.01,-0.003,0.002,-0.008,0.0,0.07,-121.7552302,36.5875137,230.95
-7.6,0.7,0.0,-0.09,0.42,-0.33,-0.29,0.01,-0.04,-2.11,-2.46,9.486,9.594,9.692,9.741,10.1,9.61,9.71,9.81,-0.003,0.002,-0.008,0.0,0.08,-121.7552302,36.5875137,231.0
-7.6,0.7,0.0,-0.09,0.4,-0.33,-0.33,0.08,-0.2,-2.11,-2.46,9.467,9.624,9.839,9.928,10.3,9.71,9.71,9.91,-0.003,0.002,-0.008,0.0,0.08,-121.7552302,36.5875137,231.05
-7.6,0.7,0.0,-0.1,0.39,-0.36,-0.14,0.29,-0.1,-2.11,-2.46,9.447,9.663,9.938,9.79,10.1,10.01,9.91,10.01,-0.003,0.002,-0.008,0.0,0.08,-121.7552302,36.5875137,231.1
-7.7,0.7,0.0,-0.1,0.4,-0.37,0.16,0.16,0.02,-2.11,-2.46,9.486,9.624,9.82,9.604,9.91,9.71,9.81,9.71,-0.003,0.002,-0.008,0.0,0.09,-121.7552302,36.5875137,231.15
-7.6,0.7,0.0,-0.1,0.39,-0.38,0.05,-0.07,-0.07,-2.12,-2.46,9.398,9.624,9.839,9.624,10.01,9.71,9.71,9.71,-0.003,0.002,-0.008,0.0,0.09,-121.7552302,36.5875137,231.2
-7.6,0.7,0.0,-0.11,0.4,-0.36,0.18,0.2,-0.06,-2.12,-2.47,9.467,9.594,9.81,9.643,10.4,9.81,9.91,9.91,-0.003,0.002,-0.008,0.0,0.09,-121.7552302,36.5875136,231.25
-7.6,0.7,0.0,-0.11,0.42,-0.4,-0.22,0.16,0.18,-2.11,-2.46,9.545,9.702,9.79,9.741,10.01,10.01,9.81,10.01,-0.003,0.002,-0.008,0.0,0.09,-121.7552302,36.5875136,231.3
-7.6,0.7,0.0,-0.11,0.4,-0.39,0.21,0.19,-0.22,-2.11,-2.47,9.496,9.643,9.751,9.898,10.3,9.52,9.91,9.71,-0.003,0.002,-0.008,0.0,0.09,-121.7552303,36.5875136,231.35
-7.6,0.7,0.0,-0.12,0.45,-0.39,-0.1,-0.23,-0.04,-2.11,-2.47,9.545,9.575,9.918,9.722,10.5,9.71,10.1,9.91,-0.003,0.002,-0.008,0.0,0.1,-121.7552303,36.5875136,231.4
-7.7,0.7,0.0,-0.12,0.44,-0.35,-0.06,-0.14,-0.21,-2.11,-2.47,9.555,9.526,9.81,9.643,10.59,9.71,9.81,9.91,-0.003,0.002,-0.008,0.0,0.1,-121.7552303,36.5875136,231.45
-7.6,0.7,0.0,-0.12,0.46,-0.34,-0.13,-0.17,0.18,-2.12,-2.46,9.555,9.476,9.839,9.624,10.1,9.71,9.81,9.71,-0.003,0.002,-0.008,0.0,0.1,-121.7552303,36.5875136,231.5
-7.7,0.7,0.0,-0.12,0.43,-0.39,-0.14,-0.08,-0.13,-2.12,-2.47,9.496,9.633,9.771,9.722,10.2,10.01,9.42,10.01,-0.003,0.002,-0.008,0.0,0.1,-121.7552303,36.5875136,231.55
-7.6,0.7,0.0,0.0,0.4,-0.31,-0.02,-0.29,0.18,-2.12,-2.47,9.437,9.673,9.947,9.849,10.2,9.81,10.1,9.81,-0.003,0.002,-0.008,0.0,-0.0,-121.7552303,36.5875136,231.6
-7.6,0.7,0.0,0.0,0.49,-0.34,0.08,-0.01,0.03,-2.11,-2.47,9.408,9.653,9.79,9.898,10.2,9.81,9.91,9.91,-0.003,0.002,-0.008,0.0,0.0,-121.7552303,36.5875136,231.65
-7.7,0.7,0.0,0.0,0.42,-0.33,0.15,-0.31,0.02,-2.13,-2.47,9.476,9.604,9.81,9.741,10.2,9.91,9.71,9.71,-0.003,0.002,-0.008,0.0,0.0,-121.7552303,36.5875135,231.7
-7.6,0.7,0.0,-0.01,0.37,-0.33,-0.06,0.35,0.22,-2.11,-2.47,9.604,9.496,9.771,9.643,10.01,9.81,9.61,10.1,-0.003,0.002,-0.008,0.0,0.0,-121.7552303,36.5875135,231.75
-7.6,0.7,0.0,-0.0,0.36,-0.38,0.09,-0.06,0.12,-2.11,-2.47,9.653,9.506,9.79,9.673,10.4,9.71,9.81,9.71,-0.003,0.002,-0.008,0.0,-0.0,-121.7552303,36.5875135,231.8
-7.6,0.7,0.0,-0.0,0.45,-0.36,0.09,-0.33,0.04,-2.13,-2.47,9.506,9.614,9.663,9.898,10.1,9.71,10.01,10.01,-0.003,0.002,-0.008,0.0,0.0,-121.7552303,36.5875135,231.85
-7.6,0.7,0.0,-0.01,0.45,-0.38,-0.23,-0.05,0.0,-2.11,-2.47,9.457,9.663,9.83,9.81,10.2,9.71,9.81,10.1,-0.003,0.002,-0.008,0.0,0.01,-121.7552303,36.5875135,231.9
-7.6,0.7,0.0,-0.01,0.37,-0.36,0.05,0.14,0.04,-2.11,-2.46,9.427,9.604,9.839,9.692,10.3,9.71,10.01,9.91,-0.003,0.002,-0.008,0.0,0.01,-121.7552303,36.5875135,231.95
-7.6,0.7,0.0,-0.01,0.37,-0.36,0.34,0.13,0.08,-2.11,-2.46,9.427,9.673,9.859,9.673,10.01,9.91,9.42,9.81,-0.003,0.002,-0.008,0.0,0.0,-121.7552303,36.5875135,232.0
-7.7,0.7,0.0,-0.01,0.48,-0.4,-0.32,0.0,0.01,-2.11,-2.47,9.506,9.545,9.928,9.604,10.2,9.71,9.61,10.01,-0.003,0.002,-0.008,0.0,0.0,-121.7552303,36.5875135,232.05
-7.6,0.7,0.0,-0.01,0.42,-0.37,0.19,0.05,0.37,-2.11,-2.46,9.476,9.633,9.81,9.879,10.01,9.71,10.1,10.01,-0.003,0.002,-0.008,0.0,0.01,-121.7552303,36.5875135,232.1
-7.6,0.7,0.0,-0.01,0.39,-0.31,0.43,-0.11,-0.1,-2.11,-2.47,9.388,9.633,9.741,9.673,10.01,9.81,9.81,10.1,-0.003,0.002,-0.008,0.0,0.01,-121.7552303,36.5875135,232.15
-7.6,0.7,0.0,-0.0,0.41,-0.3,0.22,-0.38,-0.08,-2.12,-2.47,9.614,9.467,9.702,9.947,10.3,9.81,9.91,10.2,-0.003,0.002,-0.008,0.0,0.01,-121.7552303,36.5875135,232.2
-7.6,0.7,0.0,-0.0,0.49,-0.41,-0.01,-0.15,-0.05,-2.11,-2.47,9.663,9.496,9.761,9.722,10.2,9.91,10.3,10.01,-0.003,0.002,-0.008,0.0,0.01,-121.7552303,36.5875135,232.25
-7.6,0.7,0.0,0.0,0.38,-0.39,-0.11,-0.14,0.09,-2.11,-2.46,9.535,9.722,9.8,9.673,10.01,9.71,10.1,9.81,-0.003,0.002,-0.008,0.0,0.01,-121.7552303,36.5875135,232.3
-7.6,0.7,0.0,0.0,0.38,-0.33,0.22,-0.29,0.01,-2.11,-2.46,9.29,9.643,9.938,9.643,10.01,9.81,9.12,9.81,-0.003,0.002,-0.008,0.0,0.01,-121.7552303,36.5875135,232.35
-7.6,0.7,0.0,0.01,0.39,-0.34,0.1,0.25,-0.04,-2.11,-2.46,9.457,9.516,9.83,9.643,10.2,9.81,10.2,10.2,-0.003,0.002,-0.008,0.0,0.01,-121.7552303,36.5875135,232.4
-7.6,0.7,0.0,0.01,0.49,-0.42,-0.02,-0.05,0.04,-2.12,-2.47,9.447,9.741,9.81,9.81,10.01,9.91,9.61,9.81,-0.003,0.002,-0.008,0.0,0.01,-121.7552303,36.5875135,232.45
-7.6,0.7,0.0,0.01,0.43,-0.36,-0.29,-0.16,0.11,-2.11,-2.47,9.555,9.555,9.761,9.849,10.1,9.91,10.1,9.81,-0.003,0.002,-0.008,0.0,0.01,-121.7552303,36.5875135,232.5
-7.6,0.7,0.0,0.01,0.34,-0.29,0.1,-0.18,-0.32,-2.12,-2.47,9.369,9.682,9.839,9.849,10.3,9.91,9.61,10.01,-0.003,0.002,-0.008,0.0,0.02,-121.7552303,36.5875134,232.55
-7.6,0.7,0.0,0.02,0.4,-0.38,-0.31,-0.31,-0.12,-2.12,-2.47,9.418,9.682,9.781,9.771,10.1,9.61,9.71,9.91,-0.003,0.002,-0.008,0.0,0.01,-121.7552303,36.5875134,232.6
-7.6,0.7,0.0,0.02,0.43,-0.35,-0.0,-0.2,0.02,-2.13,-2.48,9.555,9.643,9.79,9.624,10.2,10.1,9.81,9.91,-0.003,0.002,-0.008,0.0,0.02,-121.7552303,36.5875134,232.65
-7.6,0.7,0.0,0.02,0.42,-0.29,-0.07,0.18,-0.04,-2.12,-2.48,9.408,9.584,9.732,9.849,10.1,9.52,9.61,9.81,-0.003,0.002,-0.008,0.0,0.02,-121.7552303,36.5875134,232.7
-7.6,0.7,0.0,0.02,0.43,-0.37,-0.01,-0.2,-0.22,-2.12,-2.47,9.506,9.624,9.732,9.849,10.2,9.81,9.61,9.81,-0.003,0.002,-0.008,0.0,0.02,-121.7552303,36.5875134,232.75
-7.6,0.7,0.0,0.02,0.38,-0.39,0.04,-0.39,-0.02,-2.12,-2.48,9.526,9.682,9.987,9.741,10.2,9.71,9.91,9.81,-0.003,0.002,-0.008,0.0,0.02,-121.7552303,36.5875134,232.8
-7.6,0.7,0.0,0.03,0.43,-0.37,-0.12,0.03,0.08,-2.11,-2.46,9.369,9.653,9.859,9.81,10.3,9.81,9.91,10.1,-0.003,0.002,-0.008,0.0,0.02,-121.7552303,36.5875134,232.85
-7.6,0.7,0.0,0.03,0.42,-0.38,0.08,0.03,0.05,-2.12,-2.47,9.369,9.575,9.732,9.643,10.3,9.71,9.71,9.71,-0.003,0.002,-0.008,0.0,0.02,-121.7552303,36.5875134,232.9
-7.6,0.7,0.0,0.03,0.47,-0.32,-0.04,0.02,0.03,-2.12,-2.46,9.545,9.516,9.869,9.555,9.91,9.81,9.71,9.61,-0.003,0.002,-0.008,0.0,0.02,-121.7552303,36.5875134,232.95
-7.6,0.7,0.0,0.03,0.36,-0.3,-0.19,-0.22,0.06,-2.11,-2.48,9.545,9.575,9.8,9.692,10.1,9.71,9.91,10.01,-0.003,0.002,-0.008,0.0,0.03,-121.7552303,36.5875134,233.0
-7.6,0.7,0.0,0.03,0.43,-0.42,-0.32,0.16,-0.1,-2.13,-2.47,9.437,9.604,9.771,9.604,10.2,9.81,9.81,10.01,-0.003,0.002,-0.008,0.0,0.03,-121.7552303,36.5875134,233.05
-7.6,0.7,0.0,0.04,0.39,-0.35,-0.22,0.25,0.21,-2.11,-2.46,9.516,9.643,9.751,9.692,10.3,9.81,10.01,9.81,-0.003,0.002,-0.008,0.0,0.03,-121.7552303,36.5875134,233.1
-7.6,0.7,0.0,0.04,0.47,-0.32,-0.11,0.29,-0.15,-2.11,-2.47,9.437,9.604,9.83,9.849,10.3,9.61,9.71,10.01,-0.003,0.002,-0.008,0.0,0.03,-121.7552303,36.5875134,233.15
-7.6,0.7,0.0,0.04,0.34,-0.38,-0.09,0.37,-0.29,-2.11,-2.47,9.447,9.643,9.692,9.771,10.2,9.91,9.81,9.71,-0.003,0.002,-0.008,0.0,0.03,-121.7552303,36.5875134,233.2
-7.6,0.7,0.0,0.04,0.41,-0.36,0.02,0.23,-0.02,-2.12,-2.48,9.506,9.633,9.859,9.692,10.5,9.71,10.2,9.71,-0.003,0.002,-0.008,0.0,0.03,-121.7552303,36.5875134,233.25
-7.6,0.7,0.0,0.05,0.39,-0.35,0.01,0.11,0.31,-2.12,-2.5,9.496,9.663,9.722,9.771,10.2,9.71,9.61,10.01,-0.003,0.002,-0.008,0.0,0.03,-121.7552303,36.5875134,233.3
-7.6,0.7,0.0,0.05,0.4,-0.31,-0.39,-0.09,0.01,-2.12,-2.52,9.359,9.624,9.741,9.79,10.3,9.61,9.61,10.01,-0.003,0.002,-0.008,0.0,0.03,-121.7552303,36.5875134,233.35
-7.6,0.7,0.0,0.05,0.43,-0.37,0.23,0.28,0.22,-2.11,-2.46,9.457,9.633,9.81,9.692,10.1,9.81,9.91,9.91,-0.003,0.002,-0.008,0.0,0.04,-121.7552303,36.5875133,233.4
-7.6,0.7,0.0,0.05,0.47,-0.35,0.02,0.02,0.11,-2.13,-2.47,9.545,9.604,9.81,9.643,10.2,9.81,9.52,9.71,-0.003,0.002,-0.008,0.0,0.04,-121.7552303,36.5875133,233.45
-7.6,0.7,0.0,0.06,0.37,-0.42,0.15,0.58,-0.3,-2.1,-2.47,9.486,9.545,9.918,9.643,10.3,9.71,9.61,9.81,-0.003,0.002,-0.008,0.0,0.04,-121.7552303,36.5875133,233.5
-7.7,0.7,0.0,0.06,0.34,-0.32,0.13,0.07,0.12,-2.11,-2.46,9.418,9.584,9.918,9.673,10.2,9.61,10.1,10.2,-0.003,0.002,-0.008,0.0,0.04,-121.7552303,36.5875133,233.55
-7.7,0.7,0.0,0.06,0.38,-0.35,-0.36,0.01,-0.23,-2.1,-2.47,9.496,9.614,9.732,9.722,10.4,9.61,9.61,9.91,-0.003,0.002,-0.008,0.0,0.04,-121.7552302,36.5875133,233.6
-7.6,0.7,0.0,0.06,0.42,-0.39,0.09,-0.03,-0.33,-2.1,-2.47,9.506,9.633,9.732,9.692,10.2,9.91,9.91,9.71,-0.003,0.002,-0.008,0.0,0.04,-121.7552302,36.5875133,233.65
-7.6,0.7,0.0,0.06,0.41,-0.34,-0.48,0.1,-0.05,-2.1,-2.47,9.535,9.643,9.761,9.604,10.1,9.61,9.61,9.81,-0.003,0.002,-0.008,0.0,0.04,-121.7552302,36.5875133,233.7
-7.6,0.7,0.0,0.07,0.4,-0.4,0.57,0.07,-0.21,-2.1,-2.47,9.418,9.673,9.712,9.771,10.4,10.01,9.42,9.81,-0.003,0.002,-0.008,0.0,0.05,-121.7552302,36.5875133,233.75
-7.6,0.7,0.0,0.07,0.41,-0.36,-0.27,-0.23,0.26,-2.12,-2.46,9.467,9.506,9.81,9.771,10.1,9.91,9.81,9.61,-0.003,0.002,-0.008,0.0,0.05,-121.7552302,36.5875133,233.8
-7.6,0.7,0.0,0.07,0.43,-0.36,-0.12,0.48,-0.0,-2.1,-2.46,9.427,9.624,9.908,9.692,10.2,9.71,9.61,9.91,-0.003,0.002,-0.008,0.0,0.05,-121.7552302,36.5875133,233.85
-7.6,0.7,0.0,0.07,0.38,-0.34,-0.2,-0.12,-0.0,-2.11,-2.47,9.437,9.594,9.869,9.879,10.01,9.91,10.2,9.61,-0.003,0.002,-0.008,0.0,0.05,-121.7552302,36.5875133,233.9
-7.6,0.7,0.0,0.08,0.45,-0.27,-0.19,0.22,-0.06,-2.1,-2.47,9.526,9.575,9.839,9.643,10.2,9.81,9.42,9.91,-0.003,0.002,-0.008,0.0,0.05,-121.7552302,36.5875133,233.95
-7.7,0.7,0.0,0.08,0.37,-0.3,0.05,-0.21,0.01,-2.1,-2.48,9.486,9.673,9.663,9.849,10.01,9.61,9.81,10.1,-0.003,0.002,-0.008,0.0,0.05,-121.7552302,36.5875133,234.0
-7.6,0.7,0.0,0.08,0.41,-0.31,-0.04,0.01,0.16,-2.1,-2.46,9.418,9.682,9.692,10.065,10.01,9.71,9.91,9.91,-0.003,0.002,-0.008,0.0,0.05,-121.7552302,36.5875133,234.05
-7.6,0.7,0.0,0.08,0.45,-0.29,-0.05,-0.27,-0.18,-2.12,-2.47,9.447,9.633,9.653,9.81,10.2,9.91,9.91,10.1,-0.003,0.002,-0.008,0.0,0.06,-121.7552302,36.5875133,234.1
-7.6,0.7,0.0,0.09,0.43,-0.39,-0.07,0.26,-0.16,-2.1,-2.47,9.486,9.673,9.781,9.741,10.1,9.71,9.61,9.81,-0.003,0.002,-0.008,0.0,0.06,-121.7552302,36.5875133,234.15
-7.6,0.7,0.0,0.09,0.44,-0.41,0.05,0.03,-0.0,-2.12,-2.47,9.427,9.584,9.918,9.722,10.1,9.91,10.1,9.61,-0.003,0.002,-0.008,0.0,0.06,-121.7552302,36.5875133,234.2
-7.6,0.7,0.0,0.09,0.42,-0.36,-0.38,0.13,-0.36,-2.11,-2.47,9.506,9.692,9.751,9.722,10.2,9.91,9.81,10.01,-0.003,0.002,-0.008,0.0,0.06,-121.7552302,36.5875133,234.25
-7.6,0.7,0.0,0.09,0.35,-0.37,0.04,-0.0,-0.25,-2.11,-2.48,9.467,9.614,9.722,9.79,10.2,9.81,9.52,10.2,-0.003,0.002,-0.008,0.0,0.06,-121.7552302,36.5875133,234.3
-7.6,0.7,0.0,0.09,0.45,-0.35,-0.17,0.23,0.15,-2.1,-2.47,9.663,9.614,9.849,9.79,10.1,9.81,9.81,10.01,-0.003,0.002,-0.008,0.0,0.06,-121.7552302,36.5875132,234.35
-7.6,0.7,0.0,0.1,0.41,-0.38,-0.16,-0.22,0.18,-2.12,-2.47,9.447,9.663,9.761,9.692,10.01,9.61,9.42,10.3,-0.003,0.002,-0.008,0.0,0.06,-121.7552302,36.5875132,234.4
-7.6,0.7,0.0,0.1,0.37,-0.39,0.0,0.25,0.13,-2.12,-2.47,9.486,9.526,9.849,9.575,10.2,9.81,9.91,10.1,-0.003,0.002,-0.008,0.0,0.07,-121.7552302,36.5875132,234.45
-7.6,0.7,0.0,0.1,0.49,-0.34,-0.15,0.33,-0.06,-2.1,-2.47,9.535,9.614,9.584,9.741,10.2,9.81,9.61,9.91,-0.003,0.002,-0.008,0.0,0.06,-121.7552302,36.5875132,234.5
-7.6,0.7,0.0,0.1,0.36,-0.33,-0.06,0.21,0.12,-2.12,-2.47,9.369,9.643,9.702,9.692,10.2,9.61,9.81,9.42,-0.003,0.002,-0.008,0.0,0.07,-121.7552302,36.5875132,234.55
-7.6,0.7,0.0,0.11,0.47,-0.31,-0.14,0.04,0.08,-2.12,-2.47,9.427,9.614,9.643,9.947,10.2,9.91,10.1,10.01,-0.003,0.002,-0.008,0.0,0.07,-121.7552302,36.5875132,234.6
-7.6,0.7,0.0,0.11,0.46,-0.39,0.0,0.05,0.09,-2.12,-2.47,9.555,9.624,9.83,9.643,10.2,9.81,9.81,9.71,-0.003,0.002,-0.008,0.0,0.07,-121.7552302,36.5875132,234.65
-7.6,0.7,0.0,0.11,0.48,-0.35,-0.46,0.03,-0.38,-2.11,-2.47,9.604,9.486,9.908,9.555,10.3,9.71,9.81,9.71,-0.003,0.002,-0.008,0.0,0.07,-121.7552302,36.5875132,234.7
-7.6,0.7,0.0,0.11,0.48,-0.32,0.13,-0.34,0.27,-2.12,-2.47,9.555,9.682,9.633,9.81,10.2,9.91,10.01,9.91,-0.003,0.002,-0.008,0.0,0.07,-121.7552302,36.5875132,234.75
-7.6,0.7,0.0,0.11,0.4,-0.36,0.46,0.14,-0.26,-2.1,-2.47,9.329,9.604,9.849,9.928,10.1,9.81,9.61,10.01,-0.003,0.002,-0.008,0.0,0.08,-121.7552302,36.5875132,234.8
-7.6,0.7,0.0,0.12,0.47,-0.35,-0.09,0.1,-0.05,-2.11,-2.46,9.457,9.682,9.987,9.722,10.3,9.91,9.42,9.81,-0.003,0.002,-0.008,0.0,0.08,-121.7552302,36.5875132,234.85
-7.6,0.7,0.0,0.12,0.39,-0.35,0.28,0.42,-0.08,-2.1,-2.47,9.427,9.624,9.781,9.81,10.3,10.01,10.1,9.91,-0.003,0.002,-0.008,0.0,0.08,-121.7552302,36.5875132,234.9
-7.6,0.7,0.0,0.12,0.41,-0.43,-0.11,-0.07,0.25,-2.11,-2.46,9.437,9.673,9.947,9.643,10.3,9.71,9.71,10.01,-0.003,0.002,-0.008,0.0,0.08,-121.7552302,36.5875132,234.95
-7.7,0.7,0.0,0.12,0.46,-0.4,-0.15,-0.17,-0.22,-2.12,-2.47,9.496,9.545,9.83,9.555,10.1,10.01,9.91,10.01,-0.003,0.002,-0.008,0.0,0.08,-121.7552302,36.5875132,235.0
-7.6,0.7,0.0,0.13,0.41,-0.37,-0.07,0.08,0.05,-2.1,-2.46,9.457,9.643,9.751,9.643,10.1,9.71,9.71,9.71,-0.003,0.002,-0.008,0.0,0.08,-121.7552302,36.5875132,235.05
-7.6,0.7,0.0,0.13,0.41,-0.31,-0.09,0.22,0.16,-2.12,-2.46,9.418,9.614,9.79,9.741,10.59,9.81,9.71,9.71,-0.003,0.002,-0.008,0.0,0.08,-121.7552302,36.5875132,235.1
-7.6,0.7,0.0,0.13,0.38,-0.37,-0.21,-0.16,0.02,-2.12,-2.46,9.418,9.633,9.859,9.741,10.3,9.61,9.91,9.81,-0.003,0.002,-0.008,0.0,0.08,-121.7552302,36.5875132,235.15
-7.6,0.7,0.0,0.13,0.45,-0.36,0.05,0.23,0.32,-2.1,-2.46,9.526,9.663,9.82,9.722,10.01,9.81,9.52,9.81,-0.003,0.002,-0.008,0.0,0.08,-121.7552302,36.5875132,235.2
-7.7,0.7,0.0,0.13,0.41,-0.34,-0.16,-0.42,0.04,-2.12,-2.46,9.496,9.643,9.8,9.722,10.2,9.71,9.81,9.81,-0.003,0.002,-0.008,0.0,0.09,-121.7552302,36.5875132,235.25
-7.6,0.7,0.0,0.14,0.37,-0.31,0.15,-0.25,0.16,-2.12,-2.46,9.27,9.663,9.869,9.692,9.91,9.61,9.52,10.01,-0.003,0.002,-0.008,0.0,0.09,-121.7552302,36.5875132,235.3
-7.6,0.7,0.0,-0.01,0.35,-0.36,-0.19,-0.24,-0.36,-2.12,-2.46,9.447,9.624,9.673,9.741,10.1,9.91,9.61,10.01,-0.003,0.002,-0.008,0.0,0.0,-121.7552302,36.5875132,235.35
-7.7,0.7,0.0,-0.01,0.43,-0.38,-0.22,-0.24,-0.09,-2.11,-2.46,9.526,9.663,9.761,9.575,10.01,9.71,10.01,9.81,-0.003,0.002,-0.008,0.0,0.0,-121.7552302,36.5875132,235.4
-7.6,0.7,0.0,-0.01,0.49,-0.34,0.22,-0.24,0.27,-2.12,-2.46,9.594,9.535,9.702,9.771,10.1,9.81,10.2,9.81,-0.003,0.002,-0.008,0.0,0.01,-121.7552302,36.5875132,235.45
-7.6,0.7,0.0,-0.01,0.44,-0.39,-0.29,-0.13,0.14,-2.1,-2.46,9.516,9.624,9.81,9.722,10.3,9.81,9.81,10.01,-0.003,0.002,-0.008,0.0,0.0,-121.7552302,36.5875132,235.5
-7.6,0.7,0.0,-0.01,0.38,-0.27,0.27,-0.1,-0.16,-2.12,-2.46,9.437,9.555,9.859,9.771,10.59,9.42,9.42,10.01,-0.003,0.002,-0.008,0.0,0.01,-121.7552302,36.5875132,235.55
-7.6,0.7,0.0,-0.01,0.41,-0.33,-0.36,0.24,0.0,-2.1,-2.46,9.526,9.624,9.673,9.81,10.2,9.91,9.61,10.4,-0.003,0.002,-0.008,0.0,0.01,-121.7552302,36.5875132,235.6
-7.6,0.7,0.0,-0.01,0.42,-0.33,-0.21,-0.36,-0.04,-2.12,-2.46,9.467,9.633,9.712,9.771,10.01,9.81,9.81,9.81,-0.003,0.002,-0.008,0.0,0.0,-121.7552302,36.5875132,235.65
-7.6,0.7,0.0,-0.01,0.47,-0.36,0.07,0.23,0.0,-2.1,-2.46,9.516,9.604,9.761,9.722,10.01,9.71,9.91,9.61,-0.003,0.002,-0.008,0.0,-0.0,-121.7552302,36.5875132,235.7
-7.6,0.7,0.0,-0.0,0.47,-0.4,-0.2,0.15,0.28,-2.1,-2.45,9.545,9.535,9.722,9.81,10.2,9.91,9.81,9.91,-0.003,0.002,-0.008,0.0,-0.0,-121.7552302,36.5875132,235.75
-7.6,0.7,0.0,-0.0,0.4,-0.31,-0.14,0.02,-0.16,-2.1,-2.46,9.457,9.643,9.732,9.849,10.2,9.71,10.1,10.01,-0.003,0.002,-0.008,0.0,-0.01,-121.7552302,36.5875132,235.8
-7.6,0.7,0.0,0.0,0.39,-0.3,0.13,0.03,0.04,-2.11,-2.45,9.437,9.575,9.702,9.898,10.2,9.52,9.81,10.01,-0.003,0.002,-0.008,0.0,-0.01,-121.7552302,36.5875132,235.85
-7.6,0.7,0.0,0.0,0.42,-0.34,-0.09,0.14,-0.24,-2.12,-2.45,9.496,9.584,9.673,9.849,9.81,9.71,9.81,9.81,-0.003,0.002,-0.008,0.0,-0.01,-121.7552302,36.5875132,235.9
-7.6,0.7,0.0,0.0,0.46,-0.42,0.03,-0.11,0.01,-2.12,-2.46,9.624,9.624,9.81,9.673,10.2,9.91,10.1,10.01,-0.003,0.002,-0.008,0.0,-0.02,-121.7552302,36.5875132,235.95
-7.6,0.7,0.0,0.01,0.42,-0.36,0.06,-0.31,-0.24,-2.12,-2.45,9.545,9.594,9.781,9.673,10.3,9.91,9.71,10.01,-0.003,0.002,-0.008,0.0,-0.02,-121.7552302,36.5875132,236.0
-7.6,0.7,0.0,0.01,0.44,-0.41,0.09,0.41,0.69,-2.1,-2.45,9.408,9.604,9.81,9.643,10.2,9.71,9.52,9.91,-0.003,0.002,-0.008,0.0,-0.02,-121.7552302,36.5875132,236.05
-7.6,0.7,0.0,0.01,0.39,-0.35,0.17,-0.19,-0.03,-2.11,-2.44,9.437,9.624,9.732,9.722,10.3,9.81,10.4,9.52,-0.003,0.002,-0.008,0.0,-0.03,-121.7552302,36.5875132,236.1
-7.6,0.7,0.0,0.01,0.46,-0.34,0.32,0.35,0.14,-2.11,-2.41,9.575,9.594,9.82,9.692,10.3,10.01,9.32,10.2,-0.003,0.002,-0.008,0.0,-0.03,-121.7552302,36.5875132,236.15
-7.7,0.7,0.0,0.01,0.39,-0.32,0.19,-0.12,-0.14,-2.11,-2.44,9.496,9.761,9.81,9.771,10.2,9.81,10.1,10.01,-0.003,0.002,-0.008,0.0,-0.04,-121.7552302,36.5875133,236.2
-7.6,0.7,0.0,0.02,0.45,-0.32,-0.03,0.16,-0.15,-2.12,-2.43,9.486,9.457,9.8,9.624,10.1,9.81,9.52,9.91,-0.003,0.002,-0.008,0.0,-0.04,-121.7552302,36.5875133,236.25
-7.6,0.7,0.0,0.0,0.37,-0.35,0.14,-0.31,0.06,-2.13,-2.42,9.408,9.682,9.839,9.81,10.01,9.71,10.1,10.1,-0.003,0.002,-0.008,0.0,-0.0,-121.7552302,36.5875133,236.3
-7.6,0.7,0.0,0.0,0.43,-0.29,0.03,0.13,-0.34,-2.14,-2.4,9.427,9.604,9.957,9.849,10.3,9.81,9.61,9.81,-0.003,0.002,-0.008,0.0,-0.0,-121.7552302,36.5875133,236.35
-7.7,0.7,0.0,0.0,0.41,-0.33,-0.14,0.11,0.26,-2.14,-2.39,9.408,9.584,9.869,9.771,10.3,9.81,9.61,9.71,-0.003,0.002,-0.008,0.0,-0.0,-121.7552302,36.5875133,236.4
-7.6,0.7,0.0,0.0,0.42,-0.35,0.05,-0.33,-0.03,-2.15,-2.38,9.555,9.575,9.712,9.643,10.01,9.81,10.01,9.81,-0.003,0.002,-0.008,0.0,-0.01,-121.7552302,36.5875133,236.45
-7.6,0.7,0.0,0.01,0.42,-0.37,0.14,0.14,0.32,-2.1,-2.44,9.467,9.771,9.79,9.722,10.4,9.81,9.52,9.91,-0.003,0.002,-0.008,0.0,-0.01,-121.7552302,36.5875133,236.5
-7.6,0.7,0.0,0.01,0.43,-0.41,0.18,0.17,0.14,-2.1,-2.44,9.378,9.624,10.045,9.996,10.1,9.71,9.81,10.01,-0.003,0.002,-0.008,0.0,-0.01,-121.7552302,36.5875133,236.55
-7.6,0.7,0.0,0.01,0.46,-0.4,0.06,0.17,0.15,-2.1,-2.44,9.408,9.565,9.918,9.879,10.4,9.81,9.81,9.81,-0.003,0.002,-0.008,0.0,-0.01,-121.7552302,36.5875133,236.6
-7.6,0.7,0.0,0.01,0.38,-0.38,-0.18,0.1,-0.0,-2.1,-2.44,9.378,9.614,9.82,9.692,10.01,9.61,9.91,10.01,-0.003,0.002,-0.008,0.0,-0.02,-121.7552302,36.5875133,236.65
-7.6,0.7,0.0,0.01,0.38,-0.32,0.24,-0.14,-0.34,-2.1,-2.44,9.476,9.584,9.839,9.722,10.01,9.81,9.81,9.81,-0.003,0.002,-0.008,0.0,-0.02,-121.7552302,36.5875133,236.7
-7.7,0.7,0.0,0.01,0.42,-0.38,0.13,0.42,0.02,-2.1,-2.43,9.467,9.584,9.741,9.879,10.01,9.61,10.01,10.01,-0.003,0.002,-0.008,0.0,-0.02,-121.7552302,36.5875133,236.75
-7.7,0.7,0.0,0.02,0.36,-0.39,0.02,-0.1,0.19,-2.09,-2.43,9.516,9.614,9.643,10.045,10.4,9.91,9.91,10.01,-0.003,0.002,-0.008,0.0,-0.02,-121.7552302,36.5875134,236.8
-7.6,0.7,0.0,0.02,0.4,-0.35,-0.12,0.27,-0.0,-2.11,-2.44,9.388,9.682,9.702,9.996,10.1,9.71,10.1,10.2,-0.003,0.002,-0.008,0.0,-0.02,-121.7552302,36.5875134,236.85
-7.6,0.7,0.0,0.02,0.46,-0.4,-0.22,-0.21,-0.0,-2.14,-2.44,9.467,9.643,9.692,9.898,10.2,9.71,9.91,9.81,-0.003,0.002,-0.008,0.0,-0.02,-121.7552302,36.5875134,236.9
-7.6,0.7,0.0,0.02,0.47,-0.35,-0.13,-0.19,0.13,-2.16,-2.43,9.408,9.614,9.79,9.849,10.3,9.91,9.81,9.81,-0.003,0.002,-0.008,0.0,-0.03,-121.7552302,36.5875134,236.95
-7.6,0.7,0.0,0.02,0.42,-0.31,0.09,-0.32,-0.04,-2.19,-2.43,9.457,9.526,9.781,9.928,10.1,9.81,9.91,9.91,-0.003,0.002,-0.008,0.0,-0.03,-121.7552302,36.5875134,237.0
-7.7,0.7,0.0,0.02,0.43,-0.36,0.23,-0.01,0.13,-2.21,-2.43,9.476,9.526,9.781,9.722,10.1,9.91,9.61,9.61,-0.003,0.002,-0.008,0.0,-0.03,-121.7552302,36.5875134,237.05
-7.6,0.7,0.0,0.02,0.43,-0.39,0.31,-0.03,0.46,-2.24,-2.42,9.496,9.555,9.859,9.849,10.2,9.71,10.4,10.01,-0.003,0.002,-0.008,0.0,-0.03,-121.7552302,36.5875134,237.1
-7.6,0.7,0.0,0.03,0.37,-0.33,0.19,-0.25,0.22,-2.11,-2.45,9.545,9.486,9.781,9.722,10.01,9.71,9.91,10.1,-0.003,0.002,-0.008,0.0,-0.03,-121.7552302,36.5875134,237.15
-7.6,0.7,0.0,0.03,0.43,-0.32,-0.06,0.22,0.14,-2.11,-2.46,9.584,9.516,9.751,9.741,10.01,9.91,9.42,10.1,-0.003,0.002,-0.008,0.0,-0.04,-121.7552302,36.5875134,237.2
-7.7,0.7,0.0,0.01,0.4,-0.42,-0.02,-0.07,-0.05,-2.09,-2.45,9.575,9.545,9.8,9.692,10.2,9.81,9.91,9.81,-0.003,0.002,-0.008,0.0,-0.0,-121.7552302,36.5875134,237.25
-7.6,0.7,0.0,0.01,0.39,-0.41,-0.09,0.11,-0.02,-2.1,-2.44,9.526,9.614,9.898,9.722,10.1,9.71,10.3,9.91,-0.003,0.002,-0.008,0.0,-0.01,-121.7552302,36.5875134,237.3
-7.6,0.7,0.0,0.01,0.4,-0.38,0.09,0.14,-0.06,-2.1,-2.42,9.535,9.584,9.83,9.879,10.2,9.52,9.42,9.71,-0.003,0.002,-0.008,0.0,-0.01,-121.7552302,36.5875135,237.35
-7.7,0.7,0.0,0.01,0.42,-0.41,0.07,0.1,-0.19,-2.09,-2.4,9.526,9.584,9.839,9.898,10.01,9.81,9.32,9.81,-0.003,0.002,-0.008,0.0,-0.01,-121.7552303,36.5875135,237.4
-7.6,0.7,0.0,0.01,0.38,-0.3,-0.2,-0.0,-0.22,-2.1,-2.44,9.516,9.594,9.898,9.849,10.1,9.91,9.81,10.01,-0.003,0.002,-0.008,0.0,-0.01,-121.7552303,36.5875135,237.45
-7.6,0.7,0.0,0.01,0.38,-0.38,-0.08,-0.06,0.2,-2.1,-2.42,9.437,9.604,9.908,9.849,10.3,10.01,9.91,10.1,-0.003,0.002,-0.008,0.0,-0.01,-121.7552303,36.5875135,237.5
-7.7,0.7,0.0,0.01,0.4,-0.32,0.31,-0.06,-0.05,-2.08,-2.4,9.496,9.594,9.83,9.692,10.2,9.71,9.61,10.1,-0.003,0.002,-0.008,0.0,-0.01,-121.7552303,36.5875135,237.55
-7.7,0.7,0.0,0.01,0.38,-0.32,0.03,-0.12,-0.17,-2.07,-2.39,9.516,9.614,9.81,9.643,10.2,9.81,9.71,9.91,-0.003,0.002,-0.008,0.0,-0.01,-121.7552303,36.5875135,237.6
-7.6,0.7,0.0,0.01,0.44,-0.37,-0.14,0.17,-0.07,-2.06,-2.37,9.702,9.565,9.663,9.624,10.1,9.61,10.01,9.71,-0.003,0.002,-0.008,0.0,-0.02,-121.7552303,36.5875135,237.65
-7.6,0.7,0.0,0.01,0.46,-0.42,-0.12,0.17,0.11,-2.05,-2.36,9.604,9.555,9.702,9.555,10.3,9.61,9.61,9.91,-0.003,0.002,-0.008,0.0,-0.02,-121.7552303,36.5875135,237.7
-7.6,0.7,0.0,0.01,0.46,-0.36,0.24,0.05,0.01,-2.04,-2.34,9.565,9.545,9.673,9.879,10.2,9.71,9.61,9.71,-0.003,0.002,-0.008,0.0,-0.02,-121.7552303,36.5875135,237.75
-7.7,0.7,0.0,0.01,0.43,-0.32,0.24,0.12,-0.02,-2.03,-2.33,9.516,9.565,9.781,9.879,10.3,9.81,10.01,10.01,-0.003,0.002,-0.008,0.0,-0.02,-121.7552303,36.5875135,237.8
-7.6,0.7,0.0,0.01,0.47,-0.31,0.09,-0.09,0.26,-2.02,-2.31,9.457,9.535,9.81,9.771,10.2,9.91,9.61,9.91,-0.003,0.002,-0.008,0.0,-0.02,-121.7552303,36.5875135,237.85
-7.7,0.7,0.0,0.01,0.41,-0.33,-0.06,-0.12,-0.37,-2.01,-2.29,9.447,9.565,9.81,9.692,10.01,9.61,9.91,9.71,-0.003,0.002,-0.008,0.0,-0.02,-121.7552303,36.5875136,237.9
-7.7,0.7,0.0,0.01,0.35,-0.34,0.07,-0.26,-0.16,-2.0,-2.28,9.476,9.516,9.82,9.928,10.2,9.81,9.81,10.1,-0.003,0.002,-0.008,0.0,-0.03,-121.7552303,36.5875136,237.95
-7.6,0.7,0.0,0.01,0.36,-0.34,0.13,0.17,0.0,-2.1,-2.43,9.584,9.526,9.879,9.879,10.1,9.91,9.91,10.3,-0.003,0.002,-0.008,0.0,0.0,-121.7552303,36.5875136,238.0
-7.6,0.7,0.0,0.02,0.5,-0.4,0.0,0.07,-0.01,-2.09,-2.43,9.486,9.555,9.81,9.741,10.2,9.61,9.91,9.91,-0.003,0.002,-0.008,0.0,0.01,-121.7552303,36.5875136,238.05
-7.6,0.7,0.0,0.01,0.42,-0.38,0.05,0.07,-0.09,-2.09,-2.43,9.447,9.604,9.722,9.624,10.01,9.81,9.42,10.01,-0.003,0.002,-0.008,0.0,-0.0,-121.7552303,36.5875136,238.1
-7.6,0.7,0.0,0.01,0.46,-0.37,-0.23,-0.03,0.05,-2.1,-2.43,9.476,9.673,9.653,9.977,10.01,9.81,9.71,10.01,-0.003,0.002,-0.008,0.0,-0.01,-121.7552303,36.5875136,238.15
-7.6,0.7,0.0,0.01,0.41,-0.37,-0.26,0.16,-0.3,-2.12,-2.43,9.486,9.663,9.947,9.673,10.2,9.91,9.91,9.81,-0.003,0.002,-0.008,0.0,0.0,-121.7552303,36.5875136,238.2
-7.6,0.7,0.0,0.01,0.41,-0.37,-0.03,0.05,0.25,-2.11,-2.43,9.457,9.594,9.624,9.771,10.4,9.81,9.81,9.91,-0.003,0.002,-0.008,0.0,-0.0,-121.7552303,36.5875136,238.25
-7.6,0.7,0.0,0.01,0.41,-0.35,-0.06,-0.14,-0.21,-2.1,-2.43,9.447,9.614,9.741,9.79,10.1,10.1,9.91,9.52,-0.003,0.002,-0.008,0.0,0.01,-121.7552303,36.5875136,238.3
-7.6,0.7,0.0,0.01,0.43,-0.36,-0.16,-0.33,0.14,-2.11,-2.43,9.496,9.653,9.663,9.928,10.2,10.01,9.61,9.91,-0.003,0.002,-0.008,0.0,-0.01,-121.7552303,36.5875136,238.35
-7.6,0.7,0.0,0.01,0.38,-0.34,0.01,0.22,-0.07,-2.12,-2.43,9.369,9.732,9.81,9.879,10.1,9.81,9.91,9.91,-0.003,0.002,-0.008,0.0,-0.01,-121.7552303,36.5875136,238.4
-7.6,0.7,0.0,0.01,0.39,-0.33,0.19,-0.1,0.0,-2.1,-2.43,9.565,9.565,9.712,9.604,10.01,9.71,9.71,9.81,-0.003,0.002,-0.008,0.0,0.01,-121.7552303,36.5875136,238.45
-7.6,0.7,0.0,0.01,0.42,-0.39,-0.24,-0.04,-0.14,-2.1,-2.42,9.427,9.83,9.79,9.977,10.1,9.81,9.42,10.1,-0.003,0.002,-0.008,0.0,0.01,-121.7552303,36.5875136,238.5
-7.6,0.7,0.0,0.01,0.4,-0.38,-0.12,0.35,-0.07,-2.11,-2.43,9.496,9.506,9.8,9.722,10.3,9.61,9.71,9.91,-0.003,0.002,-0.008,0.0,-0.0,-121.7552303,36.5875136,238.55
-7.6,0.7,0.0,0.01,0.42,-0.29,0.12,0.18,-0.23,-2.1,-2.43,9.457,9.663,10.055,9.722,10.5,9.81,9.61,10.1,-0.003,0.002,-0.008,0.0,0.0,-121.7552303,36.5875136,238.6
-7.6,0.7,0.0,0.01,0.39,-0.41,0.18,-0.25,-0.22,-2.11,-2.43,9.339,9.565,9.761,9.771,10.2,9.61,9.61,9.91,-0.003,0.002,-0.008,0.0,-0.0,-121.7552303,36.5875136,238.65
-7.6,0.7,0.0,0.01,0.45,-0.37,0.02,0.18,0.22,-2.1,-2.43,9.526,9.584,9.741,9.624,9.91,9.71,10.1,9.71,-0.003,0.002,-0.008,0.0,-0.01,-121.7552303,36.5875136,238.7
-7.6,0.7,0.0,0.0,0.38,-0.28,0.74,-0.48,0.14,-2.11,-2.43,9.555,9.604,9.702,9.692,10.1,9.81,10.01,10.1,-0.003,0.002,-0.008,0.0,-0.0,-121.7552303,36.5875136,238.75
-7.7,0.7,0.0,0.0,0.44,-0.41,0.21,-0.03,0.14,-2.1,-2.43,9.516,9.575,9.82,9.771,10.3,9.91,10.01,9.81,-0.003,0.002,-0.008,0.0,-0.0,-121.7552303,36.5875136,238.8
-7.6,0.7,0.0,-0.0,0.41,-0.32,0.0,-0.15,0.26,-2.11,-2.43,9.496,9.643,9.653,9.79,9.91,9.71,9.81,9.61,-0.003,0.002,-0.008,0.0,-0.0,-121.7552303,36.5875136,238.85
-7.6,0.7,0.0,0.02,0.47,-0.33,0.15,0.08,-0.29,-2.1,-2.43,9.535,9.555,9.79,9.692,10.3,9.81,10.1,9.91,-0.003,0.002,-0.008,0.0,-0.01,-121.7552303,36.5875136,238.9
-7.6,0.7,0.0,0.01,0.43,-0.36,0.04,0.19,0.11,-2.1,-2.42,9.673,9.457,9.8,9.624,10.3,9.81,10.01,9.61,-0.003,0.002,-0.008,0.0,-0.0,-121.7552303,36.5875137,238.95
-7.6,0.7,0.0,0.02,0.4,-0.4,0.2,-0.25,0.22,-2.08,-2.42,9.457,9.584,9.849,9.741,10.2,9.91,9.81,10.01,-0.003,0.002,-0.008,0.0,-0.01,-121.7552303,36.5875137,239.0
-7.6,0.7,0.0,0.02,0.37,-0.29,-0.2,-0.27,0.05,-2.11,-2.43,9.29,9.692,10.045,9.79,9.91,9.61,9.81,10.01,-0.003,0.002,-0.008,0.0,-0.01,-121.7552303,36.5875137,239.05
-7.7,0.7,0.0,0.02,0.47,-0.4,-0.23,0.1,-0.13,-2.12,-2.44,9.516,9.545,9.908,9.849,10.1,9.91,9.91,10.01,-0.003,0.002,-0.008,0.0,-0.01,-121.7552303,36.5875137,239.1
-7.6,0.7,0.0,0.02,0.44,-0.37,0.04,-0.11,-0.01,-2.14,-2.45,9.565,9.555,9.849,9.575,10.1,9.71,9.91,9.91,-0.003,0.002,-0.008,0.0,-0.01,-121.7552303,36.5875137,239.15
-7.6,0.7,0.0,0.01,0.35,-0.37,0.37,-0.16,0.25,-2.15,-2.45,9.457,9.584,9.741,9.741,10.3,9.91,9.81,9.91,-0.003,0.002,-0.008,0.0,-0.01,-121.7552303,36.5875137,239.2
-7.6,0.7,0.0,0.01,0.42,-0.34,-0.26,-0.1,0.01,-2.1,-2.42,9.506,9.535,9.967,9.526,10.1,9.61,9.91,9.81,-0.003,0.002,-0.008,0.0,-0.01,-121.7552303,36.5875137,239.25
-7.6,0.7,0.0,0.01,0.4,-0.3,0.03,-0.42,-0.04,-2.11,-2.43,9.516,9.604,9.761,9.624,10.4,10.01,10.1,10.1,-0.003,0.002,-0.008,0.0,-0.01,-121.7552303,36.5875137,239.3
-7.6,0.7,0.0,0.01,0.46,-0.41,-0.1,0.04,0.26,-2.1,-2.43,9.486,9.526,9.663,9.555,10.1,9.71,9.42,10.01,-0.003,0.002,-0.008,0.0,-0.01,-121.7552303,36.5875137,239.35
-7.6,0.7,0.0,0.01,0.38,-0.34,-0.0,-0.32,-0.02,-2.11,-2.45,9.408,9.673,9.751,9.692,10.5,9.81,9.81,9.91,-0.003,0.002,-0.008,0.0,-0.01,-121.7552303,36.5875137,239.4
-7.6,0.7,0.0,0.01,0.48,-0.43,-0.03,0.15,-0.3,-2.1,-2.44,9.535,9.692,9.633,9.741,10.01,10.01,9.91,9.81,-0.003,0.002,-0.008,0.0,-0.01,-121.7552303,36.5875137,239.45
-7.6,0.7,0.0,0.0,0.37,-0.27,0.07,-0.06,0.31,-2.1,-2.43,9.584,9.682,9.712,9.722,10.2,9.91,9.91,9.61,-0.003,0.002,-0.008,0.0,-0.01,-121.7552303,36.5875137,239.5
-7.6,0.7,0.0,0.0,0.44,-0.33,0.09,-0.19,-0.26,-2.1,-2.44,9.398,9.555,9.839,9.879,10.2,9.91,9.91,9.81,-0.003,0.002,-0.008,0.0,-0.01,-121.7552303,36.5875137,239.55
-7.6,0.7,0.0,-0.0,0.45,-0.42,0.27,-0.27,0.16,-2.11,-2.45,9.526,9.516,9.879,9.673,10.2,10.01,9.81,10.01,-0.003,0.002,-0.008,0.0,-0.01,-121.7552303,36.5875137,239.6
-7.6,0.7,0.0,-0.0,0.4,-0.36,-0.11,0.01,0.07,-2.1,-2.44,9.427,9.741,9.81,9.673,10.1,10.1,10.2,10.1,-0.003,0.002,-0.008,0.0,-0.02,-121.7552303,36.5875137,239.65
-7.6,0.7,0.0,-0.0,0.38,-0.32,-0.2,0.03,-0.18,-2.1,-2.45,9.604,9.408,9.781,9.604,10.01,9.61,9.91,9.91,-0.003,0.002,-0.008,0.0,-0.02,-121.7552303,36.5875137,239.7
-7.6,0.7,0.0,-0.01,0.39,-0.34,0.2,-0.06,-0.1,-2.08,-2.46,9.516,9.673,9.692,9.692,10.3,9.91,9.81,10.01,-0.003,0.002,-0.008,0.0,-0.01,-121.7552303,36.5875137,239.75
-7.6,0.7,0.0,-0.01,0.42,-0.33,-0.14,-0.17,0.33,-2.1,-2.43,9.408,9.633,9.869,9.81,10.4,9.81,9.71,10.01,-0.003,0.002,-0.008,0.0,-0.02,-121.7552303,36.5875137,239.8
-7.6,0.7,0.0,0.01,0.39,-0.39,0.05,-0.06,-0.19,-2.11,-2.45,9.535,9.555,9.849,9.692,10.2,9.91,9.81,9.81,-0.003,0.002,-0.008,0.0,-0.0,-121.7552303,36.5875137,239.85
-7.6,0.7,0.0,0.02,0.44,-0.36,0.04,-0.0,-0.1,-2.12,-2.44,9.506,9.682,9.614,9.79,10.4,9.61,9.61,10.1,-0.003,0.002,-0.008,0.0,-0.01,-121.7552303,36.5875137,239.9
-7.6,0.7,0.0,0.01,0.4,-0.29,-0.32,-0.01,-0.21,-2.14,-2.45,9.408,9.555,9.879,9.741,10.1,9.71,9.42,9.81,-0.003,0.002,-0.008,0.0,-0.0,-121.7552303,36.5875137,239.95
-7.6,0.7,0.0,0.01,0.4,-0.37,-0.06,0.16,0.06,-2.16,-2.46,9.526,9.653,9.722,9.849,10.01,10.01,9.61,9.91,-0.003,0.002,-0.008,0.0,-0.0,-121.7552303,36.5875137,240.0
-7.6,0.7,0.0,0.02,0.4,-0.35,0.16,-0.08,-0.01,-2.1,-2.45,9.398,9.663,9.712,9.81,10.2,9.81,9.81,10.1,-0.003,0.002,-0.008,0.0,-0.01,-121.7552303,36.5875137,240.05
-7.6,0.7,0.0,0.02,0.39,-0.31,0.4,0.3,0.16,-2.1,-2.44,9.339,9.624,9.947,9.722,10.1,9.61,9.81,9.81,-0.003,0.002,-0.008,0.0,-0.01,-121.7552303,36.5875137,240.1
-7.6,0.7,0.0,0.02,0.46,-0.4,0.17,-0.0,0.12,-2.09,-2.43,9.506,9.624,9.781,9.673,10.2,9.81,9.61,9.61,-0.003,0.002,-0.008,0.0,-0.01,-121.7552303,36.5875137,240.15
-7.6,0.7,0.0,0.02,0.37,-0.33,0.06,0.09,0.25,-2.07,-2.42,9.437,9.653,9.781,9.692,10.5,9.71,9.32,9.91,-0.003,0.002,-0.008,0.0,-0.01,-121.7552303,36.5875137,240.2
-7.6,0.7,0.0,0.02,0.47,-0.4,-0.13,0.11,-0.2,-2.06,-2.41,9.329,9.741,9.898,9.81,10.2,9.91,10.01,10.01,-0.003,0.002,-0.008,0.0,-0.01,-121.7552303,36.5875137,240.25
-7.6,0.7,0.0,0.01,0.38,-0.35,0.27,-0.13,0.21,-2.04,-2.41,9.486,9.535,9.82,9.722,10.1,9.71,9.81,10.01,-0.003,0.002,-0.008,0.0,-0.0,-121.7552303,36.5875137,240.3
-7.6,0.7,0.0,0.01,0.4,-0.31,0.21,0.4,0.02,-2.03,-2.4,9.673,9.437,9.643,9.79,10.3,9.91,9.81,9.91,-0.003,0.002,-0.008,0.0,-0.0,-121.7552303,36.5875137,240.35
-7.6,0.7,0.0,0.02,0.4,-0.35,0.03,-0.19,0.15,-2.01,-2.39,9.467,9.761,9.506,9.849,10.5,9.91,9.81,9.91,-0.003,0.002,-0.008,0.0,-0.01,-121.7552303,36.5875138,240.4
-7.6,0.7,0.0,0.02,0.39,-0.29,0.07,-0.07,-0.01,-2.1,-2.44,9.535,9.526,9.957,9.673,10.3,9.91,9.61,10.4,-0.003,0.002,-0.008,0.0,-0.01,-121.7552303,36.5875138,240.45
-7.6,0.7,0.0,0.01,0.44,-0.36,0.21,0.02,0.18,-2.11,-2.44,9.545,9.633,9.839,9.722,10.2,9.81,9.81,9.71,-0.003,0.002,-0.008,0.0,-0.0,-121.7552303,36.5875138,240.5
-7.6,0.7,0.0,0.01,0.52,-0.5,-0.36,-0.17,0.32,-2.11,-2.44,9.496,9.575,9.682,9.643,10.1,10.01,9.61,9.81,-0.003,0.002,-0.008,0.0,-0.0,-121.7552303,36.5875138,240.55
-7.6,0.7,0.0,0.02,0.42,-0.4,0.17,0.22,-0.18,-2.1,-2.44,9.398,9.604,9.81,9.81,10.2,9.71,9.81,9.91,-0.003,0.002,-0.008,0.0,-0.01,-121.7552303,36.5875138,240.6
-7.6,0.7,0.0,0.01,0.36,-0.32,-0.14,-0.06,-0.08,-2.1,-2.44,9.388,9.555,9.859,9.81,10.2,9.61,9.81,9.81,-0.003,0.002,-0.008,0.0,-0.0,-121.7552303,36.5875137,240.65
-7.6,0.7,0.0,0.0,0.4,-0.37,-0.03,0.03,-0.01,-2.11,-2.44,9.545,9.555,9.81,9.604,10.2,9.61,10.2,10.2,-0.003,0.002,-0.008,0.0,-0.0,-121.7552303,36.5875137,240.7
-7.6,0.7,0.0,0.0,0.4,-0.38,-0.14,0.3,0.3,-2.12,-2.43,9.496,9.663,9.722,9.722,10.2,9.71,10.1,10.01,-0.003,0.002,-0.008,0.0,0.0,-121.7552303,36.5875137,240.75
-7.6,0.7,0.0,0.01,0.44,-0.31,0.16,0.28,-0.1,-2.09,-2.44,9.418,9.653,9.928,9.692,10.2,9.61,9.91,10.1,-0.003,0.002,-0.008,0.0,-0.0,-121.7552303,36.5875137,240.8
-7.6,0.7,0.0,0.0,0.42,-0.45,0.14,-0.32,-0.1,-2.11,-2.44,9.467,9.624,9.702,9.692,10.2,10.01,10.2,9.81,-0.003,0.002,-0.008,0.0,-0.0,-121.7552303,36.5875137,240.85
-7.6,0.7,0.0,0.01,0.45,-0.29,-0.15,-0.16,-0.05,-2.1,-2.45,9.673,9.565,9.781,9.771,10.1,10.01,9.81,9.91,-0.003,0.002,-0.008,0.0,-0.0,-121.7552303,36.5875137,240.9
-7.6,0.7,0.0,0.01,0.42,-0.37,0.02,0.02,-0.07,-2.1,-2.43,9.604,9.663,9.682,9.771,10.1,9.81,9.71,10.01,-0.003,0.002,-0.008,0.0,0.0,-121.7552303,36.5875137,240.95
-7.6,0.7,0.0,0.01,0.37,-0.34,0.29,-0.18,-0.22,-2.11,-2.45,9.427,9.594,9.957,9.741,10.2,9.71,9.32,10.01,-0.003,0.002,-0.008,0.0,0.01,-121.7552303,36.5875137,241.0
-7.6,0.7,0.0,0.01,0.47,-0.44,-0.11,0.05,-0.05,-2.09,-2.45,9.496,9.604,9.898,9.692,10.1,10.1,10.1,9.81,-0.003,0.002,-0.008,0.0,0.01,-121.7552303,36.5875137,241.05
-7.6,0.7,0.0,0.01,0.44,-0.36,0.05,0.19,0.08,-2.1,-2.44,9.418,9.624,9.702,9.643,10.01,9.81,9.61,10.2,-0.003,0.002,-0.008,0.0,0.02,-121.7552303,36.5875137,241.1
-7.7,0.7,0.0,0.01,0.4,-0.33,0.12,-0.04,0.22,-2.09,-2.45,9.418,9.584,9.869,9.624,10.1,9.81,9.81,9.91,-0.003,0.002,-0.008,0.0,0.02,-121.7552303,36.5875137,241.15
-7.6,0.7,0.0,0.01,0.38,-0.25,-0.12,0.06,-0.11,-2.11,-2.45,9.467,9.673,9.83,9.692,10.2,9.81,9.52,10.01,-0.003,0.002,-0.008,0.0,0.02,-121.7552303,36.5875137,241.2
-7.6,0.7,0.0,0.0,0.41,-0.39,0.07,0.03,-0.0,-2.1,-2.44,9.496,9.565,9.781,9.79,10.1,9.81,10.1,10.01,-0.003,0.002,-0.008,0.0,0.03,-121.7552303,36.5875137,241.25
-7.6,0.7,0.0,0.0,0.41,-0.37,-0.37,0.1,0.03,-2.1,-2.44,9.545,9.575,9.967,9.673,10.2,9.71,9.61,9.61,-0.003,0.002,-0.008,0.0,0.03,-121.7552303,36.5875137,241.3
-7.6,0.7,0.0,0.0,0.34,-0.35,-0.08,-0.11,-0.25,-2.1,-2.45,9.437,9.624,9.8,9.673,10.01,9.81,9.61,10.1,-0.003,0.002,-0.008,0.0,0.04,-121.7552303,36.5875137,241.35
-7.6,0.7,0.0,0.0,0.33,-0.35,-0.11,-0.03,0.09,-2.09,-2.44,9.388,9.692,9.879,9.741,9.91,9.61,9.61,9.81,-0.003,0.002,-0.008,0.0,0.04,-121.7552303,36.5875137,241.4
-7.6,0.7,0.0,0.0,0.37,-0.24,-0.17,-0.39,-0.03,-2.12,-2.45,9.388,9.761,9.79,9.849,10.1,9.71,9.91,9.81,-0.003,0.002,-0.008,0.0,0.04,-121.7552303,36.5875137,241.45
-7.6,0.7,0.0,0.0,0.41,-0.36,0.26,0.13,0.05,-2.1,-2.45,9.604,9.555,9.692,9.928,10.2,9.71,10.01,10.01,-0.003,0.002,-0.008,0.0,0.05,-121.7552303,36.5875137,241.5
-7.6,0.7,0.0,0.0,0.42,-0.39,-0.03,-0.13,0.05,-2.1,-2.44,9.653,9.535,9.82,9.741,10.01,10.01,10.3,9.81,-0.003,0.002,-0.008,0.0,0.05,-121.7552303,36.5875137,241.55
-7.6,0.7,0.0,0.0,0.49,-0.41,-0.19,-0.16,0.12,-2.1,-2.44,9.565,9.486,9.83,9.771,10.1,9.91,9.81,10.1,-0.003,0.002,-0.008,0.0,0.06,-121.7552303,36.5875137,241.6
-7.6,0.7,0.0,0.0,0.38,-0.38,-0.03,0.09,-0.15,-2.11,-2.46,9.447,9.535,9.82,9.849,10.1,9.91,9.61,9.81,-0.003,0.002,-0.008,0.0,0.06,-121.7552303,36.5875137,241.65
-7.6,0.7,0.0,0.0,0.39,-0.3,0.1,-0.3,0.21,-2.11,-2.44,9.339,9.624,9.967,9.879,10.2,9.71,9.52,10.01,-0.003,0.002,-0.008,0.0,0.07,-121.7552303,36.5875137,241.7
-7.7,0.7,0.0,0.0,0.36,-0.33,-0.09,-0.34,0.26,-2.1,-2.45,9.516,9.575,9.82,9.898,10.01,9.91,10.1,9.81,-0.003,0.002,-0.008,0.0,0.07,-121.7552303,36.5875137,241.75
-7.6,0.7,0.0,0.0,0.47,-0.38,-0.02,-0.11,-0.2,-2.1,-2.45,9.555,9.604,9.81,9.741,10.2,9.71,9.91,9.81,-0.003,0.002,-0.008,0.0,0.08,-121.7552303,36.5875137,241.8
-7.6,0.7,0.0,0.0,0.38,-0.33,-0.09,-0.28,-0.01,-2.1,-2.46,9.516,9.594,9.81,9.692,10.01,9.81,9.91,9.91,-0.003,0.002,-0.008,0.0,0.08,-121.7552303,36.5875137,241.85
-7.6,0.7,0.0,0.0,0.35,-0.34,-0.15,0.01,-0.13,-2.1,-2.47,9.437,9.663,9.663,9.692,10.3,9.81,9.71,10.2,-0.003,0.002,-0.008,0.0,0.08,-121.7552303,36.5875137,241.9
-7.6,0.7,0.0,0.0,0.41,-0.36,0.02,-0.21,0.06,-2.1,-2.48,9.398,9.682,9.751,9.79,10.01,9.61,10.01,10.01,-0.003,0.002,-0.008,0.0,0.09,-121.7552303,36.5875138,241.95
-7.6,0.7,0.0,-0.0,0.41,-0.26,-0.15,0.5,-0.18,-2.09,-2.45,9.369,9.702,9.663,9.81,10.3,9.71,9.91,10.01,-0.003,0.002,-0.008,0.0,0.09,-121.7552303,36.5875138,242.0
-7.6,0.7,0.0,-0.0,0.43,-0.37,0.06,0.29,0.31,-2.1,-2.44,9.476,9.732,9.673,9.79,10.2,9.81,9.91,10.01,-0.003,0.002,-0.008,0.0,0.1,-121.7552303,36.5875138,242.05
-7.6,0.7,0.0,-0.0,0.41,-0.35,0.18,0.19,-0.27,-2.1,-2.45,9.545,9.516,9.741,9.555,10.1,9.91,10.1,10.01,-0.003,0.002,-0.008,0.0,0.1,-121.7552303,36.5875138,242.1
-7.6,0.7,0.0,-0.0,0.38,-0.34,-0.1,0.04,0.39,-2.1,-2.44,9.516,9.692,9.614,9.849,9.81,9.71,9.61,9.81,-0.003,0.002,-0.008,0.0,0.11,-121.7552303,36.5875138,242.15
-7.6,0.7,0.0,-0.0,0.37,-0.35,0.36,-0.03,-0.23,-2.1,-2.45,9.604,9.584,9.712,9.673,10.2,10.01,9.91,9.81,-0.003,0.002,-0.008,0.0,0.11,-121.7552303,36.5875138,242.2
-7.6,0.7,0.0,-0.0,0.41,-0.35,0.04,0.13,0.15,-2.1,-2.46,9.614,9.643,9.467,9.898,10.3,9.52,9.71,9.81,-0.003,0.002,-0.008,0.0,0.11,-121.7552303,36.5875138,242.25
-7.6,0.7,0.0,-0.0,0.41,-0.39,0.11,0.25,0.18,-2.1,-2.46,9.535,9.476,9.82,9.722,10.3,9.81,10.01,9.71,-0.003,0.002,-0.008,0.0,0.12,-121.7552303,36.5875138,242.3
-7.6,0.7,0.0,-0.0,0.42,-0.35,-0.08,0.2,-0.14,-2.1,-2.45,9.545,9.624,9.545,9.879,10.1,9.71,9.81,10.01,-0.003,0.002,-0.008,0.0,0.12,-121.7552303,36.5875138,242.35
-7.6,0.7,0.0,-0.0,0.42,-0.36,-0.23,0.04,-0.4,-2.1,-2.45,9.535,9.584,9.81,9.79,10.3,9.91,10.1,10.1,-0.003,0.002,-0.008,0.0,0.13,-121.7552303,36.5875138,242.4
-7.6,0.7,0.0,-0.0,0.42,-0.34,-0.04,0.08,-0.18,-2.11,-2.46,9.496,9.653,9.918,9.692,10.01,9.81,9.71,10.1,-0.003,0.002,-0.008,0.0,0.13,-121.7552303,36.5875138,242.45
-7.6,0.7,0.0,-0.0,0.47,-0.39,-0.07,-0.05,0.09,-2.1,-2.45,9.388,9.624,9.741,9.771,10.2,9.81,9.52,9.91,-0.003,0.002,-0.008,0.0,0.14,-121.7552303,36.5875138,242.5
-7.6,0.7,0.0,-0.0,0.39,-0.34,-0.1,-0.03,-0.37,-2.1,-2.45,9.506,9.653,9.751,9.604,10.2,9.91,9.61,10.01,-0.003,0.002,-0.008,0.0,0.14,-121.7552303,36.5875138,242.55
-7.6,0.7,0.0,-0.0,0.48,-0.34,0.07,0.28,0.09,-2.11,-2.47,9.506,9.663,9.653,9.771,9.91,9.61,9.71,9.91,-0.003,0.002,-0.008,0.0,0.14,-121.7552303,36.5875138,242.6
-7.6,0.7,0.0,-0.0,0.37,-0.31,-0.04,-0.22,-0.04,-2.11,-2.49,9.467,9.535,9.663,9.673,10.1,10.01,9.91,10.1,-0.003,0.002,-0.008,0.0,0.15,-121.7552303,36.5875138,242.65
-7.6,0.7,0.0,-0.01,0.42,-0.35,0.35,0.18,-0.05,-2.1,-2.45,9.447,9.673,9.692,9.771,10.3,9.81,9.71,9.91,-0.003,0.002,-0.008,0.0,0.15,-121.7552303,36.5875139,242.7
-7.6,0.7,0.0,-0.01,0.42,-0.38,0.09,-0.14,-0.08,-2.11,-2.45,9.437,9.643,9.82,9.692,10.2,9.42,9.81,9.61,-0.003,0.002,-0.008,0.0,0.16,-121.7552303,36.5875138,242.75
-7.6,0.7,0.0,-0.01,0.43,-0.43,-0.2,0.08,0.11,-2.11,-2.45,9.437,9.781,9.771,9.741,9.91,10.01,10.01,9.61,-0.003,0.002,-0.008,0.0,0.16,-121.7552303,36.5875137,242.8
-7.6,0.7,0.0,-0.01,0.46,-0.31,-0.04,-0.05,-0.19,-2.12,-2.45,9.535,9.526,9.82,9.604,10.1,9.71,9.91,9.71,-0.003,0.002,-0.008,0.0,0.17,-121.7552303,36.5875137,242.85
-7.6,0.7,0.0,-0.01,0.42,-0.39,-0.04,-0.02,0.42,-2.12,-2.45,9.575,9.535,9.741,9.673,10.01,9.91,10.1,10.01,-0.003,0.002,-0.008,0.0,0.17,-121.7552303,36.5875137,242.9
-7.6,0.7,0.0,-0.01,0.36,-0.34,-0.07,-0.58,0.05,-2.12,-2.45,9.496,9.692,9.712,9.722,10.1,9.91,9.52,9.71,-0.003,0.002,-0.008,0.0,0.17,-121.7552303,36.5875137,242.95
-7.7,0.7,0.0,-0.01,0.38,-0.34,0.07,0.27,-0.06,-2.13,-2.45,9.457,9.594,9.849,9.771,10.01,9.81,10.01,9.61,-0.003,0.002,-0.008,0.0,0.18,-121.7552303,36.5875137,243.0
-7.6,0.7,0.0,-0.01,0.37,-0.36,0.13,-0.0,0.06,-2.11,-2.45,9.476,9.663,9.604,9.79,10.1,9.61,9.91,10.1,-0.003,0.002,-0.008,0.0,0.18,-121.7552303,36.5875137,243.05
-7.6,0.7,0.0,-0.01,0.47,-0.33,0.12,-0.15,-0.09,-2.12,-2.46,9.506,9.555,9.849,9.673,10.1,9.91,9.42,9.81,-0.003,0.002,-0.008,0.0,0.19,-121.7552303,36.5875137,243.1
-7.6,0.7,0.0,-0.01,0.32,-0.36,-0.03,-0.01,-0.2,-2.13,-2.47,9.457,9.732,9.526,9.898,10.1,9.71,9.81,9.91,-0.003,0.002,-0.008,0.0,0.19,-121.7552303,36.5875137,243.15
-7.6,0.7,0.0,-0.01,0.47,-0.34,0.41,0.4,-0.17,-2.13,-2.47,9.476,9.614,9.83,9.722,10.3,9.81,9.71,10.3,-0.003,0.002,-0.008,0.0,0.2,-121.7552303,36.5875137,243.2
-7.6,0.7,0.0,-0.01,0.38,-0.35,-0.01,-0.38,0.01,-2.14,-2.48,9.437,9.545,9.781,9.673,10.1,9.81,10.1,10.01,-0.003,0.002,-0.008,0.0,0.2,-121.7552303,36.5875137,243.25
-7.6,0.7,0.0,-0.01,0.5,-0.36,-0.2,0.29,-0.16,-2.1,-2.46,9.555,9.673,9.781,9.555,10.4,9.71,9.61,9.71,-0.003,0.002,-0.008,0.0,0.2,-121.7552303,36.5875137,243.3
-7.6,0.7,0.0,-0.01,0.42,-0.38,0.18,-0.08,0.16,-2.11,-2.45,9.565,9.624,9.781,9.771,10.2,9.81,9.91,9.81,-0.003,0.002,-0.008,0.0,0.21,-121.7552303,36.5875137,243.35
-7.6,0.7,0.0,-0.01,0.42,-0.34,-0.13,-0.04,-0.16,-2.1,-2.44,9.467,9.614,9.81,9.977,10.5,9.71,9.52,9.91,-0.003,0.002,-0.008,0.0,0.21,-121.7552303,36.5875137,243.4
-7.6,0.7,0.0,-0.01,0.38,-0.29,-0.07,-0.02,-0.05,-2.11,-2.44,9.516,9.584,9.781,9.722,10.01,9.71,9.61,9.81,-0.003,0.002,-0.008,0.0,0.22,-121.7552303,36.5875137,243.45
-7.6,0.7,0.0,-0.01,0.39,-0.4,-0.24,0.25,0.21,-2.11,-2.43,9.496,9.663,9.741,9.673,10.1,9.91,9.42,10.2,-0.003,0.002,-0.008,0.0,0.22,-121.7552303,36.5875137,243.5
-7.6,0.7,0.0,-0.01,0.45,-0.41,0.19,-0.07,-0.01,-2.11,-2.42,9.388,9.643,9.849,9.849,10.01,9.81,10.2,10.1,-0.003,0.002,-0.008,0.0,0.23,-121.7552303,36.5875137,243.55
-7.7,0.7,0.0,-0.01,0.42,-0.34,0.25,0.21,0.4,-2.1,-2.45,9.418,9.614,9.712,9.741,10.2,9.52,9.42,9.71,-0.003,0.002,-0.008,0.0,0.23,-121.7552303,36.5875137,243.6
-7.6,0.7,0.0,-0.01,0.49,-0.38,-0.27,-0.11,0.07,-2.09,-2.43,9.565,9.624,9.732,9.722,10.1,10.1,9.71,9.61,-0.003,0.002,-0.008,0.0,0.23,-121.7552303,36.5875137,243.65
-7.6,0.7,0.0,-0.01,0.4,-0.35,-0.13,0.12,-0.07,-2.1,-2.46,9.633,9.584,9.82,9.624,10.1,9.52,10.3,10.01,-0.003,0.002,-0.008,0.0,0.24,-121.7552303,36.5875137,243.7
-7.6,0.7,0.0,-0.01,0.37,-0.37,0.4,-0.37,-0.0,-2.11,-2.45,9.486,9.584,9.732,9.898,10.2,9.71,10.1,9.91,-0.003,0.002,-0.008,0.0,0.24,-121.7552303,36.5875137,243.75
-7.7,0.7,0.0,-0.01,0.46,-0.36,-0.01,-0.38,0.16,-2.1,-2.45,9.476,9.633,9.535,9.741,10.2,9.61,9.42,9.71,-0.003,0.002,-0.008,0.0,0.25,-121.7552303,36.5875137,243.8
-7.6,0.7,0.0,-0.01,0.41,-0.28,-0.05,-0.08,0.18,-2.1,-2.47,9.575,9.584,9.781,9.692,10.2,9.81,9.91,10.1,-0.003,0.002,-0.008,0.0,0.25,-121.7552303,36.5875137,243.85
-7.6,0.7,0.0,-0.01,0.39,-0.36,-0.09,0.04,0.19,-2.11,-2.47,9.447,9.653,9.83,9.722,10.01,9.71,9.32,10.01,-0.003,0.002,-0.008,0.0,0.26,-121.7552303,36.5875137,243.9
-7.7,0.7,0.0,-0.01,0.43,-0.33,-0.06,0.42,-0.12,-2.12,-2.49,9.545,9.575,9.81,9.692,10.2,9.61,9.71,10.01,-0.003,0.002,-0.008,0.0,0.26,-121.7552303,36.5875137,243.95
-7.7,0.7,0.0,-0.01,0.43,-0.3,0.07,0.19,0.27,-2.13,-2.51,9.535,9.604,9.8,9.643,10.01,9.81,10.1,10.3,-0.003,0.002,-0.008,0.0,0.26,-121.7552303,36.5875137,244.0
-7.6,0.7,0.0,-0.01,0.38,-0.41,0.1,0.23,0.18,-2.14,-2.53,9.457,9.624,9.81,9.898,10.3,9.81,9.71,10.2,-0.003,0.002,-0.008,0.0,0.27,-121.7552303,36.5875137,244.05
-7.6,0.7,0.0,-0.01,0.4,-0.35,-0.1,-0.25,0.14,-2.15,-2.56,9.398,9.643,9.732,9.771,10.3,9.91,9.32,9.81,-0.003,0.002,-0.008,0.0,0.27,-121.7552303,36.5875137,244.1
-7.7,0.7,0.0,-0.0,0.43,-0.28,-0.0,0.0,0.14,-2.16,-2.58,9.447,9.604,9.741,9.898,10.1,9.91,9.91,10.01,-0.003,0.002,-0.008,0.0,0.0,-121.7552303,36.5875137,244.15
-7.6,0.7,0.0,-0.0,0.41,-0.35,0.13,-0.11,0.34,-2.17,-2.6,9.486,9.624,9.761,9.722,10.2,9.61,9.81,10.01,-0.003,0.002,-0.008,0.0,0.0,-121.7552303,36.5875137,244.2
-7.7,0.7,0.0,-0.0,0.41,-0.43,-0.05,0.15,-0.01,-2.1,-2.46,9.418,9.575,9.81,9.879,10.4,9.61,9.61,9.81,-0.003,0.002,-0.008,0.0,0.0,-121.7552303,36.5875137,244.25
-7.6,0.7,0.0,-0.0,0.46,-0.34,-0.06,-0.34,0.27,-2.09,-2.45,9.457,9.692,9.81,9.722,10.2,9.81,9.61,9.42,-0.003,0.002,-0.008,0.0,0.01,-121.7552303,36.5875137,244.3
-7.7,0.7,0.0,-0.0,0.42,-0.33,-0.08,-0.32,-0.07,-2.08,-2.44,9.604,9.614,9.888,9.673,10.5,9.71,9.91,9.91,-0.003,0.002,-0.008,0.0,0.0,-121.7552303,36.5875137,244.35
-7.6,0.7,0.0,-0.01,0.34,-0.34,0.21,-0.07,-0.18,-2.1,-2.46,9.418,9.555,9.849,9.879,10.3,9.71,9.81,9.91,-0.003,0.002,-0.008,0.0,0.01,-121.7552303,36.5875137,244.4
-7.6,0.7,0.0,-0.01,0.39,-0.37,0.21,0.08,0.04,-2.1,-2.46,9.467,9.673,9.81,9.722,10.3,9.81,9.52,9.71,-0.003,0.002,-0.008,0.0,0.01,-121.7552303,36.5875137,244.45
-7.6,0.7,0.0,-0.01,0.45,-0.4,0.18,0.02,0.01,-2.1,-2.46,9.555,9.575,9.663,9.722,10.2,9.71,9.91,10.2,-0.003,0.002,-0.008,0.0,0.01,-121.7552303,36.5875137,244.5
-7.6,0.7,0.0,-0.02,0.42,-0.38,-0.25,0.0,0.05,-2.1,-2.46,9.467,9.653,9.81,9.643,10.3,9.81,9.52,9.81,-0.003,0.002,-0.008,0.0,0.01,-121.7552303,36.5875137,244.55
-7.6,0.7,0.0,-0.02,0.44,-0.25,0.04,-0.21,-0.13,-2.1,-2.46,9.349,9.604,9.673,9.996,10.01,9.52,9.91,9.91,-0.003,0.002,-0.008,0.0,0.02,-121.7552303,36.5875137,244.6
-7.7,0.7,0.0,0.0,0.52,-0.38,-0.24,-0.13,0.03,-2.09,-2.45,9.604,9.584,9.702,9.771,10.3,9.71,10.2,10.2,-0.003,0.002,-0.008,0.0,0.0,-121.7552303,36.5875137,244.65
-7.7,0.7,0.0,-0.0,0.38,-0.39,0.2,0.04,-0.18,-2.09,-2.46,9.486,9.692,9.879,9.741,10.01,9.52,9.81,9.81,-0.003,0.002,-0.008,0.0,-0.0,-121.7552303,36.5875137,244.7
-7.6,0.7,0.0,0.0,0.39,-0.26,0.21,0.42,0.17,-2.07,-2.46,9.467,9.555,9.732,9.879,10.4,9.81,10.1,9.81,-0.003,0.002,-0.008,0.0,-0.0,-121.7552303,36.5875137,244.75
-7.6,0.7,0.0,0.0,0.44,-0.39,0.06,-0.22,-0.12,-2.05,-2.46,9.584,9.555,9.8,9.643,10.1,9.91,9.71,10.01,-0.003,0.002,-0.008,0.0,-0.0,-121.7552303,36.5875137,244.8
-7.6,0.7,0.0,0.0,0.39,-0.37,0.07,-0.06,0.06,-2.03,-2.46,9.408,9.712,9.771,9.771,10.2,9.81,9.81,9.81,-0.003,0.002,-0.008,0.0,-0.0,-121.7552303,36.5875137,244.85
-7.7,0.7,0.0,-0.0,0.41,-0.32,-0.01,-0.4,0.28,-2.12,-2.46,9.467,9.624,9.947,9.673,10.1,9.61,9.91,9.91,-0.003,0.002,-0.008,0.0,-0.0,-121.7552303,36.5875137,244.9
-7.6,0.7,0.0,-0.0,0.41,-0.32,-0.16,0.02,0.13,-2.1,-2.46,9.447,9.663,9.673,9.849,10.4,9.61,10.2,9.91,-0.003,0.002,-0.008,0.0,0.0,-121.7552303,36.5875137,244.95
-7.6,0.7,0.0,-0.0,0.46,-0.34,-0.0,-0.06,0.01,-2.11,-2.46,9.329,9.663,9.879,9.81,10.1,10.01,9.52,10.01,-0.003,0.002,-0.008,0.0,0.0,-121.7552303,36.5875137,245.0
-7.6,0.7,0.0,-0.0,0.43,-0.42,-0.43,0.06,0.04,-2.1,-2.46,9.398,9.594,9.859,9.604,10.3,9.71,9.81,9.81,-0.003,0.002,-0.008,0.0,-0.0,-121.7552303,36.5875137,245.05
-7.6,0.7,0.0,-0.0,0.37,-0.32,-0.02,0.21,-0.29,-2.1,-2.47,9.535,9.624,9.663,9.898,10.2,9.61,10.1,9.91,-0.003,0.002,-0.008,0.0,-0.0,-121.7552303,36.5875137,245.1
-7.6,0.7,0.0,-0.0,0.46,-0.32,-0.01,-0.11,0.22,-2.1,-2.45,9.486,9.614,9.938,9.722,10.2,9.81,9.42,10.01,-0.003,0.002,-0.008,0.0,0.0,-121.7552303,36.5875137,245.15
-7.6,0.7,0.0,-0.0,0.39,-0.38,0.15,-0.4,0.13,-2.08,-2.43,9.486,9.633,9.82,9.692,10.5,9.61,10.01,10.01,-0.003,0.002,-0.008,0.0,0.0,-121.7552303,36.5875137,245.2
-7.7,0.7,0.0,-0.0,0.41,-0.31,-0.19,0.18,0.11,-2.07,-2.41,9.516,9.486,9.996,9.604,10.2,9.81,9.81,9.91,-0.003,0.002,-0.008,0.0,0.0,-121.7552303,36.5875136,245.25
-7.7,0.7,0.0,-0.0,0.42,-0.43,-0.3,0.23,-0.1,-2.1,-2.46,9.604,9.565,9.81,9.575,10.1,9.91,10.01,10.01,-0.003,0.002,-0.008,0.0,-0.0,-121.7552303,36.5875136,245.3
-7.7,0.7,0.0,-0.01,0.38,-0.36,-0.02,0.04,0.02,-2.1,-2.47,9.486,9.712,9.682,9.849,10.01,9.71,9.81,10.01,-0.003,0.002,-0.008,0.0,0.0,-121.7552303,36.5875136,245.35
-7.7,0.7,0.0,-0.01,0.42,-0.32,-0.2,-0.04,0.08,-2.1,-2.46,9.427,9.516,9.79,9.81,10.4,10.01,9.52,9.81,-0.003,0.002,-0.008,0.0,0.0,-121.7552303,36.5875136,245.4
-7.6,0.7,0.0,-0.01,0.41,-0.32,-0.03,-0.02,-0.05,-2.1,-2.46,9.467,9.682,9.565,9.898,10.01,9.71,9.71,9.52,-0.003,0.002,-0.008,0.0,0.0,-121.7552303,36.5875136,245.45
-7.6,0.7,0.0,-0.01,0.42,-0.34,0.13,0.22,-0.02,-2.1,-2.46,9.408,9.604,9.918,9.692,10.4,9.81,9.52,10.01,-0.003,0.002,-0.008,0.0,0.0,-121.7552303,36.5875136,245.5
-7.6,0.7,0.0,-0.01,0.36,-0.35,-0.29,0.03,-0.33,-2.1,-2.46,9.378,9.653,9.81,9.555,10.1,9.91,10.1,9.52,-0.003,0.002,-0.008,0.0,-0.0,-121.7552303,36.5875136,245.55
-7.6,0.7,0.0,-0.01,0.41,-0.34,0.21,0.27,-0.14,-2.1,-2.47,9.349,9.604,9.869,9.79,10.2,9.81,9.52,9.81,-0.003,0.002,-0.008,0.0,0.0,-121.7552303,36.5875136,245.6
-7.6,0.7,0.0,-0.01,0.42,-0.31,-0.14,-0.52,0.06,-2.11,-2.46,9.32,9.604,10.006,9.79,10.3,9.91,9.91,9.81,-0.003,0.002,-0.008,0.0,-0.0,-121.7552303,36.5875136,245.65
-7.6,0.7,0.0,-0.01,0.43,-0.38,0.15,-0.07,0.15,-2.11,-2.46,9.476,9.584,9.761,9.692,10.2,9.91,9.91,9.61,-0.003,0.002,-0.008,0.0,0.0,-121.7552303,36.5875136,245.7
-7.6,0.7,0.0,-0.01,0.37,-0.33,-0.19,-0.06,0.09,-2.1,-2.46,9.457,9.614,9.928,9.624,10.3,9.42,9.61,10.1,-0.003,0.002,-0.008,0.0,0.0,-121.7552303,36.5875136,245.75
-7.6,0.7,0.0,-0.01,0.38,-0.39,-0.13,-0.04,0.22,-2.1,-2.46,9.437,9.702,9.839,9.692,10.01,9.91,10.3,9.81,-0.003,0.002,-0.008,0.0,0.0,-121.7552303,36.5875136,245.8
-7.6,0.7,0.0,-0.01,0.43,-0.36,-0.27,0.05,0.15,-2.1,-2.48,9.526,9.584,9.565,9.692,10.1,9.61,9.81,9.61,-0.003,0.002,-0.008,0.0,0.0,-121.7552303,36.5875136,245.85
-7.6,0.7,0.0,-0.01,0.41,-0.34,-0.12,-0.44,-0.16,-2.1,-2.5,9.447,9.633,9.947,9.692,10.01,9.91,9.61,10.1,-0.003,0.002,-0.008,0.0,0.0,-121.7552303,36.5875136,245.9
-7.7,0.7,0.0,-0.01,0.49,-0.38,-0.37,-0.07,-0.28,-2.1,-2.47,9.457,9.594,9.771,9.741,10.01,9.91,10.01,10.01,-0.003,0.002,-0.008,0.0,-0.0,-121.7552303,36.5875136,245.95
-7.6,0.7,0.0,-0.01,0.38,-0.35,-0.04,0.01,0.21,-2.09,-2.48,9.545,9.604,9.996,9.624,9.71,9.81,9.91,9.81,-0.003,0.002,-0.008,0.0,0.0,-121.7552303,36.5875136,246.0
-7.6,0.7,0.0,-0.01,0.42,-0.37,-0.02,0.08,0.2,-2.08,-2.49,9.408,9.702,9.761,9.604,10.3,9.81,9.81,10.01,-0.003,0.002,-0.008,0.0,-0.0,-121.7552303,36.5875136,246.05
-7.6,0.7,0.0,-0.01,0.36,-0.37,0.28,-0.44,-0.03,-2.1,-2.47,9.555,9.624,9.781,9.692,10.01,9.71,9.71,9.71,-0.003,0.002,-0.008,0.0,0.0,-121.7552303,36.5875136,246.1
-7.6,0.7,0.0,-0.01,0.4,-0.33,-0.0,0.06,-0.53,-2.1,-2.47,9.378,9.643,9.79,9.604,10.1,9.71,9.22,9.91,-0.003,0.002,-0.008,0.0,-0.0,-121.7552303,36.5875135,246.15
-7.6,0.7,0.0,-0.01,0.38,-0.38,0.16,-0.35,-0.03,-2.11,-2.47,9.467,9.526,9.898,9.771,10.1,9.81,9.32,9.91,-0.003,0.002,-0.008,0.0,0.0,-121.7552303,36.5875135,246.2
-7.6,0.7,0.0,-0.01,0.37,-0.31,-0.22,-0.1,-0.21,-2.11,-2.47,9.378,9.682,9.879,9.741,10.1,9.52,9.81,9.81,-0.003,0.002,-0.008,0.0,0.0,-121.7552303,36.5875135,246.25
-7.6,0.7,0.0,-0.02,0.44,-0.36,0.21,0.2,-0.1,-2.11,-2.47,9.447,9.614,9.81,9.771,10.2,9.91,9.91,9.61,-0.003,0.002,-0.008,0.0,0.0,-121.7552303,36.5875135,246.3
-7.6,0.7,0.0,-0.01,0.38,-0.33,-0.37,-0.06,-0.11,-2.1,-2.47,9.467,9.682,9.908,9.673,10.1,9.81,9.71,9.71,-0.003,0.002,-0.008,0.0,-0.0,-121.7552303,36.5875135,246.35
-7.7,0.7,0.0,-0.02,0.42,-0.36,0.09,0.04,-0.24,-2.1,-2.47,9.496,9.614,9.741,9.81,10.4,9.91,9.61,9.91,-0.003,0.002,-0.008,0.0,0.0,-121.7552303,36.5875135,246.4
-7.6,0.7,0.0,-0.02,0.43,-0.36,-0.01,0.01,0.29,-2.11,-2.48,9.516,9.624,9.869,9.506,10.1,9.81,9.91,9.71,-0.003,0.002,-0.008,0.0,0.0,-121.7552303,36.5875135,246.45
-7.6,0.7,0.0,-0.02,0.45,-0.32,-0.24,-0.14,-0.03,-2.11,-2.47,9.506,9.575,9.928,9.722,10.3,9.91,9.91,9.71,-0.003,0.002,-0.008,0.0,-0.0,-121.7552303,36.5875135,246.5
-7.7,0.7,0.0,-0.02,0.42,-0.41,-0.19,-0.02,-0.09,-2.1,-2.47,9.437,9.584,9.771,9.673,10.3,9.52,9.91,9.91,-0.003,0.002,-0.008,0.0,0.0,-121.7552303,36.5875135,246.55
-7.6,0.7,0.0,-0.02,0.38,-0.33,0.01,-0.22,-0.03,-2.11,-2.48,9.555,9.633,9.82,9.722,10.2,9.71,9.91,10.01,-0.003,0.002,-0.008,0.0,0.0,-121.7552303,36.5875135,246.6
-7.6,0.7,0.0,-0.02,0.46,-0.39,0.11,-0.06,-0.13,-2.1,-2.47,9.575,9.584,9.663,9.81,10.1,9.91,9.81,9.61,-0.003,0.002,-0.008,0.0,0.0,-121.7552303,36.5875135,246.65
-7.6,0.7,0.0,-0.02,0.38,-0.37,0.04,-0.5,0.07,-2.11,-2.47,9.486,9.575,9.722,9.849,10.4,9.42,9.71,9.81,-0.003,0.002,-0.008,0.0,0.0,-121.7552303,36.5875135,246.7
-7.7,0.7,0.0,-0.02,0.4,-0.37,0.45,-0.22,-0.24,-2.11,-2.47,9.496,9.614,9.741,9.741,10.1,9.71,9.42,9.91,-0.003,0.002,-0.008,0.0,0.0,-121.7552303,36.5875135,246.75
-7.6,0.7,0.0,-0.02,0.42,-0.39,0.03,-0.11,0.15,-2.12,-2.48,9.457,9.624,9.722,9.692,10.2,9.81,9.52,10.01,-0.003,0.002,-0.008,0.0,0.0,-121.7552303,36.5875135,246.8
-7.6,0.7,0.0,-0.02,0.39,-0.3,0.02,0.11,-0.04,-2.11,-2.48,9.516,9.516,9.879,9.722,10.3,10.01,9.61,9.91,-0.003,0.002,-0.008,0.0,0.0,-121.7552303,36.5875135,246.85
-7.6,0.7,0.0,-0.02,0.45,-0.37,-0.38,0.28,-0.11,-2.1,-2.47,9.496,9.594,9.692,9.79,10.5,9.71,10.1,9.71,-0.003,0.002,-0.008,0.0,-0.0,-121.7552303,36.5875135,246.9
-7.6,0.7,0.0,-0.0,0.3,-0.35,0.32,-0.15,0.18,-2.1,-2.47,9.437,9.584,9.908,9.771,10.2,10.01,9.61,10.1,-0.003,0.002,-0.008,0.0,0.0,-121.7552303,36.5875135,246.95
-7.6,0.7,0.0,-0.0,0.4,-0.41,0.26,0.07,-0.37,-2.1,-2.48,9.378,9.673,9.869,9.849,10.2,9.91,9.61,9.71,-0.003,0.002,-0.008,0.0,-0.0,-121.7552303,36.5875135,247.0
-7.6,0.7,0.0,-0.0,0.45,-0.36,-0.11,-0.17,0.11,-2.1,-2.49,9.418,9.633,9.987,9.673,10.2,9.61,9.81,10.01,-0.003,0.002,-0.008,0.0,-0.0,-121.7552303,36.5875135,247.05
-7.6,0.7,0.0,-0.0,0.41,-0.36,-0.15,-0.23,-0.01,-2.11,-2.47,9.486,9.555,9.869,9.673,9.81,9.61,9.91,9.71,-0.003,0.002,-0.008,0.0,-0.0,-121.7552303,36.5875135,247.1
-7.6,0.7,0.0,-0.0,0.42,-0.34,-0.22,0.03,-0.18,-2.1,-2.47,9.408,9.643,9.908,9.741,10.1,10.01,9.52,9.91,-0.003,0.002,-0.008,0.0,-0.01,-121.7552303,36.5875135,247.15
-7.6,0.7,0.0,-0.0,0.4,-0.34,0.09,-0.24,-0.15,-2.09,-2.48,9.486,9.584,9.653,9.79,10.3,9.91,10.1,9.81,-0.003,0.002,-0.008,0.0,-0.01,-121.7552303,36.5875135,247.2
-7.6,0.7,0.0,-0.0,0.35,-0.28,0.22,0.15,-0.08,-2.08,-2.49,9.457,9.653,9.839,9.624,10.2,9.81,9.81,10.1,-0.003,0.002,-0.008,0.0,-0.01,-121.7552303,36.5875135,247.25
-7.7,0.7,0.0,-0.0,0.44,-0.37,0.03,0.12,-0.14,-2.07,-2.5,9.506,9.565,9.732,9.604,10.01,9.81,9.71,9.91,-0.003,0.002,-0.008,0.0,0.0,-121.7552303,36.5875135,247.3
-7.6,0.7,0.0,-0.0,0.35,-0.32,0.05,0.24,-0.18,-2.1,-2.47,9.506,9.624,9.624,9.79,10.4,9.81,9.81,10.1,-0.003,0.002,-0.008,0.0,0.0,-121.7552303,36.5875135,247.35
-7.6,0.7,0.0,-0.0,0.42,-0.37,0.12,0.06,0.14,-2.09,-2.48,9.418,9.594,9.8,9.81,10.01,10.1,9.91,10.1,-0.003,0.002,-0.008,0.0,0.0,-121.7552303,36.5875135,247.4
-7.6,0.7,0.0,-0.0,0.38,-0.34,0.18,-0.01,-0.22,-2.08,-2.49,9.496,9.614,9.663,9.879,10.3,9.71,9.61,10.01,-0.003,0.002,-0.008,0.0,0.0,-121.7552303,36.5875135,247.45
-7.6,0.7,0.0,-0.0,0.48,-0.42,0.12,-0.38,-0.13,-2.12,-2.47,9.457,9.555,9.81,9.771,10.2,9.81,9.91,9.81,-0.003,0.002,-0.008,0.0,0.0,-121.7552303,36.5875135,247.5
-7.7,0.7,0.0,0.0,0.42,-0.39,-0.22,-0.36,0.53,-2.09,-2.47,9.467,9.643,9.879,9.81,10.1,9.81,9.71,9.81,-0.003,0.002,-0.008,0.0,-0.0,-121.7552303,36.5875135,247.55
-7.6,0.7,0.0,0.0,0.46,-0.36,0.06,-0.13,0.03,-2.06,-2.46,9.496,9.584,9.81,9.849,10.01,9.91,10.4,9.71,-0.003,0.002,-0.008,0.0,-0.0,-121.7552303,36.5875135,247.6
-7.6,0.7,0.0,-0.01,0.44,-0.36,-0.15,-0.0,-0.18,-2.04,-2.46,9.594,9.565,9.81,9.722,10.1,9.81,9.91,10.01,-0.003,0.002,-0.008,0.0,0.0,-121.7552303,36.5875135,247.65
-7.6,0.7,0.0,0.0,0.4,-0.36,0.05,0.03,0.01,-2.02,-2.45,9.398,9.682,9.888,9.771,10.1,9.61,9.91,9.91,-0.003,0.002,-0.008,0.0,0.0,-121.7552303,36.5875135,247.7
-7.6,0.7,0.0,-0.01,0.43,-0.38,-0.04,-0.11,-0.04,-1.99,-2.45,9.565,9.526,9.781,9.771,10.2,9.91,9.71,9.52,-0.003,0.002,-0.008,0.0,0.0,-121.7552303,36.5875135,247.75
-7.6,0.7,0.0,-0.01,0.43,-0.35,0.16,-0.09,-0.0,-1.97,-2.44,9.535,9.692,9.947,9.79,10.2,9.81,9.61,10.01,-0.003,0.002,-0.008,0.0,0.0,-121.7552303,36.5875135,247.8
-7.6,0.7,0.0,0.0,0.42,-0.36,0.13,0.07,-0.0,-1.95,-2.44,9.486,9.535,9.584,9.771,10.2,9.91,9.71,9.91,-0.003,0.002,-0.008,0.0,-0.0,-121.7552303,36.5875134,247.85
-7.6,0.7,0.0,-0.01,0.44,-0.38,0.1,-0.03,0.12,-2.11,-2.47,9.535,9.555,9.702,9.771,10.2,9.91,9.81,10.01,-0.003,0.002,-0.008,0.0,0.0,-121.7552303,36.5875134,247.9
-7.6,0.7,0.0,-0.01,0.4,-0.39,-0.07,0.08,-0.05,-2.09,-2.47,9.506,9.702,9.908,9.771,9.81,9.71,9.71,10.01,-0.003,0.002,-0.008,0.0,0.0,-121.7552303,36.5875134,247.95
-7.6,0.7,0.0,-0.02,0.37,-0.36,0.29,0.24,-0.22,-2.1,-2.47,9.378,9.575,9.849,9.673,10.2,9.81,9.91,10.01,-0.003,0.002,-0.008,0.0,0.0,-121.7552303,36.5875134,248.0
-7.7,0.7,0.0,-0.02,0.47,-0.4,-0.04,0.11,0.11,-2.09,-2.48,9.584,9.604,9.81,9.624,10.2,9.52,9.61,9.71,-0.003,0.002,-0.008,0.0,-0.0,-121.7552303,36.5875134,248.05
-7.6,0.7,0.0,-0.03,0.38,-0.36,-0.15,0.03,-0.21,-2.1,-2.47,9.467,9.663,9.82,9.722,9.91,9.52,9.81,10.01,-0.003,0.002,-0.008,0.0,-0.0,-121.7552303,36.5875134,248.1
-7.6,0.7,0.0,-0.03,0.39,-0.32,0.01,0.12,-0.29,-2.1,-2.48,9.486,9.584,9.839,9.643,10.1,9.81,9.61,9.81,-0.003,0.002,-0.008,0.0,-0.0,-121.7552303,36.5875134,248.15
-7.6,0.7,0.0,-0.04,0.41,-0.38,-0.04,-0.01,-0.02,-2.11,-2.46,9.565,9.584,9.663,9.673,10.2,9.81,9.81,9.81,-0.003,0.002,-0.008,0.0,-0.0,-121.7552303,36.5875134,248.2
-7.6,0.7,0.0,-0.04,0.38,-0.3,-0.23,-0.02,-0.01,-2.11,-2.47,9.427,9.604,9.8,9.722,10.1,9.81,9.81,9.81,-0.003,0.002,-0.008,0.0,-0.01,-121.7552303,36.5875134,248.25
-7.6,0.7,0.0,-0.04,0.39,-0.36,-0.03,-0.05,0.14,-2.1,-2.47,9.535,9.594,9.82,9.79,10.3,9.71,9.81,10.01,-0.003,0.002,-0.008,0.0,-0.01,-121.7552303,36.5875134,248.3
-7.6,0.7,0.0,-0.05,0.44,-0.35,-0.24,-0.1,-0.21,-2.12,-2.47,9.486,9.643,9.938,9.849,10.2,9.61,9.91,9.61,-0.003,0.002,-0.008,0.0,-0.01,-121.7552303,36.5875134,248.35
-7.6,0.7,0.0,-0.05,0.42,-0.32,0.12,-0.35,0.22,-2.12,-2.47,9.496,9.496,9.8,9.741,10.3,9.91,9.81,9.81,-0.003,0.002,-0.008,0.0,-0.01,-121.7552303,36.5875134,248.4
-7.6,0.7,0.0,-0.06,0.4,-0.38,-0.13,-0.04,0.09,-2.12,-2.47,9.496,9.663,9.604,9.81,10.01,9.81,9.81,9.61,-0.003,0.002,-0.008,0.0,-0.01,-121.7552303,36.5875134,248.45
-7.6,0.7,0.0,-0.06,0.43,-0.36,0.31,0.07,0.26,-2.1,-2.47,9.447,9.633,9.81,9.741,10.1,9.81,10.1,9.81,-0.003,0.002,-0.008,0.0,-0.01,-121.7552303,36.5875134,248.5
-7.6,0.7,0.0,-0.06,0.38,-0.35,-0.25,0.18,-0.09,-2.1,-2.47,9.418,9.584,9.781,9.771,10.2,9.81,9.81,9.91,-0.003,0.002,-0.008,0.0,-0.01,-121.7552303,36.5875134,248.55
-7.6,0.7,0.0,-0.07,0.39,-0.4,-0.02,-0.18,-0.17,-2.12,-2.48,9.565,9.545,9.643,9.692,10.2,9.81,9.81,9.91,-0.003,0.002,-0.008,0.0,-0.01,-121.7552303,36.5875134,248.6
-7.6,0.7,0.0,-0.07,0.4,-0.34,-0.11,-0.14,-0.16,-2.12,-2.47,9.526,9.663,9.584,9.604,10.1,9.81,9.91,9.71,-0.003,0.002,-0.008,0.0,-0.01,-121.7552303,36.5875134,248.65
-7.6,0.7,0.0,-0.07,0.56,-0.48,-0.44,-0.25,0.22,-2.12,-2.47,9.467,9.604,9.79,9.722,10.2,9.71,9.91,10.1,-0.003,0.002,-0.008,0.0,-0.02,-121.7552303,36.5875134,248.7
-7.7,0.7,0.0,-0.08,0.49,-0.35,-0.34,-0.07,0.01,-2.13,-2.46,9.496,9.594,9.79,9.79,10.2,9.81,9.71,10.01,-0.003,0.002,-0.008,0.0,-0.02,-121.7552303,36.5875134,248.75
-7.6,0.7,0.0,-0.08,0.38,-0.37,0.15,-0.13,0.27,-2.12,-2.47,9.506,9.555,9.879,9.692,10.2,9.81,9.71,9.71,-0.003,0.002,-0.008,0.0,-0.02,-121.7552303,36.5875134,248.8
-7.6,0.7,0.0,-0.09,0.46,-0.36,0.01,0.36,-0.13,-2.1,-2.47,9.388,9.584,9.8,9.722,10.3,9.61,9.52,9.61,-0.003,0.002,-0.008,0.0,-0.02,-121.7552303,36.5875134,248.85
-7.6,0.7,0.0,-0.09,0.42,-0.36,0.0,0.03,0.11,-2.1,-2.47,9.545,9.643,9.839,9.692,10.1,9.81,9.71,10.1,-0.003,0.002,-0.008,0.0,-0.02,-121.7552304,36.5875134,248.9
-7.6,0.7,0.0,-0.1,0.41,-0.31,-0.16,-0.19,0.07,-2.12,-2.47,9.427,9.663,9.79,9.771,10.01,9.71,10.1,10.1,-0.003,0.002,-0.008,0.0,-0.02,-121.7552304,36.5875134,248.95
-7.6,0.7,0.0,-0.1,0.41,-0.35,-0.25,-0.1,-0.18,-2.12,-2.47,9.408,9.575,9.79,9.643,10.1,9.71,9.81,9.91,-0.003,0.002,-0.008,0.0,-0.02,-121.7552304,36.5875134,249.0
-7.6,0.7,0.0,-0.1,0.38,-0.36,0.0,-0.05,0.15,-2.12,-2.48,9.496,9.633,9.722,9.771,10.59,10.01,9.81,9.81,-0.003,0.002,-0.008,0.0,-0.02,-121.7552304,36.5875134,249.05
-7.6,0.7,0.0,-0.11,0.4,-0.35,0.25,0.08,0.11,-2.12,-2.49,9.408,9.682,9.908,9.79,9.81,9.81,9.61,10.1,-0.003,0.002,-0.008,0.0,-0.02,-121.7552304,36.5875134,249.1
-7.6,0.7,0.0,-0.11,0.44,-0.44,0.1,0.33,0.22,-2.1,-2.47,9.457,9.545,9.83,9.722,10.5,9.81,9.61,9.81,-0.003,0.002,-0.008,0.0,-0.02,-121.7552304,36.5875134,249.15
-7.7,0.7,0.0,-0.12,0.41,-0.31,0.05,0.11,-0.09,-2.09,-2.46,9.467,9.594,9.83,9.604,10.1,9.81,9.61,9.91,-0.003,0.002,-0.008,0.0,-0.02,-121.7552304,36.5875134,249.2
-7.6,0.7,0.0,-0.12,0.43,-0.41,0.16,0.08,0.1,-2.1,-2.47,9.594,9.506,9.859,9.692,10.4,9.91,9.71,10.1,-0.003,0.002,-0.008,0.0,-0.03,-121.7552304,36.5875134,249.25
-7.7,0.7,0.0,-0.12,0.36,-0.32,0.08,-0.23,0.13,-2.13,-2.47,9.555,9.673,9.663,9.81,10.01,10.01,9.91,9.81,-0.003,0.002,-0.008,0.0,-0.03,-121.7552304,36.5875134,249.3
-7.6,0.7,0.0,-0.13,0.4,-0.35,0.22,0.02,0.4,-2.12,-2.47,9.526,9.565,9.8,9.673,10.1,10.01,10.1,10.01,-0.003,0.002,-0.008,0.0,-0.03,-121.7552304,36.5875134,249.35
-7.6,0.7,0.0,-0.13,0.4,-0.33,0.16,-0.01,0.18,-2.1,-2.47,9.506,9.624,9.535,9.722,10.1,9.71,9.52,9.91,-0.003,0.002,-0.008,0.0,-0.03,-121.7552304,36.5875134,249.4
-7.7,0.7,0.0,-0.14,0.48,-0.42,-0.08,0.11,0.01,-2.1,-2.47,9.437,9.555,9.79,9.604,10.2,9.91,9.61,9.81,-0.003,0.002,-0.008,0.0,-0.03,-121.7552304,36.5875134,249.45
-7.6,0.7,0.0,-0.14,0.38,-0.32,-0.13,0.22,0.1,-2.1,-2.47,9.476,9.653,9.702,9.771,10.2,9.81,9.81,10.01,-0.003,0.002,-0.008,0.0,-0.03,-121.7552304,36.5875134,249.5
-7.6,0.7,0.0,-0.15,0.49,-0.41,0.18,0.13,0.15,-2.1,-2.47,9.506,9.545,9.81,9.673,10.2,9.81,10.01,9.71,-0.003,0.002,-0.008,0.0,-0.03,-121.7552304,36.5875134,249.55
-7.6,0.7,0.0,-0.15,0.4,-0.32,-0.19,-0.01,0.03,-2.1,-2.47,9.467,9.643,9.849,9.722,10.01,9.71,10.1,9.91,-0.003,0.002,-0.008,0.0,-0.03,-121.7552304,36.5875134,249.6
-7.6,0.7,0.0,-0.15,0.42,-0.37,-0.1,0.29,-0.29,-2.09,-2.47,9.467,9.624,9.781,9.673,10.1,9.81,9.52,10.01,-0.003,0.002,-0.008,0.0,-0.03,-121.7552304,36.5875134,249.65
-7.6,0.7,0.0,-0.16,0.43,-0.41,-0.07,-0.13,-0.18,-2.12,-2.47,9.604,9.604,9.79,9.643,10.01,9.61,9.91,9.81,-0.003,0.002,-0.008,0.0,-0.04,-121.7552304,36.5875134,249.7
-7.6,0.7,0.0,-0.16,0.36,-0.36,-0.06,-0.18,0.15,-2.12,-2.47,9.408,9.653,9.888,9.741,9.91,9.71,9.42,9.91,-0.003,0.002,-0.008,0.0,-0.04,-121.7552304,36.5875134,249.75
-7.6,0.7,0.0,-0.17,0.38,-0.35,-0.09,-0.09,-0.22,-2.1,-2.47,9.388,9.565,9.781,9.81,10.3,9.91,9.91,9.71,-0.003,0.002,-0.008,0.0,-0.04,-121.7552304,36.5875134,249.8
-7.6,0.7,0.0,-0.17,0.43,-0.32,-0.26,0.36,0.15,-2.1,-2.47,9.427,9.653,9.898,9.673,10.2,9.81,9.81,9.91,-0.003,0.002,-0.008,0.0,-0.04,-121.7552304,36.5875134,249.85
-7.6,0.7,0.0,-0.17,0.4,-0.4,0.13,-0.15,-0.06,-2.09,-2.47,9.486,9.614,9.702,9.849,10.2,9.71,9.91,9.52,-0.003,0.002,-0.008,0.0,-0.04,-121.7552304,36.5875134,249.9
-7.6,0.7,0.0,-0.18,0.39,-0.32,-0.14,0.3,-0.09,-2.08,-2.48,9.467,9.624,9.908,9.643,9.91,9.61,9.42,9.91,-0.003,0.002,-0.008,0.0,-0.04,-121.7552304,36.5875134,249.95
-7.6,0.7,0.0,-0.18,0.41,-0.4,0.15,0.14,0.06,-2.1,-2.47,9.486,9.555,9.741,9.673,10.2,9.81,9.91,9.81,-0.003,0.002,-0.008,0.0,-0.04,-121.7552304,36.5875134,250.0
-7.6,0.7,0.0,-0.19,0.4,-0.37,-0.1,-0.13,0.4,-2.1,-2.47,9.486,9.643,9.928,9.692,10.1,9.81,9.61,9.91,-0.003,0.002,-0.008,0.0,-0.04,-121.7552304,36.5875134,250.05
-7.6,0.7,0.0,-0.19,0.41,-0.36,0.22,-0.05,-0.15,-2.1,-2.47,9.339,9.545,9.781,9.722,10.01,9.81,9.61,9.61,-0.003,0.002,-0.008,0.0,-0.04,-121.7552304,36.5875134,250.1
-7.6,0.7,0.0,-0.19,0.41,-0.37,0.1,-0.18,-0.19,-2.11,-2.47,9.476,9.643,9.928,9.624,10.1,9.71,9.42,10.1,-0.003,0.002,-0.008,0.0,-0.05,-121.7552304,36.5875134,250.15
-7.6,0.7,0.0,-0.2,0.39,-0.39,0.29,-0.04,-0.04,-2.11,-2.47,9.467,9.584,9.83,9.771,10.4,9.91,10.1,10.01,-0.003,0.002,-0.008,0.0,-0.05,-121.7552304,36.5875134,250.2
-7.6,0.7,0.0,-0.2,0.42,-0.38,0.17,0.02,-0.13,-2.11,-2.47,9.604,9.575,9.908,9.692,10.5,9.91,9.81,9.71,-0.003,0.002,-0.008,0.0,-0.05,-121.7552304,36.5875134,250.25
-7.6,0.7,0.0,-0.21,0.36,-0.4,0.24,0.24,-0.2,-2.12,-2.47,9.408,9.653,9.741,9.849,10.2,9.91,9.61,9.91,-0.003,0.002,-0.008,0.0,-0.05,-121.7552304,36.5875134,250.3
-7.6,0.7,0.0,-0.21,0.39,-0.37,0.34,-0.04,-0.17,-2.12,-2.47,9.447,9.594,9.81,9.81,10.2,9.61,10.01,9.81,-0.003,0.002,-0.008,0.0,-0.05,-121.7552304,36.5875134,250.35
-7.6,0.7,0.0,-0.21,0.43,-0.33,-0.2,0.11,-0.27,-2.1,-2.47,9.467,9.633,9.869,9.624,10.3,9.61,9.32,9.81,-0.003,0.002,-0.008,0.0,-0.05,-121.7552304,36.5875134,250.4
-7.6,0.7,0.0,-0.22,0.37,-0.39,0.48,-0.17,-0.05,-2.11,-2.47,9.408,9.633,9.8,9.771,10.3,9.91,9.91,9.91,-0.003,0.002,-0.008,0.0,-0.05,-121.7552304,36.5875134,250.45
-7.6,0.7,0.0,-0.22,0.43,-0.36,-0.25,0.06,-0.0,-2.11,-2.47,9.506,9.614,9.839,9.673,10.2,9.81,9.91,9.91,-0.003,0.002,-0.008,0.0,-0.05,-121.7552303,36.5875134,250.5
-7.6,0.7,0.0,-0.23,0.41,-0.38,0.65,0.05,-0.14,-2.12,-2.48,9.486,9.633,9.702,9.741,10.1,10.01,9.61,9.71,-0.003,0.002,-0.008,0.0,-0.05,-121.7552303,36.5875134,250.55
-7.6,0.7,0.0,-0.23,0.43,-0.32,0.38,0.11,-0.01,-2.13,-2.48,9.447,9.555,9.947,9.604,9.81,9.71,9.71,9.81,-0.003,0.002,-0.008,0.0,-0.05,-121.7552303,36.5875134,250.6
-7.7,0.7,0.0,-0.23,0.41,-0.36,0.12,0.17,-0.06,-2.14,-2.48,9.526,9.663,9.614,9.692,10.1,9.61,9.81,9.91,-0.003,0.002,-0.008,0.0,-0.06,-121.7552303,36.5875134,250.65
-7.7,0.7,0.0,-0.24,0.37,-0.32,0.17,-0.17,0.02,-2.11,-2.47,9.526,9.624,9.918,9.771,10.01,9.81,9.71,9.91,-0.003,0.002,-0.008,0.0,-0.06,-121.7552303,36.5875134,250.7
-7.6,0.7,0.0,-0.24,0.37,-0.24,0.39,-0.13,-0.24,-2.12,-2.47,9.457,9.614,9.741,9.643,10.2,9.81,9.81,9.61,-0.003,0.002,-0.008,0.0,-0.05,-121.7552303,36.5875134,250.75
-7.6,0.7,0.0,-0.01,0.36,-0.39,0.26,-0.0,-0.14,-2.11,-2.48,9.418,9.673,9.781,9.673,10.2,10.01,9.52,10.01,-0.003,0.002,-0.008,0.0,0.0,-121.7552303,36.5875134,250.8
-7.6,0.7,0.0,0.0,0.41,-0.33,-0.32,-0.0,-0.32,-2.12,-2.49,9.251,9.682,9.82,9.722,10.01,9.91,9.81,10.01,-0.003,0.002,-0.008,0.0,0.0,-121.7552303,36.5875134,250.85
-7.6,0.7,0.0,-0.0,0.42,-0.37,0.21,-0.22,0.02,-2.12,-2.47,9.594,9.575,9.663,9.771,10.3,9.91,10.01,9.71,-0.003,0.002,-0.008,0.0,0.0,-121.7552303,36.5875134,250.9
-7.6,0.7,0.0,-0.01,0.37,-0.33,0.11,0.18,-0.32,-2.1,-2.47,9.496,9.633,9.771,9.741,10.2,9.91,10.01,10.1,-0.003,0.002,-0.008,0.0,0.0,-121.7552303,36.5875134,250.95
-7.6,0.7,0.0,0.0,0.46,-0.39,-0.29,-0.06,-0.02,-2.11,-2.48,9.545,9.614,9.702,9.722,10.01,9.61,9.91,9.71,-0.003,0.002,-0.008,0.0,-0.0,-121.7552303,36.5875134,251.0
-7.6,0.7,0.0,0.0,0.42,-0.32,0.33,-0.15,0.24,-2.11,-2.46,9.594,9.575,9.81,9.624,10.01,9.81,9.91,10.01,-0.003,0.002,-0.008,0.0,0.0,-121.7552303,36.5875134,251.05
-7.6,0.7,0.0,0.0,0.42,-0.35,-0.07,0.23,-0.24,-2.09,-2.47,9.535,9.624,9.575,9.849,10.3,9.61,9.03,9.91,-0.003,0.002,-0.008,0.0,0.0,-121.7552303,36.5875134,251.1
-7.6,0.7,0.0,0.01,0.39,-0.36,0.11,0.03,-0.02,-2.09,-2.46,9.476,9.604,9.82,9.673,10.1,9.81,9.91,9.91,-0.003,0.002,-0.008,0.0,0.0,-121.7552303,36.5875134,251.15
-7.6,0.7,0.0,0.01,0.43,-0.38,0.19,0.1,0.13,-2.09,-2.46,9.506,9.653,9.987,9.741,10.2,9.52,9.32,9.91,-0.003,0.002,-0.008,0.0,0.0,-121.7552303,36.5875134,251.2
-7.6,0.7,0.0,0.01,0.4,-0.41,-0.08,0.15,-0.15,-2.09,-2.47,9.339,9.633,9.859,9.79,10.3,9.61,9.91,9.81,-0.003,0.002,-0.008,0.0,0.0,-121.7552303,36.5875134,251.25
-7.6,0.7,0.0,0.01,0.42,-0.34,-0.1,0.28,-0.2,-2.09,-2.47,9.447,9.643,10.026,9.722,10.01,9.61,9.61,10.2,-0.003,0.002,-0.008,0.0,0.0,-121.7552303,36.5875134,251.3
-7.6,0.7,0.0,0.01,0.42,-0.39,0.1,-0.35,0.38,-2.11,-2.46,9.437,9.594,9.82,9.692,10.1,9.91,9.91,10.01,-0.003,0.002,-0.008,0.0,0.0,-121.7552302,36.5875134,251.35
-7.6,0.7,0.0,0.01,0.36,-0.35,-0.04,-0.12,-0.05,-2.11,-2.47,9.457,9.584,9.81,9.79,10.01,9.71,9.42,9.52,-0.003,0.002,-0.008,0.0,0.0,-121.7552302,36.5875134,251.4
-7.6,0.7,0.0,-0.0,0.41,-0.38,0.23,0.23,-0.02,-2.09,-2.46,9.535,9.663,9.751,9.771,10.3,9.91,9.91,9.42,-0.003,0.002,-0.008,0.0,-0.01,-121.7552302,36.5875134,251.45
-7.6,0.7,0.0,-0.0,0.43,-0.35,-0.14,-0.01,-0.07,-2.09,-2.47,9.476,9.624,9.702,9.79,10.2,9.91,10.01,9.81,-0.003,0.002,-0.008,0.0,-0.01,-121.7552302,36.5875134,251.5
-7.6,0.7,0.0,-0.0,0.41,-0.34,0.02,-0.32,-0.04,-2.11,-2.47,9.545,9.535,9.781,9.879,10.2,9.91,9.91,9.61,-0.003,0.002,-0.008,0.0,0.0,-121.7552302,36.5875134,251.55
-7.6,0.7,0.0,-0.01,0.38,-0.37,0.03,0.05,0.03,-2.09,-2.48,9.467,9.663,9.692,9.741,10.4,10.3,9.61,9.81,-0.003,0.002,-0.008,0.0,-0.01,-121.7552302,36.5875134,251.6
-7.6,0.7,0.0,-0.01,0.37,-0.34,0.06,0.13,-0.08,-2.09,-2.47,9.388,9.633,9.839,9.928,10.1,9.81,9.91,9.91,-0.003,0.002,-0.008,0.0,-0.02,-121.7552302,36.5875134,251.65
-7.6,0.7,0.0,0.0,0.49,-0.31,0.14,0.31,0.27,-2.09,-2.46,9.526,9.594,9.781,9.604,10.01,9.71,9.61,9.71,-0.003,0.002,-0.008,0.0,-0.0,-121.7552302,36.5875134,251.7
-7.6,0.7,0.0,-0.0,0.4,-0.3,-0.17,0.15,0.1,-2.09,-2.46,9.535,9.633,9.888,9.771,10.4,9.91,9.61,10.01,-0.003,0.002,-0.008,0.0,-0.01,-121.7552302,36.5875134,251.75
-7.6,0.7,0.0,-0.0,0.43,-0.36,-0.29,-0.11,-0.17,-2.09,-2.47,9.408,9.594,9.751,9.977,10.3,9.81,10.1,9.91,-0.003,0.002,-0.008,0.0,-0.01,-121.7552302,36.5875134,251.8
-7.6,0.7,0.0,-0.0,0.42,-0.42,-0.17,0.05,0.11,-2.07,-2.46,9.516,9.633,9.928,9.692,10.2,9.91,9.71,9.91,-0.003,0.002,-0.008,0.0,-0.01,-121.7552302,36.5875134,251.85
-7.6,0.7,0.0,-0.0,0.38,-0.3,0.02,-0.01,-0.43,-2.09,-2.47,9.457,9.584,9.849,9.79,10.3,9.81,9.71,9.91,-0.003,0.002,-0.008,0.0,-0.01,-121.7552302,36.5875134,251.9
-7.6,0.7,0.0,-0.0,0.46,-0.38,0.11,0.35,0.2,-2.09,-2.47,9.496,9.526,9.849,9.79,10.3,9.81,9.91,9.91,-0.003,0.002,-0.008,0.0,-0.01,-121.7552302,36.5875134,251.95
-7.6,0.7,0.0,-0.0,0.4,-0.3,-0.02,-0.13,-0.11,-2.08,-2.46,9.447,9.555,9.81,9.79,10.1,9.52,9.91,9.61,-0.003,0.002,-0.008,0.0,-0.01,-121.7552302,36.5875134,252.0
-7.6,0.7,0.0,-0.0,0.44,-0.39,-0.13,-0.21,0.43,-2.11,-2.47,9.476,9.575,9.869,9.722,10.2,9.81,9.81,9.81,-0.003,0.002,-0.008,0.0,-0.01,-121.7552302,36.5875134,252.05
-7.6,0.7,0.0,-0.0,0.39,-0.37,0.23,-0.1,0.0,-2.11,-2.47,9.457,9.643,9.8,9.692,10.2,9.71,9.71,10.01,-0.003,0.002,-0.008,0.0,-0.02,-121.7552302,36.5875134,252.1
-7.6,0.7,0.0,-0.0,0.41,-0.36,0.08,0.06,0.25,-2.09,-2.47,9.467,9.565,9.879,9.771,10.3,10.01,9.71,9.91,-0.003,0.002,-0.008,0.0,-0.02,-121.7552302,36.5875134,252.15
-7.6,0.7,0.0,-0.0,0.39,-0.36,0.11,-0.02,-0.09,-2.09,-2.47,9.535,9.584,9.81,9.79,10.2,9.71,9.81,9.61,-0.003,0.002,-0.008,0.0,-0.02,-121.7552302,36.5875134,252.2
-7.7,0.7,0.0,0.0,0.45,-0.36,-0.17,0.62,-0.16,-2.09,-2.47,9.467,9.624,9.781,9.741,10.1,9.42,9.61,9.71,-0.003,0.002,-0.008,0.0,-0.02,-121.7552302,36.5875134,252.25
-7.6,0.7,0.0,0.0,0.4,-0.34,-0.07,-0.05,-0.01,-2.1,-2.47,9.427,9.604,9.849,9.741,10.3,9.81,9.91,9.91,-0.003,0.002,-0.008,0.0,-0.02,-121.7552302,36.5875134,252.3
-7.6,0.7,0.0,0.0,0.41,-0.36,0.09,0.51,0.26,-2.09,-2.47,9.506,9.555,9.702,9.673,10.1,9.91,9.32,9.71,-0.003,0.002,-0.008,0.0,-0.02,-121.7552302,36.5875134,252.35
-7.6,0.7,0.0,0.0,0.43,-0.36,-0.19,0.2,-0.16,-2.09,-2.47,9.437,9.594,9.82,9.722,10.2,9.52,10.01,9.81,-0.003,0.002,-0.008,0.0,-0.02,-121.7552302,36.5875134,252.4
-7.6,0.7,0.0,0.0,0.39,-0.34,-0.27,0.18,0.05,-2.09,-2.47,9.545,9.565,9.859,9.673,10.2,9.81,9.91,9.91,-0.003,0.002,-0.008,0.0,-0.03,-121.7552302,36.5875134,252.45
-7.6,0.7,0.0,0.0,0.42,-0.36,-0.26,-0.15,0.05,-2.09,-2.47,9.516,9.653,9.692,9.692,10.1,9.71,10.01,9.71,-0.003,0.002,-0.008,0.0,-0.03,-121.7552302,36.5875134,252.5
-7.6,0.7,0.0,0.0,0.4,-0.37,0.31,0.26,-0.23,-2.1,-2.47,9.418,9.565,9.839,9.673,10.3,9.71,9.61,9.81,-0.003,0.002,-0.008,0.0,-0.03,-121.7552302,36.5875134,252.55
-7.6,0.7,0.0,0.0,0.39,-0.37,0.02,0.16,0.04,-2.09,-2.47,9.594,9.604,9.8,9.692,10.1,9.91,10.01,9.81,-0.003,0.002,-0.008,0.0,-0.03,-121.7552302,36.5875134,252.6
-7.6,0.7,0.0,0.0,0.41,-0.37,-0.34,-0.03,0.16,-2.1,-2.46,9.467,9.692,9.633,9.692,9.81,9.91,10.1,10.01,-0.003,0.002,-0.008,0.0,-0.03,-121.7552301,36.5875134,252.65
-7.6,0.7,0.0,0.0,0.42,-0.31,-0.35,-0.13,-0.02,-2.11,-2.47,9.476,9.535,9.81,9.771,10.2,9.61,9.61,10.1,-0.003,0.002,-0.008,0.0,-0.03,-121.7552301,36.5875134,252.7
-7.6,0.7,0.0,0.0,0.37,-0.33,0.06,-0.16,-0.17,-2.11,-2.47,9.457,9.692,9.604,9.879,10.3,9.61,9.91,9.91,-0.003,0.002,-0.008,0.0,-0.03,-121.7552301,36.5875134,252.75
-7.6,0.7,0.0,0.0,0.33,-0.3,-0.2,0.11,0.36,-2.09,-2.46,9.486,9.584,9.869,9.673,10.1,9.71,9.71,9.91,-0.003,0.002,-0.008,0.0,-0.03,-121.7552301,36.5875134,252.8
-7.6,0.7,0.0,0.0,0.42,-0.39,0.2,0.33,0.46,-2.09,-2.46,9.447,9.692,9.702,9.722,10.3,9.71,9.91,9.81,-0.003,0.002,-0.008,0.0,-0.03,-121.7552301,36.5875134,252.85
-7.6,0.7,0.0,0.01,0.45,-0.34,-0.17,0.11,-0.03,-2.11,-2.46,9.555,9.516,9.869,9.575,10.2,9.81,9.61,9.81,-0.003,0.002,-0.008,0.0,-0.04,-121.7552301,36.5875134,252.9
-7.6,0.7,0.0,0.0,0.43,-0.33,0.0,-0.1,-0.18,-2.09,-2.46,9.486,9.663,9.879,9.643,10.2,9.71,9.81,10.1,-0.003,0.002,-0.008,0.0,-0.04,-121.7552301,36.5875134,252.95
-7.6,0.7,0.0,0.01,0.42,-0.39,-0.04,0.04,-0.03,-2.09,-2.46,9.486,9.575,9.751,9.741,9.91,9.52,9.91,9.71,-0.003,0.002,-0.008,0.0,-0.04,-121.7552301,36.5875134,253.0
-7.6,0.7,0.0,0.01,0.41,-0.34,0.15,0.27,-0.19,-2.09,-2.46,9.535,9.584,9.928,9.604,10.2,9.71,9.91,10.1,-0.003,0.002,-0.008,0.0,-0.04,-121.7552301,36.5875134,253.05
-7.6,0.7,0.0,0.01,0.33,-0.36,-0.31,-0.18,0.28,-2.11,-2.46,9.447,9.624,9.712,9.673,9.91,9.81,10.1,10.4,-0.003,0.002,-0.008,0.0,-0.04,-121.7552301,36.5875134,253.1
-7.6,0.7,0.0,0.01,0.39,-0.4,-0.04,0.01,-0.14,-2.09,-2.46,9.516,9.555,9.781,9.673,9.91,9.71,9.81,9.52,-0.003,0.002,-0.008,0.0,-0.04,-121.7552301,36.5875134,253.15
-7.7,0.7,0.0,0.01,0.37,-0.36,-0.07,-0.24,-0.03,-2.11,-2.46,9.457,9.682,9.673,9.604,10.2,9.61,9.61,10.01,-0.003,0.002,-0.008,0.0,-0.04,-121.7552301,36.5875135,253.2
-7.6,0.7,0.0,0.01,0.41,-0.39,-0.08,-0.2,-0.34,-2.11,-2.46,9.516,9.604,9.741,9.722,10.01,10.01,9.61,9.91,-0.003,0.002,-0.008,0.0,-0.04,-121.7552301,36.5875135,253.25
-7.6,0.7,0.0,0.01,0.36,-0.35,0.21,-0.13,-0.16,-2.11,-2.46,9.418,9.702,9.722,9.771,10.01,10.01,9.81,10.01,-0.003,0.002,-0.008,0.0,-0.04,-121.7552301,36.5875135,253.3
-7.7,0.7,0.0,0.01,0.43,-0.34,-0.06,-0.12,0.02,-2.11,-2.46,9.427,9.545,9.82,9.771,10.1,9.71,9.42,9.81,-0.003,0.002,-0.008,0.0,-0.04,-121.7552301,36.5875135,253.35
-7.6,0.7,0.0,0.01,0.41,-0.35,-0.16,-0.04,0.06,-2.09,-2.47,9.418,9.702,9.761,9.771,9.91,9.81,10.01,9.71,-0.003,0.002,-0.008,0.0,-0.05,-121.7552301,36.5875135,253.4
-7.6,0.7,0.0,0.01,0.46,-0.33,-0.31,0.03,-0.13,-2.11,-2.46,9.526,9.555,9.996,9.604,9.91,9.81,10.1,9.91,-0.003,0.002,-0.008,0.0,-0.05,-121.7552301,36.5875135,253.45
-7.6,0.7,0.0,0.01,0.41,-0.4,0.26,0.01,-0.47,-2.11,-2.46,9.467,9.643,9.849,9.673,10.01,9.71,9.61,9.81,-0.003,0.002,-0.008,0.0,-0.05,-121.7552301,36.5875135,253.5
-7.6,0.7,0.0,0.01,0.46,-0.33,-0.07,-0.19,-0.2,-2.11,-2.46,9.506,9.526,9.987,9.575,10.2,9.61,9.61,9.81,-0.003,0.002,-0.008,0.0,-0.05,-121.7552301,36.5875135,253.55
-7.6,0.7,0.0,0.01,0.43,-0.37,0.16,0.22,0.03,-2.09,-2.46,9.516,9.594,9.781,9.604,10.01,9.91,9.61,9.91,-0.003,0.002,-0.008,0.0,-0.05,-121.7552302,36.5875135,253.6
-7.6,0.7,0.0,0.01,0.38,-0.32,-0.14,0.01,-0.15,-2.08,-2.46,9.437,9.614,9.879,9.81,10.1,9.91,9.42,10.01,-0.003,0.002,-0.008,0.0,-0.05,-121.7552302,36.5875135,253.65
-7.6,0.7,0.0,0.0,0.43,-0.36,0.13,0.14,-0.04,-2.11,-2.46,9.486,9.575,9.888,9.879,10.01,9.71,9.81,10.01,-0.003,0.002,-0.008,0.0,0.0,-121.7552302,36.5875135,253.7
-7.6,0.7,0.0,-0.0,0.41,-0.36,0.21,0.04,0.18,-2.1,-2.45,9.496,9.653,9.643,9.81,10.4,9.81,9.81,10.1,-0.003,0.002,-0.008,0.0,-0.01,-121.7552302,36.5875135,253.75
-7.6,0.7,0.0,0.0,0.42,-0.29,-0.08,0.1,-0.02,-2.09,-2.46,9.447,9.624,9.987,9.604,10.1,10.1,9.61,10.01,-0.003,0.002,-0.008,0.0,0.0,-121.7552302,36.5875135,253.8
-7.7,0.7,0.0,-0.0,0.39,-0.33,0.15,-0.3,0.09,-2.11,-2.46,9.594,9.565,9.712,9.624,10.2,9.81,9.91,9.71,-0.003,0.002,-0.008,0.0,0.0,-121.7552302,36.5875135,253.85
-7.6,0.7,0.0,0.0,0.43,-0.37,-0.16,-0.04,-0.07,-2.11,-2.45,9.516,9.653,9.692,9.692,10.1,9.71,9.52,9.81,-0.003,0.002,-0.008,0.0,0.01,-121.7552302,36.5875135,253.9
-7.6,0.7,0.0,0.0,0.39,-0.31,0.03,-0.0,-0.16,-2.1,-2.46,9.467,9.555,9.849,9.741,10.01,9.61,10.1,10.3,-0.003,0.002,-0.008,0.0,0.01,-121.7552302,36.5875135,253.95
-7.6,0.7,0.0,0.0,0.4,-0.32,0.0,0.24,-0.07,-2.11,-2.45,9.506,9.516,9.81,9.722,10.2,9.91,9.81,9.91,-0.003,0.002,-0.008,0.0,0.01,-121.7552302,36.5875135,254.0
-7.6,0.7,0.0,0.0,0.4,-0.39,-0.02,-0.14,0.17,-2.1,-2.45,9.516,9.614,9.555,9.673,9.91,9.71,9.81,9.81,-0.003,0.002,-0.008,0.0,0.01,-121.7552302,36.5875135,254.05
-7.6,0.7,0.0,-0.0,0.4,-0.25,-0.04,-0.29,0.1,-2.11,-2.45,9.526,9.594,9.928,9.624,10.01,10.01,10.01,10.01,-0.003,0.002,-0.008,0.0,0.02,-121.7552302,36.5875135,254.1
-7.6,0.7,0.0,0.0,0.41,-0.38,-0.16,-0.09,0.14,-2.1,-2.44,9.506,9.624,9.79,9.575,10.1,9.91,9.81,9.91,-0.003,0.002,-0.008,0.0,0.02,-121.7552302,36.5875135,254.15
-7.6,0.7,0.0,0.0,0.37,-0.41,-0.1,-0.15,-0.1,-2.09,-2.43,9.486,9.584,9.653,9.771,10.3,9.81,9.81,9.71,-0.003,0.002,-0.008,0.0,0.03,-121.7552302,36.5875135,254.2
-7.7,0.7,0.0,-0.0,0.41,-0.28,-0.01,0.31,-0.47,-2.09,-2.41,9.506,9.624,9.83,9.692,10.1,9.81,9.81,9.91,-0.003,0.002,-0.008,0.0,0.03,-121.7552302,36.5875135,254.25
-7.6,0.7,0.0,-0.0,0.41,-0.35,0.25,0.41,0.11,-2.09,-2.45,9.565,9.614,9.584,9.624,9.91,9.81,9.91,9.71,-0.003,0.002,-0.008,0.0,0.03,-121.7552302,36.5875135,254.3
-7.6,0.7,0.0,-0.0,0.4,-0.35,0.11,0.06,0.38,-2.12,-2.46,9.408,9.604,9.781,9.79,10.3,9.81,9.42,9.91,-0.003,0.002,-0.008,0.0,0.04,-121.7552302,36.5875135,254.35
-7.6,0.7,0.0,-0.0,0.4,-0.35,0.27,0.02,-0.03,-2.14,-2.46,9.427,9.584,9.83,9.741,9.91,9.81,9.61,9.71,-0.003,0.002,-0.008,0.0,0.04,-121.7552302,36.5875135,254.4
-7.6,0.7,0.0,0.0,0.39,-0.39,-0.07,-0.14,0.0,-2.16,-2.47,9.486,9.663,9.79,9.643,9.81,9.61,9.81,9.91,-0.003,0.002,-0.008,0.0,0.04,-121.7552302,36.5875135,254.45
-7.7,0.7,0.0,0.0,0.4,-0.34,0.05,-0.07,0.1,-2.17,-2.47,9.369,9.594,10.065,9.741,10.3,9.61,9.81,10.1,-0.003,0.002,-0.008,0.0,0.05,-121.7552302,36.5875136,254.5
-7.6,0.7,0.0,0.0,0.42,-0.38,-0.09,0.3,0.04,-2.19,-2.48,9.437,9.575,9.849,9.741,10.4,9.71,9.91,9.71,-0.003,0.002,-0.008,0.0,0.05,-121.7552302,36.5875136,254.55
-7.6,0.7,0.0,0.0,0.43,-0.35,-0.23,-0.2,0.12,-2.21,-2.48,9.545,9.584,9.575,9.977,10.1,9.81,9.61,9.71,-0.003,0.002,-0.008,0.0,0.05,-121.7552302,36.5875136,254.6
-7.6,0.7,0.0,-0.0,0.43,-0.4,0.13,-0.04,-0.04,-2.23,-2.49,9.398,9.633,9.947,9.741,10.2,9.81,10.01,9.61,-0.003,0.002,-0.008,0.0,0.06,-121.7552302,36.5875136,254.65
-7.6,0.7,0.0,0.01,0.47,-0.35,0.14,0.49,0.18,-2.1,-2.45,9.457,9.584,9.879,9.692,9.91,9.91,9.42,9.91,-0.003,0.002,-0.008,0.0,-0.0,-121.7552303,36.5875136,254.7
-7.6,0.7,0.0,-0.0,0.42,-0.35,0.13,-0.11,0.16,-2.08,-2.44,9.496,9.535,9.82,9.673,10.1,9.81,9.81,9.71,-0.003,0.002,-0.008,0.0,0.0,-121.7552303,36.5875136,254.75
-7.6,0.7,0.0,-0.0,0.4,-0.3,0.19,0.04,0.01,-2.05,-2.43,9.526,9.624,9.81,9.643,9.91,9.81,9.61,9.81,-0.003,0.002,-0.008,0.0,0.0,-121.7552303,36.5875136,254.8
-7.6,0.7,0.0,0.01,0.37,-0.31,0.25,0.03,0.02,-2.11,-2.45,9.476,9.624,9.761,9.643,10.2,9.71,10.2,9.81,-0.003,0.002,-0.008,0.0,-0.0,-121.7552303,36.5875136,254.85
-7.6,0.7,0.4,0.01,0.42,-0.31,-0.08,0.42,0.51,-2.09,-2.45,9.476,9.594,9.81,9.692,10.3,10.01,9.81,9.81,-0.003,0.002,-0.008,0.0,-0.01,-121.7552303,36.5875136,254.9
-7.5,0.7,0.4,0.01,0.32,-0.33,0.27,0.01,0.09,-2.12,-2.46,9.427,9.692,9.781,9.849,9.91,9.81,9.52,9.81,-0.003,0.002,-0.008,0.0,-0.01,-121.7552303,36.5875136,254.95
-7.1,0.7,0.0,-0.0,0.48,-0.4,-0.0,0.04,-0.27,-2.1,-2.45,9.516,9.584,9.849,9.643,10.01,9.71,9.61,9.81,-0.003,0.002,-0.008,0.0,0.0,-121.7552303,36.5875136,255.0
-7.0,0.7,0.0,0.01,0.38,-0.38,-0.12,0.29,0.09,-2.09,-2.45,9.408,9.604,9.712,9.692,10.1,9.71,9.71,10.1,-0.003,0.002,-0.008,0.0,-0.0,-121.7552303,36.5875136,255.05
-7.0,0.7,0.4,0.01,0.43,-0.36,-0.39,0.09,0.05,-2.1,-2.45,9.457,9.516,9.869,9.79,10.1,9.71,10.01,9.81,-0.003,0.002,-0.008,0.0,-0.0,-121.7552303,36.5875136,255.1
-7.0,0.7,0.0,0.02,0.47,-0.38,0.35,0.14,0.2,-2.11,-2.45,9.565,9.663,9.888,9.673,10.3,9.81,9.91,9.81,-0.003,0.002,-0.008,0.0,-0.0,-121.7552303,36.5875136,255.15
-7.0,0.7,0.0,0.02,0.38,-0.35,0.15,-0.11,0.16,-2.11,-2.46,9.575,9.545,9.682,9.79,10.01,9.81,9.81,9.71,-0.003,0.002,-0.008,0.0,0.0,-121.7552303,36.5875136,255.2
-7.0,0.7,0.0,0.0,0.36,-0.35,-0.24,-0.07,0.16,-2.11,-2.46,9.604,9.633,9.653,9.604,10.1,9.71,9.61,10.2,-0.003,0.002,-0.008,0.0,-0.0,-121.7552303,36.5875136,255.25
-7.0,0.7,0.0,0.01,0.41,-0.37,-0.06,0.31,-0.19,-2.11,-2.47,9.535,9.584,9.781,9.79,10.1,9.81,9.71,10.01,-0.003,0.002,-0.008,0.0,-0.0,-121.7552303,36.5875136,255.3
-7.0,0.7,0.4,0.01,0.43,-0.38,0.03,-0.09,0.32,-2.11,-2.47,9.526,9.526,9.81,9.928,10.01,9.81,10.01,9.61,-0.003,0.002,-0.008,0.0,-0.0,-121.7552303,36.5875136,255.35
-7.0,0.7,0.0,0.01,0.38,-0.3,-0.22,0.33,0.12,-2.11,-2.48,9.427,9.643,9.643,9.692,10.1,10.01,9.32,10.01,-0.003,0.002,-0.008,0.0,-0.01,-121.7552303,36.5875136,255.4
-7.0,0.7,0.0,0.01,0.4,-0.29,0.25,-0.3,0.15,-2.11,-2.45,9.447,9.614,9.82,9.879,10.1,9.91,9.42,9.81,-0.003,0.002,-0.008,0.0,-0.01,-121.7552303,36.5875136,255.45
-7.0,0.7,0.0,0.01,0.38,-0.4,0.28,0.17,-0.16,-2.11,-2.45,9.476,9.584,9.761,9.849,10.3,9.81,10.1,10.1,-0.003,0.002,-0.008,0.0,-0.01,-121.7552303,36.5875136,255.5
-6.9,0.7,0.0,0.02,0.4,-0.36,-0.18,0.04,-0.49,-2.11,-2.45,9.722,9.614,9.81,9.604,10.5,9.81,9.71,10.01,-0.003,0.002,-0.008,0.0,-0.01,-121.7552303,36.5875136,255.55
-6.9,0.7,0.0,0.02,0.46,-0.37,0.33,-0.03,-0.07,-2.1,-2.45,9.418,9.594,9.575,9.81,10.2,9.81,9.71,9.91,-0.003,0.002,-0.008,0.0,-0.01,-121.7552303,36.5875136,255.6
-6.9,0.7,0.0,0.02,0.46,-0.3,0.04,-0.17,-0.09,-2.1,-2.45,9.359,9.516,9.81,9.741,10.1,9.91,9.71,9.91,-0.003,0.002,-0.008,0.0,-0.01,-121.7552303,36.5875136,255.65
-7.1,0.7,0.0,0.02,0.4,-0.29,-0.18,-0.05,0.26,-2.1,-2.45,9.476,9.692,9.869,9.692,10.3,9.71,9.81,10.01,-0.003,0.002,-0.008,0.0,-0.01,-121.7552303,36.5875136,255.7
-7.2,0.7,0.0,0.02,0.39,-0.34,0.09,0.03,-0.19,-2.1,-2.45,9.545,9.614,9.82,9.722,10.3,9.81,9.91,9.81,-0.003,0.002,-0.008,0.0,-0.01,-121.7552303,36.5875136,255.75
-7.4,0.7,0.0,0.02,0.4,-0.39,-0.31,-0.34,-0.06,-2.12,-2.45,9.408,9.614,9.82,9.879,10.01,9.81,9.91,9.71,-0.003,0.002,-0.008,0.0,-0.02,-121.7552303,36.5875137,255.8
-7.4,0.7,0.0,0.02,0.42,-0.42,0.36,-0.11,-0.07,-2.09,-2.46,9.427,9.663,9.839,9.673,10.01,9.71,9.32,9.71,-0.003,0.002,-0.008,0.0,-0.01,-121.7552303,36.5875137,255.85
-7.4,0.7,0.0,0.03,0.37,-0.37,-0.15,0.16,0.08,-2.1,-2.44,9.506,9.732,9.761,9.771,10.1,9.61,9.71,9.61,-0.003,0.002,-0.008,0.0,-0.02,-121.7552303,36.5875137,255.9
-7.4,0.7,0.0,0.03,0.41,-0.29,0.09,0.15,0.02,-2.1,-2.44,9.418,9.633,9.83,9.879,10.4,9.71,9.61,9.91,-0.003,0.002,-0.008,0.0,-0.02,-121.7552303,36.5875137,255.95
-7.4,0.7,0.0,0.03,0.41,-0.32,-0.16,-0.13,-0.06,-2.1,-2.43,9.496,9.555,9.8,9.771,10.2,9.71,9.81,9.71,-0.003,0.002,-0.008,0.0,-0.02,-121.7552303,36.5875137,256.0
-7.4,0.7,0.0,0.03,0.4,-0.35,-0.07,-0.09,0.07,-2.1,-2.45,9.486,9.633,9.732,9.692,10.2,9.42,9.81,10.01,-0.003,0.002,-0.008,0.0,-0.02,-121.7552303,36.5875137,256.05
-7.4,0.7,0.0,0.03,0.37,-0.37,-0.04,-0.22,0.23,-2.12,-2.46,9.565,9.555,9.82,9.722,10.4,9.81,9.91,10.2,-0.003,0.002,-0.008,0.0,-0.02,-121.7552303,36.5875137,256.1
-7.4,0.7,0.0,0.03,0.44,-0.35,-0.21,0.26,-0.01,-2.1,-2.44,9.565,9.614,9.682,9.849,10.4,9.52,9.61,10.01,-0.003,0.002,-0.008,0.0,-0.02,-121.7552303,36.5875137,256.15
-7.4,0.7,0.0,0.04,0.43,-0.38,-0.05,-0.2,-0.34,-2.11,-2.43,9.467,9.604,9.741,9.624,10.01,9.71,9.61,10.01,-0.003,0.002,-0.008,0.0,-0.02,-121.7552303,36.5875137,256.2
-7.4,0.7,0.0,0.04,0.4,-0.26,-0.12,-0.22,-0.0,-2.1,-2.46,9.565,9.555,9.839,9.692,10.2,9.61,9.91,9.91,-0.003,0.002,-0.008,0.0,-0.02,-121.7552303,36.5875137,256.25
-7.4,0.7,0.0,0.04,0.41,-0.36,0.08,-0.13,-0.02,-2.1,-2.45,9.584,9.624,9.682,9.692,10.2,9.61,9.81,9.52,-0.003,0.002,-0.008,0.0,-0.02,-121.7552303,36.5875137,256.3
-7.4,0.7,0.0,0.04,0.46,-0.39,0.06,-0.18,-0.3,-2.1,-2.46,9.516,9.545,9.918,9.692,10.2,9.71,9.91,10.1,-0.003,0.002,-0.008,0.0,-0.03,-121.7552303,36.5875137,256.35
-7.4,0.7,0.0,0.04,0.42,-0.43,0.2,0.15,-0.03,-2.09,-2.47,9.476,9.604,9.81,9.624,10.01,9.71,9.81,9.91,-0.003,0.002,-0.008,0.0,-0.03,-121.7552303,36.5875137,256.4
-7.4,0.7,0.0,0.04,0.41,-0.31,0.27,0.01,0.23,-2.1,-2.45,9.565,9.584,9.692,9.643,10.3,9.71,9.71,9.71,-0.003,0.002,-0.008,0.0,-0.03,-121.7552303,36.5875137,256.45
-7.4,0.7,0.0,0.04,0.44,-0.32,0.02,-0.11,-0.1,-2.1,-2.45,9.359,9.663,9.83,9.722,10.4,9.71,9.61,9.91,-0.003,0.002,-0.008,0.0,-0.03,-121.7552303,36.5875137,256.5
-7.4,0.7,0.0,0.05,0.41,-0.32,-0.12,0.01,0.06,-2.11,-2.46,9.496,9.565,9.908,9.741,10.3,9.81,9.91,9.91,-0.003,0.002,-0.008,0.0,-0.03,-121.7552303,36.5875137,256.55
-7.4,0.7,0.0,0.05,0.4,-0.36,-0.11,0.07,0.29,-2.1,-2.45,9.604,9.575,9.722,9.673,10.1,9.91,9.71,9.91,-0.003,0.002,-0.008,0.0,-0.03,-121.7552303,36.5875137,256.6
-7.4,0.7,0.0,0.05,0.43,-0.39,0.17,-0.07,0.09,-2.1,-2.46,9.496,9.555,9.682,9.692,10.01,9.91,9.61,10.01,-0.003,0.002,-0.008,0.0,-0.03,-121.7552303,36.5875137,256.65
-7.4,0.7,0.0,0.05,0.39,-0.32,0.1,-0.13,0.38,-2.11,-2.45,9.467,9.624,9.771,9.79,10.01,9.81,9.81,9.91,-0.003,0.002,-0.008,0.0,-0.03,-121.7552303,36.5875137,256.7
-7.4,0.7,0.0,0.05,0.39,-0.34,-0.17,0.38,-0.16,-2.1,-2.45,9.575,9.555,9.918,9.81,10.3,9.71,9.91,9.91,-0.003,0.002,-0.008,0.0,-0.03,-121.7552303,36.5875137,256.75
-7.4,0.7,0.0,0.05,0.42,-0.38,-0.08,-0.08,-0.09,-2.11,-2.47,9.486,9.584,9.732,9.722,10.1,9.71,9.61,9.52,-0.003,0.002,-0.008,0.0,-0.04,-121.7552303,36.5875137,256.8
-7.4,0.7,0.0,0.06,0.41,-0.37,-0.16,0.14,-0.09,-2.1,-2.45,9.418,9.614,9.879,9.722,10.1,9.71,10.01,9.91,-0.003,0.002,-0.008,0.0,-0.04,-121.7552303,36.5875137,256.85
-7.4,0.7,0.0,0.06,0.4,-0.34,0.4,-0.06,-0.1,-2.1,-2.46,9.408,9.594,9.879,9.879,10.1,9.91,9.42,9.91,-0.003,0.002,-0.008,0.0,-0.04,-121.7552303,36.5875137,256.9
-7.4,0.7,0.0,0.06,0.39,-0.33,-0.01,-0.07,-0.19,-2.1,-2.46,9.555,9.516,9.624,9.947,9.81,9.81,9.91,10.01,-0.003,0.002,-0.008,0.0,-0.04,-121.7552303,36.5875137,256.95
-7.4,0.7,0.0,0.06,0.37,-0.34,-0.02,0.13,0.11,-2.1,-2.46,9.486,9.594,9.663,9.849,10.3,9.61,9.61,10.01,-0.003,0.002,-0.008,0.0,-0.04,-121.7552303,36.5875137,257.0
-7.4,0.7,0.0,0.06,0.44,-0.33,0.37,0.39,-0.02,-2.12,-2.44,9.526,9.643,9.918,9.692,9.91,9.81,9.52,10.1,-0.003,0.002,-0.008,0.0,-0.04,-121.7552303,36.5875137,257.05
-7.4,0.7,0.0,0.06,0.43,-0.38,-0.13,-0.05,-0.07,-2.1,-2.45,9.555,9.624,9.741,9.643,10.5,9.91,9.91,10.01,-0.003,0.002,-0.008,0.0,-0.04,-121.7552303,36.5875137,257.1
-7.4,0.7,0.0,0.06,0.41,-0.33,0.04,-0.17,-0.21,-2.1,-2.43,9.496,9.614,9.663,9.526,10.01,9.81,9.61,9.71,-0.003,0.002,-0.008,0.0,-0.04,-121.7552303,36.5875137,257.15
-7.4,0.7,0.0,0.07,0.44,-0.37,-0.08,-0.12,-0.09,-2.1,-2.46,9.476,9.643,9.859,9.741,10.2,9.91,9.81,9.91,-0.003,0.002,-0.008,0.0,-0.04,-121.7552303,36.5875137,257.2
-7.4,0.7,0.0,0.07,0.42,-0.39,0.04,-0.02,-0.1,-2.1,-2.47,9.476,9.575,9.967,9.79,10.1,9.71,9.52,9.81,-0.003,0.002,-0.008,0.0,-0.04,-121.7552303,36.5875137,257.25
-7.4,0.7,0.0,0.07,0.39,-0.34,-0.2,0.07,-0.08,-2.1,-2.46,9.506,9.555,9.859,9.692,9.91,9.61,9.81,9.91,-0.003,0.002,-0.008,0.0,-0.05,-121.7552303,36.5875137,257.3
-7.4,0.7,0.0,0.07,0.39,-0.36,-0.04,0.43,0.02,-2.11,-2.45,9.526,9.614,9.624,9.692,9.81,10.01,9.52,9.61,-0.003,0.002,-0.008,0.0,-0.05,-121.7552303,36.5875137,257.35
-7.4,0.7,0.0,0.07,0.42,-0.37,0.02,0.14,0.12,-2.1,-2.45,9.506,9.663,9.673,9.79,10.2,10.01,9.71,9.71,-0.003,0.002,-0.008,0.0,-0.05,-121.7552303,36.5875137,257.4
-7.4,0.7,0.0,0.07,0.42,-0.33,-0.29,0.0,-0.03,-2.1,-2.44,9.457,9.604,9.888,9.741,10.01,9.81,9.42,10.01,-0.003,0.002,-0.008,0.0,-0.05,-121.7552303,36.5875137,257.45
-7.4,0.7,0.0,0.07,0.41,-0.36,0.07,0.27,-0.52,-2.1,-2.46,9.575,9.614,9.849,9.643,10.01,9.71,9.71,9.91,-0.003,0.002,-0.008,0.0,-0.05,-121.7552303,36.5875137,257.5
-7.4,0.7,0.0,0.08,0.4,-0.36,-0.15,-0.04,0.14,-2.1,-2.46,9.418,9.594,9.614,9.624,10.01,9.61,9.81,9.81,-0.003,0.002,-0.008,0.0,-0.05,-121.7552303,36.5875137,257.55
-7.4,0.7,0.0,0.08,0.47,-0.31,0.19,-0.15,0.12,-2.11,-2.45,9.575,9.476,9.888,9.604,10.01,10.01,9.81,9.91,-0.003,0.002,-0.008,0.0,-0.05,-121.7552303,36.5875137,257.6
-7.5,0.7,0.0,0.08,0.38,-0.37,0.1,0.04,0.02,-2.11,-2.44,9.516,9.732,9.732,9.771,10.1,9.71,9.91,10.01,-0.003,0.002,-0.008,0.0,-0.05,-121.7552303,36.5875137,257.65
-7.5,0.7,0.4,0.08,0.39,-0.32,0.01,0.01,0.13,-2.1,-2.47,9.545,9.555,9.82,9.575,10.1,9.91,9.91,9.91,-0.003,0.002,-0.008,0.0,-0.05,-121.7552303,36.5875137,257.7
-7.5,0.7,2.5,0.08,0.45,-0.31,-0.12,-0.21,-0.19,-2.11,-2.46,9.467,9.712,9.859,9.575,10.2,9.71,9.91,9.81,-0.003,0.002,-0.008,0.0,-0.06,-121.7552303,36.5875137,257.75
-7.4,0.7,7.9,0.08,0.46,-0.39,0.24,-0.13,0.12,-2.12,-2.45,9.359,9.604,9.869,9.879,10.1,9.71,9.91,10.01,-0.003,0.002,-0.008,0.0,-0.06,-121.7552303,36.5875136,257.8
-7.5,0.7,15.4,0.09,0.38,-0.4,-0.17,0.1,-0.31,-2.14,-2.44,9.496,9.614,9.879,9.692,10.01,10.01,9.61,9.81,-0.003,0.002,-0.008,0.0,-0.06,-121.7552303,36.5875136,257.85
-7.6,0.7,20.3,0.09,0.39,-0.33,-0.04,-0.16,-0.01,-2.1,-2.47,9.388,9.604,9.81,9.692,10.2,9.81,10.1,10.2,-0.003,0.002,-0.008,0.0,-0.06,-121.7552303,36.5875136,257.9
-7.7,0.7,26.6,0.01,0.45,-0.39,-0.27,0.06,-0.18,-2.1,-2.46,9.486,9.535,9.81,9.692,10.01,9.91,9.91,9.91,-0.003,0.002,-0.008,0.0,-0.0,-121.7552303,36.5875136,257.95
-7.7,0.7,29.9,0.01,0.35,-0.31,-0.05,-0.35,0.09,-2.11,-2.45,9.565,9.614,9.83,9.722,10.2,9.61,9.81,9.91,-0.003,0.002,-0.008,0.0,-0.0,-121.7552303,36.5875136,258.0
-7.7,0.7,25.3,-0.0,0.37,-0.34,0.0,-0.04,0.1,-2.1,-2.45,9.447,9.663,9.781,9.849,10.4,10.1,9.22,10.01,-0.003,0.002,-0.008,0.0,0.0,-121.7552303,36.5875136,258.05
-7.7,0.7,22.0,0.01,0.46,-0.4,-0.22,0.28,-0.36,-2.09,-2.46,9.476,9.565,9.682,9.771,10.1,9.71,10.2,9.91,-0.003,0.002,-0.008,0.0,-0.0,-121.7552303,36.5875136,258.1
-7.7,0.7,19.1,0.01,0.42,-0.34,-0.02,-0.01,-0.08,-2.14,-2.47,9.506,9.565,9.771,9.673,10.2,9.71,9.61,9.91,-0.003,0.002,-0.008,0.0,-0.01,-121.7552303,36.5875136,258.15
-7.7,0.7,15.4,-0.0,0.41,-0.33,0.04,-0.21,0.16,-2.11,-2.46,9.486,9.653,9.81,9.771,10.1,9.81,9.61,9.91,-0.003,0.002,-0.008,0.0,-0.0,-121.7552303,36.5875136,258.2
-7.7,0.7,7.9,-0.0,0.47,-0.37,-0.17,-0.07,0.43,-2.1,-2.45,9.467,9.535,9.761,9.643,10.1,9.61,10.01,10.1,-0.003,0.002,-0.008,0.0,-0.0,-121.7552303,36.5875136,258.25
-7.7,0.7,4.6,-0.01,0.46,-0.41,-0.1,-0.2,-0.13,-2.11,-2.49,9.535,9.526,9.938,9.741,10.3,9.91,9.61,9.91,-0.003,0.002,-0.008,0.0,0.0,-121.7552303,36.5875136,258.3
-7.7,0.7,2.1,0.01,0.4,-0.35,-0.14,-0.19,-0.01,-2.13,-2.52,9.437,9.624,9.83,9.624,10.1,9.91,9.71,10.01,-0.003,0.002,-0.008,0.0,-0.0,-121.7552303,36.5875136,258.35
-7.7,0.7,0.4,-0.0,0.4,-0.4,-0.27,0.09,0.18,-2.14,-2.55,9.604,9.575,9.771,9.643,10.1,10.01,10.01,9.81,-0.003,0.002,-0.008,0.0,0.0,-121.7552303,36.5875136,258.4
-7.7,0.7,0.0,-0.0,0.38,-0.28,-0.33,0.01,-0.23,-2.15,-2.58,9.526,9.653,9.761,9.624,10.1,9.81,9.91,10.3,-0.003,0.002,-0.008,0.0,0.0,-121.7552303,36.5875136,258.45
-7.7,0.7,0.0,-0.0,0.46,-0.4,-0.3,0.11,0.12,-2.1,-2.45,9.437,9.594,9.741,9.741,10.3,9.71,9.71,9.81,-0.003,0.002,-0.008,0.0,0.0,-121.7552303,36.5875136,258.5
-7.7,0.7,0.0,-0.0,0.39,-0.32,-0.14,0.04,-0.2,-2.11,-2.47,9.506,9.565,9.839,9.555,10.2,9.91,9.61,9.71,-0.003,0.002,-0.008,0.0,0.0,-121.7552304,36.5875136,258.55
-7.7,0.7,0.0,-0.01,0.37,-0.36,0.13,0.16,0.19,-2.11,-2.49,9.467,9.673,9.682,9.741,10.1,9.52,9.81,9.91,-0.003,0.002,-0.008,0.0,0.01,-121.7552304,36.5875136,258.6
-7.7,0.7,0.0,-0.0,0.42,-0.38,-0.15,-0.16,0.03,-2.11,-2.51,9.467,9.614,9.81,9.928,10.1,9.91,9.71,10.01,-0.003,0.002,-0.008,0.0,0.01,-121.7552304,36.5875136,258.65
-7.7,0.7,0.0,-0.01,0.39,-0.37,-0.02,0.04,-0.11,-2.11,-2.52,9.457,9.673,9.624,9.771,10.1,9.81,9.71,9.91,-0.003,0.002,-0.008,0.0,0.01,-121.7552304,36.5875136,258.7
-7.7,0.7,0.0,-0.01,0.43,-0.35,-0.04,0.16,-0.17,-2.11,-2.54,9.447,9.584,9.81,9.79,9.91,9.81,10.01,9.91,-0.003,0.002,-0.008,0.0,0.01,-121.7552304,36.5875136,258.75
-7.7,0.7,0.0,-0.01,0.46,-0.36,0.23,0.21,0.05,-2.11,-2.55,9.506,9.624,9.849,9.81,10.1,9.71,9.91,10.01,-0.003,0.002,-0.008,0.0,0.01,-121.7552304,36.5875136,258.8
-7.7,0.7,0.0,-0.01,0.43,-0.41,-0.16,-0.0,-0.32,-2.12,-2.57,9.467,9.526,9.839,9.722,10.3,9.81,9.91,9.52,-0.003,0.002,-0.008,0.0,0.01,-121.7552304,36.5875136,258.85
-7.7,0.7,0.0,-0.01,0.47,-0.33,-0.12,-0.06,-0.04,-2.12,-2.58,9.467,9.594,9.722,9.741,10.1,9.81,9.61,9.91,-0.003,0.002,-0.008,0.0,0.01,-121.7552304,36.5875136,258.9
-7.7,0.7,0.0,-0.01,0.41,-0.37,-0.02,-0.12,0.04,-2.12,-2.6,9.526,9.584,9.869,9.79,10.01,9.91,9.81,9.81,-0.003,0.002,-0.008,0.0,0.02,-121.7552304,36.5875136,258.95
-7.7,0.7,0.0,-0.01,0.41,-0.3,0.26,-0.48,-0.18,-2.11,-2.46,9.486,9.604,9.849,9.624,9.91,10.2,9.61,9.91,-0.003,0.002,-0.008,0.0,0.02,-121.7552304,36.5875136,259.0
-7.7,0.7,0.0,-0.01,0.37,-0.41,-0.09,-0.13,-0.54,-2.13,-2.47,9.427,9.614,9.781,9.81,10.59,9.71,9.81,10.01,-0.003,0.002,-0.008,0.0,0.02,-121.7552304,36.5875136,259.05
-7.7,0.7,0.0,-0.01,0.46,-0.35,-0.08,0.23,0.31,-2.15,-2.48,9.486,9.663,9.82,9.81,10.4,9.81,9.61,9.61,-0.003,0.002,-0.008,0.0,0.02,-121.7552304,36.5875136,259.1
-7.7,0.7,0.0,-0.02,0.38,-0.33,0.04,-0.35,0.25,-2.18,-2.49,9.496,9.643,9.702,9.898,10.01,10.01,10.01,9.91,-0.003,0.002,-0.008,0.0,0.02,-121.7552304,36.5875136,259.15
-7.7,0.7,0.0,-0.02,0.41,-0.4,0.23,0.21,-0.24,-2.1,-2.46,9.555,9.555,9.781,9.79,10.2,9.91,10.2,10.1,-0.003,0.002,-0.008,0.0,0.02,-121.7552304,36.5875136,259.2
-7.7,0.7,0.4,-0.02,0.41,-0.36,-0.09,-0.28,-0.06,-2.11,-2.46,9.496,9.614,9.663,9.722,10.1,10.01,9.81,10.01,-0.003,0.002,-0.008,0.0,0.02,-121.7552304,36.5875136,259.25
-7.7,0.7,0.4,-0.02,0.39,-0.36,0.33,-0.16,-0.42,-2.11,-2.46,9.457,9.643,9.839,9.722,10.1,9.71,9.81,10.01,-0.003,0.002,-0.008,0.0,0.03,-121.7552304,36.5875136,259.3
-7.7,0.7,0.4,-0.02,0.42,-0.41,0.05,0.13,0.02,-2.1,-2.46,9.584,9.594,9.702,9.741,10.3,9.81,9.81,9.81,-0.003,0.002,-0.008,0.0,0.03,-121.7552304,36.5875136,259.35
-7.7,0.7,0.4,-0.02,0.45,-0.31,-0.24,-0.18,0.08,-2.11,-2.46,9.594,9.565,9.771,9.624,10.4,10.01,9.61,9.81,-0.003,0.002,-0.008,0.0,0.03,-121.7552304,36.5875136,259.4
-7.7,0.7,0.4,-0.02,0.39,-0.39,0.02,-0.43,-0.27,-2.1,-2.46,9.584,9.584,9.81,9.741,10.3,9.71,9.71,9.81,-0.003,0.002,-0.008,0.0,0.03,-121.7552304,36.5875136,259.45
-7.7,0.7,0.4,-0.02,0.41,-0.36,-0.19,0.06,0.04,-2.1,-2.46,9.506,9.584,9.83,9.79,10.2,9.91,9.71,9.71,-0.003,0.002,-0.008,0.0,0.03,-121.7552304,36.5875136,259.5
-7.7,0.7,0.0,-0.02,0.34,-0.28,0.09,-0.34,-0.08,-2.1,-2.46,9.476,9.614,9.741,9.722,10.2,10.01,10.01,10.01,-0.003,0.002,-0.008,0.0,0.03,-121.7552304,36.5875136,259.55
-7.7,0.7,0.4,-0.02,0.33,-0.35,0.29,-0.15,-0.07,-2.1,-2.47,9.447,9.643,9.741,9.81,10.2,9.71,9.42,9.81,-0.003,0.002,-0.008,0.0,0.03,-121.7552304,36.5875136,259.6
-7.7,0.7,0.4,-0.03,0.48,-0.32,-0.04,0.01,-0.12,-2.1,-2.47,9.467,9.692,9.751,9.673,10.1,9.61,9.61,9.81,-0.003,0.002,-0.008,0.0,0.03,-121.7552304,36.5875136,259.65
-7.7,0.7,0.0,-0.03,0.46,-0.3,0.03,0.03,-0.07,-2.1,-2.46,9.594,9.575,9.663,9.673,10.1,9.61,10.1,10.01,-0.003,0.002,-0.008,0.0,0.04,-121.7552304,36.5875136,259.7
-7.7,0.7,0.0,-0.03,0.37,-0.37,-0.04,0.2,0.07,-2.1,-2.46,9.467,9.633,9.663,9.692,10.2,9.71,9.81,9.91,-0.003,0.002,-0.008,0.0,0.04,-121.7552304,36.5875136,259.75
-7.7,0.7,0.0,-0.03,0.45,-0.37,-0.13,-0.03,-0.13,-2.11,-2.46,9.506,9.526,9.8,9.604,10.01,9.61,9.61,9.61,-0.003,0.002,-0.008,0.0,0.04,-121.7552304,36.5875136,259.8
-7.7,0.7,0.0,-0.03,0.4,-0.39,0.18,-0.27,0.32,-2.11,-2.46,9.398,9.692,9.987,9.771,10.2,9.71,9.91,9.91,-0.003,0.002,-0.008,0.0,0.04,-121.7552304,36.5875136,259.85
-7.7,0.7,0.0,-0.03,0.51,-0.39,0.03,0.33,0.04,-2.1,-2.45,9.467,9.633,9.879,9.79,10.5,9.71,9.61,10.01,-0.003,0.002,-0.008,0.0,0.04,-121.7552304,36.5875136,259.9
-7.7,0.7,0.0,-0.03,0.39,-0.29,0.09,0.01,0.04,-2.09,-2.43,9.555,9.575,9.761,9.81,10.2,9.61,9.91,9.81,-0.003,0.002,-0.008,0.0,0.04,-121.7552304,36.5875136,259.95
-7.7,0.7,0.0,-0.03,0.48,-0.33,-0.17,-0.05,-0.22,-2.11,-2.46,9.584,9.565,9.732,9.79,10.01,9.81,9.71,10.3,-0.003,0.002,-0.008,0.0,0.04,-121.7552304,36.5875136,260.0
-7.7,0.7,0.0,-0.04,0.41,-0.4,-0.09,0.2,-0.15,-2.1,-2.46,9.604,9.565,9.781,9.722,10.01,9.71,9.91,9.81,-0.003,0.002,-0.008,0.0,0.05,-121.7552304,36.5875136,260.05
-7.7,0.7,0.4,-0.04,0.42,-0.3,0.04,-0.21,-0.1,-2.11,-2.45,9.565,9.535,9.771,9.624,10.2,9.71,9.91,9.61,-0.003,0.002,-0.008,0.0,0.05,-121.7552304,36.5875136,260.1
-7.7,0.7,0.4,-0.04,0.4,-0.35,-0.15,0.25,-0.2,-2.1,-2.47,9.565,9.535,9.702,9.604,10.01,9.81,9.81,10.01,-0.003,0.002,-0.008,0.0,0.05,-121.7552304,36.5875136,260.15
-7.7,0.7,0.4,-0.04,0.4,-0.39,0.25,-0.05,-0.01,-2.11,-2.46,9.427,9.594,9.938,9.673,10.1,10.01,9.81,9.81,-0.003,0.002,-0.008,0.0,0.05,-121.7552304,36.5875136,260.2
-7.7,0.7,0.0,-0.04,0.4,-0.31,0.1,-0.15,-0.0,-2.12,-2.47,9.408,9.682,9.751,9.722,10.3,9.91,9.91,10.1,-0.003,0.002,-0.008,0.0,0.05,-121.7552304,36.5875136,260.25
-7.7,0.7,0.4,-0.04,0.43,-0.4,-0.08,0.04,-0.04,-2.11,-2.46,9.476,9.575,9.839,9.624,10.2,9.71,9.91,9.71,-0.003,0.002,-0.008,0.0,0.05,-121.7552304,36.5875136,260.3
-7.7,0.7,0.4,-0.04,0.45,-0.29,0.05,0.32,0.04,-2.1,-2.46,9.653,9.496,9.781,9.673,9.91,9.91,10.3,9.71,-0.003,0.002,-0.008,0.0,0.05,-121.7552304,36.5875136,260.35
-7.7,0.7,0.4,-0.04,0.47,-0.3,-0.02,-0.02,0.14,-2.11,-2.46,9.614,9.614,9.82,9.722,10.2,9.71,9.91,10.1,-0.003,0.002,-0.008,0.0,0.06,-121.7552304,36.5875136,260.4
-7.7,0.7,0.4,-0.04,0.35,-0.39,-0.22,-0.11,0.12,-2.11,-2.46,9.369,9.682,9.81,9.692,10.1,9.91,9.42,9.71,-0.003,0.002,-0.008,0.0,0.06,-121.7552304,36.5875136,260.45
-7.7,0.7,0.4,-0.04,0.39,-0.44,-0.09,-0.04,0.11,-2.1,-2.46,9.369,9.565,9.898,9.692,10.2,9.81,10.01,9.81,-0.003,0.002,-0.008,0.0,0.06,-121.7552304,36.5875136,260.5
-7.7,0.7,0.4,-0.04,0.41,-0.28,0.01,0.12,0.52,-2.11,-2.45,9.418,9.624,9.771,9.722,10.4,9.81,9.61,10.01,-0.003,0.002,-0.008,0.0,0.06,-121.7552304,36.5875136,260.55
-7.7,0.7,0.4,-0.05,0.51,-0.29,0.17,0.08,-0.01,-2.11,-2.45,9.81,9.643,9.8,9.79,10.4,9.81,9.42,10.01,-0.003,0.002,-0.008,0.0,0.06,-121.7552303,36.5875136,260.6
-7.7,0.7,0.4,-0.05,0.33,-0.37,0.22,-0.18,-0.29,-2.11,-2.44,9.476,9.565,9.839,9.928,10.2,9.91,9.42,9.81,-0.003,0.002,-0.008,0.0,0.06,-121.7552303,36.5875136,260.65
-7.7,0.7,0.4,-0.05,0.45,-0.35,0.07,-0.04,0.09,-2.11,-2.47,9.476,9.476,9.918,9.692,10.2,10.01,10.1,9.91,-0.003,0.002,-0.008,0.0,0.06,-121.7552303,36.5875136,260.7
-7.7,0.7,0.4,-0.05,0.43,-0.42,0.09,0.09,-0.31,-2.1,-2.46,9.633,9.545,9.663,9.506,10.2,9.61,9.81,9.91,-0.003,0.002,-0.008,0.0,0.06,-121.7552303,36.5875136,260.75
-7.7,0.7,0.4,-0.05,0.36,-0.35,-0.14,-0.02,-0.08,-2.1,-2.45,9.516,9.682,9.81,9.849,10.2,9.91,9.61,9.71,-0.003,0.002,-0.008,0.0,0.07,-121.7552303,36.5875136,260.8
-7.7,0.7,0.4,-0.05,0.44,-0.35,0.09,0.45,-0.07,-2.09,-2.46,9.418,9.633,9.81,9.722,10.4,9.81,9.91,9.81,-0.003,0.002,-0.008,0.0,0.07,-121.7552303,36.5875136,260.85
-7.7,0.7,0.4,-0.05,0.43,-0.38,0.37,-0.17,0.12,-2.11,-2.46,9.496,9.584,9.781,9.879,10.1,9.52,9.81,10.01,-0.003,0.002,-0.008,0.0,0.07,-121.7552303,36.5875136,260.9
-7.7,0.7,0.4,-0.05,0.37,-0.33,0.11,-0.07,0.1,-2.11,-2.46,9.486,9.575,9.702,9.898,10.3,9.81,9.52,9.71,-0.003,0.002,-0.008,0.0,0.07,-121.7552303,36.5875136,260.95
-7.7,0.7,0.4,-0.05,0.39,-0.36,0.07,-0.22,0.28,-2.1,-2.47,9.427,9.722,9.79,9.81,10.2,9.91,10.1,9.71,-0.003,0.002,-0.008,0.0,0.07,-121.7552303,36.5875137,261.0
-7.7,0.7,0.4,-0.06,0.36,-0.32,-0.3,-0.09,-0.23,-2.11,-2.46,9.408,9.575,9.761,9.81,10.3,9.81,9.91,9.81,-0.003,0.002,-0.008,0.0,0.07,-121.7552303,36.5875137,261.05
-7.7,0.7,0.4,-0.06,0.35,-0.32,-0.31,0.07,0.15,-2.09,-2.46,9.408,9.624,9.839,9.849,9.91,9.81,9.61,9.71,-0.003,0.002,-0.008,0.0,0.07,-121.7552303,36.5875137,261.1
-7.7,0.7,0.4,-0.06,0.4,-0.39,-0.07,-0.21,-0.19,-2.11,-2.46,9.467,9.633,9.722,9.879,10.2,9.71,9.81,9.71,-0.003,0.002,-0.008,0.0,0.07,-121.7552303,36.5875137,261.15
-7.7,0.7,0.4,-0.06,0.46,-0.38,-0.18,0.26,0.08,-2.12,-2.47,9.506,9.604,9.839,9.692,10.1,9.81,9.91,9.91,-0.003,0.002,-0.008,0.0,0.07,-121.7552303,36.5875137,261.2
-7.7,0.7,0.4,-0.06,0.4,-0.38,-0.2,-0.0,-0.17,-2.1,-2.47,9.555,9.663,9.8,9.741,9.91,9.91,9.91,10.01,-0.003,0.002,-0.008,0.0,0.08,-121.7552302,36.5875137,261.25
-7.7,0.7,0.4,-0.06,0.38,-0.33,0.01,-0.16,-0.04,-2.11,-2.46,9.369,9.575,9.692,9.673,10.2,9.81,10.1,9.71,-0.003,0.002,-0.008,0.0,0.08,-121.7552302,36.5875137,261.3
-7.7,0.7,0.4,-0.06,0.42,-0.33,0.12,0.13,-0.02,-2.11,-2.46,9.545,9.555,9.702,9.692,10.2,10.01,10.1,9.91,-0.003,0.002,-0.008,0.0,0.08,-121.7552302,36.5875136,261.35
-7.7,0.7,0.4,-0.06,0.39,-0.35,0.08,-0.35,-0.2,-2.11,-2.47,9.506,9.633,9.859,9.692,10.01,9.52,9.81,10.01,-0.003,0.002,-0.008,0.0,0.08,-121.7552302,36.5875136,261.4
-7.7,0.7,0.4,-0.06,0.41,-0.41,-0.12,0.08,0.02,-2.09,-2.46,9.545,9.555,9.761,9.722,10.1,9.91,9.91,9.61,-0.003,0.002,-0.008,0.0,0.08,-121.7552302,36.5875136,261.45
-7.7,0.7,0.4,-0.06,0.37,-0.31,-0.25,-0.02,-0.16,-2.09,-2.47,9.427,9.624,9.771,9.692,10.1,9.71,9.91,10.01,-0.003,0.002,-0.008,0.0,0.08,-121.7552302,36.5875136,261.5
-7.7,0.7,0.4,-0.07,0.44,-0.41,0.3,0.19,-0.36,-2.09,-2.46,9.516,9.614,9.781,9.849,10.1,9.81,9.71,10.3,-0.003,0.002,-0.008,0.0,0.09,-121.7552302,36.5875137,261.55
-7.7,0.7,0.4,-0.07,0.38,-0.27,-0.03,-0.07,-0.02,-2.1,-2.45,9.467,9.653,9.81,9.898,10.2,9.81,9.91,10.01,-0.003,0.002,-0.008,0.0,0.09,-121.7552302,36.5875137,261.6
-7.7,0.7,0.4,-0.0,0.38,-0.36,0.0,0.5,0.27,-2.09,-2.47,9.516,9.633,9.614,9.977,9.91,9.71,9.91,9.81,-0.003,0.002,-0.008,0.0,-0.01,-121.7552302,36.5875137,261.65
-7.8,0.7,0.4,-0.0,0.52,-0.33,0.06,-0.0,-0.37,-2.1,-2.47,9.467,9.555,9.81,9.79,10.5,9.81,9.81,10.1,-0.003,0.002,-0.008,0.0,0.0,-121.7552302,36.5875137,261.7
-7.8,0.7,0.4,0.0,0.45,-0.41,-0.21,-0.1,0.01,-2.1,-2.47,9.486,9.584,10.026,9.692,9.91,9.81,9.61,9.91,-0.003,0.002,-0.008,0.0,0.0,-121.7552302,36.5875137,261.75
-7.8,0.7,0.4,-0.0,0.42,-0.36,-0.11,0.16,-0.13,-2.08,-2.46,9.418,9.575,9.702,9.673,10.3,9.81,9.61,9.91,-0.003,0.002,-0.008,0.0,-0.01,-121.7552302,36.5875136,261.8
-7.7,0.7,0.4,-0.01,0.4,-0.37,-0.21,-0.18,0.12,-2.11,-2.46,9.535,9.653,9.928,9.575,10.2,9.91,9.71,10.2,-0.003,0.002,-0.008,0.0,-0.01,-121.7552302,36.5875136,261.85
-7.8,0.7,0.4,-0.01,0.44,-0.36,0.18,0.16,-0.05,-2.09,-2.47,9.359,9.663,9.879,9.673,10.3,9.61,9.61,9.91,-0.003,0.002,-0.008,0.0,-0.02,-121.7552302,36.5875136,261.9
-7.8,0.7,0.4,-0.0,0.47,-0.39,-0.02,-0.31,0.04,-2.11,-2.47,9.467,9.604,9.908,9.575,10.1,9.81,9.81,9.91,-0.003,0.002,-0.008,0.0,0.0,-121.7552302,36.5875136,261.95
-7.8,0.7,0.4,-0.01,0.39,-0.34,0.28,0.24,0.26,-2.09,-2.47,9.467,9.643,9.879,9.604,10.01,9.61,9.91,9.81,-0.003,0.002,-0.008,0.0,-0.01,-121.7552302,36.5875136,262.0
-7.8,0.7,0.4,-0.01,0.4,-0.4,-0.26,-0.09,-0.01,-2.12,-2.47,9.32,9.751,9.928,9.81,10.1,10.01,10.1,9.42,-0.003,0.002,-0.008,0.0,-0.01,-121.7552302,36.5875136,262.05
-7.8,0.7,0.4,-0.01,0.47,-0.38,-0.07,0.16,-0.28,-2.09,-2.47,9.447,9.565,9.722,9.624,10.1,9.81,9.61,9.81,-0.003,0.002,-0.008,0.0,-0.01,-121.7552302,36.5875136,262.1
-7.8,0.7,0.4,-0.01,0.38,-0.27,-0.06,-0.14,0.4,-2.11,-2.47,9.506,9.712,9.879,9.643,10.1,9.71,10.1,9.91,-0.003,0.002,-0.008,0.0,-0.01,-121.7552302,36.5875136,262.15
-7.8,0.7,0.4,-0.01,0.48,-0.38,0.14,-0.03,0.03,-2.11,-2.47,9.506,9.604,9.702,9.81,10.2,9.91,9.61,9.91,-0.003,0.002,-0.008,0.0,-0.01,-121.7552302,36.5875136,262.2
-7.8,0.7,0.4,-0.0,0.39,-0.41,0.04,-0.26,0.07,-2.14,-2.48,9.486,9.663,10.006,9.575,10.3,9.81,9.61,9.71,-0.003,0.002,-0.008,0.0,-0.01,-121.7552302,36.5875136,262.25
-7.8,0.7,0.4,-0.0,0.4,-0.35,-0.16,0.06,0.06,-2.11,-2.47,9.359,9.624,9.741,9.673,10.5,10.01,9.91,10.1,-0.003,0.002,-0.008,0.0,-0.01,-121.7552302,36.5875136,262.3
-7.8,0.7,0.4,-0.0,0.4,-0.39,0.13,-0.06,-0.11,-2.13,-2.47,9.516,9.565,9.771,9.643,10.3,9.91,10.1,9.81,-0.003,0.002,-0.008,0.0,-0.01,-121.7552302,36.5875136,262.35
-7.7,0.7,0.4,0.0,0.37,-0.3,0.23,-0.06,0.17,-2.15,-2.47,9.467,9.643,9.849,9.692,9.91,9.91,9.81,9.81,-0.003,0.002,-0.008,0.0,-0.01,-121.7552302,36.5875136,262.4
-7.7,0.7,0.4,0.0,0.43,-0.38,-0.25,0.15,-0.01,-2.18,-2.47,9.535,9.565,9.653,9.741,9.81,9.91,9.91,10.01,-0.003,0.002,-0.008,0.0,-0.02,-121.7552302,36.5875136,262.45
-7.8,0.7,0.4,0.01,0.37,-0.33,0.07,-0.22,0.02,-2.2,-2.48,9.594,9.604,9.732,9.79,10.2,9.81,9.81,10.1,-0.003,0.002,-0.008,0.0,-0.02,-121.7552302,36.5875136,262.5
-7.8,0.7,0.4,-0.0,0.43,-0.37,-0.04,-0.14,-0.19,-2.22,-2.48,9.496,9.663,9.702,9.849,10.1,9.81,9.81,10.1,-0.003,0.002,-0.008,0.0,-0.01,-121.7552302,36.5875136,262.55
-7.7,0.7,0.4,-0.0,0.39,-0.36,0.12,-0.01,-0.11,-2.24,-2.48,9.555,9.555,9.702,9.673,10.2,9.91,10.1,9.81,-0.003,0.002,-0.008,0.0,-0.01,-121.7552302,36.5875136,262.6
-7.7,0.7,0.4,-0.01,0.41,-0.39,0.09,0.22,-0.24,-2.26,-2.48,9.526,9.653,9.565,9.849,10.2,9.81,9.61,10.1,-0.003,0.002,-0.008,0.0,-0.01,-121.7552302,36.5875136,262.65
-7.8,0.7,0.4,-0.0,0.4,-0.3,-0.19,0.16,-0.17,-2.29,-2.48,9.555,9.555,9.859,9.624,10.2,10.01,9.91,9.91,-0.003,0.002,-0.008,0.0,0.0,-121.7552302,36.5875136,262.7
-7.7,0.7,0.4,0.0,0.47,-0.37,0.18,0.19,0.03,-2.31,-2.48,9.476,9.614,9.633,9.81,10.01,9.61,9.91,9.91,-0.003,0.002,-0.008,0.0,-0.0,-121.7552302,36.5875136,262.75
-7.7,0.7,0.4,0.0,0.38,-0.37,0.15,-0.54,-0.04,-2.33,-2.48,9.378,9.565,9.918,9.692,10.2,9.71,9.81,9.71,-0.003,0.002,-0.008,0.0,-0.0,-121.7552302,36.5875136,262.8
-7.8,0.7,0.4,0.0,0.43,-0.38,0.16,0.04,-0.0,-2.35,-2.49,9.545,9.643,9.869,9.575,10.01,9.61,9.61,9.81,-0.003,0.002,-0.008,0.0,0.0,-121.7552302,36.5875136,262.85
-7.8,0.7,0.4,0.01,0.4,-0.37,0.08,-0.22,0.1,-2.37,-2.49,9.526,9.653,9.702,9.604,10.3,10.01,9.81,9.61,-0.003,0.002,-0.008,0.0,0.0,-121.7552302,36.5875136,262.9
-7.8,0.7,0.4,0.01,0.39,-0.29,0.03,-0.22,-0.18,-2.4,-2.49,9.565,9.604,9.751,9.722,10.3,9.61,9.42,10.01,-0.003,0.002,-0.008,0.0,-0.0,-121.7552302,36.5875136,262.95
-7.8,0.7,0.4,0.01,0.46,-0.47,0.24,-0.09,0.12,-2.42,-2.49,9.476,9.624,9.682,9.771,10.1,9.81,9.91,9.81,-0.003,0.002,-0.008,0.0,0.0,-121.7552302,36.5875136,263.0
-7.8,0.7,0.4,0.01,0.38,-0.34,0.08,0.17,0.26,-2.44,-2.49,9.398,9.555,9.839,9.741,10.1,9.61,9.71,10.01,-0.003,0.002,-0.008,0.0,0.0,-121.7552302,36.5875136,263.05
-7.8,0.7,0.4,0.02,0.39,-0.39,0.06,0.03,0.4,-2.46,-2.49,9.457,9.614,9.8,9.692,9.91,9.61,9.71,9.81,-0.003,0.002,-0.008,0.0,-0.0,-121.7552302,36.5875136,263.1
-7.8,0.7,0.4,0.02,0.4,-0.39,-0.06,-0.29,0.2,-2.12,-2.47,9.369,9.633,9.751,9.692,10.2,9.91,9.71,10.2,-0.003,0.002,-0.008,0.0,-0.0,-121.7552302,36.5875136,263.15
-7.8,0.7,0.4,0.02,0.37,-0.34,0.04,0.39,-0.11,-2.1,-2.47,9.467,9.506,9.859,9.79,10.2,10.01,9.81,10.01,-0.003,0.002,-0.008,0.0,-0.0,-121.7552302,36.5875136,263.2
-7.7,0.7,0.4,0.02,0.45,-0.42,-0.2,0.05,-0.13,-2.1,-2.47,9.535,9.79,9.663,9.879,10.3,9.61,10.01,10.3,-0.003,0.002,-0.008,0.0,-0.0,-121.7552302,36.5875136,263.25
-7.7,0.7,0.4,0.03,0.39,-0.28,0.09,-0.01,0.02,-2.1,-2.47,9.526,9.643,9.83,9.643,10.01,10.01,9.61,9.91,-0.003,0.002,-0.008,0.0,-0.0,-121.7552303,36.5875136,263.3
-7.8,0.7,0.4,0.03,0.41,-0.39,-0.03,-0.2,0.22,-2.1,-2.45,9.388,9.624,9.82,9.81,10.2,10.01,9.71,10.01,-0.003,0.002,-0.008,0.0,-0.0,-121.7552303,36.5875136,263.35
-7.8,0.7,0.4,0.03,0.47,-0.4,0.05,-0.13,-0.18,-2.12,-2.47,9.427,9.575,9.947,9.692,9.91,9.81,9.61,9.91,-0.003,0.002,-0.008,0.0,-0.0,-121.7552303,36.5875136,263.4
-7.7,0.7,0.4,0.03,0.38,-0.42,0.32,-0.38,0.11,-2.12,-2.47,9.506,9.633,9.879,9.771,10.2,9.81,9.71,9.81,-0.003,0.002,-0.008,0.0,-0.0,-121.7552303,36.5875136,263.45
-7.8,0.7,0.4,0.04,0.42,-0.32,-0.0,0.19,0.11,-2.1,-2.47,9.614,9.673,9.673,9.624,10.1,9.81,9.81,9.71,-0.003,0.002,-0.008,0.0,-0.0,-121.7552303,36.5875136,263.5
-7.8,0.7,0.4,0.04,0.42,-0.33,0.2,0.14,0.09,-2.1,-2.47,9.437,9.653,9.692,9.898,10.01,9.61,9.91,10.1,-0.003,0.002,-0.008,0.0,-0.0,-121.7552303,36.5875135,263.55
-7.8,0.7,0.4,0.04,0.46,-0.33,0.21,0.15,0.26,-2.1,-2.47,9.427,9.565,9.908,9.81,10.2,9.81,9.91,10.01,-0.003,0.002,-0.008,0.0,0.0,-121.7552303,36.5875135,263.6
-7.7,0.7,0.4,0.04,0.41,-0.37,0.08,-0.04,-0.09,-2.11,-2.48,9.575,9.496,9.761,9.692,9.91,9.71,10.1,10.01,-0.003,0.002,-0.008,0.0,-0.0,-121.7552303,36.5875135,263.65
-7.7,0.7,0.4,0.04,0.39,-0.36,0.08,-0.06,-0.01,-2.11,-2.49,9.535,9.575,9.781,9.643,9.91,9.81,9.81,9.71,-0.003,0.002,-0.008,0.0,-0.0,-121.7552303,36.5875135,263.7
-7.8,0.7,0.4,0.05,0.41,-0.36,0.16,-0.22,-0.16,-2.12,-2.48,9.575,9.643,9.702,9.673,10.3,9.71,10.2,9.81,-0.003,0.002,-0.008,0.0,-0.0,-121.7552303,36.5875135,263.75
-7.7,0.7,0.4,0.05,0.4,-0.38,-0.05,0.0,-0.03,-2.1,-2.48,9.447,9.692,9.682,9.673,10.2,9.71,9.52,9.81,-0.003,0.002,-0.008,0.0,-0.0,-121.7552303,36.5875135,263.8
-7.7,0.7,0.4,-0.01,0.36,-0.36,-0.08,0.01,0.35,-2.1,-2.47,9.457,9.633,9.928,9.81,9.91,9.81,9.71,9.81,-0.003,0.002,-0.008,0.0,0.0,-121.7552303,36.5875135,263.85
-7.7,0.7,0.4,-0.01,0.44,-0.38,0.04,-0.15,0.01,-2.12,-2.49,9.653,9.614,9.761,9.771,9.81,9.71,9.52,10.2,-0.003,0.002,-0.008,0.0,0.01,-121.7552303,36.5875135,263.9
-7.7,0.7,0.4,-0.02,0.4,-0.33,0.05,-0.31,0.17,-2.12,-2.48,9.545,9.526,9.839,9.526,10.3,9.71,10.1,9.91,-0.003,0.002,-0.008,0.0,0.01,-121.7552303,36.5875135,263.95
-7.7,0.7,0.0,-0.02,0.45,-0.31,0.04,0.51,-0.19,-2.1,-2.48,9.575,9.516,9.633,9.575,10.1,9.91,9.32,9.91,-0.003,0.002,-0.008,0.0,0.01,-121.7552303,36.5875135,264.0
-7.8,0.7,0.0,-0.02,0.37,-0.32,-0.03,0.21,-0.01,-2.1,-2.48,9.565,9.614,9.8,9.673,10.2,10.01,9.91,10.01,-0.003,0.002,-0.008,0.0,0.01,-121.7552303,36.5875135,264.05
-7.7,0.7,0.0,-0.03,0.46,-0.39,0.0,0.21,-0.23,-2.1,-2.48,9.526,9.584,9.8,9.624,10.1,9.91,9.71,9.81,-0.003,0.002,-0.008,0.0,0.01,-121.7552303,36.5875135,264.1
-7.7,0.7,0.4,-0.03,0.4,-0.42,-0.03,0.0,0.01,-2.12,-2.49,9.496,9.584,9.692,9.79,10.2,9.71,9.61,9.71,-0.003,0.002,-0.008,0.0,0.01,-121.7552303,36.5875135,264.15
-7.7,0.7,0.4,-0.03,0.41,-0.32,-0.32,0.11,-0.06,-2.12,-2.48,9.457,9.624,9.8,9.692,9.91,9.52,9.91,10.2,-0.003,0.002,-0.008,0.0,0.01,-121.7552303,36.5875135,264.2
-7.7,0.7,0.4,-0.04,0.38,-0.34,0.25,0.13,-0.03,-2.11,-2.48,9.535,9.604,9.781,9.643,10.2,9.71,9.42,10.1,-0.003,0.002,-0.008,0.0,0.02,-121.7552303,36.5875135,264.25
-7.8,0.7,0.0,-0.04,0.39,-0.42,0.04,-0.07,-0.19,-2.12,-2.48,9.496,9.565,9.8,9.79,10.4,9.81,9.52,9.61,-0.003,0.002,-0.008,0.0,0.02,-121.7552303,36.5875135,264.3
-7.7,0.7,0.4,-0.05,0.39,-0.35,0.27,0.29,-0.26,-2.1,-2.48,9.437,9.604,9.79,9.81,9.91,9.71,9.61,9.71,-0.003,0.002,-0.008,0.0,0.02,-121.7552303,36.5875134,264.35
-7.8,0.7,0.4,-0.05,0.41,-0.36,0.1,0.2,0.22,-2.1,-2.48,9.555,9.584,9.741,9.673,10.1,9.91,9.81,9.91,-0.003,0.002,-0.008,0.0,0.02,-121.7552303,36.5875134,264.4
-7.7,0.7,0.4,-0.05,0.41,-0.36,-0.08,-0.18,0.38,-2.12,-2.48,9.496,9.663,9.849,9.79,10.1,9.91,9.81,10.1,-0.003,0.002,-0.008,0.0,0.02,-121.7552303,36.5875134,264.45
-7.8,0.7,0.4,-0.06,0.43,-0.36,0.07,-0.36,-0.17,-2.12,-2.48,9.526,9.516,9.781,9.879,10.1,9.81,10.01,10.01,-0.003,0.002,-0.008,0.0,0.02,-121.7552303,36.5875134,264.5
-7.8,0.7,0.4,-0.06,0.43,-0.37,-0.05,-0.22,-0.12,-2.12,-2.48,9.457,9.584,9.839,9.79,10.2,9.81,9.91,9.91,-0.003,0.002,-0.008,0.0,0.02,-121.7552303,36.5875134,264.55
-7.7,0.7,0.4,-0.06,0.39,-0.34,-0.17,0.0,-0.07,-2.12,-2.48,9.555,9.555,9.781,9.849,10.1,9.81,10.01,9.61,-0.003,0.002,-0.008,0.0,0.03,-121.7552303,36.5875134,264.6
-7.8,0.7,0.4,-0.07,0.38,-0.34,0.3,-0.08,-0.41,-2.12,-2.48,9.565,9.594,9.761,9.692,10.3,9.71,9.71,10.3,-0.003,0.002,-0.008,0.0,0.03,-121.7552303,36.5875134,264.65
-7.7,0.7,0.4,-0.07,0.38,-0.38,-0.23,-0.31,0.29,-2.12,-2.49,9.496,9.624,9.869,9.692,10.5,10.01,9.91,10.3,-0.003,0.002,-0.008,0.0,0.03,-121.7552303,36.5875134,264.7
-7.8,0.7,0.4,-0.07,0.45,-0.36,0.17,-0.16,0.12,-2.12,-2.48,9.418,9.624,9.879,9.771,10.4,9.91,10.01,10.01,-0.003,0.002,-0.008,0.0,0.03,-121.7552303,36.5875134,264.75
-7.7,0.7,0.4,-0.08,0.46,-0.38,0.08,0.15,0.18,-2.12,-2.48,9.398,9.565,9.781,9.722,10.2,9.71,9.81,9.61,-0.003,0.002,-0.008,0.0,0.03,-121.7552303,36.5875134,264.8
-7.7,0.7,0.4,-0.08,0.46,-0.34,0.06,-0.11,0.01,-2.13,-2.49,9.506,9.516,9.732,9.79,10.3,9.81,9.61,9.71,-0.003,0.002,-0.008,0.0,0.03,-121.7552303,36.5875134,264.85
-7.7,0.7,0.0,-0.09,0.4,-0.32,0.09,0.11,-0.02,-2.14,-2.5,9.555,9.604,9.732,9.692,10.2,9.71,9.91,10.01,-0.003,0.002,-0.008,0.0,0.04,-121.7552303,36.5875134,264.9
-7.7,0.7,0.4,-0.09,0.41,-0.32,-0.0,-0.07,-0.13,-2.15,-2.51,9.604,9.555,9.722,9.673,10.1,9.91,9.91,10.1,-0.003,0.002,-0.008,0.0,0.04,-121.7552303,36.5875134,264.95
-7.8,0.7,0.4,-0.09,0.39,-0.41,-0.12,0.41,-0.2,-2.16,-2.52,9.496,9.604,9.83,9.79,10.2,9.81,10.01,10.01,-0.003,0.002,-0.008,0.0,0.04,-121.7552303,36.5875134,265.0
-7.8,0.7,0.4,-0.1,0.33,-0.26,-0.24,0.01,0.0,-2.17,-2.53,9.437,9.604,9.81,9.741,10.3,9.71,10.01,9.71,-0.003,0.002,-0.008,0.0,0.04,-121.7552303,36.5875134,265.05
-7.7,0.7,0.4,-0.1,0.37,-0.29,-0.2,0.1,-0.13,-2.18,-2.54,9.565,9.594,9.722,9.692,10.01,9.91,9.61,9.52,-0.003,0.002,-0.008,0.0,0.04,-121.7552303,36.5875133,265.1
-7.7,0.7,0.4,-0.1,0.48,-0.37,-0.18,-0.2,0.18,-2.19,-2.55,9.447,9.614,10.045,9.692,10.2,9.61,9.81,10.2,-0.003,0.002,-0.008,0.0,0.04,-121.7552303,36.5875133,265.15
-7.7,0.7,0.4,-0.11,0.45,-0.4,-0.09,0.41,-0.03,-2.2,-2.56,9.467,9.575,9.869,9.673,10.5,9.71,9.81,10.1,-0.003,0.002,-0.008,0.0,0.04,-121.7552303,36.5875133,265.2
-7.7,0.7,0.4,-0.11,0.43,-0.34,-0.27,-0.07,-0.07,-2.21,-2.57,9.467,9.604,9.839,9.771,10.2,9.81,9.71,9.81,-0.003,0.002,-0.008,0.0,0.05,-121.7552303,36.5875133,265.25
-7.7,0.7,0.4,-0.11,0.41,-0.31,-0.12,-0.29,-0.01,-2.22,-2.57,9.437,9.614,9.751,9.771,10.1,9.91,10.01,9.61,-0.003,0.002,-0.008,0.0,0.05,-121.7552303,36.5875133,265.3
-7.7,0.7,0.4,-0.12,0.41,-0.37,-0.04,0.36,0.13,-2.11,-2.48,9.486,9.575,9.83,9.81,10.1,9.81,9.81,10.1,-0.003,0.002,-0.008,0.0,0.05,-121.7552303,36.5875133,265.35
-7.7,0.7,0.4,-0.12,0.4,-0.37,0.11,-0.19,-0.21,-2.12,-2.49,9.486,9.673,9.947,9.643,10.1,9.81,9.61,10.01,-0.003,0.002,-0.008,0.0,0.05,-121.7552303,36.5875133,265.4
-7.7,0.7,0.4,-0.13,0.45,-0.39,-0.09,0.25,-0.01,-2.13,-2.5,9.457,9.584,9.938,9.741,10.2,10.1,9.91,9.91,-0.003,0.002,-0.008,0.0,0.05,-121.7552303,36.5875133,265.45
-7.7,0.7,0.4,-0.13,0.48,-0.32,-0.17,0.03,-0.08,-2.12,-2.5,9.378,9.594,9.849,9.643,10.1,9.81,10.1,9.81,-0.003,0.002,-0.008,0.0,0.05,-121.7552303,36.5875133,265.5
-7.7,0.7,0.4,-0.13,0.42,-0.33,0.05,-0.07,0.01,-2.13,-2.48,9.467,9.555,9.751,9.849,10.1,9.71,9.71,9.91,-0.003,0.002,-0.008,0.0,0.05,-121.7552303,36.5875133,265.55
-7.8,0.7,0.4,-0.02,0.39,-0.35,-0.17,-0.04,0.19,-2.11,-2.48,9.496,9.584,9.859,9.81,10.01,9.61,9.61,9.71,-0.003,0.002,-0.008,0.0,0.01,-121.7552303,36.5875133,265.6
-7.7,0.7,0.0,-0.02,0.4,-0.35,-0.11,0.19,-0.18,-2.11,-2.49,9.476,9.624,9.81,9.643,9.91,10.01,9.81,9.91,-0.003,0.002,-0.008,0.0,0.01,-121.7552303,36.5875133,265.65
-7.7,0.7,0.4,-0.03,0.39,-0.38,-0.1,-0.18,-0.03,-2.12,-2.49,9.467,9.663,9.918,9.692,9.81,9.71,9.61,10.1,-0.003,0.002,-0.008,0.0,0.01,-121.7552303,36.5875133,265.7
-7.7,0.7,0.4,-0.03,0.44,-0.34,-0.16,-0.16,-0.17,-2.12,-2.49,9.545,9.555,9.781,9.692,10.3,10.1,9.81,9.52,-0.003,0.002,-0.008,0.0,0.01,-121.7552303,36.5875133,265.75
-7.8,0.7,0.4,-0.03,0.39,-0.34,0.18,-0.24,0.1,-2.12,-2.48,9.457,9.614,9.702,9.643,10.01,9.81,9.61,10.1,-0.003,0.002,-0.008,0.0,0.01,-121.7552303,36.5875132,265.8
-7.7,0.7,0.4,-0.04,0.43,-0.37,-0.34,0.17,0.04,-2.11,-2.48,9.496,9.614,9.79,9.692,10.2,9.71,9.91,9.91,-0.003,0.002,-0.008,0.0,0.0,-121.7552303,36.5875132,265.85
-7.7,0.7,0.4,-0.04,0.39,-0.33,-0.01,-0.08,0.12,-2.12,-2.48,9.506,9.633,9.79,9.741,10.1,9.42,9.81,10.1,-0.003,0.002,-0.008,0.0,0.01,-121.7552303,36.5875132,265.9
-7.7,0.7,0.4,-0.05,0.41,-0.37,0.08,0.17,0.11,-2.11,-2.47,9.496,9.584,9.771,9.81,10.4,9.91,9.61,10.01,-0.003,0.002,-0.008,0.0,0.01,-121.7552303,36.5875132,265.95
-7.7,0.7,0.4,-0.05,0.41,-0.37,-0.06,-0.26,0.05,-2.11,-2.48,9.496,9.604,9.761,9.692,10.01,10.01,9.61,10.01,-0.003,0.002,-0.008,0.0,0.0,-121.7552303,36.5875132,266.0
-7.7,0.7,0.4,-0.05,0.4,-0.33,0.09,0.06,-0.05,-2.11,-2.49,9.476,9.584,9.781,9.771,10.1,9.81,9.81,9.91,-0.003,0.002,-0.008,0.0,0.0,-121.7552303,36.5875132,266.05
-7.7,0.7,0.4,-0.06,0.42,-0.37,-0.06,0.22,0.03,-2.11,-2.48,9.506,9.575,9.83,9.79,10.2,9.81,9.52,9.81,-0.003,0.002,-0.008,0.0,0.0,-121.7552303,36.5875132,266.1
-7.8,0.7,0.4,-0.06,0.39,-0.35,-0.13,-0.09,-0.18,-2.12,-2.48,9.506,9.565,9.8,9.771,10.3,9.91,9.81,10.01,-0.003,0.002,-0.008,0.0,0.0,-121.7552303,36.5875132,266.15
-7.8,0.7,0.4,-0.06,0.43,-0.38,-0.01,0.04,-0.17,-2.12,-2.47,9.476,9.584,9.761,9.722,10.2,9.81,10.01,10.2,-0.003,0.002,-0.008,0.0,0.0,-121.7552303,36.5875132,266.2
-7.8,0.7,0.4,-0.07,0.4,-0.34,0.15,0.19,-0.13,-2.11,-2.49,9.496,9.584,9.81,9.741,10.1,9.81,9.91,9.81,-0.003,0.002,-0.008,0.0,0.0,-121.7552303,36.5875132,266.25
-7.7,0.7,0.4,-0.07,0.45,-0.38,-0.15,0.02,0.19,-2.11,-2.48,9.496,9.584,9.83,9.722,9.81,9.61,9.91,9.91,-0.003,0.002,-0.008,0.0,0.0,-121.7552303,36.5875132,266.3
-7.7,0.7,0.4,-0.08,0.39,-0.33,0.2,-0.15,0.12,-2.12,-2.48,9.496,9.624,9.8,9.741,10.2,9.81,9.91,10.01,-0.003,0.002,-0.008,0.0,0.0,-121.7552303,36.5875132,266.35
-7.7,0.7,0.4,-0.08,0.43,-0.35,0.05,0.15,-0.44,-2.11,-2.49,9.476,9.594,9.8,9.673,9.71,9.81,9.61,9.71,-0.003,0.002,-0.008,0.0,0.0,-121.7552303,36.5875132,266.4
-7.7,0.7,0.4,-0.08,0.42,-0.35,-0.4,-0.17,-0.31,-2.12,-2.49,9.467,9.584,9.79,9.692,9.91,10.2,9.81,9.81,-0.003,0.002,-0.008,0.0,-0.0,-121.7552303,36.5875131,266.45
-7.7,0.7,0.4,-0.09,0.41,-0.37,-0.27,-0.04,0.05,-2.12,-2.47,9.486,9.653,9.81,9.624,10.3,9.91,9.91,9.71,-0.003,0.002,-0.008,0.0,0.0,-121.7552303,36.5875131,266.5
-7.7,0.7,0.4,-0.09,0.4,-0.35,-0.15,-0.02,0.1,-2.13,-2.47,9.467,9.673,9.781,9.771,10.2,9.81,9.81,10.01,-0.003,0.002,-0.008,0.0,-0.0,-121.7552303,36.5875131,266.55
-7.7,0.7,0.4,-0.09,0.42,-0.33,0.21,0.22,0.13,-2.13,-2.46,9.427,9.565,9.79,9.741,10.01,10.1,9.81,9.91,-0.003,0.002,-0.008,0.0,-0.0,-121.7552303,36.5875131,266.6
-7.7,0.7,0.4,-0.1,0.4,-0.35,0.03,0.02,-0.03,-2.11,-2.47,9.457,9.624,9.83,9.741,10.2,9.61,9.61,10.2,-0.003,0.002,-0.008,0.0,-0.0,-121.7552303,36.5875131,266.65
-7.8,0.7,0.4,-0.1,0.39,-0.34,-0.02,0.22,0.31,-2.11,-2.45,9.486,9.663,9.81,9.741,9.81,9.71,10.1,10.01,-0.003,0.002,-0.008,0.0,-0.0,-121.7552303,36.5875131,266.7
-7.7,0.7,0.4,-0.11,0.42,-0.38,0.19,-0.12,0.18,-2.1,-2.44,9.486,9.614,9.781,9.722,10.2,9.81,9.61,9.91,-0.003,0.002,-0.008,0.0,-0.0,-121.7552303,36.5875131,266.75
-7.7,0.7,0.4,-0.11,0.4,-0.33,-0.1,-0.2,-0.18,-2.09,-2.42,9.506,9.594,9.751,9.692,10.3,9.81,9.71,10.1,-0.003,0.002,-0.008,0.0,-0.0,-121.7552303,36.5875131,266.8
-7.8,0.7,0.4,-0.11,0.42,-0.35,0.51,-0.17,0.03,-2.09,-2.4,9.467,9.594,9.81,9.722,10.2,9.91,9.81,10.1,-0.003,0.002,-0.008,0.0,-0.0,-121.7552303,36.5875131,266.85
-7.7,0.7,0.4,-0.12,0.41,-0.38,0.15,0.3,0.17,-2.1,-2.48,9.437,9.643,9.879,9.741,10.2,9.81,9.81,9.91,-0.003,0.002,-0.008,0.0,-0.0,-121.7552303,36.5875132,266.9
-7.7,0.7,0.4,-0.12,0.4,-0.37,0.21,0.02,0.13,-2.1,-2.48,9.476,9.614,9.79,9.741,10.2,9.61,9.81,9.81,-0.003,0.002,-0.008,0.0,-0.0,-121.7552303,36.5875132,266.95
-7.7,0.7,0.4,-0.12,0.44,-0.37,-0.19,-0.11,0.07,-2.12,-2.48,9.467,9.604,9.839,9.771,10.2,9.71,9.91,10.1,-0.003,0.002,-0.008,0.0,-0.01,-121.7552303,36.5875132,267.0
-7.8,0.7,0.4,-0.13,0.4,-0.33,0.09,0.2,0.18,-2.1,-2.48,9.486,9.614,9.82,9.771,10.2,9.91,9.42,10.1,-0.003,0.002,-0.008,0.0,-0.01,-121.7552303,36.5875132,267.05
-7.7,0.7,0.4,-0.01,0.41,-0.4,-0.16,-0.15,-0.4,-2.12,-2.48,9.516,9.594,9.781,9.722,10.01,9.81,9.81,9.91,-0.003,0.002,-0.008,0.0,0.0,-121.7552303,36.5875132,267.1
-7.8,0.7,0.4,-0.01,0.4,-0.34,0.24,-0.23,0.27,-2.1,-2.47,9.467,9.624,9.8,9.673,9.81,9.71,9.91,9.81,-0.003,0.002,-0.008,0.0,0.0,-121.7552303,36.5875132,267.15
-7.7,0.7,0.4,-0.01,0.43,-0.36,-0.06,-0.07,0.05,-2.1,-2.47,9.437,9.633,9.8,9.741,10.1,9.91,10.1,9.91,-0.003,0.002,-0.008,0.0,0.0,-121.7552303,36.5875132,267.2
-7.7,0.7,0.4,-0.01,0.4,-0.35,0.14,-0.15,-0.2,-2.11,-2.48,9.437,9.604,9.81,9.722,10.3,10.1,9.71,9.81,-0.003,0.002,-0.008,0.0,-0.0,-121.7552303,36.5875132,267.25
-7.7,0.7,0.4,-0.01,0.41,-0.4,0.07,0.19,0.07,-2.1,-2.47,9.496,9.624,9.8,9.692,10.2,10.01,9.91,9.91,-0.003,0.002,-0.008,0.0,-0.0,-121.7552303,36.5875132,267.3
-7.7,0.7,0.4,-0.01,0.42,-0.34,-0.03,0.11,0.08,-2.09,-2.48,9.437,9.604,9.849,9.741,9.91,9.91,9.71,9.81,-0.003,0.002,-0.008,0.0,-0.0,-121.7552303,36.5875132,267.35
-7.8,0.7,0.4,-0.01,0.41,-0.38,0.14,0.1,-0.07,-2.11,-2.47,9.447,9.604,9.81,9.771,10.3,9.52,9.61,9.91,-0.003,0.002,-0.008,0.0,-0.0,-121.7552303,36.5875132,267.4
-7.8,0.7,0.4,-0.01,0.42,-0.33,0.21,-0.16,0.12,-2.1,-2.48,9.526,9.633,9.722,9.692,10.3,9.81,9.91,10.01,-0.003,0.002,-0.008,0.0,-0.0,-121.7552303,36.5875132,267.45
-7.7,0.7,0.4,-0.01,0.4,-0.36,-0.05,0.12,0.11,-2.1,-2.49,9.516,9.614,9.8,9.673,10.01,9.61,9.61,10.01,-0.003,0.002,-0.008,0.0,-0.01,-121.7552303,36.5875133,267.5
-7.7,0.7,0.4,-0.01,0.43,-0.33,-0.39,-0.26,-0.07,-2.11,-2.47,9.408,9.594,9.81,9.79,10.01,9.71,9.81,10.01,-0.003,0.002,-0.008,0.0,-0.01,-121.7552303,36.5875133,267.55
-7.8,0.7,0.4,-0.01,0.4,-0.37,-0.21,0.15,-0.13,-2.1,-2.47,9.535,9.594,9.81,9.741,10.2,9.91,10.2,10.01,-0.003,0.002,-0.008,0.0,-0.01,-121.7552303,36.5875133,267.6
-7.8,0.7,0.4,-0.02,0.41,-0.38,-0.06,-0.19,0.18,-2.1,-2.47,9.486,9.663,9.8,9.771,10.01,9.81,9.91,10.01,-0.003,0.002,-0.008,0.0,-0.01,-121.7552303,36.5875133,267.65
-7.7,0.7,0.4,-0.02,0.42,-0.34,0.15,0.08,-0.1,-2.1,-2.47,9.447,9.604,9.79,9.741,10.2,9.81,9.91,10.01,-0.003,0.002,-0.008,0.0,-0.01,-121.7552303,36.5875133,267.7
-7.7,0.7,0.4,-0.02,0.42,-0.34,-0.15,-0.45,-0.22,-2.11,-2.47,9.437,9.614,9.81,9.79,10.2,10.01,10.1,10.01,-0.003,0.002,-0.008,0.0,-0.02,-121.7552303,36.5875133,267.75
-7.7,0.7,0.4,-0.02,0.39,-0.35,0.04,0.28,-0.12,-2.1,-2.47,9.486,9.614,9.83,9.79,10.1,10.1,9.91,10.1,-0.003,0.002,-0.008,0.0,-0.02,-121.7552303,36.5875133,267.8
-7.7,0.7,0.4,-0.02,0.44,-0.4,-0.17,-0.01,-0.01,-2.1,-2.47,9.496,9.584,9.839,9.741,10.1,9.71,9.81,10.1,-0.003,0.002,-0.008,0.0,-0.02,-121.7552303,36.5875133,267.85
-7.8,0.7,0.4,-0.02,0.41,-0.32,-0.04,0.01,-0.05,-2.11,-2.47,9.457,9.594,9.751,9.741,10.1,9.81,9.71,9.81,-0.003,0.002,-0.008,0.0,-0.02,-121.7552303,36.5875134,267.9
-7.8,0.7,0.4,-0.02,0.43,-0.38,0.02,-0.04,0.26,-2.1,-2.46,9.486,9.663,9.781,9.722,10.01,9.52,9.91,10.01,-0.003,0.002,-0.008,0.0,-0.02,-121.7552303,36.5875134,267.95
-7.7,0.7,0.4,-0.02,0.41,-0.34,-0.04,-0.06,0.25,-2.1,-2.48,9.467,9.643,9.82,9.741,10.1,9.71,9.71,9.71,-0.003,0.002,-0.008,0.0,-0.02,-121.7552303,36.5875134,268.0
-7.7,0.7,0.4,-0.02,0.41,-0.39,0.04,0.04,-0.33,-2.1,-2.47,9.457,9.614,9.839,9.692,10.1,9.81,9.91,9.81,-0.003,0.002,-0.008,0.0,-0.02,-121.7552303,36.5875134,268.05
-7.7,0.7,0.4,0.0,0.43,-0.37,0.02,-0.03,0.3,-2.1,-2.45,9.427,9.575,9.79,9.722,10.2,9.81,9.81,9.81,-0.003,0.002,-0.008,0.0,-0.0,-121.7552303,36.5875134,268.1
-7.7,0.7,0.4,0.0,0.41,-0.36,-0.02,-0.1,0.01,-2.11,-2.45,9.516,9.614,9.781,9.692,9.91,9.81,9.91,10.01,-0.003,0.002,-0.008,0.0,0.0,-121.7552303,36.5875134,268.15
-7.8,0.7,0.4,0.0,0.39,-0.35,-0.16,-0.07,0.16,-2.11,-2.46,9.467,9.584,9.79,9.771,10.1,9.71,9.91,9.81,-0.003,0.002,-0.008,0.0,0.0,-121.7552303,36.5875134,268.2
-7.7,0.7,0.4,-0.0,0.44,-0.37,0.05,0.02,-0.2,-2.12,-2.46,9.476,9.594,9.781,9.692,10.2,9.91,9.91,10.01,-0.003,0.002,-0.008,0.0,0.0,-121.7552303,36.5875134,268.25
-7.8,0.7,0.4,0.0,0.4,-0.34,-0.01,-0.17,0.19,-2.11,-2.46,9.437,9.633,9.8,9.722,10.01,9.32,9.81,9.91,-0.003,0.002,-0.008,0.0,0.0,-121.7552303,36.5875134,268.3
-7.7,0.7,0.4,-0.0,0.41,-0.39,0.0,0.25,0.15,-2.09,-2.46,9.506,9.633,9.81,9.741,10.01,9.91,9.91,9.81,-0.003,0.002,-0.008,0.0,0.0,-121.7552303,36.5875135,268.35
-7.8,0.7,0.4,0.0,0.4,-0.36,-0.13,-0.1,-0.23,-2.11,-2.46,9.496,9.624,9.771,9.673,10.3,9.91,9.91,9.81,-0.003,0.002,-0.008,0.0,0.0,-121.7552303,36.5875135,268.4
-7.8,0.7,0.4,0.0,0.41,-0.35,0.09,-0.12,0.08,-2.11,-2.46,9.486,9.594,9.869,9.722,10.1,9.81,9.81,9.81,-0.003,0.002,-0.008,0.0,0.0,-121.7552303,36.5875135,268.45
-7.8,0.7,0.4,-0.0,0.42,-0.33,0.28,0.31,-0.04,-2.09,-2.46,9.526,9.555,9.8,9.741,10.3,9.81,9.81,9.71,-0.003,0.002,-0.008,0.0,0.01,-121.7552303,36.5875135,268.5
-7.7,0.7,0.4,0.0,0.4,-0.35,0.1,0.2,0.21,-2.09,-2.46,9.614,9.614,9.8,9.741,10.1,9.81,9.81,9.91,-0.003,0.002,-0.008,0.0,0.0,-121.7552303,36.5875135,268.55
-7.7,0.7,0.4,0.0,0.41,-0.33,-0.32,-0.42,-0.09,-2.11,-2.46,9.467,9.624,9.781,9.673,10.2,9.61,10.1,10.01,-0.003,0.002,-0.008,0.0,0.0,-121.7552303,36.5875135,268.6
-7.7,0.7,0.4,0.0,0.43,-0.36,0.01,-0.17,0.03,-2.11,-2.46,9.447,9.653,9.849,9.771,10.01,10.01,10.1,10.1,-0.003,0.002,-0.008,0.0,0.0,-121.7552303,36.5875135,268.65
-7.7,0.7,0.4,0.0,0.4,-0.37,-0.02,-0.14,-0.16,-2.08,-2.45,9.506,9.584,9.82,9.741,10.1,9.81,9.91,10.3,-0.003,0.002,-0.008,0.0,0.01,-121.7552303,36.5875135,268.7
-7.8,0.7,0.4,0.0,0.41,-0.4,-0.35,0.34,-0.19,-2.1,-2.46,9.526,9.624,9.82,9.771,10.01,9.81,9.91,10.2,-0.003,0.002,-0.008,0.0,0.0,-121.7552303,36.5875135,268.75
-7.7,0.7,0.4,-0.0,0.39,-0.34,0.18,-0.12,-0.22,-2.1,-2.46,9.506,9.614,9.781,9.722,10.3,9.81,9.61,10.2,-0.003,0.002,-0.008,0.0,0.01,-121.7552303,36.5875136,268.8
-7.7,0.7,0.4,-0.0,0.42,-0.37,0.01,0.3,-0.0,-2.09,-2.46,9.506,9.584,9.781,9.79,10.3,9.91,9.91,10.01,-0.003,0.002,-0.008,0.0,0.01,-121.7552303,36.5875136,268.85
-7.8,0.7,0.4,-0.0,0.43,-0.37,0.38,0.18,-0.02,-2.09,-2.46,9.486,9.584,9.81,9.722,10.3,9.71,9.81,10.01,-0.003,0.002,-0.008,0.0,0.01,-121.7552303,36.5875136,268.9
-7.7,0.7,0.4,-0.0,0.41,-0.37,0.02,0.03,-0.0,-2.08,-2.46,9.526,9.624,9.81,9.771,10.3,9.71,9.42,9.71,-0.003,0.002,-0.008,0.0,0.01,-121.7552303,36.5875136,268.95
-7.7,0.7,0.4,0.0,0.43,-0.35,-0.04,0.2,0.15,-2.08,-2.46,9.496,9.575,9.81,9.741,10.01,9.81,9.42,9.91,-0.003,0.002,-0.008,0.0,0.01,-121.7552303,36.5875136,269.0
-7.8,0.7,0.4,-0.0,0.4,-0.35,0.1,0.02,0.04,-2.09,-2.46,9.496,9.624,9.849,9.771,10.3,9.61,9.71,9.81,-0.003,0.002,-0.008,0.0,0.01,-121.7552303,36.5875136,269.05
-7.7,0.7,0.4,-0.0,0.39,-0.35,0.07,-0.34,-0.11,-2.09,-2.46,9.535,9.614,9.81,9.692,10.2,9.81,9.91,10.01,-0.003,0.002,-0.008,0.0,0.01,-121.7552303,36.5875136,269.1
-7.8,0.7,0.4,0.0,0.4,-0.35,-0.17,0.35,-0.15,-2.1,-2.47,9.457,9.604,9.712,9.741,10.2,10.01,9.81,9.81,-0.003,0.002,-0.008,0.0,0.01,-121.7552303,36.5875136,269.15
-7.8,0.7,0.4,0.01,0.41,-0.35,0.3,0.29,0.09,-2.1,-2.45,9.496,9.555,9.82,9.722,10.2,9.81,9.81,10.01,-0.003,0.002,-0.008,0.0,-0.0,-121.7552303,36.5875136,269.2
-7.8,0.7,0.4,0.01,0.42,-0.35,0.28,-0.0,0.11,-2.09,-2.45,9.506,9.643,9.83,9.741,10.4,9.91,9.81,9.91,-0.003,0.002,-0.008,0.0,-0.0,-121.7552303,36.5875136,269.25
-7.7,0.7,0.4,0.01,0.43,-0.36,-0.35,0.13,0.0,-2.08,-2.45,9.476,9.604,9.81,9.722,10.1,9.71,9.81,9.91,-0.003,0.002,-0.008,0.0,-0.01,-121.7552303,36.5875137,269.3
-7.8,0.7,0.4,0.01,0.42,-0.34,0.22,-0.04,0.03,-2.09,-2.46,9.457,9.614,9.79,9.643,9.81,10.01,9.81,9.81,-0.003,0.002,-0.008,0.0,-0.01,-121.7552303,36.5875137,269.35
-7.8,0.7,0.4,0.01,0.43,-0.34,-0.19,-0.14,-0.27,-2.1,-2.46,9.496,9.565,9.741,9.722,10.1,10.1,9.71,9.81,-0.003,0.002,-0.008,0.0,-0.01,-121.7552303,36.5875137,269.4
-7.8,0.7,0.4,0.01,0.41,-0.34,0.13,-0.34,0.11,-2.09,-2.47,9.506,9.604,9.8,9.771,10.1,9.61,9.61,9.71,-0.003,0.002,-0.008,0.0,-0.01,-121.7552302,36.5875137,269.45
-7.8,0.7,0.4,0.0,0.4,-0.37,-0.03,-0.26,-0.12,-2.1,-2.46,9.476,9.614,9.81,9.722,10.3,9.81,9.71,9.52,-0.003,0.002,-0.008,0.0,-0.01,-121.7552302,36.5875137,269.5
-7.8,0.7,0.4,0.0,0.42,-0.35,-0.07,0.27,-0.42,-2.09,-2.46,9.486,9.575,9.82,9.722,10.01,9.61,9.81,10.01,-0.003,0.002,-0.008,0.0,-0.01,-121.7552302,36.5875137,269.55
-7.7,0.7,0.4,0.0,0.41,-0.38,0.29,-0.06,0.02,-2.09,-2.46,9.467,9.643,9.869,9.722,10.1,9.81,9.81,10.1,-0.003,0.002,-0.008,0.0,-0.01,-121.7552302,36.5875137,269.6
-7.7,0.7,0.4,0.0,0.43,-0.33,-0.21,-0.19,0.55,-2.1,-2.47,9.545,9.535,9.839,9.741,10.59,9.81,9.91,10.01,-0.003,0.002,-0.008,0.0,-0.01,-121.7552302,36.5875137,269.65
-7.8,0.7,0.4,0.0,0.41,-0.4,0.02,0.2,-0.15,-2.1,-2.46,9.535,9.604,9.741,9.771,10.3,10.01,9.42,9.81,-0.003,0.002,-0.008,0.0,-0.01,-121.7552302,36.5875137,269.7
-7.8,0.7,0.4,0.0,0.4,-0.32,0.29,-0.44,-0.06,-2.1,-2.46,9.516,9.575,9.771,9.722,10.1,9.61,9.61,9.61,-0.003,0.002,-0.008,0.0,-0.01,-121.7552302,36.5875137,269.75
-7.8,0.7,0.4,0.01,0.41,-0.32,-0.05,-0.28,-0.31,-2.1,-2.46,9.447,9.584,9.79,9.79,10.1,10.01,9.61,9.81,-0.003,0.002,-0.008,0.0,-0.0,-121.7552302,36.5875137,269.8
-7.8,0.7,0.4,0.01,0.41,-0.34,0.14,0.12,-0.23,-2.1,-2.46,9.476,9.624,9.83,9.692,10.2,9.61,9.61,10.1,-0.003,0.002,-0.008,0.0,-0.0,-121.7552302,36.5875137,269.85
-7.8,0.7,0.4,0.01,0.41,-0.42,-0.09,0.13,0.32,-2.09,-2.46,9.516,9.594,9.732,9.643,10.2,9.71,9.61,9.91,-0.003,0.002,-0.008,0.0,0.0,-121.7552302,36.5875137,269.9
-7.7,0.7,0.4,0.0,0.45,-0.37,-0.05,-0.07,0.3,-2.09,-2.45,9.457,9.535,9.839,9.741,10.01,9.81,9.71,9.81,-0.003,0.002,-0.008,0.0,-0.01,-121.7552302,36.5875138,269.95
-7.7,0.7,0.4,0.0,0.42,-0.34,-0.03,0.08,0.04,-2.1,-2.47,9.496,9.614,9.839,9.722,10.3,9.91,9.81,9.91,-0.003,0.002,-0.008,0.0,-0.01,-121.7552302,36.5875138,270.0
-7.8,0.7,0.4,0.0,0.4,-0.35,-0.13,0.01,-0.22,-2.09,-2.46,9.516,9.643,9.771,9.624,10.5,9.81,9.61,9.91,-0.003,0.002,-0.008,0.0,-0.01,-121.7552302,36.5875138,270.05
-7.8,0.7,0.4,-0.0,0.39,-0.34,0.24,-0.25,0.03,-2.1,-2.46,9.457,9.584,9.741,9.722,10.01,9.71,9.91,9.91,-0.003,0.002,-0.008,0.0,-0.01,-121.7552302,36.5875138,270.1
-7.7,0.7,0.4,-0.0,0.43,-0.33,-0.18,-0.1,-0.04,-2.1,-2.47,9.467,9.584,9.781,9.741,10.01,9.81,9.61,9.91,-0.003,0.002,-0.008,0.0,-0.02,-121.7552302,36.5875138,270.15
-7.7,0.7,0.4,-0.0,0.39,-0.34,-0.04,0.11,-0.11,-2.09,-2.46,9.467,9.604,9.79,9.722,10.3,9.81,9.81,10.01,-0.003,0.002,-0.008,0.0,-0.01,-121.7552302,36.5875138,270.2
-7.8,0.7,0.4,-0.0,0.41,-0.35,0.29,-0.02,0.03,-2.08,-2.47,9.496,9.594,9.81,9.722,10.4,9.52,9.91,9.81,-0.003,0.002,-0.008,0.0,-0.01,-121.7552302,36.5875138,270.25
-7.8,0.7,0.4,-0.0,0.41,-0.35,-0.02,0.2,0.2,-2.08,-2.45,9.467,9.624,9.751,9.692,10.1,9.81,9.81,10.01,-0.003,0.002,-0.008,0.0,-0.02,-121.7552302,36.5875138,270.3
-7.8,0.7,0.4,-0.01,0.43,-0.36,0.15,-0.05,0.04,-2.1,-2.47,9.496,9.584,9.781,9.722,10.2,9.81,9.91,9.91,-0.003,0.002,-0.008,0.0,-0.01,-121.7552302,36.5875138,270.35
-7.8,0.7,0.4,-0.01,0.43,-0.37,-0.17,0.28,-0.17,-2.08,-2.46,9.467,9.584,9.781,9.741,10.01,9.71,9.71,9.81,-0.003,0.002,-0.008,0.0,-0.02,-121.7552302,36.5875138,270.4
-7.8,0.7,0.4,-0.01,0.41,-0.36,0.21,0.04,-0.37,-2.11,-2.47,9.467,9.467,9.83,9.722,10.01,10.01,9.81,9.71,-0.003,0.002,-0.008,0.0,-0.02,-121.7552302,36.5875138,270.45
-7.8,0.7,0.4,-0.01,0.39,-0.37,0.09,-0.17,0.01,-2.1,-2.47,9.633,9.633,9.781,9.692,10.2,9.81,9.61,9.71,-0.003,0.002,-0.008,0.0,-0.02,-121.7552302,36.5875138,270.5
-7.8,0.7,0.4,-0.01,0.41,-0.34,-0.06,0.04,0.03,-2.1,-2.49,9.418,9.555,9.81,9.79,10.2,9.91,9.81,10.01,-0.003,0.002,-0.008,0.0,-0.02,-121.7552302,36.5875138,270.55
-7.8,0.7,0.4,-0.01,0.44,-0.36,-0.35,0.02,0.16,-2.1,-2.46,9.516,9.437,9.839,9.79,10.2,9.71,9.52,9.81,-0.003,0.002,-0.008,0.0,-0.02,-121.7552302,36.5875138,270.6
-7.7,0.7,0.4,-0.01,0.37,-0.37,0.18,-0.05,-0.04,-2.11,-2.46,9.565,9.594,9.81,9.771,10.2,9.81,9.91,9.91,-0.003,0.002,-0.008,0.0,-0.02,-121.7552302,36.5875138,270.65
-7.8,0.7,0.4,-0.01,0.42,-0.35,0.07,0.35,-0.07,-2.09,-2.46,9.535,9.673,9.81,9.722,10.1,9.52,9.91,10.2,-0.003,0.002,-0.008,0.0,-0.02,-121.7552302,36.5875138,270.7
-7.8,0.7,0.4,-0.01,0.42,-0.37,0.06,-0.16,0.08,-2.09,-2.47,9.457,9.545,9.781,9.741,9.81,9.71,9.52,9.71,-0.003,0.002,-0.008,0.0,-0.02,-121.7552302,36.5875138,270.75
-7.7,0.7,0.4,-0.01,0.44,-0.32,0.27,-0.3,0.01,-2.1,-2.46,9.447,9.584,9.839,9.741,9.91,9.71,9.71,9.91,-0.003,0.002,-0.008,0.0,-0.02,-121.7552302,36.5875138,270.8
-7.8,0.7,0.4,-0.01,0.41,-0.4,-0.26,-0.16,-0.0,-2.11,-2.46,9.526,9.633,9.761,9.673,10.2,9.71,9.61,9.71,-0.003,0.002,-0.008,0.0,-0.02,-121.7552302,36.5875138,270.85
-7.7,0.7,0.4,-0.02,0.4,-0.34,-0.36,-0.14,-0.09,-2.09,-2.46,9.535,9.614,9.81,9.722,10.1,9.91,9.81,9.91,-0.003,0.002,-0.008,0.0,-0.02,-121.7552302,36.5875138,270.9
-7.7,0.7,0.4,-0.02,0.41,-0.39,0.01,0.19,0.09,-2.09,-2.45,9.476,9.584,9.81,9.722,10.1,9.61,9.91,9.81,-0.003,0.002,-0.008,0.0,-0.02,-121.7552302,36.5875138,270.95
-7.8,0.7,0.4,-0.02,0.44,-0.31,-0.11,-0.01,0.08,-2.1,-2.45,9.496,9.584,9.732,9.692,10.01,9.81,10.01,9.81,-0.003,0.002,-0.008,0.0,-0.02,-121.7552302,36.5875138,271.0
-7.7,0.7,0.4,-0.02,0.39,-0.32,0.1,0.1,0.31,-2.09,-2.45,9.555,9.614,9.741,9.771,9.91,9.81,9.42,9.91,-0.003,0.002,-0.008,0.0,-0.02,-121.7552302,36.5875138,271.05
-7.8,0.7,0.4,-0.02,0.4,-0.34,0.05,-0.06,-0.32,-2.09,-2.46,9.476,9.584,9.751,9.692,10.01,9.81,9.91,9.71,-0.003,0.002,-0.008,0.0,-0.03,-121.7552302,36.5875138,271.1
-7.7,0.7,0.4,0.01,0.46,-0.35,-0.11,-0.42,-0.01,-2.11,-2.46,9.418,9.584,9.761,9.722,10.4,9.91,9.81,10.2,-0.003,0.002,-0.008,0.0,-0.0,-121.7552302,36.5875138,271.15
-7.8,0.7,0.4,0.01,0.52,-0.49,-0.06,0.24,0.18,-2.09,-2.46,9.584,9.624,9.996,9.898,10.1,10.1,9.81,10.1,-0.003,0.002,-0.008,0.0,-0.0,-121.7552302,36.5875138,271.2
-7.8,0.7,0.4,0.0,0.44,-0.37,0.17,-0.57,-0.07,-2.1,-2.46,9.516,9.712,9.643,9.624,10.2,9.71,9.71,9.71,-0.003,0.002,-0.008,0.0,-0.01,-121.7552302,36.5875138,271.25
-7.7,0.7,0.4,0.0,0.4,-0.37,0.36,0.36,-0.17,-2.1,-2.46,9.457,9.486,9.81,9.741,10.3,9.81,9.81,9.91,-0.003,0.002,-0.008,0.0,-0.02,-121.7552302,36.5875138,271.3
-7.7,0.7,0.4,0.0,0.41,-0.38,0.15,-0.11,-0.21,-2.08,-2.46,9.496,9.633,9.879,9.79,10.3,9.71,9.91,10.4,-0.003,0.002,-0.008,0.0,-0.03,-121.7552302,36.5875138,271.35
-7.8,0.7,0.4,0.0,0.45,-0.29,-0.12,0.09,-0.14,-2.09,-2.45,9.516,9.555,9.741,9.722,10.4,9.81,9.52,9.91,-0.003,0.002,-0.008,0.0,-0.04,-121.7552302,36.5875138,271.4
-7.8,0.7,0.4,0.01,0.36,-0.36,-0.09,-0.01,0.11,-2.09,-2.46,9.398,9.624,9.702,9.643,10.3,9.91,9.81,9.81,-0.003,0.002,-0.008,0.0,-0.0,-121.7552302,36.5875138,271.45
-7.8,0.7,0.4,0.0,0.45,-0.34,0.23,0.31,-0.2,-2.09,-2.46,9.516,9.594,9.849,9.81,10.4,9.61,9.91,10.1,-0.003,0.002,-0.008,0.0,-0.0,-121.7552302,36.5875138,271.5
-7.8,0.7,0.4,0.0,0.37,-0.43,0.3,0.25,0.3,-2.1,-2.46,9.506,9.663,9.947,9.849,10.2,9.81,9.91,10.1,-0.003,0.002,-0.008,0.0,-0.01,-121.7552302,36.5875138,271.55
-7.8,0.7,0.4,0.0,0.43,-0.37,-0.19,0.14,-0.16,-2.12,-2.46,9.535,9.575,9.732,9.624,10.1,10.01,9.81,10.1,-0.003,0.002,-0.008,0.0,-0.01,-121.7552302,36.5875138,271.6
-7.8,0.7,0.4,-0.0,0.42,-0.34,0.22,0.12,-0.25,-2.09,-2.46,9.408,9.565,9.771,9.673,10.3,9.81,9.81,9.81,-0.003,0.002,-0.008,0.0,-0.02,-121.7552302,36.5875138,271.65
-7.7,0.7,0.0,0.01,0.39,-0.27,0.2,-0.02,0.35,-2.11,-2.46,9.506,9.614,9.918,9.849,10.1,9.81,9.71,10.4,-0.003,0.002,-0.008,0.0,-0.0,-121.7552302,36.5875138,271.7
-7.8,0.7,0.4,0.01,0.37,-0.41,-0.1,-0.05,0.03,-2.08,-2.46,9.545,9.692,9.682,9.673,10.2,9.71,9.61,9.81,-0.003,0.002,-0.008,0.0,-0.0,-121.7552302,36.5875138,271.75
-7.8,0.7,0.0,0.0,0.4,-0.4,-0.04,-0.1,-0.03,-2.11,-2.46,9.506,9.584,9.771,9.624,10.1,9.91,9.71,9.91,-0.003,0.002,-0.008,0.0,-0.01,-121.7552302,36.5875138,271.8
-7.8,0.7,0.0,0.0,0.41,-0.36,-0.2,0.12,-0.18,-2.11,-2.46,9.427,9.624,9.8,9.692,9.91,9.71,9.81,10.01,-0.003,0.002,-0.008,0.0,-0.02,-121.7552302,36.5875138,271.85
-7.8,0.7,0.4,-0.0,0.45,-0.33,0.0,0.24,-0.06,-2.09,-2.46,9.437,9.614,9.761,9.771,10.2,10.1,9.42,9.81,-0.003,0.002,-0.008,0.0,-0.02,-121.7552302,36.5875138,271.9
-7.8,0.7,0.0,0.01,0.35,-0.3,-0.05,-0.12,-0.04,-2.11,-2.46,9.447,9.702,9.781,9.673,10.2,9.91,9.61,9.81,-0.003,0.002,-0.008,0.0,-0.0,-121.7552302,36.5875138,271.95
-7.8,0.7,0.0,-0.0,0.4,-0.38,0.43,0.01,0.29,-2.1,-2.46,9.516,9.663,9.83,9.771,10.2,9.71,9.52,10.01,-0.003,0.002,-0.008,0.0,0.01,-121.7552302,36.5875138,272.0
-7.8,0.7,0.0,0.01,0.41,-0.38,0.09,-0.36,0.06,-2.11,-2.48,9.457,9.584,9.781,9.771,10.2,10.1,9.91,9.81,-0.003,0.002,-0.008,0.0,-0.0,-121.7552302,36.5875138,272.05
-7.8,0.7,0.0,0.0,0.42,-0.39,-0.42,0.01,-0.31,-2.1,-2.46,9.486,9.584,9.83,9.741,10.2,10.01,9.91,9.61,-0.003,0.002,-0.008,0.0,-0.01,-121.7552302,36.5875138,272.1
-7.8,0.7,0.0,0.0,0.39,-0.32,0.14,0.08,0.07,-2.09,-2.46,9.516,9.624,9.751,9.741,10.1,9.81,9.61,9.81,-0.003,0.002,-0.008,0.0,-0.01,-121.7552302,36.5875138,272.15
-7.8,0.7,0.0,-0.0,0.34,-0.31,-0.01,-0.02,-0.34,-2.08,-2.46,9.467,9.673,9.83,9.771,10.1,10.01,9.91,9.81,-0.003,0.002,-0.008,0.0,0.0,-121.7552302,36.5875138,272.2
-7.8,0.7,0.0,0.0,0.44,-0.35,-0.03,0.25,-0.12,-2.08,-2.45,9.408,9.584,9.771,9.79,10.3,9.91,9.91,9.91,-0.003,0.002,-0.008,0.0,-0.0,-121.7552302,36.5875137,272.25
-7.8,0.7,0.0,0.0,0.42,-0.4,-0.13,0.39,0.16,-2.07,-2.45,9.516,9.584,9.781,9.673,10.1,9.61,9.91,10.2,-0.003,0.002,-0.008,0.0,-0.0,-121.7552302,36.5875137,272.3
-7.8,0.7,0.0,-0.0,0.43,-0.36,0.06,-0.02,0.3,-2.06,-2.45,9.516,9.614,9.879,9.741,10.1,9.61,9.71,10.01,-0.003,0.002,-0.008,0.0,0.0,-121.7552302,36.5875137,272.35
-7.8,0.7,0.0,-0.0,0.42,-0.37,-0.13,0.32,0.07,-2.05,-2.45,9.476,9.584,9.781,9.692,9.91,9.81,9.52,9.91,-0.003,0.002,-0.008,0.0,-0.0,-121.7552302,36.5875137,272.4
-7.8,0.7,0.0,-0.01,0.46,-0.35,0.02,0.18,-0.04,-2.05,-2.44,9.418,9.575,9.781,9.722,10.2,9.61,9.81,9.81,-0.003,0.002,-0.008,0.0,-0.0,-121.7552302,36.5875137,272.45
-7.8,0.7,0.0,0.0,0.4,-0.36,0.08,-0.16,0.19,-2.1,-2.46,9.486,9.575,9.81,9.722,9.81,10.01,9.91,9.81,-0.003,0.002,-0.008,0.0,-0.0,-121.7552302,36.5875137,272.5
-7.8,0.7,0.0,0.0,0.39,-0.37,0.18,0.09,0.37,-2.1,-2.46,9.496,9.643,9.839,9.722,10.01,9.91,10.1,9.91,-0.003,0.002,-0.008,0.0,0.0,-121.7552302,36.5875137,272.55
-7.7,0.7,0.0,-0.0,0.39,-0.36,0.16,-0.01,0.0,-2.1,-2.45,9.427,9.633,9.771,9.722,10.3,9.71,9.61,10.1,-0.003,0.002,-0.008,0.0,0.0,-121.7552302,36.5875137,272.6
-7.8,0.7,0.0,-0.0,0.41,-0.38,0.1,-0.09,0.13,-2.1,-2.46,9.467,9.614,9.83,9.526,10.2,9.81,9.71,10.01,-0.003,0.002,-0.008,0.0,0.0,-121.7552302,36.5875137,272.65
-7.8,0.7,0.0,-0.0,0.39,-0.36,0.05,0.24,0.14,-2.08,-2.49,9.486,9.624,9.81,9.643,10.01,9.71,9.81,9.42,-0.003,0.002,-0.008,0.0,0.0,-121.7552302,36.5875137,272.7
-7.8,0.7,0.0,-0.0,0.37,-0.34,0.13,-0.05,-0.17,-2.11,-2.47,9.457,9.653,9.849,9.771,9.91,9.81,9.71,9.61,-0.003,0.002,-0.008,0.0,0.01,-121.7552302,36.5875137,272.75
-7.8,0.7,0.0,-0.01,0.45,-0.36,0.19,0.07,0.13,-2.1,-2.46,9.447,9.584,9.83,9.692,10.3,9.71,9.61,10.01,-0.003,0.002,-0.008,0.0,0.01,-121.7552302,36.5875137,272.8
-7.8,0.7,0.0,-0.01,0.4,-0.36,0.42,0.04,0.09,-2.12,-2.47,9.447,9.614,9.859,9.741,10.1,9.61,9.52,9.91,-0.003,0.002,-0.008,0.0,0.01,-121.7552302,36.5875137,272.85
-7.8,0.7,0.0,-0.01,0.43,-0.37,0.45,-0.16,-0.01,-2.1,-2.46,9.476,9.624,9.771,9.673,10.4,9.71,9.81,9.61,-0.003,0.002,-0.008,0.0,0.01,-121.7552303,36.5875137,272.9
-7.8,0.7,0.0,-0.01,0.38,-0.33,0.02,-0.16,0.27,-2.12,-2.46,9.467,9.653,9.82,9.722,10.3,9.91,9.61,9.91,-0.003,0.002,-0.008,0.0,0.01,-121.7552303,36.5875137,272.95
-7.8,0.7,0.0,-0.01,0.43,-0.36,-0.17,0.05,0.19,-2.1,-2.46,9.467,9.643,9.81,9.771,10.2,9.91,9.91,9.91,-0.003,0.002,-0.008,0.0,0.01,-121.7552303,36.5875136,273.0
-7.8,0.7,0.0,-0.01,0.4,-0.39,0.23,0.03,-0.16,-2.12,-2.47,9.457,9.584,9.83,9.79,9.91,9.71,9.81,10.01,-0.003,0.002,-0.008,0.0,0.01,-121.7552303,36.5875136,273.05
-7.8,0.7,0.0,-0.01,0.4,-0.3,-0.11,-0.16,0.57,-2.12,-2.46,9.506,9.653,9.82,9.673,10.2,9.61,9.81,10.01,-0.003,0.002,-0.008,0.0,0.02,-121.7552303,36.5875136,273.1
-7.8,0.7,0.0,-0.01,0.43,-0.37,-0.23,-0.13,0.11,-2.11,-2.5,9.526,9.584,9.888,9.741,10.1,9.81,9.61,9.81,-0.003,0.002,-0.008,0.0,0.02,-121.7552303,36.5875136,273.15
-7.8,0.7,0.0,-0.01,0.4,-0.33,0.12,-0.08,0.34,-2.12,-2.48,9.545,9.575,9.839,9.771,9.91,9.61,9.91,9.71,-0.003,0.002,-0.008,0.0,0.02,-121.7552303,36.5875136,273.2
-7.8,0.7,0.0,-0.01,0.39,-0.36,0.04,0.03,-0.09,-2.11,-2.48,9.496,9.584,9.781,9.692,10.01,9.91,9.91,10.01,-0.003,0.002,-0.008,0.0,0.02,-121.7552303,36.5875136,273.25
-7.8,0.7,0.0,-0.01,0.42,-0.39,-0.32,0.22,-0.0,-2.11,-2.49,9.437,9.614,9.79,9.643,10.1,9.91,9.71,10.1,-0.003,0.002,-0.008,0.0,0.02,-121.7552303,36.5875136,273.3
-7.8,0.7,0.0,-0.02,0.4,-0.35,-0.47,-0.13,-0.13,-2.11,-2.51,9.447,9.604,9.81,9.692,10.1,10.01,9.61,10.2,-0.003,0.002,-0.008,0.0,0.02,-121.7552303,36.5875136,273.35
-7.8,0.7,0.0,-0.02,0.43,-0.35,-0.22,-0.09,0.2,-2.12,-2.47,9.418,9.614,9.79,9.692,10.1,9.52,9.91,9.71,-0.003,0.002,-0.008,0.0,0.02,-121.7552303,36.5875136,273.4
-7.8,0.7,0.0,-0.02,0.39,-0.37,0.06,-0.07,0.12,-2.12,-2.47,9.555,9.643,9.751,9.673,10.4,9.81,10.01,9.81,-0.003,0.002,-0.008,0.0,0.02,-121.7552303,36.5875136,273.45
-7.8,0.7,0.0,-0.02,0.41,-0.39,0.18,0.12,0.23,-2.12,-2.46,9.496,9.643,9.771,9.741,10.2,9.81,9.81,9.81,-0.003,0.002,-0.008,0.0,0.03,-121.7552303,36.5875136,273.5
-7.8,0.7,0.0,-0.02,0.36,-0.34,0.11,0.09,-0.3,-2.12,-2.46,9.427,9.643,9.849,9.692,10.2,9.52,9.61,9.81,-0.003,0.002,-0.008,0.0,0.03,-121.7552304,36.5875136,273.55
-7.8,0.7,0.0,-0.02,0.44,-0.38,0.31,-0.18,0.02,-2.12,-2.47,9.486,9.663,9.741,9.624,10.01,9.71,9.61,10.01,-0.003,0.002,-0.008,0.0,0.03,-121.7552304,36.5875136,273.6
-7.8,0.7,0.4,-0.02,0.37,-0.34,-0.32,-0.14,0.13,-2.12,-2.46,9.506,9.575,9.732,9.771,9.81,9.91,9.81,10.1,-0.003,0.002,-0.008,0.0,0.03,-121.7552304,36.5875136,273.65
-7.8,0.7,0.4,-0.02,0.45,-0.34,-0.09,0.4,0.12,-2.11,-2.48,9.427,9.594,9.781,9.771,10.3,9.91,9.61,9.91,-0.003,0.002,-0.008,0.0,0.03,-121.7552304,36.5875136,273.7
-7.8,0.7,0.4,-0.03,0.37,-0.37,0.08,-0.12,-0.03,-2.11,-2.47,9.398,9.663,9.83,9.771,10.1,9.81,10.01,10.1,-0.003,0.002,-0.008,0.0,0.03,-121.7552304,36.5875136,273.75
-7.8,0.7,0.4,-0.03,0.45,-0.38,-0.08,-0.1,-0.2,-2.12,-2.47,9.526,9.614,9.81,9.692,10.2,9.71,9.81,9.81,-0.003,0.002,-0.008,0.0,0.03,-121.7552304,36.5875136,273.8
-7.8,0.7,0.4,-0.03,0.38,-0.33,-0.35,-0.36,0.11,-2.12,-2.47,9.516,9.624,9.722,9.741,10.4,9.61,9.71,10.01,-0.003,0.002,-0.008,0.0,0.03,-121.7552304,36.5875136,273.85
-7.8,0.7,0.0,-0.03,0.43,-0.33,-0.11,0.09,-0.22,-2.12,-2.47,9.427,9.555,9.771,9.673,10.2,9.91,9.91,10.01,-0.003,0.002,-0.008,0.0,0.04,-121.7552304,36.5875136,273.9
-7.8,0.7,0.0,-0.01,0.41,-0.35,-0.16,0.12,-0.28,-2.11,-2.47,9.486,9.594,9.839,9.722,10.1,9.71,9.81,9.91,-0.003,0.002,-0.008,0.0,0.0,-121.7552304,36.5875136,273.95
-7.8,0.7,0.4,0.0,0.46,-0.39,-0.2,0.2,0.17,-2.11,-2.47,9.506,9.594,9.839,9.741,10.1,9.71,9.91,10.01,-0.003,0.002,-0.008,0.0,-0.0,-121.7552304,36.5875136,274.0
-7.8,0.7,0.4,0.0,0.4,-0.37,-0.21,0.31,0.3,-2.11,-2.46,9.467,9.643,9.83,9.692,10.3,9.71,9.61,9.91,-0.003,0.002,-0.008,0.0,-0.0,-121.7552304,36.5875136,274.05
-7.8,0.7,0.4,-0.01,0.41,-0.4,-0.18,-0.14,0.03,-2.11,-2.47,9.476,9.604,9.81,9.81,10.01,9.81,10.1,9.91,-0.003,0.002,-0.008,0.0,0.0,-121.7552304,36.5875136,274.1
-7.8,0.7,0.4,-0.01,0.43,-0.35,-0.08,0.25,-0.37,-2.11,-2.47,9.486,9.633,9.771,9.79,10.3,9.61,9.32,9.81,-0.003,0.002,-0.008,0.0,0.0,-121.7552304,36.5875136,274.15
-7.8,0.7,0.4,-0.0,0.38,-0.34,-0.05,-0.33,0.16,-2.12,-2.46,9.486,9.633,9.771,9.741,10.2,9.91,10.1,10.3,-0.003,0.002,-0.008,0.0,0.01,-121.7552304,36.5875136,274.2
-7.8,0.7,0.4,-0.0,0.46,-0.36,-0.07,0.02,0.09,-2.11,-2.46,9.516,9.614,9.781,9.673,10.01,9.61,9.91,10.01,-0.003,0.002,-0.008,0.0,0.01,-121.7552304,36.5875136,274.25
-7.8,0.7,0.4,-0.01,0.42,-0.38,-0.22,-0.0,0.21,-2.11,-2.47,9.486,9.584,9.81,9.722,10.1,9.71,9.61,9.91,-0.003,0.002,-0.008,0.0,0.0,-121.7552304,36.5875136,274.3
-7.8,0.7,0.0,0.0,0.41,-0.35,-0.39,-0.02,-0.08,-2.11,-2.47,9.427,9.594,9.781,9.692,10.3,9.91,9.81,9.91,-0.003,0.002,-0.008,0.0,-0.0,-121.7552304,36.5875135,274.35
-7.8,0.7,0.0,-0.01,0.41,-0.36,-0.31,-0.36,0.45,-2.12,-2.46,9.555,9.624,9.82,9.673,10.1,9.81,9.91,9.81,-0.003,0.002,-0.008,0.0,0.0,-121.7552304,36.5875135,274.4
-7.8,0.7,0.4,-0.0,0.41,-0.32,-0.03,-0.01,0.19,-2.11,-2.46,9.476,9.643,9.771,9.673,10.2,9.61,9.61,9.91,-0.003,0.002,-0.008,0.0,0.01,-121.7552304,36.5875135,274.45
-7.8,0.7,0.4,-0.0,0.37,-0.36,-0.12,-0.07,-0.13,-2.12,-2.48,9.427,9.673,9.81,9.673,10.3,9.91,9.91,9.91,-0.003,0.002,-0.008,0.0,0.01,-121.7552304,36.5875135,274.5
-7.8,0.7,0.4,-0.0,0.41,-0.34,-0.16,0.25,-0.24,-2.11,-2.47,9.516,9.643,9.771,9.879,10.01,9.81,9.61,9.81,-0.003,0.002,-0.008,0.0,0.01,-121.7552304,36.5875135,274.55
-7.8,0.7,0.4,-0.01,0.4,-0.37,0.1,0.05,-0.1,-2.1,-2.48,9.555,9.624,9.79,9.79,10.2,9.91,9.81,9.81,-0.003,0.002,-0.008,0.0,0.02,-121.7552304,36.5875135,274.6
-7.8,0.7,0.4,-0.01,0.43,-0.36,0.31,0.1,0.03,-2.09,-2.5,9.496,9.604,9.81,9.771,9.91,9.52,9.61,9.91,-0.003,0.002,-0.008,0.0,0.0,-121.7552304,36.5875135,274.65
-7.8,0.7,0.4,-0.01,0.4,-0.36,-0.22,0.22,0.12,-2.11,-2.47,9.457,9.692,9.81,9.771,10.4,9.91,9.91,10.01,-0.003,0.002,-0.008,0.0,-0.0,-121.7552304,36.5875135,274.7
-7.8,0.7,0.0,-0.0,0.47,-0.33,-0.2,-0.04,-0.13,-2.11,-2.48,9.545,9.575,9.839,9.692,10.2,9.61,10.01,9.91,-0.003,0.002,-0.008,0.0,0.01,-121.7552304,36.5875135,274.75
-7.8,0.7,0.4,-0.0,0.41,-0.33,0.08,0.25,-0.14,-2.11,-2.48,9.545,9.594,9.781,9.771,10.2,9.71,9.81,10.01,-0.003,0.002,-0.008,0.0,0.01,-121.7552304,36.5875135,274.8
-7.8,0.7,0.4,-0.0,0.47,-0.36,0.05,-0.08,-0.47,-2.11,-2.49,9.545,9.594,9.781,9.722,10.2,9.81,9.81,10.01,-0.003,0.002,-0.008,0.0,0.01,-121.7552304,36.5875135,274.85
-7.8,0.7,0.4,-0.0,0.41,-0.34,-0.26,0.0,0.07,-2.11,-2.49,9.467,9.633,9.781,9.692,10.3,9.81,10.2,9.91,-0.003,0.002,-0.008,0.0,0.01,-121.7552304,36.5875135,274.9
-7.8,0.7,0.4,0.0,0.42,-0.38,-0.03,0.13,-0.18,-2.11,-2.49,9.526,9.526,9.81,9.849,10.2,10.01,9.81,9.81,-0.003,0.002,-0.008,0.0,0.01,-121.7552304,36.5875135,274.95
-7.8,0.7,0.4,0.0,0.4,-0.37,0.06,-0.0,0.03,-2.11,-2.5,9.526,9.663,9.761,9.771,10.3,10.1,9.81,9.91,-0.003,0.002,-0.008,0.0,0.01,-121.7552305,36.5875135,275.0
-7.8,0.7,0.4,-0.01,0.4,-0.36,0.36,-0.07,0.05,-2.12,-2.47,9.496,9.624,9.79,9.643,10.1,9.81,10.1,10.01,-0.003,0.002,-0.008,0.0,0.0,-121.7552305,36.5875135,275.05
-7.8,0.7,0.4,-0.01,0.43,-0.33,-0.18,-0.24,0.05,-2.12,-2.47,9.476,9.565,9.81,9.79,10.2,9.71,9.81,9.81,-0.003,0.002,-0.008,0.0,-0.0,-121.7552305,36.5875135,275.1
-7.8,0.7,0.4,-0.0,0.41,-0.36,-0.03,-0.11,0.06,-2.12,-2.46,9.506,9.624,9.888,9.771,10.01,9.91,9.81,9.91,-0.003,0.002,-0.008,0.0,0.01,-121.7552305,36.5875135,275.15
-7.8,0.7,0.4,-0.01,0.4,-0.36,-0.04,0.12,-0.12,-2.1,-2.47,9.496,9.633,9.81,9.771,10.2,9.91,9.42,10.01,-0.003,0.002,-0.008,0.0,0.01,-121.7552305,36.5875135,275.2
-7.8,0.7,0.4,-0.01,0.47,-0.42,0.08,0.09,0.04,-2.12,-2.47,9.496,9.584,9.81,9.692,10.2,9.71,9.81,9.91,-0.003,0.002,-0.008,0.0,0.0,-121.7552305,36.5875135,275.25
-7.8,0.7,0.4,-0.01,0.39,-0.38,-0.2,0.07,-0.25,-2.11,-2.47,9.437,9.624,9.761,9.692,9.91,9.91,9.91,9.81,-0.003,0.002,-0.008,0.0,0.0,-121.7552305,36.5875135,275.3
-7.8,0.7,0.4,-0.01,0.41,-0.35,-0.04,-0.11,-0.07,-2.12,-2.46,9.496,9.614,9.81,9.692,10.4,9.61,9.61,9.91,-0.003,0.002,-0.008,0.0,0.0,-121.7552305,36.5875135,275.35
-7.8,0.7,0.4,-0.01,0.4,-0.33,-0.06,-0.15,0.15,-2.12,-2.45,9.496,9.614,9.81,9.741,10.1,9.71,9.71,9.61,-0.003,0.002,-0.008,0.0,-0.0,-121.7552305,36.5875135,275.4
-7.8,0.7,0.4,-0.0,0.42,-0.35,0.03,-0.01,-0.07,-2.12,-2.47,9.447,9.594,9.781,9.79,10.1,9.61,9.61,10.01,-0.003,0.002,-0.008,0.0,0.01,-121.7552305,36.5875135,275.45
-7.7,0.7,0.4,-0.0,0.41,-0.34,0.03,-0.14,0.1,-2.12,-2.47,9.535,9.584,9.692,9.692,10.2,9.61,9.81,9.61,-0.003,0.002,-0.008,0.0,0.01,-121.7552305,36.5875135,275.5
-7.8,0.7,0.4,-0.01,0.4,-0.39,0.09,-0.03,-0.18,-2.11,-2.47,9.545,9.633,9.761,9.692,10.2,9.71,9.71,9.81,-0.003,0.002,-0.008,0.0,0.0,-121.7552305,36.5875135,275.55
-7.8,0.7,0.4,-0.01,0.39,-0.33,0.54,0.27,0.05,-2.11,-2.47,9.398,9.633,9.781,9.722,9.81,10.01,9.32,9.81,-0.003,0.002,-0.008,0.0,0.0,-121.7552305,36.5875135,275.6
-7.8,0.7,0.4,-0.01,0.4,-0.34,-0.1,-0.06,-0.09,-2.11,-2.47,9.427,9.496,9.82,9.771,10.2,9.61,9.81,9.71,-0.003,0.002,-0.008,0.0,0.0,-121.7552304,36.5875135,275.65
-7.8,0.7,0.4,-0.01,0.45,-0.34,0.13,-0.16,-0.08,-2.12,-2.47,9.565,9.575,9.751,9.673,10.1,9.81,9.91,9.91,-0.003,0.002,-0.008,0.0,0.0,-121.7552304,36.5875135,275.7
-7.8,0.7,0.4,-0.01,0.4,-0.34,0.09,0.15,-0.32,-2.11,-2.47,9.526,9.643,9.839,9.741,10.2,10.01,9.91,9.81,-0.003,0.002,-0.008,0.0,-0.0,-121.7552304,36.5875135,275.75
-7.8,0.7,0.4,-0.02,0.47,-0.38,0.13,0.15,0.01,-2.11,-2.48,9.516,9.594,9.781,9.722,10.01,9.71,10.01,10.2,-0.003,0.002,-0.008,0.0,-0.0,-121.7552304,36.5875135,275.8
-7.8,0.7,0.4,-0.02,0.38,-0.38,0.13,0.32,0.15,-2.12,-2.47,9.418,9.633,9.741,9.79,10.2,9.71,9.61,10.01,-0.003,0.002,-0.008,0.0,-0.0,-121.7552304,36.5875135,275.85
-7.8,0.7,0.4,-0.02,0.39,-0.34,-0.16,0.43,-0.35,-2.15,-2.46,9.467,9.575,9.751,9.79,10.3,9.81,9.91,10.1,-0.003,0.002,-0.008,0.0,-0.0,-121.7552304,36.5875135,275.9
-7.8,0.7,0.4,-0.02,0.46,-0.36,-0.14,-0.05,-0.14,-2.12,-2.47,9.545,9.584,9.771,9.741,10.01,9.91,9.91,9.71,-0.003,0.002,-0.008,0.0,-0.0,-121.7552304,36.5875135,275.95
-7.8,0.7,0.4,-0.02,0.4,-0.33,0.03,0.01,0.01,-2.11,-2.45,9.476,9.565,9.771,9.741,10.4,9.71,9.71,9.81,-0.003,0.002,-0.008,0.0,-0.01,-121.7552304,36.5875135,276.0
-7.8,0.7,0.4,-0.02,0.38,-0.32,-0.05,0.21,-0.12,-2.1,-2.47,9.535,9.594,9.79,9.771,10.2,9.71,10.2,10.01,-0.003,0.002,-0.008,0.0,-0.01,-121.7552304,36.5875135,276.05
-7.8,0.7,0.4,-0.03,0.44,-0.36,-0.18,0.19,0.12,-2.1,-2.47,9.437,9.614,9.771,9.722,10.1,9.71,9.61,10.01,-0.003,0.002,-0.008,0.0,-0.01,-121.7552304,36.5875135,276.1
-7.8,0.7,0.4,-0.03,0.4,-0.35,0.64,-0.0,0.09,-2.11,-2.47,9.467,9.633,9.81,9.624,10.1,10.01,10.1,9.91,-0.003,0.002,-0.008,0.0,-0.01,-121.7552304,36.5875135,276.15
-7.8,0.7,0.4,-0.03,0.45,-0.37,-0.1,0.05,0.57,-2.1,-2.47,9.476,9.663,9.82,9.673,10.1,9.91,9.81,10.01,-0.003,0.002,-0.008,0.0,-0.01,-121.7552304,36.5875135,276.2
-7.7,0.7,0.4,-0.03,0.45,-0.36,-0.1,0.38,-0.03,-2.1,-2.47,9.496,9.555,9.781,9.673,10.01,9.81,9.81,9.71,-0.003,0.002,-0.008,0.0,-0.01,-121.7552304,36.5875135,276.25
-7.8,0.7,0.4,-0.03,0.41,-0.34,-0.22,-0.11,-0.18,-2.08,-2.47,9.496,9.633,9.81,9.741,10.01,9.61,9.91,9.81,-0.003,0.002,-0.008,0.0,-0.01,-121.7552304,36.5875135,276.3
-7.8,0.7,0.4,-0.03,0.43,-0.34,0.01,0.27,-0.03,-2.1,-2.47,9.496,9.604,9.761,9.624,10.2,10.01,9.91,9.81,-0.003,0.002,-0.008,0.0,-0.01,-121.7552304,36.5875135,276.35
-7.8,0.7,0.4,-0.04,0.39,-0.37,0.02,0.07,0.07,-2.11,-2.47,9.457,9.575,9.781,9.722,10.3,9.91,9.81,9.91,-0.003,0.002,-0.008,0.0,-0.01,-121.7552304,36.5875135,276.4
-7.8,0.7,0.4,-0.04,0.4,-0.38,-0.06,-0.14,0.0,-2.1,-2.47,9.437,9.624,9.761,9.624,10.1,10.01,9.91,9.81,-0.003,0.002,-0.008,0.0,-0.01,-121.7552304,36.5875135,276.45
-7.8,0.7,0.4,-0.04,0.43,-0.37,-0.08,-0.1,-0.13,-2.12,-2.48,9.476,9.604,9.81,9.79,10.3,10.01,9.81,10.01,-0.003,0.002,-0.008,0.0,-0.02,-121.7552304,36.5875135,276.5
-7.7,0.7,0.4,-0.04,0.38,-0.35,0.09,0.14,-0.3,-2.1,-2.48,9.467,9.673,9.859,9.741,10.2,9.81,10.1,9.81,-0.003,0.002,-0.008,0.0,-0.02,-121.7552304,36.5875135,276.55
-7.8,0.7,0.4,-0.04,0.37,-0.34,0.14,-0.04,-0.07,-2.11,-2.47,9.476,9.555,9.81,9.722,10.2,9.61,9.81,9.91,-0.003,0.002,-0.008,0.0,-0.02,-121.7552304,36.5875135,276.6
-7.8,0.7,0.4,-0.04,0.43,-0.38,-0.13,-0.11,0.16,-2.12,-2.47,9.427,9.604,9.81,9.879,10.1,10.1,9.81,9.91,-0.003,0.002,-0.008,0.0,-0.02,-121.7552304,36.5875135,276.65
-7.8,0.7,0.4,-0.04,0.38,-0.35,-0.11,0.12,-0.01,-2.11,-2.48,9.476,9.624,9.81,9.771,10.1,9.81,9.61,10.01,-0.003,0.002,-0.008,0.0,-0.02,-121.7552304,36.5875135,276.7
-7.8,0.7,0.4,-0.05,0.44,-0.38,0.06,0.13,-0.1,-2.11,-2.47,9.496,9.653,9.81,9.81,10.1,9.91,9.81,9.91,-0.003,0.002,-0.008,0.0,-0.02,-121.7552304,36.5875135,276.75
-7.8,0.7,0.4,-0.05,0.4,-0.36,-0.17,-0.21,-0.31,-2.11,-2.48,9.496,9.545,9.771,9.849,10.01,9.81,9.42,9.91,-0.003,0.002,-0.008,0.0,-0.02,-121.7552304,36.5875135,276.8
-7.8,0.7,0.4,-0.05,0.39,-0.33,0.1,-0.16,0.18,-2.11,-2.47,9.545,9.614,9.702,9.604,10.01,9.71,9.81,9.91,-0.003,0.002,-0.008,0.0,-0.02,-121.7552304,36.5875135,276.85
-7.8,0.7,0.4,-0.05,0.4,-0.34,0.12,0.14,0.17,-2.11,-2.47,9.398,9.614,9.81,9.643,10.2,10.01,9.81,9.71,-0.003,0.002,-0.008,0.0,-0.02,-121.7552304,36.5875135,276.9
-7.7,0.7,0.4,-0.05,0.48,-0.39,0.06,0.15,-0.05,-2.12,-2.48,9.457,9.526,9.83,9.722,9.91,10.01,9.91,9.91,-0.003,0.002,-0.008,0.0,-0.02,-121.7552304,36.5875135,276.95
-7.8,0.7,0.4,-0.01,0.36,-0.38,-0.01,-0.16,-0.21,-2.11,-2.48,9.516,9.604,9.722,9.722,10.1,9.91,9.81,9.61,-0.003,0.002,-0.008,0.0,0.0,-121.7552304,36.5875135,277.0
-7.8,0.7,0.4,-0.01,0.4,-0.34,0.08,-0.21,-0.01,-2.1,-2.45,9.486,9.643,9.751,9.79,10.2,9.52,9.81,9.52,-0.003,0.002,-0.008,0.0,0.01,-121.7552304,36.5875135,277.05
-7.8,0.7,0.4,-0.01,0.38,-0.33,-0.55,-0.14,-0.12,-2.11,-2.48,9.437,9.604,9.79,9.898,10.1,9.81,9.71,9.81,-0.003,0.002,-0.008,0.0,0.0,-121.7552304,36.5875135,277.1
-7.8,0.7,0.4,-0.01,0.38,-0.31,0.06,-0.18,0.3,-2.11,-2.47,9.398,9.682,9.624,9.771,10.2,9.81,9.61,9.81,-0.003,0.002,-0.008,0.0,0.01,-121.7552304,36.5875135,277.15
-7.8,0.7,0.4,-0.01,0.37,-0.38,0.13,-0.03,0.24,-2.1,-2.47,9.418,9.702,9.869,9.506,10.2,9.61,9.61,10.01,-0.003,0.002,-0.008,0.0,0.01,-121.7552304,36.5875135,277.2
-7.8,0.7,0.4,-0.01,0.46,-0.39,0.2,0.04,-0.27,-2.1,-2.47,9.506,9.584,10.036,9.673,10.2,9.81,9.61,9.71,-0.003,0.002,-0.008,0.0,0.01,-121.7552304,36.5875135,277.25
-7.8,0.7,0.4,-0.01,0.41,-0.36,0.1,0.15,0.21,-2.1,-2.47,9.408,9.741,9.82,9.849,10.2,9.81,10.2,10.01,-0.003,0.002,-0.008,0.0,0.01,-121.7552304,36.5875135,277.3
-7.8,0.7,0.4,-0.01,0.46,-0.34,-0.13,-0.11,0.01,-2.1,-2.47,9.496,9.565,9.81,9.692,10.1,9.91,9.81,9.91,-0.003,0.002,-0.008,0.0,0.01,-121.7552304,36.5875135,277.35
-7.7,0.7,0.4,-0.01,0.41,-0.37,-0.09,0.04,0.16,-2.11,-2.47,9.447,9.643,9.81,9.771,10.2,9.91,9.61,9.81,-0.003,0.002,-0.008,0.0,0.01,-121.7552304,36.5875135,277.4
-7.8,0.7,0.4,-0.01,0.42,-0.36,-0.19,-0.3,-0.32,-2.11,-2.48,9.496,9.584,9.761,9.81,10.01,9.81,9.61,9.71,-0.003,0.002,-0.008,0.0,0.01,-121.7552304,36.5875135,277.45
-7.8,0.7,0.4,-0.01,0.41,-0.36,-0.04,-0.23,0.06,-2.1,-2.46,9.516,9.624,9.771,9.692,10.1,9.61,9.71,9.81,-0.003,0.002,-0.008,0.0,0.02,-121.7552304,36.5875135,277.5
-7.7,0.7,0.4,-0.01,0.41,-0.4,0.02,-0.02,-0.05,-2.12,-2.47,9.496,9.535,9.741,9.81,10.3,9.71,10.01,10.2,-0.003,0.002,-0.008,0.0,0.02,-121.7552304,36.5875135,277.55
-7.8,0.7,0.4,-0.01,0.38,-0.33,0.07,0.15,0.0,-2.14,-2.47,9.526,9.565,9.702,9.771,10.4,9.91,9.81,9.71,-0.003,0.002,-0.008,0.0,0.02,-121.7552304,36.5875135,277.6
-7.8,0.7,0.4,-0.01,0.42,-0.34,-0.23,0.08,0.3,-2.15,-2.46,9.467,9.584,9.83,9.79,10.1,9.81,10.1,10.1,-0.003,0.002,-0.008,0.0,0.0,-121.7552304,36.5875135,277.65
-7.8,0.7,0.4,-0.01,0.42,-0.35,-0.33,0.15,-0.02,-2.17,-2.46,9.535,9.663,9.722,9.692,10.1,9.81,9.81,9.91,-0.003,0.002,-0.008,0.0,0.01,-121.7552304,36.5875135,277.7
-7.8,0.7,0.4,-0.01,0.39,-0.35,-0.08,-0.2,0.01,-2.19,-2.46,9.535,9.565,9.83,9.575,10.3,9.71,9.81,9.81,-0.003,0.002,-0.008,0.0,0.01,-121.7552304,36.5875135,277.75
-7.8,0.7,0.4,0.0,0.46,-0.36,0.13,-0.13,0.32,-2.21,-2.46,9.535,9.526,9.839,9.506,10.2,9.91,9.91,9.91,-0.003,0.002,-0.008,0.0,-0.0,-121.7552304,36.5875135,277.8
-7.8,0.7,0.4,-0.01,0.33,-0.33,-0.23,-0.13,0.15,-2.22,-2.45,9.467,9.614,9.918,9.604,10.2,9.91,9.81,9.71,-0.003,0.002,-0.008,0.0,0.0,-121.7552304,36.5875135,277.85
-7.8,0.7,0.4,0.0,0.45,-0.37,0.17,-0.04,0.2,-2.24,-2.45,9.467,9.526,9.702,9.771,10.3,10.1,9.81,9.81,-0.003,0.002,-0.008,0.0,0.0,-121.7552304,36.5875135,277.9
-7.8,0.7,0.4,0.01,0.35,-0.36,0.15,-0.46,0.14,-2.26,-2.45,9.535,9.565,9.81,9.722,10.4,9.91,9.91,9.81,-0.003,0.002,-0.008,0.0,-0.0,-121.7552304,36.5875135,277.95
-7.8,0.7,0.4,0.01,0.34,-0.36,0.64,0.1,-0.11,-2.28,-2.45,9.535,9.594,9.741,9.741,10.01,9.81,9.81,9.71,-0.003,0.002,-0.008,0.0,0.0,-121.7552304,36.5875135,278.0
-7.8,0.7,0.4,0.02,0.42,-0.39,-0.22,0.13,-0.09,-2.3,-2.44,9.467,9.643,9.918,9.741,10.3,9.71,9.61,10.2,-0.003,0.002,-0.008,0.0,-0.0,-121.7552304,36.5875135,278.05
-7.8,0.7,0.4,0.02,0.44,-0.32,0.06,-0.46,-0.13,-2.31,-2.44,9.398,9.575,9.555,9.771,10.01,9.91,10.01,9.71,-0.003,0.002,-0.008,0.0,-0.0,-121.7552304,36.5875135,278.1
-7.8,0.7,0.4,0.02,0.35,-0.36,0.19,-0.12,0.0,-2.1,-2.47,9.575,9.506,9.938,9.673,10.2,9.81,9.91,9.81,-0.003,0.002,-0.008,0.0,-0.0,-121.7552304,36.5875135,278.15
-7.8,0.7,0.4,0.03,0.46,-0.37,0.02,0.06,-0.1,-2.09,-2.47,9.349,9.771,9.987,9.977,10.4,10.01,9.61,9.71,-0.003,0.002,-0.008,0.0,-0.0,-121.7552304,36.5875135,278.2
-7.8,0.7,0.4,0.03,0.37,-0.35,0.08,0.17,-0.1,-2.12,-2.46,9.467,9.437,9.673,9.722,10.4,9.71,9.61,9.61,-0.003,0.002,-0.008,0.0,-0.0,-121.7552303,36.5875136,278.25
-7.8,0.7,0.4,0.03,0.42,-0.37,0.12,0.13,-0.21,-2.14,-2.45,9.457,9.712,9.908,9.604,10.2,9.71,9.81,10.01,-0.003,0.002,-0.008,0.0,-0.01,-121.7552303,36.5875136,278.3
-7.8,0.7,0.4,-0.0,0.38,-0.36,0.06,0.3,-0.12,-2.09,-2.47,9.506,9.614,9.771,9.879,10.2,9.81,9.91,10.1,-0.003,0.002,-0.008,0.0,0.0,-121.7552303,36.5875136,278.35
-7.8,0.7,0.4,-0.0,0.39,-0.34,0.24,-0.36,0.31,-2.11,-2.46,9.496,9.624,9.682,9.898,10.01,9.71,9.42,10.01,-0.003,0.002,-0.008,0.0,0.0,-121.7552303,36.5875136,278.4
-7.8,0.7,0.4,-0.0,0.43,-0.37,0.18,-0.1,-0.14,-2.11,-2.47,9.467,9.741,9.879,9.673,10.3,9.91,9.81,10.2,-0.003,0.002,-0.008,0.0,0.0,-121.7552303,36.5875136,278.45
-7.8,0.7,0.4,0.0,0.41,-0.36,0.12,0.16,-0.13,-2.1,-2.48,9.427,9.516,9.673,9.879,10.3,9.91,9.71,9.81,-0.003,0.002,-0.008,0.0,0.0,-121.7552303,36.5875136,278.5
-7.8,0.7,0.4,-0.0,0.42,-0.36,-0.06,0.11,-0.04,-2.11,-2.47,9.535,9.643,9.781,9.575,10.59,10.01,10.01,9.91,-0.003,0.002,-0.008,0.0,0.0,-121.7552303,36.5875136,278.55
-7.8,0.7,0.4,-0.0,0.41,-0.36,0.23,0.12,-0.13,-2.1,-2.48,9.476,9.653,9.839,9.79,10.3,9.71,9.81,10.3,-0.003,0.002,-0.008,0.0,0.0,-121.7552303,36.5875136,278.6
-7.8,0.7,0.4,0.0,0.33,-0.36,-0.07,0.52,-0.03,-2.09,-2.47,9.545,9.476,9.751,9.722,10.3,9.71,9.61,9.81,-0.003,0.002,-0.008,0.0,-0.0,-121.7552303,36.5875136,278.65
-7.7,0.7,0.4,-0.0,0.43,-0.37,0.13,-0.12,-0.07,-2.11,-2.47,9.437,9.692,9.977,9.79,10.1,9.42,9.81,10.01,-0.003,0.002,-0.008,0.0,-0.01,-121.7552303,36.5875136,278.7
-7.8,0.7,0.4,-0.0,0.46,-0.32,0.14,0.18,0.05,-2.09,-2.47,9.359,9.653,9.663,9.741,9.91,9.81,9.91,9.91,-0.003,0.002,-0.008,0.0,-0.01,-121.7552303,36.5875136,278.75
-7.8,0.7,0.4,-0.0,0.39,-0.4,-0.16,-0.22,0.14,-2.11,-2.46,9.633,9.535,9.869,9.624,10.01,9.81,9.61,9.91,-0.003,0.002,-0.008,0.0,-0.01,-121.7552303,36.5875136,278.8
-7.8,0.7,0.4,0.0,0.4,-0.33,-0.5,0.2,0.01,-2.1,-2.48,9.535,9.584,9.633,9.771,10.4,9.81,9.61,9.52,-0.003,0.002,-0.008,0.0,-0.01,-121.7552303,36.5875136,278.85
-7.8,0.7,0.4,-0.0,0.42,-0.34,-0.23,0.15,-0.11,-2.11,-2.46,9.398,9.692,9.83,9.555,10.3,9.71,9.61,9.91,-0.003,0.002,-0.008,0.0,-0.01,-121.7552303,36.5875136,278.9
-7.8,0.7,0.4,-0.0,0.47,-0.36,-0.17,0.17,-0.12,-2.09,-2.47,9.378,9.712,9.732,9.692,10.2,9.91,10.01,9.91,-0.003,0.002,-0.008,0.0,-0.02,-121.7552303,36.5875136,278.95
-7.8,0.7,0.4,-0.0,0.47,-0.41,-0.14,0.01,0.19,-2.1,-2.46,9.447,9.653,9.81,9.643,10.1,10.1,9.61,9.91,-0.003,0.002,-0.008,0.0,-0.02,-121.7552303,36.5875136,279.0
-7.8,0.7,0.4,-0.0,0.34,-0.29,0.07,0.27,-0.27,-2.09,-2.47,9.535,9.506,9.771,9.879,10.3,10.01,9.71,9.71,-0.003,0.002,-0.008,0.0,-0.02,-121.7552303,36.5875136,279.05
-7.8,0.7,0.4,-0.0,0.41,-0.33,0.03,-0.27,0.34,-2.11,-2.46,9.467,9.673,9.771,9.624,10.1,9.71,9.71,10.01,-0.003,0.002,-0.008,0.0,-0.02,-121.7552303,36.5875136,279.1
-7.8,0.7,0.4,-0.0,0.43,-0.39,0.04,-0.11,-0.1,-2.11,-2.47,9.506,9.545,9.947,9.879,10.3,9.81,9.61,9.71,-0.003,0.002,-0.008,0.0,-0.03,-121.7552303,36.5875136,279.15
-7.8,0.7,0.4,-0.0,0.35,-0.32,0.14,-0.13,-0.36,-2.11,-2.47,9.447,9.545,9.81,9.81,10.2,9.81,10.1,9.91,-0.003,0.002,-0.008,0.0,-0.03,-121.7552303,36.5875136,279.2
-7.8,0.7,0.4,-0.0,0.49,-0.4,-0.1,0.03,0.07,-2.1,-2.47,9.378,9.751,9.928,9.722,10.01,9.61,9.71,10.2,-0.003,0.002,-0.008,0.0,-0.03,-121.7552303,36.5875136,279.25
-7.8,0.7,0.4,-0.0,0.35,-0.32,0.18,-0.28,-0.06,-2.11,-2.47,9.594,9.516,9.673,10.045,10.2,10.2,9.91,10.1,-0.003,0.002,-0.008,0.0,-0.03,-121.7552303,36.5875136,279.3
-7.7,0.7,0.4,-0.0,0.4,-0.41,-0.1,0.24,-0.14,-2.11,-2.47,9.663,9.418,9.888,9.771,10.2,9.52,9.61,9.91,-0.003,0.002,-0.008,0.0,-0.04,-121.7552303,36.5875136,279.35
-7.8,0.7,0.4,-0.0,0.41,-0.37,-0.15,-0.2,0.33,-2.11,-2.46,9.457,9.575,9.673,9.79,10.3,9.81,9.81,10.01,-0.003,0.002,-0.008,0.0,-0.04,-121.7552303,36.5875136,279.4
-7.7,0.7,0.4,-0.0,0.39,-0.29,0.2,-0.13,-0.29,-2.11,-2.47,9.388,9.663,9.859,9.604,10.2,9.42,10.01,9.71,-0.003,0.002,-0.008,0.0,-0.04,-121.7552303,36.5875136,279.45
-7.8,0.7,0.4,-0.0,0.5,-0.41,-0.18,-0.04,0.13,-2.1,-2.48,9.516,9.624,9.741,9.849,10.2,9.81,9.71,10.01,-0.003,0.002,-0.008,0.0,-0.05,-121.7552303,36.5875136,279.5
-7.8,0.7,0.4,-0.0,0.36,-0.35,0.19,0.0,-0.18,-2.09,-2.47,9.467,9.516,9.614,9.898,10.3,9.71,9.61,9.91,-0.003,0.002,-0.008,0.0,-0.05,-121.7552303,36.5875136,279.55
-7.8,0.7,0.4,-0.0,0.39,-0.33,0.11,-0.02,0.06,-2.09,-2.46,9.604,9.457,9.781,9.741,10.01,9.71,9.81,9.52,-0.003,0.002,-0.008,0.0,-0.05,-121.7552303,36.5875136,279.6
-7.8,0.7,0.4,-0.0,0.49,-0.41,-0.17,0.14,0.03,-2.11,-2.46,9.496,9.633,9.82,9.741,10.01,9.61,9.81,9.91,-0.003,0.002,-0.008,0.0,-0.05,-121.7552303,36.5875136,279.65
-7.8,0.7,0.4,-0.0,0.39,-0.38,0.0,-0.21,0.23,-2.11,-2.46,9.408,9.604,9.839,9.692,10.1,10.01,9.61,9.81,-0.003,0.002,-0.008,0.0,-0.05,-121.7552303,36.5875136,279.7
-7.8,0.7,0.4,-0.0,0.41,-0.38,-0.12,-0.11,0.03,-2.11,-2.46,9.506,9.604,9.79,9.722,10.01,10.01,9.61,9.71,-0.003,0.002,-0.008,0.0,-0.06,-121.7552303,36.5875136,279.75
-7.8,0.7,0.4,-0.0,0.43,-0.37,-0.03,0.03,0.05,-2.1,-2.46,9.457,9.624,9.732,9.692,10.3,9.71,9.71,9.71,-0.003,0.002,-0.008,0.0,-0.06,-121.7552303,36.5875136,279.8
-7.8,0.7,0.4,-0.0,0.36,-0.33,-0.23,0.05,-0.21,-2.09,-2.47,9.447,9.575,9.781,9.722,10.1,9.81,10.1,9.81,-0.003,0.002,-0.008,0.0,-0.06,-121.7552303,36.5875136,279.85
-7.8,0.7,0.4,-0.0,0.39,-0.36,0.36,-0.26,0.05,-2.11,-2.46,9.604,9.476,9.653,9.555,10.2,10.2,10.1,9.91,-0.003,0.002,-0.008,0.0,-0.06,-121.7552303,36.5875136,279.9
-7.8,0.7,0.4,-0.0,0.55,-0.38,0.35,0.22,0.29,-2.09,-2.47,9.369,9.682,9.888,9.643,10.2,9.81,9.81,9.71,-0.003,0.002,-0.008,0.0,-0.07,-121.7552303,36.5875136,279.95
-7.8,0.7,0.4,-0.0,0.37,-0.34,-0.01,-0.1,0.22,-2.1,-2.46,9.427,9.653,9.849,9.624,10.2,9.81,9.91,10.01,-0.003,0.002,-0.008,0.0,-0.07,-121.7552303,36.5875136,280.0
-7.8,0.7,0.4,-0.0,0.41,-0.27,0.09,-0.22,-0.04,-2.11,-2.47,9.506,9.594,9.663,9.928,10.1,9.81,9.91,9.61,-0.003,0.002,-0.008,0.0,-0.07,-121.7552303,36.5875136,280.05
-7.8,0.7,0.4,-0.0,0.42,-0.35,-0.15,-0.03,0.58,-2.09,-2.46,9.624,9.565,9.771,9.79,10.2,9.81,9.81,9.91,-0.003,0.002,-0.008,0.0,-0.08,-121.7552303,36.5875136,280.1
-7.8,0.7,0.4,-0.0,0.39,-0.33,0.13,-0.18,0.13,-2.11,-2.46,9.467,9.555,9.81,9.692,10.3,9.81,9.81,9.91,-0.003,0.002,-0.008,0.0,-0.08,-121.7552302,36.5875136,280.15
-7.8,0.7,0.4,-0.0,0.41,-0.39,0.29,-0.15,-0.09,-2.09,-2.46,9.545,9.584,9.741,9.673,10.4,9.61,9.61,9.91,-0.003,0.002,-0.008,0.0,-0.08,-121.7552302,36.5875136,280.2
-7.8,0.7,0.0,-0.01,0.4,-0.36,0.07,0.18,0.2,-2.09,-2.46,9.467,9.682,9.781,9.81,10.1,9.81,9.71,10.1,-0.003,0.002,-0.008,0.0,-0.01,-121.7552302,36.5875136,280.25
-7.8,0.7,0.4,-0.01,0.41,-0.35,0.02,-0.25,-0.04,-2.11,-2.47,9.408,9.535,9.947,9.722,10.2,9.61,9.71,9.91,-0.003,0.002,-0.008,0.0,-0.01,-121.7552302,36.5875136,280.3
-7.8,0.7,0.0,-0.01,0.45,-0.42,-0.22,0.31,-0.09,-2.09,-2.47,9.496,9.614,9.839,9.79,10.1,10.01,10.01,9.81,-0.003,0.002,-0.008,0.0,-0.01,-121.7552302,36.5875136,280.35
-7.8,0.7,0.4,-0.01,0.38,-0.32,0.2,-0.17,0.1,-2.11,-2.47,9.457,9.624,9.761,9.79,10.4,9.81,9.81,10.01,-0.003,0.002,-0.008,0.0,-0.01,-121.7552302,36.5875136,280.4
-7.8,0.7,0.4,-0.01,0.43,-0.35,0.2,-0.2,0.12,-2.11,-2.47,9.467,9.584,9.839,9.722,10.3,9.61,9.91,9.81,-0.003,0.002,-0.008,0.0,-0.01,-121.7552302,36.5875136,280.45
-7.8,0.7,0.4,-0.01,0.46,-0.42,-0.18,0.16,-0.19,-2.09,-2.48,9.506,9.584,9.741,9.643,10.01,9.61,9.61,9.52,-0.003,0.002,-0.008,0.0,-0.01,-121.7552302,36.5875136,280.5
-7.8,0.7,0.4,-0.01,0.35,-0.34,-0.04,-0.13,0.06,-2.08,-2.51,9.496,9.633,9.771,9.81,10.5,9.71,9.91,9.71,-0.003,0.002,-0.008,0.0,-0.01,-121.7552302,36.5875136,280.55
-7.8,0.7,0.4,-0.02,0.43,-0.3,0.13,0.26,-0.02,-2.09,-2.47,9.467,9.555,9.81,9.79,10.1,9.71,9.81,9.81,-0.003,0.002,-0.008,0.0,-0.01,-121.7552302,36.5875136,280.6
-7.8,0.7,0.4,-0.02,0.38,-0.33,0.17,-0.19,0.31,-2.11,-2.47,9.535,9.575,9.888,9.692,10.1,9.81,9.81,10.01,-0.003,0.002,-0.008,0.0,-0.01,-121.7552302,36.5875136,280.65
-7.8,0.7,0.4,-0.02,0.47,-0.39,-0.13,0.12,0.28,-2.09,-2.47,9.526,9.594,9.781,9.624,10.1,9.52,9.81,9.91,-0.003,0.002,-0.008,0.0,-0.01,-121.7552302,36.5875136,280.7
-7.8,0.7,0.4,-0.02,0.38,-0.38,-0.08,-0.05,0.36,-2.09,-2.47,9.506,9.653,9.81,9.722,10.1,9.81,9.81,9.81,-0.003,0.002,-0.008,0.0,-0.01,-121.7552302,36.5875136,280.75
-7.8,0.7,0.4,-0.02,0.43,-0.36,-0.01,-0.22,-0.45,-2.08,-2.47,9.447,9.624,9.81,9.643,9.91,9.81,9.61,10.01,-0.003,0.002,-0.008,0.0,-0.01,-121.7552302,36.5875136,280.8
-7.8,0.7,0.4,-0.02,0.38,-0.39,0.18,0.11,0.06,-2.09,-2.47,9.408,9.643,9.918,9.722,10.2,9.91,9.61,9.71,-0.003,0.002,-0.008,0.0,-0.01,-121.7552302,36.5875136,280.85
-7.8,0.7,0.4,-0.03,0.41,-0.33,-0.09,0.06,0.13,-2.09,-2.47,9.408,9.594,9.898,9.79,10.1,9.81,9.71,9.81,-0.003,0.002,-0.008,0.0,-0.01,-121.7552302,36.5875136,280.9
-7.8,0.7,0.0,-0.03,0.36,-0.33,-0.06,0.29,-0.11,-2.1,-2.47,9.506,9.614,9.81,9.692,10.2,9.42,9.61,9.91,-0.003,0.002,-0.008,0.0,-0.01,-121.7552302,36.5875135,280.95
-7.8,0.7,0.4,-0.03,0.38,-0.36,0.07,0.1,-0.16,-2.11,-2.46,9.457,9.614,9.771,9.722,10.01,9.71,9.61,10.1,-0.003,0.002,-0.008,0.0,-0.01,-121.7552302,36.5875135,281.0
-7.8,0.7,0.4,-0.03,0.44,-0.36,0.26,-0.07,0.13,-2.1,-2.47,9.575,9.614,9.839,9.722,9.91,9.91,9.71,9.91,-0.003,0.002,-0.008,0.0,-0.01,-121.7552302,36.5875136,281.05
-7.8,0.7,0.4,-0.03,0.38,-0.36,0.0,-0.01,0.13,-2.11,-2.47,9.496,9.555,9.879,9.79,10.1,9.81,9.71,9.81,-0.003,0.002,-0.008,0.0,-0.01,-121.7552302,36.5875136,281.1
-7.8,0.7,0.0,-0.03,0.47,-0.29,-0.31,-0.32,0.22,-2.11,-2.47,9.418,9.555,9.908,9.79,10.1,9.71,9.91,9.81,-0.003,0.002,-0.008,0.0,-0.01,-121.7552302,36.5875136,281.15
-7.7,0.7,0.0,-0.03,0.4,-0.39,-0.27,-0.05,-0.03,-2.11,-2.47,9.496,9.633,9.947,9.79,10.2,10.01,10.01,10.3,-0.003,0.002,-0.008,0.0,-0.01,-121.7552302,36.5875136,281.2
-7.8,0.7,0.0,-0.04,0.45,-0.38,0.05,-0.14,0.07,-2.11,-2.47,9.516,9.663,9.849,9.741,10.01,9.71,10.1,9.71,-0.003,0.002,-0.008,0.0,-0.01,-121.7552302,36.5875136,281.25
-7.8,0.7,0.0,-0.04,0.44,-0.38,-0.36,-0.01,-0.04,-2.09,-2.47,9.437,9.614,9.761,9.79,9.91,9.61,9.91,10.01,-0.003,0.002,-0.008,0.0,-0.01,-121.7552302,36.5875136,281.3
-7.8,0.7,0.0,-0.04,0.38,-0.31,0.31,-0.34,0.27,-2.11,-2.47,9.447,9.633,9.663,9.673,10.2,9.71,10.3,10.1,-0.003,0.002,-0.008,0.0,-0.01,-121.7552302,36.5875136,281.35
-7.8,0.7,0.0,-0.04,0.41,-0.35,-0.22,0.2,0.12,-2.09,-2.46,9.467,9.663,9.663,9.771,10.2,9.52,9.91,9.71,-0.003,0.002,-0.008,0.0,-0.01,-121.7552302,36.5875136,281.4
-7.8,0.7,0.0,-0.04,0.38,-0.37,0.14,0.29,0.19,-2.09,-2.47,9.506,9.594,9.781,9.741,10.01,9.71,10.01,9.81,-0.003,0.002,-0.008,0.0,-0.01,-121.7552302,36.5875136,281.45
-7.8,0.7,0.4,-0.04,0.42,-0.37,-0.03,-0.13,-0.09,-2.11,-2.47,9.575,9.555,9.8,9.604,10.1,9.71,10.1,9.81,-0.003,0.002,-0.008,0.0,-0.01,-121.7552302,36.5875136,281.5
-7.8,0.7,0.4,-0.04,0.42,-0.43,0.35,-0.29,-0.06,-2.11,-2.47,9.437,9.604,9.81,9.643,9.91,10.01,9.81,9.81,-0.003,0.002,-0.008,0.0,-0.01,-121.7552301,36.5875136,281.55
-7.8,0.7,0.4,-0.05,0.37,-0.36,0.2,0.11,-0.18,-2.09,-2.47,9.476,9.663,9.849,9.81,10.1,9.71,9.81,9.81,-0.003,0.002,-0.008,0.0,-0.01,-121.7552302,36.5875136,281.6
-7.8,0.7,0.4,-0.05,0.42,-0.31,-0.11,0.23,-0.2,-2.09,-2.47,9.437,9.604,9.732,9.771,10.3,9.91,9.91,9.91,-0.003,0.002,-0.008,0.0,-0.01,-121.7552302,36.5875136,281.65
-7.8,0.7,0.0,-0.0,0.4,-0.35,0.23,-0.08,-0.02,-2.11,-2.45,9.476,9.643,9.781,9.673,10.3,9.91,9.91,9.91,-0.003,0.002,-0.008,0.0,-0.01,-121.7552302,36.5875136,281.7
-7.8,0.7,0.4,-0.0,0.41,-0.4,0.38,-0.04,0.18,-2.12,-2.43,9.486,9.594,9.781,9.79,10.1,10.1,9.61,9.71,-0.003,0.002,-0.008,0.0,-0.01,-121.7552302,36.5875136,281.75
-7.8,0.7,0.4,-0.0,0.4,-0.37,-0.31,0.22,0.1,-2.11,-2.46,9.506,9.614,9.633,9.771,10.2,10.01,9.71,9.81,-0.003,0.002,-0.008,0.0,-0.01,-121.7552302,36.5875136,281.8
-7.8,0.7,0.4,-0.0,0.42,-0.32,0.01,0.16,0.25,-2.13,-2.46,9.594,9.633,9.732,9.79,10.1,9.71,9.61,9.81,-0.003,0.002,-0.008,0.0,-0.01,-121.7552302,36.5875136,281.85
-7.8,0.7,0.4,-0.0,0.41,-0.33,-0.26,0.03,-0.11,-2.08,-2.47,9.408,9.633,9.702,9.741,10.1,10.01,9.81,9.81,-0.003,0.002,-0.008,0.0,-0.01,-121.7552302,36.5875136,281.9
-7.8,0.7,0.0,-0.0,0.38,-0.29,-0.06,-0.19,-0.21,-2.11,-2.46,9.447,9.624,9.751,9.722,10.01,9.71,9.61,10.1,-0.003,0.002,-0.008,0.0,-0.01,-121.7552302,36.5875136,281.95
-7.8,0.7,0.0,0.0,0.38,-0.36,0.11,0.3,0.11,-2.08,-2.47,9.516,9.555,9.702,9.771,10.01,9.71,9.61,9.81,-0.003,0.002,-0.008,0.0,0.0,-121.7552302,36.5875136,282.0
-7.8,0.7,0.4,-0.01,0.36,-0.37,0.24,-0.16,-0.04,-2.11,-2.46,9.575,9.663,9.781,9.79,10.1,9.71,9.71,9.81,-0.003,0.002,-0.008,0.0,-0.01,-121.7552302,36.5875136,282.05
-7.8,0.7,0.4,-0.01,0.43,-0.4,-0.17,-0.11,0.06,-2.11,-2.46,9.516,9.702,9.781,9.741,10.2,9.71,9.32,10.1,-0.003,0.002,-0.008,0.0,-0.01,-121.7552302,36.5875136,282.1
-7.8,0.7,0.4,-0.01,0.43,-0.38,0.48,0.0,-0.06,-2.1,-2.46,9.535,9.545,9.781,9.692,10.01,9.71,9.71,9.91,-0.003,0.002,-0.008,0.0,-0.01,-121.7552302,36.5875136,282.15
-7.8,0.7,0.4,-0.0,0.4,-0.28,-0.15,0.16,0.02,-2.09,-2.47,9.516,9.575,9.751,9.741,10.1,9.91,9.52,9.81,-0.003,0.002,-0.008,0.0,0.0,-121.7552302,36.5875136,282.2
-7.8,0.7,0.4,-0.0,0.41,-0.35,-0.12,-0.21,0.07,-2.11,-2.45,9.575,9.555,9.81,9.741,10.1,9.81,9.61,10.1,-0.003,0.002,-0.008,0.0,0.0,-121.7552302,36.5875136,282.25
-7.8,0.7,0.0,-0.0,0.45,-0.38,0.28,0.02,0.43,-2.09,-2.45,9.467,9.643,9.898,9.771,9.71,9.32,9.71,9.71,-0.003,0.002,-0.008,0.0,0.01,-121.7552302,36.5875136,282.3
-7.7,0.7,0.0,-0.0,0.48,-0.38,-0.36,0.12,-0.2,-2.09,-2.46,9.349,9.624,9.8,9.81,10.2,9.81,9.71,9.71,-0.003,0.002,-0.008,0.0,0.01,-121.7552302,36.5875136,282.35
-7.8,0.7,0.4,-0.0,0.41,-0.36,-0.21,-0.01,-0.09,-2.1,-2.46,9.486,9.476,9.8,9.643,10.4,9.61,9.81,9.81,-0.003,0.002,-0.008,0.0,-0.01,-121.7552302,36.5875136,282.4
-7.8,0.7,0.4,0.0,0.42,-0.3,-0.36,-0.17,0.31,-2.11,-2.45,9.437,9.732,9.869,9.81,10.4,9.91,9.71,9.91,-0.003,0.002,-0.008,0.0,0.0,-121.7552302,36.5875136,282.45
-7.8,0.7,0.4,0.0,0.4,-0.28,0.09,-0.12,-0.16,-2.07,-2.45,9.506,9.663,9.712,9.81,10.4,9.81,9.71,10.01,-0.003,0.002,-0.008,0.0,0.0,-121.7552302,36.5875136,282.5
-7.7,0.7,0.0,0.0,0.41,-0.41,0.18,0.1,-0.25,-2.09,-2.45,9.516,9.575,9.8,9.643,10.01,9.81,9.81,9.91,-0.003,0.002,-0.008,0.0,0.0,-121.7552302,36.5875136,282.55
-7.8,0.7,0.0,0.01,0.43,-0.36,0.1,-0.22,0.08,-2.11,-2.45,9.476,9.643,9.751,9.79,10.1,9.71,10.01,9.91,-0.003,0.002,-0.008,0.0,0.0,-121.7552302,36.5875136,282.6
-7.8,0.7,0.0,0.01,0.4,-0.37,0.07,0.04,-0.08,-2.09,-2.45,9.565,9.692,9.761,9.604,10.1,9.91,9.91,10.01,-0.003,0.002,-0.008,0.0,0.0,-121.7552302,36.5875136,282.65
-7.8,0.7,0.4,0.01,0.4,-0.34,-0.05,0.07,-0.02,-2.11,-2.45,9.565,9.624,9.732,9.79,10.01,9.71,9.91,9.71,-0.003,0.002,-0.008,0.0,0.0,-121.7552302,36.5875136,282.7
-7.7,0.7,0.0,0.01,0.44,-0.35,-0.11,0.17,-0.04,-2.11,-2.44,9.467,9.584,9.741,9.673,10.1,9.42,9.81,9.91,-0.003,0.002,-0.008,0.0,0.0,-121.7552302,36.5875136,282.75
-7.8,0.7,0.0,0.01,0.42,-0.32,-0.22,-0.0,0.32,-2.09,-2.45,9.476,9.584,9.682,9.692,10.1,9.71,9.61,9.81,-0.003,0.002,-0.008,0.0,0.0,-121.7552302,36.5875136,282.8
-7.8,0.7,0.0,0.01,0.39,-0.26,-0.31,0.32,-0.03,-2.11,-2.45,9.565,9.624,9.594,9.741,10.2,9.71,9.71,9.81,-0.003,0.002,-0.008,0.0,0.0,-121.7552302,36.5875136,282.85
-7.8,0.7,0.0,0.01,0.43,-0.36,-0.09,-0.08,-0.18,-2.11,-2.46,9.447,9.624,9.82,9.771,10.3,9.91,10.01,10.01,-0.003,0.002,-0.008,0.0,0.0,-121.7552302,36.5875136,282.9
-7.8,0.7,0.0,0.02,0.47,-0.35,-0.31,0.2,0.06,-2.1,-2.46,9.496,9.575,9.849,9.741,10.1,9.81,9.71,10.01,-0.003,0.002,-0.008,0.0,0.0,-121.7552302,36.5875137,282.95
-7.8,0.7,0.0,0.02,0.41,-0.39,0.14,0.2,0.18,-2.11,-2.45,9.535,9.565,9.879,9.643,10.3,9.71,9.81,9.91,-0.003,0.002,-0.008,0.0,0.0,-121.7552302,36.5875136,283.0
-7.8,0.7,0.0,0.02,0.41,-0.36,-0.18,0.04,0.28,-2.1,-2.45,9.457,9.545,9.82,9.722,10.4,9.61,9.81,9.71,-0.003,0.002,-0.008,0.0,0.01,-121.7552302,36.5875137,283.05
-7.7,0.7,0.4,0.02,0.39,-0.34,0.2,0.16,-0.17,-2.1,-2.46,9.457,9.584,9.79,9.624,10.1,9.91,9.91,10.1,-0.003,0.002,-0.008,0.0,0.01,-121.7552303,36.5875136,283.1
-7.8,0.7,0.4,0.02,0.37,-0.36,0.25,-0.13,0.27,-2.11,-2.45,9.604,9.604,9.83,9.575,10.1,9.71,9.81,10.01,-0.003,0.002,-0.008,0.0,0.01,-121.7552303,36.5875136,283.15
-7.8,0.7,0.0,0.02,0.42,-0.37,-0.26,0.14,0.03,-2.1,-2.44,9.565,9.624,9.722,9.604,10.1,10.01,9.91,9.81,-0.003,0.002,-0.008,0.0,0.0,-121.7552303,36.5875136,283.2
-7.8,0.7,0.0,0.02,0.43,-0.35,-0.15,-0.04,0.28,-2.1,-2.45,9.447,9.565,9.751,9.692,10.1,9.81,9.81,9.81,-0.003,0.002,-0.008,0.0,0.01,-121.7552303,36.5875136,283.25
-7.8,0.7,0.0,0.03,0.4,-0.37,0.17,0.07,-0.03,-2.1,-2.46,9.437,9.653,9.663,9.692,10.2,9.71,9.42,9.91,-0.003,0.002,-0.008,0.0,0.01,-121.7552303,36.5875136,283.3
-7.7,0.7,0.0,0.03,0.36,-0.31,-0.17,-0.21,0.45,-2.11,-2.45,9.457,9.712,9.624,9.741,10.2,9.42,9.61,9.91,-0.003,0.002,-0.008,0.0,0.01,-121.7552303,36.5875136,283.35
-7.8,0.7,0.0,0.03,0.4,-0.34,0.04,0.21,-0.26,-2.1,-2.46,9.467,9.653,9.761,9.849,10.3,9.81,9.71,9.81,-0.003,0.002,-0.008,0.0,0.01,-121.7552303,36.5875136,283.4
-7.8,0.7,0.0,0.03,0.42,-0.38,-0.27,-0.05,-0.08,-2.09,-2.46,9.369,9.604,9.741,9.692,10.1,9.81,9.71,9.71,-0.003,0.002,-0.008,0.0,0.01,-121.7552303,36.5875136,283.45
-7.8,0.7,0.0,0.03,0.43,-0.3,-0.34,-0.04,0.14,-2.08,-2.46,9.457,9.633,9.8,9.692,10.1,9.81,9.81,9.71,-0.003,0.002,-0.008,0.0,0.01,-121.7552303,36.5875136,283.5
-7.8,0.7,0.0,0.03,0.36,-0.37,0.04,-0.05,-0.21,-2.07,-2.45,9.467,9.604,9.633,9.673,10.2,9.81,9.81,9.71,-0.003,0.002,-0.008,0.0,0.01,-121.7552303,36.5875136,283.55
-7.8,0.7,0.0,0.03,0.42,-0.32,0.33,-0.19,0.28,-2.06,-2.45,9.535,9.584,9.751,9.81,10.2,9.81,9.81,10.01,-0.003,0.002,-0.008,0.0,0.01,-121.7552303,36.5875136,283.6
-7.8,0.7,0.0,-0.0,0.47,-0.34,0.31,0.12,-0.01,-2.05,-2.45,9.427,9.732,9.8,9.79,10.2,9.81,9.61,9.71,-0.003,0.002,-0.008,0.0,0.0,-121.7552303,36.5875136,283.65
-7.8,0.7,0.4,-0.0,0.41,-0.35,0.23,0.13,-0.28,-2.04,-2.45,9.408,9.545,9.663,9.722,10.1,9.71,9.71,9.81,-0.003,0.002,-0.008,0.0,0.0,-121.7552303,36.5875136,283.7
-7.8,0.7,0.4,-0.0,0.42,-0.36,0.11,0.03,0.2,-2.03,-2.45,9.535,9.575,9.8,9.643,10.2,9.71,9.81,10.01,-0.003,0.002,-0.008,0.0,0.0,-121.7552303,36.5875136,283.75
-7.8,0.7,0.4,-0.0,0.38,-0.34,-0.3,-0.26,0.09,-2.03,-2.45,9.526,9.692,9.977,9.81,10.3,9.71,9.91,10.01,-0.003,0.002,-0.008,0.0,0.0,-121.7552303,36.5875136,283.8
-7.8,0.7,0.0,0.0,0.4,-0.35,-0.07,0.31,0.04,-2.09,-2.45,9.467,9.722,9.79,9.741,10.2,9.71,9.42,9.71,-0.003,0.002,-0.008,0.0,0.0,-121.7552303,36.5875136,283.85
-7.8,0.7,0.0,0.0,0.47,-0.38,-0.27,0.11,-0.03,-2.07,-2.44,9.457,9.604,9.83,9.643,10.1,10.01,9.61,9.61,-0.003,0.002,-0.008,0.0,0.0,-121.7552303,36.5875136,283.9
-7.8,0.7,0.0,0.0,0.45,-0.36,-0.04,-0.13,0.26,-2.05,-2.43,9.545,9.555,9.83,9.722,10.2,9.52,9.81,9.81,-0.003,0.002,-0.008,0.0,-0.0,-121.7552303,36.5875136,283.95
-7.8,0.7,0.0,-0.0,0.38,-0.26,-0.22,0.18,-0.06,-2.04,-2.42,9.447,9.702,9.781,9.81,10.2,9.81,10.01,9.81,-0.003,0.002,-0.008,0.0,0.0,-121.7552303,36.5875136,284.0
-7.8,0.7,0.4,-0.0,0.44,-0.37,-0.04,0.12,0.02,-2.02,-2.41,9.378,9.663,9.702,9.722,10.2,9.61,9.61,10.01,-0.003,0.002,-0.008,0.0,0.0,-121.7552303,36.5875136,284.05
-7.8,0.7,0.0,-0.0,0.39,-0.41,0.26,-0.09,0.31,-2.11,-2.46,9.516,9.584,9.83,9.673,10.1,9.71,9.81,9.71,-0.003,0.002,-0.008,0.0,0.0,-121.7552303,36.5875136,284.1
-7.8,0.7,0.0,-0.0,0.45,-0.37,0.22,0.13,0.18,-2.11,-2.44,9.486,9.702,9.898,9.692,10.1,9.71,10.1,10.01,-0.003,0.002,-0.008,0.0,0.0,-121.7552303,36.5875136,284.15
-7.8,0.7,0.0,0.0,0.41,-0.4,-0.33,0.0,0.2,-2.11,-2.43,9.339,9.633,9.79,9.673,9.81,10.01,9.71,9.71,-0.003,0.002,-0.008,0.0,0.0,-121.7552303,36.5875136,284.2
-7.8,0.7,0.4,-0.0,0.36,-0.29,-0.07,0.26,-0.09,-2.1,-2.46,9.486,9.545,9.82,9.624,10.1,10.01,9.52,9.71,-0.003,0.002,-0.008,0.0,0.0,-121.7552303,36.5875136,284.25
-7.8,0.7,0.0,0.0,0.41,-0.39,-0.12,-0.12,-0.07,-2.11,-2.46,9.457,9.614,9.82,9.722,10.1,9.61,10.1,9.91,-0.003,0.002,-0.008,0.0,-0.0,-121.7552303,36.5875136,284.3
-7.8,0.7,0.0,-0.0,0.4,-0.34,0.31,-0.21,-0.0,-2.11,-2.46,9.408,9.663,9.82,9.741,9.81,9.91,9.61,9.81,-0.003,0.002,-0.008,0.0,0.0,-121.7552303,36.5875136,284.35
-7.8,0.7,0.0,-0.0,0.38,-0.34,0.24,0.07,-0.31,-2.1,-2.46,9.437,9.575,9.781,9.771,10.1,9.71,9.61,9.91,-0.003,0.002,-0.008,0.0,0.01,-121.7552303,36.5875136,284.4
-7.8,0.7,0.0,0.0,0.45,-0.35,-0.25,0.06,0.11,-2.11,-2.46,9.575,9.633,9.781,9.771,10.01,9.81,10.1,9.81,-0.003,0.002,-0.008,0.0,-0.0,-121.7552303,36.5875136,284.45
-7.8,0.7,0.0,0.0,0.39,-0.39,0.13,-0.34,0.03,-2.1,-2.47,9.467,9.643,9.8,9.692,10.3,9.81,9.61,9.91,-0.003,0.002,-0.008,0.0,0.0,-121.7552303,36.5875136,284.5
-7.8,0.7,0.0,0.0,0.42,-0.32,-0.42,-0.24,-0.29,-2.11,-2.46,9.496,9.545,9.81,9.692,10.01,10.01,9.81,9.81,-0.003,0.002,-0.008,0.0,-0.0,-121.7552303,36.5875136,284.55
-7.8,0.7,0.0,-0.0,0.39,-0.41,-0.32,0.17,-0.04,-2.1,-2.46,9.398,9.682,9.888,9.692,10.3,10.1,10.2,9.91,-0.003,0.002,-0.008,0.0,-0.0,-121.7552304,36.5875136,284.6
-7.8,0.7,0.0,0.0,0.42,-0.37,0.28,-0.09,0.18,-2.1,-2.46,9.388,9.624,9.967,9.722,10.2,9.81,9.61,9.81,-0.003,0.002,-0.008,0.0,0.0,-121.7552304,36.5875136,284.65
-7.8,0.7,0.0,0.0,0.42,-0.37,0.25,-0.26,-0.0,-2.11,-2.47,9.369,9.633,9.82,9.722,10.2,9.81,9.81,9.71,-0.003,0.002,-0.008,0.0,-0.0,-121.7552304,36.5875136,284.7
-7.8,0.7,0.0,0.01,0.45,-0.36,0.0,0.22,0.12,-2.1,-2.46,9.486,9.673,9.839,9.81,10.2,9.81,9.42,10.01,-0.003,0.002,-0.008,0.0,-0.0,-121.7552304,36.5875136,284.75
-7.8,0.7,0.0,0.01,0.38,-0.33,-0.14,-0.15,0.08,-2.09,-2.45,9.526,9.614,9.839,9.849,10.1,9.81,9.61,9.61,-0.003,0.002,-0.008,0.0,-0.0,-121.7552304,36.5875137,284.8
-7.8,0.7,0.0,0.01,0.4,-0.39,-0.08,-0.07,-0.39,-2.11,-2.46,9.526,9.624,9.692,9.79,10.2,9.71,9.91,9.91,-0.003,0.002,-0.008,0.0,-0.0,-121.7552304,36.5875137,284.85
-7.8,0.7,0.0,0.01,0.42,-0.34,-0.21,-0.1,0.02,-2.11,-2.46,9.408,9.633,9.722,9.692,10.4,9.71,9.71,9.81,-0.003,0.002,-0.008,0.0,-0.0,-121.7552304,36.5875137,284.9
-7.8,0.7,0.0,0.02,0.42,-0.38,0.16,0.2,0.04,-2.11,-2.46,9.418,9.614,9.839,9.771,10.01,9.81,9.91,9.71,-0.003,0.002,-0.008,0.0,-0.0,-121.7552304,36.5875137,284.95
-7.8,0.7,0.0,0.02,0.42,-0.34,-0.09,-0.13,0.24,-2.11,-2.45,9.349,9.604,9.83,9.741,10.3,9.71,10.01,9.81,-0.003,0.002,-0.008,0.0,-0.0,-121.7552304,36.5875137,285.0
-7.8,0.7,0.0,0.02,0.41,-0.37,0.18,-0.13,0.22,-2.09,-2.47,9.496,9.643,9.888,9.673,10.01,9.71,10.1,10.2,-0.003,0.002,-0.008,0.0,-0.0,-121.7552304,36.5875137,285.05
-7.8,0.7,0.0,0.02,0.41,-0.41,0.0,-0.09,0.21,-2.11,-2.46,9.418,9.673,9.869,9.673,10.4,9.81,9.81,10.01,-0.003,0.002,-0.008,0.0,-0.0,-121.7552304,36.5875137,285.1
-7.8,0.7,0.0,0.03,0.42,-0.33,-0.09,0.15,0.05,-2.11,-2.47,9.408,9.663,9.859,9.692,10.3,9.71,9.61,9.61,-0.003,0.002,-0.008,0.0,-0.0,-121.7552304,36.5875137,285.15
-7.8,0.7,0.0,0.03,0.4,-0.34,-0.09,-0.11,-0.09,-2.11,-2.48,9.437,9.594,9.79,9.692,10.1,9.91,9.81,10.01,-0.003,0.002,-0.008,0.0,-0.0,-121.7552304,36.5875137,285.2
-7.8,0.7,0.0,0.03,0.33,-0.39,0.18,-0.36,-0.12,-2.1,-2.46,9.476,9.604,9.918,9.741,10.2,9.61,9.91,9.91,-0.003,0.002,-0.008,0.0,-0.0,-121.7552304,36.5875137,285.25
-7.8,0.7,0.0,0.03,0.42,-0.32,0.06,0.01,0.03,-2.09,-2.46,9.545,9.575,9.918,9.722,10.3,9.61,9.52,9.81,-0.003,0.002,-0.008,0.0,-0.0,-121.7552304,36.5875137,285.3
-7.8,0.7,0.0,0.04,0.35,-0.32,0.06,0.17,-0.03,-2.09,-2.47,9.476,9.663,9.82,9.722,10.2,9.61,9.91,9.81,-0.003,0.002,-0.008,0.0,-0.0,-121.7552304,36.5875137,285.35
-7.8,0.7,0.0,0.04,0.41,-0.37,0.16,0.11,-0.0,-2.11,-2.46,9.437,9.594,9.839,9.79,9.81,9.61,9.81,9.81,-0.003,0.002,-0.008,0.0,-0.0,-121.7552304,36.5875137,285.4
-7.8,0.7,0.0,0.04,0.35,-0.33,0.18,-0.44,0.16,-2.11,-2.46,9.476,9.643,9.712,9.79,9.71,9.71,9.81,9.81,-0.003,0.002,-0.008,0.0,-0.0,-121.7552303,36.5875137,285.45
-7.8,0.7,0.0,0.04,0.38,-0.31,0.14,0.5,0.05,-2.09,-2.46,9.535,9.575,9.653,9.79,10.1,9.81,9.52,10.01,-0.003,0.002,-0.008,0.0,-0.0,-121.7552303,36.5875137,285.5
-7.8,0.7,0.0,0.04,0.41,-0.4,0.25,-0.15,0.07,-2.13,-2.47,9.476,9.653,9.771,9.741,10.2,9.42,10.1,10.01,-0.003,0.002,-0.008,0.0,-0.0,-121.7552303,36.5875137,285.55
-7.8,0.7,0.0,0.05,0.4,-0.34,-0.12,0.06,-0.24,-2.11,-2.46,9.476,9.614,9.692,9.673,10.3,9.71,10.1,10.01,-0.003,0.002,-0.008,0.0,-0.01,-121.7552303,36.5875137,285.6
-7.8,0.7,0.0,0.05,0.42,-0.36,-0.07,-0.04,-0.1,-2.11,-2.46,9.526,9.653,9.751,9.741,10.3,9.91,9.61,9.61,-0.003,0.002,-0.008,0.0,-0.0,-121.7552303,36.5875137,285.65
-7.8,0.7,0.0,0.05,0.41,-0.36,0.18,-0.03,-0.17,-2.11,-2.46,9.535,9.604,9.751,9.692,10.2,10.1,10.1,10.1,-0.003,0.002,-0.008,0.0,-0.0,-121.7552303,36.5875137,285.7
-7.8,0.7,0.0,0.05,0.42,-0.42,0.11,-0.2,0.28,-2.11,-2.46,9.496,9.584,9.771,9.692,10.1,9.81,9.91,9.91,-0.003,0.002,-0.008,0.0,-0.01,-121.7552303,36.5875137,285.75
-7.8,0.7,0.0,0.06,0.44,-0.38,0.11,-0.19,-0.3,-2.11,-2.46,9.486,9.663,9.839,9.771,10.1,10.01,9.91,9.71,-0.003,0.002,-0.008,0.0,-0.0,-121.7552303,36.5875137,285.8
-7.8,0.7,0.0,0.06,0.48,-0.39,0.03,-0.24,0.11,-2.11,-2.46,9.408,9.594,9.751,9.722,10.3,9.81,9.91,10.2,-0.003,0.002,-0.008,0.0,-0.01,-121.7552303,36.5875137,285.85
-7.8,0.7,0.0,0.06,0.41,-0.39,0.14,-0.15,-0.48,-2.11,-2.46,9.447,9.584,9.879,9.722,10.4,9.81,9.91,9.91,-0.003,0.002,-0.008,0.0,-0.01,-121.7552303,36.5875137,285.9
-7.8,0.7,0.0,0.06,0.46,-0.35,-0.12,-0.13,0.09,-2.11,-2.46,9.369,9.594,9.839,9.692,10.4,9.81,9.81,9.91,-0.003,0.002,-0.008,0.0,-0.01,-121.7552303,36.5875137,285.95
-7.8,0.7,0.0,0.07,0.46,-0.34,-0.24,0.08,-0.13,-2.09,-2.46,9.496,9.584,9.859,9.741,10.3,9.71,10.01,10.1,-0.003,0.002,-0.008,0.0,-0.01,-121.7552303,36.5875137,286.0
-7.7,0.7,0.4,0.07,0.41,-0.34,0.07,-0.18,0.08,-2.11,-2.46,9.496,9.614,9.82,9.692,10.01,9.81,9.91,9.61,-0.003,0.002,-0.008,0.0,-0.01,-121.7552303,36.5875137,286.05
-7.8,0.7,0.0,0.07,0.43,-0.36,-0.14,0.37,-0.08,-2.09,-2.46,9.467,9.633,9.8,9.771,10.3,9.52,9.81,9.61,-0.003,0.002,-0.008,0.0,-0.01,-121.7552303,36.5875137,286.1
-7.8,0.7,0.4,0.07,0.36,-0.34,0.03,0.11,0.41,-2.1,-2.46,9.506,9.535,9.653,9.624,10.2,9.91,9.61,9.52,-0.003,0.002,-0.008,0.0,-0.01,-121.7552303,36.5875137,286.15
-7.8,0.7,0.4,0.08,0.42,-0.29,0.1,0.08,0.4,-2.09,-2.46,9.447,9.673,9.741,9.79,9.91,9.81,9.71,9.91,-0.003,0.002,-0.008,0.0,-0.01,-121.7552303,36.5875137,286.2
-7.8,0.7,0.4,0.08,0.39,-0.32,-0.07,-0.19,0.07,-2.09,-2.47,9.555,9.526,9.771,9.722,10.1,9.81,9.61,10.2,-0.003,0.002,-0.008,0.0,-0.01,-121.7552303,36.5875137,286.25
-7.8,0.7,0.4,0.08,0.4,-0.34,-0.22,0.19,-0.04,-2.09,-2.46,9.476,9.584,9.741,9.771,10.3,10.01,9.81,10.01,-0.003,0.002,-0.008,0.0,-0.01,-121.7552303,36.5875137,286.3
-7.8,0.7,0.4,0.08,0.38,-0.36,-0.19,-0.12,-0.31,-2.1,-2.46,9.526,9.633,9.741,9.741,10.2,9.81,9.91,9.91,-0.003,0.002,-0.008,0.0,-0.01,-121.7552303,36.5875137,286.35
-7.8,0.7,0.4,0.09,0.4,-0.33,-0.58,0.11,0.1,-2.09,-2.46,9.486,9.673,9.702,9.81,10.2,9.61,9.81,9.91,-0.003,0.002,-0.008,0.0,-0.01,-121.7552303,36.5875137,286.4
-7.8,0.7,0.4,0.09,0.43,-0.33,-0.2,0.02,-0.32,-2.09,-2.46,9.506,9.486,9.732,9.79,10.5,9.81,9.91,10.01,-0.003,0.002,-0.008,0.0,-0.01,-121.7552303,36.5875137,286.45
-7.8,0.7,0.4,0.09,0.4,-0.39,0.09,0.1,0.09,-2.09,-2.46,9.486,9.614,9.81,9.771,10.1,9.91,9.81,10.3,-0.003,0.002,-0.008,0.0,-0.01,-121.7552303,36.5875137,286.5
-7.8,0.7,0.4,0.09,0.43,-0.4,0.14,-0.13,0.04,-2.11,-2.46,9.535,9.624,9.879,9.722,10.1,9.71,9.81,10.1,-0.003,0.002,-0.008,0.0,-0.01,-121.7552303,36.5875137,286.55
-7.8,0.7,0.4,0.1,0.36,-0.38,-0.16,0.26,0.08,-2.08,-2.46,9.418,9.594,9.8,9.771,10.3,9.81,9.81,9.81,-0.003,0.002,-0.008,0.0,-0.01,-121.7552303,36.5875137,286.6
-7.8,0.7,0.4,0.1,0.41,-0.33,0.35,0.11,-0.03,-2.09,-2.46,9.506,9.565,9.79,9.771,10.01,10.1,9.91,9.91,-0.003,0.002,-0.008,0.0,-0.01,-121.7552303,36.5875137,286.65
-7.8,0.7,0.4,0.1,0.42,-0.35,0.02,0.24,-0.09,-2.09,-2.48,9.516,9.516,9.741,9.771,10.1,9.71,9.42,9.91,-0.003,0.002,-0.008,0.0,-0.01,-121.7552303,36.5875137,286.7
-7.8,0.7,0.4,0.1,0.42,-0.39,0.03,-0.35,0.02,-2.11,-2.46,9.526,9.555,9.81,9.741,10.1,9.71,9.81,9.91,-0.003,0.002,-0.008,0.0,-0.01,-121.7552303,36.5875136,286.75
-7.8,0.7,0.4,0.1,0.38,-0.38,0.09,-0.28,-0.04,-2.08,-2.46,9.496,9.594,9.771,9.79,10.01,9.61,9.91,9.81,-0.003,0.002,-0.008,0.0,-0.01,-121.7552303,36.5875136,286.8
-7.8,0.7,0.4,0.11,0.47,-0.38,-0.04,0.06,0.15,-2.07,-2.47,9.506,9.673,9.859,9.741,9.81,9.71,9.52,9.71,-0.003,0.002,-0.008,0.0,-0.01,-121.7552303,36.5875136,286.85
-7.8,0.7,0.4,0.11,0.4,-0.37,0.29,0.01,-0.01,-2.05,-2.47,9.398,9.614,9.859,9.771,10.1,10.01,9.42,9.71,-0.003,0.002,-0.008,0.0,-0.01,-121.7552303,36.5875136,286.9
-7.8,0.7,0.4,0.11,0.42,-0.39,-0.05,0.41,0.18,-2.04,-2.48,9.408,9.614,9.849,9.849,10.2,9.81,9.61,9.61,-0.003,0.002,-0.008,0.0,-0.01,-121.7552303,36.5875136,286.95
-7.8,0.7,0.4,0.11,0.4,-0.35,0.2,-0.07,0.22,-2.02,-2.48,9.506,9.653,9.81,9.771,10.3,9.71,9.81,10.2,-0.003,0.002,-0.008,0.0,-0.01,-121.7552303,36.5875136,287.0
-7.8,0.7,0.4,0.12,0.41,-0.37,-0.31,0.07,-0.04,-2.01,-2.49,9.506,9.663,9.849,9.79,10.1,9.71,9.81,9.71,-0.003,0.002,-0.008,0.0,-0.01,-121.7552303,36.5875136,287.05
-7.8,0.7,0.4,0.12,0.44,-0.33,0.22,0.04,0.08,-2.09,-2.46,9.496,9.545,9.702,9.741,9.81,9.91,9.52,9.81,-0.003,0.002,-0.008,0.0,-0.01,-121.7552303,36.5875136,287.1
-7.8,0.7,0.4,0.12,0.39,-0.34,-0.1,0.33,0.24,-2.09,-2.46,9.486,9.624,9.722,9.722,10.01,9.91,9.71,10.01,-0.003,0.002,-0.008,0.0,-0.01,-121.7552303,36.5875136,287.15
-7.8,0.7,0.4,0.12,0.43,-0.33,-0.42,-0.14,0.06,-2.08,-2.45,9.506,9.594,9.741,9.771,10.1,10.01,9.81,9.91,-0.003,0.002,-0.008,0.0,-0.01,-121.7552303,36.5875136,287.2
-7.8,0.7,0.4,0.12,0.37,-0.39,0.19,-0.19,-0.2,-2.06,-2.44,9.486,9.575,9.839,9.722,10.1,9.61,9.61,9.91,-0.003,0.002,-0.008,0.0,-0.01,-121.7552303,36.5875136,287.25
-7.8,0.7,0.4,0.13,0.46,-0.37,-0.08,0.21,-0.08,-2.09,-2.46,9.555,9.594,9.81,9.673,10.1,9.61,9.81,10.01,-0.003,0.002,-0.008,0.0,-0.01,-121.7552303,36.5875136,287.3
-7.8,0.7,0.4,0.13,0.4,-0.38,-0.17,0.3,-0.04,-2.08,-2.47,9.496,9.584,9.859,9.722,10.3,9.81,9.61,9.91,-0.003,0.002,-0.008,0.0,-0.01,-121.7552303,36.5875136,287.35
-7.8,0.7,0.4,0.13,0.4,-0.32,-0.14,-0.05,-0.04,-2.09,-2.46,9.516,9.584,9.8,9.898,10.01,9.61,9.61,9.71,-0.003,0.002,-0.008,0.0,-0.01,-121.7552303,36.5875136,287.4
-7.8,0.7,0.4,-0.0,0.4,-0.34,-0.02,0.32,-0.08,-2.09,-2.46,9.575,9.614,9.79,9.79,10.1,9.81,9.91,9.91,-0.003,0.002,-0.008,0.0,0.0,-121.7552303,36.5875136,287.45
-7.8,0.7,0.4,0.0,0.42,-0.32,-0.14,-0.24,-0.18,-2.11,-2.46,9.496,9.624,9.849,9.771,9.81,9.71,10.01,10.01,-0.003,0.002,-0.008,0.0,-0.0,-121.7552303,36.5875136,287.5
-7.8,0.7,0.4,0.0,0.44,-0.4,0.14,0.18,-0.34,-2.09,-2.46,9.506,9.584,9.741,9.692,10.1,9.91,9.91,9.71,-0.003,0.002,-0.008,0.0,0.0,-121.7552303,36.5875136,287.55
-7.8,0.7,0.4,0.0,0.45,-0.33,-0.09,-0.21,0.24,-2.1,-2.46,9.594,9.496,9.839,9.692,10.3,9.81,9.91,10.1,-0.003,0.002,-0.008,0.0,-0.0,-121.7552303,36.5875136,287.6
-7.7,0.7,0.4,-0.0,0.45,-0.39,0.28,-0.42,-0.31,-2.11,-2.46,9.565,9.633,9.741,9.673,10.1,10.01,10.1,10.01,-0.003,0.002,-0.008,0.0,0.0,-121.7552303,36.5875136,287.65
-7.8,0.7,0.4,-0.0,0.38,-0.34,0.02,-0.29,-0.17,-2.09,-2.46,9.447,9.624,9.82,9.673,10.2,9.81,9.61,9.81,-0.003,0.002,-0.008,0.0,0.0,-121.7552303,36.5875136,287.7
-7.8,0.7,0.4,-0.0,0.41,-0.34,-0.16,-0.17,0.04,-2.06,-2.46,9.486,9.614,9.82,9.624,10.01,9.81,9.61,9.81,-0.003,0.002,-0.008,0.0,0.0,-121.7552303,36.5875136,287.75
-7.8,0.7,0.4,-0.0,0.44,-0.35,-0.48,-0.07,0.18,-2.04,-2.47,9.457,9.545,9.682,9.673,10.2,9.81,10.01,9.91,-0.003,0.002,-0.008,0.0,0.0,-121.7552303,36.5875136,287.8
-7.8,0.7,0.4,0.0,0.38,-0.39,0.06,-0.33,0.17,-2.01,-2.47,9.398,9.663,9.839,9.771,10.4,9.91,9.71,9.81,-0.003,0.002,-0.008,0.0,-0.0,-121.7552303,36.5875136,287.85
-7.8,0.7,0.4,0.0,0.43,-0.36,-0.25,0.02,-0.31,-1.99,-2.47,9.535,9.555,9.869,9.741,10.01,9.61,9.81,9.71,-0.003,0.002,-0.008,0.0,-0.0,-121.7552303,36.5875136,287.9
-7.8,0.7,0.4,-0.0,0.46,-0.37,0.05,-0.07,0.16,-1.97,-2.47,9.398,9.584,9.839,9.722,10.2,9.81,9.91,10.01,-0.003,0.002,-0.008,0.0,0.0,-121.7552303,36.5875136,287.95
-7.8,0.7,0.4,-0.0,0.38,-0.34,0.12,0.02,-0.02,-1.94,-2.48,9.437,9.555,9.859,9.79,9.91,9.61,9.81,9.81,-0.003,0.002,-0.008,0.0,0.0,-121.7552303,36.5875136,288.0
-7.8,0.7,0.4,-0.0,0.42,-0.37,0.11,-0.18,0.02,-1.92,-2.48,9.526,9.594,9.81,9.722,10.3,9.91,9.61,9.61,-0.003,0.002,-0.008,0.0,0.0,-121.7552303,36.5875136,288.05
-7.8,0.7,0.4,0.0,0.41,-0.34,-0.05,0.26,-0.25,-2.09,-2.46,9.447,9.624,9.79,9.722,10.2,9.91,9.91,9.91,-0.003,0.002,-0.008,0.0,0.0,-121.7552303,36.5875136,288.1
-7.8,0.7,0.4,0.0,0.48,-0.4,-0.1,0.07,0.15,-2.08,-2.47,9.506,9.545,9.79,9.722,10.1,9.91,9.91,9.91,-0.003,0.002,-0.008,0.0,0.01,-121.7552303,36.5875136,288.15
-7.8,0.7,0.4,0.0,0.38,-0.35,-0.06,0.04,-0.26,-2.07,-2.49,9.476,9.624,9.81,9.673,10.2,9.71,9.52,9.81,-0.003,0.002,-0.008,0.0,0.01,-121.7552303,36.5875136,288.2
-7.8,0.7,0.4,0.0,0.41,-0.35,-0.14,0.02,-0.07,-2.05,-2.5,9.447,9.604,9.79,9.849,10.3,9.91,9.52,9.91,-0.003,0.002,-0.008,0.0,0.01,-121.7552303,36.5875136,288.25
-7.8,0.7,0.4,0.0,0.41,-0.35,0.24,-0.03,-0.1,-2.04,-2.51,9.467,9.594,9.761,9.771,10.1,9.81,9.91,9.81,-0.003,0.002,-0.008,0.0,0.01,-121.7552303,36.5875136,288.3
-7.8,0.7,0.4,0.0,0.39,-0.34,0.03,0.43,-0.1,-2.03,-2.52,9.437,9.584,9.81,9.81,10.3,9.61,9.71,10.01,-0.003,0.002,-0.008,0.0,0.01,-121.7552303,36.5875136,288.35
-7.8,0.7,0.4,0.0,0.39,-0.36,-0.22,0.26,0.02,-2.02,-2.54,9.486,9.555,9.722,9.79,10.2,9.81,9.81,9.91,-0.003,0.002,-0.008,0.0,0.01,-121.7552303,36.5875136,288.4
-7.8,0.7,0.4,0.0,0.4,-0.37,-0.06,-0.16,0.16,-2.0,-2.55,9.467,9.575,9.81,9.673,10.01,9.61,9.71,10.3,-0.003,0.002,-0.008,0.0,0.01,-121.7552303,36.5875136,288.45
-7.8,0.7,0.4,0.0,0.42,-0.37,-0.22,0.0,-0.01,-1.99,-2.56,9.506,9.633,9.81,9.624,9.91,9.91,9.81,10.01,-0.003,0.002,-0.008,0.0,0.01,-121.7552303,36.5875136,288.5
-7.8,0.7,0.4,0.0,0.43,-0.37,-0.04,-0.02,0.04,-1.98,-2.58,9.427,9.624,9.83,9.722,10.1,9.61,9.61,9.71,-0.003,0.002,-0.008,0.0,0.02,-121.7552303,36.5875136,288.55
-7.8,0.7,0.4,0.0,0.45,-0.38,-0.04,0.12,-0.25,-1.96,-2.59,9.486,9.604,9.869,9.673,10.1,9.91,9.61,9.81,-0.003,0.002,-0.008,0.0,0.02,-121.7552303,36.5875136,288.6
-7.8,0.7,0.4,-0.0,0.4,-0.34,0.31,0.3,0.07,-2.09,-2.46,9.476,9.633,9.741,9.771,10.1,9.81,9.71,9.61,-0.003,0.002,-0.008,0.0,0.02,-121.7552303,36.5875136,288.65
-7.8,0.7,0.4,-0.0,0.4,-0.37,-0.03,0.41,0.04,-2.09,-2.47,9.545,9.535,9.83,9.741,10.2,9.91,9.81,9.71,-0.003,0.002,-0.008,0.0,0.02,-121.7552303,36.5875136,288.7
-7.8,0.7,0.4,-0.0,0.42,-0.3,-0.0,0.05,-0.2,-2.09,-2.48,9.565,9.633,9.624,9.643,10.1,9.81,9.81,9.91,-0.003,0.002,-0.008,0.0,0.02,-121.7552303,36.5875136,288.75
-7.8,0.7,0.4,0.0,0.39,-0.32,-0.78,-0.29,0.02,-2.08,-2.49,9.526,9.575,9.79,9.81,9.91,9.71,10.01,10.01,-0.003,0.002,-0.008,0.0,-0.0,-121.7552303,36.5875136,288.8
-7.8,0.7,0.4,0.0,0.41,-0.36,-0.11,0.04,-0.18,-2.08,-2.5,9.476,9.633,9.781,9.771,9.91,9.52,9.91,9.91,-0.003,0.002,-0.008,0.0,-0.0,-121.7552303,36.5875136,288.85
-7.8,0.7,0.4,-0.0,0.39,-0.39,-0.02,0.08,0.09,-2.07,-2.51,9.447,9.565,9.859,9.722,10.3,9.81,9.91,9.71,-0.003,0.002,-0.008,0.0,0.0,-121.7552303,36.5875136,288.9
-7.8,0.7,0.4,-0.0,0.42,-0.36,-0.1,-0.02,0.01,-2.09,-2.46,9.496,9.643,9.849,9.673,10.1,9.71,9.71,9.91,-0.003,0.002,-0.008,0.0,0.0,-121.7552303,36.5875136,288.95
-7.8,0.7,0.4,-0.0,0.41,-0.35,0.09,-0.17,0.13,-2.09,-2.46,9.633,9.545,9.859,9.771,10.01,9.71,9.91,10.01,-0.003,0.002,-0.008,0.0,0.0,-121.7552303,36.5875137,289.0
-7.8,0.7,0.4,-0.0,0.48,-0.37,-0.25,-0.06,-0.14,-2.09,-2.46,9.496,9.565,9.741,9.771,10.01,9.81,9.91,10.1,-0.003,0.002,-0.008,0.0,0.0,-121.7552303,36.5875137,289.05
-7.8,0.7,0.4,-0.0,0.41,-0.37,0.06,-0.33,0.29,-2.11,-2.46,9.516,9.535,9.839,9.692,10.1,9.61,10.1,9.61,-0.003,0.002,-0.008,0.0,0.0,-121.7552303,36.5875137,289.1
-7.8,0.7,0.4,-0.0,0.41,-0.38,-0.19,-0.33,0.06,-2.1,-2.46,9.506,9.565,9.81,9.673,9.91,9.71,9.61,9.91,-0.003,0.002,-0.008,0.0,0.0,-121.7552303,36.5875137,289.15
-7.8,0.7,0.4,-0.0,0.37,-0.36,0.12,0.16,-0.14,-2.1,-2.46,9.447,9.594,9.81,9.741,10.1,9.61,9.81,9.61,-0.003,0.002,-0.008,0.0,0.01,-121.7552303,36.5875137,289.2
-7.8,0.7,0.4,-0.0,0.44,-0.34,-0.1,-0.28,-0.15,-2.1,-2.46,9.476,9.624,9.741,9.771,10.1,9.61,9.81,9.91,-0.003,0.002,-0.008,0.0,0.01,-121.7552303,36.5875137,289.25
-7.8,0.7,0.4,-0.0,0.39,-0.42,0.42,-0.01,-0.25,-2.09,-2.46,9.535,9.584,9.722,9.722,10.2,9.91,10.01,9.71,-0.003,0.002,-0.008,0.0,0.01,-121.7552303,36.5875136,289.3
-7.8,0.7,0.4,-0.01,0.4,-0.34,0.09,-0.12,-0.0,-2.09,-2.46,9.565,9.604,9.771,9.771,10.1,9.71,9.91,9.91,-0.003,0.002,-0.008,0.0,0.01,-121.7552303,36.5875136,289.35
-7.8,0.7,0.4,-0.01,0.43,-0.39,0.27,-0.38,-0.11,-2.1,-2.46,9.467,9.624,9.732,9.692,10.01,10.01,9.81,10.01,-0.003,0.002,-0.008,0.0,0.02,-121.7552303,36.5875136,289.4
-7.8,0.7,0.4,-0.01,0.43,-0.39,-0.19,-0.48,0.12,-2.11,-2.46,9.467,9.633,9.859,9.643,10.01,9.91,10.2,9.81,-0.003,0.002,-0.008,0.0,0.02,-121.7552303,36.5875136,289.45
-7.7,0.7,0.4,-0.01,0.4,-0.42,-0.33,-0.17,0.12,-2.09,-2.47,9.457,9.624,9.81,9.771,10.01,9.71,9.71,9.71,-0.003,0.002,-0.008,0.0,0.02,-121.7552303,36.5875136,289.5
-7.8,0.7,0.4,-0.01,0.4,-0.36,-0.1,0.05,-0.38,-2.09,-2.46,9.437,9.575,9.81,9.722,10.4,9.61,9.81,9.61,-0.003,0.002,-0.008,0.0,0.02,-121.7552303,36.5875137,289.55
-7.8,0.7,0.4,-0.01,0.39,-0.35,-0.18,0.05,0.1,-2.09,-2.47,9.467,9.614,9.741,9.673,10.2,9.71,10.1,9.81,-0.003,0.002,-0.008,0.0,0.02,-121.7552303,36.5875137,289.6
-7.8,0.7,0.4,-0.01,0.41,-0.35,0.03,0.51,0.36,-2.09,-2.46,9.476,9.624,9.771,9.741,9.91,9.91,9.61,10.1,-0.003,0.002,-0.008,0.0,0.03,-121.7552303,36.5875137,289.65
-7.8,0.7,0.4,-0.01,0.4,-0.32,-0.05,-0.11,-0.16,-2.09,-2.46,9.526,9.663,9.8,9.81,10.4,9.61,9.91,9.71,-0.003,0.002,-0.008,0.0,0.03,-121.7552303,36.5875137,289.7
-7.8,0.7,0.4,-0.01,0.4,-0.35,0.04,-0.01,-0.22,-2.07,-2.47,9.545,9.535,9.849,9.692,10.3,9.91,9.91,10.01,-0.003,0.002,-0.008,0.0,0.03,-121.7552303,36.5875137,289.75
-7.8,0.7,0.4,-0.02,0.42,-0.39,-0.03,-0.21,-0.06,-2.11,-2.46,9.526,9.575,9.839,9.79,10.3,9.81,9.71,10.1,-0.003,0.002,-0.008,0.0,0.03,-121.7552303,36.5875137,289.8
-7.8,0.7,0.4,-0.02,0.4,-0.4,0.29,-0.36,0.04,-2.11,-2.46,9.526,9.575,9.918,9.722,10.01,9.71,10.01,9.81,-0.003,0.002,-0.008,0.0,0.03,-121.7552303,36.5875137,289.85
-7.8,0.7,0.4,-0.02,0.44,-0.34,0.11,0.02,0.11,-2.08,-2.46,9.447,9.624,9.83,9.692,10.01,9.71,9.61,9.71,-0.003,0.002,-0.008,0.0,0.04,-121.7552303,36.5875137,289.9
-7.8,0.7,0.4,-0.02,0.42,-0.38,0.26,-0.1,-0.01,-2.09,-2.46,9.526,9.604,9.898,9.81,10.01,9.61,9.71,9.91,-0.003,0.002,-0.008,0.0,0.04,-121.7552303,36.5875137,289.95
-7.8,0.7,0.4,-0.02,0.41,-0.37,0.31,0.18,-0.19,-2.09,-2.46,9.476,9.614,9.741,9.692,10.3,9.61,10.1,9.71,-0.003,0.002,-0.008,0.0,0.04,-121.7552303,36.5875137,290.0
-7.8,0.7,0.4,-0.02,0.41,-0.37,-0.04,0.01,0.06,-2.08,-2.45,9.496,9.526,9.712,9.741,10.1,9.81,9.52,9.71,-0.003,0.002,-0.008,0.0,0.04,-121.7552303,36.5875137,290.05
-7.8,0.7,0.4,-0.02,0.45,-0.34,0.07,0.08,0.17,-2.06,-2.44,9.476,9.692,9.751,9.673,10.01,9.91,9.91,10.2,-0.003,0.002,-0.008,0.0,0.05,-121.7552303,36.5875137,290.1
-7.8,0.7,0.4,-0.02,0.39,-0.36,0.12,0.0,-0.29,-2.04,-2.43,9.506,9.575,9.761,9.741,10.1,9.81,9.71,10.01,-0.003,0.002,-0.008,0.0,0.05,-121.7552303,36.5875137,290.15
-7.8,0.7,0.4,0.0,0.41,-0.36,0.05,-0.38,-0.12,-2.11,-2.46,9.486,9.565,9.761,9.741,10.3,9.71,9.81,9.91,-0.003,0.002,-0.008,0.0,-0.0,-121.7552303,36.5875137,290.2
-7.8,0.7,0.4,-0.0,0.42,-0.38,0.01,-0.09,0.43,-2.11,-2.46,9.437,9.624,9.81,9.624,10.1,10.01,9.81,9.81,-0.003,0.002,-0.008,0.0,-0.0,-121.7552303,36.5875137,290.25
-7.8,0.7,0.4,-0.0,0.43,-0.37,0.29,0.01,-0.29,-2.11,-2.46,9.398,9.643,9.869,9.643,10.2,9.71,9.61,9.52,-0.003,0.002,-0.008,0.0,0.0,-121.7552303,36.5875137,290.3
-7.8,0.7,0.4,0.0,0.42,-0.38,-0.35,0.19,-0.02,-2.11,-2.46,9.486,9.594,9.869,9.741,10.2,9.81,9.91,9.81,-0.003,0.002,-0.008,0.0,-0.0,-121.7552303,36.5875137,290.35
-7.8,0.7,0.4,-0.0,0.43,-0.36,0.26,0.18,-0.05,-2.15,-2.47,9.447,9.643,9.751,9.741,10.01,9.71,9.81,9.61,-0.003,0.002,-0.008,0.0,0.0,-121.7552303,36.5875137,290.4
-7.8,0.7,0.4,0.0,0.36,-0.35,0.13,0.14,0.03,-2.18,-2.48,9.584,9.545,9.751,9.741,10.01,9.71,9.71,9.91,-0.003,0.002,-0.008,0.0,-0.0,-121.7552303,36.5875137,290.45
-7.8,0.7,0.4,0.0,0.42,-0.34,-0.05,0.56,0.1,-2.09,-2.46,9.457,9.633,9.702,9.722,10.2,10.1,9.81,9.81,-0.003,0.002,-0.008,0.0,-0.0,-121.7552303,36.5875137,290.5
-7.8,0.7,0.4,0.0,0.41,-0.34,-0.32,-0.13,-0.26,-2.12,-2.45,9.447,9.565,9.8,9.643,10.1,9.81,9.81,10.01,-0.003,0.002,-0.008,0.0,-0.0,-121.7552303,36.5875137,290.55
-7.8,0.7,0.4,-0.0,0.4,-0.36,-0.0,-0.24,-0.15,-2.11,-2.46,9.447,9.624,9.8,9.722,10.3,9.81,10.01,9.81,-0.003,0.002,-0.008,0.0,-0.0,-121.7552303,36.5875136,290.6
-7.8,0.7,0.4,-0.0,0.38,-0.34,0.09,0.03,-0.1,-2.12,-2.47,9.496,9.565,9.908,9.79,10.1,9.81,9.81,9.71,-0.003,0.002,-0.008,0.0,-0.0,-121.7552303,36.5875136,290.65
-7.8,0.7,0.4,-0.0,0.41,-0.35,0.13,-0.23,-0.12,-2.11,-2.47,9.496,9.633,9.839,9.771,10.2,9.91,9.71,9.71,-0.003,0.002,-0.008,0.0,-0.0,-121.7552303,36.5875136,290.7
-7.8,0.7,0.4,-0.01,0.4,-0.35,0.23,-0.05,0.23,-2.1,-2.45,9.447,9.663,9.82,9.722,10.2,9.81,10.01,10.2,-0.003,0.002,-0.008,0.0,-0.0,-121.7552303,36.5875136,290.75
-7.8,0.7,0.4,-0.01,0.44,-0.38,0.23,0.07,0.3,-2.1,-2.46,9.447,9.702,9.722,9.692,10.2,9.81,9.61,9.91,-0.003,0.002,-0.008,0.0,-0.0,-121.7552303,36.5875136,290.8
-7.8,0.7,0.4,-0.01,0.39,-0.32,0.24,-0.17,-0.02,-2.11,-2.46,9.378,9.663,9.849,9.741,10.1,9.61,9.52,9.61,-0.003,0.002,-0.008,0.0,-0.0,-121.7552303,36.5875136,290.85
-7.8,0.7,0.4,-0.01,0.46,-0.39,0.05,0.35,0.35,-2.09,-2.46,9.496,9.584,9.849,9.771,10.3,9.91,9.71,10.01,-0.003,0.002,-0.008,0.0,-0.0,-121.7552303,36.5875136,290.9
-7.7,0.7,0.4,-0.01,0.4,-0.35,0.04,0.15,0.18,-2.11,-2.47,9.447,9.643,9.849,9.741,10.2,9.52,9.42,10.01,-0.003,0.002,-0.008,0.0,-0.0,-121.7552303,36.5875136,290.95
-7.8,0.7,0.4,-0.01,0.41,-0.37,0.13,-0.08,-0.05,-2.1,-2.45,9.467,9.614,9.839,9.771,10.2,9.91,9.81,9.71,-0.003,0.002,-0.008,0.0,-0.0,-121.7552303,36.5875136,291.0
-7.8,0.7,0.4,-0.02,0.45,-0.35,0.03,0.26,0.13,-2.11,-2.47,9.457,9.614,9.781,9.673,10.1,9.81,9.81,10.01,-0.003,0.002,-0.008,0.0,-0.0,-121.7552303,36.5875136,291.05
-7.8,0.7,0.4,-0.02,0.43,-0.36,-0.24,-0.38,0.37,-2.11,-2.46,9.476,9.653,9.781,9.692,10.2,9.71,9.71,10.1,-0.003,0.002,-0.008,0.0,-0.01,-121.7552303,36.5875136,291.1
-7.8,0.7,0.4,-0.02,0.42,-0.31,-0.16,-0.05,-0.22,-2.11,-2.47,9.437,9.614,9.781,9.79,10.1,9.81,9.81,9.81,-0.003,0.002,-0.008,0.0,-0.01,-121.7552303,36.5875136,291.15
-7.8,0.7,0.4,-0.02,0.43,-0.37,0.01,0.09,0.21,-2.1,-2.47,9.516,9.633,9.781,9.692,10.01,9.61,9.71,9.91,-0.003,0.002,-0.008,0.0,-0.01,-121.7552303,36.5875136,291.2
-7.8,0.7,0.4,-0.02,0.41,-0.36,-0.19,0.0,-0.12,-2.1,-2.46,9.535,9.584,9.722,9.771,10.2,10.3,9.61,10.1,-0.003,0.002,-0.008,0.0,-0.01,-121.7552303,36.5875136,291.25
-7.8,0.7,0.4,-0.02,0.43,-0.35,-0.33,-0.03,0.06,-2.1,-2.47,9.457,9.594,9.732,9.624,10.4,9.91,9.81,9.81,-0.003,0.002,-0.008,0.0,-0.01,-121.7552303,36.5875136,291.3
-7.8,0.7,0.4,-0.02,0.43,-0.37,-0.13,-0.01,-0.0,-2.1,-2.47,9.467,9.633,9.741,9.692,10.1,9.81,9.91,9.91,-0.003,0.002,-0.008,0.0,-0.01,-121.7552303,36.5875136,291.35
-7.8,0.7,0.4,-0.03,0.39,-0.36,0.01,-0.56,-0.29,-2.1,-2.47,9.457,9.575,9.83,9.79,10.3,9.81,9.91,9.91,-0.003,0.002,-0.008,0.0,-0.01,-121.7552303,36.5875136,291.4
-7.8,0.7,0.4,-0.03,0.43,-0.37,-0.13,0.06,-0.18,-2.1,-2.47,9.408,9.604,9.81,9.771,10.1,9.91,9.91,9.71,-0.003,0.002,-0.008,0.0,-0.01,-121.7552303,36.5875136,291.45
-7.8,0.7,0.4,-0.03,0.39,-0.34,0.07,-0.02,-0.1,-2.11,-2.46,9.447,9.555,9.879,9.741,10.01,10.1,9.61,9.91,-0.003,0.002,-0.008,0.0,-0.01,-121.7552303,36.5875136,291.5
-7.8,0.7,0.4,-0.03,0.42,-0.36,-0.0,-0.18,-0.1,-2.1,-2.47,9.476,9.584,9.839,9.771,10.1,9.81,9.61,9.81,-0.003,0.002,-0.008,0.0,-0.01,-121.7552303,36.5875136,291.55
-7.8,0.7,0.4,-0.03,0.5,-0.47,-0.32,0.18,-0.19,-2.1,-2.47,9.467,9.584,9.82,9.849,10.1,9.81,9.52,9.81,-0.003,0.002,-0.008,0.0,-0.01,-121.7552303,36.5875136,291.6
-7.8,0.7,0.4,-0.03,0.43,-0.39,0.11,-0.12,0.03,-2.11,-2.47,9.457,9.624,9.879,9.849,10.1,9.61,9.81,9.71,-0.003,0.002,-0.008,0.0,-0.01,-121.7552303,36.5875136,291.65
-7.8,0.7,0.4,-0.03,0.42,-0.36,0.1,0.24,0.18,-2.11,-2.47,9.408,9.663,9.82,9.722,10.3,9.91,9.81,10.1,-0.003,0.002,-0.008,0.0,-0.01,-121.7552303,36.5875136,291.7
-7.8,0.7,0.4,-0.04,0.42,-0.34,0.4,-0.18,-0.1,-2.11,-2.47,9.437,9.663,9.761,9.79,10.1,9.81,9.61,9.81,-0.003,0.002,-0.008,0.0,-0.01,-121.7552303,36.5875136,291.75
-7.8,0.7,0.4,-0.04,0.4,-0.33,0.0,0.09,-0.27,-2.1,-2.47,9.506,9.594,9.732,9.722,10.3,9.81,9.81,10.01,-0.003,0.002,-0.008,0.0,-0.01,-121.7552303,36.5875136,291.8
-7.8,0.7,0.4,-0.04,0.41,-0.34,0.04,-0.26,-0.14,-2.11,-2.47,9.467,9.584,9.849,9.771,10.01,9.81,9.81,9.91,-0.003,0.002,-0.008,0.0,-0.01,-121.7552303,36.5875136,291.85
-7.8,0.7,0.4,-0.04,0.41,-0.37,0.09,0.34,0.04,-2.11,-2.47,9.486,9.594,9.859,9.79,10.2,9.81,9.52,10.01,-0.003,0.002,-0.008,0.0,-0.01,-121.7552303,36.5875136,291.9
-7.8,0.7,0.4,-0.04,0.46,-0.4,0.04,-0.0,-0.09,-2.11,-2.47,9.427,9.653,9.859,9.741,10.1,9.81,9.61,9.91,-0.003,0.002,-0.008,0.0,-0.01,-121.7552303,36.5875136,291.95
-7.8,0.7,0.4,-0.04,0.41,-0.32,-0.31,0.05,-0.14,-2.11,-2.47,9.476,9.545,9.712,9.722,10.01,10.01,10.01,10.01,-0.003,0.002,-0.008,0.0,-0.01,-121.7552303,36.5875136,292.0
-7.8,0.7,0.4,-0.04,0.44,-0.36,-0.22,0.16,0.14,-2.11,-2.47,9.516,9.584,9.741,9.624,10.2,9.71,9.61,10.1,-0.003,0.002,-0.008,0.0,-0.01,-121.7552303,36.5875136,292.05
-7.8,0.7,0.4,-0.05,0.4,-0.37,0.13,-0.23,-0.34,-2.12,-2.48,9.476,9.545,9.781,9.79,10.2,10.01,10.1,9.81,-0.003,0.002,-0.008,0.0,-0.01,-121.7552303,36.5875136,292.1
-7.8,0.7,0.4,-0.05,0.42,-0.36,-0.13,-0.04,0.24,-2.1,-2.47,9.447,9.604,9.839,9.741,10.2,9.61,9.81,9.91,-0.003,0.002,-0.008,0.0,-0.01,-121.7552303,36.5875136,292.15
-7.8,0.7,0.4,-0.05,0.42,-0.36,-0.29,-0.1,0.21,-2.11,-2.47,9.427,9.614,9.908,9.722,10.2,9.81,9.81,10.01,-0.003,0.002,-0.008,0.0,-0.02,-121.7552303,36.5875136,292.2
-7.8,0.7,0.4,-0.05,0.42,-0.36,0.1,-0.12,0.11,-2.11,-2.46,9.427,9.584,9.928,9.79,10.3,9.81,9.61,9.61,-0.003,0.002,-0.008,0.0,-0.01,-121.7552303,36.5875136,292.25
-7.8,0.7,0.4,-0.05,0.42,-0.36,0.24,0.09,0.09,-2.12,-2.45,9.565,9.633,9.781,9.692,10.1,9.91,9.81,9.81,-0.003,0.002,-0.008,0.0,-0.02,-121.7552303,36.5875136,292.3
-7.8,0.7,0.4,-0.05,0.41,-0.37,-0.05,-0.19,0.04,-2.12,-2.44,9.486,9.604,9.879,9.771,10.5,9.91,9.91,10.1,-0.003,0.002,-0.008,0.0,-0.02,-121.7552303,36.5875136,292.35
-7.8,0.7,0.4,-0.05,0.43,-0.36,0.29,-0.24,-0.07,-2.13,-2.43,9.457,9.663,9.898,9.673,10.3,9.81,9.81,9.91,-0.003,0.002,-0.008,0.0,-0.02,-121.7552303,36.5875136,292.4
-7.8,0.7,0.4,-0.06,0.4,-0.35,-0.01,0.07,-0.08,-2.13,-2.42,9.526,9.555,9.82,9.79,10.4,9.91,9.81,9.91,-0.003,0.002,-0.008,0.0,-0.02,-121.7552303,36.5875136,292.45
-7.8,0.7,0.4,-0.06,0.42,-0.36,-0.13,0.23,0.01,-2.14,-2.41,9.486,9.614,9.81,9.741,10.1,9.81,9.81,10.2,-0.003,0.002,-0.008,0.0,-0.02,-121.7552303,36.5875136,292.5
-7.8,0.7,0.4,-0.06,0.41,-0.34,-0.04,-0.05,-0.11,-2.14,-2.4,9.486,9.643,9.879,9.692,10.3,9.81,9.61,9.91,-0.003,0.002,-0.008,0.0,-0.02,-121.7552303,36.5875136,292.55
-7.8,0.7,0.4,-0.06,0.42,-0.36,0.08,-0.12,0.1,-2.11,-2.48,9.398,9.614,9.81,9.81,10.1,9.91,9.81,10.01,-0.003,0.002,-0.008,0.0,-0.02,-121.7552303,36.5875136,292.6
-7.8,0.7,0.4,-0.06,0.42,-0.35,0.1,0.22,-0.15,-2.1,-2.47,9.496,9.594,9.81,9.692,10.1,9.91,9.91,9.81,-0.003,0.002,-0.008,0.0,-0.02,-121.7552303,36.5875136,292.65
-7.8,0.7,0.4,-0.06,0.4,-0.32,-0.01,0.08,-0.0,-2.1,-2.47,9.516,9.663,9.79,9.692,10.01,9.71,9.42,10.1,-0.003,0.002,-0.008,0.0,-0.02,-121.7552303,36.5875136,292.7
-7.8,0.7,0.4,-0.06,0.46,-0.36,-0.63,-0.14,-0.02,-2.12,-2.47,9.476,9.614,9.79,9.771,10.01,9.91,9.91,9.52,-0.003,0.002,-0.008,0.0,-0.02,-121.7552303,36.5875136,292.75
-7.8,0.7,0.4,-0.07,0.41,-0.32,0.03,-0.05,0.1,-2.1,-2.47,9.535,9.575,9.839,9.741,9.91,10.01,9.81,9.91,-0.003,0.002,-0.008,0.0,-0.02,-121.7552303,36.5875136,292.8
-7.8,0.7,0.4,-0.07,0.42,-0.38,-0.07,-0.26,-0.1,-2.1,-2.47,9.555,9.604,9.82,9.722,10.1,9.52,9.61,9.81,-0.003,0.002,-0.008,0.0,-0.02,-121.7552303,36.5875136,292.85
-7.8,0.7,0.4,-0.07,0.4,-0.35,-0.01,-0.01,0.01,-2.1,-2.46,9.506,9.594,9.849,9.741,10.3,9.81,9.81,9.81,-0.003,0.002,-0.008,0.0,-0.02,-121.7552303,36.5875136,292.9
-7.8,0.7,0.4,-0.07,0.41,-0.33,-0.07,0.1,0.52,-2.1,-2.46,9.457,9.594,9.81,9.722,10.1,9.71,9.81,9.91,-0.003,0.002,-0.008,0.0,-0.02,-121.7552303,36.5875136,292.95
-7.8,0.7,0.4,-0.07,0.45,-0.38,0.39,-0.33,0.01,-2.12,-2.46,9.496,9.565,9.781,9.643,10.3,9.81,9.81,9.91,-0.003,0.002,-0.008,0.0,-0.02,-121.7552303,36.5875136,293.0
-7.8,0.7,0.4,-0.07,0.39,-0.33,0.44,0.35,0.29,-2.1,-2.46,9.506,9.643,9.761,9.692,10.3,9.71,9.81,9.81,-0.003,0.002,-0.008,0.0,-0.02,-121.7552303,36.5875136,293.05
-7.8,0.7,0.4,-0.07,0.41,-0.35,-0.09,0.36,-0.01,-2.1,-2.47,9.437,9.594,9.81,9.79,10.3,9.81,9.91,10.01,-0.003,0.002,-0.008,0.0,-0.02,-121.7552303,36.5875136,293.1
-7.8,0.7,0.4,-0.08,0.4,-0.37,0.26,-0.4,-0.08,-2.12,-2.47,9.467,9.643,9.81,9.79,10.2,9.71,10.1,10.01,-0.003,0.002,-0.008,0.0,-0.02,-121.7552303,36.5875136,293.15
-7.8,0.7,0.4,-0.08,0.43,-0.34,-0.06,0.25,0.54,-2.1,-2.46,9.506,9.624,9.82,9.692,10.3,9.81,10.1,9.71,-0.003,0.002,-0.008,0.0,-0.02,-121.7552303,36.5875136,293.2
-7.8,0.7,0.4,-0.08,0.39,-0.35,0.16,-0.14,-0.21,-2.12,-2.47,9.535,9.643,9.8,9.79,10.4,10.01,9.61,9.71,-0.003,0.002,-0.008,0.0,-0.02,-121.7552303,36.5875136,293.25
-7.8,0.7,0.4,-0.08,0.42,-0.36,0.32,0.12,-0.01,-2.1,-2.46,9.565,9.584,9.781,9.722,10.1,9.52,9.81,10.2,-0.003,0.002,-0.008,0.0,-0.02,-121.7552303,36.5875136,293.3
-7.8,0.7,0.4,-0.08,0.38,-0.33,-0.03,0.07,0.1,-2.1,-2.47,9.535,9.575,9.771,9.643,10.1,9.61,9.81,10.2,-0.003,0.002,-0.008,0.0,-0.02,-121.7552303,36.5875136,293.35
-7.8,0.7,0.4,-0.08,0.4,-0.37,-0.42,0.04,-0.41,-2.09,-2.47,9.447,9.624,9.81,9.898,10.1,9.61,9.61,9.61,-0.003,0.002,-0.008,0.0,-0.03,-121.7552303,36.5875136,293.4
-7.8,0.7,0.4,-0.09,0.38,-0.33,0.14,0.31,-0.13,-2.1,-2.47,9.467,9.594,9.722,9.81,10.01,9.71,10.01,9.71,-0.003,0.002,-0.008,0.0,-0.03,-121.7552303,36.5875136,293.45
-7.8,0.7,0.4,-0.09,0.44,-0.38,-0.13,-0.22,-0.31,-2.12,-2.47,9.624,9.604,9.81,9.849,10.2,9.91,9.81,10.01,-0.003,0.002,-0.008,0.0,-0.03,-121.7552303,36.5875136,293.5
-7.8,0.7,0.4,-0.09,0.37,-0.33,0.2,0.23,0.07,-2.1,-2.47,9.516,9.516,9.781,9.741,10.3,9.71,9.81,9.91,-0.003,0.002,-0.008,0.0,-0.03,-121.7552303,36.5875136,293.55
-7.8,0.7,0.4,-0.09,0.43,-0.39,0.01,-0.03,0.25,-2.11,-2.46,9.486,9.555,9.761,9.771,10.2,9.61,10.01,9.81,-0.003,0.002,-0.008,0.0,-0.03,-121.7552303,36.5875136,293.6
-7.8,0.7,0.4,-0.09,0.48,-0.41,0.16,0.02,-0.06,-2.11,-2.44,9.476,9.614,9.771,9.643,10.3,10.2,9.61,10.1,-0.003,0.002,-0.008,0.0,-0.03,-121.7552303,36.5875135,293.65
-7.8,0.7,0.4,-0.09,0.4,-0.32,-0.07,0.25,0.05,-2.1,-2.47,9.467,9.643,9.81,9.741,10.1,9.81,9.81,10.1,-0.003,0.002,-0.008,0.0,-0.03,-121.7552303,36.5875135,293.7
-7.8,0.7,0.4,-0.1,0.44,-0.36,0.13,0.12,0.0,-2.1,-2.47,9.447,9.555,9.751,9.771,10.3,9.91,9.61,10.01,-0.003,0.002,-0.008,0.0,-0.03,-121.7552303,36.5875135,293.75
-7.8,0.7,0.4,-0.1,0.37,-0.34,0.18,-0.02,-0.01,-2.12,-2.48,9.476,9.614,9.761,9.643,10.01,9.61,9.61,10.01,-0.003,0.002,-0.008,0.0,-0.03,-121.7552303,36.5875135,293.8
-7.8,0.7,0.4,0.0,0.46,-0.36,-0.08,0.06,0.34,-2.12,-2.47,9.486,9.594,9.81,9.692,10.2,9.91,9.81,9.81,-0.003,0.002,-0.008,0.0,-0.0,-121.7552303,36.5875135,293.85
-7.8,0.7,0.4,0.0,0.42,-0.36,-0.29,-0.17,-0.12,-2.12,-2.48,9.457,9.584,9.879,9.692,10.4,9.71,9.91,10.01,-0.003,0.002,-0.008,0.0,0.0,-121.7552303,36.5875135,293.9
-7.8,0.7,0.4,0.0,0.41,-0.34,0.29,0.09,-0.03,-2.13,-2.48,9.437,9.673,9.79,9.849,10.1,9.71,10.1,9.52,-0.003,0.002,-0.008,0.0,-0.0,-121.7552303,36.5875135,293.95
-7.7,0.7,0.4,-0.0,0.46,-0.38,-0.04,0.05,0.13,-2.12,-2.47,9.467,9.653,9.81,9.771,10.1,10.01,9.91,9.81,-0.003,0.002,-0.008,0.0,0.0,-121.7552303,36.5875135,294.0
-7.8,0.7,0.4,-0.01,0.47,-0.35,-0.23,-0.07,0.08,-2.12,-2.47,9.535,9.584,9.839,9.673,10.2,9.61,9.81,9.81,-0.003,0.002,-0.008,0.0,0.0,-121.7552303,36.5875135,294.05
-7.8,0.7,0.4,-0.01,0.4,-0.36,-0.18,-0.02,-0.18,-2.14,-2.47,9.486,9.575,9.781,9.722,10.3,9.81,9.61,9.61,-0.003,0.002,-0.008,0.0,0.0,-121.7552303,36.5875135,294.1
-7.8,0.7,0.4,-0.01,0.41,-0.37,-0.04,-0.28,0.03,-2.15,-2.47,9.437,9.653,9.781,9.771,10.3,9.71,9.81,10.01,-0.003,0.002,-0.008,0.0,0.0,-121.7552303,36.5875135,294.15
-7.8,0.7,0.4,-0.01,0.4,-0.36,0.49,0.3,-0.32,-2.16,-2.47,9.486,9.604,9.781,9.741,10.01,9.71,9.91,9.91,-0.003,0.002,-0.008,0.0,0.0,-121.7552303,36.5875135,294.2
-7.8,0.7,0.4,-0.01,0.4,-0.34,-0.06,0.03,-0.03,-2.18,-2.48,9.467,9.624,9.81,9.741,10.1,9.61,9.81,9.91,-0.003,0.002,-0.008,0.0,0.0,-121.7552303,36.5875135,294.25
-7.8,0.7,0.4,-0.01,0.41,-0.34,-0.19,0.16,-0.09,-2.11,-2.47,9.496,9.604,9.879,9.673,10.2,9.91,9.71,10.1,-0.003,0.002,-0.008,0.0,0.0,-121.7552303,36.5875135,294.3
-7.8,0.7,0.4,-0.01,0.42,-0.39,0.06,0.31,0.17,-2.11,-2.47,9.486,9.663,9.82,9.79,10.4,9.61,9.81,9.91,-0.003,0.002,-0.008,0.0,0.0,-121.7552303,36.5875135,294.35
-7.8,0.7,0.4,-0.01,0.43,-0.38,0.09,0.13,-0.18,-2.11,-2.47,9.496,9.565,9.771,9.692,10.1,9.52,9.61,9.81,-0.003,0.002,-0.008,0.0,0.0,-121.7552303,36.5875135,294.4
-7.8,0.7,0.4,-0.01,0.42,-0.34,0.12,0.05,0.04,-2.11,-2.48,9.476,9.565,9.79,9.741,10.1,9.81,9.91,9.81,-0.003,0.002,-0.008,0.0,0.0,-121.7552303,36.5875135,294.45
-7.8,0.7,0.4,-0.01,0.39,-0.33,0.09,0.01,-0.02,-2.12,-2.47,9.535,9.624,9.751,9.692,10.2,9.71,9.81,9.91,-0.003,0.002,-0.008,0.0,0.0,-121.7552303,36.5875135,294.5
-7.8,0.7,0.4,-0.01,0.41,-0.36,-0.0,-0.0,-0.12,-2.11,-2.47,9.526,9.624,9.81,9.673,9.91,9.81,9.91,9.81,-0.003,0.002,-0.008,0.0,-0.0,-121.7552303,36.5875135,294.55
-7.8,0.7,0.4,-0.01,0.4,-0.34,-0.31,-0.0,0.21,-2.11,-2.46,9.535,9.584,9.761,9.673,10.3,10.01,9.71,9.91,-0.003,0.002,-0.008,0.0,-0.0,-121.7552303,36.5875135,294.6
-7.8,0.7,0.4,-0.01,0.41,-0.37,0.02,0.08,0.17,-2.11,-2.46,9.486,9.565,9.741,9.673,10.01,9.81,9.81,9.91,-0.003,0.002,-0.008,0.0,-0.0,-121.7552303,36.5875135,294.65
-7.8,0.7,0.4,-0.02,0.35,-0.34,0.04,-0.05,0.06,-2.11,-2.47,9.545,9.624,9.8,9.692,10.1,9.91,10.1,9.81,-0.003,0.002,-0.008,0.0,-0.0,-121.7552303,36.5875135,294.7
-7.8,0.7,0.4,-0.02,0.48,-0.35,-0.05,-0.03,0.02,-2.11,-2.47,9.457,9.604,9.761,9.741,10.2,9.91,10.01,9.81,-0.003,0.002,-0.008,0.0,-0.0,-121.7552303,36.5875135,294.75
-7.8,0.7,0.4,-0.02,0.42,-0.33,0.14,0.04,0.18,-2.12,-2.47,9.496,9.535,9.8,9.673,10.3,10.01,9.61,9.81,-0.003,0.002,-0.008,0.0,-0.0,-121.7552304,36.5875135,294.8
-7.8,0.7,0.4,-0.02,0.38,-0.33,-0.04,-0.03,0.25,-2.12,-2.47,9.516,9.643,9.781,9.624,10.2,9.71,10.1,10.01,-0.003,0.002,-0.008,0.0,-0.0,-121.7552304,36.5875135,294.85
-7.8,0.7,0.4,-0.02,0.41,-0.38,0.38,0.27,-0.04,-2.11,-2.47,9.447,9.565,9.741,9.79,10.01,9.81,9.91,10.01,-0.003,0.002,-0.008,0.0,-0.0,-121.7552304,36.5875135,294.9
-7.8,0.7,0.4,-0.02,0.4,-0.35,0.05,0.17,0.0,-2.11,-2.46,9.427,9.614,9.79,9.624,10.2,10.1,10.01,9.71,-0.003,0.002,-0.008,0.0,-0.0,-121.7552304,36.5875135,294.95
-7.8,0.7,0.4,-0.01,0.39,-0.35,0.32,-0.27,-0.23,-2.12,-2.47,9.535,9.614,9.79,9.673,10.2,9.81,9.81,9.81,-0.003,0.002,-0.008,0.0,0.0,-121.7552304,36.5875135,295.0
-7.8,0.7,0.4,0.0,0.39,-0.38,-0.0,-0.28,0.06,-2.12,-2.46,9.408,9.604,9.82,9.79,10.2,9.42,9.61,9.91,-0.003,0.002,-0.008,0.0,0.0,-121.7552304,36.5875135,295.05
-7.8,0.7,0.4,-0.01,0.41,-0.38,-0.14,0.1,0.14,-2.11,-2.46,9.457,9.624,9.751,9.673,10.2,9.81,9.61,9.91,-0.003,0.002,-0.008,0.0,0.01,-121.7552304,36.5875135,295.1
-7.8,0.7,0.4,-0.01,0.39,-0.35,-0.06,-0.08,0.12,-2.11,-2.45,9.526,9.663,9.859,9.79,10.01,10.01,9.52,10.01,-0.003,0.002,-0.008,0.0,0.01,-121.7552303,36.5875135,295.15
-7.8,0.7,0.4,0.0,0.38,-0.36,0.02,0.0,-0.44,-2.11,-2.47,9.496,9.653,9.81,9.771,10.1,9.81,9.61,9.91,-0.003,0.002,-0.008,0.0,-0.0,-121.7552303,36.5875135,295.2
-7.8,0.7,0.4,0.0,0.39,-0.32,-0.11,0.13,-0.39,-2.1,-2.46,9.467,9.584,9.751,9.673,9.91,10.01,9.81,9.91,-0.003,0.002,-0.008,0.0,-0.0,-121.7552303,36.5875135,295.25
-7.8,0.7,0.4,-0.0,0.41,-0.39,0.35,0.17,-0.04,-2.1,-2.46,9.486,9.614,9.839,9.741,10.01,9.71,9.91,9.81,-0.003,0.002,-0.008,0.0,0.0,-121.7552303,36.5875135,295.3
-7.8,0.7,0.4,0.0,0.43,-0.38,0.0,-0.18,-0.2,-2.1,-2.46,9.467,9.604,9.83,9.741,10.2,9.81,9.81,9.81,-0.003,0.002,-0.008,0.0,0.0,-121.7552303,36.5875135,295.35
-7.8,0.7,0.4,0.0,0.39,-0.36,0.11,0.06,0.11,-2.1,-2.46,9.427,9.624,9.81,9.673,10.01,9.42,9.32,9.81,-0.003,0.002,-0.008,0.0,0.0,-121.7552303,36.5875135,295.4
-7.8,0.7,0.4,0.0,0.42,-0.36,-0.2,-0.44,0.19,-2.12,-2.47,9.486,9.575,9.771,9.692,10.4,9.81,9.61,10.01,-0.003,0.002,-0.008,0.0,0.0,-121.7552303,36.5875135,295.45
-7.8,0.7,0.4,0.0,0.42,-0.37,-0.15,0.06,-0.19,-2.1,-2.47,9.545,9.594,9.81,9.741,9.91,9.91,9.71,10.1,-0.003,0.002,-0.008,0.0,0.01,-121.7552303,36.5875135,295.5
-7.7,0.7,0.4,0.0,0.37,-0.37,0.09,-0.4,0.22,-2.12,-2.46,9.476,9.614,9.732,9.643,10.1,10.1,9.71,9.52,-0.003,0.002,-0.008,0.0,0.01,-121.7552303,36.5875135,295.55
-7.7,0.7,0.4,0.0,0.43,-0.37,-0.01,-0.11,-0.4,-2.11,-2.47,9.467,9.594,9.732,9.692,10.1,9.91,10.1,10.01,-0.003,0.002,-0.008,0.0,0.01,-121.7552303,36.5875135,295.6
-7.7,0.7,0.4,0.0,0.36,-0.32,-0.05,0.02,0.15,-2.1,-2.46,9.476,9.653,9.849,9.722,9.91,9.71,9.81,9.81,-0.003,0.002,-0.008,0.0,0.01,-121.7552303,36.5875135,295.65
-7.7,0.7,0.4,0.0,0.38,-0.31,0.03,0.15,-0.2,-2.1,-2.47,9.418,9.663,9.79,9.771,10.1,10.01,9.81,9.91,-0.003,0.002,-0.008,0.0,0.01,-121.7552303,36.5875135,295.7
-7.7,0.7,0.4,0.01,0.42,-0.36,-0.26,-0.03,0.45,-2.1,-2.46,9.437,9.633,9.81,9.771,10.1,9.81,9.91,10.01,-0.003,0.002,-0.008,0.0,0.01,-121.7552303,36.5875135,295.75
-7.7,0.7,0.4,0.0,0.42,-0.33,-0.3,-0.44,0.17,-2.1,-2.46,9.447,9.653,9.81,9.673,10.1,10.01,9.81,9.81,-0.003,0.002,-0.008,0.0,0.01,-121.7552303,36.5875135,295.8
-7.7,0.7,0.4,0.01,0.41,-0.39,-0.26,0.23,0.12,-2.1,-2.46,9.486,9.584,9.879,9.722,10.2,9.91,9.71,9.81,-0.003,0.002,-0.008,0.0,0.01,-121.7552303,36.5875136,295.85
-7.7,0.7,0.4,0.0,0.42,-0.35,-0.02,-0.09,-0.24,-2.11,-2.47,9.506,9.624,9.781,9.81,10.3,9.91,9.81,9.81,-0.003,0.002,-0.008,0.0,0.01,-121.7552303,36.5875136,295.9
-7.7,0.7,0.4,0.01,0.42,-0.35,-0.09,0.01,0.11,-2.1,-2.47,9.437,9.614,9.839,9.722,10.4,9.81,10.01,10.01,-0.003,0.002,-0.008,0.0,0.01,-121.7552303,36.5875136,295.95
-7.7,0.7,0.4,0.01,0.42,-0.36,-0.27,-0.18,0.33,-2.11,-2.46,9.457,9.604,9.839,9.741,10.4,9.81,9.91,9.91,-0.003,0.002,-0.008,0.0,0.02,-121.7552303,36.5875136,296.0
-7.7,0.7,0.4,0.01,0.45,-0.37,0.05,-0.27,0.07,-2.11,-2.46,9.496,9.624,9.781,9.741,10.2,9.81,9.91,10.1,-0.003,0.002,-0.008,0.0,0.02,-121.7552303,36.5875136,296.05
-7.7,0.7,0.4,0.01,0.41,-0.38,-0.05,0.05,0.22,-2.1,-2.46,9.584,9.565,9.849,9.79,10.3,9.71,10.01,9.81,-0.003,0.002,-0.008,0.0,0.02,-121.7552303,36.5875136,296.1
-7.7,0.7,0.4,0.01,0.43,-0.38,0.47,0.13,-0.03,-2.1,-2.46,9.418,9.594,9.879,9.771,10.3,9.71,9.91,9.61,-0.003,0.002,-0.008,0.0,0.02,-121.7552303,36.5875136,296.15
-7.7,0.7,0.4,0.01,0.41,-0.37,0.3,0.19,-0.13,-2.1,-2.46,9.496,9.565,9.751,9.692,10.1,9.81,9.71,9.81,-0.003,0.002,-0.008,0.0,0.02,-121.7552303,36.5875136,296.2
-7.7,0.7,0.4,0.01,0.4,-0.35,0.08,0.17,-0.02,-2.1,-2.46,9.457,9.643,9.781,9.673,10.1,9.42,9.91,10.01,-0.003,0.002,-0.008,0.0,0.02,-121.7552302,36.5875136,296.25
-7.7,0.7,0.4,0.01,0.39,-0.33,-0.05,-0.22,0.16,-2.11,-2.46,9.506,9.575,9.79,9.741,10.1,9.61,9.91,9.91,-0.003,0.002,-0.008,0.0,0.02,-121.7552302,36.5875136,296.3
-7.7,0.7,0.4,0.01,0.41,-0.38,0.23,0.0,0.33,-2.1,-2.46,9.486,9.545,9.8,9.673,10.1,9.71,9.91,9.91,-0.003,0.002,-0.008,0.0,0.02,-121.7552302,36.5875136,296.35
-7.7,0.7,0.4,0.01,0.42,-0.35,-0.32,-0.13,-0.03,-2.11,-2.46,9.467,9.624,9.83,9.673,10.3,9.81,9.91,10.01,-0.003,0.002,-0.008,0.0,0.02,-121.7552302,36.5875136,296.4
-7.7,0.7,0.4,0.01,0.43,-0.39,0.01,0.06,-0.04,-2.1,-2.47,9.447,9.594,9.771,9.79,10.3,9.91,9.61,9.91,-0.003,0.002,-0.008,0.0,0.03,-121.7552302,36.5875136,296.45
-7.7,0.7,0.4,0.01,0.39,-0.36,0.01,0.1,0.05,-2.1,-2.47,9.398,9.702,9.741,9.643,9.91,10.01,9.81,9.91,-0.003,0.002,-0.008,0.0,0.03,-121.7552302,36.5875136,296.5
-7.7,0.7,0.4,0.01,0.38,-0.33,0.48,0.1,0.3,-2.1,-2.46,9.496,9.614,9.722,9.722,9.91,9.91,9.81,9.81,-0.003,0.002,-0.008,0.0,0.03,-121.7552302,36.5875136,296.55
-7.7,0.7,0.4,0.01,0.4,-0.39,0.53,-0.3,0.22,-2.11,-2.46,9.408,9.663,9.918,9.722,10.1,9.61,9.91,9.91,-0.003,0.002,-0.008,0.0,0.03,-121.7552302,36.5875136,296.6
-7.7,0.7,0.4,0.01,0.41,-0.36,-0.12,0.13,0.02,-2.11,-2.47,9.398,9.624,9.771,9.771,10.01,9.61,9.91,9.81,-0.003,0.002,-0.008,0.0,0.03,-121.7552302,36.5875136,296.65
-7.7,0.7,0.4,0.01,0.39,-0.35,0.11,0.11,0.05,-2.11,-2.47,9.437,9.604,9.79,9.79,10.1,9.71,9.81,10.2,-0.003,0.002,-0.008,0.0,0.03,-121.7552302,36.5875136,296.7
-7.7,0.7,0.4,0.01,0.4,-0.31,0.08,0.09,-0.08,-2.1,-2.47,9.506,9.575,9.781,9.604,10.2,9.81,9.81,9.91,-0.003,0.002,-0.008,0.0,0.03,-121.7552302,36.5875136,296.75
-7.7,0.7,0.4,0.01,0.38,-0.37,0.34,-0.06,-0.12,-2.11,-2.48,9.427,9.692,9.839,9.771,10.01,9.71,9.52,9.61,-0.003,0.002,-0.008,0.0,0.04,-121.7552302,36.5875136,296.8
-7.7,0.7,0.4,0.01,0.43,-0.35,0.1,0.15,-0.06,-2.11,-2.48,9.476,9.555,9.81,9.81,10.2,9.91,9.91,10.1,-0.003,0.002,-0.008,0.0,0.03,-121.7552302,36.5875136,296.85
-7.7,0.7,0.4,0.01,0.39,-0.36,0.13,-0.35,0.15,-2.11,-2.46,9.526,9.643,9.81,9.722,10.1,9.81,9.71,10.01,-0.003,0.002,-0.008,0.0,0.04,-121.7552302,36.5875136,296.9
-7.7,0.7,0.4,0.01,0.43,-0.36,0.02,-0.06,-0.1,-2.1,-2.47,9.526,9.604,9.722,9.849,10.1,9.81,9.91,9.81,-0.003,0.002,-0.008,0.0,0.04,-121.7552302,36.5875136,296.95
-7.7,0.7,0.4,0.01,0.38,-0.33,-0.06,-0.06,0.14,-2.1,-2.48,9.535,9.486,9.81,9.741,10.3,9.91,9.81,9.91,-0.003,0.002,-0.008,0.0,0.04,-121.7552302,36.5875136,297.0
-7.7,0.7,0.4,0.01,0.4,-0.34,0.22,-0.03,0.05,-2.09,-2.49,9.447,9.633,9.761,9.771,10.2,9.91,10.1,9.91,-0.003,0.002,-0.008,0.0,0.04,-121.7552302,36.5875136,297.05
-7.7,0.7,0.4,0.01,0.43,-0.37,0.01,-0.06,0.07,-2.11,-2.46,9.526,9.624,9.849,9.722,10.4,9.91,9.81,9.71,-0.003,0.002,-0.008,0.0,0.04,-121.7552302,36.5875136,297.1
-7.7,0.7,0.4,0.02,0.4,-0.35,-0.11,0.04,-0.03,-2.11,-2.45,9.437,9.624,9.79,9.771,10.2,9.71,9.81,9.81,-0.003,0.002,-0.008,0.0,0.04,-121.7552302,36.5875136,297.15
-7.7,0.7,0.4,0.02,0.42,-0.35,-0.02,-0.38,0.2,-2.11,-2.46,9.535,9.565,9.8,9.673,9.91,9.71,9.81,9.91,-0.003,0.002,-0.008,0.0,0.04,-121.7552302,36.5875136,297.2
-7.7,0.7,0.4,0.02,0.43,-0.33,0.01,-0.01,-0.57,-2.1,-2.47,9.526,9.604,9.81,9.722,10.01,10.01,10.01,9.71,-0.003,0.002,-0.008,0.0,0.04,-121.7552302,36.5875136,297.25
-7.7,0.7,0.4,0.02,0.4,-0.32,-0.21,0.3,-0.31,-2.1,-2.47,9.496,9.594,9.82,9.771,10.2,9.71,9.61,9.71,-0.003,0.002,-0.008,0.0,0.04,-121.7552302,36.5875136,297.3
-7.7,0.7,0.4,0.02,0.43,-0.38,0.23,-0.38,-0.07,-2.12,-2.47,9.526,9.516,9.849,9.692,10.3,9.91,9.91,9.71,-0.003,0.002,-0.008,0.0,0.05,-121.7552302,36.5875136,297.35
-7.7,0.7,0.4,0.02,0.42,-0.41,-0.06,-0.13,0.05,-2.08,-2.47,9.418,9.653,9.8,9.673,10.2,9.52,9.91,10.01,-0.003,0.002,-0.008,0.0,0.04,-121.7552302,36.5875136,297.4
-7.7,0.7,0.4,0.02,0.41,-0.4,0.03,0.08,-0.32,-2.1,-2.47,9.496,9.584,9.81,9.692,10.3,9.81,9.61,9.61,-0.003,0.002,-0.008,0.0,0.05,-121.7552302,36.5875136,297.45
-7.7,0.7,0.4,0.02,0.43,-0.32,0.13,0.31,0.23,-2.08,-2.47,9.535,9.663,9.79,9.673,10.2,9.61,9.81,9.81,-0.003,0.002,-0.008,0.0,0.05,-121.7552302,36.5875136,297.5
-7.7,0.7,0.4,-0.0,0.4,-0.35,0.01,-0.07,0.06,-2.07,-2.48,9.526,9.584,9.702,9.692,10.01,9.52,9.81,9.81,-0.003,0.002,-0.008,0.0,-0.0,-121.7552302,36.5875136,297.55
-7.7,0.7,0.4,-0.0,0.47,-0.3,0.1,-0.04,0.05,-2.05,-2.48,9.486,9.526,9.82,9.722,10.2,9.71,9.91,9.71,-0.003,0.002,-0.008,0.0,0.0,-121.7552302,36.5875136,297.6
-7.7,0.7,0.4,-0.0,0.4,-0.4,-0.17,0.01,0.1,-2.04,-2.48,9.555,9.555,9.81,9.898,9.91,9.81,9.81,10.01,-0.003,0.002,-0.008,0.0,0.0,-121.7552302,36.5875136,297.65
-7.7,0.7,0.4,-0.0,0.4,-0.33,-0.11,-0.25,-0.22,-2.12,-2.47,9.496,9.653,9.82,9.692,10.4,9.61,9.71,10.01,-0.003,0.002,-0.008,0.0,0.0,-121.7552302,36.5875136,297.7
-7.7,0.7,0.4,-0.0,0.36,-0.38,0.15,0.16,-0.13,-2.1,-2.48,9.408,9.624,9.771,9.771,10.2,9.61,9.81,9.91,-0.003,0.002,-0.008,0.0,0.01,-121.7552302,36.5875135,297.75
-7.7,0.7,0.4,-0.0,0.47,-0.32,-0.23,-0.06,-0.1,-2.11,-2.47,9.486,9.516,9.81,9.849,10.2,9.81,9.91,9.61,-0.003,0.002,-0.008,0.0,0.01,-121.7552302,36.5875135,297.8
-7.7,0.7,0.4,-0.0,0.42,-0.36,0.19,0.45,0.33,-2.1,-2.47,9.575,9.614,9.79,9.722,10.3,9.71,10.01,10.01,-0.003,0.002,-0.008,0.0,0.01,-121.7552302,36.5875135,297.85
-7.7,0.7,0.4,-0.0,0.4,-0.37,0.15,0.22,-0.11,-2.1,-2.47,9.526,9.575,9.839,9.771,10.3,9.71,9.71,10.01,-0.003,0.002,-0.008,0.0,0.01,-121.7552302,36.5875135,297.9
-7.7,0.7,0.4,-0.0,0.43,-0.38,0.05,0.08,-0.22,-2.1,-2.46,9.467,9.584,9.781,9.79,9.81,9.61,9.71,9.91,-0.003,0.002,-0.008,0.0,0.01,-121.7552302,36.5875135,297.95
-7.7,0.7,0.0,-0.01,0.4,-0.35,0.21,0.1,0.09,-2.11,-2.47,9.506,9.604,9.8,9.673,10.2,9.81,10.1,9.81,-0.003,0.002,-0.008,0.0,0.01,-121.7552302,36.5875135,298.0
-7.7,0.7,0.0,-0.0,0.41,-0.38,-0.25,0.19,0.2,-2.09,-2.48,9.476,9.584,9.79,9.673,10.2,9.91,9.71,10.01,-0.003,0.002,-0.008,0.0,0.0,-121.7552302,36.5875135,298.05
-7.7,0.7,0.0,-0.0,0.45,-0.33,-0.19,0.3,-0.15,-2.1,-2.46,9.437,9.565,9.771,9.741,10.4,9.71,9.91,9.71,-0.003,0.002,-0.008,0.0,0.0,-121.7552302,36.5875135,298.1
-7.7,0.7,0.0,-0.01,0.45,-0.37,0.13,-0.03,0.09,-2.12,-2.47,9.526,9.624,9.81,9.692,10.3,9.71,10.1,9.81,-0.003,0.002,-0.008,0.0,0.0,-121.7552302,36.5875135,298.15
-7.7,0.7,0.0,-0.01,0.36,-0.34,0.02,-0.34,-0.18,-2.12,-2.46,9.565,9.555,9.741,9.643,10.2,9.81,9.81,9.81,-0.003,0.002,-0.008,0.0,0.0,-121.7552302,36.5875135,298.2
-7.7,0.7,0.4,-0.01,0.4,-0.37,-0.09,-0.18,-0.09,-2.12,-2.45,9.506,9.584,9.741,9.771,10.1,9.81,10.01,9.81,-0.003,0.002,-0.008,0.0,0.0,-121.7552302,36.5875135,298.25
-7.7,0.7,0.0,-0.0,0.37,-0.34,0.04,0.05,-0.64,-2.09,-2.46,9.476,9.624,9.79,9.673,10.2,9.81,9.81,9.71,-0.003,0.002,-0.008,0.0,0.0,-121.7552302,36.5875135,298.3
-7.7,0.7,0.4,-0.0,0.39,-0.36,0.23,-0.05,0.03,-2.1,-2.47,9.398,9.624,9.702,9.741,10.01,9.71,9.61,10.01,-0.003,0.002,-0.008,0.0,0.0,-121.7552302,36.5875135,298.35
-7.7,0.7,0.4,-0.0,0.47,-0.35,-0.34,-0.18,-0.03,-2.12,-2.47,9.516,9.506,9.918,9.771,10.2,9.71,9.91,9.81,-0.003,0.002,-0.008,0.0,-0.0,-121.7552303,36.5875135,298.4
-7.7,0.7,0.4,-0.0,0.38,-0.34,-0.27,-0.11,0.24,-2.1,-2.47,9.575,9.732,9.781,9.673,10.1,10.1,9.81,10.01,-0.003,0.002,-0.008,0.0,0.0,-121.7552303,36.5875135,298.45
-7.7,0.7,0.0,-0.0,0.41,-0.33,0.22,-0.37,-0.0,-2.12,-2.47,9.486,9.624,9.702,9.673,10.4,9.81,10.01,9.71,-0.003,0.002,-0.008,0.0,-0.0,-121.7552303,36.5875135,298.5
-7.7,0.7,0.4,0.0,0.4,-0.4,-0.38,-0.09,-0.14,-2.14,-2.47,9.427,9.437,9.781,9.692,10.3,9.81,9.81,9.91,-0.003,0.002,-0.008,0.0,-0.0,-121.7552303,36.5875135,298.55
-7.7,0.7,0.4,0.0,0.48,-0.36,0.0,-0.26,-0.22,-2.15,-2.47,9.476,9.575,9.81,9.79,10.3,9.81,9.81,9.71,-0.003,0.002,-0.008,0.0,0.0,-121.7552303,36.5875135,298.6
-7.7,0.7,0.0,0.0,0.35,-0.31,0.45,-0.31,-0.1,-2.12,-2.47,9.575,9.663,9.859,9.673,10.1,9.71,9.91,9.91,-0.003,0.002,-0.008,0.0,0.01,-121.7552303,36.5875135,298.65
-7.7,0.7,0.4,-0.01,0.42,-0.37,0.06,0.04,-0.07,-2.12,-2.47,9.496,9.633,9.81,9.79,10.2,10.01,9.81,9.91,-0.003,0.002,-0.008,0.0,0.0,-121.7552303,36.5875135,298.7
-7.7,0.7,0.4,0.0,0.48,-0.35,-0.05,-0.42,0.16,-2.11,-2.47,9.388,9.555,9.81,9.692,10.2,9.81,9.91,9.91,-0.003,0.002,-0.008,0.0,0.0,-121.7552303,36.5875135,298.75
-7.7,0.7,0.4,0.0,0.39,-0.37,0.15,-0.06,0.3,-2.12,-2.47,9.418,9.624,9.849,9.898,10.4,10.01,9.81,9.91,-0.003,0.002,-0.008,0.0,0.0,-121.7552303,36.5875135,298.8
-7.7,0.7,0.4,0.01,0.48,-0.37,-0.22,-0.08,0.17,-2.12,-2.46,9.575,9.643,9.898,9.722,10.4,9.81,9.81,9.91,-0.003,0.002,-0.008,0.0,0.0,-121.7552303,36.5875135,298.85
-7.7,0.7,0.4,-0.0,0.4,-0.34,0.15,-0.08,0.3,-2.12,-2.48,9.496,9.565,9.81,9.771,10.01,9.91,9.71,9.91,-0.003,0.002,-0.008,0.0,0.0,-121.7552303,36.5875135,298.9
-7.7,0.7,0.4,0.0,0.46,-0.34,-0.15,-0.17,-0.01,-2.12,-2.49,9.408,9.516,9.771,9.673,10.01,9.61,9.91,9.81,-0.003,0.002,-0.008,0.0,0.0,-121.7552303,36.5875135,298.95
-7.7,0.7,0.4,0.0,0.43,-0.37,0.0,-0.03,0.07,-2.13,-2.51,9.476,9.624,9.771,9.673,10.2,10.01,9.42,9.81,-0.003,0.002,-0.008,0.0,0.0,-121.7552303,36.5875135,299.0
-7.7,0.7,0.4,-0.0,0.36,-0.31,-0.07,-0.2,0.0,-2.11,-2.47,9.545,9.584,9.8,9.771,10.2,9.61,9.91,9.61,-0.003,0.002,-0.008,0.0,0.0,-121.7552303,36.5875135,299.05
-7.7,0.7,0.4,-0.0,0.39,-0.4,-0.0,-0.28,-0.04,-2.11,-2.44,9.496,9.614,9.702,9.722,10.1,9.81,9.91,9.71,-0.003,0.002,-0.008,0.0,0.0,-121.7552303,36.5875135,299.1
-7.7,0.7,0.4,-0.0,0.43,-0.38,-0.03,-0.31,-0.09,-2.12,-2.47,9.437,9.624,9.8,9.624,10.3,9.61,9.91,10.2,-0.003,0.002,-0.008,0.0,0.0,-121.7552304,36.5875135,299.15
-7.7,0.7,0.4,-0.0,0.39,-0.31,-0.12,-0.35,0.02,-2.11,-2.46,9.496,9.584,9.712,9.771,10.2,9.91,9.71,10.1,-0.003,0.002,-0.008,0.0,0.0,-121.7552304,36.5875135,299.2
-7.7,0.7,0.4,0.0,0.42,-0.33,0.01,-0.01,0.12,-2.11,-2.45,9.496,9.624,9.79,9.79,10.1,9.91,9.91,9.91,-0.003,0.002,-0.008,0.0,0.0,-121.7552304,36.5875135,299.25
-7.7,0.7,0.4,0.0,0.43,-0.38,-0.39,-0.02,0.14,-2.1,-2.43,9.476,9.624,9.771,9.722,10.2,9.91,9.71,9.91,-0.003,0.002,-0.008,0.0,0.0,-121.7552304,36.5875135,299.3
-7.7,0.7,0.4,0.0,0.44,-0.37,0.23,-0.14,0.09,-2.12,-2.46,9.418,9.604,9.82,9.771,10.1,9.61,10.1,9.91,-0.003,0.002,-0.008,0.0,0.01,-121.7552304,36.5875135,299.35
-7.7,0.7,0.0,-0.0,0.42,-0.35,-0.09,-0.1,-0.2,-2.11,-2.45,9.427,9.643,9.81,9.692,10.01,9.81,9.71,9.61,-0.003,0.002,-0.008,0.0,0.01,-121.7552304,36.5875135,299.4
-7.7,0.7,0.4,-0.0,0.38,-0.36,-0.08,0.15,-0.35,-2.11,-2.46,9.437,9.594,9.82,9.741,10.2,9.61,9.81,9.81,-0.003,0.002,-0.008,0.0,0.01,-121.7552304,36.5875135,299.45
-7.7,0.7,0.0,0.0,0.43,-0.33,-0.11,-0.04,-0.04,-2.12,-2.47,9.437,9.643,9.839,9.79,10.2,9.52,9.91,9.91,-0.003,0.002,-0.008,0.0,0.01,-121.7552304,36.5875135,299.5
-7.7,0.7,0.4,0.0,0.46,-0.34,-0.23,0.15,0.17,-2.11,-2.46,9.486,9.555,9.82,9.741,10.01,9.91,9.81,10.01,-0.003,0.002,-0.008,0.0,0.01,-121.7552304,36.5875135,299.55
-7.7,0.7,0.0,0.0,0.41,-0.34,-0.04,-0.14,-0.13,-2.11,-2.46,9.516,9.575,9.712,9.673,10.3,9.71,9.81,9.81,-0.003,0.002,-0.008,0.0,0.01,-121.7552304,36.5875135,299.6
-7.7,0.7,0.4,-0.0,0.39,-0.35,-0.11,0.02,-0.12,-2.11,-2.46,9.555,9.594,9.869,9.79,10.3,9.81,9.91,10.01,-0.003,0.002,-0.008,0.0,-0.0,-121.7552304,36.5875136,299.65
-7.7,0.7,0.4,-0.0,0.41,-0.33,-0.13,0.3,0.06,-2.11,-2.45,9.535,9.702,9.81,9.673,10.3,9.71,9.81,9.91,-0.003,0.002,-0.008,0.0,-0.0,-121.7552304,36.5875136,299.7
-7.7,0.7,0.4,0.0,0.39,-0.35,-0.15,0.01,0.09,-2.1,-2.44,9.496,9.516,9.781,9.741,10.3,9.42,9.71,9.81,-0.003,0.002,-0.008,0.0,0.01,-121.7552304,36.5875136,299.75
-7.7,0.7,0.4,0.0,0.43,-0.3,-0.56,0.06,-0.02,-2.1,-2.42,9.506,9.575,9.732,9.722,10.1,9.52,9.91,10.01,-0.003,0.002,-0.008,0.0,0.01,-121.7552304,36.5875136,299.8
-7.7,0.7,0.4,-0.0,0.39,-0.37,-0.07,-0.19,0.02,-2.09,-2.41,9.535,9.643,9.781,9.643,9.91,9.91,9.91,9.81,-0.003,0.002,-0.008,0.0,0.01,-121.7552304,36.5875136,299.85
-7.7,0.7,0.4,0.0,0.43,-0.37,0.23,0.15,0.25,-2.11,-2.47,9.467,9.624,9.82,9.741,10.1,9.81,10.01,9.71,-0.003,0.002,-0.008,0.0,0.01,-121.7552304,36.5875136,299.9
-7.7,0.7,0.4,0.0,0.4,-0.37,-0.02,-0.07,0.02,-2.1,-2.48,9.447,9.594,9.83,9.624,10.2,9.81,9.61,10.01,-0.003,0.002,-0.008,0.0,0.01,-121.7552304,36.5875136,299.95
-7.7,0.7,0.0,-0.0,0.42,-0.31,-0.01,0.09,0.15,-2.08,-2.49,9.506,9.624,9.82,9.722,10.3,9.91,9.81,10.01,-0.003,0.002,-0.008,0.0,0.0,-121.7552304,36.5875136,300.0
-7.7,0.7,0.0,-0.0,0.42,-0.37,0.37,-0.13,-0.12,-2.07,-2.5,9.555,9.555,9.79,9.771,10.2,9.71,10.1,10.2,-0.003,0.002,-0.008,0.0,0.0,-121.7552304,36.5875136,300.05
-7.7,0.7,0.4,-0.0,0.42,-0.33,-0.22,-0.22,0.01,-2.13,-2.46,9.457,9.673,9.692,9.673,10.01,9.81,9.61,10.1,-0.003,0.002,-0.008,0.0,-0.0,-121.7552304,36.5875136,300.1
-7.7,0.7,0.4,-0.01,0.37,-0.37,-0.21,-0.03,-0.09,-2.13,-2.46,9.457,9.624,9.879,9.849,10.1,9.81,9.91,9.91,-0.003,0.002,-0.008,0.0,-0.0,-121.7552304,36.5875136,300.15
-7.7,0.7,0.4,0.0,0.39,-0.34,-0.01,0.2,-0.28,-2.11,-2.46,9.604,9.633,9.81,9.79,10.4,9.81,9.81,9.71,-0.003,0.002,-0.008,0.0,0.01,-121.7552304,36.5875136,300.2
-7.7,0.7,0.0,0.0,0.48,-0.35,-0.02,0.12,-0.23,-2.1,-2.48,9.486,9.545,9.741,9.722,10.1,9.71,9.81,9.91,-0.003,0.002,-0.008,0.0,0.01,-121.7552304,36.5875136,300.25
-7.7,0.7,0.4,0.0,0.42,-0.33,-0.18,0.04,-0.23,-2.11,-2.47,9.369,9.604,9.849,9.771,10.1,9.91,9.81,9.71,-0.003,0.002,-0.008,0.0,0.01,-121.7552304,36.5875135,300.3
-7.7,0.7,0.0,0.0,0.4,-0.35,0.01,-0.02,0.25,-2.11,-2.46,9.496,9.682,9.751,9.771,10.01,9.81,9.71,9.61,-0.003,0.002,-0.008,0.0,0.01,-121.7552305,36.5875135,300.35
-7.7,0.7,0.0,0.0,0.43,-0.36,-0.1,-0.14,-0.27,-2.11,-2.48,9.506,9.653,9.839,9.771,10.01,9.81,9.91,9.91,-0.003,0.002,-0.008,0.0,0.01,-121.7552305,36.5875135,300.4
-7.7,0.7,0.0,0.0,0.4,-0.39,-0.23,0.18,-0.48,-2.11,-2.47,9.476,9.575,9.82,9.673,10.1,9.71,9.91,10.01,-0.003,0.002,-0.008,0.0,0.01,-121.7552305,36.5875135,300.45
-7.7,0.7,0.4,0.0,0.43,-0.36,0.13,-0.09,0.08,-2.11,-2.46,9.378,9.624,9.81,9.692,10.01,9.91,9.81,10.1,-0.003,0.002,-0.008,0.0,0.01,-121.7552305,36.5875135,300.5
-7.7,0.7,0.0,0.0,0.41,-0.37,-0.34,-0.04,0.2,-2.11,-2.46,9.486,9.624,9.859,9.673,10.1,9.91,9.81,9.71,-0.003,0.002,-0.008,0.0,0.01,-121.7552305,36.5875135,300.55
-7.7,0.7,0.4,0.0,0.43,-0.34,-0.25,0.09,-0.12,-2.12,-2.46,9.535,9.604,9.81,9.624,10.5,9.61,9.91,9.91,-0.003,0.002,-0.008,0.0,0.01,-121.7552305,36.5875135,300.6
-7.7,0.7,0.0,0.0,0.41,-0.37,0.08,-0.36,0.2,-2.13,-2.46,9.418,9.633,9.82,9.722,10.01,9.91,9.91,10.01,-0.003,0.002,-0.008,0.0,0.01,-121.7552305,36.5875135,300.65
-7.7,0.7,0.4,0.0,0.4,-0.36,-0.19,0.57,-0.29,-2.11,-2.47,9.378,9.624,9.839,9.81,10.01,10.01,9.61,9.81,-0.003,0.002,-0.008,0.0,0.01,-121.7552305,36.5875135,300.7
-7.7,0.7,0.4,0.0,0.4,-0.36,0.18,-0.13,-0.0,-2.11,-2.47,9.476,9.682,9.81,9.692,10.01,9.71,9.81,10.01,-0.003,0.002,-0.008,0.0,0.01,-121.7552305,36.5875135,300.75
-7.7,0.7,0.4,0.0,0.43,-0.38,-0.21,0.06,0.02,-2.11,-2.47,9.516,9.633,9.898,9.624,9.91,10.1,9.71,9.52,-0.003,0.002,-0.008,0.0,0.01,-121.7552305,36.5875135,300.8
-7.7,0.7,0.4,0.0,0.39,-0.37,-0.15,0.05,-0.19,-2.11,-2.47,9.437,9.624,9.771,9.79,10.1,9.61,9.91,9.81,-0.003,0.002,-0.008,0.0,0.01,-121.7552305,36.5875135,300.85
-7.7,0.7,0.4,0.0,0.41,-0.36,0.1,0.17,0.03,-2.12,-2.45,9.408,9.624,9.849,9.692,10.4,9.91,9.81,9.81,-0.003,0.002,-0.008,0.0,0.01,-121.7552305,36.5875135,300.9
-7.7,0.7,0.4,0.0,0.4,-0.33,-0.01,-0.32,-0.31,-2.12,-2.47,9.457,9.663,9.839,9.741,10.2,9.81,9.81,9.81,-0.003,0.002,-0.008,0.0,0.01,-121.7552305,36.5875135,300.95
-7.7,0.7,0.4,0.01,0.4,-0.37,0.24,0.08,0.18,-2.11,-2.46,9.516,9.614,9.79,9.692,10.01,10.01,9.91,9.81,-0.003,0.002,-0.008,0.0,0.01,-121.7552304,36.5875135,301.0
-7.7,0.7,0.4,0.0,0.42,-0.38,0.29,0.05,-0.12,-2.11,-2.45,9.467,9.614,9.781,9.643,10.1,9.71,10.01,9.71,-0.003,0.002,-0.008,0.0,0.01,-121.7552305,36.5875135,301.05
-7.7,0.7,0.4,0.0,0.41,-0.36,-0.04,-0.03,-0.06,-2.11,-2.45,9.467,9.614,9.751,9.692,10.3,9.91,10.2,9.91,-0.003,0.002,-0.008,0.0,0.01,-121.7552304,36.5875135,301.1
-7.7,0.7,0.4,0.0,0.42,-0.33,-0.0,-0.14,-0.13,-2.12,-2.47,9.447,9.653,9.81,9.741,10.2,10.1,9.61,9.61,-0.003,0.002,-0.008,0.0,0.01,-121.7552304,36.5875135,301.15
-7.7,0.7,0.4,-0.0,0.4,-0.36,-0.17,0.15,-0.06,-2.12,-2.46,9.496,9.624,9.849,9.741,10.59,9.71,9.81,9.91,-0.003,0.002,-0.008,0.0,-0.0,-121.7552304,36.5875135,301.2
-7.7,0.7,0.4,0.0,0.42,-0.33,-0.01,0.1,0.21,-2.11,-2.46,9.496,9.604,9.751,9.79,10.4,9.81,9.71,9.81,-0.003,0.002,-0.008,0.0,0.01,-121.7552304,36.5875135,301.25
-7.7,0.7,0.4,-0.0,0.39,-0.38,-0.06,-0.0,-0.27,-2.11,-2.47,9.457,9.624,9.849,9.692,10.01,10.01,9.81,9.91,-0.003,0.002,-0.008,0.0,0.0,-121.7552304,36.5875135,301.3
-7.7,0.7,0.4,-0.0,0.42,-0.36,-0.03,0.21,0.02,-2.11,-2.47,9.447,9.653,9.898,9.849,10.1,9.81,9.81,10.1,-0.003,0.002,-0.008,0.0,-0.0,-121.7552304,36.5875135,301.35
-7.7,0.7,0.4,-0.0,0.46,-0.36,-0.39,0.28,0.06,-2.1,-2.49,9.486,9.594,9.839,9.771,10.2,9.91,10.1,10.1,-0.003,0.002,-0.008,0.0,-0.0,-121.7552304,36.5875135,301.4
-7.7,0.7,0.4,-0.01,0.41,-0.32,-0.18,-0.22,0.25,-2.11,-2.47,9.486,9.663,9.781,9.643,10.1,9.81,9.81,10.01,-0.003,0.002,-0.008,0.0,-0.0,-121.7552304,36.5875135,301.45
-7.7,0.7,0.4,-0.01,0.38,-0.36,0.4,0.0,-0.23,-2.11,-2.47,9.545,9.555,9.81,9.722,9.91,9.71,9.52,9.52,-0.003,0.002,-0.008,0.0,-0.0,-121.7552304,36.5875135,301.5
-7.7,0.7,0.4,-0.01,0.46,-0.37,0.17,0.02,0.04,-2.11,-2.47,9.418,9.594,9.81,9.692,10.1,9.71,9.91,9.91,-0.003,0.002,-0.008,0.0,-0.0,-121.7552304,36.5875135,301.55
-7.7,0.7,0.4,0.0,0.4,-0.37,0.2,-0.32,0.1,-2.11,-2.47,9.447,9.614,9.81,9.575,10.01,9.91,10.1,9.81,-0.003,0.002,-0.008,0.0,0.0,-121.7552304,36.5875135,301.6
-7.7,0.7,0.4,-0.0,0.42,-0.35,0.4,-0.3,-0.0,-2.12,-2.47,9.467,9.643,9.859,9.741,10.01,9.91,9.71,9.91,-0.003,0.002,-0.008,0.0,0.0,-121.7552304,36.5875135,301.65
-7.7,0.7,0.4,-0.01,0.4,-0.4,0.13,0.12,0.22,-2.12,-2.47,9.506,9.594,9.8,9.771,10.2,9.91,10.01,9.81,-0.003,0.002,-0.008,0.0,0.0,-121.7552304,36.5875135,301.7
-7.7,0.7,0.4,-0.01,0.39,-0.34,-0.29,0.14,-0.19,-2.12,-2.47,9.516,9.643,9.732,9.643,10.01,9.81,9.91,9.71,-0.003,0.002,-0.008,0.0,0.0,-121.7552304,36.5875135,301.75
-7.7,0.7,0.4,-0.0,0.37,-0.35,-0.05,-0.24,-0.16,-2.12,-2.48,9.496,9.633,9.859,9.741,10.1,9.71,9.61,9.71,-0.003,0.002,-0.008,0.0,0.0,-121.7552304,36.5875135,301.8
-7.7,0.7,0.4,0.0,0.42,-0.35,0.13,-0.08,-0.15,-2.12,-2.48,9.457,9.575,9.81,9.771,10.1,9.91,9.61,9.71,-0.003,0.002,-0.008,0.0,0.0,-121.7552304,36.5875135,301.85
-7.7,0.7,0.4,0.0,0.39,-0.37,-0.07,-0.11,0.17,-2.12,-2.48,9.496,9.604,9.781,9.673,10.2,9.61,9.81,10.01,-0.003,0.002,-0.008,0.0,-0.0,-121.7552304,36.5875135,301.9
-7.7,0.7,0.4,-0.01,0.43,-0.34,-0.3,0.26,-0.13,-2.12,-2.49,9.427,9.643,9.81,9.79,10.1,9.61,9.81,9.91,-0.003,0.002,-0.008,0.0,0.0,-121.7552304,36.5875135,301.95
-7.7,0.7,0.4,-0.01,0.37,-0.36,0.14,0.05,0.14,-2.12,-2.49,9.467,9.643,9.82,9.771,10.01,10.1,9.81,9.81,-0.003,0.002,-0.008,0.0,0.0,-121.7552304,36.5875135,302.0
-7.7,0.7,0.4,-0.01,0.41,-0.38,0.34,0.17,-0.41,-2.12,-2.49,9.486,9.594,9.8,9.771,10.01,10.1,9.91,10.01,-0.003,0.002,-0.008,0.0,0.01,-121.7552304,36.5875135,302.05
-7.7,0.7,0.4,-0.01,0.42,-0.36,-0.28,-0.04,0.04,-2.12,-2.5,9.486,9.633,9.81,9.722,10.2,10.01,10.2,9.81,-0.003,0.002,-0.008,0.0,0.0,-121.7552304,36.5875135,302.1
-7.7,0.7,0.4,0.0,0.42,-0.37,-0.07,-0.09,0.09,-2.12,-2.5,9.526,9.575,9.81,9.692,10.01,9.61,9.71,10.01,-0.003,0.002,-0.008,0.0,-0.0,-121.7552304,36.5875135,302.15
-7.7,0.7,0.4,-0.0,0.43,-0.37,0.27,-0.03,0.25,-2.12,-2.5,9.476,9.555,9.79,9.673,10.01,9.71,9.81,9.71,-0.003,0.002,-0.008,0.0,0.0,-121.7552304,36.5875135,302.2
-7.7,0.7,0.0,-0.0,0.41,-0.39,0.41,0.12,0.02,-2.13,-2.51,9.506,9.604,9.81,9.79,10.1,9.81,10.01,10.01,-0.003,0.002,-0.008,0.0,0.0,-121.7552304,36.5875135,302.25
-7.7,0.7,0.0,-0.0,0.45,-0.36,-0.22,0.09,-0.09,-2.12,-2.47,9.467,9.673,9.859,9.849,10.01,9.61,9.81,9.81,-0.003,0.002,-0.008,0.0,0.0,-121.7552304,36.5875135,302.3
-7.7,0.7,0.4,-0.0,0.45,-0.38,0.32,0.36,-0.12,-2.12,-2.48,9.545,9.594,9.761,9.771,10.4,9.81,9.81,9.81,-0.003,0.002,-0.008,0.0,0.0,-121.7552304,36.5875135,302.35
-7.7,0.7,0.0,-0.0,0.39,-0.35,0.1,0.01,0.05,-2.11,-2.46,9.506,9.643,9.79,9.692,10.2,9.61,9.81,10.01,-0.003,0.002,-0.008,0.0,0.0,-121.7552304,36.5875135,302.4
-7.7,0.7,0.0,-0.0,0.43,-0.36,-0.15,0.06,0.04,-2.11,-2.46,9.545,9.594,9.83,9.643,10.1,9.71,9.91,9.81,-0.003,0.002,-0.008,0.0,0.0,-121.7552304,36.5875135,302.45
-7.7,0.7,0.0,-0.0,0.4,-0.37,0.2,0.12,-0.02,-2.12,-2.48,9.398,9.673,9.781,9.79,10.01,9.71,9.61,9.71,-0.003,0.002,-0.008,0.0,0.0,-121.7552304,36.5875135,302.5
-7.7,0.7,0.0,-0.0,0.42,-0.38,0.05,-0.01,-0.03,-2.11,-2.46,9.486,9.624,9.722,9.771,10.2,9.81,10.01,9.91,-0.003,0.002,-0.008,0.0,0.0,-121.7552304,36.5875135,302.55
-7.7,0.7,0.0,-0.0,0.44,-0.34,-0.04,0.08,0.16,-2.12,-2.46,9.506,9.604,9.79,9.692,10.01,9.81,9.71,9.91,-0.003,0.002,-0.008,0.0,0.0,-121.7552304,36.5875135,302.6
-7.7,0.7,0.0,-0.0,0.4,-0.32,-0.21,-0.04,0.05,-2.12,-2.46,9.526,9.604,9.751,9.643,10.1,9.81,9.91,10.01,-0.003,0.002,-0.008,0.0,0.0,-121.7552304,36.5875135,302.65
-7.7,0.7,0.0,-0.0,0.39,-0.36,-0.36,0.03,-0.09,-2.11,-2.47,9.467,9.643,9.8,9.722,10.2,9.81,9.81,10.01,-0.003,0.002,-0.008,0.0,0.0,-121.7552304,36.5875135,302.7
-7.7,0.7,0.4,-0.0,0.36,-0.36,-0.17,-0.04,0.08,-2.11,-2.46,9.496,9.604,9.849,9.849,10.3,9.81,9.91,9.91,-0.003,0.002,-0.008,0.0,0.0,-121.7552304,36.5875135,302.75
-7.7,0.7,0.4,-0.0,0.43,-0.34,-0.2,0.09,-0.08,-2.11,-2.47,9.467,9.594,9.81,9.692,10.2,10.1,9.91,9.81,-0.003,0.002,-0.008,0.0,0.0,-121.7552304,36.5875135,302.8
-7.7,0.7,0.4,-0.0,0.41,-0.36,0.01,-0.13,0.22,-2.11,-2.45,9.388,9.653,9.82,9.741,10.1,9.81,9.52,10.1,-0.003,0.002,-0.008,0.0,0.0,-121.7552304,36.5875136,302.85
-7.7,0.7,0.4,-0.0,0.46,-0.37,-0.24,-0.18,-0.17,-2.12,-2.47,9.437,9.624,9.771,9.722,9.91,9.91,9.61,10.1,-0.003,0.002,-0.008,0.0,0.0,-121.7552304,36.5875136,302.9
-7.7,0.7,0.0,-0.0,0.38,-0.32,-0.02,0.07,0.24,-2.11,-2.46,9.535,9.594,9.781,9.741,10.3,9.71,10.2,9.61,-0.003,0.002,-0.008,0.0,0.0,-121.7552304,36.5875136,302.95
-7.7,0.7,0.4,-0.0,0.43,-0.38,0.18,0.08,0.13,-2.1,-2.45,9.496,9.594,9.82,9.722,9.91,9.81,9.71,10.01,-0.003,0.002,-0.008,0.0,0.01,-121.7552304,36.5875136,303.0
-7.7,0.7,0.4,-0.0,0.4,-0.36,0.06,-0.01,0.02,-2.1,-2.45,9.486,9.594,9.79,9.81,10.1,9.91,9.91,9.91,-0.003,0.002,-0.008,0.0,0.01,-121.7552304,36.5875136,303.05
-7.7,0.7,0.4,-0.0,0.44,-0.36,-0.06,0.19,-0.11,-2.11,-2.46,9.457,9.614,9.83,9.692,10.2,9.61,9.71,10.1,-0.003,0.002,-0.008,0.0,0.01,-121.7552304,36.5875136,303.1
-7.7,0.7,0.0,-0.0,0.36,-0.33,0.12,0.14,-0.33,-2.11,-2.45,9.496,9.653,9.732,9.79,10.3,10.1,9.42,10.01,-0.003,0.002,-0.008,0.0,0.01,-121.7552304,36.5875136,303.15
-7.7,0.7,0.4,-0.0,0.41,-0.37,0.12,0.14,-0.09,-2.11,-2.44,9.565,9.565,9.761,9.722,10.4,9.71,9.61,9.91,-0.003,0.002,-0.008,0.0,0.01,-121.7552304,36.5875136,303.2
-7.7,0.7,0.4,-0.0,0.41,-0.34,-0.2,-0.17,0.09,-2.11,-2.45,9.545,9.633,9.879,9.741,10.1,9.71,9.61,10.01,-0.003,0.002,-0.008,0.0,0.01,-121.7552304,36.5875136,303.25
-7.7,0.7,0.4,-0.0,0.43,-0.41,-0.31,-0.12,-0.16,-2.11,-2.44,9.486,9.633,9.81,9.722,10.1,9.81,9.81,10.1,-0.003,0.002,-0.008,0.0,0.01,-121.7552304,36.5875136,303.3
-7.7,0.7,0.0,-0.0,0.4,-0.33,-0.05,0.25,0.07,-2.11,-2.42,9.447,9.643,9.83,9.771,9.91,9.81,9.81,10.2,-0.003,0.002,-0.008,0.0,0.01,-121.7552304,36.5875136,303.35
-7.7,0.7,0.0,-0.0,0.42,-0.33,-0.15,0.19,-0.06,-2.11,-2.41,9.614,9.584,9.771,9.722,10.3,10.01,9.91,9.91,-0.003,0.002,-0.008,0.0,0.01,-121.7552304,36.5875136,303.4
-7.7,0.7,0.0,-0.0,0.42,-0.36,-0.04,0.24,-0.28,-2.1,-2.46,9.496,9.604,9.771,9.673,10.01,10.01,9.52,9.61,-0.003,0.002,-0.008,0.0,0.01,-121.7552304,36.5875136,303.45
-7.7,0.7,0.0,-0.0,0.41,-0.34,-0.11,-0.27,-0.54,-2.14,-2.44,9.437,9.633,9.8,9.722,10.1,9.81,9.61,10.1,-0.003,0.002,-0.008,0.0,0.01,-121.7552304,36.5875136,303.5
-7.7,0.7,0.0,-0.0,0.41,-0.34,0.14,-0.21,0.13,-2.17,-2.43,9.545,9.594,9.781,9.643,10.3,9.71,10.2,9.71,-0.003,0.002,-0.008,0.0,0.01,-121.7552304,36.5875136,303.55
-7.7,0.7,0.0,-0.0,0.41,-0.37,-0.0,0.06,-0.23,-2.12,-2.46,9.535,9.584,9.83,9.643,10.2,9.81,9.71,10.01,-0.003,0.002,-0.008,0.0,0.01,-121.7552304,36.5875136,303.6
-7.8,0.7,0.4,-0.0,0.43,-0.32,-0.08,-0.03,0.04,-2.14,-2.45,9.516,9.624,9.692,9.771,10.2,9.71,9.61,9.81,-0.003,0.002,-0.008,0.0,0.01,-121.7552304,36.5875136,303.65
-7.7,0.7,0.4,-0.0,0.42,-0.38,0.28,-0.11,0.17,-2.15,-2.44,9.447,9.624,9.879,9.741,10.2,9.71,9.81,10.01,-0.003,0.002,-0.008,0.0,0.01,-121.7552304,36.5875136,303.7
-7.7,0.7,0.4,-0.0,0.42,-0.36,-0.04,0.21,0.05,-2.17,-2.43,9.496,9.604,9.849,9.79,10.3,9.81,9.71,9.81,-0.003,0.002,-0.008,0.0,0.01,-121.7552304,36.5875136,303.75
-7.7,0.7,0.4,-0.0,0.41,-0.34,-0.02,-0.2,0.17,-2.18,-2.42,9.545,9.535,9.81,9.741,10.2,9.81,10.01,10.01,-0.003,0.002,-0.008,0.0,0.01,-121.7552304,36.5875136,303.8
-7.7,0.7,0.4,-0.0,0.39,-0.32,-0.01,-0.14,-0.1,-2.2,-2.41,9.506,9.594,9.761,9.741,10.2,9.81,9.91,10.1,-0.003,0.002,-0.008,0.0,0.01,-121.7552304,36.5875136,303.85
-7.7,0.7,0.4,-0.0,0.42,-0.35,0.1,-0.02,0.1,-2.12,-2.46,9.467,9.673,9.781,9.771,10.1,9.91,9.81,10.01,-0.003,0.002,-0.008,0.0,0.01,-121.7552304,36.5875136,303.9
-7.7,0.7,0.4,-0.0,0.42,-0.37,-0.08,0.12,0.01,-2.1,-2.46,9.486,9.584,9.859,9.849,10.3,9.81,10.01,10.01,-0.003,0.002,-0.008,0.0,0.01,-121.7552304,36.5875136,303.95
-7.7,0.7,0.4,-0.0,0.4,-0.38,-0.14,-0.09,-0.18,-2.11,-2.46,9.506,9.614,9.761,9.771,10.3,9.81,9.61,10.1,-0.003,0.002,-0.008,0.0,0.01,-121.7552303,36.5875136,304.0
-7.7,0.7,0.4,-0.0,0.45,-0.38,-0.33,0.31,0.19,-2.1,-2.46,9.467,9.604,9.781,9.771,10.2,9.61,9.81,10.1,-0.003,0.002,-0.008,0.0,0.01,-121.7552303,36.5875136,304.05
-7.7,0.7,0.4,-0.01,0.43,-0.33,0.31,-0.23,-0.03,-2.11,-2.46,9.516,9.604,9.751,9.741,10.1,9.81,9.42,9.52,-0.003,0.002,-0.008,0.0,0.02,-121.7552303,36.5875136,304.1
-7.7,0.7,0.4,-0.0,0.41,-0.33,-0.04,0.25,0.14,-2.1,-2.46,9.486,9.545,9.83,9.741,10.1,9.91,10.1,10.01,-0.003,0.002,-0.008,0.0,0.01,-121.7552303,36.5875136,304.15
-7.7,0.7,0.4,-0.01,0.42,-0.35,0.08,0.21,0.14,-2.1,-2.46,9.486,9.584,9.81,9.741,10.01,9.71,10.01,9.71,-0.003,0.002,-0.008,0.0,0.02,-121.7552303,36.5875136,304.2
-7.7,0.7,0.4,-0.0,0.42,-0.37,-0.11,0.2,0.03,-2.12,-2.46,9.496,9.555,9.81,9.692,10.3,9.91,9.81,9.71,-0.003,0.002,-0.008,0.0,0.02,-121.7552303,36.5875136,304.25
-7.7,0.7,0.4,-0.0,0.4,-0.36,-0.1,-0.23,-0.09,-2.12,-2.46,9.496,9.584,9.849,9.79,10.2,9.71,9.61,9.91,-0.003,0.002,-0.008,0.0,0.02,-121.7552303,36.5875136,304.3
-7.7,0.7,0.4,-0.01,0.4,-0.36,0.29,0.41,-0.08,-2.11,-2.46,9.476,9.624,9.81,9.692,10.2,9.71,9.91,9.91,-0.003,0.002,-0.008,0.0,0.02,-121.7552303,36.5875136,304.35
-7.7,0.7,0.4,-0.01,0.37,-0.35,0.09,-0.09,0.16,-2.11,-2.45,9.555,9.594,9.781,9.692,9.91,9.61,10.1,9.81,-0.003,0.002,-0.008,0.0,0.02,-121.7552303,36.5875136,304.4
-7.7,0.7,0.4,-0.01,0.38,-0.35,0.39,0.3,0.08,-2.12,-2.46,9.496,9.594,9.781,9.741,10.1,9.81,9.71,9.71,-0.003,0.002,-0.008,0.0,0.02,-121.7552303,36.5875136,304.45
-7.8,0.7,0.4,-0.01,0.42,-0.36,-0.16,0.16,0.12,-2.11,-2.46,9.447,9.604,9.771,9.741,10.01,9.81,9.81,9.81,-0.003,0.002,-0.008,0.0,0.02,-121.7552303,36.5875136,304.5
-7.7,0.7,0.4,-0.01,0.4,-0.35,-0.06,-0.12,-0.33,-2.12,-2.45,9.516,9.604,9.781,9.771,10.2,9.81,9.91,9.81,-0.003,0.002,-0.008,0.0,0.02,-121.7552303,36.5875136,304.55
-7.7,0.7,0.4,-0.01,0.38,-0.32,0.12,-0.05,-0.19,-2.11,-2.46,9.496,9.682,9.839,9.692,10.3,9.81,9.52,9.81,-0.003,0.002,-0.008,0.0,0.02,-121.7552303,36.5875136,304.6
-7.7,0.7,0.4,-0.01,0.42,-0.36,0.22,-0.2,-0.02,-2.11,-2.46,9.506,9.584,9.8,9.741,10.4,9.91,9.81,10.01,-0.003,0.002,-0.008,0.0,0.02,-121.7552303,36.5875136,304.65
-7.7,0.7,0.4,-0.01,0.41,-0.36,0.02,-0.01,-0.02,-2.12,-2.45,9.535,9.555,9.761,9.692,10.2,9.81,9.91,10.1,-0.003,0.002,-0.008,0.0,0.02,-121.7552304,36.5875136,304.7
-7.7,0.7,0.4,-0.01,0.36,-0.34,-0.11,-0.29,-0.16,-2.13,-2.44,9.476,9.633,9.79,9.771,10.4,9.61,9.61,9.81,-0.003,0.002,-0.008,0.0,0.02,-121.7552304,36.5875136,304.75
-7.7,0.7,0.4,-0.01,0.46,-0.38,-0.11,0.21,-0.24,-2.15,-2.42,9.457,9.584,9.81,9.722,10.01,10.01,9.81,9.81,-0.003,0.002,-0.008,0.0,0.02,-121.7552304,36.5875136,304.8
-7.8,0.7,0.4,-0.01,0.41,-0.36,0.13,-0.08,0.03,-2.16,-2.41,9.545,9.555,9.83,9.722,10.1,9.42,9.61,9.81,-0.003,0.002,-0.008,0.0,0.02,-121.7552304,36.5875137,304.85
-7.7,0.7,0.4,-0.01,0.42,-0.36,-0.11,-0.04,-0.06,-2.17,-2.4,9.516,9.624,9.83,9.722,10.3,9.71,10.2,9.91,-0.003,0.002,-0.008,0.0,0.02,-121.7552304,36.5875137,304.9
-7.7,0.7,0.4,-0.01,0.39,-0.36,0.08,0.08,0.13,-2.18,-2.38,9.506,9.555,9.81,9.741,10.01,9.71,9.91,9.81,-0.003,0.002,-0.008,0.0,0.02,-121.7552304,36.5875137,304.95
-7.7,0.7,0.4,-0.01,0.41,-0.37,-0.01,0.24,-0.15,-2.19,-2.37,9.496,9.594,9.751,9.673,10.3,9.81,10.1,9.81,-0.003,0.002,-0.008,0.0,0.02,-121.7552304,36.5875137,305.0
-7.7,0.7,0.4,-0.01,0.39,-0.33,-0.05,-0.05,-0.17,-2.21,-2.35,9.526,9.594,9.81,9.771,10.2,9.81,9.42,9.61,-0.003,0.002,-0.008,0.0,0.02,-121.7552304,36.5875137,305.05
-7.7,0.7,0.4,-0.01,0.45,-0.34,0.01,0.09,0.21,-2.13,-2.45,9.496,9.545,9.79,9.692,10.4,9.91,9.61,10.01,-0.003,0.002,-0.008,0.0,0.02,-121.7552304,36.5875137,305.1
-7.7,0.7,0.4,-0.01,0.39,-0.36,0.26,0.15,0.17,-2.15,-2.43,9.506,9.594,9.761,9.692,10.2,9.61,10.1,9.71,-0.003,0.002,-0.008,0.0,0.03,-121.7552304,36.5875137,305.15
-7.7,0.7,0.4,-0.01,0.42,-0.33,-0.09,0.38,0.02,-2.1,-2.46,9.457,9.614,9.781,9.722,10.2,9.71,9.91,10.01,-0.003,0.002,-0.008,0.0,0.02,-121.7552304,36.5875137,305.2
-7.7,0.7,0.4,-0.01,0.42,-0.35,-0.05,-0.15,-0.13,-2.12,-2.46,9.476,9.594,9.81,9.771,10.2,9.91,9.42,9.71,-0.003,0.002,-0.008,0.0,0.03,-121.7552304,36.5875137,305.25
-7.7,0.7,0.4,-0.01,0.48,-0.32,0.13,0.01,-0.14,-2.12,-2.47,9.447,9.673,9.8,9.81,10.3,9.52,9.81,9.81,-0.003,0.002,-0.008,0.0,0.03,-121.7552304,36.5875137,305.3
-7.7,0.7,0.4,-0.01,0.4,-0.37,0.24,0.27,-0.15,-2.13,-2.47,9.545,9.604,9.839,9.741,10.2,9.91,9.81,9.91,-0.003,0.002,-0.008,0.0,0.03,-121.7552304,36.5875137,305.35
-7.7,0.7,0.4,-0.01,0.44,-0.34,-0.04,0.13,0.17,-2.14,-2.48,9.447,9.584,9.761,9.81,10.1,9.81,9.81,10.01,-0.003,0.002,-0.008,0.0,0.03,-121.7552304,36.5875137,305.4
-7.7,0.7,0.4,-0.01,0.42,-0.35,-0.11,0.2,0.09,-2.15,-2.49,9.535,9.584,9.751,9.604,10.3,9.81,9.52,9.81,-0.003,0.002,-0.008,0.0,0.03,-121.7552304,36.5875137,305.45
-7.7,0.7,0.4,-0.01,0.4,-0.32,0.05,-0.07,-0.21,-2.15,-2.49,9.486,9.594,9.82,9.81,10.3,9.52,9.52,9.71,-0.003,0.002,-0.008,0.0,0.03,-121.7552304,36.5875137,305.5
-7.7,0.7,0.4,-0.01,0.41,-0.31,-0.04,-0.21,-0.08,-2.16,-2.5,9.535,9.535,9.81,9.79,10.1,9.81,9.32,9.91,-0.003,0.002,-0.008,0.0,0.03,-121.7552304,36.5875137,305.55
-7.7,0.7,0.4,-0.01,0.41,-0.37,-0.08,0.21,0.02,-2.17,-2.51,9.486,9.624,9.81,9.722,10.01,9.71,9.52,10.01,-0.003,0.002,-0.008,0.0,0.03,-121.7552304,36.5875137,305.6
-7.7,0.7,0.4,-0.01,0.43,-0.36,-0.04,-0.26,0.08,-2.17,-2.51,9.506,9.565,9.741,9.722,10.4,9.91,9.81,9.91,-0.003,0.002,-0.008,0.0,0.03,-121.7552304,36.5875137,305.65
-7.7,0.7,0.4,-0.0,0.42,-0.33,0.31,-0.32,0.07,-2.18,-2.52,9.555,9.584,9.771,9.624,10.2,9.71,9.81,9.91,-0.003,0.002,-0.008,0.0,0.0,-121.7552304,36.5875137,305.7
-7.7,0.7,0.4,0.0,0.44,-0.34,-0.22,0.01,0.23,-2.19,-2.53,9.467,9.594,9.81,9.722,10.3,9.71,9.91,9.71,-0.003,0.002,-0.008,0.0,-0.0,-121.7552304,36.5875137,305.75
-7.7,0.7,0.4,0.0,0.45,-0.33,0.03,0.2,-0.01,-2.2,-2.53,9.388,9.614,9.8,9.741,10.2,9.71,9.81,10.1,-0.003,0.002,-0.008,0.0,0.0,-121.7552304,36.5875137,305.8
-7.7,0.7,0.4,-0.0,0.4,-0.35,0.06,-0.15,0.04,-2.2,-2.54,9.565,9.545,9.8,9.771,10.1,9.81,9.81,9.61,-0.003,0.002,-0.008,0.0,0.0,-121.7552304,36.5875137,305.85
-7.7,0.7,0.4,-0.0,0.38,-0.34,0.11,0.34,-0.2,-2.21,-2.55,9.506,9.633,9.81,9.771,9.91,9.91,9.52,10.01,-0.003,0.002,-0.008,0.0,0.0,-121.7552304,36.5875137,305.9
-7.7,0.7,0.4,-0.0,0.4,-0.33,-0.25,0.09,-0.35,-2.22,-2.55,9.496,9.653,9.751,9.771,10.1,10.01,9.91,10.01,-0.003,0.002,-0.008,0.0,0.0,-121.7552304,36.5875137,305.95
-7.7,0.7,0.4,-0.0,0.42,-0.32,0.02,0.1,-0.15,-2.12,-2.46,9.486,9.614,9.82,9.673,10.4,10.01,9.61,9.91,-0.003,0.002,-0.008,0.0,0.0,-121.7552304,36.5875137,306.0
-7.7,0.7,0.4,0.0,0.41,-0.37,0.25,-0.11,0.18,-2.12,-2.46,9.506,9.584,9.83,9.692,9.81,9.81,9.81,9.91,-0.003,0.002,-0.008,0.0,-0.0,-121.7552304,36.5875137,306.05
-7.7,0.7,0.4,0.0,0.43,-0.36,-0.15,0.16,0.18,-2.12,-2.45,9.467,9.624,9.81,9.79,10.2,9.81,9.81,9.71,-0.003,0.002,-0.008,0.0,-0.0,-121.7552304,36.5875137,306.1
-7.7,0.7,0.4,-0.0,0.44,-0.38,0.24,0.3,-0.18,-2.11,-2.46,9.486,9.624,9.761,9.741,9.91,9.91,9.81,9.81,-0.003,0.002,-0.008,0.0,-0.0,-121.7552304,36.5875137,306.15
-7.7,0.7,0.4,-0.0,0.47,-0.34,-0.03,0.28,0.04,-2.12,-2.47,9.535,9.584,9.83,9.722,10.1,9.81,10.01,9.91,-0.003,0.002,-0.008,0.0,-0.0,-121.7552304,36.5875137,306.2
-7.7,0.7,0.4,-0.0,0.39,-0.37,0.11,-0.16,0.09,-2.12,-2.46,9.516,9.614,9.732,9.673,10.3,9.61,9.61,9.71,-0.003,0.002,-0.008,0.0,-0.0,-121.7552304,36.5875137,306.25
-7.7,0.7,0.4,-0.0,0.38,-0.37,-0.1,0.07,0.25,-2.11,-2.46,9.418,9.692,9.741,9.849,10.3,9.81,9.91,9.91,-0.003,0.002,-0.008,0.0,-0.0,-121.7552304,36.5875137,306.3
-7.7,0.7,0.4,-0.0,0.42,-0.35,0.04,0.16,0.18,-2.11,-2.46,9.526,9.584,9.732,9.673,10.1,9.71,9.81,9.81,-0.003,0.002,-0.008,0.0,-0.0,-121.7552304,36.5875137,306.35
-7.7,0.7,0.4,-0.0,0.41,-0.37,-0.31,-0.09,0.16,-2.12,-2.46,9.496,9.594,9.81,9.741,10.2,9.52,9.91,9.81,-0.003,0.002,-0.008,0.0,-0.0,-121.7552304,36.5875137,306.4
-7.8,0.7,0.4,-0.0,0.42,-0.35,0.24,-0.05,0.27,-2.11,-2.46,9.457,9.624,9.79,9.722,10.2,9.81,9.52,10.1,-0.003,0.002,-0.008,0.0,-0.0,-121.7552304,36.5875137,306.45
-7.8,0.7,0.4,-0.0,0.39,-0.33,-0.04,0.1,0.16,-2.11,-2.46,9.457,9.682,9.81,9.79,9.81,10.1,9.81,10.01,-0.003,0.002,-0.008,0.0,-0.01,-121.7552304,36.5875137,306.5
-7.7,0.7,0.4,-0.0,0.41,-0.39,0.03,0.22,-0.45,-2.11,-2.47,9.535,9.565,9.79,9.79,10.2,9.61,9.81,9.91,-0.003,0.002,-0.008,0.0,-0.01,-121.7552304,36.5875137,306.55
-7.8,0.7,0.4,-0.01,0.4,-0.4,0.16,0.28,0.08,-2.12,-2.46,9.506,9.643,9.8,9.673,9.91,9.91,9.81,9.91,-0.003,0.002,-0.008,0.0,-0.01,-121.7552304,36.5875136,306.6
-7.7,0.7,0.4,-0.01,0.39,-0.34,0.25,-0.17,-0.18,-2.13,-2.46,9.476,9.594,9.8,9.81,10.01,9.61,9.91,9.81,-0.003,0.002,-0.008,0.0,-0.01,-121.7552304,36.5875136,306.65
-7.8,0.7,0.4,-0.01,0.42,-0.37,-0.19,0.15,-0.12,-2.11,-2.46,9.476,9.535,9.781,9.692,9.91,9.61,9.81,9.81,-0.003,0.002,-0.008,0.0,-0.01,-121.7552304,36.5875136,306.7
-7.7,0.7,0.4,-0.01,0.43,-0.36,-0.01,-0.1,-0.21,-2.13,-2.46,9.476,9.535,9.761,9.771,10.1,9.91,9.81,9.71,-0.003,0.002,-0.008,0.0,-0.01,-121.7552304,36.5875136,306.75
-7.8,0.7,0.4,-0.01,0.39,-0.35,0.16,0.1,-0.01,-2.11,-2.46,9.486,9.633,9.741,9.643,10.1,10.1,10.2,9.81,-0.003,0.002,-0.008,0.0,-0.01,-121.7552304,36.5875136,306.8
-7.7,0.7,0.4,-0.01,0.43,-0.36,-0.36,-0.13,-0.21,-2.13,-2.46,9.496,9.594,9.8,9.771,10.1,10.01,9.61,9.61,-0.003,0.002,-0.008,0.0,-0.01,-121.7552304,36.5875136,306.85
-7.7,0.7,0.4,-0.01,0.4,-0.34,0.22,-0.38,-0.2,-2.13,-2.46,9.427,9.624,9.81,9.692,10.3,9.71,9.81,9.81,-0.003,0.002,-0.008,0.0,-0.01,-121.7552304,36.5875136,306.9
-7.8,0.7,0.4,-0.01,0.41,-0.34,-0.27,0.03,0.19,-2.12,-2.46,9.516,9.594,9.849,9.624,9.91,9.61,10.1,10.1,-0.003,0.002,-0.008,0.0,-0.01,-121.7552304,36.5875136,306.95
-7.7,0.7,0.4,-0.01,0.45,-0.37,0.12,0.04,-0.08,-2.13,-2.46,9.437,9.604,9.79,9.722,10.01,9.71,9.71,10.01,-0.003,0.002,-0.008,0.0,-0.01,-121.7552304,36.5875136,307.0
-7.7,0.7,0.4,-0.01,0.4,-0.36,-0.12,0.12,0.05,-2.11,-2.46,9.408,9.565,9.81,9.741,10.3,9.81,9.52,9.91,-0.003,0.002,-0.008,0.0,-0.01,-121.7552304,36.5875136,307.05
-7.7,0.7,0.4,-0.01,0.38,-0.37,-0.09,0.07,0.13,-2.11,-2.46,9.496,9.624,9.781,9.722,10.2,9.61,10.01,9.81,-0.003,0.002,-0.008,0.0,-0.01,-121.7552304,36.5875136,307.1
-7.7,0.7,0.4,-0.01,0.43,-0.37,-0.22,-0.0,0.19,-2.12,-2.46,9.486,9.614,9.79,9.771,9.91,10.1,9.81,9.91,-0.003,0.002,-0.008,0.0,-0.01,-121.7552304,36.5875136,307.15
-7.7,0.7,0.4,-0.01,0.4,-0.34,-0.13,0.01,-0.03,-2.12,-2.46,9.486,9.624,9.8,9.722,10.2,9.71,9.71,10.01,-0.003,0.002,-0.008,0.0,-0.01,-121.7552304,36.5875136,307.2
-7.7,0.7,0.4,-0.01,0.43,-0.34,-0.28,-0.24,-0.23,-2.13,-2.47,9.418,9.653,9.741,9.692,10.4,9.71,9.91,9.91,-0.003,0.002,-0.008,0.0,-0.01,-121.7552304,36.5875136,307.25
-7.7,0.7,0.4,-0.01,0.4,-0.36,0.19,0.01,-0.27,-2.11,-2.47,9.457,9.584,9.81,9.741,10.01,9.81,9.81,9.71,-0.003,0.002,-0.008,0.0,-0.01,-121.7552304,36.5875136,307.3
-7.7,0.7,0.4,-0.01,0.4,-0.39,0.01,0.11,-0.03,-2.1,-2.46,9.496,9.575,9.781,9.771,10.3,9.81,9.42,9.91,-0.003,0.002,-0.008,0.0,-0.01,-121.7552304,36.5875136,307.35
-7.7,0.7,0.4,-0.01,0.41,-0.35,-0.19,0.1,-0.21,-2.11,-2.45,9.496,9.584,9.751,9.81,10.1,9.81,9.91,9.91,-0.003,0.002,-0.008,0.0,-0.02,-121.7552304,36.5875136,307.4
-7.7,0.7,0.4,-0.02,0.4,-0.37,0.05,0.09,0.1,-2.12,-2.48,9.486,9.575,9.869,9.771,10.2,9.52,10.01,10.01,-0.003,0.002,-0.008,0.0,-0.01,-121.7552304,36.5875136,307.45
-7.7,0.7,0.4,-0.02,0.39,-0.35,0.16,-0.03,-0.17,-2.11,-2.47,9.496,9.633,9.82,9.692,10.4,9.81,9.81,10.01,-0.003,0.002,-0.008,0.0,-0.01,-121.7552304,36.5875136,307.5
-7.7,0.7,0.4,-0.02,0.38,-0.37,-0.06,0.18,0.02,-2.11,-2.46,9.526,9.584,9.751,9.741,10.3,9.91,9.71,9.81,-0.003,0.002,-0.008,0.0,-0.02,-121.7552304,36.5875136,307.55
-7.7,0.7,0.4,-0.02,0.47,-0.44,-0.19,0.08,-0.09,-2.11,-2.47,9.457,9.584,9.732,9.741,10.3,9.71,9.91,10.1,-0.003,0.002,-0.008,0.0,-0.02,-121.7552304,36.5875136,307.6
-7.7,0.7,0.4,-0.02,0.41,-0.34,0.08,-0.16,-0.05,-2.13,-2.46,9.506,9.575,9.8,9.692,10.1,9.81,9.81,9.91,-0.003,0.002,-0.008,0.0,-0.02,-121.7552304,36.5875136,307.65
-7.7,0.7,0.4,-0.02,0.41,-0.36,-0.13,-0.16,-0.23,-2.12,-2.47,9.447,9.594,9.82,9.673,9.91,9.52,9.71,10.01,-0.003,0.002,-0.008,0.0,-0.02,-121.7552304,36.5875136,307.7
-7.7,0.7,0.4,0.0,0.41,-0.38,0.15,-0.03,0.31,-2.12,-2.46,9.467,9.682,9.751,9.692,10.1,9.71,9.81,9.91,-0.003,0.002,-0.008,0.0,-0.0,-121.7552304,36.5875136,307.75
-7.7,0.7,0.4,0.0,0.39,-0.32,0.03,-0.06,0.01,-2.11,-2.48,9.467,9.604,9.722,9.604,10.3,9.91,9.81,9.71,-0.003,0.002,-0.008,0.0,-0.0,-121.7552304,36.5875136,307.8
-7.7,0.7,0.4,0.0,0.41,-0.41,0.28,0.16,-0.1,-2.12,-2.46,9.457,9.653,9.839,9.692,10.3,9.71,10.1,9.81,-0.003,0.002,-0.008,0.0,0.0,-121.7552304,36.5875136,307.85
-7.7,0.7,0.4,-0.0,0.32,-0.24,0.37,-0.04,0.0,-2.13,-2.47,9.496,9.614,9.79,9.771,10.01,9.91,10.1,9.71,-0.003,0.002,-0.008,0.0,0.0,-121.7552304,36.5875136,307.9
-7.7,0.7,0.4,0.0,0.36,-0.36,-0.04,-0.22,0.32,-2.13,-2.46,9.476,9.584,9.869,9.692,10.01,9.52,10.2,9.81,-0.003,0.002,-0.008,0.0,-0.0,-121.7552304,36.5875136,307.95
-7.7,0.7,0.4,-0.0,0.44,-0.38,0.18,0.32,-0.3,-2.13,-2.45,9.526,9.565,9.81,9.81,10.01,9.81,9.61,9.71,-0.003,0.002,-0.008,0.0,0.0,-121.7552304,36.5875136,308.0
-7.7,0.7,0.4,-0.01,0.42,-0.35,0.01,-0.22,0.21,-2.13,-2.46,9.516,9.575,9.81,9.741,10.1,9.81,9.91,9.61,-0.003,0.002,-0.008,0.0,0.0,-121.7552304,36.5875136,308.05
-7.7,0.7,0.4,-0.01,0.39,-0.35,0.19,-0.16,0.15,-2.13,-2.46,9.496,9.604,9.761,9.722,10.5,9.52,9.81,9.81,-0.003,0.002,-0.008,0.0,0.0,-121.7552304,36.5875136,308.1
-7.7,0.7,0.4,-0.01,0.4,-0.34,0.03,0.02,-0.04,-2.12,-2.47,9.535,9.555,9.79,9.692,10.01,9.91,9.71,9.71,-0.003,0.002,-0.008,0.0,0.0,-121.7552304,36.5875136,308.15
-7.7,0.7,0.4,-0.0,0.44,-0.37,-0.11,0.06,0.03,-2.12,-2.47,9.565,9.545,9.8,9.771,10.01,9.71,9.81,10.01,-0.003,0.002,-0.008,0.0,0.01,-121.7552304,36.5875136,308.2
-7.7,0.7,0.4,-0.01,0.38,-0.33,-0.14,-0.05,0.18,-2.11,-2.46,9.516,9.594,9.722,9.692,9.91,9.91,9.81,9.71,-0.003,0.002,-0.008,0.0,0.0,-121.7552304,36.5875136,308.25
-7.7,0.7,0.4,-0.01,0.43,-0.36,-0.29,0.08,0.1,-2.12,-2.46,9.408,9.663,9.79,9.771,10.1,9.81,9.81,10.01,-0.003,0.002,-0.008,0.0,0.0,-121.7552304,36.5875136,308.3
-7.7,0.7,0.4,-0.0,0.39,-0.35,0.07,0.11,-0.21,-2.11,-2.47,9.457,9.555,9.81,9.771,10.01,9.71,9.81,10.01,-0.003,0.002,-0.008,0.0,0.01,-121.7552304,36.5875135,308.35
-7.7,0.7,0.4,-0.0,0.43,-0.38,-0.21,0.04,-0.07,-2.11,-2.47,9.476,9.643,9.771,9.692,10.2,9.81,9.81,9.61,-0.003,0.002,-0.008,0.0,0.01,-121.7552304,36.5875135,308.4
-7.7,0.7,0.4,-0.01,0.43,-0.39,0.23,0.27,0.12,-2.11,-2.46,9.457,9.653,9.859,9.771,10.01,9.61,9.81,9.91,-0.003,0.002,-0.008,0.0,0.0,-121.7552304,36.5875135,308.45
-7.7,0.7,0.4,-0.01,0.42,-0.39,0.19,0.33,-0.01,-2.11,-2.46,9.437,9.663,9.83,9.771,10.3,9.61,9.71,9.91,-0.003,0.002,-0.008,0.0,0.0,-121.7552304,36.5875135,308.5
-7.7,0.7,0.4,-0.01,0.41,-0.34,-0.21,-0.21,0.03,-2.13,-2.46,9.447,9.624,9.79,9.741,10.01,9.81,9.81,9.71,-0.003,0.002,-0.008,0.0,0.01,-121.7552304,36.5875135,308.55
-7.7,0.7,0.4,-0.0,0.42,-0.38,-0.45,-0.09,0.08,-2.13,-2.47,9.516,9.614,9.849,9.692,9.71,9.42,9.61,9.81,-0.003,0.002,-0.008,0.0,0.01,-121.7552304,36.5875135,308.6
-7.7,0.7,0.4,-0.01,0.41,-0.33,-0.12,0.27,-0.05,-2.11,-2.47,9.418,9.575,9.839,9.673,9.91,9.81,9.52,10.1,-0.003,0.002,-0.008,0.0,0.02,-121.7552304,36.5875135,308.65
-7.7,0.7,0.4,-0.0,0.44,-0.4,-0.03,0.04,-0.15,-2.11,-2.47,9.457,9.575,9.751,9.771,10.3,9.71,9.81,9.81,-0.003,0.002,-0.008,0.0,0.01,-121.7552304,36.5875135,308.7
-7.7,0.7,0.4,-0.0,0.42,-0.34,0.02,0.18,-0.04,-2.13,-2.47,9.457,9.663,9.702,9.624,10.01,9.81,9.81,9.71,-0.003,0.002,-0.008,0.0,0.01,-121.7552304,36.5875135,308.75
-7.7,0.7,0.4,-0.01,0.4,-0.34,0.22,-0.07,0.28,-2.13,-2.47,9.486,9.633,9.83,9.771,10.1,9.71,9.61,9.52,-0.003,0.002,-0.008,0.0,0.02,-121.7552304,36.5875135,308.8
-7.7,0.7,0.4,-0.0,0.4,-0.36,-0.27,0.08,0.17,-2.12,-2.46,9.506,9.624,9.771,9.643,10.3,9.81,9.91,9.71,-0.003,0.002,-0.008,0.0,0.02,-121.7552304,36.5875135,308.85
-7.7,0.7,0.4,-0.0,0.39,-0.37,-0.04,0.01,0.18,-2.12,-2.47,9.516,9.555,9.8,9.741,10.3,9.91,9.81,9.91,-0.003,0.002,-0.008,0.0,0.02,-121.7552304,36.5875135,308.9
-7.7,0.7,0.4,-0.0,0.41,-0.32,0.11,0.28,0.11,-2.13,-2.48,9.486,9.614,9.81,9.673,10.2,9.52,9.71,9.71,-0.003,0.002,-0.008,0.0,0.02,-121.7552304,36.5875135,308.95
-7.7,0.7,0.4,-0.0,0.4,-0.38,0.04,-0.12,-0.21,-2.13,-2.47,9.506,9.584,9.83,9.673,10.2,9.61,9.81,9.81,-0.003,0.002,-0.008,0.0,0.02,-121.7552304,36.5875135,309.0
-7.7,0.7,0.4,-0.0,0.41,-0.35,-0.01,0.06,-0.2,-2.11,-2.47,9.486,9.614,9.81,9.673,10.2,10.01,9.61,9.81,-0.003,0.002,-0.008,0.0,0.03,-121.7552304,36.5875135,309.05
-7.7,0.7,0.4,-0.0,0.42,-0.35,-0.1,-0.09,0.06,-2.11,-2.47,9.457,9.555,9.879,9.81,10.1,9.91,9.61,10.1,-0.003,0.002,-0.008,0.0,0.03,-121.7552304,36.5875135,309.1
-7.7,0.7,0.4,-0.01,0.43,-0.38,0.03,-0.23,-0.3,-2.12,-2.45,9.457,9.584,9.79,9.81,10.3,9.81,9.52,9.71,-0.003,0.002,-0.008,0.0,0.03,-121.7552304,36.5875135,309.15
-7.7,0.7,0.4,-0.0,0.38,-0.38,0.32,0.13,0.04,-2.12,-2.46,9.565,9.565,9.722,9.673,10.4,9.81,10.2,9.91,-0.003,0.002,-0.008,0.0,0.01,-121.7552305,36.5875135,309.2
-7.7,0.7,0.4,-0.0,0.41,-0.35,0.18,0.02,0.0,-2.12,-2.48,9.476,9.633,9.81,9.741,10.4,10.01,9.81,10.01,-0.003,0.002,-0.008,0.0,0.01,-121.7552305,36.5875135,309.25
-7.7,0.7,0.4,-0.0,0.41,-0.36,-0.1,0.23,-0.16,-2.11,-2.47,9.418,9.633,9.869,9.692,10.3,9.91,9.71,9.61,-0.003,0.002,-0.008,0.0,0.01,-121.7552305,36.5875135,309.3
-7.7,0.7,0.4,-0.0,0.48,-0.37,0.0,0.11,0.23,-2.11,-2.46,9.437,9.594,9.849,9.771,10.1,9.91,9.81,10.01,-0.003,0.002,-0.008,0.0,0.01,-121.7552305,36.5875135,309.35
-7.7,0.7,0.4,-0.0,0.41,-0.35,-0.1,-0.02,0.02,-2.13,-2.46,9.467,9.633,9.79,9.722,9.91,9.61,9.81,9.91,-0.003,0.002,-0.008,0.0,0.01,-121.7552305,36.5875135,309.4
-7.7,0.7,0.4,-0.0,0.39,-0.36,0.05,-0.23,-0.2,-2.13,-2.46,9.486,9.663,9.79,9.673,10.01,9.91,9.71,9.61,-0.003,0.002,-0.008,0.0,0.01,-121.7552305,36.5875135,309.45
-7.7,0.7,0.4,-0.01,0.39,-0.36,0.23,0.17,0.06,-2.11,-2.46,9.447,9.663,9.8,9.79,10.3,9.71,9.91,10.01,-0.003,0.002,-0.008,0.0,0.01,-121.7552305,36.5875135,309.5
-7.8,0.7,0.4,-0.01,0.4,-0.35,-0.13,0.09,-0.34,-2.11,-2.46,9.496,9.584,9.869,9.692,9.81,9.81,9.81,10.01,-0.003,0.002,-0.008,0.0,0.01,-121.7552305,36.5875135,309.55
-7.8,0.7,0.4,-0.01,0.44,-0.4,-0.09,0.13,0.3,-2.11,-2.46,9.506,9.594,9.781,9.643,10.1,9.61,9.52,9.91,-0.003,0.002,-0.008,0.0,0.01,-121.7552305,36.5875135,309.6
-7.7,0.7,0.4,-0.01,0.4,-0.33,-0.07,0.1,0.1,-2.11,-2.44,9.437,9.604,9.81,9.673,10.2,9.81,9.71,9.81,-0.003,0.002,-0.008,0.0,0.01,-121.7552305,36.5875135,309.65
-7.8,0.7,0.4,-0.01,0.38,-0.35,0.26,-0.38,0.26,-2.12,-2.46,9.486,9.584,9.712,9.692,10.3,9.81,10.2,9.81,-0.003,0.002,-0.008,0.0,0.01,-121.7552305,36.5875135,309.7
-7.7,0.7,0.4,-0.01,0.38,-0.35,0.33,0.11,-0.05,-2.11,-2.46,9.486,9.653,9.781,9.741,10.2,9.91,10.01,9.61,-0.003,0.002,-0.008,0.0,0.01,-121.7552305,36.5875135,309.75
-7.7,0.7,0.4,-0.01,0.38,-0.35,0.09,-0.14,0.02,-2.12,-2.46,9.447,9.604,9.781,9.673,10.2,9.71,9.71,9.91,-0.003,0.002,-0.008,0.0,0.01,-121.7552305,36.5875135,309.8
-7.7,0.7,0.4,-0.02,0.43,-0.36,0.0,-0.11,0.06,-2.11,-2.45,9.476,9.594,9.81,9.643,10.2,9.61,9.61,9.91,-0.003,0.002,-0.008,0.0,0.01,-121.7552305,36.5875135,309.85
-7.7,0.7,0.4,-0.02,0.41,-0.33,0.12,-0.04,0.57,-2.11,-2.46,9.496,9.614,9.81,9.673,10.3,10.01,9.91,9.81,-0.003,0.002,-0.008,0.0,0.01,-121.7552305,36.5875135,309.9
-7.8,0.7,0.4,-0.02,0.39,-0.33,0.06,-0.07,0.04,-2.11,-2.46,9.486,9.584,9.79,9.81,10.2,9.81,9.81,9.71,-0.003,0.002,-0.008,0.0,0.01,-121.7552305,36.5875135,309.95
-7.7,0.7,0.4,-0.02,0.45,-0.34,-0.12,-0.35,0.08,-2.12,-2.46,9.467,9.653,9.83,9.673,10.2,9.91,9.91,10.2,-0.003,0.002,-0.008,0.0,0.01,-121.7552305,36.5875135,310.0
-7.7,0.7,0.4,-0.02,0.39,-0.37,0.04,-0.27,0.31,-2.12,-2.46,9.545,9.565,9.908,9.741,10.2,9.81,9.71,9.91,-0.003,0.002,-0.008,0.0,0.01,-121.7552305,36.5875135,310.05
-7.7,0.7,0.4,-0.02,0.46,-0.36,0.06,-0.1,0.01,-2.12,-2.46,9.457,9.604,9.81,9.673,10.3,9.71,9.81,9.61,-0.003,0.002,-0.008,0.0,0.01,-121.7552305,36.5875135,310.1
-7.7,0.7,0.4,-0.02,0.42,-0.39,0.01,-0.08,0.17,-2.11,-2.46,9.467,9.624,9.82,9.741,10.1,9.71,9.91,9.91,-0.003,0.002,-0.008,0.0,0.01,-121.7552305,36.5875135,310.15
-7.7,0.7,0.4,-0.03,0.41,-0.33,0.08,-0.16,0.12,-2.12,-2.46,9.535,9.633,9.81,9.692,10.2,9.61,9.81,9.81,-0.003,0.002,-0.008,0.0,0.01,-121.7552305,36.5875135,310.2
-7.7,0.7,0.4,-0.03,0.39,-0.37,0.44,0.03,0.12,-2.11,-2.46,9.526,9.545,9.79,9.741,9.91,9.71,9.81,9.71,-0.003,0.002,-0.008,0.0,0.01,-121.7552305,36.5875135,310.25
-7.7,0.7,0.4,-0.03,0.45,-0.38,0.03,-0.06,0.06,-2.11,-2.45,9.369,9.594,9.79,9.722,9.91,9.91,9.42,9.81,-0.003,0.002,-0.008,0.0,0.01,-121.7552305,36.5875135,310.3
-7.7,0.7,0.4,-0.03,0.39,-0.37,0.14,-0.07,0.02,-2.11,-2.46,9.467,9.643,9.869,9.643,10.3,9.81,10.1,10.1,-0.003,0.002,-0.008,0.0,0.01,-121.7552305,36.5875135,310.35
-7.7,0.7,0.4,-0.03,0.44,-0.38,0.07,0.18,-0.39,-2.1,-2.45,9.378,9.663,9.771,9.81,10.1,9.81,9.81,9.81,-0.003,0.002,-0.008,0.0,0.01,-121.7552305,36.5875135,310.4
-7.7,0.7,0.4,-0.03,0.38,-0.35,-0.08,0.5,-0.13,-2.11,-2.46,9.476,9.555,9.879,9.692,10.3,9.81,9.91,9.61,-0.003,0.002,-0.008,0.0,0.0,-121.7552305,36.5875135,310.45
-7.7,0.7,0.4,-0.03,0.5,-0.39,-0.25,-0.27,0.05,-2.09,-2.47,9.516,9.653,9.771,9.741,10.01,9.71,9.91,10.1,-0.003,0.002,-0.008,0.0,0.0,-121.7552305,36.5875135,310.5
-7.7,0.7,0.4,-0.0,0.35,-0.33,-0.07,-0.25,0.0,-2.06,-2.47,9.555,9.614,9.83,9.692,9.91,9.81,10.1,9.91,-0.003,0.002,-0.008,0.0,0.01,-121.7552305,36.5875135,310.55
-7.7,0.7,0.4,0.0,0.45,-0.37,0.12,0.14,0.46,-2.11,-2.46,9.476,9.653,9.839,9.722,10.3,9.81,9.61,9.71,-0.003,0.002,-0.008,0.0,0.01,-121.7552305,36.5875135,310.6
-7.7,0.7,0.4,0.0,0.45,-0.34,-0.26,-0.29,0.14,-2.11,-2.43,9.437,9.584,9.81,9.849,10.1,9.81,9.71,9.91,-0.003,0.002,-0.008,0.0,0.01,-121.7552305,36.5875135,310.65
-7.7,0.7,0.4,-0.0,0.42,-0.35,-0.11,0.14,-0.01,-2.12,-2.47,9.506,9.584,9.83,9.741,10.1,9.71,9.91,9.81,-0.003,0.002,-0.008,0.0,0.01,-121.7552305,36.5875135,310.7
-7.7,0.7,0.4,-0.0,0.42,-0.34,0.04,0.44,0.22,-2.1,-2.46,9.565,9.643,9.859,9.692,10.1,9.71,10.1,9.71,-0.003,0.002,-0.008,0.0,0.01,-121.7552305,36.5875135,310.75
-7.7,0.7,0.4,0.0,0.44,-0.35,0.07,0.13,-0.22,-2.14,-2.45,9.447,9.624,9.82,9.81,10.2,9.71,10.1,10.1,-0.003,0.002,-0.008,0.0,0.01,-121.7552305,36.5875135,310.8
-7.7,0.7,0.4,-0.01,0.43,-0.4,0.37,0.13,-0.07,-2.12,-2.46,9.447,9.624,9.83,9.771,10.2,9.81,9.61,9.91,-0.003,0.002,-0.008,0.0,0.01,-121.7552305,36.5875135,310.85
-7.7,0.7,0.4,-0.0,0.4,-0.36,0.19,0.22,-0.31,-2.11,-2.47,9.457,9.584,9.859,9.879,10.01,9.81,9.91,10.01,-0.003,0.002,-0.008,0.0,0.01,-121.7552305,36.5875135,310.9
-7.7,0.7,0.4,0.0,0.44,-0.4,0.04,-0.26,0.07,-2.12,-2.46,9.506,9.604,9.81,9.673,10.2,9.71,9.61,9.91,-0.003,0.002,-0.008,0.0,0.01,-121.7552305,36.5875135,310.95
-7.7,0.7,0.4,-0.0,0.45,-0.36,0.0,0.22,-0.25,-2.1,-2.47,9.476,9.624,9.82,9.771,10.2,10.01,9.71,10.01,-0.003,0.002,-0.008,0.0,0.0,-121.7552305,36.5875135,311.0
-7.7,0.7,0.4,0.0,0.46,-0.38,0.03,0.1,0.08,-2.11,-2.46,9.476,9.604,9.839,9.722,10.3,9.81,9.71,10.01,-0.003,0.002,-0.008,0.0,-0.0,-121.7552305,36.5875135,311.05
-7.7,0.7,0.4,0.0,0.41,-0.36,0.19,0.02,-0.35,-2.1,-2.47,9.506,9.604,9.79,9.771,10.3,10.01,9.81,9.81,-0.003,0.002,-0.008,0.0,-0.0,-121.7552305,36.5875135,311.1
-7.7,0.7,0.4,0.0,0.43,-0.34,-0.14,-0.3,0.04,-2.12,-2.46,9.418,9.663,9.751,9.741,9.91,9.81,9.61,9.81,-0.003,0.002,-0.008,0.0,-0.0,-121.7552305,36.5875135,311.15
-7.7,0.7,0.4,0.01,0.38,-0.36,0.15,-0.15,-0.07,-2.12,-2.46,9.467,9.633,9.83,9.692,9.91,9.71,9.71,9.81,-0.003,0.002,-0.008,0.0,-0.0,-121.7552305,36.5875135,311.2
-7.7,0.7,0.4,0.01,0.37,-0.36,0.32,-0.12,-0.2,-2.12,-2.47,9.408,9.653,9.732,9.722,10.1,9.61,9.71,9.81,-0.003,0.002,-0.008,0.0,-0.0,-121.7552305,36.5875135,311.25
-7.7,0.7,0.4,0.01,0.39,-0.4,0.23,0.29,0.16,-2.1,-2.46,9.467,9.584,9.81,9.771,10.01,9.81,9.91,9.91,-0.003,0.002,-0.008,0.0,-0.0,-121.7552305,36.5875135,311.3
-7.7,0.7,0.4,0.0,0.41,-0.36,-0.07,0.11,-0.25,-2.11,-2.47,9.427,9.653,9.741,9.879,10.4,9.61,9.61,9.91,-0.003,0.002,-0.008,0.0,-0.0,-121.7552305,36.5875135,311.35
-7.7,0.7,0.4,-0.01,0.41,-0.35,0.01,0.16,-0.29,-2.1,-2.47,9.506,9.604,9.79,9.673,10.01,9.71,9.81,9.61,-0.003,0.002,-0.008,0.0,0.0,-121.7552304,36.5875135,311.4
-7.7,0.7,0.4,-0.01,0.41,-0.37,0.34,-0.12,0.16,-2.11,-2.46,9.565,9.584,9.81,9.643,10.2,9.91,9.81,9.71,-0.003,0.002,-0.008,0.0,0.0,-121.7552304,36.5875135,311.45
-7.7,0.7,0.4,-0.01,0.42,-0.36,0.07,-0.25,-0.17,-2.11,-2.47,9.467,9.604,9.722,9.741,10.1,9.52,9.61,9.81,-0.003,0.002,-0.008,0.0,0.0,-121.7552304,36.5875135,311.5
-7.7,0.7,0.4,-0.01,0.4,-0.34,-0.27,0.14,0.12,-2.1,-2.46,9.496,9.565,9.82,9.643,10.4,9.61,9.91,9.81,-0.003,0.002,-0.008,0.0,0.0,-121.7552304,36.5875135,311.55
-7.7,0.7,0.4,0.0,0.41,-0.34,-0.05,-0.08,0.28,-2.11,-2.46,9.526,9.535,9.781,9.692,10.1,9.71,9.71,10.01,-0.003,0.002,-0.008,0.0,-0.0,-121.7552304,36.5875135,311.6
-7.7,0.7,0.4,-0.01,0.43,-0.35,0.02,0.05,0.16,-2.11,-2.48,9.476,9.633,9.839,9.722,9.81,9.71,9.91,10.1,-0.003,0.002,-0.008,0.0,0.0,-121.7552304,36.5875135,311.65
-7.7,0.7,0.4,0.0,0.41,-0.37,0.03,0.06,-0.02,-2.11,-2.47,9.408,9.643,9.839,9.79,10.01,9.81,9.71,9.81,-0.003,0.002,-0.008,0.0,-0.0,-121.7552304,36.5875135,311.7
-7.7,0.7,0.4,-0.01,0.41,-0.39,0.18,0.33,-0.03,-2.1,-2.47,9.584,9.555,9.81,9.673,10.2,9.81,9.61,9.81,-0.003,0.002,-0.008,0.0,0.0,-121.7552304,36.5875135,311.75
-7.7,0.7,0.4,0.0,0.38,-0.36,0.09,0.28,0.27,-2.1,-2.46,9.526,9.633,9.839,9.692,10.3,9.91,9.81,9.91,-0.003,0.002,-0.008,0.0,0.0,-121.7552304,36.5875135,311.8
-7.7,0.7,0.4,-0.0,0.47,-0.37,-0.4,0.06,-0.09,-2.1,-2.48,9.467,9.643,9.81,9.741,10.3,9.71,9.81,9.91,-0.003,0.002,-0.008,0.0,0.0,-121.7552304,36.5875135,311.85
-7.7,0.7,0.4,0.0,0.43,-0.37,-0.34,-0.15,0.23,-2.11,-2.46,9.486,9.604,9.849,9.741,10.2,9.81,9.81,9.91,-0.003,0.002,-0.008,0.0,-0.0,-121.7552304,36.5875135,311.9
-7.7,0.7,0.4,0.0,0.39,-0.33,-0.38,0.04,-0.15,-2.1,-2.49,9.526,9.575,9.751,9.673,10.2,9.91,9.91,9.71,-0.003,0.002,-0.008,0.0,-0.0,-121.7552304,36.5875135,311.95
-7.7,0.7,0.4,-0.0,0.35,-0.3,-0.01,-0.22,-0.03,-2.11,-2.47,9.506,9.614,9.771,9.624,10.01,9.91,9.81,10.01,-0.003,0.002,-0.008,0.0,0.0,-121.7552304,36.5875135,312.0
-7.7,0.7,0.4,0.0,0.42,-0.34,-0.31,-0.04,-0.07,-2.1,-2.47,9.476,9.584,9.781,9.771,10.1,9.71,9.81,9.71,-0.003,0.002,-0.008,0.0,-0.0,-121.7552304,36.5875135,312.05
-7.7,0.7,0.4,-0.0,0.4,-0.37,0.02,-0.28,0.14,-2.11,-2.46,9.575,9.594,9.8,9.692,10.2,9.71,9.61,9.91,-0.003,0.002,-0.008,0.0,-0.0,-121.7552304,36.5875135,312.1
-7.7,0.7,0.4,-0.0,0.42,-0.35,0.13,-0.08,-0.05,-2.11,-2.47,9.496,9.633,9.83,9.575,10.3,9.81,9.91,9.71,-0.003,0.002,-0.008,0.0,0.0,-121.7552304,36.5875135,312.15
-7.7,0.7,0.4,-0.0,0.41,-0.37,0.24,-0.07,0.31,-2.11,-2.46,9.408,9.732,9.839,9.741,10.4,9.81,9.81,9.61,-0.003,0.002,-0.008,0.0,0.0,-121.7552304,36.5875135,312.2
-7.7,0.7,0.4,-0.0,0.41,-0.34,0.29,-0.13,-0.22,-2.11,-2.47,9.437,9.624,9.83,9.879,10.1,9.61,9.81,9.52,-0.003,0.002,-0.008,0.0,0.0,-121.7552304,36.5875135,312.25
-7.7,0.7,0.4,-0.0,0.42,-0.37,0.23,0.07,-0.0,-2.11,-2.48,9.496,9.624,9.761,9.741,10.2,10.01,9.81,9.91,-0.003,0.002,-0.008,0.0,0.0,-121.7552304,36.5875135,312.3
-7.7,0.7,0.4,-0.0,0.39,-0.36,0.12,-0.01,0.25,-2.11,-2.48,9.516,9.584,9.79,9.741,10.3,9.71,9.81,9.91,-0.003,0.002,-0.008,0.0,-0.0,-121.7552304,36.5875135,312.35
-7.7,0.7,0.4,-0.0,0.43,-0.36,-0.07,0.17,-0.14,-2.11,-2.47,9.506,9.584,9.81,9.624,10.2,9.91,9.91,9.71,-0.003,0.002,-0.008,0.0,-0.0,-121.7552304,36.5875135,312.4
-7.7,0.7,0.4,-0.01,0.38,-0.36,0.08,-0.1,-0.02,-2.11,-2.47,9.496,9.565,9.751,9.741,10.2,9.81,9.81,10.01,-0.003,0.002,-0.008,0.0,0.0,-121.7552304,36.5875135,312.45
-7.7,0.7,0.4,-0.01,0.43,-0.34,-0.17,0.03,0.09,-2.1,-2.46,9.506,9.594,9.722,9.741,10.1,9.42,9.61,9.91,-0.003,0.002,-0.008,0.0,0.0,-121.7552304,36.5875135,312.5
-7.7,0.7,0.4,-0.01,0.44,-0.37,-0.08,0.05,0.17,-2.1,-2.46,9.476,9.594,9.81,9.741,10.2,9.81,9.61,10.01,-0.003,0.002,-0.008,0.0,-0.0,-121.7552304,36.5875135,312.55
-7.7,0.7,0.4,-0.01,0.42,-0.34,-0.19,-0.24,-0.21,-2.11,-2.47,9.496,9.565,9.81,9.722,10.4,9.61,9.61,10.01,-0.003,0.002,-0.008,0.0,-0.0,-121.7552304,36.5875135,312.6
-7.7,0.7,0.4,-0.01,0.44,-0.39,0.08,0.71,0.17,-2.1,-2.46,9.467,9.692,9.879,9.849,10.2,9.61,9.61,9.71,-0.003,0.002,-0.008,0.0,0.0,-121.7552304,36.5875135,312.65
-7.7,0.7,0.4,-0.01,0.39,-0.35,-0.22,0.07,-0.19,-2.11,-2.47,9.506,9.614,9.869,9.722,10.3,9.61,9.91,9.71,-0.003,0.002,-0.008,0.0,-0.0,-121.7552304,36.5875135,312.7
-7.7,0.7,0.4,-0.01,0.41,-0.37,0.07,0.1,-0.15,-2.1,-2.47,9.496,9.584,9.8,9.879,10.1,9.71,10.01,10.01,-0.003,0.002,-0.008,0.0,0.0,-121.7552304,36.5875135,312.75
-7.7,0.7,0.4,-0.01,0.41,-0.37,-0.11,-0.42,0.01,-2.1,-2.47,9.516,9.584,9.83,9.722,10.01,9.61,9.61,10.1,-0.003,0.002,-0.008,0.0,-0.0,-121.7552304,36.5875135,312.8
-7.7,0.7,0.4,-0.01,0.41,-0.37,-0.08,0.0,-0.05,-2.1,-2.45,9.467,9.624,9.83,9.741,10.2,9.81,9.61,9.81,-0.003,0.002,-0.008,0.0,-0.0,-121.7552304,36.5875135,312.85
-7.7,0.7,0.4,-0.01,0.45,-0.36,-0.13,0.46,0.17,-2.09,-2.46,9.476,9.535,9.741,9.79,10.1,9.52,9.81,10.01,-0.003,0.002,-0.008,0.0,-0.0,-121.7552304,36.5875135,312.9
-7.7,0.7,0.4,-0.01,0.42,-0.35,-0.03,0.12,0.09,-2.11,-2.46,9.437,9.682,9.81,9.692,10.2,9.61,9.81,9.91,-0.003,0.002,-0.008,0.0,0.0,-121.7552304,36.5875135,312.95
-7.7,0.7,0.4,-0.01,0.39,-0.36,-0.11,-0.0,-0.17,-2.09,-2.46,9.486,9.624,9.79,9.692,9.91,9.91,9.81,9.71,-0.003,0.002,-0.008,0.0,-0.0,-121.7552304,36.5875135,313.0
-7.7,0.7,0.4,-0.01,0.39,-0.36,0.08,-0.01,0.1,-2.09,-2.46,9.457,9.584,9.81,9.849,10.1,10.01,9.71,9.81,-0.003,0.002,-0.008,0.0,0.0,-121.7552303,36.5875135,313.05
-7.7,0.7,0.4,-0.01,0.45,-0.37,-0.03,-0.0,-0.13,-2.09,-2.46,9.535,9.584,9.712,9.643,10.3,9.91,9.61,10.1,-0.003,0.002,-0.008,0.0,-0.0,-121.7552303,36.5875135,313.1
-7.7,0.7,0.4,-0.01,0.4,-0.34,-0.0,0.04,-0.04,-2.09,-2.47,9.535,9.594,9.8,9.722,10.2,9.91,9.81,9.91,-0.003,0.002,-0.008,0.0,0.0,-121.7552303,36.5875136,313.15
-7.7,0.7,0.4,-0.01,0.37,-0.31,-0.07,-0.09,-0.4,-2.09,-2.46,9.467,9.565,9.83,9.79,9.91,9.61,9.81,9.71,-0.003,0.002,-0.008,0.0,-0.0,-121.7552303,36.5875136,313.2
-7.7,0.7,0.4,-0.01,0.41,-0.34,-0.12,-0.09,0.21,-2.07,-2.45,9.398,9.604,9.839,9.81,10.1,9.91,9.91,10.01,-0.003,0.002,-0.008,0.0,-0.0,-121.7552303,36.5875136,313.25
-7.7,0.7,0.4,-0.02,0.39,-0.35,0.08,-0.08,0.09,-2.09,-2.47,9.555,9.584,9.81,9.692,9.61,9.81,9.52,9.91,-0.003,0.002,-0.008,0.0,0.0,-121.7552303,36.5875136,313.3
-7.7,0.7,0.4,-0.02,0.41,-0.33,0.22,-0.58,-0.11,-2.11,-2.46,9.506,9.653,9.781,9.771,10.01,9.81,9.81,9.81,-0.003,0.002,-0.008,0.0,0.0,-121.7552303,36.5875136,313.35
-7.7,0.7,0.4,-0.02,0.45,-0.37,-0.27,0.15,0.11,-2.09,-2.46,9.467,9.565,9.8,9.79,10.3,10.1,9.81,9.81,-0.003,0.002,-0.008,0.0,-0.0,-121.7552303,36.5875136,313.4
-7.7,0.7,0.4,-0.02,0.39,-0.35,0.0,0.17,0.06,-2.09,-2.45,9.565,9.565,9.79,9.722,10.3,9.91,9.91,10.3,-0.003,0.002,-0.008,0.0,0.0,-121.7552303,36.5875136,313.45
-7.7,0.7,0.4,-0.02,0.43,-0.35,0.21,0.12,-0.11,-2.08,-2.45,9.516,9.624,9.8,9.673,10.3,9.81,9.81,9.91,-0.003,0.002,-0.008,0.0,0.0,-121.7552303,36.5875136,313.5
-7.7,0.7,0.4,-0.02,0.39,-0.34,-0.16,-0.06,0.13,-2.11,-2.46,9.369,9.594,9.81,9.692,10.01,9.91,9.32,9.91,-0.003,0.002,-0.008,0.0,-0.0,-121.7552303,36.5875136,313.55
-7.7,0.7,0.4,-0.02,0.5,-0.39,-0.39,0.24,0.09,-2.08,-2.48,9.467,9.565,9.83,9.673,10.2,9.71,9.61,9.81,-0.003,0.002,-0.008,0.0,-0.0,-121.7552303,36.5875136,313.6
-7.7,0.7,0.4,-0.02,0.46,-0.33,-0.1,0.25,-0.07,-2.06,-2.5,9.555,9.633,9.79,9.771,10.01,9.71,9.81,9.61,-0.003,0.002,-0.008,0.0,-0.0,-121.7552303,36.5875136,313.65
-7.7,0.7,0.4,-0.02,0.38,-0.36,0.05,0.05,-0.02,-2.09,-2.46,9.545,9.624,9.8,9.643,10.3,9.81,10.1,9.71,-0.003,0.002,-0.008,0.0,-0.0,-121.7552303,36.5875136,313.7
-7.7,0.7,0.4,-0.02,0.39,-0.37,-0.14,0.25,-0.02,-2.09,-2.46,9.437,9.653,9.8,9.722,10.01,9.81,9.42,10.01,-0.003,0.002,-0.008,0.0,-0.0,-121.7552303,36.5875136,313.75
-7.7,0.7,0.4,-0.02,0.42,-0.35,-0.19,-0.05,-0.09,-2.1,-2.46,9.486,9.575,9.81,9.692,10.2,9.81,9.91,10.01,-0.003,0.002,-0.008,0.0,-0.0,-121.7552303,36.5875136,313.8
-7.7,0.7,0.4,-0.02,0.36,-0.33,0.21,0.11,0.07,-2.09,-2.46,9.496,9.624,9.8,9.741,10.01,9.91,9.61,9.81,-0.003,0.002,-0.008,0.0,0.0,-121.7552303,36.5875136,313.85
-7.7,0.7,0.4,-0.02,0.43,-0.39,0.09,-0.23,-0.08,-2.09,-2.46,9.447,9.624,9.702,9.81,10.2,9.71,9.91,9.91,-0.003,0.002,-0.008,0.0,0.0,-121.7552303,36.5875136,313.9
-7.7,0.7,0.4,-0.02,0.39,-0.31,-0.1,0.08,0.05,-2.08,-2.45,9.496,9.643,9.81,9.692,10.1,9.81,9.81,9.81,-0.003,0.002,-0.008,0.0,-0.0,-121.7552303,36.5875136,313.95
-7.7,0.7,0.4,-0.02,0.42,-0.33,-0.04,0.27,0.08,-2.08,-2.45,9.486,9.575,9.849,9.771,10.2,9.81,9.61,10.2,-0.003,0.002,-0.008,0.0,-0.0,-121.7552303,36.5875136,314.0
-7.7,0.7,0.4,-0.02,0.42,-0.32,0.01,0.05,-0.0,-2.09,-2.46,9.486,9.643,9.771,9.673,10.1,9.71,9.81,9.71,-0.003,0.002,-0.008,0.0,0.0,-121.7552303,36.5875136,314.05
-7.7,0.7,0.4,-0.03,0.42,-0.37,-0.19,-0.1,0.06,-2.09,-2.46,9.457,9.614,9.81,9.79,10.2,9.81,9.81,10.1,-0.003,0.002,-0.008,0.0,0.0,-121.7552303,36.5875136,314.1
-7.7,0.7,0.4,-0.03,0.45,-0.33,-0.34,-0.12,-0.09,-2.1,-2.46,9.457,9.624,9.849,9.722,10.2,9.91,9.61,9.81,-0.003,0.002,-0.008,0.0,-0.0,-121.7552303,36.5875136,314.15
-7.7,0.7,0.4,-0.03,0.4,-0.36,0.08,-0.01,0.08,-2.09,-2.47,9.496,9.584,9.879,9.81,10.1,9.71,10.01,10.01,-0.003,0.002,-0.008,0.0,-0.0,-121.7552303,36.5875136,314.2
-7.7,0.7,0.4,-0.03,0.4,-0.37,0.01,-0.07,-0.39,-2.09,-2.47,9.496,9.584,9.888,9.692,10.2,9.81,9.81,10.1,-0.003,0.002,-0.008,0.0,0.0,-121.7552303,36.5875136,314.25
-7.7,0.7,0.4,-0.03,0.41,-0.37,-0.13,0.18,0.0,-2.1,-2.46,9.486,9.624,9.781,9.81,10.5,9.81,9.91,10.01,-0.003,0.002,-0.008,0.0,-0.0,-121.7552303,36.5875136,314.3
-7.7,0.7,0.4,-0.03,0.42,-0.38,-0.09,0.15,-0.11,-2.09,-2.46,9.447,9.624,9.888,9.79,10.01,9.61,9.52,9.71,-0.003,0.002,-0.008,0.0,-0.0,-121.7552303,36.5875136,314.35
-7.7,0.7,0.4,-0.03,0.41,-0.38,0.27,0.21,-0.16,-2.09,-2.46,9.467,9.594,9.79,9.692,10.01,9.71,10.1,9.52,-0.003,0.002,-0.008,0.0,0.0,-121.7552303,36.5875136,314.4
-7.7,0.7,0.4,-0.03,0.46,-0.37,-0.25,-0.18,-0.1,-2.1,-2.46,9.486,9.594,9.8,9.771,10.2,9.81,10.3,10.01,-0.003,0.002,-0.008,0.0,-0.0,-121.7552303,36.5875137,314.45
-7.7,0.7,0.4,-0.03,0.43,-0.35,-0.09,-0.12,0.27,-2.09,-2.46,9.535,9.545,9.761,9.692,10.2,9.71,9.71,9.81,-0.003,0.002,-0.008,0.0,-0.0,-121.7552303,36.5875137,314.5
-7.7,0.7,0.4,-0.03,0.42,-0.34,-0.36,-0.08,0.14,-2.1,-2.45,9.476,9.555,9.781,9.692,10.1,9.61,9.91,9.81,-0.003,0.002,-0.008,0.0,0.0,-121.7552303,36.5875137,314.55
-7.7,0.7,0.4,-0.03,0.4,-0.35,0.13,0.14,0.03,-2.09,-2.46,9.447,9.604,9.761,9.722,9.91,9.71,9.81,10.2,-0.003,0.002,-0.008,0.0,0.0,-121.7552303,36.5875137,314.6
-7.7,0.7,0.4,-0.03,0.43,-0.39,-0.18,0.06,-0.31,-2.09,-2.46,9.437,9.614,9.869,9.771,9.81,9.71,9.81,10.01,-0.003,0.002,-0.008,0.0,-0.0,-121.7552303,36.5875137,314.65
-7.7,0.7,0.4,-0.03,0.38,-0.37,-0.18,0.09,-0.03,-2.1,-2.47,9.467,9.663,9.859,9.692,10.3,9.71,9.71,9.81,-0.003,0.002,-0.008,0.0,-0.0,-121.7552303,36.5875137,314.7
-7.7,0.7,0.4,-0.03,0.4,-0.36,0.34,-0.15,0.49,-2.1,-2.45,9.496,9.633,9.81,9.673,10.01,9.61,9.61,10.01,-0.003,0.002,-0.008,0.0,0.0,-121.7552303,36.5875137,314.75
-7.7,0.7,0.4,-0.03,0.39,-0.33,-0.09,-0.09,0.18,-2.1,-2.45,9.467,9.624,9.781,9.643,10.3,9.81,9.81,10.01,-0.003,0.002,-0.008,0.0,-0.0,-121.7552303,36.5875137,314.8
-7.7,0.7,0.4,-0.03,0.4,-0.33,0.05,0.06,0.04,-2.1,-2.47,9.427,9.575,9.81,9.79,9.91,9.61,9.71,9.81,-0.003,0.002,-0.008,0.0,0.0,-121.7552303,36.5875137,314.85
-7.7,0.7,0.4,-0.03,0.38,-0.35,-0.31,0.15,0.11,-2.1,-2.48,9.535,9.633,9.781,9.673,10.2,9.52,9.91,9.81,-0.003,0.002,-0.008,0.0,-0.0,-121.7552303,36.5875137,314.9
-7.7,0.7,0.4,-0.04,0.42,-0.35,0.18,-0.04,-0.05,-2.1,-2.5,9.457,9.692,9.83,9.722,10.4,9.81,9.71,9.81,-0.003,0.002,-0.008,0.0,0.0,-121.7552303,36.5875137,314.95
-7.7,0.7,0.4,-0.04,0.41,-0.36,0.35,-0.2,-0.3,-2.11,-2.46,9.418,9.624,9.741,9.741,10.2,9.61,9.81,9.91,-0.003,0.002,-0.008,0.0,0.0,-121.7552303,36.5875137,315.0
-7.7,0.7,0.4,-0.04,0.37,-0.32,-0.1,0.03,-0.15,-2.08,-2.46,9.486,9.673,9.741,9.692,10.2,10.1,9.91,10.01,-0.003,0.002,-0.008,0.0,-0.0,-121.7552303,36.5875137,315.05
-7.7,0.7,0.4,-0.0,0.41,-0.37,0.11,0.11,0.09,-2.09,-2.45,9.496,9.604,9.741,9.79,10.1,9.61,9.91,9.61,-0.003,0.002,-0.008,0.0,0.0,-121.7552303,36.5875137,315.1
-7.7,0.7,0.4,0.01,0.42,-0.35,-0.01,0.02,0.03,-2.09,-2.45,9.545,9.516,9.849,9.722,10.3,9.91,10.01,9.81,-0.003,0.002,-0.008,0.0,-0.0,-121.7552303,36.5875137,315.15
-7.7,0.7,0.4,0.01,0.42,-0.34,0.35,0.13,0.42,-2.09,-2.45,9.506,9.614,9.761,9.722,9.91,9.81,9.61,10.01,-0.003,0.002,-0.008,0.0,-0.0,-121.7552303,36.5875137,315.2
-7.7,0.7,0.4,0.01,0.44,-0.34,-0.09,-0.32,-0.28,-2.11,-2.46,9.496,9.633,9.908,9.79,10.1,10.01,9.61,10.2,-0.003,0.002,-0.008,0.0,-0.0,-121.7552303,36.5875137,315.25
-7.7,0.7,0.4,0.01,0.44,-0.38,-0.11,0.11,0.02,-2.09,-2.46,9.457,9.594,9.82,9.79,10.2,9.71,9.91,10.01,-0.003,0.002,-0.008,0.0,-0.0,-121.7552303,36.5875137,315.3
-7.7,0.7,0.4,0.01,0.42,-0.38,-0.2,0.14,0.01,-2.09,-2.46,9.526,9.575,9.79,9.722,10.3,9.81,9.81,9.91,-0.003,0.002,-0.008,0.0,-0.0,-121.7552303,36.5875137,315.35
-7.7,0.7,0.4,0.01,0.41,-0.35,0.16,0.09,-0.33,-2.09,-2.46,9.506,9.624,9.81,9.673,10.1,9.61,9.71,10.01,-0.003,0.002,-0.008,0.0,-0.0,-121.7552303,36.5875137,315.4
-7.7,0.7,0.4,0.01,0.4,-0.36,-0.05,-0.03,-0.07,-2.09,-2.46,9.506,9.555,9.8,9.722,10.1,9.61,9.91,9.61,-0.003,0.002,-0.008,0.0,-0.0,-121.7552303,36.5875137,315.45
-7.7,0.7,0.4,0.02,0.42,-0.35,0.05,-0.18,0.03,-2.09,-2.46,9.427,9.555,9.781,9.624,10.2,9.81,9.52,10.01,-0.003,0.002,-0.008,0.0,-0.0,-121.7552303,36.5875137,315.5
-7.7,0.7,0.4,0.02,0.41,-0.37,0.05,-0.29,-0.34,-2.1,-2.46,9.447,9.594,9.849,9.741,10.01,9.61,9.91,9.91,-0.003,0.002,-0.008,0.0,-0.0,-121.7552303,36.5875137,315.55
-7.7,0.7,0.4,0.02,0.41,-0.34,0.21,-0.16,-0.53,-2.09,-2.46,9.486,9.604,9.79,9.741,10.1,9.71,9.61,10.01,-0.003,0.002,-0.008,0.0,-0.0,-121.7552303,36.5875137,315.6
-7.7,0.7,0.4,0.02,0.39,-0.37,0.06,-0.01,0.02,-2.09,-2.45,9.584,9.604,9.82,9.673,10.2,10.01,9.52,9.81,-0.003,0.002,-0.008,0.0,-0.0,-121.7552303,36.5875137,315.65
-7.7,0.7,0.4,0.02,0.44,-0.35,-0.15,-0.0,0.3,-2.1,-2.45,9.506,9.594,9.771,9.692,10.3,9.71,9.52,9.71,-0.003,0.002,-0.008,0.0,-0.0,-121.7552303,36.5875137,315.7
-7.7,0.7,0.4,0.02,0.37,-0.34,-0.05,-0.44,0.21,-2.11,-2.46,9.437,9.624,9.82,9.624,10.01,9.81,9.81,9.91,-0.003,0.002,-0.008,0.0,0.0,-121.7552303,36.5875137,315.75
-7.7,0.7,0.4,0.02,0.44,-0.36,0.21,-0.18,-0.03,-2.11,-2.46,9.418,9.624,9.79,9.692,10.1,9.81,9.91,9.71,-0.003,0.002,-0.008,0.0,0.0,-121.7552303,36.5875137,315.8
-7.7,0.7,0.4,0.03,0.39,-0.34,-0.22,-0.09,0.18,-2.1,-2.45,9.496,9.614,9.771,9.771,10.01,9.81,10.01,10.01,-0.003,0.002,-0.008,0.0,0.0,-121.7552303,36.5875137,315.85
-7.7,0.7,0.4,0.03,0.42,-0.39,-0.05,-0.08,-0.3,-2.11,-2.46,9.496,9.594,9.741,9.741,10.3,9.91,9.91,10.01,-0.003,0.002,-0.008,0.0,0.0,-121.7552303,36.5875137,315.9
-7.7,0.7,0.4,0.03,0.4,-0.32,-0.05,0.01,0.19,-2.11,-2.47,9.467,9.673,9.849,9.722,10.1,9.81,9.71,9.91,-0.003,0.002,-0.008,0.0,0.0,-121.7552303,36.5875137,315.95
-7.7,0.7,0.4,0.03,0.41,-0.34,0.09,-0.18,-0.22,-2.11,-2.47,9.447,9.584,9.79,9.771,10.4,9.81,10.1,10.01,-0.003,0.002,-0.008,0.0,0.0,-121.7552303,36.5875137,316.0
-7.7,0.7,0.4,0.03,0.43,-0.4,0.12,-0.36,0.28,-2.11,-2.45,9.457,9.584,9.81,9.692,10.1,9.91,10.01,9.91,-0.003,0.002,-0.008,0.0,0.0,-121.7552303,36.5875137,316.05
-7.7,0.7,0.4,0.03,0.44,-0.37,-0.08,0.08,-0.29,-2.09,-2.46,9.457,9.653,9.8,9.722,10.2,9.61,9.91,10.01,-0.003,0.002,-0.008,0.0,0.0,-121.7552303,36.5875137,316.1
-7.7,0.7,0.4,0.03,0.43,-0.38,0.28,-0.07,0.18,-2.11,-2.45,9.398,9.682,9.888,9.771,10.2,9.71,9.81,10.1,-0.003,0.002,-0.008,0.0,0.0,-121.7552303,36.5875137,316.15
-7.7,0.7,0.4,0.04,0.41,-0.36,-0.08,0.16,-0.24,-2.1,-2.47,9.398,9.614,9.81,9.722,10.3,9.91,10.01,9.91,-0.003,0.002,-0.008,0.0,0.0,-121.7552303,36.5875137,316.2
-7.7,0.7,0.4,0.04,0.39,-0.38,0.19,-0.28,-0.0,-2.1,-2.49,9.447,9.702,9.81,9.692,10.2,9.91,9.81,9.52,-0.003,0.002,-0.008,0.0,0.01,-121.7552303,36.5875137,316.25
-7.7,0.7,0.4,0.04,0.4,-0.36,-0.05,-0.03,-0.2,-2.1,-2.46,9.418,9.673,9.869,9.79,10.3,9.61,9.61,9.61,-0.003,0.002,-0.008,0.0,0.0,-121.7552303,36.5875137,316.3
-7.7,0.7,0.4,0.04,0.42,-0.35,-0.14,0.09,-0.25,-2.1,-2.46,9.467,9.584,9.751,9.81,10.01,9.61,9.61,10.01,-0.003,0.002,-0.008,0.0,0.0,-121.7552303,36.5875137,316.35
-7.7,0.7,0.4,-0.0,0.41,-0.36,-0.1,0.06,0.29,-2.1,-2.45,9.476,9.614,9.781,9.643,10.01,9.61,9.61,9.91,-0.003,0.002,-0.008,0.0,0.0,-121.7552303,36.5875137,316.4
-7.7,0.7,0.4,0.01,0.41,-0.39,-0.1,0.02,0.0,-2.1,-2.46,9.476,9.614,9.81,9.643,10.3,9.71,9.81,9.52,-0.003,0.002,-0.008,0.0,-0.0,-121.7552303,36.5875137,316.45
-7.7,0.7,0.4,0.01,0.4,-0.35,0.0,0.21,-0.01,-2.1,-2.46,9.408,9.643,9.83,9.79,10.01,9.91,9.91,9.81,-0.003,0.002,-0.008,0.0,-0.0,-121.7552303,36.5875137,316.5
-7.7,0.7,0.4,0.01,0.43,-0.36,-0.35,0.11,0.08,-2.1,-2.46,9.496,9.565,9.781,9.741,10.1,9.71,9.91,10.2,-0.003,0.002,-0.008,0.0,-0.0,-121.7552303,36.5875137,316.55
-7.7,0.7,0.4,-0.0,0.42,-0.31,-0.07,0.31,0.04,-2.11,-2.46,9.427,9.653,9.781,9.722,10.2,9.81,9.61,10.2,-0.003,0.002,-0.008,0.0,0.0,-121.7552303,36.5875137,316.6
-7.8,0.7,0.4,-0.0,0.4,-0.36,0.11,-0.16,0.18,-2.1,-2.46,9.427,9.653,9.82,9.722,10.3,9.91,9.42,9.91,-0.003,0.002,-0.008,0.0,0.0,-121.7552302,36.5875137,316.65
-7.7,0.7,0.4,-0.0,0.39,-0.38,0.14,-0.01,-0.31,-2.09,-2.46,9.457,9.565,9.741,9.741,10.01,9.61,9.81,9.71,-0.003,0.002,-0.008,0.0,0.01,-121.7552303,36.5875137,316.7
-7.7,0.7,0.4,0.01,0.41,-0.35,-0.23,-0.14,-0.07,-2.08,-2.46,9.496,9.565,9.81,9.722,10.2,9.61,9.81,9.81,-0.003,0.002,-0.008,0.0,-0.0,-121.7552302,36.5875137,316.75
-7.7,0.7,0.4,0.01,0.43,-0.36,-0.31,0.51,0.12,-2.1,-2.46,9.437,9.594,9.81,9.771,10.01,10.01,10.2,9.81,-0.003,0.002,-0.008,0.0,-0.01,-121.7552302,36.5875137,316.8
-7.8,0.7,0.4,0.0,0.38,-0.34,-0.18,0.1,-0.07,-2.1,-2.45,9.476,9.653,9.741,9.673,9.81,10.01,9.81,9.91,-0.003,0.002,-0.008,0.0,-0.0,-121.7552302,36.5875137,316.85
-7.7,0.7,0.4,-0.0,0.41,-0.35,0.1,0.06,-0.01,-2.11,-2.44,9.526,9.624,9.839,9.79,10.2,10.01,9.91,10.01,-0.003,0.002,-0.008,0.0,0.0,-121.7552302,36.5875138,316.9
-7.7,0.7,0.4,-0.0,0.4,-0.33,-0.04,-0.1,-0.03,-2.11,-2.43,9.467,9.643,9.81,9.722,10.1,9.61,9.71,9.61,-0.003,0.002,-0.008,0.0,0.0,-121.7552302,36.5875138,316.95
-7.7,0.7,0.4,-0.01,0.44,-0.4,0.05,0.02,-0.02,-2.11,-2.42,9.496,9.584,9.81,9.741,10.2,9.81,9.91,9.91,-0.003,0.002,-0.008,0.0,0.0,-121.7552302,36.5875138,317.0
-7.7,0.7,0.4,0.01,0.4,-0.39,0.13,0.07,-0.25,-2.11,-2.41,9.467,9.633,9.849,9.673,10.3,9.81,9.71,9.81,-0.003,0.002,-0.008,0.0,-0.0,-121.7552302,36.5875138,317.05
-7.8,0.7,0.4,0.01,0.43,-0.35,-0.12,-0.2,0.21,-2.11,-2.4,9.535,9.614,9.839,9.771,10.01,9.71,10.1,10.01,-0.003,0.002,-0.008,0.0,-0.01,-121.7552302,36.5875138,317.1
-7.7,0.7,0.4,0.0,0.44,-0.35,0.13,0.16,-0.22,-2.11,-2.39,9.437,9.584,9.8,9.741,10.1,9.91,9.71,10.1,-0.003,0.002,-0.008,0.0,0.0,-121.7552302,36.5875138,317.15
-7.7,0.7,0.4,-0.0,0.42,-0.36,0.45,-0.23,-0.19,-2.11,-2.38,9.476,9.624,9.761,9.673,10.01,9.61,9.71,9.81,-0.003,0.002,-0.008,0.0,0.01,-121.7552302,36.5875137,317.2
-7.7,0.7,0.4,-0.0,0.39,-0.33,-0.18,0.22,0.03,-2.11,-2.37,9.457,9.555,9.79,9.741,10.1,9.81,9.81,9.91,-0.003,0.002,-0.008,0.0,0.01,-121.7552302,36.5875138,317.25
-7.7,0.7,0.4,-0.0,0.39,-0.42,0.42,-0.0,0.01,-2.11,-2.36,9.535,9.555,9.81,9.673,10.2,9.71,9.91,10.01,-0.003,0.002,-0.008,0.0,0.01,-121.7552302,36.5875137,317.3
-7.7,0.7,0.4,-0.0,0.41,-0.38,0.29,0.05,0.05,-2.1,-2.46,9.496,9.584,9.722,9.692,10.1,9.61,9.71,9.71,-0.003,0.002,-0.008,0.0,0.01,-121.7552302,36.5875137,317.35
-7.7,0.7,0.4,-0.0,0.39,-0.36,0.19,0.11,0.05,-2.1,-2.46,9.476,9.653,9.859,9.643,10.2,9.42,9.81,10.1,-0.003,0.002,-0.008,0.0,0.01,-121.7552302,36.5875138,317.4
-7.7,0.7,0.4,-0.0,0.38,-0.32,0.2,0.16,-0.43,-2.1,-2.46,9.486,9.565,9.741,9.741,10.01,9.71,10.01,9.91,-0.003,0.002,-0.008,0.0,0.02,-121.7552302,36.5875138,317.45
-7.7,0.7,0.4,-0.0,0.41,-0.36,-0.07,-0.33,0.21,-2.11,-2.46,9.496,9.575,9.761,9.722,9.91,9.61,9.81,9.91,-0.003,0.002,-0.008,0.0,0.02,-121.7552302,36.5875138,317.5
-7.7,0.7,0.4,-0.0,0.41,-0.36,0.2,-0.24,-0.3,-2.11,-2.46,9.447,9.663,9.8,9.722,10.1,10.01,9.71,9.91,-0.003,0.002,-0.008,0.0,0.02,-121.7552302,36.5875138,317.55
-7.8,0.7,0.4,-0.0,0.41,-0.37,-0.02,-0.01,0.09,-2.1,-2.46,9.467,9.692,9.81,9.79,10.1,9.81,10.1,9.71,-0.003,0.002,-0.008,0.0,0.02,-121.7552302,36.5875138,317.6
-7.7,0.7,0.4,-0.01,0.4,-0.35,0.0,0.28,0.17,-2.1,-2.45,9.418,9.673,9.8,9.879,10.2,9.81,9.71,10.3,-0.003,0.002,-0.008,0.0,0.03,-121.7552302,36.5875138,317.65
-7.7,0.7,0.4,-0.01,0.42,-0.32,-0.33,-0.02,-0.0,-2.12,-2.46,9.437,9.604,9.81,9.722,10.1,9.61,10.1,9.81,-0.003,0.002,-0.008,0.0,0.03,-121.7552302,36.5875138,317.7
-7.8,0.7,0.4,-0.01,0.38,-0.4,0.01,0.18,-0.37,-2.11,-2.46,9.437,9.614,9.781,9.79,10.01,9.42,9.81,9.91,-0.003,0.002,-0.008,0.0,0.03,-121.7552302,36.5875138,317.75
-7.7,0.7,0.4,-0.01,0.42,-0.36,0.09,-0.08,-0.01,-2.11,-2.47,9.526,9.604,9.83,9.643,10.3,9.81,9.61,9.81,-0.003,0.002,-0.008,0.0,0.03,-121.7552302,36.5875138,317.8
-7.7,0.7,0.4,-0.01,0.38,-0.41,0.09,-0.14,-0.18,-2.11,-2.48,9.447,9.673,9.771,9.81,9.91,9.71,9.61,9.71,-0.003,0.002,-0.008,0.0,0.04,-121.7552302,36.5875138,317.85
-7.7,0.7,0.4,-0.01,0.43,-0.36,-0.02,0.06,0.04,-2.12,-2.49,9.476,9.614,9.79,9.692,10.5,9.81,9.61,10.1,-0.003,0.002,-0.008,0.0,0.04,-121.7552302,36.5875138,317.9
-7.7,0.7,0.4,-0.01,0.42,-0.34,-0.45,-0.07,0.18,-2.12,-2.49,9.506,9.584,9.81,9.79,10.2,9.81,9.91,9.81,-0.003,0.002,-0.008,0.0,0.04,-121.7552302,36.5875138,317.95
-7.7,0.7,0.4,-0.01,0.41,-0.34,-0.54,-0.04,0.17,-2.12,-2.5,9.496,9.575,9.771,9.526,10.01,9.91,9.91,9.81,-0.003,0.002,-0.008,0.0,0.04,-121.7552302,36.5875138,318.0
-7.7,0.7,0.4,-0.01,0.42,-0.37,0.17,0.13,0.13,-2.13,-2.51,9.369,9.673,9.888,9.722,9.91,9.81,9.61,9.71,-0.003,0.002,-0.008,0.0,0.05,-121.7552302,36.5875138,318.05
-7.7,0.7,0.4,-0.01,0.44,-0.41,0.11,-0.27,0.01,-2.13,-2.51,9.457,9.565,9.81,9.771,10.3,9.71,9.81,9.91,-0.003,0.002,-0.008,0.0,0.05,-121.7552302,36.5875138,318.1
-7.7,0.7,0.4,-0.01,0.43,-0.36,-0.05,0.17,0.11,-2.13,-2.52,9.496,9.682,9.859,9.673,10.2,9.71,9.61,10.2,-0.003,0.002,-0.008,0.0,0.05,-121.7552302,36.5875138,318.15
-7.7,0.7,0.4,-0.01,0.41,-0.37,-0.06,-0.28,0.15,-2.14,-2.53,9.437,9.682,9.761,9.673,10.1,9.81,9.91,9.81,-0.003,0.002,-0.008,0.0,0.05,-121.7552302,36.5875138,318.2
-7.7,0.7,0.4,-0.01,0.39,-0.37,0.27,-0.08,-0.07,-2.12,-2.46,9.369,9.633,9.751,9.741,10.4,9.52,9.71,9.81,-0.003,0.002,-0.008,0.0,0.06,-121.7552302,36.5875138,318.25
-7.7,0.7,0.4,-0.01,0.41,-0.36,-0.22,-0.12,-0.13,-2.09,-2.46,9.486,9.643,9.839,9.722,10.3,9.52,9.91,9.91,-0.003,0.002,-0.008,0.0,0.06,-121.7552302,36.5875138,318.3
-7.7,0.7,0.4,-0.01,0.41,-0.35,-0.21,-0.16,0.21,-2.1,-2.46,9.467,9.682,9.732,9.771,10.2,9.91,10.2,9.81,-0.003,0.002,-0.008,0.0,0.06,-121.7552302,36.5875138,318.35
-7.7,0.7,0.4,-0.01,0.4,-0.33,-0.22,-0.15,-0.22,-2.08,-2.47,9.496,9.584,9.771,9.692,10.01,9.61,9.81,9.61,-0.003,0.002,-0.008,0.0,0.06,-121.7552302,36.5875137,318.4
-7.7,0.7,0.4,-0.01,0.38,-0.33,-0.12,0.11,-0.17,-2.07,-2.47,9.467,9.663,9.849,9.771,10.1,10.01,9.61,9.81,-0.003,0.002,-0.008,0.0,0.06,-121.7552302,36.5875137,318.45
-7.7,0.7,0.4,-0.01,0.43,-0.34,-0.11,0.08,0.26,-2.1,-2.45,9.359,9.653,9.81,9.79,10.1,9.71,9.81,10.01,-0.003,0.002,-0.008,0.0,0.07,-121.7552302,36.5875137,318.5
-7.7,0.7,0.4,-0.01,0.36,-0.35,0.29,-0.03,-0.12,-2.1,-2.47,9.486,9.565,9.81,9.81,9.81,9.71,9.71,9.81,-0.003,0.002,-0.008,0.0,0.07,-121.7552302,36.5875137,318.55
-7.7,0.7,0.4,-0.02,0.43,-0.36,-0.01,-0.16,-0.38,-2.1,-2.46,9.545,9.565,9.82,9.771,10.4,9.42,9.91,9.71,-0.003,0.002,-0.008,0.0,0.07,-121.7552302,36.5875137,318.6
-7.7,0.7,0.4,-0.01,0.42,-0.34,-0.06,-0.35,0.1,-2.12,-2.46,9.526,9.604,9.79,9.771,10.3,9.91,9.91,10.1,-0.003,0.002,-0.008,0.0,0.07,-121.7552302,36.5875137,318.65
-7.8,0.7,0.4,-0.01,0.44,-0.36,-0.28,-0.21,0.05,-2.12,-2.46,9.437,9.663,9.83,9.692,10.2,10.01,9.42,9.81,-0.003,0.002,-0.008,0.0,0.07,-121.7552303,36.5875137,318.7
-7.7,0.7,0.4,-0.02,0.39,-0.36,0.41,-0.26,0.01,-2.12,-2.46,9.437,9.614,9.81,9.741,9.91,9.52,9.61,9.81,-0.003,0.002,-0.008,0.0,0.08,-121.7552303,36.5875137,318.75
-7.7,0.7,0.4,-0.02,0.44,-0.4,-0.05,-0.08,-0.06,-2.12,-2.46,9.535,9.555,9.781,9.643,10.3,9.71,9.81,9.81,-0.003,0.002,-0.008,0.0,0.08,-121.7552303,36.5875137,318.8
-7.7,0.7,0.4,-0.02,0.4,-0.36,-0.07,-0.11,-0.01,-2.11,-2.46,9.535,9.604,9.81,9.741,10.2,9.61,9.81,9.81,-0.003,0.002,-0.008,0.0,0.08,-121.7552303,36.5875137,318.85
-7.7,0.7,0.4,-0.02,0.46,-0.34,-0.04,0.09,-0.23,-2.12,-2.46,9.476,9.614,9.8,9.692,10.3,9.81,9.91,9.91,-0.003,0.002,-0.008,0.0,0.09,-121.7552303,36.5875137,318.9
-7.7,0.7,0.4,-0.02,0.42,-0.34,-0.23,-0.13,0.28,-2.12,-2.46,9.467,9.584,9.732,9.643,10.01,9.81,10.3,9.91,-0.003,0.002,-0.008,0.0,0.09,-121.7552303,36.5875137,318.95
-7.7,0.7,0.4,-0.02,0.41,-0.34,0.14,0.23,-0.01,-2.12,-2.45,9.516,9.653,9.849,9.624,10.01,9.61,9.61,9.81,-0.003,0.002,-0.008,0.0,0.09,-121.7552303,36.5875137,319.0
-7.7,0.7,0.4,-0.02,0.42,-0.37,-0.14,0.08,0.18,-2.11,-2.46,9.457,9.594,9.781,9.741,10.1,9.61,9.91,9.91,-0.003,0.002,-0.008,0.0,0.09,-121.7552303,36.5875137,319.05
-7.8,0.7,0.4,-0.02,0.45,-0.36,0.09,-0.06,0.09,-2.11,-2.45,9.447,9.575,9.781,9.722,10.3,9.91,10.1,9.91,-0.003,0.002,-0.008,0.0,0.1,-121.7552303,36.5875137,319.1
-7.7,0.7,0.4,-0.02,0.41,-0.36,-0.1,-0.31,0.3,-2.11,-2.46,9.496,9.643,9.761,9.741,9.91,10.01,9.91,10.01,-0.003,0.002,-0.008,0.0,0.1,-121.7552303,36.5875137,319.15
-7.7,0.7,0.4,-0.02,0.4,-0.35,-0.22,-0.02,-0.09,-2.12,-2.46,9.535,9.584,9.81,9.692,10.2,9.71,9.61,10.1,-0.003,0.002,-0.008,0.0,0.1,-121.7552303,36.5875137,319.2
-7.7,0.7,0.4,-0.02,0.42,-0.35,0.09,0.33,-0.31,-2.12,-2.44,9.476,9.594,9.771,9.624,10.1,9.71,9.91,9.81,-0.003,0.002,-0.008,0.0,0.1,-121.7552303,36.5875137,319.25
-7.7,0.7,0.4,-0.02,0.4,-0.36,0.28,0.11,0.12,-2.13,-2.43,9.476,9.584,9.751,9.741,10.01,10.01,9.81,9.42,-0.003,0.002,-0.008,0.0,0.11,-121.7552303,36.5875137,319.3
-7.7,0.7,0.4,-0.02,0.41,-0.34,0.13,-0.06,-0.07,-2.13,-2.42,9.476,9.653,9.81,9.643,10.1,9.81,9.81,9.71,-0.003,0.002,-0.008,0.0,0.11,-121.7552303,36.5875137,319.35
-7.7,0.7,0.4,-0.02,0.4,-0.38,0.22,-0.11,-0.18,-2.14,-2.41,9.398,9.575,9.83,9.722,10.3,9.91,10.1,9.71,-0.003,0.002,-0.008,0.0,0.11,-121.7552303,36.5875137,319.4
-7.7,0.7,0.4,-0.02,0.43,-0.36,-0.08,-0.04,0.18,-2.14,-2.4,9.457,9.555,9.781,9.722,10.2,9.81,9.91,9.91,-0.003,0.002,-0.008,0.0,0.11,-121.7552303,36.5875137,319.45
-7.7,0.7,0.4,-0.02,0.37,-0.33,0.21,-0.07,0.14,-2.15,-2.39,9.545,9.692,9.839,9.692,10.1,9.91,9.91,9.71,-0.003,0.002,-0.008,0.0,0.12,-121.7552303,36.5875137,319.5
-7.7,0.7,0.4,-0.02,0.43,-0.39,0.32,-0.12,0.14,-2.15,-2.38,9.476,9.614,9.888,9.81,10.3,9.81,9.52,10.01,-0.003,0.002,-0.008,0.0,0.12,-121.7552304,36.5875137,319.55
-7.7,0.7,0.4,-0.02,0.41,-0.37,-0.0,-0.03,-0.15,-2.16,-2.37,9.516,9.555,9.79,9.79,10.1,9.81,9.91,10.2,-0.003,0.002,-0.008,0.0,0.12,-121.7552304,36.5875137,319.6
-7.8,0.7,0.4,-0.02,0.42,-0.37,0.04,0.14,-0.08,-2.16,-2.36,9.526,9.594,9.8,9.692,10.1,9.61,9.61,9.81,-0.003,0.002,-0.008,0.0,0.12,-121.7552304,36.5875137,319.65
-7.7,0.7,0.4,-0.03,0.41,-0.38,0.1,-0.17,0.12,-2.11,-2.46,9.506,9.565,9.81,9.692,10.1,9.91,9.61,9.71,-0.003,0.002,-0.008,0.0,0.12,-121.7552304,36.5875137,319.7
-7.7,0.7,0.4,-0.03,0.41,-0.37,-0.19,-0.19,-0.18,-2.12,-2.46,9.447,9.614,9.81,9.643,10.1,9.81,9.91,10.01,-0.003,0.002,-0.008,0.0,0.13,-121.7552304,36.5875137,319.75
-7.7,0.7,0.4,-0.03,0.37,-0.37,-0.05,-0.25,-0.27,-2.1,-2.46,9.496,9.594,9.761,9.692,10.3,9.71,9.91,10.01,-0.003,0.002,-0.008,0.0,0.13,-121.7552304,36.5875136,319.8
-7.7,0.7,0.4,-0.03,0.42,-0.37,0.09,-0.02,-0.09,-2.11,-2.46,9.447,9.643,9.81,9.722,10.2,9.71,9.52,9.61,-0.003,0.002,-0.008,0.0,0.13,-121.7552304,36.5875136,319.85
-7.7,0.7,0.4,-0.03,0.41,-0.36,-0.03,-0.11,0.0,-2.12,-2.46,9.506,9.584,9.751,9.722,10.2,9.61,10.01,9.91,-0.003,0.002,-0.008,0.0,0.13,-121.7552304,36.5875136,319.9
-7.7,0.7,0.4,0.0,0.39,-0.35,-0.24,0.19,-0.11,-2.12,-2.46,9.506,9.663,9.82,9.643,10.3,9.81,9.81,10.1,-0.003,0.002,-0.008,0.0,0.01,-121.7552304,36.5875136,319.95
-7.7,0.7,0.4,0.0,0.39,-0.35,-0.1,0.07,-0.24,-2.11,-2.46,9.516,9.604,9.81,9.741,9.91,9.81,9.81,10.01,-0.003,0.002,-0.008,0.0,0.01,-121.7552304,36.5875136,320.0
-7.7,0.7,0.4,-0.0,0.43,-0.36,0.19,-0.11,0.04,-2.11,-2.46,9.486,9.555,9.8,9.692,10.3,9.71,9.91,10.1,-0.003,0.002,-0.008,0.0,0.01,-121.7552304,36.5875136,320.05
-7.7,0.7,0.4,-0.0,0.42,-0.35,-0.35,-0.01,-0.04,-2.11,-2.46,9.506,9.614,9.879,9.673,10.4,9.81,9.61,10.1,-0.003,0.002,-0.008,0.0,0.01,-121.7552304,36.5875136,320.1
-7.8,0.7,0.4,-0.01,0.45,-0.34,0.19,0.11,0.09,-2.13,-2.45,9.427,9.624,9.702,9.81,10.1,9.81,9.52,10.01,-0.003,0.002,-0.008,0.0,0.01,-121.7552304,36.5875136,320.15
-7.7,0.7,0.4,-0.01,0.47,-0.36,-0.03,0.2,0.09,-2.13,-2.43,9.486,9.575,9.79,9.79,10.3,9.71,9.81,9.81,-0.003,0.002,-0.008,0.0,0.01,-121.7552305,36.5875136,320.2
-7.7,0.7,0.4,-0.01,0.38,-0.32,0.2,0.1,0.13,-2.13,-2.46,9.555,9.624,9.81,9.692,10.1,9.81,9.81,10.01,-0.003,0.002,-0.008,0.0,0.01,-121.7552305,36.5875136,320.25
-7.7,0.7,0.4,-0.01,0.42,-0.36,-0.11,0.21,-0.09,-2.14,-2.46,9.486,9.633,9.82,9.741,10.2,9.91,9.81,9.91,-0.003,0.002,-0.008,0.0,0.01,-121.7552305,36.5875136,320.3
-7.7,0.7,0.4,-0.01,0.42,-0.37,0.02,-0.28,0.02,-2.13,-2.46,9.437,9.565,9.869,9.741,10.01,9.42,9.81,9.81,-0.003,0.002,-0.008,0.0,0.02,-121.7552305,36.5875136,320.35
-7.7,0.7,0.4,-0.01,0.39,-0.32,-0.06,0.31,0.12,-2.11,-2.46,9.506,9.624,9.751,9.741,10.2,9.81,9.81,10.01,-0.003,0.002,-0.008,0.0,0.02,-121.7552305,36.5875136,320.4
-7.7,0.7,0.4,-0.02,0.44,-0.39,0.01,0.16,-0.19,-2.11,-2.46,9.496,9.624,9.761,9.879,10.01,10.01,9.91,10.1,-0.003,0.002,-0.008,0.0,0.02,-121.7552305,36.5875136,320.45
-7.7,0.7,0.4,-0.02,0.41,-0.37,-0.11,0.07,0.13,-2.13,-2.45,9.457,9.653,9.918,9.771,10.1,9.81,9.81,9.91,-0.003,0.002,-0.008,0.0,0.02,-121.7552305,36.5875136,320.5
-7.7,0.7,0.4,-0.02,0.46,-0.35,-0.01,-0.09,-0.35,-2.13,-2.46,9.496,9.663,9.771,9.692,10.3,9.61,9.91,9.91,-0.003,0.002,-0.008,0.0,0.02,-121.7552305,36.5875136,320.55
-7.7,0.7,0.4,-0.02,0.38,-0.35,0.16,-0.07,-0.01,-2.13,-2.46,9.545,9.594,9.839,9.604,10.01,9.81,9.91,9.81,-0.003,0.002,-0.008,0.0,0.02,-121.7552305,36.5875136,320.6
-7.7,0.7,0.4,-0.02,0.4,-0.38,0.22,0.13,-0.3,-2.11,-2.46,9.496,9.594,9.859,9.722,10.2,9.61,9.81,10.01,-0.003,0.002,-0.008,0.0,0.02,-121.7552305,36.5875136,320.65
-7.8,0.7,0.4,-0.03,0.43,-0.35,-0.14,-0.09,-0.31,-2.1,-2.47,9.427,9.575,9.879,9.741,10.3,9.81,9.81,9.71,-0.003,0.002,-0.008,0.0,0.02,-121.7552305,36.5875136,320.7
-7.7,0.7,0.4,-0.03,0.38,-0.34,0.2,-0.36,-0.18,-2.13,-2.46,9.535,9.584,9.741,9.741,10.01,9.71,9.81,9.81,-0.003,0.002,-0.008,0.0,0.02,-121.7552306,36.5875136,320.75
-7.7,0.7,0.4,-0.03,0.39,-0.35,0.1,-0.05,-0.39,-2.1,-2.46,9.496,9.633,9.682,9.673,10.2,9.61,9.71,10.1,-0.003,0.002,-0.008,0.0,0.03,-121.7552306,36.5875136,320.8
-7.7,0.7,0.4,-0.03,0.4,-0.35,0.31,-0.06,-0.32,-2.12,-2.47,9.437,9.663,9.81,9.771,10.2,9.91,9.81,9.91,-0.003,0.002,-0.008,0.0,0.03,-121.7552306,36.5875136,320.85
-7.7,0.7,0.4,-0.03,0.4,-0.38,-0.05,-0.17,-0.18,-2.13,-2.46,9.526,9.565,9.771,9.771,10.1,9.81,9.61,9.91,-0.003,0.002,-0.008,0.0,0.03,-121.7552306,36.5875136,320.9
-7.7,0.7,0.4,-0.04,0.4,-0.36,-0.0,0.12,-0.09,-2.12,-2.46,9.486,9.633,9.79,9.771,9.91,9.52,9.91,9.71,-0.003,0.002,-0.008,0.0,0.03,-121.7552306,36.5875136,320.95
-7.7,0.7,0.4,-0.04,0.4,-0.32,0.38,-0.05,0.0,-2.11,-2.46,9.594,9.594,9.79,9.771,10.1,9.71,9.91,9.81,-0.003,0.002,-0.008,0.0,0.03,-121.7552305,36.5875136,321.0
-7.8,0.7,0.4,-0.04,0.42,-0.34,-0.27,0.2,0.22,-2.11,-2.46,9.526,9.565,9.781,9.722,10.1,9.71,9.81,9.91,-0.003,0.002,-0.008,0.0,0.03,-121.7552305,36.5875136,321.05
-7.7,0.7,0.4,0.0,0.45,-0.33,-0.27,0.03,-0.01,-2.11,-2.46,9.418,9.584,9.839,9.849,10.1,9.71,9.81,9.81,-0.003,0.002,-0.008,0.0,0.01,-121.7552305,36.5875136,321.1
-7.7,0.7,0.4,-0.0,0.41,-0.38,-0.15,-0.04,-0.18,-2.11,-2.46,9.496,9.624,9.82,9.741,10.01,9.91,9.61,10.1,-0.003,0.002,-0.008,0.0,0.01,-121.7552305,36.5875135,321.15
-7.7,0.7,0.4,-0.0,0.4,-0.37,0.03,0.06,-0.24,-2.12,-2.45,9.496,9.633,9.869,9.741,10.2,9.52,9.81,9.71,-0.003,0.002,-0.008,0.0,0.01,-121.7552305,36.5875135,321.2
-7.7,0.7,0.4,-0.01,0.43,-0.36,-0.12,-0.19,-0.18,-2.11,-2.46,9.476,9.575,9.81,9.771,10.1,9.61,10.1,10.01,-0.003,0.002,-0.008,0.0,0.01,-121.7552305,36.5875135,321.25
-7.7,0.7,0.4,-0.01,0.43,-0.34,0.11,-0.08,0.23,-2.12,-2.46,9.516,9.594,9.732,9.741,9.91,9.81,9.61,9.81,-0.003,0.002,-0.008,0.0,0.01,-121.7552305,36.5875135,321.3
-7.7,0.7,0.4,-0.01,0.41,-0.35,0.11,-0.24,0.12,-2.12,-2.46,9.506,9.526,9.761,9.771,10.3,9.52,9.61,9.91,-0.003,0.002,-0.008,0.0,0.01,-121.7552305,36.5875135,321.35
-7.7,0.7,0.4,-0.01,0.39,-0.35,0.16,0.03,-0.07,-2.11,-2.47,9.496,9.584,9.879,9.624,9.81,9.81,9.91,9.91,-0.003,0.002,-0.008,0.0,0.01,-121.7552305,36.5875135,321.4
-7.7,0.7,0.4,-0.01,0.4,-0.34,-0.15,-0.15,0.49,-2.12,-2.46,9.476,9.624,9.761,9.722,10.4,9.71,9.61,9.91,-0.003,0.002,-0.008,0.0,0.01,-121.7552305,36.5875135,321.45
-7.7,0.7,0.4,-0.01,0.41,-0.38,0.24,0.18,-0.06,-2.11,-2.46,9.447,9.614,9.839,9.722,10.2,9.81,9.42,9.81,-0.003,0.002,-0.008,0.0,0.01,-121.7552305,36.5875135,321.5
-7.7,0.7,0.4,-0.02,0.39,-0.36,0.06,0.14,0.22,-2.11,-2.46,9.467,9.594,9.732,9.849,10.2,9.71,9.91,9.71,-0.003,0.002,-0.008,0.0,0.01,-121.7552305,36.5875135,321.55
-7.7,0.7,0.4,-0.02,0.42,-0.36,-0.13,-0.26,-0.1,-2.12,-2.47,9.535,9.614,9.702,9.673,10.2,9.71,10.01,9.71,-0.003,0.002,-0.008,0.0,0.01,-121.7552305,36.5875135,321.6
-7.7,0.7,0.4,-0.02,0.38,-0.32,-0.26,-0.42,-0.02,-2.12,-2.46,9.575,9.673,9.83,9.643,10.2,9.81,9.81,9.91,-0.003,0.002,-0.008,0.0,0.01,-121.7552305,36.5875135,321.65
-7.8,0.7,0.4,-0.02,0.41,-0.37,0.04,0.15,0.08,-2.12,-2.46,9.447,9.594,9.781,9.692,10.5,9.71,9.81,10.01,-0.003,0.002,-0.008,0.0,0.01,-121.7552305,36.5875135,321.7
-7.7,0.7,0.4,-0.02,0.4,-0.35,0.12,-0.1,-0.14,-2.12,-2.46,9.526,9.575,9.751,9.741,10.3,9.71,9.91,9.91,-0.003,0.002,-0.008,0.0,0.01,-121.7552305,36.5875135,321.75
-7.7,0.7,0.4,-0.02,0.38,-0.32,0.03,0.09,-0.16,-2.11,-2.45,9.565,9.565,9.751,9.722,9.91,9.91,9.81,9.81,-0.003,0.002,-0.008,0.0,0.01,-121.7552305,36.5875135,321.8
-7.7,0.7,0.4,-0.02,0.46,-0.33,-0.27,-0.31,0.1,-2.12,-2.46,9.526,9.614,9.771,9.741,10.1,9.61,10.1,9.91,-0.003,0.002,-0.008,0.0,0.01,-121.7552305,36.5875135,321.85
-7.7,0.7,0.4,-0.03,0.42,-0.33,-0.13,-0.14,0.09,-2.12,-2.46,9.457,9.633,9.79,9.722,10.2,9.81,9.81,10.01,-0.003,0.002,-0.008,0.0,0.01,-121.7552305,36.5875135,321.9
-7.7,0.7,0.4,-0.03,0.41,-0.34,-0.24,-0.16,0.07,-2.12,-2.46,9.447,9.643,9.83,9.692,10.4,9.71,9.71,9.91,-0.003,0.002,-0.008,0.0,0.01,-121.7552305,36.5875135,321.95
-7.7,0.7,0.4,-0.03,0.4,-0.37,0.07,-0.02,-0.07,-2.11,-2.47,9.427,9.594,9.781,9.741,9.91,9.81,10.1,9.91,-0.003,0.002,-0.008,0.0,0.01,-121.7552305,36.5875135,322.0
-7.7,0.7,0.4,-0.03,0.37,-0.36,0.17,-0.11,-0.37,-2.12,-2.47,9.476,9.633,9.81,9.741,10.3,9.52,9.61,9.91,-0.003,0.002,-0.008,0.0,0.01,-121.7552305,36.5875135,322.05
-7.8,0.7,0.4,-0.03,0.43,-0.39,-0.39,-0.01,-0.1,-2.11,-2.47,9.555,9.555,9.82,9.771,10.4,10.1,9.91,9.81,-0.003,0.002,-0.008,0.0,0.01,-121.7552305,36.5875135,322.1
-7.7,0.7,0.4,-0.04,0.4,-0.33,0.21,-0.09,-0.15,-2.12,-2.48,9.476,9.614,9.81,9.771,10.4,9.81,9.91,9.71,-0.003,0.002,-0.008,0.0,0.01,-121.7552305,36.5875135,322.15
-7.7,0.7,0.4,-0.0,0.42,-0.34,-0.08,0.07,0.18,-2.11,-2.46,9.506,9.624,9.81,9.692,10.3,9.91,9.71,9.71,-0.003,0.002,-0.008,0.0,0.01,-121.7552305,36.5875135,322.2
-7.7,0.7,0.4,-0.0,0.42,-0.33,0.49,0.29,-0.2,-2.11,-2.47,9.486,9.555,9.741,9.79,10.3,9.61,9.71,9.71,-0.003,0.002,-0.008,0.0,0.01,-121.7552305,36.5875135,322.25
-7.7,0.7,0.4,-0.01,0.41,-0.35,0.01,0.13,-0.32,-2.11,-2.47,9.486,9.555,9.751,9.692,10.1,9.91,9.91,10.01,-0.003,0.002,-0.008,0.0,0.0,-121.7552305,36.5875135,322.3
-7.7,0.7,0.4,-0.01,0.38,-0.31,0.13,0.32,-0.25,-2.11,-2.47,9.516,9.565,9.839,9.722,10.2,9.61,9.32,9.71,-0.003,0.002,-0.008,0.0,0.0,-121.7552305,36.5875135,322.35
-7.7,0.7,0.4,-0.01,0.39,-0.35,-0.04,-0.18,0.28,-2.12,-2.46,9.594,9.624,9.781,9.624,10.2,9.91,9.81,9.91,-0.003,0.002,-0.008,0.0,0.0,-121.7552305,36.5875135,322.4
-7.8,0.7,0.4,-0.01,0.42,-0.33,-0.04,-0.14,-0.06,-2.11,-2.47,9.457,9.624,9.8,9.692,10.3,9.81,9.42,9.91,-0.003,0.002,-0.008,0.0,0.0,-121.7552305,36.5875135,322.45
-7.7,0.7,0.4,-0.01,0.42,-0.37,-0.06,0.43,-0.14,-2.1,-2.47,9.457,9.555,9.839,9.771,10.1,9.81,9.81,9.91,-0.003,0.002,-0.008,0.0,-0.0,-121.7552305,36.5875135,322.5
-7.7,0.7,0.4,-0.01,0.42,-0.35,-0.29,0.06,-0.09,-2.1,-2.46,9.467,9.653,9.781,9.741,10.3,9.81,9.91,9.91,-0.003,0.002,-0.008,0.0,-0.0,-121.7552304,36.5875135,322.55
-7.7,0.7,0.4,-0.01,0.43,-0.37,0.1,-0.15,0.25,-2.12,-2.46,9.506,9.604,9.839,9.741,9.91,9.81,9.71,10.01,-0.003,0.002,-0.008,0.0,-0.0,-121.7552304,36.5875135,322.6
-7.8,0.7,0.4,-0.01,0.43,-0.35,-0.31,0.3,0.07,-2.1,-2.47,9.506,9.584,9.81,9.741,10.3,9.81,9.52,9.61,-0.003,0.002,-0.008,0.0,-0.01,-121.7552304,36.5875135,322.65
-7.7,0.7,0.4,-0.01,0.42,-0.31,-0.19,-0.04,0.22,-2.12,-2.48,9.457,9.584,9.741,9.741,10.4,9.81,9.61,10.01,-0.003,0.002,-0.008,0.0,-0.01,-121.7552304,36.5875135,322.7
-7.7,0.7,0.4,-0.01,0.39,-0.35,0.21,-0.04,0.07,-2.12,-2.49,9.555,9.545,9.761,9.624,9.91,9.81,10.01,9.81,-0.003,0.002,-0.008,0.0,-0.01,-121.7552304,36.5875135,322.75
-7.7,0.7,0.4,-0.01,0.42,-0.34,0.11,0.26,0.0,-2.1,-2.47,9.467,9.653,9.859,9.741,10.3,9.81,9.61,9.91,-0.003,0.002,-0.008,0.0,-0.01,-121.7552304,36.5875135,322.8
-7.7,0.7,0.4,-0.01,0.45,-0.36,-0.01,-0.01,-0.08,-2.11,-2.47,9.447,9.584,9.859,9.879,10.1,9.52,9.71,9.91,-0.003,0.002,-0.008,0.0,-0.01,-121.7552304,36.5875135,322.85
-7.8,0.7,0.4,-0.01,0.39,-0.37,0.13,-0.13,0.08,-2.11,-2.46,9.467,9.682,9.751,9.741,10.3,9.91,9.61,9.81,-0.003,0.002,-0.008,0.0,-0.01,-121.7552304,36.5875135,322.9
-7.7,0.7,0.4,-0.01,0.41,-0.34,0.22,0.19,-0.28,-2.1,-2.47,9.535,9.624,9.79,9.771,9.91,9.61,9.81,9.81,-0.003,0.002,-0.008,0.0,-0.01,-121.7552304,36.5875135,322.95
-7.7,0.7,0.4,-0.01,0.42,-0.37,0.05,-0.12,0.03,-2.11,-2.48,9.496,9.575,9.8,9.741,10.1,10.01,9.61,9.81,-0.003,0.002,-0.008,0.0,-0.02,-121.7552304,36.5875135,323.0
-7.7,0.7,0.4,-0.01,0.39,-0.34,-0.03,0.16,-0.28,-2.1,-2.47,9.457,9.565,9.781,9.604,9.81,9.71,9.91,10.1,-0.003,0.002,-0.008,0.0,-0.02,-121.7552304,36.5875135,323.05
-7.7,0.7,0.4,-0.01,0.4,-0.37,0.21,-0.08,-0.26,-2.11,-2.47,9.526,9.555,9.83,9.643,10.2,9.81,9.42,10.1,-0.003,0.002,-0.008,0.0,-0.02,-121.7552304,36.5875135,323.1
-7.7,0.7,0.4,-0.01,0.4,-0.37,0.11,0.21,-0.01,-2.1,-2.46,9.427,9.614,9.839,9.722,10.1,9.81,9.81,9.91,-0.003,0.002,-0.008,0.0,-0.02,-121.7552304,36.5875135,323.15
-7.7,0.7,0.4,-0.01,0.38,-0.33,-0.2,-0.26,-0.05,-2.11,-2.47,9.467,9.633,9.692,9.741,10.01,9.81,9.61,9.91,-0.003,0.002,-0.008,0.0,-0.02,-121.7552304,36.5875135,323.2
-7.7,0.7,0.4,-0.01,0.41,-0.35,0.15,0.12,0.13,-2.1,-2.47,9.535,9.653,9.8,9.673,10.01,9.71,10.01,10.1,-0.003,0.002,-0.008,0.0,-0.02,-121.7552304,36.5875135,323.25
-7.7,0.7,0.4,-0.01,0.41,-0.35,-0.04,0.31,0.04,-2.1,-2.46,9.467,9.565,9.82,9.722,10.1,9.81,9.71,9.81,-0.003,0.002,-0.008,0.0,-0.02,-121.7552304,36.5875135,323.3
-7.7,0.7,0.4,-0.01,0.43,-0.37,-0.08,-0.04,0.22,-2.1,-2.46,9.437,9.604,9.8,9.771,10.1,9.81,9.81,9.61,-0.003,0.002,-0.008,0.0,-0.03,-121.7552304,36.5875135,323.35
-7.7,0.7,0.4,-0.01,0.36,-0.32,0.16,-0.13,0.01,-2.11,-2.46,9.594,9.604,9.781,9.692,10.3,9.91,10.1,10.01,-0.003,0.002,-0.008,0.0,-0.03,-121.7552304,36.5875135,323.4
-7.7,0.7,0.4,-0.01,0.42,-0.35,-0.3,0.09,-0.22,-2.1,-2.47,9.535,9.594,9.81,9.673,9.91,9.91,9.42,9.81,-0.003,0.002,-0.008,0.0,-0.03,-121.7552304,36.5875135,323.45
-7.7,0.7,0.4,-0.01,0.43,-0.37,-0.18,-0.27,-0.16,-2.11,-2.47,9.457,9.604,9.81,9.741,10.4,9.71,9.61,9.81,-0.003,0.002,-0.008,0.0,-0.03,-121.7552304,36.5875135,323.5
-7.7,0.7,0.4,-0.01,0.38,-0.34,0.23,0.21,0.08,-2.1,-2.46,9.496,9.584,9.771,9.624,10.1,10.01,9.91,9.71,-0.003,0.002,-0.008,0.0,-0.03,-121.7552304,36.5875135,323.55
-7.7,0.7,0.4,-0.01,0.45,-0.38,-0.25,0.15,0.05,-2.1,-2.46,9.398,9.663,9.781,9.692,10.01,9.91,9.52,10.01,-0.003,0.002,-0.008,0.0,-0.04,-121.7552304,36.5875135,323.6
-7.7,0.7,0.4,-0.01,0.43,-0.34,-0.21,0.07,0.12,-2.11,-2.47,9.437,9.584,9.82,9.849,10.3,9.81,9.81,9.71,-0.003,0.002,-0.008,0.0,-0.04,-121.7552304,36.5875135,323.65
-7.7,0.7,0.4,-0.01,0.41,-0.37,0.04,0.14,-0.06,-2.11,-2.47,9.496,9.643,9.82,9.771,10.3,9.61,9.91,9.91,-0.003,0.002,-0.008,0.0,-0.04,-121.7552304,36.5875135,323.7
-7.7,0.7,0.4,-0.01,0.36,-0.35,0.21,-0.13,-0.22,-2.11,-2.47,9.526,9.614,9.879,9.81,10.2,9.71,10.1,9.71,-0.003,0.002,-0.008,0.0,-0.04,-121.7552304,36.5875135,323.75
-7.7,0.7,0.4,-0.01,0.4,-0.38,-0.32,-0.1,-0.11,-2.11,-2.47,9.565,9.496,9.81,9.722,10.2,9.61,9.81,9.71,-0.003,0.002,-0.008,0.0,-0.04,-121.7552304,36.5875135,323.8
-7.7,0.7,0.4,-0.01,0.41,-0.36,0.17,0.15,-0.06,-2.11,-2.46,9.457,9.555,9.732,9.771,10.1,9.91,9.91,9.91,-0.003,0.002,-0.008,0.0,-0.04,-121.7552304,36.5875135,323.85
-7.7,0.7,0.4,-0.01,0.41,-0.35,0.23,-0.21,-0.4,-2.11,-2.47,9.457,9.624,9.83,9.643,10.1,9.91,9.61,10.1,-0.003,0.002,-0.008,0.0,-0.04,-121.7552304,36.5875135,323.9
-7.7,0.7,0.4,-0.01,0.42,-0.37,0.21,0.01,0.08,-2.11,-2.45,9.437,9.614,9.79,9.849,10.1,9.52,9.91,9.81,-0.003,0.002,-0.008,0.0,-0.04,-121.7552304,36.5875135,323.95
