handwheelAngle,throttle,brake,vxCG,axCG,ayCG,yawRate,rollRate,pitchRate,rollAngle,pitchAngle,chassisAccelFL,chassisAccelFR,chassisAccelRL,chassisAccelRR,wheelAccelFL,wheelAccelFR,wheelAccelRL,wheelAccelRR,deflectionFL,deflectionFR,deflectionRR,sideSlip,vyCG,longitude,latitude,time
9.0,0.3,0.0,-0.01,-0.05,-0.06,0.15,-0.09,-0.02,-0.45,0.32,9.486,9.663,8.957,9.006,10.3,9.81,11.97,11.28,-0.003,-0.003,-0.004,0.0,0.01,-80.3064036,26.9209493,725.25
8.9,0.3,0.0,-0.01,-0.04,-0.07,-0.36,-0.19,0.08,-0.45,0.32,9.486,9.653,8.937,9.015,10.3,9.81,11.58,11.38,-0.003,-0.003,-0.004,0.0,0.01,-80.3064036,26.9209493,725.3
8.9,0.3,0.0,-0.01,-0.06,-0.07,0.02,-0.1,-0.08,-0.45,0.33,9.506,9.673,8.937,9.006,10.2,9.61,11.87,11.38,-0.003,-0.003,-0.004,0.0,0.01,-80.3064036,26.9209493,725.35
8.9,0.3,0.0,-0.01,-0.04,-0.08,-0.02,0.13,-0.21,-0.45,0.32,9.516,9.653,8.976,9.015,10.4,9.71,11.77,11.09,-0.003,-0.003,-0.004,0.0,0.01,-80.3064036,26.9209493,725.4
9.0,0.3,0.0,-0.01,-0.05,-0.09,-0.21,0.3,-0.02,-0.47,0.32,9.506,9.663,8.937,9.035,10.4,9.81,11.67,11.87,-0.003,-0.003,-0.004,0.0,0.01,-80.3064036,26.9209493,725.45
9.0,0.3,0.0,-0.01,-0.05,-0.06,-0.16,-0.27,-0.06,-0.46,0.33,9.476,9.653,8.966,9.015,10.3,9.61,12.07,11.38,-0.003,-0.003,-0.004,0.0,0.01,-80.3064036,26.9209493,725.5
9.0,0.3,0.0,-0.01,-0.05,-0.07,-0.18,0.03,0.02,-0.45,0.32,9.516,9.643,8.976,9.035,10.5,9.81,11.48,11.28,-0.003,-0.003,-0.004,0.0,0.02,-80.3064036,26.9209493,725.55
9.0,0.3,0.0,-0.01,-0.04,-0.08,0.02,0.16,0.29,-0.48,0.3,9.486,9.682,8.947,9.015,10.1,9.91,11.58,11.58,-0.003,-0.003,-0.004,0.0,0.02,-80.3064036,26.9209493,725.6
9.0,0.3,0.0,-0.01,-0.06,-0.07,0.18,0.04,-0.22,-0.46,0.32,9.486,9.643,8.947,9.006,10.59,9.91,11.58,11.18,-0.003,-0.003,-0.004,0.0,0.02,-80.3064036,26.9209493,725.65
9.0,0.3,0.0,-0.01,-0.04,-0.09,-0.25,0.34,0.03,-0.45,0.32,9.506,9.643,8.996,9.015,10.4,9.71,11.77,11.28,-0.003,-0.003,-0.004,0.0,0.02,-80.3064036,26.9209492,725.7
9.0,0.3,0.0,-0.01,-0.05,-0.07,-0.08,0.05,0.05,-0.45,0.32,9.506,9.663,8.947,9.035,10.4,9.81,11.48,11.38,-0.003,-0.003,-0.004,0.0,0.02,-80.3064036,26.9209492,725.75
8.9,0.3,0.0,-0.01,-0.04,-0.08,0.05,0.1,0.21,-0.46,0.32,9.526,9.663,8.917,8.996,10.5,9.61,11.48,11.28,-0.003,-0.003,-0.004,0.0,0.02,-80.3064036,26.9209492,725.8
9.0,0.3,0.0,-0.01,-0.05,-0.06,-0.22,-0.02,0.01,-0.46,0.34,9.496,9.663,8.947,9.006,10.3,9.61,11.87,11.28,-0.003,-0.003,-0.004,0.0,0.02,-80.3064036,26.9209492,725.85
8.9,0.3,0.0,-0.01,-0.05,-0.08,0.05,0.21,0.17,-0.47,0.32,9.535,9.663,8.937,8.996,10.3,9.71,11.67,11.38,-0.003,-0.003,-0.004,0.0,0.01,-80.3064036,26.9209492,725.9
8.9,0.3,0.0,-0.01,-0.05,-0.07,-0.04,0.18,-0.28,-0.46,0.32,9.506,9.663,8.937,9.025,10.3,9.81,11.67,11.38,-0.003,-0.003,-0.004,0.0,0.0,-80.3064036,26.9209492,725.95
8.9,0.3,0.0,-0.01,-0.04,-0.08,-0.26,0.12,-0.15,-0.45,0.31,9.496,9.643,8.957,9.006,10.4,9.91,11.58,10.99,-0.003,-0.003,-0.004,0.0,0.0,-80.3064036,26.9209492,726.0
8.9,0.3,0.0,-0.01,-0.05,-0.06,-0.1,-0.41,0.23,-0.46,0.32,9.535,9.663,8.966,8.986,10.3,10.01,11.58,11.09,-0.003,-0.003,-0.004,0.0,0.0,-80.3064036,26.9209492,726.05
8.9,0.3,0.0,-0.0,-0.07,-0.08,0.15,0.09,-0.49,-0.46,0.32,9.486,9.653,8.947,8.986,10.5,9.91,11.77,11.28,-0.003,-0.003,-0.004,0.0,0.0,-80.3064036,26.9209492,726.1
8.9,0.3,0.0,-0.01,-0.05,-0.08,-0.07,0.06,0.04,-0.47,0.32,9.476,9.663,8.947,8.996,10.4,9.81,11.67,11.38,-0.003,-0.003,-0.004,0.0,0.01,-80.3064036,26.9209492,726.15
8.9,0.3,0.0,-0.0,-0.04,-0.08,0.18,-0.13,0.01,-0.46,0.32,9.476,9.673,8.927,9.006,10.1,9.71,11.77,11.48,-0.003,-0.003,-0.004,0.0,0.01,-80.3064036,26.9209492,726.2
9.0,0.3,0.0,-0.0,-0.04,-0.07,-0.1,0.07,0.23,-0.45,0.32,9.506,9.673,8.927,9.015,10.1,9.81,11.58,10.99,-0.003,-0.003,-0.004,0.0,0.01,-80.3064036,26.9209492,726.25
8.9,0.3,0.0,-0.0,-0.05,-0.08,-0.02,0.11,-0.07,-0.45,0.33,9.476,9.653,8.957,9.006,10.4,10.01,11.48,11.48,-0.003,-0.003,-0.004,0.0,0.01,-80.3064036,26.9209492,726.3
9.0,0.3,0.0,-0.0,-0.07,-0.05,0.29,-0.02,-0.06,-0.45,0.32,9.496,9.653,8.947,9.006,10.3,9.91,11.77,11.38,-0.003,-0.003,-0.004,0.0,0.01,-80.3064036,26.9209492,726.35
9.0,0.3,0.0,-0.0,-0.05,-0.08,-0.21,-0.19,-0.34,-0.43,0.31,9.486,9.682,8.937,9.006,10.2,9.91,11.38,11.09,-0.003,-0.003,-0.004,0.0,0.01,-80.3064036,26.9209492,726.4
8.9,0.3,0.0,-0.0,-0.07,-0.07,0.45,-0.04,-0.19,-0.45,0.32,9.486,9.653,8.937,8.996,10.4,9.81,11.58,11.38,-0.003,-0.003,-0.004,0.0,0.01,-80.3064036,26.9209492,726.45
8.9,0.3,0.0,-0.0,-0.04,-0.08,-0.07,-0.06,-0.07,-0.45,0.32,9.486,9.643,8.937,9.015,10.4,9.91,11.58,11.67,-0.003,-0.003,-0.004,0.0,0.0,-80.3064036,26.9209492,726.5
9.0,0.3,0.0,-0.0,-0.05,-0.07,-0.0,0.08,-0.35,-0.45,0.32,9.506,9.663,8.976,9.025,10.3,9.81,11.48,11.28,-0.003,-0.003,-0.004,0.0,0.0,-80.3064036,26.9209492,726.55
8.9,0.3,0.0,-0.0,-0.05,-0.08,0.32,-0.27,0.14,-0.45,0.33,9.506,9.663,8.957,8.996,10.4,9.91,11.28,11.28,-0.003,-0.003,-0.004,0.0,-0.0,-80.3064036,26.9209492,726.6
9.0,0.3,0.0,0.0,-0.06,-0.07,0.03,-0.13,-0.34,-0.45,0.32,9.506,9.643,8.966,9.006,10.2,10.01,11.58,10.99,-0.003,-0.003,-0.004,0.0,-0.0,-80.3064036,26.9209492,726.65
8.9,0.3,0.0,0.0,-0.06,-0.07,0.06,0.08,0.07,-0.45,0.34,9.516,9.633,8.937,9.025,10.3,9.81,11.48,10.99,-0.003,-0.003,-0.004,0.0,-0.0,-80.3064036,26.9209492,726.7
9.0,0.3,0.0,0.0,-0.02,-0.1,-0.15,0.25,0.14,-0.45,0.34,9.496,9.624,8.957,9.006,10.59,9.71,11.77,11.18,-0.003,-0.003,-0.004,0.0,0.0,-80.3064036,26.9209492,726.75
8.9,0.3,0.0,0.0,-0.07,-0.04,-0.05,-0.25,0.06,-0.45,0.33,9.516,9.653,8.907,8.976,10.3,9.71,11.77,11.18,-0.003,-0.003,-0.004,0.0,0.0,-80.3064036,26.9209492,726.8
9.0,0.3,0.0,0.0,-0.05,-0.08,0.08,-0.26,-0.34,-0.44,0.34,9.486,9.633,8.966,9.015,10.2,9.81,11.77,11.09,-0.003,-0.003,-0.004,0.0,-0.0,-80.3064037,26.9209492,726.85
9.0,0.3,0.0,0.0,-0.06,-0.06,0.03,-0.06,-0.49,-0.45,0.32,9.486,9.653,8.957,9.025,10.2,9.61,11.58,11.09,-0.003,-0.003,-0.004,0.0,-0.0,-80.3064037,26.9209492,726.9
8.9,0.3,0.0,-0.0,-0.06,-0.07,0.2,0.15,-0.09,-0.45,0.32,9.506,9.663,8.966,9.006,10.3,9.81,11.58,11.38,-0.003,-0.003,-0.004,0.0,0.0,-80.3064037,26.9209492,726.95
8.9,0.3,0.0,-0.0,-0.05,-0.09,0.01,-0.17,-0.02,-0.44,0.32,9.506,9.663,8.937,9.015,10.3,9.71,11.38,11.28,-0.003,-0.003,-0.004,0.0,0.0,-80.3064036,26.9209492,727.0
9.0,0.3,0.0,0.0,-0.05,-0.07,-0.08,0.37,0.08,-0.45,0.32,9.506,9.643,8.937,9.015,10.3,9.42,11.77,11.28,-0.003,-0.003,-0.004,0.0,0.0,-80.3064036,26.9209492,727.05
9.0,0.3,0.0,0.0,-0.04,-0.07,-0.25,0.02,0.05,-0.45,0.33,9.526,9.643,8.976,9.015,10.2,9.91,11.38,11.18,-0.003,-0.003,-0.004,0.0,-0.0,-80.3064036,26.9209492,727.1
8.9,0.3,0.0,0.0,-0.05,-0.07,0.05,-0.16,0.1,-0.44,0.32,9.496,9.643,8.917,8.996,10.2,9.71,11.97,11.48,-0.003,-0.003,-0.004,0.0,0.0,-80.3064037,26.9209492,727.15
9.0,0.3,0.0,0.0,-0.05,-0.08,0.02,0.13,-0.08,-0.43,0.31,9.496,9.663,8.937,9.025,10.5,9.81,11.58,11.28,-0.003,-0.003,-0.004,0.0,0.0,-80.3064037,26.9209492,727.2
9.0,0.3,0.0,0.0,-0.05,-0.08,-0.03,-0.15,0.16,-0.42,0.31,9.506,9.653,8.966,9.035,10.4,9.71,11.58,11.38,-0.003,-0.003,-0.004,0.0,0.0,-80.3064037,26.9209492,727.25
9.0,0.3,0.0,0.0,-0.05,-0.07,0.08,0.07,0.15,-0.45,0.32,9.467,9.673,8.957,9.006,10.5,9.81,11.77,11.48,-0.003,-0.003,-0.004,0.0,0.0,-80.3064037,26.9209492,727.3
9.0,0.3,0.0,0.0,-0.06,-0.08,0.27,-0.19,-0.32,-0.45,0.32,9.506,9.673,8.937,8.996,10.3,9.81,11.77,11.58,-0.003,-0.003,-0.004,0.0,0.0,-80.3064037,26.9209492,727.35
9.0,0.3,0.0,0.0,-0.06,-0.06,-0.08,-0.16,-0.5,-0.45,0.32,9.506,9.663,8.976,9.035,10.3,9.91,11.77,11.28,-0.003,-0.003,-0.004,0.0,0.0,-80.3064037,26.9209492,727.4
9.0,0.3,0.0,0.0,-0.05,-0.1,0.1,0.12,0.17,-0.46,0.3,9.506,9.653,8.947,9.035,10.4,9.61,11.67,11.28,-0.003,-0.003,-0.004,0.0,0.0,-80.3064037,26.9209492,727.45
9.0,0.3,0.0,0.0,-0.05,-0.07,-0.15,-0.06,-0.09,-0.47,0.27,9.496,9.673,8.957,8.996,10.4,9.81,11.58,11.18,-0.003,-0.003,-0.004,0.0,0.01,-80.3064037,26.9209492,727.5
8.9,0.3,0.0,0.0,-0.04,-0.07,-0.28,0.0,0.46,-0.45,0.32,9.486,9.653,8.927,9.006,10.3,10.01,11.87,11.28,-0.003,-0.003,-0.004,0.0,0.0,-80.3064037,26.9209492,727.55
8.9,0.3,0.0,0.0,-0.06,-0.08,-0.04,-0.05,-0.21,-0.45,0.33,9.496,9.663,8.957,8.996,10.4,9.71,11.97,11.09,-0.003,-0.003,-0.004,0.0,0.01,-80.3064037,26.9209492,727.6
8.9,0.3,0.0,0.01,-0.05,-0.07,-0.18,0.16,0.49,-0.45,0.33,9.516,9.673,8.937,9.006,10.3,9.61,11.58,11.38,-0.003,-0.003,-0.004,0.0,0.01,-80.3064037,26.9209493,727.65
9.0,0.3,0.0,0.0,-0.04,-0.09,0.33,-0.02,-0.06,-0.45,0.31,9.486,9.663,8.957,9.025,10.1,9.81,11.38,11.38,-0.003,-0.003,-0.004,0.0,0.01,-80.3064036,26.9209493,727.7
9.0,0.3,0.0,0.01,-0.06,-0.07,-0.02,0.04,-0.34,-0.45,0.32,9.506,9.663,8.976,9.045,10.3,10.01,11.58,11.38,-0.003,-0.003,-0.004,0.0,0.01,-80.3064037,26.9209493,727.75
8.9,0.3,0.0,0.01,-0.05,-0.07,-0.27,0.06,0.15,-0.45,0.33,9.506,9.663,8.937,8.966,10.2,9.61,11.67,11.18,-0.003,-0.003,-0.004,0.0,0.01,-80.3064037,26.9209493,727.8
9.0,0.3,0.0,0.01,-0.06,-0.08,-0.15,-0.11,0.0,-0.45,0.31,9.516,9.682,8.947,9.025,10.3,9.61,11.77,11.38,-0.003,-0.003,-0.004,0.0,0.01,-80.3064036,26.9209493,727.85
9.0,0.3,0.0,0.01,-0.05,-0.07,-0.06,0.3,-0.13,-0.45,0.3,9.476,9.663,8.976,9.035,10.5,9.61,11.58,11.58,-0.003,-0.003,-0.004,0.0,0.01,-80.3064036,26.9209493,727.9
8.9,0.3,0.0,0.01,-0.05,-0.08,0.15,0.27,0.19,-0.44,0.32,9.526,9.643,8.907,9.006,10.5,9.71,11.58,11.58,-0.003,-0.003,-0.004,0.0,0.01,-80.3064036,26.9209493,727.95
8.9,0.3,0.0,0.01,-0.05,-0.07,0.08,-0.06,-0.07,-0.47,0.32,9.516,9.673,8.976,9.006,10.5,9.61,11.38,11.28,-0.003,-0.003,-0.004,0.0,0.01,-80.3064036,26.9209493,728.0
9.0,0.3,0.0,0.01,-0.05,-0.06,-0.1,0.12,0.02,-0.45,0.32,9.486,9.673,8.976,9.015,10.3,9.91,11.58,11.28,-0.003,-0.003,-0.004,0.0,0.01,-80.3064036,26.9209493,728.05
9.0,0.3,0.0,0.01,-0.03,-0.08,-0.39,0.25,0.12,-0.46,0.32,9.486,9.643,8.927,9.025,10.3,9.61,11.77,11.28,-0.003,-0.003,-0.004,0.0,0.01,-80.3064036,26.9209493,728.1
9.0,0.3,0.0,0.01,-0.06,-0.07,-0.04,-0.04,0.25,-0.47,0.33,9.486,9.643,8.966,9.006,10.3,9.81,11.67,11.38,-0.003,-0.003,-0.004,0.0,0.01,-80.3064036,26.9209493,728.15
8.9,0.3,0.0,0.01,-0.05,-0.07,0.09,-0.29,0.23,-0.46,0.32,9.496,9.663,8.947,9.006,10.01,9.71,11.77,11.38,-0.003,-0.003,-0.004,0.0,0.01,-80.3064036,26.9209493,728.2
9.0,0.3,0.0,0.01,-0.05,-0.08,-0.03,-0.19,-0.21,-0.47,0.31,9.496,9.673,8.937,9.006,10.4,9.71,11.38,11.48,-0.003,-0.003,-0.004,0.0,0.01,-80.3064036,26.9209493,728.25
8.9,0.3,0.0,0.01,-0.06,-0.07,-0.06,-0.04,0.04,-0.48,0.3,9.506,9.663,8.957,9.025,9.91,9.71,11.77,11.48,-0.003,-0.003,-0.004,0.0,0.01,-80.3064036,26.9209493,728.3
8.9,0.3,0.0,0.01,-0.04,-0.08,0.06,-0.03,0.34,-0.5,0.3,9.516,9.673,8.937,8.996,9.91,9.71,11.38,11.09,-0.003,-0.003,-0.004,0.0,0.01,-80.3064036,26.9209493,728.35
9.0,0.3,0.0,0.01,-0.06,-0.09,0.27,0.28,-0.03,-0.45,0.32,9.516,9.663,8.957,9.035,10.3,9.81,11.58,11.58,-0.003,-0.003,-0.004,0.0,0.01,-80.3064036,26.9209493,728.4
9.0,0.3,0.0,0.01,-0.05,-0.07,0.01,-0.17,0.25,-0.45,0.32,9.516,9.663,8.976,9.025,10.3,9.52,11.77,11.28,-0.003,-0.003,-0.004,0.0,0.01,-80.3064036,26.9209493,728.45
9.0,0.3,0.0,0.01,-0.05,-0.07,-0.12,-0.34,-0.02,-0.44,0.32,9.496,9.643,8.947,9.035,10.3,9.71,11.87,11.38,-0.003,-0.003,-0.004,0.0,0.02,-80.3064036,26.9209493,728.5
9.0,0.3,0.0,0.01,-0.05,-0.09,0.14,0.24,-0.09,-0.43,0.33,9.526,9.643,8.937,9.025,10.1,9.71,11.97,11.28,-0.003,-0.003,-0.004,0.0,0.02,-80.3064036,26.9209493,728.55
9.0,0.3,0.0,0.01,-0.05,-0.08,0.2,0.06,0.29,-0.42,0.33,9.486,9.673,8.937,9.015,10.1,9.52,11.58,11.09,-0.003,-0.003,-0.004,0.0,0.02,-80.3064036,26.9209493,728.6
9.0,0.3,0.0,0.01,-0.05,-0.07,0.03,-0.05,0.05,-0.46,0.31,9.516,9.643,8.966,9.006,10.2,9.71,11.67,11.58,-0.003,-0.003,-0.004,0.0,0.02,-80.3064036,26.9209493,728.65
8.9,0.3,0.0,0.01,-0.06,-0.07,0.21,-0.14,0.09,-0.45,0.32,9.486,9.682,8.937,9.015,10.4,9.61,12.07,11.38,-0.003,-0.003,-0.004,0.0,0.02,-80.3064036,26.9209493,728.7
8.9,0.3,0.0,0.01,-0.04,-0.07,-0.35,-0.37,0.26,-0.45,0.32,9.526,9.663,8.927,9.006,10.2,9.61,11.77,11.58,-0.003,-0.003,-0.004,0.0,0.02,-80.3064036,26.9209493,728.75
8.9,0.3,0.0,0.01,-0.04,-0.07,-0.05,-0.16,-0.16,-0.45,0.32,9.506,9.673,8.927,8.986,10.3,9.91,11.58,11.48,-0.003,-0.003,-0.004,0.0,0.02,-80.3064036,26.9209493,728.8
9.0,0.3,0.0,0.01,-0.06,-0.07,0.35,-0.1,0.08,-0.45,0.32,9.506,9.682,8.947,9.015,10.2,9.52,11.58,11.58,-0.003,-0.003,-0.004,0.0,0.02,-80.3064036,26.9209493,728.85
9.0,0.3,0.0,0.01,-0.04,-0.09,0.18,-0.16,0.26,-0.46,0.33,9.496,9.653,8.947,9.015,10.2,9.81,11.58,11.18,-0.003,-0.003,-0.004,0.0,0.02,-80.3064036,26.9209493,728.9
8.9,0.3,0.0,0.01,-0.08,-0.06,0.3,0.28,-0.06,-0.45,0.32,9.506,9.673,8.927,9.006,10.3,9.52,11.87,11.28,-0.003,-0.003,-0.004,0.0,0.02,-80.3064036,26.9209493,728.95
9.0,0.3,0.0,0.01,-0.02,-0.08,-0.24,0.18,0.43,-0.46,0.32,9.526,9.643,8.927,9.035,10.4,9.61,11.77,11.48,-0.003,-0.003,-0.004,0.0,0.02,-80.3064036,26.9209493,729.0
8.9,0.3,0.0,0.01,-0.04,-0.08,0.07,0.13,0.13,-0.45,0.33,9.486,9.663,8.937,9.015,10.4,9.61,11.77,11.18,-0.003,-0.003,-0.004,0.0,0.02,-80.3064036,26.9209493,729.05
8.9,0.3,0.0,0.01,-0.05,-0.07,-0.06,-0.16,0.17,-0.45,0.33,9.506,9.673,8.947,8.986,10.59,9.61,11.67,11.28,-0.003,-0.003,-0.004,0.0,0.02,-80.3064036,26.9209493,729.1
9.0,0.3,0.0,0.02,-0.05,-0.08,0.17,0.28,-0.31,-0.45,0.32,9.496,9.682,8.937,9.006,10.4,9.71,11.58,11.18,-0.003,-0.003,-0.004,0.0,0.02,-80.3064036,26.9209493,729.15
9.0,0.3,0.0,0.02,-0.06,-0.06,-0.15,0.18,0.05,-0.44,0.31,9.516,9.673,8.976,8.996,10.4,9.71,11.87,11.28,-0.003,-0.003,-0.004,0.0,0.02,-80.3064036,26.9209493,729.2
8.9,0.3,0.0,0.02,-0.02,-0.11,0.19,-0.24,0.27,-0.42,0.29,9.486,9.663,8.957,9.015,10.3,9.81,11.77,11.38,-0.003,-0.003,-0.004,0.0,0.02,-80.3064036,26.9209493,729.25
8.9,0.3,0.0,0.02,-0.04,-0.1,0.13,0.07,0.13,-0.45,0.32,9.496,9.663,8.957,9.006,10.5,9.71,11.77,11.09,-0.003,-0.003,-0.004,0.0,0.02,-80.3064036,26.9209493,729.3
9.0,0.3,0.0,0.02,-0.06,-0.07,0.17,0.07,-0.16,-0.45,0.32,9.506,9.673,8.957,9.006,10.2,9.52,12.07,11.28,-0.003,-0.003,-0.004,0.0,0.02,-80.3064036,26.9209493,729.35
9.0,0.3,0.0,0.02,-0.05,-0.07,0.37,-0.21,0.41,-0.45,0.33,9.496,9.663,8.966,9.006,10.3,9.61,11.67,11.38,-0.003,-0.003,-0.004,0.0,0.02,-80.3064036,26.9209493,729.4
8.9,0.3,0.0,0.02,-0.03,-0.08,0.1,-0.02,0.46,-0.45,0.33,9.516,9.663,8.957,9.025,10.4,9.71,11.58,11.09,-0.003,-0.003,-0.004,0.0,0.02,-80.3064036,26.9209493,729.45
9.0,0.3,0.0,0.02,-0.06,-0.06,-0.33,-0.31,-0.13,-0.46,0.33,9.516,9.663,8.976,9.025,10.5,9.71,11.77,11.28,-0.003,-0.003,-0.004,0.0,0.02,-80.3064036,26.9209493,729.5
9.0,0.3,0.0,0.02,-0.05,-0.08,0.02,-0.33,-0.07,-0.45,0.33,9.476,9.653,8.976,9.006,10.59,9.61,11.67,11.09,-0.003,-0.003,-0.004,0.0,0.02,-80.3064036,26.9209493,729.55
9.0,0.3,0.0,0.02,-0.05,-0.07,-0.29,-0.19,-0.06,-0.45,0.33,9.516,9.673,8.966,9.015,10.5,9.61,11.77,11.38,-0.003,-0.003,-0.004,0.0,0.03,-80.3064036,26.9209493,729.6
9.0,0.3,0.0,0.0,-0.04,-0.07,-0.17,-0.18,-0.13,-0.46,0.33,9.496,9.673,8.976,9.015,10.59,9.61,11.87,10.99,-0.003,-0.003,-0.004,0.0,-0.0,-80.3064036,26.9209492,729.65
9.0,0.3,0.0,-0.0,-0.06,-0.06,0.03,-0.18,-0.14,-0.46,0.32,9.516,9.624,8.937,9.025,10.3,9.52,11.67,11.48,-0.003,-0.003,-0.004,0.0,0.0,-80.3064036,26.9209492,729.7
9.0,0.3,0.0,-0.0,-0.05,-0.08,0.19,-0.14,-0.03,-0.46,0.33,9.496,9.673,8.937,9.015,10.4,9.81,11.38,11.38,-0.003,-0.003,-0.004,0.0,0.0,-80.3064036,26.9209492,729.75
8.9,0.3,0.0,-0.0,-0.06,-0.07,0.3,0.12,-0.2,-0.45,0.32,9.516,9.663,8.947,8.966,10.5,9.71,11.58,11.28,-0.003,-0.003,-0.004,0.0,0.0,-80.3064036,26.9209492,729.8
9.0,0.3,0.0,-0.0,-0.04,-0.08,-0.15,0.21,0.13,-0.45,0.33,9.526,9.663,8.917,9.006,10.3,9.81,11.58,11.38,-0.003,-0.003,-0.004,0.0,0.0,-80.3064036,26.9209492,729.85
8.9,0.3,0.0,-0.0,-0.05,-0.07,0.05,-0.07,-0.11,-0.45,0.33,9.506,9.633,8.917,8.986,10.2,9.61,11.97,11.48,-0.003,-0.003,-0.004,0.0,0.0,-80.3064036,26.9209492,729.9
8.9,0.3,0.0,-0.0,-0.04,-0.09,0.22,0.14,0.38,-0.45,0.33,9.486,9.673,8.898,9.025,10.5,10.01,11.67,11.18,-0.003,-0.003,-0.004,0.0,0.0,-80.3064036,26.9209492,729.95
9.0,0.3,0.0,-0.0,-0.06,-0.06,0.02,0.09,0.03,-0.45,0.33,9.496,9.653,8.947,9.025,10.3,9.81,11.67,11.09,-0.003,-0.003,-0.004,0.0,0.0,-80.3064036,26.9209492,730.0
8.9,0.3,0.0,-0.0,-0.06,-0.09,0.21,0.09,-0.34,-0.45,0.32,9.496,9.633,8.937,9.025,10.5,9.71,11.77,11.38,-0.003,-0.003,-0.004,0.0,0.0,-80.3064036,26.9209492,730.05
8.9,0.3,0.0,0.01,-0.04,-0.08,-0.02,0.36,0.08,-0.45,0.33,9.496,9.682,8.927,8.996,10.5,9.71,11.97,11.38,-0.003,-0.003,-0.004,0.0,0.01,-80.3064036,26.9209492,730.1
8.9,0.3,0.0,0.01,-0.06,-0.07,0.16,-0.18,0.14,-0.46,0.33,9.516,9.663,8.927,9.015,10.59,9.71,11.87,11.28,-0.003,-0.003,-0.004,0.0,0.01,-80.3064036,26.9209492,730.15
8.9,0.3,0.0,0.01,-0.05,-0.07,-0.09,-0.01,0.11,-0.47,0.34,9.496,9.663,8.927,9.006,10.2,9.52,11.48,11.38,-0.003,-0.003,-0.004,0.0,0.01,-80.3064036,26.9209492,730.2
9.0,0.3,0.0,0.01,-0.05,-0.07,-0.08,-0.18,-0.03,-0.46,0.33,9.506,9.643,8.966,9.006,10.5,9.61,11.38,11.28,-0.003,-0.003,-0.004,0.0,0.01,-80.3064036,26.9209492,730.25
8.9,0.3,0.0,0.01,-0.05,-0.07,0.11,-0.11,-0.02,-0.45,0.33,9.506,9.663,8.927,8.996,10.3,9.61,11.77,11.18,-0.003,-0.003,-0.004,0.0,0.01,-80.3064036,26.9209492,730.3
8.9,0.3,0.0,0.01,-0.06,-0.07,0.06,0.14,-0.27,-0.46,0.34,9.526,9.653,8.937,9.006,10.5,9.81,11.58,11.28,-0.003,-0.003,-0.004,0.0,0.01,-80.3064037,26.9209492,730.35
9.0,0.3,0.0,0.01,-0.06,-0.06,0.16,-0.14,0.0,-0.46,0.33,9.506,9.673,8.957,9.015,10.59,9.61,11.77,11.18,-0.003,-0.003,-0.004,0.0,0.01,-80.3064037,26.9209492,730.4
9.0,0.3,0.0,0.01,-0.05,-0.09,0.24,0.11,-0.07,-0.47,0.33,9.496,9.663,8.947,9.006,10.3,9.61,11.58,11.28,-0.003,-0.003,-0.004,0.0,0.01,-80.3064037,26.9209492,730.45
8.9,0.3,0.0,0.01,-0.05,-0.08,-0.13,0.32,-0.33,-0.48,0.33,9.506,9.673,8.976,9.006,10.59,9.61,11.67,11.09,-0.003,-0.003,-0.004,0.0,0.01,-80.3064037,26.9209492,730.5
9.0,0.3,0.0,0.01,-0.05,-0.07,0.02,-0.13,0.32,-0.48,0.33,9.516,9.653,8.937,9.035,10.4,9.81,11.58,11.28,-0.003,-0.003,-0.004,0.0,0.01,-80.3064037,26.9209491,730.55
9.0,0.3,0.0,0.02,-0.04,-0.08,-0.04,-0.11,-0.13,-0.45,0.32,9.506,9.663,8.947,9.006,10.2,10.01,11.67,11.38,-0.003,-0.003,-0.004,0.0,0.01,-80.3064037,26.9209491,730.6
9.0,0.3,0.0,0.02,-0.08,-0.06,0.37,0.16,-0.13,-0.46,0.33,9.516,9.673,8.947,9.006,10.3,9.61,11.77,11.28,-0.003,-0.003,-0.004,0.0,0.02,-80.3064037,26.9209491,730.65
9.0,0.3,0.0,0.02,-0.04,-0.08,0.26,-0.38,0.18,-0.45,0.33,9.496,9.663,8.937,9.006,10.59,9.61,11.67,11.18,-0.003,-0.003,-0.004,0.0,0.02,-80.3064037,26.9209491,730.7
8.9,0.3,0.0,0.02,-0.05,-0.08,0.0,-0.15,-0.14,-0.45,0.32,9.496,9.663,8.927,9.025,10.3,9.61,11.77,11.28,-0.003,-0.003,-0.004,0.0,0.01,-80.3064037,26.9209491,730.75
8.9,0.3,0.0,0.02,-0.05,-0.06,-0.02,-0.27,-0.21,-0.44,0.31,9.516,9.673,8.947,8.986,10.2,9.91,11.87,11.28,-0.003,-0.003,-0.004,0.0,0.02,-80.3064037,26.9209491,730.8
8.9,0.3,0.0,0.02,-0.03,-0.08,-0.15,0.21,0.18,-0.46,0.33,9.486,9.633,8.917,9.006,10.3,9.91,11.87,11.18,-0.003,-0.003,-0.004,0.0,0.02,-80.3064037,26.9209491,730.85
9.0,0.3,0.0,0.02,-0.05,-0.07,-0.21,0.16,0.25,-0.45,0.33,9.496,9.653,8.976,9.045,10.4,9.71,11.58,11.28,-0.003,-0.003,-0.004,0.0,0.02,-80.3064037,26.9209491,730.9
8.9,0.3,0.0,0.02,-0.05,-0.07,0.07,-0.09,0.04,-0.44,0.33,9.506,9.702,8.927,8.986,10.59,9.91,11.67,11.28,-0.003,-0.003,-0.004,0.0,0.02,-80.3064037,26.9209491,730.95
8.9,0.3,0.0,0.02,-0.06,-0.07,-0.01,-0.0,0.5,-0.46,0.34,9.506,9.692,8.957,8.986,10.4,9.52,11.77,11.09,-0.003,-0.003,-0.004,0.0,0.02,-80.3064037,26.9209491,731.0
8.9,0.3,0.0,0.02,-0.05,-0.09,0.07,0.01,-0.4,-0.46,0.33,9.516,9.663,8.927,9.006,10.3,9.71,11.58,11.58,-0.003,-0.003,-0.004,0.0,0.02,-80.3064037,26.9209491,731.05
9.0,0.3,0.0,0.02,-0.05,-0.07,-0.07,0.01,0.18,-0.47,0.33,9.526,9.653,8.957,8.996,10.2,9.61,11.58,11.38,-0.003,-0.003,-0.004,0.0,0.02,-80.3064037,26.9209491,731.1
8.9,0.3,0.0,0.03,-0.06,-0.09,0.17,0.11,0.22,-0.47,0.32,9.506,9.673,8.947,8.996,10.2,9.32,11.87,11.09,-0.003,-0.003,-0.004,0.0,0.02,-80.3064037,26.9209491,731.15
8.9,0.3,0.0,0.03,-0.06,-0.07,0.23,0.02,0.09,-0.46,0.33,9.506,9.653,8.937,8.996,10.2,9.71,11.77,11.28,-0.003,-0.003,-0.004,0.0,0.02,-80.3064037,26.9209491,731.2
9.0,0.3,0.0,0.03,-0.04,-0.07,-0.08,-0.35,0.36,-0.46,0.34,9.535,9.643,8.917,9.006,10.4,9.71,11.38,11.38,-0.003,-0.003,-0.004,0.0,0.02,-80.3064037,26.9209491,731.25
8.9,0.3,0.0,0.03,-0.06,-0.07,0.12,0.17,-0.01,-0.46,0.34,9.506,9.682,8.937,9.006,10.2,9.81,11.77,11.28,-0.003,-0.003,-0.004,0.0,0.02,-80.3064037,26.9209491,731.3
8.9,0.3,0.0,0.03,-0.05,-0.09,-0.22,-0.03,0.27,-0.46,0.35,9.506,9.643,8.966,9.006,10.4,9.52,11.77,11.18,-0.003,-0.003,-0.004,0.0,0.02,-80.3064037,26.9209491,731.35
9.0,0.3,0.0,0.03,-0.06,-0.08,0.36,-0.06,-0.07,-0.46,0.33,9.506,9.663,8.976,9.035,10.4,9.71,11.97,11.28,-0.003,-0.003,-0.004,0.0,0.02,-80.3064037,26.9209491,731.4
9.0,0.3,0.0,0.03,-0.05,-0.08,-0.16,-0.09,-0.35,-0.47,0.33,9.496,9.653,8.957,9.015,10.3,9.52,11.77,11.38,-0.003,-0.003,-0.004,0.0,0.02,-80.3064037,26.9209491,731.45
9.0,0.3,0.0,0.03,-0.06,-0.06,-0.17,0.02,-0.15,-0.47,0.33,9.506,9.653,8.966,9.035,10.3,9.71,11.58,11.58,-0.003,-0.003,-0.004,0.0,0.02,-80.3064037,26.9209491,731.5
8.9,0.3,0.0,0.03,-0.06,-0.08,0.15,0.21,-0.1,-0.47,0.32,9.516,9.663,8.907,9.006,10.1,9.52,11.67,11.38,-0.003,-0.003,-0.004,0.0,0.02,-80.3064037,26.9209491,731.55
8.9,0.3,0.0,0.03,-0.06,-0.08,0.27,0.05,-0.23,-0.48,0.32,9.526,9.653,8.957,9.025,10.4,9.71,11.58,11.28,-0.003,-0.003,-0.004,0.0,0.02,-80.3064037,26.9209491,731.6
9.0,0.3,0.0,0.03,-0.07,-0.08,0.45,-0.23,-0.2,-0.46,0.33,9.496,9.663,8.927,8.996,10.4,9.61,11.77,11.18,-0.003,-0.003,-0.004,0.0,0.02,-80.3064037,26.9209491,731.65
9.0,0.3,0.0,0.04,-0.05,-0.09,0.03,-0.14,-0.47,-0.46,0.33,9.486,9.653,8.966,9.015,10.3,9.71,11.58,11.09,-0.003,-0.003,-0.004,0.0,0.02,-80.3064037,26.9209491,731.7
8.9,0.3,0.0,0.04,-0.05,-0.06,0.18,0.13,0.24,-0.46,0.34,9.506,9.624,8.966,9.035,10.4,9.91,11.58,11.38,-0.003,-0.003,-0.004,0.0,0.03,-80.3064037,26.9209491,731.75
8.9,0.3,0.0,0.04,-0.05,-0.08,-0.1,-0.07,-0.3,-0.46,0.33,9.506,9.653,8.917,9.015,10.59,9.81,11.67,11.28,-0.003,-0.003,-0.004,0.0,0.02,-80.3064037,26.9209491,731.8
8.9,0.3,0.0,0.04,-0.05,-0.07,-0.14,0.12,0.05,-0.47,0.33,9.506,9.692,8.898,8.966,10.2,9.71,11.77,11.28,-0.003,-0.003,-0.004,0.0,0.03,-80.3064037,26.9209491,731.85
9.0,0.3,0.0,0.04,-0.05,-0.07,-0.34,-0.04,-0.2,-0.46,0.33,9.486,9.633,8.996,9.045,10.5,9.71,11.58,11.28,-0.003,-0.003,-0.004,0.0,0.03,-80.3064037,26.920949,731.9
8.9,0.3,0.0,0.04,-0.05,-0.08,0.09,-0.27,-0.28,-0.46,0.33,9.506,9.663,8.976,9.015,10.4,9.71,11.87,11.28,-0.003,-0.003,-0.004,0.0,0.03,-80.3064037,26.920949,731.95
9.0,0.3,0.0,0.04,-0.04,-0.08,-0.06,-0.31,0.26,-0.46,0.34,9.467,9.673,8.927,9.006,10.5,9.61,11.77,11.28,-0.003,-0.003,-0.004,0.0,0.03,-80.3064037,26.920949,732.0
8.9,0.3,0.0,0.04,-0.07,-0.07,0.07,-0.07,-0.21,-0.46,0.33,9.496,9.692,8.937,9.006,10.01,9.81,11.77,11.28,-0.003,-0.003,-0.004,0.0,0.03,-80.3064037,26.920949,732.05
8.9,0.3,0.0,0.04,-0.05,-0.08,-0.12,0.22,-0.08,-0.46,0.35,9.516,9.653,8.976,8.996,10.3,9.52,11.77,11.48,-0.003,-0.003,-0.004,0.0,0.03,-80.3064037,26.920949,732.1
8.9,0.3,0.0,0.04,-0.05,-0.07,0.08,-0.36,0.12,-0.47,0.32,9.496,9.663,8.917,8.976,10.1,9.52,11.67,10.99,-0.003,-0.003,-0.004,0.0,0.03,-80.3064037,26.920949,732.15
9.0,0.3,0.0,0.04,-0.05,-0.08,0.16,-0.04,0.48,-0.46,0.34,9.506,9.653,8.957,9.025,10.4,9.91,11.48,11.38,-0.003,-0.003,-0.004,0.0,0.03,-80.3064037,26.920949,732.2
8.9,0.3,0.0,0.04,-0.05,-0.07,-0.06,0.03,-0.35,-0.46,0.33,9.506,9.653,8.937,9.015,10.2,9.61,11.77,11.28,-0.003,-0.003,-0.004,0.0,0.03,-80.3064037,26.920949,732.25
8.9,0.3,0.0,0.05,-0.05,-0.07,0.29,0.06,-0.16,-0.46,0.33,9.506,9.663,8.907,8.986,10.4,9.81,11.77,11.58,-0.003,-0.003,-0.004,0.0,0.03,-80.3064037,26.920949,732.3
8.9,0.3,0.0,0.05,-0.05,-0.07,-0.1,0.15,-0.12,-0.46,0.32,9.496,9.663,8.957,9.006,10.2,9.71,11.48,10.99,-0.003,-0.003,-0.004,0.0,0.03,-80.3064037,26.9209491,732.35
8.9,0.3,0.0,0.05,-0.05,-0.07,0.08,-0.24,-0.13,-0.46,0.33,9.486,9.663,8.947,8.976,10.69,9.71,11.67,11.18,-0.003,-0.003,-0.004,0.0,0.03,-80.3064037,26.9209491,732.4
9.0,0.3,0.0,0.05,-0.05,-0.08,-0.23,-0.16,0.35,-0.44,0.31,9.496,9.663,8.947,8.996,10.5,10.01,11.87,11.58,-0.003,-0.003,-0.004,0.0,0.03,-80.3064037,26.9209491,732.45
9.0,0.3,0.0,0.05,-0.06,-0.08,0.02,-0.13,0.0,-0.46,0.33,9.516,9.673,8.976,9.035,10.2,10.01,11.67,11.09,-0.003,-0.003,-0.004,0.0,0.03,-80.3064037,26.9209491,732.5
8.9,0.3,0.0,0.05,-0.03,-0.08,0.23,0.1,0.4,-0.46,0.34,9.486,9.643,8.937,8.996,10.5,9.52,11.67,11.28,-0.003,-0.003,-0.004,0.0,0.03,-80.3064037,26.920949,732.55
9.0,0.3,0.0,0.05,-0.04,-0.07,-0.31,0.03,-0.27,-0.46,0.35,9.516,9.643,8.947,9.015,10.4,9.71,11.58,11.28,-0.003,-0.003,-0.004,0.0,0.03,-80.3064037,26.920949,732.6
8.9,0.3,0.0,0.05,-0.05,-0.06,-0.29,0.07,-0.1,-0.47,0.36,9.486,9.653,8.917,8.986,10.5,9.71,11.48,11.09,-0.003,-0.003,-0.004,0.0,0.03,-80.3064037,26.920949,732.65
9.0,0.3,0.0,0.05,-0.05,-0.07,0.15,0.0,0.24,-0.47,0.33,9.496,9.663,8.927,9.015,10.2,9.91,11.77,11.18,-0.003,-0.003,-0.004,0.0,0.03,-80.3064037,26.920949,732.7
8.9,0.3,0.0,0.05,-0.04,-0.1,0.09,0.08,-0.34,-0.46,0.35,9.486,9.633,8.947,9.006,10.4,9.81,11.77,11.48,-0.003,-0.003,-0.004,0.0,0.03,-80.3064037,26.920949,732.75
8.9,0.3,0.0,0.05,-0.06,-0.08,-0.01,0.04,-0.34,-0.46,0.32,9.506,9.663,8.898,8.966,10.5,9.71,11.58,11.09,-0.003,-0.003,-0.004,0.0,0.04,-80.3064037,26.920949,732.8
9.0,0.3,0.0,0.05,-0.06,-0.08,0.19,-0.22,0.03,-0.46,0.33,9.496,9.653,8.966,9.045,10.1,9.81,11.77,11.58,-0.003,-0.003,-0.004,0.0,0.04,-80.3064037,26.920949,732.85
9.0,0.3,0.0,0.06,-0.04,-0.08,-0.2,0.13,-0.1,-0.47,0.33,9.486,9.673,8.947,9.045,10.2,9.81,11.77,10.99,-0.003,-0.003,-0.004,0.0,0.04,-80.3064037,26.920949,732.9
8.9,0.3,0.0,0.06,-0.06,-0.06,0.13,0.01,-0.02,-0.48,0.34,9.506,9.653,8.917,8.996,10.3,9.81,11.38,11.58,-0.003,-0.003,-0.004,0.0,0.04,-80.3064037,26.920949,732.95
8.9,0.3,0.0,0.06,-0.04,-0.07,-0.12,-0.43,-0.48,-0.46,0.34,9.516,9.682,8.957,9.025,10.3,9.81,11.77,11.09,-0.003,-0.003,-0.004,0.0,0.04,-80.3064037,26.920949,733.0
9.0,0.3,0.0,0.06,-0.07,-0.06,0.09,0.2,-0.12,-0.43,0.35,9.506,9.673,8.957,9.015,10.4,9.71,11.77,11.18,-0.003,-0.003,-0.004,0.0,0.04,-80.3064037,26.920949,733.05
9.0,0.3,0.0,0.06,-0.04,-0.09,0.01,-0.01,-0.05,-0.41,0.37,9.496,9.682,8.957,9.006,10.1,9.81,11.77,11.58,-0.003,-0.003,-0.004,0.0,0.04,-80.3064037,26.9209491,733.1
8.9,0.3,0.0,0.06,-0.06,-0.06,0.05,-0.1,-0.13,-0.38,0.38,9.516,9.643,8.947,9.006,10.3,9.61,11.58,11.18,-0.003,-0.003,-0.004,0.0,0.04,-80.3064037,26.9209491,733.15
8.9,0.3,0.0,0.06,-0.05,-0.07,-0.1,-0.07,0.07,-0.46,0.33,9.516,9.673,8.937,8.976,10.4,9.81,11.67,11.48,-0.003,-0.003,-0.004,0.0,0.04,-80.3064037,26.9209491,733.2
8.9,0.3,0.0,0.06,-0.04,-0.08,-0.09,0.09,-0.3,-0.46,0.34,9.506,9.663,8.927,8.986,10.3,9.91,11.58,11.18,-0.003,-0.003,-0.004,0.0,0.04,-80.3064037,26.9209491,733.25
8.9,0.3,0.0,0.06,-0.05,-0.07,-0.12,0.09,-0.38,-0.46,0.32,9.506,9.653,8.947,9.006,10.2,9.81,11.38,11.09,-0.003,-0.003,-0.004,0.0,0.04,-80.3064037,26.9209491,733.3
8.9,0.3,0.0,0.07,-0.05,-0.08,-0.05,0.04,0.11,-0.46,0.33,9.506,9.663,8.947,9.006,10.3,9.61,11.77,11.28,-0.003,-0.003,-0.004,0.0,0.04,-80.3064037,26.9209491,733.35
9.0,0.3,0.0,0.07,-0.05,-0.07,0.11,-0.1,0.17,-0.46,0.33,9.486,9.663,8.947,9.006,10.4,9.61,11.58,10.99,-0.003,-0.003,-0.004,0.0,0.04,-80.3064037,26.9209491,733.4
8.9,0.3,0.0,0.07,-0.06,-0.09,0.36,0.13,0.11,-0.47,0.33,9.486,9.643,8.976,9.035,10.2,9.91,11.67,11.18,-0.003,-0.003,-0.004,0.0,0.04,-80.3064037,26.9209491,733.45
9.0,0.3,0.0,0.07,-0.06,-0.08,0.19,-0.08,-0.07,-0.46,0.31,9.496,9.643,8.947,9.006,10.3,9.91,11.58,11.28,-0.003,-0.003,-0.004,0.0,0.04,-80.3064037,26.9209491,733.5
9.0,0.3,0.0,0.07,-0.04,-0.07,-0.27,0.0,0.04,-0.46,0.33,9.506,9.653,8.937,9.015,10.2,9.61,11.58,11.28,-0.003,-0.003,-0.004,0.0,0.04,-80.3064037,26.9209491,733.55
9.0,0.3,0.0,0.07,-0.05,-0.07,-0.19,0.04,0.17,-0.46,0.33,9.506,9.663,8.996,9.035,10.4,9.61,11.67,10.99,-0.003,-0.003,-0.004,0.0,0.04,-80.3064037,26.9209491,733.6
9.1,0.3,0.0,0.07,-0.04,-0.08,-0.28,-0.14,0.37,-0.46,0.33,9.516,9.653,9.025,9.035,10.3,9.81,11.38,10.99,-0.003,-0.003,-0.004,0.0,0.04,-80.3064037,26.9209491,733.65
9.0,0.3,0.0,0.07,-0.06,-0.09,0.28,0.19,-0.01,-0.47,0.3,9.496,9.673,8.957,9.045,10.4,9.71,11.58,11.58,-0.003,-0.003,-0.004,0.0,0.04,-80.3064037,26.9209491,733.7
9.0,0.3,0.0,0.07,-0.06,-0.07,-0.02,-0.07,-0.16,-0.44,0.33,9.506,9.633,8.966,9.035,10.1,9.71,11.48,11.38,-0.003,-0.003,-0.004,0.0,0.04,-80.3064037,26.9209491,733.75
8.9,0.3,0.0,0.07,-0.05,-0.08,0.09,-0.11,0.02,-0.45,0.32,9.516,9.653,8.907,8.986,10.4,9.61,11.48,11.28,-0.003,-0.003,-0.004,0.0,0.04,-80.3064037,26.9209491,733.8
9.0,0.3,0.0,0.0,-0.05,-0.08,-0.02,0.45,-0.42,-0.45,0.32,9.535,9.663,8.966,9.006,10.4,9.61,11.58,11.28,-0.003,-0.003,-0.004,0.0,-0.0,-80.3064037,26.9209492,733.85
9.0,0.3,0.0,0.0,-0.06,-0.06,-0.1,0.05,0.07,-0.43,0.3,9.496,9.653,8.966,9.006,10.2,9.71,11.67,11.09,-0.003,-0.003,-0.004,0.0,-0.0,-80.3064037,26.9209492,733.9
8.9,0.3,0.0,0.0,-0.04,-0.07,0.07,-0.22,0.11,-0.41,0.28,9.516,9.663,8.947,9.006,10.3,9.61,11.77,11.38,-0.003,-0.003,-0.004,0.0,0.0,-80.3064037,26.9209492,733.95
9.0,0.3,0.0,0.0,-0.04,-0.08,0.01,0.23,0.17,-0.45,0.32,9.516,9.663,8.947,9.025,10.1,9.81,11.58,11.28,-0.003,-0.003,-0.004,0.0,0.0,-80.3064037,26.9209492,734.0
9.0,0.3,0.0,0.0,-0.06,-0.07,0.1,0.04,-0.13,-0.45,0.32,9.486,9.653,8.966,8.996,10.4,9.81,11.38,11.38,-0.003,-0.003,-0.004,0.0,0.0,-80.3064037,26.9209492,734.05
9.0,0.3,0.0,0.0,-0.05,-0.08,0.16,0.26,0.03,-0.45,0.32,9.516,9.663,8.976,9.006,10.2,9.52,11.38,11.38,-0.003,-0.003,-0.004,0.0,-0.0,-80.3064037,26.9209492,734.1
9.0,0.3,0.0,0.0,-0.05,-0.08,0.02,-0.42,-0.08,-0.45,0.31,9.516,9.663,8.947,9.035,10.3,9.71,11.87,11.48,-0.003,-0.003,-0.004,0.0,0.0,-80.3064037,26.9209492,734.15
9.0,0.3,0.0,0.0,-0.07,-0.06,-0.02,0.1,-0.01,-0.45,0.3,9.516,9.633,8.937,9.006,10.2,9.61,12.07,11.38,-0.003,-0.003,-0.004,0.0,0.0,-80.3064037,26.9209492,734.2
9.0,0.3,0.0,0.0,-0.05,-0.09,0.08,0.12,0.06,-0.46,0.32,9.526,9.653,8.927,9.015,10.2,9.61,11.77,11.28,-0.003,-0.003,-0.004,0.0,0.0,-80.3064037,26.9209492,734.25
8.9,0.3,0.0,0.0,-0.07,-0.06,0.06,-0.09,-0.12,-0.45,0.32,9.496,9.653,8.937,8.986,10.3,9.52,11.77,11.38,-0.003,-0.003,-0.004,0.0,0.0,-80.3064037,26.9209493,734.3
8.9,0.3,0.0,0.0,-0.04,-0.09,-0.06,0.02,-0.31,-0.45,0.32,9.496,9.663,8.947,8.996,10.3,9.81,11.77,11.28,-0.003,-0.003,-0.004,0.0,0.0,-80.3064037,26.9209493,734.35
8.9,0.3,0.0,0.0,-0.05,-0.06,-0.06,-0.3,0.51,-0.45,0.31,9.496,9.624,8.937,8.966,10.2,9.71,11.77,11.38,-0.003,-0.003,-0.004,0.0,0.0,-80.3064037,26.9209493,734.4
8.9,0.3,0.0,0.0,-0.05,-0.07,0.14,-0.34,-0.01,-0.45,0.29,9.506,9.663,8.947,9.006,10.5,9.71,11.67,11.28,-0.003,-0.003,-0.004,0.0,0.0,-80.3064037,26.9209493,734.45
8.9,0.3,0.0,0.0,-0.05,-0.08,0.08,0.09,0.37,-0.45,0.32,9.535,9.643,8.947,9.006,10.3,9.42,11.87,11.58,-0.003,-0.003,-0.004,0.0,0.0,-80.3064037,26.9209493,734.5
8.9,0.3,0.0,0.0,-0.06,-0.07,0.45,0.03,0.3,-0.45,0.32,9.516,9.643,8.917,9.006,10.3,9.52,11.67,11.38,-0.003,-0.003,-0.004,0.0,0.01,-80.3064037,26.9209493,734.55
8.9,0.3,0.0,0.0,-0.04,-0.08,-0.09,-0.17,-0.25,-0.45,0.31,9.467,9.673,8.957,8.996,10.4,9.91,11.67,11.09,-0.003,-0.003,-0.004,0.0,0.0,-80.3064037,26.9209493,734.6
9.0,0.3,0.0,0.0,-0.06,-0.07,0.1,0.23,-0.05,-0.45,0.33,9.496,9.663,8.947,9.035,10.1,9.91,11.58,11.38,-0.003,-0.003,-0.004,0.0,-0.0,-80.3064037,26.9209493,734.65
9.0,0.3,0.0,0.0,-0.04,-0.09,-0.29,0.36,-0.31,-0.45,0.34,9.496,9.643,8.947,9.015,10.3,9.91,11.58,11.09,-0.003,-0.003,-0.004,0.0,-0.0,-80.3064037,26.9209493,734.7
9.0,0.3,0.0,-0.0,-0.06,-0.08,0.16,-0.11,0.37,-0.45,0.32,9.496,9.663,8.957,9.035,10.3,10.01,11.77,11.58,-0.003,-0.003,-0.004,0.0,0.0,-80.3064037,26.9209493,734.75
8.9,0.3,0.0,0.0,-0.05,-0.08,-0.05,0.26,0.13,-0.45,0.33,9.516,9.653,8.917,8.966,10.4,9.52,11.67,11.58,-0.003,-0.003,-0.004,0.0,0.0,-80.3064037,26.9209493,734.8
9.0,0.3,0.0,0.0,-0.05,-0.07,-0.03,-0.36,-0.08,-0.45,0.32,9.476,9.633,8.986,9.015,10.2,9.61,11.58,11.38,-0.003,-0.003,-0.004,0.0,0.0,-80.3064037,26.9209493,734.85
9.0,0.3,0.0,0.0,-0.05,-0.07,-0.0,0.15,0.14,-0.47,0.32,9.496,9.673,8.957,9.055,10.3,9.42,11.58,11.38,-0.003,-0.003,-0.004,0.0,0.0,-80.3064037,26.9209493,734.9
8.9,0.3,0.0,0.0,-0.05,-0.07,-0.11,0.11,-0.09,-0.45,0.32,9.496,9.653,8.917,8.996,10.5,9.91,11.87,11.09,-0.003,-0.003,-0.004,0.0,0.0,-80.3064037,26.9209493,734.95
8.9,0.3,0.0,0.0,-0.05,-0.06,-0.11,0.21,0.04,-0.44,0.32,9.526,9.682,8.947,9.015,10.59,9.91,11.58,11.28,-0.003,-0.003,-0.004,0.0,-0.0,-80.3064037,26.9209493,735.0
9.0,0.3,0.0,-0.0,-0.06,-0.07,0.12,-0.22,-0.01,-0.45,0.32,9.496,9.673,8.957,9.015,10.3,9.71,11.58,11.58,-0.003,-0.003,-0.004,0.0,0.0,-80.3064037,26.9209493,735.05
8.9,0.3,0.0,-0.0,-0.04,-0.08,-0.0,-0.31,0.07,-0.46,0.32,9.506,9.663,8.947,8.996,10.3,9.71,11.58,11.48,-0.003,-0.003,-0.004,0.0,0.0,-80.3064037,26.9209493,735.1
9.0,0.3,0.0,0.0,-0.06,-0.08,0.15,-0.11,-0.19,-0.45,0.32,9.516,9.663,8.966,9.035,10.4,9.61,11.67,11.09,-0.003,-0.003,-0.004,0.0,0.0,-80.3064037,26.9209493,735.15
8.9,0.3,0.0,0.0,-0.04,-0.06,-0.1,-0.27,0.38,-0.45,0.32,9.496,9.663,8.907,9.015,10.1,9.81,11.38,11.18,-0.003,-0.003,-0.004,0.0,-0.0,-80.3064037,26.9209493,735.2
8.9,0.3,0.0,0.0,-0.04,-0.08,-0.19,-0.2,0.26,-0.44,0.29,9.506,9.653,8.937,9.015,10.5,9.61,11.38,11.38,-0.003,-0.003,-0.004,0.0,0.0,-80.3064037,26.9209493,735.25
9.0,0.3,0.0,0.0,-0.05,-0.07,0.06,0.18,0.07,-0.43,0.26,9.516,9.673,8.947,8.986,10.5,9.61,11.58,11.48,-0.003,-0.003,-0.004,0.0,0.0,-80.3064037,26.9209493,735.3
9.0,0.3,0.0,0.0,-0.04,-0.08,0.0,-0.25,-0.02,-0.45,0.32,9.496,9.653,8.957,9.006,10.59,9.91,11.87,11.09,-0.003,-0.003,-0.004,0.0,0.0,-80.3064037,26.9209493,735.35
9.0,0.3,0.0,0.0,-0.02,-0.1,-0.06,-0.2,-0.2,-0.45,0.31,9.476,9.643,8.937,9.006,10.3,9.81,11.77,11.28,-0.003,-0.003,-0.004,0.0,0.0,-80.3064037,26.9209493,735.4
8.9,0.3,0.0,0.0,-0.05,-0.07,0.05,-0.32,0.16,-0.44,0.32,9.506,9.653,8.937,8.986,10.4,9.52,11.87,11.28,-0.003,-0.003,-0.004,0.0,0.0,-80.3064037,26.9209493,735.45
9.0,0.3,0.0,0.0,-0.04,-0.09,0.13,0.05,0.25,-0.42,0.33,9.506,9.663,8.957,9.006,10.3,9.81,11.58,11.58,-0.003,-0.003,-0.004,0.0,0.0,-80.3064037,26.9209493,735.5
8.9,0.3,0.0,0.0,-0.05,-0.06,-0.04,0.11,0.02,-0.45,0.32,9.516,9.643,8.937,8.996,10.2,9.71,11.58,11.28,-0.003,-0.003,-0.004,0.0,0.0,-80.3064037,26.9209493,735.55
8.9,0.3,0.0,0.0,-0.05,-0.09,0.22,0.18,-0.02,-0.45,0.33,9.467,9.663,8.937,9.006,10.1,9.81,11.77,11.28,-0.003,-0.003,-0.004,0.0,0.01,-80.3064037,26.9209493,735.6
9.0,0.3,0.0,0.0,-0.06,-0.07,0.2,0.15,0.2,-0.45,0.32,9.506,9.663,8.947,8.996,10.3,9.61,11.58,11.09,-0.003,-0.003,-0.004,0.0,0.01,-80.3064037,26.9209493,735.65
9.0,0.3,0.0,0.01,-0.05,-0.09,-0.02,-0.29,0.09,-0.45,0.32,9.486,9.653,8.947,9.035,10.3,9.71,11.58,11.18,-0.003,-0.003,-0.004,0.0,0.01,-80.3064037,26.9209493,735.7
8.9,0.3,0.0,0.01,-0.06,-0.06,-0.08,-0.06,-0.51,-0.47,0.33,9.506,9.653,8.947,9.006,10.4,9.91,11.48,11.28,-0.003,-0.003,-0.004,0.0,0.01,-80.3064037,26.9209493,735.75
8.9,0.3,0.0,0.01,-0.06,-0.09,0.35,0.09,-0.11,-0.48,0.33,9.476,9.682,8.947,8.986,10.4,9.52,11.58,11.67,-0.003,-0.003,-0.004,0.0,0.01,-80.3064037,26.9209493,735.8
8.9,0.3,0.0,0.01,-0.06,-0.08,-0.14,0.11,0.08,-0.45,0.32,9.506,9.663,8.976,9.035,10.4,9.81,11.77,11.28,-0.003,-0.003,-0.004,0.0,0.01,-80.3064037,26.9209493,735.85
9.0,0.3,0.0,0.01,-0.04,-0.07,0.0,-0.07,0.32,-0.45,0.33,9.516,9.653,8.966,9.025,10.4,9.71,11.58,11.18,-0.003,-0.003,-0.004,0.0,0.01,-80.3064037,26.9209493,735.9
8.9,0.3,0.0,0.01,-0.04,-0.07,-0.11,0.26,0.23,-0.44,0.33,9.516,9.663,8.917,8.996,10.3,9.71,11.38,11.18,-0.003,-0.003,-0.004,0.0,0.01,-80.3064037,26.9209493,735.95
9.0,0.3,0.0,0.01,-0.05,-0.07,-0.11,-0.05,0.19,-0.46,0.32,9.486,9.663,8.976,9.006,10.2,9.91,11.58,11.58,-0.003,-0.003,-0.004,0.0,0.01,-80.3064037,26.9209493,736.0
9.0,0.3,0.0,0.01,-0.07,-0.1,0.19,0.39,-0.29,-0.45,0.31,9.506,9.663,8.966,9.025,10.3,9.81,11.58,11.28,-0.003,-0.003,-0.004,0.0,0.01,-80.3064037,26.9209493,736.05
9.0,0.3,0.0,0.01,-0.06,-0.08,0.38,-0.03,0.33,-0.45,0.3,9.496,9.653,8.927,8.996,10.1,9.81,11.48,11.28,-0.003,-0.003,-0.004,0.0,0.01,-80.3064037,26.9209493,736.1
8.9,0.3,0.0,0.01,-0.05,-0.08,0.05,-0.04,0.4,-0.45,0.32,9.496,9.653,8.937,9.006,10.4,9.52,11.28,11.28,-0.003,-0.003,-0.004,0.0,0.01,-80.3064037,26.9209493,736.15
9.0,0.3,0.0,0.01,-0.05,-0.07,-0.03,0.1,-0.22,-0.45,0.32,9.526,9.663,8.957,8.986,10.5,9.71,11.87,11.28,-0.003,-0.003,-0.004,0.0,0.01,-80.3064037,26.9209493,736.2
9.0,0.3,0.0,0.01,-0.06,-0.06,0.39,0.19,-0.18,-0.45,0.32,9.545,9.673,8.976,9.006,10.4,9.61,11.48,11.38,-0.003,-0.003,-0.004,0.0,0.01,-80.3064037,26.9209493,736.25
8.9,0.3,0.0,0.01,-0.05,-0.09,-0.04,0.16,0.07,-0.46,0.34,9.506,9.663,8.937,8.996,10.2,9.71,11.58,11.38,-0.003,-0.003,-0.004,0.0,0.01,-80.3064037,26.9209493,736.3
9.0,0.3,0.0,0.01,-0.06,-0.07,0.17,-0.11,-0.07,-0.45,0.32,9.486,9.663,8.937,9.015,10.4,9.91,11.67,11.28,-0.003,-0.003,-0.004,0.0,0.01,-80.3064037,26.9209493,736.35
9.0,0.3,0.0,0.01,-0.06,-0.07,0.24,0.23,-0.12,-0.45,0.32,9.486,9.663,8.947,9.025,10.4,9.71,11.67,11.28,-0.003,-0.003,-0.004,0.0,0.01,-80.3064037,26.9209493,736.4
9.0,0.3,0.0,0.01,-0.05,-0.08,-0.16,0.28,-0.26,-0.45,0.32,9.526,9.682,8.947,9.025,10.59,9.81,11.58,11.09,-0.003,-0.003,-0.004,0.0,0.01,-80.3064037,26.9209493,736.45
8.9,0.3,0.0,0.01,-0.06,-0.07,0.03,0.0,-0.62,-0.46,0.32,9.486,9.653,8.937,8.996,10.3,9.71,11.58,10.99,-0.003,-0.003,-0.004,0.0,0.01,-80.3064037,26.9209493,736.5
8.9,0.3,0.0,0.01,-0.05,-0.09,0.11,0.25,-0.04,-0.46,0.32,9.496,9.663,8.907,8.957,10.2,9.71,11.48,11.28,-0.003,-0.003,-0.004,0.0,0.02,-80.3064037,26.9209493,736.55
8.9,0.3,0.0,0.01,-0.05,-0.09,0.03,0.11,0.14,-0.47,0.33,9.516,9.663,8.937,8.986,10.3,9.61,11.67,11.28,-0.003,-0.003,-0.004,0.0,0.02,-80.3064037,26.9209493,736.6
9.0,0.3,0.0,0.01,-0.05,-0.07,-0.05,-0.18,0.27,-0.46,0.33,9.516,9.653,8.966,8.986,10.2,9.81,11.77,11.18,-0.003,-0.003,-0.004,0.0,0.01,-80.3064037,26.9209493,736.65
9.0,0.3,0.0,0.01,-0.05,-0.07,0.05,-0.01,0.03,-0.46,0.33,9.496,9.633,8.966,9.045,10.4,9.61,11.58,11.28,-0.003,-0.003,-0.004,0.0,0.02,-80.3064037,26.9209493,736.7
8.9,0.3,0.0,0.01,-0.04,-0.08,0.06,-0.24,0.34,-0.46,0.33,9.496,9.663,8.947,9.015,10.2,9.81,11.67,11.38,-0.003,-0.003,-0.004,0.0,0.02,-80.3064037,26.9209493,736.75
8.9,0.3,0.0,0.01,-0.06,-0.07,0.06,-0.18,-0.21,-0.47,0.35,9.496,9.673,8.927,9.006,10.1,9.81,11.58,11.28,-0.003,-0.003,-0.004,0.0,0.02,-80.3064037,26.9209493,736.8
9.0,0.3,0.0,0.01,-0.05,-0.07,0.06,0.11,-0.22,-0.45,0.33,9.516,9.653,8.937,9.015,10.5,9.81,11.38,11.38,-0.003,-0.003,-0.004,0.0,0.02,-80.3064038,26.9209493,736.85
8.9,0.3,0.0,0.02,-0.05,-0.08,-0.2,-0.03,-0.29,-0.46,0.33,9.496,9.663,8.947,9.006,10.5,9.71,11.87,10.99,-0.003,-0.003,-0.004,0.0,0.02,-80.3064038,26.9209493,736.9
8.9,0.3,0.0,0.02,-0.05,-0.07,-0.02,-0.23,-0.14,-0.46,0.34,9.496,9.643,8.947,9.015,10.4,10.01,11.48,11.09,-0.003,-0.003,-0.004,0.0,0.02,-80.3064038,26.9209492,736.95
8.9,0.3,0.0,0.02,-0.05,-0.08,-0.23,0.27,-0.14,-0.46,0.32,9.496,9.633,8.957,8.996,10.1,9.81,11.97,11.28,-0.003,-0.003,-0.004,0.0,0.02,-80.3064038,26.9209492,737.0
9.0,0.3,0.0,0.01,-0.04,-0.07,0.31,-0.14,0.32,-0.45,0.34,9.535,9.692,8.937,8.996,10.4,9.61,11.58,11.28,-0.003,-0.003,-0.004,0.0,0.02,-80.3064038,26.9209492,737.05
9.0,0.3,0.0,0.02,-0.05,-0.06,-0.17,-0.09,-0.33,-0.46,0.33,9.516,9.673,8.947,9.025,10.4,9.61,11.28,11.38,-0.003,-0.003,-0.004,0.0,0.02,-80.3064038,26.9209492,737.1
9.0,0.3,0.0,0.02,-0.06,-0.07,0.13,-0.16,-0.07,-0.46,0.33,9.526,9.663,8.937,8.996,10.4,9.71,11.87,11.28,-0.003,-0.003,-0.004,0.0,0.02,-80.3064038,26.9209492,737.15
9.2,0.3,0.0,0.02,-0.04,-0.08,0.23,-0.15,0.2,-0.46,0.33,9.535,9.624,9.055,9.123,10.2,9.52,11.38,10.89,-0.003,-0.003,-0.004,0.0,0.02,-80.3064038,26.9209492,737.2
8.9,0.3,0.0,0.02,-0.06,-0.08,-0.08,0.11,0.31,-0.46,0.34,9.496,9.653,8.917,9.006,10.2,9.81,11.18,11.58,-0.003,-0.003,-0.004,0.0,0.02,-80.3064038,26.9209492,737.25
9.0,0.3,0.0,0.02,-0.05,-0.04,0.01,0.14,0.28,-0.47,0.35,9.476,9.682,8.947,9.006,10.59,9.71,11.38,11.38,-0.003,-0.003,-0.004,0.0,0.02,-80.3064038,26.9209492,737.3
9.0,0.3,0.0,0.01,-0.03,-0.09,-0.26,0.36,0.05,-0.47,0.37,9.496,9.643,8.947,9.006,10.3,9.42,11.77,11.09,-0.003,-0.003,-0.004,0.0,0.01,-80.3064038,26.9209492,737.35
9.0,0.3,0.0,0.0,-0.07,-0.06,-0.1,0.18,0.05,-0.47,0.33,9.506,9.663,8.917,9.015,10.4,9.81,11.77,11.38,-0.003,-0.003,-0.004,0.0,-0.0,-80.3064038,26.9209492,737.4
9.0,0.3,0.0,0.01,-0.04,-0.07,-0.37,-0.02,-0.21,-0.47,0.33,9.496,9.643,8.947,8.986,10.5,9.81,11.67,11.38,-0.003,-0.003,-0.004,0.0,0.01,-80.3064038,26.9209492,737.45
9.0,0.3,0.0,0.01,-0.06,-0.06,0.06,0.05,-0.52,-0.46,0.32,9.476,9.663,8.947,9.035,10.3,9.71,11.38,11.09,-0.003,-0.003,-0.004,0.0,0.01,-80.3064038,26.9209492,737.5
8.9,0.3,0.0,0.01,-0.04,-0.1,-0.11,0.18,0.5,-0.47,0.35,9.486,9.673,8.947,9.015,10.4,9.71,11.77,11.09,-0.003,-0.003,-0.004,0.0,0.01,-80.3064038,26.9209492,737.55
8.9,0.3,0.0,0.0,-0.06,-0.07,-0.0,0.01,-0.03,-0.47,0.34,9.526,9.643,8.976,9.015,10.4,9.81,11.58,11.28,-0.003,-0.003,-0.004,0.0,0.01,-80.3064038,26.9209492,737.6
9.0,0.3,0.0,0.0,-0.04,-0.09,0.19,-0.09,0.07,-0.49,0.36,9.535,9.653,8.947,9.015,10.1,9.81,11.97,11.28,-0.003,-0.003,-0.004,0.0,0.01,-80.3064038,26.9209492,737.65
8.9,0.3,0.0,0.0,-0.06,-0.06,0.3,0.09,0.55,-0.51,0.37,9.516,9.633,8.927,8.986,10.3,9.52,11.67,11.28,-0.003,-0.003,-0.004,0.0,0.02,-80.3064038,26.9209492,737.7
8.9,0.3,0.0,0.0,-0.04,-0.07,0.0,-0.02,0.14,-0.52,0.39,9.486,9.624,8.957,8.986,10.2,9.71,11.38,11.18,-0.003,-0.003,-0.004,0.0,0.02,-80.3064038,26.9209492,737.75
8.9,0.3,0.0,0.0,-0.06,-0.08,-0.04,0.08,0.02,-0.54,0.4,9.516,9.673,8.907,8.996,10.4,9.42,11.58,10.79,-0.003,-0.003,-0.004,0.0,0.02,-80.3064038,26.9209492,737.8
9.0,0.3,0.0,0.0,-0.06,-0.07,-0.04,-0.13,-0.4,-0.46,0.32,9.526,9.673,8.986,9.006,10.2,9.81,11.38,10.99,-0.003,-0.003,-0.004,0.0,0.02,-80.3064038,26.9209492,737.85
9.0,0.3,0.0,0.01,-0.05,-0.07,0.09,0.01,-0.12,-0.45,0.34,9.486,9.653,8.966,9.015,10.3,9.71,11.67,11.09,-0.003,-0.003,-0.004,0.0,0.02,-80.3064038,26.9209492,737.9
9.0,0.3,0.0,0.0,-0.06,-0.08,0.19,-0.11,-0.24,-0.47,0.33,9.516,9.663,8.937,9.025,10.2,9.91,11.77,11.09,-0.003,-0.003,-0.004,0.0,0.02,-80.3064038,26.9209492,737.95
9.0,0.3,0.0,0.0,-0.04,-0.08,-0.07,0.31,-0.02,-0.45,0.33,9.516,9.633,8.957,9.025,10.3,9.81,11.38,11.48,-0.003,-0.003,-0.004,0.0,0.02,-80.3064038,26.9209492,738.0
8.9,0.3,0.0,0.0,-0.06,-0.07,0.15,0.04,-0.18,-0.45,0.33,9.516,9.673,8.927,9.015,10.5,9.81,11.58,11.38,-0.003,-0.003,-0.004,0.0,0.02,-80.3064037,26.9209492,738.05
9.0,0.3,0.0,-0.0,-0.06,-0.07,0.1,0.26,-0.41,-0.45,0.32,9.496,9.633,8.947,9.015,10.3,9.91,11.77,11.38,-0.003,-0.003,-0.004,0.0,0.0,-80.3064037,26.9209492,738.1
9.0,0.3,0.0,0.01,-0.02,-0.07,-0.26,-0.05,0.14,-0.46,0.32,9.486,9.663,8.907,9.015,10.2,9.71,11.87,11.28,-0.003,-0.003,-0.004,0.0,0.01,-80.3064037,26.9209492,738.15
9.0,0.3,0.0,0.0,-0.04,-0.06,-0.11,-0.07,0.39,-0.46,0.33,9.496,9.653,8.947,9.025,10.5,9.91,11.67,11.38,-0.003,-0.003,-0.004,0.0,-0.0,-80.3064037,26.9209492,738.2
8.9,0.3,0.0,-0.0,-0.06,-0.07,0.1,-0.21,0.04,-0.46,0.33,9.506,9.653,8.937,9.006,10.3,9.71,11.67,11.09,-0.003,-0.003,-0.004,0.0,0.0,-80.3064037,26.9209492,738.25
9.0,0.3,0.0,0.0,-0.05,-0.08,0.04,0.07,-0.0,-0.46,0.33,9.476,9.633,8.937,9.035,10.3,9.61,11.97,11.28,-0.003,-0.003,-0.004,0.0,-0.0,-80.3064037,26.9209492,738.3
9.0,0.3,0.0,0.0,-0.06,-0.07,0.15,-0.13,-0.17,-0.46,0.32,9.496,9.682,8.947,9.015,10.3,9.71,11.77,11.38,-0.003,-0.003,-0.004,0.0,0.0,-80.3064037,26.9209492,738.35
9.0,0.3,0.0,0.0,-0.04,-0.07,0.05,-0.06,0.12,-0.45,0.33,9.526,9.663,8.937,9.015,10.4,9.81,11.67,11.28,-0.003,-0.003,-0.004,0.0,0.0,-80.3064037,26.9209492,738.4
9.0,0.3,0.0,0.0,-0.06,-0.06,-0.12,0.22,-0.31,-0.45,0.32,9.516,9.643,8.927,8.996,10.2,9.61,11.58,11.58,-0.003,-0.003,-0.004,0.0,0.0,-80.3064037,26.9209492,738.45
9.0,0.3,0.0,0.0,-0.04,-0.08,-0.03,-0.09,0.1,-0.46,0.33,9.476,9.682,8.957,9.015,10.1,9.71,11.58,11.28,-0.003,-0.003,-0.004,0.0,0.0,-80.3064037,26.9209492,738.5
9.0,0.3,0.0,0.0,-0.05,-0.07,0.17,0.0,-0.07,-0.46,0.32,9.496,9.663,8.966,9.006,10.3,9.71,11.67,11.18,-0.003,-0.003,-0.004,0.0,-0.0,-80.3064037,26.9209492,738.55
9.0,0.3,0.0,0.0,-0.05,-0.09,0.17,-0.33,-0.29,-0.46,0.32,9.535,9.633,8.937,9.006,10.4,9.61,11.67,11.28,-0.003,-0.003,-0.004,0.0,0.0,-80.3064037,26.9209492,738.6
9.0,0.3,0.0,0.0,-0.05,-0.07,-0.1,-0.23,0.21,-0.46,0.33,9.486,9.682,8.937,8.996,10.3,9.61,11.38,11.18,-0.003,-0.003,-0.004,0.0,0.0,-80.3064037,26.9209492,738.65
8.9,0.4,0.0,0.0,-0.05,-0.07,-0.02,0.05,0.32,-0.46,0.33,9.496,9.682,8.966,8.996,10.59,9.81,11.58,11.28,-0.003,-0.003,-0.004,0.0,0.0,-80.3064037,26.9209492,738.7
9.0,0.3,0.0,0.0,-0.05,-0.08,0.03,0.22,0.21,-0.45,0.33,9.496,9.663,8.947,9.006,10.3,9.61,11.77,11.38,-0.003,-0.003,-0.004,0.0,-0.0,-80.3064037,26.9209492,738.75
8.9,0.4,0.0,0.0,-0.06,-0.07,0.33,0.16,0.3,-0.45,0.33,9.496,9.673,8.907,8.966,10.59,9.61,11.87,11.38,-0.003,-0.003,-0.004,0.0,0.0,-80.3064037,26.9209492,738.8
9.0,0.3,0.0,0.0,-0.05,-0.08,-0.15,-0.09,-0.25,-0.46,0.33,9.486,9.653,8.917,9.006,10.4,9.91,11.87,11.18,-0.003,-0.003,-0.004,0.0,0.0,-80.3064037,26.9209492,738.85
9.0,0.4,0.0,0.0,-0.06,-0.07,-0.09,-0.09,-0.11,-0.46,0.33,9.486,9.673,8.937,8.996,10.4,9.71,11.28,11.48,-0.003,-0.003,-0.004,0.0,0.0,-80.3064037,26.9209492,738.9
9.0,0.4,0.0,0.0,-0.05,-0.06,-0.11,0.09,-0.17,-0.47,0.34,9.496,9.673,8.947,9.006,10.59,9.71,11.58,10.99,-0.003,-0.003,-0.004,0.0,0.0,-80.3064037,26.9209492,738.95
9.0,0.3,0.0,0.0,-0.04,-0.08,0.22,-0.07,0.14,-0.46,0.33,9.506,9.673,8.927,8.996,10.5,9.71,11.38,11.18,-0.003,-0.003,-0.004,0.0,0.01,-80.3064037,26.9209492,739.0
9.0,0.3,0.0,0.01,-0.05,-0.05,-0.23,-0.38,0.19,-0.46,0.33,9.496,9.663,8.957,9.015,10.5,9.91,11.58,11.18,-0.003,-0.003,-0.004,0.0,0.01,-80.3064037,26.9209492,739.05
9.0,0.3,0.0,0.0,-0.05,-0.09,-0.15,0.4,-0.33,-0.48,0.34,9.516,9.663,8.937,9.035,10.5,9.71,11.67,11.09,-0.003,-0.003,-0.004,0.0,0.01,-80.3064037,26.9209492,739.1
9.0,0.3,0.0,0.01,-0.05,-0.09,-0.02,0.25,-0.31,-0.46,0.32,9.486,9.653,8.986,9.015,10.5,9.81,11.48,11.38,-0.003,-0.003,-0.004,0.0,0.01,-80.3064037,26.9209492,739.15
9.0,0.3,0.0,0.01,-0.07,-0.07,0.17,-0.09,-0.22,-0.47,0.35,9.516,9.643,8.937,9.006,10.3,9.81,11.77,11.18,-0.003,-0.003,-0.004,0.0,0.01,-80.3064037,26.9209492,739.2
9.0,0.4,0.0,0.01,-0.05,-0.11,0.27,0.25,0.07,-0.47,0.37,9.506,9.663,8.947,8.996,10.79,9.71,11.58,11.28,-0.003,-0.003,-0.004,0.0,0.01,-80.3064037,26.9209492,739.25
9.0,0.3,0.0,0.01,-0.05,-0.05,-0.09,-0.52,0.28,-0.46,0.33,9.516,9.653,8.947,9.025,10.3,9.71,11.87,11.28,-0.003,-0.003,-0.004,0.0,0.01,-80.3064037,26.9209492,739.3
9.0,0.3,0.0,0.01,-0.04,-0.08,-0.01,0.18,-0.34,-0.46,0.32,9.506,9.663,8.937,9.006,10.2,9.81,11.58,11.28,-0.003,-0.003,-0.004,0.0,0.01,-80.3064037,26.9209492,739.35
9.0,0.3,0.0,0.01,-0.04,-0.06,-0.15,0.12,0.23,-0.46,0.33,9.516,9.653,8.947,9.045,10.3,9.71,11.67,11.18,-0.003,-0.003,-0.004,0.0,0.01,-80.3064037,26.9209492,739.4
9.0,0.3,0.0,0.01,-0.04,-0.11,0.12,0.13,-0.44,-0.46,0.32,9.486,9.653,8.996,9.006,10.2,9.81,11.58,11.38,-0.003,-0.003,-0.004,0.0,0.01,-80.3064037,26.9209492,739.45
9.0,0.3,0.0,0.01,0.06,-0.21,-0.4,0.11,0.21,-0.46,0.32,9.496,9.673,8.966,9.006,10.5,9.91,11.58,11.38,-0.003,-0.003,-0.004,0.0,0.01,-80.3064037,26.9209492,739.5
9.0,0.3,0.0,0.01,-0.06,-0.04,-0.08,-0.3,0.25,-0.47,0.3,9.496,9.673,8.947,9.006,10.3,9.71,11.77,11.48,-0.003,-0.003,-0.004,0.0,0.01,-80.3064037,26.9209492,739.55
9.0,0.3,0.0,0.01,-0.03,-0.09,-0.34,0.36,0.33,-0.47,0.28,9.516,9.633,8.957,9.006,10.3,9.61,11.77,11.28,-0.003,-0.003,-0.004,0.0,0.01,-80.3064037,26.9209492,739.6
9.0,0.3,0.0,0.0,-0.05,-0.06,0.15,-0.06,0.19,-0.46,0.33,9.476,9.663,8.966,9.015,10.2,9.71,11.58,11.28,-0.003,-0.003,-0.004,0.0,0.01,-80.3064037,26.9209492,739.65
9.0,0.4,0.0,0.0,-0.05,-0.09,0.27,0.49,0.24,-0.46,0.35,9.506,9.663,8.966,9.015,10.5,9.61,11.67,11.58,-0.003,-0.003,-0.004,0.0,0.01,-80.3064037,26.9209492,739.7
8.9,0.4,0.0,0.01,-0.06,-0.07,0.13,-0.12,-0.35,-0.46,0.32,9.506,9.663,8.957,8.966,10.4,9.71,11.77,11.28,-0.003,-0.003,-0.004,0.0,0.01,-80.3064037,26.9209492,739.75
8.9,0.4,0.0,0.01,-0.05,-0.07,-0.06,-0.12,-0.04,-0.46,0.34,9.506,9.653,8.917,8.966,10.5,9.71,11.48,11.38,-0.003,-0.003,-0.004,0.0,0.01,-80.3064037,26.9209492,739.8
9.1,0.3,0.0,0.01,-0.04,-0.07,-0.2,0.13,0.24,-0.46,0.33,9.496,9.653,8.986,9.045,10.3,10.01,11.58,11.48,-0.003,-0.003,-0.004,0.0,0.01,-80.3064037,26.9209492,739.85
9.0,0.3,0.0,0.01,-0.05,-0.08,-0.31,0.03,-0.22,-0.46,0.33,9.496,9.663,8.957,9.045,10.5,9.61,11.58,11.09,-0.003,-0.003,-0.004,0.0,0.01,-80.3064037,26.9209492,739.9
9.0,0.3,0.0,0.01,-0.06,-0.07,0.08,0.06,-0.25,-0.47,0.33,9.486,9.673,8.937,9.006,10.59,9.91,11.28,11.48,-0.003,-0.003,-0.004,0.0,0.01,-80.3064037,26.9209492,739.95
9.0,0.3,0.0,0.01,-0.05,-0.07,0.04,0.26,0.07,-0.45,0.33,9.486,9.682,8.927,8.976,10.2,9.61,11.38,11.28,-0.003,-0.003,-0.004,0.0,0.01,-80.3064037,26.9209492,740.0
9.0,0.4,0.0,0.01,-0.05,-0.08,-0.1,0.03,0.01,-0.44,0.34,9.506,9.673,8.927,9.006,10.59,9.61,11.58,10.99,-0.003,-0.003,-0.004,0.0,0.01,-80.3064037,26.9209492,740.05
9.0,0.3,0.0,0.01,-0.05,-0.07,-0.07,0.28,0.07,-0.45,0.33,9.486,9.643,8.957,9.006,10.3,9.71,11.58,11.28,-0.003,-0.003,-0.004,0.0,0.01,-80.3064037,26.9209492,740.1
9.0,0.3,0.0,0.01,-0.05,-0.08,0.03,-0.19,-0.2,-0.46,0.33,9.496,9.692,8.947,8.996,10.2,9.52,11.77,11.48,-0.003,-0.003,-0.004,0.0,0.01,-80.3064037,26.9209492,740.15
9.0,0.3,0.0,0.01,-0.06,-0.05,-0.35,-0.05,0.21,-0.45,0.32,9.496,9.663,8.957,9.035,10.4,9.71,11.58,11.48,-0.003,-0.003,-0.004,0.0,0.01,-80.3064036,26.9209492,740.2
9.0,0.3,0.0,0.01,-0.03,-0.08,-0.2,0.14,0.45,-0.45,0.33,9.516,9.653,8.966,9.006,10.59,9.71,11.87,11.28,-0.003,-0.003,-0.004,0.0,0.01,-80.3064036,26.9209492,740.25
9.0,0.3,0.0,-0.0,-0.04,-0.08,-0.14,-0.11,0.34,-0.45,0.33,9.526,9.633,8.966,9.025,10.5,9.81,11.28,11.28,-0.003,-0.003,-0.004,0.0,-0.0,-80.3064036,26.9209492,740.3
9.0,0.3,0.0,-0.0,-0.05,-0.06,-0.02,-0.34,-0.19,-0.45,0.32,9.526,9.643,8.937,9.006,10.3,9.61,11.58,11.09,-0.003,-0.003,-0.004,0.0,0.0,-80.3064036,26.9209492,740.35
9.0,0.3,0.0,-0.0,-0.05,-0.09,0.29,0.01,-0.04,-0.45,0.32,9.506,9.663,8.957,9.006,10.3,9.91,11.77,11.18,-0.003,-0.003,-0.004,0.0,0.0,-80.3064036,26.9209492,740.4
9.0,0.3,0.0,-0.0,-0.06,-0.06,0.0,-0.63,0.24,-0.45,0.33,9.506,9.663,8.947,9.006,10.3,9.61,11.87,11.28,-0.003,-0.003,-0.004,0.0,-0.0,-80.3064036,26.9209492,740.45
9.0,0.3,0.0,-0.0,-0.04,-0.09,-0.1,0.31,-0.42,-0.46,0.32,9.516,9.663,8.976,9.035,10.2,9.91,11.38,11.28,-0.003,-0.003,-0.004,0.0,-0.0,-80.3064036,26.9209492,740.5
9.0,0.3,0.0,-0.0,-0.05,-0.06,0.01,-0.17,0.14,-0.45,0.34,9.506,9.673,8.937,8.986,10.2,9.71,11.58,11.09,-0.003,-0.003,-0.004,0.0,0.0,-80.3064036,26.9209492,740.55
9.0,0.3,0.0,-0.0,-0.06,-0.08,0.42,-0.18,-0.06,-0.45,0.32,9.506,9.663,8.937,9.025,10.69,9.81,11.38,11.28,-0.003,-0.003,-0.004,0.0,0.0,-80.3064036,26.9209493,740.6
9.0,0.3,0.0,-0.0,-0.06,-0.07,0.13,0.07,-0.02,-0.44,0.33,9.486,9.663,8.966,9.025,10.3,9.71,12.07,11.18,-0.003,-0.003,-0.004,0.0,-0.0,-80.3064036,26.9209493,740.65
9.0,0.3,0.0,-0.0,-0.05,-0.06,-0.31,-0.34,0.07,-0.45,0.32,9.506,9.643,8.947,9.006,10.3,9.71,11.38,11.09,-0.003,-0.003,-0.004,0.0,-0.0,-80.3064036,26.9209493,740.7
9.0,0.3,0.0,-0.01,-0.04,-0.08,-0.07,-0.11,0.01,-0.45,0.32,9.476,9.673,8.917,8.996,10.4,9.71,11.97,10.89,-0.003,-0.003,-0.004,0.0,0.0,-80.3064036,26.9209493,740.75
8.9,0.4,0.0,-0.01,-0.06,-0.07,0.07,0.16,-0.22,-0.44,0.31,9.516,9.653,8.927,8.976,10.1,9.71,11.48,11.28,-0.003,-0.003,-0.004,0.0,0.0,-80.3064036,26.9209493,740.8
9.0,0.3,0.0,-0.01,-0.04,-0.08,-0.15,-0.5,0.36,-0.45,0.33,9.496,9.673,8.986,8.996,10.3,9.71,11.67,11.18,-0.003,-0.003,-0.004,0.0,-0.0,-80.3064036,26.9209493,740.85
9.0,0.3,0.0,-0.01,-0.06,-0.06,-0.14,-0.0,0.06,-0.43,0.31,9.496,9.673,8.976,9.015,10.4,9.52,11.67,11.38,-0.003,-0.003,-0.004,0.0,0.0,-80.3064036,26.9209493,740.9
8.9,0.4,0.0,-0.01,-0.03,-0.08,-0.22,-0.1,0.59,-0.44,0.33,9.526,9.663,8.927,9.015,10.2,9.61,11.58,11.28,-0.003,-0.003,-0.004,0.0,0.0,-80.3064036,26.9209493,740.95
9.0,0.3,0.0,-0.01,-0.05,-0.08,-0.01,-0.06,0.16,-0.43,0.3,9.486,9.673,8.966,8.996,10.4,9.91,11.77,11.09,-0.003,-0.003,-0.004,0.0,0.0,-80.3064036,26.9209493,741.0
8.9,0.4,0.0,-0.01,-0.06,-0.05,-0.24,-0.32,-0.04,-0.44,0.32,9.496,9.682,8.937,8.996,10.4,9.61,11.67,11.28,-0.003,-0.003,-0.004,0.0,0.0,-80.3064036,26.9209493,741.05
8.9,0.4,0.0,-0.01,-0.03,-0.09,0.05,-0.02,0.32,-0.44,0.32,9.516,9.643,8.947,9.006,10.3,9.52,11.97,11.38,-0.003,-0.003,-0.004,0.0,0.0,-80.3064036,26.9209493,741.1
9.0,0.3,0.0,-0.01,-0.05,-0.08,0.12,0.27,0.24,-0.44,0.31,9.496,9.653,8.927,9.006,10.4,9.91,11.77,11.09,-0.003,-0.003,-0.004,0.0,0.0,-80.3064036,26.9209493,741.15
9.0,0.3,0.0,-0.01,-0.05,-0.06,-0.23,-0.24,0.08,-0.44,0.32,9.496,9.653,8.966,9.045,10.5,9.91,11.48,11.28,-0.003,-0.003,-0.004,0.0,-0.0,-80.3064036,26.9209493,741.2
9.0,0.3,0.0,-0.01,-0.03,-0.08,-0.11,0.14,0.27,-0.45,0.29,9.506,9.673,8.966,9.006,10.4,9.71,11.67,11.67,-0.003,-0.003,-0.004,0.0,0.0,-80.3064036,26.9209493,741.25
9.0,0.3,0.0,-0.01,-0.05,-0.07,0.06,0.13,-0.07,-0.44,0.32,9.496,9.653,8.937,9.025,10.2,9.71,11.58,10.99,-0.003,-0.003,-0.004,0.0,0.0,-80.3064036,26.9209493,741.3
9.0,0.3,0.0,-0.01,-0.05,-0.08,-0.12,-0.0,-0.19,-0.44,0.32,9.496,9.643,8.947,9.025,10.5,9.71,11.67,11.18,-0.003,-0.003,-0.004,0.0,0.0,-80.3064036,26.9209493,741.35
9.0,0.3,0.0,-0.01,-0.07,-0.09,0.18,0.04,-0.33,-0.44,0.32,9.516,9.673,8.966,9.015,10.5,9.61,11.77,10.99,-0.003,-0.003,-0.004,0.0,0.0,-80.3064036,26.9209493,741.4
9.0,0.3,0.0,-0.01,-0.05,-0.07,0.1,0.09,-0.09,-0.44,0.32,9.506,9.663,8.957,9.006,10.59,9.91,11.38,11.38,-0.003,-0.003,-0.004,0.0,0.0,-80.3064036,26.9209493,741.45
9.0,0.3,0.0,-0.01,-0.04,-0.08,-0.08,0.14,0.25,-0.44,0.32,9.516,9.663,8.966,9.006,10.59,9.52,11.77,11.38,-0.003,-0.003,-0.004,0.0,0.0,-80.3064036,26.9209493,741.5
9.0,0.3,0.0,-0.01,-0.05,-0.07,-0.15,-0.04,-0.18,-0.44,0.32,9.496,9.643,8.957,9.006,10.4,9.71,11.58,11.18,-0.003,-0.003,-0.004,0.0,0.0,-80.3064036,26.9209493,741.55
9.0,0.3,0.0,-0.02,-0.06,-0.07,-0.12,-0.27,-0.03,-0.44,0.32,9.506,9.663,8.947,9.035,10.3,9.91,11.67,11.28,-0.003,-0.003,-0.004,0.0,0.0,-80.3064036,26.9209493,741.6
9.0,0.4,0.0,-0.02,-0.04,-0.08,0.14,-0.06,0.18,-0.44,0.32,9.496,9.663,8.957,9.015,10.1,9.52,11.58,11.48,-0.003,-0.003,-0.004,0.0,0.0,-80.3064036,26.9209493,741.65
9.0,0.3,0.0,-0.02,-0.06,-0.06,0.1,-0.13,-0.37,-0.44,0.32,9.476,9.653,8.947,9.015,10.4,9.71,11.58,11.28,-0.003,-0.003,-0.004,0.0,0.0,-80.3064036,26.9209493,741.7
9.0,0.4,0.0,-0.02,-0.05,-0.07,0.01,-0.01,0.1,-0.42,0.32,9.496,9.663,8.976,9.006,10.5,9.52,11.38,11.28,-0.003,-0.003,-0.004,0.0,0.0,-80.3064036,26.9209493,741.75
8.9,0.4,0.0,-0.02,-0.04,-0.08,-0.22,0.1,-0.27,-0.44,0.32,9.506,9.653,8.917,8.966,10.3,9.71,11.77,11.58,-0.003,-0.003,-0.004,0.0,0.0,-80.3064036,26.9209493,741.8
8.9,0.4,0.0,-0.02,-0.05,-0.08,-0.27,0.19,-0.04,-0.45,0.31,9.486,9.663,8.937,8.986,10.5,9.61,11.58,11.48,-0.003,-0.003,-0.004,0.0,0.0,-80.3064036,26.9209493,741.85
9.0,0.3,0.0,-0.02,-0.05,-0.07,-0.1,0.03,-0.04,-0.45,0.31,9.516,9.682,8.937,9.015,10.4,9.71,11.58,11.28,-0.003,-0.003,-0.004,0.0,0.0,-80.3064036,26.9209493,741.9
9.0,0.4,0.0,-0.02,-0.04,-0.08,-0.15,0.01,-0.18,-0.46,0.3,9.496,9.643,8.957,9.006,10.69,9.71,11.77,10.99,-0.003,-0.003,-0.004,0.0,0.0,-80.3064036,26.9209493,741.95
9.0,0.3,0.0,-0.02,-0.04,-0.09,0.2,0.46,0.31,-0.46,0.3,9.496,9.653,8.947,9.006,10.3,9.71,11.77,11.18,-0.003,-0.003,-0.004,0.0,0.0,-80.3064036,26.9209493,742.0
9.0,0.4,0.0,-0.02,-0.05,-0.07,-0.33,0.22,-0.41,-0.45,0.32,9.496,9.643,8.957,9.006,10.5,9.91,11.58,11.28,-0.003,-0.003,-0.004,0.0,0.0,-80.3064036,26.9209493,742.05
9.0,0.4,0.0,-0.02,-0.05,-0.08,-0.06,0.05,-0.0,-0.46,0.32,9.506,9.633,8.947,9.015,10.2,9.61,11.38,11.38,-0.003,-0.003,-0.004,0.0,0.0,-80.3064036,26.9209493,742.1
9.0,0.4,0.0,-0.02,-0.04,-0.08,-0.32,0.15,-0.08,-0.47,0.32,9.506,9.663,8.917,9.006,10.01,9.61,11.77,11.38,-0.003,-0.003,-0.004,0.0,0.0,-80.3064036,26.9209493,742.15
9.0,0.4,0.0,-0.02,-0.06,-0.08,0.32,0.03,0.23,-0.44,0.33,9.526,9.653,8.937,8.986,10.3,9.71,11.67,11.28,-0.003,-0.003,-0.004,0.0,0.0,-80.3064036,26.9209493,742.2
9.0,0.4,0.0,-0.02,-0.05,-0.07,0.01,0.03,0.17,-0.44,0.3,9.516,9.673,8.937,9.006,10.4,9.71,11.77,11.28,-0.003,-0.003,-0.004,0.0,0.0,-80.3064037,26.9209493,742.25
9.0,0.4,0.0,-0.02,-0.05,-0.08,-0.02,-0.06,-0.02,-0.45,0.31,9.506,9.653,8.957,9.006,10.4,9.91,11.58,11.38,-0.003,-0.003,-0.004,0.0,0.0,-80.3064037,26.9209493,742.3
9.0,0.4,0.0,-0.02,-0.06,-0.08,0.12,-0.07,-0.31,-0.44,0.32,9.496,9.663,8.947,8.986,10.4,9.81,11.58,11.28,-0.003,-0.003,-0.004,0.0,0.0,-80.3064037,26.9209493,742.35
9.0,0.4,0.0,-0.03,-0.06,-0.08,0.09,0.12,-0.26,-0.44,0.32,9.516,9.663,8.937,9.006,10.3,9.71,11.58,11.38,-0.003,-0.003,-0.004,0.0,0.0,-80.3064037,26.9209493,742.4
9.0,0.4,0.0,-0.03,-0.04,-0.08,-0.02,-0.06,0.04,-0.45,0.33,9.506,9.653,8.957,9.015,10.5,9.71,11.38,11.09,-0.003,-0.003,-0.004,0.0,0.0,-80.3064037,26.9209493,742.45
9.0,0.4,0.0,-0.03,-0.05,-0.06,-0.2,-0.17,-0.33,-0.44,0.32,9.506,9.663,8.976,9.035,10.1,9.52,11.77,11.18,-0.003,-0.003,-0.004,0.0,0.0,-80.3064037,26.9209493,742.5
9.0,0.4,0.0,-0.03,-0.05,-0.07,-0.08,0.11,-0.07,-0.44,0.32,9.506,9.653,8.947,9.035,10.5,9.61,11.58,11.09,-0.003,-0.003,-0.004,0.0,0.0,-80.3064037,26.9209493,742.55
9.0,0.4,0.0,-0.03,-0.05,-0.06,-0.18,-0.3,-0.03,-0.45,0.32,9.496,9.663,8.957,9.025,10.3,9.91,11.38,11.48,-0.003,-0.003,-0.004,0.0,0.0,-80.3064037,26.9209493,742.6
9.0,0.4,0.0,-0.03,-0.06,-0.09,0.1,-0.0,0.07,-0.47,0.32,9.506,9.643,8.937,9.006,10.2,9.61,11.38,11.48,-0.003,-0.003,-0.004,0.0,0.0,-80.3064037,26.9209493,742.65
9.0,0.4,0.0,-0.03,-0.05,-0.08,0.01,-0.31,0.13,-0.48,0.32,9.496,9.643,8.947,9.035,10.3,9.91,11.77,11.28,-0.003,-0.003,-0.004,0.0,0.0,-80.3064037,26.9209493,742.7
9.0,0.4,0.0,-0.03,-0.05,-0.07,-0.15,0.22,-0.01,-0.45,0.32,9.516,9.663,8.927,9.025,10.5,9.71,11.58,11.28,-0.003,-0.003,-0.004,0.0,0.0,-80.3064037,26.9209492,742.75
8.9,0.4,0.0,-0.03,-0.04,-0.07,-0.15,0.08,-0.04,-0.45,0.32,9.516,9.663,8.927,9.015,10.3,9.71,11.48,11.28,-0.003,-0.003,-0.004,0.0,0.0,-80.3064037,26.9209492,742.8
9.0,0.4,0.0,-0.03,-0.05,-0.07,0.09,0.04,-0.4,-0.45,0.32,9.526,9.682,8.966,9.015,10.3,9.91,11.77,11.28,-0.003,-0.003,-0.004,0.0,0.0,-80.3064037,26.9209492,742.85
8.9,0.4,0.0,-0.03,-0.05,-0.08,0.1,-0.02,0.19,-0.45,0.33,9.516,9.663,8.898,8.996,10.3,9.71,11.58,11.48,-0.003,-0.003,-0.004,0.0,0.0,-80.3064037,26.9209492,742.9
9.0,0.4,0.0,-0.03,-0.05,-0.07,-0.12,0.02,0.18,-0.45,0.32,9.486,9.653,8.917,8.966,10.4,9.71,11.67,11.18,-0.003,-0.003,-0.004,0.0,0.0,-80.3064037,26.9209492,742.95
9.0,0.4,0.0,-0.03,-0.06,-0.08,0.1,-0.27,-0.12,-0.45,0.33,9.506,9.663,8.976,9.025,10.2,9.81,11.77,10.99,-0.003,-0.003,-0.004,0.0,0.0,-80.3064037,26.9209492,743.0
9.0,0.4,0.0,0.0,-0.06,-0.07,0.28,-0.03,0.16,-0.45,0.34,9.486,9.663,8.947,9.025,10.4,9.81,11.48,11.18,-0.003,-0.003,-0.004,0.0,-0.0,-80.3064037,26.9209492,743.05
9.0,0.4,0.0,-0.0,-0.05,-0.08,0.04,-0.01,0.19,-0.45,0.33,9.486,9.643,8.957,9.015,10.4,9.52,12.16,11.09,-0.003,-0.003,-0.004,0.0,0.0,-80.3064037,26.9209492,743.1
9.0,0.4,0.0,-0.0,-0.06,-0.08,0.13,0.04,-0.42,-0.45,0.32,9.486,9.673,8.947,9.006,10.4,9.81,11.58,11.09,-0.003,-0.003,-0.004,0.0,0.0,-80.3064037,26.9209492,743.15
9.0,0.4,0.0,-0.0,-0.06,-0.08,0.27,-0.03,0.05,-0.45,0.34,9.496,9.633,8.957,9.045,10.2,9.61,11.58,11.28,-0.003,-0.003,-0.004,0.0,0.0,-80.3064037,26.9209492,743.2
9.0,0.4,0.0,-0.0,-0.05,-0.09,0.13,0.18,-0.46,-0.45,0.32,9.476,9.673,8.957,9.025,10.4,9.61,11.48,11.28,-0.003,-0.003,-0.004,0.0,0.0,-80.3064037,26.9209492,743.25
9.0,0.4,0.0,-0.0,-0.05,-0.07,-0.45,0.13,-0.11,-0.45,0.32,9.486,9.653,8.937,8.996,10.4,9.71,11.58,11.48,-0.003,-0.003,-0.004,0.0,-0.0,-80.3064037,26.9209492,743.3
9.0,0.4,0.0,-0.0,-0.06,-0.07,0.29,0.09,0.14,-0.45,0.33,9.496,9.673,8.947,8.996,10.3,9.71,11.67,11.09,-0.003,-0.003,-0.004,0.0,0.0,-80.3064037,26.9209491,743.35
9.0,0.4,0.0,0.01,-0.05,-0.07,-0.12,-0.25,-0.09,-0.45,0.33,9.516,9.653,8.937,9.006,10.4,9.81,11.77,11.38,-0.003,-0.003,-0.004,0.0,0.01,-80.3064037,26.9209491,743.4
9.0,0.4,0.0,0.01,-0.05,-0.1,0.0,0.29,-0.13,-0.45,0.32,9.506,9.663,8.937,8.976,10.3,9.81,11.77,11.09,-0.003,-0.003,-0.004,0.0,0.01,-80.3064037,26.9209491,743.45
9.0,0.4,0.0,0.01,-0.04,-0.07,0.07,0.04,0.33,-0.46,0.3,9.486,9.663,8.957,9.015,10.2,9.61,11.67,11.58,-0.003,-0.003,-0.004,0.0,0.01,-80.3064037,26.9209491,743.5
9.0,0.4,0.0,0.01,-0.06,-0.08,0.19,0.29,-0.31,-0.45,0.32,9.496,9.682,8.957,9.006,10.4,9.71,11.77,11.38,-0.003,-0.003,-0.004,0.0,0.01,-80.3064037,26.9209491,743.55
9.0,0.3,0.0,0.01,-0.05,-0.08,-0.03,0.19,-0.06,-0.45,0.33,9.506,9.653,8.947,9.015,10.1,9.52,11.58,11.28,-0.003,-0.003,-0.004,0.0,0.01,-80.3064037,26.9209491,743.6
9.0,0.4,0.0,0.01,-0.05,-0.07,-0.24,-0.08,0.05,-0.46,0.34,9.486,9.663,8.947,9.015,10.3,9.61,11.97,11.48,-0.003,-0.003,-0.004,0.0,0.01,-80.3064037,26.9209491,743.65
9.0,0.4,0.0,0.01,-0.06,-0.08,-0.04,-0.09,-0.1,-0.47,0.34,9.516,9.673,8.927,9.006,10.59,9.91,11.58,11.28,-0.003,-0.003,-0.004,0.0,0.01,-80.3064037,26.9209491,743.7
9.0,0.4,0.0,0.01,-0.06,-0.08,0.1,-0.08,-0.02,-0.45,0.33,9.506,9.663,8.927,9.006,10.5,9.81,11.77,11.28,-0.003,-0.003,-0.004,0.0,0.01,-80.3064037,26.9209491,743.75
8.9,0.4,0.0,0.01,-0.05,-0.07,0.21,-0.24,0.29,-0.45,0.34,9.506,9.643,8.937,8.986,10.01,9.52,11.87,11.38,-0.003,-0.003,-0.004,0.0,0.01,-80.3064037,26.9209491,743.8
9.0,0.4,0.0,0.01,-0.04,-0.09,0.08,-0.04,0.01,-0.45,0.34,9.516,9.682,8.947,9.006,10.2,9.91,11.67,11.18,-0.003,-0.003,-0.004,0.0,0.01,-80.3064037,26.9209491,743.85
9.0,0.4,0.0,0.01,-0.05,-0.06,0.01,0.1,-0.24,-0.45,0.32,9.506,9.643,8.957,9.035,10.01,9.81,11.58,11.48,-0.003,-0.003,-0.004,0.0,0.02,-80.3064037,26.9209491,743.9
8.9,0.4,0.0,0.01,-0.05,-0.08,0.13,-0.34,-0.01,-0.45,0.34,9.516,9.653,8.927,8.957,10.01,9.71,11.38,11.28,-0.003,-0.003,-0.004,0.0,0.01,-80.3064037,26.9209491,743.95
9.0,0.4,0.0,0.01,-0.06,-0.07,0.03,-0.09,-0.17,-0.45,0.35,9.496,9.643,8.937,8.986,10.3,9.81,11.87,11.28,-0.003,-0.003,-0.004,0.0,0.01,-80.3064037,26.9209491,744.0
9.0,0.4,0.0,0.01,-0.07,-0.07,-0.11,-0.18,-0.27,-0.45,0.33,9.516,9.663,8.937,8.986,10.4,9.61,11.58,11.18,-0.003,-0.003,-0.004,0.0,0.01,-80.3064037,26.9209491,744.05
9.0,0.4,0.0,0.01,-0.05,-0.08,-0.25,-0.52,-0.53,-0.45,0.32,9.496,9.653,8.947,9.015,10.2,9.71,11.77,11.09,-0.003,-0.003,-0.004,0.0,0.01,-80.3064037,26.9209491,744.1
9.0,0.4,0.0,0.01,-0.06,-0.08,0.3,0.29,-0.03,-0.48,0.29,9.506,9.653,8.927,8.996,10.3,10.01,11.58,11.28,-0.003,-0.003,-0.004,0.0,0.02,-80.3064037,26.9209491,744.15
9.0,0.4,0.0,0.01,-0.06,-0.08,0.22,0.24,0.11,-0.45,0.33,9.496,9.663,8.947,9.035,10.5,9.71,11.38,11.38,-0.003,-0.003,-0.004,0.0,0.02,-80.3064037,26.9209491,744.2
9.0,0.4,0.0,0.01,-0.05,-0.08,-0.12,-0.11,-0.04,-0.45,0.32,9.486,9.653,8.937,9.025,10.59,9.91,11.77,11.09,-0.003,-0.003,-0.004,0.0,0.02,-80.3064037,26.9209491,744.25
9.0,0.4,0.0,0.01,-0.05,-0.06,0.19,-0.06,0.42,-0.45,0.33,9.526,9.673,8.937,9.015,10.2,9.91,11.77,11.18,-0.003,-0.003,-0.004,0.0,0.02,-80.3064037,26.9209491,744.3
9.2,0.3,0.0,0.01,-0.04,-0.07,-0.11,0.23,0.26,-0.44,0.32,9.496,9.643,9.015,9.113,10.5,9.81,11.58,11.18,-0.003,-0.003,-0.004,0.0,0.02,-80.3064037,26.9209491,744.35
9.0,0.4,0.0,0.01,-0.04,-0.09,-0.0,0.21,-0.11,-0.46,0.31,9.496,9.663,8.937,9.025,10.5,9.61,11.67,11.28,-0.003,-0.003,-0.004,0.0,0.02,-80.3064037,26.9209491,744.4
9.0,0.4,0.0,0.02,-0.06,-0.06,-0.08,0.23,0.31,-0.44,0.32,9.506,9.663,8.966,9.015,10.4,9.42,11.38,11.09,-0.003,-0.003,-0.004,0.0,0.02,-80.3064037,26.9209491,744.45
9.0,0.4,0.0,0.0,-0.05,-0.09,0.13,0.07,-0.01,-0.46,0.32,9.506,9.643,8.966,9.025,10.4,9.61,11.87,11.38,-0.003,-0.003,-0.004,0.0,-0.0,-80.3064036,26.9209491,744.5
9.0,0.4,0.0,-0.0,-0.05,-0.07,0.34,0.07,-0.04,-0.44,0.32,9.506,9.653,8.976,9.015,10.4,9.71,11.77,11.38,-0.003,-0.003,-0.004,0.0,0.0,-80.3064037,26.9209492,744.55
9.0,0.4,0.0,-0.0,-0.07,-0.08,0.33,-0.01,-0.56,-0.44,0.33,9.486,9.663,8.947,8.996,10.4,9.81,11.67,11.09,-0.003,-0.003,-0.004,0.0,0.0,-80.3064037,26.9209492,744.6
9.0,0.4,0.0,-0.0,-0.06,-0.08,-0.04,0.06,0.07,-0.44,0.32,9.516,9.633,8.966,9.025,10.59,9.52,11.67,11.28,-0.003,-0.003,-0.004,0.0,0.0,-80.3064037,26.9209492,744.65
9.0,0.4,0.0,-0.0,-0.05,-0.08,-0.02,0.06,0.39,-0.44,0.32,9.496,9.673,8.976,9.006,10.59,9.71,11.67,11.28,-0.003,-0.003,-0.004,0.0,0.0,-80.3064037,26.9209492,744.7
9.0,0.4,0.0,0.0,-0.06,-0.07,-0.36,-0.08,-0.45,-0.44,0.32,9.496,9.663,8.917,9.006,10.5,9.81,11.87,11.38,-0.003,-0.003,-0.004,0.0,-0.0,-80.3064037,26.9209492,744.75
8.9,0.4,0.0,-0.0,-0.06,-0.07,0.2,-0.05,0.08,-0.43,0.33,9.516,9.643,8.917,8.986,10.3,9.81,11.67,11.28,-0.003,-0.003,-0.004,0.0,0.0,-80.3064037,26.9209492,744.8
9.0,0.4,0.0,0.0,-0.04,-0.07,-0.1,0.06,0.12,-0.42,0.34,9.486,9.663,8.947,9.025,10.5,9.71,11.58,11.09,-0.003,-0.003,-0.004,0.0,-0.0,-80.3064037,26.9209492,744.85
9.0,0.4,0.0,0.0,-0.05,-0.06,-0.23,0.09,0.03,-0.41,0.35,9.516,9.673,8.957,9.025,10.1,9.71,11.28,10.99,-0.003,-0.003,-0.004,0.0,-0.0,-80.3064037,26.9209492,744.9
9.0,0.4,0.0,-0.0,-0.04,-0.08,-0.04,0.03,-0.12,-0.4,0.36,9.516,9.663,8.927,8.986,10.1,9.81,11.77,11.28,-0.003,-0.003,-0.004,0.0,0.0,-80.3064037,26.9209492,744.95
9.0,0.4,0.0,-0.0,-0.06,-0.06,-0.22,-0.37,-0.15,-0.44,0.32,9.476,9.643,8.927,8.986,10.4,9.61,11.77,11.09,-0.003,-0.003,-0.004,0.0,-0.0,-80.3064037,26.9209492,745.0
9.0,0.4,0.0,-0.0,-0.05,-0.1,0.28,0.03,0.09,-0.44,0.32,9.535,9.653,8.937,9.006,10.4,9.91,11.58,10.99,-0.003,-0.003,-0.004,0.0,-0.0,-80.3064037,26.9209492,745.05
9.0,0.4,0.0,-0.0,-0.06,-0.06,-0.24,-0.1,0.02,-0.46,0.32,9.516,9.643,8.976,9.025,10.4,9.81,11.77,11.28,-0.003,-0.003,-0.004,0.0,0.0,-80.3064037,26.9209492,745.1
9.0,0.4,0.0,-0.0,-0.03,-0.09,-0.24,0.05,0.01,-0.47,0.31,9.486,9.663,8.937,9.015,10.1,9.61,11.77,11.28,-0.003,-0.003,-0.004,0.0,-0.0,-80.3064037,26.9209492,745.15
9.0,0.4,0.0,-0.0,-0.09,-0.05,0.34,-0.1,-0.13,-0.49,0.31,9.526,9.653,8.937,9.015,10.4,9.61,11.58,11.18,-0.003,-0.003,-0.004,0.0,0.0,-80.3064037,26.9209492,745.2
9.0,0.4,0.0,-0.0,-0.05,-0.1,0.08,0.22,0.21,-0.5,0.3,9.496,9.673,8.957,9.006,10.3,9.52,11.58,11.28,-0.003,-0.003,-0.004,0.0,0.0,-80.3064037,26.9209492,745.25
9.0,0.4,0.0,-0.0,-0.05,-0.07,-0.07,0.24,-0.0,-0.43,0.32,9.496,9.663,8.976,9.006,10.4,9.71,11.77,11.58,-0.003,-0.003,-0.004,0.0,0.0,-80.3064037,26.9209492,745.3
9.0,0.4,0.0,-0.0,-0.04,-0.07,-0.6,-0.15,0.32,-0.44,0.32,9.516,9.663,8.927,9.006,10.2,9.71,11.67,11.09,-0.003,-0.003,-0.004,0.0,-0.0,-80.3064037,26.9209492,745.35
9.0,0.4,0.0,-0.0,-0.06,-0.07,0.06,-0.19,0.0,-0.44,0.32,9.496,9.624,8.966,9.025,10.4,9.71,11.48,11.09,-0.003,-0.003,-0.004,0.0,0.0,-80.3064037,26.9209492,745.4
9.0,0.4,0.0,-0.0,-0.05,-0.08,-0.05,-0.05,0.17,-0.43,0.32,9.516,9.643,8.937,9.006,10.01,9.71,11.28,11.28,-0.003,-0.003,-0.004,0.0,0.0,-80.3064037,26.9209493,745.45
9.0,0.4,0.0,-0.0,-0.04,-0.08,-0.14,0.17,0.15,-0.43,0.32,9.496,9.653,8.947,9.035,10.3,9.52,11.67,11.28,-0.003,-0.003,-0.004,0.0,0.0,-80.3064037,26.9209493,745.5
9.0,0.4,0.0,-0.0,-0.05,-0.07,0.02,0.17,0.33,-0.45,0.32,9.467,9.624,8.937,9.006,10.3,9.91,11.87,11.38,-0.003,-0.003,-0.004,0.0,0.0,-80.3064037,26.9209493,745.55
9.0,0.4,0.0,-0.0,-0.04,-0.08,0.03,0.15,0.05,-0.43,0.32,9.516,9.663,8.966,9.006,10.4,9.91,11.77,11.09,-0.003,-0.003,-0.004,0.0,0.0,-80.3064037,26.9209493,745.6
9.0,0.4,0.0,-0.0,-0.06,-0.07,0.12,-0.23,-0.08,-0.44,0.32,9.526,9.663,8.917,9.015,10.5,9.52,11.58,11.18,-0.003,-0.003,-0.004,0.0,0.0,-80.3064037,26.9209493,745.65
9.0,0.4,0.0,-0.0,-0.06,-0.09,0.44,-0.03,-0.15,-0.44,0.31,9.486,9.673,8.966,9.055,10.2,9.81,11.77,11.38,-0.003,-0.003,-0.004,0.0,0.0,-80.3064037,26.9209493,745.7
9.0,0.4,0.0,-0.0,-0.06,-0.07,0.22,-0.13,-0.37,-0.44,0.31,9.476,9.653,8.937,9.006,10.4,9.91,11.67,11.48,-0.003,-0.003,-0.004,0.0,0.0,-80.3064037,26.9209493,745.75
8.9,0.4,0.0,-0.0,-0.04,-0.07,-0.11,-0.27,-0.14,-0.44,0.32,9.516,9.643,8.937,8.957,10.4,9.81,11.67,11.09,-0.003,-0.003,-0.004,0.0,0.0,-80.3064037,26.9209493,745.8
9.0,0.4,0.0,-0.0,-0.05,-0.07,-0.03,-0.24,-0.11,-0.44,0.32,9.516,9.653,8.966,9.035,10.01,9.81,11.77,11.28,-0.003,-0.003,-0.004,0.0,-0.0,-80.3064037,26.9209493,745.85
9.0,0.4,0.0,-0.0,-0.05,-0.08,-0.02,0.03,0.17,-0.45,0.32,9.496,9.673,8.937,9.006,10.59,9.71,11.67,11.58,-0.003,-0.003,-0.004,0.0,0.0,-80.3064037,26.9209493,745.9
9.0,0.4,0.0,-0.0,-0.04,-0.08,0.02,-0.17,0.03,-0.44,0.31,9.506,9.663,8.898,8.976,10.4,9.71,11.87,11.18,-0.003,-0.003,-0.004,0.0,0.0,-80.3064037,26.9209493,745.95
9.0,0.4,0.0,-0.0,-0.05,-0.07,0.01,0.31,-0.26,-0.43,0.31,9.496,9.624,8.947,8.986,9.91,9.81,11.58,11.38,-0.003,-0.003,-0.004,0.0,0.0,-80.3064037,26.9209493,746.0
9.0,0.4,0.0,-0.0,-0.06,-0.07,-0.11,0.01,-0.35,-0.45,0.32,9.476,9.663,8.957,9.006,10.2,9.91,11.48,11.38,-0.003,-0.003,-0.004,0.0,0.0,-80.3064037,26.9209493,746.05
9.0,0.4,0.0,-0.0,-0.04,-0.08,-0.24,0.18,0.09,-0.43,0.32,9.506,9.673,8.947,8.996,10.5,9.61,11.87,11.18,-0.003,-0.003,-0.004,0.0,0.0,-80.3064037,26.9209493,746.1
9.0,0.4,0.0,-0.0,-0.05,-0.07,-0.42,-0.1,0.1,-0.45,0.32,9.506,9.663,8.937,9.006,10.1,9.71,11.77,11.28,-0.003,-0.003,-0.004,0.0,0.0,-80.3064037,26.9209493,746.15
9.0,0.4,0.0,-0.0,-0.05,-0.08,0.05,0.16,-0.07,-0.43,0.32,9.516,9.643,8.927,8.966,10.3,9.81,11.48,11.09,-0.003,-0.003,-0.004,0.0,0.0,-80.3064037,26.9209493,746.2
9.0,0.4,0.0,-0.0,-0.06,-0.07,-0.07,0.0,-0.5,-0.45,0.33,9.516,9.643,8.976,8.986,10.3,9.71,11.77,11.28,-0.003,-0.003,-0.004,0.0,0.0,-80.3064037,26.9209493,746.25
9.0,0.4,0.0,-0.0,-0.04,-0.07,-0.05,0.02,0.14,-0.43,0.32,9.496,9.673,8.947,9.006,10.3,9.71,11.87,11.09,-0.003,-0.003,-0.004,0.0,0.0,-80.3064037,26.9209493,746.3
9.0,0.4,0.0,-0.0,-0.05,-0.07,-0.17,-0.13,0.11,-0.44,0.32,9.496,9.663,8.927,9.015,10.4,9.81,11.58,11.67,-0.003,-0.003,-0.004,0.0,0.0,-80.3064037,26.9209493,746.35
9.0,0.4,0.0,-0.01,-0.07,-0.07,0.18,-0.04,-0.25,-0.43,0.32,9.496,9.663,8.947,8.986,10.2,9.52,11.87,11.09,-0.003,-0.003,-0.004,0.0,-0.01,-80.3064037,26.9209494,746.4
9.0,0.4,0.0,-0.01,-0.03,-0.1,-0.02,-0.03,0.34,-0.41,0.33,9.516,9.692,8.937,9.006,10.3,9.52,12.07,11.48,-0.003,-0.003,-0.004,0.0,-0.01,-80.3064037,26.9209494,746.45
9.0,0.4,0.0,-0.01,-0.07,-0.06,0.14,0.02,-0.16,-0.45,0.32,9.496,9.663,8.927,9.025,10.3,9.71,11.87,11.38,-0.003,-0.003,-0.004,0.0,-0.01,-80.3064036,26.9209494,746.5
9.0,0.4,0.0,-0.01,-0.05,-0.07,-0.28,-0.1,-0.16,-0.43,0.34,9.506,9.643,8.957,9.025,10.4,9.61,11.58,11.38,-0.003,-0.003,-0.004,0.0,-0.01,-80.3064036,26.9209494,746.55
9.0,0.4,0.0,-0.01,-0.06,-0.07,0.1,0.03,-0.04,-0.43,0.33,9.506,9.663,8.917,8.996,10.59,9.61,11.67,11.38,-0.003,-0.003,-0.004,0.0,-0.01,-80.3064036,26.9209494,746.6
9.0,0.4,0.0,-0.01,-0.05,-0.08,0.13,-0.14,0.31,-0.43,0.35,9.486,9.643,8.927,9.006,10.3,9.81,11.77,11.28,-0.003,-0.003,-0.004,0.0,-0.01,-80.3064036,26.9209494,746.65
9.0,0.4,0.0,-0.01,-0.06,-0.07,-0.19,-0.19,-0.31,-0.43,0.37,9.516,9.653,8.907,8.996,10.01,9.61,11.67,11.28,-0.003,-0.003,-0.004,0.0,-0.01,-80.3064036,26.9209494,746.7
9.0,0.4,0.0,-0.01,-0.06,-0.07,0.04,0.14,0.02,-0.43,0.32,9.476,9.643,8.947,9.006,10.4,9.81,11.58,11.48,-0.003,-0.003,-0.004,0.0,-0.01,-80.3064036,26.9209494,746.75
8.9,0.4,0.0,-0.01,-0.05,-0.07,-0.09,0.19,0.04,-0.43,0.33,9.486,9.633,8.947,8.976,10.5,9.81,11.77,11.28,-0.003,-0.003,-0.004,0.0,-0.01,-80.3064036,26.9209494,746.8
9.0,0.4,0.0,-0.01,-0.06,-0.08,0.2,-0.15,-0.06,-0.43,0.31,9.516,9.663,8.957,9.025,10.1,9.71,11.77,11.09,-0.003,-0.003,-0.004,0.0,-0.01,-80.3064036,26.9209494,746.85
9.0,0.4,0.0,-0.01,-0.05,-0.07,-0.1,-0.24,-0.3,-0.43,0.31,9.526,9.653,8.927,9.015,10.3,9.81,11.67,11.28,-0.003,-0.003,-0.004,0.0,-0.01,-80.3064036,26.9209494,746.9
9.0,0.4,0.0,-0.01,-0.05,-0.08,-0.08,-0.09,0.3,-0.43,0.32,9.516,9.663,8.937,9.015,10.4,9.61,11.58,11.28,-0.003,-0.003,-0.004,0.0,-0.01,-80.3064036,26.9209494,746.95
9.0,0.3,0.0,-0.01,-0.07,-0.06,0.12,0.14,0.03,-0.43,0.32,9.496,9.673,8.966,9.015,10.5,9.61,11.28,11.38,-0.003,-0.003,-0.004,0.0,-0.01,-80.3064036,26.9209494,747.0
9.0,0.4,0.0,-0.01,-0.05,-0.09,0.02,0.12,-0.18,-0.43,0.31,9.496,9.673,8.976,9.015,10.3,10.1,11.38,11.38,-0.003,-0.003,-0.004,0.0,-0.01,-80.3064036,26.9209494,747.05
9.0,0.4,0.0,-0.01,-0.06,-0.08,0.03,0.38,-0.02,-0.43,0.32,9.486,9.653,8.927,9.006,10.3,9.52,11.67,11.09,-0.003,-0.003,-0.004,0.0,-0.01,-80.3064036,26.9209494,747.1
8.9,0.4,0.0,-0.01,-0.05,-0.09,0.18,-0.04,0.2,-0.43,0.32,9.496,9.663,8.927,9.015,10.3,9.91,11.38,11.38,-0.003,-0.003,-0.004,0.0,-0.01,-80.3064036,26.9209494,747.15
9.0,0.4,0.0,-0.01,-0.06,-0.05,0.14,-0.15,0.01,-0.44,0.31,9.486,9.653,8.937,8.996,10.5,9.81,11.87,11.48,-0.003,-0.003,-0.004,0.0,-0.01,-80.3064036,26.9209494,747.2
9.0,0.4,0.0,-0.01,-0.03,-0.07,-0.2,-0.22,0.21,-0.43,0.31,9.516,9.653,8.927,9.006,10.3,9.71,11.77,11.28,-0.003,-0.003,-0.004,0.0,-0.01,-80.3064036,26.9209495,747.25
9.0,0.4,0.0,-0.01,-0.06,-0.07,0.16,-0.14,-0.27,-0.43,0.31,9.516,9.663,8.947,9.025,10.4,9.81,11.58,11.38,-0.003,-0.003,-0.004,0.0,-0.01,-80.3064036,26.9209495,747.3
9.0,0.4,0.0,-0.01,-0.05,-0.06,-0.01,-0.07,-0.6,-0.43,0.31,9.516,9.663,8.947,9.006,10.3,9.71,11.97,11.28,-0.003,-0.003,-0.004,0.0,-0.01,-80.3064036,26.9209495,747.35
9.0,0.4,0.0,-0.01,-0.04,-0.07,-0.2,-0.15,0.4,-0.43,0.32,9.496,9.673,8.947,9.006,10.4,9.61,11.38,11.58,-0.003,-0.003,-0.004,0.0,-0.01,-80.3064036,26.9209495,747.4
9.0,0.3,0.0,-0.01,-0.06,-0.07,0.07,-0.21,-0.11,-0.43,0.31,9.486,9.643,8.947,9.025,10.1,9.71,11.87,11.38,-0.003,-0.003,-0.004,0.0,-0.01,-80.3064036,26.9209495,747.45
9.0,0.4,0.0,-0.01,-0.04,-0.09,0.36,-0.1,-0.03,-0.43,0.31,9.496,9.633,8.957,9.035,10.3,9.81,11.67,11.28,-0.003,-0.003,-0.004,0.0,-0.01,-80.3064036,26.9209495,747.5
9.0,0.4,0.0,-0.01,-0.06,-0.08,0.13,0.07,0.17,-0.44,0.32,9.496,9.633,8.937,8.996,10.4,9.71,11.67,11.18,-0.003,-0.003,-0.004,0.0,-0.01,-80.3064036,26.9209495,747.55
9.0,0.4,0.0,-0.01,-0.05,-0.07,-0.0,0.16,0.16,-0.43,0.31,9.506,9.673,8.966,9.006,10.59,9.81,11.87,11.28,-0.003,-0.003,-0.004,0.0,-0.01,-80.3064036,26.9209495,747.6
9.0,0.4,0.0,-0.0,0.06,-0.21,-0.24,-0.36,0.09,-0.44,0.32,9.506,9.682,8.976,8.986,10.1,9.71,11.77,11.48,-0.003,-0.003,-0.004,0.0,-0.01,-80.3064036,26.9209495,747.65
9.0,0.3,0.0,-0.0,-0.06,-0.07,-0.24,0.11,-0.16,-0.43,0.31,9.526,9.643,8.937,9.015,10.3,9.71,11.77,11.09,-0.003,-0.003,-0.004,0.0,-0.01,-80.3064036,26.9209495,747.7
9.0,0.4,0.0,-0.0,-0.04,-0.08,-0.13,0.08,0.17,-0.43,0.3,9.506,9.692,8.937,9.015,10.4,9.91,11.58,11.28,-0.003,-0.003,-0.004,0.0,-0.01,-80.3064036,26.9209495,747.75
8.9,0.4,0.0,-0.0,-0.06,-0.07,0.09,0.19,-0.13,-0.43,0.31,9.496,9.653,8.917,8.996,10.3,9.81,11.48,10.99,-0.003,-0.003,-0.004,0.0,-0.01,-80.3064036,26.9209495,747.8
9.0,0.4,0.0,-0.0,-0.04,-0.08,-0.03,0.06,0.06,-0.44,0.33,9.496,9.663,8.966,9.006,10.3,9.61,11.67,11.38,-0.003,-0.003,-0.004,0.0,-0.01,-80.3064036,26.9209495,747.85
9.0,0.4,0.0,-0.0,-0.06,-0.07,0.3,-0.11,0.35,-0.43,0.32,9.496,9.653,8.976,9.025,10.59,9.61,11.77,11.38,-0.003,-0.003,-0.004,0.0,-0.01,-80.3064036,26.9209495,747.9
9.0,0.4,0.0,-0.0,-0.05,-0.07,0.02,-0.25,0.15,-0.43,0.32,9.516,9.663,8.927,8.976,10.59,9.61,11.58,11.28,-0.003,-0.003,-0.004,0.0,-0.01,-80.3064036,26.9209495,747.95
9.2,0.3,0.0,-0.0,-0.05,-0.08,-0.09,0.09,-0.11,-0.43,0.33,9.516,9.633,9.055,9.094,10.3,9.52,11.28,11.28,-0.003,-0.003,-0.004,0.0,-0.01,-80.3064036,26.9209495,748.0
9.0,0.4,0.0,-0.0,-0.05,-0.08,0.02,0.23,0.17,-0.43,0.34,9.516,9.663,8.917,9.006,10.4,9.71,11.77,11.28,-0.003,-0.003,-0.004,0.0,-0.01,-80.3064036,26.9209495,748.05
9.0,0.3,0.0,-0.0,-0.05,-0.06,-0.15,0.0,-0.18,-0.43,0.31,9.496,9.643,8.957,9.015,10.59,9.52,11.77,11.18,-0.003,-0.003,-0.004,0.0,-0.01,-80.3064036,26.9209495,748.1
8.9,0.4,0.0,-0.0,-0.05,-0.08,-0.06,0.28,0.3,-0.44,0.32,9.496,9.653,8.957,8.996,10.5,9.61,11.77,11.18,-0.003,-0.003,-0.004,0.0,-0.01,-80.3064036,26.9209495,748.15
8.9,0.4,0.0,-0.0,-0.04,-0.07,-0.2,0.12,0.31,-0.43,0.32,9.496,9.653,8.937,8.996,10.3,9.81,11.38,11.09,-0.003,-0.003,-0.004,0.0,-0.01,-80.3064036,26.9209496,748.2
9.0,0.4,0.0,-0.0,-0.04,-0.08,0.05,0.25,-0.27,-0.43,0.31,9.486,9.663,8.957,9.006,10.2,9.71,12.07,11.09,-0.003,-0.003,-0.004,0.0,-0.01,-80.3064036,26.9209496,748.25
9.0,0.4,0.0,-0.0,-0.06,-0.07,-0.0,0.13,0.02,-0.43,0.32,9.516,9.663,8.947,8.986,10.5,9.71,11.87,11.18,-0.003,-0.003,-0.004,0.0,-0.01,-80.3064036,26.9209496,748.3
9.0,0.4,0.0,-0.0,-0.04,-0.07,-0.28,-0.05,-0.01,-0.43,0.31,9.496,9.673,8.937,8.996,10.3,9.52,11.58,11.28,-0.003,-0.003,-0.004,0.0,-0.01,-80.3064036,26.9209496,748.35
9.0,0.4,0.0,-0.0,-0.06,-0.08,0.17,-0.04,-0.07,-0.44,0.33,9.486,9.633,8.957,9.015,10.59,9.91,11.67,11.38,-0.003,-0.003,-0.004,0.0,-0.01,-80.3064036,26.9209496,748.4
9.0,0.4,0.0,-0.0,-0.05,-0.06,0.01,-0.16,0.32,-0.43,0.32,9.506,9.633,8.957,9.015,10.3,9.81,11.58,11.58,-0.003,-0.003,-0.004,0.0,-0.01,-80.3064036,26.9209496,748.45
9.0,0.4,0.0,-0.0,-0.04,-0.08,0.06,-0.1,-0.02,-0.44,0.33,9.516,9.663,8.957,9.015,10.59,9.61,11.58,11.48,-0.003,-0.003,-0.004,0.0,-0.01,-80.3064036,26.9209496,748.5
9.0,0.3,0.0,-0.0,-0.06,-0.07,0.01,-0.01,-0.06,-0.45,0.34,9.496,9.663,8.937,8.996,10.2,9.81,11.38,10.99,-0.003,-0.003,-0.004,0.0,-0.01,-80.3064036,26.9209496,748.55
9.0,0.4,0.0,-0.0,-0.04,-0.07,-0.08,-0.06,0.6,-0.46,0.36,9.516,9.663,8.947,9.006,10.1,9.61,11.38,10.99,-0.003,-0.003,-0.004,0.0,-0.01,-80.3064036,26.9209496,748.6
9.0,0.4,0.0,-0.0,-0.06,-0.08,0.13,-0.09,0.01,-0.47,0.37,9.526,9.663,8.927,9.025,10.1,9.81,11.48,11.38,-0.003,-0.003,-0.004,0.0,-0.01,-80.3064036,26.9209496,748.65
9.0,0.3,0.0,0.0,-0.06,-0.08,0.15,0.1,-0.26,-0.48,0.39,9.506,9.653,8.966,9.035,10.4,9.71,11.77,11.28,-0.003,-0.003,-0.004,0.0,-0.01,-80.3064036,26.9209496,748.7
9.0,0.4,0.0,0.0,-0.04,-0.07,-0.3,-0.05,0.13,-0.49,0.4,9.506,9.653,8.917,9.006,10.2,9.52,11.58,11.28,-0.003,-0.003,-0.004,0.0,-0.01,-80.3064036,26.9209496,748.75
8.9,0.4,0.0,0.0,-0.06,-0.07,0.19,0.08,-0.19,-0.5,0.42,9.496,9.663,8.898,8.976,10.4,9.81,11.58,11.38,-0.003,-0.003,-0.004,0.0,-0.01,-80.3064036,26.9209496,748.8
9.0,0.3,0.0,0.0,-0.06,-0.08,0.03,-0.01,-0.28,-0.43,0.32,9.526,9.653,8.966,9.015,10.4,9.71,11.58,11.28,-0.003,-0.003,-0.004,0.0,-0.01,-80.3064036,26.9209496,748.85
9.0,0.4,0.0,0.0,-0.05,-0.07,-0.05,0.19,-0.05,-0.44,0.32,9.526,9.673,8.927,8.996,10.2,9.81,12.07,11.28,-0.003,-0.003,-0.004,0.0,-0.01,-80.3064036,26.9209496,748.9
9.0,0.4,0.0,0.0,-0.05,-0.09,0.17,-0.0,-0.1,-0.44,0.32,9.526,9.653,8.927,9.006,10.2,9.61,11.77,11.38,-0.003,-0.003,-0.004,0.0,-0.01,-80.3064036,26.9209496,748.95
9.0,0.4,0.0,0.0,-0.05,-0.07,-0.11,-0.09,0.03,-0.45,0.32,9.506,9.653,8.966,9.015,10.2,9.71,11.77,11.28,-0.003,-0.003,-0.004,0.0,-0.01,-80.3064036,26.9209496,749.0
9.0,0.4,0.0,0.0,-0.04,-0.08,-0.37,-0.03,-0.02,-0.45,0.32,9.526,9.663,8.957,8.986,10.4,9.52,11.58,11.28,-0.003,-0.003,-0.004,0.0,-0.01,-80.3064036,26.9209496,749.05
9.0,0.4,0.0,0.0,-0.06,-0.05,-0.39,-0.22,0.01,-0.46,0.31,9.496,9.663,8.927,8.996,10.5,9.42,11.77,11.38,-0.003,-0.003,-0.004,0.0,-0.01,-80.3064036,26.9209496,749.1
8.9,0.4,0.0,0.0,-0.04,-0.08,-0.24,0.31,0.13,-0.46,0.31,9.526,9.663,8.907,9.006,10.2,9.61,11.67,11.28,-0.003,-0.003,-0.004,0.0,-0.01,-80.3064036,26.9209496,749.15
9.0,0.4,0.0,0.0,-0.04,-0.06,-0.21,0.06,0.51,-0.47,0.31,9.506,9.663,8.937,8.996,10.59,9.81,11.67,11.09,-0.003,-0.003,-0.004,0.0,-0.01,-80.3064036,26.9209496,749.2
9.0,0.4,0.0,0.0,-0.05,-0.08,-0.11,-0.0,-0.02,-0.47,0.31,9.476,9.653,8.937,9.015,10.4,9.71,11.97,11.38,-0.003,-0.003,-0.004,0.0,-0.01,-80.3064036,26.9209496,749.25
8.9,0.4,0.0,0.0,-0.06,-0.08,-0.01,-0.23,-0.25,-0.43,0.32,9.516,9.663,8.937,8.996,10.2,9.61,11.38,11.38,-0.003,-0.003,-0.004,0.0,-0.01,-80.3064036,26.9209496,749.3
9.0,0.4,0.0,0.0,-0.05,-0.06,-0.01,0.21,-0.0,-0.44,0.33,9.486,9.643,8.966,8.996,10.3,9.81,11.77,11.28,-0.003,-0.003,-0.004,0.0,-0.01,-80.3064036,26.9209496,749.35
9.0,0.4,0.0,0.01,-0.05,-0.06,-0.18,-0.06,-0.01,-0.45,0.34,9.496,9.643,8.937,9.006,10.4,9.52,11.48,11.28,-0.003,-0.003,-0.004,0.0,-0.01,-80.3064036,26.9209496,749.4
9.0,0.4,0.0,0.0,-0.04,-0.09,0.09,-0.04,-0.15,-0.45,0.35,9.496,9.653,8.937,9.025,10.3,9.91,11.18,11.09,-0.003,-0.003,-0.004,0.0,-0.01,-80.3064036,26.9209496,749.45
9.0,0.4,0.0,0.0,-0.05,-0.06,-0.1,-0.14,0.08,-0.46,0.36,9.486,9.643,8.957,8.996,10.3,9.71,11.58,11.09,-0.003,-0.003,-0.004,0.0,-0.01,-80.3064036,26.9209496,749.5
9.0,0.4,0.0,0.0,-0.04,-0.06,0.06,-0.05,0.43,-0.47,0.37,9.496,9.663,8.937,9.025,10.4,9.71,11.58,11.18,-0.003,-0.003,-0.004,0.0,-0.01,-80.3064036,26.9209496,749.55
9.0,0.4,0.0,0.01,-0.04,-0.08,0.03,0.02,0.21,-0.48,0.38,9.486,9.663,8.947,9.035,10.2,9.61,11.58,11.18,-0.003,-0.003,-0.004,0.0,-0.01,-80.3064036,26.9209496,749.6
9.0,0.4,0.0,0.01,-0.05,-0.07,-0.18,0.21,-0.07,-0.43,0.32,9.506,9.673,8.957,9.006,10.5,9.52,11.38,11.28,-0.003,-0.003,-0.004,0.0,-0.01,-80.3064036,26.9209496,749.65
9.0,0.3,0.0,0.01,-0.05,-0.08,0.13,0.13,0.17,-0.44,0.32,9.476,9.663,8.976,9.025,10.4,9.81,11.87,11.09,-0.003,-0.003,-0.004,0.0,-0.01,-80.3064036,26.9209496,749.7
9.0,0.4,0.0,0.01,-0.05,-0.07,0.16,0.1,-0.11,-0.43,0.32,9.496,9.663,8.947,9.015,10.4,9.91,11.87,11.28,-0.003,-0.003,-0.004,0.0,-0.01,-80.3064036,26.9209496,749.75
8.9,0.4,0.0,0.01,-0.06,-0.08,-0.08,0.02,-0.15,-0.44,0.34,9.516,9.663,8.917,8.976,10.5,9.81,11.58,11.18,-0.003,-0.003,-0.004,0.0,-0.01,-80.3064036,26.9209496,749.8
9.0,0.3,0.0,0.01,-0.05,-0.06,-0.25,0.18,-0.21,-0.46,0.35,9.506,9.643,8.966,9.035,10.2,9.91,11.58,11.09,-0.003,-0.003,-0.004,0.0,-0.01,-80.3064036,26.9209496,749.85
9.0,0.3,0.0,0.01,-0.03,-0.08,-0.24,0.14,0.09,-0.47,0.37,9.496,9.682,8.957,9.035,10.3,9.81,11.97,11.38,-0.003,-0.003,-0.004,0.0,-0.01,-80.3064036,26.9209496,749.9
9.0,0.4,0.0,0.01,-0.06,-0.06,-0.11,-0.19,0.1,-0.49,0.38,9.496,9.673,8.937,9.006,10.3,9.81,11.77,11.18,-0.003,-0.003,-0.004,0.0,-0.01,-80.3064036,26.9209496,749.95
9.0,0.4,0.0,0.01,-0.05,-0.07,-0.1,0.01,0.17,-0.5,0.4,9.486,9.643,8.937,9.006,10.4,9.81,11.97,11.09,-0.003,-0.003,-0.004,0.0,-0.02,-80.3064036,26.9209496,750.0
9.0,0.4,0.0,0.01,-0.06,-0.08,0.15,-0.27,-0.05,-0.51,0.42,9.486,9.653,8.966,8.996,10.4,9.71,11.48,10.99,-0.003,-0.003,-0.004,0.0,-0.02,-80.3064036,26.9209496,750.05
9.0,0.4,0.0,0.01,-0.05,-0.08,0.01,-0.06,0.11,-0.43,0.32,9.496,9.643,8.917,9.015,10.3,9.71,11.87,11.28,-0.003,-0.003,-0.004,0.0,-0.01,-80.3064036,26.9209496,750.1
8.9,0.4,0.0,0.01,-0.06,-0.08,0.06,0.14,-0.12,-0.43,0.33,9.506,9.633,8.947,8.986,10.2,9.71,11.77,11.28,-0.003,-0.003,-0.004,0.0,-0.02,-80.3064036,26.9209496,750.15
9.0,0.4,0.0,-0.01,-0.06,-0.07,0.11,-0.02,-0.36,-0.43,0.31,9.506,9.673,8.966,8.996,10.3,9.61,11.58,11.28,-0.003,-0.003,-0.004,0.0,-0.01,-80.3064036,26.9209496,750.2
9.0,0.4,0.0,-0.0,-0.04,-0.08,-0.45,-0.12,0.11,-0.44,0.33,9.516,9.663,8.937,8.966,10.59,9.81,11.67,11.09,-0.003,-0.003,-0.004,0.0,-0.01,-80.3064036,26.9209496,750.25
9.0,0.4,0.0,-0.01,-0.05,-0.06,-0.03,0.17,0.14,-0.44,0.33,9.496,9.663,8.947,8.996,10.4,9.81,11.58,11.48,-0.003,-0.003,-0.004,0.0,-0.01,-80.3064035,26.9209496,750.3
9.0,0.4,0.0,-0.01,-0.04,-0.08,0.12,0.12,0.13,-0.43,0.32,9.496,9.663,8.937,9.025,10.3,9.52,11.87,11.18,-0.003,-0.003,-0.004,0.0,-0.01,-80.3064036,26.9209496,750.35
9.0,0.3,0.0,-0.01,-0.05,-0.07,0.14,-0.01,0.07,-0.43,0.32,9.526,9.653,8.966,9.006,10.4,9.91,11.28,11.18,-0.003,-0.003,-0.004,0.0,-0.01,-80.3064036,26.9209496,750.4
9.0,0.4,0.0,-0.0,-0.04,-0.07,-0.08,0.06,0.04,-0.43,0.32,9.506,9.653,8.937,9.006,10.4,9.61,11.87,11.09,-0.003,-0.003,-0.004,0.0,-0.01,-80.3064036,26.9209496,750.45
9.0,0.3,0.0,-0.01,-0.06,-0.08,0.11,0.13,0.08,-0.43,0.32,9.496,9.663,8.966,9.015,10.2,9.71,11.77,11.09,-0.003,-0.003,-0.004,0.0,-0.01,-80.3064036,26.9209496,750.5
9.0,0.4,0.0,-0.01,-0.04,-0.07,-0.19,0.04,-0.28,-0.42,0.31,9.486,9.673,8.957,9.015,10.5,9.61,11.58,11.28,-0.003,-0.003,-0.004,0.0,-0.01,-80.3064036,26.9209496,750.55
9.0,0.4,0.0,-0.01,-0.06,-0.07,0.06,0.09,0.11,-0.42,0.32,9.526,9.663,8.937,9.006,10.5,9.71,11.38,11.28,-0.003,-0.003,-0.004,0.0,-0.01,-80.3064035,26.9209496,750.6
9.0,0.3,0.0,-0.01,-0.04,-0.08,0.18,-0.13,0.08,-0.43,0.33,9.516,9.643,8.937,9.025,10.3,9.81,11.77,11.28,-0.003,-0.003,-0.004,0.0,-0.01,-80.3064036,26.9209496,750.65
9.0,0.4,0.0,-0.01,-0.05,-0.07,0.05,0.08,-0.22,-0.42,0.34,9.506,9.663,8.966,8.986,10.4,9.81,11.77,11.38,-0.003,-0.003,-0.004,0.0,-0.01,-80.3064036,26.9209496,750.7
9.0,0.4,0.0,-0.01,-0.05,-0.08,-0.08,0.11,-0.24,-0.43,0.32,9.516,9.692,8.976,8.996,10.4,9.71,11.38,11.28,-0.003,-0.003,-0.004,0.0,-0.01,-80.3064036,26.9209496,750.75
8.9,0.4,0.0,-0.01,-0.06,-0.08,0.21,0.22,0.01,-0.43,0.32,9.526,9.663,8.927,8.976,10.3,9.71,11.58,11.28,-0.003,-0.003,-0.004,0.0,-0.01,-80.3064036,26.9209496,750.8
9.0,0.3,0.0,-0.01,-0.05,-0.09,0.17,0.16,-0.07,-0.43,0.32,9.516,9.692,8.957,9.035,10.4,9.61,11.28,11.28,-0.003,-0.003,-0.004,0.0,-0.01,-80.3064036,26.9209496,750.85
9.0,0.3,0.0,-0.01,-0.05,-0.08,-0.12,-0.27,-0.08,-0.44,0.32,9.506,9.653,8.957,9.015,10.2,9.81,11.77,11.18,-0.003,-0.003,-0.004,0.0,-0.01,-80.3064036,26.9209496,750.9
9.0,0.4,0.0,-0.01,-0.05,-0.07,0.12,-0.08,0.12,-0.43,0.31,9.486,9.682,8.927,9.015,10.1,9.32,11.67,10.99,-0.003,-0.003,-0.004,0.0,-0.01,-80.3064036,26.9209496,750.95
9.0,0.4,0.0,-0.01,-0.06,-0.08,0.09,0.11,-0.34,-0.43,0.32,9.496,9.682,8.966,9.015,10.3,10.01,11.28,11.28,-0.003,-0.003,-0.004,0.0,-0.01,-80.3064036,26.9209496,751.0
9.0,0.4,0.0,-0.01,-0.07,-0.08,0.38,0.3,0.15,-0.43,0.32,9.535,9.653,8.927,9.015,10.5,9.71,11.58,11.09,-0.003,-0.003,-0.004,0.0,-0.01,-80.3064036,26.9209496,751.05
9.0,0.3,0.0,-0.01,-0.05,-0.08,0.27,-0.07,-0.14,-0.43,0.33,9.476,9.673,8.947,9.006,10.2,9.61,11.48,11.38,-0.003,-0.003,-0.004,0.0,-0.01,-80.3064036,26.9209496,751.1
9.0,0.3,0.0,-0.01,-0.04,-0.07,-0.27,-0.08,-0.06,-0.43,0.32,9.476,9.643,8.947,9.025,10.2,9.81,11.67,11.28,-0.003,-0.003,-0.004,0.0,-0.01,-80.3064036,26.9209496,751.15
9.0,0.4,0.0,-0.01,-0.06,-0.08,0.3,0.08,0.38,-0.45,0.31,9.516,9.663,8.947,9.035,10.1,9.91,11.87,11.18,-0.003,-0.003,-0.004,0.0,-0.01,-80.3064036,26.9209496,751.2
9.0,0.3,0.0,-0.02,-0.05,-0.08,0.2,-0.15,0.39,-0.43,0.32,9.506,9.643,8.966,9.006,10.4,9.91,11.28,11.38,-0.003,-0.003,-0.004,0.0,-0.01,-80.3064036,26.9209496,751.25
9.0,0.4,0.0,-0.02,-0.05,-0.07,0.18,-0.23,0.28,-0.44,0.32,9.486,9.643,8.927,8.996,10.59,9.81,11.77,11.28,-0.003,-0.003,-0.004,0.0,-0.01,-80.3064036,26.9209496,751.3
8.9,0.4,0.0,-0.02,-0.05,-0.09,0.12,0.06,-0.35,-0.42,0.31,9.516,9.643,8.957,9.006,10.3,9.71,11.67,11.48,-0.003,-0.003,-0.004,0.0,-0.01,-80.3064036,26.9209496,751.35
8.9,0.4,0.0,-0.02,-0.08,-0.08,-0.0,0.17,-0.18,-0.43,0.32,9.526,9.663,8.937,8.976,10.3,9.71,11.77,11.38,-0.003,-0.003,-0.004,0.0,-0.01,-80.3064036,26.9209496,751.4
8.9,0.4,0.0,-0.02,-0.05,-0.08,0.16,-0.06,0.02,-0.43,0.32,9.516,9.663,8.947,9.015,10.3,9.91,11.48,11.67,-0.003,-0.003,-0.004,0.0,-0.01,-80.3064036,26.9209496,751.45
9.0,0.3,0.0,-0.02,-0.05,-0.06,-0.21,-0.14,0.19,-0.43,0.3,9.506,9.663,8.957,9.035,10.5,9.81,11.58,11.18,-0.003,-0.003,-0.004,0.0,-0.01,-80.3064036,26.9209496,751.5
9.0,0.3,0.0,-0.02,-0.04,-0.09,-0.06,0.31,0.03,-0.43,0.32,9.496,9.643,8.947,8.996,10.1,9.61,11.77,11.28,-0.003,-0.003,-0.004,0.0,-0.01,-80.3064036,26.9209496,751.55
9.0,0.4,0.0,-0.02,-0.06,-0.06,0.14,-0.16,-0.3,-0.42,0.32,9.486,9.653,8.937,9.006,10.5,9.71,11.67,11.28,-0.003,-0.003,-0.004,0.0,-0.01,-80.3064036,26.9209496,751.6
9.0,0.3,0.0,-0.02,-0.06,-0.07,0.13,-0.41,-0.22,-0.44,0.32,9.516,9.643,8.957,9.015,10.3,9.71,11.67,11.38,-0.003,-0.003,-0.004,0.0,-0.01,-80.3064036,26.9209496,751.65
9.0,0.3,0.0,-0.02,-0.05,-0.09,-0.32,0.09,-0.13,-0.43,0.32,9.506,9.643,8.947,9.055,10.2,9.61,11.77,10.99,-0.003,-0.003,-0.004,0.0,-0.01,-80.3064036,26.9209496,751.7
9.0,0.3,0.0,-0.02,-0.05,-0.07,0.11,-0.0,0.26,-0.43,0.32,9.496,9.663,8.947,9.025,10.3,9.61,11.58,11.09,-0.003,-0.003,-0.004,0.0,-0.01,-80.3064036,26.9209495,751.75
8.9,0.4,0.0,-0.02,-0.06,-0.09,-0.08,0.25,-0.22,-0.43,0.32,9.535,9.673,8.957,8.986,10.3,9.52,11.87,11.09,-0.003,-0.003,-0.004,0.0,-0.01,-80.3064036,26.9209495,751.8
9.1,0.3,0.0,-0.02,-0.05,-0.07,0.28,0.06,0.01,-0.45,0.34,9.506,9.663,8.966,9.025,10.2,9.71,11.58,11.38,-0.003,-0.003,-0.004,0.0,-0.01,-80.3064036,26.9209495,751.85
9.0,0.3,0.0,-0.02,-0.05,-0.07,-0.29,0.15,0.12,-0.44,0.32,9.506,9.643,8.947,9.015,10.4,9.71,11.58,11.28,-0.003,-0.003,-0.004,0.0,-0.01,-80.3064036,26.9209495,751.9
9.0,0.3,0.0,-0.02,-0.06,-0.08,0.1,-0.04,0.5,-0.44,0.33,9.496,9.663,8.947,9.015,10.4,9.81,11.58,11.09,-0.003,-0.003,-0.004,0.0,-0.01,-80.3064036,26.9209495,751.95
9.0,0.3,0.0,-0.02,-0.05,-0.1,-0.03,0.18,-0.3,-0.43,0.32,9.496,9.663,8.947,8.986,10.3,9.61,11.58,11.38,-0.003,-0.003,-0.004,0.0,-0.01,-80.3064036,26.9209495,752.0
9.0,0.3,0.0,-0.02,-0.05,-0.07,-0.27,0.2,0.17,-0.43,0.32,9.486,9.633,8.957,9.015,10.4,9.71,11.67,11.58,-0.003,-0.003,-0.004,0.0,-0.01,-80.3064036,26.9209495,752.05
9.0,0.3,0.0,-0.02,-0.06,-0.07,-0.14,-0.22,0.03,-0.44,0.32,9.516,9.663,8.966,9.015,10.1,9.71,11.58,11.38,-0.003,-0.003,-0.004,0.0,-0.01,-80.3064036,26.9209495,752.1
9.0,0.3,0.0,-0.02,-0.05,-0.08,-0.11,0.12,0.1,-0.45,0.32,9.526,9.682,8.966,9.015,10.3,9.52,11.87,11.09,-0.003,-0.003,-0.004,0.0,-0.01,-80.3064036,26.9209495,752.15
9.0,0.3,0.0,-0.03,-0.07,-0.08,-0.1,0.05,-0.33,-0.44,0.32,9.506,9.673,8.947,9.006,10.5,10.01,11.48,11.38,-0.003,-0.003,-0.004,0.0,-0.01,-80.3064036,26.9209495,752.2
9.0,0.3,0.0,-0.03,-0.06,-0.08,-0.14,0.15,-0.54,-0.44,0.32,9.496,9.663,8.966,9.006,10.4,9.91,11.58,11.38,-0.003,-0.003,-0.004,0.0,-0.01,-80.3064036,26.9209495,752.25
9.0,0.3,0.0,-0.03,-0.04,-0.06,-0.23,0.1,0.07,-0.44,0.32,9.496,9.673,8.937,9.025,10.3,9.71,11.87,11.58,-0.003,-0.003,-0.004,0.0,-0.01,-80.3064036,26.9209495,752.3
8.9,0.3,0.0,-0.03,-0.06,-0.07,0.09,-0.24,0.18,-0.44,0.33,9.476,9.663,8.927,8.996,10.4,9.71,11.58,11.28,-0.003,-0.003,-0.004,0.0,-0.01,-80.3064035,26.9209495,752.35
9.0,0.3,0.0,-0.03,-0.06,-0.07,-0.11,-0.14,-0.31,-0.44,0.32,9.496,9.643,8.957,9.035,10.69,9.71,11.58,11.09,-0.003,-0.003,-0.004,0.0,-0.01,-80.3064035,26.9209495,752.4
9.0,0.3,0.0,0.0,-0.04,-0.08,0.14,-0.28,0.14,-0.44,0.33,9.516,9.643,8.917,8.976,10.3,9.61,11.87,11.38,-0.003,-0.003,-0.004,0.0,-0.0,-80.3064035,26.9209495,752.45
8.9,0.4,0.0,0.0,-0.07,-0.07,0.23,0.05,-0.29,-0.44,0.32,9.486,9.653,8.907,8.986,10.3,9.61,11.97,11.58,-0.003,-0.003,-0.004,0.0,0.0,-80.3064035,26.9209495,752.5
9.0,0.3,0.0,0.0,-0.04,-0.08,-0.19,0.04,0.06,-0.44,0.33,9.486,9.643,8.927,9.006,10.59,9.71,11.67,11.48,-0.003,-0.003,-0.004,0.0,-0.0,-80.3064035,26.9209495,752.55
9.0,0.3,0.0,-0.0,-0.04,-0.07,-0.27,-0.19,0.4,-0.44,0.33,9.506,9.673,8.957,8.996,10.2,9.71,11.38,11.09,-0.003,-0.003,-0.004,0.0,0.0,-80.3064035,26.9209495,752.6
9.0,0.3,0.0,0.0,-0.05,-0.07,-0.16,0.0,0.05,-0.44,0.32,9.516,9.663,8.937,9.025,10.4,9.71,11.58,11.38,-0.003,-0.003,-0.004,0.0,-0.0,-80.3064035,26.9209495,752.65
9.0,0.3,0.0,0.0,-0.06,-0.08,0.03,-0.23,-0.38,-0.44,0.32,9.506,9.653,8.947,9.015,10.2,9.91,11.67,11.18,-0.003,-0.003,-0.004,0.0,-0.0,-80.3064035,26.9209495,752.7
9.0,0.3,0.0,0.0,-0.05,-0.08,-0.11,-0.13,0.33,-0.44,0.32,9.516,9.673,8.976,9.006,10.3,9.61,11.58,11.28,-0.003,-0.003,-0.004,0.0,-0.0,-80.3064035,26.9209495,752.75
8.9,0.4,0.0,0.0,-0.06,-0.08,-0.35,0.06,-0.0,-0.44,0.32,9.486,9.653,8.927,8.996,10.3,9.52,11.77,11.58,-0.003,-0.003,-0.004,0.0,-0.0,-80.3064035,26.9209495,752.8
9.0,0.3,0.0,0.0,-0.04,-0.08,0.05,-0.07,0.24,-0.44,0.33,9.506,9.643,8.986,9.025,10.3,9.71,11.87,11.28,-0.003,-0.003,-0.004,0.0,0.0,-80.3064035,26.9209495,752.85
9.0,0.3,0.0,0.0,-0.04,-0.07,-0.07,0.04,0.24,-0.44,0.33,9.526,9.663,8.957,9.025,10.2,9.81,11.87,10.89,-0.003,-0.003,-0.004,0.0,-0.0,-80.3064035,26.9209495,752.9
9.0,0.3,0.0,0.0,-0.05,-0.08,0.11,-0.06,-0.17,-0.44,0.31,9.496,9.633,8.927,9.015,10.3,9.61,11.58,11.38,-0.003,-0.003,-0.004,0.0,0.0,-80.3064035,26.9209495,752.95
9.0,0.3,0.0,0.0,-0.06,-0.07,-0.03,-0.13,-0.53,-0.45,0.3,9.486,9.673,8.966,9.006,10.4,9.81,11.38,11.09,-0.003,-0.003,-0.004,0.0,0.0,-80.3064035,26.9209495,753.0
9.0,0.3,0.0,0.0,-0.03,-0.07,-0.13,0.05,0.27,-0.44,0.32,9.506,9.663,8.966,9.015,10.4,9.81,11.77,11.28,-0.003,-0.003,-0.004,0.0,-0.0,-80.3064035,26.9209495,753.05
9.0,0.3,0.0,0.0,-0.06,-0.07,0.38,-0.12,0.0,-0.44,0.32,9.506,9.643,8.937,9.015,10.59,9.71,11.58,11.18,-0.003,-0.003,-0.004,0.0,0.0,-80.3064035,26.9209495,753.1
9.0,0.3,0.0,0.0,-0.06,-0.07,0.2,0.12,-0.06,-0.43,0.32,9.516,9.633,8.957,9.025,10.5,9.91,11.77,11.09,-0.003,-0.003,-0.004,0.0,0.0,-80.3064035,26.9209495,753.15
9.0,0.3,0.0,0.0,-0.04,-0.09,0.01,0.0,0.02,-0.44,0.32,9.506,9.643,8.937,9.006,10.3,9.71,11.48,11.09,-0.003,-0.003,-0.004,0.0,-0.0,-80.3064035,26.9209495,753.2
9.0,0.3,0.0,0.0,-0.06,-0.08,0.22,0.25,-0.06,-0.45,0.32,9.506,9.643,8.947,9.015,10.5,9.71,11.38,11.28,-0.003,-0.003,-0.004,0.0,-0.0,-80.3064035,26.9209495,753.25
9.0,0.3,0.0,0.0,-0.05,-0.08,-0.07,0.46,0.22,-0.44,0.32,9.506,9.663,8.937,8.986,10.2,9.71,11.87,11.38,-0.003,-0.003,-0.004,0.0,-0.0,-80.3064035,26.9209495,753.3
9.0,0.3,0.0,0.0,-0.04,-0.07,0.04,-0.11,0.36,-0.44,0.32,9.506,9.653,8.947,9.035,10.1,9.52,11.67,11.38,-0.003,-0.003,-0.004,0.0,-0.0,-80.3064035,26.9209495,753.35
9.0,0.3,0.0,0.01,-0.06,-0.07,-0.17,-0.0,-0.13,-0.44,0.32,9.486,9.673,8.947,9.035,10.4,9.71,11.77,11.28,-0.003,-0.003,-0.004,0.0,-0.0,-80.3064035,26.9209495,753.4
9.0,0.3,0.0,0.01,-0.05,-0.08,0.01,-0.13,0.38,-0.45,0.33,9.506,9.673,8.927,8.996,10.2,9.81,11.77,11.58,-0.003,-0.003,-0.004,0.0,-0.0,-80.3064035,26.9209495,753.45
9.0,0.3,0.0,0.01,-0.06,-0.08,0.12,0.0,-0.05,-0.47,0.33,9.535,9.673,8.937,9.015,10.4,9.52,11.77,11.48,-0.003,-0.003,-0.004,0.0,0.0,-80.3064035,26.9209495,753.5
8.9,0.3,0.0,0.01,-0.04,-0.06,-0.41,0.09,-0.09,-0.44,0.32,9.506,9.682,8.927,8.986,10.1,9.81,11.58,11.18,-0.003,-0.003,-0.004,0.0,-0.0,-80.3064035,26.9209494,753.55
9.0,0.3,0.0,0.01,-0.05,-0.08,0.26,-0.27,-0.18,-0.45,0.32,9.496,9.663,8.927,9.015,10.2,9.81,11.67,11.48,-0.003,-0.003,-0.004,0.0,-0.0,-80.3064035,26.9209494,753.6
9.0,0.3,0.0,0.01,-0.07,-0.08,0.21,0.23,-0.27,-0.45,0.32,9.486,9.643,8.927,9.015,9.91,9.61,11.77,11.18,-0.003,-0.003,-0.004,0.0,-0.0,-80.3064034,26.9209494,753.65
9.0,0.3,0.0,0.01,-0.03,-0.1,-0.15,-0.0,0.07,-0.46,0.3,9.516,9.663,8.937,9.015,10.3,9.71,11.58,11.28,-0.003,-0.003,-0.004,0.0,-0.0,-80.3064034,26.9209494,753.7
9.0,0.3,0.0,0.01,-0.14,0.04,-0.24,-0.05,-0.42,-0.47,0.29,9.496,9.673,8.957,9.006,10.4,9.42,11.67,11.09,-0.003,-0.003,-0.004,0.0,-0.0,-80.3064034,26.9209494,753.75
8.9,0.3,0.0,0.01,-0.11,-0.01,0.11,0.26,-0.13,-0.49,0.27,9.526,9.663,8.937,9.006,10.4,9.71,11.38,11.48,-0.003,-0.003,-0.004,0.0,-0.0,-80.3064034,26.9209494,753.8
9.0,0.3,0.0,0.01,-0.03,-0.11,0.04,-0.08,0.08,-0.44,0.32,9.526,9.663,8.957,9.015,10.3,9.71,11.58,11.28,-0.003,-0.003,-0.004,0.0,-0.0,-80.3064034,26.9209494,753.85
9.0,0.3,0.0,0.01,-0.06,-0.06,-0.15,-0.02,-0.07,-0.44,0.31,9.516,9.633,8.957,9.035,10.4,9.61,11.67,11.38,-0.003,-0.003,-0.004,0.0,-0.0,-80.3064034,26.9209494,753.9
9.0,0.3,0.0,0.01,-0.07,-0.08,0.39,-0.05,-0.14,-0.43,0.32,9.476,9.692,8.966,9.015,10.4,9.61,11.67,11.09,-0.003,-0.003,-0.004,0.0,-0.0,-80.3064034,26.9209494,753.95
9.0,0.3,0.0,0.01,-0.05,-0.07,0.02,0.2,-0.01,-0.44,0.32,9.506,9.624,8.917,9.006,10.4,9.91,11.67,11.09,-0.003,-0.003,-0.004,0.0,-0.0,-80.3064034,26.9209494,754.0
9.0,0.3,0.0,0.01,-0.04,-0.07,-0.08,0.04,0.03,-0.43,0.32,9.506,9.653,8.947,9.025,10.4,9.81,11.97,11.38,-0.003,-0.003,-0.004,0.0,-0.0,-80.3064034,26.9209494,754.05
9.0,0.3,0.0,0.01,-0.06,-0.07,0.31,-0.4,-0.17,-0.45,0.32,9.506,9.643,8.966,9.006,10.5,9.42,11.87,11.28,-0.003,-0.003,-0.004,0.0,-0.0,-80.3064034,26.9209494,754.1
9.0,0.3,0.0,0.01,-0.05,-0.08,0.32,-0.01,0.45,-0.44,0.32,9.476,9.643,8.947,9.035,10.3,9.81,11.38,11.48,-0.003,-0.003,-0.004,0.0,-0.0,-80.3064034,26.9209494,754.15
9.0,0.3,0.0,0.01,-0.05,-0.07,-0.06,0.13,-0.14,-0.44,0.33,9.506,9.663,8.957,9.015,10.2,9.81,11.58,11.48,-0.003,-0.003,-0.004,0.0,-0.0,-80.3064034,26.9209494,754.2
9.0,0.3,0.0,-0.01,-0.05,-0.06,0.02,-0.21,0.27,-0.44,0.32,9.516,9.663,8.976,9.015,10.2,9.81,11.67,11.09,-0.003,-0.003,-0.004,0.0,0.0,-80.3064034,26.9209494,754.25
8.9,0.3,0.0,-0.01,-0.06,-0.07,0.2,-0.15,-0.29,-0.45,0.32,9.526,9.663,8.927,9.006,10.5,9.81,11.67,11.38,-0.003,-0.003,-0.004,0.0,0.01,-80.3064034,26.9209494,754.3
9.0,0.3,0.0,-0.01,-0.06,-0.07,0.01,-0.16,-0.42,-0.45,0.32,9.486,9.682,8.957,9.006,10.5,9.61,11.38,11.38,-0.003,-0.003,-0.004,0.0,0.0,-80.3064034,26.9209494,754.35
9.0,0.3,0.0,-0.01,-0.06,-0.08,0.14,0.11,-0.0,-0.45,0.32,9.506,9.663,8.976,9.006,10.3,9.71,11.77,11.28,-0.003,-0.003,-0.004,0.0,0.0,-80.3064034,26.9209494,754.4
8.9,0.3,0.0,-0.01,-0.06,-0.08,0.27,-0.13,-0.22,-0.45,0.32,9.516,9.653,8.927,9.006,10.3,9.71,11.87,11.38,-0.003,-0.003,-0.004,0.0,0.0,-80.3064033,26.9209494,754.45
8.9,0.3,0.0,-0.01,-0.05,-0.06,-0.28,0.01,0.04,-0.44,0.32,9.486,9.663,8.957,8.996,10.4,9.52,11.48,11.09,-0.003,-0.003,-0.004,0.0,0.0,-80.3064033,26.9209494,754.5
9.0,0.3,0.0,-0.01,-0.04,-0.08,0.0,-0.06,-0.35,-0.44,0.32,9.486,9.653,8.966,9.025,10.2,9.91,11.67,11.28,-0.003,-0.003,-0.004,0.0,0.0,-80.3064033,26.9209494,754.55
9.0,0.3,0.0,-0.01,-0.05,-0.06,-0.3,0.08,-0.15,-0.43,0.32,9.526,9.682,8.907,8.996,10.4,9.61,11.38,11.38,-0.003,-0.003,-0.004,0.0,0.0,-80.3064033,26.9209494,754.6
8.9,0.3,0.0,-0.01,-0.05,-0.07,-0.28,0.27,-0.47,-0.44,0.32,9.496,9.673,8.937,8.996,10.2,9.42,11.67,11.38,-0.003,-0.003,-0.004,0.0,0.0,-80.3064033,26.9209494,754.65
9.0,0.3,0.0,-0.01,-0.05,-0.07,0.04,0.2,0.12,-0.44,0.32,9.516,9.653,8.937,9.015,10.4,9.71,11.67,11.09,-0.003,-0.003,-0.004,0.0,0.0,-80.3064033,26.9209494,754.7
8.9,0.3,0.0,-0.01,-0.05,-0.09,0.21,0.14,-0.02,-0.44,0.32,9.496,9.633,8.937,9.015,10.3,9.91,11.28,11.18,-0.003,-0.003,-0.004,0.0,0.0,-80.3064033,26.9209494,754.75
8.9,0.3,0.0,-0.01,-0.05,-0.06,-0.25,0.01,-0.2,-0.44,0.33,9.506,9.663,8.907,9.006,10.4,9.91,11.77,11.28,-0.003,-0.003,-0.004,0.0,0.0,-80.3064033,26.9209494,754.8
9.0,0.3,0.0,-0.01,-0.05,-0.08,0.07,0.13,0.24,-0.43,0.34,9.486,9.673,8.957,9.025,10.5,9.91,11.58,11.18,-0.003,-0.003,-0.004,0.0,0.0,-80.3064033,26.9209494,754.85
9.0,0.3,0.0,-0.01,-0.04,-0.08,0.11,0.4,0.03,-0.42,0.35,9.516,9.653,8.947,9.006,10.2,9.71,11.38,11.28,-0.003,-0.003,-0.004,0.0,0.0,-80.3064033,26.9209494,754.9
8.9,0.3,0.0,-0.01,-0.06,-0.06,0.14,-0.41,-0.31,-0.45,0.32,9.516,9.663,8.927,8.996,10.4,9.61,11.67,11.18,-0.003,-0.003,-0.004,0.0,0.0,-80.3064033,26.9209494,754.95
9.0,0.3,0.0,-0.01,-0.04,-0.08,0.05,-0.13,0.03,-0.44,0.33,9.506,9.653,8.937,9.006,10.4,10.1,11.58,11.48,-0.003,-0.003,-0.004,0.0,0.0,-80.3064033,26.9209494,755.0
9.0,0.3,0.0,-0.01,-0.06,-0.08,0.23,0.02,0.01,-0.43,0.33,9.496,9.643,8.947,9.006,10.4,9.81,11.58,11.09,-0.003,-0.003,-0.004,0.0,0.0,-80.3064033,26.9209494,755.05
9.0,0.3,0.0,-0.01,-0.05,-0.06,-0.2,-0.03,-0.19,-0.44,0.32,9.516,9.663,8.947,8.996,10.2,9.61,11.58,11.09,-0.003,-0.003,-0.004,0.0,0.0,-80.3064033,26.9209494,755.1
9.0,0.3,0.0,-0.01,-0.05,-0.08,-0.16,-0.02,-0.08,-0.44,0.32,9.496,9.663,8.966,9.035,10.2,9.61,12.07,11.18,-0.003,-0.003,-0.004,0.0,0.0,-80.3064033,26.9209494,755.15
9.0,0.3,0.0,-0.01,-0.05,-0.08,-0.21,0.06,0.03,-0.44,0.32,9.506,9.643,8.947,9.006,10.2,9.81,11.77,11.28,-0.003,-0.003,-0.004,0.0,0.0,-80.3064033,26.9209494,755.2
9.0,0.3,0.0,-0.01,-0.07,-0.07,0.22,0.05,-0.42,-0.44,0.32,9.516,9.653,8.937,8.986,10.4,9.71,11.87,11.38,-0.003,-0.003,-0.004,0.0,0.0,-80.3064033,26.9209494,755.25
8.9,0.3,0.0,-0.01,-0.04,-0.09,0.08,-0.09,0.1,-0.44,0.32,9.476,9.653,8.976,9.006,10.4,9.81,11.58,11.28,-0.003,-0.003,-0.004,0.0,0.0,-80.3064033,26.9209494,755.3
9.0,0.3,0.0,-0.01,-0.06,-0.07,0.36,0.0,0.13,-0.44,0.32,9.486,9.633,8.947,9.015,10.3,9.61,11.38,11.38,-0.003,-0.003,-0.004,0.0,0.0,-80.3064033,26.9209494,755.35
9.0,0.3,0.0,-0.01,-0.05,-0.07,-0.02,-0.04,-0.08,-0.44,0.32,9.496,9.643,8.947,9.015,10.1,9.52,11.67,11.38,-0.003,-0.003,-0.004,0.0,0.0,-80.3064033,26.9209494,755.4
9.0,0.3,0.0,-0.01,-0.05,-0.08,0.05,-0.16,-0.14,-0.43,0.3,9.506,9.653,8.937,9.015,10.2,9.81,11.77,11.09,-0.003,-0.003,-0.004,0.0,0.0,-80.3064033,26.9209494,755.45
9.0,0.3,0.0,-0.01,-0.06,-0.08,-0.02,-0.11,-0.39,-0.44,0.32,9.496,9.673,8.947,9.006,10.5,9.71,11.58,11.48,-0.003,-0.003,-0.004,0.0,0.0,-80.3064033,26.9209494,755.5
9.0,0.3,0.0,-0.01,-0.05,-0.07,-0.21,0.15,-0.16,-0.45,0.3,9.496,9.663,8.947,9.015,10.2,9.71,11.48,11.28,-0.003,-0.003,-0.004,0.0,0.0,-80.3064033,26.9209494,755.55
9.0,0.3,0.0,-0.01,-0.04,-0.08,-0.01,-0.14,0.24,-0.45,0.32,9.506,9.643,8.976,9.015,10.3,9.61,11.58,11.48,-0.003,-0.003,-0.004,0.0,0.0,-80.3064033,26.9209494,755.6
9.0,0.3,0.0,-0.01,-0.06,-0.06,0.06,-0.3,0.2,-0.45,0.32,9.506,9.643,8.957,9.015,10.5,9.81,11.58,11.18,-0.003,-0.003,-0.004,0.0,0.0,-80.3064033,26.9209494,755.65
9.0,0.3,0.0,-0.01,-0.03,-0.09,0.14,-0.01,0.16,-0.44,0.31,9.506,9.682,8.937,8.986,10.59,9.81,11.77,10.99,-0.003,-0.003,-0.004,0.0,0.0,-80.3064033,26.9209494,755.7
9.0,0.3,0.0,-0.01,-0.08,-0.06,0.28,0.14,0.12,-0.45,0.32,9.516,9.653,8.976,9.025,10.3,9.71,11.58,11.09,-0.003,-0.003,-0.004,0.0,0.0,-80.3064033,26.9209494,755.75
8.9,0.3,0.0,-0.01,0.02,-0.16,-0.22,-0.03,0.25,-0.44,0.33,9.516,9.663,8.937,9.015,10.2,9.61,11.58,11.18,-0.003,-0.003,-0.004,0.0,0.0,-80.3064033,26.9209494,755.8
9.0,0.3,0.0,-0.01,-0.04,-0.09,0.08,-0.1,0.07,-0.44,0.35,9.516,9.643,8.947,9.006,10.59,9.81,11.58,11.28,-0.003,-0.003,-0.004,0.0,0.0,-80.3064033,26.9209494,755.85
9.0,0.3,0.0,-0.01,-0.05,-0.07,-0.01,0.17,0.01,-0.43,0.33,9.496,9.653,8.947,9.006,10.59,9.81,11.97,11.38,-0.003,-0.003,-0.004,0.0,0.0,-80.3064033,26.9209494,755.9
9.0,0.3,0.0,-0.01,-0.05,-0.09,0.07,0.3,0.16,-0.43,0.33,9.496,9.673,8.937,9.006,10.4,9.91,11.67,11.28,-0.003,-0.003,-0.004,0.0,0.0,-80.3064033,26.9209494,755.95
9.0,0.3,0.0,-0.01,-0.05,-0.08,0.17,0.21,-0.33,-0.43,0.33,9.535,9.663,8.947,8.986,10.2,9.61,11.67,11.28,-0.003,-0.003,-0.004,0.0,0.0,-80.3064033,26.9209494,756.0
8.9,0.3,0.0,0.0,-0.05,-0.08,0.1,-0.31,-0.28,-0.44,0.33,9.526,9.643,8.937,9.006,10.2,9.81,11.67,11.28,-0.003,-0.003,-0.004,0.0,0.0,-80.3064033,26.9209494,756.05
9.0,0.3,0.0,0.0,-0.05,-0.07,-0.22,-0.0,-0.15,-0.43,0.35,9.506,9.663,8.966,9.035,10.2,9.81,11.67,11.38,-0.003,-0.003,-0.004,0.0,0.0,-80.3064033,26.9209494,756.1
8.9,0.3,0.0,0.0,-0.06,-0.07,0.11,0.12,-0.12,-0.45,0.32,9.516,9.663,8.917,8.996,10.3,9.71,11.77,11.28,-0.003,-0.003,-0.004,0.0,0.0,-80.3064033,26.9209494,756.15
9.0,0.3,0.0,0.0,-0.05,-0.09,-0.06,0.2,-0.3,-0.45,0.33,9.496,9.633,8.947,9.025,10.1,9.52,11.58,11.38,-0.003,-0.003,-0.004,0.0,-0.0,-80.3064033,26.9209494,756.2
9.0,0.3,0.0,0.0,-0.06,-0.07,0.17,0.16,-0.11,-0.43,0.33,9.496,9.653,8.976,9.025,10.4,9.91,11.48,11.38,-0.003,-0.003,-0.004,0.0,0.0,-80.3064033,26.9209494,756.25
9.0,0.3,0.0,0.0,-0.04,-0.08,-0.34,-0.1,-0.2,-0.42,0.33,9.516,9.663,8.947,8.996,10.4,9.71,11.58,11.58,-0.003,-0.003,-0.004,0.0,-0.0,-80.3064033,26.9209494,756.3
9.0,0.3,0.0,0.0,-0.06,-0.07,0.37,0.2,-0.23,-0.43,0.33,9.486,9.633,8.947,9.025,10.3,9.81,11.38,11.38,-0.003,-0.003,-0.004,0.0,0.0,-80.3064033,26.9209494,756.35
8.9,0.3,0.0,0.0,-0.05,-0.07,0.31,0.04,0.47,-0.44,0.34,9.506,9.653,8.937,8.996,10.1,9.42,11.58,11.38,-0.003,-0.003,-0.004,0.0,0.0,-80.3064033,26.9209494,756.4
9.0,0.3,0.0,0.0,-0.03,-0.07,0.02,-0.48,0.31,-0.44,0.33,9.496,9.663,8.937,9.006,10.2,9.61,11.97,11.09,-0.003,-0.003,-0.004,0.0,-0.0,-80.3064033,26.9209494,756.45
9.0,0.3,0.0,0.0,-0.06,-0.07,0.36,-0.26,0.12,-0.44,0.33,9.496,9.663,8.966,9.015,10.4,9.91,11.67,11.09,-0.003,-0.003,-0.004,0.0,-0.0,-80.3064033,26.9209494,756.5
8.9,0.3,0.0,0.0,-0.04,-0.08,0.0,-0.09,0.45,-0.44,0.33,9.516,9.663,8.907,9.006,10.3,9.61,11.58,11.28,-0.003,-0.003,-0.004,0.0,-0.0,-80.3064033,26.9209494,756.55
9.0,0.3,0.0,0.0,-0.06,-0.07,0.3,0.14,-0.02,-0.42,0.33,9.496,9.663,8.937,9.006,10.2,9.71,11.77,11.09,-0.003,-0.003,-0.004,0.0,-0.0,-80.3064033,26.9209494,756.6
9.0,0.3,0.0,0.01,-0.04,-0.09,0.04,-0.22,-0.04,-0.44,0.34,9.506,9.643,8.937,9.025,10.5,9.61,11.48,11.48,-0.003,-0.003,-0.004,0.0,-0.0,-80.3064033,26.9209494,756.65
9.0,0.3,0.0,0.01,-0.05,-0.07,-0.01,0.0,0.09,-0.43,0.33,9.526,9.673,8.937,9.025,10.2,9.71,11.67,11.28,-0.003,-0.003,-0.004,0.0,-0.0,-80.3064033,26.9209494,756.7
9.0,0.3,0.0,0.01,-0.06,-0.06,0.04,-0.31,-0.21,-0.44,0.33,9.496,9.643,8.927,9.006,10.3,9.61,11.48,11.18,-0.003,-0.003,-0.004,0.0,-0.0,-80.3064033,26.9209494,756.75
8.9,0.3,0.0,0.01,-0.04,-0.09,-0.1,-0.09,0.06,-0.42,0.33,9.496,9.633,8.907,8.986,10.1,9.52,11.97,11.18,-0.003,-0.003,-0.004,0.0,-0.0,-80.3064033,26.9209494,756.8
9.0,0.3,0.0,0.01,-0.08,-0.07,0.35,0.25,-0.06,-0.43,0.34,9.506,9.653,8.947,9.006,10.2,9.61,11.58,11.48,-0.003,-0.003,-0.004,0.0,-0.0,-80.3064033,26.9209494,756.85
8.9,0.3,0.0,0.01,-0.05,-0.09,-0.02,-0.16,-0.09,-0.44,0.33,9.506,9.643,8.947,9.015,10.4,9.61,11.67,11.28,-0.003,-0.003,-0.004,0.0,-0.0,-80.3064033,26.9209494,756.9
9.0,0.3,0.0,0.01,-0.05,-0.08,0.03,0.36,-0.0,-0.43,0.33,9.496,9.673,8.917,9.015,10.4,9.61,11.97,11.28,-0.003,-0.003,-0.004,0.0,-0.0,-80.3064033,26.9209494,756.95
8.9,0.3,0.0,0.01,-0.05,-0.07,-0.14,-0.01,-0.07,-0.44,0.33,9.486,9.682,8.927,8.996,10.3,9.61,11.67,11.38,-0.003,-0.003,-0.004,0.0,-0.0,-80.3064033,26.9209494,757.0
9.0,0.3,0.0,0.01,-0.04,-0.09,-0.13,0.16,0.35,-0.43,0.34,9.496,9.653,8.947,9.006,10.1,9.71,11.77,11.67,-0.003,-0.003,-0.004,0.0,-0.0,-80.3064033,26.9209494,757.05
9.0,0.3,0.0,0.01,-0.05,-0.06,-0.35,-0.18,-0.25,-0.43,0.33,9.496,9.653,8.966,9.015,10.3,9.91,11.77,11.38,-0.003,-0.003,-0.004,0.0,-0.0,-80.3064033,26.9209494,757.1
9.0,0.3,0.0,0.01,-0.05,-0.08,-0.23,0.1,-0.16,-0.43,0.33,9.506,9.653,8.947,8.996,10.3,9.52,11.77,11.18,-0.003,-0.003,-0.004,0.0,-0.0,-80.3064033,26.9209494,757.15
9.0,0.3,0.0,0.01,-0.06,-0.07,0.11,0.02,0.19,-0.43,0.35,9.535,9.663,8.957,9.015,10.3,9.52,11.67,10.99,-0.003,-0.003,-0.004,0.0,-0.0,-80.3064033,26.9209494,757.2
9.0,0.3,0.0,0.01,-0.05,-0.09,0.28,0.29,-0.2,-0.43,0.33,9.506,9.673,8.957,9.025,10.3,9.81,11.77,11.09,-0.003,-0.003,-0.004,0.0,-0.0,-80.3064033,26.9209494,757.25
9.0,0.3,0.0,0.01,-0.05,-0.07,-0.03,0.15,0.13,-0.43,0.34,9.506,9.663,8.927,9.006,10.3,9.52,11.58,10.99,-0.003,-0.003,-0.004,0.0,-0.0,-80.3064033,26.9209494,757.3
8.9,0.3,0.0,0.01,-0.04,-0.08,0.13,0.02,-0.04,-0.42,0.35,9.506,9.653,8.937,8.996,10.59,9.91,11.58,11.18,-0.003,-0.003,-0.004,0.0,-0.0,-80.3064033,26.9209494,757.35
9.0,0.3,0.0,0.01,-0.05,-0.07,0.02,-0.24,0.01,-0.42,0.36,9.486,9.663,8.966,9.025,10.4,9.71,11.58,11.28,-0.003,-0.003,-0.004,0.0,-0.0,-80.3064033,26.9209494,757.4
9.0,0.3,0.0,0.01,-0.05,-0.08,-0.09,-0.04,0.18,-0.41,0.36,9.506,9.653,8.947,9.025,10.2,9.81,11.67,11.48,-0.003,-0.003,-0.004,0.0,-0.0,-80.3064033,26.9209494,757.45
9.0,0.3,0.0,0.01,-0.05,-0.08,0.06,-0.08,0.43,-0.4,0.37,9.496,9.663,8.947,8.996,10.3,9.81,11.58,11.18,-0.003,-0.003,-0.004,0.0,-0.0,-80.3064033,26.9209494,757.5
9.0,0.3,0.0,0.01,-0.06,-0.08,0.34,0.23,-0.18,-0.39,0.37,9.516,9.663,8.957,9.015,10.01,9.71,11.67,11.28,-0.003,-0.003,-0.004,0.0,-0.0,-80.3064033,26.9209494,757.55
8.9,0.3,0.0,0.01,-0.04,-0.08,-0.03,0.12,0.28,-0.42,0.34,9.506,9.663,8.937,8.986,10.4,9.71,11.67,11.38,-0.003,-0.003,-0.004,0.0,-0.0,-80.3064033,26.9209494,757.6
9.0,0.3,0.0,0.02,-0.05,-0.06,-0.2,-0.26,0.41,-0.44,0.34,9.496,9.643,8.966,9.025,10.4,9.81,11.58,11.28,-0.003,-0.003,-0.004,0.0,-0.01,-80.3064033,26.9209494,757.65
9.0,0.3,0.0,0.01,-0.05,-0.08,0.19,-0.1,-0.01,-0.42,0.34,9.506,9.663,8.957,9.015,10.3,9.61,11.77,11.09,-0.003,-0.003,-0.004,0.0,-0.0,-80.3064033,26.9209494,757.7
9.0,0.3,0.0,0.02,-0.07,-0.08,0.45,0.03,-0.24,-0.43,0.33,9.506,9.643,8.976,9.015,10.4,9.81,11.58,10.79,-0.003,-0.003,-0.004,0.0,-0.0,-80.3064033,26.9209494,757.75
8.9,0.3,0.0,0.02,-0.05,-0.09,0.1,0.07,0.05,-0.43,0.35,9.496,9.653,8.957,9.006,10.2,9.61,11.77,11.38,-0.003,-0.003,-0.004,0.0,-0.01,-80.3064033,26.9209494,757.8
9.0,0.3,0.0,0.02,-0.04,-0.07,-0.13,-0.2,0.0,-0.44,0.34,9.486,9.673,8.957,9.006,10.5,9.81,11.67,11.28,-0.003,-0.003,-0.004,0.0,-0.01,-80.3064033,26.9209494,757.85
9.0,0.3,0.0,0.02,-0.05,-0.07,-0.1,-0.24,0.05,-0.44,0.34,9.496,9.673,8.947,9.025,10.4,9.91,11.58,11.48,-0.003,-0.003,-0.004,0.0,-0.01,-80.3064033,26.9209494,757.9
8.9,0.3,0.0,0.02,-0.04,-0.07,-0.2,-0.07,0.2,-0.43,0.35,9.496,9.643,8.947,9.006,10.4,9.71,11.58,11.18,-0.003,-0.003,-0.004,0.0,-0.01,-80.3064033,26.9209494,757.95
9.0,0.3,0.0,0.02,-0.06,-0.07,0.07,0.09,0.23,-0.43,0.34,9.526,9.663,8.986,9.035,10.1,9.61,11.87,11.77,-0.003,-0.003,-0.004,0.0,-0.01,-80.3064033,26.9209494,758.0
9.0,0.3,0.0,0.02,-0.05,-0.08,-0.13,-0.2,-0.57,-0.43,0.34,9.516,9.663,8.976,9.006,10.5,9.81,11.77,11.09,-0.003,-0.003,-0.004,0.0,-0.01,-80.3064033,26.9209493,758.05
8.9,0.3,0.0,0.02,-0.05,-0.08,0.22,0.3,0.13,-0.43,0.34,9.526,9.653,8.937,9.006,10.3,9.71,11.67,11.28,-0.003,-0.003,-0.004,0.0,-0.01,-80.3064033,26.9209493,758.1
8.9,0.3,0.0,0.02,-0.05,-0.08,-0.11,-0.18,-0.08,-0.44,0.34,9.496,9.673,8.947,9.006,10.3,9.81,11.87,11.58,-0.003,-0.003,-0.004,0.0,-0.0,-80.3064033,26.9209493,758.15
9.0,0.3,0.0,0.02,-0.05,-0.07,-0.19,-0.04,-0.12,-0.45,0.35,9.496,9.673,8.957,8.976,10.3,9.61,11.48,11.28,-0.003,-0.003,-0.004,0.0,-0.01,-80.3064033,26.9209493,758.2
9.0,0.3,0.0,0.02,-0.05,-0.07,-0.06,0.44,0.03,-0.43,0.34,9.496,9.643,8.966,9.015,10.3,9.71,11.58,11.28,-0.003,-0.003,-0.004,0.0,-0.01,-80.3064033,26.9209493,758.25
8.9,0.3,0.0,0.02,-0.04,-0.1,0.0,0.38,-0.0,-0.43,0.34,9.486,9.663,8.947,9.006,10.4,9.81,11.77,11.18,-0.003,-0.003,-0.004,0.0,-0.01,-80.3064033,26.9209493,758.3
9.0,0.3,0.0,0.02,-0.06,-0.06,-0.38,0.07,0.07,-0.43,0.34,9.526,9.643,8.957,9.006,10.2,9.61,11.38,11.18,-0.003,-0.003,-0.004,0.0,-0.01,-80.3064033,26.9209493,758.35
9.0,0.3,0.0,0.02,-0.04,-0.09,0.12,0.24,0.2,-0.45,0.34,9.476,9.663,8.966,9.006,10.2,9.61,11.58,10.99,-0.003,-0.003,-0.004,0.0,-0.01,-80.3064033,26.9209493,758.4
8.9,0.3,0.0,0.02,-0.05,-0.07,-0.2,0.21,0.24,-0.42,0.34,9.486,9.653,8.947,9.006,10.1,9.71,11.87,11.18,-0.003,-0.003,-0.004,0.0,-0.01,-80.3064033,26.9209493,758.45
8.9,0.3,0.0,0.02,-0.05,-0.08,0.1,-0.03,0.12,-0.44,0.34,9.516,9.653,8.957,8.996,10.3,9.71,11.87,11.28,-0.003,-0.003,-0.004,0.0,-0.01,-80.3064033,26.9209493,758.5
9.0,0.3,0.0,0.02,-0.05,-0.08,-0.07,0.09,-0.23,-0.43,0.34,9.506,9.643,8.947,9.045,10.3,9.71,11.58,10.99,-0.003,-0.003,-0.004,0.0,-0.01,-80.3064033,26.9209493,758.55
9.0,0.3,0.0,0.02,-0.06,-0.07,0.23,-0.13,-0.22,-0.44,0.34,9.467,9.643,8.976,8.996,10.3,9.71,11.77,11.09,-0.003,-0.003,-0.004,0.0,-0.01,-80.3064033,26.9209493,758.6
8.9,0.3,0.0,0.02,-0.04,-0.07,0.11,-0.13,0.23,-0.43,0.34,9.496,9.692,8.947,8.996,10.5,9.81,11.58,11.38,-0.003,-0.003,-0.004,0.0,-0.01,-80.3064033,26.9209493,758.65
9.0,0.3,0.0,0.02,-0.05,-0.06,-0.12,-0.38,0.04,-0.44,0.34,9.486,9.653,8.966,9.035,10.1,9.61,11.77,11.09,-0.003,-0.003,-0.004,0.0,-0.01,-80.3064033,26.9209493,758.7
9.0,0.3,0.0,0.02,-0.05,-0.08,0.12,-0.18,-0.05,-0.43,0.34,9.476,9.653,8.957,9.006,10.1,9.81,12.07,11.48,-0.003,-0.003,-0.004,0.0,-0.01,-80.3064033,26.9209493,758.75
8.9,0.3,0.0,0.03,-0.06,-0.08,-0.06,0.07,-0.2,-0.43,0.34,9.516,9.643,8.937,8.986,10.4,9.61,11.67,11.28,-0.003,-0.003,-0.004,0.0,-0.01,-80.3064033,26.9209493,758.8
9.0,0.3,0.0,0.03,-0.05,-0.07,-0.18,-0.08,-0.07,-0.43,0.34,9.467,9.653,8.966,9.035,10.5,9.81,11.67,10.99,-0.003,-0.003,-0.004,0.0,-0.01,-80.3064033,26.9209493,758.85
8.9,0.3,0.0,0.01,-0.04,-0.07,-0.2,-0.13,0.05,-0.44,0.34,9.496,9.643,8.957,9.006,10.4,9.71,11.77,11.09,-0.003,-0.003,-0.004,0.0,-0.01,-80.3064033,26.9209493,758.9
8.9,0.3,0.0,0.01,-0.05,-0.08,-0.09,0.19,0.28,-0.42,0.35,9.486,9.673,8.957,9.045,10.4,9.81,11.77,11.38,-0.003,-0.003,-0.004,0.0,-0.0,-80.3064033,26.9209493,758.95
8.9,0.3,0.0,0.01,-0.05,-0.06,-0.16,0.01,-0.22,-0.4,0.35,9.496,9.653,8.957,9.006,10.59,9.61,11.48,11.18,-0.003,-0.003,-0.004,0.0,-0.0,-80.3064033,26.9209493,759.0
9.0,0.3,0.0,0.01,-0.05,-0.08,0.03,-0.22,0.34,-0.43,0.35,9.496,9.663,8.927,9.015,10.5,9.81,11.38,11.28,-0.003,-0.003,-0.004,0.0,-0.0,-80.3064034,26.9209493,759.05
9.0,0.3,0.0,0.01,-0.05,-0.09,-0.14,-0.07,-0.34,-0.43,0.34,9.506,9.633,8.937,9.064,10.3,9.81,11.58,11.28,-0.003,-0.003,-0.004,0.0,-0.0,-80.3064034,26.9209493,759.1
8.9,0.3,0.0,0.01,-0.05,-0.07,-0.16,-0.07,0.21,-0.43,0.35,9.496,9.663,8.937,8.996,10.5,9.61,11.48,11.09,-0.003,-0.003,-0.004,0.0,-0.0,-80.3064034,26.9209493,759.15
9.0,0.3,0.0,0.01,-0.05,-0.08,0.32,0.13,0.34,-0.43,0.35,9.496,9.633,8.966,9.025,10.4,9.61,11.77,11.38,-0.003,-0.003,-0.004,0.0,-0.0,-80.3064034,26.9209493,759.2
8.9,0.3,0.0,0.01,-0.04,-0.07,0.17,-0.04,0.19,-0.43,0.35,9.476,9.653,8.917,9.025,10.2,9.61,11.77,11.28,-0.003,-0.003,-0.004,0.0,-0.0,-80.3064034,26.9209493,759.25
9.0,0.3,0.0,0.01,-0.05,-0.08,-0.01,0.15,-0.22,-0.43,0.34,9.496,9.653,8.927,8.976,10.5,9.61,11.58,11.38,-0.003,-0.003,-0.004,0.0,-0.0,-80.3064034,26.9209493,759.3
9.0,0.3,0.0,0.01,-0.05,-0.08,-0.21,0.04,0.15,-0.43,0.35,9.506,9.663,8.947,9.015,10.4,9.61,11.77,11.09,-0.003,-0.003,-0.004,0.0,-0.0,-80.3064034,26.9209493,759.35
9.0,0.3,0.0,0.01,-0.06,-0.09,0.12,0.21,-0.1,-0.43,0.34,9.486,9.643,8.966,9.035,10.3,9.81,11.77,11.18,-0.003,-0.003,-0.004,0.0,-0.0,-80.3064034,26.9209493,759.4
9.0,0.3,0.0,0.01,-0.06,-0.07,0.15,0.14,-0.13,-0.43,0.34,9.506,9.663,8.937,8.966,10.5,9.52,11.67,11.18,-0.003,-0.003,-0.004,0.0,-0.0,-80.3064034,26.9209493,759.45
8.9,0.3,0.0,0.01,-0.06,-0.09,0.02,0.31,-0.36,-0.43,0.34,9.486,9.653,8.947,9.025,10.3,9.81,11.38,11.18,-0.003,-0.003,-0.004,0.0,-0.0,-80.3064034,26.9209493,759.5
8.9,0.3,0.0,0.01,-0.07,-0.07,0.11,0.12,-0.25,-0.44,0.36,9.496,9.663,8.966,9.055,10.59,9.71,11.48,11.28,-0.003,-0.003,-0.004,0.0,0.0,-80.3064034,26.9209494,759.55
8.9,0.3,0.0,0.01,-0.05,-0.08,0.14,0.11,-0.04,-0.44,0.36,9.516,9.682,8.917,9.006,10.2,9.81,11.67,11.38,-0.003,-0.003,-0.004,0.0,0.0,-80.3064034,26.9209494,759.6
8.9,0.3,0.0,0.01,-0.04,-0.07,-0.14,0.2,0.16,-0.43,0.35,9.457,9.663,8.976,9.015,10.2,9.61,11.77,11.58,-0.003,-0.003,-0.004,0.0,0.0,-80.3064034,26.9209494,759.65
8.9,0.3,0.0,0.01,-0.07,-0.08,0.13,0.07,-0.82,-0.43,0.34,9.496,9.663,8.927,8.986,10.3,9.52,11.58,11.38,-0.003,-0.003,-0.004,0.0,0.0,-80.3064034,26.9209494,759.7
8.9,0.3,0.0,0.01,-0.05,-0.07,0.12,-0.07,0.12,-0.42,0.36,9.496,9.682,8.927,8.996,10.3,9.52,11.77,10.99,-0.003,-0.003,-0.004,0.0,0.0,-80.3064034,26.9209494,759.75
8.9,0.3,0.0,0.01,-0.04,-0.08,-0.12,0.22,0.35,-0.4,0.38,9.496,9.653,8.957,9.015,10.4,9.81,11.77,11.28,-0.003,-0.003,-0.004,0.0,0.0,-80.3064034,26.9209494,759.8
9.0,0.3,0.0,0.01,-0.06,-0.08,0.1,0.02,0.1,-0.43,0.34,9.476,9.653,8.966,9.035,10.4,9.61,11.67,11.09,-0.003,-0.003,-0.004,0.0,0.0,-80.3064035,26.9209494,759.85
9.0,0.3,0.0,0.01,-0.05,-0.08,-0.1,-0.12,-0.3,-0.44,0.36,9.506,9.663,8.976,9.006,10.5,9.91,11.77,11.58,-0.003,-0.003,-0.004,0.0,0.0,-80.3064035,26.9209494,759.9
8.9,0.3,0.0,0.01,-0.06,-0.07,-0.04,0.06,0.29,-0.43,0.36,9.516,9.643,8.937,8.996,10.3,9.71,11.77,11.18,-0.003,-0.003,-0.004,0.0,0.0,-80.3064035,26.9209494,759.95
9.0,0.3,0.0,0.01,-0.04,-0.09,0.09,0.19,0.14,-0.44,0.35,9.506,9.663,8.966,9.015,10.5,9.81,11.48,11.28,-0.003,-0.003,-0.004,0.0,0.0,-80.3064035,26.9209494,760.0
9.0,0.3,0.0,0.01,-0.05,-0.07,-0.13,0.03,0.13,-0.43,0.36,9.486,9.663,8.947,9.015,10.3,9.81,11.58,11.09,-0.003,-0.003,-0.004,0.0,0.0,-80.3064035,26.9209494,760.05
9.0,0.3,0.0,0.01,-0.06,-0.07,0.28,-0.01,-0.11,-0.43,0.36,9.496,9.673,8.957,9.035,10.5,10.01,11.58,11.38,-0.003,-0.003,-0.004,0.0,0.0,-80.3064035,26.9209494,760.1
9.0,0.3,0.0,0.01,-0.03,-0.09,0.12,-0.44,0.1,-0.43,0.35,9.526,9.663,8.937,9.006,10.1,9.71,11.67,11.58,-0.003,-0.003,-0.004,0.0,0.0,-80.3064035,26.9209494,760.15
8.9,0.3,0.0,0.01,-0.05,-0.07,-0.06,0.1,0.32,-0.44,0.35,9.506,9.653,8.957,9.015,10.5,9.61,11.58,11.28,-0.003,-0.003,-0.004,0.0,0.0,-80.3064035,26.9209494,760.2
9.0,0.3,0.0,0.01,-0.05,-0.06,-0.26,0.03,-0.06,-0.43,0.36,9.516,9.663,8.957,9.006,10.1,9.61,11.58,10.99,-0.003,-0.003,-0.004,0.0,0.0,-80.3064035,26.9209494,760.25
8.9,0.3,0.0,0.01,-0.06,-0.08,0.24,-0.24,0.01,-0.43,0.37,9.496,9.663,8.947,8.986,10.2,9.81,11.58,11.38,-0.003,-0.003,-0.004,0.0,0.0,-80.3064035,26.9209494,760.3
8.9,0.3,0.0,0.01,-0.05,-0.08,0.16,-0.04,0.3,-0.42,0.39,9.486,9.663,8.957,9.025,10.1,9.61,11.58,11.38,-0.003,-0.003,-0.004,0.0,0.01,-80.3064035,26.9209494,760.35
8.9,0.3,0.0,0.01,-0.05,-0.07,0.1,0.08,-0.02,-0.42,0.35,9.516,9.643,8.917,9.015,10.3,9.71,11.48,11.28,-0.003,-0.003,-0.004,0.0,0.01,-80.3064035,26.9209494,760.4
8.9,0.3,0.0,0.01,-0.04,-0.08,-0.22,0.18,0.27,-0.45,0.33,9.526,9.663,8.917,9.015,10.5,9.61,11.58,11.28,-0.003,-0.003,-0.004,0.0,0.01,-80.3064035,26.9209494,760.45
8.9,0.3,0.0,0.01,-0.05,-0.06,-0.02,-0.06,-0.12,-0.47,0.31,9.486,9.653,8.957,8.996,10.1,9.91,11.38,11.18,-0.003,-0.003,-0.004,0.0,0.01,-80.3064035,26.9209494,760.5
9.0,0.3,0.0,0.01,-0.05,-0.08,-0.08,0.3,0.41,-0.49,0.29,9.496,9.663,8.937,9.025,10.4,9.81,11.77,11.48,-0.003,-0.003,-0.004,0.0,0.01,-80.3064035,26.9209494,760.55
9.0,0.3,0.0,0.01,-0.05,-0.08,0.27,0.14,-0.17,-0.43,0.37,9.506,9.663,8.957,9.006,10.4,9.71,11.97,11.09,-0.003,-0.003,-0.004,0.0,0.01,-80.3064035,26.9209494,760.6
9.0,0.3,0.0,0.01,-0.06,-0.06,-0.21,-0.37,-0.11,-0.42,0.4,9.496,9.673,8.937,9.006,10.5,9.81,11.58,11.38,-0.003,-0.003,-0.004,0.0,0.01,-80.3064035,26.9209494,760.65
9.0,0.3,0.0,0.01,-0.04,-0.08,0.02,0.02,-0.01,-0.45,0.35,9.516,9.633,8.957,9.025,10.2,9.71,11.38,11.09,-0.003,-0.003,-0.004,0.0,0.01,-80.3064035,26.9209494,760.7
8.9,0.3,0.0,0.01,-0.05,-0.07,0.04,-0.32,-0.05,-0.47,0.35,9.496,9.643,8.898,9.006,10.59,9.71,11.38,11.38,-0.003,-0.003,-0.004,0.0,0.01,-80.3064035,26.9209494,760.75
8.9,0.3,0.0,0.01,-0.05,-0.06,-0.1,-0.17,-0.48,-0.43,0.34,9.486,9.643,8.927,8.996,10.2,9.71,11.77,11.48,-0.003,-0.003,-0.004,0.0,0.01,-80.3064035,26.9209494,760.8
8.9,0.3,0.0,0.01,-0.04,-0.09,-0.09,0.05,0.11,-0.41,0.37,9.506,9.633,8.937,9.015,10.2,9.71,11.58,10.79,-0.003,-0.003,-0.004,0.0,0.01,-80.3064035,26.9209494,760.85
9.0,0.3,0.0,0.01,-0.07,-0.06,0.02,0.03,0.01,-0.39,0.38,9.516,9.673,8.966,9.006,10.3,9.91,11.67,11.28,-0.003,-0.003,-0.004,0.0,0.01,-80.3064035,26.9209494,760.9
8.9,0.3,0.0,0.01,-0.04,-0.09,0.06,0.25,0.16,-0.37,0.4,9.486,9.643,8.957,8.996,10.3,9.81,11.67,11.09,-0.003,-0.003,-0.004,0.0,0.01,-80.3064035,26.9209494,760.95
8.9,0.3,0.0,0.01,-0.05,-0.07,0.12,-0.06,-0.01,-0.43,0.35,9.506,9.633,8.937,8.976,10.4,9.71,11.58,11.18,-0.003,-0.003,-0.004,0.0,0.01,-80.3064035,26.9209494,761.0
9.0,0.3,0.0,0.01,-0.06,-0.06,0.13,-0.37,-0.16,-0.43,0.35,9.496,9.633,8.927,9.006,10.3,9.71,11.77,11.38,-0.003,-0.003,-0.004,0.0,0.01,-80.3064035,26.9209494,761.05
9.0,0.3,0.0,0.01,-0.05,-0.08,0.06,-0.35,0.12,-0.45,0.34,9.516,9.673,8.957,9.025,10.3,10.01,11.58,10.89,-0.003,-0.003,-0.004,0.0,0.01,-80.3064035,26.9209494,761.1
9.0,0.3,0.0,0.01,-0.05,-0.07,-0.12,-0.11,0.02,-0.47,0.34,9.526,9.663,8.957,9.035,10.3,9.42,11.58,11.18,-0.003,-0.003,-0.004,0.0,0.01,-80.3064035,26.9209494,761.15
9.0,0.3,0.0,0.01,-0.04,-0.07,-0.11,-0.25,0.07,-0.49,0.33,9.535,9.643,8.966,9.025,10.4,9.71,11.58,11.48,-0.003,-0.003,-0.004,0.0,0.01,-80.3064036,26.9209494,761.2
9.0,0.3,0.0,0.01,-0.05,-0.06,0.07,-0.19,0.05,-0.51,0.32,9.496,9.663,8.966,8.996,10.4,9.91,11.77,11.58,-0.003,-0.003,-0.004,0.0,0.01,-80.3064036,26.9209494,761.25
8.9,0.3,0.0,0.01,-0.05,-0.08,-0.12,0.24,0.18,-0.53,0.31,9.496,9.673,8.957,8.986,10.2,9.81,11.58,11.09,-0.003,-0.003,-0.004,0.0,0.01,-80.3064036,26.9209494,761.3
9.0,0.3,0.0,0.01,-0.05,-0.08,0.17,-0.27,-0.09,-0.54,0.31,9.467,9.643,8.947,9.045,10.3,9.52,11.48,11.38,-0.003,-0.003,-0.004,0.0,-0.0,-80.3064036,26.9209494,761.35
9.0,0.3,0.0,0.01,-0.06,-0.05,0.0,-0.23,0.33,-0.43,0.36,9.496,9.653,8.937,9.025,10.4,9.61,11.67,11.28,-0.003,-0.003,-0.004,0.0,-0.0,-80.3064036,26.9209494,761.4
8.9,0.3,0.0,0.01,-0.04,-0.1,0.04,0.11,-0.58,-0.43,0.34,9.486,9.663,8.927,9.015,10.3,9.61,11.48,11.58,-0.003,-0.003,-0.004,0.0,-0.0,-80.3064036,26.9209494,761.45
9.0,0.3,0.0,0.01,-0.07,-0.05,-0.04,-0.23,-0.07,-0.44,0.35,9.486,9.653,8.937,9.006,10.1,9.81,11.58,11.18,-0.003,-0.003,-0.004,0.0,-0.0,-80.3064036,26.9209494,761.5
8.9,0.3,0.0,0.01,-0.04,-0.08,0.07,-0.13,0.2,-0.43,0.35,9.506,9.643,8.937,9.006,10.4,9.61,11.48,11.48,-0.003,-0.003,-0.004,0.0,-0.0,-80.3064036,26.9209494,761.55
9.0,0.3,0.0,0.01,-0.06,-0.08,-0.0,0.19,0.11,-0.44,0.35,9.506,9.653,8.957,9.045,10.2,9.81,11.77,11.38,-0.003,-0.003,-0.004,0.0,-0.0,-80.3064036,26.9209494,761.6
9.0,0.3,0.0,0.01,-0.06,-0.08,-0.09,-0.04,-0.11,-0.45,0.35,9.486,9.653,8.937,8.986,10.4,9.71,11.77,10.99,-0.003,-0.003,-0.004,0.0,-0.0,-80.3064036,26.9209494,761.65
9.0,0.3,0.0,0.01,-0.05,-0.07,-0.22,0.09,-0.04,-0.47,0.35,9.467,9.663,8.966,9.006,10.4,9.61,11.58,11.58,-0.003,-0.003,-0.004,0.0,-0.0,-80.3064036,26.9209494,761.7
9.0,0.3,0.0,0.01,-0.04,-0.09,-0.1,0.29,0.02,-0.49,0.34,9.535,9.633,8.966,9.015,10.5,9.71,11.58,11.38,-0.003,-0.003,-0.004,0.0,-0.0,-80.3064036,26.9209494,761.75
8.9,0.3,0.0,0.01,-0.05,-0.06,-0.1,-0.04,0.0,-0.51,0.34,9.516,9.673,8.917,8.957,10.3,9.71,11.58,11.38,-0.003,-0.003,-0.004,0.0,-0.0,-80.3064036,26.9209494,761.8
9.0,0.3,0.0,0.01,-0.05,-0.08,-0.13,-0.0,0.03,-0.43,0.35,9.496,9.643,8.976,9.025,10.4,9.81,11.77,11.48,-0.003,-0.003,-0.004,0.0,-0.0,-80.3064036,26.9209494,761.85
9.0,0.3,0.0,0.01,-0.05,-0.07,-0.02,0.12,0.31,-0.43,0.35,9.496,9.653,8.966,9.025,10.3,9.81,11.58,11.09,-0.003,-0.003,-0.004,0.0,-0.0,-80.3064036,26.9209493,761.9
8.9,0.3,0.0,0.01,-0.06,-0.09,0.4,0.12,0.28,-0.43,0.36,9.516,9.663,8.917,8.996,10.2,9.81,11.87,11.38,-0.003,-0.003,-0.004,0.0,0.0,-80.3064036,26.9209494,761.95
9.0,0.3,0.0,0.01,-0.06,-0.08,0.04,-0.15,-0.2,-0.43,0.36,9.506,9.673,8.957,9.035,9.91,9.91,11.67,11.28,-0.003,-0.003,-0.004,0.0,0.0,-80.3064036,26.9209494,762.0
8.9,0.3,0.0,0.02,-0.06,-0.09,0.14,0.0,-0.36,-0.43,0.34,9.486,9.643,8.907,8.966,10.3,9.81,11.58,11.28,-0.003,-0.003,-0.004,0.0,0.0,-80.3064036,26.9209494,762.05
8.9,0.3,0.0,0.02,-0.04,-0.08,0.12,0.19,-0.1,-0.43,0.37,9.496,9.653,8.917,8.996,10.3,9.71,11.67,11.28,-0.003,-0.003,-0.004,0.0,0.0,-80.3064036,26.9209494,762.1
8.9,0.3,0.0,0.02,-0.05,-0.06,0.05,-0.22,0.4,-0.43,0.35,9.506,9.663,8.907,9.006,10.2,9.61,11.77,11.67,-0.003,-0.003,-0.004,0.0,0.0,-80.3064036,26.9209494,762.15
9.0,0.3,0.0,0.02,-0.04,-0.07,0.05,-0.18,0.31,-0.43,0.34,9.486,9.653,8.976,9.015,10.3,9.71,11.77,11.38,-0.003,-0.003,-0.004,0.0,0.0,-80.3064036,26.9209494,762.2
9.0,0.3,0.0,0.02,-0.04,-0.08,0.21,0.33,0.47,-0.42,0.34,9.506,9.692,8.937,8.996,10.4,9.71,11.77,11.09,-0.003,-0.003,-0.004,0.0,0.0,-80.3064036,26.9209494,762.25
8.9,0.3,0.0,0.02,-0.04,-0.08,-0.13,0.16,0.02,-0.41,0.33,9.486,9.624,8.947,9.006,10.4,9.71,11.77,11.58,-0.003,-0.003,-0.004,0.0,0.0,-80.3064036,26.9209494,762.3
9.0,0.3,0.0,0.02,-0.05,-0.06,-0.16,0.03,-0.01,-0.4,0.31,9.506,9.653,8.966,9.035,10.3,9.81,11.48,11.18,-0.003,-0.003,-0.004,0.0,0.0,-80.3064036,26.9209494,762.35
9.0,0.3,0.0,0.02,-0.06,-0.09,0.11,0.1,-0.02,-0.39,0.3,9.516,9.682,8.966,9.006,10.3,9.81,11.77,11.09,-0.003,-0.003,-0.004,0.0,0.0,-80.3064036,26.9209494,762.4
8.9,0.3,0.0,0.02,-0.05,-0.08,0.01,0.12,0.07,-0.38,0.28,9.526,9.624,8.957,8.976,10.59,9.52,11.87,11.28,-0.003,-0.003,-0.004,0.0,0.0,-80.3064036,26.9209494,762.45
9.2,0.3,0.0,0.02,-0.06,-0.07,0.07,-0.27,0.02,-0.37,0.26,9.496,9.663,9.055,9.113,10.3,9.81,11.58,11.38,-0.003,-0.003,-0.004,0.0,0.0,-80.3064036,26.9209494,762.5
9.0,0.3,0.0,0.02,-0.05,-0.07,-0.13,-0.0,-0.17,-0.36,0.25,9.496,9.643,8.986,9.015,10.4,9.61,11.77,11.38,-0.003,-0.003,-0.004,0.0,0.0,-80.3064036,26.9209494,762.55
9.0,0.3,0.0,0.01,-0.05,-0.08,0.1,-0.26,-0.17,-0.35,0.23,9.496,9.692,8.927,8.996,10.3,9.52,11.58,11.28,-0.003,-0.003,-0.004,0.0,-0.0,-80.3064036,26.9209494,762.6
9.0,0.3,0.0,0.01,-0.06,-0.07,-0.01,-0.19,-0.24,-0.33,0.22,9.526,9.653,8.937,8.986,10.4,9.81,11.77,11.18,-0.003,-0.003,-0.004,0.0,-0.0,-80.3064036,26.9209494,762.65
8.9,0.3,0.0,0.01,-0.04,-0.08,-0.27,-0.28,0.13,-0.43,0.36,9.486,9.653,8.937,9.006,10.2,9.81,11.58,11.18,-0.003,-0.003,-0.004,0.0,-0.0,-80.3064036,26.9209494,762.7
9.0,0.3,0.0,0.01,-0.05,-0.07,0.01,-0.2,0.27,-0.43,0.37,9.526,9.663,8.937,9.006,10.3,9.71,11.58,11.09,-0.003,-0.003,-0.004,0.0,-0.0,-80.3064036,26.9209494,762.75
8.9,0.3,0.0,0.01,-0.05,-0.08,-0.01,0.14,-0.04,-0.43,0.38,9.496,9.663,8.907,8.976,10.5,9.91,11.77,11.28,-0.003,-0.003,-0.004,0.0,-0.0,-80.3064036,26.9209494,762.8
9.0,0.3,0.0,0.01,-0.04,-0.08,0.14,-0.06,0.03,-0.43,0.33,9.467,9.633,8.976,9.025,10.4,9.61,11.58,11.28,-0.003,-0.003,-0.004,0.0,-0.0,-80.3064036,26.9209494,762.85
8.9,0.3,0.0,0.01,-0.07,-0.06,0.14,-0.14,-0.34,-0.43,0.34,9.496,9.682,8.937,9.006,10.3,9.71,11.77,11.18,-0.003,-0.003,-0.004,0.0,-0.0,-80.3064036,26.9209494,762.9
9.0,0.3,0.0,0.01,-0.04,-0.09,0.3,-0.3,-0.03,-0.43,0.35,9.506,9.692,8.966,8.986,10.4,9.61,11.48,11.28,-0.003,-0.003,-0.004,0.0,0.0,-80.3064036,26.9209494,762.95
9.0,0.3,0.0,0.01,-0.05,-0.06,0.04,-0.34,0.15,-0.43,0.34,9.496,9.633,8.966,9.025,10.1,9.71,11.77,11.38,-0.003,-0.003,-0.004,0.0,-0.0,-80.3064036,26.9209494,763.0
9.0,0.3,0.0,0.01,-0.06,-0.07,0.24,-0.02,-0.32,-0.43,0.34,9.486,9.663,8.976,9.015,10.4,9.81,11.38,11.28,-0.003,-0.003,-0.004,0.0,-0.0,-80.3064036,26.9209494,763.05
9.0,0.3,0.0,0.01,-0.04,-0.09,-0.14,0.13,-0.39,-0.43,0.34,9.486,9.653,8.917,9.006,10.3,9.52,11.58,11.28,-0.003,-0.003,-0.004,0.0,-0.0,-80.3064036,26.9209494,763.1
8.9,0.3,0.0,0.01,-0.08,-0.06,0.23,0.04,-0.52,-0.43,0.34,9.516,9.643,8.966,9.055,10.4,9.81,11.77,11.18,-0.003,-0.003,-0.004,0.0,-0.0,-80.3064036,26.9209494,763.15
9.0,0.3,0.0,0.01,-0.03,-0.08,0.02,-0.06,-0.24,-0.43,0.36,9.535,9.633,8.917,8.966,10.3,10.01,11.38,11.28,-0.003,-0.003,-0.004,0.0,-0.0,-80.3064036,26.9209494,763.2
9.0,0.3,0.0,0.02,-0.06,-0.06,-0.06,-0.08,0.2,-0.43,0.35,9.496,9.633,8.937,9.035,10.3,9.52,11.38,11.18,-0.003,-0.003,-0.004,0.0,-0.0,-80.3064036,26.9209494,763.25
9.0,0.3,0.0,0.02,-0.06,-0.09,0.23,0.01,0.24,-0.43,0.35,9.516,9.624,8.947,9.006,10.4,9.61,11.67,11.67,-0.003,-0.003,-0.004,0.0,-0.0,-80.3064036,26.9209494,763.3
8.9,0.3,0.0,0.02,-0.07,-0.09,0.34,-0.13,-0.12,-0.43,0.34,9.526,9.682,8.937,9.006,10.4,9.71,11.77,11.38,-0.003,-0.003,-0.004,0.0,0.0,-80.3064036,26.9209494,763.35
9.0,0.3,0.0,0.02,-0.05,-0.07,0.05,-0.38,0.01,-0.43,0.35,9.496,9.653,8.986,9.035,10.3,9.81,11.77,11.38,-0.003,-0.003,-0.004,0.0,0.0,-80.3064036,26.9209494,763.4
9.0,0.3,0.0,0.02,-0.06,-0.07,0.11,0.18,0.2,-0.43,0.36,9.486,9.663,8.947,9.015,10.1,9.91,11.48,11.09,-0.003,-0.003,-0.004,0.0,0.0,-80.3064036,26.9209494,763.45
9.0,0.3,0.0,0.02,-0.05,-0.08,0.29,-0.05,-0.3,-0.42,0.37,9.496,9.673,8.957,8.976,10.3,9.71,11.77,10.99,-0.003,-0.003,-0.004,0.0,0.0,-80.3064036,26.9209494,763.5
9.0,0.3,0.0,0.02,-0.06,-0.06,-0.05,-0.18,0.24,-0.43,0.35,9.486,9.633,8.986,9.015,10.79,9.81,11.38,11.18,-0.003,-0.003,-0.004,0.0,0.0,-80.3064036,26.9209494,763.55
9.0,0.3,0.0,0.02,-0.03,-0.09,-0.08,0.06,0.45,-0.43,0.35,9.496,9.663,8.957,9.015,10.3,9.71,11.48,11.38,-0.003,-0.003,-0.004,0.0,0.0,-80.3064036,26.9209494,763.6
9.0,0.3,0.0,0.02,-0.06,-0.07,0.06,0.09,-0.26,-0.43,0.34,9.516,9.682,8.937,9.015,10.2,9.71,11.67,11.48,-0.003,-0.003,-0.004,0.0,0.0,-80.3064036,26.9209494,763.65
9.0,0.3,0.0,0.02,-0.04,-0.08,-0.24,0.02,0.02,-0.44,0.36,9.506,9.643,8.937,9.045,10.4,9.61,11.58,11.28,-0.003,-0.003,-0.004,0.0,0.0,-80.3064036,26.9209495,763.7
8.9,0.3,0.0,0.02,-0.04,-0.07,0.13,-0.19,0.24,-0.44,0.33,9.516,9.653,8.937,8.986,10.2,9.71,11.77,11.77,-0.003,-0.003,-0.004,0.0,0.0,-80.3064036,26.9209495,763.75
8.9,0.3,0.0,0.02,-0.05,-0.07,0.12,0.08,0.16,-0.45,0.32,9.496,9.663,8.937,8.976,10.59,9.61,11.77,11.38,-0.003,-0.003,-0.004,0.0,0.0,-80.3064036,26.9209495,763.8
9.0,0.3,0.0,0.02,-0.06,-0.07,0.17,0.15,-0.3,-0.43,0.34,9.516,9.653,8.957,9.006,10.5,9.71,11.38,11.18,-0.003,-0.003,-0.004,0.0,0.01,-80.3064036,26.9209495,763.85
8.9,0.3,0.0,0.02,-0.06,-0.09,-0.0,0.11,-0.43,-0.43,0.34,9.506,9.643,8.957,9.035,10.3,9.71,11.77,11.48,-0.003,-0.003,-0.004,0.0,0.0,-80.3064036,26.9209495,763.9
8.9,0.3,0.0,0.02,-0.06,-0.08,-0.03,-0.24,-0.13,-0.43,0.32,9.506,9.653,8.966,9.025,10.1,9.52,11.58,11.28,-0.003,-0.003,-0.004,0.0,0.0,-80.3064036,26.9209495,763.95
9.0,0.3,0.0,0.02,-0.05,-0.08,0.1,0.29,0.16,-0.42,0.3,9.516,9.673,8.937,8.996,10.59,9.71,11.77,11.38,-0.003,-0.003,-0.004,0.0,0.0,-80.3064036,26.9209495,764.0
9.0,0.3,0.0,0.03,-0.05,-0.07,-0.17,-0.16,-0.32,-0.43,0.34,9.496,9.643,8.966,9.045,10.4,9.81,11.58,11.09,-0.003,-0.003,-0.004,0.0,0.0,-80.3064036,26.9209495,764.05
9.0,0.3,0.0,0.03,-0.06,-0.08,0.14,-0.14,0.16,-0.43,0.34,9.496,9.663,8.957,9.025,10.4,9.91,11.67,11.28,-0.003,-0.003,-0.004,0.0,0.01,-80.3064036,26.9209495,764.1
9.0,0.3,0.0,0.03,-0.04,-0.07,-0.02,0.09,0.1,-0.43,0.34,9.506,9.643,8.966,8.996,10.5,9.81,11.58,10.99,-0.003,-0.003,-0.004,0.0,0.01,-80.3064036,26.9209495,764.15
8.9,0.3,0.0,0.03,-0.06,-0.08,0.16,-0.13,-0.1,-0.42,0.33,9.506,9.663,8.947,9.025,10.4,9.91,11.77,11.38,-0.003,-0.003,-0.004,0.0,0.01,-80.3064036,26.9209495,764.2
9.0,0.3,0.0,0.03,-0.05,-0.06,-0.12,-0.08,-0.19,-0.42,0.32,9.506,9.663,8.937,9.006,10.5,9.71,11.28,11.28,-0.003,-0.003,-0.004,0.0,0.01,-80.3064036,26.9209495,764.25
9.0,0.3,0.0,0.03,-0.05,-0.08,0.14,-0.03,-0.05,-0.43,0.34,9.535,9.673,8.907,8.966,10.3,9.81,11.87,11.09,-0.003,-0.003,-0.004,0.0,0.01,-80.3064036,26.9209495,764.3
8.9,0.3,0.0,0.03,-0.05,-0.06,-0.19,-0.05,-0.27,-0.43,0.34,9.476,9.682,8.986,9.006,10.5,9.81,11.77,11.28,-0.003,-0.003,-0.004,0.0,0.01,-80.3064036,26.9209495,764.35
9.0,0.3,0.0,0.01,-0.05,-0.07,-0.06,-0.18,-0.25,-0.44,0.34,9.506,9.653,8.976,9.035,10.3,9.61,11.58,11.28,-0.003,-0.003,-0.004,0.0,-0.0,-80.3064036,26.9209495,764.4
9.0,0.3,0.0,0.01,-0.04,-0.06,-0.16,-0.06,0.26,-0.43,0.35,9.526,9.663,8.907,8.996,10.5,9.81,11.58,11.38,-0.003,-0.003,-0.004,0.0,-0.0,-80.3064036,26.9209496,764.45
9.0,0.3,0.0,0.0,-0.06,-0.09,0.19,-0.09,0.0,-0.42,0.34,9.496,9.643,8.957,9.035,10.3,9.81,11.77,11.58,-0.003,-0.003,-0.004,0.0,-0.01,-80.3064036,26.9209496,764.5
8.9,0.3,0.0,0.0,-0.06,-0.07,-0.02,-0.1,-0.08,-0.41,0.33,9.506,9.643,8.957,8.976,10.5,9.61,11.58,11.28,-0.003,-0.003,-0.004,0.0,-0.01,-80.3064036,26.9209496,764.55
9.0,0.3,0.0,0.0,-0.04,-0.09,0.18,-0.11,0.34,-0.43,0.34,9.526,9.663,8.957,9.025,10.2,9.71,11.77,11.18,-0.003,-0.003,-0.004,0.0,-0.01,-80.3064036,26.9209496,764.6
9.0,0.3,0.0,0.0,-0.06,-0.05,-0.1,0.1,0.1,-0.44,0.34,9.486,9.643,8.937,9.035,10.4,9.61,11.58,11.38,-0.003,-0.003,-0.004,0.0,-0.01,-80.3064036,26.9209496,764.65
9.0,0.3,0.0,0.0,-0.05,-0.08,0.36,-0.12,0.16,-0.44,0.32,9.486,9.614,8.947,9.025,10.3,9.71,11.58,11.09,-0.003,-0.003,-0.004,0.0,-0.01,-80.3064036,26.9209496,764.7
9.0,0.3,0.0,0.01,-0.05,-0.08,-0.4,0.21,0.12,-0.45,0.31,9.526,9.653,8.976,9.035,10.1,9.71,11.67,11.18,-0.003,-0.003,-0.004,0.0,-0.02,-80.3064036,26.9209496,764.75
8.9,0.3,0.0,0.01,-0.04,-0.08,-0.26,0.18,0.06,-0.43,0.35,9.486,9.673,8.917,9.006,10.4,9.81,11.48,11.28,-0.003,-0.003,-0.004,0.0,-0.01,-80.3064036,26.9209496,764.8
9.0,0.3,0.0,0.01,-0.05,-0.07,0.01,-0.13,0.05,-0.44,0.37,9.496,9.663,8.947,9.006,10.2,9.91,11.58,11.18,-0.003,-0.003,-0.004,0.0,-0.01,-80.3064036,26.9209496,764.85
8.9,0.3,0.0,0.01,-0.06,-0.08,0.26,-0.02,-0.06,-0.44,0.38,9.526,9.663,8.937,9.025,10.4,9.91,11.48,11.38,-0.003,-0.003,-0.004,0.0,-0.01,-80.3064036,26.9209496,764.9
8.9,0.3,0.0,0.01,-0.04,-0.08,-0.46,0.16,0.29,-0.45,0.4,9.516,9.653,8.947,9.006,10.4,9.52,11.77,11.58,-0.003,-0.003,-0.004,0.0,-0.01,-80.3064035,26.9209496,764.95
8.9,0.3,0.0,0.01,-0.06,-0.07,0.34,-0.0,0.04,-0.45,0.42,9.476,9.643,8.957,8.996,10.3,9.81,11.67,11.38,-0.003,-0.003,-0.004,0.0,-0.01,-80.3064035,26.9209496,765.0
9.0,0.3,0.0,0.01,-0.05,-0.08,-0.05,0.21,-0.46,-0.45,0.43,9.506,9.653,8.947,8.996,10.5,9.81,11.67,11.38,-0.003,-0.003,-0.004,0.0,-0.01,-80.3064035,26.9209496,765.05
9.0,0.3,0.0,0.01,-0.05,-0.07,0.16,0.12,0.11,-0.43,0.35,9.506,9.673,8.947,9.025,10.2,9.71,11.67,11.28,-0.003,-0.003,-0.004,0.0,-0.01,-80.3064035,26.9209496,765.1
9.0,0.3,0.0,0.01,-0.04,-0.06,-0.04,-0.4,-0.22,-0.43,0.35,9.496,9.643,8.947,9.006,10.5,9.52,11.77,11.28,-0.003,-0.003,-0.004,0.0,-0.01,-80.3064035,26.9209496,765.15
9.0,0.3,0.0,0.01,-0.06,-0.06,0.26,0.21,-0.13,-0.43,0.35,9.516,9.663,8.966,9.006,10.4,9.91,11.58,11.09,-0.003,-0.003,-0.004,0.0,-0.01,-80.3064035,26.9209496,765.2
8.9,0.3,0.0,0.01,-0.04,-0.09,0.03,0.13,0.28,-0.43,0.34,9.496,9.653,8.937,9.006,10.4,9.91,11.58,11.28,-0.003,-0.003,-0.004,0.0,-0.02,-80.3064035,26.9209496,765.25
8.9,0.3,0.0,0.01,-0.06,-0.08,0.15,-0.09,0.01,-0.43,0.36,9.496,9.663,8.927,8.976,10.5,9.71,11.58,11.18,-0.003,-0.003,-0.004,0.0,-0.01,-80.3064035,26.9209496,765.3
9.0,0.3,0.0,0.01,-0.05,-0.08,0.01,0.04,-0.02,-0.42,0.37,9.496,9.663,8.976,9.006,10.4,9.61,11.58,11.28,-0.003,-0.003,-0.004,0.0,-0.02,-80.3064035,26.9209496,765.35
9.0,0.3,0.0,0.01,-0.06,-0.07,0.05,-0.33,-0.32,-0.43,0.35,9.516,9.653,8.966,8.996,10.3,9.81,11.77,11.09,-0.003,-0.003,-0.004,0.0,-0.02,-80.3064035,26.9209496,765.4
9.0,0.3,0.0,0.01,-0.04,-0.07,-0.26,0.27,0.3,-0.43,0.34,9.506,9.663,8.937,9.006,10.5,9.71,11.58,11.18,-0.003,-0.003,-0.004,0.0,-0.02,-80.3064035,26.9209496,765.45
9.0,0.3,0.0,0.01,-0.04,-0.08,0.03,-0.07,0.15,-0.43,0.34,9.496,9.643,8.976,9.055,10.5,9.81,11.28,11.28,-0.003,-0.003,-0.004,0.0,-0.02,-80.3064035,26.9209496,765.5
9.0,0.3,0.0,0.01,-0.06,-0.08,0.15,0.19,-0.2,-0.43,0.33,9.467,9.653,8.986,9.006,10.5,9.71,11.28,11.28,-0.003,-0.003,-0.004,0.0,-0.02,-80.3064035,26.9209496,765.55
9.0,0.3,0.0,0.01,-0.05,-0.07,0.13,-0.53,0.52,-0.44,0.34,9.535,9.643,8.966,9.015,10.2,9.71,11.58,11.18,-0.003,-0.003,-0.004,0.0,-0.01,-80.3064035,26.9209496,765.6
9.0,0.3,0.0,0.01,-0.06,-0.07,-0.18,-0.12,-0.46,-0.44,0.33,9.526,9.673,8.947,8.996,10.2,10.01,11.87,11.48,-0.003,-0.003,-0.004,0.0,-0.02,-80.3064035,26.9209496,765.65
9.0,0.3,0.0,0.01,-0.06,-0.07,0.36,-0.2,0.19,-0.43,0.34,9.496,9.663,8.937,9.035,10.3,9.71,11.38,11.28,-0.003,-0.003,-0.004,0.0,-0.02,-80.3064035,26.9209496,765.7
9.0,0.3,0.0,0.02,-0.05,-0.08,0.12,-0.26,-0.19,-0.44,0.34,9.516,9.643,8.927,9.025,10.59,9.61,11.67,11.38,-0.003,-0.003,-0.004,0.0,-0.02,-80.3064035,26.9209496,765.75
8.9,0.3,0.0,0.02,-0.05,-0.05,0.08,-0.12,-0.24,-0.44,0.33,9.506,9.643,8.947,9.064,10.3,9.91,12.07,11.38,-0.003,-0.003,-0.004,0.0,-0.02,-80.3064035,26.9209496,765.8
9.1,0.3,0.0,0.02,-0.05,-0.09,0.09,0.23,-0.21,-0.44,0.32,9.486,9.653,9.064,9.084,10.2,9.81,11.77,11.09,-0.003,-0.003,-0.004,0.0,-0.02,-80.3064035,26.9209496,765.85
9.0,0.3,0.0,0.02,-0.04,-0.05,-0.08,-0.05,0.14,-0.44,0.34,9.565,9.682,8.966,9.006,10.3,9.52,11.58,11.28,-0.003,-0.003,-0.004,0.0,-0.02,-80.3064035,26.9209496,765.9
9.0,0.3,0.0,0.02,-0.04,-0.09,0.16,0.05,-0.39,-0.44,0.33,9.467,9.624,8.957,9.035,10.2,9.81,11.58,11.18,-0.003,-0.003,-0.004,0.0,-0.02,-80.3064035,26.9209496,765.95
8.9,0.3,0.0,0.02,-0.14,0.01,0.25,-0.27,-0.37,-0.44,0.31,9.496,9.624,8.937,8.996,10.3,9.42,11.97,11.28,-0.003,-0.003,-0.004,0.0,-0.02,-80.3064035,26.9209496,766.0
9.1,0.3,0.0,0.02,-0.06,-0.06,-0.09,0.19,0.09,-0.44,0.33,9.506,9.643,8.957,9.015,10.4,9.81,11.67,11.38,-0.003,-0.003,-0.004,0.0,-0.02,-80.3064035,26.9209496,766.05
9.0,0.3,0.0,0.01,-0.04,-0.06,-0.21,-0.38,0.3,-0.44,0.33,9.506,9.653,8.996,9.035,10.4,9.71,11.58,11.38,-0.003,-0.003,-0.004,0.0,-0.0,-80.3064035,26.9209496,766.1
9.0,0.3,0.0,0.01,-0.07,-0.08,0.17,0.22,-0.45,-0.44,0.33,9.467,9.643,8.947,9.015,10.5,9.71,11.58,11.28,-0.003,-0.003,-0.004,0.0,-0.0,-80.3064035,26.9209496,766.15
9.0,0.3,0.0,0.01,-0.04,-0.09,0.23,-0.08,0.15,-0.45,0.34,9.526,9.682,8.927,8.996,10.3,9.91,11.58,10.99,-0.003,-0.003,-0.004,0.0,-0.0,-80.3064034,26.9209496,766.2
9.0,0.3,0.0,0.01,-0.06,-0.08,-0.1,-0.03,0.0,-0.46,0.36,9.506,9.682,8.986,9.035,10.3,9.71,11.87,11.09,-0.003,-0.003,-0.004,0.0,-0.0,-80.3064034,26.9209496,766.25
8.9,0.3,0.0,0.0,-0.06,-0.06,-0.02,-0.13,-0.12,-0.45,0.33,9.506,9.653,8.957,9.006,10.5,9.91,11.58,11.28,-0.003,-0.003,-0.004,0.0,-0.0,-80.3064034,26.9209496,766.3
8.9,0.3,0.0,-0.0,-0.05,-0.07,-0.1,0.31,-0.35,-0.45,0.32,9.496,9.633,8.898,9.025,10.2,9.71,11.58,11.09,-0.003,-0.003,-0.004,0.0,0.0,-80.3064034,26.9209496,766.35
9.0,0.3,0.0,-0.0,-0.04,-0.08,-0.01,0.03,0.04,-0.44,0.33,9.496,9.643,8.957,9.015,10.4,9.71,11.87,11.38,-0.003,-0.003,-0.004,0.0,0.0,-80.3064034,26.9209496,766.4
9.0,0.3,0.0,-0.0,-0.05,-0.07,0.15,0.07,0.28,-0.44,0.34,9.506,9.643,8.947,9.006,10.69,9.71,11.77,11.38,-0.003,-0.003,-0.004,0.0,0.0,-80.3064034,26.9209496,766.45
9.0,0.3,0.0,-0.0,-0.05,-0.08,0.09,0.01,0.12,-0.45,0.33,9.516,9.653,8.976,9.006,10.5,9.81,11.58,11.48,-0.003,-0.003,-0.004,0.0,0.0,-80.3064034,26.9209496,766.5
9.0,0.3,0.0,-0.0,-0.06,-0.07,0.11,0.07,0.35,-0.44,0.33,9.516,9.643,8.947,9.006,10.3,10.01,11.58,11.28,-0.003,-0.003,-0.004,0.0,0.0,-80.3064034,26.9209496,766.55
9.0,0.3,0.0,-0.0,-0.05,-0.07,0.05,0.18,-0.16,-0.44,0.33,9.496,9.682,8.937,9.015,10.3,9.81,11.58,11.18,-0.003,-0.003,-0.004,0.0,-0.0,-80.3064034,26.9209496,766.6
9.0,0.3,0.0,-0.0,-0.05,-0.07,0.02,-0.08,-0.19,-0.46,0.33,9.486,9.653,8.947,9.006,10.5,9.81,11.67,11.28,-0.003,-0.003,-0.004,0.0,-0.0,-80.3064034,26.9209496,766.65
9.0,0.3,0.0,0.0,-0.05,-0.08,-0.12,0.26,0.41,-0.46,0.34,9.516,9.643,8.976,9.025,10.4,9.61,11.77,11.28,-0.003,-0.003,-0.004,0.0,-0.0,-80.3064034,26.9209496,766.7
9.0,0.3,0.0,-0.0,-0.05,-0.08,0.1,-0.32,0.0,-0.46,0.3,9.506,9.643,8.957,8.986,10.3,9.52,11.58,11.38,-0.003,-0.003,-0.004,0.0,0.0,-80.3064034,26.9209496,766.75
8.9,0.3,0.0,-0.0,-0.07,-0.06,-0.19,-0.34,-0.62,-0.45,0.33,9.496,9.663,8.927,8.996,10.4,9.71,11.77,11.38,-0.003,-0.003,-0.004,0.0,-0.0,-80.3064034,26.9209496,766.8
9.0,0.3,0.0,-0.0,-0.05,-0.09,0.1,-0.38,-0.27,-0.47,0.3,9.486,9.673,8.937,8.996,10.3,9.81,11.58,11.28,-0.003,-0.003,-0.004,0.0,-0.0,-80.3064034,26.9209496,766.85
9.0,0.3,0.0,-0.0,-0.05,-0.06,0.08,-0.2,0.16,-0.49,0.27,9.496,9.692,8.976,9.025,10.4,9.71,11.58,11.38,-0.003,-0.003,-0.004,0.0,0.0,-80.3064034,26.9209495,766.9
8.9,0.3,0.0,0.0,-0.05,-0.08,-0.02,0.07,0.16,-0.5,0.24,9.506,9.663,8.907,9.015,10.59,9.71,11.58,10.99,-0.003,-0.003,-0.004,0.0,-0.0,-80.3064034,26.9209495,766.95
9.0,0.3,0.0,0.0,-0.05,-0.06,-0.26,0.0,-0.06,-0.45,0.33,9.496,9.663,8.947,8.986,10.4,9.61,11.48,11.09,-0.003,-0.003,-0.004,0.0,-0.0,-80.3064034,26.9209495,767.0
9.0,0.3,0.0,-0.0,-0.05,-0.08,0.28,-0.3,0.09,-0.45,0.33,9.506,9.653,8.957,8.966,10.3,9.42,11.58,10.99,-0.003,-0.003,-0.004,0.0,-0.0,-80.3064034,26.9209495,767.05
9.0,0.3,0.0,0.0,-0.06,-0.08,0.02,0.24,-0.21,-0.44,0.33,9.506,9.653,8.937,9.015,10.3,9.91,11.67,11.48,-0.003,-0.003,-0.004,0.0,-0.0,-80.3064034,26.9209495,767.1
8.9,0.3,0.0,0.0,-0.06,-0.08,0.04,0.18,-0.08,-0.43,0.33,9.506,9.643,8.937,8.996,10.4,9.52,11.58,11.28,-0.003,-0.003,-0.004,0.0,-0.0,-80.3064034,26.9209495,767.15
9.0,0.3,0.0,-0.0,-0.07,-0.08,0.14,-0.2,-0.44,-0.45,0.33,9.506,9.663,8.937,9.025,10.4,9.81,11.58,11.18,-0.003,-0.003,-0.004,0.0,-0.0,-80.3064034,26.9209495,767.2
9.0,0.3,0.0,0.0,-0.04,-0.06,-0.34,-0.43,0.11,-0.46,0.33,9.506,9.673,8.966,9.025,10.5,9.61,11.58,11.38,-0.003,-0.003,-0.004,0.0,-0.0,-80.3064034,26.9209495,767.25
9.0,0.3,0.0,-0.0,-0.06,-0.08,0.07,0.04,-0.14,-0.45,0.33,9.486,9.663,8.947,9.006,10.3,9.52,11.87,11.48,-0.003,-0.003,-0.004,0.0,-0.0,-80.3064034,26.9209495,767.3
9.0,0.3,0.0,-0.0,-0.05,-0.08,0.08,0.21,-0.2,-0.46,0.33,9.506,9.653,8.957,9.015,10.3,9.61,11.38,11.28,-0.003,-0.003,-0.004,0.0,-0.0,-80.3064034,26.9209495,767.35
8.9,0.3,0.0,0.0,-0.06,-0.08,-0.02,-0.21,-0.33,-0.46,0.33,9.496,9.673,8.927,9.006,10.3,9.71,12.07,11.28,-0.003,-0.003,-0.004,0.0,-0.0,-80.3064034,26.9209495,767.4
9.0,0.3,0.0,-0.0,-0.05,-0.08,-0.08,0.02,0.21,-0.45,0.34,9.496,9.633,8.937,9.025,10.59,9.42,11.77,11.28,-0.003,-0.003,-0.004,0.0,-0.0,-80.3064034,26.9209495,767.45
9.0,0.3,0.0,-0.0,-0.05,-0.08,-0.01,-0.04,-0.2,-0.44,0.32,9.486,9.643,8.947,9.015,10.2,9.71,11.87,11.48,-0.003,-0.003,-0.004,0.0,-0.0,-80.3064035,26.9209495,767.5
8.9,0.3,0.0,-0.0,-0.06,-0.08,0.17,0.13,-0.33,-0.45,0.33,9.506,9.633,8.957,8.986,10.4,9.91,11.28,11.28,-0.003,-0.003,-0.004,0.0,-0.0,-80.3064035,26.9209495,767.55
9.0,0.3,0.0,-0.0,-0.06,-0.07,0.23,-0.23,0.26,-0.46,0.34,9.516,9.663,8.976,9.015,10.2,9.71,11.77,11.28,-0.003,-0.003,-0.004,0.0,-0.0,-80.3064035,26.9209495,767.6
9.0,0.3,0.0,-0.0,-0.04,-0.08,-0.11,0.29,-0.14,-0.45,0.36,9.486,9.653,8.947,9.025,10.4,9.91,11.58,11.18,-0.003,-0.003,-0.004,0.0,-0.0,-80.3064035,26.9209495,767.65
9.0,0.3,0.0,0.01,-0.05,-0.07,-0.2,0.33,0.07,-0.44,0.34,9.476,9.673,8.957,9.006,10.4,9.81,11.67,11.09,-0.003,-0.003,-0.004,0.0,0.01,-80.3064035,26.9209495,767.7
9.0,0.3,0.0,0.01,-0.07,-0.08,0.35,0.25,-0.37,-0.45,0.33,9.496,9.643,8.957,9.025,10.3,9.71,11.28,11.28,-0.003,-0.003,-0.004,0.0,0.01,-80.3064035,26.9209494,767.75
8.9,0.3,0.0,0.01,-0.06,-0.06,-0.13,-0.19,-0.02,-0.45,0.35,9.506,9.663,8.937,8.976,10.4,9.61,11.77,11.38,-0.003,-0.003,-0.004,0.0,0.01,-80.3064035,26.9209494,767.8
9.0,0.3,0.0,0.01,-0.05,-0.08,-0.03,-0.13,0.36,-0.44,0.34,9.506,9.673,8.957,9.015,10.3,9.71,11.48,11.38,-0.003,-0.003,-0.004,0.0,0.01,-80.3064035,26.9209494,767.85
9.0,0.3,0.0,0.01,-0.05,-0.08,-0.42,0.28,-0.06,-0.45,0.34,9.506,9.653,8.966,9.015,10.01,9.71,11.38,11.09,-0.003,-0.003,-0.004,0.0,0.01,-80.3064035,26.9209494,767.9
8.9,0.3,0.0,0.01,-0.05,-0.07,0.14,-0.04,0.02,-0.44,0.34,9.496,9.663,8.937,8.996,10.4,9.81,11.77,11.28,-0.003,-0.003,-0.004,0.0,0.01,-80.3064035,26.9209494,767.95
9.0,0.3,0.0,0.01,-0.04,-0.08,-0.16,0.21,0.22,-0.45,0.34,9.526,9.643,8.957,9.006,10.2,9.91,11.48,10.99,-0.003,-0.003,-0.004,0.0,0.01,-80.3064035,26.9209494,768.0
9.0,0.3,0.0,0.01,-0.06,-0.07,-0.17,-0.05,-0.37,-0.45,0.33,9.516,9.673,8.947,9.006,10.2,9.71,11.58,11.18,-0.003,-0.003,-0.004,0.0,0.01,-80.3064035,26.9209494,768.05
9.0,0.3,0.0,0.01,-0.05,-0.08,0.09,0.19,0.07,-0.45,0.35,9.506,9.633,8.947,8.986,10.3,9.91,11.58,11.38,-0.003,-0.003,-0.004,0.0,0.01,-80.3064035,26.9209494,768.1
9.0,0.3,0.0,0.01,-0.06,-0.07,-0.08,0.07,-0.09,-0.45,0.33,9.526,9.663,8.937,8.986,10.79,9.71,11.77,11.18,-0.003,-0.003,-0.004,0.0,0.01,-80.3064035,26.9209494,768.15
8.9,0.3,0.0,0.01,-0.05,-0.09,0.15,-0.38,-0.2,-0.46,0.35,9.506,9.682,8.947,8.986,10.4,9.71,11.28,11.28,-0.003,-0.003,-0.004,0.0,0.02,-80.3064035,26.9209494,768.2
9.0,0.3,0.0,0.01,-0.05,-0.06,-0.1,0.03,0.04,-0.45,0.33,9.516,9.663,8.927,8.996,10.59,10.1,11.77,11.09,-0.003,-0.003,-0.004,0.0,0.01,-80.3064035,26.9209494,768.25
8.9,0.3,0.0,0.01,-0.04,-0.07,0.16,0.0,-0.04,-0.45,0.35,9.496,9.633,8.937,9.006,10.59,9.71,11.77,11.38,-0.003,-0.003,-0.004,0.0,0.02,-80.3064035,26.9209494,768.3
9.0,0.3,0.0,0.01,-0.06,-0.07,0.08,0.0,0.2,-0.44,0.34,9.496,9.653,8.966,8.986,10.1,9.91,11.38,11.38,-0.003,-0.003,-0.004,0.0,0.02,-80.3064035,26.9209494,768.35
9.0,0.3,0.0,0.01,-0.04,-0.08,-0.08,0.15,0.25,-0.45,0.34,9.476,9.643,8.957,9.015,10.4,9.71,11.38,10.89,-0.003,-0.003,-0.004,0.0,0.01,-80.3064035,26.9209494,768.4
8.9,0.3,0.0,0.01,-0.06,-0.06,0.18,-0.01,0.17,-0.45,0.35,9.516,9.653,8.927,9.006,10.59,9.71,11.77,11.28,-0.003,-0.003,-0.004,0.0,0.02,-80.3064035,26.9209494,768.45
9.0,0.3,0.0,0.01,-0.04,-0.08,-0.16,0.06,-0.11,-0.46,0.35,9.496,9.663,8.957,9.035,10.3,9.61,11.87,11.09,-0.003,-0.003,-0.004,0.0,0.02,-80.3064035,26.9209494,768.5
9.0,0.3,0.0,0.01,-0.07,-0.06,0.12,0.0,-0.08,-0.45,0.35,9.486,9.643,8.957,9.025,10.59,9.52,11.67,11.09,-0.003,-0.003,-0.004,0.0,0.02,-80.3064036,26.9209494,768.55
9.0,0.3,0.0,0.02,-0.05,-0.09,0.16,0.1,0.22,-0.45,0.34,9.496,9.633,8.976,9.006,10.2,9.91,11.87,11.28,-0.003,-0.003,-0.004,0.0,0.02,-80.3064036,26.9209494,768.6
9.0,0.3,0.0,0.01,-0.05,-0.06,-0.46,0.03,0.3,-0.45,0.34,9.516,9.673,8.966,9.015,10.5,9.81,11.87,11.18,-0.003,-0.003,-0.004,0.0,0.0,-80.3064036,26.9209494,768.65
9.0,0.3,0.0,0.01,-0.05,-0.08,0.19,0.04,-0.06,-0.45,0.36,9.486,9.673,8.947,9.035,10.59,9.71,11.87,11.28,-0.003,-0.003,-0.004,0.0,0.0,-80.3064036,26.9209494,768.7
9.0,0.3,0.0,0.01,-0.05,-0.07,-0.11,-0.33,0.01,-0.45,0.34,9.506,9.673,8.927,9.015,10.1,9.71,11.87,11.28,-0.003,-0.003,-0.004,0.0,0.01,-80.3064036,26.9209494,768.75
8.9,0.3,0.0,0.02,-0.05,-0.06,-0.05,-0.01,-0.15,-0.45,0.33,9.496,9.653,8.947,8.996,10.89,9.91,11.77,11.09,-0.003,-0.003,-0.004,0.0,0.01,-80.3064036,26.9209494,768.8
9.0,0.3,0.0,0.02,-0.04,-0.08,0.14,-0.01,0.16,-0.45,0.34,9.516,9.673,8.947,9.015,10.4,9.52,11.77,11.38,-0.003,-0.003,-0.004,0.0,0.01,-80.3064036,26.9209494,768.85
9.0,0.3,0.0,0.02,-0.05,-0.07,-0.14,-0.45,-0.33,-0.45,0.33,9.486,9.653,8.957,9.045,10.3,9.81,11.77,11.28,-0.003,-0.003,-0.004,0.0,0.01,-80.3064036,26.9209494,768.9
8.9,0.3,0.0,0.02,-0.06,-0.07,-0.05,0.07,0.06,-0.45,0.34,9.496,9.663,8.927,8.996,10.5,9.61,11.77,11.18,-0.003,-0.003,-0.004,0.0,0.01,-80.3064036,26.9209494,768.95
9.0,0.3,0.0,0.02,-0.06,-0.08,-0.06,0.02,-0.18,-0.45,0.33,9.506,9.653,8.947,9.015,10.5,10.01,11.58,10.99,-0.003,-0.003,-0.004,0.0,0.01,-80.3064036,26.9209494,769.0
9.0,0.3,0.0,0.02,-0.05,-0.07,-0.05,0.02,0.02,-0.45,0.32,9.506,9.663,8.937,9.035,10.3,9.81,11.38,11.09,-0.003,-0.003,-0.004,0.0,0.01,-80.3064036,26.9209494,769.05
9.0,0.3,0.0,0.02,-0.05,-0.08,-0.13,0.09,-0.05,-0.45,0.34,9.506,9.663,8.966,9.015,10.5,9.91,11.58,11.38,-0.003,-0.003,-0.004,0.0,0.01,-80.3064036,26.9209494,769.1
8.9,0.3,0.0,0.02,-0.06,-0.08,0.24,0.05,0.2,-0.45,0.35,9.526,9.682,8.898,8.986,10.69,9.61,11.38,11.38,-0.003,-0.003,-0.004,0.0,0.01,-80.3064036,26.9209494,769.15
9.0,0.3,0.0,0.02,-0.06,-0.07,0.17,0.12,-0.18,-0.46,0.35,9.496,9.663,8.947,9.015,10.4,9.71,11.28,11.28,-0.003,-0.003,-0.004,0.0,0.01,-80.3064036,26.9209494,769.2
9.0,0.3,0.0,0.02,-0.04,-0.07,-0.24,0.0,0.16,-0.45,0.32,9.526,9.653,8.947,9.035,10.5,9.61,11.77,11.38,-0.003,-0.003,-0.004,0.0,0.01,-80.3064036,26.9209494,769.25
9.0,0.3,0.0,0.02,-0.06,-0.08,0.15,0.12,-0.12,-0.45,0.32,9.486,9.663,8.937,9.025,10.4,9.61,11.38,11.38,-0.003,-0.003,-0.004,0.0,0.01,-80.3064036,26.9209494,769.3
9.0,0.3,0.0,0.03,-0.05,-0.06,-0.25,-0.07,0.24,-0.45,0.35,9.496,9.643,8.947,9.015,10.5,9.61,11.67,11.28,-0.003,-0.003,-0.004,0.0,0.01,-80.3064036,26.9209494,769.35
9.0,0.3,0.0,0.03,-0.06,-0.07,0.1,-0.33,-0.08,-0.46,0.32,9.516,9.682,8.957,9.025,10.5,9.81,11.67,11.09,-0.003,-0.003,-0.004,0.0,0.01,-80.3064036,26.9209494,769.4
9.0,0.3,0.0,0.03,-0.05,-0.07,-0.01,-0.12,0.01,-0.45,0.35,9.496,9.643,8.957,9.015,10.5,9.81,11.77,11.28,-0.003,-0.003,-0.004,0.0,0.01,-80.3064036,26.9209494,769.45
8.9,0.4,0.0,0.03,-0.05,-0.07,-0.07,0.13,0.08,-0.45,0.34,9.496,9.663,8.937,9.025,10.01,9.71,11.77,11.09,-0.003,-0.003,-0.004,0.0,0.01,-80.3064036,26.9209494,769.5
8.9,0.4,0.0,0.03,-0.05,-0.08,-0.03,-0.16,-0.23,-0.45,0.33,9.476,9.633,8.957,9.006,10.59,9.61,11.77,11.38,-0.003,-0.003,-0.004,0.0,0.01,-80.3064036,26.9209494,769.55
9.0,0.3,0.0,0.03,-0.06,-0.07,-0.09,0.19,0.1,-0.45,0.36,9.496,9.643,8.966,9.055,10.2,9.71,11.77,11.28,-0.003,-0.003,-0.004,0.0,0.01,-80.3064036,26.9209494,769.6
9.1,0.3,0.0,0.03,-0.04,-0.08,-0.13,-0.13,-0.02,-0.45,0.31,9.516,9.653,8.996,9.045,10.4,10.01,11.38,11.18,-0.003,-0.003,-0.004,0.0,0.01,-80.3064036,26.9209494,769.65
9.0,0.3,0.0,0.03,-0.05,-0.06,0.14,-0.27,0.2,-0.44,0.29,9.516,9.663,8.986,9.015,10.3,9.61,11.67,11.18,-0.003,-0.003,-0.004,0.0,0.01,-80.3064036,26.9209494,769.7
9.0,0.3,0.0,0.03,-0.06,-0.08,0.05,0.22,0.12,-0.45,0.33,9.516,9.663,8.937,9.006,10.3,9.91,11.77,11.28,-0.003,-0.003,-0.004,0.0,0.01,-80.3064036,26.9209494,769.75
8.9,0.3,0.0,0.01,-0.06,-0.07,-0.12,0.22,-0.13,-0.46,0.33,9.506,9.633,8.927,9.006,10.3,9.81,11.58,11.28,-0.003,-0.003,-0.004,0.0,0.01,-80.3064036,26.9209494,769.8
9.0,0.3,0.0,0.01,-0.05,-0.07,0.02,-0.19,0.16,-0.45,0.33,9.506,9.653,8.947,9.025,10.3,9.81,11.97,11.28,-0.003,-0.003,-0.004,0.0,0.01,-80.3064036,26.9209494,769.85
9.0,0.3,0.0,0.01,-0.06,-0.09,0.07,0.27,-0.12,-0.45,0.33,9.516,9.643,8.976,9.025,10.3,9.71,11.77,11.28,-0.003,-0.003,-0.004,0.0,0.01,-80.3064036,26.9209493,769.9
9.0,0.3,0.0,0.01,-0.06,-0.08,-0.04,0.14,-0.03,-0.44,0.34,9.496,9.653,8.937,9.006,10.4,9.71,11.58,11.09,-0.003,-0.003,-0.004,0.0,0.01,-80.3064036,26.9209493,769.95
9.0,0.3,0.0,0.01,-0.06,-0.07,-0.06,0.26,-0.25,-0.44,0.34,9.476,9.682,8.927,9.006,10.2,9.81,11.67,11.28,-0.003,-0.003,-0.004,0.0,0.01,-80.3064036,26.9209493,770.0
9.0,0.3,0.0,0.01,-0.04,-0.07,0.02,-0.17,0.24,-0.43,0.34,9.496,9.663,8.947,9.015,10.1,9.42,11.77,11.09,-0.003,-0.003,-0.004,0.0,0.01,-80.3064036,26.9209493,770.05
9.0,0.3,0.0,0.01,-0.04,-0.08,-0.09,0.07,0.33,-0.43,0.34,9.506,9.663,8.966,9.006,10.4,9.71,11.38,11.48,-0.003,-0.003,-0.004,0.0,0.01,-80.3064036,26.9209493,770.1
9.0,0.3,0.0,0.01,-0.06,-0.07,0.09,-0.13,0.09,-0.45,0.33,9.516,9.643,8.957,9.006,10.2,9.52,11.77,11.67,-0.003,-0.003,-0.004,0.0,0.01,-80.3064036,26.9209493,770.15
8.9,0.4,0.0,0.01,-0.04,-0.08,0.05,0.09,0.27,-0.46,0.34,9.496,9.663,8.947,9.015,10.3,9.81,11.67,11.09,-0.003,-0.003,-0.004,0.0,0.01,-80.3064036,26.9209493,770.2
9.0,0.3,0.0,0.01,-0.06,-0.07,0.44,0.22,0.22,-0.45,0.33,9.506,9.663,8.957,9.006,10.4,9.91,11.67,11.58,-0.003,-0.003,-0.004,0.0,0.01,-80.3064036,26.9209493,770.25
9.0,0.3,0.0,0.01,-0.06,-0.08,-0.07,-0.11,-0.14,-0.45,0.32,9.506,9.673,8.957,9.025,10.5,9.61,11.58,11.48,-0.003,-0.003,-0.004,0.0,0.01,-80.3064036,26.9209493,770.3
9.0,0.3,0.0,0.01,-0.04,-0.06,-0.15,-0.22,0.01,-0.45,0.32,9.486,9.633,8.966,8.996,10.5,9.71,11.38,11.28,-0.003,-0.003,-0.004,0.0,0.01,-80.3064036,26.9209493,770.35
9.0,0.3,0.0,0.01,-0.04,-0.08,-0.16,-0.28,0.23,-0.45,0.33,9.506,9.663,8.947,9.015,10.01,9.52,11.48,11.58,-0.003,-0.003,-0.004,0.0,0.01,-80.3064036,26.9209493,770.4
9.0,0.3,0.0,0.01,-0.06,-0.07,0.22,0.33,-0.26,-0.45,0.32,9.496,9.673,8.947,8.976,10.4,9.61,11.67,11.48,-0.003,-0.003,-0.004,0.0,0.01,-80.3064036,26.9209493,770.45
8.9,0.3,0.0,0.01,-0.04,-0.08,0.08,0.02,0.45,-0.46,0.31,9.506,9.663,8.947,8.986,10.3,9.91,11.38,11.28,-0.003,-0.003,-0.004,0.0,0.01,-80.3064036,26.9209493,770.5
8.9,0.4,0.0,0.01,-0.06,-0.07,0.11,0.03,-0.39,-0.47,0.3,9.526,9.663,8.927,9.006,10.4,9.81,11.38,11.67,-0.003,-0.003,-0.004,0.0,0.01,-80.3064036,26.9209493,770.55
8.9,0.4,0.0,0.01,-0.03,-0.09,-0.46,0.38,0.09,-0.44,0.32,9.496,9.663,8.937,8.986,10.59,9.61,11.48,11.38,-0.003,-0.003,-0.004,0.0,0.01,-80.3064036,26.9209493,770.6
9.0,0.3,0.0,0.01,-0.07,-0.06,0.14,-0.4,0.08,-0.47,0.31,9.526,9.643,8.957,9.006,10.3,9.81,11.58,11.18,-0.003,-0.003,-0.004,0.0,0.01,-80.3064036,26.9209493,770.65
9.0,0.3,0.0,0.01,-0.04,-0.08,-0.21,-0.05,-0.27,-0.49,0.29,9.535,9.653,8.957,9.006,10.3,9.81,11.77,11.28,-0.003,-0.003,-0.004,0.0,0.01,-80.3064036,26.9209493,770.7
9.0,0.3,0.0,0.01,-0.06,-0.07,0.3,0.01,-0.12,-0.45,0.32,9.535,9.673,8.947,9.015,10.3,9.81,12.07,11.67,-0.003,-0.003,-0.004,0.0,0.01,-80.3064036,26.9209493,770.75
9.0,0.3,0.0,0.02,-0.04,-0.07,-0.24,-0.01,-0.09,-0.45,0.32,9.506,9.663,8.937,8.996,10.3,9.71,12.16,11.28,-0.003,-0.003,-0.004,0.0,0.01,-80.3064036,26.9209493,770.8
9.0,0.3,0.0,0.02,-0.05,-0.07,0.09,-0.27,0.11,-0.45,0.32,9.516,9.673,8.947,9.015,10.3,9.91,11.77,11.48,-0.003,-0.003,-0.004,0.0,0.01,-80.3064036,26.9209493,770.85
9.0,0.3,0.0,0.02,-0.05,-0.06,0.08,-0.13,0.21,-0.45,0.31,9.496,9.643,8.966,9.006,10.4,9.81,11.48,11.38,-0.003,-0.003,-0.004,0.0,0.01,-80.3064036,26.9209493,770.9
9.0,0.3,0.0,0.02,-0.05,-0.09,0.2,0.3,0.1,-0.44,0.32,9.486,9.624,8.937,8.996,10.59,9.52,11.67,11.38,-0.003,-0.003,-0.004,0.0,0.01,-80.3064036,26.9209493,770.95
9.0,0.3,0.0,0.02,-0.06,-0.08,0.33,0.16,-0.32,-0.46,0.31,9.516,9.653,8.957,8.996,10.3,9.61,11.38,11.28,-0.003,-0.003,-0.004,0.0,0.01,-80.3064036,26.9209493,771.0
9.0,0.3,0.0,0.02,-0.06,-0.07,-0.1,-0.18,-0.44,-0.46,0.3,9.476,9.663,8.937,9.006,10.5,9.81,11.48,11.48,-0.003,-0.003,-0.004,0.0,0.01,-80.3064036,26.9209493,771.05
9.0,0.3,0.0,0.02,-0.04,-0.08,-0.12,-0.0,0.21,-0.47,0.29,9.506,9.643,8.966,9.006,10.2,10.01,11.58,11.28,-0.003,-0.003,-0.004,0.0,0.01,-80.3064036,26.9209493,771.1
9.0,0.3,0.0,0.02,-0.06,-0.07,0.26,-0.1,0.14,-0.45,0.34,9.496,9.653,8.957,9.006,10.5,9.61,11.58,11.09,-0.003,-0.003,-0.004,0.0,0.01,-80.3064036,26.9209493,771.15
9.0,0.3,0.0,0.02,-0.05,-0.09,0.43,0.21,-0.18,-0.46,0.38,9.516,9.663,8.947,9.006,10.3,9.52,11.38,11.58,-0.003,-0.003,-0.004,0.0,0.01,-80.3064036,26.9209493,771.2
9.0,0.3,0.0,0.02,-0.05,-0.07,-0.21,-0.35,0.34,-0.46,0.41,9.496,9.643,8.927,8.976,10.5,9.61,11.58,11.28,-0.003,-0.003,-0.004,0.0,0.01,-80.3064036,26.9209493,771.25
8.9,0.4,0.0,0.02,-0.06,-0.06,0.01,-0.08,-0.1,-0.45,0.33,9.506,9.653,8.937,8.986,10.4,9.71,11.38,11.28,-0.003,-0.003,-0.004,0.0,0.01,-80.3064036,26.9209493,771.3
9.0,0.3,0.0,0.02,-0.04,-0.07,0.12,-0.28,0.21,-0.45,0.32,9.506,9.682,8.947,9.025,10.3,9.61,11.77,11.48,-0.003,-0.003,-0.004,0.0,0.01,-80.3064036,26.9209493,771.35
9.0,0.3,0.0,0.02,-0.06,-0.05,-0.11,-0.1,-0.03,-0.46,0.32,9.516,9.673,8.937,9.006,10.3,9.61,11.77,11.28,-0.003,-0.003,-0.004,0.0,0.01,-80.3064036,26.9209493,771.4
9.0,0.3,0.0,0.02,-0.03,-0.1,-0.39,0.16,-0.29,-0.45,0.32,9.516,9.643,8.957,8.996,10.1,9.81,11.77,11.18,-0.003,-0.003,-0.004,0.0,0.01,-80.3064036,26.9209493,771.45
9.0,0.3,0.0,0.02,-0.05,-0.04,-0.28,-0.3,0.12,-0.44,0.31,9.476,9.653,8.957,9.035,10.4,9.71,11.77,11.38,-0.003,-0.003,-0.004,0.0,0.01,-80.3064035,26.9209493,771.5
9.0,0.3,0.0,0.02,-0.05,-0.07,-0.1,-0.13,0.05,-0.44,0.29,9.496,9.673,8.966,9.015,10.1,9.81,11.77,11.28,-0.003,-0.003,-0.004,0.0,0.01,-80.3064035,26.9209493,771.55
9.0,0.3,0.0,0.02,-0.04,-0.08,-0.0,0.02,-0.36,-0.45,0.31,9.506,9.663,8.957,9.006,10.2,9.61,11.58,11.09,-0.003,-0.003,-0.004,0.0,0.01,-80.3064035,26.9209493,771.6
8.9,0.4,0.0,0.02,-0.05,-0.07,0.16,0.09,0.23,-0.45,0.32,9.496,9.663,8.927,9.006,10.3,9.61,11.87,11.38,-0.003,-0.003,-0.004,0.0,0.01,-80.3064035,26.9209493,771.65
9.0,0.3,0.0,0.02,-0.04,-0.07,-0.17,-0.08,0.1,-0.45,0.31,9.496,9.643,8.947,8.986,10.79,9.81,12.07,10.99,-0.003,-0.003,-0.004,0.0,0.01,-80.3064035,26.9209493,771.7
9.0,0.3,0.0,0.02,-0.05,-0.07,-0.13,0.11,0.05,-0.46,0.31,9.486,9.663,8.957,9.006,10.3,9.61,11.58,11.28,-0.003,-0.003,-0.004,0.0,0.01,-80.3064035,26.9209493,771.75
9.0,0.3,0.0,0.02,-0.05,-0.07,-0.1,0.07,-0.02,-0.46,0.3,9.496,9.663,8.947,9.006,10.4,9.61,11.58,11.38,-0.003,-0.003,-0.004,0.0,0.01,-80.3064035,26.9209493,771.8
9.0,0.3,0.0,0.02,-0.06,-0.09,0.11,0.32,-0.14,-0.45,0.32,9.506,9.633,8.976,9.045,10.2,9.71,11.77,11.28,-0.003,-0.003,-0.004,0.0,0.01,-80.3064035,26.9209493,771.85
9.0,0.3,0.0,0.03,-0.06,-0.08,-0.22,0.19,-0.28,-0.45,0.31,9.496,9.653,8.957,9.025,10.4,9.81,11.58,11.18,-0.003,-0.003,-0.004,0.0,0.01,-80.3064035,26.9209493,771.9
9.0,0.3,0.0,0.01,-0.05,-0.08,-0.01,0.26,0.04,-0.45,0.32,9.486,9.653,8.947,9.015,10.5,9.71,11.67,11.28,-0.003,-0.003,-0.004,0.0,0.01,-80.3064035,26.9209493,771.95
9.0,0.3,0.0,0.01,-0.06,-0.08,0.05,-0.15,-0.19,-0.45,0.31,9.516,9.653,8.947,9.006,10.5,9.71,11.38,11.48,-0.003,-0.003,-0.004,0.0,0.01,-80.3064035,26.9209493,772.0
9.0,0.3,0.0,0.0,-0.05,-0.08,0.16,-0.07,-0.14,-0.45,0.31,9.496,9.673,8.957,9.025,10.2,9.81,11.67,11.38,-0.003,-0.003,-0.004,0.0,0.01,-80.3064035,26.9209493,772.05
9.0,0.3,0.0,0.0,-0.05,-0.09,0.1,-0.12,-0.01,-0.44,0.3,9.496,9.653,8.966,9.035,10.4,9.91,11.77,11.28,-0.003,-0.003,-0.004,0.0,0.01,-80.3064035,26.9209493,772.1
9.0,0.3,0.0,0.0,-0.09,-0.01,0.13,-0.14,0.37,-0.45,0.31,9.496,9.673,8.957,9.035,10.5,9.71,11.87,11.09,-0.003,-0.003,-0.004,0.0,0.01,-80.3064035,26.9209493,772.15
9.0,0.3,0.0,0.0,-0.05,-0.09,0.17,0.1,-0.08,-0.46,0.31,9.486,9.653,8.957,9.006,10.4,9.81,11.77,11.28,-0.003,-0.003,-0.004,0.0,0.01,-80.3064035,26.9209493,772.2
9.0,0.3,0.0,0.0,-0.06,-0.06,-0.04,0.2,0.41,-0.44,0.32,9.496,9.663,8.966,9.025,10.3,9.42,11.87,11.58,-0.003,-0.003,-0.004,0.0,0.01,-80.3064035,26.9209493,772.25
9.0,0.3,0.0,0.0,-0.03,-0.08,-0.23,-0.06,0.48,-0.44,0.31,9.496,9.653,8.957,8.996,10.4,9.91,11.58,11.28,-0.003,-0.003,-0.004,0.0,0.01,-80.3064035,26.9209493,772.3
9.0,0.3,0.0,0.0,-0.04,-0.07,-0.04,-0.29,0.01,-0.45,0.31,9.496,9.663,8.947,9.006,10.3,9.81,11.77,11.28,-0.003,-0.003,-0.004,0.0,0.01,-80.3064035,26.9209493,772.35
9.0,0.3,0.0,0.0,-0.06,-0.07,-0.0,0.18,0.26,-0.44,0.31,9.506,9.663,8.966,9.006,10.5,9.61,11.87,11.18,-0.003,-0.003,-0.004,0.0,0.01,-80.3064035,26.9209493,772.4
9.0,0.3,0.0,0.01,-0.05,-0.07,-0.0,0.1,-0.11,-0.44,0.31,9.506,9.663,8.937,9.006,10.5,9.71,11.87,11.28,-0.003,-0.003,-0.004,0.0,0.01,-80.3064035,26.9209493,772.45
9.0,0.3,0.0,0.01,-0.05,-0.09,0.13,0.14,-0.21,-0.43,0.3,9.506,9.643,8.957,9.006,10.5,9.81,11.67,11.58,-0.003,-0.003,-0.004,0.0,0.01,-80.3064035,26.9209493,772.5
9.0,0.3,0.0,0.01,-0.04,-0.08,-0.35,-0.12,0.29,-0.45,0.31,9.496,9.653,8.937,9.015,10.3,9.71,11.67,11.28,-0.003,-0.003,-0.004,0.0,0.01,-80.3064035,26.9209493,772.55
9.0,0.3,0.0,-0.01,-0.06,-0.06,0.01,-0.33,-0.2,-0.44,0.31,9.526,9.663,8.957,9.025,10.4,9.71,11.67,11.38,-0.003,-0.003,-0.004,0.0,0.0,-80.3064035,26.9209493,772.6
9.0,0.3,0.0,-0.01,-0.04,-0.08,-0.24,-0.34,0.04,-0.45,0.31,9.496,9.653,8.947,9.006,10.3,9.52,11.48,10.99,-0.003,-0.003,-0.004,0.0,0.0,-80.3064035,26.9209493,772.65
9.0,0.4,0.0,-0.01,-0.05,-0.06,-0.18,-0.06,0.03,-0.44,0.29,9.486,9.643,8.937,8.996,10.5,9.81,11.58,11.38,-0.003,-0.003,-0.004,0.0,0.0,-80.3064035,26.9209493,772.7
8.9,0.4,0.0,-0.01,-0.06,-0.07,0.4,-0.17,-0.06,-0.44,0.27,9.526,9.653,8.927,9.006,10.2,9.81,11.67,11.58,-0.003,-0.003,-0.004,0.0,0.01,-80.3064035,26.9209493,772.75
8.9,0.4,0.0,-0.01,-0.05,-0.08,-0.08,-0.1,0.05,-0.43,0.25,9.486,9.682,8.947,9.006,10.69,9.52,11.77,11.58,-0.003,-0.003,-0.004,0.0,0.01,-80.3064035,26.9209494,772.8
9.0,0.4,0.0,-0.01,-0.05,-0.06,-0.47,0.06,0.19,-0.43,0.23,9.496,9.663,8.937,9.006,10.5,9.81,11.28,11.48,-0.003,-0.003,-0.004,0.0,0.01,-80.3064035,26.9209494,772.85
8.9,0.4,0.0,-0.01,-0.04,-0.08,0.13,0.32,0.39,-0.44,0.31,9.506,9.663,8.947,9.006,10.2,9.81,11.58,11.38,-0.003,-0.003,-0.004,0.0,0.01,-80.3064035,26.9209494,772.9
8.9,0.4,0.0,-0.01,-0.05,-0.07,-0.03,-0.01,0.32,-0.43,0.33,9.506,9.653,8.937,8.996,10.1,9.71,11.67,11.09,-0.003,-0.003,-0.004,0.0,0.01,-80.3064035,26.9209494,772.95
9.0,0.3,0.0,-0.01,-0.03,-0.07,-0.46,-0.23,0.1,-0.45,0.32,9.506,9.653,8.937,9.015,10.2,9.61,11.97,11.38,-0.003,-0.003,-0.004,0.0,0.01,-80.3064035,26.9209494,773.0
9.0,0.4,0.0,-0.01,-0.04,-0.08,-0.04,-0.28,0.18,-0.45,0.33,9.486,9.653,8.966,9.025,10.4,9.61,11.58,11.09,-0.003,-0.003,-0.004,0.0,0.01,-80.3064035,26.9209494,773.05
9.0,0.4,0.0,-0.01,-0.05,-0.07,-0.14,0.04,0.47,-0.45,0.32,9.516,9.682,8.947,9.006,10.2,9.81,11.67,11.38,-0.003,-0.003,-0.004,0.0,0.01,-80.3064035,26.9209494,773.1
9.0,0.4,0.0,-0.01,-0.05,-0.08,-0.03,0.25,0.11,-0.45,0.31,9.506,9.643,8.927,8.996,10.3,9.81,11.58,11.38,-0.003,-0.003,-0.004,0.0,0.01,-80.3064035,26.9209494,773.15
9.0,0.4,0.0,-0.01,-0.06,-0.07,0.14,-0.04,-0.01,-0.44,0.31,9.496,9.624,8.976,9.035,10.1,9.81,11.58,11.48,-0.003,-0.003,-0.004,0.0,0.01,-80.3064035,26.9209494,773.2
9.0,0.4,0.0,-0.01,-0.05,-0.08,-0.13,0.31,0.09,-0.43,0.31,9.486,9.663,8.966,9.006,10.4,9.71,11.58,11.38,-0.003,-0.003,-0.004,0.0,0.01,-80.3064035,26.9209494,773.25
9.0,0.4,0.0,-0.01,-0.05,-0.06,-0.34,-0.14,0.01,-0.44,0.31,9.516,9.653,8.947,9.025,10.3,9.61,11.87,11.28,-0.003,-0.003,-0.004,0.0,0.01,-80.3064035,26.9209494,773.3
9.2,0.3,0.0,-0.01,-0.05,-0.08,0.06,0.04,-0.35,-0.43,0.3,9.496,9.624,9.025,9.094,10.2,9.42,11.77,11.38,-0.003,-0.003,-0.004,0.0,0.01,-80.3064035,26.9209495,773.35
9.2,0.3,0.0,-0.01,-0.05,-0.07,0.06,-0.61,-0.13,-0.44,0.31,9.516,9.663,9.055,9.094,10.3,9.52,11.77,11.28,-0.003,-0.003,-0.004,0.0,0.01,-80.3064035,26.9209495,773.4
9.0,0.4,0.0,-0.01,-0.04,-0.07,-0.17,0.13,0.11,-0.43,0.32,9.506,9.653,8.917,9.045,10.5,9.71,11.77,11.28,-0.003,-0.003,-0.004,0.0,0.01,-80.3064035,26.9209495,773.45
9.0,0.4,0.0,-0.01,-0.05,-0.08,0.1,0.01,-0.28,-0.43,0.33,9.496,9.653,8.957,9.015,10.4,9.61,11.77,11.28,-0.003,-0.003,-0.004,0.0,0.01,-80.3064035,26.9209495,773.5
9.0,0.4,0.0,-0.01,-0.05,-0.07,-0.22,-0.01,-0.23,-0.43,0.36,9.516,9.663,8.966,8.996,10.4,9.71,11.48,10.99,-0.003,-0.003,-0.004,0.0,0.01,-80.3064035,26.9209495,773.55
9.0,0.4,0.0,-0.01,-0.05,-0.07,-0.09,0.09,-0.35,-0.43,0.3,9.516,9.653,8.976,9.015,10.2,9.61,11.77,11.18,-0.003,-0.003,-0.004,0.0,0.01,-80.3064035,26.9209495,773.6
9.0,0.4,0.0,-0.01,-0.05,-0.07,0.11,-0.08,0.11,-0.44,0.3,9.506,9.653,8.966,9.015,10.2,9.71,11.28,11.58,-0.003,-0.003,-0.004,0.0,0.01,-80.3064035,26.9209495,773.65
9.0,0.4,0.0,-0.01,-0.06,-0.08,0.05,0.03,-0.02,-0.43,0.31,9.496,9.663,8.957,9.006,10.4,9.71,11.58,11.38,-0.003,-0.003,-0.004,0.0,0.01,-80.3064035,26.9209495,773.7
9.0,0.4,0.0,-0.01,-0.05,-0.08,0.11,-0.27,0.21,-0.43,0.31,9.486,9.663,8.937,9.025,10.3,9.71,11.28,11.28,-0.003,-0.003,-0.004,0.0,0.01,-80.3064035,26.9209495,773.75
8.9,0.4,0.0,-0.01,-0.06,-0.06,-0.1,-0.02,-0.03,-0.43,0.31,9.506,9.663,8.937,8.986,10.2,9.81,11.77,11.28,-0.003,-0.003,-0.004,0.0,-0.0,-80.3064035,26.9209495,773.8
9.0,0.4,0.0,-0.01,-0.04,-0.09,-0.09,-0.14,0.16,-0.43,0.31,9.506,9.653,8.947,9.035,10.5,9.91,11.58,11.38,-0.003,-0.003,-0.004,0.0,-0.0,-80.3064034,26.9209495,773.85
9.0,0.4,0.0,-0.01,-0.05,-0.07,0.01,-0.27,-0.19,-0.44,0.31,9.496,9.673,8.937,9.015,10.5,9.81,11.77,11.28,-0.003,-0.003,-0.004,0.0,-0.0,-80.3064034,26.9209496,773.9
8.9,0.4,0.0,-0.01,-0.06,-0.08,0.02,0.03,-0.52,-0.43,0.3,9.516,9.673,8.927,8.996,10.3,9.71,11.77,11.09,-0.003,-0.003,-0.004,0.0,-0.0,-80.3064034,26.9209496,773.95
8.9,0.4,0.0,-0.01,-0.06,-0.08,-0.12,-0.03,-0.13,-0.43,0.3,9.496,9.653,8.947,9.006,10.1,9.71,11.87,11.28,-0.003,-0.003,-0.004,0.0,-0.0,-80.3064034,26.9209496,774.0
8.9,0.4,0.0,-0.01,-0.05,-0.07,-0.41,0.17,-0.28,-0.43,0.32,9.516,9.653,8.947,9.015,10.3,9.91,11.58,11.38,-0.003,-0.003,-0.004,0.0,-0.01,-80.3064034,26.9209496,774.05
9.3,0.3,0.0,-0.01,-0.06,-0.08,0.04,0.14,-0.05,-0.43,0.32,9.486,9.653,9.055,9.113,10.4,9.81,11.48,11.38,-0.003,-0.003,-0.004,0.0,-0.0,-80.3064034,26.9209496,774.1
8.9,0.4,0.0,-0.01,-0.04,-0.07,-0.17,0.19,-0.21,-0.42,0.31,9.506,9.633,8.957,9.006,10.5,9.61,11.58,10.99,-0.003,-0.003,-0.004,0.0,-0.01,-80.3064034,26.9209496,774.15
8.9,0.4,0.0,-0.01,-0.05,-0.07,-0.15,0.22,0.1,-0.44,0.32,9.526,9.682,8.927,8.986,10.1,9.71,11.58,11.28,-0.003,-0.003,-0.004,0.0,-0.01,-80.3064034,26.9209496,774.2
9.0,0.4,0.0,-0.02,-0.05,-0.07,0.16,-0.15,0.02,-0.44,0.31,9.496,9.653,8.937,8.996,10.2,9.71,11.87,11.58,-0.003,-0.003,-0.004,0.0,-0.0,-80.3064034,26.9209496,774.25
8.9,0.4,0.0,-0.01,-0.06,-0.08,0.14,0.07,-0.16,-0.43,0.3,9.496,9.624,8.947,8.996,10.4,9.71,11.67,11.48,-0.003,-0.003,-0.004,0.0,-0.0,-80.3064034,26.9209496,774.3
9.0,0.4,0.0,-0.01,-0.06,-0.08,0.03,-0.19,-0.03,-0.43,0.31,9.496,9.663,8.947,9.006,10.5,9.91,11.58,11.09,-0.003,-0.003,-0.004,0.0,-0.01,-80.3064034,26.9209496,774.35
8.9,0.4,0.0,-0.01,-0.06,-0.07,-0.0,-0.3,-0.33,-0.43,0.31,9.526,9.653,8.947,8.986,10.5,9.91,11.67,11.18,-0.003,-0.003,-0.004,0.0,-0.01,-80.3064034,26.9209496,774.4
9.0,0.4,0.0,-0.02,-0.05,-0.07,0.17,-0.09,0.06,-0.43,0.31,9.506,9.663,8.947,9.006,10.4,9.52,11.77,11.38,-0.003,-0.003,-0.004,0.0,-0.01,-80.3064034,26.9209496,774.45
9.0,0.4,0.0,-0.02,-0.05,-0.07,0.04,0.01,-0.12,-0.42,0.31,9.526,9.643,8.957,8.996,10.4,9.81,11.77,11.09,-0.003,-0.003,-0.004,0.0,-0.01,-80.3064034,26.9209497,774.5
9.0,0.4,0.0,-0.01,-0.06,-0.07,0.13,0.03,-0.13,-0.43,0.32,9.496,9.653,8.937,9.006,10.4,9.61,11.67,11.58,-0.003,-0.003,-0.004,0.0,-0.01,-80.3064034,26.9209497,774.55
9.0,0.4,0.0,-0.02,-0.05,-0.09,0.16,-0.17,0.11,-0.42,0.31,9.516,9.643,8.937,9.015,10.4,9.81,11.87,11.09,-0.003,-0.003,-0.004,0.0,-0.01,-80.3064034,26.9209497,774.6
9.0,0.4,0.0,-0.01,-0.05,-0.07,-0.53,0.03,0.06,-0.43,0.31,9.467,9.663,8.927,9.006,10.59,9.71,11.58,11.38,-0.003,-0.003,-0.004,0.0,-0.01,-80.3064034,26.9209497,774.65
9.0,0.4,0.0,-0.02,-0.06,-0.08,-0.02,0.01,0.14,-0.43,0.31,9.526,9.653,8.957,9.015,10.4,9.71,11.48,11.38,-0.003,-0.003,-0.004,0.0,-0.01,-80.3064034,26.9209497,774.7
8.9,0.4,0.0,-0.02,-0.06,-0.06,0.08,-0.08,0.01,-0.44,0.31,9.506,9.673,8.947,9.006,10.3,9.71,11.67,11.48,-0.003,-0.003,-0.004,0.0,-0.01,-80.3064034,26.9209497,774.75
8.9,0.4,0.0,-0.02,-0.04,-0.08,-0.22,0.13,0.02,-0.42,0.31,9.516,9.653,8.937,8.996,10.5,9.71,11.58,11.28,-0.003,-0.003,-0.004,0.0,-0.01,-80.3064034,26.9209497,774.8
8.9,0.4,0.0,-0.02,-0.05,-0.07,0.15,0.1,-0.02,-0.43,0.31,9.496,9.682,8.937,8.996,10.5,9.81,11.58,11.38,-0.003,-0.003,-0.004,0.0,-0.01,-80.3064034,26.9209497,774.85
8.9,0.4,0.0,-0.02,-0.06,-0.08,0.03,-0.01,-0.26,-0.43,0.32,9.496,9.653,8.937,8.986,10.4,9.91,12.16,11.67,-0.003,-0.003,-0.004,0.0,-0.01,-80.3064034,26.9209497,774.9
9.0,0.4,0.0,-0.02,-0.05,-0.07,-0.3,-0.01,-0.4,-0.43,0.31,9.506,9.633,8.937,9.025,10.3,9.71,11.48,11.18,-0.003,-0.003,-0.004,0.0,-0.01,-80.3064034,26.9209497,774.95
9.0,0.4,0.0,-0.02,-0.05,-0.08,0.02,0.3,-0.32,-0.43,0.31,9.516,9.653,8.937,8.996,10.3,9.71,11.77,11.28,-0.003,-0.003,-0.004,0.0,-0.01,-80.3064034,26.9209497,775.0
9.0,0.4,0.0,-0.02,-0.04,-0.07,-0.11,0.11,0.42,-0.43,0.31,9.496,9.643,8.976,9.006,10.3,9.71,11.87,11.28,-0.003,-0.003,-0.004,0.0,-0.01,-80.3064034,26.9209497,775.05
8.9,0.4,0.0,-0.02,-0.05,-0.08,0.29,-0.07,0.14,-0.43,0.31,9.506,9.663,8.957,9.015,10.59,9.71,11.58,11.38,-0.003,-0.003,-0.004,0.0,-0.01,-80.3064034,26.9209497,775.1
8.9,0.4,0.0,-0.02,-0.05,-0.06,-0.07,-0.05,0.11,-0.43,0.3,9.526,9.653,8.927,8.986,10.3,9.52,11.87,11.48,-0.003,-0.003,-0.004,0.0,-0.01,-80.3064034,26.9209497,775.15
9.0,0.4,0.0,-0.02,-0.06,-0.08,0.27,0.01,-0.04,-0.43,0.32,9.506,9.663,8.927,9.035,10.5,9.61,11.67,11.38,-0.003,-0.003,-0.004,0.0,-0.01,-80.3064034,26.9209497,775.2
9.0,0.4,0.0,-0.02,-0.05,-0.08,-0.1,0.13,0.32,-0.43,0.31,9.486,9.663,8.927,8.996,10.3,9.71,11.87,11.28,-0.003,-0.003,-0.004,0.0,-0.01,-80.3064034,26.9209497,775.25
8.9,0.4,0.0,-0.02,-0.06,-0.07,0.17,-0.23,0.05,-0.44,0.29,9.506,9.653,8.947,8.976,10.3,9.81,11.97,11.48,-0.003,-0.003,-0.004,0.0,-0.01,-80.3064034,26.9209497,775.3
8.9,0.4,0.0,-0.02,-0.06,-0.06,-0.24,-0.07,-0.1,-0.44,0.27,9.496,9.653,8.966,8.976,10.3,9.71,11.77,11.28,-0.003,-0.003,-0.004,0.0,-0.01,-80.3064034,26.9209497,775.35
9.0,0.4,0.0,-0.02,-0.04,-0.08,-0.16,-0.01,-0.28,-0.43,0.3,9.486,9.663,8.957,9.006,10.59,9.61,11.77,11.38,-0.003,-0.003,-0.004,0.0,-0.01,-80.3064034,26.9209497,775.4
8.9,0.4,0.0,-0.02,-0.05,-0.06,-0.1,-0.01,0.03,-0.44,0.29,9.506,9.663,8.927,9.006,10.4,9.81,11.77,11.28,-0.003,-0.003,-0.004,0.0,-0.01,-80.3064034,26.9209497,775.45
9.0,0.4,0.0,-0.02,-0.06,-0.08,0.07,-0.29,0.05,-0.43,0.31,9.506,9.633,8.937,9.006,10.59,9.71,11.77,11.28,-0.003,-0.003,-0.004,0.0,-0.01,-80.3064034,26.9209498,775.5
9.0,0.4,0.0,-0.02,-0.05,-0.09,0.19,0.32,-0.34,-0.42,0.3,9.496,9.663,8.937,8.996,10.3,10.01,11.67,11.48,-0.003,-0.003,-0.004,0.0,-0.01,-80.3064034,26.9209498,775.55
9.0,0.4,0.0,-0.02,-0.05,-0.08,-0.07,-0.18,0.22,-0.44,0.31,9.506,9.663,8.957,9.015,10.59,9.91,11.48,11.28,-0.003,-0.003,-0.004,0.0,-0.01,-80.3064034,26.9209498,775.6
9.0,0.4,0.0,-0.02,-0.06,-0.07,0.18,-0.05,0.17,-0.45,0.31,9.506,9.633,8.947,9.006,10.69,9.91,11.87,11.38,-0.003,-0.003,-0.004,0.0,-0.01,-80.3064034,26.9209498,775.65
9.0,0.4,0.0,-0.02,-0.04,-0.08,-0.25,-0.37,-0.25,-0.46,0.31,9.516,9.653,8.957,9.006,10.5,9.71,11.87,11.18,-0.003,-0.003,-0.004,0.0,-0.01,-80.3064034,26.9209498,775.7
9.0,0.4,0.0,-0.02,-0.07,-0.06,-0.15,0.17,-0.53,-0.43,0.3,9.506,9.663,8.966,8.996,10.2,9.61,11.58,11.18,-0.003,-0.003,-0.004,0.0,-0.01,-80.3064034,26.9209498,775.75
8.9,0.4,0.0,-0.02,-0.04,-0.07,-0.05,-0.14,-0.14,-0.44,0.31,9.516,9.663,8.927,9.015,10.3,9.71,11.58,11.28,-0.003,-0.003,-0.004,0.0,-0.01,-80.3064034,26.9209498,775.8
9.0,0.4,0.0,-0.02,-0.06,-0.09,0.08,0.5,-0.26,-0.42,0.31,9.496,9.663,8.957,9.025,10.5,9.61,11.77,11.38,-0.003,-0.003,-0.004,0.0,-0.01,-80.3064034,26.9209498,775.85
9.0,0.4,0.0,-0.02,-0.06,-0.08,0.39,0.42,-0.34,-0.42,0.32,9.486,9.653,8.947,9.015,10.3,9.71,11.58,11.38,-0.003,-0.003,-0.004,0.0,-0.01,-80.3064034,26.9209498,775.9
8.9,0.4,0.0,-0.02,-0.06,-0.09,0.28,-0.16,-0.08,-0.41,0.35,9.506,9.663,8.937,8.937,10.3,9.81,11.67,11.38,-0.003,-0.003,-0.004,0.0,-0.01,-80.3064034,26.9209498,775.95
9.0,0.4,0.0,-0.02,-0.07,-0.06,-0.15,0.22,0.09,-0.39,0.37,9.496,9.653,8.957,9.045,10.3,9.61,11.38,11.38,-0.003,-0.003,-0.004,0.0,-0.01,-80.3064034,26.9209498,776.0
9.0,0.4,0.0,-0.02,-0.05,-0.09,0.01,0.12,-0.21,-0.38,0.39,9.486,9.653,8.927,8.996,10.59,9.71,11.77,10.99,-0.003,-0.003,-0.004,0.0,-0.01,-80.3064034,26.9209498,776.05
9.0,0.4,0.0,-0.02,-0.07,-0.06,0.06,0.04,0.15,-0.36,0.41,9.486,9.653,8.937,9.006,10.4,9.81,11.58,11.38,-0.003,-0.003,-0.004,0.0,-0.01,-80.3064034,26.9209498,776.1
8.9,0.4,0.0,-0.02,-0.04,-0.09,0.02,0.32,0.15,-0.35,0.44,9.496,9.663,8.957,9.006,10.4,9.52,11.58,11.09,-0.003,-0.003,-0.004,0.0,-0.01,-80.3064034,26.9209498,776.15
8.9,0.4,0.0,-0.02,-0.05,-0.07,-0.02,0.14,0.04,-0.33,0.46,9.496,9.663,8.917,9.006,10.3,9.61,11.87,11.58,-0.003,-0.003,-0.004,0.0,-0.01,-80.3064034,26.9209498,776.2
8.9,0.4,0.0,-0.02,-0.06,-0.07,0.14,-0.22,-0.48,-0.32,0.48,9.496,9.663,8.947,8.996,10.5,9.61,11.77,11.09,-0.003,-0.003,-0.004,0.0,-0.01,-80.3064034,26.9209498,776.25
9.0,0.4,0.0,-0.02,-0.06,-0.06,0.35,0.0,0.2,-0.3,0.5,9.506,9.663,8.937,8.986,10.2,10.01,11.87,11.58,-0.003,-0.003,-0.004,0.0,-0.01,-80.3064034,26.9209498,776.3
9.0,0.4,0.0,-0.02,-0.04,-0.08,-0.1,0.04,0.02,-0.28,0.53,9.496,9.653,8.957,9.015,10.5,9.91,11.58,11.18,-0.003,-0.003,-0.004,0.0,-0.01,-80.3064034,26.9209498,776.35
9.0,0.4,0.0,-0.02,-0.06,-0.08,-0.09,0.11,-0.24,-0.27,0.55,9.506,9.633,8.937,9.006,10.5,9.61,11.58,11.38,-0.003,-0.003,-0.004,0.0,-0.01,-80.3064034,26.9209498,776.4
8.9,0.4,0.0,-0.02,-0.06,-0.06,0.11,-0.13,-0.16,-0.25,0.57,9.486,9.663,8.917,9.006,10.3,9.71,11.77,11.58,-0.003,-0.003,-0.004,0.0,-0.01,-80.3064034,26.9209498,776.45
8.9,0.4,0.0,-0.02,-0.06,-0.07,0.06,0.04,0.21,-0.24,0.6,9.506,9.673,8.937,8.996,10.4,9.91,11.67,11.38,-0.003,-0.003,-0.004,0.0,-0.01,-80.3064034,26.9209498,776.5
8.9,0.4,0.0,-0.02,-0.06,-0.08,0.26,-0.0,-0.08,-0.22,0.62,9.486,9.673,8.937,8.986,10.5,9.81,11.77,10.89,-0.003,-0.003,-0.004,0.0,-0.01,-80.3064034,26.9209498,776.55
9.0,0.4,0.0,-0.02,-0.05,-0.07,0.03,0.32,-0.0,-0.21,0.64,9.496,9.682,8.947,9.015,10.4,9.91,11.58,11.38,-0.003,-0.003,-0.004,0.0,-0.01,-80.3064034,26.9209498,776.6
9.0,0.4,0.0,-0.02,-0.05,-0.08,0.07,0.14,-0.29,-0.19,0.66,9.496,9.663,8.947,8.996,10.2,9.91,11.67,11.09,-0.003,-0.003,-0.004,0.0,-0.01,-80.3064034,26.9209498,776.65
8.9,0.4,0.0,-0.02,-0.05,-0.06,-0.18,-0.28,-0.17,-0.18,0.69,9.516,9.653,8.966,9.025,10.4,9.52,11.87,11.28,-0.003,-0.003,-0.004,0.0,-0.01,-80.3064034,26.9209498,776.7
9.0,0.4,0.0,-0.02,-0.04,-0.08,-0.08,-0.05,0.07,-0.16,0.71,9.535,9.643,8.947,9.015,10.2,10.01,11.67,11.58,-0.003,-0.003,-0.004,0.0,-0.01,-80.3064034,26.9209498,776.75
8.9,0.4,0.0,-0.02,-0.05,-0.08,-0.15,0.18,0.08,-0.14,0.73,9.506,9.643,8.907,8.986,10.2,9.81,11.77,11.28,-0.003,-0.003,-0.004,0.0,-0.01,-80.3064034,26.9209498,776.8
9.0,0.4,0.0,-0.02,-0.05,-0.08,-0.06,0.22,-0.08,-0.13,0.75,9.476,9.633,8.957,9.015,10.01,9.81,11.48,11.58,-0.003,-0.003,-0.004,0.0,-0.01,-80.3064034,26.9209498,776.85
9.1,0.3,0.0,-0.02,-0.06,-0.07,0.04,0.02,0.09,-0.11,0.78,9.516,9.673,9.015,9.084,10.2,9.52,11.87,11.18,-0.003,-0.003,-0.004,0.0,-0.01,-80.3064034,26.9209498,776.9
9.0,0.4,0.0,-0.02,-0.04,-0.09,0.08,0.32,0.19,-0.1,0.8,9.506,9.663,8.937,9.006,10.3,9.71,11.28,11.48,-0.003,-0.003,-0.004,0.0,-0.01,-80.3064034,26.9209498,776.95
8.9,0.4,0.0,-0.03,-0.07,-0.07,0.1,0.06,0.08,-0.08,0.82,9.496,9.663,8.898,8.996,10.4,9.91,11.58,11.38,-0.003,-0.003,-0.004,0.0,-0.01,-80.3064034,26.9209498,777.0
9.0,0.4,0.0,-0.0,-0.04,-0.08,-0.1,-0.0,0.2,-0.07,0.85,9.496,9.653,8.957,8.996,10.5,9.91,11.77,11.38,-0.003,-0.003,-0.004,0.0,-0.01,-80.3064034,26.9209498,777.05
9.3,0.3,0.0,-0.01,-0.04,-0.07,-0.15,-0.06,-0.24,-0.43,0.31,9.506,9.663,9.045,9.113,10.4,9.61,11.58,10.79,-0.003,-0.003,-0.004,0.0,-0.01,-80.3064034,26.9209498,777.1
9.0,0.4,0.0,-0.01,-0.06,-0.07,-0.08,0.3,-0.1,-0.43,0.31,9.506,9.653,8.947,9.025,10.4,9.81,11.58,11.28,-0.003,-0.003,-0.004,0.0,-0.0,-80.3064034,26.9209498,777.15
9.0,0.4,0.0,-0.01,-0.04,-0.08,-0.4,0.29,-0.58,-0.43,0.31,9.496,9.633,8.927,9.015,10.4,9.71,11.67,11.28,-0.003,-0.003,-0.004,0.0,-0.0,-80.3064034,26.9209499,777.2
9.0,0.4,0.0,-0.01,-0.07,-0.08,0.15,0.13,-0.09,-0.43,0.3,9.496,9.663,8.907,9.015,10.3,9.91,11.67,11.28,-0.003,-0.003,-0.004,0.0,-0.0,-80.3064034,26.9209499,777.25
9.0,0.4,0.0,-0.01,-0.04,-0.08,0.26,-0.03,0.28,-0.43,0.32,9.506,9.653,8.937,9.006,10.4,10.01,11.77,11.09,-0.003,-0.003,-0.004,0.0,-0.0,-80.3064034,26.9209499,777.3
9.0,0.4,0.0,-0.01,-0.05,-0.08,-0.24,-0.12,-0.03,-0.43,0.31,9.516,9.663,8.917,8.996,10.1,9.61,11.58,11.28,-0.003,-0.003,-0.004,0.0,-0.0,-80.3064034,26.9209499,777.35
9.0,0.4,0.0,-0.01,-0.06,-0.07,0.12,0.14,-0.28,-0.44,0.31,9.486,9.653,8.937,9.015,10.4,9.91,11.77,11.18,-0.003,-0.003,-0.004,0.0,-0.0,-80.3064034,26.9209499,777.4
9.0,0.4,0.0,-0.01,-0.05,-0.07,0.01,-0.22,0.25,-0.43,0.31,9.506,9.663,8.937,8.996,10.5,9.52,11.58,11.28,-0.003,-0.003,-0.004,0.0,-0.0,-80.3064034,26.9209499,777.45
9.0,0.4,0.0,-0.01,-0.06,-0.07,-0.03,0.2,-0.41,-0.43,0.31,9.506,9.673,8.957,9.015,10.4,9.52,11.77,11.28,-0.003,-0.003,-0.004,0.0,-0.0,-80.3064034,26.9209499,777.5
9.0,0.4,0.0,-0.01,-0.05,-0.09,-0.04,0.18,-0.41,-0.43,0.31,9.516,9.653,8.957,8.996,10.5,9.71,11.58,10.89,-0.003,-0.003,-0.004,0.0,-0.0,-80.3064034,26.9209499,777.55
9.0,0.4,0.0,-0.01,-0.05,-0.06,-0.3,-0.23,-0.24,-0.43,0.31,9.516,9.653,8.947,9.015,10.1,9.81,11.48,11.38,-0.003,-0.003,-0.004,0.0,-0.0,-80.3064034,26.9209499,777.6
9.0,0.4,0.0,-0.01,-0.04,-0.08,0.19,-0.3,0.08,-0.43,0.31,9.496,9.673,8.966,9.015,10.4,9.91,11.67,11.18,-0.003,-0.003,-0.004,0.0,-0.0,-80.3064034,26.9209499,777.65
9.0,0.4,0.0,-0.0,-0.04,-0.07,-0.49,0.13,0.14,-0.43,0.31,9.516,9.663,8.976,9.025,10.3,9.61,11.48,11.18,-0.003,-0.003,-0.004,0.0,-0.01,-80.3064034,26.9209499,777.7
9.0,0.4,0.0,-0.01,-0.05,-0.07,0.04,0.03,0.26,-0.43,0.32,9.516,9.663,8.957,9.015,10.3,9.71,11.77,11.28,-0.003,-0.003,-0.004,0.0,-0.0,-80.3064034,26.9209499,777.75
8.9,0.4,0.0,-0.01,-0.05,-0.06,-0.04,-0.14,0.01,-0.43,0.31,9.506,9.643,8.937,9.006,10.3,9.91,11.77,11.38,-0.003,-0.003,-0.004,0.0,-0.0,-80.3064034,26.9209499,777.8
9.0,0.4,0.0,-0.01,-0.05,-0.08,-0.01,0.04,-0.35,-0.43,0.31,9.496,9.673,8.957,9.015,10.3,9.61,11.67,11.28,-0.003,-0.003,-0.004,0.0,-0.0,-80.3064034,26.9209499,777.85
9.0,0.4,0.0,-0.0,-0.05,-0.07,-0.39,-0.05,0.12,-0.44,0.32,9.526,9.663,8.957,9.015,10.4,9.71,11.58,11.28,-0.003,-0.003,-0.004,0.0,-0.01,-80.3064034,26.9209499,777.9
9.0,0.4,0.0,-0.0,-0.03,-0.1,-0.02,0.18,0.12,-0.43,0.31,9.486,9.653,8.937,9.015,10.2,9.71,11.77,11.18,-0.003,-0.003,-0.004,0.0,-0.01,-80.3064034,26.9209499,777.95
9.0,0.4,0.0,-0.0,-0.07,-0.06,-0.04,0.12,-0.4,-0.43,0.32,9.496,9.673,8.957,9.035,10.59,9.71,11.58,11.18,-0.003,-0.003,-0.004,0.0,-0.01,-80.3064034,26.9209499,778.0
9.0,0.4,0.0,-0.0,-0.04,-0.08,-0.34,0.09,0.14,-0.44,0.31,9.506,9.643,8.937,9.015,10.3,9.81,11.77,11.28,-0.003,-0.003,-0.004,0.0,-0.01,-80.3064034,26.9209499,778.05
9.0,0.4,0.0,-0.0,-0.05,-0.08,0.08,-0.04,0.43,-0.44,0.32,9.526,9.663,8.976,9.025,10.2,9.61,11.77,11.38,-0.003,-0.003,-0.004,0.0,-0.01,-80.3064034,26.9209499,778.1
9.0,0.4,0.0,-0.0,-0.05,-0.08,-0.24,0.01,-0.04,-0.44,0.31,9.496,9.653,8.937,9.006,10.3,9.61,11.67,11.09,-0.003,-0.003,-0.004,0.0,-0.01,-80.3064034,26.9209499,778.15
9.0,0.4,0.0,-0.0,-0.05,-0.08,-0.23,0.15,-0.06,-0.44,0.32,9.476,9.663,8.937,9.015,10.2,9.91,11.77,11.48,-0.003,-0.003,-0.004,0.0,-0.01,-80.3064034,26.9209499,778.2
9.0,0.4,0.0,0.0,-0.05,-0.08,0.07,0.4,0.22,-0.43,0.32,9.486,9.673,8.966,9.006,10.4,9.71,11.67,11.58,-0.003,-0.003,-0.004,0.0,-0.01,-80.3064034,26.9209499,778.25
9.0,0.4,0.0,0.0,-0.06,-0.07,-0.03,-0.29,-0.26,-0.44,0.32,9.496,9.663,8.947,9.006,10.5,9.71,11.77,11.28,-0.003,-0.003,-0.004,0.0,-0.01,-80.3064034,26.9209499,778.3
9.0,0.4,0.0,0.0,-0.05,-0.07,-0.16,-0.27,-0.3,-0.44,0.33,9.506,9.673,8.937,9.015,10.4,9.71,11.58,11.48,-0.003,-0.003,-0.004,0.0,-0.01,-80.3064034,26.9209499,778.35
9.0,0.4,0.0,0.0,-0.05,-0.07,-0.03,0.13,0.07,-0.44,0.34,9.516,9.663,8.966,9.025,10.3,9.52,11.67,11.09,-0.003,-0.003,-0.004,0.0,-0.01,-80.3064034,26.9209499,778.4
9.0,0.4,0.0,0.0,-0.05,-0.08,-0.03,-0.16,-0.15,-0.44,0.31,9.506,9.653,8.966,9.015,10.3,9.81,11.77,11.09,-0.003,-0.003,-0.004,0.0,-0.01,-80.3064034,26.9209499,778.45
9.0,0.4,0.0,0.01,-0.04,-0.07,-0.44,-0.09,0.12,-0.44,0.33,9.526,9.682,8.957,9.006,10.2,9.91,11.58,11.18,-0.003,-0.003,-0.004,0.0,-0.01,-80.3064034,26.9209499,778.5
9.0,0.4,0.0,-0.01,-0.06,-0.07,0.0,-0.25,-0.2,-0.44,0.34,9.467,9.653,8.947,9.006,10.4,9.71,11.38,11.28,-0.003,-0.003,-0.004,0.0,-0.0,-80.3064034,26.9209499,778.55
9.0,0.4,0.0,-0.01,-0.05,-0.08,0.04,0.11,0.17,-0.44,0.32,9.506,9.643,8.927,9.015,10.5,9.61,11.87,11.38,-0.003,-0.003,-0.004,0.0,-0.01,-80.3064034,26.9209498,778.6
9.0,0.4,0.0,-0.0,-0.04,-0.07,-0.3,0.04,0.29,-0.44,0.32,9.496,9.653,8.957,9.015,10.4,9.61,11.58,11.09,-0.003,-0.003,-0.004,0.0,-0.01,-80.3064034,26.9209498,778.65
9.0,0.4,0.0,-0.01,-0.06,-0.07,0.47,-0.25,-0.23,-0.44,0.32,9.496,9.663,8.957,9.015,10.2,9.81,11.77,11.09,-0.003,-0.003,-0.004,0.0,-0.0,-80.3064034,26.9209498,778.7
9.0,0.4,0.0,-0.01,-0.05,-0.09,0.15,-0.11,-0.39,-0.46,0.31,9.496,9.643,8.966,9.025,10.3,9.71,11.58,11.28,-0.003,-0.003,-0.004,0.0,-0.0,-80.3064034,26.9209498,778.75
8.9,0.4,0.0,-0.01,-0.06,-0.06,0.11,0.1,0.01,-0.47,0.3,9.506,9.663,8.966,9.006,10.3,9.81,11.67,10.89,-0.003,-0.003,-0.004,0.0,-0.0,-80.3064034,26.9209498,778.8
9.0,0.4,0.0,-0.01,-0.05,-0.08,0.06,0.04,-0.19,-0.43,0.33,9.506,9.673,8.976,9.035,10.69,9.52,11.58,11.18,-0.003,-0.003,-0.004,0.0,-0.0,-80.3064034,26.9209498,778.85
9.0,0.4,0.0,-0.01,-0.05,-0.08,0.17,-0.06,0.55,-0.44,0.32,9.467,9.663,8.947,9.006,10.2,9.81,11.67,11.28,-0.003,-0.003,-0.004,0.0,-0.0,-80.3064034,26.9209498,778.9
9.0,0.4,0.0,-0.01,-0.06,-0.07,0.22,0.18,-0.22,-0.45,0.35,9.486,9.653,8.957,9.015,10.3,9.71,11.48,10.99,-0.003,-0.003,-0.004,0.0,-0.0,-80.3064034,26.9209498,778.95
9.0,0.4,0.0,-0.01,-0.04,-0.06,0.07,-0.15,0.18,-0.44,0.34,9.496,9.653,8.947,9.015,10.3,9.71,11.58,11.09,-0.003,-0.003,-0.004,0.0,-0.01,-80.3064034,26.9209498,779.0
9.0,0.4,0.0,-0.01,-0.04,-0.08,-0.06,0.2,-0.14,-0.44,0.34,9.506,9.682,8.966,9.006,10.59,9.71,11.38,11.28,-0.003,-0.003,-0.004,0.0,-0.01,-80.3064034,26.9209498,779.05
9.0,0.4,0.0,-0.01,-0.04,-0.08,-0.15,-0.07,-0.26,-0.45,0.37,9.506,9.653,8.957,8.996,10.5,9.81,11.77,11.28,-0.003,-0.003,-0.004,0.0,-0.01,-80.3064034,26.9209498,779.1
9.0,0.4,0.0,-0.01,-0.07,-0.06,0.14,0.34,-0.08,-0.45,0.39,9.476,9.702,8.937,8.986,10.3,9.61,11.77,11.09,-0.003,-0.003,-0.004,0.0,-0.01,-80.3064034,26.9209498,779.15
9.0,0.4,0.0,-0.01,-0.03,-0.08,-0.18,-0.24,0.16,-0.44,0.32,9.496,9.663,8.957,9.006,10.4,9.52,11.87,11.09,-0.003,-0.003,-0.004,0.0,-0.01,-80.3064034,26.9209498,779.2
9.0,0.4,0.0,-0.01,-0.07,-0.07,0.22,-0.2,-0.26,-0.44,0.32,9.496,9.653,8.937,8.996,10.3,9.52,11.28,11.18,-0.003,-0.003,-0.004,0.0,-0.01,-80.3064034,26.9209498,779.25
9.0,0.4,0.0,-0.01,-0.04,-0.08,0.1,0.17,0.12,-0.43,0.33,9.506,9.663,8.957,8.996,10.2,9.81,11.67,11.09,-0.003,-0.003,-0.004,0.0,-0.01,-80.3064034,26.9209498,779.3
9.0,0.4,0.0,-0.01,-0.06,-0.07,0.1,-0.03,-0.41,-0.42,0.34,9.506,9.682,8.957,9.025,10.2,9.81,11.77,11.38,-0.003,-0.003,-0.004,0.0,-0.01,-80.3064034,26.9209498,779.35
9.0,0.4,0.0,-0.01,-0.04,-0.07,-0.17,-0.0,-0.05,-0.46,0.32,9.506,9.663,9.006,9.035,10.3,10.01,11.67,11.09,-0.003,-0.003,-0.004,0.0,-0.01,-80.3064034,26.9209498,779.4
9.0,0.4,0.0,-0.01,-0.05,-0.08,0.08,0.22,-0.1,-0.44,0.32,9.506,9.663,8.976,9.035,10.4,9.81,11.58,11.38,-0.003,-0.003,-0.004,0.0,-0.01,-80.3064034,26.9209498,779.45
9.0,0.4,0.0,-0.01,-0.05,-0.07,0.29,0.05,0.43,-0.43,0.32,9.476,9.692,8.976,9.015,10.2,9.81,11.58,11.38,-0.003,-0.003,-0.004,0.0,-0.01,-80.3064034,26.9209498,779.5
9.0,0.4,0.0,-0.01,-0.04,-0.08,-0.44,0.12,-0.39,-0.44,0.32,9.496,9.663,8.947,9.015,10.4,9.71,11.58,11.28,-0.003,-0.003,-0.004,0.0,-0.01,-80.3064034,26.9209498,779.55
9.0,0.4,0.0,-0.01,-0.06,-0.07,0.04,0.24,-0.05,-0.44,0.32,9.476,9.682,8.937,9.015,10.3,9.81,11.77,11.28,-0.003,-0.003,-0.004,0.0,-0.01,-80.3064035,26.9209498,779.6
9.0,0.4,0.0,-0.01,-0.05,-0.08,0.02,0.19,-0.08,-0.45,0.32,9.476,9.633,8.947,9.006,10.3,9.81,11.58,11.28,-0.003,-0.003,-0.004,0.0,-0.01,-80.3064035,26.9209498,779.65
9.0,0.4,0.0,-0.01,-0.06,-0.07,0.16,0.16,0.07,-0.44,0.32,9.467,9.663,8.957,9.045,10.2,9.71,11.58,11.58,-0.003,-0.003,-0.004,0.0,-0.01,-80.3064035,26.9209498,779.7
9.0,0.4,0.0,-0.01,-0.06,-0.08,-0.13,-0.0,-0.03,-0.46,0.34,9.506,9.663,8.947,9.015,10.1,9.61,11.58,11.28,-0.003,-0.003,-0.004,0.0,-0.01,-80.3064035,26.9209498,779.75
8.9,0.4,0.0,-0.01,-0.04,-0.07,-0.2,-0.09,0.15,-0.45,0.32,9.506,9.653,8.947,9.015,10.3,9.71,11.67,11.28,-0.003,-0.003,-0.004,0.0,-0.01,-80.3064035,26.9209498,779.8
9.0,0.4,0.0,-0.01,-0.06,-0.08,0.08,0.3,-0.02,-0.44,0.32,9.496,9.682,8.947,9.006,10.2,9.81,11.77,11.28,-0.003,-0.003,-0.004,0.0,-0.01,-80.3064035,26.9209498,779.85
9.0,0.4,0.0,-0.0,-0.04,-0.09,0.04,0.38,0.02,-0.44,0.32,9.506,9.663,8.957,9.025,10.3,9.71,11.38,11.38,-0.003,-0.003,-0.004,0.0,0.0,-80.3064035,26.9209498,779.9
9.0,0.4,0.0,-0.0,-0.07,-0.07,-0.09,0.13,-0.41,-0.44,0.32,9.496,9.643,8.947,9.015,10.5,9.81,11.77,10.99,-0.003,-0.003,-0.004,0.0,0.0,-80.3064035,26.9209498,779.95
9.0,0.4,0.0,0.0,-0.06,-0.06,-0.15,0.14,-0.1,-0.46,0.33,9.496,9.653,8.957,9.035,10.4,9.52,11.97,11.28,-0.003,-0.003,-0.004,0.0,0.0,-80.3064035,26.9209498,780.0
9.0,0.4,0.0,0.0,-0.05,-0.09,0.29,-0.23,-0.01,-0.45,0.33,9.496,9.673,8.937,9.006,10.4,9.61,11.67,11.28,-0.003,-0.003,-0.004,0.0,0.0,-80.3064035,26.9209498,780.05
9.0,0.4,0.0,0.0,-0.05,-0.08,-0.07,-0.06,-0.09,-0.45,0.32,9.496,9.653,8.957,9.006,10.2,9.61,11.87,11.28,-0.003,-0.003,-0.004,0.0,0.0,-80.3064035,26.9209498,780.1
9.0,0.4,0.0,-0.0,-0.06,-0.07,0.14,-0.04,-0.13,-0.45,0.32,9.496,9.663,8.927,8.976,10.5,9.81,11.87,11.58,-0.003,-0.003,-0.004,0.0,0.0,-80.3064035,26.9209498,780.15
8.9,0.4,0.0,0.0,-0.05,-0.08,-0.15,0.19,-0.28,-0.45,0.32,9.496,9.673,8.907,8.966,10.2,9.81,11.48,11.38,-0.003,-0.003,-0.004,0.0,-0.0,-80.3064035,26.9209498,780.2
9.0,0.4,0.0,0.0,-0.06,-0.08,-0.12,-0.0,-0.09,-0.45,0.32,9.496,9.643,8.957,8.996,10.5,9.71,11.77,11.38,-0.003,-0.003,-0.004,0.0,-0.0,-80.3064035,26.9209498,780.25
9.0,0.4,0.0,0.0,-0.07,-0.06,0.21,-0.12,-0.13,-0.45,0.34,9.526,9.653,8.927,9.006,10.4,9.52,11.38,11.18,-0.003,-0.003,-0.004,0.0,-0.0,-80.3064035,26.9209498,780.3
9.0,0.4,0.0,0.0,-0.08,-0.04,-0.12,-0.1,0.14,-0.45,0.33,9.506,9.643,8.976,9.015,10.4,9.71,11.48,11.28,-0.003,-0.003,-0.004,0.0,-0.0,-80.3064035,26.9209498,780.35
9.0,0.3,0.0,0.0,-0.04,-0.1,0.02,0.18,0.19,-0.46,0.33,9.476,9.673,8.966,9.015,10.1,9.52,11.38,11.38,-0.003,-0.003,-0.004,0.0,-0.0,-80.3064035,26.9209498,780.4
9.0,0.4,0.0,0.0,-0.06,-0.06,-0.03,-0.09,-0.09,-0.45,0.33,9.526,9.653,8.976,8.996,10.2,9.91,11.58,11.09,-0.003,-0.003,-0.004,0.0,-0.0,-80.3064035,26.9209498,780.45
9.2,0.3,0.0,0.0,-0.05,-0.1,0.04,0.23,-0.11,-0.46,0.33,9.506,9.663,9.015,9.104,10.2,9.81,11.77,11.09,-0.003,-0.003,-0.004,0.0,-0.0,-80.3064035,26.9209498,780.5
9.0,0.4,0.0,0.0,-0.05,-0.07,0.2,0.23,-0.13,-0.44,0.32,9.496,9.653,8.957,9.006,10.4,9.52,11.48,11.58,-0.003,-0.003,-0.004,0.0,-0.0,-80.3064035,26.9209498,780.55
9.0,0.4,0.0,0.0,-0.07,-0.08,0.15,-0.24,-0.43,-0.45,0.32,9.506,9.663,8.966,9.006,10.5,9.61,11.87,10.99,-0.003,-0.003,-0.004,0.0,-0.0,-80.3064035,26.9209498,780.6
9.0,0.4,0.0,0.0,-0.03,-0.07,-0.46,0.01,0.14,-0.45,0.32,9.486,9.663,8.966,9.006,10.5,9.91,11.77,11.38,-0.003,-0.003,-0.004,0.0,-0.01,-80.3064035,26.9209498,780.65
9.0,0.4,0.0,0.0,-0.05,-0.07,0.06,0.09,-0.09,-0.45,0.32,9.486,9.633,8.957,8.986,10.3,9.52,11.97,11.28,-0.003,-0.003,-0.004,0.0,-0.01,-80.3064035,26.9209498,780.7
8.9,0.4,0.0,0.01,-0.04,-0.08,0.02,-0.14,-0.27,-0.45,0.33,9.506,9.663,8.966,8.996,10.4,9.91,11.58,11.28,-0.003,-0.003,-0.004,0.0,-0.01,-80.3064035,26.9209498,780.75
8.9,0.4,0.0,0.0,-0.06,-0.09,0.66,0.35,0.47,-0.45,0.33,9.486,9.673,8.947,8.986,10.3,9.81,11.87,11.48,-0.003,-0.003,-0.004,0.0,-0.0,-80.3064035,26.9209498,780.8
9.0,0.4,0.0,0.01,-0.04,-0.08,-0.18,-0.06,-0.09,-0.45,0.32,9.496,9.633,8.937,9.006,10.3,9.91,11.77,11.48,-0.003,-0.003,-0.004,0.0,-0.01,-80.3064035,26.9209498,780.85
9.0,0.4,0.0,0.01,-0.05,-0.07,0.03,0.0,0.07,-0.46,0.32,9.476,9.653,8.947,9.006,10.4,9.42,11.77,11.28,-0.003,-0.003,-0.004,0.0,-0.01,-80.3064035,26.9209498,780.9
9.0,0.3,0.0,0.01,-0.05,-0.08,0.01,0.03,-0.08,-0.46,0.33,9.506,9.653,8.927,9.015,10.4,9.71,12.07,11.38,-0.003,-0.003,-0.004,0.0,-0.01,-80.3064035,26.9209498,780.95
9.0,0.4,0.0,0.01,-0.05,-0.07,0.24,0.11,0.27,-0.47,0.33,9.496,9.663,8.966,9.006,10.4,9.71,11.77,11.28,-0.003,-0.003,-0.004,0.0,-0.01,-80.3064035,26.9209498,781.0
9.0,0.4,0.0,0.01,-0.04,-0.08,-0.06,0.08,0.35,-0.45,0.33,9.447,9.643,8.957,9.015,10.3,9.81,11.77,11.28,-0.003,-0.003,-0.004,0.0,-0.01,-80.3064035,26.9209498,781.05
9.0,0.4,0.0,0.01,-0.05,-0.08,-0.23,-0.02,-0.47,-0.45,0.32,9.486,9.663,8.957,9.006,10.3,9.61,11.28,10.99,-0.003,-0.003,-0.004,0.0,-0.01,-80.3064035,26.9209498,781.1
9.0,0.4,0.0,0.01,-0.05,-0.07,-0.25,0.22,-0.12,-0.44,0.32,9.526,9.653,8.976,9.025,10.3,9.71,11.58,11.28,-0.003,-0.003,-0.004,0.0,-0.01,-80.3064035,26.9209498,781.15
9.0,0.4,0.0,0.01,-0.06,-0.08,0.18,0.17,-0.11,-0.44,0.33,9.506,9.653,8.976,9.045,10.5,9.52,11.77,11.58,-0.003,-0.003,-0.004,0.0,-0.01,-80.3064035,26.9209498,781.2
8.9,0.4,0.0,0.01,-0.04,-0.07,-0.25,-0.01,-0.06,-0.45,0.33,9.486,9.682,8.917,8.996,10.3,9.81,11.77,11.09,-0.003,-0.003,-0.004,0.0,-0.01,-80.3064035,26.9209498,781.25
8.9,0.4,0.0,0.01,-0.06,-0.08,-0.05,0.12,0.04,-0.46,0.33,9.496,9.653,8.917,8.986,10.2,9.61,11.87,11.28,-0.003,-0.003,-0.004,0.0,-0.01,-80.3064035,26.9209498,781.3
9.0,0.4,0.0,0.01,-0.06,-0.08,0.34,-0.46,0.04,-0.45,0.33,9.516,9.653,8.957,8.996,10.3,9.91,11.58,11.48,-0.003,-0.003,-0.004,0.0,-0.01,-80.3064035,26.9209498,781.35
9.0,0.4,0.0,0.01,-0.05,-0.07,-0.19,-0.07,-0.23,-0.45,0.32,9.526,9.653,8.966,9.025,10.3,9.61,11.67,11.67,-0.003,-0.003,-0.004,0.0,-0.01,-80.3064035,26.9209498,781.4
9.0,0.4,0.0,0.01,-0.05,-0.07,-0.23,-0.29,0.22,-0.45,0.33,9.506,9.633,8.957,9.015,10.3,9.81,11.48,11.28,-0.003,-0.003,-0.004,0.0,-0.01,-80.3064035,26.9209498,781.45
9.0,0.4,0.0,0.01,-0.04,-0.07,-0.31,-0.05,0.12,-0.45,0.33,9.506,9.643,8.947,9.015,10.01,9.61,11.48,11.09,-0.003,-0.003,-0.004,0.0,-0.01,-80.3064035,26.9209498,781.5
9.0,0.4,0.0,0.01,-0.06,-0.08,0.26,-0.09,0.06,-0.45,0.33,9.506,9.663,8.966,9.015,10.01,9.71,11.38,11.38,-0.003,-0.003,-0.004,0.0,-0.01,-80.3064035,26.9209498,781.55
9.0,0.4,0.0,0.01,-0.05,-0.08,-0.15,-0.19,-0.14,-0.45,0.33,9.486,9.682,8.947,9.015,10.4,9.71,11.87,11.18,-0.003,-0.003,-0.004,0.0,-0.01,-80.3064035,26.9209498,781.6
9.0,0.4,0.0,0.01,-0.05,-0.07,-0.14,-0.1,0.05,-0.45,0.33,9.496,9.643,8.957,9.015,10.5,10.01,11.38,11.28,-0.003,-0.003,-0.004,0.0,-0.01,-80.3064035,26.9209498,781.65
9.0,0.4,0.0,0.01,-0.05,-0.08,-0.18,0.15,-0.4,-0.45,0.33,9.506,9.643,8.947,9.035,10.2,9.71,11.48,11.28,-0.003,-0.003,-0.004,0.0,-0.01,-80.3064035,26.9209497,781.7
9.0,0.4,0.0,0.01,-0.06,-0.08,0.13,0.0,-0.39,-0.45,0.33,9.506,9.653,8.937,9.025,10.5,9.71,11.58,11.28,-0.003,-0.003,-0.004,0.0,-0.02,-80.3064035,26.9209497,781.75
8.9,0.4,0.0,0.01,-0.06,-0.07,0.06,-0.1,-0.18,-0.45,0.33,9.496,9.673,8.917,8.976,10.3,9.81,11.77,11.28,-0.003,-0.003,-0.004,0.0,-0.02,-80.3064035,26.9209497,781.8
9.0,0.3,0.0,0.01,-0.05,-0.08,0.22,-0.13,-0.12,-0.45,0.33,9.506,9.653,8.957,9.025,10.5,9.52,11.77,11.09,-0.003,-0.003,-0.004,0.0,-0.01,-80.3064035,26.9209497,781.85
9.0,0.4,0.0,0.01,-0.06,-0.07,0.05,-0.06,-0.35,-0.46,0.33,9.486,9.643,8.976,9.025,10.5,9.71,11.58,11.38,-0.003,-0.003,-0.004,0.0,-0.02,-80.3064035,26.9209497,781.9
9.0,0.4,0.0,0.01,-0.05,-0.08,-0.2,0.42,0.22,-0.45,0.33,9.516,9.663,8.947,8.996,10.5,9.71,11.77,11.28,-0.003,-0.003,-0.004,0.0,-0.02,-80.3064035,26.9209497,781.95
9.0,0.4,0.0,0.01,-0.06,-0.07,-0.04,-0.37,-0.01,-0.45,0.33,9.516,9.682,8.986,9.025,10.5,9.81,11.58,11.28,-0.003,-0.003,-0.004,0.0,-0.02,-80.3064035,26.9209497,782.0
9.0,0.4,0.0,0.01,-0.06,-0.07,-0.07,-0.36,-0.18,-0.45,0.33,9.506,9.653,8.937,9.006,10.4,9.81,11.77,11.38,-0.003,-0.003,-0.004,0.0,-0.02,-80.3064035,26.9209497,782.05
9.0,0.4,0.0,0.01,-0.05,-0.07,-0.26,0.13,0.01,-0.47,0.32,9.486,9.653,8.947,9.006,10.4,9.71,11.38,10.99,-0.003,-0.003,-0.004,0.0,-0.02,-80.3064035,26.9209497,782.1
9.0,0.4,0.0,0.01,-0.06,-0.09,0.23,0.14,0.02,-0.45,0.34,9.496,9.663,8.966,9.015,10.5,9.81,11.77,11.38,-0.003,-0.003,-0.004,0.0,-0.02,-80.3064035,26.9209497,782.15
9.0,0.4,0.0,0.02,-0.05,-0.08,-0.09,0.03,0.18,-0.45,0.34,9.516,9.673,8.976,9.015,10.2,9.71,11.48,11.28,-0.003,-0.003,-0.004,0.0,-0.02,-80.3064035,26.9209497,782.2
9.0,0.4,0.0,0.02,-0.06,-0.09,0.1,0.21,-0.23,-0.44,0.34,9.506,9.653,8.957,9.015,10.1,9.61,11.58,11.28,-0.003,-0.003,-0.004,0.0,-0.02,-80.3064035,26.9209497,782.25
9.0,0.4,0.0,0.02,-0.05,-0.07,-0.01,0.13,0.31,-0.45,0.34,9.496,9.633,8.947,8.996,10.4,9.81,11.58,11.48,-0.003,-0.003,-0.004,0.0,-0.02,-80.3064035,26.9209497,782.3
9.0,0.4,0.0,0.02,-0.04,-0.08,-0.07,0.13,-0.26,-0.45,0.33,9.496,9.663,8.947,8.996,10.3,9.71,11.77,11.28,-0.003,-0.003,-0.004,0.0,-0.02,-80.3064035,26.9209497,782.35
9.0,0.4,0.0,0.02,-0.03,-0.1,0.08,0.24,-0.09,-0.45,0.34,9.516,9.653,8.957,8.996,10.1,9.81,11.77,11.09,-0.003,-0.003,-0.004,0.0,-0.02,-80.3064035,26.9209497,782.4
9.0,0.4,0.0,0.02,-0.05,-0.07,0.13,-0.28,0.27,-0.46,0.34,9.496,9.653,8.957,9.006,10.1,9.91,11.58,11.28,-0.003,-0.003,-0.004,0.0,-0.02,-80.3064035,26.9209497,782.45
9.0,0.4,0.0,0.02,-0.05,-0.09,0.04,-0.04,0.24,-0.46,0.34,9.506,9.663,8.976,9.035,10.2,9.71,11.97,11.28,-0.003,-0.003,-0.004,0.0,-0.02,-80.3064035,26.9209497,782.5
9.0,0.4,0.0,0.02,-0.05,-0.06,-0.03,-0.01,0.36,-0.45,0.34,9.496,9.673,8.898,9.006,10.59,10.01,11.48,11.28,-0.003,-0.003,-0.004,0.0,-0.02,-80.3064035,26.9209497,782.55
9.0,0.4,0.0,0.02,-0.05,-0.07,-0.16,0.22,-0.13,-0.44,0.35,9.506,9.633,8.937,9.035,10.1,9.61,11.58,11.28,-0.003,-0.003,-0.004,0.0,-0.02,-80.3064035,26.9209497,782.6
9.0,0.4,0.0,0.02,-0.06,-0.09,0.22,-0.35,-0.11,-0.42,0.36,9.526,9.663,8.976,9.025,10.4,9.71,11.58,11.38,-0.003,-0.003,-0.004,0.0,-0.02,-80.3064035,26.9209497,782.65
9.0,0.4,0.0,0.02,-0.06,-0.09,0.14,-0.15,-0.02,-0.4,0.38,9.506,9.643,8.957,9.025,10.5,9.81,11.77,11.38,-0.003,-0.003,-0.004,0.0,-0.02,-80.3064035,26.9209497,782.7
9.0,0.4,0.0,0.02,-0.05,-0.09,0.23,0.37,0.11,-0.45,0.34,9.467,9.663,8.966,9.035,10.2,10.01,11.58,11.58,-0.003,-0.003,-0.004,0.0,-0.02,-80.3064036,26.9209497,782.75
8.9,0.4,0.0,0.02,-0.05,-0.05,-0.02,-0.33,0.1,-0.45,0.34,9.496,9.653,8.907,8.996,10.4,9.61,11.58,11.38,-0.003,-0.003,-0.004,0.0,-0.03,-80.3064036,26.9209497,782.8
9.0,0.3,0.0,0.02,-0.05,-0.07,0.04,0.03,0.09,-0.46,0.35,9.496,9.663,8.966,9.015,10.2,9.71,11.67,11.18,-0.003,-0.003,-0.004,0.0,-0.02,-80.3064036,26.9209497,782.85
9.0,0.4,0.0,0.02,-0.06,-0.08,-0.17,-0.12,0.29,-0.48,0.36,9.486,9.633,8.986,9.035,10.5,9.81,11.48,11.28,-0.003,-0.003,-0.004,0.0,-0.03,-80.3064036,26.9209497,782.9
9.0,0.4,0.0,0.02,-0.04,-0.08,0.03,-0.29,-0.02,-0.44,0.34,9.516,9.663,8.976,9.025,10.4,10.01,11.58,11.28,-0.003,-0.003,-0.004,0.0,-0.03,-80.3064036,26.9209497,782.95
8.9,0.4,0.0,0.02,-0.04,-0.07,-0.22,-0.03,0.14,-0.45,0.34,9.506,9.673,8.937,8.996,10.5,9.61,11.38,11.38,-0.003,-0.003,-0.004,0.0,-0.03,-80.3064036,26.9209497,783.0
9.0,0.4,0.0,0.02,-0.05,-0.06,-0.1,0.25,-0.13,-0.45,0.33,9.496,9.682,8.907,8.996,10.2,9.81,11.77,11.38,-0.003,-0.003,-0.004,0.0,-0.03,-80.3064036,26.9209497,783.05
9.0,0.4,0.0,0.02,-0.04,-0.07,-0.01,0.26,-0.07,-0.46,0.35,9.486,9.663,8.957,9.006,10.5,9.71,11.67,10.99,-0.003,-0.003,-0.004,0.0,-0.03,-80.3064036,26.9209497,783.1
9.0,0.4,0.0,0.02,-0.04,-0.1,-0.34,0.38,0.0,-0.45,0.33,9.516,9.663,8.976,9.015,10.3,9.91,11.77,11.38,-0.003,-0.003,-0.004,0.0,-0.03,-80.3064036,26.9209497,783.15
9.0,0.3,0.0,0.02,-0.07,-0.09,0.13,-0.11,-0.02,-0.45,0.35,9.535,9.682,8.957,9.006,10.4,9.91,11.77,11.18,-0.003,-0.003,-0.004,0.0,-0.03,-80.3064036,26.9209497,783.2
9.0,0.4,0.0,0.02,-0.06,-0.1,0.12,0.01,-0.13,-0.45,0.36,9.486,9.653,8.947,8.986,10.2,9.71,11.67,11.28,-0.003,-0.003,-0.004,0.0,-0.03,-80.3064036,26.9209497,783.25
9.0,0.4,0.0,0.02,-0.05,-0.05,-0.07,0.02,-0.28,-0.45,0.33,9.496,9.643,8.937,9.006,10.69,10.01,11.48,11.38,-0.003,-0.003,-0.004,0.0,-0.03,-80.3064036,26.9209497,783.3
9.0,0.4,0.0,0.02,-0.04,-0.06,-0.09,0.13,-0.02,-0.46,0.35,9.506,9.673,8.986,9.035,10.01,9.61,11.77,11.58,-0.003,-0.003,-0.004,0.0,-0.03,-80.3064036,26.9209497,783.35
9.0,0.4,0.0,0.02,-0.05,-0.07,-0.09,0.04,0.14,-0.45,0.34,9.516,9.653,8.937,9.015,10.5,9.81,11.58,11.28,-0.003,-0.003,-0.004,0.0,-0.03,-80.3064036,26.9209497,783.4
8.9,0.4,0.0,0.03,-0.06,-0.08,-0.11,-0.32,-0.19,-0.45,0.33,9.506,9.663,8.957,9.006,10.4,9.42,11.38,11.38,-0.003,-0.003,-0.004,0.0,-0.03,-80.3064036,26.9209497,783.45
9.0,0.4,0.0,0.03,-0.04,-0.09,-0.05,-0.11,-0.12,-0.45,0.36,9.496,9.643,8.947,9.006,10.4,10.01,11.58,11.38,-0.003,-0.003,-0.004,0.0,-0.03,-80.3064036,26.9209497,783.5
9.0,0.3,0.0,0.03,-0.06,-0.07,0.0,-0.02,-0.49,-0.45,0.33,9.506,9.663,8.996,9.035,10.5,9.71,11.38,11.09,-0.003,-0.003,-0.004,0.0,-0.03,-80.3064036,26.9209497,783.55
9.0,0.4,0.0,0.03,-0.06,-0.05,0.15,-0.27,-0.18,-0.45,0.35,9.486,9.663,8.937,9.025,10.01,9.61,11.58,11.28,-0.003,-0.003,-0.004,0.0,-0.03,-80.3064036,26.9209497,783.6
9.0,0.4,0.0,0.01,-0.04,-0.05,-0.04,-0.27,-0.12,-0.45,0.33,9.526,9.633,8.927,9.006,10.5,9.71,11.67,11.18,-0.003,-0.003,-0.004,0.0,0.01,-80.3064036,26.9209497,783.65
9.0,0.3,0.0,0.01,-0.06,-0.08,0.23,-0.22,0.0,-0.45,0.36,9.506,9.673,8.957,9.025,10.2,9.61,11.87,11.38,-0.003,-0.003,-0.004,0.0,0.01,-80.3064036,26.9209497,783.7
9.0,0.4,0.0,0.01,-0.04,-0.07,0.0,-0.22,0.48,-0.45,0.34,9.506,9.643,8.957,8.986,10.1,9.61,11.77,11.28,-0.003,-0.003,-0.004,0.0,0.01,-80.3064036,26.9209497,783.75
9.0,0.4,0.0,0.01,-0.04,-0.1,0.03,-0.02,0.02,-0.45,0.33,9.486,9.663,8.947,9.015,10.4,9.91,11.58,11.28,-0.003,-0.003,-0.004,0.0,0.01,-80.3064036,26.9209497,783.8
9.0,0.4,0.0,-0.0,-0.06,-0.06,0.11,0.2,0.21,-0.45,0.34,9.516,9.633,8.966,9.006,10.59,9.61,11.38,11.38,-0.003,-0.003,-0.004,0.0,0.0,-80.3064036,26.9209497,783.85
9.0,0.4,0.0,0.0,-0.07,-0.05,0.05,-0.22,-0.25,-0.45,0.34,9.506,9.692,8.976,9.006,10.4,9.61,11.58,11.48,-0.003,-0.003,-0.004,0.0,0.01,-80.3064036,26.9209496,783.9
9.0,0.4,0.0,0.01,0.01,-0.14,-0.13,0.11,-0.05,-0.45,0.34,9.506,9.653,8.966,9.015,10.1,9.81,11.77,11.28,-0.003,-0.003,-0.004,0.0,0.01,-80.3064036,26.9209496,783.95
9.0,0.4,0.0,0.01,-0.03,-0.09,-0.25,0.09,0.13,-0.45,0.34,9.506,9.624,8.947,9.006,10.3,9.71,12.07,11.28,-0.003,-0.003,-0.004,0.0,0.01,-80.3064036,26.9209496,784.0
9.2,0.3,0.0,0.01,-0.05,-0.06,-0.23,-0.17,-0.01,-0.46,0.33,9.496,9.653,9.055,9.094,10.3,9.71,11.48,11.09,-0.003,-0.003,-0.004,0.0,0.01,-80.3064036,26.9209496,784.05
9.2,0.3,0.0,0.01,-0.05,-0.08,0.34,0.09,-0.0,-0.45,0.34,9.526,9.702,9.035,9.104,10.3,9.52,11.38,10.99,-0.003,-0.003,-0.004,0.0,0.01,-80.3064036,26.9209496,784.1
9.0,0.4,0.0,0.01,-0.05,-0.06,-0.17,0.03,-0.01,-0.45,0.33,9.496,9.663,8.937,9.006,10.4,9.81,11.67,11.09,-0.003,-0.003,-0.004,0.0,0.01,-80.3064036,26.9209496,784.15
8.9,0.4,0.0,0.01,-0.06,-0.07,-0.3,-0.07,-0.5,-0.45,0.33,9.516,9.643,8.927,8.966,10.4,9.71,11.87,11.28,-0.003,-0.003,-0.004,0.0,0.01,-80.3064036,26.9209496,784.2
9.0,0.3,0.0,0.01,-0.04,-0.07,-0.2,0.21,0.44,-0.46,0.34,9.506,9.653,8.976,9.025,10.4,9.71,11.77,11.38,-0.003,-0.003,-0.004,0.0,0.02,-80.3064036,26.9209496,784.25
8.9,0.4,0.0,0.01,-0.04,-0.1,0.07,0.08,0.27,-0.46,0.34,9.516,9.653,8.966,9.006,10.2,10.01,11.77,10.89,-0.003,-0.003,-0.004,0.0,0.02,-80.3064036,26.9209496,784.3
9.0,0.4,0.0,0.01,-0.06,-0.07,-0.01,-0.06,-0.09,-0.46,0.33,9.496,9.653,8.976,9.015,10.3,9.61,11.58,11.58,-0.003,-0.003,-0.004,0.0,0.02,-80.3064036,26.9209496,784.35
9.0,0.3,0.0,0.01,-0.03,-0.11,0.14,0.01,0.09,-0.47,0.35,9.516,9.682,8.937,9.006,10.5,9.52,11.58,11.28,-0.003,-0.003,-0.004,0.0,0.02,-80.3064036,26.9209496,784.4
8.9,0.4,0.0,0.01,-0.04,-0.1,0.26,0.28,-0.25,-0.46,0.33,9.526,9.663,8.937,9.006,10.3,9.61,11.58,11.38,-0.003,-0.003,-0.004,0.0,0.02,-80.3064036,26.9209496,784.45
9.0,0.4,0.0,0.01,-0.05,-0.06,0.03,-0.06,0.07,-0.46,0.35,9.496,9.643,8.947,9.025,10.5,9.71,11.58,11.28,-0.003,-0.003,-0.004,0.0,0.02,-80.3064036,26.9209496,784.5
9.0,0.4,0.0,0.01,-0.05,-0.07,0.03,0.15,-0.06,-0.47,0.37,9.496,9.673,8.947,9.006,10.2,9.42,11.58,11.58,-0.003,-0.003,-0.004,0.0,0.02,-80.3064036,26.9209496,784.55
9.0,0.4,0.0,0.01,-0.04,-0.1,-0.43,-0.07,0.07,-0.46,0.34,9.506,9.663,8.966,9.006,10.1,9.81,11.87,10.99,-0.003,-0.003,-0.004,0.0,0.02,-80.3064036,26.9209496,784.6
9.0,0.3,0.0,0.01,-0.06,-0.08,0.16,0.06,-0.46,-0.46,0.34,9.486,9.643,8.937,9.025,10.2,9.91,11.77,11.18,-0.003,-0.003,-0.004,0.0,0.02,-80.3064036,26.9209496,784.65
9.0,0.3,0.0,0.01,-0.05,-0.08,0.29,0.24,0.05,-0.46,0.35,9.506,9.663,8.966,9.025,10.59,9.71,11.87,11.28,-0.003,-0.003,-0.004,0.0,0.02,-80.3064036,26.9209496,784.7
9.0,0.4,0.0,0.01,-0.05,-0.05,0.04,-0.12,0.25,-0.45,0.38,9.496,9.653,8.957,9.035,10.2,9.81,11.87,11.18,-0.003,-0.003,-0.004,0.0,0.03,-80.3064036,26.9209496,784.75
8.9,0.4,0.0,0.01,-0.06,-0.09,0.08,0.09,-0.27,-0.45,0.4,9.496,9.673,8.907,8.966,10.5,9.61,11.67,11.18,-0.003,-0.003,-0.004,0.0,0.03,-80.3064036,26.9209496,784.8
9.0,0.4,0.0,0.01,-0.06,-0.09,-0.03,0.07,-0.14,-0.46,0.35,9.506,9.673,8.947,9.006,10.59,9.81,11.77,11.18,-0.003,-0.003,-0.004,0.0,0.03,-80.3064036,26.9209496,784.85
8.9,0.4,0.0,0.01,-0.05,-0.09,-0.02,0.05,0.03,-0.45,0.37,9.516,9.663,8.957,8.996,10.3,9.71,11.77,11.09,-0.003,-0.003,-0.004,0.0,0.03,-80.3064036,26.9209496,784.9
9.0,0.3,0.0,0.01,-0.05,-0.06,-0.09,-0.19,-0.2,-0.46,0.34,9.496,9.663,8.937,8.976,10.4,9.61,11.77,11.48,-0.003,-0.003,-0.004,0.0,0.03,-80.3064036,26.9209496,784.95
9.0,0.3,0.0,0.01,-0.04,-0.06,-0.21,0.14,-0.12,-0.46,0.33,9.506,9.643,8.966,9.035,9.91,9.61,11.67,11.28,-0.003,-0.003,-0.004,0.0,0.03,-80.3064036,26.9209495,785.0
9.0,0.3,0.0,0.01,-0.04,-0.07,-0.14,-0.17,-0.28,-0.46,0.33,9.516,9.692,8.986,9.045,10.3,9.71,11.67,11.09,-0.003,-0.003,-0.004,0.0,0.03,-80.3064036,26.9209495,785.05
9.0,0.3,0.0,0.01,-0.04,-0.09,-0.1,-0.02,-0.03,-0.46,0.34,9.486,9.663,8.976,9.006,10.3,10.01,11.77,11.28,-0.003,-0.003,-0.004,0.0,0.03,-80.3064036,26.9209495,785.1
9.0,0.4,0.0,0.01,-0.08,-0.08,0.27,0.22,-0.44,-0.46,0.33,9.496,9.643,8.937,9.006,10.4,9.71,11.28,11.28,-0.003,-0.003,-0.004,0.0,0.04,-80.3064036,26.9209495,785.15
9.0,0.4,0.0,0.01,-0.04,-0.08,-0.01,0.07,0.39,-0.46,0.35,9.496,9.643,8.966,9.025,10.3,9.71,11.67,11.28,-0.003,-0.003,-0.004,0.0,0.03,-80.3064036,26.9209495,785.2
8.9,0.4,0.0,0.01,-0.07,-0.06,0.24,-0.12,0.23,-0.45,0.37,9.506,9.692,8.937,9.015,10.3,9.71,11.58,11.28,-0.003,-0.003,-0.004,0.0,0.04,-80.3064036,26.9209495,785.25
8.9,0.4,0.0,0.01,-0.06,-0.06,-0.28,0.01,-0.14,-0.45,0.38,9.506,9.663,8.976,9.025,10.3,9.91,11.38,11.28,-0.003,-0.003,-0.004,0.0,0.04,-80.3064036,26.9209495,785.3
8.9,0.4,0.0,0.01,-0.04,-0.08,-0.04,0.26,0.07,-0.47,0.33,9.496,9.663,8.937,8.996,10.3,9.81,11.58,11.38,-0.003,-0.003,-0.004,0.0,0.04,-80.3064036,26.9209495,785.35
8.9,0.4,0.0,0.01,-0.05,-0.09,-0.01,0.12,0.13,-0.47,0.37,9.506,9.663,8.947,9.006,10.3,9.61,11.77,11.28,-0.003,-0.003,-0.004,0.0,0.04,-80.3064036,26.9209495,785.4
9.0,0.4,0.0,0.01,-0.07,-0.07,0.03,-0.02,-0.19,-0.46,0.35,9.506,9.663,8.976,9.035,10.2,9.91,11.87,11.58,-0.003,-0.003,-0.004,0.0,0.04,-80.3064036,26.9209495,785.45
8.9,0.4,0.0,0.0,-0.04,-0.06,0.16,-0.09,0.2,-0.46,0.34,9.496,9.663,8.927,8.976,10.4,9.61,11.77,11.09,-0.003,-0.003,-0.004,0.0,0.01,-80.3064036,26.9209495,785.5
8.9,0.4,0.0,0.01,-0.06,-0.06,-0.04,0.19,-0.46,-0.46,0.33,9.486,9.653,8.957,9.035,10.4,9.81,11.67,11.18,-0.003,-0.003,-0.004,0.0,0.01,-80.3064036,26.9209495,785.55
9.0,0.3,0.0,0.01,-0.05,-0.07,0.16,-0.12,-0.34,-0.47,0.36,9.486,9.663,8.966,9.035,10.4,9.61,11.28,11.28,-0.003,-0.003,-0.004,0.0,0.01,-80.3064036,26.9209495,785.6
8.9,0.4,0.0,0.01,-0.04,-0.09,-0.11,0.01,0.43,-0.46,0.34,9.516,9.663,8.937,8.996,10.2,9.71,11.77,10.99,-0.003,-0.003,-0.004,0.0,0.01,-80.3064036,26.9209495,785.65
8.9,0.4,0.0,0.01,-0.06,-0.08,-0.03,0.16,0.08,-0.46,0.34,9.496,9.663,8.947,9.035,10.4,9.71,11.67,11.28,-0.003,-0.003,-0.004,0.0,0.01,-80.3064036,26.9209495,785.7
8.9,0.4,0.0,0.01,-0.04,-0.06,-0.21,0.16,-0.08,-0.46,0.34,9.496,9.663,8.966,9.006,10.3,9.81,11.87,11.28,-0.003,-0.003,-0.004,0.0,0.01,-80.3064036,26.9209495,785.75
8.9,0.4,0.0,0.01,-0.04,-0.07,-0.05,0.02,-0.32,-0.46,0.33,9.467,9.663,8.937,8.986,10.5,9.71,11.58,11.48,-0.003,-0.003,-0.004,0.0,0.01,-80.3064036,26.9209495,785.8
8.9,0.4,0.0,0.01,-0.06,-0.07,0.1,0.08,-0.18,-0.46,0.35,9.496,9.643,8.966,9.025,10.2,9.71,11.67,11.09,-0.003,-0.003,-0.004,0.0,0.01,-80.3064036,26.9209495,785.85
8.9,0.4,0.0,0.01,-0.05,-0.09,0.01,0.07,0.44,-0.46,0.34,9.516,9.682,8.947,9.015,10.4,9.81,11.58,11.28,-0.003,-0.003,-0.004,0.0,0.01,-80.3064036,26.9209495,785.9
8.9,0.4,0.0,0.01,-0.06,-0.08,-0.04,0.04,0.16,-0.46,0.34,9.496,9.643,8.927,8.976,10.3,9.81,11.38,11.18,-0.003,-0.003,-0.004,0.0,0.01,-80.3064036,26.9209495,785.95
8.9,0.4,0.0,0.01,-0.05,-0.07,-0.11,0.24,-0.09,-0.46,0.35,9.496,9.624,8.966,8.996,10.5,9.61,11.58,11.28,-0.003,-0.003,-0.004,0.0,0.01,-80.3064036,26.9209495,786.0
8.9,0.4,0.0,0.01,-0.04,-0.06,-0.01,-0.05,0.02,-0.46,0.33,9.496,9.663,8.966,9.035,10.89,9.81,11.87,10.99,-0.003,-0.003,-0.004,0.0,0.01,-80.3064035,26.9209495,786.05
8.9,0.3,0.0,0.01,-0.06,-0.06,0.01,-0.12,0.02,-0.46,0.35,9.526,9.663,8.957,9.015,10.5,9.81,11.87,11.09,-0.003,-0.003,-0.004,0.0,0.01,-80.3064035,26.9209495,786.1
8.9,0.4,0.0,0.01,-0.04,-0.1,-0.43,0.12,-0.2,-0.46,0.33,9.496,9.633,8.937,9.006,10.1,9.81,11.77,11.48,-0.003,-0.003,-0.004,0.0,0.01,-80.3064035,26.9209495,786.15
8.9,0.4,0.0,0.01,-0.07,-0.1,0.2,0.21,-0.37,-0.46,0.33,9.516,9.624,8.976,9.015,10.5,9.61,11.38,11.18,-0.003,-0.003,-0.004,0.0,0.01,-80.3064035,26.9209495,786.2
8.9,0.4,0.0,0.01,-0.04,-0.08,-0.05,0.14,-0.08,-0.46,0.36,9.535,9.682,8.947,9.006,10.3,9.71,11.67,11.28,-0.003,-0.003,-0.004,0.0,0.01,-80.3064035,26.9209495,786.25
8.9,0.4,0.0,0.01,-0.05,-0.04,0.14,0.08,-0.21,-0.46,0.33,9.486,9.633,8.917,9.015,10.4,9.42,11.38,10.89,-0.003,-0.003,-0.004,0.0,0.01,-80.3064035,26.9209495,786.3
8.9,0.3,0.0,0.01,-0.04,-0.07,0.07,-0.09,0.04,-0.46,0.34,9.476,9.624,8.947,9.025,10.3,9.71,11.38,11.28,-0.003,-0.003,-0.004,0.0,0.0,-80.3064035,26.9209495,786.35
8.9,0.4,0.0,0.01,-0.07,-0.08,0.31,-0.25,-0.04,-0.46,0.33,9.545,9.712,8.976,9.045,10.3,9.71,11.77,11.28,-0.003,-0.003,-0.004,0.0,0.0,-80.3064035,26.9209495,786.4
8.9,0.4,0.0,0.01,-0.06,-0.09,-0.14,-0.08,-0.23,-0.46,0.33,9.496,9.663,8.907,8.976,10.3,9.61,11.77,11.38,-0.003,-0.003,-0.004,0.0,0.0,-80.3064035,26.9209495,786.45
8.9,0.4,0.0,0.01,-0.1,-0.04,0.12,0.18,-0.23,-0.47,0.32,9.486,9.633,8.966,9.006,10.3,9.61,11.87,11.48,-0.003,-0.003,-0.004,0.0,0.0,-80.3064035,26.9209495,786.5
8.9,0.4,0.0,0.01,-0.03,-0.07,0.25,0.21,0.17,-0.46,0.33,9.516,9.643,8.937,9.006,10.2,9.71,11.77,11.67,-0.003,-0.003,-0.004,0.0,0.0,-80.3064035,26.9209495,786.55
8.9,0.4,0.0,0.01,-0.05,-0.05,-0.07,0.03,0.29,-0.45,0.34,9.506,9.673,8.937,9.006,10.3,9.71,11.38,11.48,-0.003,-0.003,-0.004,0.0,-0.0,-80.3064035,26.9209495,786.6
8.9,0.3,0.0,0.01,-0.07,-0.07,0.17,-0.16,-0.24,-0.44,0.35,9.516,9.643,8.937,9.035,10.5,9.52,11.77,11.77,-0.003,-0.003,-0.004,0.0,0.0,-80.3064035,26.9209495,786.65
8.9,0.4,0.0,0.01,-0.06,-0.08,-0.33,-0.32,-0.07,-0.43,0.36,9.496,9.624,8.937,9.006,10.89,9.81,11.77,11.48,-0.003,-0.003,-0.004,0.0,-0.0,-80.3064035,26.9209495,786.7
8.9,0.3,0.0,0.01,-0.05,-0.11,0.16,-0.04,0.25,-0.42,0.37,9.526,9.682,9.006,9.055,10.1,9.71,11.87,11.38,-0.003,-0.003,-0.004,0.0,-0.0,-80.3064035,26.9209495,786.75
8.7,0.4,0.0,0.01,-0.05,-0.08,0.04,0.02,-0.11,-0.41,0.38,9.506,9.653,8.937,8.976,10.1,9.71,11.38,11.58,-0.003,-0.003,-0.004,0.0,-0.0,-80.3064035,26.9209495,786.8
8.9,0.4,0.0,0.01,-0.04,-0.07,0.18,-0.07,0.18,-0.46,0.33,9.467,9.643,8.937,9.015,10.3,9.81,11.38,11.38,-0.003,-0.003,-0.004,0.0,-0.0,-80.3064034,26.9209496,786.85
8.9,0.3,0.0,0.01,-0.05,-0.03,0.16,-0.27,0.21,-0.46,0.33,9.496,9.643,8.996,9.015,10.3,9.81,11.87,11.09,-0.003,-0.003,-0.004,0.0,-0.0,-80.3064034,26.9209496,786.9
8.9,0.4,0.0,0.01,-0.05,-0.08,-0.09,0.03,0.05,-0.48,0.34,9.555,9.692,8.957,9.015,10.1,9.71,11.38,11.38,-0.003,-0.003,-0.004,0.0,-0.01,-80.3064034,26.9209496,786.95
8.9,0.4,0.0,0.01,-0.06,-0.1,0.11,-0.22,-0.23,-0.49,0.35,9.496,9.643,8.966,9.006,10.4,9.91,11.28,11.58,-0.003,-0.003,-0.004,0.0,-0.01,-80.3064034,26.9209496,787.0
8.9,0.3,0.0,0.01,-0.05,-0.09,0.19,0.0,-0.27,-0.51,0.37,9.476,9.624,8.947,9.006,10.5,9.71,11.58,11.28,-0.003,-0.003,-0.004,0.0,-0.01,-80.3064034,26.9209496,787.05
8.9,0.4,0.0,0.01,-0.03,-0.06,-0.08,-0.02,0.28,-0.46,0.33,9.506,9.643,8.927,8.996,10.3,9.81,11.58,11.38,-0.003,-0.003,-0.004,0.0,-0.01,-80.3064034,26.9209496,787.1
8.9,0.4,0.0,0.02,-0.06,-0.04,-0.09,0.15,0.07,-0.45,0.33,9.506,9.673,8.986,9.045,10.1,9.71,11.58,11.28,-0.003,-0.003,-0.004,0.0,-0.01,-80.3064034,26.9209496,787.15
8.9,0.4,0.0,-0.0,-0.05,-0.05,-0.01,-0.11,0.23,-0.46,0.33,9.476,9.643,8.976,9.045,10.3,9.81,11.58,10.99,-0.003,-0.003,-0.004,0.0,0.01,-80.3064034,26.9209496,787.2
8.9,0.4,0.0,-0.0,-0.04,-0.1,-0.05,-0.12,-0.15,-0.46,0.32,9.486,9.624,8.937,8.986,10.4,9.71,11.67,11.28,-0.003,-0.003,-0.004,0.0,0.01,-80.3064034,26.9209496,787.25
8.9,0.4,0.0,0.01,-0.06,-0.09,-0.28,-0.02,-0.01,-0.47,0.32,9.516,9.673,8.976,9.006,10.4,9.81,11.87,11.28,-0.003,-0.003,-0.004,0.0,0.01,-80.3064034,26.9209496,787.3
8.9,0.4,0.0,0.01,-0.07,-0.1,0.11,0.09,-0.42,-0.46,0.32,9.516,9.692,8.966,9.006,10.3,9.81,11.58,11.28,-0.003,-0.003,-0.004,0.0,0.01,-80.3064034,26.9209496,787.35
8.9,0.4,0.0,0.01,-0.06,-0.07,-0.0,0.03,-0.32,-0.45,0.32,9.496,9.663,8.957,9.045,10.3,9.61,11.58,11.18,-0.003,-0.003,-0.004,0.0,0.01,-80.3064034,26.9209496,787.4
8.9,0.3,0.0,-0.0,-0.04,-0.05,0.09,-0.2,0.02,-0.45,0.33,9.467,9.624,8.957,9.025,10.4,9.81,11.77,11.09,-0.003,-0.003,-0.004,0.0,0.01,-80.3064034,26.9209496,787.45
8.9,0.4,0.0,-0.0,-0.06,-0.07,0.26,0.26,0.01,-0.45,0.33,9.496,9.653,8.957,9.025,10.4,9.81,11.67,11.28,-0.003,-0.003,-0.004,0.0,0.01,-80.3064034,26.9209496,787.5
8.9,0.4,0.0,-0.0,-0.06,-0.1,-0.02,0.05,-0.08,-0.45,0.34,9.526,9.682,8.957,9.006,10.4,9.81,11.58,11.58,-0.003,-0.003,-0.004,0.0,0.02,-80.3064034,26.9209496,787.55
8.9,0.4,0.0,0.0,-0.06,-0.09,0.23,0.13,-0.09,-0.45,0.32,9.467,9.653,8.937,8.986,10.5,9.91,11.87,11.48,-0.003,-0.003,-0.004,0.0,0.02,-80.3064034,26.9209496,787.6
8.7,0.4,0.0,0.0,-0.05,-0.09,0.23,0.43,0.08,-0.45,0.33,9.496,9.624,8.927,9.006,10.1,10.01,11.67,11.28,-0.003,-0.003,-0.004,0.0,0.02,-80.3064034,26.9209496,787.65
8.9,0.3,0.0,0.0,-0.05,-0.06,-0.07,0.11,0.14,-0.45,0.32,9.506,9.663,8.957,9.045,10.4,9.61,11.77,11.38,-0.003,-0.003,-0.004,0.0,0.01,-80.3064034,26.9209496,787.7
8.9,0.4,0.0,-0.0,-0.05,-0.08,-0.3,-0.17,0.0,-0.44,0.32,9.506,9.663,8.966,9.035,10.3,9.91,11.67,11.09,-0.003,-0.003,-0.004,0.0,0.01,-80.3064034,26.9209496,787.75
8.7,0.4,0.0,-0.0,-0.05,-0.06,-0.25,0.12,-0.1,-0.45,0.32,9.516,9.643,8.937,8.976,10.59,9.81,11.67,11.48,-0.003,-0.003,-0.004,0.0,0.01,-80.3064034,26.9209496,787.8
8.9,0.3,0.0,-0.0,-0.04,-0.09,0.37,-0.23,-0.07,-0.45,0.32,9.486,9.653,8.976,9.025,10.59,9.71,11.58,11.28,-0.003,-0.003,-0.004,0.0,0.01,-80.3064033,26.9209496,787.85
8.9,0.4,0.0,-0.01,-0.05,-0.07,-0.09,-0.16,0.04,-0.45,0.32,9.496,9.663,8.937,8.996,10.1,9.71,11.77,11.18,-0.003,-0.003,-0.004,0.0,0.0,-80.3064033,26.9209496,787.9
8.9,0.4,0.0,-0.01,-0.06,-0.07,0.02,0.09,-0.2,-0.45,0.32,9.506,9.643,8.937,8.986,10.2,9.61,11.67,11.09,-0.003,-0.003,-0.004,0.0,0.0,-80.3064033,26.9209496,787.95
8.9,0.4,0.0,-0.01,-0.07,-0.07,0.64,0.07,0.07,-0.45,0.32,9.496,9.633,8.957,9.015,10.69,9.61,11.48,11.09,-0.003,-0.003,-0.004,0.0,0.0,-80.3064033,26.9209497,788.0
8.9,0.4,0.0,-0.01,-0.04,-0.09,0.03,0.08,-0.21,-0.45,0.33,9.516,9.653,8.937,9.006,10.4,9.81,11.58,11.38,-0.003,-0.003,-0.004,0.0,0.0,-80.3064033,26.9209497,788.05
8.9,0.4,0.0,-0.01,-0.06,-0.08,0.21,-0.07,-0.26,-0.45,0.33,9.496,9.663,8.947,8.996,10.4,9.71,11.77,11.28,-0.003,-0.003,-0.004,0.0,0.0,-80.3064033,26.9209497,788.1
8.9,0.4,0.0,-0.01,-0.05,-0.08,-0.42,0.26,0.12,-0.45,0.32,9.496,9.653,8.976,9.015,10.5,9.61,11.38,11.18,-0.003,-0.003,-0.004,0.0,-0.0,-80.3064033,26.9209497,788.15
8.9,0.4,0.0,-0.01,-0.05,-0.07,0.1,0.13,-0.04,-0.45,0.32,9.486,9.653,8.976,9.006,10.4,9.81,11.38,11.28,-0.003,-0.003,-0.004,0.0,-0.0,-80.3064033,26.9209497,788.2
8.9,0.4,0.0,-0.01,-0.05,-0.06,-0.05,0.06,0.12,-0.45,0.32,9.496,9.673,8.937,8.976,10.3,9.52,11.58,10.99,-0.003,-0.003,-0.004,0.0,-0.0,-80.3064033,26.9209497,788.25
8.9,0.4,0.0,-0.01,-0.05,-0.09,-0.07,-0.07,-0.07,-0.44,0.32,9.496,9.663,8.937,8.996,10.2,9.71,11.58,11.38,-0.003,-0.003,-0.004,0.0,-0.0,-80.3064033,26.9209497,788.3
8.9,0.4,0.0,-0.01,-0.05,-0.07,-0.04,-0.08,0.0,-0.43,0.32,9.516,9.643,8.966,9.015,10.3,9.81,11.48,11.28,-0.003,-0.003,-0.004,0.0,-0.01,-80.3064033,26.9209497,788.35
8.9,0.4,0.0,-0.01,-0.03,-0.1,-0.19,0.35,0.34,-0.45,0.32,9.516,9.663,8.966,9.035,10.3,9.52,11.38,11.09,-0.003,-0.003,-0.004,0.0,-0.01,-80.3064033,26.9209497,788.4
8.9,0.4,0.0,-0.01,-0.08,-0.05,0.04,0.02,-0.37,-0.45,0.31,9.496,9.663,8.927,9.015,10.2,9.91,11.77,11.28,-0.003,-0.003,-0.004,0.0,-0.01,-80.3064033,26.9209497,788.45
8.9,0.4,0.0,-0.01,-0.02,-0.14,0.18,0.05,-0.86,-0.44,0.3,9.506,9.673,8.937,8.996,10.1,9.61,11.58,11.38,-0.003,-0.003,-0.004,0.0,-0.01,-80.3064033,26.9209497,788.5
8.9,0.4,0.0,-0.01,-0.02,-0.11,-0.1,0.02,-0.08,-0.44,0.28,9.496,9.653,8.986,9.035,10.3,9.71,11.38,11.28,-0.003,-0.003,-0.004,0.0,-0.01,-80.3064033,26.9209497,788.55
8.9,0.4,0.0,-0.01,-0.05,-0.11,0.36,-0.05,0.43,-0.45,0.32,9.545,9.653,9.006,9.055,10.2,9.71,11.77,11.38,-0.003,-0.003,-0.004,0.0,-0.01,-80.3064033,26.9209497,788.6
8.9,0.4,0.0,-0.01,-0.05,-0.08,-0.13,-0.1,-0.23,-0.46,0.35,9.506,9.663,8.937,9.006,10.1,9.71,11.38,11.38,-0.003,-0.003,-0.004,0.0,-0.01,-80.3064033,26.9209497,788.65
8.7,0.4,0.0,-0.01,-0.05,-0.04,-0.18,-0.2,-0.25,-0.45,0.32,9.467,9.653,8.858,8.986,10.3,9.61,11.58,11.28,-0.003,-0.003,-0.004,0.0,-0.01,-80.3064033,26.9209497,788.7
8.7,0.4,0.0,-0.01,-0.05,-0.06,-0.09,0.18,-0.04,-0.46,0.32,9.506,9.633,8.947,8.996,10.4,9.71,11.58,11.18,-0.003,-0.003,-0.004,0.0,-0.01,-80.3064033,26.9209497,788.75
8.7,0.4,0.0,-0.01,-0.05,-0.09,-0.09,0.13,-0.16,-0.48,0.32,9.526,9.692,8.996,9.035,10.1,9.81,11.58,11.48,-0.003,-0.003,-0.004,0.0,-0.01,-80.3064033,26.9209497,788.8
8.9,0.4,0.0,-0.01,-0.06,-0.1,0.14,-0.41,0.15,-0.5,0.31,9.516,9.663,8.957,9.006,10.59,9.81,11.58,11.18,-0.003,-0.003,-0.004,0.0,-0.01,-80.3064033,26.9209497,788.85
8.9,0.4,0.0,-0.01,-0.05,-0.1,0.07,-0.02,0.11,-0.46,0.32,9.467,9.624,8.907,8.966,10.3,9.71,11.67,11.09,-0.003,-0.003,-0.004,0.0,-0.02,-80.3064033,26.9209497,788.9
8.9,0.4,0.0,-0.01,-0.05,-0.07,0.01,-0.17,-0.28,-0.46,0.32,9.535,9.604,8.986,9.025,10.3,9.52,11.58,11.09,-0.003,-0.003,-0.004,0.0,-0.02,-80.3064033,26.9209498,788.95
8.7,0.4,0.0,-0.01,-0.04,-0.05,-0.12,-0.24,-0.15,-0.45,0.32,9.535,9.682,9.006,9.025,10.5,9.81,11.77,11.38,-0.003,-0.003,-0.004,0.0,-0.02,-80.3064033,26.9209498,789.0
8.7,0.4,0.0,-0.01,-0.07,-0.08,-0.1,-0.23,-0.34,-0.45,0.32,9.506,9.643,8.927,8.966,10.1,9.91,11.77,11.09,-0.003,-0.003,-0.004,0.0,-0.02,-80.3064033,26.9209498,789.05
8.7,0.4,0.0,-0.01,-0.06,-0.09,-0.01,-0.47,-0.07,-0.45,0.33,9.447,9.584,8.937,8.996,10.1,9.61,11.48,11.09,-0.003,-0.003,-0.004,0.0,-0.02,-80.3064033,26.9209498,789.1
8.9,0.4,0.0,-0.01,-0.04,-0.06,-0.04,-0.27,0.18,-0.45,0.33,9.486,9.673,8.976,9.025,10.4,9.91,11.77,11.28,-0.003,-0.003,-0.004,0.0,-0.02,-80.3064033,26.9209498,789.15
8.9,0.3,0.0,-0.01,-0.04,-0.06,0.1,-0.04,0.23,-0.45,0.32,9.526,9.722,8.996,9.055,10.3,9.52,11.67,11.38,-0.003,-0.003,-0.004,0.0,-0.02,-80.3064033,26.9209498,789.2
8.9,0.4,0.0,-0.01,-0.04,-0.07,-0.15,0.04,0.11,-0.45,0.32,9.467,9.633,8.966,9.025,10.4,9.71,11.48,11.09,-0.003,-0.003,-0.004,0.0,-0.02,-80.3064033,26.9209498,789.25
8.7,0.4,0.0,-0.01,-0.07,-0.06,0.19,-0.17,-0.08,-0.45,0.31,9.457,9.643,8.898,8.976,10.59,9.71,11.58,11.28,-0.003,-0.003,-0.004,0.0,-0.02,-80.3064033,26.9209498,789.3
8.9,0.4,0.0,-0.01,-0.02,-0.13,-0.08,0.08,0.09,-0.46,0.31,9.526,9.673,8.976,9.025,10.4,10.01,11.67,11.58,-0.003,-0.003,-0.004,0.0,-0.02,-80.3064033,26.9209498,789.35
8.9,0.4,0.0,-0.01,-0.06,-0.08,0.12,-0.06,-0.17,-0.47,0.32,9.496,9.673,8.986,9.025,10.3,9.81,11.58,11.67,-0.003,-0.003,-0.004,0.0,-0.02,-80.3064033,26.9209498,789.4
8.9,0.4,0.0,-0.01,-0.05,-0.07,0.02,0.06,0.11,-0.45,0.31,9.496,9.624,8.927,9.006,10.2,10.01,11.58,11.38,-0.003,-0.003,-0.004,0.0,-0.03,-80.3064033,26.9209498,789.45
8.9,0.4,0.0,-0.01,-0.04,-0.07,0.12,-0.25,0.06,-0.45,0.32,9.476,9.663,8.947,9.035,10.1,9.81,11.58,11.28,-0.003,-0.003,-0.004,0.0,-0.03,-80.3064033,26.9209498,789.5
8.9,0.4,0.0,-0.01,-0.06,-0.06,-0.15,-0.0,-0.19,-0.47,0.33,9.516,9.673,8.957,9.035,10.4,9.91,11.58,11.09,-0.003,-0.003,-0.004,0.0,-0.03,-80.3064033,26.9209498,789.55
8.9,0.4,0.0,-0.01,-0.07,-0.08,0.41,-0.49,0.02,-0.46,0.33,9.535,9.663,8.986,9.064,10.3,9.71,11.67,11.18,-0.003,-0.003,-0.004,0.0,-0.03,-80.3064032,26.9209498,789.6
8.9,0.3,0.0,-0.01,-0.06,-0.07,-0.09,0.28,0.23,-0.46,0.34,9.516,9.614,8.927,8.966,10.4,9.81,11.58,11.28,-0.003,-0.003,-0.004,0.0,-0.03,-80.3064032,26.9209498,789.65
8.9,0.4,0.0,-0.01,-0.05,-0.1,0.05,0.16,-0.13,-0.44,0.32,9.496,9.643,8.917,9.035,10.3,10.01,11.77,11.58,-0.003,-0.003,-0.004,0.0,-0.03,-80.3064032,26.9209498,789.7
8.7,0.4,0.0,-0.01,-0.04,-0.03,-0.25,0.01,0.24,-0.45,0.32,9.506,9.633,8.966,8.986,10.4,9.71,11.38,11.77,-0.003,-0.003,-0.004,0.0,-0.03,-80.3064032,26.9209498,789.75
8.7,0.4,0.0,-0.01,-0.05,-0.08,0.46,-0.05,0.08,-0.45,0.31,9.526,9.682,8.937,9.006,10.2,9.71,12.07,11.48,-0.003,-0.003,-0.004,0.0,-0.03,-80.3064032,26.9209498,789.8
8.9,0.4,0.0,-0.01,-0.07,-0.09,0.33,-0.13,-0.04,-0.45,0.32,9.535,9.653,8.976,9.006,10.59,9.52,11.38,11.38,-0.003,-0.003,-0.004,0.0,-0.03,-80.3064032,26.9209498,789.85
8.7,0.4,0.0,-0.01,-0.07,-0.12,0.02,0.39,-0.08,-0.45,0.32,9.486,9.614,8.907,8.976,10.3,9.61,11.97,10.99,-0.003,-0.003,-0.004,0.0,-0.04,-80.3064032,26.9209498,789.9
8.7,0.4,0.0,-0.01,-0.05,-0.08,0.05,0.43,-0.18,-0.46,0.31,9.516,9.643,9.006,9.045,10.3,9.61,11.67,11.18,-0.003,-0.003,-0.004,0.0,-0.04,-80.3064032,26.9209498,789.95
8.9,0.4,0.0,-0.01,-0.04,-0.06,0.22,-0.04,-0.01,-0.45,0.31,9.535,9.692,8.957,9.045,10.5,9.81,11.48,11.38,-0.003,-0.003,-0.004,0.0,-0.04,-80.3064032,26.9209498,790.0
8.7,0.4,0.0,-0.01,-0.05,-0.05,-0.0,-0.45,-0.08,-0.47,0.31,9.506,9.624,8.907,8.976,10.3,9.71,11.77,11.18,-0.003,-0.003,-0.004,0.0,-0.04,-80.3064032,26.9209498,790.05
8.9,0.4,0.0,-0.01,-0.05,-0.09,0.13,-0.23,0.23,-0.46,0.29,9.467,9.663,8.947,9.035,10.2,10.01,11.58,11.28,-0.003,-0.003,-0.004,0.0,-0.04,-80.3064032,26.9209498,790.1
8.7,0.4,0.0,-0.01,-0.06,-0.06,-0.28,-0.15,0.16,-0.45,0.31,9.575,9.702,8.966,9.015,10.5,9.81,11.77,11.58,-0.003,-0.003,-0.004,0.0,-0.04,-80.3064032,26.9209498,790.15
8.9,0.4,0.0,-0.01,-0.04,-0.08,0.26,-0.1,0.14,-0.44,0.32,9.555,9.692,8.849,9.015,10.3,9.71,11.67,11.38,-0.003,-0.003,-0.004,0.0,-0.04,-80.3064032,26.9209498,790.2
8.9,0.3,0.0,-0.01,-0.05,-0.14,0.05,-0.21,0.19,-0.44,0.32,9.437,9.369,9.143,9.143,10.3,9.52,11.28,12.46,-0.003,-0.003,-0.004,0.0,-0.04,-80.3064032,26.9209498,790.25
8.7,0.4,0.0,-0.01,-0.03,-0.06,-0.21,-0.17,0.26,-0.45,0.31,9.535,9.476,8.947,8.839,10.3,9.61,11.77,10.99,-0.003,-0.003,-0.004,0.0,-0.04,-80.3064032,26.9209498,790.3
8.7,0.4,0.0,-0.01,-0.03,-0.18,-0.07,0.27,0.03,-0.43,0.3,9.378,9.663,9.006,9.113,10.4,9.61,11.48,11.48,-0.003,-0.003,-0.004,0.0,-0.04,-80.3064032,26.9209498,790.35
8.9,0.4,0.0,-0.01,-0.06,-0.11,0.35,-0.0,-0.31,-0.45,0.31,9.545,9.614,9.153,9.045,10.59,9.61,11.87,11.28,-0.003,-0.003,-0.004,0.0,-0.0,-80.3064032,26.9209498,790.4
8.9,0.4,0.0,-0.01,-0.09,-0.04,0.11,0.2,-0.09,-0.45,0.33,9.398,9.692,8.819,8.917,10.1,9.71,11.09,11.09,-0.003,-0.003,-0.004,0.0,0.01,-80.3064032,26.9209498,790.45
8.7,0.4,0.0,-0.01,-0.07,-0.05,-0.03,-0.07,0.19,-0.44,0.31,9.467,9.761,9.074,9.123,10.1,9.61,11.97,11.48,-0.003,-0.003,-0.004,0.0,0.01,-80.3064032,26.9209498,790.5
8.9,0.4,0.0,-0.01,-0.05,0.0,0.09,-0.2,0.23,-0.45,0.32,9.467,9.624,8.947,8.849,10.3,9.52,11.87,10.99,-0.003,-0.003,-0.004,0.0,0.01,-80.3064032,26.9209498,790.55
8.7,0.4,0.0,-0.0,-0.08,-0.16,-0.15,0.2,-0.22,-0.46,0.34,9.388,9.771,8.976,9.055,10.2,9.91,11.58,11.18,-0.003,-0.003,-0.004,0.0,0.02,-80.3064032,26.9209498,790.6
8.9,0.4,0.0,-0.01,-0.04,-0.08,-0.02,-0.14,0.35,-0.45,0.32,9.526,9.614,9.045,8.996,10.4,10.01,11.58,11.28,-0.003,-0.003,-0.004,0.0,0.02,-80.3064032,26.9209498,790.65
8.9,0.3,0.0,-0.0,-0.06,-0.07,0.07,0.37,0.14,-0.46,0.34,9.476,9.712,8.907,8.966,10.1,9.81,11.58,11.28,-0.003,-0.003,-0.004,0.0,0.02,-80.3064032,26.9209498,790.7
8.9,0.4,0.0,-0.0,-0.07,-0.07,0.04,-0.08,-0.03,-0.44,0.31,9.476,9.663,9.035,9.104,10.5,10.01,11.58,11.58,-0.003,-0.003,-0.004,0.0,0.03,-80.3064032,26.9209498,790.75
8.7,0.4,0.0,-0.0,-0.04,-0.02,0.04,-0.07,-0.05,-0.45,0.31,9.486,9.604,8.937,8.957,10.3,10.01,11.38,11.28,-0.003,-0.003,-0.004,0.0,0.03,-80.3064032,26.9209498,790.8
8.7,0.4,0.0,-0.0,-0.05,-0.11,0.11,0.44,0.08,-0.44,0.32,9.447,9.663,8.907,9.015,10.01,9.91,11.58,10.99,-0.003,-0.003,-0.004,0.0,0.04,-80.3064032,26.9209498,790.85
8.7,0.4,0.0,-0.0,-0.06,-0.11,0.1,0.12,-0.0,-0.46,0.32,9.516,9.663,8.976,8.996,10.3,9.71,11.77,11.38,-0.003,-0.003,-0.004,0.0,0.04,-80.3064032,26.9209498,790.9
8.7,0.4,0.0,-0.0,-0.07,-0.06,0.19,-0.21,-0.29,-0.45,0.31,9.486,9.702,8.957,9.045,10.2,9.81,11.38,11.58,-0.003,-0.003,-0.004,0.0,0.04,-80.3064032,26.9209499,790.95
8.7,0.4,0.0,-0.0,-0.05,-0.06,-0.3,0.02,-0.0,-0.44,0.31,9.486,9.643,9.045,9.133,10.59,9.61,12.16,11.38,-0.003,-0.003,-0.004,0.0,0.04,-80.3064032,26.9209499,791.0
8.7,0.4,0.0,-0.0,-0.04,-0.04,-0.01,0.3,0.11,-0.44,0.31,9.526,9.673,9.006,9.025,10.3,9.52,11.58,10.99,-0.003,-0.003,-0.004,0.0,0.05,-80.3064032,26.9209499,791.05
8.7,0.4,0.0,-0.0,-0.03,-0.1,-0.09,0.07,-0.01,-0.45,0.32,9.565,9.712,8.907,8.947,10.2,9.81,11.58,11.58,-0.003,-0.003,-0.004,0.0,0.05,-80.3064032,26.9209499,791.1
8.7,0.4,0.0,-0.0,-0.05,-0.11,-0.02,0.19,-0.03,-0.44,0.32,9.427,9.614,8.917,9.055,10.3,9.91,11.58,11.28,-0.003,-0.003,-0.004,0.0,0.05,-80.3064032,26.9209499,791.15
8.7,0.4,0.0,-0.0,-0.03,-0.1,-0.02,-0.03,0.14,-0.45,0.32,9.516,9.594,8.947,8.986,10.3,9.61,11.67,11.38,-0.003,-0.003,-0.004,0.0,0.06,-80.3064032,26.9209499,791.2
8.7,0.4,0.0,-0.0,-0.06,-0.09,-0.13,0.04,-0.14,-0.43,0.33,9.535,9.722,8.917,9.064,10.3,9.61,11.38,11.38,-0.003,-0.003,-0.004,0.0,0.06,-80.3064032,26.9209499,791.25
8.7,0.4,0.0,-0.0,-0.06,-0.0,0.09,-0.28,-0.17,-0.41,0.33,9.496,9.643,8.976,9.025,10.4,9.61,11.77,11.18,-0.003,-0.003,-0.004,0.0,0.07,-80.3064032,26.9209499,791.3
8.9,0.4,0.0,-0.0,-0.03,-0.04,-0.38,-0.07,-0.24,-0.45,0.32,9.476,9.673,8.927,9.035,10.1,9.91,11.87,11.28,-0.003,-0.003,-0.004,0.0,0.07,-80.3064032,26.9209499,791.35
8.9,0.4,0.0,-0.0,-0.06,-0.1,0.11,-0.04,0.12,-0.45,0.32,9.496,9.663,8.966,9.006,10.3,10.01,11.67,11.18,-0.003,-0.003,-0.004,0.0,0.07,-80.3064032,26.9209499,791.4
8.7,0.4,0.0,-0.0,-0.05,-0.11,-0.09,0.05,-0.26,-0.44,0.32,9.535,9.663,8.976,9.025,10.5,9.91,11.48,11.28,-0.003,-0.003,-0.004,0.0,0.08,-80.3064032,26.9209499,791.45
8.7,0.4,0.0,-0.0,-0.03,-0.1,-0.3,0.08,0.06,-0.44,0.33,9.496,9.633,8.947,8.996,10.5,9.81,11.67,11.38,-0.003,-0.003,-0.004,0.0,0.08,-80.3064032,26.9209499,791.5
8.9,0.4,0.0,-0.0,-0.06,-0.05,-0.03,0.13,0.19,-0.42,0.33,9.467,9.643,8.937,9.025,10.3,9.71,11.67,11.48,-0.003,-0.003,-0.004,0.0,0.08,-80.3064032,26.9209499,791.55
8.9,0.3,0.0,-0.0,-0.03,-0.05,-0.2,-0.1,0.05,-0.44,0.32,9.516,9.663,8.986,9.045,10.2,9.52,11.48,11.28,-0.003,-0.003,-0.004,0.0,0.09,-80.3064032,26.9209499,791.6
8.9,0.4,0.0,0.0,-0.04,-0.04,-0.08,-0.3,0.09,-0.45,0.32,9.506,9.673,8.976,9.006,10.2,9.52,11.67,11.09,-0.003,-0.003,-0.004,0.0,0.09,-80.3064032,26.9209499,791.65
8.9,0.3,0.0,0.0,-0.04,-0.09,-0.04,-0.17,-0.07,-0.45,0.32,9.545,9.663,8.819,8.898,10.3,9.61,11.58,11.28,-0.003,-0.003,-0.004,0.0,0.09,-80.3064032,26.9209499,791.7
8.9,0.4,0.0,0.0,-0.07,-0.12,-0.05,-0.13,0.13,-0.44,0.33,9.496,9.643,8.986,9.074,10.3,9.71,11.28,11.28,-0.003,-0.003,-0.004,0.0,0.1,-80.3064032,26.9209499,791.75
8.7,0.4,0.0,-0.0,-0.05,-0.07,0.06,-0.22,0.1,-0.45,0.33,9.496,9.653,8.898,8.957,10.3,9.61,11.58,11.67,-0.003,-0.003,-0.004,0.0,0.0,-80.3064033,26.9209499,791.8
8.9,0.4,0.0,-0.01,-0.05,-0.07,-0.04,-0.01,-0.09,-0.45,0.34,9.457,9.633,8.966,9.015,10.4,9.61,11.77,11.28,-0.003,-0.003,-0.004,0.0,0.01,-80.3064033,26.9209499,791.85
8.7,0.4,0.0,-0.01,-0.06,-0.06,0.28,0.02,0.11,-0.43,0.32,9.496,9.663,8.927,8.996,10.5,9.61,12.07,11.28,-0.003,-0.003,-0.004,0.0,0.01,-80.3064033,26.9209499,791.9
8.7,0.4,0.0,-0.01,-0.02,-0.06,0.07,-0.04,0.43,-0.43,0.33,9.535,9.663,8.927,8.966,10.3,9.71,11.58,10.99,-0.003,-0.003,-0.004,0.0,0.01,-80.3064033,26.9209499,791.95
8.9,0.3,0.0,-0.0,-0.06,-0.11,-0.12,0.31,0.01,-0.43,0.33,9.496,9.673,8.996,9.074,10.2,9.61,11.67,11.58,-0.003,-0.003,-0.004,0.0,0.01,-80.3064033,26.9209499,792.0
8.7,0.4,0.0,-0.0,-0.05,-0.08,0.0,-0.03,-0.26,-0.44,0.32,9.526,9.663,8.937,8.996,10.2,9.71,11.58,11.28,-0.003,-0.003,-0.004,0.0,-0.0,-80.3064033,26.9209499,792.05
8.7,0.4,0.0,-0.0,-0.04,-0.05,0.13,0.06,0.1,-0.44,0.33,9.506,9.643,8.898,8.986,10.5,9.61,11.97,11.58,-0.003,-0.003,-0.004,0.0,-0.0,-80.3064033,26.9209499,792.1
8.7,0.4,0.0,-0.0,-0.07,-0.06,0.23,-0.4,-0.11,-0.44,0.32,9.486,9.604,8.937,9.006,10.2,9.81,11.48,11.38,-0.003,-0.003,-0.004,0.0,-0.0,-80.3064033,26.9209499,792.15
8.9,0.3,0.0,-0.0,-0.05,-0.07,0.09,-0.14,-0.06,-0.44,0.32,9.496,9.682,8.917,8.957,10.3,9.61,11.58,10.99,-0.003,-0.003,-0.004,0.0,-0.01,-80.3064033,26.9209499,792.2
8.7,0.4,0.0,-0.0,-0.06,-0.12,0.4,0.25,-0.36,-0.43,0.32,9.457,9.614,9.015,9.074,10.5,9.71,11.58,11.58,-0.003,-0.003,-0.004,0.0,-0.01,-80.3064033,26.9209499,792.25
8.7,0.4,0.0,-0.0,-0.04,-0.07,0.05,-0.29,0.19,-0.44,0.33,9.516,9.663,8.907,8.947,10.2,9.42,11.87,11.09,-0.003,-0.003,-0.004,0.0,-0.01,-80.3064033,26.9209499,792.3
8.7,0.4,0.0,-0.0,-0.04,-0.08,-0.08,0.16,-0.22,-0.44,0.32,9.506,9.692,8.898,9.006,10.4,9.81,11.38,11.18,-0.003,-0.003,-0.004,0.0,-0.01,-80.3064033,26.9209499,792.35
8.9,0.4,0.0,-0.0,-0.06,-0.05,-0.05,-0.37,0.21,-0.44,0.32,9.486,9.604,9.015,9.055,10.59,9.81,11.97,10.99,-0.003,-0.003,-0.004,0.0,-0.01,-80.3064033,26.9209499,792.4
8.9,0.4,0.0,-0.0,-0.05,-0.08,0.1,0.1,-0.47,-0.43,0.32,9.516,9.682,8.957,9.006,10.2,9.91,11.58,11.18,-0.003,-0.003,-0.004,0.0,-0.01,-80.3064033,26.9209499,792.45
8.9,0.3,0.0,-0.0,-0.05,-0.07,-0.01,0.04,-0.19,-0.44,0.34,9.486,9.653,8.947,8.996,10.3,9.81,11.58,11.09,-0.003,-0.003,-0.004,0.0,-0.02,-80.3064033,26.9209499,792.5
8.9,0.3,0.0,-0.0,-0.06,-0.08,-0.07,0.13,0.06,-0.43,0.33,9.476,9.643,8.966,9.015,10.2,9.71,11.87,11.38,-0.003,-0.003,-0.004,0.0,-0.02,-80.3064033,26.9209499,792.55
8.9,0.4,0.0,-0.0,-0.01,-0.11,-0.09,-0.43,0.14,-0.45,0.33,9.526,9.653,8.947,8.986,10.4,9.81,11.48,11.09,-0.003,-0.003,-0.004,0.0,-0.02,-80.3064033,26.9209499,792.6
8.9,0.4,0.0,-0.0,-0.06,-0.07,0.16,0.23,0.1,-0.43,0.33,9.486,9.643,8.976,9.006,10.2,9.81,11.58,11.28,-0.003,-0.003,-0.004,0.0,-0.02,-80.3064033,26.9209499,792.65
8.7,0.4,0.0,-0.0,-0.06,-0.08,0.51,-0.05,-0.22,-0.44,0.33,9.496,9.663,8.966,9.035,10.5,9.81,11.67,11.18,-0.003,-0.003,-0.004,0.0,-0.02,-80.3064033,26.9209499,792.7
8.9,0.4,0.0,-0.0,-0.05,-0.07,-0.01,-0.21,-0.37,-0.44,0.34,9.506,9.653,8.976,9.015,10.5,10.01,11.58,11.28,-0.003,-0.003,-0.004,0.0,-0.03,-80.3064033,26.9209499,792.75
8.7,0.4,0.0,-0.0,-0.05,-0.08,-0.08,0.23,0.14,-0.44,0.33,9.496,9.653,8.937,9.006,10.3,9.81,11.97,11.28,-0.003,-0.003,-0.004,0.0,-0.03,-80.3064033,26.9209499,792.8
8.9,0.4,0.0,-0.0,-0.06,-0.09,0.0,0.31,0.14,-0.44,0.34,9.506,9.663,8.976,9.025,10.1,9.32,11.58,11.28,-0.003,-0.003,-0.004,0.0,-0.03,-80.3064033,26.9209499,792.85
8.9,0.4,0.0,-0.0,-0.05,-0.07,-0.14,-0.37,0.17,-0.44,0.33,9.496,9.663,8.957,8.996,10.4,9.91,11.58,11.09,-0.003,-0.003,-0.004,0.0,-0.03,-80.3064033,26.9209499,792.9
8.9,0.4,0.0,-0.0,-0.05,-0.07,0.08,-0.29,0.18,-0.44,0.33,9.476,9.653,8.966,9.006,10.2,9.81,11.97,11.18,-0.003,-0.003,-0.004,0.0,-0.03,-80.3064033,26.9209499,792.95
8.7,0.4,0.0,-0.0,-0.04,-0.07,-0.1,-0.12,0.05,-0.44,0.32,9.516,9.663,8.917,8.986,10.5,9.91,11.38,11.28,-0.003,-0.003,-0.004,0.0,-0.03,-80.3064033,26.9209499,793.0
8.9,0.4,0.0,-0.0,-0.06,-0.08,-0.08,-0.35,-0.01,-0.43,0.32,9.516,9.633,8.986,9.045,10.1,9.52,11.77,11.28,-0.003,-0.003,-0.004,0.0,-0.03,-80.3064033,26.9209499,793.05
8.7,0.4,0.0,-0.0,-0.04,-0.07,0.31,-0.05,0.04,-0.44,0.33,9.516,9.673,8.878,8.966,10.2,9.71,11.67,11.28,-0.003,-0.003,-0.004,0.0,-0.03,-80.3064033,26.9209499,793.1
8.9,0.4,0.0,-0.0,-0.05,-0.09,-0.03,0.19,-0.02,-0.44,0.32,9.467,9.614,8.957,8.996,10.2,9.71,11.58,11.09,-0.003,-0.003,-0.004,0.0,-0.04,-80.3064033,26.9209499,793.15
8.7,0.4,0.0,-0.0,-0.05,-0.07,-0.36,-0.12,-0.15,-0.44,0.34,9.486,9.663,8.927,9.025,10.3,9.61,11.97,10.99,-0.003,-0.003,-0.004,0.0,-0.04,-80.3064033,26.9209499,793.2
8.7,0.4,0.0,-0.0,-0.04,-0.07,-0.1,-0.11,-0.22,-0.45,0.36,9.535,9.673,8.927,8.986,10.4,9.81,11.67,11.18,-0.003,-0.003,-0.004,0.0,-0.04,-80.3064033,26.9209499,793.25
8.7,0.4,0.0,-0.0,-0.07,-0.08,0.07,0.07,-0.07,-0.44,0.33,9.457,9.653,8.976,9.025,10.4,9.81,12.07,11.28,-0.003,-0.003,-0.004,0.0,-0.04,-80.3064033,26.9209499,793.3
8.7,0.4,0.0,-0.0,-0.05,-0.08,-0.17,0.03,-0.07,-0.44,0.31,9.506,9.663,8.927,8.996,10.4,9.71,11.58,10.89,-0.003,-0.003,-0.004,0.0,-0.04,-80.3064033,26.9209499,793.35
8.9,0.4,0.0,-0.0,-0.05,-0.07,0.1,-0.16,-0.32,-0.45,0.35,9.516,9.673,8.957,9.035,10.4,9.52,11.48,11.48,-0.003,-0.003,-0.004,0.0,-0.05,-80.3064033,26.9209499,793.4
8.9,0.4,0.0,-0.0,-0.06,-0.06,0.08,-0.09,0.08,-0.44,0.33,9.496,9.633,8.966,9.055,10.5,9.61,11.38,11.38,-0.003,-0.003,-0.004,0.0,-0.05,-80.3064033,26.9209499,793.45
8.7,0.4,0.0,-0.0,-0.05,-0.08,0.05,0.39,-0.03,-0.43,0.32,9.476,9.653,8.917,8.996,10.4,9.91,11.87,11.18,-0.003,-0.003,-0.004,0.0,-0.05,-80.3064033,26.9209499,793.5
8.7,0.4,0.0,-0.0,-0.06,-0.07,0.1,0.26,0.09,-0.44,0.33,9.496,9.653,8.957,9.006,10.3,9.61,11.58,11.09,-0.003,-0.003,-0.004,0.0,-0.05,-80.3064033,26.9209499,793.55
8.9,0.3,0.0,-0.0,-0.05,-0.07,-0.1,-0.15,0.11,-0.45,0.34,9.516,9.653,8.976,9.045,10.2,9.61,11.67,11.28,-0.003,-0.003,-0.004,0.0,-0.05,-80.3064033,26.9209499,793.6
8.7,0.4,0.0,-0.0,-0.05,-0.06,-0.16,-0.23,-0.21,-0.45,0.35,9.496,9.663,8.947,9.015,10.5,9.71,11.48,11.18,-0.003,-0.003,-0.004,0.0,-0.05,-80.3064033,26.9209499,793.65
8.9,0.4,0.0,-0.0,-0.05,-0.07,-0.09,-0.1,-0.01,-0.44,0.34,9.467,9.663,8.966,9.006,10.1,9.61,11.67,11.09,-0.003,-0.003,-0.004,0.0,-0.05,-80.3064033,26.9209499,793.7
8.9,0.4,0.0,-0.0,-0.05,-0.08,0.1,0.03,0.36,-0.44,0.34,9.496,9.653,8.986,9.015,10.1,9.71,11.58,11.28,-0.003,-0.003,-0.004,0.0,-0.06,-80.3064034,26.9209499,793.75
8.7,0.4,0.0,-0.0,-0.06,-0.07,0.01,-0.32,-0.29,-0.44,0.35,9.496,9.682,8.957,9.006,10.2,9.61,11.58,11.09,-0.003,-0.003,-0.004,0.0,-0.06,-80.3064034,26.9209499,793.8
8.9,0.3,0.0,-0.01,-0.06,-0.07,0.02,-0.15,-0.13,-0.45,0.33,9.496,9.643,8.966,9.045,10.4,9.91,11.48,11.09,-0.003,-0.003,-0.004,0.0,-0.06,-80.3064034,26.9209498,793.85
8.9,0.4,0.0,-0.01,-0.04,-0.08,0.06,-0.07,-0.02,-0.43,0.33,9.496,9.653,8.957,8.986,10.5,9.91,11.48,11.38,-0.003,-0.003,-0.004,0.0,-0.06,-80.3064034,26.9209498,793.9
8.9,0.4,0.0,-0.0,-0.05,-0.06,-0.1,-0.28,-0.22,-0.44,0.33,9.496,9.663,8.937,9.015,10.4,9.71,11.58,11.48,-0.003,-0.003,-0.004,0.0,-0.06,-80.3064034,26.9209498,793.95
8.9,0.4,0.0,-0.0,-0.05,-0.08,0.34,0.47,-0.04,-0.44,0.33,9.506,9.673,8.976,9.045,10.5,9.81,11.58,11.18,-0.003,-0.003,-0.004,0.0,-0.07,-80.3064034,26.9209498,794.0
8.7,0.4,0.0,-0.0,-0.06,-0.06,-0.09,-0.27,-0.27,-0.44,0.33,9.526,9.673,8.947,9.006,10.2,10.01,11.58,11.28,-0.003,-0.003,-0.004,0.0,-0.07,-80.3064034,26.9209498,794.05
8.7,0.4,0.0,-0.0,-0.06,-0.08,-0.12,0.37,-0.16,-0.45,0.35,9.476,9.653,8.937,9.006,10.2,9.91,11.48,11.28,-0.003,-0.003,-0.004,0.0,-0.07,-80.3064034,26.9209498,794.1
8.7,0.4,0.0,-0.01,-0.06,-0.08,-0.01,0.15,-0.25,-0.44,0.33,9.506,9.682,8.966,9.035,10.59,9.71,11.38,11.18,-0.003,-0.003,-0.004,0.0,-0.07,-80.3064034,26.9209498,794.15
8.7,0.4,0.0,-0.01,-0.05,-0.07,-0.04,-0.19,0.28,-0.44,0.34,9.516,9.643,8.937,8.986,10.2,9.71,11.48,11.09,-0.003,-0.003,-0.004,0.0,-0.07,-80.3064034,26.9209498,794.2
8.9,0.4,0.0,-0.01,-0.06,-0.08,0.26,-0.16,-0.18,-0.44,0.33,9.506,9.663,8.966,9.035,10.3,9.81,11.67,11.38,-0.003,-0.003,-0.004,0.0,-0.07,-80.3064034,26.9209498,794.25
8.7,0.4,0.0,-0.01,-0.05,-0.06,-0.22,-0.0,0.04,-0.44,0.34,9.486,9.643,8.957,9.025,10.3,9.61,11.87,11.38,-0.003,-0.003,-0.004,0.0,-0.08,-80.3064034,26.9209498,794.3
8.7,0.4,0.0,-0.01,-0.04,-0.07,-0.01,0.08,0.44,-0.44,0.34,9.496,9.663,8.957,8.996,10.2,9.61,11.77,11.58,-0.003,-0.003,-0.004,0.0,-0.08,-80.3064034,26.9209498,794.35
8.7,0.4,0.0,-0.01,-0.05,-0.08,0.05,0.42,-0.47,-0.43,0.33,9.516,9.663,8.976,9.006,10.4,9.81,11.77,11.38,-0.003,-0.003,-0.004,0.0,-0.08,-80.3064034,26.9209498,794.4
8.7,0.4,0.0,-0.01,-0.05,-0.07,-0.26,0.26,-0.21,-0.44,0.33,9.526,9.653,8.947,9.015,10.4,9.91,11.48,11.28,-0.003,-0.003,-0.004,0.0,-0.08,-80.3064034,26.9209498,794.45
8.9,0.4,0.0,-0.01,-0.06,-0.07,-0.0,0.04,0.26,-0.44,0.34,9.535,9.673,8.937,9.015,10.4,9.91,11.58,11.09,-0.003,-0.003,-0.004,0.0,-0.08,-80.3064034,26.9209498,794.5
8.7,0.4,0.0,-0.01,-0.04,-0.07,-0.04,-0.09,-0.06,-0.44,0.36,9.516,9.653,8.947,9.025,10.5,10.01,11.97,11.38,-0.003,-0.003,-0.004,0.0,-0.08,-80.3064034,26.9209498,794.55
8.9,0.4,0.0,-0.01,-0.05,-0.08,0.07,0.01,-0.13,-0.44,0.33,9.486,9.633,8.957,9.006,10.3,9.71,11.58,11.18,-0.003,-0.003,-0.004,0.0,-0.08,-80.3064034,26.9209498,794.6
8.9,0.4,0.0,-0.01,0.01,-0.14,-0.02,0.28,0.12,-0.44,0.33,9.506,9.663,8.976,9.015,10.5,9.61,11.67,11.28,-0.003,-0.003,-0.004,0.0,-0.09,-80.3064034,26.9209498,794.65
8.7,0.4,0.0,-0.01,-0.06,-0.07,-0.09,0.24,-0.03,-0.44,0.33,9.506,9.663,8.937,9.025,10.5,9.81,11.58,11.38,-0.003,-0.003,-0.004,0.0,-0.09,-80.3064034,26.9209498,794.7
8.9,0.4,0.0,-0.01,-0.05,-0.07,-0.07,-0.08,0.02,-0.44,0.33,9.506,9.663,8.947,9.006,10.4,9.52,11.38,11.09,-0.003,-0.003,-0.004,0.0,-0.09,-80.3064034,26.9209498,794.75
8.7,0.4,0.0,-0.01,-0.06,-0.08,-0.0,0.08,-0.49,-0.44,0.33,9.476,9.643,8.947,8.986,10.4,9.91,11.38,10.99,-0.003,-0.003,-0.004,0.0,-0.09,-80.3064034,26.9209498,794.8
8.7,0.4,0.0,-0.01,-0.05,-0.07,0.12,0.05,0.06,-0.44,0.31,9.496,9.673,8.947,9.035,10.4,9.61,11.87,11.38,-0.003,-0.003,-0.004,0.0,-0.09,-80.3064034,26.9209498,794.85
8.7,0.4,0.0,-0.01,-0.04,-0.08,-0.11,-0.14,-0.39,-0.43,0.33,9.516,9.624,8.947,9.025,10.3,10.01,11.38,11.18,-0.003,-0.003,-0.004,0.0,-0.1,-80.3064034,26.9209498,794.9
8.7,0.4,0.0,-0.01,-0.07,-0.05,0.15,0.16,0.02,-0.43,0.34,9.506,9.643,8.966,9.015,10.3,9.61,11.58,11.18,-0.003,-0.003,-0.004,0.0,-0.1,-80.3064034,26.9209498,794.95
9.0,0.3,0.0,-0.01,-0.04,-0.08,-0.37,0.04,-0.0,-0.43,0.33,9.486,9.633,9.025,9.074,10.3,9.81,11.58,10.79,-0.003,-0.003,-0.004,0.0,-0.1,-80.3064034,26.9209498,795.0
8.7,0.4,0.0,-0.01,-0.04,-0.07,0.26,-0.37,0.24,-0.44,0.33,9.516,9.653,8.976,9.035,10.1,9.71,11.67,11.28,-0.003,-0.003,-0.004,0.0,-0.1,-80.3064034,26.9209498,795.05
8.7,0.4,0.0,-0.01,-0.05,-0.07,-0.13,0.44,-0.26,-0.43,0.33,9.496,9.673,8.937,8.996,10.5,9.71,11.97,11.38,-0.003,-0.003,-0.004,0.0,-0.1,-80.3064034,26.9209498,795.1
8.7,0.4,0.0,-0.01,-0.04,-0.08,-0.01,0.33,0.24,-0.43,0.33,9.496,9.653,8.957,9.025,10.3,9.61,11.77,10.99,-0.003,-0.003,-0.004,0.0,-0.1,-80.3064034,26.9209498,795.15
8.7,0.4,0.0,-0.01,-0.05,-0.07,-0.23,0.03,0.34,-0.43,0.34,9.506,9.663,8.966,9.035,10.01,10.01,11.67,11.38,-0.003,-0.003,-0.004,0.0,-0.1,-80.3064034,26.9209498,795.2
8.7,0.4,0.0,-0.01,-0.05,-0.08,0.21,0.12,0.18,-0.43,0.35,9.496,9.663,8.957,9.025,10.3,9.61,11.67,11.38,-0.003,-0.003,-0.004,0.0,-0.1,-80.3064034,26.9209498,795.25
8.7,0.4,0.0,-0.01,-0.07,-0.07,0.25,-0.11,-0.82,-0.43,0.33,9.476,9.663,8.937,9.015,10.2,9.81,11.38,11.38,-0.003,-0.003,-0.004,0.0,-0.11,-80.3064034,26.9209497,795.3
8.7,0.4,0.0,0.01,-0.06,-0.08,0.17,0.04,-0.05,-0.43,0.35,9.506,9.653,8.976,9.006,10.3,9.71,11.58,11.28,-0.003,-0.003,-0.004,0.0,0.01,-80.3064034,26.9209497,795.35
8.7,0.4,0.0,0.01,-0.03,-0.07,-0.33,-0.06,0.22,-0.44,0.34,9.496,9.633,8.966,9.015,10.1,9.81,11.77,11.58,-0.003,-0.003,-0.004,0.0,0.01,-80.3064034,26.9209497,795.4
8.7,0.4,0.0,0.01,-0.07,-0.07,0.05,0.24,-0.32,-0.43,0.33,9.506,9.653,8.937,8.996,10.3,9.61,11.67,11.09,-0.003,-0.003,-0.004,0.0,0.01,-80.3064034,26.9209497,795.45
8.7,0.4,0.0,0.01,-0.05,-0.08,0.13,-0.01,-0.32,-0.44,0.35,9.496,9.663,8.947,9.035,10.5,10.1,12.07,11.09,-0.003,-0.003,-0.004,0.0,0.01,-80.3064034,26.9209497,795.5
8.7,0.4,0.0,0.01,-0.04,-0.08,-0.2,0.18,-0.16,-0.43,0.33,9.486,9.643,8.966,9.015,10.2,9.71,11.77,11.18,-0.003,-0.003,-0.004,0.0,0.01,-80.3064034,26.9209497,795.55
8.7,0.4,0.0,0.01,-0.06,-0.06,-0.09,-0.18,-0.13,-0.44,0.35,9.506,9.663,8.966,9.035,10.3,9.42,11.38,11.09,-0.003,-0.003,-0.004,0.0,0.01,-80.3064034,26.9209497,795.6
8.7,0.4,0.0,0.01,-0.05,-0.07,0.07,0.04,0.22,-0.43,0.34,9.506,9.663,8.957,9.025,10.3,9.81,11.48,11.48,-0.003,-0.003,-0.004,0.0,0.01,-80.3064035,26.9209497,795.65
8.7,0.4,0.0,0.01,-0.05,-0.06,-0.06,-0.18,-0.11,-0.44,0.33,9.496,9.663,8.947,9.006,10.4,9.91,11.48,11.28,-0.003,-0.003,-0.004,0.0,0.01,-80.3064034,26.9209497,795.7
8.7,0.4,0.0,0.01,-0.04,-0.07,-0.05,-0.17,-0.27,-0.44,0.33,9.496,9.663,8.957,9.025,10.5,9.61,11.38,10.99,-0.003,-0.003,-0.004,0.0,0.01,-80.3064034,26.9209497,795.75
8.7,0.4,0.0,0.01,-0.05,-0.07,0.07,-0.28,0.11,-0.45,0.33,9.496,9.653,8.957,9.006,10.5,9.71,11.58,11.38,-0.003,-0.003,-0.004,0.0,0.01,-80.3064034,26.9209497,795.8
8.7,0.4,0.0,0.02,-0.05,-0.08,-0.13,0.27,0.07,-0.45,0.31,9.496,9.643,8.937,9.015,10.1,9.71,11.48,11.38,-0.003,-0.003,-0.004,0.0,0.01,-80.3064034,26.9209497,795.85
8.7,0.4,0.0,0.02,-0.06,-0.07,0.24,-0.29,0.23,-0.44,0.33,9.496,9.663,8.986,9.006,10.3,9.71,11.58,11.58,-0.003,-0.003,-0.004,0.0,0.01,-80.3064034,26.9209497,795.9
8.7,0.4,0.0,0.02,-0.05,-0.09,0.34,0.03,0.2,-0.44,0.34,9.496,9.663,8.957,9.006,10.1,9.81,11.77,11.38,-0.003,-0.003,-0.004,0.0,0.01,-80.3064034,26.9209497,795.95
8.7,0.4,0.0,0.0,-0.07,-0.2,0.28,-0.67,0.41,-0.45,0.33,9.486,9.663,8.947,9.055,10.59,9.91,11.77,11.38,-0.003,-0.003,-0.004,0.0,0.01,-80.3064034,26.9209497,796.0
8.7,0.4,0.0,0.01,-0.06,-0.09,-0.07,0.17,-0.05,-0.44,0.35,9.516,9.663,8.927,8.976,10.3,9.71,11.38,11.09,-0.003,-0.003,-0.004,0.0,0.01,-80.3064034,26.9209497,796.05
8.9,0.4,0.0,0.01,-0.05,-0.08,-0.07,0.3,0.24,-0.44,0.33,9.476,9.633,8.947,9.025,10.2,9.71,11.67,11.28,-0.003,-0.003,-0.004,0.0,0.01,-80.3064034,26.9209497,796.1
8.7,0.4,0.0,0.01,-0.05,-0.07,-0.05,0.04,0.08,-0.45,0.34,9.516,9.643,8.947,8.996,10.1,9.81,11.58,11.38,-0.003,-0.003,-0.004,0.0,0.01,-80.3064034,26.9209497,796.15
8.9,0.3,0.0,0.01,-0.04,-0.07,-0.11,-0.27,-0.06,-0.44,0.33,9.496,9.643,8.927,9.035,10.4,9.91,11.87,11.28,-0.003,-0.003,-0.004,0.0,0.0,-80.3064034,26.9209497,796.2
8.7,0.4,0.0,0.01,-0.06,-0.07,-0.06,-0.09,-0.08,-0.44,0.33,9.486,9.673,8.957,9.035,10.2,9.71,11.58,11.28,-0.003,-0.003,-0.004,0.0,0.0,-80.3064034,26.9209497,796.25
8.7,0.4,0.0,0.01,-0.06,-0.08,0.2,0.08,-0.06,-0.45,0.33,9.526,9.663,8.937,8.986,10.4,9.71,11.77,11.18,-0.003,-0.003,-0.004,0.0,0.0,-80.3064034,26.9209497,796.3
8.9,0.4,0.0,0.01,-0.06,-0.07,0.23,-0.49,0.09,-0.44,0.34,9.486,9.663,8.947,9.025,10.3,9.91,11.48,11.18,-0.003,-0.003,-0.004,0.0,0.0,-80.3064034,26.9209497,796.35
8.9,0.4,0.0,0.01,-0.06,-0.07,0.09,-0.24,-0.11,-0.43,0.31,9.516,9.643,8.976,9.015,10.2,9.71,11.67,11.18,-0.003,-0.003,-0.004,0.0,0.0,-80.3064034,26.9209497,796.4
8.7,0.4,0.0,0.01,-0.05,-0.08,0.23,-0.19,0.17,-0.41,0.29,9.496,9.673,8.927,8.976,10.4,9.71,11.58,11.58,-0.003,-0.003,-0.004,0.0,0.0,-80.3064034,26.9209497,796.45
8.7,0.4,0.0,0.01,-0.05,-0.08,-0.05,0.11,-0.09,-0.4,0.27,9.486,9.643,8.947,8.996,10.2,9.61,11.87,11.38,-0.003,-0.003,-0.004,0.0,-0.0,-80.3064034,26.9209496,796.5
8.7,0.4,0.0,0.01,-0.06,-0.05,-0.05,0.01,-0.12,-0.38,0.25,9.506,9.682,8.957,9.015,10.4,9.52,11.58,11.38,-0.003,-0.003,-0.004,0.0,-0.0,-80.3064034,26.9209496,796.55
8.7,0.4,0.0,0.01,-0.04,-0.08,0.09,-0.12,0.18,-0.37,0.23,9.516,9.673,8.937,9.015,10.3,9.61,11.28,11.18,-0.003,-0.003,-0.004,0.0,-0.0,-80.3064034,26.9209496,796.6
8.9,0.3,0.0,0.01,-0.05,-0.08,0.26,0.19,-0.06,-0.35,0.21,9.506,9.653,8.937,9.006,10.2,9.81,11.67,11.48,-0.003,-0.003,-0.004,0.0,-0.0,-80.3064034,26.9209496,796.65
8.9,0.3,0.0,0.01,-0.06,-0.05,-0.12,0.13,-0.06,-0.44,0.33,9.506,9.663,8.986,9.025,10.4,9.81,11.67,11.28,-0.003,-0.003,-0.004,0.0,-0.01,-80.3064034,26.9209496,796.7
8.7,0.4,0.0,0.01,-0.04,-0.07,-0.04,0.35,-0.3,-0.43,0.33,9.516,9.653,8.966,9.025,10.69,9.81,11.58,11.18,-0.003,-0.003,-0.004,0.0,-0.01,-80.3064034,26.9209496,796.75
8.7,0.4,0.0,0.01,-0.05,-0.07,-0.0,0.04,0.06,-0.45,0.33,9.526,9.663,8.917,8.976,10.3,9.52,11.77,11.38,-0.003,-0.003,-0.004,0.0,-0.01,-80.3064034,26.9209496,796.8
8.7,0.4,0.0,0.01,-0.05,-0.08,-0.07,-0.03,0.46,-0.43,0.33,9.496,9.663,8.957,9.015,10.5,9.81,11.77,11.18,-0.003,-0.003,-0.004,0.0,-0.01,-80.3064034,26.9209497,796.85
8.9,0.3,0.0,0.01,-0.06,-0.06,0.19,-0.23,-0.12,-0.43,0.33,9.516,9.663,8.996,9.045,10.5,9.71,11.48,11.28,-0.003,-0.003,-0.004,0.0,-0.01,-80.3064034,26.9209497,796.9
8.7,0.4,0.0,0.01,-0.05,-0.09,0.2,-0.14,-0.04,-0.44,0.33,9.496,9.673,8.937,9.006,10.3,9.61,11.48,11.38,-0.003,-0.003,-0.004,0.0,-0.01,-80.3064034,26.9209497,796.95
8.9,0.3,0.0,0.01,-0.05,-0.07,-0.09,0.32,0.2,-0.43,0.33,9.496,9.663,8.986,9.025,10.4,9.61,11.67,11.09,-0.003,-0.003,-0.004,0.0,-0.01,-80.3064034,26.9209497,797.0
8.7,0.4,0.0,0.01,-0.06,-0.08,0.32,0.56,0.03,-0.43,0.33,9.506,9.663,8.937,9.006,10.3,9.71,11.58,11.38,-0.003,-0.003,-0.004,0.0,-0.01,-80.3064034,26.9209497,797.05
8.7,0.4,0.0,0.01,-0.05,-0.07,0.21,0.02,-0.32,-0.43,0.34,9.516,9.663,8.957,9.015,10.4,9.91,11.87,11.58,-0.003,-0.003,-0.004,0.0,-0.01,-80.3064034,26.9209497,797.1
8.9,0.4,0.0,0.01,-0.06,-0.07,-0.08,0.43,-0.23,-0.43,0.33,9.486,9.653,8.947,9.015,10.3,9.81,11.58,11.28,-0.003,-0.003,-0.004,0.0,-0.02,-80.3064034,26.9209497,797.15
8.7,0.4,0.0,0.01,-0.05,-0.06,0.09,-0.13,0.09,-0.44,0.33,9.506,9.643,8.966,8.996,10.3,9.71,11.58,11.09,-0.003,-0.003,-0.004,0.0,-0.02,-80.3064034,26.9209497,797.2
8.7,0.4,0.0,0.01,-0.05,-0.08,-0.17,0.18,-0.13,-0.43,0.33,9.496,9.643,8.917,9.006,10.4,9.61,11.67,11.28,-0.003,-0.003,-0.004,0.0,-0.02,-80.3064034,26.9209497,797.25
8.7,0.4,0.0,0.02,-0.05,-0.08,0.16,0.22,0.26,-0.43,0.33,9.476,9.663,8.966,9.035,10.4,9.91,11.28,11.09,-0.003,-0.003,-0.004,0.0,-0.02,-80.3064034,26.9209497,797.3
8.9,0.3,0.0,0.02,-0.05,-0.06,-0.08,-0.31,-0.46,-0.44,0.33,9.506,9.673,8.937,9.025,10.1,9.81,11.58,11.38,-0.003,-0.003,-0.004,0.0,-0.02,-80.3064034,26.9209497,797.35
8.7,0.4,0.0,0.02,-0.04,-0.08,0.12,-0.08,0.17,-0.44,0.33,9.516,9.643,8.966,9.025,10.4,9.71,11.58,11.28,-0.003,-0.003,-0.004,0.0,-0.02,-80.3064034,26.9209497,797.4
8.7,0.4,0.0,0.02,-0.06,-0.08,0.22,0.24,0.15,-0.43,0.33,9.496,9.643,8.937,9.006,10.4,9.61,11.77,11.38,-0.003,-0.003,-0.004,0.0,-0.02,-80.3064034,26.9209497,797.45
8.7,0.4,0.0,0.02,-0.05,-0.07,-0.17,-0.05,-0.26,-0.42,0.34,9.506,9.633,8.947,9.006,10.4,9.91,11.58,11.28,-0.003,-0.003,-0.004,0.0,-0.02,-80.3064034,26.9209497,797.5
8.9,0.3,0.0,0.02,-0.05,-0.08,0.21,0.05,0.07,-0.43,0.33,9.506,9.653,8.957,9.006,10.1,9.61,11.77,11.28,-0.003,-0.003,-0.004,0.0,-0.02,-80.3064034,26.9209497,797.55
8.9,0.4,0.0,0.02,-0.05,-0.08,-0.06,0.13,0.23,-0.43,0.33,9.516,9.633,8.976,9.025,10.2,9.71,11.67,11.38,-0.003,-0.003,-0.004,0.0,-0.03,-80.3064034,26.9209497,797.6
8.7,0.4,0.0,0.02,-0.05,-0.06,-0.03,-0.07,-0.26,-0.43,0.34,9.486,9.682,8.927,8.996,10.2,10.01,11.67,11.09,-0.003,-0.003,-0.004,0.0,-0.03,-80.3064034,26.9209497,797.65
8.7,0.4,0.0,0.02,-0.05,-0.08,-0.11,0.09,0.49,-0.43,0.33,9.516,9.673,8.937,8.996,10.5,9.81,11.48,11.28,-0.003,-0.003,-0.004,0.0,-0.03,-80.3064034,26.9209497,797.7
8.7,0.4,0.0,-0.0,-0.06,-0.08,0.35,-0.1,-0.32,-0.43,0.33,9.516,9.643,8.927,9.006,10.1,9.81,11.67,11.18,-0.003,-0.003,-0.004,0.0,0.0,-80.3064034,26.9209497,797.75
8.7,0.4,0.0,-0.0,-0.04,-0.08,0.01,0.1,-0.01,-0.43,0.33,9.496,9.692,8.947,9.006,10.4,9.91,11.67,11.38,-0.003,-0.003,-0.004,0.0,0.0,-80.3064034,26.9209497,797.8
8.9,0.3,0.0,-0.0,-0.05,-0.06,-0.01,0.04,0.56,-0.43,0.34,9.486,9.633,8.927,9.006,10.4,9.52,11.38,11.58,-0.003,-0.003,-0.004,0.0,-0.0,-80.3064034,26.9209497,797.85
8.9,0.3,0.0,-0.0,-0.03,-0.08,-0.16,0.29,0.23,-0.42,0.34,9.526,9.653,8.966,9.006,10.3,9.61,11.09,11.28,-0.003,-0.003,-0.004,0.0,-0.0,-80.3064034,26.9209497,797.9
8.7,0.4,0.0,-0.0,-0.07,-0.07,0.04,0.09,-0.16,-0.43,0.32,9.476,9.643,8.937,9.025,10.4,9.81,11.48,11.09,-0.003,-0.003,-0.004,0.0,-0.0,-80.3064034,26.9209497,797.95
8.9,0.4,0.0,0.0,-0.04,-0.08,-0.18,0.13,-0.21,-0.42,0.32,9.506,9.663,8.957,9.035,10.4,9.81,11.77,11.09,-0.003,-0.003,-0.004,0.0,-0.0,-80.3064034,26.9209497,798.0
8.7,0.4,0.0,-0.0,-0.07,-0.06,0.12,-0.08,-0.52,-0.42,0.34,9.506,9.663,8.966,9.035,10.4,9.71,11.18,11.18,-0.003,-0.003,-0.004,0.0,-0.0,-80.3064034,26.9209497,798.05
8.7,0.4,0.0,-0.0,-0.04,-0.08,-0.09,-0.29,-0.23,-0.42,0.38,9.496,9.643,8.937,9.006,10.5,9.91,11.77,11.28,-0.003,-0.003,-0.004,0.0,-0.0,-80.3064034,26.9209497,798.1
8.7,0.4,0.0,-0.0,-0.05,-0.07,0.1,-0.14,0.33,-0.42,0.31,9.486,9.643,8.937,8.996,10.2,9.71,11.58,11.18,-0.003,-0.003,-0.004,0.0,-0.0,-80.3064034,26.9209497,798.15
8.9,0.3,0.0,0.0,-0.04,-0.07,-0.14,-0.31,0.04,-0.43,0.33,9.526,9.653,8.976,9.025,10.4,9.91,11.77,11.28,-0.003,-0.003,-0.004,0.0,-0.0,-80.3064035,26.9209497,798.2
8.7,0.4,0.0,-0.0,-0.05,-0.07,0.06,-0.13,0.13,-0.42,0.33,9.526,9.673,8.927,8.996,10.3,9.91,11.77,11.38,-0.003,-0.003,-0.004,0.0,-0.0,-80.3064035,26.9209497,798.25
8.7,0.4,0.0,-0.0,-0.07,-0.08,0.07,-0.04,-0.4,-0.42,0.32,9.496,9.653,8.937,8.976,10.59,9.81,11.58,11.09,-0.003,-0.003,-0.004,0.0,-0.0,-80.3064035,26.9209497,798.3
8.7,0.4,0.0,-0.0,-0.05,-0.07,-0.19,0.04,-0.41,-0.42,0.32,9.526,9.663,8.937,8.996,10.59,9.81,11.38,11.18,-0.003,-0.003,-0.004,0.0,-0.0,-80.3064035,26.9209497,798.35
8.9,0.4,0.0,-0.0,-0.05,-0.08,-0.12,0.18,-0.43,-0.42,0.3,9.506,9.673,8.986,9.025,10.4,9.81,11.87,11.28,-0.003,-0.003,-0.004,0.0,-0.0,-80.3064035,26.9209497,798.4
8.9,0.4,0.0,-0.0,-0.06,-0.08,0.37,0.22,0.27,-0.42,0.33,9.535,9.653,8.937,8.996,10.59,9.81,11.77,11.58,-0.003,-0.003,-0.004,0.0,-0.0,-80.3064035,26.9209497,798.45
8.9,0.4,0.0,-0.0,-0.06,-0.08,-0.05,-0.14,-0.48,-0.42,0.32,9.496,9.643,8.957,9.006,10.5,9.61,11.48,10.89,-0.003,-0.003,-0.004,0.0,-0.0,-80.3064035,26.9209497,798.5
8.9,0.4,0.0,-0.0,-0.05,-0.08,0.01,-0.38,-0.57,-0.42,0.32,9.496,9.624,8.947,9.025,10.4,9.81,11.58,11.38,-0.003,-0.003,-0.004,0.0,-0.0,-80.3064035,26.9209497,798.55
8.7,0.4,0.0,-0.0,-0.05,-0.06,0.03,-0.11,0.39,-0.42,0.33,9.506,9.682,8.947,9.025,10.2,9.71,11.67,11.09,-0.003,-0.003,-0.004,0.0,-0.0,-80.3064035,26.9209497,798.6
8.7,0.4,0.0,-0.0,-0.06,-0.06,-0.13,-0.17,-0.1,-0.43,0.32,9.496,9.653,8.976,9.035,10.4,9.61,11.77,11.38,-0.003,-0.003,-0.004,0.0,-0.0,-80.3064035,26.9209497,798.65
8.9,0.4,0.0,-0.0,-0.01,-0.12,0.06,0.02,-0.15,-0.42,0.32,9.506,9.663,8.986,9.015,10.5,9.61,11.58,11.28,-0.003,-0.003,-0.004,0.0,-0.0,-80.3064035,26.9209497,798.7
8.9,0.4,0.0,-0.0,-0.04,-0.11,0.15,0.28,0.45,-0.42,0.33,9.496,9.643,8.947,9.006,10.3,9.91,11.87,11.48,-0.003,-0.003,-0.004,0.0,-0.0,-80.3064035,26.9209498,798.75
8.7,0.4,0.0,-0.0,-0.06,-0.08,0.22,-0.12,0.32,-0.42,0.33,9.506,9.653,8.937,8.986,10.3,9.81,11.77,11.28,-0.003,-0.003,-0.004,0.0,-0.0,-80.3064035,26.9209498,798.8
8.7,0.4,0.0,-0.0,-0.05,-0.08,-0.29,-0.15,0.19,-0.42,0.33,9.496,9.653,8.937,8.996,10.2,10.1,11.67,11.38,-0.003,-0.003,-0.004,0.0,-0.0,-80.3064035,26.9209498,798.85
8.7,0.4,0.0,-0.0,-0.07,-0.09,0.03,-0.28,-0.13,-0.42,0.32,9.476,9.643,8.927,8.996,10.3,9.91,11.97,11.28,-0.003,-0.003,-0.004,0.0,-0.0,-80.3064035,26.9209498,798.9
8.7,0.4,0.0,-0.0,-0.07,-0.08,0.33,0.23,-0.06,-0.42,0.32,9.506,9.663,8.957,9.025,10.3,9.81,11.58,10.99,-0.003,-0.003,-0.004,0.0,-0.0,-80.3064035,26.9209498,798.95
8.7,0.4,0.0,-0.0,-0.05,-0.08,0.23,-0.04,-0.04,-0.42,0.32,9.486,9.673,8.966,9.006,10.4,10.01,11.58,11.38,-0.003,-0.003,-0.004,0.0,-0.0,-80.3064035,26.9209498,799.0
8.7,0.4,0.0,-0.0,-0.05,-0.06,0.01,0.03,0.12,-0.42,0.32,9.496,9.653,8.966,9.006,10.4,9.71,11.58,11.38,-0.003,-0.003,-0.004,0.0,-0.0,-80.3064035,26.9209498,799.05
8.7,0.4,0.0,-0.0,-0.05,-0.08,0.14,0.07,-0.02,-0.43,0.3,9.506,9.653,8.957,9.055,10.4,9.61,11.48,11.28,-0.003,-0.003,-0.004,0.0,-0.0,-80.3064035,26.9209498,799.1
8.7,0.4,0.0,-0.0,-0.05,-0.07,-0.06,0.25,0.03,-0.44,0.28,9.496,9.633,8.957,9.025,10.2,9.71,11.58,11.18,-0.003,-0.003,-0.004,0.0,-0.0,-80.3064035,26.9209498,799.15
8.7,0.4,0.0,-0.0,-0.05,-0.07,0.17,-0.23,0.12,-0.42,0.33,9.526,9.682,8.947,9.045,10.5,9.61,11.58,11.18,-0.003,-0.003,-0.004,0.0,-0.0,-80.3064035,26.9209498,799.2
8.7,0.4,0.0,-0.0,-0.05,-0.07,-0.17,-0.19,-0.12,-0.42,0.32,9.486,9.633,8.947,9.006,10.5,9.61,11.67,11.28,-0.003,-0.003,-0.004,0.0,-0.0,-80.3064035,26.9209498,799.25
8.7,0.4,0.0,-0.0,-0.04,-0.07,-0.1,-0.01,0.34,-0.42,0.32,9.486,9.663,8.927,9.006,10.4,9.71,11.58,11.28,-0.003,-0.003,-0.004,0.0,-0.01,-80.3064035,26.9209498,799.3
8.7,0.4,0.0,-0.0,-0.06,-0.07,-0.01,0.13,-0.15,-0.41,0.31,9.506,9.663,8.947,9.006,10.3,9.81,11.58,11.38,-0.003,-0.003,-0.004,0.0,-0.0,-80.3064035,26.9209498,799.35
8.7,0.4,0.0,-0.0,-0.03,-0.07,-0.16,0.23,-0.01,-0.4,0.28,9.496,9.663,8.937,8.986,10.2,9.81,11.58,11.09,-0.003,-0.003,-0.004,0.0,-0.0,-80.3064035,26.9209498,799.4
8.7,0.4,0.0,-0.0,-0.05,-0.07,0.01,0.27,0.17,-0.39,0.26,9.506,9.633,8.957,9.035,10.59,9.71,11.48,11.28,-0.003,-0.003,-0.004,0.0,-0.0,-80.3064035,26.9209498,799.45
8.7,0.4,0.0,-0.0,-0.05,-0.07,0.24,-0.13,-0.05,-0.42,0.33,9.476,9.692,8.957,9.025,10.2,9.81,11.58,11.09,-0.003,-0.003,-0.004,0.0,-0.0,-80.3064035,26.9209498,799.5
8.7,0.4,0.0,-0.0,-0.05,-0.06,-0.06,-0.05,0.07,-0.42,0.32,9.506,9.673,8.966,9.015,10.3,9.71,11.38,11.09,-0.003,-0.003,-0.004,0.0,-0.01,-80.3064035,26.9209498,799.55
8.7,0.4,0.0,-0.0,-0.06,-0.07,-0.18,-0.1,-0.16,-0.42,0.32,9.486,9.673,8.937,9.006,10.3,9.81,11.67,11.38,-0.003,-0.003,-0.004,0.0,-0.01,-80.3064035,26.9209498,799.6
8.7,0.4,0.0,-0.0,-0.06,-0.07,-0.03,0.01,-0.19,-0.42,0.32,9.496,9.663,8.957,9.015,10.3,9.61,11.77,10.99,-0.003,-0.003,-0.004,0.0,-0.01,-80.3064035,26.9209498,799.65
8.7,0.4,0.0,-0.0,-0.05,-0.07,0.36,-0.36,-0.49,-0.42,0.32,9.496,9.653,8.957,9.025,10.4,9.91,11.77,11.09,-0.003,-0.003,-0.004,0.0,-0.0,-80.3064035,26.9209498,799.7
8.7,0.4,0.0,-0.0,-0.04,-0.07,-0.1,0.28,0.32,-0.4,0.31,9.516,9.673,8.957,9.035,10.2,9.81,11.38,11.09,-0.003,-0.003,-0.004,0.0,-0.0,-80.3064035,26.9209498,799.75
8.7,0.4,0.0,-0.0,-0.04,-0.07,0.15,-0.3,0.15,-0.42,0.32,9.506,9.663,8.917,8.976,10.1,9.61,11.67,11.09,-0.003,-0.003,-0.004,0.0,-0.01,-80.3064035,26.9209498,799.8
8.7,0.4,0.0,-0.0,-0.07,-0.06,-0.05,-0.14,-0.25,-0.42,0.32,9.486,9.673,8.976,9.025,10.3,9.81,11.77,11.28,-0.003,-0.003,-0.004,0.0,-0.01,-80.3064035,26.9209498,799.85
8.7,0.4,0.0,-0.0,-0.05,-0.09,0.11,0.24,-0.25,-0.42,0.31,9.516,9.663,8.957,9.006,10.5,9.71,11.77,11.38,-0.003,-0.003,-0.004,0.0,-0.01,-80.3064035,26.9209498,799.9
8.7,0.4,0.0,-0.0,-0.05,-0.07,0.14,-0.19,0.27,-0.41,0.32,9.516,9.702,8.957,8.957,10.4,9.91,12.07,11.09,-0.003,-0.003,-0.004,0.0,-0.01,-80.3064035,26.9209498,799.95
8.7,0.4,0.0,-0.0,-0.05,-0.09,-0.22,-0.08,0.16,-0.43,0.31,9.506,9.653,8.976,9.006,10.1,9.81,11.58,11.09,-0.003,-0.003,-0.004,0.0,-0.01,-80.3064035,26.9209498,800.0
8.7,0.4,0.0,-0.0,-0.06,-0.06,-0.11,0.13,-0.46,-0.42,0.32,9.496,9.673,8.957,9.006,10.2,9.61,11.77,11.38,-0.003,-0.003,-0.004,0.0,-0.01,-80.3064035,26.9209498,800.05
8.7,0.4,0.0,-0.0,-0.06,-0.06,-0.05,-0.12,-0.41,-0.42,0.33,9.467,9.673,8.937,8.996,10.2,9.71,11.77,11.09,-0.003,-0.003,-0.004,0.0,-0.01,-80.3064035,26.9209498,800.1
8.7,0.4,0.0,-0.0,-0.06,-0.08,-0.13,0.39,-0.17,-0.42,0.32,9.496,9.633,8.937,8.996,10.2,9.61,11.77,11.38,-0.003,-0.003,-0.004,0.0,-0.01,-80.3064035,26.9209498,800.15
8.7,0.4,0.0,-0.0,-0.04,-0.08,0.28,0.2,-0.25,-0.42,0.32,9.476,9.633,8.976,9.006,10.4,9.71,11.58,11.09,-0.003,-0.003,-0.004,0.0,-0.01,-80.3064035,26.9209498,800.2
8.9,0.3,0.0,-0.0,-0.04,-0.07,-0.03,0.26,0.32,-0.42,0.32,9.476,9.633,8.976,9.006,10.4,10.1,11.77,11.28,-0.003,-0.003,-0.004,0.0,-0.01,-80.3064035,26.9209498,800.25
8.7,0.4,0.0,-0.0,-0.05,-0.08,-0.16,0.36,0.15,-0.41,0.32,9.506,9.633,8.957,9.025,10.59,9.81,11.87,11.09,-0.003,-0.003,-0.004,0.0,-0.01,-80.3064034,26.9209498,800.3
8.7,0.4,0.0,-0.0,-0.06,-0.07,0.19,0.19,0.04,-0.4,0.31,9.526,9.653,8.957,8.986,10.5,9.81,11.67,11.18,-0.003,-0.003,-0.004,0.0,-0.01,-80.3064034,26.9209498,800.35
8.7,0.4,0.0,-0.0,-0.05,-0.08,0.15,0.17,0.15,-0.42,0.33,9.486,9.673,8.927,9.015,10.59,9.81,11.58,11.28,-0.003,-0.003,-0.004,0.0,-0.01,-80.3064034,26.9209498,800.4
8.7,0.4,0.0,-0.0,-0.05,-0.08,0.33,-0.04,0.03,-0.42,0.32,9.476,9.663,8.937,8.976,10.3,9.71,11.67,11.38,-0.003,-0.003,-0.004,0.0,-0.01,-80.3064034,26.9209498,800.45
8.7,0.4,0.0,-0.0,-0.06,-0.07,0.02,-0.13,-0.2,-0.42,0.31,9.496,9.663,8.947,9.035,10.59,9.52,11.77,11.09,-0.003,-0.003,-0.004,0.0,-0.01,-80.3064034,26.9209498,800.5
8.7,0.4,0.0,-0.0,-0.06,-0.07,0.26,-0.09,-0.04,-0.41,0.31,9.496,9.673,8.947,9.025,10.59,9.61,11.58,11.09,-0.003,-0.003,-0.004,0.0,-0.01,-80.3064034,26.9209498,800.55
8.9,0.3,0.0,-0.0,-0.05,-0.08,0.17,-0.09,0.15,-0.42,0.32,9.496,9.643,8.937,9.025,10.4,9.71,11.67,11.28,-0.003,-0.003,-0.004,0.0,-0.01,-80.3064034,26.9209498,800.6
8.7,0.4,0.0,-0.0,-0.05,-0.07,-0.19,-0.27,0.15,-0.42,0.31,9.506,9.653,8.947,9.006,10.59,9.61,11.38,11.09,-0.003,-0.003,-0.004,0.0,-0.01,-80.3064034,26.9209498,800.65
8.7,0.4,0.0,-0.0,-0.06,-0.08,-0.03,0.08,-0.28,-0.42,0.31,9.476,9.653,8.947,9.006,10.3,9.71,11.77,11.38,-0.003,-0.003,-0.004,0.0,-0.01,-80.3064034,26.9209498,800.7
8.7,0.4,0.0,-0.0,-0.06,-0.08,0.22,0.02,-0.46,-0.42,0.31,9.506,9.653,8.957,9.035,10.4,9.71,11.77,11.28,-0.003,-0.003,-0.004,0.0,-0.01,-80.3064034,26.9209498,800.75
8.7,0.4,0.0,-0.0,-0.04,-0.08,-0.06,0.08,-0.07,-0.42,0.32,9.486,9.653,8.947,9.006,10.4,9.61,11.77,11.18,-0.003,-0.003,-0.004,0.0,-0.01,-80.3064034,26.9209498,800.8
8.7,0.4,0.0,-0.0,-0.04,-0.06,-0.15,-0.1,0.29,-0.42,0.32,9.496,9.653,8.917,9.015,10.3,9.71,11.77,11.38,-0.003,-0.003,-0.004,0.0,-0.01,-80.3064034,26.9209498,800.85
8.7,0.4,0.0,-0.0,-0.05,-0.07,0.13,-0.21,0.05,-0.43,0.34,9.526,9.653,8.957,9.035,10.2,9.91,11.87,11.18,-0.003,-0.003,-0.004,0.0,-0.01,-80.3064034,26.9209498,800.9
8.9,0.4,0.0,-0.0,-0.06,-0.08,0.09,0.23,-0.18,-0.42,0.31,9.496,9.643,8.976,9.015,10.2,9.81,11.58,11.28,-0.003,-0.003,-0.004,0.0,-0.01,-80.3064034,26.9209498,800.95
8.7,0.4,0.0,-0.0,-0.06,-0.08,0.14,-0.25,-0.16,-0.42,0.31,9.467,9.682,8.937,9.025,10.3,9.71,11.77,11.09,-0.003,-0.003,-0.004,0.0,-0.01,-80.3064034,26.9209498,801.0
8.7,0.4,0.0,-0.0,-0.05,-0.07,0.03,-0.08,0.1,-0.42,0.33,9.486,9.663,8.947,8.976,10.3,9.81,11.58,11.18,-0.003,-0.003,-0.004,0.0,-0.01,-80.3064034,26.9209498,801.05
8.7,0.4,0.0,-0.0,-0.04,-0.07,0.16,-0.27,0.1,-0.41,0.34,9.526,9.663,8.966,9.006,10.3,9.81,11.38,11.28,-0.003,-0.003,-0.004,0.0,-0.01,-80.3064034,26.9209498,801.1
8.7,0.4,0.0,-0.0,-0.06,-0.07,0.04,-0.06,0.06,-0.43,0.33,9.516,9.673,8.937,8.996,10.2,9.81,11.58,11.18,-0.003,-0.003,-0.004,0.0,-0.01,-80.3064034,26.9209498,801.15
8.9,0.4,0.0,-0.0,-0.05,-0.08,0.1,0.07,0.01,-0.42,0.32,9.496,9.663,8.947,9.015,10.3,9.71,11.87,11.09,-0.003,-0.003,-0.004,0.0,-0.01,-80.3064034,26.9209498,801.2
8.9,0.4,0.0,-0.0,-0.05,-0.08,-0.04,0.4,-0.09,-0.42,0.33,9.516,9.653,8.937,9.035,10.01,9.71,11.58,11.28,-0.003,-0.003,-0.004,0.0,-0.01,-80.3064034,26.9209498,801.25
8.7,0.4,0.0,-0.0,-0.04,-0.08,0.06,-0.21,0.21,-0.42,0.32,9.486,9.653,8.947,9.015,10.4,9.52,11.77,11.09,-0.003,-0.003,-0.004,0.0,-0.01,-80.3064034,26.9209498,801.3
8.9,0.3,0.0,-0.0,-0.07,-0.05,0.19,-0.09,-0.12,-0.42,0.32,9.476,9.663,8.957,9.025,10.5,9.61,11.67,11.38,-0.003,-0.003,-0.004,0.0,-0.01,-80.3064034,26.9209498,801.35
8.7,0.3,0.0,-0.0,-0.04,-0.08,0.07,0.02,-0.15,-0.42,0.32,9.506,9.673,8.947,9.006,10.3,9.81,11.48,11.38,-0.003,-0.003,-0.004,0.0,-0.01,-80.3064034,26.9209498,801.4
8.9,0.4,0.0,-0.0,-0.06,-0.06,-0.0,0.14,0.1,-0.42,0.31,9.496,9.663,8.957,8.996,10.01,9.71,11.48,11.48,-0.003,-0.003,-0.004,0.0,-0.01,-80.3064034,26.9209498,801.45
8.7,0.4,0.0,-0.0,-0.04,-0.09,-0.21,0.06,-0.02,-0.42,0.32,9.506,9.653,8.937,8.996,10.5,9.61,11.48,11.28,-0.003,-0.003,-0.004,0.0,-0.01,-80.3064034,26.9209498,801.5
8.9,0.3,0.0,-0.0,-0.07,-0.06,0.13,0.04,-0.11,-0.42,0.33,9.506,9.633,8.957,9.006,10.1,9.52,11.58,11.09,-0.003,-0.003,-0.004,0.0,-0.01,-80.3064034,26.9209498,801.55
8.9,0.3,0.0,-0.0,-0.04,-0.08,0.02,-0.08,0.23,-0.42,0.32,9.496,9.653,8.976,9.025,10.3,9.71,11.58,11.38,-0.003,-0.003,-0.004,0.0,-0.01,-80.3064034,26.9209498,801.6
8.7,0.4,0.0,-0.0,-0.06,-0.05,-0.1,0.04,-0.05,-0.43,0.33,9.496,9.682,8.947,9.025,10.2,9.71,11.38,11.18,-0.003,-0.003,-0.004,0.0,-0.01,-80.3064034,26.9209498,801.65
8.7,0.4,0.0,-0.0,-0.04,-0.08,0.06,-0.33,-0.05,-0.42,0.32,9.486,9.673,8.966,9.035,10.1,9.81,11.58,11.38,-0.003,-0.003,-0.004,0.0,-0.01,-80.3064034,26.9209498,801.7
8.7,0.4,0.0,-0.0,-0.07,-0.06,0.14,-0.04,-0.36,-0.42,0.31,9.467,9.663,8.957,9.006,10.3,9.81,11.58,11.18,-0.003,-0.003,-0.004,0.0,-0.01,-80.3064034,26.9209498,801.75
8.7,0.4,0.0,-0.0,-0.04,-0.07,-0.05,0.11,0.24,-0.42,0.33,9.496,9.643,8.927,8.976,10.3,9.71,11.38,10.99,-0.003,-0.003,-0.004,0.0,-0.01,-80.3064034,26.9209498,801.8
8.9,0.4,0.0,-0.0,-0.06,-0.07,0.0,-0.22,-0.42,-0.42,0.36,9.516,9.643,8.976,9.006,10.2,9.81,11.38,11.09,-0.003,-0.003,-0.004,0.0,-0.01,-80.3064034,26.9209498,801.85
8.9,0.4,0.0,-0.0,-0.06,-0.08,0.13,0.15,-0.23,-0.42,0.31,9.506,9.673,8.957,9.006,10.5,9.81,11.87,11.09,-0.003,-0.003,-0.004,0.0,-0.01,-80.3064034,26.9209498,801.9
8.9,0.4,0.0,-0.0,-0.05,-0.06,-0.06,0.06,0.04,-0.42,0.31,9.506,9.643,8.947,8.996,10.3,9.52,11.38,11.09,-0.003,-0.003,-0.004,0.0,-0.01,-80.3064034,26.9209498,801.95
8.9,0.4,0.0,-0.0,-0.04,-0.08,-0.15,0.07,0.31,-0.42,0.32,9.486,9.643,8.927,9.006,10.4,9.71,11.48,11.38,-0.003,-0.003,-0.004,0.0,-0.01,-80.3064034,26.9209498,802.0
8.7,0.4,0.0,-0.0,-0.05,-0.06,-0.02,0.04,0.12,-0.42,0.32,9.506,9.673,8.947,9.025,10.3,9.61,11.67,11.28,-0.003,-0.003,-0.004,0.0,-0.01,-80.3064034,26.9209498,802.05
8.9,0.4,0.0,-0.0,-0.03,-0.08,-0.16,0.34,0.45,-0.42,0.32,9.516,9.633,8.947,9.006,10.3,9.61,11.58,11.28,-0.003,-0.003,-0.004,0.0,-0.01,-80.3064034,26.9209498,802.1
8.9,0.3,0.0,-0.0,-0.05,-0.07,-0.35,0.2,0.01,-0.42,0.32,9.496,9.653,8.927,9.006,10.3,9.71,11.67,11.28,-0.003,-0.003,-0.004,0.0,-0.01,-80.3064034,26.9209498,802.15
8.7,0.4,0.0,-0.0,-0.05,-0.07,0.24,-0.02,0.27,-0.42,0.32,9.496,9.663,8.947,9.045,10.3,9.91,11.77,11.28,-0.003,-0.003,-0.004,0.0,-0.01,-80.3064034,26.9209498,802.2
8.7,0.4,0.0,-0.0,-0.05,-0.07,-0.04,0.16,-0.22,-0.42,0.31,9.486,9.663,8.966,9.015,10.2,9.81,11.87,11.28,-0.003,-0.003,-0.004,0.0,-0.01,-80.3064034,26.9209498,802.25
8.7,0.4,0.0,-0.0,-0.04,-0.08,-0.03,0.02,0.55,-0.42,0.32,9.506,9.653,8.957,9.015,10.4,9.81,11.58,10.89,-0.003,-0.003,-0.004,0.0,-0.01,-80.3064034,26.9209498,802.3
9.0,0.3,0.0,-0.0,-0.04,-0.05,-0.3,-0.14,0.06,-0.42,0.35,9.476,9.653,9.025,9.094,10.1,9.81,11.38,10.99,-0.003,-0.003,-0.004,0.0,-0.01,-80.3064034,26.9209498,802.35
8.9,0.4,0.0,-0.0,-0.06,-0.08,0.22,0.21,0.06,-0.42,0.38,9.496,9.663,8.937,9.015,10.5,9.61,11.58,11.28,-0.003,-0.003,-0.004,0.0,-0.01,-80.3064034,26.9209498,802.4
8.7,0.4,0.0,-0.0,-0.05,-0.08,0.04,0.09,-0.41,-0.42,0.41,9.526,9.663,8.937,9.025,10.2,9.91,11.77,11.28,-0.003,-0.003,-0.004,0.0,-0.01,-80.3064034,26.9209498,802.45
8.7,0.4,0.0,-0.0,-0.05,-0.06,-0.51,-0.1,0.01,-0.42,0.32,9.506,9.673,8.966,9.025,10.4,9.52,11.58,11.38,-0.003,-0.003,-0.004,0.0,-0.01,-80.3064034,26.9209498,802.5
8.7,0.4,0.0,-0.0,-0.06,-0.07,0.08,0.0,-0.13,-0.42,0.31,9.496,9.663,8.957,9.006,10.1,9.81,11.67,10.99,-0.003,-0.003,-0.004,0.0,-0.01,-80.3064034,26.9209498,802.55
8.7,0.4,0.0,-0.0,-0.05,-0.08,-0.16,-0.03,0.12,-0.42,0.31,9.496,9.653,8.937,8.986,10.1,9.71,11.58,11.38,-0.003,-0.003,-0.004,0.0,-0.01,-80.3064034,26.9209498,802.6
8.7,0.4,0.0,-0.01,-0.06,-0.07,0.24,0.03,-0.2,-0.42,0.31,9.516,9.663,8.957,9.035,10.3,9.91,11.58,11.38,-0.003,-0.003,-0.004,0.0,-0.01,-80.3064034,26.9209498,802.65
8.9,0.4,0.0,-0.0,-0.05,-0.08,0.04,0.35,-0.19,-0.42,0.31,9.516,9.663,8.957,9.035,10.5,9.71,11.48,11.28,-0.003,-0.003,-0.004,0.0,-0.01,-80.3064034,26.9209498,802.7
8.7,0.4,0.0,-0.01,-0.05,-0.08,0.38,0.05,0.12,-0.42,0.31,9.486,9.624,8.957,8.986,10.3,9.81,11.18,11.28,-0.003,-0.003,-0.004,0.0,-0.01,-80.3064034,26.9209498,802.75
8.7,0.4,0.0,-0.01,-0.08,-0.05,0.41,-0.13,-0.08,-0.42,0.31,9.486,9.663,8.937,8.996,10.5,9.61,11.67,11.38,-0.003,-0.003,-0.004,0.0,-0.01,-80.3064034,26.9209498,802.8
8.7,0.4,0.0,-0.0,-0.09,-0.03,-0.01,0.12,-0.26,-0.42,0.31,9.496,9.653,8.937,9.035,10.5,9.71,12.07,11.09,-0.003,-0.003,-0.004,0.0,-0.01,-80.3064034,26.9209498,802.85
8.7,0.4,0.0,-0.0,-0.03,-0.08,-0.11,0.39,0.45,-0.42,0.32,9.506,9.633,8.947,9.025,10.5,9.81,11.67,11.18,-0.003,-0.003,-0.004,0.0,-0.01,-80.3064034,26.9209498,802.9
8.9,0.4,0.0,-0.01,-0.05,-0.07,-0.09,-0.19,0.11,-0.4,0.35,9.496,9.673,8.957,9.006,10.3,9.52,11.87,11.09,-0.003,-0.003,-0.004,0.0,-0.01,-80.3064034,26.9209498,802.95
8.9,0.3,0.0,-0.01,-0.04,-0.07,-0.05,-0.08,0.21,-0.42,0.3,9.516,9.653,8.976,9.025,10.3,9.81,11.58,11.28,-0.003,-0.003,-0.004,0.0,-0.01,-80.3064034,26.9209498,803.0
8.9,0.4,0.0,-0.0,-0.05,-0.08,-0.04,0.18,0.18,-0.42,0.32,9.476,9.643,8.957,9.015,10.3,10.01,11.58,11.09,-0.003,-0.003,-0.004,0.0,-0.01,-80.3064034,26.9209498,803.05
8.9,0.4,0.0,-0.0,-0.04,-0.07,-0.32,0.12,0.08,-0.41,0.31,9.486,9.673,8.957,9.025,10.4,9.91,11.67,11.28,-0.003,-0.003,-0.004,0.0,-0.01,-80.3064034,26.9209498,803.1
8.7,0.4,0.0,-0.01,-0.05,-0.07,-0.2,0.13,-0.21,-0.42,0.31,9.496,9.633,8.957,9.035,10.5,9.71,11.67,11.09,-0.003,-0.003,-0.004,0.0,-0.01,-80.3064034,26.9209498,803.15
8.9,0.4,0.0,-0.01,-0.06,-0.06,0.1,-0.04,-0.45,-0.42,0.31,9.506,9.653,8.947,9.015,10.3,9.61,11.67,11.09,-0.003,-0.003,-0.004,0.0,-0.01,-80.3064034,26.9209498,803.2
8.7,0.4,0.0,-0.01,-0.06,-0.07,0.15,-0.31,-0.17,-0.41,0.33,9.496,9.653,8.976,8.986,10.2,9.71,11.67,11.38,-0.003,-0.003,-0.004,0.0,-0.01,-80.3064034,26.9209498,803.25
8.7,0.4,0.0,-0.01,-0.05,-0.08,-0.08,-0.06,-0.5,-0.42,0.31,9.496,9.643,8.947,9.015,10.3,9.91,11.77,11.38,-0.003,-0.003,-0.004,0.0,-0.02,-80.3064034,26.9209498,803.3
8.7,0.4,0.0,-0.01,-0.06,-0.06,0.09,-0.21,0.31,-0.42,0.32,9.486,9.633,8.947,9.015,10.4,9.81,11.87,11.18,-0.003,-0.003,-0.004,0.0,-0.01,-80.3064034,26.9209498,803.35
8.7,0.4,0.0,-0.01,-0.04,-0.08,-0.03,0.13,0.11,-0.42,0.31,9.506,9.692,8.957,9.006,10.3,9.91,11.67,10.99,-0.003,-0.003,-0.004,0.0,-0.01,-80.3064034,26.9209498,803.4
8.9,0.4,0.0,-0.01,-0.07,-0.06,0.3,-0.25,-0.1,-0.42,0.31,9.506,9.653,8.957,9.006,10.3,9.71,11.58,11.09,-0.003,-0.003,-0.004,0.0,-0.01,-80.3064034,26.9209498,803.45
8.7,0.4,0.0,-0.01,-0.05,-0.07,-0.01,-0.17,-0.11,-0.42,0.32,9.496,9.663,8.966,9.006,10.3,10.01,11.38,11.18,-0.003,-0.003,-0.004,0.0,-0.01,-80.3064034,26.9209498,803.5
8.7,0.4,0.0,-0.01,-0.06,-0.07,0.35,0.05,0.05,-0.42,0.33,9.486,9.633,8.966,9.006,10.5,9.81,11.77,11.28,-0.003,-0.003,-0.004,0.0,-0.02,-80.3064034,26.9209498,803.55
8.7,0.4,0.0,-0.01,-0.05,-0.08,0.17,-0.09,0.01,-0.42,0.31,9.506,9.633,8.947,8.996,10.3,9.81,11.77,10.99,-0.003,-0.003,-0.004,0.0,-0.02,-80.3064034,26.9209498,803.6
8.7,0.4,0.0,-0.01,-0.06,-0.08,0.15,-0.12,-0.15,-0.43,0.31,9.506,9.682,8.966,9.035,10.3,9.71,11.77,11.09,-0.003,-0.003,-0.004,0.0,-0.02,-80.3064034,26.9209498,803.65
8.7,0.4,0.0,-0.01,-0.05,-0.08,0.1,0.16,0.1,-0.42,0.32,9.486,9.663,8.927,9.015,10.2,9.71,11.58,11.18,-0.003,-0.003,-0.004,0.0,-0.02,-80.3064034,26.9209498,803.7
8.9,0.4,0.0,-0.01,-0.05,-0.06,-0.19,0.04,-0.28,-0.42,0.31,9.506,9.653,8.947,9.015,10.5,9.71,11.58,11.18,-0.003,-0.003,-0.004,0.0,-0.02,-80.3064034,26.9209498,803.75
8.7,0.4,0.0,-0.01,-0.05,-0.08,-0.1,0.08,-0.07,-0.42,0.32,9.506,9.643,8.927,9.015,10.2,9.81,11.77,11.38,-0.003,-0.003,-0.004,0.0,-0.01,-80.3064034,26.9209498,803.8
8.9,0.4,0.0,-0.01,-0.04,-0.09,-0.0,0.23,0.26,-0.42,0.32,9.496,9.653,8.937,8.996,10.3,10.01,11.28,11.28,-0.003,-0.003,-0.004,0.0,-0.01,-80.3064035,26.9209498,803.85
8.7,0.4,0.0,-0.01,-0.07,-0.06,0.14,0.12,-0.11,-0.41,0.34,9.496,9.663,8.947,9.006,10.4,9.71,11.77,11.09,-0.003,-0.003,-0.004,0.0,-0.01,-80.3064035,26.9209498,803.9
8.7,0.4,0.0,0.0,-0.03,-0.08,-0.41,0.29,-0.07,-0.42,0.32,9.476,9.653,8.947,9.025,10.69,9.71,11.58,11.28,-0.003,-0.003,-0.004,0.0,-0.0,-80.3064035,26.9209498,803.95
8.7,0.4,0.0,0.0,-0.06,-0.04,-0.33,-0.07,-0.25,-0.41,0.32,9.506,9.692,8.947,9.025,10.3,9.81,11.67,11.38,-0.003,-0.003,-0.004,0.0,-0.0,-80.3064035,26.9209498,804.0
8.7,0.4,0.0,-0.0,-0.05,-0.08,0.22,-0.09,0.52,-0.42,0.32,9.506,9.643,8.976,9.035,10.3,9.61,11.38,11.09,-0.003,-0.003,-0.004,0.0,0.0,-80.3064035,26.9209498,804.05
8.7,0.4,0.0,-0.01,-0.05,-0.08,0.04,0.07,0.05,-0.43,0.35,9.496,9.643,8.947,9.015,10.3,9.61,11.48,11.28,-0.003,-0.003,-0.004,0.0,-0.01,-80.3064035,26.9209498,804.1
8.7,0.4,0.0,-0.01,-0.05,-0.07,0.04,0.07,-0.02,-0.43,0.33,9.496,9.663,8.937,9.006,10.2,9.71,11.77,11.38,-0.003,-0.003,-0.004,0.0,-0.01,-80.3064035,26.9209498,804.15
8.7,0.4,0.0,-0.01,-0.05,-0.07,0.06,-0.2,-0.03,-0.42,0.32,9.516,9.653,9.006,9.045,10.3,9.52,11.58,11.28,-0.003,-0.003,-0.004,0.0,-0.01,-80.3064035,26.9209498,804.2
8.7,0.4,0.0,-0.01,-0.05,-0.06,-0.41,-0.14,0.44,-0.42,0.33,9.506,9.663,8.937,9.015,10.5,9.71,11.28,11.09,-0.003,-0.003,-0.004,0.0,-0.01,-80.3064035,26.9209498,804.25
8.7,0.4,0.0,-0.01,-0.05,-0.08,-0.03,-0.2,-0.07,-0.43,0.34,9.555,9.673,8.966,9.006,10.3,9.81,11.58,11.28,-0.003,-0.003,-0.004,0.0,-0.01,-80.3064035,26.9209498,804.3
8.7,0.4,0.0,-0.01,-0.06,-0.07,0.05,-0.06,-0.05,-0.43,0.36,9.496,9.673,8.986,9.006,10.5,9.71,11.67,11.18,-0.003,-0.003,-0.004,0.0,-0.02,-80.3064035,26.9209498,804.35
8.7,0.4,0.0,-0.01,-0.04,-0.08,0.11,0.15,-0.09,-0.42,0.32,9.496,9.682,8.976,9.015,10.2,10.01,11.58,11.38,-0.003,-0.003,-0.004,0.0,-0.02,-80.3064035,26.9209498,804.4
8.7,0.4,0.0,-0.01,-0.05,-0.08,0.13,0.04,0.29,-0.42,0.32,9.496,9.643,8.947,8.996,10.3,9.91,11.87,11.09,-0.003,-0.003,-0.004,0.0,-0.02,-80.3064035,26.9209498,804.45
8.7,0.4,0.0,-0.01,-0.06,-0.08,0.37,0.29,-0.21,-0.42,0.34,9.496,9.663,8.966,9.006,10.5,9.81,11.77,11.28,-0.003,-0.003,-0.004,0.0,-0.02,-80.3064035,26.9209498,804.5
8.7,0.4,0.0,-0.01,-0.05,-0.08,0.39,0.12,0.1,-0.42,0.35,9.496,9.653,8.966,9.025,10.3,9.52,11.58,11.48,-0.003,-0.003,-0.004,0.0,-0.02,-80.3064035,26.9209498,804.55
8.7,0.4,0.0,-0.01,-0.05,-0.09,0.16,0.32,0.02,-0.42,0.32,9.516,9.673,8.976,9.035,10.3,9.71,11.67,11.18,-0.003,-0.003,-0.004,0.0,-0.02,-80.3064035,26.9209498,804.6
8.7,0.4,0.0,-0.01,-0.06,-0.07,0.15,0.2,0.17,-0.42,0.32,9.496,9.673,8.947,8.986,10.3,9.71,11.58,11.28,-0.003,-0.003,-0.004,0.0,-0.02,-80.3064035,26.9209498,804.65
8.7,0.4,0.0,-0.01,-0.04,-0.08,0.07,-0.23,-0.26,-0.43,0.32,9.476,9.673,8.957,9.015,10.3,9.81,11.48,11.09,-0.003,-0.003,-0.004,0.0,-0.02,-80.3064035,26.9209498,804.7
8.7,0.4,0.0,-0.01,-0.06,-0.06,0.18,-0.14,-0.31,-0.42,0.33,9.486,9.653,8.976,9.015,10.3,9.61,11.58,11.38,-0.003,-0.003,-0.004,0.0,-0.03,-80.3064035,26.9209498,804.75
8.7,0.4,0.0,-0.01,-0.04,-0.09,0.16,-0.05,0.0,-0.42,0.33,9.476,9.643,8.917,9.006,10.3,9.71,11.67,11.38,-0.003,-0.003,-0.004,0.0,-0.03,-80.3064035,26.9209498,804.8
8.7,0.4,0.0,-0.01,-0.11,-0.0,-0.01,-0.14,0.1,-0.41,0.34,9.506,9.663,8.957,9.015,10.3,9.71,11.58,11.28,-0.003,-0.003,-0.004,0.0,-0.03,-80.3064035,26.9209498,804.85
8.7,0.4,0.0,-0.01,-0.09,-0.03,0.15,-0.06,-0.34,-0.42,0.32,9.496,9.653,8.947,9.025,10.5,9.71,11.58,11.38,-0.003,-0.003,-0.004,0.0,-0.03,-80.3064035,26.9209498,804.9
8.7,0.4,0.0,-0.01,-0.05,-0.1,0.47,0.0,-0.11,-0.42,0.32,9.496,9.653,8.957,9.035,10.5,9.81,11.58,11.38,-0.003,-0.003,-0.004,0.0,-0.03,-80.3064035,26.9209498,804.95
8.9,0.4,0.0,-0.01,-0.04,-0.04,-0.03,0.0,-0.29,-0.4,0.32,9.476,9.624,8.937,9.025,10.2,9.61,11.77,11.18,-0.003,-0.003,-0.004,0.0,-0.03,-80.3064035,26.9209498,805.0
8.9,0.4,0.0,-0.01,-0.04,-0.07,-0.02,-0.05,-0.13,-0.39,0.32,9.506,9.653,8.937,9.035,10.3,9.71,11.38,10.99,-0.003,-0.003,-0.004,0.0,-0.03,-80.3064035,26.9209498,805.05
8.9,0.4,0.0,-0.01,-0.07,-0.07,0.12,0.21,-0.01,-0.37,0.33,9.496,9.604,8.966,9.025,10.2,9.71,11.58,11.28,-0.003,-0.003,-0.004,0.0,-0.03,-80.3064035,26.9209498,805.1
8.9,0.4,0.0,-0.01,-0.05,-0.08,0.11,-0.04,0.06,-0.35,0.33,9.516,9.624,8.957,9.045,10.5,9.81,11.58,11.28,-0.003,-0.003,-0.004,0.0,-0.03,-80.3064035,26.9209498,805.15
8.7,0.4,0.0,-0.01,-0.04,-0.07,-0.11,-0.14,0.0,-0.42,0.32,9.496,9.633,8.947,9.025,10.5,9.71,11.97,11.38,-0.003,-0.003,-0.004,0.0,-0.04,-80.3064035,26.9209498,805.2
8.9,0.3,0.0,-0.01,-0.06,-0.07,0.22,-0.34,-0.42,-0.43,0.31,9.486,9.673,8.976,9.055,10.2,9.81,11.58,11.18,-0.003,-0.003,-0.004,0.0,-0.04,-80.3064035,26.9209498,805.25
8.7,0.4,0.0,-0.01,-0.06,-0.06,0.04,-0.27,-0.28,-0.43,0.33,9.496,9.663,8.937,9.006,10.4,9.71,11.77,11.48,-0.003,-0.003,-0.004,0.0,-0.04,-80.3064035,26.9209498,805.3
8.7,0.4,0.0,-0.01,-0.04,-0.08,-0.19,-0.25,0.14,-0.45,0.35,9.467,9.653,8.957,9.025,10.4,9.81,11.28,11.28,-0.003,-0.003,-0.004,0.0,-0.04,-80.3064035,26.9209498,805.35
8.9,0.4,0.0,-0.01,-0.06,-0.07,0.25,-0.03,0.05,-0.42,0.32,9.476,9.673,8.947,9.006,10.3,9.61,11.58,10.99,-0.003,-0.003,-0.004,0.0,-0.04,-80.3064035,26.9209498,805.4
8.7,0.4,0.0,-0.01,-0.06,-0.06,0.07,-0.03,-0.36,-0.42,0.33,9.476,9.663,8.947,9.015,10.3,9.71,11.38,11.48,-0.003,-0.003,-0.004,0.0,-0.04,-80.3064035,26.9209498,805.45
8.9,0.4,0.0,-0.01,-0.05,-0.09,-0.02,0.03,-0.22,-0.42,0.33,9.486,9.633,8.937,9.015,10.4,9.81,11.58,11.09,-0.003,-0.003,-0.004,0.0,-0.04,-80.3064035,26.9209498,805.5
8.7,0.4,0.0,-0.01,-0.07,-0.06,0.06,0.25,-0.22,-0.43,0.33,9.476,9.663,8.947,8.996,10.3,10.01,11.77,11.48,-0.003,-0.003,-0.004,0.0,-0.04,-80.3064035,26.9209498,805.55
8.7,0.4,0.0,-0.01,-0.05,-0.08,0.38,-0.41,-0.04,-0.42,0.32,9.486,9.673,8.947,9.006,10.3,9.91,11.87,11.38,-0.003,-0.003,-0.004,0.0,-0.04,-80.3064035,26.9209498,805.6
8.7,0.4,0.0,-0.01,-0.06,-0.06,-0.1,0.02,0.17,-0.42,0.32,9.526,9.633,8.947,8.996,10.5,9.61,11.77,11.38,-0.003,-0.003,-0.004,0.0,-0.05,-80.3064035,26.9209498,805.65
8.9,0.4,0.0,-0.01,-0.03,-0.08,-0.16,-0.13,0.49,-0.41,0.31,9.516,9.663,8.917,9.025,10.5,9.81,11.48,11.18,-0.003,-0.003,-0.004,0.0,-0.05,-80.3064035,26.9209498,805.7
8.7,0.4,0.0,-0.01,-0.06,-0.07,0.17,0.15,-0.13,-0.4,0.3,9.476,9.653,8.937,8.986,9.91,9.61,11.67,11.38,-0.003,-0.003,-0.004,0.0,-0.05,-80.3064035,26.9209498,805.75
8.7,0.4,0.0,-0.01,-0.04,-0.07,-0.32,0.12,-0.05,-0.39,0.29,9.506,9.673,8.927,8.996,10.4,9.61,11.77,11.28,-0.003,-0.003,-0.004,0.0,-0.05,-80.3064035,26.9209498,805.8
8.7,0.4,0.0,-0.01,-0.05,-0.07,0.02,-0.32,-0.06,-0.42,0.32,9.526,9.653,8.976,9.006,10.3,9.91,11.58,10.99,-0.003,-0.003,-0.004,0.0,-0.05,-80.3064035,26.9209498,805.85
8.9,0.3,0.0,-0.01,-0.05,-0.09,-0.12,0.2,-0.38,-0.42,0.32,9.496,9.663,8.976,9.035,10.4,9.91,11.58,11.09,-0.003,-0.003,-0.004,0.0,-0.05,-80.3064035,26.9209498,805.9
8.7,0.4,0.0,-0.01,-0.06,-0.05,0.01,-0.02,-0.2,-0.41,0.3,9.486,9.653,8.957,9.006,10.1,9.71,11.58,11.38,-0.003,-0.003,-0.004,0.0,-0.05,-80.3064035,26.9209498,805.95
8.9,0.3,0.0,-0.01,-0.04,-0.09,0.12,0.21,0.26,-0.42,0.32,9.496,9.653,8.957,9.035,10.1,9.61,11.77,11.58,-0.003,-0.003,-0.004,0.0,-0.01,-80.3064035,26.9209498,806.0
8.7,0.4,0.0,-0.01,-0.06,-0.07,0.38,0.28,-0.33,-0.42,0.32,9.496,9.682,8.966,9.025,10.4,9.52,11.48,11.18,-0.003,-0.003,-0.004,0.0,-0.01,-80.3064035,26.9209498,806.05
8.9,0.4,0.0,-0.01,-0.05,-0.08,0.1,0.16,-0.52,-0.42,0.32,9.496,9.653,8.957,9.015,10.5,9.61,11.58,11.09,-0.003,-0.003,-0.004,0.0,-0.01,-80.3064035,26.9209498,806.1
8.9,0.4,0.0,-0.01,-0.06,-0.06,0.02,-0.0,-0.41,-0.44,0.32,9.496,9.663,8.957,9.025,10.2,9.61,11.28,11.38,-0.003,-0.003,-0.004,0.0,-0.01,-80.3064035,26.9209498,806.15
8.7,0.4,0.0,0.0,-0.04,-0.08,-0.12,0.11,0.22,-0.41,0.31,9.516,9.643,8.937,9.035,10.4,9.71,11.58,11.48,-0.003,-0.003,-0.004,0.0,-0.0,-80.3064035,26.9209498,806.2
8.9,0.4,0.0,-0.0,-0.05,-0.07,0.04,0.4,-0.12,-0.42,0.32,9.506,9.653,8.937,9.025,10.3,9.81,11.87,11.48,-0.003,-0.003,-0.004,0.0,0.0,-80.3064035,26.9209498,806.25
8.7,0.4,0.0,0.0,-0.04,-0.08,0.11,0.23,-0.31,-0.42,0.32,9.516,9.673,8.937,9.015,10.4,9.81,11.77,11.09,-0.003,-0.003,-0.004,0.0,0.0,-80.3064035,26.9209498,806.3
8.9,0.4,0.0,0.0,-0.05,-0.07,0.27,0.14,0.03,-0.42,0.32,9.496,9.643,8.947,9.015,10.3,9.81,11.28,11.38,-0.003,-0.003,-0.004,0.0,0.0,-80.3064035,26.9209498,806.35
8.9,0.4,0.0,0.0,-0.05,-0.08,0.09,0.2,0.12,-0.44,0.32,9.496,9.653,8.966,9.025,10.5,9.71,11.58,11.28,-0.003,-0.003,-0.004,0.0,-0.0,-80.3064035,26.9209498,806.4
8.7,0.4,0.0,0.0,-0.05,-0.06,0.17,-0.09,0.33,-0.44,0.31,9.506,9.653,8.937,9.006,10.5,9.71,11.67,11.28,-0.003,-0.003,-0.004,0.0,-0.0,-80.3064035,26.9209498,806.45
8.7,0.4,0.0,0.0,-0.04,-0.09,-0.13,0.22,-0.05,-0.44,0.32,9.506,9.663,8.937,9.015,10.2,9.61,11.58,11.09,-0.003,-0.003,-0.004,0.0,-0.0,-80.3064035,26.9209498,806.5
8.9,0.4,0.0,0.0,-0.08,-0.06,0.33,0.31,-0.32,-0.42,0.32,9.476,9.682,8.947,9.015,10.3,10.01,11.58,11.38,-0.003,-0.003,-0.004,0.0,-0.0,-80.3064035,26.9209498,806.55
8.9,0.3,0.0,0.0,-0.04,-0.1,0.17,0.19,-0.29,-0.42,0.32,9.496,9.663,8.966,9.035,10.5,9.61,11.58,11.38,-0.003,-0.003,-0.004,0.0,-0.0,-80.3064035,26.9209498,806.6
8.9,0.4,0.0,0.0,-0.07,-0.06,0.42,0.3,-0.09,-0.43,0.32,9.516,9.633,8.966,9.015,10.2,9.42,11.58,11.28,-0.003,-0.003,-0.004,0.0,-0.0,-80.3064035,26.9209498,806.65
8.7,0.4,0.0,0.0,-0.04,-0.09,0.2,0.04,0.05,-0.42,0.32,9.516,9.643,8.937,9.025,10.2,9.71,11.58,11.09,-0.003,-0.003,-0.004,0.0,-0.0,-80.3064035,26.9209498,806.7
8.7,0.4,0.0,0.0,-0.07,-0.06,0.4,-0.22,-0.16,-0.43,0.32,9.506,9.663,8.917,8.986,10.2,9.61,11.58,11.48,-0.003,-0.003,-0.004,0.0,-0.0,-80.3064035,26.9209498,806.75
8.7,0.4,0.0,0.0,-0.04,-0.08,0.11,-0.4,0.24,-0.43,0.32,9.516,9.663,8.898,8.986,10.3,9.91,11.58,11.28,-0.003,-0.003,-0.004,0.0,-0.0,-80.3064035,26.9209498,806.8
8.7,0.4,0.0,0.0,-0.06,-0.06,-0.06,-0.09,-0.5,-0.43,0.32,9.476,9.663,8.937,8.996,10.4,9.81,11.77,11.28,-0.003,-0.003,-0.004,0.0,-0.0,-80.3064035,26.9209498,806.85
8.9,0.4,0.0,0.0,-0.06,-0.07,0.18,-0.18,0.01,-0.42,0.34,9.506,9.663,8.957,9.006,10.1,9.52,11.77,11.09,-0.003,-0.003,-0.004,0.0,-0.0,-80.3064035,26.9209498,806.9
8.7,0.4,0.0,0.01,-0.04,-0.08,-0.03,0.06,-0.36,-0.42,0.32,9.496,9.643,8.947,9.006,10.4,9.61,11.58,11.18,-0.003,-0.003,-0.004,0.0,-0.0,-80.3064035,26.9209498,806.95
8.9,0.3,0.0,0.01,-0.07,-0.07,0.29,-0.09,-0.03,-0.42,0.34,9.496,9.653,8.957,9.025,10.3,9.71,11.67,11.09,-0.003,-0.003,-0.004,0.0,-0.0,-80.3064035,26.9209498,807.0
8.7,0.4,0.0,0.01,-0.06,-0.07,0.14,-0.34,-0.16,-0.43,0.32,9.496,9.663,8.976,9.015,10.3,9.81,11.77,11.58,-0.003,-0.003,-0.004,0.0,-0.0,-80.3064035,26.9209498,807.05
8.7,0.4,0.0,0.01,-0.06,-0.08,0.16,0.22,-0.05,-0.41,0.32,9.506,9.643,8.937,9.006,10.4,9.81,11.48,11.38,-0.003,-0.003,-0.004,0.0,-0.0,-80.3064035,26.9209498,807.1
8.9,0.4,0.0,0.01,-0.05,-0.07,-0.02,-0.04,0.04,-0.45,0.31,9.506,9.663,8.937,9.006,10.3,9.71,11.77,11.38,-0.003,-0.003,-0.004,0.0,-0.0,-80.3064035,26.9209498,807.15
8.9,0.4,0.0,0.01,-0.04,-0.08,-0.18,0.36,-0.12,-0.42,0.32,9.516,9.633,8.986,9.015,10.3,9.81,11.28,11.48,-0.003,-0.003,-0.004,0.0,-0.0,-80.3064035,26.9209498,807.2
8.7,0.4,0.0,0.01,-0.06,-0.06,-0.27,0.04,-0.24,-0.42,0.32,9.496,9.663,8.927,9.006,10.3,10.01,11.77,11.38,-0.003,-0.003,-0.004,0.0,-0.01,-80.3064035,26.9209498,807.25
8.7,0.4,0.0,0.01,-0.04,-0.07,0.04,0.16,0.5,-0.42,0.34,9.516,9.643,8.937,8.976,10.1,9.91,11.87,11.28,-0.003,-0.003,-0.004,0.0,-0.0,-80.3064035,26.9209498,807.3
8.7,0.4,0.0,0.01,-0.05,-0.06,0.02,-0.06,0.22,-0.42,0.32,9.506,9.663,8.966,8.996,10.1,9.71,11.67,11.28,-0.003,-0.003,-0.004,0.0,-0.01,-80.3064035,26.9209498,807.35
8.7,0.4,0.0,0.01,-0.06,-0.08,0.21,-0.03,-0.24,-0.42,0.32,9.516,9.653,8.947,9.015,10.3,9.52,11.58,11.48,-0.003,-0.003,-0.004,0.0,-0.01,-80.3064035,26.9209498,807.4
8.9,0.4,0.0,0.01,-0.05,-0.08,0.15,0.09,-0.15,-0.42,0.32,9.516,9.663,8.957,9.015,10.3,10.01,11.67,11.38,-0.003,-0.003,-0.004,0.0,-0.01,-80.3064035,26.9209497,807.45
8.9,0.4,0.0,0.01,-0.06,-0.07,-0.04,-0.34,0.05,-0.42,0.33,9.486,9.653,8.937,9.015,10.5,9.42,11.18,11.28,-0.003,-0.003,-0.004,0.0,-0.01,-80.3064035,26.9209497,807.5
8.9,0.4,0.0,0.01,-0.06,-0.08,0.03,0.04,0.16,-0.41,0.32,9.516,9.633,8.966,9.015,10.2,9.81,11.67,11.38,-0.003,-0.003,-0.004,0.0,-0.01,-80.3064035,26.9209497,807.55
8.9,0.3,0.0,0.01,-0.05,-0.07,0.04,-0.15,0.14,-0.43,0.33,9.496,9.663,8.966,9.015,10.1,9.91,11.67,11.28,-0.003,-0.003,-0.004,0.0,-0.01,-80.3064035,26.9209497,807.6
8.9,0.4,0.0,0.01,-0.06,-0.06,-0.01,-0.04,-0.39,-0.42,0.32,9.506,9.633,8.937,8.986,10.5,9.71,11.77,11.28,-0.003,-0.003,-0.004,0.0,-0.01,-80.3064035,26.9209497,807.65
8.7,0.4,0.0,0.01,-0.06,-0.07,0.13,0.23,-0.18,-0.42,0.32,9.496,9.653,8.937,9.015,10.5,9.91,11.58,11.18,-0.003,-0.003,-0.004,0.0,-0.01,-80.3064035,26.9209497,807.7
8.9,0.4,0.0,0.01,-0.05,-0.07,0.13,-0.21,-0.13,-0.43,0.33,9.526,9.653,8.957,9.015,10.5,9.91,11.38,11.28,-0.003,-0.003,-0.004,0.0,-0.01,-80.3064035,26.9209497,807.75
8.7,0.4,0.0,0.01,-0.05,-0.07,0.14,0.04,0.05,-0.42,0.34,9.506,9.663,8.966,9.025,10.4,10.01,11.58,10.99,-0.003,-0.003,-0.004,0.0,-0.01,-80.3064035,26.9209497,807.8
8.7,0.4,0.0,0.01,-0.05,-0.07,0.06,0.03,-0.14,-0.42,0.34,9.506,9.633,8.947,9.006,10.5,9.71,11.48,11.38,-0.003,-0.003,-0.004,0.0,-0.01,-80.3064035,26.9209497,807.85
8.7,0.4,0.0,0.01,-0.06,-0.07,0.29,0.04,0.21,-0.42,0.33,9.526,9.663,8.927,8.986,10.3,9.61,11.58,11.09,-0.003,-0.003,-0.004,0.0,-0.01,-80.3064035,26.9209497,807.9
8.9,0.4,0.0,0.01,-0.04,-0.08,-0.05,-0.2,-0.31,-0.42,0.32,9.506,9.653,8.957,9.006,10.2,9.52,11.77,10.99,-0.003,-0.003,-0.004,0.0,-0.01,-80.3064035,26.9209497,807.95
8.9,0.4,0.0,0.01,-0.07,-0.06,0.19,-0.04,0.11,-0.43,0.34,9.486,9.653,8.937,8.996,10.5,9.81,11.58,11.09,-0.003,-0.003,-0.004,0.0,-0.01,-80.3064035,26.9209497,808.0
8.7,0.4,0.0,0.01,-0.04,-0.08,0.3,0.05,0.26,-0.42,0.32,9.506,9.663,8.957,9.006,10.3,9.81,11.67,11.18,-0.003,-0.003,-0.004,0.0,-0.01,-80.3064035,26.9209497,808.05
8.7,0.4,0.0,0.01,-0.05,-0.08,-0.05,0.04,0.47,-0.43,0.34,9.516,9.653,8.947,9.025,10.01,10.01,11.28,11.18,-0.003,-0.003,-0.004,0.0,-0.01,-80.3064035,26.9209497,808.1
8.9,0.4,0.0,0.01,-0.06,-0.08,0.07,0.01,-0.14,-0.44,0.34,9.506,9.643,8.976,9.015,10.3,9.91,11.48,11.18,-0.003,-0.003,-0.004,0.0,-0.01,-80.3064035,26.9209497,808.15
8.9,0.4,0.0,0.01,-0.06,-0.08,0.17,0.22,0.26,-0.42,0.33,9.516,9.682,8.947,9.006,10.3,9.52,11.67,11.58,-0.003,-0.003,-0.004,0.0,-0.01,-80.3064035,26.9209497,808.2
8.9,0.4,0.0,0.01,-0.05,-0.06,0.13,-0.37,0.17,-0.42,0.33,9.496,9.663,8.947,9.015,10.3,9.61,11.58,11.18,-0.003,-0.003,-0.004,0.0,-0.01,-80.3064035,26.9209497,808.25
8.7,0.4,0.0,0.01,-0.07,-0.08,0.44,-0.14,-0.12,-0.44,0.34,9.486,9.643,8.937,9.045,10.59,9.81,11.48,11.09,-0.003,-0.003,-0.004,0.0,-0.01,-80.3064035,26.9209497,808.3
8.7,0.4,0.0,0.02,-0.04,-0.06,-0.26,-0.25,0.14,-0.42,0.33,9.496,9.653,8.947,9.015,10.5,9.81,11.58,11.18,-0.003,-0.003,-0.004,0.0,-0.01,-80.3064035,26.9209497,808.35
8.7,0.4,0.0,0.02,-0.06,-0.07,0.25,0.0,-0.1,-0.44,0.34,9.476,9.653,8.966,9.035,10.3,10.01,11.87,11.28,-0.003,-0.003,-0.004,0.0,-0.01,-80.3064035,26.9209497,808.4
8.7,0.4,0.0,0.02,-0.04,-0.08,-0.1,0.4,-0.23,-0.42,0.33,9.476,9.643,8.966,9.035,10.5,9.71,11.77,11.28,-0.003,-0.003,-0.004,0.0,-0.01,-80.3064036,26.9209497,808.45
8.7,0.4,0.0,0.02,-0.05,-0.06,-0.09,0.19,0.28,-0.43,0.33,9.526,9.643,8.957,9.035,10.2,9.81,11.28,11.28,-0.003,-0.003,-0.004,0.0,-0.01,-80.3064036,26.9209497,808.5
8.7,0.4,0.0,0.02,-0.05,-0.08,-0.18,-0.12,-0.06,-0.44,0.33,9.496,9.673,8.957,9.035,10.5,10.01,11.58,11.48,-0.003,-0.003,-0.004,0.0,-0.01,-80.3064036,26.9209497,808.55
8.7,0.4,0.0,0.02,-0.06,-0.05,-0.02,0.08,0.14,-0.42,0.33,9.516,9.653,8.947,9.025,10.69,9.71,11.58,11.09,-0.003,-0.003,-0.004,0.0,-0.01,-80.3064036,26.9209497,808.6
8.7,0.4,0.0,0.02,-0.05,-0.09,0.1,-0.05,-0.03,-0.43,0.33,9.506,9.643,8.957,9.025,10.3,9.61,11.38,11.38,-0.003,-0.003,-0.004,0.0,-0.01,-80.3064036,26.9209497,808.65
8.9,0.4,0.0,0.02,-0.06,-0.08,0.25,-0.03,0.09,-0.45,0.32,9.496,9.663,8.947,9.055,10.59,9.91,11.18,11.28,-0.003,-0.003,-0.004,0.0,-0.01,-80.3064036,26.9209497,808.7
8.7,0.4,0.0,0.02,-0.06,-0.06,-0.06,-0.2,-0.14,-0.48,0.31,9.486,9.663,8.966,9.025,10.3,9.81,11.67,11.09,-0.003,-0.003,-0.004,0.0,-0.01,-80.3064036,26.9209498,808.75
8.7,0.4,0.0,0.02,-0.04,-0.09,-0.14,0.01,-0.59,-0.42,0.32,9.486,9.663,8.937,8.996,10.5,10.01,11.48,11.28,-0.003,-0.003,-0.004,0.0,-0.01,-80.3064036,26.9209498,808.8
8.7,0.4,0.0,0.02,-0.06,-0.05,-0.07,0.04,0.44,-0.4,0.34,9.516,9.663,8.947,8.996,10.3,9.71,11.77,10.99,-0.003,-0.003,-0.004,0.0,-0.01,-80.3064036,26.9209498,808.85
8.7,0.4,0.0,-0.0,-0.06,-0.08,0.3,-0.02,-0.19,-0.42,0.33,9.506,9.663,8.957,8.996,10.59,9.71,11.77,11.38,-0.003,-0.003,-0.004,0.0,0.0,-80.3064036,26.9209498,808.9
8.7,0.4,0.0,0.0,-0.09,-0.02,0.05,-0.06,0.22,-0.43,0.34,9.496,9.653,8.937,8.996,10.4,9.81,11.87,11.38,-0.003,-0.003,-0.004,0.0,0.0,-80.3064036,26.9209498,808.95
8.7,0.4,0.0,-0.0,-0.07,-0.04,-0.17,-0.3,0.09,-0.43,0.35,9.506,9.653,8.957,9.025,10.4,9.52,11.58,11.18,-0.003,-0.003,-0.004,0.0,0.0,-80.3064036,26.9209498,809.0
8.9,0.4,0.0,0.0,-0.03,-0.07,-0.06,-0.46,0.22,-0.43,0.33,9.496,9.663,8.966,9.025,10.5,9.61,11.58,11.18,-0.003,-0.003,-0.004,0.0,0.0,-80.3064036,26.9209498,809.05
8.9,0.4,0.0,0.0,-0.04,-0.04,-0.04,0.09,-0.61,-0.41,0.33,9.496,9.624,8.976,9.006,10.5,9.71,11.58,11.09,-0.003,-0.003,-0.004,0.0,-0.0,-80.3064036,26.9209498,809.1
8.9,0.4,0.0,0.0,-0.06,-0.1,0.23,0.19,-0.2,-0.4,0.32,9.496,9.653,8.957,9.015,10.59,9.71,11.67,11.28,-0.003,-0.003,-0.004,0.0,-0.0,-80.3064036,26.9209498,809.15
8.9,0.4,0.0,0.0,-0.06,-0.06,0.12,0.1,-0.27,-0.38,0.31,9.526,9.663,8.957,9.015,10.5,9.81,11.48,11.38,-0.003,-0.003,-0.004,0.0,-0.0,-80.3064036,26.9209498,809.2
8.7,0.4,0.0,-0.0,-0.04,-0.09,0.03,0.12,0.37,-0.42,0.33,9.526,9.663,8.957,8.996,10.3,9.71,11.58,11.38,-0.003,-0.003,-0.004,0.0,0.0,-80.3064036,26.9209498,809.25
8.7,0.4,0.0,0.0,-0.05,-0.06,-0.15,-0.32,0.19,-0.42,0.33,9.506,9.633,8.937,9.015,10.5,9.71,11.58,11.38,-0.003,-0.003,-0.004,0.0,-0.0,-80.3064036,26.9209498,809.3
8.7,0.4,0.0,-0.0,-0.05,-0.07,-0.06,0.09,0.37,-0.41,0.33,9.486,9.633,8.966,9.006,10.4,10.01,11.58,11.38,-0.003,-0.003,-0.004,0.0,0.0,-80.3064036,26.9209498,809.35
8.9,0.4,0.0,-0.0,-0.06,-0.06,0.1,-0.21,0.19,-0.42,0.33,9.496,9.663,8.947,8.996,10.3,9.81,11.38,11.48,-0.003,-0.003,-0.004,0.0,0.0,-80.3064036,26.9209498,809.4
8.9,0.4,0.0,-0.0,-0.05,-0.08,0.12,0.02,-0.18,-0.42,0.34,9.486,9.663,8.947,8.996,10.3,9.71,11.38,11.09,-0.003,-0.003,-0.004,0.0,0.0,-80.3064036,26.9209498,809.45
9.0,0.3,0.0,-0.0,-0.05,-0.08,0.06,0.3,0.48,-0.41,0.34,9.496,9.663,9.006,9.084,10.4,9.91,11.28,11.28,-0.003,-0.003,-0.004,0.0,-0.01,-80.3064036,26.9209498,809.5
8.9,0.4,0.0,-0.01,-0.06,-0.08,0.24,-0.07,0.16,-0.42,0.33,9.516,9.643,8.937,9.035,10.3,9.52,11.48,11.09,-0.003,-0.003,-0.004,0.0,-0.01,-80.3064036,26.9209498,809.55
8.9,0.4,0.0,-0.01,-0.05,-0.07,0.17,0.1,0.01,-0.41,0.32,9.496,9.653,8.966,9.035,10.5,9.71,11.38,11.09,-0.003,-0.003,-0.004,0.0,-0.01,-80.3064036,26.9209498,809.6
8.9,0.4,0.0,-0.0,-0.06,-0.06,0.18,0.22,0.04,-0.42,0.34,9.516,9.653,8.947,9.025,10.4,9.81,11.38,11.28,-0.003,-0.003,-0.004,0.0,-0.01,-80.3064036,26.9209498,809.65
8.9,0.4,0.0,-0.0,-0.04,-0.08,0.17,-0.08,-0.33,-0.42,0.32,9.496,9.653,8.976,9.025,10.3,9.61,11.38,11.18,-0.003,-0.003,-0.004,0.0,0.0,-80.3064036,26.9209498,809.7
8.9,0.4,0.0,-0.01,-0.05,-0.1,0.07,0.26,-0.07,-0.42,0.32,9.506,9.663,8.947,9.025,10.2,9.91,11.58,11.09,-0.003,-0.003,-0.004,0.0,-0.01,-80.3064036,26.9209498,809.75
8.7,0.4,0.0,-0.01,-0.06,-0.09,0.1,0.1,-0.0,-0.42,0.33,9.506,9.653,8.947,9.025,10.59,9.71,11.58,11.28,-0.003,-0.003,-0.004,0.0,-0.01,-80.3064036,26.9209498,809.8
8.9,0.4,0.0,-0.01,-0.05,-0.08,-0.26,0.14,-0.3,-0.42,0.32,9.516,9.663,8.957,9.025,10.4,9.91,11.58,11.48,-0.003,-0.003,-0.004,0.0,-0.01,-80.3064036,26.9209498,809.85
8.9,0.3,0.0,-0.01,-0.06,-0.05,0.01,-0.17,0.27,-0.42,0.33,9.486,9.643,8.937,9.015,10.3,9.81,11.38,11.09,-0.003,-0.003,-0.004,0.0,-0.01,-80.3064036,26.9209498,809.9
8.9,0.4,0.0,0.0,-0.05,-0.06,0.09,-0.26,-0.22,-0.43,0.34,9.476,9.624,8.937,9.006,10.4,9.81,11.38,11.28,-0.003,-0.003,-0.004,0.0,0.0,-80.3064036,26.9209498,809.95
8.7,0.4,0.0,-0.0,-0.06,-0.07,0.26,0.22,-0.01,-0.43,0.35,9.516,9.663,8.937,8.986,10.4,9.81,11.77,11.28,-0.003,-0.003,-0.004,0.0,-0.0,-80.3064036,26.9209498,810.0
8.7,0.4,0.0,0.0,-0.05,-0.08,0.01,-0.18,0.28,-0.43,0.33,9.526,9.663,8.957,9.006,10.1,9.71,11.77,11.18,-0.003,-0.003,-0.004,0.0,-0.0,-80.3064036,26.9209498,810.05
8.7,0.4,0.0,-0.01,-0.05,-0.08,0.2,-0.13,-0.07,-0.44,0.34,9.476,9.643,8.937,9.006,10.3,9.71,11.67,11.18,-0.003,-0.003,-0.004,0.0,-0.01,-80.3064036,26.9209498,810.1
8.7,0.4,0.0,-0.0,-0.06,-0.07,-0.12,-0.18,0.1,-0.42,0.34,9.476,9.633,8.947,8.996,10.3,9.52,11.97,11.28,-0.003,-0.003,-0.004,0.0,-0.01,-80.3064037,26.9209498,810.15
8.7,0.4,0.0,-0.01,-0.05,-0.07,0.06,0.3,0.48,-0.42,0.33,9.496,9.663,8.957,9.006,10.3,9.91,11.67,11.09,-0.003,-0.003,-0.004,0.0,-0.01,-80.3064037,26.9209498,810.2
8.9,0.3,0.0,-0.01,-0.06,-0.08,0.29,0.13,-0.15,-0.42,0.32,9.496,9.633,8.966,9.015,10.1,9.81,11.67,11.28,-0.003,-0.003,-0.004,0.0,-0.01,-80.3064037,26.9209498,810.25
8.7,0.4,0.0,-0.0,-0.05,-0.08,-0.1,0.27,-0.13,-0.43,0.34,9.496,9.653,8.937,8.976,10.4,9.91,11.58,11.38,-0.003,-0.003,-0.004,0.0,-0.01,-80.3064037,26.9209498,810.3
8.9,0.4,0.0,-0.01,-0.07,-0.06,0.08,0.06,-0.15,-0.42,0.32,9.496,9.653,8.937,9.006,10.01,9.61,11.67,11.38,-0.003,-0.003,-0.004,0.0,-0.01,-80.3064037,26.9209498,810.35
8.9,0.4,0.0,-0.0,-0.03,-0.09,-0.33,0.01,-0.11,-0.42,0.32,9.506,9.653,8.976,9.035,10.4,9.61,11.58,11.48,-0.003,-0.003,-0.004,0.0,-0.01,-80.3064037,26.9209498,810.4
8.7,0.4,0.0,-0.0,-0.07,-0.06,-0.13,-0.1,-0.14,-0.42,0.33,9.516,9.663,8.957,9.015,10.3,9.71,11.77,11.38,-0.003,-0.003,-0.004,0.0,-0.01,-80.3064037,26.9209498,810.45
8.9,0.4,0.0,-0.0,-0.04,-0.08,-0.08,0.13,0.25,-0.43,0.32,9.496,9.643,8.976,9.055,10.3,9.81,11.58,11.18,-0.003,-0.003,-0.004,0.0,-0.01,-80.3064037,26.9209498,810.5
8.9,0.3,0.0,0.0,-0.06,-0.07,0.17,0.12,-0.29,-0.43,0.32,9.496,9.682,8.966,9.035,10.2,9.81,11.38,11.58,-0.003,-0.003,-0.004,0.0,-0.01,-80.3064037,26.9209498,810.55
8.9,0.4,0.0,0.0,-0.05,-0.07,-0.12,-0.09,0.26,-0.42,0.33,9.506,9.663,8.947,9.035,10.4,9.71,11.58,11.38,-0.003,-0.003,-0.004,0.0,-0.01,-80.3064037,26.9209498,810.6
8.9,0.4,0.0,0.0,-0.06,-0.08,-0.04,0.3,-0.12,-0.4,0.33,9.486,9.653,8.976,8.996,10.4,9.81,11.58,11.38,-0.003,-0.003,-0.004,0.0,-0.01,-80.3064037,26.9209498,810.65
8.9,0.4,0.0,0.0,-0.05,-0.06,-0.11,-0.13,-0.02,-0.39,0.33,9.496,9.643,8.947,9.015,10.2,9.81,11.38,10.99,-0.003,-0.003,-0.004,0.0,-0.01,-80.3064037,26.9209498,810.7
8.9,0.4,0.0,0.01,-0.04,-0.09,-0.01,0.19,-0.2,-0.37,0.32,9.486,9.643,8.937,9.006,10.1,9.81,11.38,11.18,-0.003,-0.003,-0.004,0.0,-0.01,-80.3064037,26.9209498,810.75
8.7,0.4,0.0,0.01,-0.06,-0.08,-0.08,-0.04,-0.08,-0.43,0.34,9.506,9.653,8.907,9.035,10.5,9.61,11.77,11.58,-0.003,-0.003,-0.004,0.0,-0.01,-80.3064037,26.9209498,810.8
8.9,0.4,0.0,0.01,-0.05,-0.07,-0.1,0.05,0.03,-0.43,0.35,9.496,9.663,8.947,9.015,10.5,9.81,11.87,11.28,-0.003,-0.003,-0.004,0.0,-0.01,-80.3064037,26.9209498,810.85
8.9,0.3,0.0,0.01,-0.04,-0.08,0.24,0.02,0.01,-0.43,0.34,9.496,9.663,8.947,9.015,10.4,9.61,11.58,11.38,-0.003,-0.003,-0.004,0.0,-0.01,-80.3064037,26.9209498,810.9
8.9,0.4,0.0,0.01,-0.05,-0.07,-0.22,0.04,0.14,-0.43,0.35,9.496,9.673,8.947,9.006,10.2,9.81,11.67,11.09,-0.003,-0.003,-0.004,0.0,-0.02,-80.3064037,26.9209498,810.95
8.9,0.4,0.0,0.01,-0.05,-0.05,-0.24,0.15,0.35,-0.42,0.33,9.516,9.653,8.957,9.025,10.1,9.61,11.67,11.38,-0.003,-0.003,-0.004,0.0,-0.02,-80.3064037,26.9209498,811.0
8.7,0.4,0.0,0.01,-0.04,-0.08,0.23,0.14,0.19,-0.41,0.35,9.506,9.673,8.917,8.976,10.5,9.71,11.38,11.18,-0.003,-0.003,-0.004,0.0,-0.01,-80.3064037,26.9209498,811.05
8.9,0.4,0.0,0.01,-0.05,-0.06,-0.45,0.22,-0.27,-0.42,0.33,9.506,9.653,8.937,8.996,10.3,9.91,11.58,11.28,-0.003,-0.003,-0.004,0.0,-0.02,-80.3064037,26.9209498,811.1
8.7,0.4,0.0,0.01,-0.05,-0.07,-0.11,-0.18,-0.11,-0.42,0.33,9.506,9.653,8.937,9.015,10.4,9.61,11.28,10.99,-0.003,-0.003,-0.004,0.0,-0.02,-80.3064037,26.9209498,811.15
8.7,0.4,0.0,0.01,-0.05,-0.07,-0.09,0.04,-0.51,-0.43,0.33,9.506,9.653,8.957,9.006,10.4,9.71,11.58,11.18,-0.003,-0.003,-0.004,0.0,-0.02,-80.3064037,26.9209498,811.2
8.7,0.4,0.0,0.01,-0.05,-0.07,-0.05,-0.04,0.25,-0.42,0.33,9.496,9.653,8.937,8.986,10.69,9.71,11.58,11.48,-0.003,-0.003,-0.004,0.0,-0.02,-80.3064037,26.9209498,811.25
8.7,0.4,0.0,0.02,-0.05,-0.07,-0.21,0.13,0.02,-0.42,0.35,9.516,9.663,8.957,9.006,10.4,9.81,11.77,11.67,-0.003,-0.003,-0.004,0.0,-0.02,-80.3064037,26.9209499,811.3
8.9,0.4,0.0,0.02,-0.05,-0.06,-0.12,-0.06,-0.02,-0.43,0.33,9.506,9.682,8.927,9.006,10.2,9.52,11.77,11.67,-0.003,-0.003,-0.004,0.0,-0.02,-80.3064037,26.9209499,811.35
8.9,0.4,0.0,0.02,-0.05,-0.07,-0.05,-0.08,-0.04,-0.42,0.34,9.506,9.653,8.976,9.015,10.3,9.81,11.48,11.28,-0.003,-0.003,-0.004,0.0,-0.02,-80.3064037,26.9209499,811.4
8.9,0.3,0.0,0.02,-0.07,-0.07,0.41,0.04,-0.06,-0.42,0.36,9.496,9.692,8.966,9.025,10.4,9.71,11.48,11.09,-0.003,-0.003,-0.004,0.0,-0.02,-80.3064037,26.9209499,811.45
8.9,0.4,0.0,0.02,-0.06,-0.08,-0.13,0.06,-0.49,-0.42,0.33,9.496,9.673,8.957,9.006,10.2,9.61,11.77,11.38,-0.003,-0.003,-0.004,0.0,-0.02,-80.3064037,26.9209499,811.5
8.9,0.4,0.0,0.02,-0.06,-0.07,0.07,-0.07,0.04,-0.42,0.33,9.506,9.643,8.976,9.025,10.4,9.61,11.67,11.28,-0.003,-0.003,-0.004,0.0,-0.02,-80.3064037,26.9209499,811.55
8.9,0.3,0.0,0.02,-0.05,-0.07,0.08,0.06,-0.28,-0.41,0.33,9.506,9.643,8.966,9.015,10.4,9.81,11.87,11.18,-0.003,-0.003,-0.004,0.0,-0.02,-80.3064037,26.9209499,811.6
8.9,0.3,0.0,0.02,-0.05,-0.06,-0.17,-0.39,0.39,-0.42,0.36,9.496,9.663,8.966,9.015,10.3,9.81,11.87,11.48,-0.003,-0.003,-0.004,0.0,-0.02,-80.3064037,26.9209499,811.65
8.9,0.4,0.0,-0.01,-0.05,-0.07,0.09,-0.35,0.19,-0.42,0.38,9.496,9.663,8.966,9.035,10.4,9.61,11.87,11.38,-0.003,-0.003,-0.004,0.0,-0.01,-80.3064037,26.9209499,811.7
8.9,0.4,0.0,0.0,-0.06,-0.07,0.14,-0.27,-0.19,-0.42,0.33,9.506,9.653,8.976,9.035,10.4,9.71,11.48,11.28,-0.003,-0.003,-0.004,0.0,-0.01,-80.3064037,26.9209499,811.75
8.7,0.4,0.0,0.0,-0.05,-0.07,-0.15,-0.31,-0.18,-0.44,0.32,9.506,9.633,8.937,8.996,10.59,9.71,11.67,11.38,-0.003,-0.003,-0.004,0.0,-0.01,-80.3064037,26.9209499,811.8
8.9,0.4,0.0,-0.01,-0.05,-0.06,0.08,-0.0,0.29,-0.42,0.33,9.496,9.663,8.947,9.025,10.1,9.71,11.38,11.09,-0.003,-0.003,-0.004,0.0,-0.01,-80.3064037,26.9209499,811.85
8.9,0.4,0.0,-0.01,-0.05,-0.09,0.15,0.18,-0.39,-0.42,0.34,9.535,9.663,8.957,9.035,10.5,9.61,11.58,11.28,-0.003,-0.003,-0.004,0.0,-0.01,-80.3064037,26.9209499,811.9
8.9,0.4,0.0,0.0,-0.05,-0.06,-0.19,-0.08,0.0,-0.42,0.36,9.496,9.633,8.966,9.015,10.2,9.61,11.77,11.18,-0.003,-0.003,-0.004,0.0,-0.01,-80.3064037,26.9209499,811.95
8.9,0.4,0.0,-0.01,-0.06,-0.08,0.28,-0.13,-0.02,-0.42,0.38,9.486,9.643,8.966,9.025,10.4,9.71,11.38,11.28,-0.003,-0.003,-0.004,0.0,-0.01,-80.3064037,26.9209499,812.0
8.9,0.4,0.0,-0.01,-0.05,-0.06,0.02,0.04,0.03,-0.42,0.33,9.486,9.653,8.957,9.025,10.3,9.81,11.77,10.99,-0.003,-0.003,-0.004,0.0,-0.01,-80.3064037,26.9209499,812.05
8.7,0.4,0.0,-0.01,-0.04,-0.07,-0.21,-0.04,0.22,-0.42,0.33,9.486,9.643,8.937,8.986,10.4,9.61,11.87,11.09,-0.003,-0.003,-0.004,0.0,-0.01,-80.3064037,26.9209499,812.1
8.7,0.4,0.0,-0.01,-0.05,-0.08,0.12,0.08,-0.03,-0.42,0.34,9.506,9.663,8.927,9.006,10.3,9.61,11.38,11.28,-0.003,-0.003,-0.004,0.0,-0.01,-80.3064037,26.9209498,812.15
8.7,0.4,0.0,-0.01,-0.06,-0.07,0.06,0.05,0.21,-0.42,0.34,9.486,9.643,8.927,9.006,10.3,9.71,11.48,11.28,-0.003,-0.003,-0.004,0.0,-0.01,-80.3064037,26.9209498,812.2
8.7,0.4,0.0,-0.01,-0.04,-0.07,-0.03,0.16,-0.16,-0.41,0.34,9.516,9.663,8.937,8.996,10.4,9.91,11.58,11.58,-0.003,-0.003,-0.004,0.0,-0.01,-80.3064037,26.9209498,812.25
8.7,0.4,0.0,-0.0,-0.06,-0.07,0.2,0.06,0.1,-0.41,0.33,9.486,9.653,8.947,9.035,10.4,9.91,11.77,11.48,-0.003,-0.003,-0.004,0.0,0.0,-80.3064037,26.9209498,812.3
8.7,0.4,0.0,0.0,-0.05,-0.07,-0.07,0.07,-0.12,-0.4,0.34,9.526,9.653,8.937,9.015,10.1,9.61,11.58,11.18,-0.003,-0.003,-0.004,0.0,-0.0,-80.3064037,26.9209498,812.35
8.7,0.4,0.0,0.0,-0.07,-0.08,0.61,0.06,-0.24,-0.42,0.33,9.506,9.653,8.947,8.986,10.3,9.81,12.16,11.28,-0.003,-0.003,-0.004,0.0,0.0,-80.3064037,26.9209498,812.4
8.9,0.4,0.0,0.0,-0.05,-0.07,0.03,0.09,-0.39,-0.41,0.33,9.496,9.643,8.947,9.045,10.3,9.81,11.48,11.28,-0.003,-0.003,-0.004,0.0,0.0,-80.3064036,26.9209498,812.45
8.9,0.4,0.0,0.0,-0.05,-0.08,-0.23,0.05,0.08,-0.44,0.33,9.486,9.673,8.927,9.025,10.1,9.91,11.77,11.28,-0.003,-0.003,-0.004,0.0,0.0,-80.3064036,26.9209498,812.5
8.9,0.4,0.0,0.0,-0.05,-0.07,-0.1,-0.15,-0.04,-0.44,0.33,9.496,9.633,8.957,9.025,10.3,9.42,11.77,11.09,-0.003,-0.003,-0.004,0.0,0.0,-80.3064036,26.9209498,812.55
8.9,0.4,0.0,0.0,-0.04,-0.07,-0.26,-0.08,-0.01,-0.43,0.33,9.496,9.643,8.947,9.035,10.59,9.91,11.87,11.09,-0.003,-0.003,-0.004,0.0,0.0,-80.3064036,26.9209498,812.6
8.9,0.4,0.0,0.0,-0.04,-0.07,-0.19,-0.07,0.35,-0.44,0.33,9.506,9.663,8.966,9.025,10.79,9.61,11.58,11.18,-0.003,-0.003,-0.004,0.0,-0.0,-80.3064036,26.9209498,812.65
8.9,0.4,0.0,0.0,-0.07,-0.06,-0.09,0.1,0.02,-0.44,0.33,9.506,9.663,8.937,9.015,10.2,9.71,11.48,11.48,-0.003,-0.003,-0.004,0.0,-0.0,-80.3064036,26.9209498,812.7
8.9,0.4,0.0,-0.0,-0.04,-0.07,0.15,-0.31,-0.12,-0.45,0.32,9.476,9.643,8.966,9.035,10.2,9.52,11.67,11.09,-0.003,-0.003,-0.004,0.0,0.0,-80.3064036,26.9209498,812.75
8.7,0.4,0.0,-0.0,-0.05,-0.08,-0.11,0.15,-0.26,-0.46,0.32,9.496,9.673,8.957,9.006,10.3,9.71,11.58,11.38,-0.003,-0.003,-0.004,0.0,-0.0,-80.3064036,26.9209498,812.8
8.9,0.4,0.0,0.0,-0.05,-0.07,-0.21,0.26,0.22,-0.43,0.33,9.506,9.663,8.957,8.996,10.5,9.71,11.58,11.28,-0.003,-0.003,-0.004,0.0,-0.0,-80.3064036,26.9209498,812.85
8.9,0.3,0.0,-0.0,-0.07,-0.09,0.28,0.46,0.2,-0.42,0.33,9.506,9.653,8.957,8.996,10.5,9.81,11.48,10.99,-0.003,-0.003,-0.004,0.0,-0.0,-80.3064036,26.9209498,812.9
8.9,0.4,0.0,0.0,-0.08,-0.07,0.21,-0.13,-0.19,-0.45,0.34,9.486,9.673,9.006,9.035,10.2,9.91,11.58,11.38,-0.003,-0.003,-0.004,0.0,-0.0,-80.3064036,26.9209498,812.95
8.9,0.4,0.0,-0.0,0.02,-0.12,-0.23,-0.15,0.28,-0.47,0.35,9.476,9.663,8.957,9.015,10.4,9.52,11.58,11.28,-0.003,-0.003,-0.004,0.0,-0.0,-80.3064036,26.9209498,813.0
8.9,0.4,0.0,-0.0,0.01,-0.15,0.05,-0.24,-0.12,-0.49,0.35,9.486,9.653,8.937,8.976,10.1,9.71,11.87,11.18,-0.003,-0.003,-0.004,0.0,-0.0,-80.3064036,26.9209498,813.05
8.9,0.4,0.0,-0.0,-0.06,-0.05,0.14,-0.22,0.29,-0.43,0.33,9.526,9.673,9.006,9.035,10.4,9.71,12.07,11.18,-0.003,-0.003,-0.004,0.0,-0.0,-80.3064036,26.9209498,813.1
8.9,0.4,0.0,-0.0,-0.05,-0.09,0.01,-0.12,0.45,-0.43,0.32,9.496,9.682,8.937,8.996,10.1,9.71,11.48,11.28,-0.003,-0.003,-0.004,0.0,-0.0,-80.3064036,26.9209498,813.15
8.7,0.4,0.0,-0.0,-0.06,-0.06,-0.29,0.17,-0.59,-0.43,0.33,9.467,9.624,8.927,9.006,10.2,9.71,11.67,11.09,-0.003,-0.003,-0.004,0.0,-0.0,-80.3064036,26.9209498,813.2
8.9,0.4,0.0,0.0,-0.05,-0.07,-0.2,0.04,-0.07,-0.43,0.34,9.516,9.692,8.947,9.015,10.3,9.71,11.48,11.38,-0.003,-0.003,-0.004,0.0,-0.0,-80.3064036,26.9209498,813.25
8.7,0.4,0.0,-0.0,-0.06,-0.09,0.46,-0.05,0.33,-0.42,0.34,9.496,9.673,8.947,9.015,10.4,9.81,11.67,11.28,-0.003,-0.003,-0.004,0.0,-0.0,-80.3064036,26.9209498,813.3
9.0,0.3,0.0,0.0,-0.06,-0.07,0.05,0.18,0.02,-0.42,0.34,9.496,9.633,9.025,9.084,10.2,9.81,11.48,10.79,-0.003,-0.003,-0.004,0.0,-0.0,-80.3064036,26.9209498,813.35
8.9,0.3,0.0,-0.0,-0.05,-0.08,0.1,-0.44,-0.18,-0.42,0.35,9.516,9.653,8.927,9.006,10.4,9.61,11.58,11.38,-0.003,-0.003,-0.004,0.0,-0.0,-80.3064036,26.9209497,813.4
8.7,0.4,0.0,0.0,-0.06,-0.07,0.16,-0.18,-0.26,-0.43,0.33,9.506,9.653,8.947,9.006,10.01,10.01,11.77,11.28,-0.003,-0.003,-0.004,0.0,-0.0,-80.3064036,26.9209497,813.45
8.7,0.4,0.0,-0.0,-0.06,-0.07,0.2,0.04,-0.54,-0.43,0.34,9.476,9.633,8.947,9.006,10.3,9.61,11.58,11.77,-0.003,-0.003,-0.004,0.0,-0.0,-80.3064036,26.9209497,813.5
8.9,0.3,0.0,-0.0,-0.06,-0.07,-0.18,-0.13,-0.63,-0.43,0.37,9.506,9.663,8.917,8.976,10.5,9.81,11.58,11.28,-0.003,-0.003,-0.004,0.0,-0.0,-80.3064036,26.9209497,813.55
8.7,0.4,0.0,-0.0,-0.04,-0.06,0.01,0.09,0.44,-0.43,0.39,9.535,9.663,8.947,9.006,10.4,9.61,11.58,11.09,-0.003,-0.003,-0.004,0.0,-0.0,-80.3064036,26.9209497,813.6
8.7,0.4,0.0,0.0,-0.04,-0.08,-0.33,-0.06,0.15,-0.43,0.33,9.535,9.663,8.898,8.947,10.3,9.61,11.58,11.28,-0.003,-0.003,-0.004,0.0,-0.0,-80.3064036,26.9209497,813.65
8.9,0.4,0.0,-0.0,-0.08,-0.03,0.07,0.12,0.07,-0.42,0.33,9.516,9.663,8.966,8.957,10.5,9.52,11.67,11.38,-0.003,-0.003,-0.004,0.0,-0.0,-80.3064036,26.9209497,813.7
8.9,0.3,0.0,0.0,-0.06,-0.09,0.04,0.24,0.59,-0.41,0.32,9.467,9.633,8.976,9.015,10.3,9.61,11.77,11.28,-0.003,-0.003,-0.004,0.0,-0.0,-80.3064036,26.9209497,813.75
8.7,0.4,0.0,-0.0,-0.04,-0.08,-0.04,-0.29,-0.03,-0.4,0.32,9.526,9.653,8.966,9.064,10.2,9.61,11.77,11.38,-0.003,-0.003,-0.004,0.0,-0.0,-80.3064036,26.9209497,813.8
8.9,0.3,0.0,0.0,-0.03,-0.08,-0.14,-0.18,0.07,-0.39,0.32,9.565,9.682,8.986,9.064,10.79,9.61,11.58,11.28,-0.003,-0.003,-0.004,0.0,-0.0,-80.3064036,26.9209498,813.85
8.7,0.4,0.0,-0.0,-0.07,-0.07,0.22,0.06,-0.36,-0.37,0.31,9.535,9.663,8.858,8.966,10.5,9.61,11.38,11.38,-0.003,-0.003,-0.004,0.0,-0.0,-80.3064036,26.9209498,813.9
8.9,0.4,0.0,-0.0,-0.05,-0.05,-0.34,0.53,-0.29,-0.42,0.33,9.476,9.604,8.927,9.025,10.4,9.61,11.58,11.28,-0.003,-0.003,-0.004,0.0,-0.0,-80.3064036,26.9209498,813.95
8.9,0.4,0.0,-0.0,-0.04,-0.07,0.27,-0.25,-0.2,-0.43,0.35,9.535,9.633,8.957,9.025,10.4,9.71,11.67,11.09,-0.003,-0.003,-0.004,0.0,-0.0,-80.3064036,26.9209498,814.0
8.9,0.4,0.0,-0.0,-0.05,-0.1,0.07,0.31,0.29,-0.44,0.33,9.565,9.682,8.966,8.996,10.4,9.71,11.58,11.38,-0.003,-0.003,-0.004,0.0,-0.0,-80.3064036,26.9209498,814.05
8.9,0.4,0.0,-0.0,-0.05,-0.09,-0.24,0.32,-0.0,-0.42,0.33,9.535,9.653,8.957,9.025,10.5,9.61,11.58,11.38,-0.003,-0.003,-0.004,0.0,-0.0,-80.3064036,26.9209498,814.1
8.9,0.4,0.0,0.0,-0.05,-0.08,-0.26,0.08,-0.13,-0.42,0.33,9.467,9.643,8.927,8.966,10.01,9.42,11.58,11.38,-0.003,-0.003,-0.004,0.0,-0.01,-80.3064036,26.9209498,814.15
8.9,0.4,0.0,-0.0,-0.04,-0.07,0.25,0.06,0.88,-0.43,0.34,9.496,9.673,8.947,9.015,10.4,9.42,11.67,11.38,-0.003,-0.003,-0.004,0.0,-0.0,-80.3064036,26.9209498,814.2
8.7,0.4,0.0,-0.0,-0.05,-0.07,-0.02,0.1,0.18,-0.42,0.33,9.496,9.673,8.976,9.055,10.3,9.61,11.28,11.28,-0.003,-0.003,-0.004,0.0,-0.0,-80.3064036,26.9209498,814.25
8.7,0.4,0.0,-0.0,-0.06,-0.08,-0.13,-0.07,-0.19,-0.44,0.35,9.516,9.653,8.947,8.966,10.2,9.81,11.38,11.38,-0.003,-0.003,-0.004,0.0,-0.01,-80.3064036,26.9209498,814.3
8.7,0.4,0.0,-0.0,-0.07,-0.08,0.26,0.05,0.48,-0.43,0.34,9.457,9.633,8.947,9.006,10.3,9.91,11.58,11.09,-0.003,-0.003,-0.004,0.0,-0.0,-80.3064036,26.9209498,814.35
8.9,0.4,0.0,0.0,-0.04,-0.07,-0.36,0.2,0.11,-0.42,0.33,9.496,9.682,8.937,8.986,10.3,9.52,11.38,11.09,-0.003,-0.003,-0.004,0.0,-0.01,-80.3064036,26.9209497,814.4
8.9,0.3,0.0,-0.0,-0.05,-0.07,0.21,0.43,0.13,-0.42,0.33,9.496,9.682,8.976,9.045,10.2,9.71,11.48,11.38,-0.003,-0.003,-0.004,0.0,-0.0,-80.3064036,26.9209497,814.45
8.9,0.4,0.0,0.0,-0.05,-0.08,-0.41,0.17,0.09,-0.42,0.33,9.486,9.653,8.966,9.035,10.5,9.61,11.67,11.38,-0.003,-0.003,-0.004,0.0,-0.01,-80.3064036,26.9209497,814.5
8.7,0.4,0.0,-0.0,-0.06,-0.07,0.16,-0.02,-0.05,-0.44,0.32,9.506,9.643,8.937,9.006,10.3,9.71,11.48,11.28,-0.003,-0.003,-0.004,0.0,-0.0,-80.3064037,26.9209497,814.55
8.7,0.4,0.0,-0.0,-0.04,-0.08,-0.03,-0.03,0.07,-0.46,0.3,9.516,9.643,8.927,9.006,10.4,9.81,11.77,11.38,-0.003,-0.003,-0.004,0.0,-0.01,-80.3064037,26.9209497,814.6
8.9,0.3,0.0,-0.0,-0.05,-0.08,-0.01,0.13,-0.19,-0.43,0.35,9.486,9.673,8.966,9.025,10.5,9.42,11.67,11.77,-0.003,-0.003,-0.004,0.0,-0.0,-80.3064037,26.9209497,814.65
8.9,0.4,0.0,-0.0,-0.04,-0.05,-0.11,-0.13,0.24,-0.43,0.33,9.516,9.643,8.947,9.015,10.3,9.61,11.77,11.18,-0.003,-0.003,-0.004,0.0,-0.01,-80.3064037,26.9209497,814.7
8.9,0.4,0.0,-0.0,-0.05,-0.08,0.12,0.04,0.23,-0.43,0.33,9.506,9.653,8.966,9.035,10.3,9.61,11.58,11.09,-0.003,-0.003,-0.004,0.0,-0.01,-80.3064037,26.9209497,814.75
8.7,0.4,0.0,-0.0,-0.05,-0.07,-0.03,0.06,0.4,-0.43,0.32,9.496,9.653,8.966,9.025,10.3,10.01,11.87,11.58,-0.003,-0.003,-0.004,0.0,-0.01,-80.3064037,26.9209497,814.8
8.7,0.4,0.0,-0.0,-0.05,-0.09,0.04,0.43,0.08,-0.43,0.3,9.516,9.633,8.957,9.006,10.5,9.81,11.48,11.28,-0.003,-0.003,-0.004,0.0,-0.01,-80.3064037,26.9209497,814.85
8.7,0.4,0.0,-0.0,-0.05,-0.09,0.15,0.22,0.26,-0.42,0.28,9.516,9.643,8.937,9.006,10.4,9.71,11.48,11.09,-0.003,-0.003,-0.004,0.0,-0.01,-80.3064037,26.9209497,814.9
8.9,0.4,0.0,-0.0,-0.05,-0.07,0.07,-0.08,0.05,-0.43,0.34,9.506,9.653,8.976,9.006,10.3,9.71,11.48,11.28,-0.003,-0.003,-0.004,0.0,-0.01,-80.3064037,26.9209497,814.95
8.9,0.4,0.0,-0.0,-0.05,-0.08,0.14,0.08,0.13,-0.43,0.33,9.516,9.653,8.986,9.015,10.3,9.81,11.77,11.09,-0.003,-0.003,-0.004,0.0,-0.01,-80.3064037,26.9209497,815.0
8.9,0.4,0.0,-0.0,-0.07,-0.04,-0.31,0.12,-0.1,-0.42,0.33,9.496,9.663,8.966,9.035,10.2,10.01,11.67,11.58,-0.003,-0.003,-0.004,0.0,-0.01,-80.3064037,26.9209497,815.05
8.9,0.4,0.0,-0.0,-0.07,-0.03,-0.28,0.08,0.32,-0.43,0.34,9.496,9.663,8.966,9.006,10.2,9.61,11.58,11.09,-0.003,-0.003,-0.004,0.0,-0.01,-80.3064037,26.9209497,815.1
8.9,0.4,0.0,-0.0,-0.06,-0.1,0.18,0.23,0.11,-0.44,0.33,9.496,9.633,8.966,9.006,10.3,9.71,11.67,10.99,-0.003,-0.003,-0.004,0.0,-0.01,-80.3064037,26.9209497,815.15
8.9,0.4,0.0,-0.0,-0.06,-0.09,-0.11,-0.0,-0.2,-0.43,0.35,9.496,9.624,8.947,9.006,10.2,9.81,11.38,11.38,-0.003,-0.003,-0.004,0.0,-0.01,-80.3064037,26.9209497,815.2
8.9,0.4,0.0,-0.0,-0.04,-0.07,-0.19,-0.1,0.04,-0.44,0.34,9.506,9.633,8.957,9.006,10.4,9.52,11.67,11.09,-0.003,-0.003,-0.004,0.0,-0.01,-80.3064037,26.9209497,815.25
8.7,0.4,0.0,-0.0,-0.05,-0.06,-0.05,0.11,0.24,-0.42,0.34,9.506,9.643,8.937,9.006,10.3,9.91,11.38,11.38,-0.003,-0.003,-0.004,0.0,-0.01,-80.3064037,26.9209497,815.3
8.7,0.4,0.0,-0.0,-0.05,-0.07,0.02,0.03,0.16,-0.43,0.34,9.496,9.673,8.937,8.996,10.5,9.61,11.58,11.28,-0.003,-0.003,-0.004,0.0,-0.01,-80.3064037,26.9209497,815.35
8.9,0.4,0.0,-0.0,-0.06,-0.08,0.25,-0.06,-0.04,-0.43,0.33,9.496,9.633,8.957,9.006,10.2,9.71,11.58,11.18,-0.003,-0.003,-0.004,0.0,-0.01,-80.3064037,26.9209497,815.4
8.7,0.4,0.0,-0.0,-0.06,-0.09,0.04,0.09,0.21,-0.44,0.35,9.516,9.643,8.947,9.006,10.4,9.71,11.58,11.18,-0.003,-0.003,-0.004,0.0,-0.01,-80.3064037,26.9209497,815.45
8.9,0.4,0.0,-0.0,-0.05,-0.07,-0.26,0.2,0.08,-0.43,0.33,9.496,9.653,8.937,9.006,10.3,9.61,11.58,11.18,-0.003,-0.003,-0.004,0.0,-0.01,-80.3064037,26.9209497,815.5
8.9,0.4,0.0,-0.0,-0.06,-0.07,0.11,-0.04,-0.21,-0.43,0.34,9.506,9.653,8.966,9.035,10.4,9.71,11.77,11.18,-0.003,-0.003,-0.004,0.0,-0.01,-80.3064037,26.9209497,815.55
8.9,0.3,0.0,-0.0,-0.05,-0.07,0.14,0.13,0.15,-0.43,0.35,9.506,9.663,8.957,9.015,10.4,9.52,11.38,11.09,-0.003,-0.003,-0.004,0.0,-0.01,-80.3064037,26.9209497,815.6
8.7,0.4,0.0,-0.0,-0.06,-0.07,0.01,0.0,-0.03,-0.44,0.34,9.506,9.653,8.947,8.996,10.4,9.81,11.58,11.09,-0.003,-0.003,-0.004,0.0,-0.01,-80.3064037,26.9209497,815.65
8.9,0.4,0.0,-0.0,-0.06,-0.08,0.21,0.05,0.09,-0.43,0.34,9.496,9.663,8.947,9.006,9.91,9.81,11.38,11.38,-0.003,-0.003,-0.004,0.0,0.0,-80.3064037,26.9209497,815.7
8.7,0.4,0.0,0.0,-0.04,-0.08,-0.21,-0.06,0.06,-0.44,0.34,9.496,9.643,8.927,9.006,10.2,9.81,11.58,11.28,-0.003,-0.003,-0.004,0.0,-0.0,-80.3064037,26.9209497,815.75
8.9,0.4,0.0,-0.0,-0.06,-0.07,0.05,-0.29,-0.44,-0.43,0.34,9.486,9.663,8.947,9.006,10.3,9.42,11.67,11.18,-0.003,-0.003,-0.004,0.0,-0.0,-80.3064037,26.9209497,815.8
8.9,0.4,0.0,0.0,-0.06,-0.06,0.09,0.07,-0.01,-0.45,0.32,9.506,9.682,8.957,9.035,10.3,9.71,11.38,11.28,-0.003,-0.003,-0.004,0.0,-0.0,-80.3064037,26.9209497,815.85
8.7,0.4,0.0,0.0,-0.05,-0.08,-0.15,-0.11,-0.38,-0.44,0.35,9.516,9.653,8.947,8.996,10.2,9.61,11.77,11.38,-0.003,-0.003,-0.004,0.0,-0.0,-80.3064037,26.9209497,815.9
8.9,0.4,0.0,-0.0,-0.05,-0.07,0.28,0.26,0.02,-0.42,0.34,9.506,9.643,8.976,9.025,10.3,9.71,11.38,11.18,-0.003,-0.003,-0.004,0.0,-0.0,-80.3064037,26.9209498,815.95
8.9,0.4,0.0,0.0,-0.06,-0.08,0.44,0.16,0.17,-0.43,0.34,9.506,9.673,8.966,9.015,10.1,9.81,11.77,11.48,-0.003,-0.003,-0.004,0.0,-0.0,-80.3064037,26.9209498,816.0
8.9,0.4,0.0,0.0,-0.05,-0.08,-0.15,0.12,0.06,-0.42,0.34,9.516,9.643,8.937,9.025,10.5,9.71,11.58,11.48,-0.003,-0.003,-0.004,0.0,-0.0,-80.3064037,26.9209498,816.05
8.9,0.4,0.0,0.0,-0.04,-0.08,-0.29,0.42,-0.36,-0.42,0.33,9.496,9.663,8.927,9.015,10.1,9.42,11.58,11.48,-0.003,-0.003,-0.004,0.0,-0.01,-80.3064037,26.9209498,816.1
8.9,0.4,0.0,0.0,-0.05,-0.06,-0.16,0.07,0.14,-0.42,0.33,9.516,9.663,8.957,9.015,10.3,9.81,11.77,11.38,-0.003,-0.003,-0.004,0.0,-0.01,-80.3064037,26.9209498,816.15
8.7,0.4,0.0,0.0,-0.05,-0.08,-0.17,-0.08,0.3,-0.42,0.34,9.506,9.643,8.927,8.996,10.1,9.61,11.38,11.38,-0.003,-0.003,-0.004,0.0,-0.01,-80.3064037,26.9209498,816.2
8.9,0.4,0.0,0.0,-0.05,-0.08,-0.2,0.05,-0.02,-0.42,0.34,9.506,9.633,8.937,9.035,10.3,9.71,11.77,11.18,-0.003,-0.003,-0.004,0.0,-0.01,-80.3064037,26.9209498,816.25
8.7,0.4,0.0,0.0,-0.07,-0.07,0.28,0.16,-0.34,-0.42,0.33,9.496,9.663,8.927,9.006,10.5,9.61,11.67,11.28,-0.003,-0.003,-0.004,0.0,-0.01,-80.3064037,26.9209498,816.3
8.9,0.4,0.0,0.0,-0.04,-0.08,0.03,0.0,0.19,-0.42,0.34,9.506,9.633,8.957,9.025,10.5,9.61,11.67,11.48,-0.003,-0.003,-0.004,0.0,-0.01,-80.3064037,26.9209498,816.35
8.7,0.4,0.0,0.0,-0.07,-0.07,0.1,-0.11,-0.32,-0.42,0.33,9.486,9.653,8.937,9.015,10.5,9.91,11.28,11.38,-0.003,-0.003,-0.004,0.0,-0.01,-80.3064037,26.9209498,816.4
8.7,0.4,0.0,-0.0,-0.06,-0.07,0.29,0.11,-0.19,-0.42,0.33,9.506,9.643,8.947,8.996,10.2,9.91,11.28,10.99,-0.003,-0.003,-0.004,0.0,-0.01,-80.3064037,26.9209498,816.45
8.9,0.4,0.0,0.0,-0.05,-0.08,-0.17,0.13,0.23,-0.42,0.34,9.496,9.643,8.986,9.025,10.4,9.81,11.67,11.28,-0.003,-0.003,-0.004,0.0,-0.01,-80.3064037,26.9209498,816.5
8.9,0.4,0.0,0.0,-0.05,-0.08,-0.22,0.01,0.2,-0.43,0.35,9.496,9.643,8.927,9.015,10.2,9.71,11.77,11.38,-0.003,-0.003,-0.004,0.0,-0.01,-80.3064037,26.9209498,816.55
8.9,0.4,0.0,0.01,-0.06,-0.07,0.14,-0.36,0.02,-0.43,0.34,9.496,9.653,8.947,9.006,10.3,9.61,11.48,11.38,-0.003,-0.003,-0.004,0.0,-0.0,-80.3064037,26.9209498,816.6
8.9,0.4,0.0,0.0,-0.06,-0.06,-0.07,-0.2,-0.01,-0.42,0.35,9.526,9.663,8.947,9.006,10.01,9.81,11.48,11.28,-0.003,-0.003,-0.004,0.0,0.0,-80.3064037,26.9209498,816.65
8.9,0.4,0.0,0.0,-0.05,-0.08,-0.12,0.06,0.03,-0.42,0.34,9.526,9.673,8.947,9.025,10.4,9.71,11.58,11.28,-0.003,-0.003,-0.004,0.0,-0.0,-80.3064037,26.9209498,816.7
8.9,0.4,0.0,0.0,-0.05,-0.08,0.08,-0.04,0.16,-0.42,0.35,9.516,9.633,8.966,9.025,10.01,9.91,11.77,11.28,-0.003,-0.003,-0.004,0.0,0.0,-80.3064037,26.9209498,816.75
8.7,0.4,0.0,0.01,-0.05,-0.07,0.02,-0.39,0.14,-0.43,0.33,9.496,9.633,8.927,8.986,10.2,9.71,11.87,11.28,-0.003,-0.003,-0.004,0.0,-0.01,-80.3064037,26.9209498,816.8
8.9,0.4,0.0,0.01,-0.04,-0.1,-0.05,0.01,-0.0,-0.41,0.35,9.486,9.663,8.986,8.966,10.4,9.61,11.58,11.28,-0.003,-0.003,-0.004,0.0,-0.01,-80.3064037,26.9209498,816.85
9.0,0.4,0.0,0.01,-0.07,-0.06,-0.01,-0.21,0.08,-0.42,0.35,9.496,9.663,8.976,9.035,10.4,9.61,11.38,11.09,-0.003,-0.003,-0.004,0.0,-0.01,-80.3064037,26.9209498,816.9
9.1,0.4,0.0,0.01,-0.03,-0.07,-0.1,0.18,0.16,-0.42,0.34,9.496,9.673,8.957,9.045,10.3,9.71,11.48,11.18,-0.003,-0.003,-0.004,0.0,-0.01,-80.3064037,26.9209498,816.95
9.3,0.3,0.0,0.01,-0.07,-0.05,0.17,-0.12,0.06,-0.43,0.34,9.516,9.633,8.986,9.035,10.3,9.71,11.48,11.18,-0.003,-0.003,-0.004,0.0,-0.01,-80.3064037,26.9209498,817.0
9.5,0.4,0.0,0.01,-0.04,-0.1,-0.07,-0.22,0.0,-0.42,0.33,9.506,9.663,8.927,8.976,10.5,9.81,11.58,11.38,-0.003,-0.003,-0.004,0.0,-0.01,-80.3064037,26.9209498,817.05
9.5,0.4,0.0,0.0,-0.07,-0.05,-0.02,-0.13,0.16,-0.42,0.34,9.496,9.663,8.976,9.035,10.4,9.81,11.38,11.38,-0.003,-0.003,-0.004,0.0,-0.01,-80.3064037,26.9209498,817.1
9.5,0.3,0.0,0.0,-0.05,-0.07,-0.07,-0.23,-0.16,-0.43,0.33,9.496,9.663,8.976,9.015,10.3,9.81,11.58,11.09,-0.003,-0.003,-0.004,0.0,-0.01,-80.3064037,26.9209498,817.15
9.4,0.4,0.0,0.0,-0.05,-0.07,0.09,0.28,-0.07,-0.41,0.35,9.496,9.673,8.966,9.006,10.4,9.61,11.67,11.28,-0.003,-0.003,-0.004,0.0,-0.01,-80.3064037,26.9209498,817.2
9.4,0.4,0.0,0.01,-0.05,-0.06,-0.14,-0.01,-0.3,-0.42,0.33,9.516,9.643,8.957,9.045,10.4,9.91,11.77,11.09,-0.003,-0.003,-0.004,0.0,-0.0,-80.3064037,26.9209498,817.25
9.4,0.4,0.0,0.01,-0.05,-0.06,-0.22,-0.56,0.1,-0.43,0.34,9.486,9.643,8.927,9.015,10.4,9.81,11.58,11.28,-0.003,-0.003,-0.004,0.0,-0.0,-80.3064037,26.9209498,817.3
9.4,0.3,0.0,0.0,-0.05,-0.08,-0.2,0.14,0.01,-0.42,0.33,9.506,9.643,8.937,9.015,10.3,9.91,11.58,11.28,-0.003,-0.003,-0.004,0.0,-0.01,-80.3064037,26.9209498,817.35
9.3,0.4,0.0,0.0,-0.04,-0.08,0.12,-0.2,0.08,-0.42,0.37,9.535,9.653,8.957,9.006,10.2,9.52,11.38,11.38,-0.003,-0.003,-0.004,0.0,-0.01,-80.3064037,26.9209499,817.4
9.2,0.4,0.0,0.0,-0.05,-0.07,-0.02,-0.04,0.32,-0.42,0.39,9.506,9.643,8.907,9.006,10.2,9.71,11.67,11.38,-0.003,-0.003,-0.004,0.0,-0.01,-80.3064037,26.9209499,817.45
9.1,0.4,0.0,0.0,-0.04,-0.06,-0.31,-0.24,0.02,-0.42,0.42,9.506,9.643,8.937,8.996,10.59,9.61,11.58,11.28,-0.003,-0.003,-0.004,0.0,-0.02,-80.3064037,26.9209499,817.5
9.2,0.3,0.0,0.0,-0.05,-0.06,-0.09,0.21,0.29,-0.42,0.44,9.545,9.692,8.966,9.055,10.01,9.71,11.67,11.38,-0.003,-0.003,-0.004,0.0,-0.02,-80.3064037,26.9209499,817.55
9.2,0.4,0.0,0.0,-0.04,-0.07,-0.02,0.1,-0.22,-0.42,0.47,9.476,9.663,8.927,8.986,10.2,9.71,11.58,11.18,-0.003,-0.003,-0.004,0.0,-0.02,-80.3064037,26.9209499,817.6
9.1,0.4,0.0,0.01,-0.04,-0.09,0.08,0.12,0.44,-0.41,0.35,9.467,9.614,8.957,8.986,10.3,9.71,11.38,10.89,-0.003,-0.003,-0.004,0.0,-0.0,-80.3064037,26.9209499,817.65
9.2,0.4,0.0,0.0,-0.05,-0.09,-0.17,0.2,0.14,-0.42,0.34,9.526,9.692,8.957,9.035,10.3,9.61,11.38,11.09,-0.003,-0.003,-0.004,0.0,-0.01,-80.3064037,26.9209499,817.7
9.2,0.4,0.0,0.0,-0.07,-0.07,0.01,-0.16,0.07,-0.43,0.34,9.535,9.692,8.947,9.045,10.5,9.91,11.67,11.09,-0.003,-0.003,-0.004,0.0,-0.01,-80.3064037,26.9209499,817.75
9.1,0.4,0.0,0.0,-0.06,-0.08,0.33,0.21,-0.15,-0.42,0.35,9.467,9.633,8.927,8.966,10.5,9.61,11.58,11.28,-0.003,-0.003,-0.004,0.0,-0.01,-80.3064037,26.9209499,817.8
9.2,0.4,0.0,0.0,-0.04,-0.07,-0.22,0.13,-0.11,-0.41,0.35,9.467,9.633,8.947,9.006,10.1,9.71,11.87,11.58,-0.003,-0.003,-0.004,0.0,-0.02,-80.3064037,26.9209499,817.85
9.2,0.4,0.0,0.0,-0.04,-0.06,0.31,-0.49,0.15,-0.44,0.34,9.545,9.682,8.976,9.045,10.4,9.52,11.58,10.99,-0.003,-0.003,-0.004,0.0,-0.01,-80.3064037,26.9209499,817.9
9.2,0.3,0.0,0.01,-0.05,-0.07,-0.08,-0.21,-0.02,-0.42,0.34,9.516,9.663,8.976,9.015,10.1,9.81,11.67,11.28,-0.003,-0.003,-0.004,0.0,-0.0,-80.3064037,26.9209499,817.95
9.2,0.4,0.0,0.0,-0.08,-0.08,0.55,-0.02,-0.32,-0.42,0.34,9.526,9.633,8.957,8.986,10.59,9.81,11.48,11.09,-0.003,-0.003,-0.004,0.0,-0.01,-80.3064037,26.9209499,818.0
9.1,0.4,0.0,0.0,-0.07,-0.08,0.12,0.14,-0.27,-0.43,0.34,9.516,9.663,8.947,9.015,10.2,9.91,11.58,11.38,-0.003,-0.003,-0.004,0.0,-0.01,-80.3064037,26.9209499,818.05
9.1,0.4,0.0,-0.0,-0.05,-0.06,-0.05,-0.2,0.0,-0.42,0.35,9.496,9.653,8.957,8.996,10.3,9.71,11.58,11.67,-0.003,-0.003,-0.004,0.0,-0.01,-80.3064037,26.9209499,818.1
9.2,0.4,0.0,0.01,-0.03,-0.06,-0.18,-0.21,0.3,-0.42,0.34,9.476,9.653,8.986,9.025,10.3,9.61,11.67,11.38,-0.003,-0.003,-0.004,0.0,-0.0,-80.3064037,26.9209499,818.15
9.1,0.4,0.0,0.01,-0.06,-0.08,0.03,-0.21,-0.17,-0.43,0.34,9.506,9.643,8.947,9.006,10.2,9.81,11.38,11.38,-0.003,-0.003,-0.004,0.0,-0.0,-80.3064037,26.9209498,818.2
9.2,0.4,0.0,0.01,-0.06,-0.07,-0.18,-0.08,-0.37,-0.44,0.34,9.516,9.673,8.947,9.035,10.4,9.61,11.77,11.09,-0.003,-0.003,-0.004,0.0,-0.0,-80.3064037,26.9209498,818.25
9.1,0.4,0.0,0.01,-0.04,-0.08,-0.18,0.25,0.21,-0.45,0.33,9.516,9.653,8.976,9.015,10.5,9.71,11.48,11.28,-0.003,-0.003,-0.004,0.0,-0.0,-80.3064037,26.9209498,818.3
9.2,0.4,0.0,0.01,-0.04,-0.08,-0.11,0.31,-0.27,-0.46,0.33,9.496,9.663,8.947,9.015,10.5,9.81,11.77,11.38,-0.003,-0.003,-0.004,0.0,-0.0,-80.3064037,26.9209498,818.35
9.2,0.4,0.0,0.01,-0.05,-0.06,-0.06,0.18,0.04,-0.47,0.32,9.496,9.653,8.947,8.996,10.4,9.81,11.58,11.28,-0.003,-0.003,-0.004,0.0,-0.0,-80.3064037,26.9209498,818.4
9.1,0.4,0.0,0.01,-0.05,-0.08,-0.03,0.08,0.07,-0.44,0.34,9.506,9.663,8.937,9.006,10.59,9.61,11.87,11.58,-0.003,-0.003,-0.004,0.0,-0.0,-80.3064038,26.9209498,818.45
9.1,0.4,0.0,0.01,-0.05,-0.07,0.0,-0.15,0.0,-0.43,0.34,9.526,9.682,8.937,9.015,10.3,9.81,11.58,11.58,-0.003,-0.003,-0.004,0.0,-0.0,-80.3064038,26.9209498,818.5
9.1,0.4,0.0,0.01,-0.05,-0.09,0.13,-0.06,-0.08,-0.44,0.34,9.526,9.663,8.947,8.986,10.3,9.61,11.58,11.09,-0.003,-0.003,-0.004,0.0,-0.0,-80.3064038,26.9209498,818.55
9.2,0.4,0.0,0.01,-0.05,-0.08,-0.11,0.07,0.28,-0.45,0.34,9.496,9.653,8.937,9.006,10.3,9.81,11.77,11.28,-0.003,-0.003,-0.004,0.0,-0.0,-80.3064038,26.9209498,818.6
9.2,0.4,0.0,0.01,-0.07,-0.06,0.03,-0.17,-0.56,-0.43,0.34,9.496,9.673,8.986,9.045,10.4,9.52,11.38,11.28,-0.003,-0.003,-0.004,0.0,-0.0,-80.3064038,26.9209498,818.65
9.2,0.4,0.0,0.01,-0.05,-0.08,0.1,0.28,-0.17,-0.43,0.34,9.516,9.643,8.986,9.035,10.4,9.71,11.67,11.28,-0.003,-0.003,-0.004,0.0,-0.0,-80.3064038,26.9209498,818.7
9.2,0.4,0.0,0.01,-0.05,-0.05,-0.44,-0.19,-0.01,-0.43,0.34,9.496,9.663,8.966,8.996,10.2,9.61,11.67,11.28,-0.003,-0.003,-0.004,0.0,-0.0,-80.3064038,26.9209498,818.75
9.1,0.4,0.0,0.01,-0.05,-0.09,0.14,0.11,-0.36,-0.43,0.34,9.486,9.624,8.957,8.996,10.4,9.81,11.67,11.28,-0.003,-0.003,-0.004,0.0,-0.0,-80.3064038,26.9209498,818.8
9.1,0.4,0.0,0.02,-0.05,-0.07,-0.09,0.1,-0.03,-0.43,0.32,9.486,9.682,8.947,9.035,10.3,9.81,11.18,11.28,-0.003,-0.003,-0.004,0.0,-0.0,-80.3064038,26.9209498,818.85
9.2,0.4,0.0,0.02,-0.06,-0.07,-0.06,0.08,0.2,-0.43,0.34,9.486,9.682,8.976,9.035,10.5,9.81,11.58,11.09,-0.003,-0.003,-0.004,0.0,-0.0,-80.3064038,26.9209498,818.9
9.2,0.4,0.0,0.02,-0.05,-0.07,0.19,0.32,0.33,-0.43,0.35,9.516,9.633,8.947,9.015,10.1,9.61,11.38,11.38,-0.003,-0.003,-0.004,0.0,-0.0,-80.3064038,26.9209498,818.95
9.1,0.4,0.0,0.02,-0.03,-0.09,-0.21,-0.07,0.33,-0.43,0.35,9.496,9.643,8.917,8.996,10.2,9.61,11.58,11.28,-0.003,-0.003,-0.004,0.0,-0.0,-80.3064038,26.9209498,819.0
9.2,0.4,0.0,0.02,-0.06,-0.08,0.17,-0.0,0.0,-0.43,0.34,9.506,9.663,8.976,9.025,10.5,9.81,11.77,11.09,-0.003,-0.003,-0.004,0.0,-0.0,-80.3064038,26.9209498,819.05
9.1,0.4,0.0,0.02,-0.06,-0.07,0.09,-0.18,-0.09,-0.43,0.34,9.506,9.673,8.947,9.025,10.5,10.01,11.58,11.18,-0.003,-0.003,-0.004,0.0,0.0,-80.3064038,26.9209498,819.1
9.1,0.4,0.0,0.02,-0.13,0.02,0.32,-0.08,-0.16,-0.44,0.34,9.496,9.633,8.947,9.015,10.3,9.61,11.77,11.38,-0.003,-0.003,-0.004,0.0,0.0,-80.3064038,26.9209498,819.15
9.1,0.4,0.0,0.02,-0.05,-0.07,-0.06,-0.03,-0.45,-0.43,0.34,9.506,9.633,8.937,8.996,10.5,9.81,11.67,11.28,-0.003,-0.003,-0.004,0.0,0.0,-80.3064038,26.9209498,819.2
9.2,0.4,0.0,0.02,-0.05,-0.09,0.36,-0.13,-0.39,-0.43,0.34,9.496,9.653,8.947,9.006,10.3,9.81,11.28,11.38,-0.003,-0.003,-0.004,0.0,0.0,-80.3064038,26.9209498,819.25
9.1,0.4,0.0,0.02,-0.06,-0.06,0.3,-0.02,0.14,-0.43,0.35,9.486,9.643,8.966,9.015,10.3,9.81,11.77,11.28,-0.003,-0.003,-0.004,0.0,0.0,-80.3064038,26.9209498,819.3
9.2,0.4,0.0,0.02,-0.04,-0.07,-0.14,0.11,0.06,-0.44,0.33,9.476,9.653,8.966,9.025,10.5,9.81,11.58,11.48,-0.003,-0.003,-0.004,0.0,0.0,-80.3064038,26.9209497,819.35
9.1,0.4,0.0,0.02,-0.05,-0.07,-0.03,-0.13,0.15,-0.46,0.31,9.496,9.653,8.947,9.035,10.1,9.61,11.67,11.38,-0.003,-0.003,-0.004,0.0,0.0,-80.3064038,26.9209497,819.4
9.2,0.4,0.0,0.02,-0.04,-0.08,0.15,0.25,0.02,-0.44,0.33,9.496,9.653,8.976,9.035,10.3,9.71,11.48,11.28,-0.003,-0.003,-0.004,0.0,0.0,-80.3064038,26.9209497,819.45
9.2,0.3,0.0,0.02,-0.06,-0.08,-0.1,-0.01,0.05,-0.43,0.34,9.486,9.663,8.937,9.015,10.5,10.01,11.48,11.28,-0.003,-0.003,-0.004,0.0,0.0,-80.3064038,26.9209497,819.5
9.2,0.4,0.0,0.02,-0.04,-0.08,-0.14,0.09,0.1,-0.43,0.34,9.506,9.682,8.966,9.025,10.2,9.71,11.77,11.18,-0.003,-0.003,-0.004,0.0,0.0,-80.3064038,26.9209497,819.55
9.1,0.4,0.0,0.02,-0.05,-0.06,-0.22,-0.06,-0.09,-0.43,0.34,9.476,9.653,8.957,9.006,10.3,9.71,11.28,11.18,-0.003,-0.003,-0.004,0.0,0.0,-80.3064038,26.9209497,819.6
9.2,0.3,0.0,0.02,-0.05,-0.07,-0.09,0.04,0.18,-0.43,0.36,9.486,9.673,8.957,9.015,10.4,9.52,11.58,11.38,-0.003,-0.003,-0.004,0.0,0.0,-80.3064038,26.9209497,819.65
9.1,0.4,0.0,0.03,-0.05,-0.07,-0.2,-0.08,-0.07,-0.43,0.31,9.506,9.663,8.947,9.006,10.5,9.81,11.58,11.38,-0.003,-0.003,-0.004,0.0,0.0,-80.3064038,26.9209497,819.7
9.2,0.4,0.0,0.03,-0.05,-0.08,-0.01,0.02,0.16,-0.42,0.35,9.496,9.663,8.966,9.035,10.4,9.71,11.58,11.38,-0.003,-0.003,-0.004,0.0,0.0,-80.3064038,26.9209497,819.75
9.1,0.4,0.0,0.03,-0.04,-0.08,-0.06,-0.1,0.17,-0.44,0.34,9.476,9.643,8.957,9.015,10.5,9.71,11.58,11.18,-0.003,-0.003,-0.004,0.0,0.0,-80.3064038,26.9209497,819.8
9.2,0.4,0.0,0.03,-0.06,-0.06,0.16,-0.13,0.17,-0.44,0.34,9.496,9.663,8.947,9.006,10.3,9.81,11.67,11.18,-0.003,-0.003,-0.004,0.0,0.01,-80.3064038,26.9209497,819.85
9.2,0.4,0.0,0.03,-0.04,-0.09,0.05,0.22,0.31,-0.43,0.34,9.486,9.663,8.947,9.025,10.01,9.81,11.87,11.28,-0.003,-0.003,-0.004,0.0,0.0,-80.3064038,26.9209497,819.9
9.1,0.4,0.0,0.03,-0.06,-0.07,0.09,0.3,0.27,-0.43,0.34,9.486,9.663,8.957,9.006,10.3,9.91,11.48,11.38,-0.003,-0.003,-0.004,0.0,0.0,-80.3064038,26.9209497,819.95
9.2,0.4,0.0,0.03,-0.04,-0.08,-0.16,-0.06,-0.17,-0.42,0.36,9.476,9.653,8.937,9.015,10.2,9.91,11.58,11.18,-0.003,-0.003,-0.004,0.0,0.0,-80.3064038,26.9209497,820.0
9.1,0.4,0.0,0.03,-0.05,-0.06,0.1,0.05,-0.19,-0.4,0.37,9.476,9.663,8.957,8.986,10.59,9.71,11.38,11.28,-0.003,-0.003,-0.004,0.0,0.01,-80.3064038,26.9209497,820.05
9.2,0.3,0.0,0.03,-0.05,-0.08,0.04,0.17,0.28,-0.43,0.34,9.516,9.663,8.966,9.025,10.1,9.81,11.58,11.28,-0.003,-0.003,-0.004,0.0,0.0,-80.3064038,26.9209497,820.1
9.2,0.4,0.0,0.03,-0.04,-0.08,0.0,-0.12,0.2,-0.44,0.36,9.496,9.663,8.957,8.996,10.2,9.81,11.77,11.48,-0.003,-0.003,-0.004,0.0,0.0,-80.3064038,26.9209497,820.15
9.2,0.4,0.0,0.03,-0.05,-0.06,-0.19,-0.23,0.05,-0.44,0.34,9.496,9.633,8.937,9.025,10.5,9.61,11.67,11.28,-0.003,-0.003,-0.004,0.0,0.0,-80.3064038,26.9209497,820.2
9.1,0.4,0.0,0.03,-0.06,-0.08,0.16,0.0,-0.4,-0.43,0.33,9.506,9.653,8.937,9.006,10.4,9.91,11.77,11.09,-0.003,-0.003,-0.004,0.0,0.0,-80.3064038,26.9209497,820.25
9.1,0.4,0.0,0.03,-0.04,-0.09,-0.16,0.11,0.08,-0.43,0.34,9.496,9.643,8.957,8.986,10.3,9.81,11.58,11.38,-0.003,-0.003,-0.004,0.0,0.01,-80.3064038,26.9209497,820.3
9.1,0.4,0.0,0.03,-0.05,-0.06,0.03,-0.33,0.11,-0.42,0.34,9.496,9.673,8.927,8.996,10.3,9.71,11.48,11.28,-0.003,-0.003,-0.004,0.0,0.01,-80.3064038,26.9209497,820.35
9.2,0.4,0.0,0.03,-0.06,-0.08,0.12,-0.01,0.2,-0.41,0.34,9.496,9.653,8.966,9.025,10.4,9.61,11.48,11.18,-0.003,-0.003,-0.004,0.0,0.01,-80.3064037,26.9209497,820.4
9.2,0.4,0.0,0.03,-0.04,-0.06,-0.18,0.22,0.02,-0.43,0.34,9.506,9.663,8.966,9.006,10.4,9.42,11.67,11.18,-0.003,-0.003,-0.004,0.0,0.01,-80.3064037,26.9209497,820.45
9.3,0.3,0.0,0.03,-0.04,-0.08,-0.06,0.14,-0.05,-0.42,0.34,9.496,9.663,9.006,9.064,10.3,9.61,10.99,10.99,-0.003,-0.003,-0.004,0.0,0.01,-80.3064037,26.9209497,820.5
9.3,0.3,0.0,0.03,-0.06,-0.06,-0.05,-0.2,0.04,-0.43,0.35,9.496,9.663,8.996,9.064,10.3,9.81,11.28,10.79,-0.003,-0.003,-0.004,0.0,0.01,-80.3064037,26.9209497,820.55
9.2,0.3,0.0,0.03,-0.04,-0.08,0.01,0.22,-0.11,-0.43,0.34,9.496,9.643,8.986,9.035,10.3,9.71,11.67,11.28,-0.003,-0.003,-0.004,0.0,0.01,-80.3064037,26.9209497,820.6
9.1,0.4,0.0,0.01,-0.05,-0.08,-0.05,-0.0,0.06,-0.43,0.34,9.486,9.633,8.947,9.015,10.5,9.71,12.07,11.09,-0.003,-0.003,-0.004,0.0,-0.0,-80.3064037,26.9209497,820.65
9.2,0.4,0.0,0.01,-0.05,-0.08,-0.16,-0.01,-0.22,-0.43,0.34,9.516,9.663,8.957,9.025,10.4,9.81,11.58,11.18,-0.003,-0.003,-0.004,0.0,-0.01,-80.3064037,26.9209497,820.7
9.2,0.4,0.0,0.01,-0.04,-0.06,-0.08,0.11,0.07,-0.43,0.34,9.526,9.643,8.947,9.015,10.3,9.61,11.67,11.28,-0.003,-0.003,-0.004,0.0,-0.0,-80.3064037,26.9209497,820.75
9.1,0.4,0.0,0.01,-0.05,-0.07,-0.14,-0.04,-0.02,-0.44,0.34,9.535,9.673,8.937,9.006,10.5,9.71,11.77,11.38,-0.003,-0.003,-0.004,0.0,-0.01,-80.3064037,26.9209497,820.8
9.1,0.4,0.0,0.01,-0.05,-0.08,-0.08,0.24,0.2,-0.44,0.35,9.467,9.633,8.937,8.996,10.5,9.81,11.77,11.28,-0.003,-0.003,-0.004,0.0,-0.01,-80.3064037,26.9209497,820.85
9.1,0.4,0.0,0.01,-0.05,-0.09,0.28,0.37,0.23,-0.43,0.34,9.496,9.663,8.927,9.015,10.59,9.52,11.48,11.28,-0.003,-0.003,-0.004,0.0,-0.0,-80.3064037,26.9209497,820.9
9.2,0.4,0.0,0.01,-0.06,-0.07,0.11,0.1,0.07,-0.43,0.34,9.506,9.653,8.937,9.025,10.2,9.71,11.67,11.09,-0.003,-0.003,-0.004,0.0,-0.0,-80.3064037,26.9209497,820.95
9.1,0.4,0.0,0.01,-0.05,-0.08,0.04,-0.01,0.21,-0.45,0.34,9.506,9.643,8.966,9.015,10.1,9.71,11.48,11.67,-0.003,-0.003,-0.004,0.0,-0.0,-80.3064037,26.9209497,821.0
9.2,0.4,0.0,0.01,-0.05,-0.05,-0.13,0.04,-0.28,-0.43,0.34,9.526,9.663,8.937,9.006,10.2,9.91,11.97,11.28,-0.003,-0.003,-0.004,0.0,-0.0,-80.3064037,26.9209497,821.05
9.1,0.4,0.0,-0.0,-0.04,-0.09,-0.07,0.22,0.1,-0.42,0.33,9.496,9.673,8.937,9.015,10.5,9.61,11.58,11.09,-0.003,-0.003,-0.004,0.0,0.0,-80.3064037,26.9209497,821.1
9.1,0.4,0.0,0.0,-0.05,-0.07,0.12,-0.0,0.14,-0.43,0.34,9.516,9.653,8.947,9.015,10.3,9.81,11.67,11.28,-0.003,-0.003,-0.004,0.0,0.0,-80.3064037,26.9209497,821.15
9.1,0.4,0.0,-0.0,-0.03,-0.1,0.02,-0.31,-0.12,-0.43,0.35,9.506,9.633,8.917,8.996,10.3,10.01,11.48,11.38,-0.003,-0.003,-0.004,0.0,0.0,-80.3064037,26.9209497,821.2
9.2,0.4,0.0,0.01,-0.05,-0.09,-0.16,0.22,-0.03,-0.43,0.33,9.506,9.653,8.947,9.006,10.1,9.71,11.38,11.38,-0.003,-0.003,-0.004,0.0,-0.0,-80.3064037,26.9209497,821.25
9.1,0.4,0.0,0.0,-0.07,-0.05,-0.07,-0.0,-0.04,-0.43,0.34,9.526,9.653,8.937,8.976,10.3,9.81,11.58,11.18,-0.003,-0.003,-0.004,0.0,-0.0,-80.3064037,26.9209497,821.3
9.2,0.4,0.0,0.0,-0.04,-0.08,-0.16,-0.09,-0.14,-0.43,0.33,9.516,9.653,8.976,9.035,10.59,9.91,11.97,11.09,-0.003,-0.003,-0.004,0.0,-0.0,-80.3064037,26.9209497,821.35
9.1,0.4,0.0,0.0,-0.05,-0.07,0.1,-0.27,0.22,-0.43,0.35,9.496,9.624,8.947,8.986,10.2,9.81,11.58,11.28,-0.003,-0.003,-0.004,0.0,-0.0,-80.3064037,26.9209497,821.4
9.1,0.4,0.0,0.0,-0.05,-0.07,-0.22,-0.05,-0.2,-0.42,0.33,9.526,9.653,8.917,9.006,10.5,9.81,11.77,11.28,-0.003,-0.003,-0.004,0.0,-0.0,-80.3064037,26.9209497,821.45
9.1,0.4,0.0,-0.0,-0.05,-0.08,0.13,0.17,0.33,-0.43,0.34,9.526,9.663,8.927,8.996,10.4,9.52,11.38,10.99,-0.003,-0.003,-0.004,0.0,-0.0,-80.3064037,26.9209497,821.5
9.2,0.4,0.0,-0.0,-0.05,-0.09,0.26,0.08,0.08,-0.43,0.34,9.526,9.653,8.966,9.035,10.4,9.81,11.28,11.28,-0.003,-0.003,-0.004,0.0,-0.0,-80.3064037,26.9209497,821.55
9.2,0.4,0.0,0.0,-0.05,-0.06,-0.05,0.06,-0.03,-0.43,0.33,9.496,9.653,8.957,9.015,10.2,9.71,11.67,11.58,-0.003,-0.003,-0.004,0.0,-0.0,-80.3064037,26.9209497,821.6
9.1,0.4,0.0,0.0,-0.06,-0.07,0.01,0.04,-0.16,-0.43,0.33,9.506,9.624,8.917,9.006,10.2,9.81,11.58,10.99,-0.003,-0.003,-0.004,0.0,-0.0,-80.3064037,26.9209497,821.65
9.1,0.4,0.0,0.0,-0.05,-0.06,0.22,-0.0,-0.06,-0.43,0.33,9.496,9.653,8.937,9.006,10.3,9.71,11.28,11.28,-0.003,-0.003,-0.004,0.0,0.0,-80.3064037,26.9209497,821.7
9.2,0.3,0.0,-0.0,-0.05,-0.08,0.05,0.13,0.06,-0.43,0.33,9.506,9.653,8.976,9.035,10.4,9.71,11.77,11.48,-0.003,-0.003,-0.004,0.0,0.0,-80.3064037,26.9209497,821.75
9.1,0.4,0.0,0.0,-0.06,-0.08,-0.08,-0.19,-0.18,-0.44,0.33,9.516,9.663,8.957,9.006,10.3,9.61,11.87,11.09,-0.003,-0.003,-0.004,0.0,-0.0,-80.3064037,26.9209497,821.8
9.2,0.4,0.0,0.0,-0.06,-0.08,-0.12,0.02,-0.45,-0.43,0.33,9.496,9.673,8.947,9.025,10.59,9.61,11.38,11.38,-0.003,-0.003,-0.004,0.0,-0.0,-80.3064037,26.9209497,821.85
9.2,0.4,0.0,-0.0,-0.04,-0.09,0.06,0.16,-0.01,-0.44,0.33,9.496,9.653,8.966,9.035,10.3,9.52,11.48,11.38,-0.003,-0.003,-0.004,0.0,0.0,-80.3064037,26.9209497,821.9
9.2,0.4,0.0,-0.0,-0.05,-0.05,-0.16,0.16,0.42,-0.43,0.32,9.496,9.663,8.947,9.015,10.3,9.61,11.58,11.09,-0.003,-0.003,-0.004,0.0,0.0,-80.3064037,26.9209497,821.95
9.2,0.3,0.0,0.0,-0.05,-0.1,0.17,0.24,-0.04,-0.43,0.33,9.486,9.663,8.957,9.035,10.4,9.52,11.58,11.38,-0.003,-0.003,-0.004,0.0,0.0,-80.3064037,26.9209497,822.0
9.1,0.4,0.0,0.0,-0.06,-0.07,0.12,0.06,-0.04,-0.45,0.33,9.506,9.643,8.927,8.996,10.4,9.61,11.58,11.09,-0.003,-0.003,-0.004,0.0,0.0,-80.3064037,26.9209497,822.05
9.1,0.4,0.0,0.0,-0.04,-0.08,0.04,0.22,0.07,-0.43,0.33,9.506,9.643,8.927,9.006,10.2,9.81,11.28,11.58,-0.003,-0.003,-0.004,0.0,0.0,-80.3064037,26.9209497,822.1
9.2,0.3,0.0,-0.0,-0.05,-0.06,0.03,0.08,-0.06,-0.43,0.33,9.496,9.643,8.976,8.996,10.2,9.61,11.77,11.28,-0.003,-0.003,-0.004,0.0,0.0,-80.3064037,26.9209497,822.15
9.1,0.4,0.0,-0.0,-0.05,-0.07,0.15,0.17,-0.63,-0.43,0.33,9.526,9.663,8.937,9.025,10.3,9.71,11.77,11.28,-0.003,-0.003,-0.004,0.0,0.0,-80.3064037,26.9209497,822.2
9.2,0.4,0.0,0.0,-0.06,-0.06,-0.0,-0.42,0.35,-0.44,0.34,9.526,9.663,8.947,9.015,9.91,9.61,11.77,11.18,-0.003,-0.003,-0.004,0.0,0.0,-80.3064037,26.9209497,822.25
9.1,0.4,0.0,-0.0,-0.05,-0.09,0.3,0.3,0.6,-0.43,0.35,9.496,9.653,8.937,9.006,10.2,10.1,11.38,11.28,-0.003,-0.003,-0.004,0.0,0.0,-80.3064037,26.9209497,822.3
9.2,0.4,0.0,-0.0,-0.06,-0.07,0.31,-0.24,-0.09,-0.43,0.34,9.496,9.663,8.957,9.015,10.4,9.71,11.87,11.09,-0.003,-0.003,-0.004,0.0,0.0,-80.3064037,26.9209497,822.35
9.2,0.4,0.0,0.0,-0.06,-0.07,-0.02,0.03,0.01,-0.43,0.33,9.506,9.653,8.947,9.006,10.4,9.61,11.58,11.28,-0.003,-0.003,-0.004,0.0,0.0,-80.3064037,26.9209497,822.4
9.1,0.4,0.0,0.0,-0.04,-0.07,-0.25,0.02,-0.1,-0.43,0.33,9.486,9.643,8.937,9.006,10.3,9.71,11.48,11.28,-0.003,-0.003,-0.004,0.0,0.0,-80.3064037,26.9209497,822.45
9.2,0.4,0.0,-0.0,-0.06,-0.07,0.19,0.16,0.05,-0.43,0.34,9.496,9.663,8.957,9.015,10.2,9.71,11.58,11.38,-0.003,-0.003,-0.004,0.0,0.01,-80.3064037,26.9209497,822.5
9.2,0.4,0.0,0.0,-0.04,-0.08,-0.24,-0.14,-0.29,-0.43,0.35,9.496,9.643,8.957,9.025,10.59,9.91,11.58,10.89,-0.003,-0.003,-0.004,0.0,0.0,-80.3064037,26.9209497,822.55
9.1,0.4,0.0,-0.0,-0.06,-0.07,0.0,-0.11,0.09,-0.42,0.36,9.496,9.653,8.947,8.996,10.2,9.71,11.67,11.38,-0.003,-0.003,-0.004,0.0,0.01,-80.3064037,26.9209497,822.6
9.2,0.4,0.0,-0.0,-0.04,-0.08,-0.09,0.19,0.34,-0.42,0.37,9.496,9.663,8.986,9.015,10.4,9.71,11.58,11.09,-0.003,-0.003,-0.004,0.0,0.01,-80.3064037,26.9209497,822.65
9.2,0.4,0.0,-0.0,-0.05,-0.07,-0.05,0.04,0.08,-0.42,0.39,9.516,9.653,8.937,8.996,10.59,9.81,11.38,11.18,-0.003,-0.003,-0.004,0.0,0.01,-80.3064037,26.9209497,822.7
9.2,0.4,0.0,-0.0,-0.06,-0.07,0.06,-0.04,0.08,-0.43,0.33,9.506,9.633,8.957,9.006,10.4,9.71,11.58,11.38,-0.003,-0.003,-0.004,0.0,0.01,-80.3064037,26.9209497,822.75
9.1,0.4,0.0,-0.0,-0.05,-0.08,0.1,0.57,0.16,-0.43,0.33,9.496,9.653,8.917,8.976,10.4,9.91,11.58,10.99,-0.003,-0.003,-0.004,0.0,0.01,-80.3064037,26.9209497,822.8
9.2,0.4,0.0,0.0,-0.04,-0.07,-0.24,-0.11,-0.07,-0.44,0.33,9.496,9.663,8.976,9.006,10.3,9.71,11.87,11.38,-0.003,-0.003,-0.004,0.0,0.01,-80.3064037,26.9209497,822.85
9.2,0.4,0.0,0.0,-0.06,-0.07,0.02,-0.08,0.0,-0.45,0.33,9.516,9.663,8.976,9.025,10.4,9.71,11.87,11.38,-0.003,-0.003,-0.004,0.0,0.01,-80.3064037,26.9209497,822.9
9.2,0.4,0.0,0.0,-0.05,-0.08,-0.18,-0.06,-0.16,-0.44,0.32,9.496,9.663,8.957,9.045,10.5,9.71,11.97,11.28,-0.003,-0.003,-0.004,0.0,0.01,-80.3064036,26.9209497,822.95
9.1,0.4,0.0,-0.0,-0.06,-0.05,-0.04,-0.14,-0.13,-0.44,0.33,9.476,9.643,8.927,8.986,10.2,9.71,11.38,11.18,-0.003,-0.003,-0.004,0.0,0.01,-80.3064036,26.9209497,823.0
9.2,0.4,0.0,0.0,-0.04,-0.07,-0.26,-0.16,0.02,-0.44,0.33,9.506,9.643,8.996,9.015,10.5,9.71,11.38,11.38,-0.003,-0.003,-0.004,0.0,0.01,-80.3064036,26.9209497,823.05
9.1,0.4,0.0,-0.0,-0.06,-0.06,-0.0,0.01,-0.14,-0.45,0.33,9.526,9.682,8.966,8.986,10.4,9.52,11.87,11.28,-0.003,-0.003,-0.004,0.0,0.01,-80.3064036,26.9209497,823.1
9.2,0.4,0.0,-0.0,-0.05,-0.1,0.05,-0.01,-0.05,-0.45,0.32,9.496,9.633,8.976,9.035,10.2,9.71,11.38,11.09,-0.003,-0.003,-0.004,0.0,0.01,-80.3064036,26.9209497,823.15
9.2,0.4,0.0,-0.0,-0.05,-0.08,0.15,0.04,0.33,-0.44,0.33,9.516,9.653,8.957,9.015,10.5,9.81,11.58,11.28,-0.003,-0.003,-0.004,0.0,0.01,-80.3064036,26.9209497,823.2
9.2,0.4,0.0,-0.0,0.01,-0.15,-0.13,0.03,-0.07,-0.44,0.35,9.496,9.673,8.947,9.006,10.3,9.52,11.77,11.38,-0.003,-0.003,-0.004,0.0,0.01,-80.3064036,26.9209497,823.25
9.1,0.4,0.0,-0.0,-0.04,-0.06,-0.03,-0.13,0.08,-0.44,0.37,9.526,9.643,8.937,9.006,10.3,9.71,11.67,11.28,-0.003,-0.003,-0.004,0.0,0.01,-80.3064036,26.9209497,823.3
9.2,0.4,0.0,-0.0,-0.07,-0.07,0.19,-0.05,0.08,-0.44,0.34,9.496,9.663,8.937,9.006,10.4,9.81,11.77,11.38,-0.003,-0.003,-0.004,0.0,0.01,-80.3064036,26.9209497,823.35
9.2,0.3,0.0,-0.0,-0.05,-0.1,0.2,0.54,0.04,-0.43,0.33,9.486,9.653,8.986,9.055,10.3,9.81,11.97,11.38,-0.003,-0.003,-0.004,0.0,0.01,-80.3064036,26.9209497,823.4
9.2,0.3,0.0,-0.0,-0.05,-0.07,-0.07,-0.12,-0.09,-0.46,0.32,9.496,9.673,8.966,9.025,10.2,9.71,11.38,11.38,-0.003,-0.003,-0.004,0.0,0.01,-80.3064036,26.9209497,823.45
9.2,0.4,0.0,-0.0,-0.05,-0.07,0.15,-0.27,0.06,-0.47,0.31,9.506,9.643,8.957,8.996,10.4,9.81,11.67,11.48,-0.003,-0.003,-0.004,0.0,0.01,-80.3064036,26.9209497,823.5
9.2,0.3,0.0,-0.0,-0.06,-0.06,-0.07,0.03,0.1,-0.44,0.33,9.516,9.663,8.947,8.986,10.4,9.81,11.58,11.09,-0.003,-0.003,-0.004,0.0,0.01,-80.3064036,26.9209497,823.55
9.2,0.4,0.0,0.0,-0.05,-0.07,-0.03,-0.24,-0.45,-0.44,0.33,9.526,9.673,8.957,9.025,10.4,9.71,11.87,11.28,-0.003,-0.003,-0.004,0.0,0.01,-80.3064036,26.9209497,823.6
9.1,0.4,0.0,-0.0,-0.05,-0.08,0.09,0.03,0.01,-0.46,0.31,9.506,9.663,8.917,8.996,10.5,9.81,11.77,11.38,-0.003,-0.003,-0.004,0.0,0.01,-80.3064036,26.9209497,823.65
9.1,0.4,0.0,-0.0,-0.05,-0.07,-0.07,-0.03,0.08,-0.45,0.33,9.496,9.624,8.937,8.986,10.4,9.71,11.77,11.38,-0.003,-0.003,-0.004,0.0,0.01,-80.3064036,26.9209497,823.7
9.1,0.4,0.0,0.0,-0.05,-0.08,-0.19,0.27,-0.26,-0.43,0.33,9.506,9.673,8.937,8.996,10.4,9.81,11.28,11.38,-0.003,-0.003,-0.004,0.0,0.01,-80.3064036,26.9209497,823.75
9.1,0.4,0.0,-0.0,-0.04,-0.07,-0.16,-0.19,0.12,-0.44,0.32,9.496,9.673,8.917,9.006,10.5,9.61,11.58,11.38,-0.003,-0.003,-0.004,0.0,0.01,-80.3064036,26.9209497,823.8
9.1,0.4,0.0,-0.0,-0.05,-0.06,-0.05,0.26,-0.08,-0.43,0.33,9.476,9.643,8.917,8.996,10.1,9.81,11.48,11.28,-0.003,-0.003,-0.004,0.0,0.01,-80.3064036,26.9209497,823.85
9.1,0.4,0.0,-0.0,-0.05,-0.06,-0.11,-0.22,0.35,-0.44,0.33,9.516,9.653,8.947,9.035,10.5,9.61,11.67,11.28,-0.003,-0.003,-0.004,0.0,0.01,-80.3064036,26.9209497,823.9
9.2,0.4,0.0,-0.0,-0.05,-0.09,0.01,-0.13,-0.4,-0.45,0.34,9.486,9.673,8.957,8.996,10.1,9.61,11.77,11.38,-0.003,-0.003,-0.004,0.0,0.02,-80.3064036,26.9209497,823.95
9.2,0.4,0.0,0.0,-0.06,-0.07,-0.28,-0.19,0.18,-0.44,0.33,9.506,9.624,8.957,9.006,10.4,9.91,11.67,11.09,-0.003,-0.003,-0.004,0.0,0.01,-80.3064036,26.9209497,824.0
9.3,0.3,0.0,-0.0,-0.02,-0.09,-0.15,-0.1,0.76,-0.44,0.34,9.516,9.663,9.006,9.055,10.4,9.52,11.48,11.28,-0.003,-0.003,-0.004,0.0,0.01,-80.3064036,26.9209497,824.05
9.2,0.4,0.0,0.0,-0.04,-0.06,-0.19,0.3,0.37,-0.45,0.33,9.496,9.673,8.947,9.015,10.3,9.61,11.67,11.28,-0.003,-0.003,-0.004,0.0,0.01,-80.3064036,26.9209497,824.1
9.2,0.4,0.0,-0.0,-0.05,-0.05,-0.4,-0.3,-0.48,-0.44,0.32,9.486,9.633,8.947,9.025,10.01,9.71,11.77,11.38,-0.003,-0.003,-0.004,0.0,0.01,-80.3064036,26.9209497,824.15
9.1,0.4,0.0,-0.0,-0.05,-0.07,0.15,0.06,0.48,-0.44,0.34,9.506,9.643,8.957,8.996,10.59,9.52,11.77,11.28,-0.003,-0.003,-0.004,0.0,0.02,-80.3064036,26.9209497,824.2
9.2,0.4,0.0,-0.0,-0.05,-0.09,0.16,0.08,-0.08,-0.43,0.33,9.516,9.673,8.986,9.035,10.4,9.71,11.87,11.28,-0.003,-0.003,-0.004,0.0,0.02,-80.3064036,26.9209497,824.25
9.1,0.4,0.0,-0.0,-0.05,-0.07,-0.17,-0.2,0.07,-0.44,0.33,9.506,9.643,8.947,8.986,10.4,9.61,11.48,11.28,-0.003,-0.003,-0.004,0.0,0.02,-80.3064036,26.9209497,824.3
9.2,0.3,0.0,-0.0,-0.05,-0.08,0.13,-0.31,0.17,-0.44,0.33,9.486,9.653,8.947,8.986,10.3,9.61,11.58,11.38,-0.003,-0.003,-0.004,0.0,0.02,-80.3064036,26.9209497,824.35
9.2,0.3,0.0,-0.0,-0.06,-0.06,0.05,0.15,0.14,-0.43,0.33,9.506,9.643,8.966,9.055,10.4,9.61,11.38,11.09,-0.003,-0.003,-0.004,0.0,0.02,-80.3064036,26.9209497,824.4
9.2,0.4,0.0,-0.0,-0.05,-0.08,0.07,0.05,-0.32,-0.43,0.32,9.476,9.673,8.957,8.996,10.3,9.81,11.87,11.28,-0.003,-0.003,-0.004,0.0,0.02,-80.3064036,26.9209497,824.45
9.1,0.4,0.0,-0.0,-0.06,-0.06,-0.28,-0.16,-0.16,-0.44,0.32,9.476,9.643,8.957,9.006,10.3,9.81,11.58,11.38,-0.003,-0.003,-0.004,0.0,0.02,-80.3064036,26.9209497,824.5
9.1,0.4,0.0,-0.0,-0.04,-0.09,-0.08,0.2,-0.03,-0.43,0.33,9.496,9.663,8.947,9.015,10.4,9.71,11.48,11.58,-0.003,-0.003,-0.004,0.0,0.02,-80.3064036,26.9209497,824.55
9.2,0.4,0.0,-0.0,-0.05,-0.07,0.19,0.07,0.19,-0.43,0.32,9.506,9.673,8.986,9.035,10.4,9.81,11.48,10.89,-0.003,-0.003,-0.004,0.0,0.02,-80.3064036,26.9209497,824.6
9.2,0.3,0.0,-0.0,-0.05,-0.08,0.11,0.04,-0.13,-0.43,0.32,9.506,9.643,8.957,9.015,10.3,9.81,11.48,11.58,-0.003,-0.003,-0.004,0.0,0.02,-80.3064036,26.9209497,824.65
9.1,0.4,0.0,-0.0,-0.05,-0.07,-0.24,-0.01,-0.13,-0.44,0.32,9.457,9.673,8.957,9.006,10.2,9.61,11.48,11.38,-0.003,-0.003,-0.004,0.0,0.02,-80.3064036,26.9209497,824.7
9.1,0.4,0.0,-0.0,-0.04,-0.05,-0.04,-0.12,0.33,-0.45,0.32,9.496,9.633,8.966,9.015,10.3,9.81,11.87,11.18,-0.003,-0.003,-0.004,0.0,0.02,-80.3064036,26.9209497,824.75
9.1,0.4,0.0,-0.0,-0.04,-0.09,-0.0,0.06,0.04,-0.46,0.3,9.496,9.673,8.947,9.006,10.4,9.71,11.48,11.09,-0.003,-0.003,-0.004,0.0,0.02,-80.3064036,26.9209497,824.8
9.1,0.4,0.0,-0.0,-0.06,-0.07,-0.11,-0.08,-0.42,-0.43,0.32,9.506,9.663,8.957,9.006,10.5,9.71,12.07,11.18,-0.003,-0.003,-0.004,0.0,0.02,-80.3064036,26.9209497,824.85
9.1,0.4,0.0,-0.0,-0.05,-0.08,0.01,-0.09,0.14,-0.44,0.32,9.486,9.633,8.907,8.966,10.59,9.81,11.58,11.18,-0.003,-0.003,-0.004,0.0,0.02,-80.3064036,26.9209497,824.9
9.1,0.4,0.0,-0.0,-0.04,-0.07,-0.11,-0.26,0.37,-0.44,0.33,9.506,9.653,8.917,9.015,10.3,9.81,11.67,11.38,-0.003,-0.003,-0.004,0.0,0.02,-80.3064036,26.9209497,824.95
9.1,0.4,0.0,-0.0,-0.06,-0.08,0.08,0.54,-0.12,-0.43,0.32,9.496,9.663,8.947,9.006,10.5,9.71,11.87,11.28,-0.003,-0.003,-0.004,0.0,0.02,-80.3064036,26.9209497,825.0
9.2,0.4,0.0,-0.0,-0.06,-0.07,-0.2,0.13,-0.02,-0.43,0.33,9.496,9.673,8.937,9.006,10.3,9.81,12.07,11.18,-0.003,-0.003,-0.004,0.0,0.02,-80.3064035,26.9209497,825.05
9.1,0.4,0.0,-0.0,-0.04,-0.07,-0.48,0.03,-0.19,-0.43,0.32,9.496,9.663,8.957,9.015,10.5,9.61,11.97,11.09,-0.003,-0.003,-0.004,0.0,0.02,-80.3064035,26.9209497,825.1
9.2,0.4,0.0,-0.0,-0.06,-0.08,0.24,0.34,-0.26,-0.43,0.32,9.506,9.653,8.957,9.025,10.4,9.71,11.48,11.28,-0.003,-0.003,-0.004,0.0,0.02,-80.3064035,26.9209497,825.15
9.2,0.4,0.0,-0.0,-0.05,-0.07,0.01,0.07,0.15,-0.43,0.33,9.506,9.673,8.966,9.035,10.2,9.71,11.58,11.28,-0.003,-0.003,-0.004,0.0,0.02,-80.3064035,26.9209497,825.2
9.1,0.4,0.0,-0.0,-0.02,-0.12,0.02,0.06,0.03,-0.44,0.32,9.496,9.653,8.927,9.006,10.4,9.61,11.48,11.18,-0.003,-0.003,-0.004,0.0,0.02,-80.3064036,26.9209497,825.25
9.1,0.4,0.0,-0.0,0.02,-0.15,-0.13,0.2,0.26,-0.42,0.31,9.486,9.663,8.947,9.006,10.4,9.71,11.58,11.38,-0.003,-0.003,-0.004,0.0,0.02,-80.3064036,26.9209497,825.3
9.2,0.3,0.0,-0.0,-0.07,-0.05,-0.1,0.29,0.26,-0.43,0.32,9.496,9.663,8.957,8.996,10.3,9.81,11.48,11.48,-0.003,-0.003,-0.004,0.0,0.02,-80.3064036,26.9209497,825.35
9.1,0.4,0.0,-0.0,-0.05,-0.09,-0.16,-0.07,-0.23,-0.43,0.32,9.516,9.673,8.976,9.025,10.3,9.61,11.58,11.18,-0.003,-0.003,-0.004,0.0,0.02,-80.3064036,26.9209497,825.4
9.2,0.4,0.0,-0.0,-0.05,-0.07,-0.02,-0.27,0.47,-0.43,0.34,9.516,9.673,8.947,8.996,10.4,9.71,11.67,11.38,-0.003,-0.003,-0.004,0.0,0.02,-80.3064036,26.9209497,825.45
9.2,0.3,0.0,-0.0,-0.05,-0.07,-0.34,0.21,-0.02,-0.43,0.3,9.506,9.643,8.966,9.025,10.4,9.91,11.87,11.09,-0.003,-0.003,-0.004,0.0,0.02,-80.3064036,26.9209497,825.5
9.2,0.4,0.0,-0.0,-0.05,-0.06,-0.06,-0.07,-0.02,-0.43,0.31,9.506,9.673,8.947,9.015,10.3,9.71,11.38,11.28,-0.003,-0.003,-0.004,0.0,0.02,-80.3064036,26.9209497,825.55
9.2,0.4,0.0,-0.0,-0.06,-0.05,0.28,-0.09,0.04,-0.43,0.32,9.516,9.653,8.986,9.035,10.4,9.91,11.87,11.58,-0.003,-0.003,-0.004,0.0,0.02,-80.3064036,26.9209497,825.6
9.1,0.4,0.0,-0.0,-0.05,-0.08,-0.04,0.0,-0.25,-0.43,0.32,9.535,9.663,8.957,9.025,10.2,9.61,11.58,11.28,-0.003,-0.003,-0.004,0.0,0.02,-80.3064036,26.9209497,825.65
9.2,0.4,0.0,-0.0,-0.04,-0.09,-0.07,0.05,0.1,-0.43,0.33,9.496,9.633,8.917,8.996,10.4,9.61,11.87,11.28,-0.003,-0.003,-0.004,0.0,0.02,-80.3064036,26.9209497,825.7
9.2,0.4,0.0,-0.0,-0.06,-0.09,0.08,0.06,-0.15,-0.42,0.33,9.506,9.633,8.957,9.025,10.3,9.81,11.58,11.38,-0.003,-0.003,-0.004,0.0,0.02,-80.3064036,26.9209497,825.75
9.1,0.4,0.0,-0.0,-0.06,-0.05,0.1,-0.13,-0.19,-0.43,0.33,9.535,9.692,8.957,9.045,10.3,9.81,11.87,11.38,-0.003,-0.003,-0.004,0.0,0.03,-80.3064036,26.9209497,825.8
9.1,0.4,0.0,-0.0,-0.06,-0.08,0.02,0.28,0.21,-0.43,0.33,9.496,9.673,8.907,9.015,10.3,9.61,11.87,11.18,-0.003,-0.003,-0.004,0.0,0.03,-80.3064036,26.9209497,825.85
9.1,0.4,0.0,-0.0,-0.03,-0.08,-0.52,-0.2,0.37,-0.44,0.33,9.486,9.604,8.937,8.976,10.5,9.61,11.38,11.28,-0.003,-0.003,-0.004,0.0,0.03,-80.3064036,26.9209497,825.9
9.1,0.4,0.0,-0.0,-0.03,-0.11,-0.04,0.2,0.27,-0.43,0.33,9.506,9.643,8.966,8.996,10.59,9.61,11.58,11.09,-0.003,-0.003,-0.004,0.0,0.03,-80.3064036,26.9209497,825.95
9.0,0.4,0.0,-0.0,-0.04,-0.07,-0.18,-0.18,0.56,-0.43,0.34,9.545,9.682,8.917,8.976,10.5,9.71,11.48,11.28,-0.003,-0.003,-0.004,0.0,0.03,-80.3064036,26.9209497,826.0
9.0,0.4,0.0,-0.0,-0.07,-0.05,0.12,0.15,-0.19,-0.43,0.33,9.496,9.653,8.957,9.006,10.5,9.71,11.48,10.99,-0.003,-0.003,-0.004,0.0,0.03,-80.3064036,26.9209497,826.05
9.1,0.4,0.0,-0.0,-0.07,-0.07,0.07,-0.0,-0.31,-0.43,0.32,9.467,9.673,8.937,9.035,10.3,9.71,11.58,11.28,-0.003,-0.003,-0.004,0.0,0.03,-80.3064036,26.9209497,826.1
9.1,0.3,0.0,-0.0,-0.05,-0.08,-0.01,-0.19,-0.08,-0.43,0.34,9.516,9.673,8.957,9.035,10.3,9.81,11.48,11.38,-0.003,-0.003,-0.004,0.0,0.03,-80.3064036,26.9209497,826.15
9.1,0.4,0.0,-0.0,-0.06,-0.08,0.1,-0.15,-0.04,-0.44,0.33,9.496,9.643,8.957,9.015,10.5,9.52,11.67,11.48,-0.003,-0.003,-0.004,0.0,0.03,-80.3064036,26.9209497,826.2
9.1,0.4,0.0,-0.0,-0.04,-0.11,0.03,0.12,0.04,-0.42,0.34,9.496,9.643,8.937,9.025,10.2,9.61,11.58,11.58,-0.003,-0.003,-0.004,0.0,0.03,-80.3064036,26.9209497,826.25
9.1,0.4,0.0,-0.0,-0.07,-0.04,-0.09,-0.1,0.0,-0.43,0.33,9.545,9.663,8.937,8.996,10.2,9.71,11.77,11.38,-0.003,-0.003,-0.004,0.0,0.03,-80.3064036,26.9209497,826.3
9.1,0.4,0.0,-0.0,-0.07,-0.07,0.01,0.11,-0.35,-0.42,0.33,9.506,9.653,8.937,9.025,10.1,9.71,11.38,11.28,-0.003,-0.003,-0.004,0.0,0.03,-80.3064036,26.9209497,826.35
9.1,0.3,0.0,-0.0,-0.04,-0.07,0.04,0.14,0.39,-0.43,0.33,9.467,9.604,8.947,8.996,10.3,9.81,11.67,11.28,-0.003,-0.003,-0.004,0.0,0.03,-80.3064036,26.9209497,826.4
9.1,0.4,0.0,-0.0,-0.05,-0.08,0.15,-0.34,-0.37,-0.43,0.32,9.526,9.633,8.966,9.025,10.3,9.81,11.38,10.99,-0.003,-0.003,-0.004,0.0,0.03,-80.3064036,26.9209497,826.45
9.1,0.4,0.0,-0.0,-0.06,-0.08,0.42,0.0,0.08,-0.43,0.33,9.535,9.692,8.966,9.064,10.4,9.81,11.38,11.28,-0.003,-0.003,-0.004,0.0,0.03,-80.3064036,26.9209497,826.5
9.2,0.4,0.0,-0.0,-0.08,-0.07,0.17,0.26,-0.29,-0.43,0.33,9.476,9.624,8.937,8.986,10.2,9.81,11.48,10.89,-0.003,-0.003,-0.004,0.0,0.03,-80.3064036,26.9209497,826.55
9.1,0.4,0.0,-0.0,-0.05,-0.07,0.19,-0.04,-0.24,-0.44,0.33,9.476,9.624,8.937,9.015,10.1,9.81,11.58,11.18,-0.003,-0.003,-0.004,0.0,0.03,-80.3064036,26.9209497,826.6
9.2,0.4,0.0,-0.0,-0.02,-0.08,-0.41,-0.16,0.25,-0.43,0.33,9.526,9.653,8.996,9.035,10.5,9.81,11.77,11.28,-0.003,-0.003,-0.004,0.0,0.03,-80.3064036,26.9209497,826.65
9.2,0.3,0.0,-0.0,-0.05,-0.08,-0.05,-0.29,0.18,-0.43,0.34,9.526,9.682,8.937,8.986,10.4,9.42,11.58,11.09,-0.003,-0.003,-0.004,0.0,0.03,-80.3064036,26.9209497,826.7
9.2,0.4,0.0,-0.0,-0.06,-0.08,-0.17,0.28,-0.34,-0.43,0.33,9.486,9.663,8.937,9.015,10.4,9.71,11.58,11.18,-0.003,-0.003,-0.004,0.0,0.03,-80.3064036,26.9209497,826.75
9.1,0.4,0.0,-0.0,-0.07,-0.06,-0.07,0.05,0.04,-0.44,0.33,9.496,9.673,8.927,9.006,10.4,9.71,11.87,11.09,-0.003,-0.003,-0.004,0.0,0.03,-80.3064036,26.9209497,826.8
9.1,0.4,0.0,-0.0,-0.03,-0.06,-0.09,-0.07,0.28,-0.43,0.34,9.506,9.682,8.917,8.966,10.59,9.71,11.58,11.28,-0.003,-0.003,-0.004,0.0,0.03,-80.3064036,26.9209497,826.85
9.1,0.4,0.0,-0.0,-0.04,-0.06,-0.18,-0.08,-0.05,-0.44,0.36,9.486,9.624,8.966,9.006,10.3,9.61,11.77,11.28,-0.003,-0.003,-0.004,0.0,0.03,-80.3064036,26.9209497,826.9
9.2,0.3,0.0,-0.0,-0.05,-0.09,0.15,0.12,-0.12,-0.44,0.38,9.516,9.663,8.957,9.035,10.3,9.81,11.58,11.28,-0.003,-0.003,-0.004,0.0,0.03,-80.3064036,26.9209497,826.95
9.2,0.4,0.0,-0.0,-0.06,-0.08,0.21,0.02,0.16,-0.43,0.33,9.526,9.663,8.947,9.006,10.59,9.61,11.77,11.28,-0.003,-0.003,-0.004,0.0,0.03,-80.3064036,26.9209497,827.0
9.1,0.4,0.0,-0.0,-0.06,-0.08,0.04,-0.06,-0.18,-0.43,0.33,9.486,9.653,8.927,8.986,10.4,9.81,11.58,11.28,-0.003,-0.003,-0.004,0.0,0.03,-80.3064036,26.9209497,827.05
9.1,0.4,0.0,-0.0,-0.03,-0.04,-0.25,-0.19,-0.07,-0.44,0.32,9.467,9.643,8.927,8.986,10.01,9.61,11.67,11.18,-0.003,-0.003,-0.004,0.0,0.03,-80.3064036,26.9209497,827.1
9.1,0.4,0.0,-0.0,-0.04,-0.07,0.09,0.06,0.24,-0.45,0.32,9.496,9.692,8.927,8.976,10.3,10.01,11.58,11.38,-0.003,-0.003,-0.004,0.0,0.03,-80.3064036,26.9209497,827.15
9.1,0.4,0.0,-0.0,-0.06,-0.1,-0.12,0.23,-0.33,-0.46,0.31,9.506,9.682,8.947,8.976,10.4,9.52,11.67,11.18,-0.003,-0.003,-0.004,0.0,0.03,-80.3064036,26.9209497,827.2
9.1,0.4,0.0,-0.0,-0.07,-0.08,0.07,-0.16,0.13,-0.46,0.3,9.516,9.673,8.927,8.976,10.2,9.61,11.58,11.28,-0.003,-0.003,-0.004,0.0,0.04,-80.3064036,26.9209497,827.25
9.1,0.4,0.0,-0.0,-0.02,-0.12,0.15,-0.04,0.01,-0.47,0.3,9.496,9.643,8.966,9.035,10.4,9.71,11.58,11.28,-0.003,-0.003,-0.004,0.0,0.04,-80.3064036,26.9209497,827.3
9.1,0.4,0.0,-0.0,-0.06,-0.08,0.39,0.12,0.01,-0.42,0.32,9.506,9.663,8.947,9.025,10.3,9.81,11.38,11.28,-0.003,-0.003,-0.004,0.0,0.04,-80.3064036,26.9209497,827.35
9.1,0.3,0.0,-0.0,-0.05,-0.05,0.12,0.03,0.1,-0.41,0.3,9.506,9.663,8.937,9.006,10.59,9.61,11.58,11.38,-0.003,-0.003,-0.004,0.0,0.04,-80.3064036,26.9209497,827.4
9.1,0.3,0.0,-0.0,-0.06,-0.07,0.03,0.05,-0.25,-0.39,0.29,9.486,9.624,8.976,9.015,10.2,9.71,11.48,11.28,-0.003,-0.003,-0.004,0.0,0.04,-80.3064036,26.9209497,827.45
9.1,0.4,0.0,-0.0,-0.04,-0.08,0.01,-0.21,0.16,-0.38,0.27,9.516,9.653,8.966,9.006,10.69,9.71,11.77,11.28,-0.003,-0.003,-0.004,0.0,0.04,-80.3064036,26.9209497,827.5
9.1,0.3,0.0,-0.0,-0.05,-0.08,0.01,-0.35,0.07,-0.36,0.25,9.506,9.633,8.976,9.025,10.4,9.71,11.48,11.28,-0.003,-0.003,-0.004,0.0,0.04,-80.3064036,26.9209497,827.55
9.1,0.4,0.0,-0.0,-0.06,-0.07,-0.04,-0.34,0.1,-0.43,0.33,9.496,9.673,8.966,8.996,10.2,9.52,11.58,11.28,-0.003,-0.003,-0.004,0.0,0.04,-80.3064036,26.9209497,827.6
9.1,0.4,0.0,-0.0,-0.07,-0.06,0.2,-0.09,-0.21,-0.43,0.32,9.516,9.643,8.976,9.015,10.4,9.61,11.67,11.18,-0.003,-0.003,-0.004,0.0,0.04,-80.3064036,26.9209497,827.65
9.1,0.3,0.0,-0.0,-0.05,-0.07,0.19,0.03,0.17,-0.43,0.3,9.486,9.663,8.957,9.015,10.3,9.91,11.38,11.09,-0.003,-0.003,-0.004,0.0,0.04,-80.3064036,26.9209497,827.7
9.2,0.3,0.0,-0.0,-0.03,-0.09,-0.03,-0.13,-0.17,-0.42,0.28,9.496,9.653,8.976,9.035,10.2,9.61,11.28,11.18,-0.003,-0.003,-0.004,0.0,0.04,-80.3064036,26.9209497,827.75
9.1,0.4,0.0,-0.0,-0.06,-0.07,-0.23,-0.15,-0.05,-0.43,0.33,9.526,9.643,8.957,9.006,10.4,9.91,11.48,11.58,-0.003,-0.003,-0.004,0.0,0.04,-80.3064036,26.9209497,827.8
9.1,0.3,0.0,-0.0,-0.07,-0.08,-0.26,0.46,-0.09,-0.43,0.33,9.506,9.663,8.976,9.015,10.4,9.61,11.38,11.28,-0.003,-0.003,-0.004,0.0,0.04,-80.3064036,26.9209497,827.85
9.2,0.3,0.0,-0.0,-0.03,-0.09,-0.44,0.08,0.25,-0.41,0.33,9.516,9.633,8.976,9.045,10.3,9.91,11.09,10.99,-0.003,-0.003,-0.004,0.0,0.04,-80.3064036,26.9209497,827.9
9.1,0.4,0.0,-0.0,-0.05,-0.06,-0.09,-0.18,0.46,-0.43,0.34,9.496,9.663,8.937,9.015,10.01,9.81,11.58,11.28,-0.003,-0.003,-0.004,0.0,0.04,-80.3064036,26.9209497,827.95
9.1,0.4,0.0,-0.0,-0.04,-0.08,-0.04,-0.18,-0.01,-0.43,0.33,9.496,9.643,8.976,9.015,10.4,9.81,11.67,11.28,-0.003,-0.003,-0.004,0.0,0.04,-80.3064036,26.9209497,828.0
9.1,0.4,0.0,-0.0,-0.07,-0.05,-0.05,0.02,0.12,-0.41,0.34,9.496,9.653,8.966,9.015,10.3,9.61,11.77,11.58,-0.003,-0.003,-0.004,0.0,0.04,-80.3064036,26.9209497,828.05
9.1,0.4,0.0,-0.0,-0.03,-0.08,-0.19,-0.08,0.22,-0.4,0.35,9.526,9.663,8.927,9.006,10.3,9.61,11.58,11.09,-0.003,-0.003,-0.004,0.0,0.04,-80.3064036,26.9209497,828.1
9.1,0.4,0.0,-0.0,-0.06,-0.06,-0.34,-0.01,-0.18,-0.43,0.33,9.516,9.663,8.986,8.996,10.3,9.52,11.38,10.99,-0.003,-0.003,-0.004,0.0,0.04,-80.3064036,26.9209497,828.15
9.1,0.4,0.0,-0.0,-0.04,-0.09,-0.24,0.02,-0.0,-0.43,0.33,9.467,9.614,8.937,8.996,10.2,9.91,11.77,11.38,-0.003,-0.003,-0.004,0.0,0.04,-80.3064036,26.9209497,828.2
9.1,0.4,0.0,-0.0,-0.05,-0.08,-0.07,0.42,-0.12,-0.43,0.33,9.496,9.653,8.957,9.006,10.3,9.71,11.58,11.28,-0.003,-0.003,-0.004,0.0,0.04,-80.3064036,26.9209497,828.25
9.1,0.4,0.0,-0.0,-0.06,-0.05,-0.05,-0.12,-0.17,-0.43,0.33,9.496,9.633,8.927,9.015,10.1,9.71,11.77,11.09,-0.003,-0.003,-0.004,0.0,0.04,-80.3064036,26.9209497,828.3
9.1,0.4,0.0,-0.0,-0.07,-0.07,0.23,0.06,0.2,-0.43,0.33,9.516,9.653,8.976,9.015,10.1,10.01,11.58,11.28,-0.003,-0.003,-0.004,0.0,0.04,-80.3064035,26.9209497,828.35
9.1,0.3,0.0,-0.0,-0.04,-0.09,-0.02,0.18,-0.05,-0.42,0.33,9.506,9.643,8.947,8.996,10.59,9.71,11.58,10.99,-0.003,-0.003,-0.004,0.0,0.04,-80.3064035,26.9209497,828.4
9.1,0.4,0.0,-0.0,-0.05,-0.08,0.23,-0.05,-0.12,-0.41,0.33,9.496,9.663,8.976,8.996,10.5,9.52,11.77,11.09,-0.003,-0.003,-0.004,0.0,0.04,-80.3064035,26.9209497,828.45
9.1,0.3,0.0,-0.0,-0.06,-0.08,0.14,0.16,-0.2,-0.4,0.34,9.506,9.653,8.957,9.035,10.2,9.91,11.77,11.09,-0.003,-0.003,-0.004,0.0,0.04,-80.3064035,26.9209497,828.5
9.1,0.4,0.0,-0.0,-0.06,-0.07,0.18,0.04,0.08,-0.39,0.34,9.496,9.673,8.957,9.035,10.4,9.91,11.58,11.18,-0.003,-0.003,-0.004,0.0,0.04,-80.3064036,26.9209497,828.55
9.1,0.4,0.0,-0.0,-0.05,-0.05,-0.11,-0.2,-0.05,-0.43,0.34,9.486,9.624,8.957,9.006,10.2,9.61,11.28,11.09,-0.003,-0.003,-0.004,0.0,0.04,-80.3064036,26.9209497,828.6
9.1,0.4,0.0,-0.0,-0.03,-0.08,-0.03,0.01,0.16,-0.43,0.33,9.496,9.643,8.947,9.006,10.2,9.71,11.58,11.28,-0.003,-0.003,-0.004,0.0,0.04,-80.3064036,26.9209496,828.65
9.1,0.4,0.0,-0.0,-0.05,-0.08,-0.07,-0.04,0.12,-0.43,0.34,9.516,9.653,8.966,9.035,10.4,9.42,11.58,10.99,-0.003,-0.003,-0.004,0.0,0.04,-80.3064036,26.9209497,828.7
9.1,0.4,0.0,-0.0,-0.04,-0.09,-0.21,0.02,0.49,-0.43,0.35,9.506,9.643,8.947,8.996,10.69,9.91,11.38,11.18,-0.003,-0.003,-0.004,0.0,0.04,-80.3064036,26.9209496,828.75
9.1,0.4,0.0,-0.0,-0.06,-0.07,0.03,0.11,-0.19,-0.43,0.33,9.476,9.663,8.937,9.006,10.5,9.61,11.77,11.28,-0.003,-0.003,-0.004,0.0,0.04,-80.3064036,26.9209496,828.8
9.1,0.4,0.0,-0.0,-0.04,-0.06,-0.19,-0.17,0.63,-0.43,0.35,9.506,9.663,8.947,9.025,10.5,9.42,11.48,11.38,-0.003,-0.003,-0.004,0.0,0.04,-80.3064036,26.9209496,828.85
9.1,0.3,0.0,-0.0,-0.04,-0.07,0.22,0.1,0.17,-0.44,0.38,9.496,9.663,8.957,9.015,10.4,9.61,11.77,10.99,-0.003,-0.003,-0.004,0.0,0.05,-80.3064036,26.9209496,828.9
9.1,0.4,0.0,-0.0,-0.05,-0.07,-0.01,0.04,-0.04,-0.43,0.33,9.476,9.633,8.966,9.006,10.3,10.01,11.67,11.28,-0.003,-0.003,-0.004,0.0,0.05,-80.3064036,26.9209496,828.95
9.0,0.4,0.0,-0.0,-0.05,-0.09,-0.07,0.07,-0.14,-0.44,0.34,9.486,9.653,8.957,8.996,10.3,9.71,11.48,10.99,-0.003,-0.003,-0.004,0.0,0.05,-80.3064036,26.9209496,829.0
9.1,0.4,0.0,-0.0,-0.06,-0.08,-0.0,0.16,-0.19,-0.43,0.35,9.496,9.673,8.976,9.006,10.1,9.71,11.58,11.38,-0.003,-0.003,-0.004,0.0,0.05,-80.3064036,26.9209496,829.05
9.1,0.4,0.0,-0.0,-0.06,-0.07,-0.1,-0.26,0.12,-0.43,0.35,9.516,9.653,8.966,9.006,10.5,9.71,11.38,11.58,-0.003,-0.003,-0.004,0.0,0.05,-80.3064036,26.9209496,829.1
9.0,0.4,0.0,-0.0,-0.06,-0.08,-0.02,0.28,0.07,-0.43,0.34,9.516,9.653,8.966,9.015,10.2,9.71,11.58,11.58,-0.003,-0.003,-0.004,0.0,0.05,-80.3064036,26.9209496,829.15
9.1,0.4,0.0,-0.0,-0.04,-0.07,-0.23,-0.17,-0.13,-0.43,0.34,9.467,9.663,8.907,9.006,10.4,9.71,11.77,11.18,-0.003,-0.003,-0.004,0.0,0.05,-80.3064036,26.9209496,829.2
9.1,0.4,0.0,-0.0,-0.06,-0.05,-0.07,-0.01,-0.24,-0.43,0.34,9.496,9.643,8.937,8.996,10.01,9.81,11.58,11.18,-0.003,-0.003,-0.004,0.0,0.05,-80.3064036,26.9209496,829.25
9.1,0.4,0.0,-0.0,-0.04,-0.09,0.16,0.04,0.14,-0.43,0.35,9.526,9.633,8.947,9.035,10.59,9.42,11.28,11.18,-0.003,-0.003,-0.004,0.0,0.05,-80.3064036,26.9209496,829.3
9.1,0.4,0.0,-0.0,-0.06,-0.07,-0.05,0.17,-0.08,-0.43,0.35,9.496,9.673,8.966,8.996,10.2,9.81,11.67,11.38,-0.003,-0.003,-0.004,0.0,0.05,-80.3064036,26.9209496,829.35
9.0,0.4,0.0,-0.0,-0.05,-0.08,0.26,-0.07,-0.09,-0.43,0.36,9.486,9.604,8.947,8.996,10.4,9.42,11.77,11.58,-0.003,-0.003,-0.004,0.0,0.05,-80.3064036,26.9209496,829.4
9.1,0.4,0.0,-0.0,-0.06,-0.07,0.19,0.19,0.25,-0.43,0.37,9.486,9.624,8.957,9.006,10.4,9.71,11.77,11.09,-0.003,-0.003,-0.004,0.0,0.05,-80.3064036,26.9209496,829.45
9.1,0.4,0.0,-0.0,-0.05,-0.07,-0.02,0.14,-0.54,-0.43,0.34,9.526,9.692,8.966,9.015,10.5,9.61,11.38,11.28,-0.003,-0.003,-0.004,0.0,0.05,-80.3064036,26.9209496,829.5
9.1,0.3,0.0,-0.0,-0.08,-0.07,0.12,0.01,-0.6,-0.43,0.34,9.526,9.663,8.966,9.015,10.2,9.71,11.58,11.09,-0.003,-0.003,-0.004,0.0,0.05,-80.3064036,26.9209496,829.55
9.1,0.3,0.0,-0.0,-0.06,-0.07,0.28,-0.32,-0.26,-0.42,0.36,9.476,9.633,8.927,8.986,10.4,9.71,11.67,11.18,-0.003,-0.003,-0.004,0.0,0.05,-80.3064036,26.9209496,829.6
9.1,0.4,0.0,-0.0,-0.05,-0.08,0.18,0.13,-0.03,-0.41,0.37,9.496,9.663,8.947,8.996,10.2,9.81,11.58,11.09,-0.003,-0.003,-0.004,0.0,0.05,-80.3064036,26.9209496,829.65
9.1,0.3,0.0,-0.0,-0.05,-0.08,0.22,0.02,0.2,-0.41,0.39,9.486,9.673,8.976,9.045,10.5,9.61,11.67,11.18,-0.003,-0.003,-0.004,0.0,0.05,-80.3064036,26.9209496,829.7
9.1,0.3,0.0,-0.0,-0.05,-0.07,-0.14,0.38,-0.06,-0.43,0.34,9.496,9.673,8.957,9.015,10.4,9.52,11.67,11.09,-0.003,-0.003,-0.004,0.0,0.05,-80.3064036,26.9209496,829.75
9.0,0.4,0.0,-0.0,-0.05,-0.07,-0.08,-0.36,-0.19,-0.43,0.34,9.486,9.624,8.947,8.966,10.4,9.61,11.77,10.89,-0.003,-0.003,-0.004,0.0,0.05,-80.3064036,26.9209496,829.8
9.1,0.4,0.0,-0.0,-0.04,-0.07,-0.23,-0.07,0.22,-0.42,0.35,9.476,9.633,8.957,9.035,10.1,9.52,11.58,11.58,-0.003,-0.003,-0.004,0.0,0.05,-80.3064036,26.9209496,829.85
9.1,0.3,0.0,-0.0,-0.05,-0.07,0.07,0.11,0.36,-0.4,0.37,9.545,9.673,8.957,9.015,10.3,9.81,11.67,11.38,-0.003,-0.003,-0.004,0.0,0.05,-80.3064036,26.9209496,829.9
9.1,0.4,0.0,-0.0,-0.03,-0.08,-0.27,0.08,0.44,-0.43,0.35,9.486,9.663,8.907,9.006,10.3,9.52,11.58,11.38,-0.003,-0.003,-0.004,0.0,0.05,-80.3064036,26.9209496,829.95
9.0,0.4,0.0,-0.0,-0.05,-0.06,-0.13,0.07,0.23,-0.43,0.37,9.496,9.653,8.937,9.015,10.2,9.81,11.67,11.28,-0.003,-0.003,-0.004,0.0,0.05,-80.3064036,26.9209496,830.0
9.1,0.4,0.0,-0.0,-0.04,-0.08,0.18,0.05,0.17,-0.42,0.39,9.516,9.643,8.937,8.986,10.4,9.42,11.67,11.58,-0.003,-0.003,-0.004,0.0,0.05,-80.3064036,26.9209496,830.05
9.1,0.3,0.0,-0.0,-0.07,-0.08,-0.06,-0.01,0.0,-0.42,0.41,9.516,9.653,8.976,9.006,10.2,9.91,11.58,11.18,-0.003,-0.003,-0.004,0.0,0.05,-80.3064036,26.9209496,830.1
9.1,0.4,0.0,-0.0,-0.05,-0.06,0.08,-0.03,0.06,-0.42,0.43,9.486,9.633,8.957,9.006,10.4,9.61,11.28,11.58,-0.003,-0.003,-0.004,0.0,0.05,-80.3064036,26.9209496,830.15
9.0,0.4,0.0,-0.0,-0.03,-0.07,0.19,0.2,-0.11,-0.43,0.34,9.486,9.653,8.966,9.015,10.2,9.81,11.87,11.38,-0.003,-0.003,-0.004,0.0,0.05,-80.3064036,26.9209496,830.2
9.0,0.4,0.0,-0.0,-0.03,-0.07,0.18,0.33,0.03,-0.43,0.34,9.506,9.673,8.966,9.035,10.2,9.81,11.28,11.09,-0.003,-0.003,-0.004,0.0,0.05,-80.3064036,26.9209496,830.25
9.0,0.4,0.0,-0.0,-0.04,-0.08,-0.23,0.04,0.21,-0.44,0.34,9.486,9.643,8.898,8.966,10.3,9.81,11.58,11.09,-0.003,-0.003,-0.004,0.0,0.05,-80.3064036,26.9209496,830.3
9.1,0.3,0.0,-0.0,-0.07,-0.06,-0.11,0.0,-0.2,-0.43,0.34,9.476,9.643,8.947,9.015,10.3,9.52,11.48,11.09,-0.003,-0.003,-0.004,0.0,0.05,-80.3064036,26.9209496,830.35
9.1,0.3,0.0,-0.0,-0.06,-0.1,0.17,0.22,-0.18,-0.44,0.35,9.496,9.682,8.947,9.025,10.5,9.81,11.87,11.38,-0.003,-0.003,-0.004,0.0,0.06,-80.3064036,26.9209496,830.4
9.0,0.4,0.0,-0.0,-0.06,-0.07,-0.26,0.23,-0.2,-0.44,0.34,9.516,9.663,8.917,8.986,10.3,9.71,11.58,11.38,-0.003,-0.003,-0.004,0.0,0.06,-80.3064036,26.9209496,830.45
9.0,0.4,0.0,-0.0,-0.02,-0.07,-0.34,0.1,0.4,-0.47,0.34,9.476,9.643,8.966,9.006,10.2,9.81,11.87,11.38,-0.003,-0.003,-0.004,0.0,0.06,-80.3064036,26.9209496,830.5
9.1,0.4,0.0,-0.0,-0.03,-0.05,-0.26,0.13,0.05,-0.43,0.34,9.516,9.692,8.966,9.035,10.4,9.61,11.77,11.38,-0.003,-0.003,-0.004,0.0,0.05,-80.3064037,26.9209496,830.55
9.1,0.4,0.0,0.01,-0.06,-0.09,0.16,0.04,0.06,-0.42,0.34,9.535,9.663,8.907,8.986,10.4,9.81,11.67,11.09,-0.003,-0.003,-0.004,0.0,-0.0,-80.3064037,26.9209496,830.6
9.1,0.4,0.0,0.0,-0.06,-0.06,-0.27,0.11,-0.35,-0.44,0.33,9.467,9.653,8.937,9.025,10.4,9.81,11.48,11.18,-0.003,-0.003,-0.004,0.0,-0.0,-80.3064037,26.9209496,830.65
9.1,0.4,0.0,-0.0,-0.06,-0.04,0.22,0.28,0.23,-0.42,0.34,9.506,9.663,8.937,9.035,10.2,9.61,11.48,11.38,-0.003,-0.003,-0.004,0.0,0.0,-80.3064037,26.9209496,830.7
9.1,0.4,0.0,-0.0,-0.01,-0.09,-0.27,0.43,0.16,-0.42,0.35,9.496,9.663,8.947,9.035,10.4,9.61,11.48,11.28,-0.003,-0.003,-0.004,0.0,-0.0,-80.3064037,26.9209496,830.75
9.0,0.4,0.0,0.01,-0.06,-0.08,-0.04,0.19,-0.07,-0.43,0.34,9.506,9.643,8.917,8.986,10.2,9.61,11.87,11.38,-0.003,-0.003,-0.004,0.0,-0.0,-80.3064037,26.9209496,830.8
9.1,0.3,0.0,0.01,-0.07,-0.1,-0.01,0.06,0.05,-0.44,0.34,9.526,9.653,8.947,8.996,10.59,9.91,11.67,11.28,-0.003,-0.003,-0.004,0.0,-0.0,-80.3064037,26.9209496,830.85
9.1,0.4,0.0,0.01,-0.03,-0.08,-0.2,-0.08,0.02,-0.43,0.33,9.516,9.663,8.976,9.035,10.3,9.81,11.38,11.09,-0.003,-0.003,-0.004,0.0,-0.01,-80.3064037,26.9209496,830.9
9.1,0.3,0.0,0.01,-0.04,-0.05,-0.32,0.11,0.02,-0.41,0.31,9.496,9.653,8.937,9.045,10.3,9.61,11.58,11.28,-0.003,-0.003,-0.004,0.0,-0.01,-80.3064037,26.9209496,830.95
9.0,0.4,0.0,0.01,-0.06,-0.03,-0.05,-0.0,-0.03,-0.44,0.34,9.476,9.643,8.966,9.045,10.5,9.71,11.48,11.28,-0.003,-0.003,-0.004,0.0,-0.01,-80.3064037,26.9209496,831.0
9.1,0.4,0.0,0.0,-0.04,-0.07,-0.03,-0.06,0.3,-0.43,0.35,9.526,9.673,8.927,9.025,10.5,9.71,11.77,11.38,-0.003,-0.003,-0.004,0.0,0.0,-80.3064037,26.9209496,831.05
9.1,0.3,0.0,0.0,-0.05,-0.1,-0.04,-0.38,0.2,-0.43,0.35,9.506,9.624,8.937,9.006,10.69,9.61,11.28,11.58,-0.003,-0.003,-0.004,0.0,0.0,-80.3064037,26.9209496,831.1
9.1,0.4,0.0,0.01,-0.06,-0.09,-0.27,-0.12,-0.04,-0.43,0.36,9.506,9.663,8.986,9.006,10.5,9.61,11.77,11.28,-0.003,-0.003,-0.004,0.0,-0.01,-80.3064037,26.9209496,831.15
9.0,0.4,0.0,0.01,-0.04,-0.1,0.11,0.15,-0.1,-0.42,0.36,9.535,9.692,8.937,9.006,10.5,9.71,11.67,11.38,-0.003,-0.003,-0.004,0.0,-0.01,-80.3064037,26.9209496,831.2
9.0,0.4,0.0,0.01,-0.07,-0.04,-0.12,0.34,0.04,-0.43,0.33,9.476,9.643,8.947,9.025,10.4,10.01,11.58,11.48,-0.003,-0.003,-0.004,0.0,-0.01,-80.3064037,26.9209496,831.25
9.0,0.4,0.0,0.0,-0.06,-0.05,0.05,-0.14,-0.22,-0.42,0.34,9.496,9.653,8.888,8.976,10.3,9.91,11.67,11.28,-0.003,-0.003,-0.004,0.0,-0.01,-80.3064037,26.9209496,831.3
9.1,0.4,0.0,0.0,-0.05,-0.06,0.07,-0.12,-0.06,-0.43,0.36,9.535,9.663,8.986,9.025,10.3,9.32,11.38,11.28,-0.003,-0.003,-0.004,0.0,0.0,-80.3064037,26.9209496,831.35
9.1,0.4,0.0,0.01,0.09,-0.24,-0.33,-0.21,-0.16,-0.44,0.34,9.516,9.663,8.986,9.035,10.4,9.71,11.58,11.38,-0.003,-0.003,-0.004,0.0,-0.01,-80.3064037,26.9209496,831.4
9.1,0.4,0.0,0.01,-0.05,-0.09,-0.13,0.04,0.2,-0.44,0.34,9.526,9.643,8.947,8.996,10.4,9.91,11.58,11.09,-0.003,-0.003,-0.004,0.0,-0.0,-80.3064037,26.9209496,831.45
9.1,0.3,0.0,0.01,-0.07,-0.07,-0.18,0.22,-0.06,-0.44,0.34,9.526,9.663,8.976,9.035,10.5,9.61,11.58,10.99,-0.003,-0.003,-0.004,0.0,-0.0,-80.3064037,26.9209496,831.5
9.1,0.3,0.0,0.01,-0.05,-0.04,-0.04,-0.03,0.14,-0.43,0.35,9.506,9.663,8.976,9.064,10.4,9.52,11.28,11.18,-0.003,-0.003,-0.004,0.0,-0.0,-80.3064037,26.9209496,831.55
9.0,0.4,0.0,0.01,-0.03,-0.07,-0.14,-0.08,0.38,-0.44,0.34,9.526,9.643,8.957,8.996,10.5,9.52,11.58,11.09,-0.003,-0.003,-0.004,0.0,-0.01,-80.3064037,26.9209496,831.6
9.0,0.4,0.0,0.01,-0.05,-0.06,0.2,-0.02,0.12,-0.45,0.34,9.486,9.643,8.917,9.006,10.5,9.61,11.67,11.18,-0.003,-0.003,-0.004,0.0,-0.0,-80.3064037,26.9209496,831.65
9.0,0.4,0.0,0.01,-0.04,-0.1,0.09,-0.13,0.42,-0.46,0.34,9.506,9.643,8.927,9.015,10.4,9.52,11.58,11.09,-0.003,-0.003,-0.004,0.0,-0.01,-80.3064037,26.9209497,831.7
9.1,0.4,0.0,0.01,-0.05,-0.08,-0.07,0.04,-0.09,-0.43,0.34,9.516,9.663,8.937,9.006,10.59,9.71,11.38,11.28,-0.003,-0.003,-0.004,0.0,-0.01,-80.3064037,26.9209497,831.75
9.0,0.4,0.0,0.01,-0.06,-0.09,-0.04,0.38,-0.4,-0.44,0.34,9.516,9.692,8.947,9.006,10.4,9.91,11.87,11.28,-0.003,-0.003,-0.004,0.0,-0.01,-80.3064037,26.9209497,831.8
9.1,0.4,0.0,0.01,-0.05,-0.04,-0.3,0.02,-0.04,-0.42,0.34,9.496,9.663,8.937,8.996,10.2,9.81,11.77,11.38,-0.003,-0.003,-0.004,0.0,-0.01,-80.3064037,26.9209497,831.85
9.1,0.3,0.0,0.01,-0.05,-0.06,-0.1,-0.03,-0.08,-0.42,0.35,9.476,9.624,8.947,9.035,10.3,9.81,11.38,11.38,-0.003,-0.003,-0.004,0.0,-0.01,-80.3064037,26.9209497,831.9
9.1,0.4,0.0,0.01,-0.06,-0.08,-0.02,-0.33,0.02,-0.43,0.34,9.535,9.663,8.976,9.015,10.1,9.61,11.77,11.28,-0.003,-0.003,-0.004,0.0,-0.01,-80.3064037,26.9209497,831.95
9.1,0.4,0.0,0.01,-0.05,-0.09,-0.07,0.05,0.39,-0.42,0.35,9.496,9.653,8.947,9.025,10.2,9.91,11.58,11.18,-0.003,-0.003,-0.004,0.0,-0.01,-80.3064037,26.9209497,832.0
9.1,0.4,0.0,0.02,-0.05,-0.07,-0.29,0.2,-0.06,-0.42,0.35,9.486,9.624,8.927,8.996,10.3,9.71,11.77,11.09,-0.003,-0.003,-0.004,0.0,-0.01,-80.3064037,26.9209497,832.05
9.0,0.4,0.0,0.02,-0.05,-0.06,0.06,0.18,0.01,-0.4,0.38,9.506,9.663,8.927,8.986,10.4,9.52,11.38,11.48,-0.003,-0.003,-0.004,0.0,-0.01,-80.3064037,26.9209497,832.1
9.1,0.4,0.0,0.02,-0.03,-0.06,-0.05,0.19,0.18,-0.42,0.34,9.526,9.673,8.947,9.025,10.3,9.71,11.67,11.18,-0.003,-0.003,-0.004,0.0,-0.01,-80.3064037,26.9209497,832.15
9.1,0.4,0.0,0.0,-0.05,-0.07,-0.2,0.14,0.39,-0.42,0.34,9.496,9.653,8.957,9.035,10.1,9.71,11.38,11.18,-0.003,-0.003,-0.004,0.0,-0.0,-80.3064037,26.9209497,832.2
9.0,0.4,0.0,0.01,-0.05,-0.09,-0.06,0.01,-0.03,-0.42,0.32,9.496,9.643,8.947,9.006,10.01,9.71,11.48,11.28,-0.003,-0.003,-0.004,0.0,-0.0,-80.3064037,26.9209497,832.25
9.0,0.4,0.0,0.01,-0.06,-0.09,0.29,0.12,-0.33,-0.42,0.33,9.496,9.653,8.947,8.996,10.3,9.61,11.58,11.28,-0.003,-0.003,-0.004,0.0,-0.01,-80.3064036,26.9209497,832.3
9.1,0.4,0.0,0.01,-0.06,-0.06,0.19,-0.17,-0.02,-0.42,0.35,9.496,9.663,8.937,9.015,10.3,9.61,11.67,11.18,-0.003,-0.003,-0.004,0.0,-0.0,-80.3064036,26.9209498,832.35
9.1,0.3,0.0,0.0,-0.03,-0.05,-0.36,-0.05,0.16,-0.43,0.35,9.496,9.682,8.957,9.006,10.5,9.71,11.58,11.48,-0.003,-0.003,-0.004,0.0,0.0,-80.3064036,26.9209498,832.4
9.1,0.4,0.0,0.0,-0.07,-0.06,-0.13,0.11,-0.29,-0.42,0.33,9.467,9.643,8.957,9.025,10.5,9.71,11.28,11.09,-0.003,-0.003,-0.004,0.0,0.0,-80.3064036,26.9209498,832.45
9.1,0.4,0.0,-0.0,-0.04,-0.09,-0.19,0.18,0.31,-0.42,0.32,9.486,9.682,8.996,9.015,10.5,9.52,11.38,10.99,-0.003,-0.003,-0.004,0.0,-0.01,-80.3064036,26.9209498,832.5
9.1,0.4,0.0,-0.0,-0.05,-0.09,0.1,0.22,0.06,-0.42,0.34,9.516,9.682,8.937,9.015,10.69,9.81,11.87,11.18,-0.003,-0.003,-0.004,0.0,-0.01,-80.3064036,26.9209498,832.55
9.1,0.4,0.0,-0.0,-0.06,-0.07,0.05,-0.24,0.03,-0.42,0.33,9.476,9.653,8.966,8.966,10.59,9.71,11.77,11.09,-0.003,-0.003,-0.004,0.0,-0.01,-80.3064036,26.9209498,832.6
9.1,0.4,0.0,-0.0,-0.05,-0.07,0.21,0.01,0.18,-0.42,0.34,9.496,9.663,8.957,9.006,10.2,9.42,11.48,11.38,-0.003,-0.003,-0.004,0.0,-0.01,-80.3064036,26.9209498,832.65
9.0,0.4,0.0,-0.01,-0.05,-0.07,-0.03,-0.14,0.29,-0.42,0.34,9.476,9.663,8.937,9.045,10.59,9.71,11.58,11.18,-0.003,-0.003,-0.004,0.0,-0.01,-80.3064036,26.9209498,832.7
9.0,0.4,0.0,-0.01,-0.07,-0.07,0.12,-0.08,-0.21,-0.42,0.33,9.486,9.663,8.966,9.006,10.2,9.61,11.67,11.28,-0.003,-0.003,-0.004,0.0,-0.01,-80.3064036,26.9209498,832.75
9.0,0.4,0.0,-0.01,-0.04,-0.09,0.09,-0.09,0.43,-0.42,0.35,9.526,9.624,8.937,8.966,10.3,9.81,11.48,11.28,-0.003,-0.003,-0.004,0.0,-0.01,-80.3064036,26.9209498,832.8
9.0,0.4,0.0,-0.01,-0.04,-0.07,-0.19,-0.12,-0.04,-0.42,0.32,9.486,9.682,8.947,8.996,10.4,9.71,11.77,11.38,-0.003,-0.003,-0.004,0.0,-0.01,-80.3064036,26.9209498,832.85
9.0,0.4,0.0,-0.01,-0.05,-0.06,-0.13,-0.05,0.65,-0.42,0.35,9.486,9.653,8.937,8.996,10.4,9.81,11.87,11.18,-0.003,-0.003,-0.004,0.0,-0.01,-80.3064036,26.9209498,832.9
9.1,0.4,0.0,-0.01,-0.05,-0.07,0.15,-0.3,-0.02,-0.42,0.34,9.506,9.653,8.966,9.006,10.01,9.61,11.38,11.18,-0.003,-0.003,-0.004,0.0,-0.01,-80.3064036,26.9209498,832.95
9.1,0.4,0.0,-0.01,-0.06,-0.07,-0.07,-0.12,-0.62,-0.42,0.33,9.467,9.643,8.976,9.015,10.2,9.81,11.67,11.28,-0.003,-0.003,-0.004,0.0,-0.01,-80.3064036,26.9209498,833.0
9.1,0.4,0.0,-0.01,-0.05,-0.08,-0.09,0.16,-0.1,-0.43,0.3,9.496,9.673,8.957,9.006,10.3,9.71,11.58,11.18,-0.003,-0.003,-0.004,0.0,-0.01,-80.3064036,26.9209498,833.05
9.1,0.4,0.0,-0.01,-0.04,-0.08,0.01,0.02,0.24,-0.44,0.27,9.496,9.663,8.937,9.006,10.5,9.61,11.58,11.58,-0.003,-0.003,-0.004,0.0,-0.01,-80.3064036,26.9209498,833.1
9.1,0.4,0.0,-0.01,-0.06,-0.08,0.11,0.22,-0.08,-0.44,0.24,9.496,9.663,8.947,9.025,10.3,9.81,11.58,11.38,-0.003,-0.003,-0.004,0.0,-0.01,-80.3064036,26.9209498,833.15
9.1,0.4,0.0,-0.01,-0.06,-0.06,-0.19,-0.01,-0.24,-0.43,0.34,9.496,9.673,8.947,8.976,10.5,9.61,11.48,11.38,-0.003,-0.003,-0.004,0.0,-0.01,-80.3064036,26.9209498,833.2
9.1,0.4,0.0,-0.01,-0.06,-0.07,-0.01,0.18,-0.32,-0.45,0.35,9.496,9.643,8.966,9.006,10.4,9.71,11.67,11.28,-0.003,-0.003,-0.004,0.0,-0.01,-80.3064036,26.9209498,833.25
9.1,0.4,0.0,-0.01,-0.05,-0.08,0.29,0.37,0.14,-0.46,0.36,9.496,9.663,8.937,9.015,10.59,9.52,11.28,11.09,-0.003,-0.003,-0.004,0.0,-0.01,-80.3064036,26.9209498,833.3
9.1,0.3,0.0,-0.01,-0.07,-0.07,0.19,-0.12,-0.35,-0.42,0.33,9.526,9.633,8.937,9.006,10.4,9.71,11.97,11.28,-0.003,-0.003,-0.004,0.0,-0.01,-80.3064036,26.9209498,833.35
9.0,0.4,0.0,-0.01,-0.05,-0.1,0.08,0.21,0.22,-0.42,0.33,9.516,9.673,8.947,9.006,10.4,9.71,11.67,11.38,-0.003,-0.003,-0.004,0.0,-0.01,-80.3064036,26.9209498,833.4
9.0,0.4,0.0,-0.01,-0.01,-0.12,-0.19,0.26,0.15,-0.41,0.34,9.496,9.653,8.927,9.006,10.5,9.91,11.67,11.77,-0.003,-0.003,-0.004,0.0,-0.01,-80.3064036,26.9209498,833.45
9.1,0.4,0.0,-0.01,-0.06,-0.07,0.24,-0.29,-0.4,-0.41,0.33,9.496,9.653,8.957,9.015,10.4,9.71,11.28,11.38,-0.003,-0.003,-0.004,0.0,-0.01,-80.3064036,26.9209498,833.5
9.1,0.3,0.0,-0.01,-0.05,-0.07,0.07,-0.06,0.28,-0.42,0.33,9.496,9.624,8.947,9.035,10.2,9.71,11.38,11.38,-0.003,-0.003,-0.004,0.0,-0.01,-80.3064036,26.9209498,833.55
9.1,0.3,0.0,-0.01,-0.06,-0.08,-0.07,0.34,0.12,-0.42,0.33,9.516,9.633,8.957,9.006,10.3,9.71,11.58,11.58,-0.003,-0.003,-0.004,0.0,-0.01,-80.3064036,26.9209498,833.6
9.1,0.3,0.0,-0.01,-0.05,-0.08,0.04,-0.01,-0.21,-0.45,0.31,9.506,9.653,8.966,9.035,10.2,9.61,11.67,10.99,-0.003,-0.003,-0.004,0.0,-0.01,-80.3064036,26.9209498,833.65
9.1,0.4,0.0,-0.01,-0.06,-0.06,-0.12,-0.11,-0.32,-0.43,0.32,9.486,9.663,8.996,9.025,10.2,9.71,11.58,11.28,-0.003,-0.003,-0.004,0.0,-0.01,-80.3064036,26.9209498,833.7
9.1,0.4,0.0,0.0,-0.06,-0.08,-0.05,0.12,-0.1,-0.43,0.34,9.516,9.653,8.957,9.035,10.2,9.81,11.38,11.09,-0.003,-0.003,-0.004,0.0,-0.0,-80.3064036,26.9209498,833.75
9.0,0.4,0.0,0.0,-0.06,-0.07,0.08,-0.09,-0.16,-0.44,0.33,9.506,9.643,8.927,8.986,10.3,9.61,11.87,11.38,-0.003,-0.003,-0.004,0.0,0.0,-80.3064036,26.9209498,833.8
9.1,0.4,0.0,0.0,-0.06,-0.08,0.01,0.26,0.11,-0.42,0.33,9.496,9.643,8.927,9.006,10.5,9.42,11.58,11.58,-0.003,-0.003,-0.004,0.0,-0.0,-80.3064036,26.9209498,833.85
9.0,0.4,0.0,0.0,-0.05,-0.08,-0.01,0.23,-0.2,-0.44,0.34,9.506,9.643,8.937,9.006,10.5,9.71,11.58,11.28,-0.003,-0.003,-0.004,0.0,-0.0,-80.3064036,26.9209498,833.9
9.0,0.4,0.0,0.0,-0.05,-0.07,0.07,0.07,-0.13,-0.44,0.35,9.516,9.643,8.937,9.006,10.2,9.71,11.58,11.48,-0.003,-0.003,-0.004,0.0,0.0,-80.3064036,26.9209498,833.95
9.0,0.4,0.0,0.0,-0.04,-0.07,-0.35,-0.09,0.0,-0.43,0.33,9.486,9.653,8.917,8.986,10.5,9.61,11.09,11.38,-0.003,-0.003,-0.004,0.0,-0.0,-80.3064036,26.9209498,834.0
9.1,0.4,0.0,0.0,-0.05,-0.04,-0.41,0.13,0.04,-0.42,0.33,9.506,9.663,8.947,9.015,10.3,9.91,11.48,11.28,-0.003,-0.003,-0.004,0.0,-0.0,-80.3064036,26.9209497,834.05
9.2,0.3,0.0,0.0,-0.05,-0.08,-0.08,-0.15,-0.1,-0.44,0.33,9.486,9.682,8.996,9.064,10.4,9.61,11.58,11.28,-0.003,-0.003,-0.004,0.0,-0.0,-80.3064036,26.9209497,834.1
9.1,0.4,0.0,0.0,-0.06,-0.06,0.03,-0.12,-0.14,-0.44,0.33,9.506,9.663,8.937,9.015,10.2,9.71,11.58,11.28,-0.003,-0.003,-0.004,0.0,-0.0,-80.3064036,26.9209497,834.15
9.0,0.4,0.0,0.0,-0.04,-0.08,0.02,0.13,-0.01,-0.45,0.34,9.496,9.653,8.976,8.996,10.3,9.71,11.77,11.09,-0.003,-0.003,-0.004,0.0,-0.0,-80.3064036,26.9209497,834.2
9.0,0.4,0.0,0.01,-0.06,-0.06,-0.06,0.03,-0.2,-0.42,0.33,9.496,9.653,8.898,8.976,10.59,9.61,11.58,11.18,-0.003,-0.003,-0.004,0.0,-0.0,-80.3064036,26.9209497,834.25
9.0,0.4,0.0,0.01,-0.05,-0.07,-0.07,0.06,-0.18,-0.44,0.33,9.486,9.643,8.917,8.986,10.01,9.71,11.58,11.38,-0.003,-0.003,-0.004,0.0,-0.0,-80.3064036,26.9209497,834.3
9.0,0.4,0.0,0.01,-0.05,-0.06,-0.05,0.06,-0.11,-0.45,0.33,9.486,9.653,8.927,9.006,10.1,9.81,11.58,11.18,-0.003,-0.003,-0.004,0.0,-0.0,-80.3064036,26.9209497,834.35
9.1,0.4,0.0,0.01,-0.04,-0.07,-0.13,0.01,0.24,-0.47,0.32,9.506,9.663,8.947,9.015,10.5,9.71,11.58,11.28,-0.003,-0.003,-0.004,0.0,-0.0,-80.3064036,26.9209497,834.4
9.0,0.4,0.0,0.01,-0.06,-0.09,0.25,0.1,-0.14,-0.43,0.33,9.496,9.673,8.927,8.986,10.3,9.61,11.67,11.18,-0.003,-0.003,-0.004,0.0,-0.0,-80.3064036,26.9209497,834.45
9.0,0.4,0.0,0.01,-0.05,-0.07,-0.03,-0.1,0.01,-0.44,0.34,9.506,9.663,8.937,8.986,10.4,9.61,11.77,11.58,-0.003,-0.003,-0.004,0.0,-0.0,-80.3064036,26.9209497,834.5
9.1,0.4,0.0,0.01,-0.03,-0.07,0.11,-0.01,0.53,-0.44,0.35,9.506,9.663,8.927,8.986,10.2,9.61,11.38,11.38,-0.003,-0.003,-0.004,0.0,-0.0,-80.3064036,26.9209497,834.55
9.0,0.4,0.0,0.01,-0.05,-0.06,-0.12,-0.33,0.11,-0.45,0.36,9.506,9.653,8.937,9.015,10.4,9.61,11.58,11.09,-0.003,-0.003,-0.004,0.0,-0.0,-80.3064036,26.9209497,834.6
9.0,0.4,0.0,0.01,-0.05,-0.08,0.18,0.05,-0.2,-0.45,0.37,9.506,9.663,8.937,9.006,10.4,9.81,11.87,11.38,-0.003,-0.003,-0.004,0.0,-0.0,-80.3064036,26.9209497,834.65
9.0,0.4,0.0,0.01,-0.05,-0.07,-0.21,-0.02,0.14,-0.44,0.33,9.526,9.653,8.966,9.015,10.4,9.71,11.58,11.28,-0.003,-0.003,-0.004,0.0,-0.0,-80.3064036,26.9209497,834.7
9.1,0.3,0.0,0.01,-0.05,-0.07,-0.14,0.22,0.13,-0.46,0.34,9.486,9.673,8.947,9.006,10.3,9.71,11.67,11.28,-0.003,-0.003,-0.004,0.0,-0.0,-80.3064036,26.9209497,834.75
9.0,0.4,0.0,0.01,-0.04,-0.07,-0.44,-0.29,-0.14,-0.43,0.32,9.526,9.673,8.927,8.986,10.3,9.61,11.28,11.28,-0.003,-0.003,-0.004,0.0,-0.0,-80.3064036,26.9209497,834.8
9.1,0.4,0.0,0.01,-0.05,-0.07,-0.18,0.03,0.09,-0.43,0.33,9.496,9.653,8.937,9.015,10.5,9.71,11.48,11.09,-0.003,-0.003,-0.004,0.0,-0.0,-80.3064036,26.9209497,834.85
9.0,0.4,0.0,0.01,-0.05,-0.08,0.13,-0.05,-0.22,-0.44,0.33,9.476,9.653,8.937,9.015,10.2,9.71,11.28,11.28,-0.003,-0.003,-0.004,0.0,-0.0,-80.3064036,26.9209497,834.9
9.1,0.4,0.0,0.01,-0.06,-0.08,0.34,-0.11,0.28,-0.45,0.32,9.516,9.663,8.937,9.006,10.1,9.71,11.58,11.28,-0.003,-0.003,-0.004,0.0,-0.0,-80.3064036,26.9209497,834.95
9.0,0.4,0.0,0.01,-0.05,-0.07,0.03,-0.12,0.1,-0.47,0.32,9.496,9.653,8.947,9.006,10.3,9.61,11.38,11.28,-0.003,-0.003,-0.004,0.0,-0.0,-80.3064036,26.9209497,835.0
9.0,0.4,0.0,0.01,-0.06,-0.07,0.28,0.12,-0.19,-0.48,0.31,9.486,9.663,8.937,9.006,10.2,9.91,11.48,11.28,-0.003,-0.003,-0.004,0.0,-0.0,-80.3064036,26.9209497,835.05
9.0,0.4,0.0,0.01,-0.05,-0.07,0.01,-0.09,-0.02,-0.43,0.33,9.486,9.663,8.917,8.976,10.5,9.61,11.87,11.48,-0.003,-0.003,-0.004,0.0,-0.0,-80.3064036,26.9209497,835.1
9.0,0.4,0.0,0.01,-0.05,-0.07,-0.12,-0.02,-0.12,-0.43,0.33,9.496,9.653,8.927,8.986,10.2,9.61,11.28,11.28,-0.003,-0.003,-0.004,0.0,-0.0,-80.3064036,26.9209497,835.15
9.1,0.4,0.0,0.01,-0.04,-0.08,-0.15,-0.26,-0.02,-0.43,0.33,9.516,9.663,8.947,8.986,10.1,9.71,11.77,11.58,-0.003,-0.003,-0.004,0.0,-0.0,-80.3064036,26.9209497,835.2
9.1,0.4,0.0,0.01,-0.06,-0.06,-0.21,-0.46,0.16,-0.44,0.33,9.506,9.653,8.937,9.006,10.4,9.61,11.48,11.38,-0.003,-0.003,-0.004,0.0,-0.0,-80.3064036,26.9209497,835.25
9.0,0.4,0.0,0.01,-0.05,-0.07,0.12,-0.51,-0.24,-0.44,0.33,9.506,9.633,8.917,8.986,10.2,9.61,11.58,11.28,-0.003,-0.003,-0.004,0.0,-0.0,-80.3064037,26.9209497,835.3
9.1,0.4,0.0,0.01,-0.06,-0.06,0.16,0.0,0.01,-0.41,0.33,9.486,9.633,8.937,9.006,10.5,9.61,11.58,11.09,-0.003,-0.003,-0.004,0.0,-0.0,-80.3064037,26.9209497,835.35
9.0,0.4,0.0,0.02,-0.06,-0.07,0.06,-0.01,0.1,-0.39,0.33,9.506,9.663,8.947,8.976,10.1,9.42,11.77,11.09,-0.003,-0.003,-0.004,0.0,-0.0,-80.3064037,26.9209497,835.4
9.1,0.3,0.0,0.02,-0.01,-0.12,0.12,-0.0,0.09,-0.37,0.33,9.496,9.633,8.917,9.015,10.4,9.71,11.58,11.09,-0.003,-0.003,-0.004,0.0,-0.0,-80.3064037,26.9209497,835.45
9.1,0.4,0.0,0.02,-0.03,-0.11,-0.25,0.16,-0.19,-0.42,0.33,9.535,9.663,8.957,8.996,10.2,9.91,11.58,11.28,-0.003,-0.003,-0.004,0.0,-0.01,-80.3064037,26.9209497,835.5
9.0,0.4,0.0,0.02,-0.07,-0.05,-0.16,-0.21,0.14,-0.42,0.34,9.516,9.663,8.937,8.986,10.3,9.71,11.48,11.28,-0.003,-0.003,-0.004,0.0,-0.01,-80.3064037,26.9209497,835.55
9.1,0.4,0.0,0.02,-0.04,-0.08,0.03,0.24,-0.06,-0.42,0.34,9.496,9.633,8.937,8.996,10.2,9.61,11.38,11.38,-0.003,-0.003,-0.004,0.0,-0.01,-80.3064037,26.9209497,835.6
9.0,0.4,0.0,0.02,-0.06,-0.06,-0.44,0.08,-0.22,-0.42,0.33,9.496,9.673,8.966,8.986,10.4,9.81,11.48,11.48,-0.003,-0.003,-0.004,0.0,-0.01,-80.3064037,26.9209497,835.65
9.1,0.4,0.0,0.02,-0.06,-0.1,0.26,-0.08,0.1,-0.42,0.33,9.516,9.624,8.937,9.035,10.5,9.61,11.97,11.28,-0.003,-0.003,-0.004,0.0,-0.01,-80.3064037,26.9209497,835.7
9.1,0.4,0.0,0.02,-0.06,-0.06,-0.1,-0.38,-0.03,-0.43,0.33,9.516,9.624,8.947,9.006,10.59,9.71,11.58,11.28,-0.003,-0.003,-0.004,0.0,-0.01,-80.3064037,26.9209497,835.75
9.0,0.4,0.0,0.01,-0.06,-0.09,-0.03,0.12,-0.02,-0.44,0.34,9.486,9.653,8.937,8.996,10.3,9.91,11.87,11.28,-0.003,-0.003,-0.004,0.0,-0.0,-80.3064037,26.9209497,835.8
9.0,0.4,0.0,0.01,-0.05,-0.07,0.01,0.37,0.05,-0.45,0.34,9.526,9.692,8.937,9.006,10.4,9.71,11.48,11.09,-0.003,-0.003,-0.004,0.0,-0.01,-80.3064037,26.9209497,835.85
9.1,0.4,0.0,0.01,-0.05,-0.05,-0.21,-0.14,0.44,-0.42,0.35,9.516,9.663,8.957,8.996,10.3,9.52,11.48,11.38,-0.003,-0.003,-0.004,0.0,-0.01,-80.3064037,26.9209497,835.9
9.0,0.4,0.0,0.01,-0.05,-0.08,0.03,0.13,-0.26,-0.42,0.33,9.496,9.653,8.947,9.015,10.1,9.81,11.77,11.28,-0.003,-0.003,-0.004,0.0,-0.01,-80.3064037,26.9209497,835.95
9.1,0.4,0.0,0.01,-0.05,-0.08,-0.01,0.41,0.24,-0.42,0.34,9.496,9.633,8.957,8.996,10.2,9.81,12.07,10.99,-0.003,-0.003,-0.004,0.0,-0.01,-80.3064037,26.9209497,836.0
9.1,0.4,0.0,0.01,-0.05,-0.08,-0.19,0.35,0.25,-0.42,0.34,9.526,9.682,8.966,8.996,10.3,9.71,11.58,11.38,-0.003,-0.003,-0.004,0.0,-0.01,-80.3064037,26.9209497,836.05
9.1,0.4,0.0,0.01,-0.03,-0.08,-0.08,-0.08,0.43,-0.42,0.35,9.516,9.663,8.917,8.996,10.4,9.71,11.67,11.28,-0.003,-0.003,-0.004,0.0,-0.01,-80.3064037,26.9209497,836.1
9.0,0.4,0.0,0.01,-0.05,-0.06,-0.17,0.07,-0.48,-0.42,0.33,9.496,9.633,8.976,9.015,10.5,9.91,11.58,11.58,-0.003,-0.003,-0.004,0.0,-0.01,-80.3064037,26.9209497,836.15
9.0,0.4,0.0,0.01,-0.04,-0.07,0.01,0.02,-0.08,-0.43,0.34,9.516,9.653,8.947,8.996,10.2,9.61,11.58,11.28,-0.003,-0.003,-0.004,0.0,-0.01,-80.3064037,26.9209497,836.2
9.0,0.4,0.0,0.01,-0.06,-0.06,0.24,-0.04,-0.07,-0.41,0.33,9.486,9.663,8.927,8.996,10.2,9.52,11.77,11.28,-0.003,-0.003,-0.004,0.0,-0.01,-80.3064037,26.9209497,836.25
9.0,0.4,0.0,0.01,-0.05,-0.07,-0.32,-0.37,0.2,-0.4,0.33,9.496,9.614,8.937,8.986,10.4,9.91,11.58,11.38,-0.003,-0.003,-0.004,0.0,-0.01,-80.3064037,26.9209497,836.3
9.0,0.4,0.0,0.01,-0.05,-0.09,-0.22,-0.28,-0.37,-0.39,0.32,9.467,9.663,8.957,9.015,10.3,9.61,11.58,11.09,-0.003,-0.003,-0.004,0.0,-0.01,-80.3064037,26.9209497,836.35
9.0,0.4,0.0,0.01,-0.05,-0.09,0.26,0.09,-0.02,-0.38,0.32,9.526,9.673,8.947,8.996,10.2,9.81,11.28,11.18,-0.003,-0.003,-0.004,0.0,-0.01,-80.3064038,26.9209497,836.4
9.0,0.4,0.0,0.01,-0.06,-0.05,0.32,0.19,-0.09,-0.41,0.33,9.486,9.663,8.927,8.996,10.3,10.01,11.87,11.18,-0.003,-0.003,-0.004,0.0,-0.01,-80.3064038,26.9209497,836.45
9.0,0.4,0.0,0.01,-0.04,-0.06,-0.06,0.18,0.38,-0.41,0.33,9.506,9.663,8.907,8.986,10.3,9.71,11.77,11.38,-0.003,-0.003,-0.004,0.0,-0.02,-80.3064038,26.9209497,836.5
9.0,0.4,0.0,0.01,-0.05,-0.08,0.41,-0.27,0.32,-0.42,0.33,9.496,9.663,8.986,9.015,10.4,9.81,11.77,11.28,-0.003,-0.003,-0.004,0.0,-0.01,-80.3064038,26.9209497,836.55
9.0,0.4,0.0,0.01,-0.07,-0.09,-0.17,0.0,0.03,-0.41,0.32,9.516,9.633,8.957,8.996,10.1,9.81,11.77,11.28,-0.003,-0.003,-0.004,0.0,-0.02,-80.3064038,26.9209497,836.6
9.0,0.4,0.0,0.01,-0.04,-0.09,0.01,0.14,0.36,-0.41,0.33,9.486,9.643,8.957,9.006,10.3,9.91,11.58,11.38,-0.003,-0.003,-0.004,0.0,-0.02,-80.3064038,26.9209497,836.65
9.0,0.4,0.0,0.01,-0.05,-0.06,0.04,-0.12,-0.23,-0.42,0.33,9.486,9.663,8.966,9.035,10.2,9.71,11.97,11.58,-0.003,-0.003,-0.004,0.0,-0.02,-80.3064038,26.9209497,836.7
9.0,0.4,0.0,0.01,-0.06,-0.05,-0.23,-0.17,0.01,-0.41,0.33,9.516,9.663,8.927,9.015,10.1,9.52,11.58,11.18,-0.003,-0.003,-0.004,0.0,-0.02,-80.3064038,26.9209497,836.75
9.0,0.4,0.0,0.01,-0.07,-0.06,0.11,-0.13,-0.05,-0.4,0.33,9.486,9.663,8.907,8.976,10.5,9.81,11.77,11.38,-0.003,-0.003,-0.004,0.0,-0.02,-80.3064038,26.9209497,836.8
9.0,0.4,0.0,0.01,-0.05,-0.08,-0.15,0.22,-0.57,-0.4,0.32,9.486,9.643,8.957,9.006,10.3,9.61,11.58,11.48,-0.003,-0.003,-0.004,0.0,-0.02,-80.3064038,26.9209497,836.85
9.0,0.4,0.0,0.01,-0.05,-0.12,0.16,0.06,-0.09,-0.39,0.32,9.516,9.663,8.976,8.986,10.5,9.71,11.58,11.28,-0.003,-0.003,-0.004,0.0,-0.02,-80.3064038,26.9209497,836.9
9.0,0.4,0.0,0.0,-0.05,-0.08,0.04,-0.08,0.14,-0.38,0.32,9.526,9.663,8.986,9.006,10.3,9.91,11.58,11.38,-0.003,-0.003,-0.004,0.0,-0.01,-80.3064038,26.9209497,836.95
9.0,0.4,0.0,0.0,-0.06,-0.06,0.09,0.07,-0.28,-0.37,0.31,9.476,9.653,8.927,9.015,10.4,9.61,11.67,11.38,-0.003,-0.003,-0.004,0.0,-0.02,-80.3064038,26.9209497,837.0
9.0,0.4,0.0,0.0,-0.04,-0.04,-0.09,0.31,0.37,-0.37,0.31,9.486,9.643,8.957,9.006,10.2,9.71,11.67,11.48,-0.003,-0.003,-0.004,0.0,-0.02,-80.3064038,26.9209497,837.05
9.2,0.3,0.0,0.01,-0.03,-0.06,-0.32,-0.06,0.28,-0.41,0.33,9.496,9.643,9.006,9.074,10.5,9.61,11.38,10.89,-0.003,-0.003,-0.004,0.0,-0.0,-80.3064038,26.9209497,837.1
9.0,0.4,0.0,0.01,-0.06,-0.08,0.02,0.03,0.28,-0.42,0.33,9.516,9.653,8.957,8.996,10.4,9.81,11.67,11.09,-0.003,-0.003,-0.004,0.0,-0.0,-80.3064038,26.9209497,837.15
9.1,0.4,0.0,0.0,-0.07,-0.11,0.02,0.02,0.05,-0.41,0.34,9.506,9.663,8.927,8.996,10.4,9.71,11.48,11.28,-0.003,-0.003,-0.004,0.0,-0.01,-80.3064038,26.9209497,837.2
9.0,0.4,0.0,0.0,-0.04,-0.07,-0.26,0.09,0.36,-0.41,0.34,9.476,9.643,8.976,9.035,10.59,9.61,11.77,11.18,-0.003,-0.003,-0.004,0.0,-0.01,-80.3064039,26.9209497,837.25
9.0,0.4,0.0,-0.0,-0.03,-0.07,0.03,-0.06,-0.15,-0.41,0.35,9.506,9.653,8.957,9.025,10.3,9.81,11.58,10.99,-0.003,-0.003,-0.004,0.0,-0.01,-80.3064039,26.9209497,837.3
9.0,0.4,0.0,-0.0,-0.05,-0.04,0.03,-0.23,-0.04,-0.41,0.33,9.467,9.663,8.898,9.015,10.5,9.71,11.38,11.28,-0.003,-0.003,-0.004,0.0,-0.02,-80.3064039,26.9209497,837.35
9.0,0.4,0.0,-0.0,-0.04,-0.08,0.06,-0.09,0.37,-0.41,0.33,9.486,9.643,8.976,9.025,10.5,9.71,11.58,10.79,-0.003,-0.003,-0.004,0.0,-0.02,-80.3064039,26.9209497,837.4
9.0,0.4,0.0,-0.0,-0.07,-0.08,0.3,-0.17,0.18,-0.42,0.35,9.526,9.663,8.937,9.015,10.3,9.52,11.67,11.28,-0.003,-0.003,-0.004,0.0,-0.02,-80.3064039,26.9209498,837.45
9.0,0.4,0.0,-0.0,-0.02,-0.14,0.11,-0.19,0.19,-0.42,0.37,9.506,9.653,8.986,9.035,10.2,9.52,11.77,11.09,-0.003,-0.003,-0.004,0.0,-0.02,-80.3064039,26.9209498,837.5
9.1,0.3,0.0,-0.0,-0.03,-0.09,-0.19,0.06,0.11,-0.43,0.39,9.486,9.643,8.976,9.035,10.3,9.71,11.58,11.38,-0.003,-0.003,-0.004,0.0,-0.02,-80.3064039,26.9209498,837.55
9.0,0.4,0.0,-0.0,-0.04,-0.08,0.09,0.18,0.06,-0.43,0.41,9.526,9.663,8.947,9.025,10.5,9.81,11.77,11.28,-0.003,-0.003,-0.004,0.0,-0.02,-80.3064039,26.9209498,837.6
9.0,0.4,0.0,-0.0,-0.05,-0.06,-0.08,-0.29,-0.07,-0.41,0.32,9.516,9.643,8.927,8.966,10.3,9.61,11.87,11.38,-0.003,-0.003,-0.004,0.0,-0.02,-80.3064039,26.9209498,837.65
9.0,0.4,0.0,-0.0,-0.05,-0.07,-0.36,-0.19,-0.04,-0.42,0.35,9.496,9.643,8.966,9.035,10.2,9.52,11.87,11.28,-0.003,-0.003,-0.004,0.0,-0.02,-80.3064039,26.9209498,837.7
9.0,0.4,0.0,-0.0,-0.06,-0.08,0.23,-0.45,-0.3,-0.42,0.33,9.506,9.663,8.947,9.035,10.4,9.42,11.77,11.18,-0.003,-0.003,-0.004,0.0,-0.02,-80.3064039,26.9209498,837.75
9.0,0.4,0.0,-0.01,-0.05,-0.07,0.19,0.01,0.1,-0.41,0.33,9.486,9.653,8.927,8.976,10.3,9.81,11.58,11.38,-0.003,-0.003,-0.004,0.0,-0.02,-80.3064039,26.9209498,837.8
9.0,0.4,0.0,-0.01,-0.05,-0.09,-0.08,0.07,-0.05,-0.42,0.34,9.486,9.653,8.986,9.055,10.1,9.61,11.48,11.38,-0.003,-0.003,-0.004,0.0,-0.02,-80.3064039,26.9209498,837.85
9.0,0.4,0.0,-0.01,-0.04,-0.06,0.15,0.27,0.12,-0.41,0.33,9.506,9.663,8.947,9.025,10.1,9.91,11.58,11.09,-0.003,-0.003,-0.004,0.0,-0.02,-80.3064039,26.9209498,837.9
9.0,0.4,0.0,-0.01,-0.04,-0.08,-0.03,-0.22,0.02,-0.41,0.32,9.486,9.624,8.947,9.006,10.4,9.91,11.38,11.28,-0.003,-0.003,-0.004,0.0,-0.03,-80.3064039,26.9209498,837.95
9.1,0.4,0.0,-0.01,-0.06,-0.08,-0.37,0.38,-0.33,-0.4,0.32,9.506,9.653,8.996,9.045,10.4,9.71,11.58,11.38,-0.003,-0.003,-0.004,0.0,-0.03,-80.3064039,26.9209498,838.0
9.0,0.4,0.0,-0.01,-0.06,-0.09,-0.17,0.29,0.03,-0.42,0.34,9.535,9.673,8.957,8.986,10.3,9.81,11.77,11.09,-0.003,-0.003,-0.004,0.0,-0.03,-80.3064039,26.9209498,838.05
9.0,0.4,0.0,-0.01,-0.05,-0.07,-0.04,0.38,0.03,-0.4,0.32,9.486,9.633,8.937,9.006,10.1,9.71,11.67,11.09,-0.003,-0.003,-0.004,0.0,-0.03,-80.3064039,26.9209498,838.1
9.1,0.4,0.0,-0.01,-0.04,-0.05,-0.01,0.02,-0.18,-0.42,0.32,9.486,9.633,8.996,9.055,10.2,9.91,11.38,10.99,-0.003,-0.003,-0.004,0.0,-0.03,-80.3064039,26.9209498,838.15
9.0,0.4,0.0,-0.01,-0.02,-0.08,-0.04,0.02,0.02,-0.43,0.33,9.526,9.663,8.947,9.006,10.3,9.91,11.77,11.28,-0.003,-0.003,-0.004,0.0,-0.03,-80.3064039,26.9209498,838.2
9.0,0.4,0.0,-0.01,-0.05,-0.07,0.12,0.18,0.17,-0.44,0.33,9.496,9.643,8.937,9.006,10.3,9.81,11.48,11.28,-0.003,-0.003,-0.004,0.0,-0.03,-80.3064039,26.9209499,838.25
9.0,0.4,0.0,-0.01,-0.06,-0.09,-0.11,-0.01,-0.24,-0.42,0.33,9.427,9.643,8.927,8.957,10.1,9.52,11.67,11.28,-0.003,-0.003,-0.004,0.0,-0.03,-80.3064039,26.9209499,838.3
9.0,0.4,0.0,0.0,-0.06,-0.07,0.11,-0.36,0.16,-0.41,0.32,9.535,9.692,8.976,9.055,10.4,9.81,11.48,11.58,-0.003,-0.003,-0.004,0.0,-0.01,-80.3064039,26.9209499,838.35
9.1,0.4,0.0,-0.0,-0.06,-0.06,0.08,-0.19,0.01,-0.4,0.32,9.545,9.663,8.966,9.006,10.2,9.71,11.67,10.99,-0.003,-0.003,-0.004,0.0,-0.01,-80.3064039,26.9209499,838.4
9.0,0.4,0.0,-0.0,-0.06,-0.06,0.31,-0.15,0.21,-0.41,0.32,9.437,9.624,8.917,8.976,10.4,9.71,11.67,11.48,-0.003,-0.003,-0.004,0.0,-0.01,-80.3064039,26.9209499,838.45
9.0,0.4,0.0,-0.01,-0.04,-0.07,0.38,-0.1,-0.05,-0.39,0.31,9.496,9.663,8.966,8.976,10.2,9.91,11.87,11.28,-0.003,-0.003,-0.004,0.0,-0.01,-80.3064039,26.9209499,838.5
9.0,0.4,0.0,0.0,-0.03,-0.07,0.06,-0.12,-0.05,-0.41,0.33,9.545,9.692,8.986,9.015,10.4,9.61,11.48,11.28,-0.003,-0.003,-0.004,0.0,-0.01,-80.3064039,26.9209499,838.55
9.0,0.4,0.0,0.0,-0.05,-0.07,-0.05,-0.27,-0.12,-0.41,0.34,9.457,9.663,8.947,8.986,10.4,9.81,11.77,11.18,-0.003,-0.003,-0.004,0.0,-0.01,-80.3064039,26.9209499,838.6
9.1,0.3,0.0,0.0,-0.07,-0.06,0.11,-0.06,0.12,-0.41,0.32,9.467,9.624,8.976,8.996,10.5,9.71,11.77,10.99,-0.003,-0.003,-0.004,0.0,-0.01,-80.3064039,26.9209499,838.65
9.0,0.4,0.0,0.0,-0.05,-0.1,0.23,0.23,0.01,-0.42,0.33,9.526,9.692,8.966,9.006,10.2,9.81,11.48,11.09,-0.003,-0.003,-0.004,0.0,-0.01,-80.3064039,26.9209499,838.7
9.0,0.4,0.0,0.0,-0.08,-0.07,0.05,-0.0,-0.35,-0.42,0.33,9.506,9.692,8.947,8.986,10.1,9.81,11.38,11.48,-0.003,-0.003,-0.004,0.0,-0.01,-80.3064039,26.9209499,838.75
9.0,0.4,0.0,0.0,-0.04,-0.08,-0.04,-0.15,0.58,-0.38,0.32,9.506,9.633,8.888,8.868,10.2,9.71,11.48,11.28,-0.003,-0.003,-0.004,0.0,-0.01,-80.3064039,26.9209499,838.8
9.0,0.4,0.0,0.0,-0.08,-0.05,0.23,0.26,0.15,-0.39,0.32,9.555,9.633,9.133,8.888,10.2,9.81,11.87,10.99,-0.003,-0.003,-0.004,0.0,-0.01,-80.3064039,26.9209499,838.85
9.0,0.4,0.0,0.0,-0.07,-0.08,-0.28,-0.33,0.09,-0.4,0.32,9.467,9.633,8.839,8.927,10.1,9.81,11.77,10.99,-0.003,-0.003,-0.004,0.0,-0.01,-80.3064039,26.9209499,838.9
9.0,0.4,0.0,0.0,-0.09,0.03,-0.27,0.08,-0.32,-0.42,0.33,9.467,9.624,8.976,8.927,10.59,9.81,11.87,11.28,-0.003,-0.003,-0.004,0.0,-0.01,-80.3064039,26.9209499,838.95
9.1,0.3,0.0,0.0,-0.01,-0.1,0.02,-0.29,0.42,-0.41,0.33,9.486,9.771,9.084,9.133,10.01,9.81,11.77,11.09,-0.003,-0.003,-0.004,0.0,-0.01,-80.3064039,26.9209499,839.0
9.0,0.4,0.0,0.0,-0.05,-0.09,0.07,-0.05,-0.11,-0.42,0.32,9.545,9.653,9.025,8.927,10.5,9.61,11.77,10.99,-0.003,-0.003,-0.004,0.0,-0.01,-80.3064039,26.9209499,839.05
9.0,0.4,0.0,0.0,-0.07,-0.14,-0.09,0.09,-0.23,-0.42,0.33,9.447,9.624,8.927,9.006,10.2,9.71,11.67,11.48,-0.003,-0.003,-0.004,0.0,-0.01,-80.3064039,26.9209499,839.1
9.0,0.4,0.0,-0.0,-0.07,-0.04,-0.01,0.04,0.2,-0.43,0.33,9.506,9.653,8.957,9.055,10.4,9.52,11.58,11.28,-0.003,-0.003,-0.004,0.0,-0.0,-80.3064039,26.9209499,839.15
9.0,0.4,0.0,-0.0,-0.06,-0.08,-0.1,0.08,-0.13,-0.4,0.32,9.535,9.712,8.937,9.064,10.2,9.91,11.38,11.28,-0.003,-0.003,-0.004,0.0,0.0,-80.3064039,26.9209499,839.2
9.0,0.4,0.0,-0.0,-0.05,-0.03,-0.0,0.18,-0.34,-0.43,0.33,9.516,9.604,8.937,8.966,10.5,9.42,11.58,11.09,-0.003,-0.003,-0.004,0.0,0.01,-80.3064039,26.9209499,839.25
9.0,0.4,0.0,-0.0,-0.06,-0.12,0.03,0.22,-0.64,-0.44,0.34,9.496,9.633,8.937,9.064,10.3,9.52,11.58,11.28,-0.003,-0.003,-0.004,0.0,0.01,-80.3064039,26.9209499,839.3
9.0,0.4,0.0,-0.0,-0.03,-0.09,0.28,-0.17,0.12,-0.41,0.32,9.535,9.663,8.937,9.006,10.3,9.61,11.48,11.09,-0.003,-0.003,-0.004,0.0,0.01,-80.3064039,26.9209499,839.35
9.0,0.4,0.0,-0.0,-0.06,-0.08,0.12,-0.21,-0.37,-0.41,0.33,9.486,9.653,8.947,9.015,10.5,9.91,11.77,11.38,-0.003,-0.003,-0.004,0.0,0.01,-80.3064039,26.9209499,839.4
9.0,0.4,0.0,-0.0,-0.07,-0.02,-0.15,-0.32,0.35,-0.42,0.32,9.467,9.584,8.986,9.006,10.4,9.71,11.77,11.38,-0.003,-0.003,-0.004,0.0,0.02,-80.3064039,26.9209499,839.45
9.0,0.4,0.0,-0.0,-0.05,-0.08,0.02,-0.08,-0.38,-0.41,0.33,9.516,9.692,8.927,9.045,10.1,9.61,11.87,11.28,-0.003,-0.003,-0.004,0.0,0.02,-80.3064039,26.9209499,839.5
9.0,0.4,0.0,-0.01,-0.11,-0.01,0.02,-0.36,-0.49,-0.42,0.32,9.526,9.712,8.898,8.996,10.5,9.81,11.38,11.38,-0.003,-0.003,-0.004,0.0,0.02,-80.3064039,26.9209499,839.55
9.0,0.4,0.0,0.0,-0.06,-0.06,0.14,-0.25,-0.31,-0.44,0.29,9.555,9.575,9.084,9.084,10.01,9.91,11.38,10.99,-0.003,-0.003,-0.004,0.0,-0.01,-80.3064039,26.9209499,839.6
9.0,0.4,0.0,0.0,-0.05,-0.12,-0.08,-0.17,0.15,-0.46,0.27,9.496,9.673,8.839,8.927,10.3,10.01,11.38,11.18,-0.003,-0.003,-0.004,0.0,-0.01,-80.3064039,26.9209499,839.65
9.0,0.4,0.0,0.0,-0.09,-0.08,0.04,-0.36,-0.35,-0.43,0.32,9.496,9.614,8.868,8.937,10.3,9.81,11.77,11.38,-0.003,-0.003,-0.004,0.0,-0.01,-80.3064039,26.9209499,839.7
9.1,0.4,0.0,-0.0,-0.04,0.02,-0.12,0.17,-0.11,-0.44,0.34,9.516,9.633,9.094,9.172,10.4,9.71,11.58,11.28,-0.003,-0.003,-0.004,0.0,-0.01,-80.3064039,26.9209499,839.75
9.0,0.4,0.0,-0.0,-0.03,-0.14,-0.08,-0.25,0.11,-0.41,0.32,9.516,9.692,8.839,8.976,10.2,10.1,11.48,11.18,-0.003,-0.003,-0.004,0.0,-0.0,-80.3064039,26.9209499,839.8
9.0,0.4,0.0,-0.01,-0.07,-0.05,-0.14,-0.01,-0.07,-0.43,0.32,9.535,9.584,8.957,8.937,10.79,9.81,11.77,11.18,-0.003,-0.003,-0.004,0.0,-0.01,-80.3064038,26.9209499,839.85
9.0,0.4,0.0,-0.01,-0.05,-0.07,0.13,0.11,-0.3,-0.44,0.33,9.486,9.594,8.957,8.976,10.59,9.71,11.77,11.28,-0.003,-0.003,-0.004,0.0,-0.01,-80.3064038,26.9209499,839.9
9.0,0.4,0.0,-0.01,-0.04,-0.15,0.05,0.12,-0.05,-0.42,0.32,9.496,9.761,8.937,9.094,10.3,10.01,11.67,11.09,-0.003,-0.003,-0.004,0.0,-0.01,-80.3064038,26.9209499,839.95
9.0,0.4,0.0,-0.01,-0.04,-0.02,-0.14,-0.1,0.49,-0.43,0.34,9.584,9.584,8.996,8.966,10.3,9.71,11.77,11.38,-0.003,-0.003,-0.004,0.0,-0.01,-80.3064038,26.9209499,840.0
9.0,0.4,0.0,-0.0,-0.05,-0.05,-0.13,0.09,-0.19,-0.44,0.31,9.437,9.663,8.888,9.025,10.2,9.81,11.38,11.18,-0.003,-0.003,-0.004,0.0,-0.01,-80.3064038,26.9209498,840.05
9.0,0.4,0.0,-0.0,-0.07,-0.09,0.45,-0.03,-0.22,-0.43,0.32,9.506,9.682,8.957,9.074,10.2,10.01,11.97,11.38,-0.003,-0.003,-0.004,0.0,-0.01,-80.3064038,26.9209498,840.1
9.0,0.4,0.0,-0.0,-0.08,-0.07,-0.16,0.0,0.05,-0.45,0.34,9.584,9.624,8.937,8.966,10.3,9.91,11.67,11.09,-0.003,-0.003,-0.004,0.0,-0.01,-80.3064038,26.9209498,840.15
9.0,0.4,0.0,-0.0,-0.06,-0.11,-0.15,0.02,0.08,-0.44,0.32,9.496,9.653,8.957,9.025,10.3,9.71,11.67,11.28,-0.003,-0.003,-0.004,0.0,-0.01,-80.3064038,26.9209498,840.2
9.0,0.4,0.0,-0.0,-0.03,-0.1,-0.24,0.31,-0.09,-0.43,0.32,9.486,9.643,9.006,9.064,10.3,9.71,11.38,11.28,-0.003,-0.003,-0.004,0.0,-0.01,-80.3064038,26.9209498,840.25
9.0,0.4,0.0,-0.0,-0.04,-0.04,-0.28,0.21,-0.16,-0.44,0.32,9.526,9.663,8.907,8.966,10.1,9.81,11.58,11.38,-0.003,-0.003,-0.004,0.0,-0.01,-80.3064038,26.9209498,840.3
9.0,0.4,0.0,-0.0,-0.06,-0.07,0.11,0.05,0.38,-0.44,0.34,9.476,9.633,8.966,9.006,10.4,9.71,11.58,11.28,-0.003,-0.003,-0.004,0.0,-0.01,-80.3064038,26.9209498,840.35
9.0,0.4,0.0,-0.0,-0.06,-0.12,0.06,-0.18,0.2,-0.44,0.32,9.457,9.673,8.937,9.025,10.1,9.71,11.58,11.28,-0.003,-0.003,-0.004,0.0,-0.01,-80.3064038,26.9209498,840.4
9.0,0.4,0.0,-0.0,-0.05,-0.11,0.1,-0.09,-0.21,-0.46,0.33,9.506,9.643,8.996,9.006,10.5,9.71,11.38,11.38,-0.003,-0.003,-0.004,0.0,-0.01,-80.3064038,26.9209498,840.45
9.0,0.4,0.0,-0.0,-0.05,-0.06,0.01,-0.16,-0.46,-0.44,0.32,9.516,9.692,8.986,9.035,10.1,9.71,11.58,11.09,-0.003,-0.003,-0.004,0.0,-0.0,-80.3064037,26.9209498,840.5
9.0,0.4,0.0,-0.0,-0.06,-0.07,-0.12,-0.05,0.14,-0.44,0.33,9.486,9.643,8.927,9.025,10.4,9.61,11.38,11.09,-0.003,-0.003,-0.004,0.0,-0.0,-80.3064037,26.9209498,840.55
9.0,0.4,0.0,-0.0,-0.05,-0.04,-0.11,-0.01,0.19,-0.44,0.32,9.447,9.624,8.937,9.006,10.3,9.32,11.58,11.09,-0.003,-0.003,-0.004,0.0,-0.0,-80.3064037,26.9209498,840.6
9.0,0.4,0.0,0.0,-0.04,-0.06,0.06,-0.09,0.09,-0.45,0.33,9.506,9.673,8.927,8.976,10.3,9.81,11.77,11.09,-0.003,-0.003,-0.004,0.0,0.0,-80.3064037,26.9209498,840.65
9.0,0.4,0.0,0.0,-0.05,-0.12,0.25,0.16,-0.28,-0.44,0.32,9.526,9.663,8.966,9.025,10.3,9.71,11.67,11.28,-0.003,-0.003,-0.004,0.0,0.0,-80.3064037,26.9209497,840.7
9.0,0.4,0.0,-0.01,-0.05,-0.1,-0.01,0.04,0.3,-0.46,0.31,9.496,9.643,8.966,9.006,10.4,9.61,11.77,11.28,-0.003,-0.003,-0.004,0.0,-0.01,-80.3064037,26.9209497,840.75
9.0,0.4,0.0,-0.0,-0.06,-0.06,0.12,-0.13,0.2,-0.45,0.33,9.496,9.663,8.937,9.006,10.5,9.91,11.87,11.28,-0.003,-0.003,-0.004,0.0,-0.01,-80.3064037,26.9209497,840.8
9.0,0.4,0.0,-0.01,-0.06,-0.08,0.01,-0.01,0.17,-0.45,0.32,9.476,9.673,8.966,8.996,10.3,9.81,11.87,11.28,-0.003,-0.003,-0.004,0.0,-0.01,-80.3064037,26.9209497,840.85
9.0,0.4,0.0,0.0,-0.05,-0.05,-0.23,-0.12,0.17,-0.45,0.33,9.496,9.604,8.957,8.976,10.2,9.71,11.48,11.28,-0.003,-0.003,-0.004,0.0,-0.0,-80.3064037,26.9209497,840.9
9.1,0.4,0.0,0.0,-0.03,-0.07,-0.16,0.4,-0.1,-0.44,0.32,9.496,9.673,8.947,9.035,10.3,9.81,11.77,11.48,-0.003,-0.003,-0.004,0.0,-0.0,-80.3064037,26.9209497,840.95
9.0,0.4,0.0,0.0,-0.05,-0.08,-0.23,-0.16,-0.22,-0.45,0.32,9.496,9.643,8.937,8.986,10.59,9.81,11.77,11.18,-0.003,-0.003,-0.004,0.0,-0.0,-80.3064037,26.9209497,841.0
9.1,0.4,0.0,0.0,-0.06,-0.1,-0.06,0.22,-0.05,-0.45,0.35,9.486,9.624,8.937,8.966,10.3,9.61,11.77,11.38,-0.003,-0.003,-0.004,0.0,-0.0,-80.3064037,26.9209497,841.05
9.0,0.4,0.0,0.0,-0.06,-0.08,0.31,-0.12,0.04,-0.45,0.34,9.516,9.643,8.966,9.074,10.2,10.01,11.58,11.28,-0.003,-0.003,-0.004,0.0,0.0,-80.3064037,26.9209497,841.1
9.0,0.4,0.0,0.0,-0.04,-0.07,-0.14,0.33,-0.07,-0.45,0.36,9.545,9.624,9.015,9.045,10.4,9.61,11.38,11.18,-0.003,-0.003,-0.004,0.0,0.0,-80.3064037,26.9209497,841.15
9.0,0.4,0.0,0.0,-0.03,-0.1,0.01,0.19,0.11,-0.45,0.37,9.437,9.604,8.888,8.917,10.4,9.71,11.58,11.18,-0.003,-0.003,-0.004,0.0,-0.0,-80.3064037,26.9209497,841.2
9.0,0.4,0.0,0.0,-0.09,-0.08,-0.06,0.17,-0.18,-0.45,0.33,9.427,9.653,8.966,9.074,10.3,9.81,11.58,11.77,-0.003,-0.003,-0.004,0.0,0.0,-80.3064037,26.9209497,841.25
9.0,0.4,0.0,0.0,-0.07,-0.07,0.08,0.0,0.08,-0.46,0.34,9.594,9.633,8.947,9.006,10.4,9.71,11.87,11.09,-0.003,-0.003,-0.004,0.0,0.0,-80.3064037,26.9209496,841.3
9.0,0.4,0.0,0.0,-0.06,-0.11,0.2,0.32,0.29,-0.46,0.35,9.516,9.692,8.937,9.084,10.4,9.91,11.87,11.28,-0.003,-0.003,-0.004,0.0,0.0,-80.3064037,26.9209496,841.35
9.0,0.4,0.0,0.0,-0.04,-0.05,0.05,-0.36,0.22,-0.47,0.36,9.467,9.565,8.957,8.966,10.3,9.81,11.58,11.18,-0.003,-0.003,-0.004,0.0,0.0,-80.3064037,26.9209496,841.4
9.0,0.4,0.0,0.0,-0.01,-0.08,-0.34,0.05,-0.27,-0.44,0.34,9.418,9.663,8.888,9.025,10.3,9.91,11.38,11.28,-0.003,-0.003,-0.004,0.0,-0.0,-80.3064037,26.9209496,841.45
9.0,0.4,0.0,0.0,-0.06,-0.01,-0.08,-0.19,0.43,-0.42,0.35,9.565,9.682,8.976,9.035,10.3,9.81,11.38,10.99,-0.003,-0.003,-0.004,0.0,0.0,-80.3064037,26.9209496,841.5
9.0,0.4,0.0,0.0,-0.07,-0.11,-0.09,-0.04,-0.23,-0.4,0.36,9.496,9.673,8.976,9.015,10.4,10.1,11.58,10.99,-0.003,-0.003,-0.004,0.0,0.0,-80.3064037,26.9209496,841.55
9.0,0.4,0.0,0.0,-0.08,-0.1,0.01,0.12,0.16,-0.46,0.34,9.467,9.624,8.917,8.976,10.1,9.81,11.38,11.18,-0.003,-0.003,-0.004,0.0,0.0,-80.3064037,26.9209496,841.6
9.0,0.4,0.0,0.01,-0.02,-0.1,-0.1,-0.22,0.09,-0.46,0.35,9.545,9.643,8.966,8.966,10.4,9.81,11.38,11.18,-0.003,-0.003,-0.004,0.0,0.0,-80.3064037,26.9209496,841.65
9.0,0.4,0.0,0.01,-0.04,-0.05,-0.18,0.54,-0.35,-0.44,0.33,9.516,9.682,8.966,9.094,10.5,10.01,11.58,11.48,-0.003,-0.003,-0.004,0.0,0.0,-80.3064037,26.9209496,841.7
9.0,0.4,0.0,0.01,-0.06,-0.03,0.32,0.08,-0.22,-0.44,0.33,9.486,9.633,8.947,8.986,10.5,9.71,11.38,11.28,-0.003,-0.003,-0.004,0.0,0.0,-80.3064037,26.9209496,841.75
9.0,0.4,0.0,0.01,-0.05,-0.06,-0.18,-0.16,-0.08,-0.43,0.33,9.506,9.633,8.927,8.986,10.4,9.91,11.38,11.48,-0.003,-0.003,-0.004,0.0,-0.0,-80.3064037,26.9209496,841.8
9.0,0.4,0.0,0.01,-0.09,-0.09,-0.23,-0.04,0.04,-0.45,0.33,9.526,9.682,8.966,8.986,10.4,9.42,11.58,11.38,-0.003,-0.003,-0.004,0.0,-0.0,-80.3064037,26.9209496,841.85
9.0,0.4,0.0,0.01,-0.06,-0.1,-0.2,-0.05,-0.35,-0.45,0.33,9.526,9.682,8.927,8.996,10.5,9.71,11.38,11.09,-0.003,-0.003,-0.004,0.0,0.0,-80.3064037,26.9209496,841.9
9.0,0.4,0.0,0.01,-0.05,-0.08,-0.02,0.12,0.25,-0.46,0.33,9.486,9.594,8.907,8.937,10.5,9.61,11.67,11.28,-0.003,-0.003,-0.004,0.0,0.0,-80.3064037,26.9209496,841.95
9.0,0.4,0.0,0.01,-0.03,-0.09,-0.03,0.01,0.27,-0.43,0.31,9.467,9.682,9.025,9.084,10.3,9.91,11.48,11.28,-0.003,-0.003,-0.004,0.0,0.0,-80.3064037,26.9209496,842.0
9.0,0.4,0.0,0.01,-0.03,-0.06,-0.06,-0.03,0.06,-0.44,0.34,9.496,9.682,8.898,8.947,10.59,9.71,11.58,11.38,-0.003,-0.003,-0.004,0.0,-0.0,-80.3064037,26.9209496,842.05
9.0,0.4,0.0,0.01,-0.07,-0.06,-0.05,0.0,-0.36,-0.44,0.32,9.486,9.653,8.917,8.996,10.3,9.81,11.87,11.38,-0.003,-0.003,-0.004,0.0,0.0,-80.3064037,26.9209496,842.1
9.1,0.4,0.0,0.01,-0.08,-0.09,0.02,-0.04,-0.18,-0.45,0.34,9.506,9.663,8.947,9.064,10.69,9.52,11.58,11.09,-0.003,-0.003,-0.004,0.0,-0.0,-80.3064037,26.9209496,842.15
9.0,0.4,0.0,0.01,-0.06,-0.08,-0.14,0.18,0.02,-0.45,0.36,9.565,9.663,8.966,8.986,10.4,9.71,11.58,11.18,-0.003,-0.003,-0.004,0.0,0.0,-80.3064037,26.9209496,842.2
9.1,0.4,0.0,0.01,-0.05,-0.1,0.16,-0.31,0.02,-0.44,0.34,9.496,9.673,8.947,9.045,10.4,9.71,11.58,11.38,-0.003,-0.003,-0.004,0.0,0.0,-80.3064037,26.9209496,842.25
9.0,0.4,0.0,0.01,-0.04,-0.08,-0.07,0.22,0.27,-0.44,0.33,9.457,9.614,8.898,8.986,10.3,9.32,11.58,11.38,-0.003,-0.003,-0.004,0.0,0.0,-80.3064037,26.9209496,842.3
9.0,0.4,0.0,0.01,-0.03,-0.07,-0.05,-0.06,0.05,-0.44,0.35,9.486,9.633,8.947,9.015,10.3,9.71,11.48,11.09,-0.003,-0.003,-0.004,0.0,0.0,-80.3064037,26.9209496,842.35
9.0,0.4,0.0,0.01,-0.08,-0.06,0.27,0.32,0.01,-0.44,0.33,9.516,9.682,8.957,9.035,10.3,9.71,11.77,11.28,-0.003,-0.003,-0.004,0.0,0.0,-80.3064037,26.9209496,842.4
9.0,0.4,0.0,0.01,-0.05,-0.07,-0.08,-0.25,0.26,-0.44,0.34,9.496,9.663,8.947,9.025,10.3,9.61,11.28,11.38,-0.003,-0.003,-0.004,0.0,0.0,-80.3064037,26.9209496,842.45
9.1,0.3,0.0,0.01,-0.04,-0.07,-0.5,-0.1,-0.22,-0.43,0.35,9.467,9.643,8.966,9.025,10.4,9.71,11.09,11.38,-0.003,-0.003,-0.004,0.0,-0.0,-80.3064037,26.9209496,842.5
9.0,0.4,0.0,0.01,-0.05,-0.09,-0.03,-0.06,-0.12,-0.44,0.34,9.516,9.663,8.976,9.025,10.3,10.01,11.58,11.18,-0.003,-0.003,-0.004,0.0,0.0,-80.3064037,26.9209496,842.55
9.1,0.4,0.0,0.01,-0.05,-0.07,-0.11,-0.26,0.16,-0.44,0.33,9.516,9.653,8.976,9.025,10.1,9.61,11.77,11.18,-0.003,-0.003,-0.004,0.0,0.0,-80.3064037,26.9209496,842.6
9.1,0.4,0.0,0.01,-0.06,-0.08,-0.07,0.03,-0.13,-0.44,0.34,9.516,9.673,8.957,9.035,10.2,9.81,11.77,11.38,-0.003,-0.003,-0.004,0.0,0.0,-80.3064037,26.9209496,842.65
9.0,0.4,0.0,0.01,-0.04,-0.05,0.0,-0.22,0.39,-0.44,0.33,9.476,9.643,8.957,9.045,10.4,9.61,11.58,11.38,-0.003,-0.003,-0.004,0.0,0.0,-80.3064037,26.9209496,842.7
9.1,0.4,0.0,0.01,-0.03,-0.07,-0.12,0.07,0.04,-0.45,0.33,9.486,9.663,8.917,9.025,10.3,9.61,11.67,11.28,-0.003,-0.003,-0.004,0.0,0.0,-80.3064036,26.9209496,842.75
9.0,0.4,0.0,0.01,-0.06,-0.08,-0.25,0.13,0.21,-0.45,0.33,9.535,9.673,8.976,9.006,10.5,9.91,11.38,11.28,-0.003,-0.003,-0.004,0.0,0.0,-80.3064036,26.9209496,842.8
9.0,0.4,0.0,0.01,-0.06,-0.09,-0.0,-0.32,-0.13,-0.44,0.32,9.496,9.643,8.937,8.976,10.3,9.52,11.48,11.09,-0.003,-0.003,-0.004,0.0,0.0,-80.3064036,26.9209496,842.85
9.0,0.4,0.0,0.02,-0.06,-0.07,-0.24,-0.23,-0.51,-0.44,0.32,9.486,9.653,8.957,8.996,10.4,10.01,11.38,11.38,-0.003,-0.003,-0.004,0.0,0.0,-80.3064036,26.9209496,842.9
9.0,0.4,0.0,0.02,-0.04,-0.06,-0.15,0.08,0.12,-0.43,0.35,9.486,9.663,8.947,9.015,10.3,9.71,11.77,10.89,-0.003,-0.003,-0.004,0.0,0.0,-80.3064036,26.9209496,842.95
9.0,0.4,0.0,0.02,-0.05,-0.05,-0.08,0.01,-0.49,-0.44,0.32,9.506,9.663,8.927,8.966,10.5,9.71,11.48,11.38,-0.003,-0.003,-0.004,0.0,0.0,-80.3064036,26.9209496,843.0
9.0,0.4,0.0,0.02,-0.06,-0.07,-0.16,0.01,-0.14,-0.44,0.35,9.496,9.653,8.957,9.006,10.2,9.52,11.58,11.18,-0.003,-0.003,-0.004,0.0,0.0,-80.3064036,26.9209496,843.05
9.0,0.4,0.0,0.02,-0.05,-0.11,0.23,0.11,0.07,-0.42,0.3,9.496,9.663,8.937,8.976,10.3,9.61,11.67,10.89,-0.003,-0.003,-0.004,0.0,0.0,-80.3064036,26.9209496,843.1
9.1,0.4,0.0,0.02,-0.05,-0.08,-0.03,-0.01,0.05,-0.45,0.34,9.516,9.643,8.976,9.025,10.4,9.61,11.77,11.28,-0.003,-0.003,-0.004,0.0,0.0,-80.3064036,26.9209496,843.15
9.1,0.4,0.0,0.02,-0.03,-0.07,0.1,0.04,0.25,-0.44,0.33,9.457,9.643,8.927,9.006,10.4,9.81,11.58,11.28,-0.003,-0.003,-0.004,0.0,0.0,-80.3064036,26.9209496,843.2
9.0,0.4,0.0,0.02,-0.05,-0.04,-0.03,-0.43,0.18,-0.44,0.34,9.486,9.673,8.957,9.006,10.4,9.61,11.67,11.38,-0.003,-0.003,-0.004,0.0,0.0,-80.3064036,26.9209496,843.25
9.0,0.4,0.0,0.02,-0.07,-0.06,-0.15,0.04,-0.13,-0.44,0.35,9.535,9.692,8.976,9.035,10.2,9.61,11.58,11.38,-0.003,-0.003,-0.004,0.0,0.0,-80.3064036,26.9209496,843.3
9.0,0.4,0.0,0.02,-0.07,-0.11,0.03,-0.18,0.14,-0.44,0.31,9.486,9.663,8.917,8.996,10.3,9.81,11.58,11.38,-0.003,-0.003,-0.004,0.0,0.0,-80.3064036,26.9209496,843.35
9.0,0.4,0.0,0.02,-0.06,-0.1,-0.03,-0.05,0.35,-0.44,0.33,9.467,9.614,8.907,8.976,10.4,9.71,11.77,10.79,-0.003,-0.003,-0.004,0.0,0.0,-80.3064036,26.9209496,843.4
9.1,0.4,0.0,0.02,-0.03,-0.08,0.28,-0.11,-0.11,-0.44,0.32,9.496,9.653,9.055,9.045,10.4,9.61,11.77,10.99,-0.003,-0.003,-0.004,0.0,0.0,-80.3064036,26.9209496,843.45
9.1,0.4,0.0,0.02,0.02,-0.08,0.06,0.05,0.11,-0.44,0.33,9.506,9.741,9.025,9.025,10.59,9.81,11.58,11.09,-0.003,-0.003,-0.004,0.0,0.0,-80.3064036,26.9209496,843.5
9.0,0.4,0.0,0.02,-0.05,-0.03,-0.05,-0.12,-0.14,-0.44,0.34,9.467,9.643,8.888,8.947,10.3,9.71,11.48,11.28,-0.003,-0.003,-0.004,0.0,0.0,-80.3064036,26.9209496,843.55
9.0,0.4,0.0,0.02,-0.02,-0.12,-0.07,-0.55,-0.24,-0.45,0.32,9.476,9.594,8.957,8.996,10.2,9.52,11.38,11.58,-0.003,-0.003,-0.004,0.0,0.0,-80.3064036,26.9209496,843.6
9.0,0.4,0.0,0.02,-0.28,0.17,0.47,-0.07,0.32,-0.44,0.33,9.506,9.673,8.917,8.996,10.59,9.81,11.38,11.28,-0.003,-0.003,-0.004,0.0,0.0,-80.3064036,26.9209496,843.65
9.0,0.4,0.0,0.02,-0.1,0.02,0.2,0.05,-0.17,-0.44,0.33,9.604,9.604,8.986,9.045,10.5,9.81,11.77,11.09,-0.003,-0.003,-0.004,0.0,0.0,-80.3064036,26.9209496,843.7
9.0,0.4,0.0,-0.01,-0.08,-0.1,-0.09,0.13,-0.22,-0.46,0.33,9.496,9.594,8.888,8.947,10.3,9.42,11.28,11.09,-0.003,-0.003,-0.004,0.0,0.0,-80.3064036,26.9209496,843.75
9.0,0.4,0.0,-0.01,-0.04,-0.08,-0.05,0.05,0.13,-0.46,0.32,9.398,9.663,8.976,9.025,10.4,9.71,11.77,11.09,-0.003,-0.003,-0.004,0.0,0.0,-80.3064036,26.9209496,843.8
9.0,0.4,0.0,0.0,0.0,-0.08,-0.31,-0.05,-0.07,-0.45,0.32,9.506,9.673,8.986,8.986,10.3,9.81,11.77,11.28,-0.003,-0.003,-0.004,0.0,-0.0,-80.3064036,26.9209496,843.85
9.1,0.4,0.0,0.0,-0.03,-0.06,-0.34,0.31,0.14,-0.44,0.32,9.575,9.751,8.996,9.104,10.4,10.01,11.58,11.18,-0.003,-0.003,-0.004,0.0,-0.0,-80.3064036,26.9209496,843.9
9.0,0.4,0.0,0.0,-0.07,-0.09,0.17,0.12,-0.56,-0.44,0.32,9.486,9.633,8.937,8.976,10.1,9.71,11.77,11.38,-0.003,-0.003,-0.004,0.0,-0.01,-80.3064036,26.9209496,843.95
9.0,0.4,0.0,0.01,-0.06,-0.07,-0.33,-0.16,-0.12,-0.43,0.31,9.447,9.614,8.907,8.976,10.3,9.61,11.77,11.18,-0.003,-0.003,-0.004,0.0,-0.01,-80.3064036,26.9209496,844.0
9.0,0.4,0.0,0.01,-0.04,-0.07,-0.31,-0.28,-0.03,-0.44,0.32,9.496,9.653,8.976,9.006,10.59,9.81,11.77,11.38,-0.003,-0.003,-0.004,0.0,-0.01,-80.3064036,26.9209496,844.05
8.9,0.4,0.0,0.01,-0.04,-0.05,-0.08,0.22,0.09,-0.44,0.3,9.526,9.682,8.966,9.074,10.5,9.71,11.67,11.38,-0.003,-0.003,-0.004,0.0,-0.01,-80.3064036,26.9209496,844.1
9.0,0.4,0.0,0.01,-0.05,-0.08,-0.1,0.09,-0.06,-0.45,0.32,9.467,9.673,8.858,8.937,10.5,9.71,11.48,11.38,-0.003,-0.003,-0.004,0.0,-0.02,-80.3064036,26.9209496,844.15
9.0,0.4,0.0,0.01,-0.06,-0.06,-0.11,-0.18,-0.06,-0.44,0.33,9.486,9.633,8.976,8.986,10.3,9.52,11.38,11.28,-0.003,-0.003,-0.004,0.0,-0.02,-80.3064036,26.9209496,844.2
9.1,0.4,0.0,0.01,-0.08,-0.08,0.08,0.0,0.12,-0.44,0.32,9.555,9.702,8.947,9.006,10.59,9.61,11.28,11.38,-0.003,-0.003,-0.004,0.0,-0.02,-80.3064036,26.9209496,844.25
9.0,0.4,0.0,-0.01,-0.07,-0.06,-0.06,0.09,0.06,-0.44,0.33,9.526,9.692,8.917,8.957,10.5,9.71,11.67,11.28,-0.003,-0.003,-0.004,0.0,0.01,-80.3064036,26.9209496,844.3
9.0,0.4,0.0,0.0,-0.04,-0.09,-0.13,-0.14,-0.06,-0.46,0.32,9.457,9.584,8.957,8.996,10.5,9.61,11.28,11.38,-0.003,-0.003,-0.004,0.0,-0.0,-80.3064036,26.9209496,844.35
9.0,0.4,0.0,0.0,0.01,-0.08,-0.21,-0.19,0.03,-0.45,0.32,9.457,9.614,8.937,9.045,10.2,9.71,11.87,11.18,-0.003,-0.003,-0.004,0.0,-0.0,-80.3064036,26.9209496,844.4
9.1,0.4,0.0,0.0,-0.03,-0.09,0.3,-0.02,0.2,-0.45,0.33,9.614,9.682,8.927,9.015,10.3,9.81,11.38,10.99,-0.003,-0.003,-0.004,0.0,-0.0,-80.3064036,26.9209496,844.45
9.1,0.4,0.0,0.0,-0.07,-0.02,-0.29,-0.25,0.03,-0.45,0.33,9.604,9.781,8.976,9.074,10.3,9.91,11.58,11.18,-0.003,-0.003,-0.004,0.0,-0.0,-80.3064036,26.9209496,844.5
9.0,0.4,0.0,0.0,-0.1,-0.14,-0.23,0.16,0.02,-0.45,0.31,9.467,9.594,8.858,8.966,10.3,9.52,11.67,11.09,-0.003,-0.003,-0.004,0.0,-0.0,-80.3064036,26.9209496,844.55
9.0,0.4,0.0,0.0,-0.04,-0.05,-0.54,-0.17,0.28,-0.45,0.33,9.457,9.594,8.937,9.064,10.4,9.52,11.77,11.48,-0.003,-0.003,-0.004,0.0,-0.01,-80.3064036,26.9209496,844.6
8.6,0.4,0.0,0.01,-0.04,-0.07,-0.07,-0.35,-0.19,-0.46,0.32,9.535,9.692,8.947,8.996,10.4,9.61,11.38,11.38,-0.003,-0.003,-0.004,0.0,-0.01,-80.3064036,26.9209496,844.65
7.4,0.4,0.0,0.01,-0.05,-0.07,-0.1,-0.1,-0.5,-0.46,0.32,9.555,9.722,8.937,9.015,10.4,9.71,11.58,11.58,-0.003,-0.003,-0.004,0.0,-0.01,-80.3064036,26.9209496,844.7
6.6,0.3,0.0,0.01,-0.07,-0.07,0.28,-0.2,0.06,-0.46,0.32,9.457,9.604,8.898,9.035,10.3,9.42,11.77,11.48,-0.003,-0.003,-0.004,0.0,-0.01,-80.3064036,26.9209496,844.75
6.8,0.4,0.0,0.01,-0.06,-0.1,-0.13,-0.18,0.52,-0.46,0.34,9.535,9.653,8.957,8.976,10.4,9.61,11.77,11.38,-0.003,-0.003,-0.004,0.0,-0.01,-80.3064036,26.9209496,844.8
7.8,0.4,0.0,0.01,-0.07,-0.1,0.1,0.05,0.23,-0.46,0.33,9.545,9.732,8.907,8.976,10.01,10.01,11.58,11.28,-0.003,-0.003,-0.004,0.0,-0.01,-80.3064036,26.9209496,844.85
8.0,0.4,0.0,-0.01,-0.05,-0.05,0.3,-0.28,0.05,-0.46,0.32,9.486,9.624,8.957,9.045,10.3,9.61,11.77,10.99,-0.003,-0.003,-0.004,0.0,0.0,-80.3064036,26.9209496,844.9
8.1,0.4,0.0,-0.01,-0.07,-0.03,0.08,0.01,-0.21,-0.45,0.32,9.437,9.604,8.937,9.015,10.2,9.61,11.48,11.38,-0.003,-0.003,-0.004,0.0,0.01,-80.3064036,26.9209496,844.95
8.1,0.4,0.0,0.0,-0.03,-0.11,-0.1,0.21,0.06,-0.46,0.32,9.565,9.682,8.957,9.006,10.59,9.91,11.67,11.38,-0.003,-0.003,-0.004,0.0,-0.0,-80.3064036,26.9209496,845.0
8.1,0.4,0.0,-0.01,-0.07,-0.12,0.37,-0.23,0.26,-0.46,0.32,9.535,9.682,8.937,9.006,10.1,9.52,11.67,11.09,-0.003,-0.003,-0.004,0.0,-0.01,-80.3064036,26.9209496,845.05
8.1,0.4,0.0,-0.0,-0.06,-0.06,-0.0,0.2,0.24,-0.45,0.33,9.437,9.624,8.966,8.966,10.4,9.71,11.58,11.38,-0.003,-0.003,-0.004,0.0,-0.01,-80.3064036,26.9209496,845.1
8.3,0.4,0.0,-0.0,-0.06,-0.01,0.11,-0.03,0.07,-0.45,0.32,9.467,9.682,8.947,9.025,10.3,9.81,11.58,11.09,-0.003,-0.003,-0.004,0.0,-0.01,-80.3064036,26.9209496,845.15
8.7,0.4,0.0,-0.01,-0.06,-0.04,-0.09,0.04,0.19,-0.45,0.32,9.535,9.673,8.957,9.025,10.5,9.71,11.48,11.28,-0.003,-0.003,-0.004,0.0,0.01,-80.3064036,26.9209496,845.2
9.2,0.4,0.0,-0.01,-0.06,-0.08,0.06,0.15,-0.18,-0.45,0.32,9.496,9.643,8.937,9.006,10.4,9.71,11.87,11.18,-0.003,-0.003,-0.004,0.0,0.01,-80.3064036,26.9209496,845.25
9.3,0.4,0.0,-0.01,-0.01,-0.12,-0.04,0.3,-0.42,-0.46,0.33,9.486,9.614,8.898,8.986,10.5,9.71,11.77,11.18,-0.003,-0.003,-0.004,0.0,-0.0,-80.3064035,26.9209496,845.3
9.2,0.4,0.0,-0.0,-0.01,-0.08,-0.23,-0.14,-0.1,-0.46,0.32,9.516,9.584,8.986,8.996,10.2,9.71,11.77,11.28,-0.003,-0.003,-0.004,0.0,-0.01,-80.3064035,26.9209496,845.35
9.2,0.4,0.0,0.0,-0.06,-0.09,-0.02,-0.2,-0.11,-0.46,0.32,9.526,9.682,8.888,8.976,10.3,9.91,11.38,11.09,-0.003,-0.003,-0.004,0.0,-0.0,-80.3064035,26.9209496,845.4
9.2,0.4,0.0,-0.0,-0.08,-0.12,-0.15,-0.16,-0.15,-0.47,0.33,9.526,9.663,8.957,8.986,10.3,9.71,11.67,10.99,-0.003,-0.003,-0.004,0.0,-0.01,-80.3064035,26.9209496,845.45
9.2,0.4,0.0,-0.01,-0.1,-0.07,0.08,0.15,-0.04,-0.48,0.33,9.496,9.673,8.976,9.025,10.4,9.91,11.77,11.09,-0.003,-0.003,-0.004,0.0,-0.01,-80.3064035,26.9209496,845.5
9.2,0.4,0.0,-0.01,0.02,-0.1,-0.33,0.07,0.44,-0.46,0.33,9.496,9.643,9.015,9.104,10.3,9.71,11.77,11.09,-0.003,-0.003,-0.004,0.0,-0.01,-80.3064035,26.9209497,845.55
9.2,0.4,0.0,-0.0,-0.0,-0.14,-0.16,0.41,0.26,-0.46,0.35,9.476,9.663,8.957,8.966,10.2,9.91,11.48,11.09,-0.003,-0.003,-0.004,0.0,-0.01,-80.3064035,26.9209497,845.6
9.2,0.4,0.0,-0.0,-0.08,-0.11,-0.27,-0.02,-0.15,-0.45,0.37,9.437,9.712,8.898,8.966,10.3,9.42,11.58,11.38,-0.003,-0.003,-0.004,0.0,-0.01,-80.3064035,26.9209497,845.65
9.2,0.4,0.0,-0.0,-0.08,-0.08,0.02,-0.11,0.27,-0.45,0.39,9.584,9.663,8.947,8.966,10.4,9.42,11.77,11.58,-0.003,-0.003,-0.004,0.0,-0.01,-80.3064035,26.9209497,845.7
9.3,0.4,0.0,-0.01,-0.08,-0.03,-0.17,0.31,0.2,-0.45,0.32,9.545,9.741,8.937,9.104,10.3,9.61,11.38,11.38,-0.003,-0.003,-0.004,0.0,-0.0,-80.3064035,26.9209497,845.75
9.4,0.4,0.0,-0.01,-0.08,-0.04,0.18,-0.32,0.2,-0.47,0.32,9.526,9.682,8.966,8.986,10.5,9.71,11.48,11.58,-0.003,-0.003,-0.004,0.0,-0.0,-80.3064035,26.9209497,845.8
9.6,0.4,0.0,-0.01,-0.07,-0.13,0.05,0.08,0.2,-0.47,0.3,9.398,9.614,8.76,8.898,10.2,9.52,11.48,11.28,-0.003,-0.003,-0.004,0.0,-0.0,-80.3064035,26.9209497,845.85
9.9,0.4,0.0,-0.01,-0.07,-0.07,0.4,-0.3,-0.02,-0.49,0.33,9.575,9.575,9.055,9.094,10.4,9.81,11.67,11.18,-0.003,-0.003,-0.004,0.0,-0.01,-80.3064035,26.9209497,845.9
9.9,0.4,0.0,-0.01,-0.05,-0.07,0.39,0.16,-0.37,-0.48,0.32,9.614,9.722,9.045,9.153,10.4,9.61,11.48,11.18,-0.003,-0.003,-0.004,0.0,-0.0,-80.3064035,26.9209497,845.95
9.5,0.4,0.0,-0.01,0.06,-0.14,-0.27,-0.1,-0.21,-0.48,0.32,9.535,9.633,8.966,8.917,10.2,9.81,11.58,11.09,-0.003,-0.003,-0.004,0.0,-0.0,-80.3064035,26.9209497,846.0
9.2,0.4,0.0,-0.0,0.05,-0.04,-0.3,-0.07,0.05,-0.49,0.33,9.408,9.516,8.898,8.976,10.1,9.52,11.48,11.38,-0.003,-0.003,-0.003,0.0,-0.01,-80.3064035,26.9209497,846.05
9.1,0.4,0.0,0.0,0.06,-0.05,-0.18,0.04,0.19,-0.49,0.34,9.437,9.614,8.898,8.996,10.2,9.81,11.58,10.99,-0.003,-0.003,-0.003,0.0,-0.0,-80.3064035,26.9209497,846.1
9.0,0.4,0.0,0.01,-0.01,-0.08,0.37,0.19,-0.12,-0.49,0.33,9.516,9.663,8.957,9.025,10.3,9.81,11.67,11.58,-0.003,-0.003,-0.003,0.0,-0.0,-80.3064035,26.9209497,846.15
8.7,0.4,0.0,0.01,-0.08,-0.09,0.24,0.05,0.22,-0.51,0.32,9.516,9.682,8.996,9.064,10.3,9.71,11.87,11.48,-0.003,-0.003,-0.003,0.0,-0.0,-80.3064035,26.9209497,846.2
8.6,0.4,0.0,-0.0,-0.08,-0.18,0.06,-0.47,-0.09,-0.5,0.33,9.663,9.653,9.045,8.996,10.2,9.61,11.58,11.38,-0.003,-0.003,-0.003,0.0,-0.0,-80.3064035,26.9209497,846.25
8.4,0.4,0.0,0.0,-0.07,-0.09,-0.03,-0.2,0.0,-0.49,0.35,9.545,9.712,8.839,8.907,10.5,9.71,11.28,11.28,-0.003,-0.003,-0.003,0.0,-0.01,-80.3064035,26.9209497,846.3
8.4,0.4,0.0,-0.0,-0.11,-0.1,0.37,0.04,-0.1,-0.49,0.34,9.437,9.624,8.682,8.77,10.5,9.91,10.99,11.09,-0.003,-0.003,-0.003,0.0,-0.01,-80.3064035,26.9209497,846.35
8.4,0.4,0.0,-0.01,-0.11,0.01,0.04,-0.0,-0.52,-0.49,0.33,9.388,9.506,9.055,9.192,10.2,9.91,11.58,11.38,-0.003,-0.003,-0.003,0.0,-0.01,-80.3064035,26.9209497,846.4
8.4,0.4,0.0,-0.01,-0.11,-0.0,-0.1,-0.03,0.03,-0.47,0.33,9.535,9.771,8.888,9.045,10.5,9.71,11.77,10.99,-0.003,-0.003,-0.003,0.0,-0.0,-80.3064035,26.9209497,846.45
8.5,0.4,0.0,-0.01,-0.08,-0.08,-0.23,-0.06,0.1,-0.49,0.35,9.526,9.83,8.907,8.996,10.59,9.71,11.77,11.28,-0.003,-0.003,-0.003,0.0,-0.0,-80.3064035,26.9209497,846.5
8.5,0.3,0.0,-0.01,-0.12,-0.12,-0.11,-0.09,-0.52,-0.49,0.33,9.496,9.584,9.094,9.045,10.4,9.61,11.38,11.38,-0.003,-0.003,-0.003,0.0,-0.01,-80.3064035,26.9209497,846.55
8.5,0.4,0.0,-0.02,-0.08,-0.17,-0.08,0.18,0.11,-0.49,0.32,9.486,9.692,9.055,9.104,10.3,9.71,11.58,11.38,-0.003,-0.003,-0.003,0.0,-0.01,-80.3064035,26.9209497,846.6
8.5,0.4,0.0,-0.02,-0.03,-0.09,-0.23,0.04,0.01,-0.48,0.33,9.506,9.653,8.77,8.888,10.3,9.61,11.18,10.99,-0.003,-0.003,-0.003,0.0,-0.01,-80.3064035,26.9209497,846.65
8.5,0.4,0.0,-0.01,-0.02,-0.01,-0.32,-0.04,0.22,-0.48,0.34,9.398,9.584,8.937,9.035,10.3,9.71,11.67,11.18,-0.003,-0.003,-0.003,0.0,-0.0,-80.3064035,26.9209497,846.7
8.5,0.4,0.0,-0.01,-0.06,-0.02,0.02,0.28,-0.25,-0.49,0.33,9.467,9.643,9.094,9.084,10.3,9.61,11.58,11.18,-0.003,-0.003,-0.003,0.0,0.0,-80.3064035,26.9209497,846.75
8.3,0.4,0.0,-0.01,-0.06,-0.13,0.02,0.15,0.27,-0.47,0.34,9.584,9.781,8.907,8.966,10.4,10.1,11.67,11.58,-0.003,-0.003,-0.003,0.0,-0.0,-80.3064035,26.9209497,846.8
8.2,0.4,0.0,-0.01,-0.06,-0.1,-0.0,0.2,-0.49,-0.47,0.33,9.526,9.653,8.937,8.996,10.2,9.52,11.48,11.18,-0.003,-0.003,-0.003,0.0,-0.01,-80.3064035,26.9209497,846.85
8.1,0.4,0.0,-0.01,-0.06,-0.11,-0.22,0.02,-0.01,-0.46,0.3,9.408,9.614,8.947,9.035,10.2,9.81,11.38,11.28,-0.003,-0.003,-0.003,0.0,-0.0,-80.3064035,26.9209497,846.9
7.7,0.4,0.0,-0.01,-0.03,-0.1,-0.06,0.32,0.1,-0.45,0.33,9.526,9.653,9.113,9.094,10.4,9.61,11.58,11.28,-0.003,-0.003,-0.003,0.0,-0.01,-80.3064035,26.9209497,846.95
7.0,0.4,0.0,-0.0,-0.02,-0.13,-0.02,0.41,0.43,-0.45,0.35,9.565,9.712,8.947,8.927,10.59,9.81,11.38,11.18,-0.003,-0.003,-0.003,0.0,-0.01,-80.3064035,26.9209497,847.0
7.0,0.4,0.0,-0.0,-0.06,-0.08,-0.01,0.69,-0.15,-0.43,0.34,9.535,9.663,8.888,8.966,10.3,9.42,11.58,11.28,-0.003,-0.003,-0.003,0.0,-0.01,-80.3064035,26.9209497,847.05
7.8,0.4,0.0,-0.01,-0.04,-0.04,-0.06,-0.05,-0.4,-0.42,0.33,9.398,9.604,8.976,9.094,10.5,9.91,11.58,11.09,-0.003,-0.003,-0.003,0.0,-0.0,-80.3064035,26.9209497,847.1
8.2,0.4,0.0,-0.01,-0.07,-0.01,0.12,0.3,0.07,-0.4,0.33,9.457,9.545,8.976,9.025,10.3,9.71,11.48,11.28,-0.003,-0.003,-0.003,0.0,0.0,-80.3064035,26.9209497,847.15
8.4,0.4,0.0,-0.02,-0.07,-0.02,-0.23,0.04,0.18,-0.4,0.33,9.486,9.633,8.927,8.937,10.2,9.81,11.38,11.09,-0.003,-0.003,-0.003,0.0,0.01,-80.3064035,26.9209497,847.2
8.6,0.4,0.0,-0.02,-0.06,-0.07,0.06,-0.11,-0.02,-0.4,0.33,9.516,9.673,8.996,9.123,10.2,9.71,11.87,11.28,-0.003,-0.003,-0.003,0.0,0.01,-80.3064035,26.9209497,847.25
9.0,0.4,0.0,-0.02,-0.03,-0.11,-0.14,0.21,-0.2,-0.39,0.33,9.506,9.682,8.917,8.917,10.4,9.61,11.77,11.58,-0.002,-0.003,-0.003,0.0,0.02,-80.3064035,26.9209497,847.3
9.2,0.4,0.0,-0.02,-0.04,-0.15,-0.25,-0.17,0.22,-0.41,0.34,9.457,9.565,8.878,8.849,10.4,9.81,11.77,11.09,-0.002,-0.003,-0.003,0.0,0.02,-80.3064034,26.9209497,847.35
9.2,0.4,0.0,-0.02,-0.07,-0.05,-0.07,0.49,0.07,-0.39,0.34,9.447,9.633,9.025,9.015,10.3,9.71,11.77,11.09,-0.002,-0.003,-0.003,0.0,0.03,-80.3064034,26.9209497,847.4
9.0,0.4,0.0,-0.03,-0.06,-0.01,0.11,0.01,-0.17,-0.36,0.35,9.535,9.712,9.055,9.143,10.4,10.01,11.58,11.48,-0.002,-0.003,-0.003,0.0,0.03,-80.3064034,26.9209497,847.45
8.7,0.4,0.0,-0.03,-0.05,-0.02,0.6,-0.16,-0.05,-0.39,0.34,9.545,9.722,8.888,9.015,10.59,9.71,11.38,11.38,-0.002,-0.003,-0.003,0.0,0.04,-80.3064034,26.9209497,847.5
8.5,0.4,0.0,-0.03,-0.03,-0.09,-0.24,-0.11,0.29,-0.39,0.34,9.457,9.604,8.888,8.907,10.4,9.52,11.28,11.38,-0.002,-0.003,-0.003,0.0,0.04,-80.3064034,26.9209497,847.55
8.5,0.4,0.0,-0.03,-0.06,-0.1,-0.07,-0.27,-0.23,-0.4,0.36,9.486,9.624,8.976,9.006,10.3,9.61,11.87,11.28,-0.002,-0.003,-0.003,0.0,0.05,-80.3064034,26.9209497,847.6
8.6,0.4,0.0,-0.03,-0.07,-0.04,-0.22,0.31,0.27,-0.38,0.34,9.545,9.682,8.917,8.996,10.2,9.61,11.77,11.09,-0.002,-0.003,-0.003,0.0,0.05,-80.3064034,26.9209497,847.65
8.6,0.4,0.0,-0.04,-0.07,-0.02,0.16,-0.17,-0.16,-0.4,0.35,9.516,9.643,8.898,9.074,10.3,9.71,11.18,11.09,-0.002,-0.003,-0.003,0.0,0.06,-80.3064034,26.9209497,847.7
8.6,0.4,0.0,-0.04,0.05,-0.17,-0.3,0.1,-0.17,-0.38,0.34,9.486,9.643,9.055,9.035,10.2,9.61,11.67,11.18,-0.002,-0.003,-0.003,0.0,0.06,-80.3064034,26.9209497,847.75
8.6,0.4,0.0,-0.04,-0.08,-0.1,0.25,0.17,0.1,-0.38,0.34,9.535,9.712,8.996,9.035,10.69,10.01,11.77,11.18,-0.002,-0.003,-0.003,0.0,0.07,-80.3064034,26.9209497,847.8
8.6,0.4,0.0,-0.04,-0.05,-0.11,0.41,-0.26,0.05,-0.38,0.35,9.496,9.673,8.957,9.015,10.4,9.81,11.48,11.38,-0.002,-0.003,-0.003,0.0,0.07,-80.3064034,26.9209497,847.85
8.7,0.3,0.0,-0.04,-0.04,-0.02,0.1,0.19,0.03,-0.37,0.36,9.496,9.633,8.907,8.947,10.4,9.71,11.67,11.28,-0.002,-0.003,-0.003,0.0,0.08,-80.3064034,26.9209497,847.9
8.6,0.4,0.0,-0.05,-0.06,-0.03,0.22,0.04,-0.0,-0.37,0.36,9.476,9.673,8.898,8.986,10.4,9.71,11.38,11.38,-0.002,-0.003,-0.003,0.0,0.08,-80.3064034,26.9209497,847.95
8.6,0.4,0.0,-0.05,-0.05,-0.06,-0.08,0.0,0.44,-0.36,0.38,9.457,9.663,8.937,9.035,10.3,9.71,11.77,11.28,-0.002,-0.003,-0.003,0.0,0.09,-80.3064034,26.9209497,848.0
8.6,0.4,0.0,-0.05,-0.05,-0.07,-0.15,0.1,0.31,-0.36,0.36,9.486,9.633,8.947,9.035,10.2,9.61,11.58,11.18,-0.002,-0.003,-0.003,0.0,0.09,-80.3064034,26.9209497,848.05
8.6,0.4,0.0,-0.05,-0.07,-0.09,0.17,-0.05,0.19,-0.37,0.38,9.496,9.653,8.937,8.996,10.3,9.81,11.58,11.48,-0.002,-0.003,-0.003,0.0,0.1,-80.3064034,26.9209497,848.1
8.7,0.4,0.0,-0.05,-0.06,-0.08,-0.08,0.2,0.12,-0.39,0.39,9.516,9.682,8.917,8.976,10.5,9.91,11.67,11.09,-0.002,-0.003,-0.003,0.0,0.1,-80.3064034,26.9209497,848.15
8.6,0.4,0.0,-0.06,-0.07,-0.06,0.06,-0.02,0.13,-0.38,0.37,9.486,9.643,8.947,9.015,10.4,9.61,11.67,11.09,-0.002,-0.003,-0.003,0.0,0.11,-80.3064034,26.9209497,848.2
8.6,0.4,0.0,-0.06,-0.07,-0.04,0.1,0.03,-0.24,-0.35,0.37,9.506,9.653,8.976,9.055,10.1,9.71,11.58,11.28,-0.002,-0.003,-0.003,0.0,0.11,-80.3064034,26.9209497,848.25
8.6,0.4,0.0,-0.06,-0.07,-0.04,0.33,-0.06,-0.24,-0.37,0.37,9.526,9.673,8.927,8.966,10.4,9.81,11.77,11.38,-0.002,-0.003,-0.003,0.0,0.12,-80.3064034,26.9209497,848.3
8.6,0.4,0.0,-0.06,-0.06,-0.07,-0.43,0.29,0.21,-0.36,0.37,9.467,9.643,8.957,9.025,10.4,9.52,11.58,11.28,-0.002,-0.003,-0.003,0.0,0.12,-80.3064034,26.9209497,848.35
8.7,0.3,0.0,-0.06,-0.06,-0.09,-0.13,-0.28,-0.31,-0.37,0.37,9.526,9.653,8.947,9.035,10.2,9.91,11.58,11.18,-0.002,-0.003,-0.003,0.0,0.13,-80.3064034,26.9209497,848.4
8.6,0.4,0.0,-0.07,-0.05,-0.07,0.3,0.37,0.24,-0.38,0.37,9.496,9.653,8.898,8.996,10.3,9.52,11.77,11.28,-0.002,-0.003,-0.003,0.0,0.14,-80.3064034,26.9209497,848.45
8.7,0.4,0.0,-0.07,-0.06,-0.03,0.07,-0.29,0.07,-0.37,0.37,9.496,9.663,8.976,9.045,10.4,9.52,11.48,11.38,-0.002,-0.003,-0.003,0.0,0.14,-80.3064034,26.9209497,848.5
8.7,0.4,0.0,-0.07,-0.06,-0.04,-0.19,0.03,-0.01,-0.39,0.38,9.486,9.653,8.966,9.025,10.3,9.81,11.58,11.28,-0.002,-0.003,-0.003,0.0,0.14,-80.3064034,26.9209497,848.55
8.7,0.4,0.0,-0.01,-0.06,-0.06,-0.17,-0.05,-0.47,-0.4,0.38,9.486,9.673,8.927,9.006,10.3,9.71,11.58,11.18,-0.002,-0.003,-0.003,0.0,0.0,-80.3064034,26.9209497,848.6
8.6,0.4,0.0,-0.01,-0.07,-0.09,0.33,0.01,-0.04,-0.42,0.38,9.486,9.633,8.947,9.025,10.3,9.71,11.77,11.38,-0.002,-0.003,-0.003,0.0,-0.0,-80.3064034,26.9209497,848.65
8.6,0.4,0.0,-0.01,-0.06,-0.06,-0.04,-0.05,0.01,-0.43,0.39,9.496,9.653,8.937,9.006,10.2,9.91,11.67,11.28,-0.002,-0.003,-0.003,0.0,-0.01,-80.3064034,26.9209497,848.7
8.7,0.4,0.0,-0.01,-0.06,-0.06,0.35,0.13,0.19,-0.37,0.37,9.506,9.653,8.937,9.006,10.4,10.01,11.58,11.38,-0.002,-0.003,-0.003,0.0,-0.01,-80.3064034,26.9209497,848.75
8.6,0.4,0.0,-0.01,-0.07,-0.04,-0.26,-0.01,-0.07,-0.37,0.38,9.496,9.653,8.937,9.015,10.59,9.81,11.87,11.09,-0.002,-0.003,-0.003,0.0,0.0,-80.3064034,26.9209497,848.8
8.6,0.4,0.0,-0.01,-0.05,-0.08,0.02,-0.13,0.34,-0.37,0.37,9.506,9.682,8.947,9.015,10.2,9.61,11.77,11.28,-0.002,-0.003,-0.003,0.0,0.01,-80.3064034,26.9209497,848.85
8.7,0.4,0.0,-0.01,-0.08,-0.06,0.12,0.05,-0.06,-0.38,0.36,9.535,9.653,8.937,9.045,10.59,9.52,11.77,11.09,-0.002,-0.003,-0.003,0.0,0.01,-80.3064034,26.9209497,848.9
8.6,0.4,0.0,-0.01,-0.06,-0.09,-0.18,0.02,-0.34,-0.37,0.37,9.486,9.643,8.937,9.025,10.2,9.71,11.97,11.18,-0.002,-0.003,-0.003,0.0,0.01,-80.3064034,26.9209497,848.95
8.6,0.4,0.0,-0.01,-0.06,-0.05,-0.15,0.3,-0.19,-0.37,0.35,9.526,9.663,8.927,8.996,10.3,9.61,11.77,11.09,-0.002,-0.003,-0.003,0.0,0.01,-80.3064034,26.9209497,849.0
8.6,0.4,0.0,-0.01,-0.06,-0.03,-0.14,-0.01,0.02,-0.37,0.39,9.467,9.643,8.966,9.035,10.3,9.91,11.58,11.28,-0.002,-0.003,-0.003,0.0,0.0,-80.3064034,26.9209497,849.05
8.7,0.4,0.0,-0.01,-0.05,-0.06,-0.41,-0.0,-0.27,-0.36,0.41,9.476,9.643,8.937,8.996,10.3,9.71,11.67,11.28,-0.002,-0.003,-0.003,0.0,0.0,-80.3064034,26.9209497,849.1
8.6,0.4,0.0,-0.01,-0.07,-0.05,-0.0,0.02,0.37,-0.35,0.42,9.506,9.673,8.927,8.986,10.2,9.52,11.58,11.28,-0.002,-0.003,-0.003,0.0,0.01,-80.3064034,26.9209497,849.15
8.7,0.4,0.0,-0.0,-0.05,-0.1,-0.21,0.13,-0.02,-0.34,0.44,9.486,9.663,8.947,9.025,10.5,9.71,11.87,11.09,-0.002,-0.003,-0.003,0.0,0.01,-80.3064034,26.9209497,849.2
8.7,0.4,0.0,-0.01,-0.06,-0.05,-0.06,-0.13,-0.3,-0.37,0.37,9.526,9.673,8.976,9.074,10.4,9.71,11.58,11.09,-0.002,-0.003,-0.003,0.0,0.01,-80.3064034,26.9209497,849.25
8.6,0.4,0.0,-0.0,-0.06,-0.05,0.07,0.25,-0.03,-0.36,0.38,9.486,9.643,8.907,8.947,10.3,9.91,11.67,11.28,-0.002,-0.003,-0.003,0.0,0.01,-80.3064034,26.9209497,849.3
8.7,0.3,0.0,-0.01,-0.06,-0.04,-0.03,-0.22,0.36,-0.37,0.37,9.467,9.643,8.976,9.035,10.3,9.81,11.77,11.09,-0.002,-0.003,-0.003,0.0,0.0,-80.3064034,26.9209497,849.35
8.6,0.4,0.0,-0.01,-0.05,-0.06,0.05,0.07,0.05,-0.37,0.38,9.516,9.673,8.947,8.976,10.4,9.81,11.58,10.99,-0.002,-0.003,-0.003,0.0,0.01,-80.3064034,26.9209497,849.4
8.7,0.4,0.0,-0.01,-0.05,-0.09,-0.17,-0.02,-0.21,-0.37,0.37,9.506,9.682,8.976,9.035,10.3,9.91,11.67,11.18,-0.002,-0.003,-0.003,0.0,0.01,-80.3064034,26.9209497,849.45
8.6,0.4,0.0,-0.01,-0.07,-0.06,-0.01,-0.23,-0.01,-0.37,0.37,9.496,9.624,8.957,9.006,10.59,9.81,11.48,11.38,-0.002,-0.003,-0.003,0.0,0.01,-80.3064034,26.9209497,849.5
8.7,0.4,0.0,-0.01,-0.05,-0.05,-0.13,-0.07,0.03,-0.36,0.37,9.516,9.673,8.917,9.074,10.5,10.01,11.38,11.38,-0.002,-0.003,-0.003,0.0,0.0,-80.3064034,26.9209497,849.55
8.6,0.4,0.0,-0.01,-0.08,-0.04,0.15,0.11,-0.06,-0.36,0.39,9.526,9.673,8.957,9.015,10.2,9.71,11.58,11.28,-0.002,-0.003,-0.003,0.0,0.0,-80.3064034,26.9209497,849.6
8.6,0.4,0.0,-0.01,-0.05,-0.06,-0.18,0.15,-0.04,-0.34,0.41,9.496,9.633,8.947,8.966,10.4,9.61,11.58,11.38,-0.002,-0.003,-0.003,0.0,0.0,-80.3064034,26.9209497,849.65
8.6,0.4,0.0,-0.01,-0.07,-0.07,-0.02,-0.01,0.19,-0.37,0.38,9.496,9.663,8.937,9.025,10.3,9.91,11.28,11.28,-0.002,-0.003,-0.003,0.0,0.0,-80.3064034,26.9209497,849.7
8.7,0.4,0.0,-0.01,-0.04,-0.12,0.27,0.13,-0.33,-0.37,0.38,9.545,9.643,8.937,8.966,10.2,9.81,11.58,11.38,-0.002,-0.003,-0.003,0.0,0.01,-80.3064034,26.9209497,849.75
8.6,0.4,0.0,-0.01,-0.05,-0.12,0.27,0.3,0.51,-0.35,0.39,9.545,9.673,8.937,9.006,10.3,9.71,11.58,11.38,-0.002,-0.003,-0.003,0.0,-0.0,-80.3064034,26.9209497,849.8
8.6,0.4,0.0,-0.01,-0.08,-0.03,0.12,0.03,0.06,-0.34,0.38,9.516,9.673,8.907,9.084,10.4,9.71,11.38,11.38,-0.002,-0.003,-0.003,0.0,-0.0,-80.3064034,26.9209497,849.85
8.6,0.4,0.0,-0.01,-0.05,-0.02,0.02,-0.1,0.2,-0.33,0.37,9.486,9.712,8.888,9.006,10.4,9.81,11.77,11.28,-0.002,-0.003,-0.003,0.0,0.0,-80.3064034,26.9209497,849.9
8.7,0.4,0.0,-0.01,-0.06,-0.01,0.14,-0.17,-0.17,-0.34,0.37,9.467,9.653,8.937,9.025,10.3,9.52,11.38,11.28,-0.002,-0.003,-0.003,0.0,0.01,-80.3064034,26.9209497,849.95
8.6,0.4,0.0,-0.0,-0.05,-0.04,-0.35,-0.37,-0.11,-0.35,0.37,9.526,9.594,8.986,9.055,10.3,9.81,11.58,11.09,-0.002,-0.003,-0.003,0.0,0.01,-80.3064034,26.9209497,850.0
8.6,0.4,0.0,-0.01,-0.06,-0.11,0.23,-0.0,0.44,-0.35,0.38,9.584,9.692,8.957,9.064,10.3,9.81,11.48,11.09,-0.002,-0.003,-0.003,0.0,0.01,-80.3064034,26.9209497,850.05
8.6,0.4,0.0,-0.0,-0.06,-0.09,0.0,-0.16,0.02,-0.35,0.38,9.545,9.673,8.937,8.947,10.4,9.81,11.58,11.38,-0.002,-0.003,-0.003,0.0,0.01,-80.3064034,26.9209497,850.1
8.7,0.4,0.0,0.0,-0.07,-0.06,-0.12,-0.11,-0.14,-0.35,0.37,9.467,9.653,8.927,9.015,10.5,9.71,11.38,11.28,-0.002,-0.003,-0.003,0.0,-0.0,-80.3064034,26.9209497,850.15
8.6,0.4,0.0,-0.01,-0.07,-0.01,-0.1,-0.0,0.18,-0.35,0.38,9.496,9.643,8.947,8.986,10.4,9.61,11.48,11.28,-0.002,-0.003,-0.003,0.0,0.01,-80.3064034,26.9209497,850.2
8.7,0.4,0.0,-0.01,-0.06,-0.06,0.25,-0.18,-0.14,-0.35,0.39,9.535,9.692,8.937,8.996,10.1,9.71,11.58,11.38,-0.002,-0.003,-0.003,0.0,0.01,-80.3064034,26.9209497,850.25
8.6,0.4,0.0,-0.0,-0.08,-0.07,0.26,0.12,0.11,-0.34,0.38,9.496,9.673,8.888,8.986,10.3,9.81,11.48,11.48,-0.002,-0.003,-0.003,0.0,0.0,-80.3064034,26.9209497,850.3
8.7,0.4,0.0,0.0,-0.07,-0.1,0.08,-0.23,0.08,-0.36,0.38,9.535,9.643,8.986,9.045,10.5,9.61,11.87,11.67,-0.002,-0.003,-0.003,0.0,0.0,-80.3064034,26.9209497,850.35
8.7,0.4,0.0,-0.01,-0.09,-0.09,0.19,0.05,-0.53,-0.38,0.37,9.516,9.712,8.907,8.996,10.4,9.71,11.58,11.18,-0.002,-0.003,-0.003,0.0,-0.01,-80.3064034,26.9209497,850.4
8.6,0.4,0.0,-0.01,-0.06,-0.03,-0.32,0.06,-0.38,-0.39,0.36,9.506,9.643,8.927,9.015,10.2,9.52,11.58,11.28,-0.002,-0.003,-0.003,0.0,-0.01,-80.3064034,26.9209497,850.45
8.6,0.4,0.0,-0.01,-0.05,-0.01,0.16,0.07,0.09,-0.34,0.38,9.476,9.653,8.976,9.035,10.5,9.61,11.38,11.38,-0.002,-0.003,-0.003,0.0,-0.02,-80.3064034,26.9209497,850.5
8.7,0.4,0.0,0.0,-0.04,-0.02,-0.12,-0.32,0.48,-0.34,0.38,9.506,9.722,8.927,9.006,10.1,9.91,11.48,11.28,-0.002,-0.003,-0.003,0.0,0.0,-80.3064034,26.9209497,850.55
8.7,0.4,0.0,-0.01,-0.07,-0.05,-0.03,0.15,-0.14,-0.34,0.4,9.506,9.643,8.947,8.996,10.4,9.91,11.97,11.38,-0.002,-0.003,-0.003,0.0,0.01,-80.3064034,26.9209497,850.6
8.7,0.4,0.0,-0.0,-0.08,-0.1,0.01,-0.13,-0.2,-0.34,0.38,9.476,9.594,8.976,9.015,10.4,9.71,11.77,11.28,-0.002,-0.003,-0.003,0.0,-0.0,-80.3064034,26.9209497,850.65
8.7,0.4,0.0,-0.0,-0.08,-0.1,-0.04,0.21,-0.25,-0.34,0.37,9.526,9.673,8.957,9.006,10.4,9.61,11.38,11.38,-0.002,-0.003,-0.003,0.0,-0.01,-80.3064034,26.9209497,850.7
8.7,0.4,0.0,-0.01,-0.05,-0.03,0.08,0.16,-0.0,-0.34,0.4,9.516,9.692,8.976,9.035,10.5,9.71,11.58,11.38,-0.002,-0.003,-0.003,0.0,-0.01,-80.3064035,26.9209497,850.75
8.7,0.4,0.0,-0.01,-0.05,0.0,-0.07,-0.02,0.14,-0.34,0.42,9.467,9.673,8.937,9.045,10.3,9.91,11.67,11.38,-0.002,-0.003,-0.003,0.0,0.01,-80.3064034,26.9209497,850.8
8.7,0.4,0.0,-0.01,-0.06,-0.05,0.16,0.07,-0.45,-0.35,0.37,9.496,9.633,8.957,8.957,10.3,9.61,11.87,11.28,-0.002,-0.003,-0.003,0.0,0.01,-80.3064034,26.9209497,850.85
8.7,0.4,0.0,0.0,-0.05,-0.1,-0.01,0.0,0.15,-0.36,0.4,9.506,9.624,8.907,8.996,10.3,9.71,11.58,11.28,-0.002,-0.003,-0.003,0.0,-0.0,-80.3064035,26.9209497,850.9
8.7,0.4,0.0,0.0,-0.04,-0.12,-0.16,0.12,0.15,-0.37,0.42,9.516,9.643,8.966,9.035,10.4,9.81,11.38,11.77,-0.002,-0.003,-0.003,0.0,-0.0,-80.3064035,26.9209497,850.95
8.7,0.4,0.0,-0.01,-0.09,-0.06,0.27,0.14,-0.1,-0.35,0.38,9.526,9.663,8.976,8.986,10.4,9.52,11.77,11.67,-0.002,-0.003,-0.003,0.0,-0.01,-80.3064035,26.9209497,851.0
8.7,0.4,0.0,-0.01,-0.08,-0.04,0.19,0.11,0.32,-0.35,0.38,9.496,9.702,8.898,9.025,10.3,9.71,11.48,11.48,-0.002,-0.003,-0.003,0.0,-0.01,-80.3064035,26.9209497,851.05
8.9,0.4,0.0,-0.0,-0.06,-0.01,0.14,0.13,0.18,-0.35,0.38,9.496,9.633,8.957,9.015,10.3,9.71,11.77,11.28,-0.002,-0.003,-0.003,0.0,0.0,-80.3064035,26.9209497,851.1
9.2,0.4,0.0,0.0,-0.06,-0.06,0.11,-0.06,0.04,-0.34,0.39,9.496,9.663,8.917,9.006,10.2,9.71,11.67,11.38,-0.002,-0.003,-0.003,0.0,0.0,-80.3064035,26.9209497,851.15
9.4,0.4,0.0,0.0,-0.06,-0.09,0.03,0.08,0.27,-0.34,0.4,9.516,9.692,8.868,8.957,10.3,9.81,11.58,11.28,-0.002,-0.003,-0.003,0.0,0.01,-80.3064035,26.9209497,851.2
9.5,0.4,0.0,-0.01,-0.07,-0.11,0.31,0.03,0.21,-0.33,0.41,9.486,9.624,8.996,9.006,10.01,9.71,11.77,11.09,-0.002,-0.003,-0.003,0.0,-0.01,-80.3064035,26.9209497,851.25
9.8,0.4,0.0,-0.0,-0.05,-0.09,0.11,0.0,0.27,-0.35,0.39,9.496,9.624,8.966,9.045,10.3,9.71,11.58,11.28,-0.002,-0.003,-0.003,0.0,-0.01,-80.3064035,26.9209497,851.3
9.9,0.4,0.0,-0.0,-0.05,-0.05,-0.25,-0.12,0.2,-0.36,0.41,9.535,9.663,8.957,9.025,10.2,9.61,11.48,11.38,-0.002,-0.003,-0.003,0.0,-0.02,-80.3064035,26.9209497,851.35
9.9,0.4,0.0,-0.0,-0.09,-0.01,-0.37,0.03,-0.14,-0.37,0.43,9.496,9.692,8.957,9.015,10.4,9.71,11.77,11.28,-0.002,-0.003,-0.003,0.0,-0.02,-80.3064035,26.9209497,851.4
9.8,0.3,0.0,-0.0,-0.08,-0.07,-0.01,-0.26,-0.31,-0.37,0.45,9.486,9.633,8.937,9.006,10.4,9.81,11.38,11.09,-0.002,-0.003,-0.003,0.0,0.0,-80.3064035,26.9209497,851.45
10.2,0.4,0.0,-0.01,-0.06,-0.11,0.12,-0.13,0.18,-0.35,0.38,9.447,9.643,8.966,9.035,10.5,9.91,11.58,11.48,-0.002,-0.003,-0.003,0.0,-0.01,-80.3064035,26.9209497,851.5
11.6,0.4,0.0,-0.01,-0.05,-0.08,-0.21,-0.01,0.31,-0.35,0.38,9.506,9.663,8.907,9.006,10.5,9.81,11.87,11.48,-0.002,-0.003,-0.003,0.0,-0.01,-80.3064035,26.9209498,851.55
12.7,0.4,0.0,-0.0,-0.06,0.01,0.17,0.0,0.16,-0.35,0.38,9.496,9.673,8.917,9.015,10.3,9.81,11.48,11.18,-0.002,-0.003,-0.003,0.0,-0.01,-80.3064035,26.9209498,851.6
12.4,0.4,0.0,0.0,-0.08,0.04,0.1,-0.29,0.0,-0.35,0.38,9.447,9.624,8.917,9.035,10.4,9.71,11.48,11.28,-0.002,-0.003,-0.003,0.0,0.0,-80.3064035,26.9209498,851.65
11.3,0.4,0.0,-0.0,-0.08,-0.14,-0.07,-0.13,-0.09,-0.37,0.39,9.506,9.604,8.947,8.996,10.2,9.61,11.38,11.09,-0.002,-0.003,-0.003,0.0,0.0,-80.3064035,26.9209498,851.7
11.7,0.4,0.0,-0.01,-0.05,-0.13,0.18,-0.42,-0.06,-0.38,0.38,9.545,9.624,9.045,9.064,10.5,9.71,11.97,11.38,-0.002,-0.003,-0.003,0.0,-0.01,-80.3064035,26.9209498,851.75
12.4,0.4,0.0,-0.0,-0.08,-0.05,0.02,0.0,0.06,-0.35,0.38,9.545,9.663,8.976,9.006,10.4,9.32,11.58,11.28,-0.002,-0.003,-0.003,0.0,-0.02,-80.3064035,26.9209498,851.8
12.8,0.4,0.0,-0.0,-0.07,0.01,0.04,-0.01,0.16,-0.33,0.38,9.516,9.712,8.898,9.025,10.2,9.81,11.58,11.28,-0.002,-0.003,-0.003,0.0,-0.02,-80.3064035,26.9209498,851.85
12.7,0.4,0.0,-0.0,-0.06,0.03,0.15,-0.0,0.04,-0.34,0.37,9.467,9.614,8.937,9.006,10.4,9.71,11.67,11.18,-0.002,-0.003,-0.003,0.0,-0.02,-80.3064035,26.9209498,851.9
11.7,0.4,0.0,-0.01,-0.11,-0.08,0.48,0.09,-0.03,-0.36,0.38,9.535,9.663,8.927,8.996,10.2,9.81,11.67,11.09,-0.002,-0.003,-0.003,0.0,-0.01,-80.3064035,26.9209498,851.95
10.8,0.4,0.0,-0.01,-0.08,-0.15,-0.07,-0.51,-0.61,-0.37,0.37,9.506,9.653,8.79,8.927,10.4,9.52,11.58,11.28,-0.002,-0.003,-0.003,0.0,-0.01,-80.3064035,26.9209498,852.0
10.4,0.4,0.0,-0.01,-0.05,-0.08,-0.3,-0.2,0.4,-0.38,0.39,9.31,9.535,8.692,8.898,10.69,9.52,11.77,11.09,-0.002,-0.003,-0.003,0.0,-0.01,-80.3064035,26.9209498,852.05
10.1,0.4,0.0,-0.01,-0.03,0.01,-0.06,-0.64,-0.03,-0.43,0.37,9.437,9.584,9.104,9.104,10.2,9.61,11.87,11.28,-0.003,-0.003,-0.003,0.0,-0.01,-80.3064035,26.9209498,852.1
9.6,0.4,0.0,0.0,-0.06,-0.06,0.1,-0.59,0.24,-0.45,0.38,9.732,9.8,9.27,9.182,10.2,9.81,11.67,11.38,-0.003,-0.003,-0.003,0.0,0.0,-80.3064035,26.9209498,852.15
9.5,0.4,0.0,-0.01,-0.05,-0.11,0.16,0.1,-0.01,-0.45,0.39,9.751,9.849,8.888,8.976,10.3,9.81,11.48,11.28,-0.003,-0.003,-0.003,0.0,-0.01,-80.3064035,26.9209498,852.2
9.5,0.3,0.0,-0.0,-0.07,-0.14,-0.01,0.13,-0.19,-0.44,0.37,9.467,9.604,8.8,8.907,10.2,9.91,11.38,11.18,-0.003,-0.003,-0.003,0.0,-0.01,-80.3064035,26.9209498,852.25
9.5,0.4,0.0,-0.01,-0.11,-0.1,-0.01,-0.21,0.23,-0.44,0.36,9.32,9.476,8.937,9.035,10.2,9.81,11.87,11.28,-0.003,-0.003,-0.003,0.0,-0.01,-80.3064035,26.9209498,852.3
9.5,0.4,0.0,-0.01,-0.07,-0.02,-0.03,-0.04,-0.02,-0.47,0.35,9.545,9.614,8.986,9.035,10.4,9.71,11.77,11.09,-0.003,-0.003,-0.003,0.0,-0.01,-80.3064035,26.9209498,852.35
9.4,0.4,0.0,-0.01,-0.08,-0.02,0.07,0.08,-0.24,-0.45,0.39,9.604,9.8,8.927,9.035,10.5,9.81,11.58,11.28,-0.003,-0.003,-0.003,0.0,-0.01,-80.3064035,26.9209498,852.4
9.5,0.4,0.0,-0.01,-0.06,-0.1,0.04,-0.12,-0.05,-0.47,0.38,9.535,9.682,9.015,9.064,10.3,9.71,11.67,11.09,-0.003,-0.003,-0.003,0.0,-0.0,-80.3064035,26.9209498,852.45
9.5,0.4,0.0,-0.01,-0.07,-0.18,0.02,-0.06,0.16,-0.46,0.37,9.408,9.575,8.898,8.957,10.2,9.52,11.58,11.09,-0.003,-0.003,-0.003,0.0,-0.0,-80.3064035,26.9209498,852.5
9.5,0.4,0.0,-0.0,-0.05,-0.13,-0.05,0.12,-0.08,-0.45,0.37,9.486,9.594,8.957,8.966,10.3,9.61,11.87,11.09,-0.003,-0.003,-0.003,0.0,-0.01,-80.3064034,26.9209498,852.55
9.4,0.4,0.0,-0.0,-0.06,-0.04,0.14,0.11,-0.01,-0.46,0.38,9.535,9.682,8.976,9.015,10.4,9.81,11.58,11.28,-0.003,-0.003,-0.003,0.0,-0.02,-80.3064034,26.9209498,852.6
9.4,0.4,0.0,-0.0,-0.04,-0.01,0.08,-0.13,-0.11,-0.46,0.37,9.476,9.712,8.937,9.055,10.2,9.71,11.48,11.38,-0.003,-0.003,-0.003,0.0,-0.02,-80.3064034,26.9209498,852.65
9.4,0.3,0.0,-0.0,-0.04,-0.05,-0.1,-0.37,0.31,-0.47,0.38,9.516,9.633,8.927,8.966,10.3,9.91,11.77,11.18,-0.003,-0.003,-0.003,0.0,-0.03,-80.3064034,26.9209498,852.7
9.5,0.4,0.0,-0.0,-0.04,-0.13,-0.27,0.16,0.13,-0.48,0.38,9.476,9.643,8.966,9.015,10.3,9.52,11.77,11.38,-0.003,-0.003,-0.003,0.0,-0.03,-80.3064034,26.9209498,852.75
9.4,0.4,0.0,-0.0,-0.06,-0.11,-0.02,-0.0,-0.32,-0.47,0.37,9.535,9.692,8.976,9.045,10.59,9.71,11.77,11.18,-0.003,-0.003,-0.003,0.0,-0.04,-80.3064034,26.9209498,852.8
9.4,0.4,0.0,-0.0,-0.04,-0.06,0.16,0.05,0.12,-0.46,0.38,9.486,9.673,8.917,8.986,10.2,9.91,11.38,11.38,-0.003,-0.003,-0.003,0.0,-0.04,-80.3064034,26.9209498,852.85
9.4,0.4,0.0,0.0,-0.06,-0.02,-0.24,-0.23,-0.26,-0.46,0.38,9.447,9.643,8.937,9.006,10.3,9.81,11.87,11.67,-0.003,-0.003,-0.003,0.0,-0.05,-80.3064034,26.9209498,852.9
9.4,0.4,0.0,0.0,-0.04,-0.09,-0.1,-0.43,-0.09,-0.48,0.37,9.486,9.653,8.947,9.006,10.4,9.71,11.38,11.09,-0.003,-0.003,-0.003,0.0,-0.05,-80.3064034,26.9209498,852.95
9.4,0.4,0.0,0.0,-0.07,-0.09,-0.0,0.12,0.11,-0.47,0.38,9.555,9.663,8.947,8.986,10.5,9.52,11.48,11.38,-0.003,-0.003,-0.003,0.0,-0.05,-80.3064034,26.9209499,853.0
9.4,0.4,0.0,0.0,-0.07,-0.11,0.19,0.02,-0.28,-0.47,0.39,9.476,9.624,8.957,9.025,10.3,9.61,11.67,11.18,-0.003,-0.003,-0.003,0.0,-0.06,-80.3064034,26.9209499,853.05
9.4,0.4,0.0,0.0,-0.05,-0.09,-0.02,-0.12,-0.12,-0.47,0.37,9.496,9.663,8.957,9.015,10.3,9.71,11.77,11.28,-0.003,-0.003,-0.003,0.0,-0.07,-80.3064034,26.9209499,853.1
9.4,0.4,0.0,0.0,-0.05,-0.05,-0.0,0.14,0.14,-0.46,0.38,9.476,9.673,8.957,9.006,10.69,9.61,11.58,11.28,-0.003,-0.003,-0.003,0.0,-0.07,-80.3064034,26.9209499,853.15
9.3,0.4,0.0,0.0,-0.06,-0.05,0.07,-0.06,0.04,-0.47,0.38,9.496,9.643,8.927,8.996,10.59,9.71,11.77,11.38,-0.003,-0.003,-0.003,0.0,-0.07,-80.3064034,26.9209499,853.2
9.4,0.4,0.0,0.0,-0.06,-0.1,0.15,0.38,-0.1,-0.46,0.38,9.506,9.653,8.957,9.015,10.4,9.61,11.58,11.09,-0.003,-0.003,-0.003,0.0,-0.08,-80.3064034,26.9209499,853.25
9.4,0.4,0.0,0.01,-0.06,-0.1,0.05,-0.27,-0.05,-0.47,0.37,9.555,9.663,8.927,8.966,10.5,9.81,11.67,11.28,-0.003,-0.003,-0.003,0.0,-0.08,-80.3064034,26.9209499,853.3
9.4,0.4,0.0,0.01,-0.07,-0.1,0.13,-0.17,0.0,-0.47,0.39,9.516,9.663,8.976,9.035,10.4,9.71,11.48,11.38,-0.003,-0.003,-0.003,0.0,-0.09,-80.3064034,26.9209499,853.35
9.4,0.4,0.0,0.01,-0.06,-0.09,0.2,0.3,0.12,-0.48,0.39,9.516,9.663,8.917,9.025,10.4,9.71,11.67,11.28,-0.003,-0.003,-0.003,0.0,-0.09,-80.3064034,26.9209499,853.4
9.5,0.3,0.0,0.01,-0.06,-0.04,0.15,-0.27,0.28,-0.47,0.38,9.535,9.643,9.015,9.064,10.1,9.52,11.48,11.38,-0.003,-0.003,-0.003,0.0,-0.1,-80.3064034,26.9209499,853.45
9.4,0.4,0.0,0.01,-0.05,-0.07,-0.07,-0.44,0.32,-0.48,0.39,9.486,9.663,8.966,9.035,10.1,9.81,11.58,11.18,-0.003,-0.003,-0.003,0.0,-0.1,-80.3064034,26.9209499,853.5
9.4,0.4,0.0,0.01,-0.05,-0.11,-0.19,-0.02,-0.13,-0.47,0.37,9.496,9.643,8.947,8.996,10.3,9.52,11.38,11.09,-0.003,-0.003,-0.003,0.0,-0.11,-80.3064034,26.9209499,853.55
9.4,0.4,0.0,0.01,-0.06,-0.12,0.04,0.19,-0.11,-0.47,0.37,9.526,9.624,8.957,9.006,10.4,9.61,11.77,11.09,-0.003,-0.003,-0.003,0.0,-0.11,-80.3064034,26.9209498,853.6
9.3,0.4,0.0,0.01,-0.06,-0.08,-0.09,0.15,0.05,-0.46,0.39,9.516,9.673,8.927,8.976,10.5,9.61,11.48,11.28,-0.003,-0.003,-0.003,0.0,-0.12,-80.3064034,26.9209498,853.65
9.4,0.4,0.0,-0.0,-0.05,-0.07,-0.27,0.32,-0.15,-0.47,0.37,9.486,9.663,8.937,9.035,10.4,9.71,11.97,11.18,-0.003,-0.003,-0.003,0.0,-0.01,-80.3064034,26.9209498,853.7
9.4,0.4,0.0,0.0,-0.06,-0.04,-0.07,0.18,0.36,-0.47,0.39,9.486,9.653,8.858,9.015,10.3,9.71,11.38,11.18,-0.003,-0.003,-0.003,0.0,-0.0,-80.3064034,26.9209498,853.75
9.4,0.4,0.0,0.0,-0.05,-0.09,0.3,-0.06,0.06,-0.47,0.37,9.516,9.624,8.907,9.015,10.5,9.71,11.58,10.79,-0.003,-0.003,-0.003,0.0,0.0,-80.3064034,26.9209498,853.8
9.4,0.4,0.0,0.0,-0.05,-0.1,-0.22,-0.26,-0.04,-0.46,0.38,9.526,9.663,8.907,9.015,10.3,9.71,11.87,11.28,-0.003,-0.003,-0.003,0.0,0.0,-80.3064034,26.9209498,853.85
9.4,0.3,0.0,-0.01,-0.08,-0.06,0.27,-0.01,-0.17,-0.48,0.38,9.516,9.653,8.947,8.996,10.4,9.61,11.58,10.99,-0.003,-0.003,-0.003,0.0,-0.01,-80.3064034,26.9209498,853.9
9.4,0.4,0.0,-0.0,-0.07,-0.08,-0.39,-0.03,-0.18,-0.48,0.37,9.506,9.673,8.947,9.015,10.4,9.81,11.48,10.99,-0.003,-0.003,-0.003,0.0,-0.01,-80.3064034,26.9209498,853.95
9.4,0.4,0.0,-0.0,-0.07,-0.07,0.38,-0.43,-0.2,-0.49,0.38,9.496,9.673,8.947,9.045,10.2,9.61,11.77,11.09,-0.003,-0.003,-0.003,0.0,0.0,-80.3064034,26.9209498,854.0
9.4,0.4,0.0,0.0,-0.05,-0.06,0.31,-0.11,0.34,-0.48,0.39,9.476,9.682,8.957,9.015,10.3,9.71,11.48,11.38,-0.003,-0.003,-0.003,0.0,0.0,-80.3064034,26.9209498,854.05
9.4,0.4,0.0,0.0,-0.05,-0.1,0.22,0.17,-0.2,-0.48,0.37,9.496,9.653,8.957,8.976,10.4,9.61,11.58,11.09,-0.003,-0.003,-0.003,0.0,0.0,-80.3064034,26.9209498,854.1
9.4,0.4,0.0,0.0,-0.08,-0.08,-0.02,0.33,-0.11,-0.48,0.39,9.506,9.653,8.966,9.025,10.5,9.42,11.58,11.28,-0.003,-0.003,-0.003,0.0,0.0,-80.3064034,26.9209498,854.15
9.4,0.4,0.0,0.0,-0.06,-0.1,-0.1,0.02,0.04,-0.49,0.41,9.526,9.653,8.927,9.015,10.1,9.52,11.58,11.09,-0.003,-0.003,-0.003,0.0,0.01,-80.3064034,26.9209498,854.2
9.4,0.4,0.0,0.0,-0.06,-0.06,-0.0,0.17,0.35,-0.49,0.42,9.496,9.673,8.937,9.006,10.5,9.71,11.58,11.18,-0.003,-0.003,-0.003,0.0,0.01,-80.3064034,26.9209498,854.25
9.3,0.4,0.0,0.0,-0.05,-0.09,0.12,0.08,-0.2,-0.48,0.38,9.496,9.673,8.947,9.006,10.5,9.61,11.58,11.48,-0.003,-0.003,-0.003,0.0,0.01,-80.3064034,26.9209498,854.3
9.3,0.4,0.0,0.0,-0.06,-0.07,0.24,-0.01,0.03,-0.49,0.39,9.506,9.663,8.937,9.015,10.5,9.61,11.77,11.38,-0.003,-0.003,-0.003,0.0,0.01,-80.3064034,26.9209498,854.35
9.3,0.4,0.0,0.0,-0.05,-0.08,-0.12,-0.27,0.11,-0.5,0.4,9.516,9.663,8.927,8.986,10.59,9.81,11.58,11.58,-0.003,-0.003,-0.003,0.0,0.01,-80.3064034,26.9209498,854.4
9.3,0.4,0.0,0.0,-0.07,-0.08,-0.15,0.09,-0.01,-0.48,0.39,9.486,9.673,8.917,8.986,10.2,9.61,11.67,11.18,-0.003,-0.003,-0.003,0.0,0.01,-80.3064034,26.9209498,854.45
9.4,0.4,0.0,0.0,-0.06,-0.09,0.17,0.36,0.04,-0.48,0.38,9.516,9.643,8.947,9.006,10.4,9.91,11.87,11.28,-0.003,-0.003,-0.003,0.0,0.01,-80.3064034,26.9209498,854.5
9.4,0.4,0.0,0.0,-0.04,-0.07,-0.24,0.21,0.18,-0.51,0.37,9.506,9.663,8.947,9.025,10.5,9.61,11.87,11.48,-0.003,-0.003,-0.003,0.0,0.01,-80.3064034,26.9209498,854.55
9.4,0.4,0.0,0.01,-0.07,-0.05,0.13,-0.22,-0.16,-0.48,0.39,9.516,9.673,8.966,9.045,10.2,9.61,11.77,11.09,-0.003,-0.003,-0.003,0.0,0.02,-80.3064034,26.9209498,854.6
9.4,0.3,0.0,0.0,-0.06,-0.1,0.26,-0.19,-0.02,-0.49,0.38,9.496,9.653,8.917,8.996,10.5,9.71,11.58,11.38,-0.003,-0.003,-0.003,0.0,0.02,-80.3064034,26.9209498,854.65
9.4,0.4,0.0,0.0,-0.07,-0.09,-0.07,-0.17,0.08,-0.49,0.38,9.496,9.663,8.917,9.015,10.5,9.52,11.58,11.48,-0.003,-0.003,-0.003,0.0,0.02,-80.3064034,26.9209498,854.7
9.4,0.4,0.0,0.01,-0.05,-0.09,-0.03,0.09,0.41,-0.49,0.38,9.516,9.653,8.947,9.015,10.3,9.81,11.87,11.48,-0.003,-0.003,-0.003,0.0,0.02,-80.3064034,26.9209497,854.75
9.3,0.4,0.0,0.01,-0.07,-0.08,-0.09,-0.01,-0.4,-0.49,0.38,9.496,9.682,8.917,9.006,10.5,9.71,11.38,11.09,-0.003,-0.003,-0.003,0.0,0.02,-80.3064034,26.9209497,854.8
9.3,0.4,0.0,0.01,-0.06,-0.09,0.09,-0.06,0.19,-0.49,0.38,9.506,9.633,8.947,8.986,10.4,9.61,11.58,10.99,-0.003,-0.003,-0.003,0.0,0.02,-80.3064034,26.9209497,854.85
9.4,0.4,0.0,0.01,-0.07,-0.08,0.3,0.3,-0.21,-0.5,0.39,9.506,9.663,8.957,9.015,10.5,9.71,11.87,11.09,-0.003,-0.003,-0.003,0.0,0.02,-80.3064035,26.9209497,854.9
9.4,0.4,0.0,0.01,-0.05,-0.08,-0.02,0.25,-0.16,-0.48,0.38,9.496,9.692,8.957,9.015,10.2,9.81,11.58,11.28,-0.003,-0.003,-0.003,0.0,0.02,-80.3064035,26.9209497,854.95
9.3,0.4,0.0,0.01,-0.06,-0.03,-0.23,-0.28,-0.19,-0.49,0.38,9.506,9.653,8.966,8.996,10.3,9.52,11.97,11.28,-0.003,-0.003,-0.003,0.0,0.03,-80.3064035,26.9209497,855.0
9.4,0.4,0.0,0.01,-0.07,-0.12,0.17,0.29,-0.16,-0.48,0.38,9.526,9.653,8.947,9.025,10.3,9.71,11.67,11.28,-0.003,-0.003,-0.003,0.0,0.03,-80.3064035,26.9209497,855.05
9.4,0.3,0.0,0.0,-0.06,-0.12,-0.11,0.07,-0.12,-0.47,0.37,9.467,9.653,8.927,8.957,10.3,9.81,11.67,11.38,-0.003,-0.003,-0.003,0.0,-0.0,-80.3064035,26.9209497,855.1
9.4,0.4,0.0,0.0,-0.06,-0.06,-0.04,-0.06,-0.35,-0.49,0.38,9.437,9.594,8.888,8.976,10.2,9.81,11.67,11.28,-0.003,-0.003,-0.003,0.0,-0.0,-80.3064035,26.9209497,855.15
9.4,0.3,0.0,0.0,-0.03,-0.04,-0.11,-0.08,-0.02,-0.48,0.4,9.565,9.663,9.192,9.133,10.69,9.71,11.77,11.09,-0.003,-0.003,-0.003,0.0,-0.0,-80.3064035,26.9209497,855.2
9.3,0.4,0.0,0.0,-0.05,-0.11,0.09,0.45,-0.02,-0.46,0.39,9.594,9.751,9.104,9.104,10.2,9.61,11.38,11.67,-0.003,-0.003,-0.003,0.0,0.0,-80.3064035,26.9209497,855.25
9.3,0.4,0.0,0.0,-0.02,-0.09,0.07,0.46,0.18,-0.44,0.39,9.604,9.712,8.829,8.858,10.4,9.61,11.48,11.28,-0.003,-0.003,-0.003,0.0,0.0,-80.3064035,26.9209497,855.3
9.1,0.4,0.0,0.01,-0.0,-0.11,-0.09,0.76,0.19,-0.42,0.39,9.29,9.633,8.623,8.927,10.2,9.71,11.58,11.58,-0.003,-0.003,-0.003,0.0,-0.01,-80.3064035,26.9209497,855.35
9.0,0.4,0.0,0.01,-0.02,0.02,0.05,-0.5,0.04,-0.43,0.38,9.329,9.476,9.133,9.133,10.1,9.52,12.16,11.48,-0.002,-0.003,-0.003,0.0,0.01,-80.3064035,26.9209497,855.4
9.1,0.4,0.0,0.0,-0.08,0.05,0.13,0.04,0.08,-0.43,0.39,9.545,9.722,8.937,9.025,10.3,10.01,11.77,11.38,-0.003,-0.003,-0.003,0.0,0.01,-80.3064035,26.9209497,855.45
9.1,0.4,0.0,0.0,-0.1,-0.14,0.15,0.0,-0.18,-0.42,0.4,9.673,9.839,8.898,8.957,10.59,9.91,11.58,11.18,-0.003,-0.003,-0.003,0.0,0.01,-80.3064035,26.9209497,855.5
9.1,0.4,0.0,-0.0,-0.14,-0.21,0.44,0.02,0.15,-0.42,0.39,9.506,9.643,8.957,9.025,10.1,9.71,11.48,11.38,-0.003,-0.003,-0.003,0.0,-0.0,-80.3064035,26.9209497,855.55
9.1,0.4,0.0,-0.0,-0.11,-0.06,-0.47,0.12,-0.07,-0.43,0.36,9.526,9.545,9.015,9.025,10.4,9.61,11.58,11.38,-0.002,-0.003,-0.003,0.0,-0.01,-80.3064035,26.9209497,855.6
9.1,0.4,0.0,0.0,-0.07,-0.04,-0.16,0.55,0.25,-0.41,0.38,9.467,9.712,8.858,9.035,10.3,9.52,11.58,11.38,-0.002,-0.003,-0.003,0.0,-0.0,-80.3064035,26.9209497,855.65
9.1,0.3,0.0,-0.0,-0.04,0.0,-0.11,-0.09,-0.08,-0.4,0.38,9.467,9.663,8.986,9.045,10.3,9.81,11.67,11.38,-0.002,-0.003,-0.003,0.0,0.0,-80.3064035,26.9209497,855.7
9.1,0.4,0.0,0.01,-0.01,-0.0,-0.03,-0.17,0.15,-0.4,0.38,9.457,9.624,8.976,9.045,10.4,10.01,11.48,10.99,-0.002,-0.003,-0.003,0.0,0.01,-80.3064035,26.9209497,855.75
9.1,0.4,0.0,0.01,-0.02,-0.11,0.11,0.25,-0.1,-0.4,0.38,9.457,9.633,8.878,8.986,10.1,9.91,11.67,11.48,-0.002,-0.003,-0.003,0.0,0.01,-80.3064035,26.9209497,855.8
9.1,0.4,0.0,0.01,-0.02,-0.15,-0.08,-0.27,-0.28,-0.39,0.4,9.516,9.624,9.006,9.006,10.2,9.71,11.77,11.18,-0.002,-0.003,-0.003,0.0,0.02,-80.3064035,26.9209496,855.85
9.1,0.4,0.0,0.01,-0.03,-0.06,0.08,0.17,-0.21,-0.38,0.42,9.506,9.682,8.996,9.035,10.3,9.71,11.77,11.28,-0.002,-0.003,-0.003,0.0,0.02,-80.3064035,26.9209496,855.9
9.2,0.4,0.0,0.01,-0.05,-0.04,0.11,0.25,-0.0,-0.37,0.4,9.467,9.682,8.937,9.045,10.4,9.81,11.58,11.38,-0.002,-0.003,-0.003,0.0,0.0,-80.3064035,26.9209496,855.95
9.1,0.4,0.0,0.01,-0.06,-0.03,0.18,-0.0,0.49,-0.39,0.4,9.437,9.643,8.888,8.966,10.3,9.81,11.38,11.18,-0.002,-0.003,-0.003,0.0,0.01,-80.3064035,26.9209496,856.0
9.1,0.4,0.0,0.01,-0.06,-0.05,0.15,-0.22,0.51,-0.4,0.41,9.565,9.604,9.035,9.045,10.5,9.61,11.58,11.38,-0.002,-0.003,-0.002,0.0,0.01,-80.3064035,26.9209496,856.05
9.2,0.4,0.0,0.0,-0.11,-0.13,0.27,0.19,0.26,-0.39,0.4,9.555,9.771,8.957,9.074,10.2,9.71,11.38,11.28,-0.002,-0.003,-0.002,0.0,0.01,-80.3064035,26.9209496,856.1
9.2,0.4,0.0,0.01,-0.11,-0.09,-0.17,-0.27,-0.06,-0.37,0.4,9.516,9.663,8.927,9.015,10.4,9.71,11.38,11.38,-0.002,-0.003,-0.002,0.0,0.01,-80.3064035,26.9209496,856.15
9.1,0.4,0.0,0.0,-0.09,-0.03,-0.12,0.31,0.21,-0.38,0.4,9.516,9.584,8.976,8.976,10.5,9.81,11.58,11.18,-0.002,-0.003,-0.002,0.0,0.01,-80.3064035,26.9209496,856.2
9.2,0.4,0.0,0.0,-0.07,-0.09,-0.34,0.1,0.2,-0.37,0.4,9.408,9.663,8.819,8.976,10.2,9.81,11.67,11.28,-0.002,-0.003,-0.002,0.0,0.01,-80.3064035,26.9209496,856.25
9.1,0.4,0.0,0.0,-0.07,-0.04,-0.31,-0.05,0.08,-0.37,0.4,9.555,9.653,8.966,8.986,10.5,10.1,11.77,10.99,-0.002,-0.003,-0.002,0.0,0.02,-80.3064035,26.9209496,856.3
9.2,0.4,0.0,0.0,-0.09,-0.05,0.02,0.09,-0.23,-0.37,0.4,9.545,9.732,8.966,9.015,10.4,9.91,11.38,10.99,-0.002,-0.003,-0.002,0.0,0.02,-80.3064035,26.9209496,856.35
9.2,0.4,0.0,0.0,-0.07,-0.06,-0.04,0.13,0.22,-0.38,0.4,9.496,9.633,8.947,9.025,10.4,9.81,11.58,11.28,-0.002,-0.003,-0.002,0.0,0.02,-80.3064035,26.9209496,856.4
9.2,0.4,0.0,0.0,-0.03,-0.07,-0.52,0.19,0.04,-0.4,0.39,9.496,9.624,8.976,9.006,10.4,9.71,11.58,11.09,-0.002,-0.003,-0.002,0.0,0.02,-80.3064035,26.9209496,856.45
9.2,0.4,0.0,0.0,-0.05,-0.07,-0.25,0.13,-0.34,-0.37,0.4,9.516,9.653,8.898,9.006,10.5,9.61,11.58,11.28,-0.002,-0.003,-0.002,0.0,0.02,-80.3064035,26.9209496,856.5
9.1,0.4,0.0,-0.0,-0.06,-0.07,0.22,0.13,-0.3,-0.38,0.4,9.516,9.643,8.937,9.045,10.2,9.61,11.58,11.28,-0.002,-0.003,-0.002,0.0,0.03,-80.3064035,26.9209496,856.55
9.2,0.4,0.0,-0.0,-0.05,-0.03,0.15,0.06,0.17,-0.37,0.4,9.516,9.624,8.966,9.045,10.5,9.71,11.58,11.38,-0.002,-0.003,-0.002,0.0,0.03,-80.3064035,26.9209496,856.6
9.2,0.4,0.0,-0.0,-0.07,-0.09,0.24,0.06,0.39,-0.37,0.42,9.496,9.692,8.839,9.006,10.59,9.61,11.77,11.18,-0.002,-0.003,-0.002,0.0,0.03,-80.3064035,26.9209496,856.65
9.2,0.4,0.0,-0.0,-0.07,-0.08,-0.03,0.06,-0.12,-0.37,0.4,9.506,9.643,8.996,8.996,10.79,9.71,11.77,11.28,-0.002,-0.003,-0.002,0.0,0.03,-80.3064035,26.9209496,856.7
9.2,0.4,0.0,-0.0,-0.07,-0.05,0.14,0.11,0.3,-0.37,0.41,9.506,9.682,8.966,9.074,10.5,9.52,11.77,11.09,-0.002,-0.003,-0.002,0.0,0.03,-80.3064035,26.9209496,856.75
9.1,0.4,0.0,-0.0,-0.03,-0.04,-0.36,-0.1,0.15,-0.37,0.4,9.506,9.653,8.898,8.976,10.4,9.61,11.77,11.28,-0.002,-0.003,-0.002,0.0,0.03,-80.3064035,26.9209496,856.8
9.1,0.4,0.0,-0.0,-0.05,-0.04,-0.01,0.1,0.22,-0.37,0.41,9.476,9.673,8.917,8.986,10.3,9.71,11.67,11.48,-0.002,-0.003,-0.002,0.0,0.03,-80.3064035,26.9209496,856.85
9.1,0.4,0.0,-0.0,-0.06,-0.08,0.04,0.14,0.16,-0.37,0.41,9.506,9.673,8.927,8.976,10.2,9.52,11.87,10.99,-0.002,-0.003,-0.002,0.0,0.03,-80.3064035,26.9209496,856.9
9.2,0.4,0.0,-0.0,-0.07,-0.12,0.05,0.34,0.49,-0.38,0.42,9.565,9.682,8.966,9.006,10.1,9.81,11.58,11.28,-0.002,-0.003,-0.002,0.0,0.04,-80.3064035,26.9209496,856.95
9.2,0.4,0.0,0.0,-0.07,-0.08,-0.24,-0.14,-0.08,-0.38,0.4,9.496,9.653,8.937,9.006,10.3,9.81,11.67,11.09,-0.002,-0.003,-0.002,0.0,-0.0,-80.3064035,26.9209496,857.0
9.2,0.4,0.0,0.0,-0.06,-0.05,0.02,0.04,-0.23,-0.36,0.4,9.467,9.643,8.937,9.015,10.3,9.91,11.77,11.18,-0.002,-0.003,-0.002,0.0,-0.0,-80.3064035,26.9209496,857.05
9.2,0.4,0.0,0.01,-0.04,0.0,-0.23,0.01,0.07,-0.37,0.4,9.467,9.663,8.947,9.025,10.2,9.71,11.67,11.28,-0.002,-0.003,-0.002,0.0,0.01,-80.3064035,26.9209496,857.1
9.2,0.4,0.0,0.0,-0.06,-0.02,0.25,-0.15,0.25,-0.37,0.41,9.535,9.643,9.006,9.015,10.5,9.81,11.77,10.99,-0.002,-0.003,-0.002,0.0,0.02,-80.3064035,26.9209496,857.15
9.2,0.4,0.0,0.0,-0.05,-0.11,0.33,0.01,0.15,-0.37,0.39,9.506,9.663,8.986,9.015,10.3,9.71,11.58,11.28,-0.002,-0.003,-0.002,0.0,0.02,-80.3064035,26.9209496,857.2
9.2,0.4,0.0,0.01,-0.08,-0.13,-0.01,0.16,-0.29,-0.36,0.4,9.506,9.614,8.888,8.927,10.2,9.61,11.77,11.38,-0.002,-0.003,-0.002,0.0,0.02,-80.3064035,26.9209496,857.25
9.1,0.4,0.0,-0.0,-0.09,-0.06,0.1,0.34,0.04,-0.38,0.4,9.496,9.663,8.996,9.035,10.2,9.91,11.58,11.28,-0.002,-0.003,-0.002,0.0,-0.0,-80.3064035,26.9209496,857.3
9.2,0.4,0.0,0.0,-0.07,-0.03,-0.2,0.13,0.07,-0.36,0.39,9.526,9.673,8.996,9.045,10.2,9.81,11.48,11.38,-0.002,-0.003,-0.002,0.0,-0.0,-80.3064035,26.9209496,857.35
9.2,0.4,0.0,0.01,-0.04,-0.03,-0.24,-0.14,-0.02,-0.35,0.4,9.633,10.055,8.907,9.035,10.1,9.71,11.38,11.28,-0.002,-0.003,-0.002,0.0,0.01,-80.3064035,26.9209496,857.4
9.1,0.4,0.0,0.01,-0.04,-0.04,-0.11,-0.08,0.47,-0.35,0.39,9.535,9.732,8.898,8.957,10.3,9.61,11.58,11.28,-0.002,-0.003,-0.002,0.0,0.01,-80.3064035,26.9209496,857.45
9.2,0.3,0.0,0.01,-0.07,-0.09,0.17,-0.03,-0.15,-0.35,0.4,9.486,9.653,8.957,9.025,10.4,9.81,11.48,11.09,-0.002,-0.003,-0.002,0.0,0.01,-80.3064035,26.9209496,857.5
9.2,0.4,0.0,0.0,-0.05,-0.08,-0.26,0.18,0.24,-0.35,0.39,9.506,9.692,8.966,9.074,10.4,9.81,11.87,11.28,-0.002,-0.003,-0.002,0.0,-0.0,-80.3064035,26.9209496,857.55
9.2,0.3,0.0,-0.0,-0.06,-0.04,0.28,-0.18,0.41,-0.36,0.39,9.516,9.682,8.966,9.006,10.4,10.01,11.38,11.09,-0.002,-0.003,-0.002,0.0,0.0,-80.3064035,26.9209496,857.6
9.2,0.4,0.0,0.01,-0.06,-0.04,-0.13,0.27,-0.14,-0.36,0.4,9.467,9.663,8.927,9.045,10.4,9.71,11.48,11.28,-0.002,-0.003,-0.002,0.0,0.01,-80.3064035,26.9209496,857.65
9.1,0.4,0.0,0.01,-0.06,-0.06,0.02,-0.6,-0.04,-0.36,0.4,9.447,9.663,8.907,8.966,10.5,9.81,11.67,11.28,-0.002,-0.003,-0.002,0.0,0.01,-80.3064036,26.9209496,857.7
9.2,0.4,0.0,0.01,-0.06,-0.05,-0.04,-0.1,-0.02,-0.39,0.4,9.545,9.633,8.976,9.035,10.4,9.81,11.58,11.38,-0.002,-0.003,-0.002,0.0,0.01,-80.3064036,26.9209496,857.75
9.2,0.4,0.0,-0.0,-0.05,-0.09,-0.23,0.22,-0.09,-0.35,0.41,9.535,9.682,8.937,9.025,10.3,9.81,11.77,11.18,-0.002,-0.003,-0.002,0.0,0.0,-80.3064036,26.9209496,857.8
9.2,0.3,0.0,0.0,-0.07,-0.07,-0.03,0.3,0.03,-0.34,0.4,9.467,9.663,8.917,9.006,10.5,9.71,11.48,10.99,-0.002,-0.003,-0.002,0.0,-0.0,-80.3064036,26.9209496,857.85
9.1,0.4,0.0,0.0,-0.05,-0.03,0.02,0.1,0.01,-0.34,0.39,9.486,9.604,8.986,8.986,10.2,9.91,11.67,11.18,-0.002,-0.003,-0.002,0.0,-0.0,-80.3064036,26.9209496,857.9
9.1,0.4,0.0,0.01,-0.03,-0.09,-0.08,0.02,0.17,-0.37,0.42,9.486,9.702,8.927,9.015,10.3,9.61,11.58,11.58,-0.002,-0.003,-0.002,0.0,0.01,-80.3064035,26.9209496,857.95
9.2,0.4,0.0,0.01,-0.06,-0.06,-0.19,-0.03,-0.07,-0.36,0.4,9.476,9.663,8.957,8.976,10.3,9.81,11.77,11.18,-0.002,-0.003,-0.002,0.0,0.01,-80.3064035,26.9209496,858.0
9.2,0.4,0.0,0.0,-0.07,-0.08,0.05,-0.1,-0.03,-0.35,0.41,9.496,9.624,8.917,9.006,10.3,9.91,11.67,11.18,-0.002,-0.003,-0.002,0.0,-0.0,-80.3064035,26.9209496,858.05
9.2,0.4,0.0,0.0,-0.07,-0.06,0.11,-0.22,0.04,-0.35,0.4,9.486,9.653,8.917,8.996,10.4,9.71,11.38,11.38,-0.002,-0.003,-0.002,0.0,-0.0,-80.3064035,26.9209496,858.1
9.2,0.4,0.0,0.0,-0.05,-0.06,0.14,0.36,0.05,-0.35,0.39,9.535,9.682,8.947,9.006,10.4,9.71,11.77,11.28,-0.002,-0.003,-0.002,0.0,-0.0,-80.3064035,26.9209496,858.15
9.2,0.4,0.0,0.0,-0.07,-0.03,0.15,0.02,0.04,-0.35,0.4,9.506,9.663,8.937,9.006,10.3,9.81,11.67,11.38,-0.002,-0.003,-0.002,0.0,-0.0,-80.3064035,26.9209496,858.2
9.2,0.4,0.0,0.0,-0.05,-0.06,0.26,-0.11,-0.01,-0.35,0.4,9.457,9.633,8.966,9.035,10.4,9.61,11.58,10.99,-0.002,-0.003,-0.002,0.0,0.01,-80.3064035,26.9209496,858.25
9.1,0.4,0.0,0.01,-0.05,-0.08,0.11,-0.15,0.01,-0.35,0.4,9.516,9.692,8.907,9.006,10.3,9.71,11.48,11.38,-0.002,-0.003,-0.002,0.0,0.01,-80.3064035,26.9209496,858.3
9.2,0.3,0.0,0.0,-0.07,-0.08,0.02,0.01,-0.34,-0.34,0.39,9.506,9.663,8.947,9.045,10.3,9.61,11.48,11.28,-0.002,-0.003,-0.002,0.0,-0.0,-80.3064035,26.9209496,858.35
9.2,0.4,0.0,0.0,-0.07,-0.05,-0.18,0.25,-0.29,-0.36,0.4,9.506,9.653,8.937,9.025,10.4,9.61,11.67,10.99,-0.002,-0.003,-0.002,0.0,-0.0,-80.3064035,26.9209496,858.4
9.2,0.4,0.0,0.0,-0.08,0.01,-0.28,-0.07,0.14,-0.34,0.4,9.486,9.663,8.937,9.015,10.3,9.61,11.58,11.28,-0.002,-0.003,-0.002,0.0,-0.01,-80.3064035,26.9209496,858.45
9.2,0.4,0.0,0.01,-0.08,-0.03,0.05,0.04,0.03,-0.35,0.4,9.467,9.682,8.937,8.996,10.4,10.01,11.77,11.38,-0.002,-0.003,-0.002,0.0,0.01,-80.3064035,26.9209496,858.5
9.2,0.4,0.0,0.01,-0.05,-0.07,0.02,-0.14,0.06,-0.36,0.39,9.496,9.653,8.976,9.006,10.3,9.71,11.77,11.58,-0.002,-0.003,-0.002,0.0,0.01,-80.3064035,26.9209496,858.55
9.2,0.4,0.0,-0.0,-0.08,-0.07,0.32,-0.11,-0.18,-0.36,0.4,9.516,9.673,8.937,9.015,10.3,9.71,11.67,11.28,-0.002,-0.003,-0.002,0.0,0.0,-80.3064035,26.9209496,858.6
9.2,0.4,0.0,-0.0,-0.06,-0.07,-0.13,-0.04,-0.33,-0.36,0.41,9.486,9.673,8.957,9.035,10.2,9.81,11.38,11.38,-0.002,-0.003,-0.002,0.0,-0.0,-80.3064035,26.9209496,858.65
9.2,0.4,0.0,0.0,-0.05,-0.05,-0.19,-0.21,0.31,-0.35,0.4,9.476,9.673,8.947,9.015,10.2,9.81,11.67,11.38,-0.002,-0.003,-0.002,0.0,-0.0,-80.3064035,26.9209496,858.7
9.2,0.4,0.0,0.01,-0.05,-0.03,-0.11,-0.3,0.06,-0.35,0.4,9.506,9.663,8.927,9.015,10.5,9.81,11.77,11.18,-0.002,-0.003,-0.002,0.0,0.01,-80.3064035,26.9209496,858.75
9.2,0.4,0.0,0.01,-0.05,-0.06,-0.08,-0.27,0.08,-0.35,0.4,9.496,9.643,8.937,9.015,10.3,9.91,11.87,11.58,-0.002,-0.003,-0.002,0.0,0.01,-80.3064035,26.9209496,858.8
9.2,0.4,0.0,0.01,-0.06,-0.05,-0.19,-0.16,0.05,-0.33,0.4,9.516,9.653,8.947,9.006,10.2,9.42,11.67,11.38,-0.002,-0.003,-0.002,0.0,0.01,-80.3064035,26.9209496,858.85
9.1,0.4,0.0,0.01,-0.06,-0.07,-0.09,-0.06,0.1,-0.35,0.4,9.496,9.653,8.917,8.986,10.5,9.81,11.87,11.38,-0.002,-0.003,-0.002,0.0,0.01,-80.3064035,26.9209496,858.9
9.2,0.4,0.0,0.01,-0.06,-0.04,0.03,-0.02,-0.13,-0.36,0.4,9.526,9.673,8.947,9.006,10.2,9.42,11.77,11.28,-0.002,-0.003,-0.002,0.0,0.01,-80.3064035,26.9209496,858.95
9.1,0.4,0.0,0.01,-0.05,-0.06,0.05,0.13,0.11,-0.34,0.4,9.486,9.663,8.927,8.996,10.2,9.81,11.38,11.28,-0.002,-0.003,-0.002,0.0,0.01,-80.3064035,26.9209496,859.0
9.2,0.4,0.0,0.01,-0.07,-0.05,-0.1,-0.28,0.04,-0.36,0.4,9.496,9.682,8.927,8.986,10.2,9.61,11.87,11.28,-0.002,-0.003,-0.002,0.0,0.01,-80.3064035,26.9209496,859.05
9.2,0.3,0.0,0.01,-0.05,-0.08,0.06,0.02,0.25,-0.36,0.39,9.506,9.633,8.957,9.025,10.3,9.52,11.77,11.28,-0.002,-0.003,-0.002,0.0,0.01,-80.3064035,26.9209495,859.1
9.2,0.4,0.0,0.01,-0.06,-0.05,-0.24,0.23,-0.21,-0.35,0.39,9.496,9.643,8.947,9.015,10.3,9.81,11.58,11.28,-0.002,-0.003,-0.002,0.0,0.01,-80.3064035,26.9209495,859.15
9.2,0.4,0.0,0.01,-0.05,-0.06,0.02,0.08,0.45,-0.35,0.41,9.486,9.673,8.957,9.035,10.59,9.81,11.48,11.67,-0.002,-0.003,-0.002,0.0,0.01,-80.3064035,26.9209495,859.2
9.1,0.4,0.0,0.01,-0.06,-0.05,-0.04,-0.02,0.21,-0.35,0.4,9.496,9.643,8.917,9.025,10.2,9.91,11.48,11.28,-0.002,-0.003,-0.002,0.0,0.01,-80.3064035,26.9209495,859.25
9.2,0.4,0.0,0.01,-0.06,-0.03,0.23,0.01,-0.05,-0.35,0.4,9.486,9.653,8.927,9.006,10.5,9.71,11.67,11.28,-0.002,-0.003,-0.002,0.0,0.02,-80.3064035,26.9209495,859.3
9.2,0.4,0.0,0.01,-0.05,-0.06,-0.14,-0.22,-0.15,-0.35,0.39,9.506,9.663,8.937,9.006,10.4,9.61,11.38,11.28,-0.002,-0.003,-0.002,0.0,0.01,-80.3064035,26.9209495,859.35
9.2,0.4,0.0,0.01,-0.07,-0.07,-0.11,0.04,-0.2,-0.35,0.39,9.496,9.663,8.957,9.025,10.4,9.61,11.58,11.28,-0.002,-0.003,-0.002,0.0,0.02,-80.3064035,26.9209495,859.4
9.2,0.4,0.0,0.01,-0.06,-0.06,-0.28,0.52,-0.02,-0.34,0.39,9.496,9.663,8.937,9.006,10.4,9.61,11.58,11.38,-0.002,-0.003,-0.002,0.0,0.02,-80.3064035,26.9209495,859.45
9.2,0.4,0.0,0.01,-0.07,-0.06,-0.08,0.14,-0.31,-0.35,0.39,9.486,9.663,8.937,9.015,10.3,9.71,11.48,11.28,-0.002,-0.003,-0.002,0.0,0.02,-80.3064035,26.9209495,859.5
9.2,0.4,0.0,0.01,-0.05,-0.05,-0.19,0.15,0.06,-0.34,0.39,9.496,9.663,8.917,9.025,10.3,9.61,11.58,10.99,-0.002,-0.003,-0.002,0.0,0.02,-80.3064035,26.9209495,859.55
9.2,0.4,0.0,0.01,-0.06,-0.05,-0.18,-0.19,0.15,-0.35,0.39,9.526,9.663,8.937,9.015,10.2,9.52,11.28,11.09,-0.002,-0.003,-0.002,0.0,0.02,-80.3064035,26.9209495,859.6
9.2,0.4,0.0,0.01,-0.07,-0.07,-0.09,0.16,0.23,-0.34,0.39,9.516,9.643,8.966,9.025,10.5,9.81,11.58,10.99,-0.002,-0.003,-0.002,0.0,0.02,-80.3064035,26.9209495,859.65
9.2,0.4,0.0,0.01,-0.06,-0.07,0.19,-0.0,0.13,-0.34,0.39,9.516,9.643,8.927,9.025,10.3,9.71,11.77,11.38,-0.002,-0.003,-0.002,0.0,0.02,-80.3064035,26.9209495,859.7
9.2,0.4,0.0,0.02,-0.07,-0.06,-0.18,-0.17,-0.3,-0.35,0.39,9.486,9.663,8.947,9.035,10.3,9.71,11.28,11.28,-0.002,-0.003,-0.002,0.0,0.02,-80.3064035,26.9209495,859.75
9.2,0.4,0.0,0.02,-0.06,-0.04,0.06,-0.03,0.3,-0.34,0.39,9.535,9.682,8.947,9.035,10.4,9.42,11.58,11.28,-0.002,-0.003,-0.002,0.0,0.02,-80.3064035,26.9209495,859.8
9.2,0.3,0.0,0.02,-0.05,-0.07,-0.03,0.31,-0.07,-0.33,0.37,9.516,9.692,8.966,9.035,10.4,9.71,11.48,11.28,-0.002,-0.003,-0.002,0.0,0.02,-80.3064035,26.9209495,859.85
9.2,0.4,0.0,0.02,-0.08,-0.05,0.02,-0.07,-0.03,-0.34,0.39,9.496,9.624,8.937,8.986,10.2,9.91,11.67,10.89,-0.002,-0.003,-0.002,0.0,0.02,-80.3064035,26.9209495,859.9
9.2,0.4,0.0,0.02,-0.03,-0.07,-0.23,0.05,0.5,-0.35,0.4,9.496,9.663,8.937,9.015,10.59,9.61,11.58,11.38,-0.002,-0.003,-0.002,0.0,0.02,-80.3064035,26.9209495,859.95
9.1,0.4,0.0,0.02,-0.04,-0.1,0.03,0.24,-0.08,-0.34,0.39,9.496,9.673,8.907,9.006,10.5,9.52,11.48,11.18,-0.002,-0.003,-0.002,0.0,0.02,-80.3064035,26.9209495,860.0
9.1,0.4,0.0,0.02,-0.07,-0.05,0.04,0.3,-0.11,-0.34,0.39,9.526,9.614,8.976,8.976,10.3,9.61,11.77,11.38,-0.002,-0.003,-0.002,0.0,0.02,-80.3064035,26.9209495,860.05
9.2,0.4,0.0,0.02,-0.07,-0.05,0.08,0.07,-0.02,-0.34,0.39,9.496,9.673,8.907,9.015,10.3,9.42,11.38,11.09,-0.002,-0.003,-0.002,0.0,0.02,-80.3064035,26.9209495,860.1
9.2,0.4,0.0,0.02,-0.07,-0.07,0.06,0.12,-0.08,-0.33,0.38,9.486,9.663,8.917,9.015,10.2,9.91,11.77,11.09,-0.002,-0.003,-0.002,0.0,0.02,-80.3064035,26.9209495,860.15
9.2,0.4,0.0,0.01,-0.05,-0.05,-0.07,-0.26,-0.14,-0.34,0.39,9.535,9.633,8.986,9.055,10.5,9.61,11.77,11.48,-0.002,-0.003,-0.002,0.0,0.01,-80.3064035,26.9209495,860.2
9.2,0.4,0.0,0.01,-0.08,-0.06,0.08,0.1,-0.2,-0.35,0.4,9.486,9.682,8.907,8.976,10.3,9.61,11.58,11.18,-0.002,-0.003,-0.002,0.0,0.01,-80.3064035,26.9209495,860.25
9.2,0.4,0.0,0.01,-0.06,-0.07,0.23,0.14,0.27,-0.35,0.39,9.516,9.673,8.966,9.025,10.59,9.61,11.58,11.09,-0.002,-0.003,-0.002,0.0,0.01,-80.3064035,26.9209495,860.3
9.2,0.4,0.0,0.01,-0.06,-0.05,0.19,0.25,-0.12,-0.36,0.39,9.486,9.643,8.947,9.015,10.5,9.61,11.58,11.28,-0.002,-0.003,-0.002,0.0,0.01,-80.3064034,26.9209495,860.35
9.2,0.4,0.0,0.01,-0.05,-0.05,-0.24,-0.24,0.13,-0.34,0.39,9.506,9.643,8.947,9.015,10.5,10.01,11.38,10.89,-0.002,-0.003,-0.002,0.0,0.01,-80.3064034,26.9209495,860.4
9.2,0.4,0.0,0.01,-0.07,-0.08,0.81,-0.19,-0.16,-0.34,0.39,9.526,9.643,8.976,9.006,10.3,9.81,11.67,10.99,-0.002,-0.003,-0.002,0.0,0.02,-80.3064034,26.9209495,860.45
9.4,0.3,0.0,0.0,-0.07,-0.06,0.01,-0.06,0.12,-0.34,0.38,9.496,9.663,8.976,9.055,10.3,9.81,11.48,10.79,-0.002,-0.003,-0.002,0.0,-0.0,-80.3064034,26.9209495,860.5
9.2,0.4,0.0,0.01,-0.06,-0.03,-0.12,-0.0,-0.43,-0.34,0.38,9.535,9.653,8.976,9.045,10.2,9.61,11.48,11.28,-0.002,-0.003,-0.002,0.0,0.01,-80.3064034,26.9209495,860.55
9.2,0.4,0.0,0.0,-0.08,-0.07,0.45,0.0,0.06,-0.34,0.37,9.506,9.692,8.917,8.996,10.3,9.71,11.38,11.09,-0.002,-0.003,-0.002,0.0,0.01,-80.3064034,26.9209495,860.6
9.2,0.4,0.0,-0.0,-0.06,-0.06,0.05,0.03,-0.24,-0.35,0.4,9.506,9.633,8.917,8.996,10.3,9.61,11.87,11.48,-0.002,-0.003,-0.002,0.0,0.0,-80.3064034,26.9209495,860.65
9.2,0.4,0.0,0.0,-0.07,-0.04,-0.17,0.16,-0.21,-0.34,0.4,9.506,9.633,8.947,9.025,10.5,9.81,11.77,11.28,-0.002,-0.003,-0.002,0.0,-0.0,-80.3064034,26.9209495,860.7
9.2,0.4,0.0,-0.0,-0.07,-0.09,0.23,-0.02,0.24,-0.32,0.39,9.506,9.692,8.907,9.035,10.1,9.52,11.38,11.09,-0.002,-0.003,-0.002,0.0,0.0,-80.3064034,26.9209495,860.75
9.2,0.4,0.0,-0.0,-0.06,-0.03,0.15,0.01,-0.03,-0.35,0.4,9.516,9.624,8.976,8.986,10.4,9.61,11.38,11.09,-0.002,-0.003,-0.002,0.0,0.0,-80.3064034,26.9209495,860.8
9.2,0.4,0.0,-0.0,-0.05,-0.06,-0.02,-0.02,-0.06,-0.34,0.39,9.467,9.663,8.917,9.006,10.3,9.42,11.77,10.99,-0.002,-0.003,-0.002,0.0,-0.0,-80.3064034,26.9209495,860.85
9.2,0.4,0.0,-0.0,-0.08,-0.05,0.12,-0.15,0.1,-0.33,0.39,9.506,9.692,8.986,9.035,10.3,9.81,11.58,11.38,-0.002,-0.003,-0.002,0.0,0.0,-80.3064034,26.9209495,860.9
9.2,0.4,0.0,-0.0,-0.04,-0.05,-0.13,-0.09,0.14,-0.34,0.39,9.506,9.673,8.917,9.006,10.2,9.81,11.58,11.28,-0.002,-0.003,-0.002,0.0,-0.0,-80.3064034,26.9209495,860.95
9.2,0.4,0.0,-0.0,-0.1,-0.06,0.36,-0.5,-0.08,-0.35,0.39,9.516,9.633,8.927,8.986,10.5,9.91,11.48,11.38,-0.002,-0.003,-0.002,0.0,0.0,-80.3064034,26.9209495,861.0
9.2,0.4,0.0,-0.0,-0.05,-0.06,0.24,0.06,-0.0,-0.35,0.4,9.506,9.673,8.966,9.006,10.4,9.61,11.48,11.28,-0.002,-0.003,-0.002,0.0,0.0,-80.3064034,26.9209495,861.05
9.1,0.4,0.0,-0.0,-0.07,-0.06,0.01,-0.21,-0.13,-0.34,0.39,9.496,9.643,8.888,8.966,10.4,9.61,11.87,11.28,-0.002,-0.003,-0.002,0.0,-0.0,-80.3064034,26.9209495,861.1
9.2,0.4,0.0,-0.0,-0.06,-0.04,-0.05,-0.11,0.19,-0.34,0.39,9.496,9.624,8.947,9.035,10.2,9.52,11.38,11.09,-0.002,-0.003,-0.002,0.0,-0.0,-80.3064034,26.9209495,861.15
9.2,0.4,0.0,0.0,-0.06,-0.05,-0.29,0.11,-0.4,-0.33,0.38,9.496,9.663,8.947,9.035,10.3,9.81,11.48,11.18,-0.002,-0.003,-0.002,0.0,-0.0,-80.3064034,26.9209495,861.2
9.2,0.3,0.0,-0.0,-0.05,-0.08,0.42,0.27,0.22,-0.33,0.41,9.467,9.663,8.947,9.006,10.3,9.52,11.67,11.09,-0.002,-0.003,-0.002,0.0,0.0,-80.3064034,26.9209495,861.25
9.2,0.4,0.0,0.0,-0.06,-0.03,-0.29,-0.38,0.02,-0.35,0.39,9.506,9.614,8.976,9.035,10.4,9.52,11.28,11.09,-0.002,-0.003,-0.002,0.0,-0.0,-80.3064034,26.9209495,861.3
9.3,0.3,0.0,-0.0,-0.06,-0.06,-0.12,0.12,0.06,-0.33,0.39,9.486,9.673,8.927,9.045,10.4,9.61,11.77,11.09,-0.002,-0.003,-0.002,0.0,-0.0,-80.3064034,26.9209495,861.35
9.2,0.3,0.0,-0.0,-0.06,-0.06,0.21,0.18,-0.38,-0.33,0.38,9.526,9.643,8.966,9.025,10.59,9.91,11.28,11.28,-0.002,-0.003,-0.002,0.0,0.0,-80.3064034,26.9209495,861.4
9.2,0.4,0.0,-0.0,-0.07,-0.05,0.28,0.15,0.04,-0.32,0.4,9.476,9.663,8.927,9.015,10.3,9.42,11.28,11.28,-0.002,-0.003,-0.002,0.0,-0.0,-80.3064034,26.9209495,861.45
9.2,0.4,0.0,-0.0,-0.05,-0.07,-0.1,-0.0,0.19,-0.3,0.41,9.476,9.663,8.937,9.064,10.1,9.61,11.58,11.28,-0.002,-0.003,-0.002,0.0,-0.0,-80.3064034,26.9209495,861.5
9.2,0.4,0.0,-0.0,-0.05,-0.04,-0.09,-0.01,0.26,-0.33,0.38,9.496,9.633,8.976,8.996,10.1,9.81,11.67,11.28,-0.002,-0.003,-0.002,0.0,0.0,-80.3064034,26.9209495,861.55
9.2,0.3,0.0,-0.0,-0.04,-0.05,-0.25,-0.17,0.05,-0.33,0.39,9.516,9.673,8.927,9.025,10.4,9.61,11.58,11.38,-0.002,-0.003,-0.002,0.0,-0.0,-80.3064034,26.9209495,861.6
9.2,0.4,0.0,0.0,-0.06,-0.06,-0.11,-0.1,0.28,-0.31,0.39,9.516,9.633,8.947,9.025,10.3,9.81,11.38,10.99,-0.002,-0.003,-0.002,0.0,-0.0,-80.3064034,26.9209495,861.65
9.2,0.4,0.0,-0.0,-0.05,-0.05,-0.18,0.33,0.34,-0.3,0.39,9.476,9.673,8.937,9.015,10.3,9.81,11.48,11.18,-0.002,-0.003,-0.002,0.0,-0.0,-80.3064034,26.9209495,861.7
9.2,0.4,0.0,-0.0,-0.06,-0.06,0.01,-0.11,-0.06,-0.29,0.39,9.496,9.643,8.976,9.035,10.4,9.61,11.67,11.28,-0.002,-0.003,-0.002,0.0,-0.0,-80.3064034,26.9209495,861.75
9.2,0.4,0.0,-0.0,-0.06,-0.06,-0.33,0.04,0.01,-0.28,0.38,9.506,9.673,8.947,9.015,10.69,9.52,11.38,11.38,-0.002,-0.003,-0.002,0.0,-0.0,-80.3064034,26.9209495,861.8
9.2,0.4,0.0,-0.0,-0.07,-0.05,0.03,-0.06,-0.12,-0.26,0.38,9.496,9.663,8.937,9.015,10.3,9.52,11.38,11.18,-0.002,-0.003,-0.002,0.0,-0.0,-80.3064034,26.9209495,861.85
9.2,0.4,0.0,-0.0,-0.05,-0.06,-0.18,0.04,-0.28,-0.34,0.39,9.496,9.643,8.947,9.035,10.3,9.81,11.87,11.09,-0.002,-0.003,-0.002,0.0,-0.0,-80.3064034,26.9209495,861.9
9.2,0.4,0.0,-0.0,-0.06,-0.06,-0.02,0.0,0.12,-0.35,0.38,9.486,9.663,8.957,9.035,10.69,9.81,11.67,11.38,-0.002,-0.003,-0.002,0.0,-0.0,-80.3064034,26.9209495,861.95
9.2,0.4,0.0,-0.0,-0.08,-0.03,0.12,-0.07,0.52,-0.36,0.38,9.516,9.663,8.957,9.015,10.2,9.61,11.58,11.09,-0.002,-0.003,-0.002,0.0,-0.0,-80.3064034,26.9209496,862.0
9.2,0.4,0.0,-0.0,-0.06,-0.03,-0.06,0.04,0.53,-0.36,0.38,9.516,9.643,8.937,9.015,10.4,9.81,11.58,11.18,-0.002,-0.003,-0.002,0.0,-0.0,-80.3064034,26.9209496,862.05
9.2,0.4,0.0,-0.0,-0.06,-0.05,-0.3,0.23,-0.23,-0.32,0.39,9.496,9.633,8.947,8.976,10.3,9.71,11.67,11.18,-0.002,-0.003,-0.002,0.0,-0.0,-80.3064034,26.9209496,862.1
9.2,0.4,0.0,-0.0,-0.05,-0.07,0.1,-0.08,0.12,-0.33,0.39,9.496,9.653,8.917,8.996,10.5,9.81,11.77,11.48,-0.002,-0.003,-0.002,0.0,-0.0,-80.3064034,26.9209496,862.15
9.2,0.4,0.0,-0.0,-0.06,-0.05,-0.04,-0.08,-0.03,-0.33,0.39,9.506,9.673,8.917,8.996,10.4,9.91,11.58,11.28,-0.002,-0.003,-0.002,0.0,-0.0,-80.3064034,26.9209496,862.2
9.2,0.4,0.0,-0.0,-0.06,-0.07,0.33,-0.09,0.33,-0.33,0.39,9.506,9.682,8.927,8.976,10.5,9.91,11.67,10.99,-0.002,-0.003,-0.002,0.0,-0.0,-80.3064034,26.9209496,862.25
9.2,0.4,0.0,-0.0,-0.08,-0.04,0.12,0.04,-0.06,-0.31,0.39,9.516,9.653,8.957,9.006,10.4,9.71,11.48,11.38,-0.002,-0.003,-0.002,0.0,0.0,-80.3064034,26.9209496,862.3
9.2,0.4,0.0,-0.0,-0.05,-0.06,-0.2,0.2,0.42,-0.32,0.4,9.506,9.673,8.937,9.015,10.5,9.52,11.77,11.58,-0.002,-0.003,-0.002,0.0,-0.0,-80.3064034,26.9209496,862.35
9.3,0.4,0.0,0.0,-0.06,-0.06,-0.04,-0.02,-0.36,-0.32,0.39,9.496,9.663,8.957,9.025,10.5,9.61,11.48,11.38,-0.002,-0.003,-0.002,0.0,-0.0,-80.3064034,26.9209496,862.4
9.2,0.4,0.0,-0.0,-0.07,-0.05,-0.04,0.09,-0.31,-0.32,0.39,9.496,9.643,8.966,9.006,10.4,9.61,11.67,11.09,-0.002,-0.003,-0.002,0.0,-0.0,-80.3064034,26.9209496,862.45
9.2,0.4,0.0,-0.0,-0.05,-0.06,-0.13,0.11,0.31,-0.32,0.39,9.496,9.663,8.957,9.035,10.1,9.81,11.87,11.18,-0.002,-0.003,-0.002,0.0,-0.0,-80.3064034,26.9209496,862.5
9.3,0.4,0.0,-0.0,-0.07,-0.05,-0.04,0.01,-0.1,-0.31,0.39,9.476,9.653,8.966,9.015,10.4,9.71,11.67,11.28,-0.002,-0.003,-0.002,0.0,-0.0,-80.3064034,26.9209496,862.55
9.2,0.4,0.0,-0.0,-0.07,-0.05,0.26,-0.01,-0.26,-0.32,0.39,9.476,9.663,8.957,8.976,10.5,9.91,11.87,10.99,-0.002,-0.003,-0.002,0.0,-0.0,-80.3064034,26.9209496,862.6
9.2,0.4,0.0,-0.0,-0.06,-0.07,0.13,0.16,-0.13,-0.32,0.38,9.506,9.663,8.937,9.015,10.3,9.52,11.77,11.28,-0.002,-0.003,-0.002,0.0,-0.0,-80.3064034,26.9209496,862.65
9.2,0.4,0.0,-0.0,-0.06,-0.06,0.32,0.19,0.12,-0.32,0.36,9.486,9.653,8.937,9.006,10.3,9.81,11.58,11.18,-0.002,-0.003,-0.002,0.0,-0.0,-80.3064034,26.9209496,862.7
9.2,0.4,0.0,-0.0,-0.06,-0.06,0.31,-0.22,-0.05,-0.33,0.35,9.486,9.663,8.937,9.006,10.2,9.71,11.58,11.38,-0.002,-0.003,-0.002,0.0,-0.0,-80.3064034,26.9209496,862.75
9.2,0.4,0.0,-0.0,-0.06,-0.04,0.19,-0.02,0.18,-0.33,0.34,9.496,9.663,8.957,9.015,10.4,9.81,11.77,11.58,-0.002,-0.003,-0.002,0.0,-0.0,-80.3064034,26.9209496,862.8
9.2,0.4,0.0,-0.0,-0.06,-0.06,-0.03,-0.22,0.24,-0.32,0.4,9.506,9.643,8.907,9.015,10.4,9.91,11.58,11.38,-0.002,-0.003,-0.002,0.0,-0.0,-80.3064035,26.9209496,862.85
9.2,0.4,0.0,-0.0,-0.06,-0.05,-0.39,-0.23,-0.06,-0.3,0.41,9.506,9.653,8.937,9.006,10.3,9.61,11.58,11.28,-0.002,-0.003,-0.002,0.0,-0.0,-80.3064035,26.9209496,862.9
9.2,0.4,0.0,-0.0,-0.07,-0.06,-0.12,-0.12,0.21,-0.28,0.41,9.516,9.643,8.917,9.084,10.5,9.61,11.58,11.38,-0.002,-0.003,-0.002,0.0,-0.0,-80.3064035,26.9209496,862.95
9.3,0.4,0.0,-0.0,-0.07,-0.06,0.32,0.05,0.03,-0.32,0.39,9.535,9.682,8.957,9.045,10.5,9.81,11.77,11.48,-0.002,-0.003,-0.002,0.0,-0.0,-80.3064035,26.9209496,863.0
9.2,0.4,0.0,-0.0,-0.05,-0.07,0.01,0.38,0.03,-0.31,0.39,9.516,9.663,8.917,8.996,10.01,9.71,11.77,11.18,-0.002,-0.003,-0.002,0.0,-0.0,-80.3064035,26.9209496,863.05
9.3,0.3,0.0,-0.0,-0.07,-0.03,-0.08,-0.15,-0.01,-0.3,0.38,9.496,9.653,8.957,9.006,10.4,9.61,11.77,11.58,-0.002,-0.003,-0.002,0.0,-0.0,-80.3064035,26.9209496,863.1
9.3,0.3,0.0,-0.0,-0.04,-0.05,-0.16,-0.16,0.14,-0.29,0.39,9.476,9.663,8.927,9.006,10.4,9.81,11.87,11.09,-0.002,-0.003,-0.002,0.0,-0.0,-80.3064035,26.9209496,863.15
9.2,0.4,0.0,-0.0,-0.06,-0.07,0.25,0.24,0.63,-0.3,0.41,9.506,9.732,8.927,8.976,10.2,9.91,11.48,11.09,-0.002,-0.003,-0.002,0.0,-0.0,-80.3064035,26.9209496,863.2
9.2,0.4,0.0,-0.0,-0.08,-0.04,0.2,0.14,-0.17,-0.29,0.44,9.516,9.692,8.947,8.996,10.3,9.81,11.58,11.58,-0.002,-0.003,-0.002,0.0,-0.0,-80.3064035,26.9209496,863.25
9.2,0.4,0.0,-0.0,-0.06,-0.08,-0.01,0.49,-0.03,-0.29,0.4,9.496,9.712,8.947,9.025,10.4,9.81,11.97,10.89,-0.002,-0.003,-0.002,0.0,-0.0,-80.3064035,26.9209496,863.3
9.2,0.4,0.0,-0.0,-0.06,-0.05,0.07,0.16,0.25,-0.32,0.4,9.526,9.624,8.927,8.986,10.3,9.71,11.58,11.48,-0.002,-0.003,-0.002,0.0,-0.0,-80.3064035,26.9209496,863.35
9.2,0.4,0.0,-0.0,-0.07,-0.05,0.02,-0.05,-0.08,-0.3,0.4,9.496,9.653,8.907,8.996,10.4,9.42,11.58,11.09,-0.002,-0.003,-0.002,0.0,-0.0,-80.3064035,26.9209496,863.4
9.3,0.4,0.0,-0.0,-0.07,-0.07,0.13,-0.07,0.01,-0.29,0.4,9.486,9.673,8.947,9.035,10.4,9.71,11.48,11.38,-0.002,-0.003,-0.002,0.0,-0.0,-80.3064035,26.9209496,863.45
9.3,0.4,0.0,-0.0,-0.07,-0.04,0.24,0.11,0.09,-0.28,0.4,9.486,9.643,8.937,9.006,10.2,9.81,11.77,11.09,-0.002,-0.003,-0.002,0.0,-0.0,-80.3064036,26.9209496,863.5
9.2,0.4,0.0,-0.0,-0.06,-0.06,0.19,-0.24,-0.16,-0.29,0.41,9.486,9.673,8.947,9.035,10.2,9.71,11.77,11.38,-0.002,-0.003,-0.002,0.0,-0.0,-80.3064036,26.9209496,863.55
9.2,0.4,0.0,-0.0,-0.06,-0.05,-0.17,-0.06,0.03,-0.29,0.4,9.486,9.673,8.947,9.035,10.2,9.91,11.77,11.28,-0.002,-0.003,-0.002,0.0,-0.0,-80.3064036,26.9209496,863.6
9.2,0.4,0.0,-0.0,-0.06,-0.04,0.24,-0.05,0.35,-0.3,0.4,9.496,9.633,8.966,9.006,10.3,9.71,11.87,11.38,-0.002,-0.003,-0.002,0.0,-0.0,-80.3064036,26.9209496,863.65
9.3,0.4,0.0,-0.0,-0.05,-0.06,0.4,0.11,0.47,-0.29,0.38,9.486,9.653,8.947,9.025,10.3,9.61,11.87,11.09,-0.002,-0.003,-0.002,0.0,-0.0,-80.3064036,26.9209496,863.7
9.2,0.4,0.0,-0.0,-0.05,-0.06,0.01,0.05,0.24,-0.27,0.34,9.496,9.624,8.947,9.006,10.3,9.91,11.77,11.18,-0.002,-0.003,-0.002,0.0,-0.0,-80.3064036,26.9209496,863.75
9.2,0.4,0.0,-0.0,-0.08,-0.04,0.37,0.1,0.37,-0.26,0.29,9.486,9.673,8.966,9.015,10.4,9.71,11.87,11.28,-0.002,-0.003,-0.002,0.0,-0.0,-80.3064036,26.9209496,863.8
9.3,0.4,0.0,-0.0,-0.05,-0.07,-0.06,0.2,-0.17,-0.25,0.25,9.516,9.663,8.927,9.025,10.5,9.71,11.58,11.38,-0.002,-0.003,-0.002,0.0,-0.0,-80.3064036,26.9209496,863.85
9.2,0.4,0.0,-0.0,-0.08,-0.05,0.19,0.0,-0.13,-0.27,0.4,9.496,9.633,8.947,9.025,10.2,9.61,11.87,11.67,-0.002,-0.003,-0.002,0.0,-0.0,-80.3064036,26.9209496,863.9
9.3,0.4,0.0,-0.0,-0.05,-0.06,0.15,0.22,0.14,-0.28,0.4,9.526,9.673,8.947,9.015,10.2,9.81,11.38,11.28,-0.002,-0.003,-0.002,0.0,-0.0,-80.3064036,26.9209496,863.95
9.3,0.4,0.0,-0.0,-0.08,-0.06,0.19,-0.05,0.01,-0.28,0.4,9.476,9.663,8.917,9.035,10.59,9.71,11.77,11.58,-0.002,-0.003,-0.002,0.0,-0.0,-80.3064036,26.9209496,864.0
9.2,0.4,0.0,-0.0,-0.08,-0.02,-0.26,0.04,-0.51,-0.3,0.41,9.506,9.663,8.966,9.015,10.3,9.71,11.67,11.28,-0.002,-0.003,-0.002,0.0,-0.0,-80.3064036,26.9209496,864.05
9.3,0.4,0.0,-0.0,-0.08,-0.04,0.11,0.19,-0.08,-0.28,0.42,9.467,9.682,8.937,9.025,10.3,9.81,11.77,11.28,-0.002,-0.003,-0.002,0.0,-0.0,-80.3064036,26.9209496,864.1
9.3,0.4,0.0,-0.0,-0.07,-0.06,0.24,-0.02,-0.01,-0.29,0.39,9.516,9.663,8.966,9.035,10.3,9.81,11.48,11.38,-0.002,-0.003,-0.002,0.0,0.0,-80.3064036,26.9209496,864.15
9.2,0.4,0.0,0.01,-0.06,-0.06,-0.05,0.02,0.38,-0.3,0.4,9.506,9.653,8.957,9.025,10.3,9.32,11.77,11.58,-0.002,-0.003,-0.002,0.0,-0.0,-80.3064036,26.9209496,864.2
9.2,0.4,0.0,0.01,-0.04,-0.07,-0.32,0.12,0.19,-0.27,0.4,9.486,9.673,8.927,9.015,10.4,9.91,11.48,11.38,-0.002,-0.003,-0.002,0.0,-0.01,-80.3064036,26.9209496,864.25
9.2,0.4,0.0,0.01,-0.08,-0.03,0.14,0.31,-0.31,-0.28,0.4,9.506,9.614,8.957,8.986,10.4,9.71,11.77,11.28,-0.002,-0.003,-0.002,0.0,-0.0,-80.3064036,26.9209496,864.3
9.3,0.4,0.0,0.01,-0.06,-0.03,0.18,0.02,0.2,-0.28,0.39,9.516,9.702,8.996,9.084,10.2,9.81,11.58,11.38,-0.002,-0.003,-0.002,0.0,-0.0,-80.3064036,26.9209496,864.35
9.3,0.4,0.0,0.01,-0.06,-0.07,0.04,0.04,-0.05,-0.27,0.4,9.476,9.663,8.888,8.976,10.5,9.71,11.67,10.99,-0.002,-0.003,-0.002,0.0,-0.0,-80.3064037,26.9209496,864.4
9.2,0.4,0.0,0.01,-0.09,-0.03,-0.04,-0.01,-0.33,-0.28,0.4,9.516,9.643,8.976,9.025,10.4,9.52,11.67,11.38,-0.002,-0.003,-0.002,0.0,-0.0,-80.3064037,26.9209496,864.45
9.2,0.4,0.0,0.0,0.26,0.04,0.4,1.94,-0.48,-0.24,0.4,9.535,10.202,9.398,10.153,9.71,9.91,12.75,12.46,-0.002,-0.003,-0.002,0.0,-0.01,-80.3064037,26.9209496,864.5
9.3,0.4,0.0,0.0,-0.0,0.35,-0.01,-0.16,0.32,-0.2,0.41,9.378,9.712,8.966,9.486,10.5,9.61,11.87,12.16,-0.002,-0.003,-0.002,0.0,-0.01,-80.3064037,26.9209496,864.55
9.2,0.4,0.0,0.01,0.07,0.26,-0.78,0.5,-0.21,-0.24,0.4,9.526,9.398,8.594,9.045,10.5,9.32,10.01,11.48,-0.002,-0.003,-0.002,0.0,0.01,-80.3064037,26.9209496,864.6
9.3,0.4,0.0,0.01,-0.11,-0.0,0.1,-0.22,0.06,-0.26,0.41,9.369,9.447,8.672,8.741,10.5,9.32,12.16,10.99,-0.002,-0.003,-0.002,0.0,0.01,-80.3064037,26.9209496,864.65
9.3,0.4,0.0,0.0,-0.04,-0.4,0.52,-0.57,0.16,-0.27,0.39,9.673,9.8,8.927,9.172,10.69,9.71,11.18,11.09,-0.002,-0.003,-0.002,0.0,-0.01,-80.3064037,26.9209496,864.7
9.3,0.4,0.0,0.0,-0.06,-0.09,0.34,-0.33,0.04,-0.28,0.4,9.741,9.663,8.966,8.917,11.18,9.71,11.67,11.09,-0.002,-0.003,-0.002,0.0,-0.02,-80.3064037,26.9209496,864.75
9.3,0.4,0.0,0.0,-0.11,-0.03,-0.27,0.6,0.08,-0.27,0.42,9.476,9.83,9.035,9.113,10.4,9.81,11.87,11.18,-0.002,-0.003,-0.002,0.0,-0.02,-80.3064037,26.9209497,864.8
9.3,0.3,0.0,0.01,-0.11,0.16,-0.05,0.55,0.04,-0.26,0.4,9.339,9.682,9.025,9.015,10.01,9.81,11.67,11.28,-0.002,-0.003,-0.002,0.0,-0.0,-80.3064037,26.9209497,864.85
9.3,0.4,0.0,0.01,-0.06,0.05,0.15,0.19,-0.29,-0.25,0.4,9.369,9.663,8.898,9.035,10.2,9.71,11.77,11.58,-0.002,-0.003,-0.002,0.0,0.0,-80.3064037,26.9209497,864.9
9.3,0.4,0.0,0.0,-0.06,-0.08,0.52,-0.56,-0.06,-0.28,0.4,9.575,9.584,8.917,8.927,10.4,9.61,11.77,11.18,-0.002,-0.003,-0.002,0.0,0.01,-80.3064037,26.9209497,864.95
9.3,0.4,0.0,0.01,-0.04,-0.18,0.02,-0.29,0.43,-0.28,0.39,9.594,9.614,9.015,9.006,10.4,9.71,11.67,11.09,-0.002,-0.003,-0.002,0.0,0.02,-80.3064037,26.9209497,865.0
9.3,0.4,0.0,0.0,-0.07,-0.13,-0.17,0.24,0.08,-0.3,0.38,9.594,9.673,8.976,9.025,10.59,9.91,11.58,11.38,-0.002,-0.003,-0.002,0.0,-0.02,-80.3064037,26.9209497,865.05
9.3,0.4,0.0,0.0,-0.08,0.02,-0.11,0.17,-0.15,-0.26,0.4,9.486,9.663,8.957,9.084,10.4,9.52,11.87,11.28,-0.002,-0.003,-0.002,0.0,-0.01,-80.3064037,26.9209497,865.1
9.3,0.3,0.0,0.01,-0.07,0.13,0.07,0.19,0.23,-0.26,0.4,9.476,9.653,8.917,9.074,10.5,9.52,11.58,11.28,-0.002,-0.003,-0.002,0.0,-0.0,-80.3064037,26.9209497,865.15
9.3,0.4,0.0,0.01,-0.04,-0.05,0.03,-0.3,-0.13,-0.27,0.4,9.437,9.663,8.878,9.006,10.3,9.52,11.77,11.48,-0.002,-0.003,-0.002,0.0,0.01,-80.3064037,26.9209497,865.2
9.2,0.4,0.0,0.01,-0.06,-0.15,-0.12,-0.31,0.04,-0.28,0.4,9.535,9.604,8.947,8.947,10.3,9.61,11.58,11.28,-0.002,-0.003,-0.002,0.0,0.01,-80.3064037,26.9209497,865.25
9.2,0.4,0.0,0.0,-0.07,-0.16,0.24,0.07,-0.12,-0.27,0.4,9.526,9.653,8.937,8.957,10.4,9.61,11.38,11.38,-0.002,-0.003,-0.002,0.0,-0.01,-80.3064037,26.9209497,865.3
9.2,0.4,0.0,0.0,-0.07,-0.05,-0.04,0.29,-0.2,-0.26,0.4,9.506,9.682,8.917,9.035,10.5,9.52,11.67,11.09,-0.002,-0.003,-0.002,0.0,-0.02,-80.3064037,26.9209497,865.35
9.3,0.3,0.0,0.0,-0.07,0.06,-0.33,0.2,0.07,-0.26,0.4,9.486,9.653,8.937,9.055,10.4,9.61,11.67,11.09,-0.002,-0.003,-0.002,0.0,-0.01,-80.3064037,26.9209497,865.4
9.3,0.4,0.0,0.01,-0.05,0.02,-0.09,0.22,-0.22,-0.26,0.4,9.486,9.692,8.917,8.986,10.3,9.61,11.77,11.18,-0.002,-0.003,-0.002,0.0,-0.0,-80.3064037,26.9209497,865.45
9.3,0.4,0.0,0.01,-0.05,-0.09,0.12,-0.06,0.2,-0.27,0.4,9.545,9.653,8.947,8.996,10.5,10.01,11.77,11.28,-0.002,-0.003,-0.002,0.0,0.0,-80.3064037,26.9209497,865.5
9.3,0.4,0.0,0.0,-0.05,-0.13,-0.04,-0.04,0.19,-0.27,0.4,9.535,9.633,8.986,9.006,10.4,9.61,11.58,11.48,-0.002,-0.003,-0.002,0.0,-0.01,-80.3064037,26.9209497,865.55
9.2,0.4,0.0,0.0,-0.07,-0.1,0.03,-0.24,-0.09,-0.27,0.4,9.516,9.663,8.907,8.976,10.3,9.32,11.38,10.99,-0.002,-0.003,-0.002,0.0,-0.02,-80.3064037,26.9209497,865.6
9.3,0.4,0.0,0.0,-0.08,0.0,-0.03,0.22,0.02,-0.25,0.39,9.496,9.682,8.937,9.006,10.1,9.81,11.58,11.28,-0.002,-0.003,-0.002,0.0,-0.02,-80.3064037,26.9209497,865.65
9.3,0.4,0.0,0.0,-0.07,0.05,-0.04,0.12,-0.1,-0.24,0.37,9.447,9.682,8.966,9.074,10.4,9.81,11.38,11.38,-0.002,-0.003,-0.002,0.0,-0.03,-80.3064037,26.9209497,865.7
9.3,0.4,0.0,0.01,-0.03,-0.04,0.0,-0.08,0.55,-0.26,0.41,9.496,9.643,8.966,9.055,10.5,9.81,11.67,11.28,-0.002,-0.003,-0.002,0.0,-0.0,-80.3064037,26.9209497,865.75
9.3,0.4,0.0,0.0,-0.06,-0.12,0.03,0.18,0.08,-0.29,0.4,9.516,9.633,8.947,8.966,10.3,9.52,11.67,11.09,-0.002,-0.003,-0.002,0.0,-0.01,-80.3064037,26.9209497,865.8
9.3,0.4,0.0,0.0,-0.09,-0.12,0.14,-0.33,0.0,-0.27,0.4,9.526,9.653,8.937,8.976,10.5,9.71,11.48,11.09,-0.002,-0.003,-0.002,0.0,-0.02,-80.3064037,26.9209497,865.85
9.3,0.4,0.0,0.0,-0.08,-0.03,-0.21,-0.19,-0.08,-0.26,0.39,9.486,9.663,8.976,9.025,10.5,9.71,11.48,11.28,-0.002,-0.003,-0.002,0.0,-0.02,-80.3064037,26.9209497,865.9
9.3,0.4,0.0,0.0,-0.06,0.02,0.17,0.06,-0.38,-0.24,0.4,9.476,9.673,8.907,9.006,10.2,9.61,11.87,11.48,-0.002,-0.003,-0.002,0.0,-0.02,-80.3064037,26.9209497,865.95
9.3,0.4,0.0,0.0,-0.05,-0.01,-0.2,-0.26,0.04,-0.21,0.4,9.486,9.663,8.927,9.035,10.3,9.71,11.38,11.18,-0.002,-0.003,-0.002,0.0,-0.03,-80.3064037,26.9209497,866.0
9.3,0.4,0.0,0.0,-0.05,-0.08,0.24,-0.22,0.15,-0.27,0.4,9.506,9.663,8.966,9.006,10.5,9.71,11.58,10.89,-0.002,-0.003,-0.002,0.0,-0.03,-80.3064037,26.9209497,866.05
9.3,0.4,0.0,0.0,-0.09,-0.08,-0.05,-0.25,-0.1,-0.28,0.4,9.545,9.673,8.917,8.996,10.4,9.91,11.77,11.48,-0.002,-0.003,-0.002,0.0,-0.03,-80.3064037,26.9209497,866.1
9.3,0.4,0.0,0.0,-0.06,-0.09,0.12,0.08,0.16,-0.27,0.4,9.486,9.653,8.957,9.045,10.5,9.52,11.58,10.99,-0.002,-0.003,-0.002,0.0,-0.04,-80.3064038,26.9209498,866.15
9.3,0.4,0.0,0.0,-0.08,-0.01,0.3,0.01,0.12,-0.26,0.4,9.467,9.653,8.927,9.035,10.3,9.71,11.58,11.09,-0.002,-0.003,-0.002,0.0,-0.01,-80.3064038,26.9209498,866.2
9.3,0.4,0.0,0.0,-0.03,-0.02,0.11,0.49,0.15,-0.25,0.37,9.486,9.673,8.927,9.035,10.3,9.81,11.58,11.09,-0.002,-0.003,-0.002,0.0,-0.01,-80.3064038,26.9209498,866.25
9.2,0.4,0.0,0.0,-0.05,-0.02,-0.14,-0.3,-0.22,-0.26,0.4,9.506,9.643,8.947,8.996,10.2,9.71,11.67,11.18,-0.002,-0.003,-0.002,0.0,-0.01,-80.3064038,26.9209498,866.3
9.3,0.4,0.0,0.0,-0.07,-0.09,-0.1,-0.1,0.12,-0.27,0.41,9.516,9.663,8.947,9.015,10.4,9.81,11.48,11.38,-0.002,-0.003,-0.002,0.0,-0.01,-80.3064038,26.9209498,866.35
9.3,0.4,0.0,0.0,-0.07,-0.09,0.16,0.14,0.26,-0.25,0.41,9.506,9.653,8.927,8.976,10.3,9.71,11.58,11.58,-0.002,-0.003,-0.002,0.0,-0.01,-80.3064038,26.9209498,866.4
9.2,0.4,0.0,0.0,-0.08,-0.04,-0.01,0.22,-0.46,-0.26,0.4,9.496,9.663,8.947,9.035,10.3,9.71,11.87,11.38,-0.002,-0.003,-0.002,0.0,-0.02,-80.3064038,26.9209498,866.45
9.3,0.4,0.0,0.0,-0.06,-0.01,0.15,0.07,0.19,-0.27,0.41,9.496,9.673,8.917,9.025,10.5,9.81,11.58,11.28,-0.002,-0.003,-0.002,0.0,-0.02,-80.3064038,26.9209498,866.5
9.3,0.4,0.0,0.0,-0.07,-0.03,0.08,0.07,-0.24,-0.26,0.4,9.496,9.643,8.927,9.025,10.3,9.91,11.58,11.28,-0.002,-0.003,-0.002,0.0,-0.02,-80.3064038,26.9209498,866.55
9.3,0.4,0.0,0.0,-0.07,-0.06,0.3,-0.07,-0.11,-0.26,0.4,9.526,9.653,8.966,9.045,10.3,9.71,11.87,11.38,-0.002,-0.003,-0.002,0.0,-0.02,-80.3064038,26.9209498,866.6
9.2,0.4,0.0,0.0,-0.07,-0.09,0.21,0.0,0.13,-0.26,0.41,9.496,9.663,8.927,8.966,10.69,9.42,11.77,11.38,-0.002,-0.003,-0.002,0.0,-0.03,-80.3064038,26.9209498,866.65
9.2,0.4,0.0,0.0,-0.05,-0.04,-0.29,0.13,0.24,-0.26,0.42,9.506,9.653,8.898,8.986,10.5,9.81,11.77,11.77,-0.002,-0.003,-0.002,0.0,-0.03,-80.3064038,26.9209498,866.7
9.3,0.4,0.0,0.0,-0.06,-0.04,0.19,0.18,-0.0,-0.25,0.42,9.496,9.653,8.937,9.015,10.5,9.71,11.67,11.28,-0.002,-0.003,-0.002,0.0,-0.03,-80.3064039,26.9209498,866.75
9.2,0.4,0.0,0.0,-0.06,-0.01,-0.09,-0.13,-0.26,-0.26,0.42,9.516,9.673,8.898,9.006,10.5,9.91,11.58,11.38,-0.002,-0.003,-0.002,0.0,-0.03,-80.3064039,26.9209498,866.8
9.2,0.4,0.0,0.0,-0.06,-0.05,0.11,0.08,0.25,-0.26,0.41,9.516,9.663,8.927,8.986,10.4,9.81,11.18,11.58,-0.002,-0.003,-0.002,0.0,-0.04,-80.3064039,26.9209498,866.85
9.3,0.4,0.0,0.0,-0.06,-0.08,-0.04,0.15,0.01,-0.26,0.41,9.496,9.653,8.937,9.006,10.5,9.71,11.48,11.09,-0.002,-0.003,-0.002,0.0,-0.04,-80.3064039,26.9209498,866.9
9.3,0.4,0.0,0.0,-0.06,-0.06,0.31,-0.02,0.08,-0.26,0.4,9.496,9.663,8.947,9.025,10.5,9.81,11.48,11.28,-0.002,-0.003,-0.002,0.0,-0.04,-80.3064039,26.9209498,866.95
9.3,0.4,0.0,0.0,-0.06,-0.04,0.23,-0.05,0.11,-0.26,0.41,9.506,9.653,8.937,9.025,10.59,9.71,11.77,11.38,-0.002,-0.003,-0.002,0.0,-0.05,-80.3064039,26.9209498,867.0
9.3,0.4,0.0,0.0,-0.06,-0.02,0.19,-0.09,-0.01,-0.27,0.42,9.476,9.673,8.937,8.996,10.59,9.61,11.58,11.28,-0.002,-0.003,-0.002,0.0,-0.05,-80.3064039,26.9209498,867.05
9.3,0.4,0.0,0.0,-0.06,-0.03,-0.14,-0.04,0.13,-0.27,0.42,9.496,9.682,8.937,9.035,10.3,9.61,11.38,11.28,-0.002,-0.003,-0.002,0.0,-0.05,-80.3064039,26.9209498,867.1
9.3,0.4,0.0,0.0,-0.06,-0.07,0.06,0.09,-0.48,-0.26,0.4,9.516,9.673,8.966,9.025,10.3,9.71,11.67,11.48,-0.002,-0.003,-0.002,0.0,-0.05,-80.3064039,26.9209498,867.15
9.3,0.4,0.0,0.0,-0.06,-0.07,0.09,0.18,0.36,-0.26,0.41,9.516,9.663,8.957,9.015,10.2,9.81,11.67,11.38,-0.002,-0.003,-0.002,0.0,-0.06,-80.3064039,26.9209498,867.2
9.3,0.4,0.0,0.0,-0.07,-0.06,0.23,0.16,0.07,-0.26,0.41,9.476,9.643,8.957,9.006,10.4,9.52,11.58,11.48,-0.002,-0.003,-0.002,0.0,-0.06,-80.3064039,26.9209498,867.25
9.3,0.4,0.0,0.0,-0.06,-0.03,-0.01,0.47,-0.0,-0.27,0.41,9.476,9.673,8.947,9.006,10.5,9.61,11.48,11.38,-0.002,-0.003,-0.002,0.0,-0.06,-80.3064039,26.9209498,867.3
9.3,0.4,0.0,0.0,-0.07,-0.02,-0.1,-0.37,-0.3,-0.27,0.4,9.506,9.663,8.966,9.006,10.69,9.42,11.87,11.28,-0.002,-0.003,-0.002,0.0,-0.06,-80.3064039,26.9209498,867.35
9.3,0.4,0.0,0.0,-0.06,-0.03,-0.32,-0.2,0.01,-0.27,0.43,9.516,9.643,8.947,9.015,10.3,9.81,11.58,11.28,-0.002,-0.003,-0.002,0.0,-0.07,-80.3064039,26.9209498,867.4
9.3,0.4,0.0,0.0,-0.06,-0.07,-0.21,0.01,-0.33,-0.28,0.46,9.496,9.673,8.966,9.015,10.3,9.61,11.77,11.58,-0.002,-0.003,-0.002,0.0,-0.07,-80.3064039,26.9209498,867.45
9.2,0.4,0.0,0.0,-0.06,-0.07,-0.14,0.03,0.39,-0.25,0.41,9.467,9.673,8.947,9.006,10.1,9.91,11.67,11.28,-0.002,-0.003,-0.002,0.0,-0.07,-80.306404,26.9209498,867.5
9.3,0.4,0.0,0.0,-0.07,-0.04,0.11,-0.07,-0.11,-0.23,0.4,9.486,9.673,8.937,9.035,10.1,9.71,11.58,11.38,-0.002,-0.003,-0.002,0.0,-0.07,-80.306404,26.9209498,867.55
9.3,0.4,0.0,0.0,-0.07,-0.02,0.13,0.09,-0.26,-0.2,0.39,9.486,9.673,8.937,9.035,10.4,9.81,11.38,11.38,-0.002,-0.003,-0.002,0.0,-0.08,-80.306404,26.9209498,867.6
9.3,0.4,0.0,0.0,-0.05,-0.04,-0.24,-0.11,0.18,-0.18,0.38,9.496,9.653,8.966,9.006,10.2,9.71,11.77,11.48,-0.002,-0.003,-0.002,0.0,-0.08,-80.306404,26.9209498,867.65
9.3,0.4,0.0,0.0,-0.07,-0.06,-0.02,-0.39,0.24,-0.28,0.41,9.526,9.663,8.937,9.015,10.5,9.61,11.58,11.28,-0.002,-0.003,-0.002,0.0,-0.08,-80.306404,26.9209498,867.7
9.3,0.4,0.0,0.0,-0.07,-0.05,0.06,-0.11,0.02,-0.28,0.42,9.506,9.653,8.937,8.996,10.4,9.71,11.77,10.99,-0.002,-0.003,-0.002,0.0,-0.08,-80.306404,26.9209498,867.75
9.3,0.4,0.0,0.0,-0.06,-0.06,0.15,0.18,0.13,-0.28,0.41,9.486,9.663,8.937,8.996,10.4,9.42,11.77,10.99,-0.002,-0.003,-0.002,0.0,-0.09,-80.306404,26.9209498,867.8
9.2,0.4,0.0,0.0,-0.06,-0.04,0.13,0.05,-0.15,-0.27,0.42,9.486,9.663,8.937,8.996,10.3,9.91,11.58,11.38,-0.002,-0.003,-0.002,0.0,-0.01,-80.306404,26.9209498,867.85
9.2,0.4,0.0,0.0,-0.05,-0.03,-0.36,0.08,0.03,-0.28,0.43,9.506,9.663,8.898,8.996,10.3,9.52,11.38,11.28,-0.002,-0.003,-0.002,0.0,-0.01,-80.306404,26.9209498,867.9
9.2,0.4,0.0,0.0,-0.07,-0.05,0.23,0.27,-0.02,-0.29,0.44,9.496,9.663,8.937,9.006,10.2,9.61,11.77,11.18,-0.002,-0.003,-0.002,0.0,-0.01,-80.306404,26.9209498,867.95
9.3,0.4,0.0,0.0,-0.06,-0.06,-0.29,-0.16,-0.12,-0.29,0.45,9.506,9.653,8.966,9.035,10.5,9.71,11.58,11.38,-0.002,-0.003,-0.002,0.0,-0.01,-80.306404,26.9209498,868.0
9.3,0.4,0.0,0.0,-0.05,-0.06,-0.13,0.22,0.26,-0.3,0.46,9.496,9.663,8.966,9.015,10.3,9.61,11.48,11.28,-0.002,-0.003,-0.002,0.0,-0.01,-80.306404,26.9209498,868.05
9.3,0.4,0.0,0.0,-0.07,-0.03,-0.13,-0.18,0.01,-0.27,0.41,9.496,9.633,8.966,9.006,10.4,9.61,11.77,11.28,-0.002,-0.003,-0.002,0.0,-0.01,-80.306404,26.9209498,868.1
9.3,0.4,0.0,0.01,-0.05,-0.04,-0.05,-0.34,-0.11,-0.27,0.4,9.496,9.663,8.947,9.025,10.4,9.81,11.48,11.28,-0.002,-0.003,-0.002,0.0,-0.01,-80.306404,26.9209498,868.15
9.3,0.4,0.0,0.01,-0.04,-0.06,0.02,0.17,0.26,-0.27,0.41,9.526,9.673,8.947,9.006,10.4,9.71,11.87,11.09,-0.002,-0.003,-0.002,0.0,-0.01,-80.306404,26.9209498,868.2
9.3,0.4,0.0,0.01,-0.06,-0.05,-0.17,-0.23,0.23,-0.27,0.41,9.506,9.663,8.927,9.025,10.4,9.52,11.77,11.38,-0.002,-0.003,-0.002,0.0,-0.01,-80.306404,26.9209498,868.25
9.3,0.4,0.0,0.01,-0.06,-0.05,-0.13,0.07,0.15,-0.28,0.41,9.516,9.663,8.927,8.996,10.3,9.71,11.38,11.09,-0.002,-0.003,-0.002,0.0,-0.01,-80.306404,26.9209498,868.3
9.3,0.4,0.0,0.01,-0.05,-0.05,-0.18,-0.13,-0.19,-0.27,0.4,9.516,9.663,8.957,9.006,10.59,9.61,11.77,11.28,-0.002,-0.003,-0.002,0.0,-0.01,-80.306404,26.9209498,868.35
9.3,0.4,0.0,0.01,-0.06,-0.03,-0.01,-0.0,-0.18,-0.28,0.4,9.467,9.663,8.937,9.006,10.3,9.52,11.48,11.48,-0.002,-0.003,-0.002,0.0,-0.01,-80.306404,26.9209498,868.4
9.3,0.4,0.0,0.01,-0.07,-0.04,-0.09,0.06,-0.23,-0.27,0.4,9.506,9.663,8.966,9.025,10.2,9.81,11.67,11.38,-0.002,-0.003,-0.002,0.0,-0.0,-80.306404,26.9209498,868.45
9.3,0.4,0.0,0.01,-0.07,-0.05,0.12,-0.29,0.08,-0.28,0.41,9.496,9.663,8.966,9.035,10.5,9.71,11.77,11.38,-0.002,-0.003,-0.002,0.0,-0.0,-80.306404,26.9209498,868.5
9.3,0.4,0.0,0.01,-0.05,-0.06,-0.37,-0.18,0.11,-0.27,0.41,9.496,9.643,8.947,9.006,10.01,9.71,11.58,11.09,-0.002,-0.003,-0.002,0.0,-0.0,-80.306404,26.9209498,868.55
9.3,0.4,0.0,0.01,-0.06,-0.05,0.18,-0.04,0.21,-0.27,0.39,9.506,9.643,8.947,9.006,10.3,9.71,11.77,11.48,-0.002,-0.003,-0.002,0.0,-0.0,-80.306404,26.9209498,868.6
9.3,0.4,0.0,0.01,-0.06,-0.03,-0.06,0.08,-0.1,-0.27,0.4,9.496,9.663,8.937,9.025,10.4,9.61,11.38,11.58,-0.002,-0.003,-0.002,0.0,-0.0,-80.306404,26.9209498,868.65
9.3,0.4,0.0,0.01,-0.05,-0.04,-0.03,-0.08,-0.02,-0.27,0.4,9.496,9.682,8.966,9.035,10.3,9.52,11.77,11.28,-0.002,-0.003,-0.002,0.0,-0.0,-80.306404,26.9209498,868.7
9.3,0.4,0.0,0.01,-0.08,-0.05,-0.13,0.32,-0.29,-0.27,0.4,9.506,9.673,8.927,9.025,10.5,9.81,11.97,11.38,-0.002,-0.003,-0.002,0.0,-0.0,-80.306404,26.9209498,868.75
9.3,0.4,0.0,0.01,-0.06,-0.07,-0.03,-0.07,-0.1,-0.29,0.39,9.526,9.663,8.917,9.006,10.3,9.71,11.58,11.28,-0.002,-0.003,-0.002,0.0,-0.0,-80.306404,26.9209498,868.8
9.3,0.4,0.0,0.01,-0.07,-0.05,-0.08,-0.06,0.1,-0.28,0.4,9.506,9.653,8.927,8.986,10.4,9.91,11.77,11.28,-0.002,-0.003,-0.002,0.0,-0.0,-80.306404,26.9209498,868.85
9.2,0.4,0.0,0.01,-0.06,-0.03,-0.09,0.04,0.21,-0.27,0.4,9.506,9.653,8.907,9.006,10.59,9.52,11.38,11.28,-0.002,-0.003,-0.002,0.0,-0.0,-80.306404,26.9209497,868.9
9.3,0.4,0.0,0.01,-0.06,-0.04,0.17,-0.27,-0.27,-0.28,0.41,9.506,9.643,8.947,9.006,10.5,9.71,11.87,11.38,-0.002,-0.003,-0.002,0.0,0.0,-80.306404,26.9209497,868.95
9.3,0.4,0.0,0.01,-0.08,-0.03,0.04,0.22,0.04,-0.27,0.4,9.476,9.643,8.957,9.025,10.5,9.81,11.58,11.28,-0.002,-0.003,-0.002,0.0,0.0,-80.306404,26.9209497,869.0
9.2,0.4,0.0,0.01,-0.05,-0.06,-0.1,-0.1,0.27,-0.28,0.4,9.516,9.633,8.917,8.996,10.3,9.61,11.87,11.28,-0.002,-0.003,-0.002,0.0,0.0,-80.306404,26.9209497,869.05
9.3,0.4,0.0,0.01,-0.06,-0.06,0.07,0.24,0.18,-0.27,0.4,9.496,9.673,8.947,9.006,10.4,9.91,11.38,11.09,-0.002,-0.003,-0.002,0.0,0.0,-80.306404,26.9209497,869.1
9.3,0.4,0.0,0.01,-0.05,-0.05,-0.13,0.11,0.43,-0.3,0.39,9.496,9.692,8.947,9.025,10.5,9.71,11.58,11.28,-0.002,-0.003,-0.002,0.0,0.0,-80.306404,26.9209497,869.15
9.2,0.4,0.0,0.01,-0.06,-0.03,0.05,0.14,-0.04,-0.27,0.4,9.516,9.663,8.937,8.986,10.5,9.52,11.77,11.38,-0.002,-0.003,-0.002,0.0,0.0,-80.306404,26.9209497,869.2
9.3,0.4,0.0,0.01,-0.06,-0.03,0.25,0.0,-0.12,-0.27,0.39,9.486,9.663,8.947,9.045,10.59,9.61,11.38,11.48,-0.002,-0.003,-0.002,0.0,0.0,-80.306404,26.9209497,869.25
9.3,0.4,0.0,0.01,-0.05,-0.06,0.03,-0.39,0.05,-0.29,0.41,9.506,9.663,8.947,9.006,10.4,9.71,11.38,11.38,-0.002,-0.003,-0.002,0.0,0.0,-80.3064039,26.9209497,869.3
9.3,0.4,0.0,0.01,-0.07,-0.06,0.13,0.24,0.2,-0.29,0.4,9.496,9.663,8.976,9.035,10.2,9.81,11.87,11.09,-0.002,-0.003,-0.002,0.0,0.0,-80.3064039,26.9209497,869.35
9.3,0.4,0.0,0.01,-0.05,-0.05,-0.25,-0.32,-0.15,-0.28,0.4,9.496,9.682,8.947,9.015,10.2,9.71,11.38,10.99,-0.002,-0.003,-0.002,0.0,0.0,-80.3064039,26.9209497,869.4
9.3,0.4,0.0,0.01,-0.06,-0.04,-0.11,-0.15,0.21,-0.28,0.4,9.516,9.663,8.976,9.045,10.3,9.61,11.87,11.28,-0.002,-0.003,-0.002,0.0,0.01,-80.3064039,26.9209498,869.45
9.3,0.4,0.0,0.01,-0.07,-0.04,0.06,0.01,-0.27,-0.29,0.41,9.496,9.663,8.937,9.045,10.3,9.81,11.38,11.09,-0.002,-0.003,-0.002,0.0,0.01,-80.3064039,26.9209498,869.5
9.3,0.4,0.0,0.01,-0.07,-0.04,-0.11,-0.18,0.13,-0.28,0.4,9.496,9.673,8.947,9.006,10.5,9.71,11.87,11.18,-0.002,-0.003,-0.002,0.0,0.01,-80.3064039,26.9209498,869.55
9.3,0.4,0.0,0.01,-0.07,-0.06,0.03,0.09,-0.19,-0.27,0.4,9.486,9.663,8.957,9.025,10.2,9.71,11.67,11.38,-0.002,-0.003,-0.002,0.0,0.01,-80.3064039,26.9209498,869.6
9.3,0.4,0.0,0.01,-0.06,-0.04,0.09,-0.2,0.01,-0.29,0.41,9.506,9.653,8.937,9.035,10.5,9.81,11.58,11.18,-0.002,-0.003,-0.002,0.0,0.01,-80.3064039,26.9209498,869.65
9.3,0.4,0.0,0.01,-0.06,-0.07,0.15,0.05,-0.5,-0.28,0.39,9.506,9.663,8.947,9.025,10.4,9.71,11.48,11.09,-0.002,-0.003,-0.002,0.0,0.01,-80.3064039,26.9209498,869.7
9.3,0.4,0.0,0.01,-0.07,-0.02,0.01,-0.17,0.38,-0.28,0.4,9.496,9.663,8.947,9.035,10.4,9.71,11.77,11.38,-0.002,-0.003,-0.002,0.0,0.01,-80.3064039,26.9209498,869.75
9.3,0.4,0.0,0.01,-0.06,-0.05,0.12,0.04,-0.17,-0.29,0.41,9.506,9.673,8.927,9.015,10.4,9.91,11.58,11.58,-0.002,-0.003,-0.002,0.0,0.01,-80.3064039,26.9209498,869.8
9.3,0.4,0.0,0.01,-0.07,-0.05,0.14,0.17,-0.07,-0.28,0.41,9.506,9.653,8.957,9.045,10.4,9.52,11.58,11.18,-0.002,-0.003,-0.002,0.0,0.01,-80.3064039,26.9209498,869.85
9.3,0.4,0.0,0.01,-0.06,-0.06,-0.31,0.06,-0.05,-0.29,0.39,9.496,9.653,8.947,9.045,10.2,9.81,11.58,11.28,-0.002,-0.003,-0.002,0.0,0.01,-80.3064039,26.9209498,869.9
9.2,0.4,0.0,0.01,-0.06,-0.07,-0.04,0.36,-0.04,-0.29,0.4,9.496,9.663,8.937,8.976,10.2,9.71,11.58,11.09,-0.002,-0.003,-0.002,0.0,0.01,-80.3064039,26.9209498,869.95
9.3,0.4,0.0,0.01,-0.06,-0.04,-0.08,0.04,0.31,-0.28,0.4,9.526,9.653,8.947,9.035,10.3,10.01,11.67,11.18,-0.002,-0.003,-0.002,0.0,0.01,-80.3064039,26.9209498,870.0
9.3,0.4,0.0,0.01,-0.06,-0.02,-0.08,-0.05,0.4,-0.28,0.4,9.467,9.663,8.937,8.976,10.69,9.81,11.38,10.99,-0.002,-0.003,-0.002,0.0,0.01,-80.3064039,26.9209498,870.05
9.3,0.4,0.0,0.01,-0.05,-0.05,-0.1,-0.18,0.12,-0.28,0.41,9.535,9.653,8.917,9.015,10.4,9.81,11.77,11.38,-0.002,-0.003,-0.002,0.0,0.01,-80.3064039,26.9209498,870.1
9.3,0.4,0.0,0.0,-0.07,-0.03,-0.35,-0.18,0.09,-0.28,0.37,9.526,9.663,8.917,8.976,10.3,9.81,11.77,11.09,-0.002,-0.003,-0.002,0.0,-0.0,-80.3064039,26.9209498,870.15
9.2,0.4,0.0,0.0,-0.03,-0.09,-0.3,-0.04,0.19,-0.28,0.39,9.516,9.653,8.937,9.006,10.5,9.42,11.67,11.38,-0.002,-0.003,-0.002,0.0,-0.0,-80.3064039,26.9209498,870.2
9.3,0.4,0.0,-0.0,-0.06,-0.06,0.09,0.04,-0.17,-0.29,0.37,9.506,9.653,8.966,9.015,10.3,9.71,11.77,10.99,-0.002,-0.003,-0.002,0.0,0.0,-80.3064039,26.9209498,870.25
9.3,0.4,0.0,-0.0,-0.06,-0.06,0.14,0.45,-0.09,-0.26,0.39,9.496,9.663,8.917,8.996,10.1,9.91,11.48,11.38,-0.002,-0.003,-0.002,0.0,0.0,-80.3064039,26.9209498,870.3
9.3,0.4,0.0,0.0,-0.05,-0.03,-0.22,-0.29,0.48,-0.23,0.39,9.506,9.653,8.957,9.015,10.3,9.81,11.48,11.28,-0.002,-0.003,-0.002,0.0,-0.0,-80.3064039,26.9209498,870.35
9.3,0.4,0.0,-0.0,-0.07,-0.05,-0.07,-0.22,-0.2,-0.28,0.38,9.506,9.653,8.957,9.015,10.59,9.81,11.67,11.28,-0.002,-0.003,-0.002,0.0,0.0,-80.3064039,26.9209498,870.4
9.3,0.4,0.0,0.0,-0.06,-0.05,-0.0,0.0,0.23,-0.28,0.35,9.496,9.673,8.937,9.006,10.4,9.61,11.87,11.09,-0.002,-0.003,-0.002,0.0,-0.0,-80.3064039,26.9209498,870.45
9.3,0.4,0.0,-0.0,-0.06,-0.06,0.12,0.13,0.06,-0.29,0.37,9.496,9.643,8.937,9.006,10.5,9.81,11.48,11.38,-0.002,-0.003,-0.002,0.0,0.0,-80.3064039,26.9209498,870.5
9.3,0.4,0.0,-0.0,-0.07,-0.03,0.23,-0.12,-0.16,-0.31,0.35,9.496,9.653,8.966,9.025,10.2,9.61,11.48,11.38,-0.002,-0.003,-0.002,0.0,0.0,-80.3064039,26.9209498,870.55
9.3,0.4,0.0,-0.0,-0.05,-0.04,0.28,-0.25,0.11,-0.28,0.39,9.496,9.633,8.937,8.996,10.2,9.71,11.77,11.38,-0.002,-0.003,-0.002,0.0,0.0,-80.3064038,26.9209498,870.6
9.2,0.4,0.0,-0.0,-0.06,-0.05,0.19,0.1,0.38,-0.29,0.39,9.496,9.633,8.927,9.006,10.5,9.52,11.67,11.18,-0.002,-0.003,-0.002,0.0,0.0,-80.3064038,26.9209498,870.65
9.2,0.4,0.0,-0.0,-0.05,-0.05,-0.09,-0.26,-0.07,-0.28,0.39,9.506,9.653,8.927,8.996,10.5,9.61,11.67,11.38,-0.002,-0.003,-0.002,0.0,0.0,-80.3064038,26.9209498,870.7
9.3,0.4,0.0,-0.0,-0.06,-0.05,0.21,-0.04,0.22,-0.27,0.39,9.506,9.663,8.957,9.025,10.4,9.61,11.58,11.28,-0.002,-0.003,-0.002,0.0,0.0,-80.3064038,26.9209498,870.75
9.3,0.4,0.0,-0.0,-0.06,-0.05,-0.02,0.06,0.23,-0.28,0.39,9.486,9.643,8.947,8.986,10.69,9.71,11.28,11.28,-0.002,-0.003,-0.002,0.0,0.0,-80.3064038,26.9209498,870.8
9.3,0.4,0.0,-0.0,-0.07,-0.04,-0.11,-0.41,-0.11,-0.29,0.38,9.486,9.673,8.957,9.025,10.5,9.71,11.77,11.28,-0.002,-0.003,-0.002,0.0,0.0,-80.3064038,26.9209498,870.85
9.3,0.4,0.0,0.0,-0.05,-0.06,0.04,0.23,0.13,-0.3,0.37,9.516,9.663,8.937,9.025,10.4,9.71,11.58,11.18,-0.002,-0.003,-0.002,0.0,-0.0,-80.3064038,26.9209498,870.9
9.3,0.4,0.0,-0.0,-0.07,-0.06,0.23,0.29,-0.03,-0.31,0.36,9.496,9.653,8.957,9.015,10.4,9.61,11.28,11.38,-0.002,-0.003,-0.002,0.0,0.0,-80.3064038,26.9209498,870.95
9.3,0.4,0.0,-0.0,-0.05,-0.04,0.01,-0.07,-0.15,-0.31,0.35,9.516,9.663,8.927,9.015,10.3,9.71,11.87,11.09,-0.002,-0.003,-0.002,0.0,0.0,-80.3064038,26.9209498,871.0
9.3,0.4,0.0,-0.0,-0.07,-0.03,-0.09,0.13,-0.46,-0.32,0.34,9.516,9.663,8.957,9.035,10.3,9.71,11.67,10.99,-0.002,-0.003,-0.002,0.0,0.0,-80.3064038,26.9209498,871.05
9.2,0.4,0.0,0.0,-0.07,-0.06,-0.08,0.27,-0.66,-0.33,0.33,9.506,9.673,8.937,9.006,10.4,9.61,11.38,10.89,-0.002,-0.003,-0.002,0.0,-0.0,-80.3064038,26.9209498,871.1
9.3,0.4,0.0,-0.0,-0.07,-0.04,0.26,-0.11,-0.05,-0.34,0.32,9.516,9.643,8.937,9.025,10.1,9.32,11.77,11.28,-0.002,-0.003,-0.002,0.0,0.0,-80.3064038,26.9209498,871.15
9.3,0.4,0.0,-0.0,-0.07,-0.05,0.19,-0.13,0.09,-0.34,0.3,9.486,9.653,8.927,9.015,10.3,9.61,11.58,11.28,-0.002,-0.003,-0.002,0.0,0.0,-80.3064038,26.9209498,871.2
9.3,0.4,0.0,-0.0,-0.06,-0.04,-0.05,-0.15,-0.05,-0.35,0.29,9.476,9.663,8.947,8.996,10.4,9.91,11.48,10.99,-0.002,-0.003,-0.002,0.0,0.0,-80.3064038,26.9209497,871.25
9.2,0.4,0.0,0.0,-0.06,-0.04,-0.14,0.21,-0.15,-0.28,0.39,9.486,9.653,8.937,9.015,10.5,9.81,11.67,11.09,-0.002,-0.003,-0.002,0.0,-0.0,-80.3064038,26.9209497,871.3
9.3,0.4,0.0,-0.0,-0.05,-0.05,-0.05,-0.04,0.17,-0.27,0.38,9.506,9.663,8.957,8.996,10.2,9.71,11.97,11.28,-0.002,-0.003,-0.002,0.0,0.0,-80.3064038,26.9209497,871.35
9.3,0.4,0.0,-0.0,-0.04,-0.06,-0.03,0.07,0.21,-0.26,0.38,9.516,9.653,8.976,9.015,10.4,9.71,11.58,11.28,-0.002,-0.003,-0.002,0.0,0.0,-80.3064038,26.9209497,871.4
9.3,0.4,0.0,-0.0,-0.07,-0.04,0.22,-0.04,0.18,-0.3,0.39,9.496,9.653,8.957,9.025,10.2,9.71,11.58,11.28,-0.002,-0.003,-0.002,0.0,0.0,-80.3064038,26.9209497,871.45
9.3,0.4,0.0,-0.0,-0.05,-0.05,-0.04,-0.05,0.3,-0.29,0.39,9.496,9.663,8.937,9.015,10.5,9.61,11.87,11.09,-0.002,-0.003,-0.002,0.0,0.0,-80.3064038,26.9209497,871.5
9.3,0.4,0.0,-0.0,-0.07,-0.04,-0.1,-0.18,-0.13,-0.29,0.39,9.476,9.663,8.947,9.015,10.59,9.91,11.67,11.38,-0.002,-0.003,-0.002,0.0,0.0,-80.3064038,26.9209497,871.55
9.3,0.4,0.0,-0.0,-0.07,-0.05,-0.07,0.11,-0.06,-0.29,0.39,9.496,9.663,8.937,9.006,10.4,9.61,11.77,11.28,-0.002,-0.003,-0.002,0.0,0.0,-80.3064038,26.9209497,871.6
9.3,0.4,0.0,-0.0,-0.07,-0.04,0.1,-0.09,0.15,-0.29,0.39,9.496,9.653,8.947,9.035,10.59,9.61,11.58,11.09,-0.002,-0.003,-0.002,0.0,0.0,-80.3064038,26.9209497,871.65
9.3,0.4,0.0,0.0,-0.05,-0.06,-0.2,0.03,0.41,-0.29,0.39,9.516,9.653,8.976,9.025,10.3,9.81,11.87,11.09,-0.002,-0.003,-0.002,0.0,0.0,-80.3064038,26.9209497,871.7
9.2,0.4,0.0,-0.0,-0.06,-0.04,0.01,-0.01,0.0,-0.31,0.39,9.496,9.673,8.937,9.015,10.89,10.01,11.77,11.18,-0.002,-0.003,-0.002,0.0,0.0,-80.3064038,26.9209497,871.75
9.3,0.4,0.0,-0.0,-0.06,-0.04,-0.19,-0.41,-0.11,-0.3,0.39,9.476,9.653,8.947,8.976,10.59,9.71,11.97,11.18,-0.002,-0.003,-0.002,0.0,0.0,-80.3064038,26.9209497,871.8
9.3,0.4,0.0,-0.0,-0.06,-0.04,-0.18,-0.4,0.16,-0.32,0.39,9.506,9.653,8.976,9.035,10.4,9.61,11.58,11.09,-0.002,-0.003,-0.002,0.0,0.0,-80.3064038,26.9209497,871.85
9.3,0.4,0.0,-0.0,-0.08,-0.05,0.16,-0.15,-0.15,-0.3,0.4,9.506,9.653,8.966,9.035,10.2,9.71,11.58,11.28,-0.002,-0.003,-0.002,0.0,0.0,-80.3064038,26.9209497,871.9
9.3,0.4,0.0,-0.0,-0.05,-0.05,0.08,-0.15,0.02,-0.31,0.41,9.526,9.653,8.966,9.015,10.5,9.61,11.77,11.18,-0.002,-0.003,-0.002,0.0,0.0,-80.3064038,26.9209497,871.95
9.3,0.4,0.0,-0.0,-0.07,-0.03,-0.1,0.09,-0.08,-0.32,0.43,9.506,9.673,8.937,9.006,10.4,9.71,11.77,11.38,-0.002,-0.003,-0.002,0.0,0.0,-80.3064038,26.9209497,872.0
9.3,0.4,0.0,-0.0,-0.06,-0.07,0.18,0.46,-0.01,-0.34,0.44,9.506,9.663,8.957,9.006,10.2,9.61,11.77,11.38,-0.002,-0.003,-0.002,0.0,0.0,-80.3064038,26.9209497,872.05
9.2,0.4,0.0,-0.0,-0.07,-0.04,0.08,0.13,-0.16,-0.35,0.46,9.467,9.653,8.898,8.996,10.5,9.71,11.58,11.58,-0.002,-0.003,-0.002,0.0,0.0,-80.3064038,26.9209497,872.1
9.2,0.4,0.0,-0.0,-0.06,-0.05,0.16,-0.08,0.03,-0.36,0.47,9.496,9.633,8.907,9.006,10.4,9.81,11.67,11.28,-0.002,-0.003,-0.002,0.0,0.0,-80.3064038,26.9209497,872.15
9.3,0.4,0.0,-0.0,-0.06,-0.04,-0.1,0.09,-0.05,-0.38,0.49,9.506,9.653,8.937,9.035,10.4,9.52,11.87,11.18,-0.002,-0.003,-0.002,0.0,0.0,-80.3064038,26.9209497,872.2
9.3,0.4,0.0,-0.0,-0.05,-0.06,0.19,0.06,0.03,-0.39,0.51,9.496,9.633,8.937,9.025,10.3,10.01,11.58,11.28,-0.002,-0.003,-0.002,0.0,0.0,-80.3064038,26.9209497,872.25
9.3,0.4,0.0,-0.0,-0.08,-0.04,0.1,-0.03,0.06,-0.4,0.52,9.516,9.663,8.937,8.986,10.4,9.81,11.77,11.18,-0.002,-0.003,-0.002,0.0,0.0,-80.3064038,26.9209497,872.3
9.3,0.4,0.0,-0.0,-0.06,-0.06,0.32,-0.01,-0.18,-0.42,0.54,9.496,9.663,8.947,9.006,10.4,9.81,11.87,11.18,-0.002,-0.003,-0.002,0.0,0.0,-80.3064037,26.9209496,872.35
9.3,0.4,0.0,-0.0,-0.06,-0.04,-0.04,0.28,0.12,-0.29,0.4,9.496,9.682,8.927,8.986,10.4,9.81,11.58,11.28,-0.002,-0.003,-0.002,0.0,0.0,-80.3064037,26.9209496,872.4
9.3,0.4,0.0,-0.0,-0.04,-0.06,-0.29,0.15,-0.0,-0.29,0.39,9.467,9.663,8.907,8.996,10.2,10.01,11.58,11.38,-0.002,-0.003,-0.002,0.0,0.0,-80.3064037,26.9209496,872.45
9.3,0.4,0.0,-0.0,-0.06,-0.04,-0.11,0.19,0.16,-0.29,0.39,9.506,9.643,8.927,8.996,10.5,9.91,11.87,11.48,-0.002,-0.003,-0.002,0.0,0.0,-80.3064037,26.9209496,872.5
9.3,0.4,0.0,-0.0,-0.06,-0.03,0.02,-0.05,-0.16,-0.28,0.4,9.486,9.663,8.957,9.015,10.2,9.61,11.67,10.99,-0.002,-0.003,-0.002,0.0,0.0,-80.3064037,26.9209496,872.55
9.3,0.4,0.0,-0.0,-0.05,-0.06,-0.07,-0.23,-0.06,-0.27,0.41,9.486,9.633,8.966,9.006,10.5,9.61,11.87,11.38,-0.002,-0.003,-0.002,0.0,0.0,-80.3064037,26.9209496,872.6
9.3,0.4,0.0,-0.0,-0.07,-0.04,-0.23,-0.17,-0.21,-0.26,0.42,9.496,9.653,8.976,9.025,10.5,9.52,11.58,11.28,-0.002,-0.003,-0.002,0.0,0.0,-80.3064037,26.9209496,872.65
9.3,0.4,0.0,-0.0,-0.07,-0.05,0.14,0.09,0.12,-0.25,0.42,9.496,9.633,8.937,9.006,10.3,9.71,11.58,11.18,-0.002,-0.003,-0.002,0.0,0.0,-80.3064038,26.9209496,872.7
9.3,0.4,0.0,-0.0,-0.05,-0.05,-0.11,0.3,-0.03,-0.24,0.43,9.496,9.673,8.917,9.006,10.5,9.71,11.58,11.58,-0.002,-0.003,-0.002,0.0,0.0,-80.3064038,26.9209496,872.75
9.2,0.4,0.0,0.01,-0.06,-0.05,-0.03,0.03,0.17,-0.23,0.44,9.496,9.663,8.927,8.996,10.4,9.81,11.77,11.09,-0.002,-0.003,-0.002,0.0,0.01,-80.3064038,26.9209496,872.8
9.3,0.4,0.0,0.01,-0.07,-0.04,-0.05,0.22,-0.19,-0.22,0.45,9.496,9.682,8.957,9.015,10.5,9.52,11.38,11.28,-0.002,-0.003,-0.002,0.0,0.01,-80.3064038,26.9209496,872.85
9.3,0.4,0.0,0.01,-0.06,-0.04,-0.09,0.06,0.52,-0.29,0.39,9.486,9.663,8.947,8.996,10.2,9.81,11.77,11.18,-0.002,-0.003,-0.002,0.0,0.01,-80.3064038,26.9209496,872.9
9.3,0.4,0.0,0.01,-0.05,-0.06,0.19,0.03,0.08,-0.29,0.4,9.496,9.653,8.927,9.025,10.5,9.71,11.77,11.38,-0.002,-0.003,-0.002,0.0,0.01,-80.3064038,26.9209496,872.95
9.3,0.4,0.0,0.01,-0.07,-0.04,0.13,0.18,-0.28,-0.29,0.39,9.516,9.653,8.917,9.006,10.4,9.61,11.48,11.18,-0.002,-0.003,-0.002,0.0,0.01,-80.3064038,26.9209496,873.0
9.3,0.4,0.0,0.01,-0.05,-0.04,-0.42,0.09,0.23,-0.29,0.4,9.526,9.653,8.957,9.006,10.4,9.71,11.77,11.48,-0.002,-0.003,-0.002,0.0,0.01,-80.3064038,26.9209496,873.05
9.3,0.4,0.0,0.01,-0.07,-0.03,-0.04,-0.1,-0.36,-0.29,0.42,9.535,9.673,8.947,9.025,10.5,9.71,11.87,11.18,-0.002,-0.003,-0.002,0.0,0.01,-80.3064038,26.9209496,873.1
9.3,0.4,0.0,0.01,-0.05,-0.05,-0.26,0.11,0.12,-0.29,0.45,9.476,9.673,8.957,9.006,10.2,9.52,11.77,11.38,-0.002,-0.003,-0.002,0.0,0.01,-80.3064038,26.9209496,873.15
9.3,0.4,0.0,0.0,-0.07,-0.05,-0.0,0.06,-0.03,-0.29,0.47,9.476,9.673,8.937,9.015,10.2,9.71,11.97,11.18,-0.002,-0.003,-0.002,0.0,-0.0,-80.3064038,26.9209496,873.2
9.3,0.4,0.0,0.0,-0.05,-0.06,-0.15,-0.0,-0.21,-0.29,0.5,9.516,9.673,8.947,9.015,10.2,9.61,11.77,11.58,-0.002,-0.003,-0.002,0.0,0.0,-80.3064038,26.9209496,873.25
9.3,0.4,0.0,0.0,-0.07,-0.04,0.11,0.09,0.27,-0.28,0.39,9.496,9.653,8.937,9.006,10.5,9.81,11.38,11.18,-0.002,-0.003,-0.002,0.0,-0.0,-80.3064038,26.9209496,873.3
9.3,0.4,0.0,0.0,-0.06,-0.05,-0.03,0.38,-0.08,-0.28,0.39,9.486,9.653,8.957,9.035,10.3,9.71,11.48,11.09,-0.002,-0.003,-0.002,0.0,0.0,-80.3064038,26.9209495,873.35
9.3,0.4,0.0,0.0,-0.06,-0.05,-0.08,-0.03,0.01,-0.26,0.39,9.496,9.653,8.947,9.015,10.3,9.71,11.58,10.99,-0.002,-0.003,-0.002,0.0,0.0,-80.3064038,26.9209495,873.4
9.3,0.4,0.0,0.0,-0.05,-0.06,0.05,0.02,0.11,-0.28,0.39,9.486,9.682,8.947,9.035,10.59,9.81,11.58,11.09,-0.002,-0.003,-0.002,0.0,0.0,-80.3064038,26.9209495,873.45
9.3,0.4,0.0,0.0,-0.08,-0.05,0.24,0.2,-0.17,-0.28,0.39,9.506,9.663,8.927,9.025,10.59,9.81,11.58,11.18,-0.002,-0.003,-0.002,0.0,0.0,-80.3064038,26.9209496,873.5
9.2,0.4,0.0,0.0,-0.05,-0.06,-0.04,0.01,-0.06,-0.28,0.39,9.506,9.663,8.937,9.025,10.4,9.71,11.67,11.28,-0.002,-0.003,-0.002,0.0,0.0,-80.3064038,26.9209496,873.55
9.3,0.4,0.0,0.0,-0.05,-0.03,-0.02,-0.09,0.17,-0.28,0.38,9.526,9.673,8.907,8.986,10.3,9.81,11.38,11.38,-0.002,-0.003,-0.002,0.0,0.0,-80.3064038,26.9209496,873.6
9.3,0.4,0.0,0.01,-0.06,-0.03,-0.31,-0.19,0.16,-0.29,0.39,9.496,9.643,8.937,8.996,10.2,9.61,11.77,11.09,-0.002,-0.003,-0.002,0.0,0.0,-80.3064038,26.9209496,873.65
9.3,0.4,0.0,0.0,-0.06,-0.05,0.1,-0.04,0.09,-0.28,0.4,9.535,9.663,8.917,9.025,10.2,9.61,11.97,11.28,-0.002,-0.003,-0.002,0.0,0.0,-80.3064038,26.9209496,873.7
9.3,0.4,0.0,0.01,-0.06,-0.06,0.03,0.33,0.13,-0.28,0.4,9.516,9.633,8.966,9.006,10.3,9.71,11.77,11.09,-0.002,-0.003,-0.002,0.0,0.0,-80.3064038,26.9209496,873.75
9.3,0.4,0.0,0.01,-0.07,-0.06,0.21,-0.0,-0.3,-0.28,0.39,9.506,9.633,8.927,8.996,10.3,9.61,11.58,11.28,-0.002,-0.003,-0.002,0.0,0.0,-80.3064038,26.9209496,873.8
9.3,0.4,0.0,0.01,-0.06,-0.05,0.1,0.26,0.18,-0.28,0.37,9.516,9.673,8.927,9.025,10.4,9.61,11.48,11.28,-0.002,-0.003,-0.002,0.0,0.0,-80.3064038,26.9209496,873.85
9.2,0.4,0.0,0.01,-0.07,-0.03,0.01,-0.29,0.07,-0.28,0.36,9.496,9.653,8.898,8.986,10.3,9.71,11.77,11.28,-0.002,-0.003,-0.002,0.0,0.0,-80.3064038,26.9209496,873.9
9.3,0.4,0.0,0.01,-0.06,-0.06,0.09,0.02,0.35,-0.28,0.4,9.516,9.643,8.947,9.035,10.5,9.61,11.58,11.38,-0.002,-0.003,-0.002,0.0,0.0,-80.3064038,26.9209496,873.95
9.3,0.4,0.0,0.01,-0.07,-0.05,0.14,0.03,0.12,-0.28,0.39,9.496,9.653,8.937,9.015,10.2,9.81,11.38,11.18,-0.002,-0.003,-0.002,0.0,0.0,-80.3064038,26.9209496,874.0
9.3,0.4,0.0,0.01,-0.07,-0.04,0.22,-0.04,-0.05,-0.27,0.38,9.516,9.663,8.917,9.035,10.01,9.71,11.48,11.28,-0.002,-0.003,-0.002,0.0,0.0,-80.3064038,26.9209496,874.05
9.3,0.4,0.0,0.01,-0.05,-0.06,-0.11,-0.35,0.18,-0.28,0.4,9.535,9.663,8.957,9.015,10.1,9.71,11.58,11.38,-0.002,-0.003,-0.002,0.0,0.0,-80.3064039,26.9209497,874.1
9.3,0.4,0.0,0.01,-0.07,-0.03,-0.19,-0.04,-0.2,-0.28,0.39,9.506,9.643,8.957,9.025,10.2,9.71,11.67,11.28,-0.002,-0.003,-0.002,0.0,0.0,-80.3064039,26.9209497,874.15
9.3,0.4,0.0,0.01,-0.05,-0.04,-0.14,0.22,0.28,-0.29,0.38,9.496,9.643,8.947,9.006,10.3,9.81,11.48,11.48,-0.002,-0.003,-0.002,0.0,0.0,-80.3064039,26.9209497,874.2
9.3,0.4,0.0,0.01,-0.06,-0.05,-0.1,0.27,-0.05,-0.29,0.38,9.486,9.673,8.947,9.015,10.4,9.61,11.87,11.09,-0.002,-0.003,-0.002,0.0,0.0,-80.3064039,26.9209497,874.25
9.3,0.4,0.0,0.01,-0.06,-0.06,-0.42,0.11,0.11,-0.29,0.37,9.516,9.673,8.927,9.006,10.59,9.81,11.67,11.38,-0.002,-0.003,-0.002,0.0,0.0,-80.3064039,26.9209497,874.3
9.3,0.4,0.0,0.01,-0.07,-0.04,0.23,-0.18,0.05,-0.28,0.4,9.496,9.653,8.937,9.015,10.5,9.81,11.77,11.38,-0.002,-0.003,-0.002,0.0,0.0,-80.3064039,26.9209497,874.35
9.3,0.4,0.0,0.01,-0.05,-0.03,-0.06,-0.09,0.09,-0.28,0.39,9.506,9.663,8.947,9.015,10.5,9.71,11.67,11.38,-0.002,-0.003,-0.002,0.0,0.0,-80.3064039,26.9209497,874.4
9.3,0.4,0.0,0.01,-0.06,-0.03,-0.05,0.03,0.05,-0.28,0.38,9.496,9.663,8.957,9.015,10.4,9.91,11.67,10.99,-0.002,-0.003,-0.002,0.0,0.0,-80.3064039,26.9209497,874.45
9.3,0.4,0.0,0.01,-0.06,-0.05,0.23,0.29,0.14,-0.29,0.38,9.496,9.653,8.957,9.015,10.4,9.81,11.87,11.28,-0.002,-0.003,-0.002,0.0,0.0,-80.3064039,26.9209497,874.5
9.3,0.4,0.0,0.01,-0.03,-0.09,-0.31,0.02,0.2,-0.28,0.4,9.476,9.663,8.947,9.015,10.5,9.91,11.77,11.48,-0.002,-0.003,-0.002,0.0,0.0,-80.3064039,26.9209497,874.55
9.3,0.4,0.0,0.01,-0.16,0.08,-0.31,0.02,-0.0,-0.28,0.39,9.496,9.653,8.947,9.015,10.5,9.61,11.77,11.18,-0.002,-0.003,-0.002,0.0,0.0,-80.3064039,26.9209497,874.6
9.3,0.4,0.0,0.01,-0.14,0.04,0.1,-0.07,-0.06,-0.28,0.39,9.516,9.663,8.927,9.006,10.4,9.81,11.77,11.09,-0.002,-0.003,-0.002,0.0,0.0,-80.3064039,26.9209497,874.65
9.3,0.4,0.0,0.02,-0.05,-0.05,-0.12,0.23,-0.34,-0.29,0.39,9.516,9.673,8.947,9.006,10.59,9.61,11.67,11.38,-0.002,-0.003,-0.002,0.0,0.0,-80.3064039,26.9209497,874.7
9.3,0.4,0.0,0.02,-0.06,-0.04,-0.13,-0.14,-0.14,-0.28,0.39,9.506,9.643,8.957,9.015,10.3,10.01,11.77,11.28,-0.002,-0.003,-0.002,0.0,0.0,-80.3064039,26.9209497,874.75
9.3,0.4,0.0,0.02,-0.06,-0.06,-0.22,-0.24,0.11,-0.28,0.39,9.486,9.643,8.937,9.025,10.2,9.81,11.58,11.09,-0.002,-0.003,-0.002,0.0,0.0,-80.3064039,26.9209497,874.8
9.3,0.4,0.0,0.02,-0.06,-0.04,-0.3,-0.16,-0.34,-0.3,0.4,9.516,9.663,8.966,9.045,10.59,9.81,11.38,11.38,-0.002,-0.003,-0.002,0.0,0.0,-80.3064039,26.9209497,874.85
9.3,0.4,0.0,0.02,-0.06,-0.04,-0.11,0.11,-0.04,-0.28,0.39,9.496,9.673,8.947,9.035,10.5,9.91,11.58,11.38,-0.002,-0.003,-0.002,0.0,0.0,-80.3064039,26.9209497,874.9
9.2,0.4,0.0,0.02,-0.06,-0.04,0.06,0.0,-0.11,-0.28,0.39,9.467,9.643,8.927,8.996,10.3,9.81,11.58,11.38,-0.002,-0.003,-0.002,0.0,0.0,-80.3064039,26.9209497,874.95
9.5,0.3,0.0,0.02,-0.05,-0.06,0.08,0.12,0.42,-0.27,0.39,9.476,9.633,9.025,9.104,10.3,9.71,11.58,11.09,-0.002,-0.003,-0.002,0.0,0.0,-80.3064039,26.9209497,875.0
9.3,0.4,0.0,0.02,-0.05,-0.06,0.05,0.52,0.11,-0.29,0.39,9.516,9.663,8.957,9.025,10.4,9.81,11.67,11.28,-0.002,-0.003,-0.002,0.0,0.0,-80.3064039,26.9209497,875.05
9.3,0.4,0.0,0.02,-0.06,-0.06,0.25,0.25,0.17,-0.28,0.39,9.486,9.663,8.957,9.006,10.1,9.81,11.77,11.38,-0.002,-0.003,-0.002,0.0,0.01,-80.3064039,26.9209497,875.1
9.3,0.4,0.0,0.02,-0.05,-0.03,-0.16,0.02,-0.29,-0.27,0.4,9.506,9.663,8.927,9.006,10.5,9.61,11.67,11.38,-0.002,-0.003,-0.002,0.0,0.01,-80.3064039,26.9209497,875.15
9.3,0.4,0.0,0.02,-0.04,-0.04,-0.4,0.15,0.34,-0.28,0.4,9.496,9.653,8.927,9.025,10.3,9.81,11.77,11.48,-0.002,-0.003,-0.002,0.0,0.0,-80.3064039,26.9209497,875.2
9.3,0.4,0.0,0.02,-0.07,-0.05,0.09,-0.08,0.01,-0.28,0.39,9.506,9.673,8.937,9.015,10.3,9.81,11.48,11.58,-0.002,-0.003,-0.002,0.0,0.01,-80.3064039,26.9209497,875.25
9.3,0.4,0.0,0.02,-0.07,-0.05,0.1,-0.22,-0.21,-0.28,0.39,9.506,9.673,8.937,8.996,10.3,9.81,11.77,11.28,-0.002,-0.003,-0.002,0.0,0.01,-80.3064039,26.9209497,875.3
9.3,0.4,0.0,0.02,-0.07,-0.06,0.17,0.1,0.11,-0.29,0.38,9.476,9.653,8.947,9.035,10.3,9.52,12.07,11.38,-0.002,-0.003,-0.002,0.0,0.01,-80.3064039,26.9209497,875.35
9.3,0.4,0.0,0.02,-0.06,-0.04,-0.25,-0.09,-0.49,-0.31,0.37,9.486,9.663,8.966,9.025,10.4,9.71,11.77,11.38,-0.002,-0.003,-0.002,0.0,0.01,-80.3064039,26.9209497,875.4
9.3,0.4,0.0,0.02,-0.05,-0.04,-0.09,-0.09,-0.33,-0.28,0.39,9.526,9.673,8.957,9.035,10.5,9.71,11.67,11.09,-0.002,-0.003,-0.002,0.0,0.0,-80.3064039,26.9209497,875.45
9.3,0.4,0.0,0.02,-0.08,-0.04,0.09,0.01,0.2,-0.29,0.4,9.496,9.663,8.937,9.025,10.1,9.91,11.48,11.58,-0.002,-0.003,-0.002,0.0,0.0,-80.3064039,26.9209497,875.5
9.3,0.4,0.0,0.02,-0.07,-0.06,-0.09,0.31,-0.01,-0.29,0.41,9.496,9.643,8.957,9.015,10.5,9.81,11.87,11.28,-0.002,-0.003,-0.002,0.0,0.01,-80.3064039,26.9209497,875.55
9.3,0.4,0.0,0.02,-0.07,-0.04,0.39,-0.18,-0.19,-0.29,0.41,9.496,9.663,8.976,9.006,10.5,10.01,11.58,11.28,-0.002,-0.003,-0.002,0.0,0.01,-80.3064039,26.9209497,875.6
9.2,0.4,0.0,0.02,-0.06,-0.06,0.02,0.02,-0.13,-0.3,0.42,9.516,9.653,8.937,8.986,10.59,9.71,11.48,11.58,-0.002,-0.003,-0.002,0.0,0.01,-80.3064039,26.9209497,875.65
9.3,0.4,0.0,0.03,-0.07,-0.04,-0.34,0.21,0.16,-0.28,0.39,9.506,9.643,8.957,8.996,10.2,9.52,11.58,11.18,-0.002,-0.003,-0.002,0.0,0.0,-80.3064039,26.9209497,875.7
9.3,0.4,0.0,0.02,-0.04,-0.06,-0.12,0.22,0.13,-0.28,0.39,9.486,9.653,8.937,9.035,10.59,10.01,11.77,11.28,-0.002,-0.003,-0.002,0.0,0.01,-80.3064039,26.9209497,875.75
9.3,0.4,0.0,0.03,-0.06,-0.04,0.05,-0.32,0.12,-0.28,0.4,9.476,9.653,8.947,9.006,10.01,9.71,11.58,11.09,-0.002,-0.003,-0.002,0.0,0.01,-80.3064039,26.9209497,875.8
9.3,0.4,0.0,0.03,-0.07,-0.04,-0.03,-0.03,-0.1,-0.28,0.41,9.496,9.682,8.937,8.996,10.3,9.81,11.77,11.38,-0.002,-0.003,-0.002,0.0,0.01,-80.3064039,26.9209497,875.85
9.3,0.4,0.0,0.03,-0.08,-0.04,0.39,0.07,-0.16,-0.28,0.42,9.496,9.673,8.937,9.015,10.1,9.61,11.77,11.18,-0.002,-0.003,-0.002,0.0,0.01,-80.3064039,26.9209497,875.9
9.3,0.4,0.0,0.03,-0.05,-0.04,-0.22,-0.04,0.05,-0.27,0.43,9.476,9.643,8.966,9.035,10.3,9.81,11.77,11.09,-0.002,-0.003,-0.002,0.0,0.01,-80.3064039,26.9209497,875.95
9.3,0.4,0.0,0.03,-0.05,-0.05,-0.06,0.13,-0.01,-0.28,0.39,9.486,9.653,8.927,8.986,10.2,9.61,11.38,11.38,-0.002,-0.003,-0.002,0.0,0.01,-80.3064039,26.9209497,876.0
9.3,0.4,0.0,0.03,-0.08,-0.05,-0.08,-0.14,-0.01,-0.28,0.38,9.496,9.663,8.937,9.006,10.4,9.61,11.58,11.28,-0.002,-0.003,-0.002,0.0,0.01,-80.3064039,26.9209497,876.05
9.3,0.4,0.0,0.03,-0.06,-0.08,0.03,0.31,0.42,-0.28,0.37,9.506,9.663,8.957,9.006,10.2,9.91,11.58,11.38,-0.002,-0.003,-0.002,0.0,0.01,-80.3064039,26.9209497,876.1
9.3,0.4,0.0,0.03,-0.06,-0.05,-0.17,0.04,0.05,-0.28,0.36,9.496,9.653,8.947,9.015,10.1,9.81,11.77,11.38,-0.002,-0.003,-0.002,0.0,0.01,-80.3064039,26.9209497,876.15
9.3,0.4,0.0,0.03,-0.07,-0.04,-0.06,-0.27,-0.22,-0.28,0.4,9.486,9.653,8.966,9.035,10.2,9.81,11.77,11.18,-0.002,-0.003,-0.002,0.0,0.01,-80.3064039,26.9209497,876.2
9.3,0.4,0.0,0.03,-0.05,-0.03,-0.34,-0.11,0.38,-0.28,0.39,9.516,9.643,8.966,9.035,10.5,9.71,11.67,11.18,-0.002,-0.003,-0.002,0.0,0.01,-80.3064038,26.9209497,876.25
9.3,0.4,0.0,0.03,-0.06,-0.06,0.01,0.39,-0.03,-0.27,0.4,9.496,9.663,8.927,8.986,10.2,9.52,11.58,11.48,-0.002,-0.003,-0.002,0.0,0.01,-80.3064038,26.9209497,876.3
9.3,0.4,0.0,0.03,-0.17,0.08,0.35,0.15,0.03,-0.28,0.39,9.526,9.663,8.927,8.996,10.4,9.71,11.67,11.28,-0.002,-0.003,-0.002,0.0,0.01,-80.3064038,26.9209497,876.35
9.3,0.4,0.0,0.03,-0.05,-0.05,-0.14,0.3,-0.03,-0.27,0.39,9.526,9.663,8.947,9.006,10.3,9.61,11.58,11.38,-0.002,-0.003,-0.002,0.0,0.01,-80.3064038,26.9209497,876.4
9.3,0.4,0.0,0.03,-0.07,-0.04,-0.22,0.02,0.03,-0.28,0.39,9.516,9.673,8.937,9.006,10.5,9.71,11.58,11.38,-0.002,-0.003,-0.002,0.0,0.01,-80.3064038,26.9209497,876.45
9.3,0.4,0.0,0.03,-0.06,-0.06,-0.04,0.11,-0.13,-0.28,0.39,9.516,9.643,8.966,9.015,10.4,9.81,11.58,11.28,-0.002,-0.003,-0.002,0.0,0.01,-80.3064038,26.9209497,876.5
9.3,0.4,0.0,0.03,-0.06,-0.05,-0.13,0.09,0.14,-0.28,0.39,9.506,9.624,8.947,8.996,10.2,9.91,11.77,11.38,-0.002,-0.003,-0.002,0.0,0.01,-80.3064038,26.9209497,876.55
9.3,0.4,0.0,0.03,-0.07,-0.04,0.23,-0.0,-0.14,-0.27,0.4,9.486,9.633,8.927,9.006,10.4,9.81,11.48,11.18,-0.002,-0.003,-0.002,0.0,0.01,-80.3064038,26.9209497,876.6
9.3,0.4,0.0,0.03,-0.05,-0.05,-0.34,0.1,0.23,-0.3,0.38,9.506,9.643,8.966,9.025,10.3,9.91,11.87,11.18,-0.002,-0.003,-0.002,0.0,0.01,-80.3064038,26.9209497,876.65
9.3,0.4,0.0,0.03,-0.06,-0.05,-0.06,0.28,-0.39,-0.28,0.39,9.496,9.653,8.947,9.035,10.4,9.81,11.77,11.09,-0.002,-0.003,-0.002,0.0,0.01,-80.3064038,26.9209497,876.7
9.3,0.4,0.0,0.04,-0.07,-0.05,0.03,0.1,-0.01,-0.28,0.39,9.496,9.643,8.927,9.015,10.3,9.71,11.58,11.38,-0.002,-0.003,-0.002,0.0,0.01,-80.3064038,26.9209497,876.75
9.2,0.4,0.0,0.04,-0.06,-0.04,-0.2,-0.04,0.21,-0.28,0.4,9.506,9.643,8.927,9.006,10.5,9.71,11.77,11.09,-0.002,-0.003,-0.002,0.0,0.01,-80.3064038,26.9209497,876.8
9.2,0.4,0.0,0.04,-0.07,-0.04,0.36,-0.24,0.28,-0.28,0.39,9.506,9.663,8.937,8.986,10.3,9.81,11.38,10.99,-0.002,-0.003,-0.002,0.0,0.01,-80.3064038,26.9209497,876.85
9.3,0.4,0.0,0.04,-0.05,-0.05,0.07,-0.35,0.06,-0.3,0.39,9.506,9.633,8.966,9.035,10.2,10.01,11.58,10.99,-0.002,-0.003,-0.002,0.0,0.01,-80.3064038,26.9209497,876.9
9.3,0.4,0.0,0.04,-0.07,-0.03,-0.09,0.11,-0.13,-0.26,0.4,9.496,9.663,8.947,8.996,10.2,9.81,11.58,11.48,-0.002,-0.003,-0.002,0.0,0.01,-80.3064038,26.9209497,876.95
9.2,0.4,0.0,0.04,-0.05,-0.06,-0.06,0.07,-0.12,-0.24,0.4,9.476,9.643,8.937,9.015,10.1,9.71,11.67,11.28,-0.002,-0.003,-0.002,0.0,0.01,-80.3064038,26.9209497,877.0
9.3,0.4,0.0,0.04,-0.06,-0.06,-0.07,0.05,0.11,-0.22,0.4,9.496,9.653,8.937,9.006,10.4,9.81,11.67,11.48,-0.002,-0.003,-0.002,0.0,0.01,-80.3064038,26.9209497,877.05
9.3,0.4,0.0,-0.01,-0.06,-0.05,-0.08,-0.02,-0.23,-0.19,0.41,9.506,9.643,8.927,9.006,10.3,9.81,11.58,11.09,-0.002,-0.003,-0.002,0.0,0.0,-80.3064038,26.9209497,877.1
9.3,0.4,0.0,-0.01,-0.06,-0.03,-0.03,-0.07,0.23,-0.28,0.39,9.496,9.673,8.957,9.025,10.3,9.71,11.77,11.18,-0.002,-0.003,-0.002,0.0,0.0,-80.3064038,26.9209497,877.15
9.3,0.4,0.0,-0.01,-0.06,-0.05,0.32,-0.18,0.06,-0.26,0.38,9.506,9.663,8.957,9.015,10.3,9.71,11.97,11.38,-0.002,-0.003,-0.002,0.0,0.01,-80.3064038,26.9209497,877.2
9.3,0.4,0.0,-0.01,-0.06,-0.05,-0.05,0.17,-0.45,-0.24,0.37,9.486,9.653,8.947,9.025,10.5,9.81,11.87,11.18,-0.002,-0.003,-0.002,0.0,0.0,-80.3064038,26.9209497,877.25
9.2,0.4,0.0,-0.01,-0.06,-0.04,0.1,-0.04,0.1,-0.23,0.36,9.506,9.653,8.927,8.996,10.5,9.61,11.67,11.38,-0.002,-0.003,-0.002,0.0,0.0,-80.3064038,26.9209497,877.3
9.3,0.4,0.0,-0.01,-0.05,-0.04,-0.24,-0.16,0.05,-0.28,0.39,9.506,9.673,8.937,9.015,10.4,9.71,11.58,11.38,-0.002,-0.003,-0.002,0.0,0.0,-80.3064038,26.9209497,877.35
9.3,0.4,0.0,-0.01,-0.06,-0.04,0.04,-0.14,-0.17,-0.29,0.39,9.526,9.663,8.947,9.006,10.4,9.71,11.38,11.38,-0.002,-0.003,-0.002,0.0,0.0,-80.3064038,26.9209497,877.4
9.3,0.4,0.0,-0.01,-0.05,-0.05,-0.05,-0.2,-0.14,-0.28,0.39,9.506,9.633,8.937,9.015,10.4,9.52,11.87,11.38,-0.002,-0.003,-0.002,0.0,0.0,-80.3064038,26.9209497,877.45
9.3,0.4,0.0,-0.01,-0.06,-0.04,0.2,0.04,0.44,-0.29,0.38,9.486,9.653,8.947,9.015,10.3,9.61,11.38,11.38,-0.002,-0.003,-0.002,0.0,0.0,-80.3064038,26.9209497,877.5
9.3,0.4,0.0,-0.01,-0.06,-0.04,-0.12,0.06,-0.11,-0.3,0.38,9.506,9.663,8.947,9.006,10.4,10.01,11.87,11.28,-0.002,-0.003,-0.002,0.0,-0.0,-80.3064037,26.9209497,877.55
9.3,0.4,0.0,-0.01,-0.05,-0.05,0.17,0.1,0.39,-0.29,0.4,9.486,9.663,8.937,8.996,10.3,9.61,11.87,11.28,-0.002,-0.003,-0.002,0.0,0.0,-80.3064037,26.9209497,877.6
9.3,0.4,0.0,-0.01,-0.07,-0.03,-0.15,0.0,-0.21,-0.28,0.38,9.506,9.653,8.917,9.015,10.3,9.61,11.67,11.18,-0.002,-0.003,-0.002,0.0,-0.0,-80.3064037,26.9209497,877.65
9.3,0.4,0.0,-0.01,-0.04,-0.07,-0.08,-0.11,0.09,-0.27,0.4,9.476,9.663,8.986,9.035,10.4,9.42,11.38,11.09,-0.002,-0.003,-0.002,0.0,-0.0,-80.3064037,26.9209497,877.7
9.3,0.4,0.0,-0.01,-0.08,-0.03,0.21,0.17,-0.12,-0.25,0.4,9.476,9.663,8.957,9.035,10.4,9.91,11.77,11.28,-0.002,-0.003,-0.002,0.0,-0.0,-80.3064037,26.9209497,877.75
9.3,0.4,0.0,-0.01,-0.05,-0.05,-0.17,-0.2,-0.13,-0.29,0.39,9.486,9.663,8.927,9.025,10.4,9.61,11.97,11.38,-0.002,-0.003,-0.002,0.0,-0.0,-80.3064037,26.9209497,877.8
9.3,0.4,0.0,-0.01,-0.06,-0.03,-0.09,0.24,0.1,-0.27,0.4,9.506,9.663,8.966,9.035,10.4,9.81,11.58,11.09,-0.002,-0.003,-0.002,0.0,-0.0,-80.3064037,26.9209497,877.85
9.3,0.4,0.0,-0.02,-0.05,-0.05,0.07,0.19,0.27,-0.27,0.4,9.486,9.682,8.957,9.006,10.5,9.91,11.67,11.09,-0.002,-0.003,-0.002,0.0,-0.0,-80.3064037,26.9209497,877.9
9.3,0.4,0.0,-0.02,-0.06,-0.03,-0.08,-0.45,0.06,-0.3,0.39,9.496,9.653,8.957,9.035,10.4,9.71,11.58,11.38,-0.002,-0.003,-0.002,0.0,-0.0,-80.3064037,26.9209497,877.95
9.3,0.4,0.0,-0.01,-0.07,-0.06,0.06,0.5,-0.35,-0.28,0.38,9.467,9.653,8.976,8.996,10.3,9.91,11.67,11.58,-0.002,-0.003,-0.002,0.0,0.0,-80.3064037,26.9209497,878.0
9.2,0.4,0.0,-0.01,-0.05,-0.05,0.19,0.13,0.09,-0.28,0.39,9.467,9.663,8.927,8.996,10.5,9.71,11.58,11.28,-0.002,-0.003,-0.002,0.0,0.0,-80.3064037,26.9209497,878.05
9.2,0.4,0.0,-0.01,-0.06,-0.02,-0.44,-0.32,-0.09,-0.28,0.39,9.516,9.643,8.927,8.966,10.2,9.81,11.77,11.77,-0.002,-0.003,-0.002,0.0,0.0,-80.3064037,26.9209497,878.1
9.2,0.4,0.0,-0.01,-0.06,-0.05,0.13,0.06,-0.1,-0.28,0.39,9.506,9.653,8.937,8.976,10.5,9.81,11.77,11.09,-0.002,-0.003,-0.002,0.0,0.0,-80.3064037,26.9209497,878.15
9.2,0.4,0.0,-0.01,-0.07,-0.04,0.2,0.01,-0.17,-0.28,0.39,9.526,9.682,8.937,8.976,10.3,9.81,11.87,11.38,-0.002,-0.003,-0.002,0.0,0.0,-80.3064037,26.9209497,878.2
9.3,0.4,0.0,-0.01,-0.07,-0.04,-0.26,0.08,-0.08,-0.27,0.4,9.496,9.663,8.957,9.025,10.5,9.52,11.48,11.18,-0.002,-0.003,-0.002,0.0,0.0,-80.3064037,26.9209497,878.25
9.3,0.4,0.0,-0.01,-0.06,-0.05,-0.11,0.27,-0.07,-0.28,0.39,9.535,9.643,8.947,9.015,10.3,9.71,11.77,10.99,-0.002,-0.003,-0.002,0.0,0.0,-80.3064037,26.9209496,878.3
9.3,0.4,0.0,-0.01,-0.05,-0.04,-0.26,0.22,0.16,-0.28,0.39,9.486,9.653,8.947,9.025,10.4,9.71,11.38,11.09,-0.002,-0.003,-0.002,0.0,0.0,-80.3064037,26.9209496,878.35
9.3,0.4,0.0,-0.01,-0.06,-0.06,0.65,0.19,0.17,-0.28,0.39,9.506,9.643,8.957,9.006,10.5,9.71,11.38,10.99,-0.002,-0.003,-0.002,0.0,0.0,-80.3064037,26.9209496,878.4
9.3,0.4,0.0,-0.01,-0.05,-0.07,0.17,0.13,0.11,-0.28,0.39,9.486,9.663,8.947,8.996,10.5,9.71,11.87,11.18,-0.002,-0.003,-0.002,0.0,-0.0,-80.3064037,26.9209496,878.45
9.3,0.4,0.0,-0.01,-0.06,-0.04,0.03,-0.13,0.5,-0.29,0.4,9.516,9.643,8.917,9.025,10.59,9.91,11.87,11.18,-0.002,-0.003,-0.002,0.0,-0.0,-80.3064037,26.9209496,878.5
9.3,0.4,0.0,-0.01,-0.06,-0.05,0.07,0.12,0.16,-0.28,0.39,9.496,9.673,8.957,9.006,10.2,9.61,11.67,11.58,-0.002,-0.003,-0.002,0.0,-0.0,-80.3064037,26.9209496,878.55
9.3,0.4,0.0,-0.01,-0.06,-0.05,-0.12,0.03,-0.01,-0.28,0.39,9.526,9.643,8.917,9.025,10.4,9.81,11.87,11.09,-0.002,-0.003,-0.002,0.0,-0.0,-80.3064037,26.9209496,878.6
9.3,0.4,0.0,-0.01,-0.07,-0.05,0.21,0.04,0.16,-0.28,0.39,9.496,9.633,8.957,9.035,10.4,9.71,11.77,10.99,-0.002,-0.003,-0.002,0.0,-0.0,-80.3064037,26.9209496,878.65
9.3,0.4,0.0,-0.01,-0.06,-0.05,0.01,0.15,0.29,-0.3,0.39,9.496,9.702,8.937,9.006,10.3,9.42,11.67,11.38,-0.002,-0.003,-0.002,0.0,-0.0,-80.3064037,26.9209496,878.7
9.3,0.4,0.0,-0.01,-0.07,-0.05,0.02,-0.04,0.02,-0.28,0.39,9.506,9.663,8.957,9.025,10.4,9.81,11.58,11.28,-0.002,-0.003,-0.002,0.0,-0.0,-80.3064037,26.9209496,878.75
9.3,0.4,0.0,-0.0,-0.07,-0.05,0.03,-0.03,-0.26,-0.3,0.4,9.506,9.653,8.947,8.996,10.4,9.71,11.38,11.09,-0.002,-0.003,-0.002,0.0,0.01,-80.3064037,26.9209496,878.8
9.3,0.4,0.0,0.0,-0.06,-0.04,-0.18,-0.29,-0.04,-0.29,0.39,9.496,9.643,8.937,9.015,10.4,9.61,11.58,11.09,-0.002,-0.003,-0.002,0.0,0.01,-80.3064037,26.9209496,878.85
9.3,0.4,0.0,0.0,-0.06,-0.05,-0.18,0.06,-0.01,-0.31,0.39,9.506,9.682,8.927,8.996,10.1,9.52,11.58,11.48,-0.002,-0.003,-0.002,0.0,0.01,-80.3064037,26.9209496,878.9
9.3,0.4,0.0,0.0,-0.07,-0.06,0.23,0.22,-0.53,-0.32,0.39,9.516,9.643,8.947,9.035,10.2,9.81,11.58,11.28,-0.002,-0.003,-0.002,0.0,0.01,-80.3064037,26.9209496,878.95
9.3,0.4,0.0,0.0,-0.05,-0.05,-0.05,0.09,0.59,-0.34,0.39,9.496,9.663,8.937,9.006,10.01,9.71,11.67,11.28,-0.002,-0.003,-0.002,0.0,0.01,-80.3064037,26.9209496,879.0
9.3,0.4,0.0,0.0,-0.05,-0.04,-0.02,0.25,0.37,-0.29,0.39,9.496,9.653,8.947,8.996,10.01,9.81,11.48,11.18,-0.002,-0.003,-0.002,0.0,0.02,-80.3064037,26.9209496,879.05
9.3,0.4,0.0,0.0,-0.06,-0.05,0.15,-0.16,-0.34,-0.29,0.39,9.496,9.663,8.947,9.035,10.3,10.01,11.87,11.38,-0.002,-0.003,-0.002,0.0,0.02,-80.3064037,26.9209496,879.1
9.2,0.4,0.0,0.0,-0.07,-0.07,0.28,0.3,0.06,-0.28,0.39,9.506,9.653,8.937,8.976,10.3,9.52,12.07,11.38,-0.002,-0.003,-0.002,0.0,0.02,-80.3064037,26.9209496,879.15
9.2,0.4,0.0,0.01,-0.07,-0.03,-0.05,-0.02,-0.17,-0.29,0.39,9.486,9.663,8.927,8.966,10.3,9.52,11.97,11.09,-0.002,-0.003,-0.002,0.0,0.02,-80.3064037,26.9209496,879.2
9.3,0.4,0.0,0.01,-0.06,-0.05,0.19,-0.06,-0.24,-0.3,0.39,9.496,9.682,8.937,9.015,10.4,9.71,11.38,11.38,-0.002,-0.003,-0.002,0.0,0.02,-80.3064037,26.9209496,879.25
9.3,0.4,0.0,0.01,-0.06,-0.02,0.03,0.03,0.03,-0.27,0.39,9.496,9.663,8.937,9.006,10.01,9.42,11.77,11.48,-0.002,-0.003,-0.002,0.0,0.02,-80.3064037,26.9209496,879.3
9.3,0.4,0.0,0.01,-0.06,-0.04,0.13,0.16,-0.09,-0.25,0.39,9.506,9.653,8.947,9.025,10.1,9.61,11.38,11.28,-0.002,-0.003,-0.002,0.0,0.02,-80.3064037,26.9209496,879.35
9.3,0.4,0.0,0.01,-0.06,-0.05,-0.18,0.01,0.04,-0.28,0.39,9.496,9.663,8.947,8.986,10.4,9.61,11.87,11.38,-0.002,-0.003,-0.002,0.0,0.02,-80.3064037,26.9209496,879.4
9.3,0.4,0.0,0.01,-0.06,-0.06,-0.18,0.06,-0.16,-0.28,0.39,9.516,9.663,8.966,9.006,10.2,9.71,11.58,11.38,-0.002,-0.003,-0.002,0.0,0.02,-80.3064038,26.9209496,879.45
9.3,0.4,0.0,0.01,-0.07,-0.04,0.2,0.35,0.11,-0.27,0.38,9.496,9.673,8.947,9.006,10.4,9.61,11.77,10.89,-0.002,-0.003,-0.002,0.0,0.02,-80.3064038,26.9209496,879.5
9.3,0.4,0.0,0.01,-0.05,-0.04,0.03,0.16,0.01,-0.26,0.37,9.496,9.663,8.957,9.015,10.4,9.81,11.48,11.18,-0.002,-0.003,-0.002,0.0,0.02,-80.3064038,26.9209496,879.55
9.3,0.4,0.0,0.01,-0.08,-0.04,-0.04,-0.03,-0.59,-0.28,0.39,9.476,9.673,8.947,9.015,10.1,10.01,11.58,11.28,-0.002,-0.003,-0.002,0.0,0.02,-80.3064038,26.9209496,879.6
9.3,0.4,0.0,0.02,-0.04,-0.06,-0.19,-0.02,0.13,-0.29,0.4,9.496,9.663,8.937,8.996,10.3,9.71,11.28,11.09,-0.002,-0.003,-0.002,0.0,0.02,-80.3064038,26.9209496,879.65
9.3,0.4,0.0,0.02,-0.06,-0.03,-0.22,0.04,-0.03,-0.28,0.39,9.526,9.653,8.957,9.006,10.1,9.91,11.38,11.09,-0.002,-0.003,-0.002,0.0,0.02,-80.3064038,26.9209496,879.7
9.3,0.4,0.0,0.02,-0.06,-0.05,0.05,-0.02,-0.07,-0.28,0.39,9.496,9.682,8.937,9.015,10.3,9.71,11.67,11.28,-0.002,-0.003,-0.002,0.0,0.03,-80.3064038,26.9209496,879.75
9.3,0.4,0.0,0.02,-0.06,-0.04,-0.03,0.11,-0.43,-0.28,0.39,9.506,9.643,8.937,8.996,10.3,9.81,11.77,11.38,-0.002,-0.003,-0.002,0.0,0.02,-80.3064038,26.9209496,879.8
9.3,0.4,0.0,0.02,-0.07,-0.03,-0.07,-0.21,0.02,-0.27,0.39,9.496,9.624,8.986,9.035,10.4,9.32,11.67,11.48,-0.002,-0.003,-0.002,0.0,0.03,-80.3064038,26.9209496,879.85
9.3,0.4,0.0,0.02,-0.05,-0.05,0.01,-0.33,-0.18,-0.27,0.39,9.496,9.653,8.957,9.025,10.4,9.61,11.58,11.09,-0.002,-0.003,-0.002,0.0,0.03,-80.3064038,26.9209496,879.9
9.3,0.4,0.0,0.01,-0.07,-0.03,0.02,-0.47,0.11,-0.27,0.38,9.486,9.624,8.986,9.006,10.4,10.01,11.58,11.28,-0.002,-0.003,-0.002,0.0,0.01,-80.3064038,26.9209496,879.95
9.3,0.4,0.0,0.01,-0.05,-0.06,-0.24,0.13,0.01,-0.28,0.39,9.516,9.653,8.937,9.035,10.3,9.91,11.77,11.28,-0.002,-0.003,-0.002,0.0,0.01,-80.3064038,26.9209496,880.0
9.3,0.4,0.0,0.01,-0.07,-0.03,-0.13,0.17,0.06,-0.28,0.39,9.476,9.663,8.966,9.015,10.5,9.42,11.77,11.38,-0.002,-0.003,-0.002,0.0,0.01,-80.3064038,26.9209496,880.05
9.3,0.4,0.0,0.01,-0.06,-0.07,-0.01,0.21,-0.06,-0.29,0.39,9.496,9.663,8.957,9.025,10.4,9.81,11.58,11.09,-0.002,-0.003,-0.002,0.0,0.01,-80.3064038,26.9209496,880.1
9.3,0.4,0.0,-0.0,-0.09,-0.03,0.07,-0.46,-0.4,-0.31,0.39,9.496,9.653,8.976,9.025,10.2,9.52,11.77,11.28,-0.002,-0.003,-0.002,0.0,0.0,-80.3064038,26.9209496,880.15
9.3,0.4,0.0,-0.0,-0.05,-0.08,0.07,0.11,-0.16,-0.28,0.39,9.526,9.682,8.947,9.006,10.2,9.52,11.48,11.28,-0.002,-0.003,-0.002,0.0,0.0,-80.3064038,26.9209496,880.2
9.3,0.4,0.0,0.0,-0.08,-0.03,-0.02,-0.34,-0.21,-0.29,0.39,9.516,9.673,8.927,9.006,10.69,9.61,11.48,11.28,-0.002,-0.003,-0.002,0.0,-0.0,-80.3064038,26.9209496,880.25
9.3,0.4,0.0,-0.0,-0.05,-0.05,-0.08,0.19,0.1,-0.27,0.39,9.496,9.663,8.947,8.986,10.3,9.61,11.58,11.38,-0.002,-0.003,-0.002,0.0,0.0,-80.3064038,26.9209496,880.3
9.3,0.4,0.0,0.0,-0.07,-0.05,-0.07,-0.26,0.16,-0.28,0.39,9.506,9.682,8.917,8.986,10.4,9.71,11.77,11.18,-0.002,-0.003,-0.002,0.0,-0.0,-80.3064038,26.9209496,880.35
9.3,0.4,0.0,0.0,-0.06,-0.05,-0.16,-0.14,0.1,-0.29,0.39,9.516,9.673,8.937,9.006,10.69,9.81,11.58,11.58,-0.002,-0.003,-0.002,0.0,-0.0,-80.3064038,26.9209496,880.4
9.2,0.4,0.0,-0.0,-0.23,0.15,0.5,-0.18,-0.11,-0.29,0.39,9.486,9.633,8.927,9.006,10.59,9.52,11.58,11.18,-0.002,-0.003,-0.002,0.0,0.0,-80.3064038,26.9209496,880.45
9.3,0.4,0.0,-0.0,-0.05,-0.05,-0.21,-0.14,-0.2,-0.26,0.39,9.496,9.663,8.927,9.015,10.5,9.61,11.87,11.18,-0.002,-0.003,-0.002,0.0,-0.0,-80.3064038,26.9209496,880.5
9.3,0.4,0.0,0.0,-0.07,-0.05,-0.04,0.12,0.13,-0.27,0.39,9.496,9.663,8.927,9.025,10.4,9.71,11.48,11.18,-0.002,-0.003,-0.002,0.0,-0.0,-80.3064038,26.9209496,880.55
9.3,0.4,0.0,-0.0,-0.08,-0.04,0.33,-0.23,-0.41,-0.27,0.4,9.526,9.633,8.957,9.006,10.2,9.81,11.77,11.28,-0.002,-0.003,-0.002,0.0,0.0,-80.3064038,26.9209497,880.6
9.3,0.4,0.0,-0.0,-0.08,-0.05,0.19,0.12,0.02,-0.26,0.41,9.526,9.663,8.927,8.996,10.4,9.81,11.67,11.28,-0.002,-0.003,-0.002,0.0,0.0,-80.3064038,26.9209497,880.65
9.3,0.4,0.0,-0.0,-0.06,-0.07,0.39,0.09,0.13,-0.25,0.41,9.535,9.653,8.937,9.015,10.5,9.52,11.67,11.38,-0.002,-0.003,-0.002,0.0,-0.0,-80.3064038,26.9209497,880.7
9.3,0.4,0.0,0.0,-0.07,-0.04,-0.11,0.24,0.02,-0.25,0.42,9.496,9.663,8.937,9.015,10.4,9.91,11.58,10.99,-0.002,-0.003,-0.002,0.0,-0.0,-80.3064038,26.9209497,880.75
9.3,0.4,0.0,-0.0,-0.06,-0.06,0.22,0.25,0.1,-0.24,0.42,9.516,9.653,8.947,9.025,10.5,9.61,11.87,11.28,-0.002,-0.003,-0.002,0.0,0.0,-80.3064038,26.9209497,880.8
9.3,0.4,0.0,-0.0,-0.06,-0.04,0.02,-0.06,0.06,-0.24,0.43,9.496,9.653,8.937,9.006,10.59,9.71,11.77,11.28,-0.002,-0.003,-0.002,0.0,0.0,-80.3064038,26.9209497,880.85
9.3,0.4,0.0,-0.0,-0.06,-0.04,-0.25,0.09,0.01,-0.27,0.39,9.516,9.643,8.976,9.035,10.5,9.71,11.58,11.18,-0.002,-0.003,-0.002,0.0,-0.0,-80.3064038,26.9209497,880.9
9.3,0.4,0.0,-0.0,-0.06,-0.07,0.04,-0.21,-0.06,-0.29,0.38,9.535,9.682,8.957,9.025,10.2,9.81,11.28,10.99,-0.002,-0.003,-0.002,0.0,0.0,-80.3064038,26.9209497,880.95
9.3,0.4,0.0,-0.0,-0.07,-0.03,0.01,0.21,0.57,-0.27,0.39,9.526,9.653,8.927,8.996,10.5,9.71,11.77,11.28,-0.002,-0.003,-0.002,0.0,0.0,-80.3064038,26.9209497,881.0
9.3,0.4,0.0,-0.0,-0.06,-0.06,0.13,0.28,-0.01,-0.26,0.39,9.476,9.643,8.966,9.035,10.5,9.61,11.67,11.28,-0.002,-0.003,-0.002,0.0,0.0,-80.3064038,26.9209497,881.05
9.3,0.4,0.0,-0.0,-0.09,-0.06,0.15,0.18,-0.51,-0.27,0.39,9.496,9.673,8.957,9.055,10.5,9.52,11.48,11.18,-0.002,-0.003,-0.002,0.0,0.0,-80.3064039,26.9209497,881.1
9.3,0.4,0.0,-0.0,-0.07,-0.04,0.14,-0.1,-0.31,-0.27,0.38,9.506,9.663,8.966,9.015,10.2,9.81,11.77,11.28,-0.002,-0.003,-0.002,0.0,0.0,-80.3064039,26.9209497,881.15
9.3,0.4,0.0,0.0,-0.07,-0.05,-0.08,-0.08,-0.23,-0.28,0.39,9.486,9.643,8.947,9.015,10.3,9.91,11.48,11.18,-0.002,-0.003,-0.002,0.0,-0.0,-80.3064038,26.9209498,881.2
9.3,0.4,0.0,-0.0,-0.05,-0.06,-0.09,0.06,-0.22,-0.26,0.39,9.496,9.663,8.917,9.006,10.5,9.71,11.87,11.28,-0.002,-0.003,-0.002,0.0,-0.0,-80.3064038,26.9209498,881.25
9.2,0.4,0.0,-0.0,-0.06,-0.04,-0.11,-0.12,0.2,-0.26,0.39,9.516,9.682,8.907,8.996,10.59,9.71,11.87,11.28,-0.002,-0.003,-0.002,0.0,-0.0,-80.3064038,26.9209498,881.3
9.3,0.4,0.0,-0.0,-0.07,-0.05,-0.04,-0.0,-0.16,-0.26,0.39,9.526,9.643,8.937,8.996,10.1,9.61,11.58,11.38,-0.002,-0.003,-0.002,0.0,-0.0,-80.3064038,26.9209498,881.35
9.3,0.4,0.0,-0.0,-0.07,-0.02,0.11,-0.21,0.01,-0.26,0.38,9.486,9.653,8.947,9.025,10.4,9.61,11.87,11.09,-0.002,-0.003,-0.002,0.0,-0.0,-80.3064038,26.9209498,881.4
9.3,0.4,0.0,-0.0,-0.05,-0.03,-0.07,-0.12,-0.41,-0.27,0.38,9.496,9.633,8.917,9.015,10.3,9.52,11.48,11.48,-0.002,-0.003,-0.002,0.0,-0.0,-80.3064038,26.9209498,881.45
9.2,0.4,0.0,0.0,-0.07,-0.06,0.1,0.18,0.28,-0.26,0.39,9.476,9.663,8.927,9.006,10.59,9.52,11.58,11.28,-0.002,-0.003,-0.002,0.0,-0.0,-80.3064038,26.9209498,881.5
9.3,0.4,0.0,-0.01,-0.06,-0.06,-0.01,0.04,0.15,-0.26,0.39,9.486,9.624,8.927,9.015,10.3,9.42,11.58,11.09,-0.002,-0.003,-0.002,0.0,-0.01,-80.3064038,26.9209498,881.55
9.3,0.4,0.0,-0.0,-0.07,-0.07,0.01,0.12,-0.31,-0.26,0.38,9.506,9.633,8.937,9.015,10.3,9.81,11.87,11.28,-0.002,-0.003,-0.002,0.0,-0.01,-80.3064038,26.9209498,881.6
9.3,0.4,0.0,-0.01,-0.07,-0.03,0.03,-0.21,-0.01,-0.26,0.4,9.496,9.682,8.976,9.064,10.1,9.42,12.07,11.58,-0.002,-0.003,-0.002,0.0,-0.01,-80.3064038,26.9209498,881.65
9.3,0.4,0.0,-0.0,-0.06,-0.03,0.07,0.07,-0.07,-0.27,0.39,9.506,9.663,8.957,9.006,10.1,9.71,11.77,11.28,-0.002,-0.003,-0.002,0.0,-0.01,-80.3064038,26.9209498,881.7
9.3,0.4,0.0,-0.0,-0.06,-0.05,0.03,-0.05,-0.41,-0.29,0.4,9.516,9.653,8.947,9.006,10.4,9.61,11.87,11.28,-0.002,-0.003,-0.002,0.0,-0.01,-80.3064038,26.9209499,881.75
9.3,0.4,0.0,-0.0,-0.05,-0.05,-0.04,-0.18,-0.17,-0.26,0.38,9.516,9.663,8.927,9.006,10.2,9.71,11.58,11.28,-0.002,-0.003,-0.002,0.0,-0.01,-80.3064038,26.9209499,881.8
9.3,0.4,0.0,-0.0,-0.06,-0.04,0.09,-0.25,0.45,-0.27,0.39,9.496,9.633,8.957,9.006,10.5,9.52,11.77,11.38,-0.002,-0.003,-0.002,0.0,-0.01,-80.3064038,26.9209499,881.85
9.3,0.4,0.0,-0.0,-0.07,-0.06,0.03,0.23,-0.4,-0.26,0.38,9.486,9.643,8.898,8.976,10.4,9.52,11.87,11.67,-0.002,-0.003,-0.002,0.0,-0.01,-80.3064038,26.9209499,881.9
9.3,0.4,0.0,-0.0,-0.06,-0.04,0.2,0.28,-0.0,-0.25,0.38,9.516,9.663,8.947,9.015,10.4,9.71,11.58,11.58,-0.002,-0.003,-0.002,0.0,-0.01,-80.3064038,26.9209499,881.95
9.3,0.4,0.0,-0.0,-0.05,-0.03,-0.22,-0.06,0.14,-0.26,0.39,9.496,9.643,8.947,9.006,10.2,9.61,11.67,11.18,-0.002,-0.003,-0.002,0.0,-0.01,-80.3064038,26.9209499,882.0
9.3,0.4,0.0,-0.0,-0.08,-0.03,0.09,-0.22,-0.14,-0.26,0.38,9.535,9.663,8.957,8.986,10.4,9.81,11.58,11.18,-0.002,-0.003,-0.002,0.0,-0.01,-80.3064038,26.9209499,882.05
9.3,0.4,0.0,-0.0,-0.05,-0.08,0.12,0.12,-0.03,-0.26,0.39,9.496,9.663,8.947,8.986,10.3,9.81,11.67,11.38,-0.002,-0.003,-0.002,0.0,-0.02,-80.3064038,26.9209499,882.1
9.3,0.4,0.0,-0.0,-0.07,-0.04,0.35,0.07,0.4,-0.26,0.4,9.496,9.673,8.976,9.015,10.4,9.81,11.77,11.28,-0.002,-0.003,-0.002,0.0,-0.02,-80.3064038,26.9209499,882.15
9.3,0.4,0.0,0.0,-0.05,-0.06,-0.09,-0.01,-0.6,-0.26,0.38,9.506,9.653,8.947,9.015,10.4,9.71,11.48,11.18,-0.002,-0.003,-0.002,0.0,-0.02,-80.3064038,26.9209499,882.2
9.3,0.4,0.0,0.0,-0.08,-0.03,0.08,-0.09,0.11,-0.26,0.42,9.496,9.673,8.957,9.045,10.4,9.61,11.58,11.28,-0.002,-0.003,-0.002,0.0,-0.02,-80.3064038,26.9209499,882.25
9.3,0.4,0.0,0.0,-0.05,-0.07,-0.07,0.12,-0.23,-0.26,0.38,9.476,9.653,8.917,8.976,10.59,9.71,11.97,11.28,-0.002,-0.003,-0.002,0.0,-0.02,-80.3064038,26.9209499,882.3
9.3,0.4,0.0,0.0,-0.06,-0.04,-0.1,-0.04,-0.09,-0.26,0.38,9.516,9.653,8.976,9.015,10.59,9.91,11.67,11.09,-0.002,-0.003,-0.002,0.0,-0.02,-80.3064038,26.9209499,882.35
9.3,0.4,0.0,0.0,-0.07,-0.05,0.0,-0.25,-0.11,-0.26,0.38,9.496,9.663,8.937,9.015,10.1,9.81,11.38,10.99,-0.002,-0.003,-0.002,0.0,-0.02,-80.3064038,26.92095,882.4
9.3,0.4,0.0,0.0,-0.05,-0.03,-0.18,0.1,0.05,-0.26,0.38,9.486,9.663,8.957,9.025,10.4,9.91,11.77,11.18,-0.002,-0.003,-0.002,0.0,-0.02,-80.3064038,26.92095,882.45
9.3,0.4,0.0,0.0,-0.05,-0.05,-0.06,-0.04,0.13,-0.27,0.38,9.526,9.673,8.966,9.035,10.5,9.61,11.58,11.28,-0.002,-0.003,-0.002,0.0,-0.02,-80.3064038,26.92095,882.5
9.2,0.4,0.0,0.0,-0.07,-0.05,0.14,-0.17,0.11,-0.26,0.39,9.516,9.663,8.937,9.015,10.1,9.71,11.77,11.38,-0.002,-0.003,-0.002,0.0,-0.02,-80.3064038,26.92095,882.55
9.2,0.4,0.0,0.0,-0.06,-0.05,-0.15,0.08,-0.15,-0.25,0.39,9.476,9.673,8.947,9.015,10.5,9.61,11.77,11.48,-0.002,-0.003,-0.002,0.0,-0.02,-80.3064038,26.92095,882.6
9.3,0.4,0.0,0.01,-0.07,-0.05,-0.16,-0.06,-0.11,-0.26,0.38,9.496,9.653,8.947,9.025,10.3,9.81,11.77,11.38,-0.002,-0.003,-0.002,0.0,-0.02,-80.3064038,26.92095,882.65
9.3,0.4,0.0,0.0,-0.06,-0.04,0.08,0.08,-0.09,-0.26,0.4,9.506,9.653,8.966,9.006,10.3,9.81,11.58,11.28,-0.002,-0.003,-0.002,0.0,-0.02,-80.3064038,26.92095,882.7
9.3,0.4,0.0,0.01,-0.08,-0.05,0.25,0.14,-0.02,-0.27,0.4,9.516,9.673,8.927,9.006,10.1,9.61,11.87,11.18,-0.002,-0.003,-0.002,0.0,-0.02,-80.3064038,26.92095,882.75
9.3,0.4,0.0,0.01,-0.06,-0.05,0.18,-0.13,-0.08,-0.26,0.38,9.526,9.663,8.907,9.006,10.69,10.01,11.77,10.99,-0.002,-0.003,-0.002,0.0,-0.02,-80.3064038,26.92095,882.8
9.3,0.4,0.0,0.01,-0.06,-0.04,-0.02,0.24,-0.05,-0.26,0.39,9.516,9.643,8.947,9.015,10.3,9.91,11.58,11.38,-0.002,-0.003,-0.002,0.0,-0.03,-80.3064038,26.92095,882.85
9.3,0.4,0.0,0.01,-0.06,-0.04,0.0,0.33,0.08,-0.27,0.4,9.506,9.653,8.966,9.015,10.3,10.01,11.77,11.28,-0.002,-0.003,-0.002,0.0,-0.03,-80.3064038,26.92095,882.9
9.3,0.4,0.0,0.01,-0.06,-0.05,-0.01,-0.32,0.27,-0.26,0.39,9.496,9.673,8.947,9.025,10.3,9.81,11.38,10.99,-0.002,-0.003,-0.002,0.0,-0.03,-80.3064038,26.92095,882.95
9.3,0.4,0.0,0.01,-0.07,-0.05,-0.22,-0.06,0.05,-0.26,0.39,9.496,9.653,8.937,9.006,10.3,9.52,11.77,11.58,-0.002,-0.003,-0.002,0.0,-0.03,-80.3064038,26.92095,883.0
9.3,0.4,0.0,0.01,-0.06,-0.04,-0.11,-0.17,-0.07,-0.27,0.39,9.496,9.663,8.937,9.025,10.3,9.81,11.58,11.09,-0.002,-0.003,-0.002,0.0,-0.03,-80.3064038,26.92095,883.05
9.3,0.4,0.0,0.01,-0.06,-0.04,-0.21,0.04,0.44,-0.27,0.4,9.516,9.663,8.947,9.045,10.5,9.61,11.67,11.28,-0.002,-0.003,-0.002,0.0,-0.03,-80.3064038,26.92095,883.1
9.3,0.4,0.0,0.01,-0.07,-0.05,0.04,-0.16,-0.15,-0.26,0.38,9.506,9.653,8.966,9.015,10.1,9.71,11.87,11.38,-0.002,-0.003,-0.002,0.0,-0.03,-80.3064038,26.92095,883.15
9.3,0.4,0.0,0.01,-0.06,-0.04,0.07,0.12,0.11,-0.26,0.39,9.496,9.663,8.957,8.996,10.3,9.91,11.58,11.09,-0.002,-0.003,-0.002,0.0,-0.03,-80.3064038,26.92095,883.2
9.3,0.4,0.0,0.01,-0.06,-0.07,0.03,0.35,0.14,-0.26,0.39,9.486,9.663,8.986,9.025,10.1,9.71,11.58,11.18,-0.002,-0.003,-0.002,0.0,-0.03,-80.3064038,26.92095,883.25
9.3,0.4,0.0,0.01,-0.06,-0.04,0.06,-0.08,-0.02,-0.26,0.4,9.535,9.643,8.947,9.006,10.4,9.71,11.38,10.99,-0.002,-0.003,-0.002,0.0,-0.03,-80.3064038,26.92095,883.3
9.3,0.4,0.0,0.01,-0.05,-0.04,-0.3,-0.33,-0.15,-0.27,0.38,9.506,9.653,8.937,9.015,10.3,9.81,11.58,11.09,-0.002,-0.003,-0.002,0.0,-0.03,-80.3064038,26.92095,883.35
9.3,0.4,0.0,0.01,-0.04,-0.04,-0.02,-0.31,0.58,-0.26,0.4,9.476,9.663,8.966,9.025,10.2,9.71,11.87,11.48,-0.002,-0.003,-0.002,0.0,-0.03,-80.3064038,26.92095,883.4
9.3,0.4,0.0,0.01,-0.08,-0.04,0.47,-0.27,-0.13,-0.26,0.38,9.496,9.663,8.937,9.015,10.4,9.81,11.77,11.28,-0.002,-0.003,-0.002,0.0,-0.03,-80.3064038,26.92095,883.45
9.3,0.4,0.0,0.01,-0.06,-0.06,0.3,0.43,0.07,-0.26,0.39,9.506,9.643,8.947,9.006,10.59,9.42,11.67,11.48,-0.002,-0.003,-0.002,0.0,-0.03,-80.3064038,26.92095,883.5
9.3,0.4,0.0,0.01,-0.04,-0.06,-0.08,0.39,0.3,-0.26,0.39,9.496,9.673,8.966,9.015,10.79,9.42,11.58,11.28,-0.002,-0.003,-0.002,0.0,-0.03,-80.3064038,26.92095,883.55
9.3,0.4,0.0,-0.0,-0.07,-0.05,0.22,0.24,0.12,-0.26,0.39,9.496,9.663,8.957,9.035,10.5,9.61,11.38,11.28,-0.002,-0.003,-0.002,0.0,-0.01,-80.3064038,26.92095,883.6
9.2,0.4,0.0,-0.0,-0.07,-0.02,0.07,-0.21,0.07,-0.27,0.39,9.496,9.643,8.927,8.976,10.3,9.61,11.77,11.18,-0.002,-0.003,-0.002,0.0,-0.01,-80.3064038,26.92095,883.65
9.3,0.4,0.0,-0.0,-0.07,-0.04,0.29,0.21,-0.11,-0.28,0.38,9.486,9.633,8.957,9.015,10.1,9.22,11.67,11.38,-0.002,-0.003,-0.002,0.0,-0.01,-80.3064038,26.92095,883.7
9.3,0.4,0.0,-0.0,-0.05,-0.06,0.08,0.06,0.05,-0.3,0.38,9.486,9.633,8.917,8.976,10.5,9.81,11.58,11.38,-0.002,-0.003,-0.002,0.0,-0.01,-80.3064038,26.92095,883.75
9.3,0.4,0.0,-0.0,-0.07,-0.06,-0.06,0.14,0.02,-0.31,0.37,9.516,9.673,8.917,9.015,10.59,9.71,11.87,11.18,-0.002,-0.003,-0.002,0.0,-0.01,-80.3064038,26.92095,883.8
9.3,0.4,0.0,-0.0,-0.06,-0.04,0.06,0.26,-0.05,-0.26,0.38,9.506,9.663,8.947,9.045,10.2,9.42,11.58,11.18,-0.002,-0.003,-0.002,0.0,-0.01,-80.3064038,26.92095,883.85
9.3,0.4,0.0,0.0,-0.05,-0.02,-0.27,-0.18,0.19,-0.26,0.4,9.467,9.633,8.957,9.015,10.3,9.61,11.67,11.48,-0.002,-0.003,-0.002,0.0,-0.01,-80.3064038,26.92095,883.9
9.3,0.4,0.0,0.0,-0.06,-0.05,0.06,-0.09,0.28,-0.26,0.39,9.496,9.643,8.957,9.015,10.59,9.81,11.77,11.09,-0.002,-0.003,-0.002,0.0,-0.01,-80.3064038,26.92095,883.95
9.3,0.4,0.0,0.0,-0.06,-0.05,0.07,0.02,-0.16,-0.26,0.38,9.506,9.673,8.976,9.025,10.3,9.71,11.67,11.38,-0.002,-0.003,-0.002,0.0,-0.01,-80.3064038,26.92095,884.0
9.3,0.4,0.0,0.0,-0.07,-0.04,-0.1,0.12,-0.22,-0.26,0.38,9.496,9.663,8.937,9.015,10.3,9.81,11.67,11.38,-0.002,-0.003,-0.002,0.0,-0.01,-80.3064038,26.92095,884.05
9.3,0.4,0.0,0.01,-0.06,-0.04,-0.16,-0.26,-0.17,-0.26,0.39,9.516,9.643,8.937,9.006,10.5,9.71,11.77,11.09,-0.002,-0.003,-0.002,0.0,-0.01,-80.3064038,26.92095,884.1
9.3,0.4,0.0,0.01,-0.07,-0.03,0.22,-0.02,0.01,-0.28,0.38,9.506,9.663,8.947,9.015,10.5,9.91,11.38,11.28,-0.002,-0.003,-0.002,0.0,-0.01,-80.3064038,26.92095,884.15
9.3,0.4,0.0,0.01,-0.05,-0.05,-0.28,-0.07,-0.1,-0.29,0.37,9.496,9.682,8.957,9.035,10.3,9.61,11.58,11.38,-0.002,-0.003,-0.002,0.0,-0.01,-80.3064038,26.92095,884.2
9.2,0.4,0.0,0.01,-0.07,-0.06,-0.18,0.1,-0.16,-0.26,0.38,9.516,9.663,8.917,8.966,10.5,9.71,11.67,11.38,-0.002,-0.003,-0.002,0.0,-0.01,-80.3064038,26.92095,884.25
9.3,0.4,0.0,0.01,-0.07,-0.05,-0.13,-0.28,-0.34,-0.26,0.38,9.476,9.663,8.957,9.035,10.3,9.81,11.77,11.28,-0.002,-0.003,-0.002,0.0,-0.01,-80.3064038,26.92095,884.3
9.3,0.4,0.0,0.01,-0.05,-0.05,0.09,0.01,0.12,-0.26,0.39,9.516,9.663,8.947,9.035,10.59,9.81,11.87,11.38,-0.002,-0.003,-0.002,0.0,-0.01,-80.3064038,26.92095,884.35
9.3,0.4,0.0,0.01,-0.08,-0.03,-0.13,0.52,0.07,-0.27,0.4,9.496,9.653,8.937,9.025,10.59,9.52,11.58,11.38,-0.002,-0.003,-0.002,0.0,-0.01,-80.3064038,26.92095,884.4
9.3,0.4,0.0,0.01,-0.07,-0.06,0.01,0.54,-0.17,-0.26,0.4,9.496,9.653,8.957,8.996,10.3,9.61,11.28,11.38,-0.002,-0.003,-0.002,0.0,-0.01,-80.3064038,26.92095,884.45
9.3,0.4,0.0,0.01,-0.06,-0.04,0.05,0.08,0.22,-0.26,0.42,9.476,9.653,8.917,9.045,10.5,9.71,11.38,11.28,-0.002,-0.003,-0.002,0.0,-0.01,-80.3064038,26.92095,884.5
9.3,0.4,0.0,0.01,-0.08,-0.05,0.06,-0.13,-0.21,-0.26,0.44,9.516,9.653,8.986,9.006,10.5,9.52,11.77,11.18,-0.002,-0.003,-0.002,0.0,-0.01,-80.3064038,26.92095,884.55
9.3,0.4,0.0,0.01,-0.07,-0.06,-0.1,0.11,-0.09,-0.26,0.46,9.506,9.633,8.947,9.015,10.4,9.91,11.77,11.28,-0.002,-0.003,-0.002,0.0,-0.01,-80.3064038,26.92095,884.6
9.3,0.4,0.0,0.02,-0.06,-0.03,-0.28,0.08,-0.08,-0.26,0.48,9.506,9.653,8.947,9.045,10.4,9.91,11.58,11.38,-0.002,-0.003,-0.002,0.0,-0.01,-80.3064038,26.92095,884.65
9.3,0.4,0.0,0.02,-0.06,-0.05,-0.18,0.12,-0.05,-0.26,0.39,9.496,9.663,8.937,9.025,10.2,9.71,11.67,11.28,-0.002,-0.003,-0.002,0.0,-0.01,-80.3064038,26.92095,884.7
9.3,0.4,0.0,0.02,-0.06,-0.05,-0.03,0.22,-0.13,-0.26,0.39,9.506,9.633,8.966,8.996,10.4,9.71,11.77,11.48,-0.002,-0.003,-0.002,0.0,-0.01,-80.3064038,26.92095,884.75
9.3,0.4,0.0,0.02,-0.07,-0.03,-0.1,0.01,0.06,-0.26,0.41,9.467,9.663,8.937,8.976,10.1,9.52,11.77,11.18,-0.002,-0.003,-0.002,0.0,-0.01,-80.3064037,26.92095,884.8
9.2,0.4,0.0,0.02,-0.07,-0.07,0.13,0.44,-0.37,-0.26,0.39,9.506,9.663,8.898,8.996,10.2,9.71,11.58,11.18,-0.002,-0.003,-0.002,0.0,-0.01,-80.3064038,26.92095,884.85
9.3,0.4,0.0,0.02,-0.06,-0.05,-0.12,0.04,0.2,-0.26,0.39,9.486,9.643,8.957,9.025,10.3,9.91,11.58,11.28,-0.002,-0.003,-0.002,0.0,-0.01,-80.3064038,26.92095,884.9
9.3,0.4,0.0,0.02,-0.07,-0.06,0.2,-0.15,-0.13,-0.26,0.39,9.506,9.663,8.937,8.996,10.3,9.61,11.87,11.38,-0.002,-0.003,-0.002,0.0,-0.01,-80.3064038,26.92095,884.95
9.2,0.4,0.0,0.02,-0.05,-0.04,-0.26,-0.11,-0.1,-0.26,0.39,9.506,9.663,8.907,8.996,10.4,9.71,11.77,11.48,-0.002,-0.003,-0.002,0.0,-0.01,-80.3064038,26.92095,885.0
9.3,0.4,0.0,0.02,-0.07,-0.02,0.21,0.47,0.04,-0.27,0.39,9.486,9.673,8.957,9.035,10.3,9.81,11.77,11.28,-0.002,-0.003,-0.002,0.0,-0.01,-80.3064038,26.92095,885.05
9.3,0.4,0.0,0.02,-0.05,-0.06,0.15,0.08,0.14,-0.27,0.38,9.496,9.663,8.957,9.025,10.4,9.71,11.87,11.09,-0.002,-0.003,-0.002,0.0,-0.01,-80.3064038,26.92095,885.1
9.3,0.4,0.0,0.02,-0.08,-0.05,0.24,0.16,0.15,-0.28,0.38,9.496,9.663,8.957,9.015,10.2,9.71,11.48,11.28,-0.002,-0.003,-0.002,0.0,-0.01,-80.3064038,26.92095,885.15
9.3,0.4,0.0,0.03,-0.05,-0.06,-0.13,-0.17,0.16,-0.28,0.37,9.516,9.663,8.947,9.006,10.2,9.81,11.58,11.58,-0.002,-0.003,-0.002,0.0,-0.01,-80.3064038,26.92095,885.2
9.3,0.4,0.0,0.03,-0.07,-0.04,0.19,0.06,0.04,-0.29,0.37,9.516,9.673,8.976,9.025,10.4,9.42,11.58,11.18,-0.002,-0.003,-0.002,0.0,-0.01,-80.3064038,26.92095,885.25
9.3,0.4,0.0,0.03,-0.06,-0.04,0.03,-0.04,0.09,-0.3,0.36,9.506,9.663,8.917,8.976,10.3,9.61,11.87,11.09,-0.002,-0.003,-0.002,0.0,-0.01,-80.3064038,26.92095,885.3
9.3,0.4,0.0,0.03,-0.07,-0.05,-0.2,0.16,-0.18,-0.3,0.36,9.496,9.643,8.927,9.006,10.2,9.71,11.58,11.38,-0.002,-0.003,-0.002,0.0,-0.01,-80.3064038,26.92095,885.35
9.3,0.4,0.0,0.03,-0.06,-0.05,0.06,0.1,0.3,-0.31,0.35,9.506,9.643,8.976,9.074,10.5,9.71,11.67,11.09,-0.002,-0.003,-0.002,0.0,-0.01,-80.3064038,26.92095,885.4
9.3,0.4,0.0,0.03,-0.09,-0.02,0.08,0.23,0.01,-0.31,0.35,9.506,9.663,8.937,9.025,10.2,9.81,11.77,11.09,-0.002,-0.003,-0.002,0.0,-0.01,-80.3064038,26.92095,885.45
9.3,0.4,0.0,0.03,-0.07,-0.02,-0.13,0.22,0.37,-0.26,0.4,9.496,9.653,8.937,9.006,10.2,9.71,12.07,11.28,-0.002,-0.003,-0.002,0.0,-0.01,-80.3064038,26.92095,885.5
9.3,0.4,0.0,0.03,-0.07,-0.05,0.06,-0.08,-0.16,-0.27,0.38,9.506,9.663,8.937,9.006,10.3,9.81,11.87,11.38,-0.002,-0.003,-0.002,0.0,-0.01,-80.3064038,26.92095,885.55
9.3,0.4,0.0,0.03,-0.05,-0.07,-0.05,-0.19,0.09,-0.28,0.36,9.526,9.673,8.947,9.015,10.4,9.71,11.77,11.28,-0.002,-0.003,-0.002,0.0,-0.01,-80.3064038,26.92095,885.6
9.3,0.4,0.0,0.04,-0.07,-0.04,-0.02,-0.28,0.39,-0.26,0.4,9.496,9.653,8.947,9.006,10.3,9.81,11.58,11.38,-0.002,-0.003,-0.002,0.0,-0.02,-80.3064038,26.92095,885.65
9.3,0.4,0.0,0.04,-0.07,-0.03,-0.1,0.13,-0.08,-0.26,0.38,9.486,9.682,8.937,9.015,10.2,9.71,11.58,11.58,-0.002,-0.003,-0.002,0.0,-0.01,-80.3064038,26.92095,885.7
9.3,0.4,0.0,0.04,-0.06,-0.04,-0.02,-0.09,-0.26,-0.26,0.39,9.496,9.673,8.966,9.015,10.3,9.61,11.77,11.28,-0.002,-0.003,-0.002,0.0,-0.02,-80.3064038,26.92095,885.75
9.2,0.4,0.0,0.04,-0.04,-0.02,-0.4,0.16,0.12,-0.25,0.39,9.516,9.682,8.957,9.025,10.4,9.81,11.77,11.38,-0.002,-0.003,-0.002,0.0,-0.02,-80.3064037,26.92095,885.8
9.3,0.4,0.0,0.04,-0.06,-0.06,0.08,-0.21,-0.09,-0.27,0.39,9.486,9.643,8.957,9.015,10.4,9.61,11.38,11.38,-0.002,-0.003,-0.002,0.0,-0.01,-80.3064037,26.92095,885.85
9.3,0.4,0.0,0.04,-0.08,-0.06,0.04,0.02,-0.49,-0.26,0.39,9.526,9.673,8.957,9.015,10.4,9.91,11.58,11.38,-0.002,-0.003,-0.002,0.0,-0.02,-80.3064037,26.92095,885.9
9.3,0.4,0.0,0.04,-0.06,-0.07,0.21,0.33,0.06,-0.26,0.39,9.526,9.663,8.927,9.006,10.3,9.71,11.77,11.18,-0.002,-0.003,-0.002,0.0,-0.01,-80.3064037,26.92095,885.95
9.2,0.4,0.0,0.04,-0.06,-0.03,-0.06,0.24,0.05,-0.26,0.39,9.496,9.663,8.898,9.006,10.4,9.61,11.77,11.38,-0.002,-0.003,-0.002,0.0,-0.02,-80.3064037,26.92095,886.0
9.5,0.3,0.0,0.04,-0.06,-0.01,0.29,-0.1,0.28,-0.26,0.4,9.496,9.653,9.035,9.084,10.59,9.61,11.28,10.69,-0.002,-0.003,-0.002,0.0,-0.01,-80.3064037,26.92095,886.05
9.5,0.3,0.0,0.04,-0.06,-0.04,-0.09,-0.27,-0.25,-0.26,0.39,9.496,9.663,9.055,9.094,10.3,9.71,11.28,10.99,-0.002,-0.003,-0.002,0.0,-0.02,-80.3064037,26.92095,886.1
9.3,0.4,0.0,0.04,-0.07,-0.07,-0.02,-0.06,0.21,-0.26,0.4,9.506,9.643,8.937,9.006,10.4,9.52,11.28,11.09,-0.002,-0.003,-0.002,0.0,-0.02,-80.3064037,26.92095,886.15
9.3,0.4,0.0,0.05,-0.07,-0.07,0.15,0.09,-0.16,-0.27,0.36,9.516,9.653,8.917,8.996,10.3,9.61,11.58,11.18,-0.002,-0.003,-0.002,0.0,-0.02,-80.3064037,26.92095,886.2
9.3,0.4,0.0,0.05,-0.05,-0.05,-0.05,-0.13,0.02,-0.25,0.39,9.476,9.653,8.976,9.015,10.5,9.52,11.38,11.28,-0.002,-0.003,-0.002,0.0,-0.02,-80.3064037,26.92095,886.25
9.2,0.4,0.0,0.05,-0.08,-0.01,0.16,-0.08,-0.23,-0.26,0.39,9.496,9.682,8.927,9.035,10.3,9.91,11.58,11.28,-0.002,-0.003,-0.002,0.0,-0.02,-80.3064037,26.92095,886.3
9.3,0.4,0.0,0.05,-0.06,-0.03,0.11,-0.05,-0.38,-0.26,0.39,9.506,9.653,8.947,9.035,10.5,9.32,11.77,11.38,-0.002,-0.003,-0.002,0.0,-0.02,-80.3064038,26.92095,886.35
9.3,0.4,0.0,0.05,-0.08,-0.06,0.19,-0.23,-0.48,-0.26,0.38,9.516,9.653,8.957,9.015,10.2,9.71,11.38,11.28,-0.002,-0.003,-0.002,0.0,-0.01,-80.3064038,26.92095,886.4
9.3,0.4,0.0,0.05,-0.07,-0.07,-0.08,0.09,0.27,-0.26,0.4,9.496,9.653,8.976,9.015,10.4,9.52,11.77,11.48,-0.002,-0.003,-0.002,0.0,-0.02,-80.3064038,26.92095,886.45
9.3,0.4,0.0,0.05,-0.08,-0.06,0.33,0.16,-0.07,-0.26,0.38,9.506,9.643,8.957,9.015,10.59,9.81,11.58,11.48,-0.002,-0.003,-0.002,0.0,-0.02,-80.3064038,26.92095,886.5
9.3,0.4,0.0,0.05,-0.06,-0.03,-0.26,0.11,-0.07,-0.26,0.4,9.506,9.643,8.966,9.025,10.5,9.42,11.38,11.28,-0.002,-0.003,-0.002,0.0,-0.02,-80.3064038,26.92095,886.55
9.3,0.4,0.0,0.05,-0.07,-0.01,-0.16,-0.08,-0.21,-0.26,0.39,9.516,9.663,8.927,8.996,10.4,9.61,11.67,11.48,-0.002,-0.003,-0.002,0.0,-0.02,-80.3064038,26.92095,886.6
9.2,0.4,0.0,0.05,-0.06,-0.06,-0.06,-0.02,-0.38,-0.26,0.39,9.516,9.633,8.917,8.996,10.3,9.71,11.87,11.18,-0.002,-0.003,-0.002,0.0,-0.02,-80.3064038,26.92095,886.65
9.3,0.4,0.0,0.06,-0.07,-0.07,-0.07,0.32,0.01,-0.26,0.4,9.506,9.643,8.957,9.006,10.3,9.81,11.38,11.38,-0.002,-0.003,-0.002,0.0,-0.02,-80.3064038,26.92095,886.7
9.3,0.4,0.0,0.06,-0.06,-0.07,-0.02,-0.03,-0.09,-0.27,0.39,9.516,9.663,8.947,9.006,10.1,9.61,11.38,11.28,-0.002,-0.003,-0.002,0.0,-0.02,-80.3064037,26.92095,886.75
9.2,0.4,0.0,0.06,-0.06,-0.04,-0.01,0.03,-0.21,-0.27,0.39,9.506,9.663,8.898,8.976,10.1,9.71,11.77,11.09,-0.002,-0.003,-0.002,0.0,-0.02,-80.3064037,26.92095,886.8
9.2,0.4,0.0,0.06,-0.06,-0.02,-0.07,0.28,-0.38,-0.26,0.39,9.467,9.653,8.937,9.015,10.4,9.61,11.97,11.67,-0.002,-0.003,-0.002,0.0,-0.02,-80.3064037,26.92095,886.85
9.3,0.4,0.0,0.06,-0.06,-0.03,-0.17,-0.19,0.15,-0.28,0.39,9.496,9.653,8.927,9.025,10.5,9.71,11.67,11.09,-0.002,-0.003,-0.002,0.0,-0.02,-80.3064037,26.92095,886.9
9.3,0.4,0.0,0.06,-0.05,-0.07,-0.3,0.08,-0.24,-0.28,0.38,9.526,9.673,8.947,9.015,10.5,9.71,11.58,11.28,-0.002,-0.003,-0.002,0.0,-0.02,-80.3064037,26.92095,886.95
9.3,0.4,0.0,0.06,-0.06,-0.06,-0.19,-0.2,-0.31,-0.27,0.39,9.496,9.663,8.947,9.006,10.59,9.81,11.58,11.18,-0.002,-0.003,-0.002,0.0,-0.02,-80.3064037,26.92095,887.0
9.3,0.4,0.0,0.06,-0.07,-0.04,0.05,-0.11,0.05,-0.28,0.37,9.496,9.663,8.937,9.006,10.3,9.61,11.87,11.38,-0.002,-0.003,-0.002,0.0,-0.02,-80.3064037,26.92095,887.05
9.3,0.4,0.0,0.06,-0.07,-0.03,0.14,0.12,0.17,-0.29,0.36,9.496,9.663,8.937,9.006,10.3,9.61,11.38,10.99,-0.002,-0.003,-0.002,0.0,-0.02,-80.3064037,26.92095,887.1
9.3,0.4,0.0,0.06,-0.05,-0.03,-0.25,-0.29,0.17,-0.3,0.34,9.486,9.663,8.947,9.025,10.1,9.71,11.67,11.38,-0.002,-0.003,-0.002,0.0,-0.02,-80.3064037,26.92095,887.15
9.3,0.4,0.0,-0.0,-0.06,-0.04,-0.25,0.05,0.21,-0.31,0.33,9.516,9.653,8.947,9.015,10.3,9.61,11.67,11.28,-0.002,-0.003,-0.002,0.0,-0.01,-80.3064037,26.92095,887.2
9.3,0.4,0.0,-0.01,-0.06,-0.07,-0.07,0.13,-0.06,-0.32,0.31,9.496,9.663,8.947,9.025,10.2,9.71,11.48,10.99,-0.002,-0.003,-0.002,0.0,-0.01,-80.3064037,26.92095,887.25
9.3,0.4,0.0,-0.01,-0.06,-0.05,0.22,0.07,0.33,-0.33,0.3,9.496,9.643,8.947,8.986,10.2,9.81,11.58,10.99,-0.002,-0.003,-0.002,0.0,-0.01,-80.3064037,26.92095,887.3
9.3,0.4,0.0,-0.01,-0.05,-0.05,-0.0,0.09,0.22,-0.27,0.41,9.486,9.643,8.966,9.025,10.5,9.81,11.38,11.28,-0.002,-0.003,-0.002,0.0,-0.01,-80.3064037,26.92095,887.35
9.3,0.4,0.0,-0.01,-0.07,-0.02,-0.07,0.0,-0.33,-0.26,0.43,9.496,9.633,8.937,8.996,10.2,9.91,11.58,11.28,-0.002,-0.003,-0.002,0.0,-0.01,-80.3064037,26.9209499,887.4
9.3,0.4,0.0,0.0,-0.05,-0.06,0.03,0.07,0.15,-0.25,0.45,9.486,9.673,8.947,9.035,10.3,9.52,11.87,11.38,-0.002,-0.003,-0.002,0.0,-0.0,-80.3064037,26.9209499,887.45
9.3,0.4,0.0,-0.0,-0.07,-0.05,-0.06,-0.23,0.06,-0.27,0.39,9.516,9.653,8.947,9.025,10.3,9.71,11.77,11.28,-0.002,-0.003,-0.002,0.0,-0.01,-80.3064037,26.9209499,887.5
9.3,0.4,0.0,-0.01,-0.06,-0.06,-0.04,0.04,-0.13,-0.27,0.4,9.506,9.663,8.947,9.025,10.4,9.81,11.67,11.09,-0.002,-0.003,-0.002,0.0,-0.01,-80.3064037,26.9209499,887.55
9.3,0.4,0.0,-0.0,-0.06,-0.03,-0.32,-0.2,0.15,-0.27,0.39,9.506,9.663,8.927,9.006,10.1,9.91,11.58,11.28,-0.002,-0.003,-0.002,0.0,-0.01,-80.3064037,26.9209499,887.6
9.3,0.4,0.0,-0.01,-0.07,-0.04,0.19,0.02,0.14,-0.28,0.4,9.506,9.673,8.937,9.006,10.59,9.81,11.48,11.09,-0.002,-0.003,-0.002,0.0,-0.01,-80.3064037,26.9209499,887.65
9.2,0.4,0.0,0.0,-0.07,-0.04,-0.14,-0.01,0.2,-0.27,0.4,9.506,9.643,8.927,9.006,10.3,9.81,11.67,11.28,-0.002,-0.003,-0.002,0.0,-0.0,-80.3064037,26.9209499,887.7
9.3,0.4,0.0,0.0,-0.06,-0.05,-0.02,-0.17,0.35,-0.27,0.41,9.496,9.673,8.957,9.015,10.3,9.61,11.87,11.48,-0.002,-0.003,-0.002,0.0,0.0,-80.3064037,26.9209499,887.75
9.3,0.4,0.0,-0.01,-0.06,-0.06,0.08,0.13,0.39,-0.27,0.42,9.496,9.673,8.957,9.025,10.5,9.71,12.07,11.58,-0.002,-0.003,-0.002,0.0,-0.01,-80.3064037,26.9209499,887.8
9.3,0.4,0.0,-0.01,-0.05,-0.05,-0.05,0.17,-0.04,-0.27,0.44,9.506,9.633,8.937,8.996,10.2,9.61,11.77,11.28,-0.002,-0.003,-0.002,0.0,-0.01,-80.3064037,26.9209499,887.85
9.2,0.4,0.0,-0.01,-0.07,-0.04,0.26,-0.07,0.21,-0.27,0.39,9.496,9.663,8.927,8.996,10.2,9.61,11.48,11.28,-0.002,-0.003,-0.002,0.0,-0.01,-80.3064037,26.9209499,887.9
9.3,0.4,0.0,-0.0,-0.06,-0.04,0.01,0.12,0.21,-0.27,0.39,9.496,9.633,8.976,9.006,10.3,9.52,11.48,11.28,-0.002,-0.003,-0.002,0.0,-0.01,-80.3064037,26.9209499,887.95
9.3,0.4,0.0,0.0,-0.06,-0.04,0.1,-0.14,-0.16,-0.27,0.38,9.496,9.663,8.957,9.006,10.5,9.61,11.48,11.18,-0.002,-0.003,-0.002,0.0,0.0,-80.3064037,26.9209499,888.0
9.3,0.4,0.0,0.0,-0.04,-0.06,0.04,0.37,-0.02,-0.27,0.38,9.516,9.663,8.957,9.006,10.5,9.81,11.28,11.58,-0.002,-0.003,-0.002,0.0,0.0,-80.3064037,26.9209499,888.05
9.3,0.4,0.0,0.0,-0.06,-0.06,0.36,-0.12,-0.12,-0.28,0.37,9.486,9.633,8.957,8.986,10.1,9.61,11.28,11.28,-0.002,-0.003,-0.002,0.0,0.0,-80.3064037,26.9209499,888.1
9.3,0.4,0.0,0.0,-0.05,-0.06,-0.0,0.12,0.27,-0.28,0.36,9.486,9.653,8.957,9.035,10.4,9.61,11.48,11.18,-0.002,-0.003,-0.002,0.0,0.0,-80.3064037,26.9209499,888.15
9.3,0.4,0.0,0.0,-0.07,-0.04,-0.19,0.04,-0.06,-0.28,0.35,9.516,9.653,8.927,9.015,10.4,9.91,11.48,11.38,-0.002,-0.003,-0.002,0.0,0.0,-80.3064037,26.9209499,888.2
9.3,0.4,0.0,0.01,-0.08,-0.04,-0.32,-0.24,-0.14,-0.28,0.35,9.467,9.682,8.957,9.015,10.5,9.71,11.58,11.38,-0.002,-0.003,-0.002,0.0,0.0,-80.3064037,26.9209499,888.25
9.2,0.4,0.0,-0.01,-0.08,-0.06,-0.12,-0.21,-0.18,-0.28,0.34,9.496,9.653,8.907,9.025,10.5,10.01,11.58,10.99,-0.002,-0.003,-0.002,0.0,-0.01,-80.3064037,26.9209499,888.3
9.3,0.4,0.0,-0.01,-0.07,-0.06,-0.21,0.06,0.29,-0.27,0.39,9.516,9.663,8.937,9.025,10.69,9.71,11.58,11.58,-0.002,-0.003,-0.002,0.0,-0.01,-80.3064037,26.9209499,888.35
9.3,0.4,0.0,-0.01,-0.06,-0.04,-0.04,0.12,-0.15,-0.26,0.42,9.496,9.673,8.966,9.025,10.2,9.71,11.58,11.28,-0.002,-0.003,-0.002,0.0,-0.01,-80.3064037,26.9209499,888.4
9.3,0.4,0.0,-0.01,-0.05,-0.05,-0.19,-0.23,-0.4,-0.25,0.45,9.476,9.663,8.947,9.015,10.5,9.52,11.58,11.38,-0.002,-0.003,-0.002,0.0,-0.01,-80.3064037,26.9209499,888.45
9.3,0.4,0.0,-0.01,-0.07,-0.04,0.16,-0.22,-0.04,-0.27,0.39,9.506,9.663,8.957,9.025,10.3,9.52,11.77,11.38,-0.002,-0.003,-0.002,0.0,-0.01,-80.3064037,26.92095,888.5
9.3,0.4,0.0,-0.01,-0.05,-0.05,0.04,0.22,-0.11,-0.28,0.4,9.516,9.673,8.937,9.015,10.4,9.81,11.58,11.38,-0.002,-0.003,-0.002,0.0,-0.01,-80.3064037,26.92095,888.55
9.3,0.4,0.0,-0.01,-0.07,-0.04,-0.12,0.33,-0.13,-0.28,0.39,9.496,9.663,8.937,9.015,10.59,9.81,11.58,11.28,-0.002,-0.003,-0.002,0.0,-0.01,-80.3064037,26.92095,888.6
9.3,0.4,0.0,-0.01,-0.06,-0.05,-0.08,0.22,-0.16,-0.3,0.38,9.496,9.653,8.937,8.996,10.2,9.71,11.58,11.09,-0.002,-0.003,-0.002,0.0,-0.01,-80.3064037,26.92095,888.65
9.3,0.4,0.0,-0.01,-0.08,-0.06,0.18,-0.04,-0.07,-0.32,0.37,9.496,9.663,8.947,9.015,10.2,10.01,11.38,11.28,-0.002,-0.003,-0.002,0.0,-0.01,-80.3064037,26.92095,888.7
9.3,0.4,0.0,-0.01,-0.06,-0.04,0.14,-0.28,0.5,-0.27,0.4,9.516,9.653,8.927,8.996,10.3,9.52,11.58,11.38,-0.002,-0.003,-0.002,0.0,-0.01,-80.3064037,26.92095,888.75
9.2,0.4,0.0,-0.01,-0.05,-0.04,-0.25,0.15,0.11,-0.26,0.39,9.526,9.673,8.937,8.996,10.4,9.71,11.58,11.38,-0.002,-0.003,-0.002,0.0,-0.02,-80.3064037,26.92095,888.8
9.2,0.4,0.0,-0.01,-0.07,-0.04,-0.11,0.06,0.11,-0.27,0.39,9.486,9.624,8.927,8.996,10.4,9.61,11.38,11.48,-0.002,-0.003,-0.002,0.0,-0.02,-80.3064037,26.92095,888.85
9.3,0.4,0.0,-0.01,-0.07,-0.05,0.04,0.25,-0.13,-0.26,0.39,9.506,9.653,8.957,9.025,10.3,9.81,11.77,11.28,-0.002,-0.003,-0.002,0.0,-0.02,-80.3064037,26.92095,888.9
9.3,0.4,0.0,-0.01,-0.05,-0.05,-0.11,-0.16,0.21,-0.27,0.39,9.496,9.663,8.947,9.015,10.4,9.61,11.67,11.28,-0.002,-0.003,-0.002,0.0,-0.02,-80.3064037,26.92095,888.95
9.3,0.4,0.0,-0.01,-0.07,-0.05,0.17,0.15,-0.09,-0.26,0.39,9.476,9.643,8.947,9.015,10.5,9.81,11.38,11.48,-0.002,-0.003,-0.002,0.0,-0.02,-80.3064037,26.92095,889.0
9.3,0.4,0.0,-0.01,-0.07,-0.01,-0.48,-0.08,0.12,-0.27,0.39,9.496,9.624,8.947,8.996,10.69,9.61,11.38,11.38,-0.002,-0.003,-0.002,0.0,-0.02,-80.3064037,26.92095,889.05
9.3,0.4,0.0,-0.01,-0.04,-0.06,-0.16,0.09,-0.13,-0.26,0.39,9.506,9.663,8.927,9.025,10.4,9.71,11.58,10.89,-0.002,-0.003,-0.002,0.0,-0.02,-80.3064037,26.92095,889.1
9.3,0.4,0.0,-0.01,-0.07,-0.03,-0.16,0.09,0.04,-0.26,0.39,9.516,9.653,8.957,9.064,10.3,9.91,11.77,11.09,-0.002,-0.003,-0.002,0.0,-0.02,-80.3064037,26.92095,889.15
9.3,0.4,0.0,-0.02,-0.05,-0.06,0.3,0.17,0.28,-0.28,0.39,9.506,9.663,8.947,8.986,10.5,9.71,11.67,11.09,-0.002,-0.003,-0.002,0.0,-0.02,-80.3064037,26.92095,889.2
9.3,0.4,0.0,-0.01,-0.08,-0.04,0.04,0.21,0.07,-0.26,0.39,9.496,9.663,8.976,9.015,10.4,9.61,11.97,11.38,-0.002,-0.003,-0.002,0.0,-0.02,-80.3064037,26.92095,889.25
9.3,0.4,0.0,-0.02,-0.06,-0.06,0.15,-0.0,0.26,-0.29,0.4,9.496,9.653,8.957,9.025,10.2,9.81,11.77,11.18,-0.002,-0.003,-0.002,0.0,-0.02,-80.3064037,26.92095,889.3
9.2,0.4,0.0,-0.02,-0.07,-0.02,-0.29,-0.16,-0.07,-0.27,0.39,9.506,9.663,8.927,8.986,10.4,9.61,11.77,10.89,-0.002,-0.003,-0.002,0.0,-0.02,-80.3064037,26.92095,889.35
9.3,0.4,0.0,-0.02,-0.05,-0.06,-0.25,0.27,0.44,-0.26,0.4,9.516,9.643,8.947,9.025,10.4,9.61,11.28,11.09,-0.002,-0.003,-0.002,0.0,-0.02,-80.3064037,26.9209499,889.4
9.3,0.4,0.0,0.0,-0.07,-0.03,-0.33,-0.14,-0.03,-0.27,0.39,9.516,9.663,8.957,9.025,10.2,9.81,11.38,11.18,-0.002,-0.003,-0.002,0.0,-0.0,-80.3064037,26.9209499,889.45
9.3,0.4,0.0,0.0,-0.06,-0.04,-0.13,-0.3,-0.27,-0.27,0.39,9.506,9.653,8.947,8.996,10.4,9.71,11.48,11.38,-0.002,-0.003,-0.002,0.0,0.0,-80.3064037,26.9209499,889.5
9.3,0.4,0.0,0.0,-0.07,-0.05,-0.05,0.13,-0.21,-0.28,0.38,9.496,9.663,8.976,9.045,10.4,9.81,11.58,11.09,-0.002,-0.003,-0.002,0.0,0.0,-80.3064037,26.9209499,889.55
9.3,0.4,0.0,0.0,-0.05,-0.06,-0.07,-0.14,0.07,-0.29,0.39,9.506,9.653,8.927,9.015,10.59,9.52,11.58,11.18,-0.002,-0.003,-0.002,0.0,0.0,-80.3064038,26.9209499,889.6
9.5,0.3,0.0,0.0,-0.09,-0.0,0.06,-0.06,0.15,-0.28,0.38,9.496,9.663,9.055,9.113,10.5,9.91,11.28,10.99,-0.002,-0.003,-0.002,0.0,0.0,-80.3064038,26.9209499,889.65
9.3,0.4,0.0,0.01,-0.11,0.02,-0.09,0.28,0.25,-0.26,0.39,9.516,9.653,8.937,9.006,10.5,9.61,11.38,11.48,-0.002,-0.003,-0.002,0.0,0.0,-80.3064038,26.9209499,889.7
9.3,0.4,0.0,0.01,-0.05,-0.06,-0.01,-0.08,-0.27,-0.28,0.4,9.486,9.682,8.957,9.015,10.5,9.61,11.48,11.28,-0.002,-0.003,-0.002,0.0,0.0,-80.3064038,26.9209499,889.75
9.2,0.4,0.0,0.01,-0.07,-0.02,-0.18,-0.27,-0.05,-0.27,0.39,9.486,9.653,8.927,8.996,10.5,9.71,11.58,11.48,-0.002,-0.003,-0.002,0.0,0.0,-80.3064038,26.9209499,889.8
9.3,0.4,0.0,0.01,-0.06,-0.06,0.21,-0.16,-0.32,-0.28,0.39,9.506,9.673,8.937,8.986,10.1,9.71,11.77,11.18,-0.002,-0.003,-0.002,0.0,0.0,-80.3064038,26.9209499,889.85
9.3,0.4,0.0,0.01,-0.06,-0.04,-0.13,-0.04,-0.04,-0.28,0.38,9.506,9.663,8.966,9.015,10.3,9.71,11.77,11.58,-0.002,-0.003,-0.002,0.0,0.0,-80.3064038,26.9209499,889.9
9.3,0.4,0.0,0.01,-0.06,-0.04,-0.23,-0.2,0.48,-0.27,0.41,9.516,9.663,8.947,9.015,10.5,9.52,11.77,11.09,-0.002,-0.003,-0.002,0.0,0.0,-80.3064038,26.9209499,889.95
9.3,0.4,0.0,0.01,-0.07,-0.05,0.15,-0.08,0.12,-0.28,0.37,9.496,9.653,8.937,8.996,10.3,9.52,11.67,11.38,-0.002,-0.003,-0.002,0.0,0.0,-80.3064038,26.9209499,890.0
9.3,0.4,0.0,0.01,-0.1,0.02,0.11,-0.13,0.05,-0.28,0.35,9.506,9.673,8.966,9.015,10.3,9.61,11.77,11.28,-0.002,-0.003,-0.002,0.0,0.01,-80.3064038,26.9209499,890.05
9.3,0.4,0.0,0.01,-0.05,-0.03,-0.31,-0.26,0.36,-0.27,0.39,9.506,9.653,8.976,9.015,10.3,9.71,11.28,11.28,-0.002,-0.003,-0.002,0.0,0.0,-80.3064038,26.9209499,890.1
9.3,0.4,0.0,0.0,-0.07,-0.06,-0.01,0.15,0.06,-0.28,0.39,9.506,9.663,8.957,9.055,10.4,9.71,11.58,11.38,-0.002,-0.003,-0.002,0.0,0.0,-80.3064038,26.9209499,890.15
9.3,0.4,0.0,0.0,-0.06,-0.06,-0.14,-0.1,0.01,-0.3,0.38,9.506,9.653,8.976,9.015,10.5,9.71,11.77,10.99,-0.002,-0.003,-0.002,0.0,0.0,-80.3064038,26.9209499,890.2
9.3,0.4,0.0,-0.0,-0.06,-0.05,0.05,0.11,-0.15,-0.28,0.39,9.516,9.653,8.957,9.006,10.3,9.71,11.87,11.18,-0.002,-0.003,-0.002,0.0,0.0,-80.3064038,26.9209499,890.25
9.3,0.4,0.0,-0.0,-0.05,-0.05,0.14,0.08,0.17,-0.27,0.38,9.506,9.673,8.947,9.035,10.3,9.52,11.67,11.18,-0.002,-0.003,-0.002,0.0,0.0,-80.3064038,26.9209499,890.3
9.3,0.4,0.0,0.0,-0.06,-0.04,0.29,0.23,0.24,-0.26,0.35,9.506,9.643,8.937,9.015,10.4,9.81,11.38,11.09,-0.002,-0.003,-0.002,0.0,-0.0,-80.3064038,26.9209499,890.35
9.3,0.4,0.0,0.0,-0.07,-0.05,0.02,0.04,-0.36,-0.25,0.32,9.526,9.653,8.937,9.025,10.5,9.61,11.58,10.99,-0.002,-0.003,-0.002,0.0,-0.0,-80.3064038,26.9209499,890.4
9.2,0.4,0.0,0.0,-0.06,-0.07,0.04,0.22,-0.0,-0.24,0.29,9.516,9.663,8.947,9.025,10.3,9.71,11.67,11.09,-0.002,-0.003,-0.002,0.0,-0.0,-80.3064038,26.9209499,890.45
9.2,0.4,0.0,0.0,-0.06,-0.05,-0.29,0.46,-0.28,-0.23,0.27,9.526,9.653,8.937,8.996,10.2,9.52,11.77,11.28,-0.002,-0.003,-0.002,0.0,-0.0,-80.3064038,26.9209499,890.5
9.3,0.4,0.0,0.0,-0.07,-0.04,-0.17,0.23,-0.51,-0.27,0.39,9.476,9.663,8.947,9.006,10.1,9.61,11.77,11.38,-0.002,-0.003,-0.002,0.0,-0.0,-80.3064038,26.9209499,890.55
9.3,0.4,0.0,-0.0,-0.07,-0.06,0.1,0.18,-0.01,-0.28,0.4,9.506,9.663,8.898,9.015,10.3,9.81,11.77,11.09,-0.002,-0.003,-0.002,0.0,0.0,-80.3064038,26.9209499,890.6
9.3,0.4,0.0,0.0,-0.06,-0.04,0.08,-0.0,0.25,-0.28,0.4,9.506,9.663,8.976,9.025,10.2,9.71,11.67,11.28,-0.002,-0.003,-0.002,0.0,-0.0,-80.3064038,26.9209499,890.65
9.3,0.4,0.0,0.0,-0.06,-0.04,-0.07,-0.15,0.17,-0.28,0.4,9.506,9.643,8.937,9.035,10.4,9.81,11.67,11.18,-0.002,-0.003,-0.002,0.0,-0.0,-80.3064038,26.9209499,890.7
9.3,0.4,0.0,-0.0,-0.06,-0.05,-0.05,0.06,0.33,-0.27,0.39,9.496,9.663,8.957,9.015,10.4,9.71,11.77,10.89,-0.002,-0.003,-0.002,0.0,-0.0,-80.3064038,26.9209499,890.75
9.3,0.4,0.0,0.0,-0.07,-0.04,-0.12,-0.33,0.11,-0.28,0.39,9.496,9.663,8.947,9.015,10.3,9.71,11.87,11.09,-0.002,-0.003,-0.002,0.0,-0.0,-80.3064038,26.9209499,890.8
9.3,0.4,0.0,-0.0,-0.06,-0.05,0.15,0.0,-0.32,-0.29,0.4,9.506,9.663,8.937,8.986,10.4,9.81,11.38,11.09,-0.002,-0.003,-0.002,0.0,-0.0,-80.3064038,26.9209499,890.85
9.3,0.4,0.0,-0.0,-0.06,-0.04,-0.07,0.18,-0.29,-0.26,0.39,9.506,9.673,8.947,8.996,10.59,9.71,11.77,11.58,-0.002,-0.003,-0.002,0.0,-0.0,-80.3064038,26.9209499,890.9
9.3,0.4,0.0,-0.0,-0.06,-0.07,0.3,0.24,0.03,-0.26,0.39,9.526,9.653,8.957,9.015,10.2,9.61,11.67,11.38,-0.002,-0.003,-0.002,0.0,0.0,-80.3064038,26.9209499,890.95
9.3,0.4,0.0,-0.0,-0.08,-0.03,-0.22,-0.1,-0.03,-0.26,0.39,9.496,9.663,8.937,8.996,10.5,9.52,11.87,11.28,-0.002,-0.003,-0.002,0.0,-0.0,-80.3064038,26.9209499,891.0
9.3,0.4,0.0,0.0,-0.05,-0.05,-0.25,-0.19,-0.27,-0.27,0.39,9.496,9.643,8.917,8.996,10.2,9.81,11.58,11.28,-0.002,-0.003,-0.002,0.0,-0.0,-80.3064038,26.9209499,891.05
9.3,0.4,0.0,0.0,-0.08,-0.03,0.05,0.12,-0.36,-0.28,0.4,9.506,9.653,8.976,9.035,10.2,9.81,11.97,11.28,-0.002,-0.003,-0.002,0.0,-0.0,-80.3064038,26.92095,891.1
9.3,0.4,0.0,-0.0,-0.06,-0.07,0.03,0.24,-0.12,-0.26,0.39,9.496,9.663,8.947,9.025,10.69,9.81,11.97,11.38,-0.002,-0.003,-0.002,0.0,-0.0,-80.3064038,26.92095,891.15
9.3,0.4,0.0,-0.0,-0.07,-0.04,-0.08,-0.03,-0.03,-0.3,0.38,9.486,9.643,8.957,9.006,10.4,9.81,11.67,11.58,-0.002,-0.003,-0.002,0.0,-0.0,-80.3064038,26.92095,891.2
9.3,0.4,0.0,0.0,-0.05,-0.06,-0.17,-0.18,0.04,-0.27,0.39,9.496,9.663,8.927,8.996,10.4,9.71,11.58,10.99,-0.002,-0.003,-0.002,0.0,-0.0,-80.3064038,26.92095,891.25
9.3,0.4,0.0,-0.01,-0.07,-0.04,0.02,-0.16,-0.28,-0.26,0.38,9.496,9.663,8.947,9.025,10.4,9.61,11.67,11.09,-0.002,-0.003,-0.002,0.0,-0.01,-80.3064038,26.92095,891.3
9.3,0.4,0.0,0.0,-0.06,-0.03,-0.04,0.02,-0.02,-0.27,0.39,9.506,9.663,8.957,9.045,10.3,9.61,11.48,11.38,-0.002,-0.003,-0.002,0.0,0.0,-80.3064038,26.92095,891.35
9.3,0.4,0.0,-0.0,-0.06,-0.04,0.0,-0.0,-0.04,-0.26,0.38,9.496,9.653,8.937,9.045,10.1,9.81,11.58,11.28,-0.002,-0.003,-0.002,0.0,0.0,-80.3064038,26.92095,891.4
9.3,0.4,0.0,-0.0,-0.06,-0.06,0.17,-0.04,0.17,-0.27,0.4,9.486,9.663,8.937,9.006,10.69,9.52,11.58,11.38,-0.002,-0.003,-0.002,0.0,0.0,-80.3064038,26.92095,891.45
9.3,0.4,0.0,-0.0,-0.07,-0.05,0.26,0.33,0.34,-0.29,0.4,9.496,9.682,8.947,9.006,10.2,9.81,11.58,11.09,-0.002,-0.003,-0.002,0.0,0.0,-80.3064038,26.92095,891.5
9.3,0.4,0.0,0.0,-0.06,-0.07,0.06,-0.04,-0.06,-0.3,0.4,9.506,9.653,8.937,8.996,10.2,9.52,11.38,11.18,-0.002,-0.003,-0.002,0.0,0.0,-80.3064038,26.9209499,891.55
9.2,0.4,0.0,0.0,-0.06,-0.03,-0.14,-0.3,0.25,-0.27,0.39,9.496,9.653,8.917,8.996,10.4,9.91,11.58,11.28,-0.002,-0.003,-0.002,0.0,-0.0,-80.3064038,26.9209499,891.6
9.3,0.4,0.0,0.0,-0.06,-0.04,-0.21,0.21,-0.19,-0.27,0.39,9.496,9.653,8.976,9.025,10.4,9.61,11.77,11.28,-0.002,-0.003,-0.002,0.0,0.0,-80.3064038,26.9209499,891.65
9.3,0.4,0.0,0.0,-0.06,-0.06,0.03,-0.02,-0.21,-0.27,0.4,9.545,9.682,8.937,9.035,10.4,9.81,11.77,11.09,-0.002,-0.003,-0.002,0.0,-0.0,-80.3064038,26.9209499,891.7
9.3,0.4,0.0,0.0,-0.07,-0.05,0.15,-0.0,-0.04,-0.27,0.41,9.496,9.633,8.927,9.015,10.3,9.42,11.58,11.58,-0.002,-0.003,-0.002,0.0,0.0,-80.3064038,26.9209499,891.75
9.3,0.4,0.0,-0.0,-0.05,-0.05,0.03,-0.1,0.02,-0.26,0.42,9.516,9.643,8.927,9.015,10.59,9.71,11.58,11.28,-0.002,-0.003,-0.002,0.0,0.0,-80.3064038,26.9209499,891.8
9.3,0.4,0.0,-0.0,-0.07,-0.04,0.16,-0.18,0.06,-0.26,0.43,9.486,9.663,8.957,9.015,10.3,9.71,11.58,11.38,-0.002,-0.003,-0.002,0.0,0.0,-80.3064038,26.9209499,891.85
9.3,0.4,0.0,-0.0,-0.06,-0.04,-0.19,-0.04,-0.15,-0.27,0.39,9.486,9.653,8.927,9.015,10.4,9.71,11.67,11.28,-0.002,-0.003,-0.002,0.0,0.0,-80.3064038,26.9209499,891.9
9.3,0.4,0.0,0.0,-0.06,-0.05,-0.27,0.29,-0.03,-0.27,0.38,9.506,9.653,8.937,8.996,10.3,9.61,11.38,11.18,-0.002,-0.003,-0.002,0.0,0.0,-80.3064038,26.9209499,891.95
9.3,0.4,0.0,0.0,-0.07,-0.05,0.03,0.13,-0.03,-0.28,0.38,9.506,9.663,8.947,9.035,10.2,9.81,11.58,11.38,-0.002,-0.003,-0.002,0.0,0.0,-80.3064038,26.9209499,892.0
9.3,0.4,0.0,0.0,-0.06,-0.05,-0.12,-0.07,0.03,-0.27,0.38,9.496,9.663,8.947,9.025,10.5,9.52,11.77,11.09,-0.002,-0.003,-0.002,0.0,0.0,-80.3064038,26.9209499,892.05
9.3,0.4,0.0,-0.0,-0.07,-0.04,0.21,-0.46,0.06,-0.27,0.38,9.476,9.653,8.917,8.996,10.4,9.81,11.87,11.18,-0.002,-0.003,-0.002,0.0,0.0,-80.3064038,26.9209499,892.1
9.3,0.4,0.0,0.0,-0.06,-0.04,-0.08,0.06,-0.34,-0.27,0.36,9.516,9.653,8.957,9.064,10.5,9.61,11.67,11.18,-0.002,-0.003,-0.002,0.0,0.0,-80.3064038,26.9209499,892.15
9.3,0.4,0.0,0.0,-0.06,-0.04,-0.12,0.01,0.23,-0.27,0.34,9.496,9.653,8.957,9.025,10.2,9.71,11.48,11.38,-0.002,-0.003,-0.002,0.0,0.0,-80.3064038,26.9209499,892.2
9.3,0.4,0.0,-0.0,-0.07,-0.07,0.35,-0.24,-0.24,-0.27,0.39,9.496,9.643,8.927,9.006,10.2,9.61,11.77,11.28,-0.002,-0.003,-0.002,0.0,0.01,-80.3064038,26.9209499,892.25
9.3,0.4,0.0,-0.0,-0.08,-0.04,0.12,0.24,0.24,-0.27,0.39,9.496,9.682,8.927,9.015,10.3,9.91,11.67,11.18,-0.002,-0.003,-0.002,0.0,0.01,-80.3064038,26.9209499,892.3
9.3,0.4,0.0,-0.0,-0.06,-0.07,0.04,0.09,-0.24,-0.26,0.39,9.506,9.673,8.947,9.025,10.5,9.81,11.77,11.28,-0.002,-0.003,-0.002,0.0,0.01,-80.3064038,26.9209499,892.35
9.3,0.4,0.0,-0.0,-0.06,-0.04,-0.17,0.38,0.3,-0.25,0.39,9.496,9.624,8.976,9.015,10.5,9.91,11.58,11.09,-0.002,-0.003,-0.002,0.0,0.01,-80.3064038,26.9209499,892.4
9.3,0.4,0.0,-0.0,-0.05,-0.06,-0.09,-0.1,0.07,-0.25,0.39,9.496,9.643,8.976,9.015,10.3,9.61,11.77,10.99,-0.002,-0.003,-0.002,0.0,0.01,-80.3064038,26.9209499,892.45
9.3,0.4,0.0,-0.0,-0.07,-0.05,0.09,0.27,-0.36,-0.27,0.39,9.526,9.653,8.966,9.015,10.4,9.71,11.77,11.38,-0.002,-0.003,-0.002,0.0,0.01,-80.3064038,26.9209499,892.5
9.3,0.4,0.0,-0.0,-0.07,-0.06,0.14,0.04,0.29,-0.27,0.4,9.486,9.663,8.957,9.045,10.4,9.81,11.28,11.18,-0.002,-0.003,-0.002,0.0,0.01,-80.3064038,26.9209499,892.55
9.3,0.4,0.0,-0.0,-0.07,-0.05,-0.01,0.52,-0.2,-0.28,0.37,9.516,9.653,8.957,9.015,10.3,9.42,11.58,11.09,-0.002,-0.003,-0.002,0.0,0.01,-80.3064038,26.9209499,892.6
9.3,0.4,0.0,0.0,-0.06,-0.04,-0.42,-0.23,0.28,-0.29,0.36,9.506,9.643,8.927,9.015,10.5,9.71,11.67,11.09,-0.002,-0.003,-0.002,0.0,0.01,-80.3064038,26.9209499,892.65
9.3,0.4,0.0,-0.0,-0.05,-0.05,-0.16,0.01,0.29,-0.27,0.4,9.506,9.663,8.927,9.006,10.4,9.71,11.87,11.58,-0.002,-0.003,-0.002,0.0,0.01,-80.3064038,26.9209499,892.7
9.3,0.4,0.0,-0.0,-0.06,-0.05,0.1,0.09,-0.02,-0.28,0.41,9.526,9.663,8.937,9.006,10.5,9.61,11.38,11.09,-0.002,-0.003,-0.002,0.0,0.01,-80.3064038,26.9209499,892.75
9.3,0.4,0.0,-0.0,-0.08,-0.05,0.14,0.05,0.07,-0.27,0.4,9.506,9.673,8.957,9.025,10.2,9.52,11.58,11.18,-0.002,-0.003,-0.002,0.0,0.01,-80.3064038,26.9209499,892.8
9.3,0.4,0.0,-0.0,-0.05,-0.06,-0.13,0.09,0.1,-0.27,0.41,9.516,9.663,8.927,9.006,10.5,9.52,11.77,11.38,-0.002,-0.003,-0.002,0.0,0.01,-80.3064038,26.9209499,892.85
9.3,0.4,0.0,-0.0,-0.07,-0.05,-0.05,0.02,-0.17,-0.27,0.4,9.506,9.653,8.937,9.015,10.4,9.52,11.67,11.28,-0.002,-0.003,-0.002,0.0,0.01,-80.3064038,26.9209499,892.9
9.3,0.4,0.0,-0.0,-0.08,-0.03,0.13,0.38,-0.12,-0.27,0.39,9.496,9.643,8.966,8.996,10.5,9.71,11.38,11.28,-0.002,-0.003,-0.002,0.0,0.01,-80.3064038,26.9209499,892.95
9.3,0.4,0.0,-0.0,-0.06,-0.06,-0.05,0.16,-0.07,-0.28,0.41,9.526,9.633,8.927,9.006,10.4,9.81,11.38,11.58,-0.002,-0.003,-0.002,0.0,0.01,-80.3064038,26.9209499,893.0
9.3,0.4,0.0,-0.0,-0.06,-0.05,0.19,0.17,-0.14,-0.27,0.39,9.506,9.653,8.966,9.035,10.3,9.52,11.58,11.28,-0.002,-0.003,-0.002,0.0,0.01,-80.3064038,26.9209499,893.05
9.3,0.4,0.0,-0.0,-0.07,-0.06,0.21,0.34,-0.18,-0.27,0.39,9.526,9.653,8.966,9.015,10.4,9.61,11.48,11.18,-0.002,-0.003,-0.002,0.0,0.01,-80.3064038,26.9209499,893.1
9.3,0.4,0.0,-0.0,-0.06,-0.04,-0.02,-0.03,0.24,-0.27,0.41,9.506,9.663,8.957,9.025,10.4,9.71,11.87,11.28,-0.002,-0.003,-0.002,0.0,0.01,-80.3064038,26.9209499,893.15
9.3,0.4,0.0,-0.0,-0.07,-0.03,-0.11,-0.22,-0.23,-0.27,0.39,9.516,9.663,8.957,9.015,10.4,9.52,11.77,11.28,-0.002,-0.003,-0.002,0.0,0.01,-80.3064038,26.9209499,893.2
9.3,0.4,0.0,-0.0,-0.06,-0.05,0.04,0.07,0.2,-0.26,0.42,9.496,9.653,8.927,9.025,10.4,9.81,11.67,11.28,-0.002,-0.003,-0.002,0.0,0.01,-80.3064038,26.9209499,893.25
9.3,0.4,0.0,0.0,-0.05,-0.04,-0.17,0.01,0.35,-0.27,0.41,9.496,9.643,8.947,9.035,10.3,9.81,11.97,11.18,-0.002,-0.003,-0.002,0.0,-0.0,-80.3064038,26.9209499,893.3
9.3,0.4,0.0,0.0,-0.06,-0.05,-0.11,0.0,-0.06,-0.27,0.39,9.535,9.653,8.966,9.025,10.2,9.81,11.48,11.09,-0.002,-0.003,-0.002,0.0,-0.0,-80.3064038,26.9209499,893.35
9.5,0.3,0.0,-0.0,-0.08,-0.05,0.26,0.06,-0.13,-0.27,0.41,9.467,9.643,9.035,9.113,10.1,9.91,11.38,11.28,-0.002,-0.003,-0.002,0.0,0.0,-80.3064038,26.9209499,893.4
9.3,0.4,0.0,-0.0,-0.07,-0.05,0.3,-0.11,-0.08,-0.27,0.39,9.496,9.673,8.986,9.035,10.5,9.52,11.58,11.18,-0.002,-0.003,-0.002,0.0,0.0,-80.3064038,26.9209499,893.45
9.3,0.4,0.0,0.0,-0.06,-0.04,-0.07,-0.03,0.19,-0.27,0.4,9.526,9.643,8.937,9.006,10.5,9.42,11.58,11.28,-0.002,-0.003,-0.002,0.0,-0.0,-80.3064038,26.9209499,893.5
9.3,0.4,0.0,0.0,-0.07,-0.04,-0.15,0.49,0.04,-0.28,0.4,9.496,9.653,8.957,9.006,10.5,9.61,11.38,11.38,-0.002,-0.003,-0.002,0.0,-0.0,-80.3064038,26.9209499,893.55
9.3,0.4,0.0,0.0,-0.04,-0.08,-0.14,0.33,0.36,-0.27,0.4,9.506,9.673,8.947,9.006,10.3,9.52,11.67,10.99,-0.002,-0.003,-0.002,0.0,-0.0,-80.3064038,26.9209499,893.6
9.3,0.4,0.0,0.0,-0.07,-0.03,-0.18,-0.12,0.36,-0.27,0.38,9.506,9.663,8.976,9.025,10.4,9.81,12.07,11.28,-0.002,-0.003,-0.002,0.0,-0.0,-80.3064038,26.9209499,893.65
9.3,0.4,0.0,0.0,-0.06,-0.06,0.08,-0.11,-0.13,-0.27,0.39,9.526,9.653,8.957,9.045,10.59,9.52,11.48,11.09,-0.002,-0.003,-0.002,0.0,0.0,-80.3064038,26.9209499,893.7
9.3,0.4,0.0,0.0,-0.06,-0.05,-0.08,-0.01,-0.05,-0.28,0.39,9.506,9.633,8.957,9.035,10.3,9.61,11.67,11.38,-0.002,-0.003,-0.002,0.0,-0.0,-80.3064038,26.9209499,893.75
9.3,0.4,0.0,0.0,-0.06,-0.06,-0.14,0.32,0.2,-0.28,0.39,9.516,9.682,8.976,9.015,10.5,9.81,11.87,11.28,-0.002,-0.003,-0.002,0.0,-0.0,-80.3064038,26.9209499,893.8
9.3,0.4,0.0,0.01,-0.04,-0.05,-0.27,0.01,0.62,-0.27,0.41,9.526,9.673,8.937,8.986,10.59,9.61,11.67,11.28,-0.002,-0.003,-0.002,0.0,-0.0,-80.3064038,26.9209499,893.85
9.3,0.4,0.0,0.01,-0.07,-0.04,-0.05,-0.0,0.14,-0.28,0.41,9.516,9.663,8.937,9.025,10.3,9.71,11.77,11.48,-0.002,-0.003,-0.002,0.0,-0.0,-80.3064038,26.9209499,893.9
9.3,0.4,0.0,0.01,-0.08,-0.04,0.01,0.09,-0.71,-0.27,0.39,9.496,9.663,8.957,8.996,10.3,9.71,11.58,11.28,-0.002,-0.003,-0.002,0.0,-0.0,-80.3064038,26.9209499,893.95
9.3,0.4,0.0,0.01,-0.07,-0.06,0.27,-0.08,-0.26,-0.28,0.4,9.486,9.653,8.917,9.025,10.4,9.71,11.28,11.28,-0.002,-0.003,-0.002,0.0,-0.0,-80.3064038,26.9209499,894.0
9.3,0.4,0.0,0.01,-0.08,-0.02,-0.21,-0.11,-0.36,-0.27,0.39,9.486,9.653,8.937,9.035,10.79,9.91,11.87,11.28,-0.002,-0.003,-0.002,0.0,-0.0,-80.3064038,26.9209499,894.05
9.5,0.3,0.0,0.01,-0.05,-0.06,-0.17,0.07,0.15,-0.26,0.39,9.496,9.653,9.055,9.133,10.5,9.61,11.87,11.09,-0.002,-0.003,-0.002,0.0,-0.0,-80.3064038,26.9209499,894.1
9.3,0.4,0.0,0.01,-0.07,-0.04,0.03,-0.19,0.02,-0.27,0.41,9.496,9.653,8.947,8.996,10.4,9.52,11.58,11.18,-0.002,-0.003,-0.002,0.0,-0.0,-80.3064038,26.9209499,894.15
9.3,0.4,0.0,0.01,-0.07,-0.06,0.19,0.05,-0.19,-0.28,0.39,9.506,9.624,8.937,8.996,10.4,9.71,11.48,11.09,-0.002,-0.003,-0.002,0.0,-0.0,-80.3064038,26.9209499,894.2
9.3,0.4,0.0,0.01,-0.05,-0.05,-0.17,-0.01,0.08,-0.25,0.41,9.506,9.653,8.937,8.976,10.4,9.61,11.38,11.38,-0.002,-0.003,-0.002,0.0,-0.0,-80.3064039,26.9209499,894.25
9.2,0.4,0.0,0.01,-0.06,-0.04,-0.3,0.23,-0.14,-0.26,0.4,9.476,9.643,8.917,8.996,10.4,9.71,11.58,11.38,-0.002,-0.003,-0.002,0.0,-0.0,-80.3064039,26.9209499,894.3
9.3,0.4,0.0,0.01,-0.07,-0.04,-0.09,-0.37,-0.14,-0.25,0.39,9.486,9.653,8.917,9.025,10.4,9.71,11.87,11.38,-0.002,-0.003,-0.002,0.0,-0.0,-80.3064039,26.9209499,894.35
9.3,0.4,0.0,0.01,-0.06,-0.05,-0.19,-0.24,-0.11,-0.27,0.39,9.486,9.673,8.947,9.006,10.2,9.81,11.77,11.28,-0.002,-0.003,-0.002,0.0,-0.0,-80.3064039,26.9209499,894.4
9.3,0.4,0.0,0.01,-0.07,-0.06,0.07,-0.02,-0.01,-0.26,0.39,9.496,9.682,8.907,8.996,10.5,9.91,11.58,11.28,-0.002,-0.003,-0.002,0.0,-0.0,-80.3064039,26.9209499,894.45
9.3,0.4,0.0,0.01,-0.05,-0.05,-0.27,0.01,0.22,-0.25,0.37,9.476,9.663,8.937,9.006,10.69,9.81,11.77,11.09,-0.002,-0.003,-0.002,0.0,-0.0,-80.3064039,26.9209499,894.5
9.3,0.4,0.0,0.01,-0.07,-0.04,0.21,-0.13,0.22,-0.25,0.4,9.486,9.663,8.937,8.986,10.4,9.81,11.38,11.38,-0.002,-0.003,-0.002,0.0,-0.0,-80.3064039,26.9209499,894.55
9.2,0.4,0.0,0.01,-0.06,-0.05,0.12,0.23,-0.52,-0.26,0.4,9.516,9.653,8.937,9.006,10.4,9.42,11.67,11.38,-0.002,-0.003,-0.002,0.0,-0.0,-80.3064039,26.9209499,894.6
9.3,0.4,0.0,0.01,-0.07,-0.05,0.22,-0.13,0.14,-0.26,0.4,9.496,9.673,8.937,9.006,10.3,9.52,11.87,11.38,-0.002,-0.003,-0.002,0.0,-0.0,-80.3064039,26.9209499,894.65
9.3,0.4,0.0,0.01,-0.07,-0.05,0.15,0.22,0.01,-0.26,0.4,9.496,9.653,8.957,9.015,10.5,9.71,11.58,11.09,-0.002,-0.003,-0.002,0.0,-0.0,-80.3064039,26.9209499,894.7
9.3,0.4,0.0,0.01,-0.06,-0.04,-0.09,0.21,0.1,-0.26,0.42,9.496,9.673,8.957,8.996,10.3,9.61,11.77,11.09,-0.002,-0.003,-0.002,0.0,-0.0,-80.3064039,26.9209499,894.75
9.3,0.4,0.0,0.02,-0.05,-0.05,-0.21,-0.16,-0.27,-0.27,0.4,9.496,9.682,8.937,8.996,10.2,9.91,11.58,11.18,-0.002,-0.003,-0.002,0.0,-0.0,-80.3064039,26.9209499,894.8
9.3,0.4,0.0,0.02,-0.07,-0.04,-0.08,-0.07,-0.28,-0.26,0.4,9.486,9.663,8.937,9.015,10.4,9.91,11.58,11.18,-0.002,-0.003,-0.002,0.0,-0.0,-80.3064039,26.9209499,894.85
9.3,0.4,0.0,0.02,-0.05,-0.05,0.16,-0.08,0.03,-0.27,0.4,9.496,9.663,8.927,9.015,10.4,9.81,11.48,11.38,-0.002,-0.003,-0.002,0.0,-0.0,-80.3064039,26.9209499,894.9
9.3,0.4,0.0,0.02,-0.07,-0.04,0.12,-0.21,-0.16,-0.27,0.4,9.496,9.653,8.937,9.035,10.3,9.61,11.77,11.28,-0.002,-0.003,-0.002,0.0,-0.0,-80.3064039,26.9209499,894.95
9.2,0.4,0.0,0.02,-0.05,-0.04,-0.1,-0.07,-0.03,-0.26,0.4,9.516,9.653,8.927,8.986,10.2,9.61,11.77,11.38,-0.002,-0.003,-0.002,0.0,-0.0,-80.3064039,26.9209499,895.0
9.3,0.4,0.0,0.02,-0.06,-0.03,0.4,-0.28,-0.09,-0.27,0.4,9.516,9.663,8.917,8.996,10.2,9.71,11.77,11.38,-0.002,-0.003,-0.002,0.0,0.0,-80.3064039,26.9209499,895.05
9.3,0.4,0.0,0.02,-0.05,-0.04,-0.37,-0.05,-0.3,-0.26,0.41,9.535,9.663,8.937,9.006,10.5,9.61,11.38,11.48,-0.002,-0.003,-0.002,0.0,-0.0,-80.3064039,26.9209499,895.1
9.2,0.4,0.0,0.02,-0.05,-0.04,-0.17,0.04,0.22,-0.26,0.4,9.506,9.663,8.937,8.996,10.4,9.71,11.67,11.38,-0.002,-0.003,-0.002,0.0,-0.0,-80.3064039,26.9209499,895.15
9.2,0.4,0.0,0.02,-0.06,-0.04,-0.08,-0.05,0.35,-0.27,0.4,9.516,9.633,8.927,8.986,10.4,9.71,11.77,11.38,-0.002,-0.003,-0.002,0.0,-0.0,-80.3064039,26.9209499,895.2
9.3,0.4,0.0,0.02,-0.07,-0.06,0.23,0.2,-0.35,-0.26,0.39,9.496,9.682,8.927,9.006,10.3,9.42,11.67,11.58,-0.002,-0.003,-0.002,0.0,-0.0,-80.3064039,26.9209499,895.25
9.2,0.4,0.0,0.02,-0.06,-0.04,-0.01,-0.33,-0.02,-0.28,0.4,9.516,9.673,8.917,8.986,10.59,9.71,11.67,11.28,-0.002,-0.003,-0.002,0.0,-0.0,-80.3064039,26.9209499,895.3
9.3,0.4,0.0,0.02,-0.06,-0.05,-0.05,-0.13,0.1,-0.27,0.4,9.486,9.663,8.957,9.035,10.1,9.52,11.77,11.48,-0.002,-0.003,-0.002,0.0,-0.0,-80.3064039,26.9209499,895.35
9.3,0.4,0.0,0.02,-0.06,-0.03,-0.17,-0.14,0.0,-0.28,0.4,9.496,9.663,8.937,9.015,10.3,9.61,11.67,11.48,-0.002,-0.003,-0.002,0.0,-0.0,-80.3064039,26.9209499,895.4
9.3,0.4,0.0,0.02,-0.07,-0.05,0.07,0.22,-0.02,-0.28,0.39,9.506,9.643,8.947,9.035,10.4,9.81,11.58,11.38,-0.002,-0.003,-0.002,0.0,-0.0,-80.3064039,26.9209499,895.45
9.3,0.4,0.0,0.02,-0.04,-0.05,-0.33,0.18,0.37,-0.27,0.4,9.516,9.653,8.947,9.025,10.3,9.52,11.67,11.28,-0.002,-0.003,-0.002,0.0,-0.0,-80.3064039,26.9209499,895.5
9.3,0.4,0.0,0.02,-0.07,-0.05,-0.04,0.11,-0.25,-0.26,0.39,9.506,9.653,8.947,8.996,10.5,9.61,11.87,11.28,-0.002,-0.003,-0.002,0.0,-0.0,-80.3064039,26.9209499,895.55
9.3,0.4,0.0,0.02,-0.07,-0.05,0.06,-0.02,-0.28,-0.26,0.38,9.486,9.663,8.957,9.006,10.5,9.71,11.48,11.28,-0.002,-0.003,-0.002,0.0,-0.0,-80.3064039,26.9209499,895.6
9.3,0.4,0.0,0.02,-0.07,-0.03,0.19,-0.04,-0.19,-0.27,0.37,9.496,9.643,8.937,8.996,10.4,9.71,11.77,11.28,-0.002,-0.003,-0.002,0.0,-0.0,-80.3064039,26.9209499,895.65
9.3,0.4,0.0,0.03,-0.05,-0.05,-0.12,-0.0,0.08,-0.3,0.39,9.486,9.643,8.937,9.006,10.4,9.71,11.77,11.28,-0.002,-0.003,-0.002,0.0,-0.0,-80.3064039,26.9209499,895.7
9.3,0.4,0.0,0.03,-0.07,-0.04,-0.06,-0.33,-0.37,-0.28,0.39,9.506,9.682,8.966,9.006,10.3,9.71,11.38,11.09,-0.002,-0.003,-0.002,0.0,-0.0,-80.3064039,26.9209499,895.75
9.3,0.4,0.0,0.03,-0.05,-0.05,-0.0,0.1,0.15,-0.27,0.39,9.516,9.653,8.947,9.006,10.4,9.32,11.77,11.28,-0.002,-0.003,-0.002,0.0,-0.0,-80.3064039,26.9209499,895.8
9.3,0.4,0.0,0.03,-0.07,-0.04,0.24,0.06,0.44,-0.27,0.4,9.476,9.643,8.937,9.006,10.3,9.61,11.77,11.28,-0.002,-0.003,-0.002,0.0,-0.0,-80.3064038,26.92095,895.85
9.3,0.4,0.0,0.03,-0.06,-0.05,0.26,0.14,0.29,-0.27,0.39,9.496,9.663,8.976,9.015,10.1,9.71,11.38,11.28,-0.002,-0.003,-0.002,0.0,-0.0,-80.3064038,26.92095,895.9
9.3,0.4,0.0,-0.01,-0.06,-0.05,-0.06,0.14,0.52,-0.27,0.4,9.506,9.663,8.937,9.015,10.3,9.61,11.87,11.28,-0.002,-0.003,-0.002,0.0,-0.01,-80.3064038,26.92095,895.95
9.3,0.4,0.0,-0.01,-0.06,-0.04,0.09,0.08,0.11,-0.28,0.39,9.496,9.663,8.937,9.006,10.4,9.71,11.58,11.09,-0.002,-0.003,-0.002,0.0,-0.01,-80.3064038,26.92095,896.0
9.3,0.4,0.0,-0.01,-0.06,-0.04,0.13,-0.09,0.03,-0.27,0.39,9.476,9.663,8.937,8.966,10.4,9.91,11.77,11.38,-0.002,-0.003,-0.002,0.0,-0.01,-80.3064038,26.92095,896.05
9.2,0.4,0.0,-0.01,-0.07,-0.03,-0.09,-0.36,0.1,-0.28,0.39,9.496,9.653,8.927,8.996,10.2,9.42,11.67,11.09,-0.002,-0.003,-0.002,0.0,-0.01,-80.3064038,26.92095,896.1
9.2,0.4,0.0,-0.01,-0.07,-0.04,-0.0,-0.27,-0.26,-0.27,0.39,9.506,9.653,8.937,9.015,10.4,9.61,11.77,11.28,-0.002,-0.003,-0.002,0.0,-0.01,-80.3064038,26.92095,896.15
9.3,0.4,0.0,-0.01,-0.06,-0.05,-0.0,0.03,0.19,-0.29,0.38,9.506,9.633,8.927,8.996,10.2,9.52,11.28,11.09,-0.002,-0.003,-0.002,0.0,-0.01,-80.3064038,26.92095,896.2
9.3,0.4,0.0,-0.01,-0.06,-0.05,-0.01,-0.29,-0.28,-0.3,0.36,9.496,9.663,8.937,8.996,10.3,10.01,11.48,11.38,-0.002,-0.003,-0.002,0.0,-0.01,-80.3064038,26.92095,896.25
9.2,0.4,0.0,-0.01,-0.07,-0.05,0.02,0.12,-0.11,-0.32,0.35,9.516,9.663,8.927,8.996,10.3,9.61,11.87,11.48,-0.002,-0.003,-0.002,0.0,-0.01,-80.3064038,26.92095,896.3
9.3,0.4,0.0,-0.01,-0.06,-0.05,-0.08,0.33,0.02,-0.33,0.34,9.496,9.673,8.947,9.025,10.1,9.61,11.67,11.09,-0.002,-0.003,-0.002,0.0,-0.01,-80.3064038,26.92095,896.35
9.2,0.4,0.0,-0.01,-0.06,-0.04,-0.32,0.13,-0.2,-0.28,0.38,9.516,9.633,8.937,9.006,10.2,9.81,11.58,11.09,-0.002,-0.003,-0.002,0.0,-0.01,-80.3064038,26.92095,896.4
9.3,0.4,0.0,-0.01,-0.06,-0.05,-0.03,0.16,0.07,-0.3,0.36,9.516,9.663,8.937,8.996,10.5,9.71,11.38,11.09,-0.002,-0.003,-0.002,0.0,-0.01,-80.3064038,26.92095,896.45
9.3,0.4,0.0,-0.01,-0.06,-0.05,0.09,-0.17,-0.45,-0.27,0.38,9.496,9.682,8.907,9.006,10.2,9.61,11.67,11.28,-0.002,-0.003,-0.002,0.0,-0.01,-80.3064038,26.92095,896.5
9.3,0.4,0.0,-0.01,-0.06,-0.04,-0.33,0.33,-0.01,-0.27,0.41,9.535,9.643,8.927,8.996,10.2,9.61,11.58,11.28,-0.002,-0.003,-0.002,0.0,-0.01,-80.3064038,26.92095,896.55
9.3,0.4,0.0,-0.01,-0.05,-0.06,-0.03,0.27,0.1,-0.26,0.44,9.496,9.653,8.937,8.996,10.3,9.81,11.67,11.28,-0.002,-0.003,-0.002,0.0,-0.01,-80.3064038,26.92095,896.6
9.3,0.4,0.0,-0.01,-0.07,-0.04,0.21,-0.35,0.3,-0.25,0.46,9.516,9.663,8.947,9.015,10.2,9.71,11.58,11.28,-0.002,-0.003,-0.002,0.0,-0.01,-80.3064038,26.92095,896.65
9.2,0.4,0.0,-0.01,-0.06,-0.05,0.09,-0.03,-0.22,-0.25,0.49,9.516,9.663,8.927,9.006,10.3,9.71,11.28,11.09,-0.002,-0.003,-0.002,0.0,-0.01,-80.3064038,26.92095,896.7
9.3,0.4,0.0,-0.01,-0.07,-0.04,-0.08,0.31,-0.26,-0.24,0.51,9.486,9.653,8.947,9.035,10.4,9.61,11.77,11.38,-0.002,-0.003,-0.002,0.0,-0.01,-80.3064038,26.92095,896.75
9.2,0.4,0.0,-0.01,-0.04,-0.09,-0.03,-0.05,-0.44,-0.23,0.53,9.496,9.673,8.907,8.976,10.3,9.61,11.77,11.28,-0.002,-0.003,-0.002,0.0,-0.01,-80.3064038,26.92095,896.8
9.2,0.4,0.0,-0.02,-0.07,-0.05,0.1,0.36,0.31,-0.23,0.56,9.476,9.643,8.927,9.006,10.3,9.91,11.48,11.18,-0.002,-0.003,-0.002,0.0,-0.01,-80.3064038,26.92095,896.85
9.3,0.4,0.0,0.0,-0.06,-0.06,-0.47,0.13,-0.13,-0.22,0.58,9.496,9.673,8.947,9.025,10.3,9.71,11.48,11.48,-0.002,-0.003,-0.002,0.0,-0.0,-80.3064038,26.92095,896.9
9.3,0.4,0.0,0.0,-0.07,-0.04,0.02,0.14,-0.26,-0.21,0.61,9.496,9.653,8.937,8.996,10.5,9.61,11.28,11.38,-0.002,-0.003,-0.002,0.0,-0.0,-80.3064038,26.92095,896.95
9.2,0.4,0.0,0.0,-0.07,-0.05,0.19,0.07,0.11,-0.21,0.63,9.506,9.633,8.927,8.986,10.5,9.81,11.58,11.09,-0.002,-0.003,-0.002,0.0,-0.0,-80.3064038,26.92095,897.0
9.3,0.4,0.0,0.0,-0.07,-0.06,0.11,0.15,0.08,-0.2,0.65,9.506,9.673,8.937,9.015,10.4,9.71,11.38,11.77,-0.002,-0.003,-0.002,0.0,-0.0,-80.3064038,26.92095,897.05
9.6,0.3,0.0,0.0,-0.07,-0.05,0.01,0.35,-0.12,-0.27,0.4,9.526,9.663,9.084,9.153,10.4,9.52,11.67,11.09,-0.002,-0.003,-0.002,0.0,-0.0,-80.3064038,26.92095,897.1
9.3,0.4,0.0,0.0,-0.05,-0.06,0.33,-0.02,0.43,-0.26,0.39,9.506,9.663,8.947,9.006,10.2,9.71,11.38,11.28,-0.002,-0.003,-0.002,0.0,0.0,-80.3064038,26.92095,897.15
9.3,0.4,0.0,0.0,-0.08,-0.04,0.15,0.23,0.07,-0.26,0.39,9.486,9.653,8.917,9.015,10.3,9.61,11.48,11.58,-0.002,-0.003,-0.002,0.0,0.0,-80.3064038,26.92095,897.2
9.2,0.4,0.0,0.0,-0.05,-0.06,0.2,0.13,0.42,-0.27,0.4,9.516,9.663,8.917,8.986,10.4,9.42,11.77,11.38,-0.002,-0.003,-0.002,0.0,0.0,-80.3064038,26.92095,897.25
9.2,0.4,0.0,0.0,-0.05,-0.04,-0.09,-0.43,0.85,-0.29,0.4,9.496,9.663,8.907,8.966,10.5,9.52,11.58,11.38,-0.002,-0.003,-0.002,0.0,-0.0,-80.3064038,26.92095,897.3
9.3,0.4,0.0,0.0,-0.07,-0.05,0.16,0.23,0.04,-0.27,0.39,9.506,9.663,8.937,9.025,10.69,9.61,11.67,10.99,-0.002,-0.003,-0.002,0.0,-0.0,-80.3064038,26.92095,897.35
9.3,0.4,0.0,0.01,-0.05,-0.05,-0.06,0.07,-0.16,-0.27,0.39,9.496,9.682,8.937,9.006,10.3,9.42,11.48,11.38,-0.002,-0.003,-0.002,0.0,-0.0,-80.3064037,26.92095,897.4
9.3,0.4,0.0,0.01,-0.07,-0.04,0.01,0.06,0.32,-0.27,0.39,9.516,9.643,8.957,8.996,10.4,9.81,11.58,11.28,-0.002,-0.003,-0.002,0.0,-0.0,-80.3064037,26.92095,897.45
9.3,0.4,0.0,0.01,-0.06,-0.05,-0.03,-0.0,-0.1,-0.29,0.39,9.486,9.653,8.966,9.035,10.2,9.61,11.58,10.79,-0.002,-0.003,-0.002,0.0,-0.0,-80.3064037,26.92095,897.5
9.3,0.4,0.0,0.01,-0.06,-0.05,0.02,0.02,0.18,-0.27,0.4,9.506,9.653,8.927,9.015,10.5,9.81,11.48,11.09,-0.002,-0.003,-0.002,0.0,-0.0,-80.3064037,26.92095,897.55
9.3,0.4,0.0,0.01,-0.06,-0.05,-0.2,0.1,0.12,-0.27,0.39,9.486,9.643,8.937,9.006,10.5,9.71,11.77,11.38,-0.002,-0.003,-0.002,0.0,-0.0,-80.3064037,26.92095,897.6
9.3,0.4,0.0,0.01,-0.06,-0.05,-0.09,0.06,0.02,-0.28,0.39,9.496,9.663,8.976,9.045,10.5,9.71,11.87,11.77,-0.002,-0.003,-0.002,0.0,-0.0,-80.3064037,26.92095,897.65
9.3,0.4,0.0,-0.0,-0.07,-0.06,0.34,-0.14,0.13,-0.27,0.39,9.506,9.663,8.937,8.986,10.4,9.71,11.48,11.18,-0.002,-0.003,-0.002,0.0,0.0,-80.3064037,26.92095,897.7
9.3,0.4,0.0,0.0,-0.05,-0.05,-0.23,0.08,0.47,-0.28,0.4,9.496,9.663,8.947,9.035,10.4,9.81,11.67,11.28,-0.002,-0.003,-0.002,0.0,0.0,-80.3064037,26.92095,897.75
9.3,0.4,0.0,0.0,-0.06,-0.04,0.04,0.33,-0.11,-0.27,0.39,9.496,9.653,8.937,9.006,10.5,9.71,12.07,11.28,-0.002,-0.003,-0.002,0.0,0.0,-80.3064037,26.92095,897.8
9.3,0.4,0.0,0.0,-0.07,-0.05,0.04,0.23,-0.11,-0.26,0.39,9.506,9.663,8.957,9.006,10.3,9.81,11.38,11.18,-0.002,-0.003,-0.002,0.0,0.0,-80.3064037,26.92095,897.85
9.3,0.4,0.0,0.0,-0.07,-0.05,0.21,-0.16,0.28,-0.27,0.39,9.467,9.643,8.947,9.006,10.4,9.42,11.77,11.09,-0.002,-0.003,-0.002,0.0,0.0,-80.3064037,26.92095,897.9
9.3,0.4,0.0,0.0,-0.06,-0.07,0.08,0.16,-0.32,-0.27,0.39,9.496,9.663,8.957,9.015,10.3,9.71,11.67,11.38,-0.002,-0.003,-0.002,0.0,-0.0,-80.3064037,26.92095,897.95
9.3,0.4,0.0,0.0,-0.08,-0.03,0.03,0.07,-0.14,-0.27,0.39,9.526,9.663,8.976,9.035,10.59,10.01,11.77,11.28,-0.002,-0.003,-0.002,0.0,0.0,-80.3064037,26.92095,898.0
9.3,0.4,0.0,0.0,-0.06,-0.07,0.18,0.02,-0.01,-0.26,0.39,9.496,9.673,8.966,9.035,10.4,9.61,11.38,11.58,-0.002,-0.003,-0.002,0.0,0.0,-80.3064037,26.92095,898.05
9.3,0.4,0.0,0.0,-0.06,-0.04,-0.1,-0.12,0.25,-0.28,0.39,9.476,9.653,8.966,9.006,10.3,9.61,11.38,11.28,-0.002,-0.003,-0.002,0.0,-0.0,-80.3064037,26.92095,898.1
9.3,0.4,0.0,0.0,-0.06,-0.05,0.13,0.1,-0.12,-0.27,0.39,9.476,9.673,8.957,9.035,10.5,9.61,11.77,11.38,-0.002,-0.003,-0.002,0.0,0.0,-80.3064037,26.92095,898.15
9.3,0.4,0.0,0.0,-0.06,-0.05,0.06,0.06,-0.1,-0.29,0.39,9.506,9.633,8.947,8.996,10.4,9.81,11.58,11.38,-0.002,-0.003,-0.002,0.0,0.0,-80.3064037,26.92095,898.2
9.3,0.4,0.0,0.0,-0.05,-0.05,0.17,-0.09,0.13,-0.26,0.39,9.506,9.673,8.966,9.035,10.3,9.52,11.38,11.18,-0.002,-0.003,-0.002,0.0,0.0,-80.3064037,26.92095,898.25
9.3,0.4,0.0,0.0,-0.08,-0.04,0.04,0.12,-0.19,-0.29,0.39,9.496,9.663,8.937,9.006,10.4,9.42,11.58,11.38,-0.002,-0.003,-0.002,0.0,-0.0,-80.3064037,26.92095,898.3
9.2,0.4,0.0,0.01,-0.05,-0.05,-0.15,0.14,-0.08,-0.3,0.4,9.496,9.682,8.907,8.976,10.5,9.91,11.77,11.38,-0.002,-0.003,-0.002,0.0,-0.0,-80.3064037,26.92095,898.35
9.3,0.4,0.0,0.01,-0.07,-0.06,0.2,0.05,0.2,-0.27,0.39,9.516,9.633,8.937,9.025,10.5,9.81,11.38,11.38,-0.002,-0.003,-0.002,0.0,-0.0,-80.3064037,26.92095,898.4
9.3,0.4,0.0,0.01,-0.07,-0.04,-0.02,0.2,-0.12,-0.28,0.38,9.486,9.653,8.966,9.035,10.4,9.61,11.38,11.18,-0.002,-0.003,-0.002,0.0,-0.0,-80.3064037,26.92095,898.45
9.3,0.4,0.0,0.01,-0.05,-0.05,0.05,-0.24,-0.14,-0.28,0.38,9.496,9.663,8.947,9.045,10.3,9.71,11.58,11.28,-0.002,-0.003,-0.002,0.0,-0.0,-80.3064037,26.92095,898.5
9.3,0.4,0.0,0.01,-0.07,-0.04,0.04,-0.21,-0.03,-0.28,0.4,9.496,9.663,8.957,9.035,10.2,10.01,11.58,11.09,-0.002,-0.003,-0.002,0.0,-0.0,-80.3064037,26.92095,898.55
9.3,0.4,0.0,0.01,-0.05,-0.04,-0.18,-0.16,0.73,-0.28,0.4,9.506,9.633,8.966,9.035,10.2,9.91,11.67,11.48,-0.002,-0.003,-0.002,0.0,-0.0,-80.3064037,26.92095,898.6
9.3,0.4,0.0,0.01,-0.08,-0.03,0.05,0.16,-0.18,-0.29,0.43,9.496,9.663,8.947,8.996,10.2,9.71,11.67,11.09,-0.002,-0.003,-0.002,0.0,-0.0,-80.3064037,26.92095,898.65
9.3,0.4,0.0,0.01,-0.03,-0.06,-0.15,-0.18,0.47,-0.28,0.4,9.486,9.663,8.937,9.006,10.4,9.81,11.77,11.28,-0.002,-0.003,-0.002,0.0,-0.0,-80.3064037,26.92095,898.7
9.3,0.4,0.0,0.01,-0.13,0.03,0.25,-0.09,-0.2,-0.28,0.41,9.496,9.653,8.937,9.035,10.2,9.81,11.87,11.09,-0.002,-0.003,-0.002,0.0,0.0,-80.3064037,26.92095,898.75
9.3,0.4,0.0,0.01,-0.06,-0.05,-0.02,-0.09,0.34,-0.28,0.41,9.506,9.663,8.917,9.006,10.4,9.91,11.58,11.28,-0.002,-0.003,-0.002,0.0,-0.0,-80.3064037,26.92095,898.8
9.3,0.4,0.0,0.01,-0.07,-0.04,0.31,0.04,0.03,-0.29,0.4,9.506,9.663,8.937,9.015,10.3,9.91,11.38,11.38,-0.002,-0.003,-0.002,0.0,-0.0,-80.3064037,26.92095,898.85
9.3,0.4,0.0,0.01,-0.07,-0.06,-0.02,-0.08,-0.23,-0.28,0.38,9.486,9.673,8.986,9.045,10.2,9.81,11.77,11.38,-0.002,-0.003,-0.002,0.0,-0.0,-80.3064037,26.92095,898.9
9.3,0.4,0.0,0.01,-0.07,-0.04,0.03,-0.16,-0.06,-0.29,0.39,9.476,9.653,8.927,9.006,10.5,9.81,11.28,11.28,-0.002,-0.003,-0.002,0.0,-0.0,-80.3064037,26.9209499,898.95
9.3,0.4,0.0,0.01,-0.06,-0.06,0.24,-0.03,0.08,-0.28,0.38,9.516,9.663,8.957,9.015,10.59,9.52,11.58,11.38,-0.002,-0.003,-0.002,0.0,-0.0,-80.3064037,26.9209499,899.0
9.3,0.4,0.0,0.0,-0.06,-0.04,0.03,0.02,0.03,-0.27,0.4,9.467,9.653,8.966,9.035,10.4,9.71,11.38,11.58,-0.002,-0.003,-0.002,0.0,-0.0,-80.3064037,26.9209499,899.05
9.3,0.4,0.0,0.0,-0.06,-0.06,-0.06,0.03,0.12,-0.28,0.39,9.486,9.653,8.927,8.996,10.4,9.61,11.58,11.28,-0.002,-0.003,-0.002,0.0,-0.0,-80.3064037,26.9209499,899.1
9.3,0.4,0.0,-0.0,-0.07,-0.03,0.25,-0.14,0.15,-0.28,0.39,9.476,9.653,8.957,9.045,10.4,9.61,11.97,11.48,-0.002,-0.003,-0.002,0.0,0.0,-80.3064037,26.9209499,899.15
9.3,0.4,0.0,-0.0,-0.07,-0.04,-0.11,-0.33,-0.15,-0.28,0.39,9.496,9.663,8.937,9.035,10.3,9.61,11.58,11.38,-0.002,-0.003,-0.002,0.0,0.0,-80.3064037,26.9209499,899.2
9.3,0.4,0.0,0.0,-0.04,-0.05,-0.25,-0.12,0.02,-0.28,0.39,9.496,9.682,8.947,9.025,10.4,9.52,11.48,11.09,-0.002,-0.003,-0.002,0.0,0.0,-80.3064037,26.9209499,899.25
9.3,0.4,0.0,0.0,-0.07,-0.03,0.19,-0.35,0.45,-0.28,0.39,9.476,9.663,8.947,9.006,10.3,9.61,11.48,11.48,-0.002,-0.003,-0.002,0.0,0.0,-80.3064037,26.9209499,899.3
9.3,0.4,0.0,0.0,-0.06,-0.07,0.25,0.27,0.01,-0.28,0.39,9.496,9.663,8.937,9.025,10.3,9.71,11.58,11.18,-0.002,-0.003,-0.002,0.0,0.0,-80.3064037,26.9209499,899.35
9.3,0.4,0.0,0.0,-0.07,-0.03,0.01,-0.26,-0.46,-0.29,0.39,9.496,9.643,8.957,9.015,10.2,10.01,11.87,11.28,-0.002,-0.003,-0.002,0.0,0.0,-80.3064037,26.9209499,899.4
9.3,0.4,0.0,-0.0,-0.06,-0.05,0.06,0.37,-0.11,-0.28,0.38,9.496,9.653,8.927,8.996,10.4,9.71,11.58,11.28,-0.002,-0.003,-0.002,0.0,0.0,-80.3064037,26.9209499,899.45
9.3,0.4,0.0,0.0,-0.06,-0.03,-0.09,-0.41,0.09,-0.28,0.39,9.476,9.643,8.937,8.996,10.4,9.71,11.67,11.58,-0.002,-0.003,-0.002,0.0,0.0,-80.3064037,26.9209499,899.5
9.3,0.4,0.0,0.0,-0.07,-0.04,-0.14,-0.16,-0.48,-0.28,0.38,9.506,9.663,8.947,9.015,10.4,9.81,11.58,11.28,-0.002,-0.003,-0.002,0.0,0.0,-80.3064037,26.9209499,899.55
9.3,0.4,0.0,0.0,-0.06,-0.06,-0.12,-0.01,-0.17,-0.28,0.39,9.486,9.624,8.966,9.015,10.5,9.61,11.58,11.28,-0.002,-0.003,-0.002,0.0,0.0,-80.3064037,26.9209499,899.6
9.3,0.4,0.0,0.0,-0.07,-0.04,-0.3,-0.1,-0.04,-0.28,0.4,9.486,9.643,8.937,9.006,10.5,9.61,11.77,11.38,-0.002,-0.003,-0.002,0.0,0.0,-80.3064037,26.9209499,899.65
9.3,0.4,0.0,0.0,-0.06,-0.05,0.22,0.1,-0.12,-0.28,0.39,9.506,9.643,8.947,9.015,10.59,9.81,11.58,11.28,-0.002,-0.003,-0.002,0.0,0.01,-80.3064037,26.9209499,899.7
9.3,0.4,0.0,0.0,-0.06,-0.05,-0.09,0.32,0.03,-0.28,0.39,9.506,9.673,8.957,9.045,10.59,9.81,11.58,11.28,-0.002,-0.003,-0.002,0.0,0.01,-80.3064037,26.9209499,899.75
9.3,0.4,0.0,-0.0,-0.06,-0.05,0.06,0.25,0.05,-0.27,0.39,9.496,9.673,8.937,9.006,10.59,9.52,11.48,11.09,-0.002,-0.003,-0.002,0.0,0.01,-80.3064037,26.9209499,899.8
9.3,0.4,0.0,-0.0,-0.06,-0.07,0.29,0.19,0.01,-0.29,0.39,9.506,9.653,8.947,9.006,10.69,9.81,11.58,11.38,-0.002,-0.003,-0.002,0.0,0.01,-80.3064037,26.9209499,899.85
9.3,0.4,0.0,-0.0,-0.07,-0.03,0.01,-0.1,0.17,-0.28,0.38,9.486,9.653,8.966,9.025,10.4,9.42,11.77,11.28,-0.002,-0.003,-0.002,0.0,0.01,-80.3064037,26.9209499,899.9
9.3,0.4,0.0,0.0,-0.05,-0.06,0.22,0.01,-0.02,-0.28,0.4,9.506,9.633,8.966,9.025,10.3,9.81,11.38,11.09,-0.002,-0.003,-0.002,0.0,0.01,-80.3064037,26.9209499,899.95
9.3,0.4,0.0,-0.0,-0.07,-0.04,0.11,-0.02,0.07,-0.28,0.39,9.486,9.682,8.937,8.976,10.2,9.52,11.77,11.28,-0.002,-0.003,-0.002,0.0,0.01,-80.3064037,26.9209499,900.0
9.3,0.4,0.0,0.0,-0.06,-0.05,-0.04,0.24,0.15,-0.29,0.4,9.496,9.643,8.937,9.055,10.5,9.71,11.48,11.38,-0.002,-0.003,-0.002,0.0,0.01,-80.3064037,26.9209499,900.05
9.3,0.4,0.0,-0.0,-0.06,-0.05,0.12,-0.02,-0.06,-0.3,0.41,9.506,9.673,8.917,9.006,10.2,10.01,11.87,11.18,-0.002,-0.003,-0.002,0.0,0.01,-80.3064037,26.9209499,900.1
9.3,0.4,0.0,-0.0,-0.07,-0.04,0.07,0.05,-0.3,-0.27,0.38,9.516,9.633,8.937,8.996,10.59,9.61,11.87,11.09,-0.002,-0.003,-0.002,0.0,0.01,-80.3064037,26.9209499,900.15
9.3,0.4,0.0,0.0,-0.05,-0.05,-0.13,0.21,-0.22,-0.27,0.38,9.486,9.663,8.927,9.006,10.1,9.71,11.48,10.99,-0.002,-0.003,-0.002,0.0,0.01,-80.3064037,26.9209499,900.2
9.3,0.4,0.0,0.0,-0.06,-0.05,0.02,0.08,-0.03,-0.28,0.38,9.516,9.643,8.927,9.025,10.5,9.81,11.77,11.28,-0.002,-0.003,-0.002,0.0,0.01,-80.3064037,26.9209499,900.25
9.3,0.4,0.0,-0.0,-0.07,-0.04,0.31,0.29,-0.34,-0.27,0.39,9.496,9.653,8.927,9.015,10.2,9.52,11.58,11.28,-0.002,-0.003,-0.002,0.0,0.01,-80.3064037,26.9209499,900.3
9.3,0.4,0.0,-0.0,-0.06,-0.06,-0.07,0.54,0.24,-0.27,0.39,9.496,9.663,8.957,9.015,10.5,9.61,11.38,11.38,-0.002,-0.003,-0.002,0.0,0.01,-80.3064037,26.9209499,900.35
9.3,0.4,0.0,0.0,-0.07,-0.05,0.03,-0.2,-0.07,-0.27,0.39,9.506,9.633,8.927,9.006,10.4,9.61,11.87,11.09,-0.002,-0.003,-0.002,0.0,0.01,-80.3064037,26.9209499,900.4
9.2,0.4,0.0,-0.0,-0.11,0.01,0.11,0.16,0.12,-0.27,0.39,9.486,9.643,8.917,8.976,10.01,9.71,11.58,11.38,-0.002,-0.003,-0.002,0.0,0.01,-80.3064037,26.9209499,900.45
9.3,0.4,0.0,0.0,-0.07,-0.05,-0.04,-0.07,-0.31,-0.27,0.4,9.476,9.673,8.966,9.035,10.3,9.71,11.58,11.09,-0.002,-0.003,-0.002,0.0,0.01,-80.3064037,26.9209499,900.5
9.3,0.4,0.0,-0.0,-0.06,-0.03,-0.02,0.13,-0.18,-0.28,0.4,9.506,9.663,8.957,9.006,10.4,9.61,11.58,11.58,-0.002,-0.003,-0.002,0.0,0.01,-80.3064037,26.9209499,900.55
9.2,0.4,0.0,0.0,-0.06,-0.05,0.18,0.02,-0.01,-0.28,0.41,9.516,9.663,8.937,8.996,10.4,9.91,11.77,11.48,-0.002,-0.003,-0.002,0.0,0.02,-80.3064037,26.9209499,900.6
9.3,0.4,0.0,0.0,-0.07,-0.05,0.19,-0.1,0.05,-0.28,0.42,9.526,9.653,8.966,9.015,10.2,9.91,11.58,11.28,-0.002,-0.003,-0.002,0.0,0.02,-80.3064037,26.9209499,900.65
9.4,0.4,0.0,0.0,-0.07,-0.05,-0.03,0.13,-0.38,-0.26,0.39,9.506,9.653,8.957,9.025,10.3,10.01,11.38,11.28,-0.002,-0.003,-0.002,0.0,0.02,-80.3064037,26.9209499,900.7
9.3,0.4,0.0,-0.0,-0.06,-0.04,-0.04,0.02,-0.16,-0.25,0.39,9.516,9.663,8.947,9.035,10.3,9.71,11.77,11.28,-0.002,-0.003,-0.002,0.0,0.02,-80.3064037,26.9209499,900.75
9.3,0.4,0.0,-0.0,-0.05,-0.03,-0.21,-0.44,-0.13,-0.28,0.39,9.496,9.673,8.927,9.015,10.4,9.81,11.58,11.28,-0.002,-0.003,-0.002,0.0,0.02,-80.3064037,26.9209499,900.8
9.2,0.4,0.0,0.0,-0.07,-0.04,0.1,-0.11,-0.21,-0.27,0.4,9.486,9.663,8.907,9.025,10.3,9.91,11.58,11.18,-0.002,-0.003,-0.002,0.0,0.02,-80.3064037,26.9209499,900.85
9.3,0.4,0.0,-0.0,-0.09,-0.01,0.25,-0.0,-0.1,-0.26,0.41,9.506,9.663,8.976,9.055,10.3,9.81,11.58,11.38,-0.002,-0.003,-0.002,0.0,0.02,-80.3064038,26.9209499,900.9
9.3,0.4,0.0,0.0,-0.05,-0.05,0.07,-0.29,0.15,-0.25,0.42,9.486,9.663,8.937,9.025,10.59,9.61,11.38,11.38,-0.002,-0.003,-0.002,0.0,0.02,-80.3064038,26.9209499,900.95
9.3,0.4,0.0,0.0,-0.06,-0.05,-0.04,0.15,-0.16,-0.24,0.42,9.486,9.673,8.947,9.045,10.5,9.71,11.77,11.28,-0.002,-0.003,-0.002,0.0,0.02,-80.3064038,26.9209499,901.0
9.3,0.4,0.0,-0.0,0.04,-0.11,0.33,0.52,-0.81,-0.27,0.38,9.535,9.584,8.898,9.055,10.3,9.91,11.58,11.18,-0.002,-0.003,-0.002,0.0,0.0,-80.3064038,26.9209499,901.05
9.3,0.4,0.0,0.0,-0.06,-0.09,0.02,-0.27,0.29,-0.27,0.39,9.565,9.673,8.966,9.035,10.5,9.81,11.77,11.38,-0.002,-0.003,-0.002,0.0,0.0,-80.3064038,26.9209499,901.1
9.3,0.4,0.0,0.0,-0.08,-0.03,0.1,0.07,-0.19,-0.24,0.38,9.516,9.702,8.966,9.055,10.59,9.81,11.48,11.18,-0.002,-0.003,-0.002,0.0,0.0,-80.3064038,26.9209499,901.15
9.3,0.4,0.0,0.0,-0.07,-0.07,-0.06,-0.3,-0.56,-0.21,0.37,9.476,9.663,8.957,8.976,10.59,9.71,11.97,10.99,-0.002,-0.003,-0.002,0.0,0.01,-80.3064038,26.9209498,901.2
9.3,0.4,0.0,0.01,-0.07,-0.03,0.07,-0.08,-0.23,-0.27,0.39,9.486,9.673,8.947,9.045,10.3,9.71,11.48,11.48,-0.002,-0.003,-0.002,0.0,0.01,-80.3064038,26.9209498,901.25
9.3,0.4,0.0,0.01,-0.04,-0.04,-0.1,-0.13,-0.04,-0.27,0.39,9.526,9.653,8.927,8.976,10.5,9.61,11.77,11.09,-0.002,-0.003,-0.002,0.0,0.01,-80.3064038,26.9209498,901.3
9.3,0.4,0.0,0.01,-0.08,-0.04,-0.22,0.02,-0.18,-0.28,0.39,9.476,9.663,8.957,9.015,10.4,9.61,11.58,11.38,-0.002,-0.003,-0.002,0.0,0.01,-80.3064038,26.9209498,901.35
9.3,0.4,0.0,0.01,-0.05,-0.05,-0.13,-0.27,0.09,-0.28,0.39,9.516,9.663,8.976,8.996,10.3,9.81,11.67,11.38,-0.002,-0.003,-0.002,0.0,0.01,-80.3064038,26.9209498,901.4
9.3,0.4,0.0,0.01,-0.07,-0.05,0.33,0.06,-0.16,-0.26,0.39,9.506,9.702,8.976,9.045,10.4,9.71,11.87,11.18,-0.002,-0.003,-0.002,0.0,0.02,-80.3064038,26.9209498,901.45
9.3,0.4,0.0,0.02,-0.06,-0.04,0.14,-0.14,0.37,-0.27,0.39,9.496,9.673,8.937,9.025,10.4,9.61,11.77,11.28,-0.002,-0.003,-0.002,0.0,0.02,-80.3064038,26.9209498,901.5
9.2,0.4,0.0,0.02,-0.06,-0.03,-0.23,0.09,-0.1,-0.27,0.39,9.476,9.624,8.917,8.966,10.5,9.52,11.58,11.28,-0.002,-0.003,-0.002,0.0,0.02,-80.3064038,26.9209498,901.55
9.3,0.4,0.0,0.02,-0.05,-0.05,-0.12,0.04,0.42,-0.27,0.39,9.496,9.653,8.947,9.035,10.3,9.91,11.48,10.99,-0.002,-0.003,-0.002,0.0,0.02,-80.3064038,26.9209498,901.6
9.3,0.4,0.0,0.02,-0.08,-0.05,-0.0,-0.39,-0.11,-0.28,0.39,9.506,9.653,8.957,9.015,10.5,9.81,11.38,11.38,-0.002,-0.003,-0.002,0.0,0.03,-80.3064038,26.9209498,901.65
9.3,0.4,0.0,0.02,-0.07,-0.04,0.1,0.27,-0.03,-0.27,0.39,9.516,9.663,8.907,9.006,10.2,9.81,11.58,11.67,-0.002,-0.003,-0.002,0.0,0.03,-80.3064038,26.9209498,901.7
9.3,0.4,0.0,0.02,-0.05,-0.05,-0.17,-0.02,-0.22,-0.27,0.38,9.486,9.633,8.966,9.015,10.3,9.71,11.77,11.28,-0.002,-0.003,-0.002,0.0,0.03,-80.3064037,26.9209498,901.75
9.3,0.4,0.0,0.03,-0.06,-0.03,-0.08,-0.19,0.1,-0.28,0.39,9.476,9.682,8.947,9.025,10.5,10.1,11.87,10.79,-0.002,-0.003,-0.002,0.0,0.04,-80.3064038,26.9209498,901.8
9.3,0.4,0.0,0.03,-0.05,-0.04,-0.1,-0.42,-0.16,-0.28,0.39,9.516,9.653,8.947,9.006,10.2,9.52,11.67,11.28,-0.002,-0.003,-0.002,0.0,0.04,-80.3064037,26.9209498,901.85
9.3,0.4,0.0,0.03,-0.07,-0.04,-0.07,0.07,-0.06,-0.27,0.39,9.486,9.682,8.937,9.006,10.4,9.81,11.77,11.38,-0.002,-0.003,-0.002,0.0,0.04,-80.3064037,26.9209498,901.9
9.3,0.4,0.0,0.03,-0.06,-0.06,-0.01,0.13,-0.45,-0.27,0.38,9.506,9.663,8.937,9.006,10.5,9.52,11.97,11.09,-0.002,-0.003,-0.002,0.0,0.04,-80.3064037,26.9209498,901.95
9.3,0.4,0.0,0.03,-0.06,-0.04,-0.01,-0.16,0.31,-0.28,0.39,9.496,9.663,8.957,9.025,10.3,9.71,11.67,11.38,-0.002,-0.003,-0.002,0.0,0.04,-80.3064037,26.9209498,902.0
9.3,0.4,0.0,0.03,-0.07,-0.04,0.21,0.01,0.08,-0.27,0.4,9.516,9.624,8.966,9.006,10.3,9.71,11.87,11.48,-0.002,-0.003,-0.002,0.0,0.05,-80.3064037,26.9209498,902.05
9.3,0.4,0.0,0.04,-0.05,-0.06,-0.2,0.13,0.11,-0.27,0.39,9.486,9.643,8.927,9.025,10.2,9.61,11.58,11.28,-0.002,-0.003,-0.002,0.0,0.05,-80.3064037,26.9209498,902.1
9.3,0.4,0.0,0.04,-0.07,-0.03,-0.01,0.16,0.17,-0.28,0.39,9.516,9.673,8.937,8.996,10.5,9.42,11.58,11.09,-0.002,-0.003,-0.002,0.0,0.05,-80.3064037,26.9209498,902.15
9.3,0.4,0.0,0.04,-0.05,-0.06,-0.15,0.04,-0.05,-0.27,0.39,9.486,9.673,8.966,9.025,10.4,9.91,11.48,11.38,-0.002,-0.003,-0.002,0.0,0.05,-80.3064037,26.9209498,902.2
9.3,0.4,0.0,0.04,-0.06,-0.05,0.06,-0.13,0.25,-0.28,0.39,9.496,9.643,8.937,9.006,10.5,9.91,11.48,11.38,-0.002,-0.003,-0.002,0.0,0.06,-80.3064037,26.9209498,902.25
9.3,0.4,0.0,0.04,-0.06,-0.04,-0.06,-0.08,-0.34,-0.27,0.39,9.496,9.673,8.937,8.996,10.2,9.71,11.77,10.99,-0.002,-0.003,-0.002,0.0,0.06,-80.3064037,26.9209498,902.3
9.3,0.4,0.0,0.04,-0.08,-0.05,0.26,0.34,-0.03,-0.27,0.38,9.496,9.643,8.947,9.025,10.3,9.61,11.48,10.99,-0.002,-0.003,-0.002,0.0,0.06,-80.3064038,26.9209498,902.35
9.3,0.4,0.0,0.05,-0.06,-0.05,-0.22,0.08,0.24,-0.27,0.39,9.496,9.663,8.937,9.015,10.1,9.71,11.67,11.18,-0.002,-0.003,-0.002,0.0,0.06,-80.3064038,26.9209498,902.4
9.3,0.4,0.0,0.05,-0.07,-0.04,-0.23,-0.25,0.04,-0.27,0.39,9.506,9.643,8.947,9.006,10.4,9.52,11.58,11.18,-0.002,-0.003,-0.002,0.0,0.06,-80.3064038,26.9209498,902.45
9.3,0.4,0.0,0.05,-0.06,-0.04,-0.19,-0.03,0.33,-0.27,0.39,9.506,9.673,8.917,8.996,10.5,10.01,11.87,11.18,-0.002,-0.003,-0.002,0.0,0.07,-80.3064038,26.9209498,902.5
9.3,0.4,0.0,0.05,-0.06,-0.05,-0.07,-0.06,-0.42,-0.27,0.38,9.526,9.663,8.937,9.025,10.59,9.61,11.77,11.09,-0.002,-0.003,-0.002,0.0,0.07,-80.3064038,26.9209498,902.55
9.2,0.4,0.0,0.05,-0.07,-0.04,0.27,-0.14,-0.1,-0.27,0.4,9.506,9.663,8.907,9.006,10.5,9.52,11.77,11.18,-0.002,-0.003,-0.002,0.0,0.07,-80.3064038,26.9209498,902.6
9.3,0.4,0.0,0.05,-0.06,-0.05,0.02,0.12,-0.3,-0.27,0.38,9.516,9.682,8.937,9.006,10.4,10.01,11.67,11.58,-0.002,-0.003,-0.002,0.0,0.08,-80.3064038,26.9209498,902.65
9.3,0.4,0.0,0.06,-0.06,-0.05,0.01,0.12,-0.2,-0.27,0.38,9.506,9.663,8.976,9.015,10.69,9.52,12.07,11.38,-0.002,-0.003,-0.002,0.0,0.08,-80.3064038,26.9209499,902.7
9.3,0.4,0.0,0.06,-0.07,-0.04,-0.04,0.09,-0.26,-0.27,0.38,9.496,9.663,8.947,9.025,10.3,9.71,11.67,11.18,-0.002,-0.003,-0.002,0.0,0.08,-80.3064038,26.9209499,902.75
9.3,0.4,0.0,0.06,-0.05,-0.05,-0.24,-0.03,0.02,-0.27,0.39,9.506,9.653,8.927,9.006,10.4,9.42,11.87,11.28,-0.002,-0.003,-0.002,0.0,0.08,-80.3064038,26.9209499,902.8
9.3,0.4,0.0,0.06,-0.08,-0.04,0.34,-0.19,0.06,-0.27,0.39,9.526,9.643,8.937,8.996,10.2,9.52,11.67,10.99,-0.002,-0.003,-0.002,0.0,0.08,-80.3064038,26.9209499,902.85
9.3,0.4,0.0,0.06,-0.06,-0.06,0.04,-0.05,-0.26,-0.27,0.38,9.496,9.663,8.927,9.006,10.5,9.81,11.58,11.09,-0.002,-0.003,-0.002,0.0,0.09,-80.3064038,26.9209499,902.9
9.2,0.4,0.0,0.06,-0.07,-0.05,0.24,0.12,0.13,-0.27,0.39,9.476,9.663,8.937,8.976,10.3,9.81,11.58,11.28,-0.002,-0.003,-0.002,0.0,0.09,-80.3064038,26.9209499,902.95
9.3,0.4,0.0,0.07,-0.07,-0.04,0.09,-0.11,-0.24,-0.27,0.38,9.516,9.653,8.927,8.986,10.5,9.91,11.77,11.28,-0.002,-0.003,-0.002,0.0,0.09,-80.3064038,26.9209499,903.0
9.3,0.4,0.0,0.07,-0.05,-0.05,-0.21,-0.26,-0.08,-0.27,0.4,9.496,9.624,8.996,9.035,10.3,9.61,11.58,11.38,-0.002,-0.003,-0.002,0.0,0.09,-80.3064038,26.9209499,903.05
9.3,0.4,0.0,0.07,-0.07,-0.05,0.27,-0.14,-0.06,-0.27,0.39,9.496,9.653,8.957,9.035,10.1,9.61,11.67,11.09,-0.002,-0.003,-0.002,0.0,0.1,-80.3064038,26.9209499,903.1
9.3,0.4,0.0,0.0,-0.06,-0.05,-0.25,0.13,0.07,-0.27,0.39,9.486,9.663,8.966,9.035,10.4,9.71,11.58,11.28,-0.002,-0.003,-0.002,0.0,-0.0,-80.3064038,26.9209499,903.15
9.3,0.4,0.0,0.0,-0.06,-0.04,-0.19,-0.01,0.08,-0.28,0.4,9.496,9.673,8.937,9.006,10.2,9.61,11.58,11.58,-0.002,-0.003,-0.002,0.0,-0.0,-80.3064038,26.9209499,903.2
9.3,0.4,0.0,0.0,-0.06,-0.05,-0.01,-0.15,0.29,-0.27,0.39,9.516,9.663,8.976,9.006,10.79,9.52,11.58,11.18,-0.002,-0.003,-0.002,0.0,-0.0,-80.3064038,26.9209499,903.25
9.2,0.4,0.0,0.0,-0.07,-0.05,0.13,0.26,-0.0,-0.28,0.41,9.506,9.653,8.937,9.006,10.2,9.71,11.87,11.38,-0.002,-0.003,-0.002,0.0,-0.0,-80.3064038,26.9209499,903.3
9.3,0.4,0.0,0.0,-0.05,-0.06,0.12,-0.22,0.18,-0.27,0.39,9.516,9.643,8.947,9.015,10.5,9.71,11.58,11.28,-0.002,-0.003,-0.002,0.0,0.0,-80.3064038,26.9209499,903.35
9.3,0.4,0.0,0.0,-0.06,-0.03,-0.14,0.04,0.02,-0.28,0.4,9.496,9.633,8.976,9.025,10.2,9.81,11.67,11.18,-0.002,-0.003,-0.002,0.0,-0.0,-80.3064038,26.9209499,903.4
9.3,0.4,0.0,0.0,-0.06,-0.04,-0.19,-0.06,-0.25,-0.27,0.4,9.486,9.633,8.947,9.025,10.2,10.1,11.77,11.48,-0.002,-0.003,-0.002,0.0,-0.0,-80.3064038,26.9209499,903.45
9.3,0.4,0.0,0.0,-0.06,-0.05,0.05,-0.04,0.06,-0.28,0.39,9.496,9.633,8.966,9.015,10.2,9.81,11.58,11.09,-0.002,-0.003,-0.002,0.0,-0.0,-80.3064038,26.9209499,903.5
9.3,0.4,0.0,0.0,-0.06,-0.04,0.18,-0.22,0.17,-0.29,0.37,9.486,9.624,8.937,9.015,10.5,9.81,11.77,11.28,-0.002,-0.003,-0.002,0.0,-0.0,-80.3064038,26.9209499,903.55
9.3,0.4,0.0,0.0,-0.06,-0.06,-0.12,0.14,0.22,-0.31,0.36,9.476,9.663,8.937,9.006,10.59,9.61,11.58,11.28,-0.002,-0.003,-0.002,0.0,-0.0,-80.3064038,26.9209499,903.6
9.3,0.4,0.0,-0.01,-0.06,-0.03,-0.18,-0.11,0.4,-0.27,0.39,9.486,9.633,8.947,9.025,10.1,9.61,11.77,11.09,-0.002,-0.003,-0.002,0.0,-0.01,-80.3064038,26.9209499,903.65
9.3,0.4,0.0,-0.01,-0.06,-0.06,0.21,0.18,-0.11,-0.28,0.41,9.516,9.653,8.927,9.006,10.5,9.91,11.67,11.09,-0.002,-0.003,-0.002,0.0,-0.01,-80.3064038,26.9209499,903.7
9.3,0.4,0.0,-0.01,-0.07,-0.04,0.4,0.32,0.1,-0.28,0.43,9.467,9.663,8.917,9.015,10.4,9.52,11.58,11.48,-0.002,-0.003,-0.002,0.0,-0.01,-80.3064038,26.9209499,903.75
9.3,0.4,0.0,-0.01,-0.07,-0.05,0.02,0.24,-0.12,-0.26,0.39,9.496,9.673,8.927,9.015,10.3,9.71,11.48,11.38,-0.002,-0.003,-0.002,0.0,-0.01,-80.3064038,26.9209499,903.8
9.3,0.4,0.0,-0.01,-0.06,-0.04,-0.15,0.09,-0.09,-0.28,0.39,9.496,9.663,8.957,8.996,10.5,9.52,11.48,11.28,-0.002,-0.003,-0.002,0.0,-0.01,-80.3064038,26.9209499,903.85
9.3,0.4,0.0,-0.01,-0.06,-0.05,0.07,-0.04,0.32,-0.27,0.39,9.526,9.653,8.947,9.006,10.59,9.81,11.58,11.38,-0.002,-0.003,-0.002,0.0,-0.01,-80.3064038,26.9209499,903.9
9.3,0.4,0.0,-0.01,-0.06,-0.04,0.06,0.36,0.01,-0.26,0.39,9.476,9.643,8.947,9.025,10.5,9.91,11.58,11.28,-0.002,-0.003,-0.002,0.0,-0.01,-80.3064038,26.9209499,903.95
9.2,0.4,0.0,-0.01,-0.06,-0.06,-0.24,0.22,-0.29,-0.26,0.39,9.476,9.653,8.917,9.025,10.1,9.71,11.77,11.09,-0.002,-0.003,-0.002,0.0,-0.01,-80.3064038,26.9209499,904.0
9.2,0.4,0.0,-0.01,-0.07,-0.04,0.11,-0.31,-0.09,-0.27,0.39,9.496,9.663,8.907,8.976,10.3,9.61,11.77,11.38,-0.002,-0.003,-0.002,0.0,-0.01,-80.3064038,26.92095,904.05
9.3,0.4,0.0,-0.01,-0.07,-0.04,0.12,0.05,-0.38,-0.26,0.39,9.506,9.653,8.957,9.015,10.4,10.2,11.77,10.99,-0.002,-0.003,-0.002,0.0,-0.01,-80.3064038,26.92095,904.1
9.3,0.4,0.0,-0.01,-0.05,-0.04,0.02,-0.09,0.05,-0.26,0.37,9.496,9.653,8.957,9.035,10.4,9.71,11.77,11.38,-0.002,-0.003,-0.002,0.0,-0.01,-80.3064038,26.92095,904.15
9.3,0.4,0.0,-0.01,-0.06,-0.04,-0.35,-0.1,-0.03,-0.27,0.39,9.516,9.653,8.927,9.015,10.59,9.81,11.38,11.28,-0.002,-0.003,-0.002,0.0,-0.01,-80.3064038,26.92095,904.2
9.3,0.4,0.0,-0.01,-0.08,-0.05,0.12,0.18,-0.38,-0.26,0.39,9.516,9.653,8.986,9.045,10.5,9.71,11.48,11.18,-0.002,-0.003,-0.002,0.0,-0.01,-80.3064038,26.92095,904.25
9.3,0.4,0.0,-0.01,-0.07,-0.04,0.13,-0.04,0.17,-0.25,0.37,9.516,9.663,8.957,9.015,10.2,9.91,11.58,11.09,-0.002,-0.003,-0.002,0.0,-0.01,-80.3064038,26.92095,904.3
9.3,0.4,0.0,-0.01,-0.05,-0.06,0.02,-0.07,-0.13,-0.27,0.39,9.496,9.653,8.976,9.025,10.4,9.81,11.77,11.28,-0.002,-0.003,-0.002,0.0,-0.01,-80.3064038,26.92095,904.35
9.3,0.4,0.0,-0.01,-0.07,-0.03,-0.09,0.22,0.04,-0.26,0.39,9.496,9.653,8.947,9.015,10.3,9.91,11.58,11.28,-0.002,-0.003,-0.002,0.0,-0.01,-80.3064038,26.92095,904.4
9.3,0.4,0.0,-0.01,-0.05,-0.05,-0.16,-0.19,0.14,-0.27,0.39,9.506,9.653,8.947,9.025,10.4,9.61,11.58,11.18,-0.002,-0.003,-0.002,0.0,-0.01,-80.3064039,26.92095,904.45
9.3,0.4,0.0,-0.01,-0.06,-0.04,-0.25,-0.0,0.11,-0.26,0.39,9.506,9.643,8.937,9.006,10.2,9.71,11.67,10.89,-0.002,-0.003,-0.002,0.0,-0.01,-80.3064039,26.92095,904.5
9.3,0.4,0.0,-0.01,-0.06,-0.05,-0.18,-0.04,0.25,-0.27,0.39,9.506,9.653,8.947,8.996,10.4,9.81,11.48,11.48,-0.002,-0.003,-0.002,0.0,-0.01,-80.3064039,26.92095,904.55
9.3,0.4,0.0,-0.02,-0.06,-0.04,-0.03,-0.13,0.29,-0.27,0.39,9.496,9.633,8.927,9.015,10.3,9.71,11.38,11.58,-0.002,-0.003,-0.002,0.0,-0.01,-80.3064039,26.92095,904.6
9.3,0.4,0.0,-0.02,-0.06,-0.04,0.04,-0.18,0.36,-0.27,0.39,9.506,9.663,8.937,9.006,10.4,9.61,11.87,11.48,-0.002,-0.003,-0.002,0.0,-0.01,-80.3064039,26.92095,904.65
9.2,0.4,0.0,-0.02,-0.06,-0.04,-0.03,-0.18,0.2,-0.27,0.39,9.526,9.633,8.917,9.006,10.3,9.71,11.48,11.28,-0.002,-0.003,-0.002,0.0,-0.01,-80.3064039,26.92095,904.7
9.3,0.4,0.0,-0.02,-0.05,-0.06,0.27,0.45,0.34,-0.26,0.39,9.496,9.673,8.976,9.006,10.3,9.71,11.67,11.09,-0.002,-0.003,-0.002,0.0,-0.01,-80.3064039,26.92095,904.75
9.3,0.4,0.0,-0.02,-0.06,-0.05,-0.07,-0.09,0.2,-0.27,0.39,9.486,9.682,8.937,9.015,10.59,9.71,11.87,11.38,-0.002,-0.003,-0.002,0.0,-0.01,-80.3064039,26.92095,904.8
9.3,0.4,0.0,-0.02,-0.06,-0.04,-0.27,-0.12,-0.06,-0.27,0.39,9.486,9.633,8.917,9.035,10.4,9.91,11.87,11.09,-0.002,-0.003,-0.002,0.0,-0.01,-80.3064039,26.92095,904.85
9.3,0.4,0.0,-0.02,-0.07,-0.04,0.17,-0.19,0.3,-0.27,0.39,9.506,9.653,8.957,9.035,10.5,9.71,11.77,11.09,-0.002,-0.003,-0.002,0.0,-0.01,-80.3064039,26.92095,904.9
9.3,0.4,0.0,-0.02,-0.06,-0.06,0.13,0.14,0.06,-0.28,0.38,9.526,9.653,8.966,9.025,10.4,9.61,11.67,11.38,-0.002,-0.003,-0.002,0.0,-0.01,-80.3064039,26.92095,904.95
9.3,0.4,0.0,-0.01,-0.06,-0.04,0.17,-0.18,0.28,-0.27,0.39,9.506,9.643,8.937,9.015,10.59,9.81,11.58,11.28,-0.002,-0.003,-0.002,0.0,-0.01,-80.3064039,26.92095,905.0
9.3,0.4,0.0,-0.0,-0.07,-0.05,-0.15,-0.04,0.0,-0.27,0.38,9.506,9.643,8.957,9.006,10.3,9.61,11.38,11.28,-0.002,-0.003,-0.002,0.0,-0.01,-80.3064039,26.92095,905.05
9.2,0.4,0.0,-0.0,-0.06,-0.04,0.09,-0.01,0.41,-0.27,0.4,9.516,9.653,8.937,9.006,10.3,9.71,11.77,11.38,-0.002,-0.003,-0.002,0.0,-0.01,-80.3064039,26.92095,905.1
9.3,0.4,0.0,-0.0,-0.05,-0.04,-0.09,-0.2,-0.11,-0.27,0.38,9.486,9.673,8.966,9.015,10.4,9.91,11.87,11.09,-0.002,-0.003,-0.002,0.0,-0.01,-80.3064039,26.92095,905.15
9.3,0.4,0.0,-0.0,-0.06,-0.04,0.02,0.19,0.3,-0.28,0.36,9.506,9.653,8.947,8.996,10.2,9.61,11.58,11.38,-0.002,-0.003,-0.002,0.0,-0.01,-80.3064039,26.92095,905.2
9.3,0.4,0.0,-0.0,-0.07,-0.05,0.0,-0.24,-0.16,-0.27,0.38,9.506,9.643,8.937,9.015,10.2,9.91,11.87,11.28,-0.002,-0.003,-0.002,0.0,-0.01,-80.3064039,26.92095,905.25
9.3,0.4,0.0,-0.0,-0.07,-0.05,0.23,-0.3,-0.47,-0.27,0.39,9.506,9.682,8.947,9.025,10.2,9.61,11.38,11.28,-0.002,-0.003,-0.002,0.0,-0.01,-80.3064039,26.92095,905.3
9.3,0.4,0.0,-0.0,-0.07,-0.04,0.15,0.31,-0.09,-0.26,0.39,9.486,9.663,8.966,9.035,10.3,9.81,11.58,10.99,-0.002,-0.003,-0.002,0.0,-0.01,-80.3064039,26.92095,905.35
9.3,0.4,0.0,-0.0,-0.06,-0.05,-0.15,-0.1,-0.05,-0.27,0.39,9.486,9.653,8.927,9.025,10.4,9.81,11.58,11.38,-0.002,-0.003,-0.002,0.0,-0.01,-80.3064039,26.92095,905.4
9.3,0.4,0.0,-0.0,-0.08,-0.05,0.13,0.08,-0.22,-0.28,0.39,9.496,9.663,8.957,9.035,10.4,9.42,11.77,11.58,-0.002,-0.003,-0.002,0.0,-0.01,-80.3064039,26.92095,905.45
9.3,0.4,0.0,-0.0,-0.07,-0.04,0.16,-0.18,0.3,-0.27,0.39,9.496,9.673,8.957,9.015,10.5,9.52,11.77,10.99,-0.002,-0.003,-0.002,0.0,-0.02,-80.3064039,26.92095,905.5
9.3,0.4,0.0,0.0,-0.05,-0.04,-0.01,-0.28,0.23,-0.27,0.39,9.506,9.663,8.976,9.006,10.3,9.61,11.58,11.38,-0.002,-0.003,-0.002,0.0,-0.02,-80.3064039,26.92095,905.55
9.2,0.4,0.0,0.0,-0.07,-0.04,-0.12,0.04,-0.06,-0.27,0.39,9.496,9.653,8.927,8.986,10.4,9.52,11.77,11.38,-0.002,-0.003,-0.002,0.0,-0.02,-80.3064039,26.92095,905.6
9.3,0.4,0.0,0.0,-0.04,-0.04,-0.29,0.02,0.3,-0.27,0.39,9.496,9.663,8.966,9.035,10.4,9.61,11.48,11.38,-0.002,-0.003,-0.002,0.0,-0.0,-80.3064039,26.9209499,905.65
9.3,0.4,0.0,0.0,-0.07,-0.05,-0.12,0.26,-0.09,-0.27,0.39,9.496,9.653,8.947,9.006,10.89,9.61,11.77,11.38,-0.002,-0.003,-0.002,0.0,0.0,-80.3064039,26.9209499,905.7
9.2,0.4,0.0,-0.0,-0.07,-0.05,0.11,-0.11,-0.02,-0.28,0.39,9.496,9.663,8.927,8.966,10.01,9.71,11.67,10.99,-0.002,-0.003,-0.002,0.0,0.0,-80.3064039,26.9209499,905.75
9.2,0.4,0.0,-0.0,-0.06,-0.05,0.11,0.17,-0.03,-0.29,0.4,9.506,9.663,8.907,8.986,10.4,9.61,11.58,11.38,-0.002,-0.003,-0.002,0.0,0.0,-80.3064039,26.9209499,905.8
9.3,0.4,0.0,0.0,-0.06,-0.04,-0.23,0.12,0.3,-0.3,0.4,9.496,9.673,8.937,9.025,10.5,10.01,11.67,11.67,-0.002,-0.003,-0.002,0.0,0.0,-80.3064039,26.9209499,905.85
9.3,0.4,0.0,0.0,-0.07,-0.04,-0.18,-0.04,-0.14,-0.3,0.4,9.506,9.673,8.957,9.015,10.2,9.61,11.38,11.09,-0.002,-0.003,-0.002,0.0,0.0,-80.3064039,26.9209499,905.9
9.3,0.4,0.0,0.0,-0.06,-0.05,0.05,-0.08,-0.39,-0.27,0.39,9.486,9.653,8.957,9.045,10.5,9.81,11.28,10.99,-0.002,-0.003,-0.002,0.0,0.0,-80.3064039,26.9209499,905.95
9.3,0.4,0.0,-0.0,-0.07,-0.05,-0.03,-0.34,-0.03,-0.27,0.39,9.506,9.653,8.937,8.976,10.3,9.71,11.58,11.28,-0.002,-0.003,-0.002,0.0,0.0,-80.3064039,26.9209499,906.0
9.3,0.4,0.0,-0.0,-0.06,-0.05,0.01,-0.04,0.13,-0.27,0.39,9.496,9.663,8.966,9.035,10.3,9.61,11.38,11.28,-0.002,-0.003,-0.002,0.0,0.0,-80.3064039,26.9209499,906.05
9.3,0.4,0.0,-0.0,-0.07,-0.05,0.23,0.02,-0.32,-0.27,0.39,9.506,9.643,8.947,9.006,10.2,9.81,11.67,11.38,-0.002,-0.003,-0.002,0.0,0.0,-80.3064039,26.9209499,906.1
9.3,0.4,0.0,-0.0,-0.06,-0.04,0.09,-0.15,0.35,-0.27,0.38,9.526,9.653,8.937,9.025,10.5,9.71,11.58,11.09,-0.002,-0.003,-0.002,0.0,0.0,-80.3064039,26.9209499,906.15
9.3,0.4,0.0,0.0,-0.05,-0.05,-0.07,-0.18,0.27,-0.27,0.4,9.486,9.643,8.957,9.025,10.3,9.91,11.48,11.18,-0.002,-0.003,-0.002,0.0,0.0,-80.3064039,26.9209499,906.2
9.2,0.4,0.0,0.0,-0.06,-0.04,-0.03,-0.07,-0.01,-0.27,0.41,9.496,9.663,8.947,8.996,10.2,9.81,11.87,11.28,-0.002,-0.003,-0.002,0.0,0.0,-80.3064039,26.9209499,906.25
9.2,0.4,0.0,0.0,-0.06,-0.04,-0.02,-0.24,-0.05,-0.27,0.4,9.506,9.663,8.937,8.976,10.69,9.61,11.58,11.28,-0.002,-0.003,-0.002,0.0,0.01,-80.3064039,26.9209499,906.3
9.3,0.4,0.0,0.0,-0.07,-0.05,-0.33,0.13,-0.13,-0.27,0.4,9.516,9.673,8.947,9.015,10.59,9.91,11.58,11.38,-0.002,-0.003,-0.002,0.0,0.01,-80.3064039,26.9209499,906.35
9.3,0.4,0.0,0.0,-0.07,-0.05,-0.05,0.46,-0.03,-0.28,0.38,9.516,9.663,8.937,9.025,10.4,9.81,11.77,11.38,-0.002,-0.003,-0.002,0.0,0.01,-80.3064039,26.9209499,906.4
9.3,0.4,0.0,-0.0,-0.06,-0.03,0.03,-0.5,0.25,-0.27,0.4,9.516,9.633,8.937,9.015,10.1,9.71,11.28,11.28,-0.002,-0.003,-0.002,0.0,0.01,-80.3064039,26.9209499,906.45
9.3,0.4,0.0,0.0,-0.05,-0.05,-0.13,-0.07,0.03,-0.27,0.41,9.516,9.643,8.947,9.006,10.4,9.61,11.77,11.28,-0.002,-0.003,-0.002,0.0,0.01,-80.3064039,26.9209499,906.5
9.3,0.4,0.0,-0.0,-0.06,-0.04,0.06,-0.49,0.23,-0.27,0.41,9.496,9.633,8.947,9.015,10.2,9.52,11.58,11.09,-0.002,-0.003,-0.002,0.0,0.01,-80.3064039,26.9209499,906.55
9.3,0.4,0.0,-0.0,-0.06,-0.05,-0.11,-0.17,-0.15,-0.27,0.39,9.506,9.663,8.917,9.025,10.1,10.01,11.67,10.89,-0.002,-0.003,-0.002,0.0,0.01,-80.3064039,26.9209499,906.6
9.4,0.4,0.0,-0.0,-0.06,-0.06,0.04,0.01,-0.49,-0.27,0.39,9.496,9.633,8.947,9.025,10.3,9.61,11.38,11.48,-0.002,-0.003,-0.002,0.0,0.01,-80.3064039,26.9209499,906.65
9.3,0.4,0.0,0.0,-0.07,-0.03,-0.08,0.13,0.08,-0.27,0.4,9.486,9.673,8.947,9.025,10.4,9.91,11.77,11.09,-0.002,-0.003,-0.002,0.0,0.01,-80.3064039,26.9209499,906.7
9.3,0.4,0.0,0.0,-0.05,-0.04,-0.18,-0.14,0.0,-0.27,0.39,9.496,9.663,8.937,9.025,10.4,9.61,11.58,11.18,-0.002,-0.003,-0.002,0.0,0.01,-80.3064039,26.9209499,906.75
9.2,0.4,0.0,0.0,-0.06,-0.05,-0.06,0.08,0.16,-0.27,0.4,9.486,9.653,8.937,8.976,10.1,9.81,11.87,11.18,-0.002,-0.003,-0.002,0.0,0.01,-80.3064039,26.9209499,906.8
9.2,0.4,0.0,0.0,-0.05,-0.04,-0.09,-0.51,-0.07,-0.28,0.41,9.496,9.663,8.937,8.976,10.3,9.61,11.38,11.58,-0.002,-0.003,-0.002,0.0,0.01,-80.3064039,26.9209499,906.85
9.3,0.4,0.0,-0.0,-0.07,-0.04,0.18,0.06,-0.04,-0.27,0.4,9.496,9.673,8.947,9.015,10.5,9.81,11.67,11.28,-0.002,-0.003,-0.002,0.0,0.01,-80.3064039,26.9209498,906.9
9.3,0.4,0.0,0.0,-0.05,-0.06,-0.19,0.06,-0.1,-0.28,0.42,9.496,9.643,8.937,9.025,10.5,9.71,11.77,10.89,-0.002,-0.003,-0.002,0.0,0.01,-80.3064039,26.9209498,906.95
9.3,0.4,0.0,-0.0,-0.1,0.01,0.1,0.12,0.07,-0.27,0.4,9.496,9.663,8.937,9.035,10.4,9.81,11.77,11.28,-0.002,-0.003,-0.002,0.0,0.01,-80.3064039,26.9209498,907.0
9.3,0.4,0.0,0.0,-0.06,-0.05,0.19,0.09,-0.47,-0.27,0.39,9.506,9.673,8.957,9.006,10.5,9.81,11.67,11.38,-0.002,-0.003,-0.002,0.0,0.01,-80.3064039,26.9209498,907.05
9.3,0.4,0.0,0.0,-0.07,-0.04,0.11,-0.25,-0.24,-0.27,0.41,9.516,9.653,8.947,9.035,10.3,9.81,11.77,11.18,-0.002,-0.003,-0.002,0.0,0.01,-80.3064039,26.9209498,907.1
9.3,0.4,0.0,0.0,-0.06,-0.05,0.16,-0.24,-0.28,-0.29,0.41,9.516,9.663,8.937,9.025,10.4,9.61,11.58,11.28,-0.002,-0.003,-0.002,0.0,0.01,-80.3064039,26.9209498,907.15
9.3,0.4,0.0,-0.0,-0.06,-0.05,-0.04,-0.0,-0.07,-0.27,0.39,9.506,9.653,8.927,9.006,10.5,9.52,11.67,11.09,-0.002,-0.003,-0.002,0.0,0.01,-80.3064039,26.9209498,907.2
9.3,0.4,0.0,0.0,-0.06,-0.04,0.1,0.16,0.03,-0.27,0.38,9.535,9.663,8.966,9.025,10.59,9.71,11.38,11.28,-0.002,-0.003,-0.002,0.0,0.01,-80.3064039,26.9209498,907.25
9.2,0.4,0.0,0.0,-0.06,-0.05,-0.03,0.02,-0.1,-0.25,0.36,9.496,9.653,8.937,9.006,10.5,9.71,11.58,11.18,-0.002,-0.003,-0.002,0.0,0.01,-80.3064039,26.9209498,907.3
9.3,0.4,0.0,0.0,-0.06,-0.05,-0.23,0.05,0.19,-0.27,0.39,9.496,9.663,8.927,9.015,10.4,9.61,11.58,11.09,-0.002,-0.003,-0.002,0.0,0.02,-80.3064039,26.9209498,907.35
9.3,0.4,0.0,0.0,-0.07,-0.05,0.26,-0.15,-0.12,-0.27,0.39,9.506,9.643,8.917,8.996,10.4,9.61,11.77,11.38,-0.002,-0.003,-0.002,0.0,0.02,-80.3064039,26.9209498,907.4
9.2,0.4,0.0,0.0,-0.06,-0.05,-0.07,0.09,-0.03,-0.27,0.39,9.506,9.663,8.927,9.025,10.2,9.81,11.67,11.09,-0.002,-0.003,-0.002,0.0,0.02,-80.3064039,26.9209498,907.45
9.3,0.4,0.0,0.0,-0.07,-0.04,-0.28,-0.22,-0.2,-0.27,0.39,9.535,9.663,8.947,9.015,10.3,9.81,11.67,11.28,-0.002,-0.003,-0.002,0.0,0.02,-80.3064039,26.9209498,907.5
9.3,0.4,0.0,0.0,-0.06,-0.05,0.01,0.2,0.19,-0.27,0.39,9.535,9.673,8.947,9.025,10.2,9.81,11.67,11.38,-0.002,-0.003,-0.002,0.0,0.02,-80.3064039,26.9209498,907.55
9.3,0.4,0.0,0.0,-0.05,-0.06,-0.06,0.07,0.23,-0.27,0.39,9.496,9.643,8.937,9.015,10.1,9.61,11.58,11.09,-0.002,-0.003,-0.002,0.0,0.02,-80.3064039,26.9209498,907.6
9.3,0.4,0.0,0.0,-0.07,-0.03,-0.13,-0.14,0.23,-0.27,0.4,9.496,9.653,8.957,9.015,10.2,9.91,11.58,11.28,-0.002,-0.003,-0.002,0.0,0.02,-80.3064039,26.9209498,907.65
9.3,0.4,0.0,0.0,-0.05,-0.05,0.03,0.1,0.1,-0.27,0.38,9.516,9.653,8.947,9.006,10.3,9.81,11.58,11.38,-0.002,-0.003,-0.002,0.0,0.02,-80.3064039,26.9209498,907.7
9.3,0.4,0.0,0.0,-0.06,-0.03,-0.38,-0.36,-0.41,-0.26,0.36,9.506,9.643,8.947,9.045,10.1,9.71,11.58,10.99,-0.002,-0.003,-0.002,0.0,0.02,-80.3064039,26.9209498,907.75
9.3,0.4,0.0,0.0,-0.08,-0.04,0.14,-0.28,-0.47,-0.25,0.34,9.496,9.633,8.947,9.015,10.5,9.52,11.87,11.28,-0.002,-0.003,-0.002,0.0,0.02,-80.3064039,26.9209498,907.8
9.4,0.4,0.0,0.0,-0.05,-0.04,-0.1,0.03,0.33,-0.25,0.33,9.486,9.663,9.015,9.045,10.3,9.81,11.38,11.09,-0.002,-0.003,-0.002,0.0,0.02,-80.3064039,26.9209498,907.85
9.3,0.4,0.0,-0.0,-0.07,-0.04,0.24,-0.16,0.17,-0.24,0.31,9.506,9.653,8.947,9.025,10.2,9.61,11.77,11.18,-0.002,-0.003,-0.002,0.0,0.02,-80.3064039,26.9209498,907.9
9.3,0.4,0.0,0.0,-0.05,-0.04,0.03,-0.12,0.2,-0.23,0.29,9.506,9.643,8.966,9.025,10.5,9.71,11.38,10.99,-0.002,-0.003,-0.002,0.0,0.02,-80.3064039,26.9209498,907.95
9.3,0.4,0.0,-0.0,-0.07,-0.04,0.06,-0.02,-0.04,-0.23,0.28,9.496,9.673,8.976,9.035,10.3,9.81,11.67,11.09,-0.002,-0.003,-0.002,0.0,0.02,-80.3064039,26.9209498,908.0
9.3,0.4,0.0,-0.0,-0.05,-0.04,0.07,-0.04,0.25,-0.27,0.4,9.506,9.643,8.976,9.015,10.5,9.81,11.67,11.38,-0.002,-0.003,-0.002,0.0,0.02,-80.3064039,26.9209498,908.05
9.3,0.4,0.0,0.0,-0.07,-0.04,0.04,-0.04,-0.19,-0.28,0.38,9.496,9.643,8.927,9.035,10.2,9.71,11.77,11.38,-0.002,-0.003,-0.002,0.0,0.02,-80.3064039,26.9209498,908.1
9.3,0.4,0.0,-0.0,-0.06,-0.04,0.26,0.18,-0.21,-0.27,0.39,9.486,9.663,8.947,9.025,10.5,9.61,11.87,11.18,-0.002,-0.003,-0.002,0.0,0.02,-80.3064039,26.9209498,908.15
9.3,0.4,0.0,-0.0,-0.07,-0.04,0.16,-0.45,-0.15,-0.27,0.39,9.496,9.663,8.937,9.015,10.2,9.61,11.87,11.38,-0.002,-0.003,-0.002,0.0,0.02,-80.3064039,26.9209498,908.2
9.3,0.4,0.0,0.0,-0.08,-0.02,-0.15,-0.23,-0.32,-0.27,0.39,9.496,9.663,8.947,9.015,10.59,9.81,11.67,11.28,-0.002,-0.003,-0.002,0.0,0.02,-80.3064039,26.9209498,908.25
9.3,0.4,0.0,0.0,-0.05,-0.06,-0.04,0.05,-0.01,-0.27,0.4,9.467,9.633,8.907,9.015,10.4,9.71,11.77,11.18,-0.002,-0.003,-0.002,0.0,0.02,-80.3064039,26.9209498,908.3
9.4,0.4,0.0,0.0,-0.07,-0.04,0.17,0.04,0.03,-0.27,0.39,9.526,9.653,8.976,9.035,10.5,9.71,11.87,10.99,-0.002,-0.003,-0.002,0.0,0.02,-80.3064039,26.9209498,908.35
9.3,0.4,0.0,0.0,-0.05,-0.05,-0.02,0.01,-0.2,-0.27,0.39,9.506,9.643,8.937,9.025,10.2,9.81,11.58,10.99,-0.002,-0.003,-0.002,0.0,0.02,-80.3064039,26.9209498,908.4
9.3,0.4,0.0,0.0,-0.06,-0.05,-0.13,0.22,-0.1,-0.27,0.39,9.516,9.643,8.947,9.015,10.4,9.42,11.67,11.58,-0.002,-0.003,-0.002,0.0,0.02,-80.3064039,26.9209498,908.45
9.3,0.4,0.0,0.0,-0.07,-0.04,-0.03,0.18,-0.3,-0.28,0.39,9.486,9.653,8.917,9.015,10.2,9.71,11.77,11.09,-0.002,-0.003,-0.002,0.0,0.02,-80.3064039,26.9209498,908.5
9.2,0.4,0.0,0.0,-0.06,-0.05,-0.05,0.11,-0.3,-0.27,0.38,9.496,9.673,8.937,9.006,10.01,9.81,11.58,11.09,-0.002,-0.003,-0.002,0.0,0.03,-80.3064039,26.9209498,908.55
9.3,0.4,0.0,0.0,-0.05,-0.05,-0.0,0.25,0.51,-0.27,0.39,9.496,9.663,8.947,9.015,10.4,9.81,11.67,11.09,-0.002,-0.003,-0.002,0.0,0.03,-80.3064039,26.9209498,908.6
9.3,0.4,0.0,0.0,-0.06,-0.04,-0.01,0.14,0.01,-0.27,0.39,9.496,9.643,8.957,9.035,10.3,9.71,11.38,11.28,-0.002,-0.003,-0.002,0.0,0.03,-80.3064039,26.9209498,908.65
9.3,0.4,0.0,0.0,-0.06,-0.04,-0.11,-0.26,0.17,-0.27,0.39,9.486,9.663,8.947,9.025,10.2,9.91,11.38,11.18,-0.002,-0.003,-0.002,0.0,0.03,-80.3064039,26.9209498,908.7
9.3,0.4,0.0,0.0,-0.06,-0.04,-0.27,0.04,0.02,-0.27,0.39,9.486,9.682,8.957,9.015,10.2,9.71,11.38,11.28,-0.002,-0.003,-0.002,0.0,0.03,-80.3064039,26.9209498,908.75
9.3,0.4,0.0,0.0,-0.07,-0.05,0.02,-0.08,-0.31,-0.27,0.39,9.476,9.643,8.947,9.015,10.5,9.61,11.77,11.09,-0.002,-0.003,-0.002,0.0,0.03,-80.3064039,26.9209498,908.8
9.2,0.4,0.0,0.0,-0.06,-0.04,-0.07,0.36,0.27,-0.27,0.39,9.486,9.653,8.947,8.996,10.79,9.71,11.48,11.38,-0.002,-0.003,-0.002,0.0,0.03,-80.3064039,26.9209498,908.85
9.3,0.4,0.0,0.0,-0.07,-0.05,0.18,0.3,-0.06,-0.27,0.39,9.486,9.653,8.927,9.015,10.3,9.81,11.87,11.09,-0.002,-0.003,-0.002,0.0,0.03,-80.3064039,26.9209498,908.9
9.2,0.4,0.0,0.0,-0.07,-0.06,0.18,0.32,0.05,-0.27,0.4,9.516,9.682,8.917,9.006,10.59,9.52,11.67,11.28,-0.002,-0.003,-0.002,0.0,0.03,-80.3064039,26.9209498,908.95
9.2,0.4,0.0,0.0,-0.06,-0.03,-0.08,-0.14,0.12,-0.28,0.39,9.476,9.653,8.917,8.986,10.3,9.52,11.48,11.38,-0.002,-0.003,-0.002,0.0,0.03,-80.3064039,26.9209498,909.0
9.3,0.4,0.0,0.0,-0.05,-0.06,-0.09,-0.46,-0.04,-0.27,0.39,9.516,9.673,8.976,9.035,10.2,9.61,11.58,11.09,-0.002,-0.003,-0.002,0.0,0.03,-80.3064039,26.9209498,909.05
9.3,0.4,0.0,0.0,-0.05,-0.08,0.36,-0.03,0.21,-0.27,0.4,9.486,9.643,8.937,9.015,10.3,9.61,11.77,11.38,-0.002,-0.003,-0.002,0.0,0.03,-80.3064039,26.9209498,909.1
9.3,0.4,0.0,0.0,-0.07,-0.04,0.19,0.02,-0.08,-0.28,0.38,9.486,9.653,8.927,9.015,10.5,9.71,11.28,11.38,-0.002,-0.003,-0.002,0.0,0.03,-80.3064039,26.9209498,909.15
9.3,0.4,0.0,0.0,-0.06,-0.06,0.09,-0.2,0.05,-0.27,0.4,9.496,9.673,8.927,9.006,10.4,9.81,11.48,11.09,-0.002,-0.003,-0.002,0.0,0.03,-80.3064039,26.9209498,909.2
9.3,0.4,0.0,0.0,-0.08,-0.02,0.04,-0.37,-0.32,-0.26,0.38,9.476,9.653,8.966,9.055,10.5,9.81,11.58,11.28,-0.002,-0.003,-0.002,0.0,0.03,-80.3064039,26.9209498,909.25
9.3,0.4,0.0,0.0,-0.06,-0.06,0.09,-0.04,0.06,-0.28,0.41,9.476,9.663,8.937,9.006,10.3,9.52,11.67,11.38,-0.002,-0.003,-0.002,0.0,0.03,-80.3064039,26.9209498,909.3
9.3,0.4,0.0,0.0,-0.06,-0.03,-0.22,-0.23,-0.24,-0.27,0.39,9.496,9.692,8.976,9.055,10.59,9.91,11.38,11.28,-0.002,-0.003,-0.002,0.0,0.03,-80.3064039,26.9209498,909.35
9.3,0.4,0.0,0.0,-0.06,-0.05,0.08,0.49,-0.09,-0.26,0.39,9.506,9.653,8.947,9.015,10.2,9.61,11.58,11.38,-0.002,-0.003,-0.002,0.0,0.03,-80.3064039,26.9209498,909.4
9.3,0.4,0.0,0.0,-0.07,-0.03,0.18,-0.29,-0.12,-0.27,0.39,9.506,9.663,8.947,9.015,10.5,9.61,11.58,11.18,-0.002,-0.003,-0.002,0.0,0.03,-80.3064039,26.9209498,909.45
9.3,0.4,0.0,0.0,-0.06,-0.04,-0.15,-0.13,0.21,-0.27,0.4,9.506,9.663,8.976,9.025,10.1,9.71,11.67,11.18,-0.002,-0.003,-0.002,0.0,0.03,-80.3064039,26.9209498,909.5
9.3,0.4,0.0,0.0,-0.07,-0.05,-0.02,-0.03,-0.09,-0.27,0.4,9.496,9.643,8.966,9.015,10.3,9.52,11.38,11.09,-0.002,-0.003,-0.002,0.0,0.04,-80.3064039,26.9209498,909.55
9.3,0.4,0.0,0.0,-0.06,-0.04,0.02,0.02,0.1,-0.27,0.4,9.476,9.673,8.917,8.986,10.3,9.81,11.77,11.18,-0.002,-0.003,-0.002,0.0,0.03,-80.3064039,26.9209498,909.6
9.2,0.4,0.0,0.0,-0.07,-0.04,0.1,0.01,-0.17,-0.28,0.42,9.526,9.682,8.907,8.996,10.59,9.81,11.87,11.09,-0.002,-0.003,-0.002,0.0,0.04,-80.3064039,26.9209498,909.65
9.3,0.4,0.0,0.0,-0.06,-0.05,0.17,0.06,0.02,-0.29,0.44,9.486,9.643,8.957,9.006,10.5,9.71,11.67,11.18,-0.002,-0.003,-0.002,0.0,0.04,-80.3064039,26.9209498,909.7
9.3,0.4,0.0,0.0,-0.07,-0.03,0.0,-0.12,0.16,-0.3,0.46,9.496,9.643,8.927,9.015,10.3,9.81,11.87,11.09,-0.002,-0.003,-0.002,0.0,0.04,-80.3064039,26.9209498,909.75
9.3,0.4,0.0,0.0,-0.06,-0.04,0.07,-0.15,0.22,-0.3,0.49,9.476,9.663,8.927,9.015,10.59,9.71,11.58,11.38,-0.002,-0.003,-0.002,0.0,0.04,-80.3064039,26.9209498,909.8
9.3,0.4,0.0,0.0,-0.06,-0.07,0.14,-0.11,-0.23,-0.31,0.51,9.486,9.663,8.947,9.006,10.3,9.61,11.58,11.38,-0.002,-0.003,-0.002,0.0,0.04,-80.3064039,26.9209498,909.85
9.3,0.4,0.0,0.0,-0.07,-0.03,0.0,-0.1,-0.13,-0.32,0.53,9.516,9.653,8.917,9.025,10.5,9.71,11.67,10.99,-0.002,-0.003,-0.002,0.0,0.04,-80.3064039,26.9209498,909.9
9.3,0.4,0.0,0.0,-0.07,-0.05,-0.02,-0.17,0.11,-0.33,0.56,9.496,9.653,8.927,9.015,10.3,9.61,11.87,11.28,-0.002,-0.003,-0.002,0.0,0.04,-80.3064039,26.9209498,909.95
9.3,0.4,0.0,-0.0,-0.06,-0.05,-0.11,0.25,0.17,-0.27,0.4,9.526,9.663,8.937,9.006,10.4,9.71,11.77,11.38,-0.002,-0.003,-0.002,0.0,0.04,-80.3064039,26.9209498,910.0
9.2,0.4,0.0,0.0,-0.07,-0.03,-0.12,-0.02,0.15,-0.26,0.41,9.516,9.643,8.907,8.957,10.5,9.81,11.77,11.28,-0.002,-0.003,-0.002,0.0,0.04,-80.3064039,26.9209498,910.05
9.3,0.4,0.0,0.0,-0.05,-0.06,-0.09,0.02,0.04,-0.25,0.42,9.496,9.653,8.966,9.035,10.2,9.42,11.77,10.89,-0.002,-0.003,-0.002,0.0,0.04,-80.3064039,26.9209498,910.1
9.3,0.4,0.0,0.0,-0.07,-0.04,0.17,0.16,0.12,-0.23,0.43,9.516,9.663,8.957,9.025,10.1,9.32,11.58,11.18,-0.002,-0.003,-0.002,0.0,0.04,-80.3064039,26.9209498,910.15
9.3,0.4,0.0,-0.0,-0.07,-0.05,0.19,0.16,-0.18,-0.22,0.43,9.516,9.633,8.937,9.006,10.3,9.71,11.77,11.18,-0.002,-0.003,-0.002,0.0,0.04,-80.3064039,26.9209498,910.2
9.4,0.4,0.0,0.0,-0.05,-0.04,-0.28,-0.44,0.0,-0.21,0.44,9.496,9.633,8.966,9.025,10.3,9.61,11.48,11.18,-0.002,-0.003,-0.002,0.0,0.04,-80.3064039,26.9209498,910.25
9.3,0.4,0.0,0.0,-0.06,-0.03,-0.08,0.14,-0.03,-0.2,0.45,9.535,9.663,8.947,9.006,10.3,9.52,11.77,11.28,-0.002,-0.003,-0.002,0.0,0.04,-80.3064039,26.9209498,910.3
9.3,0.4,0.0,0.0,-0.05,-0.03,-0.3,-0.13,0.24,-0.27,0.4,9.506,9.682,8.937,9.006,10.2,9.71,11.77,11.28,-0.002,-0.003,-0.002,0.0,0.04,-80.3064039,26.9209498,910.35
9.3,0.4,0.0,0.0,-0.06,-0.06,-0.14,0.04,-0.28,-0.27,0.4,9.496,9.663,8.957,9.025,10.5,9.71,11.48,11.38,-0.002,-0.003,-0.002,0.0,0.04,-80.3064039,26.9209498,910.4
9.3,0.4,0.0,0.0,-0.07,-0.04,0.25,-0.09,0.16,-0.27,0.39,9.516,9.663,8.947,9.006,10.4,9.61,11.97,11.18,-0.002,-0.003,-0.002,0.0,0.04,-80.3064039,26.9209498,910.45
9.3,0.4,0.0,-0.0,-0.08,-0.06,0.47,0.1,-0.04,-0.27,0.37,9.506,9.663,8.966,9.015,10.4,9.81,11.67,11.09,-0.002,-0.003,-0.002,0.0,0.04,-80.3064039,26.9209498,910.5
9.3,0.4,0.0,0.0,-0.05,-0.05,-0.38,-0.01,0.21,-0.27,0.4,9.496,9.673,8.947,9.035,10.5,9.81,11.58,11.18,-0.002,-0.003,-0.002,0.0,0.04,-80.3064039,26.9209498,910.55
9.3,0.4,0.0,0.0,-0.08,-0.02,0.08,-0.39,-0.24,-0.27,0.4,9.486,9.653,8.937,9.015,10.5,9.81,11.67,11.38,-0.002,-0.003,-0.002,0.0,0.04,-80.306404,26.9209498,910.6
9.3,0.4,0.0,0.0,-0.06,-0.06,-0.08,0.36,-0.51,-0.26,0.39,9.506,9.663,8.937,9.006,10.59,9.52,11.58,11.28,-0.002,-0.003,-0.002,0.0,0.04,-80.306404,26.9209498,910.65
9.3,0.4,0.0,0.0,-0.07,-0.04,0.04,0.24,-0.17,-0.27,0.39,9.506,9.673,8.937,9.015,10.69,9.71,11.28,11.28,-0.002,-0.003,-0.002,0.0,0.05,-80.306404,26.9209498,910.7
9.2,0.4,0.0,0.0,-0.06,-0.06,0.18,0.08,0.18,-0.27,0.39,9.486,9.663,8.947,9.015,10.4,9.52,11.58,11.28,-0.002,-0.003,-0.002,0.0,0.05,-80.306404,26.9209498,910.75
9.3,0.4,0.0,0.0,-0.07,-0.05,0.23,0.07,-0.47,-0.26,0.39,9.496,9.653,8.957,9.006,10.4,9.71,11.38,11.38,-0.002,-0.003,-0.002,0.0,0.05,-80.306404,26.9209498,910.8
9.3,0.4,0.0,0.0,-0.07,-0.05,-0.0,-0.38,-0.23,-0.27,0.39,9.506,9.682,8.907,9.006,10.3,9.61,11.67,11.18,-0.002,-0.003,-0.002,0.0,0.05,-80.306404,26.9209498,910.85
9.3,0.4,0.0,-0.0,-0.08,-0.04,0.19,-0.1,-0.39,-0.27,0.39,9.496,9.643,8.947,9.035,10.4,9.61,11.48,11.38,-0.002,-0.003,-0.002,0.0,0.05,-80.306404,26.9209498,910.9
9.3,0.4,0.0,0.0,-0.07,-0.04,0.02,0.01,-0.17,-0.26,0.39,9.486,9.633,8.937,9.025,10.4,9.91,11.58,11.28,-0.002,-0.003,-0.002,0.0,0.05,-80.306404,26.9209498,910.95
9.3,0.4,0.0,0.0,-0.05,-0.05,-0.12,-0.14,-0.03,-0.27,0.39,9.486,9.673,8.957,9.035,10.59,9.81,11.58,11.09,-0.002,-0.003,-0.002,0.0,0.05,-80.306404,26.9209498,911.0
9.3,0.4,0.0,0.0,-0.07,-0.06,0.1,-0.15,0.22,-0.27,0.4,9.526,9.673,8.966,9.025,10.2,9.71,11.87,11.48,-0.002,-0.003,-0.002,0.0,0.05,-80.306404,26.9209498,911.05
9.2,0.4,0.0,0.0,-0.07,-0.05,0.15,-0.04,0.12,-0.26,0.4,9.506,9.643,8.917,8.986,10.5,9.71,11.87,11.38,-0.002,-0.003,-0.002,0.0,0.05,-80.306404,26.9209499,911.1
9.3,0.4,0.0,0.0,-0.06,-0.05,0.08,-0.31,-0.15,-0.27,0.39,9.506,9.653,8.927,9.006,10.59,9.81,11.48,11.09,-0.002,-0.003,-0.002,0.0,-0.0,-80.306404,26.9209499,911.15
9.3,0.4,0.0,0.0,-0.07,-0.03,-0.15,0.18,-0.27,-0.26,0.39,9.506,9.663,8.957,9.015,10.01,9.61,11.67,11.28,-0.002,-0.003,-0.002,0.0,-0.0,-80.306404,26.9209499,911.2
9.3,0.4,0.0,0.0,-0.06,-0.05,-0.03,-0.23,0.12,-0.27,0.4,9.506,9.643,8.937,9.045,10.4,9.52,11.77,11.58,-0.002,-0.003,-0.002,0.0,0.0,-80.306404,26.9209499,911.25
9.3,0.4,0.0,0.01,-0.07,-0.04,0.03,-0.13,-0.08,-0.27,0.4,9.476,9.633,8.937,9.006,10.79,9.71,11.58,11.09,-0.002,-0.003,-0.002,0.0,-0.0,-80.306404,26.9209499,911.3
9.3,0.4,0.0,0.01,-0.05,-0.05,-0.29,-0.28,-0.03,-0.27,0.39,9.516,9.673,8.957,9.025,10.3,9.71,11.58,11.18,-0.002,-0.003,-0.002,0.0,-0.01,-80.306404,26.9209499,911.35
9.3,0.4,0.0,0.01,-0.06,-0.04,0.27,-0.0,0.28,-0.26,0.4,9.506,9.653,8.976,9.015,10.2,9.61,11.67,11.09,-0.002,-0.003,-0.002,0.0,-0.0,-80.306404,26.9209499,911.4
9.3,0.4,0.0,0.01,-0.06,-0.03,0.39,-0.23,0.06,-0.26,0.4,9.496,9.643,8.957,9.035,10.3,9.81,11.58,11.38,-0.002,-0.003,-0.002,0.0,-0.01,-80.306404,26.9209499,911.45
9.4,0.4,0.0,0.01,-0.06,-0.05,-0.02,0.2,0.2,-0.26,0.4,9.476,9.663,8.937,9.035,10.69,9.71,11.67,10.79,-0.002,-0.003,-0.002,0.0,-0.01,-80.306404,26.9209499,911.5
9.3,0.4,0.0,0.01,-0.06,-0.05,-0.0,0.09,0.01,-0.25,0.41,9.496,9.673,8.947,9.015,10.5,9.71,11.48,11.18,-0.002,-0.003,-0.002,0.0,-0.01,-80.306404,26.9209499,911.55
9.3,0.4,0.0,0.01,-0.07,-0.06,-0.15,0.17,0.1,-0.26,0.39,9.496,9.653,8.976,9.035,10.3,9.71,11.48,11.18,-0.002,-0.003,-0.002,0.0,-0.01,-80.306404,26.9209499,911.6
9.3,0.4,0.0,0.01,-0.08,-0.05,0.23,-0.06,-0.14,-0.27,0.39,9.506,9.643,8.966,9.015,10.3,9.61,11.58,11.09,-0.002,-0.003,-0.002,0.0,-0.01,-80.306404,26.9209499,911.65
9.3,0.4,0.0,0.01,-0.05,-0.06,0.08,-0.08,0.06,-0.27,0.4,9.506,9.663,8.957,9.015,10.4,9.71,11.48,11.38,-0.002,-0.003,-0.002,0.0,-0.01,-80.306404,26.9209499,911.7
9.3,0.4,0.0,0.01,-0.07,-0.04,0.24,-0.11,0.16,-0.26,0.39,9.516,9.663,8.947,9.035,10.2,9.81,11.77,11.09,-0.002,-0.003,-0.002,0.0,-0.01,-80.306404,26.9209499,911.75
9.3,0.4,0.0,0.01,-0.07,-0.04,-0.23,0.09,-0.01,-0.26,0.4,9.486,9.653,8.937,9.015,10.4,9.81,11.87,11.09,-0.002,-0.003,-0.002,0.0,-0.01,-80.306404,26.9209499,911.8
9.3,0.4,0.0,0.01,-0.07,-0.05,-0.01,0.11,-0.16,-0.26,0.39,9.516,9.633,8.947,9.015,10.4,9.81,11.58,11.28,-0.002,-0.003,-0.002,0.0,-0.01,-80.306404,26.9209499,911.85
9.3,0.4,0.0,0.01,-0.05,-0.06,0.03,0.11,0.17,-0.26,0.4,9.496,9.673,8.937,9.006,10.3,9.52,11.67,11.38,-0.002,-0.003,-0.002,0.0,-0.01,-80.306404,26.9209499,911.9
9.3,0.4,0.0,0.01,-0.05,-0.03,-0.1,-0.28,0.04,-0.27,0.4,9.506,9.673,8.957,9.006,10.3,9.81,11.48,11.38,-0.002,-0.003,-0.002,0.0,-0.01,-80.306404,26.9209499,911.95
9.2,0.4,0.0,0.01,-0.07,-0.04,-0.0,0.24,0.04,-0.26,0.4,9.506,9.653,8.917,9.015,10.3,9.61,11.87,11.09,-0.002,-0.003,-0.002,0.0,-0.01,-80.306404,26.9209499,912.0
9.2,0.4,0.0,0.01,-0.05,-0.05,0.04,-0.09,0.32,-0.26,0.4,9.516,9.653,8.937,8.986,10.59,9.61,11.67,11.48,-0.002,-0.003,-0.002,0.0,-0.02,-80.306404,26.9209499,912.05
9.3,0.4,0.0,0.01,-0.07,-0.03,0.12,-0.27,0.02,-0.27,0.4,9.516,9.673,8.947,9.025,10.3,9.91,11.77,11.38,-0.002,-0.003,-0.002,0.0,-0.01,-80.306404,26.9209499,912.1
9.2,0.4,0.0,0.01,-0.05,-0.08,0.17,-0.16,-0.12,-0.26,0.4,9.486,9.653,8.937,8.996,10.4,9.81,11.38,11.38,-0.002,-0.003,-0.002,0.0,-0.02,-80.306404,26.9209499,912.15
9.3,0.4,0.0,0.01,-0.08,-0.03,-0.18,-0.24,-0.01,-0.27,0.4,9.516,9.653,8.937,8.996,10.3,9.61,11.38,11.09,-0.002,-0.003,-0.002,0.0,-0.02,-80.306404,26.9209499,912.2
9.3,0.4,0.0,0.01,-0.04,-0.04,-0.39,-0.2,0.2,-0.27,0.39,9.516,9.653,8.976,9.015,10.3,9.91,11.38,11.18,-0.002,-0.003,-0.002,0.0,-0.02,-80.306404,26.9209499,912.25
9.3,0.4,0.0,0.01,-0.06,-0.04,0.11,-0.09,0.28,-0.26,0.4,9.506,9.673,8.937,8.996,10.69,9.71,11.87,11.28,-0.002,-0.003,-0.002,0.0,-0.02,-80.306404,26.9209499,912.3
9.3,0.4,0.0,0.01,-0.06,-0.05,0.08,-0.2,0.07,-0.27,0.39,9.506,9.643,8.937,9.025,10.59,9.91,11.28,11.09,-0.002,-0.003,-0.002,0.0,-0.02,-80.306404,26.9209499,912.35
9.3,0.4,0.0,0.01,-0.05,-0.05,-0.29,0.14,-0.15,-0.27,0.39,9.516,9.643,8.947,9.015,10.4,9.61,11.38,11.38,-0.002,-0.003,-0.002,0.0,-0.02,-80.306404,26.9209499,912.4
9.3,0.4,0.0,0.01,-0.07,-0.04,0.08,-0.02,-0.08,-0.28,0.39,9.496,9.663,8.937,9.006,10.3,9.52,11.38,11.38,-0.002,-0.003,-0.002,0.0,-0.02,-80.306404,26.9209499,912.45
9.3,0.4,0.0,0.01,-0.06,-0.05,-0.04,-0.04,-0.04,-0.27,0.39,9.516,9.663,8.957,9.015,10.4,9.61,11.58,11.28,-0.002,-0.003,-0.002,0.0,-0.02,-80.306404,26.9209499,912.5
9.3,0.4,0.0,0.01,-0.06,-0.05,-0.11,0.27,-0.06,-0.27,0.38,9.516,9.663,8.966,9.025,10.4,9.61,11.77,10.99,-0.002,-0.003,-0.002,0.0,-0.02,-80.306404,26.9209499,912.55
9.3,0.4,0.0,0.01,-0.07,-0.05,-0.01,0.35,-0.15,-0.26,0.36,9.496,9.653,8.947,9.006,10.4,9.61,11.77,11.09,-0.002,-0.003,-0.002,0.0,-0.02,-80.306404,26.9209499,912.6
9.3,0.4,0.0,0.01,-0.08,-0.05,-0.12,0.26,-0.13,-0.27,0.39,9.496,9.653,8.927,9.015,10.5,9.52,11.58,11.28,-0.002,-0.003,-0.002,0.0,-0.02,-80.306404,26.9209499,912.65
9.3,0.4,0.0,0.01,-0.06,-0.07,0.23,0.02,-0.19,-0.26,0.38,9.486,9.653,8.976,9.015,10.3,9.42,11.77,11.38,-0.002,-0.003,-0.002,0.0,-0.02,-80.306404,26.9209499,912.7
9.3,0.4,0.0,0.01,-0.06,-0.04,0.25,0.46,0.15,-0.25,0.38,9.506,9.663,8.976,9.025,10.3,9.71,11.58,11.09,-0.002,-0.003,-0.002,0.0,-0.02,-80.306404,26.9209499,912.75
9.3,0.4,0.0,0.01,-0.06,-0.04,0.09,0.03,0.43,-0.27,0.39,9.535,9.653,8.907,9.035,10.4,9.81,11.48,11.38,-0.002,-0.003,-0.002,0.0,-0.02,-80.306404,26.9209499,912.8
9.3,0.4,0.0,0.0,-0.06,-0.06,-0.1,-0.24,-0.07,-0.27,0.38,9.506,9.663,8.937,9.035,10.3,9.71,11.58,11.38,-0.002,-0.003,-0.002,0.0,-0.0,-80.306404,26.9209499,912.85
9.3,0.4,0.0,0.0,-0.05,-0.03,-0.26,-0.04,0.19,-0.27,0.38,9.486,9.643,8.947,9.025,10.3,9.81,11.48,11.67,-0.002,-0.003,-0.002,0.0,-0.0,-80.3064041,26.9209499,912.9
9.3,0.4,0.0,0.0,-0.06,-0.06,-0.04,0.1,-0.14,-0.27,0.37,9.516,9.653,8.957,9.025,10.3,9.71,11.87,11.28,-0.002,-0.003,-0.002,0.0,0.0,-80.3064041,26.9209499,912.95
9.3,0.4,0.0,0.0,-0.07,-0.05,0.02,0.01,-0.24,-0.27,0.35,9.526,9.663,8.947,9.015,10.59,9.61,11.58,11.38,-0.002,-0.003,-0.002,0.0,0.0,-80.306404,26.9209498,913.0
9.2,0.4,0.0,0.0,-0.06,-0.03,0.1,0.26,0.23,-0.27,0.39,9.496,9.643,8.917,8.986,10.2,9.61,11.87,11.28,-0.002,-0.003,-0.002,0.0,0.0,-80.306404,26.9209498,913.05
9.3,0.4,0.0,0.0,-0.05,-0.04,-0.06,0.09,-0.12,-0.27,0.39,9.496,9.663,8.957,9.025,10.4,9.61,11.58,11.38,-0.002,-0.003,-0.002,0.0,0.0,-80.306404,26.9209498,913.1
9.3,0.4,0.0,0.0,0.02,-0.15,-0.24,-0.07,-0.14,-0.28,0.39,9.526,9.653,8.947,9.025,10.3,9.71,11.58,11.38,-0.002,-0.003,-0.002,0.0,0.0,-80.306404,26.9209498,913.15
9.2,0.4,0.0,0.0,-0.08,-0.03,0.05,0.17,0.21,-0.27,0.4,9.496,9.643,8.917,9.025,10.3,9.71,11.58,10.99,-0.002,-0.003,-0.002,0.0,0.0,-80.306404,26.9209498,913.2
9.3,0.4,0.0,0.0,-0.06,-0.07,0.21,0.1,0.52,-0.27,0.4,9.506,9.653,8.957,9.025,10.2,9.81,11.77,11.09,-0.002,-0.003,-0.002,0.0,0.0,-80.306404,26.9209498,913.25
9.2,0.4,0.0,0.0,-0.06,-0.03,-0.19,0.03,0.13,-0.28,0.39,9.496,9.663,8.937,8.996,10.59,9.42,11.58,11.28,-0.002,-0.003,-0.002,0.0,0.0,-80.306404,26.9209498,913.3
9.3,0.4,0.0,0.0,-0.04,-0.06,-0.09,0.07,-0.06,-0.29,0.39,9.526,9.633,8.927,9.025,10.4,9.52,11.77,11.48,-0.002,-0.003,-0.002,0.0,0.0,-80.306404,26.9209498,913.35
9.3,0.4,0.0,0.01,-0.08,-0.03,-0.03,-0.05,-0.2,-0.28,0.39,9.496,9.653,8.976,9.035,10.4,9.71,11.67,11.09,-0.002,-0.003,-0.002,0.0,0.0,-80.306404,26.9209498,913.4
9.3,0.4,0.0,0.01,-0.04,-0.07,-0.04,0.11,-0.02,-0.28,0.39,9.496,9.663,8.947,9.006,10.4,9.61,11.87,11.18,-0.002,-0.003,-0.002,0.0,0.01,-80.306404,26.9209498,913.45
9.3,0.4,0.0,0.01,-0.07,-0.05,0.0,-0.04,-0.12,-0.28,0.38,9.506,9.663,8.917,9.006,10.2,9.71,11.67,11.38,-0.002,-0.003,-0.002,0.0,0.01,-80.306404,26.9209498,913.5
9.3,0.4,0.0,0.01,-0.07,-0.06,-0.08,0.38,0.04,-0.27,0.36,9.457,9.673,8.927,9.006,10.5,9.52,11.77,11.58,-0.002,-0.003,-0.002,0.0,0.01,-80.306404,26.9209498,913.55
9.3,0.4,0.0,0.01,-0.05,-0.04,0.06,-0.03,0.08,-0.26,0.34,9.526,9.653,8.957,9.035,10.79,9.71,11.48,11.18,-0.002,-0.003,-0.002,0.0,0.01,-80.306404,26.9209498,913.6
9.3,0.4,0.0,0.01,-0.08,-0.05,0.05,0.33,-0.0,-0.28,0.39,9.486,9.663,8.966,9.015,10.69,9.61,11.87,11.38,-0.002,-0.003,-0.002,0.0,0.01,-80.306404,26.9209498,913.65
9.3,0.4,0.0,0.01,-0.05,-0.04,-0.27,-0.26,0.03,-0.28,0.39,9.496,9.643,8.937,9.006,10.5,9.81,11.67,11.18,-0.002,-0.003,-0.002,0.0,0.01,-80.306404,26.9209498,913.7
9.3,0.4,0.0,0.01,-0.06,-0.04,-0.11,-0.41,0.24,-0.3,0.39,9.496,9.663,8.947,9.035,10.4,9.52,11.58,11.67,-0.002,-0.003,-0.002,0.0,0.01,-80.306404,26.9209498,913.75
9.3,0.4,0.0,0.01,-0.06,-0.04,0.16,-0.13,0.09,-0.31,0.39,9.476,9.673,8.947,9.006,10.4,9.52,11.67,11.38,-0.002,-0.003,-0.002,0.0,0.01,-80.306404,26.9209498,913.8
9.3,0.4,0.0,0.01,-0.07,-0.04,0.04,-0.11,-0.06,-0.27,0.39,9.476,9.653,8.927,8.996,10.3,9.42,11.58,11.38,-0.002,-0.003,-0.002,0.0,0.01,-80.306404,26.9209498,913.85
9.3,0.4,0.0,0.01,-0.06,-0.06,0.04,0.28,0.03,-0.28,0.39,9.496,9.653,8.986,9.055,10.3,9.71,11.58,10.99,-0.002,-0.003,-0.002,0.0,0.01,-80.306404,26.9209498,913.9
9.3,0.4,0.0,0.01,-0.06,-0.03,-0.11,-0.15,0.28,-0.28,0.4,9.496,9.663,8.957,9.045,10.1,9.52,11.67,11.28,-0.002,-0.003,-0.002,0.0,0.01,-80.306404,26.9209498,913.95
9.3,0.4,0.0,0.01,-0.05,-0.05,-0.07,-0.01,0.06,-0.28,0.4,9.496,9.663,8.947,9.025,10.3,9.61,11.48,11.38,-0.002,-0.003,-0.002,0.0,0.01,-80.306404,26.9209498,914.0
9.3,0.4,0.0,0.01,-0.06,-0.05,-0.15,-0.0,0.05,-0.29,0.41,9.467,9.633,8.966,9.025,10.2,9.71,11.77,11.87,-0.002,-0.003,-0.002,0.0,0.01,-80.306404,26.9209498,914.05
9.3,0.4,0.0,0.01,-0.06,-0.04,-0.09,0.3,0.23,-0.28,0.4,9.516,9.673,8.937,9.015,10.4,9.71,11.87,11.18,-0.002,-0.003,-0.002,0.0,0.01,-80.306404,26.9209497,914.1
9.3,0.4,0.0,0.01,-0.06,-0.03,-0.08,-0.32,0.01,-0.29,0.4,9.506,9.643,8.957,9.015,10.4,9.42,11.77,11.18,-0.002,-0.003,-0.002,0.0,0.01,-80.306404,26.9209497,914.15
9.3,0.4,0.0,0.01,-0.05,-0.06,-0.11,-0.02,-0.19,-0.29,0.39,9.496,9.643,8.937,9.025,10.3,9.61,11.58,11.09,-0.002,-0.003,-0.002,0.0,0.01,-80.306404,26.9209497,914.2
9.3,0.4,0.0,0.01,-0.07,-0.03,-0.18,-0.26,0.28,-0.28,0.4,9.516,9.653,8.927,9.006,10.5,9.91,11.58,11.28,-0.002,-0.003,-0.002,0.0,0.01,-80.3064039,26.9209497,914.25
9.2,0.4,0.0,0.01,-0.07,-0.05,0.17,-0.14,-0.32,-0.29,0.39,9.486,9.624,8.907,8.996,10.59,9.71,11.38,11.28,-0.002,-0.003,-0.002,0.0,0.01,-80.3064039,26.9209497,914.3
9.3,0.4,0.0,0.01,-0.06,-0.05,-0.23,0.0,0.18,-0.28,0.41,9.506,9.673,8.966,8.986,10.4,9.61,11.38,11.38,-0.002,-0.003,-0.002,0.0,0.01,-80.3064039,26.9209497,914.35
9.3,0.4,0.0,0.01,-0.06,-0.04,0.09,-0.09,0.23,-0.29,0.4,9.496,9.653,8.957,9.015,10.2,9.61,11.58,11.28,-0.002,-0.003,-0.002,0.0,0.02,-80.3064039,26.9209497,914.4
9.3,0.4,0.0,0.02,-0.06,-0.05,-0.08,0.09,0.06,-0.3,0.4,9.496,9.643,8.976,9.015,10.59,9.81,11.58,11.38,-0.002,-0.003,-0.002,0.0,0.01,-80.3064039,26.9209497,914.45
9.2,0.4,0.0,0.02,-0.06,-0.04,-0.19,0.18,0.28,-0.29,0.4,9.506,9.643,8.937,9.006,10.69,9.71,11.38,11.09,-0.002,-0.003,-0.002,0.0,0.01,-80.3064039,26.9209497,914.5
9.3,0.4,0.0,0.01,-0.06,-0.06,0.06,-0.08,-0.15,-0.29,0.41,9.496,9.633,8.976,9.025,10.69,9.61,11.87,11.28,-0.002,-0.003,-0.002,0.0,0.01,-80.3064039,26.9209497,914.55
9.3,0.4,0.0,0.01,-0.06,-0.04,0.09,0.03,0.16,-0.29,0.4,9.516,9.663,8.947,9.006,10.69,9.61,11.77,11.28,-0.002,-0.003,-0.002,0.0,0.01,-80.3064039,26.9209497,914.6
9.3,0.4,0.0,0.01,-0.06,-0.06,-0.21,-0.07,0.07,-0.29,0.41,9.506,9.653,8.937,8.996,10.79,9.81,11.58,11.58,-0.002,-0.003,-0.002,0.0,0.01,-80.3064039,26.9209497,914.65
9.3,0.4,0.0,0.0,-0.06,-0.03,0.19,0.16,0.09,-0.29,0.41,9.496,9.663,8.966,9.006,10.2,9.61,11.58,11.09,-0.002,-0.003,-0.002,0.0,0.01,-80.3064039,26.9209497,914.7
9.3,0.4,0.0,0.01,-0.07,-0.05,0.14,-0.13,-0.02,-0.29,0.41,9.516,9.682,8.957,9.006,10.4,9.81,11.48,11.38,-0.002,-0.003,-0.002,0.0,0.01,-80.3064039,26.9209497,914.75
9.3,0.4,0.0,0.01,-0.07,-0.04,-0.3,-0.11,-0.23,-0.3,0.43,9.486,9.643,8.976,8.986,10.4,9.81,11.67,11.28,-0.002,-0.003,-0.002,0.0,0.01,-80.3064039,26.9209497,914.8
9.2,0.4,0.0,0.01,-0.04,-0.05,-0.2,-0.11,0.04,-0.3,0.44,9.476,9.643,8.927,8.986,10.3,9.71,11.58,11.09,-0.002,-0.003,-0.002,0.0,0.01,-80.3064039,26.9209497,914.85
9.3,0.4,0.0,0.01,-0.08,-0.03,0.15,0.48,-0.02,-0.29,0.39,9.496,9.633,8.947,9.006,10.1,9.61,11.77,11.09,-0.002,-0.003,-0.002,0.0,0.01,-80.3064039,26.9209497,914.9
9.5,0.3,0.0,0.01,-0.05,-0.04,0.07,-0.07,0.28,-0.29,0.4,9.496,9.633,9.025,9.123,10.5,9.42,11.28,11.09,-0.002,-0.003,-0.002,0.0,0.01,-80.3064039,26.9209497,914.95
9.2,0.4,0.0,0.01,-0.06,-0.04,-0.01,-0.48,-0.13,-0.3,0.42,9.486,9.653,8.927,9.006,10.4,9.71,11.87,11.18,-0.002,-0.003,-0.002,0.0,0.01,-80.3064039,26.9209497,915.0
9.3,0.4,0.0,0.01,-0.07,-0.05,-0.08,0.04,-0.39,-0.3,0.43,9.486,9.663,8.947,9.025,10.3,9.71,11.67,11.28,-0.002,-0.003,-0.002,0.0,0.01,-80.3064039,26.9209497,915.05
9.3,0.4,0.0,0.01,-0.07,-0.05,0.26,-0.09,-0.32,-0.3,0.44,9.506,9.653,8.966,9.025,10.3,9.52,11.58,11.28,-0.002,-0.003,-0.002,0.0,0.01,-80.3064039,26.9209497,915.1
9.3,0.4,0.0,0.01,-0.08,-0.05,-0.05,0.07,-0.62,-0.31,0.46,9.516,9.653,8.937,8.996,10.59,9.61,11.58,11.18,-0.002,-0.003,-0.002,0.0,0.01,-80.3064039,26.9209497,915.15
9.3,0.4,0.0,0.01,-0.04,-0.05,0.05,-0.46,0.43,-0.29,0.4,9.506,9.673,8.947,9.025,10.5,9.61,11.38,10.99,-0.002,-0.003,-0.002,0.0,0.01,-80.3064039,26.9209497,915.2
9.3,0.4,0.0,0.01,-0.07,-0.05,0.15,0.12,0.14,-0.28,0.4,9.496,9.663,8.966,9.006,10.5,9.61,11.28,11.38,-0.002,-0.003,-0.002,0.0,0.01,-80.3064039,26.9209497,915.25
9.3,0.4,0.0,0.01,-0.06,-0.05,-0.01,-0.26,-0.21,-0.29,0.4,9.516,9.663,8.917,9.015,10.5,9.91,11.48,11.77,-0.002,-0.003,-0.002,0.0,0.01,-80.3064039,26.9209497,915.3
9.2,0.4,0.0,0.01,-0.06,-0.05,0.06,0.41,0.36,-0.28,0.4,9.476,9.653,8.937,8.996,10.5,9.61,11.87,11.28,-0.002,-0.003,-0.002,0.0,0.01,-80.3064039,26.9209497,915.35
9.3,0.4,0.0,0.01,-0.06,-0.05,-0.12,-0.13,0.03,-0.29,0.4,9.506,9.653,8.957,8.996,10.4,9.71,11.58,11.38,-0.002,-0.003,-0.002,0.0,0.01,-80.3064039,26.9209497,915.4
9.3,0.4,0.0,0.01,-0.06,-0.05,0.15,0.01,-0.05,-0.28,0.4,9.516,9.663,8.947,9.015,10.1,9.52,11.87,10.99,-0.002,-0.003,-0.002,0.0,0.01,-80.3064039,26.9209497,915.45
9.3,0.4,0.0,0.01,-0.06,-0.06,0.23,0.32,0.19,-0.28,0.4,9.496,9.663,8.957,9.025,10.5,9.42,11.58,11.09,-0.002,-0.003,-0.002,0.0,0.01,-80.3064039,26.9209497,915.5
9.3,0.4,0.0,0.01,-0.07,-0.05,0.11,0.16,0.17,-0.28,0.4,9.516,9.663,8.957,9.015,10.69,9.61,11.87,11.48,-0.002,-0.003,-0.002,0.0,0.01,-80.3064039,26.9209497,915.55
9.3,0.4,0.0,0.01,-0.06,-0.05,0.1,-0.03,-0.02,-0.28,0.4,9.516,9.673,8.947,9.006,10.3,9.71,11.58,11.38,-0.002,-0.003,-0.002,0.0,0.01,-80.3064039,26.9209497,915.6
9.3,0.4,0.0,0.01,-0.05,-0.05,0.07,0.29,0.58,-0.28,0.4,9.486,9.643,8.947,9.045,10.3,9.32,11.58,11.48,-0.002,-0.003,-0.002,0.0,0.01,-80.3064039,26.9209497,915.65
9.2,0.4,0.0,0.01,-0.07,-0.05,-0.02,0.0,-0.35,-0.28,0.41,9.486,9.673,8.937,8.986,10.5,9.71,11.77,11.28,-0.002,-0.003,-0.002,0.0,0.01,-80.3064039,26.9209497,915.7
9.3,0.4,0.0,0.01,-0.07,-0.04,0.13,-0.16,-0.19,-0.29,0.4,9.516,9.653,8.957,9.015,10.2,9.71,11.58,11.48,-0.002,-0.003,-0.002,0.0,0.01,-80.3064039,26.9209497,915.75
9.3,0.4,0.0,0.01,-0.07,-0.05,0.02,-0.07,-0.44,-0.28,0.4,9.486,9.653,8.947,9.015,10.5,9.61,11.77,11.28,-0.002,-0.003,-0.002,0.0,0.01,-80.3064039,26.9209497,915.8
9.3,0.4,0.0,0.01,-0.06,-0.04,-0.1,0.12,0.01,-0.28,0.4,9.496,9.653,8.966,9.015,10.59,9.81,11.38,11.28,-0.002,-0.003,-0.002,0.0,0.01,-80.3064039,26.9209497,915.85
9.3,0.4,0.0,0.01,-0.05,-0.05,0.03,-0.13,0.27,-0.28,0.4,9.506,9.653,8.937,9.015,10.2,9.81,11.38,11.48,-0.002,-0.003,-0.002,0.0,0.01,-80.3064039,26.9209497,915.9
9.3,0.4,0.0,0.01,-0.07,-0.03,0.08,-0.27,-0.16,-0.28,0.41,9.496,9.663,8.966,9.015,10.3,9.42,11.58,11.58,-0.002,-0.003,-0.002,0.0,0.01,-80.3064039,26.9209497,915.95
9.3,0.4,0.0,0.01,-0.06,-0.05,-0.1,-0.05,-0.58,-0.28,0.4,9.496,9.692,8.986,9.055,10.2,9.71,11.58,10.99,-0.002,-0.003,-0.002,0.0,0.01,-80.3064039,26.9209497,916.0
9.3,0.4,0.0,0.01,-0.06,-0.04,-0.08,-0.12,-0.19,-0.28,0.4,9.506,9.663,8.937,8.996,10.59,9.91,11.58,11.28,-0.002,-0.003,-0.002,0.0,0.01,-80.3064039,26.9209497,916.05
9.3,0.4,0.0,0.01,-0.06,-0.05,-0.14,0.02,0.12,-0.28,0.39,9.516,9.653,8.966,9.015,9.91,9.71,11.58,11.09,-0.002,-0.003,-0.002,0.0,0.01,-80.3064039,26.9209497,916.1
9.3,0.4,0.0,0.01,-0.06,-0.05,0.05,-0.07,0.03,-0.28,0.41,9.516,9.653,8.957,9.025,10.4,9.91,11.67,11.28,-0.002,-0.003,-0.002,0.0,0.01,-80.3064039,26.9209497,916.15
9.3,0.4,0.0,-0.0,-0.07,-0.03,0.27,-0.02,0.07,-0.27,0.43,9.496,9.682,8.927,9.006,10.3,9.71,11.58,11.38,-0.002,-0.003,-0.002,0.0,0.0,-80.3064039,26.9209497,916.2
9.3,0.4,0.0,0.0,-0.06,-0.04,0.42,0.03,0.01,-0.28,0.4,9.496,9.663,8.966,9.035,10.4,9.71,11.77,11.28,-0.002,-0.003,-0.002,0.0,0.01,-80.3064039,26.9209497,916.25
9.2,0.4,0.0,0.0,-0.07,-0.05,-0.08,-0.12,-0.05,-0.28,0.4,9.496,9.663,8.907,8.996,10.2,9.52,11.87,11.38,-0.002,-0.003,-0.002,0.0,-0.0,-80.3064039,26.9209497,916.3
9.3,0.4,0.0,0.0,-0.07,-0.05,-0.23,-0.09,-0.31,-0.27,0.41,9.535,9.673,8.937,9.006,10.5,9.81,11.67,11.38,-0.002,-0.003,-0.002,0.0,0.0,-80.3064039,26.9209497,916.35
9.2,0.4,0.0,0.0,-0.06,-0.05,-0.19,-0.04,0.17,-0.26,0.41,9.506,9.663,8.947,9.015,10.5,9.81,11.77,11.38,-0.002,-0.003,-0.002,0.0,-0.0,-80.3064039,26.9209497,916.4
9.2,0.4,0.0,0.0,-0.07,-0.05,0.12,0.08,0.02,-0.26,0.41,9.526,9.653,8.907,9.006,10.4,10.01,11.77,11.28,-0.002,-0.003,-0.002,0.0,-0.0,-80.3064039,26.9209498,916.45
9.2,0.4,0.0,0.0,-0.06,-0.04,0.21,-0.24,-0.28,-0.25,0.41,9.496,9.643,8.917,8.986,10.3,10.01,11.77,11.18,-0.002,-0.003,-0.002,0.0,0.0,-80.3064039,26.9209498,916.5
9.3,0.4,0.0,0.0,-0.06,-0.03,-0.12,-0.01,0.08,-0.25,0.41,9.486,9.663,8.947,9.035,10.69,9.81,11.87,11.28,-0.002,-0.003,-0.002,0.0,0.0,-80.3064039,26.9209498,916.55
9.3,0.4,0.0,0.0,-0.06,-0.06,0.33,-0.13,0.12,-0.28,0.4,9.506,9.643,8.937,9.006,10.5,9.81,11.58,11.18,-0.002,-0.003,-0.002,0.0,-0.0,-80.3064039,26.9209498,916.6
9.3,0.4,0.0,0.0,-0.07,-0.05,0.13,-0.17,-0.01,-0.28,0.4,9.496,9.663,8.937,9.006,10.1,9.61,11.77,11.38,-0.002,-0.003,-0.002,0.0,-0.0,-80.3064039,26.9209498,916.65
9.3,0.4,0.0,0.01,-0.06,-0.04,-0.26,-0.09,0.2,-0.27,0.41,9.526,9.663,8.947,8.986,10.1,9.71,11.58,11.09,-0.002,-0.003,-0.002,0.0,-0.0,-80.3064039,26.9209498,916.7
9.3,0.4,0.0,0.01,-0.06,-0.05,0.17,-0.13,0.18,-0.26,0.42,9.496,9.633,8.937,9.015,10.5,9.61,11.77,11.38,-0.002,-0.003,-0.002,0.0,0.0,-80.3064039,26.9209498,916.75
9.2,0.4,0.0,0.01,-0.07,-0.04,-0.34,0.5,-0.1,-0.27,0.4,9.516,9.643,8.917,8.986,10.4,9.81,11.58,11.28,-0.002,-0.003,-0.002,0.0,-0.0,-80.3064039,26.9209498,916.8
9.2,0.4,0.0,0.01,-0.06,-0.08,0.11,0.47,0.09,-0.27,0.4,9.496,9.653,8.937,9.035,10.5,9.91,11.38,11.28,-0.002,-0.003,-0.002,0.0,0.0,-80.3064039,26.9209498,916.85
9.3,0.4,0.0,0.01,-0.06,-0.04,0.15,-0.03,0.17,-0.28,0.4,9.516,9.633,8.957,9.025,10.3,9.52,12.07,11.28,-0.002,-0.003,-0.002,0.0,0.0,-80.3064039,26.9209499,916.9
9.3,0.4,0.0,0.01,-0.06,-0.04,0.25,-0.04,-0.01,-0.26,0.4,9.496,9.653,8.937,9.006,10.3,9.81,11.38,11.38,-0.002,-0.003,-0.002,0.0,0.0,-80.3064039,26.9209499,916.95
9.3,0.4,0.0,0.01,-0.05,-0.02,-0.24,-0.37,0.16,-0.28,0.4,9.506,9.643,8.976,9.045,10.3,9.61,11.58,11.28,-0.002,-0.003,-0.002,0.0,0.0,-80.3064039,26.9209499,917.0
9.3,0.4,0.0,0.01,-0.06,-0.05,0.07,0.05,0.31,-0.26,0.4,9.535,9.653,8.927,8.996,10.4,9.42,11.58,11.38,-0.002,-0.003,-0.002,0.0,0.0,-80.3064039,26.9209499,917.05
9.3,0.4,0.0,0.01,-0.06,-0.05,-0.08,0.09,-0.09,-0.27,0.4,9.516,9.643,8.927,9.006,10.5,9.71,11.77,11.38,-0.002,-0.003,-0.002,0.0,0.0,-80.3064039,26.9209499,917.1
9.3,0.4,0.0,0.01,-0.06,-0.05,0.12,0.26,-0.05,-0.26,0.39,9.506,9.673,8.957,9.045,10.4,9.52,11.77,11.28,-0.002,-0.003,-0.002,0.0,0.0,-80.3064039,26.9209499,917.15
9.3,0.4,0.0,0.01,-0.07,-0.06,0.18,0.0,-0.06,-0.27,0.4,9.516,9.624,8.937,9.015,10.4,9.52,11.58,11.09,-0.002,-0.003,-0.002,0.0,0.0,-80.3064039,26.9209499,917.2
9.3,0.4,0.0,0.01,-0.07,-0.02,-0.29,-0.06,-0.02,-0.25,0.41,9.496,9.673,8.937,9.006,10.5,9.61,11.58,11.38,-0.002,-0.003,-0.002,0.0,-0.0,-80.3064039,26.9209499,917.25
9.3,0.4,0.0,0.01,-0.06,-0.05,0.01,0.08,-0.34,-0.24,0.42,9.486,9.633,8.927,9.006,10.3,9.61,11.38,11.28,-0.002,-0.003,-0.002,0.0,0.0,-80.3064039,26.9209499,917.3
9.3,0.4,0.0,0.01,-0.07,-0.05,0.12,-0.18,0.04,-0.22,0.43,9.486,9.663,8.957,9.015,10.59,9.61,11.67,11.38,-0.002,-0.003,-0.002,0.0,0.0,-80.3064039,26.9209499,917.35
9.3,0.4,0.0,0.01,-0.08,-0.06,0.27,-0.13,-0.22,-0.27,0.4,9.496,9.673,8.927,9.025,10.3,9.71,11.77,11.28,-0.002,-0.003,-0.002,0.0,0.0,-80.3064039,26.9209499,917.4
9.2,0.4,0.0,0.01,-0.07,-0.04,0.32,0.04,-0.35,-0.27,0.4,9.506,9.653,8.898,8.996,10.3,9.61,11.58,11.28,-0.002,-0.003,-0.002,0.0,0.0,-80.3064039,26.9209499,917.45
9.3,0.4,0.0,0.01,-0.04,-0.05,-0.29,0.04,0.34,-0.27,0.38,9.506,9.682,8.957,9.025,10.3,9.81,11.87,11.28,-0.002,-0.003,-0.002,0.0,0.0,-80.3064039,26.92095,917.5
9.2,0.4,0.0,0.01,-0.06,-0.03,-0.05,0.01,0.18,-0.27,0.37,9.516,9.663,8.927,9.006,10.5,9.71,11.77,11.18,-0.002,-0.003,-0.002,0.0,0.0,-80.3064039,26.92095,917.55
9.2,0.4,0.0,0.02,-0.07,-0.05,-0.09,0.05,-0.54,-0.27,0.35,9.496,9.653,8.917,9.035,10.2,9.81,11.77,11.38,-0.002,-0.003,-0.002,0.0,0.0,-80.3064039,26.92095,917.6
9.3,0.4,0.0,0.02,-0.06,-0.05,0.15,0.06,0.24,-0.26,0.33,9.506,9.673,8.966,9.035,10.5,9.71,11.77,11.09,-0.002,-0.003,-0.002,0.0,0.0,-80.3064039,26.92095,917.65
9.3,0.4,0.0,0.02,-0.06,-0.06,-0.21,0.09,-0.34,-0.27,0.39,9.506,9.653,8.957,9.015,10.2,9.32,11.58,11.28,-0.002,-0.003,-0.002,0.0,0.0,-80.3064039,26.92095,917.7
9.3,0.4,0.0,0.0,-0.06,-0.05,-0.09,-0.07,-0.08,-0.27,0.4,9.516,9.653,8.947,9.035,10.4,9.52,11.87,11.09,-0.002,-0.003,-0.002,0.0,-0.0,-80.3064039,26.92095,917.75
9.3,0.4,0.0,-0.01,-0.08,-0.03,0.33,0.22,0.11,-0.28,0.4,9.516,9.663,8.947,9.025,10.5,9.61,11.67,11.18,-0.002,-0.003,-0.002,0.0,-0.01,-80.3064039,26.92095,917.8
9.3,0.4,0.0,-0.0,-0.06,-0.06,-0.12,0.09,-0.05,-0.27,0.4,9.506,9.653,8.937,9.035,10.5,9.81,11.48,11.77,-0.002,-0.003,-0.002,0.0,-0.01,-80.3064039,26.92095,917.85
9.3,0.4,0.0,-0.0,-0.06,-0.06,-0.09,0.45,-0.1,-0.26,0.4,9.535,9.653,8.976,8.996,10.69,9.71,11.97,11.09,-0.002,-0.003,-0.002,0.0,-0.01,-80.3064039,26.92095,917.9
9.3,0.4,0.0,-0.0,-0.06,-0.05,-0.04,0.01,0.4,-0.25,0.4,9.526,9.633,8.966,9.035,10.01,9.71,11.77,11.28,-0.002,-0.003,-0.002,0.0,-0.01,-80.3064039,26.92095,917.95
9.3,0.4,0.0,-0.0,-0.07,-0.04,0.05,0.04,-0.18,-0.24,0.4,9.496,9.673,8.947,9.006,10.4,9.81,12.07,11.28,-0.002,-0.003,-0.002,0.0,-0.01,-80.3064039,26.92095,918.0
9.3,0.4,0.0,-0.0,-0.06,-0.04,-0.12,-0.12,0.16,-0.23,0.41,9.516,9.663,8.917,9.006,10.3,9.81,11.48,11.28,-0.002,-0.003,-0.002,0.0,-0.01,-80.3064039,26.9209501,918.05
9.3,0.4,0.0,-0.0,-0.05,-0.03,-0.15,-0.0,0.18,-0.27,0.4,9.496,9.653,8.937,9.015,10.3,9.81,11.87,11.18,-0.002,-0.003,-0.002,0.0,-0.01,-80.3064039,26.9209501,918.1
9.3,0.4,0.0,-0.0,-0.07,-0.04,0.23,-0.07,0.27,-0.27,0.4,9.496,9.682,8.957,9.025,10.4,9.52,11.58,11.18,-0.002,-0.003,-0.002,0.0,-0.01,-80.3064039,26.9209501,918.15
9.3,0.4,0.0,-0.0,-0.04,-0.04,-0.35,-0.19,0.42,-0.28,0.42,9.496,9.663,8.966,9.045,10.3,9.81,11.58,11.09,-0.002,-0.003,-0.002,0.0,-0.01,-80.3064039,26.9209501,918.2
9.3,0.4,0.0,-0.0,-0.06,-0.05,0.04,0.28,0.09,-0.28,0.43,9.496,9.653,8.986,9.045,10.2,9.61,11.67,11.28,-0.002,-0.003,-0.002,0.0,-0.01,-80.3064039,26.9209501,918.25
9.2,0.4,0.0,-0.01,-0.05,-0.05,-0.08,-0.03,-0.11,-0.28,0.44,9.486,9.633,8.937,8.976,10.3,9.71,11.38,11.58,-0.002,-0.003,-0.002,0.0,-0.01,-80.3064039,26.9209501,918.3
9.3,0.4,0.0,-0.01,-0.07,-0.04,0.21,0.05,-0.29,-0.29,0.46,9.526,9.643,8.937,9.015,10.5,9.91,11.77,11.38,-0.002,-0.003,-0.002,0.0,-0.01,-80.3064039,26.9209501,918.35
9.3,0.4,0.0,-0.01,-0.08,-0.04,0.36,0.03,-0.46,-0.27,0.4,9.506,9.643,8.976,9.035,10.4,9.71,11.87,11.18,-0.002,-0.003,-0.002,0.0,-0.01,-80.3064039,26.9209501,918.4
9.3,0.4,0.0,-0.01,-0.07,-0.05,0.22,-0.3,-0.16,-0.28,0.4,9.496,9.633,8.937,9.006,10.4,9.71,11.87,11.18,-0.002,-0.003,-0.002,0.0,-0.01,-80.3064039,26.9209501,918.45
9.3,0.4,0.0,-0.01,-0.05,-0.06,0.08,0.11,-0.13,-0.26,0.41,9.506,9.633,8.966,9.025,10.2,9.81,11.48,11.38,-0.002,-0.003,-0.002,0.0,-0.01,-80.3064039,26.9209501,918.5
9.3,0.4,0.0,-0.01,-0.07,-0.06,0.23,0.03,-0.23,-0.26,0.41,9.486,9.643,8.966,9.006,10.3,9.81,11.67,11.28,-0.002,-0.003,-0.002,0.0,-0.01,-80.3064039,26.9209501,918.55
9.3,0.4,0.0,-0.0,-0.06,-0.02,-0.04,-0.31,0.02,-0.28,0.4,9.506,9.663,8.947,9.006,10.2,9.71,11.58,11.28,-0.002,-0.003,-0.002,0.0,-0.01,-80.3064039,26.9209501,918.6
9.3,0.4,0.0,-0.0,-0.06,-0.04,-0.02,-0.07,0.03,-0.27,0.4,9.506,9.643,8.957,9.015,10.5,9.61,11.38,10.89,-0.002,-0.003,-0.002,0.0,-0.01,-80.3064039,26.9209501,918.65
9.2,0.4,0.0,-0.0,-0.06,-0.03,-0.27,-0.32,-0.17,-0.28,0.4,9.496,9.663,8.917,8.986,10.5,9.52,11.87,11.28,-0.002,-0.003,-0.002,0.0,-0.01,-80.3064039,26.9209501,918.7
9.3,0.4,0.0,-0.0,-0.07,-0.06,0.33,0.02,0.04,-0.29,0.4,9.496,9.663,8.957,9.035,10.5,9.71,11.58,11.18,-0.002,-0.003,-0.002,0.0,-0.0,-80.3064039,26.9209501,918.75
9.3,0.4,0.0,-0.01,-0.07,-0.06,0.13,-0.17,0.1,-0.28,0.4,9.496,9.663,8.947,9.006,10.59,9.52,11.58,11.09,-0.002,-0.003,-0.002,0.0,-0.0,-80.3064039,26.9209501,918.8
9.2,0.4,0.0,-0.01,-0.06,-0.04,-0.04,-0.09,-0.31,-0.28,0.4,9.476,9.673,8.957,9.035,10.4,9.52,11.77,11.09,-0.002,-0.003,-0.002,0.0,-0.0,-80.3064039,26.9209501,918.85
9.3,0.4,0.0,-0.0,-0.05,-0.04,-0.0,0.06,-0.14,-0.28,0.4,9.526,9.653,8.966,9.006,10.3,9.71,11.38,11.48,-0.002,-0.003,-0.002,0.0,-0.0,-80.3064039,26.9209501,918.9
9.3,0.4,0.0,-0.0,-0.07,-0.03,0.05,0.14,0.52,-0.27,0.41,9.506,9.653,8.957,9.015,10.5,9.71,11.67,11.38,-0.002,-0.003,-0.002,0.0,-0.0,-80.306404,26.9209501,918.95
9.3,0.4,0.0,-0.0,-0.05,-0.05,0.01,-0.05,0.19,-0.27,0.41,9.486,9.663,8.947,9.035,10.4,9.52,11.77,11.28,-0.002,-0.003,-0.002,0.0,-0.0,-80.306404,26.9209501,919.0
9.3,0.4,0.0,-0.0,-0.06,-0.06,0.1,-0.09,0.03,-0.29,0.41,9.506,9.643,8.976,9.006,10.5,9.81,11.38,11.18,-0.002,-0.003,-0.002,0.0,-0.0,-80.306404,26.9209501,919.05
9.3,0.4,0.0,-0.0,-0.07,-0.05,0.28,-0.08,0.09,-0.28,0.41,9.496,9.653,8.937,9.006,10.4,9.81,11.38,11.38,-0.002,-0.003,-0.002,0.0,-0.0,-80.306404,26.9209501,919.1
9.3,0.4,0.0,-0.0,-0.06,-0.02,0.1,0.08,0.2,-0.27,0.4,9.506,9.653,8.917,9.025,10.01,9.91,11.38,10.99,-0.002,-0.003,-0.002,0.0,-0.0,-80.306404,26.9209501,919.15
9.2,0.4,0.0,-0.0,-0.06,-0.04,0.22,-0.36,-0.17,-0.28,0.4,9.516,9.663,8.927,8.986,10.69,9.81,11.58,11.28,-0.002,-0.003,-0.002,0.0,0.0,-80.306404,26.9209501,919.2
9.3,0.4,0.0,0.0,-0.07,-0.05,-0.0,0.08,-0.09,-0.28,0.4,9.506,9.663,8.976,9.015,10.3,9.71,11.48,11.09,-0.002,-0.003,-0.002,0.0,0.0,-80.306404,26.9209501,919.25
9.2,0.4,0.0,0.0,-0.06,-0.08,0.12,0.2,-0.35,-0.28,0.4,9.486,9.673,8.937,8.976,10.5,10.01,11.38,11.18,-0.002,-0.003,-0.002,0.0,0.0,-80.306404,26.9209501,919.3
9.3,0.4,0.0,-0.01,-0.08,-0.04,0.05,0.02,-0.21,-0.28,0.4,9.496,9.633,8.947,9.025,10.3,9.71,11.18,11.18,-0.002,-0.003,-0.002,0.0,-0.01,-80.306404,26.9209501,919.35
9.3,0.4,0.0,0.0,-0.05,-0.05,-0.05,-0.28,0.06,-0.28,0.4,9.486,9.643,8.976,9.025,10.3,9.71,11.77,11.28,-0.002,-0.003,-0.002,0.0,-0.0,-80.306404,26.9209501,919.4
9.3,0.4,0.0,0.0,-0.07,-0.02,0.28,-0.0,0.0,-0.28,0.42,9.476,9.653,8.927,9.025,10.3,9.52,11.87,11.38,-0.002,-0.003,-0.002,0.0,0.0,-80.306404,26.9209501,919.45
9.3,0.4,0.0,0.0,-0.06,-0.06,-0.27,0.33,-0.02,-0.29,0.41,9.535,9.633,8.937,9.015,10.3,9.71,11.67,11.09,-0.002,-0.003,-0.002,0.0,0.0,-80.306404,26.9209501,919.5
9.3,0.4,0.0,0.0,-0.04,-0.07,-0.18,-0.11,-0.08,-0.28,0.4,9.496,9.653,8.966,9.025,10.4,9.42,11.67,11.09,-0.002,-0.003,-0.002,0.0,0.0,-80.306404,26.9209501,919.55
9.2,0.4,0.0,0.0,-0.06,-0.06,-0.11,-0.03,0.18,-0.28,0.41,9.506,9.663,8.937,9.015,10.59,9.52,11.87,11.38,-0.002,-0.003,-0.002,0.0,0.0,-80.306404,26.9209501,919.6
9.3,0.4,0.0,0.0,-0.07,-0.04,0.13,0.13,0.1,-0.28,0.4,9.496,9.643,8.917,9.006,10.69,9.81,11.77,11.09,-0.002,-0.003,-0.002,0.0,0.01,-80.306404,26.9209501,919.65
9.3,0.4,0.0,0.0,-0.06,-0.05,-0.07,0.01,-0.01,-0.28,0.39,9.516,9.643,8.947,9.015,10.2,9.71,11.38,11.38,-0.002,-0.003,-0.002,0.0,0.01,-80.306404,26.9209501,919.7
9.2,0.4,0.0,0.0,-0.08,-0.04,0.04,0.22,0.14,-0.28,0.41,9.506,9.682,8.937,9.006,10.2,9.61,11.67,11.38,-0.002,-0.003,-0.002,0.0,0.01,-80.306404,26.9209501,919.75
9.3,0.4,0.0,0.01,-0.05,-0.07,-0.37,0.02,-0.17,-0.28,0.4,9.526,9.663,8.937,9.006,10.4,9.71,11.77,11.09,-0.002,-0.003,-0.002,0.0,0.01,-80.306404,26.9209501,919.8
9.2,0.4,0.0,0.01,-0.08,-0.06,-0.06,-0.07,-0.18,-0.28,0.4,9.535,9.643,8.947,8.986,10.5,9.71,11.58,11.18,-0.002,-0.003,-0.002,0.0,0.01,-80.306404,26.9209501,919.85
9.3,0.4,0.0,0.01,-0.06,-0.06,0.3,0.1,0.08,-0.28,0.4,9.496,9.663,8.957,9.025,10.1,9.71,11.58,11.58,-0.002,-0.003,-0.002,0.0,0.01,-80.306404,26.9209501,919.9
9.3,0.4,0.0,0.01,-0.07,-0.01,-0.11,-0.17,0.15,-0.28,0.41,9.516,9.624,8.957,8.986,10.2,9.71,11.58,10.89,-0.002,-0.003,-0.002,0.0,0.01,-80.306404,26.9209501,919.95
9.3,0.4,0.0,0.01,-0.07,-0.05,-0.03,0.39,-0.14,-0.28,0.4,9.476,9.653,8.957,9.025,10.1,9.42,11.87,11.18,-0.002,-0.003,-0.002,0.0,0.01,-80.306404,26.9209501,920.0
9.3,0.4,0.0,0.01,-0.05,-0.05,-0.36,0.09,-0.28,-0.28,0.4,9.486,9.643,8.957,9.025,10.4,9.91,11.38,11.18,-0.002,-0.003,-0.002,0.0,0.01,-80.306404,26.9209501,920.05
9.3,0.4,0.0,0.01,-0.05,-0.08,-0.03,0.27,-0.22,-0.28,0.39,9.565,9.673,8.947,8.996,10.3,9.81,11.48,11.18,-0.002,-0.003,-0.002,0.0,0.01,-80.306404,26.9209501,920.1
9.3,0.4,0.0,0.01,-0.07,-0.02,-0.15,-0.37,0.2,-0.28,0.39,9.516,9.663,8.947,8.996,10.4,9.61,11.38,11.09,-0.002,-0.003,-0.002,0.0,0.01,-80.306404,26.9209501,920.15
9.3,0.4,0.0,0.01,-0.05,-0.06,0.3,0.34,-0.18,-0.28,0.4,9.467,9.682,8.917,9.025,10.4,9.71,11.58,11.38,-0.002,-0.003,-0.002,0.0,0.02,-80.306404,26.9209501,920.2
9.3,0.4,0.0,0.01,-0.07,-0.01,0.02,-0.08,-0.02,-0.28,0.41,9.506,9.643,8.957,9.015,10.2,9.81,11.58,11.09,-0.002,-0.003,-0.002,0.0,0.02,-80.306404,26.9209501,920.25
9.2,0.4,0.0,0.01,-0.05,-0.07,-0.15,-0.17,0.02,-0.28,0.41,9.486,9.653,8.937,8.996,10.3,9.61,11.77,11.09,-0.002,-0.003,-0.002,0.0,0.02,-80.306404,26.9209501,920.3
9.3,0.4,0.0,0.01,-0.06,-0.04,-0.2,0.16,0.24,-0.28,0.41,9.506,9.643,8.927,9.006,10.5,9.81,11.87,11.28,-0.002,-0.003,-0.002,0.0,0.02,-80.306404,26.9209501,920.35
9.3,0.4,0.0,0.01,-0.05,-0.08,0.15,-0.04,-0.11,-0.27,0.42,9.535,9.663,8.947,9.006,10.1,9.71,11.67,11.09,-0.002,-0.003,-0.002,0.0,0.02,-80.306404,26.9209501,920.4
9.3,0.4,0.0,0.01,-0.07,-0.02,-0.3,-0.02,0.2,-0.28,0.41,9.496,9.673,8.937,9.025,10.3,9.61,11.67,11.18,-0.002,-0.003,-0.002,0.0,0.02,-80.306404,26.9209501,920.45
9.3,0.4,0.0,0.01,-0.07,-0.04,0.56,0.07,-0.2,-0.28,0.41,9.496,9.643,8.966,9.025,10.4,9.61,11.38,11.18,-0.002,-0.003,-0.002,0.0,0.02,-80.306404,26.9209501,920.5
9.3,0.4,0.0,0.01,-0.07,-0.05,0.08,0.12,-0.4,-0.28,0.4,9.506,9.663,8.966,9.025,10.4,9.91,11.48,11.38,-0.002,-0.003,-0.002,0.0,0.02,-80.306404,26.9209501,920.55
9.3,0.4,0.0,0.02,-0.07,-0.06,-0.24,-0.09,-0.76,-0.28,0.4,9.496,9.663,8.947,9.035,10.3,9.61,11.67,11.28,-0.002,-0.003,-0.002,0.0,0.02,-80.306404,26.92095,920.6
9.3,0.4,0.0,0.02,-0.05,-0.05,-0.36,0.01,0.2,-0.28,0.41,9.535,9.643,8.947,8.996,10.69,9.61,11.58,11.18,-0.002,-0.003,-0.002,0.0,0.03,-80.306404,26.92095,920.65
9.3,0.4,0.0,0.02,-0.08,-0.04,0.09,0.09,-0.3,-0.29,0.41,9.486,9.653,8.927,9.015,10.4,9.52,11.48,11.28,-0.002,-0.003,-0.002,0.0,0.03,-80.306404,26.92095,920.7
9.3,0.4,0.0,0.02,-0.06,-0.03,0.01,-0.04,-0.03,-0.28,0.4,9.496,9.643,8.947,9.035,10.3,9.91,11.77,11.58,-0.002,-0.003,-0.002,0.0,0.03,-80.306404,26.92095,920.75
9.3,0.4,0.0,0.02,-0.06,-0.05,-0.01,-0.11,0.11,-0.28,0.42,9.506,9.673,8.947,9.006,10.4,9.61,11.48,11.58,-0.002,-0.003,-0.002,0.0,0.03,-80.306404,26.92095,920.8
9.3,0.4,0.0,0.02,-0.09,-0.02,-0.02,0.31,-0.19,-0.28,0.44,9.506,9.663,8.937,9.015,10.3,9.71,11.58,11.28,-0.002,-0.003,-0.002,0.0,0.03,-80.306404,26.92095,920.85
9.3,0.4,0.0,0.02,-0.16,0.08,-0.18,-0.07,0.46,-0.29,0.41,9.526,9.643,8.947,9.006,10.4,9.61,11.58,11.28,-0.002,-0.003,-0.002,0.0,0.03,-80.306404,26.92095,920.9
9.3,0.4,0.0,0.02,-0.04,-0.07,0.15,-0.11,0.26,-0.28,0.41,9.486,9.653,8.927,9.035,10.3,9.91,11.28,10.99,-0.002,-0.003,-0.002,0.0,0.03,-80.306404,26.92095,920.95
9.2,0.4,0.0,0.02,-0.07,-0.04,0.07,0.1,0.35,-0.28,0.41,9.516,9.643,8.937,8.996,10.4,9.52,11.87,11.09,-0.002,-0.003,-0.002,0.0,0.03,-80.306404,26.92095,921.0
9.3,0.4,0.0,0.02,-0.04,-0.05,-0.26,0.33,0.33,-0.28,0.43,9.467,9.673,8.937,9.055,10.3,9.71,11.38,11.09,-0.002,-0.003,-0.002,0.0,0.03,-80.3064041,26.92095,921.05
9.3,0.4,0.0,0.02,-0.05,-0.03,-0.29,-0.19,0.03,-0.29,0.41,9.516,9.624,8.947,9.045,10.4,9.71,11.48,11.28,-0.002,-0.003,-0.002,0.0,0.04,-80.3064041,26.92095,921.1
9.3,0.4,0.0,0.02,-0.07,-0.06,0.18,0.13,-0.6,-0.27,0.41,9.486,9.692,8.937,9.025,10.3,9.61,12.16,11.38,-0.002,-0.003,-0.002,0.0,0.04,-80.3064041,26.92095,921.15
9.3,0.4,0.0,0.01,-0.05,-0.06,0.05,-0.09,0.32,-0.28,0.41,9.526,9.633,8.957,9.006,10.3,9.81,11.58,11.28,-0.002,-0.003,-0.002,0.0,-0.0,-80.3064041,26.92095,921.2
9.3,0.4,0.0,0.01,-0.06,-0.06,-0.15,0.04,-0.08,-0.27,0.38,9.476,9.663,8.937,9.035,10.5,9.71,11.77,11.09,-0.002,-0.003,-0.002,0.0,-0.01,-80.3064041,26.92095,921.25
9.2,0.4,0.0,0.01,-0.07,-0.03,0.15,-0.01,0.07,-0.28,0.41,9.516,9.663,8.957,8.996,10.4,9.91,11.67,11.09,-0.002,-0.003,-0.002,0.0,0.0,-80.3064041,26.92095,921.3
9.3,0.4,0.0,0.01,-0.06,-0.04,0.17,0.22,0.18,-0.28,0.41,9.476,9.663,8.966,9.035,10.3,9.81,11.58,10.99,-0.002,-0.003,-0.002,0.0,0.01,-80.3064041,26.92095,921.35
9.3,0.4,0.0,0.01,-0.07,-0.06,0.12,-0.08,-0.15,-0.29,0.41,9.516,9.643,8.966,9.045,10.1,9.61,11.28,11.09,-0.002,-0.003,-0.002,0.0,0.01,-80.3064041,26.92095,921.4
9.3,0.4,0.0,0.01,-0.06,-0.06,-0.04,0.03,0.18,-0.28,0.41,9.486,9.682,8.937,9.015,10.3,9.71,11.48,10.79,-0.002,-0.003,-0.002,0.0,0.01,-80.3064041,26.92095,921.45
9.3,0.4,0.0,0.02,-0.07,-0.04,-0.3,-0.17,-0.29,-0.28,0.42,9.535,9.643,8.937,8.996,10.3,9.61,11.87,11.28,-0.002,-0.003,-0.002,0.0,0.01,-80.3064041,26.92095,921.5
9.3,0.4,0.0,0.02,-0.08,-0.04,0.16,-0.15,-0.1,-0.29,0.41,9.506,9.673,8.937,9.055,10.5,9.61,11.67,11.38,-0.002,-0.003,-0.002,0.0,0.01,-80.3064041,26.92095,921.55
9.3,0.4,0.0,0.02,-0.07,-0.04,0.13,-0.42,0.01,-0.29,0.41,9.486,9.643,8.957,9.006,10.2,9.81,11.67,11.09,-0.002,-0.003,-0.002,0.0,0.01,-80.3064041,26.92095,921.6
9.3,0.4,0.0,0.02,-0.05,-0.04,-0.13,-0.26,-0.08,-0.29,0.41,9.516,9.663,8.937,9.055,10.3,9.61,11.58,11.18,-0.002,-0.003,-0.002,0.0,0.02,-80.3064041,26.9209499,921.65
9.3,0.4,0.0,0.02,-0.08,-0.05,0.02,-0.18,-0.34,-0.29,0.41,9.506,9.682,8.947,8.996,10.3,9.61,11.77,10.89,-0.002,-0.003,-0.002,0.0,0.02,-80.3064041,26.9209499,921.7
9.3,0.4,0.0,0.02,-0.05,-0.07,-0.16,0.12,0.14,-0.29,0.41,9.496,9.633,8.917,8.976,10.69,9.42,11.58,11.28,-0.002,-0.003,-0.002,0.0,0.02,-80.3064041,26.9209499,921.75
9.3,0.4,0.0,0.02,-0.07,-0.03,-0.0,0.05,0.05,-0.3,0.41,9.496,9.624,8.966,9.045,10.59,9.52,11.67,11.18,-0.002,-0.003,-0.002,0.0,0.02,-80.3064041,26.9209499,921.8
9.3,0.4,0.0,0.02,-0.06,-0.06,0.14,0.12,0.21,-0.28,0.41,9.486,9.663,8.917,9.006,10.2,9.71,11.58,11.09,-0.002,-0.003,-0.002,0.0,0.02,-80.3064041,26.9209499,921.85
9.2,0.4,0.0,0.02,-0.07,-0.04,0.19,0.25,-0.49,-0.28,0.41,9.506,9.643,8.947,9.006,10.2,9.61,11.97,11.58,-0.002,-0.003,-0.002,0.0,0.02,-80.3064041,26.9209499,921.9
9.3,0.4,0.0,0.02,-0.06,-0.06,0.11,-0.13,0.06,-0.29,0.41,9.506,9.673,8.947,9.035,10.5,9.61,11.48,11.09,-0.002,-0.003,-0.002,0.0,0.03,-80.3064041,26.9209499,921.95
9.3,0.4,0.0,0.02,-0.07,-0.06,0.09,0.14,-0.29,-0.28,0.42,9.476,9.653,8.937,9.006,10.3,9.91,11.28,11.09,-0.002,-0.003,-0.002,0.0,0.03,-80.3064041,26.9209499,922.0
9.2,0.4,0.0,0.02,-0.06,-0.05,-0.08,0.32,-0.04,-0.3,0.42,9.526,9.653,8.957,8.996,10.5,9.81,11.77,11.18,-0.002,-0.003,-0.002,0.0,0.03,-80.3064041,26.9209499,922.05
9.3,0.4,0.0,0.02,-0.06,-0.02,-0.37,-0.07,-0.32,-0.28,0.41,9.447,9.663,8.937,9.015,10.5,9.61,11.77,11.58,-0.002,-0.003,-0.002,0.0,0.03,-80.3064042,26.9209499,922.1
9.2,0.4,0.0,0.02,-0.06,-0.04,-0.13,-0.28,-0.29,-0.29,0.41,9.516,9.653,8.947,8.966,10.69,9.52,11.38,10.89,-0.002,-0.003,-0.002,0.0,0.03,-80.3064042,26.9209499,922.15
9.3,0.4,0.0,0.02,-0.05,-0.03,0.0,-0.02,0.53,-0.3,0.42,9.506,9.663,8.937,9.035,10.3,9.81,11.38,11.18,-0.002,-0.003,-0.002,0.0,0.03,-80.3064042,26.9209499,922.2
9.3,0.4,0.0,0.02,-0.06,-0.06,-0.11,0.33,-0.11,-0.28,0.41,9.506,9.643,8.957,9.006,10.5,9.71,11.87,11.28,-0.002,-0.003,-0.002,0.0,0.03,-80.3064042,26.9209499,922.25
9.3,0.4,0.0,0.03,-0.06,-0.04,-0.07,-0.11,-0.14,-0.29,0.41,9.486,9.663,8.927,9.015,10.59,9.81,11.77,11.18,-0.002,-0.003,-0.002,0.0,0.04,-80.3064042,26.9209499,922.3
9.3,0.4,0.0,0.03,-0.05,-0.03,-0.15,-0.09,0.0,-0.29,0.41,9.496,9.653,8.957,8.986,10.4,9.71,11.87,10.99,-0.002,-0.003,-0.002,0.0,0.04,-80.3064042,26.9209499,922.35
9.3,0.4,0.0,0.03,-0.05,-0.03,-0.31,0.04,-0.26,-0.28,0.41,9.506,9.653,8.957,9.055,10.3,9.61,11.48,11.18,-0.002,-0.003,-0.002,0.0,0.04,-80.3064042,26.9209499,922.4
9.3,0.4,0.0,0.03,-0.07,-0.06,-0.05,0.52,-0.32,-0.28,0.41,9.496,9.653,8.947,9.006,10.5,9.81,11.77,11.28,-0.002,-0.003,-0.002,0.0,0.04,-80.3064042,26.9209499,922.45
9.3,0.4,0.0,0.03,-0.06,-0.05,-0.04,0.21,-0.13,-0.29,0.41,9.506,9.663,8.947,9.025,10.4,9.81,11.67,11.28,-0.002,-0.003,-0.002,0.0,0.04,-80.3064042,26.9209499,922.5
9.3,0.4,0.0,0.03,-0.07,-0.07,0.41,0.24,-0.24,-0.3,0.4,9.516,9.663,8.966,9.035,10.2,9.71,11.77,10.99,-0.002,-0.003,-0.002,0.0,0.04,-80.3064042,26.9209499,922.55
9.4,0.4,0.0,0.03,-0.06,-0.04,0.11,0.0,0.2,-0.27,0.4,9.496,9.653,8.966,9.035,10.3,9.81,11.77,11.38,-0.002,-0.003,-0.002,0.0,0.05,-80.3064042,26.9209499,922.6
9.3,0.4,0.0,0.03,-0.06,-0.06,0.0,-0.02,0.32,-0.28,0.42,9.516,9.633,8.937,8.996,10.4,9.71,11.58,11.28,-0.002,-0.003,-0.002,0.0,0.05,-80.3064042,26.9209499,922.65
9.3,0.4,0.0,0.03,-0.07,-0.02,-0.01,-0.24,0.05,-0.29,0.42,9.506,9.633,8.937,9.035,10.2,9.52,11.58,11.28,-0.002,-0.003,-0.002,0.0,0.05,-80.3064042,26.9209499,922.7
9.3,0.4,0.0,0.03,-0.06,-0.06,0.0,-0.26,-0.24,-0.28,0.41,9.526,9.643,8.957,9.006,10.4,9.42,11.67,11.09,-0.002,-0.003,-0.002,0.0,0.05,-80.3064042,26.9209499,922.75
9.2,0.4,0.0,0.03,-0.07,-0.03,0.55,-0.26,-0.08,-0.28,0.42,9.506,9.653,8.927,9.006,10.3,9.91,11.77,11.48,-0.002,-0.003,-0.002,0.0,0.05,-80.3064042,26.9209499,922.8
9.3,0.4,0.0,0.03,-0.07,-0.06,0.28,-0.1,-0.09,-0.28,0.42,9.476,9.663,8.947,9.025,10.5,9.81,11.77,11.28,-0.002,-0.003,-0.002,0.0,0.05,-80.3064042,26.9209499,922.85
9.3,0.4,0.0,0.03,-0.06,-0.03,0.02,0.15,0.28,-0.28,0.42,9.545,9.624,8.947,8.986,10.5,9.71,11.38,11.09,-0.002,-0.003,-0.002,0.0,0.05,-80.3064042,26.9209499,922.9
9.3,0.4,0.0,0.03,-0.06,-0.04,-0.03,0.09,-0.44,-0.28,0.41,9.496,9.643,8.927,9.025,10.2,9.71,11.58,11.58,-0.002,-0.003,-0.002,0.0,0.06,-80.3064042,26.9209498,922.95
9.3,0.4,0.0,0.03,-0.06,-0.05,-0.18,-0.1,0.23,-0.28,0.42,9.526,9.653,8.976,8.996,10.1,9.71,11.77,11.28,-0.002,-0.003,-0.002,0.0,0.06,-80.3064043,26.9209498,923.0
9.3,0.4,0.0,0.04,-0.06,-0.05,-0.04,-0.29,0.26,-0.28,0.42,9.486,9.643,8.937,9.045,10.59,9.91,11.58,11.09,-0.002,-0.003,-0.002,0.0,0.06,-80.3064043,26.9209498,923.05
9.3,0.4,0.0,0.04,-0.06,-0.05,-0.02,0.05,0.04,-0.28,0.42,9.506,9.682,8.927,9.025,10.3,10.01,12.07,11.18,-0.002,-0.003,-0.002,0.0,0.06,-80.3064043,26.9209498,923.1
9.3,0.4,0.0,0.04,-0.06,-0.05,0.01,0.17,-0.05,-0.28,0.42,9.496,9.663,8.966,9.055,10.4,9.71,11.48,11.28,-0.002,-0.003,-0.002,0.0,0.06,-80.3064043,26.9209498,923.15
9.3,0.4,0.0,0.04,-0.07,-0.05,0.23,-0.06,0.07,-0.28,0.41,9.496,9.643,8.917,9.006,10.3,9.91,11.58,11.58,-0.002,-0.003,-0.002,0.0,0.07,-80.3064043,26.9209498,923.2
9.2,0.4,0.0,0.04,-0.06,-0.04,0.1,-0.04,0.23,-0.28,0.42,9.506,9.633,8.927,8.996,10.4,9.61,11.67,11.09,-0.002,-0.003,-0.002,0.0,0.07,-80.3064043,26.9209498,923.25
9.3,0.4,0.0,0.04,-0.06,-0.05,0.05,0.09,-0.01,-0.28,0.41,9.535,9.653,8.917,9.015,10.5,9.61,11.58,10.99,-0.002,-0.003,-0.002,0.0,0.07,-80.3064043,26.9209498,923.3
9.3,0.4,0.0,0.04,-0.07,-0.05,0.15,0.08,-0.0,-0.28,0.43,9.516,9.673,8.947,9.006,10.2,9.52,11.58,11.28,-0.002,-0.003,-0.002,0.0,0.07,-80.3064043,26.9209498,923.35
9.3,0.4,0.0,0.04,-0.05,-0.05,-0.23,-0.02,0.07,-0.28,0.41,9.496,9.663,8.947,9.025,10.4,9.71,11.58,11.38,-0.002,-0.003,-0.002,0.0,0.07,-80.3064043,26.9209498,923.4
9.3,0.4,0.0,0.04,-0.07,-0.03,0.09,0.12,0.29,-0.29,0.41,9.506,9.643,8.947,9.025,10.3,9.61,11.58,11.28,-0.002,-0.003,-0.002,0.0,0.07,-80.3064043,26.9209498,923.45
9.3,0.4,0.0,0.04,-0.05,-0.07,-0.13,0.1,-0.18,-0.3,0.39,9.516,9.653,8.976,9.006,10.2,9.91,11.67,11.58,-0.002,-0.003,-0.002,0.0,0.07,-80.3064043,26.9209498,923.5
9.3,0.4,0.0,0.04,-0.07,-0.04,-0.04,0.12,-0.13,-0.28,0.41,9.516,9.643,8.937,9.055,10.3,9.71,11.48,10.89,-0.002,-0.003,-0.002,0.0,0.07,-80.3064043,26.9209498,923.55
9.3,0.4,0.0,0.04,-0.07,-0.06,0.31,-0.05,-0.2,-0.28,0.4,9.486,9.663,8.947,8.996,10.3,9.71,11.38,11.28,-0.002,-0.003,-0.002,0.0,0.08,-80.3064043,26.9209498,923.6
9.3,0.4,0.0,0.04,-0.06,-0.05,-0.34,0.12,-0.12,-0.27,0.4,9.496,9.663,8.947,9.006,10.4,9.81,11.58,11.28,-0.002,-0.003,-0.002,0.0,0.08,-80.3064043,26.9209498,923.65
9.3,0.4,0.0,0.04,-0.07,-0.02,-0.06,-0.07,-0.18,-0.28,0.41,9.506,9.673,8.947,9.055,10.4,9.71,11.38,11.58,-0.002,-0.003,-0.002,0.0,0.08,-80.3064043,26.9209498,923.7
9.3,0.4,0.0,0.04,-0.06,-0.06,0.43,0.24,0.01,-0.28,0.41,9.506,9.663,8.966,9.015,10.3,9.71,11.58,11.28,-0.002,-0.003,-0.002,0.0,0.08,-80.3064043,26.9209498,923.75
9.3,0.4,0.0,0.04,-0.06,-0.03,0.2,0.19,0.25,-0.28,0.41,9.516,9.643,8.947,9.015,10.2,9.91,11.48,11.28,-0.002,-0.003,-0.002,0.0,0.08,-80.3064043,26.9209498,923.8
9.2,0.4,0.0,0.05,-0.07,-0.05,-0.16,-0.21,-0.03,-0.27,0.41,9.496,9.653,8.917,8.996,10.5,9.81,11.38,11.28,-0.002,-0.003,-0.002,0.0,0.08,-80.3064043,26.9209498,923.85
9.3,0.4,0.0,0.05,-0.06,-0.06,0.5,0.14,-0.1,-0.28,0.41,9.506,9.653,8.957,8.996,10.4,9.81,11.38,11.38,-0.002,-0.003,-0.002,0.0,0.09,-80.3064043,26.9209498,923.9
9.3,0.4,0.0,0.01,-0.07,-0.06,0.03,0.08,-0.36,-0.29,0.42,9.476,9.682,8.937,9.035,10.3,9.81,11.67,11.28,-0.002,-0.003,-0.002,0.0,0.0,-80.3064043,26.9209498,923.95
9.3,0.4,0.0,0.01,-0.06,-0.03,-0.01,-0.04,0.12,-0.28,0.4,9.506,9.653,8.947,9.006,10.5,9.71,12.07,11.18,-0.002,-0.003,-0.002,0.0,0.0,-80.3064043,26.9209498,924.0
9.3,0.4,0.0,0.02,-0.05,-0.03,-0.06,-0.29,-0.26,-0.29,0.38,9.496,9.653,8.957,9.055,10.5,9.81,11.58,11.38,-0.002,-0.003,-0.002,0.0,0.0,-80.3064042,26.9209498,924.05
9.3,0.4,0.0,0.02,-0.06,-0.05,-0.01,0.02,0.18,-0.28,0.42,9.496,9.633,8.937,9.006,10.4,9.71,11.58,11.38,-0.002,-0.003,-0.002,0.0,0.0,-80.3064042,26.9209498,924.1
9.3,0.4,0.0,0.02,-0.07,-0.04,-0.09,-0.0,-0.06,-0.28,0.4,9.476,9.663,8.966,9.006,10.4,9.91,11.77,11.28,-0.002,-0.003,-0.002,0.0,0.0,-80.3064042,26.9209498,924.15
9.3,0.4,0.0,0.02,-0.06,-0.06,0.02,0.05,-0.43,-0.28,0.4,9.526,9.643,8.957,9.045,10.4,9.61,11.38,10.99,-0.002,-0.003,-0.002,0.0,0.0,-80.3064042,26.9209498,924.2
9.3,0.4,0.0,0.02,-0.07,-0.04,-0.1,-0.1,0.03,-0.28,0.38,9.506,9.653,8.947,8.996,10.69,9.91,11.58,11.38,-0.002,-0.003,-0.002,0.0,0.0,-80.3064042,26.9209498,924.25
9.3,0.4,0.0,0.02,-0.05,-0.05,-0.12,0.41,0.18,-0.28,0.41,9.486,9.653,8.947,8.986,10.4,9.61,11.87,11.18,-0.002,-0.003,-0.002,0.0,0.0,-80.3064042,26.9209498,924.3
9.3,0.4,0.0,0.02,-0.06,-0.04,-0.11,0.2,-0.05,-0.28,0.4,9.486,9.653,8.917,9.025,10.5,9.61,11.58,11.48,-0.002,-0.003,-0.002,0.0,0.0,-80.3064042,26.9209498,924.35
9.3,0.4,0.0,0.02,-0.07,-0.05,-0.08,0.09,-0.21,-0.29,0.42,9.506,9.624,8.937,8.986,10.3,9.81,11.58,11.28,-0.002,-0.003,-0.002,0.0,0.01,-80.3064042,26.9209498,924.4
9.3,0.4,0.0,0.02,-0.05,-0.05,-0.24,-0.43,-0.02,-0.29,0.4,9.506,9.653,8.937,9.025,10.2,9.81,11.38,11.38,-0.002,-0.003,-0.002,0.0,0.0,-80.3064042,26.9209498,924.45
9.3,0.4,0.0,0.02,-0.09,-0.04,0.27,-0.35,0.04,-0.29,0.41,9.526,9.653,8.947,9.006,10.4,9.91,11.77,10.99,-0.002,-0.003,-0.002,0.0,0.01,-80.3064042,26.9209498,924.5
9.3,0.4,0.0,0.03,-0.06,-0.05,-0.03,-0.23,-0.05,-0.28,0.42,9.506,9.682,8.927,9.006,10.4,9.81,11.38,11.28,-0.002,-0.003,-0.002,0.0,0.01,-80.3064042,26.9209498,924.55
9.3,0.4,0.0,0.03,-0.07,-0.04,-0.02,0.09,-0.33,-0.28,0.4,9.467,9.673,8.947,9.006,10.4,9.71,11.38,11.28,-0.002,-0.003,-0.002,0.0,0.0,-80.3064042,26.9209498,924.6
9.3,0.4,0.0,0.03,-0.07,-0.03,0.26,-0.22,-0.17,-0.28,0.42,9.506,9.663,8.957,9.025,10.3,9.81,11.67,11.28,-0.002,-0.003,-0.002,0.0,0.01,-80.3064042,26.9209498,924.65
9.4,0.4,0.0,0.03,-0.06,-0.06,-0.3,0.12,-0.01,-0.28,0.42,9.486,9.653,8.947,9.035,10.3,9.61,11.97,10.89,-0.002,-0.003,-0.002,0.0,0.0,-80.3064042,26.9209498,924.7
9.3,0.4,0.0,0.03,-0.07,-0.06,0.17,-0.04,0.01,-0.28,0.42,9.486,9.653,8.957,9.015,10.1,10.1,11.38,11.28,-0.002,-0.003,-0.002,0.0,0.01,-80.3064042,26.9209498,924.75
9.3,0.4,0.0,0.03,-0.06,-0.05,0.04,0.23,0.05,-0.28,0.41,9.506,9.673,8.937,9.006,10.69,9.71,11.87,11.09,-0.002,-0.003,-0.002,0.0,0.01,-80.3064042,26.9209498,924.8
9.3,0.4,0.0,0.03,-0.05,-0.04,0.12,0.09,-0.12,-0.28,0.4,9.516,9.663,8.957,9.025,10.01,9.52,11.48,11.28,-0.002,-0.003,-0.002,0.0,0.0,-80.3064042,26.9209499,924.85
9.3,0.4,0.0,0.03,-0.07,-0.03,0.11,-0.18,0.07,-0.28,0.42,9.476,9.663,8.937,9.045,10.5,9.71,11.77,11.58,-0.002,-0.003,-0.002,0.0,0.0,-80.3064042,26.9209499,924.9
9.3,0.4,0.0,0.04,-0.06,-0.06,-0.12,0.09,0.01,-0.28,0.4,9.516,9.673,8.947,8.996,10.3,9.52,11.77,11.58,-0.002,-0.003,-0.002,0.0,0.0,-80.3064042,26.9209499,924.95
9.3,0.4,0.0,0.04,-0.06,-0.06,0.32,-0.21,0.46,-0.28,0.41,9.506,9.673,8.957,9.045,10.3,9.71,11.48,11.48,-0.002,-0.003,-0.002,0.0,0.01,-80.3064042,26.9209499,925.0
9.3,0.4,0.0,0.04,-0.07,-0.06,-0.05,-0.07,0.14,-0.28,0.41,9.496,9.653,8.927,8.976,10.59,9.81,11.67,11.18,-0.002,-0.003,-0.002,0.0,0.0,-80.3064042,26.9209499,925.05
9.2,0.4,0.0,0.04,-0.06,-0.06,0.23,0.03,0.19,-0.28,0.41,9.516,9.663,8.947,9.006,10.59,9.52,11.87,11.38,-0.002,-0.003,-0.002,0.0,0.0,-80.3064042,26.9209499,925.1
9.3,0.4,0.0,0.04,-0.05,-0.04,0.05,0.16,-0.18,-0.28,0.4,9.506,9.643,8.937,9.035,10.69,9.61,11.87,11.09,-0.002,-0.003,-0.002,0.0,0.0,-80.3064042,26.9209499,925.15
9.3,0.4,0.0,0.04,-0.07,-0.05,-0.32,0.13,-0.45,-0.28,0.4,9.486,9.663,8.947,8.976,10.4,9.52,11.48,11.09,-0.002,-0.003,-0.002,0.0,0.0,-80.3064042,26.9209499,925.2
9.2,0.4,0.0,0.04,-0.07,-0.05,0.17,0.03,-0.0,-0.29,0.4,9.506,9.653,8.927,8.976,10.4,9.71,11.38,11.28,-0.002,-0.003,-0.002,0.0,0.0,-80.3064042,26.9209499,925.25
9.3,0.4,0.0,0.04,-0.06,-0.06,0.22,-0.09,-0.09,-0.28,0.4,9.516,9.643,8.927,9.045,10.4,9.61,11.58,11.18,-0.002,-0.003,-0.002,0.0,0.01,-80.3064042,26.9209499,925.3
9.3,0.4,0.0,0.04,-0.06,-0.06,-0.05,-0.25,-0.08,-0.28,0.4,9.467,9.663,8.976,9.035,10.5,9.71,11.18,11.38,-0.002,-0.003,-0.002,0.0,0.01,-80.3064042,26.9209499,925.35
9.3,0.4,0.0,0.05,-0.07,-0.04,-0.02,0.07,-0.19,-0.27,0.4,9.496,9.653,8.966,9.015,10.59,9.71,11.58,11.09,-0.002,-0.003,-0.002,0.0,0.01,-80.3064042,26.9209499,925.4
9.3,0.4,0.0,0.05,-0.06,-0.05,0.03,0.14,0.13,-0.26,0.4,9.516,9.673,8.927,9.006,10.3,9.52,11.77,11.09,-0.002,-0.003,-0.002,0.0,0.0,-80.3064042,26.9209499,925.45
9.3,0.4,0.0,0.05,-0.08,-0.05,0.19,-0.07,-0.15,-0.24,0.4,9.486,9.673,8.937,8.996,10.5,9.61,11.28,11.09,-0.002,-0.003,-0.002,0.0,0.0,-80.3064042,26.9209499,925.5
9.3,0.4,0.0,0.05,-0.05,-0.06,0.14,-0.03,-0.04,-0.23,0.39,9.506,9.624,8.966,9.025,10.4,9.71,11.38,11.38,-0.002,-0.003,-0.002,0.0,0.0,-80.3064042,26.9209499,925.55
9.2,0.4,0.0,0.01,-0.08,-0.05,0.05,-0.01,-0.1,-0.22,0.39,9.486,9.663,8.937,8.986,10.3,9.61,11.38,11.77,-0.002,-0.003,-0.002,0.0,-0.0,-80.3064041,26.9209499,925.6
9.3,0.4,0.0,0.01,-0.06,-0.05,-0.13,0.0,-0.23,-0.29,0.39,9.486,9.643,8.976,8.996,10.2,9.81,11.38,11.38,-0.002,-0.003,-0.002,0.0,-0.0,-80.3064041,26.9209499,925.65
9.3,0.4,0.0,-0.0,-0.06,-0.03,-0.11,0.19,0.16,-0.28,0.43,9.535,9.663,8.966,9.025,10.4,9.81,11.87,11.38,-0.002,-0.003,-0.002,0.0,0.0,-80.3064041,26.9209499,925.7
9.3,0.4,0.0,0.0,-0.06,-0.05,-0.18,-0.31,0.3,-0.28,0.46,9.486,9.673,8.917,9.006,10.3,9.81,11.87,11.18,-0.002,-0.003,-0.002,0.0,0.0,-80.3064041,26.9209499,925.75
9.3,0.4,0.0,0.0,-0.07,-0.05,-0.18,-0.02,0.02,-0.28,0.41,9.496,9.663,8.957,8.986,10.3,9.71,11.38,11.09,-0.002,-0.003,-0.002,0.0,0.0,-80.3064041,26.9209499,925.8
9.4,0.4,0.0,0.0,-0.06,-0.04,-0.07,0.22,0.37,-0.28,0.4,9.535,9.673,9.006,9.045,10.5,9.71,11.67,11.38,-0.002,-0.003,-0.002,0.0,0.0,-80.3064041,26.9209499,925.85
9.3,0.4,0.0,0.0,-0.07,-0.05,-0.01,0.18,0.2,-0.28,0.4,9.496,9.702,8.898,9.015,10.5,9.91,11.67,11.28,-0.002,-0.003,-0.002,0.0,0.0,-80.3064041,26.92095,925.9
9.3,0.4,0.0,0.0,-0.06,-0.04,-0.15,0.39,-0.15,-0.28,0.39,9.496,9.653,8.957,8.986,10.3,9.71,11.48,11.48,-0.002,-0.003,-0.002,0.0,0.01,-80.3064041,26.92095,925.95
9.3,0.4,0.0,0.0,-0.06,-0.04,-0.14,0.09,-0.1,-0.28,0.39,9.516,9.633,8.947,9.025,10.3,9.81,11.67,11.09,-0.002,-0.003,-0.002,0.0,0.01,-80.3064041,26.92095,926.0
9.3,0.4,0.0,0.0,-0.06,-0.05,-0.03,-0.07,0.12,-0.29,0.39,9.516,9.663,8.927,9.025,10.2,9.71,11.58,11.38,-0.002,-0.003,-0.002,0.0,0.01,-80.3064041,26.92095,926.05
9.3,0.4,0.0,0.0,-0.06,-0.05,-0.27,-0.1,0.09,-0.29,0.4,9.486,9.643,8.937,8.986,10.2,9.61,11.48,11.09,-0.002,-0.003,-0.002,0.0,0.01,-80.3064041,26.92095,926.1
9.3,0.4,0.0,0.0,-0.06,-0.05,0.06,-0.02,0.08,-0.29,0.39,9.516,9.633,8.976,9.045,10.4,9.61,11.77,11.28,-0.002,-0.003,-0.002,0.0,0.01,-80.3064041,26.92095,926.15
9.3,0.4,0.0,0.0,-0.05,-0.04,-0.36,0.54,0.3,-0.28,0.39,9.496,9.673,8.947,9.035,10.4,9.81,11.48,11.18,-0.002,-0.003,-0.002,0.0,0.01,-80.3064041,26.92095,926.2
9.3,0.4,0.0,0.0,-0.07,-0.04,0.18,-0.0,-0.24,-0.28,0.4,9.516,9.643,8.947,8.986,10.4,9.71,11.28,11.28,-0.002,-0.003,-0.002,0.0,0.01,-80.3064041,26.92095,926.25
9.3,0.4,0.0,0.0,-0.07,-0.04,-0.04,-0.19,-0.14,-0.28,0.39,9.486,9.653,8.937,9.025,10.3,9.91,11.67,11.38,-0.002,-0.003,-0.002,0.0,0.01,-80.3064041,26.92095,926.3
9.3,0.4,0.0,0.0,-0.05,-0.05,0.11,0.21,-0.07,-0.28,0.39,9.535,9.653,8.986,9.015,10.4,9.91,11.67,11.09,-0.002,-0.003,-0.002,0.0,0.01,-80.3064041,26.92095,926.35
9.2,0.4,0.0,0.0,-0.06,-0.04,-0.14,-0.12,-0.08,-0.3,0.39,9.496,9.653,8.917,9.006,10.59,9.61,11.38,11.38,-0.002,-0.003,-0.002,0.0,0.01,-80.3064041,26.92095,926.4
9.3,0.4,0.0,0.0,-0.06,-0.05,0.31,0.07,0.5,-0.32,0.39,9.506,9.663,8.966,9.006,10.2,9.91,11.77,11.38,-0.002,-0.003,-0.002,0.0,0.02,-80.3064041,26.92095,926.45
9.3,0.4,0.0,0.0,-0.06,-0.05,0.05,0.13,0.01,-0.34,0.38,9.545,9.673,8.947,9.025,10.4,9.52,11.97,11.09,-0.002,-0.003,-0.002,0.0,0.02,-80.3064041,26.92095,926.5
9.2,0.4,0.0,0.0,-0.06,-0.05,-0.2,-0.08,0.13,-0.29,0.39,9.496,9.653,8.878,9.035,10.2,9.61,11.38,11.09,-0.002,-0.003,-0.002,0.0,0.02,-80.3064041,26.92095,926.55
9.3,0.4,0.0,0.0,-0.06,-0.03,-0.24,-0.04,-0.33,-0.29,0.39,9.516,9.673,8.947,8.986,10.4,9.81,11.48,11.38,-0.002,-0.003,-0.002,0.0,0.02,-80.3064041,26.92095,926.6
9.3,0.4,0.0,0.0,-0.06,-0.04,0.25,0.14,-0.06,-0.28,0.39,9.496,9.643,8.907,9.015,10.4,9.61,11.38,11.18,-0.002,-0.003,-0.002,0.0,0.02,-80.3064041,26.92095,926.65
9.3,0.4,0.0,0.0,-0.06,-0.05,0.04,0.18,-0.14,-0.29,0.39,9.506,9.633,8.927,8.986,10.3,9.52,11.87,11.28,-0.002,-0.003,-0.002,0.0,0.02,-80.306404,26.92095,926.7
9.3,0.4,0.0,0.0,-0.07,-0.04,-0.16,0.4,0.02,-0.27,0.4,9.516,9.643,8.966,9.045,10.3,9.71,11.48,11.38,-0.002,-0.003,-0.002,0.0,0.02,-80.306404,26.92095,926.75
9.2,0.4,0.0,0.0,-0.07,-0.07,0.2,0.22,-0.32,-0.26,0.41,9.496,9.663,8.907,8.966,10.59,9.61,11.58,11.38,-0.002,-0.003,-0.002,0.0,0.02,-80.306404,26.92095,926.8
9.3,0.4,0.0,0.0,-0.05,-0.03,-0.37,0.01,-0.05,-0.28,0.39,9.506,9.643,8.937,8.996,10.5,9.81,11.58,11.48,-0.002,-0.003,-0.002,0.0,0.02,-80.306404,26.92095,926.85
9.3,0.4,0.0,0.0,-0.05,-0.04,-0.42,-0.23,0.15,-0.29,0.39,9.467,9.673,8.917,9.025,10.1,9.71,11.87,11.28,-0.002,-0.003,-0.002,0.0,0.02,-80.306404,26.92095,926.9
9.3,0.4,0.0,0.0,-0.06,-0.02,-0.41,-0.16,-0.41,-0.29,0.39,9.516,9.633,8.937,9.045,10.5,10.01,11.77,11.38,-0.002,-0.003,-0.002,0.0,0.03,-80.306404,26.92095,926.95
9.3,0.4,0.0,0.0,-0.07,-0.05,-0.07,0.27,-0.43,-0.28,0.4,9.496,9.663,8.937,9.006,10.2,9.42,11.58,11.38,-0.002,-0.003,-0.002,0.0,0.03,-80.306404,26.92095,927.0
9.3,0.4,0.0,0.0,-0.06,-0.05,0.19,-0.09,0.0,-0.3,0.41,9.526,9.643,8.937,8.996,10.2,9.71,11.58,11.28,-0.002,-0.003,-0.002,0.0,0.03,-80.306404,26.92095,927.05
9.3,0.4,0.0,0.0,-0.06,-0.04,-0.09,0.09,-0.09,-0.32,0.43,9.476,9.653,8.947,9.015,10.4,9.71,11.77,11.58,-0.002,-0.003,-0.002,0.0,0.03,-80.306404,26.92095,927.1
9.3,0.4,0.0,0.0,-0.06,-0.04,-0.14,-0.29,-0.07,-0.29,0.39,9.506,9.663,8.947,9.015,10.3,9.91,11.58,11.38,-0.002,-0.003,-0.002,0.0,0.03,-80.306404,26.92095,927.15
9.3,0.4,0.0,0.0,-0.06,-0.03,-0.16,-0.11,0.18,-0.31,0.39,9.486,9.663,8.927,9.015,10.2,9.91,11.28,11.28,-0.002,-0.003,-0.002,0.0,0.03,-80.306404,26.92095,927.2
9.3,0.4,0.0,0.0,-0.07,-0.05,0.13,0.02,0.05,-0.3,0.38,9.506,9.663,8.937,9.015,10.4,9.91,11.67,11.28,-0.002,-0.003,-0.002,0.0,0.03,-80.306404,26.92095,927.25
9.3,0.4,0.0,0.0,-0.05,-0.05,0.0,0.31,-0.11,-0.3,0.37,9.486,9.663,8.957,8.996,10.4,9.61,11.87,11.38,-0.002,-0.003,-0.002,0.0,0.03,-80.306404,26.92095,927.3
9.3,0.4,0.0,0.0,-0.06,-0.07,0.24,-0.12,-0.43,-0.31,0.35,9.516,9.653,8.957,9.015,10.5,9.91,11.38,11.09,-0.002,-0.003,-0.002,0.0,0.03,-80.306404,26.92095,927.35
9.3,0.4,0.0,0.0,-0.07,-0.04,0.15,0.12,0.1,-0.32,0.34,9.486,9.673,8.957,9.035,10.3,9.71,11.58,11.38,-0.002,-0.003,-0.002,0.0,0.04,-80.306404,26.92095,927.4
9.3,0.4,0.0,0.0,-0.07,-0.03,0.13,0.01,0.23,-0.29,0.39,9.516,9.663,8.947,9.006,10.3,9.71,11.38,11.09,-0.002,-0.003,-0.002,0.0,0.04,-80.306404,26.92095,927.45
9.3,0.4,0.0,0.0,-0.05,-0.05,0.24,-0.2,0.16,-0.29,0.38,9.506,9.663,8.927,9.006,10.5,9.71,11.67,11.28,-0.002,-0.003,-0.002,0.0,0.04,-80.306404,26.92095,927.5
9.3,0.4,0.0,0.0,-0.07,-0.04,0.17,-0.15,0.43,-0.29,0.37,9.516,9.663,8.947,9.035,10.4,9.91,11.58,11.38,-0.002,-0.003,-0.002,0.0,0.04,-80.306404,26.92095,927.55
9.3,0.4,0.0,0.0,-0.06,-0.06,0.25,0.2,-0.04,-0.28,0.36,9.506,9.663,8.947,9.015,10.4,9.61,11.58,10.99,-0.002,-0.003,-0.002,0.0,0.04,-80.306404,26.92095,927.6
9.3,0.4,0.0,0.0,-0.06,-0.04,0.02,0.06,0.15,-0.3,0.39,9.496,9.663,8.937,9.015,10.3,9.61,11.87,11.09,-0.002,-0.003,-0.002,0.0,0.04,-80.306404,26.92095,927.65
9.3,0.4,0.0,0.0,-0.06,-0.06,0.25,0.07,-0.0,-0.32,0.4,9.476,9.663,8.927,9.035,10.5,9.71,11.58,11.28,-0.002,-0.003,-0.002,0.0,0.04,-80.306404,26.92095,927.7
9.2,0.4,0.0,0.0,-0.08,-0.03,0.14,0.02,-0.27,-0.28,0.39,9.496,9.663,8.937,8.986,10.3,9.81,11.38,11.38,-0.002,-0.003,-0.002,0.0,0.04,-80.306404,26.92095,927.75
9.3,0.4,0.0,0.0,-0.04,-0.04,-0.21,-0.36,0.14,-0.3,0.41,9.516,9.643,8.937,9.045,10.2,9.52,11.77,11.28,-0.002,-0.003,-0.002,0.0,0.04,-80.3064039,26.92095,927.8
9.3,0.4,0.0,0.0,-0.06,-0.05,-0.16,0.04,0.14,-0.3,0.39,9.496,9.673,8.917,9.015,10.2,9.91,11.58,11.28,-0.002,-0.003,-0.002,0.0,0.04,-80.3064039,26.92095,927.85
9.3,0.4,0.0,0.0,-0.07,-0.04,-0.06,0.36,-0.01,-0.28,0.39,9.526,9.653,8.937,9.006,10.3,9.71,11.48,11.28,-0.002,-0.003,-0.002,0.0,0.05,-80.3064039,26.92095,927.9
9.3,0.4,0.0,0.0,-0.05,-0.05,0.0,-0.23,0.23,-0.29,0.39,9.486,9.653,8.937,9.025,10.5,9.71,11.38,11.09,-0.002,-0.003,-0.002,0.0,-0.0,-80.3064039,26.92095,927.95
9.3,0.4,0.0,-0.01,-0.07,-0.02,0.32,-0.0,0.12,-0.29,0.39,9.506,9.624,8.976,9.006,10.5,9.91,11.38,11.09,-0.002,-0.003,-0.002,0.0,0.0,-80.3064039,26.92095,928.0
9.3,0.4,0.0,-0.01,-0.07,-0.07,0.05,0.01,-0.17,-0.29,0.39,9.486,9.643,8.937,9.015,10.2,9.61,11.48,11.18,-0.002,-0.003,-0.002,0.0,0.0,-80.3064039,26.92095,928.05
9.2,0.4,0.0,-0.01,-0.06,-0.04,-0.2,0.17,-0.33,-0.29,0.38,9.516,9.633,8.947,8.986,10.4,9.61,11.28,11.58,-0.002,-0.003,-0.002,0.0,0.0,-80.3064039,26.92095,928.1
9.3,0.4,0.0,-0.01,-0.05,-0.04,0.08,0.38,0.49,-0.28,0.39,9.476,9.673,8.937,9.025,10.5,9.71,11.87,11.38,-0.002,-0.003,-0.002,0.0,0.01,-80.3064039,26.92095,928.15
9.3,0.4,0.0,-0.01,-0.05,-0.04,-0.2,-0.21,0.18,-0.3,0.4,9.486,9.653,8.937,9.006,10.79,9.71,11.87,11.18,-0.002,-0.003,-0.002,0.0,0.0,-80.3064039,26.92095,928.2
9.3,0.4,0.0,-0.01,-0.07,-0.04,-0.07,0.29,-0.24,-0.28,0.38,9.506,9.663,8.937,9.015,10.4,9.81,11.77,11.38,-0.002,-0.003,-0.002,0.0,0.0,-80.3064039,26.92095,928.25
9.3,0.4,0.0,-0.01,-0.05,-0.04,-0.2,0.21,0.33,-0.29,0.39,9.516,9.653,8.966,9.015,10.3,9.52,11.38,11.28,-0.002,-0.003,-0.002,0.0,0.01,-80.3064039,26.92095,928.3
9.3,0.4,0.0,-0.01,-0.06,-0.04,-0.23,-0.15,-0.02,-0.3,0.38,9.506,9.643,8.966,8.996,10.4,9.81,11.58,10.99,-0.002,-0.003,-0.002,0.0,0.0,-80.3064039,26.92095,928.35
9.3,0.4,0.0,-0.01,-0.05,-0.06,-0.15,0.07,0.29,-0.29,0.39,9.506,9.633,8.937,9.025,10.5,9.61,11.58,11.18,-0.002,-0.003,-0.002,0.0,0.0,-80.3064039,26.92095,928.4
9.3,0.4,0.0,-0.01,-0.07,-0.05,0.1,0.0,0.28,-0.29,0.39,9.516,9.663,8.966,9.035,10.5,9.71,11.77,11.28,-0.002,-0.003,-0.002,0.0,0.01,-80.3064039,26.92095,928.45
9.3,0.4,0.0,-0.01,-0.06,-0.05,-0.37,0.04,0.01,-0.29,0.4,9.486,9.673,8.957,8.996,10.5,9.71,11.38,11.58,-0.002,-0.003,-0.002,0.0,0.0,-80.3064039,26.92095,928.5
9.3,0.4,0.0,-0.01,-0.07,-0.04,0.34,0.1,0.04,-0.28,0.39,9.516,9.653,8.957,9.025,10.5,9.71,11.58,11.38,-0.002,-0.003,-0.002,0.0,0.01,-80.3064038,26.92095,928.55
9.3,0.4,0.0,-0.01,-0.05,-0.06,0.09,-0.03,-0.15,-0.28,0.38,9.496,9.643,8.957,9.015,10.4,9.52,11.38,11.28,-0.002,-0.003,-0.002,0.0,0.01,-80.3064038,26.92095,928.6
9.3,0.4,0.0,-0.01,-0.06,-0.04,-0.14,-0.02,0.47,-0.28,0.39,9.506,9.682,8.937,9.025,10.2,9.71,11.38,11.28,-0.002,-0.003,-0.002,0.0,0.0,-80.3064038,26.92095,928.65
9.3,0.4,0.0,-0.01,-0.08,-0.03,0.06,-0.07,0.24,-0.28,0.39,9.516,9.643,8.966,9.006,10.3,9.91,11.38,11.38,-0.002,-0.003,-0.002,0.0,0.01,-80.3064038,26.92095,928.7
9.3,0.4,0.0,-0.01,-0.06,-0.06,0.1,-0.3,0.1,-0.29,0.38,9.476,9.653,8.917,9.035,10.1,9.61,11.77,11.09,-0.002,-0.003,-0.002,0.0,0.01,-80.3064038,26.92095,928.75
9.3,0.4,0.0,-0.01,-0.06,-0.05,0.06,0.05,0.2,-0.28,0.39,9.496,9.673,8.937,9.006,10.2,9.81,11.77,11.38,-0.002,-0.003,-0.002,0.0,0.01,-80.3064038,26.9209501,928.8
9.3,0.4,0.0,-0.01,-0.07,-0.04,0.22,0.24,-0.35,-0.28,0.38,9.486,9.643,8.937,8.986,10.5,9.81,11.58,11.38,-0.002,-0.003,-0.002,0.0,0.01,-80.3064038,26.9209501,928.85
9.3,0.4,0.0,-0.01,-0.07,-0.05,0.22,0.38,0.09,-0.27,0.36,9.516,9.673,8.947,9.035,10.4,9.71,11.77,11.09,-0.002,-0.003,-0.002,0.0,0.01,-80.3064038,26.9209501,928.9
9.2,0.4,0.0,-0.01,-0.06,-0.06,0.09,0.07,0.19,-0.28,0.39,9.476,9.692,8.917,9.006,10.2,9.71,11.77,11.28,-0.002,-0.003,-0.002,0.0,0.01,-80.3064038,26.9209501,928.95
9.3,0.4,0.0,-0.01,-0.06,-0.04,0.1,0.11,0.26,-0.28,0.39,9.526,9.663,8.957,9.025,10.2,9.52,11.28,11.28,-0.002,-0.003,-0.002,0.0,0.01,-80.3064038,26.9209501,929.0
9.3,0.4,0.0,-0.01,-0.07,-0.04,-0.2,-0.21,-0.1,-0.28,0.38,9.496,9.663,8.947,9.015,10.59,9.52,11.38,11.38,-0.002,-0.003,-0.002,0.0,0.01,-80.3064038,26.9209501,929.05
9.3,0.4,0.0,-0.01,-0.06,-0.05,-0.14,0.09,-0.1,-0.28,0.38,9.496,9.673,8.917,9.015,10.3,9.81,11.67,11.28,-0.002,-0.003,-0.002,0.0,0.01,-80.3064038,26.9209501,929.1
9.3,0.4,0.0,-0.01,-0.05,-0.04,-0.12,-0.26,0.05,-0.28,0.38,9.506,9.633,8.976,9.015,10.2,9.61,11.58,11.38,-0.002,-0.003,-0.002,0.0,0.01,-80.3064038,26.9209501,929.15
9.2,0.4,0.0,-0.01,-0.07,-0.05,-0.12,0.15,0.12,-0.28,0.39,9.486,9.682,8.927,8.986,10.5,9.81,11.58,11.28,-0.002,-0.003,-0.002,0.0,0.01,-80.3064038,26.9209501,929.2
9.3,0.4,0.0,-0.01,-0.07,-0.05,0.01,0.18,-0.47,-0.28,0.38,9.496,9.633,8.917,9.015,10.3,9.52,11.38,11.18,-0.002,-0.003,-0.002,0.0,0.01,-80.3064038,26.9209501,929.25
9.2,0.4,0.0,-0.01,-0.06,-0.05,0.0,-0.14,-0.27,-0.29,0.4,9.496,9.643,8.917,9.006,10.5,9.52,11.67,11.09,-0.002,-0.003,-0.002,0.0,0.01,-80.3064038,26.9209501,929.3
9.3,0.4,0.0,-0.01,-0.05,-0.06,0.08,0.12,-0.35,-0.28,0.38,9.526,9.633,8.937,9.035,10.5,9.52,11.58,11.38,-0.002,-0.003,-0.002,0.0,0.01,-80.3064038,26.9209501,929.35
9.3,0.4,0.0,-0.01,-0.09,-0.01,-0.24,-0.23,0.17,-0.28,0.39,9.486,9.673,8.947,8.996,10.3,9.81,11.28,11.38,-0.002,-0.003,-0.002,0.0,0.01,-80.3064038,26.9209501,929.4
9.3,0.4,0.0,-0.01,0.02,-0.14,-0.03,-0.17,0.35,-0.28,0.39,9.506,9.643,8.966,9.045,10.5,9.91,11.38,11.28,-0.002,-0.003,-0.002,0.0,0.01,-80.3064038,26.9209501,929.45
9.3,0.4,0.0,-0.01,-0.0,-0.13,0.14,0.23,0.14,-0.28,0.39,9.516,9.643,8.966,9.025,10.5,9.61,10.99,11.18,-0.002,-0.003,-0.002,0.0,0.01,-80.3064038,26.9209501,929.5
9.3,0.4,0.0,-0.01,-0.08,-0.05,0.11,-0.35,0.05,-0.28,0.41,9.486,9.692,8.927,9.015,10.59,9.61,11.77,11.58,-0.002,-0.003,-0.002,0.0,0.01,-80.3064038,26.9209501,929.55
9.3,0.4,0.0,-0.01,-0.07,-0.04,0.38,0.01,0.21,-0.27,0.43,9.535,9.624,8.976,8.996,10.3,9.71,11.48,11.28,-0.002,-0.003,-0.002,0.0,0.01,-80.3064038,26.9209501,929.6
9.3,0.4,0.0,-0.01,-0.06,-0.06,-0.05,0.04,-0.14,-0.28,0.39,9.467,9.653,8.976,9.045,10.5,9.71,11.48,11.28,-0.002,-0.003,-0.002,0.0,0.01,-80.3064038,26.9209501,929.65
9.3,0.4,0.0,-0.01,-0.06,-0.03,-0.18,0.18,0.02,-0.28,0.41,9.506,9.653,8.917,8.996,10.59,9.61,11.48,11.28,-0.002,-0.003,-0.002,0.0,0.01,-80.3064038,26.92095,929.7
9.3,0.4,0.0,-0.01,-0.07,-0.04,0.19,-0.17,-0.19,-0.28,0.42,9.506,9.682,8.937,9.045,10.4,9.81,11.58,11.09,-0.002,-0.003,-0.002,0.0,0.01,-80.3064038,26.92095,929.75
9.3,0.4,0.0,-0.01,-0.05,-0.05,-0.01,-0.11,0.45,-0.28,0.39,9.516,9.624,8.937,8.986,10.3,9.61,11.48,11.38,-0.002,-0.003,-0.002,0.0,0.01,-80.3064038,26.92095,929.8
9.3,0.4,0.0,-0.01,-0.05,-0.05,-0.2,-0.17,0.33,-0.29,0.41,9.506,9.653,8.927,9.006,10.4,9.71,11.48,11.09,-0.002,-0.003,-0.002,0.0,0.01,-80.3064038,26.92095,929.85
9.3,0.4,0.0,-0.01,-0.05,-0.04,-0.09,-0.22,-0.07,-0.28,0.39,9.457,9.653,8.966,9.015,10.5,9.61,11.28,10.99,-0.002,-0.003,-0.002,0.0,0.01,-80.3064038,26.92095,929.9
9.3,0.4,0.0,-0.01,-0.06,-0.03,0.05,0.19,0.02,-0.28,0.39,9.496,9.633,8.937,9.015,10.3,9.71,11.77,11.28,-0.002,-0.003,-0.002,0.0,0.01,-80.3064038,26.92095,929.95
9.3,0.4,0.0,-0.01,-0.06,-0.04,-0.03,-0.35,-0.34,-0.29,0.4,9.486,9.653,8.937,9.006,10.4,9.81,11.87,11.28,-0.002,-0.003,-0.002,0.0,0.01,-80.3064038,26.92095,930.0
9.2,0.4,0.0,-0.01,-0.06,-0.03,-0.09,-0.33,0.02,-0.3,0.41,9.535,9.663,8.937,8.986,10.3,9.91,11.58,11.38,-0.002,-0.003,-0.002,0.0,0.01,-80.3064038,26.92095,930.05
9.3,0.4,0.0,-0.01,-0.08,-0.05,0.25,-0.22,-0.35,-0.31,0.41,9.467,9.653,8.976,9.015,10.5,9.91,11.58,11.09,-0.002,-0.003,-0.002,0.0,0.01,-80.3064039,26.92095,930.1
9.3,0.4,0.0,-0.01,-0.05,-0.04,-0.18,-0.01,0.25,-0.32,0.42,9.496,9.614,8.947,9.055,10.3,9.81,11.87,11.09,-0.002,-0.003,-0.002,0.0,0.01,-80.3064039,26.92095,930.15
9.3,0.4,0.0,-0.01,-0.07,-0.06,0.24,-0.02,-0.03,-0.32,0.43,9.486,9.682,8.937,8.996,10.3,10.01,11.58,11.28,-0.002,-0.003,-0.002,0.0,0.01,-80.3064039,26.92095,930.2
9.3,0.4,0.0,0.0,-0.06,-0.04,-0.02,-0.06,0.41,-0.33,0.43,9.506,9.643,8.947,9.015,10.2,9.81,11.58,11.28,-0.002,-0.003,-0.002,0.0,-0.0,-80.3064039,26.92095,930.25
9.2,0.4,0.0,-0.0,-0.07,-0.05,0.05,-0.16,-0.31,-0.28,0.39,9.516,9.663,8.917,8.976,10.4,9.71,11.67,11.18,-0.002,-0.003,-0.002,0.0,0.0,-80.3064039,26.92095,930.3
9.3,0.4,0.0,0.0,-0.05,-0.05,-0.33,0.12,0.02,-0.29,0.38,9.506,9.663,8.966,9.025,10.4,9.61,11.38,11.09,-0.002,-0.003,-0.002,0.0,-0.0,-80.3064039,26.92095,930.35
9.4,0.4,0.0,0.0,-0.08,-0.04,0.1,-0.26,-0.24,-0.3,0.36,9.516,9.673,8.947,9.006,10.3,9.61,11.58,10.79,-0.002,-0.003,-0.002,0.0,-0.0,-80.3064039,26.92095,930.4
9.3,0.4,0.0,0.0,-0.06,-0.05,-0.12,0.02,0.12,-0.28,0.39,9.496,9.653,8.947,9.035,10.4,9.42,11.67,11.09,-0.002,-0.003,-0.002,0.0,-0.0,-80.3064039,26.92095,930.45
9.3,0.4,0.0,0.0,-0.06,-0.05,0.22,-0.27,-0.02,-0.28,0.39,9.496,9.653,8.937,9.025,10.3,9.71,11.38,11.28,-0.002,-0.003,-0.002,0.0,-0.0,-80.3064039,26.92095,930.5
9.3,0.4,0.0,0.0,-0.07,-0.05,0.15,-0.13,0.01,-0.28,0.39,9.506,9.653,8.927,9.025,10.3,9.52,11.77,11.28,-0.002,-0.003,-0.002,0.0,-0.0,-80.3064039,26.92095,930.55
9.3,0.4,0.0,0.0,-0.06,-0.04,0.05,0.11,0.11,-0.28,0.39,9.506,9.633,8.917,8.966,10.69,9.81,11.48,11.38,-0.002,-0.003,-0.002,0.0,-0.0,-80.3064039,26.92095,930.6
9.3,0.4,0.0,0.0,-0.08,-0.04,0.14,-0.09,-0.08,-0.28,0.39,9.496,9.682,8.947,9.015,10.4,9.81,11.48,11.18,-0.002,-0.003,-0.002,0.0,-0.0,-80.3064039,26.92095,930.65
9.3,0.4,0.0,0.0,-0.05,-0.06,-0.02,-0.06,-0.18,-0.27,0.39,9.486,9.663,8.947,9.015,10.59,9.81,11.67,11.28,-0.002,-0.003,-0.002,0.0,-0.0,-80.3064039,26.92095,930.7
9.3,0.4,0.0,0.01,-0.08,-0.03,-0.16,-0.03,-0.22,-0.27,0.39,9.476,9.653,8.947,9.055,10.3,9.61,11.48,11.09,-0.002,-0.003,-0.002,0.0,-0.01,-80.3064039,26.92095,930.75
9.3,0.4,0.0,0.01,-0.05,-0.05,-0.17,0.04,0.22,-0.29,0.39,9.535,9.663,8.927,8.986,10.4,9.52,11.77,11.58,-0.002,-0.003,-0.002,0.0,-0.0,-80.3064039,26.92095,930.8
9.3,0.4,0.0,0.0,-0.07,-0.04,0.2,0.02,-0.41,-0.27,0.39,9.516,9.653,8.927,9.025,10.3,9.71,11.58,11.18,-0.002,-0.003,-0.002,0.0,-0.0,-80.3064039,26.92095,930.85
9.3,0.4,0.0,0.01,-0.06,-0.05,-0.2,0.24,0.32,-0.27,0.39,9.506,9.653,8.966,8.996,10.59,9.81,11.58,10.99,-0.002,-0.003,-0.002,0.0,-0.01,-80.3064039,26.92095,930.9
9.3,0.4,0.0,0.01,-0.07,-0.05,-0.27,0.02,-0.46,-0.27,0.39,9.476,9.682,8.937,9.015,10.2,9.52,11.48,11.09,-0.002,-0.003,-0.002,0.0,-0.01,-80.3064039,26.92095,930.95
9.3,0.4,0.0,0.01,-0.06,-0.04,0.0,-0.1,0.0,-0.28,0.39,9.526,9.643,8.986,9.045,10.4,9.91,11.58,11.28,-0.002,-0.003,-0.002,0.0,-0.01,-80.306404,26.92095,931.0
9.3,0.4,0.0,0.01,-0.06,-0.06,0.09,0.12,0.19,-0.27,0.4,9.486,9.692,8.907,9.015,10.4,9.42,11.67,11.38,-0.002,-0.003,-0.002,0.0,-0.01,-80.306404,26.92095,931.05
9.3,0.4,0.0,0.01,-0.07,-0.04,-0.12,0.01,-0.29,-0.27,0.39,9.526,9.643,8.947,9.006,10.4,9.81,11.87,11.28,-0.002,-0.003,-0.002,0.0,-0.01,-80.306404,26.92095,931.1
9.3,0.4,0.0,0.01,-0.07,-0.06,0.19,0.18,-0.04,-0.27,0.38,9.467,9.663,8.927,9.006,10.2,9.71,11.77,11.28,-0.002,-0.003,-0.002,0.0,-0.01,-80.306404,26.92095,931.15
9.2,0.4,0.0,0.01,-0.06,-0.04,-0.38,0.18,-0.26,-0.27,0.39,9.516,9.643,8.907,8.996,10.2,9.71,11.58,11.09,-0.002,-0.003,-0.002,0.0,-0.01,-80.306404,26.92095,931.2
9.3,0.4,0.0,0.01,-0.07,-0.06,0.1,-0.13,0.08,-0.27,0.39,9.506,9.673,8.947,9.015,10.3,9.91,11.58,11.28,-0.002,-0.003,-0.002,0.0,-0.01,-80.306404,26.92095,931.25
9.2,0.4,0.0,-0.0,-0.07,-0.05,0.43,0.21,0.25,-0.27,0.38,9.496,9.633,8.917,9.006,10.5,9.91,11.38,11.38,-0.002,-0.003,-0.002,0.0,0.0,-80.306404,26.92095,931.3
9.2,0.4,0.0,0.0,-0.05,-0.06,-0.09,-0.13,0.24,-0.27,0.4,9.496,9.643,8.957,8.966,10.4,9.52,11.87,11.09,-0.002,-0.003,-0.002,0.0,-0.0,-80.306404,26.92095,931.35
9.3,0.4,0.0,0.0,-0.07,-0.05,0.15,0.36,-0.34,-0.27,0.39,9.476,9.653,8.937,9.025,10.4,9.52,11.67,11.38,-0.002,-0.003,-0.002,0.0,0.0,-80.306404,26.92095,931.4
9.3,0.4,0.0,0.0,-0.06,-0.06,0.03,-0.03,0.11,-0.27,0.4,9.526,9.653,8.937,8.976,10.4,9.71,11.77,11.28,-0.002,-0.003,-0.002,0.0,-0.0,-80.306404,26.92095,931.45
9.3,0.4,0.0,0.0,-0.07,-0.05,-0.04,-0.01,0.21,-0.27,0.4,9.476,9.682,8.937,9.025,10.2,9.61,11.77,11.09,-0.002,-0.003,-0.002,0.0,-0.0,-80.306404,26.92095,931.5
9.3,0.4,0.0,0.0,-0.05,-0.04,0.03,0.03,0.09,-0.27,0.41,9.516,9.663,8.937,8.996,10.4,9.81,11.58,11.18,-0.002,-0.003,-0.002,0.0,0.0,-80.306404,26.92095,931.55
9.3,0.4,0.0,0.0,-0.06,-0.05,-0.13,0.01,0.13,-0.27,0.41,9.486,9.653,8.937,9.025,10.59,9.42,11.48,11.38,-0.002,-0.003,-0.002,0.0,-0.0,-80.306404,26.92095,931.6
9.3,0.4,0.0,0.0,-0.07,-0.04,0.14,0.01,-0.31,-0.26,0.41,9.516,9.653,8.927,8.996,10.3,9.61,11.77,11.28,-0.002,-0.003,-0.002,0.0,-0.0,-80.306404,26.92095,931.65
9.3,0.4,0.0,0.0,-0.05,-0.04,0.17,-0.09,0.33,-0.26,0.4,9.506,9.682,8.927,9.035,10.4,9.91,11.58,11.18,-0.002,-0.003,-0.002,0.0,0.0,-80.306404,26.92095,931.7
9.3,0.4,0.0,0.0,-0.06,-0.03,-0.2,0.05,-0.36,-0.26,0.4,9.526,9.643,8.927,8.986,10.4,9.91,11.77,11.28,-0.002,-0.003,-0.002,0.0,-0.0,-80.306404,26.92095,931.75
9.3,0.4,0.0,0.01,-0.06,-0.07,-0.09,0.3,0.34,-0.26,0.4,9.496,9.653,8.907,9.025,10.5,9.52,11.38,11.38,-0.002,-0.003,-0.002,0.0,-0.0,-80.306404,26.92095,931.8
9.3,0.4,0.0,0.0,-0.05,-0.04,0.05,-0.48,0.28,-0.26,0.41,9.506,9.673,8.957,9.006,10.1,10.01,11.58,11.09,-0.002,-0.003,-0.002,0.0,-0.0,-80.306404,26.92095,931.85
9.3,0.4,0.0,0.01,-0.05,-0.05,0.1,-0.04,0.2,-0.23,0.4,9.496,9.653,8.937,9.035,10.2,9.71,11.58,11.18,-0.002,-0.003,-0.002,0.0,-0.0,-80.306404,26.92095,931.9
9.3,0.4,0.0,0.01,-0.05,-0.03,-0.08,0.15,-0.12,-0.2,0.39,9.476,9.633,8.937,9.015,10.59,9.71,11.38,11.38,-0.002,-0.003,-0.002,0.0,-0.0,-80.306404,26.92095,931.95
9.3,0.4,0.0,0.01,-0.02,-0.04,-0.09,-0.21,0.19,-0.23,0.4,9.496,9.643,8.947,9.045,10.4,9.71,11.48,11.09,-0.002,-0.003,-0.002,0.0,0.0,-80.306404,26.92095,932.0
9.3,0.4,0.0,0.01,-0.05,-0.04,-0.05,-0.07,0.08,-0.22,0.41,9.486,9.692,8.937,9.025,10.59,9.91,11.67,11.28,-0.002,-0.003,-0.002,0.0,0.0,-80.306404,26.92095,932.05
9.3,0.4,0.0,0.02,-0.03,-0.05,-0.0,0.07,-0.17,-0.24,0.4,9.516,9.633,8.927,8.996,10.5,9.61,11.77,11.58,-0.002,-0.003,-0.002,0.0,0.01,-80.3064041,26.92095,932.1
9.3,0.4,0.0,0.02,-0.04,-0.04,-0.19,0.22,-0.02,-0.22,0.39,9.476,9.624,8.957,9.055,10.2,9.52,11.38,11.28,-0.002,-0.003,-0.002,0.0,0.01,-80.3064041,26.9209499,932.15
9.3,0.4,0.0,0.02,-0.04,-0.05,-0.03,0.05,-0.27,-0.21,0.37,9.516,9.653,8.966,9.025,10.5,9.61,11.58,11.18,-0.002,-0.003,-0.002,0.0,0.01,-80.3064041,26.9209499,932.2
9.2,0.4,0.0,0.02,-0.03,-0.04,0.03,0.0,0.5,-0.23,0.4,9.496,9.663,8.976,9.025,10.59,9.61,11.38,11.28,-0.002,-0.003,-0.002,0.0,0.01,-80.3064041,26.9209499,932.25
9.3,0.4,0.0,0.02,-0.04,-0.04,-0.09,0.01,-0.04,-0.22,0.4,9.506,9.663,8.917,8.996,10.59,9.61,11.67,11.38,-0.002,-0.003,-0.002,0.0,0.01,-80.3064041,26.9209499,932.3
9.3,0.4,0.0,0.03,-0.06,-0.02,0.27,-0.02,0.03,-0.23,0.4,9.476,9.624,8.927,9.015,10.1,9.52,11.58,11.28,-0.002,-0.003,-0.002,0.0,0.01,-80.3064041,26.9209499,932.35
9.2,0.4,0.0,0.03,-0.04,-0.03,-0.36,0.16,0.05,-0.24,0.41,9.486,9.633,8.947,8.986,10.4,9.61,11.38,11.18,-0.002,-0.003,-0.002,0.0,0.01,-80.3064041,26.9209499,932.4
9.3,0.4,0.0,0.03,-0.07,-0.04,0.04,-0.17,-0.06,-0.23,0.4,9.535,9.692,8.957,9.035,10.4,9.81,11.77,11.09,-0.002,-0.003,-0.002,0.0,0.01,-80.3064041,26.9209499,932.45
9.3,0.4,0.0,0.03,-0.09,-0.04,0.01,-0.01,-0.29,-0.24,0.4,9.535,9.673,8.966,9.006,10.59,9.91,11.38,11.58,-0.002,-0.003,-0.002,0.0,0.01,-80.3064041,26.9209499,932.5
9.3,0.4,0.0,0.03,-0.09,-0.06,0.03,0.05,0.09,-0.25,0.4,9.486,9.653,8.927,9.025,10.3,9.71,11.38,11.28,-0.002,-0.003,-0.002,0.0,0.01,-80.3064041,26.9209499,932.55
9.3,0.4,0.0,0.04,-0.1,-0.02,-0.34,-0.03,-0.15,-0.24,0.4,9.526,9.673,8.947,9.035,10.59,9.91,11.58,11.38,-0.002,-0.003,-0.002,0.0,0.01,-80.3064041,26.9209499,932.6
9.3,0.4,0.0,0.04,-0.09,-0.04,-0.04,-0.04,0.04,-0.25,0.4,9.486,9.633,8.947,8.986,10.2,9.91,11.58,11.09,-0.002,-0.003,-0.002,0.0,0.01,-80.3064041,26.9209499,932.65
9.3,0.4,0.0,0.04,-0.1,-0.06,0.12,0.11,0.26,-0.24,0.4,9.476,9.673,8.927,9.035,10.4,9.81,11.67,11.38,-0.002,-0.003,-0.002,0.0,0.01,-80.3064041,26.9209499,932.7
9.3,0.4,0.0,0.04,-0.11,-0.03,-0.2,0.42,0.18,-0.24,0.41,9.516,9.663,8.957,9.045,10.2,9.81,11.38,11.28,-0.002,-0.003,-0.002,0.0,0.01,-80.3064041,26.9209498,932.75
9.3,0.4,0.0,0.0,-0.08,-0.04,-0.32,0.25,0.36,-0.25,0.43,9.526,9.663,8.888,9.006,10.3,9.81,11.58,11.38,-0.002,-0.003,-0.002,0.0,0.01,-80.3064041,26.9209498,932.8
9.3,0.4,0.0,-0.0,-0.08,-0.04,0.04,0.3,0.37,-0.24,0.4,9.496,9.643,8.947,9.025,10.3,9.52,11.48,11.38,-0.002,-0.003,-0.002,0.0,-0.0,-80.3064041,26.9209498,932.85
9.3,0.4,0.0,-0.0,-0.04,-0.04,-0.09,0.07,0.53,-0.24,0.4,9.516,9.663,8.966,9.006,10.01,9.61,11.67,11.38,-0.002,-0.003,-0.002,0.0,-0.0,-80.3064041,26.9209498,932.9
9.3,0.4,0.0,-0.0,-0.04,-0.06,-0.12,0.02,-0.08,-0.24,0.38,9.496,9.643,8.976,9.015,10.5,9.91,11.67,11.58,-0.002,-0.003,-0.002,0.0,-0.0,-80.3064041,26.9209498,932.95
9.3,0.4,0.0,0.01,-0.05,-0.03,-0.08,0.06,0.04,-0.22,0.37,9.486,9.643,8.976,8.996,10.5,9.81,11.87,11.28,-0.002,-0.003,-0.002,0.0,0.01,-80.3064041,26.9209498,933.0
9.3,0.4,0.0,0.01,-0.06,-0.03,-0.45,-0.08,-0.17,-0.24,0.39,9.486,9.663,8.927,9.006,10.1,9.91,11.28,10.99,-0.002,-0.003,-0.002,0.0,0.01,-80.3064041,26.9209498,933.05
9.3,0.4,0.0,0.01,-0.06,-0.02,-0.16,-0.15,0.37,-0.24,0.4,9.496,9.663,8.898,9.025,10.2,9.71,11.58,11.18,-0.002,-0.003,-0.002,0.0,0.01,-80.3064041,26.9209498,933.1
9.3,0.4,0.0,0.01,-0.05,-0.04,-0.1,0.1,0.07,-0.24,0.39,9.506,9.643,8.957,9.006,10.4,9.71,11.97,11.38,-0.002,-0.003,-0.002,0.0,0.01,-80.3064041,26.9209498,933.15
9.3,0.4,0.0,0.01,-0.08,-0.06,-0.0,0.14,-0.1,-0.25,0.4,9.496,9.663,8.947,9.015,10.4,9.81,11.38,11.28,-0.002,-0.003,-0.002,0.0,0.01,-80.3064041,26.9209498,933.2
9.3,0.4,0.0,-0.0,-0.05,-0.07,0.2,0.16,0.32,-0.24,0.4,9.486,9.653,8.927,9.006,10.4,9.81,11.38,11.38,-0.002,-0.003,-0.002,0.0,0.0,-80.3064041,26.9209498,933.25
9.3,0.4,0.0,0.0,-0.07,-0.03,0.23,0.07,0.35,-0.24,0.4,9.535,9.643,8.957,9.035,10.3,10.1,11.38,11.28,-0.002,-0.003,-0.002,0.0,0.01,-80.3064041,26.9209498,933.3
9.4,0.4,0.0,0.0,-0.1,-0.04,0.33,-0.19,-0.3,-0.24,0.39,9.486,9.653,8.947,9.015,10.3,9.91,11.67,11.18,-0.002,-0.003,-0.002,0.0,0.01,-80.3064041,26.9209498,933.35
9.3,0.4,0.0,0.01,-0.05,-0.04,-0.11,0.16,0.15,-0.24,0.4,9.476,9.653,8.907,8.986,10.3,9.61,11.58,11.48,-0.002,-0.003,-0.002,0.0,0.01,-80.306404,26.9209498,933.4
9.2,0.4,0.0,0.0,-0.07,-0.01,-0.01,-0.05,0.1,-0.24,0.39,9.526,9.633,8.888,8.986,10.4,9.81,11.77,11.38,-0.002,-0.003,-0.002,0.0,0.01,-80.306404,26.9209498,933.45
9.3,0.4,0.0,0.0,-0.04,-0.07,0.07,0.12,-0.0,-0.25,0.38,9.545,9.663,8.957,9.015,10.3,9.71,11.67,11.38,-0.002,-0.003,-0.002,0.0,0.01,-80.306404,26.9209498,933.5
9.3,0.4,0.0,0.01,-0.12,0.06,-0.34,-0.21,0.15,-0.24,0.39,9.506,9.673,8.947,8.986,10.4,9.71,11.87,11.28,-0.002,-0.003,-0.002,0.0,0.01,-80.306404,26.9209498,933.55
9.3,0.4,0.0,0.01,-0.2,0.13,0.03,0.06,-0.0,-0.24,0.39,9.476,9.653,8.947,9.006,10.4,10.01,11.58,11.28,-0.002,-0.003,-0.002,0.0,0.01,-80.306404,26.9209498,933.6
9.3,0.4,0.0,0.01,-0.02,-0.07,-0.25,-0.18,0.07,-0.25,0.39,9.526,9.624,8.957,9.055,10.3,9.91,11.77,11.38,-0.002,-0.003,-0.002,0.0,0.01,-80.306404,26.9209498,933.65
9.3,0.4,0.0,0.0,-0.08,-0.03,0.03,-0.09,0.12,-0.24,0.39,9.476,9.682,8.947,9.025,10.2,9.91,11.58,11.58,-0.002,-0.003,-0.002,0.0,0.01,-80.306404,26.9209498,933.7
9.3,0.4,0.0,0.01,-0.04,-0.05,-0.02,-0.01,0.02,-0.22,0.38,9.526,9.624,8.947,9.006,10.59,9.81,11.58,11.09,-0.002,-0.003,-0.002,0.0,0.01,-80.306404,26.9209498,933.75
9.3,0.4,0.0,0.01,-0.07,-0.02,-0.08,-0.04,0.38,-0.2,0.37,9.506,9.673,8.957,8.996,10.3,9.91,11.48,10.99,-0.002,-0.003,-0.002,0.0,0.01,-80.306404,26.9209498,933.8
9.2,0.4,0.0,0.0,-0.05,-0.06,0.04,0.08,0.12,-0.18,0.37,9.486,9.682,8.947,9.006,10.4,9.71,11.67,11.28,-0.002,-0.003,-0.002,0.0,0.01,-80.306404,26.9209498,933.85
9.3,0.4,0.0,0.01,-0.07,-0.04,0.16,0.03,-0.12,-0.24,0.39,9.486,9.643,8.937,9.006,10.69,9.81,11.77,11.67,-0.002,-0.003,-0.002,0.0,0.01,-80.306404,26.9209498,933.9
9.3,0.4,0.0,0.01,-0.06,-0.03,-0.05,-0.05,-0.01,-0.24,0.39,9.496,9.633,8.917,9.035,10.5,9.81,11.58,11.09,-0.002,-0.003,-0.002,0.0,0.01,-80.306404,26.9209498,933.95
9.3,0.4,0.0,0.01,-0.05,-0.06,0.05,0.2,0.3,-0.24,0.39,9.486,9.682,8.986,9.025,10.3,9.81,11.48,11.09,-0.002,-0.003,-0.002,0.0,0.01,-80.306404,26.9209498,934.0
9.3,0.4,0.0,0.01,-0.06,-0.05,0.04,-0.29,0.15,-0.24,0.39,9.486,9.653,8.947,9.025,10.2,9.91,11.58,11.09,-0.002,-0.003,-0.002,0.0,0.01,-80.306404,26.9209498,934.05
9.3,0.4,0.0,0.0,-0.08,-0.05,0.32,-0.06,0.11,-0.24,0.39,9.486,9.653,8.907,9.025,10.4,9.71,11.58,11.28,-0.002,-0.003,-0.002,0.0,0.01,-80.306404,26.9209498,934.1
9.3,0.4,0.0,0.01,-0.06,-0.02,-0.22,-0.04,0.23,-0.24,0.39,9.496,9.614,8.927,9.006,10.3,9.91,11.48,11.28,-0.002,-0.003,-0.002,0.0,0.0,-80.306404,26.9209498,934.15
9.3,0.4,0.0,0.0,-0.06,-0.04,-0.03,-0.14,0.09,-0.24,0.39,9.467,9.673,8.957,9.015,10.4,10.01,11.77,11.28,-0.002,-0.003,-0.002,0.0,0.0,-80.306404,26.9209498,934.2
9.3,0.4,0.0,0.01,-0.06,-0.04,-0.33,0.43,-0.17,-0.24,0.39,9.506,9.624,8.957,9.015,10.2,9.61,11.87,10.99,-0.002,-0.003,-0.002,0.0,0.0,-80.306404,26.9209498,934.25
9.3,0.4,0.0,0.0,-0.07,-0.05,0.05,-0.2,0.04,-0.24,0.4,9.526,9.624,8.966,9.025,10.5,9.81,11.48,11.18,-0.002,-0.003,-0.002,0.0,-0.0,-80.306404,26.9209498,934.3
9.3,0.4,0.0,0.0,-0.05,-0.05,-0.06,-0.15,0.0,-0.24,0.39,9.467,9.692,8.966,9.015,10.4,9.81,11.67,10.89,-0.002,-0.003,-0.002,0.0,-0.0,-80.306404,26.9209498,934.35
9.3,0.4,0.0,-0.0,-0.06,-0.02,-0.02,0.06,0.21,-0.23,0.39,9.506,9.643,8.957,9.035,10.2,9.52,11.38,10.99,-0.002,-0.003,-0.002,0.0,-0.0,-80.306404,26.9209498,934.4
9.3,0.4,0.0,-0.0,-0.07,-0.04,-0.07,0.25,-0.16,-0.23,0.4,9.545,9.653,8.927,9.006,10.69,9.81,11.77,11.18,-0.002,-0.003,-0.002,0.0,-0.0,-80.306404,26.9209498,934.45
9.2,0.4,0.0,-0.0,-0.07,-0.04,0.11,-0.3,-0.1,-0.23,0.41,9.486,9.663,8.937,9.015,10.3,9.61,11.67,11.38,-0.002,-0.003,-0.002,0.0,-0.0,-80.306404,26.9209498,934.5
9.2,0.4,0.0,-0.0,-0.07,-0.05,0.37,0.03,-0.37,-0.22,0.42,9.486,9.682,8.917,8.996,10.3,9.81,11.87,10.99,-0.002,-0.003,-0.002,0.0,-0.0,-80.306404,26.9209498,934.55
9.3,0.4,0.0,0.0,-0.07,-0.03,-0.09,-0.18,-0.03,-0.22,0.43,9.467,9.643,8.927,8.976,10.4,9.91,11.48,11.38,-0.002,-0.003,-0.002,0.0,-0.01,-80.306404,26.9209498,934.6
9.3,0.4,0.0,-0.0,-0.06,-0.05,-0.12,0.09,-0.22,-0.22,0.44,9.486,9.633,8.957,9.006,10.4,10.01,11.67,11.18,-0.002,-0.003,-0.002,0.0,-0.01,-80.306404,26.9209498,934.65
9.3,0.4,0.0,0.0,-0.07,-0.03,0.13,0.02,-0.13,-0.21,0.45,9.526,9.653,8.986,9.055,10.5,9.71,11.48,11.28,-0.002,-0.003,-0.002,0.0,-0.01,-80.306404,26.9209498,934.7
9.3,0.4,0.0,-0.0,-0.06,-0.06,-0.16,0.18,0.03,-0.21,0.46,9.496,9.663,8.957,9.025,10.59,9.61,11.58,11.28,-0.002,-0.003,-0.002,0.0,-0.01,-80.306404,26.9209498,934.75
9.3,0.4,0.0,-0.0,-0.06,-0.05,0.24,-0.02,0.0,-0.21,0.47,9.516,9.653,8.927,8.986,10.5,9.71,11.58,11.28,-0.002,-0.003,-0.002,0.0,-0.01,-80.306404,26.9209498,934.8
9.3,0.4,0.0,-0.0,-0.05,-0.04,-0.29,-0.06,0.13,-0.21,0.49,9.496,9.653,8.957,9.055,10.4,9.91,11.28,11.28,-0.002,-0.003,-0.002,0.0,-0.01,-80.306404,26.9209499,934.85
9.3,0.4,0.0,-0.0,-0.08,-0.03,0.11,-0.03,0.1,-0.24,0.4,9.506,9.653,8.947,9.025,10.2,9.81,11.58,11.09,-0.002,-0.003,-0.002,0.0,-0.01,-80.306404,26.9209499,934.9
9.3,0.4,0.0,-0.0,-0.06,-0.05,0.04,0.23,-0.2,-0.22,0.39,9.486,9.624,8.947,9.025,10.3,9.71,11.38,11.09,-0.002,-0.003,-0.002,0.0,-0.01,-80.306404,26.9209499,934.95
9.3,0.4,0.0,-0.0,-0.06,-0.04,-0.15,0.25,-0.22,-0.22,0.39,9.486,9.663,8.947,8.986,10.2,9.71,11.67,11.28,-0.002,-0.003,-0.002,0.0,-0.01,-80.306404,26.9209499,935.0
9.3,0.4,0.0,-0.0,-0.06,-0.04,-0.05,0.22,-0.14,-0.22,0.39,9.516,9.673,8.966,9.006,10.4,10.01,11.67,11.09,-0.002,-0.003,-0.002,0.0,-0.01,-80.306404,26.9209499,935.05
9.3,0.4,0.0,-0.0,-0.07,-0.05,0.0,-0.12,0.24,-0.24,0.39,9.506,9.653,8.937,9.025,10.5,10.01,11.58,11.09,-0.002,-0.003,-0.002,0.0,-0.01,-80.306404,26.9209499,935.1
9.3,0.4,0.0,-0.0,-0.06,-0.06,0.18,0.14,0.04,-0.22,0.39,9.476,9.673,8.927,8.996,10.2,9.71,11.38,11.38,-0.002,-0.003,-0.002,0.0,-0.01,-80.306404,26.9209499,935.15
9.3,0.4,0.0,-0.0,-0.07,-0.01,0.14,-0.2,-0.2,-0.22,0.39,9.496,9.663,8.966,9.015,10.3,9.81,11.58,11.18,-0.002,-0.003,-0.002,0.0,-0.02,-80.306404,26.9209499,935.2
9.3,0.4,0.0,-0.0,-0.05,-0.05,-0.11,0.1,-0.23,-0.21,0.4,9.486,9.673,8.927,9.006,10.5,9.71,11.38,11.28,-0.002,-0.003,-0.002,0.0,-0.02,-80.306404,26.9209499,935.25
9.3,0.4,0.0,-0.0,-0.05,-0.04,0.01,0.08,0.13,-0.19,0.41,9.496,9.624,8.927,9.025,10.3,9.81,11.58,10.79,-0.002,-0.003,-0.002,0.0,-0.02,-80.306404,26.9209499,935.3
9.3,0.4,0.0,0.0,-0.06,-0.03,-0.35,-0.13,-0.42,-0.22,0.38,9.516,9.633,8.966,9.006,10.1,9.71,11.67,10.99,-0.002,-0.003,-0.002,0.0,-0.02,-80.306404,26.9209499,935.35
9.3,0.4,0.0,-0.0,-0.06,-0.05,-0.09,-0.07,0.16,-0.23,0.4,9.516,9.643,8.937,9.025,10.2,9.61,11.58,11.09,-0.002,-0.003,-0.002,0.0,-0.02,-80.306404,26.9209499,935.4
9.3,0.4,0.0,-0.0,-0.06,-0.05,0.0,-0.02,-0.36,-0.22,0.39,9.486,9.633,8.947,9.006,10.3,9.52,11.77,11.28,-0.002,-0.003,-0.002,0.0,-0.02,-80.306404,26.9209499,935.45
9.3,0.4,0.0,-0.0,-0.07,-0.03,0.06,-0.12,0.16,-0.22,0.39,9.526,9.682,8.976,9.074,10.4,9.71,11.58,11.18,-0.002,-0.003,-0.002,0.0,-0.02,-80.306404,26.9209499,935.5
9.3,0.4,0.0,-0.0,-0.06,-0.03,-0.17,0.15,-0.05,-0.22,0.38,9.526,9.663,8.957,8.996,10.59,9.81,11.77,11.18,-0.002,-0.003,-0.002,0.0,-0.02,-80.306404,26.9209499,935.55
9.2,0.4,0.0,-0.01,-0.05,-0.05,-0.11,-0.15,-0.01,-0.22,0.37,9.496,9.633,8.898,9.025,10.5,9.81,11.77,11.38,-0.002,-0.003,-0.002,0.0,-0.01,-80.306404,26.9209499,935.6
9.3,0.4,0.0,-0.0,-0.07,-0.05,0.17,-0.24,0.12,-0.22,0.36,9.535,9.682,8.976,9.055,10.4,9.71,11.28,11.28,-0.002,-0.003,-0.002,0.0,-0.01,-80.306404,26.9209499,935.65
9.2,0.4,0.0,-0.0,-0.06,-0.04,-0.18,-0.04,-0.21,-0.22,0.39,9.516,9.692,8.898,8.976,10.4,9.81,11.58,11.28,-0.002,-0.003,-0.002,0.0,-0.01,-80.3064041,26.92095,935.7
9.3,0.4,0.0,-0.0,-0.06,-0.05,0.15,-0.13,-0.01,-0.23,0.39,9.457,9.653,8.917,8.996,10.59,9.81,11.58,11.28,-0.002,-0.003,-0.002,0.0,-0.01,-80.3064041,26.92095,935.75
9.3,0.4,0.0,-0.0,-0.05,-0.0,-0.13,-0.69,0.28,-0.24,0.39,9.496,9.614,8.957,9.015,10.3,9.91,11.58,11.28,-0.002,-0.003,-0.002,0.0,-0.01,-80.3064041,26.92095,935.8
9.3,0.4,0.0,-0.0,-0.04,-0.04,0.03,0.07,-0.16,-0.23,0.39,9.486,9.604,8.927,8.976,10.3,9.71,11.67,11.48,-0.002,-0.003,-0.002,0.0,-0.01,-80.3064041,26.92095,935.85
9.3,0.4,0.0,0.0,-0.06,-0.07,-0.24,0.33,-0.18,-0.23,0.39,9.506,9.653,8.947,9.006,10.5,9.81,11.67,11.58,-0.002,-0.003,-0.002,0.0,-0.01,-80.3064041,26.92095,935.9
9.3,0.4,0.0,0.0,-0.06,-0.05,0.12,-0.14,-0.11,-0.24,0.39,9.555,9.692,8.976,9.055,10.69,9.61,11.58,11.38,-0.002,-0.003,-0.002,0.0,-0.01,-80.3064041,26.92095,935.95
9.3,0.4,0.0,0.0,-0.04,-0.05,-0.26,-0.14,-0.04,-0.23,0.38,9.506,9.663,8.907,8.976,10.4,9.91,11.28,10.99,-0.002,-0.003,-0.002,0.0,-0.01,-80.3064041,26.92095,936.0
9.3,0.4,0.0,0.0,-0.03,-0.02,-0.14,-0.5,-0.17,-0.24,0.39,9.418,9.673,8.976,9.113,10.01,9.61,11.48,11.28,-0.002,-0.003,-0.002,0.0,-0.01,-80.3064041,26.92095,936.05
9.3,0.4,0.0,0.0,-0.07,-0.03,-0.08,0.28,-0.04,-0.25,0.39,9.526,9.604,8.966,9.035,10.4,9.91,11.58,11.18,-0.002,-0.003,-0.002,0.0,-0.01,-80.3064041,26.92095,936.1
9.3,0.4,0.0,0.0,-0.05,-0.05,-0.11,-0.13,0.1,-0.24,0.39,9.545,9.673,8.976,9.025,10.3,9.71,11.67,11.18,-0.002,-0.003,-0.002,0.0,-0.01,-80.3064041,26.9209501,936.15
9.3,0.4,0.0,0.01,-0.06,-0.06,0.21,-0.22,-0.24,-0.24,0.39,9.506,9.692,8.976,9.055,10.4,10.01,11.77,10.99,-0.002,-0.003,-0.002,0.0,-0.01,-80.3064041,26.9209501,936.2
9.3,0.4,0.0,0.01,-0.05,-0.02,0.11,0.0,-0.17,-0.23,0.4,9.476,9.673,8.878,8.986,10.3,9.81,11.58,11.09,-0.002,-0.003,-0.002,0.0,-0.01,-80.3064041,26.9209501,936.25
9.2,0.4,0.0,0.01,-0.06,-0.04,0.09,0.26,0.01,-0.23,0.39,9.486,9.682,8.927,9.025,10.4,9.61,11.48,11.18,-0.002,-0.003,-0.002,0.0,-0.02,-80.3064041,26.9209501,936.3
9.3,0.4,0.0,0.01,-0.08,-0.0,0.21,0.05,-0.05,-0.22,0.39,9.555,9.653,8.966,9.006,10.01,9.71,11.77,11.38,-0.002,-0.003,-0.002,0.0,-0.02,-80.3064041,26.9209501,936.35
9.3,0.4,0.0,0.01,-0.05,-0.07,0.32,-0.14,-0.22,-0.23,0.39,9.496,9.663,8.917,9.015,10.5,9.91,12.07,11.18,-0.002,-0.003,-0.002,0.0,-0.01,-80.3064041,26.9209501,936.4
9.3,0.4,0.0,0.0,-0.06,-0.06,-0.2,-0.13,0.17,-0.24,0.38,9.476,9.633,8.986,8.996,10.5,9.81,11.58,11.28,-0.002,-0.003,-0.002,0.0,-0.01,-80.3064041,26.9209501,936.45
9.5,0.4,0.0,0.0,-0.08,-0.04,0.17,-0.15,-0.46,-0.24,0.39,9.476,9.663,9.045,9.113,10.4,9.81,11.09,11.09,-0.002,-0.003,-0.002,0.0,-0.02,-80.3064041,26.9209501,936.5
9.3,0.4,0.0,0.0,-0.07,-0.04,0.09,-0.02,-0.35,-0.23,0.39,9.486,9.673,8.966,9.006,10.3,9.91,11.38,11.28,-0.002,-0.003,-0.002,0.0,-0.02,-80.3064042,26.9209501,936.55
9.3,0.4,0.0,0.0,-0.06,-0.03,0.07,-0.07,0.25,-0.23,0.38,9.506,9.643,8.937,9.015,10.4,9.71,11.67,11.58,-0.002,-0.003,-0.002,0.0,-0.02,-80.3064042,26.9209501,936.6
9.3,0.4,0.0,0.0,-0.07,-0.04,0.22,-0.02,0.01,-0.23,0.37,9.476,9.653,8.888,9.006,10.4,9.81,11.48,11.09,-0.002,-0.003,-0.002,0.0,-0.02,-80.3064042,26.9209501,936.65
9.3,0.4,0.0,0.0,-0.06,-0.06,0.33,-0.4,-0.17,-0.23,0.39,9.486,9.663,8.966,9.025,10.5,9.81,11.77,11.28,-0.002,-0.003,-0.002,0.0,-0.02,-80.3064042,26.9209502,936.7
9.3,0.4,0.0,0.0,-0.07,-0.06,-0.02,0.16,-0.31,-0.23,0.39,9.535,9.653,8.976,8.957,10.69,9.71,11.77,11.28,-0.002,-0.003,-0.002,0.0,-0.01,-80.3064042,26.9209502,936.75
9.2,0.5,0.0,-0.0,-0.08,-0.04,0.06,-0.21,0.4,-0.23,0.39,9.496,9.663,8.858,8.986,10.5,9.81,11.67,11.09,-0.002,-0.003,-0.002,0.0,-0.02,-80.3064042,26.9209502,936.8
9.3,0.4,0.0,0.0,-0.05,-0.02,-0.11,-0.28,0.04,-0.23,0.39,9.467,9.663,8.966,9.006,10.2,9.81,11.38,11.28,-0.002,-0.003,-0.002,0.0,-0.01,-80.3064042,26.9209502,936.85
9.3,0.4,0.0,0.0,-0.06,-0.04,0.11,-0.27,-0.06,-0.23,0.39,9.496,9.663,8.937,8.986,10.4,10.01,11.87,11.18,-0.002,-0.003,-0.002,0.0,-0.01,-80.3064042,26.9209502,936.9
9.3,0.4,0.0,0.0,-0.07,-0.07,0.11,0.18,0.15,-0.24,0.39,9.496,9.653,8.947,9.025,10.5,10.01,11.87,11.28,-0.002,-0.003,-0.002,0.0,-0.01,-80.3064042,26.9209502,936.95
9.3,0.4,0.0,0.0,-0.07,-0.04,0.12,0.35,-0.11,-0.23,0.39,9.506,9.633,8.937,8.996,10.3,9.61,11.77,11.18,-0.002,-0.003,-0.002,0.0,-0.01,-80.3064042,26.9209502,937.0
9.3,0.4,0.0,0.0,-0.04,-0.05,-0.07,0.08,-0.01,-0.23,0.39,9.496,9.663,8.957,9.015,10.3,9.81,11.77,11.09,-0.002,-0.003,-0.002,0.0,-0.01,-80.3064042,26.9209502,937.05
9.3,0.4,0.0,0.0,-0.06,-0.03,-0.15,0.09,-0.22,-0.23,0.39,9.516,9.643,8.947,9.025,10.59,9.81,11.58,11.28,-0.002,-0.003,-0.002,0.0,-0.01,-80.3064043,26.9209502,937.1
9.3,0.4,0.0,0.0,-0.06,-0.03,-0.16,0.02,0.1,-0.23,0.39,9.496,9.663,8.937,8.986,10.4,9.91,11.38,11.38,-0.002,-0.003,-0.002,0.0,-0.01,-80.3064043,26.9209502,937.15
9.3,0.4,0.0,0.0,-0.09,-0.04,0.15,-0.11,-0.32,-0.24,0.39,9.476,9.653,8.917,8.996,10.3,9.71,11.58,11.28,-0.002,-0.003,-0.002,0.0,-0.01,-80.3064043,26.9209501,937.2
9.3,0.4,0.0,0.01,-0.04,-0.06,-0.1,-0.22,0.2,-0.25,0.39,9.526,9.663,8.937,9.006,10.4,9.71,11.67,11.28,-0.002,-0.003,-0.002,0.0,-0.01,-80.3064043,26.9209501,937.25
9.3,0.4,0.0,0.0,-0.08,-0.05,0.06,0.33,-0.2,-0.23,0.39,9.506,9.663,8.966,9.006,10.4,9.71,11.58,11.28,-0.002,-0.003,-0.002,0.0,-0.01,-80.3064043,26.9209501,937.3
9.3,0.4,0.0,0.01,-0.06,-0.05,0.34,-0.33,-0.08,-0.24,0.39,9.476,9.653,8.947,8.996,10.4,9.91,11.67,11.28,-0.002,-0.003,-0.002,0.0,-0.01,-80.3064043,26.9209501,937.35
9.3,0.4,0.0,0.01,-0.07,-0.03,-0.07,-0.12,-0.36,-0.24,0.39,9.486,9.643,8.966,9.025,10.01,9.61,11.38,11.09,-0.002,-0.003,-0.002,0.0,-0.01,-80.3064043,26.9209501,937.4
9.3,0.4,0.0,0.01,-0.07,-0.05,0.15,-0.12,-0.16,-0.25,0.39,9.496,9.673,8.966,9.015,10.4,9.52,11.58,10.99,-0.002,-0.003,-0.002,0.0,-0.0,-80.3064043,26.9209501,937.45
9.3,0.4,0.0,0.01,-0.07,-0.03,0.1,-0.01,-0.12,-0.24,0.39,9.516,9.643,8.957,9.025,10.3,9.91,11.77,11.18,-0.002,-0.003,-0.002,0.0,-0.0,-80.3064043,26.9209501,937.5
9.3,0.4,0.0,0.01,-0.06,-0.06,0.15,0.14,-0.11,-0.24,0.39,9.496,9.643,8.947,9.006,10.4,10.01,11.58,11.28,-0.002,-0.003,-0.002,0.0,-0.0,-80.3064043,26.9209501,937.55
9.3,0.4,0.0,0.01,-0.07,-0.04,0.04,0.26,-0.35,-0.24,0.4,9.496,9.643,8.927,9.015,10.4,9.91,11.58,11.28,-0.002,-0.003,-0.002,0.0,-0.0,-80.3064042,26.9209501,937.6
9.3,0.4,0.0,0.01,-0.06,-0.03,-0.17,0.09,0.32,-0.23,0.39,9.506,9.653,8.947,9.035,10.3,9.61,11.58,11.09,-0.002,-0.003,-0.002,0.0,-0.0,-80.3064042,26.9209501,937.65
9.2,0.4,0.0,0.01,-0.06,-0.06,0.14,0.19,-0.0,-0.23,0.39,9.516,9.663,8.927,8.986,10.5,9.81,11.58,11.09,-0.002,-0.003,-0.002,0.0,-0.0,-80.3064042,26.9209501,937.7
9.3,0.4,0.0,0.01,-0.08,-0.04,-0.05,0.18,-0.2,-0.23,0.39,9.496,9.643,8.957,9.015,10.3,9.61,11.77,11.28,-0.002,-0.003,-0.002,0.0,-0.0,-80.3064042,26.9209501,937.75
9.3,0.4,0.0,0.01,-0.05,-0.04,-0.19,-0.04,-0.16,-0.22,0.39,9.496,9.643,8.927,9.025,10.4,9.71,11.67,11.48,-0.002,-0.003,-0.002,0.0,-0.0,-80.3064042,26.9209501,937.8
9.3,0.4,0.0,0.01,-0.06,-0.04,0.18,0.25,0.2,-0.24,0.39,9.516,9.673,8.966,9.006,10.59,9.71,11.67,11.28,-0.002,-0.003,-0.002,0.0,-0.0,-80.3064042,26.9209501,937.85
9.3,0.4,0.0,0.01,-0.05,-0.05,-0.05,0.33,0.51,-0.23,0.4,9.516,9.653,8.966,9.035,10.1,9.61,11.48,11.28,-0.002,-0.003,-0.002,0.0,-0.0,-80.3064042,26.9209501,937.9
9.2,0.4,0.0,0.01,-0.07,-0.03,0.15,-0.17,0.02,-0.23,0.39,9.496,9.653,8.927,9.006,10.2,9.81,11.77,11.28,-0.002,-0.003,-0.002,0.0,0.0,-80.3064042,26.9209501,937.95
9.3,0.4,0.0,0.01,-0.06,-0.03,-0.23,0.04,0.02,-0.23,0.39,9.516,9.673,8.917,9.015,10.4,9.91,11.87,11.28,-0.002,-0.003,-0.002,0.0,0.0,-80.3064042,26.9209501,938.0
9.2,0.4,0.0,0.01,-0.07,-0.03,-0.03,-0.02,-0.01,-0.24,0.38,9.516,9.653,8.927,8.986,10.4,9.61,11.87,11.38,-0.002,-0.003,-0.002,0.0,0.0,-80.3064042,26.9209501,938.05
9.2,0.4,0.0,0.01,-0.06,-0.04,0.16,0.19,0.06,-0.23,0.37,9.496,9.673,8.907,8.966,10.2,9.81,11.77,11.09,-0.002,-0.003,-0.002,0.0,0.0,-80.3064042,26.9209501,938.1
9.3,0.4,0.0,0.01,-0.06,-0.03,0.08,-0.15,0.04,-0.22,0.35,9.486,9.643,8.937,8.986,10.4,9.61,11.67,11.09,-0.002,-0.003,-0.002,0.0,0.0,-80.3064042,26.9209501,938.15
9.3,0.4,0.0,0.01,-0.06,-0.04,0.1,0.05,0.04,-0.24,0.39,9.506,9.663,8.947,9.035,10.5,9.71,11.77,11.28,-0.002,-0.003,-0.002,0.0,0.0,-80.3064042,26.9209501,938.2
9.3,0.4,0.0,0.01,-0.06,-0.03,0.08,-0.02,0.19,-0.24,0.4,9.506,9.653,8.917,9.015,10.3,10.01,11.77,11.38,-0.002,-0.003,-0.002,0.0,0.01,-80.3064042,26.9209501,938.25
9.3,0.5,0.0,0.01,-0.06,-0.06,-0.02,0.12,-0.28,-0.24,0.39,9.506,9.673,8.917,8.976,10.4,9.81,11.97,11.38,-0.002,-0.003,-0.002,0.0,0.0,-80.3064042,26.9209501,938.3
9.3,0.4,0.0,0.02,-0.06,-0.03,-0.03,0.01,-0.0,-0.24,0.39,9.516,9.663,8.957,8.996,10.4,9.81,11.58,11.28,-0.002,-0.003,-0.002,0.0,0.01,-80.3064042,26.92095,938.35
9.3,0.5,0.0,0.02,-0.06,-0.06,0.05,0.36,-0.04,-0.24,0.39,9.496,9.663,8.947,9.035,10.1,9.81,11.38,11.28,-0.002,-0.003,-0.002,0.0,0.01,-80.3064042,26.92095,938.4
9.3,0.4,0.0,0.02,-0.06,-0.05,0.1,0.02,-0.18,-0.24,0.39,9.496,9.653,8.947,8.996,10.4,9.71,11.77,11.28,-0.002,-0.003,-0.002,0.0,0.01,-80.3064042,26.92095,938.45
9.3,0.4,0.0,0.02,-0.06,-0.04,-0.18,0.0,0.2,-0.26,0.38,9.476,9.663,8.927,8.996,10.5,9.81,11.77,11.38,-0.002,-0.003,-0.002,0.0,0.01,-80.3064042,26.92095,938.5
9.3,0.4,0.0,0.02,-0.06,-0.04,-0.08,-0.09,-0.11,-0.24,0.39,9.496,9.643,8.937,9.006,10.4,9.91,11.67,11.28,-0.002,-0.003,-0.002,0.0,0.01,-80.3064042,26.92095,938.55
9.3,0.5,0.0,0.02,-0.04,-0.06,0.08,0.49,0.3,-0.25,0.4,9.516,9.663,8.937,9.035,10.5,9.42,11.67,11.09,-0.002,-0.003,-0.002,0.0,0.01,-80.3064042,26.92095,938.6
9.3,0.5,0.0,-0.01,-0.08,-0.03,0.02,-0.22,-0.53,-0.25,0.39,9.486,9.633,8.937,9.035,10.5,9.71,11.38,11.28,-0.002,-0.003,-0.002,0.0,-0.01,-80.3064042,26.92095,938.65
9.3,0.5,0.0,-0.01,-0.07,-0.04,-0.29,-0.01,-0.38,-0.25,0.39,9.516,9.682,8.937,9.015,10.4,9.52,11.28,11.28,-0.002,-0.003,-0.002,0.0,-0.01,-80.3064041,26.92095,938.7
9.3,0.5,0.0,-0.01,-0.07,-0.06,0.41,0.08,0.15,-0.25,0.39,9.486,9.663,8.937,8.986,10.4,9.71,11.58,11.28,-0.002,-0.003,-0.002,0.0,-0.01,-80.3064041,26.92095,938.75
9.2,0.5,0.0,-0.01,-0.05,-0.04,-0.25,-0.17,0.19,-0.25,0.39,9.506,9.643,8.937,9.006,10.59,9.52,11.67,11.38,-0.002,-0.003,-0.002,0.0,-0.01,-80.3064041,26.92095,938.8
9.3,0.5,0.0,-0.01,-0.06,-0.04,0.02,-0.18,0.08,-0.25,0.38,9.526,9.653,8.917,9.006,10.3,9.91,11.58,11.38,-0.002,-0.003,-0.002,0.0,-0.01,-80.3064041,26.92095,938.85
9.3,0.5,0.0,-0.01,-0.07,-0.04,0.07,-0.11,-0.16,-0.26,0.38,9.496,9.673,8.907,9.015,10.5,9.52,11.97,11.38,-0.002,-0.003,-0.002,0.0,-0.01,-80.3064041,26.92095,938.9
9.3,0.5,0.0,-0.0,-0.06,-0.04,-0.11,-0.11,-0.02,-0.25,0.39,9.467,9.712,8.937,9.006,10.3,9.71,11.48,11.18,-0.002,-0.003,-0.002,0.0,-0.01,-80.3064041,26.92095,938.95
9.3,0.5,0.0,-0.01,-0.05,-0.04,-0.0,0.25,0.22,-0.24,0.39,9.486,9.673,8.957,8.986,10.4,9.71,11.58,11.28,-0.002,-0.003,-0.002,0.0,-0.01,-80.3064041,26.92095,939.0
9.3,0.5,0.0,-0.01,-0.06,-0.04,-0.27,0.0,-0.18,-0.26,0.4,9.496,9.673,8.937,9.025,10.59,9.71,11.87,11.28,-0.002,-0.003,-0.002,0.0,-0.01,-80.3064041,26.92095,939.05
9.3,0.4,0.0,-0.01,-0.07,-0.03,0.13,-0.18,-0.3,-0.25,0.39,9.516,9.673,8.957,9.035,10.3,9.61,11.77,11.18,-0.002,-0.003,-0.002,0.0,-0.0,-80.3064041,26.92095,939.1
9.2,0.5,0.0,-0.0,-0.05,-0.05,-0.31,-0.05,-0.23,-0.26,0.38,9.476,9.663,8.937,8.986,10.59,9.61,11.77,11.28,-0.002,-0.003,-0.002,0.0,-0.01,-80.3064041,26.92095,939.15
9.3,0.5,0.0,-0.01,-0.07,-0.04,0.25,-0.04,0.05,-0.26,0.39,9.496,9.633,8.927,8.996,10.2,9.81,11.77,11.28,-0.002,-0.003,-0.002,0.0,-0.01,-80.3064041,26.92095,939.2
9.3,0.5,0.0,-0.0,-0.06,-0.04,-0.29,0.01,-0.15,-0.24,0.39,9.516,9.643,8.937,9.015,10.59,9.71,11.67,11.28,-0.002,-0.003,-0.002,0.0,-0.01,-80.3064041,26.92095,939.25
9.3,0.5,0.0,-0.01,-0.06,-0.05,0.03,0.16,-0.16,-0.24,0.39,9.526,9.673,8.907,9.006,10.2,9.52,11.58,11.38,-0.002,-0.003,-0.002,0.0,-0.01,-80.3064041,26.92095,939.3
9.3,0.5,0.0,-0.01,-0.08,-0.05,0.37,0.25,0.02,-0.23,0.4,9.496,9.673,8.966,9.025,10.5,9.61,11.67,11.28,-0.002,-0.003,-0.002,0.0,-0.01,-80.3064041,26.9209501,939.35
9.3,0.5,0.0,-0.01,-0.05,-0.05,0.05,0.05,0.16,-0.22,0.41,9.467,9.653,8.937,9.035,10.3,9.71,12.07,11.38,-0.002,-0.003,-0.002,0.0,-0.01,-80.3064041,26.9209501,939.4
9.3,0.5,0.0,-0.01,-0.07,-0.04,0.08,0.18,-0.1,-0.25,0.39,9.516,9.633,8.966,9.006,10.2,9.81,11.38,11.09,-0.002,-0.003,-0.002,0.0,-0.01,-80.3064041,26.9209501,939.45
9.3,0.5,0.0,-0.01,-0.06,-0.05,-0.06,0.16,0.75,-0.24,0.39,9.467,9.673,8.947,9.035,10.3,9.81,11.58,11.28,-0.002,-0.003,-0.002,0.0,-0.01,-80.3064041,26.9209501,939.5
9.3,0.5,0.0,-0.01,-0.06,-0.05,0.22,0.28,0.47,-0.22,0.37,9.476,9.663,8.927,9.006,10.1,9.91,11.48,11.48,-0.002,-0.003,-0.002,0.0,-0.0,-80.3064041,26.9209501,939.55
9.3,0.5,0.0,-0.01,-0.06,-0.06,0.14,0.11,-0.23,-0.25,0.39,9.506,9.653,8.937,9.006,10.1,9.42,11.87,11.38,-0.002,-0.003,-0.002,0.0,-0.01,-80.3064041,26.9209501,939.6
9.3,0.5,0.0,-0.01,-0.07,-0.04,-0.0,0.09,-0.31,-0.25,0.38,9.486,9.663,8.937,9.015,10.3,9.71,11.87,11.18,-0.002,-0.003,-0.002,0.0,-0.01,-80.3064041,26.9209501,939.65
9.3,0.5,0.0,-0.01,-0.07,-0.04,0.06,0.17,-0.0,-0.24,0.39,9.467,9.653,8.966,9.035,10.2,10.2,11.58,11.38,-0.002,-0.003,-0.002,0.0,-0.01,-80.3064041,26.9209501,939.7
9.3,0.5,0.0,-0.01,-0.06,-0.04,0.02,-0.19,0.3,-0.25,0.39,9.486,9.643,8.937,9.006,10.5,9.81,11.97,11.28,-0.002,-0.003,-0.002,0.0,-0.01,-80.3064041,26.9209501,939.75
9.3,0.5,0.0,-0.01,-0.07,-0.05,0.01,-0.13,-0.43,-0.24,0.39,9.476,9.663,8.927,9.006,10.5,9.81,11.77,11.28,-0.002,-0.003,-0.002,0.0,-0.0,-80.3064041,26.9209501,939.8
9.3,0.5,0.0,-0.01,-0.06,-0.05,-0.22,0.05,-0.53,-0.24,0.38,9.516,9.682,8.927,8.986,10.4,9.81,11.87,11.18,-0.002,-0.003,-0.002,0.0,-0.01,-80.3064041,26.9209501,939.85
9.3,0.5,0.0,-0.01,-0.07,-0.03,0.1,-0.04,0.25,-0.25,0.38,9.467,9.653,8.976,9.025,10.5,9.71,11.38,11.09,-0.002,-0.003,-0.002,0.0,-0.0,-80.3064041,26.9209501,939.9
9.3,0.5,0.0,-0.01,-0.05,-0.05,-0.1,0.02,0.09,-0.24,0.39,9.486,9.663,8.927,9.025,10.3,9.71,11.48,11.38,-0.002,-0.003,-0.002,0.0,-0.0,-80.3064041,26.9209501,939.95
9.3,0.5,0.0,-0.01,-0.08,-0.04,0.0,-0.05,-0.09,-0.24,0.4,9.486,9.692,8.947,8.976,10.4,9.52,11.38,11.28,-0.002,-0.003,-0.002,0.0,-0.0,-80.3064042,26.9209501,940.0
9.3,0.5,0.0,-0.01,-0.06,-0.06,0.07,-0.27,0.16,-0.24,0.4,9.506,9.653,8.947,8.986,10.5,9.71,11.58,11.18,-0.002,-0.003,-0.002,0.0,-0.0,-80.3064042,26.9209501,940.05
9.3,0.5,0.0,0.0,-0.06,-0.04,-0.11,-0.08,0.25,-0.24,0.4,9.506,9.663,8.966,9.015,10.2,9.52,11.48,10.99,-0.002,-0.003,-0.002,0.0,-0.01,-80.3064042,26.9209501,940.1
9.3,0.5,0.0,0.0,-0.07,-0.05,-0.09,-0.01,-0.3,-0.24,0.39,9.476,9.643,8.947,9.006,10.4,9.61,11.48,11.09,-0.002,-0.003,-0.002,0.0,-0.01,-80.3064042,26.9209502,940.15
9.3,0.5,0.0,0.0,-0.06,-0.04,-0.06,-0.35,-0.09,-0.24,0.4,9.486,9.673,8.957,9.025,10.5,9.61,11.38,10.79,-0.002,-0.003,-0.002,0.0,-0.02,-80.3064042,26.9209502,940.2
9.3,0.5,0.0,0.0,-0.07,-0.06,0.09,0.45,-0.22,-0.23,0.4,9.535,9.673,8.947,8.996,10.3,9.61,11.58,11.09,-0.002,-0.003,-0.002,0.0,-0.02,-80.3064042,26.9209502,940.25
9.3,0.5,0.0,0.0,-0.07,-0.05,0.31,-0.35,0.12,-0.24,0.39,9.516,9.643,8.947,8.996,10.2,9.71,11.58,10.99,-0.002,-0.003,-0.002,0.0,-0.02,-80.3064042,26.9209502,940.3
9.3,0.5,0.0,0.0,-0.07,-0.04,-0.13,0.32,-0.2,-0.23,0.4,9.496,9.653,8.917,8.996,10.3,9.61,11.97,11.38,-0.002,-0.003,-0.002,0.0,-0.02,-80.3064042,26.9209502,940.35
9.3,0.5,0.0,0.0,-0.05,-0.05,-0.12,-0.2,0.1,-0.24,0.4,9.506,9.653,8.976,9.035,10.59,9.71,11.28,11.28,-0.002,-0.003,-0.002,0.0,-0.02,-80.3064042,26.9209502,940.4
9.3,0.5,0.0,0.0,-0.06,-0.04,0.04,-0.18,0.46,-0.24,0.4,9.467,9.653,8.937,9.035,10.5,9.81,11.48,11.38,-0.002,-0.003,-0.002,0.0,-0.02,-80.3064042,26.9209502,940.45
9.3,0.5,0.0,0.0,-0.07,-0.04,-0.05,-0.0,-0.32,-0.23,0.39,9.486,9.653,8.947,9.006,10.5,9.81,11.58,11.48,-0.002,-0.003,-0.002,0.0,-0.02,-80.3064042,26.9209502,940.5
9.3,0.5,0.0,0.0,-0.07,-0.05,0.05,0.17,0.02,-0.23,0.4,9.506,9.663,8.966,9.035,10.59,9.52,11.67,11.18,-0.002,-0.003,-0.002,0.0,-0.02,-80.3064042,26.9209502,940.55
9.3,0.5,0.0,0.0,-0.06,-0.03,-0.32,-0.3,0.19,-0.24,0.4,9.535,9.653,8.976,9.006,10.2,9.81,11.48,11.28,-0.002,-0.003,-0.002,0.0,-0.02,-80.3064042,26.9209502,940.6
9.3,0.5,0.0,0.0,-0.07,-0.03,-0.03,-0.34,-0.42,-0.23,0.39,9.535,9.673,8.947,9.015,10.4,9.61,11.58,11.58,-0.002,-0.003,-0.002,0.0,-0.02,-80.3064042,26.9209502,940.65
9.3,0.5,0.0,0.0,-0.05,-0.06,0.13,0.02,0.12,-0.24,0.4,9.467,9.682,8.937,9.025,10.2,9.61,11.87,10.99,-0.002,-0.003,-0.002,0.0,-0.02,-80.3064042,26.9209502,940.7
9.3,0.5,0.0,0.0,-0.07,-0.04,0.24,-0.0,-0.25,-0.24,0.4,9.535,9.653,8.976,9.006,10.3,9.91,11.67,11.18,-0.002,-0.003,-0.002,0.0,-0.02,-80.3064042,26.9209502,940.75
9.3,0.5,0.0,0.0,-0.06,-0.04,-0.01,-0.14,-0.08,-0.24,0.4,9.516,9.682,8.976,9.006,10.3,9.81,11.58,11.58,-0.002,-0.003,-0.002,0.0,-0.03,-80.3064042,26.9209502,940.8
9.3,0.5,0.0,0.0,-0.06,-0.05,0.01,0.11,0.24,-0.25,0.4,9.447,9.692,8.917,9.015,10.1,9.71,11.48,11.18,-0.002,-0.003,-0.002,0.0,-0.03,-80.3064042,26.9209502,940.85
9.3,0.5,0.0,0.0,-0.07,-0.04,-0.13,0.16,-0.04,-0.26,0.41,9.506,9.624,8.937,8.996,10.59,9.81,11.67,11.48,-0.002,-0.003,-0.002,0.0,-0.01,-80.3064042,26.9209502,940.9
9.2,0.5,0.0,0.0,-0.07,-0.05,-0.1,-0.1,-0.27,-0.28,0.42,9.496,9.663,8.966,8.996,10.5,9.91,11.58,11.38,-0.002,-0.003,-0.002,0.0,-0.01,-80.3064042,26.9209502,940.95
9.3,0.5,0.0,0.0,-0.05,-0.05,0.15,0.2,0.09,-0.3,0.42,9.496,9.653,8.937,9.025,10.4,9.91,11.58,11.38,-0.002,-0.003,-0.002,0.0,-0.01,-80.3064042,26.9209502,941.0
9.3,0.5,0.0,0.0,-0.07,-0.04,0.17,0.22,-0.04,-0.24,0.4,9.535,9.653,8.957,8.976,10.2,9.81,11.28,11.09,-0.002,-0.003,-0.002,0.0,-0.01,-80.3064042,26.9209502,941.05
9.3,0.5,0.0,0.0,-0.07,-0.05,-0.08,0.04,-0.06,-0.24,0.4,9.467,9.663,8.927,9.045,10.3,9.71,11.77,11.28,-0.002,-0.003,-0.002,0.0,-0.02,-80.3064042,26.9209502,941.1
9.3,0.5,0.0,0.0,-0.06,-0.05,0.19,0.03,0.42,-0.24,0.41,9.535,9.624,8.957,8.996,10.3,9.71,11.38,11.09,-0.002,-0.003,-0.002,0.0,-0.02,-80.3064042,26.9209502,941.15
9.3,0.5,0.0,0.0,-0.06,-0.06,0.2,-0.06,-0.2,-0.24,0.4,9.496,9.682,8.976,9.035,10.4,9.71,11.58,11.28,-0.002,-0.003,-0.002,0.0,-0.02,-80.3064042,26.9209502,941.2
9.3,0.5,0.0,0.01,-0.07,-0.03,0.08,-0.31,-0.03,-0.24,0.4,9.526,9.643,8.937,8.996,10.5,9.61,11.58,11.58,-0.002,-0.003,-0.002,0.0,-0.02,-80.3064042,26.9209502,941.25
9.3,0.5,0.0,0.01,-0.05,-0.06,-0.19,-0.09,0.22,-0.24,0.4,9.496,9.663,8.947,9.025,10.5,9.71,11.77,11.28,-0.002,-0.003,-0.002,0.0,-0.02,-80.3064042,26.9209502,941.3
9.3,0.5,0.0,0.01,-0.07,-0.04,-0.09,-0.18,-0.29,-0.24,0.4,9.526,9.673,8.966,9.006,10.2,9.81,11.67,11.38,-0.002,-0.003,-0.002,0.0,-0.02,-80.3064042,26.9209502,941.35
9.3,0.5,0.0,0.01,-0.07,-0.05,-0.03,-0.02,-0.02,-0.25,0.41,9.496,9.673,8.898,9.015,10.3,9.81,11.67,11.58,-0.002,-0.003,-0.002,0.0,-0.02,-80.3064042,26.9209502,941.4
9.3,0.5,0.0,0.01,-0.06,-0.05,-0.23,-0.05,-0.33,-0.24,0.4,9.476,9.643,8.937,8.966,10.3,9.81,11.38,11.58,-0.002,-0.003,-0.002,0.0,-0.02,-80.3064042,26.9209502,941.45
9.3,0.5,0.0,0.01,-0.06,-0.04,0.15,-0.05,0.3,-0.25,0.41,9.526,9.624,8.957,9.006,10.1,9.61,11.77,11.09,-0.002,-0.003,-0.002,0.0,-0.02,-80.3064042,26.9209501,941.5
9.3,0.5,0.0,0.01,-0.07,-0.05,0.24,-0.2,0.29,-0.24,0.41,9.516,9.643,8.937,9.035,10.2,9.61,11.77,11.09,-0.002,-0.003,-0.002,0.0,-0.02,-80.3064042,26.9209501,941.55
9.3,0.5,0.0,0.01,-0.07,-0.04,-0.2,0.1,-0.09,-0.25,0.4,9.476,9.682,8.927,8.976,10.59,9.52,11.87,11.28,-0.002,-0.003,-0.002,0.0,-0.03,-80.3064042,26.9209501,941.6
9.3,0.5,0.0,0.01,-0.05,-0.06,-0.04,-0.18,0.15,-0.25,0.41,9.496,9.633,8.957,8.986,10.2,10.01,11.58,11.28,-0.002,-0.003,-0.002,0.0,-0.02,-80.3064042,26.9209501,941.65
9.3,0.5,0.0,0.01,-0.05,-0.03,-0.04,0.42,0.18,-0.25,0.4,9.535,9.624,8.976,9.025,10.4,9.52,11.38,11.48,-0.002,-0.003,-0.002,0.0,-0.03,-80.3064042,26.9209501,941.7
9.3,0.5,0.0,0.01,-0.05,-0.04,-0.03,-0.02,0.16,-0.25,0.41,9.476,9.673,8.947,9.055,10.2,9.52,11.58,11.28,-0.002,-0.003,-0.002,0.0,-0.03,-80.3064042,26.9209501,941.75
9.3,0.5,0.0,0.01,-0.06,-0.04,-0.32,0.17,-0.07,-0.25,0.41,9.486,9.663,8.937,8.947,10.1,9.71,11.48,11.28,-0.002,-0.003,-0.002,0.0,-0.03,-80.3064042,26.9209501,941.8
9.3,0.5,0.0,0.01,-0.05,-0.03,-0.26,0.0,0.25,-0.25,0.4,9.516,9.643,8.917,9.006,10.2,9.81,11.67,11.38,-0.002,-0.003,-0.002,0.0,-0.03,-80.3064042,26.9209501,941.85
9.3,0.5,0.0,0.01,-0.06,-0.06,-0.22,0.31,-0.14,-0.25,0.41,9.486,9.663,8.898,9.006,10.4,9.71,11.38,11.18,-0.002,-0.003,-0.002,0.0,-0.03,-80.3064042,26.9209501,941.9
9.3,0.5,0.0,0.01,-0.08,-0.04,0.11,0.21,-0.23,-0.25,0.4,9.506,9.643,8.957,9.025,10.3,9.81,11.58,11.38,-0.002,-0.003,-0.002,0.0,-0.03,-80.3064042,26.9209501,941.95
9.2,0.5,0.0,0.0,-0.06,-0.05,0.11,-0.09,-0.38,-0.25,0.4,9.486,9.643,8.917,9.006,10.5,9.81,11.77,11.09,-0.002,-0.003,-0.002,0.0,-0.01,-80.3064042,26.9209501,942.0
9.3,0.5,0.0,0.0,-0.06,-0.03,-0.47,0.1,0.03,-0.25,0.41,9.506,9.624,8.947,9.025,10.2,9.81,11.58,11.09,-0.002,-0.003,-0.002,0.0,-0.01,-80.3064042,26.9209501,942.05
9.3,0.5,0.0,0.0,-0.06,-0.06,-0.27,0.27,0.03,-0.25,0.4,9.467,9.663,8.966,9.035,10.3,9.61,11.58,11.09,-0.002,-0.003,-0.002,0.0,-0.01,-80.3064042,26.9209501,942.1
9.3,0.5,0.0,0.0,-0.06,-0.03,-0.26,-0.07,-0.4,-0.25,0.4,9.486,9.653,8.966,8.986,10.59,9.81,11.28,11.28,-0.002,-0.003,-0.002,0.0,-0.01,-80.3064042,26.9209501,942.15
9.3,0.5,0.0,0.0,-0.04,-0.04,-0.35,0.23,0.2,-0.25,0.41,9.496,9.633,8.957,9.045,10.4,9.71,11.67,11.28,-0.002,-0.003,-0.002,0.0,-0.01,-80.3064042,26.9209501,942.2
9.3,0.5,0.0,0.0,-0.07,-0.03,-0.02,-0.52,-0.18,-0.26,0.4,9.486,9.643,8.907,9.035,10.2,9.81,11.87,11.38,-0.002,-0.003,-0.002,0.0,-0.01,-80.3064042,26.9209501,942.25
9.2,0.5,0.0,0.0,-0.06,-0.06,0.2,0.38,0.28,-0.25,0.41,9.496,9.663,8.947,8.996,10.2,10.01,11.87,11.28,-0.002,-0.003,-0.002,0.0,-0.01,-80.3064042,26.9209501,942.3
9.3,0.5,0.0,0.0,-0.07,-0.02,0.08,-0.0,0.24,-0.26,0.41,9.506,9.643,8.966,9.045,10.2,9.71,11.38,11.18,-0.002,-0.003,-0.002,0.0,-0.01,-80.3064042,26.9209501,942.35
9.3,0.5,0.0,0.0,-0.05,-0.06,-0.03,0.1,-0.08,-0.25,0.4,9.486,9.663,8.927,9.025,10.5,9.71,11.58,11.28,-0.002,-0.003,-0.002,0.0,-0.01,-80.3064042,26.92095,942.4
9.3,0.5,0.0,0.01,-0.07,-0.02,-0.05,-0.18,0.04,-0.26,0.41,9.526,9.653,8.966,8.986,10.4,9.81,11.58,11.28,-0.002,-0.003,-0.002,0.0,-0.0,-80.3064042,26.92095,942.45
9.3,0.5,0.0,0.01,-0.04,-0.03,-0.34,-0.28,0.12,-0.26,0.41,9.545,9.643,8.976,9.035,10.5,9.91,11.58,11.28,-0.002,-0.003,-0.002,0.0,-0.01,-80.3064042,26.92095,942.5
9.2,0.5,0.0,0.01,-0.06,-0.05,-0.08,0.02,0.14,-0.26,0.41,9.496,9.663,8.907,9.015,10.5,9.81,11.58,11.09,-0.002,-0.003,-0.002,0.0,-0.01,-80.3064042,26.92095,942.55
9.3,0.5,0.0,0.01,-0.06,-0.04,-0.07,-0.16,-0.16,-0.27,0.39,9.496,9.673,8.937,8.957,10.3,9.61,11.77,11.18,-0.002,-0.003,-0.002,0.0,-0.0,-80.3064042,26.92095,942.6
9.3,0.5,0.0,0.01,-0.07,-0.04,0.06,0.23,0.06,-0.26,0.41,9.526,9.653,8.937,9.015,10.59,9.61,11.77,11.18,-0.002,-0.003,-0.002,0.0,-0.0,-80.3064042,26.92095,942.65
9.3,0.5,0.0,0.01,-0.06,-0.05,0.15,-0.08,0.0,-0.26,0.41,9.516,9.663,8.937,9.006,10.4,9.91,11.58,11.09,-0.002,-0.003,-0.002,0.0,-0.01,-80.3064042,26.92095,942.7
9.3,0.5,0.0,0.01,-0.07,-0.02,-0.0,0.04,0.07,-0.27,0.41,9.496,9.633,8.966,9.015,10.2,9.71,11.38,11.38,-0.002,-0.003,-0.002,0.0,-0.0,-80.3064042,26.92095,942.75
9.3,0.5,0.0,0.01,-0.07,-0.06,0.15,0.06,0.14,-0.26,0.41,9.476,9.653,8.898,9.006,10.4,9.81,11.58,11.18,-0.002,-0.003,-0.002,0.0,-0.0,-80.3064042,26.92095,942.8
9.3,0.5,0.0,0.01,-0.06,-0.03,-0.26,0.01,0.26,-0.26,0.41,9.506,9.663,8.927,8.996,10.5,9.81,11.28,10.99,-0.002,-0.003,-0.002,0.0,-0.01,-80.3064042,26.92095,942.85
9.3,0.5,0.0,0.01,-0.04,-0.03,-0.24,-0.02,-0.03,-0.26,0.41,9.496,9.653,8.947,9.015,10.3,9.81,11.38,11.38,-0.002,-0.003,-0.002,0.0,-0.01,-80.3064042,26.92095,942.9
9.3,0.5,0.0,0.01,-0.07,-0.04,0.07,-0.2,-0.48,-0.26,0.41,9.506,9.643,8.937,9.045,10.4,9.61,11.77,11.18,-0.002,-0.003,-0.002,0.0,-0.01,-80.3064042,26.92095,942.95
9.3,0.5,0.0,0.01,-0.05,-0.04,-0.19,-0.22,0.14,-0.26,0.41,9.516,9.663,8.947,9.006,10.3,9.71,11.67,11.58,-0.002,-0.003,-0.002,0.0,-0.01,-80.3064042,26.92095,943.0
9.2,0.5,0.0,0.01,-0.05,-0.04,-0.02,0.17,0.37,-0.26,0.41,9.486,9.633,8.927,8.996,10.3,9.71,11.77,11.48,-0.002,-0.003,-0.002,0.0,-0.01,-80.3064042,26.92095,943.05
9.3,0.5,0.0,0.01,-0.06,-0.06,0.01,0.16,-0.36,-0.25,0.43,9.496,9.624,8.937,9.015,10.3,9.71,11.77,11.28,-0.002,-0.003,-0.002,0.0,-0.01,-80.3064042,26.92095,943.1
9.3,0.5,0.0,0.01,-0.06,-0.04,-0.07,0.14,0.14,-0.24,0.45,9.496,9.663,8.878,9.006,10.2,9.81,11.38,11.48,-0.002,-0.003,-0.002,0.0,-0.01,-80.3064042,26.92095,943.15
9.3,0.5,0.0,0.01,-0.07,-0.03,0.17,0.06,-0.13,-0.24,0.47,9.496,9.663,8.937,8.986,10.2,9.81,11.58,11.09,-0.002,-0.003,-0.002,0.0,-0.01,-80.3064042,26.92095,943.2
9.3,0.5,0.0,0.01,-0.06,-0.06,-0.01,0.17,-0.35,-0.23,0.48,9.506,9.663,8.937,9.045,10.5,9.71,11.38,11.09,-0.002,-0.003,-0.002,0.0,-0.01,-80.3064042,26.92095,943.25
9.3,0.5,0.0,0.01,-0.07,-0.03,0.05,-0.16,-0.19,-0.22,0.5,9.496,9.663,8.957,8.986,10.2,9.91,11.38,11.18,-0.002,-0.003,-0.002,0.0,-0.01,-80.3064042,26.92095,943.3
9.3,0.5,0.0,0.01,-0.05,-0.05,-0.01,0.43,0.09,-0.21,0.52,9.516,9.653,8.937,9.006,10.5,9.52,11.77,11.09,-0.002,-0.003,-0.002,0.0,-0.01,-80.3064042,26.92095,943.35
9.3,0.5,0.0,0.01,-0.07,-0.04,0.04,0.11,0.35,-0.2,0.54,9.516,9.663,8.937,8.996,10.3,9.81,11.58,11.09,-0.002,-0.003,-0.002,0.0,-0.01,-80.3064042,26.9209499,943.4
9.3,0.5,0.0,0.01,-0.06,-0.06,0.02,0.03,-0.13,-0.19,0.56,9.496,9.663,8.966,9.006,10.3,9.61,11.58,11.18,-0.002,-0.003,-0.002,0.0,-0.01,-80.3064042,26.9209499,943.45
9.3,0.5,0.0,0.01,-0.07,-0.04,0.05,-0.13,-0.35,-0.18,0.58,9.506,9.624,8.947,9.015,10.5,9.71,11.67,10.89,-0.002,-0.003,-0.002,0.0,-0.01,-80.3064042,26.9209499,943.5
9.3,0.5,0.0,0.01,-0.05,-0.04,-0.25,-0.02,0.13,-0.26,0.43,9.496,9.643,8.917,9.035,10.1,9.71,11.48,11.48,-0.002,-0.003,-0.002,0.0,-0.01,-80.3064042,26.9209499,943.55
9.3,0.5,0.0,0.01,-0.07,-0.04,0.27,-0.01,0.2,-0.25,0.45,9.496,9.643,8.947,9.035,10.4,9.81,11.38,11.09,-0.002,-0.003,-0.002,0.0,-0.01,-80.3064042,26.9209499,943.6
9.2,0.5,0.0,0.01,-0.05,-0.03,-0.2,-0.12,-0.08,-0.26,0.41,9.486,9.663,8.927,8.996,10.4,9.52,11.58,11.09,-0.002,-0.003,-0.002,0.0,-0.01,-80.3064042,26.9209499,943.65
9.3,0.5,0.0,0.01,-0.05,-0.05,-0.12,0.03,0.2,-0.27,0.41,9.506,9.682,8.937,8.976,10.3,9.71,11.48,11.28,-0.002,-0.003,-0.002,0.0,-0.01,-80.3064042,26.9209499,943.7
9.3,0.5,0.0,0.01,-0.07,-0.02,-0.12,0.3,-0.29,-0.27,0.4,9.506,9.633,8.986,9.035,10.4,9.71,11.77,11.09,-0.002,-0.003,-0.002,0.0,-0.01,-80.3064042,26.9209499,943.75
9.3,0.5,0.0,0.01,-0.06,-0.06,-0.07,0.08,-0.28,-0.26,0.41,9.496,9.633,8.927,9.035,10.4,9.71,11.48,11.28,-0.002,-0.003,-0.002,0.0,-0.01,-80.3064042,26.9209499,943.8
9.3,0.5,0.0,0.01,-0.08,-0.04,0.24,-0.2,-0.32,-0.25,0.41,9.496,9.663,8.947,8.996,10.2,9.61,11.87,11.28,-0.002,-0.003,-0.002,0.0,-0.01,-80.3064042,26.9209499,943.85
9.5,0.4,0.0,0.01,-0.06,-0.04,-0.14,0.16,0.17,-0.26,0.41,9.506,9.663,9.015,9.113,10.3,9.52,11.38,11.67,-0.002,-0.003,-0.002,0.0,-0.01,-80.3064042,26.9209499,943.9
9.3,0.5,0.0,0.01,-0.07,-0.04,0.15,0.17,0.04,-0.25,0.4,9.476,9.653,8.937,9.006,10.3,9.71,11.58,11.28,-0.002,-0.003,-0.002,0.0,-0.01,-80.3064042,26.9209499,943.95
9.3,0.5,0.0,0.01,-0.05,-0.03,-0.2,-0.32,0.04,-0.23,0.39,9.506,9.653,8.966,9.006,10.5,9.81,11.58,11.28,-0.002,-0.003,-0.002,0.0,-0.01,-80.3064042,26.9209499,944.0
9.3,0.5,0.0,0.01,-0.06,-0.05,-0.09,-0.08,0.44,-0.22,0.39,9.526,9.663,8.947,9.025,10.4,9.81,11.87,11.28,-0.002,-0.003,-0.002,0.0,-0.01,-80.3064042,26.9209499,944.05
9.3,0.5,0.0,0.01,-0.07,-0.04,0.25,-0.16,0.24,-0.26,0.42,9.476,9.653,8.927,9.006,10.5,9.91,11.58,11.28,-0.002,-0.003,-0.002,0.0,-0.01,-80.3064042,26.9209499,944.1
9.3,0.5,0.0,0.01,-0.07,-0.03,-0.01,0.2,-0.5,-0.26,0.4,9.506,9.653,8.957,9.015,10.69,9.71,11.58,10.89,-0.002,-0.003,-0.002,0.0,-0.01,-80.3064042,26.9209499,944.15
9.3,0.5,0.0,0.01,-0.07,-0.04,0.05,0.09,0.11,-0.27,0.42,9.496,9.663,8.937,9.006,10.79,9.52,11.58,11.28,-0.002,-0.003,-0.002,0.0,-0.01,-80.3064042,26.9209499,944.2
9.3,0.5,0.0,0.01,-0.06,-0.05,-0.06,-0.16,0.02,-0.25,0.41,9.506,9.663,8.927,8.996,10.5,9.81,11.77,11.58,-0.002,-0.003,-0.002,0.0,-0.01,-80.3064042,26.9209499,944.25
9.3,0.5,0.0,0.01,-0.06,-0.04,0.18,0.1,0.31,-0.24,0.41,9.467,9.663,8.937,8.996,10.59,9.71,11.77,11.28,-0.002,-0.003,-0.002,0.0,-0.01,-80.3064042,26.9209499,944.3
9.3,0.5,0.0,0.01,-0.06,-0.06,0.23,0.08,-0.67,-0.26,0.4,9.486,9.643,8.927,9.035,10.5,9.61,11.67,11.28,-0.002,-0.003,-0.002,0.0,-0.01,-80.3064042,26.9209499,944.35
9.3,0.5,0.0,0.01,-0.07,-0.04,-0.11,0.11,0.02,-0.26,0.41,9.516,9.643,8.947,8.986,10.5,9.81,11.58,11.28,-0.002,-0.003,-0.002,0.0,-0.01,-80.3064042,26.9209499,944.4
9.3,0.5,0.0,0.01,-0.07,-0.04,-0.01,-0.12,-0.01,-0.26,0.41,9.486,9.682,8.957,9.025,10.4,10.01,11.58,11.48,-0.002,-0.003,-0.002,0.0,-0.01,-80.3064042,26.9209499,944.45
9.3,0.5,0.0,0.01,-0.06,-0.05,-0.13,0.19,0.26,-0.26,0.41,9.506,9.663,8.937,9.035,10.4,9.52,11.38,11.38,-0.002,-0.003,-0.002,0.0,-0.01,-80.3064042,26.9209499,944.5
9.3,0.5,0.0,0.01,-0.05,-0.06,-0.18,-0.28,0.18,-0.27,0.41,9.496,9.653,8.947,9.006,10.5,9.81,11.87,11.28,-0.002,-0.003,-0.002,0.0,-0.01,-80.3064042,26.9209499,944.55
9.3,0.5,0.0,0.01,-0.08,-0.02,0.15,-0.18,-0.07,-0.29,0.42,9.476,9.663,8.966,9.025,10.4,9.71,11.77,11.09,-0.002,-0.003,-0.002,0.0,-0.01,-80.3064042,26.9209499,944.6
9.3,0.5,0.0,0.01,-0.05,-0.06,-0.16,-0.26,-0.13,-0.3,0.43,9.516,9.663,8.957,9.025,10.3,9.71,11.67,11.18,-0.002,-0.003,-0.002,0.0,-0.01,-80.3064042,26.9209499,944.65
9.3,0.5,0.0,0.01,-0.07,-0.03,-0.09,0.22,-0.03,-0.31,0.44,9.506,9.643,8.957,8.976,10.4,9.81,11.58,10.79,-0.002,-0.003,-0.002,0.0,-0.01,-80.3064042,26.9209498,944.7
9.3,0.5,0.0,0.0,-0.06,-0.05,-0.06,-0.31,-0.08,-0.33,0.45,9.526,9.633,8.937,9.035,10.2,9.81,11.67,11.28,-0.002,-0.003,-0.002,0.0,-0.0,-80.3064042,26.9209498,944.75
9.3,0.5,0.0,0.01,-0.08,-0.04,0.28,-0.17,-0.29,-0.34,0.46,9.496,9.663,8.937,9.035,10.2,9.52,11.87,11.38,-0.002,-0.003,-0.002,0.0,0.01,-80.3064042,26.9209498,944.8
9.3,0.5,0.0,0.01,-0.06,-0.06,0.06,0.28,0.17,-0.27,0.41,9.467,9.663,8.927,9.006,10.5,9.81,11.58,11.38,-0.002,-0.003,-0.002,0.0,0.01,-80.3064042,26.9209498,944.85
9.3,0.5,0.0,0.01,-0.06,-0.04,0.07,0.09,0.13,-0.27,0.41,9.486,9.653,8.947,9.006,10.3,9.71,11.58,11.09,-0.002,-0.003,-0.002,0.0,0.01,-80.3064042,26.9209498,944.9
9.3,0.5,0.0,0.01,-0.05,-0.04,-0.58,-0.0,0.5,-0.27,0.41,9.506,9.682,8.927,9.015,10.5,9.61,11.67,11.09,-0.002,-0.003,-0.002,0.0,0.01,-80.3064042,26.9209498,944.95
9.2,0.5,0.0,0.01,-0.06,-0.03,-0.02,-0.34,0.3,-0.27,0.44,9.506,9.673,8.957,8.996,10.5,9.71,11.58,11.28,-0.002,-0.003,-0.002,0.0,0.01,-80.3064042,26.9209498,945.0
9.3,0.5,0.0,0.01,-0.05,-0.07,0.09,0.52,0.11,-0.27,0.46,9.476,9.682,8.957,9.006,10.59,9.61,11.77,11.38,-0.002,-0.003,-0.002,0.0,0.01,-80.3064042,26.9209498,945.05
9.3,0.5,0.0,0.01,-0.06,-0.03,-0.52,0.16,-0.0,-0.27,0.49,9.516,9.673,8.947,8.976,10.59,9.91,11.48,11.38,-0.002,-0.003,-0.002,0.0,0.01,-80.3064042,26.9209498,945.1
9.3,0.5,0.0,0.01,-0.06,-0.03,-0.03,0.06,0.17,-0.27,0.51,9.496,9.663,8.898,9.006,10.3,9.81,12.07,11.38,-0.002,-0.003,-0.002,0.0,0.01,-80.3064041,26.9209498,945.15
9.3,0.5,0.0,0.01,-0.06,-0.05,-0.06,0.35,-0.2,-0.27,0.54,9.506,9.643,8.927,9.015,10.3,9.61,11.58,10.79,-0.002,-0.003,-0.002,0.0,0.01,-80.3064041,26.9209498,945.2
9.3,0.5,0.0,0.01,-0.06,-0.04,-0.11,0.08,0.21,-0.27,0.56,9.506,9.663,8.957,8.986,10.3,9.61,11.77,11.09,-0.002,-0.003,-0.002,0.0,0.01,-80.3064041,26.9209498,945.25
9.3,0.5,0.0,0.01,-0.06,-0.05,-0.13,-0.17,-0.08,-0.27,0.4,9.506,9.682,8.937,9.015,10.2,9.61,11.38,11.48,-0.002,-0.003,-0.002,0.0,0.01,-80.3064041,26.9209498,945.3
9.3,0.5,0.0,0.01,-0.07,-0.05,0.21,0.17,-0.02,-0.27,0.39,9.506,9.643,8.957,9.035,10.3,9.81,11.77,11.28,-0.002,-0.003,-0.002,0.0,0.01,-80.3064041,26.9209498,945.35
9.3,0.5,0.0,0.0,-0.07,-0.04,0.07,-0.36,0.2,-0.27,0.37,9.526,9.633,8.937,9.015,10.4,9.71,11.77,11.28,-0.002,-0.003,-0.002,0.0,0.01,-80.3064041,26.9209498,945.4
9.3,0.5,0.0,0.01,-0.06,-0.03,0.02,0.25,0.2,-0.26,0.36,9.506,9.653,8.937,9.006,10.2,9.71,11.87,11.28,-0.002,-0.003,-0.002,0.0,0.01,-80.3064041,26.9209498,945.45
9.3,0.5,0.0,0.0,-0.07,-0.05,0.3,-0.21,0.16,-0.28,0.41,9.476,9.663,8.917,9.025,10.4,9.71,11.38,11.28,-0.002,-0.003,-0.002,0.0,0.01,-80.3064041,26.9209497,945.5
9.3,0.5,0.0,0.01,-0.06,-0.03,0.05,-0.25,-0.03,-0.28,0.41,9.516,9.663,8.937,8.996,10.4,9.71,11.18,11.18,-0.002,-0.003,-0.002,0.0,0.01,-80.3064041,26.9209497,945.55
9.3,0.5,0.0,0.01,-0.05,-0.06,-0.01,0.27,0.14,-0.29,0.42,9.496,9.663,8.927,9.006,10.4,9.52,11.38,11.18,-0.002,-0.003,-0.002,0.0,0.01,-80.3064041,26.9209497,945.6
9.3,0.5,0.0,0.01,-0.07,-0.04,0.25,0.1,-0.03,-0.27,0.41,9.506,9.633,8.937,9.006,10.2,9.81,11.58,11.28,-0.002,-0.003,-0.002,0.0,0.01,-80.3064041,26.9209497,945.65
9.3,0.5,0.0,0.01,-0.06,-0.03,-0.37,-0.1,0.09,-0.28,0.41,9.496,9.643,8.917,9.035,10.3,9.61,11.77,11.38,-0.002,-0.003,-0.002,0.0,0.01,-80.3064041,26.9209497,945.7
9.3,0.5,0.0,0.01,-0.05,-0.04,-0.22,0.0,-0.24,-0.28,0.41,9.496,9.663,8.937,9.015,10.59,9.91,11.58,11.38,-0.002,-0.003,-0.002,0.0,0.01,-80.3064041,26.9209497,945.75
9.3,0.5,0.0,0.01,-0.08,-0.03,-0.27,-0.1,-0.12,-0.28,0.41,9.516,9.663,8.917,8.996,10.3,9.71,11.58,11.28,-0.002,-0.003,-0.002,0.0,0.01,-80.3064041,26.9209497,945.8
9.3,0.5,0.0,0.01,-0.07,-0.08,0.31,0.01,-0.12,-0.28,0.41,9.506,9.653,8.957,9.006,10.4,9.91,11.58,11.48,-0.002,-0.003,-0.002,0.0,0.01,-80.3064041,26.9209497,945.85
9.3,0.5,0.0,0.01,-0.06,-0.03,-0.22,0.14,0.05,-0.27,0.41,9.506,9.633,8.927,9.035,10.5,9.71,11.87,11.38,-0.002,-0.003,-0.002,0.0,0.01,-80.3064041,26.9209497,945.9
9.3,0.5,0.0,0.01,-0.05,-0.05,0.09,-0.09,0.25,-0.28,0.41,9.496,9.663,8.927,9.006,10.3,9.52,11.58,11.28,-0.002,-0.003,-0.002,0.0,0.01,-80.3064041,26.9209497,945.95
9.3,0.5,0.0,0.01,-0.07,-0.04,0.29,-0.14,-0.08,-0.29,0.42,9.486,9.653,8.927,9.025,10.3,9.71,11.67,11.28,-0.002,-0.003,-0.002,0.0,0.01,-80.3064041,26.9209497,946.0
9.3,0.5,0.0,0.01,-0.07,-0.04,0.01,-0.04,-0.23,-0.28,0.42,9.526,9.663,8.957,9.015,10.4,9.71,11.87,11.28,-0.002,-0.003,-0.002,0.0,0.01,-80.3064041,26.9209497,946.05
9.3,0.5,0.0,0.01,-0.06,-0.05,0.07,-0.15,0.03,-0.28,0.41,9.496,9.663,8.927,9.025,10.2,9.71,11.58,11.09,-0.002,-0.003,-0.002,0.0,0.01,-80.3064041,26.9209497,946.1
9.3,0.5,0.0,0.01,-0.06,-0.05,-0.04,0.07,-0.12,-0.29,0.41,9.516,9.653,8.937,8.976,10.3,9.61,11.48,11.38,-0.002,-0.003,-0.002,0.0,0.02,-80.3064041,26.9209497,946.15
9.2,0.5,0.0,0.01,-0.06,-0.04,0.02,-0.24,-0.03,-0.28,0.41,9.486,9.663,8.947,9.015,10.2,9.61,11.77,11.18,-0.002,-0.003,-0.002,0.0,0.02,-80.3064041,26.9209497,946.2
9.3,0.5,0.0,0.01,-0.06,-0.05,-0.09,0.11,0.15,-0.28,0.41,9.496,9.643,8.947,9.006,10.5,9.61,11.77,11.28,-0.002,-0.003,-0.002,0.0,0.01,-80.3064041,26.9209497,946.25
9.3,0.5,0.0,0.01,-0.07,-0.05,0.17,0.26,-0.32,-0.28,0.41,9.467,9.653,8.947,9.006,10.59,9.61,11.58,11.09,-0.002,-0.003,-0.002,0.0,0.02,-80.3064041,26.9209497,946.3
9.3,0.5,0.0,0.01,-0.04,-0.03,-0.13,0.23,-0.09,-0.28,0.41,9.526,9.643,8.947,9.006,10.3,9.81,11.67,11.48,-0.002,-0.003,-0.002,0.0,0.02,-80.3064041,26.9209497,946.35
9.3,0.5,0.0,0.01,-0.06,-0.04,-0.01,-0.12,0.15,-0.27,0.41,9.467,9.663,8.917,9.035,10.3,9.61,11.77,11.09,-0.002,-0.003,-0.002,0.0,0.02,-80.3064041,26.9209497,946.4
9.3,0.5,0.0,0.01,-0.06,-0.05,0.1,0.27,0.17,-0.26,0.4,9.545,9.653,8.947,9.015,10.2,9.81,11.87,11.28,-0.002,-0.003,-0.002,0.0,0.02,-80.3064041,26.9209497,946.45
9.3,0.5,0.0,0.01,-0.07,-0.04,0.49,-0.2,0.24,-0.25,0.4,9.476,9.653,8.917,8.996,10.59,9.71,11.87,11.28,-0.002,-0.003,-0.002,0.0,0.02,-80.3064041,26.9209497,946.5
9.3,0.5,0.0,0.01,-0.06,-0.05,0.42,0.55,-0.02,-0.27,0.41,9.516,9.673,8.947,9.015,10.2,9.71,11.28,11.38,-0.002,-0.003,-0.002,0.0,0.02,-80.3064041,26.9209497,946.55
9.3,0.5,0.0,0.01,-0.05,-0.05,0.01,0.01,0.17,-0.28,0.4,9.506,9.663,8.927,9.015,10.3,9.71,11.77,11.28,-0.002,-0.003,-0.002,0.0,0.02,-80.3064041,26.9209496,946.6
9.3,0.5,0.0,0.01,-0.07,-0.05,0.05,0.08,0.04,-0.28,0.41,9.486,9.633,8.927,9.006,10.5,9.81,11.38,11.09,-0.002,-0.003,-0.002,0.0,0.02,-80.3064041,26.9209496,946.65
9.3,0.5,0.0,0.01,-0.07,-0.05,0.04,0.2,-0.02,-0.28,0.41,9.506,9.643,8.927,9.025,10.59,9.71,11.67,11.38,-0.002,-0.003,-0.002,0.0,0.02,-80.3064041,26.9209496,946.7
9.3,0.5,0.0,0.0,-0.07,-0.03,0.25,-0.04,-0.37,-0.28,0.41,9.506,9.653,8.957,9.015,10.4,9.81,11.38,11.09,-0.002,-0.003,-0.002,0.0,0.01,-80.3064041,26.9209496,946.75
9.3,0.5,0.0,0.01,-0.05,-0.05,-0.1,-0.02,0.07,-0.29,0.43,9.486,9.663,8.937,9.006,10.3,9.91,11.77,11.09,-0.002,-0.003,-0.002,0.0,0.01,-80.3064041,26.9209496,946.8
9.3,0.5,0.0,0.01,-0.07,-0.04,0.31,0.22,0.15,-0.28,0.41,9.545,9.663,8.937,8.996,10.4,9.71,11.58,11.28,-0.002,-0.003,-0.002,0.0,0.01,-80.3064041,26.9209496,946.85
9.3,0.5,0.0,0.01,-0.05,-0.06,0.0,-0.1,0.3,-0.28,0.4,9.496,9.673,8.947,9.006,10.5,9.71,11.58,11.28,-0.002,-0.003,-0.002,0.0,0.01,-80.3064041,26.9209496,946.9
9.3,0.5,0.0,0.01,-0.08,-0.05,-0.05,0.06,-0.23,-0.29,0.42,9.506,9.653,8.927,9.025,10.2,9.52,11.58,11.38,-0.002,-0.003,-0.002,0.0,0.01,-80.3064041,26.9209496,946.95
9.3,0.5,0.0,0.01,-0.05,-0.04,-0.25,0.06,0.12,-0.3,0.45,9.526,9.633,8.947,9.006,10.5,9.71,11.77,11.09,-0.002,-0.003,-0.002,0.0,0.01,-80.3064041,26.9209496,947.0
9.2,0.5,0.0,0.01,-0.06,-0.05,-0.07,0.06,-0.07,-0.32,0.47,9.496,9.663,8.937,9.006,10.4,9.61,11.77,11.58,-0.002,-0.003,-0.002,0.0,0.01,-80.3064041,26.9209496,947.05
9.2,0.5,0.0,0.01,-0.06,-0.03,-0.3,-0.17,0.09,-0.33,0.5,9.496,9.653,8.937,8.986,10.4,9.71,11.58,11.28,-0.002,-0.003,-0.002,0.0,0.01,-80.3064041,26.9209496,947.1
9.3,0.5,0.0,0.01,-0.07,-0.06,0.02,0.16,0.09,-0.35,0.53,9.476,9.663,8.917,9.045,10.4,9.61,11.58,11.38,-0.002,-0.003,-0.002,0.0,0.01,-80.3064041,26.9209496,947.15
9.3,0.5,0.0,0.01,-0.05,-0.04,0.07,-0.03,0.12,-0.37,0.55,9.535,9.653,8.957,9.015,10.5,9.81,11.67,11.28,-0.002,-0.003,-0.002,0.0,0.01,-80.3064041,26.9209496,947.2
9.3,0.5,0.0,0.01,-0.06,-0.06,0.1,-0.08,0.38,-0.38,0.58,9.467,9.682,8.927,9.015,10.3,9.81,11.58,11.28,-0.002,-0.003,-0.002,0.0,0.01,-80.3064041,26.9209496,947.25
9.2,0.5,0.0,0.01,-0.07,-0.05,0.16,-0.13,0.13,-0.4,0.6,9.506,9.653,8.917,9.006,10.69,9.81,11.38,11.28,-0.002,-0.003,-0.002,0.0,0.02,-80.3064041,26.9209496,947.3
9.3,0.5,0.0,0.01,-0.06,-0.03,0.22,-0.21,0.22,-0.28,0.41,9.476,9.663,8.937,9.006,10.3,9.42,11.58,11.18,-0.002,-0.003,-0.002,0.0,0.02,-80.3064041,26.9209496,947.35
9.3,0.5,0.0,0.01,-0.05,-0.05,-0.1,0.09,0.13,-0.29,0.42,9.516,9.663,8.957,9.006,10.1,9.71,11.58,11.38,-0.002,-0.003,-0.002,0.0,0.02,-80.3064041,26.9209496,947.4
9.3,0.5,0.0,0.01,-0.06,-0.05,0.17,0.21,-0.25,-0.3,0.43,9.506,9.663,8.966,8.986,10.79,9.91,11.38,10.79,-0.002,-0.003,-0.002,0.0,0.02,-80.3064041,26.9209496,947.45
9.3,0.5,0.0,0.01,-0.07,-0.04,0.18,-0.13,-0.03,-0.29,0.41,9.467,9.673,8.937,9.045,10.5,9.61,11.77,11.28,-0.002,-0.003,-0.002,0.0,0.02,-80.3064041,26.9209496,947.5
9.3,0.5,0.0,0.01,-0.06,-0.03,0.08,-0.46,0.02,-0.28,0.41,9.516,9.643,8.937,9.015,10.5,10.01,11.77,11.28,-0.002,-0.003,-0.002,0.0,0.02,-80.3064041,26.9209496,947.55
9.3,0.5,0.0,0.01,-0.08,-0.06,0.37,0.19,-0.11,-0.28,0.41,9.496,9.663,8.917,9.006,10.59,10.1,11.77,11.28,-0.002,-0.003,-0.002,0.0,0.02,-80.3064041,26.9209496,947.6
9.3,0.5,0.0,0.01,-0.07,-0.02,-0.04,-0.05,0.05,-0.28,0.41,9.486,9.653,8.966,8.986,10.5,9.91,11.77,11.09,-0.002,-0.003,-0.002,0.0,0.02,-80.3064041,26.9209496,947.65
9.3,0.5,0.0,0.01,-0.04,-0.06,0.16,-0.09,0.08,-0.28,0.41,9.476,9.663,8.947,9.006,10.4,9.61,11.77,11.28,-0.002,-0.003,-0.002,0.0,0.02,-80.3064041,26.9209496,947.7
9.4,0.5,0.0,0.01,-0.07,-0.04,0.15,0.25,-0.03,-0.29,0.42,9.506,9.633,8.986,9.015,10.4,9.71,11.67,11.38,-0.002,-0.003,-0.002,0.0,0.02,-80.3064041,26.9209496,947.75
9.3,0.5,0.0,0.01,-0.06,-0.05,-0.07,-0.14,0.07,-0.29,0.42,9.486,9.633,8.917,9.025,10.5,9.81,11.67,11.38,-0.002,-0.003,-0.002,0.0,0.02,-80.3064041,26.9209496,947.8
9.3,0.5,0.0,0.01,-0.07,-0.03,0.16,0.05,0.04,-0.29,0.41,9.516,9.643,8.937,8.996,10.4,9.81,11.58,11.28,-0.002,-0.003,-0.002,0.0,0.02,-80.3064041,26.9209496,947.85
9.3,0.5,0.0,0.01,-0.06,-0.06,0.04,0.19,0.25,-0.27,0.42,9.486,9.653,8.957,9.025,10.4,9.71,11.77,10.99,-0.002,-0.003,-0.002,0.0,0.02,-80.3064041,26.9209495,947.9
9.3,0.5,0.0,0.01,-0.07,-0.02,-0.22,-0.16,0.2,-0.28,0.41,9.516,9.643,8.947,8.996,10.3,9.32,11.58,11.28,-0.002,-0.003,-0.002,0.0,0.02,-80.3064041,26.9209495,947.95
9.3,0.5,0.0,0.01,-0.06,-0.06,-0.14,-0.18,0.01,-0.28,0.41,9.467,9.682,8.937,9.015,10.69,9.52,11.77,11.38,-0.002,-0.003,-0.002,0.0,0.02,-80.3064041,26.9209495,948.0
9.3,0.5,0.0,0.01,-0.07,-0.02,-0.01,0.28,0.23,-0.27,0.41,9.555,9.653,8.937,8.986,10.4,9.91,11.77,11.28,-0.002,-0.003,-0.002,0.0,0.02,-80.3064041,26.9209495,948.05
9.3,0.5,0.0,0.01,-0.05,-0.05,0.08,-0.17,0.27,-0.28,0.42,9.496,9.653,8.937,9.035,10.4,9.81,11.58,11.48,-0.002,-0.003,-0.002,0.0,0.02,-80.3064041,26.9209495,948.1
9.3,0.5,0.0,0.01,-0.07,-0.04,0.31,0.27,-0.0,-0.27,0.42,9.506,9.643,8.947,8.996,10.3,10.01,11.48,11.18,-0.002,-0.003,-0.002,0.0,0.03,-80.3064041,26.9209495,948.15
9.3,0.5,0.0,0.01,-0.06,-0.05,-0.17,0.22,-0.19,-0.28,0.43,9.506,9.653,8.927,9.006,10.4,9.71,11.67,11.48,-0.002,-0.003,-0.002,0.0,0.02,-80.3064041,26.9209495,948.2
9.3,0.5,0.0,0.01,-0.07,-0.04,-0.04,0.2,0.08,-0.28,0.42,9.526,9.682,8.937,9.015,10.4,9.81,11.77,10.99,-0.002,-0.003,-0.002,0.0,0.03,-80.3064041,26.9209495,948.25
9.3,0.5,0.0,0.01,-0.04,-0.03,-0.17,-0.18,0.04,-0.28,0.41,9.486,9.663,8.957,8.986,10.4,9.91,11.77,11.48,-0.002,-0.003,-0.002,0.0,0.03,-80.3064041,26.9209495,948.3
9.3,0.5,0.0,0.01,-0.07,-0.03,-0.06,-0.02,-0.14,-0.28,0.42,9.486,9.663,8.957,8.996,10.4,9.71,11.58,11.48,-0.002,-0.003,-0.002,0.0,0.02,-80.3064041,26.9209495,948.35
9.3,0.5,0.0,0.01,-0.06,-0.05,0.01,-0.21,0.04,-0.29,0.42,9.496,9.653,8.947,9.035,10.5,10.01,11.77,11.09,-0.002,-0.003,-0.002,0.0,0.02,-80.3064041,26.9209495,948.4
9.3,0.5,0.0,0.01,-0.06,-0.04,0.04,0.0,0.06,-0.28,0.42,9.535,9.653,8.947,9.006,10.3,9.52,11.87,11.09,-0.002,-0.003,-0.002,0.0,0.02,-80.3064041,26.9209495,948.45
9.3,0.5,0.0,0.01,-0.06,-0.05,-0.0,0.17,-0.01,-0.29,0.43,9.467,9.673,8.937,9.035,10.3,9.71,11.77,11.48,-0.002,-0.003,-0.002,0.0,0.02,-80.3064041,26.9209495,948.5
9.3,0.5,0.0,0.01,-0.06,-0.03,-0.11,0.29,0.17,-0.28,0.42,9.535,9.643,8.937,9.006,10.3,9.91,11.38,11.28,-0.002,-0.003,-0.002,0.0,0.02,-80.3064041,26.9209494,948.55
9.3,0.5,0.0,0.01,-0.06,-0.08,0.29,0.24,-0.25,-0.27,0.41,9.506,9.663,8.927,9.015,10.3,9.42,11.58,11.28,-0.002,-0.003,-0.002,0.0,0.02,-80.3064041,26.9209494,948.6
9.3,0.5,0.0,0.02,-0.06,-0.03,-0.07,-0.04,-0.06,-0.28,0.41,9.506,9.643,8.966,9.006,10.3,9.71,12.07,11.38,-0.002,-0.003,-0.002,0.0,0.02,-80.3064041,26.9209494,948.65
9.3,0.5,0.0,0.02,-0.07,-0.04,0.14,0.11,0.05,-0.29,0.41,9.486,9.663,8.957,9.055,10.2,10.01,11.38,11.09,-0.002,-0.003,-0.002,0.0,0.02,-80.3064041,26.9209494,948.7
9.3,0.5,0.0,0.02,-0.07,-0.05,0.28,0.11,-0.19,-0.28,0.41,9.506,9.663,8.937,9.006,10.59,9.81,11.58,10.99,-0.002,-0.003,-0.002,0.0,0.02,-80.3064041,26.9209494,948.75
9.3,0.5,0.0,0.02,-0.06,-0.05,-0.02,0.01,0.08,-0.28,0.41,9.496,9.653,8.937,8.996,10.1,9.71,11.77,11.28,-0.002,-0.003,-0.002,0.0,0.02,-80.3064041,26.9209494,948.8
9.3,0.5,0.0,0.02,-0.06,-0.04,-0.06,-0.09,0.02,-0.28,0.43,9.516,9.663,8.957,9.025,10.2,9.91,11.77,11.18,-0.002,-0.003,-0.002,0.0,0.02,-80.3064041,26.9209494,948.85
9.3,0.5,0.0,0.02,-0.07,-0.05,0.38,0.14,0.2,-0.28,0.4,9.506,9.673,8.947,8.996,10.1,9.81,11.77,11.38,-0.002,-0.003,-0.002,0.0,0.02,-80.3064041,26.9209494,948.9
9.3,0.5,0.0,0.02,-0.02,-0.1,-0.12,-0.09,-0.27,-0.28,0.41,9.486,9.643,8.947,9.035,10.5,9.61,11.87,11.28,-0.002,-0.003,-0.002,0.0,0.02,-80.3064041,26.9209494,948.95
9.3,0.5,0.0,0.02,-0.07,-0.02,0.22,-0.02,0.26,-0.29,0.42,9.506,9.673,8.937,9.025,10.1,9.81,11.58,11.38,-0.002,-0.003,-0.002,0.0,0.02,-80.3064041,26.9209494,949.0
9.3,0.5,0.0,0.02,-0.07,-0.06,-0.01,0.27,-0.4,-0.27,0.41,9.526,9.653,8.927,8.986,10.2,9.91,11.77,11.18,-0.002,-0.003,-0.002,0.0,0.02,-80.3064041,26.9209494,949.05
9.3,0.5,0.0,0.02,-0.07,-0.05,0.33,0.03,-0.07,-0.29,0.41,9.496,9.633,8.957,9.035,10.2,9.71,11.87,11.38,-0.002,-0.003,-0.002,0.0,0.03,-80.3064041,26.9209494,949.1
9.3,0.5,0.0,0.02,-0.06,-0.03,0.08,0.05,0.25,-0.29,0.4,9.506,9.653,8.947,9.015,10.3,9.81,11.67,11.77,-0.002,-0.003,-0.002,0.0,0.01,-80.3064041,26.9209494,949.15
9.2,0.5,0.0,0.01,-0.06,-0.05,0.07,-0.2,-0.26,-0.28,0.42,9.506,9.673,8.907,9.006,10.2,9.61,11.38,11.58,-0.002,-0.003,-0.002,0.0,0.02,-80.3064041,26.9209494,949.2
9.3,0.5,0.0,0.02,-0.07,-0.02,-0.21,0.1,0.16,-0.27,0.41,9.496,9.663,8.976,9.006,10.2,9.91,11.48,11.38,-0.002,-0.003,-0.002,0.0,0.01,-80.3064042,26.9209493,949.25
9.3,0.5,0.0,0.02,-0.04,-0.07,-0.08,0.2,0.17,-0.3,0.4,9.467,9.653,8.937,8.996,10.2,9.71,11.58,10.99,-0.002,-0.003,-0.002,0.0,0.01,-80.3064042,26.9209493,949.3
9.3,0.5,0.0,0.02,-0.06,-0.03,0.06,-0.02,0.18,-0.31,0.38,9.516,9.653,8.917,8.986,10.4,9.91,11.77,11.09,-0.002,-0.003,-0.002,0.0,0.01,-80.3064042,26.9209493,949.35
9.3,0.5,0.0,0.02,-0.07,-0.05,0.09,-0.02,-0.13,-0.33,0.36,9.496,9.663,8.927,9.045,10.3,9.52,11.38,11.09,-0.002,-0.003,-0.002,0.0,0.01,-80.3064042,26.9209493,949.4
9.2,0.5,0.0,0.02,-0.07,-0.03,0.17,-0.41,-0.7,-0.28,0.41,9.516,9.653,8.917,9.006,10.3,9.52,11.58,11.09,-0.002,-0.003,-0.002,0.0,0.01,-80.3064042,26.9209493,949.45
9.3,0.5,0.0,0.02,-0.07,-0.04,0.25,0.0,-0.37,-0.3,0.38,9.486,9.663,8.937,9.035,10.59,9.71,11.38,11.28,-0.002,-0.003,-0.002,0.0,0.01,-80.3064042,26.9209493,949.5
9.3,0.5,0.0,0.02,-0.06,-0.04,-0.04,-0.19,0.18,-0.32,0.34,9.526,9.633,8.947,8.966,10.4,9.52,11.67,11.18,-0.002,-0.003,-0.002,0.0,0.01,-80.3064042,26.9209493,949.55
9.3,0.5,0.0,0.02,-0.06,-0.05,0.22,-0.02,0.29,-0.34,0.31,9.516,9.624,8.927,9.035,10.4,9.71,11.87,11.38,-0.002,-0.003,-0.002,0.0,0.01,-80.3064042,26.9209493,949.6
9.3,0.5,0.0,0.02,-0.05,-0.04,-0.15,-0.24,-0.04,-0.28,0.41,9.476,9.653,8.937,9.006,10.3,9.81,11.77,11.18,-0.002,-0.003,-0.002,0.0,0.01,-80.3064042,26.9209493,949.65
9.3,0.5,0.0,0.02,-0.07,-0.03,0.1,0.05,-0.24,-0.27,0.41,9.535,9.673,8.947,9.035,10.3,9.61,11.58,11.38,-0.002,-0.003,-0.002,0.0,0.01,-80.3064042,26.9209493,949.7
9.3,0.5,0.0,0.02,-0.08,-0.05,0.24,0.04,-0.35,-0.27,0.41,9.486,9.692,8.927,8.986,10.3,9.81,11.67,11.18,-0.002,-0.003,-0.002,0.0,0.01,-80.3064042,26.9209493,949.75
9.3,0.5,0.0,0.02,-0.06,-0.04,-0.26,-0.23,0.04,-0.28,0.41,9.526,9.663,8.927,8.996,10.3,9.71,11.87,11.38,-0.002,-0.003,-0.002,0.0,0.01,-80.3064042,26.9209493,949.8
9.3,0.5,0.0,0.02,-0.06,-0.06,-0.05,0.04,0.24,-0.28,0.41,9.467,9.653,8.947,9.025,10.5,9.81,11.58,11.09,-0.002,-0.003,-0.002,0.0,0.01,-80.3064042,26.9209493,949.85
9.3,0.5,0.0,0.02,-0.07,-0.05,0.18,0.21,-0.31,-0.27,0.41,9.506,9.663,8.917,9.025,10.4,9.71,11.58,11.09,-0.002,-0.003,-0.002,0.0,0.01,-80.3064042,26.9209492,949.9
9.3,0.5,0.0,0.02,-0.06,-0.06,0.05,0.03,-0.27,-0.28,0.41,9.496,9.663,8.917,8.996,10.3,9.81,11.48,11.09,-0.002,-0.003,-0.002,0.0,0.01,-80.3064042,26.9209493,949.95
9.3,0.5,0.0,0.02,-0.07,-0.04,0.09,-0.01,-0.12,-0.27,0.41,9.506,9.643,8.976,9.035,10.4,9.71,11.38,11.09,-0.002,-0.003,-0.002,0.0,0.01,-80.3064042,26.9209493,950.0
9.3,0.5,0.0,0.02,-0.06,-0.03,-0.27,-0.19,-0.15,-0.27,0.42,9.486,9.663,8.966,9.035,10.3,10.01,11.58,11.58,-0.002,-0.003,-0.002,0.0,0.01,-80.3064042,26.9209493,950.05
9.3,0.5,0.0,0.02,-0.07,-0.04,0.11,-0.36,0.22,-0.25,0.44,9.526,9.653,8.927,9.025,10.69,9.71,11.77,11.09,-0.002,-0.003,-0.002,0.0,0.01,-80.3064042,26.9209493,950.1
9.3,0.5,0.0,0.02,-0.05,-0.05,0.0,-0.08,0.07,-0.24,0.45,9.506,9.663,8.947,9.006,10.4,9.91,11.67,10.99,-0.002,-0.003,-0.002,0.0,0.01,-80.3064042,26.9209493,950.15
9.3,0.5,0.0,0.02,-0.06,-0.04,0.09,-0.04,-0.08,-0.23,0.47,9.476,9.643,8.966,9.055,10.3,9.71,11.48,11.28,-0.002,-0.003,-0.002,0.0,0.01,-80.3064042,26.9209493,950.2
9.3,0.5,0.0,0.02,-0.05,-0.06,0.07,0.34,0.06,-0.27,0.41,9.496,9.624,8.947,8.986,10.4,9.71,11.77,11.28,-0.002,-0.003,-0.002,0.0,0.01,-80.3064042,26.9209493,950.25
9.3,0.5,0.0,0.02,-0.08,-0.04,0.03,-0.03,-0.02,-0.27,0.41,9.496,9.663,8.907,9.015,10.5,9.81,11.58,11.38,-0.002,-0.003,-0.002,0.0,0.01,-80.3064042,26.9209493,950.3
9.3,0.5,0.0,0.02,-0.05,-0.04,0.01,0.0,0.02,-0.27,0.41,9.496,9.663,8.947,8.986,10.4,9.71,11.48,11.09,-0.002,-0.003,-0.002,0.0,0.01,-80.3064042,26.9209493,950.35
9.3,0.5,0.0,0.02,-0.06,-0.05,-0.63,0.3,0.1,-0.27,0.41,9.486,9.653,8.937,9.006,10.4,10.01,11.58,11.09,-0.002,-0.003,-0.002,0.0,0.01,-80.3064042,26.9209493,950.4
9.3,0.5,0.0,0.02,-0.07,-0.05,0.1,0.13,-0.17,-0.27,0.42,9.516,9.643,8.947,8.986,10.3,10.01,11.77,11.28,-0.002,-0.003,-0.002,0.0,0.01,-80.3064042,26.9209493,950.45
9.2,0.5,0.0,0.02,-0.07,-0.05,0.18,0.08,0.26,-0.27,0.41,9.506,9.663,8.917,9.015,10.5,9.71,11.67,11.38,-0.002,-0.003,-0.002,0.0,0.01,-80.3064042,26.9209493,950.5
9.2,0.5,0.0,0.01,-0.07,-0.03,-0.17,0.19,-0.33,-0.26,0.4,9.516,9.643,8.917,8.976,10.2,9.71,12.07,11.38,-0.002,-0.003,-0.002,0.0,0.0,-80.3064042,26.9209493,950.55
9.3,0.5,0.0,0.01,-0.06,-0.05,-0.2,0.08,0.07,-0.26,0.42,9.506,9.673,8.947,9.025,10.5,9.81,11.77,11.18,-0.002,-0.003,-0.002,0.0,0.01,-80.3064042,26.9209493,950.6
9.3,0.5,0.0,0.01,-0.06,-0.04,0.15,0.08,-0.01,-0.27,0.41,9.467,9.633,8.957,8.986,10.4,9.81,11.58,11.28,-0.002,-0.003,-0.002,0.0,0.01,-80.3064042,26.9209493,950.65
9.3,0.5,0.0,0.01,-0.07,-0.05,-0.15,-0.03,-0.33,-0.27,0.4,9.516,9.653,8.927,9.045,10.5,9.61,11.67,11.48,-0.002,-0.003,-0.002,0.0,0.01,-80.3064042,26.9209493,950.7
9.3,0.5,0.0,0.02,-0.07,-0.04,0.11,-0.06,-0.26,-0.27,0.4,9.535,9.663,8.947,8.976,10.5,9.81,11.77,11.09,-0.002,-0.003,-0.002,0.0,0.01,-80.3064042,26.9209493,950.75
9.3,0.5,0.0,0.02,-0.07,-0.04,0.12,-0.39,-0.16,-0.26,0.4,9.476,9.673,8.907,9.015,10.5,9.81,11.58,11.58,-0.002,-0.003,-0.002,0.0,0.01,-80.3064042,26.9209493,950.8
9.3,0.5,0.0,0.02,-0.07,-0.03,-0.14,-0.1,-0.12,-0.26,0.42,9.486,9.663,8.947,9.006,10.4,9.91,11.48,11.38,-0.002,-0.003,-0.002,0.0,0.01,-80.3064042,26.9209493,950.85
9.5,0.4,0.0,0.02,-0.05,-0.05,-0.27,-0.11,0.18,-0.26,0.41,9.486,9.653,9.025,9.094,10.59,9.71,11.48,11.09,-0.002,-0.003,-0.002,0.0,0.01,-80.3064042,26.9209493,950.9
9.3,0.5,0.0,0.02,-0.08,-0.01,0.01,0.01,-0.21,-0.26,0.4,9.545,9.663,8.927,8.996,10.4,9.71,11.67,11.18,-0.002,-0.003,-0.002,0.0,0.01,-80.3064042,26.9209493,950.95
