handwheelAngle,throttle,brake,vxCG,axCG,ayCG,yawRate,rollRate,pitchRate,rollAngle,pitchAngle,chassisAccelFL,chassisAccelFR,chassisAccelRL,chassisAccelRR,wheelAccelFL,wheelAccelFR,wheelAccelRL,wheelAccelRR,deflectionFL,deflectionFR,deflectionRR,sideSlip,vyCG,longitude,latitude,time
18.3,4.2,0.0,26.28,-1.94,7.44,14.42,1.5,1.32,0.17,-0.54,7.132,13.557,4.846,6.72,2.94,7.26,4.41,11.67,0.005,-0.004,-0.004,-0.53,-0.24,-80.3061467,26.9271762,239.8
16.4,3.4,0.0,26.17,-1.9,5.99,14.73,-1.12,1.13,0.09,-0.47,13.391,6.308,8.839,8.819,7.95,11.18,8.73,11.67,0.004,-0.004,-0.003,-0.63,-0.29,-80.3061338,26.927179,239.85
15.9,2.8,0.0,26.04,-2.39,7.03,13.39,3.07,-0.71,0.18,-0.47,7.858,13.302,5.229,6.887,15.6,6.08,16.38,12.26,0.004,-0.005,-0.003,-0.58,-0.26,-80.3061211,26.927182,239.9
14.4,2.6,0.0,25.92,-2.08,6.51,12.18,-0.27,0.14,0.17,-0.46,9.79,6.112,6.818,7.642,9.71,12.26,14.62,20.8,0.004,-0.005,-0.003,-0.48,-0.22,-80.3061084,26.927185,239.95
13.7,2.5,0.0,25.79,-2.4,5.9,11.72,-0.71,-0.51,0.13,-0.49,7.622,13.145,6.121,7.044,6.67,7.85,15.11,9.61,0.003,-0.004,-0.003,-0.46,-0.21,-80.3060958,26.9271883,240.0
13.5,2.5,0.0,25.66,-2.0,5.34,11.09,-0.18,-0.25,0.16,-0.5,7.034,5.984,7.485,7.76,13.05,10.5,9.42,8.04,0.004,-0.004,-0.003,-0.43,-0.19,-80.3060834,26.9271916,240.05
12.8,2.5,0.0,25.55,-1.79,5.02,10.44,-1.67,0.3,0.12,-0.5,6.769,15.588,5.915,7.161,8.93,11.09,9.12,9.52,0.003,-0.004,-0.002,-0.34,-0.15,-80.306071,26.927195,240.1
10.9,2.4,0.0,25.41,-2.58,4.35,10.36,1.08,0.27,0.13,-0.48,10.899,5.66,6.063,7.338,7.06,9.03,11.28,13.93,0.003,-0.004,-0.002,-0.3,-0.13,-80.3060588,26.9271984,240.15
10.4,2.5,0.0,25.29,-2.44,4.7,9.52,0.76,0.37,0.14,-0.46,10.35,6.828,4.13,6.553,12.95,3.34,15.99,17.46,0.003,-0.004,-0.001,-0.25,-0.11,-80.3060466,26.927202,240.2
8.8,2.4,0.0,25.19,-2.01,4.48,9.11,0.22,-1.52,0.1,-0.47,9.221,13.567,2.678,8.26,10.69,10.89,15.3,12.26,0.002,-0.004,-0.001,-0.31,-0.14,-80.3060345,26.9272057,240.25
7.3,2.4,0.0,25.07,-1.91,4.77,7.93,-0.9,0.53,0.04,-0.48,7.24,7.132,7.897,9.369,4.32,11.58,14.22,9.61,0.002,-0.003,-0.001,-0.21,-0.09,-80.3060226,26.9272094,240.3
6.8,2.5,0.0,24.95,-1.89,2.33,6.89,-0.9,1.69,0.04,-0.45,8.986,12.508,6.995,8.868,12.16,6.87,11.28,9.03,0.002,-0.003,-0.001,-0.25,-0.11,-80.3060108,26.9272132,240.35
5.2,2.4,0.0,24.84,-1.4,2.86,6.24,0.21,1.45,0.03,-0.36,9.849,9.172,4.228,7.936,11.67,10.79,7.06,7.06,0.002,-0.003,-0.001,-0.19,-0.08,-80.305999,26.927217,240.4
1.7,2.4,0.0,24.72,-2.79,1.41,5.7,-4.16,0.93,-0.1,-0.32,8.898,7.308,6.386,5.494,11.28,-4.32,11.18,15.3,0.002,-0.003,0.002,-0.22,-0.1,-80.3059873,26.9272209,240.45
1.3,2.5,0.0,24.61,-2.11,2.85,3.95,0.56,0.9,-0.16,-0.3,9.535,4.876,6.632,9.476,8.04,5.3,17.17,13.05,0.002,-0.003,0.002,-0.13,-0.05,-80.3059756,26.9272248,240.5
-1.0,2.4,0.0,24.5,-2.46,0.96,2.62,-2.05,1.06,-0.3,-0.24,8.28,11.9,5.925,7.74,11.38,8.73,15.21,0.88,0.001,-0.002,0.002,-0.16,-0.07,-80.305964,26.9272287,240.55
-1.2,2.5,0.0,24.39,-2.17,0.51,1.24,-1.31,-0.23,-0.38,-0.22,10.163,9.977,12.233,9.182,13.54,8.63,11.48,-14.72,0.001,-0.002,0.002,-0.15,-0.06,-80.3059525,26.9272327,240.6
-1.6,2.5,0.0,24.3,-1.01,1.13,1.12,-1.83,0.57,-0.54,-0.16,9.025,14.421,7.279,6.7,4.81,8.93,11.38,24.62,0.0,-0.001,0.004,-0.04,-0.02,-80.3059411,26.9272367,240.65
-2.5,2.5,0.0,24.18,-2.28,0.3,0.66,-1.27,1.99,-0.56,-0.1,7.799,9.849,7.711,7.328,6.57,5.59,5.1,13.54,0.0,-0.001,0.003,-0.08,-0.03,-80.3059297,26.9272406,240.7
-4.0,2.5,0.0,24.09,-1.67,-0.8,0.19,-0.09,0.74,-0.6,0.01,12.979,8.378,4.179,7.201,12.75,9.81,6.77,8.93,0.0,-0.001,0.004,-0.08,-0.04,-80.3059184,26.9272446,240.75
-6.8,2.5,0.0,23.99,-2.17,-0.85,-0.71,-0.07,0.88,-0.65,0.05,11.125,6.916,9.231,6.121,12.95,13.73,11.18,13.73,-0.0,-0.0,0.005,-0.07,-0.03,-80.3059071,26.9272485,240.8
-10.2,2.5,0.0,23.89,-1.31,-0.94,-2.09,-1.65,1.12,-0.68,0.1,9.987,6.916,8.476,7.603,11.18,13.44,16.97,13.64,-0.0,-0.0,0.005,-0.07,-0.03,-80.3058959,26.9272524,240.85
-11.9,2.6,0.0,23.78,-2.01,-2.97,-4.19,-1.57,1.6,-0.74,0.15,8.907,7.387,7.848,7.583,8.44,10.3,15.11,18.93,-0.001,0.0,0.005,-0.1,-0.04,-80.3058847,26.9272563,240.9
-15.0,2.6,0.0,23.69,-2.42,-2.11,-5.97,-0.4,0.9,-0.77,0.19,10.742,6.023,6.632,8.044,12.95,4.71,20.8,10.2,-0.001,0.0,0.006,0.0,0.0,-80.3058736,26.9272601,240.95
-17.3,2.6,0.0,23.59,-1.7,-2.47,-7.49,-0.63,1.62,-0.81,0.26,10.644,7.593,8.289,6.347,15.3,9.32,14.42,9.03,-0.001,0.001,0.006,-0.01,-0.0,-80.3058625,26.9272639,241.0
-19.4,2.6,0.0,23.49,-2.32,-4.15,-8.73,-3.31,1.88,-0.9,0.35,8.329,8.633,5.121,7.299,11.67,9.22,7.06,13.24,-0.002,0.001,0.007,-0.03,-0.01,-80.3058514,26.9272676,241.05
-23.6,2.6,0.0,23.38,-2.99,-4.49,-9.98,-2.89,2.09,-0.98,0.41,10.536,5.405,7.936,7.151,5.0,10.99,12.16,7.16,-0.002,0.002,0.008,0.06,0.02,-80.3058403,26.9272712,241.1
-25.4,2.6,0.0,23.29,-2.17,-5.47,-11.57,-2.46,2.4,-1.04,0.49,11.164,3.679,11.075,7.995,9.03,11.18,7.55,9.32,-0.002,0.002,0.009,0.01,0.01,-80.3058293,26.9272747,241.15
-29.4,2.7,0.0,23.18,-2.58,-6.23,-12.89,-1.04,2.12,-1.1,0.58,11.272,4.797,9.408,7.063,13.44,7.95,3.34,11.28,-0.003,0.002,0.01,0.0,0.0,-80.3058183,26.9272781,241.2
-34.3,2.7,0.0,23.08,-2.74,-5.54,-14.48,-2.78,1.56,-1.24,0.65,10.271,5.906,9.182,7.004,13.73,9.81,2.45,12.36,-0.003,0.003,0.011,0.09,0.04,-80.3058073,26.9272814,241.25
-37.3,2.7,0.0,22.98,-2.19,-5.05,-16.54,-3.66,0.99,-1.35,0.71,10.477,6.004,8.476,8.378,9.22,8.53,5.69,10.4,-0.004,0.003,0.012,0.2,0.08,-80.3057963,26.9272844,241.3
-39.7,2.8,0.0,22.87,-2.38,-5.76,-18.03,-0.35,2.48,-1.43,0.79,9.79,10.487,6.769,6.112,4.81,13.15,10.2,18.93,-0.004,0.004,0.013,0.34,0.13,-80.3057853,26.9272875,241.35
-39.1,2.7,0.0,22.76,-3.04,-7.12,-18.53,-0.23,3.09,-1.44,0.91,6.269,16.304,8.152,4.424,4.91,12.16,17.66,6.67,-0.004,0.005,0.014,0.37,0.15,-80.3057743,26.9272903,241.4
-38.8,2.7,0.0,22.68,-2.2,-7.34,-19.99,0.29,2.79,-1.46,1.0,6.622,14.715,5.778,4.621,14.91,6.28,13.05,25.6,-0.004,0.005,0.016,0.52,0.21,-80.3057634,26.9272931,241.45
-40.0,2.8,0.0,22.57,-2.01,-7.84,-20.51,-2.59,1.53,-1.45,1.05,10.83,5.955,9.486,7.603,13.93,8.93,18.93,15.21,-0.004,0.005,0.016,0.55,0.22,-80.3057524,26.9272956,241.5
-41.4,2.8,0.0,22.45,-2.45,-8.12,-19.93,-0.56,2.78,-1.49,1.13,9.898,6.014,9.653,6.514,8.73,6.47,17.17,9.42,-0.005,0.005,0.017,0.59,0.23,-80.3057415,26.927298,241.55
-42.6,2.9,0.0,22.35,-1.9,-7.26,-20.05,-1.11,1.99,-1.48,1.18,13.322,11.203,9.928,6.769,1.67,7.55,15.21,12.65,-0.005,0.005,0.017,0.64,0.25,-80.3057305,26.9273002,241.6
-43.2,2.9,0.0,22.23,-2.1,-6.77,-20.21,-0.03,0.51,-1.49,1.2,11.752,12.949,9.82,7.632,9.61,6.97,10.89,15.99,-0.006,0.005,0.018,0.67,0.26,-80.3057196,26.9273022,241.65
-43.1,3.0,0.0,22.12,-2.14,-8.23,-20.76,0.68,-0.01,-1.47,1.22,8.711,11.223,12.616,7.073,14.81,14.22,1.57,15.79,-0.005,0.005,0.018,0.66,0.26,-80.3057087,26.927304,241.7
-43.1,3.0,0.0,22.01,-2.18,-7.91,-20.68,0.87,0.48,-1.48,1.25,6.259,12.253,8.554,6.553,10.99,15.89,14.03,18.64,-0.006,0.005,0.018,0.65,0.25,-80.3056978,26.9273056,241.75
-42.5,3.1,0.0,21.89,-2.44,-8.55,-20.44,-0.47,0.77,-1.51,1.25,7.917,14.784,9.879,8.878,15.7,12.75,12.16,7.06,-0.006,0.005,0.018,0.68,0.26,-80.305687,26.9273071,241.8
-42.9,3.2,0.0,21.78,-3.33,-8.31,-20.86,2.02,1.68,-1.49,1.26,9.83,8.132,8.731,7.72,9.81,11.77,6.08,15.21,-0.006,0.005,0.018,0.68,0.26,-80.3056761,26.9273083,241.85
-42.8,3.3,0.0,21.68,-1.97,-7.92,-21.05,0.22,0.46,-1.45,1.26,10.291,11.389,7.25,7.799,7.26,4.91,10.4,12.65,-0.005,0.005,0.018,0.72,0.27,-80.3056653,26.9273094,241.9
-42.9,3.4,0.0,21.55,-3.42,-9.72,-20.08,0.34,1.81,-1.45,1.27,10.811,5.827,10.457,9.516,8.34,7.16,6.18,12.95,-0.005,0.005,0.018,0.67,0.25,-80.3056546,26.9273103,241.95
-43.1,3.5,0.0,21.45,-2.3,-7.63,-19.74,-0.06,1.18,-1.44,1.32,10.036,8.849,11.115,8.594,5.98,7.55,0.59,19.23,-0.005,0.005,0.018,0.65,0.24,-80.3056438,26.9273111,242.0
-42.7,3.7,0.0,21.35,-2.38,-7.66,-20.17,-0.65,1.43,-1.42,1.36,13.891,8.535,7.622,9.015,11.58,10.4,7.65,18.64,-0.005,0.005,0.019,0.65,0.24,-80.3056332,26.9273116,242.05
-43.7,4.1,0.0,21.23,-2.79,-8.19,-20.28,-0.34,0.7,-1.4,1.37,11.566,8.741,12.292,7.377,9.61,12.95,2.55,13.73,-0.005,0.005,0.018,0.57,0.21,-80.3056225,26.9273119,242.1
-44.1,4.2,0.0,21.13,-2.26,-7.18,-20.96,0.04,1.08,-1.39,1.36,12.684,9.938,10.104,9.604,12.95,9.91,8.53,15.6,-0.005,0.005,0.018,0.68,0.25,-80.305612,26.9273121,242.15
-46.6,4.5,0.0,21.03,-2.32,-6.58,-20.64,-1.84,1.2,-1.44,1.37,9.741,8.976,11.909,8.623,12.65,10.89,5.98,13.73,-0.005,0.005,0.018,0.59,0.22,-80.3056015,26.9273122,242.2
-47.1,4.9,0.0,20.94,-1.93,-7.64,-20.99,-1.32,1.4,-1.46,1.39,12.125,7.161,8.005,7.877,12.65,10.59,7.55,23.35,-0.006,0.005,0.018,0.55,0.2,-80.305591,26.927312,242.25
-49.0,5.1,0.0,20.85,-1.93,-6.74,-21.56,-1.7,-0.03,-1.47,1.37,9.83,15.206,11.87,8.24,9.52,16.38,7.65,11.77,-0.006,0.005,0.018,0.57,0.21,-80.3055805,26.9273117,242.3
-48.9,5.6,0.0,20.77,-2.05,-8.07,-21.98,-1.54,-0.27,-1.49,1.32,10.879,13.087,11.9,7.544,9.61,15.4,9.81,9.61,-0.006,0.005,0.018,0.53,0.19,-80.3055701,26.9273112,242.35
-49.2,6.2,0.0,20.69,-2.34,-8.01,-22.46,-1.77,0.28,-1.5,1.28,8.348,16.765,9.575,6.151,10.59,15.6,11.38,4.91,-0.006,0.005,0.017,0.56,0.2,-80.3055598,26.9273105,242.4
-49.3,6.9,0.0,20.65,-2.09,-9.84,-22.73,3.4,0.06,-1.42,1.2,7.652,10.84,10.487,8.083,2.84,13.54,13.34,-5.2,-0.006,0.005,0.017,0.51,0.18,-80.3055495,26.9273096,242.45
-50.0,7.2,0.0,20.65,0.93,-7.03,-22.27,4.35,-1.74,-1.31,1.09,7.201,13.94,10.614,8.741,6.28,10.2,12.07,2.84,-0.005,0.006,0.016,0.52,0.19,-80.3055392,26.9273086,242.5
-50.7,7.6,0.0,20.69,-0.46,-10.49,-21.47,-1.89,-0.21,-1.33,1.01,9.741,6.082,10.32,10.516,10.3,14.91,10.01,5.98,-0.004,0.007,0.016,0.41,0.15,-80.305529,26.9273074,242.55
-51.2,7.9,0.0,20.72,1.45,-6.18,-20.95,2.92,-2.49,-1.24,0.92,8.564,11.37,5.091,7.76,12.26,9.91,4.71,8.34,-0.004,0.007,0.015,0.55,0.2,-80.3055188,26.927306,242.6
-51.7,8.0,0.0,20.77,0.48,-9.36,-20.09,-0.56,0.32,-1.21,0.9,11.674,8.79,7.73,6.367,14.91,15.21,7.26,6.28,-0.003,0.008,0.015,0.4,0.14,-80.3055085,26.9273044,242.65
-51.8,8.2,0.0,20.84,1.51,-6.78,-19.78,1.34,-1.07,-1.09,0.82,8.093,14.46,10.683,10.438,15.21,9.32,9.81,3.24,-0.003,0.008,0.014,0.4,0.14,-80.3054983,26.9273026,242.7
-52.2,8.4,0.0,20.92,0.63,-8.75,-20.43,-0.51,0.18,-1.04,0.77,10.261,8.319,11.488,10.438,11.58,8.83,8.34,7.55,-0.003,0.008,0.014,0.35,0.13,-80.3054881,26.9273006,242.75
-52.3,8.5,0.0,20.99,1.12,-7.36,-20.07,1.95,-1.38,-0.95,0.69,6.818,11.811,13.185,11.36,11.87,6.67,8.44,8.73,-0.003,0.008,0.013,0.34,0.12,-80.3054779,26.9272985,242.8
-53.1,8.8,0.0,21.06,1.79,-6.27,-20.06,-0.12,-0.79,-0.92,0.64,12.733,6.121,10.036,8.594,10.89,2.94,12.95,8.34,-0.003,0.008,0.013,0.36,0.13,-80.3054677,26.9272963,242.85
-53.2,8.9,0.0,21.13,1.15,-8.1,-20.18,0.6,-0.26,-0.86,0.62,10.202,6.651,8.525,7.573,9.61,11.38,11.18,6.47,-0.003,0.008,0.012,0.23,0.09,-80.3054575,26.9272938,242.9
-53.4,9.1,0.0,21.2,2.14,-6.63,-20.9,0.67,-1.0,-0.8,0.59,12.763,10.683,10.212,8.329,7.06,9.03,8.44,9.61,-0.003,0.008,0.012,0.28,0.1,-80.3054473,26.9272912,242.95
-54.5,9.3,0.0,21.29,2.23,-6.32,-21.1,2.57,-1.19,-0.69,0.54,12.351,5.749,16.167,10.114,10.1,13.54,7.46,11.09,-0.003,0.008,0.012,0.26,0.1,-80.3054371,26.9272884,243.0
-55.7,9.3,0.0,21.35,1.34,-8.74,-20.87,0.32,-0.31,-0.68,0.49,12.184,7.583,9.3,8.574,10.4,12.16,7.06,5.69,-0.003,0.008,0.012,0.26,0.1,-80.305427,26.9272855,243.05
-56.9,9.4,0.0,21.42,1.0,-9.0,-21.27,1.4,-0.08,-0.64,0.48,11.115,10.163,12.782,10.448,12.07,7.55,6.87,8.53,-0.003,0.008,0.012,0.31,0.12,-80.3054169,26.9272822,243.1
-56.9,9.5,0.0,21.5,1.47,-7.64,-22.27,0.78,-0.67,-0.65,0.46,8.358,7.573,12.282,9.221,15.01,11.48,6.87,3.63,-0.003,0.008,0.012,0.37,0.14,-80.3054068,26.9272789,243.15
-57.7,9.5,0.0,21.58,1.44,-8.16,-22.85,1.46,-1.29,-0.58,0.42,10.438,11.301,11.998,9.624,13.05,14.03,2.35,8.73,-0.003,0.008,0.012,0.36,0.14,-80.3053967,26.9272754,243.2
-57.1,9.6,0.0,21.65,0.61,-8.69,-22.48,-0.51,-0.07,-0.57,0.39,10.438,13.028,10.094,7.22,12.85,15.4,13.54,6.57,-0.003,0.008,0.012,0.47,0.18,-80.3053867,26.9272717,243.25
-57.3,9.7,0.0,21.73,1.17,-9.77,-23.13,0.17,0.62,-0.52,0.39,12.91,6.386,9.202,7.524,13.24,12.16,8.53,6.57,-0.003,0.008,0.012,0.46,0.17,-80.3053768,26.9272679,243.3
-56.8,9.9,0.0,21.82,1.55,-8.74,-23.79,2.73,-0.92,-0.46,0.37,15.794,1.805,9.388,9.074,8.53,8.63,15.79,15.3,-0.003,0.008,0.012,0.54,0.2,-80.3053669,26.9272638,243.35
-56.1,9.9,0.0,21.9,1.27,-11.42,-23.79,-2.71,0.31,-0.47,0.33,13.106,7.269,8.849,7.485,10.79,8.83,6.47,16.97,-0.003,0.008,0.012,0.52,0.2,-80.305357,26.9272596,243.4
-54.4,10.0,0.0,21.97,1.88,-9.16,-23.35,2.19,-0.59,-0.42,0.29,11.144,10.408,7.269,7.093,14.22,12.16,12.26,14.32,-0.003,0.009,0.012,0.67,0.26,-80.3053472,26.9272551,243.45
-53.2,10.2,0.0,22.06,1.92,-10.1,-23.89,-1.0,-0.09,-0.41,0.25,10.673,11.644,7.897,5.327,17.66,11.09,15.4,10.79,-0.003,0.009,0.012,0.74,0.28,-80.3053375,26.9272505,243.5
-52.9,10.5,0.0,22.15,2.3,-7.46,-23.89,2.64,-0.88,-0.34,0.19,14.068,7.593,6.465,6.17,19.42,10.69,20.5,16.68,-0.003,0.009,0.012,0.77,0.3,-80.3053278,26.9272457,243.55
-52.4,10.8,0.0,22.24,2.55,-7.5,-22.76,-1.15,-0.94,-0.38,0.15,13.106,5.876,13.597,7.416,11.09,12.16,20.21,13.54,-0.003,0.009,0.012,0.83,0.32,-80.3053182,26.9272406,243.6
-52.2,11.1,0.0,22.31,1.45,-10.71,-22.6,0.09,0.33,-0.35,0.11,9.888,6.063,9.202,5.552,15.5,21.78,21.09,22.46,-0.003,0.009,0.012,0.73,0.28,-80.3053087,26.9272354,243.65
-50.8,11.6,0.0,22.41,1.68,-8.71,-22.5,0.86,-1.0,-0.32,0.07,9.094,8.231,10.575,7.711,7.65,18.25,22.46,15.7,-0.003,0.009,0.012,0.74,0.29,-80.3052992,26.9272301,243.7
-48.8,12.1,0.0,22.51,2.55,-8.39,-23.06,1.91,-2.65,-0.27,-0.02,8.554,8.809,4.689,4.964,12.95,14.91,19.33,12.26,-0.003,0.008,0.012,0.81,0.32,-80.3052899,26.9272244,243.75
-46.6,12.6,0.0,22.63,3.22,-9.24,-22.87,0.35,-2.7,-0.31,-0.14,12.537,6.73,10.242,10.497,10.3,12.65,12.75,12.95,-0.003,0.009,0.012,0.78,0.31,-80.3052806,26.9272186,243.8
-44.6,13.3,0.0,22.74,2.61,-9.13,-20.85,-1.0,-1.72,-0.27,-0.24,12.312,8.505,13.891,11.566,14.42,6.67,6.47,13.05,-0.003,0.009,0.011,0.77,0.31,-80.3052714,26.9272127,243.85
-43.4,14.1,0.0,22.84,1.7,-7.17,-19.77,0.01,-1.26,-0.19,-0.29,11.203,8.348,8.113,6.602,12.36,10.69,1.57,5.2,-0.003,0.009,0.011,0.76,0.3,-80.3052623,26.9272065,243.9
-42.0,15.0,0.0,22.98,3.46,-9.91,-19.49,2.0,-2.12,-0.06,-0.38,12.802,7.76,11.301,8.594,10.69,13.05,6.08,13.93,-0.003,0.009,0.01,0.7,0.28,-80.3052532,26.9272002,243.95
-41.3,15.6,0.0,23.09,1.85,-8.19,-19.24,0.87,-1.58,-0.0,-0.47,13.018,6.043,8.191,9.496,11.87,13.24,9.42,14.03,-0.002,0.009,0.009,0.75,0.3,-80.3052443,26.9271937,244.0
-40.4,16.5,0.0,23.24,2.6,-6.22,-18.34,1.0,-1.33,0.01,-0.55,9.888,4.866,10.565,5.984,11.67,18.64,16.87,12.65,-0.002,0.009,0.009,0.7,0.28,-80.3052354,26.927187,244.05
-39.8,17.3,0.0,23.37,2.97,-6.99,-17.86,1.8,-0.48,0.08,-0.59,9.565,7.181,7.946,4.964,12.16,14.72,14.72,15.4,-0.002,0.009,0.009,0.65,0.27,-80.3052265,26.9271801,244.1
-39.6,17.9,0.0,23.51,2.29,-8.29,-18.12,2.91,-0.92,0.17,-0.64,10.144,6.161,3.885,3.953,10.5,8.93,13.24,15.21,-0.002,0.009,0.009,0.57,0.23,-80.3052178,26.9271731,244.15
-39.5,18.5,0.0,23.65,2.49,-9.05,-18.42,-0.03,-1.06,0.2,-0.7,8.996,8.348,9.761,6.406,8.93,5.1,10.4,16.78,-0.002,0.008,0.008,0.52,0.22,-80.3052091,26.9271658,244.2
-39.5,19.1,0.0,23.8,3.14,-6.12,-18.56,-0.05,-0.85,0.18,-0.77,6.259,10.085,14.637,7.662,12.07,13.54,8.24,17.17,-0.001,0.009,0.008,0.59,0.24,-80.3052005,26.9271585,244.25
-40.1,19.5,0.0,23.94,3.55,-8.06,-17.65,-0.39,-0.78,0.17,-0.8,9.771,10.703,12.223,9.202,10.5,14.52,1.96,4.41,-0.001,0.009,0.008,0.54,0.22,-80.3051919,26.927151,244.3
-39.4,19.9,0.0,24.09,3.29,-7.52,-17.75,0.34,0.67,0.15,-0.78,11.723,5.641,3.59,2.482,10.3,13.24,9.32,13.54,-0.001,0.009,0.008,0.64,0.27,-80.3051835,26.9271433,244.35
-38.2,20.0,0.0,24.24,3.43,-7.26,-17.93,0.47,-0.34,0.17,-0.76,9.702,8.937,7.23,5.317,10.5,6.97,14.03,17.76,-0.0,0.01,0.008,0.67,0.28,-80.3051751,26.9271354,244.4
-37.0,20.2,0.0,24.39,3.58,-6.69,-18.65,-0.18,0.03,0.18,-0.77,4.424,9.673,10.889,6.612,10.79,13.05,24.62,20.9,-0.0,0.01,0.008,0.73,0.31,-80.3051668,26.9271274,244.45
-34.6,20.4,0.0,24.55,4.01,-6.64,-18.01,-0.44,-0.41,0.17,-0.78,6.082,6.759,8.809,6.259,11.77,12.26,19.62,18.64,0.0,0.01,0.008,0.76,0.33,-80.3051586,26.9271191,244.5
-34.0,20.8,0.0,24.67,2.29,-7.51,-16.32,-2.65,1.4,0.11,-0.73,8.76,11.595,13.969,8.564,8.04,12.65,11.38,7.85,-0.0,0.01,0.008,0.8,0.35,-80.3051506,26.9271108,244.55
-33.1,21.2,0.0,24.82,3.01,-8.96,-15.21,-0.39,1.69,0.15,-0.68,10.83,6.033,10.35,7.387,10.4,8.04,7.46,16.09,-0.0,0.01,0.008,0.72,0.31,-80.3051426,26.9271023,244.6
-32.6,21.3,0.0,24.99,4.16,-6.48,-15.33,0.09,-0.33,0.21,-0.67,10.879,9.388,4.081,5.111,17.17,11.97,14.81,17.46,0.0,0.01,0.008,0.77,0.33,-80.3051346,26.9270937,244.65
-32.4,21.7,0.0,25.14,3.89,-4.53,-15.29,-0.49,0.09,0.24,-0.64,8.741,9.349,9.839,7.73,7.26,11.18,21.48,13.83,-0.0,0.01,0.008,0.71,0.31,-80.3051268,26.9270849,244.7
-31.3,22.2,0.0,25.26,2.53,-6.04,-15.26,0.19,0.24,0.22,-0.64,6.789,10.026,4.464,6.17,5.89,11.18,16.97,10.99,-0.0,0.009,0.008,0.74,0.33,-80.305119,26.9270759,244.75
-30.4,22.8,0.0,25.43,3.63,-7.53,-15.02,0.04,-0.01,0.22,-0.65,10.104,7.348,12.675,8.132,10.4,9.61,-1.08,10.1,-0.0,0.009,0.008,0.61,0.27,-80.3051113,26.9270668,244.8
-31.2,23.6,0.0,25.58,3.22,-6.98,-14.43,0.17,-0.64,0.22,-0.66,8.486,11.164,5.366,6.602,7.36,8.83,3.43,16.09,-0.0,0.009,0.007,0.67,0.3,-80.3051038,26.9270576,244.85
-30.8,24.4,0.0,25.74,3.27,-4.6,-14.36,0.22,0.56,0.22,-0.65,8.692,5.013,5.592,4.434,10.59,7.95,12.75,11.28,-0.0,0.009,0.007,0.7,0.32,-80.3050963,26.9270481,244.9
-30.5,25.0,0.0,25.87,2.6,-7.48,-14.4,0.78,0.09,0.23,-0.64,10.958,7.112,0.726,5.621,15.3,7.85,22.56,14.81,0.0,0.009,0.007,0.65,0.29,-80.3050889,26.9270385,244.95
-31.5,25.5,0.0,26.07,4.27,-6.75,-14.52,-1.62,-1.04,0.27,-0.68,7.985,9.015,11.684,8.966,11.18,10.99,13.34,9.32,0.0,0.009,0.007,0.61,0.28,-80.3050815,26.9270289,245.0
-31.5,25.9,0.0,26.21,2.82,-7.22,-14.43,-0.22,-0.6,0.26,-0.68,7.308,12.527,8.397,2.609,12.56,16.09,13.34,7.46,0.0,0.01,0.007,0.67,0.31,-80.3050743,26.9270191,245.05
-31.0,26.6,0.0,26.36,3.15,-5.05,-14.71,-0.4,0.97,0.2,-0.66,8.191,7.23,7.701,8.76,12.85,8.83,16.09,16.48,0.001,0.01,0.007,0.67,0.31,-80.3050672,26.9270091,245.1
-31.8,27.0,0.0,26.52,3.07,-5.53,-14.65,-0.82,0.55,0.19,-0.64,6.808,6.975,3.1,3.855,8.24,6.47,16.38,11.18,0.001,0.01,0.008,0.63,0.29,-80.3050602,26.926999,245.15
-31.6,27.3,0.0,26.65,1.36,-8.71,-14.77,-0.91,0.95,0.17,-0.61,5.278,11.026,8.28,7.151,8.73,15.5,-2.35,5.0,0.0,0.01,0.007,0.7,0.33,-80.3050534,26.9269888,245.2
-30.4,27.8,0.0,26.81,3.14,-8.08,-15.42,1.19,0.24,0.17,-0.6,5.739,8.564,2.923,8.721,10.99,13.24,13.05,21.39,0.001,0.01,0.007,0.68,0.32,-80.3050466,26.9269784,245.25
-30.9,28.0,0.0,26.97,3.78,-8.03,-15.42,-3.48,0.97,0.11,-0.58,7.995,5.474,8.132,9.427,10.1,8.53,11.97,14.03,0.0,0.01,0.007,0.72,0.34,-80.3050398,26.9269679,245.3
-30.3,28.6,0.0,27.12,3.74,-5.53,-15.24,2.47,-0.12,0.14,-0.56,7.387,11.743,2.609,5.356,15.4,13.64,20.01,14.72,0.0,0.01,0.007,0.74,0.35,-80.3050332,26.9269572,245.35
-28.6,29.2,0.0,27.28,4.04,-7.57,-14.9,-1.04,0.45,0.07,-0.54,7.976,11.566,7.289,6.475,6.67,10.69,4.51,23.84,0.0,0.01,0.008,0.77,0.37,-80.3050268,26.9269464,245.4
-28.5,29.5,0.0,27.43,3.94,-8.17,-14.94,0.67,-0.53,0.14,-0.53,8.172,2.374,8.339,6.141,10.99,10.79,15.5,12.95,0.0,0.01,0.007,0.71,0.34,-80.3050204,26.9269355,245.45
-28.3,29.8,0.0,27.58,4.32,-6.9,-14.41,0.8,-0.26,0.19,-0.55,9.79,2.129,11.321,9.673,10.89,9.42,17.46,13.24,0.0,0.01,0.007,0.72,0.35,-80.3050142,26.9269245,245.5
-27.2,30.7,0.0,27.73,3.8,-7.72,-13.38,1.12,-0.09,0.19,-0.55,11.125,5.023,8.829,10.016,11.87,6.97,2.35,21.97,0.0,0.01,0.007,0.71,0.34,-80.3050081,26.9269133,245.55
-26.9,31.6,0.0,27.89,4.18,-5.91,-13.25,0.39,0.04,0.23,-0.54,7.063,8.172,8.054,7.348,15.79,10.69,20.6,22.56,0.001,0.01,0.007,0.76,0.37,-80.305002,26.926902,245.6
-27.3,33.2,0.0,28.03,3.89,-6.87,-13.04,-1.57,0.68,0.2,-0.5,8.603,10.242,4.316,8.368,7.55,5.69,21.19,16.38,0.001,0.01,0.007,0.69,0.34,-80.3049962,26.9268906,245.65
-27.2,34.8,0.0,28.17,2.08,-7.02,-13.64,1.43,-0.11,0.21,-0.47,9.231,9.771,6.955,7.377,11.77,8.04,7.46,18.05,0.001,0.01,0.007,0.77,0.38,-80.3049904,26.926879,245.7
-26.9,36.2,0.0,28.35,3.12,-8.39,-13.38,-0.94,0.2,0.22,-0.49,8.957,5.268,4.101,5.042,1.37,10.3,23.15,14.72,0.0,0.01,0.007,0.76,0.38,-80.3049848,26.9268674,245.75
-26.8,37.7,0.0,28.51,3.06,-6.44,-13.08,1.54,-0.38,0.28,-0.52,9.761,5.876,10.497,9.339,14.03,13.34,19.42,13.24,0.001,0.01,0.007,0.82,0.41,-80.3049793,26.9268556,245.8
-25.9,39.4,0.0,28.68,3.69,-7.5,-12.91,-0.93,0.35,0.21,-0.49,10.644,5.66,3.551,4.885,11.58,14.72,10.79,19.33,0.0,0.009,0.007,0.74,0.37,-80.3049739,26.9268435,245.85
-25.1,40.3,0.0,28.87,5.17,-5.2,-13.31,4.44,-2.81,0.21,-0.52,7.416,7.907,9.418,5.464,12.16,10.5,9.32,7.55,-0.0,0.009,0.007,0.82,0.41,-80.3049686,26.9268315,245.9
-25.0,41.2,0.0,29.03,4.28,-7.5,-12.83,-1.88,-1.69,0.16,-0.56,6.151,3.492,7.093,6.308,4.51,12.75,8.53,3.83,0.0,0.009,0.006,0.75,0.38,-80.3049635,26.9268193,245.95
-25.0,42.3,0.0,29.19,3.46,-7.9,-12.2,-2.17,2.11,0.14,-0.5,6.298,1.109,7.701,2.678,13.44,5.79,2.94,16.58,0.001,0.01,0.006,0.83,0.42,-80.3049584,26.926807,246.0
-25.2,43.1,0.0,29.37,2.88,-2.76,-12.82,0.57,1.44,0.23,-0.5,10.261,8.486,6.092,4.679,8.83,11.28,14.52,16.68,0.001,0.01,0.006,0.9,0.46,-80.3049535,26.9267946,246.05
-25.0,43.5,0.0,29.55,3.45,-9.01,-12.55,-2.82,0.14,0.23,-0.51,11.615,6.965,9.839,5.023,12.16,11.48,11.28,-1.47,0.001,0.01,0.006,0.75,0.38,-80.3049487,26.926782,246.1
-24.6,44.2,0.0,29.72,4.26,-5.15,-12.75,1.15,0.22,0.26,-0.51,7.357,6.396,0.991,8.28,2.94,10.1,29.63,7.06,0.001,0.01,0.006,0.9,0.46,-80.3049441,26.9267694,246.15
-24.0,45.4,0.0,29.91,3.31,-6.42,-12.22,-0.03,-0.45,0.25,-0.53,9.712,6.239,11.586,5.219,14.52,5.79,1.86,7.95,0.001,0.009,0.006,0.87,0.45,-80.3049395,26.9267566,246.2
-24.2,46.0,0.0,30.1,4.92,-7.45,-12.01,1.78,-0.37,0.27,-0.54,6.779,16.079,5.376,-0.255,11.09,12.65,19.03,15.3,0.001,0.009,0.006,0.81,0.43,-80.3049352,26.9267437,246.25
-24.1,46.7,0.0,30.29,4.57,-5.99,-12.26,2.69,-1.35,0.28,-0.53,11.615,2.462,11.331,5.798,11.18,8.24,4.02,23.45,0.001,0.01,0.006,0.86,0.46,-80.3049309,26.9267306,246.3
-23.6,46.9,0.0,30.48,2.44,-5.71,-12.25,-4.52,1.67,0.21,-0.53,8.594,6.896,6.681,2.119,12.75,12.46,11.18,7.85,0.001,0.01,0.006,0.87,0.46,-80.3049267,26.9267174,246.35
-23.1,47.1,0.0,30.65,3.94,-6.14,-11.96,-3.84,1.03,0.23,-0.52,6.592,4.768,3.963,9.614,9.03,7.06,15.01,5.3,0.002,0.01,0.006,0.87,0.47,-80.3049227,26.9267041,246.4
-22.7,47.2,0.0,30.85,3.59,-6.8,-11.98,1.75,-0.65,0.27,-0.53,6.386,14.205,3.64,2.05,13.24,8.73,5.98,8.73,0.002,0.01,0.006,0.87,0.47,-80.3049188,26.9266907,246.45
-22.6,47.6,0.0,31.02,5.03,-4.69,-12.01,5.18,-1.61,0.3,-0.53,5.17,6.681,8.731,11.095,8.83,13.15,17.95,16.68,0.002,0.011,0.006,0.94,0.51,-80.304915,26.9266772,246.5
-21.8,47.6,0.0,31.21,2.94,-8.66,-12.05,-4.97,0.89,0.19,-0.5,6.288,7.848,7.554,-0.294,14.52,17.95,5.79,19.42,0.001,0.01,0.006,0.89,0.48,-80.3049114,26.9266636,246.55
-21.4,47.6,0.0,31.37,2.95,-7.79,-12.68,-3.55,0.11,0.17,-0.52,7.77,5.621,0.471,7.613,8.93,4.12,16.58,7.16,0.0,0.009,0.006,0.89,0.49,-80.3049079,26.9266498,246.6
-21.6,47.6,0.0,31.6,4.66,-6.89,-12.14,1.83,-2.37,0.21,-0.63,5.827,15.549,13.95,2.747,9.32,5.4,3.92,6.28,0.0,0.009,0.005,0.88,0.48,-80.3049045,26.926636,246.65
-21.3,48.4,0.0,31.77,5.38,-4.72,-11.32,3.55,-0.74,0.24,-0.62,7.142,3.071,8.603,3.473,16.78,16.09,11.09,13.34,0.001,0.01,0.005,0.94,0.52,-80.3049013,26.926622,246.7
-21.9,49.2,0.0,31.93,3.66,-4.94,-11.16,-0.45,0.89,0.19,-0.61,3.64,9.29,2.315,4.934,11.38,18.54,12.07,14.72,0.001,0.01,0.006,0.95,0.53,-80.3048983,26.926608,246.75
-21.6,49.4,0.0,32.13,3.31,-3.26,-12.16,-0.66,0.45,0.23,-0.63,5.101,15.333,8.064,5.847,9.91,15.6,3.24,0.78,0.002,0.01,0.006,1.01,0.57,-80.3048954,26.9265938,246.8
-21.2,50.1,0.0,32.32,4.4,-7.85,-11.7,-1.97,-0.43,0.23,-0.64,5.964,2.629,2.511,1.609,14.13,8.24,20.6,6.77,0.002,0.01,0.005,1.0,0.56,-80.3048926,26.9265795,246.85
-20.8,51.6,0.0,32.48,3.6,-7.28,-11.53,-3.67,2.21,0.2,-0.62,5.356,11.331,5.837,6.269,8.44,6.97,2.94,0.0,0.002,0.011,0.005,0.94,0.53,-80.3048899,26.926565,246.9
-19.7,53.5,0.0,32.67,3.65,-8.01,-11.96,1.68,1.87,0.19,-0.58,7.034,7.426,4.944,1.962,8.14,12.16,24.53,7.95,0.002,0.01,0.006,0.95,0.54,-80.3048874,26.9265505,246.95
-19.1,54.7,0.0,32.88,4.05,-7.96,-12.42,0.41,0.09,0.16,-0.58,8.348,8.888,8.603,4.081,15.3,14.03,-2.45,6.18,0.001,0.01,0.006,1.07,0.61,-80.304885,26.9265359,247.0
-19.4,56.5,0.0,33.09,3.67,-6.87,-13.09,-3.72,-1.86,0.03,-0.6,6.269,5.513,-0.53,6.014,10.69,12.36,12.46,16.38,0.002,0.01,0.006,1.08,0.63,-80.3048828,26.9265212,247.05
-19.4,59.9,0.0,33.31,6.38,-5.13,-11.84,-0.28,-2.44,-0.05,-0.61,6.789,4.375,-0.402,1.295,10.1,11.77,9.32,7.85,0.002,0.011,0.006,1.15,0.67,-80.3048807,26.9265064,247.1
-19.0,61.8,0.0,33.51,4.34,-7.55,-12.62,0.77,-1.79,-0.02,-0.63,4.493,4.728,12.606,0.608,4.22,8.14,10.4,12.46,0.002,0.011,0.006,1.27,0.74,-80.3048789,26.9264914,247.15
-18.5,61.7,0.0,33.76,6.65,-7.08,-12.34,3.15,-2.45,0.1,-0.71,7.426,0.147,-2.58,0.461,15.21,-4.81,29.43,17.76,0.003,0.011,0.005,1.32,0.78,-80.3048772,26.9264764,247.2
-17.6,59.9,0.0,33.97,4.45,-7.61,-11.17,-3.38,-0.13,0.06,-0.75,3.728,3.6,3.708,-0.039,11.28,6.67,2.94,15.11,0.004,0.012,0.005,1.33,0.79,-80.3048755,26.9264612,247.25
-16.4,57.4,0.0,34.16,3.51,-5.73,-9.79,1.82,-0.39,0.07,-0.69,8.525,5.719,3.718,3.63,5.3,11.48,12.95,12.75,0.004,0.012,0.005,1.3,0.78,-80.3048741,26.9264459,247.3
-14.1,53.3,0.0,34.37,3.3,-9.09,-9.74,-5.4,2.54,0.0,-0.6,5.778,6.072,2.678,2.531,9.61,16.68,13.24,13.54,0.003,0.012,0.006,1.2,0.72,-80.3048728,26.9264305,247.35
-12.8,52.6,0.0,34.58,3.75,-5.98,-9.69,0.25,-1.19,0.04,-0.61,10.065,4.208,6.347,0.098,16.09,5.59,13.83,6.67,0.002,0.011,0.006,1.23,0.74,-80.3048717,26.926415,247.4
-12.5,52.6,0.0,34.75,1.23,-8.26,-8.1,-3.85,2.76,-0.01,-0.6,5.68,2.394,5.651,4.483,16.28,4.22,20.6,7.46,0.002,0.01,0.005,1.05,0.64,-80.3048707,26.9263993,247.45
-12.5,52.8,0.0,34.99,5.43,-5.81,-6.73,0.73,1.05,-0.05,-0.6,6.543,3.777,-4.258,1.785,14.62,8.24,23.84,10.01,0.001,0.01,0.005,0.99,0.61,-80.3048699,26.9263833,247.5
-13.0,53.3,0.0,35.17,3.84,-8.99,-6.95,-1.91,-0.98,-0.09,-0.63,6.455,6.867,3.404,3.6,13.05,5.1,4.91,19.03,0.002,0.01,0.005,0.8,0.49,-80.3048692,26.9263675,247.55
-13.8,53.0,0.0,35.37,3.58,-4.2,-6.6,5.79,-1.97,0.06,-0.67,8.515,6.288,-0.373,4.748,14.62,8.83,2.94,8.14,0.002,0.01,0.004,0.78,0.48,-80.3048687,26.9263516,247.6
-13.5,52.3,0.0,35.56,3.87,-2.83,-6.88,-4.27,1.82,0.05,-0.62,5.435,8.79,7.387,3.855,11.97,10.89,18.84,19.33,0.003,0.01,0.005,0.7,0.43,-80.3048683,26.9263357,247.65
-13.8,51.8,0.0,35.78,5.74,-2.08,-7.53,0.75,-1.66,0.04,-0.67,2.708,5.611,0.402,-0.598,11.28,8.93,11.18,1.28,0.003,0.009,0.005,0.72,0.45,-80.304868,26.9263196,247.7
-14.0,51.6,0.0,35.92,2.98,-6.12,-7.88,-3.72,-1.17,-0.21,-0.7,6.484,1.579,11.782,3.551,3.24,13.05,10.4,9.03,0.002,0.01,0.004,0.67,0.42,-80.3048679,26.9263034,247.75
-14.2,51.4,0.0,36.08,2.34,-5.95,-7.55,-5.53,3.69,-0.37,-0.66,4.934,-0.235,2.05,0.02,5.2,9.12,22.96,9.52,0.002,0.01,0.004,0.73,0.46,-80.3048678,26.9262872,247.8
-15.0,50.7,0.0,36.27,4.09,-5.75,-7.47,5.01,0.5,-0.21,-0.66,6.759,8.221,4.581,0.981,8.14,16.09,16.87,17.17,0.003,0.01,0.004,0.69,0.44,-80.3048678,26.9262709,247.85
-15.1,48.4,0.0,36.46,3.78,-4.17,-8.65,-2.55,-0.19,-0.26,-0.63,1.991,10.683,3.924,4.503,7.55,11.28,-0.88,16.38,0.003,0.01,0.005,0.79,0.5,-80.304868,26.9262545,247.9
-14.8,46.8,0.0,36.62,4.57,-0.68,-8.26,0.51,-0.51,-0.26,-0.61,-0.54,10.055,5.778,1.481,9.81,11.77,-4.61,7.85,0.003,0.01,0.005,0.84,0.54,-80.3048683,26.9262381,247.95
-14.4,45.1,0.0,36.76,4.19,-4.88,-7.38,-0.78,-0.89,-0.3,-0.58,7.25,3.757,-0.687,0.186,10.69,6.87,16.38,19.33,0.003,0.01,0.005,0.79,0.51,-80.3048687,26.9262215,248.0
-14.8,38.2,0.0,36.9,2.07,-6.56,-7.7,-6.23,2.86,-0.37,-0.53,2.04,7.966,7.426,1.834,9.32,8.14,8.53,11.77,0.003,0.01,0.005,0.77,0.5,-80.3048694,26.9262049,248.05
-14.4,17.8,0.0,37.02,1.34,-4.68,-7.9,-1.24,0.08,-0.38,-0.55,5.592,8.78,10.497,2.57,13.05,8.44,2.75,2.84,0.002,0.01,0.005,0.78,0.5,-80.3048701,26.9261882,248.1
-14.3,2.6,0.0,37.02,-0.68,-4.08,-7.8,-0.27,2.67,-0.41,-0.43,3.708,7.662,8.917,9.545,12.95,5.4,16.87,20.5,0.002,0.01,0.006,0.78,0.5,-80.3048709,26.9261716,248.15
-13.8,2.4,0.0,36.94,0.61,-2.51,-6.99,-3.52,6.4,-0.52,-0.2,3.375,12.861,9.457,5.984,8.63,5.1,13.83,1.77,0.001,0.009,0.009,0.69,0.45,-80.3048719,26.9261549,248.2
-12.9,2.4,0.0,36.88,-1.37,-4.65,-7.9,3.16,3.65,-0.53,0.04,11.988,4.974,9.506,4.11,9.42,7.75,15.3,9.61,-0.001,0.007,0.011,0.65,0.42,-80.304873,26.9261383,248.25
-12.2,2.4,0.0,36.82,-1.7,-6.67,-8.79,-1.9,2.79,-0.58,0.22,15.117,0.775,9.251,6.19,8.04,5.2,11.97,16.48,-0.002,0.006,0.012,0.63,0.4,-80.3048742,26.9261217,248.3
-11.4,2.4,0.0,36.79,-1.69,-5.84,-8.5,-1.25,0.88,-0.58,0.24,11.841,6.131,7.102,6.063,9.81,9.12,15.7,10.2,-0.002,0.006,0.012,0.67,0.43,-80.3048755,26.9261052,248.35
-11.2,2.4,0.0,36.74,-1.18,-5.47,-7.83,-2.22,-1.01,-0.61,0.19,7.573,13.381,8.907,6.72,12.56,14.62,15.7,11.09,-0.002,0.006,0.011,0.66,0.43,-80.304877,26.9260886,248.4
-10.4,2.5,0.0,36.69,-0.1,-0.49,-7.32,1.38,-2.14,-0.66,0.14,7.877,8.741,10.624,6.779,15.3,14.22,17.07,6.67,-0.002,0.006,0.011,0.74,0.47,-80.3048787,26.9260723,248.45
-9.0,2.7,0.0,36.63,0.18,-3.72,-5.94,1.82,0.6,-0.67,0.19,9.006,6.73,13.518,8.466,12.85,13.44,10.89,10.59,-0.001,0.006,0.011,0.7,0.45,-80.3048805,26.9260558,248.5
-7.2,2.9,0.0,36.57,-1.68,-7.2,-5.13,1.05,2.16,-0.63,0.23,11.694,7.848,12.469,6.857,15.3,13.73,12.16,4.22,-0.001,0.006,0.011,0.51,0.33,-80.3048823,26.9260394,248.55
-6.3,3.0,0.0,36.47,-3.74,-5.51,-4.35,1.99,1.01,-0.54,0.28,14.813,7.73,8.486,7.083,9.91,12.65,16.97,18.93,-0.001,0.005,0.011,0.54,0.34,-80.3048842,26.926023,248.6
-4.6,4.8,0.0,36.29,-4.45,-2.6,-3.54,1.25,3.52,-0.42,0.38,11.674,8.299,7.357,7.907,6.87,5.59,2.35,15.5,-0.002,0.004,0.011,0.5,0.31,-80.3048862,26.9260067,248.65
-4.3,13.0,0.0,36.09,-4.54,-3.47,-2.9,1.55,2.81,-0.32,0.51,12.135,6.494,4.503,3.59,7.26,12.26,8.53,9.61,-0.003,0.002,0.011,0.35,0.22,-80.3048883,26.9259904,248.7
-4.6,24.1,0.0,35.93,-0.77,-2.76,-3.77,1.91,1.22,-0.19,0.61,8.358,9.241,6.288,5.739,9.71,8.93,12.85,2.65,-0.004,0.0,0.01,0.33,0.21,-80.3048905,26.9259743,248.75
-4.6,26.3,0.0,36.16,7.59,2.57,-5.56,0.2,-7.77,-0.22,0.39,7.671,8.388,6.151,7.936,11.58,11.09,0.78,-5.49,-0.002,0.001,0.007,0.37,0.23,-80.3048927,26.9259582,248.8
-5.1,22.1,0.0,36.13,0.71,-0.49,-4.47,2.33,-7.43,-0.23,0.07,8.868,6.121,10.261,9.27,14.13,3.04,16.58,17.17,-0.0,0.003,0.007,0.43,0.27,-80.304895,26.925942,248.85
-4.0,24.6,0.0,36.21,2.38,-2.39,-3.84,0.45,-3.56,-0.27,-0.1,9.859,6.759,8.652,5.317,16.19,2.75,15.01,13.83,0.001,0.005,0.005,0.38,0.24,-80.3048973,26.9259259,248.9
-3.7,26.0,0.0,36.28,1.18,-4.26,-2.91,1.48,0.39,-0.25,-0.1,15.019,6.308,5.513,8.868,17.76,6.97,4.81,20.31,0.002,0.006,0.005,0.29,0.19,-80.3048998,26.9259097,248.95
-3.8,29.7,0.0,36.39,2.5,-2.62,-3.34,0.3,-1.28,-0.22,-0.11,9.692,8.25,4.532,9.575,13.73,7.65,16.09,25.51,0.002,0.005,0.005,0.34,0.22,-80.3049023,26.9258934,249.0
-4.5,35.8,0.0,36.48,2.59,-2.03,-2.66,0.71,-1.88,-0.25,-0.14,4.571,9.418,6.896,8.829,6.38,7.75,14.62,22.86,0.002,0.005,0.005,0.29,0.18,-80.3049049,26.9258772,249.05
-4.5,44.8,0.0,36.59,3.29,-0.76,-3.02,0.92,-0.64,-0.3,-0.09,5.052,12.675,7.25,3.747,6.97,9.52,11.18,14.13,0.002,0.005,0.005,0.25,0.16,-80.3049075,26.9258609,249.1
-4.2,51.7,0.0,36.73,3.1,-3.45,-3.82,0.53,-2.31,-0.38,-0.13,4.827,8.858,8.633,4.64,6.57,14.91,14.03,8.44,0.003,0.005,0.005,0.25,0.16,-80.3049102,26.9258445,249.15
-2.3,56.6,0.0,36.9,2.2,-4.57,-3.28,-2.75,2.35,-0.5,-0.13,7.858,7.534,9.388,0.804,10.4,17.46,11.58,6.47,0.003,0.006,0.004,0.31,0.2,-80.3049129,26.9258281,249.2
0.1,63.5,0.0,37.1,3.32,-1.66,-2.65,-1.04,-1.04,-0.54,-0.23,7.544,10.281,9.722,4.709,16.09,16.38,19.62,10.59,0.004,0.006,0.004,0.42,0.27,-80.3049156,26.9258115,249.25
1.0,73.0,0.0,37.33,6.85,2.49,-1.0,3.0,-1.19,-0.57,-0.28,4.611,14.175,11.419,4.11,14.72,12.16,19.23,15.3,0.004,0.006,0.003,0.39,0.25,-80.3049185,26.9257949,249.3
1.8,82.2,0.0,37.49,3.48,-1.88,-0.3,-1.35,-2.5,-0.64,-0.35,6.798,8.623,-4.091,2.011,12.36,12.65,8.83,17.66,0.004,0.006,0.002,0.32,0.21,-80.3049213,26.9257782,249.35
2.2,87.0,0.0,37.74,4.25,-2.67,0.36,0.2,-1.37,-0.6,-0.4,9.31,5.592,12.066,7.926,11.18,14.03,10.79,27.47,0.005,0.006,0.001,0.29,0.19,-80.3049243,26.9257615,249.4
2.9,88.8,0.0,37.98,4.79,3.09,1.03,-0.79,0.98,-0.56,-0.43,3.326,10.212,2.423,-2.717,6.28,14.81,5.3,0.29,0.005,0.006,-0.001,0.26,0.17,-80.3049272,26.9257446,249.45
3.4,90.1,0.0,38.2,3.56,-1.21,1.3,-4.43,-0.11,-0.54,-0.49,7.976,4.444,-1.275,1.324,7.75,7.36,14.62,10.89,0.006,0.006,-0.001,0.15,0.1,-80.3049302,26.9257276,249.5
4.0,91.6,0.0,38.43,4.33,-1.36,1.08,-2.64,0.68,-0.51,-0.47,4.101,11.654,0.441,3.502,3.83,12.07,12.65,0.1,0.006,0.006,-0.002,0.08,0.06,-80.3049332,26.9257106,249.55
4.1,93.3,0.0,38.66,4.73,2.32,1.62,5.06,-1.5,-0.41,-0.49,1.413,4.66,4.954,3.865,-0.98,10.3,9.61,4.41,0.006,0.006,-0.002,0.1,0.07,-80.3049362,26.9256934,249.6
4.8,94.3,0.0,38.91,5.41,1.07,2.36,2.34,0.3,-0.38,-0.51,8.083,9.339,7.446,4.199,1.86,7.65,17.76,12.26,0.006,0.006,-0.002,0.04,0.02,-80.3049392,26.9256761,249.65
4.5,94.9,0.0,39.09,3.58,-1.88,2.63,0.91,-1.2,-0.38,-0.53,5.464,2.364,8.741,8.554,3.63,4.81,9.42,23.15,0.006,0.006,-0.003,-0.1,-0.07,-80.3049422,26.9256587,249.7
4.3,94.9,0.0,39.36,4.52,-0.27,2.75,-3.58,2.05,-0.43,-0.52,9.8,7.907,5.651,0.942,4.02,6.77,-0.98,9.52,0.006,0.005,-0.003,0.0,0.0,-80.3049451,26.9256411,249.75
4.5,94.9,0.0,39.6,6.56,1.89,2.85,-1.34,-0.1,-0.38,-0.6,-1.216,9.192,2.757,6.112,3.04,11.67,10.99,6.77,0.007,0.005,-0.004,-0.07,-0.05,-80.3049481,26.9256235,249.8
4.2,94.9,0.0,39.81,4.18,0.35,2.54,0.08,1.75,-0.38,-0.58,7.985,9.712,5.386,5.66,0.2,7.06,15.5,14.22,0.007,0.006,-0.004,-0.09,-0.06,-80.304951,26.9256058,249.85
5.1,94.7,0.0,40.07,7.29,3.54,2.15,2.75,-1.75,-0.36,-0.62,0.608,9.408,0.049,2.865,0.49,10.99,11.48,8.63,0.007,0.006,-0.003,-0.05,-0.03,-80.3049539,26.925588,249.9
5.4,93.9,0.0,40.29,5.05,2.14,2.76,-3.57,1.5,-0.48,-0.57,9.427,4.581,4.66,3.973,5.4,8.04,13.64,11.48,0.008,0.006,-0.004,-0.04,-0.03,-80.3049569,26.9255701,249.95
4.7,92.9,0.0,40.51,5.92,3.83,2.34,-2.25,0.03,-0.52,-0.61,0.0,5.798,0.373,1.628,5.49,11.18,18.44,11.77,0.008,0.006,-0.004,-0.08,-0.06,-80.3049597,26.925552,250.0
4.4,91.9,0.0,40.75,3.91,2.44,2.46,-1.75,1.07,-0.55,-0.61,9.064,7.946,11.556,6.072,10.79,10.89,17.36,16.28,0.008,0.006,-0.004,-0.07,-0.05,-80.3049626,26.9255339,250.05
3.8,91.4,0.0,40.96,5.93,2.4,2.5,1.8,-1.65,-0.56,-0.6,11.448,-3.365,2.433,4.101,10.69,7.46,18.54,24.13,0.008,0.006,-0.004,-0.05,-0.03,-80.3049654,26.9255156,250.1
2.5,91.0,0.0,41.21,5.27,3.26,2.18,-5.31,0.31,-0.64,-0.58,3.355,20.052,2.021,3.424,16.09,20.21,14.62,15.01,0.008,0.006,-0.004,-0.11,-0.08,-80.3049682,26.9254973,250.15
2.3,90.2,0.0,41.42,3.17,1.33,1.78,-3.71,1.43,-0.7,-0.57,8.113,7.338,3.64,0.755,12.46,18.15,13.05,22.27,0.008,0.006,-0.004,-0.13,-0.1,-80.3049709,26.9254787,250.2
1.7,89.8,0.0,41.64,5.3,2.66,1.53,2.72,-2.69,-0.7,-0.62,7.887,2.315,-0.481,2.796,12.75,11.77,20.11,30.51,0.008,0.006,-0.004,-0.12,-0.08,-80.3049736,26.9254601,250.25
1.0,89.4,0.0,41.89,5.62,2.47,1.39,-3.48,-0.87,-0.83,-0.64,3.649,16.736,4.169,-0.373,14.62,16.19,10.01,15.01,0.008,0.006,-0.004,-0.01,-0.01,-80.3049763,26.9254415,250.3
1.0,89.2,0.0,42.09,4.52,2.35,0.51,-1.29,0.31,-0.88,-0.61,8.28,8.348,2.992,2.168,8.04,10.3,10.5,17.66,0.008,0.006,-0.004,-0.03,-0.03,-80.304979,26.9254227,250.35
1.1,88.7,0.0,42.32,6.08,2.99,0.5,2.01,-2.16,-0.94,-0.63,5.945,2.001,-2.943,1.619,12.46,5.69,14.42,30.71,0.008,0.006,-0.003,0.03,0.02,-80.3049817,26.9254038,250.4
1.5,88.2,0.0,42.53,5.92,2.97,0.27,-3.64,-0.41,-1.08,-0.62,3.414,7.269,2.197,1.678,12.26,9.12,15.79,19.03,0.008,0.007,-0.003,0.09,0.06,-80.3049843,26.9253848,250.45
2.3,88.1,0.0,42.76,5.06,1.03,0.57,0.56,-0.83,-1.09,-0.64,7.004,11.743,-1.265,0.883,17.27,12.07,7.75,6.77,0.008,0.007,-0.003,0.02,0.02,-80.304987,26.9253657,250.5
3.5,87.9,0.0,42.98,4.09,-0.41,1.48,-2.31,0.12,-1.15,-0.65,11.134,7.269,8.633,2.354,15.7,10.2,14.03,3.92,0.008,0.007,-0.003,0.05,0.04,-80.3049897,26.9253465,250.55
4.0,87.7,0.0,43.17,3.64,0.12,1.57,-2.85,1.64,-1.2,-0.62,3.002,2.56,1.844,9.104,10.5,13.05,16.09,20.01,0.008,0.007,-0.003,0.03,0.02,-80.3049923,26.9253272,250.6
4.2,87.0,0.0,43.39,6.11,3.98,2.35,4.58,-1.83,-1.14,-0.62,4.14,0.628,-1.069,2.158,2.26,7.85,20.21,26.39,0.008,0.007,-0.002,0.06,0.04,-80.3049949,26.9253078,250.65
3.6,85.9,0.0,43.6,4.96,1.5,2.41,-3.05,0.6,-1.23,-0.59,-1.275,6.318,2.335,1.874,-5.79,6.28,20.9,13.83,0.007,0.006,-0.003,0.0,0.0,-80.3049975,26.9252883,250.7
3.1,84.4,0.0,43.82,5.63,1.11,2.36,1.02,-0.82,-1.2,-0.63,1.785,8.388,6.681,3.983,4.81,11.38,16.78,-1.08,0.008,0.007,-0.003,-0.01,-0.01,-80.3050001,26.9252687,250.75
1.2,83.0,0.0,44.02,5.3,0.09,1.46,-3.03,0.91,-1.28,-0.57,4.905,10.202,4.581,3.777,12.07,22.66,6.57,-3.14,0.007,0.006,-0.003,-0.04,-0.03,-80.3050027,26.925249,250.8
0.7,82.5,0.0,44.23,3.55,-1.88,1.23,1.52,-1.81,-1.28,-0.62,6.249,3.816,8.339,3.816,9.12,13.73,14.22,17.95,0.007,0.006,-0.003,-0.1,-0.08,-80.3050052,26.9252292,250.85
0.3,81.7,0.0,44.44,5.01,-0.15,0.81,-0.58,0.3,-1.36,-0.63,3.1,7.112,3.316,1.53,8.93,1.37,3.92,8.14,0.007,0.006,-0.003,-0.02,-0.01,-80.3050078,26.9252094,250.9
0.8,81.6,0.0,44.63,3.42,-1.19,0.02,-1.17,1.63,-1.42,-0.61,3.963,2.07,2.266,1.05,14.42,5.4,9.03,3.63,0.007,0.006,-0.003,0.02,0.02,-80.3050103,26.9251894,250.95
1.3,81.2,0.0,44.81,3.13,-0.21,-0.26,-1.09,0.24,-1.42,-0.63,4.454,6.867,4.876,2.953,16.48,8.34,5.1,8.73,0.007,0.006,-0.002,0.07,0.05,-80.3050128,26.9251694,251.0
1.6,80.0,0.0,45.0,2.25,0.06,0.04,0.15,0.26,-1.4,-0.63,10.536,-2.531,7.112,0.177,5.59,6.28,23.05,14.22,0.007,0.007,-0.002,0.1,0.08,-80.3050153,26.9251492,251.05
1.4,79.3,0.0,45.21,3.57,2.88,0.08,0.37,-0.2,-1.4,-0.65,2.197,4.719,1.138,3.061,7.95,10.4,14.42,9.61,0.007,0.007,-0.002,0.15,0.12,-80.3050178,26.925129,251.1
1.0,79.4,0.0,45.37,1.67,0.77,0.49,-1.88,0.86,-1.43,-0.64,9.565,4.621,10.928,5.14,14.13,11.77,26.68,28.94,0.007,0.007,-0.002,0.14,0.11,-80.3050204,26.9251087,251.15
0.5,79.1,0.0,45.56,2.22,-0.34,0.32,-1.34,1.13,-1.42,-0.62,3.149,6.416,3.414,0.912,5.79,9.12,9.81,15.21,0.007,0.007,-0.002,0.04,0.03,-80.3050229,26.9250883,251.2
0.8,78.8,0.0,45.75,4.18,0.24,0.63,3.75,-0.86,-1.39,-0.6,2.953,0.863,1.952,0.039,9.91,5.49,5.49,21.09,0.007,0.007,-0.002,0.07,0.05,-80.3050254,26.9250677,251.25
1.0,78.2,0.0,45.92,1.64,-2.47,0.38,-1.8,0.75,-1.45,-0.58,4.974,-0.088,4.974,5.974,20.6,4.02,18.34,29.04,0.007,0.007,-0.002,0.05,0.04,-80.3050279,26.9250471,251.3
1.3,77.2,0.0,46.13,3.18,-0.18,0.72,0.26,0.89,-1.41,-0.58,6.847,-0.804,1.962,1.727,10.59,6.18,10.99,14.52,0.007,0.007,-0.002,0.09,0.07,-80.3050305,26.9250265,251.35
1.7,77.0,0.0,46.32,3.33,1.78,0.31,-2.64,0.61,-1.42,-0.59,4.287,3.159,4.532,4.954,9.12,10.69,5.4,22.17,0.007,0.007,-0.001,0.12,0.09,-80.305033,26.9250057,251.4
0.8,75.8,0.0,46.51,3.13,-0.58,0.38,-3.32,1.32,-1.42,-0.62,5.297,11.085,7.191,1.354,11.48,14.03,18.05,11.58,0.007,0.007,-0.001,0.02,0.01,-80.3050356,26.9249849,251.45
0.7,74.9,0.0,46.65,1.86,-2.39,0.65,-1.24,1.89,-1.4,-0.64,10.35,4.64,7.642,0.177,9.12,8.24,1.96,12.75,0.007,0.007,-0.001,0.01,0.01,-80.3050381,26.924964,251.5
0.3,74.3,0.0,46.81,2.33,-1.22,0.22,1.39,1.89,-1.37,-0.62,6.916,5.405,1.619,2.796,11.87,3.43,12.16,11.09,0.007,0.007,-0.001,0.07,0.05,-80.3050406,26.924943,251.55
0.9,74.6,0.0,47.01,3.84,1.06,0.34,-1.27,-0.25,-1.39,-0.62,9.869,2.776,0.883,0.098,10.2,4.02,10.2,-5.79,0.007,0.007,-0.001,0.1,0.09,-80.3050432,26.924922,251.6
1.2,74.5,0.0,47.19,4.76,1.31,0.07,-3.87,-0.52,-1.45,-0.63,3.178,9.624,-1.393,3.738,-4.51,7.36,2.35,-10.4,0.007,0.007,-0.001,0.11,0.09,-80.3050457,26.9249008,251.65
1.1,74.2,0.0,47.32,4.73,1.12,0.22,-0.22,-1.7,-1.44,-0.65,1.109,14.774,-0.903,5.209,9.03,11.28,-2.16,-5.69,0.007,0.007,-0.001,0.12,0.1,-80.3050483,26.9248796,251.7
0.9,74.3,0.0,47.4,0.61,0.94,0.39,-2.35,2.4,-1.5,-0.55,5.602,4.346,0.844,2.276,7.75,14.62,9.42,21.97,0.007,0.007,-0.001,0.15,0.13,-80.3050508,26.9248583,251.75
0.8,73.5,0.0,47.62,2.84,0.91,0.02,-1.62,0.26,-1.5,-0.59,4.483,7.269,2.129,1.972,15.4,9.22,18.93,30.41,0.007,0.007,-0.001,0.05,0.04,-80.3050534,26.9248371,251.8
1.0,72.8,0.0,47.79,2.04,0.08,0.44,-3.35,1.73,-1.55,-0.6,3.12,11.684,6.298,-0.069,8.04,10.79,16.19,12.65,0.007,0.007,-0.001,0.05,0.04,-80.305056,26.9248156,251.85
1.6,71.8,0.0,47.95,3.89,-0.54,0.87,-0.74,1.37,-1.52,-0.6,1.972,7.112,4.091,3.247,0.59,2.75,11.87,5.2,0.007,0.007,-0.001,0.11,0.09,-80.3050585,26.9247941,251.9
0.9,70.3,0.0,48.12,5.38,-0.23,0.29,-0.98,-0.71,-1.49,-0.61,-0.304,15.941,8.339,4.189,7.26,18.34,6.28,9.03,0.007,0.007,-0.001,0.11,0.1,-80.3050611,26.9247725,251.95
0.3,68.9,0.0,48.24,3.75,2.12,0.3,1.98,-0.41,-1.51,-0.57,0.5,12.979,2.57,3.581,8.73,12.16,13.34,-2.06,0.007,0.007,-0.0,0.02,0.02,-80.3050636,26.9247509,252.0
0.1,66.2,0.0,48.35,2.22,0.57,0.01,-1.79,1.43,-1.58,-0.49,8.633,5.16,5.199,1.874,13.73,9.91,24.23,32.47,0.007,0.007,-0.0,0.05,0.04,-80.3050662,26.9247292,252.05
0.9,62.0,0.0,48.5,1.65,-1.96,0.25,-5.24,1.5,-1.62,-0.51,-0.54,3.698,2.276,2.59,3.04,8.24,0.1,14.91,0.007,0.007,-0.0,0.02,0.02,-80.3050688,26.9247075,252.1
0.4,50.3,0.0,48.64,2.68,2.17,-0.22,2.3,-0.83,-1.56,-0.56,-0.029,7.161,-0.029,0.618,10.59,13.05,3.43,8.14,0.007,0.008,0.0,0.08,0.07,-80.3050713,26.9246857,252.15
-0.1,16.9,0.0,48.72,3.76,1.33,0.02,0.87,-0.06,-1.56,-0.47,5.847,5.925,1.04,-0.706,6.67,13.54,11.87,1.08,0.007,0.008,0.001,0.09,0.07,-80.3050739,26.9246638,252.2
0.1,2.4,0.0,48.65,-1.68,-0.81,-0.3,-0.05,2.98,-1.6,-0.32,3.002,5.837,4.581,3.551,10.1,7.55,7.95,-6.67,0.007,0.007,0.003,0.03,0.02,-80.3050765,26.924642,252.25
-0.5,2.4,0.0,48.51,-1.16,-2.21,0.14,2.97,5.84,-1.62,0.02,4.63,9.516,6.828,8.388,3.43,11.97,12.16,21.58,0.004,0.005,0.005,-0.02,-0.02,-80.305079,26.9246202,252.3
0.0,2.4,0.0,48.44,-2.93,-1.53,0.7,-1.79,7.25,-1.68,0.33,7.632,0.069,14.45,6.102,8.83,9.52,18.44,18.44,0.003,0.004,0.007,-0.02,-0.02,-80.3050816,26.9245984,252.35
-0.5,2.6,0.0,48.37,-3.15,-2.08,-0.1,-4.04,3.24,-1.68,0.39,13.489,6.249,7.671,2.001,15.01,11.77,18.84,14.42,0.002,0.003,0.008,-0.0,-0.0,-80.3050842,26.9245766,252.4
-0.4,2.6,0.0,48.33,-1.22,0.7,-0.14,-1.55,0.48,-1.63,0.3,7.534,16.383,1.687,1.707,14.42,12.95,11.28,-0.78,0.002,0.002,0.007,0.06,0.05,-80.3050867,26.9245549,252.45
0.2,3.2,0.0,48.24,-0.4,1.88,-0.21,1.54,-3.2,-1.57,0.19,9.094,15.215,-2.256,2.688,8.83,3.43,3.73,3.83,0.002,0.002,0.007,0.07,0.06,-80.3050893,26.9245333,252.5
1.0,5.3,0.0,48.11,-1.07,0.94,-0.03,5.17,-3.16,-1.56,0.17,4.581,14.931,-2.188,7.632,1.47,6.57,12.07,16.58,0.002,0.003,0.006,0.04,0.03,-80.3050918,26.9245116,252.55
1.1,27.8,0.0,47.84,-5.0,1.16,0.27,4.83,1.92,-1.46,0.28,7.926,11.929,1.933,2.031,13.34,19.52,10.1,9.91,0.002,0.002,0.007,0.06,0.05,-80.3050944,26.9244902,252.6
-0.6,48.6,0.0,47.83,3.09,-1.7,0.35,-0.07,-2.34,-1.43,0.32,12.106,4.699,8.407,0.922,11.67,15.5,30.31,16.28,0.002,0.001,0.006,0.02,0.02,-80.3050969,26.9244687,252.65
0.4,48.3,0.0,47.84,-3.82,-2.44,1.24,-4.07,-2.35,-1.54,0.1,12.204,-3.777,7.946,12.979,18.64,1.86,9.81,20.31,0.003,0.003,0.006,-0.07,-0.06,-80.3050994,26.9244472,252.7
0.8,49.4,0.0,47.95,3.27,-2.54,1.48,-2.0,-0.67,-1.52,-0.05,11.458,5.494,6.563,-1.265,10.5,6.77,10.1,9.91,0.004,0.004,0.005,-0.01,-0.01,-80.3051019,26.9244256,252.75
0.8,49.6,0.0,48.0,1.44,2.27,0.93,-4.7,-1.55,-1.49,-0.22,9.908,13.548,10.507,8.299,11.18,15.5,15.79,13.15,0.006,0.005,0.004,0.01,0.01,-80.3051043,26.9244041,252.8
0.3,46.9,0.0,48.08,1.58,1.96,-0.21,-5.78,-1.51,-1.49,-0.29,7.534,12.292,8.8,5.494,11.58,18.74,10.2,-3.04,0.007,0.006,0.004,0.03,0.03,-80.3051068,26.9243825,252.85
0.4,43.3,0.0,48.12,1.56,-1.16,-0.1,0.31,-1.47,-1.48,-0.29,6.779,3.012,2.129,5.003,14.22,5.49,1.18,15.6,0.007,0.006,0.004,-0.01,-0.01,-80.3051093,26.9243609,252.9
0.5,39.8,0.0,48.17,0.76,0.05,-0.34,3.82,-0.56,-1.51,-0.24,7.76,5.268,9.535,11.458,9.52,8.24,14.91,23.45,0.006,0.006,0.005,0.02,0.01,-80.3051117,26.9243393,252.95
0.9,41.5,0.0,48.22,0.33,-0.94,-0.33,0.99,0.62,-1.53,-0.23,10.448,3.267,6.573,3.973,6.08,6.57,11.87,12.16,0.006,0.006,0.005,0.04,0.03,-80.3051142,26.9243177,253.0
0.3,54.3,0.0,48.3,0.6,-0.05,-0.3,-0.78,0.99,-1.57,-0.23,9.457,8.868,7.907,2.963,13.93,18.93,18.05,6.87,0.006,0.006,0.004,0.07,0.06,-80.3051167,26.924296,253.05
0.1,68.2,0.0,48.42,4.24,-0.6,0.16,3.39,-0.74,-1.57,-0.24,5.189,16.451,5.562,5.925,9.81,8.73,1.96,-0.88,0.006,0.006,0.004,0.05,0.04,-80.3051192,26.9242743,253.1
0.1,78.0,0.0,48.51,3.27,0.25,-0.19,5.34,-2.52,-1.55,-0.27,4.817,11.134,4.424,2.296,13.73,6.97,15.01,-3.53,0.006,0.006,0.004,0.14,0.11,-80.3051216,26.9242525,253.15
1.0,83.5,0.0,48.65,3.06,1.39,0.02,-1.27,-1.76,-1.61,-0.31,4.905,2.178,10.114,7.779,1.08,5.0,20.5,29.63,0.006,0.006,0.004,0.14,0.12,-80.3051241,26.9242307,253.2
1.1,86.3,0.0,48.79,1.1,-1.24,0.15,-7.12,2.5,-1.7,-0.33,14.342,3.159,7.74,0.245,12.85,12.26,-0.88,14.42,0.006,0.006,0.003,0.15,0.12,-80.3051266,26.9242088,253.25
0.4,87.4,0.0,48.95,3.51,1.61,0.64,-3.28,-0.16,-1.67,-0.43,3.492,15.882,5.896,0.167,5.4,19.03,-2.65,2.26,0.007,0.007,0.003,0.09,0.08,-80.3051291,26.9241869,253.3
0.5,88.4,0.0,49.06,3.41,1.88,0.15,1.16,-2.12,-1.64,-0.47,8.584,3.051,3.816,0.304,18.44,3.14,9.42,11.09,0.007,0.007,0.003,0.07,0.06,-80.3051317,26.9241649,253.35
1.0,89.2,0.0,49.18,0.97,-3.12,0.32,-1.13,1.1,-1.69,-0.44,7.691,3.375,8.289,5.719,5.49,4.51,24.72,20.7,0.007,0.007,0.003,0.02,0.02,-80.3051342,26.9241428,253.4
0.7,90.1,0.0,49.35,2.89,-1.19,0.21,2.2,0.67,-1.65,-0.48,7.809,12.518,0.667,-0.196,9.81,11.28,8.14,6.57,0.007,0.007,0.003,0.07,0.06,-80.3051367,26.9241207,253.45
-0.3,90.1,0.0,49.5,5.38,3.22,-0.55,6.81,-3.65,-1.57,-0.51,5.552,13.528,6.867,1.285,5.0,17.56,11.28,0.2,0.007,0.007,0.003,0.09,0.08,-80.3051392,26.9240985,253.5
-0.6,90.3,0.0,49.59,1.84,-2.76,-0.24,1.74,-0.86,-1.65,-0.47,12.547,-2.394,7.465,5.68,19.33,3.34,23.05,33.45,0.006,0.007,0.002,0.02,0.01,-80.3051417,26.9240763,253.55
-0.6,90.2,0.0,49.77,3.44,0.93,-0.59,-1.93,0.82,-1.68,-0.51,10.467,11.605,4.159,1.962,6.87,11.67,7.06,9.71,0.006,0.007,0.002,0.17,0.15,-80.3051443,26.924054,253.6
0.1,90.1,0.0,49.91,4.67,1.24,-1.42,1.0,-2.01,-1.65,-0.54,8.584,9.604,3.806,-0.069,13.93,10.5,15.5,0.49,0.006,0.007,0.002,0.12,0.1,-80.3051468,26.9240316,253.65
0.0,90.0,0.0,50.01,0.78,-3.7,-1.23,-3.54,1.94,-1.69,-0.49,3.669,5.964,6.926,8.231,12.16,11.28,23.45,25.02,0.007,0.007,0.002,0.14,0.12,-80.3051494,26.9240092,253.7
0.9,89.6,0.0,50.19,2.65,-0.22,-0.31,-0.11,0.67,-1.7,-0.55,8.083,16.52,5.886,2.325,13.54,7.46,11.28,7.95,0.007,0.007,0.002,0.16,0.14,-80.305152,26.9239866,253.75
1.2,89.2,0.0,50.32,4.34,1.22,0.12,4.73,-3.78,-1.64,-0.59,2.031,1.913,-2.354,-0.284,-0.39,4.12,12.56,20.21,0.007,0.008,0.002,0.15,0.13,-80.3051546,26.923964,253.8
1.1,88.6,0.0,50.44,1.47,-1.62,0.94,-3.79,2.33,-1.74,-0.52,10.163,-0.795,7.446,3.64,15.21,10.01,-2.06,14.03,0.008,0.009,0.003,0.15,0.13,-80.3051572,26.9239414,253.85
1.0,87.7,0.0,50.6,4.88,1.0,1.06,0.64,-1.17,-1.61,-0.56,8.201,11.988,4.052,3.865,13.15,12.26,6.57,-0.49,0.009,0.008,0.003,0.08,0.07,-80.3051599,26.9239187,253.9
0.9,86.5,0.0,50.68,0.65,-1.66,1.2,-3.63,2.41,-1.68,-0.47,7.907,1.187,1.413,7.083,6.77,6.87,37.38,19.33,0.008,0.008,0.003,-0.03,-0.03,-80.3051625,26.923896,253.95
1.0,85.0,0.0,50.86,3.42,-0.26,1.32,1.38,1.62,-1.56,-0.5,6.21,19.728,5.013,-1.972,8.24,7.26,2.26,3.14,0.008,0.008,0.002,0.03,0.03,-80.3051651,26.9238732,254.0
0.9,83.5,0.0,50.95,1.45,2.39,0.15,5.14,-1.75,-1.5,-0.49,5.199,0.314,3.836,2.168,10.3,15.99,22.37,22.66,0.008,0.007,0.002,0.08,0.07,-80.3051677,26.9238503,254.05
1.2,81.7,0.0,51.12,2.68,-0.4,0.49,-5.83,3.14,-1.64,-0.43,9.879,10.487,10.644,0.697,20.8,10.3,0.88,14.62,0.008,0.007,0.002,0.01,0.01,-80.3051703,26.9238274,254.1
1.8,80.0,0.0,51.24,4.61,1.75,0.39,-0.17,-2.37,-1.62,-0.45,1.991,3.708,-0.657,2.649,3.14,2.45,6.77,15.79,0.008,0.007,0.003,0.05,0.04,-80.3051729,26.9238044,254.15
1.7,78.4,0.0,51.36,0.81,-1.55,0.61,-3.14,1.95,-1.67,-0.42,6.592,11.919,7.936,-1.452,10.99,17.56,14.03,8.53,0.008,0.008,0.003,0.09,0.08,-80.3051755,26.9237814,254.2
1.3,76.9,0.0,51.5,4.36,-1.11,1.29,3.93,-1.76,-1.57,-0.48,3.12,8.623,0.952,1.403,17.17,6.77,13.54,12.75,0.008,0.008,0.003,-0.0,-0.0,-80.3051781,26.9237583,254.25
1.5,76.3,0.0,51.61,1.8,2.2,1.0,1.1,1.38,-1.6,-0.41,9.398,4.101,4.199,-2.158,8.34,2.55,17.17,17.66,0.008,0.008,0.002,0.1,0.09,-80.3051806,26.9237351,254.3
1.8,76.0,0.0,51.72,3.2,0.87,0.63,-2.14,-1.69,-1.57,-0.46,9.496,5.68,-0.157,3.08,18.84,8.44,-4.41,13.24,0.008,0.008,0.002,0.0,0.0,-80.3051832,26.9237119,254.35
0.9,75.9,0.0,51.83,0.16,-0.77,0.72,0.7,1.03,-1.53,-0.38,7.122,4.356,5.396,0.785,11.28,10.4,19.52,6.28,0.008,0.007,0.002,0.06,0.06,-80.3051857,26.9236887,254.4
1.1,75.7,0.0,51.95,2.99,-1.96,1.41,1.53,-0.57,-1.46,-0.42,5.376,8.839,-0.059,0.245,3.63,1.57,8.44,0.59,0.008,0.007,0.002,-0.05,-0.04,-80.3051882,26.9236654,254.45
1.0,75.5,0.0,52.09,1.72,1.5,1.06,2.39,0.89,-1.44,-0.4,8.819,10.085,3.286,4.061,13.93,12.36,20.5,4.81,0.008,0.007,0.002,0.05,0.05,-80.3051906,26.923642,254.5
1.3,75.4,0.0,52.16,1.94,1.02,0.91,-4.2,-1.1,-1.55,-0.43,2.668,1.589,0.824,3.62,14.42,11.18,1.77,16.28,0.008,0.007,0.002,0.06,0.05,-80.3051931,26.9236186,254.55
1.0,75.4,0.0,52.3,0.85,0.09,1.01,-3.89,1.38,-1.57,-0.41,9.378,17.02,3.09,2.609,9.91,8.93,4.32,9.12,0.008,0.007,0.002,0.02,0.02,-80.3051956,26.9235951,254.6
1.1,75.0,0.0,52.38,2.23,0.42,0.74,7.38,-3.61,-1.45,-0.45,8.044,-4.817,8.054,7.377,8.14,8.14,29.43,23.15,0.008,0.008,0.002,0.03,0.03,-80.3051981,26.9235715,254.65
0.5,74.7,0.0,52.54,3.22,-0.55,1.09,-3.36,2.54,-1.55,-0.43,7.995,19.934,6.592,4.395,7.36,19.52,5.98,-11.67,0.008,0.008,0.003,-0.02,-0.02,-80.3052005,26.9235479,254.7
0.3,74.5,0.0,52.59,-0.11,0.73,0.76,-1.13,0.4,-1.6,-0.39,6.877,1.942,5.052,4.218,7.55,8.44,19.13,22.37,0.008,0.008,0.003,0.02,0.02,-80.305203,26.9235243,254.75
1.0,74.5,0.0,52.75,3.92,1.77,0.22,0.1,-1.14,-1.59,-0.47,7.348,16.461,5.994,6.71,12.36,7.95,-6.28,1.18,0.008,0.008,0.003,0.05,0.05,-80.3052054,26.9235006,254.8
-0.6,74.8,0.0,52.84,2.16,1.9,0.12,1.02,0.53,-1.61,-0.38,8.476,3.59,1.079,2.168,17.76,13.73,17.46,7.65,0.008,0.007,0.003,0.12,0.11,-80.3052078,26.9234769,254.85
-1.1,74.8,0.0,52.91,2.11,-3.19,0.74,-5.4,0.57,-1.66,-0.41,4.709,0.961,2.394,3.728,7.75,4.71,12.65,19.62,0.008,0.007,0.003,-0.05,-0.05,-80.3052102,26.9234531,254.9
-0.4,75.2,0.0,53.06,1.75,2.62,-0.97,-0.56,0.56,-1.69,-0.4,4.287,18.747,7.22,4.817,8.83,12.75,11.67,-1.86,0.008,0.008,0.003,0.12,0.11,-80.3052126,26.9234293,254.95
-0.9,75.3,0.0,53.11,2.0,-2.2,-0.46,-0.37,-1.73,-1.7,-0.41,10.82,-4.091,0.746,1.884,12.75,10.4,18.15,33.75,0.008,0.008,0.003,0.07,0.06,-80.3052151,26.9234054,255.0
-0.7,75.1,0.0,53.25,3.29,0.79,-0.65,-1.78,0.39,-1.76,-0.46,7.946,15.529,4.925,6.573,3.73,4.61,15.79,-3.73,0.008,0.008,0.003,0.08,0.08,-80.3052175,26.9233815,255.05
-0.6,75.7,0.0,53.34,-0.3,-3.65,-0.22,-3.93,2.76,-1.86,-0.4,4.719,10.026,5.994,-0.853,12.36,13.05,12.46,3.24,0.008,0.008,0.004,0.05,0.05,-80.3052199,26.9233576,255.1
-1.2,75.9,0.0,53.41,0.93,0.31,-0.66,3.88,-1.93,-1.81,-0.43,12.782,-6.612,8.711,6.435,15.7,11.87,29.23,29.43,0.008,0.008,0.004,0.16,0.15,-80.3052224,26.9233336,255.15
-1.2,76.1,0.0,53.57,2.35,-2.22,-0.48,-5.68,0.72,-1.89,-0.46,8.495,15.206,3.267,6.455,6.28,3.63,-1.28,0.69,0.008,0.008,0.004,0.11,0.1,-80.3052248,26.9233096,255.2
-1.3,76.7,0.0,53.65,0.75,-0.48,-0.97,3.31,0.53,-1.83,-0.41,4.758,8.025,10.565,-0.059,11.09,16.87,19.72,2.26,0.008,0.008,0.004,0.15,0.14,-80.3052273,26.9232855,255.25
-1.2,77.1,0.0,53.73,2.63,-3.47,-0.68,4.76,-2.25,-1.77,-0.43,7.779,-5.827,4.081,10.703,20.21,8.83,22.46,34.83,0.008,0.008,0.004,0.14,0.13,-80.3052299,26.9232613,255.3
-1.0,77.1,0.0,53.88,2.29,0.66,-0.73,-0.04,0.11,-1.82,-0.46,9.025,13.979,1.53,3.62,2.35,2.65,2.94,-0.49,0.008,0.009,0.004,0.15,0.14,-80.3052324,26.9232372,255.35
-1.0,77.5,0.0,53.96,0.66,-1.84,-0.98,-4.03,2.23,-1.89,-0.37,3.944,13.852,2.09,2.933,11.18,20.7,10.2,9.81,0.008,0.009,0.004,0.14,0.13,-80.3052349,26.9232129,255.4
-1.1,77.6,0.0,54.04,2.12,-2.38,-0.77,5.31,-2.64,-1.77,-0.39,12.547,-11.664,6.347,7.093,18.15,0.88,22.27,27.76,0.008,0.009,0.004,0.16,0.15,-80.3052374,26.9231887,255.45
-0.9,77.4,0.0,54.18,2.18,-2.15,-0.5,-1.64,0.01,-1.8,-0.44,6.985,12.017,3.806,4.464,8.34,2.06,10.79,6.67,0.008,0.008,0.004,0.11,0.1,-80.30524,26.9231643,255.5
-1.2,77.5,0.0,54.3,0.4,0.21,-0.4,-3.58,2.03,-1.83,-0.41,0.559,15.343,7.201,0.844,7.75,20.5,-6.28,5.1,0.007,0.008,0.004,0.12,0.11,-80.3052426,26.92314,255.55
-1.0,77.5,0.0,54.39,3.74,0.28,-1.02,4.03,-1.34,-1.79,-0.4,8.672,-2.933,2.502,2.58,8.04,8.14,16.58,10.89,0.007,0.008,0.004,0.2,0.19,-80.3052452,26.9231155,255.6
-1.0,77.3,0.0,54.48,3.21,-2.71,-0.48,-3.55,0.43,-1.82,-0.41,5.906,-1.942,2.227,8.191,13.34,6.77,12.07,24.62,0.008,0.009,0.004,0.1,0.1,-80.3052479,26.9230911,255.65
-1.2,77.2,0.0,54.62,2.71,1.63,-0.01,2.56,-0.32,-1.73,-0.46,6.063,24.015,7.22,2.766,9.12,8.63,7.06,1.37,0.008,0.009,0.004,0.12,0.12,-80.3052506,26.9230665,255.7
-0.6,77.1,0.0,54.73,2.62,-0.53,-0.66,-0.96,1.25,-1.77,-0.42,2.649,16.775,12.115,2.207,-1.67,8.63,-2.94,12.36,0.007,0.008,0.004,0.1,0.09,-80.3052532,26.9230419,255.75
-0.4,77.1,0.0,54.78,1.37,-0.06,-0.5,3.07,-0.6,-1.74,-0.42,3.434,-2.737,3.149,3.62,10.89,19.13,27.86,17.17,0.008,0.009,0.004,0.17,0.17,-80.3052559,26.9230173,255.8
-0.6,77.2,0.0,54.86,1.61,-2.54,-0.04,1.9,-1.28,-1.75,-0.45,12.694,-7.593,7.593,3.424,15.5,5.2,25.51,28.45,0.008,0.009,0.004,0.09,0.09,-80.3052587,26.9229927,255.85
-0.4,76.8,0.0,55.0,2.69,1.39,0.52,0.79,0.29,-1.71,-0.45,8.427,19.718,1.727,1.638,8.93,1.77,-1.86,12.75,0.008,0.009,0.005,0.1,0.1,-80.3052614,26.9229681,255.9
0.1,76.4,0.0,55.11,2.01,0.86,-0.49,-2.83,3.02,-1.71,-0.4,-0.078,17.962,6.318,0.186,14.52,16.58,-1.57,-7.95,0.009,0.009,0.005,0.11,0.11,-80.3052642,26.9229433,255.95
0.3,76.1,0.0,55.19,2.04,-3.27,-0.03,1.82,0.48,-1.68,-0.36,3.012,4.699,4.218,1.579,3.92,8.14,19.13,17.85,0.008,0.009,0.005,0.07,0.06,-80.3052669,26.9229186,256.0
1.0,76.2,0.0,55.26,1.73,0.29,0.15,-0.25,0.41,-1.63,-0.35,10.605,-10.34,4.581,9.83,11.28,12.36,30.71,22.27,0.008,0.008,0.004,0.05,0.05,-80.3052697,26.9228938,256.05
0.4,76.3,0.0,55.36,2.29,-2.38,-0.06,0.56,-1.05,-1.68,-0.38,10.31,-0.687,4.728,8.358,11.18,5.89,22.56,21.19,0.007,0.008,0.004,-0.01,-0.01,-80.3052725,26.9228689,256.1
0.8,76.1,0.0,55.51,3.17,-0.38,0.88,1.37,-0.14,-1.67,-0.41,6.504,16.991,3.904,4.365,9.81,0.88,9.71,3.92,0.007,0.008,0.004,0.0,0.0,-80.3052753,26.9228441,256.15
0.6,75.9,0.0,55.61,1.56,1.32,0.35,0.13,0.39,-1.64,-0.41,-0.579,23.838,4.15,1.491,10.79,15.99,6.57,-2.65,0.008,0.008,0.004,0.03,0.03,-80.3052781,26.9228191,256.2
0.9,75.8,0.0,55.71,2.52,-0.15,0.0,-0.55,-0.27,-1.68,-0.4,5.729,9.957,10.281,3.512,5.1,6.67,4.41,22.66,0.008,0.008,0.004,0.04,0.04,-80.3052809,26.9227941,256.25
0.8,75.2,0.0,55.76,1.4,0.1,0.38,-0.89,1.0,-1.68,-0.37,4.15,-2.865,7.485,3.434,10.99,18.64,26.0,11.58,0.008,0.009,0.004,0.04,0.04,-80.3052837,26.9227691,256.3
1.0,74.4,0.0,55.85,1.18,-2.23,0.17,2.94,-1.24,-1.6,-0.42,10.762,-8.996,0.971,5.729,16.19,3.34,23.05,26.88,0.008,0.009,0.004,0.0,0.0,-80.3052866,26.922744,256.35
2.2,73.5,0.0,55.95,2.28,0.52,0.02,-4.23,0.79,-1.64,-0.42,12.312,-1.207,5.827,7.603,13.73,6.57,5.2,21.19,0.009,0.009,0.004,0.01,0.01,-80.3052894,26.9227189,256.4
2.3,73.1,0.0,56.07,2.63,1.49,-0.26,4.06,-1.33,-1.55,-0.44,4.444,7.789,-4.591,2.58,15.7,12.85,11.18,-2.94,0.008,0.008,0.004,0.04,0.04,-80.3052922,26.9226938,256.45
2.3,72.7,0.0,56.19,2.58,-3.09,1.48,-2.27,1.76,-1.58,-0.41,5.366,17.374,3.492,2.453,5.98,2.06,7.85,-1.28,0.008,0.008,0.004,-0.1,-0.1,-80.3052951,26.9226686,256.5
2.2,72.5,0.0,56.25,0.52,2.21,1.18,-0.69,-0.54,-1.55,-0.41,-0.049,21.464,7.642,2.394,10.99,17.85,0.88,6.57,0.008,0.008,0.004,-0.0,-0.0,-80.3052979,26.9226433,256.55
1.6,72.2,0.0,56.36,3.38,1.41,0.99,4.1,-1.67,-1.5,-0.41,3.002,11.958,8.937,2.305,7.46,16.68,4.32,-5.3,0.008,0.008,0.004,-0.05,-0.05,-80.3053007,26.922618,256.6
1.7,71.9,0.0,56.4,-0.43,-2.77,1.04,-2.43,2.58,-1.52,-0.36,1.638,1.736,4.974,-2.158,17.46,11.28,10.2,9.71,0.009,0.008,0.004,-0.07,-0.06,-80.3053035,26.9225927,256.65
1.7,71.3,0.0,56.47,0.56,2.09,0.35,3.7,-1.6,-1.45,-0.37,8.888,-1.903,7.299,6.828,20.31,9.12,18.54,24.43,0.009,0.008,0.004,-0.11,-0.11,-80.3053063,26.9225673,256.7
2.3,70.8,0.0,56.57,2.88,-0.03,-0.01,0.3,-0.51,-1.48,-0.36,8.299,-12.567,1.167,2.688,15.3,3.43,22.86,21.48,0.009,0.008,0.004,-0.11,-0.11,-80.305309,26.9225419,256.75
2.0,70.5,0.0,56.64,1.19,-2.53,1.05,0.97,-0.18,-1.49,-0.38,12.616,-10.605,6.21,3.247,22.37,10.01,25.31,35.81,0.009,0.008,0.004,-0.11,-0.11,-80.3053118,26.9225165,256.8
1.4,70.2,0.0,56.72,1.36,2.24,1.43,-0.11,-0.76,-1.54,-0.4,7.014,5.18,-0.216,7.397,-5.0,1.37,23.35,19.23,0.008,0.008,0.004,-0.04,-0.04,-80.3053146,26.922491,256.85
1.5,70.0,0.0,56.84,1.97,1.15,1.13,2.84,-0.52,-1.49,-0.41,7.25,-0.334,0.54,6.327,7.16,15.5,15.21,9.32,0.009,0.009,0.004,-0.12,-0.12,-80.3053173,26.9224654,256.9
1.7,69.3,0.0,56.92,1.54,0.08,1.21,-2.08,1.54,-1.5,-0.37,2.197,11.488,6.455,0.932,2.75,7.16,0.29,11.09,0.009,0.008,0.004,-0.1,-0.1,-80.3053201,26.9224398,256.95
2.1,67.8,0.0,57.0,1.13,2.29,1.16,2.72,-0.54,-1.43,-0.35,6.69,15.814,-2.413,1.893,5.4,7.26,1.37,9.61,0.009,0.008,0.005,-0.13,-0.13,-80.3053228,26.9224142,257.0
1.6,66.9,0.0,57.12,2.81,2.17,0.56,0.51,-0.89,-1.42,-0.36,5.611,17.383,0.706,6.121,10.89,2.16,0.39,5.49,0.008,0.008,0.004,-0.08,-0.08,-80.3053255,26.9223886,257.05
1.5,65.7,0.0,57.21,2.17,-1.17,1.38,0.2,0.31,-1.42,-0.35,1.923,19.934,4.758,4.503,3.04,7.26,-1.28,4.22,0.008,0.007,0.004,-0.15,-0.15,-80.3053282,26.9223629,257.1
0.7,64.9,0.0,57.26,0.29,1.03,0.71,1.05,1.12,-1.43,-0.35,5.906,18.59,5.327,9.29,12.85,14.81,3.53,0.2,0.008,0.007,0.004,-0.08,-0.08,-80.3053309,26.9223371,257.15
1.5,63.0,0.0,57.36,2.97,1.94,0.3,-2.17,0.27,-1.5,-0.35,-1.05,21.631,-0.598,2.825,1.18,7.75,0.0,-9.91,0.008,0.007,0.004,-0.12,-0.12,-80.3053335,26.9223114,257.2
0.2,60.4,0.0,57.42,1.98,-1.24,1.07,2.08,0.03,-1.46,-0.34,5.69,10.144,3.944,-3.031,12.85,18.05,0.88,-14.42,0.008,0.007,0.004,-0.11,-0.11,-80.3053361,26.9222856,257.25
1.0,59.0,0.0,57.46,0.39,1.88,0.14,-2.34,0.21,-1.55,-0.34,0.952,18.09,9.241,1.246,-3.92,9.52,-7.75,6.08,0.008,0.007,0.004,-0.05,-0.05,-80.3053387,26.9222597,257.3
1.0,58.7,0.0,57.54,2.41,2.32,-0.08,1.82,-1.71,-1.56,-0.38,4.307,9.839,1.599,0.598,12.07,20.11,3.34,-5.79,0.008,0.008,0.004,-0.0,-0.0,-80.3053413,26.9222339,257.35
1.1,58.6,0.0,57.57,0.17,-1.45,0.57,-3.29,1.82,-1.68,-0.32,-0.853,12.93,4.552,-2.443,1.37,8.14,10.79,1.18,0.008,0.008,0.005,-0.02,-0.02,-80.3053438,26.922208,257.4
1.5,58.4,0.0,57.62,1.11,3.44,1.14,2.19,-1.02,-1.66,-0.35,3.806,11.438,8.633,2.806,7.65,21.39,-4.81,10.4,0.008,0.008,0.005,-0.03,-0.03,-80.3053464,26.9221821,257.45
0.9,58.5,0.0,57.66,0.34,1.44,0.94,-3.5,1.52,-1.74,-0.32,4.807,8.947,6.396,0.716,8.93,11.97,13.05,-3.92,0.008,0.008,0.004,-0.02,-0.02,-80.305349,26.9221561,257.5
0.9,58.5,0.0,57.73,1.8,-0.9,0.94,2.67,-0.37,-1.68,-0.32,5.033,8.25,6.71,1.579,13.15,9.61,12.36,11.67,0.009,0.008,0.005,-0.11,-0.11,-80.3053515,26.9221302,257.55
0.7,58.5,0.0,57.73,-1.29,-0.33,0.72,-3.25,2.0,-1.72,-0.3,4.159,7.034,7.868,5.788,16.78,10.01,2.06,11.38,0.009,0.008,0.005,-0.06,-0.06,-80.305354,26.9221042,257.6
1.1,58.1,0.0,57.82,3.32,1.88,0.44,2.41,-0.4,-1.68,-0.31,7.171,7.259,6.583,2.541,14.52,10.99,15.79,0.0,0.009,0.009,0.005,-0.1,-0.1,-80.3053564,26.9220782,257.65
0.6,58.0,0.0,57.83,-0.26,-3.33,1.06,-3.64,2.95,-1.74,-0.24,2.845,12.037,2.914,2.246,15.89,14.32,23.25,13.44,0.009,0.009,0.006,-0.13,-0.13,-80.3053589,26.9220522,257.7
1.0,57.1,0.0,57.89,1.93,1.05,0.67,1.51,-0.22,-1.66,-0.24,5.611,7.465,9.231,5.582,14.62,9.52,4.71,19.03,0.009,0.009,0.006,-0.05,-0.05,-80.3053613,26.9220262,257.75
0.7,54.9,0.0,57.94,0.7,-0.24,0.03,-1.45,-0.14,-1.68,-0.21,3.414,8.172,6.337,2.629,17.95,14.13,11.87,9.81,0.008,0.008,0.006,-0.03,-0.03,-80.3053638,26.9220001,257.8
0.9,52.4,0.0,57.97,1.08,0.57,0.37,3.61,-1.34,-1.65,-0.23,3.169,10.467,5.7,-0.02,5.3,5.98,4.61,5.98,0.008,0.008,0.005,0.01,0.01,-80.3053662,26.921974,257.85
0.8,49.1,0.0,58.0,-0.51,-1.64,0.23,-7.32,1.6,-1.8,-0.19,3.777,13.587,7.946,3.571,17.07,19.52,1.96,-3.43,0.008,0.008,0.005,-0.1,-0.1,-80.3053686,26.9219479,257.9
0.8,39.6,0.0,58.04,1.15,0.84,0.94,3.47,-0.98,-1.76,-0.19,3.728,9.084,6.651,1.53,4.81,12.16,0.39,0.29,0.008,0.008,0.006,-0.05,-0.05,-80.305371,26.9219218,257.95
0.6,29.5,0.0,58.0,-2.3,1.97,0.33,-0.19,1.74,-1.83,-0.12,0.687,10.948,8.093,1.785,10.4,23.94,14.13,-3.24,0.008,0.008,0.007,-0.02,-0.02,-80.3053734,26.9218957,258.0
0.1,23.6,0.0,57.99,0.34,0.1,0.52,-0.51,0.3,-1.82,-0.09,2.188,11.331,8.025,6.033,3.43,11.58,3.04,1.96,0.008,0.008,0.007,-0.01,-0.01,-80.3053758,26.9218696,258.05
0.1,18.3,0.0,57.94,-1.51,-1.12,-0.35,2.85,1.61,-1.76,-0.02,-2.109,6.014,6.22,4.797,9.22,19.33,7.46,7.06,0.007,0.007,0.007,-0.02,-0.02,-80.3053782,26.9218435,258.1
-0.2,12.1,0.0,57.85,-2.75,1.14,0.24,0.94,1.81,-1.78,0.08,9.967,6.641,12.439,7.524,12.26,13.83,14.81,13.73,0.007,0.007,0.008,-0.01,-0.01,-80.3053806,26.9218174,258.15
0.4,7.6,0.0,57.71,-2.66,0.08,0.27,-1.27,1.76,-1.8,0.2,10.614,-7.259,0.059,-0.363,15.4,16.78,14.03,14.91,0.006,0.007,0.009,-0.02,-0.02,-80.305383,26.9217914,258.2
-0.6,4.7,0.0,57.48,-4.35,-1.41,0.85,0.21,3.37,-1.74,0.33,14.872,-9.604,3.787,-2.05,19.62,4.51,23.94,26.78,0.005,0.005,0.009,-0.05,-0.05,-80.3053853,26.9217655,258.25
-0.2,2.4,0.0,57.31,-3.7,-1.83,0.6,1.34,1.15,-1.7,0.41,11.949,3.581,1.432,-1.02,13.44,5.98,18.64,22.66,0.004,0.004,0.01,-0.17,-0.17,-80.3053877,26.9217396,258.3
-0.7,2.3,0.0,57.15,-2.82,-0.3,0.74,0.84,-0.58,-1.66,0.42,10.301,5.239,-2.188,0.785,14.91,7.46,7.95,13.05,0.003,0.003,0.009,-0.14,-0.14,-80.3053901,26.9217139,258.35
-0.4,2.3,0.0,57.02,-2.08,1.63,0.2,-0.32,-0.98,-1.67,0.38,3.865,15.333,-1.334,2.58,10.1,1.18,2.06,13.24,0.003,0.003,0.009,-0.11,-0.11,-80.3053924,26.9216882,258.4
-0.6,2.3,0.0,56.85,-3.84,-0.23,-0.19,-0.47,0.94,-1.68,0.39,0.059,24.917,-4.571,1.54,9.71,21.39,8.24,0.1,0.003,0.003,0.009,-0.09,-0.09,-80.3053948,26.9216626,258.45
-0.5,2.1,0.0,56.69,-3.49,-0.37,-0.44,1.53,-0.29,-1.69,0.41,3.453,13.293,-0.981,-1.678,1.37,11.18,4.41,6.97,0.004,0.004,0.01,-0.07,-0.06,-80.3053971,26.921637,258.5
-0.6,2.3,0.0,56.49,-3.44,-0.6,-0.22,-1.92,0.11,-1.76,0.45,9.692,-0.275,2.403,-1.756,12.65,18.93,26.0,3.63,0.004,0.004,0.01,-0.06,-0.06,-80.3053994,26.9216116,258.55
-0.6,2.2,0.0,56.27,-4.95,-1.19,-0.71,-3.22,0.56,-1.82,0.44,16.481,-8.319,3.443,0.422,3.14,2.45,22.17,32.08,0.004,0.004,0.011,-0.1,-0.09,-80.3054017,26.9215862,258.6
0.2,2.3,0.0,56.13,-3.48,-0.74,-1.37,0.48,-0.45,-1.79,0.43,7.799,11.419,3.11,1.452,13.24,5.89,-0.49,11.09,0.004,0.004,0.011,-0.03,-0.02,-80.305404,26.9215609,258.65
-0.3,2.1,0.0,56.02,-2.33,-0.51,-1.11,0.12,0.12,-1.81,0.43,1.324,20.356,-5.258,-0.883,14.72,11.48,0.29,-10.99,0.003,0.004,0.011,-0.02,-0.02,-80.3054063,26.9215357,258.7
0.5,2.0,0.0,55.84,-3.34,-2.14,-0.82,0.41,1.1,-1.81,0.51,3.993,13.626,2.619,-3.1,10.59,9.12,15.3,7.85,0.003,0.003,0.011,-0.05,-0.05,-80.3054086,26.9215105,258.75
0.8,2.1,0.0,55.63,-4.28,-1.72,-0.2,0.42,-1.71,-1.81,0.48,11.909,-4.807,7.24,-2.462,18.34,15.7,23.35,27.86,0.003,0.004,0.011,0.02,0.02,-80.3054109,26.9214855,258.8
0.8,2.1,0.0,55.47,-2.53,0.26,0.44,1.7,-1.66,-1.77,0.42,10.35,4.071,-0.088,0.363,7.46,8.63,8.63,9.81,0.003,0.004,0.011,0.0,0.0,-80.3054133,26.9214605,258.85
1.1,2.1,0.0,55.37,-1.87,1.36,0.67,2.61,-0.86,-1.73,0.44,1.521,18.531,-7.799,-3.375,11.77,15.21,8.44,-14.03,0.003,0.004,0.011,-0.07,-0.07,-80.3054156,26.9214355,258.9
0.0,2.1,0.0,55.16,-5.25,-0.57,0.85,-1.69,1.32,-1.77,0.52,9.349,3.012,2.649,-2.011,14.91,10.89,23.64,3.73,0.003,0.004,0.011,-0.08,-0.07,-80.3054179,26.9214106,258.95
0.4,2.1,0.0,54.95,-4.66,0.08,1.1,1.52,-1.72,-1.71,0.47,11.821,-2.972,-1.373,-0.196,8.93,5.4,12.36,23.15,0.003,0.003,0.011,-0.19,-0.18,-80.3054202,26.9213859,259.0
0.6,2.1,0.0,54.85,-1.94,0.57,0.21,-2.13,-0.34,-1.71,0.41,8.623,16.059,-1.324,-0.334,14.32,15.01,-3.92,0.39,0.003,0.003,0.01,-0.15,-0.14,-80.3054225,26.9213611,259.05
-0.3,2.1,0.0,54.68,-4.56,0.43,0.6,0.29,2.45,-1.68,0.51,5.857,7.259,5.788,-2.188,5.79,7.06,8.34,2.65,0.003,0.003,0.01,-0.12,-0.11,-80.3054248,26.9213365,259.1
0.1,2.1,0.0,54.47,-4.78,-1.64,0.57,-1.92,-1.48,-1.69,0.49,13.763,-2.168,2.227,-0.883,5.69,6.87,22.27,25.11,0.003,0.003,0.011,-0.16,-0.15,-80.3054271,26.9213119,259.15
0.5,2.0,0.0,54.37,-2.32,2.41,-0.12,1.6,-1.78,-1.63,0.42,6.945,16.402,-5.964,-1.246,12.46,7.46,-5.89,4.02,0.003,0.003,0.011,-0.1,-0.09,-80.3054293,26.9212875,259.2
0.5,2.0,0.0,54.19,-4.31,1.09,-0.32,-0.96,0.56,-1.68,0.5,8.996,3.139,2.521,-1.658,13.05,11.48,14.91,4.91,0.003,0.004,0.01,-0.08,-0.08,-80.3054316,26.9212631,259.25
0.5,2.1,0.0,54.02,-2.04,-0.29,0.14,2.29,-1.48,-1.62,0.46,7.308,2.649,0.216,-0.677,11.67,15.99,19.82,13.54,0.004,0.004,0.01,-0.11,-0.11,-80.3054338,26.9212387,259.3
0.0,2.0,0.0,53.91,-2.99,-1.24,0.77,-1.99,1.8,-1.68,0.5,5.827,21.925,10.35,-2.129,4.91,11.38,14.32,4.51,0.003,0.003,0.011,-0.1,-0.09,-80.3054361,26.9212144,259.35
0.8,2.0,0.0,53.69,-3.91,0.09,-0.06,2.09,-1.49,-1.65,0.48,9.947,-5.15,8.584,-0.824,12.75,3.14,14.22,26.39,0.003,0.003,0.01,-0.09,-0.08,-80.3054383,26.9211902,259.4
0.7,2.0,0.0,53.59,-1.31,0.1,-0.01,-1.02,-0.04,-1.6,0.45,7.21,17.05,-3.453,-0.961,16.19,13.34,-1.96,-0.39,0.003,0.003,0.01,-0.08,-0.08,-80.3054405,26.921166,259.45
0.5,2.1,0.0,53.41,-3.58,-0.43,-0.01,3.43,0.18,-1.56,0.51,8.849,2.747,13.45,-2.688,10.3,5.98,29.53,17.66,0.003,0.003,0.01,-0.07,-0.06,-80.3054427,26.9211419,259.5
0.4,2.0,0.0,53.26,-2.26,-1.61,0.83,-1.1,-0.84,-1.56,0.42,4.689,7.416,6.798,2.708,13.73,3.04,9.32,8.53,0.003,0.003,0.01,-0.19,-0.17,-80.3054449,26.9211179,259.55
0.2,2.0,0.0,53.1,-6.07,1.55,0.45,-2.48,1.08,-1.59,0.44,7.917,4.503,7.367,-0.314,22.46,16.58,11.38,14.22,0.003,0.003,0.01,-0.13,-0.12,-80.305447,26.921094,259.6
0.1,1.9,0.0,52.93,-2.78,1.15,0.65,-1.52,0.21,-1.53,0.46,4.159,8.819,-1.138,3.09,1.86,5.59,9.71,9.12,0.004,0.004,0.01,-0.12,-0.11,-80.3054492,26.9210701,259.65
0.7,2.0,0.0,52.83,-3.63,-0.74,0.36,1.9,1.22,-1.49,0.53,8.446,9.182,2.619,-1.648,16.58,2.84,8.83,0.69,0.004,0.004,0.011,-0.12,-0.11,-80.3054514,26.9210462,259.7
-0.3,2.1,0.0,52.66,-1.5,-1.57,0.47,-0.55,-1.37,-1.47,0.5,4.699,4.65,5.278,-0.029,13.34,6.77,15.5,25.02,0.003,0.003,0.011,-0.13,-0.12,-80.3054535,26.9210225,259.75
0.2,2.0,0.0,52.5,-5.75,0.37,0.34,-2.33,2.13,-1.54,0.49,6.906,9.584,2.462,-2.384,1.47,2.26,9.91,10.5,0.003,0.003,0.009,-0.18,-0.16,-80.3054556,26.9209988,259.8
0.5,1.9,0.0,52.34,-2.07,2.66,0.04,1.44,-2.75,-1.47,0.41,6.249,10.448,10.958,5.758,8.93,8.14,10.99,18.84,0.003,0.003,0.009,-0.14,-0.13,-80.3054577,26.9209752,259.85
-0.1,2.1,0.0,52.2,-4.21,-1.16,-0.33,-3.08,2.54,-1.54,0.52,11.566,8.309,-1.422,-0.687,23.94,18.15,8.83,8.83,0.003,0.003,0.01,-0.08,-0.08,-80.3054598,26.9209517,259.9
0.0,1.9,0.0,52.06,-1.96,0.4,-0.3,3.7,-2.53,-1.47,0.45,7.887,8.692,2.129,4.434,1.37,8.34,9.22,3.14,0.003,0.003,0.01,-0.06,-0.05,-80.3054619,26.9209283,259.95
0.3,1.9,0.0,51.89,-4.14,-1.37,-0.04,-1.61,0.36,-1.61,0.51,11.389,-0.029,4.64,-2.482,13.54,9.91,15.21,21.39,0.003,0.003,0.01,-0.09,-0.08,-80.305464,26.9209049,260.0
0.3,2.1,0.0,51.77,-2.24,1.69,0.49,-0.98,1.11,-1.58,0.47,7.25,15.235,-5.631,-0.334,18.64,10.2,5.4,4.22,0.003,0.003,0.01,-0.05,-0.04,-80.305466,26.9208815,260.05
0.6,2.1,0.0,51.59,-3.98,-0.32,-0.02,3.37,-1.88,-1.61,0.52,10.713,4.905,1.324,3.855,0.1,6.47,6.87,21.78,0.003,0.003,0.01,-0.08,-0.07,-80.3054681,26.9208582,260.1
0.7,1.9,0.0,51.51,-2.1,-1.28,0.52,-2.71,1.08,-1.67,0.49,7.917,14.499,7.426,-1.207,9.91,14.03,7.55,-2.55,0.003,0.003,0.009,-0.06,-0.05,-80.3054701,26.920835,260.15
0.5,2.0,0.0,51.32,-1.95,-0.35,0.15,3.41,-1.91,-1.58,0.48,8.093,3.463,8.731,-0.049,19.23,10.99,19.72,7.85,0.003,0.003,0.009,-0.05,-0.05,-80.3054722,26.9208119,260.2
-0.1,1.9,0.0,51.17,-4.71,-0.81,0.61,-1.12,1.67,-1.65,0.55,8.329,3.806,3.041,-2.335,2.84,2.65,27.47,17.56,0.003,0.003,0.009,-0.15,-0.13,-80.3054742,26.9207888,260.25
1.0,2.1,0.0,51.06,-1.56,0.57,0.49,-2.49,1.22,-1.62,0.5,9.349,12.831,-3.434,-1.864,15.21,-1.47,11.38,-1.57,0.003,0.003,0.009,-0.12,-0.1,-80.3054762,26.9207657,260.3
0.8,2.0,0.0,50.88,-3.57,1.79,0.61,2.98,-2.99,-1.62,0.48,9.163,9.849,3.404,1.982,10.79,10.79,12.07,17.56,0.003,0.003,0.009,-0.11,-0.1,-80.3054782,26.9207428,260.35
0.0,2.1,0.0,50.74,-5.02,-0.76,0.51,-5.59,2.33,-1.72,0.54,12.449,7.456,2.668,-1.364,17.66,12.56,5.59,24.82,0.002,0.002,0.009,-0.11,-0.1,-80.3054802,26.9207199,260.4
-0.1,1.9,0.0,50.63,-2.07,1.01,0.46,-0.3,0.37,-1.65,0.46,7.465,12.606,-2.001,2.541,7.16,2.26,0.88,3.53,0.002,0.002,0.009,-0.05,-0.05,-80.3054822,26.920697,260.45
0.3,2.0,0.0,50.45,-3.03,-0.21,-0.02,0.82,-0.63,-1.57,0.5,6.936,6.327,-1.236,-0.853,15.99,6.67,20.8,12.65,0.003,0.003,0.009,-0.08,-0.07,-80.3054842,26.9206742,260.5
-0.8,1.9,0.0,50.31,-4.96,-0.93,-0.09,-2.21,2.22,-1.68,0.58,7.063,8.623,-0.167,-3.512,15.4,11.77,27.66,18.93,0.003,0.003,0.01,-0.07,-0.06,-80.3054861,26.9206515,260.55
-0.6,2.0,0.0,50.19,-2.88,-1.46,-0.03,-1.76,2.71,-1.69,0.56,5.14,13.95,6.416,-1.472,4.71,3.14,15.6,0.39,0.003,0.004,0.01,-0.06,-0.05,-80.3054881,26.9206289,260.6
-0.2,1.8,0.0,50.03,-2.62,2.65,-0.49,2.67,-2.74,-1.65,0.56,6.524,14.117,3.512,1.305,10.1,7.26,20.01,14.91,0.003,0.003,0.011,-0.04,-0.04,-80.30549,26.9206063,260.65
-0.5,2.0,0.0,49.86,-4.07,-2.32,-0.41,-0.63,-0.49,-1.73,0.59,8.339,4.974,10.222,5.425,10.3,20.11,4.81,23.64,0.003,0.003,0.01,-0.11,-0.1,-80.3054919,26.9205839,260.7
-0.6,2.0,0.0,49.73,-4.9,-1.58,-0.21,-3.43,0.58,-1.78,0.56,12.871,9.565,3.061,0.657,19.03,11.09,13.54,17.95,0.002,0.003,0.01,0.0,0.0,-80.3054938,26.9205614,260.75
0.1,1.8,0.0,49.61,-1.46,3.01,-0.69,0.94,-0.05,-1.75,0.52,4.925,15.745,3.747,-1.521,-0.69,5.89,11.38,-3.53,0.002,0.002,0.009,0.06,0.05,-80.3054958,26.920539,260.8
-0.2,1.9,0.0,49.43,-2.22,-1.0,0.04,-2.82,0.23,-1.85,0.55,7.23,8.917,-0.932,0.069,9.42,2.06,15.4,6.87,0.002,0.002,0.009,-0.02,-0.02,-80.3054977,26.9205167,260.85
-0.2,2.0,0.0,49.25,-4.38,-1.88,-0.01,-1.0,-0.85,-1.88,0.54,10.428,8.594,4.454,2.531,14.22,13.15,8.73,14.32,0.002,0.003,0.01,-0.05,-0.05,-80.3054996,26.9204944,260.9
-0.3,1.8,0.0,49.09,-5.29,0.49,-0.45,0.46,0.78,-1.79,0.52,9.31,11.762,7.25,-1.177,8.63,9.71,20.8,21.78,0.002,0.003,0.009,-0.01,-0.01,-80.3055015,26.9204723,260.95
0.1,2.0,0.0,48.93,-4.58,0.3,-0.28,-2.93,2.42,-1.76,0.53,3.492,11.331,0.736,-0.402,0.0,11.48,4.51,-1.67,0.003,0.003,0.01,-0.01,-0.01,-80.3055034,26.9204502,261.0
0.6,2.0,0.0,48.81,-2.27,0.35,0.17,-4.58,1.61,-1.81,0.58,9.771,13.518,7.308,4.817,16.38,3.73,2.94,9.03,0.004,0.003,0.011,-0.02,-0.02,-80.3055053,26.9204281,261.05
-0.1,2.0,0.0,48.65,-1.72,1.64,-0.1,0.39,-2.4,-1.88,0.59,8.083,11.331,-1.776,3.59,7.06,2.16,7.65,7.85,0.002,0.003,0.011,-0.01,-0.01,-80.3055073,26.9204062,261.1
-0.1,1.8,0.0,48.47,-2.59,1.45,-0.43,6.28,-1.97,-1.79,0.57,9.378,14.038,4.061,7.112,20.99,23.54,9.03,6.18,0.002,0.002,0.009,0.0,0.0,-80.3055091,26.9203843,261.15
-1.2,1.9,0.0,48.27,-4.97,-1.58,0.25,-1.55,0.61,-1.77,0.59,6.72,12.979,3.63,6.416,5.1,21.48,12.36,22.07,0.001,0.001,0.009,-0.05,-0.05,-80.305511,26.9203625,261.2
-0.5,2.0,0.0,48.13,-3.4,-3.74,-0.37,-1.75,0.7,-1.81,0.62,13.93,6.475,8.358,3.698,13.24,11.28,21.48,29.82,0.001,0.002,0.008,-0.1,-0.09,-80.3055129,26.9203408,261.25
-0.5,2.0,0.0,47.97,-3.09,-3.76,-0.31,1.33,0.04,-1.75,0.63,14.705,1.668,6.21,0.167,11.28,1.57,24.23,25.21,0.001,0.002,0.008,-0.09,-0.08,-80.3055148,26.9203191,261.3
0.2,2.0,0.0,47.81,-4.36,-1.41,-0.23,2.82,-1.87,-1.71,0.59,11.399,5.297,1.57,-1.236,19.23,9.71,16.09,10.4,0.001,0.001,0.009,0.02,0.02,-80.3055167,26.9202975,261.35
-0.4,2.0,0.0,47.64,-4.43,3.09,-0.17,-3.68,-0.34,-1.86,0.53,9.879,8.093,-0.432,-1.687,7.26,9.42,18.93,6.47,0.001,0.001,0.008,0.07,0.06,-80.3055186,26.9202761,261.4
0.2,2.0,0.0,47.48,-3.77,2.87,0.43,-6.15,3.38,-1.98,0.56,6.043,11.438,1.785,0.108,4.12,7.46,10.69,-11.38,0.001,0.002,0.008,0.09,0.07,-80.3055205,26.9202547,261.45
0.3,1.9,0.0,47.32,-3.77,0.99,0.3,-2.94,1.73,-1.95,0.58,10.065,13.616,7.367,4.728,19.33,3.92,0.29,-3.24,0.002,0.002,0.009,0.09,0.07,-80.3055224,26.9202333,261.5
0.3,1.9,0.0,47.15,-3.43,-1.5,0.52,-0.49,-0.12,-1.87,0.55,8.28,12.91,8.535,4.925,12.36,4.71,7.36,0.69,0.002,0.002,0.008,-0.04,-0.03,-80.3055242,26.9202121,261.55
-0.5,1.9,0.0,46.98,-3.37,-0.56,0.16,-1.57,1.29,-1.93,0.58,11.164,13.293,1.56,4.63,18.93,16.87,-1.67,-3.14,0.002,0.002,0.008,-0.01,-0.01,-80.3055261,26.9201909,261.6
-0.4,1.9,0.0,46.81,-2.7,0.84,0.23,-0.62,0.84,-1.91,0.56,7.132,11.291,0.275,4.101,8.93,8.83,4.81,0.69,0.002,0.002,0.008,0.02,0.02,-80.3055279,26.9201697,261.65
-0.7,1.9,0.0,46.65,-2.89,1.65,-0.1,-3.27,2.7,-1.94,0.59,6.995,15.058,5.651,4.748,4.71,12.36,10.99,-3.34,0.002,0.002,0.008,0.06,0.05,-80.3055298,26.9201487,261.7
-0.6,2.0,0.0,46.48,-3.98,0.19,-0.05,-7.01,2.96,-1.98,0.61,8.741,15.843,2.619,3.816,17.95,11.97,11.09,-5.0,0.002,0.002,0.008,0.04,0.03,-80.3055316,26.9201277,261.75
-0.5,2.0,0.0,46.31,-3.54,-0.91,-0.77,-3.04,2.14,-1.97,0.61,6.406,12.733,1.776,-1.462,13.15,9.61,17.85,-3.04,0.002,0.002,0.008,0.03,0.03,-80.3055334,26.9201069,261.8
-0.5,1.9,0.0,46.13,-4.59,-1.81,-0.5,-5.4,2.72,-2.03,0.63,8.28,9.761,1.256,-1.933,15.7,12.46,12.65,3.53,0.001,0.002,0.008,0.01,0.01,-80.3055352,26.920086,261.85
-0.6,1.9,0.0,45.95,-4.97,-1.7,-0.19,-0.35,0.03,-1.99,0.61,9.888,14.44,2.757,-2.511,16.19,17.36,14.32,14.72,0.001,0.002,0.008,-0.0,-0.0,-80.305537,26.9200653,261.9
-0.6,1.9,0.0,45.8,-3.91,-1.45,0.4,-0.93,0.72,-1.98,0.59,8.682,10.693,7.044,0.118,-0.29,10.5,21.19,25.9,0.001,0.001,0.008,-0.01,-0.01,-80.3055388,26.9200447,261.95
0.1,2.0,0.0,45.64,-3.0,-1.66,-0.02,-2.05,0.3,-2.02,0.59,9.427,5.337,7.21,2.472,7.36,5.0,18.44,27.17,0.002,0.002,0.008,-0.01,-0.01,-80.3055406,26.9200241,262.0
-0.6,2.0,0.0,45.49,-2.83,-0.51,0.39,0.73,-1.17,-2.01,0.59,9.182,10.183,2.58,6.082,10.5,11.09,14.91,15.5,0.001,0.002,0.008,0.02,0.02,-80.3055423,26.9200037,262.05
-0.6,1.9,0.0,45.31,-3.17,0.93,0.19,1.53,-1.21,-1.91,0.55,9.673,10.663,0.981,5.337,9.32,6.87,17.66,17.46,0.001,0.002,0.008,0.06,0.04,-80.3055441,26.9199832,262.1
0.2,2.0,0.0,45.15,-2.94,1.29,0.47,-0.35,-0.51,-1.88,0.57,9.957,4.424,0.451,1.903,15.3,10.5,18.93,14.42,0.002,0.001,0.008,0.05,0.04,-80.3055459,26.9199629,262.15
0.2,1.9,0.0,44.98,-3.02,1.53,0.05,-3.41,-0.28,-2.02,0.59,10.153,11.694,3.718,4.208,21.78,15.11,20.5,2.06,0.001,0.001,0.008,-0.04,-0.04,-80.3055476,26.9199426,262.2
-0.4,1.9,0.0,44.78,-4.57,-0.97,0.28,-3.95,0.67,-2.12,0.59,7.465,14.637,3.963,2.305,12.26,11.48,16.28,-4.22,0.001,0.001,0.008,-0.04,-0.03,-80.3055494,26.9199224,262.25
-0.7,1.8,0.0,44.6,-5.08,-1.83,0.14,-1.16,-0.16,-2.14,0.58,7.887,11.762,6.779,1.864,3.34,9.81,17.66,10.99,0.001,0.001,0.008,-0.04,-0.03,-80.3055511,26.9199023,262.3
-0.8,2.1,0.0,44.44,-3.51,-0.63,-0.03,-2.51,-0.54,-2.21,0.55,9.192,11.066,6.455,6.955,14.22,4.12,12.75,14.62,0.001,0.001,0.008,-0.01,-0.01,-80.3055528,26.9198822,262.35
-0.8,2.0,0.0,44.27,-3.3,-2.34,-0.64,1.65,-0.15,-2.12,0.57,11.752,4.307,3.208,5.386,17.36,0.98,8.34,7.95,0.001,0.002,0.008,-0.04,-0.03,-80.3055545,26.9198622,262.4
-1.1,1.9,0.0,44.09,-3.98,-1.98,-0.44,5.52,0.07,-1.99,0.61,10.085,7.407,4.905,1.256,14.42,6.08,9.12,7.26,0.001,0.002,0.008,0.06,0.05,-80.3055562,26.9198424,262.45
-0.9,1.9,0.0,43.91,-4.3,-3.2,-1.05,1.28,0.86,-1.99,0.66,10.261,15.598,2.325,2.021,7.46,8.83,5.0,13.05,0.001,0.002,0.009,0.01,0.01,-80.3055579,26.9198226,262.5
-0.8,1.9,0.0,43.74,-3.33,-1.7,-0.81,-0.32,-1.49,-2.01,0.61,11.821,6.838,5.405,5.317,14.62,11.58,-1.57,19.82,0.001,0.002,0.008,-0.01,-0.01,-80.3055596,26.9198029,262.55
-0.6,2.0,0.0,43.56,-3.33,-1.4,-0.47,-0.98,-0.61,-2.0,0.61,9.123,12.096,4.513,3.669,17.46,16.58,0.1,18.93,0.001,0.002,0.008,0.09,0.07,-80.3055613,26.9197832,262.6
-0.7,1.9,0.0,43.37,-3.78,-0.61,0.11,2.06,-0.14,-1.99,0.62,11.075,7.897,9.633,1.825,9.61,15.3,-8.04,15.6,0.0,0.001,0.008,0.07,0.06,-80.305563,26.9197637,262.65
-0.9,1.9,0.0,43.18,-4.52,-2.45,-0.52,1.38,0.65,-1.98,0.64,5.817,18.041,9.437,5.935,3.43,6.97,3.34,20.31,0.0,0.001,0.008,0.04,0.03,-80.3055647,26.9197443,262.7
-1.0,2.0,0.0,43.02,-2.33,1.14,-0.39,3.37,-1.48,-1.96,0.6,9.418,3.787,9.565,9.859,0.2,5.3,-5.3,18.54,-0.0,0.001,0.008,0.06,0.05,-80.3055664,26.9197249,262.75
-1.0,1.9,0.0,42.82,-4.39,-0.94,0.12,1.27,0.59,-1.98,0.6,9.996,10.526,6.337,6.269,9.91,8.63,-0.2,10.2,0.0,0.001,0.007,0.05,0.04,-80.3055681,26.9197056,262.8
-1.1,2.0,0.0,42.62,-5.04,-2.76,-0.21,3.12,-0.21,-1.96,0.61,11.144,13.459,9.31,7.181,11.28,9.03,6.47,24.43,0.0,0.001,0.008,-0.02,-0.01,-80.3055699,26.9196864,262.85
-1.1,2.0,0.0,42.47,-2.23,-1.2,-0.22,1.24,-1.37,-1.98,0.6,13.342,6.573,2.394,8.486,16.09,5.79,4.71,14.52,0.0,0.001,0.008,0.01,0.01,-80.3055715,26.9196673,262.9
-1.1,1.9,0.0,42.27,-4.41,-2.26,-0.02,-0.13,-0.27,-2.04,0.6,9.928,12.714,4.581,7.397,12.16,5.4,7.06,7.46,0.0,0.001,0.008,-0.02,-0.02,-80.3055732,26.9196482,262.95
-0.9,2.0,0.0,42.09,-3.24,-2.72,-0.37,2.53,-1.48,-2.0,0.57,11.085,6.73,7.191,7.308,10.59,6.47,10.2,12.16,0.0,0.001,0.008,0.06,0.04,-80.3055749,26.9196293,263.0
-0.7,1.9,0.0,41.91,-4.22,-1.7,-0.38,-0.13,0.15,-2.01,0.58,11.125,10.507,6.936,5.582,12.07,5.89,13.05,-2.84,-0.0,0.001,0.007,0.06,0.05,-80.3055766,26.9196104,263.05
-0.5,1.9,0.0,41.71,-5.39,-2.12,-0.3,-0.82,-0.13,-2.04,0.57,8.849,12.841,12.321,5.013,12.26,10.89,18.25,8.63,0.0,0.001,0.007,0.01,0.01,-80.3055783,26.9195916,263.1
-0.5,2.0,0.0,41.55,-2.45,-0.4,-0.59,-0.42,-1.08,-2.0,0.56,11.762,5.709,0.598,3.904,11.77,8.44,16.78,11.77,-0.0,0.001,0.007,0.03,0.02,-80.30558,26.9195729,263.15
-1.0,1.9,0.0,41.34,-5.19,-1.25,-0.52,-4.16,1.36,-2.04,0.57,6.798,17.913,6.288,4.375,13.05,12.16,9.52,6.28,0.0,0.001,0.007,-0.01,-0.01,-80.3055817,26.9195542,263.2
-1.1,1.9,0.0,41.17,-2.62,1.66,-0.17,-1.58,-0.36,-2.02,0.58,14.352,5.641,6.798,7.142,16.68,13.83,11.09,12.95,-0.0,0.001,0.007,0.09,0.06,-80.3055834,26.9195357,263.25
-1.7,1.9,0.0,40.95,-5.06,-0.24,-1.05,-1.16,0.14,-2.0,0.57,11.458,13.646,6.906,4.208,9.22,17.46,17.27,6.18,-0.001,0.001,0.008,0.05,0.04,-80.3055851,26.9195173,263.3
-2.0,2.0,0.0,40.79,-1.71,2.89,-1.25,0.87,-1.77,-1.95,0.51,8.289,11.35,5.827,8.957,4.91,12.16,14.13,13.34,-0.0,0.001,0.007,0.15,0.11,-80.3055868,26.919499,263.35
-2.0,1.9,0.0,40.56,-4.84,-2.11,-0.7,1.32,1.29,-1.95,0.56,5.405,19.08,6.063,3.129,3.83,16.68,12.36,11.28,-0.001,0.001,0.007,0.03,0.02,-80.3055885,26.9194807,263.4
-1.6,1.9,0.0,40.39,-2.14,-0.81,-0.79,0.76,-0.5,-1.95,0.55,10.075,8.005,4.356,4.581,3.24,11.67,17.46,20.21,-0.001,0.001,0.007,0.1,0.07,-80.3055902,26.9194625,263.45
-1.3,1.9,0.0,40.14,-5.32,-3.92,-0.62,-1.04,2.98,-1.91,0.62,9.231,16.088,11.134,5.955,-0.29,5.4,18.84,16.38,-0.001,0.001,0.007,0.03,0.02,-80.3055919,26.9194444,263.5
-0.8,1.8,2.9,39.96,-4.09,-0.63,-0.66,-1.34,0.94,-1.86,0.57,9.732,7.308,8.633,9.231,4.32,5.1,17.66,0.98,-0.001,0.001,0.007,0.13,0.09,-80.3055937,26.9194264,263.55
-1.1,1.9,2.9,39.73,-3.33,-0.61,-0.66,3.55,-1.62,-1.79,0.53,12.282,6.896,4.67,7.76,3.24,4.91,15.89,9.12,-0.001,0.0,0.007,0.1,0.07,-80.3055954,26.9194086,263.6
-1.0,1.9,0.0,39.5,-5.61,-1.1,-0.35,-1.66,1.76,-1.82,0.56,10.291,9.781,5.258,5.67,1.67,7.26,12.46,9.32,-0.001,0.001,0.007,0.06,0.04,-80.3055972,26.9193907,263.65
-0.6,2.0,0.0,39.31,-2.69,0.1,-0.49,-0.01,-0.9,-1.78,0.57,11.733,4.218,5.543,6.288,2.26,6.08,3.73,18.25,-0.001,0.0,0.007,0.04,0.03,-80.3055989,26.9193731,263.7
-0.7,2.0,0.0,39.07,-4.59,-0.64,-0.46,3.45,-0.32,-1.71,0.57,7.681,12.341,3.836,7.76,1.28,6.38,2.35,8.73,-0.001,0.0,0.007,0.01,0.01,-80.3056006,26.9193555,263.75
-0.6,1.9,0.0,38.85,-5.93,-0.41,-0.24,0.81,1.44,-1.73,0.58,7.603,12.213,6.229,3.61,1.47,11.87,15.3,-1.57,-0.0,0.001,0.007,-0.0,-0.0,-80.3056024,26.9193381,263.8
-0.6,1.9,0.0,38.66,-3.35,-0.66,-0.34,-4.09,1.08,-1.75,0.58,10.232,6.847,8.594,6.004,1.08,8.34,14.32,14.91,-0.0,0.001,0.007,-0.03,-0.02,-80.3056041,26.9193207,263.85
-0.5,2.0,0.0,38.45,-3.87,1.17,-0.14,1.71,-0.44,-1.71,0.61,8.849,9.202,7.416,4.473,-2.45,9.22,11.38,4.51,-0.001,0.0,0.007,-0.01,-0.01,-80.3056059,26.9193034,263.9
-0.3,1.8,0.0,38.22,-5.44,-1.89,0.21,0.95,-1.66,-1.77,0.57,10.291,9.8,9.437,2.874,1.47,9.81,17.46,9.22,-0.001,-0.0,0.007,-0.06,-0.04,-80.3056076,26.9192862,263.95
-0.5,1.8,0.0,38.03,-4.2,-1.02,0.22,-2.34,0.82,-1.82,0.55,7.789,6.877,8.231,5.15,6.28,12.36,13.64,16.58,-0.001,0.0,0.006,-0.05,-0.03,-80.3056093,26.9192691,264.0
-0.2,1.9,0.0,37.83,-1.88,0.31,-0.11,-0.73,0.19,-1.82,0.57,10.683,5.415,6.229,6.906,4.71,4.12,16.38,12.46,-0.001,-0.0,0.006,-0.04,-0.03,-80.3056111,26.9192521,264.05
0.1,2.0,0.0,37.6,-3.75,-0.4,-0.4,4.3,-0.87,-1.77,0.59,11.821,12.773,4.728,7.995,10.1,5.49,6.77,9.22,-0.001,0.0,0.006,-0.05,-0.03,-80.3056128,26.9192351,264.1
0.2,1.9,0.0,37.39,-5.13,-2.77,0.11,-2.71,0.85,-1.86,0.62,10.565,16.559,8.505,6.014,13.73,6.87,-0.69,15.79,-0.001,-0.0,0.007,0.0,0.0,-80.3056145,26.9192183,264.15
0.2,1.8,0.0,37.18,-4.89,-0.69,-0.34,1.52,-0.11,-1.84,0.58,10.134,9.486,6.435,5.592,17.36,10.59,7.85,0.59,-0.001,0.0,0.006,0.02,0.01,-80.3056162,26.9192016,264.2
-0.4,2.0,0.0,36.99,-4.19,-1.56,-0.34,-5.63,1.38,-1.94,0.59,8.682,2.933,8.231,5.376,12.65,9.81,5.89,9.81,-0.001,0.0,0.006,0.02,0.01,-80.3056178,26.9191849,264.25
-0.5,2.0,0.0,36.79,-2.36,2.21,-0.58,1.0,-1.76,-1.89,0.56,14.254,8.515,6.053,5.494,10.89,7.26,14.03,4.32,-0.001,-0.0,0.006,0.05,0.03,-80.3056195,26.9191684,264.3
-0.9,2.1,0.0,36.59,-2.48,0.1,-0.05,0.3,-1.43,-1.91,0.55,12.831,11.36,7.897,2.776,11.67,10.2,17.66,14.13,-0.001,-0.001,0.006,0.01,0.01,-80.3056212,26.9191521,264.35
-1.3,2.0,0.0,36.37,-3.17,1.0,-0.47,-0.55,-0.74,-1.92,0.52,8.917,9.633,9.967,6.681,9.42,11.38,14.42,6.38,-0.001,-0.0,0.006,0.01,0.01,-80.3056229,26.9191357,264.4
-1.2,1.9,0.0,36.14,-4.69,-2.63,-0.29,2.82,-1.35,-1.89,0.48,11.85,11.517,7.524,9.035,12.56,5.59,5.98,12.07,-0.001,-0.0,0.005,-0.05,-0.03,-80.3056245,26.9191194,264.45
-1.1,1.9,0.0,35.94,-5.76,-2.0,-0.52,-0.57,0.95,-1.92,0.54,10.654,11.35,6.043,6.063,18.93,7.16,2.55,7.95,-0.001,-0.0,0.006,-0.07,-0.05,-80.3056262,26.9191033,264.5
-1.2,1.7,0.0,35.73,-5.9,-1.66,-0.1,-0.54,-0.02,-1.92,0.53,10.31,9.947,5.788,8.888,12.65,4.02,11.38,23.64,-0.001,-0.0,0.006,-0.09,-0.05,-80.3056278,26.9190872,264.55
-1.2,1.7,0.0,35.53,-6.34,-1.76,0.04,-0.45,0.92,-1.91,0.54,8.289,15.824,9.741,9.938,6.57,7.55,13.15,0.29,-0.001,-0.0,0.006,-0.1,-0.06,-80.3056295,26.9190712,264.6
-1.2,1.8,0.0,35.33,-5.95,-1.91,0.05,-3.76,1.81,-1.98,0.56,6.73,14.578,10.399,6.975,5.2,13.34,23.94,18.15,-0.001,-0.0,0.006,-0.01,-0.01,-80.3056311,26.9190553,264.65
-0.8,1.8,0.0,35.14,-3.92,0.02,-0.14,-1.13,0.82,-1.97,0.56,4.748,19.875,9.967,7.083,0.0,14.42,16.97,10.4,-0.002,-0.001,0.006,0.02,0.01,-80.3056327,26.9190395,264.7
-0.1,1.8,0.0,34.92,-5.69,-2.48,-0.55,-3.58,1.94,-2.01,0.51,5.16,11.046,12.724,6.308,5.79,10.89,-2.84,14.62,-0.002,-0.001,0.005,-0.03,-0.02,-80.3056344,26.9190238,264.75
-0.2,1.8,0.0,34.72,-4.53,-0.07,-0.45,0.36,1.11,-1.99,0.47,7.132,15.372,7.308,5.189,14.13,10.69,11.38,13.34,-0.002,-0.001,0.005,-0.01,-0.0,-80.305636,26.9190081,264.8
-0.6,1.8,0.0,34.51,-5.55,-1.77,0.05,-7.05,3.77,-2.09,0.5,8.996,12.773,9.732,8.103,10.99,8.63,0.98,5.2,-0.001,-0.0,0.005,-0.08,-0.05,-80.3056376,26.9189926,264.85
-1.2,1.8,0.0,34.32,-5.44,-2.4,-0.21,1.43,0.8,-2.0,0.51,7.966,14.764,6.298,5.866,8.53,10.69,22.07,12.95,-0.001,-0.0,0.006,-0.09,-0.05,-80.3056392,26.9189773,264.9
-1.5,1.8,0.0,34.13,-4.65,-0.09,-0.88,-1.31,-0.11,-2.03,0.51,9.604,12.665,7.966,6.847,14.81,9.52,12.95,13.34,-0.002,-0.001,0.006,0.01,0.01,-80.3056408,26.9189619,264.95
-0.9,1.8,0.0,33.95,-4.3,-3.82,-0.43,1.01,-2.13,-2.02,0.44,9.781,9.339,9.565,9.712,14.81,1.18,1.96,15.89,-0.002,-0.001,0.005,-0.06,-0.04,-80.3056424,26.9189466,265.0
-0.8,1.9,0.0,33.76,-3.63,-0.93,-0.45,6.24,-1.21,-1.96,0.43,10.232,9.692,6.22,5.18,12.36,7.06,20.21,17.66,-0.001,-0.0,0.005,-0.02,-0.01,-80.3056441,26.9189315,265.05
-0.7,1.9,0.0,33.57,-3.06,0.82,-0.18,-0.82,1.43,-2.02,0.5,10.379,8.957,7.73,6.828,0.49,14.62,8.24,4.81,-0.001,-0.0,0.005,-0.01,-0.01,-80.3056457,26.9189164,265.1
-0.1,1.9,0.0,33.41,-2.44,0.02,-0.1,0.75,0.13,-2.0,0.53,11.821,8.8,7.907,3.581,3.14,7.95,19.82,9.22,-0.002,-0.001,0.005,-0.06,-0.04,-80.3056473,26.9189014,265.15
0.4,2.0,0.0,33.21,-2.45,1.8,-0.28,1.55,-1.92,-1.98,0.48,12.253,8.692,6.327,5.199,12.36,6.87,10.4,13.34,-0.001,-0.001,0.005,0.07,0.04,-80.3056489,26.9188864,265.2
-0.6,1.9,0.0,33.0,-4.09,-0.69,-0.38,-6.17,1.71,-2.07,0.49,9.172,13.499,8.388,6.7,10.1,12.26,3.83,-0.69,-0.002,-0.001,0.005,0.01,0.01,-80.3056505,26.9188716,265.25
-1.3,1.9,0.0,32.79,-5.91,-1.46,-0.25,-1.91,0.56,-2.06,0.46,9.712,8.554,9.575,10.094,16.58,13.64,3.73,17.66,-0.002,-0.001,0.005,-0.03,-0.02,-80.305652,26.9188568,265.3
-1.0,1.9,0.0,32.61,-4.63,-2.2,0.02,6.19,-0.46,-1.98,0.48,7.554,11.174,8.074,6.249,11.58,8.93,15.21,13.24,-0.002,-0.001,0.004,-0.04,-0.02,-80.3056536,26.9188422,265.35
-0.2,1.9,0.0,32.44,-3.23,0.64,-0.09,1.15,0.07,-2.03,0.52,13.489,8.917,6.121,7.132,3.92,10.4,16.97,19.91,-0.002,-0.001,0.005,0.01,0.0,-80.3056552,26.9188276,265.4
0.4,2.0,0.0,32.26,-2.98,-0.61,-0.39,-1.28,-0.44,-2.04,0.46,11.792,9.094,7.23,8.152,6.28,6.97,9.12,1.86,-0.002,-0.001,0.004,-0.02,-0.01,-80.3056567,26.9188131,265.45
-0.2,1.9,0.0,32.11,-3.34,-1.49,-0.16,-3.73,0.83,-2.07,0.41,6.072,13.557,8.044,6.975,11.38,7.95,1.77,2.75,-0.001,-0.0,0.004,-0.03,-0.02,-80.3056583,26.9187988,265.5
-0.7,1.9,0.0,31.95,-3.37,-2.73,0.43,0.65,0.13,-2.04,0.38,11.419,10.045,7.132,6.828,10.1,11.97,17.46,10.69,-0.001,-0.0,0.004,-0.07,-0.04,-80.3056599,26.9187844,265.55
-1.1,1.9,0.0,31.81,-3.34,1.52,0.11,-1.05,-0.43,-2.06,0.36,9.977,13.675,9.869,9.045,12.56,8.83,11.77,18.93,-0.001,-0.001,0.004,0.01,0.01,-80.3056614,26.9187701,265.6
-0.4,1.8,0.0,31.66,-3.45,-0.34,-0.34,0.17,-0.17,-2.02,0.35,10.065,12.007,7.691,8.613,9.81,6.38,8.73,-0.49,-0.001,-0.0,0.004,-0.03,-0.01,-80.3056629,26.9187559,265.65
-0.3,1.9,0.0,31.52,-2.5,-1.95,0.05,-0.12,-0.26,-2.03,0.4,10.281,8.446,7.475,8.093,4.22,8.34,4.32,6.38,-0.002,-0.001,0.004,-0.06,-0.04,-80.3056645,26.9187418,265.7
-0.4,2.0,0.0,31.37,-3.18,-2.63,-0.05,2.33,-0.18,-2.02,0.34,12.812,9.83,10.575,6.681,12.36,10.69,20.8,11.18,-0.002,-0.001,0.004,-0.08,-0.04,-80.305666,26.9187277,265.75
-1.0,1.9,0.0,31.14,-5.43,0.68,-0.4,3.42,0.64,-1.94,0.34,7.887,10.457,6.082,6.71,5.0,10.79,10.3,21.97,-0.002,-0.001,0.003,-0.01,-0.01,-80.3056674,26.9187137,265.8
-0.9,2.0,0.0,30.84,-6.61,-1.62,-0.56,-1.3,3.11,-1.92,0.47,12.714,10.144,6.308,9.035,16.78,7.36,18.64,18.93,-0.002,-0.002,0.004,-0.08,-0.04,-80.3056689,26.9186998,265.85
-0.6,1.9,0.0,30.58,-5.39,0.49,-0.55,2.93,0.17,-1.83,0.56,9.565,11.586,9.153,7.338,8.63,7.26,15.21,10.4,-0.003,-0.003,0.004,-0.07,-0.04,-80.3056704,26.918686,265.9
0.4,2.0,0.0,30.3,-5.07,-0.95,-0.51,0.22,1.16,-1.82,0.64,10.624,10.291,4.748,9.879,7.16,6.87,8.53,10.59,-0.003,-0.003,0.005,-0.01,-0.01,-80.3056719,26.9186724,265.95
-0.9,2.0,0.0,30.04,-3.25,-0.42,-0.55,0.71,-1.03,-1.8,0.63,10.232,16.5,5.445,5.66,14.13,11.67,10.2,2.55,-0.003,-0.003,0.005,-0.02,-0.01,-80.3056734,26.918659,266.0
-2.0,1.9,0.0,29.85,-4.71,-0.52,-1.27,-1.9,-3.31,-1.86,0.51,5.68,9.938,8.633,6.112,10.89,13.34,5.89,8.04,-0.003,-0.002,0.005,-0.05,-0.03,-80.3056749,26.9186456,266.05
-0.8,1.9,0.0,29.66,-4.31,-2.2,-1.04,-0.31,-1.64,-1.83,0.39,10.575,2.845,4.434,8.858,11.77,7.06,16.68,10.3,-0.003,-0.002,0.004,-0.03,-0.01,-80.3056764,26.9186323,266.1
-0.1,1.9,0.0,29.48,-3.17,0.25,-0.76,3.23,-0.95,-1.75,0.34,13.881,7.779,6.327,4.199,2.65,10.01,7.85,9.81,-0.002,-0.001,0.004,-0.05,-0.03,-80.3056778,26.918619,266.15
-0.3,1.9,0.0,29.28,-3.69,-1.6,-0.52,-0.22,2.33,-1.72,0.43,8.113,15.058,4.15,7.289,12.46,8.24,4.61,8.24,-0.002,-0.001,0.004,-0.12,-0.06,-80.3056793,26.9186059,266.2
-1.2,1.8,0.0,29.11,-3.36,-0.26,-0.16,1.8,0.25,-1.64,0.45,6.798,20.297,3.257,7.102,10.59,8.53,15.7,10.01,-0.002,-0.002,0.004,-0.02,-0.01,-80.3056808,26.9185928,266.25
-0.5,1.8,0.0,28.91,-5.1,-1.23,0.11,-0.14,-0.97,-1.62,0.38,10.477,8.437,8.898,8.191,11.09,5.2,7.16,12.65,-0.003,-0.002,0.004,-0.07,-0.03,-80.3056823,26.9185798,266.3
0.0,1.8,0.0,28.75,-3.23,-0.21,-0.81,0.17,-1.12,-1.57,0.33,11.556,6.632,6.337,8.26,3.43,7.85,4.71,15.21,-0.003,-0.002,0.003,-0.07,-0.04,-80.3056838,26.9185669,266.35
-0.4,1.9,0.0,28.57,-3.43,-1.48,-0.02,-2.57,1.89,-1.56,0.32,16.481,7.485,4.297,7.191,9.22,6.87,17.46,9.61,-0.003,-0.002,0.003,-0.1,-0.05,-80.3056853,26.9185541,266.4
-1.2,2.0,0.0,28.39,-3.65,0.76,-0.8,3.01,-1.21,-1.45,0.27,13.92,9.908,1.069,8.221,13.73,6.08,4.32,9.81,-0.003,-0.002,0.003,-0.07,-0.04,-80.3056867,26.9185413,266.45
-0.6,1.9,0.0,28.22,-3.54,-0.89,-0.64,1.48,-1.4,-1.4,0.25,12.802,9.104,-0.255,8.025,13.24,7.75,5.98,13.73,-0.003,-0.002,0.003,-0.15,-0.08,-80.3056882,26.9185286,266.5
-0.5,1.9,0.0,28.03,-3.5,-1.67,-0.69,1.7,-0.43,-1.31,0.22,6.769,12.292,-1.285,6.239,7.95,8.04,21.97,13.34,-0.003,-0.002,0.003,-0.07,-0.04,-80.3056896,26.9185161,266.55
-1.5,1.9,0.0,27.83,-3.14,1.28,-0.33,2.08,-0.37,-1.25,0.2,4.797,13.224,4.473,7.357,5.2,13.93,9.03,4.41,-0.003,-0.002,0.003,-0.06,-0.03,-80.3056911,26.9185037,266.6
-1.5,1.9,0.0,27.63,-4.03,-1.6,-0.6,1.93,-0.12,-1.19,0.2,6.622,9.015,6.484,6.896,13.34,10.89,6.67,12.07,-0.003,-0.002,0.003,-0.15,-0.07,-80.3056926,26.9184912,266.65
-0.7,1.9,0.0,27.47,-2.96,0.05,-0.93,2.64,-0.11,-1.1,0.2,3.169,15.824,6.327,8.24,3.92,10.3,9.81,14.13,-0.003,-0.001,0.003,-0.05,-0.02,-80.305694,26.9184789,266.7
-1.1,1.8,0.0,27.27,-3.5,-0.61,-1.07,1.83,1.26,-1.04,0.22,8.495,13.322,1.884,6.131,13.73,10.4,10.99,8.53,-0.003,-0.001,0.003,-0.1,-0.05,-80.3056955,26.9184667,266.75
-2.1,1.8,0.0,27.06,-5.23,-1.96,-1.03,2.6,-0.27,-0.98,0.21,8.417,10.379,7.073,6.975,14.91,6.97,8.04,9.12,-0.002,-0.001,0.004,-0.08,-0.04,-80.3056969,26.9184545,266.8
-1.4,1.8,0.0,26.89,-4.0,0.28,-1.16,5.82,-1.77,-0.86,0.2,7.72,13.047,7.22,8.044,5.49,8.73,3.73,11.58,-0.003,-0.001,0.003,-0.07,-0.03,-80.3056984,26.9184425,266.85
-1.0,1.9,0.0,26.72,-3.12,-0.27,-1.1,1.08,0.15,-0.87,0.24,10.075,9.535,6.396,6.504,14.91,8.24,10.3,17.17,-0.003,-0.001,0.003,-0.07,-0.03,-80.3056999,26.9184305,266.9
-2.5,1.9,0.0,26.52,-3.76,-0.42,-0.74,3.11,-0.14,-0.77,0.24,10.006,8.829,4.424,7.877,9.12,9.52,21.58,9.12,-0.003,-0.001,0.003,-0.11,-0.05,-80.3057014,26.9184186,266.95
-1.8,1.9,0.0,26.33,-4.48,-1.24,-1.05,-0.38,0.48,-0.71,0.26,13.028,8.162,10.85,8.584,9.61,12.65,13.54,9.03,-0.003,-0.002,0.003,-0.08,-0.04,-80.3057028,26.9184068,267.0
-1.4,1.9,0.0,26.15,-3.17,-0.65,-1.42,0.79,1.03,-0.67,0.28,13.832,6.18,8.594,7.74,11.09,5.89,10.4,12.65,-0.003,-0.002,0.003,-0.15,-0.07,-80.3057043,26.9183951,267.05
-3.8,1.9,0.0,25.98,-2.83,-0.4,-1.4,-1.5,0.81,-0.64,0.27,14.695,8.211,6.269,8.015,10.5,9.61,8.53,11.77,-0.003,-0.001,0.003,-0.09,-0.04,-80.3057058,26.9183834,267.1
-3.7,1.9,0.0,25.8,-3.97,-0.52,-1.73,-0.69,-0.21,-0.61,0.26,7.485,14.107,6.73,6.367,11.87,12.26,11.58,6.97,-0.003,-0.001,0.003,-0.08,-0.04,-80.3057073,26.9183718,267.15
-3.9,1.9,0.0,25.65,-3.4,-1.77,-2.37,2.36,0.12,-0.54,0.29,6.553,14.126,8.957,6.465,15.6,11.58,18.25,10.2,-0.003,-0.001,0.004,-0.12,-0.06,-80.3057088,26.9183604,267.2
-5.0,1.9,0.0,25.54,-2.18,-0.39,-2.3,1.47,-1.47,-0.54,0.25,6.916,10.703,6.985,6.435,11.77,9.32,10.79,12.46,-0.003,-0.001,0.004,-0.11,-0.05,-80.3057104,26.918349,267.25
-4.8,1.9,0.0,25.44,-1.66,-0.41,-2.77,1.23,-1.67,-0.5,0.19,10.919,7.77,9.418,6.887,9.81,12.36,9.12,14.72,-0.003,-0.001,0.004,-0.06,-0.03,-80.3057119,26.9183377,267.3
-4.6,1.9,0.0,25.34,-1.97,-2.31,-3.27,-0.69,1.55,-0.49,0.21,15.706,9.526,5.494,8.603,12.26,9.22,7.75,9.03,-0.002,-0.0,0.004,-0.15,-0.07,-80.3057135,26.9183263,267.35
-6.3,1.9,0.0,25.25,-1.89,-0.57,-3.32,0.21,0.5,-0.45,0.21,7.779,10.713,6.269,7.809,13.15,7.16,10.59,9.61,-0.002,-0.0,0.004,-0.07,-0.03,-80.3057151,26.9183151,267.4
-7.0,1.9,0.0,25.16,-2.0,-1.75,-3.47,-0.27,0.77,-0.41,0.22,4.954,12.419,8.505,6.681,9.52,11.97,12.07,10.01,-0.002,0.0,0.005,-0.1,-0.04,-80.3057168,26.9183038,267.45
-7.4,1.9,0.0,25.07,-1.96,-1.36,-4.06,-0.26,0.11,-0.4,0.21,7.367,11.841,8.034,6.259,12.75,10.79,11.58,7.36,-0.002,0.0,0.005,-0.08,-0.04,-80.3057184,26.9182924,267.5
-8.3,1.9,0.0,24.99,-1.05,-1.06,-4.68,-0.27,-0.5,-0.37,0.21,13.312,6.426,8.937,6.671,13.15,7.95,13.44,13.73,-0.002,0.0,0.005,-0.1,-0.04,-80.3057201,26.9182813,267.55
-8.6,1.9,0.0,24.9,-2.0,-2.09,-5.23,-0.98,0.39,-0.36,0.2,12.93,10.869,11.762,10.212,3.34,11.87,5.4,14.13,-0.002,0.0,0.005,-0.15,-0.06,-80.3057219,26.9182702,267.6
-9.4,1.9,0.0,24.82,-1.77,-3.6,-5.11,0.3,0.33,-0.33,0.21,7.318,12.135,9.339,8.064,11.09,12.36,11.58,6.77,-0.002,0.0,0.005,-0.1,-0.04,-80.3057237,26.9182592,267.65
-10.4,1.9,0.0,24.73,-1.28,-3.59,-5.73,3.32,0.14,-0.27,0.23,11.075,8.672,6.298,7.387,15.11,8.83,15.3,14.03,-0.002,0.0,0.006,-0.13,-0.05,-80.3057255,26.9182481,267.7
-10.3,2.0,0.0,24.65,-1.82,-3.08,-6.74,-0.76,1.07,-0.31,0.26,14.538,5.631,7.642,7.456,10.59,5.89,14.13,16.87,-0.002,0.001,0.006,-0.12,-0.05,-80.3057274,26.9182372,267.75
-11.2,2.0,0.0,24.57,-1.54,-2.84,-6.56,-1.78,0.83,-0.34,0.29,7.534,12.351,9.123,6.151,6.08,10.3,11.38,8.63,-0.002,0.001,0.006,-0.13,-0.06,-80.3057294,26.9182263,267.8
-10.9,2.0,0.0,24.48,-2.33,-2.11,-6.81,1.95,0.13,-0.32,0.29,7.564,12.037,8.319,5.994,10.59,9.71,11.58,8.44,-0.002,0.001,0.007,-0.02,-0.01,-80.3057314,26.9182154,267.85
-10.2,2.1,0.0,24.41,-1.01,-2.36,-6.58,-0.48,0.01,-0.38,0.31,10.919,7.514,8.397,8.025,10.59,10.4,8.83,9.03,-0.002,0.001,0.007,-0.08,-0.03,-80.3057336,26.9182046,267.9
-11.3,2.1,0.0,24.31,-2.57,-2.2,-6.31,0.25,1.53,-0.37,0.34,11.066,12.939,8.182,8.603,7.75,8.14,7.65,13.44,-0.002,0.001,0.007,-0.08,-0.03,-80.3057357,26.9181938,267.95
-11.8,2.1,0.0,24.24,-0.79,-1.11,-6.43,1.47,-0.0,-0.37,0.35,6.543,10.732,6.573,8.103,5.3,8.34,4.32,8.44,-0.003,0.001,0.007,-0.07,-0.03,-80.3057379,26.9181831,268.0
-12.8,2.1,0.0,24.16,-1.71,-3.65,-6.87,2.92,-0.29,-0.32,0.38,12.861,10.173,7.887,8.211,12.95,11.97,13.24,10.4,-0.002,0.001,0.007,-0.07,-0.03,-80.3057402,26.9181724,268.05
-15.1,2.1,0.0,24.07,-2.01,-3.11,-7.3,0.84,-0.33,-0.34,0.4,10.448,11.841,8.495,8.613,14.52,9.03,9.91,9.91,-0.002,0.001,0.007,-0.17,-0.07,-80.3057424,26.9181618,268.1
-16.6,2.1,0.0,24.0,-1.45,-2.92,-8.05,1.05,0.39,-0.35,0.43,8.858,13.675,8.172,7.76,7.85,7.65,13.05,5.79,-0.003,0.001,0.007,-0.09,-0.04,-80.3057449,26.9181512,268.15
-19.6,2.1,0.0,23.93,-1.16,-3.61,-8.95,-0.18,0.09,-0.36,0.46,10.281,8.711,8.898,7.976,6.28,8.24,9.81,4.91,-0.003,0.001,0.007,-0.12,-0.05,-80.3057474,26.9181406,268.2
-21.9,2.1,0.0,23.83,-2.45,-4.19,-10.47,-2.9,1.01,-0.44,0.48,9.27,12.567,7.917,5.729,9.71,13.15,11.09,11.38,-0.003,0.002,0.007,-0.13,-0.06,-80.3057499,26.9181301,268.25
-23.4,2.1,0.0,23.77,-1.23,-5.03,-12.35,-1.2,0.68,-0.48,0.5,8.79,7.858,7.622,8.005,13.54,9.71,5.3,15.99,-0.003,0.002,0.008,-0.05,-0.02,-80.3057526,26.9181197,268.3
-27.3,2.1,0.0,23.68,-2.32,-5.33,-13.56,-1.92,0.83,-0.51,0.51,15.529,7.25,6.936,9.369,11.09,6.57,7.16,16.68,-0.004,0.002,0.008,-0.07,-0.03,-80.3057553,26.9181094,268.35
-29.4,2.1,0.0,23.61,-1.4,-5.57,-14.57,-0.81,0.34,-0.55,0.5,8.388,8.515,10.134,10.045,8.53,8.24,8.63,14.13,-0.004,0.003,0.009,-0.05,-0.02,-80.3057582,26.9180991,268.4
-33.5,2.1,0.0,23.52,-2.49,-6.29,-15.82,1.57,0.23,-0.54,0.5,11.066,7.485,9.261,9.094,11.67,10.59,7.36,10.79,-0.004,0.003,0.009,0.02,0.01,-80.3057612,26.9180889,268.45
-34.3,2.0,0.0,23.43,-1.56,-6.27,-17.32,-0.69,1.05,-0.58,0.54,11.115,10.448,8.878,6.936,10.2,11.18,16.78,13.73,-0.004,0.004,0.01,-0.0,-0.0,-80.3057644,26.9180787,268.5
-34.6,2.0,0.0,23.36,-1.92,-5.76,-18.19,1.11,0.27,-0.62,0.56,6.435,10.938,9.27,5.513,13.93,13.44,12.26,14.32,-0.005,0.004,0.012,0.12,0.05,-80.3057676,26.9180686,268.55
-35.5,2.0,0.0,23.28,-1.7,-8.21,-18.61,-0.61,0.46,-0.6,0.57,11.213,13.234,13.047,8.005,6.67,9.81,20.6,8.14,-0.005,0.003,0.012,0.08,0.03,-80.305771,26.9180586,268.6
-35.7,2.0,0.0,23.19,-2.38,-6.64,-18.35,-0.31,0.46,-0.67,0.57,8.898,12.38,10.673,6.857,10.2,5.98,15.5,12.16,-0.005,0.004,0.013,0.24,0.1,-80.3057746,26.9180487,268.65
-36.5,2.0,0.0,23.1,-1.75,-8.06,-18.45,-0.07,-0.06,-0.66,0.55,13.695,10.163,9.663,7.338,13.83,5.79,11.97,4.12,-0.005,0.004,0.013,0.17,0.07,-80.3057784,26.9180389,268.7
-37.9,2.0,0.0,23.04,-1.42,-7.55,-18.9,-1.79,0.09,-0.72,0.53,9.427,9.055,10.036,8.201,12.46,8.53,10.4,9.32,-0.005,0.004,0.014,0.16,0.07,-80.3057823,26.9180291,268.75
-38.6,1.9,0.0,22.93,-2.05,-6.85,-19.32,-1.28,0.22,-0.74,0.5,12.635,10.085,11.331,8.064,13.64,13.15,5.1,6.18,-0.005,0.004,0.014,0.28,0.11,-80.3057864,26.9180195,268.8
-40.1,1.9,0.0,22.86,-1.63,-7.99,-19.63,-1.82,0.4,-0.77,0.49,9.172,12.155,10.781,7.22,9.71,14.62,6.18,7.85,-0.005,0.004,0.014,0.19,0.07,-80.3057906,26.9180101,268.85
-40.0,1.9,0.0,22.77,-2.15,-7.56,-20.63,2.45,-2.18,-0.73,0.42,13.93,8.378,9.967,8.672,11.48,7.95,12.46,6.28,-0.005,0.004,0.014,0.22,0.09,-80.305795,26.9180006,268.9
-41.2,1.8,0.0,22.68,-2.4,-8.39,-20.15,-1.07,0.75,-0.79,0.41,9.859,8.917,9.663,9.79,11.77,4.41,14.81,8.44,-0.005,0.005,0.014,0.21,0.08,-80.3057997,26.9179913,268.95
-42.7,1.9,0.0,22.6,-1.64,-8.64,-20.14,1.78,0.51,-0.73,0.42,10.899,5.876,9.81,8.554,14.22,8.63,14.72,9.81,-0.005,0.005,0.014,0.16,0.06,-80.3058044,26.917982,269.0
-43.6,1.9,0.0,22.51,-2.23,-7.49,-21.11,-5.07,1.42,-0.86,0.44,7.789,13.41,9.123,5.229,9.91,10.01,15.21,22.56,-0.005,0.005,0.015,0.28,0.11,-80.3058092,26.9179729,269.05
-44.3,1.9,0.0,22.42,-1.69,-6.83,-21.89,0.93,-0.89,-0.8,0.39,12.557,8.456,9.928,8.309,13.34,9.42,12.36,16.68,-0.005,0.005,0.015,0.38,0.15,-80.3058143,26.9179639,269.1
-44.4,1.9,0.0,22.33,-2.05,-9.01,-21.12,-4.86,1.45,-0.91,0.42,8.201,8.8,10.644,5.543,5.0,7.46,17.76,19.62,-0.005,0.005,0.016,0.29,0.11,-80.3058194,26.917955,269.15
-44.6,1.9,0.0,22.25,-1.76,-8.34,-21.75,-0.4,1.14,-0.87,0.45,11.811,11.017,8.319,6.455,13.34,13.64,17.95,14.03,-0.005,0.005,0.016,0.33,0.13,-80.3058248,26.9179463,269.2
-45.2,1.9,0.0,22.17,-1.13,-8.73,-22.04,1.09,0.07,-0.88,0.45,9.781,11.556,11.036,7.809,10.2,10.69,16.28,15.01,-0.006,0.005,0.016,0.38,0.15,-80.3058304,26.9179377,269.25
-45.2,1.9,0.0,22.09,-1.18,-9.62,-22.44,-2.15,0.07,-0.9,0.43,16.236,5.474,8.966,7.907,16.48,5.4,14.42,16.28,-0.006,0.005,0.016,0.3,0.11,-80.305836,26.9179292,269.3
-45.8,1.9,0.0,21.99,-1.54,-7.85,-22.27,1.63,-0.98,-0.93,0.41,7.75,11.507,12.351,9.094,14.22,5.4,10.4,18.25,-0.005,0.005,0.017,0.38,0.15,-80.3058419,26.9179208,269.35
-45.8,1.9,0.0,21.91,-1.66,-8.92,-22.04,-2.99,1.44,-0.96,0.45,13.459,13.763,11.497,7.72,8.83,10.59,10.4,13.64,-0.006,0.005,0.017,0.4,0.15,-80.3058478,26.9179126,269.4
-45.6,1.9,0.0,21.83,-1.39,-8.15,-22.86,1.63,-1.02,-0.97,0.44,12.312,7.622,11.115,7.819,8.44,6.97,13.64,17.76,-0.006,0.005,0.017,0.42,0.16,-80.305854,26.9179044,269.45
-46.2,1.9,0.0,21.73,-2.34,-8.95,-22.73,-2.75,-0.8,-1.05,0.37,7.809,13.656,10.134,7.77,6.97,8.53,15.7,12.07,-0.006,0.005,0.017,0.37,0.14,-80.3058604,26.9178965,269.5
-46.8,1.9,0.0,21.64,-2.62,-7.94,-22.0,0.96,0.36,-1.01,0.33,12.773,6.867,11.586,9.006,13.15,10.69,10.2,14.81,-0.006,0.006,0.017,0.47,0.18,-80.3058668,26.9178888,269.55
-48.3,1.9,0.0,21.57,-1.07,-7.96,-21.19,-0.34,1.56,-1.02,0.37,7.936,11.174,9.261,7.014,11.09,12.75,7.46,15.5,-0.006,0.005,0.017,0.29,0.11,-80.3058734,26.9178811,269.6
-48.8,1.9,0.0,21.48,-1.75,-8.57,-22.38,-1.21,0.47,-1.02,0.38,14.126,9.035,7.779,7.191,15.5,12.85,9.12,15.3,-0.006,0.006,0.017,0.31,0.12,-80.3058801,26.9178735,269.65
-50.1,1.9,0.0,21.41,-1.4,-8.99,-23.26,2.3,-1.61,-0.94,0.33,11.87,6.896,9.006,10.104,14.13,14.32,7.46,13.93,-0.006,0.006,0.017,0.35,0.13,-80.305887,26.9178662,269.7
-50.5,1.9,0.0,21.31,-1.69,-8.03,-23.04,-2.5,1.16,-1.05,0.34,10.556,10.585,10.281,8.849,13.34,10.2,1.28,13.64,-0.005,0.006,0.017,0.31,0.11,-80.305894,26.917859,269.75
-51.4,1.9,0.0,21.23,-2.08,-9.4,-23.3,0.79,1.78,-1.05,0.38,12.616,11.134,9.516,8.937,3.34,13.83,7.55,12.16,-0.006,0.006,0.017,0.31,0.11,-80.3059012,26.917852,269.8
-52.2,1.9,0.0,21.15,-1.63,-8.79,-23.98,1.61,0.1,-1.04,0.39,13.44,9.133,6.838,6.749,6.08,8.14,6.18,17.85,-0.006,0.005,0.017,0.36,0.13,-80.3059084,26.9178451,269.85
-53.5,1.9,0.0,21.07,-1.88,-10.36,-25.15,-2.92,0.3,-1.14,0.37,8.986,7.289,9.928,8.515,4.81,8.14,7.36,14.22,-0.006,0.006,0.017,0.3,0.11,-80.3059158,26.9178383,269.9
-53.8,1.9,0.0,20.97,-2.82,-9.44,-24.84,-0.43,0.06,-1.14,0.32,13.793,10.457,8.751,8.407,7.85,7.46,-1.67,21.68,-0.006,0.006,0.018,0.41,0.15,-80.3059233,26.9178317,269.95
-53.7,1.9,0.0,20.89,-2.03,-8.75,-24.36,-0.04,0.76,-1.11,0.34,10.163,8.417,9.035,9.418,13.44,12.95,11.87,15.79,-0.006,0.006,0.017,0.39,0.14,-80.305931,26.9178253,270.0
-53.7,1.9,0.0,20.82,-1.15,-8.63,-24.71,-1.37,0.28,-1.16,0.35,12.802,9.908,10.016,8.132,13.15,9.42,9.42,0.29,-0.006,0.006,0.018,0.44,0.16,-80.3059387,26.9178192,270.05
-53.5,1.9,0.0,20.73,-1.93,-9.45,-25.0,1.07,0.5,-1.14,0.35,8.417,12.841,11.213,8.182,12.07,11.97,9.71,8.44,-0.005,0.006,0.018,0.39,0.14,-80.3059467,26.9178131,270.1
-53.4,1.9,0.0,20.65,-1.62,-9.48,-25.46,-0.76,0.43,-1.19,0.35,14.764,7.593,9.977,7.603,15.5,9.91,8.04,4.61,-0.006,0.006,0.018,0.43,0.16,-80.3059547,26.9178073,270.15
-53.1,1.9,0.0,20.57,-1.05,-8.18,-25.46,-0.59,0.07,-1.23,0.33,10.811,10.212,9.123,6.72,16.09,5.69,8.83,3.53,-0.006,0.006,0.018,0.41,0.15,-80.3059628,26.9178016,270.2
-53.5,1.9,0.0,20.48,-1.77,-9.52,-24.62,-3.32,0.07,-1.26,0.3,8.603,10.624,13.381,8.476,9.32,10.1,5.49,6.47,-0.006,0.006,0.018,0.41,0.15,-80.305971,26.917796,270.25
-53.1,1.9,0.0,20.4,-2.26,-8.33,-24.21,0.68,1.01,-1.17,0.27,11.203,10.987,12.753,8.427,8.63,10.01,13.93,3.53,-0.006,0.006,0.017,0.38,0.13,-80.3059793,26.9177908,270.3
-52.8,1.9,0.0,20.32,-1.57,-7.02,-23.18,1.93,0.83,-1.16,0.31,9.506,11.517,10.212,7.377,8.34,8.73,12.65,11.77,-0.006,0.006,0.018,0.36,0.13,-80.3059877,26.9177857,270.35
-51.8,1.9,0.0,20.25,-1.35,-9.86,-23.85,0.9,1.28,-1.09,0.37,8.79,8.505,9.32,6.965,5.0,10.69,5.59,7.46,-0.006,0.006,0.018,0.28,0.1,-80.3059962,26.9177807,270.4
-51.5,1.9,0.0,20.17,-0.55,-8.05,-24.66,-2.24,-0.32,-1.17,0.37,9.682,10.703,9.486,6.229,4.32,9.22,12.16,8.04,-0.006,0.005,0.018,0.3,0.1,-80.3060048,26.9177759,270.45
-50.5,1.9,0.0,20.1,-1.53,-8.64,-25.26,2.12,-1.52,-1.16,0.32,9.584,11.605,11.34,7.102,1.37,9.32,8.14,14.91,-0.006,0.005,0.018,0.4,0.14,-80.3060134,26.9177714,270.5
-49.5,1.8,0.0,20.02,-1.84,-9.4,-24.13,-1.82,-0.17,-1.19,0.26,10.34,7.848,10.144,8.437,7.46,9.61,11.48,15.21,-0.006,0.006,0.017,0.29,0.1,-80.3060222,26.917767,270.55
-49.0,1.9,0.0,19.95,-1.07,-7.62,-22.74,0.81,0.39,-1.16,0.26,11.733,9.329,9.064,7.75,11.97,13.15,15.99,15.7,-0.006,0.006,0.017,0.27,0.09,-80.306031,26.9177628,270.6
-48.5,1.9,0.0,19.87,-0.88,-7.35,-21.45,-0.47,1.06,-1.13,0.31,8.417,11.075,10.418,7.142,11.48,8.04,14.72,16.97,-0.006,0.006,0.017,0.23,0.08,-80.3060399,26.9177588,270.65
-48.2,1.8,0.0,19.79,-1.55,-8.53,-21.71,0.1,1.84,-1.08,0.37,8.584,8.603,8.358,5.955,11.28,9.12,11.97,20.9,-0.006,0.005,0.017,0.09,0.03,-80.3060488,26.9177549,270.7
-47.7,1.9,0.0,19.72,-1.73,-7.96,-22.74,-1.37,1.02,-1.03,0.36,11.026,7.112,5.974,6.857,13.54,7.36,20.31,10.4,-0.005,0.005,0.017,0.13,0.05,-80.3060578,26.9177513,270.75
-48.0,2.0,0.0,19.66,-1.58,-7.13,-22.56,0.62,-0.38,-1.06,0.31,12.125,11.311,9.006,7.181,10.3,10.01,19.72,6.87,-0.006,0.005,0.017,0.11,0.04,-80.3060668,26.9177478,270.8
-47.8,1.8,0.0,19.59,-1.38,-7.91,-22.21,0.84,0.27,-1.07,0.29,9.996,10.899,12.027,8.299,11.87,11.77,13.34,3.92,-0.006,0.005,0.016,0.01,0.0,-80.3060759,26.9177444,270.85
-47.9,1.8,0.0,19.51,-1.65,-7.6,-21.89,0.6,0.95,-1.1,0.29,10.32,7.367,9.369,6.896,12.26,9.52,12.36,12.95,-0.006,0.005,0.016,0.01,0.0,-80.306085,26.9177413,270.9
-47.7,1.9,0.0,19.46,-0.96,-7.88,-21.56,-0.28,0.48,-1.02,0.29,10.291,7.868,9.81,7.652,14.91,12.07,12.16,10.89,-0.006,0.005,0.016,-0.06,-0.02,-80.3060941,26.9177383,270.95
-48.1,2.0,0.0,19.38,-0.93,-6.79,-22.13,-0.96,-0.61,-1.06,0.28,12.361,8.996,8.437,8.113,13.64,9.52,11.77,9.12,-0.006,0.005,0.016,-0.06,-0.02,-80.3061033,26.9177355,271.0
-47.5,1.8,0.0,19.31,-1.68,-7.85,-22.54,1.55,-0.03,-1.05,0.27,8.888,11.046,8.152,9.133,12.75,9.03,6.87,14.32,-0.005,0.005,0.016,-0.11,-0.04,-80.3061125,26.9177329,271.05
-47.5,1.8,0.0,19.26,-1.39,-7.73,-21.98,0.4,-0.59,-1.03,0.24,8.054,10.281,10.497,9.732,12.07,9.61,10.2,13.24,-0.005,0.005,0.016,-0.15,-0.05,-80.3061218,26.9177304,271.1
-46.1,1.8,0.0,19.17,-1.69,-8.23,-21.88,0.11,0.49,-1.03,0.27,11.262,9.329,10.487,8.505,13.64,11.09,6.28,14.62,-0.005,0.005,0.016,-0.17,-0.06,-80.306131,26.917728,271.15
-45.2,1.9,0.0,19.11,-1.56,-6.98,-21.54,2.69,0.2,-0.97,0.29,13.253,8.417,8.476,8.123,13.64,9.42,10.99,11.77,-0.005,0.005,0.015,-0.11,-0.04,-80.3061403,26.9177259,271.2
-44.1,2.0,0.0,19.05,-1.24,-7.24,-21.52,0.47,0.31,-0.99,0.31,14.028,9.163,9.643,7.034,15.01,8.24,9.71,7.95,-0.006,0.005,0.015,-0.1,-0.03,-80.3061495,26.917724,271.25
-44.3,1.9,0.0,18.98,-0.61,-6.63,-21.19,1.77,-0.78,-0.93,0.27,11.87,11.792,10.654,8.652,14.81,12.36,19.33,3.14,-0.005,0.005,0.015,-0.05,-0.02,-80.3061588,26.9177222,271.3
-44.2,1.8,0.0,18.92,-1.36,-6.71,-20.96,-1.45,0.75,-0.98,0.26,8.819,10.899,11.262,7.858,15.89,9.32,13.73,12.36,-0.005,0.005,0.015,-0.16,-0.05,-80.3061681,26.9177205,271.35
-44.4,1.8,0.0,18.86,-0.9,-7.41,-20.34,0.83,1.57,-0.93,0.27,6.838,10.811,9.751,8.554,14.22,7.26,16.38,5.89,-0.005,0.005,0.014,-0.15,-0.05,-80.3061774,26.917719,271.4
-43.0,1.8,0.0,18.79,-0.84,-7.8,-20.57,-0.03,0.37,-0.94,0.3,9.182,9.526,9.604,6.916,15.7,1.47,13.64,10.69,-0.005,0.004,0.014,-0.25,-0.08,-80.3061867,26.9177177,271.45
-42.6,1.9,0.0,18.72,-2.26,-8.0,-20.41,1.41,-0.12,-0.91,0.27,10.075,6.494,8.358,8.731,16.58,5.3,5.98,18.15,-0.005,0.004,0.015,-0.24,-0.08,-80.3061959,26.9177166,271.5
-41.9,2.0,0.0,18.67,-1.09,-7.81,-20.39,-0.76,-1.79,-0.93,0.21,11.497,7.995,9.771,10.232,16.38,8.14,4.81,20.7,-0.005,0.004,0.014,-0.25,-0.08,-80.3062052,26.9177155,271.55
-42.7,2.0,0.0,18.6,-2.24,-7.48,-19.81,1.31,0.24,-0.93,0.2,10.673,8.427,9.29,10.075,11.18,12.36,7.26,13.24,-0.005,0.004,0.014,-0.27,-0.09,-80.3062145,26.9177146,271.6
-42.2,2.0,0.0,18.53,-1.92,-7.43,-19.56,-1.86,1.22,-0.95,0.23,11.252,9.408,8.211,7.083,12.65,13.64,7.95,1.18,-0.005,0.004,0.013,-0.31,-0.1,-80.3062237,26.9177139,271.65
-42.6,2.0,0.0,18.48,-1.76,-6.35,-20.21,1.46,-0.72,-0.95,0.21,11.811,10.045,9.81,7.142,10.89,9.03,14.42,-2.65,-0.005,0.004,0.013,-0.28,-0.09,-80.3062329,26.9177133,271.7
-42.6,2.0,0.0,18.41,-1.88,-7.14,-20.02,-0.76,0.31,-1.0,0.19,10.448,9.761,10.575,8.397,15.21,10.3,16.87,2.84,-0.005,0.004,0.013,-0.22,-0.07,-80.3062421,26.917713,271.75
-42.9,1.8,0.0,18.37,-0.89,-5.87,-19.48,0.3,0.19,-1.02,0.15,12.145,10.919,11.134,9.339,15.01,12.16,17.27,12.95,-0.005,0.004,0.013,-0.15,-0.05,-80.3062513,26.9177127,271.8
-42.9,1.8,0.0,18.29,-1.48,-5.98,-19.62,0.86,0.97,-1.02,0.2,11.743,10.516,9.732,10.124,13.64,14.22,13.64,21.58,-0.005,0.004,0.013,-0.16,-0.05,-80.3062605,26.9177125,271.85
-43.5,1.8,0.0,18.24,-0.67,-5.52,-19.96,-1.13,1.07,-1.09,0.26,12.576,11.026,8.044,7.044,14.62,11.28,11.09,14.72,-0.005,0.004,0.013,-0.26,-0.08,-80.3062696,26.9177125,271.9
-43.4,1.8,0.0,18.18,-1.34,-5.61,-20.18,2.26,-0.22,-1.11,0.27,11.782,11.635,7.789,7.279,10.59,8.24,9.42,10.99,-0.005,0.004,0.013,-0.23,-0.07,-80.3062787,26.9177126,271.95
-43.7,1.8,0.0,18.13,-0.88,-6.38,-20.2,1.58,-0.47,-1.08,0.24,12.567,10.173,9.81,8.348,10.1,11.58,3.92,6.57,-0.006,0.004,0.012,-0.2,-0.06,-80.3062878,26.9177129,272.0
-43.9,1.8,0.0,18.07,-0.98,-5.36,-20.44,-0.44,0.21,-1.13,0.2,11.684,13.342,11.782,7.514,5.49,13.24,13.54,13.34,-0.006,0.004,0.012,-0.21,-0.07,-80.3062968,26.9177134,272.05
-44.5,1.8,0.0,18.0,-1.29,-5.65,-19.88,1.39,0.73,-1.11,0.21,10.889,11.036,11.056,6.887,7.65,8.93,16.87,7.46,-0.005,0.004,0.012,-0.21,-0.07,-80.3063058,26.917714,272.1
-44.5,1.7,0.0,17.95,-0.66,-6.21,-20.08,2.17,0.44,-1.05,0.22,12.537,12.282,9.663,8.28,9.03,3.24,12.36,8.63,-0.006,0.004,0.012,-0.27,-0.09,-80.3063147,26.9177146,272.15
-44.4,1.8,0.0,17.89,-1.13,-6.14,-20.07,1.32,-0.12,-1.03,0.21,12.518,12.871,8.191,9.035,6.87,6.77,14.91,23.45,-0.006,0.003,0.013,-0.26,-0.08,-80.3063236,26.9177155,272.2
-44.4,1.8,0.0,17.84,-0.95,-5.42,-20.33,-0.3,-0.71,-1.09,0.17,13.901,10.261,8.231,8.623,7.36,10.59,11.09,19.33,-0.006,0.004,0.012,-0.25,-0.08,-80.3063325,26.9177164,272.25
-44.7,1.8,0.0,17.78,-1.45,-6.07,-20.18,0.81,-0.25,-1.06,0.14,12.763,11.694,11.026,8.584,7.26,12.95,10.69,15.3,-0.005,0.004,0.012,-0.27,-0.08,-80.3063413,26.9177175,272.3
-45.1,1.8,0.0,17.72,-1.54,-6.17,-20.2,0.58,0.55,-1.01,0.15,12.91,11.988,9.516,10.134,8.83,11.09,9.03,-0.1,-0.005,0.004,0.011,-0.32,-0.1,-80.3063501,26.9177189,272.35
-45.2,1.9,0.0,17.67,-1.16,-5.56,-20.32,0.48,0.22,-1.05,0.15,13.695,9.751,8.858,9.084,14.13,10.79,12.95,1.18,-0.005,0.004,0.012,-0.34,-0.1,-80.3063586,26.9177203,272.4
-45.4,1.9,0.0,17.62,-0.71,-5.94,-20.33,0.33,0.46,-1.04,0.18,12.949,7.367,7.112,7.514,14.22,9.91,14.22,15.89,-0.005,0.004,0.012,-0.35,-0.11,-80.3063673,26.9177218,272.45
-45.3,1.9,0.0,17.56,-0.9,-6.6,-20.55,-0.89,0.31,-1.02,0.17,11.272,8.917,10.261,8.868,14.22,8.04,13.64,16.09,-0.005,0.004,0.012,-0.34,-0.11,-80.3063759,26.9177234,272.5
-45.6,1.9,0.0,17.48,-2.19,-7.69,-20.15,-1.15,1.59,-1.03,0.18,8.79,6.671,9.82,7.887,11.67,5.1,9.71,10.99,-0.005,0.004,0.012,-0.4,-0.12,-80.3063844,26.9177252,272.55
-45.3,1.9,0.0,17.43,-1.73,-7.12,-19.9,0.67,1.64,-0.99,0.22,8.623,7.23,9.584,8.172,14.32,8.44,11.38,10.79,-0.005,0.004,0.012,-0.37,-0.11,-80.3063929,26.9177271,272.6
-45.0,1.9,0.0,17.39,-1.26,-7.34,-20.12,-0.94,1.75,-0.98,0.29,6.73,9.938,7.671,7.809,12.95,5.79,8.04,7.46,-0.005,0.004,0.012,-0.42,-0.13,-80.3064013,26.9177292,272.65
-44.7,1.9,0.0,17.34,-0.65,-6.59,-20.19,0.4,-0.44,-1.01,0.29,8.623,12.037,11.87,8.545,10.59,11.09,11.87,11.58,-0.006,0.004,0.012,-0.39,-0.12,-80.3064096,26.9177314,272.7
-44.9,1.9,0.0,17.28,-1.42,-6.4,-20.21,0.73,-1.82,-1.01,0.23,8.819,11.458,11.527,8.446,6.67,14.42,11.09,8.73,-0.006,0.003,0.012,-0.39,-0.12,-80.3064179,26.9177336,272.75
-45.4,1.9,0.0,17.22,-0.99,-5.29,-20.06,0.45,-0.99,-0.99,0.14,11.105,10.762,10.301,8.152,6.77,13.05,18.54,8.53,-0.006,0.004,0.011,-0.42,-0.13,-80.3064261,26.917736,272.8
-45.7,1.9,0.0,17.17,-0.99,-6.59,-19.81,0.11,1.3,-0.99,0.14,12.743,9.153,10.448,7.936,5.89,11.58,13.44,7.85,-0.005,0.004,0.011,-0.48,-0.14,-80.3064342,26.9177386,272.85
-46.0,1.9,0.0,17.12,-1.08,-6.0,-20.06,0.72,0.96,-0.98,0.15,14.077,7.426,8.407,6.887,8.73,8.04,10.69,7.95,-0.006,0.004,0.011,-0.51,-0.15,-80.3064422,26.9177412,272.9
-45.6,1.9,0.0,17.06,-1.13,-6.11,-20.23,0.29,1.17,-0.96,0.17,11.527,9.977,9.408,8.878,13.34,5.69,5.2,21.58,-0.005,0.003,0.012,-0.51,-0.15,-80.3064502,26.9177439,272.95
-45.8,1.9,0.0,17.01,-1.03,-6.58,-20.97,-1.76,-0.75,-0.95,0.14,10.163,9.437,10.114,8.77,14.42,6.38,8.14,16.38,-0.005,0.004,0.011,-0.45,-0.13,-80.3064579,26.9177469,273.0
-45.0,1.9,0.0,16.95,-1.18,-5.94,-20.79,-1.03,0.61,-1.0,0.14,8.397,10.202,9.732,9.212,12.95,10.4,13.83,14.72,-0.005,0.004,0.011,-0.44,-0.13,-80.3064657,26.9177499,273.05
-45.1,1.9,0.0,16.89,-1.36,-6.05,-19.99,1.47,0.73,-0.94,0.17,10.31,10.526,8.957,9.388,12.56,11.48,11.67,3.83,-0.005,0.004,0.011,-0.45,-0.13,-80.3064734,26.917753,273.1
-44.4,1.9,0.0,16.84,-1.02,-5.87,-19.83,0.93,1.77,-0.93,0.22,12.047,9.624,9.32,9.3,13.93,10.99,11.87,8.44,-0.005,0.004,0.011,-0.44,-0.13,-80.306481,26.9177562,273.15
-43.9,1.9,0.0,16.79,-1.3,-6.29,-19.84,0.35,-0.78,-0.93,0.22,12.017,8.025,7.985,7.318,11.48,10.1,6.28,12.95,-0.006,0.003,0.011,-0.49,-0.14,-80.3064886,26.9177595,273.2
-43.8,1.9,0.0,16.75,-0.85,-6.66,-20.05,0.26,-0.9,-0.92,0.17,7.279,9.908,12.066,8.152,3.83,10.2,14.13,12.26,-0.005,0.003,0.011,-0.5,-0.15,-80.306496,26.917763,273.25
-43.8,1.9,0.0,16.69,-1.68,-5.67,-19.19,1.37,0.15,-0.88,0.12,6.789,12.616,9.722,7.318,3.92,11.58,15.21,11.77,-0.005,0.003,0.011,-0.43,-0.12,-80.3065034,26.9177665,273.3
-43.7,1.9,0.0,16.66,-0.32,-5.29,-18.89,-0.53,0.51,-0.89,0.12,12.037,9.741,9.643,9.025,7.26,8.24,18.34,9.12,-0.005,0.003,0.011,-0.5,-0.15,-80.3065107,26.9177701,273.35
-42.5,1.9,0.0,16.63,-0.99,-5.88,-18.66,-1.56,0.32,-0.97,0.14,9.575,10.222,10.713,6.798,11.18,5.98,4.71,9.32,-0.005,0.003,0.011,-0.49,-0.14,-80.3065179,26.917774,273.4
-42.3,1.9,0.0,16.6,-0.23,-5.77,-19.23,0.84,-0.06,-0.9,0.13,12.41,8.937,9.408,10.644,14.32,9.32,1.28,14.42,-0.005,0.004,0.011,-0.48,-0.14,-80.3065249,26.9177778,273.45
-41.7,1.9,0.0,16.56,-0.91,-6.07,-18.79,1.45,-0.16,-0.83,0.12,10.094,9.849,10.428,9.163,15.89,15.99,8.04,7.36,-0.004,0.004,0.01,-0.49,-0.14,-80.3065319,26.9177817,273.5
-42.0,1.9,0.0,16.54,-0.91,-4.97,-18.21,-1.87,0.55,-0.9,0.14,8.564,11.723,10.251,6.798,12.36,14.13,15.79,5.89,-0.005,0.004,0.01,-0.48,-0.14,-80.3065388,26.9177858,273.55
-41.7,1.9,0.0,16.52,-0.71,-5.63,-18.92,0.99,0.72,-0.89,0.16,9.3,8.28,7.809,7.151,10.69,9.71,12.36,9.32,-0.005,0.003,0.01,-0.44,-0.13,-80.3065457,26.9177899,273.6
-41.2,1.9,0.0,16.51,0.02,-4.9,-18.61,3.06,-0.78,-0.86,0.13,10.634,8.721,8.417,8.77,6.28,5.4,9.42,17.66,-0.005,0.003,0.01,-0.44,-0.13,-80.3065525,26.9177941,273.65
-41.1,1.9,0.0,16.48,-0.5,-5.72,-18.53,-0.53,0.3,-0.94,0.11,12.204,9.81,10.261,8.466,8.34,7.26,9.32,15.3,-0.005,0.003,0.01,-0.49,-0.14,-80.3065591,26.9177985,273.7
-40.4,2.0,0.0,16.41,-2.12,-5.97,-17.92,1.58,0.97,-0.89,0.12,10.183,11.046,11.095,8.839,7.75,12.36,18.64,8.24,-0.005,0.003,0.009,-0.51,-0.15,-80.3065657,26.9178029,273.75
-40.4,2.0,0.0,16.3,-2.42,-5.13,-16.82,-1.7,3.33,-0.9,0.2,10.31,10.193,9.918,8.564,11.97,11.87,15.3,6.77,-0.005,0.003,0.01,-0.49,-0.14,-80.3065722,26.9178073,273.8
-38.8,2.0,0.0,16.18,-2.28,-4.29,-17.51,1.16,2.41,-0.86,0.31,12.282,8.868,8.093,7.132,16.38,9.71,7.95,17.76,-0.005,0.002,0.011,-0.44,-0.12,-80.3065786,26.9178119,273.85
-38.0,2.0,0.0,16.04,-2.45,-5.28,-16.62,0.72,0.63,-0.76,0.38,9.545,10.771,9.555,6.926,15.89,7.65,8.24,15.3,-0.006,0.001,0.011,-0.55,-0.15,-80.3065847,26.9178166,273.9
-37.2,2.0,0.0,15.89,-3.54,-4.16,-16.77,1.21,0.03,-0.73,0.41,13.44,8.878,8.76,7.701,9.61,3.92,16.38,8.24,-0.006,0.001,0.011,-0.51,-0.14,-80.3065908,26.9178212,273.95
-36.9,2.0,0.0,15.73,-3.38,-3.51,-16.7,3.35,-0.02,-0.7,0.41,10.006,12.096,7.573,7.456,2.75,9.03,13.34,8.63,-0.006,0.001,0.011,-0.43,-0.12,-80.3065968,26.9178258,274.0
-37.4,2.0,0.0,15.7,-0.33,-5.2,-16.91,-2.44,-1.2,-0.74,0.36,8.466,12.292,9.957,7.465,4.91,14.91,13.34,12.16,-0.006,0.001,0.01,-0.59,-0.16,-80.3066026,26.9178306,274.05
-39.3,2.0,0.0,15.67,-1.1,-4.96,-17.11,-4.61,-2.39,-0.9,0.22,11.478,9.771,13.067,9.27,11.09,12.46,3.73,13.83,-0.005,0.002,0.01,-0.53,-0.14,-80.3066084,26.9178353,274.1
-39.8,2.0,0.0,15.56,-2.43,-4.47,-17.27,0.03,-0.04,-0.9,0.17,9.722,11.301,11.272,9.182,8.53,8.44,7.36,10.3,-0.004,0.003,0.01,-0.53,-0.14,-80.306614,26.9178402,274.15
-38.6,1.9,0.0,15.52,-0.32,-5.76,-17.92,-0.58,2.43,-0.97,0.26,11.213,6.906,8.025,8.132,14.52,4.61,9.12,11.09,-0.004,0.002,0.01,-0.71,-0.19,-80.3066196,26.9178451,274.2
-37.2,2.0,0.0,15.46,-1.44,-4.84,-17.78,1.3,0.97,-1.04,0.29,11.939,5.847,6.151,6.828,12.65,6.47,12.16,6.87,-0.005,0.002,0.011,-0.59,-0.16,-80.3066249,26.91785,274.25
-36.3,2.0,0.0,15.39,-1.15,-4.47,-15.63,1.51,-0.05,-0.96,0.3,9.398,13.695,9.31,10.114,3.53,15.21,4.41,5.89,-0.005,0.002,0.01,-0.55,-0.15,-80.3066302,26.917855,274.3
-34.9,2.0,0.0,15.32,-1.57,-4.37,-14.16,-1.95,-0.36,-0.97,0.27,7.907,12.204,13.293,8.809,3.83,14.81,12.36,6.38,-0.006,0.002,0.01,-0.65,-0.17,-80.3066355,26.91786,274.35
-32.7,2.1,0.0,15.25,-1.56,-3.59,-14.25,1.88,-0.05,-0.86,0.22,11.282,8.662,9.545,7.77,12.46,10.89,10.5,15.6,-0.005,0.001,0.009,-0.6,-0.16,-80.3066406,26.9178651,274.4
-29.8,2.1,0.0,15.2,-0.72,-2.96,-13.99,2.2,-0.81,-0.72,0.19,13.351,9.251,8.809,10.634,18.15,4.41,8.53,11.09,-0.004,0.001,0.008,-0.55,-0.15,-80.3066456,26.9178703,274.45
-29.0,2.1,0.0,15.14,-1.3,-3.0,-13.6,1.77,-0.49,-0.71,0.18,10.006,7.887,9.614,10.31,13.64,6.28,5.4,7.16,-0.004,0.001,0.007,-0.47,-0.12,-80.3066506,26.9178754,274.5
-29.1,2.1,0.0,15.07,-1.74,-3.72,-11.88,-0.18,1.1,-0.75,0.23,5.788,9.261,7.181,6.21,0.98,12.07,12.36,11.77,-0.004,0.001,0.008,-0.5,-0.13,-80.3066555,26.9178806,274.55
-28.8,2.1,0.0,15.01,-1.63,-4.01,-11.15,-3.48,1.41,-0.78,0.23,7.191,10.301,10.869,7.642,2.06,11.58,13.73,10.1,-0.004,0.001,0.008,-0.51,-0.13,-80.3066603,26.9178858,274.6
-28.4,2.2,0.0,14.96,-1.14,-2.33,-11.89,0.02,0.24,-0.75,0.19,14.205,8.594,8.427,9.251,13.83,4.51,6.87,10.4,-0.005,0.001,0.007,-0.39,-0.1,-80.306665,26.917891,274.65
-28.3,2.2,0.0,14.91,-0.95,-2.08,-12.16,1.86,-1.01,-0.69,0.16,13.754,10.291,7.652,10.83,18.93,8.34,4.81,16.09,-0.005,0.001,0.007,-0.36,-0.09,-80.3066696,26.9178963,274.7
-28.4,2.1,0.0,14.84,-2.06,-3.37,-11.7,2.83,-1.18,-0.65,0.13,9.633,10.869,8.898,9.476,11.48,11.67,10.99,7.95,-0.005,0.001,0.006,-0.4,-0.1,-80.3066741,26.9179016,274.75
-28.7,2.1,0.0,14.77,-1.34,-3.71,-11.25,2.01,-0.2,-0.59,0.09,7.554,11.154,10.781,8.878,5.1,11.87,16.19,11.87,-0.005,0.001,0.006,-0.4,-0.1,-80.3066786,26.9179069,274.8
-28.6,2.2,0.0,14.72,-1.32,-3.55,-11.16,1.08,0.92,-0.48,0.09,8.652,8.476,10.732,7.534,9.71,7.06,13.24,8.63,-0.005,0.001,0.006,-0.5,-0.13,-80.306683,26.9179122,274.85
-28.8,2.4,0.0,14.67,-1.46,-4.0,-11.14,1.04,0.4,-0.37,0.07,11.429,6.936,9.702,10.457,20.11,6.97,15.01,13.34,-0.004,0.001,0.005,-0.53,-0.14,-80.3066873,26.9179175,274.9
-29.1,2.4,0.0,14.6,-1.06,-2.41,-11.39,4.68,-1.09,-0.23,0.07,12.174,7.946,7.416,9.3,13.05,8.44,13.64,15.79,-0.005,0.001,0.006,-0.42,-0.11,-80.3066916,26.9179229,274.95
-29.6,2.4,0.0,14.55,-0.94,-2.48,-11.75,4.09,-0.82,-0.07,0.06,10.369,9.506,8.643,8.427,2.35,11.09,10.59,10.2,-0.005,0.001,0.005,-0.55,-0.14,-80.3066958,26.9179283,275.0
-31.5,2.3,0.0,14.49,-1.45,-2.96,-12.18,0.83,0.37,0.02,0.01,8.368,10.575,10.644,9.143,4.41,8.04,18.34,12.65,-0.005,0.002,0.005,-0.59,-0.15,-80.3066999,26.9179337,275.05
-32.5,2.2,0.0,14.44,-0.92,-3.01,-13.0,5.49,0.53,0.25,0.0,7.995,11.331,9.987,8.201,15.3,12.75,12.46,18.64,-0.005,0.002,0.004,-0.51,-0.13,-80.3067039,26.9179392,275.1
-33.2,2.2,0.0,14.38,-0.83,-3.55,-12.64,1.55,0.95,0.4,0.06,8.103,11.262,9.143,8.858,16.38,12.16,6.47,14.91,-0.005,0.001,0.004,-0.68,-0.17,-80.3067078,26.9179446,275.15
-35.1,2.2,0.0,14.34,-1.07,-3.92,-12.7,-2.0,0.31,0.35,0.12,9.83,10.673,9.614,7.72,6.77,8.04,9.61,7.46,-0.006,0.0,0.005,-0.72,-0.18,-80.3067116,26.9179501,275.2
-35.7,2.3,0.0,14.28,-1.79,-4.34,-13.94,4.36,-1.23,0.5,0.08,9.359,11.939,9.928,9.457,9.22,6.97,8.93,15.5,-0.006,0.0,0.006,-0.76,-0.19,-80.3067153,26.9179556,275.25
-35.9,2.4,0.0,14.23,-0.51,-5.2,-14.53,2.63,-3.14,0.71,-0.06,11.075,10.958,8.809,10.369,14.62,2.94,8.83,11.67,-0.005,-0.0,0.005,-0.94,-0.23,-80.3067189,26.9179611,275.3
-36.9,2.5,0.0,14.19,-1.08,-4.15,-14.93,-0.64,-4.13,0.67,-0.26,9.771,8.623,11.595,12.655,11.48,6.18,20.5,14.62,-0.004,0.001,0.004,-0.85,-0.21,-80.3067225,26.9179666,275.35
-37.9,2.6,0.0,14.12,-0.58,-3.82,-15.27,0.38,0.4,0.63,-0.27,10.261,7.524,10.477,9.349,6.87,6.28,16.97,14.72,-0.004,0.002,0.004,-0.79,-0.19,-80.306726,26.9179721,275.4
-38.6,2.8,0.0,14.09,-0.64,-4.89,-14.99,0.35,2.2,0.66,-0.19,11.723,7.603,8.878,10.31,11.38,7.36,8.93,18.05,-0.004,0.001,0.005,-0.84,-0.21,-80.3067293,26.9179777,275.45
-39.6,2.8,0.0,13.99,-1.96,-3.79,-15.21,1.73,2.71,0.68,-0.05,12.469,7.936,6.406,9.084,14.81,12.07,6.97,17.27,-0.004,0.001,0.006,-0.95,-0.23,-80.3067326,26.9179833,275.5
-41.7,2.9,0.0,13.96,-0.16,-4.56,-16.21,-1.81,1.72,0.63,0.1,11.389,11.772,6.494,7.603,11.28,13.15,12.95,10.2,-0.005,0.0,0.007,-0.95,-0.23,-80.3067358,26.9179889,275.55
-42.0,2.9,0.0,13.94,-0.84,-3.88,-17.42,-2.15,-1.6,0.51,0.05,12.321,9.143,8.623,8.662,7.65,6.28,7.16,11.38,-0.005,0.0,0.008,-0.85,-0.21,-80.3067389,26.9179945,275.6
-42.4,3.0,0.0,13.88,-1.65,-4.36,-17.36,-0.77,-2.61,0.43,-0.1,10.232,7.936,9.251,9.82,11.87,8.44,12.16,13.83,-0.005,0.001,0.007,-0.9,-0.22,-80.3067419,26.9180001,275.65
-43.5,3.2,0.0,13.82,-0.98,-5.0,-16.48,-0.73,-1.07,0.45,-0.16,9.388,8.505,10.379,10.507,12.46,9.32,12.46,17.07,-0.004,0.001,0.007,-0.94,-0.23,-80.3067447,26.9180058,275.7
-43.4,3.3,0.0,13.78,-0.52,-4.57,-16.86,-0.17,0.91,0.46,-0.12,8.113,9.359,9.329,9.967,6.08,9.22,12.65,10.4,-0.004,0.002,0.007,-1.05,-0.25,-80.3067474,26.9180115,275.75
-43.5,3.3,0.0,13.73,-1.58,-5.01,-17.44,-3.6,2.58,0.29,-0.02,9.545,8.525,10.281,9.133,9.61,9.81,11.09,14.42,-0.004,0.002,0.007,-1.05,-0.25,-80.3067501,26.9180172,275.8
-43.3,3.4,0.0,13.68,-0.94,-4.62,-17.84,-1.66,2.75,0.25,0.12,8.868,10.173,10.889,8.721,18.64,13.44,10.01,8.04,-0.003,0.002,0.008,-0.96,-0.23,-80.3067526,26.9180229,275.85
-42.5,3.6,0.0,13.67,-0.55,-4.94,-17.83,-3.08,1.03,0.17,0.22,8.77,9.898,8.613,6.377,13.64,13.44,10.99,14.72,-0.003,0.001,0.009,-0.96,-0.23,-80.3067551,26.9180286,275.9
-42.6,3.6,0.0,13.65,-0.45,-4.51,-17.56,-1.77,-0.5,0.11,0.22,6.906,10.614,10.644,7.544,4.91,12.56,13.54,8.93,-0.004,0.001,0.009,-0.92,-0.22,-80.3067575,26.9180343,275.95
-42.7,3.8,0.0,13.59,-1.8,-3.98,-17.33,-1.45,1.25,-0.03,0.23,8.093,11.026,9.163,7.985,5.4,11.87,9.12,4.61,-0.004,0.001,0.008,-0.97,-0.23,-80.3067597,26.9180401,276.0
-42.3,4.2,0.0,13.56,-0.15,-3.86,-17.12,-3.96,0.4,-0.13,0.24,8.721,12.459,8.711,9.408,16.28,11.09,4.22,16.38,-0.004,0.001,0.009,-0.96,-0.23,-80.3067619,26.9180459,276.05
-42.2,4.5,0.0,13.56,-0.09,-3.62,-17.01,-1.57,-2.36,-0.21,0.18,11.419,11.488,9.712,10.251,14.81,10.4,17.46,8.83,-0.004,0.001,0.009,-0.99,-0.23,-80.3067638,26.9180517,276.1
-42.7,4.7,0.0,13.59,0.93,-4.41,-17.17,-2.29,-1.17,-0.31,0.1,7.338,12.753,13.008,11.203,8.14,12.56,17.66,9.42,-0.004,0.002,0.008,-0.93,-0.22,-80.3067658,26.9180575,276.15
-42.5,4.9,0.0,13.59,-0.38,-3.06,-16.51,-0.99,-0.54,-0.34,0.06,7.976,8.407,9.575,7.397,8.44,9.52,13.05,12.95,-0.003,0.002,0.008,-0.95,-0.23,-80.3067676,26.9180634,276.2
-42.4,5.1,0.0,13.56,-0.76,-4.96,-16.92,1.05,0.71,-0.32,0.08,11.507,7.456,6.484,5.494,13.54,5.98,10.69,5.0,-0.003,0.002,0.007,-1.06,-0.25,-80.3067693,26.9180693,276.25
-41.9,5.2,0.0,13.69,1.71,-4.15,-16.54,-1.82,-0.98,-0.5,0.07,10.928,9.526,10.477,10.32,9.61,7.55,17.07,9.81,-0.003,0.002,0.007,-0.99,-0.24,-80.3067711,26.9180752,276.3
-41.7,5.3,0.0,13.67,-0.68,-3.9,-16.49,-0.58,-0.43,-0.57,0.03,10.85,10.438,12.253,8.966,6.08,11.28,13.15,7.75,-0.003,0.002,0.007,-0.77,-0.18,-80.3067726,26.9180811,276.35
-41.9,5.5,0.0,13.8,3.78,-3.71,-16.1,-5.18,-1.03,-0.65,0.02,12.763,10.477,8.025,6.337,11.97,10.1,11.77,6.87,-0.003,0.002,0.007,-0.88,-0.21,-80.3067741,26.9180871,276.4
-41.5,5.6,0.0,13.81,-0.32,-4.31,-16.02,0.9,-0.23,-0.64,-0.04,9.869,6.249,9.702,11.144,9.32,9.32,14.62,16.09,-0.003,0.003,0.007,-0.83,-0.2,-80.3067755,26.9180932,276.45
-41.1,5.7,0.0,13.87,2.45,-3.59,-16.66,-2.8,0.25,-0.68,-0.03,11.046,9.526,4.699,3.375,5.79,9.22,8.53,12.36,-0.003,0.002,0.006,-0.83,-0.2,-80.3067769,26.9180993,276.5
-41.5,5.7,0.0,13.97,1.3,-3.28,-16.07,-2.73,-1.31,-0.8,-0.11,10.526,6.416,7.966,4.846,7.65,6.97,14.72,2.26,-0.003,0.003,0.006,-0.8,-0.2,-80.306778,26.9181054,276.55
-41.2,5.7,0.0,13.99,1.65,-3.91,-16.37,0.48,0.45,-0.81,-0.14,11.105,8.427,10.938,8.074,15.5,9.03,14.22,11.77,-0.002,0.003,0.006,-0.64,-0.16,-80.3067791,26.9181116,276.6
-41.2,5.7,0.0,14.11,2.4,-4.54,-15.79,0.89,-0.24,-0.74,-0.12,11.762,9.359,7.063,8.446,10.69,12.56,8.83,12.75,-0.002,0.004,0.006,-0.74,-0.18,-80.3067802,26.9181179,276.65
-41.5,5.6,0.0,14.13,1.53,-3.62,-16.69,-1.29,0.91,-0.76,-0.08,12.841,8.603,4.925,3.502,6.67,11.97,6.97,1.37,-0.003,0.004,0.005,-0.83,-0.21,-80.3067811,26.9181242,276.7
-41.3,5.6,0.0,14.24,2.46,-3.67,-16.57,-1.36,0.84,-0.85,-0.04,12.056,11.272,13.773,12.272,12.16,11.18,21.48,17.76,-0.003,0.004,0.006,-0.72,-0.18,-80.306782,26.9181305,276.75
-41.4,5.4,0.0,14.27,0.23,-3.48,-16.83,1.88,-0.44,-0.78,-0.07,11.713,8.682,11.752,12.645,14.13,10.1,15.99,14.42,-0.003,0.004,0.006,-0.71,-0.18,-80.3067828,26.9181369,276.8
-41.1,5.3,0.0,14.36,2.3,-5.3,-16.23,0.97,-0.59,-0.69,-0.08,5.955,13.273,7.004,7.956,12.07,15.21,17.46,7.16,-0.002,0.004,0.006,-0.9,-0.23,-80.3067834,26.9181433,276.85
-41.0,5.2,0.0,14.4,0.8,-4.15,-16.13,-1.35,1.09,-0.79,-0.07,8.574,9.427,6.17,5.101,5.2,7.16,5.89,3.53,-0.002,0.004,0.006,-0.89,-0.22,-80.306784,26.9181497,276.9
-41.0,5.2,0.0,14.45,1.83,-4.61,-16.34,-1.02,1.75,-0.82,0.0,8.005,12.518,11.232,10.281,12.65,2.55,11.87,8.44,-0.002,0.003,0.006,-0.77,-0.19,-80.3067843,26.9181561,276.95
-39.7,5.1,0.0,14.51,-0.14,-4.87,-16.13,1.46,0.07,-0.78,0.01,7.23,11.723,14.725,13.773,13.93,10.01,17.27,11.58,-0.002,0.003,0.007,-0.78,-0.2,-80.3067847,26.9181626,277.0
-40.1,5.1,0.0,14.57,1.05,-4.64,-16.22,-1.29,0.01,-0.8,-0.01,9.839,6.72,6.465,5.945,13.44,10.4,8.24,10.5,-0.002,0.004,0.007,-0.74,-0.19,-80.3067849,26.9181691,277.05
-40.2,5.0,0.0,14.59,-0.05,-3.86,-16.45,-0.48,0.4,-0.83,0.02,14.862,5.111,9.506,10.477,5.69,5.59,7.75,14.42,-0.003,0.004,0.006,-0.68,-0.17,-80.3067851,26.9181757,277.1
-39.5,4.9,0.0,14.64,0.56,-3.46,-16.7,1.34,0.8,-0.82,0.03,14.313,7.22,11.36,10.222,12.26,6.77,16.48,15.79,-0.004,0.004,0.006,-0.58,-0.15,-80.3067852,26.9181822,277.15
-39.5,4.8,0.0,14.67,0.93,-3.62,-15.97,1.24,0.29,-0.75,0.03,13.244,10.428,5.042,5.582,17.46,12.07,11.09,6.87,-0.004,0.003,0.006,-0.58,-0.15,-80.3067851,26.9181888,277.2
-39.6,4.5,0.0,14.71,0.76,-3.93,-16.11,3.5,-2.44,-0.65,-0.03,7.868,13.96,12.233,10.094,11.97,13.24,14.42,10.3,-0.005,0.002,0.006,-0.65,-0.17,-80.306785,26.9181954,277.25
-39.6,4.4,0.0,14.74,0.8,-4.23,-15.65,2.84,-2.54,-0.54,-0.16,4.905,10.713,9.015,6.779,2.26,8.24,7.65,12.16,-0.005,0.003,0.005,-0.67,-0.17,-80.3067847,26.918202,277.3
-40.0,4.4,0.0,14.76,-0.02,-5.5,-15.67,0.36,0.66,-0.4,-0.23,5.69,9.064,14.519,11.331,4.02,8.73,15.21,12.85,-0.003,0.004,0.004,-0.85,-0.22,-80.3067843,26.9182086,277.35
-39.5,4.4,0.0,14.78,0.61,-4.48,-15.67,0.36,2.48,-0.35,-0.18,10.595,6.789,8.466,8.054,12.36,10.79,8.53,7.36,-0.002,0.004,0.004,-0.75,-0.19,-80.3067838,26.9182152,277.4
-39.5,4.4,0.0,14.78,-0.61,-4.03,-15.99,0.13,3.3,-0.32,-0.05,13.518,7.848,9.781,10.928,15.89,8.04,5.49,9.12,-0.002,0.004,0.005,-0.73,-0.19,-80.3067833,26.9182219,277.45
-39.3,4.3,0.0,14.82,0.85,-3.49,-16.25,0.99,2.48,-0.28,0.13,10.507,11.37,6.033,6.004,9.03,6.97,9.42,7.36,-0.003,0.003,0.006,-0.7,-0.18,-80.3067826,26.9182285,277.5
-39.0,4.2,0.0,14.85,-0.38,-4.25,-16.46,1.65,-0.37,-0.24,0.17,7.779,11.929,8.486,7.946,3.43,7.85,15.6,16.09,-0.003,0.003,0.007,-0.72,-0.19,-80.3067819,26.9182351,277.55
-39.1,4.2,0.0,14.86,-0.03,-4.56,-16.74,0.76,0.49,-0.2,0.16,6.71,9.447,9.771,9.339,9.22,11.28,10.1,8.73,-0.003,0.004,0.006,-0.62,-0.16,-80.306781,26.9182417,277.6
-38.1,4.2,0.0,14.86,0.05,-4.27,-16.21,0.68,-0.05,-0.15,0.2,12.272,8.221,9.771,10.624,14.22,12.65,16.38,16.87,-0.003,0.003,0.006,-0.7,-0.18,-80.30678,26.9182483,277.65
-37.3,4.2,0.0,14.91,0.83,-3.5,-15.83,-0.1,-1.36,-0.15,0.2,12.478,10.055,8.721,6.2,10.79,8.73,16.38,8.73,-0.004,0.002,0.006,-0.66,-0.17,-80.306779,26.9182549,277.7
-37.0,4.2,0.0,14.9,-0.02,-4.5,-15.37,2.44,-1.81,-0.11,0.11,10.85,12.625,8.407,8.397,5.59,4.51,14.22,15.01,-0.005,0.001,0.006,-0.66,-0.17,-80.3067778,26.9182615,277.75
-36.6,4.1,0.0,14.93,-0.1,-4.08,-15.18,1.25,-1.78,-0.05,-0.01,8.839,11.026,9.682,8.123,5.1,10.1,10.99,12.85,-0.004,0.002,0.006,-0.72,-0.19,-80.3067764,26.9182681,277.8
-36.9,4.0,0.0,14.92,-0.13,-4.63,-15.24,-0.89,-1.02,-0.04,-0.11,6.18,11.595,12.979,10.85,10.89,15.4,13.44,13.83,-0.004,0.002,0.005,-0.72,-0.19,-80.306775,26.9182747,277.85
-36.7,4.1,0.0,14.94,-0.4,-3.96,-15.27,-0.75,-0.9,-0.04,-0.13,12.076,7.387,9.82,9.369,10.89,10.1,13.64,9.61,-0.004,0.002,0.005,-0.67,-0.17,-80.3067735,26.9182813,277.9
-36.8,4.1,0.0,14.94,-0.08,-3.76,-15.44,-0.75,0.93,-0.1,-0.1,12.272,8.093,8.142,7.318,10.4,7.75,13.64,11.97,-0.003,0.002,0.005,-0.59,-0.15,-80.3067719,26.9182878,277.95
-36.8,4.1,0.0,14.99,1.08,-3.69,-15.21,2.22,-0.68,-0.13,-0.1,9.437,11.782,10.654,10.85,8.73,10.99,11.28,19.82,-0.003,0.002,0.006,-0.54,-0.14,-80.3067702,26.9182944,278.0
-36.1,4.0,0.0,14.97,-0.23,-4.51,-14.82,-1.88,1.4,-0.18,-0.09,6.69,10.771,13.126,9.977,10.3,14.62,0.98,11.48,-0.003,0.002,0.006,-0.66,-0.17,-80.3067685,26.9183009,278.05
-35.7,4.0,0.0,14.95,-0.54,-4.64,-15.21,-2.61,2.21,-0.21,0.01,7.23,10.909,7.514,5.445,12.85,14.62,9.22,8.73,-0.003,0.002,0.007,-0.65,-0.17,-80.3067666,26.9183074,278.1
-35.4,4.1,0.0,15.0,0.99,-3.88,-15.27,-0.04,-1.08,-0.24,0.02,13.194,8.191,11.134,11.291,15.4,6.67,4.91,12.07,-0.003,0.002,0.007,-0.64,-0.17,-80.3067646,26.9183139,278.15
-34.7,4.0,0.0,14.98,-0.46,-3.41,-15.36,0.31,0.42,-0.29,0.05,12.606,8.809,7.201,9.202,10.3,8.53,9.91,13.54,-0.003,0.002,0.006,-0.56,-0.15,-80.3067624,26.9183204,278.2
-35.2,3.9,0.0,14.97,-0.16,-3.78,-14.77,-1.93,2.09,-0.41,0.11,9.339,13.087,8.329,7.377,8.34,15.6,11.87,9.22,-0.004,0.002,0.007,-0.51,-0.13,-80.3067603,26.9183268,278.25
-34.8,3.9,0.0,15.01,-0.26,-3.6,-14.82,-0.69,-0.47,-0.41,0.06,8.309,12.665,8.868,7.308,10.99,14.91,12.16,10.69,-0.004,0.002,0.007,-0.47,-0.12,-80.3067581,26.9183332,278.3
-34.4,3.9,0.0,15.0,0.81,-4.15,-14.46,-0.6,-2.52,-0.42,-0.02,12.851,4.944,9.555,10.565,14.91,-2.26,12.75,17.76,-0.003,0.001,0.007,-0.64,-0.17,-80.3067557,26.9183396,278.35
-34.6,3.9,0.0,14.99,-0.05,-3.77,-15.08,-1.25,-0.84,-0.51,-0.07,9.702,6.838,9.996,10.085,13.44,2.75,16.68,11.77,-0.003,0.003,0.006,-0.54,-0.14,-80.3067532,26.918346,278.4
-34.5,3.9,0.0,14.97,-0.19,-4.51,-14.56,4.1,2.75,-0.39,0.05,9.064,11.537,8.976,9.682,5.3,13.05,14.52,15.21,-0.002,0.004,0.006,-0.56,-0.15,-80.3067507,26.9183523,278.45
-34.5,3.8,0.0,14.98,-0.23,-4.33,-14.49,-3.43,4.16,-0.43,0.23,6.475,11.134,9.604,9.153,6.97,13.73,8.83,1.86,-0.003,0.003,0.005,-0.69,-0.18,-80.3067481,26.9183586,278.5
-33.7,3.8,0.0,14.98,0.02,-4.09,-14.79,-4.02,2.97,-0.63,0.39,10.006,8.417,7.446,6.298,14.72,5.0,10.69,10.69,-0.003,0.002,0.008,-0.53,-0.14,-80.3067454,26.9183648,278.55
-32.6,3.9,0.0,14.99,0.44,-4.4,-14.67,3.72,-0.44,-0.51,0.43,15.696,6.445,7.544,8.701,20.31,7.06,7.46,15.99,-0.003,0.002,0.009,-0.53,-0.14,-80.3067426,26.9183711,278.6
-31.3,3.9,0.0,15.01,0.31,-2.92,-14.09,0.29,-1.6,-0.49,0.38,9.064,11.105,8.152,10.526,13.24,5.79,2.26,2.06,-0.003,0.002,0.008,-0.54,-0.14,-80.3067396,26.9183773,278.65
-31.1,3.7,0.0,14.99,-0.6,-2.91,-13.71,-0.55,-1.18,-0.62,0.33,8.495,9.192,9.663,8.28,3.34,9.52,11.38,17.85,-0.003,0.002,0.007,-0.48,-0.13,-80.3067366,26.9183835,278.7
-30.8,3.8,0.0,14.98,0.02,-4.5,-13.36,-2.36,1.83,-0.68,0.35,6.749,10.242,8.27,6.995,5.4,10.69,10.5,11.28,-0.003,0.002,0.007,-0.49,-0.13,-80.3067336,26.9183896,278.75
-30.4,3.8,0.0,15.0,0.8,-4.18,-12.94,-3.22,-0.05,-0.74,0.33,11.164,10.752,8.231,7.308,15.01,12.07,14.32,9.42,-0.003,0.001,0.007,-0.56,-0.15,-80.3067304,26.9183958,278.8
-30.1,3.9,0.0,15.0,-0.48,-3.6,-13.55,-0.23,-1.7,-0.8,0.26,15.058,6.337,9.035,10.281,20.8,7.65,8.14,20.9,-0.003,0.002,0.007,-0.45,-0.12,-80.3067272,26.9184019,278.85
-30.3,3.8,0.0,14.98,-0.67,-3.21,-13.62,0.5,-0.13,-0.82,0.25,9.506,9.349,8.289,8.584,8.93,10.3,9.52,21.29,-0.003,0.002,0.007,-0.47,-0.12,-80.306724,26.9184079,278.9
-30.6,3.8,0.0,14.99,-0.26,-4.38,-13.02,-1.95,0.71,-0.87,0.25,5.592,8.692,10.614,8.083,4.22,10.79,14.32,16.38,-0.003,0.002,0.006,-0.51,-0.13,-80.3067206,26.9184139,278.95
-30.5,3.8,0.0,14.98,-0.82,-3.6,-12.48,-1.32,2.6,-0.96,0.28,9.457,6.671,9.202,8.907,8.14,7.65,14.22,11.58,-0.003,0.003,0.006,-0.49,-0.13,-80.3067171,26.9184199,279.0
-29.8,3.9,0.0,14.97,-0.59,-3.69,-12.22,0.14,2.41,-0.99,0.38,11.497,6.896,9.192,8.437,14.62,10.3,12.75,12.26,-0.003,0.002,0.006,-0.5,-0.13,-80.3067136,26.9184259,279.05
-29.8,3.9,0.0,14.96,0.27,-2.97,-12.67,1.08,-0.38,-0.94,0.42,13.41,9.81,6.926,7.887,18.44,15.01,14.72,11.09,-0.003,0.002,0.007,-0.42,-0.11,-80.3067101,26.9184318,279.1
-30.3,3.7,0.0,14.96,-0.16,-2.84,-12.54,-1.5,-1.0,-1.03,0.4,8.505,11.85,8.025,7.985,5.3,11.87,12.16,12.07,-0.004,0.001,0.007,-0.47,-0.12,-80.3067064,26.9184377,279.15
-30.6,3.7,0.0,14.95,-0.5,-3.79,-12.87,-2.38,-0.97,-1.13,0.3,7.946,9.369,10.134,8.407,0.78,2.26,8.24,13.54,-0.005,0.001,0.007,-0.54,-0.14,-80.3067026,26.9184435,279.2
-28.3,3.8,0.0,14.95,-0.03,-4.57,-13.56,4.54,-2.21,-0.99,0.19,12.478,9.025,9.3,8.937,5.3,-5.1,20.7,12.75,-0.005,0.0,0.006,-0.51,-0.13,-80.3066988,26.9184493,279.25
-30.3,3.9,0.0,14.93,-0.95,-3.97,-13.35,0.39,-1.68,-0.96,0.05,11.331,9.79,10.83,11.046,16.48,16.09,9.91,6.38,-0.004,0.002,0.004,-0.43,-0.11,-80.306695,26.9184551,279.3
-31.3,3.9,0.0,14.93,0.08,-3.24,-12.58,-2.17,-0.46,-0.99,0.03,9.614,9.496,11.949,9.771,10.79,13.93,12.46,3.92,-0.003,0.003,0.004,-0.52,-0.14,-80.306691,26.9184608,279.35
-31.2,3.7,0.0,14.93,-0.15,-3.36,-12.06,3.85,2.05,-0.98,0.1,6.494,8.682,13.263,9.133,4.22,6.18,9.42,42.08,-0.003,0.003,0.007,-0.49,-0.13,-80.306687,26.9184665,279.4
-30.0,3.7,0.0,14.91,-0.09,-4.25,-11.74,1.28,5.55,-0.79,0.32,6.985,9.055,6.877,6.808,11.97,8.93,13.73,18.15,-0.003,0.002,0.005,-0.74,-0.19,-80.3066829,26.9184721,279.45
-29.9,3.8,0.0,14.91,-0.07,-3.32,-12.79,-1.5,3.01,-0.79,0.47,9.133,10.938,8.074,6.828,15.11,15.21,14.72,4.81,-0.003,0.002,0.006,-0.6,-0.16,-80.3066788,26.9184777,279.5
-29.5,3.8,0.0,14.91,-0.4,-2.59,-12.98,1.52,-1.85,-0.8,0.46,14.431,9.143,7.132,6.769,15.4,11.48,8.44,10.4,-0.004,0.001,0.007,-0.56,-0.15,-80.3066746,26.9184832,279.55
-29.7,3.8,0.0,14.92,-0.11,-3.23,-12.94,2.76,-4.08,-0.69,0.33,10.094,13.057,6.955,7.681,3.04,7.65,9.81,7.06,-0.004,0.001,0.006,-0.51,-0.13,-80.3066703,26.9184887,279.6
-30.1,3.7,0.0,14.91,-0.72,-3.0,-12.44,-0.25,-1.4,-0.7,0.16,6.445,9.898,11.213,10.987,6.18,8.04,10.79,8.63,-0.002,0.003,0.005,-0.55,-0.14,-80.306666,26.9184942,279.65
-29.9,3.7,0.0,14.89,-0.31,-2.92,-12.0,0.69,3.96,-0.74,0.25,6.269,8.947,10.379,9.516,12.56,10.4,8.24,14.62,-0.001,0.003,0.005,-0.54,-0.14,-80.3066616,26.9184995,279.7
-29.4,3.8,0.0,14.86,-0.61,-3.67,-11.98,-1.12,5.07,-0.75,0.49,9.781,8.829,9.153,9.447,16.97,10.59,8.53,10.2,-0.002,0.002,0.005,-0.61,-0.16,-80.3066571,26.9185048,279.75
-28.5,3.9,0.0,14.86,0.06,-3.32,-12.22,-0.53,3.76,-0.8,0.75,11.958,8.79,6.533,5.317,9.22,10.69,15.01,7.06,-0.003,0.001,0.007,-0.56,-0.15,-80.3066526,26.9185101,279.8
-28.6,3.8,0.0,14.89,0.49,-2.99,-12.76,-0.62,-0.7,-0.86,0.78,11.929,12.655,7.289,7.534,1.28,10.99,10.99,14.72,-0.004,0.001,0.008,-0.39,-0.1,-80.3066479,26.9185154,279.85
-29.0,3.8,0.0,14.89,-0.17,-2.78,-12.58,0.61,-3.8,-0.86,0.59,8.731,11.831,10.742,7.838,5.4,12.26,8.73,17.46,-0.004,0.002,0.007,-0.4,-0.1,-80.3066432,26.9185206,279.9
-28.9,3.7,0.0,14.87,-0.44,-3.32,-12.42,-0.28,-1.84,-0.82,0.43,7.456,9.996,11.949,9.957,10.99,11.38,14.32,14.91,-0.003,0.003,0.005,-0.43,-0.11,-80.3066385,26.9185258,279.95
-29.1,3.8,0.0,14.85,-0.23,-4.38,-11.58,0.33,1.19,-0.71,0.45,8.358,7.367,11.88,11.262,12.16,4.81,13.44,10.2,-0.003,0.003,0.004,-0.54,-0.14,-80.3066338,26.9185309,280.0
-28.3,3.9,0.0,14.82,-1.06,-4.35,-11.61,2.2,3.65,-0.67,0.59,13.695,6.877,8.672,9.202,3.92,5.3,9.91,9.22,-0.004,0.002,0.004,-0.62,-0.16,-80.3066289,26.918536,280.05
-28.4,3.9,0.0,14.87,0.94,-1.64,-11.53,2.85,1.77,-0.56,0.7,11.919,12.763,7.367,6.798,5.4,14.22,9.42,7.46,-0.004,0.002,0.005,-0.49,-0.13,-80.3066241,26.918541,280.1
-29.1,3.7,0.0,14.86,-0.03,-2.82,-11.8,0.19,-0.21,-0.49,0.68,7.083,14.028,9.643,8.25,9.52,15.99,19.82,12.26,-0.003,0.002,0.006,-0.53,-0.14,-80.3066191,26.918546,280.15
-27.7,3.7,0.0,14.85,-0.06,-2.98,-12.07,0.28,-0.02,-0.46,0.67,6.936,10.134,9.231,8.368,12.36,8.73,10.79,19.13,-0.002,0.002,0.006,-0.51,-0.13,-80.3066141,26.9185509,280.2
-26.9,3.7,0.0,14.84,-0.38,-4.39,-12.08,-0.45,0.82,-0.48,0.7,8.986,7.995,8.28,9.035,11.18,5.2,4.22,14.52,-0.003,0.002,0.006,-0.57,-0.15,-80.306609,26.9185558,280.25
-26.0,3.8,0.0,14.82,-0.11,-3.68,-11.31,0.19,-0.59,-0.49,0.72,12.204,9.624,8.701,8.005,7.36,11.97,9.12,7.75,-0.003,0.001,0.006,-0.51,-0.13,-80.3066039,26.9185607,280.3
-25.4,3.9,0.0,14.82,0.02,-2.59,-11.52,0.56,-0.94,-0.5,0.68,11.86,12.704,9.673,8.643,9.61,15.89,13.05,8.53,-0.004,0.001,0.006,-0.47,-0.12,-80.3065987,26.9185654,280.35
-25.9,3.8,0.0,14.84,0.4,-1.93,-11.08,-1.31,-2.64,-0.53,0.56,12.125,11.517,9.163,7.789,14.32,14.22,10.79,8.73,-0.003,0.001,0.006,-0.43,-0.11,-80.3065935,26.9185702,280.4
-25.3,3.7,0.0,14.83,-0.43,-3.32,-10.96,-0.09,-3.12,-0.55,0.4,8.201,12.155,11.046,10.212,12.65,10.89,14.32,9.61,-0.004,0.001,0.005,-0.54,-0.14,-80.3065883,26.9185749,280.45
-25.3,3.7,0.0,14.82,-0.11,-3.67,-11.36,0.82,-1.85,-0.56,0.29,8.221,9.594,9.29,9.163,7.65,9.42,10.59,15.6,-0.003,0.001,0.005,-0.45,-0.12,-80.3065829,26.9185795,280.5
-25.2,3.9,0.0,14.8,-0.62,-3.63,-11.3,-0.67,-0.8,-0.59,0.2,12.253,5.847,9.663,9.614,9.91,11.09,9.12,10.4,-0.003,0.001,0.005,-0.42,-0.11,-80.3065776,26.9185841,280.55
-24.6,3.9,0.0,14.81,0.78,-2.38,-11.38,-0.64,-2.0,-0.59,0.11,12.645,9.182,9.682,8.594,12.65,10.1,9.81,4.61,-0.003,0.001,0.005,-0.48,-0.12,-80.3065721,26.9185886,280.6
-24.6,3.8,0.0,14.8,0.23,-2.76,-11.19,-0.6,-1.26,-0.61,0.04,11.713,11.026,9.212,9.663,13.83,9.42,15.7,7.46,-0.003,0.001,0.005,-0.46,-0.12,-80.3065666,26.9185931,280.65
-23.8,3.7,0.0,14.78,-0.39,-3.11,-10.91,-3.93,-0.44,-0.76,0.01,6.17,11.507,8.957,8.839,7.65,7.46,15.4,11.28,-0.002,0.001,0.006,-0.5,-0.13,-80.3065611,26.9185976,280.7
-23.1,3.7,0.0,14.76,-0.35,-2.11,-10.04,-4.2,1.59,-0.95,0.03,5.768,9.526,11.909,8.348,4.02,9.03,14.52,8.73,-0.001,0.002,0.007,-0.43,-0.11,-80.3065556,26.918602,280.75
-22.1,3.7,0.0,14.74,-0.22,-3.28,-9.29,1.28,3.13,-0.86,0.17,8.025,6.406,9.741,7.926,-16.09,-30.41,12.95,8.24,-0.002,0.001,0.007,-0.44,-0.11,-80.30655,26.9186063,280.8
-16.1,3.9,0.0,14.75,0.72,-3.69,-8.56,0.9,4.63,-0.77,0.36,14.352,11.625,5.052,7.887,17.17,-11.58,8.04,18.64,-0.002,-0.0,0.006,-0.41,-0.11,-80.3065444,26.9186106,280.85
-14.9,3.9,0.0,14.75,-0.08,-1.88,-8.06,-1.59,-0.4,-0.85,0.43,17.462,9.79,8.711,8.937,20.01,4.22,19.03,7.06,-0.004,-0.001,0.005,-0.31,-0.08,-80.3065388,26.9186149,280.9
-14.5,3.8,0.0,14.75,-0.25,-0.37,-7.7,2.61,-4.81,-0.85,0.28,9.555,12.576,12.194,11.085,10.01,18.05,18.15,-0.49,-0.004,0.0,0.004,-0.05,-0.01,-80.3065331,26.9186192,280.95
-10.6,3.7,0.0,14.74,0.08,-1.99,-6.26,-0.02,-2.33,-0.73,0.14,5.964,12.822,11.664,8.947,8.83,15.4,18.93,44.05,-0.002,0.001,0.006,-0.16,-0.04,-80.3065274,26.9186234,281.0
-10.3,3.7,0.0,14.7,-0.51,-1.77,-4.56,2.19,1.4,-0.55,0.09,5.297,9.015,10.968,11.576,8.73,8.14,14.13,26.78,-0.0,0.002,0.001,-0.18,-0.05,-80.3065217,26.9186276,281.05
-7.2,3.7,0.0,14.67,-0.62,-2.19,-4.24,2.09,5.78,-0.45,0.33,5.896,11.311,9.663,7.809,7.36,10.69,9.61,5.69,-0.002,0.0,0.001,-0.24,-0.06,-80.3065159,26.9186318,281.1
-6.7,3.8,0.0,14.71,0.68,-0.49,-3.09,-1.72,2.78,-0.5,0.52,10.34,13.067,6.229,3.649,0.88,27.27,17.76,10.79,-0.003,-0.001,0.003,-0.05,-0.01,-80.3065102,26.9186359,281.15
-8.1,3.8,0.0,14.71,-0.58,-0.58,-2.78,-0.17,-2.08,-0.43,0.42,12.282,10.202,7.416,5.651,6.47,23.64,8.14,14.72,-0.003,-0.0,0.004,0.01,0.0,-80.3065044,26.91864,281.2
-4.5,3.7,0.0,14.7,-0.25,-0.81,-3.21,-0.04,-5.1,-0.26,0.17,9.663,10.006,9.241,12.979,5.89,0.1,4.12,12.56,-0.002,-0.001,0.003,-0.06,-0.02,-80.3064986,26.9186442,281.25
-5.4,3.5,0.0,14.67,-0.15,-0.02,-2.77,-0.26,-0.73,-0.35,0.06,9.516,10.33,10.487,12.076,15.89,4.12,20.21,10.4,-0.0,0.001,0.001,-0.11,-0.03,-80.3064928,26.9186483,281.3
-5.0,3.4,0.0,14.68,-0.04,-1.25,-2.22,0.03,3.29,-0.45,0.17,7.132,10.86,11.654,7.622,12.26,14.52,12.46,9.81,-0.001,0.001,0.001,-0.05,-0.01,-80.306487,26.9186524,281.35
-4.7,3.3,0.0,14.67,-0.46,0.04,-1.68,1.66,4.08,-0.32,0.36,4.385,13.028,11.252,9.055,-2.35,30.8,8.73,4.32,-0.001,0.002,0.003,0.01,0.0,-80.3064812,26.9186565,281.4
-3.2,3.3,0.0,14.66,-0.16,-0.67,-2.34,0.69,4.46,-0.22,0.59,8.554,9.27,7.083,6.102,5.89,14.72,13.24,18.64,-0.001,0.0,0.004,-0.06,-0.02,-80.3064754,26.9186606,281.45
-1.7,3.3,0.0,14.64,-0.19,-0.58,-2.29,-0.26,1.17,-0.25,0.68,14.44,5.15,5.827,9.8,27.17,2.45,4.91,10.69,-0.001,-0.001,0.004,0.06,0.01,-80.3064696,26.9186646,281.5
-0.6,3.2,0.0,14.64,0.23,0.9,-1.06,2.49,-1.18,-0.27,0.67,13.42,9.153,8.064,6.435,9.12,7.46,20.11,-2.94,-0.003,-0.002,0.004,0.16,0.04,-80.3064638,26.9186687,281.55
-1.2,3.0,0.0,14.61,-0.9,-1.46,0.54,4.48,-5.07,-0.11,0.44,9.722,11.488,12.557,9.202,1.28,8.24,15.21,-0.78,-0.003,-0.001,0.003,0.02,0.0,-80.306458,26.9186727,281.6
2.5,2.8,0.0,14.56,-1.11,0.12,0.08,-1.11,-2.12,-0.04,0.25,9.516,11.949,11.566,12.302,7.65,6.97,17.56,15.99,-0.001,-0.001,0.001,0.0,0.0,-80.3064522,26.9186768,281.65
1.2,2.6,0.0,14.52,0.09,2.28,0.1,-2.6,0.7,-0.17,0.23,7.671,9.349,10.212,12.312,13.15,1.57,5.98,15.21,-0.0,0.0,0.001,0.25,0.06,-80.3064464,26.9186808,281.7
2.9,2.5,0.0,14.5,-0.3,-0.53,0.53,0.47,4.53,-0.11,0.43,8.27,12.724,8.054,9.996,12.36,4.91,2.06,16.19,-0.001,-0.001,0.001,0.2,0.05,-80.3064406,26.9186848,281.75
5.7,2.4,0.0,14.46,-1.61,0.15,0.78,-0.8,1.85,-0.12,0.59,9.486,14.087,9.418,8.917,6.38,19.82,18.93,13.34,-0.002,-0.003,0.002,0.22,0.06,-80.3064349,26.9186888,281.8
3.3,2.4,0.0,14.41,-1.0,0.07,1.97,-2.05,0.02,-0.2,0.6,9.614,11.988,6.936,5.778,16.68,17.36,18.74,17.46,-0.003,-0.002,0.004,0.28,0.07,-80.3064292,26.9186929,281.85
6.6,2.4,0.0,14.38,-0.98,-0.39,1.85,1.49,-2.65,-0.07,0.45,12.812,6.975,8.957,9.329,28.94,11.28,27.27,29.72,-0.001,-0.001,0.004,0.22,0.05,-80.3064235,26.9186969,281.9
6.0,2.4,0.0,14.33,-1.42,0.44,1.72,4.54,-2.25,0.05,0.35,8.211,5.768,7.662,9.859,15.5,14.52,23.35,25.41,-0.001,-0.001,0.0,0.24,0.06,-80.3064178,26.9187009,281.95
5.2,2.4,0.0,14.28,-1.65,0.21,1.78,-1.39,2.75,0.05,0.41,12.331,7.985,7.436,6.092,2.55,6.97,10.3,10.2,-0.003,-0.002,-0.001,0.25,0.06,-80.3064121,26.9187049,282.0
7.8,2.4,0.0,14.25,-1.4,0.83,1.7,6.02,0.56,0.2,0.42,11.644,8.397,7.985,9.575,8.53,-2.06,3.83,8.73,-0.002,-0.001,-0.0,0.26,0.06,-80.3064065,26.9187089,282.05
9.6,2.3,0.0,14.19,-1.59,0.61,2.16,2.16,1.64,0.33,0.47,11.252,8.025,8.692,13.028,13.24,17.07,15.7,-10.5,-0.001,-0.001,-0.0,0.23,0.06,-80.3064008,26.9187129,282.1
9.1,2.2,0.0,14.15,-0.74,1.81,3.96,0.39,1.03,0.36,0.55,8.78,11.576,9.996,7.701,-2.26,20.6,23.05,6.57,-0.001,-0.002,0.001,0.28,0.07,-80.3063953,26.9187169,282.15
11.3,2.1,0.0,14.1,-1.1,0.87,4.12,-1.41,3.78,0.33,0.69,10.516,9.349,9.123,5.474,-1.67,11.87,-3.83,17.27,-0.001,-0.002,0.001,0.35,0.09,-80.3063897,26.9187209,282.2
13.3,2.1,0.0,14.09,-0.03,2.31,4.96,0.79,0.44,0.41,0.77,12.439,12.312,2.688,8.152,13.73,11.28,17.27,20.31,-0.001,-0.003,0.003,0.27,0.07,-80.3063842,26.9187249,282.25
14.5,2.1,0.0,14.04,-0.17,4.08,4.15,0.27,-2.72,0.4,0.67,13.557,10.006,10.222,9.839,19.03,4.22,16.78,-9.52,-0.002,-0.004,0.001,0.57,0.14,-80.3063787,26.918729,282.3
15.5,2.1,0.0,13.98,-0.55,0.04,4.81,0.38,-4.83,0.39,0.5,10.722,11.939,5.533,8.976,9.03,11.48,19.13,14.81,-0.002,-0.004,0.001,0.46,0.11,-80.3063732,26.918733,282.35
16.2,2.1,0.0,13.96,-0.41,3.52,5.98,-4.32,-3.53,0.14,0.3,10.448,10.055,11.733,8.731,6.77,13.24,18.84,9.61,-0.001,-0.002,0.001,0.59,0.14,-80.3063679,26.9187371,282.4
20.1,2.1,0.0,13.89,-1.35,2.13,6.11,5.26,-1.61,0.25,0.18,8.868,7.917,9.064,9.339,4.71,10.99,14.42,17.85,-0.001,-0.001,0.0,0.65,0.16,-80.3063625,26.9187411,282.45
22.5,2.1,0.0,13.84,-0.37,2.85,5.91,3.26,1.95,0.43,0.25,11.566,9.261,9.153,10.889,8.04,-2.75,2.26,13.24,-0.001,-0.003,-0.002,0.64,0.15,-80.3063572,26.9187452,282.5
22.6,2.1,0.0,13.81,-0.45,2.14,7.71,-0.45,2.67,0.37,0.37,11.831,11.438,6.896,7.691,1.96,9.42,18.34,0.98,-0.001,-0.003,-0.002,0.54,0.13,-80.3063519,26.9187493,282.55
25.5,2.1,0.0,13.77,-0.82,4.06,8.32,1.12,0.46,0.32,0.39,12.959,9.977,10.84,6.014,-2.84,13.54,23.25,5.1,-0.002,-0.003,0.0,0.78,0.19,-80.3063467,26.9187534,282.6
27.8,2.2,0.0,13.73,-0.46,1.85,9.56,2.45,-0.61,0.59,0.33,10.85,10.124,11.282,10.036,1.67,5.49,25.11,22.56,-0.001,-0.003,0.0,0.66,0.16,-80.3063415,26.9187576,282.65
31.9,2.2,0.0,13.69,-0.4,2.9,10.11,0.86,-0.98,0.66,0.29,13.263,6.406,8.466,9.761,27.37,4.61,8.24,26.88,0.0,-0.003,-0.001,0.66,0.16,-80.3063363,26.9187617,282.7
33.5,2.2,0.0,13.62,-1.51,3.22,10.59,2.22,-1.42,0.75,0.26,14.587,8.535,8.564,10.585,20.99,2.94,16.38,-3.04,-0.0,-0.003,-0.002,0.72,0.17,-80.3063313,26.9187659,282.75
35.0,2.2,0.0,13.57,-1.63,1.42,11.75,6.1,0.17,0.89,0.25,7.877,7.161,6.916,8.672,6.18,8.04,15.99,14.13,0.0,-0.003,-0.003,0.87,0.21,-80.3063263,26.9187701,282.8
36.1,2.2,0.0,13.53,-0.69,4.1,12.53,0.65,1.17,0.86,0.27,11.223,6.739,3.826,7.809,3.24,5.59,7.16,25.8,0.001,-0.004,-0.002,0.86,0.2,-80.3063213,26.9187744,282.85
37.1,2.2,0.0,13.46,-2.06,2.68,13.09,-3.67,0.98,0.7,0.28,8.319,9.987,10.781,11.595,10.79,14.32,-16.58,25.9,0.001,-0.003,-0.002,0.93,0.22,-80.3063164,26.9187787,282.9
36.8,2.2,0.0,13.42,-1.46,3.21,13.85,-0.93,0.52,0.74,0.33,7.485,12.41,11.213,9.437,4.81,18.25,26.98,5.1,0.0,-0.003,-0.002,0.97,0.23,-80.3063116,26.918783,282.95
36.6,2.2,0.0,13.41,-0.25,2.8,14.23,-0.85,1.05,0.79,0.36,5.15,14.99,9.584,5.925,6.28,17.27,16.87,11.77,0.001,-0.004,-0.0,0.91,0.21,-80.3063069,26.9187874,283.0
37.8,2.2,0.0,13.35,-0.93,4.96,13.08,-5.58,-0.46,0.61,0.32,8.721,11.654,10.202,8.466,1.57,14.81,14.81,10.59,-0.0,-0.004,-0.001,1.1,0.26,-80.3063023,26.9187918,283.05
37.4,2.2,0.0,13.29,-0.3,4.58,13.09,2.09,-1.62,0.72,0.24,9.957,10.752,9.163,9.732,8.93,10.01,15.21,1.47,-0.0,-0.004,-0.002,1.12,0.26,-80.3062978,26.9187963,283.1
39.7,2.2,0.0,13.26,-0.22,3.49,14.03,1.37,-1.27,0.76,0.17,10.202,8.594,6.357,9.624,5.89,6.08,12.46,9.71,-0.0,-0.004,-0.002,1.01,0.23,-80.3062933,26.9188007,283.15
41.5,2.2,0.0,13.18,-1.55,2.9,13.8,-0.73,-1.12,0.71,0.1,10.251,7.23,10.565,11.075,-1.57,11.09,13.83,9.81,-0.001,-0.003,-0.002,0.99,0.23,-80.3062889,26.9188052,283.2
41.9,2.2,0.0,13.15,-0.08,3.57,14.99,1.16,-0.99,0.75,0.03,9.859,9.928,11.066,9.918,7.26,15.11,7.16,13.15,-0.0,-0.004,-0.003,1.1,0.25,-80.3062845,26.9188098,283.25
45.8,2.2,0.0,13.14,-0.21,3.02,15.11,0.7,-1.6,0.85,-0.03,8.407,10.997,8.947,10.575,10.99,9.52,7.65,21.97,-0.0,-0.004,-0.003,1.11,0.25,-80.3062802,26.9188145,283.3
47.1,2.2,0.0,13.06,-2.06,4.88,16.05,4.31,-2.68,0.97,-0.13,9.741,8.643,5.396,9.849,9.91,0.59,9.81,16.19,0.0,-0.004,-0.003,1.24,0.28,-80.3062761,26.9188191,283.35
48.0,2.2,0.0,12.98,-1.36,2.98,16.07,2.07,0.67,1.02,-0.16,9.467,7.328,8.339,11.978,9.32,11.67,10.2,20.5,0.001,-0.003,-0.003,1.22,0.28,-80.306272,26.9188237,283.4
48.2,2.2,0.0,12.96,-0.77,4.2,16.36,1.07,-0.05,1.04,-0.14,14.725,7.181,7.534,11.772,9.91,-1.47,8.14,20.7,0.001,-0.005,-0.004,1.24,0.28,-80.306268,26.9188284,283.45
49.5,2.2,0.0,12.9,-1.07,3.64,17.18,2.15,1.54,0.99,-0.09,5.984,7.887,10.82,8.996,3.24,12.65,10.5,18.44,0.002,-0.002,-0.003,1.32,0.3,-80.3062641,26.9188331,283.5
49.3,2.2,0.0,12.87,-0.09,3.8,17.09,-3.19,4.85,1.03,0.1,2.825,7.956,10.232,8.319,3.63,12.36,13.73,14.42,0.003,-0.002,-0.003,1.2,0.27,-80.3062602,26.9188379,283.55
48.3,2.3,0.0,12.83,-0.5,4.83,17.6,0.86,5.79,1.0,0.38,8.898,11.782,5.68,4.738,-7.36,12.75,9.42,9.32,0.001,-0.004,-0.001,1.37,0.31,-80.3062566,26.9188427,283.6
47.4,2.3,0.0,12.77,-1.73,4.61,17.78,-2.28,2.68,0.93,0.48,11.615,9.604,9.143,10.595,10.69,16.68,4.22,-13.44,-0.0,-0.005,-0.003,1.29,0.29,-80.306253,26.9188475,283.65
44.4,2.3,0.0,12.74,-0.17,2.1,16.14,-1.19,-0.35,0.91,0.53,15.49,10.82,1.668,8.976,22.86,-11.48,11.67,31.49,-0.001,-0.008,0.0,1.16,0.26,-80.3062494,26.9188523,283.7
43.0,2.3,0.0,12.72,-0.77,2.54,15.36,-4.89,-6.09,0.68,0.3,9.359,10.919,1.991,8.407,10.59,-8.44,10.79,20.01,-0.001,-0.007,0.001,1.07,0.24,-80.306246,26.9188572,283.75
41.4,2.3,0.0,12.66,-1.03,4.34,13.87,1.51,-7.36,0.61,-0.05,10.104,6.484,10.526,13.695,10.3,8.24,0.49,14.62,-0.0,-0.005,-0.002,1.2,0.27,-80.3062426,26.9188622,283.8
41.6,2.4,0.0,12.62,-0.49,2.41,13.18,2.9,-4.06,0.68,-0.21,11.478,8.064,12.027,11.389,3.24,22.07,9.12,29.23,0.0,-0.004,-0.004,1.2,0.27,-80.3062393,26.9188671,283.85
41.9,2.4,0.0,12.56,-1.47,3.01,14.63,-4.07,2.38,0.62,-0.2,3.384,14.862,15.784,6.69,-6.67,14.22,24.82,-18.64,-0.0,-0.005,-0.008,1.11,0.24,-80.3062361,26.918872,283.9
48.1,2.4,0.0,12.54,-0.84,4.11,14.66,0.3,4.47,0.48,-0.13,4.895,11.988,11.644,6.131,16.09,12.75,13.73,-11.48,0.001,-0.003,-0.005,1.25,0.27,-80.306233,26.918877,283.95
49.4,2.4,0.0,12.48,-1.47,3.08,16.32,0.82,1.71,0.58,-0.02,8.623,6.121,7.877,10.261,18.05,-1.28,15.01,-0.49,0.002,-0.004,-0.003,1.3,0.28,-80.30623,26.918882,284.0
48.8,2.5,0.0,12.44,-0.41,3.66,16.49,6.08,3.73,0.7,0.18,7.367,10.271,3.159,8.172,3.04,-5.69,4.12,32.67,0.001,-0.003,-0.002,1.29,0.28,-80.306227,26.918887,284.05
47.5,2.5,0.0,12.42,-0.17,5.15,16.5,-1.5,2.4,0.7,0.33,9.418,9.957,7.671,9.084,16.38,4.02,3.73,-4.02,0.001,-0.004,-0.004,1.29,0.28,-80.3062242,26.918892,284.1
43.5,2.6,0.0,12.38,-1.58,3.04,16.88,2.1,0.71,0.72,0.41,10.634,12.223,7.701,9.476,7.95,16.87,22.37,3.04,0.0,-0.004,-0.003,1.25,0.27,-80.3062214,26.9188971,284.15
41.6,2.6,0.0,12.33,-1.58,1.89,15.02,-5.19,2.2,0.62,0.46,8.858,12.184,8.24,2.482,4.41,12.85,22.86,7.36,-0.001,-0.004,-0.002,1.25,0.27,-80.3062187,26.9189022,284.2
40.3,2.4,0.0,12.32,-0.49,4.04,13.98,3.02,-2.07,0.73,0.33,8.839,9.369,10.644,8.957,13.44,11.28,-0.69,8.93,-0.0,-0.003,-0.001,1.32,0.28,-80.3062162,26.9189073,284.25
39.2,2.3,0.0,12.31,0.29,4.21,13.74,0.99,-4.23,0.86,0.16,12.037,6.563,8.417,12.4,11.67,8.93,11.58,7.85,-0.0,-0.004,-0.004,1.04,0.22,-80.3062136,26.9189124,284.3
39.0,2.2,0.0,12.28,-0.39,3.05,12.39,1.07,-2.55,0.82,0.02,7.387,8.132,9.888,10.595,13.15,4.61,-2.65,18.34,0.001,-0.003,-0.004,1.07,0.23,-80.3062111,26.9189175,284.35
39.2,2.2,0.0,12.25,-0.74,2.82,12.26,3.97,-0.49,0.88,0.0,10.536,6.789,6.563,10.928,9.91,6.18,5.49,13.64,0.001,-0.002,-0.004,1.11,0.24,-80.3062088,26.9189226,284.4
38.1,2.1,0.0,12.24,0.21,2.51,13.15,-0.17,1.88,0.92,0.07,6.357,11.88,10.703,11.438,7.95,10.01,11.09,13.44,0.001,-0.003,-0.004,1.01,0.22,-80.3062064,26.9189278,284.45
37.4,2.1,0.0,12.21,-0.83,2.86,12.78,-1.1,2.3,0.91,0.17,11.919,9.967,11.115,8.78,2.45,10.3,13.05,5.4,-0.001,-0.004,-0.004,1.06,0.23,-80.3062041,26.9189329,284.5
37.1,2.1,0.0,12.2,-0.08,2.34,12.68,-0.51,0.53,0.95,0.22,12.419,10.281,5.023,7.632,13.24,5.3,12.75,15.6,-0.001,-0.005,-0.002,0.91,0.19,-80.306202,26.9189381,284.55
37.0,2.1,0.0,12.2,0.32,3.49,12.45,0.01,-3.57,0.89,0.06,8.476,8.397,8.77,10.202,10.59,2.26,7.65,5.4,0.0,-0.004,-0.002,1.04,0.22,-80.3061998,26.9189433,284.6
36.9,2.1,0.0,12.18,-0.23,2.4,12.29,1.47,-1.45,0.9,-0.03,8.26,9.928,9.928,9.555,4.81,8.83,13.64,12.36,0.001,-0.003,-0.002,1.01,0.22,-80.3061979,26.9189485,284.65
36.5,2.1,0.0,12.16,-0.49,2.46,12.15,-1.29,1.3,0.9,-0.04,5.984,10.418,12.41,10.173,8.04,21.09,9.71,13.44,0.002,-0.002,-0.003,1.02,0.22,-80.3061959,26.9189537,284.7
33.5,2.1,0.0,12.14,-0.3,2.57,12.08,-0.78,3.83,0.94,0.11,8.152,11.262,9.996,8.584,6.08,10.79,14.32,5.0,0.001,-0.002,-0.003,0.95,0.2,-80.3061939,26.918959,284.75
31.8,2.2,0.0,12.13,0.36,2.5,10.85,0.14,3.86,0.96,0.29,8.486,10.271,7.534,8.662,18.44,15.3,8.34,9.12,0.001,-0.003,-0.003,0.89,0.19,-80.3061921,26.9189642,284.8
28.7,2.2,0.0,12.08,-1.0,2.67,10.37,-0.73,1.48,0.87,0.38,10.644,11.036,10.016,8.525,4.71,14.81,-1.96,16.97,-0.002,-0.004,-0.001,0.94,0.2,-80.3061902,26.9189694,284.85
25.6,2.2,0.0,12.02,-0.56,1.69,8.51,0.6,-0.61,0.95,0.37,11.478,10.389,5.013,6.22,6.28,9.32,13.73,26.88,-0.002,-0.004,-0.0,0.76,0.16,-80.3061885,26.9189746,284.9
23.8,2.3,0.0,11.94,-1.01,1.27,7.07,0.66,-2.79,0.97,0.23,8.986,7.671,8.809,9.261,12.65,5.79,10.4,12.65,-0.002,-0.003,-0.001,0.63,0.13,-80.3061868,26.9189798,284.95
22.4,2.3,0.0,11.85,-1.52,-0.28,6.65,2.26,-0.68,1.1,0.16,8.407,9.143,9.467,10.261,9.32,6.47,12.46,24.43,-0.001,-0.003,-0.001,0.49,0.1,-80.3061851,26.918985,285.0
21.0,2.3,0.0,11.75,-2.16,1.82,6.62,-2.29,2.34,0.98,0.2,12.822,6.406,8.309,9.006,11.97,11.09,8.83,17.17,-0.001,-0.003,-0.002,0.58,0.12,-80.3061835,26.9189902,285.05
19.1,2.4,0.0,11.65,-1.31,1.22,7.14,0.83,2.6,1.03,0.33,7.24,8.996,9.32,9.535,9.81,11.09,10.5,10.69,-0.001,-0.004,-0.001,0.55,0.11,-80.3061819,26.9189953,285.1
19.4,2.4,0.0,11.56,-1.88,1.12,5.7,-0.49,3.27,1.04,0.47,10.83,10.889,8.741,7.132,9.32,9.91,15.7,10.1,-0.002,-0.005,0.001,0.51,0.1,-80.3061803,26.9190003,285.15
19.6,2.4,0.0,11.43,-3.04,1.35,5.46,0.52,1.33,1.08,0.52,6.19,12.733,8.662,7.72,6.47,15.5,6.57,4.91,-0.002,-0.005,0.001,0.5,0.1,-80.3061788,26.9190054,285.2
18.7,2.5,0.0,11.27,-3.88,1.55,5.5,-3.55,0.09,1.0,0.48,4.601,9.251,7.936,6.406,2.94,12.56,6.77,16.38,-0.001,-0.004,0.002,0.52,0.1,-80.3061773,26.9190103,285.25
18.3,2.6,0.0,11.18,-0.75,1.75,5.27,-6.16,0.28,0.83,0.48,10.006,8.034,7.858,8.034,16.28,7.16,6.18,5.59,-0.0,-0.004,0.002,0.54,0.11,-80.3061759,26.9190152,285.3
18.0,2.7,0.0,11.2,0.29,2.13,6.28,-2.33,-2.76,0.59,0.41,11.635,9.123,7.819,9.398,6.57,-1.08,5.59,19.13,-0.002,-0.004,0.002,0.71,0.14,-80.3061745,26.9190202,285.35
18.7,2.7,0.0,11.17,-0.41,1.08,5.73,1.26,-1.24,0.55,0.32,9.437,10.624,10.536,9.545,8.24,4.91,10.79,11.28,-0.001,-0.003,-0.0,0.55,0.11,-80.3061732,26.9190251,285.4
20.3,2.7,0.0,11.12,-1.19,0.73,5.84,-0.39,0.87,0.53,0.34,7.299,10.977,9.682,8.034,9.32,16.78,17.17,7.16,0.0,-0.003,0.0,0.58,0.11,-80.3061719,26.91903,285.45
20.9,2.7,0.0,11.01,-2.14,1.19,5.39,-4.2,2.49,0.41,0.47,8.427,11.752,11.026,8.643,4.12,15.6,18.84,6.18,-0.001,-0.003,0.001,0.59,0.11,-80.3061706,26.9190349,285.5
20.9,2.9,0.0,10.98,-0.5,1.3,5.42,-0.75,0.12,0.33,0.51,10.32,10.997,9.604,8.662,9.61,13.54,6.47,13.24,-0.002,-0.004,0.001,0.73,0.14,-80.3061695,26.9190397,285.55
21.3,2.9,0.0,10.98,-0.55,1.89,6.26,0.65,-2.82,0.39,0.42,13.822,9.614,7.671,7.387,10.01,11.18,16.28,24.23,-0.002,-0.004,0.001,0.75,0.14,-80.3061683,26.9190446,285.6
21.9,3.0,0.0,10.92,-1.26,1.86,6.59,1.57,-3.2,0.45,0.22,11.419,7.544,6.553,9.869,13.93,5.98,8.53,16.19,-0.001,-0.003,-0.0,0.63,0.12,-80.3061671,26.9190494,285.65
21.8,3.1,0.0,10.84,-1.67,1.65,5.2,1.1,-1.69,0.43,0.12,9.643,11.566,9.624,11.105,6.87,9.91,10.1,6.38,-0.002,-0.003,-0.001,0.61,0.12,-80.306166,26.9190542,285.7
21.4,3.2,0.0,10.83,-0.36,1.63,5.7,1.26,-1.5,0.42,0.05,7.269,11.909,11.409,10.075,9.32,10.1,14.32,10.1,-0.002,-0.003,-0.002,0.61,0.12,-80.3061649,26.919059,285.75
21.5,3.3,0.0,10.8,-0.19,0.5,6.61,1.39,-0.55,0.46,0.02,5.327,10.477,10.065,9.113,7.06,10.5,11.28,11.87,-0.001,-0.002,-0.001,0.55,0.1,-80.3061638,26.9190638,285.8
22.2,3.5,0.0,10.75,-1.28,0.76,7.42,-2.34,1.5,0.43,0.07,6.063,8.093,9.977,9.084,8.24,10.99,13.24,11.67,0.0,-0.002,-0.0,0.51,0.09,-80.3061627,26.9190686,285.85
21.9,3.7,0.0,10.69,-1.67,0.5,6.05,-1.53,3.24,0.39,0.19,7.976,9.27,11.448,10.467,8.24,11.09,8.24,16.78,-0.0,-0.003,0.0,0.64,0.12,-80.3061617,26.9190734,285.9
21.0,4.0,0.0,10.67,-0.28,0.63,6.33,-0.05,2.5,0.45,0.31,11.075,10.202,9.202,10.016,6.57,9.71,10.59,7.46,-0.001,-0.004,-0.001,0.66,0.12,-80.3061607,26.9190781,285.95
20.9,4.1,0.0,10.67,-0.13,1.57,6.48,-4.39,1.12,0.32,0.38,13.45,8.721,6.749,8.976,13.24,7.95,8.53,13.54,-0.001,-0.004,0.0,0.67,0.13,-80.3061598,26.9190829,286.0
21.7,4.1,0.0,10.67,0.34,2.29,6.1,2.11,-3.66,0.33,0.29,12.263,8.672,7.181,9.418,13.83,4.61,12.75,11.87,-0.001,-0.004,0.001,0.66,0.12,-80.3061589,26.9190876,286.05
21.9,4.2,0.0,10.67,0.09,1.81,5.5,3.46,-3.51,0.38,0.12,10.781,9.535,7.907,9.163,10.2,8.04,9.42,12.36,-0.001,-0.002,-0.0,0.7,0.13,-80.306158,26.9190924,286.1
20.9,4.3,0.0,10.7,0.6,0.82,5.63,0.52,-1.91,0.47,-0.01,5.68,11.586,10.663,11.154,9.03,16.48,13.34,3.04,0.001,-0.001,-0.003,0.64,0.12,-80.3061571,26.9190972,286.15
19.6,4.5,0.0,10.71,-0.41,2.43,5.97,-3.02,0.74,0.32,-0.02,5.582,7.426,11.831,10.124,9.81,20.99,15.21,10.3,0.001,-0.0,-0.003,0.7,0.13,-80.3061563,26.919102,286.2
19.6,4.9,0.0,10.72,0.21,0.46,6.2,2.75,4.43,0.41,0.16,4.12,13.155,9.82,9.516,5.79,14.32,10.79,9.32,-0.0,-0.001,-0.003,0.62,0.12,-80.3061555,26.9191068,286.25
19.5,5.3,0.0,10.79,2.04,1.24,5.78,2.7,1.37,0.48,0.3,10.32,8.093,6.121,5.906,9.42,11.67,2.65,11.97,-0.001,-0.002,-0.002,0.53,0.1,-80.3061547,26.9191116,286.3
19.5,5.6,0.0,10.88,1.09,-0.09,4.82,1.11,-0.28,0.61,0.29,10.556,6.926,10.036,13.567,10.69,1.18,12.16,10.4,-0.0,-0.003,-0.002,0.4,0.08,-80.3061539,26.9191164,286.35
18.3,5.9,0.0,10.92,1.21,1.57,5.84,-5.63,-0.69,0.39,0.23,10.771,6.671,9.31,8.368,5.98,6.77,7.46,-12.46,-0.0,-0.002,-0.003,0.52,0.1,-80.3061532,26.9191213,286.4
17.6,6.0,0.0,11.04,2.5,1.5,5.35,2.87,-3.58,0.39,0.14,11.331,11.095,11.537,11.115,12.46,10.5,17.36,11.77,0.001,-0.001,-0.001,0.58,0.11,-80.3061524,26.9191262,286.45
16.2,6.0,0.0,11.12,1.27,-0.03,5.09,-0.87,-1.14,0.49,0.01,4.934,12.488,5.062,5.435,5.98,13.34,4.51,5.3,0.001,-0.001,-0.002,0.43,0.08,-80.3061517,26.9191313,286.5
15.4,6.1,0.0,11.2,1.16,-0.01,4.72,-1.53,0.62,0.53,0.01,3.836,8.172,9.359,8.731,9.71,11.48,12.56,12.36,0.002,0.0,-0.003,0.33,0.07,-80.306151,26.9191363,286.55
14.0,6.1,0.0,11.31,1.9,1.52,3.99,-0.59,2.04,0.47,0.12,11.34,4.974,11.242,12.478,8.73,10.3,12.07,15.3,0.002,0.001,-0.003,0.48,0.1,-80.3061504,26.9191413,286.6
11.7,6.1,0.0,11.41,1.68,1.69,3.61,-0.85,3.07,0.43,0.28,11.488,9.947,7.436,7.465,8.04,8.83,13.34,9.12,0.002,0.0,-0.003,0.49,0.1,-80.3061497,26.9191464,286.65
11.1,6.1,0.0,11.52,2.24,0.53,3.26,-0.5,3.22,0.35,0.43,6.563,11.154,4.699,5.69,11.38,7.75,9.32,5.98,0.001,-0.001,-0.003,0.4,0.08,-80.306149,26.9191515,286.7
10.4,6.1,0.0,11.64,2.6,0.02,3.31,-0.19,0.59,0.34,0.51,10.193,8.25,2.835,4.777,15.79,12.65,7.65,9.42,0.0,-0.002,-0.001,0.29,0.06,-80.3061484,26.9191567,286.75
9.5,6.1,0.0,11.75,2.05,1.13,3.08,-0.7,-3.82,0.31,0.4,9.221,13.606,7.77,8.466,10.69,21.58,7.06,11.38,-0.0,-0.002,-0.0,0.33,0.07,-80.3061477,26.919162,286.8
8.1,6.0,0.0,11.83,1.9,0.16,2.84,0.23,-4.21,0.32,0.2,6.494,8.849,8.711,8.751,-1.67,14.72,10.79,11.48,-0.0,-0.001,-0.002,0.19,0.04,-80.3061471,26.9191673,286.85
6.5,5.9,0.0,11.96,2.97,0.99,2.23,-3.63,-3.56,0.28,-0.03,7.142,10.34,11.762,11.792,7.46,7.55,20.9,7.16,0.002,-0.0,-0.003,0.2,0.04,-80.3061465,26.9191727,286.9
5.6,5.6,0.0,12.02,1.08,-0.38,1.85,-0.96,0.23,0.22,-0.08,7.495,8.613,8.643,9.81,11.58,7.06,14.52,10.5,0.002,0.0,-0.003,0.18,0.04,-80.3061459,26.9191781,286.95
4.7,5.5,0.0,12.12,1.84,0.92,1.17,-1.52,2.52,0.13,0.02,13.508,7.642,6.563,6.739,19.82,8.73,11.67,18.54,0.001,-0.0,-0.004,0.35,0.07,-80.3061453,26.9191835,287.0
3.6,5.3,0.0,12.21,2.22,-0.83,1.71,0.46,0.88,0.12,0.1,9.015,11.085,11.644,10.801,10.89,8.34,-2.35,12.95,-0.001,-0.001,-0.003,0.13,0.03,-80.3061447,26.919189,287.05
3.9,5.2,0.0,12.28,1.2,-0.7,0.61,0.69,-1.15,0.2,0.09,11.527,11.527,5.572,7.25,13.15,8.34,10.59,7.36,-0.0,-0.001,-0.003,0.01,0.0,-80.306144,26.9191945,287.1
2.7,4.9,0.0,12.33,1.07,0.53,0.74,-1.23,-2.74,0.08,-0.01,6.985,5.366,10.811,9.192,10.3,10.69,9.81,8.53,0.0,-0.0,-0.001,0.12,0.03,-80.3061434,26.9192,287.15
2.6,4.5,0.0,12.4,1.21,-0.18,0.66,0.79,-0.59,0.15,-0.06,7.966,11.144,8.289,11.772,15.11,6.57,10.2,13.15,0.001,-0.0,-0.002,0.06,0.01,-80.3061428,26.9192055,287.2
2.9,4.2,0.0,12.39,-0.22,0.19,0.82,0.77,1.5,0.14,-0.02,12.037,4.885,8.8,10.448,11.09,0.69,2.55,7.75,-0.001,-0.001,-0.003,0.08,0.02,-80.3061422,26.9192111,287.25
2.4,4.1,0.0,12.42,0.67,0.53,1.48,5.12,1.39,0.29,0.09,8.437,12.851,8.132,7.926,7.55,8.34,14.03,13.54,-0.001,-0.001,-0.002,0.02,0.0,-80.3061416,26.9192167,287.3
2.6,4.0,0.0,12.42,0.27,-1.1,0.87,-6.7,1.21,0.17,0.14,9.535,6.573,6.533,8.388,17.76,-1.18,19.33,11.28,0.001,-0.001,-0.001,-0.08,-0.02,-80.306141,26.9192223,287.35
1.8,3.9,0.0,12.41,-1.16,0.93,0.99,2.24,-0.19,0.08,0.16,8.054,7.191,11.125,10.771,9.52,9.61,15.3,8.44,0.001,-0.0,0.0,0.12,0.03,-80.3061404,26.9192278,287.4
2.0,3.9,0.0,12.42,0.24,1.27,1.02,-2.25,4.24,-0.01,0.34,10.742,11.174,10.359,8.652,13.64,9.52,13.54,2.35,0.0,-0.001,0.0,0.22,0.05,-80.3061399,26.9192334,287.45
2.4,3.8,0.0,12.41,-0.3,-1.59,1.5,-0.73,3.45,0.0,0.52,8.849,11.939,7.044,7.868,14.22,12.46,9.81,10.1,-0.001,-0.003,0.002,-0.02,-0.0,-80.3061393,26.919239,287.5
2.3,3.8,0.0,12.4,-0.14,1.16,1.41,-2.2,-1.16,-0.08,0.53,9.015,13.94,7.652,6.121,9.22,10.01,16.38,4.71,-0.002,-0.003,0.002,0.06,0.01,-80.3061387,26.9192446,287.55
2.0,3.8,0.0,12.4,-0.12,-0.14,0.61,-3.08,-3.1,-0.23,0.39,10.575,7.897,6.151,7.573,13.64,7.16,14.62,17.85,-0.002,-0.003,0.002,0.18,0.04,-80.3061381,26.9192502,287.6
2.6,3.8,0.0,12.38,-0.89,0.42,0.34,1.1,-5.55,-0.2,0.12,9.329,8.486,10.301,10.919,8.63,5.59,11.97,21.78,-0.001,-0.001,0.001,0.24,0.05,-80.3061376,26.9192557,287.65
2.3,3.8,0.0,12.38,0.04,0.1,0.56,2.57,-1.45,-0.15,0.02,11.497,7.338,7.907,11.183,10.99,0.69,15.5,17.27,-0.001,-0.001,-0.002,0.12,0.03,-80.306137,26.9192613,287.7
2.6,3.8,0.0,12.35,-0.46,-0.89,1.14,-1.03,3.4,-0.18,0.12,8.486,8.064,10.536,9.006,14.72,9.71,17.07,9.91,-0.001,-0.0,-0.002,-0.04,-0.01,-80.3061365,26.9192669,287.75
2.9,3.8,0.0,12.36,-0.14,0.9,0.76,2.61,2.59,-0.06,0.27,8.79,13.538,8.613,8.927,13.44,10.69,15.3,8.53,-0.002,-0.001,-0.001,0.11,0.02,-80.306136,26.9192724,287.8
2.5,3.8,0.0,12.37,0.41,-0.02,1.45,-1.61,0.71,-0.03,0.33,11.419,10.173,6.612,8.172,11.58,6.67,14.62,3.53,-0.002,-0.003,-0.001,0.08,0.02,-80.3061354,26.919278,287.85
2.6,3.8,0.0,12.37,-0.02,1.04,1.1,0.14,-2.93,-0.02,0.2,8.692,10.546,10.31,10.065,12.75,9.12,14.22,-0.69,-0.002,-0.002,-0.001,0.1,0.02,-80.3061349,26.9192836,287.9
2.9,3.8,0.0,12.34,-0.52,0.2,1.0,4.41,-2.28,0.04,0.11,9.781,6.72,9.27,8.25,7.95,9.71,11.48,16.38,-0.001,-0.001,0.0,0.11,0.02,-80.3061344,26.9192891,287.95
2.9,3.7,0.0,12.34,-0.22,-0.25,1.47,1.22,0.14,0.19,0.08,6.21,13.185,9.898,8.917,6.28,13.24,14.13,15.79,-0.001,-0.001,-0.0,0.05,0.01,-80.3061338,26.9192947,288.0
2.9,3.7,0.0,12.31,-0.57,1.48,1.69,-2.13,0.7,0.16,0.08,10.722,9.771,11.527,10.605,11.18,9.32,16.58,6.28,-0.001,-0.002,-0.002,0.1,0.02,-80.3061333,26.9193003,288.05
2.3,3.7,0.0,12.31,0.35,0.01,1.29,0.74,1.99,0.08,0.18,7.926,8.427,9.516,6.867,8.63,7.26,11.77,9.03,-0.001,-0.001,-0.001,0.12,0.03,-80.3061328,26.9193058,288.1
2.5,3.7,0.0,12.3,-0.31,0.26,1.14,0.51,1.1,0.12,0.23,9.967,11.046,7.642,7.161,8.14,12.85,9.91,16.58,-0.001,-0.001,0.0,0.18,0.04,-80.3061323,26.9193113,288.15
2.3,3.7,0.0,12.29,-0.52,0.21,1.33,-0.17,-0.12,0.16,0.23,8.309,11.301,8.888,9.143,9.32,8.83,11.58,11.58,-0.001,-0.002,0.0,0.02,0.0,-80.3061318,26.9193169,288.2
1.7,3.7,0.0,12.32,1.11,1.22,0.93,-2.27,-0.08,0.01,0.22,10.281,10.614,11.223,9.8,8.44,14.81,12.07,10.99,-0.001,-0.001,-0.0,0.11,0.02,-80.3061313,26.9193224,288.25
2.3,3.7,0.0,12.32,-0.01,0.12,0.65,0.55,0.13,0.07,0.25,12.606,9.535,7.966,8.26,11.18,9.03,10.01,5.1,-0.002,-0.003,0.0,0.23,0.05,-80.3061308,26.919328,288.3
1.8,3.7,0.0,12.31,-0.02,0.82,1.0,2.02,-3.79,0.1,0.11,9.643,11.723,6.681,10.055,13.15,17.07,6.67,17.17,-0.002,-0.003,0.001,0.13,0.03,-80.3061304,26.9193335,288.35
1.8,3.7,0.0,12.27,-1.21,0.3,1.19,-4.92,-2.58,-0.08,-0.05,11.909,7.328,10.251,11.282,8.83,8.34,8.04,12.36,-0.002,-0.002,-0.0,0.11,0.02,-80.3061299,26.9193391,288.4
2.0,3.7,0.0,12.24,-0.72,0.22,0.65,1.36,-3.49,-0.02,-0.19,10.359,10.968,10.359,8.005,11.77,5.69,12.85,12.65,-0.002,-0.003,0.0,0.12,0.02,-80.3061294,26.9193446,288.45
2.0,3.7,0.0,12.23,0.2,-0.33,0.88,4.6,-2.73,0.06,-0.32,8.652,7.652,9.653,13.705,11.87,9.32,8.24,15.5,-0.001,-0.001,-0.001,0.05,0.01,-80.3061291,26.919349,288.5
1.8,3.7,0.0,12.21,-0.46,-0.93,1.03,-3.17,1.41,0.1,-0.29,9.418,9.839,7.485,8.289,8.53,18.74,17.56,18.84,-0.002,-0.001,-0.003,-0.06,-0.01,-80.3061285,26.9193557,288.55
1.4,3.7,0.0,12.22,0.17,1.54,0.52,0.98,-1.22,0.11,-0.32,9.506,11.86,9.663,10.104,17.07,10.59,13.54,8.73,-0.002,-0.001,-0.002,0.19,0.04,-80.3061281,26.9193612,288.6
1.0,3.7,0.0,12.22,-0.31,-0.49,0.52,2.6,0.58,0.17,-0.3,8.172,7.044,9.261,9.712,9.81,13.54,11.77,6.77,-0.001,-0.001,-0.002,0.03,0.01,-80.3061276,26.9193667,288.65
0.9,3.7,0.0,12.21,0.29,-0.62,0.69,0.0,1.25,0.19,-0.22,9.32,10.134,7.23,7.053,12.16,5.2,16.38,16.09,-0.0,-0.001,0.001,-0.07,-0.01,-80.3061272,26.9193722,288.7
0.7,3.7,0.0,12.18,-0.78,0.57,0.33,2.94,1.58,0.19,-0.18,8.437,4.944,9.408,10.212,7.85,7.65,9.32,21.78,0.0,0.0,0.001,0.05,0.01,-80.3061268,26.9193777,288.75
-0.1,3.7,0.0,12.17,-0.48,0.68,0.53,0.09,4.12,0.25,0.02,11.537,11.586,8.947,7.848,9.71,15.11,16.48,9.91,-0.0,-0.001,-0.0,-0.0,-0.0,-80.3061263,26.9193832,288.8
-1.2,3.7,0.0,12.16,-0.81,-0.85,0.07,-2.77,4.24,0.23,0.2,10.359,7.524,8.211,7.456,15.11,4.02,12.95,17.56,-0.0,-0.001,0.001,-0.1,-0.02,-80.3061259,26.9193887,288.85
-1.5,3.7,0.0,12.17,0.51,1.5,-0.53,4.84,1.38,0.32,0.32,8.074,13.724,5.484,7.397,-6.08,4.91,11.87,8.24,-0.002,-0.002,0.001,0.01,0.0,-80.3061254,26.9193942,288.9
-2.4,3.7,0.0,12.17,0.16,-0.44,-0.12,-1.66,1.01,0.18,0.35,11.811,8.27,7.907,7.21,1.08,8.14,8.04,10.01,-0.002,-0.002,0.001,-0.01,-0.0,-80.306125,26.9193997,288.95
-2.5,3.7,0.0,12.14,-0.53,0.35,-0.48,0.15,-1.9,0.18,0.24,10.369,13.92,10.526,9.81,11.87,14.72,11.38,14.13,-0.002,-0.003,0.001,0.0,0.0,-80.3061246,26.9194051,289.0
-2.5,3.7,0.0,12.13,-0.5,-0.18,-1.0,1.17,-4.74,0.19,0.08,10.379,8.711,8.937,9.977,8.14,15.79,12.85,0.59,-0.002,-0.002,0.001,-0.08,-0.02,-80.3061241,26.9194106,289.05
-4.0,3.7,0.0,12.14,0.08,0.67,-0.27,-0.87,-2.32,0.2,-0.09,8.123,9.633,12.282,10.094,4.12,11.28,-10.69,9.91,-0.001,-0.001,0.0,-0.08,-0.02,-80.3061236,26.9194161,289.1
-3.4,3.7,0.0,12.11,-0.22,0.58,-1.75,-0.56,-0.26,0.23,-0.13,11.497,5.307,9.153,11.507,10.1,4.61,0.98,12.36,-0.001,-0.001,-0.001,-0.07,-0.01,-80.3061232,26.9194216,289.15
-4.0,3.7,0.0,12.1,-0.19,0.0,-1.99,-0.18,0.29,0.11,-0.11,9.015,8.751,9.27,11.546,13.44,9.61,4.41,18.84,-0.001,-0.001,-0.0,-0.11,-0.02,-80.3061227,26.919427,289.2
-4.0,3.7,0.0,12.09,0.16,-0.85,-1.69,0.35,2.85,0.13,0.02,11.811,7.985,6.377,10.614,14.42,16.78,6.77,14.03,-0.001,-0.0,0.0,-0.11,-0.02,-80.3061222,26.9194325,289.25
-4.1,3.7,0.0,12.07,-0.92,-0.31,-1.31,-2.27,1.19,0.1,0.12,6.995,12.979,9.457,6.789,-1.08,16.68,9.32,4.22,-0.003,-0.002,0.001,-0.19,-0.04,-80.3061217,26.9194379,289.3
-3.6,3.7,0.0,12.1,0.3,0.52,-1.04,3.25,-1.23,0.21,0.06,10.438,9.643,8.486,8.466,9.52,10.69,11.97,0.98,-0.002,-0.002,0.001,-0.15,-0.03,-80.3061212,26.9194434,289.35
-3.5,3.7,0.0,12.09,0.3,-0.62,-1.27,-2.38,-1.37,0.21,-0.03,7.554,10.389,8.289,8.584,14.42,7.46,17.56,9.91,-0.001,-0.001,-0.0,-0.2,-0.04,-80.3061207,26.9194488,289.4
-3.2,3.7,0.0,12.07,-0.63,-0.15,-1.05,0.52,-0.69,0.14,-0.06,12.596,5.817,8.191,9.614,13.15,8.24,12.07,23.54,-0.001,-0.001,0.001,-0.12,-0.03,-80.3061202,26.9194543,289.45
-3.1,3.7,0.0,12.04,-0.66,0.43,-1.2,2.5,-0.07,0.25,-0.04,9.682,9.957,9.761,11.762,7.65,9.71,0.69,12.46,-0.001,-0.001,-0.001,-0.02,-0.0,-80.3061197,26.9194597,289.5
-2.0,3.7,0.0,12.04,-0.56,-1.3,-0.71,-2.06,1.78,0.25,0.05,9.555,10.713,9.624,10.968,12.75,13.44,12.16,8.73,-0.001,-0.002,-0.0,-0.27,-0.06,-80.3061192,26.9194652,289.55
-2.2,3.7,0.0,12.04,-0.01,1.19,-0.54,-1.44,-0.29,0.17,0.08,9.83,12.527,9.624,6.514,9.32,16.48,16.68,10.01,-0.002,-0.002,0.0,-0.02,-0.0,-80.3061187,26.9194706,289.6
-1.9,3.7,0.0,12.02,-0.1,0.21,-0.79,1.21,-1.87,0.18,0.02,11.321,6.563,9.643,8.819,15.3,8.63,15.7,9.42,-0.002,-0.001,0.0,0.03,0.01,-80.3061182,26.919476,289.65
-1.9,3.7,0.0,12.01,0.15,-0.52,-0.49,1.81,-0.95,0.29,-0.05,7.171,11.38,9.27,9.849,9.03,9.61,2.26,14.32,-0.001,-0.001,0.0,-0.09,-0.02,-80.3061177,26.9194814,289.7
-2.5,3.7,0.0,12.0,-0.6,0.58,-0.62,-3.4,0.83,0.22,-0.03,9.653,6.17,9.633,8.172,-3.04,7.26,14.62,12.75,-0.002,-0.001,-0.0,-0.05,-0.01,-80.3061172,26.9194868,289.75
-2.2,3.7,0.0,11.98,0.2,1.62,-1.59,0.08,1.8,0.18,0.02,9.849,12.469,10.467,10.183,11.38,5.3,10.59,12.95,-0.001,-0.001,-0.0,0.04,0.01,-80.3061166,26.9194923,289.8
-1.5,3.7,0.0,12.01,1.29,-1.1,-0.85,-0.21,1.43,0.21,0.13,13.126,9.712,5.239,9.113,17.56,9.03,15.5,11.87,-0.001,-0.002,0.0,-0.02,-0.0,-80.3061161,26.9194977,289.85
-2.0,3.7,0.0,12.02,-0.09,-0.18,-0.62,0.88,-1.18,0.22,0.11,12.292,12.272,8.132,8.339,9.81,13.44,9.42,12.07,-0.002,-0.002,0.001,-0.06,-0.01,-80.3061156,26.9195031,289.9
-1.6,3.7,0.0,12.01,-0.83,-0.26,-0.36,-2.55,-2.24,0.16,-0.01,8.858,5.896,10.977,9.035,7.55,9.71,7.26,6.77,-0.001,-0.002,0.0,-0.17,-0.04,-80.3061151,26.9195085,289.95
-2.1,3.7,0.0,11.99,-0.42,0.43,0.22,0.24,-0.55,0.24,-0.08,6.779,11.9,10.408,8.8,1.86,15.7,17.76,2.55,-0.002,-0.001,0.0,-0.04,-0.01,-80.3061146,26.9195139,290.0
-1.9,3.7,0.0,11.97,-0.77,-0.7,-1.06,-3.2,1.19,0.2,-0.1,6.445,11.497,11.213,7.76,4.22,8.73,21.97,5.89,-0.001,-0.001,0.0,-0.05,-0.01,-80.306114,26.9195193,290.05
-1.8,3.7,0.0,11.95,0.08,0.06,-0.95,5.03,0.98,0.29,-0.07,12.851,10.85,9.447,10.82,7.46,7.26,11.77,16.87,-0.001,-0.002,-0.0,0.0,0.0,-80.3061135,26.9195247,290.1
-2.0,3.7,0.0,11.95,0.41,-0.6,-0.27,-4.49,1.33,0.14,-0.0,7.671,8.8,11.458,8.78,10.79,9.32,5.1,15.01,-0.001,-0.001,-0.001,-0.06,-0.01,-80.306113,26.9195301,290.15
-1.6,3.7,0.0,11.96,0.23,-0.94,-1.13,-0.51,0.75,0.16,0.07,13.185,10.673,6.818,8.898,17.66,4.91,8.14,16.97,-0.001,-0.002,-0.0,-0.07,-0.02,-80.3061124,26.9195355,290.2
-1.3,3.6,0.0,11.97,-0.73,-1.26,-0.82,1.76,-1.44,0.21,0.06,8.79,7.691,8.152,9.594,10.5,3.04,1.28,15.21,-0.002,-0.002,0.0,-0.12,-0.03,-80.3061119,26.9195409,290.25
-1.6,3.7,0.0,11.97,-0.14,-0.18,-0.46,-0.04,-1.71,0.18,-0.03,10.948,7.809,9.781,11.282,9.71,4.41,5.2,17.17,-0.001,-0.001,-0.0,-0.04,-0.01,-80.3061113,26.9195463,290.3
-1.6,3.7,0.0,11.95,0.09,-0.07,-0.33,-0.0,-0.74,0.17,-0.03,9.064,11.282,9.182,9.388,11.87,10.69,11.38,9.32,-0.001,-0.001,-0.0,-0.08,-0.02,-80.3061107,26.9195517,290.35
-1.6,3.7,0.0,11.91,-0.67,-0.29,-0.53,1.21,-0.09,0.17,-0.03,10.114,7.034,10.526,9.006,6.87,11.09,16.28,6.47,-0.001,-0.001,0.001,-0.02,-0.0,-80.3061102,26.919557,290.4
-1.8,3.7,0.0,11.91,-0.15,0.6,-0.45,0.23,2.42,0.18,0.03,7.269,11.88,9.084,9.457,14.42,10.4,13.54,0.98,-0.001,-0.001,-0.0,0.0,0.0,-80.3061096,26.9195624,290.45
-1.5,3.7,0.0,11.9,0.29,-0.41,-0.75,-0.11,1.72,0.15,0.12,12.586,5.611,6.416,10.477,20.01,8.34,7.36,16.19,-0.001,-0.001,0.001,-0.13,-0.03,-80.3061091,26.9195677,290.5
-1.2,3.7,0.0,11.93,0.07,0.92,-0.61,0.42,-1.1,0.16,0.13,11.429,10.251,9.535,9.163,10.5,12.46,12.65,15.6,-0.002,-0.002,0.0,0.04,0.01,-80.3061085,26.9195731,290.55
-1.4,3.7,0.0,11.92,-0.86,-0.7,0.05,0.35,-0.92,0.19,0.08,9.369,7.083,9.251,9.359,12.26,13.05,11.28,15.21,-0.002,-0.001,0.0,-0.06,-0.01,-80.3061079,26.9195785,290.6
-1.5,3.7,0.0,11.92,0.04,0.17,0.06,-0.95,-1.57,0.17,0.02,8.25,12.635,8.466,7.416,5.4,12.46,20.31,10.1,-0.002,-0.001,0.0,-0.04,-0.01,-80.3061074,26.9195839,290.65
-1.6,3.6,0.0,11.9,-0.32,-0.32,-0.07,-0.7,-0.45,0.18,-0.07,5.994,9.3,9.555,8.662,10.3,7.65,21.19,10.99,-0.001,-0.001,0.0,-0.06,-0.01,-80.3061068,26.9195892,290.7
-1.2,3.7,0.0,11.87,-1.3,0.28,-1.03,2.15,1.13,0.21,-0.06,8.966,7.475,7.632,9.369,6.87,4.71,9.91,11.87,-0.001,-0.001,0.0,0.04,0.01,-80.3061062,26.9195946,290.75
-1.2,3.7,0.0,11.86,0.1,0.03,0.09,-2.21,2.92,0.17,0.08,8.476,10.938,7.858,6.72,5.1,7.46,12.16,10.69,-0.001,-0.001,0.0,-0.07,-0.01,-80.3061057,26.9195999,290.8
-0.7,3.7,0.0,11.85,-0.3,0.34,-0.07,-0.29,0.85,0.17,0.13,13.616,9.771,8.113,10.173,18.05,9.42,6.87,10.69,-0.002,-0.002,0.001,-0.01,-0.0,-80.3061051,26.9196053,290.85
-0.6,3.7,0.0,11.84,-0.43,0.3,-0.02,1.81,-1.34,0.22,0.12,10.428,13.999,8.809,9.957,13.73,14.62,12.16,10.1,-0.002,-0.002,0.0,-0.0,-0.0,-80.3061045,26.9196106,290.9
-0.9,3.7,0.0,11.83,-0.02,0.23,-0.52,0.63,-2.45,0.19,0.02,10.045,7.289,8.731,9.437,11.38,9.22,6.57,12.07,-0.002,-0.001,0.0,0.02,0.0,-80.306104,26.919616,290.95
-0.9,3.7,0.0,11.85,0.46,0.07,-0.19,0.17,-2.23,0.24,-0.06,7.809,10.134,10.507,9.83,9.91,11.38,17.95,7.06,-0.001,-0.001,0.0,-0.03,-0.01,-80.3061034,26.9196213,291.0
-1.0,3.7,0.0,11.82,-0.92,-0.78,0.07,1.85,1.17,0.28,-0.07,6.455,7.24,11.036,8.495,3.83,13.05,17.36,16.87,-0.0,0.0,-0.0,-0.01,-0.0,-80.3061028,26.9196267,291.05
-0.7,3.7,0.0,11.8,-0.38,0.71,-0.25,0.37,2.94,0.3,0.05,11.605,10.644,9.398,8.476,14.32,9.61,12.07,14.62,-0.001,-0.001,-0.0,0.04,0.01,-80.3061023,26.919632,291.1
-0.8,3.7,0.0,11.81,-0.09,-0.42,-0.17,0.42,2.25,0.3,0.2,9.29,12.567,7.926,7.514,11.87,17.07,8.44,13.24,-0.002,-0.002,0.001,-0.0,-0.0,-80.3061017,26.9196373,291.15
-0.8,3.7,0.0,11.81,-0.36,-0.01,-0.12,-1.29,-0.31,0.27,0.2,12.096,10.987,8.466,8.986,5.4,17.56,8.63,11.87,-0.002,-0.002,0.001,0.07,0.02,-80.3061011,26.9196427,291.2
-1.0,3.7,0.0,11.79,-0.42,0.16,-0.2,-0.47,-1.68,0.31,0.12,8.79,10.418,6.965,8.77,10.1,12.36,5.0,10.79,-0.001,-0.002,0.001,0.01,0.0,-80.3061006,26.919648,291.25
-1.2,3.7,0.0,11.8,-0.05,0.37,-0.22,-0.17,-1.9,0.24,0.03,10.183,6.955,9.81,9.888,10.2,11.28,12.16,21.78,-0.001,-0.001,0.001,0.01,0.0,-80.3061,26.9196533,291.3
-1.2,3.7,0.0,11.79,0.24,1.01,-0.49,-1.8,-0.01,0.24,0.01,9.516,11.252,11.115,9.928,10.69,10.89,12.75,14.62,-0.001,-0.001,-0.0,0.02,0.0,-80.3060994,26.9196586,291.35
-0.8,3.6,0.0,11.75,-1.04,-0.96,-0.59,0.6,0.89,0.28,0.04,8.064,8.025,9.702,9.732,9.12,8.73,7.06,15.7,-0.001,-0.001,-0.0,-0.06,-0.01,-80.3060989,26.9196639,291.4
-0.7,3.7,0.0,11.75,-0.55,0.58,-0.35,-0.77,1.89,0.24,0.15,12.027,10.497,7.505,7.25,7.36,15.7,10.89,5.4,-0.001,-0.001,0.0,0.07,0.01,-80.3060983,26.9196692,291.45
-0.8,3.7,0.0,11.77,0.19,0.49,-0.04,-1.45,-0.62,0.2,0.13,6.141,11.488,8.711,8.446,11.87,13.24,13.73,13.44,-0.001,-0.001,0.001,0.07,0.01,-80.3060977,26.9196745,291.5
-0.7,3.7,0.0,11.77,0.14,-0.44,0.03,0.7,-0.41,0.21,0.08,10.418,8.741,9.359,9.202,5.4,10.3,15.99,15.01,-0.002,-0.001,0.0,0.04,0.01,-80.3060971,26.9196798,291.55
-0.7,3.7,0.0,11.76,0.18,0.59,-0.14,1.1,-0.92,0.26,0.05,10.958,11.164,7.74,7.995,9.52,6.87,12.07,12.07,-0.001,-0.002,0.0,0.02,0.0,-80.3060965,26.9196852,291.6
-0.6,3.7,0.0,11.75,0.01,-0.11,-0.09,0.14,-1.42,0.2,-0.0,8.28,6.386,8.868,8.868,13.83,5.98,10.5,13.05,-0.001,-0.001,0.001,-0.03,-0.01,-80.306096,26.9196905,291.65
-0.6,3.7,0.0,11.75,0.49,-0.13,-0.08,0.61,0.6,0.25,0.01,9.359,10.359,8.005,8.231,6.87,11.28,10.5,7.65,-0.001,-0.001,-0.0,0.03,0.01,-80.3060954,26.9196958,291.7
-0.7,3.7,0.0,11.75,-0.19,-0.15,-0.34,-1.98,0.92,0.21,0.03,7.877,10.261,10.202,9.3,10.4,10.3,8.24,9.81,-0.001,-0.001,-0.0,-0.03,-0.01,-80.3060948,26.9197011,291.75
-0.5,3.7,0.0,11.72,-1.05,-0.4,-0.1,0.34,2.32,0.24,0.11,10.075,9.535,8.545,9.261,11.38,15.5,8.73,7.36,-0.001,-0.001,-0.0,-0.04,-0.01,-80.3060942,26.9197064,291.8
-0.6,3.7,0.0,11.73,-0.22,0.77,0.33,-1.08,-0.4,0.21,0.14,10.114,13.194,7.142,7.456,9.61,12.16,10.3,12.36,-0.002,-0.003,0.001,0.01,0.0,-80.3060936,26.9197116,291.85
-0.6,3.7,0.0,11.73,0.09,-0.43,0.51,-0.52,-1.74,0.15,0.05,8.378,8.976,9.32,9.045,9.71,9.81,13.44,12.95,-0.002,-0.002,0.001,-0.03,-0.01,-80.306093,26.9197169,291.9
-0.4,3.7,0.0,11.73,0.28,0.01,-0.12,1.95,-1.35,0.21,-0.06,9.349,10.242,10.085,9.447,8.63,13.64,14.91,10.4,-0.001,-0.001,0.0,0.08,0.02,-80.3060925,26.9197222,291.95
-0.6,3.7,0.0,11.73,-0.44,-0.14,-0.25,0.36,-0.85,0.23,-0.1,7.799,9.378,9.545,9.329,11.87,9.12,14.52,14.32,-0.0,-0.001,0.001,-0.09,-0.02,-80.3060919,26.9197275,292.0
-0.1,3.7,0.0,11.72,-0.19,-0.27,-0.03,0.24,1.29,0.21,-0.06,8.26,7.397,8.456,11.448,12.65,8.04,10.5,4.61,-0.0,-0.001,-0.001,-0.04,-0.01,-80.3060913,26.9197328,292.05
-0.4,3.7,0.0,11.71,-0.04,0.97,-0.19,-2.35,1.86,0.06,0.04,10.869,9.231,9.653,7.868,10.3,8.83,10.89,13.73,-0.001,-0.001,0.0,0.1,0.02,-80.3060907,26.9197381,292.1
0.4,3.7,0.0,11.69,-0.56,-0.77,-0.01,2.38,1.77,0.19,0.15,9.653,10.457,6.112,8.427,14.13,7.16,11.28,11.77,-0.001,-0.002,0.001,-0.01,-0.0,-80.3060901,26.9197433,292.15
0.8,3.7,0.0,11.69,-0.27,0.78,0.12,0.67,-0.92,0.2,0.13,12.459,9.957,8.074,8.976,9.52,6.97,10.79,14.42,-0.002,-0.002,0.001,0.06,0.01,-80.3060896,26.9197486,292.2
0.3,3.7,0.0,11.69,0.15,0.84,0.57,0.46,-0.61,0.18,0.08,7.181,11.007,9.015,9.545,10.01,10.2,13.34,14.13,-0.001,-0.001,0.0,0.1,0.02,-80.306089,26.9197539,292.25
0.5,3.7,0.0,11.66,-0.08,-0.55,-0.17,1.81,0.38,0.19,0.09,9.182,6.798,8.8,8.986,10.69,6.67,11.97,12.16,-0.001,-0.001,0.0,0.13,0.03,-80.3060884,26.9197592,292.3
0.9,3.7,0.0,11.66,-0.29,-0.24,0.34,2.31,0.57,0.25,0.1,11.213,10.86,9.182,8.839,8.83,10.59,13.24,10.89,-0.001,-0.001,0.0,0.1,0.02,-80.3060878,26.9197644,292.35
0.9,3.7,0.0,11.65,-0.88,0.16,0.47,-1.04,0.86,0.24,0.13,7.407,9.084,9.624,10.997,10.69,8.83,10.4,9.12,-0.001,-0.002,0.0,-0.03,-0.01,-80.3060872,26.9197697,292.4
0.8,3.7,0.0,11.67,0.07,-0.2,0.88,-1.73,0.89,0.14,0.18,9.908,9.27,8.28,7.475,8.53,11.48,10.89,11.38,-0.001,-0.001,0.001,0.19,0.04,-80.3060867,26.9197749,292.45
0.7,3.7,0.0,11.68,0.28,0.45,0.74,1.56,-1.27,0.24,0.14,8.662,12.37,8.849,9.104,6.57,9.71,11.09,7.75,-0.001,-0.002,0.001,0.14,0.03,-80.3060861,26.9197802,292.5
0.8,3.7,0.0,11.66,-0.47,-0.38,0.04,-1.94,-1.25,0.18,0.07,8.103,6.985,10.958,10.193,9.71,5.0,10.01,8.53,-0.001,-0.002,0.001,-0.06,-0.01,-80.3060855,26.9197855,292.55
0.9,3.7,0.0,11.65,-0.19,0.82,-0.07,1.96,-0.67,0.2,0.05,12.125,8.937,7.603,9.006,7.46,5.69,7.65,6.87,-0.001,-0.002,0.0,0.08,0.02,-80.306085,26.9197907,292.6
0.9,3.7,0.0,11.65,0.4,0.82,0.6,-0.74,-0.27,0.1,0.04,8.015,10.31,9.545,9.584,12.65,10.1,10.79,13.83,-0.001,-0.001,0.001,0.12,0.02,-80.3060844,26.919796,292.65
1.1,3.7,0.0,11.64,-0.02,-0.89,0.44,-0.01,0.63,0.14,0.06,9.172,9.006,9.624,10.055,12.07,12.16,8.83,11.28,-0.001,-0.001,0.0,0.02,0.0,-80.3060839,26.9198012,292.7
1.1,3.7,0.0,11.63,-0.13,-0.32,0.65,-1.02,0.64,0.17,0.1,11.409,11.046,9.506,10.173,13.24,6.28,11.28,11.28,-0.001,-0.002,0.0,0.05,0.01,-80.3060833,26.9198065,292.75
1.1,3.7,0.0,11.61,-0.45,-0.17,0.68,-0.62,0.5,0.08,0.14,7.671,9.673,8.966,8.486,11.09,3.73,9.12,9.22,-0.001,-0.002,0.0,-0.01,-0.0,-80.3060828,26.9198117,292.8
1.3,3.7,0.0,11.62,-0.04,0.33,0.46,2.39,-0.62,0.09,0.15,9.81,10.457,6.887,6.936,-6.87,4.81,8.53,10.4,-0.003,-0.002,0.001,0.15,0.03,-80.3060822,26.919817,292.85
1.1,3.7,0.0,11.64,0.54,0.64,0.31,-1.51,-1.68,0.16,0.05,7.76,14.431,10.85,7.936,10.01,13.15,15.21,8.63,-0.001,-0.002,0.001,0.12,0.03,-80.3060817,26.9198222,292.9
1.0,3.7,0.0,11.61,-0.68,-0.6,0.39,0.87,-1.49,0.18,-0.06,6.945,9.987,9.996,11.576,12.75,13.83,8.63,9.81,-0.001,-0.001,-0.0,0.02,0.0,-80.3060811,26.9198275,292.95
0.6,3.7,0.0,11.61,-0.15,1.43,0.48,-2.64,0.07,0.08,-0.05,12.253,7.799,10.497,10.193,8.53,8.24,14.72,14.91,-0.001,-0.0,-0.0,0.09,0.02,-80.3060806,26.9198327,293.0
0.9,3.7,0.0,11.61,0.53,0.36,-0.03,4.85,0.88,0.19,0.02,8.211,11.164,11.144,11.654,5.0,7.65,5.69,6.87,-0.001,-0.001,-0.001,0.12,0.02,-80.3060801,26.9198379,293.05
0.8,3.7,0.0,11.6,0.07,-1.09,0.44,-3.1,3.25,0.16,0.15,7.74,10.84,9.32,7.044,7.75,15.3,19.42,14.13,-0.001,-0.001,-0.0,-0.06,-0.01,-80.3060795,26.9198432,293.1
0.7,3.7,0.0,11.6,0.15,0.25,0.81,-0.65,2.38,0.18,0.24,12.498,12.086,8.132,6.112,16.28,12.75,18.34,10.69,-0.001,-0.002,0.001,0.08,0.02,-80.306079,26.9198484,293.15
0.7,3.7,0.0,11.58,-0.36,0.5,0.3,-0.57,-1.75,0.17,0.21,10.35,10.399,8.123,9.025,14.03,12.16,4.81,16.68,-0.002,-0.002,0.001,0.09,0.02,-80.3060784,26.9198536,293.2
0.8,3.7,0.0,11.6,0.05,-0.07,0.01,-0.88,-2.2,0.18,0.11,9.888,6.592,7.838,10.124,13.64,4.91,3.92,13.73,-0.001,-0.002,0.0,0.08,0.02,-80.3060779,26.9198588,293.25
0.9,3.7,0.0,11.6,0.49,0.27,0.09,0.04,-2.93,0.17,-0.0,10.654,8.868,7.426,10.32,11.97,4.22,10.5,14.03,-0.001,-0.002,0.0,0.11,0.02,-80.3060774,26.9198641,293.3
0.6,3.7,0.0,11.59,-0.52,0.28,0.34,-1.69,-1.29,0.11,-0.07,7.034,12.498,10.438,8.927,5.98,11.09,22.17,4.81,-0.001,-0.001,0.0,0.02,0.0,-80.3060768,26.9198693,293.35
0.9,3.7,0.0,11.57,-0.77,-0.58,0.63,1.43,1.79,0.15,-0.05,10.556,8.515,10.399,8.28,10.69,10.79,19.13,7.95,-0.0,-0.001,-0.0,0.05,0.01,-80.3060763,26.9198745,293.4
0.8,3.7,0.0,11.59,0.6,0.71,0.43,-1.25,2.44,0.1,0.07,9.771,12.086,9.781,8.368,11.18,15.11,15.79,4.61,-0.001,-0.001,-0.0,0.15,0.03,-80.3060758,26.9198798,293.45
0.3,3.7,0.0,11.62,0.32,-0.19,0.38,0.57,1.1,0.11,0.12,6.112,11.331,8.957,9.898,5.79,12.85,10.89,7.36,-0.001,-0.001,-0.0,0.22,0.04,-80.3060752,26.919885,293.5
0.9,3.7,0.0,11.59,-0.12,-0.45,0.13,-1.18,1.13,0.15,0.17,11.115,8.348,7.426,9.849,13.83,8.14,11.77,12.16,-0.001,-0.002,-0.0,0.05,0.01,-80.3060747,26.9198902,293.55
0.7,3.7,0.0,11.59,0.1,0.7,0.11,1.47,-2.19,0.16,0.13,11.389,8.829,8.25,9.31,10.99,7.75,9.32,14.72,-0.001,-0.001,0.0,0.04,0.01,-80.3060742,26.9198954,293.6
0.8,3.7,0.0,11.57,-0.52,-0.27,0.27,-0.13,-0.29,0.14,0.13,8.495,9.261,8.162,7.779,4.61,7.26,10.4,15.5,-0.002,-0.002,0.0,0.0,0.0,-80.3060737,26.9199007,293.65
0.7,3.7,0.0,11.56,-0.6,-0.14,0.22,-0.71,-1.61,0.11,0.04,8.446,8.093,9.839,8.505,1.18,10.59,17.36,11.28,-0.002,-0.001,0.0,0.05,0.01,-80.3060731,26.9199059,293.7
-0.1,3.7,0.0,11.56,0.28,0.55,0.74,-0.85,0.65,0.16,-0.01,7.946,12.056,11.399,8.564,8.34,9.22,16.78,5.2,-0.001,-0.001,-0.001,0.08,0.02,-80.3060726,26.9199111,293.75
0.1,3.6,0.0,11.56,-0.23,-0.97,-0.05,2.95,2.0,0.28,0.04,8.937,9.055,8.476,10.301,13.34,4.81,4.02,11.38,-0.0,-0.001,-0.001,-0.03,-0.01,-80.3060721,26.9199163,293.8
0.3,3.7,0.0,11.57,-0.48,0.6,-0.22,-2.26,0.95,0.16,0.11,11.615,7.789,9.967,11.321,6.28,6.67,-1.57,15.4,-0.001,-0.001,-0.0,0.03,0.01,-80.3060716,26.9199215,293.85
0.2,3.7,0.0,11.55,0.29,0.72,-0.02,-1.15,0.92,0.11,0.17,11.968,11.242,8.849,10.516,20.21,15.4,2.75,7.16,-0.001,-0.001,-0.0,0.01,0.0,-80.306071,26.9199267,293.9
0.5,3.7,0.0,11.56,0.02,-0.49,0.61,2.74,-0.59,0.14,0.21,8.476,11.017,8.525,7.828,8.14,14.91,16.48,5.49,-0.002,-0.002,0.001,0.14,0.03,-80.3060705,26.919932,293.95
1.0,3.7,0.0,11.57,0.16,-0.51,0.4,0.09,-1.42,0.19,0.11,10.369,10.114,8.682,8.898,7.85,7.55,13.93,12.07,-0.002,-0.002,0.001,0.01,0.0,-80.30607,26.9199372,294.0
1.0,3.7,0.0,11.56,-0.48,1.28,0.5,-0.36,-1.73,0.17,-0.01,8.692,9.879,10.987,10.291,9.81,12.36,8.53,10.5,-0.0,-0.001,0.0,0.07,0.01,-80.3060695,26.9199424,294.05
0.6,3.7,0.0,11.55,-0.36,0.12,0.35,-2.01,0.54,0.07,0.0,8.201,9.074,8.937,8.025,7.85,12.26,14.32,17.56,-0.001,-0.001,0.0,0.11,0.02,-80.306069,26.9199476,294.1
0.8,3.7,0.0,11.54,-0.15,0.11,0.25,0.23,2.15,0.08,0.04,10.928,7.338,9.643,11.095,8.34,3.63,5.79,10.99,-0.001,-0.001,0.0,0.09,0.02,-80.3060685,26.9199528,294.15
0.9,3.7,0.0,11.52,-0.27,0.13,0.21,0.54,2.87,0.13,0.17,8.417,12.537,7.407,9.947,13.54,11.38,11.97,20.99,-0.001,-0.001,0.0,0.04,0.01,-80.306068,26.919958,294.2
0.8,3.6,0.0,11.52,-0.27,0.37,0.2,-0.87,0.78,0.1,0.27,11.174,9.594,6.7,7.407,7.26,8.83,12.75,15.3,-0.002,-0.002,0.0,-0.1,-0.02,-80.3060675,26.9199632,294.25
0.8,3.6,0.0,11.52,-0.74,-0.37,-0.05,0.12,-1.6,0.06,0.23,12.743,11.154,7.799,9.82,17.46,10.01,4.02,10.1,-0.002,-0.003,0.0,0.01,0.0,-80.306067,26.9199684,294.3
-0.6,3.7,0.0,11.51,-0.64,1.07,0.26,0.9,-1.46,-0.02,0.16,8.221,13.93,12.125,9.143,7.26,21.09,14.32,4.91,-0.002,-0.001,0.0,0.12,0.02,-80.3060665,26.9199736,294.35
0.2,3.7,0.0,11.52,0.22,-1.05,0.43,1.13,-0.44,0.05,0.12,6.318,13.175,8.829,6.632,11.67,14.03,9.32,17.76,-0.002,-0.002,0.001,0.0,0.0,-80.306066,26.9199788,294.4
0.4,3.8,0.0,11.52,0.23,-0.04,0.07,0.41,-3.49,0.12,-0.06,10.281,7.583,10.801,10.634,10.01,13.44,20.5,12.46,-0.001,-0.001,-0.0,-0.02,-0.0,-80.3060655,26.919984,294.45
-0.1,3.7,0.0,11.5,-0.18,0.71,0.47,-0.85,0.91,0.13,-0.06,8.721,9.722,7.416,10.301,12.85,6.38,9.71,21.09,-0.0,-0.001,-0.001,-0.03,-0.01,-80.306065,26.9199892,294.5
-0.2,3.7,0.0,11.48,-0.46,0.93,-0.19,-1.18,0.51,0.01,0.01,9.133,6.151,6.308,7.004,10.1,5.69,11.18,18.15,-0.001,-0.001,0.0,0.09,0.02,-80.3060645,26.9199944,294.55
-0.2,3.7,0.0,11.48,-0.37,-1.01,-0.09,1.36,1.64,0.08,0.08,7.004,8.937,10.595,10.791,0.2,12.56,11.38,9.22,-0.002,-0.001,-0.0,0.08,0.02,-80.306064,26.9199995,294.6
-0.1,3.7,0.0,11.47,0.09,0.41,-0.02,0.05,1.1,0.14,0.14,12.263,12.567,8.849,9.28,13.93,15.3,8.14,17.46,-0.001,-0.002,-0.0,0.02,0.0,-80.3060635,26.9200047,294.65
-0.2,3.7,0.0,11.46,-0.53,0.16,0.27,-0.52,-0.13,0.07,0.18,8.917,10.173,9.133,9.153,16.68,20.99,9.03,12.07,-0.002,-0.002,0.0,0.02,0.0,-80.306063,26.9200099,294.7
0.2,3.7,0.0,11.46,-0.76,0.28,0.07,0.67,-0.58,0.1,0.16,13.312,7.416,7.828,9.29,10.3,7.36,9.42,11.09,-0.002,-0.002,0.0,0.11,0.02,-80.3060625,26.9200151,294.75
0.2,3.7,0.0,11.47,0.32,0.39,0.25,2.98,-2.04,0.21,0.05,7.779,11.792,8.25,8.76,11.38,8.63,14.62,13.54,-0.001,-0.001,-0.0,0.07,0.01,-80.306062,26.9200202,294.8
-0.6,3.7,0.0,11.47,0.02,-0.27,0.46,-1.17,0.64,0.12,0.03,5.17,11.448,11.272,8.917,7.06,13.73,20.21,15.89,-0.001,-0.0,-0.0,-0.09,-0.02,-80.3060615,26.9200254,294.85
-0.5,3.7,0.0,11.45,0.28,-0.5,-0.02,-0.6,3.07,0.15,0.12,8.594,9.29,8.329,7.485,11.48,14.03,16.68,5.89,-0.001,-0.001,-0.001,-0.03,-0.01,-80.306061,26.9200306,294.9
-0.7,3.7,0.0,11.46,0.17,0.23,-0.43,2.62,0.89,0.23,0.19,11.654,12.243,8.388,7.77,7.85,15.7,13.15,8.24,-0.002,-0.001,0.0,0.0,0.0,-80.3060605,26.9200357,294.95
-1.1,3.6,0.0,11.47,-0.06,0.04,-0.05,-1.05,-0.49,0.22,0.18,7.868,12.155,8.407,8.486,9.12,7.55,13.05,14.32,-0.002,-0.002,-0.0,-0.07,-0.01,-80.30606,26.9200409,295.0
-1.2,3.7,0.0,11.46,0.2,0.31,-0.57,-0.68,-1.81,0.13,0.1,10.281,7.063,7.671,9.329,11.48,5.59,10.3,12.46,-0.001,-0.002,0.0,0.01,0.0,-80.3060595,26.9200461,295.05
-1.7,3.7,0.0,11.45,0.18,0.09,0.33,0.25,-1.53,0.11,0.01,11.115,7.122,9.614,9.673,9.42,5.98,8.93,11.09,-0.001,-0.001,0.001,0.05,0.01,-80.3060591,26.9200512,295.1
-1.6,3.7,0.0,11.43,-0.43,-0.21,-0.32,0.66,-0.1,0.19,-0.02,8.652,11.262,10.556,10.065,14.62,10.4,10.5,14.22,-0.0,-0.001,0.0,-0.07,-0.01,-80.3060586,26.9200564,295.15
-1.5,3.6,0.0,11.42,-0.7,-0.09,-0.51,0.04,1.63,0.17,0.06,8.976,7.976,9.908,10.006,7.06,11.38,10.2,12.75,-0.001,-0.001,0.0,-0.08,-0.02,-80.3060581,26.9200615,295.2
-1.4,3.7,0.0,11.46,-0.17,0.06,-0.8,-3.45,3.13,0.11,0.18,11.399,10.977,8.751,8.545,15.5,10.89,13.73,9.32,-0.001,-0.001,0.0,0.04,0.01,-80.3060576,26.9200667,295.25
-1.6,3.7,0.0,11.44,-0.24,0.92,-0.9,1.7,0.45,0.07,0.23,11.193,11.949,8.378,6.131,12.85,12.36,11.38,11.09,-0.002,-0.001,0.001,0.11,0.02,-80.3060571,26.9200718,295.3
-1.4,3.6,0.0,11.45,0.14,-1.05,-0.23,1.57,-1.89,0.17,0.18,5.651,13.332,8.083,7.583,1.18,9.81,13.24,13.64,-0.004,-0.002,0.0,-0.11,-0.02,-80.3060566,26.920077,295.35
-1.3,3.7,0.0,11.43,-0.08,0.29,-0.2,-0.34,-4.3,0.17,-0.04,10.762,5.7,11.488,10.202,8.63,8.44,10.4,9.61,-0.003,-0.002,-0.001,-0.05,-0.01,-80.3060561,26.9200822,295.4
-1.7,3.7,0.0,11.43,-0.01,0.24,-0.42,1.03,-2.73,0.19,-0.17,9.663,11.811,8.201,8.78,12.07,10.4,12.16,13.24,-0.001,-0.001,-0.0,-0.02,-0.0,-80.3060556,26.9200873,295.45
-1.9,3.7,0.0,11.41,-0.2,0.32,-0.34,1.44,-2.03,0.19,-0.27,7.828,8.545,10.399,9.771,13.34,10.69,13.05,14.42,-0.0,-0.0,-0.0,-0.17,-0.03,-80.3060551,26.9200924,295.5
-1.2,3.7,0.0,11.42,-0.12,-1.42,-0.86,2.97,1.96,0.3,-0.21,10.605,5.837,10.82,14.686,15.89,5.4,13.05,16.97,-0.0,-0.001,-0.001,-0.2,-0.04,-80.3060546,26.9200976,295.55
-1.7,3.7,0.0,11.43,0.67,0.13,-0.71,-1.21,4.37,0.27,0.01,11.301,10.693,8.692,9.79,8.24,8.44,7.36,2.65,-0.001,-0.001,-0.001,-0.13,-0.03,-80.3060541,26.9201027,295.6
-1.6,3.6,0.0,11.42,0.39,0.17,-0.54,0.51,3.73,0.24,0.22,8.662,13.518,7.093,4.356,0.2,16.19,8.83,9.03,-0.002,-0.002,0.001,-0.07,-0.01,-80.3060536,26.9201079,295.65
-1.7,3.7,0.0,11.43,-0.39,-0.54,-0.56,-3.21,1.09,0.22,0.26,10.055,9.692,7.573,5.366,9.52,9.61,10.01,8.73,-0.002,-0.002,0.001,-0.1,-0.02,-80.306053,26.920113,295.7
-1.6,3.7,0.0,11.42,-0.63,-0.62,-1.22,1.41,-3.23,0.3,0.12,12.998,6.789,7.25,11.419,24.82,11.09,10.5,19.23,-0.001,-0.001,0.001,-0.12,-0.02,-80.3060525,26.9201182,295.75
-1.5,3.7,0.0,11.41,-0.71,0.4,-0.52,0.05,-1.81,0.26,0.04,8.829,9.476,8.8,9.329,5.0,13.73,10.99,12.16,-0.002,-0.001,-0.0,-0.14,-0.03,-80.306052,26.9201233,295.8
-2.0,3.7,0.0,11.39,-0.64,0.53,-0.02,1.16,0.01,0.26,-0.0,6.141,9.3,12.93,6.877,-4.81,11.18,18.34,12.75,-0.002,-0.001,0.0,-0.07,-0.01,-80.3060515,26.9201284,295.85
-1.4,3.7,0.0,11.38,-0.61,-1.59,-0.19,-0.83,2.99,0.41,0.04,6.072,9.947,9.741,9.143,12.07,16.68,24.13,8.93,-0.0,-0.001,-0.001,-0.3,-0.06,-80.3060509,26.9201336,295.9
-1.5,3.7,0.0,11.38,0.12,1.78,-0.13,-0.22,1.1,0.37,0.13,11.664,10.35,7.573,7.564,11.67,8.53,11.38,21.68,-0.001,-0.002,0.0,-0.04,-0.01,-80.3060504,26.9201387,295.95
-1.2,3.7,0.0,11.39,-0.08,0.52,-0.75,0.29,1.63,0.38,0.2,9.771,10.575,7.308,9.859,9.22,7.06,0.59,16.09,-0.001,-0.002,-0.001,-0.08,-0.02,-80.3060498,26.9201438,296.0
-0.6,3.6,0.0,11.42,0.15,-0.23,-0.51,-0.9,0.08,0.32,0.23,10.565,8.495,8.613,8.613,7.55,12.56,11.28,13.64,-0.002,-0.002,0.0,-0.14,-0.03,-80.3060493,26.9201489,296.05
-0.2,3.7,0.0,11.41,0.43,-0.11,0.55,-0.9,-1.48,0.31,0.17,11.183,12.164,8.937,6.435,9.22,17.17,26.09,12.07,-0.002,-0.002,0.001,0.03,0.01,-80.3060488,26.9201541,296.1
-0.3,3.6,0.0,11.4,0.15,0.52,0.47,-1.07,-2.62,0.32,0.03,8.829,10.889,10.251,11.36,14.32,8.44,2.35,3.73,-0.001,-0.002,-0.0,-0.05,-0.01,-80.3060482,26.9201592,296.15
-0.3,3.5,0.0,11.38,-0.15,-0.07,-0.19,0.25,-1.84,0.32,-0.03,7.348,5.876,8.437,9.251,11.58,7.16,8.44,17.07,-0.001,-0.001,0.001,-0.1,-0.02,-80.3060477,26.9201643,296.2
0.0,3.6,0.0,11.37,0.01,-0.58,-0.72,0.73,0.31,0.39,-0.04,9.28,6.583,10.418,11.438,9.42,5.98,11.09,14.81,-0.0,-0.0,-0.0,-0.13,-0.03,-80.3060471,26.9201695,296.25
-0.3,3.6,0.0,11.37,0.18,0.49,-0.13,-2.88,2.7,0.28,0.08,11.095,11.968,10.202,9.113,11.67,14.42,18.15,8.53,-0.001,-0.001,-0.001,-0.09,-0.02,-80.3060466,26.9201746,296.3
-0.1,3.5,0.0,11.37,-0.04,0.75,-0.04,0.68,3.28,0.25,0.23,7.789,12.263,10.016,7.789,12.26,12.85,17.46,8.04,-0.002,-0.002,-0.001,-0.01,-0.0,-80.3060461,26.9201797,296.35
1.1,3.4,0.0,11.37,0.01,-1.01,0.69,-1.6,0.93,0.22,0.3,10.026,8.329,7.22,8.083,3.24,-9.12,12.07,9.52,-0.003,-0.004,0.001,-0.16,-0.03,-80.3060455,26.9201848,296.4
1.4,3.5,0.0,11.37,0.13,-0.74,0.68,1.09,-2.53,0.22,0.2,14.695,5.503,7.377,8.78,11.58,0.0,7.65,8.53,-0.002,-0.003,0.001,-0.1,-0.02,-80.306045,26.9201899,296.45
2.4,3.4,0.0,11.36,0.06,0.39,-0.08,1.02,-3.8,0.26,0.05,11.949,8.515,6.749,10.497,19.13,-13.64,17.76,16.87,-0.001,-0.003,0.001,-0.12,-0.02,-80.3060445,26.920195,296.5
2.3,3.4,0.0,11.33,-0.23,-0.64,-0.31,2.81,-0.1,0.31,-0.01,7.416,9.888,10.762,11.831,25.31,23.05,7.85,14.62,0.001,0.0,-0.001,-0.09,-0.02,-80.3060439,26.9202001,296.55
1.8,3.3,0.0,11.31,-0.93,-0.34,0.11,-3.34,1.63,0.28,0.1,8.672,9.172,11.831,12.007,19.62,20.6,18.64,16.58,-0.001,-0.001,-0.002,-0.08,-0.02,-80.3060434,26.9202052,296.6
0.6,3.3,0.0,11.29,-0.67,1.61,0.5,-2.25,4.16,0.17,0.27,9.182,9.918,8.358,6.583,1.96,19.42,14.62,19.42,-0.003,-0.002,-0.001,0.17,0.03,-80.3060429,26.9202103,296.65
3.0,3.3,0.0,11.31,-0.01,0.21,0.35,-0.41,0.75,0.25,0.26,10.006,10.86,8.339,7.819,-0.59,-1.67,18.34,32.77,-0.004,-0.004,-0.001,-0.05,-0.01,-80.3060424,26.9202154,296.7
3.2,3.3,0.0,11.31,0.62,1.67,0.8,3.49,-3.93,0.29,0.11,10.408,8.093,4.326,6.72,17.95,7.75,10.79,45.42,-0.002,-0.002,0.002,0.11,0.02,-80.3060419,26.9202205,296.75
3.1,3.3,0.0,11.25,-1.58,-1.15,1.63,4.11,-3.03,0.43,-0.0,7.868,5.808,8.907,12.253,14.22,4.41,-3.83,0.1,-0.001,-0.001,-0.002,-0.12,-0.02,-80.3060413,26.9202256,296.8
3.0,3.3,0.0,11.22,-0.98,-0.13,0.93,0.2,0.44,0.45,0.02,12.007,7.514,9.8,11.125,12.36,8.93,8.24,17.85,-0.0,-0.001,-0.002,-0.13,-0.03,-80.3060408,26.9202306,296.85
2.5,3.3,0.0,11.21,-0.48,1.09,1.45,1.01,2.69,0.44,0.14,8.849,12.125,10.036,10.762,3.83,7.55,15.7,12.36,-0.001,-0.002,-0.002,0.03,0.01,-80.3060403,26.9202357,296.9
2.6,3.3,0.0,11.18,0.1,0.66,1.49,-0.08,3.88,0.44,0.34,7.524,12.773,5.189,5.906,6.97,11.38,14.72,12.07,-0.002,-0.002,-0.001,0.01,0.0,-80.3060398,26.9202407,296.95
3.3,3.3,0.0,11.18,0.11,-0.57,0.79,0.79,-0.06,0.44,0.41,9.418,12.567,7.063,8.339,10.4,12.75,3.63,8.53,-0.002,-0.003,0.001,0.03,0.01,-80.3060393,26.9202458,297.0
3.6,3.3,0.0,11.19,0.15,-0.27,0.91,-3.17,-3.29,0.35,0.28,12.233,8.113,10.222,9.172,14.13,18.44,14.72,10.2,-0.002,-0.002,0.001,0.01,0.0,-80.3060389,26.9202508,297.05
4.0,3.3,0.0,11.13,-1.22,0.4,1.1,-0.72,-3.1,0.36,0.12,10.359,9.839,12.007,11.605,16.48,8.14,10.4,7.95,-0.001,-0.001,0.0,0.08,0.02,-80.3060384,26.9202558,297.1
3.8,3.2,0.0,11.11,-0.22,0.73,0.97,3.86,-0.42,0.46,0.12,10.526,9.192,7.308,9.182,9.42,4.51,8.24,10.5,-0.001,-0.001,0.0,0.08,0.01,-80.3060379,26.9202608,297.15
4.5,3.2,0.0,11.09,-0.43,-0.31,1.23,-0.14,-0.37,0.44,0.09,8.643,11.036,9.653,9.398,-2.94,0.49,14.42,18.34,-0.002,-0.003,-0.0,-0.07,-0.01,-80.3060375,26.9202658,297.2
5.2,3.2,0.0,11.07,-0.49,0.8,1.57,-3.28,2.17,0.32,0.09,7.976,8.348,11.095,8.594,14.52,13.73,16.19,4.81,-0.001,-0.002,-0.002,0.07,0.01,-80.306037,26.9202708,297.25
5.4,3.3,0.0,11.05,-0.34,-0.33,2.06,-0.4,1.71,0.32,0.19,10.418,10.919,10.958,8.937,15.21,20.01,12.36,4.02,-0.001,-0.001,-0.0,0.1,0.02,-80.3060366,26.9202758,297.3
6.0,3.2,0.0,11.03,0.23,0.73,1.97,2.2,-0.12,0.41,0.24,11.664,10.163,7.151,8.074,1.77,5.1,3.92,20.21,-0.003,-0.003,0.002,0.13,0.03,-80.3060362,26.9202808,297.35
6.6,3.1,0.0,11.0,-0.39,0.55,2.47,-0.37,-0.15,0.45,0.19,10.487,10.173,8.79,10.673,10.3,8.53,12.36,22.86,-0.002,-0.003,0.0,0.03,0.01,-80.3060357,26.9202857,297.4
6.9,3.0,0.0,10.98,0.12,0.97,1.97,-3.26,0.06,0.39,0.18,8.78,9.506,8.211,6.955,19.33,9.12,13.44,8.63,-0.001,-0.002,-0.001,0.09,0.02,-80.3060353,26.9202907,297.45
6.8,3.0,0.0,10.94,-0.98,0.41,2.08,-0.64,-1.27,0.33,0.13,7.534,7.161,9.231,8.672,5.0,2.94,7.06,5.49,-0.002,-0.002,0.0,0.21,0.04,-80.3060349,26.9202956,297.5
7.6,3.1,0.0,10.91,-1.0,-1.53,1.45,0.77,-0.42,0.41,0.06,10.399,7.946,8.584,10.438,7.46,0.59,15.6,16.68,-0.001,-0.002,0.0,0.06,0.01,-80.3060345,26.9203006,297.55
7.9,3.1,0.0,10.87,-0.36,0.47,1.96,1.51,1.05,0.47,0.07,12.4,8.898,7.74,8.486,13.64,13.83,15.99,13.83,-0.001,-0.001,-0.001,0.1,0.02,-80.3060342,26.9203055,297.6
7.7,3.0,0.0,10.85,-0.86,0.27,2.52,-1.16,1.21,0.47,0.14,10.065,10.565,8.888,10.919,11.67,13.15,7.46,8.63,-0.001,-0.002,-0.001,0.05,0.01,-80.3060338,26.9203104,297.65
7.7,2.9,0.0,10.83,-0.49,2.06,2.29,1.28,0.27,0.47,0.19,13.44,9.388,6.828,9.81,5.2,3.04,6.28,10.69,-0.002,-0.003,-0.001,0.22,0.04,-80.3060335,26.9203153,297.7
7.8,2.8,0.0,10.79,-0.01,1.51,2.19,0.71,-0.47,0.42,0.19,9.888,12.675,7.201,8.898,12.26,5.2,11.87,21.29,-0.002,-0.004,0.0,0.28,0.05,-80.3060332,26.9203202,297.75
7.9,2.8,0.0,10.74,-0.59,0.71,2.8,0.24,-1.71,0.37,0.12,7.102,10.457,8.898,8.564,14.91,19.23,9.81,10.69,-0.001,-0.002,0.0,0.26,0.05,-80.3060329,26.920325,297.8
7.8,2.7,0.0,10.72,-0.72,0.63,2.4,0.84,-1.56,0.42,0.06,5.523,10.585,10.516,7.524,0.2,10.3,9.12,8.53,-0.002,-0.002,0.001,0.11,0.02,-80.3060325,26.9203299,297.85
7.9,2.6,0.0,10.65,-0.48,0.38,2.41,-0.69,0.48,0.47,0.02,3.649,11.291,9.928,7.926,11.38,11.28,16.09,16.97,-0.0,-0.002,0.001,0.03,0.01,-80.3060322,26.9203347,297.9
7.6,2.6,0.0,10.59,-0.77,0.26,1.54,-1.65,0.99,0.38,0.06,7.357,8.339,7.318,8.309,11.97,8.34,9.12,21.29,-0.001,-0.002,0.0,0.09,0.02,-80.3060319,26.9203395,297.95
7.6,2.6,0.0,10.57,-0.45,0.02,1.65,0.72,1.7,0.4,0.16,9.967,9.732,9.045,9.359,16.09,2.06,5.49,2.26,-0.001,-0.002,-0.002,0.07,0.01,-80.3060316,26.9203443,298.0
7.7,2.6,0.0,10.57,-0.42,-0.91,2.09,1.07,0.84,0.35,0.22,10.399,7.809,9.663,9.447,11.97,7.16,11.58,11.58,-0.002,-0.002,0.0,0.08,0.01,-80.3060314,26.9203491,298.05
7.7,2.4,0.0,10.51,-1.79,-0.43,3.13,-0.26,1.84,0.38,0.27,9.447,10.438,9.682,9.849,7.95,15.7,13.05,11.67,-0.001,-0.001,0.001,0.05,0.01,-80.3060311,26.9203538,298.1
7.6,2.4,0.0,10.42,-2.28,-0.94,1.88,0.06,1.39,0.47,0.32,9.27,11.772,9.212,9.584,7.16,10.79,11.18,17.56,-0.002,-0.003,0.0,-0.01,-0.0,-80.3060308,26.9203586,298.15
6.7,2.4,0.0,10.39,-0.49,-0.04,1.5,-1.94,-1.28,0.41,0.3,11.556,9.437,7.554,8.564,14.81,11.97,8.34,21.09,-0.002,-0.003,0.001,-0.04,-0.01,-80.3060306,26.9203633,298.2
7.0,2.4,0.0,10.37,-1.04,-0.15,2.51,-2.0,-2.8,0.33,0.18,8.044,8.368,11.34,9.859,2.84,8.14,10.4,11.48,-0.002,-0.002,0.0,0.05,0.01,-80.3060304,26.920368,298.25
7.0,2.3,0.0,10.3,-1.88,-0.6,2.58,-0.65,-0.23,0.38,0.1,7.632,10.094,10.516,8.26,6.28,12.26,16.09,7.95,-0.001,-0.002,0.001,0.08,0.02,-80.3060301,26.9203727,298.3
7.5,2.2,0.0,10.26,-0.45,0.11,1.76,-0.59,-0.69,0.39,0.06,8.751,10.399,11.036,8.613,9.91,10.4,16.28,16.87,-0.001,-0.002,0.001,0.01,0.0,-80.3060299,26.9203772,298.35
7.0,2.2,0.0,10.22,-0.32,-0.13,1.97,-2.7,1.2,0.35,0.07,8.025,9.339,11.34,10.242,12.16,8.63,11.28,11.87,-0.001,-0.002,-0.0,0.09,0.02,-80.3060297,26.9203818,298.4
7.5,2.1,0.0,10.18,-0.7,0.36,2.52,-1.58,0.59,0.31,0.1,7.72,9.3,10.085,9.113,12.75,7.85,18.44,9.81,-0.001,-0.002,-0.0,0.07,0.01,-80.3060295,26.9203864,298.45
7.3,2.1,0.0,10.11,-0.95,1.02,2.09,0.0,1.99,0.25,0.19,6.681,9.604,6.229,6.524,10.01,7.06,10.2,17.17,-0.001,-0.002,0.001,0.26,0.05,-80.3060294,26.920391,298.5
7.6,2.1,0.0,10.06,-0.93,-0.63,2.47,-1.24,1.14,0.24,0.27,8.132,11.399,8.172,8.937,12.07,8.63,8.73,16.58,-0.002,-0.003,0.002,0.08,0.01,-80.3060292,26.9203956,298.55
7.6,2.1,0.0,10.03,-0.89,1.04,2.39,0.59,-0.8,0.22,0.24,9.143,12.213,10.546,9.977,7.06,9.91,5.2,12.85,-0.003,-0.003,0.001,0.17,0.03,-80.3060291,26.9204001,298.6
7.6,2.1,0.0,9.98,-0.81,1.45,2.16,-2.36,-1.5,0.17,0.18,9.673,11.556,9.81,9.575,11.18,12.85,12.56,9.61,-0.002,-0.003,0.001,0.18,0.03,-80.3060289,26.9204047,298.65
7.2,2.1,0.0,9.92,-1.1,0.65,2.03,-2.95,0.22,0.07,0.16,12.812,9.486,8.996,8.898,7.65,11.58,15.79,13.73,-0.002,-0.002,0.001,0.15,0.03,-80.3060288,26.9204092,298.7
7.8,2.1,0.0,9.88,-1.22,-0.09,2.08,0.31,0.01,0.16,0.09,10.35,7.338,7.299,8.113,9.03,9.91,10.79,12.75,-0.001,-0.002,0.001,0.1,0.02,-80.3060287,26.9204136,298.75
7.9,2.1,0.0,9.83,-1.56,0.25,2.04,1.97,0.1,0.19,0.06,7.583,8.142,9.29,9.163,1.37,9.91,10.79,8.44,-0.002,-0.001,0.001,0.16,0.03,-80.3060286,26.9204181,298.8
8.0,2.1,0.0,9.78,-1.12,-0.45,1.69,1.4,2.7,0.31,0.12,7.976,11.115,9.928,10.242,16.09,11.09,11.48,13.73,-0.001,-0.002,-0.0,0.01,0.0,-80.3060285,26.9204225,298.85
7.9,2.1,0.0,9.76,-0.05,0.98,1.9,-2.01,0.78,0.23,0.19,8.721,11.242,8.211,7.907,6.38,7.06,7.06,12.56,-0.003,-0.003,-0.0,0.1,0.02,-80.3060284,26.9204269,298.9
8.1,2.1,0.0,9.71,-0.95,1.25,1.88,1.37,-1.6,0.28,0.17,9.506,10.114,9.035,10.791,8.93,5.69,7.95,13.83,-0.002,-0.002,-0.0,0.23,0.04,-80.3060283,26.9204314,298.95
8.0,2.1,0.0,9.63,-1.21,0.37,1.38,0.72,1.02,0.29,0.2,11.654,7.76,8.427,8.77,6.28,12.75,10.5,11.97,-0.002,-0.001,-0.0,0.19,0.03,-80.3060282,26.9204357,299.0
8.0,2.1,0.0,9.6,-0.55,-0.93,1.42,0.1,-0.29,0.44,0.24,11.37,10.242,7.044,8.378,16.48,12.16,9.42,8.24,-0.002,-0.002,-0.0,-0.11,-0.02,-80.3060281,26.9204401,299.05
7.9,2.1,0.0,9.58,-0.86,0.74,2.77,-1.42,-1.94,0.31,0.16,7.269,10.693,12.066,8.476,9.32,13.93,19.72,14.52,-0.002,-0.002,0.0,0.03,0.01,-80.306028,26.9204444,299.1
8.5,2.0,0.0,9.52,-1.56,1.4,2.32,1.64,1.63,0.37,0.17,9.31,10.34,7.926,9.692,10.99,8.83,5.69,5.1,-0.001,-0.002,-0.001,0.21,0.03,-80.306028,26.9204487,299.15
8.7,2.0,0.0,9.45,-1.16,-0.04,1.86,-0.18,1.58,0.34,0.25,11.282,9.712,5.386,8.446,7.06,9.32,6.77,9.91,-0.002,-0.003,0.001,0.14,0.02,-80.3060279,26.920453,299.2
8.9,2.0,0.0,9.44,-0.77,-0.05,1.78,-1.18,-2.27,0.28,0.19,10.83,8.025,9.83,9.231,14.81,8.83,11.58,14.91,-0.001,-0.003,0.002,0.09,0.02,-80.3060279,26.9204573,299.25
9.3,2.0,0.0,9.4,-0.36,0.58,3.03,-0.51,-1.25,0.25,0.11,6.18,11.38,10.085,9.349,8.44,9.61,17.36,17.27,-0.001,-0.002,0.002,0.23,0.04,-80.3060279,26.9204615,299.3
10.2,2.0,0.0,9.33,-1.24,1.49,1.96,0.8,0.76,0.25,0.12,12.184,7.926,6.838,8.545,8.93,7.95,11.87,9.71,-0.001,-0.002,0.001,0.23,0.04,-80.3060278,26.9204658,299.35
10.0,2.0,0.0,9.28,-1.63,-0.04,1.74,-1.74,1.38,0.18,0.17,7.161,10.987,8.878,8.358,8.93,17.76,13.34,6.77,-0.001,-0.002,0.001,0.22,0.03,-80.3060278,26.92047,299.4
10.4,2.0,0.0,9.24,-1.15,-0.39,2.41,-0.71,1.47,0.15,0.22,7.142,10.438,10.624,8.427,8.63,8.83,5.4,13.54,-0.002,-0.002,0.001,0.22,0.04,-80.3060278,26.9204742,299.45
10.7,2.0,0.0,9.22,-0.05,1.21,2.78,0.75,0.44,0.17,0.26,10.301,10.565,5.847,10.291,14.13,8.04,1.86,11.18,-0.002,-0.003,0.0,0.17,0.03,-80.3060278,26.9204783,299.5
11.7,2.0,0.0,9.18,-0.86,0.79,2.9,-3.76,-0.74,0.02,0.27,12.871,9.153,9.241,8.917,14.32,3.24,12.26,10.2,-0.003,-0.003,0.0,0.25,0.04,-80.3060279,26.9204825,299.55
13.1,2.0,0.0,9.13,-1.36,-0.36,2.88,6.96,-3.27,0.12,0.15,8.662,10.33,10.536,9.457,7.65,7.95,9.81,18.05,-0.003,-0.003,0.001,0.37,0.06,-80.3060279,26.9204866,299.6
14.8,2.0,0.0,9.07,-1.02,-0.39,2.67,-0.21,-0.9,0.28,0.08,9.064,10.104,6.592,8.652,4.81,8.83,13.34,8.73,-0.002,-0.002,-0.0,0.09,0.01,-80.306028,26.9204907,299.65
16.2,2.0,0.0,9.04,-0.88,1.17,3.65,-2.14,-0.45,0.19,0.01,5.641,8.731,13.008,8.731,8.83,10.01,17.85,1.18,-0.001,-0.001,0.0,0.18,0.03,-80.306028,26.9204948,299.7
17.4,2.0,0.0,8.98,-0.92,0.81,3.86,3.02,-0.33,0.3,-0.01,7.652,11.311,8.476,8.476,11.09,9.12,5.4,19.23,-0.001,-0.002,0.001,0.42,0.07,-80.3060281,26.9204989,299.75
18.6,2.0,0.0,8.92,-1.32,0.14,4.1,-2.47,0.12,0.32,-0.01,10.261,10.34,9.486,12.017,12.16,8.44,12.65,14.62,-0.001,-0.002,-0.002,0.34,0.05,-80.3060282,26.920503,299.8
19.8,2.0,0.0,8.88,-0.86,0.92,4.84,-0.66,1.87,0.22,0.07,8.692,11.949,11.017,8.417,10.99,9.32,1.77,14.22,-0.002,-0.002,-0.002,0.52,0.08,-80.3060283,26.920507,299.85
22.7,2.0,0.0,8.85,-1.31,0.77,5.48,0.6,1.37,0.29,0.16,12.684,9.378,7.711,9.094,7.65,10.69,16.87,11.77,-0.002,-0.003,-0.001,0.46,0.07,-80.3060284,26.920511,299.9
26.5,2.0,0.0,8.79,-1.3,1.01,5.38,1.19,0.77,0.34,0.17,6.73,11.272,9.113,8.456,6.97,9.03,10.3,11.18,-0.001,-0.003,-0.0,0.5,0.08,-80.3060286,26.920515,299.95
28.7,2.0,0.0,8.74,-1.06,1.62,5.55,1.36,-0.38,0.41,0.17,10.144,8.692,7.397,7.887,12.85,9.03,10.2,10.2,-0.001,-0.002,0.0,0.66,0.1,-80.3060288,26.920519,300.0
29.8,2.0,0.0,8.71,-0.38,0.84,7.08,-1.53,0.17,0.37,0.16,6.553,11.703,9.192,8.898,10.5,11.67,9.61,12.75,-0.001,-0.002,-0.0,0.77,0.12,-80.306029,26.9205229,300.05
32.6,2.0,0.0,8.68,-0.62,1.59,7.41,0.36,-0.48,0.4,0.14,11.419,9.584,9.712,10.075,12.56,8.83,12.07,10.69,-0.001,-0.003,-0.0,0.8,0.12,-80.3060292,26.9205268,300.1
34.3,2.0,0.0,8.62,-1.37,1.48,7.91,-1.87,0.41,0.28,0.13,7.573,10.379,10.075,8.996,9.81,9.52,10.5,10.69,-0.001,-0.003,-0.0,1.02,0.15,-80.3060295,26.9205306,300.15
35.4,2.0,0.0,8.57,-0.94,1.08,7.43,2.13,0.13,0.37,0.12,10.487,10.212,7.544,8.603,7.95,10.2,9.12,11.09,-0.001,-0.003,-0.0,1.01,0.15,-80.3060298,26.9205345,300.2
36.0,2.0,0.0,8.54,-0.54,1.1,8.39,-3.54,-0.17,0.25,0.1,7.289,9.898,9.8,8.819,9.32,10.01,12.36,13.44,-0.0,-0.002,0.0,0.97,0.14,-80.3060301,26.9205384,300.25
36.4,2.0,0.0,8.48,-1.69,1.38,8.2,1.79,-0.23,0.29,0.08,9.918,7.858,8.289,8.682,9.91,10.01,9.61,13.83,-0.0,-0.002,0.001,1.12,0.17,-80.3060306,26.9205422,300.3
36.6,2.0,0.0,8.42,-0.87,1.66,8.67,-0.53,0.79,0.28,0.1,8.083,11.438,9.673,9.908,10.79,6.57,11.87,12.26,-0.001,-0.003,0.0,1.12,0.16,-80.306031,26.9205461,300.35
37.3,1.9,0.0,8.39,-0.77,1.3,8.63,-0.18,-0.26,0.27,0.12,11.674,9.437,10.35,9.506,5.98,7.26,12.07,9.12,-0.002,-0.003,-0.001,1.02,0.15,-80.3060314,26.9205499,300.4
37.5,2.0,0.0,8.35,-0.84,1.49,8.51,-0.6,0.86,0.28,0.12,8.584,11.272,8.898,10.408,12.75,7.75,10.1,11.09,-0.002,-0.003,-0.001,1.14,0.17,-80.3060319,26.9205536,300.45
38.3,2.0,0.0,8.28,-1.57,0.37,8.04,1.34,0.25,0.33,0.16,8.319,10.477,7.946,8.093,9.42,13.44,11.09,8.44,-0.002,-0.003,-0.001,1.07,0.15,-80.3060324,26.9205574,300.5
38.3,2.0,0.0,8.21,-1.37,1.52,8.26,-1.34,-0.06,0.31,0.17,11.988,11.517,6.739,7.269,12.65,10.69,7.95,13.44,-0.002,-0.003,0.0,1.22,0.17,-80.3060329,26.9205611,300.55
38.3,2.0,0.0,8.18,-0.84,1.5,9.25,-0.69,-3.06,0.27,0.03,7.367,10.624,10.663,9.025,8.14,14.72,14.42,6.87,-0.002,-0.003,0.0,1.13,0.16,-80.3060335,26.9205648,300.6
38.8,1.9,0.0,8.11,-1.94,0.69,9.17,2.96,-2.06,0.42,-0.13,7.917,9.555,10.516,9.82,5.4,11.58,15.21,6.18,-0.001,-0.002,-0.002,1.11,0.16,-80.306034,26.9205685,300.65
39.0,2.0,0.0,8.02,-1.77,1.22,8.02,-0.42,2.28,0.49,-0.1,10.104,7.917,8.437,9.27,9.91,8.63,10.1,11.58,-0.0,-0.002,-0.002,1.16,0.16,-80.3060346,26.9205721,300.7
38.4,2.0,0.0,7.97,-0.62,1.68,7.91,1.01,1.81,0.49,0.01,9.31,11.625,8.289,8.692,9.91,8.53,12.07,10.4,-0.001,-0.003,-0.001,1.29,0.18,-80.3060353,26.9205757,300.75
37.5,2.0,0.0,7.91,-1.09,1.26,8.42,-2.4,0.16,0.43,0.05,10.977,10.124,8.535,8.623,15.11,10.99,13.54,14.42,-0.001,-0.003,-0.001,1.21,0.17,-80.3060359,26.9205792,300.8
37.0,2.0,0.0,7.85,-1.75,1.32,8.41,-1.16,-0.82,0.41,0.01,11.213,9.888,8.751,11.801,14.42,11.09,10.99,15.3,-0.002,-0.003,-0.002,1.17,0.16,-80.3060366,26.9205828,300.85
35.5,2.0,0.0,7.78,-0.94,1.97,7.76,2.33,-0.09,0.42,0.02,10.85,8.682,8.054,9.869,13.83,8.34,7.85,14.32,-0.002,-0.003,-0.001,1.25,0.17,-80.3060373,26.9205863,300.9
34.3,2.0,0.0,7.71,-1.34,0.07,7.53,1.24,-0.51,0.46,0.02,7.848,8.917,8.368,8.701,10.99,8.93,10.01,10.2,-0.001,-0.003,-0.001,1.07,0.14,-80.306038,26.9205897,300.95
33.0,2.0,0.0,7.65,-1.6,0.72,7.16,-1.37,0.93,0.46,0.04,8.751,10.026,7.181,8.221,5.69,10.59,14.03,10.79,-0.0,-0.002,-0.0,0.92,0.12,-80.3060387,26.9205932,301.0
32.1,2.0,0.0,7.56,-2.11,1.46,6.68,-1.66,1.39,0.4,0.06,10.477,9.751,8.839,8.947,10.4,10.89,13.73,10.3,-0.001,-0.002,-0.0,0.99,0.13,-80.3060395,26.9205965,301.05
28.9,2.0,0.0,7.49,-1.08,1.15,6.16,1.0,1.0,0.39,0.09,10.811,9.781,8.594,9.526,15.6,9.91,13.54,13.24,-0.002,-0.003,-0.0,1.07,0.14,-80.3060402,26.9205999,301.1
26.1,2.0,0.0,7.44,-0.76,0.54,5.95,-0.12,-0.57,0.35,0.1,10.144,10.487,9.113,8.79,12.16,7.95,4.51,15.5,-0.003,-0.003,-0.001,0.92,0.12,-80.306041,26.9206032,301.15
22.9,2.0,0.0,7.37,-1.25,0.48,5.56,-1.24,-1.38,0.32,0.07,9.535,9.3,9.781,10.614,12.26,7.75,12.65,12.65,-0.003,-0.003,-0.001,0.72,0.09,-80.3060417,26.9206065,301.2
20.8,2.0,0.0,7.28,-1.95,0.64,4.22,-0.7,0.51,0.3,0.04,8.819,10.32,9.467,8.701,8.34,10.99,7.95,8.83,-0.002,-0.003,-0.001,0.81,0.1,-80.3060425,26.9206097,301.25
15.1,2.0,0.0,7.22,-1.63,-0.9,3.66,-0.57,-0.84,0.36,0.05,8.868,11.654,6.033,8.388,10.89,10.2,10.59,7.36,-0.001,-0.003,0.0,0.46,0.06,-80.3060433,26.9206129,301.3
9.8,2.0,0.0,7.16,-1.55,0.91,2.99,-3.48,-2.38,0.17,-0.05,11.125,8.388,9.575,8.868,7.46,8.73,9.03,11.28,-0.002,-0.002,0.001,0.54,0.07,-80.3060441,26.920616,301.35
4.5,2.0,0.0,7.07,-2.2,-0.78,1.69,1.24,-1.68,0.22,-0.17,8.652,9.633,9.663,11.458,8.93,8.44,6.38,15.21,-0.001,-0.002,0.001,0.35,0.04,-80.3060449,26.9206192,301.4
0.9,2.0,0.0,7.0,-1.1,-1.25,1.05,-1.52,-0.8,0.18,-0.2,11.605,9.653,8.162,9.996,10.01,7.26,12.75,15.79,-0.002,-0.002,0.0,-0.01,-0.0,-80.3060456,26.9206223,301.45
-1.9,2.0,0.0,6.97,-0.83,0.51,0.32,1.04,-0.34,0.1,-0.19,11.831,8.741,9.565,9.388,9.61,11.28,13.05,13.05,-0.002,-0.002,0.0,0.05,0.01,-80.3060464,26.9206254,301.5
-3.4,2.0,0.0,6.93,-0.7,-0.87,0.13,1.0,0.01,0.14,-0.18,9.045,9.486,8.898,8.8,7.95,11.28,13.34,13.15,-0.002,-0.002,0.0,-0.21,-0.03,-80.3060471,26.9206284,301.55
-4.9,2.0,0.0,6.83,-1.95,0.0,-1.68,1.76,1.26,0.15,-0.14,8.868,7.73,9.3,9.869,10.01,8.63,6.77,14.52,-0.002,-0.002,0.001,-0.15,-0.02,-80.3060478,26.9206315,301.6
-7.5,2.0,0.0,6.69,-2.15,-0.86,-1.65,0.19,2.39,0.15,-0.01,10.261,10.438,7.093,8.289,13.24,8.44,14.42,12.16,-0.002,-0.002,0.001,-0.31,-0.04,-80.3060486,26.9206345,301.65
-12.2,2.0,0.0,6.62,-1.47,-0.29,-1.01,-0.35,1.37,0.07,0.08,10.32,11.36,9.329,8.446,11.58,11.18,12.16,12.16,-0.003,-0.003,0.001,-0.29,-0.03,-80.3060493,26.9206374,301.7
-15.2,2.0,0.0,6.56,-1.24,-0.57,-1.66,0.15,0.22,0.04,0.1,10.457,11.056,8.486,8.162,11.97,10.99,12.26,13.34,-0.003,-0.003,0.001,-0.36,-0.04,-80.30605,26.9206403,301.75
-17.2,2.0,0.0,6.47,-1.6,-0.06,-2.82,0.86,-1.18,0.04,0.07,8.564,10.624,10.457,9.79,11.18,9.32,15.7,14.62,-0.002,-0.002,0.0,-0.51,-0.06,-80.3060506,26.9206432,301.8
-19.1,1.9,0.0,6.37,-2.06,-0.83,-3.62,-1.14,1.72,-0.0,0.12,10.438,10.144,8.132,9.408,10.59,8.83,12.46,13.73,-0.002,-0.002,0.0,-0.68,-0.08,-80.3060513,26.920646,301.85
-21.2,2.0,0.0,6.27,-2.2,-0.39,-3.79,-1.74,1.58,-0.05,0.2,10.909,11.448,7.858,8.093,11.58,9.03,11.48,8.14,-0.003,-0.003,0.001,-0.63,-0.07,-80.3060519,26.9206488,301.9
-22.6,1.9,0.0,6.19,-1.49,-0.73,-3.46,-0.4,-1.22,-0.13,0.16,11.282,9.329,8.162,7.367,11.38,8.53,11.09,14.91,-0.003,-0.003,0.002,-0.69,-0.07,-80.3060525,26.9206516,301.95
-23.2,2.0,0.0,6.12,-1.47,-0.72,-4.38,2.67,-3.1,-0.04,0.03,9.614,9.388,8.809,10.359,10.3,9.61,10.3,14.13,-0.003,-0.003,0.002,-0.75,-0.08,-80.306053,26.9206543,302.0
-23.2,1.9,0.0,6.02,-1.7,-0.54,-4.67,-0.18,-1.91,-0.03,-0.07,9.692,9.545,8.839,9.408,10.79,8.04,11.48,10.59,-0.002,-0.002,0.001,-0.89,-0.09,-80.3060536,26.920657,302.05
-24.6,1.9,0.0,5.91,-2.4,-0.44,-4.75,0.49,-0.71,-0.04,-0.11,9.977,8.623,8.584,8.545,10.69,10.1,11.77,13.73,-0.002,-0.002,0.001,-0.89,-0.09,-80.3060541,26.9206596,302.1
-26.2,2.0,0.0,5.82,-1.7,-0.78,-4.23,-1.35,0.37,-0.0,-0.1,8.652,10.556,8.545,9.761,9.61,10.2,11.58,12.36,-0.002,-0.002,0.001,-0.96,-0.1,-80.3060546,26.9206622,302.15
-27.0,2.0,0.0,5.76,-1.05,-0.23,-4.31,-0.41,0.34,-0.03,-0.1,9.535,10.428,8.751,8.525,9.81,10.79,11.09,10.99,-0.003,-0.002,0.001,-0.82,-0.08,-80.3060551,26.9206648,302.2
-27.4,1.9,0.0,5.68,-1.74,-0.59,-4.68,1.99,-0.44,0.01,-0.09,10.173,9.967,9.653,8.613,10.01,11.77,11.97,13.54,-0.003,-0.002,0.0,-0.85,-0.08,-80.3060556,26.9206673,302.25
-28.3,1.9,0.0,5.56,-2.42,-0.87,-4.77,-0.07,0.84,0.08,-0.07,7.72,12.694,9.231,9.575,7.36,12.26,12.46,9.61,-0.003,-0.002,-0.001,-1.1,-0.11,-80.3060561,26.9206697,302.3
-29.5,2.0,0.0,5.46,-1.37,0.22,-5.23,-1.82,-0.1,0.0,-0.06,10.722,9.888,9.751,8.378,8.83,11.97,11.87,10.01,-0.004,-0.002,-0.001,-0.89,-0.08,-80.3060565,26.9206721,302.35
-31.2,2.0,0.0,5.39,-1.42,-0.67,-5.49,1.57,-0.35,0.03,-0.06,10.212,9.231,9.879,9.163,11.28,9.03,12.85,11.38,-0.004,-0.002,-0.001,-1.01,-0.09,-80.3060569,26.9206745,302.4
-33.5,2.0,0.0,5.32,-1.45,-1.28,-5.43,1.7,0.46,0.13,-0.05,8.652,9.957,8.672,9.447,10.1,9.22,10.1,11.58,-0.003,-0.002,-0.001,-1.28,-0.12,-80.3060573,26.9206769,302.45
-36.3,2.0,0.0,5.25,-1.02,-0.42,-5.28,-0.9,-0.31,0.11,-0.03,8.132,10.801,8.662,7.926,10.01,10.5,11.18,10.79,-0.003,-0.001,-0.001,-1.35,-0.12,-80.3060576,26.9206793,302.5
-38.8,2.0,0.0,5.19,-1.42,-0.63,-6.03,-0.14,0.09,0.06,0.0,11.203,8.329,8.142,8.751,10.69,8.63,11.58,10.99,-0.003,-0.001,-0.0,-1.37,-0.12,-80.3060579,26.9206816,302.55
-41.5,1.9,0.0,5.13,-1.1,-0.33,-6.7,1.15,-0.15,0.06,-0.0,9.957,11.87,8.996,8.701,11.38,10.99,11.28,10.99,-0.003,-0.002,-0.0,-1.33,-0.12,-80.3060582,26.9206839,302.6
-43.3,1.8,0.0,5.05,-1.2,-0.87,-7.07,0.66,-1.03,0.08,-0.04,7.838,12.076,9.388,8.711,9.22,10.3,11.28,12.46,-0.003,-0.002,-0.0,-1.57,-0.14,-80.3060586,26.9206862,302.65
-44.7,1.8,0.0,4.99,-1.39,-0.97,-7.15,-0.54,0.26,0.06,-0.06,7.564,11.703,8.603,8.309,10.59,8.73,12.07,9.71,-0.002,-0.002,-0.0,-1.83,-0.16,-80.3060588,26.9206884,302.7
-45.4,1.9,0.0,4.91,-1.36,-0.42,-7.02,2.41,-0.28,0.08,-0.05,13.087,8.711,7.828,8.339,12.75,8.44,11.67,10.79,-0.002,-0.002,0.0,-1.75,-0.15,-80.3060591,26.9206906,302.75
-45.7,1.9,0.0,4.84,-1.07,-0.25,-7.04,1.53,0.12,0.14,-0.03,8.074,10.31,10.909,10.889,9.12,10.99,12.75,10.1,-0.002,-0.002,-0.0,-1.61,-0.14,-80.3060593,26.9206928,302.8
-45.9,1.9,0.0,4.78,-1.36,-0.85,-6.96,0.34,0.92,0.18,-0.0,11.86,9.751,6.779,7.348,10.1,10.3,11.58,10.99,-0.002,-0.002,-0.0,-1.89,-0.16,-80.3060596,26.9206949,302.85
-46.2,1.9,0.0,4.77,-0.39,0.05,-6.87,-1.38,0.09,0.16,-0.01,9.565,9.369,9.408,8.407,11.28,10.5,11.58,10.99,-0.002,-0.002,0.001,-1.92,-0.16,-80.3060598,26.920697,302.9
-46.2,1.9,0.0,4.75,-0.17,0.15,-6.8,0.45,-1.09,0.15,-0.07,11.772,7.554,9.349,9.722,10.59,8.04,12.75,11.38,-0.002,-0.002,0.001,-1.69,-0.14,-80.30606,26.9206992,302.95
-46.1,1.9,0.0,4.73,-0.58,-0.42,-6.99,-0.03,-0.22,0.14,-0.09,10.595,8.074,8.927,9.476,11.48,7.95,12.26,11.77,-0.002,-0.001,0.001,-1.68,-0.14,-80.3060601,26.9207013,303.0
-46.1,1.9,0.0,4.72,-0.34,-0.69,-6.93,0.1,1.38,0.14,-0.05,9.113,9.928,9.231,9.241,10.01,7.95,12.36,11.28,-0.002,-0.001,0.001,-1.77,-0.15,-80.3060603,26.9207034,303.05
-45.9,1.9,0.0,4.71,-0.05,-0.3,-6.95,-1.07,0.41,0.08,-0.02,11.635,8.378,8.839,8.878,10.2,9.81,11.09,10.99,-0.002,-0.002,0.001,-1.91,-0.16,-80.3060604,26.9207055,303.1
-45.8,1.9,0.0,4.71,-0.05,-0.09,-6.37,-2.46,0.62,-0.0,-0.01,8.083,11.291,9.957,8.044,11.97,10.79,12.07,9.91,-0.002,-0.002,0.001,-1.61,-0.13,-80.3060606,26.9207076,303.15
-45.2,1.9,0.0,4.7,-0.02,-0.83,-7.11,0.76,-0.69,0.03,-0.02,9.81,10.291,9.074,9.535,10.5,9.22,11.87,11.58,-0.002,-0.002,0.001,-1.75,-0.14,-80.3060607,26.9207097,303.2
-44.8,2.2,0.0,4.68,-0.25,-0.08,-6.45,-0.4,-0.33,0.0,-0.04,9.722,9.084,9.212,9.418,10.5,8.63,11.38,12.65,-0.002,-0.001,0.001,-1.59,-0.13,-80.3060608,26.9207118,303.25
-44.2,5.1,0.0,4.67,-0.26,-0.6,-6.58,1.78,0.48,0.05,-0.02,10.762,8.427,8.221,8.839,10.3,9.03,11.28,11.28,-0.002,-0.001,0.001,-1.73,-0.14,-80.3060609,26.9207139,303.3
-43.7,10.6,0.0,4.66,-0.47,-0.57,-6.48,0.39,1.08,0.05,0.04,10.968,8.093,8.191,8.319,10.2,9.71,12.75,11.38,-0.002,-0.001,0.001,-1.8,-0.15,-80.306061,26.9207159,303.35
-43.0,11.8,0.0,4.65,-0.38,-0.26,-6.53,-0.28,1.3,0.06,0.07,5.317,13.734,10.762,8.142,9.61,9.32,13.73,8.44,-0.002,-0.001,0.001,-1.6,-0.13,-80.306061,26.920718,303.4
-41.8,9.5,0.0,4.66,0.39,-1.18,-5.99,0.66,0.88,0.09,0.1,9.143,8.603,10.271,9.192,8.93,8.73,13.54,11.48,-0.002,-0.002,0.001,-1.72,-0.14,-80.3060611,26.9207201,303.45
-40.4,2.2,0.0,4.63,-0.09,0.46,-6.19,-0.45,-0.2,0.08,0.1,11.939,11.193,8.564,8.26,11.48,9.03,9.61,10.1,-0.002,-0.002,0.0,-1.41,-0.11,-80.3060611,26.9207222,303.5
-38.8,2.0,0.0,4.63,0.22,-0.61,-6.28,0.06,-0.43,0.11,0.09,9.32,11.134,8.319,9.143,13.24,10.4,10.1,13.83,-0.001,-0.002,0.001,-1.55,-0.13,-80.3060612,26.9207242,303.55
-37.3,2.0,0.0,4.62,-0.41,-0.32,-5.89,-1.57,-1.83,0.04,0.04,9.388,8.201,9.261,9.81,11.09,9.91,10.69,13.64,-0.002,-0.001,0.001,-1.54,-0.12,-80.3060612,26.9207263,303.6
-36.5,2.0,0.0,4.61,0.07,0.02,-6.06,1.29,-0.08,0.02,0.03,8.751,10.045,10.418,9.614,8.83,9.71,11.77,11.58,-0.002,-0.001,0.0,-1.17,-0.09,-80.3060612,26.9207284,303.65
-35.7,2.0,0.0,4.6,-0.03,-0.7,-5.14,0.81,0.72,0.06,0.06,7.495,10.86,9.241,8.564,11.09,9.32,8.63,11.28,-0.002,-0.001,0.0,-1.24,-0.1,-80.3060612,26.9207304,303.7
-34.7,2.0,0.0,4.58,-0.38,-0.8,-4.84,-0.89,0.12,0.05,0.09,9.839,10.457,9.015,8.054,9.81,10.69,12.07,9.12,-0.002,-0.001,0.0,-1.51,-0.12,-80.3060612,26.9207325,303.75
-34.1,2.0,0.0,4.58,-0.5,-0.23,-5.09,-1.12,-0.85,0.04,0.04,9.584,9.398,8.849,8.829,10.79,9.42,11.48,8.93,-0.002,-0.001,0.001,-1.35,-0.11,-80.3060612,26.9207346,303.8
-33.2,1.9,0.0,4.57,-0.36,-0.12,-5.17,2.46,-0.88,0.13,-0.02,8.191,9.869,9.143,9.869,9.32,10.5,11.28,10.59,-0.001,-0.001,0.0,-1.15,-0.09,-80.3060611,26.9207366,303.85
-32.2,2.0,0.0,4.57,-0.39,-0.14,-4.85,-1.46,0.36,0.13,-0.02,9.329,9.486,9.526,9.408,9.61,10.4,13.54,9.03,-0.001,-0.001,0.0,-1.47,-0.12,-80.3060611,26.9207387,303.9
-31.9,2.0,0.0,4.55,-0.28,-0.46,-4.81,-1.59,0.91,0.07,0.01,10.212,10.291,8.554,8.927,12.95,8.93,11.38,11.28,-0.002,-0.001,0.0,-0.94,-0.07,-80.306061,26.9207407,303.95
-30.7,2.0,0.0,4.54,-0.14,-0.51,-4.78,0.18,-0.44,0.07,-0.0,10.173,8.015,8.927,9.575,10.01,9.22,11.77,11.58,-0.002,-0.001,0.0,-0.98,-0.08,-80.306061,26.9207428,304.0
-30.2,2.0,0.0,4.53,-0.19,-0.27,-4.63,-0.27,0.37,0.04,0.02,9.359,11.438,8.966,8.976,9.52,10.4,9.03,12.36,-0.002,-0.001,0.0,-1.19,-0.09,-80.3060609,26.9207448,304.05
-28.5,2.0,0.0,4.52,-0.44,-0.59,-4.25,-0.02,0.09,0.06,0.03,9.369,8.594,9.015,8.976,9.71,11.38,11.38,10.99,-0.002,-0.001,0.0,-1.21,-0.1,-80.3060608,26.9207468,304.1
-26.5,2.2,0.0,4.53,0.04,0.14,-4.01,-0.91,-0.28,0.04,0.01,11.988,9.859,11.164,9.702,8.44,9.52,11.87,10.2,-0.002,-0.001,0.0,-1.04,-0.08,-80.3060608,26.9207489,304.15
-25.2,2.3,0.0,4.48,0.01,0.04,-4.15,1.9,-0.46,0.13,-0.0,11.566,9.584,8.858,9.918,11.38,9.03,10.69,11.28,-0.001,-0.001,0.0,-1.42,-0.11,-80.3060607,26.9207509,304.2
-24.5,1.9,0.0,4.5,-0.06,0.31,-3.26,0.26,0.34,0.17,0.01,11.125,9.467,9.221,9.781,11.48,7.65,9.91,11.38,-0.001,-0.001,0.0,-1.18,-0.09,-80.3060606,26.9207529,304.25
-24.2,1.9,0.0,4.49,0.05,0.26,-3.34,1.31,0.9,0.16,0.06,12.498,8.093,9.074,9.947,10.69,9.61,10.99,14.62,-0.001,-0.001,0.0,-0.75,-0.06,-80.3060605,26.9207549,304.3
-23.3,1.9,0.0,4.48,-0.2,0.03,-3.33,-4.32,1.94,0.08,0.13,7.23,11.203,11.291,9.702,10.1,12.65,12.07,9.81,-0.001,-0.002,0.0,-0.83,-0.06,-80.3060604,26.920757,304.35
-22.5,1.9,0.0,4.47,-0.73,-0.22,-3.32,-0.36,0.5,0.06,0.16,10.713,11.497,7.308,6.975,10.1,9.91,11.87,10.59,-0.002,-0.002,0.001,-0.66,-0.05,-80.3060602,26.920759,304.4
-21.4,1.9,0.0,4.48,0.58,-0.19,-3.12,0.85,-1.17,0.08,0.13,8.545,10.163,10.085,9.682,10.2,10.5,11.87,11.38,-0.002,-0.002,0.001,-0.71,-0.06,-80.3060601,26.920761,304.45
-20.8,1.9,0.0,4.45,-0.51,-0.16,-3.33,0.11,-1.56,0.1,0.06,12.773,7.299,8.966,9.447,10.89,7.16,11.97,11.97,-0.002,-0.002,0.0,-0.87,-0.07,-80.30606,26.920763,304.5
-19.8,1.9,0.0,4.43,-0.65,-0.47,-2.98,-0.52,1.33,0.08,0.08,5.386,10.546,9.584,10.026,10.4,10.4,13.24,8.24,-0.001,-0.001,0.0,-0.83,-0.06,-80.3060599,26.920765,304.55
-19.0,1.9,0.0,4.36,-1.64,0.36,-2.85,1.34,-1.2,0.11,0.06,11.684,7.74,8.525,9.369,9.61,9.71,13.64,12.16,-0.001,-0.002,0.001,-0.69,-0.05,-80.3060598,26.920767,304.6
-18.2,1.9,0.0,4.25,-2.43,0.03,-2.79,0.79,0.65,0.1,0.12,11.458,9.545,7.112,8.672,11.58,9.71,9.12,10.2,-0.002,-0.002,0.001,-0.56,-0.04,-80.3060596,26.9207689,304.65
-17.6,2.0,0.0,4.17,-2.15,0.03,-2.69,-0.59,1.15,0.11,0.16,11.9,8.8,9.879,9.192,9.03,9.32,10.4,10.79,-0.002,-0.003,0.0,-0.57,-0.04,-80.3060595,26.9207708,304.7
-17.5,2.1,0.0,4.06,-2.24,0.17,-2.03,-1.76,0.62,0.11,0.16,10.448,11.095,7.613,8.123,11.09,9.81,12.75,8.83,-0.002,-0.003,-0.0,-0.51,-0.04,-80.3060594,26.9207727,304.75
-17.4,2.1,0.0,3.95,-2.18,0.64,-1.9,-0.57,-1.71,0.06,0.11,11.723,9.231,8.407,9.035,10.4,9.03,12.95,12.75,-0.002,-0.003,0.0,-0.29,-0.02,-80.3060592,26.9207744,304.8
-17.3,2.1,0.0,3.83,-2.87,-0.09,-1.82,0.2,-1.46,0.05,0.04,10.575,9.447,9.624,9.359,9.61,9.52,12.65,13.24,-0.002,-0.002,0.0,-0.35,-0.02,-80.3060591,26.9207761,304.85
-16.9,2.2,0.0,3.7,-3.18,-0.07,-2.13,-1.0,0.28,0.02,0.03,9.82,10.055,9.722,10.036,9.71,9.03,11.38,7.46,-0.002,-0.002,-0.001,-0.42,-0.03,-80.306059,26.9207779,304.9
-17.0,2.3,0.0,3.51,-3.66,-0.4,-1.62,0.44,0.96,-0.0,0.09,8.819,11.331,8.907,8.221,9.81,8.93,10.5,12.85,-0.003,-0.002,-0.0,-0.56,-0.03,-80.3060588,26.9207795,304.95
-16.8,2.4,0.0,3.32,-3.7,-0.31,-1.83,1.74,0.15,0.06,0.12,9.31,12.439,8.809,8.289,10.1,10.5,10.69,12.07,-0.003,-0.003,-0.0,-0.47,-0.03,-80.3060587,26.9207811,305.0
-17.0,2.4,0.0,3.12,-3.87,-0.28,-1.61,0.03,-0.36,0.12,0.15,9.251,11.448,8.957,9.771,10.2,9.71,10.1,12.65,-0.003,-0.003,-0.0,-0.69,-0.04,-80.3060586,26.9207825,305.05
-17.1,2.4,0.0,2.91,-4.07,-0.49,-1.52,1.88,0.45,0.1,0.17,12.439,7.338,8.701,10.301,9.52,9.12,10.5,11.97,-0.004,-0.003,-0.001,-0.78,-0.04,-80.3060585,26.9207839,305.1
-17.3,2.4,0.0,2.69,-4.52,0.4,-1.35,-2.23,1.99,0.06,0.24,7.926,13.44,8.986,8.858,11.18,10.5,10.59,10.89,-0.004,-0.004,-0.001,-0.25,-0.01,-80.3060584,26.9207852,305.15
-17.3,2.6,0.0,2.51,-3.33,-0.55,-1.69,3.59,-0.54,0.15,0.25,13.194,7.809,8.545,9.182,8.93,9.61,12.65,11.87,-0.004,-0.004,-0.001,-0.37,-0.02,-80.3060583,26.9207864,305.2
-17.1,2.8,0.0,2.31,-4.07,0.27,-1.62,-1.77,0.43,0.11,0.25,11.762,10.977,9.369,10.006,10.69,9.52,11.18,10.3,-0.004,-0.004,-0.001,-0.57,-0.02,-80.3060582,26.9207873,305.25
-16.8,2.8,0.0,2.11,-3.86,0.35,-0.91,-1.22,-0.26,0.1,0.22,11.811,10.497,9.732,7.976,8.83,10.69,14.13,10.2,-0.004,-0.004,-0.001,-0.25,-0.01,-80.3060581,26.9207884,305.3
-16.7,2.8,0.0,1.92,-4.53,-0.43,-0.76,0.62,1.03,0.13,0.22,9.682,9.712,9.055,8.947,10.59,8.83,11.97,9.52,-0.004,-0.003,-0.001,-0.59,-0.02,-80.306058,26.9207893,305.35
-16.4,2.8,0.0,1.75,-3.55,-0.06,-1.0,-1.23,0.91,0.14,0.24,8.78,11.017,9.771,8.554,8.83,11.09,11.77,11.09,-0.004,-0.003,-0.001,-0.53,-0.02,-80.3060579,26.9207901,305.4
-16.3,2.8,0.0,1.56,-3.57,0.87,-0.69,0.81,-0.22,0.15,0.24,9.516,11.134,9.006,8.25,10.89,8.93,10.79,12.36,-0.004,-0.004,-0.001,-0.05,-0.0,-80.3060578,26.9207909,305.45
-16.2,2.7,0.0,1.37,-3.64,-0.04,-0.64,-0.6,0.82,0.13,0.26,12.076,9.104,8.476,9.369,11.18,8.53,12.65,10.99,-0.004,-0.004,-0.002,-0.04,-0.0,-80.3060578,26.9207916,305.5
-16.3,2.7,0.0,1.18,-3.69,0.31,-0.64,-0.26,0.6,0.15,0.27,9.643,10.654,8.751,9.074,10.4,8.73,10.89,12.16,-0.004,-0.004,-0.002,-0.07,-0.0,-80.3060577,26.9207922,305.55
-16.2,2.8,0.0,0.99,-3.52,0.23,-0.51,1.76,-0.85,0.17,0.26,11.262,10.428,7.72,8.868,10.89,9.12,10.5,11.28,-0.004,-0.004,-0.002,0.0,-0.0,-80.3060577,26.9207927,305.6
-16.1,2.7,0.0,0.8,-3.98,-0.06,-0.51,-0.33,-0.35,0.16,0.26,10.565,10.448,9.202,9.094,10.3,10.01,10.1,12.16,-0.004,-0.004,-0.002,0.0,-0.01,-80.3060576,26.9207931,305.65
-16.0,2.7,0.0,0.63,-3.48,0.01,-0.13,0.03,-0.09,0.15,0.24,9.879,9.476,8.937,8.937,9.81,9.03,10.69,12.16,-0.004,-0.004,-0.002,0.0,-0.0,-80.3060576,26.9207934,305.7
-15.7,2.7,0.0,0.47,-2.79,0.23,-0.3,0.06,0.14,0.16,0.27,10.546,9.771,8.446,9.094,10.2,9.22,11.87,10.99,-0.004,-0.004,-0.002,0.0,0.01,-80.3060575,26.9207936,305.75
-15.3,2.5,0.0,0.33,-2.82,-0.04,-0.12,-0.73,-0.5,0.15,0.25,10.585,10.31,8.574,8.937,10.59,9.03,12.36,10.1,-0.004,-0.003,-0.002,0.0,0.01,-80.3060575,26.9207938,305.8
-14.9,2.4,0.0,0.24,-2.02,-0.27,0.35,-1.14,-0.28,0.14,0.23,10.811,8.682,8.211,9.261,9.81,9.42,11.38,12.07,-0.004,-0.003,-0.002,0.0,0.01,-80.3060575,26.920794,305.85
-14.3,2.2,0.0,0.15,-1.69,0.0,-0.11,0.96,-0.37,0.15,0.21,10.614,9.977,8.829,9.104,10.4,9.42,11.58,11.48,-0.003,-0.003,-0.002,0.0,0.01,-80.3060575,26.9207941,305.9
-14.1,2.2,0.0,0.08,-1.46,-0.31,0.22,-2.25,0.39,0.11,0.2,9.81,8.407,8.76,8.927,9.81,9.71,12.26,11.09,-0.003,-0.003,-0.002,0.0,-0.0,-80.3060575,26.9207941,305.95
-14.0,2.1,0.0,0.03,-0.97,0.23,0.25,1.06,-0.23,0.16,0.18,8.162,10.634,8.525,8.829,9.22,10.01,10.99,12.56,-0.003,-0.003,-0.002,0.0,0.0,-80.3060575,26.9207942,306.0
-13.7,2.0,0.0,0.02,-0.41,0.29,0.14,-0.88,-0.32,0.14,0.17,9.996,10.134,9.702,9.27,10.1,10.4,12.16,10.5,-0.003,-0.002,-0.002,0.0,0.01,-80.3060575,26.9207941,306.05
-13.4,2.0,0.0,-0.01,-0.2,0.01,0.03,0.64,-0.76,0.15,0.14,8.741,9.987,9.27,8.898,9.91,10.4,11.58,11.97,-0.003,-0.002,-0.002,0.0,0.0,-80.3060575,26.9207941,306.1
-13.3,1.9,0.0,-0.01,-0.4,-0.54,0.3,-1.53,0.37,0.14,0.14,7.377,9.467,8.888,8.858,9.61,9.42,11.28,11.77,-0.002,-0.002,-0.002,0.0,0.0,-80.3060575,26.9207941,306.15
-13.2,2.0,0.0,-0.01,-0.13,0.34,0.12,-0.37,-0.17,0.14,0.12,11.478,8.142,8.505,9.143,10.3,8.73,11.77,11.28,-0.002,-0.002,-0.002,0.0,0.01,-80.3060575,26.9207941,306.2
-13.1,2.0,0.0,-0.01,0.05,0.34,0.06,-0.44,0.52,0.12,0.13,12.331,7.613,9.398,9.614,10.79,9.12,11.77,10.99,-0.002,-0.002,-0.001,0.0,0.01,-80.3060575,26.9207941,306.25
-13.1,2.0,0.0,-0.02,-0.19,-0.13,0.3,-1.08,0.71,0.13,0.13,8.368,9.064,9.967,9.987,10.2,10.2,11.87,10.89,-0.002,-0.002,-0.001,0.0,0.01,-80.3060575,26.9207941,306.3
-13.1,1.9,0.0,-0.02,-0.64,-0.06,-0.07,-0.55,0.08,0.13,0.13,9.359,10.82,7.848,7.966,11.38,9.81,10.79,11.77,-0.002,-0.002,-0.001,0.0,0.01,-80.3060575,26.9207941,306.35
-13.1,2.0,0.0,-0.01,0.69,-0.1,0.42,1.81,-0.3,0.17,0.13,7.24,10.251,10.036,9.81,8.83,10.1,12.36,11.97,-0.002,-0.002,-0.001,0.0,0.01,-80.3060575,26.9207941,306.4
-13.0,2.0,0.0,-0.02,-0.42,0.22,0.24,-0.88,-0.06,0.14,0.12,11.586,9.712,7.367,8.025,10.3,9.91,10.99,11.77,-0.002,-0.002,-0.001,0.0,0.01,-80.3060575,26.9207941,306.45
-13.0,2.0,0.0,-0.01,0.48,0.22,-0.0,-0.35,0.66,0.13,0.12,7.024,10.722,10.663,10.016,9.91,9.52,11.87,10.4,-0.002,-0.002,-0.001,0.0,0.01,-80.3060575,26.9207941,306.5
-13.0,2.1,0.0,0.0,0.22,-0.31,0.23,0.33,-0.75,0.15,0.1,8.751,9.32,8.064,8.172,8.83,9.61,12.46,12.56,-0.002,-0.002,-0.001,0.0,0.02,-80.3060575,26.9207941,306.55
-13.0,2.1,0.0,0.0,-0.19,-0.03,-0.03,-0.97,0.07,0.13,0.12,8.711,10.438,9.231,9.035,10.2,9.32,10.5,9.91,-0.002,-0.002,-0.001,0.0,-0.02,-80.3060575,26.9207941,306.6
-13.0,2.1,0.0,-0.01,0.14,0.11,0.08,0.87,-0.15,0.16,0.12,11.291,8.623,8.603,9.506,11.38,9.22,10.99,11.87,-0.002,-0.002,-0.001,0.0,-0.01,-80.3060575,26.9207941,306.65
-13.0,2.1,0.0,-0.01,0.37,0.53,-0.15,-1.06,0.11,0.14,0.12,7.465,10.448,10.487,9.732,10.01,9.42,12.07,11.77,-0.002,-0.002,-0.001,0.0,-0.02,-80.3060575,26.9207941,306.7
-12.9,2.1,0.0,0.0,-0.05,-0.73,0.23,0.41,-0.76,0.16,0.13,10.134,8.957,8.103,8.397,8.63,9.81,11.77,12.85,-0.002,-0.002,-0.001,0.0,0.03,-80.3060575,26.9207941,306.75
-12.9,2.2,0.0,-0.02,-0.85,0.18,0.06,-2.07,0.64,0.13,0.12,9.32,11.203,9.241,9.329,11.28,9.81,9.91,9.12,-0.002,-0.002,-0.001,0.0,0.01,-80.3060575,26.9207941,306.8
-13.0,2.2,0.0,0.01,0.81,0.02,0.01,1.08,-0.53,0.14,0.11,7.809,9.594,10.075,9.359,8.93,10.5,13.93,11.87,-0.002,-0.002,-0.001,0.0,0.01,-80.3060575,26.9207941,306.85
-13.0,2.2,0.0,-0.02,-0.5,-0.22,0.3,-0.37,-0.18,0.16,0.12,10.683,9.663,7.995,8.191,10.01,9.71,11.09,11.67,-0.002,-0.002,-0.001,0.0,-0.0,-80.3060575,26.9207941,306.9
-12.9,2.2,0.0,-0.01,-0.46,0.32,-0.09,-1.99,0.41,0.13,0.12,8.554,10.83,9.957,9.437,11.58,10.1,10.5,9.22,-0.002,-0.002,-0.001,0.0,0.0,-80.3060574,26.9207941,306.95
-13.0,2.2,0.0,-0.0,0.76,0.7,-0.01,3.04,-1.35,0.2,0.1,13.4,7.416,8.339,8.731,10.79,8.24,13.44,13.34,-0.002,-0.002,-0.001,0.0,0.0,-80.3060574,26.9207941,307.0
-13.0,2.2,0.0,-0.01,0.24,0.26,0.28,-1.75,0.57,0.13,0.12,10.212,7.524,9.888,11.026,10.99,8.24,9.61,11.48,-0.002,-0.002,-0.001,0.0,0.01,-80.3060574,26.9207941,307.05
-13.0,2.3,0.0,-0.01,-0.36,-0.49,0.08,-2.69,0.46,0.12,0.12,8.113,8.535,8.77,9.251,10.69,9.32,10.89,10.79,-0.002,-0.002,-0.001,0.0,-0.0,-80.3060574,26.9207941,307.1
-13.0,2.3,0.0,-0.01,-0.45,-0.22,0.06,0.32,-0.58,0.14,0.1,6.318,10.732,7.985,8.525,11.18,9.32,9.91,12.36,-0.002,-0.002,-0.001,0.0,-0.0,-80.3060574,26.9207941,307.15
-12.9,2.3,0.0,-0.0,-0.34,-0.2,-0.09,0.65,-0.53,0.15,0.1,8.545,11.085,7.701,8.24,11.18,9.42,11.67,11.09,-0.002,-0.002,-0.001,0.0,-0.01,-80.3060574,26.9207941,307.2
-12.9,2.3,0.0,0.01,0.58,0.31,0.38,2.25,-1.12,0.17,0.11,11.9,9.457,8.495,8.907,10.89,8.63,11.87,12.56,-0.002,-0.002,-0.001,0.0,-0.02,-80.3060574,26.9207941,307.25
-12.9,2.3,0.0,0.02,0.49,0.5,0.06,-0.09,0.03,0.18,0.11,13.41,7.24,10.134,10.085,10.79,8.34,11.87,11.38,-0.002,-0.002,-0.001,0.0,-0.04,-80.3060574,26.9207941,307.3
-12.8,2.3,0.0,-0.01,-0.33,-0.18,-0.12,-0.89,0.51,0.14,0.12,7.338,9.692,9.702,9.653,10.1,9.91,10.79,10.5,-0.002,-0.002,-0.001,0.0,-0.0,-80.3060574,26.9207941,307.35
-12.9,2.3,0.0,-0.03,-0.6,0.03,-0.29,-0.71,-0.03,0.14,0.12,6.887,11.939,8.27,7.573,10.79,10.01,11.18,11.48,-0.002,-0.002,-0.001,0.0,-0.01,-80.3060574,26.9207941,307.4
-13.2,2.3,0.0,0.0,0.54,0.14,0.31,2.37,-1.13,0.18,0.1,12.223,8.898,8.947,8.957,10.1,9.32,13.83,11.67,-0.002,-0.002,-0.001,0.0,0.0,-80.3060574,26.9207941,307.45
-13.5,2.3,0.0,-0.04,0.12,0.22,0.28,-1.08,0.2,0.13,0.12,7.966,9.584,10.909,9.928,9.61,10.01,11.28,10.69,-0.002,-0.002,-0.001,0.0,-0.01,-80.3060574,26.9207941,307.5
-13.8,2.3,0.0,-0.02,-0.69,-0.09,-0.06,-0.35,0.48,0.14,0.13,7.858,11.772,7.995,7.534,10.01,10.4,11.87,10.79,-0.002,-0.002,-0.001,0.0,-0.0,-80.3060574,26.9207941,307.55
-13.8,2.3,0.0,0.01,0.43,0.32,0.46,1.75,-0.39,0.17,0.12,12.066,8.927,9.476,9.104,9.52,9.52,13.54,11.58,-0.002,-0.002,-0.001,0.0,0.01,-80.3060574,26.9207941,307.6
-13.7,2.3,0.0,-0.01,-0.12,0.28,-0.66,-0.55,0.97,0.14,0.14,7.407,9.741,10.301,9.702,9.81,10.3,11.58,10.1,-0.002,-0.002,-0.001,0.0,0.01,-80.3060574,26.9207941,307.65
-13.7,2.2,0.0,-0.0,-0.57,-0.42,-0.08,-2.61,0.44,0.12,0.12,5.346,12.076,8.966,7.622,9.22,10.79,12.16,10.79,-0.002,-0.002,-0.001,0.0,0.0,-80.3060574,26.9207941,307.7
-13.7,2.2,0.0,-0.01,0.06,-0.0,0.03,1.77,-0.45,0.15,0.12,10.624,10.144,8.25,7.711,9.52,10.1,12.95,11.18,-0.002,-0.002,-0.001,0.0,0.0,-80.3060574,26.9207941,307.75
-13.8,2.2,0.0,-0.01,0.52,0.1,0.02,0.38,-0.03,0.16,0.12,8.299,9.418,10.634,10.389,9.22,10.1,12.56,10.69,-0.002,-0.002,-0.001,0.0,0.0,-80.3060574,26.9207941,307.8
-13.6,2.2,0.0,-0.01,-0.63,0.24,-0.28,-0.57,0.29,0.12,0.12,10.683,10.202,7.966,7.583,11.18,9.52,11.48,10.01,-0.002,-0.002,-0.001,0.0,0.0,-80.3060574,26.9207941,307.85
-13.7,2.2,0.0,0.01,0.7,-0.1,0.11,0.68,-0.02,0.17,0.12,11.095,7.858,10.477,10.448,9.61,9.52,12.75,10.79,-0.002,-0.002,-0.001,0.0,-0.0,-80.3060574,26.9207941,307.9
-13.8,2.2,0.0,-0.02,-0.7,0.28,-0.16,-1.23,1.0,0.12,0.14,6.367,11.841,9.094,8.456,10.69,10.79,11.48,10.1,-0.002,-0.002,-0.001,0.0,0.0,-80.3060574,26.9207941,307.95
-13.7,2.2,0.0,-0.01,0.29,-0.15,0.05,2.49,-0.56,0.19,0.11,10.86,10.026,7.956,8.26,9.81,10.79,12.46,12.46,-0.002,-0.002,-0.001,0.0,-0.0,-80.3060574,26.9207941,308.0
-13.7,2.2,0.0,0.0,0.63,0.23,0.26,-0.11,0.09,0.14,0.13,9.996,8.505,10.575,9.673,9.22,9.03,12.85,11.28,-0.002,-0.002,-0.001,0.0,0.0,-80.3060574,26.9207941,308.05
-13.7,2.2,0.0,-0.02,-0.88,0.18,-0.11,-1.94,1.1,0.12,0.14,8.191,11.164,9.202,8.319,11.09,9.91,10.4,8.83,-0.002,-0.002,-0.001,0.0,-0.0,-80.3060574,26.9207941,308.1
-13.8,2.2,0.0,0.01,0.83,0.09,0.05,2.2,-0.7,0.17,0.11,11.389,8.446,9.32,8.574,9.81,8.63,14.32,12.85,-0.002,-0.002,-0.001,0.0,-0.0,-80.3060573,26.9207941,308.15
-13.9,2.2,0.0,-0.01,-0.21,-0.04,0.31,-2.02,0.84,0.12,0.14,8.348,8.76,10.536,10.222,10.89,9.42,11.38,9.32,-0.002,-0.002,-0.001,0.0,-0.0,-80.3060573,26.9207941,308.2
-13.8,2.2,0.0,-0.02,-0.68,-0.33,0.1,0.73,0.68,0.17,0.11,7.053,11.389,7.387,8.044,10.5,10.4,11.58,11.48,-0.002,-0.002,-0.001,0.0,-0.0,-80.3060573,26.9207941,308.25
-13.8,2.2,0.0,0.0,0.16,0.11,0.03,2.17,-0.83,0.17,0.12,10.026,10.222,8.27,8.858,11.67,9.71,12.16,11.48,-0.002,-0.002,-0.001,0.0,-0.01,-80.3060573,26.9207941,308.3
-13.8,2.3,0.0,0.01,0.63,0.4,-0.21,1.33,-0.18,0.17,0.13,12.037,9.839,9.123,9.349,11.38,8.83,12.16,11.67,-0.002,-0.002,-0.001,0.0,0.0,-80.3060573,26.9207941,308.35
-13.7,2.4,0.0,0.01,0.52,0.38,-0.01,-1.17,0.55,0.13,0.13,11.223,7.112,10.222,9.751,10.01,8.44,11.87,11.38,-0.002,-0.002,-0.001,0.0,0.0,-80.3060573,26.9207941,308.4
-13.7,2.4,0.0,-0.02,-0.78,-0.49,0.06,-1.53,0.26,0.13,0.13,8.24,8.554,9.182,9.378,11.18,9.12,10.2,10.2,-0.002,-0.002,-0.001,0.0,-0.0,-80.3060573,26.9207941,308.45
-13.7,2.4,0.0,-0.01,-0.18,-0.67,0.41,-0.95,0.51,0.12,0.13,6.995,9.104,8.77,9.006,9.91,9.91,12.07,11.58,-0.002,-0.002,-0.001,0.0,-0.01,-80.3060572,26.9207941,308.5
-13.8,2.4,0.0,-0.01,-0.59,-0.77,-0.14,0.4,-0.15,0.16,0.13,5.866,11.664,7.25,8.976,10.5,10.2,9.61,13.34,-0.002,-0.002,-0.001,0.0,-0.02,-80.3060572,26.9207941,308.55
-13.8,2.4,0.0,-0.01,-0.19,-0.69,-0.04,1.62,-0.64,0.16,0.12,7.279,11.458,7.681,9.094,10.5,10.01,10.69,12.46,-0.002,-0.002,-0.001,0.0,-0.01,-80.3060572,26.9207941,308.6
-13.7,2.4,0.0,0.0,0.03,0.11,-0.32,2.94,-0.87,0.18,0.12,10.281,11.056,8.054,8.476,9.91,10.5,11.28,12.85,-0.002,-0.002,-0.001,0.0,0.0,-80.3060572,26.9207941,308.65
-13.7,2.4,0.0,0.0,0.41,0.58,0.1,1.74,-0.65,0.17,0.12,12.557,9.643,9.192,9.064,10.89,9.91,12.07,11.58,-0.002,-0.002,-0.001,0.0,0.0,-80.3060572,26.9207941,308.7
-13.7,2.4,0.0,0.0,0.34,0.2,0.02,-0.58,0.49,0.13,0.14,12.321,8.182,10.35,10.281,10.3,9.12,11.28,12.56,-0.002,-0.002,-0.001,0.0,0.0,-80.3060572,26.9207941,308.75
-13.7,2.4,0.0,-0.0,0.01,-0.08,0.18,-2.47,0.83,0.12,0.15,8.633,8.907,10.075,9.741,9.32,9.71,11.28,11.28,-0.002,-0.002,-0.001,0.0,-0.01,-80.3060572,26.9207941,308.8
-13.6,2.5,0.0,-0.02,-0.77,-0.68,0.18,-1.36,0.85,0.13,0.15,8.79,8.083,8.731,8.672,9.12,9.91,11.09,10.1,-0.002,-0.002,-0.001,0.0,-0.01,-80.3060572,26.9207942,308.85
-13.6,2.7,0.0,0.02,0.27,0.77,-0.01,-0.56,-0.0,0.18,0.12,9.467,7.966,8.957,8.966,10.2,9.42,12.56,10.59,-0.002,-0.002,-0.001,0.0,0.01,-80.3060572,26.9207942,308.9
-13.6,2.8,0.0,-0.0,-0.42,-0.54,0.01,-0.27,0.28,0.14,0.14,8.456,8.545,8.545,9.32,10.1,9.91,12.16,10.79,-0.002,-0.002,-0.001,0.0,-0.01,-80.3060572,26.9207942,308.95
-13.7,2.8,0.0,-0.01,-0.72,-0.32,0.2,-0.55,0.59,0.13,0.14,5.857,11.9,8.28,8.476,10.01,10.79,11.28,10.5,-0.002,-0.002,-0.001,0.0,-0.01,-80.3060571,26.9207942,309.0
-13.7,2.9,0.0,0.01,0.06,0.04,0.08,1.59,-0.19,0.16,0.13,8.113,11.85,8.113,7.681,9.91,10.79,12.95,11.87,-0.002,-0.002,-0.001,0.0,-0.0,-80.3060571,26.9207942,309.05
-13.8,2.9,0.0,0.01,0.69,0.43,-0.11,2.24,-1.12,0.18,0.11,9.535,11.203,9.182,8.957,9.42,10.59,11.77,12.56,-0.002,-0.002,-0.001,0.0,-0.0,-80.3060571,26.9207942,309.1
-13.8,2.9,0.0,0.01,0.08,0.32,-0.24,0.46,-0.1,0.13,0.13,8.868,11.38,8.878,8.348,9.81,10.01,11.58,11.38,-0.002,-0.002,-0.001,0.0,0.0,-80.3060571,26.9207942,309.15
-13.8,2.9,0.0,0.0,0.21,-0.29,-0.09,0.9,-0.49,0.17,0.12,7.308,10.791,8.966,9.329,9.42,10.4,11.18,12.16,-0.002,-0.002,-0.001,0.0,-0.01,-80.3060571,26.9207942,309.2
-13.8,2.9,0.0,0.01,-0.37,-0.37,0.54,0.54,0.22,0.16,0.13,6.71,10.614,8.858,8.417,9.71,9.91,11.87,10.69,-0.002,-0.002,-0.001,0.0,-0.03,-80.3060571,26.9207942,309.25
-13.7,2.9,0.0,0.01,0.31,-0.04,-0.09,-0.27,0.16,0.16,0.13,9.869,11.154,8.554,8.437,8.63,11.38,12.95,11.38,-0.002,-0.002,-0.001,0.0,-0.03,-80.3060571,26.9207942,309.3
-13.7,3.0,0.0,0.0,-0.03,0.27,0.09,0.88,-0.54,0.16,0.11,11.546,7.456,8.633,9.575,10.69,8.93,10.69,11.87,-0.002,-0.002,-0.001,0.0,-0.01,-80.3060571,26.9207942,309.35
-13.7,3.0,0.0,0.0,0.02,-0.45,-0.02,-0.32,0.18,0.15,0.13,8.015,10.389,9.27,9.732,11.77,8.24,11.97,10.4,-0.002,-0.002,-0.001,0.0,-0.01,-80.3060571,26.9207942,309.4
-13.7,3.0,0.0,0.01,0.38,-0.39,-0.15,-0.17,-0.47,0.16,0.13,10.919,7.848,7.848,9.643,9.81,9.61,11.28,14.03,-0.002,-0.002,-0.001,0.0,-0.02,-80.3060571,26.9207942,309.45
-13.8,3.0,0.0,-0.0,-0.34,0.41,0.06,1.25,-0.4,0.17,0.13,9.388,11.007,8.858,9.28,11.77,8.53,10.79,9.81,-0.002,-0.002,-0.001,0.0,-0.0,-80.3060571,26.9207942,309.5
-13.6,2.9,0.0,-0.01,0.23,-0.55,-0.25,-0.7,-0.51,0.16,0.12,11.331,7.917,8.407,9.565,10.59,10.1,10.79,13.34,-0.002,-0.002,-0.001,0.0,-0.01,-80.3060571,26.9207942,309.55
-13.7,2.9,0.0,-0.0,-0.17,0.11,-0.24,0.24,0.16,0.16,0.12,9.82,9.349,9.722,9.015,10.3,9.32,12.46,10.69,-0.002,-0.002,-0.001,0.0,-0.01,-80.3060571,26.9207942,309.6
-13.7,2.9,0.0,0.0,0.03,-0.16,-0.01,-1.34,0.45,0.14,0.12,8.751,10.222,8.79,9.182,10.89,8.93,11.18,11.09,-0.002,-0.002,-0.001,0.0,-0.01,-80.3060571,26.9207942,309.65
-13.7,2.6,0.0,0.01,0.06,0.45,-0.2,0.92,-0.58,0.16,0.11,10.732,7.985,8.829,8.564,10.01,10.3,11.87,12.36,-0.002,-0.002,-0.001,0.0,-0.02,-80.3060571,26.9207942,309.7
-13.7,2.4,0.0,-0.0,-0.37,-0.34,-0.07,-0.94,0.51,0.14,0.13,9.261,10.242,9.133,8.927,10.59,9.22,11.38,10.5,-0.002,-0.002,-0.001,0.0,-0.01,-80.3060571,26.9207942,309.75
-13.7,2.3,0.0,0.01,0.16,0.16,-0.18,0.45,0.02,0.16,0.12,8.662,10.173,8.819,9.104,10.2,10.1,11.28,12.85,-0.002,-0.002,-0.001,0.0,-0.0,-80.3060571,26.9207942,309.8
-13.6,2.2,0.0,0.0,-0.01,0.31,-0.01,0.23,-0.08,0.2,0.11,9.771,9.8,9.359,8.888,9.52,10.59,12.07,11.58,-0.002,-0.002,-0.001,0.0,-0.01,-80.3060571,26.9207942,309.85
-13.7,2.2,0.0,0.0,0.05,0.11,-0.17,-0.47,0.22,0.14,0.12,8.044,10.457,9.516,8.898,9.32,9.91,11.48,11.09,-0.002,-0.002,-0.001,0.0,-0.01,-80.3060571,26.9207942,309.9
-13.7,2.2,0.0,0.0,-0.03,0.34,0.17,0.77,-0.28,0.16,0.12,9.153,10.163,9.251,8.76,9.42,10.89,12.07,11.28,-0.002,-0.002,-0.001,0.0,-0.0,-80.3060571,26.9207942,309.95
-13.7,2.2,0.0,-0.0,0.01,-0.56,-0.04,-0.25,0.12,0.14,0.12,9.496,9.163,9.192,9.163,10.79,9.03,12.16,11.48,-0.002,-0.002,-0.001,0.0,-0.02,-80.3060571,26.9207942,310.0
-13.7,2.2,0.0,0.0,0.06,0.75,-0.24,-0.24,-0.2,0.14,0.12,10.036,10.869,9.29,9.006,10.3,10.4,10.99,11.67,-0.002,-0.002,-0.001,0.0,-0.0,-80.3060571,26.9207942,310.05
-13.7,2.2,0.0,0.0,-0.06,-0.32,0.28,-0.39,0.32,0.14,0.12,7.671,9.143,9.123,9.015,9.22,10.3,12.95,9.81,-0.002,-0.002,-0.001,0.0,0.03,-80.3060571,26.9207942,310.1
-13.5,2.2,0.0,0.0,-0.13,-0.14,-0.28,0.43,0.22,0.16,0.12,11.301,6.926,8.868,9.418,10.59,8.93,11.58,11.58,-0.002,-0.002,-0.001,0.0,-0.01,-80.3060571,26.9207942,310.15
-13.6,2.3,0.0,0.01,0.15,0.55,-0.13,-0.22,-0.27,0.15,0.12,9.79,10.556,8.976,9.32,11.58,8.93,10.69,11.87,-0.002,-0.002,-0.001,0.0,0.02,-80.3060571,26.9207942,310.2
-13.7,2.3,0.0,-0.0,0.07,-0.36,-0.01,0.72,-0.39,0.16,0.12,9.094,8.486,8.378,9.261,10.2,8.83,10.79,13.34,-0.002,-0.002,-0.001,0.0,-0.01,-80.3060571,26.9207942,310.25
-13.6,2.3,0.0,0.0,-0.06,0.38,-0.13,-0.68,-0.35,0.14,0.12,12.096,8.898,9.496,9.771,10.79,9.12,10.69,10.4,-0.002,-0.002,-0.001,0.0,-0.01,-80.3060571,26.9207942,310.3
-13.7,2.4,0.0,-0.01,0.27,0.36,-0.08,0.41,0.11,0.16,0.12,12.606,9.025,8.78,9.408,11.58,9.42,10.79,12.56,-0.002,-0.002,-0.001,0.0,-0.04,-80.3060571,26.9207942,310.35
-13.8,2.4,0.0,0.0,0.2,0.68,-0.22,0.64,-0.32,0.16,0.12,11.164,9.947,8.976,9.506,11.67,9.03,10.69,12.65,-0.002,-0.002,-0.001,0.0,-0.0,-80.3060571,26.9207942,310.4
-13.9,2.3,0.0,0.0,0.27,0.43,0.13,-0.97,-0.33,0.14,0.12,9.231,11.105,9.163,9.094,11.28,9.12,10.2,12.36,-0.002,-0.002,-0.001,0.0,-0.01,-80.3060571,26.9207942,310.45
-13.9,2.3,0.0,0.0,0.17,0.65,-0.25,0.86,-0.37,0.14,0.11,9.673,10.762,9.231,8.495,11.09,9.42,11.28,11.38,-0.002,-0.002,-0.001,0.0,0.01,-80.3060571,26.9207942,310.5
-13.8,2.4,0.0,0.0,0.45,0.42,0.03,0.62,-0.74,0.14,0.09,10.546,10.565,9.643,9.074,11.09,8.93,11.58,11.67,-0.002,-0.002,-0.002,0.0,-0.0,-80.3060571,26.9207943,310.55
-13.9,2.4,0.0,0.0,0.37,0.52,0.47,0.59,-0.36,0.13,0.09,10.124,10.605,9.437,9.153,11.09,9.03,11.48,11.87,-0.002,-0.001,-0.002,0.0,-0.0,-80.3060571,26.9207942,310.6
-13.8,2.3,0.0,0.0,0.32,0.13,-0.19,0.95,-0.17,0.13,0.09,9.104,10.369,8.79,8.957,10.89,9.32,11.28,11.87,-0.002,-0.002,-0.002,0.0,-0.01,-80.3060571,26.9207943,310.65
-13.8,2.4,0.0,0.02,0.1,-0.63,-0.1,0.32,-0.41,0.13,0.1,8.339,8.603,8.211,9.29,10.4,8.83,10.99,11.87,-0.002,-0.001,-0.002,0.0,-0.0,-80.3060571,26.9207943,310.7
-13.8,2.4,0.0,0.01,0.04,-0.26,0.07,0.57,-0.53,0.12,0.09,9.329,8.221,8.721,9.761,11.58,8.14,10.5,12.26,-0.002,-0.001,-0.002,0.0,0.0,-80.3060571,26.9207943,310.75
-13.7,2.4,0.0,0.0,0.23,0.26,0.18,0.14,-0.09,0.13,0.09,12.351,8.878,8.8,9.369,10.69,9.22,11.58,11.28,-0.002,-0.001,-0.002,0.0,-0.01,-80.3060571,26.9207943,310.8
-13.8,2.4,0.0,0.0,0.27,0.86,0.01,0.48,-0.45,0.13,0.1,10.879,10.928,9.32,9.104,10.89,10.1,11.58,11.28,-0.002,-0.002,-0.002,0.0,-0.0,-80.3060571,26.9207943,310.85
-13.8,2.4,0.0,-0.0,-0.23,-0.17,-0.22,1.12,0.38,0.15,0.11,8.505,10.762,9.241,8.692,9.42,10.89,11.87,11.28,-0.002,-0.002,-0.002,0.0,-0.01,-80.3060571,26.9207943,310.9
-13.7,2.4,0.0,-0.0,-0.14,-0.51,-0.0,-0.35,0.02,0.17,0.1,9.094,7.799,8.937,9.575,10.1,9.42,11.38,11.77,-0.002,-0.002,-0.002,0.0,-0.04,-80.3060571,26.9207943,310.95
-13.6,2.4,0.0,-0.0,0.17,0.04,0.02,0.51,-0.1,0.14,0.13,10.83,9.457,9.172,9.437,10.4,9.12,11.38,11.77,-0.002,-0.002,-0.002,0.0,0.01,-80.3060571,26.9207943,311.0
-13.7,2.4,0.0,-0.0,0.11,0.48,-0.36,-0.18,-0.56,0.14,0.11,9.633,11.164,9.104,8.623,9.91,10.5,10.89,11.77,-0.002,-0.002,-0.001,0.0,-0.02,-80.3060571,26.9207943,311.05
-13.7,2.4,0.0,-0.0,-0.22,-0.5,-0.11,0.55,0.07,0.14,0.12,7.671,9.182,9.212,8.662,8.83,10.3,12.36,9.81,-0.002,-0.002,-0.001,0.0,-0.01,-80.3060571,26.9207943,311.1
-13.6,2.4,0.0,-0.0,-0.11,-0.17,0.22,-0.71,0.47,0.13,0.12,9.987,8.24,9.486,9.251,9.81,9.12,11.77,11.67,-0.002,-0.002,-0.001,0.0,-0.01,-80.3060571,26.9207943,311.15
-13.6,2.4,0.0,0.0,0.09,0.45,0.02,0.12,-0.32,0.15,0.12,11.772,9.329,9.27,9.015,10.79,9.22,11.38,11.18,-0.002,-0.002,-0.001,0.0,-0.0,-80.3060571,26.9207943,311.2
-13.7,2.4,0.0,0.0,0.19,0.63,-0.0,0.22,-0.0,0.11,0.12,10.948,10.222,9.467,9.035,10.79,9.61,10.89,11.58,-0.002,-0.002,-0.001,0.0,0.0,-80.3060571,26.9207943,311.25
-13.7,2.4,0.0,0.01,0.48,0.73,-0.19,0.54,0.0,0.15,0.12,11.713,9.869,9.839,9.064,10.5,9.42,12.75,11.28,-0.002,-0.002,-0.001,0.0,0.01,-80.3060571,26.9207943,311.3
-13.6,2.4,0.0,0.0,0.41,0.48,-0.14,-0.93,0.04,0.15,0.11,13.185,7.593,10.928,9.81,10.3,9.12,12.07,11.18,-0.002,-0.002,-0.001,0.0,-0.0,-80.3060571,26.9207943,311.35
-13.7,2.4,0.0,-0.0,-0.28,-0.14,-0.07,-1.25,0.82,0.13,0.14,11.144,7.318,10.094,10.104,10.4,9.32,11.09,10.59,-0.002,-0.002,-0.001,0.0,-0.01,-80.3060571,26.9207943,311.4
-13.6,2.4,0.0,-0.0,-0.53,-0.25,0.08,-2.03,0.65,0.11,0.13,9.849,7.868,9.153,9.369,10.3,9.42,11.28,10.59,-0.002,-0.002,-0.001,0.0,-0.01,-80.3060571,26.9207943,311.45
-13.6,2.4,0.0,-0.0,-0.43,-0.36,0.01,-0.83,0.56,0.12,0.13,7.917,8.8,8.682,8.888,9.81,10.3,11.77,11.28,-0.002,-0.002,-0.001,0.0,-0.01,-80.3060571,26.9207943,311.5
-13.7,2.4,0.0,-0.0,-0.68,-0.85,0.15,-0.6,-0.13,0.13,0.12,5.621,11.164,8.054,8.878,10.3,10.2,10.79,12.26,-0.002,-0.002,-0.001,0.0,-0.02,-80.3060571,26.9207943,311.55
-13.7,2.4,0.0,-0.0,-0.44,-0.76,-0.15,1.22,-0.94,0.15,0.11,6.857,10.801,7.897,8.388,9.81,10.99,11.28,12.65,-0.002,-0.002,-0.001,0.0,-0.02,-80.3060571,26.9207943,311.6
-13.8,2.4,0.0,0.0,-0.09,-0.44,-0.15,0.52,-0.02,0.14,0.13,6.229,12.076,8.064,8.741,10.01,10.3,11.67,13.05,-0.002,-0.002,-0.001,0.0,-0.01,-80.3060571,26.9207943,311.65
-13.7,2.4,0.0,-0.0,-0.09,0.09,-0.28,2.5,-0.59,0.17,0.11,10.153,10.595,8.132,8.015,9.91,10.3,12.36,11.28,-0.002,-0.002,-0.001,0.0,-0.0,-80.3060571,26.9207943,311.7
-13.8,2.4,0.0,0.0,0.51,0.88,0.03,0.91,-0.16,0.15,0.12,10.075,10.614,9.427,8.858,10.4,9.52,12.56,10.79,-0.002,-0.002,-0.001,0.0,0.01,-80.3060571,26.9207943,311.75
-13.8,2.4,0.0,0.01,0.43,0.75,0.38,-0.04,-0.25,0.16,0.12,9.898,11.282,10.379,9.094,10.1,9.71,11.87,11.87,-0.002,-0.002,-0.001,0.0,0.01,-80.3060571,26.9207943,311.8
-13.8,2.4,0.0,-0.0,0.32,0.43,-0.02,0.27,-0.08,0.18,0.1,9.722,11.458,9.653,8.564,10.01,10.1,11.38,10.79,-0.002,-0.002,-0.001,0.0,-0.02,-80.3060571,26.9207943,311.85
-13.7,2.4,0.0,0.02,0.68,0.64,0.03,0.74,-0.29,0.14,0.11,12.066,9.241,9.888,8.751,9.91,9.03,12.95,10.79,-0.002,-0.002,-0.001,0.0,0.01,-80.3060571,26.9207943,311.9
-13.6,2.4,0.0,0.0,0.03,-0.09,0.1,-1.89,0.61,0.11,0.12,9.565,8.554,10.84,10.016,9.42,10.3,12.07,10.1,-0.002,-0.002,-0.001,0.0,-0.01,-80.3060571,26.9207943,311.95
-13.7,2.4,0.0,-0.01,-0.94,0.15,0.13,-1.13,0.57,0.11,0.12,7.681,12.076,8.446,7.652,10.5,10.5,11.77,9.22,-0.002,-0.002,-0.001,0.0,0.0,-80.3060571,26.9207943,312.0
-13.6,2.4,0.0,0.02,0.87,-0.07,0.45,2.25,-0.83,0.17,0.1,12.881,7.161,9.702,9.113,8.93,10.3,14.72,12.07,-0.002,-0.002,-0.001,0.0,-0.01,-80.3060571,26.9207943,312.05
-13.7,2.4,0.0,-0.01,-0.71,-0.05,0.33,-2.87,1.08,0.09,0.13,5.876,10.938,9.888,9.202,10.1,10.79,10.99,8.83,-0.002,-0.002,-0.001,0.0,0.0,-80.3060571,26.9207943,312.1
-13.7,2.4,0.0,-0.0,-0.33,-0.32,0.12,0.14,-0.05,0.12,0.13,5.582,12.733,8.083,7.465,8.93,10.79,12.75,12.16,-0.002,-0.002,-0.001,0.0,-0.01,-80.3060571,26.9207942,312.15
-13.6,2.4,0.0,-0.0,0.11,0.09,0.34,1.63,-0.49,0.16,0.11,8.741,11.89,8.888,8.083,9.71,10.79,12.75,10.79,-0.002,-0.002,-0.001,0.0,0.0,-80.3060571,26.9207942,312.2
-13.7,2.4,0.0,0.01,0.74,0.9,0.23,1.64,-0.19,0.17,0.11,10.173,11.066,9.575,8.692,9.91,10.1,12.56,10.99,-0.002,-0.002,-0.001,0.0,0.01,-80.3060571,26.9207942,312.25
-13.7,2.4,0.0,0.0,0.56,0.87,0.37,0.88,-0.26,0.14,0.11,11.968,8.809,9.771,8.966,10.4,8.93,11.77,11.28,-0.002,-0.002,-0.001,0.0,0.01,-80.3060571,26.9207942,312.3
-13.7,2.4,0.0,0.0,0.43,0.55,0.27,-0.81,0.46,0.13,0.12,13.803,6.347,10.026,10.212,10.1,8.34,11.77,11.67,-0.002,-0.002,-0.001,0.0,0.01,-80.3060571,26.9207942,312.35
-13.7,2.4,0.0,-0.0,-0.46,-0.12,0.1,-1.7,0.32,0.12,0.12,9.575,7.514,9.398,10.82,11.87,8.63,9.42,10.99,-0.002,-0.002,-0.001,0.0,-0.0,-80.3060571,26.9207942,312.4
-13.7,2.4,0.0,0.0,-0.09,-0.61,0.02,-0.72,-0.14,0.12,0.11,9.496,7.259,8.221,9.408,10.89,9.12,10.89,12.75,-0.002,-0.002,-0.001,0.0,-0.01,-80.3060571,26.9207942,312.45
-13.8,2.4,0.0,-0.0,-0.43,-0.58,-0.1,0.32,-0.29,0.14,0.11,6.769,10.153,7.877,9.633,10.99,9.42,9.71,13.05,-0.002,-0.002,-0.001,0.0,-0.01,-80.3060571,26.9207942,312.5
-13.7,2.4,0.0,-0.0,-0.42,-0.27,0.02,1.22,-0.82,0.15,0.1,8.064,10.899,7.348,8.456,11.38,9.71,10.2,12.46,-0.002,-0.002,-0.001,0.0,-0.01,-80.3060571,26.9207942,312.55
-13.7,2.4,0.0,0.0,0.46,0.32,-0.06,2.98,-0.56,0.17,0.1,11.772,9.732,7.779,8.947,11.28,8.73,11.28,13.64,-0.002,-0.002,-0.001,0.0,0.0,-80.3060571,26.9207942,312.6
-13.7,2.4,0.0,0.0,0.53,0.33,0.03,-0.51,-0.12,0.12,0.11,10.889,8.672,10.467,9.898,10.3,8.14,12.07,12.16,-0.002,-0.002,-0.001,0.0,0.0,-80.3060571,26.9207942,312.65
-13.6,2.4,0.0,-0.0,-0.54,-0.5,0.35,-2.87,1.41,0.1,0.13,9.938,8.221,10.016,9.8,10.1,10.2,10.5,10.3,-0.002,-0.002,-0.001,0.0,-0.01,-80.3060571,26.9207942,312.7
-13.6,2.4,0.0,0.01,-0.52,-0.41,0.13,-0.2,0.47,0.12,0.12,7.946,8.819,8.289,8.437,10.99,9.52,11.58,10.79,-0.002,-0.002,-0.001,0.0,0.02,-80.3060571,26.9207942,312.75
-13.6,2.5,0.0,-0.0,-0.36,-0.9,0.1,-0.49,0.14,0.13,0.11,9.594,7.809,8.476,9.163,10.2,9.61,12.75,11.09,-0.002,-0.002,-0.001,0.0,-0.01,-80.3060571,26.9207942,312.8
-13.6,2.5,0.0,-0.0,-0.64,-0.07,-0.22,-0.47,0.89,0.12,0.13,10.31,7.671,8.466,9.133,10.2,10.1,10.79,10.1,-0.002,-0.002,-0.001,0.0,-0.0,-80.3060571,26.9207942,312.85
-13.6,2.5,0.0,0.0,0.05,0.22,-0.02,-1.51,0.32,0.11,0.12,12.439,6.847,9.153,9.418,10.01,9.22,13.05,11.67,-0.002,-0.002,-0.001,0.0,0.01,-80.3060571,26.9207942,312.9
-13.6,2.5,0.0,-0.0,-0.33,-0.07,0.13,-0.03,0.13,0.15,0.11,11.37,7.711,9.3,10.497,10.59,9.22,9.91,11.97,-0.002,-0.002,-0.001,0.0,-0.0,-80.3060571,26.9207942,312.95
-13.6,2.5,0.0,0.0,-0.12,-0.34,-0.19,-1.87,0.58,0.1,0.12,8.545,8.417,9.437,9.751,9.71,9.91,11.28,11.58,-0.002,-0.002,-0.001,0.0,0.01,-80.3060571,26.9207942,313.0
-13.7,2.4,0.0,-0.0,-0.6,-0.62,0.07,-0.12,0.07,0.18,0.11,5.631,11.311,7.544,8.898,10.5,9.91,9.61,11.97,-0.002,-0.002,-0.001,0.0,-0.01,-80.3060571,26.9207942,313.05
-13.7,2.4,0.0,-0.0,-0.24,-0.24,0.2,1.81,-0.51,0.15,0.11,9.261,10.683,7.711,8.397,10.79,10.01,10.59,12.16,-0.002,-0.002,-0.001,0.0,-0.0,-80.3060571,26.9207942,313.1
-13.8,2.4,0.0,0.01,0.53,0.52,-0.29,2.5,-0.62,0.18,0.1,10.399,10.889,8.28,8.79,11.09,9.22,11.97,13.15,-0.002,-0.002,-0.001,0.0,0.0,-80.3060571,26.9207942,313.15
-13.8,2.4,0.0,0.0,0.49,0.69,-0.3,0.03,-0.25,0.17,0.1,9.977,11.203,10.075,9.27,10.1,9.91,11.09,12.07,-0.002,-0.002,-0.001,0.0,0.0,-80.3060572,26.9207942,313.2
-13.9,2.4,0.0,0.0,0.15,0.23,-0.16,0.26,-0.38,0.15,0.11,7.21,11.713,9.624,8.751,9.52,10.59,11.18,10.99,-0.002,-0.002,-0.001,0.0,0.01,-80.3060572,26.9207942,313.25
-13.6,2.4,0.0,-0.0,-0.36,-1.07,-0.15,0.87,0.31,0.14,0.12,8.368,8.839,8.741,8.348,9.12,10.99,12.65,10.89,-0.002,-0.002,-0.001,0.0,-0.01,-80.3060572,26.9207942,313.3
-13.6,2.4,0.0,0.0,-0.12,-0.35,0.25,-1.37,0.17,0.13,0.11,9.82,7.701,9.722,9.172,9.52,9.22,12.46,11.09,-0.002,-0.002,-0.001,0.0,0.01,-80.3060572,26.9207942,313.35
-13.6,2.4,0.0,-0.0,-0.31,0.25,0.01,-0.44,0.19,0.17,0.1,10.84,9.359,8.839,9.378,10.69,8.83,10.69,11.58,-0.002,-0.002,-0.001,0.0,0.0,-80.3060572,26.9207942,313.4
-13.7,2.4,0.0,-0.0,0.19,0.55,-0.09,0.54,-0.41,0.14,0.11,9.751,11.017,9.29,8.721,9.91,10.69,12.36,11.58,-0.002,-0.002,-0.001,0.0,-0.01,-80.3060572,26.9207942,313.45
-13.8,2.4,0.0,0.0,0.07,0.54,-0.05,0.57,-0.26,0.15,0.11,7.034,12.272,9.938,8.545,9.42,10.99,11.87,10.99,-0.002,-0.002,-0.001,0.0,0.0,-80.3060572,26.9207942,313.5
-13.8,2.4,0.0,-0.0,-0.17,-0.85,0.24,-0.13,0.04,0.12,0.11,6.445,11.743,8.937,8.152,8.53,11.38,13.05,11.58,-0.002,-0.002,-0.001,0.0,-0.01,-80.3060572,26.9207942,313.55
-13.7,2.4,0.0,-0.0,-0.3,-0.91,0.11,1.07,-0.37,0.15,0.11,6.465,10.32,8.182,8.809,9.22,10.59,11.77,11.67,-0.002,-0.002,-0.001,0.0,-0.01,-80.3060572,26.9207942,313.6
-13.7,2.4,0.0,0.0,0.03,-0.61,-0.03,-0.05,0.01,0.16,0.11,8.927,8.28,7.956,9.369,10.59,8.93,11.09,12.65,-0.002,-0.002,-0.001,0.0,-0.01,-80.3060572,26.9207942,313.65
-13.5,2.5,0.0,0.0,-0.16,-0.23,0.09,1.16,0.44,0.15,0.11,10.389,8.025,8.741,9.663,10.1,9.03,10.79,11.28,-0.002,-0.002,-0.001,0.0,0.01,-80.3060572,26.9207942,313.7
-13.6,2.5,0.0,-0.0,-0.07,0.13,0.14,-1.8,0.59,0.12,0.11,12.89,7.485,9.055,9.486,9.91,10.01,11.87,11.77,-0.002,-0.002,-0.001,0.0,0.0,-80.3060572,26.9207942,313.75
-13.6,2.5,0.0,-0.0,-0.09,0.25,-0.23,-0.4,0.46,0.12,0.11,9.947,7.976,9.82,9.575,10.3,9.52,12.07,10.4,-0.002,-0.002,-0.001,0.0,0.01,-80.3060572,26.9207942,313.8
-13.7,2.4,0.0,-0.01,-0.79,-0.67,-0.01,-2.07,0.89,0.11,0.12,5.523,11.556,8.917,8.966,9.81,10.89,11.38,9.81,-0.002,-0.002,-0.001,0.0,-0.01,-80.3060572,26.9207942,313.85
-13.7,2.4,0.0,0.0,0.22,0.02,0.13,2.75,-0.9,0.17,0.1,11.458,10.016,7.181,7.701,10.1,9.61,12.36,12.85,-0.002,-0.002,-0.001,0.0,0.0,-80.3060572,26.9207942,313.9
-13.7,2.4,0.0,0.0,0.44,0.08,-0.07,-0.81,0.34,0.13,0.11,10.271,7.809,10.683,10.958,9.81,9.52,12.16,9.71,-0.002,-0.002,-0.001,0.0,0.0,-80.3060572,26.9207942,313.95
-13.7,2.4,0.0,-0.02,-0.87,0.19,-0.24,-1.36,0.53,0.12,0.11,6.583,12.106,8.476,8.015,10.99,10.1,11.28,10.01,-0.002,-0.002,-0.001,0.0,0.0,-80.3060572,26.9207942,314.0
-13.6,2.4,0.0,0.01,0.67,-0.2,0.08,1.6,-0.48,0.17,0.11,11.448,8.849,9.221,8.407,9.42,9.91,14.13,12.46,-0.002,-0.002,-0.001,0.0,-0.0,-80.3060572,26.9207942,314.05
-13.8,2.4,0.0,-0.0,-0.02,0.34,0.07,-2.53,0.82,0.11,0.12,7.956,9.712,11.046,9.888,10.01,10.2,11.87,9.03,-0.002,-0.002,-0.001,0.0,0.0,-80.3060572,26.9207942,314.1
-13.8,2.4,0.0,-0.01,-0.72,0.01,0.14,-0.69,0.08,0.13,0.11,6.377,11.762,7.877,7.799,10.59,10.2,11.77,10.4,-0.002,-0.002,-0.001,0.0,0.0,-80.3060572,26.9207942,314.15
-13.7,2.4,0.0,0.0,0.35,-0.01,-0.14,2.46,-0.79,0.17,0.09,12.164,9.28,7.946,8.947,10.89,8.93,12.65,12.75,-0.002,-0.002,-0.001,0.0,-0.0,-80.3060572,26.9207942,314.2
-13.8,2.4,0.0,0.0,0.39,0.45,-0.07,-1.24,0.58,0.12,0.11,7.593,10.055,10.673,10.448,10.4,9.42,10.99,10.59,-0.002,-0.002,-0.001,0.0,0.0,-80.3060572,26.9207942,314.25
-13.7,2.4,0.0,0.01,-0.34,-0.08,0.0,-0.03,0.16,0.16,0.1,11.458,9.643,7.662,7.828,10.99,9.22,11.77,10.99,-0.002,-0.002,-0.001,0.0,0.01,-80.3060572,26.9207942,314.3
-13.7,2.4,0.0,0.04,0.42,0.23,0.15,-1.2,0.1,0.13,0.11,10.556,8.162,10.958,10.722,9.71,10.01,12.36,10.69,-0.002,-0.002,-0.001,0.0,0.03,-80.3060572,26.9207943,314.35
-13.7,2.4,0.0,0.01,-0.53,-0.13,0.5,-2.06,0.54,0.11,0.11,7.132,9.408,9.084,8.417,10.5,10.01,12.46,10.01,-0.002,-0.002,-0.001,0.0,0.02,-80.3060572,26.9207943,314.4
-13.7,2.4,0.0,-0.0,-0.39,-0.58,0.23,-0.11,-0.03,0.12,0.12,5.866,11.988,8.025,7.613,9.71,10.2,11.77,10.79,-0.002,-0.002,-0.001,0.0,-0.0,-80.3060572,26.9207943,314.45
-13.8,2.4,0.0,-0.01,0.39,0.36,0.07,2.08,-0.6,0.15,0.09,11.87,8.878,8.289,8.093,10.5,8.93,12.65,11.77,-0.002,-0.002,-0.001,0.0,-0.0,-80.3060572,26.9207943,314.5
-13.8,2.4,0.0,0.0,0.45,0.15,0.09,-0.93,0.35,0.17,0.1,7.976,9.682,10.614,10.301,10.3,9.61,12.07,9.81,-0.002,-0.002,-0.001,0.0,-0.0,-80.3060572,26.9207943,314.55
-13.7,2.4,0.0,0.01,-0.57,-0.05,0.13,-0.54,0.04,0.13,0.11,9.094,11.272,7.691,7.495,10.79,9.52,11.77,10.99,-0.002,-0.002,-0.001,0.0,0.01,-80.3060572,26.9207943,314.6
-13.8,2.4,0.0,0.01,0.87,0.65,-0.0,2.21,-0.66,0.18,0.09,11.958,9.221,10.104,9.339,10.3,9.61,13.24,10.89,-0.002,-0.002,-0.001,0.0,0.01,-80.3060572,26.9207943,314.65
-13.7,2.4,0.0,0.0,0.32,0.68,-0.29,-1.09,0.96,0.14,0.12,10.428,9.732,10.575,9.702,10.5,8.93,12.07,9.71,-0.002,-0.002,-0.001,0.0,0.01,-80.3060572,26.9207943,314.7
-13.5,2.4,0.0,0.01,-0.09,0.18,0.1,-1.08,0.41,0.13,0.1,12.616,7.387,9.526,9.015,10.2,9.71,12.65,10.59,-0.002,-0.002,-0.001,0.0,0.02,-80.3060572,26.9207943,314.75
-13.6,2.4,0.0,-0.0,-0.1,0.41,0.32,-0.11,0.31,0.13,0.1,11.723,9.241,9.526,9.79,11.77,8.93,12.16,10.59,-0.002,-0.002,-0.001,0.0,0.01,-80.3060572,26.9207943,314.8
-13.7,2.4,0.0,0.0,0.31,0.66,-0.16,0.54,-0.09,0.13,0.1,11.968,9.476,9.349,8.986,11.67,9.03,11.38,11.58,-0.002,-0.002,-0.001,0.0,0.0,-80.3060572,26.9207943,314.85
-13.8,2.4,0.0,0.01,0.36,0.84,-0.48,0.55,-0.35,0.15,0.1,8.966,11.223,9.437,9.221,11.77,9.12,10.89,11.97,-0.002,-0.002,-0.001,0.0,-0.0,-80.3060572,26.9207943,314.9
-13.9,2.4,0.0,0.0,0.28,0.28,-0.16,0.04,-0.17,0.16,0.09,8.751,11.115,8.554,8.996,10.89,9.03,11.28,12.36,-0.002,-0.002,-0.001,0.0,0.02,-80.3060572,26.9207943,314.95
-13.9,2.4,0.0,0.0,0.24,0.2,0.04,0.88,-0.55,0.15,0.09,8.083,11.507,8.466,8.966,11.09,9.32,11.09,12.36,-0.002,-0.002,-0.001,0.0,0.03,-80.3060572,26.9207943,315.0
-13.8,2.4,0.0,0.0,0.43,0.39,-0.11,1.14,-0.61,0.15,0.09,12.194,9.025,8.672,8.868,11.58,8.14,11.77,12.16,-0.002,-0.002,-0.001,0.0,0.01,-80.3060572,26.9207943,315.05
-13.8,2.4,0.0,-0.0,0.53,-0.04,0.05,0.2,0.35,0.13,0.11,10.713,8.221,10.134,10.359,10.59,9.22,12.16,12.16,-0.002,-0.002,-0.001,0.0,-0.01,-80.3060572,26.9207943,315.1
-13.7,2.4,0.0,-0.02,-0.72,0.12,-0.07,-0.85,0.79,0.12,0.12,11.174,9.408,8.662,8.407,11.48,8.73,10.5,10.5,-0.002,-0.002,-0.001,0.0,0.0,-80.3060572,26.9207943,315.15
-13.5,2.4,0.0,0.01,0.6,0.09,-0.04,0.22,-0.22,0.16,0.09,8.407,8.976,10.693,10.301,8.83,9.81,12.75,11.09,-0.002,-0.002,-0.001,0.0,-0.0,-80.3060572,26.9207943,315.2
-13.7,2.4,0.0,-0.02,-0.73,-0.39,0.11,-2.36,0.74,0.12,0.12,5.847,11.291,8.741,7.76,10.1,10.2,11.77,10.3,-0.002,-0.002,-0.001,0.0,-0.0,-80.3060572,26.9207943,315.25
-13.7,2.4,0.0,0.01,-0.17,-0.55,0.78,0.6,-0.03,0.13,0.11,5.974,11.9,7.662,7.72,9.71,10.5,12.07,11.28,-0.002,-0.002,-0.001,0.0,0.0,-80.3060572,26.9207943,315.3
-13.8,2.4,0.0,-0.0,0.06,0.18,0.37,1.22,-0.28,0.16,0.1,7.269,11.595,8.486,8.162,10.5,9.91,12.16,11.09,-0.002,-0.002,-0.001,0.0,-0.0,-80.3060572,26.9207943,315.35
-13.8,2.4,0.0,0.01,0.5,0.18,-0.37,0.73,-0.6,0.15,0.08,9.545,10.987,8.348,8.721,11.09,9.42,12.07,11.97,-0.002,-0.002,-0.001,0.0,-0.0,-80.3060572,26.9207943,315.4
-13.8,2.4,0.0,0.01,0.62,0.32,0.01,1.46,-0.49,0.16,0.1,10.477,10.261,8.113,9.359,10.89,9.52,10.89,13.34,-0.002,-0.002,-0.001,0.0,0.0,-80.3060572,26.9207942,315.45
-13.9,2.4,0.0,0.0,0.23,-0.01,0.11,1.05,-0.55,0.15,0.09,8.505,10.663,8.064,9.526,10.79,9.12,10.1,13.64,-0.002,-0.002,-0.001,0.0,-0.01,-80.3060572,26.9207942,315.5
-13.8,2.4,0.0,-0.01,-0.08,-0.53,-0.23,0.26,-0.89,0.15,0.09,7.642,9.3,7.75,9.888,10.59,8.34,9.22,13.54,-0.002,-0.002,-0.001,0.0,-0.01,-80.3060572,26.9207942,315.55
-13.7,2.4,0.0,-0.01,-0.36,-0.43,-0.24,0.55,-0.48,0.14,0.1,6.386,10.516,7.838,9.349,10.69,9.61,10.1,12.07,-0.002,-0.002,-0.001,0.0,-0.01,-80.3060572,26.9207942,315.6
-13.7,2.4,0.0,-0.01,-0.16,-0.34,-0.23,1.41,-0.67,0.16,0.09,9.545,11.007,7.22,8.182,10.3,9.61,11.09,12.46,-0.002,-0.002,-0.001,0.0,0.0,-80.3060572,26.9207942,315.65
-13.7,2.4,0.0,0.01,0.77,0.13,0.36,1.32,-0.32,0.15,0.1,8.074,9.938,9.928,9.447,8.93,9.81,13.05,12.65,-0.002,-0.002,-0.001,0.0,0.0,-80.3060572,26.9207942,315.7
-13.6,2.4,0.0,-0.02,-0.67,-0.18,0.17,-1.28,-0.27,0.13,0.1,12.272,8.868,8.28,8.309,10.1,8.63,10.69,10.4,-0.002,-0.002,-0.001,0.0,-0.01,-80.3060572,26.9207942,315.75
-13.8,2.4,0.0,0.0,0.3,0.22,-0.48,-0.78,0.51,0.13,0.1,7.063,9.996,10.045,10.448,10.4,8.93,11.38,11.38,-0.002,-0.002,-0.001,0.0,-0.0,-80.3060571,26.9207942,315.8
-13.7,2.4,0.0,-0.01,-0.34,0.1,-0.11,0.88,-0.69,0.16,0.09,10.546,10.771,6.896,7.544,11.09,10.3,11.38,12.75,-0.002,-0.002,-0.001,0.0,-0.0,-80.3060571,26.9207942,315.85
-13.6,2.4,0.0,0.01,0.72,0.48,0.12,1.33,-0.63,0.16,0.09,12.684,9.476,9.83,9.702,11.18,9.03,10.99,12.46,-0.002,-0.002,-0.001,0.0,0.0,-80.3060571,26.9207942,315.9
-13.7,2.4,0.0,0.0,0.31,0.47,0.17,-0.07,0.19,0.16,0.09,12.174,9.849,9.506,9.938,11.58,8.93,10.4,11.58,-0.002,-0.002,-0.001,0.0,0.01,-80.3060571,26.9207942,315.95
-13.8,2.4,0.0,0.0,0.2,0.29,-0.25,-0.47,0.12,0.15,0.09,9.839,10.457,9.172,9.457,10.4,9.52,10.99,12.16,-0.002,-0.002,-0.001,0.0,0.0,-80.3060571,26.9207942,316.0
-13.6,2.4,0.0,-0.01,-0.05,0.19,-0.07,-0.1,0.08,0.14,0.1,7.348,11.272,9.82,9.025,8.83,10.69,11.28,10.79,-0.002,-0.002,-0.001,0.0,-0.02,-80.3060571,26.9207942,316.05
-13.6,2.4,0.0,-0.0,-0.12,-0.63,-0.19,0.26,0.07,0.14,0.1,6.945,10.065,9.476,8.427,9.03,10.59,12.65,10.5,-0.002,-0.002,-0.001,0.0,0.01,-80.3060571,26.9207942,316.1
-13.7,2.4,0.0,-0.01,-0.42,-0.79,0.03,-0.84,0.31,0.13,0.1,5.788,10.673,8.976,8.809,8.93,10.89,11.87,11.48,-0.002,-0.002,-0.001,0.0,-0.01,-80.3060571,26.9207942,316.15
-13.7,2.4,0.0,-0.01,-0.31,-0.45,0.04,0.21,-0.12,0.12,0.1,6.19,11.723,7.77,8.26,9.71,10.4,11.09,12.46,-0.002,-0.002,-0.001,0.0,-0.0,-80.3060571,26.9207942,316.2
-13.7,2.4,0.0,-0.01,-0.09,0.06,0.12,2.06,-0.83,0.16,0.08,9.192,10.703,8.025,8.201,10.3,10.01,11.87,11.38,-0.002,-0.002,-0.001,0.0,-0.0,-80.3060571,26.9207942,316.25
-13.7,2.4,0.0,0.0,0.58,0.38,-0.08,1.78,0.12,0.17,0.1,9.987,10.801,8.8,8.633,10.01,10.2,12.46,11.77,-0.002,-0.002,-0.001,0.0,0.0,-80.3060571,26.9207942,316.3
-13.7,2.4,0.0,0.0,0.42,0.92,-0.29,-0.43,-0.56,0.14,0.09,12.635,8.976,9.81,9.594,10.5,9.32,11.28,11.28,-0.002,-0.002,-0.001,0.0,0.01,-80.3060571,26.9207942,316.35
-13.7,2.4,0.0,0.0,0.48,0.53,0.04,-0.15,0.2,0.18,0.08,12.861,7.828,9.987,10.438,11.48,7.85,11.28,11.97,-0.002,-0.002,-0.001,0.0,0.01,-80.3060571,26.9207942,316.4
-13.7,2.4,0.0,-0.01,-0.02,-0.35,0.41,-2.13,0.83,0.11,0.11,9.614,8.378,10.261,10.134,10.89,9.22,11.48,11.58,-0.002,-0.002,-0.001,0.0,-0.0,-80.3060571,26.9207942,316.45
-13.6,2.4,0.0,-0.01,-0.58,-0.71,0.0,-1.12,0.52,0.13,0.1,9.996,7.593,8.652,9.349,10.69,9.81,10.89,10.4,-0.002,-0.002,-0.001,0.0,-0.02,-80.3060571,26.9207942,316.5
-13.5,2.5,0.0,-0.02,-0.73,-0.44,-0.12,0.23,0.43,0.14,0.11,9.496,7.76,8.289,8.868,11.38,9.42,11.09,10.69,-0.002,-0.002,-0.001,0.0,-0.01,-80.3060571,26.9207942,316.55
-13.6,2.6,0.0,-0.01,-0.08,-0.07,0.13,-0.44,0.18,0.14,0.1,11.193,7.426,9.202,9.221,10.2,9.03,12.95,12.46,-0.002,-0.002,-0.001,0.0,0.01,-80.3060571,26.9207942,316.6
-13.5,2.6,0.0,-0.01,-0.53,-0.01,0.18,-0.21,0.32,0.16,0.09,12.37,7.161,9.172,10.144,10.1,9.52,10.69,11.87,-0.002,-0.002,-0.001,0.0,-0.0,-80.3060571,26.9207942,316.65
-13.5,2.6,0.0,-0.01,-0.01,0.06,0.01,-2.19,0.62,0.11,0.11,12.361,7.122,9.486,9.506,10.2,9.32,11.77,11.87,-0.002,-0.002,-0.001,0.0,-0.03,-80.3060571,26.9207942,316.7
-13.6,2.6,0.0,-0.01,-0.37,0.4,-0.27,0.13,0.18,0.15,0.1,11.125,9.153,9.575,9.849,10.79,9.12,10.79,10.89,-0.002,-0.002,-0.001,0.0,0.0,-80.3060571,26.9207942,316.75
-13.5,2.6,0.0,-0.01,0.27,-0.04,-0.18,-0.93,0.09,0.12,0.1,11.34,9.349,10.026,9.241,9.52,10.1,12.75,11.18,-0.002,-0.002,-0.001,0.0,-0.01,-80.3060571,26.9207942,316.8
-13.5,2.6,0.0,-0.01,-0.13,0.31,-0.17,-0.7,0.09,0.14,0.1,12.792,8.27,10.036,9.624,10.01,10.01,11.67,10.89,-0.002,-0.002,-0.001,0.0,0.0,-80.3060571,26.9207942,316.85
-13.6,2.6,0.0,-0.01,-0.04,0.46,0.2,-1.11,0.73,0.13,0.12,10.359,8.476,10.448,9.692,10.01,9.71,12.16,10.1,-0.002,-0.002,-0.001,0.0,0.01,-80.3060571,26.9207942,316.9
-13.5,2.6,0.0,-0.01,-0.15,0.14,0.4,-1.53,0.25,0.13,0.1,12.635,8.525,9.741,9.035,10.3,10.01,12.46,10.4,-0.002,-0.002,-0.001,0.0,0.0,-80.3060571,26.9207942,316.95
-13.6,2.6,0.0,-0.01,0.1,0.72,-0.06,-0.28,0.0,0.16,0.09,10.909,10.036,10.065,9.761,10.2,10.79,10.89,11.09,-0.002,-0.002,-0.001,0.0,-0.0,-80.3060571,26.9207942,317.0
-13.7,2.6,0.0,-0.01,-0.26,0.02,0.17,0.33,0.09,0.11,0.1,7.848,10.85,8.878,8.603,10.59,9.81,11.48,12.07,-0.002,-0.002,-0.001,0.0,-0.01,-80.3060571,26.9207942,317.05
-13.7,2.6,0.0,-0.01,-0.37,-0.94,-0.04,-0.12,0.21,0.14,0.1,7.642,9.064,8.24,9.055,9.81,9.81,10.99,11.28,-0.002,-0.002,-0.001,0.0,-0.02,-80.3060571,26.9207942,317.1
-13.6,2.7,0.0,-0.01,0.09,0.23,-0.13,-0.49,0.55,0.14,0.1,8.672,8.819,9.015,9.3,10.2,9.61,12.36,10.5,-0.002,-0.002,-0.001,0.0,0.0,-80.3060571,26.9207942,317.15
-13.5,2.7,0.0,-0.01,0.08,0.24,-0.03,-0.7,-0.13,0.14,0.1,13.499,7.956,8.898,9.133,9.81,9.91,12.46,10.59,-0.002,-0.002,-0.001,0.0,0.01,-80.3060571,26.9207942,317.2
-13.7,2.7,0.0,-0.01,0.03,0.74,0.11,0.38,0.09,0.16,0.09,9.8,10.546,9.506,9.565,10.3,10.01,10.59,12.07,-0.002,-0.002,-0.001,0.0,-0.02,-80.3060571,26.9207942,317.25
-13.7,2.7,0.0,-0.01,-0.25,-0.55,0.05,0.08,0.28,0.12,0.1,9.202,8.348,8.427,9.055,10.69,9.22,11.48,11.87,-0.002,-0.002,-0.001,0.0,-0.01,-80.3060571,26.9207942,317.3
-13.7,2.7,0.0,-0.01,0.2,0.55,0.14,-0.28,0.12,0.06,0.1,10.83,9.987,9.055,9.339,10.01,10.3,11.58,11.09,-0.002,-0.002,-0.001,0.0,0.0,-80.3060571,26.9207942,317.35
-13.7,2.7,0.0,-0.01,-0.04,0.18,0.13,0.47,-0.27,0.17,0.1,8.819,9.516,8.947,8.603,8.93,11.28,12.65,10.59,-0.002,-0.002,-0.001,0.0,-0.02,-80.306057,26.9207942,317.4
-13.6,2.7,0.0,-0.0,-0.19,0.46,-0.02,-0.58,0.31,0.14,0.1,10.987,8.898,10.124,9.369,10.4,9.32,12.56,10.5,-0.002,-0.002,-0.001,0.0,0.01,-80.306057,26.9207942,317.45
-13.7,2.7,0.0,-0.01,0.13,-0.51,0.11,-0.53,0.03,0.17,0.09,8.594,9.074,9.123,9.31,10.1,9.03,12.07,11.67,-0.002,-0.002,-0.001,0.0,-0.0,-80.306057,26.9207942,317.5
-13.7,2.7,0.0,-0.01,0.0,0.62,-0.08,-0.81,0.02,0.13,0.1,9.839,10.644,9.584,8.741,9.52,10.59,10.79,11.28,-0.002,-0.002,-0.001,0.0,0.0,-80.306057,26.9207942,317.55
-13.7,2.7,0.0,-0.01,-0.02,-0.15,-0.13,-0.19,0.43,0.11,0.11,8.584,8.907,9.055,9.212,10.3,9.52,11.58,11.18,-0.002,-0.002,-0.001,0.0,-0.0,-80.306057,26.9207942,317.6
-13.7,2.7,0.0,-0.01,-0.1,-0.04,0.09,0.8,-0.29,0.13,0.1,9.025,10.556,8.711,9.104,10.4,10.1,11.09,12.56,-0.002,-0.002,-0.001,0.0,-0.01,-80.306057,26.9207942,317.65
-13.7,2.7,0.0,-0.01,-0.01,0.42,-0.12,0.54,-0.03,0.16,0.09,9.055,9.928,8.947,9.81,10.3,10.79,10.4,11.87,-0.002,-0.002,-0.001,0.0,0.0,-80.306057,26.9207942,317.7
