handwheelAngle,throttle,brake,vxCG,axCG,ayCG,yawRate,rollRate,pitchRate,rollAngle,pitchAngle,chassisAccelFL,chassisAccelFR,chassisAccelRL,chassisAccelRR,wheelAccelFL,wheelAccelFR,wheelAccelRL,wheelAccelRR,deflectionFL,deflectionFR,deflectionRR,sideSlip,vyCG,longitude,latitude,time
-22.3,0.5,0.0,0.0,0.04,-0.2,-0.21,-0.47,-0.22,0.0,-1.1,9.565,9.614,9.006,9.143,10.1,9.81,11.28,10.99,-0.001,-0.001,-0.001,0.0,-0.0,,,0.0
-22.2,0.5,0.0,0.0,-0.09,-0.03,-0.03,-0.28,-0.44,0.0,-1.1,9.584,9.643,9.163,9.251,10.01,9.91,11.09,11.58,-0.001,-0.001,-0.001,0.0,-0.0,,,0.05
-22.3,0.5,0.0,0.0,-0.03,-0.1,0.11,-0.01,-0.37,0.0,-1.1,9.604,9.614,9.074,9.143,10.3,9.52,11.28,11.38,-0.001,-0.001,-0.001,0.0,-0.0,,,0.1
-22.2,0.5,0.0,0.0,-0.02,-0.09,0.11,0.03,-0.63,0.0,-1.1,9.614,9.624,9.006,9.104,10.2,9.81,11.28,11.28,-0.001,-0.001,-0.001,0.0,-0.0,,,0.15
-22.2,0.5,0.0,0.0,0.01,-0.14,-0.35,-0.16,-0.04,0.0,-1.1,9.594,9.594,9.055,9.202,10.5,9.61,11.09,11.48,-0.001,-0.001,-0.001,0.0,-0.0,,,0.2
-22.0,0.5,0.0,0.0,-0.03,-0.03,-0.3,-0.05,-0.34,0.0,-1.1,9.643,9.624,9.113,9.251,10.4,9.91,10.89,11.48,-0.001,-0.001,-0.001,0.0,-0.0,,,0.25
-22.2,0.5,0.0,0.0,-0.02,-0.06,-0.24,0.15,-0.51,0.0,-1.1,9.692,9.604,9.055,9.172,10.3,9.42,11.28,11.58,-0.001,-0.001,-0.001,0.0,-0.0,,,0.3
-22.1,0.5,0.0,0.0,-0.01,-0.11,0.07,0.55,0.08,0.0,-1.1,9.643,9.584,9.084,9.231,10.4,9.71,11.09,11.38,-0.001,-0.001,-0.001,0.0,-0.0,,,0.35
-22.2,0.5,0.0,0.0,-0.11,-0.03,0.01,-0.36,-0.08,0.0,-1.1,9.624,9.584,8.957,9.192,10.01,10.01,11.28,11.48,-0.001,-0.001,-0.001,0.0,-0.0,,,0.4
-22.2,0.5,0.0,0.0,-0.03,-0.04,-0.13,-0.21,-0.22,0.0,-1.1,9.584,9.584,9.064,9.28,10.2,9.61,11.09,11.48,-0.001,-0.001,-0.001,0.0,-0.0,,,0.45
-22.3,0.5,0.0,0.0,-0.02,-0.03,-0.33,0.04,-0.13,0.0,-1.1,9.545,9.594,9.104,9.27,10.4,9.91,11.28,11.77,-0.001,-0.001,-0.001,0.0,-0.0,,,0.5
-22.2,0.5,0.0,0.0,0.04,-0.13,0.15,0.0,-0.21,0.0,-1.1,9.614,9.624,9.143,9.133,10.5,9.61,11.28,11.38,-0.001,-0.001,-0.001,0.0,-0.0,,,0.55
-22.2,0.5,0.0,0.0,0.04,-0.16,0.2,0.0,-0.29,0.0,-1.1,9.594,9.614,9.104,9.241,10.2,9.81,11.09,11.58,-0.001,-0.001,-0.001,0.0,-0.0,,,0.6
-22.2,0.5,0.0,0.0,-0.0,-0.08,-0.33,-0.13,-0.63,0.0,-1.1,9.584,9.633,9.231,9.202,10.59,9.52,11.38,11.28,-0.001,-0.001,-0.001,0.0,-0.0,,,0.65
-22.2,0.5,0.0,0.0,-0.02,-0.07,0.04,-0.14,-0.74,0.0,-1.1,9.584,9.673,9.084,9.133,10.3,9.71,11.28,11.28,-0.001,-0.001,-0.001,0.0,-0.0,,,0.7
-22.1,0.5,0.0,0.0,-0.04,-0.03,0.11,-0.18,-0.33,0.0,-1.1,9.555,9.673,9.182,9.251,10.4,9.91,11.38,11.09,-0.001,-0.001,-0.001,0.0,-0.0,,,0.75
-22.2,0.5,0.0,-0.0,-0.03,-0.07,-0.05,-0.04,-0.5,0.0,-1.1,9.526,9.663,9.163,9.27,10.2,9.81,11.18,10.99,-0.001,-0.001,-0.001,0.0,0.0,,,0.8
-22.1,0.5,0.0,0.0,-0.05,-0.1,0.07,-0.08,-0.33,0.0,-1.1,9.545,9.653,9.182,9.143,10.3,9.71,11.28,11.18,-0.001,-0.001,-0.001,0.0,-0.0,,,0.85
-22.2,0.5,0.0,0.0,0.01,-0.15,-0.04,0.03,-0.38,0.0,-1.1,9.526,9.692,9.094,9.133,10.1,9.71,11.09,11.38,-0.001,-0.001,-0.001,0.0,-0.0,,,0.9
-22.1,0.5,0.0,0.0,0.04,-0.15,-0.1,-0.37,-0.37,0.0,-1.1,9.545,9.653,9.123,9.113,10.2,10.1,11.18,11.09,-0.001,-0.001,-0.001,0.0,-0.0,,,0.95
-22.2,0.5,0.0,0.0,-0.04,-0.04,-0.4,0.16,-0.23,0.0,-1.1,9.535,9.702,9.113,9.163,10.2,9.52,11.28,11.38,-0.001,-0.001,-0.001,0.0,-0.0,,,1.0
-22.1,0.5,0.0,0.0,-0.02,-0.09,0.14,-0.04,-0.09,0.0,-1.1,9.545,9.653,9.172,9.182,10.1,9.61,11.28,11.18,-0.001,-0.001,-0.001,0.0,-0.0,,,1.05
-22.2,0.5,0.0,0.0,-0.07,-0.02,-0.08,0.07,0.07,0.0,-1.1,9.535,9.692,9.133,9.182,10.2,9.52,11.38,11.48,-0.001,-0.001,-0.001,0.0,-0.0,,,1.1
-22.1,0.5,0.0,0.0,-0.08,-0.04,-0.26,-0.13,-0.23,0.0,-1.1,9.545,9.702,9.045,9.143,10.1,9.91,11.38,11.38,-0.001,-0.001,-0.001,0.0,-0.0,,,1.15
-22.2,0.5,0.0,0.0,0.05,-0.17,-0.29,0.04,-0.29,0.0,-1.1,9.506,9.633,9.153,9.202,10.2,9.42,11.58,10.99,-0.001,-0.001,-0.001,0.0,-0.0,,,1.2
-22.1,0.5,0.0,0.0,-0.05,-0.04,-0.16,-0.14,0.07,0.0,-1.1,9.575,9.702,9.182,9.27,10.3,9.81,11.58,11.09,-0.001,-0.001,-0.001,0.0,-0.0,,,1.25
-22.3,0.5,0.0,0.0,0.07,-0.23,-0.34,0.03,-0.38,0.0,-1.1,9.555,9.702,9.045,9.055,10.5,9.81,11.38,11.28,-0.001,-0.001,-0.001,0.0,-0.0,,,1.3
-22.2,0.5,0.0,0.0,-0.09,-0.03,-0.27,-0.43,0.15,0.0,-1.1,9.506,9.614,9.163,9.192,10.2,9.71,11.38,11.77,-0.001,-0.001,-0.001,0.0,-0.0,,,1.35
-22.3,0.5,0.0,0.0,0.03,-0.13,-0.43,-0.28,-0.12,0.0,-1.1,9.575,9.702,9.172,9.182,10.2,9.71,11.18,11.58,-0.001,-0.001,-0.001,0.0,-0.0,,,1.4
-22.1,0.5,0.0,0.0,0.02,-0.1,-0.19,-0.06,-0.29,0.0,-1.1,9.575,9.692,9.172,9.192,10.4,10.01,10.99,11.38,-0.001,-0.001,-0.001,0.0,-0.0,,,1.45
-22.3,0.5,0.0,0.0,-0.04,-0.09,0.14,-0.33,0.0,0.0,-1.1,9.486,9.643,9.113,9.133,10.01,9.91,11.28,11.18,-0.001,-0.001,-0.001,0.0,-0.0,,,1.5
-22.3,0.5,0.0,0.0,-0.04,-0.06,-0.51,-0.13,-0.08,0.0,-1.1,9.506,9.653,9.143,9.163,10.3,9.91,11.38,11.18,-0.001,-0.001,-0.001,0.0,-0.0,,,1.55
-22.3,0.5,0.0,0.0,0.01,-0.15,0.04,-0.32,0.11,0.0,-1.1,9.584,9.761,9.182,9.27,10.4,9.61,11.67,11.48,-0.001,-0.001,-0.001,0.0,-0.0,,,1.6
-22.1,0.5,0.0,-0.0,-0.25,0.2,0.37,-0.36,-0.45,0.0,-1.1,9.535,9.673,9.133,9.202,10.1,9.61,11.28,11.38,-0.001,-0.001,-0.001,0.0,0.0,,,1.65
-22.3,0.5,0.0,0.0,-0.07,-0.02,-0.23,-0.01,-0.36,0.0,-1.1,9.467,9.673,9.064,9.055,10.1,9.81,11.09,11.38,-0.001,-0.001,-0.001,0.0,-0.0,,,1.7
-22.1,0.5,0.0,0.0,-0.02,-0.06,-0.39,-0.01,-0.43,0.0,-1.1,9.545,9.732,9.163,9.202,10.2,9.42,11.38,11.18,-0.001,-0.001,-0.001,0.0,-0.0,,,1.75
-22.3,0.5,0.0,-0.0,-0.02,-0.08,0.12,0.05,-0.24,0.0,-1.1,9.526,9.702,9.182,9.172,10.3,9.81,11.38,11.18,-0.001,-0.001,-0.001,0.0,0.0,,,1.8
-22.2,0.5,0.0,0.0,-0.02,-0.11,-0.16,-0.22,-0.67,0.0,-1.1,9.486,9.692,9.172,9.241,10.2,9.61,11.38,11.28,-0.001,-0.001,-0.001,0.0,-0.0,,,1.85
-22.3,0.5,0.0,0.0,-0.03,-0.08,-0.37,-0.3,-0.32,0.0,-1.1,9.516,9.692,9.143,9.172,10.1,9.81,11.38,11.28,-0.001,-0.001,-0.001,0.0,-0.0,,,1.9
-22.1,0.5,0.0,0.0,-0.05,-0.08,-0.3,-0.09,-0.64,0.0,-1.1,9.555,9.702,9.163,9.212,10.1,10.01,11.28,11.38,-0.001,-0.001,-0.001,0.0,-0.0,,,1.95
-22.3,0.5,0.0,0.0,-0.04,-0.06,-0.02,-0.26,-0.62,0.0,-1.1,9.545,9.643,9.113,9.074,10.3,9.91,11.48,11.48,-0.001,-0.001,-0.001,0.0,-0.0,,,2.0
-22.2,0.5,0.0,0.0,0.0,-0.13,-0.28,-0.25,-0.07,0.0,-1.1,9.516,9.682,9.133,9.163,10.2,9.71,11.09,11.38,-0.001,-0.001,-0.001,0.0,-0.0,,,2.05
-22.3,0.5,0.0,0.0,-0.03,-0.1,-0.25,0.04,-0.5,0.0,-1.1,9.565,9.702,9.104,9.221,10.1,9.81,11.38,11.28,-0.001,-0.001,-0.001,0.0,-0.0,,,2.1
-22.1,0.5,0.0,0.0,-0.02,-0.08,-0.24,-0.52,-0.58,0.0,-1.1,9.526,9.663,9.182,9.27,10.3,9.71,11.28,11.28,-0.001,-0.001,-0.001,0.0,-0.0,,,2.15
-22.2,0.5,0.0,0.0,0.01,-0.1,0.03,-0.0,-0.37,0.0,-1.1,9.516,9.663,9.094,9.104,10.2,9.81,11.18,11.77,-0.001,-0.001,-0.001,0.0,-0.0,,,2.2
-22.1,0.5,0.0,0.0,-0.04,-0.04,-0.43,-0.32,-0.48,0.0,-1.1,9.496,9.692,9.163,9.182,10.1,9.81,11.67,11.38,-0.001,-0.001,-0.001,0.0,-0.0,,,2.25
-22.2,0.5,0.0,0.0,-0.06,-0.03,-0.1,0.16,-0.12,0.0,-1.1,9.604,9.643,9.182,9.163,10.2,9.61,11.38,11.38,-0.001,-0.001,-0.001,0.0,-0.0,,,2.3
-22.1,0.5,0.0,0.0,0.03,-0.1,-0.22,0.21,-0.7,0.0,-1.1,9.535,9.663,9.094,9.212,10.3,9.91,11.38,11.28,-0.001,-0.001,-0.001,0.0,-0.0,,,2.35
-22.2,0.5,0.0,0.0,-0.02,-0.05,0.01,-0.03,-0.06,0.0,-1.1,9.545,9.624,9.182,9.241,10.1,9.71,11.67,11.38,-0.001,-0.001,-0.001,0.0,-0.0,,,2.4
-22.1,0.5,0.0,0.0,0.01,-0.06,-0.21,-0.01,-0.55,0.0,-1.1,9.526,9.682,9.212,9.133,10.3,9.71,11.28,11.28,-0.001,-0.001,-0.001,0.0,-0.0,,,2.45
-22.2,0.5,0.0,0.0,0.03,-0.12,-0.25,-0.08,-0.12,0.0,-1.1,9.467,9.741,9.104,9.094,9.91,9.71,11.58,11.38,-0.001,-0.001,-0.001,0.0,-0.0,,,2.5
-22.3,0.5,0.0,-0.0,-0.05,-0.14,0.11,-0.17,-0.22,0.0,-1.1,9.506,9.673,9.094,9.094,10.4,9.81,11.38,11.28,-0.001,-0.001,-0.001,0.0,0.0,,,2.55
-22.2,0.5,0.0,0.0,-0.04,-0.13,-0.13,-0.09,-0.37,0.0,-1.1,9.535,9.663,9.221,9.192,10.2,9.91,11.58,11.28,-0.001,-0.001,-0.001,0.0,-0.0,,,2.6
-22.1,0.5,0.0,0.0,0.0,-0.03,-0.36,0.2,-0.24,0.0,-1.1,9.535,9.682,9.143,9.231,10.01,9.81,10.99,11.18,-0.001,-0.001,-0.001,0.0,-0.0,,,2.65
-22.2,0.5,0.0,0.0,-0.01,-0.05,-0.18,-0.08,-0.3,0.0,-1.1,9.535,9.643,9.084,9.182,10.4,9.42,11.18,11.38,-0.001,-0.001,-0.001,0.0,-0.0,,,2.7
-22.1,0.5,0.0,0.0,-0.05,-0.07,-0.21,-0.03,-0.23,0.0,-1.1,9.535,9.643,9.182,9.251,10.1,9.71,11.38,11.38,-0.001,-0.001,-0.001,0.0,-0.0,,,2.75
-22.3,0.5,0.0,0.0,-0.03,-0.14,-0.18,-0.29,-0.48,0.0,-1.1,9.584,9.663,9.104,9.104,10.3,9.52,11.38,11.09,-0.001,-0.001,-0.001,0.0,-0.0,,,2.8
-22.2,0.5,0.0,0.0,-0.09,-0.04,-0.06,-0.32,-0.72,0.0,-1.1,9.526,9.692,9.28,9.231,10.3,9.81,11.18,11.28,-0.001,-0.001,-0.001,0.0,-0.0,,,2.85
-22.2,0.5,0.0,0.0,0.0,-0.03,-0.22,-0.14,-0.21,0.0,-1.1,9.526,9.692,9.143,9.143,10.3,10.01,11.58,11.28,-0.001,-0.001,-0.001,0.0,-0.0,,,2.9
-22.1,0.5,0.0,0.0,-0.03,-0.03,-0.31,-0.17,-0.27,0.0,-1.1,9.545,9.643,9.143,9.231,10.2,9.61,11.58,11.38,-0.001,-0.001,-0.001,0.0,-0.0,,,2.95
-22.2,0.5,0.0,0.0,-0.04,-0.06,0.1,-0.13,-0.15,0.0,-1.1,9.545,9.702,9.113,9.163,10.2,9.91,11.18,11.48,-0.001,-0.001,-0.001,0.0,-0.0,,,3.0
-22.1,0.5,0.0,0.0,-0.02,-0.13,-0.07,-0.14,0.05,0.0,-1.1,9.506,9.643,9.172,9.192,10.1,9.61,11.28,11.28,-0.001,-0.001,-0.001,0.0,-0.0,,,3.05
-22.3,0.5,0.0,-0.0,-0.05,-0.1,-0.07,-0.15,-0.02,0.0,-1.1,9.565,9.692,9.163,9.192,10.2,9.71,11.48,11.48,-0.001,-0.001,-0.001,0.0,0.0,,,3.1
-22.1,0.5,0.0,-0.0,0.19,0.46,-0.36,-0.33,-0.43,0.0,-1.1,11.203,6.465,9.359,9.28,10.89,9.03,10.99,11.77,-0.001,-0.001,-0.001,0.0,0.0,,,3.15
-22.1,0.5,0.0,0.0,0.43,0.53,-0.1,2.97,-1.56,0.0,-1.1,10.399,7.357,9.741,9.535,9.22,10.4,11.09,11.58,-0.001,-0.001,-0.001,0.0,-0.0,,,3.2
-22.2,0.5,0.0,0.0,-0.46,-0.06,-0.06,-2.31,0.3,0.0,-1.1,9.584,10.457,8.907,9.094,10.69,9.03,10.89,10.69,-0.001,-0.001,-0.001,0.0,-0.0,,,3.25
-22.2,0.5,0.0,0.0,0.26,0.05,-0.27,0.53,-0.67,0.0,-1.1,9.732,9.476,9.084,9.339,10.59,10.01,12.16,11.58,-0.001,-0.001,-0.001,0.0,-0.0,,,3.3
-22.2,0.5,0.0,-0.0,-0.17,0.07,0.15,0.36,-0.39,0.0,-1.1,9.526,9.506,9.221,9.035,10.01,9.52,10.69,11.28,-0.001,-0.001,-0.001,0.0,0.0,,,3.35
-22.3,0.5,0.0,0.0,-0.15,-0.36,0.08,-0.93,0.06,0.0,-1.1,10.663,9.261,9.163,8.937,10.79,10.1,11.77,10.69,-0.001,-0.001,-0.001,0.0,-0.0,,,3.4
-22.2,0.5,0.0,0.0,0.01,0.18,-0.08,1.26,-0.42,0.0,-1.1,8.868,10.163,9.241,9.143,9.71,10.59,11.38,11.77,-0.001,-0.001,-0.001,0.0,-0.0,,,3.45
-22.3,0.5,0.0,0.0,-0.29,-0.24,0.13,-1.97,-0.08,0.0,-1.1,9.369,10.359,9.064,8.701,10.59,9.12,11.28,10.2,-0.001,-0.001,-0.001,0.0,-0.0,,,3.5
-22.3,0.6,0.0,0.0,0.1,0.59,-0.14,2.8,-1.04,0.0,-1.1,8.24,8.142,7.819,10.202,9.81,9.42,9.32,14.32,-0.0,-0.001,-0.001,0.0,-0.0,,,3.55
-22.3,0.6,0.0,0.0,-0.21,0.67,-0.35,-2.57,0.24,0.0,-1.1,12.017,9.741,8.123,9.084,14.42,7.36,10.3,10.5,-0.001,-0.001,-0.001,0.0,-0.0,,,3.6
-22.2,0.6,0.0,0.0,0.59,-0.98,0.02,1.98,-1.47,0.0,-1.1,8.829,9.035,8.986,9.584,7.95,12.16,13.05,11.28,-0.001,-0.001,-0.001,0.0,-0.0,,,3.65
-22.2,0.6,0.0,0.0,-1.15,-0.7,-0.24,-1.83,0.23,0.0,-1.1,9.888,10.418,9.094,8.839,10.3,7.95,10.4,14.22,-0.001,-0.001,-0.001,0.0,-0.0,,,3.7
-22.1,0.6,0.0,0.0,0.1,0.69,-0.04,0.96,-0.11,0.0,-1.1,9.074,10.919,9.8,8.829,10.79,11.58,9.52,9.03,-0.001,-0.001,-0.001,0.0,-0.0,,,3.75
-22.1,0.6,0.0,0.0,-0.04,-0.64,-0.09,0.13,-0.17,0.0,-1.1,8.152,11.468,9.378,8.751,9.71,9.42,13.24,10.99,-0.001,-0.001,-0.001,0.0,-0.0,,,3.8
-22.2,0.6,0.0,0.0,-0.01,0.09,-0.15,-0.12,-0.6,0.0,-1.1,8.26,11.527,9.378,8.388,9.32,11.38,10.01,12.85,-0.001,-0.001,-0.001,0.0,-0.0,,,3.85
-22.1,0.7,0.0,0.0,-0.09,0.09,-0.14,-1.0,-0.08,0.0,-1.1,11.134,6.926,8.074,9.408,11.09,6.97,12.75,10.4,-0.001,-0.001,-0.001,0.0,-0.0,,,3.9
-22.0,1.0,0.0,-0.0,0.15,0.5,-0.01,0.53,-0.17,0.0,-1.1,8.25,10.448,9.908,9.035,9.42,11.97,10.1,10.79,-0.001,-0.001,-0.001,0.0,0.0,,,3.95
-22.1,1.6,0.0,0.0,-0.25,-0.33,-0.2,-1.09,-0.15,0.0,-1.1,12.586,6.524,8.24,9.182,11.97,8.44,11.87,11.28,-0.001,-0.001,-0.001,0.0,-0.0,,,4.0
-22.1,1.7,0.0,0.0,0.05,0.62,-0.34,0.26,-0.45,0.0,-1.1,9.035,9.221,9.79,9.31,10.3,9.03,12.07,10.79,-0.001,-0.001,-0.001,0.0,-0.0,,,4.05
-22.1,1.6,0.0,0.0,0.0,-0.06,-0.22,-0.72,-0.01,0.0,-1.1,10.752,8.123,8.829,9.741,11.77,8.04,10.1,11.87,-0.001,-0.001,-0.001,0.0,-0.0,,,4.1
-22.1,1.4,0.0,0.0,-0.12,0.0,-0.55,0.21,-0.58,0.0,-1.1,8.996,10.036,8.417,9.673,10.4,10.01,10.99,11.58,-0.001,-0.001,-0.001,0.0,-0.0,,,4.15
-22.2,1.2,0.0,0.0,0.12,0.36,-0.26,-0.12,0.22,0.0,-1.1,6.769,11.488,9.8,8.711,11.48,8.93,10.99,12.26,-0.001,-0.001,-0.001,0.0,-0.0,,,4.2
-22.0,1.1,0.0,0.0,-0.18,-0.27,0.08,-2.17,0.36,0.0,-1.1,9.682,11.232,8.721,8.339,11.77,9.32,12.16,9.71,-0.001,-0.001,-0.001,0.0,-0.0,,,4.25
-22.1,1.2,0.0,0.0,-0.35,0.41,-0.41,0.26,-1.05,0.0,-1.1,11.654,8.299,8.25,9.241,9.81,8.83,12.46,14.03,-0.001,-0.001,-0.001,0.0,-0.0,,,4.3
-22.0,1.2,0.0,0.0,-0.04,-1.4,-0.12,-0.37,0.18,0.0,-1.1,10.575,9.977,8.888,9.682,11.18,9.52,10.1,10.1,-0.001,-0.001,-0.001,0.0,-0.0,,,4.35
-22.0,1.2,0.0,0.0,0.27,1.42,-0.23,0.55,-0.43,0.0,-1.1,9.27,8.594,8.427,8.77,10.59,9.32,11.58,11.38,-0.001,-0.001,-0.001,0.0,-0.0,,,4.4
-21.9,1.2,0.0,0.0,-0.36,-1.02,-0.05,-0.49,-0.16,0.0,-1.1,10.036,8.78,9.555,9.388,11.38,8.63,11.58,10.89,-0.001,-0.001,-0.001,0.0,-0.0,,,4.45
-22.1,1.2,0.0,0.0,0.22,0.59,-0.37,0.21,-0.51,0.0,-1.1,10.477,9.987,9.506,9.673,10.99,9.32,10.1,12.95,-0.001,-0.001,-0.001,0.0,-0.0,,,4.5
-22.0,0.7,0.0,0.0,0.1,0.3,-0.08,1.05,-0.29,0.0,-1.1,9.202,9.692,8.299,8.446,10.1,10.3,12.16,10.2,-0.001,-0.001,-0.001,0.0,-0.0,,,4.55
-21.7,0.6,0.0,0.0,-0.21,-1.25,-0.09,-0.25,-0.77,0.0,-1.1,11.88,8.564,8.623,9.908,10.5,9.22,11.09,12.65,-0.001,-0.001,-0.001,0.0,-0.0,,,4.6
-21.9,0.6,0.0,0.0,-0.15,0.58,-0.37,-0.98,-0.06,0.0,-1.1,5.876,11.87,8.476,9.006,9.71,9.81,9.22,14.13,-0.001,-0.001,-0.001,0.0,-0.0,,,4.65
-21.5,0.6,0.0,-0.0,0.28,-0.27,0.02,-1.16,0.18,0.0,-1.1,7.475,10.153,9.398,8.662,9.42,10.79,12.07,8.63,-0.001,-0.001,-0.001,0.0,0.0,,,4.7
-21.4,0.6,0.0,0.0,0.01,-0.52,-0.24,-0.24,-0.09,0.0,-1.1,7.397,10.752,9.035,9.094,9.42,11.28,10.89,11.87,-0.001,-0.001,-0.001,0.0,-0.0,,,4.75
-21.4,0.6,0.0,0.0,-0.67,0.32,-0.15,-1.93,-0.29,0.0,-1.1,11.841,7.681,7.936,8.093,11.67,7.95,11.67,11.97,-0.001,-0.001,-0.001,0.0,-0.0,,,4.8
-21.2,0.5,0.0,0.0,-0.49,-0.1,-0.66,-0.78,0.4,0.0,-1.1,8.584,10.408,9.418,9.584,9.22,10.99,11.38,9.91,-0.001,-0.001,-0.001,0.0,-0.0,,,4.85
-21.4,0.6,0.0,-0.0,0.13,0.21,0.16,0.9,0.27,0.0,-1.1,11.134,8.388,8.868,8.554,9.91,10.01,12.75,12.46,-0.001,-0.001,-0.001,0.0,0.0,,,4.9
-21.4,0.5,0.0,0.0,0.03,-0.24,-0.09,-0.15,-0.86,0.0,-1.1,11.821,7.328,9.192,9.624,10.01,9.52,10.4,10.1,-0.001,-0.001,-0.001,0.0,-0.0,,,4.95
-22.0,0.6,0.0,0.0,-0.02,0.12,-0.32,-0.84,0.46,0.0,-1.1,8.27,10.605,9.673,8.849,10.01,9.71,12.95,10.69,-0.001,-0.001,-0.001,0.0,-0.0,,,5.0
-21.9,0.6,0.0,0.0,0.08,-0.0,-0.14,0.23,-0.39,0.0,-1.1,11.85,7.985,9.427,9.447,10.01,10.1,10.99,10.4,-0.001,-0.001,-0.001,0.0,-0.0,,,5.05
-22.1,0.6,0.0,0.0,-0.23,-0.32,-0.19,-0.29,-0.2,0.0,-1.1,8.034,10.86,10.055,8.829,9.12,10.79,12.95,10.2,-0.001,-0.001,-0.001,0.0,-0.0,,,5.1
-22.0,0.6,0.0,0.0,-0.36,-0.22,-0.28,-0.4,0.34,0.0,-1.1,8.564,10.026,9.604,8.054,9.91,10.5,12.16,9.61,-0.001,-0.001,-0.001,0.0,-0.0,,,5.15
-22.1,0.6,0.0,0.0,0.11,0.17,-0.18,0.82,-0.37,0.0,-1.1,5.857,13.047,9.545,8.868,8.63,11.28,11.48,10.69,-0.001,-0.001,-0.001,0.0,-0.0,,,5.2
-21.9,0.6,0.0,0.0,-0.6,-0.34,-0.16,-1.25,-0.22,0.0,-1.1,7.681,11.674,9.231,8.564,9.22,10.1,11.67,11.87,-0.001,-0.001,-0.001,0.0,-0.0,,,5.25
-22.0,0.6,0.0,0.0,0.33,-0.05,-0.23,0.27,-0.62,0.0,-1.1,10.359,9.506,8.603,9.457,8.93,11.67,9.91,11.97,-0.001,-0.001,-0.001,0.0,-0.0,,,5.3
-22.1,0.6,0.0,-0.0,-0.15,-0.3,0.01,0.21,-0.23,0.0,-1.1,8.437,11.095,9.28,8.878,10.4,8.93,12.16,10.99,-0.001,-0.001,-0.001,0.0,0.0,,,5.35
-22.0,0.7,0.0,0.0,0.14,0.01,-0.14,-0.6,-0.78,0.0,-1.1,10.565,9.123,8.819,9.202,9.71,10.2,10.89,12.16,-0.001,-0.001,-0.001,0.0,-0.0,,,5.4
-21.9,0.6,0.0,0.0,0.08,-0.06,-0.27,-0.02,-0.1,0.0,-1.1,11.86,7.053,8.898,9.006,9.32,10.3,12.36,9.61,-0.001,-0.001,-0.001,0.0,-0.0,,,5.45
-22.2,0.7,0.0,0.0,-0.43,-0.28,-0.25,0.5,-0.31,0.0,-1.1,8.456,10.752,9.329,9.408,10.89,9.03,10.89,11.77,-0.001,-0.001,-0.001,0.0,-0.0,,,5.5
-22.1,0.8,0.0,0.0,0.36,0.43,0.02,-0.52,-0.63,0.0,-1.1,11.026,7.662,9.467,9.476,9.32,11.28,11.28,10.99,-0.001,-0.001,-0.001,0.0,-0.0,,,5.55
-22.1,0.8,0.0,0.0,-0.05,-0.21,-0.39,1.0,-0.38,0.0,-1.1,10.291,9.437,8.839,9.604,11.67,8.34,10.4,12.46,-0.001,-0.001,-0.001,0.0,-0.0,,,5.6
-22.1,0.6,0.0,0.0,0.3,0.06,-0.14,-0.61,-0.49,0.0,-1.1,10.006,8.584,8.692,9.81,11.48,8.73,9.42,13.54,-0.001,-0.001,-0.001,0.0,-0.0,,,5.65
-22.0,0.6,0.0,0.0,-0.27,-0.46,-0.04,1.23,-0.14,0.0,-1.1,11.174,8.299,8.633,9.408,9.71,10.01,11.38,11.09,-0.001,-0.001,-0.001,0.0,-0.0,,,5.7
-22.3,0.6,0.0,0.0,-0.02,0.54,-0.31,-1.45,-0.24,0.0,-1.1,10.624,9.084,9.172,9.074,12.16,8.83,11.67,11.18,-0.001,-0.001,-0.001,0.0,-0.0,,,5.75
-22.1,0.7,0.0,-0.0,-0.2,-0.53,0.17,1.33,-0.11,0.0,-1.1,9.251,9.212,9.732,8.917,10.2,9.61,13.54,10.2,-0.001,-0.001,-0.001,0.0,0.0,,,5.8
-22.2,0.9,0.0,0.0,0.11,0.72,-0.24,-2.04,-0.06,0.0,-1.1,9.398,9.535,9.516,9.643,11.18,8.34,9.71,14.03,-0.001,-0.001,-0.001,0.0,-0.0,,,5.85
-22.2,0.7,0.0,0.0,0.15,-0.51,-0.12,0.12,-0.69,0.0,-1.1,11.772,7.407,7.936,9.575,10.59,9.61,10.4,10.69,-0.001,-0.001,-0.001,0.0,-0.0,,,5.9
-22.1,0.6,0.0,0.0,-0.11,0.24,-0.45,0.17,-0.24,0.0,-1.1,9.918,9.27,9.006,9.192,10.59,9.32,11.77,11.18,-0.001,-0.001,-0.001,0.0,-0.0,,,5.95
-22.2,0.7,0.0,0.0,0.26,0.02,-0.22,0.49,-1.07,0.0,-1.1,10.457,8.309,8.652,9.673,12.46,7.85,9.91,13.73,-0.001,-0.001,-0.001,0.0,-0.0,,,6.0
-22.1,1.2,0.0,0.0,-0.02,0.0,-0.36,-0.06,-0.44,0.0,-1.1,10.036,9.722,8.339,9.918,10.2,9.91,11.09,12.16,-0.001,-0.001,-0.001,0.0,-0.0,,,6.05
-22.2,2.0,0.0,0.0,0.15,0.11,-0.17,-0.32,-0.51,0.0,-1.1,10.938,8.123,8.613,9.369,12.07,8.04,9.71,12.75,-0.001,-0.001,-0.001,0.0,-0.0,,,6.1
-22.1,4.1,0.0,0.0,0.05,-0.21,-0.29,0.73,-0.49,0.0,-1.1,9.398,9.869,8.849,9.594,11.38,8.63,10.79,12.65,-0.001,-0.001,-0.001,0.0,-0.0,,,6.15
-22.1,5.3,0.0,0.0,0.51,0.37,0.15,-1.09,-0.92,0.0,-1.1,12.459,7.534,8.437,9.781,11.18,9.32,10.2,12.07,-0.001,-0.001,-0.001,0.0,-0.0,,,6.2
-22.0,6.2,0.0,0.0,0.1,0.25,-0.29,0.84,-0.55,0.0,-1.1,11.86,6.357,9.035,8.77,9.91,9.71,12.95,10.1,-0.001,-0.001,-0.001,0.0,-0.0,,,6.25
-22.2,6.7,0.0,0.0,-0.5,-0.68,-0.29,0.25,0.1,0.0,-1.1,9.329,10.065,9.133,9.113,11.38,8.63,11.97,10.5,-0.001,-0.001,-0.001,0.0,-0.0,,,6.3
-22.1,6.7,0.0,0.0,0.3,1.03,0.02,0.27,-0.64,0.0,-1.1,11.644,6.808,9.418,9.457,9.81,10.69,11.38,11.18,-0.001,-0.001,-0.001,0.0,-0.0,,,6.35
-22.3,6.7,0.0,0.0,-0.61,-1.88,-0.43,-0.89,0.86,0.0,-1.1,5.719,14.107,8.093,9.496,13.24,7.75,10.5,11.97,-0.0,-0.001,-0.001,0.0,-0.0,,,6.4
-22.0,6.4,0.0,0.0,0.51,1.63,0.08,-2.21,-0.57,0.0,-1.1,10.153,5.454,8.182,9.545,9.32,10.99,11.87,11.87,-0.001,-0.001,-0.001,0.0,-0.0,,,6.45
-21.9,6.2,0.0,0.0,0.05,-0.11,-0.18,3.32,0.03,0.0,-1.1,10.497,8.054,10.32,10.104,9.12,8.44,12.56,10.79,-0.0,-0.001,-0.001,0.0,-0.0,,,6.5
-22.2,6.0,0.0,0.0,0.02,0.55,-0.18,-3.33,-0.07,0.0,-1.1,8.015,10.094,9.113,9.104,12.36,8.63,9.32,11.28,-0.0,-0.001,-0.001,0.0,-0.0,,,6.55
-22.2,5.6,0.0,0.0,-0.04,-0.55,-0.27,0.0,0.57,0.0,-1.1,9.918,10.144,8.78,8.858,11.38,9.71,12.46,10.4,-0.001,-0.001,-0.001,0.0,-0.0,,,6.6
-22.0,0.5,0.0,0.0,0.3,-0.58,0.01,-0.13,-0.15,0.0,-1.1,7.642,10.977,8.505,10.065,10.59,8.53,10.1,13.24,-0.0,-0.001,-0.001,0.0,-0.0,,,6.65
-22.2,0.5,0.0,0.0,-0.28,0.5,-0.52,-1.44,-0.23,0.0,-1.1,8.613,10.183,8.172,9.006,11.09,8.63,9.03,11.77,-0.0,-0.001,-0.001,0.0,-0.0,,,6.7
-22.1,0.5,0.0,-0.0,0.15,-0.37,0.19,-0.27,-0.24,0.0,-1.1,7.76,10.673,9.476,9.339,10.3,10.3,10.99,10.69,-0.0,-0.001,-0.001,0.0,0.0,,,6.75
-22.2,0.5,0.0,0.0,0.07,0.22,-0.21,-1.0,-0.01,0.0,-1.1,9.32,10.909,9.153,8.77,10.89,8.63,11.97,10.99,-0.001,-0.001,-0.001,0.0,-0.0,,,6.8
-22.1,0.5,0.0,0.0,-0.07,-0.16,-0.33,-0.5,0.23,0.0,-1.1,8.486,10.948,9.545,9.369,9.81,9.91,10.99,11.58,-0.001,-0.001,-0.001,0.0,-0.0,,,6.85
-22.2,0.5,0.0,0.0,0.09,0.58,0.05,-0.5,-0.15,0.0,-1.1,7.544,11.772,9.123,9.682,10.01,10.2,11.48,11.58,-0.001,-0.001,-0.001,0.0,-0.0,,,6.9
-21.9,0.5,0.0,0.0,-0.27,-1.28,-0.15,-0.84,-0.24,0.0,-1.1,10.909,9.476,8.535,8.986,10.4,9.71,10.3,10.59,-0.001,-0.001,-0.001,0.0,-0.0,,,6.95
-22.1,0.6,0.0,0.0,0.43,0.78,-0.02,1.35,-0.41,0.0,-1.1,10.663,7.995,9.604,8.819,10.1,10.1,13.34,10.2,-0.001,-0.001,-0.001,0.0,-0.0,,,7.0
-22.1,0.6,0.0,0.0,-0.26,-1.15,-0.52,-0.73,-0.08,0.0,-1.1,8.741,10.938,8.741,9.476,11.87,8.14,10.1,13.34,-0.001,-0.001,-0.001,0.0,-0.0,,,7.05
-22.3,0.6,0.0,0.0,-0.0,1.08,-0.25,-0.73,0.18,0.0,-1.1,5.758,10.634,8.348,8.231,8.93,10.99,11.28,11.38,-0.001,-0.001,-0.001,0.0,-0.0,,,7.1
-22.0,0.6,0.0,0.0,-0.18,-0.58,-0.09,-1.73,0.25,0.0,-1.1,7.622,11.811,9.221,8.623,11.18,9.81,11.97,9.61,-0.001,-0.001,-0.001,0.0,-0.0,,,7.15
-22.2,0.7,0.0,-0.0,0.44,-0.24,0.08,0.05,-0.33,0.0,-1.1,11.134,7.475,7.868,8.368,9.42,9.91,12.36,13.24,-0.001,-0.001,-0.001,0.0,0.0,,,7.2
-22.0,0.6,0.0,0.0,0.26,0.37,0.04,0.15,0.33,0.0,-1.1,10.094,9.938,10.026,9.28,11.67,9.61,10.4,8.44,-0.001,-0.001,-0.001,0.0,-0.0,,,7.25
-22.1,0.7,0.0,0.0,0.35,-0.12,0.03,-0.67,-0.31,0.0,-1.1,8.927,9.241,9.486,8.966,9.52,10.5,13.15,12.07,-0.001,-0.001,-0.001,0.0,-0.0,,,7.3
-22.1,0.6,0.0,0.0,-0.06,-0.07,-0.22,-0.91,-0.32,0.0,-1.1,9.526,9.359,8.927,9.202,9.61,9.03,10.3,13.34,-0.001,-0.001,-0.001,0.0,-0.0,,,7.35
-22.2,0.7,0.0,-0.0,0.08,-0.23,-0.03,0.21,-0.27,0.0,-1.1,8.888,11.282,9.261,9.212,9.32,10.99,11.38,9.12,-0.001,-0.001,-0.001,0.0,0.0,,,7.4
-22.1,0.7,0.0,0.0,-0.15,-0.59,-0.3,-0.86,-0.11,0.0,-1.1,9.055,10.408,9.035,9.163,10.01,10.1,11.67,11.09,-0.001,-0.001,-0.001,0.0,-0.0,,,7.45
-22.3,0.7,0.0,0.0,0.1,-0.41,-0.03,-0.37,-0.72,0.0,-1.1,7.779,11.85,8.898,9.575,10.3,9.42,10.3,11.28,-0.001,-0.001,-0.001,0.0,-0.0,,,7.5
-22.2,0.7,0.0,0.0,-0.27,-0.31,0.15,0.15,0.09,0.0,-1.1,9.153,10.232,9.486,8.907,10.3,10.01,12.46,9.61,-0.001,-0.001,-0.001,0.0,-0.0,,,7.55
-22.3,0.7,0.0,0.0,0.15,0.09,-0.12,-0.52,0.0,0.0,-1.1,7.554,11.331,8.966,9.045,10.79,8.53,10.79,13.24,-0.001,-0.001,-0.001,0.0,-0.0,,,7.6
-22.0,0.7,0.0,0.0,-0.23,-0.23,-0.03,-0.45,-0.35,0.0,-1.1,8.77,10.889,9.251,8.839,8.63,11.58,11.28,10.89,-0.001,-0.001,-0.001,0.0,-0.0,,,7.65
-22.1,0.7,0.0,0.0,0.06,-0.26,0.12,0.3,-0.69,0.0,-1.1,10.026,10.163,8.976,8.976,9.91,10.69,12.07,10.2,-0.0,-0.001,-0.001,0.0,-0.0,,,7.7
-21.9,0.7,0.0,0.0,0.04,-0.57,-0.16,-0.21,-0.32,0.0,-1.1,9.938,9.555,9.526,8.397,8.73,10.59,12.26,11.09,-0.001,-0.001,-0.001,0.0,-0.0,,,7.75
-22.1,0.8,0.0,0.0,-0.11,-0.26,-0.3,-0.12,-0.74,0.0,-1.1,9.839,9.702,8.986,9.064,9.22,10.2,10.5,11.97,-0.001,-0.001,-0.001,0.0,-0.0,,,7.8
-22.1,0.8,0.0,0.0,0.04,-0.39,0.0,0.28,-0.12,0.0,-1.1,9.241,10.094,9.084,8.927,9.22,10.2,11.09,10.5,-0.001,-0.001,-0.001,0.0,-0.0,,,7.85
-22.2,0.9,0.0,0.0,-0.14,-0.12,-0.23,-0.3,0.35,0.0,-1.1,7.671,10.909,9.839,8.182,8.63,11.09,13.05,10.69,-0.001,-0.001,-0.001,0.0,-0.0,,,7.9
-21.9,0.9,0.0,0.0,-1.02,-0.88,-0.08,-0.41,-0.54,0.0,-1.1,12.302,8.692,8.731,8.976,10.79,9.42,11.77,10.99,-0.001,-0.001,-0.001,0.0,-0.0,,,7.95
-22.2,0.9,0.0,0.0,0.99,0.68,-0.13,1.38,-0.61,0.0,-1.1,5.248,11.988,10.526,9.869,8.63,12.46,11.77,9.81,-0.001,-0.001,-0.001,0.0,-0.0,,,8.0
-22.0,0.9,0.0,-0.0,-0.91,-0.34,-0.04,-1.83,0.41,0.0,-1.1,12.508,7.348,8.162,7.848,11.38,7.26,13.54,11.09,-0.001,-0.001,-0.001,0.0,0.0,,,8.05
-22.1,1.0,0.0,-0.0,0.74,-0.23,0.3,0.84,-0.57,0.0,-1.1,4.856,12.341,10.811,10.045,8.73,11.97,10.4,9.81,-0.001,-0.001,-0.001,0.0,0.0,,,8.1
-22.0,0.9,0.0,-0.0,0.54,-0.07,0.1,1.85,-0.52,0.0,-1.1,12.881,7.809,8.221,8.113,11.87,8.24,11.38,10.69,-0.001,-0.001,-0.001,0.0,0.0,,,8.15
-22.1,1.0,0.0,0.0,0.98,-0.5,0.16,1.29,-0.91,0.0,-1.1,5.719,11.723,10.271,10.055,8.53,11.77,12.16,11.18,-0.001,-0.001,-0.001,0.0,-0.0,,,8.2
-22.1,0.9,0.0,-0.0,-0.79,0.27,-0.02,-1.23,-0.41,0.0,-1.1,8.594,10.507,8.77,8.083,9.81,8.34,11.18,12.85,-0.001,-0.001,-0.001,0.0,0.0,,,8.25
-22.2,1.0,0.0,0.0,0.02,-0.47,-0.14,0.25,0.01,0.0,-1.1,7.711,11.713,9.584,9.476,10.1,11.18,10.5,9.12,-0.001,-0.001,-0.001,0.0,-0.0,,,8.3
-22.2,1.0,0.0,0.0,0.12,0.24,-0.44,-0.28,-0.43,0.0,-1.1,7.034,11.949,9.251,9.143,10.3,10.5,12.36,13.15,-0.001,-0.001,-0.001,0.0,-0.0,,,8.35
-22.1,1.0,0.0,0.0,0.03,-0.35,0.11,-0.91,-0.19,0.0,-1.1,11.35,9.006,8.603,9.241,10.69,9.03,9.61,12.46,-0.001,-0.001,-0.001,0.0,-0.0,,,8.4
-21.9,0.9,0.0,0.0,0.14,-0.14,-0.52,0.64,-0.56,0.0,-1.1,10.997,8.917,8.329,9.516,9.61,10.1,11.28,11.09,-0.0,-0.001,-0.001,0.0,-0.0,,,8.45
-22.1,1.0,0.0,0.0,0.26,-0.16,-0.4,-0.74,-0.58,0.0,-1.1,11.909,7.053,9.153,9.025,10.99,9.42,11.77,10.69,-0.001,-0.001,-0.001,0.0,-0.0,,,8.5
-22.2,1.0,0.0,-0.0,-0.27,0.23,0.08,0.44,-0.7,0.0,-1.1,11.311,7.848,9.241,8.937,9.81,9.42,12.85,10.79,-0.001,-0.001,-0.001,0.0,0.0,,,8.55
-22.1,1.1,0.0,0.0,0.12,0.19,-0.2,-0.22,-0.11,0.0,-1.1,11.272,7.77,9.535,9.251,10.1,10.2,12.07,9.81,-0.001,-0.001,-0.001,0.0,-0.0,,,8.6
-22.2,1.1,0.0,0.0,-0.43,-0.31,-0.07,0.09,-0.21,0.0,-1.1,10.144,9.192,8.574,9.123,10.2,10.1,11.18,11.38,-0.001,-0.001,-0.001,0.0,-0.0,,,8.65
-22.3,1.2,0.0,0.0,0.08,0.66,-0.3,-1.04,0.06,0.0,-1.1,9.584,8.976,9.163,9.27,11.67,8.63,10.89,11.48,-0.001,-0.001,-0.001,0.0,-0.0,,,8.7
-22.0,1.2,0.0,0.0,-0.19,-0.47,-0.35,0.48,-0.6,0.0,-1.1,10.212,9.212,8.221,9.81,10.2,9.52,10.79,12.36,-0.001,-0.001,-0.001,0.0,-0.0,,,8.75
-22.2,1.4,0.0,-0.0,-0.05,0.48,-0.03,-0.66,0.0,0.0,-1.1,10.153,7.995,9.153,8.937,10.69,9.12,11.87,11.09,-0.001,-0.001,-0.001,0.0,0.0,,,8.8
-22.1,1.5,0.0,-0.0,0.06,0.4,-0.02,0.3,-0.03,0.0,-1.1,11.615,8.613,8.515,9.545,13.15,8.14,9.71,12.16,-0.001,-0.001,-0.001,0.0,0.0,,,8.85
-22.1,1.6,0.0,0.0,0.3,0.09,-0.08,-0.02,-0.6,0.0,-1.1,11.321,6.504,9.261,8.898,9.22,10.79,13.64,10.99,-0.001,-0.001,-0.001,0.0,-0.0,,,8.9
-22.2,1.7,0.0,0.0,-0.4,-0.13,-0.27,-0.24,0.28,0.0,-1.1,8.113,10.928,9.476,8.829,12.16,7.36,10.69,11.58,-0.001,-0.001,-0.001,0.0,-0.0,,,8.95
-22.2,1.9,0.0,0.0,0.32,-0.04,0.1,-0.43,-0.43,0.0,-1.1,8.574,11.085,9.113,9.339,9.32,11.67,10.59,11.09,-0.001,-0.001,-0.001,0.0,-0.0,,,9.0
-22.4,2.1,0.0,0.0,-0.03,-0.53,-0.11,-0.82,-0.02,0.0,-1.1,8.289,10.634,9.584,8.79,9.52,10.01,12.56,12.16,-0.001,-0.001,-0.001,0.0,-0.0,,,9.05
-22.3,2.1,0.0,0.0,-0.14,0.39,-0.15,-0.01,-0.43,0.0,-1.1,6.592,13.538,8.643,9.359,11.28,9.52,9.12,11.87,-0.0,-0.001,-0.001,0.0,-0.0,,,9.1
-21.9,2.1,0.0,0.0,0.42,-0.24,0.01,-0.22,-0.48,0.0,-1.1,12.773,7.161,8.996,9.437,9.81,10.89,11.58,11.48,-0.001,-0.001,-0.001,0.0,-0.0,,,9.15
-22.2,2.1,0.0,0.0,-0.29,-0.19,-0.11,0.21,0.24,0.0,-1.1,11.86,9.771,8.054,9.359,13.24,6.77,10.4,11.87,-0.0,-0.001,-0.001,0.0,-0.0,,,9.2
-22.1,2.2,0.0,0.0,0.8,-0.09,-0.08,1.6,-1.17,0.0,-1.1,8.407,7.269,10.457,10.536,7.46,11.38,12.26,12.36,-0.001,-0.001,-0.001,0.0,-0.0,,,9.25
-22.3,2.2,0.0,0.0,-0.69,0.92,-0.12,-1.75,0.65,0.0,-1.1,12.213,11.694,7.956,9.241,15.11,5.2,7.36,10.99,-0.0,-0.001,-0.001,0.0,-0.0,,,9.3
-22.0,2.2,0.0,0.0,1.05,-1.02,0.09,1.07,-1.0,0.0,-1.1,7.838,9.418,9.32,10.408,7.55,13.64,12.95,12.16,-0.001,-0.001,-0.001,0.0,-0.0,,,9.35
-22.2,2.2,0.0,0.0,-0.95,0.46,-0.56,-1.66,0.18,0.0,-1.1,14.107,6.916,7.348,8.397,14.03,4.61,9.71,14.42,-0.001,-0.001,-0.001,0.0,-0.0,,,9.4
-22.0,2.2,0.0,0.0,0.86,-0.16,-0.08,1.04,-0.34,0.0,-1.1,10.556,9.29,9.486,10.232,11.18,10.5,10.1,8.53,-0.001,-0.001,-0.001,0.0,-0.0,,,9.45
-22.2,2.2,0.0,0.0,0.18,0.44,-0.27,1.38,-0.95,0.0,-1.1,11.841,6.023,8.545,8.8,10.4,8.83,13.34,13.83,-0.001,-0.001,-0.001,0.0,-0.0,,,9.5
-22.2,2.3,0.0,0.0,-0.62,-0.44,-0.44,-1.27,0.28,0.0,-1.1,12.518,8.535,8.182,9.869,13.15,6.18,7.95,11.09,-0.0,-0.001,-0.001,0.0,-0.0,,,9.55
-22.3,2.2,0.0,0.0,1.18,0.18,0.05,2.25,-1.21,0.0,-1.1,6.651,9.526,9.437,10.418,8.44,11.97,12.16,12.46,-0.001,-0.001,-0.001,0.0,-0.0,,,9.6
-22.1,1.7,0.0,0.0,-0.96,0.11,-0.28,-1.32,0.31,0.0,-1.1,10.516,9.467,7.877,9.025,11.77,6.38,8.53,13.34,-0.001,-0.001,-0.001,0.0,-0.0,,,9.65
-22.1,1.1,0.0,0.0,-0.28,0.03,-0.11,-0.7,-0.06,0.0,-1.1,9.663,10.418,9.526,9.653,11.18,11.18,10.4,8.93,-0.001,-0.001,-0.001,0.0,-0.0,,,9.7
-22.1,0.8,0.0,0.0,0.38,0.63,-0.45,1.48,-0.91,0.0,-1.1,9.977,7.976,8.476,9.653,10.59,9.03,11.48,14.42,-0.001,-0.001,-0.001,0.0,-0.0,,,9.75
-22.2,0.7,0.0,0.0,-0.14,0.09,-0.58,-1.32,-0.11,0.0,-1.1,11.34,9.29,9.29,9.3,12.46,7.75,9.61,11.09,-0.001,-0.001,-0.001,0.0,-0.0,,,9.8
-22.1,0.7,0.0,0.0,0.55,-0.23,-0.04,1.33,-1.1,0.0,-1.1,8.299,9.28,8.652,9.408,9.52,10.79,11.28,12.75,-0.001,-0.001,-0.001,0.0,-0.0,,,9.85
-22.2,0.7,0.0,0.0,-0.33,-0.55,-0.44,-1.41,-0.49,0.0,-1.1,8.123,10.546,7.995,9.653,9.71,9.32,9.61,14.03,-0.001,-0.001,-0.001,0.0,-0.0,,,9.9
-22.1,0.7,0.0,0.0,-0.77,-0.27,-0.45,-0.04,-0.15,0.0,-1.1,11.125,9.231,8.437,8.868,10.1,9.81,9.91,9.61,-0.001,-0.001,-0.001,0.0,-0.0,,,9.95
-22.1,0.7,0.0,0.0,0.23,0.09,-0.46,1.0,-0.46,0.0,-1.1,9.732,9.938,9.741,9.398,11.38,10.1,11.58,10.3,-0.001,-0.001,-0.001,0.0,-0.0,,,10.0
-22.1,0.7,0.0,0.0,0.14,-0.32,-0.25,-0.01,-0.63,0.0,-1.1,7.76,10.771,9.27,9.182,10.4,8.63,11.77,13.44,-0.001,-0.001,-0.001,0.0,-0.0,,,10.05
-22.1,0.7,0.0,0.0,0.07,0.23,-0.2,-0.68,-0.69,0.0,-1.1,10.212,8.741,9.025,9.516,8.93,11.09,10.1,12.46,-0.001,-0.001,-0.001,0.0,-0.0,,,10.1
-22.0,0.7,0.0,0.0,0.06,-0.24,-0.2,1.08,-0.65,0.0,-1.1,10.193,9.212,8.652,9.614,11.48,8.24,10.5,11.87,-0.0,-0.001,-0.001,0.0,-0.0,,,10.15
-22.1,0.7,0.0,0.0,-0.11,-0.35,-0.13,-0.06,-0.44,0.0,-1.1,8.574,10.271,9.261,8.868,9.81,9.61,11.77,11.77,-0.0,-0.001,-0.001,0.0,-0.0,,,10.2
-22.1,0.7,0.0,0.0,0.09,0.14,-0.25,-0.28,-0.35,0.0,-1.1,7.23,11.507,9.898,9.575,9.42,10.79,12.36,12.07,-0.0,-0.001,-0.001,0.0,-0.0,,,10.25
-22.2,0.7,0.0,0.0,-0.27,-0.26,-0.1,0.18,-0.34,0.0,-1.1,8.466,11.468,9.467,8.751,10.69,8.83,10.69,9.61,-0.001,-0.001,-0.001,0.0,-0.0,,,10.3
-22.1,0.7,0.0,0.0,0.48,0.35,-0.21,-0.69,-0.85,0.0,-1.1,9.722,9.437,8.348,9.79,10.5,9.91,9.91,13.83,-0.0,-0.001,-0.001,0.0,-0.0,,,10.35
-22.2,0.8,0.0,0.0,0.28,-0.87,-0.23,0.31,0.01,0.0,-1.1,7.475,11.988,8.8,9.506,10.01,9.61,10.4,11.58,-0.0,-0.001,-0.001,0.0,-0.0,,,10.4
-22.1,0.8,0.0,0.0,-0.63,0.29,-0.27,-0.37,-0.08,0.0,-1.1,11.036,8.28,8.24,8.427,9.52,9.42,11.48,11.77,-0.001,-0.001,-0.001,0.0,-0.0,,,10.45
-22.1,0.9,0.0,0.0,-0.18,-1.04,-0.41,-0.53,-0.54,0.0,-1.1,10.879,9.339,9.339,10.124,13.24,9.22,9.71,10.3,-0.001,-0.001,-0.001,0.0,-0.0,,,10.5
-22.1,0.9,0.0,0.0,0.2,0.3,-0.21,-0.86,-0.02,0.0,-1.1,11.772,7.357,8.191,9.673,11.38,8.83,11.67,12.95,-0.001,-0.001,-0.001,0.0,-0.0,,,10.55
-22.1,1.0,0.0,0.0,0.39,0.3,-0.09,-0.01,-0.9,0.0,-1.1,9.506,8.721,9.516,9.604,10.3,9.32,11.09,13.15,-0.001,-0.001,-0.001,0.0,-0.0,,,10.6
-22.0,1.0,0.0,0.0,-0.26,-0.97,-0.4,0.58,-0.6,0.0,-1.1,10.634,9.437,8.397,9.476,10.01,9.81,10.99,10.99,-0.001,-0.001,-0.001,0.0,-0.0,,,10.65
-22.2,1.0,0.0,0.0,0.22,0.35,-0.31,-0.69,-0.55,0.0,-1.1,6.995,11.389,9.594,9.261,9.12,10.89,10.3,11.77,-0.001,-0.001,-0.001,0.0,-0.0,,,10.7
-22.0,1.1,0.0,-0.0,-0.16,-0.71,0.08,0.15,-0.19,0.0,-1.1,10.742,9.31,8.662,9.192,10.4,9.91,10.99,11.48,-0.001,-0.001,-0.001,0.0,0.0,,,10.75
-22.1,1.1,0.0,-0.0,0.32,-0.67,-0.06,0.45,-0.64,0.0,-1.1,8.044,10.86,9.015,9.614,9.22,10.69,10.79,12.07,-0.001,-0.001,-0.001,0.0,0.0,,,10.8
-22.2,1.1,0.0,0.0,-0.1,0.55,-0.07,-0.93,-0.41,0.0,-1.1,7.966,11.232,8.868,8.584,10.59,8.93,10.3,12.95,-0.001,-0.001,-0.001,0.0,-0.0,,,10.85
-22.0,1.1,0.0,0.0,0.11,-0.51,-0.45,0.62,-0.88,0.0,-1.1,11.625,8.152,8.545,9.771,9.52,11.28,11.48,9.71,-0.001,-0.001,-0.001,0.0,-0.0,,,10.9
-22.1,1.1,0.0,0.0,-0.06,-0.14,-0.36,1.17,-0.41,0.0,-1.1,9.8,8.348,8.868,9.653,10.99,8.53,11.09,12.65,-0.0,-0.001,-0.001,0.0,-0.0,,,10.95
-22.2,1.2,0.0,0.0,-0.19,0.73,-0.21,-1.12,0.05,0.0,-1.1,11.497,8.015,9.094,9.123,11.87,8.44,10.4,11.58,-0.001,-0.001,-0.001,0.0,-0.0,,,11.0
-22.1,1.2,0.0,-0.0,0.09,-0.69,0.24,0.92,-0.03,0.0,-1.1,11.448,7.632,9.398,9.908,9.71,10.89,12.95,10.59,-0.001,-0.001,-0.001,0.0,0.0,,,11.05
-22.3,1.2,0.0,0.0,-0.14,0.53,0.02,-1.22,0.05,0.0,-1.1,7.622,10.86,9.545,9.055,12.16,7.36,10.5,13.64,-0.001,-0.001,-0.001,0.0,-0.0,,,11.1
-22.0,1.1,0.0,0.0,0.2,0.17,0.1,0.19,-0.73,0.0,-1.1,11.066,7.936,8.633,9.712,9.91,10.79,10.2,10.99,-0.001,-0.001,-0.001,0.0,-0.0,,,11.15
-22.2,1.2,0.0,0.0,-0.06,0.01,-0.1,0.14,-0.32,0.0,-1.1,12.782,6.484,8.839,9.261,10.89,8.63,12.36,10.1,-0.001,-0.001,-0.001,0.0,-0.0,,,11.2
-22.1,1.1,0.0,0.0,0.08,0.6,-0.01,-0.06,-0.27,0.0,-1.1,10.487,8.231,9.476,9.378,10.89,9.32,11.77,12.16,-0.001,-0.001,-0.001,0.0,-0.0,,,11.25
-22.1,1.1,0.0,-0.0,-0.41,-0.91,0.06,0.05,0.07,0.0,-1.1,10.153,8.966,10.193,8.545,10.01,9.91,13.54,9.61,-0.001,-0.001,-0.001,0.0,0.0,,,11.3
-22.1,1.1,0.0,0.0,0.25,0.69,-0.13,-0.81,-0.91,0.0,-1.1,9.996,8.947,9.545,9.692,10.79,9.32,9.81,12.65,-0.001,-0.001,-0.001,0.0,-0.0,,,11.35
-22.3,1.2,0.0,0.0,-0.18,-0.47,-0.24,1.23,-0.54,0.0,-1.1,8.113,10.85,8.486,10.193,10.89,8.44,10.1,12.75,-0.0,-0.001,-0.001,0.0,-0.0,,,11.4
-22.1,1.1,0.0,0.0,0.11,-0.57,-0.33,0.35,-1.33,0.0,-1.1,8.741,10.389,8.849,9.408,10.99,9.32,9.42,12.95,-0.001,-0.001,-0.001,0.0,-0.0,,,11.45
-22.2,1.2,0.0,0.0,0.01,-0.46,-0.43,2.01,-0.67,0.0,-1.1,10.369,9.555,8.898,9.418,11.67,9.03,11.09,10.99,-0.001,-0.001,-0.001,0.0,-0.0,,,11.5
-22.3,1.2,0.0,0.0,0.32,0.36,-0.09,-1.16,-0.59,0.0,-1.1,7.848,11.478,8.849,9.663,11.67,8.24,9.32,15.01,-0.001,-0.001,-0.001,0.0,-0.0,,,11.55
-22.1,1.3,0.0,0.0,-0.18,-0.51,-0.16,0.46,-0.39,0.0,-1.1,10.35,9.839,8.525,8.751,9.22,10.59,11.28,10.99,-0.001,-0.001,-0.001,0.0,-0.0,,,11.6
-22.1,1.4,0.0,0.0,-0.07,-0.08,-0.23,-0.07,-0.16,0.0,-1.1,6.288,12.576,9.202,9.388,10.1,9.71,10.69,11.48,-0.0,-0.001,-0.001,0.0,-0.0,,,11.65
-22.2,1.5,0.0,0.0,-0.24,-0.37,-0.11,-1.15,0.37,0.0,-1.1,8.564,10.82,8.437,9.565,10.01,9.52,10.59,13.15,-0.001,-0.001,-0.001,0.0,-0.0,,,11.7
-22.0,1.5,0.0,-0.0,0.49,0.8,0.54,0.15,-0.79,0.0,-1.1,9.369,10.771,8.829,9.104,10.01,10.59,10.01,11.58,-0.001,-0.001,-0.001,0.0,0.0,,,11.75
-21.9,1.6,0.0,-0.0,-0.46,-1.43,0.03,0.14,-0.78,0.0,-1.1,10.144,9.839,8.819,8.662,9.42,10.59,13.24,9.81,-0.001,-0.001,-0.001,0.0,0.0,,,11.8
-22.0,1.7,0.0,0.0,-0.21,0.3,-0.53,0.83,-0.16,0.0,-1.1,10.84,8.329,9.467,8.79,9.03,10.99,11.28,11.18,-0.001,-0.001,-0.001,0.0,-0.0,,,11.85
-22.0,1.8,0.0,0.0,-0.18,-0.4,-0.31,0.02,-0.01,0.0,-1.1,11.831,8.221,9.673,9.28,10.99,9.03,12.16,9.81,-0.001,-0.001,-0.001,0.0,-0.0,,,11.9
-22.0,1.9,0.0,0.0,0.37,0.77,-0.04,-0.5,0.28,0.0,-1.1,9.3,8.77,9.79,9.055,8.14,11.38,12.26,12.07,-0.001,-0.001,-0.001,0.0,-0.0,,,11.95
-22.0,2.0,0.0,0.0,-0.82,-0.97,-0.45,-0.13,-0.35,0.0,-1.1,11.183,8.623,8.8,8.564,8.73,10.4,12.46,9.52,-0.001,-0.001,-0.001,0.0,-0.0,,,12.0
-22.1,2.1,0.0,0.0,0.02,0.82,-0.09,-0.69,0.31,0.0,-1.1,8.26,10.094,9.516,8.878,11.18,9.12,10.79,11.09,-0.001,-0.001,-0.001,0.0,-0.0,,,12.05
-22.0,2.1,0.0,0.0,-0.0,-0.08,-0.38,-0.27,-0.21,0.0,-1.1,11.949,7.946,8.27,9.437,10.5,10.01,11.58,11.48,-0.001,-0.001,-0.001,0.0,-0.0,,,12.1
-22.1,2.1,0.0,0.0,0.47,0.4,-0.31,-0.42,-0.62,0.0,-1.1,10.722,7.926,9.398,9.27,10.2,9.61,12.16,9.91,-0.001,-0.001,-0.001,0.0,-0.0,,,12.15
-22.1,2.2,0.0,0.0,-0.06,-0.06,-0.29,0.19,-0.58,0.0,-1.1,11.762,6.632,8.27,9.467,10.5,9.03,10.79,13.83,-0.001,-0.001,-0.001,0.0,-0.0,,,12.2
-22.1,2.2,0.0,0.0,-0.23,-0.07,-0.19,0.31,0.05,0.0,-1.1,8.829,10.399,9.987,9.094,10.79,9.12,11.97,9.71,-0.001,-0.001,-0.001,0.0,-0.0,,,12.25
-22.0,2.3,0.0,0.0,-0.22,-0.56,-0.15,-0.22,-0.34,0.0,-1.1,10.065,8.907,9.614,9.163,9.61,10.99,12.56,10.99,-0.001,-0.001,-0.001,0.0,-0.0,,,12.3
-22.1,2.3,0.0,0.0,-0.55,-0.48,-0.2,-0.83,0.05,0.0,-1.1,9.614,9.143,9.575,8.692,10.4,9.12,13.24,9.61,-0.001,-0.001,-0.001,0.0,-0.0,,,12.35
-22.2,2.4,0.0,0.0,-0.09,0.6,-0.25,-0.59,0.29,0.0,-1.1,9.614,9.624,9.545,8.751,10.4,10.2,10.79,11.18,-0.001,-0.001,-0.001,0.0,-0.0,,,12.4
-22.1,2.4,0.0,0.0,-0.15,-0.83,-0.02,0.36,0.37,0.0,-1.1,8.809,9.241,9.643,8.721,8.34,10.2,14.62,9.61,-0.001,-0.001,-0.001,0.0,-0.0,,,12.45
-22.2,2.4,0.0,-0.0,-0.1,-0.57,0.19,-0.4,-0.33,0.0,-1.1,9.339,9.741,9.702,9.29,11.28,8.34,10.01,13.24,-0.001,-0.001,-0.001,0.0,0.0,,,12.5
-22.1,2.4,0.0,0.0,-0.13,-0.47,0.09,1.26,-0.64,0.0,-1.1,10.35,8.623,8.358,9.378,9.52,10.79,11.58,11.38,-0.001,-0.001,-0.001,0.0,-0.0,,,12.55
-22.2,2.4,0.0,0.0,-0.14,1.09,-0.38,-1.0,0.05,0.0,-1.1,11.919,7.897,8.898,9.094,11.97,8.44,11.09,10.69,-0.001,-0.001,-0.001,0.0,-0.0,,,12.6
-21.9,2.4,0.0,0.0,0.05,-0.84,-0.12,1.8,-0.49,0.0,-1.1,12.263,6.426,9.064,9.673,10.89,9.91,12.16,11.18,-0.001,-0.001,-0.001,0.0,-0.0,,,12.65
-22.3,2.4,0.0,0.0,0.17,0.67,-0.2,-1.02,-0.28,0.0,-1.1,9.928,8.711,9.28,9.221,10.89,8.63,10.99,11.77,-0.001,-0.001,-0.001,0.0,-0.0,,,12.7
-22.0,2.4,0.0,0.0,-0.45,-0.71,0.02,0.6,-0.04,0.0,-1.1,10.006,8.289,9.447,9.113,10.4,9.22,11.87,10.5,-0.001,-0.001,-0.001,0.0,-0.0,,,12.75
-22.2,2.4,0.0,0.0,-0.19,0.96,-0.38,-1.15,-0.26,0.0,-1.1,11.488,8.319,8.986,9.369,11.67,9.32,10.5,10.89,-0.001,-0.001,-0.001,0.0,-0.0,,,12.8
-22.0,2.4,0.0,0.0,0.23,-0.29,-0.01,1.06,0.01,0.0,-1.1,11.586,7.259,9.221,9.633,10.1,10.2,11.87,11.18,-0.001,-0.001,-0.001,0.0,-0.0,,,12.85
-22.2,2.4,0.0,0.0,0.51,0.78,-0.1,-1.01,-0.57,0.0,-1.1,9.987,8.211,9.359,9.094,9.81,9.12,11.58,11.77,-0.001,-0.001,-0.001,0.0,-0.0,,,12.9
-22.0,2.4,0.0,0.0,-0.13,0.17,-0.23,0.37,-0.32,0.0,-1.1,9.545,9.496,8.927,9.055,10.2,9.61,11.18,11.18,-0.001,-0.001,-0.001,0.0,-0.0,,,12.95
-22.2,2.4,0.0,0.0,-0.24,-0.24,-0.07,-0.88,-0.4,0.0,-1.1,8.662,9.545,9.113,8.986,9.03,10.2,11.28,12.36,-0.001,-0.001,-0.001,0.0,-0.0,,,13.0
-22.2,2.4,0.0,0.0,-0.65,0.64,-0.3,-0.07,0.34,0.0,-1.1,9.3,11.625,9.182,9.29,11.77,8.93,9.81,9.12,-0.001,-0.001,-0.001,0.0,-0.0,,,13.05
-22.2,2.4,0.0,0.0,0.29,-0.33,0.08,-0.19,0.02,0.0,-1.1,8.162,10.173,9.879,8.907,9.61,10.99,13.83,10.2,-0.001,-0.001,-0.001,0.0,-0.0,,,13.1
-22.1,2.0,0.0,-0.0,0.08,0.08,0.32,-0.85,-0.32,0.0,-1.1,5.621,11.978,9.133,9.27,9.81,9.22,11.28,14.52,-0.0,-0.001,-0.001,0.0,0.0,,,13.15
-22.2,0.8,0.0,0.0,-0.82,-0.27,-0.15,-1.34,0.16,0.0,-1.1,11.89,8.476,8.309,8.515,10.5,8.93,10.69,10.4,-0.001,-0.001,-0.001,0.0,-0.0,,,13.2
-22.1,0.7,0.0,0.0,0.53,0.39,-0.08,-0.09,-0.27,0.0,-1.1,7.946,12.449,8.79,9.133,12.07,10.89,10.5,10.1,-0.0,-0.001,-0.001,0.0,-0.0,,,13.25
-22.2,0.7,0.0,0.0,-0.16,-0.68,-0.38,-0.48,-0.34,0.0,-1.1,10.026,7.338,8.731,9.349,7.85,9.81,13.93,14.72,-0.001,-0.001,-0.001,0.0,-0.0,,,13.3
-22.2,0.6,0.0,0.0,-0.72,0.38,-0.44,-0.64,0.32,0.0,-1.1,12.076,9.526,8.613,9.241,13.15,7.55,7.26,10.3,-0.001,-0.001,-0.001,0.0,-0.0,,,13.35
-22.1,0.7,0.0,0.0,1.03,0.34,-0.11,1.59,-0.96,0.0,-1.1,11.144,7.142,8.966,10.006,9.81,11.77,13.05,11.28,-0.001,-0.001,-0.001,0.0,-0.0,,,13.4
-22.1,0.6,0.0,0.0,-0.63,-0.39,-0.43,0.04,-0.02,0.0,-1.1,10.35,8.652,8.456,9.015,10.69,7.75,11.97,13.24,-0.001,-0.001,-0.001,0.0,-0.0,,,13.45
-22.3,0.7,0.0,0.0,-0.19,-0.02,-0.36,0.14,-0.13,0.0,-1.1,9.653,8.878,8.819,9.594,10.01,9.91,10.1,10.2,-0.001,-0.001,-0.001,0.0,-0.0,,,13.5
-22.4,0.7,0.0,0.0,0.08,0.37,-0.22,0.04,-0.02,0.0,-1.1,7.622,10.997,9.32,9.172,11.09,9.22,11.87,11.48,-0.001,-0.001,-0.001,0.0,-0.0,,,13.55
-22.2,0.7,0.0,0.0,0.09,-0.2,-0.06,-0.23,-0.91,0.0,-1.1,7.877,11.331,9.055,9.555,9.81,10.01,10.4,12.95,-0.001,-0.001,-0.001,0.0,-0.0,,,13.6
-22.2,0.7,0.0,0.0,-0.37,-0.58,-0.22,-0.4,0.07,0.0,-1.1,11.036,8.682,8.25,9.104,9.52,10.5,10.3,12.07,-0.001,-0.001,-0.001,0.0,-0.0,,,13.65
-22.2,0.7,0.0,0.0,-0.23,-0.93,-0.42,0.47,-0.29,0.0,-1.1,9.221,10.222,9.221,9.055,9.52,10.1,12.07,10.69,-0.001,-0.001,-0.001,0.0,-0.0,,,13.7
-22.0,0.7,0.0,0.0,0.15,-0.14,0.04,1.07,-0.61,0.0,-1.1,8.829,10.742,9.035,9.153,9.61,11.18,10.4,12.07,-0.001,-0.001,-0.001,0.0,-0.0,,,13.75
-22.2,0.7,0.0,0.0,-0.53,-0.88,0.02,-0.31,-0.42,0.0,-1.1,7.848,10.889,9.692,8.829,8.04,10.4,12.36,12.65,-0.001,-0.001,-0.001,0.0,-0.0,,,13.8
-22.1,0.7,0.0,0.0,-0.05,-0.28,-0.26,0.56,-0.31,0.0,-1.1,6.337,13.234,9.27,8.809,9.61,10.59,9.42,11.28,-0.0,-0.001,-0.001,0.0,-0.0,,,13.85
-21.9,0.8,0.0,0.0,0.08,-0.46,-0.09,-0.21,-0.37,0.0,-1.1,10.879,9.457,9.251,8.976,8.93,11.58,12.16,11.09,-0.001,-0.001,-0.001,0.0,-0.0,,,13.9
-22.0,0.8,0.0,0.0,0.06,-0.25,-0.17,-0.77,-0.5,0.0,-1.1,7.495,11.664,9.339,9.074,9.61,9.61,11.38,12.36,-0.0,-0.001,-0.001,0.0,-0.0,,,13.95
-22.2,1.0,0.0,0.0,-0.57,-0.76,-0.11,-0.52,-0.13,0.0,-1.1,10.114,8.466,8.623,8.79,8.83,9.81,11.38,11.97,-0.001,-0.001,-0.001,0.0,-0.0,,,14.0
-22.0,1.0,0.0,0.0,-0.26,0.77,-0.26,0.1,-0.01,0.0,-1.1,12.027,9.996,9.123,9.575,13.24,8.44,8.93,9.61,-0.001,-0.001,-0.001,0.0,-0.0,,,14.05
-22.1,1.1,0.0,0.0,0.8,-0.13,0.12,0.48,-0.98,0.0,-1.1,11.174,6.573,9.79,9.663,9.91,10.99,14.13,12.07,-0.001,-0.001,-0.001,0.0,-0.0,,,14.1
-22.1,1.1,0.0,0.0,0.05,-0.17,-0.55,-0.45,-0.42,0.0,-1.1,10.86,8.093,8.044,9.643,11.38,6.77,9.91,13.83,-0.001,-0.001,-0.001,0.0,-0.0,,,14.15
-22.0,1.2,0.0,-0.0,-0.12,0.07,0.11,0.67,-0.93,0.0,-1.1,11.527,7.407,9.104,9.025,9.22,10.89,11.28,9.91,-0.001,-0.001,-0.001,0.0,0.0,,,14.2
-22.0,1.1,0.0,0.0,-0.04,0.17,-0.02,-0.35,-0.22,0.0,-1.1,11.36,8.27,9.457,9.133,10.99,9.61,12.46,9.91,-0.001,-0.001,-0.001,0.0,-0.0,,,14.25
-22.1,1.2,0.0,0.0,-0.46,-0.46,-0.19,0.99,0.29,0.0,-1.1,8.329,10.104,10.104,8.407,9.32,9.71,13.54,10.1,-0.001,-0.001,-0.001,0.0,-0.0,,,14.3
-22.1,1.1,0.0,0.0,-0.36,0.54,0.1,-1.98,-0.42,0.0,-1.1,10.359,8.643,9.221,8.613,10.2,10.3,11.58,10.1,-0.001,-0.001,-0.001,0.0,-0.0,,,14.35
-22.1,1.1,0.0,0.0,0.12,0.36,0.18,-0.08,-0.22,0.0,-1.1,10.634,9.094,9.81,9.163,10.5,10.5,12.56,9.22,-0.001,-0.001,-0.001,0.0,-0.0,,,14.4
-22.1,1.1,0.0,-0.0,-0.16,-0.59,-0.12,0.18,0.03,0.0,-1.1,9.113,8.907,9.633,8.505,8.53,10.5,14.13,10.99,-0.001,-0.001,-0.001,0.0,0.0,,,14.45
-22.2,1.1,0.0,0.0,-0.04,0.55,0.03,-0.22,-0.14,0.0,-1.1,9.486,10.055,9.467,9.104,10.69,8.83,9.81,11.87,-0.001,-0.001,-0.001,0.0,-0.0,,,14.5
-22.1,1.1,0.0,0.0,-0.26,-0.65,0.01,0.09,-0.61,0.0,-1.1,9.496,10.281,9.516,8.849,8.83,11.48,13.64,9.42,-0.001,-0.001,-0.001,0.0,-0.0,,,14.55
-22.3,1.2,0.0,0.0,-0.01,0.26,-0.12,-0.49,-0.22,0.0,-1.1,6.857,11.527,9.457,9.113,9.32,10.3,12.46,11.77,-0.0,-0.001,-0.001,0.0,-0.0,,,14.6
-22.0,1.2,0.0,0.0,-0.47,-0.41,-0.0,0.19,-0.1,0.0,-1.1,8.26,11.537,9.261,9.015,11.18,9.52,10.99,10.4,-0.001,-0.001,-0.001,0.0,-0.0,,,14.65
-22.2,1.3,0.0,0.0,0.52,0.78,-0.33,-0.85,-1.26,0.0,-1.1,10.055,9.349,8.682,9.467,9.42,10.99,10.3,13.05,-0.001,-0.001,-0.001,0.0,-0.0,,,14.7
-22.0,1.3,0.0,0.0,-0.1,-0.65,-0.52,0.09,0.06,0.0,-1.1,11.743,7.819,9.163,9.143,11.58,7.06,11.28,10.99,-0.001,-0.001,-0.001,0.0,-0.0,,,14.75
-22.2,1.6,0.0,-0.0,-0.06,-0.06,0.04,0.4,-0.47,0.0,-1.1,9.614,9.231,8.25,9.751,11.38,9.03,10.1,12.56,-0.0,-0.001,-0.001,0.0,0.0,,,14.8
-22.2,1.7,0.0,0.0,-0.08,0.74,0.16,-1.04,0.53,0.0,-1.1,10.85,8.182,9.182,9.28,12.16,8.34,11.48,11.18,-0.001,-0.001,-0.001,0.0,-0.0,,,14.85
-22.3,1.9,0.0,0.0,0.45,-0.14,-0.57,0.84,-0.86,0.0,-1.1,8.28,10.614,9.231,10.045,12.07,8.34,11.09,12.65,-0.0,-0.001,-0.001,0.0,-0.0,,,14.9
-22.0,2.0,0.0,0.0,0.57,0.72,-0.16,-1.22,-0.92,0.0,-1.1,11.193,7.308,8.525,9.996,10.59,9.91,9.52,13.54,-0.001,-0.001,-0.001,0.0,-0.0,,,14.95
-22.2,2.1,0.0,0.0,0.2,-0.33,-0.37,0.47,-0.09,0.0,-1.1,11.723,7.809,8.515,9.79,13.34,6.77,9.91,12.16,-0.001,-0.001,-0.001,0.0,-0.0,,,15.0
-22.1,2.2,0.0,0.0,-0.14,-0.09,-0.23,0.58,-0.56,0.0,-1.1,10.683,7.907,7.73,10.045,12.46,7.65,9.32,13.24,-0.0,-0.001,-0.001,0.0,-0.0,,,15.05
-22.2,2.4,0.0,0.0,0.17,1.33,-0.39,-1.54,0.01,0.0,-1.1,13.606,6.426,8.525,9.369,14.42,6.97,11.18,10.99,-0.001,-0.001,-0.001,0.0,-0.0,,,15.1
-22.0,2.4,0.0,0.0,0.36,-0.27,-0.25,1.31,-0.7,0.0,-1.1,12.312,6.22,8.584,10.605,11.58,9.22,11.48,13.24,-0.001,-0.001,-0.001,0.0,-0.0,,,15.15
-22.3,2.5,0.0,0.0,-0.03,0.36,-0.33,-0.83,-0.31,0.0,-1.1,8.25,9.741,9.339,9.202,12.75,7.06,9.52,13.34,-0.001,-0.001,-0.001,0.0,-0.0,,,15.2
-21.9,2.6,0.0,0.0,-0.15,-0.76,-0.15,0.83,-0.42,0.0,-1.1,9.526,9.869,9.516,9.231,9.91,11.77,10.5,10.5,-0.001,-0.001,-0.001,0.0,-0.0,,,15.25
-22.2,2.8,0.0,-0.0,0.04,-0.08,0.43,-1.1,-0.11,0.0,-1.1,7.289,12.361,9.457,8.966,11.48,8.63,12.36,11.38,-0.0,-0.001,-0.001,0.0,0.0,,,15.3
-22.0,2.9,0.0,0.0,0.17,-0.61,-0.25,-0.01,-0.22,0.0,-1.1,7.514,11.301,8.397,9.653,8.93,10.4,10.5,13.54,-0.001,-0.001,-0.001,0.0,-0.0,,,15.35
-22.3,3.2,0.0,0.0,0.21,0.95,0.11,-0.69,-0.51,0.0,-1.1,8.103,12.478,8.417,8.692,10.4,9.32,9.81,11.67,-0.0,-0.001,-0.001,0.0,-0.0,,,15.4
-21.9,3.6,0.0,0.0,-0.18,-1.3,-0.12,0.63,-0.2,0.0,-1.1,11.674,8.574,8.417,9.545,9.03,11.18,12.65,9.32,-0.001,-0.001,-0.001,0.0,-0.0,,,15.45
-22.1,4.1,0.0,0.0,-0.18,-0.37,-0.35,0.23,-0.19,0.0,-1.1,10.958,8.221,8.584,9.486,11.09,8.63,10.59,13.24,-0.001,-0.001,-0.001,0.0,-0.0,,,15.5
-22.1,4.1,0.0,0.0,0.29,-1.03,-0.25,0.55,-0.59,0.0,-1.1,6.71,11.311,8.947,10.124,9.32,10.69,10.99,13.05,-0.001,-0.001,-0.001,0.0,-0.0,,,15.55
-22.2,4.2,0.0,0.0,-0.7,0.5,-0.04,-0.74,-0.13,0.0,-1.1,8.201,10.271,8.495,8.054,8.44,9.52,10.79,12.95,-0.001,-0.001,-0.001,0.0,-0.0,,,15.6
-22.0,4.2,0.0,0.0,-0.62,-0.43,0.14,-0.31,-0.2,0.0,-1.1,10.202,10.968,8.76,9.938,11.67,10.01,9.32,9.81,-0.0,-0.001,-0.001,0.0,-0.0,,,15.65
-22.2,4.2,0.0,0.0,0.55,0.6,0.08,0.44,-0.05,0.0,-1.1,7.593,10.752,9.751,8.888,10.69,9.71,12.46,11.77,-0.001,-0.001,-0.001,0.0,-0.0,,,15.7
-22.0,4.2,0.0,0.0,0.19,-0.66,-0.08,-0.75,-0.35,0.0,-1.1,6.18,11.752,8.966,10.085,8.73,9.61,10.69,15.01,-0.0,-0.001,-0.001,0.0,-0.0,,,15.75
-22.2,4.2,0.0,0.0,-0.75,-0.23,-0.27,-0.54,0.06,0.0,-1.1,11.232,9.192,8.574,8.044,11.09,8.73,10.1,9.61,-0.001,-0.001,-0.001,0.0,-0.0,,,15.8
-22.1,4.2,0.0,0.0,0.2,0.51,-0.52,-0.42,-0.12,0.0,-1.1,11.389,9.202,8.486,9.614,12.65,10.3,10.1,10.99,-0.001,-0.001,-0.001,0.0,-0.0,,,15.85
-22.3,4.2,0.0,0.0,0.11,-0.15,-0.3,0.12,-0.44,0.0,-1.1,13.322,6.494,8.937,9.251,11.09,8.24,13.83,11.77,-0.001,-0.001,-0.001,0.0,-0.0,,,15.9
-22.2,4.2,0.0,0.0,-0.42,0.19,-0.36,-1.05,0.11,0.0,-1.1,5.091,11.331,9.82,10.183,8.63,10.01,10.4,13.05,-0.001,-0.001,-0.001,0.0,-0.0,,,15.95
-22.6,4.3,0.0,0.0,-1.08,-0.06,-0.44,-1.43,0.09,0.0,-1.1,10.771,8.417,7.73,8.466,10.4,8.14,9.71,12.95,-0.001,-0.001,-0.001,0.0,-0.0,,,16.0
-23.1,4.4,0.0,-0.0,0.17,0.56,0.23,-0.76,0.13,0.0,-1.1,12.822,8.348,9.074,9.221,13.15,10.3,10.1,7.46,-0.001,-0.001,-0.001,0.0,0.0,,,16.05
-24.0,4.7,0.0,0.0,1.04,0.14,-0.2,2.92,-1.12,0.0,-1.1,8.633,6.377,9.006,10.565,9.91,10.1,13.34,14.42,-0.0,-0.001,-0.001,0.0,-0.0,,,16.1
-24.3,4.9,0.0,0.0,0.24,0.62,-0.59,-2.22,-0.32,0.0,-1.1,12.174,5.896,9.624,9.938,13.15,5.89,9.12,12.46,-0.001,-0.001,-0.001,0.0,-0.0,,,16.15
-24.6,5.0,0.0,0.0,0.87,1.21,-0.11,1.29,-0.28,0.0,-1.1,6.769,10.134,9.575,10.065,9.91,11.09,9.12,11.58,-0.0,-0.001,-0.001,0.0,-0.0,,,16.2
-24.7,4.9,0.0,0.0,-0.41,-0.73,-0.11,-1.61,0.11,0.0,-1.1,13.557,7.073,8.221,8.633,11.28,8.93,11.38,12.16,-0.0,-0.001,-0.001,0.0,-0.0,,,16.25
-24.9,3.5,0.0,0.0,0.25,-0.11,-0.26,1.88,-0.31,0.0,-1.1,9.064,9.673,10.379,8.515,10.2,9.61,12.65,9.91,-0.0,-0.001,-0.001,0.0,-0.0,,,16.3
-24.9,1.0,0.0,0.0,-0.09,0.39,-0.3,-0.15,-0.71,0.0,-1.1,6.514,12.302,9.476,9.437,8.44,10.69,11.87,13.54,-0.0,-0.001,-0.001,0.0,-0.0,,,16.35
-25.1,0.7,0.0,0.0,-0.38,-0.41,0.03,-1.72,0.82,0.0,-1.1,7.279,10.065,10.045,7.603,8.34,10.2,12.36,8.93,-0.0,-0.001,-0.001,0.0,-0.0,,,16.4
-25.1,0.7,0.0,0.0,0.16,0.3,-0.2,-0.15,-0.16,0.0,-1.1,10.232,9.467,9.123,8.201,9.81,11.58,11.87,10.01,-0.0,-0.001,-0.001,0.0,-0.0,,,16.45
-25.4,0.7,0.0,0.0,-0.13,-0.45,-0.3,-0.98,-0.36,0.0,-1.1,9.751,8.505,9.192,8.437,8.63,10.59,13.05,12.16,-0.001,-0.001,-0.001,0.0,-0.0,,,16.5
-25.6,0.7,0.0,-0.0,-0.37,-0.08,0.11,-0.81,0.09,0.0,-1.1,7.112,11.801,9.565,9.153,8.83,9.32,10.01,9.52,-0.001,-0.001,-0.001,0.0,0.0,,,16.55
-25.7,0.7,0.0,0.0,-0.25,-0.28,-0.22,-1.58,-0.03,0.0,-1.1,9.172,10.242,9.555,9.064,8.83,10.99,11.28,9.52,-0.001,-0.001,-0.001,0.0,-0.0,,,16.6
-25.7,0.7,0.0,0.0,0.16,-0.56,0.14,-0.31,0.02,0.0,-1.1,9.467,9.81,9.575,9.3,9.81,11.09,11.48,12.36,-0.001,-0.001,-0.001,0.0,-0.0,,,16.65
-25.9,0.7,0.0,0.0,-0.05,-0.68,-0.15,0.82,-0.13,0.0,-1.1,10.624,7.681,9.261,8.495,9.61,9.71,12.65,10.69,-0.001,-0.001,-0.001,0.0,-0.0,,,16.7
-26.1,0.7,0.0,-0.0,-0.05,1.27,0.11,-0.58,-0.5,0.0,-1.1,8.829,11.576,9.879,9.378,10.5,9.32,11.77,11.28,-0.001,-0.001,-0.001,0.0,0.0,,,16.75
-26.5,0.7,0.0,-0.0,-0.5,-1.74,0.09,-0.38,0.22,0.0,-1.1,12.508,8.309,9.261,9.045,9.81,10.89,12.75,9.52,-0.001,-0.001,-0.001,0.0,0.0,,,16.8
-26.9,0.7,0.0,0.0,-0.04,-0.5,-0.18,-0.05,-0.47,0.0,-1.1,4.562,13.45,8.554,8.378,10.79,9.61,10.79,13.34,-0.001,-0.001,-0.001,0.0,-0.0,,,16.85
-27.2,0.7,0.0,0.0,-0.3,-0.11,-0.21,-1.25,0.02,0.0,-1.1,9.251,10.732,7.868,8.191,10.5,9.52,11.38,10.79,-0.001,-0.001,-0.001,0.0,-0.0,,,16.9
-27.3,0.9,0.0,0.0,-0.48,0.05,-0.11,-0.44,0.16,0.0,-1.1,12.939,7.259,8.476,8.564,10.69,8.73,13.24,11.18,-0.001,-0.001,-0.001,0.0,-0.0,,,16.95
-27.5,1.1,0.0,0.0,0.57,-0.57,0.02,1.59,-0.71,0.0,-1.1,6.622,10.389,9.888,10.546,11.18,9.52,9.81,11.28,-0.001,-0.001,-0.001,0.0,-0.0,,,17.0
-27.8,1.1,0.0,-0.0,-0.58,1.18,-0.01,-2.55,0.14,0.0,-1.1,12.547,7.573,7.573,8.27,12.75,6.87,9.32,13.83,-0.001,-0.001,-0.001,0.0,0.0,,,17.05
-27.6,1.2,0.0,0.0,0.7,-0.3,-0.42,1.06,-0.68,0.0,-1.1,11.095,8.829,9.614,10.065,10.69,10.59,11.18,9.42,-0.001,-0.001,-0.001,0.0,-0.0,,,17.1
-27.7,1.2,0.0,0.0,0.17,0.24,-0.39,-0.68,-0.81,0.0,-1.1,11.075,7.946,8.888,8.966,11.18,8.44,12.36,13.05,-0.001,-0.001,-0.001,0.0,-0.0,,,17.15
-27.9,1.2,0.0,0.0,0.09,-0.63,-0.02,-0.05,0.16,0.0,-1.1,7.446,10.399,9.163,9.908,9.81,9.71,10.4,11.38,-0.001,-0.001,-0.001,0.0,-0.0,,,17.2
-27.8,1.3,0.0,0.0,-0.26,0.34,-0.36,-0.16,-0.46,0.0,-1.1,11.576,7.877,8.388,9.104,10.99,8.63,9.52,11.77,-0.001,-0.001,-0.001,0.0,-0.0,,,17.25
-28.0,1.4,0.0,0.0,0.85,0.48,0.01,0.03,-0.0,0.0,-1.1,7.76,11.35,10.193,9.251,12.07,10.01,11.97,8.83,-0.0,-0.001,-0.001,0.0,-0.0,,,17.3
-28.0,1.4,0.0,0.0,-0.41,-0.39,-0.41,-0.84,0.05,0.0,-1.1,13.508,6.377,7.387,7.907,10.89,8.14,13.83,14.13,-0.001,-0.001,-0.001,0.0,-0.0,,,17.35
-28.2,1.5,0.0,0.0,-0.12,0.07,-0.04,0.9,-0.15,0.0,-1.1,11.34,8.947,9.918,9.575,10.69,7.95,11.58,10.1,-0.0,-0.001,-0.001,0.0,-0.0,,,17.4
-28.1,1.5,0.0,-0.0,0.2,-0.5,0.06,0.79,-0.21,0.0,-1.1,10.251,11.115,9.967,9.427,12.26,10.01,12.16,9.42,-0.0,-0.001,-0.001,0.0,0.0,,,17.45
-28.3,1.6,0.0,0.0,0.39,1.15,-0.22,-1.04,-0.49,0.0,-1.1,9.231,8.672,9.231,9.32,10.3,8.73,13.54,10.79,-0.001,-0.001,-0.001,0.0,-0.0,,,17.5
-28.3,1.7,0.0,0.0,-0.35,-0.62,0.03,-0.76,-0.28,0.0,-1.1,8.574,10.948,8.996,9.447,11.28,9.22,9.91,12.26,-0.0,-0.001,-0.001,0.0,-0.0,,,17.55
-28.3,1.7,0.0,0.0,0.48,0.81,-0.19,-0.62,0.04,0.0,-1.1,9.859,7.426,9.015,9.025,10.59,9.22,12.36,9.91,-0.001,-0.001,-0.001,0.0,-0.0,,,17.6
-28.1,1.8,0.0,0.0,-0.09,-1.5,-0.23,-0.44,-0.24,0.0,-1.1,10.762,10.369,9.81,9.594,11.58,9.03,11.28,10.59,-0.001,-0.001,-0.001,0.0,-0.0,,,17.65
-28.4,1.8,0.0,0.0,0.23,1.03,-0.58,-0.61,-0.45,0.0,-1.1,8.751,8.191,8.407,9.545,11.48,8.73,9.81,13.83,-0.001,-0.001,-0.001,0.0,-0.0,,,17.7
-28.1,1.8,0.0,0.0,0.55,0.49,-0.18,0.14,-0.09,0.0,-1.1,9.3,7.887,9.476,9.859,10.4,9.81,11.09,10.99,-0.001,-0.001,-0.001,0.0,-0.0,,,17.75
-28.1,1.9,0.0,0.0,0.2,0.07,-0.29,-1.0,-0.2,0.0,-1.1,8.976,8.79,10.055,9.535,10.69,10.01,11.67,10.5,-0.001,-0.001,-0.001,0.0,-0.0,,,17.8
-28.1,1.7,0.0,0.0,-0.02,0.3,-0.05,-2.2,0.05,0.0,-1.1,7.662,11.968,8.27,8.682,11.77,9.22,9.22,10.99,-0.001,-0.001,-0.001,0.0,-0.0,,,17.85
-28.2,1.8,0.0,0.0,-0.06,-0.1,-0.01,0.29,-0.74,0.0,-1.1,10.938,6.543,7.985,8.947,7.75,10.69,12.36,14.13,-0.001,-0.001,-0.001,0.0,-0.0,,,17.9
-28.1,1.8,0.0,0.0,0.24,0.1,-0.24,-1.82,0.29,0.0,-1.1,8.79,11.291,9.604,9.231,13.05,8.34,9.12,9.52,-0.001,-0.001,-0.001,0.0,-0.0,,,17.95
-28.2,1.8,0.0,-0.0,0.55,-0.49,0.32,1.26,-0.64,0.0,-1.1,8.319,9.133,8.829,9.084,7.06,11.77,14.42,13.54,-0.001,-0.001,-0.001,0.0,0.0,,,18.0
-28.1,1.7,0.0,0.0,-0.45,-0.15,-0.27,-1.85,-0.23,0.0,-1.1,11.183,8.613,8.545,9.28,11.09,7.75,8.93,12.16,-0.001,-0.001,-0.001,0.0,-0.0,,,18.05
-28.3,1.9,0.0,0.0,-0.1,-0.65,-0.21,2.06,-0.4,0.0,-1.1,8.554,11.193,9.378,8.888,9.42,11.28,11.38,9.12,-0.001,-0.001,-0.001,0.0,-0.0,,,18.1
-28.3,1.9,0.0,0.0,-0.16,0.36,-0.12,-2.11,0.34,0.0,-1.1,7.083,11.743,9.594,8.466,10.89,8.63,12.36,11.87,-0.0,-0.001,-0.001,0.0,-0.0,,,18.15
-28.4,2.0,0.0,0.0,0.28,-0.15,-0.06,0.27,-0.25,0.0,-1.1,10.909,8.77,9.163,9.447,10.01,10.1,10.2,11.87,-0.001,-0.001,-0.001,0.0,-0.0,,,18.2
-28.4,2.1,0.0,0.0,0.11,-0.16,-0.31,0.19,-0.61,0.0,-1.1,10.938,8.28,8.446,9.113,10.01,10.4,11.87,10.99,-0.001,-0.001,-0.001,0.0,-0.0,,,18.25
-28.7,2.3,0.0,0.0,-0.01,0.11,-0.15,-0.24,0.31,0.0,-1.1,8.623,10.811,9.535,8.701,12.26,7.36,11.48,11.77,-0.0,-0.001,-0.001,0.0,-0.0,,,18.3
-28.6,2.4,0.0,0.0,0.33,-0.4,-0.17,-0.12,-0.35,0.0,-1.1,6.779,11.566,9.339,9.849,8.44,12.07,11.87,12.07,-0.0,-0.001,-0.001,0.0,-0.0,,,18.35
-28.8,2.5,0.0,0.0,-0.9,0.0,-0.46,-1.76,0.32,0.0,-1.1,12.959,8.113,8.368,7.966,11.87,7.65,11.67,10.59,-0.001,-0.001,-0.001,0.0,-0.0,,,18.4
-28.6,2.8,0.0,-0.0,0.5,0.7,0.22,0.85,-0.01,0.0,-1.1,10.31,10.35,9.496,9.526,11.87,10.69,11.38,8.83,-0.0,-0.001,-0.001,0.0,0.0,,,18.45
-28.8,2.9,0.0,0.0,-0.32,-0.05,-0.19,-0.8,0.43,0.0,-1.1,11.654,6.828,9.123,8.77,9.61,9.32,14.22,12.95,-0.001,-0.001,-0.001,0.0,-0.0,,,18.5
-28.9,3.0,0.0,0.0,-0.01,-0.59,-0.19,0.2,-0.12,0.0,-1.1,6.308,11.262,9.692,9.074,8.04,10.3,10.69,11.77,-0.001,-0.001,-0.001,0.0,-0.0,,,18.55
-29.0,3.2,0.0,0.0,-1.32,0.22,-0.21,-2.04,0.52,0.0,-1.1,10.801,11.144,7.407,6.808,11.97,8.83,11.38,10.1,-0.001,-0.001,-0.001,0.0,-0.0,,,18.6
-29.1,3.3,0.0,0.0,0.03,0.02,-0.26,1.53,-0.76,0.0,-1.1,11.743,8.545,9.182,10.173,8.93,10.69,12.36,11.97,-0.001,-0.001,-0.001,0.0,-0.0,,,18.65
-29.2,3.4,0.0,0.0,0.53,-0.06,-0.22,0.78,-0.53,0.0,-1.1,12.076,9.369,9.898,10.654,12.07,8.04,11.09,10.5,-0.0,-0.001,-0.001,0.0,-0.0,,,18.7
-29.5,3.5,0.0,0.0,0.06,-0.41,-0.68,1.13,-1.04,0.0,-1.1,8.231,8.731,8.407,8.839,9.32,10.01,11.87,13.24,-0.001,-0.001,-0.001,0.0,-0.0,,,18.75
-29.6,3.6,0.0,0.0,0.01,0.29,-0.35,0.26,-0.54,0.0,-1.1,9.702,10.222,8.368,9.653,11.97,8.53,7.95,11.87,-0.0,-0.001,-0.001,0.0,-0.0,,,18.8
-29.4,3.5,0.0,0.0,-0.05,-0.21,-0.22,-0.37,-0.36,0.0,-1.1,10.33,9.084,8.535,9.82,11.28,9.42,10.1,13.24,-0.001,-0.001,-0.001,0.0,-0.0,,,18.85
-29.4,3.5,0.0,0.0,-0.09,-0.37,-0.3,0.02,-0.65,0.0,-1.1,11.105,7.632,8.829,9.241,10.2,9.91,10.99,13.73,-0.001,-0.001,-0.001,0.0,-0.0,,,18.9
-29.1,3.4,0.0,0.0,-0.02,0.03,0.03,0.13,-0.54,0.0,-1.1,10.134,9.653,9.682,9.653,11.58,9.03,10.4,10.89,-0.001,-0.001,-0.001,0.0,-0.0,,,18.95
-29.2,3.3,0.0,0.0,-0.53,0.2,-0.23,0.53,-0.27,0.0,-1.1,9.29,10.83,8.358,8.721,11.38,8.83,9.81,12.65,-0.0,-0.001,-0.001,0.0,-0.0,,,19.0
-29.1,3.3,0.0,0.0,0.3,0.11,-0.04,-0.54,-0.63,0.0,-1.1,8.682,7.534,8.819,10.202,8.93,10.3,10.01,14.03,-0.001,-0.001,-0.001,0.0,-0.0,,,19.05
-29.1,3.3,0.0,0.0,-0.03,-0.22,0.08,0.07,0.12,0.0,-1.1,10.781,9.437,8.849,10.055,13.64,6.87,8.73,11.38,-0.0,-0.001,-0.001,0.0,-0.0,,,19.1
-29.0,3.3,0.0,0.0,0.64,0.44,-0.23,0.49,-0.93,0.0,-1.1,12.625,6.828,8.152,9.918,12.07,8.63,10.79,14.13,-0.0,-0.001,-0.001,0.0,-0.0,,,19.15
-29.2,3.3,0.0,0.0,0.23,0.1,-0.22,0.48,-0.88,0.0,-1.1,8.849,8.437,9.31,9.879,10.89,8.83,9.32,12.65,-0.001,-0.001,-0.001,0.0,-0.0,,,19.2
-29.0,3.0,0.0,0.0,0.06,-0.87,-0.17,-1.04,-0.43,0.0,-1.1,10.987,8.643,8.289,9.163,13.24,7.75,9.42,11.77,-0.001,-0.001,-0.001,0.0,-0.0,,,19.25
-28.9,2.7,0.0,0.0,0.46,-0.56,-0.02,0.31,-0.81,0.0,-1.1,10.281,10.193,7.328,9.653,12.95,9.03,10.89,13.34,-0.0,-0.001,-0.001,0.0,-0.0,,,19.3
-28.9,2.3,0.0,0.0,-0.22,-0.21,-0.21,-0.74,-0.36,0.0,-1.1,9.8,10.124,8.191,9.83,11.97,8.63,10.2,12.07,-0.001,-0.001,-0.001,0.0,-0.0,,,19.35
-28.9,2.1,0.0,0.0,0.03,-0.99,-0.5,0.26,-0.73,0.0,-1.1,7.573,11.35,9.8,9.614,11.48,9.42,10.1,12.16,-0.0,-0.001,-0.001,0.0,-0.0,,,19.4
-28.7,2.1,0.0,0.0,-0.11,0.28,-0.19,-0.92,-0.81,0.0,-1.1,10.654,8.28,8.074,10.153,11.97,8.73,9.52,12.65,-0.001,-0.001,-0.001,0.0,-0.0,,,19.45
-28.7,2.1,0.0,0.0,-0.03,0.15,-0.21,0.18,-0.14,0.0,-1.1,13.214,7.024,7.22,10.457,10.5,9.22,11.38,11.97,-0.001,-0.001,-0.001,0.0,-0.0,,,19.5
-28.8,2.0,0.0,0.0,0.18,0.45,-0.01,0.94,-0.79,0.0,-1.1,12.037,7.328,8.339,9.732,10.89,9.22,11.38,11.97,-0.001,-0.001,-0.001,0.0,-0.0,,,19.55
-28.8,1.9,0.0,0.0,0.05,0.16,-0.32,0.33,-0.43,0.0,-1.1,12.38,7.877,7.917,10.399,12.26,8.34,11.18,12.65,-0.001,-0.001,-0.001,0.0,-0.0,,,19.6
-28.7,1.8,0.0,0.0,0.01,0.33,-0.52,1.88,-0.93,0.0,-1.1,11.085,6.985,8.633,9.947,9.03,10.1,11.28,12.36,-0.001,-0.001,-0.001,0.0,-0.0,,,19.65
-29.0,1.7,0.0,0.0,-0.3,-0.07,-0.25,-1.2,0.11,0.0,-1.1,7.985,10.575,9.035,9.418,11.18,8.14,11.28,10.3,-0.001,-0.001,-0.001,0.0,-0.0,,,19.7
-28.9,1.7,0.0,0.0,0.28,-0.24,-0.12,-0.66,-0.49,0.0,-1.1,9.751,9.094,9.231,9.212,11.09,10.01,11.28,11.58,-0.001,-0.001,-0.001,0.0,-0.0,,,19.75
-29.0,1.7,0.0,0.0,-0.25,-0.11,0.08,0.33,-0.14,0.0,-1.1,8.456,10.673,9.673,9.29,8.83,10.99,12.07,12.07,-0.001,-0.001,-0.001,0.0,-0.0,,,19.8
-29.0,1.7,0.0,0.0,0.35,-0.34,-0.02,-0.79,0.04,0.0,-1.1,9.025,11.801,9.957,9.673,12.16,9.12,11.48,10.2,-0.001,-0.001,-0.001,0.0,-0.0,,,19.85
-29.3,1.7,0.0,0.0,-0.2,-0.56,-0.29,-0.1,-0.69,0.0,-1.1,9.82,8.525,9.143,8.437,7.85,10.89,11.18,11.09,-0.001,-0.001,-0.001,0.0,-0.0,,,19.9
-29.6,1.7,0.0,0.0,0.38,0.37,-0.16,0.27,-0.09,0.0,-1.1,7.936,10.202,10.507,8.957,9.52,9.22,12.16,11.09,-0.001,-0.001,-0.001,0.0,-0.0,,,19.95
-29.8,1.7,0.0,0.0,-0.21,-0.23,-0.15,0.49,0.04,0.0,-1.1,9.771,10.487,9.182,9.192,9.71,9.81,11.38,10.5,-0.001,-0.001,-0.001,0.0,-0.0,,,20.0
-29.8,1.7,0.0,0.0,-0.04,-0.04,-0.26,-0.75,0.26,0.0,-1.1,10.026,10.408,9.545,8.898,10.99,9.91,12.56,12.16,-0.001,-0.001,-0.001,0.0,-0.0,,,20.05
-30.0,1.8,0.0,0.0,0.38,-0.02,-0.08,0.84,-0.04,0.0,-1.1,8.093,9.751,9.506,8.24,10.4,9.91,13.05,9.52,-0.001,-0.001,-0.001,0.0,-0.0,,,20.1
-30.0,1.8,0.0,0.0,-0.12,0.01,0.11,0.83,-0.25,0.0,-1.1,10.085,10.958,8.898,9.329,11.38,7.85,11.09,11.97,-0.0,-0.001,-0.001,0.0,-0.0,,,20.15
-30.4,1.8,0.0,0.0,0.2,0.52,-0.15,-1.08,-0.06,0.0,-1.1,8.015,9.31,9.604,9.074,9.52,11.09,11.28,10.59,-0.0,-0.001,-0.001,0.0,-0.0,,,20.2
-30.3,1.8,0.0,0.0,-0.14,-0.64,-0.28,-0.92,0.02,0.0,-1.1,8.878,9.702,9.32,9.692,9.71,9.22,10.5,12.95,-0.0,-0.001,-0.001,0.0,-0.0,,,20.25
-30.5,1.9,0.0,-0.0,0.15,-1.06,0.01,-0.43,-0.04,0.0,-1.1,11.605,7.671,9.839,8.858,9.42,10.59,13.54,10.59,-0.001,-0.001,-0.001,0.0,0.0,,,20.3
-30.6,1.8,0.0,0.0,0.38,-0.12,-0.48,0.29,-0.54,0.0,-1.1,8.427,11.733,9.908,9.32,11.28,9.61,10.59,12.46,-0.0,-0.001,-0.001,0.0,-0.0,,,20.35
-31.0,1.9,0.0,-0.0,-0.01,-0.52,0.21,-0.76,-0.36,0.0,-1.1,10.104,8.751,9.123,8.937,8.83,10.69,11.38,10.69,-0.0,-0.001,-0.001,0.0,0.0,,,20.4
-31.1,1.9,0.0,0.0,0.43,0.53,-0.4,0.25,-0.06,0.0,-1.1,5.994,10.752,9.29,9.133,10.5,9.52,11.09,11.67,-0.0,-0.001,-0.001,0.0,-0.0,,,20.45
-31.5,1.9,0.0,0.0,0.08,-0.2,-0.12,-0.02,-0.42,0.0,-1.1,12.007,9.957,9.221,8.76,9.71,10.2,12.65,9.81,-0.0,-0.001,-0.001,0.0,-0.0,,,20.5
-32.0,1.9,0.0,0.0,-0.18,-0.39,-0.08,-0.32,-0.33,0.0,-1.1,10.408,9.879,8.898,8.996,10.89,9.32,11.38,10.79,-0.0,-0.001,-0.001,0.0,-0.0,,,20.55
-32.5,1.9,0.0,0.0,-0.3,-1.09,-0.44,-0.36,-0.44,0.0,-1.1,9.624,10.722,8.741,9.015,10.69,8.83,11.77,12.46,-0.0,-0.001,-0.001,0.0,-0.0,,,20.6
-33.5,1.9,0.0,0.0,-0.21,-0.26,-0.29,-0.88,-0.18,0.0,-1.1,10.811,10.801,9.418,9.614,10.79,8.73,10.89,10.99,-0.0,-0.001,-0.001,0.0,-0.0,,,20.65
-34.4,2.0,0.0,0.0,0.08,0.32,-0.22,-1.26,0.29,0.0,-1.1,12.253,7.24,9.467,9.261,10.1,8.93,12.36,11.28,-0.0,-0.001,-0.001,0.0,-0.0,,,20.7
-35.3,2.1,0.0,0.0,0.68,0.25,-0.17,1.37,-0.37,0.0,-1.1,13.606,7.603,8.947,10.428,11.87,8.14,10.59,11.97,-0.0,-0.001,-0.001,0.0,-0.0,,,20.75
-36.2,2.1,0.0,0.0,0.54,0.13,-0.05,1.03,-0.7,0.0,-1.1,12.988,7.171,8.996,8.819,10.99,9.32,12.46,12.46,-0.0,-0.001,-0.001,0.0,-0.0,,,20.8
-36.9,2.1,0.0,0.0,0.37,-0.64,-0.51,1.43,-1.13,0.0,-1.1,13.351,8.437,9.251,9.437,10.89,9.52,10.59,12.07,-0.0,-0.001,-0.001,0.0,-0.0,,,20.85
-37.8,2.3,0.0,0.0,-0.04,-0.37,-0.25,0.53,-0.32,0.0,-1.1,12.665,8.643,9.359,9.349,10.89,9.12,11.87,10.69,-0.0,-0.001,-0.001,0.0,-0.0,,,20.9
-39.0,2.3,0.0,0.0,0.05,-0.94,-0.38,-0.58,-0.09,0.0,-1.1,7.917,11.311,8.898,8.957,10.5,10.5,10.99,11.87,-0.0,-0.001,-0.001,0.0,-0.0,,,20.95
-40.0,2.4,0.0,0.0,0.07,0.64,-0.45,0.16,-0.77,0.0,-1.1,10.654,7.828,8.034,9.427,10.3,8.63,10.2,11.87,-0.0,-0.001,-0.001,0.0,-0.0,,,21.0
-41.4,2.4,0.0,0.0,-0.13,-1.03,-0.22,-0.37,-0.33,0.0,-1.1,8.603,10.222,9.212,9.555,9.91,10.59,11.28,12.07,-0.0,-0.001,-0.001,0.0,-0.0,,,21.05
-42.6,2.6,0.0,0.0,0.33,1.07,-0.05,0.35,-0.46,0.0,-1.1,9.869,9.006,9.045,9.163,9.81,9.71,11.77,10.5,-0.0,-0.001,-0.001,0.0,-0.0,,,21.1
-43.9,2.5,0.0,0.0,-0.24,-1.28,-0.4,-0.92,-0.11,0.0,-1.1,8.319,11.242,10.075,8.603,10.01,10.59,12.26,10.5,-0.0,-0.001,-0.001,0.0,-0.0,,,21.15
-45.0,2.6,0.0,0.0,0.49,0.49,-0.48,-0.47,-0.03,0.0,-1.1,8.025,10.114,9.369,8.996,9.22,9.81,11.28,10.79,-0.0,-0.001,-0.001,0.0,-0.0,,,21.2
-46.4,2.5,0.0,0.0,0.24,0.33,-0.58,0.35,-0.48,0.0,-1.1,10.291,8.8,8.809,8.594,9.42,9.81,12.46,11.87,-0.0,-0.001,-0.001,0.0,-0.0,,,21.25
-48.4,2.6,0.0,0.0,0.04,-0.68,-0.41,-0.46,0.11,0.0,-1.1,7.613,10.938,9.094,8.427,11.28,8.53,11.97,9.61,-0.0,-0.001,-0.001,0.0,-0.0,,,21.3
-50.0,2.5,0.0,0.0,-0.04,-0.4,-0.75,-0.46,0.22,0.0,-1.1,10.045,8.299,8.545,9.212,8.83,10.3,11.58,12.36,-0.0,-0.001,-0.001,0.0,-0.0,,,21.35
-51.9,2.6,0.0,0.0,0.17,0.19,-0.21,-0.59,-0.0,0.0,-1.1,9.977,9.879,9.839,8.898,11.87,8.63,12.95,9.61,-0.0,-0.001,-0.001,0.0,-0.0,,,21.4
-53.8,2.5,0.0,0.0,0.56,0.33,-0.58,1.25,-0.5,0.0,-1.1,9.27,9.221,9.702,9.722,10.3,9.91,11.87,12.65,-0.0,-0.001,-0.001,0.0,-0.0,,,21.45
-55.1,2.6,0.0,0.0,-0.01,0.22,-0.73,-1.12,-0.11,0.0,-1.1,11.537,8.113,8.78,8.76,10.59,8.53,13.24,10.59,-0.0,-0.001,-0.001,0.0,-0.01,,,21.5
-55.9,2.6,0.0,0.01,0.42,-0.31,-0.8,0.48,0.15,0.0,-1.1,8.368,9.614,8.476,9.545,11.18,8.04,10.79,13.24,-0.0,-0.001,-0.001,0.0,-0.01,,,21.55
-56.5,2.6,0.0,0.0,0.44,0.0,-0.94,-0.56,0.1,0.0,-1.1,10.242,9.31,8.378,9.202,11.09,8.93,8.34,12.65,-0.0,-0.001,-0.001,0.0,-0.01,,,21.6
-56.9,2.5,0.0,0.0,0.51,-0.69,-0.65,0.02,0.03,0.0,-1.1,8.966,9.604,9.653,9.486,10.1,9.81,10.5,9.42,-0.0,-0.001,-0.001,0.0,-0.01,,,21.65
-57.7,2.5,0.0,0.0,0.3,0.53,-0.62,0.0,-0.44,0.0,-1.1,7.357,12.027,8.633,9.741,9.22,10.2,9.91,14.62,-0.0,-0.001,-0.001,0.0,-0.01,,,21.7
-58.1,2.5,0.0,0.0,0.41,-0.95,-0.82,-1.93,-0.28,0.0,-1.1,9.113,9.575,8.947,9.447,9.12,10.59,10.99,10.5,-0.0,-0.001,-0.001,0.0,-0.01,,,21.75
-58.9,2.5,0.0,0.01,0.24,0.32,-1.2,-0.6,0.25,0.0,-1.1,9.575,8.947,8.24,8.191,11.18,9.22,10.1,12.46,-0.0,-0.001,-0.001,0.0,-0.01,,,21.8
-59.0,2.5,0.0,0.0,0.44,-0.37,-0.92,0.58,-0.52,0.0,-1.1,9.006,11.007,9.153,10.193,10.5,9.81,11.18,11.38,-0.0,-0.001,-0.001,0.0,-0.01,,,21.85
-59.2,2.6,0.0,0.01,0.41,-0.37,-0.8,-1.89,-0.83,0.0,-1.1,10.899,7.318,8.868,9.27,9.52,9.52,10.5,12.36,-0.0,-0.001,-0.001,0.0,-0.01,,,21.9
-60.0,2.5,0.0,0.01,0.5,0.36,-1.09,0.73,-0.28,0.0,-1.1,8.348,10.026,8.378,9.104,10.99,8.24,10.4,11.18,-0.0,-0.001,-0.001,0.0,-0.01,,,21.95
-61.5,2.5,0.0,0.01,0.05,-0.29,-1.23,-0.53,0.06,0.0,-1.1,9.153,11.164,9.388,9.732,10.89,10.3,10.79,11.67,-0.0,-0.001,-0.001,0.0,-0.01,,,22.0
-63.7,2.5,0.0,0.01,0.87,0.07,-1.41,0.45,0.04,0.0,-1.1,9.496,7.868,9.104,9.349,10.69,8.63,11.09,13.44,-0.0,-0.001,-0.001,0.0,-0.01,,,22.05
-66.5,2.5,0.0,0.01,0.81,0.36,-1.58,-0.72,-0.09,0.0,-1.1,10.173,9.682,9.624,8.397,13.15,8.04,11.28,11.77,-0.0,-0.001,-0.001,0.0,-0.01,,,22.1
-69.2,2.5,0.0,0.01,0.62,0.1,-1.48,-0.26,-0.91,0.0,-1.1,10.075,8.083,9.359,9.084,10.3,9.22,10.99,11.38,-0.0,-0.001,-0.001,0.0,-0.01,,,22.15
-72.2,2.5,0.0,0.01,0.68,-0.39,-1.7,0.63,-0.14,0.0,-1.1,9.329,8.093,8.672,9.015,8.93,9.32,11.67,10.79,-0.0,-0.001,-0.001,0.0,-0.01,,,22.2
-74.6,2.5,0.0,0.01,0.36,0.04,-1.7,-0.45,-0.08,0.0,-1.1,8.005,11.576,8.417,8.888,11.18,7.55,10.99,12.65,-0.0,-0.001,-0.001,0.0,-0.01,,,22.25
-76.2,2.5,0.0,0.01,0.39,-0.05,-1.75,-0.21,-0.62,0.0,-1.1,11.389,9.172,9.359,9.212,11.97,9.91,11.58,10.1,-0.0,-0.001,-0.001,0.0,-0.01,,,22.3
-77.7,2.5,0.0,0.01,0.4,0.04,-1.85,-0.39,-0.76,0.0,-1.1,7.397,10.928,9.359,9.418,9.71,10.1,12.16,11.77,-0.0,-0.001,-0.001,0.0,-0.01,,,22.35
-79.2,2.5,0.0,0.01,0.43,-0.92,-1.87,0.67,-0.46,0.0,-1.1,8.8,10.654,9.055,9.172,8.83,10.01,11.09,11.77,-0.0,-0.001,-0.001,0.0,-0.01,,,22.4
-80.5,2.5,0.0,0.01,0.4,-0.48,-2.14,0.47,-0.38,0.0,-1.1,9.143,10.732,8.809,9.555,11.67,8.83,8.83,12.07,-0.0,-0.001,-0.001,0.0,-0.02,,,22.45
-81.9,2.5,0.0,0.01,0.68,-0.53,-2.16,0.5,-0.59,0.0,-1.1,10.134,8.79,9.192,9.231,10.3,10.1,12.36,11.67,-0.0,-0.001,-0.001,0.0,-0.02,,,22.5
-83.0,2.5,0.0,0.01,0.42,-0.05,-2.51,-1.05,-0.31,0.0,-1.1,8.319,9.094,9.869,9.163,9.03,10.2,11.09,10.59,-0.0,-0.001,-0.001,0.0,-0.02,,,22.55
-84.1,2.5,0.0,0.01,1.02,-0.03,-2.62,-0.34,0.13,0.0,-1.1,11.389,8.28,8.741,9.123,11.48,9.42,12.36,11.48,-0.0,-0.001,-0.001,0.0,-0.02,,,22.6
-85.3,2.5,0.0,0.01,0.81,0.2,-2.65,0.41,-0.97,0.0,-1.1,9.153,9.624,9.771,9.447,11.28,9.52,11.38,11.09,-0.0,-0.001,-0.001,0.0,-0.02,,,22.65
-86.6,2.5,0.0,0.01,0.66,-0.18,-2.52,0.72,-0.56,0.0,-1.1,9.094,8.809,8.751,9.496,9.61,9.52,10.01,12.36,-0.0,-0.001,-0.001,0.0,-0.02,,,22.7
-88.1,2.5,0.0,0.01,0.85,-0.05,-2.19,-0.71,0.11,0.0,-1.1,9.977,10.634,8.947,9.437,11.28,9.42,10.89,10.89,-0.0,-0.001,-0.001,0.0,-0.02,,,22.75
-89.8,2.5,0.0,0.02,0.91,-0.11,-2.76,-0.04,-0.23,0.0,-1.1,10.438,8.662,8.692,9.486,12.65,8.63,11.28,11.67,-0.0,-0.001,-0.0,0.0,-0.02,,,22.8
-91.4,2.4,0.0,0.02,0.39,-0.38,-3.08,-0.09,-0.05,0.0,-1.1,8.927,9.3,9.074,9.339,10.99,8.93,9.81,12.75,-0.0,-0.001,-0.0,0.0,-0.02,,,22.85
-93.2,2.5,0.0,0.02,0.64,-0.79,-3.33,-0.42,0.25,0.0,-1.1,6.21,13.047,9.143,9.643,8.44,10.2,9.71,11.87,-0.0,-0.001,-0.001,0.0,-0.03,,,22.9
-95.6,2.4,0.0,0.02,0.64,0.16,-3.47,-0.75,0.04,0.0,-1.1,11.095,9.653,9.437,8.947,10.4,9.81,10.99,10.5,-0.0,-0.001,-0.001,0.0,-0.03,,,22.95
-98.0,2.5,0.0,0.02,0.77,-0.65,-3.55,0.78,-0.54,0.0,-1.1,10.359,10.575,9.516,10.457,11.58,10.3,10.99,11.58,-0.0,-0.001,-0.001,0.0,-0.03,,,23.0
-100.2,2.4,0.0,0.02,0.46,-0.1,-3.76,-1.26,-0.06,0.0,-1.1,5.611,11.772,9.32,9.575,9.42,10.99,10.5,11.09,-0.0,-0.0,-0.001,0.0,-0.03,,,23.05
-103.3,2.5,0.0,0.02,0.7,-0.88,-4.03,-0.85,0.86,0.0,-1.1,8.849,10.968,8.996,9.869,8.04,11.38,11.28,12.26,-0.0,-0.0,-0.001,0.0,-0.03,,,23.1
-105.6,2.4,0.0,0.02,0.85,-0.04,-4.22,-0.08,0.27,0.0,-1.1,8.731,12.469,9.898,8.819,9.71,10.59,11.58,10.69,-0.001,-0.0,-0.0,0.0,-0.03,,,23.15
-107.0,2.4,0.0,0.03,0.63,-0.57,-4.7,0.18,-0.51,0.0,-1.1,10.82,8.937,9.094,9.584,10.4,10.69,11.77,11.09,-0.001,-0.0,-0.001,0.0,-0.03,,,23.2
-107.5,2.3,0.0,0.03,0.51,0.0,-4.73,-1.58,0.46,0.0,-1.1,11.438,8.358,8.682,8.692,11.77,9.81,10.69,11.58,-0.0,-0.0,-0.001,0.0,-0.03,,,23.25
-107.8,2.3,0.0,0.03,0.63,-0.16,-4.8,-0.91,0.24,0.0,-1.1,8.289,9.094,9.3,8.407,10.59,9.61,12.36,10.99,-0.0,-0.0,-0.001,0.0,-0.03,,,23.3
-108.1,2.2,0.0,0.03,0.66,0.13,-5.14,-1.46,0.41,0.0,-1.1,9.28,10.408,9.682,9.398,9.42,10.01,12.65,13.05,-0.0,-0.0,-0.001,0.0,-0.04,,,23.35
-108.3,2.1,0.0,0.03,0.99,-0.81,-5.32,-1.08,0.37,0.0,-1.1,7.367,11.183,9.977,9.221,10.2,9.42,10.4,9.42,-0.0,-0.0,-0.001,0.0,-0.04,,,23.4
-108.5,2.1,0.0,0.03,0.81,-0.39,-5.09,-1.33,0.47,0.0,-1.1,7.24,10.477,9.732,8.201,9.42,10.79,12.75,9.91,-0.001,-0.0,-0.001,0.0,-0.04,,,23.45
-108.7,2.1,0.0,0.03,1.07,-0.73,-5.74,1.01,0.63,0.0,-1.1,10.291,11.36,9.094,9.074,11.38,9.42,13.05,9.91,-0.001,-0.0,-0.001,0.0,-0.04,,,23.5
-108.9,2.1,0.0,0.03,0.32,-1.02,-5.79,0.4,-0.96,0.0,-1.1,9.663,10.536,10.899,9.251,9.81,9.32,13.24,11.28,-0.001,-0.0,-0.001,0.0,-0.04,,,23.55
-108.8,2.1,0.0,0.03,0.29,-0.14,-5.7,0.32,0.09,0.0,-1.1,8.8,9.231,9.486,9.418,11.18,10.1,11.77,10.5,-0.001,-0.0,-0.001,0.0,-0.04,,,23.6
-109.0,2.1,0.0,0.03,0.89,0.44,-6.16,1.48,0.2,0.0,-1.1,9.212,7.681,7.995,9.359,11.77,8.93,8.34,12.46,-0.0,-0.0,-0.001,0.0,-0.04,,,23.65
-109.1,2.1,0.0,0.04,1.41,-0.35,-6.39,0.55,0.04,0.0,-1.1,11.193,7.976,7.887,9.81,11.58,8.24,8.73,14.62,-0.0,-0.0,-0.001,0.0,-0.05,,,23.7
-109.0,2.0,0.0,0.04,1.59,-0.48,-6.54,0.28,0.97,0.0,-1.1,7.819,10.094,8.878,9.3,9.81,9.42,10.89,13.73,-0.0,-0.0,-0.001,0.0,-0.05,,,23.75
-108.9,2.1,0.0,0.04,1.44,-0.19,-6.68,-0.47,0.46,0.0,-1.1,9.987,10.281,8.486,8.623,10.3,10.1,13.73,9.71,-0.001,-0.0,-0.001,0.0,-0.05,,,23.8
-108.9,2.1,0.0,0.04,1.7,-0.81,-6.68,-1.2,0.01,0.0,-1.1,8.378,11.095,10.183,8.446,9.91,9.42,13.05,8.04,-0.001,-0.0,-0.001,0.0,-0.05,,,23.85
-108.3,2.1,0.0,0.04,0.65,0.01,-7.03,0.92,-0.74,0.0,-1.1,9.947,8.927,9.094,8.201,10.2,9.91,12.75,8.93,-0.001,0.0,-0.001,0.0,-0.05,,,23.9
-108.0,2.1,0.0,0.04,0.4,-1.03,-7.26,-0.09,-0.24,0.0,-1.1,10.909,8.564,10.379,9.83,10.4,10.79,13.05,10.5,-0.0,0.0,-0.001,0.0,-0.05,,,23.95
-108.0,2.0,0.0,0.04,1.24,-0.25,-7.14,0.78,-0.81,0.0,-1.1,6.22,12.037,7.446,9.104,10.2,10.1,11.28,13.05,-0.0,-0.0,-0.001,0.0,-0.05,,,24.0
-107.5,2.0,0.0,0.04,1.1,-0.44,-7.34,-0.15,0.22,0.0,-1.1,7.122,11.301,9.006,10.752,9.12,10.5,10.2,14.13,-0.0,-0.0,-0.001,0.0,-0.05,,,24.05
-106.9,2.1,0.0,0.04,1.13,-1.32,-7.72,-1.63,0.05,0.0,-1.1,6.092,12.007,8.348,8.456,10.1,10.1,9.52,11.09,-0.0,-0.0,-0.001,0.0,-0.05,,,24.1
-105.1,2.0,0.0,0.04,0.26,-1.5,-8.19,-1.38,0.45,0.0,-1.1,13.145,8.525,8.652,7.446,11.28,9.91,11.97,10.59,-0.0,0.0,-0.001,0.0,-0.06,,,24.15
-102.7,2.1,0.0,0.05,1.36,-0.49,-8.65,-1.02,0.22,0.0,-1.1,12.37,7.475,9.682,8.888,9.61,8.14,14.62,9.61,-0.0,-0.0,-0.001,0.0,-0.06,,,24.2
-100.1,2.0,0.0,0.04,1.66,0.29,-8.32,1.78,-1.18,0.0,-1.1,11.772,6.798,11.183,10.477,9.81,9.22,13.34,9.12,-0.0,-0.0,-0.001,0.0,-0.06,,,24.25
-99.3,2.1,0.0,0.04,1.1,0.22,-8.34,0.2,-0.33,0.0,-1.1,7.289,11.831,9.996,8.986,9.91,11.87,10.89,9.03,0.0,0.0,-0.001,0.0,-0.06,,,24.3
-98.5,2.1,0.0,0.04,0.1,-0.74,-8.46,-1.12,0.52,0.0,-1.1,14.558,6.18,6.916,8.093,9.91,10.1,8.83,9.71,-0.0,0.0,-0.0,0.0,-0.06,,,24.35
-97.3,2.0,0.0,0.05,1.86,-0.14,-8.69,0.63,-0.38,0.0,-1.1,3.865,12.841,10.418,9.418,11.38,11.28,11.28,12.75,-0.001,-0.0,-0.0,0.0,-0.06,,,24.4
-93.0,1.8,0.0,0.05,0.25,-1.33,-9.55,0.04,-0.31,0.0,-1.1,9.251,8.446,10.242,10.32,8.53,10.89,12.46,13.73,-0.001,0.0,-0.0,0.0,-0.07,,,24.45
-89.7,1.4,0.0,0.05,0.34,-0.29,-9.1,-0.94,1.12,0.0,-1.1,4.866,12.164,10.173,10.045,11.87,11.87,8.24,11.58,-0.001,-0.0,-0.001,0.0,-0.06,,,24.5
-88.1,0.8,0.0,0.04,-0.65,-0.57,-8.0,-0.81,1.22,0.0,-1.1,6.985,11.026,7.779,8.554,9.71,10.99,9.91,11.77,-0.001,-0.001,-0.001,0.0,-0.06,,,24.55
-86.6,0.7,0.0,0.04,-0.07,0.13,-7.3,-0.67,0.21,0.0,-1.1,8.77,9.369,8.986,9.349,8.73,10.1,13.64,10.79,-0.001,-0.001,-0.0,0.0,-0.05,,,24.6
-84.4,0.6,0.0,0.04,-0.37,-1.43,-7.85,-1.01,0.37,0.0,-1.1,9.055,10.673,9.231,9.123,8.93,10.5,11.87,11.77,-0.001,-0.0,0.0,0.0,-0.06,,,24.65
-79.3,0.6,0.0,0.04,-0.14,0.28,-7.95,-2.58,-0.08,0.0,-1.1,8.132,8.966,9.055,8.397,10.5,10.4,12.07,10.69,-0.0,-0.0,0.0,0.0,-0.06,,,24.7
-73.9,0.6,0.0,0.04,-0.19,0.36,-7.15,2.76,-0.51,0.0,-1.1,11.595,10.291,9.408,8.545,8.83,10.79,13.15,9.42,-0.001,-0.001,0.001,0.0,-0.05,,,24.75
-66.9,0.6,0.0,0.03,-0.75,-0.85,-5.95,1.11,-0.86,0.0,-1.1,10.526,11.37,9.526,9.418,10.01,10.59,11.09,10.3,-0.001,-0.001,0.0,0.0,-0.04,,,24.8
-58.3,0.5,0.0,0.03,-0.14,0.52,-5.39,0.74,-0.85,0.0,-1.1,7.976,11.331,8.417,8.397,9.42,9.61,12.36,11.77,-0.001,-0.001,0.0,0.0,-0.04,,,24.85
-48.9,0.6,0.0,0.03,-0.36,0.35,-5.09,0.14,-0.07,0.0,-1.1,5.778,12.881,8.221,8.28,10.69,10.59,10.3,13.24,-0.001,-0.001,0.0,0.0,-0.04,,,24.9
-39.1,0.6,0.0,0.02,-0.69,-0.01,-4.31,-0.37,-0.57,0.0,-1.1,9.025,11.066,7.956,7.956,9.12,9.71,10.5,11.48,-0.001,-0.001,0.0,0.0,-0.03,,,24.95
-29.3,0.6,0.0,0.02,-0.15,-0.07,-3.49,0.8,-1.26,0.0,-1.1,9.378,7.446,9.28,10.32,8.04,9.32,11.48,14.42,-0.0,-0.001,0.0,0.0,-0.03,,,25.0
-19.9,0.6,0.0,0.01,-0.53,0.57,-2.54,-1.32,1.12,0.0,-1.1,11.772,9.261,9.153,10.094,12.26,8.53,9.52,10.79,-0.001,-0.0,-0.0,0.0,-0.02,,,25.05
-12.4,0.7,0.0,0.01,0.43,0.07,-1.7,1.09,0.08,0.0,-1.1,10.663,10.33,8.8,9.575,9.61,6.08,10.89,12.36,-0.002,-0.002,-0.0,0.0,-0.01,,,25.1
-6.3,0.6,0.0,0.0,-0.34,-0.23,-0.57,-0.07,-1.14,0.0,-1.1,8.682,12.037,8.907,8.633,9.71,10.69,13.83,12.95,-0.002,-0.002,-0.0,0.0,-0.01,,,25.15
1.2,0.7,0.0,0.0,-0.3,-0.35,-0.69,-0.93,-1.6,0.0,-1.1,8.054,11.968,9.172,8.858,8.93,12.07,10.01,11.67,-0.002,-0.001,-0.0,0.0,-0.0,,,25.2
11.3,0.7,0.0,-0.0,0.09,-0.06,-0.01,0.29,-2.0,0.0,-1.1,6.847,11.674,9.3,9.516,7.65,12.75,13.24,10.4,-0.001,-0.001,-0.0,0.0,0.0,,,25.25
21.0,0.7,0.0,-0.0,-0.41,0.31,0.96,-1.14,-0.22,0.0,-1.1,6.769,11.115,9.879,8.819,9.22,9.71,13.24,11.09,-0.0,-0.001,-0.0,0.0,0.01,,,25.3
31.5,0.8,0.0,-0.01,-0.06,0.03,1.78,1.95,0.22,0.0,-1.1,6.828,11.213,8.966,8.476,7.36,11.28,11.87,11.28,-0.0,-0.001,0.0,0.0,0.01,,,25.35
40.3,0.9,0.0,-0.01,-0.34,-0.07,2.28,0.32,0.93,0.0,-1.1,10.369,10.565,7.338,8.388,9.52,8.24,10.59,10.89,-0.0,-0.001,0.0,0.0,0.02,,,25.4
49.7,0.9,0.0,-0.02,0.52,1.24,2.77,0.18,-1.23,0.0,-1.1,7.23,11.007,11.321,10.34,9.12,11.09,15.5,9.71,-0.001,-0.001,0.0,0.0,0.02,,,25.45
57.8,0.9,0.0,-0.02,-1.17,0.14,3.18,-1.21,0.82,0.0,-1.1,11.576,9.378,9.212,8.103,10.59,9.03,12.46,10.2,-0.001,-0.001,-0.0,0.0,0.02,,,25.5
65.5,0.9,0.0,-0.02,0.27,0.9,4.66,0.32,-0.67,0.0,-1.1,10.428,9.074,8.515,9.369,11.58,8.53,10.99,9.91,-0.001,-0.002,-0.0,0.0,0.03,,,25.55
71.9,1.0,0.0,-0.03,0.31,0.6,5.17,-2.37,-1.43,0.0,-1.1,10.055,7.966,9.261,9.251,11.48,8.14,11.87,11.67,-0.001,-0.001,-0.0,0.0,0.03,,,25.6
78.6,0.9,0.0,-0.03,-0.5,0.3,5.07,0.7,-0.86,0.0,-1.1,11.458,7.652,8.976,8.299,8.83,9.32,13.24,10.99,-0.001,-0.001,0.0,0.0,0.04,,,25.65
83.5,1.0,0.0,-0.03,-0.15,0.33,5.6,0.04,0.03,0.0,-1.1,9.476,10.036,10.045,10.644,10.89,9.71,11.09,10.5,-0.001,-0.001,-0.0,0.0,0.04,,,25.7
90.7,1.0,0.0,-0.03,0.21,0.0,6.05,0.04,0.09,0.0,-1.1,10.487,8.319,9.163,8.937,9.03,9.91,12.56,9.42,-0.001,-0.001,-0.0,0.0,0.04,,,25.75
97.1,1.0,0.0,-0.04,-0.73,0.15,6.65,1.56,0.05,0.0,-1.1,10.673,11.35,8.123,8.613,10.69,12.16,12.36,13.44,-0.001,-0.001,-0.0,0.0,0.05,,,25.8
103.6,1.0,0.0,-0.04,0.13,0.65,7.26,-0.64,-1.08,0.0,-1.1,9.172,10.35,10.212,9.221,9.32,11.87,14.42,10.5,-0.001,-0.002,-0.001,0.0,0.05,,,25.85
109.5,1.1,0.0,-0.04,-0.36,0.07,7.23,0.9,-0.18,0.0,-1.1,9.113,10.281,8.554,7.848,8.83,11.18,13.93,9.52,-0.001,-0.001,-0.001,0.0,0.05,,,25.9
114.5,1.1,0.0,-0.04,-0.0,-0.81,7.33,1.19,-0.5,0.0,-1.1,8.221,10.094,7.308,7.151,9.03,9.91,10.5,11.28,-0.001,-0.002,-0.0,0.0,0.05,,,25.95
120.1,1.2,0.0,-0.04,-0.44,1.36,7.58,-0.97,-1.41,0.0,-1.1,10.124,9.055,7.681,8.034,10.69,7.65,10.4,14.32,-0.0,-0.001,0.0,0.0,0.06,,,26.0
124.6,1.2,0.0,-0.05,0.21,1.03,8.59,0.3,-0.28,0.0,-1.1,10.222,7.102,10.928,10.83,12.85,7.65,9.12,10.5,0.0,-0.001,-0.001,0.0,0.06,,,26.05
127.7,1.2,0.0,-0.05,-0.12,0.65,8.77,-1.12,0.96,0.0,-1.1,12.037,7.357,7.828,9.545,10.3,8.53,12.75,10.69,-0.0,-0.001,-0.001,0.0,0.06,,,26.1
129.8,1.3,0.0,-0.05,-0.1,0.62,8.48,-0.23,0.86,0.0,-1.1,9.849,8.574,8.829,8.898,11.48,9.12,13.64,12.16,-0.001,-0.001,-0.001,0.0,0.06,,,26.15
133.3,1.3,0.0,-0.05,-1.96,0.65,8.82,0.45,0.28,0.0,-1.1,8.231,9.82,9.251,8.809,10.5,7.26,11.97,14.32,-0.001,-0.001,-0.0,0.0,0.06,,,26.2
138.7,1.3,0.0,-0.05,-0.94,0.83,9.18,-0.67,0.08,0.0,-1.1,11.399,8.682,8.388,9.339,10.69,10.4,11.09,10.1,-0.001,-0.001,-0.0,0.0,0.07,,,26.25
143.9,1.3,0.0,-0.05,-0.07,0.47,9.04,0.61,-0.76,0.0,-1.1,9.3,10.899,8.996,8.819,10.69,10.2,12.56,10.69,-0.001,-0.001,-0.0,0.0,0.06,,,26.3
149.1,1.4,0.0,-0.05,-0.33,0.56,9.58,-0.55,-2.03,0.0,-1.1,11.399,8.986,10.281,9.349,9.61,8.83,13.54,12.26,-0.001,-0.001,-0.0,0.0,0.07,,,26.35
154.1,1.4,0.0,-0.05,0.04,0.85,9.85,1.8,-1.28,0.0,-1.1,10.507,6.798,9.27,10.752,10.1,9.03,16.48,12.26,-0.001,-0.001,-0.001,0.0,0.07,,,26.4
159.3,1.4,0.0,-0.06,-0.68,0.49,10.81,-0.81,0.28,0.0,-1.1,7.308,10.399,10.497,10.173,10.3,8.73,13.44,11.77,-0.0,-0.001,-0.001,0.0,0.08,,,26.45
164.3,1.4,0.0,-0.06,-0.75,0.11,10.43,-0.2,1.21,0.0,-1.1,10.85,10.869,8.142,7.917,9.42,11.38,10.4,10.3,-0.001,-0.001,-0.001,0.0,0.07,,,26.5
169.5,1.4,0.0,-0.06,0.09,0.33,10.94,-2.09,-1.47,0.0,-1.1,9.113,9.947,9.055,8.927,10.1,10.1,11.77,11.77,-0.001,-0.001,-0.0,0.0,0.08,,,26.55
173.5,1.4,0.0,-0.06,-0.27,0.52,11.32,-0.53,-1.67,0.0,-1.1,9.692,9.123,10.075,9.761,9.42,9.71,11.38,13.44,-0.001,-0.001,-0.001,0.0,0.08,,,26.6
178.6,1.4,0.0,-0.06,-0.44,-0.05,11.7,1.13,-0.03,0.0,-1.1,11.242,8.093,8.182,10.114,10.4,10.69,12.16,10.89,-0.001,-0.001,-0.001,0.0,0.08,,,26.65
182.8,1.5,0.0,-0.06,-0.06,0.82,11.63,-0.59,0.72,0.0,-1.1,8.8,10.86,9.535,8.741,10.79,10.3,11.58,10.99,-0.001,-0.001,-0.001,0.0,0.08,,,26.7
186.1,1.5,0.0,-0.06,-0.09,1.01,11.62,1.0,-0.83,0.0,-1.1,11.821,8.545,9.045,9.27,10.01,9.12,11.97,11.09,-0.001,-0.002,-0.0,0.0,0.08,,,26.75
188.6,1.6,0.0,-0.06,-0.3,0.39,11.76,0.0,0.44,0.0,-1.1,11.458,7.367,9.82,10.222,10.89,9.22,12.56,8.53,-0.0,-0.001,-0.001,0.0,0.08,,,26.8
189.6,1.7,0.0,-0.06,-0.65,0.63,11.5,-1.0,0.97,0.0,-1.1,9.535,9.388,8.417,8.466,11.18,8.73,10.1,10.2,-0.001,-0.001,-0.001,0.0,0.08,,,26.85
190.4,1.9,0.0,-0.07,-0.26,0.91,12.04,-1.28,-0.03,0.0,-1.1,9.261,10.428,8.888,8.329,11.18,8.53,10.5,10.2,-0.001,-0.001,-0.001,0.0,0.09,,,26.9
191.2,1.9,0.0,-0.07,-0.37,-0.04,12.35,-0.57,-0.97,0.0,-1.1,8.437,11.291,9.045,8.574,9.22,9.12,12.07,10.99,-0.001,-0.001,-0.001,0.0,0.09,,,26.95
191.3,2.1,0.0,-0.06,0.22,1.1,11.71,-2.16,-1.29,0.0,-1.1,12.498,7.112,9.27,9.604,12.07,7.75,12.46,11.18,-0.001,-0.001,-0.001,0.0,0.09,,,27.0
192.1,2.1,0.0,-0.07,-0.43,0.2,12.3,0.66,-0.96,0.0,-1.1,11.9,6.259,9.643,10.065,11.97,6.97,11.38,11.09,-0.001,-0.001,-0.001,0.0,0.09,,,27.05
192.0,2.1,0.0,-0.06,-0.4,0.25,11.78,0.75,0.72,0.0,-1.1,9.898,9.212,8.868,9.575,12.46,7.46,11.28,11.18,-0.001,-0.001,-0.001,0.0,0.08,,,27.1
192.0,2.1,0.0,-0.06,-0.12,1.15,11.76,0.01,0.03,0.0,-1.1,11.664,8.358,8.652,9.398,11.48,8.24,10.2,12.95,-0.001,-0.001,-0.001,0.0,0.08,,,27.15
191.7,2.1,0.0,-0.06,-0.22,0.16,11.42,0.79,-0.42,0.0,-1.1,10.32,9.163,9.182,9.967,11.77,7.95,10.5,12.56,-0.001,-0.001,-0.001,0.0,0.08,,,27.2
192.0,2.1,0.0,-0.06,-0.06,0.92,11.86,1.07,-0.73,0.0,-1.1,8.594,9.859,8.289,10.045,11.18,7.65,7.65,14.81,-0.001,-0.001,-0.001,0.0,0.08,,,27.25
191.7,2.1,0.0,-0.06,0.18,0.12,12.17,0.66,-1.18,0.0,-1.1,7.377,10.585,8.898,10.605,9.32,9.61,7.75,14.13,-0.0,-0.001,-0.001,0.0,0.08,,,27.3
191.7,2.1,0.0,-0.06,-0.61,0.83,11.43,0.81,0.32,0.0,-1.1,10.261,9.31,7.789,8.662,10.3,9.22,9.03,13.83,-0.0,-0.001,-0.0,0.0,0.08,,,27.35
191.3,2.1,0.0,-0.06,0.22,0.47,11.19,0.08,0.54,0.0,-1.1,7.338,12.498,8.358,10.33,10.3,10.3,8.24,12.16,-0.0,-0.001,-0.0,0.0,0.08,,,27.4
191.0,2.2,0.0,-0.06,-0.42,0.32,10.62,-2.37,0.38,0.0,-1.1,10.713,9.741,8.878,8.898,10.4,10.01,13.24,13.54,-0.001,-0.001,-0.001,0.0,0.08,,,27.45
190.5,2.4,0.0,-0.06,-0.17,1.34,11.38,0.03,-0.18,0.0,-1.1,10.663,10.212,9.084,9.29,11.09,9.32,10.2,12.07,-0.001,-0.002,-0.001,0.0,0.08,,,27.5
190.5,2.4,0.0,-0.06,-0.41,-0.5,11.69,0.24,-1.14,0.0,-1.1,12.763,7.24,7.044,9.349,10.79,9.52,10.69,11.38,-0.001,-0.002,-0.001,0.0,0.08,,,27.55
190.2,2.5,0.0,-0.06,-0.33,0.76,11.36,-1.59,-0.82,0.0,-1.1,8.849,9.251,9.418,9.241,10.01,8.73,11.87,11.97,-0.001,-0.001,-0.0,0.0,0.08,,,27.6
190.6,2.5,0.0,-0.06,-0.18,0.79,11.26,0.45,-0.58,0.0,-1.1,10.84,7.73,8.868,9.359,10.2,9.12,10.89,11.09,-0.0,-0.001,-0.0,0.0,0.08,,,27.65
190.0,2.7,0.0,-0.06,-0.33,-0.32,11.17,0.48,-0.56,0.0,-1.1,7.407,11.448,8.721,9.015,9.52,9.71,12.16,11.18,-0.0,-0.001,-0.0,0.0,0.08,,,27.7
189.3,2.7,0.0,-0.06,0.14,1.12,10.98,-1.02,-0.76,0.0,-1.1,10.781,9.467,9.28,9.624,9.91,10.59,11.38,11.77,-0.0,-0.001,-0.0,0.0,0.08,,,27.75
187.9,2.8,0.0,-0.06,0.15,0.22,11.32,-0.92,-0.98,0.0,-1.1,12.508,8.064,9.575,9.545,9.91,10.69,13.15,12.36,-0.001,-0.001,-0.001,0.0,0.08,,,27.8
185.3,2.8,0.0,-0.06,-0.62,0.15,11.42,-0.94,-0.19,0.0,-1.1,10.124,9.104,9.055,9.427,9.81,10.69,12.65,11.77,-0.001,-0.002,-0.001,0.0,0.08,,,27.85
182.8,2.9,0.0,-0.06,-0.14,0.47,11.06,-1.43,0.61,0.0,-1.1,7.848,10.497,9.486,9.163,10.5,8.73,10.99,11.97,-0.0,-0.001,-0.0,0.0,0.08,,,27.9
182.3,2.9,0.0,-0.06,-0.4,-0.15,10.42,-1.03,1.27,0.0,-1.1,9.064,9.614,8.868,8.505,9.52,10.79,10.89,9.61,-0.0,-0.001,-0.0,0.0,0.07,,,27.95
181.4,2.9,0.0,-0.05,-0.21,0.82,10.06,-1.34,-0.34,0.0,-1.1,8.054,9.879,8.231,7.701,10.4,8.34,10.2,10.1,-0.0,-0.001,0.001,0.0,0.07,,,28.0
181.3,2.9,0.0,-0.06,-0.72,0.43,10.22,0.57,-1.15,0.0,-1.1,9.8,9.212,9.378,8.898,11.28,9.42,11.58,11.58,-0.0,-0.001,0.001,0.0,0.07,,,28.05
180.5,3.0,0.0,-0.06,-0.04,0.63,11.36,1.6,-0.19,0.0,-1.1,8.397,9.045,10.467,10.075,10.01,9.32,11.58,13.44,-0.0,-0.001,0.0,0.0,0.08,,,28.1
179.7,3.1,0.0,-0.06,-0.3,0.22,10.98,0.6,0.22,0.0,-1.1,6.681,12.204,9.447,9.673,9.91,10.1,11.09,12.65,-0.0,-0.001,0.0,0.0,0.08,,,28.15
178.9,3.2,0.0,-0.05,0.02,0.6,10.14,0.01,-0.31,0.0,-1.1,11.35,9.751,8.633,8.378,8.73,11.09,10.99,10.69,-0.001,-0.002,0.0,0.0,0.07,,,28.2
176.9,3.3,0.0,-0.05,0.05,-0.67,9.63,0.79,-0.7,0.0,-1.1,7.063,11.939,8.368,9.074,10.2,10.01,10.99,10.2,-0.0,-0.002,0.0,0.0,0.07,,,28.25
175.8,3.3,0.0,-0.05,-0.28,0.66,10.03,-1.08,-1.15,0.0,-1.1,7.819,9.408,8.633,9.202,8.83,9.32,12.75,12.95,0.0,-0.001,0.0,0.0,0.07,,,28.3
175.4,3.3,0.0,-0.06,-1.06,0.76,10.26,0.09,-0.04,0.0,-1.1,12.243,7.259,8.005,9.879,9.81,7.55,10.59,11.38,0.0,-0.001,0.0,0.0,0.07,,,28.35
174.4,3.4,0.0,-0.06,1.11,0.16,10.33,-1.26,0.45,0.0,-1.1,5.307,11.056,10.124,10.938,10.69,11.58,11.28,9.61,0.0,-0.001,0.0,0.0,0.07,,,28.4
174.0,3.4,0.0,-0.05,-0.4,0.04,9.51,0.22,0.22,0.0,-1.1,11.34,9.535,8.172,8.015,8.14,10.89,12.16,13.73,-0.001,-0.002,0.0,0.0,0.07,,,28.45
173.2,3.0,0.0,-0.05,-0.37,-0.07,9.36,-1.34,-0.76,0.0,-1.1,5.857,14.921,8.407,8.564,10.3,10.2,10.1,12.46,-0.001,-0.002,0.0,0.0,0.07,,,28.5
172.3,1.6,0.0,-0.05,-0.8,-0.18,9.62,-0.99,-1.57,0.0,-1.1,7.985,8.858,8.672,9.447,7.55,10.4,14.03,12.07,-0.001,-0.002,-0.0,0.0,0.07,,,28.55
171.6,0.7,0.0,-0.05,-0.44,1.39,9.94,0.6,-0.52,0.0,-1.1,8.878,9.604,8.427,9.614,10.89,8.63,10.99,11.58,-0.0,-0.001,-0.0,0.0,0.07,,,28.6
171.3,0.6,0.0,-0.05,-0.17,-0.45,9.88,-1.91,0.81,0.0,-1.1,8.437,9.045,9.732,8.878,9.12,11.48,11.67,11.58,-0.0,-0.001,-0.0,0.0,0.07,,,28.65
171.2,0.6,0.0,-0.05,-0.2,-0.25,9.51,-0.41,0.5,0.0,-1.1,10.006,9.104,8.888,7.662,9.52,10.89,10.59,11.77,-0.001,-0.001,0.0,0.0,0.07,,,28.7
171.1,0.5,0.0,-0.05,0.09,1.02,9.6,0.44,-1.13,0.0,-1.1,9.771,9.624,9.182,9.241,10.2,9.71,10.69,10.89,-0.0,-0.001,0.0,0.0,0.07,,,28.75
170.7,0.5,0.0,-0.05,-0.62,-0.27,9.23,0.94,-0.4,0.0,-1.1,9.251,11.026,9.182,9.339,10.2,10.89,12.36,11.87,-0.0,-0.001,0.0,0.0,0.07,,,28.8
170.5,0.5,0.0,-0.05,-0.48,0.21,9.27,-1.1,0.13,0.0,-1.1,6.445,11.929,9.104,9.83,10.1,10.59,11.77,9.52,-0.0,-0.001,-0.0,0.0,0.07,,,28.85
170.0,0.5,0.0,-0.05,-0.68,0.39,9.19,-2.34,0.52,0.0,-1.1,8.927,11.801,7.073,8.172,10.69,9.71,9.42,11.58,-0.001,-0.001,-0.0,0.0,0.06,,,28.9
170.1,0.5,0.0,-0.05,-0.02,0.16,9.08,0.07,-1.36,0.0,-1.1,11.056,7.907,9.015,9.192,7.85,10.5,12.95,12.26,-0.001,-0.001,-0.0,0.0,0.06,,,28.95
169.9,0.6,0.0,-0.05,-0.73,0.05,9.23,-1.1,-0.06,0.0,-1.1,11.134,8.829,9.27,9.418,11.58,9.03,11.48,10.5,-0.001,-0.001,-0.0,0.0,0.07,,,29.0
170.0,0.5,0.0,-0.05,-0.17,0.03,9.13,0.23,-0.18,0.0,-1.1,10.33,8.27,9.182,9.506,9.91,10.1,11.77,11.09,-0.001,-0.001,-0.0,0.0,0.06,,,29.05
169.2,0.6,0.0,-0.05,0.12,0.14,9.31,-0.84,-0.67,0.0,-1.1,7.583,11.272,9.094,8.083,10.2,9.52,12.75,12.16,-0.001,-0.001,-0.0,0.0,0.06,,,29.1
169.3,0.6,0.0,-0.05,-0.17,0.01,9.25,-0.6,-0.68,0.0,-1.1,8.829,10.595,9.702,9.378,9.91,10.69,12.46,12.07,-0.001,-0.001,-0.0,0.0,0.06,,,29.15
168.9,0.7,0.0,-0.05,-0.42,-0.0,9.19,0.13,-1.0,0.0,-1.1,9.388,9.869,9.251,9.526,9.32,10.3,12.16,10.79,-0.001,-0.001,-0.0,0.0,0.06,,,29.2
169.1,0.7,0.0,-0.05,-0.02,0.41,8.94,0.96,0.2,0.0,-1.1,7.593,10.889,9.398,8.927,9.32,10.01,11.67,10.99,-0.0,-0.001,-0.0,0.0,0.06,,,29.25
168.9,0.7,0.0,-0.05,-0.19,-0.32,8.85,0.64,0.75,0.0,-1.1,6.867,12.243,9.27,8.907,7.75,11.77,13.44,9.91,-0.0,-0.001,-0.0,0.0,0.06,,,29.3
168.6,0.7,0.0,-0.05,-0.48,-0.04,8.7,-0.54,0.23,0.0,-1.1,8.672,11.282,8.917,8.358,9.32,10.69,11.58,11.38,-0.001,-0.001,0.0,0.0,0.06,,,29.35
168.4,0.8,0.0,-0.05,-0.08,0.6,8.82,2.23,0.05,0.0,-1.1,11.007,9.359,8.505,9.898,9.22,9.81,10.99,11.38,-0.001,-0.001,-0.0,0.0,0.06,,,29.4
168.4,0.8,0.0,-0.05,-0.12,0.65,9.1,0.18,-0.79,0.0,-1.1,11.478,9.947,9.476,9.457,11.58,9.42,10.99,10.5,-0.001,-0.002,-0.0,0.0,0.06,,,29.45
168.2,0.8,0.0,-0.05,0.23,-0.05,8.66,-0.45,-2.13,0.0,-1.1,8.211,10.663,9.172,9.339,9.42,10.79,12.65,11.77,-0.001,-0.002,-0.0,0.0,0.06,,,29.5
168.1,0.9,0.0,-0.05,-1.03,0.67,8.59,-1.89,-0.99,0.0,-1.1,11.252,8.044,8.397,8.132,9.12,9.81,12.65,13.24,-0.0,-0.001,-0.0,0.0,0.06,,,29.55
168.1,0.9,0.0,-0.05,-0.29,-0.01,8.57,-0.72,0.55,0.0,-1.1,9.506,9.575,10.301,9.712,10.3,9.61,10.5,9.61,-0.0,-0.001,-0.0,0.0,0.06,,,29.6
168.2,0.9,0.0,-0.05,0.31,0.19,8.94,-1.71,0.29,0.0,-1.1,7.485,10.732,9.682,9.123,9.61,10.79,13.24,9.61,-0.001,-0.001,-0.0,0.0,0.06,,,29.65
167.8,0.8,0.0,-0.05,-0.48,-0.12,8.48,-0.51,-0.36,0.0,-1.1,9.633,9.692,9.32,7.995,10.2,9.22,13.15,11.38,-0.001,-0.001,-0.0,0.0,0.06,,,29.7
168.0,0.6,0.0,-0.05,-0.03,-0.34,8.6,2.39,-0.2,0.0,-1.1,7.102,12.253,8.839,9.663,9.91,10.69,10.2,11.87,-0.001,-0.001,-0.0,0.0,0.06,,,29.75
167.8,0.7,0.0,-0.05,-0.24,0.75,8.98,-0.64,-0.28,0.0,-1.1,9.81,9.771,8.849,9.182,10.89,9.52,10.2,12.65,-0.001,-0.001,-0.0,0.0,0.06,,,29.8
167.7,0.7,0.0,-0.05,-0.13,0.53,8.36,1.03,-0.9,0.0,-1.1,10.889,9.006,9.241,10.301,11.09,8.93,11.28,12.75,-0.001,-0.001,-0.0,0.0,0.06,,,29.85
167.2,0.7,0.0,-0.04,-0.44,0.84,8.21,0.03,-0.04,0.0,-1.1,9.888,8.554,8.633,9.83,10.79,8.83,11.58,12.46,-0.001,-0.001,-0.001,0.0,0.06,,,29.9
166.9,0.6,0.0,-0.04,-0.29,0.37,7.94,-0.91,-0.14,0.0,-1.1,11.38,8.456,8.417,9.486,11.58,8.24,9.81,13.34,-0.001,-0.001,-0.0,0.0,0.06,,,29.95
166.4,0.6,0.0,-0.04,-0.54,-0.34,8.09,1.0,-0.49,0.0,-1.1,10.644,10.114,8.554,9.182,10.99,12.07,10.79,10.5,-0.001,-0.001,-0.0,0.0,0.06,,,30.0
166.1,0.6,0.0,-0.04,-0.06,0.67,8.04,-0.46,-1.8,0.0,-1.1,10.811,7.946,8.554,9.339,10.4,10.1,10.99,10.59,-0.001,-0.001,-0.0,0.0,0.06,,,30.05
165.5,0.7,0.0,-0.04,-0.53,-0.23,8.21,0.09,-1.3,0.0,-1.1,7.534,9.938,9.682,9.192,9.52,9.71,12.65,11.09,-0.0,-0.001,-0.0,0.0,0.06,,,30.1
165.5,0.6,0.0,-0.04,-0.19,0.72,8.24,-1.25,0.01,0.0,-1.1,6.112,11.998,9.888,9.555,8.63,9.32,10.69,12.07,-0.0,-0.001,-0.0,0.0,0.06,,,30.15
165.3,0.7,0.0,-0.04,-0.33,-0.32,8.33,-0.38,0.44,0.0,-1.1,10.222,9.486,9.123,8.927,8.93,9.71,12.07,9.81,-0.001,-0.001,-0.0,0.0,0.06,,,30.2
165.4,0.6,0.0,-0.04,-0.08,0.83,7.83,-1.65,-0.06,0.0,-1.1,10.045,9.908,8.554,9.261,11.58,8.34,10.4,12.46,-0.001,-0.001,-0.0,0.0,0.06,,,30.25
165.0,0.7,0.0,-0.04,-0.27,0.53,7.84,-0.86,-0.58,0.0,-1.1,9.27,10.065,8.996,9.3,9.91,9.52,11.28,11.87,-0.001,-0.001,-0.0,0.0,0.06,,,30.3
164.9,0.7,0.0,-0.04,0.19,0.66,8.1,0.23,-1.04,0.0,-1.1,10.497,9.143,9.781,10.202,10.3,10.01,10.2,10.79,-0.001,-0.001,-0.0,0.0,0.06,,,30.35
164.6,0.7,0.0,-0.04,-0.52,-0.66,8.47,-0.12,-0.76,0.0,-1.1,11.615,8.633,8.839,10.026,10.2,10.79,11.77,9.52,-0.001,-0.001,-0.0,0.0,0.06,,,30.4
164.3,0.9,0.0,-0.04,-0.09,0.89,7.51,0.28,0.09,0.0,-1.1,7.819,11.183,9.084,8.868,10.1,10.69,10.5,11.67,-0.001,-0.002,-0.0,0.0,0.05,,,30.45
164.3,1.3,0.0,-0.04,-0.28,-0.08,7.54,1.26,-0.52,0.0,-1.1,9.898,10.428,8.25,8.358,7.75,11.97,13.05,10.1,-0.001,-0.002,0.0,0.0,0.05,,,30.5
164.3,1.5,0.0,-0.04,-0.37,0.14,7.58,1.22,-1.81,0.0,-1.1,8.348,10.242,9.064,9.035,7.85,11.09,12.85,10.3,-0.001,-0.001,-0.0,0.0,0.05,,,30.55
164.5,1.7,0.0,-0.04,-0.31,0.06,7.07,1.84,-1.37,0.0,-1.1,10.683,7.956,8.388,9.476,9.03,11.09,13.54,11.18,-0.0,-0.001,-0.0,0.0,0.05,,,30.6
164.2,1.8,0.0,-0.04,0.02,0.05,7.69,-0.95,-0.26,0.0,-1.1,6.337,11.929,9.584,9.938,8.83,12.16,12.95,10.69,-0.0,-0.001,-0.0,0.0,0.05,,,30.65
163.5,2.0,0.0,-0.04,0.03,0.92,7.56,-2.61,0.68,0.0,-1.1,8.407,10.889,8.986,8.368,8.24,11.58,13.34,12.07,-0.0,-0.001,-0.0,0.0,0.05,,,30.7
163.5,2.0,0.0,-0.04,-0.51,0.26,7.37,-0.85,0.32,0.0,-1.1,6.926,13.018,9.339,9.153,9.32,10.99,9.61,10.5,-0.0,-0.001,-0.0,0.0,0.05,,,30.75
163.3,2.2,0.0,-0.04,0.43,-0.48,7.62,-0.8,-0.34,0.0,-1.1,7.407,11.625,8.947,9.663,8.24,11.87,11.77,11.28,-0.001,-0.002,0.0,0.0,0.05,,,30.8
163.5,2.5,0.0,-0.04,-0.56,0.26,7.07,-0.48,-0.72,0.0,-1.1,10.771,8.927,8.319,8.957,9.71,8.63,10.79,14.13,-0.0,-0.001,0.0,0.0,0.05,,,30.85
163.7,2.7,0.0,-0.04,-0.15,0.55,7.32,0.68,0.0,0.0,-1.1,12.959,7.171,9.025,9.329,12.07,9.52,9.32,9.42,-0.0,-0.001,0.0,0.0,0.05,,,30.9
163.7,2.8,0.0,-0.04,0.18,0.28,7.21,1.56,-0.59,0.0,-1.1,10.036,7.936,9.31,9.771,10.4,9.91,13.24,11.77,-0.0,-0.001,0.0,0.0,0.05,,,30.95
163.4,2.8,0.0,-0.04,-0.78,0.19,7.3,1.23,-0.21,0.0,-1.1,11.007,8.574,8.937,9.241,10.4,8.63,11.97,13.05,-0.0,-0.001,0.0,0.0,0.05,,,31.0
163.4,1.4,0.0,-0.04,0.03,0.88,7.02,-1.64,0.13,0.0,-1.1,9.486,11.595,9.555,9.32,12.07,10.4,10.89,10.1,-0.001,-0.002,0.0,0.0,0.05,,,31.05
162.6,0.8,0.0,-0.04,0.38,-0.03,7.05,0.62,-1.07,0.0,-1.1,9.82,9.32,9.388,9.575,9.32,10.1,13.44,12.16,-0.001,-0.002,0.0,0.0,0.05,,,31.1
161.9,0.7,0.0,-0.04,-0.34,0.04,7.09,0.66,-1.54,0.0,-1.1,11.213,8.152,8.515,9.241,10.2,9.03,11.38,12.95,-0.0,-0.001,0.0,0.0,0.05,,,31.15
160.6,0.7,0.0,-0.04,-0.44,-0.23,6.87,0.13,0.13,0.0,-1.1,10.261,8.074,8.515,9.604,10.3,9.71,10.2,10.59,-0.0,-0.001,0.0,0.0,0.05,,,31.2
159.2,0.9,0.0,-0.04,-0.01,0.79,6.87,-0.33,0.28,0.0,-1.1,7.564,10.33,9.182,8.79,10.69,9.12,11.18,11.38,-0.0,-0.001,0.0,0.0,0.05,,,31.25
157.6,1.2,0.0,-0.04,-0.48,-0.46,6.71,-0.21,-0.42,0.0,-1.1,9.094,10.811,9.261,9.506,9.03,10.5,12.16,11.67,-0.0,-0.001,0.0,0.0,0.05,,,31.3
154.2,1.4,0.0,-0.04,-0.2,0.73,6.56,-1.51,0.36,0.0,-1.1,8.603,10.242,10.507,9.015,9.22,10.1,13.64,10.2,-0.0,-0.002,0.0,0.0,0.05,,,31.35
150.1,1.7,0.0,-0.03,-0.35,-0.36,6.37,-1.42,0.48,0.0,-1.1,8.927,10.713,8.603,8.231,9.42,10.5,13.15,8.93,-0.0,-0.002,0.0,0.0,0.05,,,31.4
147.6,1.8,0.0,-0.04,-0.24,0.08,6.74,-0.78,0.2,0.0,-1.1,8.505,10.507,8.8,7.897,9.03,11.38,12.65,10.79,-0.0,-0.001,0.001,0.0,0.05,,,31.45
143.2,2.0,0.0,-0.03,-0.37,-0.5,6.18,0.51,-0.9,0.0,-1.1,7.142,11.9,9.996,8.25,7.26,12.07,14.13,8.53,-0.0,-0.001,0.001,0.0,0.05,,,31.5
140.5,2.0,0.0,-0.03,-0.14,0.2,6.05,-2.23,-0.87,0.0,-1.1,10.261,8.8,10.163,8.554,9.03,10.59,14.32,8.93,-0.0,-0.001,0.001,0.0,0.04,,,31.55
137.8,2.0,0.0,-0.03,-0.48,-0.2,5.99,-1.11,0.72,0.0,-1.1,11.34,8.044,9.113,8.388,10.79,10.3,13.73,8.73,-0.0,-0.001,0.001,0.0,0.04,,,31.6
135.1,2.0,0.0,-0.03,-0.34,0.49,5.35,-0.05,0.28,0.0,-1.1,10.811,9.192,8.849,8.427,11.09,10.59,13.34,9.81,-0.001,-0.002,0.001,0.0,0.04,,,31.65
132.4,2.1,0.0,-0.03,-0.33,-0.03,5.74,0.11,-0.73,0.0,-1.1,8.535,10.752,9.712,8.878,11.48,9.61,12.16,10.69,-0.001,-0.002,0.001,0.0,0.04,,,31.7
130.1,2.2,0.0,-0.03,-0.44,-0.32,5.93,-0.73,-0.5,0.0,-1.1,6.612,12.282,10.801,8.721,9.61,10.01,12.07,10.79,-0.001,-0.002,0.001,0.0,0.04,,,31.75
127.1,2.4,0.0,-0.03,0.34,-0.0,5.31,0.19,-0.14,0.0,-1.1,7.25,11.87,9.83,9.192,9.22,10.79,10.99,11.09,-0.0,-0.001,0.0,0.0,0.04,,,31.8
123.9,2.4,0.0,-0.03,-0.85,-0.31,4.56,-0.85,0.53,0.0,-1.1,12.007,8.005,8.358,8.378,9.71,7.85,11.87,12.36,-0.0,-0.001,0.0,0.0,0.03,,,31.85
119.7,2.6,0.0,-0.03,-0.14,1.51,4.83,-0.86,0.14,0.0,-1.1,11.105,9.133,8.525,8.446,14.03,7.85,8.93,8.93,-0.0,-0.001,0.001,0.0,0.03,,,31.9
116.2,2.7,0.0,-0.03,0.16,-0.32,4.76,0.08,-0.89,0.0,-1.1,10.732,7.269,9.751,9.653,11.18,9.22,13.05,10.3,-0.0,-0.001,0.001,0.0,0.04,,,31.95
114.1,2.8,0.0,-0.03,-0.65,0.11,4.78,-1.06,-0.05,0.0,-1.1,9.722,8.8,9.849,9.545,10.69,7.95,12.36,13.24,-0.0,-0.001,0.0,0.0,0.03,,,32.0
110.8,2.8,0.0,-0.02,-0.53,0.22,4.23,-1.37,0.79,0.0,-1.1,10.369,9.29,9.614,8.888,11.09,9.52,11.09,11.38,-0.0,-0.001,0.001,0.0,0.03,,,32.05
105.3,2.9,0.0,-0.02,-0.06,0.06,3.86,1.6,-0.15,0.0,-1.1,13.096,6.72,8.907,9.074,10.5,9.12,12.07,10.5,-0.001,-0.001,0.001,0.0,0.03,,,32.1
100.2,2.8,0.0,-0.02,-0.13,-0.05,3.64,0.22,0.17,0.0,-1.1,9.741,9.231,9.526,9.025,10.5,9.12,12.36,10.79,-0.001,-0.001,0.001,0.0,0.03,,,32.15
95.4,2.9,0.0,-0.02,-0.49,0.63,3.66,-0.76,0.05,0.0,-1.1,11.301,7.357,9.3,8.564,10.2,8.34,12.36,11.09,-0.0,-0.001,0.001,0.0,0.03,,,32.2
91.7,2.9,0.0,-0.02,0.28,0.76,4.23,-1.44,-0.34,0.0,-1.1,8.368,10.565,10.036,9.888,10.99,9.71,11.77,9.91,-0.0,-0.001,0.001,0.0,0.03,,,32.25
88.4,2.9,0.0,-0.02,0.19,-0.64,3.98,-0.39,-0.38,0.0,-1.1,12.007,6.906,8.751,8.711,9.32,9.03,13.15,11.48,-0.0,-0.001,0.001,0.0,0.03,,,32.3
86.1,3.0,0.0,-0.02,-0.11,-0.32,3.97,-0.8,0.53,0.0,-1.1,10.663,8.907,8.24,8.329,10.69,9.61,11.48,10.99,-0.001,-0.001,0.001,0.0,0.03,,,32.35
83.5,3.2,0.0,-0.01,-0.37,0.0,2.57,0.27,-0.27,0.0,-1.1,12.969,6.867,8.564,9.388,11.18,8.83,11.77,11.09,-0.001,-0.001,0.001,0.0,0.02,,,32.4
82.1,3.4,0.0,-0.02,-0.16,0.63,3.05,-0.63,-0.5,0.0,-1.1,10.713,9.153,9.859,9.928,12.56,8.63,11.38,10.79,-0.001,-0.001,0.001,0.0,0.02,,,32.45
80.6,4.0,0.0,-0.02,0.5,-0.37,2.74,0.84,0.27,0.0,-1.1,7.093,10.683,9.938,9.476,8.34,12.16,13.24,11.77,-0.001,-0.001,0.0,0.0,0.02,,,32.5
79.2,4.2,0.0,-0.02,-0.58,-0.46,3.14,-0.36,-0.69,0.0,-1.1,7.917,12.694,8.299,8.741,8.83,10.2,11.18,14.13,-0.001,-0.002,0.0,0.0,0.02,,,32.55
78.0,4.4,0.0,-0.02,-0.17,0.69,2.43,0.36,-1.24,0.0,-1.1,14.332,6.926,8.191,9.81,9.81,9.32,9.71,11.38,-0.001,-0.001,0.0,0.0,0.02,,,32.6
76.9,4.5,0.0,-0.01,0.82,0.3,2.42,1.61,-0.95,0.0,-1.1,12.979,4.532,9.996,11.213,10.89,9.81,11.38,10.5,-0.0,-0.001,0.0,0.0,0.02,,,32.65
74.6,4.6,0.0,-0.01,0.4,0.81,2.68,-0.56,-0.31,0.0,-1.1,6.985,9.172,9.82,8.309,10.89,9.81,11.67,11.58,-0.0,-0.001,0.001,0.0,0.02,,,32.7
72.8,4.6,0.0,-0.01,0.64,-0.08,2.63,0.45,-0.49,0.0,-1.1,9.496,7.936,8.525,9.192,10.89,8.34,10.59,12.07,-0.0,-0.001,0.001,0.0,0.02,,,32.75
71.5,4.7,0.0,-0.01,-0.17,-0.33,2.88,-2.12,0.04,0.0,-1.1,9.251,10.536,10.006,10.065,10.59,9.71,9.12,12.46,-0.001,-0.001,0.0,0.0,0.02,,,32.8
70.8,4.7,0.0,-0.01,0.27,0.06,2.45,1.1,-1.01,0.0,-1.1,9.526,9.359,9.123,9.31,10.99,9.81,10.3,14.03,-0.001,-0.001,0.001,0.0,0.02,,,32.85
69.9,4.7,0.0,-0.01,0.24,-0.32,2.18,-1.14,-0.94,0.0,-1.1,11.056,8.829,8.731,9.594,10.4,9.52,10.01,12.26,-0.0,-0.001,0.0,0.0,0.01,,,32.9
68.4,4.7,0.0,-0.01,0.33,-0.08,2.38,0.21,-0.93,0.0,-1.1,10.32,9.32,9.702,9.82,11.38,9.71,10.5,10.2,-0.0,-0.001,0.0,0.0,0.02,,,32.95
66.3,4.7,0.0,-0.01,-0.5,0.56,2.09,0.53,-0.0,0.0,-1.1,13.999,6.19,8.417,8.751,11.28,8.44,11.48,11.77,-0.0,-0.002,0.0,0.0,0.02,,,33.0
66.0,4.7,0.0,-0.01,0.09,-0.04,2.42,-0.49,-0.15,0.0,-1.1,8.721,11.89,9.81,9.261,11.77,9.81,10.99,9.32,-0.0,-0.002,0.001,0.0,0.02,,,33.05
66.0,4.6,0.0,-0.01,0.04,0.1,2.49,-0.77,-0.33,0.0,-1.1,8.957,9.349,9.025,9.3,10.4,10.1,11.97,11.09,-0.0,-0.002,0.0,0.0,0.02,,,33.1
65.7,4.4,0.0,-0.01,-0.33,0.58,2.02,-0.57,-0.89,0.0,-1.1,11.213,10.202,9.045,8.741,10.59,9.12,11.28,11.48,-0.001,-0.001,0.0,0.0,0.01,,,33.15
65.1,4.3,0.0,-0.01,-0.07,-0.17,2.12,0.68,-0.14,0.0,-1.1,7.416,9.427,9.496,9.182,8.63,10.4,11.38,9.32,-0.001,-0.001,0.0,0.0,0.02,,,33.2
64.6,4.3,0.0,-0.01,0.96,-0.7,2.14,-0.47,-0.51,0.0,-1.1,9.153,9.594,9.918,10.418,9.61,11.58,11.09,13.54,-0.0,-0.001,0.0,0.0,0.02,,,33.25
63.8,4.2,0.0,-0.01,-0.73,-1.35,2.31,-1.66,0.3,0.0,-1.1,7.789,11.949,8.613,8.074,10.69,8.63,12.36,12.46,-0.0,-0.001,0.0,0.0,0.02,,,33.3
63.5,4.1,0.0,-0.01,0.68,-0.66,2.08,0.44,-0.52,0.0,-1.1,9.545,9.467,8.76,10.771,10.79,9.61,10.99,10.89,-0.0,-0.001,-0.0,0.0,0.02,,,33.35
62.4,3.8,0.0,-0.01,0.34,-0.05,2.01,-1.06,0.16,0.0,-1.1,6.573,9.378,10.801,9.584,10.4,9.71,10.79,11.09,-0.0,-0.001,-0.0,0.0,0.01,,,33.4
61.8,3.4,0.0,-0.01,0.73,-0.98,2.24,-0.49,0.66,0.0,-1.1,10.497,8.898,8.603,9.006,10.79,10.4,10.99,10.69,-0.0,-0.001,-0.0,0.0,0.02,,,33.45
60.8,3.2,0.0,-0.01,0.51,-0.63,2.22,-0.47,0.22,0.0,-1.1,7.23,11.242,8.584,8.015,10.1,10.5,10.4,11.58,-0.0,-0.001,-0.0,0.0,0.02,,,33.5
60.2,3.1,0.0,-0.01,0.55,-1.27,1.91,-1.43,-0.31,0.0,-1.1,10.487,9.692,9.457,8.191,9.71,9.42,12.85,12.16,-0.0,-0.001,-0.0,0.0,0.01,,,33.55
59.4,3.0,0.0,-0.01,0.72,-0.38,1.93,-1.94,-0.53,0.0,-1.1,8.603,10.497,9.624,9.614,10.3,8.93,12.07,11.87,-0.0,-0.001,-0.0,0.0,0.01,,,33.6
58.9,2.9,0.0,-0.01,0.93,0.92,1.93,-0.37,-0.56,0.0,-1.1,9.712,10.595,9.182,9.025,9.42,10.3,12.26,10.5,-0.0,-0.001,-0.0,0.0,0.01,,,33.65
58.7,2.8,0.0,-0.01,1.24,-0.5,2.71,-1.48,-0.41,0.0,-1.1,8.309,7.995,8.368,9.584,10.3,8.83,11.87,9.81,-0.0,-0.001,-0.001,0.0,0.02,,,33.7
58.4,2.8,0.0,-0.01,1.11,0.14,2.62,-0.16,-0.61,0.0,-1.1,8.182,11.193,7.593,8.27,10.01,9.61,9.42,10.69,-0.0,-0.001,-0.001,0.0,0.02,,,33.75
58.1,2.8,0.0,-0.01,1.4,-0.28,2.74,-1.29,-1.08,0.0,-1.1,7.259,9.447,9.849,9.388,10.1,9.91,10.2,11.77,0.0,-0.0,-0.001,0.0,0.02,,,33.8
57.7,2.9,0.0,-0.01,1.79,0.84,2.2,0.8,-0.94,0.0,-1.1,6.465,8.701,11.576,9.682,9.12,10.01,10.79,12.46,0.0,-0.0,-0.001,0.0,0.02,,,33.85
57.3,2.9,0.0,-0.01,1.89,0.46,2.5,0.15,0.12,0.0,-1.1,8.986,8.525,8.643,9.074,11.28,9.32,11.28,10.5,0.0,-0.0,-0.001,0.0,0.02,,,33.9
57.1,2.9,0.0,-0.02,2.36,-0.31,2.84,-1.41,0.28,0.0,-1.1,8.113,10.477,8.731,8.132,9.22,10.59,12.65,12.26,0.0,-0.0,-0.001,0.0,0.02,,,33.95
56.5,3.0,0.0,-0.02,2.24,-0.88,3.41,0.48,-1.0,0.0,-1.1,10.869,7.946,9.732,9.545,10.59,9.71,13.83,13.44,0.0,-0.0,-0.001,0.0,0.02,,,34.0
55.8,3.2,0.0,-0.02,2.14,0.18,3.58,-0.26,-0.81,0.0,-1.1,9.555,9.006,10.408,10.703,11.97,9.42,12.56,9.81,0.0,-0.0,-0.002,0.0,0.02,,,34.05
55.5,3.3,0.0,-0.02,1.68,0.05,3.53,0.71,0.18,0.0,-1.1,10.31,6.975,9.594,8.388,11.28,8.73,12.85,11.58,0.001,-0.0,-0.002,0.0,0.03,,,34.1
54.8,3.4,0.0,-0.02,2.22,0.1,3.59,-0.58,1.39,0.0,-1.1,5.337,11.37,9.839,9.692,9.71,9.71,13.05,10.59,0.001,-0.0,-0.002,0.0,0.02,,,34.15
53.7,3.5,0.0,-0.02,2.05,0.65,3.67,-2.54,1.54,0.0,-1.1,9.712,9.643,9.388,9.006,11.18,9.12,10.69,11.38,0.001,-0.0,-0.001,0.0,0.03,,,34.2
53.2,3.6,0.0,-0.02,1.95,0.04,3.24,-0.16,0.12,0.0,-1.1,11.478,8.358,9.957,10.134,11.97,11.58,12.16,10.59,0.0,-0.001,-0.001,0.0,0.02,,,34.25
52.5,3.6,0.0,-0.02,1.91,1.28,3.68,-0.06,-1.78,0.0,-1.1,9.604,11.036,12.478,10.673,11.18,9.52,16.78,12.36,-0.0,-0.001,-0.002,0.0,0.03,,,34.3
52.1,3.6,0.0,-0.02,0.35,0.67,3.8,3.28,-2.48,0.0,-1.1,8.917,10.438,9.908,9.339,9.22,10.4,13.05,11.58,-0.0,-0.001,-0.002,0.0,0.03,,,34.35
51.8,3.7,0.0,-0.02,1.18,-0.17,3.99,-1.77,-0.74,0.0,-1.1,8.623,9.437,9.643,9.633,9.91,10.2,13.24,12.85,0.0,-0.0,-0.002,0.0,0.03,,,34.4
51.9,3.7,0.0,-0.02,2.7,-0.8,4.0,1.16,0.33,0.0,-1.1,7.564,9.447,10.556,11.144,10.89,11.87,12.46,12.36,0.0,0.0,-0.002,0.0,0.03,,,34.45
51.5,3.7,0.0,-0.02,1.87,-0.75,4.2,1.44,0.79,0.0,-1.1,10.144,10.34,7.308,8.878,8.14,10.69,10.2,11.18,0.001,-0.0,-0.002,0.0,0.03,,,34.5
51.7,3.7,0.0,-0.02,1.7,1.79,4.38,-0.1,-0.92,0.0,-1.1,11.409,6.632,7.887,8.231,11.58,9.22,10.89,10.99,0.001,0.0,-0.002,0.0,0.03,,,34.55
51.9,3.7,0.0,-0.02,2.02,0.15,3.91,0.31,-1.02,0.0,-1.1,10.016,7.191,9.153,8.868,13.05,8.14,13.83,11.38,0.0,0.0,-0.002,0.0,0.03,,,34.6
51.7,3.7,0.0,-0.02,1.36,-0.99,4.18,0.78,-0.24,0.0,-1.1,9.418,8.652,6.632,9.369,10.4,9.42,12.46,12.46,0.0,-0.0,-0.002,0.0,0.03,,,34.65
51.3,3.7,0.0,-0.02,1.87,0.06,3.98,-1.09,-0.44,0.0,-1.1,9.32,7.73,10.094,10.35,10.3,10.79,12.16,14.81,-0.0,-0.0,-0.003,0.0,0.03,,,34.7
51.1,3.7,0.0,-0.03,1.36,-0.73,4.69,0.05,0.62,0.0,-1.1,6.229,11.605,8.044,7.613,8.83,10.01,8.44,9.52,0.0,-0.0,-0.003,0.0,0.03,,,34.75
51.3,3.7,0.0,-0.03,1.52,-0.52,4.96,0.51,-0.66,0.0,-1.1,9.957,9.388,9.006,9.633,9.42,10.99,9.91,10.99,0.0,-0.0,-0.002,0.0,0.04,,,34.8
51.2,3.6,0.0,-0.03,2.09,0.01,4.69,-1.24,-0.75,0.0,-1.1,10.389,8.299,8.927,8.505,12.56,7.46,13.24,9.71,0.001,-0.0,-0.002,0.0,0.03,,,34.85
51.6,3.5,0.0,-0.02,1.9,0.51,4.44,3.0,-0.6,0.0,-1.1,7.985,7.897,9.457,10.595,10.99,10.59,11.58,10.59,0.001,-0.0,-0.002,0.0,0.03,,,34.9
51.8,3.3,0.0,-0.03,1.71,0.02,5.1,-1.8,0.42,0.0,-1.1,11.958,10.31,7.161,6.887,8.14,10.59,9.32,10.99,-0.0,-0.001,-0.002,0.0,0.03,,,34.95
51.9,3.0,0.0,-0.03,1.88,0.11,4.88,1.23,-1.4,0.0,-1.1,7.544,11.085,8.829,7.652,8.04,10.2,12.46,14.22,-0.0,-0.001,-0.002,0.0,0.03,,,35.0
53.1,2.6,0.0,-0.03,1.71,0.29,5.32,-0.62,-1.98,0.0,-1.1,9.722,8.26,12.547,11.38,9.91,10.79,17.76,3.43,0.0,-0.0,-0.004,0.0,0.04,,,35.05
53.5,2.4,0.0,-0.03,1.44,0.16,6.24,0.53,0.9,0.0,-1.1,5.513,11.664,8.927,9.81,10.4,7.46,12.26,6.97,0.001,0.0,-0.004,0.0,0.04,,,35.1
54.6,2.4,0.0,-0.03,1.4,1.22,5.87,0.9,2.32,0.0,-1.1,9.633,8.976,8.123,7.985,11.18,9.71,8.34,11.77,0.001,0.0,-0.003,0.0,0.04,,,35.15
55.9,2.3,0.0,-0.03,2.01,0.87,5.55,0.01,0.84,0.0,-1.1,9.722,10.408,9.898,8.79,8.63,14.42,11.28,10.79,0.001,0.0,-0.002,0.0,0.04,,,35.2
56.6,2.1,0.0,-0.03,2.15,1.29,5.69,1.91,-0.68,0.0,-1.1,8.348,8.172,9.692,9.8,10.5,11.97,10.4,9.42,0.001,0.0,-0.003,0.0,0.04,,,35.25
57.2,2.1,0.0,-0.04,2.75,0.52,6.46,-1.57,0.21,0.0,-1.1,8.26,12.763,11.262,9.996,11.97,8.34,14.13,12.46,0.001,-0.0,-0.003,0.0,0.05,,,35.3
59.3,2.0,0.0,-0.04,1.89,0.78,7.29,-0.29,-0.54,0.0,-1.1,7.534,9.898,8.123,9.025,12.46,11.77,10.59,13.34,0.001,-0.0,-0.003,0.0,0.05,,,35.35
62.4,2.0,0.0,-0.04,1.54,0.48,7.2,1.76,-0.29,0.0,-1.1,11.566,7.22,9.123,10.202,11.97,10.2,6.28,15.21,0.001,-0.0,-0.003,0.0,0.05,,,35.4
65.6,1.9,0.0,-0.04,1.18,-0.04,7.86,-1.26,0.73,0.0,-1.1,7.671,8.132,9.604,9.447,10.1,11.48,10.99,9.71,0.001,-0.0,-0.003,0.0,0.06,,,35.45
67.0,1.7,0.0,-0.05,1.31,1.16,8.21,-0.66,0.41,0.0,-1.1,9.476,11.478,7.946,9.202,14.81,9.22,17.07,12.16,0.001,-0.001,-0.003,0.0,0.06,,,35.5
70.8,1.6,0.0,-0.05,0.9,1.59,9.03,1.01,0.42,0.0,-1.1,11.37,6.063,12.625,11.978,11.58,7.46,7.65,7.65,0.001,-0.0,-0.004,0.0,0.06,,,35.55
73.8,1.5,0.0,-0.05,0.68,0.44,9.93,1.83,1.64,0.0,-1.1,9.702,9.751,8.623,9.702,9.03,10.2,6.87,13.64,0.0,-0.001,-0.003,0.0,0.07,,,35.6
77.7,1.4,0.0,-0.06,0.27,1.15,10.62,0.17,1.15,0.0,-1.1,9.31,9.427,7.514,8.731,10.99,8.44,9.52,14.42,0.0,-0.001,-0.001,0.0,0.08,,,35.65
80.9,1.3,0.0,-0.06,-0.28,1.03,10.87,0.18,-0.36,0.0,-1.1,9.369,9.663,8.123,8.77,10.2,8.73,7.65,7.26,0.0,-0.002,-0.001,0.0,0.08,,,35.7
84.7,1.0,0.0,-0.06,-0.12,1.44,11.06,0.19,-1.66,0.0,-1.1,10.055,8.976,8.172,9.172,11.28,8.24,10.79,13.05,0.001,-0.002,0.0,0.0,0.08,,,35.75
88.4,0.8,0.0,-0.06,-0.62,0.96,11.69,-0.34,-1.11,0.0,-1.1,8.24,10.065,9.329,9.575,10.69,11.58,14.91,11.28,0.001,-0.001,-0.0,0.0,0.08,,,35.8
91.2,0.7,0.0,-0.06,-0.47,1.24,11.84,-1.16,0.49,0.0,-1.1,10.526,8.584,8.839,9.849,5.2,10.5,12.95,13.05,-0.0,-0.001,-0.001,0.0,0.08,,,35.85
94.0,0.7,0.0,-0.07,-0.5,1.22,12.26,-0.59,1.13,0.0,-1.1,8.751,10.516,8.182,9.094,10.69,12.07,10.5,10.1,-0.0,-0.001,-0.001,0.0,0.09,,,35.9
97.9,0.6,0.0,-0.07,-0.17,1.31,12.49,0.63,0.35,0.0,-1.1,9.947,9.035,8.172,7.554,10.1,15.99,14.62,12.26,-0.0,-0.001,-0.001,0.0,0.09,,,35.95
100.1,0.6,0.0,-0.07,-0.24,1.36,13.28,-0.27,-0.62,0.0,-1.1,11.223,9.633,9.104,10.977,10.3,9.91,9.42,11.28,-0.001,-0.002,-0.001,0.0,0.09,,,36.0
103.0,0.6,0.0,-0.07,-0.47,1.72,13.25,-0.94,-0.28,0.0,-1.1,9.045,11.183,8.25,8.741,14.03,9.12,12.16,13.73,-0.001,-0.002,-0.001,0.0,0.1,,,36.05
106.7,0.6,0.0,-0.07,-0.55,0.29,13.22,2.04,-1.8,0.0,-1.1,10.094,9.938,8.289,8.554,9.91,6.77,14.72,12.95,-0.001,-0.002,-0.001,0.0,0.1,,,36.1
110.0,0.6,0.0,-0.07,-0.31,0.86,13.67,1.46,-0.49,0.0,-1.1,8.564,9.31,7.956,10.713,8.04,7.36,9.81,13.54,-0.0,-0.001,-0.001,0.0,0.1,,,36.15
114.8,0.7,0.0,-0.08,-0.86,2.02,13.96,-1.68,0.77,0.0,-1.1,11.232,8.162,8.947,8.613,10.01,10.2,7.06,11.38,-0.0,-0.001,-0.001,0.0,0.1,,,36.2
117.9,0.7,0.0,-0.08,-0.37,1.92,14.74,0.76,0.16,0.0,-1.1,11.556,8.721,8.907,8.701,9.61,11.48,12.36,11.58,-0.0,-0.001,-0.001,0.0,0.1,,,36.25
120.7,0.8,0.0,-0.08,-0.4,1.15,15.21,0.06,-1.13,0.0,-1.1,11.841,8.898,9.81,9.526,10.4,9.91,13.34,11.97,-0.001,-0.002,-0.001,0.0,0.11,,,36.3
123.2,0.8,0.0,-0.09,-0.34,1.68,15.74,1.21,-1.02,0.0,-1.1,5.896,11.949,9.506,9.859,8.34,11.18,10.01,11.18,-0.0,-0.002,-0.001,0.0,0.11,,,36.35
124.9,0.9,0.0,-0.09,0.2,2.17,16.19,-1.52,-1.09,0.0,-1.1,11.36,9.261,7.446,7.632,9.03,11.48,12.36,11.87,-0.0,-0.002,-0.001,0.0,0.12,,,36.4
128.2,0.9,0.0,-0.09,-0.54,2.15,15.93,2.61,-1.59,0.0,-1.1,9.781,9.104,9.408,9.682,15.21,10.01,11.28,10.79,-0.0,-0.002,-0.001,0.0,0.11,,,36.45
132.9,1.0,0.0,-0.09,0.01,1.82,16.16,-0.48,-0.64,0.0,-1.1,9.83,7.779,9.859,10.85,15.11,6.57,13.34,10.89,0.0,-0.002,-0.002,0.0,0.11,,,36.5
135.9,1.0,0.0,-0.09,0.02,0.94,16.29,2.71,0.03,0.0,-1.1,7.956,7.387,8.211,10.634,11.09,6.08,9.12,14.32,0.0,-0.001,-0.002,0.0,0.12,,,36.55
137.4,1.1,0.0,-0.09,-1.19,1.67,16.79,-0.71,1.25,0.0,-1.1,10.399,10.811,7.201,7.593,13.54,10.3,13.24,10.3,0.0,-0.001,-0.002,0.0,0.12,,,36.6
138.9,1.1,0.0,-0.09,-1.2,1.63,17.08,-0.21,1.21,0.0,-1.1,10.389,8.437,10.251,10.33,5.4,12.46,12.36,11.87,-0.001,-0.002,-0.001,0.0,0.12,,,36.65
140.2,1.1,0.0,-0.09,-0.71,1.06,17.16,-0.77,0.39,0.0,-1.1,7.269,13.577,8.692,9.329,12.65,11.97,12.07,15.5,-0.0,-0.002,-0.002,0.0,0.12,,,36.7
140.8,1.1,0.0,-0.09,-0.35,1.92,17.48,-1.06,-0.69,0.0,-1.1,13.342,6.916,8.574,9.633,10.1,8.24,13.93,10.89,-0.0,-0.002,-0.002,0.0,0.12,,,36.75
140.8,1.1,0.0,-0.09,0.14,1.73,16.75,0.61,-0.81,0.0,-1.1,9.771,7.613,8.878,10.624,9.91,5.0,10.3,12.07,0.0,-0.002,-0.001,0.0,0.12,,,36.8
142.0,1.1,0.0,-0.09,-0.17,1.2,17.4,-2.11,0.16,0.0,-1.1,6.72,9.663,9.035,9.79,11.87,8.83,10.3,11.87,0.0,-0.002,-0.002,0.0,0.12,,,36.85
142.8,1.1,0.0,-0.09,-0.31,1.59,17.39,-2.02,-0.03,0.0,-1.1,5.317,12.616,9.427,7.73,8.04,10.69,15.11,12.26,-0.0,-0.002,-0.001,0.0,0.12,,,36.9
142.8,1.1,0.0,-0.09,-0.94,1.03,17.24,-1.94,-0.17,0.0,-1.1,5.023,12.233,8.721,8.682,5.69,10.4,11.48,11.58,-0.0,-0.002,-0.002,0.0,0.12,,,36.95
142.8,1.1,0.0,-0.09,-1.0,1.06,17.14,-2.43,1.13,0.0,-1.1,6.131,11.792,8.878,8.339,9.91,10.79,8.93,6.87,-0.0,-0.002,-0.001,0.0,0.12,,,37.0
143.5,1.1,0.0,-0.09,-0.35,0.8,17.49,2.37,0.07,0.0,-1.1,12.841,7.279,7.151,9.83,12.85,11.18,9.32,13.73,0.0,-0.002,-0.0,0.0,0.12,,,37.05
143.3,1.1,0.0,-0.1,0.29,2.04,17.78,-0.26,-2.24,0.0,-1.1,6.347,10.968,10.222,8.701,11.09,12.56,10.79,10.4,0.0,-0.002,0.0,0.0,0.13,,,37.1
143.6,1.0,0.0,-0.09,-1.25,1.27,17.37,0.72,-1.34,0.0,-1.1,11.507,7.691,8.633,9.113,9.52,8.93,11.48,9.91,0.0,-0.002,0.0,0.0,0.12,,,37.15
143.3,1.1,0.0,-0.09,-0.14,1.97,17.0,0.93,-0.25,0.0,-1.1,10.919,8.898,9.614,11.409,13.83,8.24,12.07,10.2,0.001,-0.002,-0.0,0.0,0.12,,,37.2
143.5,1.0,0.0,-0.09,-0.27,1.31,17.01,-1.93,0.24,0.0,-1.1,11.998,6.867,8.329,8.633,14.32,9.22,11.58,10.99,0.001,-0.002,0.0,0.0,0.12,,,37.25
143.3,1.1,0.0,-0.09,-0.35,1.89,17.13,-1.32,-0.76,0.0,-1.1,10.909,7.112,8.751,8.054,14.03,7.65,9.91,10.1,0.001,-0.002,0.001,0.0,0.12,,,37.3
143.6,1.0,0.0,-0.09,-0.23,1.38,16.77,-1.6,-1.24,0.0,-1.1,9.653,7.936,8.339,9.32,11.67,6.57,10.99,10.5,0.0,-0.002,0.0,0.0,0.12,,,37.35
143.2,1.1,0.0,-0.09,-0.03,0.66,16.77,-2.84,-0.31,0.0,-1.1,9.692,8.015,8.741,9.202,10.5,8.44,13.24,12.65,0.0,-0.002,0.0,0.0,0.12,,,37.4
143.5,1.0,0.0,-0.09,-0.43,0.7,16.99,1.32,0.41,0.0,-1.1,7.524,12.429,9.555,9.849,10.2,11.18,11.77,13.44,-0.0,-0.002,-0.0,0.0,0.12,,,37.45
142.8,1.1,0.0,-0.09,-0.0,1.04,16.98,1.4,0.65,0.0,-1.1,9.251,11.762,8.78,9.349,13.54,10.69,11.87,13.34,-0.001,-0.002,-0.0,0.0,0.12,,,37.5
142.6,1.0,0.0,-0.09,-0.13,1.45,16.6,0.16,-0.7,0.0,-1.1,9.614,11.105,8.407,9.388,13.05,10.2,10.1,11.97,-0.001,-0.002,-0.0,0.0,0.12,,,37.55
142.0,1.1,0.0,-0.09,-0.45,0.65,15.98,2.43,-0.33,0.0,-1.1,10.928,8.064,8.505,9.251,7.95,11.58,10.5,12.16,-0.001,-0.002,-0.001,0.0,0.11,,,37.6
141.4,1.0,0.0,-0.08,-0.51,1.58,15.75,-1.39,-0.32,0.0,-1.1,9.535,9.653,8.26,8.868,7.95,8.93,14.42,10.5,0.0,-0.002,-0.001,0.0,0.11,,,37.65
141.3,1.0,0.0,-0.09,-0.27,1.59,16.29,-3.09,0.1,0.0,-1.1,6.543,10.055,10.183,7.75,9.52,9.22,15.21,10.79,0.0,-0.001,-0.0,0.0,0.11,,,37.7
142.1,1.0,0.0,-0.09,-0.73,0.45,16.65,0.28,0.57,0.0,-1.1,9.427,9.692,9.231,9.113,9.42,15.21,13.54,9.81,0.0,-0.001,-0.0,0.0,0.12,,,37.75
142.4,1.1,0.0,-0.09,-0.24,0.59,16.9,-0.24,0.81,0.0,-1.1,10.124,9.074,9.722,9.81,10.1,9.61,11.77,8.24,-0.0,-0.002,-0.0,0.0,0.12,,,37.8
142.6,1.0,0.0,-0.09,-0.48,1.22,16.18,1.31,0.35,0.0,-1.1,11.291,8.25,7.985,9.506,9.71,9.12,9.12,10.99,-0.0,-0.002,-0.0,0.0,0.12,,,37.85
141.8,1.0,0.0,-0.09,-0.5,1.72,15.8,-0.96,0.1,0.0,-1.1,8.299,11.075,7.985,8.8,9.12,8.73,10.01,12.16,-0.0,-0.002,-0.0,0.0,0.11,,,37.9
141.6,1.0,0.0,-0.08,-0.07,1.51,15.7,-1.51,-0.99,0.0,-1.1,7.279,10.036,9.751,9.32,9.42,9.03,15.7,12.95,-0.0,-0.002,-0.001,0.0,0.11,,,37.95
141.4,1.0,0.0,-0.09,-0.49,1.15,16.02,2.2,0.37,0.0,-1.1,10.595,8.858,9.261,9.653,8.34,11.38,13.54,11.87,-0.0,-0.002,-0.001,0.0,0.11,,,38.0
141.3,1.0,0.0,-0.09,-0.25,0.7,16.4,-0.02,0.21,0.0,-1.1,10.624,9.839,8.231,8.682,10.69,11.18,13.73,11.87,-0.0,-0.002,-0.001,0.0,0.12,,,38.05
141.7,1.0,0.0,-0.08,-0.34,2.03,15.24,0.35,-1.44,0.0,-1.1,12.802,7.917,8.074,9.163,10.69,10.4,12.95,11.87,-0.001,-0.002,-0.0,0.0,0.11,,,38.1
141.6,1.0,0.0,-0.08,0.1,1.4,15.21,0.16,-1.68,0.0,-1.1,11.105,7.044,9.81,10.919,13.05,10.1,12.95,13.34,-0.0,-0.001,-0.001,0.0,0.11,,,38.15
141.0,1.0,0.0,-0.08,-0.54,1.22,15.54,-0.61,0.0,0.0,-1.1,9.869,6.965,8.711,9.722,10.01,9.81,13.34,13.24,0.0,-0.002,-0.001,0.0,0.11,,,38.2
141.2,1.0,0.0,-0.09,-0.81,1.06,16.01,-1.24,1.1,0.0,-1.1,9.055,9.035,9.074,8.299,10.79,6.67,9.61,10.5,0.0,-0.001,-0.001,0.0,0.11,,,38.25
137.1,1.0,0.0,-0.08,-0.43,1.19,15.42,-1.16,1.22,0.0,-1.1,9.486,8.819,8.339,7.917,10.5,7.36,12.26,11.38,-0.0,-0.002,-0.0,0.0,0.11,,,38.3
136.7,1.0,0.0,-0.08,-0.21,1.15,14.39,-0.99,-0.14,0.0,-1.1,8.849,10.997,9.82,9.712,12.07,8.24,10.5,13.83,-0.0,-0.002,-0.0,0.0,0.1,,,38.35
135.8,1.0,0.0,-0.08,0.05,1.34,14.85,-2.64,-1.7,0.0,-1.1,9.153,9.594,8.594,9.241,9.91,8.04,12.36,10.3,-0.0,-0.002,-0.0,0.0,0.11,,,38.4
135.4,1.0,0.0,-0.08,-0.3,0.35,15.51,0.81,-0.66,0.0,-1.1,7.132,11.223,9.633,8.907,10.3,8.63,10.89,11.77,0.0,-0.002,0.0,0.0,0.11,,,38.45
135.4,1.0,0.0,-0.08,-0.16,1.06,15.19,0.49,-0.38,0.0,-1.1,7.259,11.272,10.163,9.682,10.01,11.58,10.1,12.07,0.0,-0.002,0.0,0.0,0.11,,,38.5
135.5,1.0,0.0,-0.08,-0.02,0.07,14.75,-0.62,0.06,0.0,-1.1,8.191,10.987,9.898,9.987,11.09,9.22,10.4,12.16,0.0,-0.002,-0.0,0.0,0.11,,,38.55
135.4,1.1,0.0,-0.08,0.09,2.06,14.4,0.3,0.45,0.0,-1.1,10.242,9.584,8.446,9.094,10.79,8.34,7.65,11.58,-0.0,-0.002,-0.0,0.0,0.1,,,38.6
135.2,1.0,0.0,-0.08,-0.52,0.29,14.7,0.08,0.07,0.0,-1.1,9.447,10.516,9.035,9.329,10.2,8.93,12.46,9.61,0.0,-0.002,-0.0,0.0,0.1,,,38.65
135.1,1.0,0.0,-0.08,-0.32,1.74,14.35,-1.48,-0.19,0.0,-1.1,8.957,9.476,9.378,9.055,9.61,8.44,12.56,11.58,0.0,-0.002,-0.0,0.0,0.1,,,38.7
135.6,1.0,0.0,-0.08,-0.29,0.31,14.8,0.57,0.06,0.0,-1.1,9.732,10.251,8.603,9.8,9.71,10.99,11.48,10.79,0.0,-0.002,-0.0,0.0,0.1,,,38.75
135.4,1.0,0.0,-0.08,-0.11,1.12,14.78,-0.12,0.03,0.0,-1.1,11.968,8.731,8.505,9.28,10.3,8.53,8.44,12.07,0.0,-0.002,-0.0,0.0,0.1,,,38.8
135.4,1.0,0.0,-0.08,-1.04,0.08,14.35,0.3,0.42,0.0,-1.1,9.957,10.144,8.78,7.652,9.12,9.81,12.16,9.52,-0.0,-0.002,0.001,0.0,0.1,,,38.85
135.1,1.0,0.0,-0.08,-0.25,1.29,14.16,1.0,-0.41,0.0,-1.1,10.35,8.662,8.201,9.506,7.26,10.01,11.77,16.09,-0.0,-0.002,0.0,0.0,0.1,,,38.9
135.2,1.0,0.0,-0.07,-0.59,1.1,13.77,-1.73,-0.86,0.0,-1.1,10.045,8.613,8.662,10.075,9.61,8.73,11.97,12.26,0.0,-0.002,-0.0,0.0,0.1,,,38.95
134.2,1.0,0.0,-0.08,-0.5,1.85,14.35,-2.28,0.67,0.0,-1.1,9.172,8.986,9.633,8.27,10.2,10.1,12.16,8.44,0.0,-0.001,-0.0,0.0,0.1,,,39.0
133.6,1.0,0.0,-0.08,-0.11,0.66,14.34,-0.96,-0.34,0.0,-1.1,8.132,10.408,9.202,8.309,9.81,9.71,13.83,11.77,-0.0,-0.001,0.0,0.0,0.1,,,39.05
133.8,1.0,0.0,-0.08,-0.27,0.3,14.09,-0.28,-1.19,0.0,-1.1,8.594,10.762,9.418,9.81,8.83,10.3,13.05,10.01,-0.0,-0.001,-0.0,0.0,0.1,,,39.1
133.1,1.0,0.0,-0.07,-0.23,0.66,14.04,0.54,-0.12,0.0,-1.1,9.359,9.761,9.349,9.781,12.16,9.52,12.16,10.01,-0.0,-0.001,-0.001,0.0,0.1,,,39.15
130.9,1.0,0.0,-0.07,-0.39,0.54,13.41,0.27,0.24,0.0,-1.1,9.722,9.8,9.133,8.564,9.71,9.91,12.16,10.2,-0.0,-0.001,-0.001,0.0,0.09,,,39.2
128.1,1.0,0.0,-0.07,-0.38,0.57,13.08,1.95,0.58,0.0,-1.1,8.545,11.644,8.643,8.986,8.83,11.48,11.58,10.59,-0.0,-0.002,-0.001,0.0,0.09,,,39.25
124.5,1.0,0.0,-0.07,-0.52,0.78,13.04,-2.1,-1.13,0.0,-1.1,9.692,10.418,10.261,8.456,9.32,10.4,15.21,8.44,-0.001,-0.002,-0.001,0.0,0.09,,,39.3
121.6,1.0,0.0,-0.07,-0.46,0.74,13.02,1.45,-0.64,0.0,-1.1,5.68,12.331,9.898,9.32,7.75,11.77,13.54,12.16,-0.0,-0.002,-0.001,0.0,0.09,,,39.35
118.3,1.1,0.0,-0.07,-0.57,-0.0,12.49,-1.21,-0.03,0.0,-1.1,6.259,11.566,10.202,9.584,8.14,10.3,12.95,10.1,0.0,-0.001,-0.001,0.0,0.09,,,39.4
115.4,1.1,0.0,-0.06,0.42,1.57,11.91,-1.36,0.42,0.0,-1.1,7.259,10.938,8.142,8.123,7.85,8.93,10.3,13.05,0.0,-0.001,0.0,0.0,0.08,,,39.45
111.9,1.2,0.0,-0.06,-0.59,-0.16,11.15,-0.84,0.19,0.0,-1.1,9.947,10.791,7.956,7.004,9.12,11.67,14.62,9.91,-0.0,-0.001,0.0,0.0,0.08,,,39.5
109.5,1.5,0.0,-0.06,-0.08,0.84,11.28,1.89,-1.11,0.0,-1.1,11.37,8.358,8.917,10.065,10.4,10.79,11.48,9.61,-0.001,-0.002,0.0,0.0,0.08,,,39.55
106.7,1.8,0.0,-0.06,-0.39,-0.25,10.69,-0.9,-1.06,0.0,-1.1,6.916,11.841,9.849,9.388,10.79,8.53,12.65,12.16,-0.001,-0.002,-0.0,0.0,0.08,,,39.6
104.4,2.1,0.0,-0.05,-0.67,0.61,10.02,-0.43,-0.66,0.0,-1.1,8.858,10.065,9.192,9.418,9.91,8.14,11.58,11.87,-0.0,-0.001,-0.0,0.0,0.07,,,39.65
101.0,2.8,0.0,-0.06,-0.32,1.21,10.65,1.17,0.88,0.0,-1.1,9.212,9.378,8.721,8.554,7.36,9.42,11.67,10.5,-0.0,-0.001,-0.0,0.0,0.08,,,39.7
98.9,3.2,0.0,-0.06,-0.39,-0.27,10.99,-1.23,0.62,0.0,-1.1,7.642,11.949,7.603,8.348,9.91,10.89,12.07,12.07,-0.0,-0.001,0.0,0.0,0.08,,,39.75
97.0,3.3,0.0,-0.06,-0.45,0.57,10.56,-1.07,-0.6,0.0,-1.1,5.906,13.4,10.987,6.681,9.91,10.1,11.87,10.79,-0.0,-0.001,0.001,0.0,0.08,,,39.8
95.5,3.4,0.0,-0.05,0.28,-0.01,9.91,1.42,-0.38,0.0,-1.1,5.798,13.42,9.741,9.614,9.71,11.87,12.65,13.24,-0.0,-0.002,0.0,0.0,0.07,,,39.85
94.1,3.6,0.0,-0.05,-0.98,0.25,9.3,-0.98,0.14,0.0,-1.1,10.536,8.957,10.065,9.771,10.79,10.01,11.48,12.85,-0.001,-0.001,-0.0,0.0,0.07,,,39.9
90.8,3.9,0.0,-0.05,-0.22,1.35,9.41,0.87,1.7,0.0,-1.1,7.044,11.85,8.937,9.339,10.69,8.04,8.04,10.01,-0.001,-0.002,-0.0,0.0,0.07,,,39.95
89.6,4.2,0.0,-0.05,-0.23,0.25,9.32,0.79,-0.24,0.0,-1.1,10.752,8.025,8.378,9.79,11.77,8.24,8.34,15.21,-0.0,-0.002,0.0,0.0,0.07,,,40.0
88.7,4.4,0.0,-0.05,-0.55,0.25,9.71,-0.85,-0.69,0.0,-1.1,9.074,9.967,8.417,8.329,10.01,8.63,9.52,11.87,-0.001,-0.002,0.0,0.0,0.07,,,40.05
86.5,4.6,0.0,-0.05,-0.35,1.44,8.53,-0.7,-0.81,0.0,-1.1,13.057,6.808,8.172,8.957,10.2,6.87,10.3,11.97,-0.001,-0.001,0.0,0.0,0.06,,,40.1
84.8,4.7,0.0,-0.04,0.3,0.29,8.0,0.59,-1.83,0.0,-1.1,11.998,6.838,9.398,10.379,11.58,9.52,12.85,9.42,-0.001,-0.001,-0.0,0.0,0.06,,,40.15
83.7,4.8,0.0,-0.04,-0.39,0.38,8.14,-1.81,-0.59,0.0,-1.1,10.457,6.445,9.604,9.339,9.32,7.55,16.68,10.01,-0.001,-0.001,-0.001,0.0,0.06,,,40.2
82.4,4.9,0.0,-0.05,-0.72,0.44,8.43,1.65,0.94,0.0,-1.1,7.662,10.899,9.81,9.781,11.58,6.38,9.81,13.24,-0.0,-0.001,-0.001,0.0,0.06,,,40.25
81.6,4.9,0.0,-0.05,-0.57,0.37,8.93,-1.17,1.09,0.0,-1.1,9.006,10.31,8.339,10.359,9.12,9.22,9.22,10.4,-0.001,-0.002,-0.001,0.0,0.06,,,40.3
80.9,5.0,0.0,-0.05,-0.23,0.78,8.41,-0.24,0.62,0.0,-1.1,9.751,10.654,8.711,8.103,10.3,11.58,11.09,10.3,-0.001,-0.001,0.0,0.0,0.06,,,40.35
80.1,5.0,0.0,-0.04,0.17,0.52,7.21,1.53,-1.47,0.0,-1.1,6.847,11.399,7.926,8.966,10.4,8.93,10.01,15.7,-0.001,-0.001,0.0,0.0,0.05,,,40.4
80.1,5.1,0.0,-0.04,0.09,0.47,7.65,1.03,-1.8,0.0,-1.1,11.85,7.593,8.819,9.614,9.52,8.04,12.07,13.24,-0.001,-0.001,-0.0,0.0,0.05,,,40.45
78.5,5.1,0.0,-0.04,-0.01,-0.44,7.94,-0.26,-0.94,0.0,-1.1,4.925,11.262,9.781,10.065,8.73,9.52,12.07,13.34,-0.0,-0.001,-0.0,0.0,0.06,,,40.5
77.4,5.2,0.0,-0.04,-1.84,0.32,7.84,-1.72,0.34,0.0,-1.1,10.595,10.399,7.564,6.632,10.59,8.14,11.58,10.79,-0.0,-0.001,0.0,0.0,0.06,,,40.55
76.4,5.2,0.0,-0.04,0.15,0.66,8.12,2.7,-0.25,0.0,-1.1,13.548,7.662,9.702,10.261,8.93,9.81,12.36,9.61,-0.001,-0.001,0.0,0.0,0.06,,,40.6
76.0,4.4,0.0,-0.04,0.14,0.32,7.3,0.36,-0.28,0.0,-1.1,8.015,10.242,10.242,10.928,9.61,11.38,10.5,10.99,-0.001,-0.002,0.0,0.0,0.05,,,40.65
75.4,3.2,0.0,-0.04,0.19,1.27,6.59,0.02,-1.44,0.0,-1.1,11.988,7.171,9.29,9.153,10.2,10.5,12.07,8.83,-0.001,-0.002,-0.0,0.0,0.05,,,40.7
73.2,1.4,0.0,-0.04,-0.32,-0.25,6.54,2.76,-1.62,0.0,-1.1,10.663,10.261,8.868,8.211,10.1,10.99,11.28,11.87,-0.001,-0.002,-0.0,0.0,0.05,,,40.75
70.6,0.6,0.0,-0.04,-0.05,0.55,7.24,-1.6,-1.61,0.0,-1.1,9.633,9.133,9.938,8.986,8.73,11.09,11.67,10.99,-0.0,-0.001,-0.0,0.0,0.05,,,40.8
68.6,0.6,0.0,-0.04,-0.36,0.24,7.11,-2.53,-0.09,0.0,-1.1,9.025,9.849,9.437,10.487,9.61,9.22,11.09,14.13,-0.0,-0.001,-0.0,0.0,0.05,,,40.85
66.9,0.6,0.0,-0.03,-0.17,0.24,6.46,-1.39,1.42,0.0,-1.1,9.545,9.212,8.751,9.722,11.58,10.89,9.32,11.48,-0.0,-0.001,-0.0,0.0,0.05,,,40.9
64.8,0.5,0.0,-0.03,-0.27,0.23,5.84,0.54,-0.24,0.0,-1.1,9.369,10.713,8.083,7.652,9.81,10.99,11.87,8.44,-0.001,-0.002,0.0,0.0,0.04,,,40.95
63.2,0.6,0.0,-0.03,-0.32,-0.0,6.11,-1.02,-1.53,0.0,-1.1,9.143,10.732,8.319,8.309,11.67,9.71,12.26,11.09,-0.001,-0.002,0.001,0.0,0.04,,,41.0
62.2,0.5,0.0,-0.03,-0.47,-0.72,5.47,1.9,-1.83,0.0,-1.1,9.408,8.78,9.32,9.82,9.71,9.52,10.79,15.6,-0.001,-0.001,0.001,0.0,0.04,,,41.05
59.8,0.6,0.0,-0.03,0.02,1.36,5.49,0.17,-0.68,0.0,-1.1,7.681,10.301,9.702,10.163,9.12,8.44,11.77,11.28,-0.0,-0.001,-0.0,0.0,0.04,,,41.1
58.0,0.6,0.0,-0.03,-0.8,-0.97,5.46,-2.53,0.48,0.0,-1.1,10.791,9.329,9.113,8.603,11.28,9.91,13.73,6.28,-0.0,-0.001,-0.0,0.0,0.04,,,41.15
55.8,0.7,0.0,-0.03,-0.48,0.42,5.48,1.64,0.11,0.0,-1.1,8.309,11.644,7.279,9.006,9.52,10.3,9.91,11.48,-0.001,-0.001,0.001,0.0,0.04,,,41.2
54.6,0.7,0.0,-0.03,0.21,-0.14,4.66,0.07,-0.81,0.0,-1.1,12.773,7.191,8.221,9.928,11.09,8.24,10.2,13.05,-0.001,-0.001,0.001,0.0,0.04,,,41.25
52.3,0.8,0.0,-0.03,-0.04,0.45,4.69,0.41,0.29,0.0,-1.1,8.78,10.811,9.496,9.702,11.09,8.04,8.34,11.09,-0.001,-0.001,0.001,0.0,0.03,,,41.3
50.4,1.0,0.0,-0.02,-0.05,-0.27,4.61,2.39,-1.4,0.0,-1.1,8.388,9.977,8.633,9.741,9.32,9.91,12.36,15.79,-0.001,-0.001,0.0,0.0,0.03,,,41.35
48.5,1.1,0.0,-0.02,-0.67,-0.07,4.48,-0.16,-0.16,0.0,-1.1,10.104,9.692,9.202,8.78,8.14,10.4,11.38,12.65,-0.001,-0.001,-0.0,0.0,0.03,,,41.4
47.0,1.1,0.0,-0.02,-0.36,0.96,4.19,-2.55,1.31,0.0,-1.1,8.888,11.37,9.427,8.162,10.4,10.59,11.97,9.61,-0.001,-0.001,0.0,0.0,0.03,,,41.45
44.8,1.4,0.0,-0.02,0.48,-0.66,3.68,1.47,-0.27,0.0,-1.1,9.251,8.545,10.173,9.261,8.34,11.77,15.21,9.12,-0.001,-0.001,-0.0,0.0,0.03,,,41.5
43.3,1.6,0.0,-0.02,-1.06,0.3,4.07,-4.23,0.75,0.0,-1.1,4.052,14.46,8.731,8.113,10.1,10.2,11.38,12.26,-0.001,-0.001,-0.0,0.0,0.03,,,41.55
42.1,1.7,0.0,-0.02,-0.46,-0.43,4.36,-0.99,0.95,0.0,-1.1,8.319,8.849,9.447,8.162,8.73,10.99,11.67,8.73,-0.001,-0.001,-0.0,0.0,0.03,,,41.6
41.4,1.9,0.0,-0.02,0.03,0.37,3.4,-0.52,-0.42,0.0,-1.1,6.72,11.507,8.829,9.624,9.81,10.3,12.36,10.5,-0.001,-0.001,0.0,0.0,0.03,,,41.65
40.2,1.9,0.0,-0.02,-0.59,0.21,3.53,-1.17,-1.24,0.0,-1.1,11.743,7.897,8.751,8.388,11.58,9.52,12.85,11.58,-0.001,-0.001,0.0,0.0,0.02,,,41.7
38.7,1.9,0.0,-0.02,0.09,0.56,3.23,-0.5,0.52,0.0,-1.1,4.316,12.949,9.732,9.064,12.26,11.48,14.72,9.22,-0.001,-0.001,0.0,0.0,0.02,,,41.75
36.8,1.9,0.0,-0.02,-0.88,-0.35,3.33,-0.48,0.53,0.0,-1.1,9.879,9.28,9.31,9.055,10.3,7.85,8.53,11.48,-0.001,-0.002,0.0,0.0,0.02,,,41.8
35.6,1.8,0.0,-0.02,-0.0,0.04,3.42,0.9,-0.97,0.0,-1.1,10.251,8.613,9.584,10.183,10.1,8.34,11.09,9.71,-0.001,-0.002,0.0,0.0,0.02,,,41.85
33.9,1.2,0.0,-0.01,-0.51,-0.02,2.72,0.63,-1.6,0.0,-1.1,7.22,12.871,8.701,8.741,9.03,11.28,11.77,11.18,-0.001,-0.002,0.001,0.0,0.02,,,41.9
31.9,0.6,0.0,-0.01,-0.45,-0.22,2.48,-1.32,-1.23,0.0,-1.1,8.917,10.271,9.123,8.221,8.73,11.77,11.58,8.24,-0.0,-0.001,0.001,0.0,0.02,,,41.95
29.7,0.6,0.0,-0.01,-0.03,0.32,2.75,0.04,-1.76,0.0,-1.1,7.387,8.741,9.055,8.937,8.44,9.91,13.83,10.59,0.0,-0.001,0.001,0.0,0.02,,,42.0
28.7,0.6,0.0,-0.01,-0.3,-0.28,2.88,0.1,-0.5,0.0,-1.1,9.663,10.016,9.869,9.732,10.2,10.1,12.36,13.24,-0.0,-0.001,0.001,0.0,0.02,,,42.05
27.1,0.5,0.0,-0.01,-0.16,0.1,2.14,-1.14,0.6,0.0,-1.1,7.377,12.076,8.299,8.446,10.01,10.1,11.38,11.28,-0.001,-0.002,0.001,0.0,0.02,,,42.1
26.3,0.5,0.0,-0.01,-0.46,-0.62,2.34,-1.83,-0.45,0.0,-1.1,7.279,12.527,8.172,7.985,9.71,10.79,12.07,10.5,-0.001,-0.002,0.001,0.0,0.01,,,42.15
25.2,0.6,0.0,-0.01,0.16,-0.16,1.97,0.04,-1.48,0.0,-1.1,12.204,8.182,8.417,9.594,9.91,9.12,11.58,13.24,-0.001,-0.002,0.001,0.0,0.01,,,42.2
24.4,0.6,0.0,-0.01,-0.78,-0.68,2.29,0.25,-1.07,0.0,-1.1,9.604,9.231,9.81,10.418,10.1,9.91,10.99,10.59,-0.001,-0.002,0.001,0.0,0.02,,,42.25
23.2,0.7,0.0,-0.01,-0.24,-0.3,2.49,-0.81,0.46,0.0,-1.1,10.752,7.426,9.172,8.231,9.42,9.52,14.13,9.81,-0.0,-0.001,0.001,0.0,0.02,,,42.3
22.0,0.7,0.0,-0.01,-0.64,0.47,1.68,0.27,-0.15,0.0,-1.1,9.83,9.261,8.976,8.829,11.48,9.81,12.07,9.91,-0.0,-0.001,0.001,0.0,0.01,,,42.35
20.1,0.7,0.0,-0.01,-0.05,0.41,1.74,-1.54,-0.4,0.0,-1.1,7.24,11.586,9.084,9.094,8.93,9.42,10.01,12.65,-0.001,-0.002,0.001,0.0,0.01,,,42.4
17.9,0.9,0.0,-0.01,-0.4,-0.42,1.77,-1.02,-0.58,0.0,-1.1,10.32,9.467,9.153,9.781,8.93,10.3,12.07,11.09,-0.001,-0.002,0.001,0.0,0.01,,,42.45
14.5,1.2,0.0,-0.01,-0.05,0.11,1.49,-0.46,-0.9,0.0,-1.1,7.357,11.34,9.378,9.496,10.89,9.61,10.79,12.56,-0.001,-0.001,0.001,0.0,0.01,,,42.5
11.5,1.5,0.0,-0.01,-0.01,-0.87,0.93,0.68,-0.92,0.0,-1.1,11.684,8.25,7.75,9.378,10.5,9.81,11.87,13.73,-0.001,-0.001,0.001,0.0,0.01,,,42.55
7.8,1.8,0.0,-0.0,-0.07,-0.1,0.95,-1.16,0.23,0.0,-1.1,5.945,11.821,9.594,10.016,11.18,10.01,10.4,11.67,-0.0,-0.001,0.0,0.0,0.01,,,42.6
4.7,2.1,0.0,0.0,-0.2,-0.32,-0.22,-0.79,1.27,0.0,-1.1,9.339,9.888,8.093,8.093,10.2,10.79,10.69,11.77,-0.001,-0.001,0.001,0.0,-0.0,,,42.65
2.0,2.4,0.0,-0.0,-0.88,-0.67,0.05,0.82,0.79,0.0,-1.1,9.388,12.93,8.319,9.074,9.91,11.97,10.5,11.58,-0.001,-0.001,0.001,0.0,0.0,,,42.7
-0.2,2.4,0.0,-0.0,-0.28,-0.57,0.54,-1.29,-0.69,0.0,-1.1,8.034,12.096,8.917,8.378,8.44,11.97,11.77,11.28,-0.001,-0.001,0.001,0.0,0.0,,,42.75
-1.2,2.5,0.0,0.0,-1.1,-0.4,-0.11,-1.48,1.15,0.0,-1.1,6.945,11.772,8.142,7.259,8.14,12.07,12.46,10.99,-0.001,-0.001,0.001,0.0,-0.0,,,42.8
-1.5,2.7,0.0,0.0,-0.15,-0.79,-0.34,-0.51,-0.58,0.0,-1.1,7.779,11.497,9.035,9.604,8.53,11.18,11.18,10.69,-0.001,-0.001,0.001,0.0,-0.0,,,42.85
-1.6,2.7,0.0,0.0,-0.16,0.49,-0.04,-0.73,-0.23,0.0,-1.1,10.487,8.427,10.487,9.702,11.38,8.44,12.95,10.3,-0.001,-0.001,0.001,0.0,-0.0,,,42.9
-1.5,2.4,0.0,-0.0,-0.26,0.1,-0.01,0.76,0.58,0.0,-1.1,7.554,12.704,10.094,9.339,10.01,8.63,12.36,10.99,-0.001,-0.002,0.001,0.0,0.0,,,42.95
-1.8,1.1,0.0,0.0,-0.16,0.35,-0.21,-0.59,0.32,0.0,-1.1,11.458,8.77,8.682,8.701,11.87,9.03,11.77,10.2,-0.001,-0.002,0.001,0.0,-0.0,,,43.0
-1.8,0.7,0.0,0.0,-0.38,0.56,-0.13,0.1,-0.62,0.0,-1.1,10.212,10.281,8.594,8.839,11.97,7.95,10.89,12.16,-0.001,-0.002,0.001,0.0,-0.0,,,43.05
-2.2,0.7,0.0,0.0,-0.03,-0.34,-0.44,-0.07,-0.94,0.0,-1.1,10.909,8.78,9.221,9.339,10.89,8.83,12.16,12.07,-0.001,-0.001,0.001,0.0,-0.0,,,43.1
-3.0,0.6,0.0,0.0,-0.36,-0.06,-0.63,-0.98,-0.52,0.0,-1.1,8.339,9.496,9.427,9.673,10.1,9.22,10.59,12.36,-0.001,-0.001,0.001,0.0,-0.0,,,43.15
-4.2,0.6,0.0,0.0,0.09,0.21,-0.65,1.25,-0.36,0.0,-1.1,12.38,8.24,9.908,9.212,9.81,10.01,12.75,9.61,-0.001,-0.001,0.001,0.0,-0.0,,,43.2
-5.7,0.6,0.0,0.0,-0.36,-1.02,-0.49,1.2,-0.73,0.0,-1.1,13.567,8.868,8.446,9.535,11.18,8.53,10.5,12.65,-0.001,-0.001,0.001,0.0,-0.0,,,43.25
-7.3,0.7,0.0,0.0,0.54,0.38,-0.89,0.71,-0.93,0.0,-1.1,8.495,9.329,9.761,9.633,8.83,10.2,10.4,12.95,-0.001,-0.001,0.001,0.0,-0.0,,,43.3
-7.9,0.7,0.0,0.01,-0.97,-0.33,-1.14,-0.86,0.06,0.0,-1.1,11.36,9.545,8.613,8.505,10.5,9.42,10.3,10.1,-0.001,-0.001,0.001,0.0,-0.01,,,43.35
-8.1,0.7,0.0,0.01,-0.02,-0.15,-1.01,0.95,-0.37,0.0,-1.1,9.447,9.359,9.202,9.32,10.3,10.2,11.77,11.77,-0.001,-0.001,0.001,0.0,-0.01,,,43.4
-7.9,0.8,0.0,0.01,0.05,0.0,-1.05,-1.39,-0.49,0.0,-1.1,8.231,10.516,8.79,8.554,12.56,8.53,12.65,9.91,-0.001,-0.001,0.001,0.0,-0.01,,,43.45
-7.9,0.9,0.0,0.01,-0.05,-0.46,-0.82,0.12,-1.04,0.0,-1.1,8.515,13.999,9.035,9.388,9.03,11.87,9.91,12.26,-0.001,-0.003,0.001,0.0,-0.01,,,43.5
-7.2,1.1,0.0,0.0,-0.17,0.2,-0.29,-2.13,-2.63,0.0,-1.1,10.016,9.732,10.516,8.407,9.42,10.79,12.07,11.77,-0.001,-0.002,0.001,0.0,-0.0,,,43.55
-7.2,1.1,0.0,0.0,0.01,-0.94,-0.52,1.5,-1.62,0.0,-1.1,5.749,10.771,9.31,10.134,8.83,10.3,10.1,12.46,-0.001,-0.001,0.001,0.0,-0.0,,,43.6
-7.0,1.2,0.0,0.01,-0.49,0.18,-0.75,-1.65,0.15,0.0,-1.1,10.693,9.006,7.102,8.417,9.61,9.52,10.4,13.73,0.0,-0.0,0.001,0.0,-0.01,,,43.65
-6.7,1.3,0.0,0.01,0.51,-0.08,-0.96,1.73,-0.23,0.0,-1.1,14.95,5.66,9.3,10.173,10.69,10.01,11.09,11.87,-0.0,-0.001,0.001,0.0,-0.01,,,43.7
-6.1,1.4,0.0,0.0,0.3,0.39,-0.51,1.84,0.09,0.0,-1.1,13.479,7.868,9.673,9.81,10.69,10.01,13.24,11.97,-0.001,-0.001,0.001,0.0,-0.0,,,43.75
-5.6,1.5,0.0,0.0,0.05,-0.14,-0.11,2.09,-0.0,0.0,-1.1,14.068,10.163,10.291,9.879,11.18,10.4,12.75,12.56,-0.001,-0.001,0.001,0.0,-0.0,,,43.8
-5.2,1.5,0.0,0.0,-0.18,0.14,-0.5,0.33,0.24,0.0,-1.1,10.771,11.478,9.496,8.947,12.26,10.2,12.75,11.58,-0.001,-0.001,0.001,0.0,-0.01,,,43.85
-4.6,1.5,0.0,0.01,-0.38,-1.24,-1.06,0.67,0.81,0.0,-1.1,7.397,11.252,8.849,8.672,9.81,9.52,11.28,11.77,-0.001,-0.001,0.0,0.0,-0.01,,,43.9
-4.5,1.6,0.0,0.0,-0.14,0.57,-1.05,0.17,0.87,0.0,-1.1,8.594,8.24,8.407,9.378,10.4,8.93,10.79,12.26,-0.001,-0.001,0.0,0.0,-0.01,,,43.95
-4.5,1.5,0.0,0.0,0.15,0.48,-0.3,0.16,0.29,0.0,-1.1,10.879,7.367,9.928,9.565,9.91,9.12,10.89,10.69,-0.001,-0.0,0.0,0.0,-0.0,,,44.0
-4.3,0.7,0.0,0.0,0.06,0.48,-0.39,0.57,0.42,0.0,-1.1,13.185,8.682,10.359,9.977,10.69,9.32,10.5,10.79,-0.001,-0.0,0.0,0.0,-0.0,,,44.05
-4.1,0.5,0.0,0.0,0.17,0.19,-0.32,2.06,0.79,0.0,-1.1,14.607,7.642,9.741,9.496,11.18,10.5,11.87,11.87,-0.001,-0.001,0.0,0.0,-0.0,,,44.1
-3.8,0.5,0.0,0.0,0.37,0.25,-0.7,1.95,0.38,0.0,-1.1,13.548,8.466,9.398,10.595,11.77,9.03,10.69,11.38,-0.001,-0.001,0.0,0.0,-0.01,,,44.15
-3.8,0.5,0.0,0.0,0.34,0.04,-0.78,0.28,0.06,0.0,-1.1,9.212,9.849,9.938,9.82,10.01,10.5,10.89,13.24,-0.002,-0.001,0.0,0.0,-0.0,,,44.2
-3.4,0.5,0.0,0.0,-1.01,0.22,-0.87,-0.02,0.16,0.0,-1.1,11.821,9.3,8.711,8.8,10.69,9.22,10.99,14.62,-0.001,-0.001,0.0,0.0,-0.01,,,44.25
-3.4,0.6,0.0,0.0,-0.03,-0.17,-0.16,0.52,0.0,0.0,-1.1,10.408,8.79,9.908,9.594,10.5,10.1,11.38,10.2,-0.001,-0.001,-0.0,0.0,-0.0,,,44.3
-3.3,0.6,0.0,0.0,-0.41,0.01,-0.47,-1.28,0.55,0.0,-1.1,7.711,10.614,8.77,8.397,10.3,9.32,10.99,10.59,-0.001,-0.001,-0.0,0.0,-0.0,,,44.35
-3.1,0.7,0.0,0.0,0.04,0.07,-0.58,-2.56,-0.62,0.0,-1.1,8.957,9.575,8.966,9.329,8.14,10.69,13.05,11.67,-0.001,-0.0,-0.0,0.0,-0.0,,,44.4
-3.0,0.7,0.0,0.0,-0.53,0.27,-0.86,0.55,-0.15,0.0,-1.1,10.82,6.975,10.536,10.86,10.3,9.12,12.36,12.75,-0.001,-0.0,-0.001,0.0,-0.0,,,44.45
-3.0,0.8,0.0,0.0,-0.25,-0.36,-0.94,-1.39,3.68,0.0,-1.1,7.603,11.831,9.624,8.858,11.58,9.71,10.4,9.03,-0.001,-0.001,-0.002,0.0,-0.0,,,44.5
-2.7,1.0,0.0,0.0,-0.12,-0.24,-0.19,0.28,1.69,0.0,-1.1,10.369,10.82,8.76,6.641,9.52,11.48,10.99,10.3,-0.002,-0.001,0.0,0.0,-0.0,,,44.55
-2.4,1.2,0.0,0.0,-0.13,-0.43,-0.38,0.86,-0.67,0.0,-1.1,9.359,10.202,8.044,8.692,9.52,10.5,11.28,8.14,-0.001,-0.001,0.001,0.0,-0.0,,,44.6
-1.9,1.2,0.0,0.0,-0.41,0.13,-0.63,1.24,-1.45,0.0,-1.1,9.869,8.025,9.378,9.172,9.32,9.12,12.36,12.07,-0.001,-0.0,0.0,0.0,-0.01,,,44.65
-2.0,1.3,0.0,0.01,-0.68,-0.31,-1.09,0.13,1.13,0.0,-1.1,8.005,9.594,10.516,9.535,9.61,9.81,12.95,10.01,-0.0,-0.0,-0.0,0.0,-0.01,,,44.7
-1.8,1.4,0.0,0.0,-0.25,0.93,-0.73,-1.79,1.26,0.0,-1.1,7.838,10.595,9.575,8.172,10.99,9.71,12.16,9.91,-0.001,-0.001,-0.0,0.0,-0.01,,,44.75
-1.7,1.6,0.0,0.0,0.09,-0.29,0.23,-0.29,0.32,0.0,-1.1,9.486,11.213,8.917,8.878,11.09,10.69,11.67,11.38,-0.001,-0.001,0.0,0.0,-0.0,,,44.8
-1.1,1.8,0.0,0.0,-0.05,-0.85,-0.04,0.53,-1.01,0.0,-1.1,7.083,11.174,9.457,9.663,8.53,11.28,12.07,11.58,-0.001,-0.001,0.0,0.0,-0.0,,,44.85
-0.7,2.0,0.0,0.0,-0.74,-0.65,-0.84,-2.32,0.33,0.0,-1.1,5.857,12.243,9.369,8.603,10.69,10.99,10.4,10.1,-0.001,-0.001,0.0,0.0,-0.0,,,44.9
-0.4,2.0,0.0,0.0,-0.81,0.01,-0.49,2.74,0.18,0.0,-1.1,10.742,9.035,7.24,7.671,10.4,9.03,12.36,11.38,-0.001,-0.001,0.0,0.0,-0.0,,,44.95
-0.2,2.1,0.0,0.0,-0.9,-0.02,-0.44,0.63,0.66,0.0,-1.1,8.545,9.339,9.81,10.232,9.03,10.3,11.38,11.87,-0.001,-0.001,0.0,0.0,-0.0,,,45.0
0.4,2.1,0.0,0.0,-0.2,0.66,-0.17,-2.92,0.18,0.0,-1.1,7.77,9.996,10.153,9.349,9.42,10.79,11.77,10.4,-0.001,-0.001,0.0,0.0,-0.0,,,45.05
0.8,2.1,0.0,0.0,-0.2,0.08,-0.2,-0.66,-0.14,0.0,-1.1,6.367,10.556,10.33,8.937,9.32,10.99,12.65,8.73,-0.001,-0.001,-0.0,0.0,-0.0,,,45.1
1.5,2.1,0.0,0.0,-0.57,-0.8,-0.54,-1.29,0.4,0.0,-1.1,5.111,11.546,8.005,8.407,9.12,10.2,11.38,11.58,-0.001,-0.001,-0.0,0.0,-0.0,,,45.15
2.4,2.1,0.0,0.0,-0.82,-0.18,-0.09,-1.99,0.77,0.0,-1.1,8.25,11.576,7.956,7.456,11.38,8.53,10.5,11.77,-0.001,-0.001,0.0,0.0,-0.0,,,45.2
3.8,1.9,0.0,0.0,0.08,-0.55,0.17,1.62,-0.77,0.0,-1.1,9.624,8.26,9.31,9.526,8.14,10.4,12.36,12.16,-0.001,-0.001,0.0,0.0,-0.0,,,45.25
4.8,1.7,0.0,0.0,-0.68,0.43,-0.07,-3.03,0.9,0.0,-1.1,9.025,11.801,8.731,8.76,13.15,8.73,10.4,10.89,-0.001,-0.001,0.0,0.0,-0.0,,,45.3
5.6,1.7,0.0,-0.0,0.61,0.01,0.27,1.4,-0.81,0.0,-1.1,7.622,9.575,10.34,10.232,9.32,10.69,13.15,13.24,-0.001,-0.001,-0.0,0.0,0.0,,,45.35
6.2,1.7,0.0,-0.0,-0.42,-0.48,-0.42,0.92,0.14,0.0,-1.1,9.064,11.252,8.476,9.339,9.91,9.71,10.3,12.95,-0.001,-0.001,-0.0,0.0,0.0,,,45.4
7.2,1.7,0.0,-0.0,-0.18,-0.1,-0.02,0.51,-0.19,0.0,-1.1,11.85,8.446,8.486,9.015,9.42,10.59,10.69,9.52,-0.001,-0.001,-0.0,0.0,0.0,,,45.45
8.0,1.9,0.0,-0.0,-0.21,0.25,0.17,0.72,-0.23,0.0,-1.1,12.567,6.828,8.545,8.594,10.99,9.22,11.77,9.61,-0.001,-0.001,-0.0,0.0,0.0,,,45.5
8.9,2.0,0.0,-0.0,-0.67,0.07,0.47,-0.3,-0.09,0.0,-1.1,9.486,9.722,9.241,8.751,10.2,9.22,12.46,10.89,-0.001,-0.001,-0.0,0.0,0.0,,,45.55
9.7,2.1,0.0,-0.0,-0.22,0.03,0.56,-1.14,-0.43,0.0,-1.1,6.386,10.909,9.457,9.614,9.71,9.61,10.79,11.58,-0.001,-0.001,-0.0,0.0,0.0,,,45.6
11.6,2.2,0.0,-0.0,-0.17,0.37,0.44,-1.7,-1.04,0.0,-1.1,11.821,8.319,8.8,9.339,10.01,10.3,11.38,10.3,-0.001,-0.0,-0.0,0.0,0.0,,,45.65
13.7,2.4,0.0,-0.0,-0.43,-0.54,0.29,1.02,0.29,0.0,-1.1,7.701,11.174,9.32,8.476,10.4,8.93,10.5,10.99,-0.001,-0.0,-0.0,0.0,0.0,,,45.7
16.2,2.4,0.0,-0.0,-0.57,0.18,0.66,-1.06,-0.25,0.0,-1.1,11.125,8.545,8.025,8.858,10.69,8.73,10.3,12.07,-0.001,-0.0,-0.0,0.0,0.0,,,45.75
18.1,2.4,0.0,-0.01,-0.27,0.19,1.04,-0.34,-0.39,0.0,-1.1,11.635,8.162,9.987,9.712,12.07,9.42,10.99,9.61,-0.001,-0.0,-0.0,0.0,0.01,,,45.8
19.6,2.4,0.0,-0.01,-0.12,0.39,0.84,0.78,-0.27,0.0,-1.1,8.103,9.888,9.516,9.32,10.1,9.12,12.07,11.48,-0.001,-0.0,-0.0,0.0,0.01,,,45.85
21.0,2.5,0.0,-0.01,0.25,-0.06,1.03,0.89,-0.47,0.0,-1.1,6.014,11.703,9.575,10.036,8.63,11.67,11.38,12.36,-0.001,-0.0,-0.0,0.0,0.01,,,45.9
22.9,2.6,0.0,-0.01,-0.74,-0.06,0.94,-0.88,0.09,0.0,-1.1,12.223,9.938,7.848,8.819,9.91,10.1,10.1,12.36,-0.001,-0.0,-0.0,0.0,0.01,,,45.95
24.2,2.7,0.0,-0.01,0.97,0.39,0.86,3.15,-1.65,0.0,-1.1,15.215,6.092,8.78,10.879,8.93,11.18,11.87,13.34,-0.001,-0.001,-0.0,0.0,0.01,,,46.0
25.1,2.7,0.0,-0.01,0.42,0.32,1.31,1.05,-0.62,0.0,-1.1,7.397,9.82,10.762,9.741,9.42,11.28,12.46,10.1,-0.001,-0.001,-0.0,0.0,0.01,,,46.05
25.8,2.8,0.0,-0.01,-0.73,-0.17,1.47,-1.32,0.91,0.0,-1.1,5.543,10.801,9.221,8.437,9.12,11.28,12.07,10.1,-0.001,-0.001,-0.0,0.0,0.01,,,46.1
26.3,2.9,0.0,-0.01,-0.63,0.24,1.53,-1.85,0.59,0.0,-1.1,4.934,11.537,8.643,8.26,9.52,10.59,9.81,11.67,-0.001,-0.001,0.0,0.0,0.01,,,46.15
26.7,3.1,0.0,-0.01,-0.29,-0.15,1.51,-1.33,-0.02,0.0,-1.1,7.593,9.83,7.966,8.76,9.61,9.32,10.1,11.67,-0.001,-0.001,0.0,0.0,0.01,,,46.2
27.0,3.2,0.0,-0.01,-0.12,0.01,1.33,-1.89,-0.09,0.0,-1.1,10.006,10.418,10.094,9.516,8.83,10.01,12.46,10.69,-0.001,-0.001,0.0,0.0,0.01,,,46.25
26.8,3.1,0.0,-0.01,-0.47,-0.17,1.16,-0.22,-0.26,0.0,-1.1,7.299,9.261,9.045,8.289,9.81,9.42,11.58,10.5,-0.001,-0.001,0.0,0.0,0.01,,,46.3
26.9,3.1,0.0,-0.01,-0.23,0.13,1.33,1.31,0.75,0.0,-1.1,9.467,10.762,9.643,9.967,11.18,10.01,10.69,11.38,-0.001,-0.001,0.0,0.0,0.01,,,46.35
26.9,3.2,0.0,-0.01,0.11,0.69,1.47,0.74,0.26,0.0,-1.1,11.586,8.917,9.604,9.83,11.77,8.83,11.28,10.69,-0.001,-0.001,0.0,0.0,0.01,,,46.4
26.9,3.2,0.0,-0.01,-0.18,0.11,0.79,1.57,-0.48,0.0,-1.1,10.86,8.79,9.692,9.055,10.89,9.52,11.28,11.77,-0.001,-0.001,0.0,0.0,0.01,,,46.45
26.8,3.2,0.0,-0.01,-0.16,0.41,1.85,1.16,-0.64,0.0,-1.1,7.907,10.134,9.839,9.074,9.32,8.83,10.79,11.87,-0.001,-0.001,0.001,0.0,0.01,,,46.5
26.8,3.1,0.0,-0.01,-0.34,0.32,1.53,0.73,-0.19,0.0,-1.1,8.24,11.115,9.408,9.359,8.63,10.2,10.79,11.09,-0.0,-0.001,0.001,0.0,0.01,,,46.55
26.8,2.7,0.0,-0.01,-0.43,0.16,1.36,-3.0,1.37,0.0,-1.1,8.829,10.713,9.408,8.878,9.91,10.2,11.87,9.61,-0.0,-0.001,0.001,0.0,0.01,,,46.6
27.0,2.4,0.0,-0.01,-0.35,-0.69,1.11,0.95,0.46,0.0,-1.1,9.928,7.485,8.741,8.437,10.01,9.81,11.77,10.3,-0.0,-0.001,0.001,0.0,0.01,,,46.65
26.7,2.1,0.0,-0.01,0.08,0.43,1.92,-1.29,-0.0,0.0,-1.1,8.76,12.576,9.653,8.005,12.65,10.1,10.79,10.59,-0.001,-0.001,0.001,0.0,0.01,,,46.7
26.5,2.0,0.0,-0.01,-0.33,-1.01,1.42,1.25,-1.06,0.0,-1.1,10.487,8.427,9.957,8.868,7.55,11.77,12.95,10.59,-0.001,-0.001,0.001,0.0,0.01,,,46.75
26.0,1.9,0.0,-0.01,0.24,0.66,1.37,-0.7,-0.23,0.0,-1.1,9.084,11.792,10.134,9.015,11.67,8.44,11.58,11.77,-0.0,-0.001,0.001,0.0,0.01,,,46.8
25.5,1.8,0.0,-0.01,-0.19,-0.84,1.36,1.04,-0.87,0.0,-1.1,7.642,11.174,9.633,10.036,9.52,11.09,12.07,10.89,-0.0,-0.001,0.001,0.0,0.01,,,46.85
24.5,1.8,0.0,-0.01,-0.08,0.48,1.16,-0.69,-0.3,0.0,-1.1,10.094,8.289,8.564,8.348,10.1,9.22,10.89,10.5,0.0,-0.001,0.001,0.0,0.01,,,46.9
24.4,1.7,0.0,-0.01,0.12,-0.13,0.76,-0.72,-0.04,0.0,-1.1,9.987,9.614,7.318,9.614,11.77,7.85,9.12,10.2,0.0,-0.001,0.001,0.0,0.01,,,46.95
23.6,1.7,0.0,-0.01,-0.1,0.0,1.83,-1.48,0.01,0.0,-1.1,7.985,8.603,9.565,8.358,10.4,10.2,11.97,11.38,0.0,-0.001,0.002,0.0,0.01,,,47.0
23.3,1.7,0.0,-0.01,-0.24,0.02,1.36,-1.57,-0.3,0.0,-1.1,8.054,12.743,9.064,9.408,9.91,10.89,12.36,12.46,-0.0,-0.001,0.002,0.0,0.01,,,47.05
22.7,1.7,0.0,-0.01,0.11,-0.12,0.99,-0.65,-1.02,0.0,-1.1,9.908,9.869,10.467,9.378,9.71,10.3,12.75,11.38,-0.0,-0.001,0.002,0.0,0.01,,,47.1
22.4,1.7,0.0,-0.0,0.39,0.18,0.77,0.97,-1.2,0.0,-1.1,7.21,10.997,11.036,10.085,10.2,10.89,11.67,12.75,-0.0,-0.001,0.002,0.0,0.01,,,47.15
21.8,1.7,0.0,-0.01,0.38,0.46,0.72,-0.74,-0.71,0.0,-1.1,10.732,9.163,8.741,9.938,10.1,9.71,12.75,11.77,-0.0,-0.001,0.001,0.0,0.01,,,47.2
21.3,1.7,0.0,-0.01,0.59,-0.03,1.04,-0.39,0.22,0.0,-1.1,8.564,9.673,9.712,10.389,10.1,11.38,11.77,12.16,-0.0,-0.001,0.001,0.0,0.01,,,47.25
20.7,1.7,0.0,-0.01,0.79,-0.01,0.84,0.67,-0.37,0.0,-1.1,10.595,8.917,9.006,9.094,9.71,10.01,12.36,12.07,-0.0,-0.001,0.001,0.0,0.01,,,47.3
20.5,1.7,0.0,-0.01,0.52,0.92,0.96,0.69,-0.63,0.0,-1.1,11.713,7.681,9.682,9.143,10.2,8.93,12.85,10.69,-0.0,-0.001,0.001,0.0,0.01,,,47.35
19.9,1.8,0.0,-0.01,0.3,-0.13,1.09,-0.61,-0.31,0.0,-1.1,6.671,11.174,8.849,9.535,11.18,8.63,11.38,9.61,-0.0,-0.001,0.001,0.0,0.01,,,47.4
20.1,1.8,0.0,-0.01,0.35,-0.35,1.27,-0.65,-0.77,0.0,-1.1,9.898,9.722,10.183,9.28,9.12,9.91,10.99,10.69,0.0,-0.001,0.001,0.0,0.01,,,47.45
19.9,1.8,0.0,-0.01,0.83,0.18,0.98,0.28,-0.78,0.0,-1.1,10.536,8.25,8.741,10.144,10.5,9.81,11.38,10.69,0.0,-0.001,0.001,0.0,0.01,,,47.5
19.8,1.9,0.0,-0.01,0.35,-0.17,1.0,-0.31,-0.3,0.0,-1.1,10.301,11.017,9.633,8.103,10.3,10.69,12.46,12.65,-0.0,-0.001,0.001,0.0,0.01,,,47.55
19.4,1.9,0.0,-0.0,-0.06,-0.42,1.04,-0.68,-0.54,0.0,-1.1,7.053,11.772,9.182,8.28,9.32,11.38,13.83,9.32,-0.0,-0.001,0.001,0.0,0.01,,,47.6
19.6,2.0,0.0,-0.01,0.17,-0.15,1.0,-1.25,-0.19,0.0,-1.1,5.023,9.79,8.966,8.545,8.44,11.18,12.46,9.42,-0.0,-0.001,0.001,0.0,0.01,,,47.65
19.5,2.1,0.0,-0.01,0.2,-0.31,1.07,-1.31,-1.13,0.0,-1.1,7.838,8.025,8.966,9.673,9.32,10.01,12.07,13.05,0.0,-0.001,0.001,0.0,0.01,,,47.7
19.7,2.2,0.0,-0.01,0.97,0.86,0.91,-0.47,-0.65,0.0,-1.1,12.292,6.533,8.701,8.741,10.79,8.53,11.38,11.28,0.0,-0.001,0.002,0.0,0.01,,,47.75
19.5,2.1,0.0,-0.01,0.97,0.04,1.21,0.96,-0.36,0.0,-1.1,12.106,8.976,8.505,8.643,10.01,10.3,10.3,11.77,0.0,-0.001,0.002,0.0,0.01,,,47.8
19.6,2.0,0.0,-0.01,0.22,-0.55,1.27,0.07,0.13,0.0,-1.1,11.497,10.546,9.526,8.927,10.89,10.2,11.48,10.69,0.0,-0.001,0.001,0.0,0.01,,,47.85
19.1,2.0,0.0,-0.01,0.36,-0.21,1.02,-1.28,0.64,0.0,-1.1,6.17,11.007,10.055,9.221,10.2,10.59,14.42,12.85,-0.0,-0.001,0.001,0.0,0.01,,,47.9
19.2,2.1,0.0,-0.0,0.38,-0.12,0.64,-0.05,-0.14,0.0,-1.1,7.112,9.732,8.77,9.702,10.2,10.59,11.58,12.56,-0.0,-0.001,0.001,0.0,0.01,,,47.95
19.1,2.2,0.0,-0.0,0.83,0.21,0.56,-1.66,-0.65,0.0,-1.1,10.791,7.083,7.985,8.672,10.1,9.42,10.69,9.12,-0.0,-0.001,0.001,0.0,0.01,,,48.0
18.8,2.2,0.0,-0.0,0.85,0.41,0.66,0.37,-1.23,0.0,-1.1,11.566,7.956,8.329,8.201,10.79,8.34,10.2,11.87,-0.0,-0.001,0.001,0.0,0.01,,,48.05
18.7,2.1,0.0,-0.01,0.12,-0.62,1.34,0.72,-0.8,0.0,-1.1,10.928,9.349,9.133,8.721,10.5,10.3,11.48,12.75,-0.0,-0.0,0.001,0.0,0.01,,,48.1
18.6,2.1,0.0,-0.01,0.76,0.91,0.94,-1.67,-0.22,0.0,-1.1,7.102,9.408,11.105,10.457,9.71,9.12,12.56,9.42,-0.001,-0.0,0.001,0.0,0.01,,,48.15
18.3,2.1,0.0,-0.01,0.24,-0.81,1.35,0.99,-0.12,0.0,-1.1,8.947,10.83,7.789,7.701,9.81,10.01,10.4,11.38,-0.0,-0.0,0.001,0.0,0.01,,,48.2
18.5,2.1,0.0,-0.01,0.49,0.04,0.91,0.24,0.13,0.0,-1.1,6.936,11.007,9.29,9.643,10.3,10.5,11.38,10.59,-0.0,-0.0,0.001,0.0,0.01,,,48.25
18.5,2.1,0.0,-0.01,0.51,0.55,1.09,-0.57,-0.9,0.0,-1.1,13.126,9.133,8.741,9.3,11.38,9.22,12.36,11.09,-0.001,-0.001,0.001,0.0,0.01,,,48.3
18.6,2.1,0.0,-0.01,0.64,-0.65,1.02,-0.29,-1.64,0.0,-1.1,11.566,8.24,8.397,10.585,9.81,9.81,11.87,11.38,-0.001,-0.001,0.001,0.0,0.01,,,48.35
18.5,2.1,0.0,-0.01,0.84,-0.28,0.98,-0.71,-2.11,0.0,-1.1,7.809,9.771,10.526,11.164,10.89,10.1,11.18,12.95,-0.0,-0.001,0.001,0.0,0.01,,,48.4
18.7,2.1,0.0,-0.0,0.86,1.13,0.88,-0.24,-0.87,0.0,-1.1,10.094,7.838,10.448,8.976,9.22,10.5,12.85,11.87,-0.0,-0.0,0.001,0.0,0.01,,,48.45
18.3,2.1,0.0,-0.01,0.04,-1.02,1.4,-1.86,-0.05,0.0,-1.1,7.024,11.252,9.947,8.77,9.91,10.4,10.5,12.75,0.0,-0.0,0.001,0.0,0.01,,,48.5
18.3,2.1,0.0,-0.01,0.57,0.02,1.58,-2.03,0.55,0.0,-1.1,7.505,9.692,9.584,8.054,9.22,11.38,11.77,10.5,-0.0,-0.001,0.001,0.0,0.01,,,48.55
18.3,2.1,0.0,-0.01,0.26,-0.22,1.2,-0.47,-0.21,0.0,-1.1,10.683,9.732,9.172,8.26,10.5,9.32,12.16,11.38,-0.0,-0.001,0.001,0.0,0.01,,,48.6
18.6,2.1,0.0,-0.01,0.92,0.43,1.27,1.24,-2.48,0.0,-1.1,11.958,8.299,12.076,9.996,11.38,8.34,13.34,8.73,-0.0,-0.001,0.001,0.0,0.01,,,48.65
18.5,2.1,0.0,-0.01,0.53,-0.08,0.88,0.23,-1.87,0.0,-1.1,8.417,10.065,7.142,8.329,10.3,8.53,12.07,11.09,-0.0,-0.001,0.001,0.0,0.01,,,48.7
18.7,2.1,0.0,-0.01,0.32,-0.47,1.27,-2.06,-0.56,0.0,-1.1,7.779,10.663,10.526,9.957,10.59,12.16,11.58,11.48,-0.0,-0.001,0.001,0.0,0.01,,,48.75
18.2,2.1,0.0,-0.01,0.55,0.61,0.99,0.6,-1.25,0.0,-1.1,10.516,9.947,8.701,10.055,11.18,9.22,10.4,12.16,-0.0,-0.001,0.001,0.0,0.01,,,48.8
18.6,2.1,0.0,-0.01,0.75,-0.51,1.72,-0.35,-1.64,0.0,-1.1,8.162,7.534,8.594,9.31,10.5,10.4,11.28,13.34,0.0,-0.001,0.001,0.0,0.01,,,48.85
19.4,2.1,0.0,-0.01,1.11,0.72,1.45,0.31,0.03,0.0,-1.1,8.907,6.7,9.28,9.359,8.53,3.83,12.56,10.5,0.001,0.0,0.001,0.0,0.01,,,48.9
19.8,1.9,0.0,-0.01,-0.24,-1.33,1.3,2.14,2.43,0.0,-1.1,9.172,11.37,8.898,8.348,12.75,9.81,11.18,11.18,0.0,-0.001,0.001,0.0,0.01,,,48.95
20.1,1.9,0.0,-0.01,0.43,0.28,1.45,-1.42,0.86,0.0,-1.1,7.917,12.527,9.83,8.858,11.09,13.83,12.07,9.52,-0.002,-0.003,0.001,0.0,0.01,,,49.0
20.6,1.7,0.0,-0.01,0.2,-0.19,2.08,1.74,-2.49,0.0,-1.1,10.889,12.194,9.359,9.015,9.52,13.73,11.38,12.16,-0.002,-0.004,0.001,0.0,0.02,,,49.05
20.7,1.5,0.0,-0.01,0.06,1.16,2.32,-2.45,-4.35,0.0,-1.1,12.155,7.73,11.105,9.388,11.67,8.63,13.54,12.95,-0.001,-0.003,0.001,0.0,0.02,,,49.1
21.4,1.2,0.0,-0.01,-0.2,0.0,1.74,-1.06,-2.68,0.0,-1.1,5.915,9.526,9.781,10.35,10.4,7.95,11.67,11.09,-0.0,-0.002,0.001,0.0,0.01,,,49.15
22.0,0.9,0.0,-0.01,-0.45,-0.85,1.43,-1.89,-1.12,0.0,-1.1,8.005,8.652,8.162,7.809,8.44,11.18,10.5,10.89,-0.0,-0.001,0.002,0.0,0.01,,,49.2
22.2,0.7,0.0,-0.01,0.06,0.12,1.6,-1.37,-1.53,0.0,-1.1,10.987,9.437,8.819,9.074,14.03,9.32,9.42,13.73,-0.0,-0.001,0.003,0.0,0.01,,,49.25
22.0,0.6,0.0,-0.01,-0.24,-0.58,2.12,0.45,-2.56,0.0,-1.1,8.319,9.977,9.055,8.564,10.1,11.28,10.69,12.75,-0.001,-0.001,0.002,0.0,0.02,,,49.3
22.3,0.6,0.0,-0.01,-0.32,0.37,1.31,1.38,-2.3,0.0,-1.1,9.633,7.603,10.075,10.153,9.71,9.81,11.58,12.46,-0.001,-0.001,0.002,0.0,0.01,,,49.35
22.0,0.6,0.0,-0.01,-0.2,-0.19,1.47,-0.52,-0.36,0.0,-1.1,8.77,8.858,10.124,11.036,9.81,11.28,10.69,9.32,-0.001,-0.001,0.0,0.0,0.01,,,49.4
21.8,0.6,0.0,-0.01,-0.17,0.32,1.28,-3.05,-0.43,0.0,-1.1,6.092,12.263,8.711,7.416,9.52,9.81,10.69,9.42,-0.001,-0.002,0.001,0.0,0.01,,,49.45
22.3,0.6,0.0,-0.01,-0.65,-0.11,1.72,0.29,-2.9,0.0,-1.1,13.145,7.171,7.299,7.691,9.32,8.83,11.09,13.05,-0.001,-0.001,0.002,0.0,0.01,,,49.5
23.6,0.6,0.0,-0.01,-0.43,0.06,1.57,-0.33,-2.03,0.0,-1.1,9.918,9.604,9.398,9.918,10.89,9.81,11.09,11.48,-0.001,-0.001,0.001,0.0,0.01,,,49.55
24.7,0.6,0.0,-0.01,-0.1,0.23,1.34,-2.78,-2.07,0.0,-1.1,10.791,7.514,10.644,10.094,10.79,10.79,13.44,10.1,-0.001,-0.001,0.001,0.0,0.01,,,49.6
25.9,0.6,0.0,-0.01,-0.34,0.14,1.39,0.63,-1.08,0.0,-1.1,11.389,8.996,9.133,7.711,10.99,8.53,11.09,9.81,-0.001,-0.001,0.001,0.0,0.01,,,49.65
26.3,0.6,0.0,-0.01,-0.06,-0.48,1.98,0.83,-2.25,0.0,-1.1,11.576,7.299,8.26,7.897,9.71,9.61,11.97,5.59,-0.001,-0.001,0.001,0.0,0.01,,,49.7
26.4,0.6,0.0,-0.02,0.19,0.63,3.14,2.54,-4.27,0.0,-1.1,8.182,9.977,9.025,9.339,10.01,9.91,12.36,26.0,-0.001,-0.001,0.003,0.0,0.02,,,49.75
26.5,0.6,0.0,-0.01,-0.64,-0.99,1.98,-0.11,-1.94,0.0,-1.1,9.339,8.937,12.106,12.076,8.93,9.71,11.67,11.38,-0.0,-0.001,-0.001,0.0,0.01,,,49.8
26.4,0.6,0.0,-0.01,-0.89,1.11,1.23,-2.78,2.4,0.0,-1.1,9.378,10.516,10.556,10.271,10.89,10.4,10.99,9.61,-0.001,-0.002,-0.001,0.0,0.01,,,49.85
25.6,0.7,0.0,-0.01,0.01,0.7,1.52,-2.21,2.03,0.0,-1.1,12.675,8.142,9.28,8.466,13.15,8.63,10.4,8.73,-0.001,-0.002,-0.0,0.0,0.01,,,49.9
24.9,0.7,0.0,-0.01,0.35,-0.53,2.75,-1.8,-0.57,0.0,-1.1,7.407,11.115,8.79,8.584,11.28,8.14,11.67,12.36,-0.002,-0.002,0.001,0.0,0.02,,,49.95
24.5,0.7,0.0,-0.01,-0.64,-0.68,2.02,0.2,-1.61,0.0,-1.1,8.976,9.467,7.603,6.867,9.12,9.22,11.48,12.26,-0.002,-0.001,0.002,0.0,0.02,,,50.0
25.1,0.7,0.0,-0.01,0.05,-0.94,1.32,2.35,-1.85,0.0,-1.1,9.928,7.259,9.329,9.996,10.79,8.93,9.12,15.21,-0.001,-0.001,0.002,0.0,0.01,,,50.05
25.3,0.7,0.0,-0.01,0.06,0.4,0.9,0.62,0.54,0.0,-1.1,10.83,7.524,9.516,10.987,11.77,9.42,12.46,11.48,-0.001,-0.001,0.001,0.0,0.01,,,50.1
25.3,0.7,0.0,-0.01,-0.53,0.73,1.27,0.85,1.24,0.0,-1.1,12.449,8.76,8.672,8.172,12.16,7.26,10.89,10.79,-0.001,-0.002,0.001,0.0,0.01,,,50.15
25.5,0.7,0.0,-0.01,-0.13,0.34,2.24,2.44,-0.94,0.0,-1.1,10.055,9.996,6.779,8.937,9.61,8.93,9.52,11.18,-0.001,-0.002,0.001,0.0,0.02,,,50.2
26.2,0.7,0.0,-0.01,-0.53,-0.21,1.95,-1.74,-2.06,0.0,-1.1,11.772,6.72,9.202,9.702,9.32,8.93,11.87,11.28,-0.001,-0.001,0.001,0.0,0.01,,,50.25
26.5,0.8,0.0,-0.01,0.05,0.67,1.43,-1.33,-0.88,0.0,-1.1,9.349,7.112,10.536,10.183,9.61,9.22,12.16,10.99,-0.001,-0.001,0.001,0.0,0.01,,,50.3
27.2,0.8,0.0,-0.01,-0.64,-0.18,0.76,-1.13,1.18,0.0,-1.1,12.655,7.436,8.221,8.907,10.99,8.63,10.99,12.36,-0.001,-0.001,0.001,0.0,0.01,,,50.35
28.8,0.8,0.0,-0.01,-0.0,0.14,1.54,-0.14,-0.02,0.0,-1.1,11.762,8.437,9.261,8.76,11.38,10.01,11.87,10.69,-0.001,-0.001,0.001,0.0,0.01,,,50.4
31.3,0.7,0.0,-0.01,0.0,-0.4,2.5,1.28,-1.0,0.0,-1.1,8.417,11.752,9.565,9.771,10.2,11.58,12.16,10.99,-0.002,-0.002,0.001,0.0,0.02,,,50.45
34.5,0.7,0.0,-0.01,0.03,0.2,2.67,0.41,-1.22,0.0,-1.1,12.233,8.505,8.427,8.888,8.44,9.42,11.67,13.73,-0.001,-0.002,0.001,0.0,0.02,,,50.5
38.2,0.7,0.0,-0.01,-0.38,0.08,1.85,0.1,-0.13,0.0,-1.1,10.036,8.319,9.378,9.839,10.4,10.5,9.81,9.32,-0.001,-0.001,0.001,0.0,0.01,,,50.55
41.9,0.7,0.0,-0.01,0.03,0.51,2.08,-0.2,0.07,0.0,-1.1,10.261,6.916,8.633,8.289,9.32,9.61,13.24,10.1,-0.0,-0.001,0.001,0.0,0.01,,,50.6
45.4,0.6,0.0,-0.01,-0.64,0.11,2.45,-0.77,-0.41,0.0,-1.1,10.948,8.603,8.191,7.691,11.48,9.81,11.58,9.03,-0.0,-0.001,0.001,0.0,0.02,,,50.65
48.3,0.7,0.0,-0.02,-0.43,0.22,3.5,-1.11,-1.01,0.0,-1.1,7.956,10.075,10.32,9.516,10.1,9.22,11.67,12.16,-0.001,-0.001,0.001,0.0,0.02,,,50.7
51.6,0.6,0.0,-0.02,-0.15,-0.27,3.35,-1.5,-0.4,0.0,-1.1,10.104,8.986,9.996,10.183,9.22,10.69,12.16,10.99,-0.001,-0.001,0.001,0.0,0.02,,,50.75
55.5,0.7,0.0,-0.02,-0.58,0.03,3.03,0.3,0.53,0.0,-1.1,7.73,11.939,10.085,8.348,9.42,11.48,12.95,10.01,-0.001,-0.001,0.001,0.0,0.02,,,50.8
59.0,0.7,0.0,-0.02,-0.17,-0.39,2.94,-0.83,0.12,0.0,-1.1,8.299,11.448,9.633,8.839,9.03,11.77,14.03,8.93,-0.001,-0.001,0.001,0.0,0.02,,,50.85
62.2,0.7,0.0,-0.02,-0.09,0.46,3.56,-0.03,0.23,0.0,-1.1,9.908,9.555,8.819,8.682,9.91,9.32,12.75,7.95,-0.001,-0.001,0.001,0.0,0.03,,,50.9
65.4,0.7,0.0,-0.02,-0.36,0.14,4.82,1.24,1.05,0.0,-1.1,9.781,7.936,9.329,8.446,9.52,10.1,13.05,9.71,-0.001,-0.001,0.001,0.0,0.03,,,50.95
69.3,0.8,0.0,-0.02,-0.35,0.19,4.84,-0.08,2.05,0.0,-1.1,7.259,11.144,9.624,9.025,11.38,9.42,11.38,10.99,-0.0,-0.001,0.001,0.0,0.03,,,51.0
73.7,0.7,0.0,-0.02,-0.15,0.09,4.16,-0.81,1.1,0.0,-1.1,9.8,10.026,8.407,8.093,10.1,9.42,11.38,9.42,-0.001,-0.001,0.001,0.0,0.03,,,51.05
78.2,0.9,0.0,-0.02,0.17,1.1,4.0,-1.47,0.56,0.0,-1.1,10.144,8.554,9.957,8.731,11.58,6.08,12.95,11.48,-0.001,-0.001,0.001,0.0,0.03,,,51.1
84.1,1.1,0.0,-0.02,-0.4,-0.18,4.39,2.0,1.66,0.0,-1.1,7.809,10.173,10.261,9.781,11.48,8.44,10.99,11.09,-0.001,-0.0,-0.001,0.0,0.03,,,51.15
88.5,1.7,0.0,-0.03,0.36,0.22,5.36,-0.15,1.91,0.0,-1.1,6.69,12.135,9.172,10.271,11.38,9.71,10.1,13.34,-0.001,-0.001,-0.001,0.0,0.04,,,51.2
91.7,2.1,0.0,-0.03,0.0,0.06,5.72,-0.82,2.05,0.0,-1.1,9.408,10.938,8.819,8.466,12.16,8.73,9.81,11.28,-0.001,-0.001,-0.001,0.0,0.04,,,51.25
94.4,2.7,0.0,-0.03,0.38,0.49,5.87,2.24,0.53,0.0,-1.1,7.956,11.085,8.123,9.015,10.69,7.95,8.83,12.56,-0.001,-0.001,-0.0,0.0,0.04,,,51.3
97.9,3.1,0.0,-0.03,-0.28,-0.38,5.38,2.46,0.93,0.0,-1.1,10.889,8.064,8.701,9.231,9.71,8.83,10.99,12.07,-0.001,-0.0,-0.001,0.0,0.04,,,51.35
98.7,3.3,0.0,-0.03,0.43,-0.38,5.03,2.14,2.24,0.0,-1.1,5.523,9.447,10.379,11.095,8.34,10.3,11.58,11.48,-0.001,-0.0,-0.001,0.0,0.04,,,51.4
99.0,3.3,0.0,-0.03,-1.4,0.71,5.0,-2.41,4.16,0.0,-1.1,11.949,8.947,7.014,7.946,11.77,8.24,10.4,12.36,-0.001,-0.0,-0.001,0.0,0.04,,,51.45
98.7,3.4,0.0,-0.03,1.0,0.74,5.83,0.3,3.57,0.0,-1.1,6.592,11.095,10.487,11.537,8.53,11.38,11.58,9.91,-0.001,-0.001,-0.002,0.0,0.04,,,51.5
98.9,3.4,0.0,-0.03,-0.18,-0.31,6.19,-1.39,3.47,0.0,-1.1,9.79,9.339,7.357,8.388,9.61,10.99,11.58,12.65,-0.002,-0.001,-0.001,0.0,0.04,,,51.55
99.3,3.3,0.0,-0.03,-0.57,-0.31,5.51,-4.95,3.17,0.0,-1.1,3.62,14.195,9.467,8.074,10.1,11.87,10.99,9.81,-0.002,-0.001,-0.001,0.0,0.04,,,51.6
99.7,1.6,0.0,-0.03,-0.66,-0.8,5.58,1.7,0.36,0.0,-1.1,14.087,5.984,7.397,8.495,10.4,10.1,12.46,12.07,-0.002,-0.001,-0.0,0.0,0.04,,,51.65
99.8,0.9,0.0,-0.03,-0.67,-0.03,5.05,-0.26,2.18,0.0,-1.1,7.622,12.576,9.682,9.947,11.58,9.32,11.09,10.5,-0.001,-0.001,-0.001,0.0,0.04,,,51.7
100.1,0.7,0.0,-0.03,-0.25,0.61,5.39,1.07,1.54,0.0,-1.1,13.695,5.857,9.712,8.829,9.32,9.42,14.62,11.48,-0.001,-0.0,-0.001,0.0,0.04,,,51.75
99.5,0.7,0.0,-0.03,0.18,0.31,5.71,0.25,3.15,0.0,-1.1,5.356,11.311,10.173,9.653,9.12,10.69,11.09,8.24,-0.001,-0.0,-0.001,0.0,0.04,,,51.8
99.8,0.7,0.0,-0.03,-0.24,-0.47,5.64,0.8,1.88,0.0,-1.1,9.241,10.546,7.318,8.044,9.32,10.79,11.09,10.69,-0.001,-0.0,-0.001,0.0,0.04,,,51.85
99.7,0.7,0.0,-0.03,-0.25,0.34,5.17,0.24,1.28,0.0,-1.1,11.183,9.839,9.339,9.761,10.4,10.3,10.79,9.12,-0.002,-0.001,-0.001,0.0,0.04,,,51.9
100.2,0.7,0.0,-0.03,-0.5,0.07,5.07,0.2,1.74,0.0,-1.1,9.839,10.085,8.947,8.741,10.01,9.71,12.56,10.1,-0.002,-0.001,-0.001,0.0,0.04,,,51.95
100.5,0.7,0.0,-0.03,-0.28,0.08,5.6,-0.47,1.4,0.0,-1.1,6.828,11.517,9.584,9.614,9.71,9.71,11.28,12.75,-0.001,-0.001,-0.001,0.0,0.04,,,52.0
102.0,0.6,0.0,-0.03,-0.31,0.19,6.02,-1.1,1.86,0.0,-1.1,6.818,11.772,9.692,8.927,9.12,9.61,10.59,11.58,-0.001,-0.001,-0.001,0.0,0.04,,,52.05
103.7,0.7,0.0,-0.03,-0.14,0.15,5.91,0.27,1.21,0.0,-1.1,10.183,10.605,8.329,8.515,10.59,10.3,10.59,11.48,-0.001,-0.001,-0.0,0.0,0.04,,,52.1
106.8,0.6,0.0,-0.03,-0.01,-0.22,5.54,0.11,0.46,0.0,-1.1,10.919,9.153,8.554,8.957,10.59,9.71,11.18,11.28,-0.001,-0.001,-0.0,0.0,0.04,,,52.15
109.8,0.7,0.0,-0.03,-0.5,-0.02,5.0,-0.58,0.13,0.0,-1.1,10.909,7.554,8.898,8.957,9.61,9.42,11.09,11.28,-0.001,-0.001,-0.0,0.0,0.04,,,52.2
113.1,0.7,0.0,-0.03,-0.68,0.1,5.79,0.79,0.9,0.0,-1.1,7.936,10.242,9.437,9.349,10.1,9.22,10.69,9.81,-0.001,-0.001,-0.001,0.0,0.04,,,52.25
115.6,1.0,0.0,-0.03,-0.15,0.3,5.8,1.13,0.0,0.0,-1.1,12.478,7.034,7.868,8.554,10.01,10.01,10.5,9.61,-0.001,-0.001,-0.0,0.0,0.04,,,52.3
116.8,1.2,0.0,-0.03,0.18,0.51,6.7,1.29,-0.52,0.0,-1.1,4.915,12.714,10.624,9.692,9.91,10.89,10.5,10.4,-0.001,-0.001,0.0,0.0,0.05,,,52.35
117.6,1.2,0.0,-0.03,-0.73,-0.21,5.93,0.03,-0.11,0.0,-1.1,12.841,6.867,9.045,9.839,8.04,9.71,13.24,10.5,-0.001,-0.001,-0.001,0.0,0.04,,,52.4
118.4,1.4,0.0,-0.03,-0.15,1.09,5.77,-0.17,2.1,0.0,-1.1,9.349,10.153,9.633,8.741,11.97,9.52,9.03,7.16,-0.001,-0.001,-0.001,0.0,0.04,,,52.45
118.9,1.5,0.0,-0.03,0.16,0.13,5.7,0.64,-0.24,0.0,-1.1,14.077,6.632,7.848,8.545,10.79,8.93,12.95,12.36,-0.001,-0.001,0.001,0.0,0.04,,,52.5
119.7,1.5,0.0,-0.03,0.14,0.14,6.08,-0.25,-0.33,0.0,-1.1,7.063,10.83,9.947,8.888,11.77,8.83,10.3,12.46,-0.001,-0.001,0.001,0.0,0.04,,,52.55
120.5,1.5,0.0,-0.04,0.36,0.22,6.57,2.08,-1.47,0.0,-1.1,9.918,8.672,8.358,8.113,9.03,8.83,11.38,14.22,-0.001,-0.001,0.001,0.0,0.05,,,52.6
121.1,1.4,0.0,-0.03,-0.04,-0.1,6.14,0.87,-0.4,0.0,-1.1,5.651,12.115,10.948,10.762,10.3,10.79,10.79,9.32,-0.001,-0.002,0.001,0.0,0.04,,,52.65
121.2,1.4,0.0,-0.03,-1.17,0.57,5.81,0.02,0.49,0.0,-1.1,10.742,10.242,7.044,6.769,10.69,7.95,10.79,11.77,-0.0,-0.002,0.001,0.0,0.04,,,52.7
121.6,1.4,0.0,-0.03,0.67,-0.06,5.58,1.93,-1.04,0.0,-1.1,6.386,11.321,9.349,9.781,9.81,10.4,10.5,11.38,-0.0,-0.002,0.002,0.0,0.04,,,52.75
121.9,1.4,0.0,-0.03,-0.89,0.58,5.45,-3.36,-1.18,0.0,-1.1,12.547,7.573,6.789,8.535,10.2,8.14,10.59,13.64,-0.0,-0.002,0.001,0.0,0.04,,,52.8
122.6,1.4,0.0,-0.03,0.31,1.0,5.84,-1.32,-1.05,0.0,-1.1,9.3,9.241,10.33,11.213,11.58,9.22,10.79,9.32,-0.0,-0.001,0.001,0.0,0.04,,,52.85
122.7,1.3,0.0,-0.03,0.24,-0.12,5.98,-0.57,-0.91,0.0,-1.1,11.458,7.652,8.437,8.937,10.59,9.22,12.07,13.54,-0.001,-0.001,0.001,0.0,0.04,,,52.9
123.1,1.3,0.0,-0.03,-0.72,-0.28,6.12,-0.7,-0.65,0.0,-1.1,11.752,8.633,8.662,8.751,10.3,9.81,11.28,11.87,-0.001,-0.001,0.001,0.0,0.04,,,52.95
123.4,1.3,0.0,-0.03,-0.23,-0.07,5.96,0.09,-0.41,0.0,-1.1,12.537,6.563,9.506,9.692,10.1,10.59,10.79,9.12,-0.001,-0.001,0.001,0.0,0.04,,,53.0
123.8,1.3,0.0,-0.03,-0.48,0.21,6.05,0.48,-0.18,0.0,-1.1,7.711,11.036,10.075,8.78,10.5,9.12,12.36,11.09,-0.001,-0.001,0.001,0.0,0.04,,,53.05
124.1,1.3,0.0,-0.03,-0.21,0.19,6.1,0.11,-0.51,0.0,-1.1,8.652,10.516,9.427,8.927,8.63,11.58,12.16,10.4,-0.001,-0.001,0.001,0.0,0.04,,,53.1
124.3,1.4,0.0,-0.03,-0.39,0.47,5.84,-0.95,0.07,0.0,-1.1,8.858,9.83,9.692,9.418,8.93,10.59,11.38,10.99,-0.001,-0.001,0.001,0.0,0.04,,,53.15
125.3,1.6,0.0,-0.03,-0.5,0.0,6.47,-0.91,0.2,0.0,-1.1,8.594,10.968,9.143,8.093,9.42,10.59,13.05,9.91,-0.001,-0.001,0.001,0.0,0.04,,,53.2
128.1,1.7,0.0,-0.03,-0.29,0.05,6.3,-1.32,0.32,0.0,-1.1,9.133,10.418,9.702,8.849,9.32,11.09,13.34,10.1,-0.001,-0.001,0.001,0.0,0.04,,,53.25
132.4,2.0,0.0,-0.03,-0.32,-0.28,6.14,1.23,-0.65,0.0,-1.1,10.173,9.467,8.397,9.074,8.83,11.28,11.87,10.4,-0.001,-0.001,0.001,0.0,0.04,,,53.3
137.0,2.1,0.0,-0.03,-0.2,0.29,6.45,-1.52,-1.05,0.0,-1.1,6.014,12.89,8.898,8.78,9.52,10.5,12.36,11.77,-0.001,-0.001,0.001,0.0,0.04,,,53.35
141.0,2.4,0.0,-0.03,0.01,-0.37,6.33,-0.52,-1.26,0.0,-1.1,8.603,10.713,8.976,9.378,8.04,11.87,10.89,11.67,-0.001,-0.001,0.001,0.0,0.05,,,53.4
143.7,2.8,0.0,-0.04,-0.19,1.01,6.75,-1.45,-0.59,0.0,-1.1,11.164,8.26,8.662,8.966,9.22,11.38,11.09,10.4,-0.001,-0.001,0.0,0.0,0.05,,,53.45
145.2,3.3,0.0,-0.04,0.12,0.5,6.88,-1.07,-0.99,0.0,-1.1,8.721,10.477,9.781,9.28,11.18,8.53,11.77,11.38,-0.001,-0.001,0.0,0.0,0.05,,,53.5
147.1,3.6,0.0,-0.04,-0.06,-0.14,7.13,-0.84,0.3,0.0,-1.1,10.801,8.574,9.153,8.8,10.59,8.73,10.89,12.16,-0.001,-0.001,0.0,0.0,0.05,,,53.55
150.1,4.0,0.0,-0.04,0.42,0.42,6.55,2.24,-0.69,0.0,-1.1,12.478,7.004,7.887,10.673,11.77,8.93,8.04,12.95,-0.001,-0.001,0.0,0.0,0.05,,,53.6
154.2,4.1,0.0,-0.04,-0.61,-0.22,6.59,0.56,-0.67,0.0,-1.1,14.538,6.661,8.152,9.751,12.85,7.85,9.91,13.05,-0.001,-0.001,0.0,0.0,0.05,,,53.65
158.0,4.3,0.0,-0.04,0.44,1.58,7.04,1.03,-1.09,0.0,-1.1,8.525,9.359,9.526,10.036,10.4,10.59,10.69,11.87,-0.001,-0.001,0.0,0.0,0.05,,,53.7
162.9,4.5,0.0,-0.04,-0.42,-0.27,7.24,0.14,-0.41,0.0,-1.1,12.419,7.917,8.329,9.31,9.42,10.79,11.48,12.75,-0.001,-0.001,0.0,0.0,0.05,,,53.75
167.2,4.8,0.0,-0.04,-0.63,0.05,7.73,0.98,0.58,0.0,-1.1,7.917,10.85,9.427,8.594,9.03,9.91,11.77,9.71,-0.0,-0.001,0.0,0.0,0.06,,,53.8
171.6,4.9,0.0,-0.04,-0.22,1.01,8.01,-0.07,0.09,0.0,-1.1,12.733,6.72,8.044,8.809,10.59,8.73,10.99,10.01,-0.0,-0.001,0.0,0.0,0.06,,,53.85
176.1,5.0,0.0,-0.04,0.48,0.35,8.05,-2.62,0.37,0.0,-1.1,4.218,11.448,11.88,10.036,10.4,11.18,11.97,9.61,-0.0,-0.001,0.0,0.0,0.06,,,53.9
180.1,5.0,0.0,-0.04,-1.34,0.48,8.21,-0.84,0.15,0.0,-1.1,14.293,7.259,7.446,7.397,10.79,7.75,10.79,12.65,-0.001,-0.001,0.0,0.0,0.06,,,53.95
183.6,5.0,0.0,-0.05,0.01,0.34,8.97,0.91,-0.18,0.0,-1.1,10.35,10.369,9.83,9.908,11.67,9.12,11.18,10.1,-0.001,-0.001,0.0,0.0,0.06,,,54.0
186.9,5.0,0.0,-0.05,0.16,0.26,8.79,-0.07,-0.87,0.0,-1.1,15.833,5.033,9.221,9.447,9.61,7.95,13.93,14.03,-0.001,-0.001,0.0,0.0,0.06,,,54.05
189.7,5.0,0.0,-0.05,-0.13,1.02,8.27,-1.45,0.5,0.0,-1.1,4.228,13.136,11.272,10.202,11.58,10.3,10.1,9.91,-0.001,-0.001,0.0,0.0,0.06,,,54.1
192.1,5.0,0.0,-0.05,-0.68,0.02,8.94,0.8,0.12,0.0,-1.1,7.926,9.967,8.397,7.485,7.36,9.61,11.67,12.85,-0.0,-0.001,0.0,0.0,0.06,,,54.15
193.7,5.0,0.0,-0.05,-0.74,0.44,8.88,-3.37,0.76,0.0,-1.1,7.201,13.606,8.456,8.662,12.56,8.83,8.24,9.03,-0.0,-0.001,0.0,0.0,0.06,,,54.2
195.2,5.0,0.0,-0.05,0.64,0.43,9.23,2.32,-1.4,0.0,-1.1,14.99,5.356,8.937,10.624,9.22,9.61,13.83,13.24,-0.001,-0.001,0.0,0.0,0.07,,,54.25
195.9,5.0,0.0,-0.05,0.32,0.28,8.87,0.12,0.28,0.0,-1.1,9.28,7.995,10.31,10.448,12.07,9.42,10.99,10.1,-0.001,-0.001,0.0,0.0,0.06,,,54.3
196.7,5.1,0.0,-0.05,-0.41,0.64,8.88,-0.01,-0.82,0.0,-1.1,12.007,7.338,9.398,9.241,10.5,9.81,12.26,9.81,-0.001,-0.001,0.0,0.0,0.06,,,54.35
197.0,5.0,0.0,-0.05,-0.67,0.2,8.89,-0.38,-0.13,0.0,-1.1,9.369,10.055,10.251,9.055,11.09,9.61,10.69,11.67,-0.0,-0.001,0.0,0.0,0.06,,,54.4
198.5,5.0,0.0,-0.05,-0.17,0.12,9.01,1.91,-0.71,0.0,-1.1,7.279,10.477,9.104,9.31,10.2,9.91,10.5,10.89,-0.0,-0.001,0.0,0.0,0.06,,,54.45
199.5,5.0,0.0,-0.05,-0.4,0.56,9.48,-1.12,0.4,0.0,-1.1,7.132,11.193,9.123,9.427,9.22,10.1,10.89,13.24,-0.0,-0.001,0.0,0.0,0.06,,,54.5
200.9,4.9,0.0,-0.05,-0.05,0.44,9.01,-0.22,0.54,0.0,-1.1,10.526,10.055,8.662,9.908,9.81,9.22,10.4,12.95,-0.0,-0.001,0.0,0.0,0.06,,,54.55
201.7,4.5,0.0,-0.05,-0.01,-0.21,8.89,0.01,-0.08,0.0,-1.1,6.671,12.38,8.515,10.222,10.1,10.59,8.14,10.89,-0.0,-0.001,0.0,0.0,0.07,,,54.6
202.6,3.8,0.0,-0.05,0.12,-0.61,9.46,-0.22,-1.12,0.0,-1.1,6.504,10.84,8.358,9.113,9.03,11.38,12.36,12.56,-0.001,-0.001,0.0,0.0,0.06,,,54.65
203.3,3.5,0.0,-0.05,-0.17,0.16,8.84,-1.35,0.03,0.0,-1.1,9.113,8.289,8.986,8.692,10.1,9.22,11.09,11.09,-0.001,-0.001,0.0,0.0,0.06,,,54.7
203.6,3.3,0.0,-0.05,-0.41,0.21,8.82,-0.45,0.54,0.0,-1.1,9.947,10.801,8.672,8.466,9.71,10.89,12.07,13.24,-0.001,-0.001,-0.0,0.0,0.06,,,54.75
203.8,3.3,0.0,-0.05,0.94,0.52,9.67,-0.85,-0.67,0.0,-1.1,7.926,10.811,8.731,10.202,9.32,12.07,10.79,11.09,-0.001,-0.001,-0.0,0.0,0.07,,,54.8
204.4,3.1,0.0,-0.05,-0.27,0.77,9.39,-1.85,-0.76,0.0,-1.1,9.751,10.202,10.546,8.525,11.18,9.61,12.65,11.67,-0.001,-0.001,-0.0,0.0,0.07,,,54.85
205.5,3.0,0.0,-0.05,0.52,0.68,9.36,2.07,-0.88,0.0,-1.1,9.575,9.261,9.349,10.556,9.42,10.99,10.69,11.77,-0.001,-0.001,-0.0,0.0,0.07,,,54.9
206.4,2.9,0.0,-0.05,0.3,0.52,9.73,-1.93,-0.43,0.0,-1.1,9.663,9.015,10.026,8.76,11.09,8.14,11.67,12.16,-0.001,-0.001,-0.0,0.0,0.07,,,54.95
206.7,2.9,0.0,-0.05,0.18,1.13,9.71,1.56,-0.17,0.0,-1.1,10.291,8.76,7.387,10.085,9.91,9.61,11.09,11.38,-0.001,-0.001,-0.0,0.0,0.07,,,55.0
207.1,2.8,0.0,-0.05,0.56,-0.71,10.02,0.78,-0.2,0.0,-1.1,8.005,8.751,9.751,10.153,10.01,10.59,11.87,11.28,-0.001,-0.001,-0.0,0.0,0.07,,,55.05
207.5,2.8,0.0,-0.06,-0.38,0.43,10.1,-0.38,-0.26,0.0,-1.1,10.271,11.085,9.526,8.917,9.71,10.01,10.69,12.26,-0.0,-0.001,-0.0,0.0,0.07,,,55.1
208.4,2.7,0.0,-0.06,0.52,0.73,10.36,2.46,-1.78,0.0,-1.1,7.877,9.575,10.094,9.908,9.81,10.5,11.09,9.12,-0.0,-0.001,-0.0,0.0,0.07,,,55.15
209.0,2.7,0.0,-0.06,1.16,0.58,11.43,0.01,-0.86,0.0,-1.1,10.389,9.879,8.917,10.016,9.42,9.12,11.38,11.09,0.0,-0.001,-0.0,0.0,0.08,,,55.2
209.8,2.6,0.0,-0.06,0.64,0.73,11.0,-0.77,0.41,0.0,-1.1,7.25,12.91,9.104,8.535,10.01,10.4,11.28,11.87,0.0,-0.001,-0.0,0.0,0.08,,,55.25
210.7,2.6,0.0,-0.06,1.34,-0.0,11.2,0.34,-0.5,0.0,-1.1,6.671,11.448,8.809,8.8,9.61,10.79,10.79,11.58,0.0,-0.001,-0.0,0.0,0.08,,,55.3
211.8,2.6,0.0,-0.06,1.51,1.14,11.59,-1.26,-0.51,0.0,-1.1,8.917,10.026,9.32,9.339,11.97,8.24,10.2,12.07,0.0,-0.001,-0.001,0.0,0.08,,,55.35
212.7,2.7,0.0,-0.06,1.22,0.83,11.72,1.2,-0.95,0.0,-1.1,11.546,6.475,9.908,9.535,9.81,10.1,11.58,11.28,0.0,-0.0,-0.001,0.0,0.08,,,55.4
214.4,2.7,0.0,-0.07,1.15,0.73,12.7,-3.45,-0.26,0.0,-1.1,5.494,12.056,9.673,9.28,10.3,9.81,11.87,10.79,-0.0,-0.0,-0.001,0.0,0.09,,,55.45
216.5,2.8,0.0,-0.07,0.81,0.21,13.01,2.32,-0.66,0.0,-1.1,8.829,7.357,9.526,8.643,9.52,9.52,12.07,12.46,-0.0,-0.0,-0.002,0.0,0.09,,,55.5
218.9,2.9,0.0,-0.07,1.08,0.98,13.89,-0.06,-0.4,0.0,-1.1,11.026,8.721,9.094,9.172,10.79,8.04,10.79,11.58,0.0,-0.0,-0.002,0.0,0.1,,,55.55
220.8,3.0,0.0,-0.08,1.24,-0.45,14.28,0.38,-0.7,0.0,-1.1,8.554,8.652,9.957,10.565,9.81,10.5,12.75,13.05,0.0,-0.0,-0.002,0.0,0.1,,,55.6
221.8,3.0,0.0,-0.08,1.14,1.7,14.7,-1.39,-0.53,0.0,-1.1,7.985,9.535,10.222,9.987,9.22,10.79,11.58,12.26,0.0,-0.0,-0.002,0.0,0.1,,,55.65
222.6,3.2,0.0,-0.08,1.2,0.57,15.39,0.26,-0.42,0.0,-1.1,10.889,8.182,10.448,8.8,9.61,9.71,12.65,11.09,0.0,-0.0,-0.002,0.0,0.11,,,55.7
223.4,3.2,0.0,-0.09,1.53,1.54,15.72,1.95,-0.97,0.0,-1.1,10.987,6.318,10.242,9.898,10.59,9.81,12.07,12.07,0.0,-0.0,-0.002,0.0,0.11,,,55.75
223.4,3.2,0.0,-0.09,1.0,0.17,16.32,0.67,-0.69,0.0,-1.1,10.144,7.181,7.299,7.789,11.67,10.5,9.32,9.71,0.0,-0.0,-0.002,0.0,0.12,,,55.8
223.5,3.1,0.0,-0.09,1.11,1.42,15.84,0.96,-1.12,0.0,-1.1,8.633,9.771,7.446,8.044,9.81,10.79,8.83,10.99,0.0,-0.0,-0.002,0.0,0.11,,,55.85
223.4,2.9,0.0,-0.09,1.1,1.36,16.66,-0.14,-1.28,0.0,-1.1,7.907,10.85,7.269,8.574,8.93,10.2,8.63,10.3,0.001,-0.0,-0.002,0.0,0.12,,,55.9
223.5,2.8,0.0,-0.09,2.01,2.11,17.33,-0.84,-0.91,0.0,-1.1,8.623,9.987,6.318,8.525,9.61,10.4,10.1,12.95,0.001,-0.0,-0.002,0.0,0.12,,,55.95
223.5,2.8,0.0,-0.1,1.59,1.57,18.46,-0.67,-0.32,0.0,-1.1,8.309,8.427,13.136,9.692,10.99,10.1,11.58,13.83,0.001,-0.0,-0.002,0.0,0.13,,,56.0
223.7,2.7,0.0,-0.1,2.12,0.41,19.16,0.26,-0.54,0.0,-1.1,8.682,9.329,8.407,8.966,9.61,8.93,8.73,10.2,0.001,-0.001,-0.002,0.0,0.14,,,56.05
224.1,2.7,0.0,-0.11,3.48,1.74,19.57,-0.61,-1.11,0.0,-1.1,10.085,9.231,8.329,10.232,9.71,9.91,10.79,13.83,0.002,-0.0,-0.002,0.0,0.14,,,56.1
224.6,2.7,0.0,-0.1,2.81,2.41,18.61,-1.19,-1.01,0.0,-1.1,8.78,10.909,9.849,9.839,7.65,12.46,12.46,12.75,0.002,0.0,-0.002,0.0,0.13,,,56.15
224.9,2.7,0.0,-0.11,1.97,3.24,20.1,-0.96,-1.17,0.0,-1.1,6.945,9.712,10.722,9.673,9.61,11.67,12.07,12.56,0.003,0.0,-0.003,0.0,0.14,,,56.2
224.3,2.7,0.0,-0.12,0.14,2.76,22.26,0.88,-0.67,0.0,-1.1,8.044,5.297,9.27,7.593,9.91,9.12,11.87,8.63,0.003,-0.0,-0.002,0.0,0.16,,,56.25
223.7,2.8,0.0,-0.13,1.23,0.12,23.62,3.12,0.44,0.0,-1.1,8.034,7.662,10.987,11.036,10.2,7.95,13.34,9.12,0.003,-0.001,-0.002,0.0,0.17,,,56.3
223.1,2.7,0.0,-0.13,3.2,-0.74,23.49,-0.94,0.85,0.0,-1.1,8.584,11.036,8.309,10.84,10.2,12.56,9.52,13.44,0.003,-0.001,-0.002,0.0,0.17,,,56.35
221.6,2.7,0.0,-0.13,4.23,3.85,23.15,-1.32,0.68,0.0,-1.1,8.466,10.251,8.711,9.261,8.53,11.87,7.95,13.34,0.003,-0.001,-0.002,0.0,0.17,,,56.4
221.1,2.7,0.0,-0.13,3.36,3.9,24.02,-3.72,0.67,0.0,-1.1,8.456,9.555,12.204,11.085,9.52,11.18,7.95,13.83,0.002,-0.001,-0.002,0.0,0.17,,,56.45
217.9,2.7,0.0,-0.14,2.91,3.88,25.65,-0.15,-1.5,0.0,-1.1,8.584,8.898,12.184,10.183,11.18,9.61,10.99,10.99,0.002,-0.001,-0.003,0.0,0.18,,,56.5
214.0,2.7,0.0,-0.14,1.73,1.63,25.14,-1.01,-1.94,0.0,-1.1,8.368,9.633,10.477,10.418,10.99,9.03,13.05,8.83,0.002,-0.001,-0.003,0.0,0.18,,,56.55
207.8,2.7,0.0,-0.14,1.86,1.06,25.14,1.29,-0.79,0.0,-1.1,8.24,8.849,10.212,10.879,10.99,11.18,13.73,12.46,0.003,-0.0,-0.004,0.0,0.18,,,56.6
197.5,2.6,0.0,-0.14,2.61,1.49,25.58,-2.32,0.99,0.0,-1.1,5.925,10.31,9.241,10.408,9.32,10.69,10.89,9.22,0.003,-0.0,-0.004,0.0,0.18,,,56.65
186.9,2.4,0.0,-0.14,2.12,3.09,25.05,0.54,0.45,0.0,-1.1,10.34,8.8,6.406,6.857,8.04,11.97,10.99,14.32,0.002,0.001,-0.003,0.0,0.18,,,56.7
175.1,2.3,0.0,-0.13,2.23,-0.24,24.2,0.86,-0.74,0.0,-1.1,10.418,8.937,8.231,9.113,8.73,9.32,10.1,13.73,0.002,0.0,-0.003,0.0,0.17,,,56.75
164.1,2.2,0.0,-0.12,1.48,3.09,22.93,-0.87,-1.46,0.0,-1.1,9.643,7.426,10.516,10.085,9.12,8.44,11.09,11.97,0.002,0.0,-0.003,0.0,0.16,,,56.8
153.8,2.2,0.0,-0.12,2.66,1.78,21.77,-0.1,-0.62,0.0,-1.1,8.878,10.624,7.367,8.446,8.53,12.26,10.99,7.65,0.002,-0.0,-0.003,0.0,0.15,,,56.85
145.5,2.2,0.0,-0.11,0.99,2.43,20.65,-0.42,-2.13,0.0,-1.1,7.779,9.516,10.546,9.81,9.71,8.83,12.16,9.32,0.002,-0.0,-0.003,0.0,0.15,,,56.9
137.3,2.1,0.0,-0.11,1.36,1.3,20.29,-0.42,-0.14,0.0,-1.1,7.22,10.575,9.486,8.417,8.93,10.89,12.65,8.63,0.002,-0.0,-0.003,0.0,0.14,,,56.95
129.6,2.2,0.0,-0.1,1.51,1.52,18.83,0.29,-0.93,0.0,-1.1,7.603,10.418,8.211,9.849,8.63,10.2,10.3,13.15,0.002,-0.0,-0.003,0.0,0.13,,,57.0
121.5,2.2,0.0,-0.1,1.49,1.7,17.62,-2.05,0.01,0.0,-1.1,9.074,7.917,8.8,8.594,11.09,9.81,11.87,7.65,0.002,-0.0,-0.003,0.0,0.13,,,57.05
114.3,2.2,0.0,-0.1,0.92,1.66,17.73,2.14,0.99,0.0,-1.1,7.348,9.163,9.035,8.8,9.61,11.58,10.2,10.4,0.002,0.0,-0.002,0.0,0.13,,,57.1
108.7,2.2,0.0,-0.1,1.11,0.7,17.55,-0.44,0.72,0.0,-1.1,11.37,7.416,7.564,9.692,10.01,8.73,10.99,11.77,0.002,-0.001,-0.002,0.0,0.13,,,57.15
105.3,2.2,0.0,-0.09,1.15,2.22,16.42,-2.56,0.06,0.0,-1.1,9.27,9.555,9.212,9.526,12.26,6.67,11.28,9.52,0.001,-0.001,-0.002,0.0,0.11,,,57.2
102.1,2.2,0.0,-0.08,0.71,0.77,15.54,4.04,0.94,0.0,-1.1,9.741,10.232,9.359,9.849,7.75,12.26,11.97,10.89,0.001,-0.001,-0.002,0.0,0.11,,,57.25
97.8,2.4,0.0,-0.08,0.78,1.19,15.39,0.26,0.72,0.0,-1.1,8.662,11.242,8.819,9.182,9.22,12.16,9.42,13.73,0.001,-0.002,-0.002,0.0,0.11,,,57.3
92.5,2.4,0.0,-0.08,0.39,1.16,15.3,-3.51,-0.14,0.0,-1.1,7.093,10.212,8.701,9.3,8.63,9.22,10.2,10.99,0.001,-0.001,-0.002,0.0,0.11,,,57.35
88.3,2.4,0.0,-0.08,0.52,1.59,14.59,0.05,-0.53,0.0,-1.1,10.33,9.133,7.23,8.574,10.89,8.14,12.07,12.85,0.001,-0.001,-0.002,0.0,0.1,,,57.4
84.6,2.4,0.0,-0.07,1.48,1.12,13.95,0.41,-0.97,0.0,-1.1,7.701,11.537,9.182,9.045,7.95,8.04,7.95,9.81,0.001,-0.001,-0.002,0.0,0.1,,,57.45
82.3,2.5,0.0,-0.07,0.91,0.69,13.4,-1.19,-1.49,0.0,-1.1,9.094,9.437,8.152,9.113,7.85,9.81,12.16,11.38,0.001,-0.001,-0.002,0.0,0.09,,,57.5
79.7,2.6,0.0,-0.07,1.06,1.85,13.15,-0.79,-0.24,0.0,-1.1,8.623,8.231,10.124,10.35,11.87,8.73,10.5,11.09,0.002,-0.001,-0.001,0.0,0.09,,,57.55
76.5,2.6,0.0,-0.07,0.45,1.09,13.48,1.19,0.05,0.0,-1.1,7.21,10.114,8.839,9.202,6.28,10.1,12.07,8.73,0.001,-0.001,-0.002,0.0,0.1,,,57.6
73.8,2.7,0.0,-0.07,1.63,0.73,12.7,0.53,-0.49,0.0,-1.1,9.957,11.075,7.848,8.603,8.24,8.83,9.42,12.46,0.001,-0.001,-0.001,0.0,0.09,,,57.65
70.5,2.8,0.0,-0.06,1.47,1.35,11.39,-1.33,-1.53,0.0,-1.1,10.036,7.73,9.928,10.86,8.73,11.97,11.58,7.75,0.001,-0.001,-0.003,0.0,0.08,,,57.7
66.6,2.9,0.0,-0.06,0.11,1.74,11.99,-1.18,-0.49,0.0,-1.1,9.104,9.094,9.359,9.025,12.56,9.91,13.34,8.93,0.001,-0.001,-0.002,0.0,0.09,,,57.75
63.7,3.2,0.0,-0.06,1.87,1.18,12.04,-0.06,0.27,0.0,-1.1,8.898,10.84,9.879,9.27,11.18,10.79,12.36,9.22,0.001,-0.001,-0.002,0.0,0.08,,,57.8
61.7,3.3,0.0,-0.05,2.66,0.74,10.09,-1.56,-0.42,0.0,-1.1,7.308,11.546,10.713,9.761,10.4,10.4,10.01,9.32,0.001,-0.001,-0.002,0.0,0.07,,,57.85
57.3,3.3,0.0,-0.05,0.72,0.95,9.91,-2.15,0.56,0.0,-1.1,8.25,8.211,9.064,8.662,10.3,10.3,10.5,11.38,0.001,-0.001,-0.001,0.0,0.07,,,57.9
52.7,3.5,0.0,-0.06,1.78,0.29,10.55,-0.01,-0.7,0.0,-1.1,14.146,8.289,5.837,7.073,11.67,6.77,8.34,11.28,0.001,-0.002,-0.001,0.0,0.08,-80.3060108,26.9207033,57.95
50.0,3.6,0.0,6.35,2.38,0.6,9.65,0.65,-3.36,0.0,-1.15,10.428,7.24,9.153,9.928,10.89,9.91,8.44,11.18,0.001,-0.001,-0.001,0.3,0.03,-80.3060105,26.9207044,58.0
46.6,3.7,0.0,6.39,0.32,1.42,8.44,-0.24,-0.25,0.03,-1.3,7.191,5.994,11.87,11.105,10.89,8.73,11.77,10.2,0.002,-0.0,-0.001,0.27,0.03,-80.3060099,26.9207073,58.05
43.4,3.9,0.0,6.41,1.07,1.19,8.43,0.44,0.77,0.0,-1.27,7.946,9.908,7.495,8.025,12.36,14.13,10.1,9.61,0.002,0.001,-0.001,0.35,0.04,-80.3060093,26.9207101,58.1
41.0,4.0,0.0,6.63,3.76,0.36,6.67,1.43,0.16,0.03,-1.22,6.877,10.536,9.781,9.32,11.87,12.07,8.04,12.95,0.002,0.0,-0.001,0.25,0.03,-80.3060087,26.9207131,58.15
36.6,4.1,0.0,6.71,1.08,1.14,7.16,-2.45,0.1,-0.03,-0.96,7.201,9.604,9.172,9.614,8.73,7.55,10.1,13.83,0.001,-0.0,-0.002,0.25,0.03,-80.3060081,26.9207161,58.2
33.5,4.1,0.0,6.78,1.56,0.57,6.96,-0.75,0.31,-0.18,-0.39,9.172,12.243,8.211,10.016,11.38,8.04,9.42,11.77,0.0,-0.001,-0.002,0.26,0.03,-80.3060075,26.9207191,58.25
31.1,4.1,0.0,6.91,2.06,0.64,5.63,-0.12,-1.26,-0.25,-0.22,7.465,11.291,10.899,10.85,12.07,8.63,11.67,7.46,-0.0,-0.0,-0.003,0.28,0.03,-80.3060069,26.9207222,58.3
27.9,4.1,0.0,7.03,2.81,0.19,4.85,2.42,-0.45,-0.14,-0.29,9.702,11.017,8.692,11.458,11.18,10.99,8.14,15.79,0.001,-0.0,-0.004,0.2,0.02,-80.3060064,26.9207254,58.35
24.7,4.1,0.0,7.14,2.31,-0.01,4.71,-1.53,0.02,-0.2,-0.31,8.388,9.231,9.349,7.583,9.42,11.28,16.97,9.61,0.001,0.001,-0.003,0.03,0.0,-80.3060058,26.9207286,58.4
22.2,4.1,0.0,7.26,1.7,0.58,4.17,0.83,0.6,-0.18,-0.25,9.977,8.937,7.995,6.985,8.34,8.63,11.38,17.27,0.002,0.001,-0.001,0.18,0.02,-80.3060053,26.9207319,58.45
19.9,4.1,0.0,7.39,1.85,1.44,4.5,0.74,-1.11,-0.03,-0.26,9.741,8.319,9.467,9.938,8.34,10.89,18.34,12.36,0.002,0.001,-0.001,-0.07,-0.01,-80.3060047,26.9207352,58.5
16.9,4.1,0.0,7.51,2.3,0.81,3.78,-1.2,-0.08,-0.06,-0.25,9.565,8.78,10.33,8.672,10.99,11.18,10.99,9.81,0.002,0.001,-0.002,-0.18,-0.02,-80.3060042,26.9207386,58.55
14.8,4.1,0.0,7.67,3.33,-0.19,2.92,2.32,0.48,0.08,-0.17,8.034,9.064,8.849,9.143,12.75,10.99,9.52,11.87,0.001,-0.0,-0.002,-0.29,-0.04,-80.3060036,26.920742,58.6
14.1,4.1,0.0,7.8,2.37,-0.74,2.42,-0.7,0.36,0.14,-0.13,11.321,8.093,7.564,7.966,12.07,4.71,8.24,12.75,0.0,-0.001,-0.003,-0.45,-0.06,-80.306003,26.9207455,58.65
12.4,4.1,0.0,7.94,3.04,0.28,1.98,0.54,-0.79,0.18,-0.18,11.664,6.465,7.77,9.231,11.97,1.37,17.95,8.04,0.001,-0.001,-0.003,-0.32,-0.04,-80.3060025,26.9207491,58.7
10.5,4.1,0.0,8.09,2.94,0.93,1.92,-1.4,-1.51,0.06,-0.31,8.77,9.457,10.232,9.555,8.24,7.46,11.87,12.16,0.001,0.0,-0.002,-0.11,-0.02,-80.3060019,26.9207527,58.75
9.7,4.1,0.0,8.22,2.22,-0.34,1.83,0.16,-1.75,0.24,-0.38,7.21,9.29,10.369,9.064,9.12,14.91,12.36,8.93,0.002,0.001,-0.002,-0.46,-0.07,-80.3060014,26.9207564,58.8
9.5,4.0,0.0,8.36,3.14,0.37,1.27,-2.35,-1.81,0.18,-0.47,9.977,9.035,9.447,8.966,13.83,9.81,12.36,10.79,0.002,0.001,-0.001,-0.55,-0.08,-80.3060008,26.9207602,58.85
8.9,4.0,0.0,8.5,3.0,0.89,1.21,-0.45,-0.67,0.29,-0.51,6.033,7.053,12.321,9.565,7.95,8.44,10.79,12.75,0.002,0.001,-0.002,-0.51,-0.08,-80.3060002,26.9207639,58.9
8.1,4.0,0.0,8.59,1.84,0.89,1.52,-0.17,2.05,0.45,-0.53,9.947,7.838,9.888,10.31,15.21,6.87,15.3,7.16,0.002,0.001,-0.003,-0.74,-0.11,-80.3059996,26.9207678,58.95
6.2,3.9,0.0,8.68,2.32,-0.11,2.21,1.1,3.04,0.49,-0.28,8.957,11.095,8.142,8.064,14.13,7.55,10.2,5.49,0.001,-0.001,-0.003,-1.03,-0.16,-80.3059991,26.9207717,59.0
6.5,3.7,0.0,8.85,2.92,-0.29,0.55,0.87,0.14,0.49,-0.17,10.722,8.054,6.926,8.574,10.79,6.08,9.42,11.97,0.001,-0.0,-0.001,-1.09,-0.17,-80.3059984,26.9207757,59.05
6.2,3.6,0.0,8.91,1.19,0.06,1.37,2.41,0.14,0.57,-0.17,8.152,7.838,10.85,10.673,7.06,10.5,12.07,9.81,0.001,-0.0,-0.002,-1.1,-0.17,-80.3059978,26.9207797,59.1
6.0,3.6,0.0,9.01,2.4,-0.11,1.46,-2.17,1.11,0.52,-0.12,7.024,10.987,6.602,8.025,13.54,11.28,10.99,11.87,0.001,0.0,-0.001,-1.26,-0.2,-80.3059973,26.9207837,59.15
4.8,3.6,0.0,9.12,1.62,0.01,1.42,-3.16,-0.05,0.46,-0.11,13.41,7.102,9.447,8.751,10.2,9.03,13.15,17.17,0.0,-0.0,-0.001,-1.32,-0.21,-80.3059967,26.9207878,59.2
3.9,3.5,0.0,9.17,1.49,-0.63,1.25,-0.23,-0.87,0.58,-0.19,6.386,13.616,10.094,8.829,8.83,17.66,10.89,11.28,0.0,-0.001,-0.001,-1.54,-0.25,-80.3059961,26.920792,59.25
3.5,3.5,0.0,9.31,2.81,0.58,0.63,0.25,-3.15,0.62,-0.33,6.926,11.801,11.331,9.006,11.38,19.33,13.73,10.1,0.001,0.0,-0.001,-1.56,-0.25,-80.3059955,26.9207962,59.3
2.2,3.5,0.0,9.3,0.26,0.42,0.76,-0.77,-0.63,0.59,-0.31,11.036,7.387,9.535,9.251,12.07,18.25,8.14,13.15,0.001,0.0,-0.001,-1.78,-0.29,-80.3059949,26.9208003,59.35
1.5,3.5,0.0,9.43,2.92,0.18,0.23,-3.52,-2.05,0.74,-0.31,9.378,9.594,7.21,8.643,15.99,8.93,12.07,14.62,0.001,-0.001,-0.001,-1.96,-0.32,-80.3059942,26.9208046,59.4
1.0,3.5,0.0,9.47,0.49,0.1,0.2,-0.91,-2.92,0.48,-0.46,3.826,7.583,10.408,11.595,7.85,8.73,2.55,17.56,0.001,0.0,-0.001,-1.94,-0.32,-80.3059937,26.9208088,59.45
1.8,3.6,0.0,9.52,1.25,-0.65,0.52,-1.4,2.17,0.51,-0.34,13.106,7.946,6.632,8.8,13.15,6.18,12.16,11.67,0.001,0.0,-0.002,-1.98,-0.33,-80.305993,26.9208131,59.5
1.5,3.6,0.0,9.61,1.52,0.05,0.13,1.19,1.52,0.5,-0.2,13.244,7.269,8.24,8.231,12.56,13.24,17.27,15.21,0.0,0.0,-0.001,-1.83,-0.31,-80.3059924,26.9208174,59.55
0.6,3.6,0.0,9.64,0.69,-0.97,0.26,-0.27,2.42,0.53,-0.09,6.396,13.116,11.644,6.847,-1.77,13.15,24.53,0.39,-0.001,-0.0,-0.001,-2.11,-0.35,-80.3059918,26.9208218,59.6
0.9,3.7,0.0,9.73,1.8,0.86,-0.44,-0.43,0.27,0.44,-0.12,3.09,13.773,12.007,7.77,6.28,17.66,20.7,-0.78,0.0,-0.0,-0.002,-1.69,-0.29,-80.3059911,26.9208261,59.65
2.3,3.7,0.0,9.8,0.96,-0.06,0.47,-1.94,1.25,0.33,-0.1,6.641,13.312,9.388,7.328,7.36,11.18,9.32,15.5,0.0,-0.001,-0.001,-1.47,-0.25,-80.3059904,26.9208305,59.7
4.3,3.7,0.0,9.86,0.92,0.4,0.48,1.22,-1.32,0.35,-0.13,11.772,9.064,8.299,10.242,12.56,8.73,9.22,19.62,0.0,-0.001,0.0,-1.28,-0.22,-80.3059898,26.9208349,59.75
4.5,3.8,0.0,9.94,1.53,-0.01,0.93,-1.18,-3.57,0.24,-0.3,10.86,8.633,7.456,8.76,1.77,7.75,8.14,16.28,0.0,-0.001,-0.0,-1.16,-0.2,-80.3059892,26.9208393,59.8
5.0,3.9,0.0,9.99,0.59,0.74,1.32,1.16,-1.09,0.29,-0.43,12.282,4.768,10.722,11.772,4.81,7.55,10.69,15.01,0.001,0.0,-0.001,-1.09,-0.19,-80.3059885,26.9208438,59.85
6.0,4.0,0.0,10.03,0.87,-0.06,1.65,0.69,0.18,0.3,-0.4,9.928,8.917,9.094,10.546,5.3,8.93,11.28,13.15,0.001,-0.0,-0.001,-1.1,-0.19,-80.3059879,26.9208483,59.9
6.1,4.1,0.0,10.13,1.83,1.59,0.96,-1.15,-1.66,0.19,-0.49,10.673,5.484,9.79,10.006,4.51,8.73,0.69,14.13,0.001,0.0,-0.001,-0.71,-0.12,-80.3059873,26.9208529,59.95
5.9,4.2,0.0,10.19,0.46,-0.04,1.22,1.01,0.6,0.3,-0.46,8.809,7.593,10.801,10.477,8.93,14.22,7.36,-2.84,0.001,0.0,-0.004,-0.87,-0.15,-80.3059866,26.9208575,60.0
6.2,4.4,0.0,10.23,0.77,0.09,1.33,-2.76,3.44,0.22,-0.31,6.838,9.388,5.003,5.072,2.35,9.12,1.57,9.71,0.0,-0.0,-0.003,-1.13,-0.2,-80.3059861,26.920862,60.05
6.3,4.6,0.0,10.36,2.37,1.79,1.45,0.69,2.03,0.21,-0.2,7.691,7.181,8.162,6.141,0.29,11.09,1.37,8.24,0.0,0.0,-0.002,-0.78,-0.14,-80.3059854,26.9208667,60.1
6.5,4.8,0.0,10.44,1.83,-0.14,1.44,2.13,2.43,0.36,-0.11,6.887,11.429,5.768,6.632,13.64,5.69,9.12,7.16,0.001,-0.001,-0.002,-1.09,-0.2,-80.3059848,26.9208714,60.15
5.6,4.9,0.0,10.52,1.61,0.52,1.68,-2.53,0.46,0.26,-0.09,10.634,9.398,6.622,6.426,8.24,2.16,13.34,7.55,-0.001,-0.002,-0.001,-1.11,-0.2,-80.3059842,26.9208761,60.2
6.1,5.0,0.0,10.61,2.04,0.71,1.27,0.27,-2.48,0.31,-0.2,10.448,7.397,6.475,8.221,14.62,1.86,25.02,16.09,0.0,-0.002,-0.001,-1.12,-0.21,-80.3059836,26.9208808,60.25
6.0,5.1,0.0,10.73,2.3,0.28,0.47,0.21,-2.74,0.29,-0.38,12.841,6.308,10.83,10.34,9.71,9.22,21.09,10.99,0.0,-0.0,-0.002,-1.13,-0.21,-80.305983,26.9208856,60.3
5.4,5.1,0.0,10.86,2.57,0.27,1.09,0.81,-3.11,0.35,-0.53,11.772,8.701,5.346,5.66,14.22,10.79,13.54,13.05,0.001,0.0,-0.001,-1.16,-0.22,-80.3059824,26.9208905,60.35
5.2,5.0,0.0,10.97,2.43,-0.47,0.94,-0.09,-3.61,0.35,-0.71,9.28,8.388,13.351,12.164,8.93,11.18,20.01,18.93,0.001,0.0,-0.003,-1.24,-0.24,-80.3059818,26.9208954,60.4
5.3,5.1,0.0,11.08,3.06,0.27,0.55,0.27,0.6,0.37,-0.71,4.022,10.713,5.886,8.633,10.89,11.18,11.58,19.72,0.001,0.001,-0.004,-1.23,-0.24,-80.3059812,26.9209004,60.45
5.4,5.2,0.0,11.18,1.9,0.2,1.22,-1.84,2.44,0.31,-0.59,7.564,8.162,9.839,12.292,7.75,7.95,8.44,22.37,0.001,0.0,-0.003,-1.22,-0.24,-80.3059806,26.9209054,60.5
5.3,5.4,0.0,11.33,2.44,0.52,1.39,1.24,1.05,0.41,-0.55,12.518,7.514,6.377,9.192,7.75,10.1,10.1,9.03,0.001,0.0,-0.002,-1.16,-0.23,-80.30598,26.9209104,60.55
5.4,5.4,0.0,11.46,3.19,1.0,0.59,-0.42,0.13,0.43,-0.52,10.958,11.183,1.638,5.307,10.59,10.69,6.18,7.06,0.001,-0.0,-0.003,-1.1,-0.22,-80.3059793,26.9209155,60.6
5.3,5.3,0.0,11.59,2.41,0.97,0.85,-2.83,-0.37,0.31,-0.53,7.495,9.575,3.855,4.032,5.89,13.64,16.19,9.81,0.001,-0.0,-0.002,-1.08,-0.22,-80.3059787,26.9209207,60.65
4.7,5.3,0.0,11.72,2.82,1.53,1.86,0.31,-1.08,0.42,-0.6,10.546,10.065,3.718,4.15,10.2,15.79,13.34,4.81,0.001,0.0,-0.002,-0.88,-0.18,-80.3059781,26.920926,60.7
5.3,5.3,0.0,11.87,2.97,-0.4,0.6,0.23,-2.31,0.46,-0.67,6.671,8.701,6.612,7.681,7.75,15.3,10.69,12.65,0.002,0.001,-0.002,-1.27,-0.26,-80.3059774,26.9209313,60.75
5.7,5.3,0.0,11.97,1.93,0.21,0.61,1.63,-0.69,0.55,-0.72,8.672,6.053,10.977,11.183,9.61,7.75,9.91,10.4,0.002,0.001,-0.003,-1.23,-0.26,-80.3059769,26.9209367,60.8
5.2,5.3,0.0,12.11,2.33,0.13,0.86,-1.76,2.01,0.43,-0.61,7.436,10.546,10.536,11.9,21.88,12.16,7.46,13.34,0.003,0.002,-0.003,-1.22,-0.26,-80.3059762,26.9209421,60.85
4.7,5.3,0.0,12.27,3.68,0.72,1.22,1.91,1.25,0.47,-0.44,12.459,4.513,7.416,10.036,19.82,10.1,6.67,21.09,0.001,0.0,-0.002,-0.96,-0.21,-80.3059756,26.9209476,60.9
5.8,5.3,0.0,12.38,2.65,-0.17,1.0,0.36,1.55,0.47,-0.33,10.624,9.025,5.503,7.191,17.46,10.3,7.06,13.73,0.001,-0.0,-0.002,-0.92,-0.2,-80.305975,26.9209532,60.95
5.3,5.3,0.0,12.52,2.58,1.09,0.99,-0.66,-1.54,0.43,-0.4,10.124,6.72,7.819,10.771,12.85,0.49,12.07,13.54,0.001,-0.0,-0.002,-0.97,-0.21,-80.3059743,26.9209588,61.0
4.7,5.3,0.0,12.67,2.09,0.14,0.82,2.07,-3.31,0.49,-0.55,9.83,5.013,8.407,8.064,5.4,5.69,17.95,15.01,0.001,0.001,-0.001,-1.0,-0.22,-80.3059737,26.9209645,61.05
5.2,5.3,0.0,12.81,2.88,0.65,1.12,2.21,-2.71,0.62,-0.69,2.806,10.85,11.635,10.173,3.24,6.77,25.9,11.09,0.002,0.001,-0.003,-1.09,-0.24,-80.3059731,26.9209702,61.1
5.2,5.3,0.0,12.94,3.39,0.44,1.42,-1.08,1.72,0.53,-0.59,7.946,9.663,12.93,8.898,8.83,8.53,30.8,18.25,0.003,0.002,-0.003,-1.14,-0.26,-80.3059725,26.9209759,61.15
4.4,5.3,0.0,13.06,2.97,0.81,1.49,-1.03,3.25,0.51,-0.46,7.622,10.359,8.633,7.564,9.12,1.96,18.15,14.42,0.002,0.001,-0.003,-1.02,-0.23,-80.3059718,26.9209819,61.2
5.4,5.3,0.0,13.18,2.36,0.15,1.08,-0.39,2.41,0.48,-0.32,12.361,5.533,5.484,8.397,15.99,1.86,9.91,16.09,0.001,-0.0,-0.002,-1.05,-0.24,-80.3059712,26.9209878,61.25
5.2,5.3,0.0,13.31,2.42,0.44,1.18,1.68,-0.57,0.53,-0.29,10.801,10.497,6.435,7.662,20.7,8.14,13.83,15.7,0.001,-0.0,-0.002,-1.03,-0.24,-80.3059706,26.9209937,61.3
3.5,5.3,0.0,13.45,2.75,-0.22,1.1,2.35,-2.73,0.51,-0.36,9.212,7.338,6.739,9.369,6.08,8.83,10.3,15.7,0.001,-0.0,-0.002,-0.99,-0.23,-80.3059699,26.9209998,61.35
4.2,5.3,0.0,13.55,1.69,0.67,1.09,-0.46,-2.02,0.5,-0.45,9.447,7.397,10.575,9.32,9.03,4.91,10.79,21.48,0.001,0.0,-0.002,-0.94,-0.22,-80.3059694,26.9210058,61.4
3.5,5.3,0.0,13.66,1.93,0.26,0.45,-1.57,-0.97,0.36,-0.53,6.955,7.976,10.212,12.253,13.15,11.28,5.1,19.23,0.002,0.001,-0.002,-0.76,-0.18,-80.3059687,26.921012,61.45
2.7,5.3,0.0,13.78,2.29,-0.23,0.34,0.42,2.11,0.4,-0.39,10.654,7.819,7.907,7.348,7.26,16.48,15.99,12.65,0.002,0.002,-0.002,-0.78,-0.19,-80.3059681,26.9210182,61.5
3.5,5.3,0.0,13.91,3.1,0.02,0.33,1.89,3.08,0.48,-0.22,7.642,7.907,8.054,8.633,3.53,6.28,11.87,18.84,0.001,0.0,-0.001,-0.89,-0.22,-80.3059675,26.9210244,61.55
2.6,5.3,0.0,14.03,2.92,1.13,0.36,-2.97,0.79,0.37,-0.15,10.457,12.007,7.338,5.915,16.09,13.24,12.56,13.64,0.001,-0.0,-0.001,-0.83,-0.2,-80.3059669,26.9210307,61.6
2.5,5.3,0.0,14.13,2.09,0.86,1.18,-0.04,-2.44,0.31,-0.2,11.998,7.976,10.418,8.358,13.83,16.28,12.07,9.03,0.0,-0.0,-0.001,-0.73,-0.18,-80.3059662,26.9210371,61.65
2.5,5.3,0.0,14.24,2.43,1.05,0.55,1.35,-2.51,0.37,-0.3,10.399,6.455,9.094,8.662,6.38,11.48,13.44,21.39,0.001,0.0,-0.001,-0.62,-0.16,-80.3059656,26.9210435,61.7
1.8,5.3,0.0,14.34,2.37,1.02,0.34,1.75,0.12,0.44,-0.33,7.122,11.468,11.164,8.132,4.12,11.09,16.68,17.36,0.001,0.001,-0.002,-0.71,-0.18,-80.305965,26.9210499,61.75
2.1,5.3,0.0,14.42,1.83,0.08,-0.26,-0.67,1.94,0.35,-0.27,7.279,8.388,9.918,10.144,15.11,12.16,13.54,6.77,0.002,0.002,-0.003,-0.69,-0.17,-80.3059643,26.9210564,61.8
2.3,5.3,0.0,14.5,1.47,-0.12,-0.04,0.35,3.28,0.34,-0.09,10.536,9.349,6.759,6.641,20.8,6.87,6.87,12.07,0.002,-0.0,-0.001,-0.69,-0.17,-80.3059637,26.921063,61.85
0.3,5.3,0.0,14.61,1.92,0.13,0.84,-1.44,1.06,0.28,0.01,9.732,7.691,8.947,6.936,-3.83,11.09,16.09,12.16,-0.002,-0.001,-0.001,-0.6,-0.15,-80.3059631,26.9210695,61.9
2.0,5.3,0.0,14.71,2.23,-0.64,-0.25,1.19,-1.68,0.42,-0.12,9.928,9.751,8.662,6.671,7.95,15.4,9.52,-1.28,-0.001,-0.001,-0.001,-0.71,-0.18,-80.3059624,26.9210762,61.95
0.1,5.3,0.0,14.82,2.09,0.53,-0.23,-0.9,-6.12,0.41,-0.38,7.897,10.536,11.527,10.634,18.74,14.91,18.25,16.58,0.001,-0.0,-0.001,-0.58,-0.15,-80.3059618,26.9210828,62.0
-1.3,5.4,0.0,14.87,1.21,-0.77,-0.62,-0.3,-1.53,0.29,-0.43,9.496,8.937,9.486,9.957,15.3,15.21,2.45,22.27,0.001,0.001,-0.003,-0.6,-0.15,-80.3059611,26.9210895,62.05
-0.4,5.6,0.0,14.97,2.05,1.19,-0.99,2.72,1.09,0.35,-0.34,4.552,9.476,8.927,7.053,7.46,17.95,16.87,27.08,0.002,0.001,-0.001,-0.5,-0.13,-80.3059604,26.9210962,62.1
-0.3,5.8,0.0,15.06,2.1,-0.95,-1.57,-0.23,4.03,0.35,-0.16,7.524,12.037,7.544,3.522,-0.1,8.34,8.34,-0.88,0.0,0.001,-0.003,-0.71,-0.19,-80.3059598,26.921103,62.15
1.0,5.8,0.0,15.17,2.6,0.58,-1.5,-1.6,0.53,0.22,-0.1,10.526,10.811,5.415,5.16,16.09,2.94,29.72,21.19,-0.0,-0.001,-0.0,-0.49,-0.13,-80.3059591,26.9211097,62.2
0.7,5.9,0.0,15.27,2.22,0.67,0.88,0.43,-2.43,0.14,-0.18,12.233,8.986,6.455,7.475,27.27,14.91,14.42,15.3,0.001,0.0,-0.0,-0.51,-0.14,-80.3059584,26.9211167,62.25
1.1,5.9,0.0,15.35,1.27,-0.44,0.77,3.43,-2.06,0.33,-0.29,5.68,8.741,8.495,12.9,8.53,12.56,4.61,5.3,0.002,0.001,-0.001,-0.59,-0.16,-80.3059578,26.9211235,62.3
1.8,5.9,0.0,15.45,1.34,0.98,-0.74,0.82,1.51,0.34,-0.28,9.908,5.758,9.888,10.153,-4.12,-3.34,10.1,0.69,0.001,0.0,-0.003,-0.44,-0.12,-80.3059571,26.9211305,62.35
1.5,5.9,0.0,15.56,3.26,1.37,-0.67,0.47,2.72,0.3,-0.12,9.369,12.145,6.612,4.267,0.39,0.98,16.09,25.51,0.001,-0.0,-0.001,-0.32,-0.09,-80.3059564,26.9211375,62.4
3.3,5.9,0.0,15.65,2.03,-1.2,-0.06,-3.03,1.83,0.18,-0.02,12.694,9.467,8.103,3.561,24.72,7.36,9.42,7.85,0.001,-0.001,-0.0,-0.45,-0.12,-80.3059558,26.9211445,62.45
3.2,5.8,0.0,15.74,1.25,-0.4,1.29,-0.71,-2.74,0.09,-0.1,12.93,10.742,8.495,9.025,32.18,11.67,6.87,-11.48,-0.001,-0.001,-0.001,-0.45,-0.12,-80.305955,26.9211516,62.5
3.3,5.8,0.0,15.85,2.23,-0.43,0.77,5.04,-6.1,0.31,-0.29,9.221,10.134,7.102,9.3,16.78,3.73,2.06,9.03,-0.0,-0.001,-0.002,-0.43,-0.12,-80.3059543,26.9211587,62.55
2.5,5.7,0.0,15.93,1.84,0.23,0.44,-1.66,-3.05,0.21,-0.47,7.377,5.376,10.477,8.064,-1.57,0.49,27.47,13.73,0.001,0.001,-0.003,-0.42,-0.12,-80.3059537,26.9211659,62.6
1.3,5.7,0.0,16.01,1.46,-0.21,0.2,0.51,2.72,0.17,-0.47,6.475,11.576,11.968,6.651,7.75,1.37,26.19,4.91,0.002,0.002,-0.003,-0.36,-0.1,-80.305953,26.9211731,62.65
2.3,5.7,0.0,16.11,2.8,0.16,-0.15,-1.1,5.03,0.25,-0.23,4.993,12.331,8.878,6.161,12.36,-2.35,10.1,-2.06,0.001,-0.001,-0.003,-0.43,-0.12,-80.3059523,26.9211803,62.7
1.4,5.7,0.0,16.16,1.34,-0.73,-0.11,-2.62,2.81,0.09,-0.04,13.106,5.778,5.15,4.307,24.23,8.14,3.34,-1.37,0.0,-0.0,-0.0,-0.53,-0.15,-80.3059517,26.9211876,62.75
1.3,5.6,0.0,16.27,2.2,-0.4,0.28,4.02,-1.98,0.28,-0.1,5.376,14.342,2.276,8.701,21.78,14.62,21.58,17.76,0.001,0.0,0.002,-0.37,-0.1,-80.305951,26.9211949,62.8
1.3,5.6,0.0,16.34,0.73,-0.55,-0.05,-0.08,-2.02,0.28,-0.22,6.69,4.591,8.339,9.516,2.65,9.22,12.46,-3.83,0.001,0.001,-0.003,-0.51,-0.15,-80.3059502,26.9212022,62.85
-1.1,5.6,0.0,16.41,1.68,0.76,0.09,0.18,1.03,0.3,-0.2,7.809,5.857,6.455,6.514,-0.29,15.7,7.95,2.26,0.001,0.001,-0.003,-0.41,-0.12,-80.3059496,26.9212097,62.9
1.6,5.5,0.0,16.48,1.94,-1.15,-0.1,0.35,0.95,0.43,-0.05,11.154,10.811,6.082,7.995,2.16,2.45,10.59,6.08,-0.0,-0.001,-0.001,-0.64,-0.18,-80.3059489,26.921217,62.95
0.3,5.4,0.0,16.55,1.54,1.56,-0.59,0.42,-1.81,0.33,-0.09,11.056,13.42,5.984,8.289,5.0,-11.28,6.67,11.77,-0.001,-0.002,-0.001,-0.46,-0.13,-80.3059481,26.9212244,63.0
1.7,5.4,0.0,16.56,0.43,0.08,0.26,-1.08,-2.48,0.25,-0.2,6.455,11.949,8.701,10.085,8.34,2.45,16.68,23.15,0.0,-0.001,0.0,-0.44,-0.13,-80.3059475,26.9212319,63.05
0.7,5.4,0.0,16.64,0.99,0.54,-0.76,-0.33,-1.55,0.31,-0.32,6.475,6.612,6.239,8.868,19.72,20.31,18.54,4.91,0.002,0.001,-0.003,-0.49,-0.14,-80.3059467,26.9212394,63.1
0.5,5.2,0.0,16.68,0.12,0.43,-0.34,-0.65,3.33,0.34,-0.18,5.307,8.966,7.671,10.477,9.61,20.21,2.94,-21.68,0.001,0.001,-0.004,-0.58,-0.17,-80.305946,26.9212469,63.15
1.1,5.2,0.0,16.76,1.9,0.52,-0.64,-1.11,2.9,0.3,-0.01,8.623,13.204,4.571,9.369,4.71,14.62,-7.16,-1.28,-0.0,-0.0,-0.001,-0.55,-0.16,-80.3059452,26.9212545,63.2
-0.6,5.2,0.0,16.81,1.11,-0.13,0.22,-2.5,-0.84,0.24,-0.0,7.456,13.871,6.092,6.818,-4.51,5.0,18.34,21.68,-0.002,-0.001,0.002,-0.63,-0.18,-80.3059446,26.921262,63.25
1.7,5.2,0.0,16.84,0.49,-0.75,0.28,-0.25,-0.6,0.33,-0.15,1.903,12.253,7.848,7.868,4.81,6.97,21.19,20.6,0.001,0.001,0.001,-0.61,-0.18,-80.3059438,26.9212696,63.3
0.7,5.2,0.0,16.88,0.78,-0.7,-0.01,3.57,0.6,0.51,-0.12,10.33,10.448,8.986,10.232,20.21,18.25,14.52,12.46,0.001,-0.0,-0.001,-0.75,-0.22,-80.3059431,26.9212772,63.35
1.0,5.0,0.0,16.92,0.45,-0.19,0.34,-3.45,1.53,0.37,0.06,10.428,9.476,8.701,9.084,13.54,15.5,-2.06,2.94,-0.002,-0.002,-0.001,-0.83,-0.24,-80.3059424,26.9212848,63.4
0.7,5.0,0.0,16.97,0.72,-0.15,-0.22,1.23,-3.21,0.35,0.0,10.85,6.632,8.044,5.896,17.17,12.95,12.56,15.21,-0.001,-0.002,0.003,-0.86,-0.26,-80.3059416,26.9212925,63.45
1.3,4.4,0.0,17.02,0.99,0.37,-0.1,0.31,-4.26,0.33,-0.16,8.564,4.621,9.682,10.536,11.77,16.58,37.87,31.1,0.0,-0.0,0.0,-0.78,-0.23,-80.3059409,26.9213001,63.5
1.4,4.1,0.0,17.01,0.34,0.24,0.19,-0.35,1.34,0.38,-0.22,6.995,6.063,7.995,7.093,11.97,12.95,18.54,25.31,0.001,0.001,-0.003,-0.94,-0.28,-80.3059402,26.9213078,63.55
1.3,3.7,0.0,17.03,-0.25,0.65,0.49,0.14,4.33,0.42,-0.06,9.143,10.016,9.123,8.476,4.91,11.38,6.57,6.28,0.001,0.001,-0.002,-0.92,-0.27,-80.3059394,26.9213154,63.6
2.4,2.4,0.0,17.04,0.4,1.29,0.77,-3.32,4.19,0.27,0.13,9.476,12.998,8.093,7.093,-1.47,7.95,3.92,6.87,-0.002,-0.002,-0.0,-0.95,-0.28,-80.3059386,26.9213231,63.65
1.3,0.7,0.0,17.01,0.29,1.01,1.76,2.25,-0.59,0.46,0.17,9.035,13.45,7.583,8.437,2.55,4.02,6.87,11.58,-0.003,-0.003,0.001,-0.98,-0.29,-80.305938,26.9213308,63.7
4.2,0.6,0.0,17.0,0.47,-0.65,0.73,-2.91,-4.32,0.45,-0.0,9.663,7.907,9.398,10.026,16.19,8.04,28.84,22.07,-0.001,-0.002,0.001,-1.17,-0.35,-80.3059372,26.9213385,63.75
2.1,0.7,0.0,16.96,-1.2,0.76,0.63,0.22,-2.64,0.42,-0.15,7.299,9.447,12.39,13.42,9.32,6.57,21.39,26.39,0.0,-0.0,-0.001,-0.99,-0.29,-80.3059366,26.921346,63.8
3.5,0.6,0.0,16.93,-1.2,-0.7,0.84,1.58,4.97,0.55,0.04,7.711,7.367,8.868,8.898,23.25,10.89,9.91,9.61,0.001,0.001,-0.002,-1.03,-0.31,-80.3059358,26.9213537,63.85
3.5,0.7,0.0,16.92,-0.85,0.21,0.98,2.07,3.65,0.58,0.3,14.617,10.408,5.337,7.76,23.74,16.68,9.12,7.85,-0.002,-0.001,0.001,-1.01,-0.3,-80.3059351,26.9213613,63.9
2.1,0.6,0.0,16.92,-0.11,1.57,1.68,0.15,0.6,0.59,0.32,8.545,11.095,7.063,6.465,5.2,23.05,8.24,4.41,-0.004,-0.004,0.002,-0.95,-0.28,-80.3059345,26.9213689,63.95
2.4,0.7,0.0,16.92,0.55,1.42,2.13,-1.95,-6.98,0.57,-0.03,7.495,11.331,8.76,6.229,-14.62,-4.61,41.01,21.58,-0.005,-0.006,0.003,-0.97,-0.29,-80.3059337,26.9213765,64.0
0.3,0.8,0.0,16.87,-0.96,0.11,1.22,2.83,-5.91,0.59,-0.47,5.543,7.23,11.517,11.958,-1.08,1.57,30.9,32.86,-0.001,-0.002,-0.001,-1.04,-0.31,-80.305933,26.9213842,64.05
2.1,0.8,0.0,16.82,-0.82,0.58,0.21,-1.4,-2.51,0.55,-0.63,6.838,8.535,10.928,10.644,-2.94,5.69,13.24,25.11,0.0,-0.0,-0.004,-1.03,-0.3,-80.3059324,26.9213917,64.1
1.0,0.8,0.0,16.74,-1.31,-0.32,-0.97,-1.11,7.44,0.56,-0.24,12.988,7.809,9.486,8.339,11.09,4.12,8.73,-8.04,-0.0,-0.0,-0.006,-1.07,-0.31,-80.3059318,26.9213993,64.15
2.9,0.9,0.0,16.65,-0.93,-1.01,-0.43,-4.47,9.0,0.48,0.27,11.321,9.015,3.777,7.77,30.61,10.99,15.5,14.72,-0.001,-0.001,0.003,-1.15,-0.33,-80.3059311,26.9214067,64.2
1.8,0.9,0.0,16.58,-1.77,0.26,0.44,-1.96,5.51,0.36,0.6,12.851,9.467,6.318,7.201,30.41,17.76,12.16,18.25,-0.002,-0.002,0.006,-1.14,-0.33,-80.3059305,26.9214142,64.25
1.2,0.9,0.0,16.47,-2.46,0.14,1.31,2.72,0.71,0.49,0.61,10.232,11.105,6.406,8.456,9.61,13.05,4.22,-0.98,-0.003,-0.004,0.006,-1.09,-0.31,-80.3059298,26.9214216,64.3
1.8,1.0,0.0,16.35,-2.85,0.11,0.31,-0.33,-3.42,0.51,0.39,9.457,11.595,8.476,8.437,2.75,16.28,17.85,4.91,-0.003,-0.004,0.005,-1.13,-0.32,-80.3059291,26.921429,64.35
-2.0,0.9,0.0,16.28,-1.21,0.61,-0.38,-0.66,-4.68,0.49,0.14,7.622,9.32,10.134,8.672,-1.96,14.13,6.77,16.87,-0.002,-0.002,0.003,-0.92,-0.26,-80.3059285,26.9214364,64.4
1.1,1.0,0.0,16.25,-0.75,0.32,-0.87,-3.71,-1.77,0.4,0.03,9.172,10.722,13.508,10.026,-3.14,10.89,12.56,15.79,-0.001,-0.002,0.001,-0.97,-0.28,-80.3059279,26.9214437,64.45
-0.5,1.0,0.0,16.14,-1.93,-0.4,0.03,-2.38,4.01,0.3,0.14,8.554,10.82,11.713,8.692,10.3,23.54,19.13,23.35,-0.001,-0.001,0.001,-0.84,-0.24,-80.3059272,26.9214509,64.5
1.4,1.1,0.0,16.07,-1.09,-1.28,-1.09,0.42,3.58,0.35,0.31,12.851,11.576,7.868,7.848,21.58,16.97,7.46,14.03,-0.002,-0.002,0.002,-0.95,-0.27,-80.3059266,26.9214582,64.55
1.4,1.1,0.0,16.04,-1.56,-0.19,-0.32,2.17,-0.78,0.39,0.31,9.476,7.662,8.927,11.625,23.25,5.49,-2.75,15.7,-0.002,-0.002,0.003,-0.81,-0.23,-80.305926,26.9214655,64.6
2.2,1.1,0.0,15.95,-0.74,-0.51,-0.53,2.11,-1.53,0.37,0.28,10.556,6.896,6.779,8.819,11.67,5.69,13.24,25.8,-0.002,-0.003,0.003,-0.76,-0.21,-80.3059253,26.9214726,64.65
2.6,1.1,0.0,15.92,-0.82,0.46,0.51,0.23,-0.51,0.4,0.23,8.79,14.215,7.505,6.416,-3.83,13.54,20.11,18.44,-0.003,-0.003,0.001,-0.69,-0.19,-80.3059248,26.9214798,64.7
1.6,1.1,0.0,15.82,-1.43,1.0,1.54,0.3,-0.85,0.48,0.08,7.063,12.557,9.604,8.437,-8.63,11.97,17.46,7.36,-0.002,-0.003,0.0,-0.58,-0.16,-80.3059242,26.9214869,64.75
2.4,1.1,0.0,15.76,-0.65,1.85,0.76,-2.28,-1.61,0.4,-0.0,11.527,9.3,12.106,10.477,11.67,6.67,0.1,6.77,-0.002,-0.003,0.001,-0.52,-0.14,-80.3059235,26.921494,64.8
2.0,1.1,0.0,15.68,-1.69,0.71,0.3,0.07,-0.17,0.37,0.01,10.065,8.662,10.144,11.89,23.94,12.75,2.26,17.07,-0.0,-0.001,0.001,-0.5,-0.14,-80.305923,26.9215011,64.85
2.3,1.1,0.0,15.63,-1.51,0.48,-0.38,0.87,1.59,0.43,0.12,9.869,6.514,8.633,10.408,11.67,9.52,14.91,21.19,-0.001,-0.002,0.001,-0.39,-0.11,-80.3059224,26.9215081,64.9
2.0,1.1,0.0,15.56,-0.95,0.6,-0.55,-1.73,2.53,0.31,0.25,11.036,11.282,5.974,7.416,-6.77,6.38,3.73,10.69,-0.003,-0.003,0.001,-0.36,-0.1,-80.3059218,26.9215152,64.95
1.0,1.0,0.0,15.54,-0.16,0.76,0.15,0.22,-0.88,0.27,0.25,8.407,9.251,8.623,7.053,-1.08,2.94,11.97,13.64,-0.003,-0.003,0.003,-0.29,-0.08,-80.3059213,26.9215222,65.0
1.5,1.1,0.0,15.42,-2.13,-0.47,0.35,1.79,-1.97,0.3,0.16,8.731,8.152,9.545,10.958,12.46,0.88,12.46,10.1,-0.002,-0.002,0.002,-0.41,-0.11,-80.3059207,26.9215291,65.05
1.0,1.1,0.0,15.36,-0.8,0.15,-0.42,1.2,-0.64,0.34,0.17,12.331,11.419,10.212,11.537,18.34,10.59,14.91,5.2,-0.001,-0.002,0.002,-0.29,-0.08,-80.3059201,26.9215361,65.1
0.1,1.0,0.0,15.28,-1.79,0.48,-0.28,1.79,1.26,0.4,0.24,9.349,11.703,7.593,8.701,16.28,12.36,6.67,4.51,-0.001,-0.002,0.001,-0.27,-0.07,-80.3059196,26.9215429,65.15
-0.1,1.0,0.0,15.24,-1.32,-0.04,-0.94,-2.91,1.65,0.24,0.31,7.554,9.388,8.888,9.143,8.44,16.58,12.46,13.24,-0.001,-0.002,0.003,-0.19,-0.05,-80.305919,26.9215499,65.2
-0.9,1.1,0.0,15.17,-0.78,0.22,-1.19,0.09,-0.47,0.27,0.31,13.028,9.055,7.259,8.623,9.91,7.75,10.59,13.73,-0.002,-0.002,0.003,-0.12,-0.03,-80.3059185,26.9215567,65.25
-0.5,1.1,0.0,15.11,-1.18,-0.2,-0.95,-0.75,-1.66,0.23,0.23,14.107,10.614,7.966,9.349,12.95,9.22,11.58,11.38,-0.003,-0.003,0.003,-0.16,-0.04,-80.3059179,26.9215635,65.3
-0.6,1.0,0.0,15.04,-1.66,-0.22,-1.36,0.25,-2.04,0.2,0.14,9.3,8.858,9.8,10.732,23.15,9.52,8.34,13.44,-0.001,-0.002,0.003,-0.11,-0.03,-80.3059174,26.9215702,65.35
-0.8,1.0,0.0,14.97,-1.37,-0.44,-1.51,-0.06,-1.01,0.17,0.1,5.945,10.536,8.819,9.427,8.83,10.79,13.34,18.84,-0.001,-0.002,0.003,-0.07,-0.02,-80.3059168,26.921577,65.4
-0.4,1.1,0.0,14.9,-1.19,-0.57,-1.34,-1.64,0.77,0.1,0.13,9.771,7.083,8.741,7.976,1.96,6.38,11.77,12.75,-0.002,-0.002,0.002,-0.12,-0.03,-80.3059163,26.9215837,65.45
-0.9,1.2,0.0,14.83,-1.53,0.39,-0.56,1.87,1.73,0.2,0.23,11.801,10.457,4.591,6.524,6.57,11.28,1.86,6.28,-0.002,-0.002,0.002,0.03,0.01,-80.3059157,26.9215904,65.5
0.0,1.2,0.0,14.79,-0.75,-0.62,-1.34,-3.74,-1.35,0.13,0.23,14.234,10.124,8.407,10.261,17.36,10.89,9.32,13.34,-0.003,-0.003,0.002,-0.1,-0.03,-80.3059151,26.9215971,65.55
-0.5,1.1,0.0,14.7,-1.74,0.55,-1.13,-1.36,-2.28,0.04,0.12,9.888,10.948,8.692,8.8,20.6,12.36,11.87,13.83,-0.002,-0.002,0.002,0.2,0.05,-80.3059146,26.9216036,65.6
-1.2,1.1,0.0,14.64,-1.18,-0.68,-0.88,2.12,-1.74,0.13,0.01,6.18,8.809,9.83,9.859,0.49,4.61,7.26,16.38,-0.002,-0.001,0.002,0.15,0.04,-80.305914,26.9216103,65.65
0.3,1.2,0.0,14.58,-1.2,-0.15,-1.09,1.56,1.62,0.2,0.03,7.73,11.262,9.663,11.164,11.77,4.32,12.85,11.09,-0.001,-0.002,0.001,0.04,0.01,-80.3059134,26.9216168,65.7
-0.6,1.3,0.0,14.51,-1.18,0.55,-0.9,-3.22,2.4,0.05,0.14,9.153,9.977,8.054,6.828,15.79,12.26,12.46,16.09,-0.002,-0.001,0.001,0.23,0.06,-80.3059129,26.9216234,65.75
-0.6,1.6,0.0,14.45,-0.3,0.31,-1.41,2.0,0.46,0.15,0.21,9.545,9.172,7.907,9.79,16.38,13.83,6.08,6.47,-0.002,-0.001,0.002,0.36,0.09,-80.3059123,26.9216299,65.8
-0.2,1.7,0.0,14.39,-1.39,-1.31,-0.53,0.8,-0.82,0.2,0.24,11.321,9.32,9.31,11.095,11.67,2.65,14.42,17.27,-0.002,-0.002,0.003,0.16,0.04,-80.3059117,26.9216362,65.85
-1.1,1.8,0.0,14.32,-1.59,-0.04,-0.2,-1.12,-0.51,0.15,0.21,13.44,8.692,11.821,9.192,4.61,10.5,21.48,18.74,-0.003,-0.002,0.002,0.15,0.04,-80.3059112,26.9216427,65.9
-0.7,2.0,0.0,14.25,-1.58,0.05,-1.05,2.39,-0.55,0.26,0.13,11.801,9.859,7.711,6.573,10.59,12.46,11.28,7.16,-0.003,-0.002,0.002,0.3,0.07,-80.3059106,26.9216491,65.95
-0.7,2.2,0.0,14.19,-0.87,0.4,-1.37,2.14,-2.41,0.34,0.01,9.32,6.867,6.357,8.623,10.69,12.95,15.3,17.66,-0.001,-0.001,0.002,0.32,0.08,-80.30591,26.9216555,66.0
-1.5,2.4,0.0,14.16,-0.34,0.15,-1.2,-1.33,0.27,0.3,0.01,9.781,7.407,6.995,8.103,1.08,10.01,7.95,10.2,-0.001,-0.001,0.001,0.27,0.07,-80.3059095,26.9216619,66.05
-1.0,2.8,0.0,14.06,-1.27,-1.05,-1.34,-0.65,3.36,0.31,0.12,10.771,9.074,7.102,8.083,12.26,10.2,10.89,11.38,-0.001,-0.001,0.001,0.2,0.05,-80.3059089,26.9216682,66.1
-0.3,3.4,0.0,14.0,-1.16,-0.63,-0.67,-0.35,3.79,0.34,0.3,12.89,8.643,5.464,7.819,20.8,3.43,2.65,-0.1,-0.001,-0.003,0.002,0.33,0.08,-80.3059083,26.9216745,66.15
0.2,4.1,0.0,13.96,-1.01,0.41,-0.06,-0.12,1.77,0.33,0.39,14.372,8.319,3.453,6.7,14.91,9.12,24.92,16.68,-0.002,-0.003,0.004,0.38,0.09,-80.3059077,26.9216808,66.2
0.3,4.5,0.0,13.95,-0.8,0.67,0.11,0.21,-3.36,0.28,0.19,11.566,8.407,8.329,9.104,3.92,4.51,9.61,6.67,-0.002,-0.003,0.003,0.44,0.11,-80.3059071,26.9216871,66.25
0.3,5.4,0.0,13.95,0.34,1.64,-0.04,-2.22,-3.58,0.14,-0.03,11.733,4.866,12.115,9.849,9.91,9.61,11.38,16.87,-0.001,-0.001,0.002,0.57,0.14,-80.3059065,26.9216933,66.3
1.0,6.2,0.0,13.91,-0.54,0.24,0.3,0.44,-0.86,0.17,-0.08,9.359,10.713,6.651,11.174,18.15,13.83,21.29,24.82,-0.0,-0.001,0.001,0.64,0.15,-80.305906,26.9216996,66.35
1.7,6.9,0.0,14.07,2.47,-0.18,-1.12,1.47,-0.58,0.21,-0.1,9.349,9.938,4.562,7.436,6.47,6.08,0.0,11.38,-0.001,-0.001,-0.001,0.55,0.14,-80.3059054,26.9217059,66.4
1.4,7.1,0.0,14.07,0.65,0.04,-0.05,-0.19,0.25,0.2,-0.12,8.24,12.272,10.909,11.085,5.98,11.77,12.75,10.4,-0.001,-0.0,-0.001,0.57,0.14,-80.3059048,26.9217122,66.45
1.8,7.4,0.0,14.21,3.22,0.26,-0.6,-0.9,-1.15,0.17,-0.15,6.278,13.224,4.562,6.622,14.32,16.28,19.42,16.87,-0.0,-0.0,-0.001,0.6,0.15,-80.3059043,26.9217186,66.5
1.8,7.5,0.0,14.3,1.21,-1.02,0.12,-0.02,-2.98,0.16,-0.29,2.521,10.448,10.948,12.704,14.72,9.32,4.51,18.34,0.001,0.0,-0.001,0.48,0.12,-80.3059037,26.9217249,66.55
1.4,7.7,0.0,14.4,2.87,-1.13,0.64,-0.38,1.17,0.23,-0.24,7.603,8.819,13.008,12.302,9.12,4.32,10.79,17.46,0.001,0.001,-0.001,0.33,0.08,-80.305903,26.9217314,66.6
1.5,7.9,0.0,14.57,3.15,0.33,0.77,1.62,0.49,0.3,-0.21,8.093,9.447,3.227,3.747,12.65,6.47,12.65,10.59,0.001,0.001,-0.001,0.36,0.09,-80.3059025,26.921738,66.65
1.1,8.0,0.0,14.63,2.05,0.08,-0.53,3.99,-0.72,0.41,-0.22,12.213,5.758,6.543,10.173,20.4,10.79,8.83,13.54,0.0,0.0,-0.002,0.45,0.12,-80.3059018,26.9217445,66.7
0.3,8.0,0.0,14.78,3.2,0.55,-1.1,-1.53,-3.55,0.38,-0.29,12.429,7.289,6.975,8.682,12.75,8.83,7.85,6.47,-0.0,-0.0,-0.002,0.38,0.1,-80.3059012,26.9217511,66.75
0.3,7.7,0.0,14.91,3.04,0.49,-0.87,-2.52,-3.26,0.23,-0.44,9.437,6.563,10.212,10.771,4.91,8.34,26.09,16.58,0.001,0.001,-0.001,0.46,0.12,-80.3059006,26.9217577,66.8
-0.4,7.6,0.0,14.99,2.15,0.44,-0.02,0.93,-0.48,0.29,-0.47,2.933,12.567,2.972,2.953,1.77,13.64,16.28,5.2,0.002,0.001,-0.001,0.36,0.09,-80.3058999,26.9217644,66.85
2.0,7.5,0.0,15.13,2.54,-1.15,0.51,-1.79,2.87,0.33,-0.37,4.424,9.378,16.736,15.245,9.81,8.14,20.01,10.69,0.004,0.001,-0.002,0.18,0.05,-80.3058993,26.9217712,66.9
1.4,7.5,0.0,15.26,2.79,0.5,0.55,-2.41,5.5,0.21,-0.08,13.842,6.435,11.929,11.301,22.27,8.73,11.77,16.97,0.002,0.001,-0.0,0.34,0.09,-80.3058987,26.921778,66.95
1.4,7.1,0.0,15.4,2.46,-0.63,-0.1,3.96,1.57,0.38,0.04,11.713,12.243,1.501,3.934,7.16,8.04,5.98,5.1,-0.0,-0.001,-0.0,0.3,0.08,-80.305898,26.9217849,67.0
1.8,6.7,0.0,15.55,3.53,0.02,-0.79,-3.19,-3.28,0.31,-0.08,7.573,8.682,3.483,5.886,3.14,4.51,7.65,-5.59,-0.0,-0.001,-0.002,0.29,0.08,-80.3058973,26.9217919,67.05
0.7,6.5,0.0,15.67,2.76,-0.32,-0.5,-5.96,-5.17,0.02,-0.33,9.594,8.721,8.201,7.416,6.97,8.93,16.58,0.98,0.001,0.001,-0.001,0.3,0.08,-80.3058967,26.9217989,67.1
2.2,5.9,0.0,15.79,1.99,0.07,1.01,0.95,-3.16,0.13,-0.53,5.896,9.8,9.339,9.594,16.68,16.19,22.07,17.56,0.002,0.001,-0.002,0.37,0.1,-80.305896,26.9218059,67.15
2.9,5.7,0.0,15.88,1.99,0.94,0.91,-1.78,2.33,0.14,-0.43,10.889,8.613,9.123,9.094,16.58,16.87,21.58,15.79,0.001,0.0,-0.004,0.27,0.07,-80.3058953,26.9218131,67.2
1.8,5.2,0.0,16.04,3.03,1.38,0.45,3.13,0.22,0.26,-0.41,6.877,12.89,11.017,9.349,4.22,21.09,7.85,13.05,0.0,0.001,-0.003,0.41,0.11,-80.3058947,26.9218203,67.25
2.6,4.9,0.0,16.11,1.74,0.33,-0.41,0.87,1.0,0.26,-0.36,4.552,7.73,11.046,8.996,-0.2,7.85,12.65,18.05,0.001,0.001,-0.002,0.38,0.11,-80.305894,26.9218275,67.3
1.3,4.5,0.0,16.2,2.14,0.85,0.22,0.06,2.91,0.2,-0.29,10.448,9.29,9.898,9.104,0.29,10.59,8.63,16.28,0.001,0.002,-0.002,0.45,0.13,-80.3058933,26.9218347,67.35
2.6,4.2,0.0,16.25,1.32,0.05,0.09,2.9,2.97,0.37,-0.12,9.869,8.8,7.24,8.809,21.48,6.38,10.1,30.71,0.001,-0.001,-0.001,0.34,0.1,-80.3058927,26.921842,67.4
2.0,4.1,0.0,16.33,1.28,-0.06,0.38,-0.16,-0.44,0.27,-0.07,13.685,12.92,8.623,10.016,24.43,7.95,9.12,13.34,-0.0,-0.001,-0.0,0.16,0.05,-80.305892,26.9218493,67.45
2.1,3.9,0.0,16.38,0.53,-0.34,0.26,1.26,-3.17,0.21,-0.2,11.939,6.043,7.75,8.034,18.74,8.53,-3.34,13.54,-0.0,-0.001,0.001,0.28,0.08,-80.3058913,26.9218567,67.5
2.6,3.8,0.0,16.47,1.64,-0.09,0.71,4.18,-2.66,0.41,-0.35,6.318,8.966,9.506,13.391,11.97,7.26,11.97,-2.16,0.001,-0.0,-0.003,0.29,0.08,-80.3058907,26.9218641,67.55
1.5,3.6,0.0,16.47,0.78,0.51,0.42,0.04,0.22,0.3,-0.38,9.339,4.14,9.859,10.153,6.87,-7.26,21.68,2.06,0.001,-0.0,-0.003,0.34,0.1,-80.30589,26.9218715,67.6
3.1,3.6,0.0,16.48,0.09,-0.43,0.24,0.65,5.32,0.22,-0.16,9.104,12.998,9.673,8.182,9.71,3.73,12.16,16.38,0.001,-0.0,-0.001,0.25,0.07,-80.3058893,26.9218789,67.65
2.2,3.5,0.0,16.56,2.13,0.01,0.87,3.32,2.78,0.36,-0.0,11.644,12.753,6.524,6.161,7.55,4.91,6.08,0.39,-0.001,-0.002,-0.001,0.35,0.1,-80.3058887,26.9218863,67.7
4.2,3.4,0.0,16.55,-0.09,-0.05,0.61,-1.7,-1.19,0.23,-0.05,8.731,12.93,8.731,7.485,18.25,3.24,7.36,-2.55,-0.0,-0.002,-0.001,0.29,0.08,-80.305888,26.9218938,67.75
2.4,3.4,0.0,16.59,0.03,0.53,0.74,-0.15,-2.64,0.11,-0.16,13.047,7.191,10.075,9.133,22.86,4.02,20.6,15.01,0.0,-0.0,0.001,0.41,0.12,-80.3058873,26.9219012,67.8
3.1,3.4,0.0,16.62,0.54,-0.04,0.72,4.01,-0.6,0.28,-0.22,6.936,9.712,9.957,11.085,14.32,8.63,19.42,13.24,0.0,-0.001,-0.002,0.35,0.1,-80.3058867,26.9219087,67.85
2.4,3.4,0.0,16.62,0.33,0.4,0.56,0.13,1.58,0.16,-0.16,6.857,11.046,12.508,6.877,2.26,15.89,17.85,-4.71,-0.0,0.0,-0.002,0.33,0.09,-80.3058861,26.9219162,67.9
1.4,3.4,0.0,16.67,1.3,-0.9,-0.11,1.4,2.11,0.14,-0.06,8.78,10.271,9.584,7.573,9.81,7.36,9.71,2.35,-0.001,-0.001,0.0,0.32,0.09,-80.3058854,26.9219237,67.95
1.8,3.4,0.0,16.71,1.02,-0.73,0.15,-0.72,-1.81,0.13,-0.12,8.937,12.429,11.605,10.281,5.69,7.75,7.55,4.51,-0.001,-0.002,-0.001,0.23,0.07,-80.3058848,26.9219313,68.0
1.0,3.4,0.0,16.69,1.46,0.99,0.7,0.52,-1.61,0.07,-0.15,11.154,8.025,9.113,6.063,10.69,9.91,7.75,23.94,-0.001,-0.001,0.001,0.34,0.1,-80.3058841,26.9219388,68.05
2.1,3.4,0.0,16.72,0.8,-1.23,0.04,1.29,-2.04,0.24,-0.2,6.347,12.478,11.154,11.978,15.7,13.83,23.94,20.5,0.0,-0.001,-0.002,0.11,0.03,-80.3058835,26.9219463,68.1
1.0,3.5,0.0,16.69,-0.79,-0.56,0.02,-2.81,1.24,0.09,-0.15,12.066,6.396,9.712,8.495,17.46,8.44,14.22,14.62,0.0,0.0,-0.002,0.12,0.03,-80.3058829,26.9219538,68.15
1.4,3.5,0.0,16.74,1.31,-0.04,0.19,3.41,2.46,0.26,-0.01,9.486,9.143,8.751,8.525,14.42,13.34,4.41,7.36,-0.0,-0.001,-0.001,0.24,0.07,-80.3058822,26.9219613,68.2
2.2,3.5,0.0,16.77,-0.25,0.7,0.41,-0.04,-1.91,0.24,-0.08,8.446,10.693,10.34,10.654,11.38,10.79,12.07,14.81,-0.0,-0.001,-0.001,0.24,0.07,-80.3058816,26.9219689,68.25
1.6,3.5,0.0,16.76,0.08,0.77,1.35,-1.91,-0.48,0.14,-0.12,10.585,5.18,9.123,7.642,2.26,6.38,15.21,14.91,-0.001,-0.001,0.0,0.36,0.11,-80.305881,26.9219764,68.3
2.7,3.5,0.0,16.8,1.28,0.57,1.35,0.44,-0.65,0.25,-0.17,6.553,11.438,10.202,9.094,-1.08,6.87,17.66,16.38,-0.0,-0.001,-0.0,0.36,0.11,-80.3058803,26.921984,68.35
2.1,3.5,0.0,16.79,-0.85,1.21,0.83,0.87,2.02,0.29,-0.15,9.545,11.497,11.674,8.937,3.43,11.87,12.95,11.48,0.0,-0.0,-0.001,0.44,0.13,-80.3058797,26.9219916,68.4
4.1,3.6,0.0,16.77,-0.73,0.39,0.48,0.7,2.07,0.34,-0.03,9.398,10.114,11.939,9.27,16.09,17.46,2.65,7.46,0.0,-0.001,-0.001,0.43,0.12,-80.3058792,26.9219993,68.45
3.6,3.6,0.0,16.84,0.1,0.42,0.64,-0.1,-0.15,0.26,0.02,10.938,12.027,11.282,7.76,18.93,11.97,14.03,4.61,-0.001,-0.001,0.0,0.41,0.12,-80.3058785,26.9220069,68.5
4.9,3.7,0.0,16.86,0.02,0.95,0.99,4.0,-3.86,0.4,-0.12,12.596,6.926,8.633,10.408,25.31,9.91,11.09,25.02,0.0,-0.001,0.0,0.41,0.12,-80.3058779,26.9220145,68.55
5.1,3.7,0.0,16.89,0.79,1.7,2.48,0.39,-1.36,0.4,-0.19,8.721,6.063,7.338,9.339,9.81,2.26,13.34,25.51,0.0,-0.001,-0.001,0.47,0.14,-80.3058774,26.9220221,68.6
4.4,3.7,0.0,16.88,-0.08,-0.2,1.54,2.87,1.03,0.44,-0.17,10.693,8.643,9.496,9.82,4.91,-0.88,-1.08,14.72,0.0,-0.002,-0.002,0.42,0.12,-80.3058768,26.9220297,68.65
4.5,3.7,0.0,16.92,0.12,0.7,1.83,-1.18,1.66,0.4,-0.11,9.29,9.673,6.269,7.73,0.29,2.06,14.81,5.59,0.0,-0.001,-0.001,0.37,0.11,-80.3058763,26.9220373,68.7
4.3,3.8,0.0,16.91,-0.5,1.77,1.58,-3.73,1.56,0.26,-0.05,9.526,9.928,11.438,8.633,10.1,10.5,-3.73,-1.28,0.001,-0.001,0.0,0.58,0.17,-80.3058757,26.922045,68.75
5.4,3.8,0.0,16.96,0.69,0.14,1.63,-0.48,1.05,0.31,0.02,9.771,15.049,10.251,9.32,7.65,9.12,9.81,-15.89,0.001,-0.002,-0.001,0.48,0.14,-80.3058752,26.9220526,68.8
4.4,3.9,0.0,16.99,0.89,0.63,2.82,-5.5,0.16,0.11,0.0,11.958,7.819,8.24,8.427,25.31,14.81,16.97,13.34,0.0,-0.001,0.001,0.53,0.16,-80.3058747,26.9220603,68.85
8.1,3.9,0.0,17.01,0.31,-0.11,1.53,0.19,-1.98,0.1,-0.07,14.44,4.758,6.416,10.281,36.49,11.97,5.0,18.34,-0.0,-0.001,0.001,0.54,0.16,-80.3058742,26.9220679,68.9
6.1,3.9,0.0,17.04,0.7,0.55,2.27,4.46,-2.91,0.26,-0.16,7.191,11.772,7.828,12.537,16.19,11.28,3.24,5.4,-0.0,-0.001,-0.002,0.6,0.18,-80.3058738,26.9220756,68.95
6.6,3.9,0.0,17.06,0.1,0.28,2.26,-3.42,-0.53,0.19,-0.18,8.652,4.797,12.174,10.271,11.58,4.41,16.78,9.12,0.001,-0.0,-0.002,0.59,0.18,-80.3058733,26.9220833,69.0
5.9,3.9,0.0,17.11,1.09,0.14,2.96,1.42,1.15,0.23,-0.11,6.838,10.114,11.448,6.543,2.16,1.18,25.9,13.64,-0.001,-0.002,-0.001,0.55,0.16,-80.305873,26.922091,69.05
5.8,4.0,0.0,17.11,0.34,0.9,2.39,5.0,0.18,0.39,-0.13,12.076,9.32,6.386,9.221,6.18,-2.35,7.85,24.72,-0.001,-0.002,-0.001,0.53,0.16,-80.3058726,26.9220988,69.1
6.2,4.0,0.0,17.17,2.29,1.72,2.21,0.05,-2.55,0.38,-0.19,12.684,7.789,4.513,7.632,8.44,-3.83,10.99,44.83,-0.0,-0.002,-0.0,0.57,0.17,-80.3058722,26.9221065,69.15
4.8,4.0,0.0,17.2,0.04,-0.35,1.53,-0.19,-0.07,0.39,-0.25,11.154,5.562,11.282,11.311,14.72,3.34,-6.87,2.75,0.001,-0.001,-0.003,0.57,0.17,-80.3058718,26.9221143,69.2
6.1,4.0,0.0,17.2,0.57,0.49,1.83,-0.72,0.47,0.45,-0.21,7.681,12.576,12.047,11.831,15.5,18.44,6.87,-1.86,0.001,-0.0,-0.003,0.31,0.09,-80.3058715,26.922122,69.25
5.1,4.0,0.0,17.26,1.4,1.01,1.85,-2.3,1.67,0.4,-0.11,10.791,8.594,9.202,8.495,23.64,21.19,11.97,5.4,0.001,-0.001,-0.002,0.61,0.18,-80.3058711,26.9221298,69.3
5.6,4.0,0.0,17.28,-0.33,-0.29,1.7,-1.2,-0.8,0.41,-0.09,9.987,11.968,8.966,8.751,22.86,8.53,27.37,11.38,-0.001,-0.003,-0.001,0.49,0.15,-80.3058708,26.9221376,69.35
4.9,4.0,0.0,17.31,0.72,-0.22,1.83,-1.81,-2.09,0.32,-0.21,8.182,7.622,8.888,7.956,19.91,12.75,25.8,18.54,-0.0,-0.002,0.0,0.45,0.14,-80.3058705,26.9221454,69.4
4.5,4.0,0.0,17.35,0.53,0.08,1.33,-0.8,-1.46,0.33,-0.32,6.288,8.289,11.193,9.643,7.95,14.62,14.52,11.38,0.001,-0.0,-0.001,0.43,0.13,-80.3058702,26.9221533,69.45
5.3,4.0,0.0,17.35,-0.36,1.04,1.14,0.63,3.28,0.34,-0.26,6.308,7.318,11.801,11.203,4.81,7.46,10.4,-1.08,0.001,0.0,-0.003,0.57,0.17,-80.3058699,26.9221611,69.5
4.2,4.0,0.0,17.41,1.29,0.4,1.69,0.87,4.51,0.38,-0.02,6.543,12.841,9.427,7.112,1.86,15.01,14.81,1.08,-0.0,-0.001,-0.001,0.47,0.14,-80.3058696,26.922169,69.55
5.1,4.0,0.0,17.44,0.69,0.48,2.36,-2.33,0.89,0.28,0.04,9.633,13.391,9.163,4.002,-9.22,11.77,18.93,12.65,-0.001,-0.002,0.001,0.45,0.14,-80.3058693,26.9221768,69.6
4.2,4.0,0.0,17.45,0.45,1.91,3.01,0.79,-1.79,0.33,-0.06,10.634,13.479,6.121,5.758,-1.67,6.38,17.76,19.91,-0.001,-0.002,0.001,0.56,0.17,-80.305869,26.9221847,69.65
6.1,4.0,0.0,17.53,2.14,1.99,2.25,-0.58,-3.86,0.36,-0.27,8.937,6.681,8.24,10.301,4.71,3.63,4.41,19.62,0.0,-0.001,-0.0,0.45,0.14,-80.3058688,26.9221926,69.7
5.2,4.0,0.0,17.53,0.46,1.71,1.16,1.46,-1.74,0.42,-0.39,10.006,2.708,12.351,14.166,23.25,-6.67,-10.2,18.34,0.002,-0.0,-0.003,0.5,0.15,-80.3058685,26.9222006,69.75
7.7,4.0,0.0,17.55,0.98,0.22,0.94,1.14,2.94,0.4,-0.21,11.968,9.28,5.533,11.527,19.03,1.37,6.47,18.64,0.001,-0.0,-0.003,0.4,0.12,-80.3058683,26.9222085,69.8
5.6,4.0,0.0,17.59,0.71,0.48,1.87,0.36,2.45,0.34,-0.04,9.506,10.634,6.327,6.465,19.72,14.72,20.21,27.76,0.0,-0.0,-0.0,0.5,0.15,-80.3058682,26.9222165,69.85
6.8,4.0,0.0,17.6,0.31,0.47,2.74,-0.3,-0.44,0.37,0.03,10.006,12.007,8.652,6.072,19.52,23.84,22.76,10.2,-0.0,-0.001,0.001,0.46,0.14,-80.305868,26.9222245,69.9
7.7,4.0,0.0,17.66,0.99,1.45,3.24,2.34,-2.9,0.47,-0.04,8.829,10.261,9.241,8.623,18.93,8.04,20.01,0.88,0.0,-0.001,0.0,0.52,0.16,-80.3058678,26.9222325,69.95
7.2,4.0,0.0,17.66,-0.36,0.19,3.07,2.94,-0.71,0.55,-0.13,5.866,2.246,7.063,10.791,8.53,9.52,-0.88,26.68,0.001,0.0,-0.001,0.46,0.14,-80.3058677,26.9222404,70.0
10.2,4.0,0.0,17.71,0.92,0.43,2.72,3.51,2.19,0.72,-0.05,8.397,9.378,8.79,11.9,22.37,10.99,-5.0,21.68,0.002,0.0,-0.002,0.31,0.1,-80.3058675,26.9222485,70.05
6.5,3.9,0.0,17.73,-0.63,-0.16,3.09,-1.55,1.97,0.63,0.11,14.048,9.113,6.926,10.094,12.75,16.09,1.67,13.34,0.001,-0.002,-0.002,0.31,0.1,-80.3058674,26.9222565,70.1
8.2,3.9,0.0,17.76,0.16,1.96,4.89,-1.65,-0.27,0.6,0.16,10.83,17.374,5.288,5.572,-7.36,22.17,10.4,4.22,-0.004,-0.006,0.001,0.41,0.13,-80.3058673,26.9222645,70.15
7.0,3.9,0.0,17.81,1.68,2.51,4.74,-0.48,-7.11,0.61,-0.16,5.915,14.401,17.344,5.719,-5.59,18.64,36.3,-3.24,-0.003,-0.004,0.0,0.47,0.14,-80.3058673,26.9222725,70.2
9.9,3.9,0.0,17.85,1.04,1.06,3.14,-4.87,-7.27,0.64,-0.61,4.876,9.418,15.696,14.126,-2.26,-1.77,25.9,6.77,-0.001,-0.003,-0.005,0.34,0.11,-80.3058673,26.9222806,70.25
11.1,3.9,0.0,17.84,1.09,2.68,3.56,-1.22,0.72,0.62,-0.73,6.622,8.564,12.096,14.274,20.4,-8.14,-14.72,19.13,0.002,-0.002,-0.009,0.49,0.15,-80.3058673,26.9222887,70.3
11.5,3.9,0.0,17.86,0.89,0.08,4.09,0.15,3.99,0.44,-0.5,12.576,3.787,4.365,8.123,23.45,3.04,-1.86,59.84,0.001,-0.002,-0.003,0.28,0.09,-80.3058673,26.9222967,70.35
11.5,3.8,0.0,17.86,-0.3,1.07,4.42,1.79,2.32,0.44,-0.29,15.608,10.791,2.354,9.182,30.31,8.34,5.4,19.52,0.001,-0.002,-0.002,0.3,0.09,-80.3058674,26.9223048,70.4
12.1,3.9,0.0,17.9,0.32,0.91,4.47,1.15,-0.42,0.45,-0.22,7.72,10.644,11.066,8.123,9.52,22.66,31.2,-12.56,0.0,-0.001,-0.001,0.39,0.12,-80.3058676,26.9223129,70.45
11.6,3.8,0.0,17.94,0.0,1.72,5.31,2.83,1.26,0.58,-0.23,5.297,12.557,11.34,7.426,13.34,16.09,25.6,-20.99,0.002,-0.001,-0.002,0.52,0.16,-80.3058677,26.922321,70.5
11.7,3.8,0.0,17.96,0.35,2.61,6.81,-3.25,1.73,0.57,-0.21,4.787,12.047,12.861,7.436,3.53,18.64,23.05,-13.34,0.001,-0.001,-0.003,0.49,0.15,-80.3058679,26.9223291,70.55
11.2,3.8,0.0,17.97,0.88,2.08,6.29,0.35,1.23,0.6,-0.22,7.691,10.34,5.533,4.777,0.88,12.95,9.22,19.23,0.001,-0.002,-0.001,0.45,0.14,-80.3058682,26.9223373,70.6
11.2,3.8,0.0,18.0,0.56,2.54,4.95,-2.41,-0.03,0.57,-0.24,7.809,9.575,8.986,10.762,-6.38,14.52,-3.24,24.82,0.0,-0.002,-0.002,0.43,0.13,-80.3058685,26.9223454,70.65
11.5,3.7,0.0,18.01,0.26,2.73,4.92,1.12,-0.23,0.56,-0.27,7.76,8.142,10.036,9.359,-16.09,11.38,5.2,26.88,-0.0,-0.002,-0.002,0.51,0.16,-80.3058688,26.9223535,70.7
12.2,3.7,0.0,18.0,-0.06,2.61,5.93,0.77,1.93,0.61,-0.21,10.006,11.86,8.339,10.703,-2.55,13.73,10.99,6.67,0.0,-0.002,-0.003,0.45,0.14,-80.3058693,26.9223617,70.75
12.4,3.6,0.0,18.05,1.07,2.63,6.3,-3.8,-0.5,0.47,-0.2,10.271,6.239,9.575,6.71,-8.83,13.05,29.72,13.34,-0.001,-0.003,-0.001,0.44,0.14,-80.3058697,26.9223698,70.8
12.1,3.6,0.0,18.06,0.67,3.78,5.72,5.79,-1.54,0.67,-0.26,7.887,11.438,3.041,6.906,-0.29,-2.16,3.63,16.58,-0.001,-0.003,-0.002,0.5,0.16,-80.3058702,26.922378,70.85
15.9,3.6,0.0,18.08,1.35,3.03,4.98,-2.99,-3.76,0.66,-0.41,9.81,6.141,8.711,13.126,9.52,0.1,12.36,23.15,0.001,-0.002,-0.003,0.39,0.12,-80.3058707,26.9223861,70.9
14.2,3.5,0.0,18.07,-0.04,3.94,6.17,5.31,-0.54,0.69,-0.41,13.077,5.091,3.59,13.361,11.67,0.88,1.37,49.15,0.002,-0.001,-0.002,0.53,0.17,-80.3058713,26.9223943,70.95
16.0,3.4,0.0,18.08,1.55,2.04,7.05,1.37,0.86,0.78,-0.26,13.852,7.122,2.139,10.595,14.03,-3.43,-3.63,26.0,0.001,-0.003,-0.004,0.31,0.1,-80.3058719,26.9224025,71.0
14.4,3.4,0.0,18.09,-0.6,3.37,7.0,1.25,-0.38,0.73,-0.17,11.468,7.142,6.053,8.005,-4.22,13.54,5.1,10.89,0.001,-0.002,-0.002,0.37,0.12,-80.3058726,26.9224106,71.05
14.8,3.3,0.0,18.1,0.29,2.15,7.29,-1.18,0.23,0.74,-0.17,8.966,13.136,11.635,8.182,-4.32,26.0,19.33,7.36,0.0,-0.002,-0.002,0.44,0.14,-80.3058733,26.9224188,71.1
17.3,3.3,0.0,18.07,-0.74,2.28,7.25,-3.95,1.21,0.74,-0.2,7.652,8.613,12.645,10.742,42.67,39.93,32.18,9.61,0.003,-0.001,-0.003,0.38,0.12,-80.3058741,26.922427,71.15
15.0,3.3,0.0,18.08,-0.27,0.66,6.78,6.0,0.79,0.88,-0.11,8.731,9.378,6.357,9.79,26.88,11.09,8.53,6.87,0.0,-0.004,-0.003,0.44,0.14,-80.3058749,26.9224351,71.2
14.8,3.3,0.0,18.08,0.26,3.19,6.63,0.07,-2.09,0.71,-0.17,11.86,4.679,0.314,13.185,17.66,-0.69,-22.76,4.81,-0.001,-0.004,-0.002,0.43,0.14,-80.3058758,26.9224433,71.25
14.3,3.3,0.0,18.09,0.16,2.85,6.32,5.92,-7.0,0.7,-0.36,13.469,5.915,9.486,13.371,6.28,4.41,17.36,31.98,-0.001,-0.003,-0.001,0.53,0.17,-80.3058768,26.9224514,71.3
14.3,3.3,0.0,18.06,-0.65,0.72,7.56,-0.97,-2.64,0.68,-0.49,6.553,12.007,12.125,10.997,3.34,12.56,26.88,22.56,0.0,-0.003,-0.005,0.36,0.11,-80.3058778,26.9224595,71.35
12.4,3.3,0.0,18.03,-1.34,3.02,7.25,-2.28,2.47,0.68,-0.45,6.465,13.332,11.674,6.563,-4.02,22.07,22.96,9.61,0.001,-0.002,-0.005,0.5,0.16,-80.3058789,26.9224676,71.4
13.4,3.3,0.0,18.05,0.64,3.4,6.83,-2.42,4.29,0.69,-0.3,6.121,11.144,9.457,5.16,1.47,18.34,24.62,7.06,0.001,-0.002,-0.003,0.46,0.14,-80.30588,26.9224757,71.45
11.9,3.3,0.0,18.03,-0.64,2.12,6.86,-1.65,2.1,0.67,-0.21,8.858,11.556,9.898,5.042,8.24,13.34,24.03,7.85,-0.0,-0.003,-0.002,0.45,0.14,-80.3058812,26.9224838,71.5
13.1,3.3,0.0,18.04,0.56,2.3,6.78,0.82,-1.24,0.72,-0.28,7.868,9.604,7.75,7.868,4.02,10.01,14.22,14.72,-0.0,-0.002,-0.001,0.44,0.14,-80.3058825,26.9224919,71.55
12.1,3.2,0.0,18.02,-0.12,1.92,5.61,-0.59,-2.15,0.75,-0.41,9.241,8.348,12.027,10.869,11.87,5.1,1.57,16.38,0.001,-0.002,-0.002,0.42,0.13,-80.3058838,26.9225,71.6
13.4,3.1,0.0,18.01,0.11,2.17,5.18,-0.48,0.21,0.74,-0.4,10.144,7.377,8.819,12.498,10.79,5.1,-4.22,15.79,0.001,-0.002,-0.003,0.37,0.12,-80.3058851,26.9225081,71.65
11.7,3.1,0.0,18.01,0.34,2.04,5.65,-0.24,1.8,0.69,-0.29,12.312,5.876,6.337,9.29,-2.65,-6.97,0.29,25.11,0.0,-0.003,-0.001,0.37,0.12,-80.3058865,26.9225161,71.7
14.4,3.0,0.0,17.99,-0.34,2.49,5.94,-0.43,1.46,0.69,-0.2,12.802,11.792,8.682,7.868,17.85,7.95,13.44,12.75,0.0,-0.002,-0.001,0.34,0.11,-80.3058879,26.9225242,71.75
12.3,3.0,0.0,17.97,0.5,2.29,6.1,-2.01,-0.11,0.73,-0.16,10.663,8.898,8.054,10.614,28.06,15.11,24.03,14.81,0.001,-0.003,-0.001,0.38,0.12,-80.3058894,26.9225322,71.8
14.0,2.9,0.0,17.93,-1.16,1.13,5.31,-0.69,-0.85,0.67,-0.16,11.625,5.484,3.777,6.896,30.31,1.67,7.46,18.84,0.0,-0.003,-0.001,0.42,0.13,-80.3058909,26.9225402,71.85
12.7,2.9,0.0,17.94,-0.59,1.9,5.25,5.51,-1.66,0.69,-0.2,8.093,2.894,6.71,13.008,5.89,-0.78,-0.2,10.1,-0.0,-0.003,-0.001,0.49,0.15,-80.3058924,26.9225482,71.9
13.3,2.9,0.0,17.9,-1.15,0.6,6.29,0.95,-1.18,0.68,-0.26,11.448,11.527,9.467,9.575,2.65,13.73,4.51,10.59,-0.001,-0.003,-0.002,0.42,0.13,-80.305894,26.9225562,71.95
13.0,2.8,0.0,17.88,-0.64,1.34,6.11,1.61,-2.48,0.72,-0.36,8.633,15.539,13.155,10.477,6.57,38.75,25.31,18.34,-0.001,-0.003,-0.002,0.58,0.18,-80.3058957,26.9225642,72.0
12.8,2.8,0.0,17.84,-1.19,0.54,6.47,-0.42,-0.58,0.85,-0.45,3.571,15.559,9.123,7.475,-0.49,31.69,35.71,14.91,-0.0,-0.002,-0.003,0.55,0.17,-80.3058973,26.9225721,72.05
13.7,2.8,0.0,17.82,-1.59,4.34,7.11,-1.52,3.35,0.83,-0.44,0.177,15.99,16.226,5.552,-19.33,24.33,27.08,-7.46,-0.0,-0.002,-0.004,0.67,0.21,-80.3058991,26.92258,72.1
14.5,2.9,0.0,17.81,0.53,2.64,7.81,-1.03,6.91,1.0,-0.31,5.484,10.301,12.694,6.602,0.0,25.21,26.59,-23.05,0.001,-0.002,-0.004,0.7,0.22,-80.3059008,26.9225879,72.15
17.4,2.8,0.0,17.75,-0.91,1.73,7.72,-2.63,3.35,1.11,-0.17,8.839,12.174,5.494,5.758,16.58,5.49,12.46,10.2,0.001,-0.003,-0.001,0.51,0.16,-80.3059027,26.9225958,72.2
15.9,2.9,0.0,17.75,1.67,5.47,7.26,0.11,-2.04,1.02,-0.18,13.969,5.405,6.995,13.999,24.62,-8.93,-25.7,23.84,0.001,-0.004,0.0,0.68,0.21,-80.3059045,26.9226036,72.25
19.2,2.9,0.0,17.72,0.23,3.61,7.08,1.66,-4.29,0.97,-0.24,12.361,1.05,4.287,14.166,23.35,-3.34,-4.41,31.78,0.002,-0.002,0.0,0.61,0.19,-80.3059065,26.9226115,72.3
16.1,2.9,0.0,17.68,-0.71,2.31,7.08,3.5,0.35,1.02,-0.17,9.859,5.425,6.69,13.744,15.99,5.3,15.79,28.65,0.003,-0.001,-0.002,0.61,0.19,-80.3059085,26.9226193,72.35
16.4,2.9,0.0,17.66,-0.38,1.68,7.26,-2.18,4.01,0.94,0.04,9.094,9.084,10.516,6.798,5.1,11.28,32.57,6.18,0.001,-0.001,-0.004,0.72,0.22,-80.3059106,26.9226271,72.4
14.0,2.9,0.0,17.64,-1.09,1.2,7.24,0.37,4.6,1.06,0.27,9.496,15.804,7.21,4.277,7.75,17.17,28.65,6.77,-0.001,-0.004,-0.001,0.63,0.19,-80.3059127,26.9226348,72.45
16.1,2.9,0.0,17.64,-0.26,2.82,7.23,-2.74,-1.95,1.02,0.17,8.466,15.51,8.957,6.21,15.99,26.19,22.66,-4.02,-0.001,-0.005,-0.001,0.66,0.2,-80.3059149,26.9226426,72.5
15.3,2.9,0.0,17.6,-1.37,1.4,7.15,3.59,-4.76,1.07,-0.08,8.25,8.947,10.605,10.546,14.32,18.64,1.86,16.58,-0.001,-0.004,-0.0,0.59,0.18,-80.3059171,26.9226503,72.55
16.7,3.0,0.0,17.57,-1.09,3.01,7.22,6.02,-3.78,1.31,-0.3,7.171,9.261,10.153,13.842,3.83,10.01,-2.35,-2.16,0.0,-0.003,-0.007,0.65,0.2,-80.3059193,26.922658,72.6
16.2,3.1,0.0,17.55,-0.27,3.74,7.79,0.85,1.93,1.32,-0.28,5.817,5.631,13.047,13.469,0.69,18.15,13.34,4.61,0.002,-0.0,-0.008,0.67,0.21,-80.3059216,26.9226657,72.65
14.2,3.2,0.0,17.53,-0.43,1.22,7.58,0.28,5.77,1.39,0.01,11.811,16.824,9.476,4.483,-14.13,0.78,30.12,14.81,-0.002,-0.004,-0.004,0.59,0.18,-80.305924,26.9226733,72.7
17.2,3.3,0.0,17.55,0.6,2.73,6.98,-1.81,-0.11,1.42,0.0,10.585,13.901,8.358,6.995,3.24,-8.14,16.09,-5.98,-0.002,-0.007,-0.003,0.6,0.18,-80.3059264,26.922681,72.75
19.7,3.3,0.0,17.55,0.85,3.26,7.98,-5.98,-6.25,1.19,-0.25,11.262,9.212,4.817,7.819,19.62,0.88,23.84,47.28,0.0,-0.006,0.002,0.62,0.19,-80.3059288,26.9226886,72.8
22.3,3.4,0.0,17.49,-1.38,2.88,9.06,-1.32,-4.09,1.1,-0.53,10.624,4.768,11.909,12.665,18.34,0.59,-22.17,16.87,0.002,-0.004,-0.004,0.74,0.23,-80.3059313,26.9226962,72.85
20.5,3.6,0.0,17.47,0.37,2.26,10.21,-1.77,1.11,1.04,-0.54,8.751,6.916,11.389,12.007,16.68,1.37,1.96,7.36,0.002,-0.004,-0.007,0.72,0.22,-80.3059339,26.9227038,72.9
22.9,3.8,0.0,17.5,0.58,3.09,9.24,-5.25,1.66,0.81,-0.44,12.263,7.613,7.789,9.006,18.34,7.36,27.57,22.17,0.002,-0.003,-0.005,0.79,0.24,-80.3059366,26.9227114,72.95
21.4,4.0,0.0,17.51,-0.1,4.05,9.23,2.31,2.1,0.81,-0.32,7.014,10.428,9.565,10.094,9.32,2.35,18.44,14.62,0.002,-0.002,-0.004,0.93,0.28,-80.3059394,26.9227189,73.0
22.8,4.1,0.0,17.48,-0.54,2.0,10.1,1.06,5.65,0.86,-0.1,7.72,4.925,6.789,7.367,9.32,5.3,6.97,4.81,0.003,-0.001,-0.004,0.81,0.25,-80.3059422,26.9227264,73.05
20.6,4.1,0.0,17.54,1.24,2.82,10.39,2.1,3.77,0.92,0.12,11.331,11.527,4.473,5.101,3.43,13.15,7.75,0.39,0.001,-0.002,-0.003,0.77,0.23,-80.3059452,26.9227339,73.1
20.0,4.1,0.0,17.58,0.1,2.86,10.73,4.72,-0.73,1.05,0.11,8.652,10.173,7.789,6.278,1.77,19.03,8.73,6.28,-0.0,-0.003,-0.002,0.74,0.23,-80.3059481,26.9227414,73.15
18.2,4.2,0.0,17.57,0.0,2.7,10.74,0.86,-3.62,1.17,-0.05,5.14,14.911,6.092,6.936,-3.73,8.83,20.4,17.76,0.0,-0.005,-0.002,0.55,0.17,-80.3059512,26.9227489,73.2
16.7,4.2,0.0,17.65,1.5,4.81,9.89,-1.22,-4.94,1.14,-0.36,9.732,12.694,14.077,9.761,5.3,15.01,19.62,16.09,0.0,-0.004,-0.006,0.76,0.23,-80.3059543,26.9227563,73.25
18.9,4.2,0.0,17.67,0.84,3.02,8.97,-1.08,-2.71,1.16,-0.55,8.8,8.015,8.937,11.841,14.13,11.97,31.29,34.14,0.002,-0.003,-0.006,0.6,0.19,-80.3059575,26.9227638,73.3
16.6,4.3,0.0,17.68,0.77,3.48,9.41,-5.88,1.15,0.98,-0.57,8.643,8.652,11.34,9.545,15.01,14.52,13.73,8.73,0.002,-0.002,-0.008,0.66,0.21,-80.3059607,26.9227713,73.35
19.4,4.3,0.0,17.76,1.7,2.56,7.7,1.61,1.62,0.97,-0.5,7.809,4.248,6.808,9.535,13.73,2.65,-0.39,8.63,0.003,-0.001,-0.006,0.71,0.22,-80.3059641,26.9227787,73.4
18.5,4.3,0.0,17.78,0.48,2.34,7.25,0.99,3.87,1.04,-0.3,9.064,7.387,5.16,10.997,17.17,-0.69,10.1,5.89,0.003,-0.002,-0.006,0.62,0.19,-80.3059675,26.9227861,73.45
18.5,4.3,0.0,17.85,1.63,3.4,7.95,-3.19,1.77,0.8,-0.15,11.635,7.269,6.102,5.994,11.48,7.75,13.34,23.35,0.002,-0.002,-0.003,0.67,0.21,-80.3059709,26.9227936,73.5
15.4,4.2,0.0,17.87,-0.04,1.46,9.64,-1.01,-1.1,0.74,-0.17,12.616,8.28,8.182,9.643,25.41,6.28,16.68,21.29,0.002,-0.002,-0.0,0.66,0.21,-80.3059745,26.922801,73.55
16.4,4.2,0.0,17.92,0.82,2.33,7.95,2.11,-2.28,0.86,-0.27,12.949,10.467,9.015,11.88,26.59,5.79,19.23,11.97,0.001,-0.002,-0.003,0.52,0.16,-80.3059781,26.9228084,73.6
14.2,4.1,0.0,17.96,0.0,1.03,6.67,1.68,-2.9,0.86,-0.41,6.73,9.457,7.436,11.262,14.52,-0.2,8.24,7.85,0.001,-0.003,-0.004,0.47,0.15,-80.3059817,26.9228158,73.65
11.8,4.1,0.0,17.98,0.39,2.7,6.69,-0.03,-0.78,0.75,-0.47,9.476,6.926,10.713,9.712,6.08,7.55,-7.36,13.44,0.001,-0.001,-0.004,0.68,0.21,-80.3059855,26.9228233,73.7
10.5,3.9,0.0,18.04,1.73,0.88,5.5,2.51,0.41,0.92,-0.42,5.454,14.264,13.822,12.007,-12.95,14.03,0.1,12.46,-0.0,-0.002,-0.005,0.46,0.15,-80.3059893,26.9228306,73.75
9.4,3.6,0.0,18.04,-0.29,2.23,5.44,-5.98,2.47,0.79,-0.37,5.17,13.459,13.361,5.719,-4.32,12.85,16.87,-10.01,0.001,-0.001,-0.004,0.41,0.13,-80.3059931,26.9228381,73.8
8.4,3.4,0.0,18.09,1.16,1.56,5.95,0.03,3.29,0.79,-0.27,8.437,12.4,13.263,6.818,7.16,20.21,22.46,19.13,0.002,-0.0,0.0,0.49,0.15,-80.305997,26.9228454,73.85
6.3,2.8,0.0,18.1,0.42,2.28,5.48,-2.59,3.91,0.85,-0.16,5.631,10.183,10.762,9.565,8.24,18.34,23.64,18.74,0.002,-0.0,-0.001,0.36,0.11,-80.3060009,26.9228528,73.9
7.2,2.4,0.0,18.08,-0.22,2.71,3.57,-1.45,4.4,0.82,0.06,11.399,11.38,6.102,5.003,18.84,6.67,8.93,13.05,0.001,-0.001,0.001,0.39,0.12,-80.3060048,26.9228602,73.95
3.9,2.2,0.0,18.09,0.51,0.4,2.46,-1.4,-0.34,0.77,0.1,13.812,8.211,4.777,10.31,19.23,6.57,-1.18,16.48,-0.001,-0.004,0.001,0.31,0.1,-80.3060087,26.9228676,74.0
5.6,2.0,0.0,18.06,-0.57,0.8,1.72,-2.92,-4.46,0.6,-0.06,15.215,5.013,6.789,10.183,28.15,12.07,6.28,22.86,-0.001,-0.002,0.002,0.33,0.1,-80.3060127,26.9228749,74.05
2.5,1.8,0.0,18.0,-1.02,0.31,1.93,3.9,-3.5,0.67,-0.19,11.007,7.328,9.506,14.843,23.45,3.34,7.65,15.5,-0.0,-0.002,-0.0,0.29,0.09,-80.3060167,26.9228822,74.1
2.7,1.7,0.0,17.9,-1.39,-0.26,1.29,0.66,1.79,0.69,-0.09,11.841,11.115,12.282,11.409,16.97,15.21,7.55,-3.92,-0.002,-0.002,-0.003,0.23,0.07,-80.3060207,26.9228895,74.15
-0.4,1.7,0.0,17.9,0.05,1.13,0.62,3.43,0.4,0.81,-0.0,8.721,12.233,5.857,8.191,11.38,18.05,18.64,7.65,-0.002,-0.002,-0.0,0.23,0.07,-80.3060246,26.9228968,74.2
0.7,1.7,0.0,17.83,-2.22,0.35,0.0,-3.11,-0.87,0.68,-0.05,9.996,5.572,9.702,7.004,9.22,9.12,22.86,16.87,-0.001,-0.002,0.001,0.23,0.07,-80.3060286,26.922904,74.25
-0.9,1.6,0.0,17.75,-0.59,0.84,0.32,2.06,1.13,0.7,-0.01,10.359,10.114,6.553,9.359,9.32,5.49,5.4,7.36,-0.0,-0.002,0.001,0.3,0.09,-80.3060325,26.9229112,74.3
-0.2,1.6,0.0,17.73,-0.56,-0.34,0.36,-0.45,0.3,0.64,0.05,8.917,6.798,7.701,9.761,3.63,7.16,7.16,9.52,-0.001,-0.002,0.002,0.16,0.05,-80.3060365,26.9229184,74.35
-1.7,1.6,0.0,17.61,-2.2,0.12,-1.1,-0.86,-0.58,0.57,0.04,11.331,11.252,10.026,9.241,-0.59,15.6,0.29,7.06,-0.002,-0.003,0.002,0.24,0.07,-80.3060404,26.9229256,74.4
-1.3,1.5,0.0,17.6,-0.36,-0.39,-1.51,-2.57,-2.19,0.5,0.0,10.34,15.882,9.565,8.613,-4.41,13.64,12.16,-4.12,-0.004,-0.004,0.001,0.27,0.08,-80.3060443,26.9229327,74.45
-3.4,1.5,0.0,17.51,-1.89,-0.07,-0.23,-2.34,-3.68,0.44,-0.2,7.416,8.113,10.605,10.477,7.06,14.62,27.47,9.03,-0.003,-0.002,0.002,0.23,0.07,-80.3060482,26.9229398,74.5
-4.1,1.5,0.0,17.43,-0.88,-1.99,-1.12,1.87,0.72,0.63,-0.26,6.435,12.174,11.801,11.429,9.03,11.77,19.72,9.71,-0.002,-0.001,0.0,0.11,0.03,-80.3060521,26.9229468,74.55
-1.8,1.5,0.0,17.37,-1.14,0.62,-3.14,-0.93,3.63,0.59,-0.15,9.457,6.445,7.838,9.133,12.65,2.84,15.79,22.27,-0.0,-0.0,0.0,0.11,0.03,-80.3060559,26.9229539,74.6
-4.7,1.5,0.0,17.29,-1.34,-0.75,-2.43,0.65,6.48,0.57,0.17,10.389,6.681,5.543,7.907,27.76,27.47,8.63,14.52,0.0,0.0,0.003,0.13,0.04,-80.3060597,26.9229609,74.65
-5.5,1.5,0.0,17.24,-1.31,-0.47,-1.81,-4.39,3.75,0.48,0.43,15.206,5.464,7.436,10.232,45.32,28.35,4.91,8.04,-0.0,-0.001,0.005,0.07,0.02,-80.3060635,26.9229679,74.7
-6.7,1.5,0.0,17.19,-1.0,-1.21,-2.85,0.88,0.61,0.42,0.58,10.722,9.427,4.405,7.338,19.52,4.32,13.05,5.89,-0.004,-0.003,0.006,0.02,0.01,-80.3060671,26.9229749,74.75
-6.8,1.5,0.0,17.14,-0.31,-1.28,-4.58,2.56,-5.21,0.43,0.43,12.263,10.153,5.082,11.282,2.26,-10.4,2.45,34.14,-0.005,-0.005,0.005,0.1,0.03,-80.3060708,26.9229819,74.8
-8.5,1.5,0.0,17.05,-2.05,-1.37,-5.15,0.7,-6.97,0.37,0.14,12.312,8.79,11.174,10.948,7.26,6.97,36.49,42.67,-0.005,-0.003,0.003,0.17,0.05,-80.3060745,26.9229889,74.85
-10.0,1.5,0.0,16.98,-0.7,-3.4,-4.06,-1.68,-4.67,0.36,-0.14,10.094,12.753,12.684,10.546,5.0,18.44,18.54,5.1,-0.005,-0.003,-0.002,-0.0,-0.0,-80.3060781,26.9229958,74.9
-10.9,1.6,0.0,16.92,-2.15,-0.92,-4.44,0.44,-1.92,0.39,-0.3,6.965,11.115,15.902,11.262,-0.49,12.07,11.87,-15.7,-0.004,-0.002,-0.003,0.01,0.0,-80.3060817,26.9230027,74.95
-12.9,1.6,0.0,16.83,-1.83,-2.49,-4.71,-0.12,2.72,0.46,-0.28,7.642,12.194,13.567,8.132,9.52,18.74,22.56,8.83,-0.003,-0.001,-0.001,0.0,0.0,-80.3060852,26.9230097,75.0
-12.4,1.6,0.0,16.78,-0.56,-1.17,-6.25,-2.83,1.41,0.43,-0.19,10.958,12.684,10.104,7.809,19.03,12.36,19.91,19.62,-0.003,-0.002,0.001,-0.01,-0.0,-80.3060887,26.9230166,75.05
-13.8,1.6,0.0,16.71,-0.84,-1.4,-6.25,0.53,-0.47,0.41,-0.17,11.625,7.485,5.67,7.976,22.37,3.43,7.16,21.19,-0.003,-0.002,0.002,0.01,0.0,-80.3060921,26.9230235,75.1
-13.3,1.6,0.0,16.62,-1.55,-2.97,-6.66,-1.74,-0.52,0.3,-0.16,10.546,7.151,7.838,9.143,19.03,4.91,0.88,15.7,-0.002,-0.001,0.003,-0.08,-0.02,-80.3060955,26.9230303,75.15
-13.5,1.7,0.0,16.56,-1.76,-1.95,-7.4,0.76,-0.25,0.28,-0.13,11.772,8.917,6.798,9.006,16.19,6.08,1.57,7.16,-0.002,-0.002,0.003,-0.05,-0.01,-80.3060988,26.9230372,75.2
-13.6,1.6,0.0,16.48,-1.94,-2.79,-7.05,-4.23,-0.17,0.11,-0.11,8.289,11.252,9.938,9.359,5.59,9.32,18.54,3.63,-0.003,-0.003,0.003,-0.05,-0.02,-80.306102,26.923044,75.25
-14.6,1.7,0.0,16.42,-1.04,-1.3,-6.63,-3.83,-0.28,-0.16,-0.14,9.692,13.626,9.82,6.602,-4.02,14.52,20.31,12.46,-0.004,-0.002,0.005,0.06,0.02,-80.3061052,26.9230509,75.3
-16.0,1.7,0.0,16.36,-1.1,-2.05,-6.61,-1.12,-0.15,-0.17,-0.21,6.632,10.045,11.85,7.897,4.91,17.07,15.99,9.71,-0.003,-0.002,0.004,0.11,0.03,-80.3061084,26.9230577,75.35
-16.5,1.8,0.0,16.27,-1.76,-2.35,-7.14,-5.8,1.02,-0.28,-0.22,8.809,7.946,10.909,11.527,14.72,11.18,12.16,3.24,-0.002,-0.001,0.003,-0.08,-0.02,-80.3061114,26.9230645,75.4
-18.3,1.8,0.0,16.21,-1.36,-2.33,-8.16,-3.23,3.93,-0.46,-0.05,10.379,8.515,8.015,9.015,21.68,5.69,10.99,10.5,-0.002,-0.0,0.004,-0.03,-0.01,-80.3061144,26.9230713,75.45
-19.2,1.9,0.0,16.15,-1.3,-2.77,-9.18,2.32,1.97,-0.49,0.13,12.498,8.437,5.082,7.505,20.11,4.12,19.33,19.03,-0.003,-0.0,0.005,-0.06,-0.02,-80.3061173,26.9230781,75.5
-20.1,1.9,0.0,16.08,-1.05,-3.58,-9.29,-0.56,1.61,-0.57,0.24,8.937,11.792,4.64,6.563,9.22,7.75,12.95,12.07,-0.004,-0.001,0.006,-0.13,-0.04,-80.3061201,26.9230849,75.55
-22.8,1.9,0.0,16.02,-1.52,-3.7,-9.88,-2.19,-0.43,-0.72,0.22,10.83,7.701,9.212,8.535,-0.78,14.62,14.32,9.42,-0.004,-0.001,0.006,-0.07,-0.02,-80.3061229,26.9230916,75.6
-22.6,2.0,0.0,15.94,-1.74,-2.36,-10.31,0.5,-0.12,-0.73,0.15,8.868,12.949,13.459,8.074,0.98,15.3,11.87,7.36,-0.005,-0.0,0.006,-0.09,-0.02,-80.3061257,26.9230984,75.65
-24.7,2.0,0.0,15.9,-0.83,-3.35,-10.13,0.25,-0.38,-0.63,0.11,9.575,9.584,11.282,9.496,8.14,8.44,11.18,19.52,-0.004,-0.0,0.005,-0.2,-0.06,-80.3061283,26.9231052,75.7
-25.1,2.1,0.0,15.82,-1.45,-2.19,-11.13,-1.08,0.72,-0.69,0.15,11.193,9.212,9.32,11.183,19.62,3.73,6.97,21.68,-0.003,0.001,0.005,-0.24,-0.07,-80.3061308,26.9231119,75.75
-26.0,2.1,0.0,15.73,-1.78,-3.84,-11.48,2.65,2.74,-0.65,0.29,11.085,7.877,8.917,11.232,20.4,4.81,-2.26,12.36,-0.003,0.001,0.004,-0.24,-0.07,-80.3061333,26.9231187,75.8
-25.4,2.2,0.0,15.69,-1.05,-4.18,-12.08,3.08,3.06,-0.55,0.47,10.075,7.367,7.514,8.976,7.36,4.51,9.22,4.41,-0.004,0.001,0.005,-0.22,-0.06,-80.3061357,26.9231254,75.85
-25.9,2.2,0.0,15.64,-1.11,-2.64,-12.03,4.33,1.97,-0.47,0.61,11.193,12.714,8.299,3.483,-1.18,13.44,22.07,14.13,-0.005,0.001,0.006,-0.23,-0.06,-80.306138,26.9231321,75.9
-27.8,2.3,0.0,15.59,-0.99,-3.91,-11.48,1.15,0.61,-0.35,0.63,7.289,11.556,11.154,7.338,-0.29,11.18,16.78,10.89,-0.005,-0.0,0.005,-0.29,-0.08,-80.3061402,26.9231389,75.95
-28.5,2.4,0.0,15.54,-1.09,-3.58,-12.22,1.23,-0.05,-0.21,0.57,8.77,6.661,7.789,8.868,11.58,6.57,5.0,5.49,-0.004,0.002,0.005,-0.37,-0.1,-80.3061422,26.9231456,76.0
-30.1,2.4,0.0,15.46,-1.31,-2.79,-12.84,3.25,1.02,-0.09,0.64,10.634,9.251,7.632,10.801,22.76,7.75,14.03,21.78,-0.003,0.001,0.005,-0.38,-0.1,-80.3061442,26.9231523,76.05
-29.9,2.4,0.0,15.41,-1.37,-4.63,-13.3,1.57,1.75,-0.06,0.77,11.674,8.574,9.143,10.045,15.89,8.73,14.13,15.01,-0.004,0.0,0.004,-0.45,-0.12,-80.3061461,26.923159,76.1
-29.8,2.7,0.0,15.39,-1.31,-3.43,-13.7,0.32,1.34,-0.11,0.86,9.751,9.624,7.858,4.876,-1.28,10.99,9.71,3.73,-0.005,0.0,0.006,-0.43,-0.11,-80.306148,26.9231658,76.15
-30.4,2.8,0.0,15.37,-1.33,-3.76,-13.5,1.91,-1.87,-0.02,0.75,7.936,12.282,10.919,8.966,-2.26,9.81,5.69,8.73,-0.004,-0.0,0.007,-0.41,-0.11,-80.3061497,26.9231725,76.2
-28.9,2.8,0.0,15.33,-0.57,-3.39,-13.46,-2.18,-0.78,-0.02,0.64,10.094,11.213,10.457,10.271,15.3,8.53,6.28,15.11,-0.004,-0.001,0.005,-0.42,-0.11,-80.3061514,26.9231792,76.25
-29.8,3.0,0.0,15.29,-0.51,-3.78,-13.24,-5.21,-1.48,-0.21,0.56,12.802,9.8,9.418,8.819,22.86,10.4,8.73,10.4,-0.004,-0.001,0.005,-0.36,-0.1,-80.3061529,26.923186,76.3
-29.2,3.2,0.0,15.28,-0.6,-3.0,-13.97,2.01,-3.15,-0.24,0.44,13.832,9.192,8.966,10.811,14.42,9.81,6.87,6.38,-0.004,-0.0,0.005,-0.31,-0.08,-80.3061544,26.9231927,76.35
-29.8,3.3,0.0,15.26,-0.37,-3.27,-13.52,0.94,-2.93,-0.26,0.3,8.083,12.125,10.722,10.369,2.06,11.58,14.62,10.99,-0.004,-0.0,0.004,-0.3,-0.08,-80.3061558,26.9231995,76.4
-30.4,3.3,0.0,15.23,-0.51,-4.81,-13.47,-3.72,0.0,-0.35,0.25,8.584,9.712,9.918,7.112,1.37,8.63,18.64,13.83,-0.004,0.0,0.004,-0.43,-0.12,-80.306157,26.9232062,76.45
-29.9,3.6,0.0,15.23,-0.02,-3.15,-13.78,-0.42,-0.81,-0.4,0.21,13.087,8.28,9.378,9.418,9.03,6.77,16.09,10.3,-0.004,0.0,0.004,-0.33,-0.09,-80.3061582,26.923213,76.5
-30.8,3.9,0.0,15.27,1.13,-3.22,-13.9,-1.27,-2.49,-0.47,0.11,11.075,13.087,11.095,10.153,19.52,11.09,6.47,11.58,-0.004,0.0,0.004,-0.35,-0.09,-80.3061594,26.9232197,76.55
-31.1,4.0,0.0,15.27,-0.85,-4.52,-13.86,-1.21,-3.31,-0.47,-0.04,7.102,10.33,13.136,12.282,13.54,15.99,8.73,13.73,-0.003,0.001,0.004,-0.36,-0.1,-80.3061604,26.9232265,76.6
-31.3,4.2,0.0,15.24,-0.69,-3.76,-14.1,-1.44,-0.24,-0.47,-0.1,9.182,6.671,11.046,9.339,6.67,12.65,12.65,10.1,-0.003,0.001,0.004,-0.37,-0.1,-80.3061613,26.9232333,76.65
-34.7,4.4,0.0,15.33,1.71,-3.03,-13.92,-1.53,-0.47,-0.54,-0.13,10.516,14.499,9.653,6.936,1.18,6.08,7.95,5.59,-0.004,0.001,0.004,-0.31,-0.08,-80.3061622,26.9232402,76.7
-35.4,4.4,0.0,15.34,-0.49,-4.56,-15.22,0.41,-0.6,-0.55,-0.23,6.308,9.673,9.418,9.506,12.07,10.69,0.29,15.7,-0.004,0.002,0.004,-0.39,-0.11,-80.3061629,26.923247,76.75
-37.3,4.9,0.0,15.37,1.15,-4.15,-16.42,1.04,0.75,-0.43,-0.21,11.988,6.063,7.505,7.985,18.05,12.36,9.42,15.7,-0.003,0.003,0.003,-0.4,-0.11,-80.3061636,26.9232539,76.8
-38.6,4.9,0.0,15.47,1.45,-2.74,-16.41,0.68,0.89,-0.42,-0.17,11.017,8.917,10.85,9.947,19.62,11.77,20.8,10.4,-0.002,0.004,0.003,-0.34,-0.09,-80.3061641,26.9232608,76.85
-38.9,4.9,0.0,15.48,0.43,-6.02,-15.35,4.19,4.34,-0.34,-0.0,5.915,9.045,8.025,7.318,10.01,8.04,11.18,12.36,-0.001,0.005,0.004,-0.57,-0.16,-80.3061644,26.9232678,76.9
-38.5,5.1,0.0,15.59,2.72,-4.54,-15.64,1.73,3.54,-0.27,0.21,10.418,7.083,4.012,7.357,6.67,7.46,6.67,16.58,-0.001,0.004,0.006,-0.56,-0.15,-80.3061648,26.9232747,76.95
-38.2,5.1,0.0,15.66,1.56,-4.06,-16.63,-0.01,1.45,-0.28,0.32,11.105,10.497,6.995,3.728,7.46,16.58,25.8,8.24,-0.002,0.004,0.006,-0.51,-0.14,-80.306165,26.9232817,77.0
-39.8,5.1,0.0,15.72,1.48,-4.43,-17.13,-1.67,0.59,-0.25,0.32,6.573,11.988,7.259,5.955,15.89,14.81,20.99,4.02,-0.002,0.003,0.006,-0.51,-0.14,-80.3061651,26.9232888,77.05
-39.6,5.1,0.0,15.81,1.3,-4.28,-18.22,-2.62,-2.19,-0.33,0.22,12.066,9.437,9.359,7.985,22.46,8.24,14.62,7.55,-0.003,0.003,0.006,-0.42,-0.11,-80.3061651,26.9232959,77.1
-39.9,5.1,0.0,15.88,1.04,-5.24,-17.97,0.62,-2.39,-0.38,0.1,11.105,7.564,9.918,10.516,17.46,4.51,-5.49,25.51,-0.004,0.003,0.005,-0.4,-0.11,-80.306165,26.9233031,77.15
-39.8,5.2,0.0,15.97,1.0,-5.59,-17.73,2.45,-2.93,-0.3,-0.05,12.341,5.396,12.645,11.399,7.65,5.49,9.81,8.44,-0.004,0.003,0.003,-0.4,-0.11,-80.3061647,26.9233102,77.2
-40.1,5.1,0.0,16.03,1.44,-4.87,-17.17,1.38,-0.4,-0.26,-0.12,6.759,14.068,12.076,9.055,-1.67,14.72,23.74,5.98,-0.003,0.004,0.003,-0.46,-0.13,-80.3061643,26.9233174,77.25
-42.0,5.1,0.0,16.13,2.36,-4.96,-16.63,1.08,1.91,-0.17,-0.1,8.339,8.819,11.232,7.053,2.65,10.89,18.93,1.57,-0.002,0.005,0.003,-0.43,-0.12,-80.3061638,26.9233246,77.3
-40.7,5.1,0.0,16.19,1.36,-3.67,-16.87,0.01,3.67,-0.07,0.03,8.829,10.094,11.046,9.084,15.01,8.63,8.53,17.36,-0.001,0.005,0.004,-0.47,-0.13,-80.3061631,26.9233319,77.35
-39.9,5.1,0.0,16.27,1.17,-4.55,-17.71,-0.86,3.02,-0.08,0.2,11.664,7.475,9.172,7.161,20.01,6.47,3.34,10.69,-0.002,0.004,0.005,-0.44,-0.12,-80.3061624,26.9233391,77.4
-39.4,5.1,0.0,16.38,2.19,-5.23,-18.43,-0.09,-1.09,-0.05,0.23,10.31,11.409,6.867,7.573,16.87,8.63,13.73,8.83,-0.002,0.003,0.006,-0.45,-0.13,-80.3061615,26.9233464,77.45
-38.6,5.1,0.0,16.46,1.05,-4.7,-18.29,-0.05,-3.1,-0.11,0.12,13.165,7.819,10.016,8.545,10.2,5.2,16.19,7.85,-0.003,0.003,0.006,-0.35,-0.1,-80.3061605,26.9233537,77.5
-39.4,5.1,0.0,16.54,1.92,-6.05,-17.41,0.19,-1.87,-0.19,-0.01,6.141,9.516,10.526,9.231,2.26,12.36,7.85,16.38,-0.003,0.004,0.005,-0.38,-0.11,-80.3061594,26.9233611,77.55
-38.8,5.1,0.0,16.62,1.16,-4.09,-17.07,-0.66,0.23,-0.26,-0.05,10.526,9.82,9.987,7.642,2.16,15.3,8.04,16.09,-0.002,0.004,0.004,-0.29,-0.08,-80.3061581,26.9233684,77.6
-39.4,5.1,0.0,16.68,1.16,-5.27,-17.09,-1.51,2.39,-0.28,0.03,7.917,10.33,14.254,9.918,4.71,12.95,6.28,5.69,-0.003,0.004,0.004,-0.39,-0.11,-80.3061567,26.9233758,77.65
-38.8,5.0,0.0,16.78,2.68,-3.98,-17.0,-0.62,1.11,-0.28,0.09,10.713,11.684,7.456,5.435,12.46,12.07,11.28,6.47,-0.003,0.004,0.004,-0.31,-0.09,-80.3061552,26.9233832,77.7
-38.8,5.0,0.0,16.85,1.31,-3.52,-17.56,0.07,-0.32,-0.26,0.1,12.419,8.388,8.662,6.592,17.85,5.1,13.24,11.87,-0.002,0.004,0.005,-0.33,-0.1,-80.3061535,26.9233906,77.75
-37.5,5.0,0.0,16.93,1.22,-5.4,-17.22,1.74,-0.64,-0.26,0.08,10.301,8.545,8.633,8.858,16.87,4.81,7.55,20.6,-0.002,0.004,0.005,-0.42,-0.12,-80.3061517,26.9233981,77.8
-37.1,5.1,0.0,17.01,1.42,-5.48,-16.44,2.36,-0.23,-0.23,0.09,11.174,7.151,8.554,11.056,19.13,5.79,11.87,20.01,-0.002,0.004,0.005,-0.38,-0.11,-80.3061498,26.9234055,77.85
-36.9,5.1,0.0,17.08,1.33,-4.2,-16.55,-0.36,0.48,-0.29,0.15,9.427,8.466,8.397,7.75,10.59,15.21,9.61,5.3,-0.002,0.004,0.005,-0.33,-0.1,-80.3061477,26.923413,77.9
-35.7,5.0,0.0,17.16,1.39,-5.35,-16.21,-0.89,0.48,-0.37,0.19,6.759,12.037,8.937,6.023,-2.06,18.54,13.83,-2.16,-0.003,0.004,0.005,-0.34,-0.1,-80.3061455,26.9234204,77.95
-35.9,5.0,0.0,17.26,2.12,-3.87,-15.97,-1.36,-0.61,-0.41,0.15,5.229,13.371,10.212,7.073,-0.59,16.68,20.99,4.91,-0.003,0.004,0.005,-0.28,-0.09,-80.3061432,26.9234279,78.0
-33.2,5.0,0.0,17.33,1.88,-3.92,-16.02,-1.31,-1.01,-0.45,0.07,7.652,9.408,9.133,4.974,-2.26,4.61,14.22,13.73,-0.003,0.003,0.005,-0.29,-0.09,-80.3061408,26.9234354,78.05
-32.6,5.1,0.0,17.41,1.61,-3.48,-14.97,0.6,-0.54,-0.43,0.01,10.153,9.359,8.819,8.015,10.01,5.49,7.26,19.72,-0.002,0.004,0.004,-0.2,-0.06,-80.3061383,26.9234429,78.1
-31.6,5.1,0.0,17.49,1.97,-4.82,-14.69,-1.34,0.08,-0.49,0.03,12.91,4.336,8.77,9.614,15.01,6.38,-1.08,20.6,-0.002,0.004,0.004,-0.3,-0.09,-80.3061357,26.9234504,78.15
-31.9,5.1,0.0,17.57,1.77,-4.27,-14.34,-0.14,-0.56,-0.49,0.06,10.84,12.459,8.132,9.045,17.66,9.12,5.98,10.79,-0.003,0.003,0.004,-0.29,-0.09,-80.3061329,26.9234578,78.2
-32.1,5.2,0.0,17.64,1.3,-4.86,-14.46,-1.24,-1.33,-0.53,0.01,10.928,7.505,14.754,11.134,18.34,14.72,27.08,5.3,-0.002,0.004,0.004,-0.22,-0.07,-80.3061299,26.9234653,78.25
-32.6,5.2,0.0,17.73,2.22,-4.68,-14.66,1.04,-0.9,-0.51,-0.02,10.408,10.222,10.32,10.389,21.09,9.91,19.91,11.28,-0.002,0.004,0.004,-0.18,-0.06,-80.3061269,26.9234728,78.3
-32.2,5.2,0.0,17.79,1.17,-4.47,-15.19,-0.47,0.74,-0.54,-0.0,10.006,8.152,7.917,10.222,17.76,9.42,12.75,12.07,-0.002,0.004,0.004,-0.26,-0.08,-80.3061238,26.9234803,78.35
-32.2,5.3,0.0,17.9,1.99,-5.57,-15.2,-0.45,-0.01,-0.64,0.0,8.613,6.161,6.043,6.759,18.05,11.28,11.38,21.19,-0.002,0.004,0.005,-0.19,-0.06,-80.3061205,26.9234878,78.4
-31.6,5.3,0.0,17.97,0.72,-5.02,-14.97,-0.27,-0.33,-0.66,-0.02,10.301,9.918,11.517,9.545,14.62,12.46,4.61,11.97,-0.002,0.004,0.004,-0.21,-0.06,-80.3061172,26.9234953,78.45
-31.2,5.5,0.0,18.07,2.14,-4.57,-14.6,-0.55,0.69,-0.73,-0.0,8.397,6.985,10.565,7.564,6.67,15.79,4.12,8.14,-0.002,0.005,0.004,-0.23,-0.07,-80.3061137,26.9235028,78.5
-30.6,5.6,0.0,18.16,1.32,-4.91,-13.63,0.64,0.15,-0.68,0.0,6.661,13.126,12.017,8.397,1.86,10.89,13.34,5.49,-0.003,0.004,0.004,-0.25,-0.08,-80.3061101,26.9235103,78.55
-30.3,5.7,0.0,18.26,1.87,-4.95,-13.45,-0.36,-0.85,-0.64,-0.05,7.338,7.632,10.369,6.327,4.91,10.3,24.82,-0.69,-0.002,0.004,0.004,-0.27,-0.09,-80.3061063,26.9235178,78.6
-29.5,5.8,0.0,18.34,1.22,-5.36,-13.12,2.07,1.0,-0.55,-0.06,6.985,10.909,13.106,9.467,3.92,9.71,19.42,17.95,-0.002,0.004,0.004,-0.27,-0.09,-80.3061024,26.9235253,78.65
-27.8,5.9,0.0,18.45,2.39,-4.09,-12.8,-0.01,0.9,-0.53,-0.05,6.092,12.361,7.73,7.367,1.47,3.63,11.18,20.5,-0.002,0.004,0.004,-0.29,-0.09,-80.3060984,26.9235328,78.7
-25.5,6.0,0.0,18.53,1.32,-4.08,-13.66,1.47,-0.09,-0.52,-0.06,12.547,6.838,6.494,6.681,4.91,5.0,9.91,21.39,-0.002,0.004,0.005,-0.22,-0.07,-80.3060943,26.9235403,78.75
-22.5,6.1,0.0,18.65,2.54,-4.48,-12.76,1.15,-1.29,-0.49,-0.14,9.771,9.781,11.34,10.595,0.2,4.41,6.47,16.97,-0.003,0.003,0.003,-0.19,-0.06,-80.3060901,26.9235477,78.8
-21.9,6.1,0.0,18.74,1.26,-3.85,-11.43,0.33,-1.45,-0.5,-0.23,9.918,10.605,12.282,10.193,5.89,7.36,1.28,13.34,-0.002,0.004,0.003,-0.14,-0.05,-80.3060858,26.9235552,78.85
-20.9,6.2,0.0,18.84,1.93,-2.72,-9.96,0.2,-0.03,-0.45,-0.25,9.526,7.22,10.919,9.094,3.83,11.18,8.24,10.4,-0.001,0.004,0.002,-0.14,-0.04,-80.3060814,26.9235627,78.9
-20.9,6.4,0.0,18.94,1.93,-3.42,-9.34,-0.56,1.26,-0.41,-0.22,10.31,10.35,10.242,7.014,1.67,12.56,2.65,5.2,-0.001,0.004,0.002,-0.16,-0.05,-80.3060769,26.9235702,78.95
-21.0,6.7,0.0,19.04,2.19,-5.06,-9.39,-0.64,1.95,-0.38,-0.14,6.651,14.293,8.652,5.651,-0.39,12.46,13.54,2.94,-0.001,0.004,0.003,-0.18,-0.06,-80.3060722,26.9235777,79.0
-21.0,7.0,0.0,19.15,1.72,-4.6,-10.08,-1.78,1.1,-0.38,-0.14,8.329,11.115,9.545,6.749,1.86,8.53,23.94,9.12,-0.001,0.004,0.003,-0.12,-0.04,-80.3060675,26.9235852,79.05
-20.8,7.2,0.0,19.26,2.58,-1.93,-9.73,-0.32,0.5,-0.38,-0.18,10.624,10.222,10.085,8.545,5.3,10.2,14.91,11.38,-0.001,0.004,0.003,-0.01,-0.0,-80.3060627,26.9235927,79.1
-20.1,7.6,0.0,19.38,3.25,-1.73,-9.28,1.71,1.02,-0.33,-0.15,7.318,9.928,6.033,8.083,7.75,8.44,20.9,16.78,-0.0,0.004,0.003,0.02,0.01,-80.3060578,26.9236002,79.15
-19.2,7.9,0.0,19.49,2.85,-1.94,-9.56,1.14,0.58,-0.36,-0.09,8.741,9.624,8.27,7.328,6.18,12.75,14.72,22.56,-0.0,0.004,0.004,-0.12,-0.04,-80.3060528,26.9236077,79.2
-18.6,8.0,0.0,19.62,2.41,-2.63,-9.37,-1.9,0.86,-0.41,-0.04,8.515,11.183,7.701,6.838,6.08,12.75,7.16,18.25,-0.0,0.004,0.004,-0.07,-0.02,-80.3060477,26.9236152,79.25
-17.9,8.5,0.0,19.74,2.67,-2.84,-9.33,0.22,-0.55,-0.43,-0.06,9.369,8.751,4.336,8.28,1.77,11.87,6.47,18.64,-0.0,0.004,0.004,-0.03,-0.01,-80.3060424,26.9236228,79.3
-17.3,8.9,0.0,19.87,2.31,-1.92,-9.1,0.1,-0.17,-0.47,-0.06,9.575,10.624,10.163,10.722,3.34,10.4,6.38,18.15,-0.0,0.004,0.003,-0.01,-0.0,-80.3060372,26.9236303,79.35
-16.2,9.4,0.0,19.98,1.54,-3.83,-8.58,0.04,0.84,-0.54,-0.04,9.938,7.181,7.053,8.79,-3.14,14.32,8.24,15.79,-0.0,0.004,0.003,-0.01,-0.0,-80.3060317,26.9236378,79.4
-15.0,10.1,0.0,20.15,3.03,-3.47,-8.29,-2.0,0.62,-0.59,-0.02,11.586,7.151,8.495,9.447,0.98,10.4,2.16,10.2,-0.0,0.004,0.003,0.02,0.01,-80.3060262,26.9236454,79.45
-14.0,10.9,0.0,20.27,3.46,0.1,-7.43,-0.34,-0.61,-0.63,-0.02,5.072,9.339,12.822,8.044,-0.69,12.95,3.24,12.36,-0.0,0.004,0.003,0.17,0.06,-80.3060206,26.923653,79.5
-12.7,12.0,0.0,20.41,2.62,-4.08,-7.13,0.59,-0.3,-0.59,-0.01,6.298,11.026,7.691,8.456,1.47,13.05,5.59,8.63,-0.0,0.004,0.003,0.07,0.03,-80.3060149,26.9236606,79.55
-12.2,12.7,0.0,20.56,2.07,-3.82,-6.64,-1.92,0.72,-0.67,-0.04,9.467,8.898,11.301,8.829,8.04,6.57,-0.2,7.95,0.0,0.004,0.002,0.07,0.02,-80.3060091,26.9236683,79.6
-11.1,13.4,0.0,20.71,2.28,-2.44,-6.25,-1.36,-0.09,-0.68,-0.06,6.337,10.212,8.211,9.182,6.87,11.58,2.16,5.89,0.001,0.004,0.002,0.08,0.03,-80.3060033,26.9236759,79.65
-10.6,13.9,0.0,20.85,1.81,-3.89,-5.71,-1.83,1.46,-0.72,-0.05,7.966,9.663,10.418,7.671,15.6,6.67,-7.16,2.94,0.001,0.004,0.002,0.07,0.02,-80.3059973,26.9236836,79.7
-9.7,14.2,0.0,21.01,2.48,-2.62,-5.81,-2.5,-0.44,-0.78,-0.06,8.554,7.004,11.419,9.565,14.81,9.61,3.53,7.75,0.001,0.004,0.002,0.09,0.03,-80.3059913,26.9236913,79.75
-9.8,14.4,0.0,21.17,3.25,-3.19,-5.48,-2.81,-0.04,-0.85,-0.09,8.809,10.006,9.408,8.525,19.42,5.4,-0.88,7.55,0.001,0.004,0.002,0.13,0.05,-80.3059852,26.923699,79.8
-8.7,14.6,0.0,21.32,2.92,-2.96,-5.4,-1.55,-0.83,-0.89,-0.13,9.427,7.877,11.331,9.888,17.56,8.73,5.69,6.38,0.001,0.004,0.001,0.15,0.06,-80.3059789,26.9237068,79.85
-8.8,14.6,0.0,21.47,3.31,0.3,-4.61,-2.63,0.02,-0.96,-0.17,7.102,6.916,7.936,6.288,13.93,8.63,-5.2,5.1,0.001,0.004,0.001,0.33,0.12,-80.3059726,26.9237146,79.9
-7.3,14.7,0.0,21.61,2.19,-2.83,-4.6,-1.97,2.09,-1.0,-0.1,9.388,9.516,10.762,8.427,7.36,7.95,0.69,7.75,0.001,0.004,0.001,0.19,0.07,-80.3059662,26.9237224,79.95
-6.8,14.7,0.0,21.76,2.43,-2.51,-4.36,-0.73,2.3,-1.02,-0.02,10.33,8.486,10.085,6.543,5.4,12.65,-1.86,8.34,0.001,0.004,0.001,0.27,0.1,-80.3059597,26.9237303,80.0
-5.0,14.8,0.0,21.91,2.85,-1.68,-3.73,0.2,-0.15,-1.03,-0.01,8.456,8.731,8.819,7.868,1.18,17.66,3.53,16.38,0.001,0.004,0.002,0.29,0.11,-80.3059532,26.9237382,80.05
-4.0,14.8,0.0,22.07,3.12,-1.25,-3.22,-1.42,-0.98,-1.07,-0.06,7.622,8.711,6.082,7.848,2.94,11.18,3.53,14.72,0.001,0.004,0.001,0.29,0.11,-80.3059466,26.9237461,80.1
-2.7,15.1,0.0,22.19,1.79,-1.63,-2.32,-0.38,-0.18,-1.07,-0.09,7.004,11.311,8.917,8.8,11.97,6.28,6.57,11.87,0.001,0.003,0.0,0.29,0.11,-80.3059399,26.9237542,80.15
-1.0,15.8,0.0,22.33,2.27,-1.76,-1.81,-1.2,0.64,-1.09,-0.07,12.106,3.767,8.692,8.996,14.22,6.87,11.67,20.21,0.001,0.003,0.0,0.26,0.1,-80.3059332,26.9237622,80.2
-1.2,16.3,0.0,22.48,3.02,0.36,-1.56,0.45,-0.55,-1.07,-0.1,10.301,2.786,12.155,11.438,18.05,6.77,6.77,19.23,0.002,0.003,0.0,0.34,0.13,-80.3059264,26.9237703,80.25
0.2,16.5,0.0,22.61,3.11,-1.49,-1.05,0.95,-0.88,-1.09,-0.11,10.418,2.796,9.898,11.752,11.77,9.91,12.65,22.46,0.002,0.003,0.0,0.22,0.09,-80.3059195,26.9237783,80.3
0.1,16.7,0.0,22.74,2.12,-2.14,-0.35,-0.82,1.27,-1.11,-0.06,9.849,4.758,9.143,9.643,6.08,11.38,15.5,18.34,0.002,0.003,0.0,0.29,0.11,-80.3059126,26.9237865,80.35
0.5,16.9,0.0,22.86,2.65,0.38,-0.25,-2.44,0.8,-1.21,-0.03,7.073,10.82,7.24,8.603,3.53,14.03,12.16,15.7,0.002,0.003,0.0,0.42,0.17,-80.3059057,26.9237946,80.4
1.5,17.1,0.0,22.99,2.8,1.6,0.31,-0.7,-0.32,-1.13,-0.02,8.417,12.831,4.777,6.435,7.46,9.03,21.19,5.2,0.002,0.002,0.0,0.39,0.16,-80.3058987,26.9238029,80.45
1.1,17.2,0.0,23.08,2.12,-0.61,0.72,0.19,-0.61,-1.16,-0.04,7.632,11.635,7.063,6.975,14.32,8.73,15.89,0.98,0.002,0.002,-0.0,0.25,0.1,-80.3058917,26.9238111,80.5
2.4,17.2,0.0,23.2,1.41,-0.42,0.75,-1.81,-0.34,-1.23,-0.05,9.918,10.86,14.538,12.106,15.01,6.47,13.44,15.3,0.002,0.002,-0.001,0.28,0.11,-80.3058846,26.9238194,80.55
2.1,17.2,0.0,23.31,2.89,1.48,1.08,-2.39,0.79,-1.24,-0.05,8.858,12.204,6.347,5.827,8.04,11.67,8.73,3.34,0.002,0.002,-0.001,0.28,0.11,-80.3058775,26.9238278,80.6
3.5,17.3,0.0,23.43,1.78,-0.25,1.16,-1.72,-0.6,-1.29,-0.08,6.504,8.849,11.007,6.465,1.57,13.15,4.61,12.65,0.002,0.002,-0.001,0.3,0.12,-80.3058704,26.9238362,80.65
5.0,17.3,0.0,23.55,2.38,-0.04,2.35,-0.1,1.58,-1.31,-0.05,6.838,8.348,3.59,6.71,6.67,10.01,4.51,10.99,0.002,0.002,-0.001,0.31,0.13,-80.3058633,26.9238446,80.7
5.7,17.3,0.0,23.68,2.58,1.97,2.54,-0.43,-0.36,-1.35,-0.07,7.887,6.896,8.701,9.849,15.5,8.14,4.32,18.05,0.002,0.002,-0.001,0.37,0.15,-80.3058561,26.9238531,80.75
6.6,17.3,0.0,23.8,1.79,0.4,2.83,0.57,-1.23,-1.35,-0.11,10.507,3.384,4.552,9.682,14.03,10.4,7.75,9.61,0.002,0.002,-0.001,0.37,0.15,-80.3058489,26.9238617,80.8
5.9,17.2,0.0,23.94,3.11,2.75,2.76,-0.31,-0.65,-1.43,-0.12,9.427,8.083,6.337,6.985,6.97,12.36,15.99,16.58,0.002,0.002,-0.001,0.37,0.16,-80.3058417,26.9238703,80.85
5.8,17.2,0.0,24.07,2.63,0.66,3.18,-1.24,-0.06,-1.49,-0.13,4.532,14.352,7.554,4.679,7.65,13.05,24.82,8.44,0.002,0.002,-0.001,0.39,0.16,-80.3058345,26.923879,80.9
6.6,17.1,0.0,24.22,3.21,0.77,3.23,-1.25,-0.67,-1.53,-0.17,7.662,13.518,9.172,5.562,10.79,5.98,15.21,7.55,0.002,0.001,-0.002,0.32,0.14,-80.3058273,26.9238878,80.95
5.9,17.1,0.0,24.32,2.49,-0.19,3.26,-2.08,-0.76,-1.63,-0.2,8.917,6.337,12.478,8.339,16.19,8.14,5.1,11.09,0.002,0.002,-0.002,0.24,0.1,-80.3058201,26.9238967,81.0
6.0,17.1,0.0,24.47,3.09,2.67,3.48,-1.0,-0.27,-1.66,-0.2,10.222,8.397,10.889,6.17,6.08,10.69,6.57,10.01,0.002,0.002,-0.002,0.38,0.16,-80.3058129,26.9239055,81.05
6.1,17.1,0.0,24.58,1.53,-0.37,3.25,-1.52,1.22,-1.7,-0.19,2.766,14.156,6.269,6.808,2.55,13.44,4.51,13.44,0.002,0.001,-0.002,0.29,0.13,-80.3058056,26.9239145,81.1
6.0,17.0,0.0,24.71,3.13,1.81,3.03,0.88,-0.75,-1.71,-0.22,9.251,7.397,4.395,7.456,14.22,8.34,15.7,8.83,0.002,0.002,-0.002,0.38,0.16,-80.3057984,26.9239235,81.15
6.2,17.0,0.0,24.83,2.22,-0.78,3.15,0.58,-0.58,-1.75,-0.22,8.888,5.258,5.788,8.466,12.46,8.44,20.6,8.73,0.002,0.002,-0.002,0.26,0.11,-80.3057911,26.9239326,81.2
5.8,16.7,0.0,24.96,2.52,2.47,3.39,-0.45,-0.2,-1.77,-0.24,5.14,11.841,13.145,7.926,8.34,10.01,18.93,10.69,0.002,0.002,-0.002,0.36,0.16,-80.3057838,26.9239417,81.25
5.4,16.4,0.0,25.07,2.43,0.21,3.27,-0.75,0.23,-1.78,-0.23,8.623,9.015,9.29,7.828,13.83,10.2,6.08,5.89,0.002,0.002,-0.002,0.25,0.11,-80.3057765,26.9239509,81.3
6.1,15.5,0.0,25.2,2.28,-0.38,2.81,-0.43,-0.8,-1.79,-0.25,5.641,9.202,10.703,8.427,12.16,6.87,8.14,15.21,0.002,0.001,-0.002,0.28,0.12,-80.3057692,26.9239602,81.35
5.0,14.7,0.0,25.34,3.15,1.76,2.55,0.35,-1.26,-1.77,-0.31,10.448,5.994,3.267,8.603,8.34,12.95,12.16,10.5,0.002,0.002,-0.003,0.26,0.12,-80.3057619,26.9239695,81.4
4.9,14.3,0.0,25.45,1.68,0.78,2.56,1.0,0.31,-1.78,-0.31,5.66,8.28,7.25,7.299,6.77,12.75,18.25,8.14,0.002,0.002,-0.003,0.3,0.13,-80.3057546,26.9239789,81.45
5.4,13.8,0.0,25.58,2.87,-0.82,2.51,0.3,0.15,-1.76,-0.28,9.849,7.642,5.484,3.963,15.7,6.38,13.93,7.26,0.002,0.002,-0.002,0.25,0.11,-80.3057473,26.9239884,81.5
3.9,13.5,0.0,25.7,3.12,1.84,2.88,-0.86,-1.28,-1.78,-0.3,8.741,13.675,10.968,7.887,14.42,15.89,2.55,15.89,0.002,0.002,-0.002,0.23,0.1,-80.3057399,26.9239979,81.55
3.6,12.7,0.0,25.8,1.17,0.94,2.35,-1.15,-0.09,-1.78,-0.34,4.375,7.191,7.809,8.28,1.18,13.93,0.88,18.25,0.002,0.002,-0.002,0.25,0.11,-80.3057325,26.9240075,81.6
4.4,12.4,0.0,25.91,1.82,-0.39,2.12,2.5,0.08,-1.72,-0.34,6.632,10.673,6.141,7.044,10.3,9.71,19.91,15.01,0.002,0.002,-0.003,0.21,0.1,-80.3057252,26.9240172,81.65
3.3,11.8,0.0,26.03,3.61,0.9,1.6,1.07,-0.48,-1.73,-0.31,9.967,4.846,7.279,7.004,10.89,10.89,13.34,10.4,0.002,0.002,-0.002,0.23,0.1,-80.3057178,26.9240268,81.7
3.3,9.1,0.0,26.11,1.37,0.97,1.57,0.16,-0.43,-1.73,-0.28,7.681,11.654,9.182,6.857,5.0,10.69,11.77,6.47,0.002,0.002,-0.002,0.22,0.1,-80.3057104,26.9240365,81.75
4.3,2.3,0.0,26.2,0.31,-0.23,1.92,0.74,0.55,-1.72,-0.28,10.34,3.728,7.151,9.084,12.65,5.59,10.5,13.54,0.002,0.002,-0.002,0.21,0.09,-80.305703,26.9240463,81.8
2.9,0.6,0.0,26.18,0.05,1.05,2.72,-0.42,2.48,-1.75,-0.19,6.828,14.431,11.723,9.908,10.79,11.09,3.92,13.15,0.002,0.002,-0.001,0.19,0.09,-80.3056956,26.9240561,81.85
3.3,0.6,0.0,26.1,-1.26,1.85,3.36,-0.35,3.38,-1.8,0.0,7.544,12.007,9.584,6.896,5.0,12.85,18.84,2.55,0.001,0.001,0.0,0.22,0.1,-80.3056882,26.9240659,81.9
4.2,0.6,0.0,26.09,-0.45,0.66,2.63,1.32,1.42,-1.78,0.11,12.635,11.595,6.857,7.966,13.64,5.49,10.5,8.53,0.0,-0.0,0.001,0.14,0.06,-80.3056809,26.9240756,81.95
3.2,0.5,0.0,26.06,-0.65,2.21,1.47,1.31,0.28,-1.76,0.13,9.506,9.82,9.996,7.338,12.95,11.48,3.24,17.66,-0.0,-0.0,0.001,0.2,0.09,-80.3056736,26.9240854,82.0
3.6,0.5,0.0,26.04,-0.63,0.99,2.56,-0.67,-0.09,-1.77,0.1,9.604,9.535,10.869,10.114,6.87,15.21,8.63,11.38,-0.0,-0.0,0.001,0.19,0.09,-80.3056663,26.9240952,82.05
4.7,0.5,0.0,26.01,-0.21,0.08,2.32,0.81,-0.29,-1.73,0.07,11.262,11.958,8.809,9.584,16.87,4.71,17.66,12.07,-0.0,-0.0,0.001,0.2,0.09,-80.3056591,26.924105,82.1
4.0,0.6,0.0,25.98,-0.17,-0.06,2.56,2.03,-0.65,-1.69,0.06,7.877,7.946,9.977,8.966,11.97,9.91,18.84,15.3,0.0,-0.0,0.001,0.09,0.04,-80.3056519,26.9241148,82.15
4.2,0.6,0.0,25.96,-0.9,1.82,2.17,-0.05,0.38,-1.62,0.07,7.946,11.056,9.261,7.544,4.61,10.5,8.44,8.14,0.0,-0.0,0.001,0.15,0.07,-80.3056447,26.9241246,82.2
5.2,0.6,0.0,25.92,-1.04,0.8,2.39,-0.86,-0.01,-1.67,0.09,13.469,8.417,8.437,7.819,10.2,6.97,7.36,14.81,-0.0,-0.001,0.001,0.18,0.08,-80.3056376,26.9241344,82.25
4.9,0.6,0.0,25.91,-0.16,0.47,3.42,0.87,-0.49,-1.6,0.07,8.319,12.047,8.437,10.32,10.01,13.64,15.11,10.4,0.0,-0.0,0.001,0.1,0.05,-80.3056305,26.9241443,82.3
5.9,0.6,0.0,25.87,-0.52,0.69,3.68,0.82,0.21,-1.58,0.07,8.083,9.594,9.849,9.3,7.75,12.95,14.03,6.87,0.0,-0.0,0.0,0.15,0.07,-80.3056235,26.9241541,82.35
7.6,0.6,0.0,25.84,-1.06,1.47,3.77,0.8,0.91,-1.53,0.12,9.388,8.221,8.623,7.77,13.93,10.99,12.56,4.41,0.0,-0.001,0.0,0.19,0.08,-80.3056164,26.9241639,82.4
7.5,0.6,0.0,25.8,-0.87,2.93,4.54,3.48,0.09,-1.43,0.15,12.253,8.26,8.633,10.84,13.44,11.38,2.65,14.13,0.001,-0.001,0.001,0.13,0.06,-80.3056095,26.9241737,82.45
7.7,0.6,0.0,25.67,-2.48,1.24,4.18,1.12,1.46,-1.38,0.2,8.162,12.086,9.006,9.702,6.67,14.13,7.65,14.32,0.0,-0.001,0.001,0.13,0.06,-80.3056025,26.9241835,82.5
8.0,0.7,0.0,25.52,-3.29,1.49,3.69,2.38,0.52,-1.3,0.27,12.841,8.28,6.072,6.818,14.91,4.91,13.54,7.95,-0.0,-0.003,0.001,0.12,0.05,-80.3055957,26.9241933,82.55
6.3,0.7,0.0,25.36,-3.55,1.73,3.29,1.33,1.25,-1.31,0.34,8.839,10.369,8.76,9.104,13.44,11.28,12.85,8.73,-0.001,-0.003,0.001,0.09,0.04,-80.3055889,26.9242031,82.6
6.6,0.8,0.0,25.16,-4.05,2.34,3.28,-0.54,1.01,-1.31,0.39,7.279,15.48,6.318,6.524,5.79,13.34,15.89,4.61,-0.001,-0.003,0.001,0.1,0.04,-80.3055822,26.9242128,82.65
7.1,0.8,0.0,25.16,0.03,3.13,3.95,1.43,-2.74,-1.35,0.34,9.437,11.095,8.299,7.711,8.93,7.16,14.52,11.67,-0.001,-0.003,0.001,0.15,0.07,-80.3055756,26.9242225,82.7
8.0,0.8,0.0,25.06,-3.1,3.69,4.34,2.28,-2.99,-1.36,0.2,11.438,7.201,9.908,12.106,15.6,8.93,9.42,20.21,-0.0,-0.002,0.001,0.16,0.07,-80.305569,26.9242322,82.75
9.7,0.9,0.0,24.99,-0.56,-0.08,4.31,-0.64,0.23,-1.28,0.21,11.429,9.565,9.113,9.408,3.92,14.13,6.28,8.73,0.0,-0.002,0.0,0.07,0.03,-80.3055625,26.9242419,82.8
12.1,0.9,0.0,24.9,-2.29,1.43,5.29,1.11,0.5,-1.26,0.22,7.407,8.495,9.329,8.643,7.06,10.5,14.91,11.38,0.0,-0.002,0.001,0.18,0.08,-80.305556,26.9242515,82.85
13.5,0.9,0.0,24.81,-1.99,1.06,6.19,0.66,0.45,-1.21,0.24,10.624,10.35,8.927,8.751,16.78,11.28,18.54,10.4,0.001,-0.002,0.0,0.13,0.06,-80.3055496,26.9242612,82.9
15.7,0.9,0.0,24.75,-2.13,3.56,7.57,3.66,-1.16,-1.12,0.23,8.182,10.977,9.133,8.937,10.79,7.65,14.13,13.83,0.0,-0.003,0.0,0.12,0.05,-80.3055433,26.9242709,82.95
15.3,0.9,0.0,24.67,-1.36,4.61,9.07,-1.35,0.39,-1.14,0.23,6.592,12.449,10.987,8.26,4.91,12.95,14.72,20.01,0.0,-0.003,-0.0,0.15,0.07,-80.3055372,26.9242806,83.0
15.3,0.9,0.0,24.58,-2.02,4.5,9.56,0.01,-0.4,-1.08,0.21,9.938,12.635,9.064,9.329,13.54,9.71,8.53,18.54,0.001,-0.003,-0.001,0.09,0.04,-80.3055311,26.9242903,83.05
16.6,1.0,0.0,24.52,-1.18,3.69,9.13,2.67,-1.56,-1.04,0.2,10.055,9.643,9.006,9.869,14.62,9.42,8.63,10.5,0.001,-0.003,-0.001,0.13,0.06,-80.305525,26.9243,83.1
17.3,1.1,0.0,24.43,-1.67,3.83,9.2,0.32,0.3,-1.02,0.22,11.399,8.132,7.564,7.828,12.75,11.09,6.97,12.07,0.001,-0.003,-0.001,0.11,0.05,-80.3055191,26.9243097,83.15
19.4,1.1,0.0,24.38,-0.7,3.14,10.26,0.33,0.4,-0.99,0.25,6.592,8.27,8.594,9.692,5.69,12.07,7.65,7.55,0.001,-0.003,-0.001,0.11,0.05,-80.3055133,26.9243194,83.2
20.3,1.2,0.0,24.28,-2.79,3.66,11.18,0.36,0.65,-0.93,0.27,7.436,10.624,9.064,9.261,8.44,7.65,15.01,8.24,0.001,-0.003,-0.001,0.13,0.05,-80.3055076,26.9243291,83.25
20.0,1.3,0.0,24.21,-1.28,4.81,12.41,0.42,-0.41,-0.88,0.26,10.281,7.348,8.751,9.3,12.36,10.89,16.28,6.97,0.002,-0.004,-0.001,0.1,0.04,-80.305502,26.9243389,83.3
19.4,1.4,0.0,24.14,-1.95,4.99,12.82,0.47,-0.15,-0.85,0.25,8.672,11.586,8.711,9.369,8.34,13.44,13.34,13.73,0.002,-0.004,-0.001,0.02,0.01,-80.3054967,26.9243487,83.35
17.6,1.5,0.0,24.07,-1.22,5.54,12.47,-1.29,0.64,-0.83,0.25,6.288,13.803,11.105,10.153,5.79,9.12,6.57,10.2,0.002,-0.004,-0.002,0.04,0.02,-80.3054914,26.9243585,83.4
16.9,1.8,0.0,23.99,-1.74,5.76,11.54,1.27,-1.67,-0.82,0.21,10.359,8.221,10.31,10.497,9.12,10.69,5.79,11.48,0.002,-0.004,-0.002,0.04,0.02,-80.3054862,26.9243683,83.45
17.3,2.1,0.0,23.93,-1.44,3.72,10.98,-1.15,0.67,-0.84,0.23,11.556,9.202,5.827,9.476,13.44,10.3,5.98,6.57,0.002,-0.004,-0.002,0.08,0.03,-80.3054811,26.9243782,83.5
16.7,2.4,0.0,23.86,-1.39,5.22,10.56,2.76,-1.56,-0.84,0.2,8.378,12.527,8.142,11.772,16.28,9.91,0.0,5.2,0.002,-0.004,-0.002,0.19,0.08,-80.3054762,26.924388,83.55
16.2,2.8,0.0,23.81,-1.07,3.67,10.15,-1.61,-0.41,-0.9,0.19,10.811,11.527,5.847,7.053,5.69,13.34,12.46,12.46,0.001,-0.004,-0.002,0.07,0.03,-80.3054713,26.9243979,83.6
16.6,3.3,0.0,23.74,-0.95,4.58,10.54,1.1,-1.64,-0.91,0.13,9.359,10.173,9.614,8.78,3.63,5.49,16.78,13.83,0.001,-0.004,-0.002,0.13,0.05,-80.3054666,26.9244078,83.65
16.4,4.7,0.0,23.69,-0.34,3.84,10.56,0.19,-1.05,-0.93,0.1,8.829,11.125,7.171,7.632,17.17,8.34,22.17,23.05,0.002,-0.004,-0.002,0.15,0.06,-80.3054622,26.9244177,83.7
17.0,6.0,0.0,23.65,-0.54,3.85,10.77,0.98,-0.1,-0.91,0.11,9.673,9.025,8.505,9.682,13.54,11.38,18.93,13.15,0.002,-0.003,-0.003,0.17,0.07,-80.3054577,26.9244276,83.75
16.1,7.2,0.0,23.69,1.72,2.28,10.08,-3.79,0.54,-0.94,0.11,8.721,10.693,9.025,9.888,12.95,11.18,12.36,22.17,0.002,-0.003,-0.002,0.11,0.04,-80.3054533,26.9244376,83.8
16.0,7.8,0.0,23.76,1.57,6.05,9.82,3.29,-3.05,-0.85,-0.0,8.339,9.251,5.258,8.486,1.86,7.06,7.75,12.85,0.003,-0.003,-0.003,0.19,0.08,-80.305449,26.9244476,83.85
16.0,8.0,0.0,23.84,1.45,3.8,9.27,-1.33,-1.74,-0.87,-0.06,7.72,6.69,8.701,10.006,4.81,8.04,8.24,10.2,0.003,-0.002,-0.004,0.09,0.04,-80.3054448,26.9244576,83.9
15.9,8.3,0.0,23.95,1.44,3.31,9.47,2.4,-1.85,-0.86,-0.16,6.769,8.083,11.792,13.047,13.15,9.12,4.22,11.87,0.004,-0.001,-0.004,0.06,0.02,-80.3054407,26.9244678,83.95
15.7,8.5,0.0,24.03,1.2,2.84,9.36,-1.68,-0.08,-0.91,-0.16,8.584,10.163,8.083,8.348,13.83,17.66,6.38,5.1,0.004,-0.001,-0.004,-0.0,-0.0,-80.3054366,26.924478,84.0
15.0,8.8,0.0,24.14,1.81,3.71,9.11,1.13,-0.39,-0.91,-0.16,9.388,8.584,7.426,7.073,10.99,9.52,17.95,11.87,0.004,-0.001,-0.004,0.04,0.02,-80.3054326,26.9244882,84.05
14.3,8.9,0.0,24.24,1.41,2.33,9.28,-2.25,0.22,-0.98,-0.16,7.75,11.694,8.27,7.191,5.59,11.18,17.56,21.19,0.004,-0.001,-0.004,-0.04,-0.02,-80.3054287,26.9244986,84.1
14.5,9.0,0.0,24.34,2.11,3.97,9.28,-0.52,-0.39,-1.01,-0.21,5.847,10.389,11.605,9.104,5.49,10.59,18.54,23.15,0.004,-0.001,-0.004,-0.02,-0.01,-80.3054248,26.9245091,84.15
14.6,9.2,0.0,24.45,2.44,3.86,9.3,-0.1,-0.21,-1.02,-0.21,10.977,7.416,9.947,11.409,18.34,11.48,7.36,12.16,0.004,-0.001,-0.005,0.03,0.01,-80.3054211,26.9245196,84.2
14.1,9.4,0.0,24.55,2.95,4.73,8.62,-1.05,-0.23,-1.04,-0.16,9.741,8.329,7.858,11.537,13.64,7.55,-0.78,6.47,0.004,-0.001,-0.005,0.06,0.03,-80.3054175,26.9245301,84.25
13.3,9.6,0.0,24.65,2.14,3.47,8.68,-0.12,-0.15,-1.05,-0.12,6.995,10.379,10.899,11.125,1.57,10.1,8.73,12.95,0.004,-0.001,-0.004,-0.01,-0.0,-80.3054139,26.9245407,84.3
12.1,9.7,0.0,24.75,1.59,1.62,7.95,0.26,-0.83,-1.03,-0.16,8.417,10.379,9.771,8.142,14.13,11.77,14.42,12.07,0.004,-0.001,-0.005,-0.06,-0.03,-80.3054103,26.9245514,84.35
11.7,9.8,0.0,24.85,1.49,3.44,8.08,0.45,-0.47,-1.07,-0.19,8.221,8.819,6.906,8.034,12.75,14.42,22.27,10.99,0.004,-0.001,-0.004,-0.01,-0.0,-80.3054069,26.9245622,84.4
11.2,9.9,0.0,24.97,2.46,2.63,7.14,-0.91,0.78,-1.1,-0.17,10.251,7.348,6.043,8.427,12.85,11.77,20.9,12.95,0.004,-0.001,-0.005,-0.07,-0.03,-80.3054035,26.924573,84.45
10.5,9.9,0.0,25.07,1.53,1.41,6.63,-2.01,0.37,-1.18,-0.17,9.594,7.966,10.958,9.673,10.1,10.79,12.07,15.21,0.004,-0.001,-0.004,-0.02,-0.01,-80.3054001,26.9245839,84.5
10.2,10.0,0.0,25.2,2.24,1.55,7.03,-0.24,-0.64,-1.18,-0.21,7.416,9.781,11.998,10.752,12.56,12.65,11.87,11.87,0.003,-0.001,-0.005,-0.05,-0.02,-80.3053968,26.9245949,84.55
9.8,10.0,0.0,25.28,1.27,-0.19,6.01,0.07,-0.22,-1.19,-0.25,9.82,10.987,12.714,12.174,11.38,6.87,12.56,7.95,0.003,-0.001,-0.005,-0.09,-0.04,-80.3053936,26.9246059,84.6
9.1,10.1,0.0,25.39,1.56,2.37,6.39,-0.41,-0.0,-1.21,-0.29,7.357,11.046,5.7,6.131,3.24,8.83,20.21,9.91,0.003,-0.001,-0.005,-0.03,-0.01,-80.3053905,26.9246169,84.65
9.3,10.4,0.0,25.51,2.96,2.69,5.93,-0.56,-0.23,-1.22,-0.29,11.085,4.65,10.86,8.78,11.09,11.97,17.36,9.61,0.003,-0.0,-0.005,-0.03,-0.02,-80.3053874,26.9246281,84.7
9.5,10.7,0.0,25.62,2.91,3.75,5.35,-1.35,-0.56,-1.22,-0.3,9.741,8.937,7.338,9.781,15.21,9.32,8.44,12.16,0.004,-0.0,-0.004,0.01,0.0,-80.3053843,26.9246393,84.75
8.7,10.8,0.0,25.72,2.12,4.16,5.54,-0.93,-0.31,-1.24,-0.29,7.613,9.133,11.37,10.281,1.77,5.89,7.26,16.09,0.003,-0.0,-0.004,-0.0,-0.0,-80.3053813,26.9246506,84.8
8.5,11.0,0.0,25.84,2.21,1.8,5.45,-0.3,0.15,-1.26,-0.3,7.809,11.409,7.22,7.122,5.3,13.64,8.14,9.42,0.003,-0.0,-0.004,-0.09,-0.04,-80.3053783,26.924662,84.85
8.7,11.4,0.0,25.94,1.84,-0.47,5.2,-0.9,1.28,-1.29,-0.29,7.877,10.389,9.545,8.182,18.44,4.61,25.6,17.76,0.004,-0.001,-0.004,-0.09,-0.04,-80.3053755,26.9246733,84.9
8.5,11.8,0.0,26.07,2.97,1.35,5.02,-2.72,-0.62,-1.4,-0.32,9.123,9.673,7.495,8.466,5.98,13.93,10.5,15.6,0.003,-0.001,-0.004,-0.08,-0.04,-80.3053727,26.9246848,84.95
7.3,12.3,0.0,26.18,2.84,5.27,5.11,-1.66,-1.16,-1.48,-0.33,5.288,11.694,12.851,8.054,7.85,15.99,0.29,2.94,0.003,-0.0,-0.004,0.09,0.04,-80.3053698,26.9246963,85.0
7.9,12.7,0.0,26.3,1.77,0.2,4.52,-0.48,-0.24,-1.51,-0.37,10.153,10.948,9.251,11.743,14.72,9.32,14.32,11.38,0.003,-0.0,-0.004,-0.07,-0.03,-80.3053671,26.9247079,85.05
7.3,13.0,0.0,26.42,2.8,1.22,4.75,0.85,-0.98,-1.54,-0.42,6.494,9.329,8.849,9.231,4.12,7.95,14.81,20.01,0.003,0.0,-0.005,-0.03,-0.01,-80.3053643,26.9247195,85.1
7.6,13.6,0.0,26.53,2.57,3.04,4.83,2.54,-0.68,-1.45,-0.42,7.868,8.044,13.244,11.988,10.69,12.75,15.01,12.26,0.003,0.001,-0.005,0.07,0.03,-80.3053617,26.9247312,85.15
7.6,13.7,0.0,26.66,2.72,0.88,4.59,2.47,-0.23,-1.37,-0.4,10.359,8.603,5.415,9.28,15.01,11.67,3.43,8.44,0.003,0.0,-0.004,-0.07,-0.03,-80.305359,26.924743,85.2
7.6,13.9,0.0,26.79,2.72,1.71,4.17,-0.35,-0.8,-1.37,-0.42,8.751,11.723,7.642,8.525,6.77,9.91,7.75,5.98,0.003,0.001,-0.004,-0.01,-0.0,-80.3053564,26.9247548,85.25
7.1,13.8,0.0,26.89,1.48,0.58,4.21,3.36,0.07,-1.29,-0.41,8.888,9.771,9.957,8.8,14.03,11.77,24.13,20.11,0.003,0.001,-0.004,-0.03,-0.02,-80.3053538,26.9247667,85.3
7.7,13.9,0.0,27.03,3.54,3.14,4.79,0.18,-1.04,-1.29,-0.43,10.889,9.496,8.103,9.516,11.97,3.73,10.4,8.14,0.003,0.001,-0.004,0.02,0.01,-80.3053513,26.9247786,85.35
7.5,13.8,0.0,27.14,2.58,1.61,3.99,3.55,-0.39,-1.19,-0.44,7.024,9.133,10.006,9.143,11.28,12.85,1.96,4.51,0.004,0.001,-0.004,-0.01,-0.01,-80.3053488,26.9247906,85.4
7.5,13.8,0.0,27.27,2.88,2.24,4.42,0.71,1.79,-1.16,-0.38,7.397,13.234,8.123,4.522,12.75,9.71,20.01,7.65,0.004,0.001,-0.004,-0.07,-0.03,-80.3053464,26.9248028,85.45
7.1,13.8,0.0,27.38,2.43,0.92,4.94,0.03,0.39,-1.1,-0.36,8.25,7.308,10.968,8.662,7.65,12.16,15.01,13.44,0.004,0.001,-0.004,-0.15,-0.07,-80.305344,26.9248149,85.5
7.5,13.8,0.0,27.49,1.97,1.77,4.68,1.67,-0.33,-1.03,-0.36,6.818,9.545,8.878,10.516,13.93,15.4,10.4,1.86,0.004,0.001,-0.004,-0.06,-0.03,-80.3053416,26.9248271,85.55
7.2,13.9,0.0,27.62,2.92,2.08,4.95,-0.56,0.34,-1.01,-0.33,5.876,12.233,6.327,7.711,11.87,8.44,14.42,16.28,0.004,0.001,-0.004,-0.15,-0.07,-80.3053392,26.9248394,85.6
6.8,13.7,0.0,27.73,2.76,1.63,4.54,0.77,-0.59,-0.98,-0.35,8.152,5.14,6.014,9.594,4.91,12.26,9.91,16.09,0.003,0.0,-0.004,-0.11,-0.05,-80.305337,26.9248517,85.65
7.2,13.8,0.0,27.84,1.16,0.57,3.78,-0.19,-0.26,-0.97,-0.38,8.888,11.389,11.144,10.448,16.48,3.83,3.04,11.18,0.004,0.0,-0.004,-0.1,-0.05,-80.3053347,26.9248641,85.7
7.6,13.8,0.0,27.96,2.3,0.65,3.89,-0.41,0.29,-1.0,-0.37,10.663,7.102,6.023,7.161,6.67,9.81,13.24,11.97,0.004,0.001,-0.004,-0.12,-0.06,-80.3053325,26.9248765,85.75
6.8,13.8,0.0,28.07,2.35,4.18,4.68,-1.29,0.55,-1.02,-0.32,9.182,8.937,8.142,6.7,12.46,10.1,19.23,8.14,0.004,0.001,-0.003,0.02,0.01,-80.3053304,26.924889,85.8
6.3,13.7,0.0,28.19,2.45,3.58,4.26,-0.03,-0.92,-1.0,-0.34,8.751,10.202,7.485,8.26,6.67,10.89,8.24,0.1,0.003,0.001,-0.003,0.0,0.0,-80.3053283,26.9249016,85.85
6.8,13.7,0.0,28.31,2.8,3.5,4.2,-1.78,0.02,-1.03,-0.33,6.21,13.675,12.194,6.867,14.13,9.22,17.76,21.39,0.004,0.001,-0.003,0.02,0.01,-80.3053263,26.9249142,85.9
6.3,13.7,0.0,28.4,1.56,0.14,4.06,-0.17,-0.32,-1.07,-0.34,6.161,9.8,7.259,7.004,9.42,8.44,12.85,12.46,0.004,0.001,-0.003,-0.13,-0.06,-80.3053242,26.9249269,85.95
5.8,13.6,0.0,28.52,2.45,1.97,3.79,0.7,0.0,-1.03,-0.33,7.779,7.328,10.369,8.388,4.91,13.83,0.69,5.49,0.003,0.001,-0.003,-0.03,-0.02,-80.3053223,26.9249396,86.0
6.0,13.7,0.0,28.63,1.66,-0.21,3.94,-0.97,0.59,-1.06,-0.32,8.309,8.584,8.957,7.083,10.2,6.57,16.28,22.56,0.003,0.0,-0.003,-0.09,-0.05,-80.3053203,26.9249524,86.05
6.1,13.6,0.0,28.75,2.54,3.54,4.01,0.95,-0.01,-1.05,-0.33,8.692,11.595,11.007,6.69,11.58,13.83,15.5,16.28,0.004,0.001,-0.004,-0.01,-0.01,-80.3053184,26.9249652,86.1
5.9,13.4,0.0,28.84,1.86,0.82,3.73,-0.69,-0.23,-1.07,-0.33,9.408,9.594,12.204,8.437,10.01,7.36,9.61,5.4,0.003,0.001,-0.004,-0.08,-0.04,-80.3053165,26.9249781,86.15
5.3,12.8,0.0,28.96,2.11,1.96,4.09,0.2,0.28,-1.09,-0.32,4.365,12.164,8.947,5.239,6.18,9.71,17.85,14.32,0.003,0.001,-0.003,-0.08,-0.04,-80.3053147,26.9249911,86.2
6.0,12.1,0.0,29.04,1.78,-0.1,3.88,-0.59,0.83,-1.08,-0.33,9.388,5.454,7.671,5.7,16.09,10.69,9.12,10.01,0.004,0.001,-0.003,-0.04,-0.02,-80.3053133,26.9250015,86.25
5.7,11.6,0.0,29.17,2.17,3.68,3.4,-2.3,-1.34,-1.13,-0.34,8.525,10.163,8.701,8.672,10.01,14.42,0.59,7.16,0.003,0.0,-0.003,0.02,0.01,-80.3053112,26.9250172,86.3
5.3,10.7,0.0,29.25,1.44,1.68,2.97,-0.56,-0.46,-1.18,-0.37,10.84,7.77,5.346,8.456,12.46,7.36,22.66,17.46,0.003,0.0,-0.003,-0.04,-0.02,-80.3053095,26.9250303,86.35
4.9,10.2,0.0,29.33,1.48,1.12,3.22,-2.93,0.04,-1.3,-0.37,8.545,9.339,8.191,9.81,6.18,14.42,6.57,9.12,0.003,0.001,-0.003,-0.09,-0.05,-80.3053078,26.9250434,86.4
5.2,9.7,0.0,29.41,0.7,0.68,3.21,0.88,0.63,-1.33,-0.33,7.514,10.673,9.192,11.223,14.81,7.06,10.69,17.36,0.003,0.001,-0.003,-0.05,-0.02,-80.3053062,26.9250566,86.45
5.4,9.1,0.0,29.5,1.51,0.62,3.8,-2.04,0.9,-1.39,-0.29,8.839,10.359,8.093,8.78,10.01,11.18,18.64,15.89,0.003,0.001,-0.003,-0.07,-0.04,-80.3053046,26.9250698,86.5
5.0,8.5,0.0,29.58,2.36,3.96,3.0,3.58,-1.03,-1.33,-0.29,8.201,13.803,10.448,6.906,11.18,8.34,4.81,7.65,0.003,0.0,-0.003,-0.02,-0.01,-80.305303,26.9250831,86.55
4.4,8.0,0.0,29.63,1.23,0.31,3.72,-1.91,0.35,-1.43,-0.26,4.817,13.989,7.338,7.201,8.73,10.99,10.3,14.81,0.003,0.0,-0.003,-0.02,-0.01,-80.3053015,26.9250963,86.6
4.5,7.4,0.0,29.69,1.06,2.34,2.97,1.17,-0.5,-1.4,-0.26,12.89,8.231,8.25,7.995,13.34,9.12,3.14,5.79,0.003,0.0,-0.003,-0.01,-0.01,-80.3053001,26.9251097,86.65
4.3,6.1,0.0,29.73,0.8,2.33,2.77,1.2,-0.79,-1.43,-0.26,8.917,10.595,7.779,6.847,15.21,10.59,13.44,16.38,0.003,0.0,-0.002,-0.05,-0.03,-80.3052986,26.925123,86.7
3.3,0.6,0.0,29.74,-0.19,-1.37,3.3,-1.95,1.18,-1.49,-0.19,6.396,10.997,8.858,9.29,10.01,9.03,11.28,9.03,0.003,0.0,-0.002,-0.08,-0.04,-80.3052973,26.9251364,86.75
2.9,0.5,0.0,29.67,-2.63,3.7,3.3,-1.22,1.68,-1.53,-0.12,6.327,5.337,10.202,6.318,5.89,14.32,9.91,11.58,0.002,0.0,-0.001,-0.05,-0.03,-80.3052959,26.9251497,86.8
2.5,0.6,0.0,29.51,-1.91,-0.14,3.09,-1.73,4.92,-1.52,0.09,12.469,9.839,7.407,6.533,15.79,10.69,16.48,14.32,0.001,-0.002,0.0,-0.06,-0.03,-80.3052946,26.9251631,86.85
2.9,0.6,0.0,29.47,-1.93,2.84,2.22,0.29,0.21,-1.54,0.17,11.743,10.242,6.955,7.583,18.15,9.22,10.5,9.42,-0.0,-0.002,0.001,-0.08,-0.04,-80.3052934,26.9251763,86.9
1.5,0.5,0.0,29.33,-2.53,-0.3,1.86,-2.01,0.94,-1.62,0.21,9.3,13.42,6.004,8.211,4.61,10.1,3.43,5.1,-0.001,-0.002,0.001,-0.11,-0.06,-80.3052922,26.9251896,86.95
1.0,0.5,0.0,29.25,-2.42,0.7,1.53,1.38,-0.67,-1.62,0.19,4.915,16.069,7.956,8.741,5.98,9.91,19.13,10.79,-0.001,-0.002,0.002,0.01,0.0,-80.305291,26.9252028,87.0
1.0,0.5,0.0,29.15,-2.06,-0.46,1.03,-2.55,0.89,-1.69,0.17,10.399,9.084,6.789,9.771,8.83,5.2,7.85,9.42,-0.0,-0.002,0.002,-0.07,-0.04,-80.3052899,26.9252159,87.05
1.1,0.6,0.0,29.06,-1.6,1.31,0.75,-1.32,-0.45,-1.71,0.15,7.642,8.564,9.388,9.516,13.44,5.59,16.38,16.58,-0.0,-0.001,0.002,0.01,0.0,-80.3052887,26.925229,87.1
1.1,0.5,0.0,28.95,-1.76,-0.46,0.5,-0.56,0.19,-1.74,0.17,10.418,5.69,5.857,3.424,6.97,9.32,17.46,18.34,-0.001,-0.001,0.002,0.0,0.0,-80.3052876,26.925242,87.15
0.9,0.5,0.0,28.84,-2.39,1.84,0.8,1.61,-0.47,-1.74,0.18,8.005,14.018,6.533,6.504,7.06,11.58,9.12,7.85,-0.001,-0.002,0.002,-0.02,-0.01,-80.3052864,26.9252551,87.2
1.1,0.5,0.0,28.71,-2.69,-0.67,0.79,-0.61,0.62,-1.77,0.18,9.045,12.312,8.064,8.966,10.01,5.59,13.73,10.89,-0.001,-0.002,0.002,-0.03,-0.01,-80.3052853,26.925268,87.25
1.8,0.6,0.0,28.58,-3.05,1.13,0.54,-1.09,0.15,-1.8,0.18,8.162,9.32,7.024,11.684,11.18,9.52,17.17,10.99,-0.001,-0.002,0.002,0.05,0.03,-80.3052842,26.9252808,87.3
1.6,0.6,0.0,28.44,-2.65,-0.56,0.93,-1.51,1.4,-1.8,0.22,9.781,7.622,5.66,5.847,9.12,9.52,10.4,5.3,-0.001,-0.002,0.002,-0.03,-0.01,-80.3052832,26.9252936,87.35
0.8,0.6,0.0,28.31,-2.46,2.03,0.91,-0.02,-0.34,-1.77,0.18,8.623,11.527,4.071,7.701,4.02,11.09,12.65,12.36,-0.001,-0.002,0.002,0.05,0.03,-80.3052821,26.9253064,87.4
1.4,0.5,0.0,28.19,-1.54,-0.31,0.42,-0.73,-0.89,-1.8,0.15,10.193,11.017,1.452,4.493,16.19,6.08,15.99,13.44,-0.001,-0.002,0.002,-0.06,-0.03,-80.305281,26.9253191,87.45
0.8,0.5,0.0,28.1,-1.0,1.41,-0.0,2.62,-1.88,-1.78,0.1,8.231,9.359,7.74,6.632,8.44,14.03,4.61,15.01,-0.001,-0.001,0.002,0.02,0.01,-80.30528,26.9253318,87.5
0.4,0.5,0.0,27.97,-1.81,-0.24,-0.2,-1.91,0.4,-1.86,0.15,10.369,11.595,0.451,7.897,14.81,7.36,10.89,9.32,-0.001,-0.001,0.002,-0.02,-0.01,-80.305279,26.9253444,87.55
0.3,0.5,0.0,27.85,-2.95,-0.38,-0.24,0.87,-1.0,-1.89,0.17,8.417,10.114,4.699,7.505,7.85,9.12,17.76,15.21,-0.001,-0.001,0.003,-0.05,-0.02,-80.305278,26.925357,87.6
0.9,0.5,0.0,27.68,-4.04,-0.21,-0.39,-0.71,-0.09,-1.93,0.17,9.241,8.643,7.583,6.337,14.22,13.64,8.24,14.03,-0.001,-0.001,0.002,0.07,0.04,-80.3052769,26.9253695,87.65
1.1,0.5,0.0,27.5,-4.48,-1.34,-0.42,-1.44,0.36,-1.96,0.18,8.957,12.39,7.76,8.741,8.04,7.46,1.77,4.22,-0.002,-0.001,0.002,0.02,0.01,-80.3052759,26.9253819,87.7
0.6,0.5,0.0,27.3,-4.4,0.22,0.46,3.12,0.2,-1.9,0.21,8.074,12.831,6.936,4.562,5.98,16.78,18.64,15.21,-0.002,-0.002,0.002,0.07,0.03,-80.3052749,26.9253942,87.75
0.9,0.5,0.0,27.14,-3.48,-0.23,0.68,-1.74,0.35,-1.93,0.21,9.702,13.862,6.151,6.955,14.32,7.55,17.07,17.66,-0.002,-0.002,0.001,-0.06,-0.03,-80.3052739,26.9254065,87.8
1.3,0.5,0.0,26.96,-3.57,-0.46,0.44,0.76,-0.93,-1.89,0.18,7.583,11.38,5.209,7.407,4.61,12.46,7.26,12.95,-0.002,-0.002,0.001,-0.03,-0.01,-80.3052729,26.9254187,87.85
1.2,0.5,0.0,26.79,-3.65,-0.35,0.55,0.27,-0.52,-1.92,0.16,6.121,11.674,5.7,9.025,12.46,11.87,5.98,14.42,-0.002,-0.002,0.001,0.0,0.0,-80.3052719,26.9254307,87.9
1.0,0.5,0.0,26.62,-3.13,0.56,0.7,2.78,-0.65,-1.83,0.16,9.879,9.526,8.466,10.055,11.87,9.81,10.99,11.28,-0.002,-0.002,0.0,-0.03,-0.02,-80.305271,26.9254427,87.95
1.2,0.5,0.0,26.46,-2.98,-0.84,0.69,-0.02,0.53,-1.82,0.17,8.829,11.841,8.054,7.72,8.83,12.16,14.32,15.11,-0.002,-0.002,0.001,-0.04,-0.02,-80.30527,26.9254546,88.0
1.3,0.5,0.0,26.29,-2.91,0.54,0.72,2.66,-1.27,-1.81,0.16,9.79,9.261,8.947,9.015,12.85,7.65,7.36,11.38,-0.002,-0.002,0.001,0.05,0.02,-80.3052691,26.9254665,88.05
1.0,0.5,0.0,26.13,-3.24,1.05,0.77,0.04,-0.18,-1.83,0.17,9.535,10.32,8.751,10.242,7.36,9.32,3.34,7.16,-0.002,-0.002,0.001,-0.01,-0.0,-80.3052682,26.9254783,88.1
1.7,0.5,0.0,25.99,-3.02,1.07,0.61,1.59,0.05,-1.83,0.17,10.261,10.055,7.318,6.112,10.2,12.95,21.68,14.81,-0.002,-0.002,0.001,0.04,0.02,-80.3052673,26.9254901,88.15
1.8,0.5,0.0,25.87,-2.0,-2.13,1.1,-1.24,0.59,-1.86,0.18,13.489,5.67,7.514,10.762,13.54,3.53,16.09,9.81,-0.002,-0.002,0.001,0.01,0.0,-80.3052664,26.9255017,88.2
1.6,0.5,0.0,25.77,-1.98,-0.48,0.77,-1.18,0.86,-1.84,0.2,7.554,11.831,8.211,7.848,10.3,6.57,7.65,8.53,-0.001,-0.002,0.001,-0.02,-0.01,-80.3052655,26.9255134,88.25
1.8,0.5,0.0,25.69,-1.32,0.75,1.03,-0.9,0.39,-1.83,0.19,8.858,10.565,9.781,7.603,8.63,12.65,8.73,8.44,-0.001,-0.002,0.001,0.07,0.03,-80.3052646,26.9255249,88.3
1.8,0.5,0.0,25.6,-2.25,0.12,1.13,-0.07,-0.59,-1.86,0.17,9.3,11.9,8.083,10.212,14.72,7.75,4.61,9.42,-0.001,-0.002,0.002,-0.03,-0.01,-80.3052637,26.9255365,88.35
1.7,0.5,0.0,25.52,-1.01,1.12,0.7,0.56,-0.74,-1.85,0.15,11.026,9.084,6.386,6.857,10.69,10.1,20.7,19.13,-0.001,-0.001,0.002,0.04,0.02,-80.3052629,26.925548,88.4
1.8,0.5,0.0,25.44,-1.02,0.56,0.8,-0.17,-0.17,-1.88,0.17,8.535,8.28,7.74,9.104,7.26,11.67,16.58,14.72,-0.001,-0.001,0.002,0.08,0.03,-80.3052621,26.9255595,88.45
1.8,0.5,0.0,25.35,-2.28,0.92,0.7,-1.62,0.25,-1.9,0.19,8.741,10.968,8.966,8.692,13.44,11.97,13.24,13.83,-0.001,-0.001,0.002,0.02,0.01,-80.3052612,26.9255711,88.5
1.6,0.5,0.0,25.28,-1.33,0.25,0.65,-0.41,0.56,-1.91,0.21,9.398,10.036,8.339,9.663,10.3,13.15,4.61,12.16,-0.001,-0.002,0.002,0.03,0.01,-80.3052604,26.9255825,88.55
1.8,0.5,0.0,25.18,-2.19,1.41,1.39,1.99,-1.32,-1.87,0.18,6.779,12.331,10.467,9.339,6.38,15.21,5.0,13.44,-0.001,-0.002,0.002,0.0,0.0,-80.3052596,26.9255939,88.6
1.2,0.5,0.0,25.05,-2.7,0.18,0.99,-0.1,-0.55,-1.88,0.17,13.155,10.389,6.553,8.289,11.67,14.13,18.15,12.36,-0.002,-0.002,0.001,0.03,0.01,-80.3052588,26.9256052,88.65
1.6,0.5,0.0,24.94,-1.84,-0.2,0.67,-0.06,-0.98,-1.88,0.15,12.312,6.896,6.769,10.026,15.89,6.08,10.79,15.99,-0.001,-0.002,0.001,-0.04,-0.02,-80.3052581,26.9256164,88.7
1.4,0.5,0.0,24.8,-2.19,0.31,0.49,-3.29,1.13,-1.92,0.19,8.78,11.036,6.995,8.819,2.75,7.55,12.75,11.48,-0.002,-0.002,0.001,0.01,0.0,-80.3052573,26.9256276,88.75
1.0,0.5,0.0,24.66,-2.97,0.19,0.58,0.76,0.0,-1.88,0.2,7.74,12.086,8.221,6.622,4.41,10.99,10.5,9.03,-0.002,-0.002,0.001,0.06,0.03,-80.3052565,26.9256388,88.8
1.6,0.5,0.0,24.51,-3.02,0.63,0.48,3.29,-1.14,-1.84,0.18,9.712,9.163,9.29,8.947,16.58,10.79,9.81,6.87,-0.002,-0.002,0.001,0.09,0.04,-80.3052558,26.9256498,88.85
1.3,0.5,0.0,24.35,-3.53,0.46,0.46,-2.06,0.86,-1.9,0.19,10.703,11.419,9.408,7.681,11.77,8.63,6.97,5.0,-0.002,-0.002,0.001,0.02,0.01,-80.3052551,26.9256608,88.9
0.9,0.5,0.0,24.21,-2.44,1.02,0.72,0.48,-0.06,-1.86,0.17,9.467,12.292,9.408,10.379,5.1,8.93,12.56,13.24,-0.002,-0.002,0.001,0.08,0.03,-80.3052544,26.9256717,88.95
1.1,0.5,0.0,24.04,-3.76,0.3,0.76,2.45,-0.47,-1.85,0.18,9.83,12.174,8.584,7.564,12.95,13.15,17.66,13.34,-0.002,-0.002,0.001,-0.01,-0.0,-80.3052537,26.9256826,89.0
1.1,0.5,0.0,23.9,-2.18,-0.52,0.96,-0.93,0.96,-1.86,0.22,9.437,9.388,10.114,9.104,13.83,12.95,17.76,12.95,-0.002,-0.002,0.001,0.0,0.0,-80.305253,26.9256934,89.05
1.1,0.5,0.0,23.73,-3.06,-0.08,0.53,-0.25,0.0,-1.83,0.24,11.046,13.037,7.671,8.505,13.64,5.1,18.93,11.87,-0.002,-0.002,0.001,0.03,0.01,-80.3052523,26.9257041,89.1
1.4,0.5,0.0,23.6,-1.76,0.52,0.61,1.51,-0.14,-1.83,0.24,9.555,10.193,8.201,8.025,4.12,5.98,11.97,10.4,-0.002,-0.002,0.001,0.07,0.03,-80.3052516,26.9257148,89.15
1.2,0.5,0.0,23.43,-3.22,-0.03,0.94,-1.74,0.28,-1.85,0.23,9.32,11.9,9.172,9.202,5.0,8.04,9.03,9.32,-0.002,-0.002,0.001,-0.01,-0.0,-80.305251,26.9257254,89.2
1.8,0.5,0.0,23.27,-2.34,0.08,0.75,-0.25,-0.5,-1.85,0.22,10.173,7.495,9.015,9.015,13.83,11.09,7.16,11.09,-0.002,-0.002,0.001,0.05,0.02,-80.3052503,26.9257359,89.25
1.5,0.5,0.0,23.1,-3.5,-1.49,1.42,-1.36,0.09,-1.88,0.22,13.047,6.7,9.113,10.654,12.46,8.53,7.46,5.1,-0.002,-0.002,0.001,-0.07,-0.03,-80.3052497,26.9257464,89.3
1.2,0.5,0.0,22.95,-3.18,0.07,0.94,-0.07,0.5,-1.82,0.22,7.681,10.82,7.603,9.388,13.93,5.2,-0.88,5.89,-0.002,-0.002,0.001,0.02,0.01,-80.3052491,26.9257566,89.35
1.1,0.5,0.0,22.79,-2.49,0.32,0.47,-1.25,0.29,-1.87,0.24,12.066,9.163,9.055,7.936,6.67,7.95,2.84,8.83,-0.002,-0.003,0.001,0.09,0.03,-80.3052485,26.9257669,89.4
0.8,0.5,0.0,22.63,-3.69,0.62,0.44,0.93,-1.19,-1.88,0.21,8.358,12.508,8.476,8.299,0.59,7.16,6.77,9.42,-0.002,-0.002,0.001,0.03,0.01,-80.3052479,26.9257772,89.45
1.2,0.5,0.0,22.48,-2.29,-0.86,0.82,-0.1,-0.3,-1.87,0.17,10.968,5.876,6.004,9.957,8.93,11.48,9.61,11.77,-0.002,-0.002,0.0,0.0,0.0,-80.3052473,26.9257873,89.5
1.0,0.5,0.0,22.32,-3.3,0.57,0.64,0.51,-0.01,-1.94,0.21,8.77,10.507,10.693,8.495,14.22,11.09,12.85,10.79,-0.002,-0.002,0.001,0.04,0.01,-80.3052467,26.9257974,89.55
1.5,0.5,0.0,22.17,-2.85,-0.7,0.19,-0.04,0.72,-1.87,0.22,12.724,11.85,9.172,8.594,16.58,8.83,13.73,15.5,-0.002,-0.002,0.001,0.06,0.02,-80.3052461,26.9258075,89.6
1.2,0.5,0.0,22.03,-2.4,-0.25,0.57,2.19,-1.07,-1.83,0.2,10.742,8.466,9.074,9.182,17.66,5.2,17.27,16.28,-0.002,-0.002,0.001,0.0,0.0,-80.3052456,26.9258174,89.65
1.0,0.5,0.0,21.9,-2.43,-1.1,0.6,-1.03,-0.36,-1.87,0.21,11.595,11.909,8.986,8.339,10.01,10.5,13.73,14.62,-0.002,-0.002,0.001,-0.03,-0.01,-80.305245,26.9258273,89.7
0.9,0.5,0.0,21.8,-1.67,0.96,0.5,-0.05,0.39,-1.82,0.18,11.242,13.037,8.917,7.25,4.12,9.52,14.91,18.84,-0.002,-0.002,0.001,0.07,0.03,-80.3052445,26.9258372,89.75
1.0,0.5,0.0,21.76,-0.8,-0.3,1.01,-1.1,-0.63,-1.89,0.17,6.121,10.418,9.398,7.426,0.0,8.83,16.19,15.3,-0.002,-0.002,0.001,0.05,0.02,-80.3052439,26.925847,89.8
1.2,0.5,0.0,21.73,-0.76,-0.33,0.81,0.29,-0.55,-1.87,0.13,9.055,10.134,8.809,7.495,5.1,13.15,20.99,21.58,-0.001,-0.001,0.001,0.03,0.01,-80.3052434,26.9258568,89.85
1.7,0.6,0.0,21.69,-1.47,-1.23,0.88,-0.61,0.0,-1.89,0.1,10.232,7.318,9.604,9.722,11.58,14.22,16.19,12.46,-0.001,-0.001,0.001,0.01,0.0,-80.3052429,26.9258666,89.9
2.2,0.5,0.0,21.66,-0.87,-0.62,0.94,-1.29,0.45,-1.91,0.1,8.682,7.583,9.084,8.966,16.97,12.36,23.15,10.69,-0.001,-0.001,0.001,-0.0,-0.0,-80.3052424,26.9258763,89.95
2.4,0.5,0.0,21.66,-0.23,-0.22,0.94,0.02,-0.28,-1.92,0.07,7.828,8.692,9.418,9.261,19.42,9.32,15.21,8.83,-0.001,-0.001,0.001,0.06,0.02,-80.3052419,26.9258861,90.0
2.3,0.5,0.0,21.64,0.07,-0.71,1.11,-0.49,-0.54,-1.93,0.08,10.968,8.319,8.25,9.29,16.38,5.89,20.01,10.99,-0.001,-0.001,0.001,0.0,0.0,-80.3052414,26.9258959,90.05
2.3,0.5,0.0,21.62,0.61,-0.03,1.1,-0.95,0.1,-1.96,0.09,12.498,8.348,9.81,9.682,14.03,2.65,14.42,10.3,-0.001,-0.001,0.001,0.06,0.02,-80.3052409,26.9259056,90.1
2.0,0.5,0.0,21.6,1.03,0.82,1.21,0.33,-1.57,-1.97,0.1,10.32,10.134,9.712,8.103,10.59,5.69,21.29,15.3,-0.001,-0.002,0.001,0.09,0.03,-80.3052404,26.9259154,90.15
2.0,0.5,0.0,21.57,-0.02,0.79,1.43,-0.8,-0.58,-2.02,0.11,8.731,10.958,9.781,9.32,2.94,8.83,15.79,11.58,-0.001,-0.001,0.001,0.13,0.05,-80.30524,26.9259251,90.2
2.1,0.6,0.0,21.54,-0.57,-0.07,1.14,-2.05,0.44,-2.07,0.09,7.318,11.782,9.575,8.603,2.45,11.28,18.93,10.2,-0.001,-0.001,0.001,0.06,0.02,-80.3052395,26.9259348,90.25
2.4,0.7,0.0,21.51,-0.84,-0.4,1.16,-0.78,0.75,-2.09,0.11,8.505,10.477,9.064,8.329,6.38,11.67,13.05,5.59,-0.001,-0.001,0.001,0.04,0.01,-80.3052391,26.9259445,90.3
2.4,1.4,0.0,21.49,-0.98,-0.33,1.15,-1.02,0.3,-2.14,0.11,10.016,7.77,8.868,7.789,11.67,11.58,16.68,8.63,-0.001,-0.001,0.001,0.12,0.05,-80.3052387,26.9259542,90.35
2.6,3.6,0.0,21.47,-0.46,0.61,1.57,-0.37,-0.18,-2.19,0.1,9.32,10.31,10.202,10.251,15.79,11.97,15.6,8.34,-0.001,-0.001,0.001,0.12,0.04,-80.3052383,26.9259639,90.4
2.6,4.2,0.0,21.45,0.16,0.03,1.27,-1.93,-1.18,-2.23,0.07,11.056,9.486,9.633,9.722,17.46,12.36,19.42,10.2,-0.001,-0.001,0.001,0.12,0.05,-80.3052379,26.9259736,90.45
2.6,6.3,0.0,21.44,0.31,0.05,1.39,-1.02,-0.59,-2.26,0.06,11.282,6.847,10.065,9.427,17.36,5.98,14.91,11.97,-0.0,-0.001,0.001,0.13,0.05,-80.3052375,26.9259833,90.5
3.0,11.2,0.0,21.41,0.34,0.3,1.08,0.44,-0.43,-2.24,0.1,10.987,10.124,9.094,9.712,14.03,4.41,14.62,10.99,-0.0,-0.001,0.001,0.09,0.04,-80.3052373,26.9259929,90.55
2.9,11.8,0.0,21.38,-0.41,0.25,1.73,-0.97,0.19,-2.33,0.12,7.24,13.037,9.486,7.642,9.91,7.85,14.22,7.95,-0.001,-0.001,0.001,0.09,0.03,-80.3052369,26.9260026,90.6
3.1,12.0,0.0,21.36,-0.49,0.11,1.65,-1.33,0.52,-2.35,0.13,8.103,13.234,9.486,9.025,1.47,10.99,15.21,11.87,-0.001,-0.001,0.001,0.07,0.03,-80.3052366,26.9260121,90.65
4.2,11.9,0.0,21.33,-1.23,0.65,1.84,0.44,0.99,-2.33,0.13,8.858,8.554,10.467,8.829,0.59,9.32,12.75,5.69,-0.001,-0.001,0.001,0.09,0.03,-80.3052363,26.9260217,90.7
5.2,0.6,0.0,21.31,-0.63,-0.37,2.54,-1.09,1.24,-2.31,0.16,9.996,6.975,10.114,8.505,3.73,11.97,17.56,7.55,-0.0,-0.001,0.001,0.06,0.02,-80.305236,26.9260314,90.75
5.7,0.5,0.0,21.3,-0.02,0.11,3.1,-1.35,-0.45,-2.32,0.15,6.2,10.281,11.282,8.711,6.28,13.64,14.13,2.84,-0.0,-0.001,0.0,0.18,0.07,-80.3052357,26.926041,90.8
6.8,0.5,0.0,21.26,-0.6,0.3,3.38,-2.37,-0.03,-2.38,0.15,10.232,9.692,10.693,8.809,13.83,13.93,17.56,8.04,-0.0,-0.001,0.001,0.07,0.03,-80.3052354,26.9260506,90.85
7.5,0.5,0.0,21.23,0.05,1.14,3.97,0.68,0.39,-2.37,0.17,9.771,8.829,11.517,8.182,12.85,12.75,14.62,4.81,-0.0,-0.001,0.0,0.11,0.04,-80.3052352,26.9260602,90.9
8.5,0.5,0.0,21.21,-0.65,0.64,4.06,0.86,0.27,-2.34,0.2,10.016,12.567,8.348,8.574,18.54,5.3,16.38,5.89,-0.0,-0.002,0.0,0.06,0.02,-80.305235,26.9260697,90.95
9.6,0.5,0.0,21.18,-0.69,1.97,4.63,0.49,0.98,-2.32,0.22,8.76,12.459,9.172,9.074,16.68,4.41,11.28,6.18,-0.0,-0.002,0.0,0.1,0.04,-80.3052349,26.9260793,91.0
9.9,0.5,0.0,21.17,-0.05,2.24,4.91,0.82,-0.25,-2.3,0.19,8.633,10.379,9.839,10.055,16.78,2.26,20.6,10.69,-0.0,-0.002,0.0,0.11,0.04,-80.3052348,26.9260889,91.05
10.7,0.5,0.0,21.15,-0.22,1.81,5.33,-0.78,0.61,-2.27,0.21,10.497,9.506,9.565,10.144,12.46,2.55,15.21,6.87,-0.0,-0.002,-0.0,0.13,0.05,-80.3052347,26.9260985,91.1
11.6,0.5,0.0,21.13,-0.1,1.23,5.96,-0.38,-0.13,-2.24,0.22,12.106,8.78,9.221,8.515,9.52,6.28,15.89,9.71,-0.0,-0.002,-0.0,0.09,0.03,-80.3052347,26.926108,91.15
13.3,0.5,0.0,21.0,-3.01,3.62,6.17,3.51,0.37,-2.14,0.23,6.975,8.878,11.213,11.841,3.04,5.69,14.03,6.38,-0.0,-0.002,-0.0,0.25,0.09,-80.3052348,26.9261175,91.2
13.4,0.5,0.0,20.78,-4.04,2.23,6.3,1.97,4.0,-2.03,0.42,10.654,11.144,7.819,8.721,0.98,9.32,21.39,5.0,-0.001,-0.004,0.0,0.11,0.04,-80.3052349,26.926127,91.25
13.0,0.5,0.0,20.59,-4.18,0.96,6.99,-0.99,3.76,-2.02,0.62,7.554,11.694,4.375,6.543,-1.08,14.03,15.21,12.65,-0.002,-0.005,0.001,0.02,0.01,-80.3052351,26.9261363,91.3
12.1,0.5,0.0,20.39,-4.35,2.3,7.92,0.33,0.14,-1.98,0.66,8.083,12.027,9.741,8.731,0.78,11.38,19.72,10.99,-0.003,-0.005,0.002,-0.0,-0.0,-80.3052353,26.9261456,91.35
11.9,0.5,0.0,20.32,-0.76,2.9,7.27,0.65,-1.99,-1.99,0.61,10.82,12.724,7.74,8.976,11.18,12.07,16.48,11.77,-0.002,-0.005,0.001,0.11,0.04,-80.3052356,26.9261548,91.4
12.5,0.5,0.0,20.23,-2.59,2.33,6.33,2.65,-3.1,-1.93,0.47,7.877,9.123,7.544,9.79,7.26,11.38,15.79,16.97,-0.001,-0.004,0.001,0.09,0.03,-80.305236,26.926164,91.45
14.0,0.5,0.0,20.11,-2.57,1.5,6.06,1.43,-0.22,-1.9,0.42,9.516,5.562,9.427,11.527,12.07,9.22,12.36,11.18,-0.0,-0.004,-0.0,0.13,0.04,-80.3052364,26.9261731,91.5
14.2,0.5,0.0,20.05,-1.39,1.72,6.44,-1.42,0.18,-1.93,0.41,14.126,6.327,5.935,9.486,11.38,10.99,11.97,13.24,-0.001,-0.003,0.0,0.17,0.06,-80.3052369,26.9261822,91.55
15.3,0.5,0.0,19.93,-2.2,2.29,6.94,2.33,-0.03,-1.86,0.42,10.389,11.37,7.652,9.977,15.7,11.38,10.5,17.07,-0.001,-0.003,-0.0,0.24,0.08,-80.3052374,26.9261912,91.6
15.5,0.5,0.0,19.87,-1.45,2.59,8.46,3.06,-0.6,-1.76,0.45,8.594,9.565,8.231,9.143,11.87,13.15,5.2,16.68,-0.002,-0.004,-0.0,0.22,0.08,-80.305238,26.9262002,91.65
16.2,0.5,0.0,19.75,-3.42,1.12,8.22,2.25,-0.44,-1.63,0.44,8.446,10.134,9.398,11.939,14.62,7.85,0.98,20.7,-0.002,-0.004,-0.001,0.14,0.05,-80.3052386,26.9262091,91.7
16.4,0.5,0.0,19.67,-1.92,2.74,8.16,3.91,-0.78,-1.44,0.42,11.311,9.653,7.564,10.399,14.13,9.22,10.5,17.07,-0.001,-0.004,-0.002,0.13,0.04,-80.3052393,26.926218,91.75
16.6,0.5,0.0,19.58,-1.61,3.02,7.85,2.78,-1.55,-1.34,0.4,10.722,6.504,8.858,10.163,15.79,9.03,8.14,13.24,-0.001,-0.004,-0.002,0.23,0.08,-80.3052401,26.9262268,91.8
16.4,0.5,0.0,19.49,-2.32,2.44,7.62,0.16,0.96,-1.3,0.42,7.613,11.723,10.408,7.613,10.4,8.93,16.87,9.61,-0.001,-0.004,-0.001,0.2,0.07,-80.305241,26.9262356,91.85
16.0,0.5,0.0,19.42,-1.54,1.83,7.84,-1.06,-0.37,-1.25,0.39,7.681,8.456,8.574,7.76,12.46,5.89,17.66,2.65,-0.0,-0.004,-0.001,0.13,0.05,-80.3052419,26.9262444,91.9
16.2,0.5,0.0,19.33,-1.36,2.66,7.65,3.79,-0.0,-1.14,0.4,6.082,12.39,10.163,8.339,14.13,9.32,15.89,6.87,-0.0,-0.004,-0.001,0.16,0.05,-80.3052428,26.9262531,91.95
16.7,0.5,0.0,19.24,-2.41,1.41,7.5,-1.32,1.67,-1.14,0.45,9.457,10.163,10.83,9.476,16.87,4.71,28.65,6.77,-0.001,-0.004,-0.001,0.09,0.03,-80.3052438,26.9262618,92.0
17.2,0.5,0.0,19.15,-1.66,1.41,7.52,1.77,0.31,-1.08,0.43,11.36,7.357,9.329,9.938,13.54,4.71,21.09,9.71,-0.001,-0.004,-0.001,0.08,0.03,-80.305245,26.9262705,92.05
17.6,0.5,0.0,19.08,-1.65,0.93,7.69,2.79,-0.93,-0.96,0.39,8.123,12.822,8.692,9.163,17.27,1.08,14.32,14.03,-0.001,-0.004,-0.001,0.16,0.05,-80.3052462,26.9262791,92.1
18.8,0.5,0.0,18.98,-2.32,2.77,8.13,2.82,-1.49,-0.95,0.34,10.771,7.24,7.534,10.909,15.21,6.77,4.91,13.34,-0.001,-0.004,-0.001,0.23,0.08,-80.3052474,26.9262876,92.15
19.8,0.5,0.0,18.9,-1.82,2.19,8.64,3.32,-1.49,-0.84,0.31,12.223,9.418,3.257,9.015,16.68,6.57,3.43,18.84,-0.001,-0.005,-0.001,0.16,0.05,-80.3052486,26.9262961,92.2
20.6,0.5,0.0,18.82,-1.93,2.62,10.07,-1.14,-2.18,-0.87,0.24,7.917,9.81,7.544,8.662,8.53,8.53,4.02,12.75,-0.001,-0.004,-0.002,0.18,0.06,-80.30525,26.9263046,92.25
22.9,0.5,0.0,18.72,-2.48,2.9,9.69,3.38,0.83,-0.75,0.25,6.445,8.888,9.251,9.81,7.75,9.12,13.05,10.69,0.0,-0.004,-0.002,0.26,0.09,-80.3052514,26.926313,92.3
23.7,0.5,0.0,18.64,-2.7,3.3,10.77,-2.08,2.2,-0.77,0.31,8.172,12.518,10.144,8.446,3.73,14.32,18.93,6.18,0.0,-0.004,-0.002,0.28,0.09,-80.3052529,26.9263213,92.35
26.0,0.5,0.0,18.57,-1.63,3.78,11.68,1.31,1.48,-0.68,0.35,5.258,14.018,8.309,6.847,3.43,14.62,16.87,5.79,0.0,-0.004,-0.001,0.31,0.1,-80.3052544,26.9263297,92.4
26.7,0.5,0.0,18.48,-2.53,3.24,13.07,-0.46,1.88,-0.65,0.37,6.857,11.909,8.76,6.229,4.61,11.97,19.62,4.61,0.0,-0.004,-0.001,0.29,0.09,-80.3052561,26.9263379,92.45
27.7,0.5,0.0,18.41,-1.37,4.51,13.59,1.5,-0.68,-0.6,0.31,10.418,9.565,6.592,9.369,4.51,9.32,10.69,7.06,0.0,-0.005,-0.002,0.39,0.12,-80.3052579,26.926346,92.5
27.7,0.5,0.0,18.31,-2.12,4.16,13.55,-0.93,0.82,-0.61,0.32,7.966,11.429,8.152,8.858,7.55,8.73,8.14,8.53,0.001,-0.005,-0.002,0.37,0.12,-80.3052598,26.9263542,92.55
28.7,0.5,0.0,18.24,-1.08,5.79,13.85,1.04,-0.77,-0.59,0.29,11.017,6.71,9.123,11.949,6.57,10.01,-1.57,14.62,0.0,-0.005,-0.002,0.43,0.14,-80.3052617,26.9263623,92.6
28.8,0.5,0.0,18.16,-1.82,3.94,14.27,-2.31,0.07,-0.62,0.3,11.762,9.535,10.722,9.653,4.02,11.18,7.95,18.54,0.0,-0.005,-0.002,0.36,0.12,-80.3052637,26.9263703,92.65
30.6,0.6,0.0,18.06,-1.67,5.61,14.49,-0.36,-0.93,-0.59,0.28,7.23,12.115,9.241,9.418,9.81,14.91,15.3,11.38,0.001,-0.005,-0.002,0.43,0.14,-80.3052659,26.9263783,92.7
31.3,0.6,0.0,17.99,-1.14,5.05,14.51,-1.36,0.53,-0.6,0.3,10.242,10.085,9.682,6.877,9.52,13.83,19.23,10.1,0.001,-0.004,-0.002,0.5,0.16,-80.3052681,26.9263862,92.75
31.7,0.6,0.0,17.89,-2.2,4.49,14.71,-0.03,0.76,-0.53,0.32,6.612,12.233,7.279,8.515,14.22,12.56,11.38,10.1,0.001,-0.004,-0.002,0.39,0.12,-80.3052705,26.9263941,92.8
33.2,0.7,0.0,17.82,-1.0,5.2,15.32,-0.96,1.03,-0.57,0.36,10.34,6.18,6.671,10.595,19.42,10.1,4.02,13.24,0.001,-0.004,-0.002,0.48,0.15,-80.305273,26.9264019,92.85
33.2,0.7,0.0,17.73,-2.11,3.74,14.99,2.49,0.62,-0.48,0.42,9.339,10.232,6.416,11.223,17.56,8.04,3.04,14.13,0.001,-0.005,-0.002,0.36,0.11,-80.3052756,26.9264096,92.9
34.2,0.7,0.0,17.65,-1.83,5.45,15.28,-0.44,-2.16,-0.53,0.38,13.302,5.337,8.211,12.037,14.22,7.36,10.69,15.3,0.001,-0.006,-0.002,0.4,0.12,-80.3052782,26.9264173,92.95
34.1,0.7,0.0,17.58,-1.64,4.76,15.94,2.69,-1.52,-0.51,0.33,8.79,10.487,7.887,10.614,9.22,8.93,10.01,13.93,0.001,-0.005,-0.002,0.55,0.17,-80.305281,26.9264249,93.0
35.1,0.7,0.0,17.49,-2.25,5.6,15.68,1.69,-0.91,-0.45,0.28,9.938,12.567,10.497,11.115,2.84,7.55,22.76,10.69,0.001,-0.005,-0.003,0.56,0.17,-80.3052839,26.9264323,93.05
34.2,0.7,0.0,17.42,-1.35,4.34,16.21,-2.43,1.14,-0.55,0.29,8.652,9.457,7.456,9.251,2.26,6.38,14.91,10.01,0.001,-0.005,-0.004,0.55,0.17,-80.3052868,26.9264397,93.1
35.5,0.7,0.0,17.32,-2.44,4.98,16.0,-1.46,0.54,-0.55,0.3,11.105,9.163,8.957,8.79,5.4,6.08,9.61,6.28,0.001,-0.005,-0.003,0.54,0.16,-80.3052899,26.9264471,93.15
36.2,0.8,0.0,17.25,-1.28,6.12,16.34,1.27,-1.1,-0.56,0.26,7.456,12.164,9.241,10.977,8.14,12.36,1.28,7.06,0.001,-0.005,-0.003,0.59,0.18,-80.3052932,26.9264544,93.2
38.5,0.8,0.0,17.17,-1.06,4.61,16.44,-2.48,-0.03,-0.58,0.25,12.851,8.446,8.329,10.811,15.89,9.91,10.59,18.93,0.001,-0.005,-0.003,0.47,0.14,-80.3052964,26.9264617,93.25
38.4,0.8,0.0,17.08,-1.9,5.4,16.84,-0.62,-0.11,-0.57,0.28,5.984,10.811,10.144,9.898,17.95,10.3,15.3,17.66,0.001,-0.005,-0.003,0.55,0.16,-80.3052998,26.9264688,93.3
39.6,0.9,0.0,16.98,-2.28,5.14,17.37,-1.06,0.23,-0.6,0.31,11.036,12.92,8.721,8.652,14.72,16.28,11.28,13.24,0.001,-0.005,-0.003,0.55,0.16,-80.3053033,26.9264759,93.35
39.7,0.9,0.0,16.92,-1.66,4.71,17.51,3.58,-1.55,-0.51,0.27,8.28,6.985,7.299,10.693,15.01,8.73,9.12,11.38,0.001,-0.005,-0.003,0.62,0.18,-80.3053069,26.9264829,93.4
39.2,1.0,0.0,16.84,-1.98,4.55,17.73,-2.82,0.07,-0.61,0.27,6.828,9.702,9.202,9.163,4.12,9.32,8.73,5.49,0.001,-0.005,-0.003,0.47,0.14,-80.3053105,26.9264898,93.45
39.3,1.1,0.0,16.75,-2.08,6.22,17.71,1.79,-0.01,-0.58,0.26,8.368,10.556,9.123,8.76,1.96,9.71,12.26,11.48,0.001,-0.006,-0.003,0.7,0.21,-80.3053143,26.9264966,93.5
38.8,1.1,0.0,16.68,-1.28,5.7,18.17,-3.92,1.37,-0.67,0.29,7.74,10.202,9.82,7.887,5.4,7.26,15.4,10.2,0.001,-0.005,-0.003,0.65,0.19,-80.3053183,26.9265033,93.55
40.6,1.1,0.0,16.59,-1.61,4.81,17.4,-0.29,-0.08,-0.67,0.28,12.753,12.164,6.622,8.829,14.42,6.77,9.42,12.36,0.001,-0.006,-0.003,0.61,0.18,-80.3053223,26.92651,93.6
40.6,1.2,0.0,16.51,-2.13,4.49,17.76,1.21,-2.0,-0.63,0.24,10.722,7.809,9.202,13.077,18.54,7.95,6.28,7.95,0.002,-0.005,-0.003,0.61,0.17,-80.3053264,26.9265165,93.65
41.1,1.2,0.0,16.43,-2.31,4.77,17.82,-2.12,-0.66,-0.72,0.25,9.496,12.037,7.681,8.711,13.34,9.81,16.28,5.89,0.001,-0.005,-0.003,0.6,0.17,-80.3053305,26.926523,93.7
42.1,1.3,0.0,16.36,-1.5,4.34,17.68,0.07,-0.13,-0.73,0.24,9.447,9.516,8.26,10.34,10.89,10.99,17.85,14.62,0.002,-0.005,-0.003,0.66,0.19,-80.3053348,26.9265294,93.75
42.6,1.4,0.0,16.29,-1.11,6.15,18.38,2.68,0.3,-0.67,0.25,6.269,11.223,8.005,8.662,4.22,12.85,12.46,9.81,0.001,-0.005,-0.003,0.75,0.21,-80.3053392,26.9265357,93.8
43.9,1.7,0.0,16.2,-1.81,4.63,19.19,-3.32,1.7,-0.75,0.3,7.72,7.877,8.829,7.976,4.71,9.22,4.02,12.16,0.001,-0.005,-0.003,0.62,0.17,-80.3053436,26.9265419,93.85
43.8,1.9,0.0,16.14,-1.56,5.3,19.7,-0.26,0.24,-0.7,0.32,10.968,11.88,7.662,7.838,10.5,7.16,14.13,9.32,0.001,-0.006,-0.003,0.74,0.21,-80.3053482,26.9265479,93.9
46.0,2.1,0.0,16.06,-1.8,5.15,19.57,0.31,-1.39,-0.7,0.27,9.741,6.887,8.456,9.8,16.58,5.49,10.99,13.34,0.002,-0.005,-0.003,0.69,0.19,-80.3053529,26.9265539,93.95
47.0,2.4,0.0,15.99,-1.03,6.08,19.72,0.82,-1.3,-0.71,0.24,11.723,8.643,8.368,11.586,20.21,8.24,12.36,14.32,0.002,-0.005,-0.003,0.79,0.22,-80.3053577,26.9265599,94.0
47.7,2.6,0.0,15.91,-1.71,4.68,19.99,1.89,-0.71,-0.62,0.24,9.28,9.83,8.368,11.183,7.46,12.56,6.28,13.64,0.002,-0.005,-0.004,0.72,0.2,-80.3053625,26.9265657,94.05
48.3,3.0,0.0,15.83,-1.84,5.81,20.24,-1.74,1.18,-0.67,0.29,8.132,12.047,8.858,7.917,0.49,14.22,21.48,5.69,0.001,-0.005,-0.004,0.79,0.22,-80.3053674,26.9265714,94.1
48.2,3.4,0.0,15.79,-0.87,6.79,20.74,0.34,0.97,-0.64,0.3,8.005,12.557,9.418,7.75,6.28,14.42,21.29,8.44,0.002,-0.005,-0.004,0.92,0.25,-80.3053725,26.926577,94.15
51.0,3.9,0.0,15.75,-0.62,4.78,21.33,-2.3,-0.68,-0.63,0.27,7.701,8.829,6.71,10.977,16.09,5.3,7.65,13.24,0.002,-0.006,-0.004,0.74,0.2,-80.3053776,26.9265825,94.2
51.8,4.6,0.0,15.71,-0.81,5.44,21.64,1.15,-3.03,-0.59,0.18,11.664,8.319,6.985,12.243,19.72,4.91,4.91,12.07,0.003,-0.005,-0.004,0.77,0.21,-80.3053828,26.9265878,94.25
51.6,5.1,0.0,15.71,0.49,5.32,21.79,3.45,-2.04,-0.53,0.15,8.652,8.878,4.15,7.583,7.65,10.59,10.01,3.53,0.003,-0.005,-0.005,0.78,0.21,-80.3053882,26.9265931,94.3
51.3,5.8,0.0,15.81,1.5,6.37,21.82,-1.84,-0.75,-0.66,0.09,8.437,9.192,8.937,8.554,-1.28,11.18,21.29,5.89,0.003,-0.004,-0.006,0.78,0.22,-80.3053937,26.9265984,94.35
51.5,6.0,0.0,15.82,0.32,6.74,22.2,0.05,-0.28,-0.67,0.02,5.16,13.675,8.937,7.877,5.1,15.99,11.58,15.21,0.004,-0.004,-0.006,0.89,0.25,-80.3053993,26.9266035,94.4
52.8,6.5,0.0,15.92,2.3,4.97,21.74,-1.13,-1.05,-0.57,-0.01,11.635,6.818,8.839,10.85,16.19,12.95,12.26,20.01,0.004,-0.004,-0.007,0.75,0.21,-80.305405,26.9266086,94.45
53.4,6.5,0.0,16.01,1.48,5.69,21.48,-1.2,-2.48,-0.6,-0.09,7.809,8.231,7.838,10.281,18.44,6.77,14.22,16.78,0.005,-0.003,-0.007,0.69,0.19,-80.3054108,26.9266136,94.5
53.8,6.7,0.0,16.11,2.08,5.14,21.49,2.12,-0.74,-0.57,-0.14,7.201,5.062,5.925,11.017,7.46,5.1,12.85,9.61,0.005,-0.003,-0.008,0.71,0.2,-80.3054168,26.9266186,94.55
52.7,6.6,0.0,16.2,1.77,6.45,22.1,3.32,-0.42,-0.5,-0.15,7.554,10.536,9.692,11.095,3.83,11.58,7.95,13.34,0.005,-0.003,-0.008,0.81,0.23,-80.305423,26.9266234,94.6
52.1,6.6,0.0,16.32,2.94,7.63,21.4,-0.53,0.07,-0.54,-0.13,9.388,9.8,6.406,6.592,4.12,10.59,14.03,11.58,0.005,-0.003,-0.008,0.79,0.22,-80.3054293,26.9266283,94.65
52.6,6.1,0.0,16.43,2.45,5.62,21.72,-2.13,-0.18,-0.53,-0.13,6.641,11.958,10.86,9.143,10.2,13.83,18.64,14.03,0.006,-0.003,-0.008,0.64,0.18,-80.3054357,26.926633,94.7
52.9,5.5,0.0,16.52,1.2,6.86,21.58,-0.28,-0.85,-0.49,-0.16,10.036,9.113,10.153,10.497,17.27,10.89,12.75,13.05,0.006,-0.003,-0.008,0.66,0.19,-80.3054422,26.9266375,94.75
53.5,5.1,0.0,16.61,1.74,5.27,21.54,1.85,-0.3,-0.48,-0.15,5.621,7.936,8.28,10.703,9.71,10.79,5.1,11.28,0.006,-0.003,-0.008,0.57,0.16,-80.3054489,26.9266421,94.8
52.6,4.8,0.0,16.7,1.54,5.7,22.05,1.61,-0.38,-0.45,-0.13,10.909,8.858,7.622,11.743,8.44,4.32,7.46,16.28,0.006,-0.003,-0.008,0.56,0.16,-80.3054558,26.9266466,94.85
51.9,4.6,0.0,16.77,1.19,6.5,21.74,-1.55,-0.08,-0.51,-0.1,8.682,8.986,8.064,8.329,6.77,5.1,16.87,8.63,0.005,-0.003,-0.008,0.61,0.18,-80.3054627,26.926651,94.9
51.7,4.3,0.0,16.84,1.34,6.79,22.65,0.21,-0.2,-0.49,-0.11,7.946,13.302,11.811,9.27,3.34,15.3,19.23,17.17,0.005,-0.003,-0.008,0.62,0.18,-80.3054697,26.9266553,94.95
51.9,4.2,0.0,16.89,0.76,6.76,22.25,-0.96,1.18,-0.46,-0.08,8.888,13.587,9.349,9.035,11.77,8.04,9.12,9.32,0.005,-0.003,-0.008,0.6,0.18,-80.3054769,26.9266594,95.0
52.7,4.0,0.0,16.94,1.18,6.2,22.22,-1.67,-0.27,-0.49,-0.08,9.565,5.033,8.623,11.811,14.81,9.52,3.73,11.09,0.005,-0.003,-0.008,0.57,0.17,-80.3054842,26.9266635,95.05
53.7,3.8,0.0,16.96,-0.44,5.72,22.86,1.01,-0.33,-0.46,-0.05,10.075,7.554,6.847,9.996,18.15,12.95,5.3,18.64,0.005,-0.004,-0.008,0.49,0.14,-80.3054916,26.9266673,95.1
53.6,3.6,0.0,17.0,0.73,6.4,23.18,2.76,-0.29,-0.43,-0.03,7.25,11.576,7.446,9.457,9.71,12.95,19.42,21.19,0.005,-0.004,-0.008,0.56,0.17,-80.3054992,26.9266712,95.15
53.1,3.5,0.0,17.02,0.09,6.11,23.59,-1.04,0.59,-0.45,-0.03,8.819,7.436,8.368,9.987,4.02,9.81,19.82,11.48,0.005,-0.004,-0.008,0.51,0.15,-80.3055067,26.9266749,95.2
53.4,3.4,0.0,17.02,-0.15,7.7,23.58,-0.42,1.0,-0.52,-0.01,6.072,10.565,10.026,8.182,2.06,12.56,11.67,14.62,0.005,-0.004,-0.008,0.56,0.17,-80.3055144,26.9266784,95.25
53.6,3.3,0.0,17.03,-0.12,7.84,23.27,1.04,0.96,-0.45,0.0,9.663,9.888,9.653,11.488,7.46,10.99,3.92,12.16,0.005,-0.004,-0.008,0.63,0.19,-80.3055221,26.9266818,95.3
53.1,3.3,0.0,17.05,0.26,7.33,24.06,-1.13,0.3,-0.46,0.04,8.495,10.212,9.28,9.859,13.34,4.02,9.91,3.63,0.005,-0.005,-0.008,0.55,0.16,-80.30553,26.926685,95.35
53.4,3.3,0.0,17.04,0.17,6.32,23.83,-1.13,-0.66,-0.5,0.05,9.702,10.605,8.397,8.378,15.99,6.67,16.28,16.58,0.004,-0.005,-0.007,0.49,0.14,-80.3055379,26.9266882,95.4
53.6,3.3,0.0,17.04,-0.25,6.65,24.2,2.59,-1.76,-0.38,-0.01,10.045,11.88,6.484,10.811,16.48,7.85,14.32,12.46,0.005,-0.005,-0.008,0.39,0.12,-80.3055458,26.9266911,95.45
54.0,3.3,0.0,17.06,0.04,6.05,24.02,1.62,-0.91,-0.4,-0.06,7.436,6.426,6.936,10.085,9.22,9.03,11.28,5.0,0.005,-0.004,-0.008,0.38,0.11,-80.3055539,26.926694,95.5
52.9,3.3,0.0,17.03,-0.52,6.6,23.31,1.72,1.12,-0.34,-0.04,6.092,8.456,7.377,9.81,5.98,14.72,2.65,13.73,0.005,-0.004,-0.009,0.47,0.14,-80.305562,26.9266967,95.55
51.5,3.3,0.0,17.04,0.09,7.68,23.21,-0.05,1.56,-0.35,0.04,7.181,12.881,8.672,9.261,0.39,12.95,11.58,-0.69,0.004,-0.004,-0.009,0.45,0.13,-80.3055702,26.9266991,95.6
51.6,3.3,0.0,17.06,0.58,6.58,23.28,-1.34,0.51,-0.4,0.07,7.583,9.83,8.996,8.182,5.79,14.13,20.6,6.77,0.004,-0.004,-0.007,0.42,0.13,-80.3055785,26.9267015,95.65
51.7,3.3,0.0,17.04,0.35,7.4,23.55,-0.97,0.12,-0.38,0.05,7.093,11.409,9.094,9.496,12.07,14.32,14.13,19.91,0.005,-0.005,-0.007,0.39,0.12,-80.3055868,26.9267038,95.7
52.3,3.3,0.0,17.04,-0.08,7.5,22.84,1.45,-1.65,-0.3,0.02,11.115,10.281,6.014,11.537,18.05,6.57,1.57,13.24,0.005,-0.005,-0.008,0.43,0.13,-80.3055951,26.9267059,95.75
53.2,3.3,0.0,17.03,-0.1,6.77,23.09,0.44,-1.71,-0.31,0.0,9.928,3.718,7.122,11.694,18.74,2.16,2.84,15.6,0.005,-0.005,-0.008,0.35,0.1,-80.3056034,26.9267078,95.8
52.7,3.3,0.0,17.03,0.06,5.39,23.6,0.3,-0.35,-0.33,0.0,8.829,9.015,7.22,10.34,9.32,8.53,10.99,15.89,0.005,-0.004,-0.008,0.32,0.09,-80.3056118,26.9267095,95.85
52.7,3.3,0.0,17.02,-1.44,6.57,23.68,0.88,0.48,-0.3,-0.0,8.25,11.399,8.849,9.31,8.14,6.08,26.59,7.06,0.005,-0.005,-0.008,0.35,0.1,-80.3056203,26.9267112,95.9
52.5,3.3,0.0,17.03,0.38,6.48,23.96,1.16,1.34,-0.32,0.0,7.573,9.594,8.437,10.683,3.14,13.64,17.17,4.91,0.005,-0.004,-0.008,0.47,0.14,-80.3056288,26.9267126,95.95
51.6,3.3,0.0,17.04,0.29,6.68,23.15,-1.14,0.68,-0.31,0.02,8.339,9.467,7.564,8.594,3.83,11.87,9.81,17.27,0.004,-0.005,-0.008,0.39,0.12,-80.3056373,26.926714,96.0
51.7,3.3,0.0,17.03,-0.26,8.45,23.51,-1.06,-1.96,-0.34,-0.04,8.123,11.007,9.516,9.967,6.38,12.56,4.61,20.4,0.004,-0.005,-0.008,0.42,0.12,-80.3056458,26.9267151,96.05
52.3,3.3,0.0,17.03,0.32,6.94,23.45,-1.29,-0.38,-0.32,-0.06,8.437,9.673,9.329,10.026,10.89,13.73,10.69,5.89,0.005,-0.004,-0.008,0.45,0.14,-80.3056544,26.9267161,96.1
52.6,3.3,0.0,17.04,0.61,6.29,23.11,-1.52,-0.7,-0.3,-0.07,5.709,9.957,10.055,9.418,15.01,12.16,19.91,10.99,0.005,-0.004,-0.008,0.35,0.1,-80.305663,26.9267169,96.15
53.5,3.3,0.0,17.02,-0.96,6.4,22.66,1.39,0.58,-0.33,-0.03,9.457,8.015,7.897,9.408,16.38,8.34,10.4,15.01,0.005,-0.004,-0.008,0.45,0.13,-80.3056716,26.9267176,96.2
53.5,3.4,0.0,17.02,0.04,6.58,22.97,4.17,0.23,-0.25,0.03,8.417,6.73,3.855,9.3,14.91,3.24,3.73,14.03,0.005,-0.005,-0.008,0.39,0.12,-80.3056802,26.9267182,96.25
51.9,3.3,0.0,17.02,0.56,6.55,23.96,-0.86,-0.12,-0.32,0.07,10.055,8.957,6.259,9.476,3.73,5.69,13.44,16.58,0.004,-0.005,-0.007,0.41,0.12,-80.3056888,26.9267185,96.3
51.7,3.4,0.0,17.0,-0.91,7.02,23.87,1.34,0.2,-0.31,0.07,7.936,14.587,7.995,8.486,-1.37,9.52,19.72,1.28,0.004,-0.005,-0.008,0.42,0.13,-80.3056974,26.9267187,96.35
51.1,3.4,0.0,17.03,0.63,7.38,23.96,-0.86,0.54,-0.3,0.06,8.24,10.938,9.957,8.535,4.12,13.73,22.56,7.55,0.005,-0.004,-0.008,0.37,0.11,-80.3057061,26.9267188,96.4
52.5,3.5,0.0,17.01,0.05,7.12,22.97,-0.53,0.26,-0.3,0.03,8.819,9.113,8.868,9.467,14.81,11.09,12.95,8.14,0.005,-0.005,-0.008,0.39,0.12,-80.3057147,26.9267188,96.45
51.8,3.6,0.0,17.03,0.1,7.39,22.43,-1.42,-0.66,-0.33,0.04,8.868,10.879,7.926,10.212,16.38,11.09,3.24,6.77,0.005,-0.005,-0.008,0.35,0.1,-80.3057233,26.9267185,96.5
53.0,3.6,0.0,17.03,0.02,6.83,22.63,0.0,-1.12,-0.32,0.03,10.526,7.514,8.132,10.703,16.78,10.99,7.85,14.42,0.005,-0.005,-0.008,0.38,0.11,-80.305732,26.926718,96.55
53.2,3.6,0.0,17.04,0.52,6.07,23.44,1.47,-1.27,-0.31,-0.01,7.691,8.741,8.201,9.123,10.3,13.73,15.79,17.36,0.005,-0.004,-0.008,0.34,0.1,-80.3057406,26.9267175,96.6
53.0,3.8,0.0,17.03,-0.65,5.68,23.25,-0.86,0.82,-0.33,-0.01,8.289,12.949,8.633,9.3,4.81,12.07,14.42,12.46,0.005,-0.004,-0.008,0.38,0.11,-80.3057492,26.9267168,96.65
53.9,4.1,0.0,17.05,-0.08,8.51,23.2,0.37,0.16,-0.33,-0.05,8.515,8.388,7.917,10.036,6.38,11.28,10.89,10.4,0.005,-0.004,-0.008,0.47,0.14,-80.3057578,26.9267159,96.7
53.5,4.3,0.0,17.06,0.38,6.68,23.44,1.83,0.55,-0.29,-0.01,8.201,9.771,6.739,8.309,5.69,8.53,10.79,11.58,0.005,-0.004,-0.008,0.44,0.13,-80.3057663,26.9267148,96.75
54.3,4.7,0.0,17.09,0.86,7.6,23.58,-1.98,-0.62,-0.34,-0.0,9.329,11.841,6.455,9.467,13.15,6.38,14.81,9.61,0.005,-0.004,-0.008,0.4,0.12,-80.3057749,26.9267137,96.8
55.3,5.0,0.0,17.13,1.05,7.41,23.21,0.24,-0.5,-0.33,-0.01,9.339,7.887,7.995,9.643,13.24,10.59,12.56,14.42,0.006,-0.004,-0.008,0.38,0.11,-80.3057834,26.9267123,96.85
55.4,5.2,0.0,17.16,1.08,6.24,23.69,0.89,-0.45,-0.25,-0.0,9.565,8.132,7.534,11.242,17.46,9.81,9.91,17.66,0.006,-0.004,-0.008,0.25,0.08,-80.305792,26.9267109,96.9
55.9,5.4,0.0,17.21,0.99,6.19,23.69,-1.28,-0.4,-0.34,-0.01,8.907,9.957,8.858,10.605,14.91,9.32,6.87,12.65,0.005,-0.004,-0.008,0.23,0.07,-80.3058005,26.9267092,96.95
56.5,5.6,0.0,17.28,0.6,7.13,23.84,4.14,-1.82,-0.23,-0.07,9.418,9.81,7.279,10.153,6.77,12.56,7.95,8.24,0.005,-0.004,-0.009,0.29,0.09,-80.305809,26.9267073,97.0
57.6,5.7,0.0,17.36,1.92,7.61,24.63,-0.91,-0.72,-0.27,-0.11,5.356,9.761,9.908,10.614,1.57,12.16,17.46,8.24,0.006,-0.003,-0.009,0.26,0.08,-80.3058175,26.9267054,97.05
58.4,5.8,0.0,17.44,1.14,7.08,23.88,0.35,1.28,-0.29,-0.1,6.318,11.026,11.419,7.652,8.14,15.11,20.6,12.26,0.006,-0.003,-0.009,0.21,0.06,-80.305826,26.9267033,97.1
58.6,5.8,0.0,17.53,2.24,7.3,24.55,0.56,0.35,-0.21,-0.08,7.338,9.359,9.015,9.29,10.01,13.44,16.87,16.97,0.007,-0.003,-0.009,0.23,0.07,-80.3058345,26.926701,97.15
58.7,5.8,0.0,17.61,1.26,7.05,24.55,-2.14,0.46,-0.25,-0.04,6.553,10.869,8.78,9.614,16.87,11.28,8.53,16.48,0.007,-0.003,-0.009,0.06,0.02,-80.305843,26.9266984,97.2
59.5,5.6,0.0,17.69,1.38,6.93,25.27,0.26,-1.8,-0.16,-0.05,12.871,8.358,7.24,11.762,18.34,11.67,3.14,18.15,0.007,-0.003,-0.009,-0.0,-0.0,-80.3058514,26.9266958,97.25
59.0,5.3,0.0,17.78,2.22,8.1,25.11,0.45,-1.46,-0.13,-0.07,8.319,9.771,7.858,12.537,16.78,9.71,1.57,23.15,0.007,-0.003,-0.009,-0.04,-0.01,-80.3058599,26.926693,97.3
58.2,5.1,0.0,17.85,1.14,8.73,26.05,3.16,-1.24,-0.05,-0.09,10.811,8.917,7.328,10.212,12.07,9.22,9.22,9.12,0.006,-0.004,-0.01,-0.02,-0.01,-80.3058683,26.9266901,97.35
57.1,4.9,0.0,17.91,1.43,7.8,26.24,1.11,-0.28,-0.04,-0.12,7.416,7.848,7.063,8.427,11.67,2.84,22.96,-1.18,0.007,-0.004,-0.01,-0.14,-0.04,-80.3058766,26.9266868,97.4
56.4,4.8,0.0,17.98,1.48,8.4,25.55,0.28,-0.32,-0.09,-0.16,5.023,10.124,6.847,9.898,3.24,7.26,22.07,7.06,0.007,-0.004,-0.01,-0.15,-0.05,-80.305885,26.9266835,97.45
55.8,4.6,0.0,18.04,1.73,7.92,25.31,-0.65,0.61,-0.08,-0.16,8.358,9.467,10.663,9.996,7.36,10.01,20.9,10.01,0.007,-0.003,-0.01,-0.18,-0.06,-80.3058932,26.92668,97.5
55.3,4.4,0.0,18.08,0.74,7.06,23.69,-0.7,1.49,-0.11,-0.09,8.731,11.35,9.329,10.35,7.75,10.99,15.11,15.6,0.007,-0.003,-0.009,-0.18,-0.06,-80.3059013,26.9266764,97.55
54.3,4.2,0.0,18.13,1.53,7.66,24.3,-1.27,0.33,-0.09,-0.04,8.113,11.792,6.936,8.182,3.04,10.99,9.22,10.1,0.007,-0.004,-0.009,-0.16,-0.05,-80.3059094,26.9266725,97.6
53.2,4.2,0.0,18.13,-0.14,8.22,24.18,-1.83,0.78,-0.13,-0.0,10.673,9.418,9.133,10.065,6.47,8.63,1.67,11.38,0.007,-0.004,-0.009,-0.13,-0.04,-80.3059175,26.9266684,97.65
50.8,4.1,0.0,18.18,1.66,7.14,24.33,-0.25,-0.21,-0.08,-0.01,6.161,9.113,6.73,9.143,7.95,10.4,7.36,0.0,0.007,-0.004,-0.009,-0.11,-0.03,-80.3059254,26.9266643,97.7
47.6,3.9,0.0,18.17,-0.4,7.93,23.73,-3.87,0.44,-0.14,-0.02,8.28,10.153,12.233,10.369,14.62,10.1,17.46,9.32,0.007,-0.004,-0.009,-0.12,-0.04,-80.3059333,26.92666,97.75
46.6,3.8,0.0,18.2,1.31,7.36,22.57,-1.53,0.44,-0.18,-0.02,7.681,8.201,7.711,10.33,12.75,12.16,21.09,13.05,0.006,-0.004,-0.009,-0.01,-0.0,-80.3059411,26.9266555,97.8
45.5,3.7,0.0,18.2,0.04,6.76,22.13,-2.1,0.53,-0.23,-0.0,6.494,12.665,10.85,10.202,18.34,8.73,14.62,18.93,0.006,-0.004,-0.009,0.02,0.01,-80.3059487,26.9266508,97.85
47.7,3.6,0.0,18.18,-0.22,7.03,20.9,2.42,-0.14,-0.26,0.01,10.801,6.327,5.14,8.711,13.34,8.73,5.49,15.01,0.006,-0.004,-0.008,0.07,0.02,-80.3059562,26.9266461,97.9
48.4,3.6,0.0,18.18,-0.69,6.22,21.46,-0.52,-0.45,-0.31,0.03,9.359,8.888,7.377,10.654,12.46,12.26,3.04,17.95,0.006,-0.004,-0.008,0.0,0.0,-80.3059636,26.9266412,97.95
48.9,3.6,0.0,18.18,-0.13,7.76,22.4,2.03,-1.68,-0.33,0.02,8.26,8.829,5.7,9.555,5.79,8.34,2.06,25.02,0.005,-0.004,-0.008,0.11,0.04,-80.305971,26.9266363,98.0
48.9,3.6,0.0,18.17,-1.04,6.66,22.92,-0.51,0.23,-0.33,0.01,8.142,9.172,10.565,9.898,7.46,13.83,15.01,10.79,0.005,-0.004,-0.009,0.09,0.03,-80.3059782,26.9266311,98.05
49.3,3.5,0.0,18.15,-0.07,7.54,22.78,-0.76,0.09,-0.33,0.01,4.65,13.567,10.644,10.085,4.81,15.3,26.98,10.1,0.005,-0.004,-0.008,0.17,0.05,-80.3059853,26.9266259,98.1
49.3,3.5,0.0,18.13,-0.5,7.56,23.13,1.04,2.2,-0.26,0.07,7.75,10.379,10.644,7.917,4.71,13.24,19.62,8.44,0.005,-0.004,-0.009,0.12,0.04,-80.3059923,26.9266205,98.15
50.3,3.5,0.0,18.16,0.64,7.49,23.35,0.34,0.46,-0.22,0.08,9.506,9.604,8.339,10.085,7.16,6.77,7.16,11.18,0.005,-0.004,-0.009,0.09,0.03,-80.3059991,26.926615,98.2
51.1,3.5,0.0,18.13,-0.85,6.86,23.99,1.36,-1.14,-0.22,0.04,10.153,6.641,8.751,11.291,8.53,8.04,1.96,10.2,0.005,-0.004,-0.008,0.01,0.0,-80.3060058,26.9266094,98.25
51.6,3.4,0.0,18.12,-0.09,8.55,24.5,0.82,-0.49,-0.14,0.03,12.174,7.456,8.584,12.282,10.01,7.36,0.69,9.91,0.006,-0.005,-0.008,0.03,0.01,-80.3060124,26.9266037,98.3
51.6,3.4,0.0,18.12,0.75,7.13,24.51,-1.0,-1.05,-0.15,0.02,8.329,8.535,9.8,11.301,11.09,10.1,6.47,20.8,0.006,-0.004,-0.008,-0.01,-0.0,-80.3060189,26.9265978,98.35
52.2,3.4,0.0,18.08,-0.89,7.98,23.88,-0.63,0.64,-0.13,0.06,9.506,9.732,9.918,10.693,11.58,10.4,13.64,10.69,0.006,-0.004,-0.008,-0.08,-0.02,-80.3060252,26.9265919,98.4
51.8,3.4,0.0,18.06,-0.09,7.26,24.19,-0.23,0.98,-0.1,0.12,7.044,11.566,9.81,9.427,15.3,7.16,21.68,11.38,0.006,-0.004,-0.008,-0.09,-0.03,-80.3060314,26.9265857,98.45
52.5,3.4,0.0,18.04,-0.54,7.2,24.27,1.76,0.33,-0.03,0.15,10.006,12.488,4.258,7.838,18.54,5.49,11.87,8.73,0.006,-0.005,-0.008,-0.07,-0.02,-80.3060373,26.9265795,98.5
52.7,3.4,0.0,18.05,0.08,7.41,24.81,0.75,-1.57,-0.03,0.1,8.858,6.259,8.093,10.036,12.65,7.75,11.28,6.67,0.005,-0.005,-0.008,-0.05,-0.02,-80.3060432,26.9265733,98.55
52.9,3.4,0.0,18.01,-1.63,7.88,24.4,1.68,-2.66,-0.02,-0.01,8.378,6.416,7.524,13.057,12.07,6.28,1.37,12.26,0.006,-0.005,-0.008,-0.12,-0.04,-80.306049,26.9265669,98.6
52.8,3.3,0.0,17.99,-0.35,7.96,23.7,0.9,1.08,-0.02,0.02,7.877,7.642,7.122,11.811,5.2,10.01,9.91,4.32,0.006,-0.005,-0.009,-0.05,-0.02,-80.3060545,26.9265604,98.65
51.8,3.3,0.0,17.97,-0.53,6.38,23.98,-1.96,0.98,-0.07,0.06,8.221,10.899,7.642,9.496,3.73,8.44,26.0,16.97,0.006,-0.005,-0.008,-0.01,-0.0,-80.3060598,26.9265538,98.7
51.1,3.3,0.0,17.95,-0.67,7.28,24.37,1.74,0.75,-0.06,0.08,5.503,11.546,10.693,8.378,3.63,13.05,18.34,14.52,0.005,-0.005,-0.008,0.01,0.0,-80.3060651,26.9265472,98.75
51.1,3.3,0.0,17.93,-0.16,6.7,24.68,-2.03,0.25,-0.08,0.06,8.339,12.871,9.682,7.76,4.12,11.67,15.7,10.01,0.006,-0.005,-0.008,-0.02,-0.01,-80.3060702,26.9265403,98.8
51.6,3.3,0.0,17.87,-1.67,8.03,24.48,-2.41,0.65,-0.14,0.05,6.72,12.4,8.025,8.947,6.47,11.48,10.1,11.87,0.006,-0.005,-0.008,0.04,0.01,-80.3060751,26.9265335,98.85
51.9,3.3,0.0,17.85,-0.18,8.32,23.72,0.07,1.0,-0.11,0.07,10.065,7.848,8.132,10.134,11.28,12.16,5.2,12.46,0.006,-0.005,-0.008,0.07,0.02,-80.3060798,26.9265265,98.9
51.5,3.4,0.0,17.84,0.34,8.72,24.02,-1.62,-1.14,-0.12,0.06,8.211,12.625,8.25,10.251,14.62,10.69,8.14,13.54,0.006,-0.005,-0.008,0.07,0.02,-80.3060843,26.9265195,98.95
52.9,3.4,0.0,17.86,-0.08,7.64,24.05,-2.16,-1.1,-0.16,0.01,10.114,5.68,9.575,9.261,15.4,12.36,12.07,15.01,0.006,-0.004,-0.008,-0.04,-0.01,-80.3060887,26.9265125,99.0
52.7,3.4,0.0,17.81,-0.69,5.86,23.92,0.08,-0.17,-0.14,-0.0,7.338,8.309,8.025,9.192,14.91,6.77,16.97,6.57,0.006,-0.004,-0.008,-0.08,-0.03,-80.3060929,26.9265053,99.05
52.6,3.5,0.0,17.78,-0.31,7.29,23.93,2.01,0.96,-0.12,0.04,8.231,7.573,5.729,9.182,12.85,9.81,12.46,14.72,0.006,-0.005,-0.008,-0.03,-0.01,-80.306097,26.9264981,99.1
52.0,3.6,0.0,17.78,0.31,6.41,24.28,-0.98,-0.23,-0.15,0.04,8.388,8.191,6.426,9.781,11.67,11.09,2.65,22.86,0.006,-0.005,-0.008,-0.03,-0.01,-80.3061008,26.9264908,99.15
51.5,3.6,0.0,17.74,-1.46,8.17,24.7,1.8,-1.09,-0.18,0.0,7.711,12.361,8.554,10.183,6.08,9.52,2.45,14.91,0.005,-0.005,-0.008,0.03,0.01,-80.3061045,26.9264834,99.2
51.3,3.8,0.0,17.73,0.46,8.53,24.71,-0.96,0.43,-0.18,0.0,7.809,9.006,7.956,7.711,0.78,10.2,13.54,10.5,0.005,-0.005,-0.008,0.14,0.04,-80.306108,26.926476,99.25
49.8,4.1,0.0,17.72,-0.47,7.52,24.16,-0.03,0.0,-0.15,-0.01,7.034,14.215,9.133,8.162,3.92,6.97,22.56,-0.98,0.005,-0.005,-0.008,0.08,0.02,-80.3061114,26.9264685,99.3
50.2,4.2,0.0,17.73,0.73,7.21,23.76,-2.25,1.48,-0.18,-0.01,8.486,9.467,8.545,8.231,5.1,5.1,17.17,6.97,0.006,-0.005,-0.008,0.06,0.02,-80.3061144,26.9264609,99.35
49.8,4.4,0.0,17.74,0.13,7.47,23.42,-0.71,-0.45,-0.16,-0.04,7.446,12.547,10.291,10.379,13.05,3.34,10.1,16.68,0.006,-0.004,-0.008,0.03,0.01,-80.3061174,26.9264533,99.4
50.7,4.6,0.0,17.73,0.23,7.28,23.08,-0.7,-1.48,-0.17,-0.07,12.782,8.103,7.789,11.36,15.79,4.22,1.28,15.5,0.006,-0.004,-0.008,0.05,0.02,-80.3061202,26.9264457,99.45
50.0,4.8,0.0,17.76,1.25,7.15,22.39,0.8,-1.18,-0.17,-0.07,8.309,10.467,6.592,11.429,17.76,10.59,5.79,26.09,0.006,-0.004,-0.008,0.03,0.01,-80.3061229,26.926438,99.5
50.1,4.9,0.0,17.77,-0.14,6.97,22.25,0.14,0.08,-0.17,-0.04,9.751,9.045,10.144,9.143,13.34,10.4,12.75,13.34,0.006,-0.004,-0.008,0.09,0.03,-80.3061253,26.9264302,99.55
49.5,5.0,0.0,17.83,1.18,6.51,22.74,-2.71,0.29,-0.25,-0.05,7.662,8.79,8.329,9.104,12.46,13.64,19.42,9.32,0.006,-0.004,-0.008,0.1,0.03,-80.3061276,26.9264224,99.6
49.3,5.1,0.0,17.87,-0.06,6.13,23.03,1.25,-0.91,-0.23,-0.09,6.926,10.301,9.31,7.662,7.95,13.64,21.29,2.26,0.006,-0.004,-0.009,0.02,0.01,-80.3061297,26.9264145,99.65
49.2,5.2,0.0,17.94,1.08,5.84,22.68,-1.2,-0.27,-0.29,-0.16,7.868,6.759,9.418,10.565,10.5,10.69,11.87,3.73,0.006,-0.003,-0.009,0.03,0.01,-80.3061317,26.9264066,99.7
48.2,5.2,0.0,17.99,1.24,6.67,21.72,0.94,-0.61,-0.28,-0.19,6.465,10.026,6.769,9.663,5.59,13.54,3.83,11.38,0.006,-0.003,-0.009,0.06,0.02,-80.3061334,26.9263986,99.75
47.5,5.3,0.0,18.04,1.34,7.49,21.43,-0.48,0.87,-0.32,-0.15,7.181,6.945,10.291,12.341,4.41,9.81,2.84,10.5,0.006,-0.003,-0.009,0.06,0.02,-80.306135,26.9263906,99.8
45.1,5.3,0.0,18.11,1.49,6.66,21.48,-1.24,1.3,-0.36,-0.08,9.81,10.605,6.906,7.662,5.98,11.38,3.63,6.97,0.006,-0.003,-0.008,0.08,0.03,-80.3061365,26.9263825,99.85
44.0,5.4,0.0,18.17,1.29,6.85,21.66,-0.41,0.34,-0.32,-0.07,6.602,10.477,9.035,7.73,8.14,14.52,20.7,19.62,0.006,-0.003,-0.008,-0.02,-0.01,-80.3061378,26.9263743,99.9
42.1,5.5,0.0,18.23,1.24,6.68,21.24,-2.1,-0.58,-0.33,-0.11,11.37,7.524,6.975,8.407,13.73,12.46,15.3,9.61,0.006,-0.003,-0.008,-0.07,-0.02,-80.3061389,26.926366,99.95
40.7,5.6,0.0,18.31,1.46,6.25,21.13,1.75,-1.89,-0.23,-0.18,6.955,11.723,13.057,11.752,13.34,12.95,22.56,14.72,0.006,-0.003,-0.009,-0.06,-0.02,-80.3061398,26.9263578,100.0
38.0,5.7,0.0,18.38,1.25,6.32,19.01,-0.71,-1.34,-0.28,-0.23,8.182,10.791,8.77,11.399,20.7,4.22,11.58,10.1,0.006,-0.003,-0.009,-0.1,-0.03,-80.3061407,26.9263495,100.05
36.8,5.8,0.0,18.45,1.81,6.52,17.68,1.23,-1.38,-0.3,-0.23,11.998,3.424,4.719,10.104,17.27,4.91,6.28,10.5,0.006,-0.003,-0.009,-0.14,-0.04,-80.3061413,26.9263412,100.1
33.4,5.9,0.0,18.53,1.09,3.72,16.88,0.36,-0.49,-0.35,-0.21,10.869,9.064,9.123,11.35,16.68,5.89,-1.08,14.62,0.006,-0.003,-0.009,-0.11,-0.04,-80.3061418,26.9263328,100.15
33.0,6.0,0.0,18.62,1.89,4.92,16.4,0.01,-0.49,-0.42,-0.22,7.024,7.887,6.906,11.026,13.15,7.16,-2.84,24.33,0.006,-0.003,-0.008,-0.12,-0.04,-80.3061421,26.9263244,100.2
31.3,6.1,0.0,18.7,1.04,4.78,15.68,-1.69,-1.03,-0.48,-0.26,12.066,5.189,8.672,11.576,11.87,7.26,8.73,11.38,0.006,-0.002,-0.008,-0.14,-0.04,-80.3061424,26.926316,100.25
31.0,6.2,0.0,18.8,2.01,4.57,14.97,1.42,0.38,-0.5,-0.26,7.279,8.437,7.063,8.093,6.77,8.34,14.91,12.16,0.005,-0.002,-0.008,-0.12,-0.04,-80.3061425,26.9263075,100.3
30.0,6.4,0.0,18.87,0.63,2.8,15.45,-1.51,1.63,-0.54,-0.25,5.454,11.34,9.241,7.603,11.97,8.04,26.19,13.64,0.006,-0.002,-0.009,-0.11,-0.04,-80.3061424,26.926299,100.35
30.6,6.5,0.0,18.98,1.62,4.06,14.65,0.56,0.3,-0.53,-0.26,9.143,10.713,8.358,7.848,10.1,8.24,25.11,10.2,0.005,-0.002,-0.008,-0.12,-0.04,-80.3061423,26.9262904,100.4
30.5,6.6,0.0,19.07,2.11,5.73,15.23,2.09,-0.45,-0.5,-0.28,7.701,8.054,9.81,9.869,9.52,2.65,23.54,14.13,0.006,-0.002,-0.008,-0.04,-0.01,-80.306142,26.9262818,100.45
31.8,6.7,0.0,19.17,1.72,5.36,15.17,-0.62,0.01,-0.56,-0.31,7.426,8.682,8.564,9.575,7.85,6.38,14.91,13.24,0.006,-0.002,-0.008,-0.02,-0.01,-80.3061415,26.9262731,100.5
32.5,6.7,0.0,19.25,3.13,6.07,15.37,1.39,-0.65,-0.51,-0.3,7.102,8.839,9.81,11.438,7.06,6.47,9.71,10.5,0.006,-0.002,-0.009,-0.04,-0.01,-80.306141,26.9262644,100.55
33.7,6.7,0.0,19.35,1.78,5.22,15.94,-0.87,0.18,-0.53,-0.27,6.985,11.36,12.184,11.556,4.81,4.22,6.97,12.07,0.005,-0.003,-0.009,-0.13,-0.04,-80.3061403,26.9262557,100.6
34.5,6.8,0.0,19.45,1.55,5.54,16.54,-0.55,-1.23,-0.53,-0.29,10.301,8.113,6.7,9.545,5.2,5.2,3.24,8.04,0.006,-0.002,-0.008,-0.12,-0.04,-80.3061395,26.926247,100.65
35.3,6.8,0.0,19.55,2.32,7.66,16.25,0.77,-2.19,-0.51,-0.35,8.809,9.82,10.301,13.145,7.85,2.84,3.14,11.97,0.006,-0.002,-0.009,-0.05,-0.02,-80.3061386,26.9262382,100.7
34.3,6.8,0.0,19.63,2.31,6.22,16.79,-1.26,-0.7,-0.57,-0.35,7.868,9.604,7.407,9.349,4.12,7.65,4.91,13.24,0.006,-0.002,-0.009,-0.08,-0.03,-80.3061374,26.9262294,100.75
34.7,6.9,0.0,19.7,1.18,6.85,16.8,0.8,-0.47,-0.58,-0.36,8.633,9.231,9.064,9.987,4.32,13.44,6.77,7.16,0.005,-0.002,-0.009,-0.05,-0.02,-80.3061362,26.9262205,100.8
34.8,7.0,0.0,19.79,1.13,4.69,17.26,-0.24,1.18,-0.57,-0.36,4.002,11.438,9.084,9.624,2.84,8.53,10.99,16.58,0.006,-0.002,-0.009,-0.16,-0.05,-80.3061348,26.9262117,100.85
35.1,7.0,0.0,19.87,1.43,3.59,17.55,1.7,0.3,-0.52,-0.36,6.651,8.996,7.338,8.378,3.92,10.99,20.01,4.51,0.006,-0.002,-0.009,-0.19,-0.07,-80.3061333,26.9262028,100.9
34.1,7.0,0.0,19.96,2.39,6.78,17.86,1.94,0.67,-0.46,-0.34,6.671,12.155,9.467,8.917,8.24,14.22,15.21,17.76,0.006,-0.002,-0.009,-0.14,-0.05,-80.3061317,26.9261939,100.95
34.8,7.1,0.0,20.03,1.7,6.77,18.3,0.76,-0.98,-0.35,-0.34,6.798,13.214,8.957,9.192,4.22,10.79,24.62,19.03,0.006,-0.003,-0.009,-0.17,-0.06,-80.3061297,26.926185,101.0
34.6,7.1,0.0,20.13,1.63,7.3,17.78,4.81,-0.93,-0.25,-0.37,7.828,10.585,6.22,8.515,5.49,10.5,16.68,3.63,0.006,-0.002,-0.009,-0.19,-0.07,-80.3061277,26.926176,101.05
34.2,7.1,0.0,20.2,1.56,5.5,18.21,0.87,0.53,-0.22,-0.36,10.369,9.692,12.645,11.429,8.63,11.18,25.21,19.91,0.006,-0.002,-0.009,-0.28,-0.1,-80.3061256,26.926167,101.1
32.7,7.3,0.0,20.31,3.15,7.65,17.41,1.43,-1.02,-0.14,-0.39,9.947,9.202,8.319,9.104,10.99,12.56,17.17,18.05,0.006,-0.002,-0.009,-0.12,-0.04,-80.3061233,26.9261581,101.15
32.6,7.6,0.0,20.36,0.68,6.34,17.52,2.01,-0.27,-0.02,-0.39,9.427,8.858,10.693,10.683,6.38,14.03,26.0,14.52,0.006,-0.002,-0.009,-0.23,-0.08,-80.3061207,26.9261491,101.2
32.3,8.0,0.0,20.46,1.45,5.16,16.77,2.65,0.29,0.06,-0.41,11.321,9.751,5.651,9.957,12.85,12.16,17.27,21.68,0.006,-0.001,-0.009,-0.33,-0.12,-80.3061181,26.9261402,101.25
30.0,8.4,0.0,20.55,1.11,6.34,16.65,3.23,0.72,0.17,-0.38,8.535,7.593,5.768,7.838,7.75,12.07,18.34,7.95,0.007,-0.001,-0.009,-0.31,-0.11,-80.3061154,26.9261312,101.3
28.2,8.9,0.0,20.66,1.63,4.05,15.63,-0.12,2.38,0.21,-0.31,10.369,7.279,5.68,8.888,13.05,12.16,12.46,24.72,0.007,-0.001,-0.009,-0.41,-0.15,-80.3061124,26.9261223,101.35
25.0,9.3,0.0,20.76,1.89,5.1,16.32,-0.81,-0.62,0.27,-0.32,8.996,6.641,8.633,9.074,13.83,15.3,16.38,11.18,0.006,-0.002,-0.008,-0.44,-0.16,-80.3061094,26.9261133,101.4
24.5,9.7,0.0,20.9,2.93,5.42,15.48,-1.08,-1.19,0.25,-0.37,10.585,8.015,9.015,10.202,15.11,8.44,17.46,30.21,0.006,-0.001,-0.008,-0.47,-0.17,-80.3061061,26.9261043,101.45
22.9,10.1,0.0,20.99,1.6,3.95,14.07,5.49,-1.1,0.44,-0.41,10.938,8.525,11.87,10.173,14.91,9.12,22.56,12.46,0.007,-0.001,-0.009,-0.46,-0.17,-80.3061027,26.9260953,101.5
21.6,10.7,0.0,21.14,3.07,5.58,12.48,-1.01,0.33,0.44,-0.39,9.055,11.389,6.043,9.496,18.64,6.97,12.26,23.54,0.007,-0.001,-0.009,-0.45,-0.17,-80.3060992,26.9260863,101.55
20.1,11.2,0.0,21.25,2.16,5.13,11.51,-0.53,1.59,0.43,-0.3,9.3,10.938,11.782,8.829,14.32,5.59,21.58,17.76,0.007,-0.001,-0.009,-0.42,-0.16,-80.3060955,26.9260773,101.6
18.8,11.5,0.0,21.38,1.98,4.21,11.4,1.79,1.07,0.44,-0.26,7.946,8.672,10.742,7.034,11.67,8.24,12.95,12.85,0.007,-0.0,-0.008,-0.36,-0.13,-80.3060918,26.9260683,101.65
17.6,11.8,0.0,21.52,2.02,3.94,11.45,-0.15,0.63,0.46,-0.23,7.259,9.702,8.898,8.368,7.16,13.73,24.82,12.16,0.006,-0.0,-0.008,-0.37,-0.14,-80.3060878,26.9260593,101.7
15.8,12.2,0.0,21.67,3.53,4.44,11.41,-2.19,-0.66,0.41,-0.23,3.875,14.205,10.183,7.76,5.49,11.28,15.3,13.73,0.006,-0.0,-0.007,-0.41,-0.15,-80.3060837,26.9260502,101.75
16.0,12.7,0.0,21.8,3.03,4.0,9.89,-1.99,-0.59,0.43,-0.25,7.436,7.838,9.241,9.074,2.55,12.56,20.6,10.69,0.006,-0.001,-0.008,-0.38,-0.14,-80.3060796,26.9260411,101.8
14.5,13.1,0.0,21.94,2.76,5.46,9.22,-0.81,0.23,0.43,-0.24,7.858,7.004,8.613,8.437,3.34,14.32,16.87,20.9,0.006,-0.0,-0.008,-0.33,-0.13,-80.3060753,26.926032,101.85
14.5,13.5,0.0,22.09,3.29,4.87,9.04,-1.19,0.39,0.38,-0.23,9.967,8.26,5.513,9.329,14.52,10.79,14.91,10.99,0.006,-0.0,-0.008,-0.26,-0.1,-80.3060709,26.9260229,101.9
12.8,13.7,0.0,22.24,3.77,3.68,9.22,2.1,-1.12,0.39,-0.23,9.221,9.977,3.895,9.79,13.73,6.87,13.64,13.24,0.006,0.0,-0.007,-0.33,-0.13,-80.3060664,26.9260137,101.95
11.8,14.0,0.0,22.37,3.37,3.31,8.32,-0.31,-0.11,0.38,-0.21,5.7,9.692,7.622,9.908,17.85,7.75,12.36,3.92,0.006,0.0,-0.007,-0.33,-0.13,-80.3060617,26.9260045,102.0
10.4,14.5,0.0,22.51,3.49,2.49,7.43,0.17,0.14,0.39,-0.19,11.566,5.454,7.465,9.486,16.38,4.51,5.2,12.16,0.006,0.0,-0.007,-0.35,-0.14,-80.306057,26.9259953,102.05
9.3,14.8,0.0,22.66,3.12,4.36,7.09,-0.56,0.11,0.38,-0.18,12.714,5.641,9.084,8.917,11.38,9.22,0.29,9.12,0.005,0.0,-0.007,-0.35,-0.14,-80.3060521,26.9259861,102.1
9.1,15.1,0.0,22.8,3.3,0.49,6.62,1.08,1.0,0.44,-0.17,6.592,8.093,8.407,10.879,4.51,12.26,4.32,2.06,0.005,0.0,-0.008,-0.41,-0.16,-80.3060472,26.9259768,102.15
8.1,15.6,0.0,22.93,2.96,2.0,6.3,-0.06,0.53,0.44,-0.17,7.514,4.905,7.102,6.445,6.08,13.05,3.24,11.87,0.005,0.0,-0.007,-0.32,-0.13,-80.3060422,26.9259675,102.2
8.0,15.8,0.0,23.07,2.92,3.02,6.04,1.47,-0.4,0.52,-0.18,11.429,4.777,6.632,8.456,17.27,8.44,11.48,7.85,0.005,0.0,-0.007,-0.3,-0.12,-80.3060371,26.9259581,102.25
5.8,16.1,0.0,23.2,2.53,0.81,5.82,0.73,0.24,0.53,-0.16,8.083,6.739,6.749,9.575,16.97,6.47,17.36,14.03,0.005,0.0,-0.007,-0.39,-0.16,-80.306032,26.9259488,102.3
4.8,16.5,0.0,23.33,2.49,2.01,4.92,0.08,-0.11,0.55,-0.16,8.898,4.699,5.16,5.543,13.34,9.71,19.91,16.19,0.005,0.001,-0.007,-0.37,-0.15,-80.3060267,26.9259394,102.35
3.3,16.9,0.0,23.48,2.9,2.74,3.41,-1.08,0.16,0.52,-0.15,8.378,7.642,8.005,7.632,7.55,13.34,17.66,12.85,0.005,0.001,-0.006,-0.35,-0.14,-80.3060213,26.9259299,102.4
1.7,17.3,0.0,23.62,3.14,-0.27,2.58,-1.5,0.61,0.51,-0.14,4.473,12.812,7.554,5.082,3.43,11.28,17.46,9.32,0.004,0.001,-0.006,-0.33,-0.14,-80.3060159,26.9259205,102.45
2.0,17.5,0.0,23.74,2.23,1.48,1.61,0.69,-0.77,0.52,-0.18,9.221,9.064,13.754,11.301,14.22,9.03,16.19,14.81,0.005,0.001,-0.006,-0.23,-0.1,-80.3060104,26.925911,102.5
0.6,17.8,0.0,23.87,2.71,0.75,2.04,-0.86,-0.24,0.49,-0.15,4.267,12.93,3.002,7.819,13.15,7.85,-0.69,3.24,0.004,0.001,-0.006,-0.26,-0.11,-80.3060049,26.9259014,102.55
-1.3,18.0,0.0,23.99,1.96,0.05,1.98,-0.76,1.5,0.46,-0.11,7.691,8.24,4.885,7.22,9.42,12.56,8.93,13.83,0.004,0.002,-0.005,-0.3,-0.13,-80.3059993,26.9258919,102.6
-1.7,18.3,0.0,24.13,2.95,1.48,1.28,0.07,0.64,0.5,-0.1,8.751,8.662,6.514,4.66,5.79,12.46,5.98,4.32,0.004,0.001,-0.005,-0.31,-0.13,-80.3059937,26.9258822,102.65
-3.3,18.4,0.0,24.22,1.67,-0.27,0.13,1.99,-0.25,0.52,-0.09,9.908,7.573,6.18,6.651,13.44,7.16,20.5,8.53,0.004,0.002,-0.004,-0.3,-0.13,-80.3059881,26.9258725,102.7
-3.6,18.6,0.0,24.39,3.26,0.28,-0.54,-0.25,-0.76,0.51,-0.11,10.173,8.005,10.683,9.035,18.74,8.04,20.99,17.17,0.004,0.002,-0.004,-0.31,-0.13,-80.3059824,26.9258627,102.75
-4.2,18.8,0.0,24.51,1.93,-0.77,-1.04,-1.28,-0.42,0.51,-0.13,6.975,9.221,13.489,9.231,7.26,10.99,19.33,18.84,0.003,0.002,-0.004,-0.25,-0.11,-80.3059767,26.925853,102.8
-5.7,19.4,0.0,24.63,2.96,0.13,-1.23,-0.23,-0.08,0.49,-0.13,4.562,10.84,7.151,3.728,4.12,18.44,5.69,12.75,0.003,0.002,-0.003,-0.28,-0.12,-80.305971,26.9258431,102.85
-5.7,19.8,0.0,24.76,2.24,-0.25,-2.19,0.67,0.03,0.51,-0.11,10.654,5.906,7.848,5.709,13.73,8.04,-4.71,3.73,0.003,0.002,-0.003,-0.26,-0.11,-80.3059653,26.9258332,102.9
-6.6,19.9,0.0,24.88,2.65,-1.49,-2.44,-0.85,1.28,0.5,-0.06,7.917,8.986,6.759,4.63,10.01,9.03,4.41,9.52,0.003,0.002,-0.003,-0.29,-0.13,-80.3059595,26.9258233,102.95
-7.7,20.0,0.0,25.01,2.35,0.59,-2.38,0.05,0.36,0.47,-0.1,7.877,10.222,2.6,3.816,7.55,11.87,13.24,14.91,0.003,0.003,-0.002,-0.22,-0.1,-80.3059538,26.9258133,103.0
-7.7,20.1,0.0,25.14,3.15,-2.48,-3.47,0.53,-0.48,0.53,-0.09,7.181,10.536,10.193,6.494,13.64,11.38,23.84,13.05,0.003,0.002,-0.002,-0.3,-0.13,-80.305948,26.9258033,103.05
-8.0,20.1,0.0,25.26,2.56,-1.65,-3.71,-0.43,-0.48,0.48,-0.12,8.054,8.172,6.906,6.033,15.6,9.71,10.69,10.2,0.002,0.002,-0.002,-0.23,-0.1,-80.3059422,26.9257931,103.1
-8.8,20.2,0.0,25.41,2.76,-0.17,-3.95,0.79,-1.68,0.49,-0.16,10.683,5.023,7.887,8.829,11.48,5.4,4.51,9.42,0.002,0.002,-0.002,-0.18,-0.08,-80.3059365,26.9257829,103.15
-9.2,20.3,0.0,25.51,2.36,-2.69,-4.04,-2.05,0.84,0.43,-0.16,7.357,11.438,3.61,4.542,8.73,17.36,5.59,7.85,0.002,0.003,-0.002,-0.24,-0.11,-80.3059308,26.9257727,103.2
-10.5,20.3,0.0,25.65,2.55,-0.53,-4.23,-0.31,-0.53,0.4,-0.2,9.604,7.799,6.71,7.397,18.34,7.65,21.68,13.54,0.002,0.003,-0.002,-0.21,-0.09,-80.305925,26.9257624,103.25
-12.3,20.3,0.0,25.78,1.94,-3.03,-5.43,-3.19,-0.47,0.34,-0.22,8.849,9.938,7.632,7.505,12.26,10.69,22.46,15.21,0.002,0.003,-0.002,-0.2,-0.09,-80.3059193,26.9257519,103.3
-13.5,20.3,0.0,25.9,2.37,-2.3,-6.18,-1.29,-0.41,0.31,-0.27,6.514,7.063,7.868,5.964,6.87,9.32,7.16,13.54,0.002,0.003,-0.001,-0.21,-0.09,-80.3059136,26.9257414,103.35
-14.9,20.3,0.0,26.02,2.77,-4.14,-6.7,-1.37,0.36,0.24,-0.24,4.954,13.234,9.447,7.181,13.15,8.14,0.0,11.67,0.002,0.003,-0.001,-0.19,-0.09,-80.3059079,26.9257309,103.4
-16.0,20.3,0.0,26.15,3.18,-2.92,-7.59,-0.24,-0.39,0.18,-0.24,13.793,4.719,5.611,8.603,9.12,7.75,16.38,9.91,0.001,0.004,-0.0,-0.18,-0.08,-80.3059023,26.9257202,103.45
-16.7,20.3,0.0,26.27,2.39,-2.49,-8.43,-0.71,0.12,0.11,-0.26,5.857,12.194,7.897,6.377,6.28,10.01,16.58,11.97,0.001,0.004,0.0,-0.08,-0.04,-80.3058967,26.9257096,103.5
-17.1,20.3,0.0,26.36,1.28,-5.53,-8.99,-0.86,-0.13,0.08,-0.27,9.163,5.415,11.517,9.575,15.5,5.0,14.91,10.99,0.001,0.004,0.0,-0.1,-0.05,-80.3058912,26.9256988,103.55
-17.9,20.5,0.0,26.49,2.85,-4.79,-8.93,-2.13,-0.4,0.02,-0.27,11.664,4.356,9.349,8.044,13.44,6.67,2.94,12.95,0.001,0.004,0.001,-0.1,-0.05,-80.3058857,26.9256879,103.6
-18.0,20.4,0.0,26.6,2.11,-4.35,-9.07,-0.43,-0.28,-0.01,-0.29,6.965,13.342,3.443,7.014,14.72,10.69,15.3,8.73,0.001,0.005,0.001,-0.01,-0.01,-80.3058803,26.925677,103.65
-18.1,20.4,0.0,26.7,1.92,-4.14,-9.73,-0.77,-0.08,-0.01,-0.29,8.564,8.015,13.695,9.055,13.44,7.95,12.36,16.09,0.001,0.005,0.001,0.0,0.0,-80.3058751,26.925666,103.7
-19.0,20.4,0.0,26.83,2.84,-2.12,-9.59,-1.01,-0.42,-0.03,-0.32,8.103,11.566,10.32,6.367,5.79,12.65,1.47,12.85,0.001,0.005,0.002,0.11,0.05,-80.3058698,26.9256548,103.75
-17.9,20.4,0.0,26.93,1.19,-5.39,-9.95,-0.2,0.48,-0.03,-0.34,6.936,13.94,6.789,8.201,13.05,11.87,0.0,5.79,0.001,0.005,0.002,0.07,0.03,-80.3058646,26.9256436,103.8
-17.1,20.4,0.0,27.04,1.8,-5.07,-9.71,-0.91,1.01,-0.04,-0.31,9.202,5.199,10.487,8.476,7.65,6.38,23.54,16.48,0.001,0.005,0.002,0.09,0.04,-80.3058595,26.9256324,103.85
-17.0,20.5,0.0,27.14,1.71,-5.33,-9.52,-1.58,0.05,-0.1,-0.32,5.876,6.367,8.809,5.445,6.47,10.1,16.19,22.86,0.001,0.005,0.003,0.16,0.08,-80.3058545,26.925621,103.9
-16.6,20.6,0.0,27.25,2.02,-6.06,-9.61,-1.74,-0.46,-0.13,-0.34,6.121,7.838,7.024,6.141,13.34,11.87,5.79,13.24,0.001,0.005,0.002,0.06,0.03,-80.3058496,26.9256096,103.95
-16.7,20.6,0.0,27.36,2.29,-4.99,-8.64,-0.31,0.2,-0.1,-0.35,6.524,8.025,5.729,6.739,-1.37,12.07,13.05,4.41,0.0,0.005,0.002,0.14,0.06,-80.3058448,26.9255981,104.0
-16.7,20.5,0.0,27.45,2.5,-4.76,-8.7,0.58,0.22,-0.05,-0.33,6.494,8.819,4.454,4.974,10.79,10.4,11.28,14.32,0.001,0.005,0.003,0.07,0.04,-80.30584,26.9255865,104.05
-16.8,20.3,0.0,27.56,3.19,-3.9,-8.68,0.43,-0.38,-0.05,-0.31,5.239,12.459,4.768,6.337,8.44,9.22,5.89,15.21,0.001,0.005,0.003,0.15,0.07,-80.3058355,26.9255748,104.1
-16.6,19.6,0.0,27.66,2.62,-5.44,-9.34,0.96,-0.88,-0.02,-0.32,7.034,11.164,5.641,9.231,12.65,8.63,13.24,8.44,0.001,0.005,0.003,0.07,0.04,-80.3058309,26.9255631,104.15
-15.9,19.3,0.0,27.76,2.49,-4.55,-9.58,1.87,-1.01,-0.03,-0.36,6.936,7.24,6.759,9.378,7.95,6.08,19.33,25.31,0.0,0.005,0.003,0.15,0.07,-80.3058264,26.9255512,104.2
-15.7,19.1,0.0,27.86,2.53,-4.57,-8.66,-0.97,-0.15,-0.04,-0.36,7.446,5.964,10.134,9.457,5.4,7.95,4.61,18.44,0.001,0.006,0.002,0.11,0.05,-80.3058219,26.9255393,104.25
-15.4,18.8,0.0,27.95,3.0,-4.85,-8.52,3.01,0.0,0.03,-0.33,6.739,11.733,5.219,7.387,14.81,11.97,2.65,8.04,0.001,0.006,0.002,0.16,0.08,-80.3058176,26.9255274,104.3
-15.2,18.6,0.0,28.04,3.08,-3.88,-8.41,-0.05,0.46,0.01,-0.28,6.514,13.979,3.335,6.386,6.87,10.69,18.64,15.5,0.001,0.005,0.003,0.17,0.08,-80.3058134,26.9255154,104.35
-15.2,18.2,0.0,28.15,3.14,-4.88,-8.36,-0.18,-1.03,0.0,-0.28,3.649,12.861,10.575,5.121,13.34,10.1,5.49,11.09,0.001,0.005,0.003,0.12,0.06,-80.3058092,26.9255033,104.4
-15.3,18.0,0.0,28.24,3.1,-4.5,-8.58,-0.79,-0.54,-0.01,-0.29,6.141,10.036,6.112,7.681,6.18,8.73,6.28,8.24,0.001,0.005,0.003,0.11,0.05,-80.3058051,26.9254911,104.45
-15.5,17.8,0.0,28.32,2.56,-4.23,-8.54,1.86,-1.46,0.01,-0.32,7.142,4.63,5.611,6.484,15.7,6.18,13.24,16.48,0.001,0.005,0.003,0.09,0.04,-80.3058011,26.9254789,104.5
-15.0,17.6,0.0,28.4,2.59,-4.65,-8.56,0.83,-0.82,0.01,-0.31,7.946,5.082,11.075,5.994,5.2,6.67,0.98,19.42,0.0,0.005,0.003,0.06,0.03,-80.3057973,26.9254666,104.55
-15.6,17.1,0.0,28.47,0.84,-7.24,-8.44,1.2,-1.26,0.01,-0.35,5.474,6.053,8.819,7.642,14.22,8.53,13.34,10.99,0.0,0.005,0.003,0.08,0.04,-80.3057935,26.9254543,104.6
-15.6,16.5,0.0,28.56,1.41,-3.99,-8.16,0.78,0.27,0.03,-0.35,7.701,10.791,8.603,6.622,10.2,12.75,22.07,14.42,0.0,0.006,0.003,0.12,0.06,-80.3057898,26.9254419,104.65
-15.6,15.8,0.0,28.63,0.97,-3.94,-8.51,0.16,0.81,0.08,-0.33,5.925,12.861,7.887,5.513,14.62,10.99,2.06,11.48,0.001,0.006,0.003,0.11,0.05,-80.3057862,26.9254294,104.7
-15.1,14.6,0.0,28.72,1.24,-2.38,-8.52,0.99,1.06,0.13,-0.32,6.808,16.069,9.682,7.603,10.59,13.64,11.48,7.46,0.001,0.006,0.003,0.22,0.11,-80.3057827,26.9254168,104.75
-15.1,13.5,0.0,28.8,1.65,-3.79,-8.29,1.62,0.29,0.17,-0.31,6.151,11.586,7.034,5.847,9.32,10.3,8.34,12.36,0.001,0.006,0.004,0.19,0.09,-80.3057793,26.9254042,104.8
-15.4,12.4,0.0,28.86,1.92,-4.07,-8.49,-1.79,-0.44,0.13,-0.28,8.535,7.995,8.711,10.036,9.22,12.26,4.91,13.83,0.001,0.006,0.004,0.15,0.07,-80.3057759,26.9253915,104.85
-15.3,10.9,0.0,28.89,0.92,-5.78,-8.42,-0.68,1.21,0.11,-0.21,10.379,3.865,9.133,9.388,11.09,5.98,17.56,9.71,0.001,0.005,0.004,0.09,0.04,-80.3057728,26.9253789,104.9
-14.7,9.4,0.0,28.93,0.92,-4.4,-8.89,-3.3,1.83,0.06,-0.16,13.832,5.101,6.347,5.994,12.65,11.18,9.91,13.73,0.0,0.005,0.005,0.08,0.04,-80.3057696,26.9253661,104.95
-14.6,7.7,0.0,28.92,-1.16,-3.69,-8.66,-1.98,1.13,0.04,-0.14,10.997,8.751,10.899,7.583,10.01,10.3,9.52,14.32,-0.0,0.005,0.005,0.18,0.09,-80.3057666,26.9253534,105.0
-14.9,6.7,0.0,28.91,-0.99,-5.17,-8.77,-2.18,2.36,0.02,-0.09,9.496,9.153,10.634,7.593,11.77,14.03,23.45,10.5,-0.0,0.005,0.005,0.11,0.05,-80.3057637,26.9253406,105.05
-14.1,6.3,0.0,28.85,-1.54,-3.84,-9.47,-1.69,2.37,-0.03,-0.03,8.005,10.251,8.868,7.181,9.42,6.18,13.15,13.05,-0.001,0.004,0.006,0.2,0.1,-80.3057609,26.9253279,105.1
-13.3,6.0,0.0,28.72,-3.89,-3.1,-9.33,-1.4,3.17,-0.03,0.06,7.74,13.155,3.679,7.181,9.12,12.46,8.04,10.3,-0.002,0.004,0.007,0.29,0.14,-80.3057582,26.9253151,105.15
-13.0,5.8,0.0,28.64,-2.11,-4.2,-9.29,0.33,3.05,0.02,0.18,5.464,11.752,3.345,5.131,7.26,14.13,21.78,5.3,-0.002,0.003,0.007,0.2,0.1,-80.3057556,26.9253024,105.2
-13.6,5.4,0.0,28.59,-0.83,-3.69,-9.51,0.49,0.18,0.0,0.2,11.713,9.182,6.72,5.219,13.05,11.67,9.91,12.65,-0.003,0.003,0.008,0.24,0.12,-80.3057533,26.9252897,105.25
-12.5,5.0,0.0,28.49,-2.21,-4.77,-9.15,-1.08,0.29,-0.03,0.19,11.811,5.17,3.218,6.367,12.26,3.34,8.44,17.76,-0.003,0.003,0.008,0.24,0.12,-80.305751,26.925277,105.3
-11.5,4.9,0.0,28.4,-1.75,-4.74,-8.4,0.67,-0.81,-0.03,0.17,11.331,3.502,10.507,8.329,14.91,6.38,23.74,18.15,-0.003,0.003,0.008,0.19,0.09,-80.3057487,26.9252643,105.35
-11.7,4.8,0.0,28.33,-1.05,-3.3,-7.8,-1.75,-0.79,-0.07,0.14,11.095,6.916,6.22,7.407,8.24,6.67,10.99,16.38,-0.003,0.003,0.008,0.2,0.1,-80.3057467,26.9252517,105.4
-11.2,4.6,0.0,28.24,-1.42,-2.98,-8.01,-0.29,-1.48,-0.09,0.11,11.144,11.262,5.435,7.995,16.78,5.59,10.5,16.38,-0.002,0.002,0.008,0.18,0.09,-80.3057447,26.9252391,105.45
-10.3,4.5,0.0,28.15,-1.41,-3.73,-6.95,1.47,-0.27,-0.06,0.12,10.242,8.456,3.061,7.436,4.51,10.89,19.72,14.91,-0.003,0.003,0.007,0.16,0.08,-80.3057428,26.9252265,105.5
-9.8,4.5,0.0,28.05,-1.3,-3.36,-7.13,0.72,-0.25,-0.06,0.13,12.253,4.002,9.388,7.681,14.13,9.32,8.14,15.99,-0.003,0.002,0.007,0.19,0.09,-80.3057412,26.9252139,105.55
-10.5,4.4,0.0,27.96,-2.15,-2.09,-6.41,0.43,-1.26,-0.04,0.09,12.174,6.327,3.718,8.054,9.71,9.91,6.87,11.77,-0.002,0.002,0.007,0.18,0.09,-80.3057395,26.9252014,105.6
-10.2,4.2,0.0,27.87,-2.11,-4.92,-6.48,0.51,0.64,0.01,0.1,7.534,9.467,7.544,9.094,15.7,4.51,27.57,11.38,-0.002,0.002,0.007,0.05,0.02,-80.3057379,26.925189,105.65
-10.0,4.3,0.0,27.8,-2.18,-3.44,-6.8,0.39,-0.13,-0.02,0.1,11.154,7.338,8.417,7.583,7.55,7.65,17.17,18.64,-0.003,0.002,0.007,0.13,0.06,-80.3057364,26.9251765,105.7
-10.0,4.2,0.0,27.72,-1.76,-3.01,-6.8,-1.6,0.12,-0.01,0.1,11.399,4.208,4.091,5.964,10.01,8.44,8.83,15.6,-0.003,0.002,0.007,0.12,0.06,-80.305735,26.9251641,105.75
-10.5,4.2,0.0,27.65,-2.18,-2.63,-7.06,3.42,-0.79,0.08,0.05,9.31,8.339,3.767,7.603,13.54,8.14,20.7,1.47,-0.003,0.002,0.006,0.19,0.09,-80.3057337,26.9251517,105.8
-10.4,4.2,0.0,27.57,-1.88,-2.35,-7.02,-0.27,0.18,0.07,0.03,8.172,15.451,10.84,5.915,8.53,13.83,13.73,13.34,-0.003,0.002,0.006,0.11,0.05,-80.3057325,26.9251393,105.85
-9.9,4.2,0.0,27.49,-1.57,-3.65,-7.21,-0.23,0.18,0.11,0.01,9.231,8.446,9.349,9.104,16.68,9.81,5.49,6.57,-0.003,0.002,0.006,0.11,0.05,-80.3057314,26.9251269,105.9
-10.9,4.2,0.0,27.43,-1.56,-2.31,-6.58,0.06,-0.72,0.19,-0.03,10.605,7.799,4.571,9.182,7.55,9.81,10.59,7.95,-0.003,0.002,0.006,0.13,0.06,-80.3057304,26.9251146,105.95
-10.8,4.2,0.0,27.35,-1.36,-3.56,-6.24,1.0,-0.46,0.24,-0.06,12.351,9.535,10.193,5.788,16.19,8.83,19.33,17.27,-0.002,0.002,0.006,0.1,0.05,-80.3057295,26.9251023,106.0
-10.2,4.1,0.0,27.27,-1.21,-2.87,-7.01,1.72,-1.5,0.34,-0.07,8.005,11.232,8.809,7.72,8.24,8.73,14.13,16.38,-0.003,0.002,0.006,0.04,0.02,-80.3057286,26.92509,106.05
-11.0,4.2,0.0,27.21,-0.99,-1.93,-6.85,-0.09,0.29,0.38,-0.07,7.554,7.063,7.976,7.367,3.92,11.58,7.65,14.13,-0.002,0.002,0.006,0.12,0.05,-80.3057278,26.9250777,106.1
-11.1,4.1,0.0,27.15,-0.88,-2.44,-7.19,1.8,0.24,0.43,-0.07,7.554,10.889,7.308,6.73,17.76,6.57,17.17,7.06,-0.002,0.002,0.006,0.09,0.04,-80.3057271,26.9250655,106.15
-10.5,4.2,0.0,27.06,-1.98,-3.6,-7.32,-0.56,0.95,0.45,-0.05,7.397,12.733,5.268,4.954,3.14,10.2,16.87,12.16,-0.002,0.002,0.006,0.08,0.04,-80.3057265,26.9250533,106.2
-10.4,4.2,0.0,26.99,-0.94,-2.56,-7.16,0.5,-0.28,0.48,-0.06,10.556,4.611,12.302,5.739,13.54,12.95,12.65,19.23,-0.002,0.002,0.006,0.06,0.03,-80.305726,26.9250412,106.25
-11.6,4.2,0.0,26.95,-0.84,-3.94,-7.13,-0.14,-0.42,0.52,-0.1,9.064,9.82,6.475,9.682,15.6,7.85,5.98,10.79,-0.002,0.002,0.006,0.05,0.03,-80.3057256,26.925029,106.3
-11.2,4.2,0.0,26.88,-1.11,-3.13,-7.01,3.25,-0.27,0.6,-0.09,7.485,12.537,11.831,8.25,9.81,10.79,17.36,8.24,-0.002,0.002,0.006,-0.01,-0.0,-80.3057253,26.9250169,106.35
-10.3,4.3,0.0,26.8,-1.43,-2.33,-7.45,1.36,-0.17,0.6,-0.08,11.282,12.419,8.8,5.935,15.7,10.79,11.87,13.05,-0.002,0.002,0.006,0.04,0.02,-80.3057251,26.9250048,106.4
-11.6,4.3,0.0,26.76,-0.62,-2.49,-7.62,-0.26,-1.89,0.61,-0.14,10.526,8.829,6.2,7.671,7.46,9.42,5.1,13.05,-0.002,0.002,0.006,0.07,0.03,-80.3057249,26.9249928,106.45
-11.4,4.4,0.0,26.71,-1.07,-3.47,-7.69,1.79,-0.58,0.65,-0.15,10.134,5.582,7.201,7.897,11.18,11.18,-0.2,4.32,-0.002,0.002,0.006,0.1,0.05,-80.3057248,26.9249807,106.5
-10.5,4.4,0.0,26.65,-1.02,-3.64,-7.38,0.94,-0.5,0.64,-0.16,12.616,9.349,9.535,9.045,14.72,7.95,17.46,7.36,-0.002,0.002,0.006,-0.01,-0.01,-80.3057248,26.9249687,106.55
-12.0,4.4,0.0,26.61,-0.43,-4.52,-7.28,-0.51,-1.03,0.65,-0.2,11.38,8.211,11.546,8.132,7.26,10.2,13.64,13.54,-0.002,0.002,0.006,-0.01,-0.0,-80.3057249,26.9249567,106.6
-11.9,4.4,0.0,26.54,-1.27,-2.06,-7.58,0.37,0.16,0.7,-0.19,8.829,10.84,7.495,7.446,14.62,12.07,5.1,15.11,-0.002,0.002,0.006,0.08,0.04,-80.3057251,26.9249448,106.65
-10.7,4.4,0.0,26.5,-0.67,-2.06,-7.53,0.26,0.48,0.71,-0.17,9.938,10.193,8.24,6.259,7.46,7.06,6.87,7.95,-0.002,0.002,0.006,0.11,0.05,-80.3057253,26.9249328,106.7
-11.6,4.5,0.0,26.46,-0.6,-4.21,-7.42,1.21,0.11,0.77,-0.16,9.633,7.338,9.741,7.662,7.46,12.85,17.76,5.79,-0.002,0.002,0.006,-0.02,-0.01,-80.3057258,26.9249209,106.75
-11.8,4.4,0.0,26.41,-0.91,-5.2,-8.23,0.92,-0.89,0.81,-0.2,8.25,12.89,8.643,7.338,13.44,9.91,11.09,17.07,-0.002,0.002,0.006,-0.03,-0.01,-80.3057262,26.924909,106.8
-10.6,4.5,0.0,26.37,-0.72,-1.75,-7.85,-0.01,-2.03,0.82,-0.26,6.17,9.918,6.896,9.339,2.84,9.22,3.92,14.03,-0.002,0.002,0.006,0.05,0.02,-80.3057267,26.9248972,106.85
-11.5,4.5,0.0,26.3,-1.31,-2.57,-7.57,1.44,0.78,0.86,-0.22,9.898,9.084,7.779,6.769,15.21,11.48,11.48,8.73,-0.002,0.002,0.006,0.09,0.04,-80.3057274,26.9248853,106.9
-11.7,4.5,0.0,26.27,-0.51,-4.3,-7.23,1.55,0.37,0.89,-0.19,11.752,7.377,7.887,7.593,17.95,7.06,15.6,11.58,-0.002,0.002,0.006,0.07,0.03,-80.3057281,26.9248735,106.95
-10.7,4.5,0.0,26.23,-1.03,-3.5,-8.18,1.42,-0.76,0.95,-0.21,8.034,9.918,8.819,6.602,3.83,9.03,22.56,13.15,-0.002,0.002,0.006,0.0,0.0,-80.3057288,26.9248617,107.0
-11.3,4.5,0.0,26.19,-0.68,-1.64,-7.14,0.19,-0.58,0.99,-0.25,9.81,12.263,10.742,7.956,11.87,12.46,6.57,19.13,-0.002,0.002,0.006,0.08,0.03,-80.3057297,26.92485,107.05
-11.7,4.5,0.0,26.16,-0.03,-2.66,-7.11,-1.73,0.76,0.97,-0.22,11.223,10.114,9.27,9.32,13.05,6.47,0.2,7.75,-0.002,0.002,0.006,0.08,0.04,-80.3057306,26.9248383,107.1
-11.0,4.5,0.0,26.11,-0.76,-5.72,-7.12,2.07,-0.37,1.07,-0.22,8.083,8.662,8.064,8.28,3.04,10.01,12.07,5.98,-0.002,0.002,0.006,-0.05,-0.02,-80.3057317,26.9248265,107.15
-11.2,4.5,0.0,26.07,-1.42,-2.85,-7.55,1.6,-0.33,1.14,-0.23,5.984,12.616,8.574,8.005,10.4,10.69,12.75,5.59,-0.002,0.002,0.006,0.04,0.02,-80.3057329,26.9248148,107.2
-11.9,4.6,0.0,26.03,-0.56,-3.16,-7.28,0.16,0.16,1.15,-0.22,10.31,10.938,8.917,6.955,12.85,11.77,10.79,16.28,-0.002,0.002,0.006,0.05,0.02,-80.3057341,26.9248032,107.25
-11.2,4.5,0.0,25.98,-0.84,-2.56,-7.42,-0.69,0.51,1.17,-0.2,12.606,6.19,8.8,7.72,11.38,8.44,8.14,14.42,-0.002,0.002,0.006,0.03,0.02,-80.3057353,26.9247915,107.3
-11.2,4.6,0.0,25.94,-1.21,-4.54,-7.39,1.21,-0.91,1.21,-0.21,10.605,8.878,8.329,8.221,15.79,12.07,13.93,12.26,-0.002,0.002,0.006,-0.03,-0.01,-80.3057367,26.9247799,107.35
-12.2,4.5,0.0,25.91,-0.31,-1.93,-7.67,1.98,-1.07,1.26,-0.24,8.348,12.684,7.397,8.083,11.28,8.73,20.7,11.58,-0.002,0.002,0.006,0.07,0.03,-80.3057381,26.9247683,107.4
-11.7,4.6,0.0,25.86,-0.56,-1.98,-7.73,-0.97,-0.49,1.24,-0.27,10.153,8.741,12.841,7.966,9.12,9.42,11.09,9.42,-0.002,0.003,0.006,0.05,0.02,-80.3057397,26.9247567,107.45
-12.3,4.5,0.0,25.82,-0.56,-4.37,-7.58,-0.65,0.4,1.25,-0.23,9.79,8.966,10.477,8.731,13.34,8.63,0.39,11.97,-0.002,0.003,0.006,-0.0,-0.0,-80.3057413,26.9247452,107.5
-12.6,4.5,0.0,25.78,-0.13,-3.93,-8.56,0.58,0.87,1.28,-0.18,7.004,15.029,6.131,8.113,8.24,11.18,0.88,14.72,-0.002,0.003,0.006,0.02,0.01,-80.305743,26.9247337,107.55
-12.0,4.5,0.0,25.74,-1.34,-3.12,-8.52,2.57,-0.41,1.33,-0.18,8.623,5.866,7.711,7.691,4.22,4.91,11.38,8.44,-0.002,0.002,0.006,0.06,0.03,-80.3057448,26.9247222,107.6
-12.4,4.6,0.0,25.7,-1.0,-4.65,-7.97,1.66,-0.07,1.38,-0.2,10.781,7.416,9.957,9.349,15.6,10.1,26.68,3.24,-0.002,0.003,0.006,-0.01,-0.01,-80.3057467,26.9247107,107.65
-13.2,4.5,0.0,25.67,-0.36,-2.24,-7.45,-0.54,0.43,1.35,-0.18,9.888,14.882,9.467,6.995,13.44,13.44,17.27,14.42,-0.002,0.003,0.006,0.05,0.02,-80.3057487,26.9246993,107.7
-11.9,4.5,0.0,25.62,-0.68,-2.98,-8.18,-1.52,0.37,1.35,-0.13,10.144,5.68,10.673,7.887,14.32,8.93,10.79,16.68,-0.002,0.002,0.006,0.04,0.02,-80.3057507,26.9246879,107.75
-12.5,4.4,0.0,25.58,-1.18,-4.27,-8.15,0.16,-0.59,1.38,-0.15,8.535,11.438,8.721,8.025,13.44,10.1,8.73,14.72,-0.002,0.002,0.006,0.02,0.01,-80.3057528,26.9246765,107.8
-13.3,4.5,0.0,25.54,-0.91,-2.11,-8.32,1.41,-1.1,1.42,-0.18,9.545,9.722,9.32,9.182,9.12,13.24,14.03,17.27,-0.002,0.002,0.006,0.05,0.02,-80.3057551,26.9246652,107.85
-12.7,4.4,0.0,25.5,-0.86,-3.17,-7.66,0.94,0.51,1.43,-0.15,9.83,9.79,9.83,8.515,7.85,7.36,16.28,5.69,-0.002,0.003,0.006,0.04,0.02,-80.3057573,26.9246539,107.9
-14.1,4.3,0.0,25.45,-0.65,-4.41,-7.7,1.51,0.36,1.49,-0.1,9.447,8.584,10.163,8.221,13.24,10.59,10.5,7.95,-0.002,0.003,0.006,-0.02,-0.01,-80.3057597,26.9246426,107.95
-15.1,4.2,0.0,25.41,-1.18,-3.03,-8.23,-0.49,-0.38,1.5,-0.09,10.35,11.448,9.996,9.28,13.83,7.85,4.02,11.09,-0.002,0.002,0.006,-0.03,-0.02,-80.3057623,26.9246314,108.0
-14.6,3.9,0.0,25.36,-1.43,-3.77,-9.29,-1.16,0.25,1.52,-0.1,7.063,7.897,6.465,7.681,4.12,9.32,5.79,9.61,-0.002,0.002,0.006,0.03,0.01,-80.3057649,26.9246202,108.05
-15.2,3.7,0.0,25.31,-1.23,-3.99,-9.76,1.83,-0.8,1.57,-0.12,9.074,11.752,6.563,9.015,13.73,8.14,12.46,8.34,-0.002,0.003,0.006,-0.07,-0.03,-80.3057675,26.924609,108.1
-15.8,3.5,0.0,25.25,-1.2,-3.29,-9.94,1.88,0.95,1.6,-0.07,11.958,9.339,11.38,9.241,13.83,9.22,26.39,7.95,-0.002,0.003,0.006,-0.0,-0.0,-80.3057703,26.9245979,108.15
-15.2,3.1,0.0,25.2,-0.67,-4.37,-9.68,1.45,1.01,1.63,0.0,8.358,10.075,10.516,6.769,6.57,11.48,10.69,8.63,-0.003,0.003,0.007,-0.02,-0.01,-80.3057731,26.9245869,108.2
-15.9,2.8,0.0,25.11,-2.15,-3.99,-9.62,-1.69,0.28,1.65,0.03,11.203,9.221,8.888,8.123,14.62,5.4,9.42,11.77,-0.002,0.003,0.007,0.0,0.0,-80.3057761,26.9245759,108.25
-16.9,2.5,0.0,25.05,-1.35,-4.45,-9.7,0.86,0.97,1.72,0.05,7.063,9.712,7.789,7.259,13.44,10.5,7.65,15.3,-0.002,0.003,0.007,0.01,0.0,-80.3057791,26.924565,108.3
-17.0,2.4,0.0,24.96,-1.28,-2.49,-10.26,0.15,0.03,1.74,0.09,12.92,8.368,10.801,8.299,2.26,17.46,10.2,15.7,-0.003,0.002,0.007,-0.04,-0.02,-80.3057822,26.924554,108.35
-17.7,2.3,0.0,24.86,-2.01,-3.78,-10.32,1.77,0.03,1.76,0.12,8.721,8.809,8.025,7.593,7.26,9.03,25.9,12.85,-0.003,0.002,0.007,-0.05,-0.02,-80.3057856,26.9245432,108.4
-17.8,2.1,0.0,24.77,-1.75,-4.13,-10.74,2.26,-1.52,1.81,0.08,9.575,15.196,7.789,9.231,13.73,8.14,11.38,14.91,-0.003,0.002,0.007,0.02,0.01,-80.3057889,26.9245324,108.45
-18.3,1.9,0.0,24.67,-1.5,-4.52,-11.07,-1.56,0.28,1.81,0.13,7.475,7.828,10.399,7.289,9.32,10.99,10.59,6.18,-0.003,0.002,0.007,-0.06,-0.03,-80.3057924,26.9245215,108.5
-19.6,1.6,0.0,24.58,-1.68,-3.42,-11.21,1.87,0.01,1.87,0.16,10.006,8.397,8.976,8.025,3.24,13.15,3.14,10.69,-0.003,0.002,0.007,0.06,0.03,-80.3057959,26.9245109,108.55
-19.5,1.4,0.0,24.44,-2.98,-5.46,-11.69,0.56,0.38,1.89,0.23,10.536,5.955,8.505,9.045,12.65,7.46,4.22,10.69,-0.003,0.002,0.008,0.03,0.01,-80.3057995,26.9245003,108.6
-20.0,1.3,0.0,24.34,-2.55,-5.46,-12.79,-0.98,1.26,1.86,0.29,11.331,11.782,9.741,10.497,14.52,7.06,6.57,14.13,-0.003,0.002,0.008,0.02,0.01,-80.3058032,26.9244899,108.65
-21.0,1.3,0.0,24.25,-1.64,-4.92,-13.09,-0.0,0.09,1.85,0.31,6.573,12.037,7.416,6.151,6.08,9.61,12.07,9.81,-0.004,0.002,0.008,0.03,0.01,-80.305807,26.9244795,108.7
-21.0,1.2,0.0,24.14,-1.97,-4.9,-14.25,0.32,-1.74,1.81,0.29,9.486,10.624,7.269,7.72,3.04,9.12,24.23,14.91,-0.004,0.003,0.009,0.07,0.03,-80.305811,26.9244693,108.75
-21.7,1.2,0.0,23.99,-2.49,-4.93,-13.52,1.13,0.34,1.8,0.34,10.801,10.889,9.898,6.131,16.19,10.79,18.05,16.58,-0.003,0.003,0.009,0.08,0.03,-80.3058151,26.9244591,108.8
-21.9,1.1,0.0,23.88,-2.35,-5.72,-13.82,-1.4,2.12,1.75,0.45,12.145,1.118,9.516,6.847,17.85,6.18,7.36,5.79,-0.004,0.003,0.009,0.04,0.02,-80.3058193,26.924449,108.85
-21.4,1.1,0.0,23.78,-1.34,-3.67,-13.67,0.97,0.69,1.77,0.54,14.656,7.367,7.613,7.367,9.71,9.71,12.46,13.54,-0.004,0.002,0.011,0.04,0.02,-80.3058235,26.9244389,108.9
-22.5,1.1,0.0,23.65,-2.92,-5.32,-13.42,-0.58,-0.17,1.75,0.55,6.965,12.576,9.584,5.955,5.59,17.46,11.77,2.94,-0.004,0.002,0.011,0.02,0.01,-80.3058279,26.924429,108.95
-22.7,1.0,0.0,23.53,-2.79,-5.75,-13.86,0.24,-0.48,1.75,0.52,11.958,4.934,9.83,9.888,15.7,13.64,14.13,8.24,-0.005,0.002,0.01,0.01,0.0,-80.3058324,26.9244192,109.0
-22.5,1.0,0.0,23.43,-2.14,-4.86,-13.87,0.81,-1.27,1.76,0.49,15.735,9.221,8.78,8.083,23.25,7.26,11.38,21.58,-0.005,0.002,0.01,-0.01,-0.0,-80.305837,26.9244096,109.05
-23.5,0.9,0.0,23.31,-2.01,-5.12,-13.95,1.44,-1.42,1.75,0.48,9.565,11.075,6.651,7.367,14.91,10.5,20.01,22.27,-0.005,0.002,0.01,0.0,0.0,-80.3058418,26.9243999,109.1
-23.6,0.8,0.0,23.19,-2.72,-4.8,-14.28,-0.49,-0.59,1.73,0.48,13.4,3.326,11.036,7.416,7.46,7.36,20.9,13.15,-0.005,0.002,0.01,0.03,0.01,-80.3058466,26.9243904,109.15
-23.5,0.9,0.0,23.07,-2.33,-5.66,-14.36,0.16,-0.37,1.78,0.47,14.46,7.377,9.045,6.671,8.83,12.65,26.59,15.89,-0.005,0.002,0.01,-0.01,-0.0,-80.3058516,26.924381,109.2
-24.0,0.9,0.0,22.95,-2.11,-5.22,-14.31,-0.87,-0.96,1.72,0.46,10.987,14.45,8.996,6.955,18.44,14.42,21.39,10.2,-0.005,0.002,0.01,-0.04,-0.01,-80.3058566,26.9243716,109.25
-24.4,0.8,0.0,22.84,-2.01,-5.85,-14.28,1.28,-0.76,1.74,0.44,7.269,15.902,9.467,9.094,22.46,14.72,20.21,14.81,-0.005,0.002,0.01,0.05,0.02,-80.3058617,26.9243624,109.3
-25.3,1.0,0.0,22.73,-2.5,-6.61,-14.1,-0.88,-1.58,1.74,0.4,14.166,8.535,8.898,9.172,16.97,8.14,16.09,10.1,-0.005,0.002,0.01,-0.05,-0.02,-80.305867,26.9243533,109.35
-25.5,1.1,0.0,22.6,-2.38,-5.16,-14.55,-0.45,-1.02,1.75,0.37,11.988,9.221,12.096,10.928,7.46,7.75,18.54,10.2,-0.005,0.002,0.01,-0.05,-0.02,-80.3058724,26.9243444,109.4
-25.9,1.1,0.0,22.48,-1.99,-5.59,-14.41,0.3,0.78,1.76,0.41,10.32,10.762,10.202,7.279,9.12,11.09,13.73,8.73,-0.005,0.002,0.01,-0.03,-0.01,-80.3058778,26.9243355,109.45
-26.4,1.1,0.0,22.37,-2.27,-4.87,-14.66,0.97,-1.13,1.76,0.41,9.496,13.116,8.849,6.112,14.42,10.79,12.36,11.67,-0.006,0.001,0.01,-0.02,-0.01,-80.3058834,26.9243267,109.5
-26.1,1.1,0.0,22.26,-2.37,-6.24,-15.62,-0.58,-1.33,1.75,0.34,7.338,14.872,8.456,8.152,14.22,10.69,6.08,9.03,-0.005,0.002,0.01,-0.12,-0.05,-80.305889,26.924318,109.55
-27.3,1.2,0.0,22.14,-3.18,-5.94,-15.47,0.07,-0.4,1.76,0.3,10.565,8.545,9.781,9.81,18.54,11.97,4.51,1.18,-0.005,0.002,0.009,-0.07,-0.03,-80.3058947,26.9243095,109.6
-27.3,1.3,0.0,22.04,-2.09,-4.52,-15.14,-1.4,0.48,1.76,0.34,12.223,7.338,11.537,7.72,14.22,11.58,6.57,11.28,-0.005,0.002,0.009,0.01,0.0,-80.3059006,26.9243011,109.65
-27.7,1.3,0.0,21.93,-2.17,-6.26,-15.59,-0.7,0.1,1.77,0.37,15.696,4.758,7.573,9.329,12.95,8.63,12.36,6.57,-0.005,0.002,0.01,-0.1,-0.04,-80.3059066,26.9242928,109.7
-27.8,1.4,0.0,21.82,-2.56,-6.53,-15.91,1.06,-1.36,1.83,0.32,13.057,7.112,6.21,10.173,7.85,5.3,9.71,12.07,-0.005,0.002,0.01,-0.12,-0.05,-80.3059126,26.9242846,109.75
-28.4,1.4,0.0,21.71,-2.18,-6.61,-15.8,-0.15,-1.56,1.81,0.26,11.36,5.719,7.063,7.613,11.97,9.52,12.36,5.98,-0.005,0.002,0.009,-0.11,-0.04,-80.3059187,26.9242765,109.8
-28.8,1.4,0.0,21.6,-1.82,-4.24,-15.81,1.8,-1.33,1.78,0.24,10.134,12.223,8.25,7.848,18.25,9.32,13.34,12.46,-0.005,0.002,0.01,-0.05,-0.02,-80.3059249,26.9242685,109.85
-28.7,1.5,0.0,21.48,-2.55,-7.25,-16.03,1.28,-0.77,1.8,0.26,10.487,11.252,9.251,9.476,16.97,8.14,10.1,6.87,-0.005,0.002,0.009,-0.16,-0.06,-80.3059313,26.9242606,109.9
-29.9,1.5,0.0,21.38,-2.16,-4.61,-15.9,2.48,-1.43,1.79,0.25,10.222,11.674,6.377,7.809,18.15,9.91,7.65,10.4,-0.005,0.002,0.01,-0.07,-0.03,-80.3059376,26.924253,109.95
-30.2,1.7,0.0,21.27,-2.08,-5.49,-16.07,2.16,-0.84,1.74,0.28,5.366,13.979,7.063,10.281,12.07,7.85,-0.49,5.69,-0.005,0.002,0.01,-0.12,-0.04,-80.3059441,26.9242454,110.0
-31.4,1.7,0.0,21.18,-2.0,-5.41,-16.35,1.52,-0.76,1.68,0.3,8.809,11.517,7.848,8.809,6.87,14.72,3.53,10.79,-0.005,0.002,0.01,-0.1,-0.04,-80.3059508,26.9242379,110.05
-32.2,1.8,0.0,21.06,-2.29,-5.78,-16.88,1.34,-1.33,1.64,0.28,4.817,11.399,7.897,10.369,-1.18,12.07,-4.32,5.89,-0.006,0.002,0.01,-0.14,-0.05,-80.3059574,26.9242305,110.1
-33.2,2.0,0.0,20.97,-2.02,-6.32,-17.4,1.2,-1.22,1.63,0.27,10.742,12.007,6.455,9.074,-0.2,15.01,8.73,7.36,-0.006,0.002,0.01,-0.14,-0.05,-80.3059642,26.9242232,110.15
-34.0,2.1,0.0,20.86,-2.19,-5.73,-17.54,-0.74,-1.11,1.54,0.27,7.122,13.969,10.379,9.771,4.61,12.85,5.98,8.73,-0.006,0.002,0.01,-0.12,-0.04,-80.305971,26.9242162,110.2
-34.3,2.2,0.0,20.78,-1.57,-6.08,-18.25,3.14,-2.42,1.59,0.24,10.614,13.371,7.259,7.23,10.3,12.16,12.07,14.81,-0.006,0.002,0.011,-0.12,-0.04,-80.3059779,26.9242092,110.25
-35.3,2.4,0.0,20.67,-2.42,-6.59,-18.71,2.11,-1.11,1.58,0.22,8.397,10.104,11.595,12.596,15.4,9.91,12.07,11.28,-0.005,0.003,0.01,-0.17,-0.06,-80.3059849,26.9242023,110.3
-35.8,2.6,0.0,20.6,-1.52,-7.02,-18.98,1.19,0.34,1.57,0.27,11.37,9.025,5.631,7.505,17.36,7.55,10.1,10.3,-0.005,0.003,0.01,-0.25,-0.09,-80.305992,26.9241956,110.35
-37.0,2.8,0.0,20.51,-1.83,-7.29,-20.01,-1.01,-0.67,1.46,0.29,13.744,4.983,7.063,8.348,19.52,5.1,9.61,11.67,-0.005,0.003,0.012,-0.21,-0.07,-80.3059993,26.9241891,110.4
-36.9,3.0,0.0,20.44,-1.3,-7.69,-20.41,0.18,-1.37,1.44,0.29,14.332,5.042,7.465,11.841,18.64,5.89,5.49,13.24,-0.005,0.003,0.012,-0.18,-0.06,-80.3060066,26.9241826,110.45
-37.4,3.2,0.0,20.37,-1.46,-6.49,-20.65,-0.73,-0.73,1.39,0.26,14.323,6.926,9.094,8.986,15.6,4.22,-0.98,14.72,-0.005,0.003,0.011,-0.17,-0.06,-80.306014,26.9241763,110.5
-36.9,3.4,0.0,20.29,-1.31,-6.61,-19.86,-0.44,-0.16,1.33,0.29,12.576,4.777,10.006,9.202,12.07,10.69,-0.69,10.79,-0.006,0.003,0.011,-0.19,-0.07,-80.3060214,26.9241701,110.55
-37.6,3.8,0.0,20.25,-1.2,-8.13,-20.39,-1.0,-1.34,1.29,0.26,13.94,7.495,9.241,9.408,7.46,6.57,-3.43,14.42,-0.005,0.003,0.012,-0.21,-0.07,-80.306029,26.924164,110.6
-37.5,4.0,0.0,20.22,-0.97,-7.9,-20.05,-2.29,-1.25,1.33,0.2,9.28,17.619,10.526,9.82,5.79,15.11,2.55,12.85,-0.005,0.004,0.011,-0.22,-0.08,-80.3060367,26.9241582,110.65
-38.3,4.1,0.0,20.21,0.12,-5.31,-20.1,-1.73,-1.38,1.31,0.17,7.367,12.047,10.281,7.789,9.52,12.56,2.55,21.68,-0.005,0.004,0.011,-0.15,-0.05,-80.3060446,26.9241524,110.7
-37.5,4.3,0.0,20.23,0.01,-6.65,-19.41,0.66,0.08,1.32,0.18,6.023,12.243,12.586,7.583,4.02,11.38,10.79,8.24,-0.005,0.004,0.01,-0.17,-0.06,-80.3060525,26.9241467,110.75
-37.7,4.5,0.0,20.22,-0.59,-9.16,-19.56,-0.46,-0.96,1.35,0.13,8.25,12.518,10.624,7.76,4.61,11.38,5.2,4.51,-0.004,0.004,0.01,-0.22,-0.08,-80.3060605,26.9241412,110.8
-37.1,4.7,0.0,20.25,1.17,-5.22,-18.63,-0.31,-0.64,1.39,0.12,6.494,14.195,10.85,6.504,4.22,9.52,16.68,11.87,-0.004,0.004,0.01,-0.09,-0.03,-80.3060686,26.9241357,110.85
-37.0,4.8,0.0,20.26,0.47,-4.32,-18.47,-0.6,-0.71,1.38,0.11,8.623,11.87,12.4,7.799,5.3,9.42,17.36,4.81,-0.004,0.004,0.009,-0.06,-0.02,-80.3060768,26.9241305,110.9
-36.9,4.9,0.0,20.28,0.52,-6.67,-18.38,2.28,-0.55,1.45,0.11,9.643,9.133,10.026,7.995,8.73,8.93,11.87,2.65,-0.004,0.004,0.009,-0.18,-0.06,-80.3060851,26.9241253,110.95
-36.5,5.1,0.0,20.32,0.61,-7.53,-18.5,-0.84,-0.58,1.41,0.1,12.419,6.504,13.881,9.928,5.0,10.59,18.54,6.77,-0.004,0.004,0.009,-0.23,-0.08,-80.3060936,26.9241202,111.0
-36.7,5.1,0.0,20.36,1.01,-5.45,-18.4,-2.45,-0.82,1.4,0.07,11.811,10.055,12.694,8.937,12.46,8.63,11.18,4.41,-0.004,0.004,0.009,-0.07,-0.02,-80.3061022,26.9241152,111.05
-36.7,5.2,0.0,20.4,0.58,-5.08,-18.29,-1.1,-0.69,1.4,0.04,13.234,7.053,9.28,7.063,12.07,12.07,23.15,8.14,-0.004,0.005,0.008,-0.1,-0.04,-80.3061108,26.9241104,111.1
-37.2,5.3,0.0,20.44,0.87,-8.26,-18.22,-0.4,0.87,1.41,0.03,12.4,8.741,13.665,9.113,20.5,11.38,15.21,6.67,-0.003,0.005,0.008,-0.23,-0.08,-80.3061196,26.9241056,111.15
-36.2,5.5,0.0,20.5,1.75,-3.94,-18.19,-1.49,-0.08,1.39,0.06,8.034,8.623,13.008,7.828,18.25,8.63,21.39,16.28,-0.003,0.005,0.008,-0.1,-0.04,-80.3061284,26.9241011,111.2
-37.1,5.7,0.0,20.54,0.33,-7.51,-18.49,-0.09,-0.29,1.43,0.05,10.065,5.896,11.713,7.524,20.01,11.38,17.46,5.2,-0.003,0.005,0.008,-0.23,-0.08,-80.3061374,26.9240966,111.25
-36.0,5.9,0.0,20.62,1.54,-7.09,-18.34,-0.84,-0.31,1.41,0.02,9.3,10.83,9.741,9.074,21.58,10.59,26.09,9.32,-0.003,0.005,0.008,-0.12,-0.04,-80.3061465,26.9240922,111.3
-36.6,6.0,0.0,20.69,2.17,-4.36,-18.17,0.65,-1.4,1.4,0.02,8.996,10.605,10.546,6.926,14.62,12.07,18.84,6.87,-0.003,0.005,0.008,-0.03,-0.01,-80.3061557,26.9240879,111.35
-35.2,6.1,0.0,20.76,1.55,-8.06,-18.09,1.45,-0.41,1.38,0.02,9.29,13.381,7.22,7.191,12.75,10.69,18.44,14.81,-0.003,0.005,0.008,-0.15,-0.06,-80.3061649,26.9240838,111.4
-36.0,6.2,0.0,20.82,1.66,-5.14,-17.37,1.99,-1.43,1.42,-0.04,5.729,8.064,8.319,7.652,1.47,14.62,9.12,13.24,-0.003,0.005,0.008,-0.01,-0.0,-80.3061743,26.9240798,111.45
-35.4,6.2,0.0,20.87,0.61,-8.52,-16.98,-0.56,1.12,1.43,-0.02,9.408,11.811,7.259,7.161,-3.73,10.59,13.73,9.71,-0.003,0.005,0.007,-0.21,-0.08,-80.3061838,26.9240759,111.5
-35.6,6.3,0.0,20.95,1.51,-5.26,-17.15,-0.48,-1.17,1.43,-0.04,8.309,10.232,11.262,7.681,-0.1,16.58,17.95,16.87,-0.003,0.005,0.008,-0.08,-0.03,-80.3061933,26.9240721,111.55
-35.2,6.2,0.0,21.03,1.43,-8.88,-16.83,0.57,-0.06,1.49,-0.0,9.32,12.449,7.936,7.308,6.87,11.28,19.72,13.64,-0.003,0.005,0.007,-0.15,-0.06,-80.3062031,26.9240684,111.6
-35.5,6.1,0.0,21.1,1.74,-5.49,-17.41,0.66,-2.26,1.5,-0.04,10.487,9.104,10.565,7.613,8.83,8.53,16.97,15.6,-0.003,0.005,0.008,-0.12,-0.04,-80.3062128,26.9240648,111.65
-35.9,6.1,0.0,21.18,1.69,-8.13,-17.83,0.47,-1.26,1.52,-0.07,9.32,11.203,11.34,8.103,14.62,6.47,26.78,18.84,-0.003,0.005,0.007,-0.18,-0.07,-80.3062227,26.9240614,111.7
-36.2,6.0,0.0,21.22,0.67,-6.8,-17.93,1.57,-1.23,1.53,-0.11,12.782,5.523,12.4,11.164,21.58,3.92,18.05,20.4,-0.003,0.005,0.007,-0.12,-0.04,-80.3062326,26.9240581,111.75
-37.3,5.9,0.0,21.3,2.49,-5.53,-17.6,-0.82,0.79,1.51,-0.05,9.221,7.053,6.681,7.671,17.66,5.79,20.99,16.28,-0.003,0.005,0.007,-0.06,-0.02,-80.3062427,26.9240549,111.8
-37.7,5.8,0.0,21.34,1.05,-8.92,-18.19,-0.22,0.23,1.5,-0.01,11.615,7.652,8.849,6.406,19.42,8.63,23.05,16.58,-0.003,0.005,0.008,-0.14,-0.05,-80.3062528,26.9240518,111.85
-39.2,5.6,0.0,21.4,1.18,-5.07,-18.29,1.0,-0.59,1.54,-0.03,11.105,4.513,10.84,8.466,11.18,7.75,27.76,15.79,-0.003,0.005,0.008,-0.03,-0.01,-80.3062629,26.9240489,111.9
-39.4,5.4,0.0,21.47,2.07,-5.93,-18.52,-2.24,-0.62,1.47,-0.04,10.32,10.144,10.026,6.877,13.34,9.61,20.01,11.09,-0.003,0.005,0.008,-0.07,-0.03,-80.3062732,26.9240462,111.95
-39.5,5.2,0.0,21.5,0.79,-7.49,-18.77,0.72,-0.59,1.47,-0.03,11.37,6.995,8.594,7.367,6.57,7.26,27.37,12.65,-0.004,0.005,0.008,-0.05,-0.02,-80.3062836,26.9240435,112.0
-39.5,5.0,0.0,21.53,0.75,-6.69,-18.69,0.72,-0.82,1.46,-0.04,8.25,10.683,12.596,8.849,6.08,14.52,14.32,11.28,-0.004,0.005,0.008,-0.05,-0.02,-80.306294,26.924041,112.05
-39.3,4.9,0.0,21.56,0.61,-4.83,-18.78,0.67,-0.35,1.45,-0.03,10.34,13.057,11.017,7.083,7.06,12.95,12.65,7.75,-0.004,0.005,0.008,0.06,0.02,-80.3063045,26.9240386,112.1
-39.9,4.6,0.0,21.59,1.15,-8.85,-19.1,1.61,0.14,1.49,0.02,7.034,12.655,8.721,8.927,12.36,12.07,11.77,8.83,-0.004,0.005,0.008,-0.15,-0.06,-80.306315,26.9240365,112.15
-41.3,4.5,0.0,21.6,-0.06,-8.44,-20.1,0.34,-0.31,1.46,0.01,13.322,8.682,11.654,8.554,10.79,11.38,14.13,13.24,-0.004,0.005,0.008,-0.08,-0.03,-80.3063255,26.9240345,112.2
-43.1,4.4,0.0,21.62,0.42,-7.8,-19.86,0.23,-0.74,1.44,0.0,6.808,15.098,11.978,8.397,4.81,11.38,2.94,7.16,-0.004,0.005,0.008,-0.03,-0.01,-80.3063361,26.9240326,112.25
-43.5,4.4,0.0,21.63,0.24,-6.29,-20.6,-3.08,0.29,1.37,0.04,10.654,8.289,11.566,9.996,5.4,10.01,2.65,10.5,-0.004,0.005,0.009,-0.01,-0.01,-80.3063468,26.9240308,112.3
-44.7,4.4,0.0,21.63,0.44,-9.19,-21.57,-2.34,0.24,1.32,0.08,8.113,11.066,10.251,8.574,3.92,11.38,3.43,18.54,-0.004,0.005,0.009,0.02,0.01,-80.3063575,26.9240294,112.35
-45.4,4.4,0.0,21.63,-0.31,-9.71,-22.42,-1.88,-0.93,1.31,0.08,13.224,8.721,9.094,8.309,5.69,9.12,9.91,14.62,-0.005,0.005,0.009,0.02,0.01,-80.3063682,26.924028,112.4
-47.5,4.4,0.0,21.64,0.35,-6.61,-22.38,0.11,-0.71,1.32,0.07,10.713,4.728,14.195,9.839,9.12,12.36,9.81,10.79,-0.004,0.006,0.009,0.14,0.05,-80.3063789,26.9240268,112.45
-48.7,4.3,0.0,21.65,1.17,-6.62,-22.54,-3.32,0.12,1.23,0.09,11.409,9.8,9.496,9.015,13.15,8.04,2.65,7.36,-0.004,0.006,0.01,0.13,0.05,-80.3063897,26.9240257,112.5
-48.8,4.3,0.0,21.62,-0.65,-8.86,-23.27,-0.65,1.42,1.22,0.17,8.348,13.047,9.643,7.828,18.74,13.34,13.44,4.51,-0.004,0.006,0.01,0.13,0.05,-80.3064004,26.9240249,112.55
-49.5,4.3,0.0,21.62,-0.37,-9.01,-23.39,-0.85,0.49,1.16,0.2,11.458,8.584,11.164,7.887,15.79,14.52,10.69,10.99,-0.004,0.006,0.011,0.1,0.04,-80.3064112,26.9240243,112.6
-48.5,4.3,0.0,21.62,-0.21,-8.16,-24.09,-1.26,0.56,1.11,0.24,10.997,9.535,6.484,8.888,14.22,15.3,-1.96,4.32,-0.004,0.006,0.011,0.29,0.11,-80.306422,26.9240238,112.65
-46.4,4.4,0.0,21.62,-0.17,-7.94,-24.27,-1.68,0.13,1.04,0.25,9.584,10.605,6.985,9.643,10.79,9.61,9.32,6.57,-0.005,0.006,0.011,0.32,0.12,-80.3064329,26.9240236,112.7
-43.0,4.5,0.0,21.62,-0.24,-10.18,-23.42,0.36,-0.31,1.05,0.24,7.926,8.574,8.289,9.035,3.73,13.64,9.42,5.89,-0.005,0.006,0.011,0.21,0.08,-80.3064437,26.9240236,112.75
-41.8,4.7,0.0,21.63,-0.32,-10.81,-22.36,0.98,-0.12,1.06,0.23,9.869,10.144,9.781,11.056,7.85,11.09,9.32,10.99,-0.005,0.006,0.011,0.26,0.1,-80.3064545,26.9240237,112.8
-42.4,4.9,0.0,21.62,0.05,-8.64,-20.65,1.96,-0.75,1.09,0.24,11.517,5.042,8.407,9.633,12.75,3.14,4.02,2.65,-0.004,0.006,0.011,0.3,0.11,-80.3064653,26.9240241,112.85
-43.3,4.9,0.0,21.63,0.63,-7.47,-20.42,0.52,0.49,1.07,0.28,11.625,4.287,6.435,6.602,18.54,11.09,7.55,3.73,-0.004,0.006,0.011,0.24,0.09,-80.3064761,26.9240246,112.9
-45.2,5.0,0.0,21.66,0.59,-8.42,-20.56,1.35,-1.4,1.11,0.26,12.4,12.439,8.898,9.781,14.32,7.65,3.04,0.98,-0.004,0.006,0.011,0.16,0.06,-80.3064869,26.9240253,112.95
-45.0,5.0,0.0,21.68,0.17,-8.23,-20.93,1.92,-0.7,1.14,0.23,11.782,9.104,7.701,9.113,12.07,8.83,1.67,6.77,-0.004,0.006,0.01,0.17,0.06,-80.3064977,26.9240262,113.0
-45.2,5.1,0.0,21.69,0.07,-5.7,-21.38,1.27,-0.85,1.12,0.21,10.977,7.926,9.202,10.153,5.69,9.03,3.92,7.16,-0.004,0.006,0.01,0.19,0.07,-80.3065085,26.9240273,113.05
-45.1,5.2,0.0,21.73,0.94,-4.57,-21.36,1.19,0.16,1.11,0.22,9.849,13.185,5.866,8.633,1.67,12.65,10.69,9.81,-0.005,0.006,0.01,0.3,0.11,-80.3065193,26.9240285,113.1
-46.6,5.2,0.0,21.74,0.15,-7.32,-21.02,1.22,-0.54,1.15,0.21,4.581,16.981,7.819,8.809,4.91,11.28,11.97,6.87,-0.004,0.006,0.01,0.23,0.09,-80.30653,26.9240299,113.15
-48.1,5.3,0.0,21.77,0.57,-8.95,-20.75,1.27,0.69,1.16,0.25,6.671,8.417,7.926,7.848,3.34,15.79,16.38,5.59,-0.004,0.006,0.01,0.11,0.04,-80.3065408,26.9240316,113.2
-48.6,5.3,0.0,21.79,0.13,-10.01,-21.62,0.58,0.55,1.16,0.31,6.936,11.36,10.968,7.711,10.99,14.62,18.34,5.4,-0.004,0.006,0.01,0.12,0.05,-80.3065515,26.9240334,113.25
-48.7,5.4,0.0,21.85,1.03,-8.19,-22.67,1.75,-0.77,1.17,0.32,13.969,7.318,8.888,7.132,15.99,7.85,14.72,4.22,-0.004,0.007,0.011,0.23,0.09,-80.3065622,26.9240353,113.3
-46.5,5.5,0.0,21.87,1.15,-7.53,-22.98,0.94,-1.3,1.21,0.33,10.82,5.121,12.959,8.182,18.25,5.3,19.33,8.73,-0.004,0.006,0.01,0.21,0.08,-80.3065729,26.9240376,113.35
-45.8,5.4,0.0,21.92,1.95,-5.23,-23.16,-1.32,-0.73,1.15,0.34,11.87,6.887,8.505,8.093,11.48,6.08,21.09,5.98,-0.004,0.006,0.011,0.4,0.15,-80.3065835,26.9240399,113.4
-44.2,5.4,0.0,21.95,1.18,-6.41,-22.27,-0.77,-0.43,1.17,0.35,8.231,14.597,10.556,7.23,6.47,9.91,20.31,5.89,-0.004,0.006,0.01,0.39,0.15,-80.3065941,26.9240424,113.45
-44.1,5.5,0.0,21.99,1.14,-8.58,-21.02,-0.82,-0.36,1.16,0.36,6.269,17.638,11.252,7.171,5.89,10.01,24.53,8.04,-0.004,0.006,0.01,0.29,0.11,-80.3066047,26.9240451,113.5
-44.2,5.6,0.0,22.01,1.37,-8.23,-20.87,1.19,-0.77,1.2,0.36,7.348,9.349,9.378,7.161,12.07,10.69,18.54,10.4,-0.004,0.006,0.01,0.23,0.09,-80.3066152,26.924048,113.55
-41.8,5.6,0.0,22.05,0.88,-8.79,-20.66,-0.43,-0.54,1.18,0.37,8.652,9.32,9.673,5.67,13.05,12.56,20.5,17.95,-0.004,0.006,0.01,0.25,0.1,-80.3066257,26.9240511,113.6
-40.7,5.7,0.0,22.08,0.93,-8.73,-20.29,-1.43,-0.21,1.18,0.38,10.958,12.586,13.479,7.995,18.44,13.44,17.66,16.19,-0.004,0.006,0.01,0.24,0.09,-80.3066361,26.9240543,113.65
-37.5,5.8,0.0,22.13,0.91,-7.92,-20.06,0.58,-0.6,1.21,0.36,9.624,11.036,11.654,9.113,14.81,11.77,13.34,19.42,-0.004,0.006,0.01,0.32,0.13,-80.3066465,26.9240578,113.7
-37.6,5.9,0.0,22.15,0.49,-7.98,-19.11,0.09,0.04,1.23,0.35,9.418,8.172,11.88,9.084,10.5,9.42,2.65,17.85,-0.004,0.006,0.01,0.23,0.09,-80.3066568,26.9240614,113.75
-37.1,6.1,0.0,22.19,0.41,-8.21,-17.92,2.14,0.35,1.28,0.36,8.868,9.212,10.663,10.036,1.37,8.14,2.06,15.99,-0.004,0.006,0.009,0.19,0.07,-80.306667,26.9240652,113.8
-37.1,6.2,0.0,22.25,0.5,-8.37,-17.79,-0.9,-0.36,1.27,0.35,7.652,12.233,11.674,9.398,7.75,5.1,2.94,10.89,-0.004,0.005,0.009,0.14,0.05,-80.3066773,26.9240691,113.85
-37.3,6.5,0.0,22.3,0.27,-7.66,-18.06,1.45,-1.29,1.29,0.3,11.154,11.282,11.468,10.144,14.91,8.63,7.65,11.38,-0.004,0.005,0.009,0.19,0.07,-80.3066875,26.9240732,113.9
-37.3,6.7,0.0,22.38,1.36,-6.25,-18.01,1.31,-2.08,1.31,0.23,9.839,10.32,11.998,10.752,15.99,10.5,8.53,9.71,-0.003,0.006,0.008,0.23,0.09,-80.3066976,26.9240774,113.95
-38.6,6.9,0.0,22.44,1.33,-7.62,-17.73,1.47,-0.8,1.29,0.2,6.494,11.625,8.24,9.212,13.44,7.06,11.38,13.05,-0.003,0.006,0.008,0.21,0.08,-80.3067077,26.9240818,114.0
-38.8,7.1,0.0,22.51,1.93,-7.34,-17.62,0.51,-0.18,1.25,0.21,9.261,8.358,6.072,6.367,9.12,13.73,13.54,12.75,-0.004,0.006,0.008,0.26,0.1,-80.3067178,26.9240863,114.05
-41.7,7.3,0.0,22.58,1.85,-7.74,-18.02,0.63,-0.95,1.26,0.19,7.367,7.809,6.789,7.112,6.67,11.28,16.58,3.43,-0.003,0.006,0.008,0.19,0.08,-80.3067278,26.9240911,114.1
-42.4,7.6,0.0,22.65,1.8,-6.37,-18.58,-0.37,-0.89,1.21,0.15,10.673,7.74,9.418,8.456,7.75,10.2,14.81,8.93,-0.003,0.006,0.008,0.32,0.13,-80.3067378,26.9240959,114.15
-43.1,7.8,0.0,22.73,1.66,-7.31,-19.12,-0.42,-0.62,1.2,0.15,9.83,8.289,11.085,8.083,15.99,3.92,24.72,6.77,-0.003,0.006,0.008,0.26,0.1,-80.3067477,26.9241009,114.2
-43.4,8.0,0.0,22.81,1.05,-8.79,-20.23,-2.14,0.23,1.1,0.15,9.584,9.398,10.438,8.083,16.87,9.32,18.93,8.53,-0.003,0.006,0.008,0.29,0.11,-80.3067576,26.924106,114.25
-42.6,8.0,0.0,22.9,2.02,-6.88,-20.59,-2.67,-0.66,1.07,0.13,10.408,10.713,7.23,6.602,7.95,4.71,10.3,9.03,-0.003,0.006,0.008,0.42,0.17,-80.3067674,26.9241114,114.3
-41.9,8.1,0.0,22.98,2.37,-7.81,-20.54,-0.56,-0.28,1.05,0.14,6.906,14.921,8.172,4.395,4.41,8.83,17.27,12.75,-0.003,0.007,0.008,0.46,0.18,-80.3067771,26.9241168,114.35
-41.1,8.0,0.0,23.04,0.72,-7.93,-19.77,-2.09,0.08,0.99,0.15,7.868,12.204,12.979,9.918,7.26,15.11,4.51,16.48,-0.003,0.007,0.008,0.58,0.23,-80.3067867,26.9241225,114.4
-40.3,8.0,0.0,23.11,0.89,-9.24,-19.56,-0.86,0.41,0.96,0.19,10.369,11.203,7.014,5.66,13.15,9.12,4.22,9.32,-0.003,0.007,0.009,0.5,0.2,-80.3067963,26.9241283,114.45
-41.0,8.0,0.0,23.22,2.63,-5.67,-19.63,0.43,-1.03,0.98,0.19,10.369,9.123,10.86,11.203,11.38,10.01,-3.73,15.4,-0.003,0.007,0.009,0.63,0.26,-80.3068058,26.9241343,114.5
-39.9,8.0,0.0,23.28,0.83,-8.55,-20.03,0.82,-0.27,0.97,0.2,8.976,6.681,7.073,7.72,9.52,10.59,4.61,17.95,-0.003,0.007,0.009,0.57,0.23,-80.3068152,26.9241404,114.55
-38.6,8.0,0.0,23.38,2.0,-6.3,-19.73,1.62,-0.5,1.01,0.17,11.399,9.29,8.093,7.034,6.18,11.97,10.5,17.95,-0.003,0.007,0.009,0.69,0.28,-80.3068246,26.9241467,114.6
-36.3,8.0,0.0,23.43,0.58,-8.85,-19.06,0.86,-0.46,1.01,0.17,10.055,10.791,10.251,7.014,11.87,14.72,26.29,10.99,-0.003,0.007,0.009,0.62,0.26,-80.3068338,26.9241532,114.65
-35.7,7.9,0.0,23.52,1.57,-5.33,-18.24,0.96,-0.32,1.04,0.15,12.89,6.916,13.43,5.758,14.52,17.46,25.9,6.77,-0.003,0.007,0.009,0.69,0.28,-80.306843,26.9241599,114.7
-37.1,7.9,0.0,23.59,1.9,-7.42,-17.35,0.42,-0.79,1.02,0.15,8.25,10.281,11.252,9.231,15.01,10.5,14.72,8.93,-0.003,0.007,0.008,0.56,0.23,-80.306852,26.9241666,114.75
-37.6,8.0,0.0,23.65,1.11,-7.73,-17.16,0.34,-0.63,1.04,0.13,11.752,7.348,9.526,5.994,2.84,9.52,2.94,16.09,-0.003,0.006,0.009,0.48,0.2,-80.306861,26.9241735,114.8
-40.1,8.0,0.0,23.72,0.93,-7.66,-17.37,-0.76,-0.35,1.06,0.11,9.378,11.752,14.215,10.732,9.12,7.46,11.97,15.99,-0.003,0.007,0.008,0.46,0.19,-80.3068698,26.9241806,114.85
-40.4,8.0,0.0,23.79,2.07,-5.86,-16.72,-1.15,0.1,1.03,0.14,7.093,12.243,9.3,10.212,7.26,7.95,0.39,12.65,-0.003,0.007,0.009,0.45,0.18,-80.3068786,26.9241879,114.9
-39.5,8.0,0.0,23.87,1.68,-8.28,-18.58,0.83,-0.51,1.06,0.14,10.948,7.995,4.424,5.592,13.05,13.44,10.1,9.61,-0.003,0.006,0.009,0.37,0.15,-80.3068873,26.9241953,114.95
-39.4,8.0,0.0,23.94,1.83,-7.95,-19.45,1.75,-1.42,1.08,0.13,9.938,7.142,6.298,9.32,7.85,12.16,10.4,11.28,-0.003,0.006,0.008,0.52,0.22,-80.3068959,26.9242028,115.0
-37.9,8.0,0.0,24.0,0.76,-6.38,-19.7,0.42,-0.87,1.04,0.1,9.947,5.248,7.083,7.289,10.2,8.04,15.01,6.38,-0.003,0.006,0.008,0.54,0.23,-80.3069043,26.9242104,115.05
-36.9,8.0,0.0,24.07,1.04,-8.94,-19.23,-1.94,0.24,0.95,0.11,7.946,10.771,11.527,6.857,15.99,7.46,15.5,8.93,-0.003,0.006,0.008,0.52,0.22,-80.3069126,26.9242183,115.1
-37.3,8.0,0.0,24.15,1.9,-5.78,-18.34,0.06,-0.71,0.95,0.09,11.331,9.437,12.93,8.025,11.87,12.85,10.2,21.78,-0.004,0.006,0.008,0.64,0.27,-80.3069209,26.9242262,115.15
-37.3,8.0,0.0,24.22,1.81,-7.85,-18.15,-0.47,-1.87,0.93,0.05,11.321,11.644,10.301,7.926,9.71,14.13,13.54,15.5,-0.004,0.006,0.008,0.67,0.28,-80.306929,26.9242343,115.2
-37.1,8.1,0.0,24.28,0.93,-6.88,-17.5,-0.39,0.11,0.92,0.06,10.958,5.307,9.329,6.906,10.2,10.79,2.26,10.59,-0.003,0.007,0.008,0.7,0.29,-80.306937,26.9242425,115.25
-37.5,8.0,0.0,24.35,1.4,-9.67,-17.44,0.28,-0.5,0.92,0.04,9.486,9.045,6.789,3.826,15.4,12.46,16.68,9.42,-0.003,0.007,0.009,0.57,0.24,-80.3069449,26.9242508,115.3
-37.1,8.1,0.0,24.42,1.59,-6.8,-17.69,2.66,-0.29,0.97,0.05,8.211,11.38,5.739,5.435,10.99,12.65,22.37,13.44,-0.003,0.007,0.008,0.63,0.27,-80.3069525,26.9242593,115.35
-35.8,8.1,0.0,24.49,0.97,-6.79,-17.45,-0.55,-0.29,0.88,0.06,11.38,5.817,8.672,6.818,7.65,12.85,16.28,9.42,-0.003,0.007,0.009,0.64,0.27,-80.3069602,26.9242679,115.4
-34.4,8.3,0.0,24.55,1.22,-7.28,-18.02,-0.66,-1.04,0.87,0.04,11.703,5.131,13.332,8.849,16.38,4.12,16.28,11.77,-0.003,0.006,0.008,0.64,0.27,-80.3069677,26.9242767,115.45
-32.5,8.4,0.0,24.62,1.19,-8.26,-17.23,-1.65,-0.54,0.85,-0.01,7.691,13.636,11.713,9.898,14.81,11.38,1.96,18.25,-0.003,0.006,0.008,0.64,0.28,-80.3069751,26.9242855,115.5
-32.7,8.5,0.0,24.71,2.48,-5.07,-16.23,0.15,-1.12,0.89,-0.03,9.565,8.299,11.174,8.937,8.24,11.09,-3.92,15.79,-0.003,0.006,0.008,0.68,0.29,-80.3069823,26.9242945,115.55
-32.0,8.9,0.0,24.76,1.47,-8.17,-15.75,1.5,0.25,0.93,0.01,8.711,8.358,6.298,5.621,11.38,12.16,13.34,6.87,-0.003,0.007,0.008,0.59,0.25,-80.3069893,26.9243037,115.6
-31.7,9.1,0.0,24.86,1.81,-6.39,-15.87,3.08,-0.81,1.01,0.02,8.996,11.252,8.937,4.876,12.56,11.09,10.5,9.71,-0.003,0.007,0.008,0.64,0.28,-80.3069963,26.9243129,115.65
-32.8,9.6,0.0,24.92,1.22,-5.45,-16.08,-1.36,0.08,1.0,0.03,10.762,6.043,9.8,3.875,10.99,9.91,16.28,8.53,-0.003,0.007,0.008,0.62,0.27,-80.3070032,26.9243223,115.7
-33.2,9.9,0.0,25.02,2.01,-6.92,-15.5,-1.72,0.7,0.97,0.03,5.582,14.097,11.066,5.16,3.43,7.85,3.43,13.05,-0.003,0.006,0.008,0.61,0.27,-80.30701,26.9243317,115.75
-32.2,10.5,0.0,25.12,2.1,-6.76,-15.84,-1.41,-0.81,0.97,0.01,9.535,5.552,12.056,8.721,12.26,12.95,-0.49,19.13,-0.003,0.007,0.008,0.61,0.27,-80.3070166,26.9243413,115.8
-33.2,11.0,0.0,25.22,2.54,-7.99,-16.54,1.35,-1.27,1.0,0.01,11.223,9.31,8.407,9.31,15.7,11.28,20.21,8.83,-0.003,0.007,0.007,0.58,0.26,-80.3070231,26.9243511,115.85
-32.3,11.5,0.0,25.33,2.73,-6.01,-16.67,0.72,-1.18,0.98,-0.01,8.554,6.602,9.006,7.534,8.14,11.97,16.78,12.36,-0.003,0.007,0.007,0.72,0.32,-80.3070294,26.9243609,115.9
-31.7,11.8,0.0,25.45,2.32,-6.25,-16.93,-1.12,-0.51,0.96,-0.04,5.964,14.068,9.83,7.838,9.52,13.83,19.72,4.81,-0.003,0.007,0.007,0.73,0.32,-80.3070357,26.9243708,115.95
-32.2,12.0,0.0,25.55,1.81,-7.05,-16.69,-0.94,-0.94,0.96,-0.09,10.251,5.729,8.231,6.602,15.6,7.26,9.71,20.8,-0.003,0.006,0.007,0.69,0.31,-80.3070419,26.9243809,116.0
-30.8,12.2,0.0,25.68,3.03,-8.51,-17.1,-2.06,-1.19,0.89,-0.13,8.25,10.516,9.408,5.857,6.87,8.93,-0.49,17.66,-0.003,0.007,0.007,0.72,0.32,-80.3070477,26.9243911,116.05
-29.5,12.3,0.0,25.8,3.34,-5.51,-16.59,3.89,-2.55,0.99,-0.2,5.964,7.838,8.898,9.516,9.42,10.5,12.36,12.36,-0.003,0.007,0.007,0.79,0.36,-80.3070536,26.9244015,116.1
-28.8,12.3,0.0,25.89,2.39,-6.36,-16.08,0.35,-1.02,1.01,-0.22,12.39,11.144,9.535,6.269,12.46,11.09,21.39,7.16,-0.003,0.007,0.007,0.75,0.34,-80.3070593,26.9244119,116.15
-27.5,12.3,0.0,26.01,2.68,-6.86,-15.12,0.48,-1.27,1.03,-0.24,10.448,4.356,10.202,8.025,8.04,10.01,8.93,12.46,-0.003,0.007,0.007,0.73,0.33,-80.3070649,26.9244225,116.2
-27.3,12.3,0.0,26.1,1.38,-7.87,-14.64,0.59,0.11,1.07,-0.26,7.897,10.055,5.131,5.562,12.36,12.36,0.49,8.24,-0.002,0.007,0.007,0.68,0.31,-80.3070704,26.9244332,116.25
-28.0,12.3,0.0,26.21,2.49,-6.56,-13.7,-1.13,1.16,1.07,-0.22,13.881,4.208,9.035,7.132,10.01,9.12,14.81,8.53,-0.002,0.007,0.007,0.62,0.28,-80.3070756,26.9244439,116.3
-27.3,12.4,0.0,26.32,2.3,-4.65,-13.95,0.94,0.13,1.08,-0.21,7.505,10.369,6.828,9.712,7.55,12.16,24.23,5.3,-0.002,0.007,0.007,0.67,0.31,-80.3070807,26.9244548,116.35
-27.0,12.4,0.0,26.41,1.68,-6.37,-14.35,0.04,-0.95,1.08,-0.24,7.603,14.666,11.605,5.199,14.62,12.16,6.47,15.5,-0.003,0.006,0.007,0.59,0.27,-80.3070858,26.9244659,116.4
-27.6,12.7,0.0,26.52,1.84,-6.42,-14.19,0.84,-1.18,1.11,-0.29,9.104,7.259,11.713,6.318,10.4,9.61,-1.86,6.57,-0.003,0.006,0.006,0.55,0.26,-80.3070907,26.924477,116.45
-27.2,12.8,0.0,26.61,1.99,-6.89,-13.74,3.11,-0.77,1.2,-0.32,8.103,8.574,6.887,10.32,7.26,8.24,26.39,15.89,-0.003,0.006,0.006,0.57,0.27,-80.3070954,26.9244881,116.5
-26.7,13.0,0.0,26.72,2.05,-7.08,-13.47,0.66,-0.83,1.25,-0.33,7.632,11.252,8.721,4.405,13.64,13.05,13.05,8.63,-0.003,0.006,0.006,0.54,0.25,-80.3071,26.9244994,116.55
-27.6,13.3,0.0,26.83,2.82,-4.95,-13.97,0.8,-1.63,1.31,-0.4,6.22,9.565,12.567,8.309,4.32,8.83,-1.37,15.01,-0.003,0.006,0.005,0.61,0.29,-80.3071045,26.9245108,116.6
-27.5,13.7,0.0,26.91,1.62,-6.55,-13.72,0.23,-1.64,1.37,-0.47,7.593,12.792,9.545,9.565,13.83,11.09,12.07,11.18,-0.003,0.006,0.005,0.46,0.22,-80.3071088,26.9245222,116.65
-26.9,14.1,0.0,27.03,2.77,-5.7,-13.57,3.02,-2.07,1.44,-0.52,9.447,11.164,7.681,9.064,11.67,11.77,14.42,14.13,-0.003,0.006,0.005,0.49,0.23,-80.307113,26.9245339,116.7
-27.6,14.6,0.0,27.13,2.06,-5.08,-14.09,-1.08,-1.68,1.43,-0.58,11.87,5.533,11.105,6.121,7.06,2.75,10.4,14.32,-0.003,0.006,0.005,0.53,0.25,-80.307117,26.9245455,116.75
-27.3,14.8,0.0,27.22,1.74,-7.12,-13.88,1.26,-1.63,1.48,-0.65,11.988,7.534,10.35,9.565,15.21,10.3,2.06,12.75,-0.003,0.006,0.005,0.47,0.23,-80.3071209,26.9245572,116.8
-27.3,15.4,0.0,27.32,2.07,-4.96,-13.74,-0.42,-1.72,1.42,-0.71,11.066,9.437,7.711,9.476,2.55,17.27,18.15,15.4,-0.003,0.006,0.005,0.52,0.25,-80.3071247,26.924569,116.85
-27.3,15.7,0.0,27.43,1.8,-6.06,-14.12,-0.88,-0.85,1.43,-0.73,12.272,6.426,7.691,10.134,14.62,10.3,20.9,0.0,-0.003,0.006,0.005,0.53,0.25,-80.3071284,26.9245809,116.9
-28.1,16.0,0.0,27.54,2.2,-5.3,-14.5,0.22,-0.42,1.38,-0.75,10.193,2.649,5.621,7.142,12.75,10.5,8.24,21.97,-0.002,0.007,0.006,0.57,0.27,-80.3071318,26.9245929,116.95
-27.0,16.3,0.0,27.63,1.14,-6.78,-14.31,-4.25,2.08,1.28,-0.68,10.418,6.867,3.512,6.121,12.46,10.4,15.7,4.41,-0.001,0.007,0.006,0.66,0.32,-80.3071351,26.9246049,117.0
-25.9,16.6,0.0,27.74,1.89,-6.54,-14.89,-0.38,0.07,1.27,-0.64,6.131,11.458,5.955,5.356,10.99,12.26,19.33,1.18,-0.002,0.007,0.007,0.67,0.32,-80.3071383,26.924617,117.05
-25.2,17.1,0.0,27.86,2.19,-4.28,-15.09,-0.34,-0.67,1.23,-0.65,9.045,8.839,10.153,5.033,8.83,12.26,7.36,15.01,-0.002,0.007,0.007,0.75,0.37,-80.3071414,26.9246293,117.1
-24.7,17.9,0.0,27.95,2.03,-7.32,-14.08,0.27,-1.01,1.2,-0.7,9.182,2.099,7.289,9.3,17.95,6.97,10.5,12.07,-0.002,0.007,0.006,0.7,0.34,-80.3071442,26.9246416,117.15
-22.9,18.6,0.0,28.07,2.91,-3.68,-12.63,1.59,0.46,1.19,-0.67,10.271,3.384,9.28,5.974,10.01,10.59,10.01,9.03,-0.002,0.007,0.006,0.72,0.35,-80.3071469,26.924654,117.2
-21.1,19.0,0.0,28.18,2.04,-6.2,-12.41,0.57,-0.02,1.17,-0.6,10.183,3.11,8.152,5.602,15.6,2.84,2.06,14.42,-0.002,0.007,0.007,0.62,0.3,-80.3071495,26.9246664,117.25
-20.3,19.2,0.0,28.29,2.37,-6.69,-12.52,1.56,-0.13,1.23,-0.6,6.543,10.82,8.692,5.758,3.24,11.67,7.55,7.95,-0.002,0.007,0.006,0.67,0.33,-80.3071519,26.924679,117.3
-17.9,19.1,0.0,28.39,1.92,-5.91,-11.05,0.47,-0.28,1.26,-0.62,6.023,10.84,10.144,5.935,13.64,13.34,25.51,12.16,-0.001,0.007,0.006,0.66,0.33,-80.3071542,26.9246915,117.35
-17.1,19.1,0.0,28.52,3.03,-3.73,-9.73,1.53,0.53,1.31,-0.59,3.09,12.106,9.781,5.847,2.94,11.87,10.5,19.91,-0.001,0.007,0.006,0.64,0.32,-80.3071563,26.9247042,117.4
-16.3,19.2,0.0,28.64,3.4,-6.17,-9.44,1.88,0.95,1.37,-0.51,7.269,9.064,6.651,4.434,13.05,7.65,8.34,11.58,-0.0,0.007,0.006,0.54,0.27,-80.3071583,26.924717,117.45
-16.7,19.3,0.0,28.74,2.41,-5.03,-9.49,2.32,-0.12,1.42,-0.47,5.386,8.368,8.996,7.583,9.71,11.58,14.91,9.12,-0.0,0.007,0.006,0.49,0.25,-80.3071602,26.9247299,117.5
-17.1,19.3,0.0,28.85,2.1,-6.75,-8.81,-2.67,1.21,1.34,-0.44,3.816,8.927,6.2,5.808,13.34,9.61,9.52,12.56,-0.0,0.007,0.006,0.47,0.24,-80.307162,26.9247427,117.55
-17.1,19.8,0.0,28.98,2.55,-3.82,-9.18,-0.59,0.74,1.33,-0.42,8.584,11.488,6.151,6.504,5.2,4.12,18.44,13.93,-0.0,0.006,0.005,0.43,0.22,-80.3071637,26.9247557,117.6
-16.8,20.3,0.0,29.1,2.67,-3.26,-9.7,0.63,0.65,1.32,-0.37,6.21,10.389,5.906,5.964,11.28,9.32,-1.28,7.85,-0.0,0.006,0.005,0.5,0.25,-80.3071652,26.9247687,117.65
-17.3,21.3,0.0,29.21,3.08,-5.06,-9.54,-1.54,-0.66,1.22,-0.34,10.507,1.521,8.348,10.86,10.01,10.01,11.38,20.5,-0.0,0.006,0.006,0.47,0.24,-80.3071666,26.9247817,117.7
-16.9,22.4,0.0,29.32,2.27,-4.73,-9.41,-1.11,-0.36,1.19,-0.3,8.878,7.632,5.592,8.289,13.64,10.1,20.01,1.96,0.0,0.006,0.005,0.5,0.25,-80.307168,26.9247948,117.75
-16.1,24.4,0.0,29.44,2.49,-4.01,-9.42,-7.49,1.57,1.01,-0.23,11.723,8.427,10.085,5.248,0.78,5.98,0.39,7.85,-0.0,0.007,0.006,0.54,0.28,-80.3071692,26.924808,117.8
-15.2,26.2,0.0,29.54,1.72,-4.63,-9.12,1.24,0.72,1.06,-0.22,9.653,7.809,5.454,5.111,11.18,10.4,17.56,10.01,-0.0,0.006,0.005,0.48,0.25,-80.3071703,26.9248213,117.85
-14.3,28.1,0.0,29.7,2.85,-4.36,-9.14,-2.49,-0.53,0.98,-0.24,6.651,7.799,5.337,6.21,7.16,8.73,11.97,18.05,-0.0,0.006,0.005,0.51,0.26,-80.3071712,26.9248346,117.9
-13.2,29.9,0.0,29.84,3.73,-4.29,-8.3,2.88,-1.95,1.04,-0.26,8.623,7.053,9.928,7.338,14.22,10.3,16.58,21.88,-0.0,0.006,0.004,0.47,0.25,-80.3071721,26.924848,117.95
-11.5,31.3,0.0,29.96,2.41,-5.47,-8.12,3.78,-0.09,1.13,-0.24,6.367,13.469,6.71,9.918,5.79,6.47,12.85,4.81,-0.0,0.006,0.004,0.43,0.22,-80.3071729,26.9248615,118.0
-10.6,33.3,0.0,30.11,3.36,-3.54,-6.95,0.81,-0.22,1.1,-0.25,8.182,4.444,4.199,5.18,14.13,10.99,3.14,17.66,-0.0,0.006,0.004,0.48,0.25,-80.3071735,26.924875,118.05
-10.4,34.8,0.0,30.25,3.89,-3.87,-6.62,1.45,-1.57,1.12,-0.27,7.809,10.016,7.936,6.759,9.22,12.36,21.68,7.75,0.0,0.006,0.004,0.49,0.26,-80.3071741,26.9248886,118.1
-9.8,36.4,0.0,30.37,1.47,-2.27,-6.0,-4.72,2.86,1.04,-0.22,5.611,8.78,8.005,6.632,12.95,13.15,6.18,9.81,0.001,0.006,0.003,0.51,0.27,-80.3071746,26.9249023,118.15
-8.5,37.9,0.0,30.54,2.84,-4.71,-5.71,-2.78,1.46,1.03,-0.2,6.357,7.083,2.963,7.063,10.5,11.48,17.76,13.73,0.001,0.006,0.004,0.38,0.21,-80.307175,26.924916,118.2
-7.6,38.5,0.0,30.7,3.36,-1.65,-6.47,3.88,-2.55,1.13,-0.26,9.123,6.18,7.24,3.551,10.01,5.98,3.43,15.5,0.001,0.006,0.003,0.49,0.26,-80.3071752,26.9249298,118.25
-7.2,39.3,0.0,30.87,3.81,-2.32,-5.22,3.52,-1.39,1.13,-0.31,8.339,6.288,1.795,7.554,16.48,7.75,3.14,14.32,0.001,0.006,0.002,0.4,0.22,-80.3071754,26.9249436,118.3
-5.7,40.8,0.0,30.99,3.02,-4.21,-4.21,-1.37,1.18,1.1,-0.21,9.104,12.184,9.79,-0.108,5.2,15.7,3.73,11.28,0.001,0.005,0.002,0.29,0.16,-80.3071756,26.9249576,118.35
-4.8,42.2,0.0,31.18,2.88,-2.03,-4.22,-1.56,-0.11,1.13,-0.26,7.858,9.094,1.236,3.826,10.4,13.64,15.7,10.5,0.001,0.005,0.002,0.4,0.22,-80.3071756,26.9249716,118.4
-4.1,43.4,0.0,31.33,2.97,0.34,-3.85,2.72,-1.61,1.24,-0.34,7.112,7.083,7.171,3.816,11.28,8.53,4.61,22.07,0.002,0.005,0.0,0.38,0.21,-80.3071757,26.9249858,118.45
-3.5,44.7,0.0,31.55,3.77,-1.93,-3.31,1.6,-0.02,1.27,-0.34,5.503,7.936,2.06,5.415,1.08,7.65,12.16,15.3,0.002,0.005,-0.0,0.32,0.17,-80.3071756,26.9249999,118.5
-3.3,45.9,0.0,31.73,4.02,-2.72,-2.67,0.1,0.35,1.26,-0.28,7.014,9.732,5.621,0.147,12.07,14.13,12.75,6.97,0.002,0.005,-0.0,0.29,0.16,-80.3071756,26.9250142,118.55
-3.0,47.0,0.0,31.92,2.84,-1.18,-2.19,-5.26,1.53,1.15,-0.33,5.464,5.386,2.551,4.738,5.4,9.03,15.99,12.26,0.002,0.005,-0.0,0.33,0.18,-80.3071754,26.9250285,118.6
-2.6,47.7,0.0,32.14,4.43,0.46,-1.99,2.26,-2.79,1.24,-0.41,8.545,11.792,9.084,5.719,15.01,10.79,19.72,18.84,0.003,0.005,-0.001,0.34,0.19,-80.3071753,26.925043,118.65
-2.2,48.5,0.0,32.32,5.19,-0.62,-2.11,2.17,-1.26,1.2,-0.4,8.231,6.563,8.123,2.747,14.81,9.81,6.87,19.82,0.003,0.005,-0.001,0.31,0.18,-80.3071751,26.9250575,118.7
-1.5,48.6,0.0,32.53,3.7,-0.45,-2.15,-3.35,2.12,1.12,-0.36,3.64,4.248,2.472,4.091,3.43,3.43,8.34,11.87,0.003,0.005,-0.001,0.28,0.16,-80.3071749,26.9250721,118.75
-0.6,48.0,0.0,32.7,2.85,-2.88,-1.85,-3.0,1.26,1.08,-0.33,3.679,13.342,5.376,0.432,7.06,13.73,21.19,9.61,0.003,0.005,-0.001,0.28,0.16,-80.3071746,26.9250869,118.8
0.1,46.4,0.0,32.94,5.05,-0.73,-0.8,0.26,-0.83,1.02,-0.33,10.35,6.377,4.934,2.776,13.44,12.46,4.81,10.99,0.003,0.005,-0.001,0.26,0.15,-80.3071743,26.9251017,118.85
0.9,46.1,0.0,33.11,3.71,-1.25,-0.15,-5.23,1.09,0.91,-0.33,5.729,4.14,3.365,4.375,11.87,10.01,18.64,0.1,0.003,0.005,-0.001,0.26,0.15,-80.3071739,26.9251166,118.9
1.1,45.6,0.0,33.29,2.63,-0.39,-0.0,1.7,-0.04,0.98,-0.36,9.555,3.718,5.935,3.09,10.69,6.57,3.24,22.17,0.004,0.005,-0.001,0.25,0.15,-80.3071736,26.9251316,118.95
1.0,45.1,0.0,33.48,3.55,-0.15,0.55,1.77,0.13,0.95,-0.33,2.904,9.388,6.779,5.788,13.93,11.58,14.03,7.55,0.004,0.005,-0.002,0.14,0.08,-80.3071733,26.9251466,119.0
1.3,44.8,0.0,33.65,2.84,0.72,0.71,-1.76,0.75,0.88,-0.34,8.182,13.95,5.278,4.336,10.4,11.18,16.78,7.16,0.004,0.004,-0.002,0.2,0.12,-80.307173,26.9251618,119.05
1.4,44.8,0.0,33.84,5.06,1.13,0.76,2.84,-1.66,0.92,-0.36,9.3,2.972,5.248,6.082,5.89,5.69,8.24,10.59,0.004,0.004,-0.002,0.22,0.13,-80.3071727,26.925177,119.1
1.4,44.0,0.0,34.01,3.52,-1.64,1.19,-2.79,-0.71,0.79,-0.37,4.169,9.771,5.454,2.482,5.89,12.36,15.21,8.44,0.003,0.004,-0.002,0.09,0.05,-80.3071723,26.9251924,119.15
1.8,42.7,0.0,34.19,3.58,1.51,1.18,2.82,-1.86,0.83,-0.4,7.397,6.475,7.819,5.719,9.03,11.09,7.06,19.33,0.004,0.004,-0.002,0.19,0.11,-80.3071721,26.9252078,119.2
1.7,41.4,0.0,34.36,3.83,0.54,1.38,-2.49,0.36,0.74,-0.34,6.19,1.491,10.045,4.856,8.93,10.89,16.87,17.95,0.004,0.004,-0.002,0.1,0.06,-80.3071719,26.9252232,119.25
1.5,40.1,0.0,34.51,3.49,0.32,1.37,1.19,-0.63,0.79,-0.34,8.809,4.228,6.789,5.131,7.55,10.3,20.9,15.01,0.004,0.004,-0.002,0.15,0.09,-80.3071716,26.9252387,119.3
1.3,39.8,0.0,34.67,4.33,1.32,1.2,-1.62,-0.57,0.71,-0.31,10.536,4.787,3.718,6.985,13.34,10.99,9.81,21.39,0.004,0.004,-0.002,0.12,0.07,-80.3071713,26.9252543,119.35
1.4,39.2,0.0,34.81,2.25,-0.67,0.93,0.62,-0.95,0.72,-0.31,5.778,0.118,1.491,3.914,17.46,9.22,10.59,18.05,0.004,0.004,-0.002,0.11,0.07,-80.3071711,26.92527,119.4
1.5,38.9,0.0,34.94,2.2,1.26,1.5,-0.91,0.12,0.7,-0.31,7.299,3.09,6.278,5.729,14.62,11.18,13.05,18.93,0.004,0.004,-0.002,0.1,0.06,-80.3071708,26.9252857,119.45
1.8,37.7,0.0,35.1,2.19,0.2,1.06,0.46,1.51,0.69,-0.27,5.611,5.091,5.268,6.17,1.37,8.63,12.75,13.05,0.004,0.004,-0.002,0.15,0.09,-80.3071706,26.9253015,119.5
1.8,35.7,0.0,35.25,2.51,-0.02,0.96,-1.85,2.51,0.64,-0.23,6.337,9.457,6.651,8.378,-2.75,4.41,23.15,10.59,0.003,0.003,-0.002,0.1,0.06,-80.3071704,26.9253174,119.55
2.3,32.6,0.0,35.38,2.39,0.44,1.55,1.23,0.79,0.68,-0.28,4.454,5.121,10.968,12.567,7.06,13.05,22.76,8.44,0.004,0.003,-0.002,0.07,0.04,-80.3071702,26.9253334,119.6
2.3,30.9,0.0,35.5,1.71,-0.99,1.26,-2.58,0.84,0.66,-0.28,6.043,7.936,4.954,8.103,13.15,17.76,10.89,17.66,0.004,0.003,-0.002,0.11,0.07,-80.30717,26.9253494,119.65
2.1,30.6,0.0,35.64,3.33,1.4,1.55,-2.38,-1.15,0.64,-0.28,6.298,1.648,6.112,4.483,18.64,12.75,10.3,8.44,0.004,0.003,-0.002,0.1,0.06,-80.3071699,26.9253655,119.7
1.7,29.5,0.0,35.75,1.4,1.09,0.97,-3.24,0.4,0.6,-0.26,3.993,10.742,7.004,0.049,14.62,13.34,-2.84,8.63,0.004,0.003,-0.002,0.06,0.04,-80.3071697,26.9253816,119.75
1.3,27.9,0.0,35.89,3.02,1.99,0.31,2.64,-1.91,0.65,-0.3,5.935,9.113,7.711,6.063,9.52,5.1,11.77,19.42,0.003,0.003,-0.002,0.14,0.09,-80.3071696,26.9253977,119.8
1.1,27.0,0.0,35.99,3.37,1.54,0.39,1.65,-1.2,0.61,-0.32,9.369,1.373,11.144,8.113,9.61,2.06,15.21,17.46,0.003,0.003,-0.002,0.16,0.1,-80.3071695,26.9254139,119.85
0.8,26.8,0.0,36.09,2.45,-0.61,0.43,0.72,0.64,0.58,-0.3,3.247,5.758,4.336,3.963,12.16,8.83,22.56,10.79,0.003,0.003,-0.002,0.13,0.08,-80.3071694,26.9254302,119.9
1.0,26.4,0.0,36.16,0.41,-1.23,0.79,0.53,1.21,0.58,-0.28,7.397,1.609,7.407,3.944,16.09,9.03,12.75,13.05,0.003,0.003,-0.002,0.04,0.03,-80.3071693,26.9254465,119.95
0.7,26.3,0.0,36.26,1.13,-0.55,0.78,-0.2,0.25,0.58,-0.28,7.475,7.269,6.475,5.876,11.97,10.69,6.77,12.16,0.003,0.003,-0.002,0.1,0.06,-80.3071692,26.9254628,120.0
1.0,26.4,0.0,36.38,2.29,0.79,0.61,-0.34,-1.45,0.57,-0.31,8.692,6.749,8.495,1.373,17.85,8.34,14.91,23.45,0.003,0.003,-0.002,0.15,0.09,-80.3071691,26.9254792,120.05
1.2,26.3,0.0,36.49,2.98,3.32,0.35,-0.85,-0.28,0.57,-0.3,6.975,1.913,11.203,4.807,2.35,9.61,6.87,13.05,0.003,0.003,-0.002,0.1,0.07,-80.307169,26.9254957,120.1
0.8,25.8,0.0,36.59,3.3,2.32,0.66,0.41,-1.25,0.6,-0.34,3.326,3.944,1.628,5.288,-0.29,6.87,16.78,9.91,0.003,0.003,-0.002,0.1,0.07,-80.3071689,26.9255121,120.15
0.9,22.7,0.0,36.66,1.72,-0.95,0.8,-0.1,1.3,0.59,-0.32,6.887,11.154,8.132,3.944,2.65,11.38,14.03,17.76,0.003,0.003,-0.002,0.06,0.04,-80.3071689,26.9255287,120.2
1.0,14.7,0.0,36.73,0.95,-1.37,0.79,-0.26,2.24,0.6,-0.28,3.64,12.037,10.222,6.995,5.4,15.01,23.64,8.24,0.003,0.003,-0.001,0.09,0.06,-80.3071688,26.9255453,120.25
1.3,1.9,0.0,36.78,-0.02,-0.43,0.66,0.49,1.44,0.63,-0.26,3.188,12.174,5.866,6.269,11.58,14.03,14.32,9.81,0.003,0.003,-0.001,0.04,0.02,-80.3071688,26.9255619,120.3
1.6,0.6,0.0,36.65,-4.65,0.68,1.74,1.94,3.45,0.64,-0.11,4.797,6.19,4.748,7.77,13.34,10.1,4.81,14.91,0.002,0.003,0.001,0.08,0.05,-80.3071687,26.9255784,120.35
0.6,0.5,0.0,36.42,-3.28,1.25,1.04,0.51,4.86,0.67,0.19,3.59,8.348,-0.177,0.402,18.84,10.59,7.95,14.03,0.001,0.0,0.003,0.04,0.03,-80.3071687,26.9255949,120.4
-0.2,0.5,0.0,36.31,-2.85,0.38,0.18,-1.14,3.15,0.65,0.45,8.957,4.758,4.63,2.05,21.88,10.59,12.46,12.16,-0.001,-0.002,0.004,0.03,0.02,-80.3071687,26.9256113,120.45
-0.8,0.5,0.0,36.14,-3.41,1.74,0.01,0.52,0.25,0.64,0.5,13.293,5.042,1.148,0.432,17.27,9.52,9.32,10.01,-0.002,-0.002,0.005,0.09,0.06,-80.3071687,26.9256277,120.5
-0.9,0.4,0.0,35.99,-2.51,0.45,-0.65,2.48,-1.25,0.66,0.46,8.289,8.966,3.64,1.844,8.14,9.42,16.48,5.49,-0.002,-0.002,0.004,0.07,0.05,-80.3071686,26.925644,120.55
-1.0,0.5,0.0,35.83,-2.64,-1.6,-0.67,0.99,-0.92,0.62,0.38,7.534,4.689,5.866,1.246,10.5,8.24,20.11,9.32,-0.002,-0.002,0.004,0.05,0.03,-80.3071686,26.9256602,120.6
-0.7,0.3,0.0,35.67,-3.04,-1.59,-0.72,-1.33,-0.89,0.57,0.34,8.211,5.268,4.336,5.121,11.09,8.73,9.61,14.32,-0.001,-0.001,0.004,0.11,0.07,-80.3071686,26.9256764,120.65
-0.4,0.5,0.0,35.5,-4.17,-3.98,-0.86,-0.86,1.27,0.58,0.36,5.582,6.004,4.571,1.305,16.58,9.81,12.26,16.28,-0.001,-0.001,0.004,0.03,0.02,-80.3071686,26.9256924,120.7
0.0,0.3,0.0,35.36,-3.95,0.03,-0.35,-1.96,0.64,0.55,0.39,8.721,8.917,3.698,2.394,10.4,10.69,12.16,10.79,-0.001,-0.001,0.005,0.08,0.05,-80.3071686,26.9257084,120.75
-0.2,0.5,0.0,35.21,-4.03,-2.44,-0.18,-2.83,1.41,0.54,0.43,6.229,9.545,-2.982,0.853,0.0,9.52,12.36,14.32,-0.002,-0.001,0.005,0.01,0.0,-80.3071686,26.9257243,120.8
-0.1,0.4,0.0,35.06,-3.69,0.52,-0.08,-0.97,1.22,0.56,0.42,7.377,8.809,8.711,2.148,-5.49,10.1,19.42,1.86,-0.002,-0.001,0.005,0.08,0.05,-80.3071685,26.9257401,120.85
0.2,0.5,0.0,34.92,-3.48,-0.8,0.39,-1.66,1.77,0.58,0.42,8.24,6.229,1.893,0.294,5.89,11.09,14.62,4.02,-0.002,-0.001,0.005,0.03,0.02,-80.3071685,26.925756,120.9
0.9,0.5,0.0,34.76,-4.98,0.28,0.34,-0.43,1.3,0.6,0.4,6.416,7.191,3.443,2.237,10.99,8.14,11.38,15.6,-0.001,-0.001,0.005,0.05,0.03,-80.3071685,26.9257717,120.95
1.3,0.5,0.0,34.62,-4.06,1.11,0.48,-3.42,1.14,0.58,0.4,7.828,7.573,1.766,-1.01,9.12,9.22,10.2,7.95,-0.001,-0.001,0.005,0.06,0.04,-80.3071684,26.9257874,121.0
1.5,0.5,0.0,34.46,-4.51,-0.96,0.52,-1.95,1.36,0.62,0.4,7.112,8.966,-0.284,0.579,8.73,11.87,8.83,8.24,-0.001,-0.001,0.005,0.02,0.01,-80.3071684,26.925803,121.05
1.3,0.5,0.0,34.31,-4.02,-1.69,0.84,-0.72,1.53,0.65,0.42,3.6,14.166,8.77,-0.029,8.83,12.26,16.78,12.07,-0.001,-0.001,0.004,0.05,0.03,-80.3071684,26.9258185,121.1
0.8,0.5,0.0,34.14,-4.25,-0.31,1.07,-3.88,0.78,0.63,0.4,3.247,4.807,1.236,5.503,14.13,15.11,11.58,6.57,-0.001,-0.001,0.004,-0.0,-0.0,-80.3071683,26.925834,121.15
0.7,0.4,0.0,33.96,-4.58,-0.35,1.11,-0.19,0.0,0.67,0.4,11.458,7.151,6.082,5.906,11.18,8.73,9.81,15.7,-0.001,-0.002,0.004,0.04,0.02,-80.3071683,26.9258494,121.2
0.7,0.4,0.0,33.81,-3.25,-0.55,0.93,1.76,-0.26,0.7,0.41,9.172,4.846,5.582,5.052,3.04,3.63,13.34,9.61,-0.002,-0.002,0.004,-0.0,-0.0,-80.3071683,26.9258646,121.25
0.7,0.5,0.0,33.62,-3.8,1.02,0.79,-0.45,1.43,0.7,0.45,12.096,7.112,0.618,-1.167,3.63,13.54,7.36,5.1,-0.002,-0.002,0.004,0.07,0.04,-80.3071683,26.9258798,121.3
0.7,0.5,0.0,33.44,-3.14,1.32,0.31,3.11,-0.61,0.74,0.43,8.486,9.153,-0.755,-0.834,16.19,10.59,20.21,8.24,-0.001,-0.002,0.004,0.11,0.06,-80.3071684,26.925895,121.35
1.0,0.5,0.0,33.28,-2.86,2.65,0.01,0.22,-1.12,0.7,0.37,7.426,7.161,3.414,1.56,10.5,7.55,9.52,20.11,-0.001,-0.002,0.004,0.07,0.04,-80.3071684,26.92591,121.4
1.1,0.5,0.0,33.09,-3.51,0.21,0.14,-3.37,0.04,0.65,0.39,6.102,9.045,4.218,3.532,7.95,6.77,4.22,10.2,-0.002,-0.002,0.004,0.04,0.02,-80.3071685,26.925925,121.45
0.9,0.4,0.0,32.91,-3.82,-0.35,0.25,0.1,-0.83,0.67,0.4,8.103,2.855,-0.177,0.402,15.01,8.34,4.22,15.5,-0.002,-0.002,0.004,0.07,0.04,-80.3071685,26.9259399,121.5
0.8,0.5,0.0,32.72,-4.13,-1.08,0.44,-0.02,-0.4,0.66,0.36,9.555,9.143,-1.776,6.681,13.73,7.26,20.21,12.95,-0.002,-0.002,0.004,0.04,0.02,-80.3071686,26.9259548,121.55
0.5,0.4,0.0,32.55,-3.67,0.37,0.25,-3.76,1.7,0.61,0.38,7.044,10.242,-3.404,4.032,2.84,8.73,15.21,6.28,-0.002,-0.002,0.004,0.11,0.06,-80.3071686,26.9259695,121.6
0.4,0.3,0.0,32.36,-3.39,1.36,-0.16,3.39,0.1,0.67,0.35,9.104,7.338,7.201,2.315,9.81,10.3,7.85,11.58,-0.002,-0.002,0.004,0.07,0.04,-80.3071687,26.9259841,121.65
0.7,0.3,0.0,32.19,-3.47,-0.63,0.19,0.35,1.08,0.63,0.38,6.465,10.703,2.031,1.746,9.52,8.63,2.55,12.16,-0.002,-0.002,0.004,0.03,0.02,-80.3071688,26.9259986,121.7
0.3,0.4,5.9,31.97,-4.24,0.07,0.42,-1.55,-0.08,0.61,0.38,7.014,9.32,3.728,3.257,7.65,12.46,19.62,11.87,-0.002,-0.002,0.004,0.04,0.02,-80.3071689,26.9260131,121.75
-0.1,0.4,5.9,31.79,-4.21,0.4,0.2,-2.53,0.28,0.6,0.33,9.064,5.16,6.69,5.337,15.89,11.67,8.63,10.5,-0.002,-0.002,0.003,0.07,0.04,-80.307169,26.9260275,121.8
0.1,0.3,2.9,31.58,-3.5,1.44,-0.07,3.59,-0.31,0.65,0.36,10.036,5.278,11.595,1.452,20.01,9.71,3.92,13.34,-0.002,-0.002,0.003,0.09,0.05,-80.307169,26.9260418,121.85
0.1,0.5,2.9,31.41,-4.08,-1.38,-0.2,0.45,-0.28,0.66,0.4,3.983,11.801,-2.04,1.687,3.53,12.85,-0.29,10.89,-0.002,-0.002,0.004,0.04,0.02,-80.3071691,26.926056,121.9
0.3,0.4,2.9,31.2,-4.11,-0.42,0.39,0.21,0.36,0.66,0.39,7.377,6.318,4.13,2.04,5.69,12.56,20.21,9.03,-0.002,-0.002,0.003,0.05,0.03,-80.3071692,26.9260702,121.95
0.0,0.1,2.9,30.99,-3.49,0.24,-0.02,-0.27,1.4,0.67,0.43,8.594,11.566,12.174,4.385,4.71,8.63,13.83,5.1,-0.002,-0.002,0.003,0.08,0.04,-80.3071693,26.9260841,122.0
0.0,0.2,0.0,30.82,-3.63,2.17,-0.09,0.55,-1.31,0.66,0.39,6.465,9.761,5.651,6.17,16.97,10.01,16.19,19.62,-0.002,-0.002,0.004,0.14,0.08,-80.3071693,26.9260981,122.05
0.3,0.1,0.0,30.61,-4.29,-1.25,0.1,-1.63,-1.26,0.66,0.36,9.084,7.897,13.979,5.758,14.22,9.42,15.01,19.42,-0.002,-0.002,0.003,0.02,0.01,-80.3071694,26.926112,122.1
0.1,0.2,0.0,30.42,-3.28,1.09,-0.11,1.4,0.82,0.69,0.37,9.29,4.699,8.437,3.846,9.81,9.52,11.97,9.32,-0.002,-0.002,0.003,0.12,0.06,-80.3071695,26.9261258,122.15
0.6,0.2,0.0,30.25,-3.13,0.07,-0.27,-0.02,0.32,0.71,0.38,7.613,14.519,5.778,3.689,6.87,9.42,3.53,6.47,-0.003,-0.002,0.003,0.08,0.04,-80.3071695,26.9261394,122.2
0.4,0.2,0.0,30.05,-4.04,0.41,-0.12,-0.55,-2.06,0.66,0.32,8.034,7.191,1.668,4.277,9.61,11.38,2.94,15.21,-0.003,-0.002,0.003,0.06,0.03,-80.3071696,26.9261531,122.25
0.2,0.3,2.9,29.84,-4.72,-0.74,-0.03,1.91,0.11,0.71,0.33,7.907,6.945,9.977,7.642,15.21,8.73,23.05,10.79,-0.002,-0.002,0.003,0.05,0.03,-80.3071697,26.9261666,122.3
0.0,0.2,5.9,29.67,-4.4,0.14,0.04,-3.0,0.44,0.64,0.34,9.3,9.045,9.035,6.092,6.28,10.69,13.83,15.79,-0.003,-0.002,0.003,0.06,0.03,-80.3071698,26.9261799,122.35
0.6,0.2,5.9,29.48,-3.62,1.73,-0.48,1.43,-0.4,0.71,0.31,9.624,5.837,0.697,4.032,12.36,7.75,10.79,10.99,-0.002,-0.002,0.003,0.11,0.06,-80.3071698,26.9261933,122.4
0.4,0.2,23.5,29.27,-3.32,0.91,-0.02,2.17,1.07,0.77,0.35,9.702,8.24,6.131,6.73,7.16,11.38,18.64,7.16,-0.002,-0.002,0.002,0.08,0.04,-80.3071699,26.9262066,122.45
-0.2,0.2,32.4,29.08,-4.2,1.99,-0.5,2.51,-1.66,0.78,0.33,9.467,6.769,10.114,6.818,14.91,10.79,13.34,22.27,-0.003,-0.003,0.003,0.12,0.06,-80.30717,26.9262197,122.5
-0.3,0.2,41.2,28.88,-4.22,-0.28,-0.06,0.49,-2.31,0.77,0.27,9.231,8.515,6.759,6.082,5.89,12.07,19.13,20.6,-0.003,-0.002,0.002,0.05,0.02,-80.30717,26.9262328,122.55
0.3,0.3,44.1,28.66,-3.92,-0.29,-0.28,2.29,-0.4,0.81,0.28,10.997,9.888,7.662,5.7,10.5,8.73,19.82,7.46,-0.002,-0.002,0.002,0.03,0.01,-80.3071701,26.9262458,122.6
0.1,0.2,35.3,28.46,-3.63,-1.0,-0.61,-1.59,1.12,0.77,0.35,8.093,9.025,-1.01,6.249,5.4,11.58,9.22,9.81,-0.003,-0.002,0.002,-0.02,-0.01,-80.3071701,26.9262587,122.65
-0.1,0.2,26.5,28.26,-4.26,-1.26,-0.3,0.71,-0.35,0.81,0.36,11.331,7.014,0.883,7.318,16.38,5.59,17.17,12.26,-0.002,-0.003,0.003,0.08,0.04,-80.3071702,26.9262714,122.7
-0.1,0.2,29.4,28.06,-3.85,-1.27,-0.01,0.88,-1.43,0.83,0.35,9.751,10.565,3.149,2.482,12.95,14.81,19.62,7.95,-0.003,-0.003,0.003,0.05,0.03,-80.3071702,26.9262841,122.75
0.1,0.2,29.4,27.85,-3.96,-0.39,-0.24,-1.66,-0.74,0.77,0.32,6.514,12.429,8.25,3.139,10.01,7.65,5.69,15.21,-0.003,-0.003,0.002,0.07,0.03,-80.3071703,26.9262967,122.8
0.0,0.2,23.5,27.64,-4.0,0.28,-0.53,-1.26,-0.54,0.77,0.28,11.095,8.24,8.182,6.396,12.46,9.91,5.98,18.25,-0.003,-0.003,0.002,0.08,0.04,-80.3071703,26.9263093,122.85
-0.3,0.2,20.6,27.44,-3.91,1.14,-0.4,0.4,0.89,0.78,0.32,9.682,8.172,3.159,7.073,10.79,5.59,16.38,8.83,-0.003,-0.003,0.002,0.12,0.06,-80.3071704,26.9263217,122.9
0.1,0.2,17.6,27.25,-3.82,0.83,-0.23,0.4,0.74,0.77,0.4,8.172,13.253,4.65,7.436,11.48,9.52,7.85,14.13,-0.003,-0.003,0.003,0.1,0.05,-80.3071704,26.926334,122.95
0.0,0.2,14.7,27.05,-3.79,0.73,-0.36,0.37,-0.8,0.78,0.35,9.849,11.409,4.101,5.111,6.77,13.05,7.36,8.14,-0.003,-0.003,0.002,0.05,0.02,-80.3071704,26.9263463,123.0
-0.6,0.2,14.7,26.85,-4.02,-1.29,-0.23,-0.27,0.28,0.8,0.31,8.77,4.071,8.407,8.191,15.5,9.52,16.19,13.24,-0.002,-0.002,0.002,0.0,0.0,-80.3071705,26.9263584,123.05
-0.3,0.2,11.8,26.66,-3.75,0.11,-0.65,1.62,0.9,0.81,0.36,8.976,12.449,3.188,6.347,9.12,8.34,12.07,8.14,-0.003,-0.003,0.002,0.1,0.05,-80.3071705,26.9263704,123.1
-0.2,0.2,8.8,26.46,-3.86,2.11,-0.5,0.27,0.45,0.83,0.37,9.094,11.968,8.025,8.299,5.59,11.18,12.56,9.12,-0.003,-0.003,0.002,0.12,0.06,-80.3071705,26.9263824,123.15
-0.4,0.2,11.8,26.27,-4.38,-0.66,-0.54,-0.18,0.07,0.82,0.38,11.733,10.536,4.562,8.535,15.6,7.36,5.2,12.95,-0.003,-0.003,0.002,0.04,0.02,-80.3071705,26.9263943,123.2
-0.4,0.2,5.9,26.08,-4.41,-0.18,-1.0,-1.02,-0.54,0.79,0.36,9.467,5.288,6.151,5.984,10.5,7.65,6.28,13.34,-0.003,-0.003,0.002,0.11,0.05,-80.3071705,26.9264061,123.25
-0.2,0.2,5.9,25.89,-3.66,-0.01,-0.89,0.71,0.27,0.83,0.34,5.297,15.549,9.369,4.621,2.65,12.16,21.88,15.21,-0.003,-0.003,0.002,0.1,0.05,-80.3071705,26.9264179,123.3
-0.5,0.2,5.9,25.68,-4.43,0.07,-0.21,-0.79,1.66,0.81,0.37,10.595,6.739,1.697,7.299,16.48,6.77,15.3,5.1,-0.003,-0.002,0.002,0.07,0.03,-80.3071705,26.9264295,123.35
-0.6,0.2,0.0,25.52,-2.72,-0.96,-0.75,0.48,-0.23,0.85,0.39,7.475,9.82,4.218,6.229,11.58,10.3,13.54,13.34,-0.003,-0.003,0.002,0.01,0.0,-80.3071705,26.926441,123.4
-0.4,0.2,0.0,25.3,-3.7,1.65,-0.77,0.83,-0.12,0.86,0.4,10.173,12.135,5.14,6.239,5.0,10.59,5.1,17.07,-0.003,-0.003,0.002,0.11,0.05,-80.3071705,26.9264524,123.45
-0.6,0.2,0.0,25.11,-5.03,-0.83,-0.54,-1.13,-0.09,0.85,0.38,12.459,4.11,10.556,9.123,14.52,2.16,2.06,12.95,-0.003,-0.003,0.002,-0.01,-0.01,-80.3071705,26.9264638,123.5
-0.6,0.2,0.0,24.94,-3.33,-0.13,-0.97,0.17,0.75,0.86,0.39,7.534,18.619,6.2,4.277,10.69,11.87,15.99,13.73,-0.003,-0.003,0.002,0.08,0.03,-80.3071704,26.9264751,123.55
-1.0,0.2,0.0,24.74,-4.17,0.19,-1.01,-0.07,-0.29,0.87,0.36,12.282,4.356,10.045,5.464,8.93,11.67,15.5,11.58,-0.003,-0.003,0.002,0.04,0.02,-80.3071704,26.9264863,123.6
-1.3,0.2,0.0,24.57,-3.56,-0.24,-0.76,1.57,-2.63,0.89,0.29,7.995,16.422,10.575,9.476,11.48,7.46,20.01,9.03,-0.003,-0.003,0.002,0.1,0.04,-80.3071704,26.9264975,123.65
-0.6,0.2,0.0,24.39,-3.9,-0.86,-0.88,0.06,-0.47,0.85,0.29,11.34,7.456,10.732,8.643,14.22,4.12,12.65,12.36,-0.003,-0.003,0.002,0.05,0.02,-80.3071703,26.9265085,123.7
-2.4,0.2,0.0,24.29,-1.96,0.48,-0.99,-1.86,0.47,0.83,0.29,7.76,18.276,4.709,6.965,8.34,11.77,5.79,10.69,-0.003,-0.002,0.002,0.12,0.05,-80.3071702,26.9265195,123.75
-3.3,0.1,0.0,24.16,-2.1,0.12,-1.63,0.29,0.96,0.85,0.33,8.191,4.522,8.27,8.878,4.12,12.56,6.38,15.79,-0.002,-0.002,0.003,0.04,0.01,-80.3071702,26.9265303,123.8
-4.5,0.2,0.0,24.06,-1.75,-1.49,-2.32,-1.46,0.1,0.81,0.34,14.215,4.356,9.996,8.309,9.42,8.73,4.81,9.42,-0.002,-0.001,0.003,-0.0,-0.0,-80.3071701,26.9265412,123.85
-7.3,0.2,0.0,23.92,-2.89,-2.47,-3.09,0.58,0.51,0.81,0.38,9.653,6.936,5.827,8.417,13.64,8.04,10.5,7.06,-0.002,-0.002,0.004,0.0,0.0,-80.30717,26.926552,123.9
-8.2,0.2,0.0,23.82,-2.7,-1.91,-4.32,-2.57,-0.03,0.71,0.37,11.154,5.602,9.604,9.212,15.79,6.57,15.99,11.87,-0.003,-0.001,0.004,0.02,0.01,-80.3071698,26.9265628,123.95
-11.3,0.2,0.0,23.71,-2.32,-1.65,-6.29,-0.71,-1.14,0.67,0.33,7.858,13.587,7.034,8.535,6.18,12.16,17.56,8.04,-0.003,-0.001,0.004,0.02,0.01,-80.3071696,26.9265735,124.0
-13.4,0.2,0.0,23.6,-2.85,-3.0,-7.14,-1.73,1.06,0.57,0.37,8.25,7.76,11.066,7.456,7.55,12.07,18.64,8.44,-0.003,-0.001,0.004,-0.04,-0.02,-80.3071694,26.9265841,124.05
-15.4,0.2,0.0,23.5,-2.78,-3.73,-8.33,-4.08,1.37,0.47,0.39,11.811,6.426,9.27,8.231,11.38,5.49,14.13,8.44,-0.003,-0.0,0.005,-0.05,-0.02,-80.3071689,26.9265948,124.1
-19.7,0.3,0.0,23.4,-1.83,-3.62,-9.9,-0.95,1.01,0.4,0.43,8.652,13.185,5.199,8.505,15.6,9.12,9.22,14.03,-0.004,-0.0,0.006,0.02,0.01,-80.3071685,26.9266053,124.15
-21.1,0.2,0.0,23.3,-2.07,-4.18,-11.06,-2.48,0.59,0.28,0.47,8.486,9.732,7.662,8.986,10.89,10.2,5.59,13.15,-0.004,0.0,0.007,0.02,0.01,-80.3071681,26.9266158,124.2
-24.9,0.3,0.0,23.18,-2.71,-4.44,-12.51,-4.95,0.27,0.1,0.48,11.644,7.985,11.576,7.524,6.97,12.26,4.71,18.05,-0.005,0.0,0.008,0.05,0.02,-80.3071675,26.9266263,124.25
-26.8,0.3,0.0,23.07,-2.4,-5.08,-13.93,-1.43,-0.17,0.05,0.46,11.056,8.947,8.339,8.26,8.34,12.26,5.2,14.72,-0.005,0.001,0.008,0.12,0.05,-80.3071668,26.9266366,124.3
-28.3,0.3,0.0,22.96,-2.91,-6.39,-15.12,0.83,-0.89,-0.02,0.45,10.477,9.447,8.613,7.691,15.3,11.48,8.53,13.83,-0.005,0.001,0.008,0.05,0.02,-80.3071659,26.9266469,124.35
-30.8,0.3,0.0,22.85,-2.81,-6.29,-15.96,-0.94,0.17,-0.19,0.46,10.997,5.915,9.594,8.701,13.05,7.06,7.36,15.11,-0.005,0.001,0.009,0.1,0.04,-80.3071649,26.9266571,124.4
-31.7,0.4,0.0,22.74,-2.47,-6.92,-16.84,-1.07,0.69,-0.27,0.51,15.088,8.28,8.083,7.691,6.28,5.49,13.15,11.18,-0.005,0.002,0.01,0.11,0.05,-80.3071637,26.9266673,124.45
-35.8,0.5,0.0,22.64,-2.55,-6.04,-17.25,-2.49,1.59,-0.42,0.55,10.251,13.842,11.174,8.26,5.0,5.59,12.26,11.28,-0.005,0.002,0.011,0.23,0.09,-80.3071625,26.9266775,124.5
-38.0,0.5,0.0,22.51,-2.83,-7.45,-18.33,-0.81,1.17,-0.51,0.63,6.278,14.568,8.113,8.603,9.81,12.26,15.79,8.34,-0.005,0.002,0.012,0.23,0.09,-80.3071611,26.9266875,124.55
-39.5,0.5,0.0,22.41,-2.44,-8.72,-19.55,-3.79,0.99,-0.73,0.68,9.673,10.987,9.938,5.69,15.99,15.3,16.09,10.99,-0.006,0.002,0.013,0.2,0.08,-80.3071594,26.9266975,124.6
-41.1,0.5,0.0,22.3,-2.82,-9.35,-21.16,-3.31,-0.26,-0.89,0.66,10.359,9.408,12.341,8.819,15.5,13.24,19.62,6.87,-0.006,0.003,0.014,0.36,0.14,-80.3071576,26.9267075,124.65
-39.9,0.5,0.0,22.2,-2.18,-8.82,-22.18,-4.1,0.7,-1.06,0.66,14.911,6.661,11.968,7.259,13.64,7.16,12.85,14.91,-0.006,0.003,0.015,0.49,0.19,-80.3071557,26.9267173,124.7
-40.7,0.5,0.0,22.09,-1.4,-7.26,-22.39,-3.13,0.66,-1.18,0.67,13.234,5.935,10.889,9.545,9.22,1.47,10.99,15.6,-0.006,0.003,0.015,0.6,0.23,-80.3071536,26.9267271,124.75
-39.7,0.5,0.0,21.97,-1.7,-8.33,-21.5,-3.18,1.53,-1.27,0.71,11.968,8.221,8.446,5.817,6.18,12.75,12.36,10.69,-0.006,0.004,0.015,0.63,0.24,-80.3071513,26.9267366,124.8
-39.4,0.5,0.0,21.85,-2.07,-9.02,-21.62,-1.79,1.26,-1.33,0.74,10.536,11.988,8.917,7.524,8.63,8.34,8.73,2.26,-0.006,0.004,0.016,0.66,0.25,-80.3071488,26.9267462,124.85
-39.5,0.5,0.0,21.74,-1.83,-8.61,-21.86,0.29,0.6,-1.38,0.77,9.231,9.938,9.712,5.798,16.87,9.03,8.14,7.06,-0.006,0.004,0.017,0.78,0.29,-80.3071461,26.9267557,124.9
-38.2,0.5,0.0,21.64,-1.67,-7.67,-22.26,1.75,-0.93,-1.41,0.76,8.427,12.89,10.389,7.024,12.26,9.61,10.99,2.35,-0.006,0.004,0.017,0.75,0.28,-80.3071432,26.9267651,124.95
-38.6,0.5,0.0,21.51,-1.86,-8.67,-21.21,0.06,0.53,-1.48,0.77,6.877,13.234,8.868,8.692,13.44,7.55,4.81,4.32,-0.006,0.004,0.017,0.71,0.27,-80.3071402,26.9267744,125.0
-36.7,0.5,0.0,21.41,-1.6,-8.13,-20.53,2.05,-0.6,-1.47,0.76,8.191,11.183,9.938,7.495,11.09,13.05,-0.39,7.06,-0.006,0.005,0.017,0.79,0.29,-80.3071371,26.9267837,125.05
-36.3,0.6,0.0,21.3,-1.74,-8.95,-19.65,2.3,0.49,-1.46,0.79,6.455,11.35,7.083,8.339,8.93,13.93,5.69,3.14,-0.007,0.004,0.017,0.67,0.25,-80.3071337,26.9267927,125.1
-35.3,0.7,0.0,21.18,-1.86,-6.89,-18.99,2.58,-0.87,-1.43,0.78,9.938,12.93,8.741,9.692,5.0,13.15,4.02,10.2,-0.007,0.004,0.017,0.62,0.23,-80.3071301,26.9268017,125.15
-35.4,0.7,0.0,21.06,-2.07,-8.64,-18.76,2.72,-1.45,-1.37,0.73,8.878,11.605,9.535,8.79,5.59,8.34,1.77,12.46,-0.007,0.004,0.017,0.47,0.17,-80.3071264,26.9268106,125.2
-35.4,0.8,0.0,20.95,-2.52,-6.64,-17.89,2.56,-1.14,-1.36,0.68,8.142,12.282,9.722,8.28,5.1,10.89,3.73,8.93,-0.007,0.004,0.016,0.44,0.16,-80.3071226,26.9268194,125.25
-35.3,0.9,0.0,20.85,-2.0,-8.48,-17.26,3.06,-0.18,-1.27,0.66,6.504,9.084,8.554,8.957,10.1,6.87,3.63,8.34,-0.006,0.004,0.015,0.2,0.07,-80.3071185,26.9268281,125.3
-35.5,1.1,0.0,20.76,-1.38,-5.34,-16.95,2.36,-0.34,-1.2,0.67,8.093,8.388,7.367,8.358,12.16,8.83,6.87,13.73,-0.006,0.004,0.015,0.24,0.09,-80.3071143,26.9268367,125.35
-35.4,1.3,0.0,20.65,-1.83,-7.21,-17.1,3.7,-0.57,-1.07,0.68,11.723,6.592,10.085,7.436,17.36,8.83,6.18,8.04,-0.006,0.004,0.015,0.14,0.05,-80.30711,26.926845,125.4
-35.8,1.4,0.0,20.55,-2.11,-7.65,-17.42,0.57,-0.44,-1.05,0.67,14.195,9.565,9.977,9.3,16.68,9.22,10.01,14.91,-0.006,0.004,0.015,0.02,0.01,-80.3071056,26.9268534,125.45
-35.8,1.6,0.0,20.46,-1.84,-6.2,-18.07,0.62,0.24,-0.98,0.62,14.097,9.604,10.124,7.926,14.91,10.59,11.77,10.5,-0.006,0.004,0.014,0.1,0.04,-80.3071011,26.9268617,125.5
-36.5,2.0,0.0,20.34,-2.25,-5.93,-17.5,-0.71,0.99,-0.92,0.63,12.939,4.503,10.987,8.231,15.21,5.89,9.91,12.56,-0.006,0.004,0.013,0.06,0.02,-80.3070963,26.9268699,125.55
-36.1,2.3,0.0,20.27,-2.44,-7.92,-17.97,-1.6,1.18,-0.86,0.63,15.618,7.151,10.497,9.476,11.67,9.22,12.46,11.97,-0.006,0.003,0.013,-0.11,-0.04,-80.3070916,26.9268779,125.6
-36.7,2.5,0.0,20.16,-2.17,-7.64,-17.91,-0.11,0.48,-0.81,0.63,7.416,17.04,8.672,6.22,8.24,11.38,17.27,15.21,-0.006,0.003,0.013,-0.08,-0.03,-80.3070867,26.9268859,125.65
-36.4,3.2,0.0,20.09,-1.69,-6.84,-18.52,1.58,-0.29,-0.74,0.6,6.896,13.616,11.978,7.122,5.49,11.09,15.01,11.77,-0.006,0.003,0.013,0.05,0.02,-80.3070817,26.9268937,125.7
-37.0,4.1,0.0,20.03,-1.46,-5.34,-18.78,0.39,-0.64,-0.7,0.56,5.719,12.017,10.438,7.603,9.32,6.77,17.95,9.12,-0.006,0.003,0.013,0.03,0.01,-80.3070765,26.9269014,125.75
-37.0,4.8,0.0,19.97,-1.1,-6.89,-17.64,-1.61,0.54,-0.74,0.55,9.996,11.625,9.977,4.905,5.1,8.44,15.79,11.87,-0.006,0.003,0.012,-0.01,-0.0,-80.3070713,26.9269091,125.8
-36.8,5.7,0.0,19.95,-0.08,-5.62,-17.97,2.16,-0.25,-0.64,0.52,10.83,10.379,9.947,8.466,4.71,10.4,20.11,15.01,-0.005,0.004,0.012,0.02,0.01,-80.3070658,26.9269166,125.85
-37.2,6.6,0.0,20.05,3.19,-7.47,-18.11,-0.43,-2.02,-0.64,0.43,11.713,9.682,9.82,6.808,4.61,11.77,12.46,6.47,-0.005,0.004,0.011,-0.06,-0.02,-80.3070603,26.9269241,125.9
-37.6,6.8,0.0,20.11,0.48,-5.13,-18.03,-1.98,-2.04,-0.64,0.28,11.703,7.259,8.378,9.339,8.24,9.12,20.5,15.01,-0.004,0.005,0.01,0.09,0.03,-80.3070546,26.9269316,125.95
-38.4,7.1,0.0,20.19,1.73,-5.17,-17.17,-1.35,-0.98,-0.64,0.17,11.801,4.728,9.996,8.417,10.59,10.01,14.62,10.79,-0.003,0.005,0.01,0.1,0.04,-80.3070488,26.926939,126.0
-40.0,7.2,0.0,20.29,1.8,-8.36,-16.69,-0.37,-0.51,-0.66,0.1,13.077,6.023,6.965,7.956,8.04,9.71,9.03,9.32,-0.003,0.006,0.009,-0.04,-0.01,-80.3070427,26.9269463,126.05
-43.7,7.2,0.0,20.38,2.27,-4.76,-16.29,0.45,0.07,-0.65,0.05,7.671,10.34,12.439,9.643,11.18,13.64,14.91,11.58,-0.002,0.006,0.009,0.04,0.01,-80.3070366,26.9269536,126.1
-46.5,7.3,0.0,20.47,1.44,-5.82,-18.01,-1.04,-0.1,-0.74,0.05,12.831,4.248,9.202,7.21,15.21,12.85,11.58,10.2,-0.002,0.006,0.009,-0.0,-0.0,-80.3070304,26.9269609,126.15
-50.5,7.2,0.0,20.57,1.94,-8.48,-18.92,-0.09,0.04,-0.79,0.04,8.672,9.643,7.779,7.701,16.58,13.44,14.13,16.58,-0.003,0.006,0.009,-0.03,-0.01,-80.3070239,26.926968,126.2
-53.7,7.1,0.0,20.65,1.34,-6.61,-20.6,-0.54,-1.06,-0.8,-0.02,11.017,6.798,11.144,10.693,16.68,12.95,13.15,10.99,-0.002,0.007,0.009,0.06,0.02,-80.3070173,26.9269751,126.25
-58.8,6.9,0.0,20.74,1.89,-9.34,-21.51,-1.03,0.29,-0.91,-0.04,9.545,10.497,8.456,8.545,14.13,14.42,3.53,14.62,-0.003,0.007,0.009,0.08,0.03,-80.3070106,26.9269822,126.3
-63.8,6.8,0.0,20.81,1.1,-6.87,-23.12,-0.4,-0.31,-1.01,-0.05,11.703,7.819,8.054,8.966,13.64,15.99,9.52,15.6,-0.003,0.007,0.01,0.23,0.08,-80.3070037,26.9269892,126.35
-70.3,6.7,0.0,20.89,1.71,-10.36,-24.74,0.56,0.41,-1.06,-0.05,8.77,9.947,10.271,11.468,7.16,13.24,5.89,14.13,-0.003,0.008,0.01,0.27,0.1,-80.3069966,26.9269961,126.4
-73.0,6.7,0.0,20.93,-0.24,-9.12,-26.45,-0.35,1.03,-1.15,-0.04,14.009,7.299,7.514,9.516,10.1,12.95,9.91,14.62,-0.003,0.008,0.011,0.4,0.15,-80.3069893,26.9270029,126.45
-72.8,6.6,0.0,21.01,1.47,-9.86,-27.96,-2.77,1.99,-1.29,-0.0,11.144,4.807,3.689,5.533,9.91,8.93,6.77,10.99,-0.003,0.008,0.012,0.65,0.24,-80.3069819,26.9270096,126.5
-69.9,6.5,0.0,21.06,0.3,-11.89,-29.92,-0.03,1.26,-1.36,-0.01,11.556,8.986,8.495,6.857,2.16,11.48,11.38,14.03,-0.003,0.009,0.013,0.77,0.28,-80.3069743,26.927016,126.55
-66.3,6.2,0.0,21.13,0.98,-10.93,-30.79,0.33,0.31,-1.44,-0.05,9.604,5.749,10.271,6.651,5.89,8.24,11.48,11.18,-0.002,0.009,0.014,1.05,0.39,-80.3069665,26.9270225,126.6
-61.3,6.1,0.0,21.18,2.1,-7.62,-29.8,-1.27,1.36,-1.52,-0.01,11.939,5.14,7.436,7.524,12.95,7.55,9.91,19.42,-0.003,0.009,0.015,1.41,0.52,-80.3069586,26.9270288,126.65
-56.7,6.0,0.0,21.23,1.98,-9.46,-29.73,-0.09,0.47,-1.61,0.01,10.771,9.388,8.339,5.758,14.81,7.85,14.62,4.81,-0.003,0.009,0.015,1.56,0.58,-80.3069505,26.9270349,126.7
-52.6,5.8,0.0,21.26,1.01,-11.83,-29.76,-0.41,0.68,-1.68,0.01,10.477,10.722,6.739,6.906,13.44,4.51,20.01,11.48,-0.003,0.009,0.015,1.69,0.63,-80.3069422,26.9270408,126.75
-46.1,5.7,0.0,21.29,0.47,-12.94,-27.83,0.88,0.95,-1.69,-0.02,9.633,9.084,10.301,7.554,15.11,11.67,21.68,15.4,-0.003,0.009,0.015,1.76,0.65,-80.3069337,26.9270467,126.8
-37.9,5.6,0.0,21.33,0.86,-10.28,-25.95,0.12,1.11,-1.73,-0.01,8.486,13.214,9.31,6.112,9.42,7.75,19.52,9.22,-0.003,0.009,0.015,1.87,0.69,-80.3069251,26.9270524,126.85
-25.2,5.3,0.0,21.35,0.64,-7.2,-23.81,1.47,1.07,-1.67,0.01,13.106,8.113,9.584,8.898,9.12,9.61,13.83,-0.49,-0.003,0.009,0.015,2.06,0.77,-80.3069164,26.9270579,126.9
-18.7,5.2,0.0,21.41,0.73,-6.35,-20.28,1.39,1.35,-1.53,0.02,10.114,6.377,8.976,6.955,4.12,12.65,16.28,7.46,-0.003,0.009,0.015,2.05,0.77,-80.3069075,26.9270632,126.95
-17.2,5.1,0.0,21.46,0.71,-8.26,-16.08,0.72,0.64,-1.43,0.01,10.919,10.507,11.262,6.494,3.63,9.32,17.36,2.65,-0.003,0.009,0.014,1.76,0.66,-80.3068984,26.9270684,127.0
-20.2,4.9,0.0,21.51,1.3,-7.81,-11.31,2.04,0.89,-1.35,0.02,7.524,8.858,10.153,5.719,4.71,9.71,19.23,3.83,-0.003,0.009,0.014,1.32,0.49,-80.3068892,26.9270735,127.05
-28.7,4.9,0.0,21.53,1.18,-5.25,-8.26,0.41,0.71,-1.28,0.05,10.428,9.084,10.536,7.377,17.46,12.46,16.68,6.38,-0.002,0.008,0.013,0.93,0.35,-80.3068799,26.9270784,127.1
-36.2,4.9,0.0,21.58,1.59,-3.84,-8.55,1.61,-0.04,-1.24,0.09,10.418,14.058,8.662,5.758,16.48,10.79,22.46,3.83,-0.003,0.007,0.013,0.5,0.19,-80.3068705,26.9270832,127.15
-46.4,4.9,0.0,21.61,1.76,-6.8,-11.83,2.35,-2.01,-1.17,0.02,7.456,13.969,7.573,7.279,15.3,13.83,24.92,9.71,-0.004,0.006,0.012,0.04,0.02,-80.306861,26.9270878,127.2
-51.1,4.9,0.0,21.63,0.84,-8.33,-17.07,0.7,-2.26,-1.17,-0.11,8.446,8.152,11.144,8.564,11.97,11.58,30.71,8.93,-0.003,0.006,0.01,-0.02,-0.01,-80.3068515,26.9270924,127.25
-54.0,4.9,0.0,21.67,1.26,-8.32,-21.16,-1.9,-0.42,-1.25,-0.18,7.534,12.518,10.31,8.898,10.1,2.06,19.03,9.12,-0.003,0.006,0.009,-0.06,-0.02,-80.3068418,26.9270968,127.3
-52.5,5.0,0.0,21.68,-0.07,-6.98,-22.86,-4.45,1.26,-1.4,-0.17,9.457,7.024,12.066,8.643,5.79,4.41,14.42,6.08,-0.003,0.007,0.01,0.23,0.09,-80.306832,26.9271011,127.35
-50.8,5.0,0.0,21.71,0.57,-9.04,-24.24,-2.98,1.55,-1.45,-0.12,6.995,8.898,9.035,6.936,7.55,16.28,14.52,7.65,-0.003,0.007,0.011,0.28,0.11,-80.3068222,26.9271053,127.4
-46.3,5.0,0.0,21.71,-0.28,-9.28,-24.42,-5.23,1.5,-1.61,-0.09,11.605,11.272,12.861,6.671,7.55,5.4,15.3,1.18,-0.004,0.007,0.012,0.51,0.19,-80.3068123,26.9271092,127.45
-41.7,5.0,0.0,21.74,0.43,-9.18,-24.01,-1.53,0.06,-1.67,-0.14,10.428,7.858,9.624,5.396,13.83,8.44,12.16,8.73,-0.004,0.007,0.013,0.65,0.24,-80.3068023,26.927113,127.5
-39.1,5.0,0.0,21.77,0.95,-6.97,-22.3,-2.04,-0.36,-1.72,-0.19,11.595,6.072,12.547,7.897,14.81,10.59,10.5,15.5,-0.004,0.007,0.013,0.77,0.29,-80.3067922,26.9271167,127.55
-36.9,5.0,0.0,21.78,1.26,-5.97,-19.61,-0.84,-0.49,-1.74,-0.24,8.858,11.988,7.24,7.887,16.58,14.03,6.08,6.87,-0.004,0.007,0.012,0.86,0.33,-80.3067821,26.9271202,127.6
-37.1,5.1,0.0,21.79,0.63,-6.72,-17.5,-1.37,-0.23,-1.79,-0.26,7.416,11.036,9.398,9.486,9.71,10.89,1.28,9.91,-0.004,0.007,0.012,0.71,0.27,-80.3067718,26.9271235,127.65
-36.8,5.3,0.0,21.82,0.88,-8.78,-15.42,0.42,0.93,-1.7,-0.25,8.005,6.592,9.055,8.172,6.38,12.46,7.65,11.87,-0.003,0.008,0.012,0.51,0.2,-80.3067614,26.9271267,127.7
-37.4,5.5,0.0,21.84,0.16,-9.35,-15.36,0.13,0.72,-1.64,-0.25,9.712,8.074,9.388,6.985,3.63,11.97,5.2,19.52,-0.003,0.007,0.012,0.37,0.14,-80.306751,26.9271297,127.75
-37.5,5.8,0.0,21.89,0.34,-9.33,-15.27,0.88,-0.22,-1.6,-0.26,11.38,10.575,11.772,9.908,8.83,9.81,2.06,13.54,-0.003,0.007,0.012,0.34,0.13,-80.3067406,26.9271326,127.8
-37.8,6.0,0.0,21.92,0.28,-6.75,-16.1,0.65,0.18,-1.57,-0.27,12.017,8.309,9.81,7.897,12.46,5.98,4.41,9.03,-0.003,0.007,0.011,0.34,0.13,-80.30673,26.9271353,127.85
-39.1,6.2,0.0,21.97,0.6,-6.13,-16.41,-0.64,0.71,-1.58,-0.29,11.919,6.504,9.486,7.799,14.03,10.1,4.91,14.62,-0.002,0.007,0.011,0.33,0.13,-80.3067194,26.9271379,127.9
-39.8,6.4,0.0,22.04,1.63,-4.54,-16.94,0.37,1.18,-1.58,-0.28,12.174,9.212,7.495,9.545,16.87,11.09,6.77,16.87,-0.002,0.007,0.011,0.36,0.14,-80.3067088,26.9271405,127.95
-40.6,6.8,0.0,22.1,0.89,-5.37,-17.2,1.81,1.11,-1.57,-0.23,9.888,14.274,5.798,5.925,6.57,9.42,1.86,13.05,-0.003,0.007,0.011,0.42,0.16,-80.306698,26.9271428,128.0
-40.2,7.2,0.0,22.16,0.77,-5.91,-17.46,-0.52,-0.12,-1.57,-0.25,13.175,6.014,5.837,7.357,5.49,10.99,2.26,15.21,-0.003,0.007,0.011,0.37,0.14,-80.3066872,26.927145,128.05
-40.9,7.5,0.0,22.23,0.82,-4.68,-18.07,0.11,-0.79,-1.55,-0.29,9.476,3.09,10.987,9.457,4.51,13.83,13.54,16.58,-0.002,0.008,0.01,0.49,0.19,-80.3066764,26.9271471,128.1
-40.5,7.9,0.0,22.3,1.3,-6.49,-18.08,-0.89,0.75,-1.56,-0.29,10.556,3.1,10.418,10.173,10.4,10.1,18.54,21.88,-0.002,0.008,0.01,0.47,0.18,-80.3066653,26.9271491,128.15
-39.7,8.2,0.0,22.39,1.15,-7.4,-18.27,-0.66,0.37,-1.64,-0.26,10.742,3.953,10.771,6.377,13.05,9.91,16.58,21.09,-0.002,0.008,0.011,0.54,0.21,-80.3066543,26.9271509,128.2
-39.1,8.6,0.0,22.48,1.72,-9.14,-19.08,1.35,0.71,-1.66,-0.25,6.779,10.369,8.78,7.416,11.38,13.34,13.44,12.75,-0.002,0.008,0.011,0.56,0.22,-80.3066433,26.9271526,128.25
-36.1,8.9,0.0,22.6,2.2,-8.27,-20.1,-4.75,-0.82,-1.77,-0.3,10.212,10.144,6.337,6.2,8.93,4.32,21.29,9.12,-0.002,0.007,0.011,0.64,0.25,-80.3066321,26.927154,128.3
-34.3,9.3,0.0,22.7,3.24,-6.13,-19.09,-0.73,-0.55,-1.84,-0.38,8.142,14.813,7.652,6.808,5.2,5.0,10.3,5.0,-0.002,0.008,0.011,0.74,0.29,-80.3066209,26.9271554,128.35
-32.5,9.6,0.0,22.78,1.58,-6.77,-16.9,-2.76,1.57,-1.89,-0.39,5.464,12.194,15.019,10.693,5.3,7.75,15.79,2.55,-0.001,0.008,0.01,0.7,0.28,-80.3066096,26.9271566,128.4
-31.4,9.9,0.0,22.88,1.74,-6.87,-15.74,-2.25,1.58,-1.93,-0.35,10.251,10.703,11.595,9.123,10.59,7.16,14.32,2.75,-0.001,0.008,0.01,0.62,0.25,-80.3065982,26.9271577,128.45
-31.0,10.1,0.0,22.99,2.08,-6.66,-15.71,-1.18,0.34,-2.01,-0.32,9.467,11.046,6.632,4.954,13.93,13.34,2.35,8.53,-0.001,0.008,0.011,0.67,0.27,-80.3065865,26.9271586,128.5
-30.6,10.3,0.0,23.12,2.26,-7.55,-16.05,-3.29,0.93,-2.06,-0.34,7.181,9.329,11.38,11.046,10.59,6.97,10.01,8.63,-0.0,0.008,0.01,0.62,0.25,-80.306575,26.9271593,128.55
-27.9,10.6,0.0,23.22,1.54,-6.51,-15.29,-2.33,0.66,-2.18,-0.37,9.418,10.301,5.523,6.985,4.41,7.65,9.71,14.91,-0.001,0.008,0.01,0.66,0.27,-80.3065634,26.92716,128.6
-23.8,10.8,0.0,23.35,2.94,-4.77,-13.92,-0.02,-0.25,-2.24,-0.38,8.947,14.205,6.563,4.513,5.2,9.42,7.46,10.4,-0.001,0.008,0.01,0.69,0.28,-80.3065517,26.9271605,128.65
-21.5,10.9,0.0,23.45,1.45,-6.44,-12.73,2.51,0.5,-2.18,-0.39,8.731,9.074,4.493,7.485,13.34,9.32,12.16,15.6,-0.0,0.008,0.009,0.64,0.26,-80.30654,26.9271608,128.7
-19.4,11.1,0.0,23.59,3.36,-3.96,-11.11,0.29,0.66,-2.16,-0.36,12.194,6.377,8.996,7.671,15.99,10.4,20.21,16.97,0.0,0.008,0.008,0.64,0.26,-80.3065282,26.927161,128.75
-17.2,11.3,0.0,23.71,2.68,-5.43,-9.66,-0.52,1.53,-2.2,-0.28,10.418,6.73,7.279,8.201,10.1,12.36,12.65,1.28,0.0,0.008,0.008,0.48,0.2,-80.3065164,26.9271611,128.8
-15.9,11.2,0.0,23.84,2.78,-4.02,-8.77,-1.91,0.94,-2.25,-0.26,11.066,7.926,10.045,6.543,4.81,9.61,16.58,5.98,-0.0,0.007,0.008,0.53,0.22,-80.3065044,26.9271612,128.85
-13.7,11.1,0.0,23.96,2.86,-4.73,-8.22,-0.84,-0.54,-2.26,-0.31,4.827,12.361,8.868,4.621,11.67,8.44,7.95,10.1,0.0,0.006,0.007,0.4,0.17,-80.3064924,26.9271611,128.9
-11.1,11.1,0.0,24.06,1.39,-3.37,-7.4,0.88,0.16,-2.29,-0.33,11.174,6.955,9.692,8.093,16.48,9.32,4.61,16.38,0.0,0.007,0.007,0.49,0.2,-80.3064803,26.927161,128.95
-7.3,10.9,0.0,24.22,3.51,-3.3,-6.67,1.59,-0.47,-2.22,-0.33,8.839,10.036,6.367,8.898,13.24,9.22,0.29,7.55,-0.0,0.006,0.005,0.42,0.18,-80.3064682,26.9271608,129.0
-2.4,10.8,0.0,24.31,2.09,-2.88,-4.63,2.56,-0.71,-2.14,-0.37,8.623,6.838,9.329,8.476,5.1,7.65,15.5,14.13,0.0,0.005,0.004,0.43,0.18,-80.306456,26.9271604,129.05
-0.1,10.6,0.0,24.43,1.71,-1.67,-2.17,3.26,-0.91,-1.99,-0.41,5.709,9.31,11.085,9.467,7.85,9.12,20.9,12.95,0.001,0.005,0.003,0.44,0.19,-80.3064438,26.9271601,129.1
4.2,10.4,0.0,24.55,2.15,-0.62,-0.41,2.13,0.96,-1.89,-0.39,11.125,10.193,12.204,8.741,13.44,13.83,20.11,4.61,0.001,0.005,0.002,0.36,0.16,-80.3064315,26.9271597,129.15
9.6,10.2,0.0,24.66,3.1,1.25,1.84,3.64,-0.2,-1.75,-0.38,7.22,9.947,10.153,6.318,10.3,13.24,16.48,20.6,0.001,0.003,0.002,0.41,0.17,-80.3064191,26.9271593,129.2
13.0,10.0,0.0,24.76,2.24,1.28,4.43,5.92,-0.61,-1.5,-0.39,10.928,7.151,6.573,6.612,7.26,7.36,7.16,17.85,0.001,0.002,0.0,0.31,0.13,-80.3064067,26.9271589,129.25
16.1,9.8,0.0,24.86,2.17,0.6,6.46,4.14,-1.06,-1.31,-0.46,7.505,11.242,6.965,8.917,13.24,7.46,7.46,17.95,0.002,0.001,-0.002,0.21,0.09,-80.3063941,26.9271586,129.3
19.1,9.5,0.0,24.94,1.68,3.45,8.39,4.6,-0.9,-1.12,-0.51,8.8,7.819,6.896,10.467,13.15,13.24,12.36,10.3,0.003,0.001,-0.004,0.23,0.1,-80.3063816,26.9271584,129.35
22.0,9.2,0.0,25.0,1.05,2.52,10.18,1.79,1.08,-1.05,-0.47,9.869,7.397,7.357,7.573,12.26,8.93,14.62,5.69,0.004,0.0,-0.004,0.07,0.03,-80.306369,26.9271582,129.4
25.9,8.8,0.0,25.11,2.26,5.63,11.08,1.46,-0.25,-0.98,-0.46,7.142,13.744,3.296,5.592,6.38,8.34,17.17,10.99,0.004,-0.0,-0.004,0.19,0.09,-80.3063564,26.927158,129.45
29.3,8.1,0.0,25.17,0.86,5.52,13.82,2.63,-0.65,-0.85,-0.46,10.624,7.23,8.044,7.976,13.64,6.08,10.99,17.46,0.004,-0.001,-0.005,0.17,0.08,-80.3063437,26.927158,129.5
31.8,7.5,0.0,25.24,2.17,4.95,15.61,3.04,-1.23,-0.68,-0.52,7.848,11.919,7.828,8.721,14.13,7.85,4.41,10.2,0.004,-0.002,-0.006,-0.01,-0.0,-80.306331,26.9271581,129.55
31.5,7.0,0.0,25.27,0.7,7.96,17.2,4.4,-1.36,-0.5,-0.58,6.563,7.995,12.066,8.044,3.83,13.54,5.2,2.55,0.004,-0.002,-0.008,0.01,0.01,-80.3063183,26.9271584,129.6
30.8,6.7,0.0,25.28,0.33,5.92,18.25,2.96,-0.38,-0.37,-0.6,10.134,11.909,10.359,9.192,5.79,10.59,11.67,10.69,0.004,-0.003,-0.009,-0.15,-0.07,-80.3063055,26.9271587,129.65
30.9,6.2,0.0,25.31,0.55,7.21,19.26,2.58,-2.38,-0.21,-0.71,8.878,10.281,10.565,10.31,12.65,10.4,20.5,25.9,0.004,-0.004,-0.009,-0.29,-0.13,-80.3062927,26.9271593,129.7
31.4,5.9,0.0,25.33,1.15,8.02,19.04,3.28,-1.91,-0.1,-0.79,9.8,10.104,7.495,10.82,14.22,10.79,8.83,25.51,0.004,-0.004,-0.01,-0.29,-0.13,-80.30628,26.92716,129.75
31.0,5.2,0.0,25.32,-0.22,7.22,18.8,-1.53,0.31,-0.12,-0.81,7.053,9.712,7.652,10.369,5.3,6.08,6.57,13.54,0.005,-0.004,-0.01,-0.41,-0.18,-80.3062672,26.927161,129.8
32.1,4.9,0.0,25.31,-0.48,8.1,18.28,2.59,0.74,-0.01,-0.8,7.72,7.593,7.23,11.743,14.03,8.93,8.63,14.72,0.006,-0.004,-0.009,-0.38,-0.17,-80.3062545,26.927162,129.85
31.8,4.7,0.0,25.28,-0.56,7.01,18.15,2.75,0.79,0.03,-0.76,9.123,9.192,9.673,10.34,8.93,8.63,9.61,2.16,0.006,-0.003,-0.009,-0.43,-0.19,-80.3062418,26.9271633,129.9
29.5,4.5,0.0,25.25,-0.22,8.38,18.93,0.82,0.57,0.07,-0.7,7.868,8.79,9.143,6.602,5.98,9.91,21.19,14.91,0.006,-0.004,-0.007,-0.48,-0.21,-80.3062291,26.9271648,129.95
27.9,4.3,0.0,25.22,-0.37,8.28,19.2,0.06,1.12,0.09,-0.67,9.682,11.821,7.308,9.545,14.42,9.61,16.87,16.87,0.006,-0.004,-0.007,-0.57,-0.25,-80.3062165,26.9271664,130.0
25.8,4.2,0.0,25.17,-0.59,6.15,18.68,-0.23,-1.09,0.12,-0.71,6.945,6.494,8.358,12.733,12.16,10.01,11.67,14.32,0.005,-0.004,-0.007,-0.65,-0.29,-80.3062039,26.9271681,130.05
25.1,4.1,0.0,25.13,-0.42,8.74,17.78,-0.7,-0.05,0.13,-0.73,7.093,11.586,8.78,10.359,8.14,10.5,4.71,8.14,0.005,-0.005,-0.008,-0.56,-0.25,-80.3061914,26.9271701,130.1
25.6,4.0,0.0,25.07,-0.95,8.6,16.57,-0.17,0.29,0.14,-0.74,8.957,10.31,9.074,12.007,5.0,7.75,7.46,7.36,0.005,-0.004,-0.008,-0.54,-0.24,-80.3061791,26.9271722,130.15
25.9,3.7,0.0,25.03,-0.51,7.82,16.39,2.75,1.11,0.19,-0.68,9.908,7.505,7.671,7.573,11.97,9.03,12.36,14.13,0.005,-0.004,-0.007,-0.51,-0.22,-80.3061666,26.9271745,130.2
25.9,3.6,0.0,24.98,-1.06,6.74,16.76,-0.18,0.96,0.18,-0.63,11.831,7.053,8.172,9.427,18.44,7.65,12.75,12.75,0.005,-0.004,-0.006,-0.54,-0.23,-80.3061543,26.927177,130.25
25.6,3.4,0.0,24.94,-0.04,5.89,16.64,2.09,-1.0,0.24,-0.66,4.002,15.274,9.682,9.182,6.87,14.62,16.28,9.03,0.005,-0.004,-0.006,-0.54,-0.24,-80.306142,26.9271796,130.3
24.3,3.3,0.0,24.84,-1.95,7.64,17.07,1.0,-0.09,0.28,-0.68,7.456,10.31,8.182,10.173,5.98,15.11,10.4,8.24,0.005,-0.004,-0.006,-0.48,-0.21,-80.3061298,26.9271823,130.35
24.3,3.3,0.0,24.78,-1.25,6.16,15.89,1.25,0.67,0.35,-0.66,9.486,6.445,8.692,10.575,10.89,5.2,7.85,5.49,0.005,-0.005,-0.007,-0.53,-0.23,-80.3061177,26.9271852,130.4
23.6,3.3,0.0,24.72,-1.42,7.65,15.42,-1.33,1.09,0.32,-0.64,9.741,10.497,5.68,9.241,9.91,5.59,2.35,14.72,0.005,-0.005,-0.006,-0.42,-0.18,-80.3061057,26.9271884,130.45
21.9,3.2,0.0,24.65,-0.73,7.88,15.52,0.41,0.21,0.33,-0.67,3.816,12.851,8.829,7.838,5.1,14.72,4.81,12.95,0.005,-0.004,-0.006,-0.32,-0.14,-80.3060938,26.9271915,130.5
21.4,3.2,0.0,24.59,-0.87,6.79,14.82,0.7,0.39,0.36,-0.67,10.546,9.084,7.22,8.211,9.22,8.44,16.58,17.66,0.005,-0.004,-0.006,-0.37,-0.16,-80.306082,26.9271949,130.55
19.8,3.1,0.0,24.5,-1.92,4.94,14.86,3.1,-0.87,0.39,-0.69,12.704,5.788,6.318,10.085,15.99,8.44,14.62,10.69,0.005,-0.004,-0.006,-0.39,-0.17,-80.3060702,26.9271983,130.6
18.3,3.1,0.0,24.45,-1.04,6.82,13.82,-0.29,0.3,0.4,-0.67,8.79,10.428,8.437,10.987,15.3,6.97,10.99,4.02,0.005,-0.004,-0.006,-0.39,-0.17,-80.3060585,26.927202,130.65
16.4,3.0,0.0,24.39,-0.72,4.7,12.58,-1.23,1.04,0.38,-0.63,5.17,12.213,9.702,7.936,5.89,13.64,7.36,9.71,0.004,-0.004,-0.005,-0.36,-0.15,-80.3060469,26.9272057,130.7
12.1,3.0,0.0,24.34,-1.12,4.44,11.96,-1.83,-0.19,0.35,-0.66,8.76,12.606,7.564,8.309,4.12,8.24,9.42,9.91,0.004,-0.004,-0.005,-0.28,-0.12,-80.3060353,26.9272096,130.75
11.5,3.1,0.0,24.26,-1.33,4.54,9.91,-1.12,0.32,0.31,-0.68,8.76,7.691,8.76,9.192,12.85,9.61,9.42,16.87,0.004,-0.003,-0.005,-0.29,-0.12,-80.3060239,26.9272135,130.8
9.9,3.1,0.0,24.22,-1.34,4.86,8.59,-0.3,0.84,0.27,-0.65,11.88,4.679,9.604,9.643,12.95,10.89,6.87,16.28,0.004,-0.003,-0.005,-0.13,-0.06,-80.3060126,26.9272175,130.85
6.6,3.1,0.0,24.17,-0.74,3.3,7.49,-0.52,2.43,0.23,-0.55,4.532,14.018,7.23,8.221,6.97,14.32,14.62,12.56,0.003,-0.002,-0.003,-0.14,-0.06,-80.3060013,26.9272216,130.9
4.3,3.1,0.0,24.09,-1.67,2.35,6.36,-1.91,0.99,0.13,-0.5,10.242,10.771,7.191,8.221,8.93,8.93,16.97,9.12,0.003,-0.002,-0.002,-0.22,-0.09,-80.30599,26.9272259,130.95
-0.9,3.0,0.0,24.08,-0.26,3.46,4.83,-0.61,-0.36,0.02,-0.47,8.809,14.431,8.074,8.584,9.12,8.44,19.62,11.48,0.002,-0.002,-0.0,-0.06,-0.02,-80.3059788,26.9272301,131.0
-1.9,3.0,0.0,24.02,-0.92,0.76,2.21,-3.94,0.1,-0.17,-0.46,8.446,7.966,7.328,7.828,17.76,9.22,16.09,10.3,0.002,-0.001,-0.0,-0.17,-0.07,-80.3059677,26.9272344,131.05
-4.8,3.1,0.0,23.97,-0.56,0.05,0.16,-3.63,1.32,-0.31,-0.41,10.575,8.839,9.545,8.309,7.55,15.21,7.26,7.36,0.001,-0.001,0.0,-0.06,-0.03,-80.3059566,26.9272387,131.1
-9.1,3.2,0.0,23.92,-0.54,-1.51,-1.97,-3.84,2.18,-0.45,-0.3,10.222,7.485,7.534,8.584,0.88,9.12,10.5,13.93,0.001,-0.0,0.002,-0.13,-0.05,-80.3059455,26.9272429,131.15
-10.8,3.3,0.0,23.88,-0.81,-1.87,-3.98,-4.79,1.69,-0.67,-0.24,12.302,3.306,10.222,8.996,15.6,6.28,3.73,14.13,0.001,0.0,0.003,-0.09,-0.04,-80.3059344,26.9272472,131.2
-14.7,3.3,0.0,23.83,-0.83,-2.12,-5.51,-4.45,1.44,-0.87,-0.15,8.044,8.711,5.464,8.839,16.97,10.5,2.55,16.19,0.0,0.001,0.005,-0.09,-0.04,-80.3059234,26.9272514,131.25
-17.6,3.3,0.0,23.79,-0.86,-3.02,-7.75,-3.2,1.01,-1.05,-0.09,11.046,3.669,9.212,7.662,9.42,11.48,12.56,10.2,-0.001,0.001,0.006,-0.04,-0.02,-80.3059124,26.9272554,131.3
-20.5,3.4,0.0,23.76,-0.5,-3.3,-9.28,-3.74,0.89,-1.23,-0.05,6.867,11.036,9.565,8.741,3.14,9.12,21.09,12.75,-0.001,0.002,0.007,0.01,0.01,-80.3059013,26.9272595,131.35
-26.9,3.5,0.0,23.72,-1.0,-5.47,-11.25,-2.36,1.18,-1.34,-0.0,7.426,13.803,8.437,7.956,7.26,4.71,11.87,9.52,-0.002,0.002,0.007,0.05,0.02,-80.3058903,26.9272636,131.4
-31.7,3.8,0.0,23.67,-1.18,-5.43,-13.51,-2.45,1.37,-1.51,0.05,9.261,9.761,8.446,7.416,12.46,7.36,11.87,8.93,-0.002,0.003,0.008,0.11,0.05,-80.3058792,26.9272675,131.45
-37.8,3.9,0.0,23.63,-0.65,-5.86,-15.97,-2.09,0.7,-1.61,0.08,8.28,13.636,8.093,7.485,10.4,9.32,12.85,11.09,-0.003,0.004,0.009,0.12,0.05,-80.3058682,26.9272713,131.5
-42.9,4.0,0.0,23.59,-1.03,-5.48,-18.95,-1.68,1.1,-1.72,0.11,7.093,14.568,11.154,7.348,7.06,9.03,5.49,6.47,-0.003,0.004,0.01,0.28,0.11,-80.3058571,26.9272749,131.55
-43.5,4.2,0.0,23.53,-1.79,-8.53,-20.61,-4.08,2.43,-1.88,0.17,10.016,11.154,11.87,7.475,5.59,11.09,4.81,2.65,-0.003,0.006,0.012,0.35,0.15,-80.3058459,26.9272784,131.6
-44.2,4.3,0.0,23.48,-1.27,-8.47,-21.43,-1.35,2.8,-1.91,0.25,9.604,10.928,5.925,8.201,11.48,2.35,11.38,6.67,-0.002,0.007,0.013,0.43,0.18,-80.3058348,26.9272818,131.65
-44.2,4.4,0.0,23.43,-0.63,-6.89,-21.55,0.54,3.76,-1.95,0.39,9.015,13.989,7.102,5.562,11.58,8.44,13.54,26.59,-0.003,0.007,0.015,0.66,0.27,-80.3058236,26.927285,131.7
-43.3,4.4,0.0,23.37,-1.25,-7.15,-23.02,-1.39,3.03,-2.04,0.5,9.722,13.744,9.378,7.613,7.36,8.24,12.07,12.46,-0.003,0.007,0.017,0.88,0.36,-80.3058124,26.9272879,131.75
-42.0,4.5,0.0,23.33,-0.67,-7.15,-23.05,0.16,1.04,-2.06,0.53,9.888,14.705,10.134,7.348,5.89,12.16,12.36,13.54,-0.003,0.008,0.018,1.03,0.42,-80.3058011,26.9272908,131.8
-39.5,4.5,0.0,23.28,-0.99,-8.2,-22.84,-0.31,1.49,-2.08,0.55,8.643,12.89,12.253,5.464,9.52,14.03,20.8,11.09,-0.003,0.008,0.018,1.14,0.46,-80.3057899,26.9272935,131.85
-35.4,4.6,0.0,23.24,-0.25,-7.09,-21.2,1.79,2.37,-2.0,0.61,11.958,10.683,10.614,9.418,14.81,13.64,12.07,17.76,-0.003,0.008,0.018,1.23,0.5,-80.3057786,26.9272959,131.9
-34.6,4.6,0.0,23.19,-0.03,-7.7,-19.07,2.73,1.98,-1.94,0.7,10.448,12.586,9.476,7.201,9.71,7.55,7.95,9.42,-0.003,0.008,0.018,1.19,0.48,-80.3057673,26.9272982,131.95
-32.7,4.6,0.0,23.14,-0.4,-9.31,-18.9,2.85,2.63,-1.83,0.82,5.896,15.843,7.701,8.044,5.0,10.79,-1.37,15.11,-0.002,0.008,0.019,1.12,0.45,-80.3057559,26.9273003,132.0
-32.2,4.7,0.0,23.1,-0.75,-7.88,-17.45,1.93,2.25,-1.74,0.91,9.928,9.496,6.2,5.219,2.94,5.4,1.96,15.4,-0.003,0.008,0.018,1.06,0.43,-80.3057444,26.9273021,132.05
-32.2,4.7,0.0,23.1,0.33,-6.74,-16.35,0.67,1.14,-1.7,0.94,6.553,12.645,9.143,7.907,1.67,9.12,5.0,8.73,-0.003,0.008,0.018,1.06,0.43,-80.305733,26.9273039,132.1
-33.6,4.7,0.0,23.09,-0.0,-8.37,-15.61,2.63,-0.38,-1.58,0.9,9.241,11.125,9.467,9.261,13.15,12.36,2.84,4.61,-0.003,0.008,0.017,0.86,0.35,-80.3057216,26.9273055,132.15
-37.5,4.8,0.0,23.06,-0.37,-7.13,-15.53,3.37,-0.39,-1.49,0.86,13.656,7.711,10.938,9.928,12.75,12.16,-4.32,5.79,-0.003,0.008,0.016,0.76,0.31,-80.3057102,26.9273068,132.2
-39.6,4.9,0.0,23.05,-0.33,-7.04,-15.89,1.51,-0.19,-1.4,0.86,13.597,4.424,6.533,6.367,5.0,5.0,12.07,7.55,-0.003,0.007,0.015,0.51,0.2,-80.3056987,26.9273081,132.25
-43.0,5.0,0.0,23.03,-0.58,-8.99,-16.66,0.8,-0.14,-1.36,0.82,6.838,9.722,9.113,7.201,8.53,10.3,18.15,8.73,-0.003,0.007,0.014,0.31,0.12,-80.3056872,26.9273092,132.3
-44.4,5.2,0.0,23.02,-0.04,-8.94,-17.8,1.31,0.72,-1.31,0.86,11.174,7.711,10.781,7.701,14.52,10.59,21.78,15.4,-0.003,0.007,0.014,0.32,0.13,-80.3056757,26.92731,132.35
-45.5,5.3,0.0,23.04,0.34,-8.01,-19.03,-1.61,1.36,-1.34,0.89,12.606,3.767,11.448,7.887,18.74,13.05,20.21,17.56,-0.003,0.007,0.014,0.35,0.14,-80.3056643,26.9273107,132.4
-49.5,5.3,0.0,23.01,-0.04,-5.47,-20.82,-1.31,0.86,-1.39,0.9,9.349,7.259,10.82,6.622,9.42,18.15,4.22,15.6,-0.003,0.008,0.015,0.53,0.21,-80.3056528,26.9273113,132.45
-54.9,5.3,0.0,23.0,-0.22,-9.48,-21.5,-0.41,0.58,-1.43,0.93,11.958,9.604,8.064,8.888,7.95,16.09,11.58,9.91,-0.003,0.008,0.015,0.52,0.21,-80.3056413,26.9273117,132.5
-61.0,5.4,0.0,23.0,-0.17,-9.54,-23.62,-1.3,1.2,-1.53,0.95,10.016,4.689,9.359,9.741,8.44,9.91,2.45,12.46,-0.003,0.008,0.015,0.61,0.24,-80.3056298,26.9273119,132.55
-63.3,5.4,0.0,23.02,0.6,-9.01,-25.17,-0.03,0.45,-1.6,0.97,11.488,3.895,8.437,6.739,17.27,9.03,5.2,16.58,-0.003,0.008,0.016,0.85,0.34,-80.3056183,26.9273119,132.6
-60.8,5.3,0.0,22.99,-0.73,-10.74,-25.67,0.08,0.9,-1.66,0.99,11.998,9.104,7.436,7.887,14.72,13.44,5.59,13.83,-0.003,0.009,0.016,0.87,0.35,-80.3056068,26.9273118,132.65
-56.8,5.3,0.0,22.96,-0.5,-10.46,-25.93,-1.45,1.89,-1.79,1.05,11.38,5.974,7.917,6.779,10.99,11.38,14.32,10.2,-0.003,0.009,0.018,1.03,0.41,-80.3055953,26.9273113,132.7
-51.8,5.4,0.0,22.98,0.67,-10.88,-26.53,-1.41,0.55,-1.84,1.06,10.124,8.878,8.152,8.123,5.4,14.91,15.21,1.08,-0.004,0.009,0.018,1.26,0.51,-80.3055838,26.9273108,132.75
-49.4,5.4,0.0,22.97,0.39,-8.46,-26.25,2.75,-0.2,-1.79,1.04,10.565,12.449,10.585,6.141,12.85,9.32,22.46,10.2,-0.004,0.009,0.018,1.48,0.59,-80.3055724,26.92731,132.8
-48.0,5.3,0.0,22.95,-0.32,-10.81,-25.37,0.21,0.1,-1.84,1.0,8.878,11.115,12.027,6.278,13.54,7.65,23.15,-1.28,-0.004,0.009,0.018,1.5,0.6,-80.3055609,26.927309,132.85
-44.9,5.4,0.0,22.94,-0.11,-9.45,-23.9,0.61,-0.01,-1.84,0.94,12.773,8.505,10.732,7.956,12.26,10.2,17.36,3.43,-0.004,0.009,0.018,1.58,0.63,-80.3055495,26.9273078,132.9
-45.5,5.4,0.0,22.93,1.02,-7.65,-22.22,3.4,0.61,-1.72,0.95,8.044,16.373,10.958,5.013,10.3,6.08,8.44,11.28,-0.004,0.009,0.018,1.55,0.62,-80.3055383,26.9273063,132.95
-44.5,5.4,0.0,22.88,-1.51,-10.22,-20.42,-0.84,1.63,-1.72,0.99,8.034,14.185,9.074,7.063,1.96,8.63,3.24,23.84,-0.004,0.009,0.018,1.39,0.56,-80.305527,26.9273047,133.0
-44.4,5.5,0.0,22.86,-1.03,-9.86,-20.54,0.83,1.11,-1.63,1.01,9.31,8.025,8.986,8.643,8.44,6.18,-0.69,22.17,-0.004,0.009,0.018,1.28,0.51,-80.3055157,26.9273029,133.05
-45.7,5.7,0.0,22.84,0.27,-9.64,-20.5,3.5,0.5,-1.47,1.02,10.33,9.015,8.201,7.632,12.85,9.22,7.16,17.76,-0.004,0.009,0.018,1.16,0.46,-80.3055044,26.9273008,133.1
-47.9,5.7,0.0,22.81,-0.13,-11.92,-19.6,1.24,0.57,-1.4,1.02,7.789,13.479,7.858,9.526,16.58,13.24,8.14,8.14,-0.004,0.009,0.017,0.94,0.37,-80.3054933,26.9272986,133.15
-50.4,5.8,0.0,22.81,0.13,-9.14,-20.87,2.68,-0.43,-1.31,0.98,11.468,4.846,9.074,9.172,12.36,3.04,13.93,8.93,-0.004,0.008,0.017,1.03,0.41,-80.3054822,26.9272962,133.2
-50.4,6.0,0.0,22.81,-0.0,-9.27,-21.03,0.97,-0.35,-1.26,0.91,10.663,4.689,7.446,4.866,7.75,11.48,17.66,9.22,-0.004,0.008,0.016,0.88,0.35,-80.3054711,26.9272936,133.25
-51.6,6.1,0.0,22.82,-0.34,-10.12,-20.62,2.51,-1.05,-1.12,0.82,7.691,10.114,7.446,6.632,10.89,14.32,15.21,7.95,-0.004,0.008,0.016,0.69,0.28,-80.3054601,26.9272907,133.3
-52.7,6.3,0.0,22.8,0.09,-9.63,-20.81,4.1,-1.07,-1.07,0.78,11.556,6.151,6.681,6.71,13.34,13.34,19.72,15.7,-0.004,0.008,0.016,0.74,0.3,-80.3054492,26.9272877,133.35
-53.5,6.7,0.0,22.81,0.49,-7.68,-21.82,1.17,0.23,-1.0,0.77,11.105,5.199,12.625,8.594,17.85,14.62,22.27,5.89,-0.004,0.008,0.015,0.74,0.3,-80.3054383,26.9272845,133.4
-53.8,7.1,0.0,22.84,1.23,-7.37,-21.79,-1.13,-0.08,-0.96,0.74,10.045,7.377,11.998,6.249,5.59,13.73,16.38,6.57,-0.004,0.008,0.015,0.77,0.31,-80.3054276,26.9272812,133.45
-53.3,7.5,0.0,22.82,-0.04,-9.68,-22.04,1.1,-0.46,-0.9,0.69,10.094,12.076,9.104,6.023,7.06,11.87,10.79,10.89,-0.004,0.008,0.015,0.68,0.27,-80.3054169,26.9272776,133.5
-52.4,7.9,0.0,22.82,-0.2,-10.6,-22.77,0.47,0.02,-0.87,0.68,10.016,7.338,10.977,9.133,7.55,3.73,5.3,16.97,-0.004,0.008,0.015,0.74,0.3,-80.3054063,26.9272739,133.55
-52.3,8.3,0.0,22.92,1.92,-9.79,-23.78,2.72,-1.16,-0.73,0.61,12.263,8.054,6.053,6.945,13.05,8.63,3.14,7.06,-0.004,0.009,0.014,0.82,0.33,-80.3053957,26.92727,133.6
-51.7,8.5,0.0,22.96,1.44,-7.36,-23.89,0.43,-1.89,-0.69,0.53,10.673,13.44,11.213,6.426,14.22,12.75,-2.94,19.42,-0.003,0.009,0.014,0.97,0.39,-80.3053852,26.9272658,133.65
-51.9,8.7,0.0,23.01,0.48,-8.95,-23.67,-0.38,0.76,-0.67,0.52,8.456,7.858,8.034,5.091,8.53,14.32,16.68,16.87,-0.003,0.009,0.014,1.02,0.41,-80.3053747,26.9272615,133.7
-51.2,8.8,0.0,23.11,2.78,-7.56,-23.58,0.24,-0.02,-0.65,0.46,10.045,5.602,7.201,6.17,7.75,15.11,8.53,13.54,-0.003,0.009,0.014,1.21,0.49,-80.3053643,26.927257,133.75
-50.2,8.9,0.0,23.13,0.45,-9.0,-23.98,1.04,-0.75,-0.61,0.43,9.692,8.505,7.868,8.721,8.14,16.58,18.34,17.66,-0.003,0.009,0.014,1.18,0.48,-80.305354,26.9272523,133.8
-48.7,9.0,0.0,23.19,1.34,-11.1,-24.51,1.69,0.19,-0.6,0.42,12.508,3.139,9.987,5.758,9.12,10.69,18.15,9.22,-0.003,0.009,0.014,1.2,0.48,-80.3053438,26.9272474,133.85
-46.9,9.1,0.0,23.27,1.55,-8.57,-24.84,0.24,-1.18,-0.57,0.34,7.671,11.978,10.153,10.036,16.58,11.18,24.43,13.54,-0.003,0.009,0.014,1.3,0.53,-80.3053337,26.9272424,133.9
-44.7,9.2,0.0,23.33,1.41,-9.33,-24.43,-0.1,-0.95,-0.58,0.29,10.693,9.104,12.459,5.749,13.83,8.14,14.62,-0.1,-0.003,0.009,0.014,1.33,0.54,-80.3053236,26.927237,133.95
-42.7,9.3,0.0,23.42,2.04,-6.38,-23.85,-0.8,-0.61,-0.56,0.26,10.467,9.83,15.804,9.702,13.05,6.47,6.57,15.21,-0.003,0.009,0.014,1.49,0.61,-80.3053136,26.9272316,134.0
-42.5,9.5,0.0,23.49,2.39,-9.15,-22.25,0.62,-0.95,-0.45,0.2,6.484,14.038,9.084,6.063,12.75,10.59,15.3,7.26,-0.003,0.009,0.014,1.48,0.61,-80.3053037,26.9272259,134.05
-42.0,9.7,0.0,23.54,1.14,-9.0,-22.65,-1.76,-1.86,-0.48,0.12,12.812,8.182,4.983,6.867,14.91,11.58,14.52,4.32,-0.004,0.009,0.014,1.42,0.58,-80.3052939,26.92722,134.1
-41.9,9.8,0.0,23.63,1.99,-8.28,-22.52,0.86,-2.16,-0.45,0.01,11.066,6.21,10.026,8.957,10.4,7.75,12.36,16.28,-0.004,0.009,0.014,1.4,0.58,-80.3052843,26.927214,134.15
-41.4,9.9,0.0,23.71,1.68,-11.76,-21.13,0.15,-0.79,-0.45,-0.08,12.547,4.042,8.093,5.415,10.2,10.79,19.82,10.69,-0.004,0.009,0.013,1.22,0.5,-80.3052747,26.9272077,134.2
-39.0,10.0,0.0,23.78,1.95,-9.33,-20.53,-1.04,-1.48,-0.44,-0.15,5.837,14.254,10.948,5.376,8.34,8.44,16.38,13.83,-0.003,0.009,0.013,1.24,0.52,-80.3052652,26.9272012,134.25
-34.4,10.0,0.0,23.85,1.68,-6.6,-20.22,2.05,-0.3,-0.36,-0.19,8.711,9.369,15.49,10.634,14.81,10.3,10.4,13.34,-0.003,0.009,0.013,1.3,0.54,-80.3052558,26.9271946,134.3
-32.2,10.1,0.0,23.95,2.67,-7.9,-18.62,1.29,-1.26,-0.24,-0.25,10.958,9.457,14.264,7.299,8.63,11.97,6.67,24.82,-0.004,0.009,0.013,1.22,0.51,-80.3052466,26.9271878,134.35
-31.3,10.3,0.0,24.04,1.85,-9.5,-17.34,2.36,-1.99,-0.06,-0.38,12.233,6.131,10.359,5.739,6.47,2.55,7.75,3.34,-0.003,0.008,0.011,0.98,0.41,-80.3052375,26.9271807,134.4
-32.1,10.5,0.0,24.13,2.35,-8.51,-15.36,2.68,-2.4,0.09,-0.5,9.79,13.95,8.201,8.201,11.67,9.12,8.63,4.61,-0.003,0.008,0.01,0.91,0.38,-80.3052284,26.9271736,134.45
-33.7,10.8,0.0,24.22,2.18,-6.5,-14.74,3.55,-1.09,0.2,-0.54,11.576,6.749,11.331,8.78,14.91,11.48,15.4,13.24,-0.003,0.008,0.009,0.74,0.31,-80.3052195,26.9271663,134.5
-35.2,11.2,0.0,24.34,3.81,-7.83,-14.6,2.06,-1.49,0.23,-0.59,9.594,8.662,11.017,7.514,9.03,11.09,11.87,15.4,-0.002,0.008,0.009,0.53,0.22,-80.3052106,26.9271587,134.55
-37.5,11.5,0.0,24.42,1.96,-8.35,-16.01,-0.98,-0.17,0.25,-0.63,10.958,5.651,9.202,5.621,11.67,5.0,10.2,6.47,-0.002,0.008,0.009,0.48,0.2,-80.3052018,26.9271511,134.6
-39.7,11.8,0.0,24.53,2.64,-7.42,-15.89,-0.12,-0.77,0.27,-0.67,7.534,10.144,9.682,3.237,11.38,5.3,3.53,5.69,-0.001,0.008,0.009,0.42,0.18,-80.3051931,26.9271434,134.65
-40.4,12.0,0.0,24.61,0.69,-8.04,-17.49,-1.49,0.1,0.23,-0.65,12.606,8.907,10.418,7.613,14.03,12.75,2.84,15.7,-0.001,0.008,0.009,0.42,0.18,-80.3051846,26.9271355,134.7
-41.0,12.2,0.0,24.74,2.67,-6.0,-18.2,-2.42,0.36,0.18,-0.63,11.527,8.731,7.858,4.179,9.71,14.03,11.28,7.65,-0.002,0.009,0.009,0.58,0.25,-80.305176,26.9271273,134.75
-41.1,12.3,0.0,24.85,2.8,-6.59,-19.69,-0.05,-0.7,0.19,-0.67,11.262,9.094,5.131,6.504,9.71,5.59,12.16,7.26,-0.001,0.009,0.009,0.71,0.31,-80.3051676,26.9271192,134.8
-40.0,12.4,0.0,24.94,0.79,-9.75,-19.51,-1.45,0.68,0.15,-0.64,8.554,7.75,10.144,6.22,12.85,8.14,21.78,3.53,-0.001,0.009,0.009,0.72,0.31,-80.3051593,26.9271108,134.85
-39.9,12.4,0.0,25.06,3.2,-6.19,-19.78,-0.4,1.45,0.12,-0.58,8.466,9.81,8.525,5.366,8.63,8.63,10.69,4.61,-0.001,0.009,0.01,0.82,0.36,-80.305151,26.9271024,134.9
-37.6,12.6,0.0,25.16,2.42,-8.07,-20.47,-0.33,1.22,0.12,-0.52,6.622,11.694,12.135,5.405,1.96,11.97,-3.73,17.46,-0.001,0.01,0.01,0.93,0.41,-80.305143,26.9270936,134.95
-35.9,12.6,0.0,25.26,2.29,-8.6,-20.18,0.07,0.61,0.14,-0.48,10.663,5.768,6.141,8.034,13.15,12.65,2.84,5.69,-0.001,0.01,0.01,0.98,0.43,-80.3051351,26.9270849,135.0
-35.5,12.9,0.0,25.38,3.46,-8.91,-20.07,-0.36,-0.88,0.09,-0.47,10.997,9.094,5.964,4.061,15.89,12.85,16.78,11.38,-0.001,0.009,0.011,1.0,0.44,-80.3051272,26.9270759,135.05
-34.0,13.2,0.0,25.47,2.45,-5.62,-19.93,-0.43,-0.6,0.05,-0.47,11.478,5.808,9.172,10.614,7.06,11.18,21.68,10.59,-0.001,0.009,0.011,1.18,0.52,-80.3051195,26.9270668,135.1
-32.8,13.7,0.0,25.57,1.57,-8.1,-18.57,-2.13,0.71,-0.01,-0.46,8.711,13.616,12.243,4.13,15.89,13.93,14.62,6.18,-0.001,0.01,0.011,1.17,0.52,-80.3051119,26.9270575,135.15
-32.2,14.0,0.0,25.67,2.24,-9.61,-17.48,-1.76,0.57,-0.03,-0.46,10.919,4.503,10.153,10.085,11.58,5.89,2.35,7.46,-0.001,0.01,0.011,1.06,0.47,-80.3051046,26.9270481,135.2
-28.3,14.2,0.0,25.79,2.11,-7.97,-16.5,-1.07,0.85,-0.02,-0.42,4.473,13.273,4.65,0.687,2.45,10.4,9.42,8.34,-0.001,0.01,0.011,1.0,0.45,-80.3050973,26.9270386,135.25
-26.1,14.6,0.0,25.91,2.53,-7.16,-15.87,3.8,-0.38,0.12,-0.43,5.552,11.144,7.024,6.945,11.48,11.87,18.84,12.75,-0.001,0.01,0.01,1.08,0.49,-80.3050901,26.9270288,135.3
-26.1,14.9,0.0,26.04,2.79,-6.82,-15.6,-0.0,-0.44,0.17,-0.46,13.008,5.013,6.161,8.888,12.16,3.24,7.26,26.39,-0.001,0.009,0.01,0.98,0.45,-80.305083,26.927019,135.35
-25.4,15.5,0.0,26.17,2.81,-8.74,-13.37,0.02,-0.2,0.17,-0.47,7.877,12.086,5.376,5.346,7.55,10.59,3.63,6.28,-0.001,0.009,0.009,0.89,0.41,-80.3050762,26.927009,135.4
-25.8,16.1,0.0,26.26,2.08,-6.21,-12.33,1.76,0.58,0.21,-0.46,7.72,3.698,9.398,7.416,15.6,12.75,22.07,10.79,-0.001,0.009,0.009,0.78,0.36,-80.3050694,26.926999,135.45
-27.4,17.1,0.0,26.41,3.09,-6.06,-11.74,-0.96,0.31,0.25,-0.44,12.675,8.142,10.114,6.632,12.75,7.55,24.13,5.49,-0.001,0.009,0.009,0.67,0.31,-80.3050628,26.9269886,135.5
-27.3,17.7,0.0,26.53,2.79,-6.06,-12.62,0.51,-0.02,0.29,-0.42,9.025,10.899,6.995,5.258,10.69,8.53,6.67,12.46,-0.001,0.009,0.009,0.58,0.27,-80.3050562,26.9269783,135.55
-27.1,18.1,0.0,26.64,2.52,-4.89,-13.29,1.0,-0.05,0.31,-0.42,7.318,5.945,3.031,9.781,13.34,11.67,-1.57,12.36,-0.0,0.009,0.009,0.65,0.3,-80.3050497,26.9269678,135.6
-27.9,18.4,0.0,26.78,2.58,-6.13,-13.38,-1.84,1.49,0.33,-0.38,9.938,14.185,8.437,8.603,8.63,6.87,12.56,11.28,-0.0,0.009,0.008,0.53,0.25,-80.3050435,26.9269573,135.65
-27.6,18.6,0.0,26.9,1.65,-6.9,-13.62,0.67,0.23,0.33,-0.38,7.74,10.634,6.318,5.376,11.97,9.22,9.22,0.98,-0.0,0.009,0.008,0.57,0.27,-80.3050372,26.9269466,135.7
-26.9,18.8,0.0,27.02,1.92,-5.91,-13.97,-1.12,0.07,0.31,-0.38,8.574,7.799,11.831,5.582,9.03,13.73,8.53,11.28,-0.0,0.009,0.008,0.6,0.29,-80.3050311,26.9269357,135.75
-27.5,19.4,0.0,27.15,2.29,-8.36,-13.68,-2.37,1.72,0.26,-0.35,8.27,6.386,7.613,7.279,5.98,5.79,17.66,17.56,-0.001,0.009,0.008,0.56,0.27,-80.3050251,26.9269247,135.8
-27.2,19.8,0.0,27.28,3.01,-8.06,-13.74,1.47,0.69,0.31,-0.32,7.789,9.202,4.522,7.681,10.3,11.58,19.33,13.05,-0.001,0.009,0.008,0.61,0.29,-80.3050192,26.9269137,135.85
-26.7,20.2,0.0,27.42,3.49,-4.98,-14.2,-0.78,-1.66,0.31,-0.38,8.809,4.395,9.761,8.545,4.12,13.34,4.32,18.05,-0.001,0.009,0.008,0.7,0.33,-80.3050135,26.9269026,135.9
-27.0,20.5,0.0,27.53,2.57,-7.63,-13.93,1.21,-0.89,0.34,-0.39,5.847,6.063,5.209,5.749,13.15,7.46,7.16,6.57,-0.0,0.008,0.008,0.62,0.3,-80.3050079,26.9268913,135.95
-27.3,21.2,0.0,27.64,3.46,-5.7,-13.38,1.15,0.5,0.3,-0.35,6.602,9.732,1.334,5.503,14.32,12.36,13.15,14.91,0.0,0.009,0.008,0.7,0.34,-80.3050023,26.9268798,136.0
-26.3,21.7,0.0,27.76,3.04,-6.73,-13.46,-1.84,1.1,0.24,-0.27,5.513,8.28,7.053,4.591,10.59,13.05,10.5,17.85,-0.0,0.009,0.008,0.61,0.3,-80.3049969,26.9268683,136.05
-26.4,22.2,0.0,27.89,2.82,-7.76,-14.54,-0.2,-1.25,0.25,-0.3,3.679,7.22,10.987,5.621,9.52,16.68,3.14,15.11,-0.0,0.009,0.008,0.62,0.3,-80.3049918,26.9268568,136.1
-26.4,22.4,0.0,28.02,2.49,-7.77,-13.9,-0.96,-0.05,0.21,-0.31,8.515,2.619,8.466,5.69,3.34,8.14,16.28,3.53,-0.001,0.009,0.008,0.64,0.31,-80.3049866,26.9268451,136.15
-25.5,22.7,0.0,28.12,1.98,-6.76,-13.89,1.62,-1.58,0.19,-0.34,7.652,5.199,12.606,5.886,13.24,9.32,6.57,16.09,-0.001,0.008,0.008,0.68,0.33,-80.3049816,26.9268333,136.2
-24.0,22.9,0.0,28.26,2.65,-6.96,-13.37,0.42,-0.7,0.21,-0.38,6.671,8.25,9.614,5.945,9.52,10.1,10.4,7.95,-0.001,0.009,0.007,0.69,0.34,-80.3049767,26.9268213,136.25
-23.4,22.9,0.0,28.37,2.28,-8.31,-12.03,1.31,2.11,0.28,-0.33,6.926,12.204,9.035,7.613,13.54,4.61,18.34,6.77,-0.0,0.009,0.007,0.69,0.34,-80.3049721,26.9268093,136.3
-23.4,23.0,0.0,28.49,2.46,-5.31,-11.75,-0.31,2.68,0.29,-0.24,7.907,12.557,4.297,5.189,7.75,14.32,8.04,22.86,-0.0,0.009,0.009,0.63,0.31,-80.3049675,26.9267972,136.35
-23.5,23.1,0.0,28.63,2.73,-6.3,-12.59,2.31,-0.48,0.41,-0.26,6.004,11.576,5.739,6.867,9.22,11.58,18.64,10.89,0.0,0.009,0.008,0.62,0.31,-80.3049631,26.926785,136.4
-23.4,23.2,0.0,28.75,3.2,-5.87,-12.27,-0.75,0.03,0.37,-0.27,9.28,5.572,8.711,9.496,4.12,11.58,24.72,7.16,-0.0,0.009,0.008,0.67,0.33,-80.3049587,26.9267726,136.45
-22.9,24.0,0.0,28.86,2.5,-5.28,-12.33,1.38,-1.16,0.35,-0.27,11.125,6.367,5.758,2.747,13.05,3.73,6.28,19.13,-0.001,0.008,0.008,0.66,0.33,-80.3049546,26.9267603,136.5
-23.2,24.4,0.0,28.99,3.31,-8.85,-12.11,-1.53,0.2,0.31,-0.24,10.732,9.977,8.535,6.092,11.97,11.28,24.92,15.6,-0.001,0.008,0.008,0.55,0.28,-80.3049505,26.9267477,136.55
-22.9,25.0,0.0,29.09,1.6,-5.24,-12.0,-1.53,1.14,0.33,-0.23,10.507,9.604,7.907,3.492,13.93,12.36,13.05,-0.39,-0.001,0.008,0.007,0.66,0.33,-80.3049466,26.9267351,136.6
-22.6,25.9,0.0,29.22,2.01,-5.51,-11.82,-1.15,0.52,0.36,-0.24,8.78,6.867,5.356,8.898,7.75,8.83,-3.24,15.99,-0.001,0.008,0.008,0.68,0.34,-80.3049427,26.9267224,136.65
-22.4,26.9,0.0,29.36,2.51,-6.08,-11.88,0.09,-1.15,0.42,-0.27,10.144,8.564,6.151,8.162,12.75,8.04,22.27,20.31,0.0,0.008,0.008,0.65,0.33,-80.3049391,26.9267097,136.7
-22.6,28.1,0.0,29.49,3.2,-3.8,-11.86,2.77,-1.56,0.46,-0.29,8.466,8.064,8.201,6.847,4.12,14.13,-1.77,11.18,0.0,0.009,0.007,0.73,0.38,-80.3049356,26.9266968,136.75
-21.4,29.5,0.0,29.59,2.21,-8.07,-11.22,-1.61,1.11,0.41,-0.23,10.693,8.731,4.571,5.641,13.83,14.03,16.87,2.84,0.001,0.009,0.007,0.57,0.29,-80.3049322,26.9266839,136.8
-20.1,30.7,0.0,29.75,3.61,-3.32,-11.81,1.61,-0.5,0.44,-0.25,2.904,12.596,7.73,2.815,2.94,13.24,13.05,5.49,0.0,0.008,0.008,0.71,0.37,-80.3049289,26.9266708,136.85
-18.3,32.2,0.0,29.87,3.61,-7.32,-11.46,-0.2,-0.96,0.4,-0.24,14.95,6.612,6.112,4.993,17.17,5.69,2.35,15.5,-0.0,0.008,0.007,0.64,0.33,-80.3049257,26.9266577,136.9
-18.6,33.4,0.0,29.98,2.73,-6.94,-10.66,0.32,-1.69,0.36,-0.3,6.318,12.204,6.259,2.933,8.14,16.78,18.05,9.71,-0.001,0.008,0.007,0.66,0.35,-80.3049228,26.9266445,136.95
-17.9,34.2,0.0,30.13,2.47,-3.68,-10.75,-0.88,0.26,0.4,-0.34,7.985,7.299,6.504,5.435,13.83,12.07,10.3,17.95,-0.0,0.008,0.006,0.74,0.39,-80.3049198,26.9266312,137.0
-17.3,34.5,0.0,30.26,2.32,-6.95,-9.99,-2.33,0.36,0.4,-0.36,6.671,6.131,5.974,4.532,8.24,9.71,25.02,14.62,-0.0,0.008,0.006,0.59,0.31,-80.3049171,26.9266178,137.05
-17.2,35.3,0.0,30.38,1.92,-4.96,-9.19,2.3,0.21,0.53,-0.36,9.113,9.28,7.564,5.67,8.63,8.93,11.38,7.65,0.0,0.008,0.006,0.64,0.34,-80.3049144,26.9266044,137.1
-17.3,35.5,0.0,30.55,4.04,-3.55,-10.01,4.63,-1.25,0.62,-0.4,8.947,3.796,3.993,6.7,17.76,6.77,10.79,15.21,0.001,0.008,0.006,0.68,0.36,-80.304912,26.9265909,137.15
-17.3,36.3,0.0,30.68,4.06,-6.33,-9.59,-0.36,-1.98,0.55,-0.42,10.153,9.682,11.38,7.799,10.1,13.93,5.89,29.14,0.001,0.008,0.006,0.51,0.27,-80.3049096,26.9265771,137.2
-17.0,37.7,0.0,30.81,2.45,-5.19,-9.31,-3.37,0.64,0.5,-0.41,8.917,10.35,5.091,3.375,17.27,12.65,15.5,11.48,0.001,0.008,0.006,0.57,0.31,-80.3049073,26.9265635,137.25
-16.7,38.9,0.0,30.96,3.61,-4.41,-10.15,1.08,-0.23,0.54,-0.39,8.966,4.866,11.792,8.966,11.48,10.2,17.76,9.91,0.001,0.008,0.006,0.59,0.32,-80.3049051,26.9265497,137.3
-15.2,39.6,0.0,31.1,1.83,-5.51,-10.39,-0.67,0.25,0.51,-0.41,8.437,6.514,1.933,1.707,7.36,7.36,10.2,9.61,0.0,0.008,0.006,0.62,0.34,-80.304903,26.9265358,137.35
-15.0,40.7,0.0,31.26,3.34,-6.82,-8.99,2.17,-1.42,0.54,-0.45,6.327,7.397,8.78,6.916,10.79,9.42,16.97,11.18,0.001,0.008,0.005,0.56,0.31,-80.3049012,26.9265219,137.4
-14.7,42.0,0.0,31.41,3.51,-4.26,-8.54,-0.48,1.06,0.56,-0.41,6.141,12.106,5.209,3.188,8.93,14.13,15.21,13.34,0.001,0.008,0.005,0.71,0.39,-80.3048994,26.9265079,137.45
-13.9,42.8,0.0,31.56,3.65,-4.02,-8.79,0.54,1.48,0.61,-0.37,8.221,7.24,5.454,5.67,11.48,9.42,18.34,14.52,0.002,0.008,0.005,0.67,0.37,-80.3048977,26.9264938,137.5
-13.2,43.2,0.0,31.74,3.14,-3.23,-8.91,2.27,0.02,0.67,-0.4,8.623,1.991,4.336,8.132,12.95,2.75,-0.39,16.87,0.002,0.008,0.006,0.65,0.36,-80.3048961,26.9264795,137.55
-12.6,43.8,0.0,31.9,4.0,-6.02,-8.77,0.07,-2.21,0.62,-0.43,10.418,11.88,6.916,4.876,6.77,10.99,10.99,10.89,0.001,0.008,0.005,0.56,0.31,-80.3048946,26.9264653,137.6
-12.6,44.5,0.0,32.04,2.19,-6.07,-7.68,-6.01,2.89,0.48,-0.41,6.063,3.159,-0.373,5.945,10.3,13.64,12.85,6.38,0.001,0.008,0.005,0.64,0.36,-80.3048933,26.9264509,137.65
-12.4,45.1,0.0,32.23,2.98,-3.47,-7.31,1.95,0.18,0.56,-0.43,5.003,8.672,3.424,-1.148,9.91,14.91,22.17,4.91,0.002,0.008,0.005,0.58,0.33,-80.304892,26.9264365,137.7
-12.3,45.9,0.0,32.42,5.61,-3.96,-7.82,2.16,-1.56,0.57,-0.41,10.83,9.378,7.21,4.895,8.53,8.53,10.5,5.2,0.001,0.008,0.005,0.6,0.34,-80.3048909,26.926422,137.75
-12.0,47.1,0.0,32.59,5.07,-2.94,-8.22,-2.29,-1.03,0.5,-0.46,6.533,0.814,8.319,4.552,15.79,4.41,11.48,13.15,0.001,0.007,0.005,0.6,0.34,-80.3048898,26.9264074,137.8
-11.8,48.5,0.0,32.76,3.04,-3.26,-7.81,2.17,-2.53,0.56,-0.58,10.575,4.67,5.582,4.365,11.48,5.3,27.66,13.34,0.001,0.007,0.003,0.63,0.36,-80.3048889,26.9263926,137.85
-11.9,50.1,0.0,32.96,4.04,-3.47,-7.77,0.97,-1.23,0.56,-0.61,8.878,10.771,0.049,0.922,7.85,10.69,4.71,10.01,0.001,0.008,0.003,0.63,0.36,-80.3048881,26.9263778,137.9
-12.2,51.4,0.0,33.12,3.16,-6.8,-7.14,-3.29,0.53,0.5,-0.58,2.423,8.633,6.396,3.757,11.58,12.56,15.99,15.5,0.002,0.008,0.003,0.56,0.32,-80.3048874,26.9263629,137.95
-12.4,52.0,0.0,33.34,4.3,-5.35,-7.56,0.98,-0.92,0.56,-0.61,5.886,5.111,6.063,6.524,11.28,11.28,-1.18,18.84,0.003,0.009,0.003,0.52,0.31,-80.3048868,26.926348,138.0
-12.1,52.5,0.0,33.53,4.67,-5.73,-8.52,-3.49,-0.44,0.46,-0.57,5.229,5.651,0.559,6.955,12.65,8.53,15.01,23.84,0.002,0.008,0.004,0.55,0.32,-80.3048863,26.9263329,138.05
-12.0,52.8,0.0,33.73,3.8,-5.99,-8.52,-0.22,-2.82,0.44,-0.7,8.407,7.966,6.014,4.964,10.5,4.51,14.32,25.51,0.001,0.008,0.003,0.65,0.38,-80.3048859,26.9263178,138.1
-12.1,52.6,0.0,33.92,3.58,-6.13,-7.76,0.43,-0.97,0.4,-0.78,3.483,8.584,2.835,4.503,18.44,5.49,15.6,7.06,0.002,0.008,0.001,0.66,0.39,-80.3048857,26.9263026,138.15
-11.2,53.3,0.0,34.09,3.3,-5.63,-6.54,-3.95,3.12,0.3,-0.68,4.866,5.641,5.749,1.746,8.04,7.85,12.95,10.2,0.002,0.009,0.002,0.68,0.4,-80.3048855,26.9262872,138.2
-11.7,53.2,0.0,34.31,4.6,-5.31,-6.46,3.7,0.99,0.4,-0.66,1.04,11.919,3.021,2.972,3.24,19.33,9.91,4.12,0.003,0.009,0.003,0.63,0.38,-80.3048855,26.9262717,138.25
-11.0,53.4,0.0,34.47,2.78,-6.7,-7.04,-6.3,3.25,0.23,-0.56,6.985,5.611,1.305,0.412,2.94,15.99,4.81,14.22,0.003,0.009,0.004,0.64,0.38,-80.3048855,26.9262563,138.3
-10.7,53.9,0.0,34.69,4.0,-7.01,-7.4,-0.33,-1.37,0.27,-0.64,2.914,9.987,3.571,-0.804,10.89,14.42,19.62,3.73,0.003,0.009,0.004,0.58,0.35,-80.3048856,26.9262407,138.35
-10.2,54.7,0.0,34.9,4.09,-5.05,-7.46,-8.09,-0.45,0.05,-0.67,4.571,3.473,9.594,3.129,14.32,10.3,23.84,4.32,0.003,0.009,0.003,0.67,0.41,-80.304886,26.926225,138.4
-9.0,56.9,0.0,35.08,3.65,-5.46,-6.75,-1.89,1.5,0.02,-0.63,0.785,10.801,7.652,2.07,14.13,8.14,6.38,5.3,0.003,0.009,0.004,0.66,0.41,-80.3048864,26.9262093,138.45
-7.5,59.0,0.0,35.29,4.83,-1.86,-6.84,-0.26,1.85,0.03,-0.57,9.938,8.26,2.796,4.473,9.32,0.59,16.97,16.78,0.003,0.008,0.004,0.71,0.44,-80.3048869,26.9261933,138.5
-7.4,60.8,0.0,35.53,6.66,-2.09,-6.8,4.1,-2.73,0.08,-0.65,4.385,1.628,1.01,5.445,11.87,0.98,15.11,11.58,0.003,0.009,0.003,0.7,0.43,-80.3048874,26.9261774,138.55
-7.5,63.7,0.0,35.7,4.03,-5.16,-5.88,-0.2,-1.2,-0.03,-0.68,11.429,-1.491,2.246,2.786,15.3,3.53,4.71,13.05,0.004,0.009,0.003,0.61,0.38,-80.3048881,26.9261614,138.6
-7.1,66.5,0.0,35.88,2.39,-4.6,-4.87,-4.97,3.2,-0.15,-0.62,3.796,7.102,4.777,-1.658,12.75,10.79,15.6,9.91,0.004,0.009,0.003,0.65,0.4,-80.304889,26.9261453,138.65
-7.1,67.9,0.0,36.14,4.66,-3.07,-4.85,2.64,-1.27,-0.04,-0.66,2.237,8.819,4.287,0.412,10.4,18.54,22.46,4.22,0.005,0.009,0.003,0.74,0.46,-80.3048899,26.9261291,138.7
-6.5,67.9,0.0,36.41,5.43,-2.23,-5.93,-5.43,-0.54,-0.2,-0.67,1.403,7.269,1.472,-0.363,6.08,12.46,14.42,0.78,0.005,0.009,0.003,0.64,0.41,-80.3048909,26.9261128,138.75
-6.3,67.3,0.0,36.61,4.94,-0.68,-5.36,0.0,1.6,-0.24,-0.64,0.049,4.738,4.513,1.226,0.1,13.64,4.22,8.24,0.004,0.01,0.002,0.71,0.46,-80.3048919,26.9260962,138.8
-5.0,66.6,0.0,36.84,5.76,-4.78,-5.41,1.04,-0.02,-0.25,-0.63,5.827,3.796,6.416,0.667,2.94,13.05,9.52,8.14,0.004,0.009,0.003,0.68,0.44,-80.3048931,26.9260797,138.85
-3.9,63.1,0.0,37.06,3.65,-5.09,-4.96,-1.86,0.9,-0.3,-0.62,4.356,4.522,1.717,1.795,3.73,13.54,9.22,9.42,0.004,0.009,0.002,0.59,0.38,-80.3048943,26.9260631,138.9
-2.0,59.1,0.0,37.26,3.73,-1.95,-4.15,-3.47,0.56,-0.38,-0.62,-1.501,4.846,3.659,1.825,9.61,10.2,0.1,5.79,0.005,0.009,0.002,0.72,0.47,-80.3048957,26.9260464,138.95
-0.7,57.0,0.0,37.47,4.74,-1.41,-2.47,2.29,-2.07,-0.4,-0.59,-0.157,4.601,0.824,1.834,9.22,7.95,8.14,3.43,0.004,0.009,0.003,0.61,0.4,-80.3048972,26.9260296,139.0
-0.1,55.9,0.0,37.63,2.45,-3.4,-1.77,-2.19,1.94,-0.49,-0.53,9.084,6.318,1.128,4.12,13.54,6.77,8.63,14.91,0.005,0.008,0.002,0.48,0.31,-80.3048987,26.9260127,139.05
0.1,54.5,0.0,37.81,3.16,-2.83,-0.7,-0.57,1.99,-0.41,-0.46,5.091,5.768,-1.03,4.326,15.21,7.85,19.23,15.21,0.004,0.008,0.002,0.49,0.32,-80.3049003,26.9259957,139.1
-0.6,51.4,0.0,38.02,4.59,1.25,-0.52,3.68,-1.09,-0.3,-0.46,7.632,7.083,5.602,5.346,15.6,5.59,22.17,17.36,0.004,0.007,0.002,0.44,0.29,-80.3049019,26.9259786,139.15
-1.0,45.4,0.0,38.14,3.38,-0.49,-0.78,3.02,-0.26,-0.2,-0.44,5.474,3.983,4.307,8.221,14.13,9.22,9.03,14.13,0.004,0.007,0.001,0.31,0.21,-80.3049035,26.9259615,139.2
-0.8,32.4,0.0,38.29,1.94,-2.11,-1.62,-1.34,0.94,-0.2,-0.39,9.506,1.923,4.189,2.364,16.68,10.99,4.51,13.24,0.004,0.007,0.001,0.26,0.18,-80.3049052,26.9259444,139.25
-0.7,6.2,0.0,38.39,2.5,-1.73,-1.32,0.91,1.09,-0.13,-0.33,8.25,4.876,3.257,3.953,13.44,6.77,1.28,9.61,0.004,0.006,0.002,0.2,0.14,-80.304907,26.9259272,139.3
-0.6,0.2,0.0,38.31,-2.56,-5.35,-0.97,-1.75,3.8,-0.16,-0.22,6.592,8.093,5.003,6.779,17.27,7.95,6.38,4.02,0.003,0.005,0.003,0.1,0.07,-80.3049087,26.9259099,139.35
-0.8,0.3,0.0,38.26,-1.55,-2.48,-0.41,-2.64,4.93,-0.27,0.01,9.045,6.602,5.994,8.515,22.76,8.93,18.25,9.61,0.001,0.004,0.004,0.11,0.08,-80.3049105,26.9258927,139.4
-1.1,0.3,0.0,38.25,0.98,4.67,-0.63,3.34,-0.78,-0.19,0.08,8.319,8.093,8.064,9.045,18.74,7.36,6.77,11.38,0.0,0.002,0.005,0.23,0.16,-80.3049123,26.9258755,139.45
-1.4,0.2,0.0,38.17,-0.59,-2.41,-0.96,-0.11,0.4,-0.2,0.14,9.457,9.957,6.023,9.006,13.73,7.46,13.73,10.99,0.0,0.002,0.005,0.02,0.02,-80.3049141,26.9258583,139.5
-1.1,0.2,0.0,38.11,-1.7,-2.69,-1.39,-2.36,0.55,-0.25,0.14,4.738,13.4,5.906,8.731,10.01,10.59,12.65,12.07,0.001,0.002,0.005,0.1,0.07,-80.3049159,26.9258412,139.55
-0.9,0.3,0.0,38.08,-0.45,1.89,-0.71,-0.16,-1.8,-0.3,0.09,8.466,6.494,12.567,9.447,11.18,12.75,15.7,16.87,0.002,0.003,0.005,0.15,0.1,-80.3049177,26.9258241,139.6
-0.6,0.5,0.0,38.01,-0.78,-1.04,-0.85,-2.04,-0.61,-0.41,0.12,14.872,6.612,7.112,4.061,9.52,3.34,20.01,7.36,0.002,0.003,0.005,0.16,0.1,-80.3049196,26.925807,139.65
-1.0,0.5,0.0,37.94,-2.36,-3.03,-0.67,-3.23,2.35,-0.54,0.19,10.065,14.117,3.738,6.661,8.24,7.06,8.83,5.2,0.001,0.003,0.005,0.09,0.06,-80.3049214,26.9257899,139.7
-0.9,0.5,0.0,37.92,-0.33,-0.86,-0.83,-0.65,0.54,-0.56,0.2,6.465,9.369,8.966,7.534,9.32,4.22,4.51,13.64,0.001,0.002,0.005,0.12,0.08,-80.3049233,26.9257729,139.75
-1.0,0.8,0.0,37.86,0.04,2.45,-0.6,0.56,-0.86,-0.55,0.19,12.881,2.943,18.129,4.738,9.42,4.81,11.77,15.99,0.001,0.002,0.005,0.25,0.16,-80.3049251,26.9257559,139.8
-0.7,1.2,0.0,37.67,-4.28,-2.08,-0.11,3.39,1.92,-0.49,0.27,11.458,8.809,9.329,7.299,7.26,7.95,16.28,7.16,0.001,0.002,0.005,0.13,0.08,-80.304927,26.925739,139.85
-0.8,12.5,0.0,37.39,-6.5,-5.47,0.68,-1.73,4.56,-0.52,0.44,4.052,16.716,6.092,4.405,7.65,9.71,12.36,4.61,-0.0,0.0,0.006,-0.0,-0.0,-80.3049288,26.9257221,139.9
-0.6,36.2,0.0,37.14,-6.31,0.81,-0.11,0.77,4.64,-0.42,0.62,8.407,8.858,4.777,2.256,10.69,4.51,23.15,14.13,-0.001,-0.001,0.007,0.13,0.08,-80.3049307,26.9257053,139.95
-1.2,41.0,0.0,37.36,4.95,2.16,-1.47,-6.37,-4.24,-0.55,0.49,11.674,14.185,9.339,9.359,14.81,11.67,31.49,27.27,-0.001,-0.001,0.006,0.19,0.13,-80.3049326,26.9256886,140.0
-1.0,31.8,0.0,37.44,0.82,1.02,-1.15,-3.92,-9.46,-0.63,0.05,6.779,6.269,9.32,12.91,13.64,14.03,18.84,17.66,0.001,0.002,0.004,0.14,0.09,-80.3049344,26.9256718,140.05
-0.6,33.3,0.0,37.51,0.97,-1.39,-1.0,-0.36,-5.6,-0.64,-0.21,6.651,8.495,5.18,7.779,13.24,14.72,2.75,7.46,0.004,0.004,0.002,0.09,0.06,-80.3049363,26.925655,140.1
-0.6,37.3,0.0,37.62,1.39,-0.47,-0.64,3.08,-0.96,-0.61,-0.27,2.619,12.616,10.467,6.092,9.03,15.7,6.77,11.09,0.004,0.005,0.002,0.19,0.12,-80.3049382,26.9256381,140.15
0.1,42.9,0.0,37.75,3.36,-0.25,-0.76,-0.4,1.46,-0.71,-0.21,6.583,6.573,0.029,3.443,8.83,12.75,6.87,3.53,0.004,0.005,0.002,0.13,0.08,-80.3049401,26.9256212,140.2
-0.3,47.7,0.0,37.87,2.83,-1.3,-0.73,1.25,2.02,-0.75,-0.15,8.368,10.556,9.163,8.868,4.41,14.52,12.16,9.42,0.004,0.004,0.002,0.19,0.13,-80.3049422,26.9256042,140.25
-0.1,55.5,0.0,38.02,3.84,-1.02,-0.62,-1.92,-2.18,-0.85,-0.21,3.934,9.113,10.163,3.63,4.51,17.36,9.03,2.55,0.004,0.005,0.002,0.18,0.12,-80.3049441,26.9255871,140.3
0.4,64.5,0.0,38.19,4.21,0.47,-0.54,-3.15,0.33,-0.92,-0.22,9.27,6.759,7.456,3.139,5.69,15.01,16.38,10.99,0.005,0.005,0.002,0.19,0.12,-80.3049461,26.92557,140.35
0.4,71.6,0.0,38.36,2.51,-1.24,-0.28,-6.78,3.39,-1.05,-0.21,3.551,8.829,1.942,2.992,4.81,14.62,10.5,7.65,0.005,0.005,0.002,0.13,0.09,-80.3049481,26.9255529,140.4
0.6,77.0,0.0,38.6,5.37,1.23,-0.37,-3.95,-1.12,-1.07,-0.32,4.571,1.933,6.661,5.121,1.67,9.42,6.47,11.87,0.005,0.006,0.002,0.18,0.12,-80.3049501,26.9255356,140.45
1.7,82.1,0.0,38.78,3.48,-2.27,-0.7,2.52,-2.32,-1.0,-0.37,9.27,7.887,11.36,5.974,0.88,11.48,21.19,21.39,0.005,0.006,0.001,0.2,0.13,-80.3049521,26.9255183,140.5
2.5,85.4,0.0,39.02,3.52,0.11,-0.24,2.78,-0.98,-0.98,-0.39,4.709,7.23,-0.392,3.375,2.06,11.77,16.97,0.0,0.006,0.006,0.001,0.23,0.16,-80.3049541,26.9255007,140.55
2.7,87.2,0.0,39.27,6.89,1.17,1.17,2.28,-3.61,-1.0,-0.44,10.869,4.621,8.132,1.462,1.37,13.93,17.46,18.34,0.006,0.006,0.0,0.14,0.09,-80.3049562,26.9254832,140.6
2.4,88.4,0.0,39.46,3.58,0.45,1.84,-3.08,2.03,-1.06,-0.36,4.768,14.038,1.001,4.032,1.77,12.26,14.32,3.92,0.006,0.006,0.0,0.18,0.12,-80.3049582,26.9254655,140.65
2.1,89.1,0.0,39.72,6.31,1.99,1.62,-2.47,-1.56,-1.08,-0.44,0.098,2.992,6.367,3.09,-3.73,9.52,11.28,18.54,0.007,0.006,-0.0,0.13,0.09,-80.3049603,26.9254477,140.7
1.4,89.9,0.0,39.92,3.65,-0.3,1.76,-0.36,0.32,-1.08,-0.44,3.61,11.438,5.503,4.856,-1.86,15.5,7.85,1.77,0.006,0.006,-0.001,0.07,0.05,-80.3049623,26.9254299,140.75
0.9,91.6,0.0,40.2,6.62,-0.03,1.62,3.15,-2.44,-1.04,-0.51,9.378,1.53,2.727,1.422,3.43,6.08,4.41,9.61,0.006,0.006,-0.002,-0.01,-0.01,-80.3049643,26.9254119,140.8
0.5,93.5,0.0,40.38,4.33,-0.96,0.77,-1.52,1.08,-1.11,-0.46,3.669,9.732,7.858,3.267,1.28,9.91,3.43,1.47,0.006,0.006,-0.002,0.08,0.06,-80.3049664,26.9253937,140.85
1.0,94.5,0.0,40.61,4.98,-2.3,0.27,-7.17,2.13,-1.23,-0.46,9.035,7.25,0.343,1.982,5.0,11.28,1.77,0.88,0.007,0.006,-0.002,0.05,0.04,-80.3049684,26.9253756,140.9
1.0,94.4,0.0,40.87,5.29,1.93,0.54,0.23,-0.8,-1.16,-0.51,5.346,5.052,0.647,1.668,4.22,10.59,7.06,7.65,0.007,0.006,-0.002,0.09,0.07,-80.3049704,26.9253573,140.95
0.8,94.3,0.0,41.08,6.21,-0.34,0.99,0.62,-0.05,-1.28,-0.54,6.926,10.104,3.993,1.766,9.91,16.87,5.59,-3.34,0.007,0.007,-0.002,0.1,0.07,-80.3049724,26.9253389,141.0
0.4,94.4,0.0,41.31,4.49,0.87,0.53,-2.14,1.07,-1.28,-0.54,3.296,2.394,7.475,2.345,10.79,15.21,7.26,2.65,0.007,0.007,-0.002,0.15,0.11,-80.3049744,26.9253204,141.05
0.2,94.4,0.0,41.53,3.8,0.97,0.56,-1.52,0.99,-1.29,-0.52,4.895,6.808,3.021,1.776,13.44,14.32,6.47,17.17,0.007,0.007,-0.002,0.11,0.08,-80.3049764,26.9253017,141.1
-0.2,94.3,0.0,41.76,5.4,0.07,1.16,1.31,-0.41,-1.3,-0.51,5.621,4.709,2.148,-0.667,14.81,9.22,7.75,5.4,0.007,0.006,-0.002,0.1,0.07,-80.3049784,26.9252831,141.15
-0.6,94.4,0.0,42.0,4.8,0.87,0.61,-1.71,0.57,-1.4,-0.52,7.593,1.982,5.994,0.687,7.75,0.59,9.22,7.16,0.007,0.007,-0.002,0.05,0.04,-80.3049804,26.9252643,141.2
-0.6,94.5,0.0,42.24,5.28,1.87,0.15,0.19,0.21,-1.42,-0.52,6.739,-1.462,6.072,1.344,8.44,1.47,9.61,17.46,0.007,0.006,-0.002,0.12,0.09,-80.3049824,26.9252454,141.25
-0.8,94.4,0.0,42.46,4.83,0.49,0.08,2.94,-1.78,-1.39,-0.6,2.521,12.351,5.896,4.571,5.89,5.59,1.86,6.28,0.006,0.006,-0.003,0.15,0.11,-80.3049844,26.9252264,141.3
-0.3,94.0,0.0,42.64,2.79,-4.33,0.05,-4.55,2.98,-1.49,-0.57,7.985,11.242,11.782,2.59,16.28,8.44,-1.67,6.38,0.007,0.006,-0.003,0.05,0.04,-80.3049864,26.9252073,141.35
-0.3,93.9,0.0,42.85,3.42,-2.45,0.02,-3.23,1.83,-1.48,-0.59,7.299,6.7,-0.804,0.804,19.03,6.28,0.69,17.76,0.007,0.006,-0.003,0.1,0.08,-80.304988,26.9251918,141.4
-0.3,92.6,0.0,43.13,5.22,0.63,0.16,-1.07,-0.77,-1.49,-0.67,8.064,-0.245,7.25,3.463,16.09,4.91,2.55,10.5,0.007,0.007,-0.003,0.15,0.11,-80.3049904,26.9251686,141.45
-0.6,91.3,0.0,43.36,4.58,-0.52,-0.07,-0.42,0.07,-1.38,-0.7,7.436,7.24,2.511,0.814,4.91,4.22,1.77,23.35,0.007,0.007,-0.002,0.14,0.11,-80.3049924,26.9251492,141.5
-0.6,90.1,0.0,43.56,3.96,-2.8,-0.01,0.91,0.9,-1.42,-0.65,0.216,15.882,-0.059,5.082,2.35,12.65,-4.12,8.34,0.007,0.007,-0.002,0.08,0.06,-80.3049944,26.9251297,141.55
-1.1,89.3,0.0,43.77,4.02,-1.89,-0.03,-6.38,3.58,-1.55,-0.58,6.21,6.406,2.609,7.308,9.71,18.05,6.47,-1.77,0.007,0.008,-0.002,0.1,0.08,-80.3049965,26.9251101,141.6
-1.8,88.3,0.0,43.99,4.78,-0.47,-0.65,1.15,-0.77,-1.52,-0.65,5.582,12.498,2.325,3.659,13.24,18.93,8.93,5.98,0.007,0.008,-0.001,0.22,0.17,-80.3049985,26.9250903,141.65
-1.9,87.6,0.0,44.15,2.04,-2.07,-1.05,-2.63,0.88,-1.6,-0.61,4.14,8.652,0.853,-3.787,3.73,13.15,15.99,1.28,0.007,0.008,-0.001,0.16,0.13,-80.3050006,26.9250705,141.7
-1.7,86.3,0.0,44.4,5.9,2.49,-1.01,6.18,-3.36,-1.45,-0.65,5.209,6.524,3.09,0.059,4.81,5.2,16.38,21.39,0.006,0.007,-0.001,0.31,0.24,-80.3050027,26.9250506,141.75
-0.8,84.7,0.0,44.59,3.52,0.33,-1.18,-1.94,-0.29,-1.57,-0.62,7.868,6.357,1.04,0.598,12.65,10.79,11.67,10.2,0.006,0.007,-0.001,0.24,0.18,-80.3050048,26.9250307,141.8
-0.6,83.5,0.0,44.81,6.2,2.3,-1.3,3.28,-2.0,-1.54,-0.62,6.975,2.148,3.973,2.737,19.52,7.06,19.72,30.8,0.006,0.007,-0.001,0.33,0.26,-80.305007,26.9250106,141.85
0.4,82.5,0.0,44.98,3.11,-1.66,-1.12,-1.29,0.07,-1.58,-0.6,9.908,1.226,2.933,-1.02,3.92,8.04,8.63,17.17,0.007,0.007,-0.001,0.22,0.17,-80.3050091,26.9249904,141.9
0.3,80.7,0.0,45.23,6.97,1.8,-0.28,1.98,-2.05,-1.53,-0.66,2.59,2.502,9.702,1.324,4.51,10.59,3.73,24.23,0.007,0.008,-0.001,0.26,0.2,-80.3050113,26.9249701,141.95
-0.2,78.6,0.0,45.41,5.44,-0.41,-0.22,-3.29,-0.42,-1.63,-0.66,5.268,0.579,11.87,1.972,14.81,17.66,14.81,19.82,0.007,0.008,-0.001,0.29,0.23,-80.3050135,26.9249498,142.0
-0.7,77.3,0.0,45.6,5.32,-0.84,-0.14,4.29,-0.81,-1.5,-0.65,3.767,10.879,0.53,3.002,10.79,10.99,21.88,7.95,0.007,0.008,-0.001,0.25,0.2,-80.3050157,26.9249293,142.05
-0.4,76.7,0.0,45.8,5.79,2.18,-0.19,-0.93,-0.15,-1.54,-0.64,8.348,4.179,3.326,4.679,8.14,2.35,18.93,14.32,0.007,0.007,-0.001,0.27,0.22,-80.305018,26.9249088,142.1
0.0,75.5,0.0,45.98,5.27,0.48,-0.15,3.37,-0.67,-1.45,-0.64,7.877,0.53,1.638,2.855,19.13,5.4,25.7,24.13,0.007,0.007,-0.001,0.23,0.18,-80.3050203,26.9248882,142.15
0.7,74.9,0.0,46.11,3.97,-1.43,-0.25,1.56,-0.21,-1.44,-0.61,8.221,-0.186,9.682,0.422,13.15,5.98,1.77,27.66,0.007,0.007,-0.001,0.17,0.14,-80.3050226,26.9248676,142.2
0.9,74.5,0.0,46.28,5.07,-1.5,0.4,1.23,-0.68,-1.42,-0.62,3.875,-1.285,4.719,5.994,1.18,8.53,-4.41,19.91,0.007,0.007,-0.001,0.15,0.12,-80.3050249,26.9248469,142.25
0.3,74.0,0.0,46.46,6.05,0.09,0.14,0.39,-1.07,-1.42,-0.61,7.475,4.326,6.739,0.618,15.01,16.58,8.73,19.62,0.007,0.007,-0.001,0.19,0.16,-80.3050272,26.924826,142.3
0.0,73.3,0.0,46.59,2.63,-0.86,-0.0,0.4,-0.48,-1.42,-0.59,7.397,1.177,3.041,-0.54,9.03,14.91,13.54,10.89,0.007,0.007,-0.001,0.18,0.15,-80.3050295,26.9248051,142.35
0.4,72.6,0.0,46.78,2.79,-0.6,0.2,1.81,-1.75,-1.4,-0.6,4.061,4.238,-0.716,-1.236,9.71,8.44,17.46,9.81,0.007,0.007,-0.0,0.14,0.11,-80.3050318,26.9247841,142.4
1.4,72.7,0.0,46.9,0.72,-0.23,0.0,-1.71,0.82,-1.47,-0.56,5.778,5.415,0.245,4.719,14.81,11.67,7.65,21.29,0.007,0.007,-0.0,0.05,0.04,-80.3050342,26.9247631,142.45
2.0,72.6,0.0,47.07,2.59,-2.27,0.79,-6.64,3.27,-1.63,-0.48,5.494,10.271,6.229,1.521,1.08,5.69,3.14,13.54,0.007,0.007,0.0,0.04,0.03,-80.3050366,26.924742,142.5
1.1,72.8,0.0,47.28,4.9,0.39,0.55,-0.3,0.69,-1.61,-0.5,-0.402,19.149,8.231,2.815,10.69,14.03,18.64,-0.59,0.007,0.007,0.0,0.16,0.13,-80.3050389,26.9247208,142.55
0.5,73.1,0.0,47.45,3.86,1.79,0.07,2.13,0.13,-1.54,-0.52,3.012,13.047,1.344,1.511,6.47,8.83,24.23,10.3,0.007,0.007,-0.0,0.1,0.08,-80.3050412,26.9246995,142.6
0.4,72.9,0.0,47.6,4.11,0.63,0.6,0.77,0.36,-1.48,-0.5,5.68,0.932,1.619,6.092,6.67,8.34,14.13,24.53,0.007,0.007,-0.0,0.08,0.06,-80.3050436,26.9246782,142.65
0.9,72.8,0.0,47.74,5.38,0.48,1.14,0.23,-1.14,-1.49,-0.49,3.1,6.445,9.192,9.163,17.66,9.22,5.1,29.04,0.008,0.007,0.0,0.1,0.08,-80.3050459,26.9246567,142.7
1.3,72.6,0.0,47.87,3.2,-0.72,0.32,0.44,-1.19,-1.52,-0.46,5.072,9.055,5.288,2.168,0.78,10.5,16.09,22.27,0.008,0.008,0.001,0.1,0.08,-80.3050483,26.9246352,142.75
0.1,72.2,0.0,48.02,2.17,1.06,0.25,-0.25,0.77,-1.56,-0.43,4.768,10.467,3.463,2.09,11.77,21.58,22.56,24.43,0.008,0.008,0.001,0.04,0.04,-80.3050506,26.9246137,142.8
-0.6,71.5,0.0,48.17,2.55,2.81,0.38,-1.61,1.64,-1.58,-0.42,4.15,7.985,6.612,1.933,9.12,8.24,18.25,20.21,0.008,0.007,0.001,0.15,0.12,-80.3050529,26.9245921,142.85
-0.4,70.3,0.0,48.36,4.37,0.86,-0.42,-3.9,0.88,-1.64,-0.41,5.768,4.944,10.693,2.08,16.58,3.83,21.19,22.17,0.007,0.007,0.001,0.13,0.11,-80.3050552,26.9245704,142.9
-0.4,67.5,0.0,48.48,5.19,0.62,-0.66,2.65,-1.33,-1.59,-0.42,6.023,8.123,7.044,6.602,3.53,10.01,23.54,16.28,0.007,0.007,0.001,0.11,0.1,-80.3050576,26.9245487,142.95
-0.5,59.8,0.0,48.59,2.87,-0.94,-0.67,1.99,-0.99,-1.61,-0.37,2.001,12.37,9.378,0.167,9.32,14.32,15.5,6.97,0.006,0.007,0.001,0.11,0.09,-80.3050599,26.9245269,143.0
-0.4,43.0,0.0,48.7,0.1,-4.28,-0.25,-6.68,2.85,-1.77,-0.37,5.023,7.897,10.232,11.89,7.06,18.64,-2.55,10.1,0.006,0.007,0.001,0.11,0.1,-80.3050622,26.924505,143.05
-0.2,15.7,0.0,48.74,0.09,-0.66,-0.16,-1.8,3.32,-1.68,-0.37,8.24,3.796,-0.343,2.992,11.18,5.69,6.08,14.03,0.006,0.007,0.001,0.18,0.15,-80.3050646,26.9244831,143.1
0.3,1.0,0.0,48.71,-1.23,0.54,-0.01,2.55,-0.55,-1.63,-0.33,9.035,1.579,0.853,11.86,7.46,3.43,14.03,23.84,0.005,0.006,0.002,0.15,0.13,-80.3050669,26.9244612,143.15
0.6,1.0,0.0,48.61,-0.7,1.67,0.91,1.43,1.44,-1.72,-0.13,8.486,-0.628,4.316,5.523,6.77,8.34,11.67,22.76,0.004,0.005,0.004,0.14,0.12,-80.3050693,26.9244394,143.2
-1.2,0.9,0.0,48.51,-2.41,-0.35,1.05,-4.09,3.57,-1.83,0.08,7.848,15.519,5.69,2.56,12.75,14.42,10.4,15.3,0.003,0.004,0.005,0.03,0.03,-80.3050717,26.9244175,143.25
-1.2,0.7,0.0,48.46,-1.96,-2.18,0.45,-0.72,1.64,-1.75,0.1,7.377,22.818,-1.972,1.207,10.89,3.43,15.7,-2.84,0.003,0.004,0.006,0.01,0.01,-80.305074,26.9243957,143.3
-0.9,0.8,0.0,48.38,-1.68,-0.73,-0.02,-1.23,2.14,-1.74,0.11,4.316,17.942,5.268,7.23,10.5,7.26,19.23,4.51,0.003,0.004,0.006,0.07,0.06,-80.3050763,26.924374,143.35
-0.3,1.1,0.0,48.31,-0.63,0.73,-0.47,-0.9,-0.4,-1.76,0.06,4.473,10.153,8.142,11.036,0.2,6.47,7.16,15.3,0.003,0.004,0.006,0.11,0.1,-80.3050787,26.9243523,143.4
-1.1,1.9,0.0,48.21,-0.18,-0.45,-0.49,-0.05,-1.85,-1.78,0.02,14.313,5.866,15.98,15.176,15.6,15.01,4.02,18.84,0.003,0.004,0.006,0.08,0.07,-80.305081,26.9243306,143.45
-0.7,4.9,0.0,48.01,-3.9,-0.48,-0.53,5.39,-1.57,-1.67,0.06,7.583,7.367,9.741,8.594,7.46,4.91,9.22,16.19,0.003,0.003,0.006,0.14,0.12,-80.3050833,26.9243089,143.5
-0.6,41.5,0.0,47.69,-5.83,-0.64,-1.31,1.09,5.23,-1.56,0.32,15.676,11.35,3.345,6.033,20.31,13.15,6.87,8.34,0.002,0.001,0.007,0.13,0.11,-80.3050856,26.9242874,143.55
-0.2,52.5,0.0,47.8,3.41,-0.17,-1.52,-12.55,-0.94,-1.78,0.36,12.714,16.451,-0.912,1.099,5.98,15.79,23.54,19.91,0.002,0.001,0.007,0.17,0.14,-80.3050879,26.924266,143.6
0.2,48.3,0.0,47.89,0.27,0.36,-1.03,3.42,-9.23,-1.65,-0.01,7.465,6.22,8.407,6.769,8.83,11.28,11.28,22.27,0.003,0.003,0.006,0.17,0.15,-80.3050903,26.9242445,143.65
0.3,47.2,0.0,48.0,3.04,0.31,0.16,-1.98,-4.82,-1.79,-0.24,5.69,7.073,3.002,4.081,12.26,10.01,8.53,-1.67,0.005,0.005,0.005,0.27,0.22,-80.3050926,26.9242229,143.7
0.7,47.9,0.0,48.04,1.57,-1.05,0.25,2.61,-1.18,-1.73,-0.32,6.259,6.357,7.407,8.682,10.69,4.71,19.52,-0.98,0.006,0.006,0.004,0.14,0.12,-80.305095,26.9242014,143.75
1.0,52.2,0.0,48.12,2.06,-0.61,0.35,-1.88,2.38,-1.76,-0.27,13.155,3.218,8.898,4.061,12.56,9.81,21.68,13.15,0.006,0.006,0.004,0.13,0.11,-80.3050974,26.9241798,143.8
0.8,61.0,0.0,48.18,0.68,-1.73,0.36,-4.15,2.54,-1.76,-0.24,8.78,6.553,0.363,-0.226,-0.1,9.42,-4.41,4.41,0.005,0.006,0.004,0.09,0.08,-80.3050997,26.9241582,143.85
-0.5,67.9,0.0,48.29,0.96,-1.34,0.01,-1.32,0.67,-1.65,-0.28,7.151,12.881,3.208,5.758,8.83,19.82,8.63,19.42,0.006,0.006,0.004,0.09,0.07,-80.3051021,26.9241365,143.9
-0.6,68.4,0.0,48.42,1.76,0.84,-0.36,-2.21,0.38,-1.63,-0.33,4.621,10.742,0.098,2.256,10.2,15.01,5.0,7.26,0.006,0.006,0.003,0.13,0.11,-80.3051045,26.9241148,143.95
-0.1,65.9,0.0,48.54,1.5,1.39,-0.92,0.49,-2.15,-1.58,-0.43,9.702,4.267,5.513,3.659,21.68,6.28,22.07,33.26,0.006,0.006,0.003,0.15,0.13,-80.3051069,26.924093,144.0
0.6,61.4,0.0,48.65,3.72,-1.02,-0.76,-0.6,-0.91,-1.59,-0.44,9.967,5.67,15.49,6.396,6.87,6.18,19.33,22.66,0.005,0.006,0.003,0.19,0.17,-80.3051094,26.9240712,144.05
0.1,67.3,0.0,48.72,1.43,0.09,-0.69,5.55,-0.47,-1.54,-0.42,6.857,6.573,1.795,-3.993,11.58,12.75,12.65,-4.71,0.005,0.006,0.003,0.19,0.17,-80.3051118,26.9240493,144.1
-0.1,71.1,0.0,48.87,2.83,-1.31,-0.16,2.05,0.43,-1.58,-0.41,9.604,11.075,2.06,-0.491,6.87,9.61,7.85,2.06,0.006,0.006,0.003,0.17,0.14,-80.3051142,26.9240274,144.15
-0.2,74.1,0.0,48.96,1.66,-2.94,0.45,-0.43,-0.4,-1.57,-0.45,6.298,5.209,4.356,5.7,16.09,8.14,-7.26,0.2,0.006,0.007,0.003,0.12,0.1,-80.3051167,26.9240053,144.2
1.0,85.4,0.0,49.07,3.45,-0.11,0.29,-0.29,0.37,-1.49,-0.44,10.036,2.56,4.454,3.532,3.92,7.46,12.16,20.21,0.007,0.007,0.004,0.15,0.13,-80.3051191,26.9239833,144.25
1.4,91.0,0.0,49.17,0.8,1.63,-0.18,-0.37,0.0,-1.46,-0.42,8.348,9.751,5.758,2.05,9.61,10.4,17.66,20.5,0.007,0.007,0.004,0.14,0.12,-80.3051216,26.9239613,144.3
0.9,92.7,0.0,49.35,2.11,2.0,0.14,-3.99,2.1,-1.55,-0.45,6.769,6.239,2.011,1.079,3.92,12.46,1.28,0.98,0.008,0.008,0.003,0.18,0.16,-80.3051241,26.9239392,144.35
1.1,93.9,0.0,49.52,4.73,-1.83,0.39,-0.68,0.71,-1.53,-0.44,9.192,2.933,6.945,8.005,19.72,4.61,26.0,21.09,0.008,0.008,0.003,0.14,0.12,-80.3051266,26.923917,144.4
1.2,96.1,0.0,49.61,2.0,1.21,0.4,9.42,-2.71,-1.42,-0.44,6.759,9.29,2.904,-1.736,2.94,7.36,20.21,9.81,0.008,0.007,0.003,0.08,0.07,-80.3051291,26.9238947,144.45
1.4,97.4,0.0,49.79,3.07,-3.0,1.05,1.42,-0.19,-1.51,-0.44,6.916,11.311,3.149,0.481,11.48,13.24,-8.34,-4.51,0.008,0.007,0.003,0.03,0.03,-80.3051316,26.9238724,144.5
0.9,98.2,0.0,49.93,5.01,1.73,1.33,-1.32,-1.54,-1.58,-0.49,8.976,7.72,3.846,3.257,9.42,13.24,20.6,24.43,0.008,0.007,0.002,0.12,0.1,-80.3051341,26.92385,144.55
1.1,99.0,0.0,50.0,0.34,1.17,0.47,-2.07,1.04,-1.65,-0.42,6.367,13.214,5.248,-0.53,15.5,9.61,20.5,12.26,0.008,0.007,0.002,0.04,0.04,-80.3051365,26.9238276,144.6
1.6,99.9,0.0,50.18,2.4,1.94,0.81,-3.79,3.1,-1.65,-0.35,6.73,6.622,0.186,0.275,-0.1,5.49,0.88,10.69,0.008,0.007,0.003,0.13,0.12,-80.305139,26.923805,144.65
1.0,100.0,0.0,50.34,4.35,-0.96,0.7,0.87,-0.66,-1.57,-0.39,5.258,5.739,5.258,-2.011,12.56,12.65,15.3,5.69,0.008,0.007,0.003,-0.0,-0.0,-80.3051414,26.9237824,144.7
0.4,100.0,0.0,50.49,2.27,-0.14,1.04,8.34,-1.98,-1.44,-0.47,7.632,4.405,5.915,1.511,11.38,2.65,0.2,0.98,0.008,0.007,0.002,0.07,0.06,-80.3051438,26.9237598,144.75
0.6,100.0,0.0,50.62,4.09,0.08,1.05,-2.0,0.55,-1.55,-0.47,12.469,2.413,0.383,2.413,7.36,9.32,15.7,15.21,0.008,0.008,0.002,-0.02,-0.01,-80.3051463,26.9237371,144.8
1.1,100.0,0.0,50.73,1.85,0.28,0.46,1.2,0.02,-1.5,-0.43,4.012,16.118,-1.118,0.873,6.47,13.44,24.33,21.19,0.008,0.008,0.003,-0.0,-0.0,-80.3051487,26.9237143,144.85
0.5,100.0,0.0,50.91,2.48,3.53,0.3,-0.23,0.01,-1.46,-0.49,7.044,2.992,3.512,4.002,6.57,14.72,0.88,21.78,0.008,0.007,0.003,0.11,0.1,-80.3051511,26.9236915,144.9
0.4,100.0,0.0,51.02,2.38,0.97,0.22,0.26,-1.01,-1.5,-0.47,5.827,6.524,2.09,1.393,17.56,10.2,8.93,2.26,0.008,0.007,0.002,0.1,0.09,-80.3051535,26.9236686,144.95
1.1,100.0,0.0,51.2,3.05,0.08,0.62,4.16,0.36,-1.45,-0.47,7.77,3.021,2.668,2.717,-2.06,-0.2,0.29,13.05,0.008,0.007,0.002,0.1,0.09,-80.3051559,26.9236456,145.0
0.7,100.0,0.0,51.29,1.57,-2.53,0.76,-3.43,2.51,-1.57,-0.38,7.014,5.396,1.334,2.766,12.65,18.15,1.57,2.16,0.008,0.008,0.003,0.08,0.07,-80.3051583,26.9236226,145.05
0.8,100.0,0.0,51.5,3.42,3.28,0.07,-1.96,0.34,-1.54,-0.4,8.191,9.408,-0.893,3.698,17.17,5.79,17.95,18.74,0.008,0.007,0.003,0.1,0.09,-80.3051607,26.9235994,145.1
0.9,99.6,0.0,51.61,2.31,1.56,-0.14,-1.16,-2.55,-1.57,-0.48,3.747,7.338,3.679,0.451,7.85,8.53,9.81,17.46,0.008,0.007,0.002,0.11,0.1,-80.3051631,26.9235762,145.15
0.3,98.9,0.0,51.82,4.43,1.23,1.21,0.84,0.74,-1.56,-0.49,8.074,4.709,1.805,5.091,13.83,18.44,19.23,14.52,0.008,0.008,0.002,0.16,0.14,-80.3051655,26.923553,145.2
-0.3,97.3,0.0,51.9,1.8,-2.84,0.96,-0.22,1.73,-1.57,-0.42,5.798,11.056,-0.795,1.236,13.24,17.95,-0.49,7.36,0.009,0.008,0.003,0.0,0.0,-80.3051679,26.9235297,145.25
-0.2,94.0,0.0,52.08,1.83,-1.41,0.9,-5.27,3.61,-1.64,-0.38,7.593,0.432,-0.422,5.415,11.28,9.91,19.82,26.59,0.008,0.008,0.003,0.05,0.04,-80.3051703,26.9235063,145.3
0.2,90.8,0.0,52.21,2.02,3.89,-0.02,8.65,-3.43,-1.49,-0.45,6.465,12.017,3.59,6.21,10.01,10.1,0.98,15.5,0.008,0.007,0.002,0.17,0.16,-80.3051726,26.9234829,145.35
-1.1,89.6,0.0,52.41,5.7,1.08,0.16,1.36,-1.8,-1.54,-0.49,9.427,0.579,1.53,3.502,10.79,10.01,26.59,14.03,0.008,0.007,0.002,0.06,0.05,-80.305175,26.9234594,145.4
-0.8,89.4,0.0,52.46,0.1,-2.35,-0.34,0.11,1.58,-1.62,-0.42,2.786,13.096,8.142,2.786,6.97,4.12,-1.08,-3.83,0.008,0.007,0.002,0.12,0.11,-80.3051774,26.9234358,145.45
-0.4,89.2,0.0,52.62,2.2,-3.67,-0.29,-6.3,1.74,-1.74,-0.45,9.947,0.952,-0.167,-1.687,11.97,10.1,14.13,7.65,0.008,0.008,0.002,0.09,0.08,-80.3051798,26.9234121,145.5
-1.2,89.2,0.0,52.78,2.32,3.2,-1.1,6.93,-2.65,-1.61,-0.49,5.003,12.213,4.297,5.886,9.32,11.58,17.95,21.09,0.008,0.008,0.003,0.21,0.19,-80.3051821,26.9233884,145.55
-1.1,89.4,0.0,52.89,2.9,0.71,-0.88,-5.05,0.09,-1.81,-0.44,5.866,12.184,5.513,2.796,13.34,10.4,13.15,-6.87,0.008,0.008,0.003,0.16,0.15,-80.3051845,26.9233647,145.6
-1.0,89.8,0.0,53.04,1.38,-2.82,-1.14,0.18,0.73,-1.72,-0.47,8.77,1.717,9.888,4.64,11.97,8.44,15.3,21.19,0.008,0.008,0.003,0.19,0.18,-80.3051869,26.9233409,145.65
-1.3,90.1,0.0,53.17,1.52,-4.01,-0.65,0.19,0.72,-1.75,-0.45,4.591,16.736,4.689,9.133,9.42,11.48,14.32,7.85,0.008,0.008,0.003,0.13,0.12,-80.3051893,26.923317,145.7
-0.8,90.4,0.0,53.29,3.53,1.46,-0.83,2.83,-2.08,-1.77,-0.48,5.68,3.777,2.894,1.491,8.24,13.64,11.58,17.46,0.008,0.009,0.004,0.27,0.25,-80.3051918,26.9232931,145.75
-0.6,90.6,0.0,53.46,4.24,-0.78,-0.73,-7.41,1.51,-1.95,-0.45,6.632,1.05,5.543,4.091,12.65,0.69,17.95,23.35,0.008,0.008,0.004,0.22,0.21,-80.3051943,26.9232691,145.8
-1.5,90.5,0.0,53.57,2.13,-2.59,-1.17,6.31,-1.39,-1.76,-0.48,4.375,18.031,8.584,2.659,18.34,7.65,-2.26,1.96,0.008,0.009,0.003,0.28,0.26,-80.3051968,26.9232451,145.85
-1.2,90.3,0.0,53.68,2.64,-2.04,-0.35,-0.76,0.77,-1.85,-0.46,7.024,4.385,1.942,2.07,4.41,9.42,10.3,5.1,0.008,0.009,0.004,0.22,0.2,-80.3051994,26.923221,145.9
-1.3,90.1,0.0,53.83,2.17,0.27,-1.51,-0.87,0.48,-1.79,-0.48,10.624,1.099,8.025,9.212,11.38,16.78,14.32,20.11,0.008,0.009,0.004,0.31,0.3,-80.3052019,26.9231969,145.95
-1.4,89.1,0.0,53.96,3.04,-1.2,-0.91,1.49,0.71,-1.75,-0.44,4.415,14.676,4.513,6.396,19.52,3.43,12.85,-3.73,0.008,0.009,0.004,0.28,0.26,-80.3052045,26.9231726,146.0
-0.6,87.3,0.0,54.06,2.01,-4.92,-0.77,1.27,0.32,-1.73,-0.44,3.375,15.608,7.858,3.12,5.98,7.75,-1.77,2.35,0.008,0.008,0.004,0.25,0.23,-80.3052071,26.9231483,146.05
-1.1,85.7,0.0,54.18,1.04,-3.32,-0.43,-2.42,0.91,-1.79,-0.44,8.24,0.903,4.101,4.375,10.01,20.5,27.66,30.9,0.007,0.009,0.004,0.2,0.19,-80.3052097,26.923124,146.1
-0.6,84.4,0.0,54.36,3.16,1.11,-0.98,6.76,-3.68,-1.65,-0.51,6.681,7.044,-0.039,2.04,11.38,3.14,6.87,13.54,0.008,0.008,0.004,0.27,0.26,-80.3052123,26.9230996,146.15
-0.6,83.3,0.0,54.45,2.47,-0.98,-0.31,-6.52,2.74,-1.84,-0.41,2.649,13.705,6.475,3.178,7.95,9.71,0.69,0.49,0.008,0.009,0.004,0.21,0.2,-80.305215,26.9230752,146.2
-0.9,82.1,0.0,54.53,0.71,-3.33,0.08,-1.92,0.86,-1.78,-0.43,5.611,4.375,4.13,5.18,15.79,16.97,11.87,15.21,0.008,0.009,0.005,0.11,0.11,-80.3052177,26.9230507,146.25
-0.6,80.7,0.0,54.72,3.8,2.77,-0.33,5.28,-3.15,-1.66,-0.51,10.389,-4.052,4.405,4.777,8.14,7.55,20.6,30.31,0.008,0.008,0.004,0.28,0.26,-80.3052204,26.9230262,146.3
-0.7,79.8,0.0,54.85,4.19,1.6,-0.84,-4.9,2.39,-1.79,-0.41,2.413,7.907,1.413,2.099,9.22,6.67,14.72,8.34,0.008,0.009,0.004,0.27,0.26,-80.3052231,26.9230016,146.35
-1.2,79.3,0.0,54.91,0.96,-2.22,-0.84,5.2,-0.55,-1.64,-0.41,4.11,15.421,6.19,2.835,15.89,5.2,-9.12,1.18,0.008,0.009,0.004,0.2,0.19,-80.3052258,26.922977,146.4
-0.6,78.9,0.0,55.0,1.5,-3.41,-0.63,-2.53,0.5,-1.7,-0.42,2.266,17.158,4.444,-1.354,6.77,13.05,21.09,15.01,0.008,0.009,0.004,0.19,0.18,-80.3052286,26.9229523,146.45
-0.6,79.1,0.0,55.13,1.5,0.03,-1.24,-2.38,0.3,-1.68,-0.45,8.594,-5.572,2.403,1.746,14.03,17.85,7.16,1.96,0.009,0.009,0.004,0.22,0.21,-80.3052314,26.9229275,146.5
-0.1,79.2,0.0,55.29,3.74,-0.68,-0.28,1.88,-1.36,-1.61,-0.47,12.89,0.981,2.845,2.453,9.81,3.83,17.66,19.33,0.008,0.009,0.005,0.29,0.28,-80.3052342,26.9229027,146.55
0.6,79.7,0.0,55.37,1.05,-3.14,0.73,-5.2,2.79,-1.74,-0.39,6.357,7.917,0.844,5.337,11.58,5.4,17.07,9.42,0.008,0.009,0.004,0.23,0.23,-80.305237,26.9228779,146.6
0.0,80.3,0.0,55.45,2.07,0.58,-0.01,3.66,-1.95,-1.62,-0.45,5.503,19.071,8.201,3.983,12.46,8.93,6.67,-1.37,0.007,0.008,0.004,0.17,0.17,-80.3052399,26.922853,146.65
0.5,80.6,0.0,55.57,3.1,-1.59,0.5,-1.03,1.56,-1.66,-0.41,0.481,16.785,5.268,-0.471,2.16,11.18,19.72,2.35,0.007,0.008,0.004,0.12,0.11,-80.3052427,26.9228281,146.7
0.3,80.7,0.0,55.65,1.32,-3.34,1.02,-3.08,0.71,-1.63,-0.43,8.564,0.883,4.925,3.551,16.09,18.54,9.61,10.79,0.008,0.008,0.004,0.06,0.06,-80.3052456,26.9228031,146.75
0.6,80.3,0.0,55.81,3.67,4.17,0.31,3.36,-3.17,-1.52,-0.51,9.947,-0.432,-0.647,6.543,7.85,8.83,21.68,26.59,0.008,0.008,0.004,0.18,0.18,-80.3052485,26.9227781,146.8
0.4,79.3,0.0,55.92,3.2,0.98,0.71,-3.21,0.37,-1.59,-0.48,8.692,-2.06,6.524,7.828,14.91,7.55,23.45,26.68,0.009,0.009,0.004,0.08,0.08,-80.3052513,26.922753,146.85
-0.2,77.5,0.0,56.0,0.97,-0.81,0.58,6.03,-0.49,-1.44,-0.51,5.857,7.426,0.216,3.394,12.36,1.08,-1.08,15.11,0.009,0.009,0.004,0.1,0.1,-80.3052542,26.9227279,146.9
0.8,74.0,0.0,56.08,1.03,0.55,-0.11,-4.43,2.43,-1.61,-0.43,5.101,12.361,3.188,5.739,8.73,3.43,15.6,6.18,0.009,0.009,0.004,0.11,0.1,-80.305257,26.9227027,146.95
0.1,69.8,0.0,56.19,3.4,-0.09,0.02,1.41,-1.75,-1.52,-0.46,2.031,18.119,5.484,4.699,17.27,11.97,9.03,-10.99,0.009,0.009,0.004,0.11,0.11,-80.3052599,26.9226775,147.0
0.7,67.8,0.0,56.24,0.92,-1.91,0.36,2.92,0.51,-1.49,-0.41,-0.412,18.345,7.142,-1.148,-2.45,8.44,-4.22,4.51,0.008,0.008,0.004,0.07,0.07,-80.3052627,26.9226523,147.05
0.8,67.5,0.0,56.32,1.08,-0.13,0.24,-3.22,0.88,-1.58,-0.36,7.514,4.532,6.995,1.55,8.63,16.28,21.58,15.01,0.008,0.008,0.004,0.07,0.07,-80.3052656,26.9226269,147.1
0.4,67.2,0.0,56.47,4.58,2.75,0.02,3.9,-2.07,-1.49,-0.41,7.838,-0.912,0.883,0.373,9.52,7.65,16.58,3.92,0.008,0.008,0.004,0.12,0.12,-80.3052684,26.9226016,147.15
0.7,66.7,0.0,56.52,0.76,-1.66,0.33,-2.78,1.55,-1.63,-0.37,10.781,-4.385,2.472,-5.69,10.99,11.09,4.02,14.03,0.008,0.008,0.004,0.08,0.08,-80.3052713,26.9225762,147.2
-0.3,66.5,0.0,56.62,2.2,0.16,0.44,-2.6,-0.02,-1.65,-0.42,13.479,-5.366,4.562,7.73,20.01,7.65,32.27,34.34,0.008,0.008,0.004,0.11,0.1,-80.3052742,26.9225508,147.25
0.5,66.4,0.0,56.72,2.73,1.59,-0.24,-1.7,0.84,-1.64,-0.42,8.996,3.473,10.683,9.653,9.81,-0.69,14.22,16.68,0.008,0.008,0.004,0.15,0.15,-80.305277,26.9225254,147.3
0.0,65.9,0.0,56.78,1.19,0.06,0.16,2.81,0.15,-1.52,-0.4,8.113,3.983,3.129,2.06,15.99,6.28,5.69,11.09,0.008,0.008,0.004,0.15,0.15,-80.3052799,26.9224999,147.35
0.6,63.4,0.0,56.84,0.49,-1.37,0.63,-4.5,2.04,-1.65,-0.34,3.532,12.233,5.729,4.944,-5.79,6.47,18.93,21.68,0.008,0.008,0.005,0.12,0.12,-80.3052828,26.9224744,147.4
0.5,60.9,0.0,56.91,1.69,2.17,-0.47,2.9,-1.83,-1.55,-0.4,5.327,16.108,6.229,6.936,7.26,15.99,7.95,12.26,0.008,0.009,0.005,0.18,0.17,-80.3052856,26.9224488,147.45
0.7,59.4,0.0,56.96,1.25,0.77,0.29,1.31,0.2,-1.55,-0.36,-0.952,18.247,2.884,3.757,0.78,1.57,-8.83,1.47,0.009,0.008,0.005,0.17,0.17,-80.3052885,26.9224233,147.5
1.1,58.1,0.0,56.99,0.34,-1.88,0.62,-3.56,2.04,-1.65,-0.29,3.277,17.285,2.06,-0.216,6.67,12.85,8.63,10.3,0.008,0.008,0.005,0.11,0.11,-80.3052914,26.9223977,147.55
0.4,57.4,0.0,57.06,2.47,2.53,0.15,3.18,-1.82,-1.57,-0.35,-4.866,19.355,6.838,-0.177,12.16,16.48,13.05,-8.53,0.008,0.008,0.005,0.08,0.08,-80.3052943,26.9223721,147.6
0.8,57.3,0.0,57.1,1.04,-0.03,0.71,-0.44,-0.02,-1.61,-0.34,3.836,13.999,7.887,-1.766,13.24,12.07,-8.93,0.59,0.008,0.008,0.005,0.06,0.06,-80.3052971,26.9223465,147.65
0.7,57.2,0.0,57.13,1.09,-2.16,0.98,-0.3,-0.1,-1.65,-0.3,1.697,10.634,3.414,1.462,18.54,12.56,18.64,11.38,0.008,0.007,0.005,0.02,0.02,-80.3053,26.9223208,147.7
0.2,58.0,0.0,57.2,2.25,2.26,0.07,1.77,-1.55,-1.64,-0.35,7.711,3.659,8.603,4.719,10.79,12.36,19.13,3.53,0.008,0.008,0.005,0.01,0.01,-80.3053029,26.9222951,147.75
-0.2,58.2,0.0,57.27,2.17,0.49,0.6,4.67,-1.97,-1.58,-0.38,2.354,6.259,3.483,2.884,17.27,17.46,-1.28,7.36,0.008,0.007,0.005,0.01,0.01,-80.3053058,26.9222695,147.8
0.6,59.0,0.0,57.27,-0.93,-1.21,0.57,-4.67,1.27,-1.73,-0.36,12.243,-4.866,3.071,2.865,4.02,8.14,23.74,27.76,0.008,0.008,0.005,-0.02,-0.02,-80.3053086,26.9222437,147.85
-0.2,59.8,0.0,57.4,3.67,3.07,-0.21,6.66,-2.72,-1.58,-0.43,4.532,-2.56,1.138,4.787,16.68,18.74,18.34,3.14,0.008,0.008,0.005,0.07,0.07,-80.3053115,26.922218,147.9
-0.4,60.4,0.0,57.4,-0.57,-0.76,-0.01,0.81,0.04,-1.62,-0.39,10.585,-2.629,3.473,-0.363,4.61,8.83,7.06,12.07,0.008,0.008,0.005,0.03,0.03,-80.3053143,26.9221922,147.95
0.2,60.9,0.0,57.47,1.42,0.34,-0.41,0.36,-0.58,-1.64,-0.39,9.741,-8.397,0.314,3.335,12.26,12.07,26.09,20.4,0.008,0.008,0.005,0.03,0.03,-80.3053172,26.9221664,148.0
0.4,61.0,0.0,57.55,1.79,0.09,-0.78,-4.46,1.23,-1.76,-0.36,16.187,-6.838,-0.775,-2.423,11.67,3.43,16.28,7.26,0.008,0.008,0.005,0.14,0.14,-80.30532,26.9221405,148.05
0.1,60.9,0.0,57.61,2.22,-0.67,0.64,4.18,-0.8,-1.66,-0.39,8.623,-2.649,5.503,0.01,16.68,3.04,11.58,20.21,0.008,0.008,0.005,0.03,0.03,-80.3053229,26.9221146,148.1
0.7,60.5,0.0,57.62,-0.67,-1.94,0.01,-5.33,2.54,-1.79,-0.31,15.941,-4.493,-1.903,2.06,18.84,8.63,24.43,18.25,0.008,0.008,0.006,-0.0,-0.0,-80.3053258,26.9220888,148.15
0.9,59.6,0.0,57.74,3.97,0.89,0.24,1.03,-1.07,-1.69,-0.33,9.369,-6.995,5.572,0.942,17.85,0.88,36.3,16.97,0.008,0.008,0.006,0.05,0.05,-80.3053286,26.9220628,148.2
0.8,58.5,0.0,57.76,-0.18,-2.64,0.46,-0.37,0.5,-1.7,-0.31,11.38,0.324,3.757,2.207,26.78,11.38,14.42,20.5,0.008,0.008,0.006,0.0,0.0,-80.3053315,26.9220369,148.25
1.1,57.8,0.0,57.81,1.07,1.45,0.48,0.52,-1.26,-1.71,-0.32,9.064,-3.453,2.453,1.001,7.75,-0.39,27.57,26.98,0.008,0.008,0.006,0.06,0.06,-80.3053343,26.922011,148.3
0.4,56.3,0.0,57.86,0.82,0.54,0.94,-4.59,1.81,-1.79,-0.29,14.175,-6.19,4.326,-1.334,20.6,12.26,23.84,13.34,0.008,0.008,0.006,0.08,0.08,-80.3053372,26.921985,148.35
-0.2,51.8,0.0,57.89,0.99,-0.88,1.48,1.69,0.25,-1.72,-0.3,11.331,-2.246,7.073,7.073,6.87,-1.47,17.46,21.29,0.008,0.008,0.006,-0.01,-0.01,-80.30534,26.921959,148.4
-0.2,42.0,0.0,57.9,-1.22,1.4,0.29,2.59,-0.26,-1.7,-0.28,12.841,-3.463,4.542,5.396,10.1,19.23,14.52,19.62,0.008,0.008,0.006,0.04,0.04,-80.3053429,26.921933,148.45
-0.8,31.5,0.0,57.92,-1.01,-2.28,0.29,0.94,3.19,-1.63,-0.25,8.515,-7.917,6.749,4.748,-0.1,-2.45,21.09,29.53,0.008,0.008,0.006,-0.06,-0.06,-80.3053458,26.9219064,148.5
0.0,26.0,0.0,57.88,-0.86,2.13,-0.13,0.31,0.96,-1.65,-0.19,8.535,-1.275,7.357,5.582,9.52,11.28,6.28,17.46,0.008,0.008,0.007,0.06,0.06,-80.3053486,26.9218804,148.55
0.0,23.5,0.0,57.85,0.71,0.44,-0.33,-5.12,2.49,-1.73,-0.1,11.86,-0.706,3.071,7.671,8.53,4.81,11.97,20.31,0.007,0.007,0.007,0.06,0.06,-80.3053514,26.9218544,148.6
0.1,20.0,0.0,57.78,-1.39,-1.31,0.26,1.78,0.51,-1.71,-0.06,8.388,1.265,11.792,9.771,13.93,5.98,9.61,19.23,0.007,0.007,0.008,0.08,0.08,-80.3053542,26.9218285,148.65
-0.6,15.1,0.0,57.73,-1.46,0.26,-0.49,1.19,0.11,-1.73,0.01,9.643,-1.158,-1.197,6.543,13.05,-3.14,17.07,18.64,0.007,0.007,0.008,0.08,0.08,-80.305357,26.9218025,148.7
-0.3,10.0,0.0,57.61,-3.1,-0.16,-0.22,-1.83,2.87,-1.81,0.1,10.144,10.34,2.884,6.661,12.85,4.81,12.07,12.26,0.006,0.007,0.009,0.11,0.11,-80.3053598,26.9217766,148.75
-0.5,7.2,0.0,57.39,-4.81,-1.26,-0.38,2.92,3.28,-1.81,0.21,1.579,19.336,1.57,-0.579,12.07,6.47,5.69,16.58,0.005,0.006,0.01,0.09,0.09,-80.3053625,26.9217507,148.8
-0.4,5.6,0.0,57.2,-4.49,-1.17,0.01,1.71,1.41,-1.85,0.34,-0.039,18.757,-7.318,-1.521,5.3,5.89,-1.08,-1.57,0.004,0.004,0.01,0.05,0.05,-80.3053653,26.921725,148.85
-0.6,3.8,0.0,57.03,-2.13,0.55,0.69,0.66,-0.66,-1.88,0.37,7.524,10.879,-0.912,-2.708,17.85,18.54,5.4,4.81,0.003,0.004,0.01,0.05,0.05,-80.3053681,26.9216993,148.9
-0.6,3.7,0.0,56.87,-3.41,-1.24,-0.13,1.95,-0.62,-1.78,0.36,4.365,4.571,1.373,-2.207,12.85,11.58,14.91,2.06,0.003,0.003,0.01,0.04,0.03,-80.3053708,26.9216737,148.95
-0.8,3.6,0.0,56.73,-3.89,-0.72,-0.1,-3.18,-0.28,-1.76,0.36,11.419,-1.246,3.669,-1.55,17.17,18.44,11.09,26.29,0.003,0.003,0.01,0.02,0.02,-80.3053736,26.9216482,149.0
-0.6,3.6,0.0,56.56,-2.78,1.31,-0.37,-3.23,1.5,-1.84,0.37,13.077,-1.678,-1.678,0.628,0.88,1.77,17.95,22.56,0.003,0.004,0.011,0.05,0.05,-80.3053763,26.9216227,149.05
-0.5,3.5,0.0,56.37,-4.01,0.51,-0.57,-2.08,1.24,-1.87,0.38,2.158,12.194,3.865,4.709,8.34,10.2,7.16,15.99,0.004,0.004,0.011,0.15,0.15,-80.3053791,26.9215974,149.1
-0.6,3.4,0.0,56.17,-4.49,-3.85,-0.08,-2.79,0.73,-1.91,0.39,6.396,22.975,-8.986,-2.57,5.79,5.69,-7.16,1.28,0.003,0.004,0.011,0.08,0.08,-80.3053818,26.9215721,149.15
0.5,3.3,0.0,56.01,-2.78,1.46,0.71,2.73,-3.11,-1.89,0.33,2.678,11.605,-0.177,-1.756,17.17,11.77,14.91,10.5,0.004,0.004,0.011,0.08,0.08,-80.3053845,26.9215469,149.2
-0.3,3.3,0.0,55.89,-2.65,0.35,0.75,-3.82,1.63,-1.93,0.35,12.253,-2.227,8.476,-0.01,19.23,13.54,23.15,20.5,0.003,0.004,0.011,0.12,0.11,-80.3053872,26.9215217,149.25
0.0,3.4,0.0,55.7,-4.67,-2.9,0.82,-0.06,1.85,-1.99,0.41,8.809,8.123,6.789,-0.01,9.12,1.57,12.95,21.78,0.003,0.003,0.011,0.11,0.11,-80.30539,26.9214967,149.3
0.0,3.3,0.0,55.5,-4.21,-0.93,0.68,2.56,-1.67,-1.94,0.42,3.63,19.031,-9.025,-0.5,9.12,9.71,2.75,-4.12,0.002,0.003,0.011,0.01,0.01,-80.3053927,26.9214717,149.35
-0.4,3.3,0.0,55.36,-0.75,-0.08,0.34,0.6,-0.14,-1.87,0.38,11.252,7.269,1.305,-2.747,4.61,12.75,14.81,1.96,0.003,0.004,0.011,0.01,0.01,-80.3053953,26.9214468,149.4
-0.4,3.3,0.0,55.23,-2.75,-0.57,-0.07,1.48,0.49,-1.79,0.38,9.732,-4.208,2.59,-1.844,17.17,1.57,22.86,20.6,0.003,0.004,0.011,0.03,0.03,-80.305398,26.9214219,149.45
-0.4,3.3,0.0,55.03,-5.59,-1.26,-0.12,-2.42,2.17,-1.85,0.43,3.64,16.157,-1.678,-0.118,19.03,7.16,-2.84,6.57,0.003,0.004,0.011,0.02,0.02,-80.3054007,26.9213972,149.5
0.3,3.4,0.0,54.86,-1.98,2.72,-0.1,6.12,-5.1,-1.83,0.37,5.209,14.234,1.844,-1.884,5.0,3.34,10.3,9.81,0.003,0.003,0.011,0.02,0.02,-80.3054034,26.9213725,149.55
-0.6,3.3,0.0,54.72,-1.84,1.31,-0.13,-2.74,0.62,-1.85,0.34,10.614,-0.559,6.18,-1.717,13.34,16.28,17.46,22.46,0.003,0.004,0.01,0.05,0.05,-80.305406,26.9213479,149.6
-0.5,3.3,0.0,54.54,-4.2,-0.14,-0.11,5.95,0.13,-1.78,0.4,5.013,8.456,0.314,-1.57,4.02,-0.59,12.07,12.95,0.003,0.003,0.01,0.06,0.06,-80.3054087,26.9213233,149.65
0.3,3.3,0.0,54.36,-3.09,-1.11,0.13,0.59,-1.48,-1.73,0.4,9.741,14.234,3.963,-2.639,12.95,9.52,-2.55,0.98,0.003,0.003,0.01,0.0,0.0,-80.3054113,26.9212989,149.7
0.7,3.3,0.0,54.24,-1.93,2.3,-0.5,1.11,-0.82,-1.7,0.35,15.382,-4.689,3.394,0.54,22.07,10.89,18.15,30.71,0.003,0.004,0.011,0.04,0.04,-80.3054139,26.9212745,149.75
0.2,3.3,0.0,54.06,-3.22,-0.93,0.04,-1.09,1.32,-1.76,0.44,4.964,12.969,-11.88,-0.706,1.28,6.47,1.86,-8.04,0.004,0.004,0.011,0.05,0.04,-80.3054166,26.9212501,149.8
0.3,3.3,0.0,53.91,-1.89,0.28,0.61,5.78,-2.91,-1.71,0.4,10.291,6.406,6.798,-2.884,10.01,16.97,25.7,12.95,0.003,0.004,0.011,0.04,0.04,-80.3054192,26.9212259,149.85
-0.5,3.3,0.0,53.75,-5.01,-2.69,1.16,-5.73,3.12,-1.81,0.43,8.76,8.495,1.707,-0.961,11.58,9.81,8.44,18.84,0.003,0.003,0.011,-0.06,-0.06,-80.3054218,26.9212017,149.9
-0.1,3.3,0.0,53.55,-3.46,1.45,0.19,2.63,-2.28,-1.75,0.38,3.649,16.854,5.631,-2.05,7.95,8.44,8.73,2.55,0.003,0.003,0.01,-0.04,-0.04,-80.3054244,26.9211776,149.95
0.1,3.3,0.0,53.45,-1.93,-0.26,0.22,-4.64,2.91,-1.74,0.36,8.652,-3.384,0.265,0.746,11.58,7.06,17.66,16.87,0.002,0.003,0.01,-0.01,-0.01,-80.3054269,26.9211535,150.0
-0.5,3.3,0.0,53.25,-3.74,-1.71,0.24,5.66,-1.68,-1.68,0.4,6.524,20.797,-1.903,-2.865,4.81,7.55,10.59,-8.53,0.002,0.003,0.01,-0.03,-0.03,-80.3054295,26.9211296,150.05
-0.2,3.3,0.0,53.12,-3.18,-0.68,0.34,-2.24,0.24,-1.67,0.34,9.967,-2.472,9.418,-1.952,15.7,0.2,16.58,19.91,0.003,0.003,0.01,-0.0,-0.0,-80.3054321,26.9211057,150.1
0.2,3.3,0.0,52.94,-4.29,-0.24,-0.46,-1.22,0.25,-1.75,0.39,6.7,15.618,-3.316,1.344,10.4,12.85,1.47,-3.83,0.003,0.004,0.01,0.08,0.07,-80.3054346,26.9210818,150.15
-0.2,3.3,0.0,52.82,-0.79,1.02,-0.43,1.78,1.1,-1.68,0.37,12.439,1.825,5.964,1.766,2.16,5.4,24.03,25.6,0.003,0.004,0.011,0.1,0.09,-80.3054371,26.9210581,150.2
0.1,3.3,0.0,52.65,-3.63,-3.43,-0.37,1.98,0.36,-1.69,0.46,8.26,16.265,-5.366,-1.991,9.81,9.22,0.98,-4.91,0.003,0.004,0.011,0.06,0.05,-80.3054397,26.9210344,150.25
0.4,3.3,0.0,52.52,-2.82,0.71,0.35,-0.48,-1.21,-1.71,0.38,11.105,-1.275,10.35,0.628,21.19,18.44,21.19,22.86,0.003,0.003,0.011,0.09,0.08,-80.3054422,26.9210107,150.3
0.1,3.2,0.0,52.33,-4.49,-2.12,0.1,-1.93,0.54,-1.77,0.43,8.103,15.794,-1.089,-2.668,-1.57,6.87,-0.59,-0.78,0.002,0.003,0.01,0.04,0.04,-80.3054447,26.9209872,150.35
0.6,3.3,0.0,52.21,-1.22,1.87,0.34,5.28,-1.08,-1.65,0.38,11.713,2.09,5.121,6.082,12.46,6.47,13.24,14.13,0.003,0.003,0.01,0.09,0.08,-80.3054473,26.9209637,150.4
0.7,3.3,0.0,52.01,-4.18,-0.84,0.27,-3.06,-0.07,-1.69,0.45,8.839,10.104,4.277,-1.619,12.95,11.09,15.01,20.01,0.003,0.003,0.01,-0.04,-0.03,-80.3054498,26.9209403,150.45
-0.1,3.3,0.0,51.9,-1.91,0.17,-0.01,0.37,-0.23,-1.74,0.41,8.8,2.668,2.737,-0.088,5.4,2.35,14.42,15.01,0.003,0.003,0.01,-0.01,-0.0,-80.3054523,26.9209169,150.5
0.3,3.3,0.0,51.68,-3.35,-3.49,0.43,1.75,-0.26,-1.73,0.42,10.183,14.852,2.825,-2.717,14.62,6.28,13.54,-0.59,0.003,0.003,0.01,-0.03,-0.02,-80.3054548,26.9208936,150.55
0.6,3.3,0.0,51.54,-5.91,-0.23,0.44,-1.01,1.9,-1.75,0.44,6.2,6.632,6.249,4.267,7.55,12.36,6.18,15.7,0.003,0.003,0.01,0.01,0.01,-80.3054573,26.9208704,150.6
0.4,3.3,0.0,51.36,-1.59,4.83,0.58,3.77,-2.21,-1.69,0.42,10.683,1.844,3.747,2.688,17.56,12.07,21.19,17.66,0.003,0.003,0.01,0.05,0.04,-80.3054597,26.9208473,150.65
0.9,3.3,0.0,51.18,-4.73,-1.83,0.07,0.39,-0.79,-1.76,0.45,9.231,16.206,3.129,-1.216,13.24,11.67,20.31,12.46,0.002,0.002,0.01,0.03,0.02,-80.3054622,26.9208243,150.7
0.3,3.3,0.0,51.05,-2.21,-0.58,0.5,-2.34,1.32,-1.75,0.44,6.004,7.72,7.034,3.561,9.61,13.34,19.91,18.64,0.002,0.003,0.009,-0.02,-0.02,-80.3054646,26.9208013,150.75
-0.4,3.3,0.0,50.83,-3.91,-0.72,0.3,-1.01,-0.03,-1.76,0.44,10.477,6.269,1.226,-0.834,17.85,13.93,16.09,10.1,0.002,0.003,0.009,-0.02,-0.01,-80.305467,26.9207784,150.8
-0.3,3.2,0.0,50.63,-5.55,-2.91,0.25,-1.88,0.47,-1.78,0.46,2.511,18.482,-3.934,-1.648,-3.24,3.92,4.91,3.63,0.002,0.002,0.009,-0.05,-0.05,-80.3054694,26.9207556,150.85
-0.2,3.3,0.0,50.47,-4.12,-0.28,0.14,4.61,-0.16,-1.71,0.44,8.682,3.581,2.796,9.506,11.58,8.04,2.35,24.82,0.002,0.002,0.009,0.01,0.01,-80.3054718,26.9207328,150.9
0.8,3.3,0.0,50.27,-2.19,3.48,-0.22,-1.67,-1.65,-1.72,0.42,12.518,3.787,9.084,2.001,15.01,7.46,15.7,10.4,0.002,0.002,0.009,0.01,0.01,-80.3054742,26.9207102,150.95
1.0,3.3,0.0,50.07,-4.65,-2.19,0.29,-0.92,-0.04,-1.79,0.45,9.113,11.144,4.052,2.727,3.24,6.47,15.01,6.77,0.002,0.002,0.009,-0.01,-0.01,-80.3054766,26.9206876,151.0
1.5,3.3,0.0,49.91,-3.34,-0.92,0.55,0.83,0.86,-1.82,0.45,6.151,7.613,-1.315,3.277,30.41,7.95,12.56,12.95,0.003,0.003,0.009,0.02,0.02,-80.3054789,26.9206652,151.05
0.6,3.3,0.0,49.76,-2.96,-0.59,0.75,-6.83,0.81,-1.84,0.45,9.653,-2.148,4.621,4.258,6.57,3.24,33.45,17.56,0.002,0.003,0.01,0.05,0.05,-80.3054813,26.9206427,151.1
-0.4,3.3,0.0,49.58,-2.83,-1.3,0.9,2.31,1.07,-1.72,0.47,10.919,3.581,2.423,-2.207,14.42,16.68,9.91,8.24,0.002,0.003,0.009,-0.05,-0.04,-80.3054836,26.9206204,151.15
0.9,3.3,0.0,49.41,-4.56,-0.85,0.55,0.63,-0.34,-1.71,0.49,6.789,16.687,6.798,-1.256,4.32,10.01,1.96,3.34,0.002,0.002,0.009,-0.06,-0.05,-80.3054859,26.9205982,151.2
0.5,3.3,0.0,49.27,-3.72,2.41,0.21,4.41,-1.85,-1.68,0.47,7.23,10.31,1.707,5.425,18.15,13.64,-1.37,18.54,0.002,0.002,0.009,0.01,0.01,-80.3054882,26.920576,151.25
1.0,3.3,0.0,49.13,-3.37,0.95,0.18,-0.71,-0.35,-1.71,0.44,8.613,5.17,10.114,9.221,5.49,12.36,23.05,17.56,0.002,0.002,0.009,0.03,0.02,-80.3054905,26.9205539,151.3
0.9,3.3,0.0,48.95,-2.55,-2.62,1.02,-0.07,-0.7,-1.72,0.42,14.607,3.306,8.603,4.827,20.7,12.26,15.01,19.13,0.002,0.002,0.008,-0.08,-0.07,-80.3054928,26.9205318,151.35
0.2,3.2,0.0,48.76,-2.49,1.41,0.68,3.98,-2.22,-1.76,0.45,8.947,3.414,2.158,-0.402,-2.65,5.4,12.95,16.58,0.002,0.002,0.008,-0.02,-0.02,-80.305495,26.9205099,151.4
-0.3,3.3,0.0,48.56,-3.57,2.41,0.69,0.31,1.47,-1.79,0.45,9.898,11.095,-1.05,0.647,9.52,9.81,3.04,-2.06,0.001,0.002,0.008,0.02,0.01,-80.3054972,26.920488,151.45
0.4,3.3,0.0,48.36,-5.94,-4.5,0.29,-5.61,3.14,-1.74,0.45,6.7,11.684,0.844,-0.0,5.4,3.53,9.61,2.45,0.002,0.002,0.008,-0.02,-0.02,-80.3054994,26.9204662,151.5
1.0,3.3,0.0,48.15,-5.71,-4.34,0.62,-0.14,1.77,-1.68,0.46,10.418,10.359,0.422,2.099,17.95,10.1,12.65,8.73,0.003,0.002,0.008,-0.11,-0.09,-80.3055016,26.9204445,151.55
0.9,3.3,0.0,47.96,-4.47,-2.39,0.6,-4.97,2.41,-1.79,0.54,3.924,12.037,1.452,3.973,11.28,7.16,12.75,16.38,0.003,0.002,0.009,-0.1,-0.08,-80.3055038,26.9204229,151.6
0.2,3.3,0.0,47.76,-5.09,3.4,0.9,-6.25,0.47,-1.86,0.53,3.188,11.066,5.16,5.189,-3.24,4.71,11.38,20.5,0.001,0.002,0.009,0.02,0.01,-80.3055059,26.9204014,151.65
0.9,3.3,0.0,47.55,-4.33,2.19,0.82,-0.41,0.96,-1.71,0.49,9.418,9.839,8.289,4.993,11.97,-1.18,-9.81,4.81,0.001,0.0,0.007,-0.05,-0.04,-80.3055081,26.92038,151.7
0.3,3.3,0.0,47.33,-4.47,-0.47,0.59,2.21,0.13,-1.63,0.45,8.201,4.954,2.786,8.8,11.28,6.47,8.14,-7.85,0.001,0.0,0.006,-0.04,-0.04,-80.3055101,26.9203586,151.75
0.2,3.3,0.0,47.13,-3.91,-0.66,0.05,2.16,-0.79,-1.71,0.45,12.478,1.432,-0.324,9.928,22.07,18.05,6.67,14.72,0.001,0.001,0.006,-0.03,-0.02,-80.3055122,26.9203374,151.8
-0.6,3.3,0.0,46.91,-3.07,-0.03,-0.08,1.55,0.42,-1.65,0.49,6.926,3.816,0.147,8.329,4.71,-0.59,0.88,14.81,0.001,0.001,0.007,0.0,0.0,-80.3055143,26.9203162,151.85
-0.5,3.3,0.0,46.7,-3.6,2.02,-0.37,-5.65,1.92,-1.65,0.49,6.72,6.386,5.131,4.689,7.65,1.57,3.43,10.1,0.001,0.0,0.007,0.01,0.01,-80.3055163,26.9202952,151.9
-0.9,3.3,0.0,46.47,-4.61,1.21,0.25,-6.47,1.9,-1.78,0.43,9.516,5.121,10.202,4.297,12.26,11.87,9.32,7.06,0.001,0.001,0.007,0.01,0.0,-80.3055183,26.9202743,151.95
-0.1,3.3,0.0,46.23,-5.61,-0.99,-0.3,-3.45,3.03,-1.91,0.45,8.152,3.247,8.182,5.278,7.65,7.46,13.83,4.22,0.001,0.001,0.007,-0.01,-0.0,-80.3055204,26.9202534,152.0
0.4,3.3,0.0,46.0,-6.19,-1.44,-0.23,-2.05,0.94,-1.91,0.48,6.945,6.622,6.298,2.982,24.43,11.58,12.36,-0.98,0.001,0.001,0.007,0.08,0.07,-80.3055224,26.9202327,152.05
0.3,3.2,0.0,45.77,-5.55,-1.1,-0.01,-1.77,0.29,-1.9,0.49,8.829,18.364,3.492,0.412,18.64,14.42,23.54,4.41,0.001,0.001,0.007,0.07,0.06,-80.3055244,26.920212,152.1
-0.6,3.2,0.0,45.53,-5.91,-2.16,0.47,-0.78,0.99,-1.91,0.51,5.346,20.454,1.805,1.373,2.84,11.09,19.72,16.38,0.0,0.001,0.007,0.09,0.07,-80.3055263,26.9201915,152.15
-0.1,3.2,0.0,45.3,-5.68,0.03,0.26,-0.23,-0.23,-1.93,0.51,5.651,18.521,-0.314,0.412,9.71,8.34,11.38,13.24,0.001,0.001,0.007,-0.01,-0.01,-80.3055283,26.9201711,152.2
0.1,3.3,0.0,45.06,-5.11,1.44,0.7,3.13,-1.86,-1.88,0.49,10.732,14.489,1.893,4.101,17.85,11.77,10.1,11.38,0.001,0.001,0.007,0.03,0.02,-80.3055303,26.9201507,152.25
1.1,3.3,0.0,44.83,-4.98,2.25,0.73,1.44,-1.36,-1.85,0.49,11.429,-4.15,10.811,3.747,14.22,-1.28,14.62,17.76,0.001,0.0,0.007,0.04,0.03,-80.3055322,26.9201305,152.3
0.9,3.3,0.0,44.6,-4.24,0.5,0.79,-1.32,-0.56,-1.87,0.49,10.222,0.863,6.445,8.907,11.28,2.45,10.3,9.12,0.001,0.001,0.006,-0.04,-0.03,-80.3055341,26.9201104,152.35
0.4,3.2,0.0,44.36,-5.38,1.83,0.61,1.31,-0.99,-1.89,0.5,8.329,14.489,3.129,4.375,24.62,11.09,2.94,9.03,0.0,0.0,0.006,0.01,0.0,-80.305536,26.9200904,152.4
-0.5,3.2,0.0,44.13,-3.7,3.0,0.44,2.74,-1.23,-1.85,0.49,6.641,22.955,2.315,4.542,7.55,17.07,4.61,6.28,0.0,0.0,0.006,0.03,0.03,-80.3055379,26.9200705,152.45
-0.6,3.3,0.0,43.9,-4.57,2.24,0.1,-0.9,0.18,-1.85,0.49,9.437,12.596,7.868,4.709,-0.69,3.34,6.67,9.91,0.0,-0.0,0.006,0.07,0.06,-80.3055398,26.9200507,152.5
-0.5,3.3,0.0,43.68,-4.59,0.75,0.16,-4.94,1.69,-1.9,0.49,12.782,-9.113,9.526,7.819,8.83,4.22,4.22,16.58,0.001,0.0,0.006,-0.0,-0.0,-80.3055416,26.920031,152.55
-1.4,3.2,0.0,43.44,-5.97,-0.17,0.54,-3.99,1.28,-1.94,0.51,6.435,21.356,-0.559,3.1,9.22,13.54,9.61,12.16,-0.0,0.0,0.006,-0.0,-0.0,-80.3055434,26.9200114,152.6
-1.0,3.3,0.0,43.21,-4.86,0.88,0.1,1.56,-0.62,-1.88,0.48,9.741,17.099,5.562,3.777,12.16,11.77,2.26,6.57,-0.0,0.0,0.006,0.04,0.03,-80.3055452,26.9199919,152.65
-0.1,3.3,0.0,43.0,-4.59,1.03,-0.47,-0.96,0.66,-1.85,0.48,10.477,-0.795,6.955,6.455,7.46,3.73,6.77,9.32,0.0,0.0,0.006,0.03,0.02,-80.305547,26.9199725,152.7
0.3,3.2,0.0,42.76,-5.08,-0.94,-0.03,-5.0,0.3,-1.92,0.5,7.544,11.684,7.583,6.494,6.87,10.3,2.06,11.38,0.0,0.0,0.006,0.03,0.02,-80.3055488,26.9199532,152.75
0.7,3.3,0.0,42.55,-4.49,2.56,0.63,-2.11,-1.03,-2.03,0.47,10.722,19.247,4.356,4.944,6.08,7.85,8.44,3.53,0.0,-0.0,0.006,0.07,0.05,-80.3055505,26.919934,152.8
0.5,3.3,0.0,42.3,-4.42,0.74,0.81,-0.74,-0.04,-2.05,0.43,14.431,-5.15,8.231,9.575,13.93,7.06,0.1,10.5,0.0,-0.0,0.006,0.01,0.0,-80.3055523,26.9199149,152.85
-0.7,3.3,0.0,42.08,-4.61,2.81,0.65,1.02,-1.36,-2.09,0.43,8.701,23.426,5.641,5.847,17.95,19.33,8.93,10.01,-0.0,-0.0,0.006,0.05,0.03,-80.305554,26.919896,152.9
-1.3,3.3,0.0,41.85,-5.41,2.83,0.31,0.22,1.21,-2.14,0.44,13.204,7.956,11.115,6.936,11.48,16.58,9.91,13.83,-0.0,0.001,0.006,0.08,0.06,-80.3055557,26.9198771,152.95
-1.8,3.2,0.0,41.64,-4.66,-0.85,-0.38,2.65,0.43,-2.07,0.5,5.131,13.175,7.357,3.178,9.71,16.09,12.85,16.87,0.0,0.001,0.006,0.05,0.04,-80.3055574,26.9198583,153.0
-1.9,3.3,0.0,41.43,-4.21,-0.15,-1.02,6.44,-1.86,-1.97,0.52,11.252,11.262,8.701,1.854,3.92,11.09,15.11,16.68,0.0,0.001,0.007,0.05,0.04,-80.305559,26.9198396,153.05
-2.0,3.2,0.0,41.21,-5.16,-4.16,-1.22,-1.21,0.59,-2.01,0.56,8.044,6.249,6.475,4.787,-0.88,4.51,13.05,17.46,-0.0,0.001,0.007,0.09,0.06,-80.3055607,26.919821,153.1
-2.3,3.3,0.0,41.0,-5.03,-0.04,-1.51,-0.4,-0.65,-2.04,0.54,8.564,15.814,7.524,3.875,0.0,5.3,9.71,2.26,-0.0,0.001,0.007,0.19,0.13,-80.3055624,26.9198025,153.15
-2.1,3.2,0.0,40.77,-6.15,-4.51,-1.38,-5.44,2.23,-2.07,0.55,4.542,4.395,8.515,3.149,1.77,6.87,14.32,8.53,-0.0,0.001,0.007,0.1,0.07,-80.3055641,26.9197842,153.2
-1.8,3.3,0.0,40.57,-5.08,-1.98,-1.49,-2.59,1.33,-2.08,0.55,12.871,11.105,9.29,5.258,3.83,9.61,18.34,9.91,-0.001,0.0,0.007,0.16,0.11,-80.3055658,26.9197659,153.25
-1.2,3.2,0.0,40.35,-4.67,-1.91,-0.67,0.17,-0.3,-2.1,0.57,7.534,6.798,5.425,5.346,5.3,4.71,11.48,17.66,-0.001,0.0,0.007,0.21,0.15,-80.3055675,26.9197477,153.3
-1.2,3.3,0.0,40.14,-4.79,-0.04,-0.48,2.89,-1.95,-2.08,0.52,15.421,7.868,10.516,5.66,7.65,5.0,17.85,18.64,-0.001,0.0,0.007,0.19,0.14,-80.3055692,26.9197296,153.35
-1.1,3.3,0.0,39.93,-4.34,-0.27,-0.45,-0.82,-0.49,-2.12,0.51,3.61,25.163,6.73,4.385,12.85,12.16,16.68,20.4,-0.001,0.0,0.007,0.12,0.09,-80.3055709,26.9197116,153.4
-0.7,3.3,0.0,39.72,-4.93,-1.54,-0.32,0.34,1.18,-2.08,0.52,12.645,3.139,7.603,7.171,14.72,6.18,18.05,16.09,-0.001,0.0,0.007,0.1,0.07,-80.3055726,26.9196937,153.45
-1.1,3.3,0.0,39.52,-4.15,0.51,-0.19,0.92,-0.59,-2.07,0.53,12.164,21.66,2.472,2.639,16.38,8.73,10.01,1.28,-0.0,0.0,0.007,0.07,0.05,-80.3055744,26.9196759,153.5
-0.9,3.2,0.0,39.29,-5.34,-3.62,0.14,-0.21,0.46,-2.08,0.5,7.799,5.827,7.063,6.131,12.56,3.83,7.06,22.07,-0.001,0.0,0.006,0.03,0.02,-80.3055761,26.9196581,153.55
-0.6,3.2,0.0,39.09,-4.49,-1.02,-0.19,1.09,0.28,-2.1,0.51,18.237,2.472,8.446,5.876,9.61,1.08,5.1,11.09,-0.001,0.0,0.006,0.06,0.04,-80.3055778,26.9196405,153.6
-1.3,3.3,0.0,38.87,-4.21,2.29,-0.17,0.5,-0.31,-2.07,0.51,8.486,19.797,6.465,3.777,14.03,10.3,11.77,10.1,-0.001,0.0,0.006,0.14,0.09,-80.3055796,26.919623,153.65
-1.5,3.2,0.0,38.65,-5.59,-2.41,-0.39,1.16,-0.76,-2.08,0.53,7.72,13.283,7.956,3.62,7.26,5.98,16.38,25.02,-0.001,-0.0,0.006,0.09,0.06,-80.3055813,26.9196056,153.7
-1.0,3.3,0.0,38.45,-5.54,-1.56,-0.12,-0.33,0.73,-2.12,0.52,13.567,7.77,10.722,4.336,10.1,6.57,17.76,10.5,-0.001,0.0,0.006,0.1,0.07,-80.305583,26.9195883,153.75
-1.3,3.3,0.0,38.24,-4.6,-1.9,-0.29,-1.81,0.02,-2.03,0.51,10.389,20.689,8.289,4.67,5.98,6.67,19.33,2.35,-0.001,-0.0,0.006,0.07,0.05,-80.3055847,26.9195711,153.8
-1.2,3.2,0.0,38.03,-4.17,-0.24,-0.03,0.49,-0.02,-2.02,0.48,3.012,19.542,9.643,-0.5,7.46,7.55,16.97,9.61,-0.001,-0.0,0.006,0.05,0.03,-80.3055864,26.9195539,153.85
-0.7,3.2,0.0,37.83,-4.73,-4.92,-0.21,-3.2,1.04,-2.06,0.5,11.174,2.698,7.72,6.014,13.34,3.83,17.17,17.27,-0.001,-0.0,0.006,0.08,0.05,-80.3055882,26.9195369,153.9
-0.6,3.3,0.0,37.72,-2.57,0.9,-0.47,1.16,-1.91,-2.07,0.44,17.413,-2.011,8.633,7.514,8.34,1.47,17.85,3.83,-0.001,0.0,0.006,0.13,0.09,-80.3055898,26.9195199,153.95
-0.6,3.2,0.0,37.64,-0.42,2.22,-0.16,3.1,-3.11,-1.98,0.32,13.734,9.359,5.984,2.129,3.24,6.28,10.1,15.01,-0.001,0.001,0.006,0.11,0.07,-80.3055915,26.919503,154.0
-0.7,3.2,0.0,37.55,-1.21,0.17,-0.08,-0.56,-0.72,-1.98,0.3,3.826,15.117,6.838,3.904,0.78,10.4,7.16,8.83,0.0,0.001,0.005,0.07,0.05,-80.3055933,26.9194861,154.05
-0.9,3.2,0.0,37.48,-2.26,-1.89,-0.72,0.6,0.22,-1.94,0.31,8.829,7.77,9.83,4.513,-0.1,8.93,12.36,11.87,0.0,0.002,0.005,0.04,0.02,-80.305595,26.9194693,154.1
-0.7,3.3,0.0,37.42,-1.33,-1.11,-0.16,-2.23,2.26,-1.9,0.33,7.946,11.017,12.184,6.877,5.1,15.99,12.16,7.16,0.001,0.002,0.006,0.04,0.02,-80.3055967,26.9194524,154.15
-0.7,3.3,0.0,37.37,0.24,2.23,-0.89,2.5,-1.51,-1.81,0.31,11.89,12.733,7.436,5.091,8.83,20.11,20.8,12.16,0.001,0.002,0.006,0.15,0.1,-80.3055984,26.9194357,154.2
-0.6,3.4,0.0,37.3,0.57,1.12,-0.59,0.94,-1.13,-1.79,0.28,7.044,15.313,7.681,7.357,10.2,14.81,16.87,14.91,0.001,0.002,0.006,0.09,0.06,-80.3056001,26.9194189,154.25
-0.3,3.6,0.0,37.22,-1.36,-2.87,-1.12,3.11,0.31,-1.77,0.28,8.083,10.889,8.466,7.093,14.03,12.65,17.66,19.33,0.001,0.002,0.006,0.04,0.03,-80.3056019,26.9194022,154.3
0.2,3.9,0.0,37.16,-2.11,-3.16,-0.62,-0.48,2.7,-1.76,0.31,10.379,6.759,10.173,3.649,17.07,12.26,4.81,7.36,0.001,0.002,0.006,0.12,0.08,-80.3056036,26.9193855,154.35
0.6,4.2,0.0,37.08,-3.26,-0.67,-0.5,-0.17,0.51,-1.74,0.31,14.882,7.907,3.973,7.407,17.46,9.52,5.4,10.79,0.001,0.002,0.006,0.11,0.07,-80.3056053,26.9193688,154.4
0.9,4.2,0.0,36.93,-3.21,0.52,-0.12,3.61,-0.03,-1.64,0.34,12.939,8.064,7.681,8.093,14.81,10.01,7.65,11.48,0.001,0.002,0.006,0.08,0.05,-80.3056071,26.9193522,154.45
0.4,3.3,0.0,36.79,-2.51,0.52,0.04,-1.88,1.6,-1.63,0.45,8.064,11.811,8.299,4.267,11.18,10.01,11.09,9.91,0.001,0.001,0.007,0.04,0.03,-80.3056088,26.9193357,154.5
0.0,3.3,0.0,36.66,-2.87,0.3,-0.24,-0.28,0.44,-1.64,0.5,8.044,12.704,4.934,4.905,6.87,9.22,8.44,8.34,0.0,0.001,0.007,0.04,0.02,-80.3056106,26.9193192,154.55
-0.3,3.3,0.0,36.5,-3.81,-1.85,0.19,2.65,-1.65,-1.65,0.51,11.801,7.259,6.484,7.201,7.95,7.06,11.28,10.79,-0.0,0.0,0.007,0.03,0.02,-80.3056123,26.9193028,154.6
-0.6,3.3,0.0,36.34,-3.9,-2.7,0.17,-1.14,0.19,-1.67,0.49,9.369,10.82,8.741,3.836,4.91,2.45,16.28,12.85,-0.0,-0.0,0.007,0.02,0.01,-80.3056141,26.9192865,154.65
-0.3,3.2,0.0,36.17,-4.12,-1.73,-0.53,-2.67,2.12,-1.71,0.5,10.242,7.514,5.503,4.591,15.99,4.22,13.05,9.81,-0.0,-0.0,0.007,0.01,0.0,-80.3056158,26.9192702,154.7
-0.4,3.2,0.0,35.99,-4.18,0.77,-0.56,-1.37,2.2,-1.73,0.55,8.996,10.997,4.591,6.17,10.79,-0.29,9.71,5.0,-0.001,-0.0,0.007,0.01,0.01,-80.3056175,26.919254,154.75
0.3,3.3,0.0,35.77,-4.72,0.83,-0.4,1.29,1.91,-1.74,0.61,10.124,7.357,7.966,8.005,10.3,3.24,13.44,10.79,-0.0,-0.0,0.007,0.01,0.0,-80.3056192,26.9192379,154.8
0.1,3.2,0.0,35.57,-3.29,0.73,0.03,-0.84,1.83,-1.74,0.69,11.811,14.538,9.015,5.719,4.71,9.81,11.77,17.56,-0.001,-0.001,0.008,0.12,0.08,-80.305621,26.9192219,154.85
0.1,3.2,0.0,35.45,-3.56,-0.29,-0.24,-3.83,0.21,-1.82,0.63,8.545,13.862,7.387,6.445,0.2,13.93,15.01,15.3,-0.001,-0.001,0.008,0.11,0.07,-80.3056227,26.919206,154.9
0.4,3.3,0.0,35.31,-2.66,2.13,-0.5,0.39,-0.56,-1.84,0.53,7.161,12.096,4.817,5.729,4.51,12.16,19.62,13.83,-0.001,-0.0,0.007,0.12,0.07,-80.3056244,26.9191901,154.95
0.7,3.3,0.0,35.18,-1.99,-0.47,-0.25,-1.06,0.01,-1.86,0.49,12.027,1.766,10.673,9.437,12.26,4.71,11.28,16.97,-0.0,0.0,0.007,0.07,0.04,-80.3056261,26.9191743,155.0
0.8,3.2,0.0,35.05,-2.3,-1.46,-0.01,0.33,-0.99,-1.88,0.47,10.418,3.846,6.347,7.328,17.66,7.36,14.03,17.56,-0.0,0.0,0.007,0.05,0.03,-80.3056278,26.9191585,155.05
0.6,3.2,0.0,34.92,-2.1,-0.42,0.07,-1.54,-1.31,-1.87,0.46,11.527,6.514,8.78,9.202,15.11,8.73,7.65,13.64,-0.001,-0.0,0.007,0.04,0.02,-80.3056295,26.9191428,155.1
0.0,3.2,0.0,34.8,-1.12,0.95,-0.47,0.56,-0.69,-1.87,0.45,8.24,10.242,5.513,8.996,11.67,14.62,12.85,15.6,-0.001,-0.0,0.007,0.06,0.03,-80.3056312,26.9191272,155.15
-0.2,3.2,0.0,34.66,-2.2,-0.73,-0.29,-0.43,-1.19,-1.87,0.45,7.456,23.515,6.759,7.093,10.79,15.01,21.19,10.99,-0.0,0.0,0.007,0.02,0.01,-80.3056329,26.9191116,155.2
0.3,3.3,0.0,34.53,-2.13,-0.13,-0.51,1.55,-0.71,-1.86,0.46,13.214,2.197,7.77,6.7,12.65,2.45,6.67,13.73,-0.0,-0.0,0.007,0.01,0.01,-80.3056345,26.9190961,155.25
0.6,3.3,0.0,34.41,-1.88,-0.47,-0.12,1.65,-0.98,-1.87,0.44,11.075,0.677,6.612,5.366,12.46,1.86,11.87,7.95,-0.0,0.0,0.007,0.01,0.01,-80.3056362,26.9190807,155.3
0.4,3.3,0.0,34.28,-3.03,1.02,-0.2,-2.32,1.62,-1.9,0.45,8.652,6.416,8.289,7.828,4.61,10.2,11.09,4.22,-0.0,0.0,0.007,0.01,0.0,-80.3056379,26.9190653,155.35
0.8,3.2,0.0,34.16,-2.6,0.22,-0.16,-0.79,1.45,-1.92,0.48,9.741,17.383,10.516,4.493,4.71,14.13,9.42,11.28,-0.001,-0.0,0.007,0.0,0.0,-80.3056396,26.9190499,155.4
1.1,3.3,0.0,34.03,-3.83,0.79,-0.1,-0.91,0.51,-1.94,0.45,11.801,12.675,8.819,4.571,12.36,11.38,19.91,13.24,-0.001,-0.001,0.007,0.02,0.01,-80.3056413,26.9190346,155.45
1.1,3.3,0.0,33.9,-3.36,-2.35,0.57,-1.96,0.34,-1.93,0.38,9.123,0.53,7.338,5.866,11.97,6.77,3.43,13.83,-0.001,-0.0,0.006,-0.02,-0.01,-80.3056429,26.9190194,155.5
1.0,3.2,0.0,33.75,-3.39,0.1,0.52,-3.65,0.68,-1.94,0.36,9.163,12.616,6.887,6.063,10.69,12.56,12.46,12.65,-0.0,-0.0,0.005,0.03,0.02,-80.3056446,26.9190042,155.55
0.8,3.3,0.0,33.58,-3.77,-2.21,0.69,3.13,-0.78,-1.91,0.39,10.575,12.4,4.052,6.847,13.05,11.09,7.75,12.56,-0.0,-0.0,0.006,-0.06,-0.04,-80.3056462,26.9189891,155.6
0.6,3.3,0.0,33.42,-2.31,0.31,0.67,0.78,-0.14,-1.92,0.43,11.595,4.738,5.082,5.307,15.79,7.16,16.09,13.34,-0.0,-0.0,0.006,0.01,0.01,-80.3056478,26.9189741,155.65
-0.1,3.3,0.0,33.23,-4.32,-1.16,0.65,-1.07,0.12,-1.95,0.43,6.543,11.762,2.325,5.337,6.28,9.81,14.81,-1.28,-0.001,-0.001,0.006,-0.02,-0.01,-80.3056494,26.9189592,155.7
-0.3,3.3,0.0,33.06,-4.33,0.98,0.09,0.87,-1.51,-1.93,0.38,9.143,13.93,10.281,10.762,1.96,9.71,5.79,7.95,-0.001,-0.0,0.005,0.05,0.03,-80.305651,26.9189443,155.75
0.1,3.3,0.0,32.87,-3.38,0.72,0.02,1.83,0.46,-1.93,0.42,7.995,3.63,6.779,8.093,11.18,9.81,12.85,12.07,-0.0,-0.0,0.005,0.06,0.03,-80.3056526,26.9189295,155.8
-0.2,3.2,0.0,32.66,-4.79,-0.96,-0.07,-7.6,6.31,-2.0,0.51,7.799,17.962,5.876,3.365,11.48,13.73,12.75,12.16,-0.0,-0.0,0.006,0.05,0.03,-80.3056541,26.9189148,155.85
-0.6,3.2,0.0,32.46,-3.76,-1.92,-0.14,1.69,-1.19,-1.97,0.52,14.597,7.407,1.962,4.238,11.97,9.03,12.46,2.55,-0.001,-0.001,0.006,0.05,0.03,-80.3056557,26.9189002,155.9
-0.6,3.2,0.0,32.26,-4.08,0.37,-0.42,4.29,-2.57,-1.98,0.46,7.25,14.166,8.044,4.944,14.32,7.26,5.49,13.05,-0.001,-0.001,0.006,0.07,0.04,-80.3056572,26.9188857,155.95
-0.6,3.3,0.0,32.04,-4.7,1.89,0.01,-0.66,-0.24,-2.02,0.44,13.763,4.14,5.562,7.397,8.24,8.93,14.72,18.64,-0.002,-0.001,0.005,0.07,0.04,-80.3056588,26.9188713,156.0
-0.2,3.2,0.0,31.83,-4.61,-0.6,0.08,-9.0,3.74,-2.09,0.46,3.473,19.6,10.84,3.865,4.51,13.93,21.09,13.64,-0.002,-0.001,0.005,0.07,0.04,-80.3056603,26.918857,156.05
0.7,3.3,0.0,31.64,-3.47,-2.51,0.42,1.99,0.3,-2.05,0.47,12.851,9.359,6.18,5.817,8.44,6.67,12.65,-6.08,-0.001,-0.001,0.005,0.06,0.03,-80.3056618,26.9188427,156.1
0.2,3.3,0.0,31.44,-3.13,1.13,0.37,4.15,-1.61,-2.04,0.48,7.593,14.46,8.486,5.533,6.67,15.01,8.93,7.85,-0.001,-0.001,0.006,0.08,0.05,-80.3056633,26.9188286,156.15
-0.1,3.2,0.0,31.27,-3.36,1.26,-0.14,0.12,-1.15,-2.05,0.44,12.4,-1.795,8.427,8.211,16.38,5.3,8.44,15.79,-0.001,-0.001,0.005,0.09,0.05,-80.3056648,26.9188145,156.2
0.0,3.3,0.0,31.09,-4.52,-0.37,0.04,-2.25,1.07,-2.04,0.41,10.83,13.155,5.209,5.297,9.81,11.28,17.76,24.53,-0.001,-0.001,0.005,0.08,0.04,-80.3056662,26.9188005,156.25
-0.1,3.3,0.0,30.92,-2.85,1.0,0.05,0.55,0.08,-2.03,0.43,6.426,7.926,8.113,5.003,2.55,9.81,12.46,17.17,-0.002,-0.001,0.005,-0.02,-0.01,-80.3056677,26.9187866,156.3
0.1,3.3,0.0,30.77,-3.51,-0.02,-0.12,0.37,-0.65,-2.05,0.43,12.763,8.957,7.407,6.69,9.71,6.87,13.15,5.98,-0.002,-0.001,0.005,0.09,0.05,-80.3056692,26.9187728,156.35
-0.4,3.3,0.0,30.62,-3.09,-2.4,0.35,0.51,0.34,-2.04,0.4,6.779,16.971,9.202,6.779,5.89,12.46,9.12,5.98,-0.001,-0.001,0.005,-0.03,-0.02,-80.3056706,26.918759,156.4
-0.1,3.2,0.0,30.46,-2.6,0.49,-0.09,3.87,-1.78,-2.01,0.39,12.939,4.866,6.524,7.289,16.97,6.87,16.58,7.85,-0.001,-0.001,0.005,-0.02,-0.01,-80.3056721,26.9187453,156.45
0.2,3.3,0.0,30.3,-3.99,-0.97,0.07,-1.62,0.31,-2.04,0.38,10.045,10.673,8.711,8.809,8.83,12.46,11.28,8.14,-0.001,-0.001,0.005,-0.01,-0.01,-80.3056735,26.9187317,156.5
0.4,3.3,0.0,30.14,-3.44,-0.26,-0.01,1.64,-0.24,-1.99,0.38,6.759,19.061,5.533,7.25,11.18,7.06,10.1,11.58,-0.001,-0.001,0.005,-0.02,-0.01,-80.305675,26.9187181,156.55
-0.1,3.3,0.0,29.98,-2.67,1.84,-0.28,-0.57,0.09,-1.98,0.38,8.515,10.045,7.73,6.828,7.95,9.52,16.68,15.7,-0.001,-0.001,0.005,0.1,0.05,-80.3056764,26.9187047,156.6
-0.7,3.3,0.0,29.8,-3.14,-0.49,0.16,-0.5,0.55,-1.97,0.38,12.988,5.366,7.514,6.298,12.07,8.93,8.73,18.05,-0.001,-0.001,0.005,0.08,0.04,-80.3056778,26.9186913,156.65
-0.4,3.3,0.0,29.64,-3.97,0.45,-0.31,2.72,-0.74,-1.91,0.37,10.752,8.839,7.495,6.72,11.28,10.99,13.24,16.68,-0.001,-0.001,0.005,0.08,0.04,-80.3056792,26.9186779,156.7
-0.4,3.2,0.0,29.47,-3.44,-2.34,-0.44,-4.47,1.59,-1.94,0.4,8.652,9.771,8.564,5.847,6.28,11.09,11.18,14.13,-0.001,-0.001,0.005,0.05,0.02,-80.3056806,26.9186647,156.75
-1.1,3.2,0.0,29.3,-3.25,-0.26,-0.31,1.11,-0.19,-1.91,0.4,6.69,8.231,8.515,5.18,7.65,9.52,10.4,12.46,-0.002,-0.001,0.005,0.06,0.03,-80.305682,26.9186515,156.8
-1.3,3.3,0.0,29.1,-3.5,-0.74,-0.85,0.58,-0.29,-1.88,0.36,15.686,5.033,8.672,6.985,12.65,6.77,12.56,7.95,-0.002,-0.001,0.005,0.02,0.01,-80.3056834,26.9186384,156.85
-1.3,3.3,0.0,28.97,-2.02,-0.72,-1.25,1.67,-1.34,-1.87,0.32,13.155,6.651,10.193,9.947,13.24,7.16,16.09,12.65,-0.002,-0.001,0.004,-0.01,-0.01,-80.3056848,26.9186254,156.9
-0.2,3.3,0.0,28.84,-2.95,-1.92,-0.47,-1.78,-0.35,-1.86,0.29,14.607,8.927,7.554,7.475,7.95,10.59,12.16,9.61,-0.001,-0.0,0.004,0.03,0.02,-80.3056862,26.9186125,156.95
-0.6,3.3,0.0,28.7,-2.64,0.89,-0.15,2.93,-0.92,-1.8,0.28,7.603,12.272,7.946,9.388,6.08,11.48,10.99,6.08,-0.001,-0.0,0.004,0.06,0.03,-80.3056876,26.9185996,157.0
-1.0,3.3,0.0,28.57,-2.0,-1.4,-0.08,-2.79,0.09,-1.77,0.26,12.4,8.79,5.582,10.663,16.97,9.81,15.99,5.98,-0.001,-0.0,0.004,0.01,0.01,-80.305689,26.9185868,157.05
-1.8,3.3,0.0,28.42,-3.77,-1.07,-0.17,2.8,-1.65,-1.71,0.21,9.839,10.614,8.329,8.299,12.75,14.13,10.79,11.77,-0.002,-0.001,0.003,0.0,0.0,-80.3056904,26.918574,157.1
-1.7,3.3,0.0,28.26,-3.42,-1.62,-0.63,1.87,-1.66,-1.65,0.19,14.97,7.181,5.239,8.083,14.81,5.98,12.75,4.32,-0.002,-0.001,0.003,-0.04,-0.02,-80.3056918,26.9185613,157.15
-3.0,3.3,0.0,28.07,-2.6,-0.95,-1.41,-2.16,1.83,-1.63,0.2,13.42,7.289,8.505,9.486,8.14,11.48,13.44,10.2,-0.002,-0.001,0.003,0.01,0.01,-80.3056932,26.9185487,157.2
-4.2,3.3,29.4,27.88,-4.22,-1.02,-2.01,1.7,-0.71,-1.55,0.19,12.488,11.733,7.662,5.337,15.01,8.83,16.38,17.07,-0.002,-0.001,0.003,0.03,0.01,-80.3056946,26.9185361,157.25
-4.2,3.3,79.4,27.69,-3.98,-2.36,-2.41,0.93,-3.05,-1.52,0.12,9.732,11.811,10.202,9.408,4.71,8.44,12.26,7.26,-0.003,-0.001,0.003,0.02,0.01,-80.305696,26.9185237,157.3
-3.9,3.2,97.1,27.49,-3.15,-0.71,-3.28,2.59,-0.31,-1.45,0.07,8.849,8.437,11.399,9.751,10.59,10.01,17.46,13.83,-0.003,-0.001,0.002,0.13,0.06,-80.3056974,26.9185114,157.35
-4.2,3.3,55.9,27.29,-4.19,-2.33,-2.82,-0.05,1.35,-1.43,0.07,10.781,9.957,9.761,6.887,11.87,8.93,12.95,21.68,-0.003,-0.001,0.002,0.06,0.03,-80.3056989,26.9184991,157.4
-4.0,3.2,26.5,27.09,-5.13,-1.05,-2.53,2.26,-1.25,-1.39,0.05,12.812,10.516,3.689,5.778,9.61,8.63,17.27,15.7,-0.003,-0.001,0.002,0.02,0.01,-80.3057003,26.9184869,157.45
-2.3,3.3,0.0,26.86,-4.45,-1.65,-2.56,5.44,-0.93,-1.27,0.06,12.41,5.964,8.103,8.191,11.48,6.57,16.09,12.95,-0.003,-0.001,0.002,0.08,0.04,-80.3057018,26.9184749,157.5
-2.9,3.3,0.0,26.64,-4.33,-1.15,-2.28,-1.87,3.56,-1.21,0.15,9.349,9.3,6.995,6.514,5.89,5.1,9.12,10.3,-0.003,-0.001,0.002,0.04,0.02,-80.3057033,26.9184629,157.55
-3.3,3.3,0.0,26.42,-5.11,-3.02,-2.65,-0.2,1.84,-1.15,0.19,9.859,12.881,6.2,5.876,9.22,14.03,16.87,14.03,-0.003,-0.001,0.003,0.0,0.0,-80.3057049,26.918451,157.6
-2.1,3.3,0.0,26.21,-4.06,-1.57,-2.78,1.83,0.82,-1.05,0.2,12.135,9.888,5.297,8.79,13.83,9.03,9.32,14.62,-0.003,-0.001,0.003,-0.01,-0.0,-80.3057064,26.9184393,157.65
-2.8,3.3,0.0,25.98,-4.41,-0.12,-2.02,0.07,0.33,-0.97,0.22,8.27,8.878,11.203,6.308,4.71,10.5,7.65,4.51,-0.003,-0.001,0.003,-0.02,-0.01,-80.305708,26.9184276,157.7
-3.3,3.2,0.0,25.74,-5.55,-2.25,-2.12,3.08,0.0,-0.87,0.21,7.034,11.635,9.212,6.092,10.79,11.87,12.16,7.65,-0.003,-0.001,0.003,0.08,0.03,-80.3057096,26.9184161,157.75
-2.1,3.2,0.0,25.48,-5.6,-1.51,-2.17,4.25,-0.35,-0.79,0.24,8.495,12.027,9.163,7.053,13.05,8.44,13.05,11.87,-0.003,-0.002,0.003,0.04,0.02,-80.3057111,26.9184046,157.8
-3.1,3.2,0.0,25.18,-7.2,-1.41,-2.46,-1.07,3.11,-0.74,0.31,7.299,10.261,6.131,6.798,7.95,6.77,12.36,18.05,-0.003,-0.002,0.003,0.05,0.02,-80.3057127,26.9183933,157.85
-3.3,3.2,0.0,24.89,-6.58,-2.0,-2.42,-0.59,2.67,-0.67,0.36,11.223,13.44,8.898,8.211,7.16,13.34,3.73,11.28,-0.004,-0.002,0.003,0.05,0.02,-80.3057143,26.9183821,157.9
-2.0,3.3,0.0,24.6,-5.35,0.49,-3.19,-0.16,2.31,-0.61,0.42,9.457,9.977,8.162,4.876,11.58,7.85,13.83,14.22,-0.004,-0.003,0.004,0.07,0.03,-80.3057159,26.9183711,157.95
-3.0,3.2,0.0,24.28,-5.42,0.18,-3.69,5.67,-0.96,-0.55,0.47,7.004,16.814,3.257,2.845,16.78,9.61,6.97,10.99,-0.004,-0.003,0.004,0.11,0.05,-80.3057175,26.9183602,158.0
-1.6,3.3,0.0,24.01,-6.56,-2.33,-3.56,-1.34,0.94,-0.56,0.46,11.134,4.365,3.669,4.974,8.93,5.49,15.79,12.95,-0.005,-0.003,0.004,0.21,0.09,-80.3057191,26.9183494,158.05
-2.0,3.3,0.0,23.74,-5.24,-2.28,-3.1,-2.41,-0.08,-0.6,0.42,12.292,12.684,6.22,6.112,7.85,11.48,22.76,7.36,-0.005,-0.003,0.004,0.12,0.05,-80.3057208,26.9183388,158.1
-2.9,3.3,0.0,23.56,-4.16,-1.08,-1.21,-0.04,-1.44,-0.57,0.36,5.866,20.689,9.535,10.663,14.42,13.15,20.21,10.1,-0.004,-0.002,0.004,0.06,0.02,-80.3057224,26.9183283,158.15
-1.4,3.3,0.0,23.38,-3.28,0.04,-1.3,0.33,-0.87,-0.49,0.32,9.27,6.102,9.476,7.102,15.21,3.83,13.34,9.81,-0.004,-0.002,0.004,0.05,0.02,-80.3057241,26.9183178,158.2
-2.9,3.3,0.0,23.22,-3.85,-1.24,-1.23,0.13,0.53,-0.38,0.31,12.939,5.484,6.102,8.594,9.61,2.45,12.26,11.77,-0.003,-0.002,0.004,-0.06,-0.02,-80.3057258,26.9183074,158.25
-2.5,3.3,0.0,23.08,-3.24,-0.89,-1.52,0.29,1.71,-0.35,0.31,6.347,13.175,6.347,6.612,4.12,9.42,13.05,15.6,-0.003,-0.001,0.004,-0.06,-0.02,-80.3057274,26.9182971,158.3
-3.2,3.2,0.0,22.97,-2.25,-1.36,-2.24,0.98,0.36,-0.24,0.31,5.749,10.33,6.798,8.839,9.81,13.64,9.61,9.42,-0.003,-0.001,0.004,-0.06,-0.02,-80.3057291,26.9182869,158.35
-4.2,3.1,0.0,22.84,-2.23,-0.2,-2.46,0.38,-0.55,-0.2,0.3,10.997,2.06,7.573,7.171,14.32,15.01,7.85,8.73,-0.003,-0.001,0.004,-0.01,-0.0,-80.3057308,26.9182767,158.4
-4.1,3.3,0.0,22.72,-2.58,-0.79,-2.98,1.97,0.51,-0.1,0.32,13.695,4.905,7.74,8.339,15.7,9.22,6.87,5.1,-0.003,-0.001,0.004,-0.08,-0.03,-80.3057326,26.9182666,158.45
-5.7,3.3,0.0,22.6,-2.74,-1.45,-3.0,-0.87,0.52,-0.07,0.32,10.232,14.911,9.781,9.339,11.18,6.18,2.94,6.47,-0.003,-0.001,0.004,-0.07,-0.03,-80.3057343,26.9182565,158.5
-5.9,3.3,0.0,22.48,-2.23,-0.39,-3.67,-0.89,0.76,-0.05,0.32,6.318,16.618,7.367,9.369,6.08,5.4,6.47,6.18,-0.003,-0.001,0.004,-0.1,-0.04,-80.3057361,26.9182465,158.55
-6.8,3.3,0.0,22.36,-1.58,-0.86,-3.81,0.65,-0.14,0.02,0.32,8.829,8.701,9.418,10.771,5.1,9.32,3.92,10.69,-0.002,-0.001,0.005,-0.08,-0.03,-80.3057378,26.9182365,158.6
-6.8,3.3,0.0,22.25,-1.71,-0.78,-4.19,0.21,0.68,0.03,0.37,10.261,6.377,7.122,8.584,11.97,9.81,6.38,13.34,-0.002,-0.0,0.005,-0.06,-0.03,-80.3057396,26.9182266,158.65
-6.9,3.4,0.0,22.14,-1.6,-1.81,-4.31,2.02,-0.62,0.06,0.38,15.657,7.299,9.908,8.898,12.95,10.69,8.73,8.14,-0.003,-0.0,0.005,-0.1,-0.04,-80.3057415,26.9182168,158.7
-8.4,3.4,0.0,22.02,-2.11,-1.97,-4.48,0.71,-0.66,0.08,0.38,13.793,8.839,7.357,8.711,14.32,10.69,12.56,12.75,-0.003,-0.0,0.005,-0.04,-0.01,-80.3057434,26.918207,158.75
-9.6,3.4,0.0,21.92,-2.12,-2.72,-4.61,0.75,0.13,0.1,0.37,12.527,6.416,6.916,7.966,14.03,8.44,11.97,9.03,-0.003,-0.0,0.005,-0.11,-0.04,-80.3057452,26.9181972,158.8
-13.0,3.4,0.0,21.8,-2.25,-2.15,-5.67,-1.06,1.0,0.09,0.41,9.506,13.646,7.858,8.446,10.79,5.1,13.34,10.4,-0.003,-0.0,0.005,-0.1,-0.04,-80.3057472,26.9181876,158.85
-14.2,3.4,0.0,21.7,-2.28,-2.74,-7.43,-1.16,0.77,0.05,0.44,7.76,13.361,8.515,7.613,6.77,7.55,13.73,9.03,-0.003,0.0,0.006,-0.18,-0.07,-80.3057492,26.918178,158.9
-17.4,3.3,0.0,21.6,-2.89,-4.77,-9.0,0.51,0.48,0.06,0.46,8.623,11.134,7.053,6.681,4.81,7.16,14.22,14.13,-0.003,0.0,0.007,-0.19,-0.07,-80.3057512,26.9181684,158.95
-19.8,3.5,0.0,21.48,-2.65,-3.56,-10.09,-1.57,0.8,0.03,0.47,4.346,15.323,8.27,8.584,5.3,7.26,15.7,9.71,-0.003,0.001,0.007,-0.2,-0.08,-80.3057534,26.9181589,159.0
-22.9,3.5,0.0,21.38,-2.4,-4.2,-11.22,-3.55,1.37,-0.04,0.48,7.465,11.38,9.192,7.21,8.93,12.85,16.38,12.95,-0.004,0.001,0.007,-0.14,-0.05,-80.3057556,26.9181495,159.05
-24.8,3.6,0.0,21.28,-2.0,-5.24,-12.95,-1.24,0.98,-0.07,0.49,7.887,13.312,9.133,6.7,15.5,9.52,16.78,8.44,-0.004,0.001,0.008,-0.18,-0.07,-80.3057579,26.9181402,159.1
-26.7,3.6,0.0,21.18,-1.03,-3.99,-13.84,-1.36,0.41,-0.1,0.53,8.182,9.918,8.015,5.798,17.66,14.03,17.66,11.77,-0.004,0.002,0.008,-0.13,-0.05,-80.3057603,26.9181309,159.15
-29.3,3.6,0.0,21.07,-2.09,-5.17,-14.32,-0.1,1.67,-0.15,0.6,8.809,14.391,8.692,8.162,16.09,8.73,15.21,4.61,-0.004,0.002,0.009,-0.16,-0.06,-80.3057628,26.9181217,159.2
-30.1,3.6,0.0,20.98,-1.47,-5.47,-15.31,-2.03,2.09,-0.22,0.67,8.397,10.938,6.877,6.014,13.93,12.26,14.13,15.21,-0.004,0.002,0.011,-0.16,-0.06,-80.3057654,26.9181125,159.25
-32.2,3.7,0.0,20.87,-2.94,-6.2,-16.67,-1.23,1.87,-0.25,0.69,7.936,13.616,8.672,9.575,10.4,9.52,16.87,9.03,-0.004,0.002,0.011,-0.16,-0.06,-80.3057681,26.9181035,159.3
-32.5,3.8,0.0,20.77,-2.35,-7.08,-16.97,-1.42,0.77,-0.3,0.69,8.201,12.135,8.986,8.574,7.36,11.67,11.38,16.58,-0.005,0.002,0.011,-0.06,-0.02,-80.305771,26.9180945,159.35
-34.1,3.8,0.0,20.67,-1.49,-6.59,-17.26,0.38,-0.3,-0.3,0.69,7.711,11.262,9.172,9.29,4.71,5.49,10.79,9.81,-0.005,0.002,0.011,-0.09,-0.03,-80.3057739,26.9180856,159.4
-34.8,3.9,0.0,20.56,-2.53,-7.17,-17.79,0.64,0.41,-0.33,0.72,11.478,10.693,5.896,8.123,2.06,6.57,9.52,5.0,-0.005,0.002,0.011,-0.09,-0.03,-80.3057771,26.9180768,159.45
-37.2,4.0,0.0,20.46,-2.64,-8.07,-18.68,0.7,-0.44,-0.4,0.71,12.547,8.191,7.505,9.202,4.81,6.57,7.46,15.21,-0.006,0.002,0.012,-0.11,-0.04,-80.3057803,26.9180681,159.5
-38.0,4.1,0.0,20.37,-2.05,-7.26,-19.96,-1.13,-1.43,-0.48,0.66,13.008,7.917,8.083,9.967,12.26,8.24,7.75,15.5,-0.006,0.002,0.012,-0.17,-0.06,-80.3057837,26.9180594,159.55
-39.4,4.1,0.0,20.26,-2.02,-6.29,-20.28,0.68,-2.62,-0.51,0.59,15.882,6.357,9.153,9.015,12.36,6.57,5.59,14.03,-0.006,0.002,0.012,-0.12,-0.04,-80.3057872,26.9180509,159.6
-39.8,4.2,0.0,20.16,-1.88,-7.05,-20.02,1.69,-0.99,-0.52,0.58,12.164,7.367,8.78,8.829,10.1,9.71,9.91,13.34,-0.006,0.003,0.012,-0.11,-0.04,-80.3057909,26.9180425,159.65
-39.9,4.2,0.0,20.05,-2.53,-6.83,-20.26,0.96,0.05,-0.59,0.59,14.038,5.651,9.427,9.594,12.65,5.79,7.85,14.32,-0.005,0.003,0.013,-0.11,-0.04,-80.3057947,26.9180341,159.7
-40.6,4.3,0.0,19.96,-2.58,-6.99,-20.05,-1.01,1.39,-0.6,0.59,8.535,10.977,8.397,8.083,14.03,8.14,9.61,13.54,-0.005,0.003,0.013,-0.1,-0.04,-80.3057986,26.9180259,159.75
-41.0,4.5,0.0,19.85,-2.44,-8.27,-20.37,-0.56,-0.76,-0.64,0.57,9.722,10.644,8.025,7.308,15.11,8.44,3.53,18.25,-0.005,0.003,0.013,-0.15,-0.05,-80.3058027,26.9180178,159.8
-42.0,4.6,0.0,19.75,-2.4,-8.04,-20.84,1.57,-0.23,-0.62,0.56,10.251,8.368,8.27,8.819,11.18,11.48,8.73,8.53,-0.005,0.003,0.013,-0.05,-0.02,-80.3058069,26.9180098,159.85
-43.8,4.8,0.0,19.64,-2.57,-7.87,-20.51,-1.16,-0.04,-0.7,0.54,12.125,6.259,9.486,5.896,17.66,6.77,12.16,5.69,-0.005,0.003,0.013,-0.12,-0.04,-80.3058113,26.9180019,159.9
-46.4,5.1,0.0,19.58,-1.51,-6.63,-21.62,-0.43,-0.27,-0.73,0.52,12.645,10.271,13.185,11.566,15.7,7.06,13.34,0.49,-0.005,0.003,0.013,-0.14,-0.05,-80.3058158,26.917994,159.95
-47.3,5.3,0.0,19.47,-2.6,-7.79,-22.0,-2.94,1.3,-0.79,0.52,6.435,15.51,11.537,9.408,17.76,2.94,12.95,3.92,-0.005,0.003,0.014,-0.18,-0.06,-80.3058204,26.9179863,160.0
-48.4,5.9,0.0,19.4,-1.69,-8.61,-23.29,-1.75,0.9,-0.85,0.5,10.781,9.006,7.289,7.436,16.19,4.91,14.91,13.24,-0.006,0.003,0.014,-0.08,-0.03,-80.3058252,26.9179788,160.05
-49.3,6.1,0.0,19.32,-1.34,-8.24,-23.49,0.25,-0.39,-0.9,0.46,13.969,7.77,10.909,9.486,18.54,3.04,17.76,10.2,-0.005,0.004,0.014,-0.15,-0.05,-80.3058301,26.9179713,160.1
-51.4,6.8,0.0,19.26,-1.12,-9.19,-23.7,-0.27,0.4,-0.94,0.48,11.733,11.252,9.015,7.642,14.42,3.83,12.36,14.72,-0.005,0.004,0.014,-0.08,-0.03,-80.3058352,26.917964,160.15
-52.1,7.6,0.0,19.22,-0.7,-7.98,-24.79,-3.32,1.03,-0.98,0.48,9.771,12.282,7.22,7.21,14.52,3.73,13.73,14.52,-0.005,0.004,0.014,-0.06,-0.02,-80.3058404,26.9179568,160.2
-53.7,9.0,0.0,19.21,0.23,-6.96,-24.95,-3.0,0.21,-1.01,0.43,7.966,11.694,7.662,8.054,13.44,10.1,13.34,23.05,-0.005,0.005,0.014,-0.01,-0.0,-80.3058458,26.9179497,160.25
-53.0,9.9,0.0,19.3,1.95,-7.47,-24.86,1.63,-3.24,-1.01,0.33,13.332,6.455,5.082,8.407,13.73,8.14,7.36,10.3,-0.004,0.006,0.013,0.08,0.03,-80.3058514,26.9179426,160.3
-53.1,10.3,0.0,19.37,1.13,-8.87,-24.18,1.16,-2.74,-1.04,0.19,13.734,7.514,11.801,8.476,12.46,7.46,6.97,1.77,-0.003,0.006,0.013,0.09,0.03,-80.3058571,26.9179357,160.35
-51.9,10.8,0.0,19.47,1.12,-7.91,-24.29,-1.37,-2.0,-1.06,0.06,12.253,9.329,12.39,8.633,11.67,14.03,14.32,3.14,-0.003,0.007,0.012,0.16,0.05,-80.305863,26.9179288,160.4
-51.4,11.0,0.0,19.56,1.39,-8.83,-22.68,-1.74,-0.37,-1.07,-0.03,10.644,7.671,12.998,9.663,10.1,9.61,7.75,3.24,-0.002,0.008,0.012,0.22,0.08,-80.3058691,26.917922,160.45
-50.3,11.2,0.0,19.67,1.72,-8.47,-21.78,-0.75,-0.38,-1.08,-0.06,6.337,14.195,14.077,9.398,10.59,9.42,7.36,3.04,-0.002,0.008,0.011,0.14,0.05,-80.3058755,26.9179153,160.5
-50.5,11.1,0.0,19.77,2.51,-8.61,-21.53,-0.56,-0.13,-1.1,-0.08,7.897,12.802,5.827,6.73,5.49,7.95,4.22,3.14,-0.002,0.008,0.011,0.17,0.06,-80.3058819,26.9179086,160.55
-50.9,10.8,0.0,19.88,2.48,-6.92,-21.72,-2.07,0.6,-1.06,-0.09,5.082,12.773,12.861,10.448,9.03,10.2,4.61,5.2,-0.002,0.008,0.011,0.23,0.08,-80.3058886,26.917902,160.6
-50.6,10.3,0.0,19.98,1.15,-8.4,-22.52,1.43,-1.04,-1.07,-0.11,11.036,7.014,10.232,8.8,9.22,8.34,6.67,11.18,-0.002,0.008,0.011,0.19,0.07,-80.3058954,26.9178956,160.65
-50.8,9.9,0.0,20.1,2.46,-8.7,-22.03,-2.31,0.93,-1.11,-0.13,12.351,11.075,7.505,7.475,11.77,14.72,4.22,9.12,-0.002,0.008,0.011,0.19,0.07,-80.3059024,26.9178892,160.7
-50.8,9.5,0.0,20.19,2.34,-8.29,-23.18,0.65,-0.93,-1.18,-0.17,11.586,7.093,8.505,7.936,10.2,6.97,6.28,14.13,-0.002,0.008,0.011,0.28,0.1,-80.3059096,26.9178828,160.75
-51.9,9.0,0.0,20.29,1.48,-8.72,-23.07,-1.0,0.51,-1.18,-0.18,9.3,11.115,10.34,7.367,5.4,11.58,15.5,10.4,-0.002,0.008,0.011,0.26,0.09,-80.305917,26.9178766,160.8
-53.8,8.8,0.0,20.36,1.1,-10.93,-22.87,-2.84,1.75,-1.29,-0.19,10.732,4.101,15.706,10.301,3.24,11.28,7.85,16.38,-0.002,0.009,0.011,0.27,0.1,-80.3059245,26.9178705,160.85
-56.5,8.5,0.0,20.44,1.8,-8.55,-22.46,0.21,0.58,-1.35,-0.16,10.811,8.172,8.339,7.201,6.08,12.95,9.91,15.5,-0.002,0.009,0.012,0.25,0.09,-80.3059322,26.9178645,160.9
-59.1,8.2,0.0,20.51,1.07,-10.1,-23.12,-0.55,0.78,-1.38,-0.15,11.978,5.69,11.497,9.025,12.75,10.2,16.58,19.72,-0.002,0.009,0.013,0.29,0.1,-80.30594,26.9178586,160.95
-60.5,7.9,0.0,20.57,1.83,-8.93,-23.83,-0.59,0.49,-1.41,-0.15,11.752,8.074,8.397,7.995,11.77,6.47,11.77,19.42,-0.002,0.009,0.013,0.3,0.11,-80.305948,26.9178529,161.0
-60.9,7.6,0.0,20.61,-0.18,-10.07,-23.56,-2.31,2.72,-1.45,-0.13,11.517,6.847,9.761,6.17,17.56,10.4,21.09,12.95,-0.002,0.009,0.013,0.21,0.08,-80.3059562,26.9178472,161.05
-61.3,7.3,0.0,20.65,1.03,-9.48,-24.31,0.47,1.57,-1.43,-0.08,12.547,10.644,8.26,8.839,17.17,4.61,23.15,14.42,-0.002,0.009,0.014,0.21,0.08,-80.3059645,26.9178417,161.1
-60.9,6.9,0.0,20.7,0.46,-10.22,-25.19,-2.09,1.08,-1.47,-0.07,13.087,3.277,8.113,4.513,15.89,7.65,28.74,12.16,-0.003,0.009,0.014,0.29,0.1,-80.3059729,26.9178364,161.15
-61.6,6.7,0.0,20.72,1.02,-9.77,-25.46,0.28,0.83,-1.5,-0.08,11.752,9.947,7.799,7.917,19.82,2.84,18.64,21.97,-0.003,0.009,0.015,0.3,0.11,-80.3059815,26.9178312,161.2
-62.1,6.4,0.0,20.72,0.29,-8.97,-25.35,-0.22,0.71,-1.51,-0.06,12.38,6.239,10.251,6.671,14.22,6.67,21.29,16.48,-0.003,0.009,0.014,0.37,0.13,-80.3059902,26.9178262,161.25
-62.6,6.2,0.0,20.71,0.26,-11.16,-26.07,0.34,1.42,-1.53,-0.01,11.301,9.516,8.378,6.102,9.71,6.67,12.95,7.06,-0.003,0.009,0.015,0.37,0.13,-80.3059991,26.9178213,161.3
-62.0,6.1,0.0,20.7,-0.06,-7.95,-26.68,-0.04,0.44,-1.56,0.01,12.361,10.222,11.242,8.182,8.53,11.18,22.27,13.93,-0.004,0.009,0.015,0.42,0.15,-80.306008,26.9178166,161.35
-61.8,6.0,0.0,20.67,-0.8,-10.05,-27.28,-0.56,1.38,-1.56,0.02,13.891,6.69,11.939,9.839,8.63,11.18,11.77,17.66,-0.004,0.008,0.016,0.51,0.19,-80.306017,26.9178122,161.4
-62.2,5.9,0.0,20.65,0.34,-8.6,-27.29,3.26,-1.14,-1.55,0.01,9.555,9.653,10.614,8.682,7.26,9.12,12.36,20.01,-0.004,0.009,0.016,0.49,0.18,-80.3060262,26.9178079,161.45
-61.5,5.7,0.0,20.61,-0.27,-8.43,-27.52,-0.52,2.02,-1.58,0.05,12.576,7.73,10.33,8.182,6.38,16.19,11.18,17.85,-0.004,0.009,0.016,0.58,0.21,-80.3060354,26.9178038,161.5
-61.2,5.6,0.0,20.57,-0.67,-10.67,-26.96,0.11,1.48,-1.57,0.09,9.575,13.185,9.624,5.719,7.26,8.93,16.97,15.89,-0.004,0.009,0.017,0.59,0.21,-80.3060447,26.9177999,161.55
-59.2,5.5,0.0,20.53,-0.31,-8.02,-27.63,-0.87,1.63,-1.59,0.1,9.084,9.182,6.916,6.985,9.71,9.52,12.07,20.6,-0.004,0.009,0.017,0.61,0.22,-80.3060541,26.9177962,161.6
-58.2,5.5,0.0,20.48,-0.76,-9.4,-27.05,-4.06,2.69,-1.57,0.12,7.465,10.84,9.839,8.083,14.52,7.55,28.06,5.69,-0.004,0.009,0.017,0.67,0.24,-80.3060636,26.9177927,161.65
-55.4,5.4,0.0,20.43,-0.16,-10.19,-26.44,0.42,1.39,-1.57,0.15,10.909,12.635,12.998,5.611,15.79,8.83,22.17,-6.28,-0.004,0.009,0.017,0.61,0.22,-80.3060732,26.9177894,161.7
-55.4,5.4,0.0,20.39,-0.04,-8.84,-26.17,-1.31,1.28,-1.56,0.21,7.671,12.361,10.114,6.21,14.72,11.09,13.24,10.1,-0.004,0.008,0.018,0.7,0.25,-80.3060828,26.9177864,161.75
-54.1,5.4,0.0,20.36,-1.71,-9.07,-25.96,-1.23,1.8,-1.6,0.23,13.087,7.004,9.722,7.073,15.01,5.69,19.52,9.71,-0.004,0.008,0.018,0.66,0.23,-80.3060924,26.9177835,161.8
-54.7,5.3,0.0,20.29,-1.88,-10.51,-25.59,0.61,1.55,-1.57,0.24,10.036,10.104,9.094,5.817,10.2,13.34,16.58,6.87,-0.005,0.008,0.017,0.63,0.22,-80.3061022,26.9177809,161.85
-53.7,5.3,0.0,20.25,0.05,-9.36,-25.02,-0.49,0.23,-1.61,0.23,13.204,7.809,11.448,7.711,13.93,10.79,17.76,7.75,-0.005,0.008,0.018,0.54,0.19,-80.3061119,26.9177784,161.9
-53.9,5.3,0.0,20.19,-1.57,-9.59,-24.55,0.71,0.25,-1.56,0.2,9.653,10.899,10.585,8.77,8.04,9.03,15.99,9.71,-0.005,0.008,0.017,0.54,0.19,-80.3061217,26.9177761,161.95
-53.5,5.3,0.0,20.11,-1.36,-9.25,-23.87,-1.65,1.27,-1.56,0.2,9.388,11.88,9.682,8.79,8.34,9.52,10.69,11.58,-0.005,0.008,0.017,0.45,0.16,-80.3061315,26.9177741,162.0
-53.3,5.3,0.0,20.08,0.05,-7.91,-24.36,0.99,1.32,-1.53,0.22,8.446,10.536,5.494,6.465,9.52,16.58,12.16,17.17,-0.005,0.008,0.017,0.4,0.14,-80.3061414,26.9177723,162.05
-53.0,5.3,0.0,20.02,-0.89,-8.47,-24.66,-0.35,1.29,-1.55,0.22,9.888,10.389,8.652,7.377,6.18,12.46,12.07,13.05,-0.005,0.008,0.017,0.34,0.12,-80.3061512,26.9177706,162.1
-53.0,5.3,0.0,19.96,-1.53,-9.86,-24.71,3.38,-0.09,-1.5,0.2,10.35,9.604,8.24,6.2,5.1,11.87,10.3,20.7,-0.005,0.008,0.017,0.38,0.13,-80.3061611,26.9177692,162.15
-53.1,5.4,0.0,19.9,-1.15,-9.43,-24.43,1.25,0.83,-1.55,0.2,11.654,7.564,9.496,8.319,5.4,13.05,8.24,15.4,-0.005,0.008,0.017,0.29,0.1,-80.3061709,26.9177679,162.2
-53.8,5.4,0.0,19.87,-0.48,-9.61,-24.79,3.76,0.74,-1.51,0.2,13.606,6.828,10.928,8.495,7.16,13.93,9.03,16.48,-0.005,0.007,0.017,0.27,0.09,-80.3061808,26.9177669,162.25
-55.6,5.4,0.0,19.81,-1.8,-9.08,-24.57,0.8,0.82,-1.52,0.2,10.869,9.437,11.37,8.103,6.18,12.16,7.16,12.65,-0.005,0.007,0.016,0.2,0.07,-80.3061907,26.917766,162.3
-57.7,5.4,0.0,19.73,-2.06,-9.07,-25.3,-0.42,1.51,-1.53,0.23,7.367,10.497,7.22,9.29,8.93,13.44,10.1,12.36,-0.005,0.007,0.016,0.24,0.08,-80.3062005,26.9177653,162.35
-59.3,5.5,0.0,19.69,-1.36,-9.66,-25.88,-1.61,1.0,-1.55,0.22,8.584,11.409,8.8,7.053,9.42,16.48,8.83,6.57,-0.005,0.007,0.016,0.25,0.09,-80.3062104,26.9177649,162.4
-59.5,5.6,0.0,19.65,-1.84,-10.53,-26.39,0.46,-0.11,-1.54,0.18,10.379,10.271,12.576,9.476,11.77,13.73,7.46,5.1,-0.005,0.007,0.016,0.25,0.08,-80.3062202,26.9177646,162.45
-59.9,5.7,0.0,19.58,-1.26,-9.99,-25.84,2.78,-0.2,-1.51,0.16,10.487,7.024,9.447,7.465,10.4,14.22,13.54,-1.96,-0.005,0.008,0.016,0.23,0.08,-80.30623,26.9177645,162.5
-60.2,5.9,0.0,19.52,-1.01,-9.74,-26.57,-0.29,2.23,-1.48,0.19,12.155,9.82,9.447,8.829,14.22,12.07,10.79,3.24,-0.005,0.008,0.016,0.22,0.08,-80.3062398,26.9177646,162.55
-61.2,6.1,0.0,19.49,-1.4,-10.06,-26.85,-3.77,2.48,-1.51,0.2,8.064,12.537,11.409,6.573,14.32,9.22,17.95,9.12,-0.005,0.008,0.017,0.27,0.09,-80.3062495,26.917765,162.6
-61.8,6.1,0.0,19.45,-0.39,-10.54,-27.02,0.59,0.39,-1.48,0.2,10.075,8.319,11.174,10.045,16.19,7.65,14.91,14.32,-0.004,0.008,0.017,0.26,0.09,-80.3062592,26.9177655,162.65
-62.9,6.2,0.0,19.43,0.4,-11.0,-27.26,0.58,0.35,-1.48,0.2,11.9,7.779,10.35,8.015,13.64,10.59,17.46,20.5,-0.005,0.008,0.017,0.3,0.1,-80.3062689,26.9177662,162.7
-63.3,6.3,0.0,19.4,-1.0,-10.48,-26.87,-0.83,1.13,-1.51,0.19,12.91,6.131,10.801,8.015,15.79,8.34,20.6,19.82,-0.004,0.008,0.017,0.25,0.09,-80.3062785,26.9177671,162.75
-63.6,6.5,0.0,19.37,0.93,-7.92,-27.48,1.11,0.08,-1.49,0.19,8.201,8.77,9.849,7.181,11.38,10.01,18.93,25.02,-0.005,0.008,0.017,0.34,0.12,-80.3062881,26.9177683,162.8
-62.6,6.7,0.0,19.36,-0.41,-9.28,-27.23,-1.08,1.78,-1.51,0.21,9.369,9.555,10.448,6.671,16.09,7.06,13.05,7.95,-0.005,0.008,0.017,0.35,0.12,-80.3062977,26.9177696,162.85
-62.9,7.0,0.0,19.35,-0.66,-9.58,-27.75,0.34,0.94,-1.48,0.18,11.37,8.064,9.006,5.346,13.34,11.58,16.19,5.98,-0.005,0.008,0.017,0.28,0.09,-80.3063072,26.9177711,162.9
-63.0,7.1,0.0,19.35,0.79,-9.18,-26.35,0.69,-1.09,-1.45,0.13,14.489,7.446,12.38,9.339,14.72,8.04,9.22,10.99,-0.004,0.008,0.016,0.31,0.1,-80.3063167,26.9177729,162.95
-63.9,7.2,0.0,19.37,0.5,-8.97,-26.3,0.54,-0.35,-1.43,0.09,13.705,9.418,11.713,7.269,16.68,10.5,7.46,8.93,-0.004,0.008,0.016,0.28,0.1,-80.3063261,26.9177748,163.0
-63.1,7.3,0.0,19.38,0.54,-8.27,-25.73,0.49,1.0,-1.41,0.07,8.692,9.633,8.368,8.878,16.78,11.67,10.01,3.24,-0.004,0.008,0.016,0.28,0.1,-80.3063355,26.917777,163.05
-62.8,7.5,0.0,19.41,0.49,-8.4,-25.6,1.04,0.02,-1.37,0.06,9.133,8.79,11.095,10.242,15.21,6.57,-0.2,7.85,-0.004,0.008,0.016,0.28,0.09,-80.3063448,26.9177793,163.1
-61.1,7.8,0.0,19.44,1.08,-8.04,-26.06,1.96,-1.05,-1.35,0.04,13.705,8.083,7.956,6.955,15.7,8.83,-1.37,13.05,-0.004,0.008,0.016,0.17,0.06,-80.3063541,26.9177818,163.15
-60.8,8.0,0.0,19.49,0.18,-9.33,-25.59,0.62,0.22,-1.37,0.03,14.048,6.102,11.105,11.311,12.75,5.3,15.21,17.36,-0.004,0.008,0.015,0.18,0.06,-80.3063633,26.9177845,163.2
-60.3,8.0,0.0,19.54,1.21,-9.96,-25.45,1.83,-0.12,-1.35,-0.01,11.488,7.063,10.752,7.044,12.07,11.97,8.14,11.48,-0.004,0.008,0.015,0.23,0.08,-80.3063725,26.9177874,163.25
-61.4,8.1,0.0,19.59,0.68,-9.73,-24.93,0.13,0.32,-1.37,-0.04,10.83,9.584,9.722,8.093,12.26,7.16,14.52,12.16,-0.004,0.008,0.015,0.15,0.05,-80.3063817,26.9177905,163.3
-63.8,8.2,0.0,19.65,0.87,-8.31,-25.05,-0.12,0.39,-1.37,-0.06,7.279,11.762,10.418,7.485,13.54,8.83,16.28,10.4,-0.003,0.008,0.014,0.25,0.09,-80.3063907,26.9177938,163.35
-70.4,8.2,0.0,19.71,0.9,-11.05,-24.63,-1.9,0.77,-1.39,-0.07,9.751,11.752,10.752,10.34,10.5,5.89,17.17,11.77,-0.003,0.008,0.014,0.16,0.05,-80.3063998,26.9177973,163.4
-73.8,8.2,0.0,19.76,1.04,-8.61,-25.83,-3.73,1.65,-1.47,-0.07,10.997,11.095,9.074,7.201,12.07,8.04,14.62,17.56,-0.003,0.009,0.015,0.25,0.09,-80.3064088,26.9178009,163.45
-75.3,8.2,0.0,19.81,1.56,-8.42,-26.99,-1.53,0.52,-1.49,-0.07,10.35,9.339,10.771,6.524,9.71,4.71,16.87,8.24,-0.003,0.009,0.015,0.26,0.09,-80.3064176,26.9178048,163.5
-73.8,8.2,0.0,19.86,0.55,-7.72,-28.35,-0.27,-0.1,-1.51,-0.08,10.82,10.006,10.762,8.486,9.42,8.14,25.6,1.28,-0.003,0.009,0.015,0.36,0.12,-80.3064265,26.9178088,163.55
-73.2,8.1,0.0,19.91,0.69,-11.23,-28.48,-0.99,1.07,-1.53,-0.1,13.577,5.798,9.879,6.789,8.44,4.91,16.58,6.97,-0.003,0.009,0.015,0.38,0.13,-80.3064352,26.917813,163.6
-72.8,8.0,0.0,19.96,0.58,-10.03,-28.97,-1.72,1.39,-1.55,-0.1,13.881,8.417,9.869,6.857,8.73,5.2,17.27,4.81,-0.003,0.009,0.015,0.54,0.19,-80.3064438,26.9178174,163.65
-73.1,7.6,0.0,20.0,0.76,-7.89,-29.13,-2.02,0.73,-1.56,-0.09,9.113,13.734,12.037,11.743,7.16,4.71,18.84,9.81,-0.003,0.009,0.015,0.7,0.25,-80.3064524,26.917822,163.7
-73.1,7.3,0.0,20.03,0.82,-8.83,-28.6,-1.32,1.55,-1.59,-0.05,8.996,8.535,9.545,7.877,5.79,12.36,9.52,10.69,-0.003,0.01,0.016,0.73,0.25,-80.3064608,26.9178267,163.75
-72.9,7.1,0.0,20.05,0.99,-10.22,-28.63,0.07,1.84,-1.6,0.01,8.584,11.34,9.212,7.711,4.91,5.3,11.77,8.44,-0.003,0.01,0.016,0.68,0.24,-80.3064691,26.9178317,163.8
-71.4,6.9,0.0,20.05,0.22,-9.16,-28.14,-3.03,2.61,-1.61,0.06,7.848,12.312,8.427,6.396,7.65,12.16,5.69,13.05,-0.004,0.01,0.017,0.53,0.19,-80.3064773,26.9178369,163.85
-68.2,6.7,0.0,20.05,0.36,-8.79,-28.84,-0.86,1.6,-1.64,0.11,8.24,8.888,9.437,8.407,9.03,3.43,5.49,7.46,-0.004,0.009,0.018,0.78,0.27,-80.3064854,26.9178422,163.9
-62.9,6.6,0.0,20.03,-0.39,-9.82,-28.47,-0.36,1.38,-1.64,0.12,14.028,7.691,5.984,7.671,12.95,11.67,6.87,7.95,-0.004,0.009,0.018,0.75,0.26,-80.3064932,26.9178478,163.95
-59.3,6.4,0.0,20.0,0.2,-10.83,-27.98,2.35,0.64,-1.58,0.13,13.244,9.849,8.662,8.397,14.42,7.75,6.08,9.32,-0.004,0.009,0.018,0.71,0.25,-80.3065009,26.9178534,164.0
-57.5,6.3,0.0,19.95,-1.48,-12.59,-26.76,0.35,2.02,-1.56,0.16,12.39,6.808,8.162,8.633,11.48,10.59,8.53,12.07,-0.005,0.009,0.018,0.71,0.25,-80.3065085,26.9178593,164.05
-57.7,6.2,0.0,19.92,-0.64,-10.97,-26.18,1.59,0.36,-1.51,0.17,11.949,6.73,9.408,9.369,16.97,1.96,7.26,12.95,-0.004,0.009,0.018,0.65,0.23,-80.3065158,26.9178653,164.1
-58.3,6.2,0.0,19.88,-0.45,-8.61,-25.33,0.46,-0.07,-1.53,0.17,11.429,12.292,8.594,7.397,16.58,10.5,13.73,13.05,-0.005,0.009,0.018,0.64,0.22,-80.306523,26.9178714,164.15
-58.6,6.1,0.0,19.84,-0.39,-8.84,-25.62,1.26,0.72,-1.5,0.17,10.595,9.898,10.124,9.418,13.34,10.99,3.24,15.3,-0.004,0.008,0.018,0.62,0.21,-80.3065301,26.9178777,164.2
-62.0,6.1,0.0,19.8,-1.0,-9.77,-25.19,-0.85,0.83,-1.48,0.17,7.348,9.084,9.055,8.937,14.03,9.42,5.4,16.28,-0.005,0.008,0.017,0.49,0.17,-80.3065369,26.9178841,164.25
-64.8,6.1,0.0,19.75,-0.75,-7.73,-26.51,-0.69,0.32,-1.48,0.18,15.755,5.886,9.526,8.947,13.05,5.79,14.72,17.27,-0.005,0.008,0.017,0.44,0.15,-80.3065436,26.9178906,164.3
-69.4,6.1,0.0,19.68,-2.81,-8.79,-26.69,-1.45,2.38,-1.51,0.22,11.605,11.909,9.859,9.82,10.89,7.46,13.24,7.65,-0.005,0.008,0.017,0.38,0.13,-80.30655,26.9178973,164.35
-69.9,6.1,0.0,19.62,-1.58,-9.27,-28.18,-1.12,0.96,-1.54,0.25,11.478,12.37,9.3,8.348,11.77,5.69,13.34,4.61,-0.005,0.008,0.018,0.37,0.13,-80.3065563,26.9179041,164.4
-71.0,6.1,0.0,19.58,-0.73,-9.68,-29.56,-1.78,1.18,-1.57,0.26,10.958,12.106,9.839,6.818,13.44,10.69,16.58,0.98,-0.005,0.008,0.017,0.48,0.17,-80.3065623,26.9179109,164.45
-70.5,6.1,0.0,19.51,-1.4,-10.33,-30.34,-4.34,1.43,-1.63,0.27,8.829,10.654,11.242,6.877,10.59,6.67,18.64,13.73,-0.005,0.008,0.018,0.58,0.2,-80.3065682,26.9179179,164.5
-68.7,6.1,0.0,19.43,-1.26,-11.26,-30.69,-0.41,1.28,-1.63,0.28,10.634,6.386,12.037,8.662,6.57,9.32,9.52,8.44,-0.005,0.008,0.018,0.59,0.2,-80.3065738,26.917925,164.55
-65.4,6.1,0.0,19.37,-1.33,-10.35,-30.67,0.77,0.92,-1.66,0.28,14.656,10.889,10.752,7.809,12.26,10.99,16.87,16.58,-0.005,0.008,0.019,0.69,0.23,-80.3065793,26.9179321,164.6
-62.8,6.1,0.0,19.31,-1.06,-11.8,-30.01,-1.3,1.24,-1.69,0.28,8.319,11.242,10.624,8.849,10.01,8.53,14.81,18.93,-0.006,0.008,0.019,0.74,0.25,-80.3065845,26.9179394,164.65
-61.5,6.1,0.0,19.24,-1.38,-9.4,-28.9,-1.73,0.69,-1.7,0.29,12.331,8.093,6.023,7.299,8.24,10.01,11.28,16.78,-0.006,0.008,0.019,0.79,0.27,-80.3065894,26.9179468,164.7
-62.4,6.1,0.0,19.19,-1.1,-9.97,-28.51,2.25,0.36,-1.69,0.28,12.792,10.624,8.182,4.542,6.57,9.91,14.62,25.31,-0.005,0.008,0.019,0.73,0.25,-80.3065942,26.9179542,164.75
-63.9,6.1,0.0,19.12,-0.66,-9.55,-27.34,-1.56,0.23,-1.69,0.27,11.34,9.604,10.369,8.515,5.59,14.52,11.18,11.28,-0.005,0.008,0.019,0.68,0.23,-80.3065987,26.9179618,164.8
-65.1,6.2,0.0,19.06,-1.03,-10.61,-27.22,-0.1,1.39,-1.75,0.28,12.469,9.781,9.476,6.661,8.53,16.09,10.2,8.53,-0.005,0.008,0.019,0.65,0.21,-80.306603,26.9179694,164.85
-65.0,6.3,0.0,19.0,-1.75,-11.59,-26.8,-0.97,1.81,-1.73,0.29,11.684,9.918,9.849,7.828,7.95,13.34,10.2,8.83,-0.005,0.008,0.019,0.5,0.17,-80.3066071,26.9179771,164.9
-64.6,6.4,0.0,18.94,-0.4,-10.17,-27.07,1.09,0.24,-1.75,0.28,12.851,9.928,11.87,6.985,6.28,13.64,10.4,3.83,-0.005,0.008,0.019,0.5,0.17,-80.3066109,26.9179849,164.95
-64.9,6.5,0.0,18.87,-1.34,-10.43,-27.43,-0.38,2.13,-1.74,0.29,6.798,10.605,11.527,6.945,8.34,13.44,17.36,10.69,-0.005,0.008,0.019,0.5,0.16,-80.3066145,26.9179927,165.0
-64.6,6.7,0.0,18.82,-1.26,-10.02,-27.91,-2.12,0.93,-1.75,0.26,8.839,10.722,10.438,6.632,8.44,11.58,16.09,14.91,-0.005,0.008,0.019,0.47,0.15,-80.3066179,26.9180005,165.05
-64.4,7.0,0.0,18.78,-0.15,-8.49,-27.52,2.57,-0.5,-1.7,0.23,12.429,8.26,11.203,9.722,7.26,10.1,5.89,18.25,-0.005,0.008,0.018,0.49,0.16,-80.3066211,26.9180084,165.1
-64.5,7.2,0.0,18.73,-0.46,-10.17,-27.06,1.56,1.02,-1.69,0.24,8.388,9.712,9.712,6.7,8.63,8.04,9.81,16.58,-0.005,0.008,0.018,0.35,0.11,-80.306624,26.9180164,165.15
-64.3,7.6,0.0,18.68,-0.95,-8.1,-26.92,-2.17,1.33,-1.68,0.23,9.408,11.154,10.565,4.777,8.14,9.32,18.05,9.61,-0.005,0.008,0.018,0.42,0.14,-80.3066267,26.9180244,165.2
-64.4,8.0,0.0,18.67,0.46,-8.2,-27.21,-0.73,-0.57,-1.62,0.21,13.528,4.562,8.868,7.858,10.01,11.18,13.05,11.87,-0.005,0.008,0.017,0.41,0.13,-80.3066292,26.9180324,165.25
-64.4,8.1,0.0,18.66,-0.85,-8.85,-26.78,0.12,0.72,-1.64,0.17,11.125,10.595,11.782,11.801,8.14,9.22,14.72,18.34,-0.005,0.008,0.017,0.35,0.11,-80.3066315,26.9180405,165.3
-64.8,8.6,0.0,18.64,-0.38,-8.7,-26.85,-0.91,1.64,-1.62,0.16,6.406,9.32,10.183,9.506,6.47,5.69,4.22,9.32,-0.004,0.008,0.017,0.37,0.12,-80.3066335,26.9180487,165.35
-64.1,8.9,0.0,18.66,1.1,-7.58,-26.48,3.54,-0.94,-1.6,0.15,13.93,4.65,9.624,8.937,10.69,7.46,-3.34,5.98,-0.004,0.008,0.017,0.35,0.11,-80.3066354,26.9180569,165.4
-64.3,9.2,0.0,18.65,-0.96,-9.66,-26.52,0.66,1.13,-1.6,0.17,11.311,7.681,8.868,9.202,6.57,8.34,11.09,16.09,-0.004,0.008,0.017,0.3,0.1,-80.306637,26.9180651,165.45
-64.1,9.6,0.0,18.67,0.91,-8.42,-26.04,-1.38,0.02,-1.62,0.14,10.065,11.458,10.32,7.475,7.85,9.71,10.01,16.87,-0.004,0.008,0.016,0.28,0.09,-80.3066384,26.9180733,165.5
-64.3,9.9,0.0,18.68,-0.57,-7.92,-26.08,0.13,-0.33,-1.62,0.12,9.741,7.171,8.388,6.573,7.55,13.54,6.87,21.68,-0.004,0.008,0.016,0.29,0.1,-80.3066396,26.9180816,165.55
-63.9,10.6,0.0,18.71,0.74,-7.27,-25.71,-1.63,1.09,-1.63,0.11,10.477,9.918,8.064,7.201,11.28,8.73,23.15,4.61,-0.004,0.008,0.016,0.19,0.06,-80.3066406,26.9180899,165.6
-63.2,11.1,0.0,18.76,1.17,-8.61,-25.59,0.46,0.72,-1.62,0.09,9.408,12.704,13.528,8.289,11.58,11.87,18.84,4.61,-0.004,0.008,0.015,0.31,0.1,-80.3066414,26.9180983,165.65
-59.6,11.7,0.0,18.83,1.56,-11.07,-25.98,0.57,-1.45,-1.6,0.05,10.301,10.899,11.36,7.485,13.34,13.24,16.38,2.65,-0.004,0.008,0.015,0.3,0.1,-80.306642,26.9181067,165.7
-58.4,12.0,0.0,18.94,2.49,-9.03,-26.39,-0.66,-0.41,-1.59,-0.03,12.135,8.152,8.025,8.623,11.67,12.07,10.89,9.61,-0.003,0.009,0.014,0.45,0.15,-80.3066423,26.9181151,165.75
-56.7,12.5,0.0,19.04,2.12,-9.93,-25.16,-1.19,0.12,-1.58,-0.1,12.115,5.405,7.014,4.67,10.99,13.15,-0.29,8.53,-0.002,0.009,0.014,0.46,0.15,-80.3066425,26.9181236,165.8
-56.8,12.9,0.0,19.15,2.6,-8.98,-24.47,2.34,0.54,-1.57,-0.14,11.89,3.983,8.427,7.976,11.48,10.99,6.87,14.03,-0.002,0.009,0.013,0.59,0.2,-80.3066425,26.9181322,165.85
-56.5,13.2,0.0,19.28,2.83,-10.02,-24.61,0.09,0.9,-1.58,-0.16,9.064,9.212,11.968,10.86,11.38,10.99,-0.49,16.09,-0.002,0.009,0.013,0.59,0.2,-80.3066423,26.9181408,165.9
-56.1,13.3,0.0,19.42,3.03,-10.47,-25.52,-1.57,0.78,-1.62,-0.21,9.741,7.181,4.493,3.757,11.09,11.67,-1.28,10.2,-0.002,0.009,0.013,0.55,0.19,-80.3066419,26.9181494,165.95
-54.6,13.4,0.0,19.56,3.44,-6.43,-24.85,1.36,-1.03,-1.64,-0.26,6.7,9.349,10.683,11.89,8.34,9.81,7.36,18.44,-0.002,0.01,0.012,0.76,0.26,-80.3066413,26.9181582,166.0
-53.7,13.5,0.0,19.69,3.07,-7.68,-24.04,1.07,-0.56,-1.65,-0.29,9.594,6.887,9.221,7.593,5.1,10.5,1.28,12.75,-0.002,0.01,0.012,0.73,0.25,-80.3066404,26.9181669,166.05
-53.3,13.4,0.0,19.83,3.29,-7.56,-23.37,0.9,1.11,-1.66,-0.25,12.106,9.83,9.506,7.308,6.97,9.22,7.36,12.26,-0.002,0.01,0.012,0.81,0.28,-80.3066394,26.9181757,166.1
-53.9,13.4,0.0,19.95,1.9,-10.83,-22.95,-0.43,0.95,-1.65,-0.24,11.939,4.591,15.667,9.653,7.06,9.71,8.44,16.28,-0.002,0.01,0.012,0.71,0.25,-80.3066382,26.9181846,166.15
-55.7,13.0,0.0,20.1,3.29,-5.31,-23.24,0.14,-0.32,-1.64,-0.24,10.134,11.605,10.771,7.495,6.67,8.24,7.55,20.01,-0.002,0.01,0.012,0.86,0.3,-80.3066367,26.9181935,166.2
-59.6,12.7,0.0,20.23,2.41,-10.51,-23.66,-0.82,-0.23,-1.63,-0.27,11.644,5.651,13.145,9.643,8.63,13.64,12.26,11.77,-0.002,0.01,0.012,0.71,0.25,-80.3066351,26.9182024,166.25
-60.7,12.2,0.0,20.36,3.52,-5.83,-23.99,-0.54,0.55,-1.69,-0.28,10.497,10.958,7.603,6.043,4.81,8.04,14.62,14.72,-0.002,0.01,0.012,0.77,0.27,-80.3066332,26.9182113,166.3
-61.2,11.8,0.0,20.48,1.79,-10.52,-24.36,-1.11,2.08,-1.69,-0.26,10.281,8.044,12.135,6.936,1.96,10.4,5.89,9.22,-0.002,0.01,0.012,0.8,0.29,-80.3066311,26.9182203,166.35
-59.7,11.6,0.0,20.58,2.63,-7.87,-24.73,-1.19,1.64,-1.73,-0.24,10.291,12.625,9.32,7.259,9.12,9.12,16.38,11.77,-0.002,0.01,0.013,0.82,0.29,-80.3066288,26.9182293,166.4
-59.4,11.2,0.0,20.69,1.34,-10.6,-25.34,-1.61,1.45,-1.71,-0.26,11.9,5.896,13.4,9.104,15.7,11.77,11.87,15.3,-0.002,0.01,0.012,0.91,0.33,-80.3066262,26.9182382,166.45
-59.4,10.7,0.0,20.79,2.18,-7.4,-24.95,-1.12,0.17,-1.73,-0.27,7.711,13.577,10.801,6.553,9.81,8.83,12.36,16.38,-0.002,0.01,0.013,1.0,0.36,-80.3066235,26.9182472,166.5
-59.3,10.3,0.0,20.88,1.62,-11.78,-24.27,-1.95,1.38,-1.72,-0.27,10.35,8.25,15.215,6.838,12.85,12.85,18.34,13.54,-0.002,0.01,0.013,0.94,0.34,-80.3066205,26.9182562,166.55
-59.0,9.9,0.0,20.95,1.04,-9.03,-24.06,1.19,1.12,-1.73,-0.24,11.929,10.232,10.791,6.749,13.15,14.81,11.38,16.38,-0.002,0.01,0.013,0.91,0.33,-80.3066173,26.9182651,166.6
-57.1,9.8,0.0,21.0,1.96,-8.04,-23.0,0.51,0.99,-1.69,-0.19,9.761,11.537,8.711,8.476,14.03,13.64,14.32,10.89,-0.003,0.01,0.013,0.91,0.33,-80.3066138,26.918274,166.65
-54.5,9.7,0.0,21.04,0.41,-10.75,-22.66,1.59,2.06,-1.65,-0.14,11.35,7.259,8.437,3.934,9.81,16.28,16.68,16.19,-0.003,0.01,0.014,0.76,0.28,-80.3066102,26.9182828,166.7
-50.5,9.7,0.0,21.08,-0.13,-8.57,-21.95,1.14,0.71,-1.58,-0.12,11.89,11.625,14.754,9.133,9.42,14.52,5.0,6.97,-0.003,0.01,0.014,0.69,0.25,-80.3066063,26.9182916,166.75
-50.0,9.8,0.0,21.11,1.13,-8.43,-20.86,2.73,0.24,-1.5,-0.12,10.909,9.947,11.085,8.545,10.1,14.42,12.65,18.54,-0.003,0.009,0.014,0.66,0.24,-80.3066022,26.9183003,166.8
-50.3,9.9,0.0,21.14,0.71,-10.68,-20.48,0.56,-0.47,-1.44,-0.12,11.242,13.871,8.309,5.631,4.91,8.44,12.16,9.32,-0.003,0.009,0.014,0.49,0.18,-80.3065979,26.918309,166.85
-51.6,10.2,0.0,21.19,1.29,-5.86,-20.35,-0.4,0.35,-1.39,-0.15,4.581,13.979,11.272,11.095,5.59,9.61,14.42,14.62,-0.003,0.009,0.013,0.58,0.21,-80.3065934,26.9183176,166.9
-52.3,10.4,0.0,21.22,0.74,-8.95,-20.61,-0.64,0.31,-1.39,-0.15,10.32,8.132,10.614,5.523,13.24,7.16,1.57,12.65,-0.003,0.009,0.013,0.46,0.17,-80.3065887,26.9183262,166.95
-52.2,10.7,0.0,21.28,0.94,-6.8,-20.98,3.15,-0.33,-1.34,-0.17,9.084,7.809,8.015,5.984,15.5,6.97,7.26,10.5,-0.003,0.009,0.013,0.44,0.16,-80.3065839,26.9183347,167.0
-52.4,10.8,0.0,21.34,1.35,-6.2,-21.49,-1.96,1.08,-1.34,-0.18,7.093,7.171,10.036,8.682,13.83,10.69,5.1,10.1,-0.003,0.009,0.013,0.52,0.19,-80.3065788,26.9183431,167.05
-51.7,11.1,0.0,21.41,1.94,-5.43,-21.93,1.53,-0.12,-1.38,-0.21,7.671,11.527,9.339,8.348,11.67,10.1,9.12,13.24,-0.003,0.009,0.013,0.5,0.19,-80.3065736,26.9183515,167.1
-51.8,11.4,0.0,21.51,2.01,-9.18,-22.23,0.86,-0.52,-1.36,-0.26,10.693,11.86,12.645,10.124,7.06,9.22,-0.2,13.24,-0.002,0.009,0.012,0.61,0.23,-80.3065682,26.9183598,167.15
-51.8,11.9,0.0,21.58,0.88,-9.06,-20.82,-1.07,1.99,-1.41,-0.27,11.703,2.58,13.136,8.358,8.73,8.73,4.81,19.72,-0.002,0.009,0.012,0.57,0.21,-80.3065626,26.9183681,167.2
-51.6,12.3,0.0,21.68,1.89,-9.33,-21.08,0.38,0.28,-1.46,-0.26,12.694,5.258,8.015,6.916,7.95,11.77,0.0,16.58,-0.002,0.009,0.013,0.63,0.24,-80.3065568,26.9183763,167.25
-51.4,12.6,0.0,21.79,2.44,-8.06,-22.93,1.91,0.21,-1.45,-0.25,9.3,9.879,4.375,6.445,8.34,13.44,4.41,9.22,-0.002,0.009,0.013,0.75,0.28,-80.3065508,26.9183844,167.3
-49.7,12.8,0.0,21.9,2.31,-7.88,-22.98,-1.57,-0.9,-1.53,-0.3,8.8,11.674,7.662,7.24,13.34,15.6,2.94,10.79,-0.002,0.01,0.012,0.76,0.29,-80.3065446,26.9183925,167.35
-46.5,13.0,0.0,22.02,2.3,-8.55,-22.84,-0.75,-0.63,-1.61,-0.34,12.125,6.043,6.936,6.553,12.56,9.81,2.55,10.69,-0.002,0.009,0.012,0.82,0.32,-80.3065383,26.9184006,167.4
-41.5,13.3,0.0,22.13,2.58,-8.56,-21.57,0.11,-0.49,-1.64,-0.4,14.45,5.16,11.026,8.907,17.66,7.46,15.6,19.52,-0.002,0.009,0.012,0.95,0.37,-80.3065317,26.9184086,167.45
-40.0,13.7,0.0,22.26,2.15,-9.88,-19.84,-0.45,-0.27,-1.62,-0.44,11.595,7.338,12.184,8.142,11.28,4.12,9.61,12.46,-0.002,0.009,0.011,0.94,0.37,-80.3065249,26.9184165,167.5
-36.3,14.0,0.0,22.39,3.39,-7.02,-17.65,2.23,-0.53,-1.51,-0.49,8.721,9.849,6.229,8.054,6.08,11.58,12.95,17.46,-0.002,0.009,0.011,0.93,0.36,-80.3065179,26.9184243,167.55
-34.1,14.4,0.0,22.51,3.94,-7.41,-16.94,2.19,-0.93,-1.37,-0.51,8.839,12.625,6.779,5.464,4.02,7.26,17.36,10.5,-0.002,0.009,0.01,0.83,0.33,-80.3065108,26.9184321,167.6
-30.7,14.6,0.0,22.63,3.09,-6.27,-14.98,0.25,0.13,-1.31,-0.55,10.477,12.459,4.876,3.747,8.24,12.46,12.75,2.35,-0.002,0.009,0.01,0.77,0.3,-80.3065035,26.9184399,167.65
-28.8,14.9,0.0,22.78,3.19,-7.08,-13.91,1.74,-0.16,-1.22,-0.6,10.536,11.625,10.428,8.476,13.34,14.42,22.46,8.83,-0.001,0.009,0.009,0.69,0.27,-80.3064959,26.9184475,167.7
-28.6,15.5,0.0,22.91,3.24,-6.47,-12.61,2.79,-0.88,-1.13,-0.62,8.682,12.429,12.223,8.211,11.77,12.46,13.83,17.76,-0.001,0.009,0.008,0.61,0.24,-80.3064883,26.9184552,167.75
-28.0,16.2,0.0,23.05,3.27,-6.66,-11.83,-1.35,0.74,-1.09,-0.62,11.232,11.311,6.151,5.199,8.14,10.2,12.36,10.2,-0.001,0.009,0.007,0.56,0.22,-80.3064804,26.9184628,167.8
-28.3,17.0,0.0,23.18,2.07,-4.58,-12.39,2.79,-0.33,-0.99,-0.62,8.584,11.056,8.221,7.524,5.1,7.06,8.24,10.79,-0.001,0.008,0.007,0.53,0.22,-80.3064725,26.9184703,167.85
-27.6,17.9,0.0,23.32,3.02,-6.07,-12.51,-0.12,0.1,-0.98,-0.6,8.407,11.752,11.213,8.113,11.58,10.5,6.77,10.4,-0.0,0.008,0.007,0.47,0.19,-80.3064643,26.9184778,167.9
-25.5,18.6,0.0,23.45,3.42,-5.24,-12.59,-0.28,0.86,-0.97,-0.59,12.488,8.672,7.701,6.357,15.21,12.85,5.2,13.24,-0.0,0.008,0.007,0.48,0.2,-80.3064561,26.9184853,167.95
-24.5,19.2,0.0,23.6,2.64,-4.75,-12.31,-1.18,0.38,-1.0,-0.6,12.488,4.336,9.143,7.976,11.97,12.56,11.87,16.68,-0.0,0.008,0.007,0.49,0.2,-80.3064477,26.9184928,168.0
-17.2,20.0,0.0,23.72,2.69,-4.13,-11.16,-0.27,0.99,-1.02,-0.57,10.31,6.121,11.007,8.829,5.59,11.28,15.79,9.91,-0.0,0.008,0.007,0.54,0.22,-80.3064392,26.9185002,168.05
-13.3,20.8,0.0,23.86,2.16,-4.02,-9.54,-0.26,0.86,-1.01,-0.56,7.367,8.741,5.631,6.043,8.73,6.57,11.09,6.38,0.0,0.007,0.006,0.59,0.24,-80.3064305,26.9185076,168.1
-8.0,22.2,0.0,24.0,3.54,-3.93,-7.19,0.65,-0.96,-0.97,-0.57,9.938,8.348,9.163,7.583,14.42,9.03,17.95,9.61,0.001,0.007,0.005,0.54,0.22,-80.3064217,26.918515,168.15
-5.2,23.2,0.0,24.14,3.03,-0.66,-4.63,2.85,0.67,-0.87,-0.55,6.945,8.407,9.339,7.564,10.99,10.99,16.38,16.48,0.001,0.007,0.005,0.61,0.26,-80.3064128,26.9185223,168.2
-2.9,23.8,0.0,24.27,3.83,-1.52,-2.38,1.87,1.25,-0.79,-0.52,5.17,11.743,3.218,4.12,10.01,12.75,6.38,7.75,0.001,0.006,0.004,0.45,0.19,-80.3064038,26.9185297,168.25
0.9,24.6,0.0,24.43,3.27,-2.78,-1.09,2.5,-0.06,-0.69,-0.5,6.426,12.782,8.907,4.532,7.06,13.64,4.91,17.27,0.001,0.005,0.003,0.4,0.17,-80.3063948,26.9185371,168.3
2.4,24.9,0.0,24.58,3.37,-1.17,0.01,1.75,-0.95,-0.61,-0.55,11.801,6.681,11.282,8.594,12.26,10.99,15.99,16.68,0.002,0.005,0.002,0.44,0.19,-80.3063856,26.9185445,168.35
6.1,25.4,0.0,24.72,2.82,1.74,1.15,1.97,-0.0,-0.52,-0.55,8.839,7.976,11.301,8.721,15.11,11.87,19.91,8.24,0.003,0.004,0.0,0.4,0.17,-80.3063764,26.918552,168.4
10.5,26.3,0.0,24.86,2.63,-0.07,2.73,1.25,0.9,-0.49,-0.53,5.69,10.33,9.113,4.787,7.75,7.16,11.58,15.89,0.003,0.004,-0.0,0.38,0.16,-80.3063671,26.9185595,168.45
12.2,27.3,0.0,25.03,2.63,3.54,4.97,1.37,0.22,-0.4,-0.52,4.208,7.828,12.361,8.221,6.97,8.04,13.73,17.17,0.004,0.003,-0.001,0.38,0.16,-80.3063576,26.9185673,168.5
16.7,28.1,0.0,25.17,3.17,1.82,6.7,1.06,-0.06,-0.34,-0.5,6.524,10.958,10.094,7.779,12.85,11.09,4.51,15.7,0.004,0.003,-0.002,0.31,0.14,-80.3063483,26.9185749,168.55
20.7,28.4,0.0,25.34,3.74,1.59,8.01,1.81,-1.17,-0.27,-0.51,12.204,8.113,9.467,8.103,12.26,7.16,4.32,12.46,0.004,0.002,-0.003,0.34,0.15,-80.3063389,26.9185827,168.6
23.6,28.5,0.0,25.5,1.95,4.65,9.42,3.68,-0.37,-0.15,-0.52,9.869,8.132,10.634,8.927,7.26,7.36,20.8,9.42,0.005,0.002,-0.004,0.3,0.13,-80.3063295,26.9185905,168.65
26.8,28.3,0.0,25.64,2.65,4.32,11.35,1.95,0.68,-0.06,-0.5,8.417,5.543,4.797,6.7,15.4,8.63,15.79,11.67,0.006,0.002,-0.005,0.19,0.08,-80.3063202,26.9185985,168.7
27.3,28.0,0.0,25.81,4.06,5.62,13.28,0.91,-0.45,-0.01,-0.48,6.651,10.781,9.476,7.279,8.14,11.28,11.77,8.44,0.007,0.002,-0.006,0.13,0.06,-80.3063108,26.9186066,168.75
27.4,28.0,0.0,25.98,3.64,5.93,14.43,0.9,0.54,0.02,-0.49,5.641,3.953,9.908,8.446,5.0,7.65,10.69,12.16,0.007,0.002,-0.006,0.06,0.03,-80.3063015,26.9186148,168.8
28.2,27.9,0.0,26.13,2.89,6.72,13.98,2.07,-0.31,0.07,-0.49,3.659,10.31,5.464,6.975,13.73,10.1,9.12,2.35,0.008,0.002,-0.007,-0.0,-0.0,-80.3062922,26.9186231,168.85
27.7,27.8,0.0,26.29,3.16,6.72,14.63,0.22,-0.12,0.1,-0.48,5.033,10.134,7.828,9.27,11.18,14.03,20.5,21.29,0.008,0.001,-0.007,-0.06,-0.03,-80.3062829,26.9186316,168.9
26.9,27.8,0.0,26.44,2.66,5.58,14.6,-2.08,1.35,0.04,-0.47,9.163,3.541,7.995,6.808,9.03,10.69,5.2,26.78,0.008,0.001,-0.007,-0.15,-0.07,-80.3062738,26.9186403,168.95
28.6,26.9,0.0,26.59,2.81,5.7,14.05,0.33,0.06,0.0,-0.46,8.751,8.329,3.59,7.299,13.44,9.22,8.14,1.67,0.008,0.001,-0.008,-0.15,-0.07,-80.3062646,26.9186491,169.0
29.8,24.7,0.0,26.74,3.47,4.59,14.14,-0.93,0.47,-0.04,-0.44,5.396,8.603,8.025,7.024,8.14,8.83,12.95,0.98,0.009,0.001,-0.008,-0.21,-0.1,-80.3062556,26.918658,169.05
30.0,23.5,0.0,26.88,3.4,6.28,14.3,0.49,1.55,-0.1,-0.38,7.505,7.024,7.701,8.083,6.77,8.14,14.91,16.68,0.009,0.001,-0.008,-0.18,-0.09,-80.3062466,26.9186671,169.1
30.0,22.9,0.0,27.0,2.81,7.26,14.68,-0.16,-0.6,-0.16,-0.3,7.524,8.427,5.69,7.848,13.44,11.87,11.97,7.26,0.009,0.001,-0.008,-0.19,-0.09,-80.3062377,26.9186763,169.15
29.5,22.5,0.0,27.12,2.91,6.1,15.96,0.02,-0.48,-0.22,-0.24,8.132,9.476,4.287,6.926,12.16,6.67,16.38,3.14,0.009,0.0,-0.007,-0.28,-0.13,-80.3062289,26.9186857,169.2
28.4,22.3,0.0,27.26,2.71,7.69,16.25,0.4,-1.58,-0.3,-0.25,8.888,2.943,4.532,4.434,7.55,5.49,16.28,27.37,0.009,0.0,-0.007,-0.29,-0.14,-80.3062202,26.9186953,169.25
28.3,22.3,0.0,27.38,2.77,6.26,15.92,-2.25,-1.69,-0.35,-0.29,8.829,4.307,3.895,7.956,10.99,10.59,11.09,13.15,0.009,0.0,-0.009,-0.36,-0.17,-80.3062116,26.9187049,169.3
28.2,22.3,0.0,27.49,2.38,7.69,14.72,-1.01,1.12,-0.45,-0.24,9.241,7.877,5.915,8.505,5.3,8.93,10.3,4.51,0.009,0.0,-0.009,-0.36,-0.17,-80.3062031,26.9187147,169.35
28.8,22.6,0.0,27.61,2.12,7.69,14.22,-1.53,0.92,-0.55,-0.17,11.674,6.406,2.021,5.69,12.95,8.53,11.58,23.05,0.009,0.0,-0.008,-0.33,-0.16,-80.3061947,26.9187247,169.4
28.2,22.9,0.0,27.74,2.68,9.18,15.92,-2.88,-0.61,-0.64,-0.15,13.646,3.218,3.443,6.779,19.13,7.65,11.38,2.84,0.009,-0.0,-0.008,-0.39,-0.19,-80.3061864,26.9187348,169.45
28.4,23.0,0.0,27.85,2.37,7.79,15.92,1.8,-1.39,-0.62,-0.17,9.506,3.826,5.552,8.172,5.98,6.18,8.93,-3.92,0.008,-0.0,-0.009,-0.41,-0.2,-80.3061782,26.918745,169.5
29.1,23.1,0.0,27.96,2.47,4.72,15.67,0.79,-0.99,-0.64,-0.18,8.809,4.15,4.091,7.976,13.24,3.04,18.44,22.76,0.008,-0.0,-0.009,-0.55,-0.27,-80.3061702,26.9187554,169.55
28.8,23.1,0.0,28.07,3.43,9.65,15.01,0.15,-0.13,-0.66,-0.14,7.367,9.918,8.348,8.015,11.48,11.77,14.32,13.24,0.009,-0.0,-0.009,-0.43,-0.21,-80.3061622,26.9187659,169.6
28.7,23.0,0.0,28.18,2.46,5.65,16.24,2.0,-1.44,-0.62,-0.1,9.712,12.066,7.485,6.092,15.4,9.03,7.16,7.55,0.008,-0.001,-0.009,-0.51,-0.25,-80.3061544,26.9187765,169.65
28.8,22.6,0.0,28.31,3.04,9.37,17.08,3.48,-3.41,-0.55,-0.14,5.052,12.282,6.573,9.722,8.34,14.13,12.07,28.45,0.008,-0.001,-0.009,-0.6,-0.3,-80.3061467,26.9187873,169.7
27.0,22.4,0.0,28.4,2.05,9.0,16.67,0.82,-1.76,-0.49,-0.19,12.056,7.701,8.476,11.144,4.71,6.77,12.46,10.1,0.008,-0.001,-0.011,-0.58,-0.29,-80.3061393,26.9187982,169.75
26.7,22.5,0.0,28.51,1.9,7.57,15.23,2.76,-1.07,-0.41,-0.23,6.69,8.564,3.934,10.193,14.32,8.63,6.77,2.94,0.008,-0.001,-0.011,-0.63,-0.31,-80.3061319,26.9188093,169.8
28.2,22.5,0.0,28.63,1.8,4.79,14.55,-1.92,1.34,-0.47,-0.25,6.435,5.994,6.975,8.849,6.18,10.1,16.09,16.87,0.009,-0.001,-0.011,-0.59,-0.29,-80.3061246,26.9188205,169.85
27.2,22.6,0.0,28.74,2.16,9.96,13.88,1.26,0.19,-0.52,-0.23,4.768,4.032,6.435,9.83,9.03,6.47,10.69,11.38,0.008,-0.001,-0.01,-0.59,-0.3,-80.3061175,26.9188318,169.9
26.9,23.0,0.0,28.85,2.49,7.94,15.66,-2.56,-0.12,-0.55,-0.24,4.65,6.249,7.102,6.622,12.36,14.62,18.05,14.91,0.008,-0.002,-0.01,-0.56,-0.28,-80.3061105,26.9188432,169.95
27.0,23.4,0.0,28.95,2.67,7.81,16.14,4.07,-4.65,-0.49,-0.38,10.094,7.279,5.641,11.056,16.38,8.44,5.4,21.48,0.007,-0.002,-0.011,-0.57,-0.29,-80.3061036,26.9188548,170.0
26.8,24.5,0.0,29.04,1.92,8.13,15.8,1.55,-2.35,-0.39,-0.48,8.692,9.526,10.232,11.007,6.67,7.95,3.83,10.79,0.007,-0.003,-0.013,-0.54,-0.27,-80.3060969,26.9188664,170.05
26.8,25.7,0.0,29.15,2.02,5.45,15.04,-2.46,1.31,-0.31,-0.54,6.072,7.613,3.581,4.63,8.63,8.93,16.28,8.53,0.007,-0.003,-0.014,-0.63,-0.32,-80.3060904,26.9188783,170.1
27.8,26.4,0.0,29.27,1.76,8.87,13.45,0.57,0.74,-0.25,-0.58,9.486,5.033,8.495,10.055,7.36,10.79,10.59,11.97,0.008,-0.002,-0.014,-0.54,-0.28,-80.3060841,26.9188902,170.15
28.7,27.0,0.0,29.37,1.94,2.38,14.26,-2.92,1.14,-0.27,-0.56,8.427,4.473,10.585,5.582,16.68,7.55,11.28,7.16,0.009,-0.001,-0.012,-0.65,-0.33,-80.3060778,26.9189022,170.2
28.4,27.3,0.0,29.5,4.05,9.52,14.39,3.93,-1.42,-0.23,-0.53,5.749,5.994,6.475,8.27,-1.18,10.99,19.91,15.21,0.009,-0.0,-0.011,-0.63,-0.33,-80.3060717,26.9189144,170.25
28.0,28.0,0.0,29.6,1.95,5.93,15.67,2.63,1.15,-0.25,-0.5,6.543,4.071,1.756,6.347,14.91,12.36,5.4,3.83,0.009,-0.0,-0.01,-0.65,-0.33,-80.3060658,26.9189267,170.3
26.5,28.9,0.0,29.73,2.63,7.91,15.79,1.47,-0.92,-0.23,-0.52,9.565,4.885,8.358,4.307,13.83,11.87,14.32,24.33,0.008,-0.002,-0.01,-0.73,-0.38,-80.3060599,26.918939,170.35
26.1,29.7,0.0,29.85,3.46,9.12,16.03,4.55,-5.04,-0.11,-0.63,9.702,8.564,3.581,11.164,11.09,9.61,13.54,10.2,0.008,-0.002,-0.013,-0.86,-0.45,-80.3060543,26.9189516,170.4
25.0,30.6,0.0,29.97,2.22,5.2,15.24,-4.59,1.15,-0.11,-0.7,6.121,11.223,3.09,8.672,0.39,11.97,22.86,17.66,0.008,-0.002,-0.014,-0.84,-0.44,-80.3060488,26.9189642,170.45
24.7,31.5,0.0,30.09,1.82,7.14,13.61,-1.66,1.76,-0.07,-0.73,6.288,10.771,8.113,5.572,14.13,8.73,11.28,7.26,0.009,-0.001,-0.015,-0.8,-0.42,-80.3060434,26.9189769,170.5
24.6,32.3,0.0,30.23,3.23,8.12,13.62,-0.18,0.03,-0.16,-0.66,8.564,10.026,6.592,5.7,13.73,8.83,13.24,0.88,0.009,-0.001,-0.013,-0.8,-0.42,-80.3060383,26.9189898,170.55
24.2,32.9,0.0,30.36,2.86,5.78,14.39,2.67,0.39,-0.11,-0.62,4.248,7.593,1.393,9.064,12.26,9.61,15.7,13.54,0.009,-0.0,-0.011,-0.85,-0.45,-80.3060332,26.9190027,170.6
21.9,34.3,0.0,30.49,3.88,7.7,15.82,4.41,-0.8,-0.05,-0.63,8.849,7.632,0.912,1.315,-0.1,10.1,4.71,4.51,0.009,0.0,-0.011,-0.94,-0.5,-80.3060283,26.9190158,170.65
20.0,35.4,0.0,30.63,3.25,7.61,14.43,1.09,0.92,-0.03,-0.63,3.747,8.76,4.375,10.075,8.24,9.61,13.34,11.87,0.01,-0.0,-0.011,-1.02,-0.55,-80.3060236,26.9190289,170.7
18.2,37.0,0.0,30.77,2.69,9.45,13.87,-3.81,1.82,-0.01,-0.64,7.701,9.918,6.995,2.884,9.52,12.07,10.89,12.36,0.009,-0.0,-0.012,-0.92,-0.5,-80.3060191,26.9190422,170.75
16.8,38.4,0.0,30.91,2.07,3.23,12.46,-0.41,-0.4,0.05,-0.61,4.052,8.819,0.5,4.208,12.85,4.02,16.97,18.93,0.009,-0.0,-0.012,-1.01,-0.54,-80.3060147,26.9190556,170.8
13.4,39.3,0.0,31.08,3.7,7.42,12.47,7.74,-1.96,0.12,-0.64,5.582,7.603,6.7,6.229,8.63,8.34,3.83,14.13,0.009,-0.0,-0.012,-0.91,-0.49,-80.3060104,26.9190691,170.85
10.4,40.1,0.0,31.23,4.02,7.76,10.54,1.59,-1.21,0.06,-0.62,4.032,10.094,2.07,4.208,6.47,9.91,17.95,11.09,0.009,-0.0,-0.011,-0.89,-0.48,-80.3060063,26.9190827,170.9
9.4,40.2,0.0,31.39,3.07,6.73,9.07,-6.53,0.56,-0.06,-0.67,7.151,9.055,0.206,-1.697,12.65,12.16,8.44,-4.02,0.009,0.0,-0.011,-0.85,-0.47,-80.3060024,26.9190964,170.95
8.9,40.5,0.0,31.56,3.46,3.39,7.21,-4.65,1.33,-0.13,-0.64,1.413,3.414,2.786,1.599,11.09,8.44,23.15,15.79,0.009,0.001,-0.011,-0.78,-0.43,-80.3059985,26.9191102,171.0
9.3,41.3,0.0,31.71,4.2,4.27,6.26,-0.3,0.17,-0.22,-0.61,8.78,9.839,6.847,3.483,13.24,7.26,5.3,4.41,0.009,0.0,-0.01,-0.59,-0.33,-80.3059948,26.919124,171.05
9.1,42.3,0.0,31.9,3.55,4.5,6.51,-2.2,-0.93,-0.39,-0.63,3.816,5.68,3.11,4.248,15.11,11.87,16.58,15.21,0.008,0.001,-0.01,-0.49,-0.27,-80.3059912,26.919138,171.1
8.7,43.9,0.0,32.05,2.99,4.8,6.04,-3.3,-0.52,-0.5,-0.61,2.992,9.163,6.573,4.277,3.92,11.67,8.34,13.24,0.007,0.0,-0.01,-0.43,-0.24,-80.3059877,26.9191521,171.15
7.9,45.6,0.0,32.22,3.52,4.34,5.96,1.23,-1.87,-0.6,-0.67,6.416,11.566,3.031,4.464,13.24,14.62,11.87,9.71,0.007,0.0,-0.01,-0.41,-0.23,-80.3059843,26.9191663,171.2
9.0,47.1,0.0,32.41,3.81,3.04,6.17,-5.75,0.44,-0.79,-0.68,8.015,3.846,3.257,3.571,10.5,12.56,15.89,12.75,0.007,0.0,-0.01,-0.39,-0.22,-80.305981,26.9191806,171.25
10.3,48.5,0.0,32.56,2.29,2.09,7.02,-4.33,1.2,-0.89,-0.67,3.718,7.622,1.315,5.229,14.62,8.44,9.12,21.58,0.007,0.001,-0.01,-0.32,-0.18,-80.3059777,26.919195,171.3
10.6,49.3,0.0,32.75,3.78,3.0,7.67,4.11,-1.21,-0.83,-0.7,8.545,10.202,5.906,6.592,14.91,8.93,4.22,6.08,0.007,0.002,-0.01,-0.38,-0.22,-80.3059745,26.9192094,171.35
10.6,49.9,0.0,32.95,3.85,4.36,7.59,2.18,-0.96,-0.78,-0.71,8.584,6.014,6.69,7.308,2.55,10.59,12.65,9.91,0.008,0.002,-0.01,-0.32,-0.18,-80.3059714,26.919224,171.4
9.4,50.8,0.0,33.13,3.16,4.06,8.11,-2.85,1.5,-0.75,-0.7,2.031,8.721,7.102,5.16,1.96,10.01,23.15,8.34,0.008,0.002,-0.01,-0.34,-0.2,-80.3059684,26.9192387,171.45
9.4,51.4,0.0,33.35,5.68,6.03,7.54,6.71,-2.44,-0.65,-0.73,7.024,2.462,2.453,4.64,13.05,6.67,13.83,1.08,0.008,0.002,-0.01,-0.32,-0.19,-80.3059655,26.9192535,171.5
9.5,51.4,0.0,33.54,4.25,4.47,7.63,0.03,-0.02,-0.66,-0.72,1.874,11.174,5.709,1.462,13.83,12.65,11.77,17.95,0.008,0.002,-0.01,-0.38,-0.22,-80.3059627,26.9192683,171.55
9.4,51.4,0.0,33.73,5.05,4.58,7.33,1.08,-1.38,-0.62,-0.7,5.209,14.833,4.552,10.83,13.24,11.58,6.47,5.69,0.009,0.002,-0.01,-0.42,-0.25,-80.3059599,26.9192833,171.6
8.0,51.5,0.0,33.95,6.16,6.01,6.96,3.05,-2.18,-0.61,-0.66,7.593,5.376,0.471,4.012,12.36,6.08,12.56,11.58,0.008,0.002,-0.01,-0.45,-0.27,-80.3059573,26.9192984,171.65
6.7,51.4,0.0,34.13,4.09,5.64,7.41,0.68,-0.35,-0.67,-0.69,3.993,7.524,7.122,3.963,11.28,8.14,21.78,3.92,0.008,0.002,-0.01,-0.38,-0.23,-80.3059547,26.9193136,171.7
6.0,51.4,0.0,34.34,5.83,6.48,6.74,3.04,-1.93,-0.61,-0.73,5.837,11.919,3.483,1.628,4.41,13.83,11.09,-0.49,0.008,0.002,-0.01,-0.43,-0.26,-80.3059523,26.9193289,171.75
3.9,51.4,0.0,34.53,4.78,3.64,5.27,0.46,-0.02,-0.66,-0.66,3.473,5.719,-0.324,0.942,3.63,9.52,6.38,20.31,0.008,0.002,-0.01,-0.52,-0.31,-80.3059499,26.9193443,171.8
2.5,51.6,0.0,34.74,5.32,2.86,5.22,-1.93,-1.15,-0.72,-0.66,8.829,5.886,4.052,1.069,12.46,5.1,5.49,18.84,0.008,0.002,-0.009,-0.49,-0.29,-80.3059476,26.9193598,171.85
1.3,51.4,0.0,34.91,2.9,1.97,4.34,1.43,-0.03,-0.74,-0.65,3.375,6.229,3.855,1.982,12.65,9.12,4.22,16.28,0.008,0.003,-0.009,-0.46,-0.28,-80.3059454,26.9193754,171.9
-0.1,51.8,0.0,35.11,3.13,3.18,3.95,-4.58,1.18,-0.82,-0.6,5.278,4.208,1.697,3.885,11.48,14.22,8.24,0.69,0.007,0.002,-0.008,-0.43,-0.26,-80.3059432,26.9193911,171.95
-0.8,52.5,0.0,35.31,3.15,1.46,2.76,-2.0,1.01,-0.9,-0.61,5.415,10.565,7.868,3.777,8.53,14.42,14.81,11.28,0.007,0.003,-0.008,-0.42,-0.26,-80.3059411,26.9194068,172.0
-0.6,55.2,0.0,35.49,3.57,0.25,1.31,-1.16,1.0,-0.95,-0.61,4.63,4.895,5.552,0.824,16.68,6.97,15.7,8.44,0.007,0.003,-0.008,-0.34,-0.21,-80.305939,26.9194227,172.05
-0.6,58.1,0.0,35.72,5.42,0.98,0.63,-0.88,-0.95,-1.05,-0.63,10.477,0.942,-1.57,4.365,18.15,13.54,5.98,12.56,0.007,0.003,-0.007,-0.19,-0.12,-80.305937,26.9194387,172.1
-0.6,59.4,0.0,35.94,5.15,1.21,0.76,-5.61,-0.16,-1.16,-0.64,0.932,6.789,2.688,1.521,17.66,6.57,12.26,10.01,0.007,0.003,-0.007,-0.21,-0.13,-80.305935,26.9194547,172.15
-0.7,59.9,0.0,36.17,5.45,1.44,1.24,0.66,-0.81,-1.2,-0.68,6.553,4.267,3.139,6.749,10.4,11.18,11.87,10.99,0.007,0.004,-0.007,-0.13,-0.08,-80.305933,26.9194709,172.2
-1.3,61.0,0.0,36.39,3.57,0.13,0.79,-0.84,-0.41,-1.28,-0.68,-1.933,6.69,7.259,2.374,-0.59,14.13,7.65,7.95,0.007,0.004,-0.007,-0.21,-0.13,-80.305931,26.9194871,172.25
-1.7,62.8,0.0,36.6,4.11,-0.03,0.67,-3.31,1.68,-1.38,-0.65,4.964,6.396,5.356,2.6,5.3,9.81,12.95,10.1,0.007,0.004,-0.006,-0.13,-0.08,-80.3059291,26.9195035,172.3
-1.7,63.7,0.0,36.84,4.43,-2.34,0.6,0.03,-0.82,-1.39,-0.68,9.633,8.388,6.112,1.521,10.5,9.32,21.19,10.99,0.007,0.005,-0.006,-0.06,-0.04,-80.3059271,26.9195199,172.35
-1.9,63.7,0.0,37.08,5.17,1.11,-0.0,-0.25,0.45,-1.43,-0.69,4.415,4.944,-2.835,6.259,12.95,3.24,19.33,8.73,0.007,0.005,-0.006,-0.04,-0.02,-80.3059251,26.9195365,172.4
-1.4,62.8,0.0,37.28,4.39,-0.2,0.22,-1.13,-0.5,-1.47,-0.69,-0.059,8.633,7.534,-0.873,15.3,3.04,12.46,16.09,0.007,0.005,-0.005,-0.02,-0.02,-80.3059232,26.9195532,172.45
-1.0,59.3,0.0,37.51,3.92,-2.91,0.22,2.7,-0.98,-1.49,-0.68,6.789,4.258,3.581,2.59,16.97,1.37,9.61,15.79,0.007,0.005,-0.005,-0.1,-0.07,-80.3059212,26.9195699,172.5
-1.3,57.0,0.0,37.72,3.86,-0.75,0.09,0.21,0.21,-1.56,-0.68,3.257,3.659,4.532,1.128,16.09,8.53,3.92,11.67,0.006,0.005,-0.005,-0.07,-0.05,-80.3059192,26.9195868,172.55
-1.5,54.7,0.0,37.91,5.07,-0.05,0.78,-1.19,0.24,-1.55,-0.61,4.827,7.603,1.884,3.561,16.87,7.75,5.1,5.4,0.006,0.005,-0.005,0.0,0.0,-80.3059172,26.9196038,172.6
-1.5,52.5,0.0,38.09,2.22,-0.82,0.53,-1.36,1.02,-1.57,-0.62,6.867,1.158,-0.51,0.343,13.93,1.86,10.1,7.16,0.006,0.005,-0.005,-0.12,-0.08,-80.3059153,26.9196208,172.65
-1.9,50.0,0.0,38.26,3.02,0.11,0.45,-0.1,-0.87,-1.57,-0.61,7.573,6.789,2.825,4.738,11.48,7.55,10.3,15.79,0.006,0.004,-0.005,-0.05,-0.03,-80.3059133,26.9196379,172.7
-2.3,46.3,0.0,38.45,2.81,0.71,-0.33,-2.25,-0.62,-1.62,-0.61,0.167,13.528,8.064,7.338,12.07,14.22,10.89,9.03,0.005,0.004,-0.004,-0.08,-0.06,-80.3059113,26.9196551,172.75
-2.0,39.0,0.0,38.59,2.76,-1.27,0.06,-3.24,3.06,-1.63,-0.56,3.904,3.463,5.356,2.07,17.66,9.61,17.17,9.81,0.005,0.004,-0.004,-0.04,-0.02,-80.3059093,26.9196724,172.8
-1.9,21.5,0.0,38.71,1.61,2.39,-0.05,-0.67,0.87,-1.63,-0.55,7.112,6.102,4.287,3.188,16.97,9.22,13.73,4.61,0.005,0.004,-0.004,-0.04,-0.03,-80.3059074,26.9196897,172.85
-1.6,3.6,0.0,38.74,0.02,-1.01,0.26,0.61,1.59,-1.63,-0.45,6.818,6.475,7.338,7.691,15.4,8.24,8.14,12.46,0.005,0.004,-0.002,-0.06,-0.04,-80.3059053,26.9197071,172.9
-1.5,3.3,0.0,38.67,-2.54,-4.15,0.36,-6.7,6.95,-1.75,-0.24,5.719,3.924,9.329,13.361,13.34,7.85,-0.59,8.83,0.003,0.003,-0.0,-0.09,-0.06,-80.3059034,26.9197245,172.95
-1.9,3.2,0.0,38.65,0.21,3.17,0.5,1.69,1.66,-1.75,-0.09,11.664,7.024,6.592,7.161,13.24,11.18,0.1,7.55,0.002,0.002,0.001,0.02,0.01,-80.3059014,26.9197418,173.0
-1.9,3.2,0.0,38.61,-1.05,0.18,0.75,0.2,1.18,-1.76,0.04,3.483,12.527,7.681,8.986,10.2,14.72,5.98,18.05,0.001,0.001,0.002,-0.1,-0.07,-80.3058994,26.9197591,173.05
-1.7,3.1,0.0,38.57,-2.57,-3.29,0.48,-2.99,1.5,-1.74,0.04,11.733,7.583,11.242,12.164,10.01,11.48,10.79,20.6,0.0,0.001,0.002,-0.08,-0.05,-80.3058974,26.9197765,173.1
-1.7,3.2,0.0,38.53,-0.51,3.41,0.31,0.75,-1.87,-1.69,-0.03,6.955,11.713,6.17,9.418,12.46,22.37,11.28,9.03,0.001,0.001,0.002,-0.09,-0.06,-80.3058955,26.9197938,173.15
-1.9,3.3,0.0,38.48,-0.57,0.61,0.52,1.32,-0.04,-1.71,-0.01,4.307,16.216,4.542,10.34,7.65,18.15,13.73,15.7,0.001,0.001,0.002,-0.1,-0.07,-80.3058935,26.919811,173.2
-1.8,3.6,0.0,38.44,-2.03,-1.89,0.1,-2.15,1.1,-1.77,0.0,12.439,0.54,13.145,7.907,11.58,16.97,13.83,18.74,0.001,0.001,0.002,-0.08,-0.05,-80.3058916,26.9198283,173.25
-1.9,3.9,0.0,38.41,0.3,2.81,0.47,1.96,-1.06,-1.74,-0.0,11.664,12.017,9.879,4.738,7.36,16.87,21.39,7.85,0.001,0.002,0.002,-0.0,-0.0,-80.3058897,26.9198455,173.3
-1.7,7.1,0.0,38.23,-3.68,2.14,0.17,3.87,1.24,-1.67,0.07,8.525,10.703,9.673,8.044,7.65,12.56,19.13,8.44,0.001,0.001,0.003,-0.01,-0.01,-80.3058878,26.9198627,173.35
-1.3,39.8,0.0,37.97,-5.62,-3.19,0.63,2.03,5.87,-1.57,0.28,8.711,6.573,7.995,5.16,10.79,11.77,1.18,10.89,0.0,-0.001,0.003,-0.05,-0.03,-80.3058859,26.9198798,173.4
-2.0,53.3,0.0,37.98,7.34,0.61,-0.19,1.92,-1.76,-1.46,0.37,11.703,7.495,3.571,0.824,16.19,19.42,2.35,12.95,-0.001,-0.002,0.003,-0.02,-0.01,-80.3058841,26.9198969,173.45
-2.3,42.4,0.0,38.16,2.48,1.44,-0.84,-4.45,-7.84,-1.69,0.07,9.212,7.318,4.974,6.681,11.58,10.3,9.12,22.96,0.0,-0.0,0.002,-0.03,-0.02,-80.3058822,26.9199139,173.5
-2.0,38.2,0.0,38.27,2.42,-2.32,-0.04,-3.49,-5.06,-1.77,-0.25,7.75,3.139,8.898,1.795,9.81,12.46,10.3,11.09,0.002,0.002,-0.0,-0.03,-0.02,-80.3058803,26.9199311,173.55
-1.7,42.8,0.0,38.36,0.27,-1.26,-0.45,2.19,-1.77,-1.69,-0.42,4.66,3.963,4.601,8.093,10.59,10.2,9.81,12.75,0.004,0.004,-0.001,0.02,0.02,-80.3058784,26.9199483,173.6
-1.6,50.0,0.0,38.52,3.88,1.85,-0.44,5.34,-0.04,-1.62,-0.4,4.895,12.263,1.364,5.513,8.53,11.97,14.13,4.61,0.004,0.004,-0.001,0.02,0.01,-80.3058765,26.9199656,173.65
-1.7,56.1,0.0,38.68,3.97,-2.1,-0.06,0.82,0.11,-1.69,-0.4,7.671,4.836,5.964,3.286,11.38,9.61,10.1,18.05,0.004,0.004,-0.001,-0.02,-0.01,-80.3058746,26.9199829,173.7
-1.5,59.6,0.0,38.85,4.27,0.7,-0.25,-1.63,-0.18,-1.7,-0.41,5.709,10.83,10.369,3.021,14.62,10.99,13.83,6.28,0.004,0.004,-0.001,-0.01,-0.01,-80.3058727,26.9200003,173.75
-1.5,64.3,0.0,39.03,3.04,-0.9,0.09,-4.23,0.77,-1.69,-0.45,5.651,3.698,8.339,5.719,15.5,10.01,15.21,12.95,0.004,0.004,-0.001,0.08,0.05,-80.3058708,26.9200179,173.8
-1.6,71.3,0.0,39.23,3.88,-0.11,0.04,-3.25,0.28,-1.68,-0.5,10.163,10.703,8.28,3.551,15.4,6.47,14.62,2.55,0.004,0.004,-0.002,-0.01,-0.0,-80.3058688,26.9200354,173.85
-1.6,77.4,0.0,39.44,3.23,-2.63,-0.16,1.26,-1.69,-1.69,-0.52,4.13,8.348,-0.235,3.286,15.5,7.36,19.91,2.84,0.004,0.004,-0.002,0.06,0.04,-80.3058669,26.9200531,173.9
-1.5,81.6,0.0,39.69,5.48,-0.18,-0.19,5.06,-2.55,-1.63,-0.62,9.614,3.218,7.671,4.189,12.46,7.26,16.97,2.06,0.005,0.005,-0.002,0.09,0.06,-80.3058649,26.9200708,173.95
-1.4,84.5,0.0,39.9,5.06,-1.06,-0.07,1.76,-1.07,-1.67,-0.61,3.031,10.457,-0.137,-0.343,8.93,6.08,12.65,2.35,0.005,0.005,-0.003,0.07,0.05,-80.305863,26.9200887,174.0
-1.3,87.6,0.0,40.16,4.09,0.0,0.08,-3.95,0.26,-1.73,-0.64,9.094,2.57,6.072,4.434,14.13,11.09,7.95,10.1,0.006,0.006,-0.002,0.1,0.07,-80.305861,26.9201067,174.05
-1.7,89.1,0.0,40.37,2.69,-1.97,0.06,-1.35,-1.02,-1.75,-0.67,0.961,8.388,2.482,2.374,9.32,16.09,9.32,7.36,0.006,0.006,-0.003,0.09,0.06,-80.305859,26.9201247,174.1
-1.4,90.4,0.0,40.64,6.03,0.44,0.22,4.64,-2.07,-1.72,-0.72,10.271,7.573,2.492,-1.167,7.85,13.24,7.46,9.42,0.006,0.006,-0.003,0.02,0.01,-80.305857,26.9201429,174.15
-1.6,91.8,0.0,40.86,5.09,-0.21,0.3,1.9,0.06,-1.77,-0.68,4.738,-0.687,5.248,1.834,7.85,13.34,7.06,17.17,0.006,0.006,-0.003,0.03,0.02,-80.305855,26.9201612,174.2
-2.1,93.0,0.0,41.11,6.84,1.54,0.21,-1.44,0.17,-1.81,-0.67,7.917,11.37,2.688,3.806,9.32,21.78,-2.65,0.59,0.006,0.006,-0.003,0.05,0.04,-80.305853,26.9201796,174.25
-2.1,93.4,0.0,41.34,4.57,0.82,0.18,1.72,-0.28,-1.78,-0.69,4.238,-0.795,6.651,5.729,8.83,15.79,-1.96,14.22,0.006,0.006,-0.002,0.07,0.05,-80.3058509,26.9201981,174.3
-2.0,93.2,0.0,41.57,5.61,-0.41,0.22,2.97,-1.68,-1.76,-0.72,5.052,7.711,0.294,5.042,12.85,17.27,1.18,18.25,0.006,0.006,-0.003,0.07,0.05,-80.3058489,26.9202167,174.35
-2.0,93.1,0.0,41.81,6.55,2.15,0.25,-3.51,-0.27,-1.8,-0.74,6.602,4.493,3.541,-1.56,19.82,17.46,0.39,1.96,0.006,0.006,-0.003,0.1,0.07,-80.3058469,26.9202355,174.4
-2.0,92.9,0.0,42.06,4.17,1.18,-0.02,0.06,1.34,-1.79,-0.71,7.456,0.029,1.638,1.599,18.74,10.1,4.71,14.13,0.006,0.006,-0.003,0.11,0.08,-80.3058448,26.9202543,174.45
-2.2,92.0,0.0,42.29,6.15,-0.67,0.28,2.73,-0.21,-1.78,-0.67,6.141,-0.01,7.161,2.904,16.48,6.67,10.2,19.91,0.006,0.006,-0.002,-0.0,-0.0,-80.3058428,26.9202732,174.5
-2.2,91.1,0.0,42.5,3.96,-1.23,-0.29,-1.6,0.41,-1.8,-0.67,3.777,14.283,1.354,4.473,10.59,5.3,-0.49,11.38,0.006,0.006,-0.002,0.08,0.06,-80.3058407,26.9202923,174.55
-1.7,89.8,0.0,42.76,5.44,-0.07,-0.51,5.61,-2.45,-1.73,-0.73,5.16,9.486,9.741,3.012,2.16,3.43,-2.55,10.4,0.006,0.006,-0.003,0.09,0.07,-80.3058386,26.9203114,174.6
-1.8,88.9,0.0,43.0,5.39,0.99,-0.34,3.73,-0.44,-1.71,-0.72,6.985,4.944,3.326,0.235,3.04,7.46,-2.35,8.14,0.006,0.006,-0.003,0.08,0.06,-80.3058365,26.9203307,174.65
-1.9,87.3,0.0,43.22,4.44,-1.35,-0.33,-3.45,1.3,-1.76,-0.67,6.112,-6.504,6.367,2.472,10.59,5.4,5.49,9.81,0.006,0.007,-0.002,0.07,0.05,-80.3058344,26.92035,174.7
-1.9,84.0,0.0,43.45,4.6,-0.95,-0.03,4.19,-1.38,-1.7,-0.68,8.427,4.846,7.671,4.091,14.62,9.52,12.26,13.54,0.006,0.007,-0.002,0.06,0.05,-80.3058323,26.9203695,174.75
-2.0,81.6,0.0,43.64,2.7,-1.9,0.06,-3.32,1.01,-1.71,-0.67,1.697,11.821,-0.363,3.394,10.89,13.73,6.28,-0.2,0.006,0.006,-0.003,0.04,0.03,-80.3058302,26.9203891,174.8
-2.2,78.4,0.0,43.88,6.42,1.9,-0.27,4.69,-1.91,-1.67,-0.69,5.729,4.326,-1.393,-0.392,5.89,14.13,9.52,2.26,0.006,0.006,-0.003,0.06,0.05,-80.305828,26.9204087,174.85
-2.6,75.7,0.0,44.09,4.26,-0.1,-0.28,-0.01,1.19,-1.7,-0.64,4.258,10.869,7.75,2.443,14.52,14.03,22.66,16.28,0.006,0.006,-0.002,0.05,0.04,-80.3058258,26.9204285,174.9
-2.2,75.4,0.0,44.29,3.49,-0.46,-0.21,0.11,-0.56,-1.66,-0.67,8.741,7.926,6.033,1.913,11.77,7.85,11.87,7.65,0.005,0.006,-0.002,0.03,0.02,-80.3058237,26.9204483,174.95
-1.9,75.6,0.0,44.48,4.44,-1.21,-0.24,-3.26,2.69,-1.7,-0.66,7.995,3.541,2.031,1.118,18.84,8.73,8.24,9.52,0.006,0.006,-0.003,0.1,0.08,-80.3058215,26.9204682,175.0
-1.9,75.3,0.0,44.69,4.17,-2.09,-0.76,-0.07,0.36,-1.7,-0.6,3.031,4.787,10.869,2.972,2.45,12.46,28.55,26.49,0.006,0.006,-0.001,0.06,0.05,-80.3058192,26.9204883,175.05
-1.9,74.0,0.0,44.9,5.13,0.04,-0.51,-1.73,1.07,-1.73,-0.59,7.75,8.515,4.071,5.454,12.65,13.64,18.54,16.09,0.006,0.006,-0.001,0.07,0.05,-80.305817,26.9205084,175.1
-1.9,72.3,0.0,45.08,3.25,-2.22,-0.39,-2.08,0.23,-1.75,-0.58,3.6,6.838,11.831,3.208,10.4,11.18,9.61,21.39,0.006,0.006,-0.001,0.14,0.11,-80.3058148,26.9205286,175.15
-1.8,72.0,0.0,45.27,3.37,-1.74,-0.47,-3.71,0.76,-1.77,-0.63,2.06,11.743,10.713,0.353,10.1,9.71,20.99,17.46,0.005,0.006,-0.002,0.13,0.1,-80.3058125,26.9205489,175.2
-1.9,72.0,0.0,45.44,2.53,-0.76,-0.48,1.23,-0.14,-1.72,-0.67,1.834,7.897,3.198,0.981,11.38,21.29,13.73,3.53,0.005,0.006,-0.002,0.12,0.1,-80.3058102,26.9205693,175.25
-2.4,71.6,0.0,45.61,0.82,-2.28,-0.33,-3.8,2.76,-1.75,-0.64,2.698,13.155,3.973,2.178,15.01,11.09,9.61,20.9,0.005,0.006,-0.002,0.1,0.08,-80.3058079,26.9205897,175.3
-2.0,69.4,0.0,45.82,4.23,-0.96,-0.14,-0.77,0.39,-1.76,-0.65,7.446,6.033,8.986,7.907,2.94,2.84,25.6,28.45,0.005,0.006,-0.002,0.11,0.08,-80.3058056,26.9206103,175.35
-1.9,65.5,0.0,46.0,3.2,-2.66,-0.28,-1.37,1.33,-1.74,-0.65,0.481,5.091,-1.01,0.922,1.37,2.16,7.65,13.64,0.006,0.006,-0.001,0.07,0.05,-80.3058033,26.9206309,175.4
-1.2,63.7,0.0,46.17,3.24,-3.02,-0.24,2.64,0.36,-1.68,-0.64,2.717,0.02,5.239,3.846,15.79,6.18,1.96,14.03,0.006,0.007,-0.001,0.04,0.03,-80.3058009,26.9206516,175.45
-1.3,62.8,0.0,46.34,2.02,-3.37,0.29,-2.17,1.76,-1.69,-0.62,2.433,2.737,2.315,3.62,9.12,8.93,10.59,13.15,0.006,0.007,-0.001,0.03,0.02,-80.3057986,26.9206724,175.5
-1.4,61.6,0.0,46.49,3.42,-0.3,0.5,0.3,1.66,-1.67,-0.58,5.454,-1.687,7.514,0.471,22.07,18.15,8.73,10.5,0.006,0.006,-0.001,0.05,0.04,-80.3057962,26.9206932,175.55
-1.0,61.1,0.0,46.62,1.8,-0.41,0.77,-2.38,2.3,-1.66,-0.54,6.377,9.928,-1.834,0.51,19.52,13.05,13.54,22.56,0.006,0.006,-0.001,0.07,0.06,-80.3057938,26.9207141,175.6
-1.3,60.2,0.0,46.77,1.73,-1.35,0.63,-5.37,2.46,-1.64,-0.5,5.111,6.945,3.59,1.403,-0.1,9.91,24.13,22.66,0.006,0.006,-0.001,0.09,0.08,-80.3057915,26.9207351,175.65
-0.9,59.6,0.0,46.95,4.6,1.21,0.64,6.43,-2.84,-1.56,-0.54,9.888,2.619,1.893,0.5,8.34,1.67,9.42,15.79,0.006,0.006,-0.001,0.02,0.02,-80.3057891,26.9207562,175.7
-1.3,59.4,0.0,47.09,3.1,1.12,0.34,-2.3,-0.14,-1.62,-0.54,5.66,4.601,4.621,-0.589,12.95,5.69,14.72,14.32,0.006,0.006,-0.001,0.03,0.02,-80.3057867,26.9207773,175.75
-1.8,58.5,0.0,47.21,3.45,1.62,0.26,-0.88,-0.73,-1.63,-0.53,5.778,7.603,0.598,3.286,14.52,20.8,16.78,-0.98,0.006,0.005,-0.001,0.05,0.04,-80.3057843,26.9207985,175.8
-1.8,57.7,0.0,47.34,3.53,0.5,-0.02,1.29,-1.54,-1.63,-0.55,9.928,10.565,1.864,2.855,10.59,12.56,11.87,0.59,0.006,0.005,-0.001,0.08,0.06,-80.305782,26.9208197,175.85
-1.7,56.6,0.0,47.48,2.62,-1.54,-0.12,-4.24,1.27,-1.7,-0.52,2.914,9.163,2.963,7.622,-1.77,9.52,1.47,0.0,0.006,0.005,-0.001,0.07,0.05,-80.3057796,26.920841,175.9
-1.2,55.9,0.0,47.63,2.4,-1.14,-0.14,4.27,-0.64,-1.69,-0.53,7.289,5.278,-1.246,-0.422,11.48,6.18,-2.94,6.57,0.005,0.005,-0.001,0.06,0.05,-80.3057772,26.9208624,175.95
-1.2,55.6,0.0,47.74,1.71,-0.92,-0.01,-1.55,2.0,-1.73,-0.53,6.288,2.6,3.11,5.386,8.63,9.61,7.65,13.24,0.006,0.006,-0.001,0.08,0.07,-80.3057748,26.9208838,176.0
-1.8,55.2,0.0,47.86,1.6,-0.83,0.21,-4.97,3.45,-1.73,-0.49,3.953,6.318,4.287,3.846,15.89,13.64,16.38,15.89,0.006,0.006,-0.001,0.11,0.09,-80.3057724,26.9209052,176.05
-1.7,54.4,0.0,48.01,4.23,0.55,0.02,2.31,-1.02,-1.68,-0.48,6.592,9.153,8.015,1.746,10.01,13.64,16.58,13.05,0.006,0.006,-0.0,0.09,0.08,-80.30577,26.9209268,176.1
-1.2,51.8,0.0,48.11,3.0,2.26,-0.36,3.78,-2.53,-1.69,-0.49,-0.235,13.312,6.955,2.227,0.1,8.04,7.06,10.99,0.006,0.006,-0.0,0.11,0.09,-80.3057676,26.9209484,176.15
-1.3,46.1,0.0,48.19,0.84,0.12,0.28,0.96,0.94,-1.71,-0.42,-0.118,11.517,3.061,5.435,7.16,8.04,20.6,6.67,0.006,0.006,0.0,0.02,0.01,-80.3057652,26.92097,176.2
