handwheelAngle,throttle,brake,vxCG,axCG,ayCG,yawRate,rollRate,pitchRate,rollAngle,pitchAngle,chassisAccelFL,chassisAccelFR,chassisAccelRL,chassisAccelRR,wheelAccelFL,wheelAccelFR,wheelAccelRL,wheelAccelRR,deflectionFL,deflectionFR,deflectionRR,sideSlip,vyCG,longitude,latitude,time
-13.6,2.2,0.0,-0.01,0.22,0.57,-0.06,-0.28,0.0,0.13,0.1,10.909,10.036,10.065,9.761,10.2,10.79,10.89,11.09,-0.003,-0.003,-0.002,0.0,0.0,-80.3060571,26.9207942,0.0
-13.7,2.2,0.0,-0.01,-0.28,0.04,0.17,0.33,0.09,0.11,0.1,7.848,10.85,8.878,8.603,10.59,9.81,11.48,12.07,-0.003,-0.003,-0.002,0.0,-0.01,-80.3060571,26.9207942,0.05
-13.7,2.2,0.0,-0.01,-0.36,-0.94,-0.04,-0.12,0.21,0.14,0.1,7.642,9.064,8.24,9.055,9.81,9.81,10.99,11.28,-0.003,-0.003,-0.002,0.0,-0.02,-80.3060571,26.9207942,0.1
-13.6,2.3,0.0,-0.01,0.09,0.24,-0.13,-0.49,0.55,0.14,0.1,8.672,8.819,9.015,9.3,10.2,9.61,12.36,10.5,-0.003,-0.003,-0.002,0.0,0.0,-80.3060571,26.9207942,0.15
-13.5,2.3,0.0,-0.01,0.08,0.24,-0.04,-0.7,-0.13,0.14,0.1,13.499,7.956,8.898,9.133,9.81,9.91,12.46,10.59,-0.003,-0.003,-0.002,0.0,0.01,-80.3060571,26.9207942,0.2
-13.7,2.3,0.0,-0.01,0.03,0.74,0.11,0.38,0.09,0.16,0.09,9.8,10.546,9.506,9.565,10.3,10.01,10.59,12.07,-0.003,-0.003,-0.002,0.0,-0.02,-80.3060571,26.9207942,0.25
-13.7,2.3,0.0,-0.01,-0.25,-0.55,0.05,0.08,0.28,0.12,0.1,9.202,8.348,8.427,9.055,10.69,9.22,11.48,11.87,-0.003,-0.003,-0.002,0.0,-0.01,-80.3060571,26.9207942,0.3
-13.7,2.3,0.0,-0.01,0.2,0.55,0.15,-0.28,0.12,0.06,0.1,10.83,9.987,9.055,9.339,10.01,10.3,11.58,11.09,-0.003,-0.003,-0.002,0.0,0.0,-80.3060571,26.9207942,0.35
-13.7,2.3,0.0,-0.01,-0.04,0.18,0.13,0.47,-0.27,0.17,0.1,8.819,9.516,8.947,8.603,8.93,11.28,12.65,10.59,-0.003,-0.003,-0.002,0.0,-0.02,-80.306057,26.9207942,0.4
-13.6,2.3,0.0,-0.0,-0.19,0.46,-0.02,-0.58,0.31,0.14,0.1,10.987,8.898,10.124,9.369,10.4,9.32,12.56,10.5,-0.003,-0.003,-0.002,0.0,0.01,-80.306057,26.9207942,0.45
-13.7,2.3,0.0,-0.01,0.13,-0.51,0.11,-0.53,0.03,0.17,0.09,8.594,9.074,9.123,9.31,10.1,9.03,12.07,11.67,-0.003,-0.003,-0.002,0.0,-0.0,-80.306057,26.9207942,0.5
-13.7,2.3,0.0,-0.01,0.0,0.62,-0.08,-0.81,0.02,0.13,0.1,9.839,10.644,9.584,8.741,9.52,10.59,10.79,11.28,-0.003,-0.003,-0.002,0.0,0.0,-80.306057,26.9207942,0.55
-13.7,2.3,0.0,-0.01,-0.02,-0.15,-0.14,-0.19,0.43,0.11,0.11,8.584,8.907,9.055,9.212,10.3,9.52,11.58,11.18,-0.003,-0.003,-0.002,0.0,-0.0,-80.306057,26.9207942,0.6
-13.7,2.3,0.0,-0.01,-0.1,-0.04,0.09,0.8,-0.29,0.13,0.1,9.025,10.556,8.711,9.104,10.4,10.1,11.09,12.56,-0.003,-0.003,-0.002,0.0,-0.01,-80.306057,26.9207942,0.65
-13.7,2.3,0.0,-0.01,-0.01,0.42,-0.12,0.54,-0.03,0.16,0.09,9.055,9.928,8.947,9.81,10.3,10.79,10.4,11.87,-0.003,-0.003,-0.002,0.0,0.0,-80.306057,26.9207942,0.7
-13.8,2.3,0.0,-0.01,0.19,0.21,0.23,0.15,-0.23,0.18,0.1,8.711,10.634,8.878,8.829,9.81,9.32,12.56,11.87,-0.003,-0.003,-0.002,0.0,0.02,-80.306057,26.9207942,0.75
-13.7,2.3,0.0,-0.01,-0.31,0.19,-0.08,0.38,-0.24,0.14,0.09,10.036,10.134,9.192,9.143,10.1,10.5,10.69,11.58,-0.003,-0.003,-0.002,0.0,0.02,-80.306057,26.9207942,0.8
-13.7,2.3,0.0,-0.01,0.25,0.18,0.13,0.18,-0.12,0.15,0.09,8.388,11.036,9.172,8.858,10.01,10.2,12.46,11.18,-0.003,-0.003,-0.002,0.0,0.05,-80.306057,26.9207941,0.85
-13.7,2.2,0.0,-0.01,-0.12,0.01,-0.07,0.18,0.36,0.15,0.1,9.594,10.193,8.878,8.878,9.81,10.5,10.99,11.09,-0.003,-0.003,-0.002,0.0,0.0,-80.306057,26.9207941,0.9
-13.7,2.2,0.0,-0.01,0.17,-0.11,-0.02,-0.31,0.05,0.13,0.1,8.662,10.359,9.31,9.172,9.81,9.42,11.77,12.07,-0.003,-0.003,-0.002,0.0,-0.0,-80.306057,26.9207941,0.95
-13.7,2.2,0.0,-0.01,-0.32,-0.22,-0.13,1.16,-0.63,0.17,0.09,10.791,9.27,9.035,9.182,9.71,9.91,11.97,10.5,-0.003,-0.003,-0.002,0.0,-0.01,-80.306057,26.9207941,1.0
-13.8,2.0,0.0,-0.01,0.09,-0.07,0.05,-1.62,0.79,0.12,0.11,8.093,10.673,9.437,8.976,10.2,9.52,12.56,10.89,-0.003,-0.003,-0.002,0.0,-0.0,-80.306057,26.9207941,1.05
-13.7,1.8,0.0,-0.01,-0.2,-0.46,-0.05,0.9,-0.3,0.16,0.09,10.163,9.27,8.937,8.692,9.81,10.01,11.87,11.28,-0.003,-0.003,-0.002,0.0,0.02,-80.306057,26.9207941,1.1
-13.7,1.7,0.0,-0.01,-0.04,-0.08,0.0,-1.74,0.6,0.12,0.1,9.643,9.378,9.447,9.006,10.79,8.93,12.75,9.91,-0.003,-0.003,-0.002,0.0,0.01,-80.306057,26.9207941,1.15
-13.7,1.7,0.0,-0.01,-0.13,-0.57,-0.07,0.65,-0.16,0.15,0.1,9.996,9.221,8.888,8.299,9.22,10.3,12.36,11.38,-0.003,-0.003,-0.002,0.0,-0.01,-80.306057,26.9207941,1.2
-13.7,1.6,0.0,-0.01,0.11,0.41,0.22,-1.49,0.32,0.12,0.1,8.633,9.732,9.781,8.554,9.91,10.1,11.87,10.2,-0.003,-0.003,-0.002,0.0,0.0,-80.306057,26.9207941,1.25
-13.6,1.6,0.0,-0.01,0.1,0.19,0.1,0.37,-0.17,0.15,0.09,9.084,10.673,9.133,8.672,9.61,10.3,12.85,11.38,-0.003,-0.003,-0.002,0.0,0.0,-80.306057,26.9207941,1.3
-13.6,1.6,0.0,-0.0,-0.15,-0.04,-0.07,-0.09,0.45,0.14,0.1,10.301,7.956,8.819,8.741,9.81,9.81,11.77,10.79,-0.003,-0.003,-0.002,0.0,0.01,-80.306057,26.9207941,1.35
-13.7,1.7,0.0,0.0,0.27,0.5,0.11,0.28,-0.05,0.16,0.11,10.301,10.585,9.398,9.202,10.89,9.61,11.38,11.18,-0.003,-0.003,-0.002,0.0,0.02,-80.306057,26.9207941,1.4
-13.8,1.6,0.0,-0.01,0.07,0.13,-0.14,0.29,-0.55,0.15,0.08,7.681,11.811,8.741,9.006,10.3,9.71,10.99,12.46,-0.003,-0.003,-0.002,0.0,-0.0,-80.306057,26.9207941,1.45
-13.8,1.6,0.0,-0.0,0.05,0.14,-0.16,0.9,-0.27,0.15,0.09,7.191,11.9,8.741,8.397,10.1,10.01,11.77,10.4,-0.003,-0.003,-0.002,0.0,0.0,-80.306057,26.9207941,1.5
-13.7,1.6,0.0,0.0,0.3,-0.18,0.34,1.73,-0.56,0.17,0.08,8.692,11.399,8.751,8.299,9.91,10.69,12.95,11.38,-0.003,-0.003,-0.002,0.0,0.02,-80.306057,26.9207941,1.55
-13.7,1.6,0.0,-0.01,0.29,0.53,0.38,0.83,-0.34,0.15,0.1,8.878,11.311,9.447,8.888,10.5,10.2,12.16,11.38,-0.003,-0.003,-0.002,0.0,0.0,-80.306057,26.9207941,1.6
-13.7,1.7,0.0,-0.02,0.54,0.53,0.16,1.31,-0.34,0.16,0.1,11.203,9.898,8.996,8.594,10.1,9.71,11.38,12.16,-0.003,-0.003,-0.002,0.0,0.01,-80.306057,26.9207941,1.65
-13.6,1.7,0.0,-0.03,0.39,0.39,0.11,0.11,0.19,0.11,0.1,13.047,8.113,9.427,9.408,10.1,8.83,12.07,11.38,-0.003,-0.003,-0.002,0.0,0.03,-80.306057,26.9207941,1.7
-13.6,1.8,0.0,0.01,-0.08,0.1,-0.13,-1.93,0.66,0.1,0.11,7.613,9.682,10.811,10.045,9.12,10.3,11.09,10.2,-0.003,-0.003,-0.002,0.0,0.02,-80.306057,26.9207941,1.75
-13.5,1.9,0.0,0.04,-0.6,-0.29,0.1,-0.27,0.15,0.13,0.1,9.045,11.429,7.613,7.554,10.01,10.59,11.38,10.69,-0.003,-0.003,-0.002,0.0,0.04,-80.306057,26.9207941,1.8
-13.5,2.0,0.0,-0.01,0.67,0.03,0.09,1.34,0.05,0.16,0.1,11.272,7.485,10.045,9.8,8.34,10.5,13.05,12.07,-0.003,-0.003,-0.002,0.0,0.0,-80.306057,26.9207941,1.85
-13.6,2.0,0.0,-0.03,-0.97,0.14,0.09,-2.85,1.1,0.1,0.12,6.053,12.272,9.8,8.751,10.4,10.2,10.99,9.52,-0.003,-0.003,-0.002,0.0,0.0,-80.306057,26.9207941,1.9
-13.5,2.0,0.0,-0.01,0.48,-0.31,-0.02,2.38,-0.91,0.18,0.09,12.645,8.132,8.289,8.751,8.73,10.79,12.75,13.15,-0.003,-0.003,-0.002,0.0,-0.0,-80.306057,26.9207941,1.95
-13.6,2.0,0.0,-0.01,-0.19,0.23,-0.11,-2.21,1.07,0.11,0.12,7.809,9.83,10.83,10.212,9.22,10.3,11.48,9.61,-0.003,-0.003,-0.002,0.0,0.0,-80.306057,26.9207941,2.0
-13.5,2.0,0.0,-0.02,-0.87,-0.62,0.15,-1.52,0.68,0.12,0.1,6.22,10.261,9.172,8.025,8.24,11.87,12.07,9.81,-0.003,-0.003,-0.002,0.0,-0.01,-80.306057,26.9207941,2.05
-13.5,2.1,0.0,-0.02,0.34,0.65,0.08,0.24,0.1,0.19,0.09,6.504,9.849,8.672,8.221,8.63,10.89,12.75,10.59,-0.003,-0.003,-0.002,0.0,-0.03,-80.306057,26.9207941,2.1
-13.4,2.2,0.0,-0.01,0.11,0.18,-0.14,-0.1,0.6,0.14,0.1,10.487,9.633,9.467,8.564,9.22,10.2,12.26,10.79,-0.003,-0.003,-0.002,0.0,0.01,-80.306057,26.9207941,2.15
-13.5,2.1,0.0,-0.01,0.19,0.74,-0.04,0.32,0.1,0.16,0.09,9.359,11.36,9.781,8.662,8.34,11.48,12.16,10.5,-0.003,-0.003,-0.002,0.0,0.01,-80.306057,26.9207941,2.2
-13.6,2.1,0.0,-0.03,-0.42,-0.16,0.11,-0.75,0.1,0.14,0.1,8.162,9.702,9.398,8.329,8.93,10.89,12.36,9.22,-0.003,-0.003,-0.002,0.0,-0.02,-80.306057,26.9207941,2.25
-13.5,2.1,0.0,-0.04,0.28,0.63,0.33,-0.36,-0.22,0.16,0.1,9.918,10.271,10.418,9.006,9.61,10.79,12.85,11.09,-0.003,-0.003,-0.002,0.0,-0.03,-80.306057,26.9207941,2.3
-13.7,2.1,0.0,-0.05,-0.1,-0.24,0.05,-0.72,0.22,0.13,0.1,7.22,10.742,9.123,8.643,9.61,10.01,11.48,12.07,-0.003,-0.003,-0.002,0.0,-0.05,-80.306057,26.9207941,2.35
-13.6,2.1,0.0,-0.01,-0.34,-0.49,0.23,-1.24,0.49,0.13,0.1,7.995,8.878,8.858,9.27,9.52,9.81,11.09,11.09,-0.003,-0.003,-0.002,0.0,-0.01,-80.306057,26.9207941,2.4
-13.5,2.2,0.0,-0.0,-0.27,-0.16,0.14,-0.32,0.35,0.13,0.11,9.584,7.426,8.819,8.858,9.91,10.1,12.46,9.61,-0.003,-0.003,-0.002,0.0,0.01,-80.306057,26.9207941,2.45
-13.6,2.3,0.0,-0.01,-0.41,-0.27,0.12,-1.03,0.43,0.12,0.1,10.909,7.701,8.751,9.3,10.2,9.71,12.46,11.09,-0.003,-0.003,-0.002,0.0,-0.0,-80.306057,26.9207941,2.5
-13.6,2.2,0.0,-0.01,-0.23,0.45,0.06,0.15,0.12,0.15,0.11,12.125,9.555,9.182,9.241,9.81,10.2,11.18,11.77,-0.003,-0.003,-0.002,0.0,-0.01,-80.306057,26.9207941,2.55
-13.8,2.2,0.0,-0.01,0.28,0.61,-0.28,-0.85,0.13,0.13,0.11,9.898,10.663,9.31,8.927,10.1,10.5,11.09,12.65,-0.003,-0.003,-0.002,0.0,0.0,-80.306057,26.9207941,2.6
-13.9,2.1,0.0,-0.01,-0.21,-0.02,-0.0,-0.32,0.22,0.13,0.1,6.651,10.33,9.839,8.849,9.42,9.61,11.87,10.89,-0.003,-0.003,-0.002,0.0,0.02,-80.306057,26.9207941,2.65
-13.6,2.1,0.0,-0.01,-0.2,-0.57,0.18,-0.73,0.42,0.13,0.11,10.301,8.123,8.839,9.153,9.61,9.52,12.36,10.99,-0.003,-0.003,-0.002,0.0,-0.01,-80.306057,26.9207941,2.7
-13.6,2.2,0.0,-0.01,-0.01,0.09,-0.15,-0.42,0.23,0.12,0.1,12.988,8.26,9.339,9.604,10.4,9.52,11.77,10.99,-0.003,-0.003,-0.002,0.0,-0.0,-80.306057,26.9207941,2.75
-13.6,2.2,0.0,-0.01,-0.06,0.48,-0.22,0.06,0.02,0.14,0.11,14.381,6.955,9.398,10.173,11.09,8.83,10.69,12.75,-0.003,-0.003,-0.002,0.0,-0.01,-80.306057,26.9207941,2.8
-13.7,2.1,0.0,-0.01,0.04,0.82,-0.16,-0.75,-0.14,0.13,0.1,13.185,8.388,9.624,9.967,12.16,7.85,10.79,11.77,-0.003,-0.003,-0.002,0.0,0.01,-80.306057,26.9207941,2.85
-13.8,2.1,0.0,-0.01,0.28,0.54,-0.31,-0.39,0.45,0.14,0.11,11.625,9.702,9.79,9.81,11.58,8.83,10.59,11.77,-0.003,-0.003,-0.002,0.0,-0.01,-80.306057,26.9207941,2.9
-13.9,2.0,0.0,-0.01,0.25,0.91,-0.47,-0.2,0.08,0.14,0.1,8.456,11.507,9.31,8.819,10.79,9.81,10.69,11.67,-0.003,-0.003,-0.002,0.0,0.0,-80.306057,26.9207942,2.95
-13.9,2.0,0.0,-0.0,0.42,0.27,-0.19,1.24,-0.68,0.16,0.09,8.574,11.507,8.682,8.868,9.91,9.52,11.58,12.85,-0.003,-0.003,-0.002,0.0,0.01,-80.306057,26.9207942,3.0
-13.8,2.0,0.0,-0.01,0.1,-0.08,-0.01,0.72,-0.49,0.15,0.1,7.102,11.115,9.359,9.084,10.5,9.61,10.79,11.28,-0.003,-0.003,-0.002,0.0,-0.01,-80.306057,26.9207942,3.05
-13.8,2.0,0.0,-0.01,-0.01,-0.58,-0.07,0.23,-0.0,0.15,0.11,6.573,10.909,7.868,8.819,9.61,10.2,11.48,12.85,-0.003,-0.003,-0.002,0.0,-0.01,-80.306057,26.9207942,3.1
-13.8,2.0,0.0,-0.01,-0.21,-0.12,0.25,2.23,-0.43,0.16,0.11,7.102,11.448,7.887,8.525,10.5,9.81,10.79,11.87,-0.003,-0.003,-0.002,0.0,0.01,-80.306057,26.9207942,3.15
-13.8,2.1,0.0,-0.01,0.16,-0.69,-0.1,0.63,-0.34,0.15,0.11,7.73,8.976,7.917,9.163,9.91,9.12,11.58,13.44,-0.003,-0.003,-0.002,0.0,-0.02,-80.306057,26.9207942,3.2
-13.7,2.2,0.0,-0.01,-0.25,-0.34,-0.11,-0.03,-0.16,0.12,0.11,9.094,8.878,8.701,9.467,10.4,8.73,11.28,10.69,-0.003,-0.003,-0.002,0.0,-0.0,-80.306057,26.9207942,3.25
-13.7,2.2,0.0,-0.01,0.31,0.2,-0.17,-0.28,0.17,0.14,0.11,11.154,10.693,8.947,8.446,9.81,11.18,11.58,11.09,-0.003,-0.003,-0.002,0.0,0.0,-80.306057,26.9207942,3.3
-13.8,2.2,0.0,-0.01,-0.02,0.49,-0.32,1.17,-0.49,0.15,0.1,7.77,11.36,9.064,8.927,9.81,11.09,11.97,11.77,-0.003,-0.003,-0.002,0.0,0.0,-80.306057,26.9207942,3.35
-13.7,2.2,0.0,-0.01,-0.28,-1.06,-0.38,0.46,0.27,0.14,0.11,8.339,8.015,8.682,9.378,10.2,9.22,11.77,11.48,-0.003,-0.003,-0.002,0.0,-0.02,-80.306057,26.9207942,3.4
-13.7,2.3,0.0,-0.01,-0.06,-0.42,-0.21,-0.55,0.21,0.13,0.11,10.036,8.24,8.211,9.506,11.09,8.34,10.01,12.36,-0.003,-0.003,-0.002,0.0,-0.01,-80.306057,26.9207942,3.45
-13.7,2.3,0.0,-0.01,0.14,0.48,-0.2,0.29,0.28,0.13,0.11,12.106,9.231,9.231,9.29,10.5,9.61,12.16,10.4,-0.003,-0.003,-0.002,0.0,0.01,-80.306057,26.9207942,3.5
-13.8,2.2,0.0,-0.01,0.16,0.79,0.16,1.34,-0.19,0.16,0.11,10.673,11.291,9.496,8.907,10.2,10.5,11.77,11.77,-0.003,-0.003,-0.002,0.0,0.01,-80.306057,26.9207942,3.55
-13.8,2.1,0.0,-0.01,-0.01,-0.13,0.02,0.1,-0.01,0.18,0.11,7.583,10.634,8.917,9.045,9.52,10.3,11.77,12.07,-0.003,-0.003,-0.002,0.0,-0.01,-80.306057,26.9207942,3.6
-13.8,2.2,0.0,-0.02,0.01,-0.66,-0.08,0.54,-0.63,0.14,0.09,10.438,7.397,8.27,9.692,11.28,8.34,10.5,12.75,-0.003,-0.003,-0.002,0.0,-0.03,-80.306057,26.9207942,3.65
-13.8,2.2,0.0,-0.01,0.25,0.49,-0.21,0.78,-0.42,0.15,0.1,9.241,11.017,8.692,9.369,11.87,8.93,10.4,11.28,-0.003,-0.003,-0.002,0.0,0.0,-80.306057,26.9207942,3.7
-13.8,2.2,0.0,0.01,0.19,-0.3,-0.32,0.43,-0.04,0.12,0.11,7.809,9.79,8.682,8.682,9.42,9.91,12.46,11.97,-0.003,-0.003,-0.002,0.0,0.03,-80.306057,26.9207942,3.75
-13.7,2.2,0.0,-0.01,-0.37,-0.48,0.23,0.45,-0.11,0.13,0.12,10.418,6.916,8.996,9.476,10.1,9.12,10.99,11.87,-0.003,-0.003,-0.002,0.0,-0.01,-80.306057,26.9207942,3.8
-13.6,2.3,0.0,-0.01,0.15,0.11,-0.27,-0.58,-0.17,0.15,0.1,12.233,8.27,8.849,9.898,11.97,7.85,10.99,12.46,-0.003,-0.003,-0.002,0.0,0.0,-80.306057,26.9207942,3.85
-13.8,2.2,0.0,-0.01,0.07,0.46,-0.23,0.69,-0.13,0.13,0.09,8.672,9.928,8.996,9.378,11.38,9.52,10.01,12.36,-0.003,-0.003,-0.002,0.0,0.0,-80.306057,26.9207942,3.9
-13.7,2.2,0.0,-0.0,-0.15,-0.45,-0.15,-1.48,0.4,0.11,0.1,10.791,8.672,9.133,9.27,9.61,9.42,11.58,10.4,-0.003,-0.003,-0.002,0.0,0.01,-80.306057,26.9207942,3.95
-13.8,2.2,0.0,-0.01,0.19,0.67,-0.31,0.82,-0.47,0.14,0.1,9.947,10.251,9.359,9.045,10.2,10.3,10.99,11.77,-0.003,-0.003,-0.002,0.0,0.0,-80.306057,26.9207942,4.0
-13.8,2.2,0.0,-0.01,-0.38,-0.82,-0.09,0.22,0.31,0.13,0.11,9.751,8.152,7.985,9.27,10.89,8.83,11.09,12.46,-0.003,-0.003,-0.002,0.0,-0.02,-80.306057,26.9207942,4.05
-13.7,2.2,0.0,-0.02,-0.06,0.29,0.08,-0.55,0.31,0.12,0.1,11.664,8.878,9.113,9.741,11.09,9.03,10.79,11.77,-0.003,-0.003,-0.002,0.0,-0.02,-80.306057,26.9207942,4.1
-13.8,2.2,0.0,-0.01,0.26,0.83,-0.16,0.5,-0.7,0.14,0.09,11.095,10.575,9.27,8.907,10.3,10.2,12.36,10.99,-0.003,-0.003,-0.002,0.0,0.01,-80.306057,26.9207942,4.15
-13.8,2.1,0.0,-0.01,0.07,0.62,0.1,0.33,-0.26,0.14,0.1,9.614,11.223,9.908,8.545,9.42,10.59,11.58,11.48,-0.003,-0.003,-0.002,0.0,0.01,-80.306057,26.9207942,4.2
-13.8,2.1,0.0,-0.01,-0.05,-0.44,0.12,-0.72,-0.04,0.13,0.12,7.789,9.467,8.652,9.339,9.32,9.81,11.28,12.07,-0.003,-0.003,-0.002,0.0,-0.0,-80.306057,26.9207942,4.25
-13.7,2.2,0.0,-0.01,0.04,-0.24,0.06,1.12,-0.3,0.15,0.1,10.507,8.142,8.515,9.692,11.09,8.73,10.4,12.16,-0.003,-0.003,-0.002,0.0,-0.0,-80.306057,26.9207942,4.3
-13.6,2.2,0.0,-0.01,0.31,0.75,0.05,-0.6,-0.28,0.13,0.1,11.389,10.31,9.055,9.094,10.79,9.52,12.16,10.2,-0.003,-0.003,-0.002,0.0,0.01,-80.306057,26.9207942,4.35
-13.8,2.2,0.0,-0.01,0.14,0.6,-0.2,1.18,-0.32,0.15,0.11,9.015,11.811,9.437,8.721,10.1,10.59,11.77,11.67,-0.003,-0.003,-0.002,0.0,0.0,-80.306057,26.9207942,4.4
-13.8,2.1,0.0,-0.01,-0.04,-0.46,0.27,0.2,-0.31,0.15,0.1,7.397,10.134,8.476,9.202,9.22,10.3,11.28,12.36,-0.003,-0.003,-0.002,0.0,-0.0,-80.306057,26.9207942,4.45
-13.7,2.2,0.0,-0.01,-0.03,-0.5,-0.03,0.78,-0.36,0.14,0.1,10.938,7.034,8.574,9.712,11.48,7.75,10.2,11.87,-0.003,-0.003,-0.002,0.0,-0.03,-80.306057,26.9207942,4.5
-13.8,2.2,0.0,-0.01,0.24,0.34,-0.19,0.27,-0.58,0.14,0.09,9.163,10.879,8.78,9.202,11.18,9.42,10.3,11.58,-0.003,-0.003,-0.002,0.0,0.0,-80.306057,26.9207942,4.55
-13.8,2.2,0.0,-0.01,-0.1,-0.36,0.01,0.38,-0.19,0.14,0.1,8.505,9.025,8.535,8.79,9.91,9.61,11.58,11.87,-0.003,-0.003,-0.002,0.0,-0.0,-80.306057,26.9207942,4.6
-13.6,2.2,0.0,-0.01,-0.06,0.11,0.11,-0.15,0.19,0.13,0.13,12.586,7.534,9.476,9.575,11.09,8.73,11.28,11.58,-0.003,-0.003,-0.002,0.0,-0.01,-80.306057,26.9207942,4.65
-13.8,2.2,0.0,-0.01,0.07,0.37,0.15,-0.86,-0.18,0.13,0.11,9.221,10.752,8.8,9.32,11.77,8.93,10.2,12.46,-0.003,-0.003,-0.002,0.0,0.0,-80.306057,26.9207942,4.7
-13.8,2.2,0.0,-0.01,-0.19,-0.31,-0.15,-0.19,0.33,0.09,0.1,8.28,9.123,8.77,8.78,10.5,8.83,10.99,12.16,-0.003,-0.003,-0.002,0.0,-0.0,-80.306057,26.9207942,4.75
-13.7,2.2,0.0,0.0,0.16,0.57,-0.31,-0.14,-0.17,0.14,0.1,11.105,10.065,8.976,8.8,10.01,10.4,11.77,10.79,-0.003,-0.003,-0.002,0.0,0.0,-80.306057,26.9207942,4.8
-13.8,2.2,0.0,-0.01,-0.15,-0.21,-0.16,-0.08,0.27,0.12,0.12,8.839,8.643,8.554,9.663,10.4,9.71,11.28,11.97,-0.003,-0.003,-0.002,0.0,-0.0,-80.306057,26.9207942,4.85
-13.7,2.2,0.0,-0.01,-0.07,-0.16,0.18,0.57,-0.07,0.11,0.13,10.546,8.986,8.839,9.682,11.28,8.34,11.28,12.65,-0.003,-0.003,-0.002,0.0,-0.0,-80.306057,26.9207942,4.9
-13.8,2.2,0.0,0.0,0.25,0.65,-0.37,-0.94,-0.5,0.13,0.11,10.526,10.762,9.025,9.192,10.79,10.59,10.99,11.09,-0.003,-0.003,-0.002,0.0,0.0,-80.306057,26.9207942,4.95
-13.9,2.2,0.0,-0.01,-0.0,0.07,-0.25,0.97,-0.14,0.14,0.11,7.201,11.085,8.79,8.466,9.12,11.18,12.36,10.89,-0.003,-0.003,-0.002,0.0,-0.01,-80.306057,26.9207942,5.0
-13.7,2.2,0.0,-0.01,-0.29,-0.71,0.16,-0.76,0.34,0.19,0.1,8.8,8.132,8.976,9.261,9.81,9.52,12.07,11.28,-0.003,-0.003,-0.002,0.0,-0.01,-80.306057,26.9207942,5.05
-13.7,2.2,0.0,0.0,0.09,0.16,0.0,0.39,0.04,0.15,0.11,11.37,9.182,8.348,9.163,11.18,8.83,10.59,12.16,-0.003,-0.003,-0.002,0.0,0.0,-80.306057,26.9207942,5.1
-13.8,2.2,0.0,-0.01,0.08,0.43,-0.03,0.77,0.28,0.14,0.1,9.437,10.889,9.212,8.937,10.1,10.3,11.58,11.09,-0.003,-0.003,-0.002,0.0,-0.01,-80.306057,26.9207942,5.15
-13.8,2.2,0.0,-0.01,-0.07,-0.07,-0.09,-0.03,0.3,0.17,0.09,6.926,10.153,9.869,8.682,9.42,10.4,12.16,11.38,-0.003,-0.003,-0.002,0.0,0.01,-80.306057,26.9207942,5.2
-13.6,2.2,0.0,-0.01,-0.42,-0.72,0.06,-0.08,0.36,0.15,0.1,10.605,7.397,8.721,9.339,9.91,9.52,11.77,10.69,-0.003,-0.003,-0.002,0.0,-0.01,-80.306057,26.9207942,5.25
-13.7,2.2,0.0,0.0,0.41,0.45,-0.23,-0.37,-0.02,0.12,0.11,12.488,8.535,9.241,9.418,11.48,8.73,11.28,12.46,-0.003,-0.003,-0.002,0.0,0.0,-80.306057,26.9207942,5.3
-13.8,2.2,0.0,-0.01,-0.16,0.24,-0.15,0.12,0.4,0.16,0.1,8.309,9.261,9.447,9.329,10.5,9.22,11.58,10.69,-0.003,-0.003,-0.002,0.0,-0.01,-80.306057,26.9207942,5.35
-13.7,2.2,0.0,0.01,-0.18,-0.06,-0.09,-1.18,0.73,0.12,0.12,11.37,8.044,9.31,9.398,9.81,9.81,11.48,10.5,-0.003,-0.003,-0.002,0.0,0.01,-80.306057,26.9207942,5.4
-13.8,2.2,0.0,0.0,0.15,0.67,0.24,-0.47,0.11,0.21,0.11,10.036,11.017,9.339,8.692,10.3,10.3,11.97,11.28,-0.003,-0.003,-0.002,0.0,0.01,-80.306057,26.9207942,5.45
-13.8,2.2,0.0,-0.01,-0.36,-0.88,0.12,0.12,0.24,0.15,0.11,10.045,8.172,7.995,9.594,10.5,8.83,11.09,12.75,-0.003,-0.003,-0.002,0.0,-0.01,-80.306057,26.9207942,5.5
-13.8,2.2,0.0,0.0,0.18,0.53,0.17,-0.85,0.11,0.12,0.11,8.976,10.703,9.604,9.143,9.61,10.79,11.67,11.87,-0.003,-0.003,-0.002,0.0,0.0,-80.306057,26.9207943,5.55
-13.8,2.2,0.0,-0.01,-0.07,-0.13,-0.33,0.22,0.41,0.17,0.08,11.095,8.27,8.662,9.025,10.4,9.81,12.46,10.5,-0.003,-0.003,-0.002,0.0,-0.0,-80.306057,26.9207943,5.6
-13.8,2.2,0.0,0.0,0.03,-0.07,-0.03,-0.14,0.25,0.17,0.09,7.976,10.134,9.447,8.868,9.91,9.81,12.56,10.4,-0.003,-0.003,-0.002,0.0,-0.0,-80.306057,26.9207943,5.65
-13.7,2.2,0.0,-0.0,-0.31,-0.33,0.24,-0.15,0.17,0.16,0.11,9.133,9.781,9.084,9.133,9.91,9.32,11.18,11.87,-0.003,-0.003,-0.002,0.0,0.0,-80.306057,26.9207943,5.7
-13.8,2.2,0.0,0.0,0.32,0.64,-0.08,0.0,-0.12,0.16,0.1,8.878,11.448,9.398,8.221,8.73,11.38,11.87,10.89,-0.003,-0.003,-0.002,0.0,0.0,-80.306057,26.9207943,5.75
-13.8,2.2,0.0,-0.01,-0.38,-0.26,0.12,0.98,0.4,0.13,0.11,7.554,9.418,8.976,8.907,10.01,9.91,11.77,10.79,-0.003,-0.003,-0.002,0.0,-0.0,-80.306057,26.9207943,5.8
-13.6,2.2,0.0,-0.0,-0.16,-0.76,-0.0,0.2,0.43,0.14,0.12,9.82,8.123,8.309,9.565,10.2,9.71,11.28,11.97,-0.003,-0.003,-0.002,0.0,-0.01,-80.306057,26.9207943,5.85
-13.7,2.3,0.0,0.0,0.32,0.86,0.21,-0.62,-0.0,0.12,0.11,10.624,10.31,9.3,8.76,10.01,10.5,11.77,11.09,-0.003,-0.003,-0.002,0.0,0.02,-80.306057,26.9207943,5.9
-13.8,2.2,0.0,-0.0,-0.03,0.05,0.27,1.54,-0.27,0.16,0.11,7.642,11.026,8.927,8.505,8.34,11.67,12.07,11.09,-0.003,-0.003,-0.002,0.0,-0.01,-80.306057,26.9207943,5.95
-13.7,2.2,0.0,-0.0,-0.38,-0.26,0.39,-0.93,0.58,0.12,0.12,8.927,8.191,9.673,9.3,9.61,9.91,12.95,10.3,-0.003,-0.003,-0.002,0.0,-0.0,-80.306057,26.9207943,6.0
-13.7,2.2,0.0,0.0,0.26,0.06,-0.1,0.4,-0.06,0.14,0.1,11.389,9.015,8.77,9.006,10.69,8.63,11.09,12.36,-0.003,-0.003,-0.002,0.0,0.0,-80.306057,26.9207943,6.05
-13.8,2.2,0.0,0.0,0.24,0.82,0.05,0.03,0.5,0.14,0.12,10.261,10.762,9.594,9.035,10.01,10.01,11.58,10.59,-0.003,-0.003,-0.002,0.0,0.01,-80.3060571,26.9207943,6.1
-13.8,2.1,0.0,-0.02,0.13,0.65,-0.12,-0.08,-0.12,0.13,0.13,7.181,12.184,10.144,8.594,9.52,11.28,11.87,10.69,-0.003,-0.003,-0.002,0.0,-0.02,-80.3060571,26.9207943,6.15
-13.8,2.1,0.0,0.01,-0.21,-0.58,0.38,0.91,-0.23,0.14,0.11,6.926,10.801,9.143,8.005,8.34,11.38,13.34,10.99,-0.003,-0.003,-0.002,0.0,0.02,-80.3060571,26.9207943,6.2
-13.6,2.2,0.0,-0.0,-0.26,-0.84,0.25,-0.97,0.37,0.13,0.12,8.505,8.025,9.231,9.202,9.12,9.91,12.75,11.28,-0.003,-0.003,-0.002,0.0,-0.01,-80.3060571,26.9207943,6.25
-13.7,2.3,0.0,0.01,-0.1,0.06,0.13,-0.18,0.34,0.13,0.11,10.202,9.81,8.368,8.858,11.18,8.34,10.59,11.09,-0.003,-0.003,-0.002,0.0,0.02,-80.3060571,26.9207943,6.3
-13.8,2.2,0.0,0.0,0.29,0.33,-0.3,0.48,-0.16,0.14,0.11,8.476,11.272,9.192,8.829,9.32,10.89,11.38,11.87,-0.003,-0.003,-0.002,0.0,0.0,-80.3060571,26.9207943,6.35
-13.7,2.2,0.0,0.0,-0.23,-0.38,0.09,1.38,0.26,0.15,0.12,8.966,9.025,8.829,8.8,9.52,10.1,12.36,10.79,-0.003,-0.003,-0.002,0.0,0.0,-80.3060571,26.9207943,6.4
-13.8,2.2,0.0,-0.0,-0.02,0.07,0.06,0.9,-0.21,0.15,0.11,9.28,10.399,9.781,8.966,10.01,10.5,11.77,11.67,-0.003,-0.003,-0.002,0.0,0.0,-80.3060571,26.9207943,6.45
-13.8,2.2,0.0,-0.0,-0.21,-0.31,-0.12,-0.13,-0.16,0.09,0.14,10.291,8.957,8.505,9.045,10.59,8.24,11.77,12.16,-0.003,-0.003,-0.002,0.0,-0.0,-80.3060571,26.9207943,6.5
-13.8,2.2,0.0,0.0,-0.13,0.26,-0.13,-0.51,-0.09,0.15,0.12,8.358,11.174,9.27,9.202,9.22,11.09,11.18,11.58,-0.003,-0.003,-0.002,0.0,-0.01,-80.3060571,26.9207943,6.55
-13.7,2.2,0.0,0.0,-0.01,0.31,-0.05,0.72,0.27,0.14,0.11,11.291,8.495,9.241,9.261,10.79,9.03,12.65,10.79,-0.003,-0.003,-0.002,0.0,0.0,-80.3060571,26.9207943,6.6
-13.8,2.2,0.0,0.0,0.14,-0.24,0.06,0.01,-0.05,0.15,0.11,8.152,10.006,9.29,8.878,10.69,9.42,11.48,11.77,-0.003,-0.003,-0.002,0.0,0.01,-80.3060571,26.9207943,6.65
-13.7,2.2,0.0,0.0,-0.12,-0.28,0.05,-0.29,0.2,0.13,0.11,11.164,8.751,8.76,9.378,10.4,9.22,11.09,11.67,-0.003,-0.003,-0.002,0.0,0.01,-80.3060571,26.9207943,6.7
-13.9,2.2,0.0,0.0,0.21,0.61,0.01,0.02,0.12,0.14,0.11,9.035,10.614,8.966,9.015,10.2,10.1,11.38,11.18,-0.003,-0.003,-0.002,0.0,0.0,-80.3060571,26.9207943,6.75
-13.8,2.2,0.0,-0.0,-0.23,-1.01,0.18,-0.02,-0.26,0.14,0.11,8.76,9.074,8.339,9.741,11.09,8.83,11.38,12.46,-0.003,-0.003,-0.002,0.0,-0.01,-80.3060571,26.9207943,6.8
-13.7,2.2,0.0,0.0,0.16,0.29,-0.38,0.01,-0.47,0.14,0.11,9.427,10.879,9.29,9.104,10.01,10.89,11.38,11.77,-0.003,-0.003,-0.002,0.0,0.0,-80.3060571,26.9207943,6.85
-13.6,2.2,0.0,-0.0,-0.26,-0.15,-0.0,1.22,-0.15,0.16,0.11,10.752,8.388,8.132,9.261,10.1,9.71,11.87,10.3,-0.003,-0.003,-0.002,0.0,-0.0,-80.3060571,26.9207943,6.9
-13.6,2.2,0.0,0.0,0.15,0.16,0.09,-0.27,0.0,0.11,0.12,9.163,9.918,9.575,8.829,10.4,9.32,12.26,11.97,-0.003,-0.003,-0.002,0.0,-0.01,-80.3060571,26.9207943,6.95
-13.7,2.2,0.0,0.0,-0.21,0.08,-0.18,-0.58,0.27,0.13,0.11,10.026,10.281,9.055,9.113,9.91,9.71,11.58,11.18,-0.003,-0.003,-0.002,0.0,-0.02,-80.3060571,26.9207943,7.0
-13.6,2.2,0.0,-0.0,0.15,-0.06,-0.08,-0.1,-0.3,0.15,0.11,9.476,8.937,8.064,9.045,9.61,10.01,11.18,12.46,-0.003,-0.003,-0.002,0.0,-0.01,-80.3060571,26.9207943,7.05
-13.5,2.2,0.0,0.0,0.02,0.33,0.0,0.86,-0.2,0.14,0.11,10.869,9.859,9.673,9.722,11.09,9.42,11.18,11.09,-0.003,-0.003,-0.002,0.0,0.02,-80.3060571,26.9207943,7.1
-13.6,2.2,0.0,-0.0,-0.12,-0.53,-0.11,-0.28,0.32,0.13,0.12,10.006,9.251,8.819,9.447,10.5,9.52,11.67,11.18,-0.003,-0.003,-0.002,0.0,-0.01,-80.3060571,26.9207943,7.15
-13.7,2.2,0.0,0.0,0.11,0.3,0.21,-0.98,0.33,0.12,0.12,8.976,9.32,8.898,8.79,8.83,10.79,12.16,11.58,-0.003,-0.003,-0.002,0.0,0.0,-80.3060571,26.9207943,7.2
-13.6,2.2,0.0,-0.0,-0.26,0.4,0.02,0.8,-0.18,0.15,0.11,8.515,11.105,8.8,9.349,10.01,10.01,11.48,11.28,-0.003,-0.003,-0.002,0.0,0.01,-80.3060571,26.9207943,7.25
-13.6,2.2,0.0,-0.0,-0.13,-0.47,0.08,-0.42,0.02,0.13,0.12,10.222,8.79,8.8,9.526,10.1,9.91,11.48,10.89,-0.003,-0.003,-0.002,0.0,-0.0,-80.3060571,26.9207943,7.3
-13.7,2.2,0.0,0.0,0.33,0.43,-0.06,0.24,-0.49,0.14,0.11,8.77,9.849,9.506,9.104,9.42,10.2,12.36,12.07,-0.003,-0.003,-0.002,0.0,0.01,-80.3060571,26.9207943,7.35
-13.6,2.2,0.0,-0.0,-0.38,-0.16,-0.04,0.09,0.18,0.13,0.11,9.202,10.928,9.163,9.015,9.52,10.4,11.28,11.18,-0.003,-0.003,-0.002,0.0,-0.0,-80.3060571,26.9207943,7.4
-13.6,2.2,0.0,-0.0,-0.01,-0.06,0.11,0.05,0.13,0.12,0.13,11.056,8.025,8.476,8.731,9.61,10.2,11.87,10.69,-0.003,-0.003,-0.002,0.0,0.01,-80.3060571,26.9207943,7.45
-13.7,2.2,0.0,0.0,0.13,-0.07,0.09,-0.31,0.21,0.16,0.11,8.211,9.575,9.516,9.202,10.99,8.63,12.75,10.2,-0.003,-0.003,-0.002,0.0,-0.0,-80.3060571,26.9207943,7.5
-13.7,2.2,0.0,-0.0,-0.11,0.03,-0.07,-1.06,-0.03,0.12,0.11,8.721,10.222,9.212,8.358,8.93,10.89,11.58,11.97,-0.003,-0.003,-0.002,0.0,-0.0,-80.3060571,26.9207943,7.55
-13.7,2.2,0.0,-0.0,-0.01,0.73,-0.04,0.3,-0.11,0.15,0.1,9.055,10.467,8.947,9.182,10.69,10.1,11.09,10.79,-0.003,-0.003,-0.002,0.0,0.01,-80.3060571,26.9207943,7.6
-13.7,2.2,0.0,0.0,0.12,-0.51,-0.2,0.12,-0.5,0.14,0.1,10.467,9.408,9.094,9.29,11.09,8.83,12.26,11.38,-0.003,-0.003,-0.002,0.0,-0.0,-80.3060571,26.9207943,7.65
-13.8,2.2,0.0,-0.0,0.07,-0.15,0.11,-0.35,-0.44,0.13,0.11,8.888,9.163,8.446,9.329,9.71,10.2,10.99,12.36,-0.003,-0.003,-0.002,0.0,-0.01,-80.3060571,26.9207943,7.7
-13.7,2.2,0.0,-0.0,-0.04,0.37,0.14,0.33,0.24,0.14,0.12,11.125,9.614,8.996,9.437,11.58,8.83,10.79,11.77,-0.003,-0.003,-0.002,0.0,0.01,-80.3060571,26.9207943,7.75
-13.9,2.2,0.0,-0.0,-0.14,-0.59,-0.2,0.21,0.46,0.14,0.12,8.996,8.682,8.711,9.261,10.5,9.22,11.97,10.99,-0.003,-0.003,-0.002,0.0,-0.0,-80.3060571,26.9207943,7.8
-13.9,2.2,0.0,0.0,0.2,0.59,-0.05,-0.22,-0.15,0.14,0.11,9.3,9.476,9.064,9.025,10.2,9.81,11.09,11.87,-0.003,-0.003,-0.002,0.0,0.0,-80.3060571,26.9207943,7.85
-13.8,2.2,0.0,-0.0,-0.14,0.29,0.15,0.38,-0.19,0.14,0.12,9.467,10.35,8.907,9.123,10.69,9.61,10.89,12.26,-0.003,-0.003,-0.002,0.0,0.01,-80.3060571,26.9207943,7.9
-13.8,2.3,0.0,-0.0,-0.13,-0.28,-0.09,1.55,-0.16,0.16,0.11,10.791,8.123,8.289,9.761,10.4,9.81,10.99,11.87,-0.003,-0.003,-0.002,0.0,-0.0,-80.3060571,26.9207943,7.95
-13.8,2.4,0.0,0.0,0.24,0.06,0.25,-0.76,0.43,0.15,0.12,8.819,9.202,8.937,9.221,11.09,8.73,12.46,11.28,-0.003,-0.003,-0.002,0.0,0.01,-80.3060571,26.9207943,8.0
-13.8,2.4,0.0,-0.0,-0.29,-0.24,0.11,0.23,-0.4,0.14,0.12,9.153,9.996,8.947,8.741,8.73,10.89,10.5,12.36,-0.003,-0.003,-0.002,0.0,-0.0,-80.3060571,26.9207943,8.05
-14.1,2.5,0.0,-0.0,-0.03,0.72,0.1,0.37,-0.19,0.14,0.12,10.104,10.389,9.663,9.447,10.3,10.4,11.28,10.79,-0.003,-0.003,-0.002,0.0,0.01,-80.3060571,26.9207943,8.1
-15.1,2.5,0.0,0.0,0.16,-0.25,0.01,-0.11,0.39,0.14,0.12,9.8,10.673,9.212,8.545,10.1,9.81,13.24,11.09,-0.003,-0.003,-0.002,0.0,-0.0,-80.3060571,26.9207943,8.15
-16.1,2.5,0.0,0.0,-0.38,0.23,0.03,0.16,0.46,0.14,0.12,9.604,10.016,8.191,9.231,9.61,10.1,10.79,11.58,-0.003,-0.003,-0.002,0.0,-0.01,-80.3060571,26.9207943,8.2
-16.6,2.6,0.0,0.0,0.02,0.28,-0.04,-0.06,0.1,0.19,0.11,8.074,10.879,9.31,9.182,10.2,9.32,12.65,10.4,-0.003,-0.003,-0.002,0.0,0.01,-80.3060571,26.9207943,8.25
-16.7,2.7,0.0,-0.0,0.04,0.38,-0.01,-0.05,0.17,0.14,0.12,10.202,9.624,9.329,8.603,9.52,10.69,10.79,12.36,-0.003,-0.003,-0.002,0.0,0.0,-80.3060571,26.9207943,8.3
-16.7,2.8,0.0,-0.0,-0.01,0.13,-0.01,-1.14,0.39,0.12,0.12,10.507,9.378,9.496,8.692,9.52,10.1,13.44,9.32,-0.003,-0.003,-0.002,0.0,0.01,-80.3060571,26.9207943,8.35
-16.8,2.8,0.0,0.01,-0.03,0.24,0.13,-0.06,-0.15,0.17,0.13,7.966,10.242,8.917,9.378,10.59,10.2,11.58,10.99,-0.003,-0.003,-0.002,0.0,0.01,-80.3060571,26.9207943,8.4
-17.0,3.0,0.0,-0.0,-0.11,-0.02,0.02,0.1,-0.44,0.13,0.11,9.83,9.378,8.809,9.359,9.91,10.2,12.46,12.16,-0.003,-0.003,-0.002,0.0,-0.0,-80.3060571,26.9207943,8.45
-17.5,3.1,0.0,-0.0,-0.22,-0.18,-0.24,0.58,0.18,0.15,0.12,10.86,8.25,9.712,9.084,9.71,9.61,12.16,10.59,-0.003,-0.003,-0.002,0.0,-0.0,-80.3060571,26.9207943,8.5
-17.8,3.2,0.0,0.0,0.09,0.05,-0.13,-0.68,0.33,0.13,0.12,9.094,9.192,9.123,9.006,10.79,9.22,11.67,10.59,-0.003,-0.003,-0.002,0.0,-0.0,-80.3060571,26.9207943,8.55
-18.3,3.4,0.0,0.0,0.17,0.26,0.18,-0.22,-0.36,0.11,0.13,10.045,8.927,8.417,7.946,10.01,9.61,11.97,11.77,-0.003,-0.003,-0.002,0.0,0.01,-80.3060571,26.9207943,8.6
-18.4,3.5,0.0,0.0,0.15,-0.06,-0.1,0.27,-0.2,0.15,0.12,10.703,9.143,9.329,9.604,10.89,9.42,11.28,11.38,-0.003,-0.003,-0.002,0.0,0.01,-80.3060571,26.9207943,8.65
-18.4,3.6,0.0,-0.0,-0.16,0.2,-0.26,0.09,0.23,0.12,0.13,10.752,7.828,8.937,9.32,10.89,9.52,11.18,12.26,-0.003,-0.003,-0.002,0.0,0.01,-80.3060571,26.9207943,8.7
-18.6,3.6,0.0,0.0,0.31,-0.12,0.02,0.59,-0.38,0.15,0.12,8.957,9.192,8.28,9.163,11.58,8.44,10.69,12.95,-0.003,-0.003,-0.002,0.0,-0.0,-80.3060571,26.9207944,8.75
-18.6,3.6,0.0,-0.0,-0.16,-0.57,0.39,-0.48,0.01,0.13,0.14,8.888,8.545,8.584,8.633,9.91,9.61,11.67,10.1,-0.003,-0.003,-0.002,0.0,-0.0,-80.3060571,26.9207944,8.8
-18.7,3.6,0.0,0.0,0.45,-0.02,-0.39,-0.22,0.06,0.18,0.12,8.495,11.134,8.79,8.937,11.09,9.52,11.38,11.38,-0.003,-0.003,-0.002,0.0,-0.0,-80.3060571,26.9207944,8.85
-18.6,3.6,0.0,0.01,0.0,0.84,-0.04,1.08,-0.59,0.15,0.1,11.203,8.594,9.3,9.555,11.28,9.22,11.09,12.75,-0.003,-0.003,-0.002,0.0,0.02,-80.3060571,26.9207944,8.9
-18.6,3.6,0.0,0.01,0.15,-0.43,-0.1,1.53,-0.33,0.17,0.12,11.34,7.544,8.132,9.427,10.4,9.32,11.58,13.05,-0.003,-0.003,-0.002,0.0,-0.0,-80.3060571,26.9207944,8.95
-18.6,3.7,0.0,0.02,-0.03,-0.24,0.17,-2.29,0.78,0.11,0.13,12.017,8.446,8.515,9.055,11.28,8.14,12.07,10.79,-0.003,-0.003,-0.002,0.0,-0.0,-80.3060571,26.9207944,9.0
-18.7,3.7,0.0,0.04,0.46,-0.07,0.02,0.39,0.2,0.14,0.11,11.144,8.535,8.486,8.986,10.3,9.52,12.26,12.16,-0.003,-0.003,-0.002,0.0,0.0,-80.3060571,26.9207944,9.05
-18.7,3.7,0.0,0.06,0.13,0.07,0.1,0.2,0.57,0.15,0.11,10.958,8.966,9.025,8.898,11.09,8.53,11.28,11.77,-0.003,-0.003,-0.002,0.0,0.02,-80.3060571,26.9207944,9.1
-18.9,3.6,0.0,0.09,0.74,0.74,-0.46,0.46,-0.28,0.15,0.1,8.505,10.399,9.457,9.339,10.79,9.03,11.58,11.87,-0.003,-0.003,-0.002,0.0,0.01,-80.3060571,26.9207944,9.15
-18.9,3.6,0.0,0.12,0.72,0.73,0.03,0.31,-0.24,0.15,0.1,9.584,9.427,8.898,8.417,10.69,9.91,11.87,10.99,-0.003,-0.002,-0.002,0.0,0.01,-80.3060571,26.9207945,9.2
-19.2,3.6,0.0,0.15,1.41,1.03,-0.19,0.29,-0.22,0.13,0.09,6.651,11.115,9.153,8.711,10.79,9.32,11.48,12.46,-0.003,-0.002,-0.002,0.0,0.02,-80.3060571,26.9207946,9.25
-19.3,3.6,0.0,0.18,0.97,0.41,0.1,1.03,-0.75,0.15,0.08,8.132,10.879,8.466,8.711,9.91,10.1,11.48,10.4,-0.003,-0.002,-0.002,0.0,0.01,-80.3060571,26.9207947,9.3
-19.8,3.6,0.0,0.23,1.52,0.64,-0.24,-0.18,0.09,0.11,0.08,6.622,10.899,9.094,8.525,10.5,9.61,10.59,11.67,-0.003,-0.002,-0.002,0.0,0.01,-80.3060571,26.9207947,9.35
-20.1,3.6,0.0,0.27,1.55,0.6,0.09,1.56,-0.84,0.17,0.06,9.064,9.594,8.8,8.476,10.1,10.1,12.16,10.59,-0.003,-0.002,-0.002,0.0,0.0,-80.3060571,26.9207948,9.4
-20.8,3.7,0.0,0.31,1.27,0.52,-0.04,-0.44,-0.27,0.17,0.07,9.27,9.476,9.28,8.77,10.3,9.12,11.38,12.07,-0.002,-0.002,-0.002,0.0,0.01,-80.306057,26.9207949,9.45
-21.9,3.7,0.0,0.35,0.81,-0.34,-0.03,-0.15,0.03,0.16,0.07,11.232,7.475,8.858,9.261,10.3,9.32,13.34,11.58,-0.002,-0.002,-0.002,0.0,-0.01,-80.306057,26.9207951,9.5
-23.0,3.7,0.0,0.4,1.5,0.29,0.05,0.58,-0.45,0.15,0.07,10.457,8.221,9.143,9.408,10.69,9.12,13.24,13.24,-0.002,-0.002,-0.002,0.0,0.0,-80.306057,26.9207953,9.55
-24.7,3.8,0.0,0.43,0.86,-0.55,-0.17,0.01,-0.14,0.15,0.07,11.488,7.809,9.535,10.144,10.79,9.32,11.38,10.99,-0.002,-0.002,-0.002,0.0,-0.01,-80.306057,26.9207955,9.6
-26.7,3.9,0.0,0.48,0.68,-0.13,-0.35,-0.52,-0.15,0.12,0.08,9.467,9.221,9.673,9.555,11.58,9.61,12.07,10.99,-0.002,-0.002,-0.002,0.0,-0.01,-80.306057,26.9207957,9.65
-28.9,3.8,0.0,0.53,0.77,0.25,-0.42,1.2,0.16,0.15,0.08,7.004,10.919,8.515,8.476,10.3,10.5,9.81,11.48,-0.002,-0.002,-0.002,0.0,0.0,-80.3060569,26.9207958,9.7
-31.7,3.9,0.0,0.58,0.33,-0.04,-0.22,-0.75,0.62,0.12,0.09,9.163,11.232,8.78,8.584,10.1,9.42,11.18,9.71,-0.002,-0.002,-0.002,0.0,-0.02,-80.3060569,26.9207961,9.75
-34.6,3.9,0.0,0.66,1.52,0.66,-0.6,-0.03,0.24,0.11,0.06,10.82,8.182,8.692,9.32,11.58,8.63,9.52,11.87,-0.002,-0.002,-0.002,0.0,0.0,-80.3060569,26.9207965,9.8
-37.4,3.9,0.0,0.73,1.54,-0.89,-0.82,-0.39,-0.21,0.15,0.05,12.576,7.495,8.809,9.006,10.59,8.63,12.36,11.97,-0.002,-0.002,-0.003,0.0,-0.03,-80.3060569,26.9207968,9.85
-40.9,3.9,0.0,0.84,2.23,-0.57,-1.1,-2.23,-0.25,0.08,0.05,7.524,9.388,9.427,9.074,10.2,10.01,10.69,11.18,-0.002,-0.002,-0.003,0.0,-0.02,-80.3060568,26.9207971,9.9
-44.3,3.9,0.0,0.97,3.16,0.4,-1.19,1.1,-1.58,0.12,-0.0,9.859,7.102,10.193,10.33,11.09,9.81,12.07,12.36,-0.002,-0.001,-0.003,0.0,-0.02,-80.3060568,26.9207975,9.95
-48.0,3.9,0.0,1.1,2.64,-0.38,-1.28,-1.28,-0.74,0.06,-0.03,8.76,9.722,10.173,9.888,10.3,10.3,11.48,12.46,-0.001,-0.001,-0.003,-1.84,-0.04,-80.3060567,26.920798,10.0
-51.7,3.9,0.0,1.24,2.23,0.13,-1.52,2.06,-2.04,0.09,-0.09,9.388,8.319,7.917,8.505,9.12,9.81,13.15,11.28,-0.001,-0.0,-0.003,-1.72,-0.04,-80.3060567,26.9207985,10.05
-56.2,3.9,0.0,1.41,2.65,0.2,-2.03,-0.35,-0.8,0.06,-0.11,8.505,6.896,7.524,8.427,9.81,10.01,11.38,12.95,-0.001,-0.0,-0.003,-1.86,-0.05,-80.3060566,26.9207991,10.1
-60.9,3.9,0.0,1.64,5.48,-0.76,-2.74,-0.38,-0.06,0.1,-0.15,9.221,9.339,10.016,10.369,11.87,7.65,10.69,11.67,-0.0,0.0,-0.004,-2.38,-0.07,-80.3060565,26.9207997,10.15
-65.9,3.9,0.0,1.85,6.25,-1.79,-3.38,-3.78,0.81,-0.02,-0.14,9.055,12.469,11.537,9.408,10.5,10.69,11.28,11.09,-0.0,0.0,-0.004,-2.7,-0.09,-80.3060564,26.9208005,10.2
-68.7,4.0,0.0,1.93,0.1,-0.72,-3.4,-4.19,-0.81,-0.06,-0.18,9.172,7.907,8.476,6.357,6.97,14.13,18.64,9.32,-0.0,0.001,-0.004,-3.17,-0.11,-80.3060563,26.9208014,10.25
-71.1,4.0,0.0,2.06,-0.08,1.01,-4.39,7.7,-3.35,0.1,-0.21,9.712,3.394,4.11,10.507,9.52,8.44,12.46,10.4,-0.001,0.001,-0.004,-2.28,-0.08,-80.3060562,26.9208023,10.3
-75.1,4.0,0.0,2.24,2.75,0.24,-5.11,1.46,0.59,0.04,-0.14,12.341,5.474,6.622,8.24,10.1,7.95,5.4,14.72,-0.001,0.0,-0.004,-2.66,-0.1,-80.306056,26.9208033,10.35
-77.9,4.0,0.0,2.39,4.12,0.03,-6.31,1.42,1.46,0.08,-0.11,9.526,11.085,11.537,10.742,14.52,9.03,4.81,15.6,-0.001,-0.0,-0.004,-2.82,-0.12,-80.3060559,26.9208043,10.4
-80.3,4.1,0.0,2.55,5.06,-1.08,-6.48,-0.8,1.67,0.06,-0.11,7.053,11.752,11.615,10.026,12.16,8.53,10.4,17.76,-0.001,-0.0,-0.004,-3.43,-0.15,-80.3060557,26.9208053,10.45
-81.7,4.1,0.0,2.7,5.78,-2.02,-7.19,0.33,0.87,0.1,-0.12,6.749,14.215,13.763,10.075,9.61,11.48,11.09,12.56,-0.0,-0.0,-0.004,-3.66,-0.17,-80.3060555,26.9208065,10.5
-81.7,4.2,0.0,2.8,3.69,-2.21,-6.98,-6.03,1.96,0.02,-0.12,6.308,13.528,9.663,8.996,8.24,13.64,13.54,7.36,-0.0,-0.0,-0.004,-3.9,-0.19,-80.3060553,26.9208076,10.55
-80.9,4.1,0.0,2.9,1.43,-2.02,-6.96,-3.09,-0.95,0.02,-0.16,8.731,7.171,7.514,4.591,5.98,13.73,15.3,7.65,-0.0,0.0,-0.003,-3.82,-0.19,-80.3060551,26.9208089,10.6
-80.1,4.1,0.0,3.0,-0.13,-0.73,-7.5,0.16,-3.03,0.01,-0.2,10.732,5.288,5.798,7.181,6.67,12.07,20.01,6.87,-0.001,0.0,-0.003,-3.4,-0.18,-80.3060548,26.9208102,10.65
-78.7,4.1,0.0,3.1,-0.79,0.45,-7.53,8.03,-4.69,0.14,-0.24,12.243,3.826,-1.501,11.075,9.03,10.3,9.03,4.91,-0.001,0.0,-0.003,-3.19,-0.17,-80.3060545,26.9208115,10.7
-76.8,4.2,0.0,3.26,0.97,0.23,-7.76,4.66,-1.93,0.13,-0.26,7.328,4.258,5.729,7.564,9.61,6.97,2.84,9.12,-0.001,-0.0,-0.003,-3.27,-0.19,-80.3060542,26.920813,10.75
-74.0,4.2,0.0,3.43,2.79,0.51,-7.88,-2.08,1.11,0.05,-0.27,13.508,8.034,5.935,6.995,14.13,8.63,2.06,14.03,-0.0,-0.0,-0.003,-3.02,-0.18,-80.3060538,26.9208145,10.8
-71.0,4.2,0.0,3.64,6.41,0.66,-8.91,2.98,0.14,0.12,-0.34,5.415,10.418,12.331,9.467,12.75,7.16,3.43,17.95,0.0,0.0,-0.004,-2.67,-0.17,-80.3060535,26.920816,10.85
-66.0,4.2,0.0,3.81,5.41,-1.91,-8.33,-3.41,1.99,0.01,-0.33,7.024,14.833,15.176,12.831,10.79,9.22,14.91,10.79,0.0,0.0,-0.004,-2.98,-0.2,-80.3060531,26.9208176,10.9
-60.8,4.2,0.0,3.98,3.6,-1.0,-7.55,-3.92,-0.78,-0.02,-0.4,8.182,8.064,11.183,6.808,6.57,14.13,13.34,11.38,0.001,0.001,-0.004,-2.65,-0.18,-80.3060527,26.9208193,10.95
-56.3,4.2,0.0,4.14,2.28,-0.54,-6.42,-0.47,-1.85,0.04,-0.45,7.475,6.19,10.801,9.261,7.85,10.59,19.13,8.24,0.001,0.001,-0.004,-2.44,-0.18,-80.3060523,26.920821,11.0
-51.7,4.3,0.0,4.36,3.67,-1.13,-6.58,1.31,-1.03,0.05,-0.46,9.928,7.465,10.065,10.938,9.32,9.12,15.4,8.73,0.001,0.001,-0.004,-2.25,-0.17,-80.3060519,26.9208229,11.05
-46.9,4.3,0.0,4.58,4.13,0.56,-6.53,0.47,1.76,0.08,-0.37,6.014,13.293,10.457,7.917,9.32,12.07,12.46,12.56,0.001,0.001,-0.004,-1.86,-0.15,-80.3060514,26.9208249,11.1
-40.4,4.3,0.0,4.67,1.62,-1.17,-6.49,-0.08,3.48,0.1,-0.26,3.944,8.329,9.153,8.917,10.2,9.81,11.77,12.85,0.001,0.001,-0.003,-1.96,-0.16,-80.3060509,26.9208269,11.15
-35.0,4.3,0.0,4.8,3.1,0.87,-6.31,1.55,2.41,0.15,-0.11,10.477,10.928,9.064,6.2,10.3,9.22,9.03,12.07,-0.0,-0.0,-0.003,-1.39,-0.12,-80.3060504,26.920829,11.2
-30.7,4.3,0.0,5.0,3.33,0.05,-4.76,-0.39,-1.53,0.14,-0.13,11.497,10.869,9.732,9.908,9.71,8.93,11.87,14.72,-0.001,-0.001,-0.003,-1.37,-0.12,-80.3060498,26.9208311,11.25
-24.5,4.4,0.0,5.14,3.19,1.2,-3.64,0.61,-1.17,0.13,-0.22,7.573,9.163,11.419,10.605,10.89,9.22,11.09,11.67,0.0,-0.0,-0.004,-0.86,-0.08,-80.3060492,26.9208333,11.3
-17.6,4.4,0.0,5.32,3.45,-0.33,-2.69,-0.01,1.06,0.14,-0.2,7.132,9.565,10.32,9.261,10.3,10.1,12.07,12.07,0.001,0.001,-0.005,-0.85,-0.08,-80.3060486,26.9208356,11.35
-11.5,4.4,0.0,5.47,3.28,1.26,-2.62,0.43,1.95,0.14,-0.11,7.583,8.711,8.25,7.171,10.4,9.22,11.28,11.18,0.001,0.001,-0.004,-0.46,-0.04,-80.306048,26.920838,11.4
-4.6,4.5,0.0,5.64,3.23,0.03,-1.76,0.03,1.08,0.12,-0.04,8.643,7.691,8.162,7.681,10.59,8.63,9.12,11.09,0.001,0.0,-0.004,-0.4,-0.04,-80.3060474,26.9208404,11.45
2.3,4.5,0.0,5.82,3.59,0.65,-0.17,0.69,-0.22,0.15,-0.05,7.426,9.908,9.27,8.26,11.77,10.69,11.09,10.59,0.001,0.0,-0.003,-0.05,-0.0,-80.3060467,26.920843,11.5
9.0,4.5,0.0,5.98,2.99,0.97,0.8,-0.75,-1.51,0.11,-0.11,10.801,8.27,10.271,8.594,10.79,10.59,12.46,10.89,0.001,0.0,-0.003,0.14,0.01,-80.3060461,26.9208456,11.55
12.6,4.5,0.0,6.15,3.53,0.58,1.22,1.54,-1.78,0.21,-0.21,8.495,8.427,9.575,9.447,9.32,10.01,12.95,11.28,0.001,-0.0,-0.004,0.48,0.05,-80.3060454,26.9208483,11.6
13.9,4.5,0.0,6.3,3.08,0.48,2.28,0.22,-1.43,0.21,-0.3,6.063,9.594,12.773,11.438,9.22,10.4,11.67,9.03,0.001,-0.0,-0.005,0.45,0.05,-80.3060448,26.920851,11.65
14.5,4.5,0.0,6.45,3.07,0.81,2.41,-1.62,1.13,0.15,-0.27,7.171,11.517,10.977,8.927,9.61,10.69,12.95,9.32,0.001,-0.0,-0.005,0.58,0.07,-80.3060441,26.9208538,11.7
15.5,4.6,0.0,6.61,3.69,0.88,2.11,-0.66,0.23,0.13,-0.25,7.534,10.634,9.918,8.044,10.59,11.18,10.69,12.07,0.001,0.0,-0.004,0.51,0.06,-80.3060434,26.9208567,11.75
16.1,4.7,0.0,6.74,2.55,-0.11,3.34,0.82,-0.68,0.19,-0.29,6.092,10.094,9.849,10.34,1.28,10.69,12.07,11.77,0.001,0.0,-0.004,0.44,0.05,-80.3060427,26.9208596,11.8
16.0,4.8,0.0,6.87,2.73,0.77,3.08,-1.26,0.46,0.19,-0.29,6.818,9.104,8.78,8.692,6.97,12.36,13.54,8.53,0.001,0.001,-0.004,0.4,0.05,-80.306042,26.9208626,11.85
15.5,4.9,0.0,7.03,3.2,1.15,2.75,0.35,0.43,0.19,-0.27,8.613,9.928,8.986,8.957,8.04,8.24,12.26,9.91,0.0,0.0,-0.004,0.54,0.07,-80.3060412,26.9208658,11.9
15.1,5.1,0.0,7.15,2.51,-0.02,1.79,-0.51,-0.27,0.18,-0.28,8.594,8.917,10.634,11.772,11.09,8.14,11.28,16.48,0.001,0.0,-0.005,0.43,0.05,-80.3060405,26.9208689,11.95
15.0,5.4,0.0,7.27,2.61,0.91,2.4,-2.04,1.38,0.09,-0.23,9.879,9.437,9.79,9.31,9.71,10.5,7.26,12.07,0.0,-0.0,-0.005,0.53,0.07,-80.3060398,26.9208721,12.0
15.3,5.6,0.0,7.44,3.33,-0.03,2.44,0.84,0.61,0.11,-0.17,7.985,11.301,9.957,8.858,8.34,12.95,10.01,10.89,-0.0,0.0,-0.005,0.45,0.06,-80.3060391,26.9208753,12.05
16.0,5.8,0.0,7.57,2.18,-0.51,2.97,0.46,-0.29,0.18,-0.18,8.231,7.662,8.937,8.378,11.18,10.1,13.05,14.32,0.001,0.001,-0.004,0.28,0.04,-80.3060384,26.9208786,12.1
16.1,6.1,0.0,7.71,2.73,0.69,3.07,4.19,1.51,0.33,-0.14,9.418,6.377,6.651,8.466,9.61,12.36,6.77,15.01,0.001,0.001,-0.004,0.42,0.06,-80.3060376,26.920882,12.15
16.0,6.4,0.0,7.86,3.22,0.45,2.81,-0.03,0.62,0.37,-0.1,10.644,7.436,8.584,10.065,15.6,11.67,8.73,17.66,0.001,-0.0,-0.004,0.23,0.03,-80.3060369,26.9208855,12.2
15.7,6.8,0.0,8.02,3.42,0.49,3.13,-0.02,-0.84,0.36,-0.11,7.711,11.389,10.104,10.173,11.28,13.64,11.28,17.56,0.001,-0.001,-0.005,0.35,0.05,-80.3060361,26.920889,12.25
15.7,7.4,0.0,8.19,3.43,0.14,3.3,-1.76,-0.28,0.3,-0.13,9.163,9.123,9.938,9.064,6.28,9.52,10.5,11.28,0.0,-0.001,-0.005,0.28,0.04,-80.3060353,26.9208926,12.3
15.4,8.0,0.0,8.36,3.74,1.72,3.23,-1.28,-0.47,0.18,-0.19,6.759,10.291,10.526,10.34,7.65,9.71,11.28,9.03,0.001,-0.0,-0.005,0.55,0.08,-80.3060347,26.9208963,12.35
15.2,8.4,0.0,8.56,4.2,-0.85,3.47,1.95,-0.44,0.29,-0.22,8.515,9.751,9.81,7.24,4.71,12.56,12.65,1.96,0.001,-0.0,-0.005,0.33,0.05,-80.3060339,26.9209001,12.4
14.3,8.5,0.0,8.75,3.67,0.58,3.67,-0.64,-0.89,0.26,-0.29,6.789,11.86,10.301,8.662,11.48,12.46,17.36,12.07,0.002,0.001,-0.003,0.32,0.05,-80.3060331,26.9209039,12.45
13.9,8.8,0.0,8.94,3.79,1.09,2.86,1.09,-1.55,0.31,-0.39,9.447,7.926,9.506,10.428,12.85,10.2,18.25,14.42,0.002,0.001,-0.005,0.34,0.05,-80.3060324,26.9209078,12.5
13.3,8.8,0.0,9.17,4.33,1.36,2.28,-1.43,-0.67,0.27,-0.4,6.327,11.929,8.829,10.036,9.42,9.81,14.03,17.36,0.002,0.001,-0.006,0.4,0.06,-80.3060316,26.9209119,12.55
11.8,8.9,0.0,9.35,3.94,0.92,2.6,1.14,1.33,0.31,-0.34,10.448,8.701,5.964,6.632,8.34,6.28,15.01,14.72,0.001,0.0,-0.007,0.44,0.07,-80.3060308,26.920916,12.6
10.4,9.0,0.0,9.56,4.61,0.61,2.4,-1.07,0.71,0.25,-0.3,11.301,6.416,7.308,7.171,12.75,12.75,11.09,8.93,0.002,0.001,-0.006,0.3,0.05,-80.30603,26.9209203,12.65
9.6,9.0,0.0,9.75,3.58,-0.68,1.99,-3.22,0.33,0.16,-0.27,9.153,7.407,9.133,8.289,12.26,7.46,17.66,17.56,0.002,0.001,-0.005,0.18,0.03,-80.3060293,26.9209246,12.7
8.9,9.0,0.0,9.94,3.5,0.14,1.75,1.16,0.04,0.2,-0.28,4.601,12.037,6.671,6.337,8.73,10.1,11.48,11.28,0.002,0.001,-0.005,0.24,0.04,-80.3060285,26.9209289,12.75
6.9,8.9,0.0,10.12,3.16,0.77,1.69,0.07,0.07,0.13,-0.28,5.513,10.791,11.939,8.358,7.95,11.58,8.93,12.75,0.001,0.001,-0.006,0.2,0.03,-80.3060277,26.9209334,12.8
3.8,8.9,0.0,10.3,3.82,-0.18,1.63,1.71,-0.45,0.24,-0.28,6.71,11.546,7.573,10.703,15.5,17.66,15.6,11.09,0.001,-0.0,-0.006,0.06,0.01,-80.3060267,26.9209379,12.85
2.0,8.8,0.0,10.48,3.77,0.73,0.79,0.47,-2.3,0.18,-0.3,6.671,11.213,13.518,9.163,12.85,15.21,13.15,19.91,0.0,0.0,-0.005,0.13,0.02,-80.3060259,26.9209425,12.9
0.9,8.8,0.0,10.65,3.35,-0.04,-0.05,0.11,-2.32,0.16,-0.39,4.944,8.751,10.84,9.722,9.22,10.89,11.77,13.73,0.001,0.001,-0.005,0.05,0.01,-80.306025,26.9209473,12.95
-1.2,8.9,0.0,10.81,2.96,0.3,-0.17,0.64,-0.0,0.04,-0.42,6.288,8.751,8.24,5.719,6.97,9.32,12.46,0.0,0.001,0.001,-0.005,0.03,0.01,-80.3060242,26.9209521,13.0
-1.5,9.0,0.0,10.98,3.32,-0.97,-0.12,1.59,2.7,0.17,-0.37,10.232,6.563,11.625,13.685,16.68,11.18,20.5,14.03,0.002,0.001,-0.005,-0.16,-0.03,-80.3060233,26.9209569,13.05
-1.3,9.0,0.0,11.14,2.77,-1.16,-0.52,-0.54,2.46,0.18,-0.25,12.959,8.917,2.727,3.286,14.03,7.55,3.73,0.98,0.0,-0.0,-0.005,-0.29,-0.06,-80.3060224,26.9209618,13.1
-1.3,8.9,0.0,11.35,4.51,0.87,-1.05,-1.66,1.69,0.12,-0.19,9.163,12.518,8.741,8.348,14.13,14.22,10.5,11.28,0.0,0.0,-0.005,-0.14,-0.03,-80.3060214,26.9209668,13.15
-1.7,8.8,0.0,11.52,3.84,0.12,-0.32,-1.2,-1.09,0.13,-0.23,5.062,8.927,15.107,13.911,18.64,15.6,20.99,16.97,0.001,0.001,-0.004,-0.08,-0.02,-80.3060205,26.9209719,13.2
-1.3,8.9,0.0,11.68,3.31,-0.53,-0.66,1.74,-0.79,0.19,-0.26,10.016,8.201,14.705,13.469,6.77,3.73,9.91,16.48,0.001,0.0,-0.004,-0.12,-0.03,-80.3060195,26.9209771,13.25
-0.8,8.8,0.0,11.84,3.24,1.03,-0.7,0.54,-0.87,0.21,-0.31,8.692,9.653,16.755,11.9,9.32,8.63,15.99,25.51,0.001,0.001,-0.005,-0.1,-0.02,-80.3060186,26.9209823,13.3
-1.2,8.8,0.0,12.03,4.04,0.34,-0.68,-0.55,1.13,0.18,-0.27,7.946,10.526,6.553,6.386,10.4,12.26,19.23,18.84,0.001,0.001,-0.006,-0.15,-0.03,-80.3060176,26.9209877,13.35
-1.3,8.6,0.0,12.23,4.39,0.74,-0.31,1.11,-0.34,0.22,-0.27,8.907,12.027,5.003,4.415,8.44,18.34,17.17,14.32,0.001,0.001,-0.005,-0.02,-0.01,-80.3060166,26.9209931,13.4
-0.6,8.4,0.0,12.38,3.53,-0.11,-0.06,0.62,-1.13,0.25,-0.33,10.663,5.209,11.595,10.006,10.89,9.32,7.65,5.49,0.001,0.0,-0.006,-0.1,-0.02,-80.3060156,26.9209985,13.45
-0.9,8.4,0.0,12.56,4.16,-0.16,-0.34,-2.12,-0.38,0.18,-0.35,5.376,9.221,9.526,8.692,7.26,9.42,4.41,10.1,0.001,0.0,-0.006,-0.11,-0.02,-80.3060146,26.9210041,13.5
-0.6,8.1,0.0,12.75,3.42,0.2,-0.54,1.46,-0.73,0.2,-0.41,10.654,8.083,11.576,9.3,9.22,9.22,10.01,19.52,0.001,0.001,-0.005,-0.1,-0.02,-80.3060136,26.9210097,13.55
0.8,7.6,0.0,12.9,2.95,-0.37,0.15,-0.56,0.53,0.22,-0.42,7.632,8.231,10.34,9.486,8.44,9.81,13.83,11.28,0.002,0.001,-0.005,-0.08,-0.02,-80.3060126,26.9210154,13.6
1.5,7.4,0.0,13.06,3.25,-0.79,0.07,-0.8,1.99,0.26,-0.33,10.477,6.229,8.221,7.456,4.41,2.06,12.16,11.28,0.001,0.0,-0.005,-0.15,-0.04,-80.3060115,26.9210211,13.65
1.2,7.0,0.0,13.24,3.68,0.54,0.29,-0.86,2.59,0.2,-0.23,5.376,11.075,9.241,8.054,6.87,7.46,15.3,9.32,0.001,0.001,-0.005,-0.01,-0.0,-80.3060104,26.9210271,13.7
1.8,6.5,0.0,13.39,2.65,0.03,0.86,-0.26,0.67,0.21,-0.2,9.839,7.534,8.947,7.495,16.09,13.24,17.07,10.5,0.002,0.001,-0.004,-0.04,-0.01,-80.3060093,26.921033,13.75
1.3,6.3,0.0,13.52,2.7,0.38,0.64,-0.88,0.19,0.17,-0.16,8.672,9.987,7.338,10.428,12.36,9.91,12.56,17.66,0.001,0.0,-0.004,-0.08,-0.02,-80.3060082,26.921039,13.8
1.2,6.1,0.0,13.67,3.23,0.48,0.34,-0.51,0.69,0.15,-0.1,9.614,9.839,5.641,7.22,14.03,9.03,19.13,17.66,0.001,-0.0,-0.004,-0.02,-0.01,-80.3060071,26.921045,13.85
1.8,5.9,0.0,13.77,1.72,0.8,0.64,-0.52,-0.27,0.12,-0.13,8.711,10.83,10.114,9.055,11.67,11.67,11.97,12.36,0.001,-0.0,-0.004,0.03,0.01,-80.306006,26.9210511,13.9
1.1,5.8,0.0,13.88,2.08,-0.75,0.49,-1.78,-0.66,0.03,-0.17,8.564,8.24,8.652,6.7,4.91,10.2,4.32,21.68,0.0,-0.0,-0.003,-0.13,-0.03,-80.3060049,26.9210573,13.95
1.1,5.7,0.0,13.98,2.12,1.22,0.15,0.63,-0.87,0.08,-0.2,8.142,11.684,8.937,10.006,8.04,13.44,8.24,18.84,0.0,-0.0,-0.003,-0.0,-0.0,-80.3060038,26.9210635,14.0
1.8,5.6,0.0,14.08,2.22,0.66,0.22,-0.39,1.03,0.07,-0.17,11.35,9.064,8.407,6.573,15.01,13.24,9.91,10.3,0.0,0.0,-0.004,-0.04,-0.01,-80.3060026,26.9210697,14.05
1.4,5.5,0.0,14.15,1.32,0.31,-0.13,1.54,-0.5,0.13,-0.17,8.829,9.29,9.457,8.966,1.77,2.06,13.73,14.03,-0.001,-0.002,-0.003,-0.04,-0.01,-80.3060015,26.921076,14.1
1.3,5.5,0.0,14.25,2.64,-0.32,0.74,-1.28,-0.15,0.1,-0.2,6.269,11.203,10.085,7.22,6.87,9.22,13.83,12.36,-0.0,-0.001,-0.004,-0.09,-0.02,-80.3060004,26.9210823,14.15
1.1,5.4,0.0,14.33,1.94,1.36,0.69,1.27,-0.64,0.09,-0.21,9.094,9.516,5.023,7.505,21.29,24.03,12.85,12.56,-0.0,-0.0,-0.003,-0.06,-0.02,-80.3059992,26.9210887,14.2
1.0,5.4,0.0,14.39,0.74,-0.29,0.2,-1.92,-0.21,0.08,-0.21,11.831,6.808,11.37,11.007,21.39,17.27,23.64,22.07,0.0,-0.0,-0.003,-0.16,-0.04,-80.3059981,26.9210951,14.25
2.3,5.4,0.0,14.46,1.5,-1.3,0.39,-0.22,2.36,0.17,-0.12,5.808,9.378,6.357,7.416,14.52,4.71,25.6,20.01,-0.0,-0.001,-0.004,-0.2,-0.05,-80.3059969,26.9211016,14.3
1.1,5.4,0.0,14.55,1.38,-1.2,0.14,1.08,1.91,0.17,-0.04,9.83,8.643,5.16,7.838,13.05,13.64,8.24,3.83,-0.0,-0.001,-0.003,-0.17,-0.04,-80.3059957,26.921108,14.35
1.0,5.3,0.0,14.61,1.34,0.5,0.58,1.98,-0.69,0.16,-0.06,9.3,12.998,7.416,7.897,-2.65,4.81,7.65,-1.08,-0.003,-0.003,-0.004,-0.03,-0.01,-80.3059945,26.9211145,14.4
2.3,5.3,0.0,14.68,1.49,-0.06,0.37,1.44,-2.71,0.17,-0.2,8.172,4.228,9.81,11.272,6.87,8.04,-0.69,9.71,-0.001,-0.001,-0.003,-0.18,-0.05,-80.3059933,26.921121,14.45
1.8,5.3,0.0,14.75,1.53,-0.69,0.55,0.03,0.91,0.23,-0.15,11.262,6.995,5.111,9.241,15.4,6.38,4.51,18.84,0.001,0.0,-0.002,-0.16,-0.04,-80.3059921,26.9211276,14.5
2.0,5.2,0.0,14.78,0.39,-1.0,0.72,-2.26,1.97,0.17,-0.06,11.095,8.486,11.821,12.38,9.81,6.38,-4.91,-2.55,-0.0,-0.001,-0.006,-0.16,-0.04,-80.305991,26.9211341,14.55
1.8,5.1,0.0,14.86,2.14,0.87,0.46,0.18,2.46,0.16,0.11,10.448,10.369,7.171,7.387,8.63,10.2,4.32,5.4,-0.002,-0.002,-0.003,-0.01,-0.0,-80.3059898,26.9211407,14.6
2.0,5.1,0.0,14.93,1.69,0.7,0.78,0.01,-1.81,0.17,0.11,6.867,12.93,6.661,5.199,12.46,21.19,30.02,16.28,-0.001,-0.001,0.0,-0.0,-0.0,-80.3059886,26.9211474,14.65
3.1,4.9,0.0,14.95,0.08,0.01,0.45,0.86,-3.93,0.27,-0.08,10.35,11.723,7.524,9.839,9.81,12.65,7.55,-6.08,-0.001,-0.002,-0.003,-0.11,-0.03,-80.3059874,26.921154,14.7
2.0,4.9,0.0,15.01,0.91,0.71,1.3,1.24,-2.63,0.23,-0.23,7.044,9.624,9.81,8.545,-0.78,8.04,-3.34,4.22,-0.001,-0.002,-0.004,-0.04,-0.01,-80.3059862,26.9211607,14.75
2.6,4.9,0.0,15.06,1.45,1.5,1.0,1.47,0.41,0.19,-0.26,8.191,9.437,9.526,6.975,3.92,15.6,11.09,14.91,-0.0,0.001,-0.003,-0.04,-0.01,-80.305985,26.9211674,14.8
4.0,4.8,0.0,15.09,0.92,0.73,1.03,-2.82,2.93,0.28,-0.16,9.888,9.839,8.231,10.31,16.09,1.37,17.76,5.98,0.0,-0.001,-0.004,-0.09,-0.02,-80.3059837,26.9211741,14.85
3.5,4.8,0.0,15.1,0.02,1.52,0.44,-2.49,4.23,0.16,0.07,12.802,5.258,6.386,7.691,24.03,14.91,11.28,4.71,0.0,-0.0,-0.003,0.06,0.02,-80.3059825,26.9211808,14.9
3.0,4.8,0.0,15.17,0.45,-1.25,1.07,0.59,2.38,0.18,0.26,13.92,10.968,5.366,5.091,8.04,1.28,16.09,20.5,-0.002,-0.003,0.001,-0.09,-0.02,-80.3059814,26.9211876,14.95
3.0,4.6,0.0,15.21,0.67,-0.41,1.54,0.6,-2.36,0.27,0.15,9.025,12.851,8.643,8.849,-4.12,0.49,23.94,-3.14,-0.003,-0.004,-0.001,-0.07,-0.02,-80.3059802,26.9211943,15.0
2.6,4.6,0.0,15.23,0.69,1.04,1.1,0.37,-3.98,0.19,-0.08,10.742,6.936,8.643,5.67,1.96,12.85,15.01,20.9,-0.003,-0.003,-0.0,-0.0,-0.0,-80.305979,26.9212011,15.05
4.7,4.6,0.0,15.24,-0.56,-1.29,0.98,-0.9,-3.29,0.33,-0.31,5.651,10.301,11.34,12.518,20.21,11.97,20.5,6.87,0.0,-0.001,-0.004,-0.15,-0.04,-80.3059778,26.9212079,15.1
4.0,4.5,0.0,15.26,0.19,-0.26,1.2,2.29,1.97,0.38,-0.27,6.798,6.386,11.801,12.341,16.19,14.13,10.1,17.95,0.001,-0.0,-0.005,-0.13,-0.03,-80.3059766,26.9212147,15.15
4.5,4.5,0.0,15.28,0.82,1.68,1.7,1.98,4.63,0.36,-0.0,7.161,10.752,5.288,7.897,3.14,4.41,6.57,15.89,-0.001,-0.002,-0.003,-0.06,-0.02,-80.3059754,26.9212215,15.2
4.9,4.5,0.0,15.31,0.36,-0.49,2.48,1.06,3.46,0.4,0.22,8.584,12.881,4.169,6.161,-0.59,10.2,16.78,4.32,-0.002,-0.003,-0.001,-0.16,-0.04,-80.3059742,26.9212284,15.25
4.4,4.4,0.0,15.32,0.1,0.62,2.6,-1.36,-2.1,0.31,0.13,5.69,7.652,10.085,8.829,11.58,4.91,4.02,13.24,-0.001,-0.003,0.001,-0.07,-0.02,-80.3059731,26.9212352,15.3
5.2,4.4,0.0,15.3,-0.27,0.89,2.51,2.54,-1.75,0.4,0.05,11.046,8.731,9.594,11.262,14.32,12.65,9.61,15.89,-0.0,-0.001,0.0,0.02,0.01,-80.305972,26.9212421,15.35
3.5,4.3,0.0,15.31,0.19,0.3,1.62,1.86,1.28,0.47,0.13,6.622,13.175,8.358,9.123,2.26,15.6,4.91,4.91,-0.001,-0.003,-0.002,-0.07,-0.02,-80.3059708,26.9212489,15.4
3.4,4.3,0.0,15.37,1.09,2.25,1.12,-4.57,0.69,0.26,0.17,11.458,10.732,6.426,6.857,-0.2,3.14,3.92,-4.02,-0.002,-0.003,-0.002,0.02,0.01,-80.3059697,26.9212558,15.45
3.5,4.2,0.0,15.36,0.53,1.33,1.14,2.08,-1.63,0.17,0.11,10.516,9.378,8.77,9.27,11.28,10.79,3.34,25.31,-0.002,-0.002,0.002,0.1,0.03,-80.3059686,26.9212626,15.5
4.2,4.2,0.0,15.32,-0.68,-0.44,1.87,0.45,-0.53,0.24,0.06,10.722,9.32,10.183,11.507,13.73,9.22,4.61,21.19,-0.001,-0.002,-0.0,-0.13,-0.04,-80.3059675,26.9212695,15.55
4.5,4.1,0.0,15.33,0.19,2.07,1.6,-3.97,0.84,0.14,0.12,12.881,9.398,10.183,9.702,12.95,11.09,8.73,1.96,-0.002,-0.002,-0.002,-0.04,-0.01,-80.3059664,26.9212764,15.6
3.4,4.1,0.0,15.33,-0.36,0.6,1.08,4.63,0.13,0.23,0.17,11.85,9.702,8.289,7.593,12.07,10.59,10.2,20.5,-0.002,-0.003,-0.0,-0.03,-0.01,-80.3059654,26.9212832,15.65
4.1,4.1,0.0,15.36,0.46,0.58,1.11,-0.07,-2.22,0.26,0.06,9.781,10.144,7.416,8.466,-0.78,3.73,16.38,5.0,-0.003,-0.003,-0.001,-0.03,-0.01,-80.3059643,26.9212901,15.7
3.5,4.1,0.0,15.33,-0.44,2.08,1.86,0.73,-1.29,0.24,-0.07,8.937,5.896,11.772,7.907,-0.69,11.18,15.01,8.14,-0.002,-0.002,-0.001,0.03,0.01,-80.3059632,26.9212969,15.75
3.3,4.1,0.0,15.3,-1.04,-2.07,2.16,-0.58,1.39,0.36,-0.09,8.976,10.428,11.095,11.438,12.56,12.16,12.95,14.13,-0.001,-0.001,-0.002,-0.22,-0.06,-80.3059622,26.9213038,15.8
4.1,4.0,0.0,15.3,0.32,1.1,1.57,-0.32,3.21,0.45,0.06,11.056,7.632,11.507,12.694,21.58,15.3,-5.79,9.12,-0.0,-0.001,-0.002,-0.11,-0.03,-80.3059611,26.9213106,15.85
2.1,4.0,0.0,15.3,-0.32,-0.5,1.16,1.3,3.36,0.49,0.3,12.076,6.602,6.955,8.005,3.63,8.83,5.49,17.66,-0.002,-0.002,0.0,-0.22,-0.06,-80.3059601,26.9213175,15.9
2.0,4.0,0.0,15.31,-0.44,-0.44,1.04,0.02,1.6,0.53,0.37,10.036,14.215,5.356,5.602,-3.14,7.75,18.64,8.24,-0.003,-0.004,0.0,-0.19,-0.05,-80.3059591,26.9213243,15.95
2.1,4.0,0.0,15.3,-0.02,0.72,1.25,-3.56,-2.51,0.38,0.23,9.977,10.301,8.858,6.975,9.52,15.79,16.68,12.65,-0.003,-0.004,0.001,-0.14,-0.04,-80.3059581,26.9213312,16.0
1.6,4.0,0.0,15.26,-0.94,0.24,1.3,0.77,-4.3,0.42,0.01,8.348,8.427,9.3,11.262,17.27,8.83,-1.86,19.52,-0.002,-0.003,0.0,-0.1,-0.03,-80.3059571,26.921338,16.05
2.5,4.0,0.0,15.22,-0.96,-0.32,1.23,0.94,-1.97,0.44,-0.08,9.133,10.399,9.153,13.087,12.07,13.34,3.43,17.95,-0.002,-0.002,-0.002,-0.24,-0.06,-80.3059561,26.9213449,16.1
1.2,4.0,0.0,15.22,0.18,1.53,0.51,1.35,1.49,0.43,-0.01,5.445,9.153,9.918,9.516,7.95,7.36,11.58,10.1,-0.001,-0.002,-0.003,-0.03,-0.01,-80.3059551,26.9213517,16.15
1.7,4.0,0.0,15.22,-0.28,0.15,0.02,0.61,4.72,0.39,0.19,7.456,10.987,6.622,8.152,5.2,21.39,10.79,7.55,-0.002,-0.002,-0.001,-0.02,-0.0,-80.3059541,26.9213585,16.2
1.2,4.0,0.0,15.22,-0.38,0.59,0.87,-2.75,0.41,0.29,0.23,9.673,12.498,8.868,5.15,2.06,20.7,16.09,20.4,-0.003,-0.004,0.001,-0.03,-0.01,-80.3059532,26.9213653,16.25
1.0,3.9,0.0,15.22,-0.11,0.99,1.39,-0.93,-2.65,0.26,0.11,12.017,10.84,8.917,7.485,15.21,14.42,13.64,9.12,-0.003,-0.004,0.001,-0.1,-0.03,-80.3059522,26.9213721,16.3
2.3,3.9,0.0,15.21,0.23,0.92,0.53,1.13,-5.37,0.27,-0.1,10.016,8.966,8.329,10.752,2.26,-7.16,6.18,18.84,-0.003,-0.004,0.001,-0.08,-0.02,-80.3059512,26.9213789,16.35
1.1,4.0,0.0,15.14,-1.29,-0.1,0.57,2.78,-4.02,0.3,-0.33,10.693,1.746,9.712,12.204,-3.53,0.59,2.75,-10.99,-0.003,-0.003,-0.004,-0.13,-0.03,-80.3059503,26.9213857,16.4
2.0,4.0,0.0,15.11,-1.22,-2.01,0.56,0.88,2.29,0.41,-0.31,11.291,10.869,9.27,11.537,0.39,11.77,4.91,1.77,-0.002,-0.002,-0.003,-0.26,-0.07,-80.3059493,26.9213925,16.45
1.8,3.9,0.0,15.11,0.46,1.48,1.32,-6.64,2.07,0.34,-0.23,10.359,8.319,12.429,11.125,15.89,17.46,-6.57,7.36,-0.001,-0.001,-0.004,-0.09,-0.02,-80.3059484,26.9213993,16.5
0.9,4.0,0.0,15.13,0.65,-0.49,0.95,1.07,1.32,0.37,-0.08,11.978,5.307,10.026,9.231,18.44,14.72,-15.11,10.2,-0.002,-0.001,-0.002,-0.21,-0.06,-80.3059474,26.921406,16.55
2.3,4.0,0.0,15.13,0.09,-0.42,1.14,7.61,2.51,0.64,0.11,7.946,11.488,6.19,8.24,7.65,4.02,16.09,23.54,-0.002,-0.002,0.0,-0.16,-0.04,-80.3059465,26.9214128,16.6
1.7,4.0,0.0,15.11,-0.14,-0.64,0.98,-0.33,2.75,0.68,0.2,5.798,11.507,4.954,6.298,3.92,12.26,12.07,13.54,-0.002,-0.002,-0.0,-0.28,-0.07,-80.3059456,26.9214196,16.65
0.6,4.0,0.0,15.06,-1.08,0.47,0.27,-1.34,0.27,0.65,0.21,7.318,10.34,8.907,7.475,5.4,8.44,6.18,-0.78,-0.002,-0.003,-0.0,-0.2,-0.05,-80.3059446,26.9214263,16.7
1.1,4.0,0.0,15.06,0.3,1.18,0.37,0.09,-2.29,0.65,0.16,9.006,10.683,7.711,10.408,9.22,8.44,12.16,15.89,-0.001,-0.003,0.001,-0.12,-0.03,-80.3059437,26.9214331,16.75
0.4,3.9,0.0,15.03,-0.31,0.72,0.64,-3.77,-0.35,0.44,0.16,9.967,8.329,8.378,9.369,14.22,8.34,12.65,16.97,-0.0,-0.002,0.001,-0.16,-0.04,-80.3059428,26.9214398,16.8
1.8,3.9,0.0,15.05,0.33,0.19,0.43,1.69,0.67,0.42,0.19,10.84,8.466,8.358,10.193,8.83,2.35,2.65,4.91,-0.001,-0.002,0.0,-0.21,-0.05,-80.3059419,26.9214466,16.85
1.0,4.0,0.0,15.07,0.04,0.97,-0.09,-1.28,0.86,0.41,0.25,10.663,12.164,8.564,10.408,2.35,12.95,2.35,10.4,-0.002,-0.003,0.0,-0.17,-0.05,-80.3059409,26.9214533,16.9
1.0,3.9,0.0,15.06,0.13,0.9,0.12,-5.54,-1.23,0.2,0.21,9.888,10.997,11.125,7.799,11.97,19.52,25.41,12.85,-0.003,-0.002,0.0,-0.15,-0.04,-80.30594,26.9214601,16.95
1.6,4.0,0.0,15.03,-0.55,0.1,0.75,0.85,-1.13,0.19,0.16,10.457,5.906,9.123,9.987,23.05,9.32,19.72,22.27,-0.002,-0.002,0.001,-0.11,-0.03,-80.3059391,26.9214668,17.0
1.2,4.0,0.0,14.97,-1.36,-2.59,0.59,1.27,0.12,0.34,0.16,9.79,9.565,9.025,9.996,26.49,6.18,13.93,15.7,-0.002,-0.003,-0.0,-0.33,-0.09,-80.3059382,26.9214735,17.05
1.4,3.9,0.0,14.97,-0.45,-0.58,0.07,2.91,-0.31,0.38,0.16,7.779,10.546,8.525,7.966,7.95,10.2,23.35,9.91,-0.003,-0.003,-0.001,-0.27,-0.07,-80.3059373,26.9214802,17.1
1.0,4.0,0.0,14.97,-0.02,0.84,0.84,0.21,-0.26,0.34,0.11,5.072,13.724,9.8,4.944,3.04,15.6,25.6,-4.22,-0.003,-0.003,-0.0,-0.2,-0.05,-80.3059364,26.921487,17.15
0.4,4.0,0.0,14.96,-0.28,0.65,0.8,0.74,-1.63,0.35,0.0,8.388,11.998,10.104,7.201,-0.49,10.5,25.11,1.96,-0.002,-0.003,-0.0,-0.14,-0.04,-80.3059355,26.9214937,17.2
1.7,4.0,0.0,14.94,-0.58,0.33,0.61,1.6,-0.0,0.4,-0.04,8.584,10.085,9.82,10.065,8.83,10.79,12.56,9.52,-0.001,-0.001,-0.001,-0.2,-0.05,-80.3059346,26.9215004,17.25
1.2,4.0,0.0,14.9,-0.26,-0.12,0.75,0.08,2.32,0.38,0.08,11.331,8.25,9.427,8.76,5.69,6.47,4.32,15.3,-0.001,-0.002,-0.0,-0.3,-0.08,-80.3059337,26.9215071,17.3
1.8,4.0,0.0,14.93,-0.05,0.19,0.25,-2.69,1.57,0.3,0.17,11.89,9.064,8.819,9.869,10.89,12.16,4.22,13.54,-0.002,-0.002,-0.0,-0.23,-0.06,-80.3059329,26.9215137,17.35
1.8,3.9,0.0,14.94,0.37,0.72,0.94,-2.95,-0.29,0.25,0.25,11.232,8.476,10.654,8.574,13.64,14.03,14.22,10.69,-0.002,-0.003,0.0,-0.12,-0.03,-80.305932,26.9215204,17.4
1.4,4.0,0.0,14.92,-0.5,-0.08,1.29,-0.8,-2.38,0.28,0.17,10.771,9.418,8.466,8.446,18.15,15.79,21.97,13.05,-0.002,-0.003,0.001,-0.15,-0.04,-80.3059311,26.9215271,17.45
1.8,4.0,0.0,14.91,-0.65,-0.61,1.08,2.0,-1.53,0.29,0.06,4.395,12.125,9.025,8.839,6.47,10.2,21.48,16.87,-0.002,-0.002,0.0,-0.24,-0.06,-80.3059303,26.9215338,17.5
1.8,4.0,0.0,14.88,-0.8,-0.15,0.42,1.7,1.66,0.33,0.05,7.23,8.309,11.242,10.673,4.81,11.18,6.28,-5.89,-0.001,-0.001,-0.002,-0.16,-0.04,-80.3059294,26.9215405,17.55
1.7,4.0,0.0,14.88,0.02,0.2,0.29,-0.54,2.11,0.33,0.16,8.446,10.094,7.642,8.554,11.97,9.32,9.61,16.87,-0.001,-0.002,-0.001,-0.16,-0.04,-80.3059286,26.9215472,17.6
2.3,4.0,0.0,14.9,0.55,1.33,0.56,-0.86,1.07,0.25,0.26,12.89,9.476,7.142,7.161,16.19,11.38,10.99,16.68,-0.002,-0.002,-0.0,-0.17,-0.05,-80.3059277,26.9215538,17.65
1.7,4.0,0.0,14.9,0.41,0.54,0.7,2.06,-0.97,0.31,0.28,12.066,12.243,7.348,8.819,16.48,6.97,11.09,8.73,-0.002,-0.003,0.0,-0.15,-0.04,-80.3059269,26.9215605,17.7
2.0,4.0,0.0,14.88,-0.45,1.46,1.11,-0.17,-2.16,0.29,0.18,10.644,8.152,11.026,9.408,5.98,10.99,15.99,6.77,-0.002,-0.003,-0.0,-0.19,-0.05,-80.3059261,26.9215672,17.75
1.8,4.0,0.0,14.86,-0.34,0.55,0.7,-0.68,-2.31,0.27,0.06,9.476,8.809,10.977,9.643,9.81,13.44,13.93,15.01,-0.002,-0.002,-0.0,-0.15,-0.04,-80.3059253,26.9215739,17.8
1.3,4.0,0.0,14.84,-0.2,-0.67,0.67,1.11,-0.23,0.31,-0.0,6.926,10.968,10.369,10.958,10.2,12.07,16.97,21.29,-0.001,-0.002,-0.001,-0.17,-0.04,-80.3059245,26.9215805,17.85
2.1,4.0,0.0,14.82,-0.91,-0.19,0.59,0.22,2.19,0.37,0.07,8.545,9.781,8.76,10.183,11.97,12.75,18.05,12.26,-0.001,-0.002,-0.002,-0.16,-0.04,-80.3059237,26.9215872,17.9
1.8,4.0,0.0,14.82,-0.51,0.2,0.49,-0.81,1.88,0.26,0.17,9.437,10.86,7.102,6.494,9.42,4.91,15.01,14.03,-0.002,-0.003,-0.001,-0.18,-0.05,-80.3059228,26.9215939,17.95
1.8,4.0,0.0,14.82,0.42,1.02,1.04,2.12,-1.04,0.23,0.14,10.85,8.927,6.818,6.573,1.96,4.02,11.77,3.73,-0.003,-0.003,0.0,-0.09,-0.02,-80.305922,26.9216005,18.0
2.5,4.0,0.0,14.85,1.32,1.42,1.17,-0.29,-3.29,0.27,-0.0,10.016,11.144,10.575,10.379,17.76,11.97,14.81,7.95,-0.001,-0.002,-0.0,-0.17,-0.04,-80.3059212,26.9216072,18.05
1.8,4.0,0.0,14.81,-0.44,0.35,1.22,-2.64,-0.54,0.21,-0.04,9.81,6.465,12.508,11.507,14.52,12.65,16.78,11.77,-0.001,-0.001,-0.001,-0.14,-0.04,-80.3059204,26.9216138,18.1
2.9,4.0,0.0,14.79,-0.76,0.57,0.74,1.09,1.72,0.27,0.03,10.31,7.828,8.28,9.987,9.91,2.45,8.53,14.42,-0.001,-0.003,-0.001,-0.18,-0.05,-80.3059196,26.9216205,18.15
1.8,4.0,0.0,14.79,0.36,0.78,1.36,0.69,1.53,0.21,0.15,6.798,10.418,9.682,6.936,-4.02,12.07,7.75,-0.2,-0.002,-0.002,-0.0,-0.08,-0.02,-80.3059188,26.9216271,18.2
1.6,4.0,0.0,14.77,-0.51,0.34,1.0,-2.48,1.32,0.12,0.19,9.722,12.616,10.791,8.594,6.87,17.07,10.2,4.81,-0.002,-0.002,0.0,-0.17,-0.04,-80.3059181,26.9216338,18.25
2.5,4.0,0.0,14.77,-0.58,0.29,0.87,2.1,1.09,0.26,0.21,8.466,14.077,6.73,8.054,12.75,16.68,13.24,23.64,-0.002,-0.003,0.0,-0.09,-0.02,-80.3059173,26.9216404,18.3
2.0,4.0,0.0,14.77,0.44,0.93,0.68,-1.26,-1.9,0.19,0.15,12.979,7.122,9.398,9.712,18.05,11.58,0.59,13.93,-0.002,-0.003,-0.001,-0.21,-0.05,-80.3059165,26.921647,18.35
1.8,4.0,0.0,14.78,0.05,-0.27,0.82,-2.18,-1.85,0.11,0.07,10.507,8.966,8.721,8.907,5.1,5.98,3.73,8.34,-0.003,-0.003,-0.001,-0.22,-0.06,-80.3059158,26.9216537,18.4
1.7,4.0,0.0,14.78,-0.36,-0.64,0.86,-0.38,-1.48,0.18,-0.06,9.369,9.015,9.79,8.132,11.58,12.16,16.28,15.89,-0.001,-0.001,-0.001,-0.29,-0.07,-80.305915,26.9216603,18.45
1.2,4.0,0.0,14.76,0.28,0.12,-0.07,-1.08,0.73,0.23,-0.05,6.121,11.438,8.966,9.977,14.52,13.44,14.13,23.45,-0.001,-0.002,-0.002,-0.23,-0.06,-80.3059143,26.9216669,18.5
1.8,4.1,0.0,14.73,-0.67,1.22,0.33,-2.56,2.87,0.11,0.08,8.201,8.741,9.938,8.427,11.67,11.28,13.54,8.83,-0.001,-0.002,-0.002,-0.18,-0.05,-80.3059136,26.9216736,18.55
0.5,4.0,0.0,14.74,0.37,1.52,1.06,1.81,1.52,0.15,0.18,9.663,11.056,6.318,5.307,-0.2,7.75,18.05,14.03,-0.003,-0.002,0.001,-0.07,-0.02,-80.3059128,26.9216802,18.6
0.3,4.0,0.0,14.76,0.57,0.66,0.32,1.57,-1.3,0.21,0.13,9.447,12.841,7.475,8.858,0.0,8.14,10.79,17.95,-0.003,-0.003,0.001,-0.23,-0.06,-80.3059121,26.9216868,18.65
0.4,4.0,0.0,14.75,-0.22,1.02,-0.46,-2.24,-1.22,0.09,0.04,10.134,5.533,12.204,11.488,14.52,11.87,6.28,12.95,-0.001,-0.001,-0.0,-0.21,-0.05,-80.3059114,26.9216934,18.7
-0.2,4.0,0.0,14.73,-0.57,-0.96,-0.34,0.05,1.08,0.13,0.09,11.438,7.475,10.762,11.89,19.03,9.42,1.08,11.09,-0.001,-0.001,-0.0,-0.19,-0.05,-80.3059106,26.9217001,18.75
0.4,4.0,0.0,14.72,-0.08,-0.39,-0.26,3.69,1.61,0.25,0.2,8.888,14.215,7.838,9.516,6.28,0.0,6.77,11.77,-0.003,-0.003,-0.0,-0.27,-0.07,-80.3059099,26.9217067,18.8
-0.1,4.0,0.0,14.75,0.2,-1.13,-0.2,-0.51,0.53,0.16,0.22,8.564,12.606,7.348,6.484,0.29,11.97,6.87,5.59,-0.003,-0.003,-0.0,-0.33,-0.09,-80.3059092,26.9217133,18.85
-0.9,4.0,0.0,14.76,0.05,0.35,0.25,-0.5,-2.13,0.16,0.09,6.475,11.743,9.584,7.789,7.26,18.44,12.65,9.71,-0.002,-0.002,0.0,-0.23,-0.06,-80.3059084,26.9217199,18.9
-0.1,4.0,0.0,14.74,-0.19,0.63,-0.14,-0.19,-1.99,0.17,-0.02,10.026,6.553,10.222,10.791,10.69,10.99,13.73,16.28,-0.001,-0.002,-0.001,-0.22,-0.06,-80.3059077,26.9217265,18.95
-0.2,4.1,0.0,14.71,-0.19,-0.94,0.3,1.17,2.92,0.16,0.09,9.947,6.465,7.348,10.075,10.5,5.79,8.83,11.09,-0.001,-0.002,-0.001,-0.29,-0.07,-80.3059069,26.9217332,19.0
0.4,4.0,0.0,14.7,-0.87,-1.51,0.13,-1.13,3.38,0.18,0.25,9.702,11.488,6.239,7.348,6.67,9.12,10.79,9.71,-0.002,-0.003,0.0,-0.32,-0.08,-80.3059062,26.9217398,19.05
0.2,3.8,0.0,14.71,0.65,0.96,0.18,-0.42,-0.84,0.24,0.22,8.515,13.116,9.81,7.819,7.26,19.62,17.95,5.2,-0.003,-0.003,-0.0,-0.2,-0.05,-80.3059055,26.9217464,19.1
-0.5,3.4,0.0,14.73,0.61,0.74,-0.17,-0.88,-4.01,0.25,0.07,9.977,10.663,8.829,9.624,22.07,14.32,15.5,12.36,-0.002,-0.003,-0.0,-0.21,-0.05,-80.3059047,26.921753,19.15
0.4,2.3,0.0,14.7,-0.88,0.1,-0.0,-0.39,-3.94,0.16,-0.1,9.064,6.73,10.811,10.477,9.71,5.4,11.77,9.61,-0.002,-0.002,-0.001,-0.24,-0.06,-80.305904,26.9217596,19.2
0.2,1.7,0.0,14.68,-0.19,-0.03,0.11,0.61,1.11,0.17,-0.1,8.721,9.212,10.899,8.868,-0.1,4.61,19.42,10.1,-0.001,-0.001,-0.001,-0.25,-0.06,-80.3059033,26.9217662,19.25
-0.2,1.6,0.0,14.68,0.35,-0.76,0.5,-3.62,5.59,0.14,0.07,8.554,7.25,7.789,7.868,8.63,6.08,9.81,8.63,-0.0,-0.001,0.001,-0.34,-0.09,-80.3059026,26.9217728,19.3
2.2,1.6,0.0,14.65,-0.65,0.69,-0.33,-2.23,5.19,0.08,0.3,12.704,5.415,8.437,8.554,22.76,5.89,4.51,10.5,-0.001,-0.001,0.001,-0.23,-0.06,-80.3059018,26.9217794,19.35
0.8,1.6,0.0,14.65,-0.13,0.53,-0.15,5.05,2.12,0.25,0.49,11.144,15.039,7.613,10.301,13.24,4.02,7.46,4.51,-0.004,-0.004,0.001,-0.16,-0.04,-80.3059011,26.921786,19.4
0.9,1.5,0.0,14.65,-0.32,-0.82,-0.05,-3.19,-2.44,0.16,0.43,10.448,11.085,7.799,7.819,3.14,6.38,22.86,3.43,-0.004,-0.004,0.001,-0.28,-0.07,-80.3059004,26.9217925,19.45
0.4,1.6,0.0,14.65,0.03,0.24,-0.04,-1.24,-4.67,0.03,0.16,12.213,8.907,9.251,6.749,12.26,8.44,25.51,20.9,-0.003,-0.003,0.002,-0.13,-0.03,-80.3058997,26.9217991,19.5
0.7,1.6,0.0,14.62,-0.72,-0.48,0.65,2.02,-3.46,0.15,-0.04,11.232,7.956,11.743,11.87,21.58,13.93,11.28,18.74,-0.001,-0.002,-0.0,-0.19,-0.05,-80.305899,26.9218057,19.55
2.3,1.6,0.0,14.59,-0.45,-0.27,0.79,1.09,-0.11,0.24,-0.02,11.331,10.889,8.829,11.448,13.15,13.54,17.95,11.97,-0.002,-0.003,-0.002,-0.32,-0.08,-80.3058982,26.9218123,19.6
1.3,1.6,0.0,14.58,-0.11,0.69,0.92,-1.9,1.68,0.12,0.06,11.507,8.701,6.563,7.475,1.86,5.49,10.2,15.79,-0.003,-0.003,-0.001,-0.14,-0.04,-80.3058975,26.9218188,19.65
1.3,1.7,0.0,14.59,0.2,-0.23,0.52,-0.14,0.44,0.1,0.05,7.524,8.613,7.367,6.367,8.34,9.71,9.42,16.97,-0.002,-0.002,-0.0,-0.11,-0.03,-80.3058968,26.9218254,19.7
2.5,1.7,0.0,14.5,-2.16,1.36,0.28,3.66,-0.7,0.25,0.03,9.447,7.475,10.919,12.292,13.15,11.09,18.64,7.85,-0.001,-0.001,-0.001,-0.13,-0.03,-80.3058961,26.9218319,19.75
1.8,1.7,0.0,14.37,-2.6,-1.0,0.13,0.7,6.03,0.31,0.28,9.212,9.575,10.026,9.751,10.5,8.53,12.95,12.46,-0.002,-0.002,-0.001,-0.22,-0.05,-80.3058955,26.9218384,19.8
1.1,1.8,0.0,14.25,-0.95,0.16,-0.48,-0.4,3.93,0.31,0.53,16.402,9.359,6.131,6.494,5.59,2.75,4.02,13.44,-0.004,-0.005,0.001,-0.24,-0.06,-80.3058948,26.9218449,19.85
0.9,1.9,0.0,14.29,-0.48,-0.47,0.77,-3.19,-1.97,0.19,0.49,15.824,11.733,7.24,7.622,10.69,7.85,12.16,4.32,-0.005,-0.005,0.002,-0.28,-0.07,-80.3058941,26.9218513,19.9
0.6,1.8,0.0,14.28,-0.72,-0.36,0.64,1.6,-6.85,0.22,0.17,13.253,8.025,8.456,10.507,14.13,9.91,8.24,15.7,-0.004,-0.004,0.002,-0.2,-0.05,-80.3058934,26.9218577,19.95
1.4,1.7,0.0,14.18,-2.47,-0.92,0.3,2.96,-3.21,0.38,-0.04,8.407,6.671,9.045,12.488,7.46,7.75,7.36,10.99,-0.002,-0.003,-0.0,-0.21,-0.05,-80.3058927,26.921864,20.0
0.7,1.7,0.0,14.14,-0.24,-0.32,-0.16,-1.84,2.07,0.33,0.02,9.516,11.232,8.339,10.742,-2.26,2.75,14.81,10.89,-0.002,-0.003,-0.001,-0.22,-0.05,-80.3058921,26.9218704,20.05
-0.9,1.7,0.0,14.12,-0.74,1.06,0.11,-2.68,3.93,0.16,0.14,8.907,10.31,10.232,9.212,10.1,18.84,13.05,12.56,-0.002,-0.001,-0.0,-0.09,-0.02,-80.3058914,26.9218767,20.1
1.0,1.7,0.0,14.04,-1.44,-0.01,-0.01,1.32,3.46,0.26,0.35,13.273,11.468,8.309,10.32,20.31,22.96,7.46,10.4,-0.002,-0.003,0.002,-0.12,-0.03,-80.3058907,26.9218831,20.15
0.2,1.7,0.0,14.02,-0.16,0.44,0.26,-1.03,-0.95,0.25,0.39,10.379,10.801,8.996,8.339,11.38,18.15,12.56,13.05,-0.004,-0.004,0.002,-0.2,-0.05,-80.3058901,26.9218894,20.2
0.4,1.7,0.0,14.01,-0.54,0.51,-0.21,-1.99,-1.67,0.2,0.29,9.378,11.743,7.897,8.378,8.24,4.71,10.69,3.63,-0.003,-0.004,0.001,-0.2,-0.05,-80.3058894,26.9218957,20.25
0.9,1.7,0.0,13.94,-1.48,0.89,-0.15,1.69,-2.15,0.16,0.14,8.741,10.438,11.782,10.987,10.99,14.52,7.06,10.59,-0.003,-0.002,0.001,-0.04,-0.01,-80.3058888,26.921902,20.3
-0.1,1.8,0.0,13.88,-0.78,-0.42,-0.19,3.05,0.14,0.35,0.13,11.301,13.44,10.526,13.773,14.62,18.74,11.38,-7.16,-0.002,-0.003,-0.002,-0.2,-0.05,-80.3058881,26.9219082,20.35
0.1,1.8,0.0,13.85,-0.12,0.87,0.12,-1.87,0.72,0.27,0.21,12.861,11.311,10.663,10.801,8.73,18.25,7.06,16.58,-0.003,-0.004,-0.0,-0.28,-0.07,-80.3058874,26.9219145,20.4
-0.4,1.9,0.0,13.81,-1.15,0.78,-0.31,-4.18,2.23,0.12,0.3,10.693,9.123,10.31,6.789,7.16,20.5,9.32,4.32,-0.003,-0.002,-0.0,-0.16,-0.04,-80.3058868,26.9219207,20.45
-0.8,1.9,0.0,13.78,-0.22,-0.67,-0.89,2.59,0.25,0.3,0.31,10.31,12.704,5.219,6.121,10.01,16.58,12.07,1.57,-0.003,-0.004,0.001,-0.17,-0.04,-80.3058861,26.9219269,20.5
-0.3,2.0,0.0,13.72,-1.2,-0.27,-0.49,-5.36,-2.25,0.12,0.18,10.801,7.799,9.064,10.144,9.61,4.41,6.28,-2.45,-0.003,-0.004,-0.0,-0.3,-0.07,-80.3058855,26.9219331,20.55
-0.4,2.1,0.0,13.65,-1.71,-0.06,-0.73,1.13,-0.49,0.11,0.11,11.929,6.131,7.809,8.495,9.81,8.14,10.4,1.96,-0.003,-0.003,-0.0,-0.19,-0.04,-80.3058848,26.9219392,20.6
-0.3,2.2,0.0,13.64,-0.71,-2.13,-0.18,2.11,-0.59,0.3,0.08,10.771,9.604,8.486,10.497,11.48,10.5,15.4,20.5,-0.002,-0.002,0.001,-0.39,-0.09,-80.3058841,26.9219454,20.65
-0.2,2.2,0.0,13.57,-1.64,-0.11,-0.35,-2.97,0.63,0.23,0.08,12.253,6.033,11.252,13.606,12.95,4.81,14.22,14.81,-0.002,-0.003,-0.002,-0.35,-0.08,-80.3058834,26.9219515,20.7
-0.6,2.3,0.0,13.54,-0.35,0.04,-0.79,0.83,3.04,0.16,0.24,8.986,8.672,7.21,7.25,3.92,13.83,9.03,11.38,-0.003,-0.002,-0.001,-0.14,-0.03,-80.3058828,26.9219576,20.75
-0.5,2.4,0.0,13.51,-1.07,-0.87,0.13,0.63,1.85,0.24,0.32,7.966,12.007,7.485,5.258,4.02,19.82,16.78,16.68,-0.003,-0.003,0.001,-0.22,-0.05,-80.3058821,26.9219637,20.8
1.1,2.5,0.0,13.45,-1.67,0.37,-0.32,-1.11,-1.32,0.25,0.25,6.004,11.448,10.389,7.613,10.3,15.01,14.13,17.95,-0.003,-0.003,0.001,-0.24,-0.06,-80.3058814,26.9219698,20.85
0.4,2.5,0.0,13.43,-0.49,0.53,0.76,-1.29,-1.12,0.18,0.17,5.945,10.31,9.996,9.241,7.85,8.73,16.38,10.1,-0.003,-0.003,0.0,-0.14,-0.03,-80.3058807,26.9219758,20.9
0.4,2.5,0.0,13.39,-0.52,0.8,0.92,3.12,-1.01,0.24,0.1,6.092,11.635,7.622,6.936,8.63,10.2,14.62,11.67,-0.002,-0.003,0.001,-0.05,-0.01,-80.3058801,26.9219818,20.95
1.2,2.7,0.0,13.32,-1.53,0.19,0.56,-0.23,1.12,0.31,0.11,8.819,11.075,10.006,10.242,13.44,7.16,16.58,10.79,-0.002,-0.002,-0.0,-0.26,-0.06,-80.3058794,26.9219879,21.0
1.0,2.8,0.0,13.3,-0.31,0.01,-0.32,1.58,1.9,0.31,0.24,12.096,10.477,7.289,8.966,12.65,5.59,16.28,11.97,-0.002,-0.003,-0.0,-0.14,-0.03,-80.3058788,26.9219938,21.05
1.1,2.9,0.0,13.26,-1.2,-0.71,0.08,-1.45,1.07,0.23,0.31,13.656,8.721,5.886,7.112,6.77,7.06,14.72,8.14,-0.003,-0.003,0.0,-0.15,-0.03,-80.3058781,26.9219998,21.1
1.3,3.0,0.0,13.21,-1.13,-0.46,0.16,-0.24,-0.13,0.29,0.28,11.527,8.535,9.908,9.3,15.21,7.36,12.56,10.99,-0.003,-0.003,0.0,-0.1,-0.02,-80.3058775,26.9220058,21.15
1.2,3.2,0.0,13.2,0.18,-0.39,0.44,-0.79,-1.84,0.26,0.22,9.015,10.036,8.486,6.975,14.13,7.26,14.42,11.38,-0.003,-0.003,0.0,-0.25,-0.06,-80.3058768,26.9220117,21.2
1.4,3.3,0.0,13.16,-1.39,0.29,0.6,3.71,-2.21,0.4,0.09,6.945,10.418,11.007,11.527,9.91,9.61,9.03,17.95,-0.002,-0.002,-0.0,-0.18,-0.04,-80.3058762,26.9220177,21.25
1.4,3.5,0.0,13.13,-0.23,1.53,0.37,-1.04,0.5,0.37,0.11,8.672,10.752,8.505,9.104,6.57,10.3,12.75,12.16,-0.002,-0.002,-0.0,-0.11,-0.03,-80.3058755,26.9220236,21.3
1.0,3.6,0.0,13.1,-0.45,0.56,0.12,1.83,1.0,0.4,0.17,10.065,12.625,8.388,10.271,13.44,8.53,9.03,11.87,-0.002,-0.003,-0.001,-0.13,-0.03,-80.3058749,26.9220295,21.35
1.3,3.8,0.0,13.1,-0.38,-0.27,0.78,-0.67,0.84,0.37,0.23,12.979,9.025,10.114,9.839,11.38,17.66,0.0,7.75,-0.003,-0.003,-0.0,-0.16,-0.04,-80.3058742,26.9220354,21.4
1.8,4.1,0.0,13.09,-0.26,-0.46,0.6,-1.03,-0.72,0.4,0.21,8.927,10.614,6.759,9.359,8.24,12.65,10.5,13.54,-0.002,-0.003,0.001,-0.27,-0.06,-80.3058736,26.9220413,21.45
1.0,4.4,0.0,13.1,0.99,0.26,0.7,-1.11,-0.45,0.35,0.17,8.966,6.798,8.044,10.193,16.87,7.75,2.35,14.13,-0.001,-0.002,0.0,-0.19,-0.04,-80.305873,26.9220471,21.5
1.8,4.5,0.0,13.14,-0.01,0.02,0.6,0.25,-0.49,0.35,0.12,6.926,9.163,8.221,11.105,8.93,5.2,5.4,8.24,-0.001,-0.003,-0.001,-0.15,-0.03,-80.3058724,26.9220531,21.55
1.8,4.8,0.0,13.15,0.6,1.46,0.57,-0.63,-0.03,0.23,0.13,10.565,11.399,6.465,9.329,15.99,6.67,7.26,19.42,-0.001,-0.003,0.0,-0.04,-0.01,-80.3058717,26.922059,21.6
2.3,5.2,0.0,13.23,0.67,0.47,0.82,1.18,-1.49,0.18,0.12,11.242,8.603,8.231,9.104,3.14,6.87,11.09,13.44,-0.002,-0.002,0.0,-0.08,-0.02,-80.3058711,26.9220649,21.65
2.6,5.3,0.0,13.24,0.87,-0.07,0.54,0.46,-0.85,0.22,0.06,12.508,9.849,5.955,4.827,5.3,11.18,9.61,6.67,-0.002,-0.002,-0.001,-0.11,-0.03,-80.3058705,26.9220708,21.7
3.0,5.4,0.0,13.35,0.73,-0.09,0.81,-0.57,-1.79,0.22,-0.05,12.213,6.592,9.447,7.848,2.55,10.4,11.87,15.5,-0.002,-0.001,-0.002,-0.06,-0.01,-80.3058699,26.9220768,21.75
2.6,5.5,0.0,13.34,0.43,-0.29,0.97,-2.95,1.16,0.24,-0.03,8.388,7.357,9.633,7.034,20.7,8.04,23.05,4.51,-0.0,-0.001,-0.003,-0.17,-0.04,-80.3058693,26.9220828,21.8
4.0,5.7,0.0,13.54,3.24,-1.1,0.7,3.15,0.94,0.26,0.03,7.25,7.77,8.701,8.456,16.68,-1.67,22.37,14.42,-0.001,-0.002,-0.003,-0.13,-0.03,-80.3058687,26.9220889,21.85
3.5,5.7,0.0,13.52,-0.52,0.02,1.46,2.05,-0.54,0.33,-0.03,6.641,12.263,10.036,9.32,11.58,18.34,13.15,4.22,-0.002,-0.002,-0.003,-0.09,-0.02,-80.3058681,26.922095,21.9
3.2,5.9,0.0,13.71,3.51,0.35,1.37,2.06,-2.41,0.49,-0.1,6.936,10.605,7.122,8.966,14.52,17.76,6.57,8.34,-0.001,-0.002,-0.003,-0.1,-0.02,-80.3058675,26.9221011,21.95
3.6,5.9,0.0,13.74,0.75,2.4,1.04,-2.94,-1.89,0.33,-0.18,5.602,8.574,12.518,9.692,10.89,10.79,7.26,12.36,-0.0,-0.001,-0.002,-0.03,-0.01,-80.3058669,26.9221072,22.0
3.6,5.9,0.0,13.87,1.95,-0.04,1.27,4.01,-0.53,0.36,-0.23,5.582,10.065,6.739,6.092,5.79,13.05,-8.53,-14.32,-0.0,-0.001,-0.004,0.0,0.0,-80.3058663,26.9221135,22.05
3.8,5.9,0.0,13.95,0.91,1.41,1.65,0.89,1.84,0.41,-0.21,4.208,9.006,11.252,9.27,14.72,13.05,8.44,-1.08,0.0,-0.0,-0.004,-0.0,-0.0,-80.3058657,26.9221197,22.1
5.8,5.9,0.0,14.06,2.51,0.16,1.22,0.11,1.16,0.4,-0.12,9.653,9.427,2.776,5.376,19.52,10.3,9.22,-1.57,0.0,-0.001,-0.004,-0.17,-0.04,-80.3058651,26.922126,22.15
5.2,5.8,0.0,14.15,1.02,1.75,1.45,0.47,0.7,0.27,-0.05,8.495,7.917,5.17,4.777,14.03,3.83,-8.83,5.4,-0.001,-0.002,-0.003,0.13,0.03,-80.3058645,26.9221324,22.2
6.0,5.8,0.0,14.25,1.68,-1.33,2.19,3.02,-0.56,0.4,-0.04,9.82,10.369,4.964,7.995,10.59,15.7,5.98,4.81,-0.001,-0.003,-0.003,-0.06,-0.02,-80.3058639,26.9221389,22.25
6.8,5.7,0.0,14.35,1.86,0.93,2.73,-0.93,-3.56,0.32,-0.21,8.025,6.877,14.48,15.206,8.34,12.36,18.64,18.93,-0.001,-0.003,-0.003,0.03,0.01,-80.3058633,26.9221453,22.3
7.0,5.7,0.0,14.43,1.77,0.77,2.58,-0.03,-2.39,0.29,-0.34,9.437,4.836,11.546,10.271,3.34,4.12,21.88,11.58,0.0,-0.001,-0.003,0.01,0.0,-80.3058628,26.9221518,22.35
8.1,5.7,0.0,14.5,0.69,0.51,2.21,2.61,0.53,0.38,-0.38,9.869,6.229,4.434,4.64,5.49,4.32,4.51,4.12,0.001,-0.001,-0.004,0.03,0.01,-80.3058622,26.9221583,22.4
8.4,5.5,0.0,14.58,1.77,0.4,2.82,-2.66,4.99,0.32,-0.19,11.9,7.514,11.488,12.459,7.65,12.46,11.38,11.28,0.001,-0.0,-0.005,0.08,0.02,-80.3058617,26.9221648,22.45
8.2,5.4,0.0,14.65,2.11,1.62,2.48,-0.99,4.19,0.32,-0.0,9.663,10.987,7.652,7.603,17.27,10.4,12.95,19.23,0.0,-0.001,-0.002,0.16,0.04,-80.3058613,26.9221701,22.5
9.1,5.3,0.0,14.74,1.34,0.51,3.5,0.8,0.64,0.37,0.11,8.27,12.302,0.422,2.492,13.44,11.67,12.75,10.3,-0.001,-0.002,-0.002,0.08,0.02,-80.3058607,26.922178,22.55
8.2,5.3,0.0,14.83,2.04,1.08,3.13,-0.08,-1.29,0.39,0.05,5.003,11.988,14.823,11.085,1.37,12.56,23.84,12.65,-0.001,-0.002,-0.002,0.03,0.01,-80.3058602,26.9221847,22.6
7.3,5.3,0.0,14.86,0.15,0.27,3.11,-1.02,-1.36,0.4,-0.1,8.554,7.475,2.923,3.718,2.35,8.83,12.56,15.4,-0.001,-0.002,-0.002,0.03,0.01,-80.3058598,26.9221914,22.65
8.9,5.3,0.0,14.96,1.99,0.62,2.7,-0.45,-2.1,0.47,-0.23,12.596,6.72,10.565,11.566,16.58,10.89,5.2,19.33,0.0,-0.001,-0.004,0.02,0.01,-80.3058593,26.9221981,22.7
8.2,5.2,0.0,15.01,0.73,1.13,2.81,-0.53,-0.19,0.48,-0.23,8.878,6.936,9.624,11.605,16.28,11.58,9.12,16.68,0.001,-0.001,-0.003,-0.02,-0.01,-80.3058589,26.9222048,22.75
8.8,5.2,0.0,15.07,1.23,0.85,3.21,-2.09,3.78,0.44,-0.06,5.268,11.556,3.796,4.689,1.86,10.99,6.77,12.75,-0.001,-0.001,-0.003,0.05,0.01,-80.3058584,26.9222116,22.8
8.9,5.1,0.0,15.16,2.38,1.88,3.67,1.16,1.53,0.48,0.01,8.064,9.614,11.056,10.565,3.14,8.44,11.87,14.62,-0.001,-0.002,-0.003,0.09,0.02,-80.305858,26.9222184,22.85
9.4,5.1,0.0,15.2,0.41,0.47,3.25,-2.15,-0.1,0.46,-0.0,13.744,9.212,8.466,8.898,13.73,12.56,-1.57,2.06,-0.0,-0.002,-0.002,0.05,0.01,-80.3058577,26.9222252,22.9
9.8,4.9,0.0,15.28,1.45,1.37,3.95,0.09,-2.6,0.52,-0.1,7.711,12.576,8.427,7.819,10.99,21.88,18.74,5.98,0.0,-0.001,-0.002,0.08,0.02,-80.3058573,26.9222321,22.95
9.4,4.7,0.0,15.31,0.16,1.79,3.45,-0.72,-1.03,0.54,-0.15,4.63,7.956,9.624,9.849,7.65,-0.98,13.83,7.36,0.001,-0.002,-0.003,0.04,0.01,-80.305857,26.922239,23.0
11.1,4.7,0.0,15.34,0.78,1.18,3.4,1.53,3.02,0.46,-0.03,11.507,3.983,7.956,10.752,2.55,3.04,8.14,18.84,0.001,-0.001,-0.002,0.15,0.04,-80.3058567,26.9222459,23.05
10.4,4.6,0.0,15.42,1.82,1.29,3.49,0.57,3.64,0.46,0.17,8.947,10.183,9.81,9.015,-1.18,11.87,17.17,11.77,0.001,-0.001,-0.002,0.14,0.04,-80.3058565,26.922253,23.1
9.5,4.5,0.0,15.45,0.66,0.84,3.9,-4.4,4.35,0.35,0.37,9.035,18.845,10.144,5.209,8.34,18.05,18.25,-9.52,-0.002,-0.004,-0.003,0.04,0.01,-80.3058562,26.9222599,23.15
9.5,4.4,0.0,15.5,1.53,0.55,3.54,-2.89,-1.78,0.2,0.35,14.715,13.891,6.838,3.247,8.83,30.12,18.93,12.95,-0.006,-0.006,0.0,0.06,0.02,-80.305856,26.9222669,23.2
8.5,4.3,0.0,15.55,-0.06,0.39,2.89,0.24,-10.29,0.33,-0.12,11.782,6.288,7.77,8.613,15.5,16.28,2.94,-1.86,-0.004,-0.005,-0.002,0.07,0.02,-80.3058558,26.9222739,23.25
10.0,4.2,0.0,15.56,0.21,1.12,3.42,3.06,-9.04,0.42,-0.56,6.553,7.819,11.066,13.479,-9.42,-1.67,14.52,10.59,-0.003,-0.004,-0.006,0.01,0.0,-80.3058556,26.9222809,23.3
12.1,4.2,0.0,15.57,0.11,2.08,3.44,2.05,0.14,0.47,-0.75,8.378,3.846,14.421,14.686,1.86,7.75,-5.49,20.9,-0.0,-0.001,-0.01,0.02,0.0,-80.3058554,26.922288,23.35
12.5,4.1,0.0,15.55,-0.19,1.43,5.02,-4.69,5.99,0.51,-0.51,10.173,12.635,5.915,8.809,13.15,22.27,5.2,4.91,0.001,-0.001,-0.01,-0.06,-0.02,-80.3058553,26.922295,23.4
13.7,4.0,0.0,15.58,0.15,3.71,5.74,0.23,5.11,0.49,-0.23,5.817,9.702,7.318,7.416,-7.16,6.38,-5.49,-9.12,-0.002,-0.003,-0.006,0.1,0.03,-80.3058552,26.922302,23.45
13.1,4.0,0.0,15.63,0.96,1.51,5.94,4.61,3.22,0.66,-0.04,7.004,11.35,6.229,4.817,-6.97,3.92,21.39,14.32,-0.001,-0.003,-0.001,0.06,0.02,-80.3058551,26.9223091,23.5
14.2,4.0,0.0,15.67,1.17,2.46,5.77,1.14,-0.59,0.71,-0.09,7.691,12.272,6.229,8.358,2.16,8.73,12.07,18.74,-0.0,-0.003,-0.001,0.15,0.04,-80.3058551,26.9223162,23.55
14.0,3.8,0.0,15.63,-0.39,1.24,5.92,-1.78,-0.08,0.64,-0.1,9.378,8.005,11.134,10.614,4.71,8.44,-31.29,8.63,-0.0,-0.003,-0.003,0.09,0.02,-80.3058551,26.9223232,23.6
14.0,3.9,0.0,15.67,0.5,1.53,6.09,-2.72,0.11,0.58,-0.08,10.222,11.615,9.781,10.085,3.92,10.4,1.18,6.18,-0.0,-0.003,-0.002,0.09,0.03,-80.3058551,26.9223303,23.65
14.3,3.8,0.0,15.69,0.91,3.38,6.04,-0.4,-1.37,0.57,-0.13,7.838,11.988,9.339,6.288,-3.53,5.69,18.25,10.01,-0.001,-0.003,-0.002,0.18,0.05,-80.3058552,26.9223374,23.7
14.0,3.7,0.0,15.69,0.34,1.21,5.84,0.15,0.42,0.57,-0.17,5.258,6.828,10.801,9.084,-1.08,5.79,14.32,11.58,-0.0,-0.003,-0.003,0.13,0.04,-80.3058553,26.9223445,23.75
15.3,3.8,0.0,15.71,0.56,2.23,6.0,0.99,0.23,0.61,-0.18,10.673,9.241,8.486,10.663,-1.18,0.88,-9.81,10.59,-0.0,-0.003,-0.003,0.12,0.03,-80.3058555,26.9223516,23.8
15.0,3.7,0.0,15.7,-0.03,2.47,5.89,-1.97,1.47,0.5,-0.1,5.288,11.811,11.399,10.281,-5.2,13.54,0.88,6.28,-0.001,-0.003,-0.003,0.16,0.04,-80.3058557,26.9223587,23.85
14.4,3.6,0.0,15.7,-0.19,1.02,6.67,1.37,2.13,0.54,-0.0,11.929,9.8,8.054,7.613,16.28,28.06,3.83,2.94,-0.001,-0.003,-0.002,0.14,0.04,-80.3058561,26.9223657,23.9
15.3,3.6,0.0,15.73,1.13,1.26,6.3,0.31,-1.49,0.59,-0.04,8.76,14.107,9.476,8.191,15.89,28.94,13.83,2.55,-0.001,-0.003,-0.003,0.1,0.03,-80.3058564,26.9223728,23.95
13.4,3.6,0.0,15.75,0.11,1.79,5.75,-0.53,-1.17,0.58,-0.11,8.917,5.915,8.603,9.006,6.97,9.22,-11.38,19.33,-0.002,-0.004,-0.002,0.14,0.04,-80.3058567,26.9223799,24.0
14.9,3.5,0.0,15.74,-0.0,2.05,5.85,2.31,-1.6,0.67,-0.23,12.047,4.052,5.16,10.448,6.38,-1.86,14.32,28.45,-0.001,-0.004,-0.003,0.06,0.02,-80.3058571,26.922387,24.05
13.6,3.5,0.0,15.73,0.23,2.65,6.57,-2.03,1.19,0.59,-0.23,6.533,9.918,5.337,9.398,0.0,0.88,4.32,22.76,-0.0,-0.003,-0.004,0.13,0.04,-80.3058575,26.9223941,24.1
13.9,3.5,0.0,15.73,-0.2,1.35,6.2,1.35,1.93,0.67,-0.18,11.036,8.809,9.771,10.654,13.44,9.42,4.61,5.59,0.0,-0.003,-0.004,0.1,0.03,-80.305858,26.9224012,24.15
14.1,3.5,0.0,15.7,-1.0,1.37,6.18,0.45,1.47,0.67,-0.05,12.037,12.312,8.682,9.123,14.03,20.5,3.43,10.59,-0.001,-0.003,-0.003,0.11,0.03,-80.3058585,26.9224083,24.2
13.4,3.4,0.0,15.71,0.03,2.7,5.73,-0.52,0.53,0.64,0.02,8.652,8.221,7.593,8.721,15.89,5.2,13.34,10.69,-0.0,-0.003,-0.002,0.21,0.06,-80.3058591,26.9224154,24.25
15.0,3.4,0.0,15.76,0.92,0.47,5.02,-0.68,-2.48,0.61,-0.07,8.8,8.564,6.18,9.839,17.76,22.46,13.24,17.95,-0.001,-0.004,-0.002,0.1,0.03,-80.3058597,26.9224225,24.3
13.9,3.4,0.0,15.72,-0.53,2.84,6.17,-3.59,-0.36,0.46,-0.14,8.172,8.172,8.701,10.556,20.5,5.49,3.43,17.66,0.0,-0.003,-0.003,0.19,0.05,-80.3058603,26.9224296,24.35
14.6,3.3,0.0,15.67,-1.24,0.75,6.32,0.24,1.77,0.49,-0.06,8.574,11.193,7.76,8.711,11.48,15.7,8.53,11.87,-0.001,-0.003,-0.002,0.1,0.03,-80.305861,26.9224367,24.4
14.9,3.3,0.0,15.67,0.07,1.22,6.03,1.32,0.83,0.6,-0.05,9.045,11.36,9.682,5.964,13.15,23.45,26.0,17.17,-0.002,-0.004,-0.004,0.15,0.04,-80.3058617,26.9224437,24.45
13.9,3.3,0.0,15.65,-0.21,3.28,6.0,-1.47,-1.96,0.6,-0.11,9.094,13.92,6.838,8.054,19.52,22.46,16.48,18.15,-0.002,-0.004,-0.003,0.18,0.05,-80.3058625,26.9224508,24.5
14.9,3.3,0.0,15.67,0.57,2.65,5.48,1.6,-4.69,0.55,-0.28,10.614,5.209,7.838,9.251,16.97,11.28,-3.34,28.65,-0.001,-0.004,-0.003,0.26,0.07,-80.3058633,26.9224578,24.55
15.1,3.3,0.0,15.67,-0.36,1.2,5.9,2.22,-3.5,0.55,-0.4,10.242,6.583,5.082,12.635,10.79,1.37,2.45,36.3,-0.001,-0.003,-0.003,0.08,0.02,-80.3058642,26.9224649,24.6
15.2,3.2,0.0,15.62,-0.77,2.46,6.16,-0.58,2.14,0.56,-0.32,7.142,9.408,9.594,9.516,10.59,10.5,20.4,12.26,-0.0,-0.003,-0.005,0.15,0.04,-80.3058651,26.9224719,24.65
14.8,3.2,0.0,15.57,-0.33,1.05,5.93,0.65,4.32,0.61,-0.12,9.702,12.469,9.506,8.957,16.19,22.96,17.46,7.16,-0.001,-0.003,-0.003,0.11,0.03,-80.305866,26.9224789,24.7
14.4,3.2,0.0,15.57,0.64,2.01,6.29,-1.61,0.35,0.55,-0.06,10.654,12.439,7.936,8.711,23.05,20.99,15.79,12.56,-0.001,-0.004,-0.002,0.14,0.04,-80.305867,26.9224859,24.75
14.8,3.2,0.0,15.59,0.46,2.11,5.78,-1.71,-2.02,0.48,-0.12,6.053,9.241,8.289,7.348,8.24,12.56,14.62,11.48,-0.002,-0.004,-0.001,0.17,0.04,-80.3058679,26.9224929,24.8
14.3,3.2,0.0,15.56,-0.76,1.31,6.45,2.5,-1.31,0.56,-0.26,9.447,7.259,9.261,9.123,4.91,7.95,15.3,13.73,-0.001,-0.003,-0.002,0.12,0.03,-80.305869,26.9224999,24.85
14.9,3.2,0.0,15.53,-0.86,1.22,6.0,-2.1,1.15,0.52,-0.27,9.839,8.898,8.201,9.192,9.03,6.38,13.24,7.95,-0.001,-0.003,-0.004,0.09,0.02,-80.3058701,26.9225068,24.9
15.0,3.1,0.0,15.49,-0.62,2.76,5.31,1.75,1.34,0.55,-0.2,9.172,9.781,7.828,9.957,18.15,13.93,6.87,18.93,-0.001,-0.003,-0.003,0.19,0.05,-80.3058712,26.9225137,24.95
15.4,3.2,0.0,15.48,-0.37,-0.09,6.09,-1.52,0.96,0.56,-0.09,9.359,7.593,7.063,9.192,13.73,12.75,20.5,16.48,-0.001,-0.004,-0.002,0.03,0.01,-80.3058723,26.9225206,25.0
15.2,3.2,0.0,15.45,-1.24,0.97,6.22,-0.55,1.74,0.53,-0.07,9.172,11.242,8.368,7.485,6.57,19.91,13.64,8.24,-0.001,-0.003,-0.002,0.08,0.02,-80.3058735,26.9225275,25.05
14.2,3.1,0.0,15.44,-0.27,3.3,6.24,2.68,0.03,0.58,-0.07,6.475,11.232,9.486,8.829,-0.1,12.75,14.13,10.69,-0.002,-0.004,-0.002,0.25,0.07,-80.3058748,26.9225344,25.1
15.2,3.1,0.0,15.43,-0.38,1.42,6.29,-0.64,1.05,0.58,-0.08,10.281,7.151,7.976,10.291,5.89,10.59,-6.97,7.36,-0.001,-0.004,-0.003,0.11,0.03,-80.305876,26.9225413,25.15
15.5,3.2,0.0,15.41,-0.21,1.92,6.57,-0.97,-1.9,0.57,-0.12,13.155,10.163,7.093,10.222,18.15,10.89,10.99,26.09,-0.001,-0.004,-0.001,0.11,0.03,-80.3058773,26.9225482,25.2
16.4,3.1,0.0,15.36,-0.42,2.17,5.82,2.54,-2.62,0.63,-0.21,10.153,9.221,8.937,11.733,18.15,16.87,1.96,7.26,-0.001,-0.003,-0.003,0.23,0.06,-80.3058787,26.922555,25.25
16.6,3.0,0.0,15.35,-0.6,1.88,6.86,0.05,0.27,0.6,-0.19,7.73,8.495,8.78,8.898,2.65,14.13,7.46,6.77,-0.002,-0.004,-0.003,0.13,0.03,-80.3058802,26.9225619,25.3
16.8,3.1,0.0,15.34,-0.55,1.89,7.05,-1.07,0.1,0.61,-0.26,9.702,12.017,9.565,7.279,13.83,13.54,13.24,11.28,-0.001,-0.003,-0.003,0.18,0.05,-80.3058816,26.9225687,25.35
18.9,3.1,0.0,15.33,0.26,3.0,7.0,0.66,-1.12,0.69,-0.33,8.937,9.604,9.035,10.467,19.13,4.91,9.91,15.21,-0.0,-0.003,-0.004,0.24,0.06,-80.3058831,26.9225755,25.4
20.6,3.0,0.0,15.28,-1.01,3.17,7.77,1.53,0.25,0.65,-0.29,9.055,3.649,9.987,11.576,18.34,7.26,2.26,19.42,-0.0,-0.003,-0.003,0.26,0.07,-80.3058846,26.9225823,25.45
20.6,3.1,0.0,15.22,-0.91,0.55,7.5,2.62,2.53,0.81,-0.13,10.703,8.996,5.17,9.104,11.87,11.48,16.19,20.8,-0.001,-0.004,-0.002,0.16,0.04,-80.3058862,26.9225891,25.5
20.9,3.1,0.0,15.21,-0.99,2.12,9.0,-2.13,1.32,0.8,-0.1,10.595,10.085,8.731,6.916,7.46,8.83,10.3,-1.28,-0.001,-0.004,-0.003,0.23,0.06,-80.3058878,26.9225958,25.55
19.7,3.0,0.0,15.19,-0.89,3.12,8.41,2.81,-0.62,0.83,-0.14,10.565,9.79,5.464,8.329,10.79,-21.88,7.46,8.14,-0.002,-0.006,-0.002,0.23,0.06,-80.3058895,26.9226025,25.6
21.6,3.0,0.0,15.16,-1.39,1.93,7.6,3.01,-2.64,0.81,-0.28,8.132,6.995,10.977,11.595,7.36,3.43,2.94,7.46,-0.001,-0.003,-0.003,0.23,0.06,-80.3058912,26.9226092,25.65
22.7,3.2,0.0,15.12,-0.81,2.0,7.58,-2.58,0.49,0.86,-0.26,8.701,8.319,10.124,11.223,12.56,6.18,14.72,7.06,0.001,-0.003,-0.004,0.19,0.05,-80.305893,26.9226159,25.7
21.3,3.1,0.0,15.09,-0.7,2.95,9.24,-0.65,3.02,0.78,-0.13,7.23,10.82,11.046,9.996,3.53,10.59,20.9,-5.79,0.001,-0.003,-0.004,0.33,0.09,-80.3058948,26.9226225,25.75
21.7,3.1,0.0,15.09,0.05,3.97,9.31,1.35,5.26,0.75,0.1,7.73,10.212,8.996,7.573,-0.98,12.36,2.65,25.6,0.001,-0.003,-0.001,0.42,0.11,-80.3058967,26.9226291,25.8
21.7,3.1,0.0,15.05,-0.38,2.82,10.13,-0.45,5.39,0.81,0.35,7.789,9.516,7.789,8.437,15.6,8.34,9.52,8.44,0.0,-0.003,-0.001,0.27,0.07,-80.3058988,26.9226357,25.85
21.3,3.2,0.0,15.03,-0.61,1.95,8.33,2.35,1.87,0.83,0.49,14.411,11.291,5.101,6.867,25.31,11.77,14.13,9.52,-0.003,-0.005,-0.001,0.26,0.07,-80.3059008,26.9226423,25.9
21.0,3.3,0.0,15.0,-0.68,0.68,7.33,3.74,-5.07,1.03,0.34,13.901,10.438,5.857,11.232,31.69,2.84,10.1,13.83,-0.003,-0.006,-0.002,0.19,0.05,-80.3059028,26.9226488,25.95
17.6,3.3,0.0,14.96,-0.67,2.15,7.37,1.31,-5.99,0.97,0.09,6.661,10.389,9.457,8.947,7.85,23.35,18.34,3.92,-0.002,-0.003,-0.003,0.24,0.06,-80.3059049,26.9226553,26.0
16.4,3.3,0.0,14.96,-0.2,2.86,7.78,0.86,-2.04,0.98,-0.08,4.13,9.388,12.331,8.574,5.3,7.85,39.83,22.56,-0.002,-0.003,-0.003,0.32,0.08,-80.3059071,26.9226618,26.05
18.3,3.5,0.0,14.92,-0.29,-0.31,7.04,5.76,1.47,1.28,-0.12,8.025,5.817,6.22,10.869,5.59,-6.47,11.77,13.24,-0.0,-0.004,-0.008,-0.1,-0.03,-80.3059092,26.9226683,26.1
16.6,3.5,0.0,14.92,0.39,2.9,6.95,-4.53,2.96,1.03,0.01,15.794,7.966,3.561,8.476,32.27,5.79,-0.29,15.4,-0.0,-0.004,-0.004,0.12,0.03,-80.3059114,26.9226748,26.15
16.3,3.5,0.0,14.91,-0.79,0.98,6.93,-0.9,-1.35,0.98,0.08,14.234,13.469,7.22,9.712,16.78,13.05,12.07,8.14,-0.003,-0.007,-0.002,0.06,0.01,-80.3059137,26.9226812,26.2
16.2,3.5,0.0,14.91,-0.45,2.94,7.19,1.81,-4.41,0.97,-0.13,7.495,15.078,7.603,9.81,7.75,21.09,12.07,4.41,-0.003,-0.007,-0.002,0.27,0.07,-80.305916,26.9226876,26.25
16.8,3.5,0.0,14.9,0.08,2.81,7.38,-1.69,-7.22,0.95,-0.47,4.807,9.212,10.752,8.839,3.43,10.1,19.23,10.4,-0.002,-0.005,-0.002,0.2,0.05,-80.3059183,26.922694,26.3
18.5,3.6,0.0,14.88,-0.33,1.69,6.61,0.69,-3.73,0.91,-0.75,8.427,4.12,13.096,12.93,9.03,4.51,3.73,10.2,0.0,-0.003,-0.006,0.23,0.06,-80.3059207,26.9227003,26.35
18.3,3.7,0.0,14.89,0.63,0.94,6.42,-2.7,2.17,0.86,-0.7,8.996,9.163,9.584,12.086,6.97,10.1,13.64,14.81,0.001,-0.002,-0.007,0.22,0.06,-80.3059231,26.9227067,26.4
18.2,3.7,0.0,14.85,-0.71,2.81,6.69,-3.98,5.52,0.72,-0.46,10.242,9.133,10.114,8.103,8.44,13.54,4.32,-1.28,0.001,-0.002,-0.006,0.31,0.08,-80.3059256,26.922713,26.45
18.1,3.7,0.0,14.86,0.31,2.78,7.66,0.59,4.72,0.77,-0.2,8.152,10.84,8.77,8.721,11.67,8.04,7.46,5.59,0.0,-0.002,-0.001,0.33,0.09,-80.3059282,26.9227194,26.5
18.6,3.7,0.0,14.85,0.15,1.37,7.82,-1.33,3.07,0.77,-0.03,7.554,7.936,8.211,9.025,11.77,7.95,14.22,8.53,0.001,-0.002,-0.001,0.15,0.04,-80.3059307,26.9227257,26.55
18.7,3.9,0.0,14.86,-0.03,1.73,7.61,0.09,2.99,0.74,0.11,8.603,8.662,6.465,5.602,14.03,9.81,8.04,7.16,0.001,-0.002,-0.0,0.24,0.06,-80.3059333,26.922732,26.6
18.1,3.9,0.0,14.86,0.06,2.05,7.22,1.87,1.38,0.79,0.2,14.225,7.367,7.838,8.025,4.71,13.24,4.22,5.0,-0.001,-0.003,-0.001,0.26,0.07,-80.305936,26.9227383,26.65
18.1,3.8,0.0,14.89,0.47,2.4,6.99,0.14,0.39,0.86,0.22,6.985,12.174,9.633,9.29,7.55,12.26,10.2,6.97,-0.001,-0.004,-0.002,0.31,0.08,-80.3059387,26.9227445,26.7
17.2,3.8,0.0,14.89,0.56,2.22,6.8,0.46,-1.96,0.88,0.17,7.701,14.754,5.268,6.367,14.72,9.32,12.85,10.2,-0.001,-0.005,-0.001,0.21,0.06,-80.3059414,26.9227508,26.75
18.3,3.8,0.0,14.91,0.2,1.46,6.82,-2.19,-4.73,0.71,-0.06,10.065,6.494,11.958,10.938,21.29,8.73,9.42,15.7,-0.001,-0.004,-0.002,0.19,0.05,-80.3059442,26.922757,26.8
18.0,4.0,0.0,14.91,0.17,1.15,7.58,2.65,-2.95,0.79,-0.2,10.732,7.279,8.28,11.242,7.36,8.63,5.79,-3.83,-0.002,-0.004,-0.004,0.18,0.05,-80.305947,26.9227633,26.85
17.7,4.0,0.0,14.92,-0.3,1.75,7.34,0.66,-1.72,0.89,-0.31,9.084,11.36,9.545,10.399,5.0,17.36,19.82,24.23,-0.001,-0.004,-0.004,0.21,0.05,-80.3059499,26.9227695,26.9
16.6,3.9,0.0,14.91,-0.08,3.14,7.02,-3.37,-0.98,0.82,-0.4,7.269,9.888,9.859,9.143,2.94,12.07,16.58,13.83,-0.001,-0.003,-0.006,0.23,0.06,-80.3059528,26.9227758,26.95
17.4,3.9,0.0,14.95,0.87,2.64,6.17,2.74,1.61,0.91,-0.35,5.808,6.2,6.71,8.525,5.79,4.81,3.73,4.81,0.0,-0.002,-0.005,0.3,0.08,-80.3059558,26.922782,27.0
17.2,4.0,0.0,14.95,-0.21,1.11,6.17,3.15,1.75,0.99,-0.27,7.966,6.612,6.759,9.732,9.61,9.52,10.99,24.72,0.001,-0.002,-0.004,0.07,0.02,-80.3059588,26.9227882,27.05
16.4,4.0,0.0,14.93,-0.19,2.55,6.66,-4.91,4.08,0.83,-0.06,13.606,8.015,9.261,6.465,0.88,15.01,7.65,-4.61,-0.001,-0.003,-0.005,0.16,0.04,-80.3059618,26.9227943,27.1
15.4,4.0,0.0,14.99,1.48,2.29,6.82,-3.54,0.23,0.7,0.03,11.066,15.529,10.693,9.418,10.69,14.42,16.87,18.15,-0.001,-0.004,-0.0,0.24,0.06,-80.305965,26.9228005,27.15
15.7,3.8,0.0,15.0,0.2,2.24,6.49,1.56,-4.09,0.72,-0.11,8.986,10.369,8.711,7.868,16.68,11.58,16.09,14.62,-0.001,-0.004,0.0,0.14,0.04,-80.3059681,26.9228067,27.2
16.0,3.9,0.0,15.0,-0.04,1.07,5.91,1.63,-2.33,0.74,-0.27,7.299,7.75,9.202,10.732,10.59,7.75,9.81,15.99,-0.0,-0.003,-0.002,0.1,0.03,-80.3059713,26.9228128,27.25
15.9,4.0,0.0,15.02,-0.08,1.03,5.85,-0.86,-0.12,0.78,-0.35,8.937,8.937,8.976,9.967,5.1,14.81,10.69,13.83,0.0,-0.003,-0.004,0.11,0.03,-80.3059745,26.922819,27.3
15.0,3.9,0.0,15.02,-0.0,2.45,6.39,-3.74,1.97,0.61,-0.3,10.968,9.418,11.242,7.063,3.63,16.58,13.73,0.78,-0.001,-0.002,-0.004,0.21,0.05,-80.3059778,26.9228251,27.35
15.5,3.9,0.0,15.04,0.64,2.45,6.29,4.41,2.54,0.75,-0.18,6.838,14.068,9.987,9.143,11.38,18.15,14.03,7.26,-0.001,-0.003,-0.003,0.25,0.07,-80.3059811,26.9228312,27.4
15.4,3.8,0.0,15.06,0.38,1.84,6.67,1.44,0.27,0.87,-0.15,7.357,11.605,7.132,7.044,11.87,11.97,6.57,17.17,-0.001,-0.004,-0.003,0.16,0.04,-80.3059844,26.9228373,27.45
15.5,4.0,0.0,15.05,-0.21,0.67,6.44,-0.48,-1.16,0.85,-0.22,11.782,3.09,8.015,9.516,11.97,6.28,4.71,4.71,-0.0,-0.003,-0.004,0.02,0.0,-80.3059878,26.9228434,27.5
14.9,4.0,0.0,15.08,1.11,1.71,6.2,1.71,0.89,0.92,-0.2,9.163,10.565,8.849,9.79,7.36,8.63,8.83,12.65,0.0,-0.003,-0.002,0.15,0.04,-80.3059912,26.9228495,27.55
14.3,3.9,0.0,15.08,-0.68,1.84,6.0,-1.3,1.27,0.92,-0.17,7.956,9.221,9.447,10.869,4.51,7.65,12.07,8.34,0.0,-0.003,-0.003,0.11,0.03,-80.3059946,26.9228556,27.6
13.4,3.8,0.0,15.07,0.13,2.19,6.09,2.28,4.47,0.92,-0.01,4.856,9.172,5.719,6.514,1.28,4.02,2.26,-1.37,-0.0,-0.003,-0.003,0.16,0.04,-80.3059981,26.9228617,27.65
12.7,3.9,0.0,15.13,1.76,0.86,5.55,-0.63,-0.05,0.87,0.05,12.881,9.221,8.545,9.182,20.11,2.75,5.98,15.99,-0.001,-0.004,-0.001,0.01,0.0,-80.3060016,26.9228677,27.7
10.7,3.9,0.0,15.14,-0.17,0.7,4.56,-4.06,-2.79,0.7,-0.05,13.675,9.055,9.457,11.331,9.12,4.81,8.04,-3.53,-0.002,-0.004,-0.002,0.27,0.07,-80.3060052,26.9228738,27.75
9.5,3.8,0.0,15.12,-0.14,1.65,4.68,0.17,-2.28,0.69,-0.16,9.996,12.253,8.289,9.359,12.07,10.79,6.18,6.38,-0.001,-0.003,-0.002,0.18,0.05,-80.3060088,26.9228798,27.8
8.8,3.7,0.0,15.16,1.58,0.73,4.3,-1.44,-0.99,0.69,-0.2,7.868,7.946,7.622,8.545,16.19,12.46,13.73,20.6,-0.0,-0.002,-0.002,0.05,0.01,-80.3060124,26.9228858,27.85
6.5,3.7,0.0,15.16,-0.71,0.89,3.66,0.93,0.85,0.74,-0.2,9.957,5.464,8.711,10.771,12.95,7.06,8.44,14.91,-0.001,-0.002,-0.004,0.03,0.01,-80.3060161,26.9228918,27.9
4.3,3.6,0.0,15.16,-0.17,0.67,3.0,1.96,1.45,0.83,-0.11,10.703,10.899,4.797,7.456,12.85,10.5,20.5,17.76,-0.002,-0.003,-0.003,-0.1,-0.03,-80.3060198,26.9228978,27.95
1.8,3.4,0.0,15.19,0.48,1.97,1.67,-1.65,-0.93,0.72,-0.14,4.866,10.575,9.143,7.21,1.37,13.34,10.79,3.83,-0.001,-0.002,-0.002,-0.01,-0.0,-80.3060235,26.9229039,28.0
1.3,2.8,0.0,15.2,-0.41,-0.52,1.37,-2.51,0.11,0.67,-0.19,6.739,6.887,10.369,10.094,13.83,6.87,10.1,14.52,-0.0,-0.002,-0.001,-0.02,-0.01,-80.3060271,26.9229099,28.05
1.1,2.5,0.0,15.15,-0.93,-0.26,2.09,-0.45,1.77,0.67,-0.13,11.939,9.771,7.583,10.457,14.13,3.34,12.07,15.4,-0.001,-0.003,-0.001,-0.14,-0.04,-80.3060308,26.9229159,28.1
-0.6,2.3,0.0,15.16,-0.11,0.45,1.13,-0.93,1.23,0.63,-0.04,12.155,11.046,5.651,8.093,15.7,7.65,9.32,10.2,-0.001,-0.003,-0.0,-0.13,-0.03,-80.3060345,26.9229219,28.15
-1.4,1.6,0.0,15.13,-0.93,0.66,-0.3,-1.16,-0.22,0.56,-0.03,9.437,14.077,9.516,9.81,5.4,13.15,9.42,5.89,-0.003,-0.004,-0.001,-0.08,-0.02,-80.3060382,26.9229279,28.2
-2.4,1.6,0.0,15.04,-2.03,0.83,-1.44,-1.75,-0.27,0.48,-0.08,8.231,14.018,11.017,8.172,-0.98,18.25,15.7,4.32,-0.004,-0.004,-0.001,-0.06,-0.01,-80.3060419,26.9229338,28.25
-4.0,1.6,0.0,15.03,-0.44,-0.94,-1.11,-2.1,-2.21,0.42,-0.2,9.388,8.986,11.183,8.103,10.5,7.36,20.9,9.81,-0.004,-0.003,-0.0,-0.14,-0.04,-80.3060456,26.9229398,28.3
-4.8,1.6,0.0,14.96,-1.3,-0.92,-1.34,3.79,-2.06,0.53,-0.34,11.605,6.112,7.711,10.997,11.58,4.51,9.32,17.17,-0.002,-0.002,-0.0,-0.18,-0.05,-80.3060492,26.9229457,28.35
-6.3,1.6,0.0,14.91,-1.02,-0.47,-2.21,0.01,1.92,0.55,-0.26,8.986,10.585,8.701,11.694,-0.69,9.91,14.42,17.66,-0.002,-0.001,-0.001,-0.3,-0.08,-80.3060527,26.9229516,28.4
-8.1,1.5,0.0,14.87,-0.86,0.78,-2.85,-0.83,4.98,0.51,-0.03,5.111,10.605,9.908,7.348,-2.16,12.85,7.06,1.08,-0.002,-0.001,-0.001,-0.24,-0.06,-80.3060563,26.9229575,28.45
-9.9,1.5,0.0,14.83,-0.59,-0.42,-3.1,0.58,5.19,0.44,0.27,8.868,13.322,9.692,6.465,-2.65,22.96,13.44,21.58,-0.003,-0.002,0.003,-0.27,-0.07,-80.3060599,26.9229635,28.5
-10.5,1.6,0.0,14.78,-0.19,-0.07,-3.53,-2.01,3.08,0.36,0.44,9.123,11.684,10.016,7.279,31.59,25.31,7.65,13.34,-0.002,-0.002,0.004,-0.35,-0.09,-80.3060635,26.9229694,28.55
-10.5,1.6,0.0,14.74,-1.34,-2.14,-4.32,-1.11,0.69,0.32,0.56,14.028,9.516,7.191,8.123,17.07,8.14,6.87,1.96,-0.005,-0.004,0.004,-0.5,-0.13,-80.3060669,26.9229753,28.6
-11.2,1.6,0.0,14.71,-0.9,-0.98,-5.68,1.46,-2.93,0.31,0.41,13.489,11.586,7.142,4.944,6.77,10.5,32.08,25.11,-0.006,-0.004,0.004,-0.34,-0.09,-80.3060704,26.9229812,28.65
-12.4,1.5,0.0,14.66,-1.16,-2.36,-5.02,-1.87,-4.68,0.29,0.14,7.21,15.039,8.849,4.434,4.61,18.44,26.39,10.79,-0.006,-0.003,0.0,-0.38,-0.1,-80.3060738,26.922987,28.7
-12.7,1.5,0.0,14.6,-1.48,-1.61,-4.58,-0.63,-3.69,0.33,-0.15,6.151,10.722,15.274,12.949,8.83,8.53,3.92,-1.57,-0.005,-0.003,-0.002,-0.46,-0.12,-80.3060772,26.9229929,28.75
-11.9,1.5,0.0,14.56,-0.49,-1.39,-4.93,2.19,-1.11,0.45,-0.24,8.535,9.427,10.075,11.34,13.05,7.16,10.1,24.92,-0.004,-0.003,-0.001,-0.52,-0.13,-80.3060805,26.9229987,28.8
-11.6,1.5,0.0,14.5,-1.03,-0.84,-4.66,2.14,-0.22,0.5,-0.23,9.32,9.398,9.712,9.967,9.61,10.1,4.12,12.07,-0.004,-0.003,-0.002,-0.55,-0.14,-80.3060837,26.9230046,28.85
-12.2,1.6,0.0,14.46,-0.97,-1.54,-4.88,-0.45,1.95,0.52,-0.15,9.045,10.202,11.841,9.192,8.73,14.81,21.58,9.52,-0.004,-0.002,-0.001,-0.53,-0.13,-80.3060869,26.9230105,28.9
-12.3,1.6,0.0,14.42,-0.49,-0.28,-5.02,-0.91,-0.02,0.55,-0.16,11.968,8.24,6.504,7.21,13.34,9.22,18.25,10.69,-0.004,-0.003,0.0,-0.47,-0.12,-80.3060902,26.9230163,28.95
-12.1,1.6,0.0,14.38,-1.09,-1.25,-5.04,0.45,-0.38,0.56,-0.19,11.801,7.446,6.121,9.29,14.42,4.12,8.04,5.4,-0.003,-0.003,0.0,-0.43,-0.11,-80.3060933,26.9230221,29.0
-11.8,1.6,0.0,14.32,-1.06,-1.35,-5.03,-0.02,-0.5,0.51,-0.19,10.34,7.338,8.535,9.123,9.42,8.14,10.69,7.75,-0.003,-0.002,0.001,-0.49,-0.12,-80.3060965,26.923028,29.05
-12.0,1.5,0.0,14.28,-0.89,-1.45,-4.81,0.2,1.37,0.5,-0.16,10.654,10.86,9.712,10.84,4.81,12.36,12.65,7.75,-0.003,-0.002,0.001,-0.42,-0.1,-80.3060996,26.9230338,29.1
-12.3,1.5,0.0,14.21,-1.48,-1.06,-4.6,-1.59,1.65,0.47,-0.09,11.733,12.341,7.828,8.78,12.95,7.26,11.77,12.16,-0.003,-0.003,0.001,-0.43,-0.11,-80.3061026,26.9230396,29.15
-12.5,1.4,0.0,14.19,-0.42,-1.01,-5.05,-3.39,-0.37,0.31,-0.06,12.213,10.34,9.182,8.348,17.46,13.73,10.4,9.12,-0.003,-0.003,0.002,-0.43,-0.11,-80.3061056,26.9230454,29.2
-13.0,1.4,0.0,14.16,-1.46,-1.48,-5.42,-1.25,-1.44,0.18,-0.11,9.221,10.134,9.418,7.662,6.67,13.73,9.81,10.79,-0.004,-0.003,0.002,-0.44,-0.11,-80.3061086,26.9230512,29.25
-13.3,1.4,0.0,14.08,-1.76,-2.06,-5.01,-2.07,0.31,0.14,-0.17,7.858,10.85,8.495,7.897,8.44,13.44,13.24,8.24,-0.003,-0.003,0.002,-0.4,-0.1,-80.3061115,26.923057,29.3
-13.7,1.4,0.0,14.03,-0.98,-1.44,-5.09,-5.54,1.52,-0.03,-0.15,7.299,8.388,10.055,7.132,8.44,7.26,11.38,5.0,-0.003,-0.002,0.002,-0.43,-0.1,-80.3061144,26.9230628,29.35
-14.2,1.4,0.0,14.01,-0.58,-0.23,-5.67,0.85,2.52,-0.1,-0.03,8.093,9.055,9.202,8.358,10.2,10.1,9.81,3.83,-0.002,-0.001,0.002,-0.33,-0.08,-80.3061173,26.9230686,29.4
-14.6,1.4,0.0,13.95,-1.3,-2.1,-5.74,-1.64,3.52,-0.16,0.14,10.32,12.007,7.564,5.768,6.77,8.53,5.89,5.49,-0.004,-0.002,0.003,-0.5,-0.12,-80.3061201,26.9230743,29.45
-15.0,1.5,0.0,13.89,-1.22,-1.4,-5.35,-2.73,0.7,-0.23,0.2,11.262,12.341,8.28,7.102,15.4,6.67,10.1,4.91,-0.004,-0.002,0.002,-0.51,-0.12,-80.3061229,26.9230801,29.5
-15.4,1.5,0.0,13.87,-0.35,-1.82,-5.8,-2.09,-1.08,-0.28,0.19,12.056,9.408,6.553,7.112,17.85,2.65,13.34,11.58,-0.004,-0.003,0.003,-0.54,-0.13,-80.3061256,26.9230858,29.55
-16.5,1.5,0.0,13.83,-1.35,-2.48,-6.67,1.5,-1.87,-0.27,0.11,10.251,10.281,8.692,8.25,10.3,6.08,13.15,13.34,-0.004,-0.002,0.003,-0.44,-0.11,-80.3061283,26.9230916,29.6
-16.9,1.5,0.0,13.75,-1.91,-2.14,-6.48,0.3,0.29,-0.24,0.07,10.86,9.81,8.849,8.299,7.55,8.63,16.19,7.36,-0.004,-0.002,0.001,-0.56,-0.14,-80.3061309,26.9230973,29.65
-17.5,1.5,0.0,13.73,-0.64,-2.04,-6.87,-0.35,1.75,-0.23,0.09,10.261,10.722,9.055,9.888,12.75,6.87,12.07,13.05,-0.004,-0.002,0.002,-0.59,-0.14,-80.3061335,26.9231031,29.7
-18.6,1.5,0.0,13.67,-1.35,-2.03,-7.28,-0.19,1.0,-0.25,0.14,12.047,10.359,7.809,8.584,13.44,7.16,13.05,13.93,-0.004,-0.001,0.002,-0.54,-0.13,-80.3061361,26.9231088,29.75
-19.8,1.5,0.0,13.62,-1.36,-2.33,-7.32,1.55,1.28,-0.17,0.18,9.8,11.674,9.898,9.506,4.41,12.16,14.03,4.91,-0.004,-0.001,0.002,-0.62,-0.15,-80.3061386,26.9231145,29.8
-21.0,1.5,0.0,13.58,-1.22,-1.09,-7.28,-0.94,2.37,-0.18,0.25,11.919,8.878,8.388,7.23,5.3,11.09,12.95,5.98,-0.004,-0.001,0.002,-0.6,-0.14,-80.306141,26.9231202,29.85
-22.5,1.5,0.0,13.53,-1.7,-2.57,-7.82,0.24,1.98,-0.16,0.34,11.635,5.808,7.642,9.192,15.11,9.32,11.09,13.05,-0.004,-0.001,0.002,-0.69,-0.16,-80.3061434,26.9231259,29.9
-23.6,1.5,0.0,13.5,-0.7,-2.59,-8.32,3.85,0.75,-0.01,0.43,10.546,9.977,8.064,9.888,11.58,11.97,13.73,15.21,-0.004,-0.001,0.003,-0.72,-0.17,-80.3061457,26.9231317,29.95
-25.9,1.5,0.0,13.45,-1.56,-1.88,-8.99,0.79,-0.66,0.02,0.43,8.446,9.388,11.733,10.212,2.06,4.81,15.7,11.09,-0.005,-0.002,0.002,-0.82,-0.19,-80.306148,26.9231374,30.0
-27.9,1.5,0.0,13.41,-0.59,-2.23,-10.36,1.73,0.97,0.05,0.43,7.063,8.643,8.574,7.652,9.03,9.81,11.87,10.59,-0.005,-0.001,0.002,-0.78,-0.18,-80.3061502,26.9231431,30.05
-30.7,1.6,0.0,13.36,-1.26,-3.38,-10.5,2.78,0.28,0.15,0.45,6.965,10.85,8.976,8.476,14.32,11.09,16.58,21.97,-0.003,0.0,0.003,-0.9,-0.21,-80.3061523,26.9231488,30.1
-32.2,1.5,0.0,13.31,-0.67,-1.75,-11.45,0.26,1.62,0.17,0.53,9.378,11.772,10.811,11.792,11.28,9.71,11.48,15.21,-0.004,-0.001,0.002,-0.86,-0.2,-80.3061544,26.9231545,30.15
-33.0,1.5,0.0,13.28,0.06,-2.64,-12.13,-1.47,2.34,0.05,0.68,14.185,7.622,8.476,7.142,13.54,11.48,15.79,11.77,-0.005,-0.001,0.003,-0.94,-0.22,-80.3061564,26.9231602,30.2
-35.0,1.6,0.0,13.23,-1.34,-3.89,-12.9,3.25,0.13,0.12,0.75,12.704,9.192,8.898,7.72,13.24,12.46,11.18,16.38,-0.005,-0.001,0.005,-0.92,-0.21,-80.3061583,26.9231659,30.25
-35.6,1.6,0.0,13.18,-0.98,-2.66,-13.93,0.28,-1.73,0.2,0.7,10.801,8.123,7.348,8.201,7.36,10.01,5.3,12.56,-0.005,-0.001,0.005,-1.05,-0.24,-80.3061601,26.9231716,30.3
-36.1,1.6,0.0,13.14,-0.89,-2.89,-13.72,1.08,-1.07,0.2,0.63,8.839,10.163,11.615,10.968,7.06,10.89,10.01,4.71,-0.005,-0.001,0.003,-1.03,-0.24,-80.3061619,26.9231773,30.35
-36.6,1.5,0.0,13.09,-1.04,-2.77,-14.33,0.59,-0.61,0.2,0.58,8.466,11.88,8.741,7.132,13.93,11.18,12.16,8.24,-0.005,-0.001,0.004,-0.97,-0.22,-80.3061635,26.9231829,30.4
-36.9,1.6,0.0,13.03,-1.17,-4.42,-14.07,-0.09,-0.78,0.19,0.55,9.29,11.909,10.467,9.682,8.34,12.16,12.65,11.97,-0.005,-0.001,0.004,-1.16,-0.26,-80.3061651,26.9231887,30.45
-37.1,1.6,0.0,13.01,-0.72,-2.94,-13.62,-1.2,-0.5,0.21,0.52,12.007,11.291,7.063,6.681,7.06,12.56,14.52,7.75,-0.005,-0.001,0.004,-1.14,-0.26,-80.3061666,26.9231944,30.5
-37.3,1.6,0.0,12.96,-0.8,-2.03,-14.01,-0.34,-1.18,0.2,0.44,11.272,8.515,10.605,9.83,11.18,8.24,13.83,15.21,-0.005,-0.001,0.004,-1.09,-0.25,-80.306168,26.9232001,30.55
-37.6,1.7,0.0,12.9,-1.29,-3.75,-13.86,-1.75,-0.26,0.14,0.41,8.162,10.722,11.007,9.212,12.16,8.34,16.58,9.81,-0.004,-0.001,0.004,-1.2,-0.27,-80.3061693,26.9232057,30.6
-37.9,1.7,0.0,12.85,-1.03,-3.51,-13.77,-1.49,0.72,0.04,0.43,8.554,11.37,7.132,6.779,7.06,9.03,13.05,13.44,-0.005,-0.002,0.004,-1.18,-0.26,-80.3061706,26.9232114,30.65
-38.2,1.7,0.0,12.81,-1.44,-3.3,-14.38,-1.9,-0.12,-0.03,0.36,11.252,8.191,9.839,9.898,11.58,11.09,11.18,14.03,-0.004,-0.001,0.004,-1.16,-0.26,-80.3061718,26.9232171,30.7
-37.8,1.7,0.0,12.75,-0.36,-1.85,-13.98,-1.62,-0.72,-0.1,0.35,12.449,10.703,8.358,9.506,10.59,12.07,13.15,14.03,-0.004,-0.002,0.005,-1.09,-0.24,-80.3061728,26.9232227,30.75
-37.8,1.8,0.0,12.73,-1.05,-2.72,-14.21,-1.58,-1.23,-0.23,0.3,8.397,10.251,10.585,8.388,6.18,10.5,13.44,11.77,-0.005,-0.002,0.004,-1.12,-0.25,-80.3061738,26.9232284,30.8
-38.0,1.8,0.0,12.68,-1.55,-4.07,-13.65,-3.33,0.1,-0.32,0.25,6.877,12.184,10.811,9.29,13.24,13.83,14.72,8.34,-0.004,-0.002,0.004,-1.1,-0.24,-80.3061748,26.923234,30.85
-37.7,1.8,0.0,12.62,-1.61,-3.65,-13.38,-3.03,-1.2,-0.45,0.21,12.92,8.594,8.564,7.789,14.42,10.3,15.99,10.01,-0.005,-0.002,0.005,-1.07,-0.24,-80.3061757,26.9232396,30.9
-37.2,1.8,0.0,12.58,-0.57,-1.58,-13.7,-2.01,-1.48,-0.6,0.11,12.802,7.995,9.682,9.388,10.89,5.49,7.85,13.05,-0.005,-0.002,0.005,-1.0,-0.22,-80.3061764,26.9232453,30.95
-36.9,1.8,0.0,12.54,-0.6,-2.97,-14.3,0.27,-1.76,-0.61,0.02,8.829,10.31,8.407,9.045,12.56,9.22,7.65,12.36,-0.005,-0.002,0.004,-1.02,-0.22,-80.3061771,26.9232509,31.0
-36.2,1.8,0.0,12.48,-1.18,-3.24,-14.21,-1.81,-0.58,-0.7,-0.04,10.84,8.564,8.339,10.134,10.4,6.67,5.1,13.05,-0.004,-0.001,0.004,-1.04,-0.23,-80.3061777,26.9232564,31.05
-36.2,1.7,0.0,12.43,-0.85,-2.76,-13.1,0.72,1.95,-0.78,0.03,10.605,9.594,11.674,8.162,4.41,14.22,8.04,10.79,-0.005,0.0,0.004,-0.94,-0.2,-80.3061783,26.923262,31.1
-37.1,1.7,0.0,12.4,-0.55,-2.52,-13.0,1.27,1.61,-0.69,0.12,7.691,12.223,10.624,7.622,17.27,16.58,13.44,9.03,-0.005,0.001,0.003,-0.98,-0.21,-80.3061787,26.9232675,31.15
-37.0,1.6,0.0,12.34,-1.6,-3.61,-13.19,2.18,2.45,-0.57,0.24,11.036,7.524,9.408,9.633,13.54,5.59,10.3,7.95,-0.005,0.0,0.003,-1.07,-0.23,-80.3061791,26.9232731,31.2
-37.1,1.6,0.0,12.28,-0.28,-2.45,-13.3,3.41,2.01,-0.44,0.38,10.055,10.801,7.603,7.436,6.28,11.38,14.32,10.2,-0.006,0.0,0.003,-1.16,-0.25,-80.3061794,26.9232786,31.25
-37.3,1.6,0.0,12.26,-0.78,-3.47,-13.68,2.57,0.44,-0.32,0.39,9.633,9.771,13.244,8.074,14.13,8.34,-2.16,13.34,-0.006,-0.0,0.003,-1.17,-0.25,-80.3061797,26.9232841,31.3
-37.1,1.6,0.0,12.21,-1.08,-2.94,-13.83,3.72,-1.25,-0.1,0.35,12.106,7.161,8.054,10.359,13.73,10.2,14.62,17.85,-0.005,-0.0,0.003,-1.26,-0.27,-80.3061798,26.9232896,31.35
-37.1,1.6,0.0,12.14,-1.17,-2.52,-13.19,-0.31,0.81,-0.08,0.37,8.515,11.694,10.752,7.926,11.67,10.99,14.03,7.65,-0.005,-0.0,0.003,-1.29,-0.27,-80.3061799,26.9232951,31.4
-36.9,1.6,0.0,12.11,-0.42,-3.75,-12.87,0.88,-0.41,-0.0,0.36,10.977,10.261,7.995,9.996,15.3,7.26,5.98,14.72,-0.004,-0.001,0.004,-1.25,-0.26,-80.3061799,26.9233005,31.45
-36.0,1.5,0.0,12.07,-0.97,-2.28,-12.86,0.04,-0.42,-0.0,0.35,11.125,8.564,9.27,9.722,12.56,11.48,10.5,15.5,-0.004,-0.001,0.004,-1.24,-0.26,-80.3061798,26.923306,31.5
-35.7,1.5,0.0,12.01,-1.51,-3.4,-12.25,-1.81,-0.36,-0.02,0.34,9.035,11.772,9.535,7.289,13.93,14.52,13.93,9.12,-0.004,-0.001,0.004,-1.29,-0.27,-80.3061797,26.9233114,31.55
-35.7,1.5,0.0,11.99,-0.66,-1.91,-12.59,-0.38,-2.89,-0.07,0.25,10.82,10.889,10.791,8.495,9.22,11.58,17.46,6.08,-0.004,-0.001,0.005,-1.14,-0.24,-80.3061795,26.9233167,31.6
-36.7,1.5,0.0,11.92,-1.59,-2.56,-12.4,1.96,-0.6,-0.0,0.17,5.356,11.488,10.124,9.202,6.47,11.77,13.24,7.95,-0.004,-0.001,0.003,-1.07,-0.22,-80.3061792,26.9233221,31.65
-37.0,1.5,0.0,11.87,-0.62,-1.78,-12.81,-3.19,0.96,-0.09,0.19,11.743,6.455,10.418,9.447,12.36,8.73,17.46,11.97,-0.003,0.0,0.003,-1.18,-0.25,-80.3061789,26.9233274,31.7
-37.1,1.5,0.0,11.81,-1.93,-2.91,-13.43,0.82,2.11,-0.15,0.3,8.574,8.554,9.329,8.996,9.71,6.87,12.16,11.97,-0.004,0.0,0.003,-1.16,-0.24,-80.3061786,26.9233327,31.75
-38.0,1.5,0.0,11.69,-3.12,-2.67,-13.86,2.67,2.04,-0.11,0.41,13.41,8.132,9.045,9.506,5.3,12.95,6.47,16.87,-0.005,-0.0,0.004,-1.17,-0.24,-80.3061781,26.923338,31.8
-38.1,1.5,0.0,11.5,-3.76,-2.51,-13.44,1.15,2.78,-0.01,0.55,8.505,12.017,7.819,9.025,10.69,12.85,9.81,8.83,-0.005,-0.002,0.003,-1.23,-0.25,-80.3061776,26.9233432,31.85
-38.8,1.5,3.6,11.31,-4.29,-2.06,-12.9,0.57,0.7,-0.04,0.63,12.292,11.007,6.739,6.347,8.53,11.87,8.63,8.73,-0.006,-0.002,0.003,-1.2,-0.24,-80.3061771,26.9233483,31.9
-39.6,1.5,4.8,11.09,-4.86,-3.02,-13.31,0.1,-1.3,-0.04,0.6,8.26,12.056,10.457,9.741,11.97,6.08,12.16,9.81,-0.006,-0.003,0.003,-1.27,-0.25,-80.3061764,26.9233533,31.95
-39.3,1.5,3.0,10.86,-3.82,-2.35,-13.34,3.65,-1.03,0.01,0.54,11.743,10.271,8.751,9.938,9.22,8.04,7.06,17.76,-0.006,-0.003,0.003,-1.25,-0.24,-80.3061757,26.9233582,32.0
-38.9,1.5,2.4,10.64,-4.29,-2.52,-12.41,0.87,0.27,0.05,0.56,12.37,11.223,8.662,8.378,9.91,9.42,11.77,7.55,-0.006,-0.003,0.002,-1.41,-0.26,-80.306175,26.923363,32.05
-39.2,1.5,0.0,10.44,-4.51,-1.77,-12.3,-0.37,0.59,-0.04,0.61,9.957,11.066,9.879,8.525,12.75,10.5,8.83,10.2,-0.006,-0.003,0.002,-1.39,-0.25,-80.3061742,26.9233676,32.1
-39.2,1.5,0.0,10.22,-5.01,-2.61,-12.75,-0.19,0.09,-0.01,0.63,10.889,11.036,9.094,7.554,10.01,8.63,13.24,9.52,-0.006,-0.004,0.002,-1.4,-0.25,-80.3061734,26.9233722,32.15
-38.8,1.5,0.0,10.01,-3.66,-1.66,-12.44,3.87,-2.08,0.07,0.58,11.105,11.036,8.368,9.682,10.59,8.53,7.55,16.68,-0.006,-0.004,0.002,-1.31,-0.23,-80.3061725,26.9233767,32.2
-37.4,1.5,0.0,9.82,-3.58,-1.84,-11.92,-0.63,-1.1,0.02,0.53,11.782,9.663,8.201,8.525,9.42,8.83,10.5,11.67,-0.006,-0.003,0.001,-1.42,-0.24,-80.3061716,26.923381,32.25
-37.1,1.5,0.0,9.61,-4.53,-2.1,-10.98,1.63,-0.56,0.04,0.49,10.879,9.526,8.231,9.163,12.65,9.52,10.5,11.77,-0.006,-0.003,0.001,-1.45,-0.24,-80.3061707,26.9233854,32.3
-36.2,1.5,0.0,9.43,-3.42,-1.54,-10.87,-1.27,0.08,-0.0,0.51,11.174,10.281,8.417,7.75,9.81,8.63,14.52,10.5,-0.006,-0.003,0.001,-1.39,-0.23,-80.3061698,26.9233895,32.35
-34.5,1.5,0.0,9.27,-3.48,-1.44,-10.51,0.2,-0.46,0.02,0.49,10.104,8.162,10.585,9.123,11.87,9.42,11.77,11.28,-0.006,-0.003,0.001,-1.33,-0.22,-80.3061688,26.9233936,32.4
-33.6,1.5,0.0,9.13,-3.37,-1.76,-9.15,0.93,0.51,0.12,0.5,10.251,10.575,9.359,9.575,7.75,10.2,11.18,8.53,-0.006,-0.003,0.001,-1.42,-0.23,-80.3061678,26.9233976,32.45
-33.6,1.5,0.0,8.98,-3.66,-0.82,-9.11,-1.11,0.97,0.13,0.54,10.438,10.281,8.643,8.495,10.5,9.81,12.16,9.52,-0.005,-0.003,0.001,-1.4,-0.22,-80.3061668,26.9234016,32.5
-33.6,1.5,0.0,8.85,-2.07,-1.63,-9.44,2.29,0.08,0.16,0.57,11.674,9.614,7.22,8.996,12.75,9.61,7.95,12.46,-0.005,-0.003,0.001,-1.42,-0.22,-80.3061657,26.9234055,32.55
-32.4,1.5,0.0,8.76,-1.72,-1.17,-9.51,0.01,-1.0,0.15,0.56,10.634,9.359,9.653,9.408,11.28,10.3,12.07,13.34,-0.005,-0.003,0.001,-1.26,-0.19,-80.3061646,26.9234093,32.6
-31.4,1.5,0.0,8.7,-0.94,-1.78,-8.68,-0.31,-0.72,0.16,0.55,9.506,10.889,8.898,8.054,9.91,11.28,12.75,14.91,-0.005,-0.003,0.001,-1.27,-0.19,-80.3061636,26.9234131,32.65
-30.7,1.5,0.0,8.66,-0.92,-1.05,-8.36,-0.06,-0.58,0.14,0.52,9.418,10.752,8.986,8.878,8.63,10.4,14.42,11.28,-0.004,-0.002,0.001,-1.31,-0.2,-80.3061624,26.9234169,32.7
-30.7,1.5,0.0,8.62,-0.67,-1.26,-8.09,2.18,-0.15,0.16,0.52,9.957,10.261,9.329,7.868,9.22,10.89,11.77,11.38,-0.004,-0.002,0.001,-1.24,-0.19,-80.3061613,26.9234206,32.75
-30.9,1.5,0.0,8.59,-0.75,-0.8,-8.04,1.48,0.18,0.21,0.51,10.605,9.535,9.035,9.761,9.71,9.22,9.81,11.77,-0.004,-0.002,0.001,-1.25,-0.19,-80.3061602,26.9234243,32.8
-31.2,1.5,0.0,8.53,-1.42,-0.82,-8.24,-0.04,-0.81,0.18,0.49,11.154,8.289,8.937,8.329,11.48,7.55,9.81,11.97,-0.004,-0.002,0.001,-1.26,-0.19,-80.3061589,26.923428,32.85
-31.4,1.5,0.0,8.5,-1.01,-1.28,-8.08,-0.3,-0.6,0.2,0.46,9.741,8.751,8.26,8.731,9.61,8.83,8.04,14.32,-0.004,-0.002,0.001,-1.27,-0.19,-80.3061577,26.9234317,32.9
-31.6,1.5,0.0,8.47,-0.71,-1.16,-8.4,-0.86,-0.3,0.19,0.43,8.662,8.643,9.241,9.781,11.87,10.69,11.48,11.38,-0.003,-0.002,0.001,-1.3,-0.19,-80.3061565,26.9234354,32.95
-31.7,1.5,0.0,8.44,-0.47,-0.98,-8.48,0.16,-0.6,0.14,0.42,10.752,9.084,9.751,8.8,9.91,9.03,10.99,11.87,-0.004,-0.002,0.001,-1.18,-0.17,-80.3061552,26.923439,33.0
-31.4,1.5,0.0,8.41,-0.85,-1.31,-8.31,-0.21,0.22,0.17,0.43,8.731,11.311,9.163,9.182,10.1,11.48,12.75,12.95,-0.004,-0.002,0.001,-1.21,-0.18,-80.3061539,26.9234426,33.05
-30.9,1.5,0.0,8.37,-1.12,-0.97,-7.99,-0.69,-0.12,0.17,0.45,11.232,9.575,9.859,8.701,10.01,8.14,13.64,10.69,-0.004,-0.002,0.001,-1.28,-0.19,-80.3061527,26.9234462,33.1
-30.7,1.6,0.0,8.32,-0.82,-1.13,-7.66,1.98,0.54,0.25,0.46,9.476,9.3,7.564,9.339,10.01,9.81,8.24,11.18,-0.004,-0.002,0.001,-1.3,-0.19,-80.3061513,26.9234497,33.15
-30.7,1.6,0.0,8.3,-0.48,-1.16,-7.58,-1.53,-0.65,0.27,0.44,9.938,8.741,8.721,9.31,10.5,10.5,11.09,10.1,-0.004,-0.002,0.001,-1.4,-0.2,-80.30615,26.9234532,33.2
-30.7,1.6,0.0,8.28,-0.39,-0.44,-8.4,0.5,-1.78,0.23,0.37,10.732,8.839,9.81,9.241,10.5,7.06,12.26,11.77,-0.004,-0.002,0.001,-1.21,-0.17,-80.3061486,26.9234568,33.25
-30.2,1.6,0.0,8.23,-1.13,-1.07,-7.75,0.98,-0.29,0.28,0.34,9.967,9.584,8.751,8.917,10.59,8.44,11.77,11.48,-0.004,-0.002,0.001,-1.19,-0.17,-80.3061472,26.9234603,33.3
-29.4,1.6,0.0,8.22,-0.32,-1.04,-8.17,-0.79,-1.32,0.21,0.32,10.251,10.085,9.251,7.917,9.61,8.93,13.34,11.87,-0.004,-0.002,0.001,-1.29,-0.19,-80.3061458,26.9234637,33.35
-29.0,1.6,0.0,8.2,-0.44,-1.15,-7.63,2.01,-0.67,0.25,0.27,9.32,9.006,9.888,9.359,10.4,9.12,12.56,10.69,-0.003,-0.001,0.001,-1.24,-0.18,-80.3061444,26.9234672,33.4
-28.9,1.6,0.0,8.18,-0.22,-0.72,-7.67,0.84,0.68,0.34,0.28,10.251,8.878,9.015,10.477,10.89,10.59,10.79,11.48,-0.003,-0.002,0.001,-1.33,-0.19,-80.3061429,26.9234706,33.45
-29.0,1.6,0.0,8.17,-0.43,-0.47,-7.6,-0.82,-0.0,0.28,0.33,9.045,8.77,9.221,9.251,11.18,7.06,12.16,10.79,-0.003,-0.002,0.001,-1.24,-0.18,-80.3061414,26.923474,33.5
-28.8,1.6,0.0,8.16,-0.12,-0.59,-7.35,0.72,0.49,0.26,0.36,9.918,10.762,8.495,8.113,10.1,9.42,11.09,10.5,-0.003,-0.002,0.002,-1.1,-0.16,-80.3061399,26.9234774,33.55
-28.6,1.7,0.0,8.15,-0.04,-0.65,-7.36,-0.74,0.43,0.25,0.37,10.104,8.76,8.27,10.065,10.2,7.55,12.07,10.79,-0.003,-0.002,0.001,-1.22,-0.17,-80.3061384,26.9234808,33.6
-28.4,1.9,0.0,8.13,-0.35,-0.88,-7.21,0.34,0.52,0.22,0.38,12.979,8.329,10.438,9.898,10.99,8.73,8.34,10.69,-0.003,-0.002,0.001,-1.16,-0.17,-80.3061369,26.9234842,33.65
-28.4,2.0,0.0,8.14,0.12,-1.39,-7.83,1.83,-0.46,0.25,0.39,11.664,8.966,9.506,9.329,8.73,10.99,9.81,10.01,-0.003,-0.002,0.002,-1.16,-0.16,-80.3061353,26.9234876,33.7
-28.3,1.9,0.0,8.12,0.35,-0.61,-7.46,1.02,-1.94,0.22,0.35,5.346,11.723,10.036,8.633,10.1,10.79,11.87,10.2,-0.003,-0.002,0.002,-1.19,-0.17,-80.3061337,26.9234909,33.75
-28.1,1.9,0.0,8.12,0.19,-1.22,-7.36,2.89,-1.56,0.24,0.3,11.35,8.907,7.25,8.476,9.32,10.4,11.97,12.95,-0.003,-0.001,0.002,-1.15,-0.16,-80.3061321,26.9234943,33.8
-27.6,1.9,0.0,8.1,-0.14,-1.38,-7.14,-0.43,-0.6,0.18,0.3,5.719,11.026,10.791,10.477,9.03,9.61,12.16,9.03,-0.003,-0.001,0.001,-1.23,-0.17,-80.3061305,26.9234976,33.85
-27.2,1.9,0.0,8.08,-0.79,-0.45,-7.53,-0.35,1.32,0.14,0.33,14.038,7.318,8.505,8.162,8.44,8.73,9.61,11.09,-0.003,-0.002,0.001,-1.1,-0.16,-80.3061288,26.9235009,33.9
-26.3,1.9,0.0,8.07,0.37,-1.46,-6.96,3.09,-0.44,0.21,0.35,6.033,12.37,9.545,10.575,10.5,10.79,10.59,12.26,-0.004,-0.002,0.001,-1.15,-0.16,-80.3061271,26.9235042,33.95
-25.5,1.9,0.0,8.05,-0.84,-0.4,-6.37,-2.45,0.15,0.17,0.34,13.116,8.28,6.955,7.397,12.56,10.3,11.58,12.75,-0.004,-0.002,0.001,-1.14,-0.16,-80.3061254,26.9235075,34.0
-25.4,1.9,0.0,8.02,-0.38,-0.18,-6.22,0.24,-0.92,0.18,0.29,11.34,7.887,10.438,11.066,9.22,9.22,10.5,11.87,-0.004,-0.002,0.001,-1.04,-0.15,-80.3061238,26.9235108,34.05
-25.2,1.9,0.0,7.96,-0.18,-0.14,-6.37,1.95,-1.57,0.23,0.26,7.269,9.516,9.025,9.339,9.81,9.71,10.79,11.87,-0.003,-0.002,0.001,-1.18,-0.16,-80.306122,26.923514,34.1
-25.4,1.9,0.0,7.92,-0.59,0.41,-6.36,0.87,-0.08,0.21,0.25,6.308,9.682,8.319,7.868,10.01,10.2,9.42,12.46,-0.003,-0.002,0.002,-1.1,-0.15,-80.3061203,26.9235172,34.15
-25.3,2.0,0.0,7.84,-1.17,-0.79,-6.06,1.34,-0.09,0.28,0.26,7.387,9.427,9.055,8.741,9.71,9.42,11.48,11.67,-0.003,-0.002,0.002,-1.1,-0.15,-80.3061186,26.9235204,34.2
-25.2,2.0,0.0,7.76,-2.15,-1.55,-6.21,-0.94,1.31,0.27,0.3,10.301,10.497,9.722,8.79,11.09,11.67,14.91,11.18,-0.003,-0.002,0.001,-1.19,-0.16,-80.3061168,26.9235236,34.25
-25.0,2.0,0.0,7.66,-2.36,-0.5,-5.55,0.43,1.61,0.25,0.37,10.614,9.761,8.976,9.555,10.5,9.03,11.18,12.95,-0.004,-0.003,0.002,-1.07,-0.14,-80.3061152,26.9235266,34.3
-24.7,2.0,0.0,7.55,-2.5,-0.96,-5.4,0.32,1.57,0.3,0.45,9.712,10.379,8.083,8.898,11.97,9.81,10.3,12.46,-0.004,-0.003,0.002,-1.03,-0.14,-80.3061134,26.9235297,34.35
-24.5,2.0,0.0,7.43,-2.92,-0.74,-5.68,0.24,1.79,0.27,0.52,11.429,9.123,7.642,8.701,10.4,9.81,11.97,11.87,-0.004,-0.003,0.002,-1.06,-0.14,-80.3061117,26.9235327,34.4
-24.6,2.0,0.0,7.34,-1.13,-1.29,-6.02,-0.21,-0.12,0.27,0.53,9.614,11.615,6.308,8.103,9.91,11.09,12.16,14.03,-0.004,-0.004,0.002,-1.03,-0.13,-80.30611,26.9235357,34.45
-24.5,2.1,0.0,7.33,-0.04,0.2,-5.87,-2.12,-2.25,0.25,0.44,11.115,10.526,9.143,9.869,11.97,12.07,11.58,14.03,-0.003,-0.003,0.002,-1.08,-0.14,-80.3061083,26.9235386,34.5
-24.4,2.1,0.0,7.32,0.08,-0.38,-6.1,0.19,-2.06,0.24,0.34,9.741,7.681,10.261,9.28,10.79,10.4,12.95,15.11,-0.003,-0.002,0.002,-0.95,-0.12,-80.3061066,26.9235415,34.55
-24.4,2.2,0.0,7.29,-1.25,0.03,-5.47,-1.46,-0.39,0.22,0.29,9.427,7.259,9.133,9.643,11.87,6.67,12.07,14.62,-0.003,-0.002,0.002,-0.97,-0.12,-80.3061048,26.9235444,34.6
-24.3,2.3,0.0,7.19,-2.96,-0.64,-4.8,-0.12,1.96,0.25,0.34,9.526,9.094,7.828,8.633,10.5,7.75,8.73,10.4,-0.003,-0.002,0.002,-0.98,-0.12,-80.3061031,26.9235472,34.65
-24.5,2.3,0.0,7.14,-0.97,-0.98,-5.23,-1.03,0.05,0.24,0.38,10.094,11.605,7.995,7.093,9.03,12.07,11.38,7.36,-0.004,-0.003,0.002,-1.01,-0.13,-80.3061014,26.92355,34.7
-24.9,2.4,0.0,7.13,-0.32,-0.58,-6.15,-1.5,-2.23,0.21,0.29,8.26,11.174,9.781,9.035,9.61,9.42,10.4,11.67,-0.004,-0.003,0.002,-1.02,-0.13,-80.3060997,26.9235529,34.75
-24.9,2.5,0.0,7.11,-0.84,-0.64,-6.07,0.65,-2.67,0.24,0.15,10.075,10.026,9.643,9.879,8.83,6.47,12.65,15.3,-0.004,-0.003,0.001,-0.94,-0.12,-80.3060979,26.9235557,34.8
-25.1,2.8,0.0,7.04,-1.22,-0.73,-5.05,0.77,-0.19,0.23,0.12,8.623,9.408,10.075,10.683,9.61,8.14,10.79,12.65,-0.003,-0.002,0.001,-0.99,-0.12,-80.3060962,26.9235584,34.85
-25.2,3.1,0.0,7.01,-0.13,-0.85,-5.21,0.58,1.11,0.2,0.17,8.191,10.928,8.495,7.691,9.22,10.79,9.91,9.32,-0.003,-0.002,0.001,-0.98,-0.12,-80.3060944,26.9235611,34.9
-25.2,3.3,0.0,7.0,0.08,-0.71,-6.22,2.01,-0.92,0.21,0.16,8.986,11.625,8.77,8.525,8.53,10.99,12.95,10.01,-0.003,-0.002,0.001,-1.0,-0.12,-80.3060927,26.9235638,34.95
-25.2,3.5,0.0,6.98,-0.1,-0.62,-6.27,0.19,-0.33,0.21,0.14,8.692,9.977,11.684,10.683,8.14,11.18,12.95,9.61,-0.003,-0.002,0.001,-0.97,-0.12,-80.3060909,26.9235666,35.0
-25.2,4.0,0.0,6.95,-0.51,0.2,-5.78,0.35,1.24,0.22,0.17,9.359,11.448,9.526,9.055,10.99,9.61,11.09,11.18,-0.003,-0.002,0.001,-0.87,-0.11,-80.3060891,26.9235692,35.05
-25.0,4.3,0.0,6.95,0.28,-1.06,-4.86,1.38,0.1,0.27,0.22,11.242,10.663,8.299,8.692,12.07,9.91,11.67,14.03,-0.003,-0.002,0.001,-1.13,-0.14,-80.3060873,26.9235719,35.1
-25.0,4.7,0.0,6.94,0.2,0.19,-5.47,-1.12,-0.45,0.23,0.22,11.223,8.407,9.82,9.957,11.97,9.22,11.58,11.87,-0.003,-0.002,0.001,-0.96,-0.12,-80.3060855,26.9235746,35.15
-25.1,5.5,0.0,7.03,3.34,-1.32,-5.79,2.24,-2.21,0.23,0.19,11.409,11.595,8.27,6.887,10.5,10.79,10.79,9.61,-0.003,-0.002,0.001,-0.85,-0.1,-80.3060837,26.9235773,35.2
-24.8,6.1,0.0,7.16,1.39,-0.38,-5.59,-0.49,-3.37,0.24,0.03,7.838,7.936,9.251,9.486,8.34,10.2,13.73,8.53,-0.002,-0.001,-0.0,-0.93,-0.12,-80.3060818,26.92358,35.25
-24.5,7.1,0.0,7.21,1.39,-0.69,-5.4,-0.64,-1.26,0.22,-0.06,10.026,5.955,10.438,10.094,12.26,8.04,14.32,11.28,-0.001,-0.0,-0.001,-0.91,-0.11,-80.3060799,26.9235827,35.3
-24.0,8.1,0.0,7.34,3.61,-0.54,-5.07,0.44,0.18,0.24,-0.03,11.37,9.526,7.505,8.27,11.67,9.61,10.99,11.97,-0.001,-0.0,-0.001,-0.81,-0.1,-80.306078,26.9235855,35.35
-23.5,8.4,0.0,7.53,4.41,0.03,-4.96,-0.26,-2.67,0.27,-0.11,9.8,8.849,7.976,9.476,11.18,9.42,10.3,13.73,-0.001,-0.0,-0.001,-0.92,-0.12,-80.306076,26.9235883,35.4
-23.0,8.4,0.0,7.7,2.4,-0.63,-4.67,-1.65,-1.03,0.2,-0.21,7.083,9.457,10.526,10.251,10.1,9.12,11.09,13.64,-0.0,0.001,-0.002,-0.88,-0.12,-80.3060739,26.9235912,35.45
-22.5,8.4,0.0,7.86,3.37,-0.74,-4.66,-0.31,0.39,0.23,-0.21,7.456,10.624,10.202,9.516,8.04,11.67,9.81,10.01,0.0,0.001,-0.003,-0.76,-0.1,-80.3060718,26.9235941,35.5
-21.5,8.4,0.0,8.05,4.05,-1.05,-5.07,-1.19,0.23,0.2,-0.19,8.741,8.378,9.104,8.937,10.59,8.63,14.72,11.18,0.0,0.001,-0.003,-0.81,-0.11,-80.3060696,26.9235971,35.55
-20.8,8.4,0.0,8.21,3.05,-0.48,-4.61,3.43,0.9,0.19,-0.18,8.898,7.887,8.407,9.251,10.2,9.03,9.81,11.58,-0.0,0.001,-0.003,-0.61,-0.09,-80.3060674,26.9236001,35.6
-20.0,8.4,0.0,8.41,4.41,-0.63,-4.6,-1.43,-0.32,0.25,-0.17,9.447,9.604,7.926,8.8,10.79,9.71,9.61,13.05,0.0,0.001,-0.003,-0.77,-0.11,-80.3060651,26.9236032,35.65
-19.3,8.4,0.0,8.6,3.55,-1.2,-4.69,-0.53,-0.47,0.2,-0.17,8.652,9.702,10.055,9.663,10.1,11.18,12.56,8.93,0.0,0.001,-0.003,-0.7,-0.11,-80.3060627,26.9236064,35.7
-18.6,8.4,0.0,8.8,4.03,0.74,-4.92,0.35,0.56,0.21,-0.16,7.416,8.221,10.516,8.79,8.83,11.09,12.65,12.07,0.001,0.001,-0.003,-0.5,-0.08,-80.3060602,26.9236097,35.75
-17.6,8.3,0.0,9.02,4.3,-1.02,-4.59,-0.81,0.27,0.18,-0.14,6.033,9.349,8.662,7.691,11.09,8.83,12.95,12.95,0.001,0.001,-0.003,-0.57,-0.09,-80.3060577,26.923613,35.8
-16.8,8.3,0.0,9.23,4.15,-0.68,-4.14,0.7,-0.02,0.19,-0.15,12.478,4.758,8.397,8.368,10.01,7.36,7.36,14.52,0.001,0.001,-0.003,-0.49,-0.08,-80.3060551,26.9236164,35.85
-16.2,8.2,0.0,9.43,4.36,0.56,-4.14,1.26,-0.76,0.2,-0.16,9.81,7.171,9.996,10.35,11.18,8.73,14.32,19.52,0.001,0.001,-0.003,-0.46,-0.08,-80.3060524,26.9236198,35.9
-15.6,8.2,0.0,9.63,3.77,-0.52,-4.53,0.29,0.39,0.16,-0.16,4.974,11.38,7.74,8.77,9.52,10.79,11.18,12.07,0.001,0.001,-0.003,-0.43,-0.07,-80.3060497,26.9236233,35.95
-15.2,8.1,0.0,9.82,3.38,-1.38,-3.89,-4.15,1.37,0.09,-0.14,6.337,11.321,9.702,8.427,13.24,9.81,13.83,10.3,0.001,0.001,-0.003,-0.46,-0.08,-80.3060469,26.9236269,36.0
-14.8,8.1,0.0,10.01,3.98,-0.45,-4.38,0.36,0.22,0.06,-0.12,11.026,8.24,7.632,8.564,10.59,9.81,10.69,11.87,0.001,0.001,-0.003,-0.27,-0.05,-80.306044,26.9236305,36.05
-14.0,8.0,0.0,10.2,3.73,-0.92,-3.9,-0.93,-0.22,0.07,-0.1,11.193,9.879,6.455,8.132,9.71,9.81,13.15,15.5,0.001,0.001,-0.003,-0.42,-0.07,-80.3060411,26.9236342,36.1
-13.4,8.0,0.0,10.37,3.34,-0.77,-4.31,-0.65,0.29,0.05,-0.1,10.536,9.3,8.554,9.624,8.63,10.01,16.38,16.68,0.001,0.001,-0.003,-0.43,-0.08,-80.3060381,26.923638,36.15
-13.1,7.9,0.0,10.54,2.97,-0.72,-3.78,-1.58,0.46,-0.01,-0.09,10.546,8.77,10.016,11.37,9.91,8.93,13.73,14.52,0.001,0.001,-0.003,-0.36,-0.07,-80.306035,26.9236418,36.2
-12.3,7.8,0.0,10.71,3.38,-1.17,-3.79,-1.74,0.12,-0.07,-0.07,9.516,10.536,4.817,7.564,11.38,9.81,11.09,11.28,0.001,0.001,-0.003,-0.3,-0.06,-80.3060319,26.9236457,36.25
-11.4,7.6,0.0,10.88,3.39,-0.55,-3.39,0.73,-0.26,-0.07,-0.06,6.583,12.321,4.218,8.113,8.34,11.77,8.93,14.81,0.0,0.001,-0.003,-0.29,-0.06,-80.3060287,26.9236496,36.3
-9.4,7.6,0.0,11.05,2.94,-0.43,-3.43,-1.6,0.15,-0.08,-0.08,6.239,10.869,14.058,11.801,7.36,10.59,12.75,16.38,0.001,0.001,-0.003,-0.3,-0.06,-80.3060254,26.9236536,36.35
-8.1,7.7,0.0,11.21,3.64,-0.12,-3.17,-0.66,0.17,-0.13,-0.07,10.457,7.201,6.602,10.82,7.16,12.95,12.16,10.2,0.0,0.001,-0.003,-0.21,-0.04,-80.3060221,26.9236576,36.4
-6.2,7.8,0.0,11.38,4.45,0.02,-2.29,-1.58,0.09,-0.16,-0.07,13.42,7.632,1.432,2.139,13.83,7.65,7.16,3.73,0.001,0.001,-0.003,-0.21,-0.04,-80.3060187,26.9236617,36.45
-4.4,7.8,0.0,11.53,3.32,-1.34,-2.34,1.18,-0.34,-0.12,-0.06,7.24,11.556,4.719,6.612,10.2,8.63,10.5,14.72,0.0,0.001,-0.003,-0.14,-0.03,-80.3060152,26.9236659,36.5
-3.3,7.9,0.0,11.71,4.75,-0.11,-1.19,-1.51,-1.17,-0.16,-0.1,8.054,6.926,6.798,10.134,12.46,6.57,12.75,16.28,0.001,0.001,-0.003,-0.11,-0.02,-80.3060117,26.92367,36.55
-2.8,8.0,0.0,11.87,3.19,-0.19,-1.14,-1.4,-0.02,-0.21,-0.09,9.967,8.829,4.071,8.064,14.03,9.32,11.28,12.75,0.001,0.001,-0.003,-0.02,-0.0,-80.3060082,26.9236743,36.6
-2.6,8.2,0.0,12.02,3.35,0.26,-0.76,0.59,0.86,-0.22,-0.07,7.23,7.72,8.26,7.397,8.44,10.69,8.44,5.49,0.001,0.001,-0.003,-0.05,-0.01,-80.3060046,26.9236786,36.65
-2.2,8.4,0.0,12.2,3.74,-0.61,-0.89,-2.05,0.2,-0.23,-0.07,8.682,12.527,9.987,10.144,12.07,9.91,14.03,9.52,0.001,0.001,-0.003,-0.0,-0.0,-80.3060009,26.923683,36.7
-1.9,8.6,0.0,12.4,4.03,0.26,-0.95,-1.39,-0.54,-0.31,-0.1,9.751,5.327,9.006,7.838,9.81,8.83,13.83,11.77,0.001,0.001,-0.003,-0.03,-0.01,-80.3059972,26.9236874,36.75
-1.9,8.8,0.0,12.58,3.57,0.6,-0.97,-1.77,-0.24,-0.39,-0.12,6.435,10.987,8.24,6.779,8.34,10.59,12.46,11.58,0.001,0.001,-0.003,0.04,0.01,-80.3059934,26.9236919,36.8
-0.6,9.2,0.0,12.77,4.13,-0.35,-0.53,0.55,-0.11,-0.34,-0.14,9.947,9.467,4.797,6.926,13.34,10.79,9.12,12.07,0.001,0.001,-0.003,0.0,0.0,-80.3059896,26.9236965,36.85
0.1,9.3,0.0,12.98,4.45,-0.03,-0.44,-2.13,-0.83,-0.43,-0.18,7.848,9.398,6.22,6.151,10.01,9.91,9.32,13.34,0.001,0.001,-0.003,-0.0,-0.0,-80.3059857,26.9237011,36.9
0.8,9.4,0.0,13.18,3.43,0.6,-0.02,-0.1,-1.18,-0.49,-0.22,9.781,6.504,9.849,6.896,8.04,10.59,13.73,8.14,0.001,0.001,-0.004,0.05,0.01,-80.3059817,26.9237059,36.95
1.7,9.5,0.0,13.37,4.52,0.09,0.3,-0.06,0.03,-0.45,-0.23,5.013,11.438,11.988,9.879,11.58,11.77,11.09,14.42,0.001,0.001,-0.003,0.1,0.02,-80.3059777,26.9237106,37.0
2.6,9.7,0.0,13.58,4.55,0.25,0.58,-0.93,0.58,-0.48,-0.21,9.732,5.503,4.925,8.388,6.57,9.91,10.4,11.09,0.002,0.001,-0.004,0.06,0.01,-80.3059736,26.9237155,37.05
3.0,9.9,0.0,13.77,4.51,1.89,0.88,-0.15,0.58,-0.56,-0.2,6.151,8.535,9.908,7.544,6.57,14.32,14.62,10.2,0.002,0.002,-0.004,0.19,0.05,-80.3059695,26.9237204,37.1
3.8,10.2,0.0,13.97,3.58,0.95,1.08,-1.7,1.6,-0.54,-0.15,4.925,10.389,11.223,7.22,12.07,9.42,11.58,11.09,0.002,0.001,-0.004,0.13,0.03,-80.3059653,26.9237254,37.15
4.3,10.4,0.0,14.18,4.66,0.45,1.68,-1.34,-0.54,-0.56,-0.13,10.722,8.976,11.115,9.378,14.91,8.34,11.18,15.01,0.002,0.001,-0.004,0.13,0.03,-80.305961,26.9237305,37.2
4.3,10.6,0.0,14.38,4.37,0.79,1.42,-1.15,-0.92,-0.66,-0.12,10.683,7.583,9.624,6.975,7.65,8.34,13.44,5.98,0.001,0.001,-0.004,0.14,0.03,-80.3059567,26.9237357,37.25
4.1,10.9,0.0,14.57,3.43,-1.22,1.56,0.15,0.43,-0.65,-0.12,7.181,9.113,3.669,7.554,8.14,8.44,9.12,10.5,0.001,0.001,-0.004,0.09,0.02,-80.3059523,26.923741,37.3
4.3,11.0,0.0,14.8,4.99,2.49,1.55,-2.3,-0.65,-0.64,-0.2,7.926,8.388,7.23,8.132,14.13,8.53,9.61,19.33,0.002,0.001,-0.004,0.13,0.03,-80.305948,26.9237463,37.35
4.3,11.2,0.0,14.99,3.39,1.45,1.71,-2.62,0.21,-0.72,-0.2,6.298,9.575,3.973,6.347,12.65,9.71,11.48,11.28,0.002,0.001,-0.005,0.21,0.05,-80.3059435,26.9237517,37.4
3.9,11.4,0.0,15.2,3.4,-1.79,1.9,0.65,0.66,-0.71,-0.17,7.014,9.839,2.923,2.972,5.3,13.15,11.87,10.5,0.002,0.001,-0.004,0.12,0.03,-80.305939,26.9237572,37.45
3.1,11.8,0.0,15.41,4.46,2.19,1.77,-3.0,-0.31,-0.75,-0.17,5.327,8.917,4.11,3.473,6.18,11.97,11.48,17.66,0.001,0.001,-0.004,0.16,0.04,-80.3059344,26.9237627,37.5
2.9,12.1,0.0,15.63,5.32,1.37,1.64,-0.83,-1.66,-0.8,-0.21,10.889,5.474,4.621,8.809,13.15,5.98,10.5,8.24,0.002,0.001,-0.004,0.24,0.07,-80.3059298,26.9237683,37.55
2.4,12.6,0.0,15.82,4.3,2.12,1.24,-1.22,-0.12,-0.79,-0.23,5.209,9.565,5.405,5.7,16.28,6.87,7.46,10.59,0.002,0.001,-0.005,0.16,0.04,-80.3059251,26.9237741,37.6
1.5,12.9,0.0,16.03,4.05,0.6,0.8,-1.88,1.3,-0.86,-0.2,6.573,6.867,5.837,2.443,7.95,11.67,16.68,15.21,0.002,0.002,-0.005,0.09,0.02,-80.3059203,26.9237799,37.65
0.1,13.4,0.0,16.23,4.52,-0.02,0.81,1.58,0.13,-0.88,-0.16,5.798,11.507,7.367,2.668,4.41,15.3,13.34,13.54,0.002,0.002,-0.004,0.1,0.03,-80.3059155,26.9237858,37.7
-0.5,13.9,0.0,16.44,4.96,-1.14,0.53,-0.65,-0.64,-0.92,-0.15,12.37,7.171,6.494,6.759,7.26,14.03,9.61,10.69,0.002,0.002,-0.004,0.05,0.02,-80.3059107,26.9237917,37.75
-0.4,14.4,0.0,16.65,4.13,1.18,-0.29,-2.34,-0.26,-1.01,-0.16,13.43,5.857,7.701,5.739,12.75,9.52,5.98,7.46,0.001,0.001,-0.004,0.12,0.04,-80.3059058,26.9237977,37.8
0.0,14.7,0.0,16.85,4.04,0.13,0.26,-0.0,0.25,-0.99,-0.18,10.457,3.679,5.543,5.758,15.5,6.28,8.34,16.28,0.002,0.001,-0.004,0.1,0.03,-80.3059008,26.9238038,37.85
1.1,15.1,0.0,17.07,5.95,1.35,-0.04,-2.8,-0.62,-1.05,-0.17,11.203,2.286,4.356,2.394,16.48,7.46,8.53,13.34,0.002,0.001,-0.005,0.07,0.02,-80.3058958,26.92381,37.9
1.0,15.3,0.0,17.26,4.15,-0.17,0.33,1.91,-1.57,-1.07,-0.19,9.987,4.581,4.405,4.415,16.97,8.93,10.99,18.34,0.002,0.001,-0.004,0.06,0.02,-80.3058907,26.9238163,37.95
0.8,15.3,0.0,17.44,2.57,-0.69,0.21,0.92,0.14,-1.1,-0.17,8.142,6.259,4.846,5.15,10.01,13.83,4.91,20.01,0.002,0.001,-0.005,0.08,0.02,-80.3058855,26.9238226,38.0
0.3,15.2,0.0,17.63,3.26,-0.66,0.49,-1.16,-0.41,-1.18,-0.18,7.407,7.681,3.728,3.08,4.91,17.56,10.79,7.75,0.001,0.001,-0.004,0.07,0.02,-80.3058803,26.923829,38.05
-0.7,15.1,0.0,17.83,3.39,-1.43,-0.05,-0.04,-0.27,-1.23,-0.17,7.318,11.772,9.781,4.925,2.94,16.09,17.07,5.2,0.001,0.001,-0.004,0.0,0.0,-80.305875,26.9238355,38.1
-1.1,15.1,0.0,18.02,3.12,1.72,0.36,-2.99,0.78,-1.29,-0.2,2.178,9.29,10.516,3.767,3.83,12.95,22.27,4.22,0.002,0.001,-0.004,0.03,0.01,-80.3058697,26.923842,38.15
-1.0,15.0,0.0,18.19,3.31,-1.63,0.14,-2.73,2.24,-1.32,-0.17,5.523,9.771,6.141,4.258,5.98,12.95,11.67,10.2,0.001,0.001,-0.004,0.11,0.04,-80.3058643,26.9238486,38.2
-0.4,15.1,0.0,18.38,5.08,-0.02,-0.49,-1.89,0.54,-1.36,-0.15,9.163,2.57,2.619,4.238,12.75,5.3,9.91,13.34,0.001,0.001,-0.004,0.08,0.03,-80.3058589,26.9238553,38.25
-0.5,14.8,0.0,18.56,3.76,0.57,-0.35,-0.4,-1.14,-1.43,-0.17,9.172,8.652,2.276,4.12,11.18,3.53,5.49,15.01,0.001,0.001,-0.004,0.07,0.02,-80.3058534,26.9238619,38.3
0.5,14.7,0.0,18.73,4.5,-0.97,-0.25,-1.14,-0.73,-1.44,-0.19,6.739,7.603,1.893,5.906,11.87,6.57,5.89,13.54,0.001,0.001,-0.004,0.01,0.0,-80.3058479,26.9238688,38.35
0.3,14.6,0.0,18.9,2.88,2.03,-0.14,-0.36,-0.15,-1.52,-0.21,8.397,7.132,6.651,5.494,13.44,6.28,0.69,10.59,0.001,0.001,-0.004,0.09,0.03,-80.3058423,26.9238757,38.4
0.7,14.4,0.0,19.07,3.23,-0.52,0.06,-0.99,0.39,-1.54,-0.18,8.554,6.102,1.628,2.08,12.95,9.42,3.34,15.21,0.001,0.001,-0.004,0.07,0.02,-80.3058367,26.9238826,38.45
0.4,14.3,0.0,19.25,3.98,-0.37,-0.13,-1.54,-0.75,-1.6,-0.19,8.152,9.221,-0.873,7.838,13.34,8.44,7.55,9.81,0.001,0.001,-0.004,0.05,0.02,-80.305831,26.9238895,38.5
0.7,13.9,0.0,19.42,3.9,-0.84,0.36,-0.93,-1.01,-1.62,-0.23,8.397,4.611,2.776,6.406,12.36,4.81,13.24,1.77,0.001,0.001,-0.004,0.07,0.02,-80.3058253,26.9238966,38.55
0.3,13.2,0.0,19.58,2.43,1.28,0.02,-1.53,-0.78,-1.69,-0.25,6.092,6.671,8.525,4.895,15.11,9.22,19.91,14.62,0.001,0.001,-0.004,0.14,0.05,-80.3058194,26.9239037,38.6
0.7,12.4,0.0,19.72,2.91,-0.11,0.21,-1.17,1.17,-1.72,-0.24,6.71,4.787,3.6,7.259,16.19,5.0,14.13,9.32,0.001,0.001,-0.004,0.05,0.02,-80.3058136,26.9239109,38.65
0.8,10.9,0.0,19.87,2.9,-1.71,0.2,-3.48,0.81,-1.78,-0.22,8.996,11.556,6.543,5.16,17.07,5.98,17.27,7.06,0.001,0.001,-0.004,0.0,0.0,-80.3058077,26.9239181,38.7
1.0,5.7,0.0,19.99,2.03,-1.15,0.27,-1.78,0.6,-1.83,-0.22,9.526,8.28,5.425,5.258,14.22,2.94,12.07,13.05,0.001,0.001,-0.003,0.01,0.01,-80.3058018,26.9239254,38.75
0.9,1.6,0.0,20.04,0.69,-1.33,-0.04,-0.89,0.93,-1.84,-0.19,9.261,5.945,9.104,7.868,13.54,5.4,14.42,12.46,0.0,0.001,-0.003,0.0,0.0,-80.3057959,26.9239327,38.8
0.9,1.6,0.0,20.01,0.48,1.27,0.53,-1.67,2.34,-1.92,-0.08,7.75,10.948,7.142,9.928,12.36,6.28,8.83,20.31,-0.001,-0.0,-0.002,0.02,0.01,-80.3057899,26.92394,38.85
1.1,1.6,0.0,20.0,0.18,-0.67,0.75,-0.66,1.88,-1.92,0.05,11.458,10.85,6.916,9.025,13.34,6.97,11.28,9.42,-0.002,-0.001,-0.001,-0.08,-0.03,-80.305784,26.9239473,38.9
0.9,1.6,0.0,20.0,-0.3,-1.04,0.84,2.04,-0.35,-1.9,0.08,11.949,8.849,9.957,9.545,11.09,9.71,15.01,15.3,-0.002,-0.002,-0.001,0.01,0.0,-80.3057781,26.9239546,38.95
1.0,1.6,0.0,19.99,0.2,0.31,0.94,-0.46,-1.32,-1.88,0.06,10.889,11.625,6.533,9.074,7.46,6.77,8.44,16.09,-0.002,-0.002,-0.001,-0.08,-0.03,-80.3057722,26.9239619,39.0
0.9,1.7,0.0,19.94,-1.45,-1.21,0.96,-1.74,-0.26,-1.92,0.03,9.898,9.82,7.024,9.084,6.08,7.16,7.85,18.64,-0.002,-0.002,-0.001,-0.08,-0.03,-80.3057663,26.9239692,39.05
0.9,1.7,0.0,19.94,-1.43,-1.07,0.59,-1.3,0.69,-1.89,0.0,9.869,7.24,8.368,10.085,6.47,8.44,10.79,14.32,-0.002,-0.001,-0.001,0.02,0.01,-80.3057604,26.9239765,39.1
0.7,1.9,0.0,19.93,-0.03,0.08,0.34,2.31,-0.34,-1.89,0.0,9.79,10.634,10.663,8.76,2.06,13.24,7.75,11.28,-0.002,-0.001,-0.001,-0.0,-0.0,-80.3057545,26.9239837,39.15
0.9,1.9,0.0,19.84,-1.62,-0.16,0.63,0.17,1.28,-1.86,0.06,10.683,8.78,10.232,9.506,5.4,11.18,7.16,13.54,-0.002,-0.002,-0.001,0.04,0.01,-80.3057487,26.923991,39.2
1.2,2.0,0.0,19.68,-3.93,-0.28,0.9,-0.06,2.88,-1.81,0.17,6.975,11.115,8.152,7.505,-1.08,11.77,11.38,11.58,-0.003,-0.003,0.0,0.06,0.02,-80.3057429,26.9239982,39.25
1.7,2.1,0.0,19.52,-3.22,0.24,0.74,0.13,1.96,-1.74,0.27,10.654,10.703,8.731,8.437,4.41,10.79,15.3,4.91,-0.003,-0.004,0.001,-0.01,-0.0,-80.3057371,26.9240054,39.3
1.5,2.3,0.0,19.48,-0.19,0.24,1.17,-0.53,-1.62,-1.8,0.28,11.036,7.416,9.575,8.26,5.69,12.85,15.99,5.49,-0.004,-0.004,0.001,0.01,0.0,-80.3057314,26.9240126,39.35
1.3,2.4,0.0,19.42,-2.02,0.77,0.91,2.9,-1.78,-1.77,0.16,8.132,10.791,10.899,8.76,6.08,11.48,16.68,12.46,-0.003,-0.003,0.0,0.01,0.0,-80.3057257,26.9240197,39.4
1.5,2.5,0.0,19.33,-1.49,-0.58,0.46,-1.98,1.01,-1.73,0.13,8.152,12.155,8.25,7.809,4.32,13.15,19.52,8.24,-0.002,-0.003,-0.0,-0.02,-0.01,-80.30572,26.9240268,39.45
1.3,2.6,0.0,19.29,-0.86,0.26,1.09,0.3,-0.22,-1.75,0.14,9.261,11.438,10.104,9.163,4.81,12.56,14.52,12.36,-0.002,-0.002,0.001,0.03,0.01,-80.3057143,26.9240339,39.5
2.0,2.8,0.0,19.21,-1.68,-0.26,0.69,-0.81,0.96,-1.77,0.16,8.152,11.174,9.663,8.162,3.04,14.22,12.85,12.85,-0.002,-0.002,0.001,-0.03,-0.01,-80.3057087,26.9240409,39.55
2.2,3.5,0.0,19.16,-1.05,-0.57,0.65,-1.43,1.43,-1.77,0.19,6.455,10.683,8.417,8.201,4.91,13.15,11.09,15.99,-0.002,-0.002,0.001,0.02,0.01,-80.3057031,26.924048,39.6
1.8,4.0,0.0,19.11,-0.32,0.05,1.14,0.74,-0.66,-1.76,0.18,9.006,11.694,7.534,7.299,4.41,11.77,10.2,18.05,-0.002,-0.002,0.001,-0.03,-0.01,-80.3056975,26.924055,39.65
2.2,5.2,0.0,19.06,-1.35,-0.61,1.0,-0.66,0.54,-1.8,0.19,10.016,9.418,8.947,7.691,5.49,10.79,6.77,9.12,-0.002,-0.002,0.001,0.04,0.01,-80.3056919,26.9240621,39.7
2.1,6.4,0.0,19.03,0.16,0.13,1.08,1.47,-0.95,-1.79,0.19,9.869,9.849,10.153,8.662,3.04,13.73,8.24,9.91,-0.002,-0.002,0.0,-0.02,-0.01,-80.3056864,26.9240691,39.75
2.2,7.2,0.0,19.03,0.2,2.74,1.81,2.09,-1.41,-1.77,0.17,8.721,12.537,9.496,7.161,2.94,13.54,13.05,9.91,-0.002,-0.002,0.0,0.15,0.05,-80.3056809,26.9240761,39.8
2.9,8.0,0.0,19.13,2.45,-0.45,1.56,-1.05,-2.25,-1.81,0.1,8.525,8.77,11.183,8.535,3.53,12.46,13.73,6.28,-0.002,-0.002,-0.001,0.04,0.01,-80.3056753,26.9240831,39.85
4.2,8.4,0.0,19.26,1.48,0.84,1.02,1.27,-2.35,-1.78,-0.06,8.603,10.83,10.732,8.76,4.81,11.09,24.23,9.52,-0.001,-0.001,-0.001,0.05,0.02,-80.3056697,26.9240902,39.9
5.6,9.4,0.0,19.37,2.43,-0.65,2.04,-1.31,0.09,-1.75,-0.14,8.28,9.947,11.998,7.946,3.92,11.48,14.72,14.13,0.0,-0.0,-0.002,0.04,0.01,-80.3056642,26.9240973,39.95
7.0,10.1,0.0,19.52,3.24,2.14,2.85,1.49,-0.57,-1.71,-0.2,7.956,6.533,6.298,8.446,7.06,9.52,14.32,14.62,0.001,-0.0,-0.003,0.12,0.04,-80.3056586,26.9241045,40.0
7.8,10.5,0.0,19.66,3.19,1.18,2.99,1.76,-0.95,-1.66,-0.22,8.015,8.849,4.208,7.397,8.63,8.83,14.13,11.09,0.001,-0.0,-0.003,0.12,0.04,-80.305653,26.9241118,40.05
8.4,10.9,0.0,19.8,2.48,-0.72,3.5,0.31,0.81,-1.65,-0.22,10.418,8.329,9.771,11.282,8.83,8.93,16.38,14.42,0.001,-0.0,-0.003,0.07,0.02,-80.3056473,26.9241191,40.1
8.6,11.3,0.0,19.95,3.13,-0.06,3.81,1.01,0.24,-1.63,-0.22,8.034,9.947,6.769,9.506,4.61,12.85,15.01,22.46,0.001,-0.0,-0.004,0.1,0.04,-80.3056416,26.9241265,40.15
9.0,11.8,0.0,20.12,4.38,1.52,3.8,1.43,-2.02,-1.59,-0.25,10.889,7.691,6.484,8.309,3.14,10.89,6.18,18.84,0.001,-0.0,-0.004,0.1,0.03,-80.3056359,26.924134,40.2
9.3,12.2,0.0,20.27,3.05,1.99,4.09,1.57,-1.09,-1.58,-0.29,7.642,9.192,10.713,11.419,1.86,11.28,11.58,18.34,0.001,0.0,-0.004,0.09,0.03,-80.3056302,26.9241415,40.25
9.7,13.0,0.0,20.46,4.47,3.19,4.29,-1.02,-0.98,-1.57,-0.32,9.859,6.72,8.672,11.066,5.0,14.13,11.28,13.54,0.002,0.0,-0.005,0.11,0.04,-80.3056246,26.9241491,40.3
10.2,13.9,0.0,20.6,3.93,1.12,4.55,2.05,0.15,-1.53,-0.27,8.397,10.212,7.838,9.81,4.12,14.72,12.46,16.68,0.002,0.0,-0.005,0.08,0.03,-80.3056188,26.9241569,40.35
10.5,15.2,0.0,20.77,3.28,0.5,4.82,0.27,-0.46,-1.51,-0.25,9.045,9.663,6.749,8.201,6.67,18.05,9.32,12.46,0.002,0.0,-0.005,0.06,0.02,-80.305613,26.9241647,40.4
11.3,15.9,0.0,20.96,4.27,2.0,4.56,2.04,-1.93,-1.53,-0.28,7.897,9.055,7.917,8.564,9.71,12.65,4.81,13.73,0.002,0.0,-0.005,0.03,0.01,-80.3056073,26.9241725,40.45
11.5,17.0,0.0,21.13,3.42,-0.38,4.81,2.48,-1.36,-1.49,-0.3,11.694,3.649,12.92,10.281,10.5,16.28,14.91,17.46,0.002,0.0,-0.005,0.05,0.02,-80.3056015,26.9241805,40.5
12.4,17.8,0.0,21.29,1.82,-0.01,5.05,-0.6,0.7,-1.52,-0.29,9.476,9.682,6.072,8.26,11.28,11.09,9.03,16.09,0.002,0.0,-0.005,0.02,0.01,-80.3055957,26.9241886,40.55
13.0,18.5,0.0,21.49,3.64,1.44,5.82,1.11,-0.74,-1.47,-0.33,9.702,10.536,10.791,9.996,13.93,9.42,10.99,21.88,0.002,0.0,-0.006,0.1,0.04,-80.3055899,26.9241967,40.6
13.4,18.7,0.0,21.66,2.89,0.77,5.78,1.41,0.41,-1.44,-0.33,10.389,4.454,10.32,10.104,15.79,4.81,9.12,19.72,0.002,0.0,-0.006,0.05,0.02,-80.3055841,26.924205,40.65
13.9,19.0,0.0,21.83,3.0,1.17,5.71,0.24,-0.01,-1.42,-0.33,10.791,4.483,5.641,8.809,14.22,5.69,7.75,16.09,0.003,0.0,-0.006,0.03,0.01,-80.3055783,26.9242133,40.7
13.5,19.1,0.0,22.01,3.77,2.42,6.57,0.76,0.14,-1.42,-0.32,9.624,9.918,6.641,7.819,13.34,7.36,12.75,18.15,0.002,-0.0,-0.006,0.03,0.01,-80.3055725,26.9242217,40.75
14.0,19.1,0.0,22.17,3.89,2.93,6.58,2.18,-0.54,-1.35,-0.33,12.204,9.388,9.467,9.035,8.04,15.5,14.03,12.26,0.002,-0.0,-0.006,0.01,0.0,-80.3055667,26.9242302,40.8
13.7,19.2,0.0,22.32,3.17,0.3,6.72,1.99,-0.88,-1.34,-0.33,11.752,6.592,11.576,8.162,8.34,14.42,15.7,16.09,0.002,-0.0,-0.006,-0.05,-0.02,-80.3055609,26.9242388,40.85
14.9,19.3,0.0,22.48,2.43,0.57,6.6,1.08,0.65,-1.29,-0.32,10.546,3.826,10.006,8.417,11.38,12.75,17.76,15.79,0.003,-0.0,-0.007,0.11,0.04,-80.3055551,26.9242475,40.9
15.7,19.3,0.0,22.63,3.21,2.52,7.02,0.5,0.69,-1.23,-0.3,10.722,3.855,7.495,9.015,12.07,7.75,15.7,15.01,0.003,-0.0,-0.006,0.07,0.03,-80.3055494,26.9242563,40.95
16.4,19.3,0.0,22.78,3.98,3.23,7.0,0.27,-0.2,-1.21,-0.28,9.045,8.162,4.905,8.564,16.09,6.57,17.56,5.98,0.003,-0.001,-0.006,0.02,0.01,-80.3055436,26.9242652,41.0
16.6,19.3,0.0,22.92,2.83,1.6,7.49,1.46,-0.82,-1.16,-0.3,8.054,11.968,6.965,9.79,9.12,8.93,9.42,-1.47,0.003,-0.001,-0.007,-0.05,-0.02,-80.305538,26.9242742,41.05
16.6,19.4,0.0,23.08,2.3,2.61,8.3,-1.09,-0.81,-1.2,-0.32,9.624,9.123,13.518,9.221,8.53,9.42,11.97,9.61,0.003,-0.001,-0.007,-0.04,-0.02,-80.3055322,26.9242832,41.1
17.4,19.4,0.0,23.25,4.12,2.8,8.07,0.74,-0.09,-1.15,-0.35,7.093,11.89,5.396,8.289,7.36,12.36,9.52,7.36,0.003,-0.001,-0.007,-0.02,-0.01,-80.3055266,26.9242924,41.15
18.3,19.4,0.0,23.39,2.59,2.54,8.5,-0.27,0.44,-1.13,-0.36,9.908,7.75,12.135,8.662,9.22,11.09,3.83,19.91,0.003,-0.0,-0.007,-0.01,-0.01,-80.305521,26.9243016,41.2
20.0,19.5,0.0,23.57,3.87,3.83,8.76,0.86,-0.73,-1.09,-0.36,10.683,2.972,4.836,9.751,11.38,9.32,11.87,12.46,0.004,-0.0,-0.007,-0.08,-0.03,-80.3055154,26.924311,41.25
20.6,19.4,0.0,23.7,1.78,2.23,9.25,0.44,0.78,-1.07,-0.33,10.114,6.357,6.926,7.819,13.34,7.65,8.73,18.74,0.004,-0.0,-0.007,-0.07,-0.03,-80.3055098,26.9243205,41.3
20.5,19.6,0.0,23.86,2.75,4.77,10.28,0.56,1.32,-1.03,-0.31,4.189,11.066,4.444,8.407,9.03,11.58,10.5,10.59,0.004,-0.0,-0.007,-0.04,-0.02,-80.3055043,26.92433,41.35
20.6,19.7,0.0,24.02,3.58,1.77,10.49,-0.01,0.44,-1.0,-0.31,7.426,10.222,13.567,8.162,4.81,12.16,14.32,16.58,0.004,-0.001,-0.008,-0.1,-0.04,-80.3054989,26.9243397,41.4
20.6,20.0,0.0,24.17,2.33,5.09,10.33,2.03,-1.14,-0.96,-0.33,8.554,7.475,10.301,6.475,10.01,5.2,12.65,12.65,0.004,-0.001,-0.008,-0.16,-0.07,-80.3054935,26.9243495,41.45
20.7,20.3,0.0,24.32,3.89,4.12,10.63,0.69,-0.51,-0.93,-0.34,6.239,10.987,8.309,9.074,13.83,9.91,8.83,8.63,0.004,-0.001,-0.008,-0.17,-0.07,-80.3054882,26.9243593,41.5
21.5,20.3,0.0,24.48,3.44,5.82,10.8,0.4,-1.62,-0.92,-0.38,8.034,8.505,5.808,9.408,10.4,9.91,8.63,16.97,0.004,-0.001,-0.008,-0.12,-0.05,-80.3054829,26.9243693,41.55
21.6,20.4,0.0,24.63,3.08,3.48,10.89,0.27,0.2,-0.89,-0.38,9.584,9.535,5.474,10.85,7.65,12.85,9.03,16.28,0.004,-0.001,-0.009,-0.21,-0.09,-80.3054777,26.9243794,41.6
22.0,20.5,0.0,24.78,2.93,3.67,11.12,1.46,-1.45,-0.88,-0.4,7.151,7.799,6.053,8.966,13.34,8.44,13.73,10.79,0.004,-0.001,-0.008,-0.19,-0.08,-80.3054726,26.9243896,41.65
21.8,20.4,0.0,24.92,3.3,4.81,10.97,1.15,-0.93,-0.86,-0.43,7.102,5.7,8.025,8.388,12.46,9.81,20.6,8.53,0.004,-0.001,-0.009,-0.22,-0.1,-80.3054676,26.9243999,41.7
20.8,20.6,0.0,25.06,3.35,4.77,11.54,-0.4,-0.87,-0.86,-0.46,4.424,11.007,9.447,10.585,7.06,14.52,15.21,7.16,0.004,-0.001,-0.009,-0.17,-0.07,-80.3054626,26.9244103,41.75
20.8,20.6,0.0,25.2,3.5,5.14,10.74,0.25,-0.03,-0.84,-0.46,5.327,8.417,5.582,7.465,9.32,6.18,6.97,15.01,0.005,-0.001,-0.009,-0.2,-0.09,-80.3054577,26.9244208,41.8
20.9,20.6,0.0,25.33,2.64,3.54,10.67,-0.44,1.41,-0.8,-0.42,12.312,6.396,6.465,10.605,14.32,11.67,6.77,16.19,0.005,-0.001,-0.009,-0.29,-0.13,-80.305453,26.9244314,41.85
20.6,20.6,0.0,25.49,3.23,4.13,10.61,1.29,0.26,-0.8,-0.38,8.584,9.653,6.553,7.73,14.03,13.24,8.24,4.91,0.005,-0.001,-0.009,-0.27,-0.12,-80.3054483,26.924442,41.9
20.6,20.6,0.0,25.62,2.65,5.37,11.07,0.68,-1.02,-0.76,-0.39,7.034,8.103,8.515,7.465,7.06,12.16,17.27,11.87,0.005,-0.001,-0.009,-0.21,-0.1,-80.3054436,26.9244528,41.95
20.7,20.6,0.0,25.77,3.01,3.61,11.26,-0.21,-0.31,-0.75,-0.41,7.613,6.955,4.827,8.839,11.38,6.08,14.32,8.34,0.005,-0.001,-0.009,-0.29,-0.13,-80.3054391,26.9244637,42.0
20.8,20.6,0.0,25.9,2.53,3.92,10.83,0.72,-0.45,-0.72,-0.43,7.681,13.018,6.357,8.26,15.7,12.46,5.49,14.32,0.005,-0.001,-0.009,-0.28,-0.13,-80.3054347,26.9244747,42.05
20.6,20.6,0.0,26.04,3.53,4.26,11.01,0.1,0.99,-0.75,-0.38,5.543,5.288,7.357,7.083,3.34,6.77,7.75,12.56,0.005,-0.001,-0.009,-0.31,-0.14,-80.3054303,26.9244858,42.1
19.8,20.6,0.0,26.18,3.45,5.8,11.41,0.53,-0.62,-0.77,-0.37,5.023,10.065,4.365,2.855,6.87,10.1,17.46,0.29,0.005,-0.001,-0.009,-0.29,-0.13,-80.3054261,26.924497,42.15
20.1,20.6,0.0,26.32,2.59,5.25,10.96,-1.66,-0.01,-0.81,-0.4,9.123,6.445,9.437,8.682,14.03,9.52,13.15,6.87,0.005,-0.001,-0.009,-0.24,-0.11,-80.3054219,26.9245082,42.2
20.4,20.6,0.0,26.45,2.6,3.62,10.65,-0.66,1.3,-0.83,-0.4,6.975,7.554,6.808,8.574,6.28,8.34,6.67,14.32,0.005,-0.001,-0.009,-0.32,-0.15,-80.3054179,26.9245196,42.25
19.9,20.7,0.0,26.58,2.08,5.33,10.11,-0.17,2.0,-0.83,-0.32,9.094,8.456,7.74,8.348,10.89,10.1,11.87,15.01,0.005,-0.001,-0.009,-0.26,-0.12,-80.3054139,26.9245311,42.3
18.8,20.7,0.0,26.74,3.71,4.36,10.74,-0.47,0.14,-0.81,-0.31,8.545,5.317,7.603,7.956,13.15,14.32,21.88,12.95,0.005,-0.001,-0.009,-0.39,-0.18,-80.30541,26.9245426,42.35
18.0,20.7,0.0,26.88,2.77,3.68,10.87,0.27,-0.86,-0.79,-0.31,6.69,9.408,5.749,9.104,8.24,9.81,14.03,9.22,0.005,-0.001,-0.009,-0.41,-0.19,-80.3054063,26.9245543,42.4
16.4,20.9,0.0,27.0,2.74,3.54,9.99,0.72,-1.0,-0.81,-0.33,9.28,9.025,5.621,6.867,13.93,11.87,11.58,17.27,0.005,-0.001,-0.009,-0.39,-0.19,-80.3054026,26.924566,42.45
15.0,21.3,0.0,27.15,2.8,5.18,9.16,-0.03,-0.25,-0.84,-0.33,11.154,5.68,6.112,4.621,14.72,6.57,17.17,15.99,0.005,-0.001,-0.009,-0.39,-0.19,-80.305399,26.9245778,42.5
14.3,21.6,0.0,27.28,3.24,5.95,8.64,1.38,-1.49,-0.86,-0.34,10.094,6.573,12.292,6.435,12.16,11.09,6.57,10.69,0.005,-0.001,-0.009,-0.35,-0.16,-80.3053955,26.9245897,42.55
14.0,22.2,0.0,27.43,2.84,4.41,8.05,0.39,-1.25,-0.94,-0.37,9.084,8.172,9.113,8.751,13.24,12.16,6.87,14.62,0.004,-0.001,-0.009,-0.35,-0.17,-80.3053922,26.9246017,42.6
12.1,22.8,0.0,27.56,2.78,6.63,7.88,-0.05,-1.09,-0.94,-0.42,6.524,8.466,7.711,10.075,4.91,8.14,16.97,17.85,0.004,-0.001,-0.009,-0.31,-0.15,-80.3053889,26.9246138,42.65
11.4,23.9,0.0,27.69,2.36,4.56,7.26,0.59,0.25,-0.95,-0.42,8.348,2.364,6.229,8.132,10.01,11.58,15.01,13.24,0.005,-0.001,-0.009,-0.31,-0.15,-80.3053857,26.9246259,42.7
10.6,25.2,0.0,27.82,2.24,4.47,6.48,-1.03,0.63,-1.0,-0.39,9.781,4.199,7.662,7.142,9.42,7.26,6.08,16.09,0.004,-0.001,-0.008,-0.27,-0.13,-80.3053825,26.9246381,42.75
9.6,26.2,0.0,27.97,2.85,4.92,6.65,0.64,-0.81,-1.03,-0.39,9.516,6.298,6.945,4.817,9.12,10.5,14.03,9.81,0.004,-0.001,-0.008,-0.27,-0.13,-80.3053795,26.9246505,42.8
9.3,27.6,0.0,28.09,2.77,3.87,5.91,0.62,0.04,-1.08,-0.38,8.78,7.603,8.358,6.17,14.42,11.58,10.5,9.52,0.004,-0.001,-0.007,-0.33,-0.16,-80.3053765,26.9246628,42.85
9.1,29.2,0.0,28.23,2.3,1.92,5.66,-3.18,-0.16,-1.15,-0.37,9.555,8.535,6.19,4.542,9.71,5.49,5.4,15.89,0.004,-0.001,-0.007,-0.26,-0.13,-80.3053735,26.9246753,42.9
9.3,30.5,0.0,28.37,3.32,3.12,5.33,0.6,-2.02,-1.25,-0.38,9.3,8.505,6.396,5.857,13.15,12.56,15.6,13.83,0.004,-0.001,-0.007,-0.26,-0.13,-80.3053706,26.9246878,42.95
7.8,31.3,0.0,28.51,3.12,2.62,5.43,-3.09,-0.35,-1.39,-0.41,5.906,11.399,11.056,8.025,5.3,15.21,15.7,12.46,0.003,-0.001,-0.007,-0.27,-0.14,-80.3053678,26.9247004,43.0
8.1,32.6,0.0,28.64,2.19,1.21,5.29,-5.44,0.72,-1.49,-0.41,8.564,9.123,7.034,5.317,13.44,13.54,5.89,0.88,0.003,-0.001,-0.008,-0.28,-0.14,-80.305365,26.924713,43.05
8.9,33.2,0.0,28.79,3.05,0.97,5.0,1.49,-0.18,-1.4,-0.46,9.516,6.798,5.474,8.535,6.18,7.85,20.5,7.26,0.003,-0.0,-0.008,-0.22,-0.11,-80.3053624,26.9247258,43.1
8.9,33.3,0.0,28.96,2.63,1.41,5.03,4.61,-0.15,-1.28,-0.46,5.209,6.72,4.777,7.652,10.99,8.93,9.42,9.32,0.003,-0.0,-0.008,-0.26,-0.13,-80.3053597,26.9247386,43.15
8.6,33.0,0.0,29.11,3.31,1.74,5.09,0.47,0.32,-1.24,-0.47,9.182,9.565,5.69,6.023,10.59,7.65,6.28,19.42,0.004,-0.0,-0.007,-0.25,-0.13,-80.3053571,26.9247516,43.2
8.9,32.7,0.0,29.28,4.44,3.46,5.3,4.72,-1.69,-1.19,-0.49,8.015,6.082,5.023,7.338,12.85,13.93,14.81,15.3,0.004,0.0,-0.008,-0.22,-0.11,-80.3053546,26.9247645,43.25
9.3,32.2,0.0,29.41,3.79,3.64,5.54,2.5,-0.24,-1.15,-0.48,8.584,5.857,7.711,4.071,3.83,13.64,11.28,11.28,0.004,-0.0,-0.008,-0.19,-0.1,-80.3053521,26.9247776,43.3
9.3,31.9,0.0,29.55,2.97,0.82,5.93,-0.93,1.54,-1.13,-0.47,5.003,8.054,11.664,5.543,12.36,11.38,11.09,11.58,0.004,0.0,-0.008,-0.31,-0.16,-80.3053496,26.9247907,43.35
7.9,31.7,0.0,29.69,2.02,3.15,5.25,-2.48,2.99,-1.06,-0.43,7.907,3.267,7.132,8.927,10.69,8.14,12.65,5.0,0.004,0.0,-0.008,-0.22,-0.11,-80.3053472,26.9248039,43.4
6.8,31.4,0.0,29.83,2.16,0.5,5.45,-3.53,1.13,-1.03,-0.41,9.83,7.014,4.571,4.738,15.4,11.87,6.47,8.14,0.004,-0.0,-0.007,-0.3,-0.16,-80.3053449,26.9248172,43.45
6.5,30.6,0.0,29.96,3.36,3.67,4.84,3.89,-0.09,-0.96,-0.4,9.153,4.67,4.022,7.034,5.49,15.01,13.34,0.1,0.004,0.0,-0.007,-0.35,-0.18,-80.3053426,26.9248306,43.5
5.9,29.2,0.0,30.1,1.87,3.97,4.6,-1.76,0.74,-0.95,-0.4,8.27,7.613,4.846,6.975,13.05,12.56,4.91,11.67,0.004,0.0,-0.007,-0.3,-0.16,-80.3053404,26.924844,43.55
4.9,28.4,0.0,30.25,3.57,2.91,3.96,2.45,-1.02,-0.91,-0.42,6.023,8.594,6.612,5.984,8.04,14.22,18.25,7.36,0.004,-0.0,-0.007,-0.27,-0.14,-80.3053382,26.9248575,43.6
4.9,27.8,0.0,30.36,3.79,1.87,3.62,1.51,-1.57,-0.91,-0.43,8.142,8.584,9.741,9.692,14.13,7.65,4.02,5.98,0.004,-0.0,-0.007,-0.27,-0.14,-80.3053361,26.924871,43.65
5.1,27.0,0.0,30.5,2.15,1.62,3.4,-4.43,2.44,-0.97,-0.37,6.739,3.649,7.887,9.427,8.63,7.85,8.93,15.79,0.003,-0.0,-0.007,-0.27,-0.14,-80.305334,26.9248847,43.7
5.6,25.9,0.0,30.62,2.6,0.88,3.14,-3.72,0.86,-1.02,-0.33,8.554,11.772,9.074,6.18,9.91,9.81,16.48,14.13,0.003,-0.0,-0.006,-0.23,-0.12,-80.305332,26.9248983,43.75
5.2,24.5,0.0,30.76,2.4,1.23,3.9,-4.06,1.39,-1.07,-0.31,2.972,5.239,12.321,6.769,10.01,11.58,12.65,11.87,0.003,-0.0,-0.006,-0.26,-0.14,-80.30533,26.9249121,43.8
4.3,22.9,0.0,30.86,2.87,2.78,3.5,2.61,-0.12,-1.0,-0.36,7.554,5.229,4.061,3.944,9.91,5.69,11.97,2.35,0.003,0.0,-0.006,-0.26,-0.14,-80.305328,26.9249259,43.85
4.1,21.7,0.0,30.97,2.81,-0.47,3.18,-0.32,0.35,-1.0,-0.34,9.928,11.89,8.78,3.483,12.95,14.03,7.85,15.4,0.003,0.0,-0.006,-0.22,-0.12,-80.3053261,26.9249397,43.9
3.9,20.5,0.0,31.1,2.11,2.24,2.98,-1.7,0.03,-1.02,-0.34,7.436,8.682,1.491,2.923,5.79,11.58,11.87,15.21,0.003,-0.0,-0.005,-0.26,-0.14,-80.3053242,26.9249536,43.95
3.6,19.6,0.0,31.18,2.5,2.82,2.42,-0.94,-0.08,-1.05,-0.33,8.388,9.584,3.375,3.904,10.69,13.73,10.69,-0.49,0.003,0.0,-0.005,-0.2,-0.11,-80.3053224,26.9249676,44.0
3.2,18.6,0.0,31.29,1.74,1.18,2.69,-1.68,1.42,-1.06,-0.32,8.231,6.298,5.621,8.172,8.24,9.81,20.5,17.66,0.003,-0.0,-0.005,-0.22,-0.12,-80.3053205,26.9249816,44.05
3.2,18.0,0.0,31.37,2.24,-0.13,2.22,0.75,-0.3,-1.04,-0.32,9.692,9.231,5.955,2.815,13.93,2.75,-1.28,10.2,0.003,-0.0,-0.005,-0.26,-0.14,-80.3053188,26.9249957,44.1
3.3,16.7,0.0,31.48,1.95,2.09,2.41,-0.83,0.21,-1.08,-0.31,8.839,2.011,4.934,3.679,15.6,6.97,15.21,22.86,0.003,-0.0,-0.005,-0.22,-0.12,-80.3053171,26.9250098,44.15
3.3,14.6,0.0,31.54,1.85,2.44,2.46,-2.06,-0.27,-1.13,-0.27,8.289,6.759,4.061,1.334,5.89,11.77,8.34,2.35,0.002,-0.0,-0.005,-0.18,-0.1,-80.3053153,26.9250239,44.2
3.4,12.5,0.0,31.63,1.42,1.3,2.34,0.55,0.27,-1.17,-0.29,8.025,7.151,6.641,7.308,6.08,7.85,20.21,10.89,0.002,-0.0,-0.004,-0.18,-0.1,-80.3053136,26.9250381,44.25
3.3,11.0,0.0,31.67,0.72,2.31,2.27,0.2,0.8,-1.18,-0.27,9.408,10.261,4.925,4.738,9.12,16.09,8.34,6.38,0.002,-0.0,-0.004,-0.15,-0.08,-80.305312,26.9250522,44.3
2.5,9.1,0.0,31.71,0.33,1.16,2.3,-3.05,1.72,-1.25,-0.2,9.31,7.21,6.092,4.621,12.56,5.4,20.8,21.29,0.002,-0.0,-0.004,-0.25,-0.14,-80.3053103,26.9250665,44.35
2.2,6.8,0.0,31.69,-0.73,2.22,2.7,-1.0,0.68,-1.28,-0.13,8.849,6.17,5.582,9.241,15.11,4.91,6.57,9.22,0.001,-0.001,-0.003,-0.21,-0.11,-80.3053087,26.9250807,44.4
2.0,5.4,0.0,31.64,-2.1,0.4,3.07,-2.08,1.59,-1.36,-0.05,5.984,8.025,15.107,10.291,2.06,11.09,9.42,7.65,0.0,-0.001,-0.002,-0.3,-0.17,-80.3053072,26.925095,44.45
2.1,4.7,0.0,31.48,-3.65,1.45,2.88,3.59,2.67,-1.33,0.07,6.916,9.055,6.18,-0.834,1.57,9.71,17.95,20.11,-0.001,-0.002,-0.001,-0.22,-0.12,-80.3053057,26.9251092,44.5
1.7,4.5,0.0,31.38,-2.12,-0.21,2.0,-2.01,3.39,-1.41,0.23,6.269,10.497,-3.237,1.256,13.44,12.07,16.28,4.61,-0.001,-0.003,-0.0,-0.32,-0.17,-80.3053042,26.9251232,44.55
1.0,2.9,0.0,31.27,-1.53,-0.76,1.54,-3.42,0.56,-1.5,0.27,9.27,5.435,2.472,-2.708,10.1,12.46,4.32,0.29,-0.002,-0.004,0.0,-0.26,-0.14,-80.3053027,26.9251373,44.6
1.1,2.4,0.0,31.14,-3.22,0.0,0.93,-1.94,-0.34,-1.57,0.27,7.279,4.493,5.386,2.639,18.84,3.24,8.83,22.86,-0.002,-0.003,0.001,-0.26,-0.14,-80.3053013,26.9251514,44.65
1.4,1.9,0.0,31.01,-2.33,2.99,0.83,1.34,-2.0,-1.62,0.24,6.641,4.738,7.299,4.856,10.2,9.32,9.81,18.25,-0.002,-0.003,0.001,-0.16,-0.08,-80.3053,26.9251653,44.7
1.8,1.6,0.0,30.88,-3.06,-0.59,0.82,-0.49,-0.44,-1.65,0.22,8.927,7.23,8.603,4.719,8.04,9.42,20.01,6.57,-0.002,-0.003,0.001,-0.22,-0.12,-80.3052986,26.9251792,44.75
1.8,1.6,0.0,30.75,-2.85,0.14,1.0,-0.02,1.28,-1.64,0.23,6.759,11.056,2.394,4.179,6.28,14.22,8.53,6.57,-0.002,-0.002,0.001,-0.14,-0.08,-80.3052973,26.9251931,44.8
1.2,1.6,0.0,30.62,-3.42,1.47,1.4,1.31,1.11,-1.63,0.27,8.486,8.26,2.511,1.982,9.81,6.38,7.46,18.15,-0.002,-0.003,0.002,-0.15,-0.08,-80.305296,26.9252069,44.85
1.3,1.5,0.0,30.5,-2.45,0.24,1.53,-3.14,0.55,-1.68,0.32,9.143,11.223,4.15,3.541,14.81,5.89,18.25,13.54,-0.002,-0.003,0.002,-0.21,-0.11,-80.3052947,26.9252206,44.9
1.6,1.5,0.0,30.36,-4.58,0.91,1.84,0.39,0.2,-1.68,0.32,7.201,10.585,6.808,3.473,6.57,11.58,10.1,14.32,-0.002,-0.003,0.002,-0.21,-0.11,-80.3052934,26.9252343,44.95
2.0,1.4,0.0,30.25,-1.95,2.47,1.43,2.14,-0.96,-1.64,0.28,5.945,9.29,8.417,6.102,8.83,9.91,15.7,16.68,-0.002,-0.003,0.002,-0.22,-0.12,-80.3052922,26.9252479,45.0
1.8,1.5,0.0,30.12,-2.24,1.57,1.22,0.72,-2.04,-1.66,0.25,7.063,7.122,11.174,2.462,7.85,14.91,9.91,8.04,-0.002,-0.003,0.002,-0.16,-0.09,-80.305291,26.9252615,45.05
1.6,1.5,0.0,29.98,-1.49,0.52,1.4,2.06,-1.89,-1.65,0.27,8.329,14.205,0.216,4.287,10.2,7.46,4.12,2.65,-0.002,-0.003,0.001,-0.19,-0.1,-80.3052898,26.925275,45.1
1.6,1.4,0.0,29.86,-3.34,0.17,1.5,-0.94,0.56,-1.7,0.29,6.789,12.635,4.67,5.14,9.61,13.54,12.65,8.53,-0.002,-0.003,0.002,-0.22,-0.11,-80.3052887,26.9252885,45.15
2.1,1.5,0.0,29.74,-2.61,1.97,1.68,1.79,-0.12,-1.66,0.29,5.562,11.438,9.349,5.396,1.86,12.46,13.44,18.64,-0.002,-0.003,0.002,-0.2,-0.1,-80.3052875,26.9253019,45.2
1.8,1.5,0.0,29.63,-2.05,0.37,1.61,-0.92,0.12,-1.65,0.28,11.252,9.467,1.903,5.955,11.87,13.34,21.09,7.16,-0.002,-0.003,0.002,-0.25,-0.13,-80.3052864,26.9253152,45.25
0.8,1.4,0.0,29.51,-1.56,-0.54,1.9,3.24,-2.08,-1.61,0.23,8.299,10.958,11.517,6.975,7.46,7.95,17.27,4.91,-0.002,-0.003,0.001,-0.23,-0.12,-80.3052854,26.9253286,45.3
1.0,1.5,0.0,29.38,-1.88,2.22,0.67,1.73,0.14,-1.68,0.27,6.789,6.543,1.521,6.896,13.34,9.81,6.18,10.5,-0.002,-0.003,0.002,-0.2,-0.1,-80.3052843,26.9253418,45.35
1.2,1.4,0.0,29.26,-2.88,-0.12,0.6,-1.81,1.62,-1.71,0.33,11.949,5.288,5.18,6.386,8.53,7.65,18.54,17.46,-0.002,-0.003,0.002,-0.17,-0.09,-80.3052832,26.925355,45.4
1.1,1.5,0.0,29.14,-3.35,-0.7,0.99,0.94,-0.97,-1.71,0.31,9.241,7.23,3.394,7.387,14.42,8.93,9.42,12.07,-0.002,-0.003,0.002,-0.2,-0.1,-80.3052822,26.9253681,45.45
0.2,1.5,0.0,29.02,-2.9,-1.16,0.68,-2.58,0.72,-1.76,0.28,6.318,6.838,0.02,3.443,7.85,8.04,6.47,15.21,-0.002,-0.003,0.002,-0.16,-0.08,-80.3052812,26.9253812,45.5
0.4,1.4,0.0,28.92,-2.68,-1.15,0.97,-4.65,1.5,-1.84,0.31,6.298,8.368,7.819,5.925,11.77,11.09,21.19,13.05,-0.002,-0.003,0.002,-0.26,-0.13,-80.3052802,26.9253943,45.55
1.0,1.4,0.0,28.81,-2.28,-0.51,1.18,-1.97,1.02,-1.81,0.32,8.711,9.555,2.031,3.855,6.38,11.97,14.32,14.62,-0.002,-0.003,0.002,-0.17,-0.08,-80.3052793,26.9254073,45.6
1.0,1.5,0.0,28.7,-1.99,1.4,0.92,0.99,-0.62,-1.81,0.29,8.515,10.124,3.747,6.72,11.67,12.16,8.53,15.89,-0.002,-0.003,0.002,-0.2,-0.1,-80.3052783,26.9254202,45.65
0.1,1.5,0.0,28.59,-1.48,1.03,0.71,0.08,0.11,-1.83,0.26,10.045,10.202,-2.56,7.191,11.48,8.63,14.72,11.87,-0.002,-0.003,0.002,-0.17,-0.08,-80.3052774,26.9254331,45.7
0.3,1.5,0.0,28.47,-1.73,3.15,0.76,3.15,-0.24,-1.82,0.28,8.417,7.662,-1.324,6.082,10.69,12.26,11.09,8.44,-0.002,-0.003,0.002,-0.2,-0.1,-80.3052764,26.925446,45.75
1.0,1.5,0.0,28.36,-1.88,1.2,0.77,0.99,-0.19,-1.83,0.31,9.143,4.13,-3.365,2.129,6.57,6.38,9.32,15.01,-0.003,-0.003,0.002,-0.16,-0.08,-80.3052755,26.9254588,45.8
0.4,1.5,0.0,28.26,-1.86,0.56,0.61,1.4,-1.3,-1.83,0.28,11.733,2.374,3.09,6.327,10.99,10.5,16.09,13.15,-0.002,-0.003,0.002,-0.12,-0.06,-80.3052746,26.9254715,45.85
-0.5,1.5,0.0,28.14,-2.14,-0.54,0.64,2.45,-0.46,-1.81,0.27,8.564,8.025,3.012,5.248,13.44,4.22,8.14,3.14,-0.002,-0.003,0.002,-0.2,-0.1,-80.3052737,26.9254842,45.9
0.1,1.5,0.0,28.03,-1.99,0.87,-0.21,2.05,-0.22,-1.82,0.27,9.996,10.045,3.473,3.62,9.52,8.44,4.51,14.13,-0.002,-0.003,0.002,-0.18,-0.09,-80.3052729,26.9254968,45.95
0.4,1.5,0.0,27.92,-1.38,0.91,0.05,2.63,-0.34,-1.81,0.3,10.418,9.8,6.416,6.014,13.44,7.95,12.07,9.81,-0.002,-0.002,0.002,-0.17,-0.08,-80.305272,26.9255094,46.0
-0.6,1.4,0.0,27.82,-2.54,0.77,0.08,1.68,-0.03,-1.82,0.32,7.426,9.82,1.815,4.532,7.95,12.46,8.24,10.01,-0.002,-0.003,0.002,-0.16,-0.08,-80.3052711,26.9255219,46.05
-0.6,1.3,0.0,27.72,-1.95,1.41,-0.27,-0.21,-0.06,-1.87,0.31,6.465,12.037,3.875,7.956,13.93,15.21,10.01,17.27,-0.002,-0.003,0.002,-0.14,-0.07,-80.3052703,26.9255344,46.1
0.1,1.4,0.0,27.61,-2.45,0.58,-0.22,1.13,-0.37,-1.85,0.3,8.368,15.686,6.798,6.808,4.61,8.04,14.72,9.03,-0.003,-0.003,0.002,-0.15,-0.07,-80.3052694,26.9255469,46.15
-0.6,1.5,0.0,27.49,-2.4,-1.47,-0.06,-1.26,0.81,-1.88,0.3,9.781,11.703,4.542,7.289,11.48,8.73,12.65,4.81,-0.002,-0.003,0.002,-0.15,-0.07,-80.3052686,26.9255593,46.2
-1.1,1.5,0.0,27.39,-2.77,-1.3,-0.56,0.36,1.06,-1.9,0.31,9.908,4.611,6.484,6.975,11.87,4.61,3.92,15.4,-0.002,-0.003,0.002,-0.17,-0.08,-80.3052677,26.9255716,46.25
-1.2,1.4,0.0,27.3,-2.31,-0.02,-0.32,-0.97,1.18,-1.93,0.34,11.36,10.379,4.277,5.474,6.38,11.28,12.07,10.99,-0.003,-0.003,0.002,-0.15,-0.07,-80.3052668,26.925584,46.3
-1.0,1.4,0.0,27.19,-1.99,-0.78,-0.65,1.58,-0.65,-1.92,0.31,11.654,5.729,3.11,5.052,12.65,10.59,14.91,11.87,-0.003,-0.003,0.002,-0.19,-0.09,-80.305266,26.9255962,46.35
-1.8,1.4,0.0,27.09,-1.62,0.73,-0.97,0.68,-1.53,-1.92,0.26,7.505,12.017,10.624,5.68,9.22,9.81,13.54,7.06,-0.003,-0.003,0.002,-0.14,-0.06,-80.3052652,26.9256084,46.4
-1.9,1.4,0.0,26.99,-1.78,-0.62,-0.97,-0.91,-0.02,-1.95,0.25,10.114,11.811,6.435,7.456,10.59,12.16,9.71,11.18,-0.003,-0.002,0.002,-0.19,-0.09,-80.3052643,26.9256206,46.45
-0.8,1.4,0.0,26.88,-2.83,-0.98,-1.24,0.03,0.66,-1.96,0.27,10.663,6.524,5.258,3.375,12.16,6.87,9.71,15.5,-0.003,-0.002,0.002,-0.11,-0.05,-80.3052635,26.9256327,46.5
-1.6,1.4,0.0,26.79,-1.74,-1.11,-1.13,-0.89,0.34,-1.97,0.27,6.455,13.145,7.014,4.787,6.87,11.48,15.5,9.81,-0.003,-0.002,0.002,-0.19,-0.09,-80.3052626,26.9256448,46.55
-1.6,1.4,0.0,26.69,-1.74,-1.89,-1.04,0.3,-0.04,-1.93,0.26,10.654,7.995,4.267,6.19,13.15,11.48,9.71,7.06,-0.003,-0.002,0.002,-0.16,-0.07,-80.3052617,26.9256568,46.6
-0.6,1.4,0.0,26.58,-2.02,-0.85,-0.85,-1.3,-0.21,-1.93,0.25,8.898,8.819,7.799,7.299,5.3,8.14,10.4,15.5,-0.003,-0.002,0.002,-0.2,-0.09,-80.3052608,26.9256688,46.65
-1.2,1.3,0.0,26.48,-2.01,0.75,-0.57,0.47,0.16,-1.93,0.25,7.985,11.164,7.613,8.456,9.12,11.09,8.44,17.36,-0.003,-0.002,0.002,-0.2,-0.09,-80.3052599,26.9256807,46.7
-1.3,1.4,0.0,26.37,-1.75,-1.17,-0.26,2.1,-0.4,-1.9,0.26,8.005,8.937,3.581,6.936,13.34,9.52,11.67,13.93,-0.003,-0.002,0.002,-0.27,-0.12,-80.305259,26.9256926,46.75
-0.4,1.4,0.0,26.27,-2.34,-0.89,-0.44,0.75,0.86,-1.88,0.3,11.213,10.222,7.779,5.454,5.0,7.06,13.05,10.2,-0.003,-0.002,0.002,-0.19,-0.09,-80.3052581,26.9257045,46.8
-0.7,1.4,0.0,26.17,-2.45,-0.57,-0.35,-0.74,1.18,-1.89,0.31,8.996,6.514,7.201,7.573,11.18,9.32,7.85,8.53,-0.003,-0.002,0.002,-0.21,-0.1,-80.3052572,26.9257163,46.85
-1.0,1.4,0.0,26.07,-2.38,0.37,-0.27,0.24,-0.06,-1.86,0.29,8.996,13.891,7.966,7.407,14.42,12.75,6.77,16.09,-0.002,-0.002,0.002,-0.21,-0.09,-80.3052563,26.925728,46.9
-0.2,1.4,0.0,25.98,-2.53,-1.09,0.13,-0.39,0.04,-1.87,0.3,9.643,6.681,8.368,5.592,8.24,6.47,13.24,7.95,-0.003,-0.003,0.002,-0.22,-0.1,-80.3052554,26.9257397,46.95
-0.3,1.4,0.0,25.88,-1.49,-0.11,0.2,-0.11,-0.96,-1.88,0.27,8.603,10.82,7.475,8.103,11.09,13.93,17.66,10.5,-0.003,-0.002,0.002,-0.21,-0.09,-80.3052545,26.9257514,47.0
-0.3,1.3,0.0,25.78,-2.37,-0.6,-0.23,-0.24,0.68,-1.85,0.28,8.221,11.87,6.18,7.093,15.99,8.34,10.59,8.73,-0.003,-0.003,0.002,-0.23,-0.1,-80.3052536,26.925763,47.05
0.5,1.4,0.0,25.68,-2.23,0.09,0.53,-0.5,-0.08,-1.87,0.3,10.281,7.534,4.346,5.69,5.0,9.61,4.91,13.34,-0.003,-0.003,0.002,-0.17,-0.07,-80.3052527,26.9257746,47.1
0.5,1.4,0.0,25.57,-2.8,0.64,0.82,0.79,-0.35,-1.89,0.28,8.025,6.249,6.269,7.779,9.71,11.28,9.81,14.03,-0.003,-0.003,0.002,-0.16,-0.07,-80.3052519,26.9257861,47.15
-0.2,1.4,0.0,25.46,-2.56,-0.47,0.53,0.16,0.61,-1.85,0.28,10.055,13.508,4.876,3.61,12.46,11.77,17.27,15.79,-0.003,-0.003,0.002,-0.23,-0.1,-80.305251,26.9257976,47.2
0.4,1.4,0.0,25.34,-2.66,-1.17,0.38,0.15,0.72,-1.86,0.29,7.877,9.113,6.69,7.004,6.38,8.44,15.7,7.85,-0.003,-0.003,0.002,-0.23,-0.1,-80.3052501,26.925809,47.25
-0.1,1.3,0.0,25.23,-1.82,1.11,0.41,1.44,-1.25,-1.83,0.28,8.554,10.006,7.828,7.985,10.79,11.09,13.34,5.69,-0.003,-0.003,0.002,-0.17,-0.08,-80.3052492,26.9258204,47.3
-0.3,1.4,0.0,25.09,-2.2,-0.7,0.04,0.38,-0.24,-1.87,0.33,9.692,7.77,6.416,8.839,13.54,9.71,9.22,9.91,-0.003,-0.003,0.002,-0.18,-0.08,-80.3052484,26.9258317,47.35
0.5,1.4,0.0,24.97,-1.84,1.41,0.34,1.97,-1.07,-1.84,0.3,10.516,7.779,5.915,5.288,9.12,5.0,5.89,10.1,-0.003,-0.003,0.002,-0.17,-0.08,-80.3052476,26.925843,47.4
-0.5,1.4,0.0,24.85,-2.82,-0.73,0.45,-0.85,0.5,-1.86,0.32,9.987,9.987,8.711,6.327,7.65,6.67,9.52,4.61,-0.003,-0.003,0.002,-0.17,-0.07,-80.3052468,26.9258542,47.45
-0.1,1.4,0.0,24.74,-2.26,-0.65,0.57,0.91,-0.27,-1.87,0.31,8.456,9.486,9.535,7.583,10.3,7.06,15.6,15.21,-0.003,-0.003,0.002,-0.16,-0.07,-80.3052459,26.9258653,47.5
1.0,1.4,0.0,24.61,-2.84,0.09,0.16,-0.03,-0.27,-1.91,0.31,14.627,8.957,10.31,2.57,11.28,7.85,20.21,12.85,-0.003,-0.003,0.002,-0.16,-0.07,-80.3052451,26.9258764,47.55
-0.1,1.4,0.0,24.5,-2.27,0.44,0.12,-1.32,-0.72,-1.92,0.26,11.075,6.337,7.75,6.838,8.83,5.69,15.21,1.47,-0.003,-0.003,0.002,-0.2,-0.09,-80.3052443,26.9258875,47.6
0.9,1.4,0.0,24.37,-3.13,-0.12,0.4,-1.11,0.93,-1.95,0.26,9.702,10.212,9.535,7.495,9.61,7.95,10.99,2.65,-0.003,-0.003,0.002,-0.2,-0.09,-80.3052435,26.9258985,47.65
0.9,1.4,0.0,24.25,-2.44,0.22,0.45,-1.51,1.65,-1.96,0.3,7.416,13.675,7.112,9.447,12.56,10.89,3.24,8.44,-0.003,-0.003,0.001,-0.17,-0.07,-80.3052427,26.9259094,47.7
0.5,1.4,0.0,24.12,-2.21,-0.11,0.36,0.2,0.01,-2.03,0.3,12.488,8.77,8.221,6.377,11.67,8.14,3.24,15.11,-0.003,-0.003,0.002,-0.15,-0.06,-80.3052419,26.9259203,47.75
1.3,1.3,0.0,23.99,-3.14,-1.17,0.63,-1.77,-0.2,-2.06,0.3,7.868,12.066,7.534,7.259,4.51,8.04,7.26,13.05,-0.003,-0.003,0.002,-0.27,-0.11,-80.3052411,26.9259312,47.8
0.5,1.4,0.0,23.86,-2.59,0.13,0.76,-0.37,0.27,-2.1,0.28,8.152,6.445,7.25,7.161,5.79,10.5,11.38,12.95,-0.003,-0.003,0.002,-0.15,-0.06,-80.3052404,26.9259419,47.85
1.0,1.4,0.0,23.74,-2.96,0.74,1.12,0.12,0.04,-2.16,0.28,11.556,8.407,11.497,6.838,12.56,13.64,17.66,12.95,-0.003,-0.003,0.001,-0.11,-0.05,-80.3052396,26.9259526,47.9
1.7,1.4,0.0,23.61,-2.57,-0.39,1.07,-0.12,-0.34,-2.19,0.3,8.005,11.036,7.004,6.445,13.34,15.01,15.3,11.38,-0.003,-0.003,0.002,-0.19,-0.08,-80.3052389,26.9259633,47.95
0.8,1.4,0.0,23.49,-2.41,-0.33,1.36,-1.58,-0.62,-2.24,0.27,11.134,5.572,9.231,6.69,9.32,9.52,18.84,14.22,-0.003,-0.003,0.002,-0.12,-0.05,-80.3052382,26.9259739,48.0
2.0,1.4,0.0,23.36,-2.43,0.68,1.03,-0.84,-0.86,-2.29,0.23,10.85,6.229,13.126,7.77,5.4,9.52,14.03,10.69,-0.003,-0.003,0.001,-0.15,-0.06,-80.3052375,26.9259844,48.05
1.6,1.3,0.0,23.23,-2.45,-0.58,1.04,-0.81,0.19,-2.34,0.24,7.662,10.153,8.878,6.71,8.93,13.05,9.42,6.28,-0.003,-0.003,0.001,-0.09,-0.04,-80.3052368,26.9259949,48.1
1.8,1.4,0.0,23.12,-1.97,0.08,1.35,-0.31,-0.11,-2.38,0.27,8.672,6.906,7.318,7.475,11.97,15.89,7.26,12.26,-0.003,-0.003,0.002,-0.14,-0.06,-80.3052361,26.9260053,48.15
2.6,1.4,0.0,23.02,-2.18,0.29,1.06,1.92,-0.87,-2.4,0.25,11.488,7.926,5.219,7.377,11.77,14.13,10.5,15.4,-0.003,-0.003,0.002,-0.19,-0.08,-80.3052354,26.9260157,48.2
2.1,1.4,0.0,22.92,-2.38,-0.5,1.53,-1.17,0.41,-2.43,0.27,8.721,14.529,5.7,7.701,6.57,10.2,8.83,12.46,-0.003,-0.003,0.001,-0.13,-0.05,-80.3052348,26.9260261,48.25
2.5,1.4,0.0,22.83,-1.62,-0.31,1.53,-0.46,0.54,-2.48,0.3,5.572,15.078,6.396,8.652,3.14,8.24,6.77,18.64,-0.003,-0.003,0.002,-0.2,-0.08,-80.3052342,26.9260364,48.3
2.9,1.4,0.0,22.73,-2.07,-0.33,1.56,1.46,-0.68,-2.44,0.27,11.203,9.584,6.17,8.123,8.73,6.47,9.03,14.13,-0.003,-0.003,0.002,-0.17,-0.07,-80.3052335,26.9260466,48.35
2.7,1.4,0.0,22.64,-1.89,-0.06,1.69,2.91,-0.84,-2.45,0.26,11.046,7.387,7.838,10.83,13.44,9.32,11.09,16.38,-0.003,-0.003,0.002,-0.09,-0.04,-80.3052329,26.9260569,48.4
3.9,1.4,0.0,22.56,-1.71,-0.59,2.29,1.01,0.04,-2.45,0.28,10.82,8.211,10.781,8.662,14.72,12.07,12.75,10.4,-0.002,-0.003,0.001,-0.12,-0.05,-80.3052324,26.926067,48.45
3.4,1.3,0.0,22.46,-1.81,0.69,1.93,0.86,0.83,-2.45,0.31,7.328,11.654,9.27,7.779,12.75,13.93,13.83,12.07,-0.002,-0.003,0.001,-0.1,-0.04,-80.3052318,26.9260774,48.5
4.4,1.3,0.0,22.38,-1.8,0.34,2.4,-0.84,0.03,-2.45,0.3,7.299,12.655,10.036,8.064,6.47,9.61,10.79,11.38,-0.003,-0.003,0.001,-0.2,-0.08,-80.3052313,26.9260875,48.55
4.5,1.3,0.0,22.28,-2.4,0.6,2.53,0.06,0.76,-2.45,0.29,10.673,8.584,7.338,10.163,6.38,6.38,13.83,13.24,-0.002,-0.003,0.001,-0.15,-0.06,-80.3052308,26.9260976,48.6
5.8,1.3,0.0,22.2,-1.86,0.14,2.5,0.5,-0.4,-2.48,0.31,11.301,6.063,10.771,8.437,7.65,8.14,17.07,10.5,-0.003,-0.003,0.001,-0.16,-0.06,-80.3052303,26.9261076,48.65
6.5,1.3,0.0,22.12,-2.07,0.67,3.11,0.78,-0.35,-2.42,0.29,10.879,6.985,7.299,7.171,9.42,12.46,16.38,11.38,-0.002,-0.003,0.001,-0.08,-0.03,-80.3052298,26.9261176,48.7
7.2,1.3,0.0,22.02,-2.01,0.57,3.64,-1.37,0.23,-2.41,0.28,9.133,12.429,9.31,8.446,12.95,11.77,18.54,10.1,-0.002,-0.003,0.001,-0.14,-0.06,-80.3052294,26.9261275,48.75
9.0,1.3,0.0,21.94,-2.5,0.95,4.18,-0.7,0.94,-2.37,0.31,7.093,14.205,8.407,9.035,13.93,13.73,14.42,7.65,-0.002,-0.003,0.001,-0.13,-0.05,-80.305229,26.9261375,48.8
9.6,1.3,0.0,21.86,-1.55,1.81,4.74,-2.05,1.02,-2.32,0.33,6.779,12.056,8.505,6.798,13.44,12.56,16.09,13.83,-0.002,-0.003,0.001,-0.09,-0.03,-80.3052286,26.9261473,48.85
11.8,1.3,0.0,21.78,-1.56,1.75,5.3,0.35,0.69,-2.25,0.35,6.612,16.648,7.505,7.524,11.18,8.44,11.87,6.57,-0.002,-0.004,0.0,-0.15,-0.06,-80.3052283,26.9261572,48.9
12.2,1.4,0.0,21.69,-1.2,3.35,6.06,-0.95,-0.98,-2.22,0.35,10.31,8.309,9.31,8.329,6.87,6.87,15.4,9.61,-0.002,-0.004,0.0,-0.12,-0.05,-80.3052281,26.926167,48.95
15.8,1.4,0.0,21.61,-1.32,2.46,7.26,1.68,-0.86,-2.17,0.34,6.141,9.81,7.907,8.034,3.53,9.03,16.09,10.01,-0.002,-0.004,0.0,-0.09,-0.03,-80.3052279,26.9261768,49.0
18.5,1.5,0.0,21.52,-2.14,2.31,8.07,3.34,-0.69,-2.13,0.33,11.282,6.18,8.299,8.672,7.16,6.47,16.28,7.06,-0.002,-0.004,-0.0,-0.08,-0.03,-80.3052278,26.9261865,49.05
22.6,1.5,0.0,21.44,-1.22,4.39,9.57,3.7,-0.45,-1.98,0.34,9.624,4.65,10.379,9.898,9.22,7.65,11.28,5.89,-0.001,-0.004,-0.001,-0.01,-0.0,-80.3052277,26.9261962,49.1
24.1,1.6,0.0,21.35,-1.95,3.48,11.31,1.91,1.04,-1.88,0.38,10.938,9.202,8.378,9.035,10.79,10.79,16.28,6.28,-0.001,-0.004,-0.001,-0.04,-0.02,-80.3052277,26.9262059,49.15
24.5,1.6,0.0,21.26,-1.71,4.19,12.49,2.59,-0.21,-1.73,0.39,11.154,8.476,12.066,10.045,14.03,11.38,16.28,7.46,-0.001,-0.005,-0.002,-0.05,-0.02,-80.3052279,26.9262156,49.2
25.4,1.6,0.0,21.18,-1.75,4.19,13.29,0.37,-0.31,-1.64,0.42,13.391,9.977,8.613,9.143,15.89,11.48,19.03,5.4,-0.0,-0.005,-0.002,-0.14,-0.05,-80.3052281,26.9262252,49.25
24.7,1.6,0.0,21.1,-1.78,4.42,13.49,3.02,-0.88,-1.53,0.43,9.879,9.516,10.33,9.869,15.7,9.52,13.24,11.58,-0.0,-0.005,-0.003,-0.15,-0.05,-80.3052285,26.9262347,49.3
25.5,1.7,0.0,21.02,-1.64,5.75,13.6,1.01,-1.3,-1.45,0.43,10.301,9.378,7.838,8.731,15.79,5.59,18.64,9.12,-0.0,-0.005,-0.003,-0.18,-0.07,-80.305229,26.9262442,49.35
25.2,1.7,0.0,20.93,-2.05,4.74,13.4,1.94,0.56,-1.34,0.45,10.663,6.563,10.153,10.82,12.95,4.51,15.6,8.73,-0.0,-0.005,-0.003,-0.11,-0.04,-80.3052296,26.9262537,49.4
25.6,1.7,0.0,20.84,-1.91,4.55,13.68,1.17,0.58,-1.28,0.49,11.164,9.692,7.505,7.985,10.99,6.18,16.58,9.12,-0.0,-0.005,-0.003,-0.14,-0.05,-80.3052303,26.9262632,49.45
25.1,1.8,0.0,20.77,-1.15,4.93,13.61,1.84,0.69,-1.17,0.51,11.213,9.192,9.8,7.848,6.87,8.14,17.66,13.15,-0.0,-0.006,-0.003,-0.13,-0.05,-80.3052312,26.9262725,49.5
26.3,1.9,0.0,20.69,-1.11,4.78,14.15,0.21,-0.28,-1.09,0.5,11.36,12.194,7.799,9.172,4.22,7.85,15.99,9.42,-0.001,-0.006,-0.003,-0.16,-0.06,-80.3052321,26.9262819,49.55
25.9,1.9,0.0,20.6,-1.9,5.62,14.09,3.47,-1.5,-0.95,0.45,7.338,9.761,11.34,8.191,7.65,11.87,19.52,10.1,-0.001,-0.006,-0.004,-0.13,-0.05,-80.3052332,26.9262912,49.6
26.3,2.1,0.0,20.52,-2.11,4.77,13.9,4.72,-0.99,-0.83,0.42,10.575,6.327,9.388,10.791,5.2,9.91,15.79,8.44,-0.001,-0.006,-0.004,-0.13,-0.05,-80.3052345,26.9263004,49.65
26.7,2.1,0.0,20.44,-1.52,4.06,13.94,0.39,0.42,-0.73,0.39,6.592,13.714,7.338,8.564,5.79,12.07,13.24,9.32,-0.0,-0.006,-0.004,-0.15,-0.05,-80.3052358,26.9263096,49.7
27.3,2.3,0.0,20.37,-1.19,5.26,13.8,-1.81,0.08,-0.7,0.35,8.662,12.625,9.241,7.917,5.3,15.6,13.83,14.62,-0.0,-0.006,-0.004,-0.11,-0.04,-80.3052373,26.9263188,49.75
28.2,2.4,0.0,20.27,-2.24,5.47,14.44,2.03,-0.5,-0.61,0.34,6.798,10.507,8.515,10.369,8.53,9.81,11.58,5.98,0.0,-0.006,-0.004,-0.11,-0.04,-80.3052389,26.9263279,49.8
28.8,2.5,0.0,20.19,-2.07,4.72,14.44,0.6,0.5,-0.62,0.35,8.858,8.162,6.014,8.937,9.61,10.01,10.4,8.14,0.0,-0.006,-0.004,-0.09,-0.03,-80.3052405,26.9263369,49.85
29.5,2.6,0.0,20.1,-2.15,3.49,14.67,2.4,0.68,-0.59,0.36,9.074,8.996,6.857,9.339,6.97,12.85,6.67,7.95,0.0,-0.006,-0.004,-0.08,-0.03,-80.3052424,26.9263459,49.9
30.5,2.8,0.0,20.02,-1.99,4.06,14.0,1.3,1.03,-0.54,0.4,11.733,10.428,8.888,11.497,11.18,13.64,5.1,9.91,0.0,-0.006,-0.004,-0.04,-0.01,-80.3052443,26.9263548,49.95
31.3,3.1,0.0,19.95,-1.66,5.72,15.22,2.01,-1.57,-0.5,0.41,11.242,7.779,7.789,9.221,7.75,9.91,9.12,8.93,-0.0,-0.006,-0.004,-0.04,-0.01,-80.3052463,26.9263637,50.0
31.0,3.4,0.0,19.87,-1.04,5.61,16.36,2.25,-2.22,-0.41,0.37,9.025,9.329,8.947,9.251,10.59,9.52,9.91,6.67,-0.0,-0.007,-0.004,-0.1,-0.03,-80.3052485,26.9263725,50.05
32.6,3.6,0.0,19.78,-2.02,5.91,16.28,-0.58,-0.67,-0.38,0.31,7.966,10.31,7.72,7.495,8.04,7.06,13.05,13.44,0.0,-0.006,-0.004,-0.06,-0.02,-80.3052508,26.9263812,50.1
34.1,4.6,0.0,19.72,-1.13,5.15,16.29,0.25,0.37,-0.28,0.31,6.072,10.418,8.172,10.193,10.4,8.63,12.36,9.91,0.001,-0.006,-0.005,-0.04,-0.01,-80.3052533,26.9263899,50.15
36.0,5.4,0.0,19.67,-1.46,5.78,16.8,1.37,-0.06,-0.23,0.33,9.575,8.898,6.828,10.036,10.69,5.1,18.25,16.19,0.001,-0.006,-0.005,-0.08,-0.03,-80.3052559,26.9263985,50.2
37.1,6.7,0.0,19.61,-1.04,4.62,17.48,1.55,1.22,-0.16,0.38,9.8,8.77,8.24,8.76,12.56,8.04,15.4,8.83,0.002,-0.006,-0.005,-0.02,-0.01,-80.3052586,26.9264071,50.25
37.8,8.0,0.0,19.64,2.45,3.47,19.04,0.67,-1.78,-0.08,0.36,9.996,8.368,6.995,6.671,13.24,8.53,20.31,12.95,0.002,-0.006,-0.005,-0.07,-0.02,-80.3052615,26.9264156,50.3
39.0,8.4,0.0,19.8,2.53,6.77,19.3,1.29,-6.91,-0.07,0.11,10.467,6.524,8.711,10.546,10.59,1.86,11.67,12.56,0.002,-0.006,-0.007,-0.12,-0.04,-80.3052645,26.9264241,50.35
42.2,8.8,0.0,19.88,2.47,7.25,18.65,3.04,-4.57,0.02,-0.12,5.445,8.26,9.957,12.567,11.18,5.3,12.46,14.72,0.004,-0.005,-0.009,-0.06,-0.02,-80.3052677,26.9264327,50.4
42.0,9.4,0.0,20.01,2.31,6.54,17.43,2.53,-1.58,0.12,-0.25,7.269,9.202,10.781,10.663,11.38,9.12,8.83,8.24,0.005,-0.004,-0.012,-0.08,-0.03,-80.305271,26.9264412,50.45
43.6,9.5,0.0,20.1,0.79,5.26,17.89,0.39,0.63,0.13,-0.27,6.053,10.536,10.134,11.331,10.89,6.57,7.46,13.83,0.005,-0.004,-0.012,-0.11,-0.04,-80.3052745,26.9264497,50.5
44.4,9.6,0.0,20.25,3.09,5.75,18.21,-1.75,-0.65,0.1,-0.28,5.915,10.389,5.866,8.486,12.16,8.53,6.77,19.33,0.006,-0.004,-0.012,-0.11,-0.04,-80.3052782,26.9264583,50.55
47.6,9.5,0.0,20.37,2.94,8.3,19.24,0.87,-1.4,0.08,-0.31,7.044,10.448,7.063,8.888,11.38,8.63,6.18,7.16,0.006,-0.003,-0.011,-0.11,-0.04,-80.3052821,26.9264668,50.6
48.5,9.1,0.0,20.49,2.46,3.51,19.88,0.52,0.94,0.15,-0.29,7.662,7.357,4.365,8.505,11.97,10.89,8.24,17.56,0.006,-0.003,-0.012,-0.16,-0.06,-80.3052861,26.9264753,50.65
50.9,8.0,0.0,20.6,2.25,8.34,20.7,-0.01,0.42,0.18,-0.29,5.023,11.291,5.798,7.652,12.95,13.34,5.0,9.12,0.006,-0.003,-0.012,-0.16,-0.06,-80.3052903,26.9264838,50.7
51.6,6.5,0.0,20.71,1.46,4.7,21.58,-0.22,1.09,0.2,-0.27,6.622,9.231,7.338,10.879,11.28,13.34,10.89,16.48,0.006,-0.003,-0.012,-0.31,-0.11,-80.3052947,26.9264923,50.75
52.5,4.1,0.0,20.79,1.64,9.8,22.37,-0.18,0.51,0.23,-0.27,5.984,9.418,7.416,9.015,13.83,10.79,3.53,14.03,0.006,-0.004,-0.012,-0.23,-0.08,-80.3052993,26.9265008,50.8
52.6,3.4,0.0,20.81,-0.8,6.35,22.8,-0.22,2.08,0.29,-0.22,8.829,7.446,9.104,11.831,16.28,10.59,7.36,14.42,0.006,-0.004,-0.012,-0.29,-0.1,-80.3053042,26.9265092,50.85
52.3,3.0,0.0,20.78,0.4,10.76,24.27,1.06,2.2,0.37,-0.11,5.052,11.213,8.152,8.751,15.11,11.67,8.83,10.69,0.006,-0.005,-0.011,-0.24,-0.09,-80.3053091,26.9265175,50.9
52.3,2.8,0.0,20.68,-2.91,10.04,24.84,-0.33,4.27,0.4,0.03,9.849,10.153,7.613,8.672,15.11,6.47,10.99,8.04,0.006,-0.006,-0.01,-0.28,-0.1,-80.3053143,26.9265257,50.95
51.2,2.6,0.0,20.6,-1.87,7.49,26.24,1.6,3.67,0.51,0.21,10.938,10.644,6.818,8.339,10.89,10.59,8.14,10.4,0.004,-0.007,-0.009,-0.41,-0.15,-80.3053196,26.9265338,51.0
51.1,2.5,0.0,20.54,-1.18,9.89,27.57,-0.01,-0.04,0.52,0.26,10.036,10.673,9.447,10.448,10.99,4.71,17.27,11.77,0.004,-0.008,-0.008,-0.52,-0.18,-80.3053251,26.9265417,51.05
51.0,2.5,0.0,20.46,-1.19,10.22,27.48,0.93,-0.06,0.58,0.27,9.82,10.026,8.476,9.31,8.34,8.73,12.95,1.67,0.005,-0.008,-0.009,-0.61,-0.22,-80.3053308,26.9265496,51.1
51.1,2.5,0.0,20.37,-1.82,10.01,27.17,0.66,0.75,0.61,0.29,9.908,8.064,8.26,6.2,7.26,6.08,21.88,11.77,0.005,-0.008,-0.008,-0.63,-0.22,-80.3053366,26.9265572,51.15
51.2,2.5,0.0,20.29,-1.8,9.59,26.34,3.39,0.37,0.65,0.3,7.936,9.653,7.259,10.575,4.61,9.12,15.01,7.95,0.005,-0.007,-0.008,-0.74,-0.26,-80.3053426,26.9265646,51.2
51.5,2.5,0.0,20.21,-1.54,9.16,26.62,-0.82,0.88,0.66,0.31,5.121,12.861,7.76,8.8,5.4,9.71,18.15,4.22,0.005,-0.007,-0.008,-0.77,-0.27,-80.3053488,26.926572,51.25
51.5,2.5,0.0,20.13,-0.5,9.39,25.89,-2.27,1.44,0.62,0.34,6.043,12.655,8.682,6.7,6.67,15.21,15.79,11.58,0.005,-0.007,-0.007,-0.75,-0.26,-80.3053551,26.9265792,51.3
51.1,2.4,0.0,20.04,-1.98,10.47,25.88,-1.09,1.44,0.66,0.39,5.288,14.489,8.064,10.35,8.24,7.46,15.79,4.81,0.005,-0.008,-0.007,-0.7,-0.24,-80.3053616,26.9265862,51.35
51.0,2.5,0.0,19.95,-2.15,8.93,25.88,-1.02,0.32,0.64,0.39,8.711,8.819,4.679,8.76,7.75,10.01,14.62,12.65,0.005,-0.008,-0.007,-0.69,-0.24,-80.3053682,26.9265931,51.4
51.5,2.5,0.0,19.86,-2.54,9.12,26.37,-0.35,0.4,0.61,0.34,9.692,7.348,11.252,11.841,5.59,7.26,10.69,9.91,0.005,-0.008,-0.007,-0.66,-0.23,-80.305375,26.9265998,51.45
51.7,2.5,0.0,19.77,-1.03,8.14,25.21,1.27,0.77,0.66,0.34,13.508,5.356,7.377,10.869,10.3,6.57,0.2,8.73,0.005,-0.008,-0.008,-0.63,-0.22,-80.3053819,26.9266064,51.5
51.6,2.5,0.0,19.68,-1.75,9.07,25.12,0.12,0.85,0.63,0.39,9.79,8.682,7.603,9.918,5.89,10.79,5.98,8.53,0.005,-0.008,-0.008,-0.5,-0.17,-80.3053889,26.9266127,51.55
52.6,2.5,0.0,19.6,-1.67,10.18,25.65,0.5,-0.06,0.54,0.4,8.054,10.987,8.093,10.82,9.42,10.01,6.38,13.34,0.005,-0.008,-0.006,-0.51,-0.18,-80.3053961,26.9266189,51.6
52.7,2.5,0.0,19.51,-2.33,9.58,26.1,0.52,0.05,0.56,0.4,8.947,10.045,7.338,10.899,5.69,10.99,5.59,14.72,0.005,-0.008,-0.007,-0.49,-0.17,-80.3054034,26.926625,51.65
52.9,2.6,0.0,19.4,-2.75,9.64,26.31,0.03,0.53,0.56,0.41,8.633,7.652,9.006,10.114,4.51,9.81,14.13,7.75,0.005,-0.008,-0.007,-0.5,-0.17,-80.3054108,26.9266308,51.7
52.9,2.6,0.0,19.35,-0.96,8.45,26.17,2.88,0.28,0.56,0.43,8.721,11.419,8.486,7.985,4.41,13.64,11.38,12.36,0.005,-0.008,-0.007,-0.46,-0.16,-80.3054185,26.9266365,51.75
53.1,2.7,0.0,19.26,-1.77,9.34,26.55,-5.96,1.37,0.53,0.44,6.17,11.988,9.663,8.27,6.77,12.56,21.48,12.65,0.005,-0.008,-0.007,-0.45,-0.15,-80.3054261,26.926642,51.8
53.2,2.7,0.0,19.17,-0.01,10.09,26.31,2.62,0.01,0.57,0.47,4.866,12.204,7.564,8.211,9.71,14.91,18.74,13.44,0.005,-0.008,-0.006,-0.39,-0.13,-80.3054338,26.9266473,51.85
53.5,2.8,0.0,19.08,-2.36,8.56,26.93,-4.17,0.34,0.53,0.47,10.762,8.927,5.847,9.604,11.87,9.71,13.54,12.85,0.005,-0.008,-0.007,-0.43,-0.14,-80.3054417,26.9266524,51.9
53.6,2.8,0.0,18.99,-1.66,9.57,26.15,0.38,-0.33,0.46,0.46,9.839,6.259,8.8,11.311,17.27,7.55,4.81,6.18,0.005,-0.008,-0.006,-0.44,-0.15,-80.3054496,26.9266573,51.95
53.6,3.0,0.0,18.91,-2.05,8.54,26.18,0.01,0.42,0.48,0.46,5.454,13.508,7.74,10.173,9.12,10.3,-2.45,6.57,0.004,-0.008,-0.007,-0.39,-0.13,-80.3054577,26.9266621,52.0
53.8,3.2,0.0,18.83,-1.87,10.47,26.27,0.47,-1.38,0.44,0.43,8.554,6.063,9.614,10.546,6.38,11.48,10.2,12.75,0.005,-0.008,-0.007,-0.34,-0.11,-80.3054658,26.9266666,52.05
53.6,3.5,0.0,18.74,-1.09,10.34,26.12,-0.26,-0.18,0.42,0.43,11.164,8.682,11.242,11.625,11.38,11.48,16.48,7.75,0.004,-0.008,-0.007,-0.28,-0.09,-80.3054739,26.9266709,52.1
53.1,3.7,0.0,18.67,-2.2,8.99,26.85,-4.18,1.11,0.39,0.43,6.308,12.106,8.515,8.594,14.72,10.4,20.31,5.1,0.005,-0.008,-0.007,-0.39,-0.13,-80.3054822,26.9266751,52.15
54.5,4.0,0.0,18.6,-1.15,9.85,26.72,1.49,-1.02,0.41,0.38,9.457,8.584,9.251,11.282,14.62,9.42,11.97,12.16,0.005,-0.008,-0.007,-0.31,-0.1,-80.3054906,26.926679,52.2
54.1,4.4,0.0,18.55,-0.79,9.37,26.64,-1.59,-0.26,0.4,0.35,10.251,8.132,7.917,12.625,14.72,7.26,12.16,7.06,0.005,-0.008,-0.007,-0.26,-0.09,-80.305499,26.9266828,52.25
56.4,4.7,0.0,18.5,-0.64,8.41,25.87,1.1,0.0,0.32,0.33,9.045,9.369,4.326,9.163,14.32,6.28,1.57,18.93,0.005,-0.007,-0.007,-0.33,-0.11,-80.3055075,26.9266864,52.3
55.7,5.9,0.0,18.47,-0.25,9.52,25.64,-2.62,-0.45,0.28,0.31,10.271,5.994,5.925,11.429,10.5,9.61,1.67,11.77,0.005,-0.007,-0.007,-0.29,-0.09,-80.305516,26.9266897,52.35
56.3,6.8,0.0,18.53,1.49,9.55,25.08,1.77,-2.71,0.23,0.28,10.575,8.554,7.946,9.506,10.1,10.69,3.83,10.1,0.005,-0.007,-0.008,-0.24,-0.08,-80.3055247,26.926693,52.4
56.3,7.4,0.0,18.57,-0.09,7.01,25.01,-0.39,-1.59,0.2,0.21,6.681,12.881,9.957,10.065,9.42,12.36,13.64,13.64,0.005,-0.006,-0.008,-0.2,-0.07,-80.3055334,26.926696,52.45
56.8,7.9,0.0,18.66,1.49,7.75,24.88,0.92,-2.67,0.18,0.08,6.269,10.605,11.527,10.359,7.75,11.77,20.31,1.96,0.006,-0.006,-0.009,-0.25,-0.08,-80.3055423,26.9266989,52.5
57.6,8.2,0.0,18.78,1.87,8.11,24.53,1.18,-2.11,0.15,-0.06,8.731,9.81,9.241,10.065,9.03,9.61,13.15,4.61,0.006,-0.005,-0.011,-0.19,-0.06,-80.3055513,26.9267016,52.55
58.1,8.4,0.0,18.87,1.75,7.97,23.99,-0.46,0.0,0.13,-0.12,6.151,9.584,11.478,10.997,7.85,10.3,17.07,13.24,0.007,-0.004,-0.011,-0.21,-0.07,-80.3055603,26.9267041,52.6
58.1,8.4,0.0,18.99,2.61,7.69,23.4,-0.94,0.5,0.15,-0.12,5.955,11.36,10.889,11.733,6.67,11.97,15.99,5.98,0.007,-0.004,-0.012,-0.13,-0.04,-80.3055696,26.9267065,52.65
58.9,8.4,0.0,19.1,2.22,7.96,24.08,-3.33,0.76,0.12,-0.09,7.073,10.977,10.055,10.026,8.83,10.59,8.44,11.09,0.007,-0.004,-0.011,-0.17,-0.06,-80.3055789,26.9267087,52.7
62.4,8.4,0.0,19.22,2.65,7.59,24.66,-0.49,-0.58,0.08,-0.11,7.917,8.584,8.751,9.28,5.59,11.09,12.75,12.46,0.007,-0.004,-0.011,-0.2,-0.07,-80.3055883,26.9267108,52.75
65.8,8.2,0.0,19.32,2.34,9.71,25.39,1.41,-0.88,0.12,-0.13,10.644,9.241,9.418,11.242,9.61,8.93,9.42,11.38,0.007,-0.004,-0.011,-0.26,-0.09,-80.3055978,26.9267128,52.8
68.4,7.9,0.0,19.42,1.5,8.3,26.03,-0.0,-1.15,0.14,-0.15,10.654,9.947,8.741,9.104,3.63,14.42,7.55,19.23,0.007,-0.004,-0.012,-0.3,-0.1,-80.3056074,26.9267146,52.85
68.7,7.6,0.0,19.52,1.81,10.18,26.47,0.27,-0.96,0.15,-0.15,9.928,7.191,7.926,9.545,5.98,9.22,9.03,6.57,0.007,-0.004,-0.012,-0.37,-0.13,-80.3056171,26.9267162,52.9
69.5,7.3,0.0,19.61,1.56,8.91,26.47,3.34,-0.13,0.16,-0.14,7.868,7.083,8.829,11.429,10.4,6.18,8.34,16.68,0.007,-0.004,-0.012,-0.39,-0.13,-80.3056269,26.9267175,52.95
68.5,7.0,0.0,19.7,1.91,8.66,26.81,-0.76,0.83,0.21,-0.11,6.975,12.115,7.102,10.193,10.1,8.04,6.57,11.77,0.007,-0.005,-0.012,-0.53,-0.18,-80.3056368,26.9267188,53.0
68.4,6.8,0.0,19.78,2.73,10.25,27.81,-0.53,-0.85,0.22,-0.1,7.142,12.282,9.575,10.614,10.4,15.5,6.47,16.87,0.007,-0.005,-0.012,-0.51,-0.18,-80.3056467,26.9267198,53.05
68.7,6.5,0.0,19.83,0.62,9.34,27.52,1.8,-0.52,0.29,-0.11,7.24,8.093,9.987,12.272,6.97,10.1,13.44,15.5,0.007,-0.005,-0.012,-0.66,-0.23,-80.3056567,26.9267206,53.1
69.4,6.2,0.0,19.9,1.15,9.56,27.66,1.48,1.72,0.3,-0.11,5.935,9.359,5.023,7.603,9.71,10.3,8.73,-7.55,0.008,-0.004,-0.012,-0.73,-0.25,-80.3056668,26.9267213,53.15
69.4,5.5,0.0,19.96,1.48,8.73,27.82,-0.53,1.22,0.35,-0.08,7.583,11.409,8.388,7.789,9.42,7.26,16.58,14.72,0.008,-0.005,-0.012,-0.77,-0.27,-80.3056769,26.9267217,53.2
69.5,5.0,0.0,19.99,0.23,9.74,27.61,-0.76,1.82,0.38,-0.03,9.418,9.369,8.182,8.603,7.36,8.63,20.8,28.74,0.008,-0.005,-0.012,-0.83,-0.29,-80.305687,26.9267219,53.25
69.0,4.7,0.0,20.03,0.61,9.76,27.13,1.09,2.1,0.44,0.02,10.379,10.055,8.839,9.751,9.42,10.5,18.84,7.16,0.008,-0.005,-0.012,-0.87,-0.3,-80.3056972,26.9267219,53.3
68.1,4.5,0.0,20.0,0.3,10.04,27.09,2.28,0.46,0.48,0.08,11.635,7.201,6.524,10.31,9.71,6.28,17.46,4.22,0.008,-0.005,-0.011,-0.8,-0.28,-80.3057073,26.9267217,53.35
65.0,4.4,0.0,19.98,0.35,10.57,27.57,0.88,1.63,0.53,0.15,6.377,13.302,9.182,9.849,11.58,9.22,16.38,12.36,0.007,-0.006,-0.011,-0.82,-0.29,-80.3057174,26.9267213,53.4
62.2,4.2,0.0,19.98,0.38,11.13,27.8,-1.64,0.37,0.5,0.18,7.779,8.976,7.083,8.446,9.22,11.28,14.13,7.46,0.007,-0.007,-0.011,-0.81,-0.28,-80.3057275,26.9267207,53.45
59.8,4.1,0.0,19.94,-0.97,11.07,28.24,0.13,0.76,0.49,0.16,4.101,8.574,7.907,9.388,10.99,8.83,17.36,0.88,0.007,-0.007,-0.011,-0.82,-0.29,-80.3057376,26.9267198,53.5
57.4,4.0,0.0,19.89,-0.53,9.23,27.97,0.11,0.58,0.48,0.14,9.045,10.771,8.221,10.762,12.07,7.46,9.22,15.01,0.007,-0.007,-0.011,-0.89,-0.31,-80.3057476,26.9267187,53.55
57.1,3.8,0.0,19.85,-1.21,7.83,27.24,-0.17,1.04,0.48,0.14,8.132,12.645,7.73,10.516,10.99,10.5,5.69,17.66,0.007,-0.007,-0.011,-0.8,-0.28,-80.3057576,26.9267174,53.6
56.8,3.8,0.0,19.8,-0.33,8.15,26.57,-1.62,1.23,0.47,0.17,9.879,8.809,6.769,11.095,8.14,10.69,7.16,16.09,0.007,-0.006,-0.01,-0.85,-0.29,-80.3057675,26.9267159,53.65
56.9,3.7,0.0,19.76,-0.13,9.83,26.64,2.56,-0.52,0.43,0.2,9.898,7.456,10.173,12.204,10.2,12.56,5.1,6.67,0.007,-0.006,-0.01,-0.8,-0.28,-80.3057773,26.9267142,53.7
56.8,3.7,0.0,19.71,-0.95,9.61,25.95,0.55,1.39,0.43,0.25,6.416,11.488,5.346,10.036,9.12,13.64,7.65,8.83,0.007,-0.006,-0.01,-0.78,-0.27,-80.3057871,26.9267123,53.75
56.2,3.8,0.0,19.62,-2.43,8.83,26.27,-3.13,2.1,0.4,0.3,7.053,10.261,8.182,10.732,8.24,14.42,6.77,6.28,0.006,-0.007,-0.009,-0.74,-0.25,-80.3057968,26.9267102,53.8
55.3,3.8,0.0,19.57,-0.26,8.88,26.61,1.38,-0.11,0.43,0.32,6.955,14.283,7.711,8.123,8.63,15.21,11.09,9.61,0.006,-0.007,-0.009,-0.69,-0.24,-80.3058064,26.9267079,53.85
54.1,3.9,0.0,19.52,-0.63,9.03,27.43,-3.53,-0.35,0.37,0.29,8.466,11.664,8.24,9.045,7.75,12.46,18.05,10.3,0.006,-0.007,-0.009,-0.77,-0.26,-80.3058159,26.9267053,53.9
53.9,4.0,0.0,19.46,-1.1,9.49,26.58,1.32,0.34,0.38,0.27,7.024,8.76,8.78,12.204,9.91,10.3,14.42,10.4,0.006,-0.007,-0.01,-0.68,-0.23,-80.3058254,26.9267026,53.95
51.9,4.1,0.0,19.41,-0.82,8.2,25.81,-1.33,2.42,0.4,0.32,6.082,12.135,8.652,8.937,12.46,11.48,18.44,9.42,0.006,-0.007,-0.009,-0.67,-0.23,-80.3058347,26.9266997,54.0
51.6,4.2,0.0,19.36,-1.12,8.84,25.66,-2.44,1.01,0.35,0.35,8.083,11.174,4.679,10.624,11.97,12.65,15.99,11.28,0.006,-0.007,-0.009,-0.69,-0.23,-80.3058439,26.9266967,54.05
51.1,4.3,0.0,19.32,-0.99,7.37,25.42,1.51,1.17,0.38,0.37,8.721,8.829,5.837,9.781,14.62,9.42,11.97,21.58,0.006,-0.007,-0.008,-0.68,-0.23,-80.305853,26.9266935,54.1
50.9,4.4,0.0,19.28,-1.16,8.57,25.48,-0.66,-0.65,0.37,0.32,14.293,7.73,10.134,10.683,14.62,9.03,3.24,14.32,0.006,-0.007,-0.009,-0.58,-0.2,-80.305862,26.9266901,54.15
50.1,4.5,0.0,19.23,-1.07,9.69,24.38,1.69,-1.68,0.37,0.26,11.429,9.163,8.319,9.996,11.48,12.07,4.12,8.24,0.006,-0.007,-0.009,-0.55,-0.18,-80.3058709,26.9266865,54.2
50.4,4.5,0.0,19.19,-1.28,9.8,24.27,-0.34,-1.44,0.33,0.19,8.231,7.917,8.378,11.399,10.79,15.5,7.26,7.26,0.006,-0.007,-0.009,-0.49,-0.16,-80.3058797,26.9266827,54.25
49.9,4.5,0.0,19.16,-1.04,8.92,22.99,-1.86,0.47,0.26,0.17,10.026,10.006,9.408,10.546,14.52,9.91,12.16,6.77,0.006,-0.006,-0.009,-0.42,-0.14,-80.3058884,26.9266788,54.3
50.1,4.7,0.0,19.14,-0.84,9.49,23.41,-1.66,-0.27,0.21,0.19,9.006,7.75,10.938,10.016,10.69,11.38,13.83,7.75,0.006,-0.006,-0.009,-0.41,-0.14,-80.305897,26.9266747,54.35
49.8,4.8,0.0,19.11,0.01,8.51,23.23,-1.41,1.05,0.16,0.23,6.671,10.516,8.201,8.388,14.91,12.75,14.81,11.58,0.006,-0.006,-0.009,-0.31,-0.1,-80.3059054,26.9266705,54.4
50.2,5.0,0.0,19.09,-0.71,7.96,23.91,-3.32,0.15,0.13,0.22,5.641,13.734,7.269,8.24,10.99,10.5,20.21,7.46,0.006,-0.006,-0.009,-0.36,-0.12,-80.3059138,26.9266661,54.45
49.8,5.3,0.0,19.06,0.18,7.68,23.96,-0.18,0.11,0.12,0.2,6.612,10.497,8.339,9.722,17.27,9.81,16.09,7.95,0.006,-0.006,-0.009,-0.3,-0.1,-80.305922,26.9266615,54.5
50.0,5.4,0.0,19.03,-0.41,5.87,23.49,0.04,0.14,0.14,0.19,10.791,8.888,7.161,10.242,17.27,9.03,7.95,14.62,0.005,-0.007,-0.009,-0.36,-0.12,-80.3059301,26.9266569,54.55
49.7,5.6,0.0,19.02,-0.29,9.08,23.12,-0.44,-0.72,0.08,0.16,10.84,6.828,7.063,12.076,14.22,8.83,6.77,13.24,0.005,-0.006,-0.009,-0.3,-0.1,-80.3059381,26.926652,54.6
49.5,5.9,0.0,19.01,0.08,8.58,23.07,0.37,-0.42,0.06,0.16,8.947,11.978,6.367,9.751,10.5,10.4,7.46,10.89,0.005,-0.006,-0.009,-0.21,-0.07,-80.305946,26.926647,54.65
49.4,6.1,0.0,19.02,-0.53,6.91,22.57,-1.44,-1.01,0.0,0.13,7.73,8.172,6.798,9.133,12.56,9.61,7.65,13.05,0.006,-0.006,-0.009,-0.33,-0.11,-80.3059537,26.9266419,54.7
50.1,6.2,0.0,19.02,0.23,7.22,22.78,0.72,-1.52,-0.02,0.12,11.38,6.847,6.818,8.77,12.26,11.58,14.62,16.58,0.005,-0.006,-0.009,-0.26,-0.08,-80.3059613,26.9266366,54.75
49.8,6.3,0.0,19.03,0.87,7.45,22.79,-1.18,-0.79,-0.04,0.1,7.514,12.331,9.614,10.575,8.93,10.89,13.73,6.18,0.005,-0.006,-0.009,-0.3,-0.1,-80.3059687,26.9266312,54.8
50.8,6.4,0.0,19.06,0.16,6.48,22.56,-0.83,-0.17,-0.08,0.08,5.562,11.242,5.984,8.937,5.3,10.5,13.24,22.56,0.005,-0.006,-0.009,-0.25,-0.08,-80.3059761,26.9266257,54.85
51.7,6.4,0.0,19.06,0.65,6.5,22.8,2.7,0.48,-0.03,0.06,7.956,9.388,5.7,7.308,10.69,12.36,19.42,8.14,0.005,-0.005,-0.01,-0.18,-0.06,-80.3059834,26.92662,54.9
52.8,6.5,0.0,19.09,-0.07,5.49,23.05,0.1,1.18,-0.02,0.06,7.024,13.008,8.809,7.269,7.16,15.89,17.85,8.73,0.005,-0.005,-0.01,-0.25,-0.08,-80.3059906,26.9266142,54.95
53.9,6.6,0.0,19.14,0.73,7.55,23.84,2.48,-0.28,0.03,0.04,10.889,7.299,6.975,8.878,9.42,9.91,16.28,2.94,0.006,-0.005,-0.01,-0.29,-0.1,-80.3059976,26.9266082,55.0
54.1,6.7,0.0,19.17,0.51,8.48,24.1,1.98,0.17,0.03,0.02,8.417,10.546,4.709,7.044,10.01,9.12,6.67,7.95,0.006,-0.006,-0.01,-0.21,-0.07,-80.3060045,26.9266021,55.05
54.3,6.8,0.0,19.22,0.46,6.59,23.85,2.39,-0.22,0.12,-0.0,8.633,7.662,7.22,9.732,9.22,9.91,13.24,9.91,0.006,-0.005,-0.01,-0.29,-0.1,-80.3060113,26.9265959,55.1
55.0,6.8,0.0,19.29,1.41,8.47,23.68,-0.3,-0.45,0.07,-0.01,8.731,10.879,8.329,9.614,6.67,12.75,4.02,13.83,0.006,-0.005,-0.01,-0.31,-0.1,-80.306018,26.9265895,55.15
55.9,6.9,0.0,19.36,0.38,7.0,23.39,3.11,-0.25,0.12,-0.02,8.76,10.006,9.761,9.516,4.91,13.44,4.32,12.95,0.006,-0.005,-0.011,-0.28,-0.09,-80.3060246,26.926583,55.2
56.7,6.9,0.0,19.4,-0.06,8.67,23.33,-1.34,0.61,0.12,-0.03,10.644,7.662,9.633,9.555,8.14,13.73,10.99,8.44,0.006,-0.005,-0.011,-0.29,-0.1,-80.306031,26.9265764,55.25
57.1,7.1,0.0,19.45,1.16,9.68,24.17,5.83,-1.33,0.22,-0.05,4.14,12.949,9.653,9.251,6.97,11.97,15.3,6.28,0.006,-0.005,-0.011,-0.29,-0.1,-80.3060373,26.9265696,55.3
57.7,7.0,0.0,19.51,0.43,7.0,24.47,-3.9,1.2,0.16,-0.07,9.408,8.613,7.436,8.878,6.87,9.42,16.09,1.86,0.006,-0.005,-0.011,-0.39,-0.13,-80.3060435,26.9265627,55.35
58.6,7.0,0.0,19.56,-0.09,6.85,24.15,1.43,0.76,0.21,-0.11,6.014,11.566,7.426,8.633,8.44,11.09,11.87,13.05,0.006,-0.005,-0.011,-0.38,-0.13,-80.3060495,26.9265556,55.4
59.2,7.1,0.0,19.62,1.52,7.64,24.13,0.38,1.02,0.23,-0.11,9.241,7.985,11.625,9.898,8.93,8.04,21.68,16.19,0.007,-0.005,-0.011,-0.38,-0.13,-80.3060554,26.9265484,55.45
58.7,7.1,0.0,19.67,1.78,8.38,24.54,0.61,0.08,0.24,-0.09,12.596,8.751,6.396,8.927,2.84,9.81,14.03,13.93,0.006,-0.005,-0.011,-0.37,-0.13,-80.3060611,26.9265411,55.5
58.7,7.0,0.0,19.71,1.54,8.66,25.16,-0.74,0.04,0.24,-0.08,7.132,9.526,9.074,10.477,8.93,5.4,16.87,11.87,0.007,-0.005,-0.011,-0.49,-0.17,-80.3060666,26.9265336,55.55
59.5,7.1,0.0,19.77,1.52,9.98,25.33,-0.84,-0.67,0.21,-0.11,8.829,8.152,7.308,8.093,4.41,9.42,15.6,5.69,0.007,-0.005,-0.011,-0.42,-0.14,-80.306072,26.926526,55.6
59.4,7.1,0.0,19.82,0.96,9.77,25.19,3.26,-0.62,0.29,-0.13,6.72,11.291,7.446,9.839,9.81,6.28,12.16,16.09,0.007,-0.005,-0.011,-0.51,-0.18,-80.3060772,26.9265184,55.65
59.6,7.1,0.0,19.86,0.51,6.97,24.82,-1.36,0.82,0.25,-0.12,9.506,10.654,7.662,11.066,6.97,11.38,13.54,25.9,0.007,-0.005,-0.011,-0.57,-0.2,-80.3060823,26.9265106,55.7
60.0,7.1,0.0,19.91,0.71,9.49,25.49,-1.39,0.75,0.22,-0.12,5.533,12.567,7.74,9.359,5.98,9.32,12.46,14.72,0.007,-0.005,-0.011,-0.56,-0.2,-80.3060872,26.9265027,55.75
60.2,7.1,0.0,19.94,1.88,8.25,25.08,2.48,-0.21,0.25,-0.13,10.379,7.789,6.632,8.868,3.24,8.53,2.65,7.36,0.006,-0.005,-0.011,-0.51,-0.18,-80.3060919,26.9264946,55.8
60.1,7.1,0.0,19.99,0.5,8.74,25.72,-0.63,-0.21,0.24,-0.15,9.123,11.046,10.085,10.811,7.75,9.42,10.4,13.34,0.007,-0.005,-0.011,-0.56,-0.2,-80.3060964,26.9264865,55.85
61.0,7.1,0.0,20.04,1.02,6.47,25.21,1.06,-0.21,0.25,-0.19,10.467,9.3,11.782,10.242,6.87,11.87,4.61,11.87,0.007,-0.005,-0.011,-0.63,-0.22,-80.3061008,26.9264783,55.9
61.6,7.1,0.0,20.1,1.63,8.82,25.55,1.95,-0.94,0.27,-0.2,6.2,9.918,7.877,10.938,2.35,9.03,11.97,20.99,0.007,-0.005,-0.012,-0.59,-0.21,-80.3061049,26.9264699,55.95
62.3,7.1,0.0,20.12,0.0,8.94,25.19,-0.68,0.88,0.25,-0.19,6.749,8.437,9.957,8.172,4.02,11.48,7.36,8.63,0.007,-0.005,-0.011,-0.6,-0.21,-80.3061088,26.9264615,56.0
63.0,7.2,0.0,20.15,0.62,9.09,25.67,3.35,-0.51,0.34,-0.18,12.665,6.426,11.929,11.193,5.2,13.44,8.24,7.36,0.007,-0.005,-0.011,-0.57,-0.2,-80.3061126,26.926453,56.05
63.3,7.2,0.0,20.19,1.03,10.18,25.79,-3.0,1.62,0.28,-0.16,6.955,10.781,9.153,9.241,5.4,9.42,16.48,9.32,0.007,-0.005,-0.011,-0.59,-0.21,-80.3061161,26.9264444,56.1
62.4,7.2,0.0,20.23,1.84,11.17,25.4,2.49,0.02,0.35,-0.14,10.408,9.565,8.662,7.544,4.91,14.52,16.97,10.89,0.007,-0.005,-0.011,-0.62,-0.22,-80.3061195,26.9264357,56.15
63.0,7.2,0.0,20.26,0.07,10.23,26.15,-0.82,0.24,0.33,-0.12,5.445,9.261,4.758,9.143,7.16,6.87,16.68,6.47,0.007,-0.005,-0.011,-0.71,-0.25,-80.3061226,26.9264269,56.2
62.9,7.3,0.0,20.31,1.9,10.9,26.19,2.12,-0.42,0.35,-0.14,8.339,7.112,6.357,9.928,4.91,15.3,16.58,5.69,0.007,-0.005,-0.011,-0.68,-0.24,-80.3061255,26.9264181,56.25
63.0,7.4,0.0,20.32,0.05,11.07,26.16,-0.59,0.23,0.34,-0.16,6.102,11.801,5.651,8.858,6.57,7.26,15.11,9.03,0.007,-0.005,-0.011,-0.7,-0.25,-80.3061282,26.9264092,56.3
62.6,7.4,0.0,20.36,1.19,8.41,26.34,0.69,-0.0,0.35,-0.18,9.378,9.614,11.458,10.948,8.53,11.67,15.7,9.81,0.007,-0.005,-0.011,-0.76,-0.27,-80.3061306,26.9264002,56.35
62.9,7.4,0.0,20.39,0.94,12.27,25.2,-1.92,0.4,0.32,-0.16,6.72,11.046,5.974,8.25,9.91,4.71,20.31,7.46,0.008,-0.005,-0.011,-0.75,-0.27,-80.3061328,26.9263912,56.4
62.2,7.4,0.0,20.39,-0.71,7.53,25.46,1.23,3.06,0.37,-0.05,8.083,8.466,6.818,8.927,3.43,10.3,13.83,5.98,0.007,-0.005,-0.011,-0.7,-0.25,-80.3061349,26.9263821,56.45
61.3,7.5,0.0,20.41,1.12,10.99,26.5,2.53,-0.0,0.44,-0.02,5.602,11.537,7.632,10.438,11.18,9.32,15.7,3.73,0.007,-0.006,-0.01,-0.69,-0.25,-80.3061367,26.926373,56.5
59.6,7.6,0.0,20.4,-0.56,7.15,26.58,0.49,-0.29,0.48,-0.03,8.957,8.005,6.033,11.075,8.44,9.42,15.21,12.65,0.007,-0.006,-0.01,-0.85,-0.3,-80.3061382,26.9263638,56.55
58.7,7.8,0.0,20.44,0.94,8.95,26.43,-0.67,-0.84,0.51,-0.09,7.613,9.3,10.663,11.35,13.15,11.18,21.88,10.4,0.007,-0.006,-0.011,-0.85,-0.3,-80.3061396,26.9263546,56.6
56.9,7.9,0.0,20.45,0.32,8.12,25.46,0.67,-0.73,0.51,-0.12,4.64,11.841,9.447,9.987,9.91,10.01,16.28,4.02,0.007,-0.006,-0.011,-0.85,-0.3,-80.3061407,26.9263453,56.65
55.2,8.0,0.0,20.46,0.44,8.26,24.73,-0.35,0.46,0.5,-0.12,8.103,9.035,8.996,10.977,13.05,11.67,17.17,9.12,0.007,-0.006,-0.011,-0.78,-0.28,-80.3061416,26.9263361,56.7
52.0,8.2,0.0,20.47,1.07,7.8,24.14,0.44,0.68,0.47,-0.09,4.375,12.096,6.102,7.544,11.97,11.67,12.46,6.28,0.007,-0.006,-0.01,-0.84,-0.3,-80.3061422,26.9263268,56.75
50.2,8.3,0.0,20.49,-0.41,7.63,23.94,-0.51,0.08,0.42,-0.12,8.211,8.182,5.543,9.31,11.77,11.97,14.32,10.2,0.007,-0.005,-0.01,-0.82,-0.29,-80.3061426,26.9263175,56.8
48.8,8.5,0.0,20.53,2.35,7.71,22.95,0.2,0.62,0.39,-0.13,5.219,11.958,6.033,8.064,10.4,9.42,8.93,7.46,0.007,-0.005,-0.01,-0.71,-0.26,-80.3061428,26.9263082,56.85
47.1,8.8,0.0,20.57,0.7,7.02,22.1,-1.54,0.31,0.36,-0.14,9.251,9.447,5.925,8.554,13.64,10.99,10.4,6.57,0.007,-0.005,-0.011,-0.77,-0.28,-80.3061428,26.9262988,56.9
45.7,9.2,0.0,20.6,1.4,8.82,21.12,0.95,-0.21,0.35,-0.13,4.64,15.206,8.623,8.466,12.75,10.1,5.59,10.79,0.007,-0.005,-0.01,-0.7,-0.25,-80.3061426,26.9262895,56.95
44.0,9.5,0.0,20.64,0.62,7.54,21.34,-0.19,-1.11,0.3,-0.13,8.505,5.317,4.738,9.741,14.22,8.24,8.44,7.95,0.007,-0.005,-0.01,-0.61,-0.22,-80.3061421,26.9262801,57.0
42.9,10.1,0.0,20.69,1.56,7.3,20.03,-0.92,0.86,0.26,-0.13,3.218,11.095,7.004,7.662,12.56,8.14,5.3,9.42,0.007,-0.005,-0.01,-0.65,-0.24,-80.3061415,26.9262708,57.05
41.4,10.4,0.0,20.76,0.88,7.82,19.16,-0.86,0.04,0.2,-0.13,9.771,7.279,6.337,9.084,17.17,7.95,5.79,6.67,0.007,-0.005,-0.01,-0.51,-0.18,-80.3061407,26.9262614,57.1
40.0,10.9,0.0,20.85,2.9,6.03,18.94,-2.38,-0.14,0.12,-0.15,7.858,11.635,9.918,9.898,14.13,7.95,5.2,12.75,0.006,-0.005,-0.01,-0.53,-0.19,-80.3061396,26.926252,57.15
39.1,11.3,0.0,20.94,1.48,6.38,18.54,-2.24,-1.34,0.05,-0.23,9.006,9.437,11.282,7.917,13.34,9.32,9.42,8.34,0.007,-0.005,-0.01,-0.48,-0.17,-80.3061384,26.9262426,57.2
39.2,11.4,0.0,21.03,3.06,7.14,17.76,-2.38,-0.58,-0.03,-0.29,6.671,13.93,10.624,9.055,9.81,9.03,4.91,6.57,0.007,-0.004,-0.011,-0.43,-0.16,-80.306137,26.9262332,57.25
38.8,11.9,0.0,21.12,2.04,6.29,17.84,-2.76,0.24,-0.15,-0.31,6.612,9.575,8.809,9.751,8.04,9.61,8.83,12.65,0.006,-0.004,-0.011,-0.42,-0.16,-80.3061355,26.9262237,57.3
38.7,12.2,0.0,21.25,1.89,4.34,17.97,2.07,-0.07,-0.13,-0.33,7.289,9.427,7.701,9.231,2.65,11.58,11.87,3.43,0.006,-0.004,-0.011,-0.46,-0.17,-80.3061337,26.9262142,57.35
38.8,12.4,0.0,21.36,2.46,7.84,18.66,-0.86,-1.04,-0.15,-0.38,4.444,13.067,9.859,9.486,5.59,12.26,15.7,0.0,0.006,-0.004,-0.011,-0.44,-0.16,-80.3061318,26.9262047,57.4
38.8,12.5,0.0,21.49,2.57,7.59,18.36,-0.01,0.41,-0.12,-0.42,6.808,8.172,9.506,7.868,9.52,14.03,13.83,3.53,0.007,-0.003,-0.012,-0.43,-0.16,-80.3061297,26.9261952,57.45
38.8,12.9,0.0,21.61,2.12,6.65,18.72,1.01,0.06,-0.04,-0.43,6.121,8.878,3.64,6.543,6.87,11.18,13.54,11.58,0.007,-0.003,-0.012,-0.48,-0.18,-80.3061275,26.9261856,57.5
37.9,13.2,0.0,21.75,2.97,5.05,18.62,2.05,-1.16,0.01,-0.47,7.74,10.987,5.729,8.721,10.79,8.44,15.4,7.16,0.007,-0.003,-0.012,-0.53,-0.2,-80.3061249,26.926176,57.55
37.6,13.3,0.0,21.89,3.79,5.85,18.44,1.45,-0.91,0.05,-0.49,9.045,11.811,11.331,9.869,14.62,6.57,18.44,9.81,0.007,-0.003,-0.012,-0.62,-0.24,-80.3061223,26.9261664,57.6
35.9,13.5,0.0,22.01,3.02,6.86,18.38,1.63,0.13,0.16,-0.5,5.189,12.822,8.8,10.242,17.17,8.44,9.61,11.18,0.007,-0.003,-0.012,-0.59,-0.23,-80.3061195,26.9261568,57.65
33.7,13.9,0.0,22.15,3.88,7.46,18.14,0.28,-0.23,0.23,-0.51,7.318,6.906,5.346,7.779,11.77,11.48,14.52,10.2,0.007,-0.002,-0.012,-0.62,-0.24,-80.3061165,26.9261471,57.7
30.9,14.3,0.0,22.28,3.81,7.02,17.83,0.64,0.9,0.32,-0.54,5.817,9.575,8.76,8.564,9.61,13.73,14.91,17.56,0.007,-0.002,-0.012,-0.69,-0.27,-80.3061133,26.9261375,57.75
28.8,14.4,0.0,22.41,2.92,6.26,16.84,-0.03,1.24,0.39,-0.53,11.193,6.896,12.174,8.545,6.97,13.64,12.95,13.54,0.007,-0.002,-0.011,-0.67,-0.26,-80.30611,26.9261278,57.8
25.4,14.9,0.0,22.54,2.42,5.4,14.89,1.57,1.08,0.49,-0.47,10.713,6.779,9.27,9.388,6.87,9.42,17.27,19.42,0.007,-0.002,-0.011,-0.69,-0.27,-80.3061064,26.9261181,57.85
22.9,15.4,0.0,22.69,3.09,5.86,14.55,0.42,-0.08,0.51,-0.45,8.142,5.337,2.511,7.348,8.93,7.95,13.05,10.89,0.007,-0.002,-0.01,-0.75,-0.3,-80.3061027,26.9261084,57.9
22.0,15.9,0.0,22.83,3.11,6.04,13.63,1.13,-0.04,0.52,-0.49,9.526,7.77,7.25,10.006,9.71,9.71,9.03,4.32,0.007,-0.002,-0.011,-0.71,-0.28,-80.3060989,26.9260987,57.95
19.9,16.7,0.0,22.97,2.81,5.47,11.32,2.52,0.29,0.62,-0.48,8.319,8.495,12.017,11.144,13.83,10.4,7.46,17.56,0.007,-0.001,-0.011,-0.64,-0.26,-80.3060949,26.926089,58.0
18.0,17.9,0.0,23.11,2.85,4.73,10.38,0.62,1.91,0.63,-0.4,7.122,9.663,1.638,7.171,10.69,12.75,8.34,5.1,0.007,-0.001,-0.011,-0.64,-0.26,-80.3060907,26.9260793,58.05
15.0,19.1,0.0,23.25,3.26,3.93,9.7,-0.98,2.08,0.61,-0.32,9.692,10.104,8.525,5.945,6.67,13.44,7.65,5.69,0.007,-0.001,-0.01,-0.6,-0.24,-80.3060864,26.9260695,58.1
12.7,19.9,0.0,23.4,2.48,3.03,8.85,-0.96,0.01,0.58,-0.29,9.398,4.885,6.818,8.044,7.06,9.42,17.56,12.95,0.006,-0.001,-0.009,-0.53,-0.22,-80.306082,26.9260598,58.15
12.1,20.6,0.0,23.54,2.91,3.91,8.4,1.15,0.01,0.58,-0.3,6.877,3.424,9.163,10.242,9.12,8.83,10.99,11.18,0.006,-0.001,-0.008,-0.47,-0.19,-80.3060774,26.92605,58.2
10.4,21.5,0.0,23.68,1.74,2.74,7.25,-0.48,1.38,0.57,-0.28,6.455,5.906,8.437,10.036,14.42,9.03,16.09,15.79,0.006,-0.001,-0.008,-0.48,-0.2,-80.3060727,26.9260401,58.25
9.4,22.6,0.0,23.82,2.96,4.58,6.27,0.23,0.71,0.59,-0.23,7.397,10.771,6.455,7.073,11.58,11.67,4.61,9.42,0.005,-0.001,-0.008,-0.53,-0.22,-80.306068,26.9260303,58.3
7.7,23.3,0.0,23.95,2.67,1.83,5.91,-1.25,0.22,0.51,-0.2,7.662,10.526,7.632,5.876,7.16,5.89,13.15,16.78,0.005,-0.001,-0.007,-0.53,-0.22,-80.3060631,26.9260204,58.35
7.0,24.2,0.0,24.08,2.3,3.56,5.19,-0.66,-0.08,0.45,-0.21,7.573,9.261,9.82,8.191,7.65,8.53,14.13,15.89,0.005,-0.001,-0.007,-0.43,-0.18,-80.3060582,26.9260105,58.4
7.6,25.1,0.0,24.22,3.05,1.28,4.79,-1.52,0.77,0.43,-0.2,6.69,9.359,6.896,8.662,12.85,10.1,4.12,4.32,0.004,-0.001,-0.007,-0.47,-0.2,-80.3060532,26.9260006,58.45
6.9,25.9,0.0,24.35,3.51,2.52,4.88,1.16,-0.41,0.45,-0.23,8.564,5.14,5.268,7.671,16.38,9.91,13.83,6.77,0.004,-0.0,-0.007,-0.4,-0.17,-80.3060481,26.9259906,58.5
6.3,26.7,0.0,24.48,2.82,1.24,5.07,0.03,0.33,0.49,-0.22,7.819,12.625,7.475,7.534,6.57,7.16,17.95,5.4,0.004,-0.0,-0.007,-0.47,-0.2,-80.3060429,26.9259806,58.55
6.2,27.5,0.0,24.63,2.55,2.71,4.85,-0.05,0.76,0.52,-0.2,3.257,10.301,6.965,5.454,4.41,10.59,16.09,14.52,0.004,-0.0,-0.007,-0.41,-0.17,-80.3060377,26.9259705,58.6
5.6,28.0,0.0,24.77,2.45,1.63,4.81,1.25,0.34,0.61,-0.22,6.818,6.396,11.174,10.683,12.07,12.46,7.06,10.2,0.004,-0.0,-0.007,-0.48,-0.21,-80.3060323,26.9259604,58.65
5.2,28.7,0.0,24.92,4.26,2.61,4.02,2.42,0.03,0.66,-0.2,9.29,13.028,6.72,9.81,9.32,12.85,8.73,9.91,0.004,-0.0,-0.007,-0.48,-0.21,-80.3060269,26.9259503,58.7
5.1,29.3,0.0,25.07,2.14,2.11,4.17,0.55,-0.47,0.68,-0.22,8.574,7.034,6.533,8.898,5.89,9.71,15.99,16.68,0.004,-0.0,-0.007,-0.45,-0.2,-80.3060215,26.9259402,58.75
4.0,29.8,0.0,25.23,3.18,1.57,4.15,0.96,-0.05,0.72,-0.23,8.28,8.417,8.652,8.623,11.09,8.73,20.99,14.62,0.004,0.0,-0.007,-0.5,-0.22,-80.3060159,26.9259299,58.8
4.1,30.4,0.0,25.41,3.61,1.81,3.94,-1.34,-0.16,0.71,-0.23,6.661,9.584,4.415,6.014,13.05,13.73,8.73,8.53,0.005,0.0,-0.007,-0.5,-0.22,-80.3060103,26.9259197,58.85
3.2,31.0,0.0,25.6,4.02,2.92,3.8,0.0,-0.56,0.74,-0.26,8.417,7.76,9.045,7.053,10.1,7.36,0.39,7.46,0.005,0.0,-0.007,-0.39,-0.17,-80.3060046,26.9259094,58.9
2.0,31.5,0.0,25.78,3.66,0.08,2.93,-0.39,0.41,0.71,-0.26,5.552,9.918,6.445,6.838,8.24,7.55,5.1,11.77,0.005,0.0,-0.007,-0.44,-0.2,-80.3059988,26.925899,58.95
1.5,32.1,0.0,25.96,3.16,-0.03,2.09,0.08,-0.42,0.72,-0.28,10.026,8.996,4.591,5.239,14.03,11.87,20.6,7.16,0.005,0.001,-0.007,-0.41,-0.18,-80.3059929,26.9258885,59.0
0.0,32.5,0.0,26.15,4.32,0.79,1.27,0.99,0.06,0.71,-0.29,6.798,7.671,7.505,7.75,11.58,6.77,10.5,10.01,0.004,0.001,-0.007,-0.4,-0.18,-80.305987,26.925878,59.05
-1.3,32.9,0.0,26.34,3.83,1.04,1.6,1.54,-0.46,0.73,-0.28,9.094,10.507,3.306,3.502,8.73,7.26,13.44,13.34,0.004,0.001,-0.007,-0.42,-0.19,-80.305981,26.9258675,59.1
-1.7,33.1,0.0,26.52,3.69,0.35,0.91,1.26,-0.41,0.75,-0.3,9.938,3.355,5.817,8.466,16.58,9.91,9.91,14.03,0.004,0.001,-0.007,-0.36,-0.17,-80.3059749,26.9258568,59.15
-3.0,33.0,0.0,26.72,3.67,1.13,0.89,-0.86,0.84,0.73,-0.3,6.867,6.072,3.649,7.014,8.14,9.71,15.99,9.42,0.004,0.001,-0.007,-0.41,-0.19,-80.3059688,26.9258461,59.2
-4.3,32.9,0.0,26.89,3.05,-0.22,-0.24,-0.33,0.05,0.75,-0.3,4.444,10.242,3.404,8.093,8.93,13.73,11.28,12.56,0.004,0.002,-0.006,-0.42,-0.2,-80.3059626,26.9258354,59.25
-5.0,32.4,0.0,27.07,3.21,-1.48,-1.18,-2.44,1.21,0.76,-0.27,9.231,7.554,8.672,4.571,12.56,13.83,4.51,7.65,0.004,0.002,-0.006,-0.45,-0.21,-80.3059564,26.9258245,59.3
-6.6,31.7,0.0,27.24,3.3,-2.13,-1.22,-2.04,1.29,0.73,-0.25,6.484,9.565,5.729,5.866,8.44,11.77,10.2,12.65,0.003,0.002,-0.005,-0.41,-0.2,-80.3059502,26.9258136,59.35
-7.9,31.0,0.0,27.44,3.98,-2.48,-2.72,-1.82,-0.8,0.7,-0.27,7.613,9.025,4.944,6.308,17.46,10.59,16.68,22.86,0.003,0.002,-0.005,-0.42,-0.2,-80.3059439,26.9258026,59.4
-9.9,30.2,0.0,27.61,3.35,-1.22,-3.47,-2.21,-0.52,0.64,-0.29,5.994,7.985,5.16,9.241,6.97,5.79,4.71,7.95,0.003,0.002,-0.005,-0.3,-0.15,-80.3059377,26.9257915,59.45
-11.0,29.9,0.0,27.78,4.01,-3.33,-4.22,-2.32,0.14,0.56,-0.29,7.269,6.828,3.1,5.69,10.89,7.55,6.87,5.4,0.002,0.002,-0.004,-0.31,-0.15,-80.3059314,26.9257804,59.5
-12.4,29.8,0.0,27.94,3.62,-2.48,-5.07,-2.81,0.35,0.47,-0.29,6.847,10.968,5.739,4.336,11.38,7.46,12.85,10.2,0.002,0.002,-0.004,-0.31,-0.15,-80.3059251,26.9257692,59.55
-14.2,29.7,0.0,28.1,3.39,-4.68,-5.67,-4.09,-0.83,0.37,-0.31,8.397,12.694,9.182,4.679,9.71,6.87,10.1,8.73,0.001,0.002,-0.003,-0.3,-0.15,-80.3059188,26.9257578,59.6
-15.7,29.6,0.0,28.25,2.57,-3.38,-6.95,-2.71,-0.02,0.29,-0.34,6.73,13.94,8.947,5.533,13.83,13.44,12.16,2.75,0.001,0.003,-0.003,-0.17,-0.08,-80.3059125,26.9257464,59.65
-17.4,29.8,0.0,28.4,2.15,-4.74,-7.23,-6.65,2.77,0.18,-0.34,5.945,13.95,7.632,4.503,8.93,10.4,14.32,11.97,0.001,0.003,-0.002,-0.2,-0.1,-80.3059063,26.9257349,59.7
-18.9,29.8,0.0,28.55,2.29,-2.43,-8.4,-1.78,1.05,0.12,-0.36,7.23,8.191,4.925,6.504,10.99,10.99,4.61,8.24,0.001,0.003,-0.002,-0.13,-0.06,-80.3059002,26.9257233,59.75
-19.3,29.8,0.0,28.7,2.15,-4.26,-9.1,-5.0,1.71,0.03,-0.36,9.31,2.865,10.968,9.79,4.32,3.43,8.83,15.21,0.0,0.004,-0.001,-0.05,-0.02,-80.305894,26.9257117,59.8
-19.8,29.8,0.0,28.84,2.95,-4.19,-10.0,-0.33,0.21,-0.01,-0.36,9.604,5.513,4.11,3.63,15.3,9.22,12.07,18.25,0.0,0.004,0.0,0.03,0.02,-80.305888,26.9256999,59.85
-20.5,29.1,0.0,28.97,2.16,-6.66,-10.35,-3.63,-0.24,-0.1,-0.36,12.174,10.948,10.565,6.082,9.22,11.48,19.13,12.95,-0.0,0.004,0.001,0.02,0.01,-80.305882,26.925688,59.9
-21.4,28.1,0.0,29.11,4.2,-3.57,-10.78,1.75,-1.12,-0.1,-0.37,9.074,6.445,6.131,9.133,11.97,11.38,17.56,2.65,-0.0,0.004,0.001,0.07,0.04,-80.3058761,26.925676,59.95
-20.6,26.8,0.0,29.23,1.07,-5.82,-11.04,0.66,-0.66,-0.15,-0.39,7.77,1.275,7.22,6.965,5.4,7.75,12.26,18.05,-0.001,0.005,0.001,0.07,0.04,-80.3058703,26.925664,60.0
-20.3,25.2,0.0,29.36,2.42,-5.45,-10.82,2.93,0.22,-0.12,-0.4,9.113,5.386,8.868,7.485,13.15,6.18,14.03,18.93,-0.0,0.005,0.002,0.15,0.08,-80.3058646,26.9256518,60.05
-20.4,24.3,0.0,29.49,2.86,-2.77,-10.25,1.37,0.61,-0.12,-0.38,9.369,5.739,5.484,6.426,7.36,13.24,11.67,7.85,-0.0,0.005,0.002,0.2,0.1,-80.3058589,26.9256395,60.1
-20.6,23.7,0.0,29.59,3.49,-7.04,-10.19,-2.26,-0.51,-0.2,-0.36,9.28,9.476,5.042,2.511,13.15,12.46,-1.08,7.36,-0.0,0.005,0.003,0.13,0.06,-80.3058534,26.9256272,60.15
-20.1,23.3,0.0,29.69,1.82,-3.97,-10.51,-0.89,0.39,-0.24,-0.36,8.535,6.808,3.021,6.259,10.01,8.04,20.01,5.2,-0.001,0.005,0.003,0.18,0.09,-80.305848,26.9256147,60.2
-20.0,23.2,0.0,29.81,1.45,-5.23,-10.25,-3.69,0.9,-0.23,-0.39,15.667,5.611,8.505,7.161,14.62,11.67,5.2,16.38,-0.001,0.005,0.002,0.18,0.09,-80.3058426,26.9256021,60.25
-19.9,22.5,0.0,29.9,0.74,-7.29,-9.33,-2.68,1.86,-0.19,-0.39,11.252,11.409,12.586,5.592,11.48,11.58,8.44,9.03,-0.0,0.005,0.003,0.12,0.06,-80.3058374,26.9255895,60.3
-20.4,22.0,0.0,29.99,1.94,-3.01,-10.28,3.83,-0.12,-0.16,-0.34,9.604,6.651,3.904,5.337,13.24,7.75,11.38,18.93,-0.001,0.005,0.003,0.2,0.1,-80.3058323,26.9255768,60.35
-19.9,20.4,0.0,30.1,1.32,-6.41,-9.98,-1.26,0.59,-0.21,-0.32,8.064,8.476,7.416,8.701,10.3,5.49,5.98,15.01,-0.001,0.005,0.004,0.17,0.09,-80.3058273,26.925564,60.4
-19.8,19.6,0.0,30.21,3.09,-4.12,-10.18,4.95,-2.31,-0.19,-0.36,7.201,12.096,9.908,7.348,5.1,11.87,19.13,16.58,-0.001,0.005,0.004,0.19,0.1,-80.3058224,26.9255511,60.45
-19.5,18.6,0.0,30.27,1.69,-5.02,-9.88,-1.45,-0.37,-0.24,-0.36,5.268,9.104,7.603,2.315,13.83,9.81,5.1,10.79,-0.001,0.006,0.004,0.19,0.1,-80.3058176,26.9255382,60.5
-19.8,18.3,0.0,30.36,1.04,-5.36,-9.33,-4.94,2.72,-0.3,-0.31,12.047,2.727,13.244,9.015,9.32,7.55,18.93,15.99,-0.0,0.006,0.004,0.19,0.1,-80.3058129,26.9255252,60.55
-19.5,17.9,0.0,30.44,2.31,-5.07,-9.27,-0.35,0.04,-0.28,-0.27,8.554,9.918,7.299,2.256,16.19,2.65,3.04,5.98,-0.001,0.005,0.005,0.21,0.11,-80.3058084,26.9255121,60.6
-18.8,17.4,0.0,30.51,-0.25,-5.34,-10.12,3.33,-0.21,-0.21,-0.25,6.102,7.622,2.914,2.649,6.38,14.81,6.57,8.34,-0.001,0.005,0.005,0.16,0.09,-80.3058039,26.925499,60.65
-17.8,17.0,0.0,30.61,1.39,-5.24,-9.71,0.48,-0.5,-0.21,-0.28,8.25,7.475,8.672,11.232,9.91,12.65,12.56,12.46,-0.001,0.005,0.004,0.19,0.1,-80.3057995,26.9254857,60.7
-17.5,16.4,0.0,30.66,2.23,-5.25,-8.84,0.67,-0.64,-0.21,-0.28,7.475,12.537,9.781,3.188,13.44,14.72,12.46,14.22,-0.002,0.005,0.004,0.22,0.12,-80.3057953,26.9254725,60.75
-17.6,16.1,0.0,30.75,1.39,-3.33,-9.28,-2.49,1.69,-0.2,-0.27,11.949,4.807,9.359,6.661,9.91,4.81,10.3,11.48,-0.002,0.004,0.004,0.28,0.15,-80.3057911,26.9254591,60.8
-16.3,15.2,0.0,30.81,1.81,-6.18,-8.92,-0.92,-0.8,-0.16,-0.29,11.811,8.672,6.082,0.128,16.28,3.83,5.4,9.22,-0.002,0.004,0.004,0.18,0.1,-80.3057871,26.9254457,60.85
-15.7,13.5,0.0,30.85,-0.78,-5.48,-8.36,2.53,0.35,-0.12,-0.29,6.102,6.602,1.354,3.296,5.98,13.34,14.42,8.04,-0.001,0.005,0.004,0.17,0.09,-80.3057832,26.9254323,60.9
-15.2,11.2,0.0,30.93,2.22,-2.78,-7.76,4.03,-0.63,-0.07,-0.3,8.476,4.267,6.818,4.846,8.14,12.85,6.57,11.58,-0.001,0.005,0.004,0.16,0.09,-80.3057794,26.9254188,60.95
-15.1,8.5,0.0,30.92,0.39,-5.69,-7.53,-1.8,1.75,-0.06,-0.23,7.22,8.966,8.633,7.387,13.73,8.63,17.17,7.36,-0.001,0.005,0.005,0.12,0.06,-80.3057757,26.9254052,61.0
-15.1,6.4,0.0,30.9,-1.43,-3.01,-8.37,-3.49,3.56,-0.06,-0.15,8.652,5.513,11.007,9.888,10.4,3.34,6.08,20.6,-0.001,0.004,0.005,0.14,0.08,-80.3057722,26.9253917,61.05
-14.3,4.4,0.0,30.83,-2.15,-4.3,-8.97,2.88,1.88,-0.04,-0.03,9.437,12.567,11.566,4.483,15.21,12.46,15.21,13.34,-0.002,0.004,0.006,0.19,0.1,-80.3057687,26.9253781,61.1
-12.9,3.6,0.0,30.63,-2.87,-4.63,-8.89,-0.8,4.05,-0.04,0.2,10.968,12.007,3.365,3.836,8.04,19.72,8.83,5.98,-0.004,0.002,0.007,0.19,0.1,-80.3057654,26.9253646,61.15
-12.0,3.1,0.0,30.53,-1.8,-5.15,-8.93,0.28,1.88,-0.03,0.36,6.2,12.567,4.827,2.021,9.91,10.69,14.03,10.1,-0.005,0.0,0.008,0.18,0.1,-80.3057622,26.9253511,61.2
-11.8,2.8,0.0,30.4,-2.23,-3.72,-8.61,-1.69,-0.62,-0.09,0.38,8.701,4.66,0.118,3.041,11.28,9.03,6.47,8.34,-0.006,0.0,0.009,0.26,0.14,-80.3057591,26.9253376,61.25
-11.9,2.5,0.0,30.25,-2.55,-5.81,-8.07,1.55,-1.54,-0.1,0.37,13.381,8.476,-0.235,1.54,13.44,5.4,4.51,3.14,-0.006,0.0,0.009,0.23,0.12,-80.3057561,26.9253242,61.3
-12.1,2.2,0.0,30.12,-2.7,-3.37,-7.82,3.12,-1.72,-0.08,0.32,5.464,9.261,4.552,4.375,8.93,12.95,10.99,7.65,-0.005,0.001,0.008,0.25,0.13,-80.3057532,26.9253109,61.35
-11.5,2.1,0.0,29.98,-2.85,-4.4,-7.37,-1.6,1.42,-0.07,0.31,8.162,2.747,10.163,4.091,3.24,13.05,10.89,25.51,-0.005,0.001,0.009,0.14,0.08,-80.3057505,26.9252975,61.4
-11.4,2.0,0.0,29.86,-2.24,-5.41,-7.03,-0.84,-0.04,-0.06,0.32,10.389,11.458,2.423,3.041,13.83,13.15,16.19,11.48,-0.005,0.001,0.009,0.14,0.07,-80.3057479,26.9252843,61.45
-11.9,1.9,0.0,29.72,-3.21,-3.61,-7.4,-1.77,-0.79,-0.07,0.32,8.937,10.928,1.383,4.169,7.65,8.44,9.32,7.85,-0.005,0.0,0.009,0.16,0.08,-80.3057455,26.925271,61.5
-11.5,1.7,0.0,29.6,-1.4,-3.22,-7.85,-1.2,-0.57,-0.12,0.31,10.683,6.278,10.222,6.053,17.07,5.98,6.67,13.24,-0.005,0.0,0.009,0.2,0.1,-80.3057431,26.9252578,61.55
-10.8,1.7,0.0,29.46,-4.47,-5.02,-7.56,0.28,0.84,-0.16,0.3,9.064,8.28,1.776,2.56,9.03,9.91,11.77,10.59,-0.005,0.0,0.008,0.13,0.07,-80.3057408,26.9252447,61.6
-11.1,1.5,0.0,29.34,-2.94,-5.33,-7.42,-1.32,1.28,-0.18,0.31,7.603,14.107,9.231,5.788,10.2,15.21,15.21,5.98,-0.005,0.001,0.008,0.13,0.07,-80.3057386,26.9252316,61.65
-11.2,1.5,0.0,29.22,-2.44,-2.42,-7.17,0.78,-0.45,-0.13,0.31,5.523,10.428,1.324,5.317,7.95,8.24,8.93,11.38,-0.005,0.0,0.008,0.2,0.1,-80.3057365,26.9252185,61.7
-11.1,1.5,0.0,29.09,-1.41,-2.85,-6.84,2.02,-0.43,-0.07,0.29,9.339,9.987,2.825,6.327,12.65,11.77,12.36,12.65,-0.005,0.0,0.009,0.12,0.06,-80.3057345,26.9252055,61.75
-10.6,1.4,0.0,28.97,-1.46,-1.36,-7.4,3.09,-1.91,-0.02,0.24,8.417,7.622,12.017,10.045,9.91,9.42,5.79,16.48,-0.005,0.0,0.008,0.17,0.09,-80.3057327,26.9251925,61.8
-10.6,1.4,0.0,28.83,-2.05,-3.55,-6.33,1.78,-0.86,-0.02,0.21,12.625,5.964,12.567,8.309,10.69,9.52,16.09,15.3,-0.005,0.0,0.008,0.1,0.05,-80.3057309,26.9251796,61.85
-11.3,1.5,0.0,28.7,-2.93,-3.57,-7.35,3.29,-1.4,0.03,0.2,10.909,5.435,3.63,8.348,11.77,4.81,17.17,11.77,-0.005,0.0,0.008,0.13,0.06,-80.3057292,26.9251667,61.9
-11.6,1.5,0.0,28.58,-2.29,-5.28,-7.14,1.7,-1.27,0.07,0.17,10.055,7.416,-0.373,6.357,12.85,11.09,13.34,10.4,-0.005,0.0,0.008,0.03,0.01,-80.3057277,26.9251539,61.95
-11.4,1.4,0.0,28.44,-2.23,-4.71,-7.25,2.22,-1.74,0.07,0.14,11.527,7.985,-1.383,5.258,11.28,10.2,15.11,5.2,-0.005,0.0,0.008,0.07,0.04,-80.3057262,26.9251411,62.0
-11.8,1.4,0.0,28.32,-1.5,-5.07,-7.0,0.1,-1.37,0.1,0.12,10.448,14.823,-2.668,3.198,12.85,11.48,15.3,1.77,-0.005,0.0,0.008,-0.01,-0.0,-80.3057248,26.9251284,62.05
-12.5,1.4,0.0,28.2,-1.78,-4.41,-7.97,-0.62,-1.15,0.12,0.09,11.497,9.29,-4.758,6.445,7.06,6.47,6.57,6.67,-0.005,0.0,0.008,0.02,0.01,-80.3057235,26.9251157,62.1
-12.7,1.4,0.0,28.06,-2.0,-4.16,-7.85,2.52,-1.02,0.16,0.05,10.408,5.611,1.109,4.022,15.7,9.03,11.38,10.69,-0.005,0.001,0.008,0.03,0.02,-80.3057224,26.925103,62.15
-12.1,1.4,0.0,27.95,-1.86,-4.31,-7.78,-0.12,0.03,0.19,0.06,9.565,9.918,3.061,1.825,8.53,11.67,19.42,12.07,-0.005,0.001,0.008,0.04,0.02,-80.3057213,26.9250905,62.2
-12.1,1.3,0.0,27.82,-2.51,-3.1,-8.21,2.54,-1.93,0.23,0.06,6.092,10.193,1.795,8.299,12.85,8.83,12.75,12.46,-0.005,0.001,0.008,0.05,0.02,-80.3057203,26.9250779,62.25
-12.3,1.3,0.0,27.71,-2.43,-1.62,-7.91,1.81,-0.29,0.26,0.08,8.211,6.877,5.955,6.18,9.22,12.16,5.3,17.85,-0.005,0.0,0.008,0.09,0.04,-80.3057194,26.9250655,62.3
-12.0,1.3,0.0,27.59,-2.36,-3.58,-7.5,1.68,-0.37,0.28,0.08,10.261,3.944,6.847,5.229,10.59,7.26,13.83,15.3,-0.005,0.0,0.008,0.07,0.03,-80.3057186,26.9250531,62.35
-11.9,1.2,0.0,27.47,-1.58,-1.74,-7.36,1.29,-0.37,0.32,0.06,6.779,14.489,5.131,7.387,11.58,11.67,9.03,6.87,-0.005,0.0,0.007,0.1,0.05,-80.305718,26.9250407,62.4
-12.1,1.2,0.0,27.36,-1.79,-2.93,-6.81,1.07,-0.27,0.36,0.04,7.407,15.568,5.023,5.896,5.69,8.93,13.54,19.13,-0.005,0.0,0.008,-0.01,-0.01,-80.3057174,26.9250284,62.45
-12.0,1.4,0.0,27.23,-2.53,-4.47,-7.5,0.86,-0.2,0.4,0.04,10.742,8.231,2.521,7.622,16.09,8.14,15.5,11.09,-0.005,0.0,0.007,-0.01,-0.0,-80.3057169,26.9250161,62.5
-11.7,1.3,0.0,27.12,-2.47,-3.46,-7.31,0.74,-0.29,0.42,0.04,10.251,10.045,8.809,7.858,3.53,8.34,15.21,6.38,-0.005,0.0,0.007,0.04,0.02,-80.3057165,26.9250038,62.55
-12.0,1.3,0.0,26.99,-2.42,-3.29,-7.61,0.92,-0.47,0.44,0.01,12.341,7.357,6.239,4.405,12.46,5.49,6.47,6.57,-0.004,0.0,0.008,-0.03,-0.02,-80.3057162,26.9249917,62.6
-12.7,1.3,0.0,26.88,-2.65,-2.62,-7.59,1.36,-0.41,0.48,0.01,9.918,4.964,8.643,9.496,11.58,10.89,8.24,9.22,-0.005,0.0,0.007,-0.04,-0.02,-80.3057159,26.9249795,62.65
-12.7,1.3,0.0,26.76,-2.43,-2.59,-7.32,0.78,-1.66,0.49,-0.03,8.221,16.049,4.208,7.112,10.89,12.85,22.07,12.56,-0.005,0.0,0.007,0.03,0.01,-80.3057158,26.9249675,62.7
-13.1,1.3,0.0,26.64,-2.14,-3.47,-7.23,-0.68,0.14,0.54,-0.06,11.88,8.868,7.191,6.327,16.68,6.87,21.09,18.64,-0.005,0.0,0.007,0.02,0.01,-80.3057158,26.9249554,62.75
-13.8,1.3,0.0,26.51,-2.51,-3.47,-8.16,-0.88,0.62,0.55,-0.03,8.643,10.457,6.73,8.172,8.93,6.57,4.02,10.5,-0.005,0.0,0.007,-0.12,-0.05,-80.3057158,26.9249435,62.8
-13.5,1.3,0.0,26.4,-2.37,-3.98,-8.39,1.34,-0.66,0.55,-0.02,10.271,4.856,9.692,8.564,8.04,5.79,4.61,17.07,-0.005,0.001,0.008,0.02,0.01,-80.305716,26.9249316,62.85
-14.0,1.3,0.0,26.28,-2.26,-2.8,-8.47,1.51,0.24,0.6,-0.01,7.603,13.165,4.974,7.858,12.26,8.83,11.09,9.32,-0.004,0.001,0.008,0.01,0.0,-80.3057162,26.9249197,62.9
-14.5,1.5,0.0,26.15,-2.45,-4.1,-8.96,-0.41,0.01,0.58,-0.01,9.476,15.951,2.609,6.71,8.24,14.91,13.73,5.2,-0.005,0.0,0.008,-0.04,-0.02,-80.3057165,26.9249079,62.95
-14.1,1.5,0.0,26.03,-2.42,-4.22,-8.65,1.19,-0.79,0.58,-0.04,11.409,4.483,8.554,5.386,13.64,9.81,14.42,7.65,-0.005,0.001,0.008,-0.07,-0.03,-80.305717,26.9248962,63.0
-14.2,1.5,0.0,25.9,-2.36,-3.44,-8.72,0.2,0.57,0.64,-0.03,8.388,9.565,8.397,8.289,15.3,11.58,10.2,7.65,-0.005,0.0,0.007,-0.02,-0.01,-80.3057175,26.9248845,63.05
-14.5,1.5,0.0,25.79,-2.69,-3.27,-8.23,-0.28,0.66,0.63,-0.0,10.075,17.874,2.197,7.142,6.67,10.69,8.53,17.36,-0.005,0.0,0.008,-0.03,-0.01,-80.3057181,26.9248729,63.1
-13.8,1.5,0.0,25.67,-1.95,-4.92,-8.36,0.65,-1.24,0.66,-0.04,11.056,1.511,10.654,6.838,12.07,7.46,15.3,13.73,-0.005,0.0,0.008,-0.1,-0.04,-80.3057188,26.9248613,63.15
-14.0,1.5,0.0,25.54,-2.56,-4.27,-8.62,0.59,-0.44,0.73,-0.05,7.024,15.461,4.297,7.377,12.36,7.46,13.73,6.67,-0.005,0.0,0.007,-0.04,-0.02,-80.3057197,26.9248498,63.2
-14.1,1.6,0.0,25.42,-2.41,-3.16,-8.38,2.13,-0.12,0.78,-0.06,11.301,3.934,10.036,7.191,7.26,10.01,9.42,10.2,-0.005,0.0,0.007,-0.01,-0.0,-80.3057206,26.9248384,63.25
-13.8,1.6,0.0,25.29,-1.93,-3.17,-8.16,1.84,-0.4,0.83,-0.04,8.643,8.476,7.966,8.976,10.1,7.06,5.79,3.34,-0.005,0.0,0.007,-0.04,-0.02,-80.3057215,26.924827,63.3
-14.0,1.7,0.0,25.18,-2.69,-3.28,-7.86,0.09,0.77,0.86,-0.03,10.055,16.53,3.286,6.524,10.1,7.16,8.63,14.32,-0.005,0.0,0.007,-0.05,-0.02,-80.3057226,26.9248157,63.35
-14.0,1.8,0.0,25.06,-1.86,-3.2,-7.84,0.76,-0.23,0.9,-0.02,10.153,2.58,11.242,8.525,8.24,9.32,13.44,12.16,-0.005,0.0,0.007,-0.06,-0.03,-80.3057238,26.9248044,63.4
-13.9,1.9,0.0,24.93,-2.89,-4.02,-8.19,0.99,-0.14,0.94,-0.02,7.348,20.375,8.319,9.516,10.59,14.72,19.52,9.32,-0.005,0.0,0.007,-0.09,-0.04,-80.305725,26.9247932,63.45
-13.0,1.9,0.0,24.82,-1.81,-3.85,-7.91,1.26,-1.07,1.0,-0.05,12.518,5.003,7.819,6.082,15.79,9.61,15.3,16.68,-0.005,0.0,0.007,-0.11,-0.05,-80.3057264,26.9247821,63.5
-13.2,1.9,0.0,24.71,-2.96,-2.46,-7.72,-0.54,0.05,1.05,-0.07,8.554,12.724,13.008,7.662,11.67,14.22,14.03,14.62,-0.005,0.0,0.007,-0.08,-0.04,-80.3057278,26.924771,63.55
-12.6,2.0,0.0,24.58,-2.8,-2.6,-7.37,1.54,-0.34,1.1,-0.07,10.742,1.707,10.958,8.574,6.67,10.59,10.1,15.21,-0.005,0.0,0.007,-0.08,-0.03,-80.3057293,26.92476,63.6
-12.1,2.0,0.0,24.45,-2.78,-3.15,-6.81,2.22,0.53,1.19,-0.03,5.817,19.826,6.239,7.887,11.28,18.34,8.93,14.42,-0.004,0.0,0.007,-0.16,-0.07,-80.3057308,26.924749,63.65
-11.7,2.0,0.0,24.35,-1.85,-3.05,-6.67,2.69,-0.01,1.24,0.0,12.331,4.14,6.887,5.376,12.26,5.49,7.36,19.13,-0.004,0.0,0.007,-0.1,-0.04,-80.3057325,26.9247382,63.7
-12.0,2.0,0.0,24.24,-2.53,-3.26,-6.83,0.68,-0.09,1.28,0.02,10.232,17.069,4.14,5.209,5.3,9.81,13.73,17.76,-0.004,-0.0,0.007,-0.18,-0.08,-80.3057342,26.9247273,63.75
-12.2,2.1,0.0,24.13,-1.92,-2.7,-6.79,0.78,-0.07,1.31,-0.01,7.083,7.161,9.977,7.171,6.38,7.16,13.24,12.65,-0.004,-0.0,0.007,-0.1,-0.04,-80.3057359,26.9247166,63.8
-12.1,2.2,0.0,24.02,-1.26,-2.44,-6.64,0.69,-0.47,1.34,-0.01,14.303,8.25,11.507,7.436,11.97,11.58,15.5,12.36,-0.004,-0.0,0.007,-0.16,-0.07,-80.3057378,26.9247058,63.85
-12.2,2.2,0.0,23.9,-2.43,-4.45,-7.12,-1.44,1.69,1.32,0.05,9.957,10.644,9.663,7.416,16.58,12.65,9.42,2.26,-0.004,-0.0,0.007,-0.22,-0.09,-80.3057397,26.9246952,63.9
-12.2,2.4,0.0,23.81,-1.66,-3.09,-7.5,1.31,-0.41,1.38,0.05,14.352,0.402,11.556,8.407,11.18,6.18,9.03,3.43,-0.004,-0.001,0.007,-0.16,-0.07,-80.3057416,26.9246846,63.95
-12.7,2.5,0.0,23.68,-3.1,-3.52,-6.97,-0.2,-0.42,1.39,0.03,9.418,12.684,6.161,7.397,8.93,9.91,6.67,8.14,-0.004,-0.0,0.006,-0.15,-0.06,-80.3057436,26.9246741,64.0
-12.9,2.6,0.0,23.58,-2.55,-4.14,-7.19,1.33,0.61,1.43,0.03,9.094,6.377,6.131,9.035,12.07,7.36,7.06,11.48,-0.004,-0.0,0.006,-0.22,-0.09,-80.3057457,26.9246636,64.05
-13.2,2.8,0.0,23.49,-1.41,-2.46,-7.73,0.96,-0.06,1.43,0.03,13.499,3.267,9.113,8.613,17.56,9.32,8.53,9.42,-0.004,-0.0,0.006,-0.15,-0.06,-80.3057479,26.9246532,64.1
-13.8,3.1,0.0,23.38,-2.6,-3.25,-7.87,2.06,0.1,1.47,0.04,10.202,10.153,4.395,9.035,10.99,5.98,7.26,11.97,-0.004,-0.0,0.006,-0.24,-0.1,-80.3057501,26.9246428,64.15
-14.1,3.2,0.0,23.29,-2.22,-3.53,-7.69,-0.83,0.76,1.5,0.06,9.32,4.885,7.828,7.063,10.79,6.57,12.36,11.87,-0.004,-0.0,0.006,-0.23,-0.09,-80.3057524,26.9246325,64.2
-14.8,3.5,0.0,23.2,-1.45,-2.2,-8.42,1.4,-1.13,1.49,0.04,12.272,-0.942,13.567,9.349,10.99,3.43,13.05,11.28,-0.004,-0.0,0.007,-0.21,-0.09,-80.3057547,26.9246223,64.25
-15.0,3.6,0.0,23.11,-1.89,-3.36,-8.16,0.64,-0.66,1.52,0.02,13.469,4.621,12.616,8.564,14.52,7.36,15.01,10.89,-0.004,-0.0,0.006,-0.25,-0.1,-80.3057571,26.9246121,64.3
-16.2,3.8,0.0,23.01,-1.87,-3.05,-8.43,-1.06,1.21,1.52,0.03,6.877,10.134,9.839,8.525,13.54,12.36,15.5,3.14,-0.004,0.0,0.006,-0.15,-0.06,-80.3057597,26.924602,64.35
-16.3,4.0,0.0,22.94,-0.84,-2.87,-8.62,-2.57,1.11,1.5,0.08,8.446,6.278,9.624,6.798,10.1,6.28,10.1,6.28,-0.004,0.0,0.006,-0.19,-0.08,-80.3057623,26.9245919,64.4
-16.7,4.3,0.0,22.86,-1.73,-2.48,-9.18,2.54,-0.97,1.57,0.09,13.675,7.819,9.81,9.31,5.79,5.2,9.91,8.83,-0.004,0.0,0.007,-0.23,-0.09,-80.3057649,26.9245819,64.45
-17.3,4.5,0.0,22.8,-1.27,-3.44,-9.9,2.76,-1.26,1.61,0.08,9.781,13.94,7.936,10.457,7.55,3.43,10.01,4.02,-0.004,0.0,0.006,-0.19,-0.08,-80.3057677,26.9245719,64.5
-17.6,4.5,0.0,22.75,-1.57,-3.9,-9.71,-1.92,0.48,1.59,0.07,6.759,15.971,9.722,8.966,12.85,6.38,9.03,4.51,-0.004,0.001,0.006,-0.18,-0.07,-80.3057705,26.924562,64.55
-17.8,4.8,0.0,22.71,-0.64,-3.22,-10.33,-0.39,0.99,1.61,0.08,12.096,5.464,10.261,9.378,16.19,6.18,5.98,4.91,-0.004,0.001,0.006,-0.15,-0.06,-80.3057733,26.9245521,64.6
-18.1,5.2,0.0,22.67,-1.14,-5.09,-10.37,1.31,-0.8,1.67,0.07,13.969,4.768,10.428,9.29,14.81,9.32,8.53,13.64,-0.004,0.001,0.006,-0.19,-0.07,-80.3057763,26.9245423,64.65
-19.2,5.4,0.0,22.64,-0.94,-5.43,-10.81,0.99,-0.04,1.68,0.04,11.566,8.584,9.869,8.564,10.1,10.59,4.91,16.78,-0.004,0.001,0.006,-0.19,-0.08,-80.3057794,26.9245324,64.7
-20.1,5.6,0.0,22.65,0.29,-5.4,-11.2,-2.03,-0.22,1.65,0.02,7.122,9.378,7.21,8.996,7.75,10.4,10.5,13.93,-0.004,0.001,0.006,-0.15,-0.06,-80.3057825,26.9245227,64.75
-21.1,5.7,0.0,22.64,-0.17,-3.68,-10.76,1.08,-0.54,1.66,0.01,9.771,5.18,8.858,9.604,10.1,7.06,10.79,17.56,-0.003,0.002,0.006,-0.15,-0.06,-80.3057858,26.9245129,64.8
-22.3,6.0,0.0,22.65,1.02,-4.78,-11.45,-0.13,0.84,1.7,0.06,12.714,5.925,6.484,8.809,14.03,9.91,14.13,13.24,-0.003,0.002,0.006,-0.17,-0.07,-80.3057892,26.9245032,64.85
-22.5,6.3,0.0,22.67,0.43,-3.01,-12.01,1.56,-0.05,1.68,0.09,11.939,11.762,6.798,7.24,12.95,12.36,17.07,13.34,-0.003,0.003,0.006,-0.22,-0.09,-80.3057927,26.9244935,64.9
-22.9,6.4,0.0,22.7,0.61,-3.64,-12.11,-3.39,-0.39,1.64,0.1,6.524,14.882,8.201,4.836,9.61,15.11,16.28,13.05,-0.003,0.002,0.006,-0.11,-0.04,-80.3057963,26.9244839,64.95
-22.8,6.5,0.0,22.73,0.46,-3.71,-12.01,-0.55,-0.18,1.62,0.1,12.753,6.533,8.103,7.23,7.46,9.12,14.42,21.97,-0.003,0.002,0.007,-0.11,-0.04,-80.3058,26.9244742,65.0
-23.3,6.7,0.0,22.77,0.56,-5.28,-12.05,-0.91,-0.04,1.57,0.11,11.576,7.436,9.849,8.162,8.63,10.89,20.01,15.79,-0.003,0.003,0.006,-0.15,-0.06,-80.3058038,26.9244646,65.05
-25.4,6.7,0.0,22.81,0.46,-6.18,-12.12,-0.11,1.39,1.53,0.17,9.153,11.615,9.074,8.437,13.34,10.4,15.7,11.67,-0.003,0.003,0.006,-0.16,-0.07,-80.3058078,26.924455,65.1
-26.3,6.6,0.0,22.86,1.51,-4.63,-13.57,-2.6,0.49,1.45,0.22,9.251,8.682,7.691,6.847,16.58,13.54,10.01,8.34,-0.003,0.003,0.006,-0.17,-0.07,-80.3058118,26.9244454,65.15
-27.9,6.7,0.0,22.9,1.46,-4.5,-13.65,0.22,-1.11,1.47,0.21,10.261,6.465,11.654,7.72,12.85,13.05,9.91,7.26,-0.004,0.003,0.006,-0.09,-0.04,-80.305816,26.9244358,65.2
-28.5,6.7,0.0,22.95,0.76,-5.76,-13.72,0.73,-1.58,1.51,0.13,13.381,6.455,13.567,9.771,9.12,16.48,8.14,11.38,-0.004,0.003,0.006,-0.12,-0.05,-80.3058204,26.9244263,65.25
-30.2,6.7,0.0,22.99,0.21,-6.52,-14.12,-0.86,-0.44,1.53,0.09,9.241,9.074,11.291,9.653,6.08,16.28,3.73,12.07,-0.003,0.003,0.005,-0.12,-0.05,-80.3058248,26.9244168,65.3
-31.0,6.8,0.0,23.03,1.39,-6.36,-14.13,1.04,-0.05,1.52,0.12,10.644,6.18,6.887,8.191,12.95,11.58,6.47,12.65,-0.003,0.003,0.006,-0.15,-0.06,-80.3058294,26.9244073,65.35
-30.9,6.8,0.0,23.09,1.51,-4.73,-15.41,-1.45,-0.55,1.5,0.13,12.753,7.142,6.308,7.72,13.15,13.64,10.79,12.56,-0.003,0.003,0.006,-0.18,-0.07,-80.3058342,26.9243979,65.4
-32.4,6.8,0.0,23.12,0.56,-5.57,-16.34,-0.37,-1.29,1.47,0.1,11.331,9.418,9.947,8.289,15.11,11.77,21.97,21.09,-0.003,0.004,0.006,-0.13,-0.05,-80.3058391,26.9243885,65.45
-32.4,6.7,0.0,23.17,0.9,-6.33,-16.48,-1.07,-0.62,1.44,0.09,9.231,10.928,9.496,8.407,8.34,11.38,16.28,20.6,-0.004,0.003,0.006,-0.03,-0.01,-80.3058441,26.9243791,65.5
-33.0,6.4,0.0,23.21,0.9,-6.37,-16.28,-1.48,-0.14,1.37,0.08,11.703,9.584,9.035,6.779,10.89,15.89,14.32,12.07,-0.004,0.004,0.007,-0.01,-0.0,-80.3058493,26.9243698,65.55
-34.0,6.3,0.0,23.25,0.25,-7.61,-16.28,-0.31,-0.89,1.39,0.07,10.418,11.988,12.596,8.074,16.87,17.36,19.62,14.72,-0.004,0.004,0.006,-0.05,-0.02,-80.3058546,26.9243605,65.6
-34.2,6.0,0.0,23.28,0.37,-6.64,-15.66,-0.05,-0.95,1.36,0.07,9.81,9.32,7.956,5.837,15.11,12.85,19.72,13.93,-0.004,0.004,0.007,-0.04,-0.02,-80.3058601,26.9243513,65.65
-34.9,5.8,0.0,23.3,0.64,-5.64,-16.32,-0.37,-0.94,1.38,0.03,11.527,6.102,8.191,7.436,11.18,9.91,10.1,13.54,-0.004,0.004,0.007,-0.04,-0.01,-80.3058658,26.9243421,65.7
-35.1,5.6,0.0,23.31,-0.37,-6.33,-16.57,0.38,0.05,1.39,0.05,8.427,9.83,11.409,8.348,8.24,13.83,2.06,10.4,-0.004,0.004,0.007,-0.03,-0.01,-80.3058716,26.9243331,65.75
-35.0,5.5,0.0,23.33,0.02,-5.09,-16.94,0.45,-0.14,1.37,0.07,7.171,9.408,6.131,6.475,7.85,12.16,8.44,10.4,-0.004,0.004,0.007,0.07,0.03,-80.3058775,26.924324,65.8
-35.2,5.4,0.0,23.33,-0.06,-7.16,-17.39,0.24,-1.16,1.4,0.05,10.163,8.672,9.163,8.044,9.52,10.89,15.3,11.09,-0.004,0.004,0.007,-0.02,-0.01,-80.3058836,26.9243151,65.85
-34.8,5.4,0.0,23.33,-0.25,-7.36,-17.38,-0.15,-0.15,1.38,0.03,11.429,6.661,10.183,8.083,12.65,13.73,10.1,19.62,-0.004,0.004,0.007,0.06,0.02,-80.3058898,26.9243062,65.9
-36.3,5.3,0.0,23.33,-0.63,-7.08,-17.22,-1.63,1.33,1.36,0.08,9.221,6.023,7.044,7.681,11.28,8.63,13.05,12.56,-0.004,0.004,0.007,0.11,0.04,-80.3058962,26.9242974,65.95
-36.7,5.3,0.0,23.32,-0.29,-6.96,-17.51,1.11,-0.68,1.37,0.11,13.734,7.456,10.722,7.456,7.46,12.26,11.87,14.22,-0.005,0.004,0.008,0.05,0.02,-80.3059027,26.9242888,66.0
-37.4,5.2,0.0,23.32,-0.45,-6.66,-18.3,-0.82,-1.66,1.34,0.09,10.742,7.985,11.478,8.643,9.32,11.48,22.07,21.58,-0.005,0.004,0.008,0.15,0.06,-80.3059094,26.9242802,66.05
-38.3,5.1,0.0,23.29,-0.12,-7.25,-18.6,-0.14,-0.77,1.28,0.07,8.829,10.457,9.153,7.966,12.16,13.15,12.46,16.19,-0.005,0.004,0.009,0.15,0.06,-80.3059162,26.9242717,66.1
-38.4,5.0,0.0,23.28,-0.04,-7.38,-18.89,-1.17,-0.22,1.27,0.08,11.615,9.006,10.605,9.261,12.16,12.75,4.61,9.42,-0.005,0.004,0.008,0.1,0.04,-80.3059232,26.9242633,66.15
-41.0,4.8,0.0,23.26,-0.66,-8.38,-19.35,-1.53,-0.11,1.19,0.09,10.507,11.517,10.585,8.76,8.14,9.91,12.36,13.83,-0.005,0.004,0.009,0.14,0.06,-80.3059303,26.924255,66.2
-41.3,4.6,0.0,23.24,-0.13,-7.63,-19.45,0.24,0.1,1.16,0.11,11.036,8.888,11.115,8.721,4.12,10.3,5.59,13.54,-0.005,0.004,0.009,0.19,0.08,-80.3059375,26.9242468,66.25
-42.0,4.5,0.0,23.21,-0.48,-7.92,-20.92,-0.81,0.64,1.12,0.17,13.116,9.928,8.005,7.838,11.67,7.26,8.04,9.52,-0.005,0.004,0.009,0.18,0.07,-80.3059449,26.9242388,66.3
-42.7,4.5,0.0,23.18,-0.76,-7.16,-21.5,-0.59,-0.69,1.07,0.17,11.478,11.615,8.505,8.368,10.5,12.26,4.51,14.32,-0.006,0.004,0.01,0.29,0.12,-80.3059525,26.9242308,66.35
-42.4,4.5,0.0,23.15,-0.44,-8.14,-21.31,-0.35,-0.97,1.04,0.15,9.584,13.214,10.644,9.526,8.73,14.52,10.2,13.24,-0.006,0.004,0.01,0.35,0.14,-80.3059602,26.9242231,66.4
-42.1,4.5,0.0,23.1,-1.07,-8.92,-20.98,-0.8,0.54,1.0,0.17,12.645,12.616,11.743,8.976,6.77,11.48,15.5,8.14,-0.006,0.004,0.01,0.3,0.12,-80.305968,26.9242154,66.45
-42.5,4.4,0.0,23.07,-0.9,-8.24,-20.77,1.32,-1.01,1.01,0.15,8.348,15.941,12.302,7.77,5.49,8.83,22.27,14.81,-0.006,0.004,0.01,0.36,0.15,-80.305976,26.924208,66.5
-42.5,4.4,0.0,23.02,-1.18,-7.87,-20.83,-1.15,0.13,1.0,0.17,7.151,15.137,10.987,8.142,10.89,7.46,10.79,21.58,-0.005,0.004,0.011,0.31,0.12,-80.3059841,26.9242006,66.55
-42.5,4.3,0.0,22.99,-0.49,-8.01,-21.47,-1.27,0.81,0.99,0.22,14.068,9.516,10.958,9.526,13.73,6.08,5.49,15.01,-0.006,0.004,0.011,0.34,0.14,-80.3059923,26.9241935,66.6
-42.1,4.3,0.0,22.95,-0.74,-8.53,-21.52,-0.28,0.2,0.95,0.26,12.125,12.076,11.478,7.25,8.44,10.79,5.1,15.21,-0.006,0.004,0.012,0.42,0.17,-80.3060007,26.9241864,66.65
-42.2,4.2,0.0,22.89,-1.62,-9.86,-21.31,-0.26,-0.28,0.94,0.25,8.79,11.684,10.605,9.349,5.89,15.99,8.93,12.16,-0.006,0.004,0.012,0.32,0.13,-80.3060092,26.9241795,66.7
-41.7,4.1,0.0,22.85,-0.76,-9.1,-21.16,0.9,-0.54,0.91,0.26,10.202,8.044,8.741,9.055,6.97,13.54,4.32,13.24,-0.006,0.004,0.012,0.38,0.15,-80.3060178,26.9241727,66.75
-41.3,4.1,0.0,22.8,-0.8,-8.28,-21.74,1.65,-0.67,0.92,0.27,14.156,3.502,8.78,10.232,17.56,9.71,6.67,16.09,-0.006,0.004,0.012,0.43,0.17,-80.3060265,26.9241661,66.8
-41.4,4.1,0.0,22.75,-0.72,-8.49,-21.47,2.53,-1.01,0.94,0.25,14.489,5.278,10.791,10.114,10.2,12.56,6.18,14.72,-0.006,0.005,0.012,0.45,0.18,-80.3060354,26.9241597,66.85
-41.3,4.0,0.0,22.7,-1.15,-7.52,-21.14,-2.4,0.37,0.89,0.28,10.212,13.695,7.926,6.396,10.4,10.3,14.13,17.36,-0.006,0.005,0.012,0.35,0.14,-80.3060443,26.9241534,66.9
-41.0,4.0,0.0,22.64,-0.62,-6.84,-20.87,2.83,-0.11,0.95,0.31,6.847,16.697,9.81,6.749,8.24,10.89,13.64,13.24,-0.006,0.004,0.012,0.42,0.16,-80.3060534,26.9241473,66.95
-40.5,4.0,0.0,22.59,-0.39,-6.87,-21.14,-0.25,0.2,0.97,0.33,10.222,8.191,11.566,7.083,5.69,11.58,14.91,12.65,-0.006,0.004,0.012,0.43,0.17,-80.3060626,26.9241414,67.0
-39.8,4.1,0.0,22.54,-1.1,-8.75,-20.87,1.44,-0.83,1.0,0.32,11.046,5.808,14.234,9.104,13.64,12.85,21.48,4.91,-0.006,0.004,0.012,0.31,0.12,-80.3060719,26.9241356,67.05
-39.5,4.1,0.0,22.51,-0.88,-6.62,-20.17,0.38,0.31,0.97,0.34,12.684,8.221,10.516,7.357,13.64,12.07,16.87,15.89,-0.006,0.004,0.012,0.28,0.11,-80.3060813,26.92413,67.1
-39.2,4.1,0.0,22.45,-1.29,-8.13,-19.69,-0.54,0.48,1.0,0.34,7.014,13.548,8.986,8.132,11.09,9.22,17.27,6.87,-0.006,0.004,0.012,0.22,0.08,-80.3060908,26.9241246,67.15
-38.9,4.1,0.0,22.41,-1.37,-6.63,-19.54,0.31,-0.23,1.04,0.32,5.925,13.783,8.878,7.603,9.12,11.77,10.4,9.32,-0.006,0.004,0.012,0.21,0.08,-80.3061003,26.9241193,67.2
-38.0,4.2,0.0,22.37,-0.69,-7.3,-19.36,-0.45,-0.65,1.08,0.3,12.174,8.476,11.684,8.78,7.36,10.1,9.61,8.73,-0.006,0.004,0.011,0.19,0.08,-80.30611,26.9241142,67.25
-37.8,4.3,0.0,22.32,-1.44,-6.62,-18.83,0.61,-0.05,1.09,0.29,11.252,4.483,13.754,10.457,15.3,8.53,11.77,6.38,-0.006,0.004,0.011,0.13,0.05,-80.3061197,26.9241093,67.3
-37.8,4.3,0.0,22.29,-1.31,-6.72,-18.51,0.77,0.41,1.12,0.34,14.038,5.788,10.045,7.848,11.87,10.01,6.87,11.97,-0.006,0.004,0.011,0.15,0.06,-80.3061296,26.9241045,67.35
-37.7,4.3,0.0,22.25,-1.3,-7.7,-18.87,-1.12,0.08,1.17,0.34,9.908,13.194,9.163,7.034,16.78,13.54,12.36,2.06,-0.006,0.004,0.011,0.07,0.03,-80.3061394,26.9240999,67.4
-37.8,4.2,0.0,22.23,-0.97,-7.45,-19.34,-0.6,-1.1,1.18,0.3,8.015,17.56,12.949,8.976,18.34,12.65,11.58,5.69,-0.006,0.004,0.01,0.14,0.06,-80.3061494,26.9240954,67.45
-37.6,4.3,0.0,22.2,-0.31,-6.88,-19.29,0.52,-1.11,1.22,0.3,12.949,8.201,10.31,8.535,17.36,7.85,13.73,9.61,-0.006,0.003,0.01,0.08,0.03,-80.3061594,26.9240911,67.5
-37.7,4.4,0.0,22.18,-0.17,-6.79,-19.7,-1.71,-0.84,1.21,0.29,12.576,4.454,12.302,9.28,11.58,5.3,12.85,13.54,-0.006,0.003,0.01,0.1,0.04,-80.3061695,26.9240869,67.55
-37.9,4.4,0.0,22.15,-0.41,-7.06,-18.98,2.32,-1.33,1.26,0.27,13.214,7.24,8.79,8.309,11.58,6.77,15.3,19.91,-0.006,0.004,0.01,0.05,0.02,-80.3061797,26.9240829,67.6
-38.0,4.4,0.0,22.13,-0.02,-6.63,-18.31,-0.65,-0.13,1.26,0.27,11.821,12.665,10.722,7.681,16.09,10.59,15.79,9.32,-0.005,0.004,0.01,0.09,0.03,-80.3061899,26.9240791,67.65
-38.9,4.5,0.0,22.1,-0.67,-5.83,-18.56,0.88,-0.14,1.29,0.29,5.788,15.343,8.113,7.799,17.95,9.52,12.75,16.68,-0.005,0.004,0.01,0.09,0.04,-80.3062002,26.9240754,67.7
-38.7,4.5,0.0,22.08,-0.11,-7.25,-19.1,-0.55,-0.24,1.34,0.29,7.897,14.038,7.868,7.308,14.32,15.21,16.68,18.64,-0.006,0.003,0.01,0.03,0.01,-80.3062105,26.9240719,67.75
-39.4,4.5,0.0,22.07,-0.04,-6.92,-19.29,0.27,-0.53,1.31,0.25,5.876,13.724,9.094,7.083,9.91,12.65,22.07,16.78,-0.006,0.003,0.01,0.06,0.02,-80.3062209,26.9240685,67.8
-39.6,4.7,0.0,22.03,-0.74,-7.43,-19.07,2.76,-0.77,1.34,0.21,12.37,9.545,8.76,7.573,8.93,8.83,17.66,14.91,-0.006,0.004,0.009,0.08,0.03,-80.3062314,26.9240653,67.85
-39.6,4.8,0.0,22.02,-0.3,-7.68,-19.16,0.96,0.29,1.35,0.25,10.85,5.631,11.517,8.427,6.38,9.03,18.54,16.87,-0.006,0.004,0.009,-0.0,-0.0,-80.3062419,26.9240623,67.9
-40.2,5.0,0.0,22.02,-0.39,-7.63,-19.18,1.48,-0.59,1.36,0.28,11.752,6.337,9.888,7.112,10.01,8.63,16.97,12.46,-0.006,0.004,0.009,0.01,0.0,-80.3062524,26.9240594,67.95
-40.7,5.0,0.0,22.01,-0.52,-6.49,-19.62,0.6,-0.91,1.37,0.26,10.163,10.938,7.691,8.751,13.44,7.55,17.95,14.13,-0.006,0.004,0.01,0.09,0.04,-80.306263,26.9240566,68.0
-41.8,5.1,0.0,22.02,0.18,-5.97,-19.62,-0.79,-1.62,1.39,0.24,6.857,14.627,9.516,9.722,15.5,5.98,12.07,10.59,-0.005,0.004,0.01,0.08,0.03,-80.3062737,26.9240541,68.05
-41.9,5.1,0.0,22.01,-0.2,-6.18,-19.89,-1.24,-0.32,1.33,0.23,7.642,8.231,8.898,10.153,9.32,9.03,12.85,10.1,-0.006,0.004,0.01,0.14,0.05,-80.3062844,26.9240518,68.1
-42.3,5.2,0.0,22.02,0.27,-6.76,-19.92,-0.39,-0.51,1.36,0.22,7.622,10.919,8.927,8.24,9.12,7.95,3.83,10.3,-0.006,0.004,0.009,0.08,0.03,-80.3062951,26.9240495,68.15
-42.0,5.3,0.0,22.02,-0.04,-9.03,-19.88,0.33,-0.1,1.33,0.22,11.497,9.869,11.115,9.81,5.4,10.3,7.16,13.24,-0.006,0.004,0.009,0.06,0.02,-80.3063059,26.9240475,68.2
-41.9,5.3,0.0,22.02,0.21,-9.1,-20.17,1.88,-0.89,1.36,0.22,11.144,9.516,8.064,8.231,8.53,11.38,6.57,9.81,-0.006,0.004,0.009,0.05,0.02,-80.3063167,26.9240456,68.25
-42.3,5.3,0.0,22.04,0.04,-8.88,-20.77,2.65,-1.83,1.36,0.19,11.939,7.809,9.908,8.8,10.69,13.24,0.1,13.83,-0.006,0.004,0.009,0.05,0.02,-80.3063275,26.9240439,68.3
-42.2,5.2,0.0,22.04,0.26,-8.08,-19.89,0.56,-0.78,1.35,0.18,10.791,11.301,8.976,9.594,11.38,13.34,6.18,10.01,-0.005,0.004,0.009,0.06,0.02,-80.3063384,26.9240423,68.35
-42.8,5.2,0.0,22.06,-0.1,-7.25,-19.8,0.65,-0.56,1.35,0.2,9.015,14.676,10.016,8.054,9.32,8.73,0.59,6.28,-0.006,0.004,0.009,0.08,0.03,-80.3063494,26.9240409,68.4
-42.6,5.2,0.0,22.07,0.27,-5.43,-20.07,0.38,-0.44,1.35,0.22,11.85,6.563,10.644,9.516,9.03,9.52,1.08,13.05,-0.006,0.004,0.01,0.1,0.04,-80.3063603,26.9240397,68.45
-42.8,5.1,0.0,22.08,0.46,-5.8,-20.43,1.43,-0.47,1.37,0.22,11.909,4.248,9.741,10.193,7.06,8.83,-1.57,9.32,-0.006,0.004,0.009,0.12,0.05,-80.3063713,26.9240386,68.5
-42.8,4.9,0.0,22.08,-0.08,-6.14,-20.3,0.73,-0.12,1.36,0.23,12.704,7.416,8.888,7.868,6.97,8.04,2.84,13.83,-0.006,0.004,0.009,0.08,0.03,-80.3063823,26.9240378,68.55
-42.7,4.8,0.0,22.08,-0.0,-6.77,-19.89,0.37,-0.33,1.35,0.23,9.575,11.301,11.86,8.545,9.71,6.67,11.77,9.61,-0.006,0.004,0.009,0.06,0.02,-80.3063933,26.924037,68.6
-42.9,4.6,0.0,22.08,-0.29,-7.69,-20.15,-0.1,-0.0,1.36,0.25,5.641,12.027,6.749,8.898,9.61,12.36,12.65,12.65,-0.006,0.004,0.01,0.03,0.01,-80.3064044,26.9240365,68.65
-42.3,4.5,0.0,22.07,-0.56,-7.58,-20.1,-0.34,0.69,1.33,0.27,7.426,9.329,9.516,7.289,14.32,16.19,14.52,10.4,-0.006,0.004,0.01,0.12,0.04,-80.3064154,26.9240362,68.7
-42.5,4.5,0.0,22.05,-0.47,-7.51,-20.79,-0.45,0.14,1.31,0.28,7.053,13.44,9.212,10.016,12.65,12.85,12.75,12.75,-0.006,0.004,0.01,0.09,0.03,-80.3064264,26.924036,68.75
-41.9,4.5,0.0,22.05,0.04,-7.56,-21.22,-0.55,-1.29,1.28,0.26,14.489,8.26,10.094,8.692,11.38,7.55,15.01,6.28,-0.006,0.004,0.01,0.17,0.06,-80.3064375,26.924036,68.8
-41.9,4.5,0.0,22.02,-0.56,-7.64,-21.23,-1.43,-0.57,1.22,0.25,11.105,4.925,11.075,7.75,7.55,6.38,21.39,8.53,-0.006,0.004,0.01,0.12,0.05,-80.3064485,26.9240362,68.85
-41.7,4.5,0.0,22.0,0.48,-7.15,-20.36,0.72,-0.62,1.21,0.26,12.694,7.828,11.026,6.945,7.46,10.4,14.32,2.94,-0.006,0.004,0.01,0.11,0.04,-80.3064595,26.9240365,68.9
-41.1,4.4,0.0,21.99,-0.01,-6.79,-19.84,-1.79,0.07,1.15,0.3,12.792,11.605,11.36,8.917,13.15,7.36,18.25,5.59,-0.006,0.004,0.01,0.19,0.07,-80.3064705,26.924037,68.95
-41.1,4.3,0.0,21.97,-0.21,-6.99,-19.57,0.99,-0.55,1.16,0.3,6.2,13.695,11.144,9.79,15.5,9.61,14.72,9.71,-0.006,0.004,0.01,0.21,0.08,-80.3064814,26.9240378,69.0
-40.2,4.2,0.0,21.94,-0.43,-7.22,-19.79,-1.81,-0.07,1.13,0.32,7.436,11.105,9.888,7.613,14.42,13.05,18.54,10.99,-0.006,0.004,0.01,0.2,0.08,-80.3064924,26.9240386,69.05
-40.2,4.2,0.0,21.91,-0.86,-6.92,-19.67,0.36,0.35,1.15,0.34,6.063,14.725,9.437,6.887,8.24,13.24,13.64,12.46,-0.006,0.004,0.01,0.23,0.09,-80.3065033,26.9240397,69.1
-39.4,4.2,0.0,21.88,-0.72,-6.22,-19.3,-0.89,-0.11,1.15,0.35,13.214,7.573,11.095,6.73,4.81,12.65,12.85,9.61,-0.006,0.004,0.01,0.15,0.06,-80.3065142,26.9240409,69.15
-39.5,4.3,0.0,21.86,-0.38,-6.75,-19.17,3.56,-0.76,1.21,0.35,11.772,4.238,11.419,7.917,6.47,10.5,12.16,5.79,-0.006,0.004,0.01,0.19,0.07,-80.306525,26.9240423,69.2
-39.3,4.2,0.0,21.84,-0.7,-7.78,-18.68,-0.14,0.19,1.2,0.37,12.812,5.435,12.096,8.79,9.52,10.3,10.59,3.92,-0.006,0.004,0.01,0.09,0.03,-80.3065358,26.9240438,69.25
-38.6,4.3,0.0,21.8,-1.16,-8.71,-18.95,0.58,0.72,1.26,0.4,12.037,7.809,9.467,9.712,14.62,4.91,12.07,10.59,-0.006,0.004,0.01,0.1,0.04,-80.3065466,26.9240455,69.3
-38.4,4.3,0.0,21.78,-1.01,-8.43,-19.33,-1.22,-0.16,1.24,0.42,12.459,9.153,9.614,9.015,18.84,10.69,6.57,10.99,-0.006,0.004,0.01,0.05,0.02,-80.3065573,26.9240474,69.35
-37.5,4.3,0.0,21.76,-0.34,-6.64,-19.09,-0.51,-1.09,1.27,0.44,12.537,13.4,9.064,7.838,13.15,11.77,8.83,12.07,-0.006,0.003,0.01,0.13,0.05,-80.3065679,26.9240494,69.4
-37.5,4.4,0.0,21.75,0.4,-5.89,-18.9,-0.15,-1.79,1.27,0.4,8.564,14.058,9.761,10.183,11.87,7.26,10.01,9.52,-0.006,0.003,0.01,0.1,0.04,-80.3065786,26.9240516,69.45
-37.2,4.5,0.0,21.74,-0.19,-6.15,-18.24,-2.19,-0.35,1.24,0.37,7.995,10.654,9.643,8.535,6.77,14.13,9.12,12.65,-0.006,0.003,0.009,0.16,0.06,-80.3065893,26.924054,69.5
-37.1,4.5,0.0,21.72,-1.11,-7.49,-17.55,1.96,0.34,1.28,0.38,6.926,14.048,8.868,8.446,6.47,12.65,4.91,18.44,-0.006,0.003,0.009,0.11,0.04,-80.3065999,26.9240565,69.55
-36.4,4.7,0.0,21.7,-0.2,-6.8,-17.73,-0.24,0.01,1.3,0.38,12.988,8.829,8.633,7.74,8.73,11.28,3.53,8.83,-0.006,0.003,0.009,0.07,0.03,-80.3066103,26.9240591,69.6
-36.4,4.9,0.0,21.72,-0.3,-5.46,-17.95,1.97,-0.84,1.29,0.37,12.096,5.268,9.339,7.053,13.24,14.72,8.53,19.42,-0.006,0.003,0.009,0.12,0.05,-80.3066208,26.9240619,69.65
-36.3,5.2,0.0,21.71,0.53,-6.04,-17.92,1.55,-1.07,1.32,0.34,13.734,6.779,9.084,9.81,15.79,7.46,11.38,14.91,-0.005,0.003,0.008,0.1,0.04,-80.3066311,26.9240648,69.7
-36.1,5.5,0.0,21.73,-0.0,-6.77,-17.85,0.95,-1.32,1.3,0.29,11.105,8.515,6.455,7.917,14.13,5.69,7.55,16.58,-0.006,0.003,0.008,0.09,0.03,-80.3066414,26.9240679,69.75
-37.0,5.8,0.0,21.74,-0.48,-7.8,-17.73,0.11,-1.05,1.28,0.25,9.535,8.643,8.839,9.722,10.69,7.75,12.07,16.58,-0.005,0.003,0.008,0.08,0.03,-80.3066517,26.9240711,69.8
-37.2,6.2,0.0,21.77,0.39,-6.28,-17.71,1.29,-0.98,1.27,0.24,9.663,10.673,5.189,7.858,7.26,7.75,10.99,14.42,-0.005,0.003,0.008,0.01,0.0,-80.306662,26.9240745,69.85
-37.6,6.4,0.0,21.82,1.25,-5.16,-17.82,-1.05,-1.62,1.27,0.22,9.143,14.852,8.564,7.308,7.36,8.34,9.42,13.73,-0.005,0.003,0.007,0.06,0.02,-80.3066721,26.924078,69.9
-38.6,6.8,0.0,21.88,1.57,-5.11,-17.84,-0.59,-1.55,1.21,0.17,8.937,7.201,9.172,7.691,9.42,9.91,15.7,13.83,-0.005,0.004,0.008,0.11,0.04,-80.3066823,26.9240816,69.95
-39.6,7.1,0.0,21.93,1.56,-5.67,-17.45,1.59,-0.95,1.26,0.13,8.976,7.828,6.73,5.729,9.71,14.32,17.27,15.89,-0.005,0.004,0.007,0.13,0.05,-80.3066924,26.9240855,70.0
-41.3,7.4,0.0,21.99,2.21,-6.01,-17.51,0.35,-0.78,1.22,0.12,11.164,9.398,9.663,10.075,11.28,10.89,13.54,16.58,-0.005,0.004,0.007,0.03,0.01,-80.3067025,26.9240895,70.05
-42.2,8.0,0.0,22.06,2.32,-7.1,-18.08,1.96,-0.02,1.2,0.13,10.477,12.38,10.006,9.006,13.54,9.61,18.84,11.77,-0.005,0.004,0.007,0.02,0.01,-80.3067125,26.9240936,70.1
-43.4,8.4,0.0,22.15,1.97,-8.01,-19.28,-0.17,-0.77,1.18,0.11,6.906,13.4,7.299,7.505,10.89,13.54,15.3,17.17,-0.005,0.004,0.007,0.12,0.05,-80.3067225,26.9240978,70.15
-43.7,8.8,0.0,22.23,1.59,-7.36,-19.14,-0.76,-1.39,1.16,0.05,7.24,9.506,8.505,7.828,7.46,11.28,19.33,14.52,-0.005,0.004,0.007,0.12,0.05,-80.3067325,26.9241023,70.2
-43.9,9.2,0.0,22.34,2.34,-6.4,-18.59,1.39,-0.67,1.16,0.02,6.553,9.045,6.641,6.416,5.89,9.91,13.15,13.54,-0.004,0.005,0.007,0.22,0.09,-80.3067424,26.9241069,70.25
-44.1,9.4,0.0,22.44,2.41,-7.32,-18.84,-1.31,-0.91,1.08,0.01,9.8,9.31,4.983,7.25,6.87,4.41,6.67,9.03,-0.004,0.005,0.007,0.14,0.06,-80.3067523,26.9241116,70.3
-44.1,9.6,0.0,22.53,1.89,-6.07,-19.47,-0.24,-0.19,1.08,-0.01,9.594,13.646,8.917,7.475,12.46,9.52,9.52,8.53,-0.004,0.005,0.007,0.28,0.11,-80.3067621,26.9241165,70.35
-44.4,9.7,0.0,22.65,2.16,-6.07,-19.46,-1.57,-1.01,1.04,-0.04,8.348,10.575,11.223,9.025,12.36,7.95,6.38,10.79,-0.004,0.005,0.007,0.24,0.1,-80.3067719,26.9241216,70.4
-44.7,9.9,0.0,22.76,1.97,-7.76,-19.32,-0.48,0.52,1.05,-0.02,12.076,8.829,14.146,10.732,11.18,12.56,7.26,4.32,-0.004,0.005,0.007,0.28,0.11,-80.3067817,26.9241268,70.45
-45.7,9.9,0.0,22.86,1.79,-9.46,-19.39,-1.62,-0.21,0.95,-0.0,11.625,11.615,11.998,6.514,7.65,9.12,4.02,9.03,-0.004,0.006,0.007,0.23,0.09,-80.3067914,26.9241322,70.5
-46.3,10.0,0.0,22.97,2.67,-6.53,-20.29,1.92,-1.42,0.98,-0.01,8.348,12.429,7.642,7.201,10.59,9.32,14.42,8.53,-0.004,0.006,0.007,0.33,0.13,-80.306801,26.9241378,70.55
-46.3,10.0,0.0,23.07,1.68,-6.84,-20.73,-0.53,-0.19,0.93,-0.01,10.801,6.112,10.477,10.359,9.03,5.79,7.55,12.56,-0.004,0.006,0.007,0.4,0.16,-80.3068106,26.9241435,70.6
-46.8,9.9,0.0,23.19,2.32,-8.25,-20.88,-0.22,-0.15,0.94,-0.01,8.299,15.794,8.692,5.503,15.3,7.95,15.79,11.28,-0.004,0.006,0.007,0.38,0.16,-80.3068201,26.9241495,70.65
-46.3,9.7,0.0,23.3,2.9,-6.14,-20.26,-0.19,-1.14,0.91,-0.01,7.77,13.381,13.587,9.055,8.44,11.28,9.71,8.63,-0.004,0.006,0.008,0.43,0.18,-80.3068295,26.9241556,70.7
-44.7,9.5,0.0,23.4,2.47,-8.88,-20.05,0.13,-0.93,0.88,-0.03,10.477,13.136,5.915,3.483,7.16,12.07,20.7,9.81,-0.004,0.006,0.008,0.48,0.2,-80.3068389,26.9241619,70.75
-43.5,9.5,0.0,23.49,1.74,-9.55,-19.71,-0.33,0.93,0.92,-0.03,10.467,10.526,13.42,8.672,5.4,10.4,12.56,16.28,-0.004,0.006,0.008,0.5,0.2,-80.3068481,26.9241684,70.8
-41.9,9.5,0.0,23.6,3.07,-6.85,-19.24,1.13,-0.63,0.92,-0.04,11.262,7.416,6.239,6.347,16.48,6.97,10.4,10.89,-0.004,0.006,0.008,0.52,0.21,-80.3068573,26.924175,70.85
-42.4,9.4,0.0,23.68,1.35,-9.07,-18.71,-0.64,-0.46,0.93,-0.03,10.438,6.475,12.625,8.878,10.5,12.85,-5.49,12.36,-0.004,0.006,0.008,0.45,0.19,-80.3068664,26.9241818,70.9
-42.0,8.8,0.0,23.78,2.29,-6.77,-18.21,1.39,-0.27,0.97,-0.02,11.438,7.917,7.397,5.994,5.2,12.95,8.44,-0.59,-0.004,0.006,0.008,0.46,0.19,-80.3068754,26.9241888,70.95
-41.7,8.4,0.0,23.86,1.46,-9.09,-17.89,-1.52,0.32,0.94,-0.0,10.791,8.466,12.586,9.535,11.38,12.65,15.21,17.66,-0.004,0.006,0.008,0.38,0.16,-80.3068844,26.9241959,71.0
-41.9,7.7,0.0,23.93,1.24,-4.11,-18.36,1.28,-0.25,0.94,-0.0,6.73,13.44,9.153,7.426,10.1,13.15,4.51,15.5,-0.004,0.006,0.008,0.46,0.19,-80.3068932,26.9242031,71.05
-41.5,7.5,0.0,23.99,1.06,-8.57,-18.47,-0.42,0.07,0.93,0.01,10.291,10.556,6.965,9.3,11.87,10.89,13.64,11.87,-0.004,0.006,0.008,0.35,0.14,-80.3069018,26.9242106,71.1
-41.4,7.4,0.0,24.04,0.9,-8.13,-18.79,-0.25,-0.13,0.9,0.03,13.391,6.828,11.958,8.927,5.4,10.2,8.24,17.27,-0.005,0.005,0.008,0.45,0.19,-80.3069104,26.9242181,71.15
-40.9,7.4,0.0,24.08,1.24,-5.94,-18.9,1.76,-1.9,0.88,0.0,10.958,8.701,9.918,5.837,10.5,11.67,11.67,13.54,-0.005,0.005,0.008,0.41,0.17,-80.3069189,26.9242258,71.2
-40.2,7.4,0.0,24.14,1.03,-7.61,-18.31,-1.11,-0.45,0.86,-0.0,7.22,15.166,10.036,7.112,11.18,12.46,1.37,5.0,-0.005,0.005,0.008,0.48,0.2,-80.3069272,26.9242337,71.25
-40.2,7.4,0.0,24.19,1.64,-8.11,-18.03,0.59,0.1,0.9,-0.01,12.223,11.272,12.096,9.879,9.42,10.2,11.77,5.49,-0.005,0.005,0.008,0.43,0.18,-80.3069354,26.9242417,71.3
-39.7,7.5,0.0,24.21,0.45,-8.39,-17.98,0.78,-0.28,0.89,-0.01,11.438,6.553,9.545,6.063,9.12,9.03,9.61,14.91,-0.005,0.005,0.008,0.44,0.19,-80.3069435,26.9242498,71.35
-39.5,7.9,0.0,24.28,1.31,-5.84,-18.15,1.28,-1.0,0.91,-0.02,10.82,8.24,9.987,8.77,13.15,9.12,9.52,15.21,-0.004,0.005,0.008,0.47,0.2,-80.3069515,26.924258,71.4
-39.5,8.0,0.0,24.31,0.32,-7.34,-17.93,-1.6,0.5,0.87,0.01,9.104,8.172,8.172,8.643,19.03,9.71,22.56,12.16,-0.005,0.005,0.008,0.45,0.19,-80.3069593,26.9242664,71.45
-38.3,8.5,0.0,24.38,1.56,-7.63,-18.17,-1.09,-0.81,0.84,-0.02,8.79,10.281,12.282,9.918,8.34,14.62,12.26,10.79,-0.005,0.005,0.008,0.48,0.2,-80.306967,26.9242748,71.5
-38.6,9.1,0.0,24.46,1.57,-6.59,-17.77,0.6,-2.57,0.86,-0.09,8.751,10.144,15.382,10.153,7.16,6.08,9.12,17.66,-0.005,0.005,0.008,0.5,0.21,-80.3069746,26.9242835,71.55
-38.6,9.6,0.0,24.52,1.82,-8.23,-16.93,0.71,-0.93,0.86,-0.13,9.928,9.064,8.368,4.728,13.83,11.38,12.65,4.41,-0.004,0.006,0.007,0.37,0.16,-80.3069821,26.9242923,71.6
-38.2,10.4,0.0,24.61,2.05,-6.36,-16.22,0.26,0.52,0.86,-0.1,7.848,9.035,8.907,5.003,11.77,7.65,10.59,19.82,-0.004,0.006,0.007,0.48,0.21,-80.3069894,26.9243012,71.65
-38.6,11.0,0.0,24.71,2.41,-7.83,-16.87,-0.48,0.09,0.91,-0.08,9.516,10.86,6.484,6.161,11.87,11.09,15.79,16.28,-0.004,0.006,0.007,0.42,0.18,-80.3069966,26.9243102,71.7
-38.3,11.4,0.0,24.82,2.7,-7.63,-17.52,2.61,-0.87,0.95,-0.12,8.594,5.837,7.191,5.16,10.99,8.44,17.95,7.26,-0.004,0.006,0.007,0.5,0.21,-80.3070037,26.9243193,71.75
-38.1,11.5,0.0,24.9,1.57,-6.97,-17.02,-2.75,-0.32,0.93,-0.11,8.505,10.163,8.054,7.044,12.26,7.85,16.38,10.69,-0.003,0.006,0.007,0.44,0.19,-80.3070107,26.9243286,71.8
-38.4,11.9,0.0,25.02,2.78,-6.59,-16.66,0.15,0.3,0.92,-0.08,7.877,11.134,9.467,4.395,10.59,13.24,8.24,3.53,-0.003,0.006,0.007,0.5,0.22,-80.3070175,26.924338,71.85
-38.0,12.0,0.0,25.13,1.28,-7.45,-16.93,-0.26,0.74,0.91,-0.07,9.231,7.779,6.926,6.259,4.91,9.61,8.53,7.85,-0.004,0.006,0.007,0.46,0.2,-80.3070243,26.9243475,71.9
-37.7,12.1,0.0,25.24,2.28,-7.59,-17.59,-1.34,-0.35,0.92,-0.08,10.193,9.457,7.308,6.288,14.03,6.08,18.74,18.05,-0.004,0.006,0.007,0.49,0.22,-80.3070309,26.9243571,71.95
-37.9,12.2,0.0,25.34,2.23,-6.59,-17.58,1.24,-0.72,0.91,-0.11,11.949,8.427,8.299,8.76,9.61,9.91,9.91,15.5,-0.004,0.006,0.007,0.55,0.24,-80.3070374,26.9243669,72.0
-37.7,12.4,0.0,25.45,1.78,-6.82,-16.55,-1.13,-0.83,0.9,-0.12,10.183,9.702,11.605,7.514,5.4,13.44,6.77,11.18,-0.004,0.006,0.007,0.51,0.23,-80.3070437,26.9243768,72.05
-37.4,12.6,0.0,25.55,1.86,-9.04,-17.07,-0.47,-1.07,0.87,-0.14,11.174,7.809,4.179,8.093,15.21,9.32,8.63,5.69,-0.004,0.006,0.007,0.48,0.21,-80.3070498,26.9243868,72.1
-37.6,13.2,0.0,25.66,2.4,-7.37,-17.42,0.06,-1.83,0.89,-0.22,8.927,13.332,7.407,4.738,13.64,12.07,11.48,15.5,-0.004,0.006,0.007,0.48,0.22,-80.3070558,26.924397,72.15
-37.5,13.7,0.0,25.78,2.66,-5.58,-16.44,2.13,-0.87,0.96,-0.27,8.937,6.278,9.663,9.81,6.28,8.73,9.12,16.38,-0.004,0.006,0.006,0.56,0.25,-80.3070617,26.9244073,72.2
-36.8,14.1,0.0,25.87,2.31,-8.29,-16.08,0.71,-0.6,1.02,-0.27,5.994,11.085,10.134,8.407,12.07,11.28,12.95,11.28,-0.004,0.006,0.006,0.51,0.23,-80.3070675,26.9244177,72.25
-37.1,14.4,0.0,26.0,2.2,-7.21,-17.28,-0.45,-0.6,0.99,-0.29,11.36,7.554,9.624,9.535,11.58,17.36,7.85,13.34,-0.004,0.006,0.007,0.63,0.28,-80.3070731,26.9244282,72.3
-37.1,14.4,0.0,26.11,2.55,-7.62,-16.79,1.34,-0.27,1.04,-0.3,10.134,8.672,7.23,9.035,9.32,10.89,4.71,1.77,-0.003,0.006,0.006,0.59,0.27,-80.3070786,26.9244388,72.35
-36.2,14.6,0.0,26.22,2.65,-5.69,-16.37,-0.37,0.23,1.01,-0.26,8.907,12.282,9.339,6.249,15.3,13.44,12.16,13.15,-0.004,0.006,0.007,0.6,0.27,-80.3070839,26.9244496,72.4
-36.1,14.7,0.0,26.33,2.18,-6.88,-17.14,1.89,-1.82,1.03,-0.28,13.705,3.169,8.78,8.407,14.72,11.87,15.5,15.7,-0.004,0.006,0.007,0.67,0.31,-80.3070891,26.9244604,72.45
-35.8,14.7,0.0,26.44,1.48,-6.92,-16.75,-0.8,-0.56,1.01,-0.32,9.369,8.505,13.862,6.857,9.61,8.53,-0.69,15.99,-0.004,0.006,0.007,0.65,0.3,-80.3070941,26.9244714,72.5
-34.8,14.8,0.0,26.54,2.08,-7.4,-16.26,1.15,-0.5,1.07,-0.36,8.554,7.083,6.789,9.535,15.4,14.13,12.16,19.91,-0.004,0.006,0.006,0.69,0.32,-80.307099,26.9244825,72.55
-34.7,14.8,0.0,26.65,1.96,-8.13,-15.11,-0.37,0.0,1.08,-0.33,11.036,9.192,8.427,10.016,11.67,17.36,19.42,14.03,-0.004,0.006,0.006,0.57,0.26,-80.3071037,26.9244937,72.6
-35.0,14.9,0.0,26.75,2.55,-7.42,-15.21,3.73,-1.38,1.19,-0.34,8.986,14.774,8.015,4.758,16.19,11.87,10.2,8.04,-0.004,0.006,0.007,0.57,0.26,-80.3071082,26.9245051,72.65
-34.2,15.0,0.0,26.87,2.54,-8.99,-15.4,1.09,-1.49,1.29,-0.39,8.407,9.133,11.949,9.82,9.42,11.18,3.53,0.1,-0.004,0.006,0.007,0.55,0.26,-80.3071126,26.9245165,72.7
-33.0,15.0,0.0,26.97,2.27,-7.17,-15.95,2.31,-2.86,1.29,-0.46,9.378,4.748,10.251,9.81,13.64,12.16,18.05,12.07,-0.004,0.006,0.006,0.54,0.26,-80.3071168,26.924528,72.75
-32.6,14.9,0.0,27.07,2.83,-4.44,-15.58,-0.22,-1.56,1.25,-0.51,7.191,10.673,6.298,7.181,10.01,10.89,13.54,16.68,-0.005,0.005,0.006,0.62,0.29,-80.3071209,26.9245396,72.8
-30.8,14.8,0.0,27.16,2.42,-6.39,-15.41,-0.33,-1.72,1.24,-0.57,10.124,10.085,11.399,6.661,7.36,8.34,2.94,8.14,-0.004,0.005,0.006,0.52,0.25,-80.3071248,26.9245513,72.85
-30.4,14.8,0.0,27.25,1.88,-7.4,-14.74,-0.24,-0.06,1.2,-0.59,8.378,9.27,7.259,4.189,17.36,12.46,8.83,6.38,-0.004,0.005,0.006,0.54,0.26,-80.3071284,26.924563,72.9
-30.8,14.9,0.0,27.37,2.65,-5.1,-14.19,-0.45,-1.08,1.18,-0.6,6.995,10.565,7.622,5.503,12.56,14.72,17.07,12.65,-0.004,0.006,0.007,0.57,0.27,-80.307132,26.9245749,72.95
-31.0,15.3,0.0,27.45,1.28,-7.34,-14.7,-1.45,-1.13,1.17,-0.64,6.533,9.732,8.947,6.053,8.34,3.34,4.12,9.32,-0.003,0.006,0.006,0.52,0.25,-80.3071354,26.9245868,73.0
-29.8,16.7,0.0,27.55,1.87,-5.84,-13.98,-0.47,-0.07,1.14,-0.66,6.063,7.681,6.7,7.76,10.99,13.54,1.28,9.91,-0.003,0.006,0.006,0.64,0.31,-80.3071387,26.9245989,73.05
-29.0,18.3,0.0,27.66,1.9,-6.37,-13.85,-1.78,1.0,1.09,-0.62,9.212,3.777,6.828,6.612,10.5,12.95,16.38,16.68,-0.003,0.006,0.007,0.64,0.31,-80.3071418,26.9246109,73.1
-27.6,19.0,0.0,27.77,2.35,-6.81,-14.47,-0.57,-0.43,1.05,-0.6,10.909,6.357,9.702,4.679,14.62,4.91,14.72,14.91,-0.003,0.006,0.007,0.64,0.31,-80.3071448,26.9246231,73.15
-25.8,19.2,0.0,27.89,2.15,-7.85,-13.97,-1.1,-1.27,1.05,-0.66,6.475,9.898,9.957,4.817,1.18,13.34,12.95,11.48,-0.003,0.006,0.006,0.64,0.31,-80.3071476,26.9246354,73.2
-25.4,19.3,0.0,28.0,2.05,-5.48,-12.24,2.02,0.48,1.09,-0.68,6.151,9.202,6.739,6.082,11.97,10.69,4.81,14.13,-0.002,0.007,0.005,0.6,0.29,-80.3071503,26.9246477,73.25
-25.3,19.4,0.0,28.11,2.63,-4.77,-11.12,-1.21,2.17,1.09,-0.57,8.584,9.633,5.621,2.972,10.01,5.69,6.08,11.58,-0.003,0.006,0.006,0.57,0.28,-80.3071528,26.9246602,73.3
-23.9,19.5,0.0,28.24,3.71,-4.41,-12.16,3.47,-0.84,1.16,-0.53,8.809,6.484,7.446,5.268,10.4,9.81,4.32,14.13,-0.003,0.006,0.006,0.56,0.27,-80.3071552,26.9246727,73.35
-23.7,19.6,0.0,28.36,3.05,-4.4,-12.58,2.67,-2.27,1.23,-0.59,8.28,5.278,10.752,7.828,5.4,12.95,16.28,18.64,-0.003,0.006,0.006,0.64,0.32,-80.3071574,26.9246852,73.4
-23.4,19.7,0.0,28.47,2.27,-5.28,-11.57,1.01,-0.96,1.24,-0.6,9.32,7.338,11.134,2.894,11.87,11.77,6.08,11.28,-0.002,0.006,0.005,0.61,0.3,-80.3071595,26.9246979,73.45
-23.5,19.9,0.0,28.58,3.03,-6.94,-11.12,-2.55,1.26,1.21,-0.5,6.72,11.075,6.857,4.385,10.89,7.26,1.18,-2.75,-0.002,0.006,0.005,0.47,0.23,-80.3071614,26.9247106,73.5
-22.5,19.8,0.0,28.69,3.25,-3.5,-11.56,0.97,0.78,1.19,-0.41,7.093,12.331,6.818,2.904,12.46,11.67,12.65,14.62,-0.002,0.006,0.006,0.59,0.29,-80.3071632,26.9247234,73.55
-21.3,20.1,0.0,28.8,1.25,-6.59,-11.71,-5.1,1.58,1.13,-0.38,7.554,10.869,4.591,4.15,10.01,15.3,4.81,9.81,-0.001,0.006,0.006,0.57,0.29,-80.3071649,26.9247363,73.6
-20.7,20.1,0.0,28.92,2.21,-4.55,-10.8,-0.6,1.39,1.12,-0.37,7.779,4.552,8.535,7.887,7.75,10.99,12.75,9.61,-0.001,0.006,0.006,0.57,0.29,-80.3071665,26.9247492,73.65
-19.6,20.3,0.0,29.04,2.09,-5.56,-10.25,-2.59,1.55,1.09,-0.32,13.273,7.25,5.396,4.365,10.3,6.38,10.1,0.2,-0.001,0.006,0.006,0.61,0.31,-80.3071679,26.9247622,73.7
-17.2,20.0,0.0,29.16,2.7,-4.15,-10.02,0.19,-0.37,1.08,-0.29,7.308,14.892,11.507,6.053,10.69,5.98,6.08,5.98,-0.002,0.006,0.006,0.59,0.3,-80.3071691,26.9247752,73.75
-15.6,19.4,0.0,29.26,2.77,-5.05,-9.15,1.6,-0.17,1.09,-0.25,9.094,8.986,6.377,4.934,8.44,12.75,23.54,5.89,-0.001,0.006,0.006,0.48,0.25,-80.3071702,26.9247883,73.8
-15.1,18.8,0.0,29.37,1.86,-4.16,-8.43,0.0,1.43,1.08,-0.17,5.317,7.407,8.044,5.847,8.44,11.67,7.46,9.32,-0.001,0.006,0.005,0.53,0.27,-80.3071712,26.9248015,73.85
-14.1,18.1,0.0,29.48,2.01,-5.35,-8.2,2.54,0.66,1.09,-0.14,6.22,5.209,3.973,3.62,15.21,6.08,9.91,18.15,-0.001,0.005,0.005,0.49,0.25,-80.3071722,26.9248147,73.9
-13.1,17.3,0.0,29.59,3.23,-2.66,-7.33,0.14,-1.33,1.09,-0.14,9.673,9.624,9.104,5.072,11.09,15.4,17.27,19.91,-0.002,0.005,0.005,0.48,0.25,-80.307173,26.924828,73.95
-12.7,16.4,0.0,29.68,2.34,-4.33,-6.83,1.99,-2.61,1.08,-0.17,6.602,12.459,10.055,6.406,3.04,12.85,6.97,2.06,-0.002,0.005,0.004,0.47,0.24,-80.3071737,26.9248413,74.0
-12.7,16.2,0.0,29.75,0.9,-4.28,-6.66,-2.22,1.95,1.09,-0.13,7.514,9.575,2.943,8.721,11.67,15.79,12.56,13.83,-0.002,0.005,0.004,0.38,0.2,-80.3071743,26.9248547,74.05
-12.5,16.1,0.0,29.85,1.95,-1.9,-6.46,-2.23,1.7,1.11,-0.09,11.694,3.345,6.033,4.022,13.93,3.73,5.89,17.27,-0.002,0.004,0.004,0.33,0.17,-80.3071747,26.9248682,74.1
-12.2,15.9,0.0,29.93,1.36,-4.1,-7.49,1.44,-0.94,1.12,-0.09,9.643,12.557,11.831,4.307,15.4,13.73,8.83,11.87,-0.002,0.004,0.004,0.34,0.18,-80.3071752,26.9248816,74.15
-11.5,15.9,0.0,30.02,2.55,-3.47,-7.34,-0.14,-0.14,1.05,-0.06,8.986,3.443,7.819,7.083,6.97,8.53,7.95,8.44,-0.002,0.004,0.004,0.36,0.19,-80.3071755,26.9248951,74.2
-10.8,15.8,0.0,30.11,1.94,-3.47,-7.07,2.65,-0.24,1.04,-0.06,6.769,6.102,7.779,9.094,10.2,13.44,4.81,16.09,-0.001,0.004,0.004,0.39,0.2,-80.3071757,26.9249087,74.25
-10.3,15.8,0.0,30.21,2.41,-3.28,-6.85,0.19,-1.06,1.02,-0.06,9.859,7.985,11.066,7.151,6.18,3.92,25.31,18.64,-0.002,0.003,0.004,0.35,0.18,-80.3071758,26.9249223,74.3
-9.8,15.4,0.0,30.28,2.24,-4.56,-5.85,-1.85,0.16,0.98,-0.07,7.652,8.692,12.567,5.14,9.42,8.44,10.1,7.65,-0.002,0.004,0.003,0.31,0.16,-80.3071759,26.9249359,74.35
-8.8,15.3,0.0,30.36,1.64,-2.03,-5.37,-0.69,2.69,1.0,-0.03,10.036,4.159,8.113,7.681,9.32,12.36,11.58,22.86,-0.001,0.004,0.003,0.36,0.19,-80.3071758,26.9249496,74.4
-7.9,14.9,0.0,30.44,1.66,-2.9,-5.03,-3.36,0.78,0.99,0.02,12.39,11.968,12.89,6.465,6.67,14.13,12.36,20.6,-0.002,0.003,0.004,0.35,0.18,-80.3071757,26.9249633,74.45
-7.5,14.7,0.0,30.5,0.81,-3.67,-5.04,0.87,-0.93,1.05,-0.02,7.063,8.309,8.692,-0.795,8.93,11.28,14.03,9.61,-0.002,0.003,0.003,0.26,0.14,-80.3071755,26.924977,74.5
-6.3,14.4,0.0,30.59,2.4,0.77,-4.65,4.98,0.01,1.13,-0.05,4.473,10.34,6.445,6.945,8.34,5.69,12.85,6.57,-0.001,0.003,0.002,0.34,0.18,-80.3071752,26.9249909,74.55
-3.3,13.9,0.0,30.64,2.19,-4.17,-3.85,0.01,0.19,1.08,0.01,11.586,6.73,2.717,4.199,17.95,10.89,7.26,11.58,-0.001,0.003,0.003,0.25,0.13,-80.3071749,26.9250047,74.6
-1.4,12.1,0.0,30.71,0.53,-1.14,-3.06,-1.25,0.77,1.07,0.05,8.613,2.472,3.492,4.601,7.16,9.91,17.27,13.44,-0.001,0.003,0.003,0.23,0.12,-80.3071745,26.9250185,74.65
-0.6,9.7,0.0,30.76,0.16,-1.26,-1.71,-1.27,0.02,1.13,0.01,6.681,11.331,10.271,7.681,3.04,14.32,10.79,7.65,-0.001,0.002,0.002,0.18,0.1,-80.307174,26.9250324,74.7
0.4,8.7,0.0,30.75,-0.54,-0.77,-0.76,-0.64,1.43,1.13,0.04,8.79,5.798,6.71,8.103,14.22,4.41,13.73,7.46,-0.0,0.002,0.002,0.2,0.11,-80.3071736,26.9250463,74.75
0.8,8.2,0.0,30.72,-0.7,0.32,0.38,1.61,1.83,1.18,0.1,7.24,12.194,7.122,6.906,7.85,9.12,7.36,4.22,-0.001,0.001,0.002,0.16,0.09,-80.3071731,26.9250601,74.8
1.7,7.8,0.0,30.68,-1.17,2.96,0.86,4.14,0.06,1.25,0.16,8.26,9.418,12.851,8.78,12.85,11.38,17.07,16.97,-0.001,0.001,0.002,0.08,0.04,-80.3071726,26.925074,74.85
3.2,7.3,0.0,30.55,-1.51,-1.59,1.58,1.18,2.37,1.32,0.33,8.78,11.792,4.611,4.405,6.08,13.34,5.59,2.94,-0.001,-0.001,0.003,-0.04,-0.02,-80.3071721,26.9250878,74.9
3.9,6.9,0.0,30.51,-0.71,2.01,2.34,0.31,0.21,1.33,0.4,9.565,4.464,10.153,3.581,8.93,12.65,10.79,14.32,-0.002,-0.002,0.003,-0.03,-0.02,-80.3071716,26.9251016,74.95
4.2,6.1,0.0,30.4,-2.84,0.35,2.89,-0.91,0.33,1.33,0.38,9.388,8.652,4.944,4.719,11.67,7.26,15.7,5.98,-0.001,-0.002,0.003,-0.05,-0.02,-80.3071711,26.9251152,75.0
4.2,6.0,0.0,30.3,-2.12,1.62,3.32,-2.83,0.24,1.27,0.39,8.515,7.416,1.422,4.346,13.34,12.95,4.91,0.2,-0.001,-0.002,0.002,-0.11,-0.06,-80.3071707,26.925129,75.05
4.7,5.6,0.0,30.21,-3.08,2.27,2.97,4.67,-1.26,1.26,0.38,6.739,10.075,-2.806,4.13,11.58,9.12,0.29,4.02,-0.001,-0.002,0.002,-0.05,-0.03,-80.3071703,26.9251426,75.1
4.7,5.4,0.0,30.12,-1.47,1.96,2.76,-3.57,0.63,1.21,0.39,9.545,7.495,0.412,5.876,7.26,7.65,8.14,4.02,-0.001,-0.003,0.002,-0.12,-0.06,-80.3071699,26.9251562,75.15
3.9,5.3,0.0,30.05,-0.76,2.93,2.8,-0.45,-0.9,1.17,0.35,11.193,4.66,7.603,7.985,12.26,7.16,17.27,17.17,-0.001,-0.003,0.002,-0.05,-0.03,-80.3071696,26.9251698,75.2
3.5,4.8,0.0,29.93,-0.84,-0.25,2.03,2.34,-0.95,1.13,0.34,9.251,6.494,5.7,7.014,13.15,6.08,12.07,12.65,-0.001,-0.003,0.002,-0.08,-0.04,-80.3071693,26.9251834,75.25
3.8,5.1,0.0,29.84,-2.78,0.22,2.49,-6.64,1.01,0.97,0.36,9.575,3.875,-0.0,6.838,16.19,10.69,1.47,15.79,-0.001,-0.003,0.002,-0.13,-0.07,-80.3071691,26.9251969,75.3
4.3,5.0,0.0,29.75,-1.9,3.03,2.34,1.76,0.06,1.0,0.35,9.467,8.191,2.6,5.847,7.95,6.67,16.87,17.36,-0.001,-0.002,0.002,-0.05,-0.02,-80.3071689,26.9252103,75.35
3.8,4.8,0.0,29.67,-1.5,-1.67,2.51,-3.61,1.09,0.96,0.36,8.79,11.674,10.958,6.475,10.69,11.58,11.28,8.53,-0.001,-0.002,0.002,-0.11,-0.06,-80.3071687,26.9252237,75.4
3.3,4.9,0.0,29.56,-2.61,1.89,2.29,-1.24,0.47,0.91,0.36,9.045,7.338,3.247,4.581,8.24,8.04,2.75,9.32,-0.001,-0.002,0.002,-0.04,-0.02,-80.3071685,26.9252371,75.45
3.2,5.0,0.0,29.5,-0.76,2.02,2.04,0.29,0.09,0.9,0.38,9.732,3.188,9.349,6.602,14.32,9.52,16.87,9.22,-0.001,-0.002,0.002,-0.01,-0.01,-80.3071684,26.9252505,75.5
3.5,5.2,0.0,29.41,-2.59,0.32,2.33,-0.01,-0.88,0.87,0.36,9.682,8.486,6.278,8.005,6.28,10.79,5.89,-1.08,-0.001,-0.002,0.002,-0.1,-0.05,-80.3071683,26.9252638,75.55
3.5,5.3,0.0,29.34,-1.32,0.08,2.61,1.35,-0.16,0.88,0.34,7.367,8.584,9.202,10.418,10.89,11.77,14.72,22.17,-0.001,-0.002,0.002,-0.09,-0.04,-80.3071683,26.925277,75.6
3.1,5.6,0.0,29.28,-0.98,1.29,2.04,-2.21,2.02,0.85,0.34,8.594,4.895,7.308,5.808,7.65,8.14,9.61,11.87,-0.001,-0.003,0.002,-0.07,-0.03,-80.3071683,26.9252903,75.65
3.0,5.8,0.0,29.23,-0.41,3.72,1.92,4.55,-1.23,0.88,0.35,7.848,10.006,8.476,10.281,15.3,11.28,12.46,15.01,-0.001,-0.002,0.002,-0.03,-0.01,-80.3071683,26.9253035,75.7
3.3,6.1,0.0,29.18,-0.41,-0.03,2.0,-2.61,-1.44,0.79,0.33,9.123,13.136,8.093,4.169,5.4,10.69,13.83,7.85,-0.001,-0.002,0.002,-0.1,-0.05,-80.3071683,26.9253167,75.75
3.3,6.2,0.0,29.13,-0.8,1.57,2.06,1.24,-2.66,0.79,0.25,6.386,12.194,6.327,7.465,11.58,14.22,13.83,6.47,-0.001,-0.002,0.002,-0.09,-0.05,-80.3071684,26.9253298,75.8
2.3,6.6,0.0,29.09,-1.11,-0.02,2.36,-3.86,1.71,0.77,0.25,6.327,13.175,7.848,9.496,5.89,8.53,7.75,8.04,-0.001,-0.002,0.001,-0.09,-0.05,-80.3071685,26.925343,75.85
1.8,6.8,0.0,29.07,-0.16,3.16,1.76,2.19,-0.39,0.79,0.25,8.692,9.643,8.809,9.172,16.19,11.48,14.32,11.97,-0.001,-0.002,0.001,-0.04,-0.02,-80.3071686,26.9253561,75.9
1.8,7.2,0.0,29.04,-1.59,0.8,1.63,-3.68,0.26,0.7,0.26,11.331,11.291,8.476,8.339,10.2,11.97,14.42,10.99,-0.001,-0.002,0.001,-0.1,-0.05,-80.3071688,26.9253692,75.95
1.1,7.3,0.0,29.04,0.04,1.13,1.4,0.16,-1.58,0.71,0.21,8.486,14.558,12.576,10.399,9.91,16.28,16.38,11.09,-0.001,-0.002,0.001,-0.01,-0.01,-80.3071689,26.9253823,76.0
0.2,7.5,0.0,29.04,-0.28,0.69,0.71,-0.3,-1.15,0.68,0.16,8.437,7.603,5.915,7.328,7.36,6.57,11.87,5.49,-0.001,-0.002,0.001,-0.07,-0.03,-80.3071691,26.9253955,76.05
0.1,7.6,0.0,29.03,0.85,2.15,-0.03,0.08,-0.43,0.65,0.13,9.143,5.052,10.33,9.938,17.17,8.14,5.4,15.79,-0.001,-0.001,0.001,-0.01,-0.01,-80.3071693,26.9254086,76.1
0.7,7.9,0.0,29.03,-1.2,-1.04,-0.51,1.44,-0.1,0.64,0.13,9.094,6.533,5.925,5.239,5.69,8.63,16.78,11.09,-0.001,-0.001,0.001,-0.03,-0.01,-80.3071695,26.9254217,76.15
0.2,7.7,0.0,29.04,-0.3,-1.82,-0.05,0.09,0.32,0.63,0.15,6.033,11.066,13.106,12.007,9.61,11.67,14.91,15.99,-0.001,-0.001,0.001,-0.03,-0.01,-80.3071698,26.9254348,76.2
-0.4,7.7,0.0,29.04,0.03,-0.39,0.02,-0.51,-0.03,0.63,0.13,8.162,7.662,9.251,9.741,8.24,7.95,4.91,13.54,-0.001,-0.001,0.001,-0.03,-0.01,-80.30717,26.9254479,76.25
-0.4,7.6,0.0,29.06,0.41,0.76,-0.19,-0.2,0.13,0.66,0.12,10.811,3.728,7.976,6.759,16.28,7.95,16.48,14.52,-0.001,-0.001,0.001,-0.02,-0.01,-80.3071702,26.925461,76.3
0.4,7.5,0.0,29.06,0.28,1.22,-0.57,1.94,-1.39,0.65,0.09,8.456,7.671,12.007,11.988,9.32,8.34,10.1,15.89,-0.001,-0.001,0.001,-0.04,-0.02,-80.3071704,26.9254741,76.35
0.2,7.5,0.0,29.03,-0.32,-0.85,-0.29,-0.97,-0.19,0.61,0.11,10.467,9.251,6.906,7.24,12.36,11.67,8.83,13.15,-0.001,-0.001,0.001,0.05,0.03,-80.3071706,26.9254872,76.4
-0.2,7.2,0.0,29.05,0.63,0.54,-0.41,2.28,-1.92,0.65,0.09,8.299,13.646,7.25,7.936,4.51,8.73,15.7,11.67,-0.001,-0.001,0.001,0.04,0.02,-80.3071708,26.9255003,76.45
-0.5,7.1,0.0,29.04,-0.56,-1.15,0.55,-3.45,0.07,0.59,0.05,7.838,10.85,9.673,9.025,11.38,12.85,15.3,6.77,-0.001,-0.001,0.001,-0.01,-0.0,-80.307171,26.9255134,76.5
0.2,7.1,0.0,29.02,-0.47,1.06,-0.14,0.22,1.72,0.62,0.07,7.24,9.741,8.858,9.741,7.55,10.79,16.48,13.05,-0.001,-0.001,0.001,0.02,0.01,-80.3071712,26.9255265,76.55
0.2,7.0,0.0,29.03,-0.28,-0.72,0.07,-2.16,1.35,0.6,0.12,11.213,11.144,9.653,6.622,11.18,11.58,14.42,12.75,-0.001,-0.001,0.002,0.01,0.01,-80.3071714,26.9255396,76.6
-0.4,6.8,0.0,29.02,-0.25,1.71,-0.1,1.47,-0.68,0.66,0.11,9.182,9.476,3.865,6.347,5.59,5.2,3.53,5.69,-0.001,-0.001,0.002,0.05,0.02,-80.3071716,26.9255527,76.65
-0.4,6.6,0.0,29.0,-0.62,-1.53,-0.32,-0.82,1.0,0.61,0.12,10.585,10.202,10.085,8.8,13.44,10.3,15.5,12.46,-0.001,-0.001,0.002,-0.03,-0.02,-80.3071718,26.9255658,76.7
0.0,6.4,0.0,29.0,0.6,1.02,-0.97,1.92,-1.51,0.63,0.12,4.434,8.437,7.897,8.28,5.59,9.81,7.65,5.2,-0.001,-0.001,0.002,-0.04,-0.02,-80.307172,26.9255789,76.75
-0.4,6.4,0.0,28.97,-0.2,-1.38,-0.17,-0.57,-0.31,0.64,0.15,12.263,5.572,4.689,6.965,10.79,8.93,7.36,7.65,-0.001,-0.001,0.002,0.02,0.01,-80.3071722,26.925592,76.8
-0.8,6.2,0.0,28.95,-0.08,1.11,-0.26,4.49,-1.27,0.66,0.14,7.524,6.259,6.455,8.162,6.38,5.69,10.4,12.95,-0.001,-0.001,0.002,0.04,0.02,-80.3071723,26.925605,76.85
-0.5,6.3,0.0,28.93,-1.51,-2.38,-0.24,-2.64,0.15,0.6,0.13,10.251,6.828,8.849,8.466,12.56,9.71,15.5,10.1,-0.001,-0.001,0.002,-0.03,-0.02,-80.3071725,26.9256181,76.9
0.0,6.0,0.0,28.9,-0.84,1.22,-0.27,3.94,-0.62,0.65,0.12,4.493,14.558,6.151,7.632,5.49,12.16,11.87,13.44,-0.001,-0.001,0.001,0.01,0.01,-80.3071727,26.9256311,76.95
-0.2,6.0,0.0,28.87,-0.41,-3.34,0.18,-3.45,2.0,0.62,0.15,6.435,11.654,8.574,8.289,11.97,12.46,13.73,7.85,-0.001,-0.001,0.002,-0.07,-0.03,-80.3071728,26.9256442,77.0
-0.7,6.0,0.0,28.83,0.44,1.16,0.01,2.02,0.49,0.65,0.17,6.681,13.322,8.319,6.583,11.18,12.36,7.26,15.5,-0.001,-0.001,0.002,-0.01,-0.01,-80.307173,26.9256572,77.05
-0.5,5.7,0.0,28.8,-0.0,-0.21,-0.31,-0.93,-0.37,0.61,0.17,10.104,9.153,9.27,9.29,14.13,10.3,9.42,10.4,-0.002,-0.002,0.002,-0.06,-0.03,-80.3071731,26.9256702,77.1
-0.3,5.5,0.0,28.77,0.11,3.55,-0.51,2.76,-1.85,0.63,0.11,6.533,8.368,10.183,10.026,3.73,10.5,17.66,12.56,-0.002,-0.001,0.002,0.09,0.05,-80.3071733,26.9256832,77.15
-0.5,5.4,0.0,28.72,-1.53,-0.25,-0.17,-0.34,0.55,0.67,0.13,10.83,4.326,11.144,7.053,8.53,6.57,9.32,14.42,-0.001,-0.001,0.002,0.03,0.01,-80.3071734,26.9256961,77.2
-0.9,5.2,0.0,28.68,-0.32,0.36,-0.48,2.6,1.55,0.68,0.21,8.221,7.583,5.602,7.799,8.73,11.28,9.71,9.32,-0.001,-0.001,0.002,0.01,0.0,-80.3071736,26.9257091,77.25
-0.7,4.9,0.0,28.63,-1.35,-1.61,-0.28,-2.46,0.15,0.62,0.25,10.556,9.82,3.267,4.091,9.61,10.89,14.91,4.12,-0.002,-0.002,0.003,-0.06,-0.03,-80.3071737,26.925722,77.3
-0.6,2.9,0.0,28.59,-1.32,0.36,-1.31,-0.43,-1.43,0.61,0.2,6.533,13.499,4.777,5.248,8.73,14.22,14.13,10.99,-0.002,-0.001,0.003,0.02,0.01,-80.3071738,26.9257349,77.35
-0.6,1.3,0.0,28.51,-2.13,-1.83,-0.29,-2.01,1.08,0.6,0.21,6.651,14.028,0.52,6.867,11.67,9.81,16.09,10.89,-0.002,-0.001,0.002,-0.04,-0.02,-80.307174,26.9257478,77.4
-1.0,1.3,0.0,28.39,-1.9,-0.68,-0.72,0.91,0.32,0.63,0.27,8.172,9.879,8.407,8.064,15.21,10.79,16.87,11.97,-0.002,-0.002,0.003,0.02,0.01,-80.3071741,26.9257606,77.45
-0.2,1.3,0.0,28.29,-1.65,-2.0,-0.26,-1.98,0.65,0.59,0.34,10.585,8.8,-3.904,7.22,9.81,7.55,10.59,15.21,-0.003,-0.002,0.003,-0.04,-0.02,-80.3071742,26.9257734,77.5
-0.4,1.3,0.0,28.18,-1.31,-1.86,-0.57,0.01,-0.65,0.6,0.35,9.339,7.407,4.993,9.722,9.12,11.09,14.13,10.5,-0.003,-0.002,0.003,-0.02,-0.01,-80.3071742,26.9257862,77.55
-0.6,1.1,0.0,28.07,-1.58,-1.56,0.16,-1.21,-0.13,0.59,0.34,7.74,11.998,1.736,6.69,5.3,9.03,18.44,7.36,-0.003,-0.002,0.003,-0.05,-0.03,-80.3071743,26.9257988,77.6
-0.7,1.3,0.0,27.95,-2.15,-1.23,-0.81,-1.32,-0.15,0.58,0.33,11.674,13.96,-1.521,6.533,14.42,9.71,10.99,6.97,-0.003,-0.002,0.003,0.01,0.0,-80.3071744,26.9258115,77.65
-0.2,1.3,0.0,27.86,-1.63,-0.02,-0.72,-0.13,-1.42,0.6,0.3,9.535,9.79,-0.412,3.885,8.34,10.5,6.97,9.12,-0.003,-0.002,0.003,-0.01,-0.01,-80.3071744,26.9258241,77.7
-0.6,1.4,0.0,27.75,-1.76,-0.43,-0.73,0.58,-0.29,0.59,0.3,8.672,5.768,5.739,7.838,14.81,8.44,15.79,12.36,-0.003,-0.002,0.003,0.04,0.02,-80.3071745,26.9258366,77.75
-0.9,1.3,0.0,27.65,-1.88,1.39,-1.01,1.34,-0.46,0.6,0.33,7.034,9.839,6.308,9.28,12.07,13.15,12.65,7.16,-0.003,-0.002,0.003,0.03,0.01,-80.3071745,26.9258491,77.8
-0.6,1.3,0.0,27.55,-2.19,1.9,-0.94,1.71,-0.81,0.59,0.35,6.896,10.163,2.992,7.495,8.63,9.91,9.12,14.62,-0.003,-0.002,0.003,-0.01,-0.0,-80.3071745,26.9258616,77.85
-0.5,1.2,0.0,27.44,-1.19,0.36,-0.98,0.78,-0.58,0.59,0.32,9.624,6.063,5.366,5.798,11.67,9.22,9.81,10.2,-0.003,-0.002,0.003,0.02,0.01,-80.3071745,26.925874,77.9
-0.7,1.2,0.0,27.34,-1.94,0.47,-0.84,0.27,0.16,0.59,0.3,4.719,14.509,8.751,5.945,4.32,8.14,15.01,11.67,-0.003,-0.002,0.003,0.01,0.0,-80.3071746,26.9258863,77.95
-0.4,1.3,0.0,27.24,-2.51,-1.15,-0.56,0.56,-0.05,0.6,0.33,8.525,14.784,3.218,7.505,12.95,12.26,13.05,13.83,-0.003,-0.002,0.003,0.04,0.02,-80.3071745,26.9258986,78.0
0.3,1.4,0.0,27.13,-2.59,-1.04,-0.7,-0.48,-0.27,0.58,0.3,11.448,6.926,7.583,9.241,5.69,10.99,5.49,16.09,-0.003,-0.002,0.003,0.03,0.01,-80.3071745,26.9259109,78.05
0.1,1.2,0.0,27.03,-1.64,-0.18,-0.44,2.54,-0.29,0.6,0.31,10.35,9.673,6.121,5.386,11.28,5.59,15.7,11.48,-0.003,-0.002,0.003,-0.01,-0.01,-80.3071745,26.9259231,78.1
-0.4,1.3,0.0,26.94,-2.04,0.21,-0.01,-0.61,-0.19,0.6,0.3,9.839,9.123,7.887,7.25,11.18,9.71,10.79,10.4,-0.003,-0.002,0.003,0.05,0.03,-80.3071745,26.9259353,78.15
0.2,1.3,0.0,26.83,-2.46,-0.37,-0.5,-0.71,-0.95,0.57,0.29,8.231,6.151,6.131,6.131,6.28,11.58,10.79,8.24,-0.003,-0.002,0.003,0.04,0.02,-80.3071744,26.9259474,78.2
0.2,1.3,0.0,26.73,-2.43,0.38,-0.58,0.57,0.24,0.6,0.29,9.908,12.9,11.321,7.887,11.58,8.44,11.48,11.67,-0.003,-0.002,0.003,0.02,0.01,-80.3071744,26.9259595,78.25
-0.5,1.3,0.0,26.64,-1.84,0.23,-0.36,0.54,0.52,0.55,0.29,8.878,8.564,5.582,9.81,10.5,10.59,10.79,13.83,-0.003,-0.002,0.003,0.0,0.0,-80.3071743,26.9259715,78.3
0.1,1.3,0.0,26.54,-1.79,-1.29,-0.34,-1.29,0.18,0.55,0.3,9.241,12.194,3.021,5.808,11.48,7.75,13.73,6.47,-0.002,-0.002,0.003,0.02,0.01,-80.3071743,26.9259835,78.35
0.2,1.3,0.0,26.44,-1.8,1.46,-1.01,0.23,-0.47,0.56,0.3,9.839,6.269,9.81,9.81,12.36,12.26,12.26,16.38,-0.003,-0.002,0.003,0.05,0.02,-80.3071742,26.9259955,78.4
-0.4,1.2,0.0,26.35,-1.41,1.84,-0.36,-0.22,-0.39,0.55,0.29,6.563,13.489,7.269,7.642,7.16,11.28,6.18,16.97,-0.003,-0.002,0.003,0.03,0.02,-80.3071741,26.9260074,78.45
0.2,1.4,0.0,26.25,-1.83,-1.05,-0.39,-0.17,-0.56,0.55,0.27,10.232,9.732,7.299,6.161,10.5,8.63,14.42,13.54,-0.003,-0.002,0.003,-0.03,-0.01,-80.3071741,26.9260192,78.5
0.3,1.2,0.0,26.14,-2.11,-0.95,-0.89,0.01,0.29,0.54,0.27,10.212,5.229,5.935,7.485,13.34,7.85,13.34,4.91,-0.003,-0.002,0.002,0.03,0.01,-80.307174,26.926031,78.55
-0.2,1.3,0.0,26.05,-2.5,1.08,-0.57,0.35,1.42,0.55,0.31,8.505,10.016,6.229,7.083,9.81,14.62,9.61,3.43,-0.002,-0.002,0.003,0.06,0.03,-80.3071739,26.9260428,78.6
0.2,1.3,0.0,25.96,-2.33,-0.37,-0.29,-0.42,0.77,0.57,0.36,8.643,12.91,2.698,4.719,9.71,11.77,5.98,12.75,-0.003,-0.002,0.003,0.02,0.01,-80.3071738,26.9260545,78.65
0.5,1.3,0.0,25.87,-1.13,-0.49,-0.2,-0.1,-0.94,0.59,0.32,11.497,7.75,6.131,6.995,14.62,9.52,11.28,16.97,-0.003,-0.002,0.003,-0.04,-0.02,-80.3071737,26.9260662,78.7
0.1,1.3,0.0,25.76,-2.15,-0.18,-0.77,-0.56,0.84,0.64,0.32,7.259,10.497,4.434,5.631,8.44,11.77,13.54,11.67,-0.003,-0.002,0.002,0.06,0.03,-80.3071736,26.9260779,78.75
0.3,1.3,0.0,25.67,-2.2,-0.9,-0.64,1.06,0.28,0.66,0.34,8.8,10.791,5.994,7.23,10.99,8.44,12.46,9.32,-0.003,-0.003,0.002,0.02,0.01,-80.3071735,26.9260895,78.8
0.5,1.2,0.0,25.57,-1.58,1.55,-0.55,0.73,-1.72,0.66,0.32,9.781,10.634,6.288,6.337,10.3,6.67,10.2,10.2,-0.003,-0.003,0.003,0.0,0.0,-80.3071734,26.926101,78.85
0.1,1.3,0.0,25.49,-2.47,-0.0,-0.08,-1.89,-0.04,0.67,0.3,10.094,7.73,6.121,7.191,6.77,12.46,5.69,11.58,-0.003,-0.002,0.003,0.0,0.0,-80.3071733,26.9261125,78.9
0.9,1.3,0.0,25.38,-2.54,-0.54,-0.39,1.01,0.88,0.67,0.31,10.585,13.783,6.896,7.132,10.99,6.38,11.38,10.4,-0.002,-0.002,0.003,-0.03,-0.01,-80.3071731,26.926124,78.95
1.4,1.4,0.0,25.3,-1.6,-0.8,-0.33,-0.88,-0.36,0.67,0.33,10.35,4.699,3.934,7.151,12.26,9.12,14.32,10.99,-0.003,-0.003,0.003,-0.06,-0.03,-80.307173,26.9261354,79.0
1.2,1.5,0.0,25.21,-2.1,0.24,-0.47,0.68,-0.69,0.68,0.29,9.977,11.909,5.18,8.397,8.63,9.91,12.36,10.69,-0.003,-0.003,0.003,-0.03,-0.01,-80.3071729,26.9261468,79.05
2.1,1.5,0.0,25.09,-2.28,0.14,0.35,3.15,-1.28,0.71,0.24,9.241,11.007,7.573,8.417,8.73,5.59,12.26,9.52,-0.003,-0.003,0.002,-0.02,-0.01,-80.3071728,26.9261582,79.1
2.2,1.5,0.0,25.0,-2.21,-0.31,0.53,-1.6,1.12,0.69,0.28,9.408,8.231,9.241,7.995,14.13,12.07,8.63,14.42,-0.003,-0.003,0.002,0.0,0.0,-80.3071727,26.9261695,79.15
1.8,1.6,0.0,24.92,-1.4,0.72,0.71,-0.1,-0.8,0.72,0.28,11.399,8.888,8.839,8.662,14.03,10.89,10.5,15.01,-0.003,-0.003,0.003,0.03,0.01,-80.3071725,26.9261806,79.2
1.8,1.6,0.0,24.82,-2.05,-0.05,0.18,0.5,-0.67,0.73,0.26,5.857,14.489,8.172,8.495,5.3,10.3,13.83,8.04,-0.002,-0.002,0.003,-0.04,-0.02,-80.3071724,26.9261919,79.25
1.7,1.7,0.0,24.72,-1.97,-2.13,0.59,1.01,0.54,0.76,0.25,11.801,6.308,5.533,6.053,9.61,8.24,10.69,11.09,-0.002,-0.002,0.002,-0.07,-0.03,-80.3071723,26.926203,79.3
1.3,1.7,0.0,24.64,-1.82,1.62,0.26,-0.72,-0.01,0.77,0.27,11.105,7.495,6.602,8.24,15.4,9.42,17.07,10.99,-0.002,-0.003,0.002,0.01,0.01,-80.3071722,26.9262142,79.35
1.8,1.7,0.0,24.55,-1.97,0.73,0.71,-0.61,-0.72,0.76,0.22,9.555,9.751,7.348,7.22,9.32,9.71,8.83,8.83,-0.003,-0.003,0.003,0.03,0.01,-80.3071721,26.9262253,79.4
1.6,1.7,0.0,24.44,-2.25,0.47,0.58,-0.73,0.33,0.75,0.19,5.945,13.244,9.741,6.887,5.0,9.12,5.3,12.56,-0.002,-0.002,0.002,-0.05,-0.02,-80.307172,26.9262363,79.45
1.8,1.7,0.0,24.35,-1.58,-0.02,0.53,1.24,0.61,0.78,0.25,12.881,8.682,5.533,8.083,10.59,6.67,6.87,12.85,-0.002,-0.002,0.002,-0.03,-0.01,-80.307172,26.9262473,79.5
1.8,1.5,0.0,24.26,-2.32,0.77,0.21,2.35,0.08,0.81,0.3,9.673,12.017,8.682,6.318,11.09,10.5,7.65,19.23,-0.002,-0.002,0.003,0.03,0.01,-80.3071719,26.9262583,79.55
1.6,1.3,0.0,24.18,-1.53,0.51,0.53,-0.2,0.16,0.85,0.3,10.163,8.25,9.437,7.034,10.5,11.48,9.61,9.32,-0.002,-0.002,0.003,0.02,0.01,-80.3071718,26.9262692,79.6
1.8,1.3,0.0,24.08,-1.69,-0.7,0.69,1.29,-0.76,0.85,0.27,10.428,10.045,6.367,6.563,8.63,9.61,10.3,13.05,-0.002,-0.002,0.003,0.02,0.01,-80.3071718,26.9262801,79.65
2.0,1.3,0.0,23.98,-2.35,0.55,0.89,0.85,-0.47,0.87,0.25,9.839,8.142,9.938,9.388,12.36,5.2,18.74,10.01,-0.002,-0.003,0.003,-0.02,-0.01,-80.3071717,26.926291,79.7
1.5,1.4,0.0,23.89,-2.07,0.61,0.79,-1.28,-0.23,0.81,0.23,11.085,11.89,9.251,9.143,14.52,5.89,15.11,4.71,-0.002,-0.003,0.002,-0.01,-0.0,-80.3071716,26.9263018,79.75
1.6,1.3,0.0,23.8,-2.03,1.36,0.58,-0.96,0.61,0.8,0.23,5.719,15.049,9.378,6.416,6.47,10.89,12.16,7.55,-0.002,-0.002,0.002,0.05,0.02,-80.3071716,26.9263125,79.8
1.4,1.3,0.0,23.7,-2.04,0.7,0.19,-1.2,1.46,0.8,0.28,10.889,9.496,9.113,8.652,6.28,9.52,8.14,10.79,-0.002,-0.002,0.002,-0.04,-0.02,-80.3071716,26.9263232,79.85
1.5,1.3,0.0,23.61,-2.28,-0.39,0.29,0.51,-0.06,0.8,0.31,11.026,11.556,8.231,9.045,12.07,7.85,5.2,14.22,-0.002,-0.002,0.003,-0.02,-0.01,-80.3071715,26.9263339,79.9
1.4,1.3,0.0,23.52,-2.0,1.41,0.24,0.56,-0.97,0.82,0.28,9.545,10.879,6.161,10.536,13.34,7.75,7.65,12.36,-0.002,-0.003,0.003,0.01,0.0,-80.3071715,26.9263445,79.95
1.0,1.3,0.0,23.43,-2.27,0.81,-0.42,0.67,-0.73,0.8,0.25,11.625,7.583,9.104,10.722,11.38,9.22,7.46,17.27,-0.002,-0.002,0.003,0.03,0.01,-80.3071715,26.9263551,80.0
0.9,1.3,0.0,23.33,-1.94,-0.07,0.16,1.11,1.27,0.83,0.29,8.162,15.137,7.289,8.672,5.0,10.3,11.38,10.69,-0.003,-0.002,0.002,0.03,0.01,-80.3071714,26.9263657,80.05
0.4,1.4,0.0,23.25,-2.19,0.67,-0.08,-0.26,0.74,0.83,0.31,4.277,15.343,6.308,7.456,4.61,8.73,11.38,10.99,-0.002,-0.002,0.003,0.03,0.01,-80.3071714,26.9263762,80.1
0.6,1.5,0.0,23.16,-1.84,-0.46,-0.41,-1.05,0.35,0.83,0.32,10.565,8.417,7.073,9.329,11.09,4.41,14.03,7.36,-0.002,-0.002,0.003,-0.01,-0.0,-80.3071714,26.9263866,80.15
0.3,1.5,0.0,23.07,-2.32,-1.28,-0.03,0.05,0.03,0.85,0.29,11.821,12.204,8.446,8.966,13.44,5.3,13.15,6.28,-0.003,-0.003,0.003,-0.01,-0.0,-80.3071714,26.9263971,80.2
-0.3,1.5,0.0,22.98,-2.15,-0.77,-0.55,-0.72,-0.06,0.81,0.29,7.407,13.175,8.172,8.898,12.65,8.53,15.5,13.54,-0.002,-0.002,0.003,-0.02,-0.01,-80.3071714,26.9264074,80.25
-0.2,1.5,0.0,22.89,-1.71,0.61,-0.39,-0.19,0.04,0.83,0.24,8.329,7.377,10.369,10.055,5.59,11.38,15.89,8.14,-0.003,-0.002,0.002,0.02,0.01,-80.3071713,26.9264178,80.3
-0.8,1.5,0.0,22.8,-2.14,0.42,-0.81,-1.45,1.18,0.79,0.29,9.947,4.11,11.998,7.524,3.73,11.28,13.05,7.46,-0.003,-0.002,0.002,0.06,0.03,-80.3071713,26.9264281,80.35
-0.6,1.4,0.0,22.7,-2.15,-0.26,-0.8,0.98,0.91,0.82,0.33,11.301,4.885,8.221,7.181,8.63,9.81,11.28,11.09,-0.002,-0.002,0.003,0.01,0.0,-80.3071713,26.9264383,80.4
-0.7,1.3,0.0,22.61,-2.37,0.54,-0.91,0.19,-0.36,0.81,0.34,9.624,9.928,5.641,7.259,11.38,6.77,7.46,9.81,-0.003,-0.002,0.003,-0.02,-0.01,-80.3071712,26.9264486,80.45
-1.1,1.3,0.0,22.53,-1.88,0.38,-1.11,-0.92,-0.38,0.83,0.31,7.671,10.605,8.388,9.408,14.13,8.83,5.79,10.2,-0.002,-0.002,0.003,0.03,0.01,-80.3071712,26.9264588,80.5
-1.3,1.4,0.0,22.44,-1.55,1.81,-1.08,-0.2,-0.4,0.82,0.3,11.468,6.484,9.359,9.182,13.83,8.14,4.71,14.81,-0.003,-0.002,0.003,0.01,0.0,-80.3071711,26.9264689,80.55
-2.2,1.5,0.0,22.35,-1.82,-0.04,-1.3,-0.06,-0.24,0.82,0.32,11.988,6.112,8.78,8.682,10.4,10.5,5.69,16.48,-0.003,-0.002,0.003,0.02,0.01,-80.307171,26.926479,80.6
-3.0,1.5,0.0,22.26,-2.53,-0.59,-1.88,0.1,-1.85,0.79,0.27,10.762,8.476,6.955,7.338,7.06,13.15,9.42,19.13,-0.003,-0.002,0.003,0.03,0.01,-80.307171,26.9264891,80.65
-4.4,1.5,0.0,22.18,-1.27,-0.82,-1.84,0.46,-1.56,0.8,0.22,9.967,11.684,8.79,10.271,7.55,10.1,10.2,12.85,-0.003,-0.002,0.003,-0.05,-0.02,-80.3071709,26.9264991,80.7
-4.7,1.5,0.0,22.08,-1.51,-1.43,-2.83,-0.91,0.18,0.76,0.23,9.015,13.008,7.044,11.527,13.34,5.98,9.91,17.27,-0.003,-0.002,0.003,-0.0,-0.0,-80.3071707,26.9265091,80.75
-5.5,1.6,0.0,22.0,-1.64,-1.5,-3.01,0.27,0.61,0.75,0.28,9.898,8.741,7.573,8.525,13.05,8.14,8.63,10.4,-0.003,-0.002,0.003,-0.01,-0.0,-80.3071706,26.926519,80.8
-6.5,1.6,0.0,21.91,-1.64,-0.86,-3.89,0.32,-0.44,0.73,0.29,9.467,8.986,8.329,9.418,13.54,8.24,9.32,18.44,-0.003,-0.002,0.004,-0.02,-0.01,-80.3071704,26.9265289,80.85
-7.4,1.7,0.0,21.82,-1.08,0.3,-4.06,0.7,-0.97,0.71,0.29,12.979,7.367,8.28,9.231,11.48,6.77,9.91,14.52,-0.003,-0.001,0.004,0.03,0.01,-80.3071702,26.9265387,80.9
-8.8,1.7,0.0,21.75,-1.27,-1.24,-4.05,0.51,0.94,0.68,0.35,11.242,6.769,8.25,7.622,9.03,10.01,10.5,14.72,-0.003,-0.001,0.004,-0.0,-0.0,-80.3071699,26.9265486,80.95
-9.8,1.7,0.0,21.65,-1.9,-2.87,-4.93,0.61,0.04,0.66,0.36,11.311,9.398,8.348,9.633,2.55,12.46,12.46,8.93,-0.003,-0.002,0.004,-0.1,-0.04,-80.3071696,26.9265583,81.0
-11.4,1.7,0.0,21.57,-1.86,-2.31,-5.8,0.5,0.0,0.61,0.34,11.801,9.055,10.546,9.947,3.43,10.59,13.44,13.34,-0.004,-0.001,0.004,-0.03,-0.01,-80.3071693,26.9265681,81.05
-11.8,1.7,0.0,21.49,-1.8,-3.05,-6.26,-1.4,-0.13,0.57,0.32,12.174,8.682,8.839,7.691,12.26,10.99,15.3,6.67,-0.004,-0.001,0.004,-0.1,-0.04,-80.3071689,26.9265778,81.1
-12.9,1.7,0.0,21.4,-1.87,-3.8,-7.3,0.57,-0.44,0.54,0.33,12.056,11.085,7.926,9.202,15.11,7.75,15.01,11.28,-0.003,-0.001,0.005,-0.05,-0.02,-80.3071685,26.9265874,81.15
-14.2,1.8,0.0,21.32,-1.59,-2.97,-7.09,-0.86,-0.06,0.53,0.36,11.566,8.76,7.75,7.976,12.65,6.47,13.93,10.3,-0.003,-0.001,0.005,-0.05,-0.02,-80.307168,26.926597,81.2
-15.7,1.8,0.0,21.23,-1.5,-2.68,-7.42,0.05,0.63,0.48,0.41,10.909,11.811,7.23,7.701,14.42,4.91,13.54,14.72,-0.004,-0.001,0.005,-0.02,-0.01,-80.3071674,26.9266066,81.25
-17.3,1.9,0.0,21.15,-1.04,-3.29,-8.42,-0.78,0.62,0.44,0.43,10.683,8.643,6.327,8.839,14.62,7.65,13.73,10.69,-0.004,-0.001,0.005,-0.04,-0.01,-80.3071668,26.9266161,81.3
-18.4,2.0,0.0,21.07,-1.44,-2.36,-9.15,-0.75,-1.07,0.37,0.4,10.889,9.741,6.798,8.476,11.58,5.89,15.01,11.77,-0.004,-0.001,0.006,-0.04,-0.02,-80.3071661,26.9266256,81.35
-20.0,2.0,0.0,20.98,-2.06,-3.75,-9.88,0.25,0.58,0.33,0.38,11.095,9.908,9.359,9.27,8.63,11.58,12.65,12.46,-0.004,-0.001,0.006,-0.02,-0.01,-80.3071653,26.926635,81.4
-20.9,2.0,0.0,20.89,-1.2,-4.14,-9.77,-2.3,0.58,0.24,0.38,10.968,12.41,8.211,8.191,6.08,10.5,14.52,14.32,-0.005,-0.001,0.006,-0.05,-0.02,-80.3071644,26.9266444,81.45
-22.5,2.0,0.0,20.81,-2.15,-4.52,-10.65,-1.87,0.38,0.16,0.38,10.546,9.516,8.907,7.711,5.4,12.85,12.95,14.42,-0.005,-0.0,0.006,-0.06,-0.02,-80.3071635,26.9266538,81.5
-23.2,2.1,0.0,20.71,-2.16,-4.14,-11.34,2.46,-0.01,0.15,0.39,8.564,10.693,7.475,8.535,4.22,12.07,13.64,16.09,-0.004,-0.0,0.006,-0.12,-0.04,-80.3071625,26.9266631,81.55
-24.9,2.1,0.0,20.63,-1.77,-4.3,-11.69,-2.28,0.58,0.04,0.42,12.027,6.023,8.525,8.427,8.44,10.4,12.95,14.03,-0.004,0.0,0.007,-0.11,-0.04,-80.3071613,26.9266723,81.6
-25.6,2.2,0.0,20.55,-1.58,-4.25,-12.23,-0.32,1.34,-0.06,0.47,11.664,6.543,10.036,8.054,11.48,12.46,14.42,14.81,-0.004,0.0,0.008,-0.06,-0.02,-80.30716,26.9266815,81.65
-26.3,2.3,0.0,20.46,-1.88,-5.47,-13.08,-2.42,0.63,-0.16,0.52,13.901,10.33,8.172,9.035,14.22,11.18,11.48,13.05,-0.005,0.0,0.008,-0.14,-0.05,-80.3071586,26.9266907,81.7
-27.2,2.3,0.0,20.39,-1.15,-4.53,-13.72,-0.49,-0.92,-0.28,0.51,12.341,7.191,8.437,6.818,15.7,9.61,10.79,17.85,-0.005,0.0,0.008,-0.03,-0.01,-80.3071572,26.9266998,81.75
-27.8,2.4,0.0,20.31,-0.9,-4.8,-14.7,-0.62,-1.46,-0.35,0.48,11.674,8.113,9.231,10.34,15.11,12.95,9.12,12.16,-0.005,0.0,0.008,-0.04,-0.01,-80.3071557,26.9267088,81.8
-30.1,2.5,0.0,20.22,-2.38,-5.6,-14.42,-3.19,0.48,-0.52,0.48,9.859,11.792,8.191,8.015,15.79,10.5,6.87,12.75,-0.005,0.001,0.008,0.02,0.01,-80.307154,26.9267178,81.85
-31.0,2.5,0.0,20.14,-2.51,-6.12,-14.65,-2.74,0.87,-0.6,0.49,9.064,11.733,8.132,7.161,14.03,11.09,7.26,15.01,-0.005,0.001,0.009,-0.02,-0.01,-80.3071522,26.9267267,81.9
-32.8,2.7,0.0,20.07,-1.31,-5.61,-15.19,0.59,-0.12,-0.63,0.5,8.064,9.545,9.437,9.32,13.24,7.95,4.91,8.53,-0.005,0.001,0.009,-0.04,-0.02,-80.3071503,26.9267356,81.95
-33.2,2.8,0.0,19.99,-1.28,-5.87,-15.8,-0.82,-0.17,-0.7,0.52,10.379,10.33,9.82,9.447,12.36,8.63,6.38,2.75,-0.005,0.001,0.009,-0.04,-0.02,-80.3071483,26.9267444,82.0
-34.3,2.9,0.0,19.91,-1.84,-5.27,-16.53,-0.39,0.31,-0.81,0.55,13.714,9.29,10.065,8.594,12.07,10.89,7.16,11.77,-0.005,0.001,0.009,-0.04,-0.02,-80.3071461,26.9267531,82.05
-35.6,3.1,0.0,19.85,-1.39,-6.39,-16.63,-0.4,-0.09,-0.82,0.56,13.312,9.712,9.604,8.78,11.97,10.3,10.1,9.61,-0.005,0.001,0.01,0.03,0.01,-80.3071439,26.9267618,82.1
-36.5,3.5,0.0,19.78,-1.05,-5.68,-17.4,0.07,-0.77,-0.91,0.53,10.085,8.417,9.81,7.779,12.46,11.18,9.12,9.32,-0.006,0.002,0.01,-0.01,-0.0,-80.3071414,26.9267704,82.15
-37.4,3.8,0.0,19.72,-1.75,-6.11,-17.93,-2.71,0.98,-0.99,0.54,8.584,14.215,8.221,8.152,7.46,8.73,12.07,6.57,-0.006,0.002,0.01,0.01,0.0,-80.3071389,26.926779,82.2
-39.0,4.1,0.0,19.68,-1.17,-6.44,-18.77,-0.91,-0.25,-1.0,0.51,9.074,10.389,8.976,8.623,9.61,9.91,11.38,7.55,-0.006,0.002,0.01,-0.03,-0.01,-80.3071362,26.9267875,82.25
-39.6,4.4,0.0,19.65,-0.49,-5.84,-18.32,1.99,-1.09,-1.03,0.48,12.135,9.83,9.869,8.515,8.04,8.83,18.05,15.11,-0.006,0.002,0.01,-0.04,-0.01,-80.3071334,26.926796,82.3
-41.1,4.7,0.0,19.6,-0.88,-8.29,-18.81,0.26,-0.09,-1.05,0.46,13.322,8.829,10.153,8.231,8.73,12.75,18.93,16.38,-0.006,0.002,0.01,-0.02,-0.01,-80.3071304,26.9268043,82.35
-41.7,5.2,0.0,19.58,-1.37,-7.33,-20.06,1.05,-0.21,-1.06,0.43,10.065,9.859,8.515,8.319,6.38,8.04,17.17,19.91,-0.006,0.002,0.01,-0.07,-0.02,-80.3071273,26.9268127,82.4
-42.8,5.5,0.0,19.66,1.89,-7.09,-19.54,-0.58,-1.66,-1.1,0.32,9.378,12.125,8.79,9.476,5.79,12.46,13.54,14.62,-0.006,0.003,0.009,-0.04,-0.01,-80.307124,26.926821,82.45
-44.4,5.7,0.0,19.66,-1.03,-8.28,-18.67,-0.8,-0.88,-1.1,0.21,5.808,13.665,10.565,7.151,4.61,10.69,10.99,8.73,-0.005,0.004,0.009,-0.02,-0.01,-80.3071205,26.9268292,82.5
-45.2,6.2,0.0,19.69,0.98,-7.37,-18.49,-0.98,0.78,-1.12,0.2,6.69,9.163,9.996,8.741,7.95,11.48,14.32,13.93,-0.004,0.004,0.009,-0.08,-0.03,-80.3071169,26.9268375,82.55
-45.6,6.4,0.0,19.77,1.68,-6.47,-18.53,1.98,-1.03,-1.09,0.17,11.644,7.063,7.142,6.102,7.95,7.65,11.28,4.81,-0.004,0.004,0.009,-0.09,-0.03,-80.307113,26.9268457,82.6
-46.1,6.6,0.0,19.84,2.46,-6.0,-19.36,2.34,-1.91,-1.05,0.14,12.714,9.996,10.242,9.418,7.65,10.59,11.58,5.69,-0.004,0.005,0.009,-0.03,-0.01,-80.3071091,26.9268538,82.65
-46.5,6.8,0.0,19.92,1.55,-6.76,-18.93,-0.49,-1.37,-1.08,0.07,12.213,6.681,9.996,10.713,10.2,14.13,12.75,14.32,-0.004,0.005,0.009,-0.08,-0.03,-80.307105,26.9268619,82.7
-46.5,6.8,0.0,19.98,0.68,-6.98,-18.94,2.08,-0.22,-1.04,0.03,10.585,5.866,9.977,9.163,10.01,9.52,4.12,7.65,-0.004,0.005,0.008,-0.03,-0.01,-80.3071007,26.92687,82.75
-46.8,6.8,0.0,20.07,1.67,-7.44,-18.46,2.75,1.56,-1.01,0.07,11.213,9.545,7.966,9.859,12.26,10.1,2.26,7.36,-0.003,0.006,0.008,-0.07,-0.02,-80.3070962,26.9268781,82.8
-48.2,6.8,0.0,20.15,1.36,-7.62,-18.62,-1.51,0.95,-1.0,0.1,10.242,8.731,9.918,9.113,14.42,15.79,3.63,9.32,-0.003,0.006,0.008,-0.12,-0.04,-80.3070917,26.9268861,82.85
-51.2,6.9,0.0,20.21,1.05,-5.07,-19.75,-1.14,0.06,-1.01,0.08,11.046,12.714,9.133,6.004,13.44,8.24,7.95,10.3,-0.004,0.006,0.009,0.0,0.0,-80.3070869,26.9268941,82.9
-52.7,7.0,0.0,20.3,1.43,-10.08,-20.69,1.21,-0.39,-0.95,0.04,8.486,10.222,9.653,9.82,12.75,13.34,9.91,13.34,-0.004,0.006,0.008,-0.09,-0.03,-80.3070819,26.9269021,82.95
-55.4,7.0,0.0,20.39,2.09,-7.32,-21.03,-2.21,-0.48,-1.02,0.0,7.524,8.662,9.163,7.681,12.16,6.38,10.5,4.02,-0.004,0.006,0.008,0.02,0.01,-80.3070768,26.92691,83.0
-55.7,7.1,0.0,20.44,0.53,-8.2,-21.59,-0.64,0.7,-1.08,0.02,11.537,9.388,9.143,8.947,13.15,10.79,11.77,13.44,-0.004,0.006,0.009,0.09,0.03,-80.3070716,26.9269178,83.05
-58.1,7.1,0.0,20.54,1.73,-8.74,-22.36,-0.95,1.0,-1.06,0.04,7.799,8.643,8.957,8.672,15.5,7.65,3.73,16.87,-0.003,0.006,0.009,0.17,0.06,-80.3070661,26.9269256,83.1
-58.8,7.1,0.0,20.62,1.1,-8.94,-23.09,-2.26,-0.05,-1.09,0.02,11.203,11.115,8.123,7.691,12.65,4.02,6.87,10.1,-0.003,0.007,0.01,0.17,0.06,-80.3070605,26.9269334,83.15
-59.3,7.0,0.0,20.7,1.04,-8.54,-23.5,-0.96,0.02,-1.13,0.02,6.975,11.566,10.242,10.261,12.16,6.67,11.58,11.97,-0.003,0.007,0.01,0.25,0.09,-80.3070547,26.926941,83.2
-59.0,6.8,0.0,20.78,0.97,-8.14,-23.66,0.18,0.3,-1.16,-0.0,10.369,9.996,7.926,7.613,6.47,11.09,13.15,11.38,-0.004,0.007,0.011,0.24,0.09,-80.3070486,26.9269486,83.25
-59.1,6.7,0.0,20.86,1.71,-8.91,-23.82,-0.66,1.41,-1.18,-0.02,3.816,10.281,8.868,7.848,8.44,9.32,8.24,8.93,-0.003,0.007,0.01,0.3,0.11,-80.3070424,26.9269561,83.3
-59.2,6.5,0.0,20.91,0.93,-9.46,-23.62,4.2,0.86,-1.16,-0.0,9.212,8.947,9.251,9.486,9.61,11.58,7.65,14.91,-0.003,0.008,0.011,0.34,0.12,-80.307036,26.9269636,83.35
-59.0,6.5,0.0,20.98,2.05,-6.95,-23.37,-2.74,0.49,-1.24,0.05,8.25,11.958,10.83,8.103,10.89,11.58,8.63,7.95,-0.004,0.007,0.011,0.32,0.12,-80.3070294,26.9269709,83.4
-59.6,6.3,0.0,21.04,1.51,-10.39,-24.44,1.04,-0.0,-1.29,0.04,8.348,8.515,10.919,7.75,6.38,13.44,11.38,17.27,-0.004,0.007,0.012,0.34,0.12,-80.3070227,26.9269781,83.45
-61.4,6.2,0.0,21.1,0.97,-7.89,-23.8,-1.23,-0.56,-1.28,-0.02,11.174,13.214,9.741,6.553,14.62,5.69,8.93,12.46,-0.004,0.007,0.012,0.42,0.16,-80.3070158,26.9269853,83.5
-65.9,6.1,0.0,21.16,2.23,-8.16,-23.46,-1.96,0.99,-1.31,-0.02,12.439,4.885,11.527,9.084,10.99,10.4,3.24,13.93,-0.004,0.008,0.012,0.46,0.17,-80.3070086,26.9269923,83.55
-68.2,6.0,0.0,21.18,0.6,-9.24,-23.37,1.27,1.22,-1.33,0.02,6.632,9.565,12.223,9.496,10.3,12.07,9.32,15.21,-0.004,0.008,0.012,0.4,0.15,-80.3070014,26.9269992,83.6
-69.0,5.8,0.0,21.21,-0.23,-10.66,-24.66,-0.56,1.43,-1.36,0.05,12.527,8.898,8.623,8.27,6.67,12.26,9.12,13.54,-0.004,0.008,0.013,0.42,0.15,-80.3069939,26.927006,83.65
-68.4,5.7,0.0,21.26,0.23,-7.93,-25.59,-0.84,0.98,-1.41,0.07,10.026,7.436,9.388,5.484,6.38,15.89,5.0,4.22,-0.004,0.008,0.013,0.44,0.16,-80.3069863,26.9270126,83.7
-68.8,5.6,0.0,21.28,0.43,-10.29,-26.67,1.31,0.18,-1.42,0.05,11.272,9.084,8.976,8.957,9.91,9.91,12.95,15.99,-0.004,0.008,0.014,0.45,0.17,-80.3069785,26.9270191,83.75
-68.9,5.4,0.0,21.29,-0.72,-11.69,-26.31,-2.55,1.14,-1.55,0.04,9.947,7.858,10.261,7.966,11.58,10.89,7.95,16.97,-0.004,0.008,0.014,0.61,0.22,-80.3069706,26.9270255,83.8
-69.0,5.4,0.0,21.31,0.11,-11.25,-25.98,0.09,1.67,-1.56,0.1,13.518,6.426,8.858,7.907,15.6,13.83,6.28,18.74,-0.004,0.008,0.014,0.64,0.24,-80.3069625,26.9270316,83.85
-68.8,5.3,0.0,21.34,0.96,-9.23,-26.86,-3.29,0.86,-1.7,0.13,12.92,10.673,8.652,7.201,11.77,10.69,10.5,10.79,-0.005,0.008,0.015,0.67,0.25,-80.3069542,26.9270376,83.9
-68.3,5.2,0.0,21.34,0.07,-12.32,-27.67,0.08,0.18,-1.75,0.11,6.73,10.801,9.418,10.144,12.16,9.52,7.06,14.91,-0.005,0.008,0.016,0.73,0.27,-80.3069458,26.9270435,83.95
-68.5,5.2,0.0,21.35,-0.04,-11.24,-27.22,-1.23,0.24,-1.84,0.06,9.457,8.652,10.771,10.114,10.69,9.81,13.83,12.85,-0.005,0.008,0.016,0.71,0.27,-80.3069372,26.9270492,84.0
-67.5,5.2,0.0,21.34,0.36,-9.51,-26.37,1.36,0.24,-1.82,0.06,10.242,9.31,9.565,6.955,10.59,4.22,10.2,11.28,-0.005,0.008,0.016,0.86,0.32,-80.3069284,26.9270548,84.05
-65.8,5.1,0.0,21.34,0.53,-9.02,-25.89,-1.76,2.44,-1.85,0.1,11.066,6.249,9.526,10.281,10.5,11.48,9.03,15.01,-0.005,0.008,0.016,0.88,0.33,-80.3069196,26.9270602,84.1
-62.9,5.0,0.0,21.32,-0.94,-11.03,-26.2,1.42,2.57,-1.81,0.16,9.526,12.665,8.162,7.25,6.87,11.97,10.79,9.03,-0.005,0.008,0.016,0.83,0.31,-80.3069106,26.9270653,84.15
-59.4,5.0,0.0,21.32,-0.09,-8.39,-26.65,0.36,0.38,-1.79,0.16,11.36,8.378,8.289,6.249,8.04,8.63,6.47,12.26,-0.005,0.008,0.017,0.89,0.33,-80.3069015,26.9270703,84.2
-57.5,5.0,0.0,21.33,1.26,-7.6,-25.52,0.59,0.35,-1.76,0.16,12.665,5.808,8.27,5.631,10.79,8.63,10.59,14.62,-0.005,0.008,0.017,0.98,0.37,-80.3068923,26.9270751,84.25
-56.5,5.0,0.0,21.31,-0.02,-9.85,-23.72,-0.42,1.69,-1.76,0.17,12.115,9.153,11.331,9.526,19.03,10.69,9.12,13.24,-0.004,0.008,0.016,0.86,0.32,-80.3068829,26.9270798,84.3
-53.5,5.0,0.0,21.3,0.09,-9.21,-22.85,3.24,1.49,-1.76,0.25,13.332,6.426,10.428,5.915,10.99,9.32,13.44,9.81,-0.005,0.008,0.016,0.85,0.32,-80.3068735,26.9270842,84.35
-50.3,5.1,0.0,21.3,0.91,-8.39,-23.4,1.39,-0.2,-1.77,0.25,15.716,7.956,7.073,7.377,18.74,14.81,5.4,12.07,-0.006,0.007,0.017,0.72,0.27,-80.3068639,26.9270885,84.4
-49.3,5.2,0.0,21.3,0.21,-9.53,-23.16,3.67,-1.2,-1.7,0.17,11.998,9.153,9.329,9.643,10.69,10.3,5.49,13.73,-0.006,0.006,0.016,0.75,0.28,-80.3068543,26.9270925,84.45
-49.5,5.3,0.0,21.28,-0.43,-9.66,-21.39,1.33,-0.35,-1.7,0.09,10.261,6.465,8.917,8.378,10.4,11.87,6.87,20.6,-0.006,0.006,0.014,0.65,0.24,-80.3068445,26.9270964,84.5
-51.6,5.4,0.0,21.27,0.75,-7.33,-20.85,1.36,0.5,-1.7,0.07,12.537,8.829,11.321,10.006,9.12,9.91,23.05,12.46,-0.005,0.007,0.014,0.51,0.19,-80.3068347,26.9271,84.55
-52.4,5.4,0.0,21.26,-1.04,-10.0,-20.71,-0.72,1.65,-1.75,0.11,10.752,8.446,8.731,7.044,9.61,11.67,13.83,11.97,-0.005,0.007,0.015,0.37,0.14,-80.3068248,26.9271035,84.6
-53.1,5.4,0.0,21.26,-0.16,-10.16,-22.15,-0.64,0.13,-1.73,0.12,11.998,13.077,8.564,7.573,10.69,11.09,15.99,12.75,-0.005,0.006,0.014,0.36,0.13,-80.3068148,26.9271069,84.65
-53.5,5.5,0.0,21.28,1.06,-7.42,-23.23,-1.92,-1.79,-1.79,0.03,9.221,13.763,11.389,9.82,9.52,7.85,16.58,16.09,-0.005,0.006,0.015,0.37,0.14,-80.3068048,26.9271101,84.7
-53.6,5.5,0.0,21.27,-0.6,-11.6,-23.24,-3.3,-0.55,-1.88,-0.07,5.955,10.477,11.684,8.849,13.93,10.01,12.75,18.05,-0.005,0.006,0.014,0.37,0.14,-80.3067946,26.9271131,84.75
-53.4,5.6,0.0,21.27,-0.08,-5.81,-23.11,-2.47,0.15,-1.96,-0.14,8.132,14.372,9.486,4.67,12.36,7.06,17.27,14.13,-0.005,0.006,0.013,0.53,0.2,-80.3067845,26.9271159,84.8
-50.5,5.6,0.0,21.3,0.8,-7.21,-22.27,-1.83,1.84,-2.01,-0.16,7.877,9.153,11.282,8.937,14.32,11.18,15.79,10.5,-0.005,0.007,0.013,0.49,0.18,-80.3067742,26.9271186,84.85
-48.2,5.7,0.0,21.31,-0.09,-7.68,-21.96,-0.28,2.15,-2.01,-0.16,6.308,11.193,10.781,9.006,9.61,9.71,16.38,13.83,-0.005,0.007,0.014,0.5,0.19,-80.3067639,26.9271211,84.9
-42.1,6.0,0.0,21.33,0.74,-7.08,-20.44,1.36,0.63,-1.94,-0.17,11.968,6.269,8.515,5.327,8.73,6.57,12.46,10.4,-0.005,0.007,0.013,0.51,0.19,-80.3067536,26.9271234,84.95
-41.6,6.1,0.0,21.37,1.53,-5.86,-18.89,-0.32,0.09,-1.92,-0.17,9.545,3.826,8.927,6.641,10.4,12.75,13.05,14.81,-0.004,0.007,0.013,0.49,0.18,-80.3067431,26.9271255,85.0
-40.6,6.3,0.0,21.37,1.01,-8.43,-17.81,0.88,0.73,-1.9,-0.15,8.329,11.282,10.379,9.006,5.4,11.09,16.68,14.91,-0.004,0.007,0.013,0.4,0.15,-80.3067326,26.9271275,85.05
-39.5,6.5,0.0,21.42,1.52,-7.89,-16.99,1.06,0.07,-1.87,-0.16,12.204,7.583,13.067,7.151,10.69,15.11,16.58,16.28,-0.004,0.007,0.012,0.36,0.13,-80.3067221,26.9271293,85.1
-38.7,6.7,0.0,21.46,1.51,-6.02,-16.48,0.89,-1.18,-1.83,-0.19,13.822,7.044,8.495,7.23,11.77,13.24,15.6,8.83,-0.004,0.006,0.011,0.29,0.11,-80.3067115,26.927131,85.15
-36.7,7.1,0.0,21.51,1.64,-6.44,-15.67,1.73,1.3,-1.81,-0.19,12.106,11.782,12.459,8.701,15.99,10.01,16.87,13.93,-0.004,0.006,0.011,0.26,0.1,-80.3067009,26.9271325,85.2
-35.3,7.3,0.0,21.58,0.94,-8.52,-15.9,1.01,0.79,-1.73,-0.19,8.388,11.232,10.565,8.751,13.05,11.87,18.44,14.13,-0.004,0.006,0.01,0.19,0.07,-80.3066902,26.9271339,85.25
-32.1,7.5,0.0,21.64,1.05,-6.92,-15.62,-0.97,0.34,-1.76,-0.21,7.75,11.007,9.506,7.034,7.46,11.18,15.01,18.54,-0.004,0.006,0.01,0.2,0.08,-80.3066794,26.9271351,85.3
-30.7,7.9,0.0,21.72,1.5,-4.96,-15.16,-1.28,-0.28,-1.76,-0.25,6.269,12.949,9.732,5.778,8.04,6.97,16.68,5.89,-0.003,0.006,0.009,0.29,0.11,-80.3066686,26.9271362,85.35
-27.3,8.3,0.0,21.81,2.01,-3.88,-13.76,-1.08,0.5,-1.75,-0.27,9.408,7.289,11.733,7.524,5.98,8.24,10.79,9.61,-0.003,0.006,0.009,0.32,0.12,-80.3066578,26.9271372,85.4
-26.3,8.4,0.0,21.91,2.33,-4.33,-12.35,-1.17,-0.0,-1.69,-0.27,9.938,5.327,9.163,8.26,8.14,8.34,14.13,4.02,-0.003,0.005,0.008,0.26,0.1,-80.3066469,26.9271381,85.45
-24.6,8.6,0.0,22.01,2.23,-5.39,-11.6,0.65,0.0,-1.66,-0.27,11.556,7.828,7.593,7.485,12.26,10.3,6.18,4.81,-0.003,0.006,0.008,0.19,0.07,-80.3066359,26.9271388,85.5
-22.3,8.6,0.0,22.11,2.5,-5.89,-11.07,0.28,-0.5,-1.62,-0.3,11.458,13.489,10.801,7.613,22.46,10.3,11.09,4.71,-0.003,0.005,0.007,0.2,0.08,-80.3066248,26.9271395,85.55
-19.3,8.6,0.0,22.2,2.02,-5.74,-10.31,2.4,-0.58,-1.55,-0.35,7.014,11.909,10.742,9.29,17.27,11.28,7.36,5.59,-0.003,0.005,0.006,0.21,0.08,-80.3066137,26.9271401,85.6
-15.2,8.7,0.0,22.3,2.5,-4.33,-8.84,1.19,-0.4,-1.43,-0.41,10.183,7.201,9.3,9.447,13.73,13.83,11.58,9.42,-0.003,0.005,0.004,0.24,0.09,-80.3066026,26.9271406,85.65
-12.7,8.6,0.0,22.4,2.25,-3.7,-7.76,2.98,0.11,-1.28,-0.43,9.761,8.417,5.317,6.838,10.4,9.81,5.89,13.54,-0.002,0.004,0.004,0.22,0.08,-80.3065914,26.927141,85.7
-9.3,8.4,0.0,22.49,3.09,-4.02,-6.73,1.09,0.04,-1.19,-0.42,11.664,10.467,6.69,7.583,7.36,9.81,6.47,12.75,-0.002,0.003,0.003,0.21,0.08,-80.30658,26.9271414,85.75
-8.3,8.4,0.0,22.6,2.21,-2.05,-4.85,0.65,-0.45,-1.17,-0.45,11.282,10.389,6.612,7.044,9.42,8.44,5.69,12.75,-0.002,0.003,0.003,0.16,0.06,-80.3065687,26.9271416,85.8
-7.0,8.2,0.0,22.68,1.99,-1.06,-4.05,1.04,-1.29,-1.13,-0.49,9.388,10.261,7.181,9.261,14.13,8.73,7.65,10.01,-0.001,0.003,0.003,0.25,0.1,-80.3065573,26.9271419,85.85
-5.7,8.1,0.0,22.78,2.02,-0.86,-3.87,-0.68,0.01,-1.14,-0.47,10.605,8.888,10.153,10.193,15.4,9.03,13.05,10.5,-0.001,0.003,0.003,0.22,0.09,-80.3065459,26.927142,85.9
-5.4,7.9,0.0,22.86,1.39,-2.14,-3.56,1.75,1.7,-1.17,-0.43,10.281,10.242,8.083,8.554,14.52,8.73,14.32,12.16,-0.0,0.003,0.002,0.25,0.1,-80.3065344,26.9271422,85.95
-1.9,7.5,0.0,22.95,1.99,-2.62,-2.78,-0.44,2.28,-1.17,-0.33,4.876,14.254,8.26,7.308,5.98,10.79,17.46,6.18,-0.0,0.003,0.003,0.19,0.08,-80.3065229,26.9271423,86.0
-0.6,7.3,0.0,23.05,2.49,0.52,-1.96,0.7,0.62,-1.13,-0.29,8.486,9.516,7.191,5.621,5.59,5.4,18.93,11.87,-0.0,0.002,0.003,0.23,0.09,-80.3065113,26.9271424,86.05
2.5,7.0,0.0,23.12,1.01,-0.69,-0.75,-0.54,-1.03,-1.13,-0.32,10.379,8.132,8.986,6.72,13.44,9.42,17.66,10.4,-0.0,0.002,0.003,0.21,0.09,-80.3064997,26.9271425,86.1
5.2,6.8,0.0,23.17,0.55,-1.43,0.75,-1.58,0.81,-1.2,-0.29,8.79,9.133,10.634,10.222,14.62,10.1,12.56,6.77,-0.0,0.001,0.002,0.2,0.08,-80.306488,26.9271426,86.15
7.2,6.5,0.0,23.23,1.87,0.71,2.08,0.52,0.36,-1.17,-0.28,9.369,6.798,10.016,8.721,14.72,13.73,16.68,6.67,-0.0,0.001,0.002,0.24,0.1,-80.3064764,26.9271427,86.2
11.3,6.4,0.0,23.28,1.67,0.76,3.8,1.41,-0.4,-1.08,-0.26,12.488,7.397,9.015,6.426,9.42,10.79,7.65,12.16,-0.0,0.0,0.001,0.18,0.07,-80.3064646,26.9271428,86.25
12.2,6.3,0.0,23.32,0.19,0.82,5.1,0.38,0.73,-1.02,-0.25,6.131,9.692,8.515,10.163,5.98,7.46,9.22,16.58,0.0,-0.0,-0.0,0.17,0.07,-80.3064529,26.9271429,86.3
15.5,6.0,0.0,23.36,1.06,2.47,5.91,0.52,0.3,-0.97,-0.23,9.506,7.495,8.132,8.525,10.89,8.04,7.85,15.79,0.001,-0.0,-0.0,0.24,0.1,-80.3064411,26.927143,86.35
17.1,5.6,0.0,23.38,0.51,2.06,7.47,0.08,0.34,-0.98,-0.19,12.508,8.388,6.602,7.338,15.79,11.97,7.16,8.14,0.001,-0.001,-0.0,0.13,0.05,-80.3064294,26.9271433,86.4
19.2,5.4,0.0,23.4,-0.21,2.23,9.03,-0.04,0.8,-0.97,-0.17,7.299,11.164,6.416,9.771,16.19,11.58,13.34,15.79,0.001,-0.002,-0.0,0.14,0.06,-80.3064176,26.9271435,86.45
22.7,5.1,0.0,23.4,0.21,4.44,10.13,-0.47,-0.36,-0.94,-0.2,10.516,5.494,9.712,8.966,12.26,6.28,11.38,5.59,0.001,-0.002,-0.001,0.14,0.06,-80.3064058,26.9271439,86.5
22.6,4.9,0.0,23.37,-0.55,4.25,11.74,1.6,-0.57,-0.86,-0.19,11.488,7.613,7.799,8.064,9.12,8.14,16.28,7.26,0.001,-0.003,-0.002,0.1,0.04,-80.306394,26.9271443,86.55
23.5,4.8,0.0,23.37,-0.81,4.26,12.59,-0.44,0.82,-0.83,-0.15,4.356,11.595,7.505,9.722,10.99,9.52,13.44,9.61,0.001,-0.003,-0.003,0.08,0.03,-80.3063822,26.9271449,86.6
23.4,4.7,0.0,23.36,0.2,5.36,12.39,-0.59,0.66,-0.81,-0.11,8.8,7.985,8.515,9.3,12.85,10.01,19.91,8.73,0.002,-0.003,-0.003,0.07,0.03,-80.3063704,26.9271455,86.65
21.6,4.5,0.0,23.32,-0.67,4.69,12.31,0.51,0.99,-0.82,-0.06,11.37,9.32,6.671,8.034,14.91,10.5,12.36,17.27,0.002,-0.004,-0.003,-0.04,-0.02,-80.3063587,26.9271463,86.7
20.7,4.5,0.0,23.31,-0.74,3.46,12.68,-1.34,0.3,-0.83,-0.04,6.2,12.135,7.622,8.76,10.89,7.26,12.07,12.16,0.001,-0.004,-0.003,-0.08,-0.03,-80.3063469,26.9271472,86.75
20.0,4.4,0.0,23.29,-0.26,5.81,12.3,-0.48,-1.44,-0.85,-0.12,10.507,4.846,9.27,9.388,8.93,4.81,7.16,16.87,0.001,-0.004,-0.003,-0.02,-0.01,-80.3063352,26.9271481,86.8
19.7,4.3,0.0,23.25,-0.91,5.17,11.39,2.22,-1.48,-0.81,-0.18,10.32,5.454,11.497,10.546,11.48,9.32,7.46,10.5,0.001,-0.004,-0.004,-0.0,-0.0,-80.3063235,26.9271493,86.85
19.1,4.1,0.0,23.21,-0.72,3.38,11.49,-0.05,-0.18,-0.81,-0.17,9.31,9.339,8.917,11.046,11.38,11.48,8.44,13.15,0.0,-0.005,-0.004,-0.04,-0.02,-80.3063119,26.9271506,86.9
18.5,4.0,0.0,23.18,-0.74,5.17,10.64,-0.51,-1.35,-0.83,-0.24,8.623,5.562,7.416,10.909,18.64,9.71,7.36,8.53,0.0,-0.005,-0.004,0.07,0.03,-80.3063002,26.9271519,86.95
19.2,4.0,0.0,23.14,-0.45,5.59,10.75,1.96,-3.35,-0.79,-0.36,10.085,7.338,10.32,11.183,9.52,8.34,9.61,8.93,-0.001,-0.005,-0.005,0.03,0.01,-80.3062887,26.9271533,87.0
18.6,3.9,0.0,23.09,-1.77,4.28,10.41,-0.24,-0.3,-0.8,-0.45,7.279,9.751,10.065,11.164,7.65,10.2,13.93,12.95,0.0,-0.005,-0.005,0.07,0.03,-80.3062771,26.9271548,87.05
19.1,3.8,0.0,23.05,-1.09,4.72,10.36,1.14,-0.02,-0.76,-0.47,5.984,8.515,8.221,9.28,6.08,11.97,15.5,11.38,0.0,-0.005,-0.005,0.01,0.0,-80.3062656,26.9271564,87.1
19.7,3.8,0.0,23.01,-0.59,4.11,11.28,-0.34,-0.22,-0.79,-0.47,8.378,8.28,7.407,7.868,9.61,10.99,15.21,17.46,0.0,-0.005,-0.004,0.01,0.0,-80.3062541,26.9271581,87.15
19.8,3.7,0.0,22.97,-0.8,3.84,11.5,-0.16,-0.58,-0.78,-0.5,11.134,7.102,8.672,7.75,11.87,12.26,14.42,14.22,0.001,-0.004,-0.004,-0.07,-0.03,-80.3062427,26.9271599,87.2
20.4,3.6,0.0,22.92,-0.98,3.55,11.04,-0.53,0.08,-0.77,-0.51,8.358,9.673,6.877,7.985,9.52,7.65,12.95,11.77,0.001,-0.004,-0.004,0.01,0.0,-80.3062313,26.9271617,87.25
20.1,3.6,0.0,22.87,-1.19,6.36,10.99,1.08,-0.81,-0.69,-0.54,6.681,11.89,7.819,8.221,8.24,11.09,11.87,14.52,0.001,-0.005,-0.004,0.01,0.0,-80.30622,26.9271637,87.3
21.4,3.5,0.0,22.83,-0.7,5.01,11.57,0.66,-0.58,-0.65,-0.57,8.652,10.889,8.907,9.3,5.1,10.2,10.99,11.28,0.0,-0.005,-0.004,-0.01,-0.0,-80.3062086,26.9271658,87.35
21.7,3.5,0.0,22.78,-1.34,4.79,12.38,-0.4,-0.87,-0.63,-0.61,7.848,13.126,8.407,10.094,6.47,10.89,9.42,10.5,0.001,-0.005,-0.004,-0.01,-0.0,-80.3061975,26.927168,87.4
21.9,3.4,0.0,22.73,-1.01,4.44,12.23,1.49,0.76,-0.6,-0.63,5.042,11.301,7.495,11.919,11.09,9.81,8.14,11.28,0.001,-0.004,-0.004,0.04,0.02,-80.3061863,26.9271703,87.45
22.6,3.4,0.0,22.67,-1.13,5.54,12.16,0.58,1.04,-0.56,-0.6,9.427,4.316,7.76,10.408,11.48,7.06,8.83,7.46,0.001,-0.004,-0.004,0.05,0.02,-80.3061751,26.9271726,87.5
21.7,3.2,0.0,22.61,-0.98,5.16,12.04,0.68,1.35,-0.5,-0.52,9.653,5.562,8.682,9.987,14.22,6.47,2.94,6.67,0.001,-0.004,-0.004,0.03,0.01,-80.306164,26.9271751,87.55
21.6,3.1,0.0,22.55,-1.21,5.33,12.52,1.6,-0.82,-0.46,-0.5,12.076,7.564,6.798,8.809,10.2,8.83,7.36,10.4,0.001,-0.005,-0.003,0.03,0.01,-80.306153,26.9271777,87.6
20.7,2.9,0.0,22.48,-1.89,4.28,13.04,2.41,-0.74,-0.34,-0.54,7.416,13.077,6.386,9.771,5.1,11.58,9.71,4.71,0.001,-0.005,-0.003,-0.07,-0.03,-80.306142,26.9271804,87.65
19.7,2.8,0.0,22.41,-1.82,4.41,12.21,-0.38,0.32,-0.34,-0.57,6.965,12.066,10.153,9.015,7.55,11.38,11.09,9.12,0.001,-0.005,-0.003,-0.04,-0.02,-80.3061311,26.9271831,87.7
19.4,2.8,0.0,22.34,-1.72,4.59,11.69,0.3,0.82,-0.29,-0.56,8.594,8.966,8.495,9.82,9.12,13.05,11.58,14.42,0.001,-0.005,-0.004,-0.03,-0.01,-80.3061203,26.927186,87.75
18.3,2.8,0.0,22.27,-1.41,4.28,11.11,0.64,-0.41,-0.3,-0.56,11.125,7.642,7.907,8.594,15.21,9.32,10.69,11.28,0.001,-0.005,-0.003,-0.05,-0.02,-80.3061095,26.927189,87.8
18.6,2.8,0.0,22.21,-0.9,4.14,10.57,1.42,-1.45,-0.28,-0.59,11.34,10.094,7.495,9.918,14.03,5.0,12.85,12.95,0.001,-0.005,-0.003,-0.02,-0.01,-80.3060988,26.927192,87.85
17.3,2.8,0.0,22.13,-0.88,3.12,10.1,1.0,-0.4,-0.27,-0.6,9.908,12.155,7.053,11.036,15.6,5.3,12.65,14.81,0.001,-0.004,-0.003,0.02,0.01,-80.3060882,26.9271951,87.9
16.6,2.8,0.0,22.06,-0.64,3.36,9.59,-2.24,-0.16,-0.26,-0.59,8.25,12.233,6.17,9.8,11.48,12.26,9.61,11.38,0.001,-0.004,-0.003,0.05,0.02,-80.3060776,26.9271983,87.95
15.5,2.7,0.0,21.98,-1.95,3.62,9.07,3.06,-0.15,-0.21,-0.6,6.151,10.585,7.093,7.593,6.47,13.05,14.03,14.22,0.001,-0.004,-0.003,0.05,0.02,-80.3060671,26.9272016,88.0
14.6,2.7,0.0,21.9,-1.43,4.49,8.95,-1.1,1.36,-0.19,-0.57,6.259,13.783,6.406,7.397,7.65,13.24,15.79,14.32,0.0,-0.004,-0.003,0.02,0.01,-80.3060567,26.927205,88.05
13.1,2.8,0.0,21.83,-1.25,5.21,8.57,-0.29,0.32,-0.2,-0.55,10.222,8.77,9.3,8.947,8.14,14.81,17.66,17.27,-0.0,-0.004,-0.002,0.08,0.03,-80.3060464,26.9272084,88.1
10.9,2.8,0.0,21.75,-1.73,2.9,8.06,1.49,-0.66,-0.19,-0.55,8.672,8.338,7.318,9.957,10.89,11.09,17.66,13.83,-0.0,-0.004,-0.002,0.04,0.02,-80.3060361,26.9272118,88.15
10.6,2.8,0.0,21.68,-1.57,2.68,6.83,2.07,-0.58,-0.19,-0.6,9.771,7.132,5.739,8.898,11.67,5.69,12.65,16.68,0.0,-0.004,-0.002,0.01,0.0,-80.3060258,26.9272154,88.2
7.8,2.9,0.0,21.62,-0.95,2.3,5.98,-2.35,1.07,-0.24,-0.59,10.026,4.336,9.761,9.83,14.72,4.41,18.15,14.42,0.0,-0.003,-0.002,0.02,0.01,-80.3060157,26.9272189,88.25
6.9,2.9,0.0,21.54,-0.51,2.0,4.38,2.64,1.47,-0.24,-0.52,10.536,8.397,8.083,9.084,13.83,8.83,13.44,15.7,0.0,-0.003,-0.001,0.01,0.0,-80.3060056,26.9272225,88.3
4.9,3.0,0.0,21.5,-0.32,-0.09,3.85,-1.28,0.68,-0.25,-0.44,11.88,11.438,7.956,9.378,13.15,5.98,12.75,9.12,-0.0,-0.003,-0.001,-0.04,-0.02,-80.3059955,26.9272261,88.35
3.8,3.0,0.0,21.42,-0.84,1.21,3.27,-0.11,-0.24,-0.33,-0.43,12.694,9.8,8.064,8.025,9.22,12.07,11.28,15.01,-0.001,-0.003,0.001,-0.02,-0.01,-80.3059855,26.9272298,88.4
0.9,3.1,0.0,21.35,-1.28,0.23,2.47,0.22,0.08,-0.31,-0.41,9.476,13.92,8.76,8.701,7.75,10.79,14.42,8.14,-0.001,-0.003,0.0,-0.0,-0.0,-80.3059755,26.9272334,88.45
-1.1,3.2,0.0,21.29,-1.4,-0.18,0.7,-2.43,1.78,-0.43,-0.37,8.211,11.713,9.879,9.839,4.91,13.05,12.56,16.58,-0.001,-0.003,0.001,-0.05,-0.02,-80.3059656,26.9272371,88.5
-3.2,3.3,0.0,21.23,-1.36,-0.38,-0.17,-0.02,1.48,-0.47,-0.31,8.858,12.302,7.446,8.525,3.04,10.79,16.09,7.36,-0.001,-0.002,0.001,-0.03,-0.01,-80.3059557,26.9272408,88.55
-5.4,3.5,0.0,21.19,-1.18,-1.79,-1.42,-1.03,2.19,-0.56,-0.24,6.779,9.094,9.555,8.603,8.04,10.3,14.62,16.78,-0.001,-0.002,0.002,-0.02,-0.01,-80.3059458,26.9272444,88.6
-5.7,3.6,0.0,21.15,-0.29,-0.76,-2.83,-1.85,0.48,-0.67,-0.22,10.222,8.348,8.231,7.554,12.07,5.1,19.72,9.91,-0.001,-0.001,0.003,-0.04,-0.01,-80.305936,26.9272481,88.65
-7.2,3.8,0.0,21.11,-0.55,-2.1,-3.28,-1.59,1.27,-0.77,-0.16,8.868,9.526,9.535,7.956,14.81,8.14,14.03,17.46,-0.001,-0.001,0.004,0.05,0.02,-80.3059262,26.9272517,88.7
-7.2,4.1,0.0,21.06,-0.2,-1.14,-3.62,-1.45,0.73,-0.85,-0.1,11.056,9.761,8.476,7.22,14.72,4.81,14.91,10.4,-0.001,-0.001,0.004,-0.03,-0.01,-80.3059163,26.9272552,88.75
-9.6,4.3,0.0,21.04,-0.02,-2.3,-3.62,-1.74,1.24,-0.94,-0.07,8.113,10.928,7.269,8.25,14.72,5.49,11.67,18.05,-0.002,-0.001,0.004,-0.0,-0.0,-80.3059065,26.9272588,88.8
-10.4,4.5,0.0,21.01,-1.32,-2.39,-5.02,-1.09,1.09,-0.96,-0.05,9.437,10.919,6.916,9.29,12.56,7.36,12.75,14.62,-0.002,-0.001,0.004,0.03,0.01,-80.3058967,26.9272623,88.85
-14.1,4.7,0.0,21.0,-0.56,-2.88,-5.61,-0.32,1.64,-1.04,-0.0,8.652,8.388,8.437,8.368,13.05,7.36,11.67,19.52,-0.002,-0.0,0.004,-0.04,-0.01,-80.3058869,26.9272658,88.9
-15.8,5.1,0.0,20.97,-0.09,-2.82,-6.92,-0.27,-0.05,-1.06,0.03,9.202,11.056,6.406,7.142,8.04,10.1,14.62,13.05,-0.002,0.0,0.004,-0.07,-0.03,-80.3058771,26.9272692,88.95
-20.0,5.4,0.0,20.98,0.47,-3.27,-8.37,-0.14,-0.0,-1.08,0.03,6.043,10.379,7.985,8.898,6.67,12.26,14.52,15.6,-0.002,0.001,0.004,-0.02,-0.01,-80.3058672,26.9272726,89.0
-22.7,5.5,0.0,20.95,-0.25,-3.96,-9.39,0.22,0.08,-1.1,0.04,9.006,12.066,6.386,7.877,6.08,11.18,14.13,14.03,-0.003,0.001,0.004,-0.04,-0.02,-80.3058574,26.9272759,89.05
-26.4,6.0,0.0,20.96,0.17,-4.86,-11.07,-2.77,1.98,-1.2,0.08,6.288,8.77,7.21,8.24,7.16,12.16,14.03,17.76,-0.003,0.002,0.005,-0.04,-0.01,-80.3058475,26.9272791,89.1
-29.6,6.3,0.0,20.95,-0.93,-4.7,-12.6,-0.32,1.67,-1.23,0.13,7.603,11.772,6.406,6.828,7.95,13.73,5.1,10.69,-0.002,0.003,0.005,-0.06,-0.02,-80.3058376,26.9272822,89.15
-32.2,6.7,0.0,20.97,-0.12,-5.27,-13.8,-0.81,2.37,-1.27,0.22,7.573,7.23,7.191,9.604,12.95,9.61,12.65,18.64,-0.002,0.003,0.006,0.02,0.01,-80.3058277,26.9272853,89.2
-34.9,7.1,0.0,20.96,-0.39,-5.33,-15.32,-1.87,1.63,-1.34,0.31,10.693,9.457,5.307,7.034,14.91,9.52,17.17,7.46,-0.003,0.003,0.007,-0.02,-0.01,-80.3058177,26.9272882,89.25
-35.8,7.6,0.0,21.0,0.92,-5.88,-16.95,0.23,0.36,-1.4,0.35,8.417,8.378,6.759,7.613,16.09,7.55,17.27,16.68,-0.003,0.003,0.008,0.04,0.01,-80.3058077,26.9272911,89.3
-38.5,8.3,0.0,21.02,-0.07,-6.95,-17.1,-1.79,0.03,-1.43,0.34,9.555,10.713,6.583,5.621,14.91,8.73,8.83,13.83,-0.003,0.004,0.008,0.08,0.03,-80.3057976,26.9272938,89.35
-39.5,9.4,0.0,21.04,1.19,-6.4,-17.15,-0.52,1.02,-1.45,0.35,9.192,7.426,9.408,9.241,11.58,4.71,9.91,22.37,-0.003,0.004,0.008,0.09,0.03,-80.3057875,26.9272964,89.4
-42.7,10.4,0.0,21.12,1.06,-8.29,-17.22,-0.83,1.44,-1.44,0.38,9.27,8.456,8.103,7.828,7.46,9.42,13.05,15.3,-0.003,0.005,0.008,0.05,0.02,-80.3057773,26.9272989,89.45
-46.8,11.0,0.0,21.21,1.08,-5.63,-17.46,-1.16,0.77,-1.46,0.38,8.191,12.518,7.063,6.014,6.28,5.69,12.56,6.18,-0.003,0.005,0.008,0.15,0.06,-80.305767,26.9273012,89.5
-51.0,11.6,0.0,21.35,3.25,-5.73,-18.43,-1.8,0.88,-1.44,0.37,9.369,5.533,7.789,5.994,7.26,9.42,13.34,11.97,-0.002,0.006,0.009,0.2,0.07,-80.3057566,26.9273034,89.55
-51.7,11.9,0.0,21.48,2.56,-7.02,-20.09,0.02,1.25,-1.47,0.38,6.945,8.574,6.269,5.66,5.89,10.2,9.12,16.28,-0.001,0.007,0.009,0.27,0.1,-80.3057462,26.9273055,89.6
-51.2,12.1,0.0,21.59,2.2,-7.53,-21.09,-0.93,0.81,-1.49,0.4,10.006,12.125,10.526,9.015,7.85,9.12,17.27,14.03,-0.001,0.008,0.009,0.32,0.12,-80.3057356,26.9273074,89.65
-51.8,12.2,0.0,21.73,2.49,-8.09,-22.55,1.55,0.54,-1.48,0.39,10.654,9.781,8.446,7.642,14.72,10.5,12.07,19.62,-0.001,0.008,0.009,0.47,0.18,-80.305725,26.9273092,89.7
-53.3,12.0,0.0,21.86,2.08,-10.39,-23.23,-0.81,0.58,-1.5,0.39,8.397,8.142,9.467,6.857,16.19,12.46,31.59,14.42,-0.001,0.008,0.009,0.57,0.22,-80.3057142,26.9273109,89.75
-55.0,10.9,0.0,21.99,3.53,-8.25,-22.85,-1.0,0.57,-1.55,0.39,10.399,8.8,8.231,7.269,11.77,11.67,23.15,17.95,-0.002,0.008,0.009,0.65,0.25,-80.3057034,26.9273124,89.8
-54.5,9.8,0.0,22.1,2.18,-9.36,-23.33,-0.26,-0.37,-1.63,0.38,8.299,11.546,10.84,6.308,7.95,8.63,18.74,14.62,-0.002,0.009,0.009,0.72,0.28,-80.3056924,26.9273135,89.85
-54.5,9.1,0.0,22.19,1.66,-12.38,-23.02,0.8,1.87,-1.59,0.4,10.713,13.224,14.342,9.653,6.97,8.04,15.79,20.5,-0.002,0.009,0.01,0.63,0.24,-80.3056814,26.9273147,89.9
-54.3,8.8,0.0,22.26,1.4,-10.15,-21.54,0.05,2.27,-1.61,0.45,8.878,12.606,13.626,9.584,7.36,8.04,10.79,14.91,-0.002,0.009,0.011,0.75,0.29,-80.3056704,26.9273156,89.95
-54.1,8.6,0.0,22.32,1.5,-11.03,-21.13,0.19,3.7,-1.62,0.58,6.916,10.467,9.653,5.258,12.56,3.83,6.28,14.03,-0.002,0.009,0.012,0.63,0.24,-80.3056592,26.9273163,90.0
-54.0,8.5,0.0,22.4,2.0,-6.84,-21.72,-0.0,2.64,-1.64,0.66,12.204,6.004,10.546,7.24,14.22,13.44,3.92,12.16,-0.002,0.009,0.013,0.76,0.3,-80.3056481,26.9273168,90.05
-53.9,8.4,0.0,22.46,2.06,-7.42,-22.25,1.0,0.55,-1.64,0.72,13.96,3.914,9.938,8.299,11.97,10.59,8.73,0.59,-0.003,0.009,0.013,0.73,0.29,-80.3056368,26.9273172,90.1
-54.3,8.3,0.0,22.49,0.89,-8.54,-21.94,-0.67,1.28,-1.7,0.74,14.205,5.484,12.547,6.72,12.07,8.63,2.55,6.28,-0.003,0.009,0.013,0.75,0.29,-80.3056255,26.9273173,90.15
-55.7,8.2,0.0,22.56,1.12,-8.46,-21.9,1.58,0.1,-1.68,0.75,10.418,9.437,11.939,11.066,6.67,16.19,7.46,5.98,-0.003,0.009,0.013,0.76,0.3,-80.3056142,26.9273173,90.2
-60.1,8.0,0.0,22.6,0.19,-9.46,-21.25,0.79,0.39,-1.7,0.77,7.181,12.655,11.409,9.722,10.1,9.91,16.19,5.98,-0.003,0.009,0.013,0.71,0.28,-80.3056029,26.9273171,90.25
-65.3,8.0,0.0,22.65,1.69,-9.53,-22.0,-0.36,1.76,-1.76,0.83,10.889,15.049,6.347,4.954,6.77,10.5,18.05,9.81,-0.003,0.009,0.014,0.68,0.27,-80.3055916,26.9273166,90.3
-69.6,7.7,0.0,22.69,1.0,-8.8,-23.87,-2.38,0.37,-1.81,0.82,11.154,15.107,9.888,4.846,15.5,8.93,17.17,11.67,-0.003,0.009,0.014,0.77,0.3,-80.3055803,26.927316,90.35
-71.1,7.6,0.0,22.69,-0.48,-8.84,-25.17,-2.7,0.97,-1.88,0.81,8.672,13.126,9.781,5.651,6.57,7.75,18.15,7.75,-0.004,0.009,0.014,0.77,0.3,-80.3055689,26.9273152,90.4
-70.4,7.5,0.0,22.71,0.9,-8.33,-26.71,0.61,0.02,-1.92,0.79,10.399,13.185,9.888,6.72,8.04,7.95,16.09,9.61,-0.004,0.008,0.015,0.85,0.34,-80.3055576,26.9273141,90.45
-70.0,7.5,0.0,22.72,0.28,-13.03,-27.4,0.57,0.09,-1.94,0.78,9.673,12.684,15.039,11.301,14.32,3.92,12.95,13.24,-0.004,0.009,0.015,0.91,0.36,-80.3055462,26.9273128,90.5
-68.5,7.5,0.0,22.73,0.08,-12.02,-26.92,0.25,1.93,-1.91,0.79,8.348,11.978,13.685,7.21,9.22,11.48,17.76,9.61,-0.005,0.009,0.015,0.99,0.39,-80.3055349,26.9273113,90.55
-66.2,7.4,0.0,22.7,0.28,-9.14,-26.46,0.86,1.59,-1.87,0.83,12.331,5.66,11.546,8.878,17.56,12.26,11.97,7.65,-0.004,0.009,0.016,1.18,0.47,-80.3055237,26.9273096,90.6
-64.3,7.5,0.0,22.69,0.51,-10.12,-26.43,2.24,1.25,-1.83,0.89,12.478,6.936,9.79,4.67,10.01,13.54,13.64,5.4,-0.005,0.009,0.017,1.19,0.47,-80.3055126,26.9273077,90.65
-61.1,7.5,0.0,22.68,-0.12,-10.61,-26.96,1.67,1.27,-1.77,0.92,9.987,4.64,4.905,6.759,11.38,8.44,2.84,18.93,-0.005,0.009,0.018,1.31,0.52,-80.3055015,26.9273056,90.7
-59.5,7.5,0.0,22.69,0.35,-9.22,-26.41,3.06,-0.75,-1.73,0.91,7.926,7.848,7.72,7.465,9.71,14.52,8.73,1.08,-0.005,0.009,0.017,1.35,0.54,-80.3054904,26.9273032,90.75
-55.5,7.5,0.0,22.68,0.75,-8.89,-25.82,1.07,-0.3,-1.73,0.9,14.597,4.925,13.577,8.731,14.42,14.42,13.05,7.95,-0.005,0.009,0.018,1.4,0.56,-80.3054794,26.9273005,90.8
-49.8,7.5,0.0,22.67,0.5,-9.35,-23.56,4.22,-0.06,-1.6,0.87,13.116,10.713,12.91,7.828,15.7,15.3,13.24,5.3,-0.005,0.009,0.017,1.34,0.53,-80.3054685,26.9272977,90.85
-45.4,7.6,0.0,22.65,-0.94,-9.85,-21.52,1.97,1.11,-1.49,0.87,10.301,12.518,11.978,4.101,8.93,11.28,20.9,8.24,-0.005,0.008,0.017,1.28,0.51,-80.3054578,26.9272947,90.9
-43.6,7.9,0.0,22.64,-0.3,-8.57,-19.52,1.09,1.37,-1.34,0.88,10.369,17.266,7.995,5.729,5.98,10.3,14.03,11.48,-0.006,0.008,0.017,1.12,0.44,-80.305447,26.9272915,90.95
-47.1,8.3,0.0,22.63,-0.55,-9.91,-18.07,5.73,-0.48,-1.17,0.85,11.193,11.821,10.408,8.603,7.75,10.59,10.5,19.23,-0.005,0.008,0.016,0.87,0.34,-80.3054363,26.9272881,91.0
-55.6,8.4,0.0,22.64,0.27,-10.69,-18.15,0.43,0.02,-1.11,0.84,13.489,10.791,13.94,12.527,10.4,6.47,22.37,14.81,-0.005,0.007,0.015,0.63,0.25,-80.3054257,26.9272844,91.05
-64.9,9.0,0.0,22.64,1.06,-8.43,-19.93,0.87,-0.22,-1.07,0.78,8.417,11.949,13.773,11.193,15.11,7.55,14.91,15.99,-0.005,0.007,0.015,0.58,0.23,-80.3054152,26.9272806,91.1
-76.4,9.5,0.0,22.66,0.87,-8.26,-22.57,-0.08,-1.52,-1.06,0.72,11.164,6.465,14.038,4.964,14.52,9.71,8.53,11.38,-0.005,0.008,0.015,0.51,0.2,-80.3054047,26.9272766,91.15
-80.5,10.1,0.0,22.68,0.88,-8.94,-25.73,2.63,-0.16,-1.01,0.68,11.703,6.347,9.172,4.395,10.79,11.58,7.95,9.32,-0.005,0.008,0.015,0.55,0.22,-80.3053944,26.9272724,91.2
-81.6,10.7,0.0,22.7,0.01,-9.19,-27.83,-0.87,-0.23,-1.06,0.65,9.055,9.8,8.957,8.996,8.93,7.65,3.24,15.5,-0.005,0.008,0.015,0.59,0.23,-80.3053841,26.927268,91.25
-80.2,11.2,0.0,22.76,1.23,-11.05,-30.1,0.99,0.22,-1.04,0.63,8.78,10.438,10.193,7.976,10.89,13.83,25.6,16.97,-0.005,0.009,0.016,0.85,0.34,-80.305374,26.9272635,91.3
-76.4,12.0,0.0,22.84,2.82,-8.99,-31.67,-0.61,-0.91,-1.07,0.57,14.999,5.023,8.083,6.377,17.07,11.38,4.02,12.85,-0.004,0.009,0.016,1.23,0.49,-80.3053639,26.9272587,91.35
-69.1,12.9,0.0,22.89,0.87,-10.65,-32.73,0.29,-0.52,-1.06,0.52,9.074,13.4,11.919,9.123,10.4,9.81,19.82,-1.47,-0.004,0.009,0.015,1.49,0.6,-80.3053539,26.9272538,91.4
-61.4,13.6,0.0,22.98,2.08,-9.91,-32.43,0.66,-0.51,-1.1,0.47,11.242,4.944,8.495,5.562,12.36,9.03,17.76,-8.04,-0.004,0.01,0.016,1.83,0.73,-80.3053439,26.9272486,91.45
-58.2,14.0,0.0,23.04,1.9,-9.98,-31.41,-0.56,-0.24,-1.09,0.45,11.478,11.87,10.595,8.162,12.75,4.32,16.97,15.5,-0.004,0.01,0.016,2.08,0.84,-80.3053341,26.9272432,91.5
-51.2,14.3,0.0,23.11,1.91,-8.15,-30.6,-0.13,0.63,-1.12,0.47,9.015,13.293,12.145,10.232,11.48,13.24,9.32,15.5,-0.004,0.01,0.016,2.4,0.97,-80.3053244,26.9272375,91.55
-42.9,14.4,0.0,23.21,3.61,-11.44,-30.22,-0.42,0.4,-1.06,0.46,14.509,6.033,12.527,3.237,20.31,8.83,1.77,7.06,-0.004,0.01,0.016,2.56,1.04,-80.3053149,26.9272316,91.6
-30.0,14.4,0.0,23.29,1.14,-11.8,-29.31,1.98,-0.71,-0.94,0.39,8.868,8.937,10.742,4.758,13.05,12.65,17.76,12.16,-0.005,0.009,0.016,2.74,1.12,-80.3053054,26.9272255,91.65
-16.4,14.2,0.0,23.37,2.15,-7.4,-25.25,1.69,-1.32,-0.9,0.3,12.39,5.847,5.386,4.199,8.04,12.26,26.98,17.46,-0.005,0.009,0.015,2.93,1.2,-80.305296,26.9272192,91.7
-8.5,13.5,0.0,23.47,1.26,-10.58,-19.11,0.36,-0.97,-0.78,0.21,7.102,13.489,10.094,5.317,7.95,8.83,20.8,-1.67,-0.005,0.008,0.014,2.77,1.14,-80.3052868,26.9272127,91.75
-5.1,13.5,0.0,23.55,2.72,-9.57,-11.48,6.47,-1.73,-0.57,0.13,11.282,9.898,13.322,10.811,11.38,12.26,23.84,7.36,-0.005,0.008,0.013,2.34,0.96,-80.3052778,26.927206,91.8
-7.9,13.7,0.0,23.61,0.92,-6.86,-4.33,4.24,-1.58,-0.41,0.08,8.123,16.559,9.879,1.785,11.77,9.12,19.62,6.57,-0.005,0.007,0.012,1.69,0.7,-80.3052688,26.927199,91.85
-18.9,14.4,0.0,23.65,1.37,-5.27,-0.09,4.34,-0.28,-0.2,0.04,7.926,13.557,9.447,8.466,10.4,16.68,22.56,19.03,-0.005,0.006,0.011,0.97,0.4,-80.3052599,26.9271919,91.9
-29.9,15.2,0.0,23.72,1.58,-7.29,-2.09,4.35,-1.95,0.07,-0.06,11.89,10.85,8.839,2.835,7.95,11.09,11.09,9.12,-0.005,0.005,0.008,0.31,0.13,-80.3052511,26.9271847,91.95
-44.0,15.5,0.0,23.8,1.62,-7.47,-9.51,1.87,-3.65,0.27,-0.21,12.41,5.876,7.446,6.749,13.34,4.41,9.71,16.78,-0.004,0.004,0.006,-0.06,-0.02,-80.3052424,26.9271774,92.0
-50.9,15.7,0.0,23.9,1.74,-6.39,-17.86,-1.28,-3.13,0.26,-0.36,13.018,9.938,13.204,12.802,15.01,11.48,0.59,15.7,-0.004,0.005,0.005,-0.07,-0.03,-80.3052337,26.92717,92.05
-51.3,15.6,0.0,23.95,0.1,-7.61,-22.43,-4.2,-0.15,0.16,-0.42,2.943,15.686,11.134,8.397,6.47,9.22,5.49,4.12,-0.004,0.005,0.005,0.17,0.07,-80.3052252,26.9271624,92.1
-47.0,16.5,0.0,24.01,1.98,-7.74,-24.17,-2.3,0.64,0.02,-0.4,12.292,9.967,9.604,8.437,6.38,10.79,14.81,9.42,-0.005,0.006,0.006,0.43,0.18,-80.3052167,26.9271547,92.15
-41.2,17.3,0.0,24.09,1.51,-7.25,-23.32,1.71,-0.42,0.02,-0.41,10.811,5.552,11.743,8.486,8.93,11.09,12.75,9.61,-0.005,0.006,0.007,0.67,0.28,-80.3052084,26.9271469,92.2
-38.3,17.9,0.0,24.22,3.31,-7.25,-21.69,1.75,-1.08,0.12,-0.46,9.692,7.485,7.102,5.758,15.5,4.02,13.73,10.69,-0.004,0.006,0.008,0.92,0.39,-80.3052001,26.927139,92.25
-37.1,18.3,0.0,24.32,1.81,-9.2,-19.57,-2.41,0.42,0.13,-0.51,8.034,12.263,7.622,2.511,10.89,10.2,6.18,13.34,-0.003,0.007,0.008,0.89,0.38,-80.305192,26.9271309,92.3
-34.9,18.8,0.0,24.43,2.64,-9.91,-17.65,-0.28,0.71,0.1,-0.51,9.555,4.768,9.064,3.738,6.97,12.26,4.32,12.26,-0.003,0.008,0.008,0.87,0.37,-80.3051839,26.9271226,92.35
-35.1,19.5,0.0,24.56,2.84,-6.93,-16.61,1.84,-1.5,0.15,-0.53,7.446,8.898,7.014,4.689,14.62,12.07,5.1,10.89,-0.002,0.008,0.009,0.84,0.36,-80.305176,26.9271142,92.4
-39.5,20.3,0.0,24.68,2.42,-7.66,-15.9,0.82,-0.64,0.2,-0.52,8.898,8.358,4.022,2.58,10.2,10.99,8.53,7.06,-0.002,0.008,0.008,0.71,0.31,-80.3051682,26.9271056,92.45
-41.8,21.3,0.0,24.84,3.26,-5.11,-15.98,-2.36,0.75,0.17,-0.51,6.327,9.29,8.427,3.502,4.22,14.72,14.42,25.11,-0.002,0.008,0.008,0.71,0.31,-80.3051605,26.9270968,92.5
-41.5,22.5,0.0,24.98,2.97,-7.84,-17.07,-1.18,0.3,0.12,-0.5,8.868,8.388,11.232,2.394,9.81,10.4,3.53,13.64,-0.002,0.008,0.008,0.68,0.29,-80.3051529,26.9270879,92.55
-39.2,23.1,0.0,25.13,3.52,-9.71,-18.76,0.3,0.01,0.12,-0.47,10.448,6.318,9.741,8.289,13.24,10.1,3.53,15.11,-0.002,0.008,0.008,0.7,0.31,-80.3051455,26.9270789,92.6
-34.6,23.1,0.0,25.29,3.86,-8.27,-19.04,0.27,-0.81,0.14,-0.45,10.202,8.907,9.094,7.603,9.32,10.89,10.69,11.38,-0.002,0.008,0.008,0.71,0.31,-80.3051382,26.9270696,92.65
-32.5,23.3,0.0,25.44,2.16,-5.86,-18.61,1.29,-0.55,0.16,-0.45,10.31,8.672,6.023,5.611,9.22,13.54,16.97,6.67,-0.002,0.008,0.008,0.93,0.41,-80.3051309,26.9270602,92.7
-32.6,23.4,0.0,25.6,3.62,-7.83,-16.85,0.6,-0.39,0.18,-0.49,9.584,6.484,8.545,3.659,11.97,8.53,19.03,15.01,-0.002,0.008,0.008,0.96,0.43,-80.3051237,26.9270507,92.75
-33.8,24.3,0.0,25.76,3.37,-8.26,-15.08,-2.76,0.97,0.14,-0.49,8.849,11.046,11.497,8.672,6.97,8.44,12.16,11.18,-0.002,0.008,0.007,0.89,0.4,-80.3051167,26.927041,92.8
-34.6,25.8,0.0,25.9,3.06,-8.38,-15.11,2.43,0.26,0.2,-0.45,7.789,8.358,5.827,4.101,8.93,9.22,9.22,5.1,-0.001,0.009,0.007,0.76,0.35,-80.3051098,26.9270311,92.85
-33.0,26.5,0.0,26.08,4.05,-4.42,-15.34,-0.6,0.16,0.2,-0.42,6.641,9.673,9.673,5.327,11.09,14.22,14.42,11.28,-0.002,0.008,0.008,0.74,0.34,-80.305103,26.9270212,92.9
-27.5,26.8,0.0,26.24,3.91,-5.84,-16.2,2.01,-0.96,0.28,-0.43,8.917,7.328,6.092,8.191,7.85,11.28,27.76,10.01,-0.002,0.008,0.007,0.88,0.4,-80.3050963,26.927011,92.95
-25.4,27.0,0.0,26.4,2.29,-8.04,-14.84,0.49,-0.9,0.32,-0.49,6.308,8.574,12.38,5.69,10.2,12.85,14.32,15.7,-0.002,0.008,0.007,0.79,0.36,-80.3050897,26.9270008,93.0
-25.4,28.6,0.0,26.56,2.68,-6.93,-12.99,-0.25,0.55,0.35,-0.51,8.564,9.761,11.075,5.062,11.18,10.79,5.4,23.15,-0.001,0.008,0.005,0.75,0.35,-80.3050833,26.9269904,93.05
-25.2,31.3,0.0,26.73,4.63,-6.25,-12.39,0.36,0.81,0.37,-0.47,16.893,2.04,4.238,9.977,10.2,7.36,16.19,12.16,-0.001,0.007,0.005,0.65,0.3,-80.3050769,26.9269798,93.1
-25.7,33.3,0.0,26.9,4.4,-5.82,-12.57,1.93,-0.96,0.39,-0.45,11.085,4.169,7.985,8.78,12.56,12.16,14.52,15.5,-0.001,0.008,0.006,0.6,0.28,-80.3050706,26.9269691,93.15
-27.1,35.2,0.0,27.08,3.8,-7.62,-12.5,-1.2,-0.43,0.4,-0.46,7.357,13.096,10.693,3.159,8.73,15.5,9.03,-1.86,-0.001,0.008,0.005,0.64,0.3,-80.3050645,26.9269582,93.2
-26.9,36.4,0.0,27.27,3.76,-6.2,-12.99,1.22,-0.68,0.43,-0.46,7.436,13.538,7.151,3.326,10.59,9.32,12.75,-2.35,-0.001,0.008,0.005,0.62,0.3,-80.3050584,26.9269473,93.25
-26.2,37.6,0.0,27.46,4.5,-5.62,-13.33,-0.18,-0.14,0.4,-0.47,9.094,9.584,10.193,4.571,10.79,10.2,14.72,13.93,-0.001,0.008,0.005,0.72,0.34,-80.3050524,26.9269362,93.3
-25.9,37.9,0.0,27.65,3.86,-8.47,-13.49,-1.53,0.01,0.38,-0.48,6.808,8.701,10.016,3.218,7.36,13.34,8.44,11.67,-0.0,0.008,0.005,0.73,0.35,-80.3050466,26.926925,93.35
-26.1,38.1,0.0,27.82,3.54,-6.42,-13.1,1.81,-0.22,0.4,-0.46,7.995,10.428,9.221,8.123,9.61,9.81,7.46,-3.04,-0.0,0.008,0.005,0.68,0.33,-80.3050408,26.9269136,93.4
-24.6,39.1,0.0,28.01,4.72,-5.55,-13.41,-0.32,0.43,0.35,-0.4,7.799,9.172,4.954,7.416,7.55,17.76,23.05,9.42,-0.001,0.008,0.005,0.77,0.37,-80.3050351,26.9269021,93.45
-24.0,40.0,0.0,28.2,4.45,-7.4,-13.75,1.25,-0.88,0.36,-0.4,9.084,8.996,4.846,6.563,16.48,10.69,9.22,14.03,-0.001,0.008,0.005,0.82,0.4,-80.3050296,26.9268905,93.5
-24.8,40.7,0.0,28.38,3.66,-7.19,-13.83,-0.54,-1.46,0.4,-0.45,9.653,6.475,4.974,8.25,11.18,5.4,10.1,5.3,-0.001,0.008,0.005,0.86,0.43,-80.3050241,26.9268787,93.55
-23.7,41.4,0.0,28.56,4.05,-5.07,-12.92,2.62,-0.11,0.41,-0.45,10.889,3.855,6.239,8.397,13.54,3.73,5.3,24.53,-0.001,0.008,0.005,0.86,0.43,-80.3050188,26.9268668,93.6
-23.0,42.4,0.0,28.74,2.65,-7.47,-12.33,0.97,0.72,0.4,-0.42,9.947,5.317,7.093,6.161,9.32,10.3,5.69,18.34,-0.001,0.008,0.005,0.77,0.39,-80.3050135,26.9268548,93.65
-22.9,44.0,0.0,28.95,4.84,-3.7,-12.36,2.56,-1.25,0.42,-0.45,8.388,10.222,10.31,3.885,11.77,14.32,14.13,13.05,-0.0,0.008,0.005,0.81,0.41,-80.3050084,26.9268426,93.7
-23.2,46.5,0.0,29.15,5.38,-5.67,-12.53,1.52,-2.43,0.43,-0.48,3.277,8.947,11.399,1.167,9.81,10.99,12.16,10.1,-0.0,0.008,0.005,0.78,0.39,-80.3050034,26.9268304,93.75
-23.0,50.0,0.0,29.3,3.54,-7.89,-11.73,-2.01,0.54,0.37,-0.47,6.769,7.956,5.454,9.172,9.32,12.26,2.55,3.92,-0.0,0.008,0.005,0.74,0.38,-80.3049985,26.926818,93.8
-22.5,52.5,0.0,29.54,4.85,-3.34,-11.26,0.3,1.69,0.4,-0.46,8.77,6.151,7.662,6.131,7.06,12.56,11.48,20.31,0.0,0.009,0.004,0.84,0.43,-80.3049938,26.9268053,93.85
-22.5,54.8,0.0,29.75,3.41,-7.94,-11.83,-3.75,1.89,0.4,-0.44,9.31,10.82,9.977,2.07,15.79,14.62,1.77,3.73,0.0,0.009,0.005,0.76,0.4,-80.3049891,26.9267926,93.9
-22.6,57.9,0.0,29.95,4.09,-6.9,-12.82,-1.07,-0.42,0.44,-0.45,4.405,5.101,2.06,3.895,8.24,4.41,20.9,12.46,0.0,0.008,0.005,0.8,0.42,-80.3049845,26.9267798,93.95
-22.4,61.7,0.0,30.2,5.19,-5.46,-13.15,1.66,-1.76,0.47,-0.51,7.25,8.446,7.514,4.473,12.85,10.5,7.16,13.24,0.0,0.008,0.004,0.94,0.49,-80.3049801,26.9267669,94.0
-21.8,64.2,0.0,30.44,5.21,-6.86,-12.3,1.69,-3.37,0.42,-0.58,9.143,7.662,5.582,2.982,13.05,16.48,23.25,2.26,0.001,0.009,0.004,0.89,0.47,-80.3049758,26.9267538,94.05
-20.7,65.6,0.0,30.68,5.21,-5.82,-12.04,-3.8,2.29,0.33,-0.52,14.175,2.04,7.22,2.963,12.65,7.85,1.37,6.97,0.001,0.009,0.004,0.98,0.53,-80.3049716,26.9267405,94.1
-20.2,65.8,0.0,30.92,5.07,-6.21,-12.31,-2.08,-0.24,0.35,-0.55,8.162,10.232,7.387,5.906,17.66,-0.2,11.09,11.87,0.001,0.009,0.004,0.91,0.49,-80.3049676,26.9267272,94.15
-19.7,66.1,0.0,31.18,6.04,-3.68,-12.77,0.44,-1.06,0.37,-0.55,8.182,5.572,10.408,5.16,8.14,5.98,-2.84,13.83,0.001,0.009,0.004,1.12,0.61,-80.3049636,26.9267136,94.2
-19.0,66.0,0.0,31.41,5.1,-6.49,-12.54,1.73,-1.96,0.35,-0.57,7.23,1.373,3.885,5.189,11.28,12.85,22.27,5.69,0.001,0.01,0.004,1.11,0.61,-80.3049597,26.9267,94.25
-17.9,64.7,0.0,31.67,4.88,-7.94,-11.41,-5.57,0.77,0.26,-0.57,4.405,9.447,7.191,0.844,9.81,14.03,3.63,-5.49,0.001,0.01,0.004,1.11,0.61,-80.304956,26.9266862,94.3
-16.9,62.6,0.0,31.9,4.83,-6.31,-11.34,-0.64,1.24,0.31,-0.55,5.7,2.158,4.365,2.776,11.58,6.57,22.96,11.87,0.001,0.009,0.004,1.06,0.59,-80.3049524,26.9266722,94.35
-16.1,57.9,0.0,32.12,4.46,-7.92,-10.36,1.88,-0.27,0.33,-0.57,8.28,4.248,13.155,4.621,16.28,6.28,2.16,22.46,0.0,0.009,0.004,1.05,0.59,-80.3049489,26.9266581,94.4
-15.5,55.1,0.0,32.38,5.74,-5.59,-10.34,-1.37,-2.24,0.35,-0.64,10.624,7.514,4.807,2.119,14.62,6.57,20.11,5.98,0.001,0.009,0.003,0.99,0.56,-80.3049456,26.9266438,94.45
-15.7,53.6,0.0,32.58,4.19,-5.08,-8.2,1.85,-0.03,0.39,-0.61,2.796,11.635,3.453,2.06,4.91,15.3,10.5,14.42,0.001,0.009,0.003,0.92,0.52,-80.3049424,26.9266294,94.5
-15.1,52.0,0.0,32.78,5.97,-2.38,-7.32,6.06,-0.07,0.46,-0.58,6.386,2.59,2.158,4.503,9.71,17.07,13.54,18.64,0.0,0.009,0.003,0.89,0.51,-80.3049393,26.926615,94.55
-15.2,49.7,0.0,32.95,3.23,-3.86,-7.65,-1.68,0.66,0.51,-0.58,2.698,13.047,4.581,7.044,7.65,12.85,11.87,6.57,0.001,0.008,0.003,0.77,0.45,-80.3049364,26.9266004,94.6
-15.7,46.0,0.0,33.16,3.26,-3.39,-8.45,1.58,-1.42,0.6,-0.65,5.523,13.293,8.545,3.924,5.4,10.69,9.12,6.18,0.001,0.008,0.003,0.69,0.4,-80.3049336,26.9265857,94.65
-16.3,37.9,0.0,33.33,3.25,-4.76,-8.2,-3.85,0.88,0.51,-0.62,10.614,9.967,6.023,-0.785,16.58,3.34,14.91,0.98,0.001,0.008,0.003,0.63,0.37,-80.3049308,26.9265709,94.7
-17.0,22.2,0.0,33.45,1.9,-6.88,-8.45,-1.86,2.02,0.53,-0.56,9.663,0.314,7.76,7.122,14.03,5.2,9.03,8.53,0.0,0.008,0.003,0.6,0.35,-80.3049282,26.9265561,94.75
-17.6,1.3,0.0,33.5,0.7,-6.87,-8.38,2.32,0.48,0.6,-0.5,11.075,5.072,8.123,8.741,11.09,13.73,14.22,18.74,0.0,0.008,0.004,0.55,0.32,-80.3049258,26.9265411,94.8
-18.7,1.3,0.0,33.46,-1.09,-7.31,-8.36,-7.79,6.0,0.46,-0.32,8.339,3.267,10.006,7.25,8.04,16.58,12.75,10.89,-0.001,0.007,0.005,0.56,0.33,-80.3049235,26.9265262,94.85
-17.8,1.3,0.0,33.4,-1.65,-7.84,-9.53,-0.9,5.33,0.43,-0.1,7.534,7.877,11.311,9.261,5.89,10.79,15.7,5.98,-0.003,0.006,0.007,0.52,0.3,-80.3049213,26.9265113,94.9
-17.0,1.3,0.0,33.37,-0.69,-6.06,-10.7,2.92,2.74,0.46,0.06,8.025,11.164,9.516,6.465,7.46,6.38,18.93,8.93,-0.004,0.005,0.009,0.58,0.34,-80.3049192,26.9264963,94.95
-16.3,1.3,0.0,33.35,0.79,-3.12,-11.16,2.67,-0.08,0.49,0.1,10.085,13.253,6.641,6.985,7.36,7.16,5.59,15.5,-0.004,0.004,0.009,0.72,0.42,-80.3049172,26.9264814,95.0
-15.8,1.3,0.0,33.28,-0.54,-3.23,-11.68,2.78,-2.59,0.47,0.06,8.525,7.956,6.19,5.121,15.3,4.02,12.95,20.11,-0.004,0.004,0.009,0.71,0.41,-80.3049154,26.9264665,95.05
-16.3,1.5,0.0,33.23,-0.65,-4.19,-10.66,0.49,-2.13,0.39,0.03,9.447,14.136,6.838,7.887,14.52,12.07,6.38,14.62,-0.004,0.004,0.009,0.78,0.45,-80.3049138,26.9264516,95.1
-16.4,1.6,0.0,33.15,-1.24,-4.82,-9.47,-4.1,1.17,0.32,0.06,10.575,10.075,12.292,11.144,9.71,17.66,16.78,4.81,-0.004,0.004,0.009,0.78,0.45,-80.3049123,26.9264367,95.15
-15.5,2.8,0.0,32.93,-5.53,-5.96,-8.68,1.54,3.98,0.36,0.19,9.378,7.554,8.996,2.05,7.55,17.85,11.67,4.91,-0.004,0.004,0.01,0.67,0.38,-80.304911,26.9264219,95.2
-14.3,24.0,0.0,32.71,-4.18,-7.29,-8.76,1.22,4.15,0.44,0.38,12.174,9.064,5.042,1.472,12.75,5.59,8.83,22.07,-0.006,0.002,0.011,0.7,0.4,-80.3049098,26.9264071,95.25
-14.0,40.1,0.0,32.74,3.05,-5.47,-11.53,-4.09,-1.98,0.43,0.37,13.145,10.026,4.199,2.315,9.22,9.71,7.65,6.77,-0.006,0.0,0.011,0.7,0.4,-80.3049087,26.9263924,95.3
-15.3,39.0,0.0,32.97,1.82,-4.18,-13.47,-2.1,-9.22,0.35,0.03,4.758,11.694,2.305,6.494,-1.18,8.34,11.48,-1.28,-0.005,0.003,0.008,0.82,0.47,-80.3049078,26.9263776,95.35
-15.0,40.3,0.0,33.07,3.26,-4.89,-10.7,-3.07,-6.2,0.25,-0.34,9.408,3.11,7.613,4.101,11.48,6.87,14.62,20.7,-0.002,0.005,0.007,0.91,0.53,-80.3049071,26.9263628,95.4
-15.1,52.9,0.0,33.24,4.7,-4.4,-7.88,1.46,-4.23,0.19,-0.57,3.502,6.69,4.65,5.974,14.62,10.1,8.34,12.65,0.0,0.008,0.005,0.97,0.56,-80.3049065,26.9263478,95.45
-15.1,59.1,0.0,33.42,5.89,-2.29,-6.82,5.32,-2.77,0.22,-0.64,8.682,11.497,3.738,5.945,8.83,16.19,19.42,19.42,0.0,0.008,0.005,0.85,0.5,-80.304906,26.9263328,95.5
-15.6,62.9,0.0,33.63,5.36,-3.7,-7.12,2.21,-1.39,0.27,-0.68,5.415,5.523,11.458,6.583,4.61,12.46,6.08,22.27,0.001,0.008,0.005,0.8,0.47,-80.3049056,26.9263177,95.55
-15.2,67.3,0.0,33.82,4.89,-1.18,-8.18,2.89,0.32,0.34,-0.71,2.894,11.252,6.936,5.847,8.53,10.5,16.58,4.61,0.001,0.008,0.003,0.82,0.48,-80.3049053,26.9263025,95.6
-14.8,74.8,0.0,34.03,4.58,-4.65,-8.4,2.33,1.03,0.35,-0.69,3.414,9.015,6.818,6.651,7.55,8.24,9.12,11.38,0.002,0.008,0.004,0.77,0.46,-80.3049052,26.9262873,95.65
-13.9,77.5,0.0,34.28,6.55,-4.21,-8.95,2.51,-0.06,0.33,-0.71,6.121,8.015,5.494,3.404,12.46,5.2,4.32,20.5,0.002,0.008,0.003,0.79,0.47,-80.3049052,26.9262719,95.7
-12.8,76.3,0.0,34.51,6.92,-2.92,-9.58,4.9,-3.72,0.31,-0.74,9.604,8.751,1.001,4.974,15.4,7.65,10.69,20.6,0.002,0.008,0.003,0.88,0.53,-80.3049053,26.9262564,95.75
-12.4,72.7,0.0,34.72,4.94,-5.67,-8.65,1.69,-2.85,0.22,-0.76,8.78,4.611,0.824,3.188,15.79,12.36,-1.08,6.28,0.002,0.009,0.003,0.82,0.5,-80.3049055,26.9262408,95.8
-12.1,69.8,0.0,34.93,4.04,-6.43,-7.35,0.4,-0.71,0.16,-0.72,7.142,4.052,5.543,5.69,14.32,17.36,10.2,5.98,0.002,0.009,0.003,0.8,0.48,-80.3049059,26.9262251,95.85
-11.6,70.8,0.0,35.13,3.87,-3.99,-6.96,-1.85,0.95,0.11,-0.65,6.327,9.055,8.819,5.258,10.3,18.44,26.09,1.86,0.002,0.009,0.004,0.74,0.46,-80.3049063,26.9262093,95.9
-11.9,77.0,0.0,35.33,3.61,-6.12,-6.53,1.04,1.29,0.12,-0.63,9.3,8.868,8.662,6.112,7.06,9.71,16.28,3.53,0.002,0.008,0.004,0.75,0.47,-80.3049069,26.9261933,95.95
-11.4,83.3,0.0,35.56,5.03,-6.44,-7.43,-0.82,-0.45,0.08,-0.67,8.77,4.002,8.976,4.66,8.83,6.67,16.09,2.94,0.002,0.008,0.003,0.77,0.48,-80.3049077,26.9261774,96.0
-10.6,90.3,0.0,35.77,6.08,-4.63,-7.06,-0.33,-1.14,0.03,-0.68,10.84,4.385,8.015,4.405,17.56,9.22,11.77,0.1,0.002,0.008,0.003,0.73,0.46,-80.3049086,26.9261613,96.05
-9.9,95.3,0.0,35.99,5.96,-2.81,-7.41,2.15,-1.04,0.01,-0.66,8.888,9.967,5.396,4.061,16.28,6.97,19.33,11.28,0.002,0.008,0.003,0.8,0.51,-80.3049096,26.9261452,96.1
-9.2,97.5,0.0,36.2,4.62,-4.15,-6.83,2.21,-2.91,-0.02,-0.69,8.24,6.514,-1.02,-0.981,14.42,8.34,11.48,2.65,0.003,0.009,0.003,0.76,0.48,-80.3049106,26.9261289,96.15
-8.5,99.0,0.0,36.36,1.91,-5.04,-5.62,-2.88,1.06,-0.11,-0.66,7.671,4.101,3.953,1.04,4.91,4.22,9.91,0.0,0.003,0.009,0.003,0.72,0.46,-80.3049118,26.9261126,96.2
-7.9,100.0,0.0,36.59,3.8,-5.4,-5.08,-0.4,1.87,-0.12,-0.59,5.945,6.21,5.268,7.034,0.69,13.05,18.54,-0.88,0.003,0.008,0.003,0.64,0.41,-80.3049131,26.9260962,96.25
-7.8,100.0,0.0,36.77,2.46,-4.28,-5.58,-0.23,2.1,-0.13,-0.56,8.554,10.575,6.573,9.79,1.57,13.93,26.68,14.91,0.002,0.008,0.003,0.67,0.43,-80.3049145,26.9260797,96.3
-7.6,100.0,0.0,37.01,5.16,-0.43,-5.79,3.91,-0.07,-0.16,-0.59,5.69,7.377,1.285,3.012,3.83,13.54,7.36,12.16,0.002,0.007,0.003,0.72,0.46,-80.304916,26.9260631,96.35
-6.8,100.0,0.0,37.18,4.15,-2.38,-5.4,0.68,0.86,-0.25,-0.61,10.428,4.081,2.011,-0.02,11.97,9.61,4.22,10.59,0.002,0.008,0.002,0.71,0.46,-80.3049176,26.9260465,96.4
-6.2,100.0,0.0,37.42,6.31,-4.43,-4.77,3.0,-1.67,-0.27,-0.61,13.302,6.975,13.695,5.101,13.24,13.54,12.07,22.86,0.003,0.008,0.003,0.63,0.41,-80.3049193,26.9260297,96.45
-5.9,100.0,0.0,37.61,5.79,-1.7,-4.45,-0.7,-1.22,-0.34,-0.6,4.709,11.537,2.531,-2.364,11.67,19.03,9.32,14.03,0.003,0.008,0.002,0.71,0.47,-80.3049211,26.9260129,96.5
-5.4,100.0,0.0,37.81,3.24,-2.54,-3.68,-4.78,1.9,-0.39,-0.57,8.829,2.825,7.789,2.963,13.73,13.44,8.93,27.17,0.004,0.008,0.002,0.67,0.44,-80.304923,26.925996,96.55
-4.2,100.0,0.0,38.05,2.2,-4.68,-3.71,-5.24,0.96,-0.42,-0.6,13.204,8.034,9.575,2.619,12.85,17.85,12.75,6.38,0.004,0.008,0.002,0.64,0.43,-80.304925,26.925979,96.6
-3.4,98.0,0.0,38.27,4.94,-0.26,-3.76,-3.09,0.47,-0.44,-0.62,8.25,9.692,4.189,4.905,13.54,11.18,12.95,9.03,0.004,0.008,0.002,0.67,0.45,-80.304927,26.9259619,96.65
-2.0,95.0,0.0,38.44,1.53,-3.61,-2.87,-3.97,2.25,-0.5,-0.55,4.415,2.403,3.355,2.943,13.64,6.47,11.58,8.24,0.004,0.007,0.002,0.55,0.37,-80.3049292,26.9259447,96.7
-1.1,91.9,0.0,38.69,3.57,-0.78,-2.88,0.5,-1.32,-0.5,-0.6,9.741,9.202,9.349,6.475,12.07,10.3,20.21,4.81,0.003,0.007,0.001,0.53,0.36,-80.3049314,26.9259274,96.75
-0.7,89.2,0.0,38.9,4.89,-2.02,-1.52,2.76,-1.68,-0.48,-0.62,4.159,10.722,2.923,2.59,15.79,7.95,18.15,7.36,0.003,0.007,0.0,0.44,0.3,-80.3049336,26.92591,96.8
-0.5,88.2,0.0,39.11,3.71,-2.14,-1.18,-1.26,0.91,-0.49,-0.59,11.232,1.118,12.419,4.591,16.58,6.18,19.82,16.78,0.004,0.007,0.0,0.44,0.3,-80.3049359,26.9258925,96.85
0.0,86.6,0.0,39.35,4.61,-0.88,-0.74,-0.79,-1.12,-0.44,-0.63,7.505,9.761,6.151,1.079,10.3,8.24,7.16,10.01,0.004,0.007,0.0,0.42,0.29,-80.3049383,26.9258749,96.9
0.4,85.6,0.0,39.54,1.94,-2.79,-1.2,-2.19,0.93,-0.44,-0.61,6.161,5.101,-0.118,8.074,12.16,9.03,3.63,5.98,0.005,0.007,-0.0,0.33,0.23,-80.3049407,26.9258572,96.95
1.2,85.3,0.0,39.77,3.91,1.93,-0.63,4.67,-0.97,-0.37,-0.65,6.72,9.879,-0.903,1.697,13.73,7.65,6.97,12.46,0.005,0.007,-0.0,0.41,0.29,-80.3049432,26.9258395,97.0
2.3,85.3,0.0,39.98,4.57,-1.62,-0.2,4.44,-1.53,-0.35,-0.63,6.043,4.944,3.551,1.982,17.66,11.38,1.96,6.38,0.005,0.007,-0.0,0.32,0.22,-80.3049458,26.9258216,97.05
2.7,84.7,0.0,40.21,3.8,0.43,0.48,-1.73,-0.37,-0.37,-0.61,9.369,5.013,7.289,4.562,19.42,11.97,-2.84,21.19,0.005,0.007,-0.001,0.3,0.21,-80.3049483,26.9258037,97.1
2.7,84.4,0.0,40.4,2.62,-1.98,0.8,-2.82,1.12,-0.36,-0.56,9.535,5.503,4.768,2.923,16.48,9.42,1.67,5.3,0.005,0.007,-0.001,0.2,0.14,-80.3049508,26.9257856,97.15
2.7,84.2,0.0,40.64,3.71,-0.22,1.39,1.74,-0.4,-0.32,-0.57,6.465,7.318,2.698,0.481,16.09,12.85,4.91,15.99,0.006,0.007,-0.001,0.21,0.15,-80.3049534,26.9257675,97.2
3.0,83.7,0.0,40.85,5.54,1.31,1.53,2.71,-0.8,-0.29,-0.56,9.565,4.434,2.188,4.258,16.97,13.05,7.16,25.6,0.005,0.006,-0.001,0.18,0.13,-80.304956,26.9257492,97.25
3.3,83.4,0.0,41.07,5.34,-0.05,1.66,-4.83,0.85,-0.36,-0.58,9.359,6.004,1.354,3.59,13.34,12.46,5.98,15.7,0.005,0.006,-0.002,0.09,0.06,-80.3049585,26.9257309,97.3
3.0,83.3,0.0,41.28,4.23,2.47,1.29,0.66,0.49,-0.33,-0.59,-1.834,9.8,6.386,4.091,7.95,20.8,14.91,14.32,0.006,0.006,-0.003,0.08,0.06,-80.3049611,26.9257125,97.35
3.0,83.1,0.0,41.49,5.78,0.44,1.52,5.13,-3.15,-0.28,-0.6,6.838,6.484,6.249,5.062,0.59,17.46,15.5,15.5,0.006,0.006,-0.002,0.14,0.1,-80.3049636,26.9256939,97.4
3.0,83.0,0.0,41.7,4.12,0.36,2.19,-5.58,1.14,-0.38,-0.6,3.983,4.738,4.415,0.716,-1.08,12.56,14.62,15.21,0.006,0.006,-0.003,0.09,0.06,-80.3049661,26.9256753,97.45
2.1,83.2,0.0,41.9,3.98,2.42,2.02,-1.73,0.8,-0.38,-0.57,3.061,4.64,5.611,8.456,-4.71,8.93,20.11,7.36,0.006,0.005,-0.003,0.1,0.07,-80.3049687,26.9256566,97.5
2.0,83.3,0.0,42.13,5.74,1.26,1.4,0.08,-1.68,-0.42,-0.6,8.8,7.838,8.682,7.416,4.12,7.55,17.27,19.91,0.006,0.005,-0.003,0.08,0.06,-80.3049711,26.9256377,97.55
1.8,83.6,0.0,42.34,4.76,-0.32,1.35,-5.51,0.57,-0.51,-0.64,4.679,5.082,7.328,2.031,9.52,5.1,8.24,14.62,0.006,0.005,-0.004,0.02,0.01,-80.3049735,26.9256188,97.6
2.0,84.0,0.0,42.54,3.13,0.43,1.41,-1.85,0.72,-0.52,-0.63,6.985,5.454,0.402,-1.01,12.65,8.53,6.77,16.28,0.006,0.005,-0.003,0.09,0.07,-80.304976,26.9255998,97.65
2.6,83.8,0.0,42.76,5.42,2.31,0.97,3.43,-1.4,-0.52,-0.63,4.061,6.484,-1.844,6.004,17.46,9.22,12.46,11.18,0.006,0.006,-0.003,0.09,0.06,-80.3049785,26.9255805,97.7
2.5,83.8,0.0,42.95,3.34,-0.43,1.02,-1.09,0.32,-0.6,-0.6,4.797,7.407,4.611,4.895,8.34,8.14,13.54,19.42,0.007,0.006,-0.003,0.06,0.04,-80.3049809,26.9255613,97.75
3.1,83.7,0.0,43.19,5.75,0.2,1.25,0.01,-1.48,-0.67,-0.62,4.326,-0.952,3.561,3.031,8.34,7.46,5.4,17.27,0.007,0.006,-0.003,0.09,0.07,-80.3049833,26.925542,97.8
2.5,83.7,0.0,43.39,5.15,1.15,1.57,-4.24,0.58,-0.79,-0.6,7.22,8.927,9.055,1.422,15.4,5.59,6.28,21.97,0.007,0.006,-0.003,0.07,0.06,-80.3049857,26.9255226,97.85
2.4,83.6,0.0,43.59,3.53,0.72,1.32,-0.72,-0.09,-0.86,-0.6,0.893,9.516,5.513,6.043,16.87,14.03,-2.55,9.03,0.007,0.006,-0.003,0.01,0.01,-80.3049881,26.9255031,97.9
2.1,83.6,0.0,43.82,4.17,1.77,1.06,1.2,-0.31,-0.84,-0.6,4.277,8.034,1.717,1.57,11.87,20.31,-5.59,2.26,0.007,0.006,-0.003,0.11,0.09,-80.3049905,26.9254834,97.95
2.0,83.5,0.0,44.04,5.83,3.41,0.79,1.28,-0.24,-0.89,-0.57,0.765,10.693,7.76,1.707,0.69,18.84,2.55,-0.2,0.006,0.005,-0.003,0.1,0.08,-80.3049929,26.9254637,98.0
2.1,82.9,0.0,44.24,5.39,0.32,0.93,3.24,-1.07,-0.94,-0.59,5.386,4.159,10.713,3.561,4.71,9.71,11.28,11.09,0.006,0.005,-0.003,0.04,0.03,-80.3049952,26.9254439,98.05
1.8,82.6,0.0,44.43,3.62,1.1,1.56,-5.48,1.2,-1.06,-0.57,6.877,1.638,2.815,4.699,8.93,7.65,15.99,10.59,0.006,0.006,-0.003,0.13,0.1,-80.3049976,26.925424,98.1
2.4,82.2,0.0,44.64,3.89,-0.38,1.33,1.79,-0.69,-1.04,-0.6,2.551,1.207,4.316,3.237,13.54,7.65,10.5,23.45,0.006,0.006,-0.003,0.08,0.06,-80.3049999,26.925404,98.15
3.0,81.9,0.0,44.82,3.95,1.09,1.36,-2.0,-0.04,-1.11,-0.59,3.208,-0.206,3.532,3.129,11.77,0.98,19.72,17.27,0.007,0.006,-0.003,0.05,0.04,-80.3050022,26.925384,98.2
2.6,80.7,0.0,45.03,3.81,-0.77,2.17,-0.37,-0.03,-1.21,-0.6,7.269,-0.078,6.533,5.572,18.54,7.65,22.17,29.04,0.007,0.006,-0.003,0.09,0.07,-80.3050045,26.9253638,98.25
1.8,80.1,0.0,45.22,2.88,1.54,1.77,-5.98,2.79,-1.31,-0.57,3.522,1.57,3.855,1.432,13.34,11.87,23.35,18.84,0.006,0.006,-0.003,0.09,0.07,-80.3050068,26.9253435,98.3
1.8,79.8,0.0,45.41,3.52,-1.35,1.56,-2.9,2.29,-1.29,-0.58,5.866,4.179,4.13,4.356,7.26,13.73,6.28,17.27,0.007,0.006,-0.003,0.01,0.01,-80.305009,26.9253232,98.35
1.8,78.7,0.0,45.6,3.44,1.1,0.92,-1.6,0.88,-1.34,-0.58,3.747,6.504,7.75,1.727,4.22,10.89,13.15,21.29,0.007,0.006,-0.003,-0.01,-0.01,-80.3050113,26.9253027,98.4
1.2,78.5,0.0,45.78,2.98,0.69,1.42,-1.8,0.72,-1.41,-0.58,9.673,1.148,-2.766,5.582,15.4,8.44,27.27,26.59,0.006,0.006,-0.003,0.06,0.05,-80.3050135,26.9252822,98.45
1.8,78.3,0.0,45.95,1.52,-2.15,1.12,-8.11,2.88,-1.54,-0.54,9.27,1.207,2.6,3.855,9.71,9.81,10.59,16.28,0.007,0.006,-0.003,-0.01,-0.01,-80.3050157,26.9252616,98.5
1.4,77.7,0.0,46.13,3.19,-1.0,0.76,-4.62,1.86,-1.59,-0.55,3.796,4.434,8.721,0.863,14.13,8.44,17.66,14.62,0.006,0.006,-0.002,0.08,0.06,-80.3050179,26.9252409,98.55
1.6,77.2,0.0,46.33,5.29,0.5,1.03,1.53,-0.27,-1.53,-0.56,11.929,0.628,3.041,0.755,24.23,9.81,7.36,24.72,0.006,0.006,-0.002,0.16,0.13,-80.3050201,26.9252201,98.6
0.5,76.8,0.0,46.5,3.71,-1.4,0.28,-2.92,1.32,-1.53,-0.56,7.338,2.354,5.425,0.059,10.99,15.3,8.34,13.05,0.006,0.006,-0.003,0.07,0.06,-80.3050222,26.9251992,98.65
0.3,76.8,0.0,46.69,4.13,-1.88,0.24,5.05,-1.1,-1.46,-0.56,3.796,1.864,2.609,-2.825,10.99,5.0,-0.29,-1.77,0.006,0.006,-0.002,0.07,0.06,-80.3050244,26.9251782,98.7
0.3,76.6,0.0,46.85,3.22,-1.32,-0.07,-0.86,0.13,-1.5,-0.53,6.121,9.3,3.335,3.237,13.73,5.79,7.16,4.81,0.006,0.006,-0.002,0.08,0.07,-80.3050266,26.9251572,98.75
0.7,76.4,0.0,47.01,4.91,-0.34,0.18,-1.63,-0.27,-1.49,-0.53,2.384,8.525,5.768,2.09,8.53,8.04,18.93,4.61,0.006,0.006,-0.002,0.11,0.09,-80.3050287,26.9251362,98.8
0.9,76.8,0.0,47.17,6.07,2.48,0.34,3.44,-1.35,-1.46,-0.54,7.044,11.782,5.376,-0.324,13.83,7.26,11.28,7.26,0.006,0.006,-0.002,0.19,0.16,-80.3050309,26.925115,98.85
0.6,77.0,0.0,47.34,4.65,2.11,0.34,1.14,-1.55,-1.5,-0.53,1.403,7.367,4.002,3.679,1.47,13.24,13.24,13.44,0.006,0.006,-0.001,0.17,0.14,-80.305033,26.9250938,98.9
0.3,76.7,0.0,47.49,1.4,2.0,0.54,1.66,-0.43,-1.54,-0.52,6.014,5.042,2.855,0.912,7.75,11.09,20.21,15.3,0.006,0.006,-0.001,0.16,0.14,-80.3050352,26.9250724,98.95
0.8,76.9,0.0,47.65,1.96,0.1,0.42,-2.77,1.47,-1.58,-0.53,10.232,2.237,3.227,0.883,13.83,5.89,25.7,38.26,0.006,0.006,-0.001,0.09,0.07,-80.3050374,26.9250511,99.0
1.0,76.3,0.0,47.83,4.02,-2.27,0.07,-7.01,2.42,-1.6,-0.54,4.022,6.455,8.682,5.268,16.97,1.18,9.61,15.7,0.006,0.006,-0.001,0.1,0.08,-80.3050395,26.9250296,99.05
1.1,75.5,0.0,48.02,4.88,1.42,0.15,2.62,-3.0,-1.54,-0.58,7.848,1.295,3.846,0.657,21.19,14.03,14.52,0.29,0.006,0.006,-0.001,0.12,0.1,-80.3050417,26.9250081,99.1
0.9,75.4,0.0,48.14,5.63,1.91,0.65,5.45,-1.58,-1.5,-0.54,3.453,10.644,1.619,2.914,2.55,16.48,20.7,15.79,0.006,0.006,-0.001,0.16,0.13,-80.3050439,26.9249865,99.15
0.2,73.5,0.0,48.27,2.41,-0.24,0.53,-1.91,1.78,-1.55,-0.51,-1.05,8.123,-1.864,1.04,4.81,3.34,26.98,12.16,0.006,0.006,-0.001,0.13,0.11,-80.305046,26.9249648,99.2
0.4,40.1,0.0,48.44,1.02,-0.36,0.33,-4.27,2.88,-1.61,-0.51,7.809,4.405,7.897,0.579,12.95,5.4,19.33,27.17,0.006,0.006,-0.001,0.12,0.1,-80.3050482,26.9249431,99.25
1.3,4.0,0.0,48.45,-1.26,1.59,0.63,3.26,1.49,-1.5,-0.47,7.946,0.844,6.661,5.758,18.84,2.84,16.38,17.17,0.006,0.006,-0.0,0.1,0.09,-80.3050504,26.9249213,99.3
0.0,3.8,0.0,48.39,-1.15,2.73,1.45,-3.99,6.31,-1.59,-0.25,10.732,4.895,9.516,7.142,8.04,16.58,16.58,19.62,0.004,0.005,0.002,0.13,0.11,-80.3050525,26.9248995,99.35
-0.3,3.7,0.0,48.32,2.78,2.5,1.23,-0.97,4.25,-1.62,-0.02,6.053,15.058,4.728,0.147,-2.45,13.73,8.14,10.1,0.002,0.003,0.004,0.13,0.11,-80.3050547,26.9248778,99.4
-0.6,3.6,0.0,48.22,-0.86,-0.09,1.27,2.66,1.12,-1.61,0.14,7.328,17.226,-1.432,0.922,2.55,8.44,-2.45,-5.3,0.001,0.002,0.005,0.01,0.01,-80.3050568,26.9248561,99.45
-0.3,4.2,0.0,48.14,-1.88,-1.75,0.73,4.37,-1.65,-1.58,0.17,5.033,13.381,0.441,1.795,9.32,8.93,1.08,-5.49,0.001,0.001,0.005,-0.01,-0.01,-80.305059,26.9248345,99.5
0.0,7.9,0.0,48.06,-2.96,0.29,-0.04,0.49,0.24,-1.62,0.18,9.633,8.986,1.315,4.503,16.68,11.97,14.72,16.28,0.001,0.002,0.005,-0.05,-0.05,-80.3050611,26.9248128,99.55
-0.5,26.4,0.0,47.95,-6.65,-1.71,0.33,-5.04,4.53,-1.68,0.17,6.475,5.533,10.438,6.318,0.59,16.58,19.52,24.13,0.001,0.002,0.005,-0.03,-0.02,-80.3050632,26.9247912,99.6
-1.2,46.0,0.0,47.8,-0.51,-0.92,-0.54,-2.9,3.48,-1.51,0.27,16.677,-0.294,6.416,3.09,12.95,10.79,0.98,13.83,0.002,0.001,0.005,-0.01,-0.01,-80.3050653,26.9247697,99.65
-0.3,52.1,0.0,47.85,-0.81,0.25,-0.06,-5.3,2.08,-1.58,0.19,14.136,-3.051,5.258,4.63,9.71,0.69,20.31,26.39,0.002,0.002,0.005,0.04,0.03,-80.3050674,26.9247482,99.7
-1.1,53.3,0.0,47.95,3.55,3.46,-0.56,-1.05,-4.44,-1.67,0.01,10.094,16.226,7.897,4.993,17.66,6.28,13.54,9.81,0.003,0.003,0.005,0.16,0.14,-80.3050694,26.9247267,99.75
-1.7,50.0,0.0,48.0,2.73,0.4,-1.03,-2.92,-3.59,-1.71,-0.12,7.593,14.646,11.38,4.562,5.0,17.85,20.31,7.06,0.004,0.004,0.004,0.12,0.1,-80.3050715,26.9247051,99.8
-1.4,46.0,0.0,48.06,0.62,-2.26,-1.43,0.7,-0.84,-1.7,-0.13,5.386,6.053,2.374,2.982,5.69,6.57,-2.65,-0.69,0.005,0.005,0.004,0.16,0.13,-80.3050736,26.9246835,99.85
-1.2,44.6,0.0,48.14,0.34,-3.62,-1.32,5.06,0.94,-1.67,-0.11,3.286,3.198,5.033,5.278,9.91,7.36,12.07,14.72,0.005,0.006,0.005,0.14,0.12,-80.3050757,26.9246619,99.9
-0.1,44.4,0.0,48.21,0.76,-1.78,-1.3,3.19,1.21,-1.67,-0.08,9.231,4.473,4.993,5.366,11.97,6.28,14.62,16.87,0.005,0.006,0.005,0.23,0.2,-80.3050778,26.9246403,99.95
-0.1,44.8,0.0,48.3,2.08,1.58,-0.4,0.34,0.14,-1.67,-0.1,11.684,7.524,4.709,-0.206,11.48,15.4,12.75,8.63,0.005,0.006,0.005,0.23,0.19,-80.30508,26.9246186,100.0
-0.3,50.9,0.0,48.38,4.09,1.1,-0.27,1.5,-1.31,-1.68,-0.09,5.445,15.99,6.288,5.248,0.2,18.44,2.55,8.24,0.004,0.005,0.005,0.17,0.14,-80.3050821,26.9245969,100.05
-0.6,59.9,0.0,48.44,1.58,0.68,-0.21,7.53,-3.27,-1.62,-0.08,8.329,15.873,3.384,2.972,12.36,9.32,9.03,1.96,0.004,0.005,0.004,0.13,0.11,-80.3050843,26.9245751,100.1
-0.1,65.4,0.0,48.55,2.1,-0.89,-0.68,-1.84,-0.69,-1.68,-0.06,6.396,3.934,4.797,6.131,13.24,11.67,22.56,31.0,0.004,0.005,0.004,0.19,0.16,-80.3050865,26.9245533,100.15
0.5,66.9,0.0,48.68,1.45,-1.25,-0.07,-7.08,2.14,-1.7,-0.1,14.411,3.571,9.32,3.345,20.01,4.81,12.95,19.13,0.004,0.004,0.004,0.21,0.18,-80.3050887,26.9245315,100.2
0.1,67.0,0.0,48.8,3.24,-0.75,-0.34,-2.22,-0.45,-1.66,-0.18,8.672,14.47,4.768,-0.726,5.0,17.76,1.18,-4.81,0.004,0.005,0.003,0.18,0.15,-80.305091,26.9245096,100.25
-0.3,68.5,0.0,48.87,2.09,-0.87,-0.41,6.36,-3.05,-1.59,-0.22,6.357,13.332,3.963,5.651,10.2,13.15,12.36,-5.59,0.004,0.004,0.003,0.13,0.11,-80.3050932,26.9244876,100.3
-0.4,70.5,0.0,48.98,0.46,-2.35,0.14,-3.99,1.5,-1.69,-0.2,5.199,4.218,-2.109,2.384,6.57,10.89,24.72,15.5,0.004,0.004,0.003,0.11,0.09,-80.3050954,26.9244657,100.35
0.3,72.1,0.0,49.12,2.08,-0.22,-0.14,-0.31,-0.21,-1.69,-0.26,8.79,2.403,5.847,0.245,16.68,5.89,5.0,14.72,0.004,0.005,0.002,0.15,0.13,-80.3050977,26.9244436,100.4
0.3,73.5,0.0,49.24,4.51,2.96,-0.25,6.27,-2.25,-1.58,-0.31,8.898,14.028,0.383,-0.873,4.91,13.34,13.05,9.03,0.005,0.005,0.003,0.17,0.15,-80.3051,26.9244215,100.45
-0.5,74.4,0.0,49.33,2.73,0.02,-0.0,3.28,-2.16,-1.63,-0.3,4.542,11.252,3.198,0.314,11.18,9.42,15.3,12.26,0.005,0.005,0.003,0.12,0.1,-80.3051022,26.9243994,100.5
-0.3,75.3,0.0,49.45,1.85,-3.62,0.1,-6.41,2.28,-1.7,-0.29,11.595,-2.747,9.81,6.475,13.54,5.98,18.34,30.02,0.005,0.005,0.003,0.1,0.08,-80.3051045,26.9243772,100.55
0.4,76.8,0.0,49.59,3.01,-0.76,0.1,-0.19,-0.02,-1.63,-0.35,11.164,5.494,5.925,1.373,19.33,9.81,3.43,-3.73,0.005,0.005,0.002,0.11,0.1,-80.3051068,26.9243549,100.6
-0.1,78.6,0.0,49.67,2.02,0.07,0.35,0.3,-0.8,-1.63,-0.33,8.8,8.829,5.631,-0.726,7.85,16.19,14.13,0.29,0.005,0.005,0.002,0.1,0.09,-80.3051091,26.9243326,100.65
-0.2,79.7,0.0,49.81,0.15,-2.72,-0.15,-3.49,2.4,-1.69,-0.3,8.25,0.942,5.552,6.632,10.01,7.26,20.01,19.03,0.005,0.005,0.002,0.1,0.08,-80.3051114,26.9243103,100.7
0.1,81.2,0.0,49.97,2.83,2.09,-0.12,0.58,-0.2,-1.65,-0.36,10.82,10.094,1.579,-0.226,8.83,10.59,17.95,10.4,0.005,0.005,0.002,0.15,0.13,-80.3051137,26.9242879,100.75
0.3,82.5,0.0,50.06,2.4,1.46,0.17,4.61,-2.76,-1.64,-0.35,7.681,15.588,6.033,4.522,15.6,9.61,17.07,15.4,0.005,0.006,0.003,0.14,0.12,-80.305116,26.9242654,100.8
-0.5,83.7,0.0,50.22,3.25,-2.71,-0.13,-5.84,3.21,-1.71,-0.31,9.584,3.659,6.818,9.506,4.51,15.4,7.26,23.15,0.005,0.006,0.003,0.13,0.11,-80.3051184,26.9242428,100.85
-0.7,84.8,0.0,50.34,2.53,-0.15,-0.4,0.69,0.18,-1.61,-0.4,6.475,14.107,1.03,-0.834,11.97,10.99,8.93,3.83,0.005,0.006,0.002,0.13,0.11,-80.3051207,26.9242202,100.9
0.1,85.6,0.0,50.44,1.44,-1.01,-0.25,-5.16,2.09,-1.71,-0.34,5.925,-0.775,0.441,4.542,15.11,4.61,19.62,18.93,0.005,0.006,0.002,0.08,0.07,-80.305123,26.9241976,100.95
-0.2,86.4,0.0,50.6,2.5,0.53,-0.47,-4.24,0.54,-1.7,-0.39,7.142,5.994,4.071,1.069,7.75,17.27,14.22,13.64,0.005,0.006,0.002,0.13,0.12,-80.3051254,26.9241749,101.0
-0.5,86.7,0.0,50.72,4.35,1.92,-0.91,9.16,-5.02,-1.63,-0.43,5.062,14.901,7.377,1.991,6.57,12.07,15.21,11.97,0.005,0.005,0.002,0.11,0.1,-80.3051277,26.9241521,101.05
-0.6,87.0,0.0,50.88,2.31,-4.01,-0.28,-5.29,2.59,-1.77,-0.38,12.282,-1.53,5.464,4.542,15.3,2.84,6.08,24.23,0.005,0.005,0.002,0.16,0.14,-80.3051301,26.9241293,101.1
-0.1,87.0,0.0,51.0,3.82,-1.16,-0.29,1.47,-2.39,-1.68,-0.48,7.887,17.079,3.747,3.277,19.13,4.61,5.4,-2.45,0.005,0.006,0.002,0.13,0.12,-80.3051325,26.9241064,101.15
-0.9,86.9,0.0,51.1,-0.09,-1.37,-0.61,-2.16,1.98,-1.72,-0.4,4.11,1.766,2.914,4.032,4.12,19.23,25.41,18.34,0.005,0.006,0.002,0.13,0.11,-80.3051348,26.9240835,101.2
-1.2,86.9,0.0,51.27,3.51,1.13,-0.38,1.02,-1.04,-1.63,-0.49,6.318,13.773,6.063,1.952,5.1,8.24,5.2,7.55,0.005,0.006,0.002,0.14,0.12,-80.3051373,26.9240605,101.25
-0.4,86.4,0.0,51.37,2.18,-0.44,-0.67,7.08,-3.64,-1.61,-0.49,8.054,0.422,1.619,4.238,13.83,5.49,21.88,29.53,0.005,0.006,0.002,0.1,0.09,-80.3051397,26.9240374,101.3
-0.4,85.4,0.0,51.55,4.75,0.17,-0.32,-5.8,1.76,-1.69,-0.52,8.525,12.056,10.732,3.993,10.1,14.42,-3.04,3.92,0.005,0.006,0.002,0.19,0.17,-80.3051421,26.9240143,101.35
-0.9,83.0,0.0,51.64,1.5,-3.02,-0.38,0.78,1.42,-1.69,-0.46,4.415,3.885,-0.059,3.424,15.3,7.46,10.4,17.27,0.006,0.006,0.002,0.14,0.12,-80.3051446,26.9239911,101.4
-0.5,81.2,0.0,51.8,3.39,1.28,-0.74,1.96,-1.22,-1.66,-0.5,7.642,12.567,2.364,-1.197,8.24,7.46,12.16,3.53,0.006,0.007,0.003,0.15,0.13,-80.305147,26.9239679,101.45
-0.1,80.1,0.0,51.89,2.17,-0.52,-0.7,3.55,-2.06,-1.67,-0.48,9.682,0.824,3.62,3.218,9.42,11.77,12.75,17.95,0.007,0.008,0.003,0.21,0.19,-80.3051495,26.9239446,101.5
-0.6,79.4,0.0,52.06,4.72,2.23,-0.7,0.57,1.07,-1.61,-0.47,9.535,17.864,10.212,5.023,9.91,16.58,6.87,14.62,0.007,0.007,0.004,0.22,0.2,-80.305152,26.9239213,101.55
-0.6,78.5,0.0,52.13,0.3,-5.87,-0.36,-4.61,3.51,-1.68,-0.38,3.316,-0.883,4.169,7.819,10.4,2.84,16.09,13.15,0.006,0.007,0.003,0.13,0.11,-80.3051546,26.9238979,101.6
0.2,78.1,0.0,52.29,4.57,0.16,-0.24,5.3,-2.64,-1.6,-0.46,8.711,18.884,3.012,2.796,15.5,8.04,9.91,4.61,0.006,0.006,0.003,0.13,0.12,-80.3051572,26.9238744,101.65
-0.7,77.9,0.0,52.39,1.94,0.89,-0.28,-5.85,2.22,-1.75,-0.37,11.929,-3.139,3.188,8.907,13.34,13.93,20.31,28.65,0.005,0.006,0.003,0.14,0.13,-80.3051597,26.9238509,101.7
-0.7,77.4,0.0,52.49,2.79,0.59,-0.7,-3.18,-1.17,-1.72,-0.4,6.995,14.097,2.923,3.463,15.99,9.71,12.26,-2.35,0.006,0.006,0.003,0.19,0.18,-80.3051623,26.9238274,101.75
-0.2,76.6,0.0,52.65,1.45,-3.08,-0.44,-5.77,2.43,-1.76,-0.35,6.259,-1.138,7.946,3.227,15.6,7.16,2.26,9.22,0.006,0.006,0.003,0.17,0.16,-80.3051649,26.9238037,101.8
-0.6,75.4,0.0,52.72,1.48,-1.78,-0.6,8.27,-2.83,-1.66,-0.4,5.474,11.88,0.245,0.677,7.75,16.28,12.16,10.79,0.006,0.007,0.003,0.14,0.12,-80.3051675,26.9237801,101.85
-0.6,74.8,0.0,52.88,2.9,-1.11,-0.26,-3.25,2.69,-1.72,-0.41,7.436,10.654,4.052,2.531,8.44,12.16,7.16,6.18,0.006,0.007,0.003,0.13,0.12,-80.3051701,26.9237564,101.9
0.1,74.8,0.0,52.95,-0.04,-0.61,-0.84,-1.1,0.19,-1.74,-0.35,8.495,-3.355,6.563,9.035,7.55,8.24,21.09,25.31,0.006,0.007,0.003,0.23,0.21,-80.3051727,26.9237326,101.95
-0.6,74.5,0.0,53.09,4.77,-0.22,-0.05,3.29,-0.98,-1.69,-0.38,4.885,24.741,12.125,2.413,8.73,19.23,-7.85,-4.41,0.006,0.007,0.003,0.2,0.18,-80.3051753,26.9237088,102.0
-0.9,74.0,0.0,53.23,2.69,-0.41,0.37,3.3,0.9,-1.64,-0.35,9.163,-1.422,3.257,2.698,15.3,7.95,18.93,21.68,0.005,0.006,0.003,0.21,0.2,-80.305178,26.9236849,102.05
0.0,73.3,0.0,53.27,1.16,0.05,-0.34,-1.9,1.02,-1.62,-0.32,5.719,3.679,6.278,7.632,9.81,1.47,4.32,18.54,0.005,0.006,0.003,0.16,0.15,-80.3051807,26.923661,102.1
-0.6,73.7,0.0,53.42,2.99,1.8,-0.54,-2.29,-0.49,-1.58,-0.38,4.385,21.111,1.521,4.336,10.79,13.54,15.01,10.79,0.006,0.006,0.003,0.16,0.15,-80.3051834,26.9236371,102.15
-0.5,73.5,0.0,53.53,2.72,-1.17,-0.59,-1.09,0.91,-1.64,-0.31,11.154,-7.044,10.752,3.689,15.5,4.22,9.61,20.01,0.006,0.006,0.003,0.16,0.15,-80.3051861,26.9236131,102.2
-0.3,73.5,0.0,53.59,2.79,-2.22,-0.01,1.93,-2.0,-1.63,-0.36,1.776,13.744,1.727,5.454,5.2,8.04,12.75,19.42,0.006,0.006,0.003,0.09,0.08,-80.3051888,26.923589,102.25
-0.6,73.9,0.0,53.75,3.34,1.91,-0.41,0.83,0.52,-1.57,-0.39,4.513,16.932,4.483,5.533,5.0,13.83,2.26,6.87,0.006,0.007,0.003,0.12,0.11,-80.3051915,26.9235649,102.3
0.1,74.3,0.0,53.83,2.25,2.22,-0.62,2.78,-1.06,-1.61,-0.31,14.538,-9.192,7.475,1.678,14.32,3.24,29.53,30.71,0.006,0.006,0.004,0.15,0.14,-80.3051942,26.9235407,102.35
0.2,74.0,0.0,53.92,3.45,-1.45,-0.45,-4.6,0.48,-1.71,-0.3,1.158,10.644,6.131,6.229,0.0,10.5,-1.08,3.24,0.005,0.006,0.004,0.06,0.06,-80.3051969,26.9235165,102.4
-0.5,73.9,0.0,54.07,3.48,-0.66,0.08,4.39,-1.39,-1.62,-0.36,3.149,17.599,0.804,2.688,4.22,14.52,12.46,8.44,0.005,0.006,0.004,0.16,0.15,-80.3051997,26.9234922,102.45
0.2,73.8,0.0,54.17,1.83,1.35,0.16,-2.79,1.62,-1.73,-0.33,13.901,-5.67,1.697,6.2,20.11,10.2,17.17,19.91,0.005,0.006,0.003,0.19,0.18,-80.3052024,26.9234679,102.5
-0.1,73.3,0.0,54.25,2.57,1.02,-0.86,-1.69,-0.99,-1.74,-0.34,5.376,1.825,6.583,5.857,6.77,13.64,9.12,19.62,0.005,0.006,0.003,0.16,0.15,-80.3052052,26.9234436,102.55
0.1,72.7,0.0,54.37,3.42,-3.91,-0.05,-0.67,0.59,-1.72,-0.38,2.972,25.516,8.319,3.483,10.69,4.41,-4.41,-7.46,0.006,0.006,0.003,0.09,0.08,-80.305208,26.9234192,102.6
0.4,71.5,0.0,54.51,2.47,0.75,0.53,7.05,-2.24,-1.65,-0.41,6.867,6.141,4.709,0.736,8.63,7.85,18.84,15.5,0.006,0.006,0.003,0.13,0.13,-80.3052108,26.9233947,102.65
-0.5,70.8,0.0,54.54,-0.08,0.32,0.14,-6.36,2.16,-1.79,-0.32,7.485,-4.503,6.985,8.8,13.24,10.89,34.14,38.16,0.006,0.007,0.003,0.05,0.05,-80.3052136,26.9233702,102.7
0.4,70.1,0.0,54.63,2.14,-1.05,-0.05,3.96,-1.76,-1.72,-0.37,7.799,4.611,-1.884,1.766,9.03,4.02,0.49,-0.78,0.006,0.006,0.004,0.0,0.0,-80.3052164,26.9233457,102.75
0.5,69.1,0.0,54.75,2.48,-1.79,0.61,0.33,1.09,-1.73,-0.38,7.416,18.708,3.286,3.365,4.12,16.48,6.28,-6.87,0.006,0.006,0.003,-0.01,-0.01,-80.3052192,26.9233212,102.8
-0.2,68.7,0.0,54.87,0.59,1.18,0.29,-3.87,3.46,-1.76,-0.33,5.543,3.914,7.956,-0.54,10.89,9.91,7.85,8.04,0.006,0.006,0.004,0.04,0.03,-80.305222,26.9232965,102.85
0.8,67.8,0.0,54.93,1.79,2.03,-0.47,3.84,-1.42,-1.68,-0.28,14.529,-7.534,1.138,6.857,12.85,0.49,30.31,34.53,0.006,0.006,0.004,0.07,0.07,-80.3052248,26.9232719,102.9
0.0,66.8,0.0,55.01,2.66,-2.72,0.46,-5.85,1.61,-1.74,-0.27,2.453,3.492,7.201,6.936,11.38,9.32,4.12,11.38,0.006,0.006,0.004,-0.02,-0.02,-80.3052277,26.9232472,102.95
0.4,66.3,0.0,55.1,1.9,-1.36,0.16,4.11,-1.15,-1.66,-0.33,2.874,28.635,4.856,2.021,9.12,3.83,-0.78,-3.92,0.006,0.006,0.004,-0.03,-0.03,-80.3052305,26.9232225,103.0
0.8,66.5,0.0,55.24,2.7,1.72,-0.42,-0.05,-0.36,-1.63,-0.31,7.044,7.799,9.987,3.679,3.43,16.68,12.26,12.16,0.006,0.006,0.004,0.02,0.02,-80.3052334,26.9231977,103.05
-0.4,66.6,0.0,55.31,1.0,-1.33,-0.03,-2.46,2.61,-1.68,-0.24,9.457,-6.739,2.894,3.61,9.03,14.32,12.46,4.91,0.006,0.006,0.003,0.14,0.14,-80.3052362,26.9231729,103.1
0.7,66.7,0.0,55.36,1.59,-3.16,0.6,3.44,-2.07,-1.66,-0.26,13.263,-7.554,5.994,9.231,19.33,3.43,22.27,30.71,0.006,0.006,0.003,0.09,0.09,-80.3052391,26.9231481,103.15
0.4,67.0,0.0,55.46,2.51,1.12,0.09,-3.79,0.12,-1.73,-0.28,4.542,12.782,-0.137,4.699,8.14,11.09,1.28,0.39,0.006,0.006,0.003,-0.01,-0.01,-80.3052419,26.9231232,103.2
0.6,67.1,0.0,55.57,3.11,2.13,0.13,5.56,-2.32,-1.63,-0.34,6.121,20.464,-0.589,5.562,7.65,2.75,-5.0,-6.97,0.006,0.006,0.003,0.02,0.02,-80.3052448,26.9230982,103.25
0.8,67.0,0.0,55.69,2.31,-1.32,0.38,1.22,1.7,-1.62,-0.31,2.286,15.029,10.546,0.569,4.41,19.62,3.34,7.26,0.006,0.006,0.003,0.02,0.02,-80.3052477,26.9230733,103.3
0.2,66.5,0.0,55.77,0.58,1.24,0.28,-4.48,1.49,-1.65,-0.27,5.837,-1.226,4.12,-0.324,8.63,6.67,13.93,15.99,0.006,0.006,0.003,0.07,0.07,-80.3052505,26.9230482,103.35
1.0,66.2,0.0,55.84,2.1,2.44,-0.31,5.1,-3.58,-1.57,-0.29,18.276,-12.115,5.366,4.375,16.48,2.75,18.93,29.43,0.006,0.006,0.003,0.1,0.1,-80.3052534,26.9230232,103.4
-0.3,65.6,0.0,55.89,1.67,-1.71,0.4,-2.62,0.76,-1.67,-0.24,3.895,4.797,6.112,6.69,10.5,11.18,14.72,11.09,0.006,0.006,0.004,0.06,0.06,-80.3052562,26.9229981,103.45
0.4,65.0,0.0,55.96,0.59,-0.35,0.64,4.1,-0.42,-1.61,-0.26,7.299,7.76,-4.12,-1.844,13.93,0.78,3.92,7.85,0.006,0.006,0.004,-0.05,-0.04,-80.3052591,26.922973,103.5
0.7,63.9,0.0,56.08,2.5,2.52,-0.27,-1.88,0.1,-1.62,-0.27,8.692,21.023,-2.276,5.788,7.36,17.36,10.4,0.29,0.007,0.007,0.004,-0.02,-0.02,-80.3052619,26.9229478,103.55
-0.5,63.4,0.0,56.19,3.18,-1.11,-0.01,-2.01,1.26,-1.62,-0.27,0.471,18.168,6.514,0.039,6.67,10.1,-2.65,-8.34,0.006,0.006,0.004,-0.02,-0.02,-80.3052648,26.9229226,103.6
-0.1,63.3,0.0,56.26,1.45,-1.6,0.17,4.91,-0.1,-1.57,-0.28,6.043,11.654,5.582,0.069,5.59,11.38,11.87,16.87,0.006,0.006,0.004,0.07,0.07,-80.3052677,26.9228973,103.65
-0.6,63.4,0.0,56.32,0.09,1.31,-0.97,-6.04,3.11,-1.64,-0.22,9.977,-2.207,-0.373,5.739,6.87,15.79,27.57,25.8,0.006,0.006,0.004,0.11,0.11,-80.3052705,26.9228721,103.7
0.4,63.8,0.0,56.4,2.6,-0.52,-0.74,0.83,-0.41,-1.65,-0.2,11.35,-8.8,3.178,3.551,20.21,2.06,8.73,20.7,0.005,0.006,0.004,0.1,0.1,-80.3052734,26.9228467,103.75
0.1,63.7,0.0,56.43,0.72,-1.27,-0.2,-1.63,0.75,-1.71,-0.18,6.278,-2.963,3.512,9.153,14.72,10.3,20.9,31.39,0.005,0.006,0.004,0.06,0.06,-80.3052762,26.9228214,103.8
0.6,63.9,0.0,56.5,1.29,0.0,-0.19,-1.81,-1.1,-1.69,-0.2,11.036,-0.402,0.373,10.075,10.1,0.59,23.45,29.04,0.005,0.006,0.004,0.06,0.06,-80.3052791,26.922796,103.85
0.6,63.8,0.0,56.58,2.73,-0.57,-0.3,-0.76,-0.36,-1.68,-0.26,5.199,8.878,2.364,4.061,-1.67,10.89,-2.94,0.49,0.006,0.006,0.004,0.04,0.03,-80.305282,26.9227706,103.9
-0.1,63.4,0.0,56.65,0.45,-3.11,0.41,4.93,-0.84,-1.62,-0.28,2.521,20.611,-2.139,1.795,9.52,6.18,3.73,2.06,0.006,0.006,0.004,0.0,0.0,-80.3052849,26.9227452,103.95
0.7,63.1,0.0,56.74,1.89,-0.37,-0.02,-3.35,0.56,-1.66,-0.29,6.671,17.295,-1.373,5.503,7.75,5.2,9.03,-0.2,0.006,0.007,0.004,0.0,0.0,-80.3052878,26.9227197,104.0
0.4,62.7,0.0,56.87,3.6,1.43,-0.83,-0.2,-0.11,-1.66,-0.28,2.286,17.089,0.461,-0.873,11.87,14.72,-5.59,-6.67,0.006,0.006,0.004,0.03,0.03,-80.3052907,26.9226942,104.05
1.1,62.6,0.0,56.94,0.92,-1.91,0.39,0.78,0.81,-1.64,-0.24,2.237,12.655,7.318,-2.403,18.84,5.98,9.61,0.78,0.006,0.006,0.004,0.01,0.01,-80.3052937,26.9226687,104.1
0.6,62.5,0.0,57.02,1.65,1.19,0.2,-2.16,1.03,-1.65,-0.21,4.876,9.486,-1.991,4.042,13.34,16.48,20.7,7.85,0.005,0.005,0.004,0.04,0.04,-80.3052966,26.9226431,104.15
0.8,62.5,0.0,57.11,2.22,-0.56,-0.36,3.7,-1.3,-1.59,-0.25,8.044,3.571,15.029,5.454,26.39,10.01,6.08,5.79,0.006,0.006,0.004,0.06,0.06,-80.3052995,26.9226175,104.2
0.8,62.7,0.0,57.17,0.54,-0.59,0.21,-2.62,1.61,-1.63,-0.22,4.395,1.373,2.335,1.658,12.56,19.42,16.28,13.44,0.006,0.006,0.004,0.08,0.08,-80.3053025,26.9225918,104.25
0.5,62.3,0.0,57.25,1.4,1.01,0.43,0.25,0.14,-1.56,-0.23,2.08,-3.414,-0.677,3.728,16.09,8.63,25.8,14.62,0.006,0.006,0.004,0.11,0.11,-80.3053054,26.9225661,104.3
1.3,62.4,0.0,57.33,1.59,-0.87,0.55,-1.21,0.19,-1.58,-0.22,9.624,-8.142,9.172,-2.08,9.81,10.5,15.21,14.42,0.006,0.006,0.004,0.02,0.02,-80.3053083,26.9225404,104.35
1.0,61.9,0.0,57.41,2.71,1.04,1.43,2.28,-1.21,-1.57,-0.22,6.229,-5.572,4.777,0.824,16.58,6.77,27.47,26.78,0.006,0.006,0.004,0.07,0.07,-80.3053112,26.9225146,104.4
1.3,61.5,0.0,57.43,-0.46,-0.83,1.48,-2.06,2.07,-1.6,-0.18,12.459,-7.819,0.049,3.345,-0.1,2.35,32.86,25.02,0.006,0.006,0.004,-0.01,-0.01,-80.3053141,26.9224888,104.45
0.5,60.9,0.0,57.54,3.98,2.82,1.08,4.24,-0.27,-1.5,-0.18,10.958,-8.064,12.518,2.914,11.97,11.38,12.95,14.91,0.006,0.006,0.004,0.05,0.05,-80.3053169,26.9224629,104.5
1.1,59.4,0.0,57.58,-0.41,-1.05,1.5,-0.44,2.12,-1.52,-0.13,9.055,-3.895,2.904,6.612,18.44,1.47,21.48,32.27,0.006,0.006,0.004,-0.05,-0.05,-80.3053198,26.922437,104.55
0.7,56.8,0.0,57.66,2.51,4.26,0.32,-1.16,-0.95,-1.5,-0.12,11.458,-2.217,5.552,4.238,12.95,9.91,26.68,39.24,0.006,0.006,0.005,0.03,0.03,-80.3053226,26.9224112,104.6
0.8,54.4,0.0,57.7,1.27,-1.42,0.03,-0.54,0.83,-1.48,-0.12,8.79,-3.532,4.817,7.23,20.5,1.96,10.3,24.92,0.006,0.006,0.004,0.03,0.03,-80.3053254,26.9223852,104.65
0.4,53.6,0.0,57.76,2.19,1.92,0.45,4.59,-3.2,-1.44,-0.15,8.574,-4.611,2.335,4.307,10.79,11.38,32.27,42.77,0.006,0.005,0.004,-0.04,-0.04,-80.3053282,26.9223593,104.7
0.4,52.8,0.0,57.78,-0.17,1.2,-0.18,-4.98,2.87,-1.54,-0.1,8.76,-1.01,4.797,7.858,11.77,0.2,35.51,25.51,0.005,0.005,0.004,-0.0,-0.0,-80.305331,26.9223333,104.75
1.3,52.0,0.0,57.87,3.37,0.08,0.37,-0.44,-0.87,-1.54,-0.13,11.144,-0.54,5.101,4.169,1.47,5.49,18.44,24.82,0.006,0.005,0.004,0.02,0.02,-80.3053338,26.9223074,104.8
0.9,46.0,0.0,57.89,-0.45,-0.4,1.31,0.29,0.54,-1.54,-0.14,6.17,-1.442,5.827,3.895,9.12,0.29,25.31,27.08,0.006,0.005,0.004,0.04,0.04,-80.3053366,26.9222813,104.85
2.0,33.0,0.0,57.92,1.01,3.0,1.17,0.97,-1.13,-1.55,-0.17,12.341,-5.552,7.102,8.623,6.38,6.08,31.69,35.9,0.006,0.005,0.004,0.09,0.09,-80.3053393,26.9222553,104.9
1.3,22.1,0.0,57.91,-0.83,-1.91,0.69,-4.31,2.97,-1.64,-0.09,10.085,2.139,8.064,9.476,16.87,2.65,19.33,19.33,0.006,0.005,0.005,-0.02,-0.02,-80.3053421,26.9222293,104.95
1.2,17.4,0.0,57.85,-1.64,0.08,1.58,4.27,-0.42,-1.61,-0.01,13.391,-0.991,9.143,9.967,4.02,1.57,19.03,27.86,0.005,0.005,0.006,-0.09,-0.09,-80.3053448,26.9222032,105.0
0.0,8.2,0.0,57.78,-1.57,0.98,0.51,-0.76,0.7,-1.65,0.06,6.602,3.62,5.18,11.174,1.96,7.26,18.93,20.9,0.005,0.004,0.006,-0.06,-0.06,-80.3053475,26.9221772,105.05
1.1,3.4,0.0,57.61,-4.62,-0.44,1.6,2.26,1.95,-1.66,0.13,5.7,14.774,-1.148,0.186,5.1,-1.37,-6.77,-0.59,0.004,0.004,0.007,-0.05,-0.05,-80.3053502,26.9221513,105.1
-0.4,3.5,0.0,57.45,-2.66,0.5,0.62,3.84,2.33,-1.62,0.27,3.11,20.572,-3.257,-1.109,15.89,11.09,-5.0,3.53,0.004,0.003,0.008,-0.15,-0.15,-80.3053529,26.9221255,105.15
0.2,3.5,0.0,57.31,-2.16,0.8,0.33,0.92,0.64,-1.66,0.36,-2.453,18.266,-9.947,-0.608,13.15,6.97,10.3,-6.28,0.003,0.002,0.009,-0.12,-0.12,-80.3053555,26.9220997,105.2
-0.6,3.4,0.0,57.18,-2.47,0.38,-0.11,-2.89,0.89,-1.74,0.41,7.387,9.369,3.1,-2.502,14.72,20.01,0.98,6.97,0.003,0.003,0.01,-0.08,-0.08,-80.3053582,26.9220739,105.25
0.0,3.5,0.0,57.01,-4.59,-0.45,-0.4,-0.42,2.16,-1.75,0.49,10.595,-3.139,0.049,-2.08,20.99,5.4,23.94,14.42,0.003,0.003,0.011,-0.06,-0.06,-80.3053608,26.9220483,105.3
0.2,3.5,0.0,56.81,-3.57,1.42,-0.68,1.35,-0.89,-1.74,0.5,8.005,-3.728,4.042,-1.109,6.08,15.5,31.49,29.14,0.003,0.003,0.01,0.08,0.08,-80.3053634,26.9220227,105.35
-0.2,3.4,0.0,56.63,-3.07,-1.02,-0.13,-3.12,0.83,-1.77,0.48,6.769,5.033,-1.727,0.991,5.49,5.4,5.2,9.12,0.002,0.002,0.01,0.05,0.05,-80.305366,26.9219971,105.4
0.6,3.2,0.0,56.47,-2.79,0.36,0.1,4.56,-2.36,-1.73,0.4,2.472,16.677,6.641,2.923,-0.49,7.06,4.02,19.72,0.002,0.002,0.01,0.03,0.03,-80.3053686,26.9219717,105.45
0.2,3.3,0.0,56.41,-0.83,0.54,0.89,-5.77,-0.65,-1.87,0.32,0.52,27.144,2.806,-2.472,7.26,16.38,0.2,3.43,0.003,0.003,0.01,-0.1,-0.09,-80.3053712,26.9219463,105.5
0.4,3.4,0.0,56.31,-1.47,2.4,0.45,0.58,-1.22,-1.9,0.3,8.996,8.299,14.362,7.691,12.56,5.89,0.2,-4.22,0.003,0.004,0.01,-0.01,-0.01,-80.3053738,26.921921,105.55
-0.9,3.6,0.0,56.17,-2.5,0.6,0.86,0.46,1.29,-1.93,0.38,16.922,-10.595,6.955,5.248,15.11,14.91,28.45,22.86,0.004,0.004,0.01,-0.07,-0.07,-80.3053764,26.9218957,105.6
0.0,3.3,0.0,56.01,-3.79,-0.5,0.56,-2.49,1.71,-1.93,0.42,20.366,-7.524,4.866,5.209,16.09,-3.92,16.97,25.51,0.004,0.004,0.01,-0.08,-0.07,-80.3053789,26.9218704,105.65
1.1,3.4,0.0,55.89,-2.33,1.32,0.14,3.89,-2.68,-1.79,0.32,5.297,13.44,4.385,3.316,3.04,10.01,6.28,2.55,0.004,0.004,0.01,-0.06,-0.05,-80.3053814,26.9218453,105.7
1.2,3.3,0.0,55.84,-0.75,-1.42,1.34,-2.15,0.94,-1.78,0.29,-3.934,31.588,7.102,-1.118,12.36,13.83,-4.61,-15.5,0.004,0.004,0.009,-0.16,-0.16,-80.305384,26.9218201,105.75
1.0,3.4,0.0,55.72,-2.79,0.49,1.13,1.61,2.35,-1.73,0.39,6.288,6.681,11.684,6.583,8.34,9.61,22.76,21.29,0.004,0.003,0.009,-0.17,-0.17,-80.3053864,26.921795,105.8
-0.7,3.4,0.0,55.53,-3.69,1.26,1.14,-1.58,1.26,-1.75,0.5,21.808,-14.695,4.797,3.178,11.97,7.65,32.57,31.49,0.003,0.003,0.009,-0.1,-0.1,-80.3053888,26.92177,105.85
-0.8,3.3,0.0,55.35,-3.6,-1.94,0.89,3.06,-3.08,-1.68,0.44,13.087,15.402,6.406,6.2,10.3,1.18,1.77,2.35,0.003,0.002,0.009,-0.21,-0.2,-80.3053913,26.921745,105.9
-1.0,3.3,0.0,55.24,-2.64,-0.94,0.08,-0.78,-0.9,-1.65,0.37,-2.364,34.158,0.461,-2.511,8.24,20.7,4.32,-6.57,0.002,0.002,0.008,-0.2,-0.19,-80.3053937,26.9217201,105.95
-0.8,3.4,0.0,55.08,-4.68,1.05,0.26,0.5,2.45,-1.62,0.42,15.735,6.641,6.73,4.895,12.56,13.73,21.88,5.0,0.002,0.001,0.007,-0.11,-0.1,-80.3053961,26.9216953,106.0
-0.2,3.3,0.0,54.83,-5.12,0.63,-0.35,-3.34,0.36,-1.7,0.46,18.973,-14.048,2.492,3.394,4.61,-0.29,17.17,31.59,0.002,0.002,0.007,-0.08,-0.07,-80.3053985,26.9216705,106.05
0.3,3.3,0.0,54.73,-0.24,-0.34,0.24,-1.0,-2.1,-1.69,0.36,2.07,32.236,1.579,3.551,11.77,9.12,-10.1,-9.32,0.002,0.002,0.007,-0.1,-0.1,-80.3054008,26.9216458,106.1
1.1,3.3,0.0,54.63,-2.88,-1.37,0.63,-2.38,1.86,-1.73,0.36,9.869,13.479,9.83,7.426,18.25,11.87,19.52,11.77,0.003,0.002,0.007,-0.08,-0.07,-80.3054032,26.9216212,106.15
1.3,3.2,0.0,54.43,-4.14,1.41,1.09,1.17,0.43,-1.75,0.41,16.873,-7.593,5.925,7.946,5.69,2.06,24.62,31.29,0.003,0.003,0.007,-0.01,-0.0,-80.3054055,26.9215967,106.2
0.1,3.2,0.0,54.23,-4.45,0.09,1.85,3.14,-3.61,-1.69,0.31,0.196,28.459,1.766,2.786,12.85,9.52,-0.29,-3.24,0.003,0.003,0.007,-0.09,-0.08,-80.3054078,26.9215722,106.25
-1.1,3.3,0.0,54.04,-4.53,1.13,1.72,-3.88,5.5,-1.74,0.48,18.09,-2.609,5.67,2.933,7.36,10.3,20.31,7.36,0.002,0.002,0.007,-0.12,-0.11,-80.30541,26.9215478,106.3
-1.8,3.3,0.6,53.68,-7.49,-3.3,1.63,3.61,-0.95,-1.67,0.55,13.312,10.026,4.091,6.229,8.73,7.95,13.05,20.31,0.001,0.001,0.007,-0.23,-0.21,-80.3054122,26.9215236,106.35
-2.2,3.3,0.6,53.51,-3.78,3.92,0.09,-1.33,0.1,-1.65,0.46,8.319,23.132,5.925,1.668,9.71,18.44,10.4,-7.75,0.001,0.0,0.006,-0.13,-0.12,-80.3054144,26.9214995,106.4
-2.7,3.2,1.2,53.21,-5.71,0.19,-0.66,-1.74,-0.31,-1.74,0.57,13.391,-8.623,11.272,2.825,-4.12,-5.1,16.48,29.72,0.0,-0.0,0.006,-0.13,-0.12,-80.3054166,26.9214754,106.45
-1.7,3.3,0.6,53.02,-1.95,1.15,-1.61,2.42,-2.05,-1.69,0.45,4.777,29.469,3.345,-6.053,9.71,16.28,-10.1,-20.7,0.001,0.0,0.006,-0.02,-0.01,-80.3054187,26.9214515,106.5
-2.1,3.3,0.0,52.74,-6.8,-3.42,-1.85,0.55,0.87,-1.82,0.58,17.835,-11.183,9.221,11.36,12.95,5.2,16.38,28.35,0.0,0.001,0.007,0.03,0.03,-80.3054209,26.9214277,106.55
-1.6,3.3,1.2,52.53,-1.79,2.55,-1.38,1.53,-2.95,-1.8,0.44,2.168,30.166,1.57,-3.061,5.59,8.04,18.34,7.55,0.0,0.001,0.007,0.15,0.14,-80.305423,26.921404,106.6
-1.2,3.3,3.0,52.25,-6.84,-2.67,-1.61,-4.24,2.68,-1.95,0.55,15.245,-8.103,9.849,13.469,7.46,10.3,12.75,22.66,-0.0,0.001,0.007,0.17,0.15,-80.3054252,26.9213804,106.65
-0.8,3.3,5.4,52.05,-3.38,2.07,-1.57,1.71,-2.68,-1.85,0.4,8.28,21.248,12.39,-0.392,11.48,10.2,7.55,3.92,0.0,0.001,0.006,0.19,0.17,-80.3054273,26.9213569,106.7
-1.0,3.2,7.8,51.75,-5.25,-2.04,-0.87,-2.53,2.14,-1.96,0.57,9.584,6.141,2.649,6.396,3.43,-2.94,4.81,8.24,-0.0,0.001,0.007,0.17,0.15,-80.3054295,26.9213335,106.75
-0.7,3.3,5.4,51.55,-5.26,-5.82,-0.11,-4.99,4.53,-1.96,0.55,14.048,8.819,7.073,2.482,12.85,15.01,7.95,10.99,-0.0,0.001,0.007,0.12,0.11,-80.3054317,26.9213102,106.8
-0.9,3.2,4.8,51.23,-4.39,2.59,-0.46,6.56,-5.37,-1.83,0.5,4.699,23.966,-5.386,7.014,3.92,13.34,18.05,12.75,-0.0,0.001,0.007,0.22,0.2,-80.3054339,26.9212871,106.85
-0.8,3.3,4.8,50.97,-7.62,-0.67,-0.35,-5.09,3.75,-1.91,0.57,15.568,-5.258,10.085,15.755,16.78,5.3,13.64,25.8,0.0,0.001,0.007,0.18,0.16,-80.305436,26.921264,106.9
-0.5,3.3,5.4,50.75,-4.11,-0.08,0.1,-2.98,2.52,-1.83,0.52,8.201,14.744,11.527,0.971,8.04,11.18,12.46,8.73,0.0,0.001,0.007,0.19,0.17,-80.3054382,26.9212411,106.95
-0.5,3.3,6.6,50.45,-5.3,1.6,-0.65,5.11,-4.74,-1.78,0.53,5.896,19.973,-0.942,5.003,4.22,17.66,10.3,-5.4,-0.001,0.0,0.007,0.15,0.13,-80.3054404,26.9212183,107.0
-0.8,3.2,8.4,50.19,-7.47,-4.88,-0.36,-10.04,5.83,-1.9,0.59,12.547,1.521,13.165,7.966,18.54,5.3,0.59,18.34,-0.001,0.0,0.006,0.05,0.04,-80.3054426,26.9211956,107.05
-0.2,3.2,9.6,49.98,-4.19,-2.33,-0.22,-0.63,2.65,-1.75,0.53,13.793,5.337,7.593,1.442,5.98,0.39,13.24,14.32,-0.001,0.0,0.006,0.09,0.08,-80.3054448,26.9211732,107.1
0.9,3.3,9.6,49.72,-2.67,3.13,0.22,6.02,-3.87,-1.66,0.5,9.006,24.476,-0.893,-2.502,10.1,12.85,18.25,4.71,-0.001,0.0,0.006,0.1,0.09,-80.305447,26.9211507,107.15
0.7,3.3,9.0,49.43,-5.53,0.65,0.32,2.81,-2.96,-1.69,0.53,9.702,16.088,1.207,2.845,5.79,11.28,12.26,-0.98,-0.001,0.0,0.006,0.06,0.05,-80.3054491,26.9211284,107.2
0.5,3.3,7.2,49.19,-5.84,0.25,1.16,2.81,-1.16,-1.65,0.52,14.529,2.139,11.586,14.411,14.13,6.18,6.38,14.72,-0.001,-0.0,0.005,0.06,0.05,-80.3054513,26.9211061,107.25
1.1,3.4,4.8,48.97,-5.37,0.26,1.21,2.46,0.57,-1.57,0.49,14.097,-2.296,18.433,12.164,2.84,-2.06,17.76,24.72,-0.0,0.0,0.005,0.02,0.02,-80.3054534,26.921084,107.3
0.9,3.3,1.2,48.73,-3.43,-0.66,1.61,-3.41,3.19,-1.55,0.55,11.203,12.135,3.502,1.599,8.93,13.44,11.58,-0.49,0.0,0.0,0.005,0.05,0.04,-80.3054556,26.921062,107.35
-0.6,3.3,0.6,48.48,-3.14,-0.82,0.81,-2.13,-0.09,-1.49,0.54,12.429,18.708,2.423,2.482,20.11,18.44,-2.06,-4.61,0.0,-0.0,0.005,-0.05,-0.05,-80.3054577,26.9210401,107.4
-1.4,3.3,0.0,48.24,-2.27,0.06,0.46,4.27,-4.73,-1.47,0.49,4.326,18.963,0.422,2.835,12.75,11.09,2.65,-0.69,-0.0,-0.001,0.005,-0.02,-0.02,-80.3054597,26.9210183,107.45
-0.6,3.2,0.0,47.95,-6.44,3.22,0.29,3.34,-0.99,-1.47,0.5,10.085,17.923,-0.245,10.693,7.46,4.91,11.38,8.53,-0.0,-0.001,0.004,0.05,0.04,-80.3054618,26.9209966,107.5
0.6,3.2,0.0,47.71,-5.77,1.3,0.58,-1.29,1.72,-1.48,0.53,5.788,13.969,7.426,11.213,3.83,4.61,21.39,21.78,0.0,-0.0,0.004,0.05,0.04,-80.3054638,26.9209751,107.55
0.3,3.3,0.0,47.46,-5.86,-0.04,0.79,2.06,-0.56,-1.48,0.54,7.995,9.82,4.856,10.183,11.67,13.73,23.05,21.58,-0.0,-0.001,0.004,-0.04,-0.04,-80.3054658,26.9209536,107.6
-0.8,3.2,0.0,47.22,-6.49,0.74,0.14,3.77,-2.26,-1.52,0.51,12.469,6.455,2.531,12.841,12.46,9.71,9.03,6.38,-0.0,-0.001,0.004,-0.0,-0.0,-80.3054678,26.9209323,107.65
-1.3,3.3,0.0,46.99,-5.89,0.72,0.24,2.74,-1.5,-1.54,0.49,10.83,3.659,10.909,17.913,15.79,6.77,2.65,18.84,-0.0,-0.001,0.004,0.03,0.03,-80.3054698,26.920911,107.7
-0.7,3.3,0.0,46.75,-6.24,0.03,-0.16,-5.37,2.26,-1.62,0.55,11.203,5.974,15.215,10.085,11.67,6.97,15.5,27.86,-0.0,-0.001,0.004,0.03,0.03,-80.3054718,26.9208899,107.75
0.9,3.3,0.0,46.52,-5.53,-2.0,0.17,-5.43,2.18,-1.65,0.59,6.936,8.682,11.694,8.652,3.43,8.63,24.82,20.11,-0.001,-0.001,0.004,0.03,0.02,-80.3054737,26.9208689,107.8
1.7,3.3,0.0,46.27,-6.54,-0.24,-0.07,3.37,-1.68,-1.61,0.53,12.086,9.967,9.898,11.478,15.7,14.42,24.53,13.05,-0.001,-0.001,0.004,0.06,0.05,-80.3054756,26.9208481,107.85
1.0,3.2,0.0,46.05,-5.0,0.71,0.51,2.94,-1.29,-1.59,0.5,10.35,13.391,3.492,12.37,15.99,18.64,13.54,6.18,-0.0,-0.001,0.003,0.09,0.07,-80.3054775,26.9208273,107.9
-0.1,3.3,0.0,45.85,-3.68,0.3,1.18,2.5,-0.96,-1.58,0.5,3.551,14.676,3.826,6.278,9.22,10.2,3.73,6.57,-0.0,-0.001,0.003,0.02,0.01,-80.3054794,26.9208066,107.95
-0.6,3.3,0.0,45.63,-4.81,0.15,1.47,-2.03,0.24,-1.65,0.51,11.713,18.011,1.766,5.131,16.68,7.85,0.1,10.99,-0.0,-0.001,0.003,-0.03,-0.02,-80.3054813,26.920786,108.0
-0.5,3.3,0.0,45.45,-2.09,0.39,1.21,1.36,-0.19,-1.63,0.52,3.404,21.258,0.883,2.04,3.83,6.28,3.34,7.46,-0.0,-0.001,0.003,0.04,0.03,-80.3054831,26.9207654,108.05
0.2,3.3,0.0,45.23,-4.4,0.19,1.25,-2.53,1.01,-1.65,0.53,13.685,12.204,2.472,3.698,5.3,5.89,3.92,7.16,-0.0,-0.001,0.004,-0.01,-0.01,-80.3054849,26.920745,108.1
0.4,3.3,0.0,45.04,-3.28,-0.91,1.2,0.74,-0.1,-1.65,0.51,8.358,10.605,3.924,5.268,6.97,10.5,11.48,10.5,-0.0,-0.001,0.004,0.03,0.03,-80.3054867,26.9207246,108.15
-0.1,3.3,0.0,44.81,-6.25,-0.43,0.66,-1.47,0.14,-1.66,0.49,15.745,0.461,12.037,11.772,17.27,16.78,15.21,16.68,-0.0,-0.001,0.003,-0.04,-0.03,-80.3054884,26.9207044,108.2
-0.9,3.3,0.0,44.59,-6.09,-0.28,0.87,-2.23,2.18,-1.63,0.52,9.329,5.513,9.359,11.694,9.03,14.72,11.38,19.13,0.0,-0.0,0.003,0.0,0.0,-80.3054901,26.9206842,108.25
-1.0,3.3,0.0,44.4,-3.9,3.53,0.58,-0.8,0.74,-1.61,0.55,6.69,14.45,5.229,9.212,6.08,14.22,16.09,13.15,0.0,-0.0,0.004,0.07,0.06,-80.3054918,26.9206642,108.3
-1.6,3.3,0.0,44.21,-3.63,5.51,-0.19,-0.03,-1.18,-1.65,0.54,10.722,19.355,1.638,4.424,14.22,4.32,13.64,7.95,0.0,-0.0,0.004,0.14,0.11,-80.3054935,26.9206442,108.35
-1.3,3.3,0.0,44.03,-2.76,1.63,-0.45,1.01,1.05,-1.66,0.57,9.3,10.026,3.649,4.002,10.2,6.77,13.34,7.65,0.0,-0.0,0.004,0.13,0.1,-80.3054951,26.9206243,108.4
-0.8,3.3,0.0,43.85,-4.24,-1.77,-0.62,-5.23,1.85,-1.76,0.62,14.303,-0.932,13.214,9.996,6.08,1.28,18.44,19.82,-0.0,-0.0,0.005,0.09,0.07,-80.3054967,26.9206045,108.45
-0.9,3.3,0.0,43.74,-2.54,1.92,-1.15,-1.2,-0.89,-1.79,0.57,11.919,6.102,8.25,9.751,6.97,10.2,12.46,19.33,-0.0,-0.0,0.005,0.21,0.16,-80.3054984,26.9205847,108.5
-0.5,3.2,0.0,43.67,-1.16,2.88,-0.9,0.97,-1.81,-1.79,0.51,6.553,19.316,1.05,6.877,7.75,13.44,20.99,18.93,-0.001,-0.0,0.004,0.22,0.17,-80.3055,26.9205651,108.55
-0.6,3.2,0.0,43.6,-1.86,-0.69,-0.96,-1.55,-0.19,-1.81,0.47,8.397,13.381,5.199,4.169,10.5,16.28,18.34,12.26,-0.0,0.0,0.004,0.19,0.14,-80.3055016,26.9205454,108.6
-0.6,3.2,0.0,43.51,-3.45,-2.05,-0.3,0.73,0.71,-1.79,0.45,13.391,0.932,11.438,8.025,10.3,14.32,18.84,17.17,0.0,0.001,0.004,0.14,0.1,-80.3055033,26.9205258,108.65
-0.7,3.2,0.0,43.46,-1.59,-0.19,0.08,0.85,-0.25,-1.79,0.44,8.623,9.8,9.673,9.467,9.42,9.81,13.73,10.5,0.0,0.001,0.005,0.11,0.09,-80.3055049,26.9205062,108.7
-0.7,3.2,0.0,43.4,-0.46,1.82,-0.41,5.54,-2.37,-1.68,0.4,4.915,17.972,3.492,6.641,12.56,12.36,21.29,6.67,0.001,0.001,0.005,0.14,0.11,-80.3055066,26.9204866,108.75
-0.6,3.3,0.0,43.32,-3.04,-0.64,-0.1,-4.46,1.79,-1.71,0.42,13.283,8.574,2.855,3.659,20.11,4.51,16.58,7.36,0.001,0.001,0.005,0.11,0.09,-80.3055082,26.920467,108.8
0.1,3.3,0.0,43.24,-2.21,-4.09,0.57,-2.25,1.96,-1.71,0.47,9.447,-0.108,13.665,10.85,9.61,4.51,15.01,15.79,0.001,0.001,0.005,0.04,0.03,-80.3055099,26.9204475,108.85
-0.1,3.3,0.0,43.18,-1.8,0.77,-0.14,1.36,-0.73,-1.7,0.49,9.31,16.52,1.844,8.574,7.65,8.73,12.36,10.3,0.001,0.001,0.005,0.19,0.14,-80.3055115,26.9204281,108.9
-0.1,3.4,0.0,43.12,-0.83,1.11,0.1,4.9,-1.79,-1.66,0.47,7.004,17.246,1.05,4.562,-4.81,1.28,17.07,5.2,0.0,0.001,0.005,0.21,0.16,-80.3055132,26.9204086,108.95
1.1,3.3,0.0,43.03,-2.27,-2.47,-0.0,-4.1,1.98,-1.71,0.5,12.204,5.445,4.297,8.329,23.25,9.03,9.61,13.54,0.001,0.001,0.005,0.16,0.12,-80.3055148,26.9203892,109.0
-0.4,3.2,0.0,42.97,-1.83,-0.91,0.15,-1.13,-1.46,-1.68,0.49,9.535,10.801,8.28,11.752,24.33,15.5,35.51,5.59,0.0,-0.0,0.005,0.16,0.12,-80.3055165,26.9203698,109.05
0.2,3.2,0.0,42.89,-1.7,1.48,0.02,0.11,0.02,-1.68,0.47,5.994,20.071,0.5,3.012,12.56,17.07,10.69,-6.87,0.001,0.0,0.003,0.2,0.15,-80.3055181,26.9203505,109.1
0.3,3.3,0.0,42.81,-2.63,-2.63,0.59,0.79,2.81,-1.72,0.53,8.858,6.524,5.386,3.836,5.3,12.26,16.87,9.91,0.001,0.001,0.005,0.08,0.06,-80.3055198,26.9203312,109.15
0.4,3.4,0.0,42.75,-0.75,0.16,0.05,3.01,-1.17,-1.72,0.53,12.017,5.925,14.921,12.478,20.5,18.74,15.99,17.27,0.001,0.001,0.005,0.1,0.07,-80.3055214,26.9203119,109.2
-0.8,3.5,0.0,42.68,-2.07,1.73,0.19,1.65,-3.41,-1.74,0.5,12.822,20.228,4.797,3.571,20.31,21.39,32.47,15.21,-0.001,-0.0,0.005,0.15,0.11,-80.305523,26.9202926,109.25
-1.5,3.8,0.0,42.6,-2.78,-1.54,0.12,-4.48,0.52,-1.8,0.44,11.213,6.955,8.182,7.338,15.89,13.93,16.38,22.86,-0.0,-0.0,0.004,0.13,0.09,-80.3055246,26.9202734,109.3
-0.6,4.9,0.0,42.52,-2.7,-1.42,-0.11,-3.69,1.7,-1.87,0.47,8.927,5.847,8.388,9.633,14.22,7.16,18.05,17.46,0.0,0.0,0.004,0.1,0.07,-80.3055263,26.9202544,109.35
-0.5,7.0,0.0,42.48,-1.22,1.7,-0.17,1.99,-1.06,-1.85,0.46,6.249,20.297,3.394,4.356,5.98,10.3,14.03,3.34,0.0,0.001,0.005,0.15,0.11,-80.3055279,26.9202352,109.4
0.2,7.4,0.0,42.42,-1.25,-0.95,-0.5,0.3,0.82,-1.83,0.45,13.665,2.315,4.895,6.269,5.59,3.43,12.85,14.22,0.001,0.001,0.005,0.12,0.09,-80.3055295,26.9202161,109.45
0.2,7.0,0.0,42.35,-1.01,-1.36,-0.34,2.8,0.12,-1.78,0.46,8.633,5.386,11.831,11.35,7.95,5.49,13.05,21.58,0.001,0.001,0.005,0.19,0.14,-80.3055312,26.920197,109.5
0.2,3.6,0.0,42.3,-0.53,3.18,-0.8,2.32,-2.4,-1.74,0.44,8.231,20.16,4.571,4.728,6.47,10.59,18.05,10.3,0.001,0.001,0.005,0.24,0.18,-80.3055328,26.920178,109.55
-0.2,3.4,0.0,42.22,-2.32,-2.1,-0.32,-3.92,2.3,-1.81,0.51,9.447,0.785,11.183,8.486,7.95,5.59,12.36,13.44,0.001,0.001,0.005,0.17,0.12,-80.3055344,26.9201589,109.6
0.2,3.4,0.0,42.16,-1.6,2.08,-0.45,-0.67,0.39,-1.81,0.54,8.388,12.949,6.965,10.438,8.44,13.24,12.95,13.44,0.0,0.001,0.005,0.18,0.13,-80.3055361,26.92014,109.65
0.3,3.5,0.0,42.1,-1.96,2.51,-0.1,-0.97,0.19,-1.84,0.5,10.379,15.559,6.004,4.66,7.26,16.19,14.52,6.18,0.0,0.001,0.005,0.21,0.15,-80.3055377,26.920121,109.7
-0.4,3.6,0.0,42.03,-2.59,-2.76,0.32,-3.21,1.14,-1.91,0.51,8.309,1.599,12.655,11.998,8.04,14.52,10.1,18.34,0.0,0.001,0.005,0.14,0.1,-80.3055393,26.9201021,109.75
-0.5,3.7,0.0,41.99,-0.33,2.64,0.2,4.99,-2.43,-1.83,0.48,9.006,19.208,4.64,9.329,11.38,21.19,13.93,9.12,0.0,0.001,0.005,0.19,0.14,-80.305541,26.9200831,109.8
-0.6,3.9,0.0,41.92,-1.85,-1.31,0.45,-1.29,1.18,-1.84,0.48,10.575,7.201,7.917,7.063,11.67,13.44,10.5,9.91,0.001,0.001,0.005,0.17,0.13,-80.3055426,26.9200643,109.85
-1.0,3.9,0.0,41.86,-2.0,0.53,-0.23,0.09,-0.11,-1.89,0.51,6.789,8.074,9.859,10.575,11.09,13.64,8.24,10.4,0.001,0.001,0.005,0.15,0.11,-80.3055442,26.9200454,109.9
-0.6,3.8,0.0,41.79,-2.1,2.38,-0.31,-0.5,0.9,-1.88,0.49,10.722,14.637,5.484,5.7,15.5,10.89,8.73,8.44,0.001,0.001,0.005,0.18,0.13,-80.3055459,26.9200266,109.95
-0.9,3.5,0.0,41.71,-3.14,-2.36,-0.45,-1.86,0.57,-1.93,0.53,10.32,2.639,11.448,6.092,13.44,2.65,6.57,17.46,0.0,0.001,0.005,0.12,0.09,-80.3055475,26.9200078,110.0
-0.7,3.5,0.0,41.65,-1.79,-0.59,-0.43,0.91,-0.89,-1.87,0.49,7.044,16.54,5.023,8.476,10.2,8.83,3.53,7.75,0.0,0.001,0.005,0.22,0.16,-80.3055491,26.9199891,110.05
0.0,3.4,0.0,41.57,-2.13,-2.97,-0.5,-0.48,1.41,-1.85,0.5,11.86,7.21,8.525,6.023,8.63,7.95,4.02,9.32,0.0,0.0,0.005,0.16,0.12,-80.3055508,26.9199704,110.1
0.4,3.4,0.0,41.52,-0.08,-0.54,-0.42,-1.72,0.09,-1.94,0.51,9.555,12.164,5.199,7.583,4.61,9.81,4.61,11.77,0.0,0.0,0.005,0.15,0.11,-80.3055524,26.9199517,110.15
0.5,3.4,0.0,41.44,-1.04,-0.72,0.32,1.13,-1.24,-2.0,0.48,10.614,12.93,10.565,3.62,1.37,10.1,7.16,12.36,-0.0,0.0,0.005,0.18,0.13,-80.3055541,26.919933,110.2
0.4,3.4,0.0,41.34,-1.23,0.12,-0.11,0.9,-0.61,-2.01,0.47,7.102,6.73,9.663,7.603,0.59,7.55,7.16,10.5,-0.0,0.0,0.005,0.15,0.11,-80.3055557,26.9199144,110.25
0.2,3.4,0.0,41.25,-1.87,-0.17,0.29,0.92,0.85,-1.99,0.48,9.732,16.746,5.356,4.473,2.75,5.49,7.06,2.65,-0.0,0.0,0.005,0.16,0.11,-80.3055574,26.9198959,110.3
0.3,3.4,0.0,41.12,-2.53,-1.08,-0.04,1.6,0.85,-2.0,0.5,9.496,1.148,12.272,9.025,5.0,8.93,8.24,10.1,0.0,0.001,0.005,0.12,0.09,-80.305559,26.9198773,110.35
0.4,3.4,0.0,41.01,-1.93,0.69,0.02,0.68,1.22,-1.95,0.58,11.223,12.38,5.503,2.305,11.58,9.12,16.68,7.95,0.0,0.0,0.006,0.14,0.1,-80.3055607,26.9198589,110.4
0.4,3.5,0.0,40.86,-3.6,-1.54,-0.55,-0.37,1.63,-1.9,0.67,10.242,6.22,7.034,7.034,11.87,5.1,14.13,12.75,0.0,0.0,0.006,0.21,0.15,-80.3055624,26.9198405,110.45
0.5,3.5,0.0,40.71,-3.44,-0.04,-0.25,0.92,0.88,-1.87,0.69,13.351,12.851,5.376,2.933,13.73,8.53,12.46,7.26,-0.0,-0.0,0.007,0.21,0.15,-80.305564,26.9198222,110.5
0.2,3.4,0.0,40.54,-3.44,-0.67,0.21,-1.63,1.3,-1.89,0.71,11.007,3.443,9.104,5.082,13.05,8.44,7.75,17.46,-0.0,-0.0,0.007,0.19,0.13,-80.3055657,26.9198039,110.55
0.4,3.4,0.0,40.37,-3.72,-0.43,-0.22,-0.88,1.08,-1.87,0.73,13.665,8.839,2.884,5.592,12.07,10.5,12.75,12.75,-0.001,-0.001,0.006,0.18,0.13,-80.3055673,26.9197857,110.6
-0.3,3.4,0.0,40.28,-1.32,0.8,0.64,0.15,-1.16,-1.91,0.72,5.405,14.421,10.693,6.2,7.75,15.6,20.11,19.82,-0.001,-0.001,0.006,0.09,0.06,-80.3055689,26.9197676,110.65
0.1,3.5,0.0,40.18,-2.29,-0.13,0.07,-1.46,0.35,-1.94,0.67,13.361,2.521,10.938,8.309,7.36,13.05,20.8,13.44,-0.001,-0.001,0.006,0.11,0.07,-80.3055706,26.9197495,110.7
-0.4,3.4,0.0,40.07,-1.72,1.33,0.54,-0.22,-1.09,-1.93,0.63,5.121,20.601,1.982,8.966,8.44,17.56,18.25,16.87,-0.001,-0.001,0.006,0.11,0.08,-80.3055722,26.9197315,110.75
0.3,3.4,0.0,39.94,-3.16,-2.46,0.19,-0.95,1.39,-1.96,0.64,10.771,-1.403,9.849,7.23,12.65,8.24,10.69,10.4,-0.001,-0.0,0.006,0.08,0.06,-80.3055738,26.9197135,110.8
0.0,3.4,0.0,39.85,-1.65,0.8,-0.01,4.19,-1.13,-1.88,0.63,9.624,19.277,8.839,6.416,10.3,18.74,12.65,6.28,-0.0,-0.0,0.006,0.15,0.1,-80.3055754,26.9196956,110.85
0.0,3.4,0.0,39.74,-2.75,-0.04,0.33,1.17,-0.94,-1.93,0.64,3.973,9.339,8.554,7.014,10.2,13.34,0.39,13.73,-0.0,-0.001,0.006,0.13,0.09,-80.305577,26.9196777,110.9
-0.1,3.4,0.0,39.64,-2.23,0.24,0.05,-0.89,0.17,-1.99,0.6,12.92,8.976,7.456,6.573,7.16,12.85,7.65,7.36,-0.001,-0.0,0.006,0.16,0.11,-80.3055786,26.9196599,110.95
-0.6,3.4,0.0,39.55,-0.78,1.01,0.29,2.66,-0.96,-2.0,0.61,7.554,19.218,7.946,7.524,7.55,18.44,10.5,13.73,-0.001,-0.0,0.006,0.17,0.12,-80.3055802,26.9196421,111.0
-0.4,3.4,0.0,39.42,-3.15,-2.83,0.29,-2.38,1.31,-2.02,0.63,10.82,0.324,10.771,8.623,12.56,14.13,5.98,7.36,-0.0,-0.0,0.006,0.13,0.09,-80.3055818,26.9196243,111.05
-0.4,3.4,0.0,39.33,-1.33,0.27,-0.47,1.82,-0.84,-1.98,0.61,11.399,12.498,8.191,4.277,5.3,20.8,17.27,6.87,-0.001,-0.0,0.006,0.18,0.12,-80.3055833,26.9196066,111.1
-0.8,3.4,0.0,39.22,-2.48,0.47,-0.05,0.5,-0.68,-2.04,0.6,5.199,11.409,9.202,5.798,10.59,21.09,11.58,13.83,-0.0,0.0,0.006,0.18,0.13,-80.3055849,26.919589,111.15
-0.4,3.4,0.0,39.12,-2.23,-1.75,-0.44,-0.12,1.31,-1.98,0.6,11.164,3.061,8.643,6.023,5.69,12.95,15.4,18.54,-0.001,-0.0,0.006,0.15,0.1,-80.3055864,26.9195714,111.2
-0.4,3.4,0.0,39.03,-1.03,1.17,-0.52,0.37,-1.12,-1.98,0.57,9.928,13.391,8.339,8.574,7.65,14.13,12.56,14.72,-0.001,-0.001,0.006,0.17,0.11,-80.305588,26.9195538,111.25
-0.6,3.4,0.0,38.91,-3.18,-0.96,-0.57,0.96,0.26,-2.08,0.61,6.504,5.955,7.21,7.917,9.32,16.09,12.16,4.51,-0.001,-0.0,0.005,0.12,0.08,-80.3055895,26.9195364,111.3
-0.5,3.4,0.0,38.83,-2.11,-1.7,-0.77,-2.39,1.44,-2.08,0.63,14.077,1.03,11.595,4.944,9.32,11.87,13.54,9.91,-0.001,-0.0,0.006,0.12,0.08,-80.3055911,26.919519,111.35
-0.6,3.4,0.0,38.74,-1.23,0.91,-0.62,5.25,-2.95,-1.94,0.56,9.015,13.067,9.182,6.798,7.85,15.7,13.24,8.04,-0.001,-0.001,0.006,0.23,0.16,-80.3055927,26.9195016,111.4
-0.6,3.4,0.0,38.62,-2.49,0.21,-0.38,1.67,-0.16,-1.94,0.58,5.072,8.388,9.839,6.072,7.46,15.01,6.18,9.32,-0.001,-0.0,0.005,0.19,0.12,-80.3055942,26.9194842,111.45
-0.6,3.4,0.0,38.54,-2.16,-1.37,-0.57,-1.05,0.52,-1.96,0.58,12.076,2.09,11.762,6.818,7.55,14.03,12.16,11.67,-0.001,-0.0,0.005,0.15,0.1,-80.3055958,26.9194669,111.5
-0.7,3.4,0.0,38.45,-1.49,-0.67,-0.55,4.01,0.51,-1.86,0.59,12.567,11.919,8.672,5.454,7.85,18.15,9.32,3.14,-0.001,-0.0,0.005,0.15,0.1,-80.3055974,26.9194496,111.55
-0.5,3.3,0.0,38.35,-1.55,0.36,-0.84,2.63,-1.32,-1.76,0.58,5.445,11.821,9.27,6.632,13.73,14.91,18.54,13.73,-0.001,-0.0,0.006,0.2,0.13,-80.305599,26.9194324,111.6
-0.5,3.3,0.0,38.24,-3.12,-3.34,-0.4,-1.84,0.0,-1.77,0.53,9.28,3.021,12.831,5.778,16.38,10.69,13.15,18.54,-0.001,-0.001,0.005,0.12,0.08,-80.3056005,26.9194153,111.65
-0.2,3.3,0.0,38.15,-2.24,-0.66,-0.41,0.74,-0.1,-1.73,0.51,14.803,6.455,6.131,6.386,14.42,10.69,13.44,15.99,-0.001,-0.0,0.005,0.15,0.1,-80.3056021,26.9193981,111.7
-0.5,3.4,0.0,38.07,-1.14,-0.25,-0.34,2.26,-0.17,-1.66,0.53,6.308,19.002,4.042,5.552,11.38,12.16,15.5,9.42,-0.001,-0.0,0.005,0.13,0.09,-80.3056037,26.919381,111.75
-0.3,3.4,0.0,37.96,-2.23,-0.03,-0.07,2.98,-0.66,-1.61,0.53,6.278,11.625,8.466,4.15,10.01,7.95,12.46,11.09,-0.001,-0.0,0.005,0.13,0.09,-80.3056053,26.919364,111.8
-0.2,3.4,0.0,37.87,-2.76,-1.17,-0.21,-1.78,1.09,-1.63,0.52,12.939,5.592,8.633,6.131,13.83,5.3,10.79,6.08,-0.001,-0.0,0.005,0.1,0.06,-80.3056069,26.919347,111.85
-0.1,3.5,0.0,37.78,-2.17,0.83,0.35,-0.92,0.14,-1.62,0.52,11.919,7.456,5.876,5.464,11.48,7.65,10.4,9.71,-0.0,-0.0,0.005,0.12,0.08,-80.3056085,26.91933,111.9
0.0,3.4,0.0,37.69,-1.66,0.75,0.17,-0.13,0.04,-1.61,0.55,5.346,13.067,7.416,6.779,14.22,9.91,8.83,11.28,-0.0,-0.0,0.005,0.11,0.07,-80.3056102,26.9193131,111.95
0.1,3.3,0.0,37.59,-2.58,1.08,-0.49,0.26,-1.07,-1.66,0.55,6.014,10.32,7.701,7.995,12.65,10.99,11.48,12.46,-0.001,-0.001,0.005,0.2,0.13,-80.3056118,26.9192962,112.0
0.2,3.3,0.0,37.49,-3.12,-1.57,-0.44,-2.51,0.04,-1.71,0.54,8.957,7.044,9.712,6.494,7.55,10.59,9.71,12.07,-0.001,-0.001,0.005,0.16,0.1,-80.3056134,26.9192794,112.05
0.1,3.4,0.0,37.4,-2.07,0.02,-0.04,-1.57,0.89,-1.73,0.54,13.312,7.436,8.329,6.112,6.77,10.89,12.07,13.24,-0.001,-0.001,0.005,0.15,0.1,-80.305615,26.9192626,112.1
0.0,3.4,0.0,37.33,-1.35,1.64,-0.08,0.74,-1.55,-1.75,0.53,7.23,15.657,7.436,6.004,5.0,12.46,16.48,7.55,-0.001,-0.0,0.005,0.16,0.11,-80.3056166,26.9192458,112.15
-0.2,3.3,0.0,37.24,-1.01,0.22,-0.17,0.52,0.56,-1.78,0.57,4.336,17.03,3.041,4.022,1.86,11.97,7.36,6.77,-0.001,-0.0,0.005,0.13,0.09,-80.3056181,26.9192291,112.2
-0.1,3.2,0.0,37.13,-2.67,-0.68,-0.39,0.78,0.0,-1.8,0.56,5.356,9.025,8.957,5.925,3.43,9.71,5.2,10.1,-0.001,-0.0,0.006,0.11,0.07,-80.3056197,26.9192125,112.25
-0.2,3.2,0.0,37.04,-2.43,-3.0,-0.11,-0.97,0.25,-1.83,0.54,10.31,6.043,12.321,7.819,7.46,5.2,1.67,10.89,-0.001,-0.0,0.005,0.06,0.04,-80.3056213,26.9191958,112.3
0.2,3.3,0.0,36.96,-2.25,-0.03,-0.63,0.42,0.6,-1.87,0.52,14.911,6.779,12.272,6.278,11.48,6.47,7.06,4.91,-0.001,-0.001,0.005,0.1,0.07,-80.3056229,26.9191793,112.35
0.3,3.3,0.0,36.88,-1.44,0.55,-0.09,-0.73,-0.28,-1.84,0.51,13.822,13.469,5.494,4.052,16.48,7.55,10.5,7.85,-0.001,-0.001,0.005,0.22,0.14,-80.3056245,26.9191627,112.4
0.1,3.3,0.0,36.78,-2.04,0.12,-0.06,-1.32,-1.0,-1.86,0.5,9.055,13.969,6.651,5.111,16.38,12.75,9.71,15.99,-0.001,-0.001,0.005,0.18,0.12,-80.3056261,26.9191462,112.45
0.0,3.2,0.0,36.69,-1.25,1.85,-0.04,0.29,-1.72,-1.86,0.44,7.377,13.793,6.406,8.378,11.97,15.11,15.3,10.69,-0.001,-0.0,0.005,0.18,0.11,-80.3056277,26.9191297,112.5
0.0,3.2,0.0,36.59,-2.35,-0.22,0.5,1.55,0.67,-1.82,0.46,4.817,13.656,7.318,5.533,10.79,13.34,7.85,9.03,-0.001,-0.0,0.005,0.16,0.1,-80.3056293,26.9191133,112.55
0.1,3.3,0.0,36.49,-2.74,-2.45,0.14,1.14,-0.03,-1.81,0.47,11.026,6.73,9.359,6.887,10.99,11.67,6.87,8.73,-0.001,-0.0,0.005,0.12,0.08,-80.3056309,26.9190969,112.6
0.2,3.2,0.0,36.41,-2.39,-1.91,-0.41,-1.64,0.28,-1.84,0.47,12.802,4.571,10.271,8.083,14.62,9.22,12.75,13.05,-0.0,-0.0,0.005,0.11,0.07,-80.3056325,26.9190806,112.65
0.3,3.3,0.0,36.32,-2.32,-0.89,-0.14,2.14,-0.01,-1.8,0.48,12.38,7.289,9.329,7.838,12.16,8.04,11.28,6.57,-0.001,-0.0,0.005,0.12,0.07,-80.3056341,26.9190643,112.7
0.3,3.3,0.0,36.24,-1.64,0.9,-0.25,-2.52,1.48,-1.86,0.5,11.154,9.624,6.21,6.563,12.46,5.98,10.99,16.87,-0.001,-0.001,0.005,0.15,0.09,-80.3056357,26.919048,112.75
0.3,3.3,0.0,36.15,-1.53,0.53,-0.44,-1.44,-1.23,-1.88,0.47,8.692,10.654,8.25,4.807,12.36,10.89,17.46,13.54,-0.002,-0.001,0.005,0.13,0.08,-80.3056373,26.9190318,112.8
0.2,3.3,0.0,36.05,-1.51,-0.49,-0.13,0.39,-1.64,-1.87,0.41,5.376,16.088,8.132,5.396,5.98,11.09,12.85,9.03,-0.002,-0.001,0.004,0.1,0.06,-80.3056389,26.9190157,112.85
0.5,3.3,0.0,35.97,-1.31,1.02,-0.08,-0.42,0.01,-1.89,0.42,4.768,12.675,5.749,6.347,6.38,9.42,9.22,10.89,-0.001,-0.001,0.004,0.11,0.07,-80.3056405,26.9189995,112.9
0.4,3.3,0.0,35.88,-0.93,1.5,0.23,1.58,0.17,-1.9,0.44,5.042,10.085,7.151,4.65,0.98,10.3,9.91,15.01,-0.001,-0.001,0.005,0.12,0.07,-80.3056421,26.9189835,112.95
0.4,3.3,0.0,35.79,-1.18,0.48,-0.12,2.94,-1.21,-1.88,0.42,6.877,13.028,8.849,3.483,6.08,6.47,10.4,9.03,-0.001,-0.001,0.005,0.12,0.08,-80.3056436,26.9189674,113.0
0.5,3.3,0.0,35.7,-2.14,-2.92,0.34,-0.27,-0.47,-1.93,0.38,8.27,6.916,10.84,5.808,13.64,10.01,14.13,17.76,-0.001,-0.0,0.005,0.07,0.05,-80.3056452,26.9189514,113.05
0.3,3.3,0.0,35.61,-2.13,-1.13,0.2,-1.54,0.28,-1.92,0.38,8.878,11.694,11.811,7.21,14.42,10.79,13.73,12.16,-0.001,-0.0,0.005,0.09,0.05,-80.3056468,26.9189354,113.1
0.3,3.3,0.0,35.52,-2.2,-1.89,-0.25,-0.54,1.73,-1.9,0.45,12.93,5.847,8.8,4.925,11.18,10.89,7.85,8.14,-0.001,-0.0,0.005,0.07,0.04,-80.3056484,26.9189195,113.15
0.3,3.2,0.0,35.44,-2.82,-1.86,-0.17,0.64,0.55,-1.89,0.51,11.811,8.083,7.407,5.768,8.14,8.83,3.24,9.03,-0.001,-0.001,0.006,0.04,0.02,-80.3056499,26.9189036,113.2
0.5,3.3,0.0,35.35,-2.03,-1.45,-0.04,-3.34,-0.28,-1.93,0.49,14.941,6.357,11.017,8.966,15.21,10.3,14.52,14.03,-0.001,-0.001,0.006,0.06,0.04,-80.3056515,26.9188877,113.25
0.2,3.2,0.0,35.27,-2.2,-0.47,-0.21,-0.68,-0.26,-1.94,0.44,14.578,3.875,10.958,6.916,12.46,9.12,11.87,13.15,-0.001,-0.001,0.005,0.07,0.04,-80.3056531,26.9188719,113.3
0.8,3.3,0.0,35.16,-3.29,-1.83,-0.04,-2.27,-0.19,-1.96,0.41,13.234,4.797,7.524,8.103,15.01,5.2,15.99,12.56,-0.001,-0.001,0.005,0.05,0.03,-80.3056546,26.9188562,113.35
0.5,3.3,0.0,35.05,-2.59,-0.02,0.17,1.58,1.23,-1.95,0.43,13.028,3.561,8.711,6.857,10.59,7.55,15.99,11.09,-0.001,-0.0,0.005,0.08,0.05,-80.3056562,26.9188405,113.4
-0.5,3.3,0.0,34.88,-4.1,-0.49,0.09,-3.26,1.95,-1.97,0.49,14.882,7.711,6.985,6.17,6.38,6.08,13.34,3.73,-0.001,-0.001,0.005,0.08,0.05,-80.3056578,26.9188249,113.45
-1.0,3.3,0.0,34.68,-4.99,-1.12,0.34,3.8,-1.49,-1.93,0.46,14.421,6.278,8.476,3.247,6.38,6.38,14.42,20.01,-0.002,-0.001,0.005,0.07,0.04,-80.3056593,26.918809,113.5
-1.1,3.3,0.0,34.47,-4.92,-0.64,-0.05,-7.47,3.16,-1.99,0.5,16.785,5.337,10.791,8.584,12.56,7.85,11.18,5.69,-0.002,-0.002,0.004,0.09,0.05,-80.3056608,26.9187935,113.55
-1.3,3.3,0.0,34.26,-5.02,-2.88,0.16,4.26,-2.44,-1.88,0.48,11.115,11.115,10.477,4.365,14.22,13.83,5.1,15.11,-0.003,-0.002,0.004,0.04,0.03,-80.3056623,26.9187781,113.6
-0.9,3.3,0.0,34.05,-4.04,0.81,-0.55,-1.44,0.14,-1.96,0.49,13.714,8.074,8.339,6.131,9.22,10.3,23.25,6.47,-0.003,-0.002,0.003,0.1,0.06,-80.3056638,26.9187628,113.65
-0.9,3.3,0.0,33.82,-4.44,-3.12,-0.08,-4.48,2.11,-1.98,0.52,8.898,14.018,8.025,3.895,11.28,8.83,2.26,0.39,-0.003,-0.002,0.003,0.02,0.01,-80.3056654,26.9187476,113.7
-1.4,3.3,0.0,33.6,-4.43,-1.07,-0.91,8.87,-3.24,-1.89,0.48,7.151,11.046,6.622,6.779,15.01,10.89,10.4,20.7,-0.003,-0.002,0.004,0.14,0.08,-80.3056669,26.9187325,113.75
-1.9,3.3,0.0,33.38,-3.72,1.64,-0.63,-1.78,1.25,-1.95,0.49,6.249,13.273,8.083,9.849,10.59,9.91,6.57,11.97,-0.003,-0.003,0.003,0.17,0.1,-80.3056683,26.9187175,113.8
-1.8,3.3,0.0,33.14,-4.87,-1.46,-0.64,-0.44,-1.14,-1.95,0.46,9.839,10.448,6.2,5.788,6.57,7.75,12.07,6.47,-0.004,-0.003,0.004,0.08,0.05,-80.3056698,26.9187026,113.85
-1.9,3.3,0.0,32.89,-4.64,0.04,-0.74,3.64,-1.27,-1.88,0.46,13.391,7.436,9.172,8.515,9.52,6.87,12.65,15.7,-0.004,-0.003,0.003,0.19,0.11,-80.3056713,26.9186878,113.9
-1.2,3.3,0.0,32.61,-6.44,-0.11,-0.55,-0.71,1.09,-1.88,0.48,13.793,8.388,8.652,5.366,9.03,11.97,14.22,11.58,-0.004,-0.003,0.003,0.15,0.08,-80.3056728,26.9186731,113.95
-1.2,3.3,0.0,32.4,-3.63,-1.5,-0.74,-5.73,2.25,-1.9,0.51,13.538,9.908,8.427,6.69,9.42,13.64,10.4,8.93,-0.004,-0.003,0.003,0.1,0.05,-80.3056743,26.9186586,114.0
-1.6,3.3,0.0,32.18,-4.19,-0.61,-0.79,5.69,-3.16,-1.81,0.44,8.211,9.506,7.976,7.416,16.09,7.85,7.26,9.61,-0.004,-0.003,0.003,0.17,0.1,-80.3056758,26.9186441,114.05
-2.2,3.3,0.0,31.99,-3.55,0.0,-0.46,4.79,-3.47,-1.77,0.34,8.525,13.812,9.741,9.349,9.81,13.15,8.24,13.83,-0.004,-0.002,0.002,0.19,0.1,-80.3056772,26.9186297,114.1
-1.9,3.3,0.0,31.76,-4.42,-0.71,-0.8,0.71,0.76,-1.72,0.35,13.077,4.179,8.907,7.75,5.49,6.97,12.36,15.11,-0.004,-0.002,0.002,0.11,0.06,-80.3056787,26.9186156,114.15
-1.5,3.3,0.0,31.54,-4.47,-1.0,-0.88,-4.81,3.63,-1.7,0.44,11.026,10.781,8.839,8.701,13.54,13.34,10.69,11.48,-0.004,-0.003,0.002,0.17,0.09,-80.3056802,26.9186014,114.2
-1.2,3.3,0.0,31.35,-3.98,1.71,-0.87,1.85,-2.63,-1.64,0.39,10.84,10.163,4.159,4.876,7.46,10.2,15.11,4.91,-0.004,-0.003,0.003,0.16,0.09,-80.3056817,26.9185873,114.25
-1.5,3.3,0.0,31.15,-4.44,-2.23,-1.03,0.86,-1.56,-1.6,0.3,11.134,5.974,8.505,11.566,18.34,8.63,3.92,3.63,-0.004,-0.003,0.002,0.08,0.05,-80.3056832,26.9185733,114.3
-2.4,3.3,0.0,30.96,-4.46,-3.24,-0.52,3.14,-1.63,-1.52,0.22,12.812,7.72,10.438,9.732,15.11,10.5,9.32,14.72,-0.004,-0.003,0.001,0.12,0.07,-80.3056846,26.9185594,114.35
-2.1,3.2,0.0,30.78,-3.11,2.03,-1.07,4.13,-2.07,-1.46,0.19,9.231,13.155,10.762,8.26,2.75,10.1,7.26,18.74,-0.004,-0.003,0.001,0.17,0.09,-80.3056861,26.9185456,114.4
-1.7,3.3,0.0,30.58,-4.33,-0.76,-0.91,-3.27,1.5,-1.47,0.22,9.614,13.194,5.484,6.641,8.53,14.32,19.72,14.13,-0.004,-0.003,0.001,0.07,0.04,-80.3056876,26.9185319,114.45
-1.3,3.3,0.0,30.36,-4.37,-0.5,-0.61,1.15,0.88,-1.33,0.19,10.507,9.055,10.31,6.965,7.36,12.65,10.4,5.49,-0.004,-0.003,0.001,0.14,0.07,-80.3056891,26.9185182,114.5
-1.8,3.3,0.0,30.11,-5.06,-0.25,-1.32,2.14,1.48,-1.2,0.19,10.595,11.046,10.222,8.603,16.58,12.36,9.52,8.73,-0.004,-0.003,0.001,0.09,0.05,-80.3056906,26.9185047,114.55
-2.1,3.3,0.0,29.86,-5.29,-1.67,-0.94,-0.58,1.13,-1.18,0.22,8.917,14.607,8.976,7.514,9.42,7.65,14.42,-1.47,-0.004,-0.003,0.002,0.1,0.05,-80.3056921,26.9184913,114.6
-1.5,3.3,0.0,29.61,-5.31,-1.06,-1.01,2.94,-0.42,-1.04,0.21,8.594,13.008,5.709,8.309,8.73,11.58,8.44,11.87,-0.004,-0.003,0.002,0.06,0.03,-80.3056936,26.918478,114.65
-0.6,3.4,0.0,29.35,-4.67,-1.82,-1.33,1.16,0.97,-0.97,0.25,12.822,10.036,5.68,6.445,8.73,10.4,10.79,10.1,-0.004,-0.003,0.002,0.08,0.04,-80.3056951,26.9184648,114.7
-1.6,3.3,0.0,29.07,-5.27,-0.83,-1.19,3.37,0.49,-0.86,0.26,8.368,10.673,3.1,5.366,18.54,10.3,10.69,4.12,-0.004,-0.003,0.002,0.06,0.03,-80.3056966,26.9184519,114.75
-2.4,3.3,0.0,28.79,-6.31,-1.92,-0.77,-1.86,2.17,-0.81,0.3,12.596,9.584,-1.952,9.133,7.46,8.83,5.59,8.53,-0.004,-0.003,0.002,0.08,0.04,-80.305698,26.9184389,114.8
-1.6,3.3,0.0,28.5,-6.0,0.41,-1.3,1.09,1.23,-0.71,0.35,11.968,7.593,3.787,8.348,12.36,10.01,17.07,19.33,-0.004,-0.003,0.003,0.06,0.03,-80.3056995,26.9184261,114.85
-1.8,3.4,0.0,28.27,-3.41,-1.46,-1.42,-2.53,0.84,-0.68,0.38,13.842,3.885,-1.295,6.494,10.89,9.91,15.3,6.18,-0.004,-0.004,0.003,0.06,0.03,-80.305701,26.9184134,114.9
-3.0,3.4,0.0,28.02,-5.19,-2.02,-1.14,1.28,-1.17,-0.63,0.31,14.48,4.63,6.789,9.045,13.73,8.73,6.47,4.81,-0.004,-0.003,0.003,0.11,0.05,-80.3057025,26.9184009,114.95
-2.3,3.5,0.0,27.81,-4.16,-0.91,-1.48,-0.22,-0.12,-0.52,0.29,16.187,7.73,10.075,9.192,3.34,3.34,13.34,12.26,-0.004,-0.003,0.003,0.17,0.08,-80.305704,26.9183884,115.0
-1.5,3.4,0.0,27.58,-3.99,-1.96,-1.23,-0.23,0.59,-0.5,0.31,15.49,9.202,4.356,3.836,11.09,9.81,21.88,12.85,-0.004,-0.003,0.003,0.07,0.04,-80.3057055,26.918376,115.05
-3.7,3.4,0.0,27.34,-4.15,-0.42,-1.44,-0.15,0.93,-0.47,0.35,15.441,4.876,5.425,9.339,14.22,11.38,9.32,11.58,-0.004,-0.003,0.003,0.12,0.06,-80.305707,26.9183638,115.1
-5.0,3.4,0.0,27.11,-4.23,-0.15,-1.99,3.91,-1.62,-0.39,0.34,14.342,9.624,8.466,9.496,5.89,6.47,9.32,14.42,-0.005,-0.003,0.003,0.14,0.07,-80.3057086,26.9183516,115.15
-4.9,3.4,0.0,26.9,-3.43,-1.56,-2.38,-1.97,-0.48,-0.41,0.31,14.784,4.375,8.339,5.209,10.99,10.99,19.62,18.25,-0.005,-0.003,0.003,0.09,0.04,-80.3057101,26.9183396,115.2
-6.2,3.4,0.0,26.65,-4.04,-1.52,-3.57,0.79,0.83,-0.36,0.31,15.264,5.454,3.08,7.799,11.97,6.08,15.99,14.52,-0.005,-0.003,0.002,0.07,0.03,-80.3057117,26.9183276,115.25
-7.9,3.3,0.0,26.41,-5.28,-2.81,-4.31,-0.56,0.28,-0.37,0.31,10.605,11.144,7.024,6.71,10.4,7.06,6.87,9.32,-0.005,-0.003,0.003,0.06,0.03,-80.3057132,26.9183159,115.3
-7.8,3.3,0.0,26.25,-3.35,-3.74,-4.84,0.33,-0.62,-0.34,0.3,11.242,9.692,12.292,9.673,14.32,10.5,7.65,10.1,-0.005,-0.003,0.003,0.12,0.05,-80.3057148,26.9183041,115.35
-8.8,3.3,0.0,26.12,-1.4,-1.43,-5.33,-2.61,0.33,-0.35,0.28,7.632,16.088,7.652,8.751,9.71,9.03,8.14,10.4,-0.005,-0.002,0.003,0.14,0.07,-80.3057165,26.9182925,115.4
-11.0,3.2,0.0,26.0,-2.58,-2.3,-6.02,-0.47,-0.92,-0.35,0.24,6.73,11.517,7.681,7.495,12.26,8.04,16.68,12.56,-0.004,-0.002,0.004,0.14,0.06,-80.3057181,26.9182809,115.45
-13.0,3.3,0.0,25.89,-2.52,-3.33,-6.28,1.01,0.03,-0.36,0.2,7.22,11.919,8.652,6.22,9.42,12.16,15.6,8.53,-0.004,-0.001,0.004,0.07,0.03,-80.3057199,26.9182693,115.5
-15.2,3.3,0.0,25.81,-1.67,-3.38,-7.18,1.12,-0.18,-0.37,0.2,11.066,7.632,8.495,6.995,7.85,9.81,13.15,13.05,-0.004,-0.0,0.005,0.16,0.07,-80.3057217,26.9182579,115.55
-16.5,3.3,0.0,25.72,-1.03,-4.48,-8.8,0.66,0.46,-0.4,0.23,12.93,8.8,4.925,6.484,11.67,7.55,10.1,11.38,-0.004,-0.0,0.005,0.14,0.06,-80.3057237,26.9182464,115.6
-17.3,3.3,0.0,25.62,-2.43,-4.85,-9.82,-1.75,1.84,-0.45,0.27,10.977,8.388,9.83,8.505,15.01,11.77,6.97,14.81,-0.004,0.0,0.006,0.1,0.05,-80.3057257,26.918235,115.65
-19.4,3.2,0.0,25.55,-2.54,-4.91,-10.4,-0.92,1.34,-0.5,0.31,7.171,11.154,8.505,6.808,7.46,10.01,13.05,10.3,-0.004,0.001,0.007,0.15,0.07,-80.3057277,26.9182237,115.7
-20.5,3.3,0.0,25.45,-1.41,-5.34,-10.86,-0.23,0.95,-0.55,0.36,6.514,11.625,6.239,6.877,10.79,3.92,12.26,8.34,-0.004,0.0,0.008,0.24,0.11,-80.3057299,26.9182124,115.75
-22.5,3.3,0.0,25.36,-1.94,-5.47,-11.89,-0.57,-0.42,-0.65,0.36,12.635,8.005,7.318,7.348,13.44,9.42,17.17,10.59,-0.005,0.001,0.009,0.28,0.13,-80.3057322,26.9182012,115.8
-24.9,3.3,0.0,25.27,-1.28,-5.52,-12.8,-2.58,1.44,-0.72,0.41,11.272,10.036,8.093,5.719,4.71,11.18,12.95,11.18,-0.005,0.001,0.009,0.3,0.13,-80.3057345,26.9181901,115.85
-27.6,3.3,0.0,25.16,-2.61,-6.86,-13.73,-1.92,2.09,-0.84,0.45,9.31,9.182,9.624,8.103,6.87,6.67,6.47,17.46,-0.005,0.001,0.01,0.34,0.15,-80.305737,26.918179,115.9
-31.2,3.3,0.0,25.09,-2.56,-6.61,-15.12,-0.72,1.43,-0.86,0.48,8.358,9.604,9.82,5.543,12.36,10.69,21.39,9.52,-0.005,0.002,0.01,0.36,0.16,-80.3057397,26.918168,115.95
-35.0,3.3,0.0,25.01,-1.39,-6.98,-15.88,0.23,0.62,-0.94,0.5,6.229,9.732,9.526,5.239,9.12,8.44,12.46,13.24,-0.005,0.003,0.011,0.43,0.19,-80.3057424,26.9181571,116.0
-35.6,3.3,0.0,24.92,-1.59,-7.29,-17.42,-0.54,1.59,-1.04,0.56,13.214,9.329,9.938,7.505,8.73,11.18,9.91,13.05,-0.005,0.003,0.012,0.44,0.19,-80.3057453,26.9181462,116.05
-35.7,3.3,0.0,24.82,-1.45,-7.71,-18.58,-0.99,1.2,-1.08,0.62,13.155,9.663,10.83,9.712,12.65,9.42,11.87,6.18,-0.005,0.004,0.013,0.6,0.26,-80.3057485,26.9181354,116.1
-36.7,3.3,0.0,24.74,-0.53,-6.59,-19.28,-0.53,0.86,-1.12,0.66,11.291,12.351,8.25,7.505,13.34,8.73,8.24,16.68,-0.006,0.004,0.014,0.68,0.29,-80.3057517,26.9181247,116.15
-36.6,3.3,0.0,24.63,-2.66,-7.91,-19.07,1.08,0.54,-1.07,0.67,10.82,9.545,6.73,5.219,10.2,13.44,10.5,10.1,-0.006,0.004,0.014,0.75,0.32,-80.3057551,26.918114,116.2
-36.0,3.4,0.0,24.54,-2.21,-9.33,-19.54,0.93,0.28,-1.06,0.67,13.312,4.179,8.643,7.348,13.15,8.34,14.62,16.87,-0.006,0.004,0.015,0.68,0.29,-80.3057587,26.9181036,116.25
-36.6,3.4,0.0,24.44,-2.41,-7.65,-19.23,2.85,1.34,-0.96,0.68,12.871,9.212,8.25,7.77,15.4,4.12,15.7,17.27,-0.006,0.005,0.015,0.75,0.32,-80.3057624,26.9180932,116.3
-36.2,3.4,0.0,24.35,-1.65,-7.03,-18.38,4.29,1.37,-0.86,0.73,6.592,10.614,10.124,8.564,7.75,7.95,9.42,9.61,-0.005,0.005,0.016,0.74,0.32,-80.3057664,26.9180828,116.35
-36.7,3.4,0.0,24.25,-1.8,-7.05,-17.84,0.98,2.36,-0.81,0.83,12.988,10.222,6.759,4.807,8.63,11.18,11.48,12.95,-0.005,0.005,0.016,0.72,0.3,-80.3057705,26.9180726,116.4
-37.2,3.4,0.0,24.16,-2.22,-7.81,-18.94,0.02,1.75,-0.78,0.88,8.927,14.764,6.337,4.444,7.85,8.63,11.77,5.0,-0.006,0.004,0.017,0.65,0.28,-80.3057747,26.9180624,116.45
-36.6,3.4,0.0,24.07,-1.5,-6.5,-19.94,2.76,-2.37,-0.8,0.79,12.41,11.066,7.681,8.476,16.87,13.15,11.87,5.4,-0.007,0.004,0.017,0.73,0.31,-80.3057793,26.9180524,116.5
-37.9,3.4,0.0,23.98,-1.91,-8.85,-19.93,1.84,-2.32,-0.78,0.7,15.255,7.603,8.407,8.868,10.4,8.14,5.49,8.93,-0.007,0.003,0.015,0.66,0.28,-80.3057839,26.9180424,116.55
-37.6,3.4,0.0,23.91,-1.23,-8.04,-19.45,-2.19,0.05,-0.91,0.66,12.969,13.028,9.035,7.475,9.52,10.1,13.44,26.88,-0.007,0.004,0.016,0.68,0.28,-80.3057887,26.9180326,116.6
-37.4,3.3,0.0,23.88,-0.09,-9.47,-19.29,-0.83,-1.17,-0.9,0.59,13.312,4.169,11.154,8.358,16.09,13.15,15.7,16.58,-0.007,0.004,0.015,0.66,0.27,-80.3057936,26.9180228,116.65
-39.1,3.4,0.0,23.84,-0.56,-8.05,-19.05,-0.69,-0.9,-0.85,0.53,11.36,10.399,8.741,8.78,17.36,10.3,12.75,14.72,-0.006,0.004,0.015,0.63,0.26,-80.3057988,26.9180132,116.7
-40.1,3.3,0.0,23.78,-1.01,-8.66,-18.66,0.02,-1.4,-0.84,0.47,8.545,10.722,9.084,8.711,8.83,7.75,14.13,8.44,-0.006,0.005,0.015,0.62,0.26,-80.3058041,26.9180037,116.75
-43.0,3.4,0.0,23.73,-1.3,-9.91,-18.83,-0.93,0.86,-0.85,0.46,5.66,10.536,10.928,8.868,7.26,5.98,10.5,4.41,-0.006,0.005,0.015,0.54,0.22,-80.3058096,26.9179942,116.8
-44.4,3.4,0.0,23.67,-1.1,-8.45,-19.34,-1.77,1.35,-0.88,0.47,9.251,10.997,9.8,8.623,11.38,10.01,8.73,8.44,-0.006,0.005,0.015,0.48,0.2,-80.3058153,26.917985,116.85
-45.5,3.5,0.0,23.64,-0.39,-7.98,-21.06,0.84,-0.9,-0.89,0.45,14.038,7.632,8.172,8.849,15.11,11.09,11.97,4.22,-0.006,0.005,0.015,0.61,0.25,-80.3058212,26.9179757,116.9
-48.0,3.8,0.0,23.59,-1.16,-9.06,-22.14,-0.38,-0.03,-0.93,0.42,8.927,7.966,10.399,8.603,10.2,9.81,12.65,11.28,-0.006,0.005,0.015,0.65,0.27,-80.3058271,26.9179666,116.95
-48.0,4.6,0.0,23.54,-1.43,-8.96,-22.7,0.36,-0.39,-0.99,0.41,12.527,7.809,8.505,9.28,9.03,7.55,13.54,6.87,-0.006,0.005,0.015,0.69,0.29,-80.3058333,26.9179576,117.0
-47.9,5.2,0.0,23.5,-0.75,-8.75,-23.15,-1.26,0.29,-1.08,0.42,9.212,9.153,9.624,9.084,11.67,5.2,11.48,18.25,-0.006,0.005,0.016,0.72,0.29,-80.3058396,26.9179487,117.05
-48.4,5.2,0.0,23.44,-1.49,-8.37,-23.59,-1.75,1.18,-1.15,0.44,6.916,9.83,11.684,7.357,12.26,8.24,14.13,10.2,-0.006,0.005,0.016,0.84,0.34,-80.3058461,26.9179399,117.1
-47.7,5.2,0.0,23.3,-3.08,-7.96,-23.04,-0.87,1.56,-1.2,0.47,9.045,8.28,10.173,7.083,8.53,9.81,13.54,19.62,-0.006,0.005,0.017,0.98,0.4,-80.3058528,26.9179313,117.15
-47.5,5.4,0.0,23.14,-3.25,-8.8,-23.18,0.15,2.28,-1.21,0.58,11.88,13.332,9.408,7.779,7.85,9.22,7.95,7.65,-0.007,0.004,0.017,0.94,0.38,-80.3058595,26.9179229,117.2
-46.9,5.7,0.0,22.96,-4.15,-10.87,-23.95,0.41,3.37,-1.21,0.71,11.978,12.508,9.496,6.435,3.63,13.64,15.7,19.13,-0.008,0.004,0.018,0.99,0.4,-80.3058666,26.9179146,117.25
-46.6,5.3,0.0,22.79,-3.36,-8.78,-25.47,-0.2,1.81,-1.23,0.75,12.675,5.749,8.927,9.192,14.52,2.75,5.49,13.83,-0.009,0.003,0.019,1.04,0.41,-80.3058736,26.9179066,117.3
-46.8,3.4,0.0,22.56,-4.94,-10.6,-25.84,-1.48,2.66,-1.26,0.82,13.95,5.346,8.388,6.435,16.58,8.04,7.75,20.8,-0.009,0.003,0.021,1.14,0.45,-80.3058808,26.9178988,117.35
-45.8,3.4,0.0,22.44,-1.8,-7.98,-27.08,-0.69,-0.96,-1.3,0.82,15.058,7.985,6.985,7.877,11.38,11.97,8.34,11.18,-0.009,0.003,0.021,1.29,0.51,-80.3058881,26.9178911,117.4
-46.9,3.4,0.0,22.33,-2.29,-9.14,-26.36,0.49,-2.49,-1.44,0.74,11.517,8.025,9.888,6.318,7.55,10.4,12.36,20.6,-0.009,0.004,0.022,1.39,0.54,-80.3058955,26.9178836,117.45
-50.4,3.4,0.0,22.18,-2.81,-9.61,-24.02,-1.13,0.06,-1.49,0.67,7.917,14.695,9.006,6.671,7.46,10.99,13.73,17.95,-0.008,0.005,0.022,1.42,0.55,-80.305903,26.9178763,117.5
-54.4,3.3,0.0,22.06,-2.89,-11.55,-23.15,1.04,0.31,-1.49,0.66,5.033,13.891,5.749,9.212,14.62,9.61,14.13,20.8,-0.007,0.006,0.022,1.32,0.51,-80.3059107,26.9178691,117.55
-56.6,3.3,0.0,21.91,-2.68,-9.62,-23.22,-1.04,1.37,-1.6,0.71,8.76,13.106,9.702,6.318,11.87,15.6,12.56,10.3,-0.008,0.006,0.023,1.19,0.45,-80.3059186,26.9178623,117.6
-56.9,3.4,0.0,21.78,-2.76,-9.7,-25.19,3.33,0.48,-1.57,0.73,10.732,17.344,7.485,7.122,15.6,10.2,12.65,20.6,-0.008,0.005,0.024,1.21,0.46,-80.3059265,26.9178556,117.65
-58.5,3.4,0.0,21.64,-3.0,-11.31,-26.89,-3.62,0.93,-1.69,0.71,8.191,11.605,8.809,6.936,8.34,8.04,12.85,15.79,-0.008,0.005,0.023,1.14,0.43,-80.3059345,26.917849,117.7
-59.4,3.5,0.0,21.51,-2.61,-8.85,-26.88,-0.61,1.21,-1.73,0.69,9.192,11.968,9.653,5.396,6.67,2.55,12.75,23.45,-0.008,0.005,0.023,1.2,0.45,-80.3059428,26.9178427,117.75
-61.7,3.5,0.0,21.36,-3.58,-12.14,-27.12,-3.08,2.76,-1.75,0.74,9.673,13.381,8.074,5.886,8.53,9.81,10.5,13.73,-0.008,0.006,0.023,1.14,0.42,-80.3059511,26.9178366,117.8
-63.8,3.6,0.0,21.24,-2.66,-9.08,-28.52,-1.49,0.21,-1.79,0.75,8.142,17.795,7.063,5.239,7.36,10.3,14.52,19.13,-0.008,0.005,0.024,1.18,0.44,-80.3059594,26.9178306,117.85
-67.2,3.6,0.0,21.1,-3.9,-11.65,-29.33,-0.69,1.02,-1.83,0.72,6.926,13.283,11.164,8.603,12.95,12.16,12.07,11.77,-0.008,0.006,0.024,1.25,0.46,-80.3059679,26.9178251,117.9
-70.5,3.8,0.0,20.96,-2.12,-10.28,-29.43,-1.89,0.94,-1.88,0.69,8.456,15.725,10.82,7.014,9.52,6.87,15.3,0.1,-0.008,0.006,0.025,1.35,0.49,-80.3059764,26.9178196,117.95
-72.6,3.9,0.0,20.81,-2.99,-10.8,-29.85,-0.8,1.94,-1.96,0.71,5.268,13.253,10.614,7.201,11.28,12.65,10.99,15.11,-0.008,0.006,0.025,1.37,0.5,-80.3059851,26.9178143,118.0
-74.0,4.0,0.0,20.68,-3.18,-10.78,-31.46,-0.42,2.26,-2.02,0.76,8.417,13.626,8.172,6.671,13.64,11.18,12.36,18.05,-0.008,0.006,0.026,1.43,0.52,-80.3059938,26.9178093,118.05
-74.3,4.1,0.0,20.55,-2.69,-11.97,-32.36,-1.61,0.56,-2.03,0.75,9.869,10.811,11.291,7.554,9.91,10.1,12.85,9.03,-0.008,0.006,0.026,1.46,0.52,-80.3060026,26.9178046,118.1
-74.3,4.2,0.0,20.41,-2.01,-9.42,-33.03,1.84,-0.42,-2.09,0.72,10.134,7.24,9.359,6.779,8.83,6.77,13.83,12.85,-0.008,0.007,0.027,1.67,0.6,-80.3060115,26.9178,118.15
-73.0,4.4,0.0,20.28,-1.57,-11.46,-33.08,-0.01,1.84,-2.1,0.72,12.753,4.483,11.87,9.516,10.5,12.85,18.05,6.38,-0.008,0.007,0.027,1.81,0.64,-80.3060205,26.9177958,118.2
-69.7,4.4,0.0,20.13,-2.47,-10.78,-32.98,-2.07,2.89,-2.16,0.77,14.44,7.544,7.632,6.426,10.4,7.46,12.46,0.1,-0.008,0.007,0.027,1.85,0.65,-80.3060295,26.9177918,118.25
-63.5,4.5,0.0,20.0,-2.8,-11.74,-33.34,-0.48,2.39,-2.18,0.79,7.416,16.422,6.887,6.553,9.52,8.83,11.28,5.89,-0.008,0.007,0.028,1.99,0.69,-80.3060386,26.9177879,118.3
-61.3,4.5,0.0,19.86,-2.66,-10.15,-32.49,2.09,1.65,-2.15,0.81,6.622,14.313,7.122,7.338,6.97,8.83,10.4,16.09,-0.008,0.007,0.028,2.08,0.72,-80.3060477,26.9177844,118.35
-56.6,4.6,0.0,19.75,-2.39,-10.2,-32.06,1.24,1.67,-2.13,0.84,9.015,8.623,3.188,5.925,7.75,11.48,12.16,34.04,-0.008,0.008,0.028,2.16,0.74,-80.3060568,26.9177811,118.4
-55.7,4.7,0.0,19.62,-1.77,-10.67,-30.74,-0.04,0.09,-2.11,0.85,14.274,4.513,6.965,6.916,7.16,8.14,12.95,16.68,-0.008,0.007,0.027,2.17,0.74,-80.3060661,26.9177781,118.45
-54.1,4.9,0.0,19.5,-1.88,-10.94,-28.81,-1.06,1.9,-2.15,0.88,10.889,11.144,11.301,6.681,5.59,8.53,10.69,12.56,-0.008,0.007,0.027,2.13,0.72,-80.3060753,26.9177753,118.5
-54.1,5.3,0.0,19.38,-3.07,-10.91,-27.46,0.16,2.34,-2.08,0.88,5.003,10.379,9.584,5.425,5.79,6.87,6.38,9.32,-0.008,0.007,0.027,1.97,0.67,-80.3060846,26.9177727,118.55
-53.8,5.8,0.0,19.29,-1.45,-10.56,-26.52,2.76,0.58,-2.03,0.87,11.89,7.22,9.741,7.102,10.3,6.67,9.03,9.03,-0.008,0.007,0.027,1.74,0.59,-80.3060939,26.9177703,118.6
-53.5,6.5,0.0,19.2,-1.08,-11.13,-25.18,2.1,0.43,-2.0,0.87,15.98,9.329,10.526,9.369,11.87,4.51,7.26,7.46,-0.008,0.007,0.027,1.48,0.5,-80.3061032,26.9177682,118.65
-53.8,8.5,0.0,19.12,-1.04,-9.86,-24.06,0.05,0.49,-1.97,0.83,8.584,13.459,9.486,6.2,9.91,6.67,10.99,12.75,-0.008,0.007,0.026,1.36,0.45,-80.3061126,26.9177664,118.7
-54.7,18.3,0.0,19.07,-0.46,-7.54,-23.65,4.69,-1.77,-1.8,0.74,11.919,10.536,4.621,5.788,13.73,11.18,12.75,16.09,-0.007,0.007,0.025,1.06,0.35,-80.306122,26.9177648,118.75
-55.5,22.6,0.0,19.16,3.57,-5.18,-25.16,7.74,-6.06,-1.66,0.53,10.114,9.859,8.741,7.848,13.15,15.79,17.66,7.26,-0.006,0.007,0.021,1.0,0.33,-80.3061314,26.9177633,118.8
-57.9,21.1,0.0,19.35,4.48,-8.2,-27.49,4.86,-8.13,-1.48,0.21,8.957,11.644,14.146,6.622,10.4,10.69,23.94,12.65,-0.004,0.007,0.018,1.09,0.37,-80.3061409,26.917762,118.85
-61.4,19.1,0.0,19.52,3.59,-8.75,-27.99,-3.68,-5.29,-1.49,-0.1,8.701,5.994,7.858,8.78,10.79,8.73,14.42,8.73,-0.002,0.009,0.014,1.17,0.4,-80.3061505,26.9177609,118.9
-65.1,18.9,0.0,19.59,0.81,-11.16,-23.82,-6.73,-0.6,-1.68,-0.25,10.791,5.15,15.274,11.488,15.4,6.87,14.13,24.13,-0.002,0.01,0.013,0.87,0.3,-80.3061603,26.91776,118.95
-66.2,18.7,0.0,19.72,2.49,-5.95,-22.7,-1.64,1.86,-1.87,-0.24,13.891,5.984,7.269,9.378,13.83,8.44,13.34,10.01,-0.002,0.011,0.013,0.92,0.32,-80.3061701,26.9177594,119.0
-65.8,18.0,0.0,19.83,1.68,-10.84,-23.6,0.76,3.07,-1.83,-0.15,10.644,8.201,12.822,5.994,11.97,5.2,11.77,5.2,-0.003,0.01,0.013,0.65,0.23,-80.3061799,26.9177589,119.05
-63.3,17.0,0.0,19.97,3.29,-7.5,-25.99,-2.36,0.75,-1.8,-0.14,12.763,8.466,10.722,7.348,14.81,9.81,17.07,7.65,-0.003,0.01,0.013,0.73,0.25,-80.3061898,26.9177586,119.1
-58.3,14.5,0.0,20.1,1.58,-8.63,-26.86,-0.53,-0.07,-1.77,-0.18,8.28,10.575,11.537,8.132,19.33,6.18,16.87,4.02,-0.003,0.009,0.013,0.72,0.25,-80.3061998,26.9177585,119.15
-56.1,13.4,0.0,20.24,2.85,-8.6,-25.75,-0.96,0.47,-1.73,-0.22,11.203,8.76,11.85,8.025,10.4,11.28,12.26,7.36,-0.003,0.01,0.012,0.78,0.28,-80.3062099,26.9177586,119.2
-56.7,13.0,0.0,20.37,2.87,-7.6,-24.5,0.98,-0.34,-1.67,-0.28,8.103,13.508,8.574,10.408,15.6,3.34,18.34,5.59,-0.002,0.01,0.012,0.85,0.3,-80.30622,26.9177589,119.25
-60.2,12.7,0.0,20.49,2.74,-8.63,-23.11,0.71,1.56,-1.62,-0.27,9.015,6.102,10.624,8.182,12.16,9.32,18.93,10.5,-0.002,0.01,0.012,0.85,0.3,-80.3062302,26.9177593,119.3
-62.1,12.4,0.0,20.61,2.02,-7.23,-22.41,0.13,1.03,-1.6,-0.25,6.808,10.33,10.036,8.26,10.89,5.3,14.32,8.24,-0.002,0.01,0.012,0.74,0.27,-80.3062405,26.9177601,119.35
-62.5,11.9,0.0,20.74,3.28,-8.13,-23.52,-1.5,1.37,-1.63,-0.2,10.752,3.953,11.801,8.898,7.46,5.98,13.05,9.32,-0.002,0.01,0.012,0.75,0.27,-80.3062508,26.917761,119.4
-62.6,11.0,0.0,20.84,1.51,-9.06,-24.26,-1.45,1.79,-1.61,-0.17,7.809,9.859,11.115,8.289,7.46,10.3,16.48,5.2,-0.003,0.01,0.013,0.7,0.26,-80.3062611,26.917762,119.45
-64.0,10.4,0.0,20.97,3.06,-8.3,-24.74,-0.41,0.12,-1.57,-0.17,15.176,8.427,8.858,8.829,10.3,10.2,15.79,7.06,-0.003,0.01,0.012,0.72,0.27,-80.3062714,26.9177633,119.5
-65.6,10.2,0.0,21.05,1.93,-8.06,-25.23,-1.97,0.82,-1.65,-0.16,11.831,6.583,9.064,4.022,12.07,10.69,15.3,5.1,-0.003,0.01,0.013,0.78,0.29,-80.3062818,26.9177648,119.55
-67.2,9.9,0.0,21.12,1.74,-9.8,-25.29,2.09,0.72,-1.61,-0.15,10.271,13.008,10.585,9.575,14.32,11.77,17.36,10.2,-0.003,0.01,0.013,0.75,0.28,-80.3062921,26.9177665,119.6
-68.1,9.8,0.0,21.2,1.89,-8.05,-25.33,-0.85,0.96,-1.66,-0.12,10.958,9.918,10.565,5.189,12.56,7.46,19.52,0.69,-0.003,0.009,0.013,0.8,0.3,-80.3063025,26.9177685,119.65
-68.1,9.6,0.0,21.26,1.91,-8.43,-25.42,1.29,0.35,-1.64,-0.11,10.114,7.593,8.701,6.131,14.62,10.5,23.74,10.2,-0.003,0.009,0.014,0.82,0.3,-80.3063128,26.9177706,119.7
-68.0,9.4,0.0,21.3,0.57,-10.54,-25.92,-0.98,1.14,-1.69,-0.12,10.202,10.477,11.9,7.25,10.79,9.42,16.68,2.06,-0.004,0.009,0.014,0.81,0.3,-80.3063231,26.9177729,119.75
-68.6,9.2,0.0,21.36,0.72,-9.29,-25.84,3.01,0.47,-1.64,-0.11,4.67,12.174,9.624,8.957,13.73,13.54,19.13,15.21,-0.004,0.009,0.014,0.88,0.33,-80.3063334,26.9177754,119.8
-69.8,8.9,0.0,21.39,0.59,-9.69,-25.52,-1.11,0.69,-1.7,-0.08,9.27,9.535,11.095,5.101,6.77,14.22,9.12,19.13,-0.004,0.009,0.015,0.81,0.3,-80.3063437,26.9177782,119.85
-71.1,8.4,0.0,21.45,1.54,-7.57,-26.14,-0.94,0.58,-1.71,-0.09,8.996,9.486,6.681,6.239,10.2,8.44,16.19,9.81,-0.004,0.009,0.015,0.88,0.33,-80.3063538,26.9177812,119.9
-72.3,8.2,0.0,21.48,0.42,-10.24,-25.82,-2.15,1.03,-1.78,-0.1,12.125,4.728,12.655,8.898,11.58,13.93,16.09,17.85,-0.004,0.01,0.015,0.84,0.32,-80.306364,26.9177844,119.95
-72.7,7.9,0.0,21.51,1.19,-10.63,-26.45,0.48,1.5,-1.77,-0.07,7.24,9.486,9.378,6.661,7.16,14.72,15.6,13.24,-0.004,0.01,0.016,0.81,0.3,-80.306374,26.9177878,120.0
-72.6,7.7,0.0,21.49,0.01,-10.36,-26.35,0.25,0.58,-1.8,-0.06,9.133,13.656,9.859,7.77,11.97,5.59,17.56,20.21,-0.004,0.01,0.016,0.92,0.35,-80.306384,26.9177914,120.05
-72.8,7.6,0.0,21.52,0.94,-9.59,-26.75,-3.17,1.76,-1.85,-0.03,13.204,5.503,10.634,4.287,11.09,9.91,15.4,11.48,-0.004,0.009,0.016,0.91,0.34,-80.3063939,26.9177951,120.1
-72.9,7.4,0.0,21.5,0.8,-9.29,-27.04,-0.51,1.16,-1.91,-0.01,13.93,6.975,11.586,6.504,16.97,9.61,13.05,18.93,-0.004,0.01,0.017,0.92,0.34,-80.3064037,26.9177991,120.15
-73.5,7.3,0.0,21.5,-0.24,-12.3,-27.44,-2.65,2.53,-1.93,0.02,13.185,10.428,11.635,7.75,8.83,6.18,13.44,10.59,-0.005,0.009,0.017,0.91,0.34,-80.3064134,26.9178033,120.2
-74.2,7.2,0.0,21.46,-0.78,-11.2,-27.32,2.84,1.45,-1.91,0.02,7.652,9.967,8.564,9.084,8.44,11.38,1.77,12.85,-0.005,0.01,0.017,1.01,0.38,-80.3064229,26.9178077,120.25
-77.4,7.0,0.0,21.43,-0.76,-10.52,-27.91,-3.54,1.74,-1.99,0.05,11.38,10.163,12.086,5.719,8.53,10.79,7.85,13.24,-0.005,0.009,0.017,0.93,0.35,-80.3064323,26.9178123,120.3
-78.0,6.8,0.0,21.41,0.06,-9.71,-28.35,0.29,1.82,-1.96,0.06,8.996,12.174,12.537,6.798,8.34,6.97,4.81,19.23,-0.005,0.009,0.018,1.03,0.38,-80.3064416,26.917817,120.35
-78.6,6.7,0.0,21.35,-1.59,-12.72,-28.89,-3.68,2.39,-2.02,0.1,11.075,7.191,10.379,9.035,13.54,10.2,14.03,11.77,-0.005,0.009,0.018,1.0,0.37,-80.3064507,26.917822,120.4
-78.0,6.6,0.0,21.29,-0.71,-9.18,-29.26,0.5,1.99,-2.0,0.14,10.34,13.479,10.183,6.759,9.12,11.38,11.09,20.9,-0.005,0.009,0.019,1.14,0.42,-80.3064597,26.9178271,120.45
-77.0,6.5,0.0,21.23,-0.7,-10.67,-29.63,0.11,1.89,-1.98,0.19,9.251,8.034,11.743,7.495,11.58,12.36,11.09,12.46,-0.005,0.009,0.02,1.18,0.44,-80.3064685,26.9178324,120.5
-74.6,6.5,0.0,21.16,-1.07,-9.46,-30.76,1.3,2.29,-1.96,0.27,9.084,12.733,7.711,6.082,10.89,14.42,16.68,25.8,-0.006,0.009,0.021,1.28,0.47,-80.3064772,26.9178379,120.55
-70.9,6.4,0.0,21.1,-0.77,-11.67,-30.68,-3.01,2.49,-2.03,0.31,11.988,5.484,11.488,9.123,8.44,12.56,12.16,13.54,-0.006,0.009,0.021,1.36,0.5,-80.3064856,26.9178436,120.6
-68.2,6.4,0.0,21.03,-2.5,-11.05,-31.15,1.2,1.82,-2.0,0.29,10.762,13.067,7.426,6.72,8.14,11.28,17.56,20.4,-0.006,0.009,0.021,1.53,0.56,-80.3064939,26.9178494,120.65
-66.1,6.4,0.0,20.98,-1.14,-11.06,-29.72,-4.25,2.03,-2.06,0.28,13.185,7.76,11.311,9.251,9.61,12.07,9.71,14.72,-0.006,0.009,0.021,1.59,0.58,-80.3065019,26.9178554,120.7
-65.0,6.4,0.0,20.9,-2.03,-11.58,-28.6,0.98,1.47,-1.99,0.29,8.495,16.667,10.31,5.582,9.03,12.65,10.2,18.93,-0.006,0.009,0.021,1.51,0.55,-80.3065098,26.9178616,120.75
-64.1,6.4,0.0,20.85,-0.98,-9.66,-27.93,-0.74,1.66,-2.0,0.32,9.624,8.093,11.782,7.387,6.28,12.16,12.36,12.36,-0.006,0.009,0.021,1.6,0.58,-80.3065175,26.9178679,120.8
-63.9,6.4,0.0,20.76,-1.43,-10.76,-27.46,-0.44,1.66,-2.01,0.35,8.437,13.695,10.075,6.377,10.69,9.22,9.12,-8.53,-0.006,0.009,0.022,1.43,0.52,-80.3065249,26.9178744,120.85
-66.4,6.4,0.0,20.69,-2.07,-12.0,-27.25,1.2,1.73,-1.96,0.36,10.124,9.565,11.409,8.034,10.3,11.77,12.75,7.85,-0.006,0.009,0.022,1.34,0.48,-80.3065322,26.917881,120.9
-71.5,6.4,0.0,20.62,-1.3,-10.44,-27.02,-3.51,1.71,-2.01,0.35,9.8,11.105,9.682,6.798,13.24,7.06,8.73,5.1,-0.006,0.009,0.022,1.37,0.49,-80.3065393,26.9178878,120.95
-80.9,6.4,0.0,20.54,-1.97,-11.24,-27.23,-0.11,-0.09,-2.01,0.33,9.32,14.421,11.134,9.486,13.34,13.24,5.69,10.59,-0.006,0.009,0.021,1.16,0.41,-80.306546,26.9178948,121.0
-83.6,6.4,0.0,20.47,-1.21,-10.42,-27.96,-1.18,2.19,-2.05,0.37,8.495,10.242,8.77,7.711,13.34,4.61,11.28,10.2,-0.006,0.009,0.022,1.14,0.41,-80.3065526,26.9179018,121.05
-83.0,6.5,0.0,20.38,-1.43,-10.83,-29.98,0.82,1.47,-2.04,0.38,9.781,8.299,7.014,7.053,9.03,6.38,7.85,5.49,-0.006,0.009,0.022,1.14,0.41,-80.306559,26.9179089,121.1
-77.9,6.6,0.0,20.32,-1.42,-10.85,-31.1,1.51,0.87,-2.05,0.4,11.193,8.299,9.339,7.868,13.93,7.55,9.61,7.06,-0.006,0.009,0.022,1.13,0.4,-80.3065652,26.9179162,121.15
-70.8,6.8,0.0,20.24,-1.42,-12.36,-32.25,0.12,0.15,-2.08,0.4,13.548,7.946,10.114,9.712,11.28,7.65,11.38,8.44,-0.007,0.009,0.022,1.22,0.43,-80.3065711,26.9179235,121.2
-66.7,7.0,0.0,20.16,-1.29,-10.49,-31.67,1.49,0.19,-2.06,0.39,15.549,8.25,11.282,7.112,10.69,3.43,12.36,5.98,-0.007,0.009,0.022,1.33,0.47,-80.3065767,26.917931,121.25
-67.1,7.2,0.0,20.09,-0.99,-11.82,-30.13,-0.33,0.97,-2.04,0.37,12.007,6.102,10.075,7.367,9.52,8.53,10.4,13.44,-0.006,0.009,0.022,1.39,0.49,-80.3065822,26.9179385,121.3
-68.8,7.4,0.0,20.03,-0.44,-11.21,-28.49,-4.68,2.46,-2.09,0.38,12.223,5.827,11.497,8.466,9.22,3.04,7.65,3.43,-0.006,0.008,0.022,1.28,0.45,-80.3065873,26.9179462,121.35
-69.9,8.0,0.0,19.97,-1.47,-9.67,-28.83,0.09,1.12,-2.08,0.35,8.191,14.872,9.555,8.456,4.91,7.85,11.97,7.16,-0.006,0.009,0.022,1.31,0.45,-80.3065923,26.917954,121.4
-70.2,8.5,0.0,19.92,-0.91,-12.26,-28.32,1.62,-0.7,-2.06,0.31,6.357,13.41,11.86,7.387,10.5,8.73,15.21,18.25,-0.006,0.008,0.022,1.21,0.42,-80.3065971,26.9179618,121.45
-68.1,9.2,0.0,19.88,-1.19,-11.4,-27.73,-1.86,1.32,-2.13,0.31,6.524,8.417,6.759,4.885,7.85,10.99,20.31,26.19,-0.006,0.009,0.022,1.17,0.41,-80.3066014,26.9179698,121.5
-67.0,9.9,0.0,19.86,-0.01,-10.44,-27.13,1.17,0.15,-2.06,0.28,11.389,11.154,12.547,10.055,11.38,6.67,17.27,14.32,-0.006,0.009,0.021,1.07,0.37,-80.3066057,26.9179778,121.55
-65.5,10.8,0.0,19.84,-0.29,-10.24,-26.41,1.7,-0.12,-2.02,0.25,9.163,10.654,8.064,3.963,13.64,6.77,18.44,2.65,-0.005,0.009,0.021,0.95,0.33,-80.3066097,26.9179861,121.6
-66.1,12.1,0.0,19.85,1.24,-8.52,-25.53,0.09,-0.87,-2.0,0.2,12.841,4.022,11.556,5.984,14.72,6.28,16.97,12.56,-0.005,0.009,0.02,0.91,0.31,-80.3066135,26.9179943,121.65
-66.3,13.2,0.0,19.83,-0.52,-10.66,-24.8,-1.33,1.45,-2.0,0.19,14.509,7.868,10.634,5.494,13.93,6.08,13.05,4.81,-0.005,0.009,0.02,0.81,0.28,-80.3066171,26.9180025,121.7
-66.9,14.0,0.0,19.83,-0.25,-10.32,-24.08,0.98,0.38,-1.91,0.15,12.616,11.929,13.037,9.143,15.6,8.63,15.11,3.34,-0.005,0.008,0.018,0.62,0.22,-80.3066205,26.9180109,121.75
-67.0,14.6,0.0,19.86,0.14,-9.66,-24.76,-0.35,0.79,-1.88,0.12,9.27,7.642,8.888,8.8,15.4,7.85,13.34,13.73,-0.005,0.008,0.018,0.57,0.2,-80.3066235,26.9180194,121.8
-67.4,14.9,0.0,19.9,1.73,-8.35,-24.77,-2.14,-0.01,-1.81,0.09,9.094,11.468,11.566,7.72,11.77,4.51,9.12,11.58,-0.005,0.008,0.018,0.6,0.21,-80.3066264,26.9180279,121.85
-68.0,15.1,0.0,19.9,-0.13,-8.36,-24.35,1.51,-0.19,-1.78,0.06,8.633,12.763,5.239,3.865,15.21,6.97,5.1,12.07,-0.005,0.008,0.017,0.56,0.2,-80.3066292,26.9180364,121.9
-71.6,15.2,0.0,19.93,0.06,-9.99,-25.23,1.62,1.43,-1.76,0.06,7.907,10.242,8.839,6.671,13.54,6.08,13.24,13.93,-0.004,0.008,0.017,0.44,0.15,-80.3066317,26.9180451,121.95
-73.2,15.4,0.0,19.94,-0.14,-9.75,-25.48,-1.47,1.43,-1.81,0.07,12.724,5.67,9.869,8.701,10.89,5.49,11.28,15.99,-0.005,0.009,0.017,0.5,0.17,-80.306634,26.9180538,122.0
-74.8,15.4,0.0,19.97,1.38,-10.19,-27.02,3.48,0.2,-1.77,0.08,11.88,10.928,9.113,8.309,10.59,2.94,11.67,17.07,-0.005,0.008,0.017,0.47,0.16,-80.3066361,26.9180625,122.05
-74.6,15.5,0.0,19.99,0.64,-8.82,-27.83,-3.3,0.89,-1.86,0.09,13.626,3.777,9.947,7.308,10.59,10.5,10.01,15.21,-0.005,0.009,0.017,0.62,0.22,-80.3066379,26.9180713,122.1
-75.2,15.7,0.0,19.99,-0.45,-10.41,-28.72,0.5,0.89,-1.86,0.07,11.517,7.279,6.318,6.445,8.53,-0.1,1.57,15.3,-0.005,0.008,0.017,0.67,0.23,-80.3066395,26.9180802,122.15
-75.2,15.9,0.0,20.01,-0.4,-10.29,-28.45,-1.29,1.37,-1.93,0.07,12.037,7.691,8.751,8.633,10.3,10.99,3.43,18.05,-0.005,0.009,0.017,0.69,0.24,-80.3066409,26.918089,122.2
-75.6,16.2,0.0,20.03,0.76,-9.31,-28.79,-2.87,1.59,-1.99,0.08,9.624,3.826,11.488,9.624,9.22,7.95,8.73,13.34,-0.005,0.009,0.018,0.79,0.27,-80.3066421,26.9180979,122.25
-74.5,16.3,0.0,20.05,0.3,-9.98,-28.32,-2.24,0.83,-2.04,0.1,11.282,13.42,4.13,3.394,7.65,10.3,6.47,12.07,-0.005,0.009,0.018,0.81,0.28,-80.3066431,26.9181069,122.3
-72.4,16.3,0.0,20.07,0.22,-10.73,-28.63,-0.44,1.58,-2.07,0.1,6.121,11.409,12.881,7.671,7.16,10.4,2.35,18.93,-0.005,0.009,0.018,0.84,0.29,-80.3066437,26.9181158,122.35
-69.0,16.5,0.0,20.08,0.12,-10.12,-28.06,-1.26,1.62,-2.12,0.08,7.838,11.468,9.476,5.651,6.67,9.12,9.03,13.15,-0.005,0.009,0.018,1.0,0.35,-80.3066442,26.9181248,122.4
-67.0,16.8,0.0,20.14,0.98,-9.9,-27.77,2.1,-0.01,-2.07,0.04,8.319,11.517,8.849,6.769,9.32,9.81,2.75,17.46,-0.005,0.009,0.018,0.97,0.34,-80.3066444,26.9181338,122.45
-64.5,17.2,0.0,20.18,0.74,-10.56,-26.79,-3.12,1.32,-2.11,0.02,10.114,9.633,9.673,7.877,12.36,14.13,18.05,11.38,-0.004,0.009,0.018,1.05,0.37,-80.3066445,26.9181428,122.5
-63.4,17.3,0.0,20.23,1.48,-7.1,-25.94,2.33,-0.96,-2.05,-0.03,13.695,14.068,7.603,7.632,13.05,8.44,10.5,12.56,-0.004,0.009,0.018,1.09,0.38,-80.3066442,26.9181519,122.55
-62.6,17.6,0.0,20.29,0.06,-9.88,-24.76,-2.9,2.42,-2.08,-0.02,6.69,10.575,13.41,8.054,9.12,11.77,12.85,10.2,-0.004,0.009,0.017,1.05,0.37,-80.3066438,26.918161,122.6
-62.4,17.9,0.0,20.33,1.31,-8.16,-23.61,2.14,-0.04,-2.0,-0.05,13.273,9.486,9.418,7.161,14.62,3.04,9.32,15.11,-0.004,0.009,0.017,0.98,0.35,-80.306643,26.9181701,122.65
-62.2,18.3,0.0,20.37,0.62,-9.4,-22.39,-2.07,2.17,-2.03,-0.0,7.328,9.202,13.577,9.957,10.1,10.69,11.38,14.03,-0.004,0.009,0.017,0.83,0.29,-80.306642,26.9181792,122.7
-61.4,18.8,0.0,20.42,1.36,-8.73,-22.5,2.32,0.21,-1.97,0.01,15.951,8.446,11.35,8.564,14.91,0.69,6.77,7.85,-0.004,0.009,0.017,0.7,0.25,-80.3066409,26.9181883,122.75
-61.2,19.4,0.0,20.49,2.18,-7.93,-22.62,0.45,-0.54,-1.93,-0.0,11.694,11.998,13.283,9.457,19.72,11.28,9.61,11.09,-0.004,0.009,0.016,0.75,0.27,-80.3066396,26.9181974,122.8
-60.2,19.8,0.0,20.55,0.65,-9.05,-22.76,-0.64,-0.64,-1.88,-0.07,14.44,10.977,11.998,8.358,9.12,7.26,14.32,2.84,-0.004,0.009,0.016,0.66,0.24,-80.306638,26.9182065,122.85
-59.0,20.3,0.0,20.61,1.47,-7.42,-22.13,2.6,-0.76,-1.83,-0.11,10.919,11.115,12.567,8.24,11.28,10.89,10.69,9.42,-0.004,0.009,0.015,0.61,0.22,-80.3066361,26.9182156,122.9
-55.9,20.7,0.0,20.67,0.7,-8.86,-21.26,0.44,1.44,-1.76,-0.11,10.516,12.007,12.37,7.387,6.47,5.3,17.27,2.94,-0.004,0.009,0.015,0.57,0.2,-80.3066341,26.9182246,122.95
-54.9,21.4,0.0,20.71,1.1,-7.58,-21.25,2.94,-0.09,-1.67,-0.1,8.868,7.877,9.918,6.573,8.83,10.89,10.01,10.59,-0.004,0.008,0.015,0.54,0.2,-80.3066319,26.9182337,123.0
-53.8,22.0,0.0,20.77,1.74,-8.29,-21.25,-1.5,0.59,-1.68,-0.1,12.724,10.713,11.115,5.984,8.63,11.09,13.34,3.43,-0.004,0.008,0.014,0.5,0.18,-80.3066295,26.9182428,123.05
-54.1,22.5,0.0,20.85,2.42,-8.04,-21.0,2.33,-2.12,-1.57,-0.16,9.28,10.713,10.399,9.074,8.83,15.21,12.36,13.83,-0.004,0.008,0.014,0.51,0.19,-80.3066269,26.9182518,123.1
-54.8,23.3,0.0,20.96,3.5,-6.63,-20.89,-0.03,-0.66,-1.55,-0.23,10.212,13.253,10.762,6.867,13.73,6.87,11.48,0.49,-0.003,0.008,0.013,0.53,0.19,-80.3066241,26.9182609,123.15
-54.8,24.4,0.0,21.04,1.48,-9.24,-20.34,-1.86,0.46,-1.51,-0.27,9.535,10.575,11.478,11.733,13.05,10.4,14.91,7.06,-0.003,0.008,0.012,0.51,0.19,-80.3066211,26.9182699,123.2
-55.1,25.3,0.0,21.15,1.55,-8.84,-21.12,0.72,-0.46,-1.47,-0.31,7.269,9.653,12.213,5.896,11.38,12.95,13.64,7.46,-0.003,0.009,0.012,0.52,0.19,-80.3066178,26.918279,123.25
-54.9,25.8,0.0,21.33,3.8,-6.76,-22.65,1.14,-1.87,-1.37,-0.38,6.847,14.558,12.567,11.134,12.46,11.87,14.03,10.2,-0.003,0.009,0.011,0.66,0.25,-80.3066144,26.918288,123.3
-54.8,25.9,0.0,21.48,3.13,-7.48,-23.41,-1.87,0.1,-1.39,-0.45,12.243,7.603,8.535,6.504,9.61,11.18,16.87,24.13,-0.002,0.009,0.011,0.71,0.27,-80.3066108,26.9182971,123.35
-54.6,26.1,0.0,21.64,3.71,-7.11,-23.16,-0.74,0.11,-1.4,-0.49,12.841,4.768,10.34,8.182,11.09,13.73,10.2,14.62,-0.002,0.009,0.011,0.86,0.33,-80.306607,26.9183061,123.4
-54.1,26.1,0.0,21.78,2.86,-7.74,-24.03,-1.46,0.23,-1.45,-0.5,12.92,2.659,12.959,9.025,9.22,14.13,6.47,19.52,-0.002,0.01,0.011,0.98,0.37,-80.306603,26.9183152,123.45
-53.6,26.0,0.0,21.94,2.73,-8.14,-24.06,-2.62,1.31,-1.47,-0.5,10.546,7.308,9.987,6.239,7.55,9.61,2.55,15.6,-0.002,0.01,0.011,1.1,0.42,-80.3065988,26.9183242,123.5
-51.4,24.3,0.0,22.11,3.05,-7.76,-24.89,-1.29,-0.18,-1.5,-0.54,8.123,10.085,8.898,4.758,12.46,12.26,9.12,5.49,-0.001,0.01,0.011,1.23,0.47,-80.3065942,26.9183333,123.55
-48.6,22.3,0.0,22.27,3.2,-11.03,-24.65,-2.1,0.62,-1.52,-0.53,11.213,8.849,4.689,5.396,11.77,10.79,11.38,7.16,-0.001,0.01,0.011,1.33,0.52,-80.3065895,26.9183423,123.6
-42.2,22.4,0.0,22.42,3.92,-10.61,-23.93,0.77,0.75,-1.55,-0.52,11.203,9.633,5.386,6.435,18.05,10.5,11.67,8.73,-0.001,0.011,0.012,1.43,0.56,-80.3065846,26.9183513,123.65
-39.2,22.3,0.0,22.56,3.1,-5.88,-22.39,-0.91,1.29,-1.55,-0.49,7.828,9.928,8.751,7.897,8.63,7.46,15.7,18.64,-0.002,0.01,0.012,1.58,0.62,-80.3065795,26.9183603,123.7
-37.1,22.5,0.0,22.71,3.49,-9.5,-20.4,1.74,1.04,-1.46,-0.49,9.035,13.302,3.796,3.002,6.47,11.28,16.78,6.57,-0.002,0.01,0.011,1.5,0.6,-80.3065741,26.9183693,123.75
-36.9,23.1,0.0,22.86,3.25,-8.11,-18.75,0.67,0.57,-1.43,-0.51,9.369,9.369,6.769,5.317,9.71,12.36,19.72,10.1,-0.002,0.01,0.011,1.43,0.57,-80.3065684,26.9183782,123.8
-37.6,23.3,0.0,23.02,3.47,-7.28,-16.91,3.87,-1.29,-1.32,-0.55,8.231,9.163,4.11,3.983,12.07,13.05,15.5,2.75,-0.002,0.01,0.01,1.3,0.52,-80.3065626,26.9183871,123.85
-37.8,23.5,0.0,23.19,3.36,-10.19,-14.99,0.77,1.14,-1.28,-0.55,10.281,3.983,10.124,7.122,15.79,9.42,15.4,23.94,-0.001,0.01,0.01,1.08,0.44,-80.3065566,26.918396,123.9
-40.2,24.3,0.0,23.34,2.77,-5.33,-14.85,0.99,1.1,-1.17,-0.53,9.987,4.925,6.798,5.719,11.18,9.12,18.34,15.7,-0.002,0.01,0.01,0.97,0.39,-80.3065503,26.9184048,123.95
-40.7,24.3,0.0,23.5,4.08,-6.52,-15.42,0.92,-1.39,-1.13,-0.57,10.291,11.537,13.087,8.701,9.61,12.95,6.57,14.32,-0.002,0.009,0.01,0.86,0.35,-80.3065439,26.9184136,124.0
-40.3,24.3,0.0,23.64,2.28,-7.11,-16.03,1.33,-1.42,-1.1,-0.64,7.22,11.488,9.741,7.681,10.99,10.2,6.38,10.69,-0.002,0.009,0.009,0.78,0.32,-80.3065372,26.9184224,124.05
-40.3,24.7,0.0,23.82,4.66,-7.98,-16.11,-2.03,0.12,-1.15,-0.67,12.213,9.496,12.056,8.27,11.38,14.32,14.42,14.42,-0.002,0.009,0.009,0.67,0.28,-80.3065303,26.9184312,124.1
-39.7,24.9,0.0,23.96,3.25,-6.64,-17.05,0.51,-0.07,-1.15,-0.71,9.83,8.966,5.396,5.719,10.89,7.95,19.13,13.73,-0.002,0.008,0.009,0.66,0.28,-80.3065233,26.9184399,124.15
-39.7,24.8,0.0,24.12,3.28,-6.79,-17.3,-2.0,-0.18,-1.21,-0.73,10.153,8.162,8.054,8.378,11.87,8.44,20.7,6.28,-0.002,0.009,0.008,0.65,0.27,-80.3065161,26.9184486,124.2
-39.6,24.6,0.0,24.26,2.2,-7.91,-17.7,-1.15,-0.22,-1.24,-0.78,7.377,5.994,7.779,2.246,10.5,8.24,13.34,14.91,-0.002,0.009,0.008,0.73,0.31,-80.3065087,26.9184572,124.25
-38.9,24.5,0.0,24.42,3.72,-6.87,-16.63,-2.13,-0.02,-1.28,-0.8,7.063,12.537,8.201,6.308,11.18,11.67,11.77,8.73,-0.001,0.009,0.008,0.8,0.34,-80.3065012,26.9184658,124.3
-39.4,24.7,0.0,24.56,2.98,-5.82,-16.23,-0.03,1.62,-1.29,-0.78,9.408,3.384,10.85,6.239,9.03,11.28,6.87,12.95,-0.001,0.009,0.009,0.85,0.36,-80.3064934,26.9184743,124.35
-38.4,24.7,0.0,24.71,3.73,-7.93,-15.83,1.24,1.2,-1.32,-0.73,8.917,11.419,7.966,10.212,6.38,10.89,7.26,11.09,-0.001,0.01,0.009,0.79,0.34,-80.3064855,26.9184828,124.4
-37.4,24.8,0.0,24.86,3.05,-5.55,-16.72,-2.98,1.25,-1.39,-0.7,4.777,10.752,3.12,9.643,9.32,10.59,14.62,7.46,-0.001,0.009,0.009,0.82,0.36,-80.3064773,26.9184913,124.45
-36.7,24.8,0.0,25.0,3.13,-7.47,-16.85,-0.32,1.04,-1.43,-0.7,7.976,2.855,7.387,4.876,12.65,8.63,12.75,17.46,-0.001,0.01,0.009,0.85,0.37,-80.306469,26.9184997,124.5
-34.3,24.8,0.0,25.15,3.37,-8.27,-15.65,-1.15,1.0,-1.47,-0.65,6.239,9.977,6.69,5.17,5.79,11.97,11.38,9.81,-0.001,0.01,0.009,0.8,0.35,-80.3064605,26.918508,124.55
-32.2,24.8,0.0,25.29,2.89,-6.53,-15.19,0.48,1.37,-1.51,-0.6,11.252,6.945,7.397,5.14,12.16,4.41,9.91,10.01,-0.0,0.009,0.009,0.9,0.4,-80.3064519,26.9185163,124.6
-29.8,24.9,0.0,25.43,2.78,-5.5,-15.02,-1.59,1.37,-1.59,-0.54,10.909,3.551,8.299,4.709,12.95,13.34,9.81,14.32,-0.0,0.01,0.009,0.95,0.42,-80.3064431,26.9185246,124.65
-25.6,24.8,0.0,25.59,3.32,-6.78,-13.67,-2.59,1.87,-1.67,-0.5,8.751,10.379,11.075,7.75,5.69,11.97,17.95,4.02,-0.001,0.009,0.009,0.9,0.4,-80.3064341,26.9185327,124.7
-21.9,24.9,0.0,25.74,2.79,-5.5,-12.46,-0.54,1.04,-1.74,-0.49,7.22,14.107,5.68,8.545,10.69,5.79,10.99,18.05,-0.0,0.009,0.009,0.81,0.36,-80.3064249,26.9185408,124.75
-16.9,25.1,0.0,25.9,3.06,-5.11,-10.6,-0.35,1.15,-1.78,-0.47,7.622,5.425,9.8,6.072,12.07,11.18,4.81,11.18,-0.0,0.009,0.009,0.79,0.36,-80.3064155,26.9185488,124.8
-10.3,25.0,0.0,26.05,3.19,-4.87,-8.83,0.38,0.97,-1.78,-0.44,5.121,6.906,2.011,7.279,4.32,10.5,10.01,8.53,-0.0,0.008,0.008,0.77,0.35,-80.306406,26.9185569,124.85
-6.1,25.0,0.0,26.2,3.26,-3.12,-6.58,0.76,0.68,-1.74,-0.41,5.729,7.75,3.875,7.073,10.69,7.75,16.09,9.61,0.0,0.008,0.008,0.73,0.33,-80.3063963,26.9185649,124.9
-2.3,25.0,0.0,26.36,3.86,-3.56,-3.39,2.33,0.24,-1.65,-0.41,9.751,7.613,7.426,9.104,13.44,10.99,14.13,6.47,0.001,0.007,0.005,0.59,0.27,-80.3063866,26.9185729,124.95
-0.1,24.8,0.0,26.51,2.71,-1.16,-1.82,3.85,-0.66,-1.5,-0.4,7.338,13.096,7.024,5.641,5.69,12.56,10.4,17.36,0.001,0.006,0.005,0.54,0.25,-80.3063767,26.9185809,125.0
2.2,24.7,0.0,26.65,2.28,0.13,-0.32,3.29,0.05,-1.34,-0.4,8.633,6.072,3.816,6.739,13.15,2.55,11.77,12.95,0.001,0.005,0.002,0.42,0.19,-80.3063668,26.9185889,125.05
4.4,24.6,0.0,26.81,3.17,1.05,0.96,0.62,0.22,-1.25,-0.4,9.535,5.592,9.251,6.406,12.07,10.79,17.76,10.2,0.002,0.004,0.001,0.37,0.17,-80.3063567,26.9185969,125.1
7.2,24.5,0.0,26.95,2.21,0.81,1.77,-0.48,1.1,-1.23,-0.39,7.956,4.974,5.484,8.378,5.59,13.93,11.28,24.72,0.002,0.004,0.0,0.29,0.14,-80.3063466,26.918605,125.15
10.0,24.4,0.0,27.06,1.64,-0.44,3.14,-0.56,2.42,-1.18,-0.34,8.868,5.366,4.208,7.887,12.46,5.49,10.1,11.87,0.003,0.003,-0.001,0.25,0.12,-80.3063365,26.9186133,125.2
13.4,24.3,0.0,27.21,3.04,0.27,4.85,-0.27,0.84,-1.15,-0.3,6.857,6.867,1.109,7.112,10.4,11.77,3.24,6.18,0.003,0.003,-0.001,0.21,0.1,-80.3063263,26.9186215,125.25
18.3,23.1,0.0,27.35,2.61,1.55,5.99,0.75,0.58,-1.1,-0.25,4.768,12.871,3.188,4.944,7.75,9.71,18.44,15.21,0.004,0.002,-0.001,0.2,0.09,-80.3063161,26.9186298,125.3
22.0,22.3,0.0,27.48,2.93,2.6,9.15,-0.08,0.58,-1.07,-0.22,6.465,10.997,9.476,7.063,6.67,11.38,7.65,5.98,0.004,0.001,-0.002,0.14,0.07,-80.3063059,26.9186381,125.35
26.0,21.6,0.0,27.59,2.57,2.05,11.22,1.24,0.65,-0.96,-0.21,8.603,8.162,7.995,8.388,8.44,13.73,7.16,7.46,0.004,0.001,-0.003,0.07,0.03,-80.3062958,26.9186466,125.4
29.3,20.7,0.0,27.71,2.92,4.26,12.66,3.09,-0.96,-0.84,-0.23,7.534,5.121,8.917,11.478,13.73,11.58,15.7,22.07,0.005,0.0,-0.004,-0.0,-0.0,-80.3062856,26.9186551,125.45
31.4,18.9,0.0,27.82,2.81,5.2,14.26,0.08,-0.42,-0.76,-0.21,7.014,10.075,7.181,10.34,9.03,10.2,5.3,4.51,0.005,-0.0,-0.006,-0.15,-0.07,-80.3062755,26.9186638,125.5
31.8,14.9,0.0,27.91,2.24,6.67,15.26,2.58,-0.52,-0.68,-0.19,6.337,10.84,7.887,9.153,13.54,7.55,6.77,8.14,0.006,-0.0,-0.006,-0.19,-0.09,-80.3062654,26.9186727,125.55
31.7,3.6,0.0,27.97,1.23,5.1,16.74,0.05,0.2,-0.58,-0.18,5.023,7.681,8.358,10.457,13.44,12.26,17.76,17.46,0.006,-0.0,-0.007,-0.39,-0.19,-80.3062554,26.9186816,125.6
31.3,3.4,0.0,27.94,-1.3,6.83,17.53,0.45,3.54,-0.5,-0.06,7.534,6.21,1.864,6.21,10.99,6.97,6.57,10.79,0.006,-0.001,-0.007,-0.53,-0.26,-80.3062455,26.9186906,125.65
29.1,3.4,0.0,27.89,-0.81,9.71,18.49,3.64,3.15,-0.39,0.11,9.261,10.634,8.731,9.251,6.38,12.65,9.32,3.73,0.005,-0.003,-0.006,-0.61,-0.3,-80.3062358,26.9186998,125.7
27.9,3.3,0.0,27.86,0.04,5.9,19.16,-0.08,2.41,-0.33,0.26,10.879,9.427,8.358,7.907,8.14,14.91,19.91,19.23,0.005,-0.004,-0.005,-0.78,-0.38,-80.3062262,26.9187091,125.75
28.4,3.3,0.0,27.8,-1.64,7.34,19.51,0.28,1.62,-0.27,0.33,6.563,11.713,8.358,8.819,13.83,12.36,9.42,10.01,0.005,-0.005,-0.005,-0.9,-0.44,-80.3062169,26.9187185,125.8
28.2,3.4,0.0,27.77,-1.07,7.93,19.31,-0.82,0.02,-0.26,0.36,7.299,12.449,8.486,9.653,8.53,9.22,6.28,1.96,0.005,-0.005,-0.005,-1.04,-0.5,-80.3062076,26.918728,125.85
26.8,3.5,0.0,27.72,-1.01,7.74,18.78,1.47,0.28,-0.25,0.35,7.357,7.21,0.353,6.426,10.2,6.57,14.03,19.72,0.005,-0.005,-0.005,-1.04,-0.5,-80.3061985,26.9187376,125.9
26.1,3.6,0.0,27.67,-1.51,8.82,18.59,-1.16,-1.11,-0.31,0.32,9.938,10.457,6.249,7.858,15.4,9.61,13.34,16.09,0.005,-0.005,-0.005,-1.04,-0.5,-80.3061896,26.9187473,125.95
23.6,3.8,0.0,27.54,-2.65,9.18,17.77,5.93,-2.06,-0.27,0.31,6.524,12.733,5.18,7.671,4.71,8.24,19.13,17.95,0.005,-0.006,-0.005,-1.01,-0.49,-80.306181,26.9187571,126.0
19.6,4.5,0.0,27.34,-4.8,7.37,16.18,-2.9,5.06,-0.34,0.46,5.827,12.321,7.76,8.662,6.08,13.15,13.83,14.32,0.004,-0.006,-0.005,-1.07,-0.51,-80.3061725,26.918767,126.05
17.2,6.4,0.0,27.23,-1.0,9.29,15.83,-2.45,2.22,-0.38,0.61,10.732,8.397,1.226,6.71,16.09,12.75,17.17,4.51,0.003,-0.007,-0.004,-1.08,-0.51,-80.3061642,26.9187769,126.1
18.3,7.1,0.0,27.18,-1.6,7.43,16.39,-2.75,-2.35,-0.48,0.58,9.182,10.32,6.573,8.397,13.93,7.16,12.75,15.3,0.003,-0.007,-0.002,-1.12,-0.53,-80.3061563,26.9187869,126.15
19.0,7.6,0.0,27.11,-0.98,8.24,14.75,3.63,-3.12,-0.4,0.45,10.193,7.514,1.334,9.908,13.15,8.93,7.36,14.62,0.003,-0.007,-0.004,-1.03,-0.49,-80.3061483,26.9187969,126.2
18.5,8.8,0.0,27.08,-0.05,7.83,13.76,-1.83,-2.97,-0.36,0.31,12.429,11.448,6.945,9.486,9.71,12.46,8.73,8.24,0.003,-0.007,-0.006,-0.95,-0.45,-80.3061406,26.918807,126.25
21.0,11.3,0.0,27.14,1.18,8.28,12.23,-0.88,-2.5,-0.4,0.15,9.496,9.113,7.181,9.839,13.34,8.04,21.58,13.44,0.004,-0.006,-0.007,-0.75,-0.36,-80.3061331,26.9188173,126.3
26.1,17.6,0.0,27.19,1.41,7.34,11.55,-2.62,-1.8,-0.6,0.05,12.655,9.555,9.849,7.652,7.75,12.95,11.67,6.77,0.005,-0.004,-0.007,-0.65,-0.31,-80.3061256,26.9188276,126.35
28.9,21.4,0.0,27.31,2.24,7.98,12.52,2.36,-3.12,-0.62,-0.05,8.427,9.251,8.839,9.486,7.55,7.75,5.3,5.3,0.005,-0.005,-0.008,-0.5,-0.24,-80.3061183,26.9188381,126.4
31.6,22.3,0.0,27.45,3.19,7.93,14.46,3.76,-5.8,-0.6,-0.24,11.635,8.486,-0.343,3.953,17.95,5.2,17.27,117.92,0.005,-0.004,-0.008,-0.51,-0.24,-80.3061112,26.9188488,126.45
36.9,22.4,0.0,27.57,2.34,6.14,16.76,-2.58,-3.29,-0.55,-0.47,10.408,7.21,8.211,5.758,6.87,12.85,7.36,7.65,0.005,-0.004,-0.014,-0.6,-0.29,-80.3061041,26.9188595,126.5
37.9,22.4,0.0,27.69,2.82,9.16,17.44,6.94,-1.94,-0.21,-0.68,6.592,11.301,5.297,11.105,10.1,11.09,6.87,-13.34,0.006,-0.004,-0.017,-0.62,-0.3,-80.3060971,26.9188703,126.55
38.5,22.5,0.0,27.79,1.12,5.47,17.74,0.77,1.14,-0.05,-0.74,4.15,14.538,9.153,11.958,17.76,6.87,12.75,10.2,0.007,-0.004,-0.017,-0.79,-0.38,-80.3060904,26.9188813,126.6
39.7,22.8,0.0,27.92,3.14,8.26,17.47,2.9,-0.66,0.02,-0.73,4.493,6.661,1.687,10.683,6.97,11.87,5.59,6.08,0.007,-0.003,-0.017,-0.83,-0.41,-80.3060837,26.9188925,126.65
38.2,23.7,0.0,28.02,1.61,8.29,18.38,-1.17,1.88,-0.0,-0.65,5.768,10.261,6.592,8.427,8.34,13.24,13.24,8.44,0.008,-0.003,-0.015,-0.9,-0.44,-80.3060772,26.9189037,126.7
35.6,24.9,0.0,28.13,2.6,9.74,19.18,2.69,0.68,0.1,-0.6,6.318,11.674,3.904,7.21,6.77,10.59,17.56,27.47,0.009,-0.002,-0.013,-0.98,-0.48,-80.3060709,26.9189151,126.75
31.3,26.7,0.0,28.25,2.18,6.52,19.61,-0.17,0.42,0.05,-0.55,9.261,9.025,6.573,7.112,16.68,8.93,13.93,12.16,0.009,-0.002,-0.012,-1.25,-0.62,-80.3060647,26.9189266,126.8
23.7,29.4,0.0,28.38,2.68,10.08,19.45,3.1,-2.64,0.08,-0.58,6.18,12.282,4.895,8.878,8.04,7.95,10.2,5.3,0.008,-0.003,-0.012,-1.32,-0.66,-80.3060586,26.9189382,126.85
20.5,31.3,0.0,28.5,2.31,6.63,18.99,-2.88,-0.87,0.03,-0.67,7.985,9.614,5.67,5.709,8.34,11.18,14.91,15.21,0.008,-0.003,-0.013,-1.43,-0.71,-80.3060528,26.91895,126.9
19.9,35.1,0.0,28.64,2.67,10.29,14.21,5.78,-3.25,0.15,-0.81,6.445,8.809,6.386,10.006,14.03,10.99,6.77,14.03,0.008,-0.003,-0.015,-1.31,-0.66,-80.3060472,26.918962,126.95
20.0,39.8,0.0,28.81,4.88,3.96,11.84,-2.07,0.65,0.11,-0.78,12.115,6.023,12.959,10.163,3.24,11.67,8.24,19.13,0.008,-0.003,-0.017,-1.31,-0.66,-80.3060416,26.918974,127.0
20.0,42.5,0.0,28.95,3.95,6.26,11.58,0.57,-0.02,0.02,-0.75,7.318,9.339,10.055,2.207,10.2,10.59,21.88,7.95,0.009,-0.002,-0.014,-1.07,-0.54,-80.3060363,26.9189861,127.05
20.6,44.5,0.0,29.14,3.5,8.76,11.68,-4.07,0.47,-0.09,-0.75,6.229,8.142,3.865,2.933,12.36,10.59,8.93,4.61,0.009,-0.001,-0.013,-0.96,-0.49,-80.306031,26.9189984,127.1
20.8,46.4,0.0,29.33,3.64,5.31,12.21,1.36,-1.58,-0.07,-0.78,8.064,10.251,3.257,5.611,14.42,9.81,0.98,6.28,0.009,-0.001,-0.013,-0.98,-0.5,-80.3060259,26.9190108,127.15
20.3,48.6,0.0,29.53,5.93,7.38,12.63,3.81,-1.62,-0.01,-0.83,6.014,9.427,3.846,7.073,5.49,10.59,10.99,13.05,0.009,-0.0,-0.014,-0.97,-0.5,-80.3060209,26.9190233,127.2
19.9,51.1,0.0,29.71,2.92,6.26,12.92,-2.47,2.38,-0.04,-0.79,5.415,8.132,1.481,4.728,11.09,13.83,15.79,7.95,0.009,-0.0,-0.014,-0.94,-0.49,-80.3060161,26.919036,127.25
20.1,52.7,0.0,29.94,5.4,6.12,12.82,0.8,-0.74,0.01,-0.83,8.917,7.77,4.876,1.383,10.69,8.63,8.14,4.22,0.009,-0.0,-0.014,-0.95,-0.5,-80.3060113,26.9190488,127.3
20.1,53.5,0.0,30.14,4.67,7.51,12.33,2.63,-0.58,0.08,-0.84,9.751,3.139,7.25,9.231,16.28,6.97,10.4,20.5,0.009,-0.0,-0.014,-0.94,-0.5,-80.3060067,26.9190617,127.35
20.0,55.0,0.0,30.36,4.92,3.34,13.25,-1.59,-0.05,0.07,-0.83,9.182,6.278,5.69,2.374,6.97,10.5,9.81,11.58,0.009,-0.001,-0.014,-1.03,-0.54,-80.3060022,26.9190749,127.4
19.2,56.3,0.0,30.54,2.83,8.18,13.24,-1.11,0.04,0.03,-0.85,6.828,10.771,-1.766,0.284,10.01,12.56,6.87,22.66,0.009,-0.0,-0.014,-1.02,-0.54,-80.305998,26.9190881,127.45
18.5,57.0,0.0,30.77,5.53,8.16,12.55,1.56,-1.68,-0.0,-0.89,4.454,8.898,3.502,4.081,8.83,8.44,9.71,15.99,0.01,0.0,-0.014,-1.04,-0.56,-80.3059938,26.9191014,127.5
13.7,57.9,0.0,30.97,3.96,8.03,11.51,-1.9,1.04,-0.07,-0.83,9.064,4.601,7.201,9.045,14.13,10.99,8.73,0.69,0.01,-0.0,-0.014,-1.0,-0.54,-80.3059897,26.9191149,127.55
9.4,58.8,0.0,31.21,5.34,2.85,11.57,-6.93,-0.83,-0.28,-0.85,7.289,9.104,5.66,4.316,12.75,9.91,17.56,14.13,0.009,-0.0,-0.013,-1.15,-0.63,-80.3059857,26.9191285,127.6
8.1,59.4,0.0,31.4,4.08,6.61,9.91,-1.43,0.56,-0.46,-0.87,8.79,3.041,5.17,5.798,5.98,0.88,4.22,34.34,0.008,0.0,-0.014,-1.01,-0.55,-80.3059818,26.9191422,127.65
7.9,62.1,0.0,31.63,4.64,3.76,7.58,2.27,-0.57,-0.46,-0.89,8.839,6.789,4.915,3.993,11.77,14.32,8.04,5.59,0.008,0.0,-0.014,-0.92,-0.51,-80.3059781,26.919156,127.7
8.9,64.5,0.0,31.88,5.83,7.55,6.34,0.26,-1.05,-0.45,-0.87,6.867,12.753,3.375,4.464,11.38,11.48,8.73,10.5,0.008,0.0,-0.014,-0.67,-0.38,-80.3059745,26.91917,127.75
11.5,67.3,0.0,32.08,3.89,3.05,6.41,-1.24,1.22,-0.51,-0.85,6.955,2.09,5.739,5.955,15.21,4.41,18.93,11.87,0.008,0.001,-0.013,-0.69,-0.39,-80.305971,26.9191841,127.8
11.9,69.5,0.0,32.33,4.49,6.02,7.31,1.38,-0.95,-0.51,-0.89,5.994,10.35,9.329,6.671,13.44,10.79,9.71,16.28,0.009,0.001,-0.013,-0.55,-0.31,-80.3059676,26.9191983,127.85
11.9,71.6,0.0,32.58,5.83,2.48,8.43,-1.58,-0.57,-0.51,-0.88,6.867,5.719,7.299,3.963,6.28,7.46,4.02,20.21,0.008,0.001,-0.013,-0.62,-0.35,-80.3059643,26.9192128,127.9
10.7,73.7,0.0,32.8,5.15,1.69,9.12,0.13,0.8,-0.45,-0.87,6.543,11.723,2.158,1.01,5.89,13.44,12.46,8.44,0.008,0.002,-0.013,-0.66,-0.38,-80.3059611,26.9192273,127.95
11.2,75.8,0.0,33.03,5.0,3.08,9.13,1.94,0.21,-0.34,-0.91,7.877,6.563,7.534,5.886,11.97,15.5,13.05,15.79,0.008,0.002,-0.013,-0.67,-0.39,-80.305958,26.9192419,128.0
11.7,77.9,0.0,33.26,4.86,5.21,9.61,3.39,2.06,-0.25,-0.89,8.79,7.858,5.994,8.397,9.12,9.52,20.01,8.73,0.009,0.002,-0.013,-0.73,-0.42,-80.305955,26.9192566,128.05
12.2,79.5,0.0,33.49,3.14,6.48,9.45,0.96,1.71,-0.2,-0.88,9.467,5.278,2.943,3.924,16.97,6.67,9.71,19.42,0.009,0.002,-0.012,-0.79,-0.46,-80.3059521,26.9192714,128.1
11.7,80.5,0.0,33.73,3.36,6.4,9.64,2.94,1.09,-0.18,-0.85,9.575,2.835,1.893,7.642,14.91,11.97,8.14,16.68,0.009,0.002,-0.012,-0.84,-0.49,-80.3059492,26.9192864,128.15
10.3,81.1,0.0,33.96,3.04,5.42,10.5,-4.78,2.47,-0.26,-0.83,8.378,3.826,10.997,1.884,4.51,13.24,7.85,13.73,0.009,0.002,-0.013,-0.9,-0.53,-80.3059465,26.9193015,128.2
7.8,81.4,0.0,34.19,3.62,3.7,9.77,0.66,2.02,-0.19,-0.85,7.564,4.11,10.438,5.808,5.2,9.03,20.6,3.24,0.009,0.002,-0.013,-0.97,-0.58,-80.3059439,26.9193167,128.25
6.1,82.3,0.0,34.43,4.1,0.99,8.51,-2.31,2.85,-0.18,-0.84,5.111,7.083,5.082,5.67,12.56,10.79,12.46,7.06,0.01,0.002,-0.013,-0.95,-0.57,-80.3059414,26.9193321,128.3
5.1,83.4,0.0,34.67,4.86,2.67,6.78,-3.25,0.86,-0.23,-0.85,3.924,13.94,2.246,6.367,16.09,11.67,16.38,10.5,0.01,0.002,-0.013,-0.88,-0.53,-80.3059391,26.9193475,128.35
4.2,83.9,0.0,34.9,4.11,2.45,5.73,-3.25,-1.37,-0.34,-0.83,4.866,11.066,4.738,3.59,14.42,12.36,5.89,20.8,0.009,0.002,-0.012,-0.83,-0.5,-80.3059368,26.9193632,128.4
3.4,84.3,0.0,35.14,6.08,3.63,4.94,-4.87,-1.17,-0.46,-0.81,7.112,9.261,5.052,5.984,12.26,13.15,-1.86,15.21,0.009,0.002,-0.012,-0.77,-0.47,-80.3059347,26.9193789,128.45
2.2,84.3,0.0,35.36,6.22,5.98,4.65,-1.11,-1.21,-0.53,-0.79,3.63,10.045,5.866,-0.059,9.71,10.4,-1.47,5.49,0.008,0.002,-0.011,-0.59,-0.36,-80.3059326,26.9193947,128.5
2.0,84.0,0.0,35.59,6.12,7.11,4.11,2.85,-1.6,-0.59,-0.81,3.08,11.939,7.21,6.17,14.13,12.75,10.2,4.81,0.008,0.002,-0.011,-0.47,-0.29,-80.3059306,26.9194106,128.55
1.4,83.5,0.0,35.79,5.9,1.97,3.74,-1.91,-0.83,-0.74,-0.8,5.935,10.526,9.094,0.275,7.46,15.11,10.4,8.53,0.007,0.002,-0.011,-0.5,-0.31,-80.3059287,26.9194266,128.6
1.0,81.4,0.0,35.99,3.87,1.87,3.59,-4.3,1.83,-0.86,-0.77,5.229,6.71,7.799,2.855,3.73,9.03,12.95,9.81,0.007,0.002,-0.01,-0.39,-0.25,-80.305927,26.9194427,128.65
0.7,79.4,0.0,36.19,4.59,3.11,2.3,-0.58,-0.01,-0.91,-0.76,7.779,3.787,1.275,1.403,5.69,11.18,14.32,9.12,0.007,0.002,-0.009,-0.27,-0.17,-80.3059252,26.9194588,128.7
0.2,77.7,0.0,36.41,4.08,0.06,2.09,-4.63,-0.74,-1.03,-0.75,3.227,9.251,0.186,4.307,8.73,10.5,5.1,16.58,0.007,0.003,-0.009,-0.36,-0.23,-80.3059235,26.9194752,128.75
-0.4,75.9,0.0,36.6,5.44,1.95,2.33,-2.21,0.8,-1.11,-0.69,4.611,6.278,1.599,3.394,6.87,7.85,16.28,19.91,0.006,0.003,-0.008,-0.29,-0.19,-80.3059217,26.9194916,128.8
-0.6,72.5,0.0,36.8,2.78,-0.08,2.06,-5.04,0.69,-1.22,-0.66,9.241,2.531,10.242,3.679,13.05,5.0,13.93,18.34,0.006,0.003,-0.007,-0.3,-0.19,-80.3059201,26.9195081,128.85
-0.9,69.3,0.0,36.98,1.91,0.56,1.67,-6.2,4.07,-1.29,-0.63,11.733,5.346,3.326,2.806,15.11,7.46,5.79,2.45,0.006,0.003,-0.007,-0.27,-0.17,-80.3059185,26.9195247,128.9
-1.2,66.6,0.0,37.18,2.54,1.4,1.02,-4.97,2.2,-1.32,-0.61,7.926,14.656,8.711,6.671,14.22,14.91,10.99,2.94,0.006,0.003,-0.006,-0.16,-0.1,-80.3059168,26.9195413,128.95
-1.6,64.0,0.0,37.39,4.82,2.78,0.84,-2.48,0.26,-1.35,-0.62,4.218,11.909,4.787,4.375,13.83,14.42,20.4,7.16,0.006,0.003,-0.006,-0.18,-0.12,-80.3059152,26.9195581,129.0
-1.7,62.5,0.0,37.52,3.67,-0.62,1.1,-1.85,0.35,-1.39,-0.61,5.229,6.602,5.445,-0.039,12.36,11.09,13.54,9.12,0.006,0.004,-0.005,-0.17,-0.11,-80.3059137,26.9195749,129.05
-1.9,61.6,0.0,37.68,1.3,-1.98,0.74,-0.01,1.57,-1.44,-0.56,6.945,10.771,6.406,3.404,12.36,16.58,18.93,19.42,0.006,0.004,-0.005,-0.19,-0.13,-80.3059121,26.9195919,129.1
-2.1,61.6,0.0,37.87,4.03,2.49,0.28,2.63,-0.87,-1.46,-0.56,3.041,13.891,1.148,8.486,9.32,18.93,13.05,23.54,0.005,0.004,-0.004,-0.09,-0.06,-80.3059105,26.9196089,129.15
-2.1,61.6,0.0,38.03,2.6,1.27,0.31,2.81,-0.97,-1.49,-0.56,7.004,6.857,4.002,-1.854,9.03,15.5,9.42,9.81,0.005,0.003,-0.004,-0.08,-0.05,-80.305909,26.919626,129.2
-2.3,61.3,0.0,38.2,4.2,-0.38,0.75,2.04,-0.72,-1.51,-0.54,6.759,13.312,9.359,1.805,8.73,12.85,8.83,16.68,0.004,0.003,-0.004,-0.07,-0.05,-80.3059074,26.9196431,129.25
-2.6,61.9,0.0,38.34,4.14,0.49,0.24,-1.08,-0.54,-1.57,-0.54,3.6,10.065,5.592,3.404,9.81,15.99,14.03,9.42,0.004,0.003,-0.004,-0.14,-0.09,-80.3059059,26.9196603,129.3
-2.4,61.9,0.0,38.51,2.41,0.74,0.3,-3.27,1.88,-1.6,-0.53,8.495,2.482,6.602,2.737,11.58,10.99,11.58,0.29,0.005,0.004,-0.004,-0.11,-0.07,-80.3059044,26.9196776,129.35
-2.8,62.8,0.0,38.67,2.58,-1.43,0.18,-2.99,1.24,-1.58,-0.55,9.506,10.202,7.23,3.012,11.87,14.72,18.64,-1.67,0.005,0.004,-0.004,-0.12,-0.08,-80.3059028,26.919695,129.4
-2.7,64.3,0.0,38.83,3.71,1.54,-0.02,-1.11,-0.44,-1.61,-0.53,3.826,6.19,-2.629,1.648,10.89,13.44,7.46,6.57,0.005,0.004,-0.003,-0.09,-0.06,-80.3059013,26.9197124,129.45
-3.0,66.9,0.0,39.01,3.17,-1.93,-0.25,0.34,-0.43,-1.63,-0.56,10.575,6.121,9.035,3.286,13.54,9.22,15.21,4.91,0.005,0.004,-0.003,-0.11,-0.08,-80.3058998,26.9197299,129.5
-3.4,68.2,0.0,39.21,5.92,1.17,-0.09,2.47,-0.99,-1.61,-0.61,6.121,13.518,6.769,3.541,11.97,10.5,11.38,12.75,0.005,0.004,-0.004,-0.07,-0.05,-80.3058982,26.9197475,129.55
-3.6,70.0,0.0,39.33,3.58,-2.51,-0.3,-1.72,1.04,-1.7,-0.53,10.261,0.903,9.928,2.874,15.7,5.1,18.74,21.97,0.004,0.004,-0.003,-0.03,-0.02,-80.3058967,26.9197651,129.6
-4.3,70.8,0.0,39.54,2.65,-1.49,-1.04,-4.05,1.21,-1.72,-0.56,9.251,15.902,5.523,4.032,14.03,13.15,11.67,8.53,0.004,0.004,-0.003,-0.03,-0.02,-80.3058951,26.9197829,129.65
-4.5,71.7,0.0,39.7,3.85,-2.15,-1.33,-3.85,0.15,-1.74,-0.58,5.749,3.6,3.08,2.09,9.71,6.57,17.17,15.01,0.005,0.004,-0.003,0.01,0.01,-80.3058935,26.9198007,129.7
-4.7,73.0,0.0,39.91,3.81,0.7,-1.69,-1.47,-1.21,-1.76,-0.62,6.71,10.703,5.327,5.925,10.3,10.1,9.03,9.42,0.005,0.004,-0.003,0.01,0.0,-80.3058919,26.9198186,129.75
-4.6,74.8,0.0,40.09,4.6,-1.53,-1.53,2.0,-2.08,-1.8,-0.64,7.809,1.579,-0.579,1.697,7.36,9.61,9.91,17.76,0.005,0.005,-0.003,0.03,0.02,-80.3058903,26.9198366,129.8
-4.7,75.6,0.0,40.31,4.75,-0.53,-1.57,0.14,0.97,-1.82,-0.62,9.035,13.381,2.521,0.677,9.03,16.87,8.83,17.95,0.005,0.005,-0.003,0.1,0.07,-80.3058886,26.9198546,129.85
-4.5,76.3,0.0,40.49,4.61,-1.94,-1.48,-4.74,1.89,-1.88,-0.58,6.818,2.796,3.208,3.08,12.46,14.72,10.59,21.19,0.005,0.005,-0.003,0.09,0.06,-80.3058869,26.9198729,129.9
-4.4,77.6,0.0,40.7,4.42,1.31,-1.3,2.08,-0.65,-1.81,-0.6,5.082,12.518,-2.747,4.012,9.52,16.58,4.81,9.42,0.004,0.005,-0.003,0.07,0.05,-80.3058852,26.9198911,129.95
-4.4,78.7,0.0,40.89,4.61,-2.4,-1.44,1.46,-1.78,-1.82,-0.63,7.593,1.491,5.405,2.982,8.73,10.69,4.02,9.42,0.004,0.005,-0.003,0.07,0.05,-80.3058835,26.9199095,130.0
-4.1,79.4,0.0,41.12,3.81,-0.59,-1.42,-1.13,-0.18,-1.86,-0.64,8.142,6.936,1.472,-0.275,12.65,17.36,7.06,6.18,0.004,0.005,-0.003,0.11,0.08,-80.3058817,26.9199279,130.05
-3.9,80.1,0.0,41.31,2.76,-3.29,-1.66,-2.74,0.13,-1.88,-0.64,4.179,5.906,3.59,7.495,13.64,16.78,6.47,6.38,0.004,0.005,-0.003,0.03,0.03,-80.3058799,26.9199464,130.1
-3.2,80.3,0.0,41.52,4.16,-2.32,-1.36,3.01,-0.78,-1.8,-0.66,9.27,2.148,4.503,2.609,12.26,15.4,7.95,9.71,0.004,0.005,-0.003,0.07,0.05,-80.3058779,26.919965,130.15
-3.2,80.9,0.0,41.75,3.8,0.63,-0.81,1.28,-0.25,-1.78,-0.68,7.004,8.505,4.454,1.825,15.5,12.95,4.91,10.2,0.005,0.005,-0.003,0.13,0.1,-80.305876,26.9199837,130.2
-2.9,82.2,0.0,41.94,2.86,-2.68,-0.72,-4.66,1.13,-1.82,-0.65,6.416,5.562,4.532,5.042,9.61,12.46,4.51,10.1,0.005,0.005,-0.003,0.07,0.05,-80.3058741,26.9200025,130.25
-2.8,83.5,0.0,42.16,4.48,-1.86,-0.61,0.34,-1.34,-1.78,-0.7,9.221,3.012,11.203,4.719,7.26,4.71,14.13,22.56,0.005,0.005,-0.003,0.01,0.01,-80.3058721,26.9200214,130.3
-2.5,84.7,0.0,42.38,4.35,-0.34,-0.63,-2.14,-0.38,-1.79,-0.72,5.984,3.12,1.736,1.491,4.61,4.22,14.32,19.72,0.005,0.005,-0.003,0.08,0.06,-80.3058702,26.9200404,130.35
-2.0,85.8,0.0,42.61,4.86,1.07,-0.75,-2.41,0.61,-1.78,-0.71,4.238,11.409,-1.315,4.091,3.73,10.99,1.57,7.65,0.004,0.005,-0.003,0.08,0.06,-80.3058682,26.9200595,130.4
-2.0,86.1,0.0,42.83,4.83,-0.25,-0.2,3.47,-1.82,-1.7,-0.76,6.072,7.652,4.768,4.189,14.13,8.93,13.54,15.5,0.005,0.005,-0.004,0.06,0.04,-80.3058662,26.9200787,130.45
-2.1,86.4,0.0,43.02,2.72,-3.85,-0.04,-4.94,2.11,-1.78,-0.68,7.21,0.383,5.16,3.747,15.01,3.43,3.24,11.09,0.006,0.005,-0.003,-0.03,-0.02,-80.3058641,26.920098,130.5
-2.1,86.5,0.0,43.23,2.55,-1.88,0.13,0.67,-0.75,-1.76,-0.7,7.299,-1.854,4.944,1.305,13.05,3.43,14.13,19.72,0.005,0.005,-0.003,-0.02,-0.01,-80.3058621,26.9201174,130.55
-1.9,86.3,0.0,43.48,5.6,1.79,-0.04,1.11,-2.23,-1.75,-0.75,3.345,8.78,4.287,4.64,11.09,7.95,6.57,18.34,0.005,0.005,-0.003,0.01,0.01,-80.30586,26.9201369,130.6
-2.0,85.4,0.0,43.71,5.69,-0.21,-0.63,-1.08,-0.32,-1.78,-0.74,3.895,12.223,4.601,2.727,11.77,16.97,5.3,13.05,0.005,0.005,-0.003,-0.01,-0.01,-80.3058579,26.9201565,130.65
-2.1,84.3,0.0,43.91,4.33,-1.24,0.16,2.15,-0.29,-1.81,-0.73,9.888,5.847,0.971,0.834,16.09,16.48,9.12,5.89,0.006,0.006,-0.003,-0.02,-0.02,-80.3058558,26.9201762,130.7
-2.0,81.8,0.0,44.13,4.54,1.4,-0.08,-2.05,-0.39,-1.83,-0.71,6.141,7.367,6.72,2.796,15.7,11.77,9.81,16.68,0.005,0.005,-0.003,0.01,0.01,-80.3058537,26.9201959,130.75
-2.1,79.4,0.0,44.33,4.63,-0.89,0.36,2.24,-0.43,-1.78,-0.73,12.184,6.494,2.433,1.54,8.53,5.79,13.34,11.58,0.005,0.005,-0.003,-0.01,-0.0,-80.3058516,26.9202158,130.8
-2.0,77.9,0.0,44.51,3.81,-0.38,0.01,-5.01,2.28,-1.85,-0.71,3.532,1.942,5.052,3.424,5.98,10.01,11.97,13.83,0.005,0.005,-0.003,0.01,0.01,-80.3058495,26.9202358,130.85
-2.4,77.6,0.0,44.71,4.01,-1.52,0.16,0.22,0.81,-1.8,-0.69,8.711,-0.981,2.914,3.355,16.19,10.2,15.6,18.93,0.005,0.005,-0.003,-0.02,-0.01,-80.3058473,26.9202558,130.9
-2.9,76.6,0.0,44.9,3.07,-1.2,-0.46,-0.17,1.11,-1.82,-0.66,4.581,5.091,5.082,1.795,11.18,8.63,24.72,20.99,0.005,0.005,-0.003,-0.02,-0.01,-80.3058452,26.9202759,130.95
-3.0,75.6,0.0,45.09,3.4,-3.94,-0.12,1.39,-0.36,-1.79,-0.66,7.505,2.511,0.863,2.6,12.36,10.89,5.1,22.07,0.005,0.006,-0.002,-0.06,-0.05,-80.3058431,26.9202961,131.0
-3.1,74.4,0.0,45.27,2.74,-0.46,-0.53,0.19,-0.11,-1.8,-0.66,0.108,3.993,13.489,3.757,13.15,18.74,18.64,26.68,0.005,0.006,-0.002,0.06,0.04,-80.3058409,26.9203164,131.05
-3.2,74.1,0.0,45.47,2.64,-2.29,-0.51,2.0,0.19,-1.78,-0.66,4.925,2.747,0.402,2.09,16.28,12.46,18.34,15.6,0.005,0.006,-0.003,-0.01,-0.01,-80.3058387,26.9203368,131.1
-3.0,73.8,0.0,45.64,2.5,0.44,-0.54,0.44,0.78,-1.79,-0.63,3.355,10.016,4.503,2.384,5.79,10.3,9.91,14.42,0.005,0.005,-0.002,-0.02,-0.02,-80.3058365,26.9203573,131.15
-2.5,72.5,0.0,45.82,2.41,1.46,-0.73,0.21,0.03,-1.76,-0.61,5.248,8.623,10.212,3.561,6.18,5.49,22.27,18.34,0.005,0.005,-0.002,0.07,0.06,-80.3058342,26.9203778,131.2
-1.9,71.3,0.0,45.98,2.02,0.47,-0.21,1.69,-0.37,-1.73,-0.63,9.025,4.993,2.433,0.687,11.09,4.12,15.4,16.58,0.005,0.005,-0.002,0.04,0.03,-80.305832,26.9203986,131.25
-2.5,70.6,0.0,46.14,2.2,-0.68,-0.42,-0.81,0.07,-1.76,-0.63,4.395,9.653,1.678,4.277,11.09,8.04,2.16,14.72,0.005,0.006,-0.002,0.01,0.01,-80.3058297,26.9204193,131.3
-2.9,69.9,0.0,46.32,3.47,0.21,-0.05,2.05,-0.13,-1.71,-0.61,10.34,2.492,1.422,0.883,15.11,16.28,16.68,30.71,0.005,0.005,-0.002,0.01,0.01,-80.3058274,26.92044,131.35
-3.6,67.8,0.0,46.49,1.8,-2.35,-0.75,-2.05,0.46,-1.72,-0.63,2.619,3.983,8.123,0.677,17.76,12.26,19.72,41.89,0.005,0.006,-0.002,0.06,0.05,-80.3058251,26.9204609,131.4
-3.1,64.5,0.0,46.68,3.09,-2.27,-0.19,-1.19,3.13,-1.71,-0.56,5.631,-3.031,-0.844,-0.471,-0.39,4.22,17.66,9.32,0.004,0.005,-0.002,0.0,0.0,-80.3058228,26.9204818,131.45
-1.8,57.8,0.0,46.85,2.8,-1.82,-0.85,-3.46,2.65,-1.76,-0.55,8.201,1.746,-4.552,-3.787,7.55,6.67,-1.86,-10.2,0.005,0.005,-0.001,-0.02,-0.02,-80.3058204,26.9205028,131.5
-2.0,33.7,0.0,46.96,3.11,-2.48,0.1,1.18,0.7,-1.7,-0.51,3.963,5.033,0.942,-0.206,13.15,5.79,2.16,-12.46,0.004,0.005,-0.001,-0.05,-0.04,-80.305818,26.9205238,131.55
-1.4,3.5,0.0,46.99,0.62,-0.68,0.07,-0.88,0.2,-1.68,-0.48,8.525,7.21,5.248,2.825,16.78,9.32,10.2,9.81,0.004,0.004,-0.0,-0.01,-0.01,-80.3058157,26.9205449,131.6
-1.8,3.4,0.0,46.9,-2.16,0.38,0.36,-0.11,2.91,-1.75,-0.36,10.477,7.24,6.455,6.583,19.23,11.67,27.76,15.79,0.002,0.003,0.0,-0.06,-0.05,-80.3058133,26.920566,131.65
-1.9,3.3,0.0,46.88,-0.54,-0.24,1.31,-5.03,5.15,-1.82,-0.16,9.457,10.791,7.701,1.933,2.26,7.95,11.77,4.02,0.0,0.001,0.001,-0.04,-0.03,-80.3058109,26.9205871,131.7
-1.8,3.5,0.0,46.81,-0.63,1.8,0.67,0.42,0.9,-1.74,-0.07,10.771,11.144,5.258,1.187,7.16,7.65,18.05,5.98,-0.0,0.001,0.002,-0.01,-0.01,-80.3058085,26.9206081,131.75
-1.8,3.4,0.0,46.77,-0.22,1.65,1.02,1.51,0.68,-1.69,-0.04,8.603,8.172,-0.5,1.118,10.99,6.28,9.22,0.0,0.0,0.001,0.002,-0.09,-0.07,-80.3058061,26.9206291,131.8
-2.0,3.3,0.0,46.7,-0.56,1.3,0.32,0.66,-0.85,-1.63,-0.06,6.926,12.076,3.512,2.482,10.4,13.83,2.94,6.18,0.001,0.001,0.003,-0.07,-0.06,-80.3058038,26.9206501,131.85
-2.2,3.3,0.0,46.65,0.07,0.54,0.01,-0.07,-1.04,-1.58,-0.07,11.939,14.686,-2.531,-0.275,15.4,16.97,7.46,7.65,0.001,0.002,0.003,-0.07,-0.06,-80.3058014,26.9206711,131.9
-2.1,3.2,0.0,46.59,0.37,0.62,-0.61,0.18,-0.69,-1.6,-0.07,8.535,10.173,-1.472,1.04,4.12,11.18,7.75,8.73,0.002,0.002,0.004,-0.07,-0.05,-80.3057991,26.920692,131.95
-2.1,3.2,0.0,46.52,-0.47,-1.51,-0.59,-0.87,0.42,-1.64,-0.03,5.886,15.372,0.922,-2.217,6.18,10.3,9.91,-1.37,0.002,0.002,0.004,-0.09,-0.07,-80.3057967,26.9207129,132.0
-1.8,3.2,0.0,46.35,-2.92,-1.73,-0.44,-1.27,1.9,-1.63,0.08,9.261,12.792,2.639,2.109,7.75,7.06,11.87,8.73,0.001,0.001,0.004,0.0,0.0,-80.3057944,26.9207338,132.05
-1.3,3.3,0.0,46.16,-3.84,-1.19,-0.23,3.12,2.31,-1.53,0.2,10.556,7.446,1.02,-0.471,5.98,5.98,8.63,6.57,-0.0,-0.0,0.004,-0.01,-0.0,-80.3057921,26.9207545,132.1
-1.2,3.4,0.0,45.97,-3.25,-1.82,0.11,0.02,2.63,-1.53,0.33,11.556,5.876,3.09,0.334,17.07,13.64,10.4,6.87,-0.001,-0.001,0.005,-0.03,-0.03,-80.3057897,26.9207752,132.15
-1.7,3.4,0.0,45.86,-1.78,-1.32,0.58,-0.36,-0.84,-1.57,0.36,14.136,6.475,3.767,0.716,16.28,13.73,17.76,15.4,-0.002,-0.002,0.005,-0.03,-0.03,-80.3057874,26.9207958,132.2
-1.5,3.4,0.0,45.74,-2.62,0.37,0.1,1.41,-2.64,-1.6,0.25,11.9,6.818,4.464,0.697,6.08,5.2,22.17,15.5,-0.002,-0.002,0.005,-0.01,-0.01,-80.3057851,26.9208163,132.25
-1.1,3.4,0.0,45.62,-2.45,1.18,0.3,-0.76,-0.31,-1.62,0.18,10.271,6.121,7.357,3.63,9.32,5.0,20.31,11.67,-0.001,-0.001,0.005,-0.1,-0.08,-80.3057828,26.9208369,132.3
-1.0,3.5,0.0,45.52,-1.66,1.78,0.17,0.77,0.23,-1.64,0.17,10.86,3.6,9.27,4.974,12.56,4.61,11.87,9.81,-0.0,-0.0,0.005,-0.09,-0.07,-80.3057805,26.9208573,132.35
-1.1,3.5,0.0,45.4,-2.36,2.16,0.14,-0.97,0.61,-1.68,0.18,5.709,7.132,3.581,6.367,9.52,7.55,10.99,7.16,-0.0,-0.0,0.005,-0.08,-0.06,-80.3057782,26.9208778,132.4
-1.2,3.4,0.0,45.28,-3.56,1.15,0.11,-1.39,1.43,-1.67,0.19,8.083,15.873,3.296,3.728,17.36,15.01,12.85,9.61,-0.0,-0.0,0.005,-0.07,-0.05,-80.3057759,26.9208981,132.45
-1.5,3.3,0.0,45.17,-3.59,-0.72,0.57,-0.42,-0.13,-1.71,0.2,7.348,14.99,0.736,2.139,15.5,16.09,16.38,17.46,-0.0,-0.0,0.005,-0.07,-0.05,-80.3057737,26.9209185,132.5
-1.5,3.3,0.0,45.08,-1.38,0.09,0.24,2.72,-0.95,-1.63,0.19,5.052,16.442,3.885,1.697,-1.08,7.46,8.83,7.36,-0.0,-0.0,0.005,-0.02,-0.02,-80.3057714,26.9209388,132.55
-1.4,3.5,0.0,44.96,-1.43,-0.98,0.43,-1.36,2.06,-1.67,0.23,7.701,13.312,3.708,1.746,6.67,6.87,-0.29,1.47,-0.0,-0.0,0.005,-0.03,-0.02,-80.3057692,26.920959,132.6
-1.4,3.4,0.0,44.86,-2.37,-1.74,0.6,0.1,0.18,-1.75,0.3,14.44,0.667,7.024,0.549,14.62,6.28,9.61,16.68,-0.001,-0.001,0.006,-0.14,-0.11,-80.305767,26.9209792,132.65
-1.7,3.4,0.0,44.76,-2.4,-0.09,0.1,1.31,-2.05,-1.7,0.25,10.938,2.354,6.337,5.072,9.71,4.12,6.38,18.25,-0.001,-0.001,0.005,-0.11,-0.09,-80.3057647,26.9209993,132.7
-1.7,3.4,0.0,44.65,-2.05,0.51,0.18,0.99,-1.45,-1.66,0.22,7.357,11.478,13.253,5.376,11.09,10.5,1.18,16.48,-0.001,-0.001,0.005,-0.09,-0.07,-80.3057625,26.9210194,132.75
-1.8,3.2,0.0,44.55,-2.49,0.8,0.01,-1.39,0.55,-1.69,0.22,11.331,10.173,1.609,4.316,19.23,17.56,8.83,17.46,-0.001,-0.001,0.005,-0.07,-0.06,-80.3057603,26.9210395,132.8
-1.7,3.2,0.0,44.44,-2.58,0.83,-0.26,-0.89,0.19,-1.68,0.23,8.554,14.313,2.403,3.796,8.04,14.62,13.34,21.29,-0.001,-0.0,0.005,-0.06,-0.05,-80.3057581,26.9210594,132.85
-1.6,3.2,0.0,44.34,-0.98,-1.96,-0.33,-0.59,-0.53,-1.69,0.21,7.642,11.87,1.413,2.551,1.67,6.97,2.55,10.3,-0.001,-0.0,0.005,-0.01,-0.01,-80.3057559,26.9210794,132.9
-1.6,3.2,0.0,44.23,-2.48,-1.57,-0.28,-0.38,0.06,-1.66,0.21,10.134,2.168,2.56,3.875,4.91,3.43,16.19,15.5,-0.0,-0.0,0.005,-0.01,-0.01,-80.3057538,26.9210993,132.95
-1.8,3.2,0.0,44.12,-2.02,0.57,-0.43,-0.28,0.45,-1.71,0.21,10.693,6.896,1.216,8.652,12.95,7.46,12.26,15.7,-0.0,-0.0,0.005,-0.01,-0.0,-80.3057516,26.9211191,133.0
-1.7,3.2,0.0,44.02,-1.76,-0.36,-0.86,-2.01,0.21,-1.75,0.24,9.535,10.536,-0.108,5.494,16.28,9.61,15.7,11.18,-0.0,-0.0,0.005,-0.04,-0.03,-80.3057494,26.9211389,133.05
-1.7,3.1,0.0,43.93,-1.5,-0.38,-0.34,3.23,-1.54,-1.71,0.24,7.318,19.218,0.373,5.396,9.03,10.99,18.05,7.36,-0.001,-0.0,0.005,-0.04,-0.03,-80.3057472,26.9211587,133.1
-1.8,3.3,0.0,43.83,-1.78,-2.47,-0.5,-1.6,0.43,-1.76,0.23,10.546,2.031,5.768,3.649,13.83,8.44,14.32,15.01,-0.001,-0.0,0.005,0.01,0.01,-80.305745,26.9211784,133.15
-1.9,3.2,0.0,43.7,-3.41,-0.49,-0.59,0.41,0.02,-1.78,0.23,11.007,2.511,2.806,4.709,16.97,11.48,13.24,13.24,-0.001,-0.0,0.005,-0.0,-0.0,-80.3057428,26.9211981,133.2
-1.6,3.2,0.0,43.61,-2.16,0.29,-0.58,0.53,-0.71,-1.71,0.21,8.446,11.232,2.874,6.916,13.93,14.81,12.16,9.12,-0.001,-0.001,0.005,0.0,0.0,-80.3057406,26.9212177,133.25
-1.6,3.2,0.0,43.51,-1.7,0.03,-0.25,2.56,-0.27,-1.65,0.19,8.554,16.697,1.864,4.434,2.06,7.85,19.72,12.75,-0.001,-0.001,0.005,-0.03,-0.02,-80.3057384,26.9212373,133.3
-1.7,3.2,0.0,43.41,-1.25,-2.06,-0.33,-0.57,0.27,-1.64,0.2,8.643,9.035,5.935,2.639,4.02,4.12,14.03,6.38,-0.001,-0.0,0.005,-0.08,-0.06,-80.3057362,26.9212568,133.35
-1.8,3.2,0.0,43.3,-2.24,-0.59,-0.35,1.5,-0.68,-1.6,0.18,9.712,-0.334,1.324,4.797,10.89,2.94,19.33,12.75,-0.001,-0.0,0.005,0.02,0.01,-80.3057339,26.9212763,133.4
-1.8,3.2,0.0,43.2,-1.85,0.01,-0.6,1.41,0.2,-1.57,0.18,7.407,15.274,1.295,4.081,13.34,8.14,16.58,5.3,-0.0,-0.0,0.005,0.0,0.0,-80.3057317,26.9212957,133.45
-1.6,3.2,0.0,43.12,-0.92,-1.57,-0.9,1.66,-0.24,-1.57,0.19,10.919,12.596,-0.02,3.218,12.36,4.61,10.1,-0.29,-0.0,-0.0,0.005,-0.01,-0.01,-80.3057295,26.921315,133.5
-1.7,3.2,0.0,43.0,-2.44,-1.71,-0.53,1.96,-0.56,-1.56,0.2,12.056,3.59,2.766,2.982,9.71,3.43,16.97,9.61,-0.0,-0.0,0.005,-0.04,-0.03,-80.3057273,26.9213343,133.55
-1.7,3.2,0.0,42.91,-1.06,0.32,-0.07,0.89,-0.76,-1.59,0.2,7.622,7.191,1.893,9.202,13.24,8.24,11.67,4.12,-0.001,-0.0,0.005,-0.02,-0.01,-80.3057251,26.9213536,133.6
-2.0,3.2,0.0,42.8,-2.23,-0.82,0.28,-2.32,-0.48,-1.63,0.2,11.743,16.648,2.413,4.395,11.77,16.09,13.34,8.53,-0.001,-0.001,0.005,-0.05,-0.04,-80.3057228,26.9213729,133.65
-1.9,3.2,0.0,42.7,-2.62,-2.66,-0.32,-1.92,-0.69,-1.65,0.17,11.664,3.149,2.619,6.023,16.48,11.67,12.75,16.48,-0.001,-0.001,0.005,-0.09,-0.07,-80.3057206,26.9213921,133.7
-1.8,3.2,0.0,42.62,-1.12,0.56,-0.43,1.68,-0.31,-1.64,0.16,7.72,9.437,2.109,7.259,7.75,16.58,9.91,11.38,-0.001,-0.0,0.005,-0.07,-0.05,-80.3057184,26.9214112,133.75
-2.0,3.1,0.0,42.52,-1.27,-0.37,-0.45,-0.28,0.4,-1.68,0.19,7.652,16.118,3.071,3.865,1.37,14.42,13.34,8.53,-0.001,-0.0,0.005,0.02,0.02,-80.3057162,26.9214304,133.8
-1.9,3.2,0.0,42.41,-2.29,-1.53,-0.26,0.5,-0.0,-1.72,0.2,15.117,2.619,3.983,4.846,3.04,9.03,19.03,22.46,-0.001,-0.0,0.006,-0.01,-0.01,-80.3057139,26.9214494,133.85
-1.8,3.2,0.0,42.33,-1.19,1.12,-0.35,-1.39,0.1,-1.78,0.2,5.082,11.311,3.198,6.602,9.52,9.81,16.78,11.18,-0.001,0.0,0.006,0.01,0.01,-80.3057117,26.9214685,133.9
-1.8,3.2,0.0,42.22,-2.04,-0.92,-0.19,-0.82,0.18,-1.78,0.2,11.507,14.921,1.619,4.571,9.22,13.34,13.24,9.32,-0.001,-0.0,0.005,-0.01,-0.01,-80.3057095,26.9214875,133.95
-1.4,3.2,0.0,42.12,-2.92,-1.09,-0.08,0.11,-0.84,-1.73,0.18,10.968,3.787,8.8,6.602,15.7,6.08,21.39,17.17,-0.001,-0.001,0.005,-0.04,-0.03,-80.3057073,26.9215064,134.0
-1.6,3.2,0.0,42.03,-1.47,-0.03,-0.13,1.87,-0.86,-1.72,0.18,8.986,11.811,3.826,5.454,13.73,8.53,14.81,12.07,-0.001,-0.001,0.005,-0.03,-0.02,-80.3057051,26.9215253,134.05
-1.2,3.2,0.0,41.94,-0.68,-1.1,0.31,0.77,0.68,-1.72,0.21,12.675,10.683,5.101,3.483,8.34,3.24,9.12,10.69,-0.001,-0.001,0.005,-0.03,-0.02,-80.3057029,26.9215442,134.1
-1.4,3.2,0.0,41.85,-1.38,1.27,0.01,3.43,-1.23,-1.65,0.18,8.986,2.07,9.212,8.564,8.14,3.63,7.06,15.01,-0.001,-0.001,0.005,-0.01,-0.0,-80.3057007,26.921563,134.15
-1.6,3.2,0.0,41.75,-2.17,0.46,0.09,-1.25,0.19,-1.69,0.19,8.682,16.805,7.848,5.15,10.2,11.09,8.73,16.58,-0.001,-0.0,0.005,-0.01,-0.01,-80.3056985,26.9215818,134.2
-1.3,3.2,0.0,41.65,-3.1,-0.66,-0.18,-1.78,-0.99,-1.71,0.17,11.262,-0.088,5.7,6.092,14.81,6.57,11.38,22.46,-0.0,-0.0,0.005,-0.02,-0.01,-80.3056963,26.9216005,134.25
-1.3,3.2,0.0,41.57,-1.78,0.04,-0.11,0.27,0.43,-1.67,0.17,7.514,12.939,2.953,6.857,15.7,14.22,8.53,18.93,-0.0,-0.0,0.005,-0.01,-0.01,-80.3056941,26.9216192,134.3
-1.2,3.2,0.0,41.46,-2.62,-1.47,-0.11,-2.56,0.98,-1.71,0.2,14.558,10.457,9.447,6.7,14.52,14.91,4.51,16.38,-0.001,-0.0,0.005,-0.03,-0.02,-80.3056919,26.9216378,134.35
-1.0,3.2,0.0,41.39,-1.33,2.16,-0.1,2.46,-1.76,-1.68,0.18,10.114,6.867,7.24,7.034,15.79,13.44,4.81,10.1,-0.001,-0.001,0.005,0.01,0.01,-80.3056897,26.9216565,134.4
-1.1,3.2,0.0,41.28,-2.08,-0.47,0.56,1.01,-1.05,-1.7,0.17,9.633,15.892,5.7,4.571,4.91,15.11,3.43,3.14,-0.001,-0.001,0.005,-0.01,-0.01,-80.3056875,26.921675,134.45
-1.1,3.2,0.0,41.19,-1.55,1.51,0.67,0.83,-0.18,-1.72,0.17,5.925,4.473,8.319,8.015,-0.39,10.01,8.93,13.54,-0.001,-0.001,0.004,-0.07,-0.05,-80.3056854,26.9216936,134.5
-1.3,3.2,0.0,41.11,-1.78,-1.08,0.5,-0.0,0.67,-1.7,0.19,7.544,15.578,5.219,4.689,1.57,11.58,4.32,11.38,-0.001,-0.001,0.005,-0.09,-0.06,-80.3056832,26.921712,134.55
-1.4,3.2,0.0,41.01,-2.39,-0.34,0.94,0.25,0.05,-1.74,0.22,10.84,1.923,11.733,7.495,0.98,4.32,7.06,8.44,-0.001,-0.001,0.005,-0.09,-0.06,-80.3056811,26.9217305,134.6
-1.6,3.2,0.0,40.92,-2.59,1.39,0.11,-0.03,-0.66,-1.72,0.18,6.21,19.257,11.134,5.788,1.67,10.69,12.65,9.52,-0.001,-0.001,0.005,-0.03,-0.02,-80.3056789,26.9217489,134.65
-1.1,3.2,0.0,40.79,-3.98,-0.36,0.78,1.12,0.38,-1.7,0.18,9.329,-1.236,12.312,5.258,8.14,4.41,18.25,5.98,-0.001,-0.001,0.004,-0.06,-0.04,-80.3056768,26.9217673,134.7
-1.8,3.2,0.0,40.63,-4.02,0.47,0.7,1.66,0.01,-1.64,0.2,7.014,21.974,6.916,4.983,10.3,10.4,21.19,8.63,-0.001,-0.001,0.004,-0.1,-0.07,-80.3056747,26.9217856,134.75
-1.8,3.2,0.0,40.45,-4.65,-0.13,0.35,-0.01,0.09,-1.69,0.27,11.399,7.809,11.095,2.815,8.53,3.53,17.07,19.72,-0.002,-0.002,0.004,-0.13,-0.09,-80.3056726,26.9218038,134.8
-2.0,3.2,0.0,40.27,-4.73,-1.04,0.64,-1.97,0.24,-1.67,0.27,10.32,18.07,7.583,2.668,11.38,11.18,9.22,19.33,-0.002,-0.002,0.004,-0.1,-0.07,-80.3056705,26.9218218,134.85
-2.0,3.2,0.0,40.08,-4.06,0.54,0.51,-3.33,0.8,-1.69,0.3,9.967,0.481,9.261,9.604,14.03,5.2,13.54,14.52,-0.002,-0.002,0.004,-0.06,-0.04,-80.3056684,26.9218399,134.9
-1.8,3.2,1.2,39.87,-4.15,-0.48,0.16,-1.14,1.43,-1.65,0.27,13.626,8.201,8.721,5.435,17.17,8.73,19.42,-1.08,-0.002,-0.002,0.003,-0.12,-0.08,-80.3056664,26.9218579,134.95
-2.0,3.2,1.8,39.65,-3.26,3.31,0.42,4.93,-2.17,-1.58,0.26,9.163,6.023,3.561,9.545,17.76,6.57,22.37,7.36,-0.002,-0.002,0.003,-0.06,-0.04,-80.3056643,26.9218757,135.0
-1.8,3.2,2.4,39.39,-5.57,-2.31,1.03,3.32,-0.56,-1.58,0.29,16.324,2.796,3.826,9.535,18.05,5.49,17.36,13.34,-0.002,-0.003,0.003,-0.1,-0.07,-80.3056623,26.9218935,135.05
-1.5,3.2,2.4,39.16,-5.52,0.2,0.77,0.41,-0.53,-1.59,0.31,8.966,15.549,4.925,5.641,16.48,8.53,7.26,18.64,-0.003,-0.003,0.003,-0.13,-0.09,-80.3056603,26.9219112,135.1
-1.4,3.2,2.4,38.9,-4.76,3.83,0.72,1.14,-0.01,-1.58,0.32,11.036,2.649,5.013,8.231,15.7,8.34,-4.71,11.38,-0.003,-0.003,0.002,-0.04,-0.02,-80.3056584,26.9219287,135.15
-1.5,3.3,3.0,38.62,-5.85,-0.55,1.86,2.37,-0.25,-1.55,0.32,16.167,5.15,4.866,9.261,15.3,10.69,12.46,0.69,-0.003,-0.004,0.002,-0.14,-0.09,-80.3056565,26.9219462,135.2
-1.8,3.2,4.2,38.35,-6.36,-0.17,2.13,-1.37,-0.02,-1.6,0.31,8.907,15.902,6.867,7.21,13.64,12.36,4.91,9.61,-0.003,-0.004,0.002,-0.16,-0.11,-80.3056547,26.9219635,135.25
-2.2,3.2,8.4,38.06,-6.35,5.12,1.85,-0.58,-1.98,-1.62,0.29,5.876,9.398,7.514,9.045,7.95,12.46,18.84,11.28,-0.003,-0.004,0.001,-0.13,-0.09,-80.3056528,26.9219807,135.3
-3.3,3.3,24.6,37.73,-7.22,1.29,1.94,3.33,-1.48,-1.6,0.28,11.527,3.424,10.86,3.855,10.59,4.12,19.03,14.91,-0.003,-0.004,0.001,-0.19,-0.13,-80.305651,26.9219978,135.35
-4.0,3.2,41.9,37.4,-7.92,-3.33,1.49,-5.46,3.29,-1.68,0.37,15.922,10.722,7.985,5.513,7.85,5.1,18.54,14.42,-0.004,-0.004,0.001,-0.3,-0.19,-80.3056492,26.9220146,135.4
-4.6,3.2,58.7,37.08,-6.87,1.68,0.73,0.89,-0.04,-1.66,0.38,10.909,16.294,8.78,7.465,8.44,8.73,23.84,11.38,-0.004,-0.004,0.001,-0.16,-0.11,-80.3056475,26.9220313,135.45
-5.1,3.2,67.7,36.75,-6.25,0.69,-0.0,-0.49,-0.9,-1.7,0.38,4.856,15.853,5.121,5.798,2.55,4.91,5.69,10.3,-0.004,-0.005,0.001,-0.13,-0.08,-80.3056458,26.922048,135.5
-4.6,3.1,69.5,36.42,-6.01,2.67,-1.46,0.58,-0.44,-1.75,0.37,4.277,17.285,4.199,4.464,-0.1,8.93,1.96,4.91,-0.005,-0.005,0.001,-0.08,-0.05,-80.3056441,26.9220644,135.55
-3.9,3.1,71.9,36.08,-5.65,-0.54,-0.95,-2.37,1.24,-1.81,0.37,1.756,15.137,7.946,7.132,0.29,12.65,6.77,8.04,-0.005,-0.004,0.0,-0.12,-0.08,-80.3056424,26.9220808,135.6
-3.3,3.2,75.4,35.75,-7.04,1.46,-0.95,3.41,-0.69,-1.79,0.4,4.689,12.9,10.34,0.52,7.55,14.42,14.42,6.57,-0.005,-0.004,0.001,-0.02,-0.01,-80.3056408,26.9220969,135.65
-2.9,3.1,77.8,35.41,-5.96,0.47,-0.15,-5.45,0.97,-1.87,0.42,7.485,15.618,7.926,4.67,14.52,12.26,16.87,13.93,-0.005,-0.005,0.001,-0.04,-0.03,-80.3056392,26.922113,135.7
-2.3,3.1,79.0,35.07,-6.63,1.1,-0.55,3.99,-0.7,-1.78,0.37,8.123,12.469,8.594,6.112,11.97,11.58,20.5,21.09,-0.005,-0.005,0.0,0.05,0.03,-80.3056375,26.9221288,135.75
-2.8,3.1,80.8,34.72,-6.62,0.89,-0.75,-2.99,-0.06,-1.8,0.36,9.565,14.803,5.67,3.463,12.16,8.24,-3.83,9.42,-0.005,-0.005,-0.0,0.01,0.01,-80.3056359,26.9221445,135.8
-3.3,3.1,78.4,34.36,-7.84,0.66,-0.63,4.28,-0.65,-1.73,0.33,5.346,15.029,6.249,7.475,10.99,9.81,9.12,25.31,-0.006,-0.005,-0.001,-0.01,-0.01,-80.3056343,26.92216,135.85
-4.0,3.2,80.8,34.03,-7.6,0.21,-0.66,2.81,-1.96,-1.75,0.29,5.778,10.879,8.025,7.583,14.91,6.67,10.5,4.61,-0.006,-0.005,-0.001,-0.03,-0.02,-80.3056327,26.9221754,135.9
-4.5,3.2,79.6,33.68,-7.23,-1.13,-0.3,-7.04,0.89,-1.86,0.31,9.486,13.508,8.957,7.848,10.99,8.44,20.31,9.81,-0.006,-0.005,-0.001,-0.08,-0.05,-80.3056311,26.9221906,135.95
-3.6,3.2,77.2,33.33,-6.68,0.06,-0.33,4.97,-2.68,-1.75,0.26,9.3,10.742,7.77,8.329,3.83,9.03,18.84,12.75,-0.006,-0.005,-0.001,0.01,0.01,-80.3056295,26.9222057,136.0
-2.1,3.2,67.1,32.99,-6.58,-1.05,-0.32,-2.71,0.77,-1.82,0.3,16.236,6.337,7.407,5.17,6.47,9.52,16.09,12.16,-0.006,-0.005,-0.001,-0.02,-0.01,-80.305628,26.9222206,136.05
-1.5,3.2,63.5,32.65,-6.62,-0.65,0.31,-3.2,0.88,-1.84,0.29,13.881,7.034,10.771,8.358,11.58,7.36,2.94,1.86,-0.006,-0.005,-0.001,-0.02,-0.01,-80.3056264,26.9222354,136.1
-2.3,3.2,52.1,32.32,-6.01,1.18,-0.51,2.42,-1.57,-1.8,0.27,8.044,16.569,7.328,4.876,8.93,9.32,17.17,10.5,-0.006,-0.005,-0.001,-0.01,-0.0,-80.3056249,26.92225,136.15
-2.5,3.2,46.7,31.99,-5.81,0.76,0.03,4.95,-2.96,-1.73,0.26,6.651,9.898,8.339,9.182,16.19,9.52,17.17,14.72,-0.006,-0.005,-0.001,-0.03,-0.02,-80.3056233,26.9222645,136.2
-2.6,3.2,40.1,31.66,-7.15,-1.38,0.4,-3.56,1.48,-1.8,0.31,17.089,6.102,6.435,7.377,13.05,4.61,14.72,15.99,-0.006,-0.005,-0.001,-0.06,-0.04,-80.3056218,26.9222787,136.25
-1.8,3.2,39.5,31.35,-7.11,0.68,0.69,1.3,-0.6,-1.75,0.29,9.565,12.93,10.673,9.153,-3.04,9.71,3.24,0.1,-0.006,-0.005,-0.001,-0.02,-0.01,-80.3056203,26.9222929,136.3
-0.9,3.2,40.7,31.04,-5.53,0.64,0.9,1.22,1.07,-1.74,0.28,6.887,13.037,6.936,5.111,10.2,8.83,17.46,5.69,-0.006,-0.005,-0.001,-0.08,-0.04,-80.3056188,26.9223069,136.35
-0.4,3.2,41.3,30.71,-6.18,-1.14,1.46,-1.41,1.61,-1.72,0.31,16.373,9.918,8.368,9.369,11.58,11.58,1.86,-0.49,-0.005,-0.005,-0.001,-0.09,-0.05,-80.3056173,26.9223209,136.4
-0.4,3.2,37.7,30.4,-6.77,1.42,1.35,4.06,-1.26,-1.61,0.29,10.909,13.95,7.926,8.652,17.36,9.71,8.44,16.38,-0.005,-0.005,-0.001,-0.09,-0.05,-80.3056159,26.9223346,136.45
0.2,3.2,37.7,30.11,-6.02,1.08,1.88,1.6,-1.91,-1.59,0.3,11.203,6.2,3.914,6.73,10.3,3.04,20.5,14.72,-0.005,-0.006,-0.001,-0.12,-0.06,-80.3056145,26.9223482,136.5
1.1,3.2,39.5,29.79,-6.49,0.61,3.1,0.4,-0.32,-1.55,0.32,13.911,10.997,9.545,8.034,5.0,11.28,13.54,14.91,-0.005,-0.006,-0.002,-0.2,-0.1,-80.3056132,26.9223617,136.55
1.6,3.2,37.7,29.49,-4.67,2.0,3.16,5.79,-0.51,-1.48,0.32,3.885,11.703,6.229,5.111,11.18,7.95,18.54,21.19,-0.005,-0.006,-0.002,-0.14,-0.07,-80.3056118,26.9223751,136.6
1.8,3.2,38.3,29.16,-7.7,0.66,3.76,-3.66,0.55,-1.53,0.32,13.773,14.558,8.741,8.407,11.28,18.74,12.36,13.34,-0.005,-0.006,-0.002,-0.22,-0.11,-80.3056106,26.9223883,136.65
2.1,3.2,35.3,28.89,-4.83,4.93,3.67,5.79,-1.56,-1.38,0.31,7.201,9.28,8.152,9.967,10.69,6.97,12.07,16.87,-0.005,-0.006,-0.003,-0.15,-0.08,-80.3056094,26.9224013,136.7
4.8,3.2,28.1,28.58,-6.18,-0.01,4.35,-3.34,1.07,-1.43,0.35,16.236,9.575,0.804,5.592,6.38,9.81,21.68,21.09,-0.005,-0.006,-0.003,-0.28,-0.14,-80.3056082,26.9224143,136.75
6.3,3.1,23.4,28.27,-5.84,4.6,5.45,7.26,-2.13,-1.27,0.3,6.524,11.38,6.72,6.092,6.77,7.65,7.55,14.72,-0.005,-0.007,-0.003,-0.17,-0.08,-80.3056071,26.9224271,136.8
7.7,3.2,19.2,28.0,-5.24,3.73,6.71,-0.98,-0.34,-1.27,0.28,11.801,10.251,3.453,7.858,11.28,7.85,10.2,10.99,-0.004,-0.007,-0.004,-0.19,-0.09,-80.3056061,26.9224398,136.85
9.1,3.1,13.2,27.75,-4.58,2.7,8.31,4.39,-1.01,-1.15,0.26,11.429,12.9,6.19,6.465,8.34,11.97,17.17,13.83,-0.004,-0.006,-0.005,-0.26,-0.13,-80.3056051,26.9224524,136.9
11.4,3.1,10.8,27.5,-4.93,3.78,8.94,4.25,-0.05,-1.06,0.28,7.201,9.506,9.241,6.504,10.1,8.63,16.87,11.09,-0.003,-0.007,-0.005,-0.38,-0.18,-80.3056043,26.9224649,136.95
11.5,3.2,9.6,27.23,-5.62,3.63,10.0,1.25,0.04,-0.97,0.29,9.192,9.604,6.602,8.76,12.75,13.15,2.16,13.93,-0.003,-0.007,-0.006,-0.46,-0.22,-80.3056035,26.9224773,137.0
10.6,3.2,10.2,26.98,-4.84,4.15,11.11,-0.28,1.0,-0.9,0.32,7.308,13.93,5.111,8.025,9.91,8.53,11.87,17.85,-0.003,-0.007,-0.006,-0.48,-0.22,-80.305603,26.9224895,137.05
12.2,3.2,14.4,26.73,-5.23,5.13,11.31,3.46,0.1,-0.84,0.35,11.556,11.095,5.033,5.268,10.79,8.04,22.56,14.72,-0.002,-0.007,-0.006,-0.47,-0.22,-80.3056025,26.9225017,137.1
13.1,3.2,19.2,26.47,-4.97,6.35,11.76,0.09,-0.2,-0.82,0.33,9.231,10.791,8.319,9.977,9.71,8.04,4.81,3.14,-0.002,-0.008,-0.007,-0.49,-0.23,-80.3056021,26.9225137,137.15
11.3,3.2,17.4,26.24,-4.66,5.16,11.55,0.26,-0.75,-0.77,0.33,12.822,10.144,6.239,12.115,9.12,7.46,10.1,9.81,-0.002,-0.008,-0.007,-0.54,-0.25,-80.3056018,26.9225257,137.2
12.1,3.2,7.2,25.99,-4.11,4.69,11.6,-0.45,0.86,-0.75,0.38,8.947,11.694,10.614,10.418,15.79,10.79,13.64,15.01,-0.002,-0.008,-0.007,-0.5,-0.22,-80.3056017,26.9225374,137.25
12.1,3.2,7.2,25.7,-6.4,5.42,11.23,0.59,0.46,-0.72,0.4,10.261,11.919,5.533,7.72,11.09,11.18,14.03,10.59,-0.002,-0.008,-0.007,-0.54,-0.24,-80.3056017,26.9225491,137.3
10.7,3.2,7.2,25.38,-7.24,5.2,11.41,-2.72,2.11,-0.73,0.46,7.848,12.606,7.093,8.741,6.08,11.38,21.48,9.42,-0.002,-0.008,-0.006,-0.63,-0.28,-80.3056018,26.9225607,137.35
11.8,3.2,1.2,25.08,-5.91,5.55,11.63,5.42,-0.56,-0.62,0.51,9.369,11.095,5.827,6.681,11.58,9.32,7.36,6.28,-0.003,-0.009,-0.006,-0.56,-0.24,-80.3056021,26.9225721,137.4
10.0,3.1,0.0,24.74,-6.67,3.89,12.58,-0.02,0.33,-0.64,0.56,11.203,12.007,9.045,8.751,13.15,9.52,14.81,11.87,-0.003,-0.009,-0.006,-0.71,-0.3,-80.3056024,26.9225834,137.45
7.9,3.1,0.0,24.42,-6.79,3.64,11.59,-3.08,1.77,-0.63,0.58,9.006,13.95,6.867,9.143,5.3,8.93,16.87,13.15,-0.003,-0.01,-0.005,-0.75,-0.32,-80.3056029,26.9225946,137.5
9.5,3.1,0.0,24.2,-2.15,5.83,11.57,3.46,-4.15,-0.58,0.5,13.685,8.182,7.161,7.201,9.71,10.01,13.05,8.44,-0.003,-0.01,-0.006,-0.76,-0.32,-80.3056034,26.9226056,137.55
11.3,3.1,0.0,24.03,-3.23,3.14,9.34,-2.05,-0.6,-0.63,0.41,11.88,10.487,8.584,12.037,14.32,12.95,12.36,23.25,-0.002,-0.009,-0.006,-0.62,-0.26,-80.3056042,26.9226165,137.6
14.9,3.1,0.0,23.93,-1.81,5.97,7.36,-0.01,-1.26,-0.6,0.34,6.357,11.38,7.681,9.182,13.34,10.1,7.95,14.81,-0.001,-0.008,-0.006,-0.34,-0.14,-80.3056051,26.9226273,137.65
19.4,3.2,0.0,23.83,-2.19,2.71,8.38,-2.06,-0.15,-0.62,0.33,11.134,2.747,6.828,10.006,8.63,4.71,12.16,9.91,-0.001,-0.007,-0.005,-0.27,-0.11,-80.305606,26.9226381,137.7
22.3,3.1,0.0,23.75,-1.76,4.37,10.51,-0.24,0.42,-0.64,0.33,10.301,9.859,9.349,9.212,5.2,4.91,8.24,7.85,-0.0,-0.006,-0.004,-0.19,-0.08,-80.3056071,26.9226488,137.75
25.2,3.2,0.0,23.67,-2.12,3.9,12.76,-0.74,0.64,-0.6,0.33,4.522,8.986,8.525,9.849,8.83,8.34,12.95,13.34,0.001,-0.006,-0.004,-0.23,-0.09,-80.3056082,26.9226595,137.8
27.3,3.2,0.0,23.59,-1.7,5.87,14.42,2.22,0.88,-0.55,0.34,9.938,6.563,8.623,8.427,13.05,10.3,11.97,10.5,0.001,-0.006,-0.004,-0.26,-0.11,-80.3056095,26.9226701,137.85
28.7,3.2,0.0,23.52,-1.71,5.85,15.4,-0.89,1.39,-0.53,0.4,6.416,11.546,9.987,9.133,11.67,7.65,19.23,11.28,0.001,-0.006,-0.004,-0.36,-0.15,-80.3056109,26.9226807,137.9
31.6,3.2,0.0,23.44,-1.43,7.56,16.73,3.69,-0.38,-0.42,0.43,7.299,11.841,8.27,8.211,9.32,8.14,11.67,11.77,0.002,-0.007,-0.005,-0.37,-0.15,-80.3056125,26.9226912,137.95
33.4,3.2,0.0,23.36,-1.67,7.34,18.35,-2.21,0.89,-0.43,0.49,5.396,12.665,10.869,8.741,2.75,8.93,11.77,12.75,0.002,-0.007,-0.005,-0.44,-0.18,-80.3056142,26.9227017,138.0
35.3,3.2,0.0,23.28,-1.84,8.69,19.42,4.76,0.09,-0.31,0.51,7.995,13.067,9.447,9.231,5.3,10.79,5.3,6.28,0.002,-0.007,-0.005,-0.41,-0.17,-80.3056162,26.9227122,138.05
36.0,3.3,0.0,23.21,-1.47,7.73,20.55,0.56,0.16,-0.28,0.52,10.673,4.905,6.259,8.829,10.59,9.42,11.09,11.18,0.002,-0.007,-0.005,-0.5,-0.2,-80.3056182,26.9227226,138.1
36.0,3.3,0.0,23.13,-2.27,7.2,20.5,2.6,0.32,-0.17,0.54,7.711,10.124,8.221,8.623,9.22,3.73,7.65,6.28,0.003,-0.007,-0.006,-0.66,-0.27,-80.3056205,26.9227329,138.15
36.5,3.3,0.0,23.05,-1.14,9.16,20.51,0.11,1.41,-0.18,0.62,8.652,6.867,9.653,9.614,13.83,10.79,3.14,5.4,0.004,-0.007,-0.005,-0.65,-0.26,-80.3056229,26.9227431,138.2
36.1,3.3,0.0,22.98,-1.75,7.98,21.55,-1.03,1.08,-0.14,0.71,6.269,12.312,8.78,7.917,5.2,9.32,12.65,12.65,0.004,-0.007,-0.005,-0.79,-0.32,-80.3056255,26.9227533,138.25
36.2,3.3,0.0,22.9,-1.64,9.47,21.45,1.03,-0.83,-0.16,0.7,8.319,10.036,7.642,7.387,7.65,6.08,7.16,11.09,0.004,-0.007,-0.004,-0.82,-0.33,-80.3056284,26.9227634,138.3
36.8,3.4,0.0,22.82,-1.97,7.76,21.32,1.99,1.74,-0.11,0.72,8.623,8.584,8.064,9.938,11.28,9.81,12.46,7.65,0.004,-0.006,-0.006,-0.78,-0.31,-80.3056313,26.9227735,138.35
35.4,3.4,0.0,22.75,-1.89,7.46,20.76,3.12,1.18,-0.03,0.8,9.32,8.201,5.974,9.682,9.42,7.55,11.97,12.36,0.003,-0.008,-0.006,-0.82,-0.32,-80.3056346,26.9227834,138.4
35.7,3.4,0.0,22.7,-0.91,7.97,21.14,0.66,-1.4,-0.04,0.77,8.554,10.065,6.612,9.81,14.13,10.79,11.58,12.07,0.003,-0.008,-0.005,-0.77,-0.3,-80.305638,26.9227933,138.45
36.1,3.4,0.0,22.61,-1.31,9.47,20.9,6.78,-2.99,0.09,0.67,8.535,9.83,6.838,10.251,9.91,7.06,10.79,13.64,0.003,-0.008,-0.007,-0.71,-0.28,-80.3056417,26.9228032,138.5
35.5,3.4,0.0,22.54,-1.54,8.72,20.98,-1.04,0.37,0.1,0.65,7.367,11.37,7.838,10.055,7.55,12.85,14.62,10.4,0.004,-0.008,-0.007,-0.77,-0.3,-80.3056455,26.9228129,138.55
35.4,3.4,0.0,22.48,-1.03,8.89,19.96,1.2,-1.54,0.1,0.62,6.985,8.25,9.123,10.183,7.36,11.28,14.13,6.47,0.003,-0.008,-0.007,-0.69,-0.27,-80.3056495,26.9228225,138.6
35.0,3.4,0.0,22.39,-2.52,7.48,20.61,-4.34,0.64,-0.02,0.6,8.77,12.066,6.632,9.486,4.81,8.93,18.34,15.5,0.002,-0.009,-0.007,-0.67,-0.26,-80.3056536,26.9228319,138.65
35.2,3.4,0.0,22.34,-1.04,9.17,20.99,4.67,-3.73,0.07,0.44,9.172,11.644,7.348,10.301,12.95,7.46,13.54,8.04,0.002,-0.009,-0.007,-0.63,-0.25,-80.305658,26.9228412,138.7
35.4,3.5,0.0,22.26,-1.53,7.94,20.42,-2.99,-2.41,0.0,0.3,8.613,7.917,7.77,12.635,11.97,4.71,17.46,1.18,0.002,-0.009,-0.009,-0.55,-0.22,-80.3056626,26.9228505,138.75
35.4,3.4,0.0,22.19,-1.65,6.36,19.67,0.33,-1.19,0.05,0.2,9.938,9.241,11.193,10.742,15.11,9.32,12.46,9.12,0.002,-0.009,-0.009,-0.53,-0.2,-80.3056673,26.9228597,138.8
35.6,3.3,0.0,22.12,-0.92,7.88,19.57,-2.93,-0.44,-0.01,0.17,6.19,14.686,8.074,7.789,7.26,14.72,18.34,7.46,0.002,-0.008,-0.009,-0.46,-0.18,-80.3056722,26.9228688,138.85
35.9,3.2,0.0,22.1,-0.07,8.26,19.81,-3.09,-1.14,-0.02,0.09,11.468,9.123,7.72,10.153,12.85,10.99,13.83,11.28,0.003,-0.008,-0.008,-0.36,-0.14,-80.3056773,26.9228777,138.9
36.9,3.2,0.0,22.05,-0.3,7.86,20.69,-1.87,-1.23,-0.05,0.02,5.964,9.81,7.465,8.24,8.83,10.2,12.95,17.17,0.003,-0.007,-0.008,-0.49,-0.19,-80.3056825,26.9228866,138.95
36.4,3.3,0.0,22.0,-1.12,7.36,21.29,-2.76,0.1,-0.03,-0.02,8.182,9.771,10.114,10.752,6.47,9.03,18.64,13.15,0.003,-0.008,-0.008,-0.48,-0.19,-80.3056878,26.9228953,139.0
35.9,3.5,0.0,21.95,-0.87,8.43,20.74,3.79,-2.2,0.09,-0.09,10.428,9.957,8.24,10.418,8.04,10.01,14.72,9.91,0.002,-0.008,-0.009,-0.41,-0.16,-80.3056935,26.922904,139.05
35.2,3.8,0.0,21.92,-0.46,8.15,21.25,2.94,-1.35,0.16,-0.14,10.114,10.663,10.781,11.026,9.91,11.67,12.75,7.26,0.002,-0.007,-0.01,-0.49,-0.19,-80.3056991,26.9229126,139.1
35.4,4.0,0.0,21.87,-0.65,7.21,20.43,3.69,0.09,0.32,-0.15,7.671,9.163,8.927,10.624,12.36,11.18,8.83,17.56,0.003,-0.007,-0.01,-0.44,-0.17,-80.305705,26.9229209,139.15
35.5,4.0,0.0,21.84,-0.61,7.98,19.53,3.49,0.57,0.47,-0.14,7.338,11.213,7.711,8.937,11.18,12.95,12.36,2.65,0.003,-0.007,-0.009,-0.53,-0.2,-80.305711,26.9229293,139.2
34.8,4.1,0.0,21.8,-0.6,7.61,20.47,1.43,0.86,0.55,-0.12,8.191,7.956,6.22,9.3,10.89,6.97,8.04,12.46,0.003,-0.007,-0.008,-0.55,-0.21,-80.3057172,26.9229375,139.25
35.4,4.1,0.0,21.73,-2.1,7.99,19.77,4.95,0.34,0.71,-0.12,5.808,5.886,8.025,10.144,8.44,6.87,14.91,2.26,0.004,-0.006,-0.008,-0.57,-0.21,-80.3057235,26.9229456,139.3
32.4,4.4,0.0,21.58,-3.29,5.11,19.03,1.02,4.22,0.84,0.02,6.455,13.675,7.367,6.779,9.61,7.36,11.87,8.93,0.003,-0.007,-0.008,-0.59,-0.22,-80.3057299,26.9229536,139.35
30.4,4.7,0.0,21.46,-2.29,8.03,18.77,1.72,2.16,0.94,0.14,9.653,12.714,4.905,6.975,3.34,10.1,12.16,13.34,0.002,-0.009,-0.006,-0.59,-0.22,-80.3057365,26.9229614,139.4
26.9,5.4,0.0,21.32,-2.19,7.01,19.26,0.23,-0.14,0.94,0.18,9.27,8.083,10.526,9.378,4.71,12.07,12.36,11.09,0.002,-0.008,-0.004,-0.57,-0.21,-80.3057431,26.9229691,139.45
24.4,5.6,0.0,21.13,-2.96,6.85,17.85,2.23,1.19,0.98,0.23,6.17,11.37,9.192,8.162,8.83,9.52,13.34,8.14,0.002,-0.009,-0.005,-0.67,-0.25,-80.3057498,26.9229766,139.5
19.8,6.4,0.0,20.97,-2.9,4.6,16.41,-2.66,3.99,0.88,0.37,9.202,12.586,6.543,4.67,4.12,13.54,10.01,7.36,0.001,-0.008,-0.003,-0.64,-0.24,-80.3057566,26.922984,139.55
19.2,6.9,0.0,20.97,0.11,7.14,15.8,-2.42,-2.22,0.77,0.31,7.652,8.113,5.415,7.318,16.78,11.77,11.87,1.18,0.003,-0.008,-0.003,-0.63,-0.23,-80.3057634,26.9229912,139.6
18.3,7.1,0.0,21.04,0.26,5.4,13.28,1.22,-4.07,0.58,0.13,9.908,8.358,6.033,7.848,5.89,6.08,14.13,7.16,0.002,-0.006,-0.003,-0.48,-0.18,-80.3057704,26.9229984,139.65
18.2,7.4,0.0,21.02,-0.24,4.96,11.71,2.81,-3.43,0.7,-0.06,4.248,13.342,9.555,10.654,10.99,10.89,11.87,3.43,0.003,-0.005,-0.006,-0.34,-0.13,-80.3057775,26.9230055,139.7
18.3,7.7,0.0,21.09,2.55,5.28,10.18,-1.07,-3.28,0.59,-0.21,9.172,10.879,8.839,10.457,11.58,7.36,17.46,18.34,0.003,-0.004,-0.007,-0.18,-0.06,-80.3057848,26.9230125,139.75
16.9,8.0,0.0,21.11,-0.29,2.32,9.47,1.99,0.15,0.61,-0.24,2.354,9.938,8.917,10.006,11.28,6.57,16.48,15.21,0.003,-0.003,-0.008,-0.16,-0.06,-80.3057921,26.9230195,139.8
14.9,8.1,0.0,21.17,1.86,4.59,9.08,0.77,2.61,0.6,-0.12,5.739,7.976,7.652,9.741,9.61,7.95,13.64,14.32,0.003,-0.003,-0.008,-0.1,-0.04,-80.3057995,26.9230264,139.85
8.7,8.2,0.0,21.25,1.61,2.24,8.76,-1.3,4.42,0.6,0.06,4.11,11.164,5.67,6.053,11.77,7.95,5.98,8.14,0.003,-0.002,-0.006,-0.13,-0.05,-80.3058071,26.9230332,139.9
4.9,8.2,0.0,21.31,0.83,1.27,7.01,-3.7,1.53,0.53,0.14,4.699,8.966,6.161,7.308,9.32,14.13,19.42,11.87,0.003,-0.002,-0.004,-0.27,-0.1,-80.3058146,26.9230401,139.95
-2.1,8.1,0.0,21.4,2.08,2.78,4.58,-4.79,1.12,0.36,0.19,5.17,12.253,7.485,7.112,7.85,10.99,13.24,6.08,0.003,-0.002,-0.003,-0.2,-0.08,-80.3058222,26.9230469,140.0
-7.4,8.0,0.0,21.47,1.21,-0.28,1.24,-5.35,1.72,0.23,0.27,10.359,5.082,9.908,7.495,7.26,6.57,15.3,7.36,0.002,-0.002,-0.002,-0.26,-0.1,-80.3058299,26.9230537,140.05
-12.0,7.7,0.0,21.56,1.55,-0.71,-2.09,-4.42,0.6,0.02,0.28,9.732,6.985,8.476,8.005,7.55,11.87,11.87,6.77,0.002,-0.0,-0.002,-0.28,-0.11,-80.3058376,26.9230606,140.1
-13.9,7.4,0.0,21.62,1.25,-0.1,-5.12,-4.49,1.62,-0.17,0.35,8.652,11.86,11.86,10.997,10.1,12.46,16.28,1.86,0.001,0.0,-0.002,-0.1,-0.04,-80.3058453,26.9230674,140.15
-14.4,7.0,0.0,21.68,1.65,-0.65,-6.03,-2.98,2.31,-0.35,0.48,13.459,9.388,11.743,7.456,17.76,9.22,15.5,11.67,-0.0,0.0,-0.0,-0.15,-0.06,-80.3058531,26.9230743,140.2
-18.1,6.4,0.0,21.72,0.85,-3.47,-6.61,1.69,0.32,-0.4,0.55,11.095,8.486,9.369,8.103,14.81,7.65,12.07,5.98,-0.002,0.0,0.001,-0.13,-0.05,-80.3058608,26.9230812,140.25
-17.6,6.0,0.0,21.75,-0.19,-3.63,-8.2,-0.13,1.01,-0.46,0.59,9.987,12.066,9.378,8.633,14.22,5.0,16.97,9.12,-0.002,0.0,0.001,-0.12,-0.05,-80.3058685,26.9230882,140.3
-18.1,5.9,0.0,21.75,-0.1,-3.22,-8.56,0.96,-0.42,-0.49,0.58,6.867,10.899,9.732,9.682,11.77,6.87,9.12,10.99,-0.003,-0.0,0.002,-0.12,-0.04,-80.3058761,26.9230952,140.35
-18.2,5.8,0.0,21.74,-0.2,-2.46,-8.53,-1.33,1.17,-0.5,0.61,6.857,9.849,8.25,7.24,6.77,11.09,10.4,12.75,-0.003,0.0,0.002,-0.12,-0.05,-80.3058837,26.9231023,140.4
-20.3,5.8,0.0,21.74,-0.67,-4.45,-8.6,-0.4,-0.04,-0.45,0.59,6.749,11.586,10.546,8.545,4.12,8.34,9.32,8.14,-0.003,-0.0,0.002,-0.2,-0.07,-80.3058911,26.9231095,140.45
-21.6,5.8,0.0,21.72,-1.07,-4.65,-9.56,-0.64,0.57,-0.46,0.58,9.879,6.102,9.83,8.162,8.53,9.22,9.71,7.85,-0.003,0.0,0.002,-0.16,-0.06,-80.3058985,26.9231166,140.5
-22.5,5.9,0.0,21.72,-0.16,-3.35,-10.4,0.02,-0.54,-0.44,0.58,10.683,10.075,9.957,10.722,10.99,13.24,8.24,3.14,-0.004,-0.0,0.003,-0.14,-0.05,-80.3059059,26.9231239,140.55
-28.4,6.1,0.0,21.72,0.57,-3.2,-10.91,-3.13,-1.7,-0.52,0.53,13.96,9.143,9.486,9.545,13.83,12.75,6.28,10.3,-0.005,-0.0,0.003,-0.15,-0.06,-80.3059132,26.9231311,140.6
-36.9,6.1,0.0,21.7,0.02,-4.93,-12.97,-0.46,-2.71,-0.55,0.42,14.95,6.896,12.567,10.526,14.13,14.22,9.12,12.07,-0.005,0.0,0.003,-0.21,-0.08,-80.3059204,26.9231385,140.65
-46.8,6.1,0.0,21.66,-0.77,-6.44,-16.49,-2.67,-1.56,-0.7,0.33,14.852,10.438,11.507,10.86,13.44,7.95,10.79,9.32,-0.006,0.0,0.003,-0.3,-0.12,-80.3059275,26.9231459,140.7
-50.7,6.3,0.0,21.66,-0.18,-6.74,-20.45,-1.5,-1.47,-0.88,0.25,12.047,12.782,10.801,10.242,9.61,6.38,5.1,7.75,-0.006,0.001,0.004,-0.18,-0.07,-80.3059345,26.9231533,140.75
-54.0,6.4,0.0,21.65,-0.64,-7.5,-22.66,-0.38,-1.0,-0.97,0.21,9.241,8.221,9.957,8.849,9.12,8.83,5.2,12.65,-0.006,0.002,0.005,-0.07,-0.02,-80.3059413,26.923161,140.8
-53.9,6.4,0.0,21.62,-0.75,-8.79,-24.1,-2.69,1.67,-1.06,0.22,11.291,12.007,8.554,5.945,8.53,11.48,8.63,5.0,-0.006,0.003,0.006,0.07,0.03,-80.305948,26.9231686,140.85
-54.1,6.5,0.0,21.62,-1.33,-9.58,-25.06,-0.84,1.15,-1.14,0.23,7.917,11.664,9.055,7.485,10.59,7.85,6.08,8.44,-0.006,0.003,0.009,0.18,0.07,-80.3059544,26.9231764,140.9
-55.8,6.6,0.0,21.61,0.0,-7.97,-24.76,0.16,0.76,-1.21,0.24,8.652,8.643,5.513,9.064,9.71,12.16,11.58,5.3,-0.006,0.004,0.01,0.38,0.14,-80.3059608,26.9231843,140.95
-57.1,6.8,0.0,21.62,0.47,-6.47,-25.36,-2.32,-0.73,-1.37,0.21,9.192,10.271,9.712,8.221,15.89,9.61,9.91,11.38,-0.006,0.005,0.011,0.51,0.19,-80.305967,26.9231922,141.0
-57.6,6.9,0.0,21.61,0.73,-8.27,-24.9,-1.5,0.24,-1.42,0.21,14.98,8.711,7.554,6.818,14.13,9.91,17.17,8.14,-0.006,0.005,0.012,0.57,0.22,-80.305973,26.9232003,141.05
-57.3,7.0,0.0,21.59,-0.07,-9.52,-24.1,0.04,0.45,-1.45,0.2,12.822,6.906,10.193,6.602,11.58,17.07,10.99,7.95,-0.006,0.006,0.012,0.54,0.2,-80.3059788,26.9232085,141.1
-57.9,7.1,0.0,21.6,0.27,-9.62,-24.37,4.77,-1.98,-1.34,0.11,11.389,13.479,7.583,7.926,8.44,14.32,9.12,10.79,-0.006,0.005,0.012,0.52,0.2,-80.3059844,26.9232168,141.15
-59.5,7.2,0.0,21.61,0.51,-7.94,-23.67,-0.23,-1.24,-1.39,0.06,9.918,11.154,9.27,8.446,8.04,10.3,9.03,13.05,-0.006,0.006,0.013,0.56,0.21,-80.3059898,26.9232252,141.2
-64.9,7.2,0.0,21.63,0.56,-9.4,-23.68,2.32,-1.67,-1.34,0.01,8.486,9.123,9.182,7.76,7.06,9.61,17.27,10.3,-0.006,0.005,0.013,0.47,0.18,-80.305995,26.9232337,141.25
-69.7,7.3,0.0,21.63,-0.18,-10.2,-24.48,-1.92,0.32,-1.4,-0.03,9.849,9.996,9.682,6.465,10.89,8.14,18.54,3.14,-0.006,0.006,0.013,0.41,0.16,-80.306,26.9232424,141.3
-73.6,7.4,0.0,21.63,-0.24,-10.69,-25.97,-1.67,0.59,-1.46,-0.08,7.22,9.967,11.232,8.025,14.13,5.49,4.91,6.87,-0.005,0.006,0.013,0.46,0.17,-80.3060049,26.9232511,141.35
-75.0,7.4,0.0,21.64,-0.85,-11.07,-27.84,-2.26,0.23,-1.53,-0.1,8.329,4.67,9.055,7.887,11.09,12.46,18.25,12.75,-0.005,0.006,0.014,0.48,0.18,-80.3060095,26.9232599,141.4
-74.9,7.4,0.0,21.66,0.73,-7.96,-28.54,-2.35,0.39,-1.6,-0.11,8.388,8.829,7.681,6.592,14.72,9.12,16.68,13.34,-0.005,0.007,0.014,0.76,0.29,-80.3060137,26.9232688,141.45
-74.5,7.5,0.0,21.66,0.63,-9.34,-28.76,-2.67,0.81,-1.71,-0.09,10.193,10.075,10.34,8.24,7.06,8.04,18.54,21.68,-0.005,0.008,0.015,0.85,0.32,-80.3060179,26.9232777,141.5
-73.6,7.4,0.0,21.68,1.49,-8.22,-28.6,-1.98,2.21,-1.77,-0.02,12.419,5.709,8.996,6.337,7.55,10.1,12.16,9.81,-0.005,0.008,0.016,1.0,0.38,-80.3060219,26.9232868,141.55
-72.3,7.4,0.0,21.66,0.34,-11.1,-28.74,-2.25,1.08,-1.81,0.01,10.526,7.603,11.605,5.327,10.99,15.79,11.48,23.94,-0.005,0.008,0.017,1.08,0.41,-80.3060256,26.9232959,141.6
-70.6,7.5,0.0,21.67,0.55,-10.53,-28.09,-1.12,1.08,-1.85,0.03,10.86,11.036,9.839,5.376,9.32,13.93,7.16,9.71,-0.005,0.008,0.018,1.18,0.45,-80.306029,26.9233051,141.65
-69.1,7.8,0.0,21.67,0.9,-10.43,-28.15,0.65,0.9,-1.84,0.02,8.662,12.969,7.74,6.092,12.56,13.15,9.32,8.24,-0.005,0.008,0.018,1.22,0.46,-80.3060322,26.9233144,141.7
-68.3,8.1,0.0,21.69,0.65,-10.81,-27.32,-0.54,1.04,-1.88,0.02,13.528,4.032,9.035,7.21,14.42,10.69,12.75,16.87,-0.005,0.009,0.018,1.25,0.47,-80.3060352,26.9233238,141.75
-67.2,8.4,0.0,21.7,1.36,-9.63,-27.36,1.55,0.47,-1.85,0.03,11.252,4.493,10.193,9.359,16.68,12.36,8.04,14.72,-0.005,0.009,0.018,1.34,0.51,-80.306038,26.9233332,141.8
-66.6,8.5,0.0,21.72,0.7,-12.35,-26.53,2.74,-0.35,-1.85,0.01,12.086,7.259,8.152,7.289,9.42,11.97,16.48,12.95,-0.005,0.009,0.018,1.21,0.46,-80.3060404,26.9233426,141.85
-66.4,9.0,0.0,21.76,0.89,-11.68,-26.71,0.12,1.02,-1.87,0.0,9.555,11.252,7.985,5.876,5.0,8.83,5.0,10.69,-0.005,0.009,0.018,1.33,0.5,-80.3060426,26.9233523,141.9
-66.6,9.4,0.0,21.8,0.41,-11.44,-26.51,2.12,-0.17,-1.8,-0.06,5.209,11.448,9.604,7.671,7.36,10.79,0.49,7.46,-0.004,0.009,0.018,1.29,0.49,-80.3060446,26.9233619,141.95
-67.2,10.0,0.0,21.85,0.57,-12.96,-26.13,0.03,1.86,-1.82,-0.03,9.79,7.701,10.35,8.947,12.36,11.77,3.34,13.54,-0.004,0.009,0.018,1.22,0.47,-80.3060464,26.9233716,142.0
-67.1,10.6,0.0,21.92,1.69,-9.79,-26.8,1.85,0.26,-1.85,-0.04,11.949,4.552,11.772,10.428,16.38,10.1,10.01,13.83,-0.004,0.009,0.018,1.29,0.49,-80.3060478,26.9233813,142.05
-67.4,11.4,0.0,21.99,2.05,-11.46,-27.58,0.69,-0.32,-1.84,-0.1,11.556,5.278,9.359,7.936,9.91,8.73,8.53,13.34,-0.004,0.009,0.018,1.34,0.51,-80.3060491,26.9233911,142.1
-67.2,12.2,0.0,22.06,1.75,-10.73,-27.8,1.07,-0.71,-1.79,-0.22,8.515,13.263,10.232,10.281,9.61,11.97,12.75,22.76,-0.004,0.01,0.017,1.43,0.55,-80.3060501,26.923401,142.15
-67.2,12.8,0.0,22.15,1.79,-7.78,-27.35,-2.14,-0.39,-1.84,-0.29,6.995,10.202,9.565,7.848,4.51,11.67,13.73,7.95,-0.004,0.01,0.017,1.56,0.6,-80.3060509,26.9234109,142.2
-66.0,13.4,0.0,22.23,1.13,-10.08,-27.64,-0.05,1.66,-1.84,-0.28,13.685,7.652,6.112,3.1,10.4,10.89,13.34,-3.92,-0.004,0.01,0.017,1.56,0.61,-80.3060513,26.9234208,142.25
-65.5,13.7,0.0,22.35,2.34,-10.59,-29.88,1.26,-1.43,-1.79,-0.36,10.683,12.194,7.151,7.416,11.58,14.13,14.62,3.24,-0.004,0.01,0.016,1.73,0.68,-80.3060516,26.9234308,142.3
-65.0,13.8,0.0,22.46,1.95,-11.23,-30.14,-1.26,-0.24,-1.81,-0.45,8.417,8.319,12.351,9.879,12.46,8.04,14.42,20.6,-0.003,0.01,0.016,1.8,0.71,-80.3060516,26.9234409,142.35
-61.4,13.9,0.0,22.57,2.18,-9.01,-28.86,-1.33,1.39,-1.88,-0.5,13.253,5.847,7.416,5.641,13.93,10.3,8.24,12.85,-0.003,0.011,0.016,1.97,0.78,-80.3060513,26.923451,142.4
-55.4,13.9,0.0,22.66,2.81,-10.63,-28.7,-1.37,1.45,-1.96,-0.48,8.613,12.635,5.592,4.719,10.3,7.55,12.85,11.97,-0.004,0.011,0.017,2.04,0.81,-80.3060507,26.9234611,142.45
-48.2,13.8,0.0,22.76,2.41,-9.2,-29.11,3.1,-0.16,-1.92,-0.5,6.661,13.253,6.71,2.433,3.24,11.48,13.15,8.93,-0.004,0.01,0.017,2.28,0.91,-80.3060499,26.9234713,142.5
-46.5,13.9,0.0,22.88,3.31,-12.76,-27.25,0.16,-1.17,-1.85,-0.6,9.977,6.838,14.264,8.79,11.87,9.91,12.07,19.91,-0.003,0.011,0.016,2.28,0.91,-80.3060489,26.9234815,142.55
-44.6,14.1,0.0,22.97,2.71,-9.16,-22.38,-0.31,2.19,-1.88,-0.56,9.682,3.414,8.329,9.31,9.32,9.61,-1.28,10.89,-0.001,0.012,0.015,2.31,0.93,-80.3060476,26.9234917,142.6
-38.9,14.4,0.0,23.07,3.0,-7.5,-20.08,-0.8,5.42,-1.92,-0.31,11.949,5.592,7.524,8.466,15.99,16.87,14.03,5.1,-0.001,0.012,0.017,2.2,0.89,-80.3060459,26.923502,142.65
-35.4,14.4,0.0,23.18,2.95,-8.27,-22.69,2.43,1.74,-1.86,-0.17,9.859,12.655,6.69,3.08,13.83,11.09,21.68,-0.39,-0.002,0.01,0.018,2.22,0.9,-80.3060442,26.9235122,142.7
-31.9,14.9,0.0,23.33,3.92,-9.87,-24.04,1.8,-3.02,-1.75,-0.28,12.282,9.987,11.792,10.291,11.48,15.21,16.87,11.67,-0.004,0.009,0.016,2.25,0.92,-80.3060422,26.9235225,142.75
-31.1,15.5,0.0,23.44,2.41,-13.19,-21.97,-2.88,-4.37,-1.79,-0.5,8.446,9.967,7.151,6.014,7.46,4.32,10.79,15.5,-0.004,0.008,0.014,2.11,0.86,-80.3060399,26.9235328,142.8
-31.6,17.0,0.0,23.56,2.08,-6.36,-16.28,1.38,-2.65,-1.84,-0.71,6.955,8.407,10.291,4.238,14.13,13.54,20.21,7.06,-0.004,0.01,0.01,2.0,0.82,-80.3060372,26.9235432,142.85
-32.4,17.7,0.0,23.7,3.15,-10.3,-11.77,2.15,0.62,-1.72,-0.76,7.603,6.749,13.351,8.966,11.09,8.24,3.43,12.75,-0.004,0.009,0.009,1.5,0.62,-80.3060344,26.9235535,142.9
-32.8,18.3,0.0,23.83,2.14,-7.14,-11.45,4.65,0.29,-1.48,-0.77,9.673,6.543,8.898,7.76,9.52,6.77,6.38,19.72,-0.003,0.009,0.01,1.09,0.45,-80.3060314,26.9235639,142.95
-33.4,18.9,0.0,23.99,2.51,-7.66,-11.24,3.14,-0.14,-1.25,-0.8,8.711,13.253,3.434,4.885,10.2,12.85,9.61,0.39,-0.002,0.009,0.007,0.78,0.33,-80.3060281,26.9235742,143.0
-34.7,19.4,0.0,24.14,2.85,-6.41,-12.18,0.79,-0.28,-1.14,-0.85,6.318,10.791,7.622,6.887,10.5,7.85,21.78,5.3,-0.001,0.009,0.007,0.57,0.24,-80.3060246,26.9235846,143.05
-38.6,19.9,0.0,24.3,4.17,-7.13,-13.34,-1.22,0.24,-1.15,-0.83,7.652,6.347,9.761,7.897,10.89,11.38,15.99,15.7,-0.0,0.009,0.007,0.45,0.19,-80.306021,26.923595,143.1
-41.8,20.2,0.0,24.43,2.34,-5.97,-14.53,-6.97,1.91,-1.34,-0.79,7.23,11.056,11.311,8.152,6.47,9.71,15.01,9.32,0.0,0.009,0.008,0.45,0.19,-80.3060172,26.9236054,143.15
-44.4,20.3,0.0,24.55,2.42,-8.34,-16.32,-2.77,2.38,-1.47,-0.72,6.465,9.83,7.936,4.473,10.01,8.83,6.18,10.4,-0.0,0.009,0.008,0.43,0.18,-80.3060133,26.9236159,143.2
-45.1,20.3,0.0,24.69,2.86,-7.92,-17.93,-1.94,2.08,-1.6,-0.66,9.565,4.993,7.819,6.906,15.6,6.67,9.42,10.4,0.0,0.01,0.008,0.56,0.24,-80.3060091,26.9236263,143.25
-44.2,20.3,0.0,24.82,1.81,-5.24,-18.34,-4.88,3.06,-1.79,-0.57,7.171,11.429,8.025,4.12,3.83,9.32,10.69,2.06,0.001,0.01,0.009,0.75,0.32,-80.3060049,26.9236368,143.3
-41.9,20.1,0.0,24.96,4.02,-7.44,-18.93,-1.03,2.38,-1.89,-0.43,10.614,6.426,6.063,7.122,8.63,12.95,17.66,9.42,0.0,0.01,0.01,0.84,0.37,-80.3060003,26.9236472,143.35
-37.0,19.9,0.0,25.08,2.74,-7.38,-20.33,-4.59,1.87,-2.14,-0.34,8.289,12.312,9.192,4.444,11.48,14.22,13.54,9.81,-0.001,0.01,0.012,1.07,0.47,-80.3059956,26.9236577,143.4
-34.7,20.0,0.0,25.23,2.25,-7.26,-19.96,-1.7,0.78,-2.22,-0.34,8.25,1.874,7.044,5.278,12.75,5.1,7.36,11.28,-0.001,0.01,0.011,1.2,0.53,-80.3059907,26.9236681,143.45
-34.1,20.1,0.0,25.34,2.39,-9.48,-16.43,-2.21,1.89,-2.32,-0.33,7.75,12.881,5.435,7.024,7.16,14.32,7.95,8.73,-0.001,0.01,0.01,1.2,0.53,-80.3059857,26.9236785,143.5
